Time,Open,High,Low,Latest,Change,%Change,Volume
"2023-04-24 10:25",8.88,8.95,8.88,8.91,0,0.00%,0
"2023-04-24 10:26",8.95,8.95,8.92,8.92,0.01,+0.11%,0
"2023-04-24 10:27",8.93,8.93,8.91,8.93,0.01,+0.11%,0
"2023-04-24 10:28",8.91,8.94,8.91,8.93,0,0.00%,0
"2023-04-24 10:29",8.89,8.91,8.87,8.91,-0.02,-0.22%,0
"2023-04-24 10:30",8.87,8.87,8.81,8.81,-0.1,-1.12%,0
"2023-04-24 10:31",8.82,8.84,8.82,8.84,0.03,+0.34%,0
"2023-04-24 10:32",8.84,8.84,8.81,8.81,-0.03,-0.34%,0
"2023-04-24 10:33",8.79,8.87,8.79,8.87,0.06,+0.68%,0
"2023-04-24 10:34",8.85,8.88,8.85,8.88,0.01,+0.11%,0
"2023-04-24 10:35",8.95,8.96,8.95,8.96,0.08,+0.90%,0
"2023-04-24 10:36",8.96,9.03,8.96,9.03,0.07,+0.78%,0
"2023-04-24 10:37",9.02,9.05,8.98,9.05,0.02,+0.22%,0
"2023-04-24 10:38",9.15,9.2,9.12,9.12,0.07,+0.77%,0
"2023-04-24 10:39",9.16,9.31,9.16,9.2,0.08,+0.88%,0
"2023-04-24 10:40",9.07,9.1,9.01,9.1,-0.1,-1.09%,0
"2023-04-24 10:41",9.13,9.13,9.09,9.09,-0.01,-0.11%,0
"2023-04-24 10:42",9.11,9.29,9.11,9.29,0.2,+2.20%,0
"2023-04-24 10:43",9.38,9.64,9.28,9.28,-0.01,-0.11%,0
"2023-04-24 10:44",9.3,9.41,9.3,9.33,0.05,+0.54%,0
"2023-04-24 10:45",9.33,9.41,9.19,9.19,-0.14,-1.50%,0
"2023-04-24 10:46",9.07,9.25,9.07,9.24,0.05,+0.54%,0
"2023-04-24 10:47",9.24,9.26,9.2,9.2,-0.04,-0.43%,0
"2023-04-24 10:48",9.18,9.25,9.18,9.24,0.04,+0.43%,0
"2023-04-24 10:49",9.24,9.24,9.21,9.21,-0.03,-0.32%,0
"2023-04-24 10:50",9.2,9.2,9.04,9.04,-0.17,-1.85%,0
"2023-04-24 10:51",8.99,9.03,8.99,9.03,-0.01,-0.11%,0
"2023-04-24 10:52",9.06,9.12,9.06,9.12,0.09,+1.00%,0
"2023-04-24 10:53",9.13,9.16,9.13,9.16,0.04,+0.44%,0
"2023-04-24 10:54",9.13,9.13,9,9,-0.16,-1.75%,0
"2023-04-24 10:55",9.01,9.06,9.01,9.06,0.06,+0.67%,0
"2023-04-24 10:56",9.06,9.07,9.05,9.07,0.01,+0.11%,0
"2023-04-24 10:57",9.08,9.08,9.03,9.03,-0.04,-0.44%,0
"2023-04-24 10:58",9.05,9.06,9.05,9.06,0.03,+0.33%,0
"2023-04-24 10:59",9.06,9.12,9.06,9.12,0.06,+0.66%,0
"2023-04-24 11:00",9.1,9.1,9.01,9.01,-0.11,-1.21%,0
"2023-04-24 11:01",8.99,9.15,8.99,9.15,0.14,+1.55%,0
"2023-04-24 11:02",9.19,9.22,9.06,9.06,-0.09,-0.98%,0
"2023-04-24 11:03",9.08,9.17,9.08,9.16,0.1,+1.10%,0
"2023-04-24 11:04",9.12,9.17,9.12,9.15,-0.01,-0.11%,0
"2023-04-24 11:05",9.13,9.16,9.13,9.16,0.01,+0.11%,0
"2023-04-24 11:06",9.2,9.25,9.2,9.23,0.07,+0.76%,0
"2023-04-24 11:07",9.23,9.24,9.17,9.22,-0.01,-0.11%,0
"2023-04-24 11:08",9.22,9.25,9.22,9.24,0.02,+0.22%,0
"2023-04-24 11:09",9.25,9.27,9.24,9.27,0.03,+0.32%,0
"2023-04-24 11:10",9.29,9.29,9.26,9.26,-0.01,-0.11%,0
"2023-04-24 11:11",9.15,9.19,9.11,9.11,-0.15,-1.62%,0
"2023-04-24 11:12",9.14,9.19,9.12,9.18,0.07,+0.77%,0
"2023-04-24 11:13",9.17,9.23,9.17,9.23,0.05,+0.54%,0
"2023-04-24 11:14",9.25,9.25,9.25,9.25,0.02,+0.22%,0
"2023-04-24 11:15",9.27,9.32,9.26,9.32,0.07,+0.76%,0
"2023-04-24 11:16",9.3,9.41,9.3,9.4,0.08,+0.86%,0
"2023-04-24 11:17",9.41,9.48,9.41,9.45,0.05,+0.53%,0
"2023-04-24 11:18",9.36,9.36,9.26,9.26,-0.19,-2.01%,0
"2023-04-24 11:19",9.25,9.31,9.25,9.31,0.05,+0.54%,0
"2023-04-24 11:20",9.29,9.35,9.29,9.34,0.03,+0.32%,0
"2023-04-24 11:21",9.36,9.38,9.36,9.37,0.03,+0.32%,0
"2023-04-24 11:22",9.39,9.4,9.38,9.4,0.03,+0.32%,0
"2023-04-24 11:23",9.39,9.4,9.35,9.35,-0.05,-0.53%,0
"2023-04-24 11:24",9.36,9.36,9.29,9.29,-0.06,-0.64%,0
"2023-04-24 11:25",9.3,9.32,9.3,9.3,0.01,+0.11%,0
"2023-04-24 11:26",9.3,9.35,9.3,9.35,0.05,+0.54%,0
"2023-04-24 11:27",9.35,9.38,9.35,9.37,0.02,+0.21%,0
"2023-04-24 11:28",9.35,9.38,9.35,9.38,0.01,+0.11%,0
"2023-04-24 11:29",9.38,9.45,9.38,9.45,0.07,+0.75%,0
"2023-04-24 11:30",9.4,9.4,9.3,9.3,-0.15,-1.59%,0
"2023-04-24 11:31",9.3,9.35,9.3,9.3,0,0.00%,0
"2023-04-24 11:32",9.33,9.37,9.33,9.37,0.07,+0.75%,0
"2023-04-24 11:33",9.38,9.38,9.35,9.35,-0.02,-0.21%,0
"2023-04-24 11:34",9.36,9.39,9.36,9.36,0.01,+0.11%,0
"2023-04-24 11:35",9.35,9.38,9.35,9.38,0.02,+0.21%,0
"2023-04-24 11:36",9.36,9.41,9.36,9.41,0.03,+0.32%,0
"2023-04-24 11:37",9.4,9.46,9.4,9.46,0.05,+0.53%,0
"2023-04-24 11:38",9.48,9.54,9.48,9.51,0.05,+0.53%,0
"2023-04-24 11:39",9.5,9.57,9.5,9.57,0.06,+0.63%,0
"2023-04-24 11:40",9.58,9.59,9.58,9.59,0.02,+0.21%,0
"2023-04-24 11:41",9.6,9.6,9.56,9.58,-0.01,-0.10%,0
"2023-04-24 11:42",9.58,9.61,9.58,9.6,0.02,+0.21%,0
"2023-04-24 11:43",9.68,9.74,9.62,9.62,0.02,+0.21%,0
"2023-04-24 11:44",9.53,9.58,9.53,9.58,-0.04,-0.42%,0
"2023-04-24 11:45",9.6,9.65,9.6,9.64,0.06,+0.63%,0
"2023-04-24 11:46",9.63,9.63,9.49,9.49,-0.15,-1.56%,0
"2023-04-24 11:47",9.54,9.56,9.53,9.53,0.04,+0.42%,0
"2023-04-24 11:48",9.56,9.6,9.56,9.6,0.07,+0.73%,0
"2023-04-24 11:49",9.6,9.6,9.57,9.57,-0.03,-0.31%,0
"2023-04-24 11:50",9.55,9.59,9.55,9.56,-0.01,-0.10%,0
"2023-04-24 11:51",9.57,9.59,9.57,9.58,0.02,+0.21%,0
"2023-04-24 11:52",9.55,9.6,9.55,9.58,0,0.00%,0
"2023-04-24 11:53",9.59,9.64,9.59,9.62,0.04,+0.42%,0
"2023-04-24 11:54",9.63,9.66,9.62,9.62,0,0.00%,0
"2023-04-24 11:55",9.65,9.66,9.63,9.66,0.04,+0.42%,0
"2023-04-24 11:56",9.65,9.68,9.65,9.68,0.02,+0.21%,0
"2023-04-24 11:57",9.67,9.67,9.6,9.62,-0.06,-0.62%,0
"2023-04-24 11:58",9.62,9.62,9.6,9.61,-0.01,-0.10%,0
"2023-04-24 11:59",9.62,9.64,9.62,9.63,0.02,+0.21%,0
"2023-04-24 12:00",9.65,9.65,9.61,9.64,0.01,+0.10%,0
"2023-04-24 12:01",9.63,9.65,9.62,9.62,-0.02,-0.21%,0
"2023-04-24 12:02",9.62,9.62,9.52,9.52,-0.1,-1.04%,0
"2023-04-24 12:03",9.54,9.55,9.52,9.52,0,0.00%,0
"2023-04-24 12:04",9.53,9.55,9.52,9.52,0,0.00%,0
"2023-04-24 12:05",9.51,9.52,9.51,9.52,0,0.00%,0
"2023-04-24 12:06",9.52,9.54,9.52,9.54,0.02,+0.21%,0
"2023-04-24 12:07",9.5,9.52,9.5,9.52,-0.02,-0.21%,0
"2023-04-24 12:08",9.52,9.59,9.52,9.59,0.07,+0.74%,0
"2023-04-24 12:09",9.6,9.63,9.6,9.63,0.04,+0.42%,0
"2023-04-24 12:10",9.6,9.63,9.6,9.63,0,0.00%,0
"2023-04-24 12:11",9.62,9.62,9.55,9.55,-0.08,-0.83%,0
"2023-04-24 12:12",9.58,9.64,9.58,9.64,0.09,+0.94%,0
"2023-04-24 12:13",9.63,9.66,9.63,9.65,0.01,+0.10%,0
"2023-04-24 12:14",9.64,9.68,9.64,9.68,0.03,+0.31%,0
"2023-04-24 12:15",9.67,9.68,9.64,9.66,-0.02,-0.21%,0
"2023-04-24 12:16",9.65,9.76,9.65,9.76,0.1,+1.04%,0
"2023-04-24 12:17",9.77,9.77,9.65,9.66,-0.1,-1.02%,0
"2023-04-24 12:18",9.65,9.65,9.62,9.62,-0.04,-0.41%,0
"2023-04-24 12:19",9.62,9.64,9.62,9.64,0.02,+0.21%,0
"2023-04-24 12:20",9.61,9.64,9.59,9.59,-0.05,-0.52%,0
"2023-04-24 12:21",9.56,9.57,9.56,9.57,-0.02,-0.21%,0
"2023-04-24 12:22",9.56,9.58,9.56,9.58,0.01,+0.10%,0
"2023-04-24 12:23",9.57,9.57,9.56,9.56,-0.02,-0.21%,0
"2023-04-24 12:24",9.53,9.55,9.53,9.55,-0.01,-0.10%,0
"2023-04-24 12:25",9.5,9.52,9.49,9.49,-0.06,-0.63%,0
"2023-04-24 12:26",9.49,9.52,9.49,9.52,0.03,+0.32%,0
"2023-04-24 12:27",9.5,9.52,9.5,9.51,-0.01,-0.11%,0
"2023-04-24 12:28",9.5,9.51,9.5,9.5,-0.01,-0.11%,0
"2023-04-24 12:29",9.49,9.49,9.42,9.42,-0.08,-0.84%,0
"2023-04-24 12:30",9.4,9.42,9.39,9.4,-0.02,-0.21%,0
"2023-04-24 12:31",9.4,9.4,9.36,9.37,-0.03,-0.32%,0
"2023-04-24 12:32",9.33,9.36,9.33,9.35,-0.02,-0.21%,0
"2023-04-24 12:33",9.36,9.39,9.36,9.38,0.03,+0.32%,0
"2023-04-24 12:34",9.38,9.39,9.38,9.39,0.01,+0.11%,0
"2023-04-24 12:35",9.38,9.39,9.36,9.36,-0.03,-0.32%,0
"2023-04-24 12:36",9.35,9.35,9.31,9.31,-0.05,-0.53%,0
"2023-04-24 12:37",9.26,9.3,9.26,9.29,-0.02,-0.21%,0
"2023-04-24 12:38",9.24,9.27,9.24,9.27,-0.02,-0.22%,0
"2023-04-24 12:39",9.26,9.27,9.26,9.27,0,0.00%,0
"2023-04-24 12:40",9.26,9.3,9.26,9.26,-0.01,-0.11%,0
"2023-04-24 12:41",9.26,9.26,9.25,9.25,-0.01,-0.11%,0
"2023-04-24 12:42",9.25,9.28,9.25,9.27,0.02,+0.22%,0
"2023-04-24 12:43",9.26,9.28,9.26,9.27,0,0.00%,0
"2023-04-24 12:44",9.26,9.28,9.26,9.26,-0.01,-0.11%,0
"2023-04-24 12:45",9.27,9.3,9.27,9.3,0.04,+0.43%,0
"2023-04-24 12:46",9.3,9.32,9.3,9.32,0.02,+0.22%,0
"2023-04-24 12:47",9.3,9.34,9.3,9.33,0.01,+0.11%,0
"2023-04-24 12:48",9.31,9.35,9.31,9.34,0.01,+0.11%,0
"2023-04-24 12:49",9.32,9.33,9.28,9.28,-0.06,-0.64%,0
"2023-04-24 12:50",9.25,9.27,9.23,9.25,-0.03,-0.32%,0
"2023-04-24 12:51",9.23,9.26,9.23,9.26,0.01,+0.11%,0
"2023-04-24 12:52",9.27,9.32,9.27,9.32,0.06,+0.65%,0
"2023-04-24 12:53",9.32,9.37,9.32,9.37,0.05,+0.54%,0
"2023-04-24 12:54",9.37,9.41,9.37,9.41,0.04,+0.43%,0
"2023-04-24 12:55",9.36,9.38,9.36,9.38,-0.03,-0.32%,0
"2023-04-24 12:56",9.37,9.42,9.37,9.39,0.01,+0.11%,0
"2023-04-24 12:57",9.37,9.41,9.37,9.41,0.02,+0.21%,0
"2023-04-24 12:58",9.41,9.41,9.38,9.38,-0.03,-0.32%,0
"2023-04-24 12:59",9.37,9.38,9.36,9.38,0,0.00%,0
"2023-04-24 13:00",9.37,9.41,9.37,9.38,0,0.00%,0
"2023-04-24 13:01",9.39,9.43,9.39,9.41,0.03,+0.32%,0
"2023-04-24 13:02",9.42,9.49,9.42,9.49,0.08,+0.85%,0
"2023-04-24 13:03",9.5,9.53,9.48,9.48,-0.01,-0.11%,0
"2023-04-24 13:04",9.45,9.45,9.43,9.43,-0.05,-0.53%,0
"2023-04-24 13:05",9.43,9.49,9.43,9.49,0.06,+0.64%,0
"2023-04-24 13:06",9.49,9.52,9.49,9.5,0.01,+0.11%,0
"2023-04-24 13:07",9.5,9.54,9.5,9.54,0.04,+0.42%,0
"2023-04-24 13:08",9.51,9.53,9.51,9.51,-0.03,-0.31%,0
"2023-04-24 13:09",9.51,9.56,9.51,9.56,0.05,+0.53%,0
"2023-04-24 13:10",9.55,9.57,9.52,9.52,-0.04,-0.42%,0
"2023-04-24 13:11",9.55,9.58,9.55,9.56,0.04,+0.42%,0
"2023-04-24 13:12",9.53,9.56,9.52,9.52,-0.04,-0.42%,0
"2023-04-24 13:13",9.53,9.54,9.53,9.53,0.01,+0.11%,0
"2023-04-24 13:14",9.52,9.54,9.52,9.52,-0.01,-0.10%,0
"2023-04-24 13:15",9.5,9.53,9.5,9.53,0.01,+0.11%,0
"2023-04-24 13:16",9.52,9.54,9.52,9.54,0.01,+0.10%,0
"2023-04-24 13:17",9.56,9.6,9.56,9.59,0.05,+0.52%,0
"2023-04-24 13:18",9.58,9.61,9.58,9.61,0.02,+0.21%,0
"2023-04-24 13:19",9.58,9.6,9.58,9.6,-0.01,-0.10%,0
"2023-04-24 13:20",9.6,9.62,9.59,9.59,-0.01,-0.10%,0
"2023-04-24 13:21",9.59,9.59,9.54,9.54,-0.05,-0.52%,0
"2023-04-24 13:22",9.54,9.56,9.53,9.53,-0.01,-0.10%,0
"2023-04-24 13:23",9.53,9.57,9.52,9.57,0.04,+0.42%,0
"2023-04-24 13:24",9.56,9.58,9.55,9.55,-0.02,-0.21%,0
"2023-04-24 13:25",9.55,9.55,9.54,9.55,0,0.00%,0
"2023-04-24 13:26",9.54,9.55,9.54,9.55,0,0.00%,0
"2023-04-24 13:27",9.55,9.55,9.42,9.42,-0.13,-1.36%,0
"2023-04-24 13:28",9.45,9.49,9.45,9.49,0.07,+0.74%,0
"2023-04-24 13:29",9.5,9.5,9.47,9.47,-0.02,-0.21%,0
"2023-04-24 13:30",9.47,9.47,9.47,9.47,0,0.00%,0
"2023-04-24 13:31",9.47,9.49,9.47,9.47,0,0.00%,0
"2023-04-24 13:32",9.44,9.44,9.42,9.44,-0.03,-0.32%,0
"2023-04-24 13:33",9.41,9.41,9.35,9.35,-0.09,-0.95%,0
"2023-04-24 13:34",9.34,9.43,9.34,9.43,0.08,+0.86%,0
"2023-04-24 13:35",9.45,9.47,9.45,9.46,0.03,+0.32%,0
"2023-04-24 13:36",9.44,9.47,9.44,9.44,-0.02,-0.21%,0
"2023-04-24 13:37",9.45,9.47,9.39,9.39,-0.05,-0.53%,0
"2023-04-24 13:38",9.4,9.43,9.4,9.41,0.02,+0.21%,0
"2023-04-24 13:39",9.43,9.46,9.43,9.46,0.05,+0.53%,0
"2023-04-24 13:40",9.46,9.46,9.44,9.44,-0.02,-0.21%,0
"2023-04-24 13:41",9.44,9.44,9.42,9.42,-0.02,-0.21%,0
"2023-04-24 13:42",9.41,9.42,9.41,9.41,-0.01,-0.11%,0
"2023-04-24 13:43",9.42,9.42,9.41,9.42,0.01,+0.11%,0
"2023-04-24 13:44",9.44,9.44,9.43,9.44,0.02,+0.21%,0
"2023-04-24 13:45",9.42,9.42,9.38,9.38,-0.06,-0.64%,0
"2023-04-24 13:46",9.37,9.41,9.37,9.41,0.03,+0.32%,0
"2023-04-24 13:47",9.42,9.45,9.42,9.43,0.02,+0.21%,0
"2023-04-24 13:48",9.43,9.44,9.43,9.44,0.01,+0.11%,0
"2023-04-24 13:49",9.42,9.45,9.41,9.41,-0.03,-0.32%,0
"2023-04-24 13:50",9.4,9.4,9.37,9.39,-0.02,-0.21%,0
"2023-04-24 13:51",9.4,9.4,9.34,9.34,-0.05,-0.53%,0
"2023-04-24 13:52",9.37,9.37,9.36,9.37,0.03,+0.32%,0
"2023-04-24 13:53",9.37,9.4,9.36,9.4,0.03,+0.32%,0
"2023-04-24 13:54",9.39,9.39,9.34,9.34,-0.06,-0.64%,0
"2023-04-24 13:55",9.35,9.35,9.33,9.33,-0.01,-0.11%,0
"2023-04-24 13:56",9.33,9.34,9.33,9.34,0.01,+0.11%,0
"2023-04-24 13:57",9.32,9.33,9.32,9.32,-0.02,-0.21%,0
"2023-04-24 13:58",9.32,9.34,9.3,9.3,-0.02,-0.21%,0
"2023-04-24 13:59",9.29,9.29,9.29,9.29,-0.01,-0.11%,0
"2023-04-24 14:00",9.25,9.25,9.23,9.23,-0.06,-0.65%,0
"2023-04-24 14:01",9.21,9.23,9.21,9.23,0,0.00%,0
"2023-04-24 14:02",9.23,9.25,9.15,9.15,-0.08,-0.87%,0
"2023-04-24 14:03",9.23,9.24,9.2,9.24,0.09,+0.98%,0
"2023-04-24 14:04",9.23,9.26,9.23,9.26,0.02,+0.22%,0
"2023-04-24 14:05",9.25,9.25,9.24,9.24,-0.02,-0.22%,0
"2023-04-24 14:06",9.24,9.28,9.23,9.28,0.04,+0.43%,0
"2023-04-24 14:07",9.29,9.35,9.29,9.32,0.04,+0.43%,0
"2023-04-24 14:08",9.35,9.46,9.35,9.46,0.14,+1.50%,0
"2023-04-24 14:09",9.42,9.45,9.42,9.44,-0.02,-0.21%,0
"2023-04-24 14:10",9.44,9.48,9.4,9.4,-0.04,-0.42%,0
"2023-04-24 14:11",9.42,9.47,9.42,9.47,0.07,+0.74%,0
"2023-04-24 14:12",9.48,9.49,9.43,9.43,-0.04,-0.42%,0
"2023-04-24 14:13",9.45,9.46,9.45,9.46,0.03,+0.32%,0
"2023-04-24 14:14",9.46,9.49,9.46,9.49,0.03,+0.32%,0
"2023-04-24 14:15",9.5,9.51,9.47,9.51,0.02,+0.21%,0
"2023-04-24 14:16",9.52,9.56,9.52,9.56,0.05,+0.53%,0
"2023-04-24 14:17",9.54,9.54,9.46,9.46,-0.1,-1.05%,0
"2023-04-24 14:18",9.49,9.56,9.49,9.56,0.1,+1.06%,0
"2023-04-24 14:19",9.55,9.58,9.55,9.58,0.02,+0.21%,0
"2023-04-24 14:20",9.58,9.65,9.58,9.65,0.07,+0.73%,0
"2023-04-24 14:21",9.64,9.64,9.62,9.64,-0.01,-0.10%,0
"2023-04-24 14:22",9.63,9.64,9.63,9.64,0,0.00%,0
"2023-04-24 14:23",9.66,9.69,9.66,9.69,0.05,+0.52%,0
"2023-04-24 14:24",9.74,9.76,9.74,9.76,0.07,+0.72%,0
"2023-04-24 14:25",9.75,9.77,9.74,9.75,-0.01,-0.10%,0
"2023-04-24 14:26",9.75,9.76,9.74,9.76,0.01,+0.10%,0
"2023-04-24 14:27",9.74,9.74,9.69,9.69,-0.07,-0.72%,0
"2023-04-24 14:28",9.69,9.75,9.69,9.75,0.06,+0.62%,0
"2023-04-24 14:29",9.77,9.78,9.77,9.77,0.02,+0.21%,0
"2023-04-24 14:30",9.76,9.76,9.74,9.74,-0.03,-0.31%,0
"2023-04-24 14:31",9.72,9.76,9.72,9.76,0.02,+0.21%,0
"2023-04-24 14:32",9.77,9.86,9.77,9.86,0.1,+1.02%,0
"2023-04-24 14:33",9.83,9.84,9.77,9.77,-0.09,-0.91%,0
"2023-04-24 14:34",9.78,9.85,9.78,9.83,0.06,+0.61%,0
"2023-04-24 14:35",9.81,9.81,9.78,9.79,-0.04,-0.41%,0
"2023-04-24 14:36",9.78,9.79,9.77,9.77,-0.02,-0.20%,0
"2023-04-24 14:37",9.76,9.8,9.76,9.8,0.03,+0.31%,0
"2023-04-24 14:38",9.79,9.85,9.79,9.85,0.05,+0.51%,0
"2023-04-24 14:39",9.84,9.84,9.82,9.84,-0.01,-0.10%,0
"2023-04-24 14:40",9.84,9.85,9.84,9.84,0,0.00%,0
"2023-04-24 14:41",9.79,9.82,9.79,9.82,-0.02,-0.20%,0
"2023-04-24 14:42",9.82,9.84,9.82,9.83,0.01,+0.10%,0
"2023-04-24 14:43",9.84,9.85,9.81,9.81,-0.02,-0.20%,0
"2023-04-24 14:44",9.8,9.84,9.8,9.84,0.03,+0.31%,0
"2023-04-24 14:45",9.82,9.88,9.82,9.87,0.03,+0.30%,0
"2023-04-24 14:46",9.87,9.88,9.8,9.83,-0.04,-0.41%,0
"2023-04-24 14:47",9.83,9.84,9.83,9.84,0.01,+0.10%,0
"2023-04-24 14:48",9.79,9.82,9.72,9.72,-0.12,-1.22%,0
"2023-04-24 14:49",9.75,9.81,9.75,9.81,0.09,+0.93%,0
"2023-04-24 14:50",9.8,9.8,9.75,9.8,-0.01,-0.10%,0
"2023-04-24 14:51",9.8,9.8,9.8,9.8,0,0.00%,0
"2023-04-24 14:52",9.78,9.83,9.78,9.78,-0.02,-0.20%,0
"2023-04-24 14:53",9.79,9.84,9.79,9.83,0.05,+0.51%,0
"2023-04-24 14:54",9.84,9.85,9.83,9.84,0.01,+0.10%,0
"2023-04-24 14:55",9.83,9.83,9.81,9.81,-0.03,-0.30%,0
"2023-04-24 14:56",9.81,9.82,9.79,9.82,0.01,+0.10%,0
"2023-04-24 14:57",9.82,9.82,9.79,9.79,-0.03,-0.31%,0
"2023-04-24 14:58",9.8,9.8,9.79,9.79,0,0.00%,0
"2023-04-24 14:59",9.79,9.81,9.79,9.81,0.02,+0.20%,0
"2023-04-24 15:00",9.79,9.79,9.75,9.75,-0.06,-0.61%,0
"2023-04-24 15:01",9.75,9.75,9.69,9.69,-0.06,-0.62%,0
"2023-04-24 15:02",9.69,9.7,9.69,9.7,0.01,+0.10%,0
"2023-04-24 15:03",9.71,9.74,9.71,9.74,0.04,+0.41%,0
"2023-04-24 15:04",9.72,9.74,9.72,9.72,-0.02,-0.21%,0
"2023-04-24 15:05",9.71,9.71,9.7,9.71,-0.01,-0.10%,0
"2023-04-24 15:06",9.71,9.75,9.71,9.75,0.04,+0.41%,0
"2023-04-24 15:07",9.73,9.74,9.7,9.74,-0.01,-0.10%,0
"2023-04-24 15:08",9.75,9.78,9.74,9.74,0,0.00%,0
"2023-04-24 15:09",9.73,9.73,9.68,9.68,-0.06,-0.62%,0
"2023-04-24 15:10",9.71,9.71,9.63,9.63,-0.05,-0.52%,0
"2023-04-24 15:11",9.66,9.66,9.58,9.58,-0.05,-0.52%,0
"2023-04-24 15:12",9.6,9.71,9.6,9.71,0.13,+1.36%,0
"2023-04-24 15:13",9.71,9.74,9.71,9.73,0.02,+0.21%,0
"2023-04-24 15:14",9.75,9.75,9.72,9.72,-0.01,-0.10%,0
"2023-04-24 15:15",9.69,9.71,9.69,9.71,-0.01,-0.10%,0
"2023-04-24 15:16",9.7,9.72,9.7,9.71,0,0.00%,0
"2023-04-24 15:17",9.67,9.7,9.67,9.7,-0.01,-0.10%,0
"2023-04-24 15:18",9.71,9.72,9.71,9.72,0.02,+0.21%,0
"2023-04-24 15:19",9.67,9.68,9.65,9.66,-0.06,-0.62%,0
"2023-04-24 15:20",9.66,9.72,9.65,9.7,0.04,+0.41%,0
"2023-04-24 15:21",9.69,9.69,9.66,9.68,-0.02,-0.21%,0
"2023-04-24 15:22",9.69,9.69,9.68,9.68,0,0.00%,0
"2023-04-24 15:23",9.7,9.72,9.69,9.72,0.04,+0.41%,0
"2023-04-24 15:24",9.74,9.74,9.72,9.74,0.02,+0.21%,0
"2023-04-24 15:25",9.74,9.74,9.7,9.72,-0.02,-0.21%,0
"2023-04-24 15:26",9.73,9.74,9.73,9.74,0.02,+0.21%,0
"2023-04-24 15:27",9.74,9.74,9.71,9.71,-0.03,-0.31%,0
"2023-04-24 15:28",9.68,9.73,9.66,9.73,0.02,+0.21%,0
"2023-04-24 15:29",9.7,9.73,9.7,9.73,0,0.00%,0
"2023-04-24 15:30",9.71,9.71,9.67,9.67,-0.06,-0.62%,0
"2023-04-24 15:31",9.65,9.69,9.65,9.69,0.02,+0.21%,0
"2023-04-24 15:32",9.67,9.67,9.64,9.64,-0.05,-0.52%,0
"2023-04-24 15:33",9.63,9.63,9.59,9.59,-0.05,-0.52%,0
"2023-04-24 15:34",9.58,9.61,9.58,9.61,0.02,+0.21%,0
"2023-04-24 15:35",9.61,9.61,9.56,9.56,-0.05,-0.52%,0
"2023-04-24 15:36",9.57,9.63,9.57,9.63,0.07,+0.73%,0
"2023-04-24 15:37",9.64,9.73,9.64,9.73,0.1,+1.04%,0
"2023-04-24 15:38",9.73,9.75,9.73,9.73,0,0.00%,0
"2023-04-24 15:39",9.73,9.73,9.7,9.7,-0.03,-0.31%,0
"2023-04-24 15:40",9.69,9.72,9.68,9.72,0.02,+0.21%,0
"2023-04-24 15:41",9.7,9.7,9.66,9.66,-0.06,-0.62%,0
"2023-04-24 15:42",9.71,9.81,9.71,9.81,0.15,+1.55%,0
"2023-04-24 15:43",9.82,9.86,9.82,9.86,0.05,+0.51%,0
"2023-04-24 15:44",9.87,9.9,9.87,9.9,0.04,+0.41%,0
"2023-04-24 15:45",9.89,9.89,9.78,9.78,-0.12,-1.21%,0
"2023-04-24 15:46",9.72,9.73,9.72,9.73,-0.05,-0.51%,0
"2023-04-24 15:47",9.71,9.74,9.68,9.74,0.01,+0.10%,0
"2023-04-24 15:48",9.74,9.74,9.7,9.7,-0.04,-0.41%,0
"2023-04-24 15:49",9.7,9.72,9.7,9.71,0.01,+0.10%,0
"2023-04-24 15:50",9.67,9.78,9.67,9.76,0.05,+0.51%,0
"2023-04-24 15:51",9.74,9.81,9.74,9.77,0.01,+0.10%,0
"2023-04-24 15:52",9.76,9.77,9.76,9.77,0,0.00%,0
"2023-04-24 15:53",9.78,9.79,9.76,9.79,0.02,+0.20%,0
"2023-04-24 15:54",9.81,9.87,9.81,9.84,0.05,+0.51%,0
"2023-04-24 15:55",9.82,9.93,9.82,9.93,0.09,+0.91%,0
"2023-04-24 15:56",9.89,9.9,9.83,9.87,-0.06,-0.60%,0
"2023-04-24 15:57",9.88,10.06,9.88,10.06,0.19,+1.93%,0
"2023-04-24 15:58",10.07,10.09,10.05,10.05,-0.01,-0.10%,0
"2023-04-24 15:59",10.04,10.05,9.97,9.97,-0.08,-0.80%,0
"2023-04-24 16:00",9.9,9.9,9.85,9.85,-0.12,-1.20%,0
"2023-04-24 16:01",9.84,9.84,9.81,9.83,-0.02,-0.20%,0
"2023-04-24 16:02",9.84,9.95,9.84,9.93,0.1,+1.02%,0
"2023-04-24 16:03",9.95,9.98,9.95,9.96,0.03,+0.30%,0
"2023-04-24 16:04",9.96,9.96,9.94,9.95,-0.01,-0.10%,0
"2023-04-24 16:05",9.97,9.97,9.93,9.93,-0.02,-0.20%,0
"2023-04-24 16:06",9.93,9.94,9.93,9.94,0.01,+0.10%,0
"2023-04-24 16:07",9.93,9.94,9.91,9.91,-0.03,-0.30%,0
"2023-04-24 16:08",9.89,9.91,9.89,9.9,-0.01,-0.10%,0
"2023-04-24 16:09",9.92,9.96,9.92,9.96,0.06,+0.61%,0
"2023-04-24 16:10",9.96,9.99,9.96,9.99,0.03,+0.30%,0
"2023-04-24 16:11",10.02,10.03,9.99,9.99,0,0.00%,0
"2023-04-24 16:12",9.99,10,9.99,9.99,0,0.00%,0
"2023-04-24 16:13",9.99,9.99,9.96,9.97,-0.02,-0.20%,0
"2023-04-24 16:14",9.97,9.98,9.95,9.95,-0.02,-0.20%,0
"2023-04-24 16:15",9.96,9.96,9.96,9.96,0.01,+0.10%,0
"2023-04-25 09:31",8.47,8.59,8.47,8.59,-1.37,-13.76%,0
"2023-04-25 09:32",8.65,8.65,8.51,8.51,-0.08,-0.93%,0
"2023-04-25 09:33",8.5,8.5,8.48,8.49,-0.02,-0.24%,0
"2023-04-25 09:34",8.49,8.53,8.48,8.53,0.04,+0.47%,0
"2023-04-25 09:35",8.51,8.55,8.51,8.55,0.02,+0.23%,0
"2023-04-25 09:36",8.54,8.57,8.54,8.55,0,0.00%,0
"2023-04-25 09:37",8.53,8.59,8.53,8.59,0.04,+0.47%,0
"2023-04-25 09:38",8.58,8.58,8.55,8.55,-0.04,-0.47%,0
"2023-04-25 09:39",8.57,8.58,8.55,8.55,0,0.00%,0
"2023-04-25 09:40",8.54,8.54,8.39,8.39,-0.16,-1.87%,0
"2023-04-25 09:41",8.33,8.37,8.33,8.36,-0.03,-0.36%,0
"2023-04-25 09:42",8.35,8.43,8.35,8.43,0.07,+0.84%,0
"2023-04-25 09:43",8.39,8.4,8.36,8.36,-0.07,-0.83%,0
"2023-04-25 09:44",8.37,8.39,8.34,8.34,-0.02,-0.24%,0
"2023-04-25 09:45",8.35,8.46,8.35,8.46,0.12,+1.44%,0
"2023-04-25 09:46",8.48,8.96,8.48,8.96,0.5,+5.91%,0
"2023-04-25 09:47",9.09,9.17,9.09,9.17,0.21,+2.34%,0
"2023-04-25 09:48",9.26,9.31,8.98,8.98,-0.19,-2.07%,0
"2023-04-25 09:49",8.96,9.05,8.96,9.05,0.07,+0.78%,0
"2023-04-25 09:50",9.09,9.25,9.09,9.25,0.2,+2.21%,0
"2023-04-25 09:51",9.22,9.28,9.22,9.28,0.03,+0.32%,0
"2023-04-25 09:52",9.31,9.31,9.24,9.27,-0.01,-0.11%,0
"2023-04-25 09:53",9.13,9.21,9.13,9.21,-0.06,-0.65%,0
"2023-04-25 09:54",9.23,9.33,9.23,9.33,0.12,+1.30%,0
"2023-04-25 09:55",9.35,9.4,9.35,9.38,0.05,+0.54%,0
"2023-04-25 09:56",9.35,9.4,9.35,9.4,0.02,+0.21%,0
"2023-04-25 09:57",9.39,9.43,9.39,9.42,0.02,+0.21%,0
"2023-04-25 09:58",9.44,9.44,9.4,9.4,-0.02,-0.21%,0
"2023-04-25 09:59",9.41,9.41,9.38,9.39,-0.01,-0.11%,0
"2023-04-25 10:00",9.4,9.4,8.82,8.82,-0.57,-6.07%,0
"2023-04-25 10:01",8.68,9.02,8.68,9.02,0.2,+2.27%,0
"2023-04-25 10:02",9.08,9.19,9.08,9.13,0.11,+1.22%,0
"2023-04-25 10:03",9.17,9.21,9.17,9.17,0.04,+0.44%,0
"2023-04-25 10:04",9.19,9.26,9.19,9.24,0.07,+0.76%,0
"2023-04-25 10:05",9.25,9.25,9.13,9.13,-0.11,-1.19%,0
"2023-04-25 10:06",9.11,9.13,9.1,9.13,0,0.00%,0
"2023-04-25 10:07",9.13,9.28,9.13,9.28,0.15,+1.64%,0
"2023-04-25 10:08",9.24,9.32,9.24,9.3,0.02,+0.22%,0
"2023-04-25 10:09",9.35,9.43,9.35,9.42,0.12,+1.29%,0
"2023-04-25 10:10",9.38,9.61,9.38,9.59,0.17,+1.80%,0
"2023-04-25 10:11",9.74,10.34,9.74,10.34,0.75,+7.82%,0
"2023-04-25 10:12",10.34,10.5,10.13,10.13,-0.21,-2.03%,0
"2023-04-25 10:13",10.06,10.09,10.02,10.02,-0.11,-1.09%,0
"2023-04-25 10:14",10.02,10.02,9.87,9.87,-0.15,-1.50%,0
"2023-04-25 10:15",9.87,9.92,9.86,9.86,-0.01,-0.10%,0
"2023-04-25 10:16",9.8,9.81,9.78,9.78,-0.08,-0.81%,0
"2023-04-25 10:17",9.75,9.82,9.73,9.73,-0.05,-0.51%,0
"2023-04-25 10:18",9.67,9.74,9.67,9.74,0.01,+0.10%,0
"2023-04-25 10:19",9.77,9.81,9.77,9.81,0.07,+0.72%,0
"2023-04-25 10:20",9.8,9.89,9.8,9.89,0.08,+0.82%,0
"2023-04-25 10:21",9.86,9.9,9.86,9.89,0,0.00%,0
"2023-04-25 10:22",9.88,10.05,9.88,9.93,0.04,+0.40%,0
"2023-04-25 10:23",9.93,9.94,9.91,9.91,-0.02,-0.20%,0
"2023-04-25 10:24",9.96,10.09,9.96,10.09,0.18,+1.82%,0
"2023-04-25 10:25",10.09,10.09,10.06,10.06,-0.03,-0.30%,0
"2023-04-25 10:26",10.06,10.13,10.01,10.13,0.07,+0.70%,0
"2023-04-25 10:27",10.11,10.18,10.11,10.18,0.05,+0.49%,0
"2023-04-25 10:28",10.3,10.37,10.3,10.37,0.19,+1.87%,0
"2023-04-25 10:29",10.41,10.42,10.26,10.26,-0.11,-1.06%,0
"2023-04-25 10:30",10.25,10.28,10.23,10.23,-0.03,-0.29%,0
"2023-04-25 10:31",10.25,10.29,10.25,10.26,0.03,+0.29%,0
"2023-04-25 10:32",10.28,10.3,10.27,10.3,0.04,+0.39%,0
"2023-04-25 10:33",10.35,10.42,10.35,10.42,0.12,+1.17%,0
"2023-04-25 10:34",10.52,10.52,10.48,10.49,0.07,+0.67%,0
"2023-04-25 10:35",10.51,10.58,10.51,10.55,0.06,+0.57%,0
"2023-04-25 10:36",10.49,10.49,10.32,10.32,-0.23,-2.18%,0
"2023-04-25 10:37",10.33,10.34,10.3,10.32,0,0.00%,0
"2023-04-25 10:38",10.33,10.33,10.3,10.31,-0.01,-0.10%,0
"2023-04-25 10:39",10.26,10.28,10.22,10.22,-0.09,-0.87%,0
"2023-04-25 10:40",10.25,10.26,10.24,10.24,0.02,+0.20%,0
"2023-04-25 10:41",10.09,10.1,10.09,10.1,-0.14,-1.37%,0
"2023-04-25 10:42",10.07,10.12,10.07,10.08,-0.02,-0.20%,0
"2023-04-25 10:43",10.08,10.09,10.04,10.09,0.01,+0.10%,0
"2023-04-25 10:44",10.09,10.13,10.09,10.13,0.04,+0.40%,0
"2023-04-25 10:45",10.14,10.2,10.14,10.2,0.07,+0.69%,0
"2023-04-25 10:46",10.15,10.16,10.13,10.13,-0.07,-0.69%,0
"2023-04-25 10:47",10.09,10.09,9.99,9.99,-0.14,-1.38%,0
"2023-04-25 10:48",9.95,9.95,9.92,9.95,-0.04,-0.40%,0
"2023-04-25 10:49",9.97,9.97,9.94,9.94,-0.01,-0.10%,0
"2023-04-25 10:50",9.88,9.91,9.86,9.86,-0.08,-0.80%,0
"2023-04-25 10:51",9.86,9.88,9.84,9.84,-0.02,-0.20%,0
"2023-04-25 10:52",9.83,9.83,9.82,9.83,-0.01,-0.10%,0
"2023-04-25 10:53",9.83,9.9,9.83,9.9,0.07,+0.71%,0
"2023-04-25 10:54",9.91,9.96,9.91,9.96,0.06,+0.61%,0
"2023-04-25 10:55",9.97,9.98,9.92,9.92,-0.04,-0.40%,0
"2023-04-25 10:56",9.94,9.97,9.94,9.97,0.05,+0.50%,0
"2023-04-25 10:57",9.93,9.93,9.91,9.92,-0.05,-0.50%,0
"2023-04-25 10:58",9.92,9.92,9.89,9.89,-0.03,-0.30%,0
"2023-04-25 10:59",9.89,9.93,9.89,9.91,0.02,+0.20%,0
"2023-04-25 11:00",9.91,9.91,9.9,9.91,0,0.00%,0
"2023-04-25 11:01",9.91,9.93,9.82,9.93,0.02,+0.20%,0
"2023-04-25 11:02",9.98,10.02,9.98,10.01,0.08,+0.81%,0
"2023-04-25 11:03",10.04,10.1,10.04,10.1,0.09,+0.90%,0
"2023-04-25 11:04",10.1,10.1,10.07,10.08,-0.02,-0.20%,0
"2023-04-25 11:05",10.03,10.07,10.03,10.07,-0.01,-0.10%,0
"2023-04-25 11:06",10.04,10.1,10.04,10.1,0.03,+0.30%,0
"2023-04-25 11:07",10.12,10.12,10.1,10.1,0,0.00%,0
"2023-04-25 11:08",10.02,10.02,9.92,9.92,-0.18,-1.78%,0
"2023-04-25 11:09",9.91,9.98,9.91,9.97,0.05,+0.50%,0
"2023-04-25 11:10",9.92,9.94,9.83,9.83,-0.14,-1.40%,0
"2023-04-25 11:11",9.82,9.82,9.79,9.81,-0.02,-0.20%,0
"2023-04-25 11:12",9.82,9.84,9.8,9.81,0,0.00%,0
"2023-04-25 11:13",9.79,9.82,9.79,9.81,0,0.00%,0
"2023-04-25 11:14",9.77,9.81,9.77,9.81,0,0.00%,0
"2023-04-25 11:15",9.78,9.82,9.78,9.82,0.01,+0.10%,0
"2023-04-25 11:16",9.79,9.79,9.77,9.77,-0.05,-0.51%,0
"2023-04-25 11:17",9.74,9.78,9.74,9.78,0.01,+0.10%,0
"2023-04-25 11:18",9.78,9.78,9.73,9.74,-0.04,-0.41%,0
"2023-04-25 11:19",9.72,9.72,9.62,9.62,-0.12,-1.23%,0
"2023-04-25 11:20",9.62,9.62,9.53,9.53,-0.09,-0.94%,0
"2023-04-25 11:21",9.55,9.78,9.55,9.78,0.25,+2.62%,0
"2023-04-25 11:22",10.04,10.15,10.04,10.09,0.31,+3.17%,0
"2023-04-25 11:23",10.17,10.22,10.13,10.13,0.04,+0.40%,0
"2023-04-25 11:24",10.14,10.18,10.14,10.18,0.05,+0.49%,0
"2023-04-25 11:25",10.18,10.23,10.15,10.15,-0.03,-0.29%,0
"2023-04-25 11:26",10.16,10.16,10.08,10.09,-0.06,-0.59%,0
"2023-04-25 11:27",10.09,10.15,10.09,10.15,0.06,+0.59%,0
"2023-04-25 11:28",10.13,10.2,10.13,10.2,0.05,+0.49%,0
"2023-04-25 11:29",10.18,10.27,10.18,10.18,-0.02,-0.20%,0
"2023-04-25 11:30",10.19,10.37,10.19,10.36,0.18,+1.77%,0
"2023-04-25 11:31",10.34,10.41,10.34,10.41,0.05,+0.48%,0
"2023-04-25 11:32",10.43,10.49,10.43,10.47,0.06,+0.58%,0
"2023-04-25 11:33",10.51,10.54,10.47,10.47,0,0.00%,0
"2023-04-25 11:34",10.47,10.47,10.38,10.41,-0.06,-0.57%,0
"2023-04-25 11:35",10.44,10.52,10.44,10.45,0.04,+0.38%,0
"2023-04-25 11:36",10.47,10.5,10.47,10.48,0.03,+0.29%,0
"2023-04-25 11:37",10.52,10.6,10.52,10.56,0.08,+0.76%,0
"2023-04-25 11:38",10.55,10.64,10.55,10.63,0.07,+0.66%,0
"2023-04-25 11:39",10.63,10.65,10.62,10.62,-0.01,-0.09%,0
"2023-04-25 11:40",10.62,10.71,10.62,10.71,0.09,+0.85%,0
"2023-04-25 11:41",10.74,10.74,10.72,10.72,0.01,+0.09%,0
"2023-04-25 11:42",10.73,10.75,10.71,10.71,-0.01,-0.09%,0
"2023-04-25 11:43",10.76,10.84,10.76,10.8,0.09,+0.84%,0
"2023-04-25 11:44",10.59,10.61,10.56,10.61,-0.19,-1.76%,0
"2023-04-25 11:45",10.61,10.61,10.44,10.44,-0.17,-1.60%,0
"2023-04-25 11:46",10.45,10.46,10.45,10.45,0.01,+0.10%,0
"2023-04-25 11:47",10.43,10.44,10.42,10.42,-0.03,-0.29%,0
"2023-04-25 11:48",10.42,10.42,10.41,10.41,-0.01,-0.10%,0
"2023-04-25 11:49",10.39,10.4,10.38,10.4,-0.01,-0.10%,0
"2023-04-25 11:50",10.39,10.49,10.39,10.49,0.09,+0.87%,0
"2023-04-25 11:51",10.52,10.72,10.52,10.72,0.23,+2.19%,0
"2023-04-25 11:52",10.79,10.86,10.78,10.78,0.06,+0.56%,0
"2023-04-25 11:53",10.78,10.8,10.77,10.77,-0.01,-0.09%,0
"2023-04-25 11:54",10.79,10.86,10.79,10.86,0.09,+0.84%,0
"2023-04-25 11:55",10.83,10.83,10.79,10.79,-0.07,-0.64%,0
"2023-04-25 11:56",10.79,10.86,10.79,10.84,0.05,+0.46%,0
"2023-04-25 11:57",10.84,10.88,10.84,10.85,0.01,+0.09%,0
"2023-04-25 11:58",10.87,10.88,10.83,10.83,-0.02,-0.18%,0
"2023-04-25 11:59",10.85,10.89,10.85,10.89,0.06,+0.55%,0
"2023-04-25 12:00",10.88,10.94,10.88,10.94,0.05,+0.46%,0
"2023-04-25 12:01",10.94,10.98,10.93,10.95,0.01,+0.09%,0
"2023-04-25 12:02",10.88,10.88,10.78,10.87,-0.08,-0.73%,0
"2023-04-25 12:03",10.91,11.07,10.91,11.07,0.2,+1.84%,0
"2023-04-25 12:04",11,11.03,11,11.03,-0.04,-0.36%,0
"2023-04-25 12:05",11.03,11.03,11,11,-0.03,-0.27%,0
"2023-04-25 12:06",11,11.06,11,11.03,0.03,+0.27%,0
"2023-04-25 12:07",11.06,11.09,11.06,11.08,0.05,+0.45%,0
"2023-04-25 12:08",11.08,11.15,11.08,11.15,0.07,+0.63%,0
"2023-04-25 12:09",11.14,11.16,11.12,11.12,-0.03,-0.27%,0
"2023-04-25 12:10",11.12,11.16,11.12,11.16,0.04,+0.36%,0
"2023-04-25 12:11",11.19,11.19,11.15,11.16,0,0.00%,0
"2023-04-25 12:12",11.17,11.22,11.17,11.22,0.06,+0.54%,0
"2023-04-25 12:13",11.23,11.26,11.2,11.2,-0.02,-0.18%,0
"2023-04-25 12:14",11.19,11.23,11.19,11.22,0.02,+0.18%,0
"2023-04-25 12:15",11.22,11.27,11.22,11.27,0.05,+0.45%,0
"2023-04-25 12:16",11.25,11.26,11.19,11.19,-0.08,-0.71%,0
"2023-04-25 12:17",11.17,11.23,11.17,11.23,0.04,+0.36%,0
"2023-04-25 12:18",11.24,11.25,11.24,11.24,0.01,+0.09%,0
"2023-04-25 12:19",11.22,11.26,11.22,11.26,0.02,+0.18%,0
"2023-04-25 12:20",11.27,11.27,11.19,11.19,-0.07,-0.62%,0
"2023-04-25 12:21",11.16,11.16,11.06,11.06,-0.13,-1.16%,0
"2023-04-25 12:22",11.05,11.06,11.03,11.03,-0.03,-0.27%,0
"2023-04-25 12:23",11.05,11.11,11.05,11.11,0.08,+0.73%,0
"2023-04-25 12:24",11.11,11.11,11.09,11.1,-0.01,-0.09%,0
"2023-04-25 12:25",11.16,11.18,11.14,11.18,0.08,+0.72%,0
"2023-04-25 12:26",11.23,11.32,11.23,11.32,0.14,+1.25%,0
"2023-04-25 12:27",11.32,11.35,11.32,11.33,0.01,+0.09%,0
"2023-04-25 12:28",11.31,11.35,11.31,11.35,0.02,+0.18%,0
"2023-04-25 12:29",11.34,11.37,11.34,11.37,0.02,+0.18%,0
"2023-04-25 12:30",11.36,11.41,11.36,11.4,0.03,+0.26%,0
"2023-04-25 12:31",11.41,11.46,11.41,11.46,0.06,+0.53%,0
"2023-04-25 12:32",11.45,11.51,11.45,11.51,0.05,+0.44%,0
"2023-04-25 12:33",11.51,11.66,11.51,11.66,0.15,+1.30%,0
"2023-04-25 12:34",11.66,11.73,11.66,11.72,0.06,+0.51%,0
"2023-04-25 12:35",11.67,11.67,11.65,11.66,-0.06,-0.51%,0
"2023-04-25 12:37",11.64,11.66,11.64,11.66,0,0.00%,0
"2023-04-25 12:38",11.65,11.7,11.65,11.7,0.04,+0.34%,0
"2023-04-25 12:39",11.71,11.75,11.71,11.75,0.05,+0.43%,0
"2023-04-25 12:40",11.74,11.74,11.66,11.66,-0.09,-0.77%,0
"2023-04-25 12:41",11.66,11.7,11.6,11.6,-0.06,-0.51%,0
"2023-04-25 12:42",11.6,11.61,11.6,11.6,0,0.00%,0
"2023-04-25 12:43",11.6,11.62,11.59,11.59,-0.01,-0.09%,0
"2023-04-25 12:44",11.58,11.62,11.58,11.61,0.02,+0.17%,0
"2023-04-25 12:45",11.6,11.63,11.6,11.61,0,0.00%,0
"2023-04-25 12:46",11.63,11.68,11.63,11.68,0.07,+0.60%,0
"2023-04-25 12:47",11.69,11.77,11.69,11.77,0.09,+0.77%,0
"2023-04-25 12:48",11.79,11.83,11.79,11.83,0.06,+0.51%,0
"2023-04-25 12:49",11.8,11.89,11.8,11.87,0.04,+0.34%,0
"2023-04-25 12:50",11.89,11.91,11.89,11.9,0.03,+0.25%,0
"2023-04-25 12:51",11.91,11.96,11.91,11.96,0.06,+0.50%,0
"2023-04-25 12:52",11.9,11.99,11.9,11.99,0.03,+0.25%,0
"2023-04-25 12:53",11.95,12.05,11.95,12.05,0.06,+0.50%,0
"2023-04-25 12:54",12.04,12.12,12.04,12.12,0.07,+0.58%,0
"2023-04-25 12:55",12.1,12.18,12.1,12.18,0.06,+0.50%,0
"2023-04-25 12:56",12.16,12.16,12.04,12.04,-0.14,-1.15%,0
"2023-04-25 12:57",12.08,12.08,12.01,12.02,-0.02,-0.17%,0
"2023-04-25 12:58",12.02,12.03,12.02,12.03,0.01,+0.08%,0
"2023-04-25 12:59",12.04,12.06,12.04,12.06,0.03,+0.25%,0
"2023-04-25 13:00",12.05,12.07,12.05,12.07,0.01,+0.08%,0
"2023-04-25 13:01",12.06,12.07,12.06,12.06,-0.01,-0.08%,0
"2023-04-25 13:02",12.05,12.05,11.96,11.96,-0.1,-0.83%,0
"2023-04-25 13:03",11.93,11.95,11.91,11.92,-0.04,-0.33%,0
"2023-04-25 13:04",11.92,11.97,11.92,11.97,0.05,+0.42%,0
"2023-04-25 13:05",11.97,12,11.97,11.99,0.02,+0.17%,0
"2023-04-25 13:06",11.97,12.02,11.97,12.02,0.03,+0.25%,0
"2023-04-25 13:07",12.03,12.09,12.03,12.09,0.07,+0.58%,0
"2023-04-25 13:08",12.1,12.18,12.1,12.18,0.09,+0.74%,0
"2023-04-25 13:09",12.23,12.28,12.23,12.28,0.1,+0.82%,0
"2023-04-25 13:10",12.29,12.31,12.28,12.28,0,0.00%,0
"2023-04-25 13:11",12.24,12.24,12.19,12.19,-0.09,-0.73%,0
"2023-04-25 13:12",12.22,12.4,12.22,12.4,0.21,+1.72%,0
"2023-04-25 13:13",12.42,12.49,12.42,12.49,0.09,+0.73%,0
"2023-04-25 13:14",12.5,12.96,12.5,12.96,0.47,+3.76%,0
"2023-04-25 13:15",13.44,14.45,13.44,14.45,1.49,+11.50%,0
"2023-04-25 13:16",14.88,15.17,14.88,15.12,0.67,+4.64%,0
"2023-04-25 13:17",15.34,15.72,15.34,15.72,0.6,+3.97%,0
"2023-04-25 13:18",15.56,15.58,14.64,14.64,-1.08,-6.87%,0
"2023-04-25 13:19",14.3,14.3,14,14,-0.64,-4.37%,0
"2023-04-25 13:20",13.91,13.91,13.75,13.75,-0.25,-1.79%,0
"2023-04-25 13:21",13.76,13.77,13.73,13.73,-0.02,-0.15%,0
"2023-04-25 13:22",13.69,14.12,13.69,14.12,0.39,+2.84%,0
"2023-04-25 13:23",14.13,14.42,14.13,14.4,0.28,+1.98%,0
"2023-04-25 13:24",14.48,14.53,14.47,14.47,0.07,+0.49%,0
"2023-04-25 13:25",14.44,14.45,14.34,14.4,-0.07,-0.48%,0
"2023-04-25 13:26",14.39,14.44,14.39,14.44,0.04,+0.28%,0
"2023-04-25 13:27",14.49,14.49,14.4,14.41,-0.03,-0.21%,0
"2023-04-25 13:28",14.43,14.43,14.34,14.34,-0.07,-0.49%,0
"2023-04-25 13:29",14.31,14.32,14.26,14.32,-0.02,-0.14%,0
"2023-04-25 13:30",14.28,14.45,14.28,14.44,0.12,+0.84%,0
"2023-04-25 13:31",14.42,14.42,14.3,14.3,-0.14,-0.97%,0
"2023-04-25 13:32",14.34,14.47,14.34,14.47,0.17,+1.19%,0
"2023-04-25 13:33",14.5,14.53,14.45,14.45,-0.02,-0.14%,0
"2023-04-25 13:34",14.44,14.44,14.4,14.43,-0.02,-0.14%,0
"2023-04-25 13:35",14.48,14.48,14.43,14.43,0,0.00%,0
"2023-04-25 13:36",14.44,14.46,14.44,14.45,0.02,+0.14%,0
"2023-04-25 13:37",14.46,14.47,14.43,14.43,-0.02,-0.14%,0
"2023-04-25 13:38",14.41,14.43,14.41,14.42,-0.01,-0.07%,0
"2023-04-25 13:39",14.43,14.48,14.43,14.48,0.06,+0.42%,0
"2023-04-25 13:40",14.51,14.56,14.51,14.56,0.08,+0.55%,0
"2023-04-25 13:41",14.57,14.57,14.54,14.54,-0.02,-0.14%,0
"2023-04-25 13:42",14.49,14.49,14.38,14.39,-0.15,-1.03%,0
"2023-04-25 13:43",14.39,14.5,14.39,14.46,0.07,+0.49%,0
"2023-04-25 13:44",14.47,14.49,14.44,14.44,-0.02,-0.14%,0
"2023-04-25 13:45",14.37,14.38,14.33,14.35,-0.09,-0.62%,0
"2023-04-25 13:46",14.37,14.5,14.37,14.5,0.15,+1.05%,0
"2023-04-25 13:47",14.54,14.9,14.54,14.9,0.4,+2.76%,0
"2023-04-25 13:48",14.91,15.08,14.91,15.08,0.18,+1.21%,0
"2023-04-25 13:49",15.18,15.24,15.14,15.14,0.06,+0.40%,0
"2023-04-25 13:50",15.06,15.14,15.04,15.14,0,0.00%,0
"2023-04-25 13:51",15.18,15.33,15.18,15.33,0.19,+1.25%,0
"2023-04-25 13:52",15.38,15.38,15.28,15.31,-0.02,-0.13%,0
"2023-04-25 13:53",15.29,15.32,15.27,15.32,0.01,+0.07%,0
"2023-04-25 13:54",15.34,15.44,15.34,15.44,0.12,+0.78%,0
"2023-04-25 13:55",15.45,15.45,15.38,15.4,-0.04,-0.26%,0
"2023-04-25 13:56",15.41,15.43,15.34,15.35,-0.05,-0.32%,0
"2023-04-25 13:57",15.36,15.43,15.36,15.38,0.03,+0.20%,0
"2023-04-25 13:58",15.37,15.41,15.35,15.41,0.03,+0.20%,0
"2023-04-25 13:59",15.41,15.44,15.41,15.44,0.03,+0.19%,0
"2023-04-25 14:00",15.53,15.53,15.43,15.43,-0.01,-0.06%,0
"2023-04-25 14:01",15.44,15.5,15.31,15.31,-0.12,-0.78%,0
"2023-04-25 14:02",15.33,15.44,15.33,15.43,0.12,+0.78%,0
"2023-04-25 14:03",15.44,15.54,15.44,15.54,0.11,+0.71%,0
"2023-04-25 14:04",15.57,15.91,15.57,15.91,0.37,+2.38%,0
"2023-04-25 14:05",15.95,15.95,15.68,15.68,-0.23,-1.45%,0
"2023-04-25 14:06",15.71,15.73,15.68,15.68,0,0.00%,0
"2023-04-25 14:07",15.69,15.74,15.66,15.69,0.01,+0.06%,0
"2023-04-25 14:08",15.7,16.01,15.7,16.01,0.32,+2.04%,0
"2023-04-25 14:09",16.07,16.23,16.07,16.23,0.22,+1.37%,0
"2023-04-25 14:10",16.26,16.26,16.09,16.16,-0.07,-0.43%,0
"2023-04-25 14:11",16.22,16.28,16.22,16.28,0.12,+0.74%,0
"2023-04-25 14:12",16.24,16.33,16.23,16.33,0.05,+0.31%,0
"2023-04-25 14:13",16.36,16.39,16.36,16.37,0.04,+0.24%,0
"2023-04-25 14:14",16.37,16.39,16.2,16.2,-0.17,-1.04%,0
"2023-04-25 14:15",16.22,16.28,16.22,16.28,0.08,+0.49%,0
"2023-04-25 14:16",16.24,16.26,16.23,16.26,-0.02,-0.12%,0
"2023-04-25 14:17",16.08,16.1,16.04,16.1,-0.16,-0.98%,0
"2023-04-25 14:18",16.2,16.32,16.2,16.32,0.22,+1.37%,0
"2023-04-25 14:19",16.33,16.4,16.33,16.37,0.05,+0.31%,0
"2023-04-25 14:20",16.25,16.29,16.11,16.11,-0.26,-1.59%,0
"2023-04-25 14:21",16.09,16.24,16.09,16.24,0.13,+0.81%,0
"2023-04-25 14:22",16.28,16.37,16.28,16.37,0.13,+0.80%,0
"2023-04-25 14:23",16.36,16.36,16.23,16.23,-0.14,-0.86%,0
"2023-04-25 14:24",16.18,16.2,16.16,16.2,-0.03,-0.18%,0
"2023-04-25 14:25",16.2,16.2,16.08,16.08,-0.12,-0.74%,0
"2023-04-25 14:26",16.1,16.12,16.1,16.12,0.04,+0.25%,0
"2023-04-25 14:27",16.09,16.12,16.04,16.04,-0.08,-0.50%,0
"2023-04-25 14:28",16.02,16.02,15.94,15.96,-0.08,-0.50%,0
"2023-04-25 14:29",15.9,15.92,15.85,15.85,-0.11,-0.69%,0
"2023-04-25 14:30",15.81,15.83,15.71,15.71,-0.14,-0.88%,0
"2023-04-25 14:31",15.7,15.7,15.68,15.68,-0.03,-0.19%,0
"2023-04-25 14:32",15.68,15.7,15.68,15.7,0.02,+0.13%,0
"2023-04-25 14:33",15.63,15.66,15.63,15.66,-0.04,-0.25%,0
"2023-04-25 14:34",15.63,15.67,15.63,15.66,0,0.00%,0
"2023-04-25 14:35",15.65,15.65,15.58,15.64,-0.02,-0.13%,0
"2023-04-25 14:36",15.63,15.68,15.58,15.58,-0.06,-0.38%,0
"2023-04-25 14:37",15.58,15.61,15.57,15.57,-0.01,-0.06%,0
"2023-04-25 14:38",15.49,15.49,15.32,15.32,-0.25,-1.61%,0
"2023-04-25 14:39",15.23,15.29,15.23,15.26,-0.06,-0.39%,0
"2023-04-25 14:40",15.27,15.38,15.27,15.38,0.12,+0.79%,0
"2023-04-25 14:41",15.37,15.53,15.37,15.53,0.15,+0.98%,0
"2023-04-25 14:42",15.58,15.82,15.58,15.82,0.29,+1.87%,0
"2023-04-25 14:43",15.88,16.01,15.88,15.91,0.09,+0.57%,0
"2023-04-25 14:44",15.9,15.9,15.88,15.9,-0.01,-0.06%,0
"2023-04-25 14:45",15.82,15.85,15.79,15.85,-0.05,-0.31%,0
"2023-04-25 14:46",15.87,15.87,15.76,15.76,-0.09,-0.57%,0
"2023-04-25 14:47",15.76,15.82,15.76,15.82,0.06,+0.38%,0
"2023-04-25 14:48",15.83,15.86,15.83,15.86,0.04,+0.25%,0
"2023-04-25 14:49",15.81,15.81,15.61,15.61,-0.25,-1.58%,0
"2023-04-25 14:50",15.5,15.5,15.39,15.41,-0.2,-1.28%,0
"2023-04-25 14:51",15.39,15.45,15.39,15.44,0.03,+0.19%,0
"2023-04-25 14:52",15.43,15.44,15.39,15.39,-0.05,-0.32%,0
"2023-04-25 14:53",15.41,15.46,15.41,15.43,0.04,+0.26%,0
"2023-04-25 14:54",15.42,15.51,15.42,15.51,0.08,+0.52%,0
"2023-04-25 14:55",15.52,15.66,15.52,15.64,0.13,+0.84%,0
"2023-04-25 14:56",15.64,15.64,15.63,15.64,0,0.00%,0
"2023-04-25 14:57",15.64,15.65,15.63,15.64,0,0.00%,0
"2023-04-25 14:58",15.59,15.65,15.59,15.65,0.01,+0.06%,0
"2023-04-25 14:59",15.66,15.72,15.66,15.71,0.06,+0.38%,0
"2023-04-25 15:00",15.71,15.75,15.71,15.72,0.01,+0.06%,0
"2023-04-25 15:01",15.65,15.68,15.61,15.61,-0.11,-0.70%,0
"2023-04-25 15:02",15.6,15.6,15.47,15.47,-0.14,-0.90%,0
"2023-04-25 15:03",15.46,15.46,15.36,15.36,-0.11,-0.71%,0
"2023-04-25 15:04",15.33,15.38,15.33,15.38,0.02,+0.13%,0
"2023-04-25 15:05",15.41,15.44,15.39,15.39,0.01,+0.07%,0
"2023-04-25 15:06",15.43,15.43,15.42,15.42,0.03,+0.19%,0
"2023-04-25 15:07",15.43,15.43,15.34,15.34,-0.08,-0.52%,0
"2023-04-25 15:08",15.36,15.38,15.36,15.36,0.02,+0.13%,0
"2023-04-25 15:09",15.36,15.41,15.36,15.4,0.04,+0.26%,0
"2023-04-25 15:10",15.42,15.46,15.42,15.44,0.04,+0.26%,0
"2023-04-25 15:11",15.42,15.42,15.37,15.37,-0.07,-0.45%,0
"2023-04-25 15:12",15.33,15.33,15.3,15.3,-0.07,-0.46%,0
"2023-04-25 15:13",15.31,15.37,15.31,15.33,0.03,+0.20%,0
"2023-04-25 15:14",15.33,15.34,15.32,15.32,-0.01,-0.07%,0
"2023-04-25 15:15",15.31,15.31,15.29,15.3,-0.02,-0.13%,0
"2023-04-25 15:16",15.26,15.29,15.24,15.24,-0.06,-0.39%,0
"2023-04-25 15:17",15.24,15.24,15.19,15.19,-0.05,-0.33%,0
"2023-04-25 15:18",15.18,15.18,15.14,15.14,-0.05,-0.33%,0
"2023-04-25 15:19",15.16,15.18,15.16,15.16,0.02,+0.13%,0
"2023-04-25 15:20",15.16,15.17,15.03,15.03,-0.13,-0.86%,0
"2023-04-25 15:21",15,15,14.97,14.97,-0.06,-0.40%,0
"2023-04-25 15:22",14.97,14.97,14.84,14.84,-0.13,-0.87%,0
"2023-04-25 15:23",14.87,14.9,14.87,14.9,0.06,+0.40%,0
"2023-04-25 15:24",14.9,14.9,14.87,14.87,-0.03,-0.20%,0
"2023-04-25 15:25",14.85,14.89,14.85,14.87,0,0.00%,0
"2023-04-25 15:26",14.87,14.88,14.82,14.88,0.01,+0.07%,0
"2023-04-25 15:27",14.91,15.02,14.91,15,0.12,+0.81%,0
"2023-04-25 15:28",14.98,15.11,14.98,15.11,0.11,+0.73%,0
"2023-04-25 15:29",15.12,15.15,15.12,15.12,0.01,+0.07%,0
"2023-04-25 15:30",15.12,15.13,15.11,15.13,0.01,+0.07%,0
"2023-04-25 15:31",15.09,15.12,15.09,15.12,-0.01,-0.07%,0
"2023-04-25 15:32",15.18,15.18,15.14,15.14,0.02,+0.13%,0
"2023-04-25 15:33",15.17,15.22,15.17,15.2,0.06,+0.40%,0
"2023-04-25 15:34",15.18,15.22,15.18,15.22,0.02,+0.13%,0
"2023-04-25 15:35",15.22,15.27,15.22,15.27,0.05,+0.33%,0
"2023-04-25 15:36",15.28,15.31,15.28,15.31,0.04,+0.26%,0
"2023-04-25 15:37",15.31,15.47,15.31,15.47,0.16,+1.05%,0
"2023-04-25 15:38",15.46,15.53,15.46,15.53,0.06,+0.39%,0
"2023-04-25 15:39",15.46,15.51,15.46,15.51,-0.02,-0.13%,0
"2023-04-25 15:40",15.48,15.48,15.44,15.45,-0.06,-0.39%,0
"2023-04-25 15:41",15.45,15.54,15.45,15.54,0.09,+0.58%,0
"2023-04-25 15:42",15.48,15.6,15.48,15.6,0.06,+0.39%,0
"2023-04-25 15:43",15.65,15.66,15.6,15.6,0,0.00%,0
"2023-04-25 15:44",15.54,15.88,15.53,15.88,0.28,+1.79%,0
"2023-04-25 15:45",15.88,15.93,15.81,15.82,-0.06,-0.38%,0
"2023-04-25 15:46",15.83,15.89,15.83,15.88,0.06,+0.38%,0
"2023-04-25 15:47",15.9,15.9,15.78,15.78,-0.1,-0.63%,0
"2023-04-25 15:48",15.77,15.79,15.7,15.7,-0.08,-0.51%,0
"2023-04-25 15:49",15.7,15.75,15.7,15.75,0.05,+0.32%,0
"2023-04-25 15:50",15.81,16.14,15.81,16.09,0.34,+2.16%,0
"2023-04-25 15:51",15.99,15.99,15.9,15.9,-0.19,-1.18%,0
"2023-04-25 15:52",15.87,15.87,15.79,15.8,-0.1,-0.63%,0
"2023-04-25 15:53",15.85,16.02,15.85,16.02,0.22,+1.39%,0
"2023-04-25 15:54",16,16,15.9,15.92,-0.1,-0.62%,0
"2023-04-25 15:55",15.95,16.03,15.95,16.03,0.11,+0.69%,0
"2023-04-25 15:56",16.02,16.03,16.01,16.02,-0.01,-0.06%,0
"2023-04-25 15:57",16.05,16.07,16.05,16.05,0.03,+0.19%,0
"2023-04-25 15:58",16.11,16.24,16.11,16.24,0.19,+1.18%,0
"2023-04-25 15:59",16.26,16.34,16.26,16.3,0.06,+0.37%,0
"2023-04-25 16:00",16.08,16.08,15.89,15.93,-0.37,-2.27%,0
"2023-04-25 16:01",15.88,15.88,15.57,15.57,-0.36,-2.26%,0
"2023-04-25 16:02",15.5,15.5,15.15,15.2,-0.37,-2.38%,0
"2023-04-25 16:03",15.02,15.02,14.79,14.79,-0.41,-2.70%,0
"2023-04-25 16:04",14.79,14.79,14.64,14.64,-0.15,-1.01%,0
"2023-04-25 16:05",14.53,14.68,14.53,14.66,0.02,+0.14%,0
"2023-04-25 16:06",14.72,14.78,14.72,14.74,0.08,+0.55%,0
"2023-04-25 16:07",14.77,14.8,14.76,14.78,0.04,+0.27%,0
"2023-04-25 16:08",14.72,14.72,14.61,14.65,-0.13,-0.88%,0
"2023-04-25 16:09",14.58,14.64,14.58,14.63,-0.02,-0.14%,0
"2023-04-25 16:10",14.68,14.7,14.64,14.7,0.07,+0.48%,0
"2023-04-25 16:11",14.67,14.67,14.66,14.66,-0.04,-0.27%,0
"2023-04-25 16:12",14.68,14.68,14.58,14.58,-0.08,-0.55%,0
"2023-04-25 16:13",14.61,14.66,14.61,14.66,0.08,+0.55%,0
"2023-04-25 16:14",14.59,14.62,14.59,14.62,-0.04,-0.27%,0
"2023-04-25 16:15",14.59,14.59,14.59,14.59,-0.03,-0.21%,0
"2023-04-26 09:31",11.42,11.48,11.39,11.39,-3.2,-21.93%,0
"2023-04-26 09:32",11.45,11.46,11.43,11.43,0.04,+0.35%,0
"2023-04-26 09:33",11.3,11.36,11.25,11.36,-0.07,-0.61%,0
"2023-04-26 09:34",11.45,11.45,11.3,11.37,0.01,+0.09%,0
"2023-04-26 09:35",11.37,11.42,11.37,11.42,0.05,+0.44%,0
"2023-04-26 09:36",11.4,11.4,11.25,11.31,-0.11,-0.96%,0
"2023-04-26 09:37",11.22,11.37,11.19,11.19,-0.12,-1.06%,0
"2023-04-26 09:38",11.19,11.29,11.19,11.29,0.1,+0.89%,0
"2023-04-26 09:39",11.3,11.36,11.27,11.27,-0.02,-0.18%,0
"2023-04-26 09:40",11.19,11.28,11.19,11.26,-0.01,-0.09%,0
"2023-04-26 09:41",11.38,11.45,11.32,11.45,0.19,+1.69%,0
"2023-04-26 09:42",11.49,11.49,11.3,11.49,0.04,+0.35%,0
"2023-04-26 09:43",11.44,11.5,11.43,11.43,-0.06,-0.52%,0
"2023-04-26 09:44",11.48,11.49,11.45,11.45,0.02,+0.17%,0
"2023-04-26 09:45",11.48,11.48,11.26,11.26,-0.19,-1.66%,0
"2023-04-26 09:46",11.26,11.42,11.25,11.42,0.16,+1.42%,0
"2023-04-26 09:47",11.45,11.51,11.37,11.37,-0.05,-0.44%,0
"2023-04-26 09:48",11.37,11.37,11.19,11.19,-0.18,-1.58%,0
"2023-04-26 09:49",11.27,11.27,11.22,11.24,0.05,+0.45%,0
"2023-04-26 09:50",11.22,11.23,11.17,11.17,-0.07,-0.62%,0
"2023-04-26 09:51",11.17,11.2,11.11,11.2,0.03,+0.27%,0
"2023-04-26 09:52",11.14,11.17,11.07,11.07,-0.13,-1.16%,0
"2023-04-26 09:53",11.1,11.11,11.07,11.11,0.04,+0.36%,0
"2023-04-26 09:54",11.14,11.26,11.14,11.22,0.11,+0.99%,0
"2023-04-26 09:55",11.24,11.32,11.23,11.32,0.1,+0.89%,0
"2023-04-26 09:56",11.28,11.32,11.25,11.25,-0.07,-0.62%,0
"2023-04-26 09:57",11.33,11.33,11.26,11.28,0.03,+0.27%,0
"2023-04-26 09:58",11.31,11.34,11.26,11.26,-0.02,-0.18%,0
"2023-04-26 09:59",11.1,11.2,11.1,11.19,-0.07,-0.62%,0
"2023-04-26 10:00",11.08,11.25,11.08,11.09,-0.1,-0.89%,0
"2023-04-26 10:01",11.09,11.15,11.09,11.15,0.06,+0.54%,0
"2023-04-26 10:02",11.14,11.14,11.05,11.05,-0.1,-0.90%,0
"2023-04-26 10:03",11.01,11.05,11.01,11.04,-0.01,-0.09%,0
"2023-04-26 10:04",11.04,11.23,11.04,11.17,0.13,+1.18%,0
"2023-04-26 10:05",11.16,11.16,10.99,10.99,-0.18,-1.61%,0
"2023-04-26 10:06",10.99,11.04,10.99,11.03,0.04,+0.36%,0
"2023-04-26 10:07",11.02,11.18,11.02,11.18,0.15,+1.36%,0
"2023-04-26 10:08",11.21,11.34,11.21,11.29,0.11,+0.98%,0
"2023-04-26 10:09",11.36,11.39,11.26,11.31,0.02,+0.18%,0
"2023-04-26 10:10",11.29,11.38,11.24,11.38,0.07,+0.62%,0
"2023-04-26 10:11",11.4,11.5,11.38,11.39,0.01,+0.09%,0
"2023-04-26 10:12",11.31,11.35,11.25,11.35,-0.04,-0.35%,0
"2023-04-26 10:13",11.39,11.51,11.39,11.51,0.16,+1.41%,0
"2023-04-26 10:14",11.49,11.61,11.49,11.61,0.1,+0.87%,0
"2023-04-26 10:15",11.65,11.8,11.65,11.8,0.19,+1.64%,0
"2023-04-26 10:16",11.96,12.04,11.84,11.84,0.04,+0.34%,0
"2023-04-26 10:17",11.89,12,11.89,12,0.16,+1.35%,0
"2023-04-26 10:18",12.02,12.52,12.02,12.52,0.52,+4.33%,0
"2023-04-26 10:19",12.46,12.65,12.46,12.6,0.08,+0.64%,0
"2023-04-26 10:20",12.52,12.52,12.2,12.34,-0.26,-2.06%,0
"2023-04-26 10:21",12.31,12.32,12.04,12.04,-0.3,-2.43%,0
"2023-04-26 10:22",12.08,12.35,12.08,12.35,0.31,+2.57%,0
"2023-04-26 10:23",12.39,12.46,12.39,12.41,0.06,+0.49%,0
"2023-04-26 10:24",12.4,12.4,12.25,12.25,-0.16,-1.29%,0
"2023-04-26 10:25",12.26,12.31,12.24,12.25,0,0.00%,0
"2023-04-26 10:26",12.28,12.56,12.28,12.56,0.31,+2.53%,0
"2023-04-26 10:27",12.44,12.44,12.34,12.39,-0.17,-1.35%,0
"2023-04-26 10:28",12.45,12.5,12.25,12.25,-0.14,-1.13%,0
"2023-04-26 10:29",12.21,12.21,12.08,12.08,-0.17,-1.39%,0
"2023-04-26 10:30",12.06,12.06,11.72,11.72,-0.36,-2.98%,0
"2023-04-26 10:31",11.75,11.75,11.69,11.75,0.03,+0.26%,0
"2023-04-26 10:32",11.72,11.72,11.45,11.48,-0.27,-2.30%,0
"2023-04-26 10:33",11.48,11.63,11.48,11.63,0.15,+1.31%,0
"2023-04-26 10:34",11.69,11.76,11.69,11.76,0.13,+1.12%,0
"2023-04-26 10:35",11.7,11.7,11.59,11.59,-0.17,-1.45%,0
"2023-04-26 10:36",11.59,11.59,11.44,11.44,-0.15,-1.29%,0
"2023-04-26 10:37",11.53,11.65,11.53,11.65,0.21,+1.84%,0
"2023-04-26 10:38",11.55,11.69,11.55,11.69,0.04,+0.34%,0
"2023-04-26 10:39",11.66,11.67,11.6,11.62,-0.07,-0.60%,0
"2023-04-26 10:40",11.59,11.74,11.59,11.74,0.12,+1.03%,0
"2023-04-26 10:41",11.66,11.66,11.57,11.57,-0.17,-1.45%,0
"2023-04-26 10:42",11.63,11.72,11.57,11.57,0,0.00%,0
"2023-04-26 10:43",11.6,11.6,11.57,11.58,0.01,+0.09%,0
"2023-04-26 10:44",11.6,11.6,11.57,11.57,-0.01,-0.09%,0
"2023-04-26 10:45",11.58,11.58,11.51,11.56,-0.01,-0.09%,0
"2023-04-26 10:46",11.5,11.5,11.46,11.46,-0.1,-0.87%,0
"2023-04-26 10:47",11.46,11.55,11.46,11.49,0.03,+0.26%,0
"2023-04-26 10:48",11.52,11.63,11.52,11.61,0.12,+1.04%,0
"2023-04-26 10:49",11.52,11.53,11.51,11.52,-0.09,-0.78%,0
"2023-04-26 10:50",11.46,11.54,11.46,11.52,0,0.00%,0
"2023-04-26 10:51",11.58,11.58,11.49,11.49,-0.03,-0.26%,0
"2023-04-26 10:52",11.37,11.37,11.01,11.01,-0.48,-4.18%,0
"2023-04-26 10:53",11.13,11.2,11.13,11.2,0.19,+1.73%,0
"2023-04-26 10:54",11.25,11.25,11.21,11.22,0.02,+0.18%,0
"2023-04-26 10:55",11.21,11.22,11.21,11.21,-0.01,-0.09%,0
"2023-04-26 10:56",11.18,11.22,11.18,11.19,-0.02,-0.18%,0
"2023-04-26 10:57",11.13,11.26,11.13,11.26,0.07,+0.63%,0
"2023-04-26 10:58",11.2,11.22,11.13,11.13,-0.13,-1.15%,0
"2023-04-26 10:59",11.08,11.15,11.08,11.15,0.02,+0.18%,0
"2023-04-26 11:00",11.13,11.13,11.09,11.1,-0.05,-0.45%,0
"2023-04-26 11:01",11.13,11.13,10.98,11.01,-0.09,-0.81%,0
"2023-04-26 11:02",10.99,10.99,10.74,10.74,-0.27,-2.45%,0
"2023-04-26 11:03",10.76,10.86,10.76,10.86,0.12,+1.12%,0
"2023-04-26 11:04",10.84,10.84,10.79,10.84,-0.02,-0.18%,0
"2023-04-26 11:05",10.82,10.85,10.75,10.75,-0.09,-0.83%,0
"2023-04-26 11:06",10.77,10.85,10.77,10.82,0.07,+0.65%,0
"2023-04-26 11:07",10.83,10.85,10.74,10.74,-0.08,-0.74%,0
"2023-04-26 11:08",10.7,10.79,10.7,10.77,0.03,+0.28%,0
"2023-04-26 11:09",10.86,10.86,10.78,10.81,0.04,+0.37%,0
"2023-04-26 11:10",10.81,10.86,10.81,10.86,0.05,+0.46%,0
"2023-04-26 11:11",10.85,10.91,10.85,10.89,0.03,+0.28%,0
"2023-04-26 11:12",10.92,10.92,10.87,10.89,0,0.00%,0
"2023-04-26 11:13",10.92,11.01,10.92,11.01,0.12,+1.10%,0
"2023-04-26 11:14",10.98,11.02,10.94,10.98,-0.03,-0.27%,0
"2023-04-26 11:15",11.01,11.02,10.99,11.02,0.04,+0.36%,0
"2023-04-26 11:16",11.05,11.08,11.01,11.05,0.03,+0.27%,0
"2023-04-26 11:17",11.06,11.13,11.06,11.13,0.08,+0.72%,0
"2023-04-26 11:18",11.07,11.11,11.07,11.09,-0.04,-0.36%,0
"2023-04-26 11:19",11.07,11.09,11.07,11.09,0,0.00%,0
"2023-04-26 11:20",11.09,11.09,10.95,10.95,-0.14,-1.26%,0
"2023-04-26 11:21",11.03,11.13,10.96,11.13,0.18,+1.64%,0
"2023-04-26 11:22",11.05,11.06,11,11.03,-0.1,-0.90%,0
"2023-04-26 11:23",10.97,11.03,10.97,11.03,0,0.00%,0
"2023-04-26 11:24",11.08,11.08,11.02,11.02,-0.01,-0.09%,0
"2023-04-26 11:25",11.04,11.24,11.04,11.24,0.22,+2.00%,0
"2023-04-26 11:26",11.1,11.15,11.09,11.15,-0.09,-0.80%,0
"2023-04-26 11:27",11.1,11.14,11.07,11.14,-0.01,-0.09%,0
"2023-04-26 11:28",11.16,11.16,11.12,11.14,0,0.00%,0
"2023-04-26 11:29",11.06,11.11,11.06,11.06,-0.08,-0.72%,0
"2023-04-26 11:30",11.05,11.05,10.94,10.96,-0.1,-0.90%,0
"2023-04-26 11:31",10.93,10.98,10.92,10.97,0.01,+0.09%,0
"2023-04-26 11:32",10.99,10.99,10.9,10.91,-0.06,-0.55%,0
"2023-04-26 11:33",10.92,10.92,10.84,10.91,0,0.00%,0
"2023-04-26 11:34",10.83,10.94,10.83,10.93,0.02,+0.18%,0
"2023-04-26 11:35",10.91,10.97,10.91,10.92,-0.01,-0.09%,0
"2023-04-26 11:36",10.94,11.17,10.94,11.17,0.25,+2.29%,0
"2023-04-26 11:37",11.18,11.19,11.16,11.16,-0.01,-0.09%,0
"2023-04-26 11:38",11.13,11.19,11.13,11.18,0.02,+0.18%,0
"2023-04-26 11:39",11.17,11.17,11,11.01,-0.17,-1.52%,0
"2023-04-26 11:40",10.99,11,10.96,10.96,-0.05,-0.45%,0
"2023-04-26 11:41",10.94,11.05,10.92,11.05,0.09,+0.82%,0
"2023-04-26 11:42",11.04,11.07,11.01,11.01,-0.04,-0.36%,0
"2023-04-26 11:43",11.01,11.03,11,11,-0.01,-0.09%,0
"2023-04-26 11:44",11.01,11.06,10.99,11.06,0.06,+0.55%,0
"2023-04-26 11:45",11.04,11.05,11.01,11.01,-0.05,-0.45%,0
"2023-04-26 11:46",10.91,10.91,10.81,10.81,-0.2,-1.82%,0
"2023-04-26 11:47",10.83,10.93,10.81,10.92,0.11,+1.02%,0
"2023-04-26 11:48",10.89,10.98,10.89,10.94,0.02,+0.18%,0
"2023-04-26 11:49",10.94,10.99,10.94,10.96,0.02,+0.18%,0
"2023-04-26 11:50",10.93,10.99,10.93,10.98,0.02,+0.18%,0
"2023-04-26 11:51",10.99,11.09,10.99,11.09,0.11,+1.00%,0
"2023-04-26 11:52",11.09,11.09,11.02,11.02,-0.07,-0.63%,0
"2023-04-26 11:53",11.02,11.04,11.02,11.04,0.02,+0.18%,0
"2023-04-26 11:54",11.06,11.12,11.06,11.12,0.08,+0.72%,0
"2023-04-26 11:55",11.11,11.12,11.07,11.07,-0.05,-0.45%,0
"2023-04-26 11:56",10.98,10.98,10.91,10.98,-0.09,-0.81%,0
"2023-04-26 11:57",10.97,11.05,10.97,11.02,0.04,+0.36%,0
"2023-04-26 11:58",11.04,11.1,11.04,11.1,0.08,+0.73%,0
"2023-04-26 11:59",11.09,11.09,11.05,11.07,-0.03,-0.27%,0
"2023-04-26 12:00",11.07,11.07,10.99,10.99,-0.08,-0.72%,0
"2023-04-26 12:01",10.96,10.96,10.83,10.83,-0.16,-1.46%,0
"2023-04-26 12:02",10.78,10.8,10.78,10.8,-0.03,-0.28%,0
"2023-04-26 12:03",10.84,10.89,10.84,10.86,0.06,+0.56%,0
"2023-04-26 12:04",10.88,10.89,10.87,10.87,0.01,+0.09%,0
"2023-04-26 12:05",10.87,10.9,10.87,10.89,0.02,+0.18%,0
"2023-04-26 12:06",10.87,10.87,10.81,10.81,-0.08,-0.73%,0
"2023-04-26 12:07",10.81,10.81,10.79,10.81,0,0.00%,0
"2023-04-26 12:08",10.8,10.8,10.72,10.74,-0.07,-0.65%,0
"2023-04-26 12:09",10.78,10.8,10.76,10.8,0.06,+0.56%,0
"2023-04-26 12:10",10.78,10.79,10.75,10.76,-0.04,-0.37%,0
"2023-04-26 12:11",10.76,10.79,10.76,10.79,0.03,+0.28%,0
"2023-04-26 12:12",10.83,10.91,10.83,10.91,0.12,+1.11%,0
"2023-04-26 12:13",10.93,10.93,10.83,10.83,-0.08,-0.73%,0
"2023-04-26 12:14",10.84,10.84,10.83,10.83,0,0.00%,0
"2023-04-26 12:15",10.83,10.87,10.83,10.83,0,0.00%,0
"2023-04-26 12:16",10.84,10.89,10.84,10.89,0.06,+0.55%,0
"2023-04-26 12:17",10.94,10.96,10.92,10.95,0.06,+0.55%,0
"2023-04-26 12:18",10.96,10.97,10.96,10.96,0.01,+0.09%,0
"2023-04-26 12:19",10.98,11,10.97,10.97,0.01,+0.09%,0
"2023-04-26 12:20",11.13,11.35,11.13,11.24,0.27,+2.46%,0
"2023-04-26 12:21",11.35,11.4,11.31,11.4,0.16,+1.42%,0
"2023-04-26 12:22",11.29,11.45,11.29,11.45,0.05,+0.44%,0
"2023-04-26 12:23",11.48,11.48,11.39,11.39,-0.06,-0.52%,0
"2023-04-26 12:24",11.39,11.39,11.32,11.36,-0.03,-0.26%,0
"2023-04-26 12:25",11.35,11.35,11.35,11.35,-0.01,-0.09%,0
"2023-04-26 12:26",11.32,11.39,11.32,11.39,0.04,+0.35%,0
"2023-04-26 12:27",11.42,11.46,11.42,11.43,0.04,+0.35%,0
"2023-04-26 12:28",11.43,11.48,11.43,11.48,0.05,+0.44%,0
"2023-04-26 12:29",11.49,11.49,11.48,11.49,0.01,+0.09%,0
"2023-04-26 12:30",11.53,11.61,11.53,11.61,0.12,+1.04%,0
"2023-04-26 12:31",11.62,11.7,11.62,11.66,0.05,+0.43%,0
"2023-04-26 12:32",11.59,11.69,11.59,11.69,0.03,+0.26%,0
"2023-04-26 12:33",11.7,11.7,11.68,11.68,-0.01,-0.09%,0
"2023-04-26 12:34",11.71,11.9,11.71,11.9,0.22,+1.88%,0
"2023-04-26 12:35",11.88,12.1,11.88,12.1,0.2,+1.68%,0
"2023-04-26 12:36",12.09,12.12,11.9,11.9,-0.2,-1.65%,0
"2023-04-26 12:37",11.77,11.8,11.73,11.79,-0.11,-0.92%,0
"2023-04-26 12:38",11.78,11.78,11.71,11.73,-0.06,-0.51%,0
"2023-04-26 12:39",11.72,11.72,11.59,11.7,-0.03,-0.26%,0
"2023-04-26 12:40",11.7,11.74,11.7,11.71,0.01,+0.09%,0
"2023-04-26 12:41",11.68,11.68,11.62,11.67,-0.04,-0.34%,0
"2023-04-26 12:42",11.69,11.85,11.69,11.85,0.18,+1.54%,0
"2023-04-26 12:43",11.8,11.87,11.8,11.87,0.02,+0.17%,0
"2023-04-26 12:44",11.84,11.85,11.76,11.77,-0.1,-0.84%,0
"2023-04-26 12:45",11.7,11.76,11.7,11.76,-0.01,-0.08%,0
"2023-04-26 12:46",11.72,11.75,11.7,11.75,-0.01,-0.09%,0
"2023-04-26 12:47",11.78,11.78,11.7,11.7,-0.05,-0.43%,0
"2023-04-26 12:48",11.72,11.79,11.72,11.79,0.09,+0.77%,0
"2023-04-26 12:49",11.78,11.82,11.74,11.82,0.03,+0.25%,0
"2023-04-26 12:50",11.86,11.92,11.85,11.92,0.1,+0.85%,0
"2023-04-26 12:51",11.95,12.04,11.95,12.04,0.12,+1.01%,0
"2023-04-26 12:52",11.95,11.95,11.84,11.86,-0.18,-1.50%,0
"2023-04-26 12:53",11.82,11.9,11.82,11.9,0.04,+0.34%,0
"2023-04-26 12:54",11.85,11.9,11.85,11.9,0,0.00%,0
"2023-04-26 12:55",11.91,11.97,11.91,11.95,0.05,+0.42%,0
"2023-04-26 12:56",11.93,11.96,11.93,11.95,0,0.00%,0
"2023-04-26 12:57",11.97,11.97,11.94,11.94,-0.01,-0.08%,0
"2023-04-26 12:58",11.93,12,11.93,12,0.06,+0.50%,0
"2023-04-26 12:59",11.99,12.09,11.99,12.09,0.09,+0.75%,0
"2023-04-26 13:00",11.93,11.93,11.85,11.85,-0.24,-1.99%,0
"2023-04-26 13:01",11.8,11.81,11.78,11.78,-0.07,-0.59%,0
"2023-04-26 13:02",11.77,11.83,11.77,11.83,0.05,+0.42%,0
"2023-04-26 13:03",11.84,11.84,11.79,11.8,-0.03,-0.25%,0
"2023-04-26 13:04",11.73,11.73,11.69,11.7,-0.1,-0.85%,0
"2023-04-26 13:05",11.7,11.76,11.7,11.76,0.06,+0.51%,0
"2023-04-26 13:06",11.85,12,11.85,12,0.24,+2.04%,0
"2023-04-26 13:07",11.93,12.03,11.93,12.03,0.03,+0.25%,0
"2023-04-26 13:08",12,12.17,12,12.17,0.14,+1.16%,0
"2023-04-26 13:09",12.18,12.18,12.07,12.08,-0.09,-0.74%,0
"2023-04-26 13:10",12.08,12.13,12.08,12.09,0.01,+0.08%,0
"2023-04-26 13:11",12.05,12.12,12.05,12.1,0.01,+0.08%,0
"2023-04-26 13:12",12.14,12.2,12.14,12.16,0.06,+0.50%,0
"2023-04-26 13:13",12.12,12.18,12.11,12.11,-0.05,-0.41%,0
"2023-04-26 13:14",12.06,12.06,12.02,12.02,-0.09,-0.74%,0
"2023-04-26 13:15",12.03,12.05,12.03,12.05,0.03,+0.25%,0
"2023-04-26 13:16",12.06,12.17,12.06,12.17,0.12,+1.00%,0
"2023-04-26 13:17",12.18,12.32,12.18,12.21,0.04,+0.33%,0
"2023-04-26 13:18",12.17,12.17,12.1,12.11,-0.1,-0.82%,0
"2023-04-26 13:19",12.21,12.28,12.21,12.28,0.17,+1.40%,0
"2023-04-26 13:20",12.22,12.29,12.22,12.29,0.01,+0.08%,0
"2023-04-26 13:21",12.27,12.34,12.27,12.32,0.03,+0.24%,0
"2023-04-26 13:22",12.32,12.39,12.32,12.39,0.07,+0.57%,0
"2023-04-26 13:23",12.4,12.47,12.4,12.47,0.08,+0.65%,0
"2023-04-26 13:24",12.47,12.5,12.43,12.43,-0.04,-0.32%,0
"2023-04-26 13:25",12.42,12.42,12.41,12.42,-0.01,-0.08%,0
"2023-04-26 13:26",12.43,12.49,12.43,12.49,0.07,+0.56%,0
"2023-04-26 13:27",12.48,12.48,12.43,12.43,-0.06,-0.48%,0
"2023-04-26 13:28",12.45,12.48,12.44,12.45,0.02,+0.16%,0
"2023-04-26 13:29",12.47,12.47,12.42,12.42,-0.03,-0.24%,0
"2023-04-26 13:30",12.35,12.35,12.33,12.33,-0.09,-0.72%,0
"2023-04-26 13:31",12.38,12.52,12.38,12.52,0.19,+1.54%,0
"2023-04-26 13:32",12.48,12.48,12.41,12.46,-0.06,-0.48%,0
"2023-04-26 13:33",12.46,12.46,12.42,12.42,-0.04,-0.32%,0
"2023-04-26 13:34",12.43,12.45,12.36,12.36,-0.06,-0.48%,0
"2023-04-26 13:35",12.31,12.35,12.31,12.35,-0.01,-0.08%,0
"2023-04-26 13:36",12.32,12.37,12.32,12.37,0.02,+0.16%,0
"2023-04-26 13:37",12.35,12.37,12.35,12.37,0,0.00%,0
"2023-04-26 13:38",12.35,12.36,12.35,12.36,-0.01,-0.08%,0
"2023-04-26 13:39",12.38,12.55,12.38,12.54,0.18,+1.46%,0
"2023-04-26 13:40",12.49,12.62,12.49,12.62,0.08,+0.64%,0
"2023-04-26 13:41",12.59,12.59,12.57,12.57,-0.05,-0.40%,0
"2023-04-26 13:42",12.55,12.55,12.48,12.49,-0.08,-0.64%,0
"2023-04-26 13:43",12.49,12.5,12.47,12.48,-0.01,-0.08%,0
"2023-04-26 13:44",12.52,12.57,12.52,12.57,0.09,+0.72%,0
"2023-04-26 13:45",12.58,12.71,12.58,12.63,0.06,+0.48%,0
"2023-04-26 13:46",12.63,12.7,12.63,12.69,0.06,+0.48%,0
"2023-04-26 13:47",12.69,12.69,12.67,12.68,-0.01,-0.08%,0
"2023-04-26 13:48",12.72,12.87,12.72,12.82,0.14,+1.10%,0
"2023-04-26 13:49",12.85,13.24,12.85,13.24,0.42,+3.28%,0
"2023-04-26 13:50",13.19,13.58,13.19,13.58,0.34,+2.57%,0
"2023-04-26 13:51",13.66,13.83,13.66,13.82,0.24,+1.77%,0
"2023-04-26 13:52",13.58,13.6,13.58,13.58,-0.24,-1.74%,0
"2023-04-26 13:53",13.31,13.31,13.07,13.09,-0.49,-3.61%,0
"2023-04-26 13:54",13.19,13.19,13.14,13.14,0.05,+0.38%,0
"2023-04-26 13:55",13.17,13.26,13.17,13.22,0.08,+0.61%,0
"2023-04-26 13:56",13.18,13.2,13.11,13.2,-0.02,-0.15%,0
"2023-04-26 13:57",13.28,13.7,13.28,13.7,0.5,+3.79%,0
"2023-04-26 13:58",13.66,13.66,13.58,13.58,-0.12,-0.88%,0
"2023-04-26 13:59",13.49,13.61,13.49,13.57,-0.01,-0.07%,0
"2023-04-26 14:00",13.55,13.6,13.54,13.58,0.01,+0.07%,0
"2023-04-26 14:01",13.56,13.74,13.56,13.74,0.16,+1.18%,0
"2023-04-26 14:02",13.79,13.91,13.76,13.91,0.17,+1.24%,0
"2023-04-26 14:03",13.86,13.93,13.86,13.89,-0.02,-0.14%,0
"2023-04-26 14:04",13.89,13.89,13.8,13.8,-0.09,-0.65%,0
"2023-04-26 14:05",13.75,13.79,13.75,13.77,-0.03,-0.22%,0
"2023-04-26 14:06",13.76,13.87,13.76,13.83,0.06,+0.44%,0
"2023-04-26 14:07",13.84,13.84,13.76,13.76,-0.07,-0.51%,0
"2023-04-26 14:08",13.77,13.95,13.77,13.95,0.19,+1.38%,0
"2023-04-26 14:09",13.88,13.91,13.88,13.9,-0.05,-0.36%,0
"2023-04-26 14:10",13.89,14.01,13.89,13.96,0.06,+0.43%,0
"2023-04-26 14:11",13.95,13.95,13.89,13.91,-0.05,-0.36%,0
"2023-04-26 14:12",13.9,14.02,13.9,13.98,0.07,+0.50%,0
"2023-04-26 14:13",13.89,13.93,13.89,13.93,-0.05,-0.36%,0
"2023-04-26 14:14",13.94,13.94,13.82,13.82,-0.11,-0.79%,0
"2023-04-26 14:15",13.76,13.83,13.76,13.83,0.01,+0.07%,0
"2023-04-26 14:16",13.84,14.02,13.84,14.02,0.19,+1.37%,0
"2023-04-26 14:17",14.01,14.01,13.98,13.98,-0.04,-0.29%,0
"2023-04-26 14:18",13.93,13.93,13.91,13.91,-0.07,-0.50%,0
"2023-04-26 14:19",13.91,13.98,13.91,13.98,0.07,+0.50%,0
"2023-04-26 14:20",14.01,14.07,14.01,14.07,0.09,+0.64%,0
"2023-04-26 14:21",14.09,14.17,14.09,14.14,0.07,+0.50%,0
"2023-04-26 14:22",14.19,14.19,14.07,14.07,-0.07,-0.50%,0
"2023-04-26 14:23",14.02,14.02,13.85,13.85,-0.22,-1.56%,0
"2023-04-26 14:24",13.77,13.84,13.77,13.84,-0.01,-0.07%,0
"2023-04-26 14:25",13.8,13.86,13.8,13.84,0,0.00%,0
"2023-04-26 14:26",13.78,13.78,13.61,13.61,-0.23,-1.66%,0
"2023-04-26 14:27",13.59,13.62,13.58,13.58,-0.03,-0.22%,0
"2023-04-26 14:28",13.59,13.67,13.59,13.63,0.05,+0.37%,0
"2023-04-26 14:29",13.61,13.62,13.57,13.57,-0.06,-0.44%,0
"2023-04-26 14:30",13.55,13.61,13.55,13.58,0.01,+0.07%,0
"2023-04-26 14:31",13.61,13.69,13.6,13.69,0.11,+0.81%,0
"2023-04-26 14:32",13.67,13.77,13.67,13.77,0.08,+0.58%,0
"2023-04-26 14:33",13.83,13.88,13.8,13.8,0.03,+0.22%,0
"2023-04-26 14:34",13.83,13.88,13.83,13.88,0.08,+0.58%,0
"2023-04-26 14:35",13.91,14.09,13.91,14.09,0.21,+1.51%,0
"2023-04-26 14:36",14.1,14.3,14.1,14.27,0.18,+1.28%,0
"2023-04-26 14:37",14.28,14.45,14.28,14.45,0.18,+1.26%,0
"2023-04-26 14:38",14.27,14.35,14.25,14.3,-0.15,-1.04%,0
"2023-04-26 14:39",14.21,14.26,14.21,14.26,-0.04,-0.28%,0
"2023-04-26 14:40",14.37,14.49,14.36,14.36,0.1,+0.70%,0
"2023-04-26 14:41",14.36,14.48,14.36,14.45,0.09,+0.63%,0
"2023-04-26 14:42",14.49,14.55,14.49,14.54,0.09,+0.62%,0
"2023-04-26 14:43",14.52,14.65,14.52,14.65,0.11,+0.76%,0
"2023-04-26 14:44",14.69,14.78,14.69,14.74,0.09,+0.61%,0
"2023-04-26 14:45",14.68,14.77,14.68,14.77,0.03,+0.20%,0
"2023-04-26 14:46",14.77,14.84,14.77,14.84,0.07,+0.47%,0
"2023-04-26 14:47",14.78,14.81,14.78,14.79,-0.05,-0.34%,0
"2023-04-26 14:48",14.81,14.84,14.78,14.78,-0.01,-0.07%,0
"2023-04-26 14:49",14.67,14.7,14.61,14.7,-0.08,-0.54%,0
"2023-04-26 14:50",14.74,14.92,14.74,14.92,0.22,+1.50%,0
"2023-04-26 14:51",14.91,14.91,14.85,14.85,-0.07,-0.47%,0
"2023-04-26 14:52",14.87,14.94,14.87,14.94,0.09,+0.61%,0
"2023-04-26 14:53",14.93,15,14.93,15,0.06,+0.40%,0
"2023-04-26 14:54",14.99,14.99,14.94,14.97,-0.03,-0.20%,0
"2023-04-26 14:55",15.01,15.11,15.01,15.11,0.14,+0.94%,0
"2023-04-26 14:56",15.08,15.13,15.07,15.07,-0.04,-0.26%,0
"2023-04-26 14:57",14.99,15.02,14.94,14.94,-0.13,-0.86%,0
"2023-04-26 14:58",14.95,14.95,14.9,14.9,-0.04,-0.27%,0
"2023-04-26 14:59",14.9,14.9,14.87,14.87,-0.03,-0.20%,0
"2023-04-26 15:00",14.83,14.91,14.83,14.91,0.04,+0.27%,0
"2023-04-26 15:01",14.92,15.03,14.92,15.03,0.12,+0.80%,0
"2023-04-26 15:02",14.97,15.08,14.97,15.08,0.05,+0.33%,0
"2023-04-26 15:03",15.03,15.07,15.03,15.07,-0.01,-0.07%,0
"2023-04-26 15:04",15.09,15.11,15.09,15.11,0.04,+0.27%,0
"2023-04-26 15:05",15.1,15.1,14.95,14.95,-0.16,-1.06%,0
"2023-04-26 15:06",14.91,14.97,14.91,14.96,0.01,+0.07%,0
"2023-04-26 15:07",14.89,14.98,14.89,14.98,0.02,+0.13%,0
"2023-04-26 15:08",15.01,15.05,15.01,15.04,0.06,+0.40%,0
"2023-04-26 15:09",14.99,14.99,14.91,14.91,-0.13,-0.86%,0
"2023-04-26 15:10",14.94,14.98,14.89,14.89,-0.02,-0.13%,0
"2023-04-26 15:11",14.84,14.84,14.57,14.57,-0.32,-2.15%,0
"2023-04-26 15:12",14.47,14.47,14.38,14.38,-0.19,-1.30%,0
"2023-04-26 15:13",14.44,14.47,14.38,14.47,0.09,+0.63%,0
"2023-04-26 15:14",14.46,14.5,14.46,14.49,0.02,+0.14%,0
"2023-04-26 15:15",14.49,14.69,14.49,14.69,0.2,+1.38%,0
"2023-04-26 15:16",14.72,14.79,14.72,14.79,0.1,+0.68%,0
"2023-04-26 15:17",14.71,14.78,14.71,14.78,-0.01,-0.07%,0
"2023-04-26 15:18",14.86,14.86,14.8,14.82,0.04,+0.27%,0
"2023-04-26 15:19",14.82,14.87,14.82,14.86,0.04,+0.27%,0
"2023-04-26 15:20",14.81,14.84,14.81,14.84,-0.02,-0.13%,0
"2023-04-26 15:21",14.83,14.86,14.8,14.86,0.02,+0.13%,0
"2023-04-26 15:22",14.84,14.84,14.81,14.81,-0.05,-0.34%,0
"2023-04-26 15:23",14.76,14.78,14.62,14.62,-0.19,-1.28%,0
"2023-04-26 15:24",14.65,14.74,14.65,14.74,0.12,+0.82%,0
"2023-04-26 15:25",14.79,14.79,14.72,14.72,-0.02,-0.14%,0
"2023-04-26 15:26",14.76,14.76,14.54,14.54,-0.18,-1.22%,0
"2023-04-26 15:27",14.48,14.5,14.45,14.49,-0.05,-0.34%,0
"2023-04-26 15:28",14.49,14.56,14.49,14.52,0.03,+0.21%,0
"2023-04-26 15:29",14.52,14.56,14.51,14.51,-0.01,-0.07%,0
"2023-04-26 15:30",14.5,14.5,14.3,14.3,-0.21,-1.45%,0
"2023-04-26 15:31",14.32,14.32,14.3,14.3,0,0.00%,0
"2023-04-26 15:32",14.31,14.48,14.31,14.48,0.18,+1.26%,0
"2023-04-26 15:33",14.49,14.64,14.49,14.64,0.16,+1.10%,0
"2023-04-26 15:34",14.61,14.63,14.61,14.63,-0.01,-0.07%,0
"2023-04-26 15:35",14.65,14.65,14.64,14.65,0.02,+0.14%,0
"2023-04-26 15:36",14.64,14.65,14.64,14.65,0,0.00%,0
"2023-04-26 15:37",14.59,14.64,14.59,14.62,-0.03,-0.20%,0
"2023-04-26 15:38",14.61,14.63,14.57,14.63,0.01,+0.07%,0
"2023-04-26 15:39",14.64,14.69,14.62,14.62,-0.01,-0.07%,0
"2023-04-26 15:40",14.61,14.61,14.52,14.59,-0.03,-0.21%,0
"2023-04-26 15:41",14.59,14.65,14.59,14.65,0.06,+0.41%,0
"2023-04-26 15:42",14.61,14.7,14.61,14.7,0.05,+0.34%,0
"2023-04-26 15:43",14.66,14.68,14.66,14.66,-0.04,-0.27%,0
"2023-04-26 15:44",14.63,14.65,14.62,14.64,-0.02,-0.14%,0
"2023-04-26 15:45",14.6,14.64,14.54,14.54,-0.1,-0.68%,0
"2023-04-26 15:46",14.49,14.53,14.49,14.53,-0.01,-0.07%,0
"2023-04-26 15:47",14.59,14.66,14.59,14.63,0.1,+0.69%,0
"2023-04-26 15:48",14.64,14.64,14.48,14.49,-0.14,-0.96%,0
"2023-04-26 15:49",14.52,14.55,14.49,14.49,0,0.00%,0
"2023-04-26 15:50",14.44,14.67,14.44,14.58,0.09,+0.62%,0
"2023-04-26 15:51",14.54,14.59,14.54,14.59,0.01,+0.07%,0
"2023-04-26 15:52",14.57,14.57,14.46,14.47,-0.12,-0.82%,0
"2023-04-26 15:53",14.51,14.59,14.47,14.47,0,0.00%,0
"2023-04-26 15:54",14.42,14.42,14.2,14.2,-0.27,-1.87%,0
"2023-04-26 15:55",14.39,14.39,14.06,14.07,-0.13,-0.92%,0
"2023-04-26 15:56",14.27,14.35,14.26,14.29,0.22,+1.56%,0
"2023-04-26 15:57",14.21,14.21,14.08,14.2,-0.09,-0.63%,0
"2023-04-26 15:58",14.26,14.31,14.26,14.31,0.11,+0.77%,0
"2023-04-26 15:59",14.33,14.35,14.31,14.31,0,0.00%,0
"2023-04-26 16:00",14.46,14.55,14.44,14.55,0.24,+1.68%,0
"2023-04-26 16:01",14.56,14.61,14.54,14.61,0.06,+0.41%,0
"2023-04-26 16:02",14.6,14.66,14.6,14.63,0.02,+0.14%,0
"2023-04-26 16:03",14.68,14.68,14.65,14.66,0.03,+0.21%,0
"2023-04-26 16:04",14.67,14.69,14.66,14.69,0.03,+0.20%,0
"2023-04-26 16:05",14.62,14.65,14.62,14.65,-0.04,-0.27%,0
"2023-04-26 16:06",14.62,14.63,14.57,14.57,-0.08,-0.55%,0
"2023-04-26 16:07",14.55,14.66,14.55,14.66,0.09,+0.62%,0
"2023-04-26 16:08",14.63,14.63,14.59,14.61,-0.05,-0.34%,0
"2023-04-26 16:09",14.64,14.76,14.64,14.76,0.15,+1.03%,0
"2023-04-26 16:10",14.74,14.74,14.09,14.09,-0.67,-4.54%,0
"2023-04-26 16:11",14.05,14.05,13.86,13.86,-0.23,-1.63%,0
"2023-04-26 16:12",13.84,13.88,13.84,13.86,0,0.00%,0
"2023-04-26 16:13",13.91,13.91,13.84,13.84,-0.02,-0.14%,0
"2023-04-26 16:14",13.82,13.82,13.73,13.73,-0.11,-0.79%,0
"2023-04-26 16:15",13.73,13.73,13.73,13.73,0,0.00%,0
"2023-04-27 09:31",9.74,9.82,9.72,9.8,-3.93,-28.62%,0
"2023-04-27 09:32",9.82,9.82,9.65,9.65,-0.15,-1.53%,0
"2023-04-27 09:33",9.65,9.8,9.65,9.8,0.15,+1.55%,0
"2023-04-27 09:34",9.8,9.8,9.73,9.75,-0.05,-0.51%,0
"2023-04-27 09:35",9.66,9.76,9.66,9.7,-0.05,-0.51%,0
"2023-04-27 09:36",9.73,9.88,9.73,9.73,0.03,+0.31%,0
"2023-04-27 09:37",9.69,9.81,9.69,9.81,0.08,+0.82%,0
"2023-04-27 09:38",9.82,9.92,9.82,9.88,0.07,+0.71%,0
"2023-04-27 09:39",9.94,10.06,9.89,9.89,0.01,+0.10%,0
"2023-04-27 09:40",9.89,9.96,9.89,9.9,0.01,+0.10%,0
"2023-04-27 09:41",10.05,10.16,10.05,10.16,0.26,+2.63%,0
"2023-04-27 09:42",10.2,10.29,10.19,10.29,0.13,+1.28%,0
"2023-04-27 09:43",10.42,10.48,10.38,10.48,0.19,+1.85%,0
"2023-04-27 09:44",10.37,10.38,10.25,10.37,-0.11,-1.05%,0
"2023-04-27 09:45",10.39,10.47,10.32,10.47,0.1,+0.96%,0
"2023-04-27 09:46",10.47,10.47,10.31,10.31,-0.16,-1.53%,0
"2023-04-27 09:47",10.28,10.33,10.28,10.29,-0.02,-0.19%,0
"2023-04-27 09:48",10.25,10.31,10.25,10.31,0.02,+0.19%,0
"2023-04-27 09:49",10.3,10.3,10.23,10.23,-0.08,-0.78%,0
"2023-04-27 09:50",10.13,10.13,9.99,10.04,-0.19,-1.86%,0
"2023-04-27 09:51",10.22,10.22,10.18,10.18,0.14,+1.39%,0
"2023-04-27 09:52",10.18,10.23,10.18,10.19,0.01,+0.10%,0
"2023-04-27 09:53",10.14,10.14,10.03,10.03,-0.16,-1.57%,0
"2023-04-27 09:54",10.1,10.15,10.09,10.15,0.12,+1.20%,0
"2023-04-27 09:55",10.1,10.17,10.1,10.11,-0.04,-0.39%,0
"2023-04-27 09:56",10.1,10.27,10.1,10.23,0.12,+1.19%,0
"2023-04-27 09:57",10.24,10.31,10.24,10.31,0.08,+0.78%,0
"2023-04-27 09:58",10.46,10.49,10.41,10.49,0.18,+1.75%,0
"2023-04-27 09:59",10.46,10.46,10.39,10.39,-0.1,-0.95%,0
"2023-04-27 10:00",10.37,10.37,10.3,10.3,-0.09,-0.87%,0
"2023-04-27 10:01",10.25,10.25,10.19,10.21,-0.09,-0.87%,0
"2023-04-27 10:02",10.25,10.25,10.21,10.22,0.01,+0.10%,0
"2023-04-27 10:03",10.23,10.26,10.19,10.26,0.04,+0.39%,0
"2023-04-27 10:04",10.32,10.4,10.32,10.4,0.14,+1.36%,0
"2023-04-27 10:05",10.37,10.37,10.35,10.35,-0.05,-0.48%,0
"2023-04-27 10:06",10.37,10.56,10.37,10.56,0.21,+2.03%,0
"2023-04-27 10:07",10.53,10.53,10.47,10.51,-0.05,-0.47%,0
"2023-04-27 10:08",10.54,10.54,10.43,10.49,-0.02,-0.19%,0
"2023-04-27 10:09",10.4,10.46,10.4,10.46,-0.03,-0.29%,0
"2023-04-27 10:10",10.45,10.52,10.45,10.52,0.06,+0.57%,0
"2023-04-27 10:11",10.56,10.58,10.56,10.58,0.06,+0.57%,0
"2023-04-27 10:12",10.54,10.54,10.53,10.53,-0.05,-0.47%,0
"2023-04-27 10:13",10.56,10.56,10.55,10.55,0.02,+0.19%,0
"2023-04-27 10:14",10.47,10.79,10.47,10.79,0.24,+2.27%,0
"2023-04-27 10:15",10.89,11.01,10.87,10.87,0.08,+0.74%,0
"2023-04-27 10:16",10.8,10.84,10.8,10.8,-0.07,-0.64%,0
"2023-04-27 10:17",10.86,10.94,10.86,10.94,0.14,+1.30%,0
"2023-04-27 10:18",10.89,10.92,10.88,10.92,-0.02,-0.18%,0
"2023-04-27 10:19",10.81,10.82,10.79,10.82,-0.1,-0.92%,0
"2023-04-27 10:20",10.85,10.89,10.84,10.84,0.02,+0.18%,0
"2023-04-27 10:21",10.85,10.9,10.85,10.85,0.01,+0.09%,0
"2023-04-27 10:22",10.87,10.87,10.75,10.81,-0.04,-0.37%,0
"2023-04-27 10:23",10.77,10.87,10.77,10.87,0.06,+0.56%,0
"2023-04-27 10:24",10.82,10.83,10.82,10.82,-0.05,-0.46%,0
"2023-04-27 10:25",10.87,10.93,10.87,10.93,0.11,+1.02%,0
"2023-04-27 10:26",10.9,10.94,10.89,10.94,0.01,+0.09%,0
"2023-04-27 10:27",10.93,10.93,10.88,10.88,-0.06,-0.55%,0
"2023-04-27 10:28",10.87,10.9,10.86,10.89,0.01,+0.09%,0
"2023-04-27 10:29",10.85,10.88,10.82,10.82,-0.07,-0.64%,0
"2023-04-27 10:30",10.82,10.83,10.79,10.83,0.01,+0.09%,0
"2023-04-27 10:31",10.79,10.88,10.79,10.88,0.05,+0.46%,0
"2023-04-27 10:32",10.84,10.84,10.8,10.8,-0.08,-0.74%,0
"2023-04-27 10:33",10.78,10.78,10.75,10.75,-0.05,-0.46%,0
"2023-04-27 10:34",10.68,10.75,10.68,10.75,0,0.00%,0
"2023-04-27 10:35",10.71,10.77,10.71,10.76,0.01,+0.09%,0
"2023-04-27 10:36",10.76,10.78,10.73,10.73,-0.03,-0.28%,0
"2023-04-27 10:37",10.71,10.75,10.71,10.75,0.02,+0.19%,0
"2023-04-27 10:38",10.71,10.74,10.71,10.73,-0.02,-0.19%,0
"2023-04-27 10:39",10.74,10.76,10.73,10.76,0.03,+0.28%,0
"2023-04-27 10:40",10.74,10.81,10.74,10.77,0.01,+0.09%,0
"2023-04-27 10:41",10.78,10.84,10.78,10.84,0.07,+0.65%,0
"2023-04-27 10:42",10.88,11.07,10.88,11.07,0.23,+2.12%,0
"2023-04-27 10:43",11,11.04,11,11.04,-0.03,-0.27%,0
"2023-04-27 10:44",11.1,11.1,11.04,11.04,0,0.00%,0
"2023-04-27 10:45",10.97,11.06,10.97,11.01,-0.03,-0.27%,0
"2023-04-27 10:46",11.03,11.03,10.98,11,-0.01,-0.09%,0
"2023-04-27 10:47",11.06,11.15,11.06,11.15,0.15,+1.36%,0
"2023-04-27 10:48",11.16,11.16,11,11,-0.15,-1.35%,0
"2023-04-27 10:49",11.03,11.12,11.03,11.11,0.11,+1.00%,0
"2023-04-27 10:50",11.06,11.07,11.06,11.07,-0.04,-0.36%,0
"2023-04-27 10:51",11.15,11.19,11.15,11.18,0.11,+0.99%,0
"2023-04-27 10:52",11.23,11.27,11.19,11.19,0.01,+0.09%,0
"2023-04-27 10:53",11.19,11.24,11.18,11.24,0.05,+0.45%,0
"2023-04-27 10:54",11.28,11.29,11.28,11.29,0.05,+0.44%,0
"2023-04-27 10:55",11.28,11.36,11.28,11.36,0.07,+0.62%,0
"2023-04-27 10:56",11.28,11.28,11.15,11.15,-0.21,-1.85%,0
"2023-04-27 10:57",11.14,11.14,11.03,11.03,-0.12,-1.08%,0
"2023-04-27 10:58",11.08,11.15,11.08,11.15,0.12,+1.09%,0
"2023-04-27 10:59",11.14,11.22,11.14,11.22,0.07,+0.63%,0
"2023-04-27 11:00",11.21,11.23,11.17,11.23,0.01,+0.09%,0
"2023-04-27 11:01",11.21,11.25,11.21,11.23,0,0.00%,0
"2023-04-27 11:02",11.2,11.26,11.18,11.26,0.03,+0.27%,0
"2023-04-27 11:03",11.24,11.29,11.24,11.29,0.03,+0.27%,0
"2023-04-27 11:04",11.28,11.28,11.26,11.26,-0.03,-0.27%,0
"2023-04-27 11:05",11.29,11.31,11.29,11.29,0.03,+0.27%,0
"2023-04-27 11:06",11.22,11.36,11.22,11.36,0.07,+0.62%,0
"2023-04-27 11:07",11.34,11.35,11.32,11.32,-0.04,-0.35%,0
"2023-04-27 11:08",11.3,11.41,11.3,11.41,0.09,+0.80%,0
"2023-04-27 11:09",11.37,11.47,11.37,11.47,0.06,+0.53%,0
"2023-04-27 11:10",11.41,11.46,11.39,11.46,-0.01,-0.09%,0
"2023-04-27 11:11",11.46,11.57,11.46,11.56,0.1,+0.87%,0
"2023-04-27 11:12",11.56,11.65,11.56,11.65,0.09,+0.78%,0
"2023-04-27 11:13",11.66,11.68,11.56,11.56,-0.09,-0.77%,0
"2023-04-27 11:14",11.46,11.48,11.43,11.48,-0.08,-0.69%,0
"2023-04-27 11:15",11.47,11.52,11.47,11.52,0.04,+0.35%,0
"2023-04-27 11:16",11.5,11.54,11.5,11.53,0.01,+0.09%,0
"2023-04-27 11:17",11.55,11.63,11.55,11.63,0.1,+0.87%,0
"2023-04-27 11:18",11.61,11.63,11.56,11.56,-0.07,-0.60%,0
"2023-04-27 11:19",11.57,11.63,11.57,11.61,0.05,+0.43%,0
"2023-04-27 11:20",11.6,11.63,11.59,11.63,0.02,+0.17%,0
"2023-04-27 11:21",11.58,11.63,11.56,11.56,-0.07,-0.60%,0
"2023-04-27 11:22",11.57,11.59,11.57,11.59,0.03,+0.26%,0
"2023-04-27 11:23",11.56,11.56,11.33,11.33,-0.26,-2.24%,0
"2023-04-27 11:24",11.23,11.23,11.18,11.18,-0.15,-1.32%,0
"2023-04-27 11:25",11.14,11.21,10.98,11.21,0.03,+0.27%,0
"2023-04-27 11:26",11.26,11.54,11.26,11.43,0.22,+1.96%,0
"2023-04-27 11:27",11.45,11.52,11.45,11.52,0.09,+0.79%,0
"2023-04-27 11:28",11.55,11.56,11.51,11.54,0.02,+0.17%,0
"2023-04-27 11:29",11.51,11.53,11.5,11.51,-0.03,-0.26%,0
"2023-04-27 11:30",11.51,11.53,11.45,11.53,0.02,+0.17%,0
"2023-04-27 11:31",11.51,11.51,11.41,11.5,-0.03,-0.26%,0
"2023-04-27 11:32",11.45,11.51,11.45,11.51,0.01,+0.09%,0
"2023-04-27 11:33",11.47,11.54,11.46,11.54,0.03,+0.26%,0
"2023-04-27 11:34",11.58,11.59,11.56,11.56,0.02,+0.17%,0
"2023-04-27 11:35",11.57,11.58,11.52,11.52,-0.04,-0.35%,0
"2023-04-27 11:36",11.52,11.52,11.5,11.52,0,0.00%,0
"2023-04-27 11:37",11.55,11.61,11.54,11.54,0.02,+0.17%,0
"2023-04-27 11:38",11.52,11.52,11.48,11.48,-0.06,-0.52%,0
"2023-04-27 11:39",11.52,11.52,11.46,11.46,-0.02,-0.17%,0
"2023-04-27 11:40",11.48,11.51,11.48,11.51,0.05,+0.44%,0
"2023-04-27 11:41",11.5,11.51,11.48,11.48,-0.03,-0.26%,0
"2023-04-27 11:42",11.5,11.5,11.48,11.48,0,0.00%,0
"2023-04-27 11:43",11.45,11.47,11.44,11.46,-0.02,-0.17%,0
"2023-04-27 11:44",11.46,11.51,11.46,11.51,0.05,+0.44%,0
"2023-04-27 11:45",11.5,11.54,11.49,11.49,-0.02,-0.17%,0
"2023-04-27 11:46",11.53,11.57,11.53,11.56,0.07,+0.61%,0
"2023-04-27 11:47",11.56,11.59,11.56,11.59,0.03,+0.26%,0
"2023-04-27 11:48",11.59,11.63,11.56,11.56,-0.03,-0.26%,0
"2023-04-27 11:49",11.54,11.54,11.53,11.54,-0.02,-0.17%,0
"2023-04-27 11:50",11.51,11.51,11.44,11.48,-0.06,-0.52%,0
"2023-04-27 11:51",11.49,11.52,11.49,11.5,0.02,+0.17%,0
"2023-04-27 11:52",11.48,11.52,11.48,11.52,0.02,+0.17%,0
"2023-04-27 11:53",11.46,11.48,11.45,11.46,-0.06,-0.52%,0
"2023-04-27 11:54",11.43,11.49,11.43,11.49,0.03,+0.26%,0
"2023-04-27 11:55",11.49,11.5,11.47,11.5,0.01,+0.09%,0
"2023-04-27 11:56",11.47,11.5,11.44,11.44,-0.06,-0.52%,0
"2023-04-27 11:57",11.4,11.44,11.4,11.44,0,0.00%,0
"2023-04-27 11:58",11.43,11.46,11.42,11.46,0.02,+0.17%,0
"2023-04-27 11:59",11.46,11.46,11.43,11.46,0,0.00%,0
"2023-04-27 12:00",11.42,11.42,11.37,11.37,-0.09,-0.79%,0
"2023-04-27 12:01",11.38,11.48,11.38,11.45,0.08,+0.70%,0
"2023-04-27 12:02",11.46,11.48,11.43,11.45,0,0.00%,0
"2023-04-27 12:03",11.57,11.66,11.55,11.6,0.15,+1.31%,0
"2023-04-27 12:04",11.58,11.64,11.58,11.61,0.01,+0.09%,0
"2023-04-27 12:05",11.62,11.64,11.58,11.58,-0.03,-0.26%,0
"2023-04-27 12:06",11.58,11.61,11.58,11.61,0.03,+0.26%,0
"2023-04-27 12:07",11.6,11.63,11.6,11.62,0.01,+0.09%,0
"2023-04-27 12:08",11.59,11.64,11.59,11.63,0.01,+0.09%,0
"2023-04-27 12:09",11.62,11.64,11.6,11.6,-0.03,-0.26%,0
"2023-04-27 12:10",11.6,11.65,11.6,11.65,0.05,+0.43%,0
"2023-04-27 12:11",11.65,11.69,11.65,11.65,0,0.00%,0
"2023-04-27 12:12",11.59,11.63,11.59,11.63,-0.02,-0.17%,0
"2023-04-27 12:13",11.6,11.65,11.6,11.63,0,0.00%,0
"2023-04-27 12:14",11.62,11.64,11.62,11.63,0,0.00%,0
"2023-04-27 12:15",11.63,11.65,11.63,11.64,0.01,+0.09%,0
"2023-04-27 12:16",11.64,11.67,11.64,11.65,0.01,+0.09%,0
"2023-04-27 12:17",11.62,11.62,11.61,11.61,-0.04,-0.34%,0
"2023-04-27 12:18",11.6,11.64,11.6,11.64,0.03,+0.26%,0
"2023-04-27 12:19",11.64,11.65,11.63,11.63,-0.01,-0.09%,0
"2023-04-27 12:20",11.67,11.69,11.67,11.69,0.06,+0.52%,0
"2023-04-27 12:21",11.68,11.73,11.68,11.73,0.04,+0.34%,0
"2023-04-27 12:22",11.68,11.68,11.65,11.67,-0.06,-0.51%,0
"2023-04-27 12:23",11.68,11.69,11.66,11.67,0,0.00%,0
"2023-04-27 12:24",11.68,11.7,11.68,11.68,0.01,+0.09%,0
"2023-04-27 12:25",11.68,11.7,11.68,11.7,0.02,+0.17%,0
"2023-04-27 12:26",11.7,11.72,11.7,11.72,0.02,+0.17%,0
"2023-04-27 12:27",11.73,11.74,11.73,11.74,0.02,+0.17%,0
"2023-04-27 12:28",11.73,11.75,11.72,11.72,-0.02,-0.17%,0
"2023-04-27 12:29",11.71,11.75,11.71,11.73,0.01,+0.09%,0
"2023-04-27 12:30",11.73,11.73,11.7,11.7,-0.03,-0.26%,0
"2023-04-27 12:31",11.7,11.71,11.68,11.68,-0.02,-0.17%,0
"2023-04-27 12:32",11.68,11.71,11.68,11.71,0.03,+0.26%,0
"2023-04-27 12:33",11.69,11.71,11.69,11.69,-0.02,-0.17%,0
"2023-04-27 12:34",11.69,11.73,11.69,11.73,0.04,+0.34%,0
"2023-04-27 12:35",11.7,11.73,11.7,11.73,0,0.00%,0
"2023-04-27 12:36",11.74,11.76,11.74,11.76,0.03,+0.26%,0
"2023-04-27 12:37",11.76,11.79,11.76,11.79,0.03,+0.26%,0
"2023-04-27 12:38",11.78,11.84,11.78,11.84,0.05,+0.42%,0
"2023-04-27 12:39",11.84,11.9,11.84,11.9,0.06,+0.51%,0
"2023-04-27 12:40",11.89,11.92,11.89,11.92,0.02,+0.17%,0
"2023-04-27 12:41",11.92,11.96,11.92,11.95,0.03,+0.25%,0
"2023-04-27 12:42",11.95,11.96,11.95,11.95,0,0.00%,0
"2023-04-27 12:43",11.94,11.94,11.91,11.92,-0.03,-0.25%,0
"2023-04-27 12:44",11.92,11.92,11.88,11.9,-0.02,-0.17%,0
"2023-04-27 12:45",11.89,11.91,11.89,11.91,0.01,+0.08%,0
"2023-04-27 12:46",11.9,11.95,11.9,11.95,0.04,+0.34%,0
"2023-04-27 12:47",11.96,11.99,11.96,11.96,0.01,+0.08%,0
"2023-04-27 12:48",11.99,12,11.98,11.98,0.02,+0.17%,0
"2023-04-27 12:49",12,12.02,12,12,0.02,+0.17%,0
"2023-04-27 12:50",11.97,11.97,11.93,11.93,-0.07,-0.58%,0
"2023-04-27 12:51",11.93,11.96,11.93,11.95,0.02,+0.17%,0
"2023-04-27 12:52",11.95,11.96,11.94,11.94,-0.01,-0.08%,0
"2023-04-27 12:53",11.94,11.99,11.94,11.99,0.05,+0.42%,0
"2023-04-27 12:54",11.99,12,11.98,11.98,-0.01,-0.08%,0
"2023-04-27 12:55",11.96,12.01,11.96,11.97,-0.01,-0.08%,0
"2023-04-27 12:56",12,12.03,12,12.01,0.04,+0.33%,0
"2023-04-27 12:57",12.01,12.03,12.01,12.03,0.02,+0.17%,0
"2023-04-27 12:58",12.02,12.05,12.02,12.02,-0.01,-0.08%,0
"2023-04-27 12:59",12.01,12.04,12.01,12.02,0,0.00%,0
"2023-04-27 13:00",12.03,12.05,12.03,12.04,0.02,+0.17%,0
"2023-04-27 13:01",12.06,12.08,12.03,12.03,-0.01,-0.08%,0
"2023-04-27 13:02",12.05,12.12,12.05,12.12,0.09,+0.75%,0
"2023-04-27 13:03",12.1,12.15,12.1,12.14,0.02,+0.17%,0
"2023-04-27 13:04",12.14,12.14,12.12,12.12,-0.02,-0.16%,0
"2023-04-27 13:05",12.12,12.17,12.12,12.16,0.04,+0.33%,0
"2023-04-27 13:06",12.18,12.24,12.18,12.24,0.08,+0.66%,0
"2023-04-27 13:07",12.23,12.25,12.23,12.24,0,0.00%,0
"2023-04-27 13:08",12.24,12.26,12.24,12.24,0,0.00%,0
"2023-04-27 13:09",12.23,12.26,12.23,12.26,0.02,+0.16%,0
"2023-04-27 13:10",12.24,12.26,12.24,12.25,-0.01,-0.08%,0
"2023-04-27 13:11",12.23,12.27,12.23,12.27,0.02,+0.16%,0
"2023-04-27 13:12",12.27,12.3,12.27,12.3,0.03,+0.24%,0
"2023-04-27 13:13",12.29,12.32,12.29,12.32,0.02,+0.16%,0
"2023-04-27 13:14",12.32,12.32,12.29,12.29,-0.03,-0.24%,0
"2023-04-27 13:15",12.3,12.32,12.3,12.3,0.01,+0.08%,0
"2023-04-27 13:16",12.3,12.32,12.3,12.32,0.02,+0.16%,0
"2023-04-27 13:17",12.34,12.37,12.34,12.37,0.05,+0.41%,0
"2023-04-27 13:18",12.35,12.4,12.35,12.4,0.03,+0.24%,0
"2023-04-27 13:19",12.41,12.44,12.41,12.44,0.04,+0.32%,0
"2023-04-27 13:20",12.43,12.47,12.43,12.46,0.02,+0.16%,0
"2023-04-27 13:21",12.46,12.47,12.46,12.47,0.01,+0.08%,0
"2023-04-27 13:22",12.47,12.56,12.47,12.56,0.09,+0.72%,0
"2023-04-27 13:23",12.57,12.58,12.55,12.55,-0.01,-0.08%,0
"2023-04-27 13:24",12.57,12.65,12.57,12.65,0.1,+0.80%,0
"2023-04-27 13:25",12.64,12.7,12.63,12.63,-0.02,-0.16%,0
"2023-04-27 13:26",12.63,12.71,12.63,12.71,0.08,+0.63%,0
"2023-04-27 13:27",12.68,12.72,12.68,12.71,0,0.00%,0
"2023-04-27 13:28",12.7,12.72,12.7,12.72,0.01,+0.08%,0
"2023-04-27 13:29",12.71,12.73,12.71,12.73,0.01,+0.08%,0
"2023-04-27 13:30",12.73,12.75,12.73,12.75,0.02,+0.16%,0
"2023-04-27 13:31",12.75,12.82,12.75,12.81,0.06,+0.47%,0
"2023-04-27 13:32",12.83,12.88,12.83,12.88,0.07,+0.55%,0
"2023-04-27 13:33",12.81,12.84,12.81,12.84,-0.04,-0.31%,0
"2023-04-27 13:34",12.84,13.11,12.84,13.09,0.25,+1.95%,0
"2023-04-27 13:35",13.03,13.11,13.03,13.11,0.02,+0.15%,0
"2023-04-27 13:36",13.15,13.25,13.15,13.25,0.14,+1.07%,0
"2023-04-27 13:37",13.24,13.45,13.24,13.45,0.2,+1.51%,0
"2023-04-27 13:38",13.39,13.39,13.26,13.27,-0.18,-1.34%,0
"2023-04-27 13:39",13.24,13.28,13.24,13.28,0.01,+0.08%,0
"2023-04-27 13:40",13.29,13.35,13.29,13.35,0.07,+0.53%,0
"2023-04-27 13:41",13.35,13.43,13.35,13.43,0.08,+0.60%,0
"2023-04-27 13:42",13.4,13.42,13.4,13.4,-0.03,-0.22%,0
"2023-04-27 13:43",13.43,13.48,13.43,13.48,0.08,+0.60%,0
"2023-04-27 13:44",13.51,13.55,13.51,13.51,0.03,+0.22%,0
"2023-04-27 13:45",13.51,13.54,13.51,13.54,0.03,+0.22%,0
"2023-04-27 13:46",13.56,13.62,13.56,13.62,0.08,+0.59%,0
"2023-04-27 13:47",13.65,13.77,13.65,13.75,0.13,+0.95%,0
"2023-04-27 13:48",13.75,13.82,13.75,13.82,0.07,+0.51%,0
"2023-04-27 13:49",13.95,14.06,13.88,13.88,0.06,+0.43%,0
"2023-04-27 13:50",13.85,13.99,13.85,13.99,0.11,+0.79%,0
"2023-04-27 13:51",13.96,14.08,13.96,14.08,0.09,+0.64%,0
"2023-04-27 13:52",14.2,14.37,14.2,14.37,0.29,+2.06%,0
"2023-04-27 13:53",14.35,14.46,14.35,14.46,0.09,+0.63%,0
"2023-04-27 13:54",14.47,14.55,14.47,14.55,0.09,+0.62%,0
"2023-04-27 13:55",14.53,14.53,14.47,14.48,-0.07,-0.48%,0
"2023-04-27 13:56",14.51,14.62,14.51,14.6,0.12,+0.83%,0
"2023-04-27 13:57",14.59,14.59,14.55,14.55,-0.05,-0.34%,0
"2023-04-27 13:58",14.54,14.56,14.5,14.5,-0.05,-0.34%,0
"2023-04-27 13:59",14.51,14.51,14.46,14.46,-0.04,-0.28%,0
"2023-04-27 14:00",14.44,14.44,14.39,14.39,-0.07,-0.48%,0
"2023-04-27 14:01",14.32,14.37,14.32,14.37,-0.02,-0.14%,0
"2023-04-27 14:02",14.33,14.35,14.31,14.33,-0.04,-0.28%,0
"2023-04-27 14:03",14.33,14.35,14.3,14.3,-0.03,-0.21%,0
"2023-04-27 14:04",14.3,14.37,14.3,14.37,0.07,+0.49%,0
"2023-04-27 14:05",14.37,14.4,14.37,14.39,0.02,+0.14%,0
"2023-04-27 14:06",14.4,14.4,14.37,14.37,-0.02,-0.14%,0
"2023-04-27 14:07",14.38,14.43,14.38,14.43,0.06,+0.42%,0
"2023-04-27 14:08",14.43,14.53,14.43,14.53,0.1,+0.69%,0
"2023-04-27 14:09",14.55,14.57,14.5,14.57,0.04,+0.28%,0
"2023-04-27 14:10",14.55,14.64,14.55,14.62,0.05,+0.34%,0
"2023-04-27 14:11",14.64,14.7,14.64,14.67,0.05,+0.34%,0
"2023-04-27 14:12",14.69,14.69,14.58,14.58,-0.09,-0.61%,0
"2023-04-27 14:13",14.57,14.63,14.57,14.63,0.05,+0.34%,0
"2023-04-27 14:14",14.64,14.64,14.56,14.56,-0.07,-0.48%,0
"2023-04-27 14:15",14.56,14.56,14.55,14.55,-0.01,-0.07%,0
"2023-04-27 14:16",14.54,14.57,14.5,14.5,-0.05,-0.34%,0
"2023-04-27 14:17",14.51,14.54,14.5,14.52,0.02,+0.14%,0
"2023-04-27 14:18",14.53,14.56,14.53,14.54,0.02,+0.14%,0
"2023-04-27 14:19",14.53,14.61,14.53,14.61,0.07,+0.48%,0
"2023-04-27 14:20",14.68,14.71,14.68,14.71,0.1,+0.68%,0
"2023-04-27 14:21",14.67,14.67,14.6,14.6,-0.11,-0.75%,0
"2023-04-27 14:22",14.56,14.57,14.56,14.57,-0.03,-0.21%,0
"2023-04-27 14:23",14.55,14.55,14.44,14.44,-0.13,-0.89%,0
"2023-04-27 14:24",14.4,14.4,14.35,14.35,-0.09,-0.62%,0
"2023-04-27 14:25",14.34,14.34,14.06,14.06,-0.29,-2.02%,0
"2023-04-27 14:26",14.08,14.08,14.03,14.03,-0.03,-0.21%,0
"2023-04-27 14:27",14.02,14.02,13.99,13.99,-0.04,-0.29%,0
"2023-04-27 14:28",13.99,14.03,13.99,14.02,0.03,+0.21%,0
"2023-04-27 14:29",14.04,14.09,14.04,14.09,0.07,+0.50%,0
"2023-04-27 14:30",14.16,14.23,14.16,14.23,0.14,+0.99%,0
"2023-04-27 14:31",14.23,14.25,14.12,14.12,-0.11,-0.77%,0
"2023-04-27 14:32",14.1,14.2,14.1,14.18,0.06,+0.42%,0
"2023-04-27 14:33",14.16,14.29,14.16,14.29,0.11,+0.78%,0
"2023-04-27 14:34",14.28,14.28,14.22,14.22,-0.07,-0.49%,0
"2023-04-27 14:35",14.24,14.3,14.24,14.3,0.08,+0.56%,0
"2023-04-27 14:36",14.3,14.39,14.3,14.39,0.09,+0.63%,0
"2023-04-27 14:37",14.33,14.41,14.33,14.4,0.01,+0.07%,0
"2023-04-27 14:38",14.35,14.44,14.35,14.44,0.04,+0.28%,0
"2023-04-27 14:39",14.45,14.48,14.44,14.44,0,0.00%,0
"2023-04-27 14:40",14.42,14.48,14.42,14.47,0.03,+0.21%,0
"2023-04-27 14:41",14.47,14.48,14.46,14.46,-0.01,-0.07%,0
"2023-04-27 14:42",14.48,14.51,14.48,14.5,0.04,+0.28%,0
"2023-04-27 14:43",14.5,14.5,14.46,14.46,-0.04,-0.28%,0
"2023-04-27 14:44",14.44,14.46,14.44,14.46,0,0.00%,0
"2023-04-27 14:45",14.46,14.46,14.43,14.43,-0.03,-0.21%,0
"2023-04-27 14:46",14.44,14.5,14.44,14.5,0.07,+0.49%,0
"2023-04-27 14:47",14.53,14.6,14.53,14.6,0.1,+0.69%,0
"2023-04-27 14:48",14.6,14.6,14.56,14.56,-0.04,-0.27%,0
"2023-04-27 14:49",14.56,14.56,14.53,14.53,-0.03,-0.21%,0
"2023-04-27 14:50",14.56,14.59,14.55,14.59,0.06,+0.41%,0
"2023-04-27 14:51",14.62,14.76,14.62,14.76,0.17,+1.17%,0
"2023-04-27 14:52",14.77,14.77,14.73,14.74,-0.02,-0.14%,0
"2023-04-27 14:53",14.76,14.76,14.69,14.71,-0.03,-0.20%,0
"2023-04-27 14:54",14.71,14.74,14.68,14.68,-0.03,-0.20%,0
"2023-04-27 14:55",14.67,14.75,14.67,14.75,0.07,+0.48%,0
"2023-04-27 14:56",14.77,15.05,14.77,15.05,0.3,+2.03%,0
"2023-04-27 14:57",15.07,15.15,15.07,15.15,0.1,+0.66%,0
"2023-04-27 14:58",15.19,15.26,15.19,15.26,0.11,+0.73%,0
"2023-04-27 14:59",15.26,15.36,15.26,15.3,0.04,+0.26%,0
"2023-04-27 15:00",15.24,15.32,15.24,15.32,0.02,+0.13%,0
"2023-04-27 15:01",15.31,15.33,15.31,15.32,0,0.00%,0
"2023-04-27 15:02",15.36,15.46,15.36,15.46,0.14,+0.91%,0
"2023-04-27 15:03",15.46,15.47,15.46,15.47,0.01,+0.06%,0
"2023-04-27 15:04",15.47,15.5,15.47,15.47,0,0.00%,0
"2023-04-27 15:05",15.48,15.53,15.48,15.52,0.05,+0.32%,0
"2023-04-27 15:06",15.5,15.54,15.5,15.54,0.02,+0.13%,0
"2023-04-27 15:07",15.56,15.57,15.56,15.57,0.03,+0.19%,0
"2023-04-27 15:08",15.56,15.59,15.56,15.58,0.01,+0.06%,0
"2023-04-27 15:09",15.54,15.55,15.51,15.51,-0.07,-0.45%,0
"2023-04-27 15:10",15.51,15.56,15.51,15.54,0.03,+0.19%,0
"2023-04-27 15:11",15.52,15.52,15.48,15.48,-0.06,-0.39%,0
"2023-04-27 15:12",15.46,15.47,15.42,15.42,-0.06,-0.39%,0
"2023-04-27 15:13",15.45,15.46,15.44,15.44,0.02,+0.13%,0
"2023-04-27 15:14",15.43,15.44,15.38,15.38,-0.06,-0.39%,0
"2023-04-27 15:15",15.37,15.37,15.28,15.28,-0.1,-0.65%,0
"2023-04-27 15:16",15.29,15.31,15.27,15.27,-0.01,-0.07%,0
"2023-04-27 15:17",15.28,15.32,15.28,15.31,0.04,+0.26%,0
"2023-04-27 15:18",15.33,15.35,15.32,15.32,0.01,+0.07%,0
"2023-04-27 15:19",15.32,15.35,15.32,15.33,0.01,+0.07%,0
"2023-04-27 15:20",15.33,15.33,15.32,15.32,-0.01,-0.07%,0
"2023-04-27 15:21",15.32,15.32,15.25,15.25,-0.07,-0.46%,0
"2023-04-27 15:22",15.22,15.22,15.2,15.2,-0.05,-0.33%,0
"2023-04-27 15:23",15.18,15.2,15.18,15.2,0,0.00%,0
"2023-04-27 15:24",15.19,15.22,15.19,15.22,0.02,+0.13%,0
"2023-04-27 15:25",15.23,15.24,15.21,15.21,-0.01,-0.07%,0
"2023-04-27 15:26",15.21,15.22,15.21,15.22,0.01,+0.07%,0
"2023-04-27 15:27",15.25,15.28,15.25,15.28,0.06,+0.39%,0
"2023-04-27 15:28",15.27,15.3,15.27,15.3,0.02,+0.13%,0
"2023-04-27 15:29",15.29,15.32,15.29,15.31,0.01,+0.07%,0
"2023-04-27 15:30",15.31,15.31,15.25,15.26,-0.05,-0.33%,0
"2023-04-27 15:31",15.28,15.28,15.24,15.24,-0.02,-0.13%,0
"2023-04-27 15:32",15.24,15.26,15.24,15.25,0.01,+0.07%,0
"2023-04-27 15:33",15.28,15.29,15.25,15.25,0,0.00%,0
"2023-04-27 15:34",15.28,15.28,15.26,15.27,0.02,+0.13%,0
"2023-04-27 15:35",15.26,15.26,15.2,15.2,-0.07,-0.46%,0
"2023-04-27 15:36",15.18,15.19,15.15,15.15,-0.05,-0.33%,0
"2023-04-27 15:37",15.17,15.19,15.16,15.19,0.04,+0.26%,0
"2023-04-27 15:38",15.19,15.19,15.18,15.18,-0.01,-0.07%,0
"2023-04-27 15:39",15.2,15.23,15.2,15.2,0.02,+0.13%,0
"2023-04-27 15:40",15.19,15.21,15.16,15.16,-0.04,-0.26%,0
"2023-04-27 15:41",15.16,15.18,15.16,15.18,0.02,+0.13%,0
"2023-04-27 15:42",15.18,15.22,15.18,15.22,0.04,+0.26%,0
"2023-04-27 15:43",15.24,15.39,15.24,15.39,0.17,+1.12%,0
"2023-04-27 15:44",15.35,15.36,15.34,15.34,-0.05,-0.32%,0
"2023-04-27 15:45",15.34,15.37,15.34,15.37,0.03,+0.20%,0
"2023-04-27 15:46",15.33,15.51,15.33,15.51,0.14,+0.91%,0
"2023-04-27 15:47",15.51,15.52,15.51,15.51,0,0.00%,0
"2023-04-27 15:48",15.49,15.49,15.4,15.4,-0.11,-0.71%,0
"2023-04-27 15:49",15.41,15.43,15.41,15.41,0.01,+0.06%,0
"2023-04-27 15:50",15.46,15.46,15.4,15.46,0.05,+0.32%,0
"2023-04-27 15:51",15.43,15.49,15.43,15.49,0.03,+0.19%,0
"2023-04-27 15:52",15.49,15.49,15.36,15.37,-0.12,-0.77%,0
"2023-04-27 15:53",15.38,15.43,15.38,15.43,0.06,+0.39%,0
"2023-04-27 15:54",15.42,15.47,15.42,15.45,0.02,+0.13%,0
"2023-04-27 15:55",15.47,15.52,15.47,15.5,0.05,+0.32%,0
"2023-04-27 15:56",15.5,15.51,15.47,15.49,-0.01,-0.06%,0
"2023-04-27 15:57",15.51,15.55,15.51,15.55,0.06,+0.39%,0
"2023-04-27 15:58",15.55,15.56,15.53,15.53,-0.02,-0.13%,0
"2023-04-27 15:59",15.54,15.54,15.51,15.51,-0.02,-0.13%,0
"2023-04-27 16:00",15.49,15.49,15.42,15.48,-0.03,-0.19%,0
"2023-04-27 16:01",15.48,15.48,15.1,15.1,-0.38,-2.45%,0
"2023-04-27 16:02",14.9,14.9,14.69,14.69,-0.41,-2.72%,0
"2023-04-27 16:03",14.71,14.71,14.56,14.57,-0.12,-0.82%,0
"2023-04-27 16:04",14.58,14.8,14.58,14.74,0.17,+1.17%,0
"2023-04-27 16:05",14.73,14.93,14.73,14.93,0.19,+1.29%,0
"2023-04-27 16:06",14.93,14.99,14.93,14.97,0.04,+0.27%,0
"2023-04-27 16:07",14.95,14.96,14.9,14.9,-0.07,-0.47%,0
"2023-04-27 16:08",14.92,15.04,14.92,15,0.1,+0.67%,0
"2023-04-27 16:09",15.07,15.16,15.07,15.16,0.16,+1.07%,0
"2023-04-27 16:10",15.15,15.16,15.14,15.16,0,0.00%,0
"2023-04-27 16:11",15.1,15.1,15.03,15.04,-0.12,-0.79%,0
"2023-04-27 16:12",15.07,15.19,15.07,15.17,0.13,+0.86%,0
"2023-04-27 16:13",15.17,15.31,15.17,15.31,0.14,+0.92%,0
"2023-04-27 16:14",15.33,15.4,15.33,15.4,0.09,+0.59%,0
"2023-04-27 16:15",15.28,15.28,15.28,15.28,-0.12,-0.78%,0
"2023-04-28 09:31",10.35,10.36,10.3,10.3,-4.98,-32.59%,0
"2023-04-28 09:32",10.36,10.36,10.27,10.34,0.04,+0.39%,0
"2023-04-28 09:33",10.31,10.39,10.31,10.31,-0.03,-0.29%,0
"2023-04-28 09:34",10.3,10.3,10.17,10.23,-0.08,-0.78%,0
"2023-04-28 09:35",10.21,10.21,10.16,10.18,-0.05,-0.49%,0
"2023-04-28 09:36",10.15,10.21,10.15,10.19,0.01,+0.10%,0
"2023-04-28 09:37",10.22,10.25,10.21,10.21,0.02,+0.20%,0
"2023-04-28 09:38",10.17,10.24,10.17,10.2,-0.01,-0.10%,0
"2023-04-28 09:39",10.24,10.24,10.12,10.13,-0.07,-0.69%,0
"2023-04-28 09:40",10.18,10.31,10.18,10.3,0.17,+1.68%,0
"2023-04-28 09:41",10.3,10.37,10.3,10.37,0.07,+0.68%,0
"2023-04-28 09:42",10.32,10.35,10.32,10.33,-0.04,-0.39%,0
"2023-04-28 09:43",10.31,10.42,10.31,10.42,0.09,+0.87%,0
"2023-04-28 09:44",10.42,10.49,10.42,10.48,0.06,+0.58%,0
"2023-04-28 09:45",10.48,10.5,10.43,10.43,-0.05,-0.48%,0
"2023-04-28 09:46",10.44,10.44,10.36,10.36,-0.07,-0.67%,0
"2023-04-28 09:47",10.36,10.47,10.36,10.44,0.08,+0.77%,0
"2023-04-28 09:48",10.48,10.49,10.46,10.46,0.02,+0.19%,0
"2023-04-28 09:49",10.47,10.5,10.47,10.48,0.02,+0.19%,0
"2023-04-28 09:50",10.42,10.45,10.42,10.45,-0.03,-0.29%,0
"2023-04-28 09:51",10.47,10.52,10.47,10.5,0.05,+0.48%,0
"2023-04-28 09:52",10.5,10.5,10.49,10.5,0,0.00%,0
"2023-04-28 09:53",10.5,10.56,10.5,10.53,0.03,+0.29%,0
"2023-04-28 09:54",10.49,10.51,10.49,10.51,-0.02,-0.19%,0
"2023-04-28 09:55",10.51,10.54,10.5,10.5,-0.01,-0.10%,0
"2023-04-28 09:56",10.53,10.56,10.51,10.56,0.06,+0.57%,0
"2023-04-28 09:57",10.56,10.59,10.56,10.57,0.01,+0.09%,0
"2023-04-28 09:58",10.55,10.55,10.51,10.53,-0.04,-0.38%,0
"2023-04-28 09:59",10.52,10.57,10.52,10.57,0.04,+0.38%,0
"2023-04-28 10:00",10.6,10.6,10.41,10.44,-0.13,-1.23%,0
"2023-04-28 10:01",10.45,10.58,10.4,10.4,-0.04,-0.38%,0
"2023-04-28 10:02",10.33,10.37,10.32,10.32,-0.08,-0.77%,0
"2023-04-28 10:03",10.3,10.4,10.3,10.4,0.08,+0.78%,0
"2023-04-28 10:04",10.34,10.38,10.34,10.35,-0.05,-0.48%,0
"2023-04-28 10:05",10.36,10.45,10.36,10.45,0.1,+0.97%,0
"2023-04-28 10:06",10.53,10.53,10.45,10.51,0.06,+0.57%,0
"2023-04-28 10:07",10.68,10.68,10.45,10.45,-0.06,-0.57%,0
"2023-04-28 10:08",10.47,10.62,10.47,10.62,0.17,+1.63%,0
"2023-04-28 10:09",10.74,11.43,10.74,11.43,0.81,+7.63%,0
"2023-04-28 10:10",11.56,11.58,11.48,11.58,0.15,+1.31%,0
"2023-04-28 10:11",11.75,12.65,11.75,12.65,1.07,+9.24%,0
"2023-04-28 10:12",12.78,12.78,12.05,12.05,-0.6,-4.74%,0
"2023-04-28 10:13",11.82,11.82,11.38,11.38,-0.67,-5.56%,0
"2023-04-28 10:14",11.36,11.92,11.36,11.92,0.54,+4.75%,0
"2023-04-28 10:15",11.94,12.02,11.94,11.95,0.03,+0.25%,0
"2023-04-28 10:16",11.94,12.02,11.94,12.02,0.07,+0.59%,0
"2023-04-28 10:17",12.01,12.03,11.98,12.03,0.01,+0.08%,0
"2023-04-28 10:18",12,12.12,12,12.12,0.09,+0.75%,0
"2023-04-28 10:19",12.15,12.15,12.06,12.08,-0.04,-0.33%,0
"2023-04-28 10:20",12.16,12.27,12.16,12.24,0.16,+1.32%,0
"2023-04-28 10:21",12.07,12.07,11.76,11.76,-0.48,-3.92%,0
"2023-04-28 10:22",11.81,11.81,11.72,11.72,-0.04,-0.34%,0
"2023-04-28 10:23",11.73,11.77,11.73,11.76,0.04,+0.34%,0
"2023-04-28 10:24",11.74,11.75,11.72,11.75,-0.01,-0.09%,0
"2023-04-28 10:25",11.81,11.91,11.81,11.88,0.13,+1.11%,0
"2023-04-28 10:26",11.87,11.87,11.81,11.85,-0.03,-0.25%,0
"2023-04-28 10:27",11.85,11.85,11.63,11.63,-0.22,-1.86%,0
"2023-04-28 10:28",11.64,11.7,11.64,11.7,0.07,+0.60%,0
"2023-04-28 10:29",11.69,11.69,11.61,11.61,-0.09,-0.77%,0
"2023-04-28 10:30",11.62,11.67,11.62,11.64,0.03,+0.26%,0
"2023-04-28 10:31",11.64,11.68,11.56,11.56,-0.08,-0.69%,0
"2023-04-28 10:32",11.58,11.7,11.58,11.7,0.14,+1.21%,0
"2023-04-28 10:33",11.61,11.61,11.6,11.61,-0.09,-0.77%,0
"2023-04-28 10:34",11.64,11.68,11.61,11.62,0.01,+0.09%,0
"2023-04-28 10:35",11.6,11.62,11.59,11.62,0,0.00%,0
"2023-04-28 10:36",11.62,11.64,11.6,11.6,-0.02,-0.17%,0
"2023-04-28 10:37",11.53,11.53,11.41,11.41,-0.19,-1.64%,0
"2023-04-28 10:38",11.4,11.44,11.3,11.37,-0.04,-0.35%,0
"2023-04-28 10:39",11.36,11.36,11.18,11.18,-0.19,-1.67%,0
"2023-04-28 10:40",11.23,11.42,11.23,11.4,0.22,+1.97%,0
"2023-04-28 10:41",11.49,11.69,11.49,11.69,0.29,+2.54%,0
"2023-04-28 10:42",11.78,11.84,11.76,11.83,0.14,+1.20%,0
"2023-04-28 10:43",11.86,11.88,11.86,11.87,0.04,+0.34%,0
"2023-04-28 10:44",11.92,12,11.92,12,0.13,+1.10%,0
"2023-04-28 10:45",12.01,12.01,11.78,11.79,-0.21,-1.75%,0
"2023-04-28 10:46",11.75,11.76,11.73,11.73,-0.06,-0.51%,0
"2023-04-28 10:47",11.66,11.66,11.6,11.6,-0.13,-1.11%,0
"2023-04-28 10:48",11.55,11.56,11.46,11.46,-0.14,-1.21%,0
"2023-04-28 10:49",11.45,11.45,11.34,11.36,-0.1,-0.87%,0
"2023-04-28 10:50",11.39,11.39,11.36,11.37,0.01,+0.09%,0
"2023-04-28 10:51",11.36,11.39,11.36,11.38,0.01,+0.09%,0
"2023-04-28 10:52",11.33,11.41,11.33,11.41,0.03,+0.26%,0
"2023-04-28 10:53",11.41,11.41,11.39,11.39,-0.02,-0.18%,0
"2023-04-28 10:54",11.39,11.39,11.31,11.31,-0.08,-0.70%,0
"2023-04-28 10:55",11.3,11.3,11.22,11.22,-0.09,-0.80%,0
"2023-04-28 10:56",11.27,11.63,11.27,11.63,0.41,+3.65%,0
"2023-04-28 10:57",11.65,12.04,11.65,12,0.37,+3.18%,0
"2023-04-28 10:58",11.99,12.27,11.79,12.27,0.27,+2.25%,0
"2023-04-28 10:59",12.32,12.32,12.02,12.02,-0.25,-2.04%,0
"2023-04-28 11:00",12.05,12.55,12.05,12.55,0.53,+4.41%,0
"2023-04-28 11:01",12.74,13.24,12.74,13.24,0.69,+5.50%,0
"2023-04-28 11:02",13.34,13.34,12.43,12.43,-0.81,-6.12%,0
"2023-04-28 11:03",12.42,12.57,12.42,12.57,0.14,+1.13%,0
"2023-04-28 11:04",12.51,12.51,12.46,12.49,-0.08,-0.64%,0
"2023-04-28 11:05",12.51,12.51,12.09,12.09,-0.4,-3.20%,0
"2023-04-28 11:06",12.01,12.01,11.93,11.93,-0.16,-1.32%,0
"2023-04-28 11:07",11.87,11.91,11.73,11.73,-0.2,-1.68%,0
"2023-04-28 11:08",11.66,11.68,11.66,11.67,-0.06,-0.51%,0
"2023-04-28 11:09",11.73,11.77,11.73,11.77,0.1,+0.86%,0
"2023-04-28 11:10",11.77,11.82,11.77,11.82,0.05,+0.42%,0
"2023-04-28 11:11",11.75,11.8,11.75,11.78,-0.04,-0.34%,0
"2023-04-28 11:12",11.75,11.83,11.75,11.81,0.03,+0.25%,0
"2023-04-28 11:13",11.77,11.82,11.77,11.78,-0.03,-0.25%,0
"2023-04-28 11:14",11.81,11.84,11.8,11.84,0.06,+0.51%,0
"2023-04-28 11:15",11.82,11.9,11.82,11.83,-0.01,-0.08%,0
"2023-04-28 11:16",11.71,11.71,11.63,11.63,-0.2,-1.69%,0
"2023-04-28 11:17",11.6,11.67,11.6,11.67,0.04,+0.34%,0
"2023-04-28 11:18",11.72,11.73,11.71,11.71,0.04,+0.34%,0
"2023-04-28 11:19",11.71,11.75,11.63,11.63,-0.08,-0.68%,0
"2023-04-28 11:20",11.66,11.69,11.65,11.69,0.06,+0.52%,0
"2023-04-28 11:21",11.7,11.73,11.68,11.68,-0.01,-0.09%,0
"2023-04-28 11:22",11.68,11.75,11.68,11.75,0.07,+0.60%,0
"2023-04-28 11:23",11.73,11.76,11.73,11.76,0.01,+0.09%,0
"2023-04-28 11:24",11.69,11.7,11.68,11.68,-0.08,-0.68%,0
"2023-04-28 11:25",11.7,11.71,11.67,11.68,0,0.00%,0
"2023-04-28 11:26",11.71,11.72,11.59,11.59,-0.09,-0.77%,0
"2023-04-28 11:27",11.61,11.71,11.61,11.71,0.12,+1.04%,0
"2023-04-28 11:28",11.72,11.76,11.68,11.68,-0.03,-0.26%,0
"2023-04-28 11:29",11.77,11.88,11.77,11.88,0.2,+1.71%,0
"2023-04-28 11:30",11.76,11.76,11.66,11.69,-0.19,-1.60%,0
"2023-04-28 11:31",11.65,11.74,11.65,11.74,0.05,+0.43%,0
"2023-04-28 11:32",11.76,11.79,11.76,11.77,0.03,+0.26%,0
"2023-04-28 11:33",11.76,11.81,11.74,11.74,-0.03,-0.25%,0
"2023-04-28 11:34",11.69,11.71,11.67,11.67,-0.07,-0.60%,0
"2023-04-28 11:35",11.65,11.65,11.64,11.64,-0.03,-0.26%,0
"2023-04-28 11:36",11.66,11.69,11.64,11.69,0.05,+0.43%,0
"2023-04-28 11:37",11.74,11.76,11.73,11.76,0.07,+0.60%,0
"2023-04-28 11:38",11.78,11.78,11.72,11.72,-0.04,-0.34%,0
"2023-04-28 11:39",11.72,11.75,11.72,11.75,0.03,+0.26%,0
"2023-04-28 11:40",11.77,11.86,11.77,11.82,0.07,+0.60%,0
"2023-04-28 11:41",11.82,11.82,11.75,11.75,-0.07,-0.59%,0
"2023-04-28 11:42",11.74,11.74,11.68,11.68,-0.07,-0.60%,0
"2023-04-28 11:43",11.68,11.69,11.63,11.69,0.01,+0.09%,0
"2023-04-28 11:44",11.7,11.7,11.68,11.69,0,0.00%,0
"2023-04-28 11:45",11.68,11.73,11.68,11.71,0.02,+0.17%,0
"2023-04-28 11:46",11.67,11.67,11.57,11.57,-0.14,-1.20%,0
"2023-04-28 11:47",11.61,11.66,11.61,11.66,0.09,+0.78%,0
"2023-04-28 11:48",11.62,11.64,11.6,11.6,-0.06,-0.51%,0
"2023-04-28 11:49",11.58,11.63,11.55,11.57,-0.03,-0.26%,0
"2023-04-28 11:50",11.57,11.6,11.57,11.59,0.02,+0.17%,0
"2023-04-28 11:51",11.53,11.58,11.53,11.58,-0.01,-0.09%,0
"2023-04-28 11:52",11.55,11.55,11.53,11.54,-0.04,-0.35%,0
"2023-04-28 11:53",11.52,11.57,11.52,11.54,0,0.00%,0
"2023-04-28 11:54",11.52,11.58,11.52,11.57,0.03,+0.26%,0
"2023-04-28 11:55",11.59,11.6,11.56,11.56,-0.01,-0.09%,0
"2023-04-28 11:56",11.56,11.56,11.54,11.54,-0.02,-0.17%,0
"2023-04-28 11:57",11.52,11.52,11.5,11.52,-0.02,-0.17%,0
"2023-04-28 11:58",11.52,11.52,11.46,11.48,-0.04,-0.35%,0
"2023-04-28 11:59",11.47,11.5,11.47,11.5,0.02,+0.17%,0
"2023-04-28 12:00",11.51,11.61,11.51,11.61,0.11,+0.96%,0
"2023-04-28 12:01",11.63,11.65,11.63,11.63,0.02,+0.17%,0
"2023-04-28 12:02",11.61,11.67,11.61,11.67,0.04,+0.34%,0
"2023-04-28 12:03",11.64,11.7,11.64,11.68,0.01,+0.09%,0
"2023-04-28 12:04",11.7,11.75,11.7,11.75,0.07,+0.60%,0
"2023-04-28 12:05",11.74,11.74,11.62,11.62,-0.13,-1.11%,0
"2023-04-28 12:06",11.68,11.8,11.68,11.8,0.18,+1.55%,0
"2023-04-28 12:07",11.85,11.88,11.84,11.84,0.04,+0.34%,0
"2023-04-28 12:08",11.85,11.85,11.82,11.82,-0.02,-0.17%,0
"2023-04-28 12:09",11.8,11.87,11.8,11.87,0.05,+0.42%,0
"2023-04-28 12:10",11.86,11.92,11.86,11.92,0.05,+0.42%,0
"2023-04-28 12:11",11.91,11.94,11.91,11.94,0.02,+0.17%,0
"2023-04-28 12:12",11.92,11.94,11.92,11.93,-0.01,-0.08%,0
"2023-04-28 12:13",11.93,11.94,11.91,11.94,0.01,+0.08%,0
"2023-04-28 12:14",11.94,11.95,11.94,11.95,0.01,+0.08%,0
"2023-04-28 12:15",11.96,11.99,11.96,11.98,0.03,+0.25%,0
"2023-04-28 12:16",11.96,11.97,11.91,11.91,-0.07,-0.58%,0
"2023-04-28 12:17",11.93,11.96,11.88,11.88,-0.03,-0.25%,0
"2023-04-28 12:18",11.93,11.97,11.93,11.96,0.08,+0.67%,0
"2023-04-28 12:19",11.94,11.95,11.92,11.92,-0.04,-0.33%,0
"2023-04-28 12:20",11.92,11.98,11.92,11.98,0.06,+0.50%,0
"2023-04-28 12:21",11.92,11.92,11.86,11.89,-0.09,-0.75%,0
"2023-04-28 12:22",11.93,11.94,11.93,11.93,0.04,+0.34%,0
"2023-04-28 12:23",11.94,11.94,11.93,11.93,0,0.00%,0
"2023-04-28 12:24",11.89,11.97,11.89,11.97,0.04,+0.34%,0
"2023-04-28 12:25",11.96,11.99,11.96,11.99,0.02,+0.17%,0
"2023-04-28 12:26",12.05,12.05,11.96,11.98,-0.01,-0.08%,0
"2023-04-28 12:27",11.95,11.98,11.95,11.97,-0.01,-0.08%,0
"2023-04-28 12:28",11.96,12,11.93,12,0.03,+0.25%,0
"2023-04-28 12:29",12,12.01,11.97,11.97,-0.03,-0.25%,0
"2023-04-28 12:30",11.97,12.02,11.97,12.02,0.05,+0.42%,0
"2023-04-28 12:31",12.04,12.06,12.03,12.03,0.01,+0.08%,0
"2023-04-28 12:32",12.01,12.01,11.95,12,-0.03,-0.25%,0
"2023-04-28 12:33",11.99,11.99,11.92,11.92,-0.08,-0.67%,0
"2023-04-28 12:34",11.9,11.96,11.9,11.96,0.04,+0.34%,0
"2023-04-28 12:35",11.97,11.97,11.9,11.9,-0.06,-0.50%,0
"2023-04-28 12:36",11.91,11.95,11.9,11.9,0,0.00%,0
"2023-04-28 12:37",11.9,11.91,11.89,11.89,-0.01,-0.08%,0
"2023-04-28 12:38",11.9,11.95,11.9,11.95,0.06,+0.50%,0
"2023-04-28 12:39",11.92,11.96,11.92,11.95,0,0.00%,0
"2023-04-28 12:40",11.95,11.98,11.95,11.95,0,0.00%,0
"2023-04-28 12:41",11.91,11.94,11.91,11.92,-0.03,-0.25%,0
"2023-04-28 12:42",11.92,11.94,11.91,11.91,-0.01,-0.08%,0
"2023-04-28 12:43",11.9,11.9,11.88,11.88,-0.03,-0.25%,0
"2023-04-28 12:44",11.88,11.96,11.88,11.96,0.08,+0.67%,0
"2023-04-28 12:45",11.96,12.01,11.95,12.01,0.05,+0.42%,0
"2023-04-28 12:46",12.01,12.06,12.01,12.04,0.03,+0.25%,0
"2023-04-28 12:47",12.09,12.09,12.05,12.05,0.01,+0.08%,0
"2023-04-28 12:48",12.09,12.1,12.09,12.1,0.05,+0.41%,0
"2023-04-28 12:49",12.07,12.15,12.07,12.15,0.05,+0.41%,0
"2023-04-28 12:50",12.15,12.16,12.13,12.13,-0.02,-0.16%,0
"2023-04-28 12:51",12.13,12.13,12.09,12.09,-0.04,-0.33%,0
"2023-04-28 12:52",12.11,12.12,12.08,12.08,-0.01,-0.08%,0
"2023-04-28 12:53",12.07,12.09,12.07,12.09,0.01,+0.08%,0
"2023-04-28 12:54",12.08,12.08,12.05,12.05,-0.04,-0.33%,0
"2023-04-28 12:55",12.07,12.09,12.05,12.05,0,0.00%,0
"2023-04-28 12:56",12.05,12.08,12.04,12.04,-0.01,-0.08%,0
"2023-04-28 12:57",12.06,12.06,11.99,11.99,-0.05,-0.42%,0
"2023-04-28 12:58",11.99,12.02,11.98,11.98,-0.01,-0.08%,0
"2023-04-28 12:59",11.97,11.99,11.96,11.97,-0.01,-0.08%,0
"2023-04-28 13:00",11.97,11.98,11.89,11.89,-0.08,-0.67%,0
"2023-04-28 13:01",11.89,11.92,11.86,11.92,0.03,+0.25%,0
"2023-04-28 13:02",11.94,11.99,11.94,11.99,0.07,+0.59%,0
"2023-04-28 13:03",12.01,12.04,12.01,12.01,0.02,+0.17%,0
"2023-04-28 13:04",12.01,12.04,11.99,11.99,-0.02,-0.17%,0
"2023-04-28 13:05",11.97,12,11.94,11.96,-0.03,-0.25%,0
"2023-04-28 13:06",11.94,11.95,11.92,11.93,-0.03,-0.25%,0
"2023-04-28 13:07",11.93,11.95,11.92,11.95,0.02,+0.17%,0
"2023-04-28 13:08",11.94,11.95,11.94,11.95,0,0.00%,0
"2023-04-28 13:09",11.94,11.96,11.94,11.96,0.01,+0.08%,0
"2023-04-28 13:10",11.97,12,11.97,11.97,0.01,+0.08%,0
"2023-04-28 13:11",11.95,11.95,11.94,11.94,-0.03,-0.25%,0
"2023-04-28 13:12",11.95,11.98,11.95,11.98,0.04,+0.34%,0
"2023-04-28 13:13",11.96,11.97,11.96,11.97,-0.01,-0.08%,0
"2023-04-28 13:14",11.98,11.99,11.98,11.99,0.02,+0.17%,0
"2023-04-28 13:15",11.99,12.07,11.99,12.07,0.08,+0.67%,0
"2023-04-28 13:16",12.06,12.08,12.06,12.08,0.01,+0.08%,0
"2023-04-28 13:17",12.06,12.11,12.06,12.11,0.03,+0.25%,0
"2023-04-28 13:18",12.1,12.21,12.1,12.21,0.1,+0.83%,0
"2023-04-28 13:19",12.21,12.23,12.21,12.23,0.02,+0.16%,0
"2023-04-28 13:20",12.21,12.25,12.21,12.22,-0.01,-0.08%,0
"2023-04-28 13:21",12.28,12.38,12.28,12.38,0.16,+1.31%,0
"2023-04-28 13:22",12.41,12.5,12.41,12.49,0.11,+0.89%,0
"2023-04-28 13:23",12.48,12.49,12.48,12.49,0,0.00%,0
"2023-04-28 13:24",12.49,12.52,12.49,12.5,0.01,+0.08%,0
"2023-04-28 13:25",12.5,12.58,12.5,12.58,0.08,+0.64%,0
"2023-04-28 13:26",12.59,12.62,12.59,12.61,0.03,+0.24%,0
"2023-04-28 13:27",12.61,12.62,12.61,12.61,0,0.00%,0
"2023-04-28 13:28",12.61,12.62,12.61,12.62,0.01,+0.08%,0
"2023-04-28 13:29",12.63,12.7,12.63,12.68,0.06,+0.48%,0
"2023-04-28 13:30",12.68,12.69,12.67,12.68,0,0.00%,0
"2023-04-28 13:31",12.67,12.72,12.67,12.72,0.04,+0.32%,0
"2023-04-28 13:32",12.7,12.73,12.7,12.73,0.01,+0.08%,0
"2023-04-28 13:33",12.72,12.77,12.72,12.74,0.01,+0.08%,0
"2023-04-28 13:34",12.75,12.82,12.75,12.82,0.08,+0.63%,0
"2023-04-28 13:35",12.8,12.84,12.8,12.84,0.02,+0.16%,0
"2023-04-28 13:36",12.85,12.89,12.85,12.87,0.03,+0.23%,0
"2023-04-28 13:37",12.87,13,12.87,13,0.13,+1.01%,0
"2023-04-28 13:38",13.1,13.1,12.99,12.99,-0.01,-0.08%,0
"2023-04-28 13:39",12.94,13.01,12.94,12.99,0,0.00%,0
"2023-04-28 13:40",13,13.03,13,13.03,0.04,+0.31%,0
"2023-04-28 13:41",13.01,13.06,13.01,13.05,0.02,+0.15%,0
"2023-04-28 13:42",13.07,13.1,13.05,13.05,0,0.00%,0
"2023-04-28 13:43",13.06,13.07,13.04,13.07,0.02,+0.15%,0
"2023-04-28 13:44",13.08,13.11,13.08,13.11,0.04,+0.31%,0
"2023-04-28 13:45",13.11,13.12,13.1,13.12,0.01,+0.08%,0
"2023-04-28 13:46",13.12,13.17,13.12,13.17,0.05,+0.38%,0
"2023-04-28 13:47",13.2,13.22,13.17,13.17,0,0.00%,0
"2023-04-28 13:48",13.16,13.22,13.15,13.22,0.05,+0.38%,0
"2023-04-28 13:49",13.21,13.25,13.21,13.25,0.03,+0.23%,0
"2023-04-28 13:50",13.28,13.33,13.28,13.33,0.08,+0.60%,0
"2023-04-28 13:51",13.3,13.32,13.3,13.32,-0.01,-0.08%,0
"2023-04-28 13:52",13.34,13.39,13.34,13.39,0.07,+0.53%,0
"2023-04-28 13:53",13.35,13.36,13.32,13.32,-0.07,-0.52%,0
"2023-04-28 13:54",13.35,13.38,13.34,13.34,0.02,+0.15%,0
"2023-04-28 13:55",13.33,13.36,13.3,13.3,-0.04,-0.30%,0
"2023-04-28 13:56",13.34,13.42,13.34,13.41,0.11,+0.83%,0
"2023-04-28 13:57",13.41,13.43,13.38,13.38,-0.03,-0.22%,0
"2023-04-28 13:58",13.31,13.31,13.31,13.31,-0.07,-0.52%,0
"2023-04-28 13:59",13.33,13.33,13.3,13.3,-0.01,-0.08%,0
"2023-04-28 14:00",13.29,13.29,13.27,13.28,-0.02,-0.15%,0
"2023-04-28 14:01",13.28,13.28,13.24,13.24,-0.04,-0.30%,0
"2023-04-28 14:02",13.24,13.26,13.21,13.21,-0.03,-0.23%,0
"2023-04-28 14:03",13.19,13.26,13.19,13.23,0.02,+0.15%,0
"2023-04-28 14:04",13.21,13.22,13.21,13.22,-0.01,-0.08%,0
"2023-04-28 14:05",13.23,13.27,13.23,13.27,0.05,+0.38%,0
"2023-04-28 14:06",13.26,13.28,13.26,13.28,0.01,+0.08%,0
"2023-04-28 14:07",13.27,13.31,13.27,13.31,0.03,+0.23%,0
"2023-04-28 14:08",13.3,13.33,13.3,13.33,0.02,+0.15%,0
"2023-04-28 14:09",13.33,13.36,13.33,13.36,0.03,+0.23%,0
"2023-04-28 14:10",13.36,13.47,13.36,13.47,0.11,+0.82%,0
"2023-04-28 14:11",13.43,13.49,13.43,13.49,0.02,+0.15%,0
"2023-04-28 14:12",13.5,13.55,13.49,13.55,0.06,+0.44%,0
"2023-04-28 14:13",13.55,13.62,13.55,13.62,0.07,+0.52%,0
"2023-04-28 14:14",13.6,13.6,13.52,13.52,-0.1,-0.73%,0
"2023-04-28 14:15",13.54,13.55,13.49,13.49,-0.03,-0.22%,0
"2023-04-28 14:16",13.48,13.48,13.43,13.43,-0.06,-0.44%,0
"2023-04-28 14:17",13.37,13.43,13.37,13.43,0,0.00%,0
"2023-04-28 14:18",13.47,13.51,13.44,13.44,0.01,+0.07%,0
"2023-04-28 14:19",13.46,13.49,13.46,13.48,0.04,+0.30%,0
"2023-04-28 14:20",13.49,13.5,13.48,13.48,0,0.00%,0
"2023-04-28 14:21",13.48,13.53,13.48,13.49,0.01,+0.07%,0
"2023-04-28 14:22",13.49,13.57,13.49,13.57,0.08,+0.59%,0
"2023-04-28 14:23",13.58,13.69,13.58,13.66,0.09,+0.66%,0
"2023-04-28 14:24",13.67,13.67,13.6,13.6,-0.06,-0.44%,0
"2023-04-28 14:25",13.61,13.66,13.61,13.66,0.06,+0.44%,0
"2023-04-28 14:26",13.66,13.76,13.66,13.71,0.05,+0.37%,0
"2023-04-28 14:27",13.7,13.8,13.7,13.78,0.07,+0.51%,0
"2023-04-28 14:28",13.78,13.78,13.75,13.75,-0.03,-0.22%,0
"2023-04-28 14:29",13.73,13.77,13.73,13.76,0.01,+0.07%,0
"2023-04-28 14:30",13.73,13.77,13.69,13.69,-0.07,-0.51%,0
"2023-04-28 14:31",13.69,13.77,13.69,13.77,0.08,+0.58%,0
"2023-04-28 14:32",13.81,13.81,13.76,13.76,-0.01,-0.07%,0
"2023-04-28 14:33",13.76,13.77,13.7,13.7,-0.06,-0.44%,0
"2023-04-28 14:34",13.7,13.73,13.68,13.73,0.03,+0.22%,0
"2023-04-28 14:35",13.73,13.8,13.73,13.8,0.07,+0.51%,0
"2023-04-28 14:36",13.81,13.88,13.81,13.88,0.08,+0.58%,0
"2023-04-28 14:37",13.91,13.91,13.77,13.77,-0.11,-0.79%,0
"2023-04-28 14:38",13.77,13.79,13.77,13.78,0.01,+0.07%,0
"2023-04-28 14:39",13.76,13.79,13.76,13.78,0,0.00%,0
"2023-04-28 14:40",13.71,13.71,13.6,13.64,-0.14,-1.02%,0
"2023-04-28 14:41",13.64,13.76,13.64,13.76,0.12,+0.88%,0
"2023-04-28 14:42",13.79,13.8,13.61,13.64,-0.12,-0.87%,0
"2023-04-28 14:43",13.77,13.81,13.77,13.81,0.17,+1.25%,0
"2023-04-28 14:44",13.79,13.88,13.79,13.88,0.07,+0.51%,0
"2023-04-28 14:45",13.9,13.9,13.79,13.79,-0.09,-0.65%,0
"2023-04-28 14:46",13.73,13.93,13.73,13.93,0.14,+1.02%,0
"2023-04-28 14:47",13.9,13.97,13.9,13.97,0.04,+0.29%,0
"2023-04-28 14:48",13.93,13.93,13.85,13.85,-0.12,-0.86%,0
"2023-04-28 14:49",13.91,13.91,13.88,13.89,0.04,+0.29%,0
"2023-04-28 14:50",13.86,13.87,13.85,13.87,-0.02,-0.14%,0
"2023-04-28 14:51",13.85,13.85,13.77,13.77,-0.1,-0.72%,0
"2023-04-28 14:52",13.78,13.78,13.75,13.78,0.01,+0.07%,0
"2023-04-28 14:53",13.76,13.8,13.76,13.8,0.02,+0.15%,0
"2023-04-28 14:54",13.81,13.87,13.81,13.82,0.02,+0.14%,0
"2023-04-28 14:55",13.84,13.85,13.83,13.83,0.01,+0.07%,0
"2023-04-28 14:56",13.79,13.81,13.74,13.74,-0.09,-0.65%,0
"2023-04-28 14:57",13.73,13.74,13.71,13.71,-0.03,-0.22%,0
"2023-04-28 14:58",13.68,13.68,13.6,13.6,-0.11,-0.80%,0
"2023-04-28 14:59",13.57,13.6,13.57,13.6,0,0.00%,0
"2023-04-28 15:00",13.61,13.62,13.56,13.56,-0.04,-0.29%,0
"2023-04-28 15:01",13.55,13.64,13.55,13.64,0.08,+0.59%,0
"2023-04-28 15:02",13.64,13.66,13.62,13.62,-0.02,-0.15%,0
"2023-04-28 15:03",13.6,13.67,13.6,13.67,0.05,+0.37%,0
"2023-04-28 15:04",13.67,13.67,13.62,13.62,-0.05,-0.37%,0
"2023-04-28 15:05",13.6,13.61,13.59,13.59,-0.03,-0.22%,0
"2023-04-28 15:06",13.58,13.58,13.56,13.56,-0.03,-0.22%,0
"2023-04-28 15:07",13.59,13.59,13.58,13.59,0.03,+0.22%,0
"2023-04-28 15:08",13.58,13.58,13.56,13.56,-0.03,-0.22%,0
"2023-04-28 15:09",13.57,13.6,13.55,13.55,-0.01,-0.07%,0
"2023-04-28 15:10",13.55,13.59,13.55,13.59,0.04,+0.30%,0
"2023-04-28 15:11",13.57,13.61,13.57,13.57,-0.02,-0.15%,0
"2023-04-28 15:12",13.53,13.53,13.47,13.47,-0.1,-0.74%,0
"2023-04-28 15:13",13.47,13.54,13.47,13.51,0.04,+0.30%,0
"2023-04-28 15:14",13.51,13.52,13.49,13.49,-0.02,-0.15%,0
"2023-04-28 15:15",13.49,13.49,13.46,13.46,-0.03,-0.22%,0
"2023-04-28 15:16",13.46,13.48,13.46,13.47,0.01,+0.07%,0
"2023-04-28 15:17",13.45,13.46,13.42,13.42,-0.05,-0.37%,0
"2023-04-28 15:18",13.41,13.42,13.39,13.4,-0.02,-0.15%,0
"2023-04-28 15:19",13.4,13.45,13.4,13.45,0.05,+0.37%,0
"2023-04-28 15:20",13.48,13.55,13.48,13.55,0.1,+0.74%,0
"2023-04-28 15:21",13.55,13.56,13.5,13.51,-0.04,-0.30%,0
"2023-04-28 15:22",13.52,13.58,13.52,13.58,0.07,+0.52%,0
"2023-04-28 15:23",13.54,13.7,13.54,13.7,0.12,+0.88%,0
"2023-04-28 15:24",13.63,13.63,13.56,13.56,-0.14,-1.02%,0
"2023-04-28 15:25",13.56,13.56,13.48,13.5,-0.06,-0.44%,0
"2023-04-28 15:26",13.5,13.5,13.48,13.48,-0.02,-0.15%,0
"2023-04-28 15:27",13.48,13.49,13.47,13.48,0,0.00%,0
"2023-04-28 15:28",13.46,13.47,13.45,13.45,-0.03,-0.22%,0
"2023-04-28 15:29",13.44,13.48,13.44,13.47,0.02,+0.15%,0
"2023-04-28 15:30",13.46,13.51,13.46,13.5,0.03,+0.22%,0
"2023-04-28 15:31",13.48,13.58,13.48,13.58,0.08,+0.59%,0
"2023-04-28 15:32",13.59,13.64,13.59,13.64,0.06,+0.44%,0
"2023-04-28 15:33",13.64,13.64,13.58,13.58,-0.06,-0.44%,0
"2023-04-28 15:34",13.57,13.61,13.55,13.55,-0.03,-0.22%,0
"2023-04-28 15:35",13.56,13.61,13.56,13.6,0.05,+0.37%,0
"2023-04-28 15:36",13.6,13.6,13.58,13.59,-0.01,-0.07%,0
"2023-04-28 15:37",13.59,13.59,13.55,13.55,-0.04,-0.29%,0
"2023-04-28 15:38",13.54,13.61,13.54,13.6,0.05,+0.37%,0
"2023-04-28 15:39",13.6,13.63,13.57,13.57,-0.03,-0.22%,0
"2023-04-28 15:40",13.61,13.72,13.61,13.72,0.15,+1.11%,0
"2023-04-28 15:41",13.72,13.74,13.67,13.67,-0.05,-0.36%,0
"2023-04-28 15:42",13.69,13.69,13.65,13.65,-0.02,-0.15%,0
"2023-04-28 15:43",13.64,13.64,13.5,13.5,-0.15,-1.10%,0
"2023-04-28 15:44",13.5,13.54,13.5,13.54,0.04,+0.30%,0
"2023-04-28 15:45",13.55,13.55,13.47,13.52,-0.02,-0.15%,0
"2023-04-28 15:46",13.55,13.66,13.55,13.64,0.12,+0.89%,0
"2023-04-28 15:47",13.63,13.69,13.63,13.69,0.05,+0.37%,0
"2023-04-28 15:48",13.73,13.73,13.66,13.66,-0.03,-0.22%,0
"2023-04-28 15:49",13.68,13.69,13.67,13.67,0.01,+0.07%,0
"2023-04-28 15:50",13.68,13.7,13.68,13.7,0.03,+0.22%,0
"2023-04-28 15:51",13.67,13.67,13.63,13.63,-0.07,-0.51%,0
"2023-04-28 15:52",13.63,13.63,13.58,13.58,-0.05,-0.37%,0
"2023-04-28 15:53",13.6,13.6,13.56,13.56,-0.02,-0.15%,0
"2023-04-28 15:54",13.56,13.57,13.48,13.48,-0.08,-0.59%,0
"2023-04-28 15:55",13.46,13.53,13.39,13.39,-0.09,-0.67%,0
"2023-04-28 15:56",13.36,13.41,13.34,13.34,-0.05,-0.37%,0
"2023-04-28 15:57",13.35,13.35,13.27,13.27,-0.07,-0.52%,0
"2023-04-28 15:58",13.23,13.28,13.19,13.19,-0.08,-0.60%,0
"2023-04-28 15:59",13.16,13.16,12.99,12.99,-0.2,-1.52%,0
"2023-04-28 16:00",12.91,13,12.91,12.95,-0.04,-0.31%,0
"2023-04-28 16:01",12.92,12.92,12.88,12.88,-0.07,-0.54%,0
"2023-04-28 16:02",12.97,13.01,12.97,13.01,0.13,+1.01%,0
"2023-04-28 16:03",12.98,13.1,12.98,13.1,0.09,+0.69%,0
"2023-04-28 16:04",13.09,13.09,13,13.02,-0.08,-0.61%,0
"2023-04-28 16:05",13.09,13.21,13.09,13.19,0.17,+1.31%,0
"2023-04-28 16:06",13.2,13.33,13.2,13.33,0.14,+1.06%,0
"2023-04-28 16:07",13.3,13.3,13.25,13.25,-0.08,-0.60%,0
"2023-04-28 16:08",13.27,13.29,13.26,13.27,0.02,+0.15%,0
"2023-04-28 16:09",13.31,13.31,13.28,13.28,0.01,+0.08%,0
"2023-04-28 16:10",13.23,13.26,13.22,13.22,-0.06,-0.45%,0
"2023-04-28 16:11",13.23,13.25,13.23,13.25,0.03,+0.23%,0
"2023-04-28 16:12",13.28,13.33,13.28,13.33,0.08,+0.60%,0
"2023-04-28 16:13",13.31,13.36,13.31,13.36,0.03,+0.23%,0
"2023-04-28 16:14",13.34,13.35,13.34,13.34,-0.02,-0.15%,0
"2023-04-28 16:15",13.35,13.35,13.35,13.35,0.01,+0.07%,0
"Downloaded from Barchart.com as of 09-03-2026 08:58am CDT"
