Time,Open,High,Low,Latest,Change,%Change,Volume
"2024-04-01 09:31",6.63,6.63,6.53,6.53,-3.8,-36.79%,0
"2024-04-01 09:32",6.47,6.47,6.29,6.29,-0.24,-3.68%,0
"2024-04-01 09:33",6.3,6.3,6.25,6.25,-0.04,-0.64%,0
"2024-04-01 09:34",6.26,6.28,6.26,6.27,0.02,+0.32%,0
"2024-04-01 09:35",6.26,6.31,6.26,6.31,0.04,+0.64%,0
"2024-04-01 09:36",6.39,6.42,6.39,6.41,0.1,+1.58%,0
"2024-04-01 09:37",6.56,6.56,6.42,6.44,0.03,+0.47%,0
"2024-04-01 09:38",6.43,6.43,6.36,6.36,-0.08,-1.24%,0
"2024-04-01 09:39",6.36,6.38,6.36,6.37,0.01,+0.16%,0
"2024-04-01 09:40",6.35,6.42,6.35,6.42,0.05,+0.78%,0
"2024-04-01 09:41",6.42,6.42,6.4,6.4,-0.02,-0.31%,0
"2024-04-01 09:42",6.4,6.4,6.35,6.36,-0.04,-0.63%,0
"2024-04-01 09:43",6.37,6.4,6.37,6.37,0.01,+0.16%,0
"2024-04-01 09:44",6.37,6.38,6.35,6.35,-0.02,-0.31%,0
"2024-04-01 09:45",6.36,6.36,6.24,6.24,-0.11,-1.73%,0
"2024-04-01 09:46",6.23,6.25,6.21,6.21,-0.03,-0.48%,0
"2024-04-01 09:47",6.15,6.22,6.15,6.22,0.01,+0.16%,0
"2024-04-01 09:48",6.21,6.22,6.21,6.22,0,0.00%,0
"2024-04-01 09:49",6.22,6.25,6.21,6.25,0.03,+0.48%,0
"2024-04-01 09:50",6.23,6.23,6.17,6.21,-0.04,-0.64%,0
"2024-04-01 09:51",6.2,6.22,6.18,6.18,-0.03,-0.48%,0
"2024-04-01 09:52",6.17,6.19,6.17,6.19,0.01,+0.16%,0
"2024-04-01 09:53",6.17,6.19,6.16,6.16,-0.03,-0.48%,0
"2024-04-01 09:54",6.18,6.18,6.12,6.12,-0.04,-0.65%,0
"2024-04-01 09:55",6.08,6.08,6.05,6.05,-0.07,-1.14%,0
"2024-04-01 09:56",6.06,6.07,6.05,6.06,0.01,+0.17%,0
"2024-04-01 09:57",6.04,6.04,6.03,6.03,-0.03,-0.50%,0
"2024-04-01 09:58",6.03,6.04,6.02,6.02,-0.01,-0.17%,0
"2024-04-01 09:59",6.03,6.04,6.02,6.02,0,0.00%,0
"2024-04-01 10:00",6.08,6.11,5.97,5.99,-0.03,-0.50%,0
"2024-04-01 10:01",5.97,5.97,5.89,5.89,-0.1,-1.67%,0
"2024-04-01 10:02",5.88,6.04,5.88,6.04,0.15,+2.55%,0
"2024-04-01 10:03",6.08,6.08,6.07,6.07,0.03,+0.50%,0
"2024-04-01 10:04",6.1,6.22,6.1,6.22,0.15,+2.47%,0
"2024-04-01 10:05",6.61,6.61,6.32,6.4,0.18,+2.89%,0
"2024-04-01 10:06",6.41,6.41,6.31,6.31,-0.09,-1.41%,0
"2024-04-01 10:07",6.26,6.26,6.23,6.25,-0.06,-0.95%,0
"2024-04-01 10:08",6.22,6.22,6.14,6.14,-0.11,-1.76%,0
"2024-04-01 10:09",6.12,6.16,6.12,6.16,0.02,+0.33%,0
"2024-04-01 10:10",6.15,6.15,6.07,6.07,-0.09,-1.46%,0
"2024-04-01 10:11",6.07,6.1,6.07,6.1,0.03,+0.49%,0
"2024-04-01 10:12",6.08,6.12,6.08,6.12,0.02,+0.33%,0
"2024-04-01 10:13",6.1,6.13,6.1,6.1,-0.02,-0.33%,0
"2024-04-01 10:14",6.04,6.04,6.03,6.04,-0.06,-0.98%,0
"2024-04-01 10:15",6.03,6.04,6.03,6.03,-0.01,-0.17%,0
"2024-04-01 10:16",6.05,6.06,6.05,6.06,0.03,+0.50%,0
"2024-04-01 10:17",6.08,6.11,6.08,6.11,0.05,+0.83%,0
"2024-04-01 10:18",6.13,6.33,6.13,6.28,0.17,+2.78%,0
"2024-04-01 10:19",6.54,6.92,6.4,6.4,0.12,+1.91%,0
"2024-04-01 10:20",6.46,6.59,6.41,6.41,0.01,+0.16%,0
"2024-04-01 10:21",6.51,6.51,6.47,6.47,0.06,+0.94%,0
"2024-04-01 10:22",6.5,6.67,6.5,6.67,0.2,+3.09%,0
"2024-04-01 10:23",6.61,6.63,6.61,6.62,-0.05,-0.75%,0
"2024-04-01 10:24",6.62,6.62,6.42,6.42,-0.2,-3.02%,0
"2024-04-01 10:25",6.38,6.45,6.38,6.45,0.03,+0.47%,0
"2024-04-01 10:26",6.46,6.55,6.46,6.55,0.1,+1.55%,0
"2024-04-01 10:27",6.53,6.55,6.52,6.52,-0.03,-0.46%,0
"2024-04-01 10:28",6.54,6.62,6.54,6.61,0.09,+1.38%,0
"2024-04-01 10:29",6.57,6.65,6.57,6.65,0.04,+0.61%,0
"2024-04-01 10:30",6.65,6.65,6.63,6.65,0,0.00%,0
"2024-04-01 10:31",6.67,6.67,6.61,6.63,-0.02,-0.30%,0
"2024-04-01 10:32",6.66,6.67,6.63,6.63,0,0.00%,0
"2024-04-01 10:33",6.65,6.99,6.65,6.66,0.03,+0.45%,0
"2024-04-01 10:34",6.72,6.8,6.72,6.74,0.08,+1.20%,0
"2024-04-01 10:35",6.66,6.85,6.66,6.85,0.11,+1.63%,0
"2024-04-01 10:36",6.76,6.76,6.66,6.66,-0.19,-2.77%,0
"2024-04-01 10:37",6.66,6.78,6.66,6.78,0.12,+1.80%,0
"2024-04-01 10:38",6.8,6.8,6.78,6.79,0.01,+0.15%,0
"2024-04-01 10:39",7.13,7.71,7.12,7.12,0.33,+4.86%,0
"2024-04-01 10:40",7.08,7.26,7.08,7.16,0.04,+0.56%,0
"2024-04-01 10:41",7.14,7.15,7.11,7.11,-0.05,-0.70%,0
"2024-04-01 10:42",7.09,7.09,6.98,6.98,-0.13,-1.83%,0
"2024-04-01 10:43",6.96,7,6.96,7,0.02,+0.29%,0
"2024-04-01 10:44",7.01,7.03,6.97,6.98,-0.02,-0.29%,0
"2024-04-01 10:45",6.98,7.01,6.98,7.01,0.03,+0.43%,0
"2024-04-01 10:46",7.02,7.06,7.01,7.06,0.05,+0.71%,0
"2024-04-01 10:47",7.09,7.12,7.02,7.06,0,0.00%,0
"2024-04-01 10:48",7.06,7.09,7.06,7.09,0.03,+0.42%,0
"2024-04-01 10:49",7.05,7.08,7.05,7.06,-0.03,-0.42%,0
"2024-04-01 10:50",7.02,7.12,7.02,7.09,0.03,+0.42%,0
"2024-04-01 10:51",7.1,7.13,7.1,7.13,0.04,+0.56%,0
"2024-04-01 10:52",7.23,7.38,7.23,7.25,0.12,+1.68%,0
"2024-04-01 10:53",7.19,7.26,7.18,7.26,0.01,+0.14%,0
"2024-04-01 10:54",7.31,7.36,7.26,7.26,0,0.00%,0
"2024-04-01 10:55",7.28,7.42,7.28,7.37,0.11,+1.52%,0
"2024-04-01 10:56",7.36,7.36,7.23,7.23,-0.14,-1.90%,0
"2024-04-01 10:57",7.22,7.24,7.22,7.24,0.01,+0.14%,0
"2024-04-01 10:58",7.24,7.27,7.24,7.24,0,0.00%,0
"2024-04-01 10:59",7.25,7.27,7.25,7.27,0.03,+0.41%,0
"2024-04-01 11:00",7.29,7.31,7.29,7.31,0.04,+0.55%,0
"2024-04-01 11:01",7.31,7.33,7.29,7.29,-0.02,-0.27%,0
"2024-04-01 11:02",7.28,7.38,7.28,7.32,0.03,+0.41%,0
"2024-04-01 11:03",7.3,7.36,7.3,7.34,0.02,+0.27%,0
"2024-04-01 11:04",7.32,7.35,7.32,7.33,-0.01,-0.14%,0
"2024-04-01 11:05",7.33,7.37,7.33,7.37,0.04,+0.55%,0
"2024-04-01 11:06",7.36,7.43,7.33,7.33,-0.04,-0.54%,0
"2024-04-01 11:07",7.31,7.31,7.28,7.28,-0.05,-0.68%,0
"2024-04-01 11:08",7.29,7.39,7.29,7.38,0.1,+1.37%,0
"2024-04-01 11:09",7.37,7.43,7.37,7.42,0.04,+0.54%,0
"2024-04-01 11:10",7.43,7.67,7.43,7.67,0.25,+3.37%,0
"2024-04-01 11:11",7.54,7.54,7.45,7.48,-0.19,-2.48%,0
"2024-04-01 11:12",7.5,7.51,7.49,7.51,0.03,+0.40%,0
"2024-04-01 11:13",7.51,7.62,7.51,7.62,0.11,+1.46%,0
"2024-04-01 11:14",7.57,7.57,7.52,7.56,-0.06,-0.79%,0
"2024-04-01 11:15",7.65,7.72,7.65,7.7,0.14,+1.85%,0
"2024-04-01 11:16",7.79,8.19,7.79,7.83,0.13,+1.69%,0
"2024-04-01 11:17",7.73,7.97,7.73,7.82,-0.01,-0.13%,0
"2024-04-01 11:18",7.81,7.83,7.77,7.83,0.01,+0.13%,0
"2024-04-01 11:19",7.85,7.89,7.85,7.87,0.04,+0.51%,0
"2024-04-01 11:20",7.77,7.89,7.77,7.89,0.02,+0.25%,0
"2024-04-01 11:21",7.91,7.95,7.91,7.95,0.06,+0.76%,0
"2024-04-01 11:22",7.95,7.95,7.82,7.82,-0.13,-1.64%,0
"2024-04-01 11:23",7.82,7.82,7.76,7.76,-0.06,-0.77%,0
"2024-04-01 11:24",7.68,7.8,7.68,7.8,0.04,+0.52%,0
"2024-04-01 11:25",7.81,7.83,7.72,7.72,-0.08,-1.03%,0
"2024-04-01 11:26",7.7,7.72,7.7,7.72,0,0.00%,0
"2024-04-01 11:27",7.73,7.73,7.68,7.68,-0.04,-0.52%,0
"2024-04-01 11:28",7.65,7.75,7.65,7.75,0.07,+0.91%,0
"2024-04-01 11:29",7.77,7.79,7.75,7.75,0,0.00%,0
"2024-04-01 11:30",7.76,7.77,7.76,7.77,0.02,+0.26%,0
"2024-04-01 11:31",7.77,7.77,7.74,7.74,-0.03,-0.39%,0
"2024-04-01 11:32",7.74,7.77,7.74,7.77,0.03,+0.39%,0
"2024-04-01 11:33",7.81,7.86,7.81,7.83,0.06,+0.77%,0
"2024-04-01 11:34",7.82,7.86,7.82,7.84,0.01,+0.13%,0
"2024-04-01 11:35",7.86,7.86,7.85,7.86,0.02,+0.26%,0
"2024-04-01 11:36",7.82,7.82,7.79,7.81,-0.05,-0.64%,0
"2024-04-01 11:37",7.86,7.91,7.86,7.9,0.09,+1.15%,0
"2024-04-01 11:38",7.91,7.95,7.91,7.95,0.05,+0.63%,0
"2024-04-01 11:39",7.95,8,7.95,8,0.05,+0.63%,0
"2024-04-01 11:40",7.98,8,7.98,8,0,0.00%,0
"2024-04-01 11:41",8.04,8.04,7.96,7.97,-0.03,-0.38%,0
"2024-04-01 11:42",7.96,8,7.96,7.96,-0.01,-0.13%,0
"2024-04-01 11:43",7.99,7.99,7.94,7.94,-0.02,-0.25%,0
"2024-04-01 11:44",7.93,7.93,7.91,7.92,-0.02,-0.25%,0
"2024-04-01 11:45",7.91,7.96,7.91,7.96,0.04,+0.51%,0
"2024-04-01 11:46",7.97,8.1,7.95,8.1,0.14,+1.76%,0
"2024-04-01 11:47",8.06,8.06,8.03,8.03,-0.07,-0.86%,0
"2024-04-01 11:48",8.02,8.02,8,8.01,-0.02,-0.25%,0
"2024-04-01 11:49",8.02,8.02,8,8,-0.01,-0.12%,0
"2024-04-01 11:50",8,8.06,8,8.06,0.06,+0.75%,0
"2024-04-01 11:51",8.06,8.08,8.06,8.07,0.01,+0.12%,0
"2024-04-01 11:52",8.08,8.11,8.08,8.11,0.04,+0.50%,0
"2024-04-01 11:53",8.1,8.23,8.1,8.23,0.12,+1.48%,0
"2024-04-01 11:54",8.27,8.54,8.27,8.54,0.31,+3.77%,0
"2024-04-01 11:55",8.38,8.38,8.21,8.26,-0.28,-3.28%,0
"2024-04-01 11:56",8.32,8.36,8.32,8.36,0.1,+1.21%,0
"2024-04-01 11:57",8.37,8.4,8.37,8.37,0.01,+0.12%,0
"2024-04-01 11:58",8.36,8.38,8.33,8.33,-0.04,-0.48%,0
"2024-04-01 11:59",8.32,8.38,8.32,8.38,0.05,+0.60%,0
"2024-04-01 12:00",8.43,8.53,8.43,8.46,0.08,+0.95%,0
"2024-04-01 12:01",8.45,8.47,8.45,8.47,0.01,+0.12%,0
"2024-04-01 12:02",8.45,8.45,8.34,8.36,-0.11,-1.30%,0
"2024-04-01 12:03",8.34,8.36,8.34,8.36,0,0.00%,0
"2024-04-01 12:04",8.35,8.35,8.3,8.3,-0.06,-0.72%,0
"2024-04-01 12:05",8.26,8.27,8.26,8.26,-0.04,-0.48%,0
"2024-04-01 12:06",8.27,8.27,8.26,8.27,0.01,+0.12%,0
"2024-04-01 12:07",8.26,8.26,8.25,8.26,-0.01,-0.12%,0
"2024-04-01 12:08",8.3,8.3,8.17,8.17,-0.09,-1.09%,0
"2024-04-01 12:09",8.17,8.26,8.17,8.26,0.09,+1.10%,0
"2024-04-01 12:10",8.23,8.25,8.22,8.25,-0.01,-0.12%,0
"2024-04-01 12:11",8.25,8.29,8.21,8.21,-0.04,-0.48%,0
"2024-04-01 12:12",8.21,8.26,8.21,8.24,0.03,+0.37%,0
"2024-04-01 12:13",8.25,8.27,8.25,8.25,0.01,+0.12%,0
"2024-04-01 12:14",8.24,8.27,8.23,8.27,0.02,+0.24%,0
"2024-04-01 12:15",8.26,8.27,8.21,8.24,-0.03,-0.36%,0
"2024-04-01 12:16",8.24,8.24,8.17,8.17,-0.07,-0.85%,0
"2024-04-01 12:17",8.17,8.18,8.16,8.16,-0.01,-0.12%,0
"2024-04-01 12:18",8.17,8.21,8.17,8.2,0.04,+0.49%,0
"2024-04-01 12:19",8.19,8.23,8.19,8.2,0,0.00%,0
"2024-04-01 12:20",8.21,8.21,8.19,8.2,0,0.00%,0
"2024-04-01 12:21",8.18,8.22,8.18,8.19,-0.01,-0.12%,0
"2024-04-01 12:22",8.18,8.21,8.18,8.2,0.01,+0.12%,0
"2024-04-01 12:23",8.17,8.21,8.17,8.21,0.01,+0.12%,0
"2024-04-01 12:24",8.2,8.24,8.2,8.24,0.03,+0.37%,0
"2024-04-01 12:25",8.21,8.21,8.19,8.19,-0.05,-0.61%,0
"2024-04-01 12:26",8.22,8.22,8.16,8.16,-0.03,-0.37%,0
"2024-04-01 12:27",8.15,8.15,8.11,8.11,-0.05,-0.61%,0
"2024-04-01 12:28",8.14,8.18,8.14,8.16,0.05,+0.62%,0
"2024-04-01 12:29",8.19,8.22,8.19,8.21,0.05,+0.61%,0
"2024-04-01 12:30",8.17,8.17,8.11,8.11,-0.1,-1.22%,0
"2024-04-01 12:31",8.11,8.11,8.09,8.09,-0.02,-0.25%,0
"2024-04-01 12:32",8.09,8.1,8.09,8.1,0.01,+0.12%,0
"2024-04-01 12:33",8.11,8.11,8.07,8.07,-0.03,-0.37%,0
"2024-04-01 12:34",8.07,8.1,8.07,8.08,0.01,+0.12%,0
"2024-04-01 12:35",8.09,8.11,8.08,8.08,0,0.00%,0
"2024-04-01 12:36",8.06,8.06,8.03,8.05,-0.03,-0.37%,0
"2024-04-01 12:37",8.07,8.1,8.07,8.1,0.05,+0.62%,0
"2024-04-01 12:38",8.09,8.13,8.09,8.13,0.03,+0.37%,0
"2024-04-01 12:39",8.14,8.14,8.13,8.13,0,0.00%,0
"2024-04-01 12:40",8.12,8.12,8.1,8.1,-0.03,-0.37%,0
"2024-04-01 12:41",8.1,8.11,8.1,8.11,0.01,+0.12%,0
"2024-04-01 12:42",8.12,8.14,8.11,8.11,0,0.00%,0
"2024-04-01 12:43",8.12,8.12,8.1,8.1,-0.01,-0.12%,0
"2024-04-01 12:44",8.09,8.1,8.09,8.1,0,0.00%,0
"2024-04-01 12:45",8.11,8.11,8.04,8.04,-0.06,-0.74%,0
"2024-04-01 12:46",8.03,8.06,8.03,8.06,0.02,+0.25%,0
"2024-04-01 12:47",8.06,8.11,8.06,8.11,0.05,+0.62%,0
"2024-04-01 12:48",8.09,8.14,8.09,8.14,0.03,+0.37%,0
"2024-04-01 12:49",8.13,8.13,8.07,8.07,-0.07,-0.86%,0
"2024-04-01 12:50",8.05,8.07,8.04,8.05,-0.02,-0.25%,0
"2024-04-01 12:51",8.06,8.06,8.03,8.03,-0.02,-0.25%,0
"2024-04-01 12:52",8.04,8.06,8.04,8.06,0.03,+0.37%,0
"2024-04-01 12:53",8.05,8.08,8.05,8.08,0.02,+0.25%,0
"2024-04-01 12:54",8.08,8.11,8.08,8.11,0.03,+0.37%,0
"2024-04-01 12:55",8.11,8.16,8.11,8.16,0.05,+0.62%,0
"2024-04-01 12:56",8.14,8.16,8.14,8.16,0,0.00%,0
"2024-04-01 12:57",8.16,8.17,8.14,8.15,-0.01,-0.12%,0
"2024-04-01 12:58",8.15,8.18,8.15,8.15,0,0.00%,0
"2024-04-01 12:59",8.15,8.21,8.15,8.21,0.06,+0.74%,0
"2024-04-01 13:00",8.21,8.26,8.21,8.24,0.03,+0.37%,0
"2024-04-01 13:01",8.22,8.3,8.22,8.3,0.06,+0.73%,0
"2024-04-01 13:02",8.28,8.3,8.2,8.23,-0.07,-0.84%,0
"2024-04-01 13:03",8.21,8.33,8.21,8.33,0.1,+1.22%,0
"2024-04-01 13:04",8.3,8.34,8.3,8.31,-0.02,-0.24%,0
"2024-04-01 13:05",8.32,8.32,8.27,8.28,-0.03,-0.36%,0
"2024-04-01 13:06",8.27,8.34,8.27,8.34,0.06,+0.72%,0
"2024-04-01 13:07",8.35,8.38,8.35,8.37,0.03,+0.36%,0
"2024-04-01 13:08",8.36,8.38,8.32,8.32,-0.05,-0.60%,0
"2024-04-01 13:09",8.32,8.35,8.32,8.32,0,0.00%,0
"2024-04-01 13:10",8.31,8.34,8.31,8.34,0.02,+0.24%,0
"2024-04-01 13:11",8.34,8.38,8.34,8.35,0.01,+0.12%,0
"2024-04-01 13:12",8.35,8.35,8.31,8.31,-0.04,-0.48%,0
"2024-04-01 13:13",8.32,8.33,8.31,8.32,0.01,+0.12%,0
"2024-04-01 13:14",8.34,8.36,8.34,8.34,0.02,+0.24%,0
"2024-04-01 13:15",8.34,8.34,8.33,8.33,-0.01,-0.12%,0
"2024-04-01 13:16",8.35,8.41,8.35,8.41,0.08,+0.96%,0
"2024-04-01 13:17",8.41,8.44,8.41,8.44,0.03,+0.36%,0
"2024-04-01 13:18",8.43,8.46,8.43,8.45,0.01,+0.12%,0
"2024-04-01 13:19",8.46,8.48,8.46,8.48,0.03,+0.36%,0
"2024-04-01 13:20",8.47,8.63,8.47,8.57,0.09,+1.06%,0
"2024-04-01 13:21",8.56,8.6,8.56,8.6,0.03,+0.35%,0
"2024-04-01 13:22",8.6,8.6,8.58,8.59,-0.01,-0.12%,0
"2024-04-01 13:23",8.61,8.62,8.61,8.61,0.02,+0.23%,0
"2024-04-01 13:24",8.57,8.65,8.57,8.65,0.04,+0.46%,0
"2024-04-01 13:25",8.69,8.72,8.63,8.63,-0.02,-0.23%,0
"2024-04-01 13:26",8.62,8.62,8.58,8.58,-0.05,-0.58%,0
"2024-04-01 13:27",8.59,8.59,8.53,8.53,-0.05,-0.58%,0
"2024-04-01 13:28",8.53,8.56,8.53,8.56,0.03,+0.35%,0
"2024-04-01 13:29",8.57,8.6,8.57,8.59,0.03,+0.35%,0
"2024-04-01 13:30",8.57,8.57,8.56,8.56,-0.03,-0.35%,0
"2024-04-01 13:31",8.57,8.6,8.57,8.57,0.01,+0.12%,0
"2024-04-01 13:32",8.6,8.6,8.58,8.6,0.03,+0.35%,0
"2024-04-01 13:33",8.62,8.64,8.61,8.63,0.03,+0.35%,0
"2024-04-01 13:34",8.63,8.64,8.62,8.63,0,0.00%,0
"2024-04-01 13:35",8.64,8.64,8.63,8.64,0.01,+0.12%,0
"2024-04-01 13:36",8.64,8.64,8.58,8.58,-0.06,-0.69%,0
"2024-04-01 13:37",8.58,8.58,8.54,8.55,-0.03,-0.35%,0
"2024-04-01 13:38",8.55,8.58,8.55,8.57,0.02,+0.23%,0
"2024-04-01 13:39",8.57,8.6,8.57,8.59,0.02,+0.23%,0
"2024-04-01 13:40",8.58,8.61,8.58,8.61,0.02,+0.23%,0
"2024-04-01 13:41",8.61,8.62,8.61,8.62,0.01,+0.12%,0
"2024-04-01 13:42",8.61,8.61,8.59,8.6,-0.02,-0.23%,0
"2024-04-01 13:43",8.6,8.62,8.58,8.58,-0.02,-0.23%,0
"2024-04-01 13:44",8.58,8.59,8.52,8.52,-0.06,-0.70%,0
"2024-04-01 13:45",8.52,8.56,8.52,8.56,0.04,+0.47%,0
"2024-04-01 13:46",8.56,8.56,8.53,8.56,0,0.00%,0
"2024-04-01 13:47",8.55,8.58,8.55,8.57,0.01,+0.12%,0
"2024-04-01 13:48",8.59,8.61,8.59,8.6,0.03,+0.35%,0
"2024-04-01 13:49",8.6,8.62,8.6,8.61,0.01,+0.12%,0
"2024-04-01 13:50",8.62,8.63,8.61,8.63,0.02,+0.23%,0
"2024-04-01 13:51",8.62,8.67,8.62,8.67,0.04,+0.46%,0
"2024-04-01 13:52",8.68,8.75,8.68,8.74,0.07,+0.81%,0
"2024-04-01 13:53",8.76,8.82,8.75,8.75,0.01,+0.11%,0
"2024-04-01 13:54",8.77,8.77,8.73,8.73,-0.02,-0.23%,0
"2024-04-01 13:55",8.72,8.75,8.71,8.75,0.02,+0.23%,0
"2024-04-01 13:56",8.74,8.76,8.74,8.76,0.01,+0.11%,0
"2024-04-01 13:57",8.76,8.79,8.76,8.79,0.03,+0.34%,0
"2024-04-01 13:58",8.8,8.83,8.8,8.83,0.04,+0.46%,0
"2024-04-01 13:59",8.82,8.82,8.78,8.78,-0.05,-0.57%,0
"2024-04-01 14:00",8.76,8.77,8.76,8.76,-0.02,-0.23%,0
"2024-04-01 14:01",8.76,8.77,8.76,8.76,0,0.00%,0
"2024-04-01 14:02",8.79,8.8,8.78,8.8,0.04,+0.46%,0
"2024-04-01 14:03",8.8,8.83,8.8,8.8,0,0.00%,0
"2024-04-01 14:04",8.82,8.82,8.79,8.79,-0.01,-0.11%,0
"2024-04-01 14:05",8.79,8.84,8.79,8.84,0.05,+0.57%,0
"2024-04-01 14:06",8.8,8.82,8.8,8.8,-0.04,-0.45%,0
"2024-04-01 14:07",8.8,8.82,8.8,8.81,0.01,+0.11%,0
"2024-04-01 14:08",8.82,8.83,8.81,8.81,0,0.00%,0
"2024-04-01 14:09",8.8,8.81,8.78,8.78,-0.03,-0.34%,0
"2024-04-01 14:10",8.78,8.81,8.78,8.8,0.02,+0.23%,0
"2024-04-01 14:11",8.81,8.83,8.81,8.83,0.03,+0.34%,0
"2024-04-01 14:12",8.81,8.81,8.8,8.81,-0.02,-0.23%,0
"2024-04-01 14:13",8.81,8.85,8.81,8.85,0.04,+0.45%,0
"2024-04-01 14:14",8.82,8.84,8.82,8.82,-0.03,-0.34%,0
"2024-04-01 14:15",8.83,8.85,8.81,8.81,-0.01,-0.11%,0
"2024-04-01 14:16",8.76,8.76,8.73,8.73,-0.08,-0.91%,0
"2024-04-01 14:17",8.76,8.76,8.75,8.75,0.02,+0.23%,0
"2024-04-01 14:18",8.74,8.76,8.74,8.74,-0.01,-0.11%,0
"2024-04-01 14:19",8.77,8.79,8.77,8.78,0.04,+0.46%,0
"2024-04-01 14:20",8.78,8.81,8.77,8.8,0.02,+0.23%,0
"2024-04-01 14:21",8.8,8.83,8.8,8.81,0.01,+0.11%,0
"2024-04-01 14:22",8.8,8.8,8.77,8.77,-0.04,-0.45%,0
"2024-04-01 14:23",8.83,8.84,8.8,8.8,0.03,+0.34%,0
"2024-04-01 14:24",8.81,8.82,8.81,8.82,0.02,+0.23%,0
"2024-04-01 14:25",8.8,8.83,8.8,8.83,0.01,+0.11%,0
"2024-04-01 14:26",8.85,8.87,8.85,8.86,0.03,+0.34%,0
"2024-04-01 14:27",8.87,8.87,8.86,8.87,0.01,+0.11%,0
"2024-04-01 14:28",8.88,8.9,8.88,8.89,0.02,+0.23%,0
"2024-04-01 14:29",8.89,8.91,8.89,8.9,0.01,+0.11%,0
"2024-04-01 14:30",8.89,8.89,8.87,8.87,-0.03,-0.34%,0
"2024-04-01 14:31",8.87,8.89,8.87,8.89,0.02,+0.23%,0
"2024-04-01 14:32",8.89,8.91,8.89,8.91,0.02,+0.22%,0
"2024-04-01 14:33",8.9,8.91,8.9,8.9,-0.01,-0.11%,0
"2024-04-01 14:34",8.9,8.92,8.9,8.91,0.01,+0.11%,0
"2024-04-01 14:35",8.9,8.92,8.9,8.92,0.01,+0.11%,0
"2024-04-01 14:36",8.91,8.91,8.91,8.91,-0.01,-0.11%,0
"2024-04-01 14:37",8.91,8.92,8.91,8.92,0.01,+0.11%,0
"2024-04-01 14:38",8.93,8.94,8.93,8.94,0.02,+0.22%,0
"2024-04-01 14:39",8.94,8.94,8.94,8.94,0,0.00%,0
"2024-04-01 14:40",8.94,8.95,8.93,8.94,0,0.00%,0
"2024-04-01 14:41",8.94,8.98,8.94,8.98,0.04,+0.45%,0
"2024-04-01 14:42",8.97,9,8.97,9,0.02,+0.22%,0
"2024-04-01 14:43",8.99,8.99,8.96,8.96,-0.04,-0.44%,0
"2024-04-01 14:44",8.95,8.98,8.95,8.97,0.01,+0.11%,0
"2024-04-01 14:45",8.97,8.97,8.96,8.96,-0.01,-0.11%,0
"2024-04-01 14:46",8.96,8.97,8.96,8.97,0.01,+0.11%,0
"2024-04-01 14:47",8.98,8.98,8.96,8.98,0.01,+0.11%,0
"2024-04-01 14:48",9,9.01,8.98,8.98,0,0.00%,0
"2024-04-01 14:49",8.97,8.97,8.96,8.96,-0.02,-0.22%,0
"2024-04-01 14:50",8.98,9.01,8.98,9,0.04,+0.45%,0
"2024-04-01 14:51",8.96,8.96,8.94,8.94,-0.06,-0.67%,0
"2024-04-01 14:52",8.95,8.95,8.93,8.93,-0.01,-0.11%,0
"2024-04-01 14:53",8.93,8.93,8.92,8.93,0,0.00%,0
"2024-04-01 14:54",8.93,8.97,8.93,8.93,0,0.00%,0
"2024-04-01 14:55",8.91,8.91,8.87,8.87,-0.06,-0.67%,0
"2024-04-01 14:56",8.9,8.94,8.9,8.94,0.07,+0.79%,0
"2024-04-01 14:57",8.95,8.95,8.92,8.93,-0.01,-0.11%,0
"2024-04-01 14:58",8.92,8.95,8.92,8.95,0.02,+0.22%,0
"2024-04-01 14:59",8.94,8.94,8.92,8.93,-0.02,-0.22%,0
"2024-04-01 15:00",8.92,9,8.92,9,0.07,+0.78%,0
"2024-04-01 15:01",8.99,9,8.97,8.97,-0.03,-0.33%,0
"2024-04-01 15:02",8.96,8.99,8.96,8.99,0.02,+0.22%,0
"2024-04-01 15:03",9,9,8.99,8.99,0,0.00%,0
"2024-04-01 15:04",8.97,8.97,8.93,8.93,-0.06,-0.67%,0
"2024-04-01 15:05",8.93,8.93,8.89,8.89,-0.04,-0.45%,0
"2024-04-01 15:06",8.88,8.88,8.85,8.85,-0.04,-0.45%,0
"2024-04-01 15:07",8.86,8.88,8.85,8.85,0,0.00%,0
"2024-04-01 15:08",8.87,8.92,8.87,8.92,0.07,+0.79%,0
"2024-04-01 15:09",8.92,8.93,8.92,8.93,0.01,+0.11%,0
"2024-04-01 15:10",8.93,8.94,8.9,8.94,0.01,+0.11%,0
"2024-04-01 15:11",8.93,8.99,8.93,8.99,0.05,+0.56%,0
"2024-04-01 15:12",8.98,9,8.98,9,0.01,+0.11%,0
"2024-04-01 15:13",9.01,9.04,9.01,9.04,0.04,+0.44%,0
"2024-04-01 15:14",9.03,9.05,9,9,-0.04,-0.44%,0
"2024-04-01 15:15",9,9,8.68,8.95,-0.05,-0.56%,0
"2024-04-01 15:16",8.94,8.94,8.92,8.92,-0.03,-0.34%,0
"2024-04-01 15:17",8.9,8.95,8.9,8.95,0.03,+0.34%,0
"2024-04-01 15:18",8.96,9.04,8.96,9.04,0.09,+1.01%,0
"2024-04-01 15:19",9.02,9.05,9.01,9.01,-0.03,-0.33%,0
"2024-04-01 15:20",9,9,8.95,8.95,-0.06,-0.67%,0
"2024-04-01 15:21",8.93,8.94,8.93,8.94,-0.01,-0.11%,0
"2024-04-01 15:22",8.95,8.97,8.94,8.94,0,0.00%,0
"2024-04-01 15:23",8.98,9.01,8.98,9.01,0.07,+0.78%,0
"2024-04-01 15:24",9.02,9.03,8.98,8.98,-0.03,-0.33%,0
"2024-04-01 15:25",8.98,9.02,8.98,9.02,0.04,+0.45%,0
"2024-04-01 15:26",9.02,9.1,9.02,9.1,0.08,+0.89%,0
"2024-04-01 15:27",9.09,9.09,9.07,9.07,-0.03,-0.33%,0
"2024-04-01 15:28",9.1,9.1,9.08,9.08,0.01,+0.11%,0
"2024-04-01 15:29",9.09,9.12,9.09,9.11,0.03,+0.33%,0
"2024-04-01 15:30",9.1,9.1,9.06,9.06,-0.05,-0.55%,0
"2024-04-01 15:31",9.04,9.04,9,9,-0.06,-0.66%,0
"2024-04-01 15:32",9,9,8.95,8.98,-0.02,-0.22%,0
"2024-04-01 15:33",8.93,8.93,8.88,8.91,-0.07,-0.78%,0
"2024-04-01 15:34",8.89,8.9,8.89,8.9,-0.01,-0.11%,0
"2024-04-01 15:35",8.9,8.96,8.89,8.96,0.06,+0.67%,0
"2024-04-01 15:36",9,9.08,9,9.06,0.1,+1.12%,0
"2024-04-01 15:37",9.11,9.11,9.01,9.01,-0.05,-0.55%,0
"2024-04-01 15:38",8.99,9.04,8.99,9.04,0.03,+0.33%,0
"2024-04-01 15:39",9.03,9.03,8.99,8.99,-0.05,-0.55%,0
"2024-04-01 15:40",9,9,8.95,8.95,-0.04,-0.44%,0
"2024-04-01 15:41",8.71,8.93,8.66,8.66,-0.29,-3.24%,0
"2024-04-01 15:42",8.65,8.89,8.62,8.87,0.21,+2.42%,0
"2024-04-01 15:43",8.87,8.88,8.64,8.64,-0.23,-2.59%,0
"2024-04-01 15:44",8.64,8.64,8.61,8.61,-0.03,-0.35%,0
"2024-04-01 15:45",8.6,8.6,8.55,8.55,-0.06,-0.70%,0
"2024-04-01 15:46",8.53,8.56,8.53,8.56,0.01,+0.12%,0
"2024-04-01 15:47",8.59,8.59,8.58,8.58,0.02,+0.23%,0
"2024-04-01 15:48",8.55,8.55,8.52,8.53,-0.05,-0.58%,0
"2024-04-01 15:49",8.55,8.55,8.52,8.53,0,0.00%,0
"2024-04-01 15:50",8.54,8.56,8.5,8.5,-0.03,-0.35%,0
"2024-04-01 15:51",8.49,8.52,8.44,8.52,0.02,+0.24%,0
"2024-04-01 15:52",8.52,8.55,8.51,8.51,-0.01,-0.12%,0
"2024-04-01 15:53",8.51,8.51,8.48,8.49,-0.02,-0.24%,0
"2024-04-01 15:54",8.5,8.5,8.41,8.41,-0.08,-0.94%,0
"2024-04-01 15:55",8.39,8.45,8.39,8.43,0.02,+0.24%,0
"2024-04-01 15:56",8.43,8.45,8.4,8.4,-0.03,-0.36%,0
"2024-04-01 15:57",8.39,8.42,8.39,8.42,0.02,+0.24%,0
"2024-04-01 15:58",8.45,8.49,8.45,8.49,0.07,+0.83%,0
"2024-04-01 15:59",8.46,8.46,8.42,8.42,-0.07,-0.82%,0
"2024-04-01 16:00",8.36,8.36,8.25,8.25,-0.17,-2.02%,0
"2024-04-01 16:01",8.27,8.34,8.27,8.29,0.04,+0.48%,0
"2024-04-01 16:02",8.28,8.28,8.23,8.23,-0.06,-0.72%,0
"2024-04-01 16:03",8.22,8.22,8.2,8.2,-0.03,-0.36%,0
"2024-04-01 16:04",8.2,8.23,8.2,8.21,0.01,+0.12%,0
"2024-04-01 16:05",8.22,8.25,8.2,8.24,0.03,+0.37%,0
"2024-04-01 16:06",8.24,8.24,8.23,8.24,0,0.00%,0
"2024-04-01 16:07",8.24,8.24,8.22,8.23,-0.01,-0.12%,0
"2024-04-01 16:08",8.21,8.22,8.2,8.2,-0.03,-0.36%,0
"2024-04-01 16:09",8.19,8.3,8.19,8.24,0.04,+0.49%,0
"2024-04-01 16:10",8.24,8.24,8.22,8.22,-0.02,-0.24%,0
"2024-04-01 16:11",8.25,8.27,8.25,8.26,0.04,+0.49%,0
"2024-04-01 16:12",8.25,8.25,8.25,8.25,-0.01,-0.12%,0
"2024-04-01 16:13",8.26,8.26,8.22,8.22,-0.03,-0.36%,0
"2024-04-01 16:14",8.21,8.21,8.16,8.16,-0.06,-0.73%,0
"2024-04-01 16:15",8.14,8.14,8.14,8.14,-0.02,-0.25%,0
"2024-04-02 09:31",8.58,8.72,8.58,8.7,0.56,+6.88%,0
"2024-04-02 09:32",8.62,8.62,8.52,8.52,-0.18,-2.07%,0
"2024-04-02 09:33",8.51,8.53,8.49,8.53,0.01,+0.12%,0
"2024-04-02 09:34",8.56,8.63,8.56,8.57,0.04,+0.47%,0
"2024-04-02 09:35",8.59,8.59,8.57,8.58,0.01,+0.12%,0
"2024-04-02 09:36",8.55,8.58,8.55,8.56,-0.02,-0.23%,0
"2024-04-02 09:37",8.57,8.63,8.57,8.63,0.07,+0.82%,0
"2024-04-02 09:38",8.64,8.66,8.64,8.65,0.02,+0.23%,0
"2024-04-02 09:39",8.64,8.69,8.64,8.68,0.03,+0.35%,0
"2024-04-02 09:40",8.67,8.9,8.67,8.88,0.2,+2.30%,0
"2024-04-02 09:41",8.72,8.86,8.72,8.86,-0.02,-0.23%,0
"2024-04-02 09:42",8.84,8.88,8.84,8.86,0,0.00%,0
"2024-04-02 09:43",8.85,8.88,8.84,8.84,-0.02,-0.23%,0
"2024-04-02 09:44",8.82,8.83,8.71,8.71,-0.13,-1.47%,0
"2024-04-02 09:45",8.69,8.69,8.58,8.68,-0.03,-0.34%,0
"2024-04-02 09:46",8.72,8.75,8.72,8.75,0.07,+0.81%,0
"2024-04-02 09:47",8.74,8.83,8.74,8.82,0.07,+0.80%,0
"2024-04-02 09:48",8.79,8.81,8.74,8.74,-0.08,-0.91%,0
"2024-04-02 09:49",8.75,8.77,8.75,8.77,0.03,+0.34%,0
"2024-04-02 09:50",8.77,8.8,8.77,8.8,0.03,+0.34%,0
"2024-04-02 09:51",8.79,8.79,8.75,8.75,-0.05,-0.57%,0
"2024-04-02 09:52",8.78,8.83,8.78,8.8,0.05,+0.57%,0
"2024-04-02 09:53",8.83,8.89,8.83,8.86,0.06,+0.68%,0
"2024-04-02 09:54",8.83,8.84,8.82,8.84,-0.02,-0.23%,0
"2024-04-02 09:55",8.85,8.85,8.84,8.85,0.01,+0.11%,0
"2024-04-02 09:56",8.84,8.87,8.84,8.87,0.02,+0.23%,0
"2024-04-02 09:57",8.88,8.93,8.88,8.93,0.06,+0.68%,0
"2024-04-02 09:58",8.93,9.01,8.93,8.97,0.04,+0.45%,0
"2024-04-02 09:59",8.96,8.99,8.93,8.96,-0.01,-0.11%,0
"2024-04-02 10:00",8.92,8.92,8.75,8.75,-0.21,-2.34%,0
"2024-04-02 10:01",8.67,8.67,8.64,8.65,-0.1,-1.14%,0
"2024-04-02 10:02",8.64,8.68,8.52,8.52,-0.13,-1.50%,0
"2024-04-02 10:03",8.46,8.49,8.4,8.4,-0.12,-1.41%,0
"2024-04-02 10:04",8.42,8.43,8.38,8.38,-0.02,-0.24%,0
"2024-04-02 10:05",8.34,8.34,8.32,8.34,-0.04,-0.48%,0
"2024-04-02 10:06",8.33,8.49,8.33,8.49,0.15,+1.80%,0
"2024-04-02 10:07",8.49,8.51,8.49,8.5,0.01,+0.12%,0
"2024-04-02 10:08",8.48,8.58,8.48,8.58,0.08,+0.94%,0
"2024-04-02 10:09",8.6,8.62,8.6,8.62,0.04,+0.47%,0
"2024-04-02 10:10",8.64,8.67,8.64,8.67,0.05,+0.58%,0
"2024-04-02 10:11",8.75,8.87,8.75,8.81,0.14,+1.61%,0
"2024-04-02 10:12",8.79,9.15,8.79,9.02,0.21,+2.38%,0
"2024-04-02 10:13",8.98,9.07,8.94,9.07,0.05,+0.55%,0
"2024-04-02 10:14",9.07,9.14,9.07,9.14,0.07,+0.77%,0
"2024-04-02 10:15",9.11,9.11,8.91,8.98,-0.16,-1.75%,0
"2024-04-02 10:16",9.01,9.01,8.91,8.94,-0.04,-0.45%,0
"2024-04-02 10:17",8.94,9,8.94,9,0.06,+0.67%,0
"2024-04-02 10:18",9.01,9.12,9.01,9.12,0.12,+1.33%,0
"2024-04-02 10:19",9.07,9.07,9.04,9.04,-0.08,-0.88%,0
"2024-04-02 10:20",9,9,8.96,8.96,-0.08,-0.88%,0
"2024-04-02 10:21",8.97,8.97,8.91,8.91,-0.05,-0.56%,0
"2024-04-02 10:22",8.83,8.96,8.83,8.96,0.05,+0.56%,0
"2024-04-02 10:23",8.96,8.98,8.78,8.78,-0.18,-2.01%,0
"2024-04-02 10:24",8.79,8.87,8.79,8.87,0.09,+1.03%,0
"2024-04-02 10:25",8.88,8.89,8.79,8.79,-0.08,-0.90%,0
"2024-04-02 10:26",8.81,8.83,8.81,8.83,0.04,+0.46%,0
"2024-04-02 10:27",8.83,8.83,8.82,8.82,-0.01,-0.11%,0
"2024-04-02 10:28",8.84,8.91,8.84,8.88,0.06,+0.68%,0
"2024-04-02 10:29",8.85,8.87,8.83,8.85,-0.03,-0.34%,0
"2024-04-02 10:30",8.86,8.89,8.86,8.86,0.01,+0.11%,0
"2024-04-02 10:31",8.84,8.84,8.76,8.79,-0.07,-0.79%,0
"2024-04-02 10:32",8.82,8.83,8.79,8.79,0,0.00%,0
"2024-04-02 10:33",8.74,8.88,8.74,8.88,0.09,+1.02%,0
"2024-04-02 10:34",8.9,8.93,8.85,8.85,-0.03,-0.34%,0
"2024-04-02 10:35",8.83,8.83,8.79,8.79,-0.06,-0.68%,0
"2024-04-02 10:36",8.78,8.81,8.76,8.79,0,0.00%,0
"2024-04-02 10:37",8.79,8.79,8.74,8.74,-0.05,-0.57%,0
"2024-04-02 10:38",8.75,8.76,8.75,8.75,0.01,+0.11%,0
"2024-04-02 10:39",8.75,8.8,8.75,8.78,0.03,+0.34%,0
"2024-04-02 10:40",8.77,8.77,8.75,8.76,-0.02,-0.23%,0
"2024-04-02 10:41",8.75,8.8,8.75,8.8,0.04,+0.46%,0
"2024-04-02 10:42",8.81,8.83,8.76,8.76,-0.04,-0.45%,0
"2024-04-02 10:43",8.75,8.75,8.69,8.69,-0.07,-0.80%,0
"2024-04-02 10:44",8.69,8.79,8.69,8.77,0.08,+0.92%,0
"2024-04-02 10:45",8.76,8.76,8.74,8.74,-0.03,-0.34%,0
"2024-04-02 10:46",8.69,8.72,8.69,8.71,-0.03,-0.34%,0
"2024-04-02 10:47",8.74,8.8,8.74,8.8,0.09,+1.03%,0
"2024-04-02 10:48",8.78,8.9,8.78,8.87,0.07,+0.80%,0
"2024-04-02 10:49",8.85,8.89,8.85,8.85,-0.02,-0.23%,0
"2024-04-02 10:50",8.85,8.91,8.85,8.91,0.06,+0.68%,0
"2024-04-02 10:51",8.91,8.91,8.89,8.89,-0.02,-0.22%,0
"2024-04-02 10:52",8.89,8.94,8.89,8.94,0.05,+0.56%,0
"2024-04-02 10:53",8.94,8.96,8.9,8.9,-0.04,-0.45%,0
"2024-04-02 10:54",8.92,8.96,8.92,8.95,0.05,+0.56%,0
"2024-04-02 10:55",8.94,8.95,8.94,8.95,0,0.00%,0
"2024-04-02 10:56",8.94,8.94,8.92,8.92,-0.03,-0.34%,0
"2024-04-02 10:57",8.91,8.91,8.88,8.88,-0.04,-0.45%,0
"2024-04-02 10:58",8.83,8.85,8.82,8.82,-0.06,-0.68%,0
"2024-04-02 10:59",8.83,8.87,8.78,8.78,-0.04,-0.45%,0
"2024-04-02 11:00",8.79,8.81,8.79,8.8,0.02,+0.23%,0
"2024-04-02 11:01",8.75,8.78,8.75,8.76,-0.04,-0.45%,0
"2024-04-02 11:02",8.76,8.8,8.76,8.79,0.03,+0.34%,0
"2024-04-02 11:03",8.79,8.79,8.76,8.76,-0.03,-0.34%,0
"2024-04-02 11:04",8.76,8.79,8.76,8.78,0.02,+0.23%,0
"2024-04-02 11:05",8.77,8.78,8.77,8.77,-0.01,-0.11%,0
"2024-04-02 11:06",8.74,8.75,8.73,8.73,-0.04,-0.46%,0
"2024-04-02 11:07",8.73,8.75,8.72,8.72,-0.01,-0.11%,0
"2024-04-02 11:08",8.74,8.79,8.74,8.79,0.07,+0.80%,0
"2024-04-02 11:09",8.82,8.84,8.81,8.81,0.02,+0.23%,0
"2024-04-02 11:10",8.8,8.82,8.73,8.73,-0.08,-0.91%,0
"2024-04-02 11:11",8.72,8.73,8.71,8.71,-0.02,-0.23%,0
"2024-04-02 11:12",8.74,8.76,8.74,8.75,0.04,+0.46%,0
"2024-04-02 11:13",8.73,8.75,8.73,8.74,-0.01,-0.11%,0
"2024-04-02 11:14",8.75,8.75,8.73,8.73,-0.01,-0.11%,0
"2024-04-02 11:15",8.7,8.7,8.64,8.65,-0.08,-0.92%,0
"2024-04-02 11:16",8.67,8.69,8.67,8.69,0.04,+0.46%,0
"2024-04-02 11:17",8.69,8.72,8.69,8.7,0.01,+0.12%,0
"2024-04-02 11:18",8.69,8.71,8.68,8.68,-0.02,-0.23%,0
"2024-04-02 11:19",8.65,8.69,8.65,8.69,0.01,+0.12%,0
"2024-04-02 11:20",8.69,8.69,8.69,8.69,0,0.00%,0
"2024-04-02 11:21",8.69,8.71,8.69,8.69,0,0.00%,0
"2024-04-02 11:22",8.69,8.71,8.69,8.71,0.02,+0.23%,0
"2024-04-02 11:23",8.71,8.72,8.7,8.72,0.01,+0.11%,0
"2024-04-02 11:24",8.72,8.72,8.7,8.7,-0.02,-0.23%,0
"2024-04-02 11:25",8.67,8.68,8.67,8.68,-0.02,-0.23%,0
"2024-04-02 11:26",8.67,8.71,8.67,8.71,0.03,+0.35%,0
"2024-04-02 11:27",8.72,8.72,8.72,8.72,0.01,+0.11%,0
"2024-04-02 11:28",8.72,8.76,8.72,8.75,0.03,+0.34%,0
"2024-04-02 11:29",8.75,8.8,8.75,8.79,0.04,+0.46%,0
"2024-04-02 11:30",8.8,8.81,8.8,8.8,0.01,+0.11%,0
"2024-04-02 11:31",8.81,8.83,8.81,8.82,0.02,+0.23%,0
"2024-04-02 11:32",8.81,8.82,8.8,8.82,0,0.00%,0
"2024-04-02 11:33",8.81,8.85,8.81,8.85,0.03,+0.34%,0
"2024-04-02 11:34",8.84,8.85,8.84,8.85,0,0.00%,0
"2024-04-02 11:35",8.87,8.87,8.84,8.84,-0.01,-0.11%,0
"2024-04-02 11:36",8.84,8.86,8.84,8.86,0.02,+0.23%,0
"2024-04-02 11:37",8.86,8.87,8.86,8.86,0,0.00%,0
"2024-04-02 11:38",8.87,8.93,8.87,8.93,0.07,+0.79%,0
"2024-04-02 11:39",8.93,8.93,8.89,8.9,-0.03,-0.34%,0
"2024-04-02 11:40",8.9,8.91,8.9,8.9,0,0.00%,0
"2024-04-02 11:41",8.88,8.91,8.88,8.91,0.01,+0.11%,0
"2024-04-02 11:42",8.91,8.92,8.89,8.89,-0.02,-0.22%,0
"2024-04-02 11:43",8.89,8.91,8.89,8.91,0.02,+0.22%,0
"2024-04-02 11:44",8.91,8.98,8.91,8.98,0.07,+0.79%,0
"2024-04-02 11:45",8.97,8.98,8.97,8.98,0,0.00%,0
"2024-04-02 11:46",8.98,8.99,8.98,8.98,0,0.00%,0
"2024-04-02 11:47",8.98,9,8.98,8.98,0,0.00%,0
"2024-04-02 11:48",8.99,9.02,8.99,9,0.02,+0.22%,0
"2024-04-02 11:49",9,9.04,9,9.04,0.04,+0.44%,0
"2024-04-02 11:50",9.03,9.18,9.03,9.18,0.14,+1.55%,0
"2024-04-02 11:51",9.18,9.18,9.14,9.14,-0.04,-0.44%,0
"2024-04-02 11:52",9.11,9.13,9.11,9.11,-0.03,-0.33%,0
"2024-04-02 11:53",9.11,9.21,9.11,9.21,0.1,+1.10%,0
"2024-04-02 11:54",9.19,9.23,9.19,9.21,0,0.00%,0
"2024-04-02 11:55",9.22,9.22,9.19,9.19,-0.02,-0.22%,0
"2024-04-02 11:56",9.15,9.15,9.12,9.14,-0.05,-0.54%,0
"2024-04-02 11:57",9.11,9.18,9.11,9.18,0.04,+0.44%,0
"2024-04-02 11:58",9.17,9.2,9.17,9.2,0.02,+0.22%,0
"2024-04-02 11:59",9.19,9.21,9.19,9.19,-0.01,-0.11%,0
"2024-04-02 12:00",9.18,9.18,9.17,9.18,-0.01,-0.11%,0
"2024-04-02 12:01",9.17,9.19,9.17,9.17,-0.01,-0.11%,0
"2024-04-02 12:02",9.16,9.21,9.16,9.21,0.04,+0.44%,0
"2024-04-02 12:03",9.21,9.28,9.21,9.27,0.06,+0.65%,0
"2024-04-02 12:04",9.28,9.28,9.22,9.22,-0.05,-0.54%,0
"2024-04-02 12:05",9.21,9.25,9.21,9.24,0.02,+0.22%,0
"2024-04-02 12:06",9.24,9.27,9.24,9.27,0.03,+0.32%,0
"2024-04-02 12:07",9.24,9.26,9.24,9.26,-0.01,-0.11%,0
"2024-04-02 12:08",9.28,9.31,9.27,9.27,0.01,+0.11%,0
"2024-04-02 12:09",9.25,9.28,9.24,9.24,-0.03,-0.32%,0
"2024-04-02 12:10",9.24,9.28,9.24,9.28,0.04,+0.43%,0
"2024-04-02 12:11",9.28,9.29,9.28,9.29,0.01,+0.11%,0
"2024-04-02 12:12",9.29,9.32,9.29,9.31,0.02,+0.22%,0
"2024-04-02 12:13",9.3,9.31,9.3,9.31,0,0.00%,0
"2024-04-02 12:14",9.35,9.35,9.34,9.34,0.03,+0.32%,0
"2024-04-02 12:15",9.35,9.35,9.34,9.35,0.01,+0.11%,0
"2024-04-02 12:16",9.31,9.34,9.31,9.33,-0.02,-0.21%,0
"2024-04-02 12:17",9.34,9.37,9.34,9.37,0.04,+0.43%,0
"2024-04-02 12:18",9.37,9.39,9.37,9.39,0.02,+0.21%,0
"2024-04-02 12:19",9.39,9.41,9.39,9.4,0.01,+0.11%,0
"2024-04-02 12:20",9.4,9.42,9.4,9.42,0.02,+0.21%,0
"2024-04-02 12:21",9.42,9.43,9.42,9.42,0,0.00%,0
"2024-04-02 12:22",9.44,9.44,9.39,9.39,-0.03,-0.32%,0
"2024-04-02 12:23",9.38,9.41,9.38,9.4,0.01,+0.11%,0
"2024-04-02 12:24",9.36,9.37,9.36,9.37,-0.03,-0.32%,0
"2024-04-02 12:25",9.37,9.4,9.37,9.4,0.03,+0.32%,0
"2024-04-02 12:26",9.39,9.4,9.34,9.34,-0.06,-0.64%,0
"2024-04-02 12:27",9.32,9.38,9.32,9.38,0.04,+0.43%,0
"2024-04-02 12:28",9.37,9.38,9.37,9.38,0,0.00%,0
"2024-04-02 12:29",9.38,9.39,9.36,9.36,-0.02,-0.21%,0
"2024-04-02 12:30",9.36,9.38,9.36,9.37,0.01,+0.11%,0
"2024-04-02 12:31",9.37,9.38,9.35,9.35,-0.02,-0.21%,0
"2024-04-02 12:32",9.33,9.36,9.33,9.36,0.01,+0.11%,0
"2024-04-02 12:33",9.34,9.34,9.31,9.31,-0.05,-0.53%,0
"2024-04-02 12:34",9.31,9.33,9.31,9.33,0.02,+0.21%,0
"2024-04-02 12:35",9.3,9.32,9.3,9.3,-0.03,-0.32%,0
"2024-04-02 12:36",9.28,9.29,9.28,9.29,-0.01,-0.11%,0
"2024-04-02 12:37",9.3,9.32,9.29,9.29,0,0.00%,0
"2024-04-02 12:38",9.31,9.34,9.31,9.34,0.05,+0.54%,0
"2024-04-02 12:39",9.34,9.37,9.34,9.35,0.01,+0.11%,0
"2024-04-02 12:40",9.34,9.34,9.33,9.34,-0.01,-0.11%,0
"2024-04-02 12:41",9.33,9.34,9.31,9.33,-0.01,-0.11%,0
"2024-04-02 12:42",9.33,9.34,9.33,9.33,0,0.00%,0
"2024-04-02 12:43",9.33,9.36,9.33,9.36,0.03,+0.32%,0
"2024-04-02 12:44",9.35,9.39,9.35,9.38,0.02,+0.21%,0
"2024-04-02 12:45",9.36,9.38,9.36,9.37,-0.01,-0.11%,0
"2024-04-02 12:46",9.36,9.38,9.36,9.37,0,0.00%,0
"2024-04-02 12:47",9.36,9.39,9.36,9.38,0.01,+0.11%,0
"2024-04-02 12:48",9.37,9.39,9.36,9.36,-0.02,-0.21%,0
"2024-04-02 12:49",9.36,9.47,9.34,9.47,0.11,+1.18%,0
"2024-04-02 12:50",9.43,9.43,9.39,9.41,-0.06,-0.63%,0
"2024-04-02 12:51",9.42,9.42,9.41,9.42,0.01,+0.11%,0
"2024-04-02 12:52",9.44,9.47,9.44,9.47,0.05,+0.53%,0
"2024-04-02 12:53",9.46,9.48,9.46,9.48,0.01,+0.11%,0
"2024-04-02 12:54",9.46,9.49,9.46,9.49,0.01,+0.11%,0
"2024-04-02 12:55",9.46,9.47,9.46,9.46,-0.03,-0.32%,0
"2024-04-02 12:56",9.45,9.46,9.45,9.45,-0.01,-0.11%,0
"2024-04-02 12:57",9.46,9.48,9.46,9.48,0.03,+0.32%,0
"2024-04-02 12:58",9.47,9.49,9.47,9.48,0,0.00%,0
"2024-04-02 12:59",9.48,9.5,9.48,9.49,0.01,+0.11%,0
"2024-04-02 13:00",9.49,9.5,9.49,9.5,0.01,+0.11%,0
"2024-04-02 13:01",9.47,9.47,9.45,9.46,-0.04,-0.42%,0
"2024-04-02 13:02",9.44,9.47,9.44,9.46,0,0.00%,0
"2024-04-02 13:03",9.46,9.49,9.45,9.45,-0.01,-0.11%,0
"2024-04-02 13:04",9.45,9.46,9.45,9.46,0.01,+0.11%,0
"2024-04-02 13:05",9.47,9.5,9.47,9.47,0.01,+0.11%,0
"2024-04-02 13:06",9.47,9.48,9.46,9.46,-0.01,-0.11%,0
"2024-04-02 13:07",9.45,9.48,9.45,9.48,0.02,+0.21%,0
"2024-04-02 13:08",9.48,9.5,9.48,9.5,0.02,+0.21%,0
"2024-04-02 13:09",9.49,9.53,9.49,9.53,0.03,+0.32%,0
"2024-04-02 13:10",9.51,9.52,9.49,9.49,-0.04,-0.42%,0
"2024-04-02 13:11",9.5,9.51,9.5,9.51,0.02,+0.21%,0
"2024-04-02 13:12",9.51,9.53,9.51,9.53,0.02,+0.21%,0
"2024-04-02 13:13",9.54,9.56,9.54,9.55,0.02,+0.21%,0
"2024-04-02 13:14",9.53,9.54,9.53,9.54,-0.01,-0.10%,0
"2024-04-02 13:15",9.56,9.57,9.54,9.54,0,0.00%,0
"2024-04-02 13:16",9.55,9.56,9.53,9.55,0.01,+0.10%,0
"2024-04-02 13:17",9.56,9.61,9.56,9.61,0.06,+0.63%,0
"2024-04-02 13:18",9.59,9.67,9.59,9.64,0.03,+0.31%,0
"2024-04-02 13:19",9.63,9.66,9.63,9.64,0,0.00%,0
"2024-04-02 13:20",9.64,9.65,9.64,9.64,0,0.00%,0
"2024-04-02 13:21",9.68,9.69,9.66,9.69,0.05,+0.52%,0
"2024-04-02 13:22",9.7,9.71,9.68,9.68,-0.01,-0.10%,0
"2024-04-02 13:23",9.68,9.7,9.68,9.7,0.02,+0.21%,0
"2024-04-02 13:24",9.71,9.71,9.7,9.7,0,0.00%,0
"2024-04-02 13:25",9.7,9.71,9.7,9.71,0.01,+0.10%,0
"2024-04-02 13:26",9.71,9.73,9.71,9.72,0.01,+0.10%,0
"2024-04-02 13:27",9.74,9.76,9.74,9.75,0.03,+0.31%,0
"2024-04-02 13:28",9.74,9.75,9.73,9.73,-0.02,-0.21%,0
"2024-04-02 13:29",9.73,9.74,9.73,9.74,0.01,+0.10%,0
"2024-04-02 13:30",9.74,9.77,9.74,9.76,0.02,+0.21%,0
"2024-04-02 13:31",9.76,9.76,9.74,9.74,-0.02,-0.20%,0
"2024-04-02 13:32",9.75,9.75,9.73,9.73,-0.01,-0.10%,0
"2024-04-02 13:33",9.72,9.75,9.72,9.75,0.02,+0.21%,0
"2024-04-02 13:34",9.74,9.75,9.74,9.75,0,0.00%,0
"2024-04-02 13:35",9.75,9.77,9.75,9.77,0.02,+0.21%,0
"2024-04-02 13:36",9.77,9.77,9.75,9.76,-0.01,-0.10%,0
"2024-04-02 13:37",9.77,9.79,9.77,9.79,0.03,+0.31%,0
"2024-04-02 13:38",9.8,9.83,9.8,9.82,0.03,+0.31%,0
"2024-04-02 13:39",9.84,9.85,9.82,9.82,0,0.00%,0
"2024-04-02 13:40",9.82,9.85,9.82,9.84,0.02,+0.20%,0
"2024-04-02 13:41",9.85,9.87,9.85,9.87,0.03,+0.30%,0
"2024-04-02 13:42",9.88,9.9,9.88,9.88,0.01,+0.10%,0
"2024-04-02 13:43",9.89,9.9,9.89,9.89,0.01,+0.10%,0
"2024-04-02 13:44",9.89,9.93,9.89,9.91,0.02,+0.20%,0
"2024-04-02 13:45",9.92,9.93,9.92,9.93,0.02,+0.20%,0
"2024-04-02 13:46",9.92,9.95,9.92,9.92,-0.01,-0.10%,0
"2024-04-02 13:47",9.92,9.94,9.92,9.94,0.02,+0.20%,0
"2024-04-02 13:48",9.91,9.93,9.91,9.92,-0.02,-0.20%,0
"2024-04-02 13:49",9.9,9.9,9.89,9.89,-0.03,-0.30%,0
"2024-04-02 13:50",9.88,9.92,9.88,9.92,0.03,+0.30%,0
"2024-04-02 13:51",9.93,9.97,9.93,9.97,0.05,+0.50%,0
"2024-04-02 13:52",9.96,9.99,9.96,9.97,0,0.00%,0
"2024-04-02 13:53",9.96,9.99,9.96,9.96,-0.01,-0.10%,0
"2024-04-02 13:54",9.97,9.98,9.96,9.96,0,0.00%,0
"2024-04-02 13:55",9.96,9.99,9.96,9.98,0.02,+0.20%,0
"2024-04-02 13:56",9.99,10.01,9.99,10.01,0.03,+0.30%,0
"2024-04-02 13:57",10.01,10.01,10,10,-0.01,-0.10%,0
"2024-04-02 13:58",9.99,10,9.99,10,0,0.00%,0
"2024-04-02 13:59",10,10.01,10,10.01,0.01,+0.10%,0
"2024-04-02 14:00",10.02,10.02,10.01,10.01,0,0.00%,0
"2024-04-02 14:01",10.01,10.03,10.01,10.03,0.02,+0.20%,0
"2024-04-02 14:02",10.04,10.05,10.04,10.05,0.02,+0.20%,0
"2024-04-02 14:03",10.06,10.08,10.06,10.08,0.03,+0.30%,0
"2024-04-02 14:04",10.08,10.11,10.08,10.11,0.03,+0.30%,0
"2024-04-02 14:05",10.1,10.13,10.1,10.13,0.02,+0.20%,0
"2024-04-02 14:06",10.14,10.16,10.13,10.13,0,0.00%,0
"2024-04-02 14:07",10.13,10.15,10.13,10.14,0.01,+0.10%,0
"2024-04-02 14:08",10.16,10.17,10.16,10.17,0.03,+0.30%,0
"2024-04-02 14:09",10.18,10.19,10.18,10.18,0.01,+0.10%,0
"2024-04-02 14:10",10.18,10.18,10.17,10.17,-0.01,-0.10%,0
"2024-04-02 14:11",10.17,10.19,10.17,10.18,0.01,+0.10%,0
"2024-04-02 14:12",10.18,10.2,10.17,10.17,-0.01,-0.10%,0
"2024-04-02 14:13",10.15,10.16,10.15,10.16,-0.01,-0.10%,0
"2024-04-02 14:14",10.17,10.17,10.16,10.16,0,0.00%,0
"2024-04-02 14:15",10.16,10.16,10.14,10.14,-0.02,-0.20%,0
"2024-04-02 14:16",10.15,10.17,10.15,10.17,0.03,+0.30%,0
"2024-04-02 14:17",10.16,10.17,10.16,10.17,0,0.00%,0
"2024-04-02 14:18",10.17,10.19,10.17,10.17,0,0.00%,0
"2024-04-02 14:19",10.18,10.18,10.17,10.17,0,0.00%,0
"2024-04-02 14:20",10.16,10.18,10.16,10.17,0,0.00%,0
"2024-04-02 14:21",10.18,10.2,10.17,10.17,0,0.00%,0
"2024-04-02 14:22",10.18,10.2,10.18,10.2,0.03,+0.29%,0
"2024-04-02 14:23",10.2,10.23,10.2,10.23,0.03,+0.29%,0
"2024-04-02 14:24",10.24,10.25,10.24,10.25,0.02,+0.20%,0
"2024-04-02 14:25",10.24,10.25,10.24,10.25,0,0.00%,0
"2024-04-02 14:26",10.24,10.25,10.23,10.24,-0.01,-0.10%,0
"2024-04-02 14:27",10.24,10.27,10.24,10.25,0.01,+0.10%,0
"2024-04-02 14:28",10.25,10.27,10.25,10.26,0.01,+0.10%,0
"2024-04-02 14:29",10.28,10.31,10.28,10.3,0.04,+0.39%,0
"2024-04-02 14:30",10.3,10.32,10.29,10.29,-0.01,-0.10%,0
"2024-04-02 14:31",10.3,10.3,10.29,10.29,0,0.00%,0
"2024-04-02 14:32",10.29,10.32,10.29,10.32,0.03,+0.29%,0
"2024-04-02 14:33",10.33,10.34,10.33,10.33,0.01,+0.10%,0
"2024-04-02 14:34",10.33,10.34,10.33,10.34,0.01,+0.10%,0
"2024-04-02 14:35",10.35,10.36,10.35,10.36,0.02,+0.19%,0
"2024-04-02 14:36",10.35,10.37,10.35,10.36,0,0.00%,0
"2024-04-02 14:37",10.35,10.37,10.35,10.35,-0.01,-0.10%,0
"2024-04-02 14:38",10.34,10.35,10.34,10.34,-0.01,-0.10%,0
"2024-04-02 14:39",10.34,10.35,10.34,10.35,0.01,+0.10%,0
"2024-04-02 14:40",10.35,10.36,10.34,10.34,-0.01,-0.10%,0
"2024-04-02 14:41",10.35,10.36,10.34,10.34,0,0.00%,0
"2024-04-02 14:42",10.32,10.36,10.32,10.36,0.02,+0.19%,0
"2024-04-02 14:43",10.38,10.38,10.34,10.34,-0.02,-0.19%,0
"2024-04-02 14:44",10.34,10.38,10.34,10.37,0.03,+0.29%,0
"2024-04-02 14:45",10.36,10.38,10.33,10.33,-0.04,-0.39%,0
"2024-04-02 14:46",10.37,10.41,10.35,10.35,0.02,+0.19%,0
"2024-04-02 14:47",10.34,10.37,10.34,10.37,0.02,+0.19%,0
"2024-04-02 14:48",10.34,10.37,10.34,10.35,-0.02,-0.19%,0
"2024-04-02 14:49",10.34,10.36,10.34,10.36,0.01,+0.10%,0
"2024-04-02 14:50",10.36,10.37,10.36,10.37,0.01,+0.10%,0
"2024-04-02 14:51",10.36,10.38,10.36,10.37,0,0.00%,0
"2024-04-02 14:52",10.37,10.38,10.36,10.36,-0.01,-0.10%,0
"2024-04-02 14:53",10.36,10.36,10.36,10.36,0,0.00%,0
"2024-04-02 14:54",10.35,10.39,10.35,10.39,0.03,+0.29%,0
"2024-04-02 14:55",10.41,10.42,10.41,10.41,0.02,+0.19%,0
"2024-04-02 14:56",10.4,10.42,10.4,10.42,0.01,+0.10%,0
"2024-04-02 14:57",10.43,10.46,10.43,10.46,0.04,+0.38%,0
"2024-04-02 14:58",10.46,10.47,10.46,10.47,0.01,+0.10%,0
"2024-04-02 14:59",10.37,10.4,10.37,10.39,-0.08,-0.76%,0
"2024-04-02 15:00",10.38,10.38,10.37,10.38,-0.01,-0.10%,0
"2024-04-02 15:01",10.4,10.42,10.39,10.39,0.01,+0.10%,0
"2024-04-02 15:02",10.38,10.38,10.38,10.38,-0.01,-0.10%,0
"2024-04-02 15:03",10.37,10.37,10.34,10.34,-0.04,-0.39%,0
"2024-04-02 15:04",10.35,10.37,10.33,10.33,-0.01,-0.10%,0
"2024-04-02 15:05",10.32,10.44,10.32,10.41,0.08,+0.77%,0
"2024-04-02 15:06",10.14,10.16,10.14,10.16,-0.25,-2.40%,0
"2024-04-02 15:07",10.16,10.19,10.16,10.18,0.02,+0.20%,0
"2024-04-02 15:08",10.19,10.19,10.18,10.18,0,0.00%,0
"2024-04-02 15:09",10.21,10.28,10.21,10.28,0.1,+0.98%,0
"2024-04-02 15:10",10.27,10.3,10.27,10.3,0.02,+0.19%,0
"2024-04-02 15:11",10.3,10.33,10.3,10.32,0.02,+0.19%,0
"2024-04-02 15:12",10.32,10.35,10.32,10.35,0.03,+0.29%,0
"2024-04-02 15:13",10.36,10.4,10.36,10.4,0.05,+0.48%,0
"2024-04-02 15:14",10.39,10.44,10.39,10.44,0.04,+0.38%,0
"2024-04-02 15:15",10.46,10.48,10.46,10.47,0.03,+0.29%,0
"2024-04-02 15:16",10.47,10.49,10.47,10.49,0.02,+0.19%,0
"2024-04-02 15:17",10.49,10.51,10.49,10.51,0.02,+0.19%,0
"2024-04-02 15:18",10.52,10.55,10.52,10.54,0.03,+0.29%,0
"2024-04-02 15:19",10.55,10.58,10.55,10.57,0.03,+0.28%,0
"2024-04-02 15:20",10.58,10.58,10.55,10.55,-0.02,-0.19%,0
"2024-04-02 15:21",10.53,10.56,10.53,10.55,0,0.00%,0
"2024-04-02 15:22",10.55,10.58,10.55,10.56,0.01,+0.09%,0
"2024-04-02 15:23",10.56,10.57,10.56,10.56,0,0.00%,0
"2024-04-02 15:24",10.54,10.54,10.51,10.53,-0.03,-0.28%,0
"2024-04-02 15:25",10.53,10.55,10.53,10.55,0.02,+0.19%,0
"2024-04-02 15:26",10.54,10.55,10.52,10.52,-0.03,-0.28%,0
"2024-04-02 15:27",10.53,10.53,10.52,10.52,0,0.00%,0
"2024-04-02 15:28",10.52,10.53,10.52,10.52,0,0.00%,0
"2024-04-02 15:29",10.5,10.53,10.5,10.53,0.01,+0.10%,0
"2024-04-02 15:30",10.53,10.55,10.51,10.51,-0.02,-0.19%,0
"2024-04-02 15:31",10.52,10.53,10.52,10.53,0.02,+0.19%,0
"2024-04-02 15:32",10.54,10.55,10.53,10.53,0,0.00%,0
"2024-04-02 15:33",10.53,10.55,10.52,10.52,-0.01,-0.09%,0
"2024-04-02 15:34",10.57,10.57,10.53,10.53,0.01,+0.10%,0
"2024-04-02 15:35",10.52,10.53,10.5,10.5,-0.03,-0.28%,0
"2024-04-02 15:36",10.49,10.51,10.49,10.5,0,0.00%,0
"2024-04-02 15:37",10.52,10.53,10.52,10.53,0.03,+0.29%,0
"2024-04-02 15:38",10.53,10.53,10.52,10.52,-0.01,-0.09%,0
"2024-04-02 15:39",10.53,10.55,10.53,10.54,0.02,+0.19%,0
"2024-04-02 15:40",10.54,10.56,10.54,10.56,0.02,+0.19%,0
"2024-04-02 15:41",10.57,10.59,10.57,10.59,0.03,+0.28%,0
"2024-04-02 15:42",10.57,10.57,10.48,10.48,-0.11,-1.04%,0
"2024-04-02 15:43",10.5,10.52,10.5,10.5,0.02,+0.19%,0
"2024-04-02 15:44",10.49,10.52,10.49,10.52,0.02,+0.19%,0
"2024-04-02 15:45",10.48,10.51,10.48,10.5,-0.02,-0.19%,0
"2024-04-02 15:46",10.47,10.47,10.44,10.44,-0.06,-0.57%,0
"2024-04-02 15:47",10.42,10.45,10.42,10.44,0,0.00%,0
"2024-04-02 15:48",10.44,10.46,10.44,10.45,0.01,+0.10%,0
"2024-04-02 15:49",10.44,10.45,10.43,10.43,-0.02,-0.19%,0
"2024-04-02 15:50",10.35,10.39,10.35,10.38,-0.05,-0.48%,0
"2024-04-02 15:51",10.38,10.38,10.34,10.34,-0.04,-0.39%,0
"2024-04-02 15:52",10.37,10.41,10.37,10.4,0.06,+0.58%,0
"2024-04-02 15:53",10.4,10.44,10.4,10.43,0.03,+0.29%,0
"2024-04-02 15:54",10.42,10.44,10.42,10.42,-0.01,-0.10%,0
"2024-04-02 15:55",10.43,10.44,10.43,10.44,0.02,+0.19%,0
"2024-04-02 15:56",10.39,10.43,10.39,10.43,-0.01,-0.10%,0
"2024-04-02 15:57",10.47,10.47,10.43,10.44,0.01,+0.10%,0
"2024-04-02 15:58",10.47,10.5,10.47,10.47,0.03,+0.29%,0
"2024-04-02 15:59",10.43,10.47,10.38,10.38,-0.09,-0.86%,0
"2024-04-02 16:00",10.17,10.17,10.14,10.17,-0.21,-2.02%,0
"2024-04-02 16:01",10.17,10.19,10.11,10.11,-0.06,-0.59%,0
"2024-04-02 16:02",10.11,10.11,10.01,10.01,-0.1,-0.99%,0
"2024-04-02 16:03",10,10,9.99,10,-0.01,-0.10%,0
"2024-04-02 16:04",10,10,9.98,10,0,0.00%,0
"2024-04-02 16:05",10,10.05,10,10.02,0.02,+0.20%,0
"2024-04-02 16:06",10.02,10.05,10.02,10.04,0.02,+0.20%,0
"2024-04-02 16:07",10.08,10.1,10.07,10.1,0.06,+0.60%,0
"2024-04-02 16:08",10.11,10.15,10.11,10.15,0.05,+0.50%,0
"2024-04-02 16:09",10.16,10.18,10.16,10.18,0.03,+0.30%,0
"2024-04-02 16:10",10.19,10.19,10.19,10.19,0.01,+0.10%,0
"2024-04-02 16:11",10.2,10.21,10.2,10.2,0.01,+0.10%,0
"2024-04-02 16:12",10.17,10.22,10.17,10.19,-0.01,-0.10%,0
"2024-04-02 16:13",10.19,10.22,10.19,10.21,0.02,+0.20%,0
"2024-04-02 16:14",10.22,10.24,10.22,10.22,0.01,+0.10%,0
"2024-04-02 16:15",10.19,10.19,10.19,10.19,-0.03,-0.29%,0
"2024-04-03 09:31",8.22,8.22,8.01,8.01,-2.18,-21.39%,0
"2024-04-03 09:32",7.96,7.97,7.79,7.79,-0.22,-2.75%,0
"2024-04-03 09:33",7.76,7.93,7.76,7.93,0.14,+1.80%,0
"2024-04-03 09:34",7.97,8.01,7.95,8.01,0.08,+1.01%,0
"2024-04-03 09:35",8.03,8.04,8.03,8.03,0.02,+0.25%,0
"2024-04-03 09:36",8.02,8.02,7.88,7.88,-0.15,-1.87%,0
"2024-04-03 09:37",7.91,8,7.91,8,0.12,+1.52%,0
"2024-04-03 09:38",7.99,8.05,7.99,8.05,0.05,+0.63%,0
"2024-04-03 09:39",8.09,8.12,8.09,8.12,0.07,+0.87%,0
"2024-04-03 09:40",8.15,8.18,8.13,8.18,0.06,+0.74%,0
"2024-04-03 09:41",8.16,8.23,8.16,8.22,0.04,+0.49%,0
"2024-04-03 09:42",8.21,8.27,8.21,8.22,0,0.00%,0
"2024-04-03 09:43",8.19,8.23,8.19,8.21,-0.01,-0.12%,0
"2024-04-03 09:44",8.16,8.2,8.16,8.2,-0.01,-0.12%,0
"2024-04-03 09:45",8.19,8.19,8.12,8.12,-0.08,-0.98%,0
"2024-04-03 09:46",8.14,8.19,8.14,8.17,0.05,+0.62%,0
"2024-04-03 09:47",8.19,8.22,8.17,8.17,0,0.00%,0
"2024-04-03 09:48",8.2,8.2,8.19,8.19,0.02,+0.24%,0
"2024-04-03 09:49",8.18,8.25,8.18,8.22,0.03,+0.37%,0
"2024-04-03 09:50",8.14,8.18,8.14,8.18,-0.04,-0.49%,0
"2024-04-03 09:51",8.21,8.22,8.2,8.2,0.02,+0.24%,0
"2024-04-03 09:52",8.2,8.24,8.2,8.24,0.04,+0.49%,0
"2024-04-03 09:53",8.23,8.23,8.21,8.21,-0.03,-0.36%,0
"2024-04-03 09:54",8.19,8.21,8.19,8.19,-0.02,-0.24%,0
"2024-04-03 09:55",8.18,8.22,8.18,8.22,0.03,+0.37%,0
"2024-04-03 09:56",8.24,8.27,8.24,8.26,0.04,+0.49%,0
"2024-04-03 09:57",8.26,8.28,8.26,8.28,0.02,+0.24%,0
"2024-04-03 09:58",8.3,8.33,8.3,8.31,0.03,+0.36%,0
"2024-04-03 09:59",8.29,8.3,8.28,8.28,-0.03,-0.36%,0
"2024-04-03 10:00",8.26,8.26,8.02,8.09,-0.19,-2.29%,0
"2024-04-03 10:01",8.06,8.06,7.89,7.89,-0.2,-2.47%,0
"2024-04-03 10:02",7.87,8.23,7.87,8.23,0.34,+4.31%,0
"2024-04-03 10:03",8.4,8.46,8.11,8.13,-0.1,-1.22%,0
"2024-04-03 10:04",8.14,8.21,8.14,8.21,0.08,+0.98%,0
"2024-04-03 10:05",8.27,8.44,8.27,8.44,0.23,+2.80%,0
"2024-04-03 10:06",8.44,8.44,8.23,8.38,-0.06,-0.71%,0
"2024-04-03 10:07",8.41,8.43,8.25,8.3,-0.08,-0.95%,0
"2024-04-03 10:08",8.3,8.33,8.3,8.32,0.02,+0.24%,0
"2024-04-03 10:09",8.21,8.21,8.14,8.14,-0.18,-2.16%,0
"2024-04-03 10:10",8.12,8.13,8.07,8.07,-0.07,-0.86%,0
"2024-04-03 10:11",8.07,8.07,7.98,7.98,-0.09,-1.12%,0
"2024-04-03 10:12",7.97,8.02,7.97,8.02,0.04,+0.50%,0
"2024-04-03 10:13",8.02,8.1,8.02,8.1,0.08,+1.00%,0
"2024-04-03 10:14",8.09,8.11,8.09,8.1,0,0.00%,0
"2024-04-03 10:15",8.11,8.28,8.11,8.13,0.03,+0.37%,0
"2024-04-03 10:16",8.13,8.18,8.13,8.17,0.04,+0.49%,0
"2024-04-03 10:17",8.12,8.18,8.12,8.18,0.01,+0.12%,0
"2024-04-03 10:18",8.18,8.23,8.18,8.23,0.05,+0.61%,0
"2024-04-03 10:19",8.28,8.31,8.26,8.26,0.03,+0.36%,0
"2024-04-03 10:20",8.24,8.27,8.24,8.25,-0.01,-0.12%,0
"2024-04-03 10:21",8.27,8.28,8.27,8.27,0.02,+0.24%,0
"2024-04-03 10:22",8.28,8.29,8.26,8.26,-0.01,-0.12%,0
"2024-04-03 10:23",8.27,8.28,8.27,8.27,0.01,+0.12%,0
"2024-04-03 10:24",8.27,8.27,8.25,8.25,-0.02,-0.24%,0
"2024-04-03 10:25",8.24,8.24,8.18,8.18,-0.07,-0.85%,0
"2024-04-03 10:26",8.19,8.19,8.15,8.15,-0.03,-0.37%,0
"2024-04-03 10:27",8.12,8.13,8.11,8.12,-0.03,-0.37%,0
"2024-04-03 10:28",8.12,8.14,8.12,8.13,0.01,+0.12%,0
"2024-04-03 10:29",8.12,8.12,8.1,8.1,-0.03,-0.37%,0
"2024-04-03 10:30",8.1,8.1,8.05,8.1,0,0.00%,0
"2024-04-03 10:31",8.14,8.15,8.13,8.13,0.03,+0.37%,0
"2024-04-03 10:32",8.14,8.14,8.07,8.07,-0.06,-0.74%,0
"2024-04-03 10:33",8.08,8.12,8.08,8.12,0.05,+0.62%,0
"2024-04-03 10:34",8.12,8.14,8.12,8.14,0.02,+0.25%,0
"2024-04-03 10:35",8.14,8.14,8.1,8.1,-0.04,-0.49%,0
"2024-04-03 10:36",8.09,8.11,8.04,8.04,-0.06,-0.74%,0
"2024-04-03 10:37",8.02,8.03,8.01,8.03,-0.01,-0.12%,0
"2024-04-03 10:38",8.04,8.06,8.03,8.04,0.01,+0.12%,0
"2024-04-03 10:39",8.02,8.07,8.02,8.07,0.03,+0.37%,0
"2024-04-03 10:40",8.07,8.08,8.06,8.06,-0.01,-0.12%,0
"2024-04-03 10:41",8.05,8.06,8.04,8.06,0,0.00%,0
"2024-04-03 10:42",8.08,8.08,8.07,8.07,0.01,+0.12%,0
"2024-04-03 10:43",8.05,8.08,8.05,8.07,0,0.00%,0
"2024-04-03 10:44",8.06,8.06,8.05,8.05,-0.02,-0.25%,0
"2024-04-03 10:45",8.04,8.04,8,8.02,-0.03,-0.37%,0
"2024-04-03 10:46",8.01,8.01,7.99,7.99,-0.03,-0.37%,0
"2024-04-03 10:47",7.99,8,7.99,8,0.01,+0.13%,0
"2024-04-03 10:48",7.99,8.01,7.99,8.01,0.01,+0.13%,0
"2024-04-03 10:49",8,8.01,8,8.01,0,0.00%,0
"2024-04-03 10:50",8,8.02,8,8.01,0,0.00%,0
"2024-04-03 10:51",8,8.01,7.98,7.98,-0.03,-0.37%,0
"2024-04-03 10:52",7.97,8,7.97,8,0.02,+0.25%,0
"2024-04-03 10:53",8,8,7.97,7.97,-0.03,-0.38%,0
"2024-04-03 10:54",7.96,7.98,7.96,7.98,0.01,+0.13%,0
"2024-04-03 10:55",7.98,7.99,7.98,7.99,0.01,+0.13%,0
"2024-04-03 10:56",7.99,8.01,7.99,8.01,0.02,+0.25%,0
"2024-04-03 10:57",8.01,8.05,8.01,8.05,0.04,+0.50%,0
"2024-04-03 10:58",8.05,8.08,8.05,8.07,0.02,+0.25%,0
"2024-04-03 10:59",8.07,8.08,8.07,8.07,0,0.00%,0
"2024-04-03 11:00",8.07,8.07,8.02,8.02,-0.05,-0.62%,0
"2024-04-03 11:01",8.02,8.02,8.02,8.02,0,0.00%,0
"2024-04-03 11:02",8.02,8.06,8.02,8.04,0.02,+0.25%,0
"2024-04-03 11:03",8.04,8.09,8.04,8.09,0.05,+0.62%,0
"2024-04-03 11:04",8.08,8.11,8.08,8.11,0.02,+0.25%,0
"2024-04-03 11:05",8.1,8.12,8.1,8.12,0.01,+0.12%,0
"2024-04-03 11:06",8.13,8.13,8.12,8.12,0,0.00%,0
"2024-04-03 11:07",8.08,8.13,8.08,8.13,0.01,+0.12%,0
"2024-04-03 11:08",8.16,8.16,8.1,8.1,-0.03,-0.37%,0
"2024-04-03 11:09",8.09,8.1,8.08,8.1,0,0.00%,0
"2024-04-03 11:10",8.1,8.13,8.1,8.13,0.03,+0.37%,0
"2024-04-03 11:11",8.11,8.11,8.05,8.06,-0.07,-0.86%,0
"2024-04-03 11:12",8.06,8.09,8.06,8.09,0.03,+0.37%,0
"2024-04-03 11:13",8.09,8.11,8.09,8.09,0,0.00%,0
"2024-04-03 11:14",8.1,8.15,8.1,8.15,0.06,+0.74%,0
"2024-04-03 11:15",8.15,8.16,8.15,8.16,0.01,+0.12%,0
"2024-04-03 11:16",8.16,8.18,8.16,8.18,0.02,+0.25%,0
"2024-04-03 11:17",8.17,8.2,8.17,8.2,0.02,+0.24%,0
"2024-04-03 11:18",8.2,8.23,8.2,8.22,0.02,+0.24%,0
"2024-04-03 11:19",8.22,8.24,8.22,8.24,0.02,+0.24%,0
"2024-04-03 11:20",8.23,8.24,8.23,8.24,0,0.00%,0
"2024-04-03 11:21",8.24,8.25,8.22,8.22,-0.02,-0.24%,0
"2024-04-03 11:22",8.22,8.24,8.22,8.24,0.02,+0.24%,0
"2024-04-03 11:23",8.24,8.25,8.24,8.25,0.01,+0.12%,0
"2024-04-03 11:24",8.24,8.26,8.24,8.25,0,0.00%,0
"2024-04-03 11:25",8.24,8.25,8.23,8.23,-0.02,-0.24%,0
"2024-04-03 11:26",8.23,8.24,8.23,8.24,0.01,+0.12%,0
"2024-04-03 11:27",8.24,8.27,8.24,8.26,0.02,+0.24%,0
"2024-04-03 11:28",8.28,8.31,8.28,8.29,0.03,+0.36%,0
"2024-04-03 11:29",8.29,8.29,8.27,8.27,-0.02,-0.24%,0
"2024-04-03 11:30",8.28,8.29,8.28,8.29,0.02,+0.24%,0
"2024-04-03 11:31",8.31,8.32,8.31,8.32,0.03,+0.36%,0
"2024-04-03 11:32",8.32,8.34,8.32,8.32,0,0.00%,0
"2024-04-03 11:33",8.31,8.33,8.31,8.32,0,0.00%,0
"2024-04-03 11:34",8.3,8.33,8.3,8.32,0,0.00%,0
"2024-04-03 11:35",8.32,8.32,8.31,8.31,-0.01,-0.12%,0
"2024-04-03 11:36",8.3,8.31,8.3,8.3,-0.01,-0.12%,0
"2024-04-03 11:37",8.29,8.3,8.29,8.29,-0.01,-0.12%,0
"2024-04-03 11:38",8.3,8.32,8.3,8.32,0.03,+0.36%,0
"2024-04-03 11:39",8.33,8.34,8.33,8.34,0.02,+0.24%,0
"2024-04-03 11:40",8.35,8.37,8.35,8.36,0.02,+0.24%,0
"2024-04-03 11:41",8.36,8.38,8.36,8.37,0.01,+0.12%,0
"2024-04-03 11:42",8.37,8.38,8.37,8.38,0.01,+0.12%,0
"2024-04-03 11:43",8.37,8.39,8.37,8.39,0.01,+0.12%,0
"2024-04-03 11:44",8.39,8.42,8.39,8.41,0.02,+0.24%,0
"2024-04-03 11:45",8.41,8.44,8.41,8.43,0.02,+0.24%,0
"2024-04-03 11:46",8.44,8.46,8.44,8.46,0.03,+0.36%,0
"2024-04-03 11:47",8.46,8.47,8.46,8.47,0.01,+0.12%,0
"2024-04-03 11:48",8.48,8.49,8.48,8.49,0.02,+0.24%,0
"2024-04-03 11:49",8.5,8.51,8.5,8.5,0.01,+0.12%,0
"2024-04-03 11:50",8.51,8.53,8.51,8.52,0.02,+0.24%,0
"2024-04-03 11:51",8.48,8.57,8.48,8.57,0.05,+0.59%,0
"2024-04-03 11:52",8.57,8.6,8.57,8.58,0.01,+0.12%,0
"2024-04-03 11:53",8.57,8.61,8.57,8.57,-0.01,-0.12%,0
"2024-04-03 11:54",8.57,8.71,8.57,8.7,0.13,+1.52%,0
"2024-04-03 11:55",8.68,8.73,8.68,8.73,0.03,+0.34%,0
"2024-04-03 11:56",8.74,8.75,8.73,8.73,0,0.00%,0
"2024-04-03 11:57",8.71,8.74,8.71,8.73,0,0.00%,0
"2024-04-03 11:58",8.74,8.76,8.74,8.76,0.03,+0.34%,0
"2024-04-03 11:59",8.76,8.78,8.76,8.78,0.02,+0.23%,0
"2024-04-03 12:00",8.79,8.93,8.79,8.93,0.15,+1.71%,0
"2024-04-03 12:01",8.93,9.04,8.93,9.04,0.11,+1.23%,0
"2024-04-03 12:02",8.91,9,8.91,9,-0.04,-0.44%,0
"2024-04-03 12:03",9.03,9.07,9.03,9.07,0.07,+0.78%,0
"2024-04-03 12:04",9.08,9.14,9.08,9.14,0.07,+0.77%,0
"2024-04-03 12:05",9.12,9.13,9.12,9.12,-0.02,-0.22%,0
"2024-04-03 12:06",9.12,9.14,9.11,9.11,-0.01,-0.11%,0
"2024-04-03 12:07",9.12,9.13,9.12,9.12,0.01,+0.11%,0
"2024-04-03 12:08",9.11,9.15,9.11,9.15,0.03,+0.33%,0
"2024-04-03 12:09",9.16,9.16,9.13,9.13,-0.02,-0.22%,0
"2024-04-03 12:10",9.07,9.07,9,9,-0.13,-1.42%,0
"2024-04-03 12:11",9,9.01,8.99,9.01,0.01,+0.11%,0
"2024-04-03 12:12",9.04,9.11,9.04,9.1,0.09,+1.00%,0
"2024-04-03 12:13",9.07,9.07,9.01,9.02,-0.08,-0.88%,0
"2024-04-03 12:14",9.05,9.06,9.05,9.05,0.03,+0.33%,0
"2024-04-03 12:15",9.01,9.05,9.01,9.05,0,0.00%,0
"2024-04-03 12:16",9.04,9.06,9.04,9.05,0,0.00%,0
"2024-04-03 12:17",9.02,9.02,9,9,-0.05,-0.55%,0
"2024-04-03 12:18",9,9,8.86,8.86,-0.14,-1.56%,0
"2024-04-03 12:19",8.85,8.85,8.74,8.74,-0.12,-1.35%,0
"2024-04-03 12:20",8.74,8.74,8.66,8.66,-0.08,-0.92%,0
"2024-04-03 12:21",8.65,8.67,8.65,8.66,0,0.00%,0
"2024-04-03 12:22",8.66,8.67,8.66,8.66,0,0.00%,0
"2024-04-03 12:23",8.65,8.68,8.56,8.56,-0.1,-1.15%,0
"2024-04-03 12:24",8.52,8.63,8.52,8.59,0.03,+0.35%,0
"2024-04-03 12:25",8.59,8.6,8.59,8.59,0,0.00%,0
"2024-04-03 12:26",8.47,8.61,8.47,8.48,-0.11,-1.28%,0
"2024-04-03 12:27",8.59,8.59,8.58,8.58,0.1,+1.18%,0
"2024-04-03 12:28",8.58,8.58,8.58,8.58,0,0.00%,0
"2024-04-03 12:29",8.59,8.59,8.54,8.54,-0.04,-0.47%,0
"2024-04-03 12:30",8.53,8.55,8.53,8.54,0,0.00%,0
"2024-04-03 12:31",8.53,8.53,8.49,8.49,-0.05,-0.59%,0
"2024-04-03 12:32",8.5,8.5,8.49,8.49,0,0.00%,0
"2024-04-03 12:33",8.47,8.49,8.37,8.37,-0.12,-1.41%,0
"2024-04-03 12:34",8.38,8.41,8.38,8.41,0.04,+0.48%,0
"2024-04-03 12:35",8.39,8.41,8.39,8.41,0,0.00%,0
"2024-04-03 12:36",8.4,8.54,8.4,8.53,0.12,+1.43%,0
"2024-04-03 12:37",8.54,8.57,8.49,8.49,-0.04,-0.47%,0
"2024-04-03 12:38",8.76,9.37,8.76,9.37,0.88,+10.37%,0
"2024-04-03 12:39",9.42,9.42,9.17,9.25,-0.12,-1.28%,0
"2024-04-03 12:40",9.32,9.32,9.13,9.13,-0.12,-1.30%,0
"2024-04-03 12:41",9.05,9.05,8.94,8.96,-0.17,-1.86%,0
"2024-04-03 12:42",9.03,9.05,9.03,9.04,0.08,+0.89%,0
"2024-04-03 12:43",8.99,9.07,8.99,9.07,0.03,+0.33%,0
"2024-04-03 12:44",9.06,9.06,9.04,9.05,-0.02,-0.22%,0
"2024-04-03 12:45",9.05,9.08,8.96,9,-0.05,-0.55%,0
"2024-04-03 12:46",8.98,9.13,8.98,9.13,0.13,+1.44%,0
"2024-04-03 12:47",9.1,9.11,9.07,9.07,-0.06,-0.66%,0
"2024-04-03 12:48",9.08,9.11,9.05,9.05,-0.02,-0.22%,0
"2024-04-03 12:49",9.05,9.07,9.03,9.06,0.01,+0.11%,0
"2024-04-03 12:50",9.09,9.11,9.08,9.08,0.02,+0.22%,0
"2024-04-03 12:51",9.05,9.05,9,9,-0.08,-0.88%,0
"2024-04-03 12:52",9.03,9.03,8.92,8.92,-0.08,-0.89%,0
"2024-04-03 12:53",8.92,8.92,8.85,8.85,-0.07,-0.78%,0
"2024-04-03 12:54",8.88,8.92,8.88,8.92,0.07,+0.79%,0
"2024-04-03 12:55",8.91,8.91,8.88,8.91,-0.01,-0.11%,0
"2024-04-03 12:56",8.91,8.94,8.91,8.94,0.03,+0.34%,0
"2024-04-03 12:57",8.92,8.93,8.87,8.87,-0.07,-0.78%,0
"2024-04-03 12:58",8.85,8.87,8.84,8.87,0,0.00%,0
"2024-04-03 12:59",8.87,9.03,8.87,9.03,0.16,+1.80%,0
"2024-04-03 13:00",9.05,9.05,8.9,8.9,-0.13,-1.44%,0
"2024-04-03 13:01",8.91,9,8.91,9,0.1,+1.12%,0
"2024-04-03 13:02",8.98,8.99,8.98,8.99,-0.01,-0.11%,0
"2024-04-03 13:03",9.03,9.05,8.99,8.99,0,0.00%,0
"2024-04-03 13:04",8.98,9.01,8.98,8.99,0,0.00%,0
"2024-04-03 13:05",9,9.04,9,9.04,0.05,+0.56%,0
"2024-04-03 13:06",9.05,9.06,9.01,9.01,-0.03,-0.33%,0
"2024-04-03 13:07",8.95,9,8.95,8.99,-0.02,-0.22%,0
"2024-04-03 13:08",8.98,9,8.98,9,0.01,+0.11%,0
"2024-04-03 13:09",9.02,9.02,8.95,8.97,-0.03,-0.33%,0
"2024-04-03 13:10",8.96,8.96,8.93,8.93,-0.04,-0.45%,0
"2024-04-03 13:11",8.94,8.95,8.93,8.93,0,0.00%,0
"2024-04-03 13:12",8.93,8.96,8.93,8.95,0.02,+0.22%,0
"2024-04-03 13:13",8.94,8.95,8.94,8.94,-0.01,-0.11%,0
"2024-04-03 13:14",8.94,8.94,8.93,8.94,0,0.00%,0
"2024-04-03 13:15",8.95,8.95,8.9,8.91,-0.03,-0.34%,0
"2024-04-03 13:16",8.9,8.92,8.89,8.92,0.01,+0.11%,0
"2024-04-03 13:17",8.91,8.94,8.91,8.94,0.02,+0.22%,0
"2024-04-03 13:18",8.94,8.98,8.94,8.96,0.02,+0.22%,0
"2024-04-03 13:19",8.97,8.97,8.94,8.94,-0.02,-0.22%,0
"2024-04-03 13:20",8.92,8.92,8.91,8.92,-0.02,-0.22%,0
"2024-04-03 13:21",8.94,8.95,8.9,8.9,-0.02,-0.22%,0
"2024-04-03 13:22",8.89,8.91,8.89,8.91,0.01,+0.11%,0
"2024-04-03 13:23",8.9,8.92,8.89,8.89,-0.02,-0.22%,0
"2024-04-03 13:24",8.9,8.94,8.9,8.94,0.05,+0.56%,0
"2024-04-03 13:25",8.93,8.93,8.91,8.91,-0.03,-0.34%,0
"2024-04-03 13:26",8.92,8.93,8.92,8.93,0.02,+0.22%,0
"2024-04-03 13:27",8.92,8.93,8.91,8.93,0,0.00%,0
"2024-04-03 13:28",8.93,8.93,8.92,8.92,-0.01,-0.11%,0
"2024-04-03 13:29",8.93,8.95,8.93,8.93,0.01,+0.11%,0
"2024-04-03 13:30",8.93,8.93,8.88,8.88,-0.05,-0.56%,0
"2024-04-03 13:31",8.88,8.89,8.87,8.88,0,0.00%,0
"2024-04-03 13:32",8.89,8.94,8.89,8.93,0.05,+0.56%,0
"2024-04-03 13:33",8.9,8.92,8.89,8.89,-0.04,-0.45%,0
"2024-04-03 13:34",8.89,8.91,8.89,8.89,0,0.00%,0
"2024-04-03 13:35",8.9,8.95,8.9,8.95,0.06,+0.67%,0
"2024-04-03 13:36",8.93,8.93,8.93,8.93,-0.02,-0.22%,0
"2024-04-03 13:37",8.92,8.92,8.89,8.89,-0.04,-0.45%,0
"2024-04-03 13:38",8.88,8.94,8.88,8.91,0.02,+0.22%,0
"2024-04-03 13:39",8.91,8.93,8.91,8.91,0,0.00%,0
"2024-04-03 13:40",8.93,8.93,8.91,8.91,0,0.00%,0
"2024-04-03 13:41",8.9,8.9,8.86,8.86,-0.05,-0.56%,0
"2024-04-03 13:42",8.83,8.85,8.83,8.85,-0.01,-0.11%,0
"2024-04-03 13:43",8.86,8.9,8.86,8.9,0.05,+0.56%,0
"2024-04-03 13:44",8.87,8.88,8.87,8.87,-0.03,-0.34%,0
"2024-04-03 13:45",8.87,8.88,8.87,8.87,0,0.00%,0
"2024-04-03 13:46",8.86,8.88,8.86,8.87,0,0.00%,0
"2024-04-03 13:47",8.87,8.89,8.87,8.89,0.02,+0.23%,0
"2024-04-03 13:48",8.88,8.89,8.87,8.87,-0.02,-0.22%,0
"2024-04-03 13:49",8.88,8.9,8.88,8.9,0.03,+0.34%,0
"2024-04-03 13:50",8.9,8.91,8.9,8.9,0,0.00%,0
"2024-04-03 13:51",8.91,8.91,8.89,8.89,-0.01,-0.11%,0
"2024-04-03 13:52",8.9,8.92,8.88,8.92,0.03,+0.34%,0
"2024-04-03 13:53",8.92,8.93,8.91,8.91,-0.01,-0.11%,0
"2024-04-03 13:54",8.92,8.93,8.92,8.93,0.02,+0.22%,0
"2024-04-03 13:55",8.92,8.93,8.92,8.92,-0.01,-0.11%,0
"2024-04-03 13:56",8.92,8.93,8.92,8.92,0,0.00%,0
"2024-04-03 13:57",8.91,8.94,8.91,8.94,0.02,+0.22%,0
"2024-04-03 13:58",8.95,8.97,8.95,8.97,0.03,+0.34%,0
"2024-04-03 13:59",8.96,8.96,8.94,8.94,-0.03,-0.33%,0
"2024-04-03 14:00",8.94,8.97,8.94,8.96,0.02,+0.22%,0
"2024-04-03 14:01",8.96,8.96,8.94,8.94,-0.02,-0.22%,0
"2024-04-03 14:02",8.94,8.96,8.92,8.92,-0.02,-0.22%,0
"2024-04-03 14:03",8.91,8.93,8.91,8.92,0,0.00%,0
"2024-04-03 14:04",8.92,8.93,8.92,8.93,0.01,+0.11%,0
"2024-04-03 14:05",8.93,8.95,8.93,8.94,0.01,+0.11%,0
"2024-04-03 14:06",8.93,8.93,8.92,8.92,-0.02,-0.22%,0
"2024-04-03 14:07",8.88,8.91,8.88,8.91,-0.01,-0.11%,0
"2024-04-03 14:08",8.9,8.9,8.89,8.89,-0.02,-0.22%,0
"2024-04-03 14:09",8.91,8.94,8.91,8.94,0.05,+0.56%,0
"2024-04-03 14:10",8.94,8.96,8.94,8.96,0.02,+0.22%,0
"2024-04-03 14:11",8.96,8.98,8.95,8.98,0.02,+0.22%,0
"2024-04-03 14:12",8.98,8.99,8.97,8.97,-0.01,-0.11%,0
"2024-04-03 14:13",8.98,8.98,8.97,8.97,0,0.00%,0
"2024-04-03 14:14",8.98,8.98,8.97,8.97,0,0.00%,0
"2024-04-03 14:15",8.97,8.97,8.94,8.97,0,0.00%,0
"2024-04-03 14:16",8.94,8.97,8.94,8.97,0,0.00%,0
"2024-04-03 14:17",8.98,9.06,8.98,9.06,0.09,+1.00%,0
"2024-04-03 14:18",9.07,9.09,9.07,9.09,0.03,+0.33%,0
"2024-04-03 14:19",9.08,9.08,9.03,9.03,-0.06,-0.66%,0
"2024-04-03 14:20",9.04,9.04,9.03,9.04,0.01,+0.11%,0
"2024-04-03 14:21",9.03,9.05,9.03,9.05,0.01,+0.11%,0
"2024-04-03 14:22",9.06,9.1,9.06,9.1,0.05,+0.55%,0
"2024-04-03 14:23",9.12,9.13,9.11,9.11,0.01,+0.11%,0
"2024-04-03 14:24",9.11,9.11,9.08,9.09,-0.02,-0.22%,0
"2024-04-03 14:25",9.08,9.12,9.08,9.12,0.03,+0.33%,0
"2024-04-03 14:26",9.12,9.18,9.12,9.18,0.06,+0.66%,0
"2024-04-03 14:27",9.18,9.24,9.18,9.24,0.06,+0.65%,0
"2024-04-03 14:28",9.28,9.28,9.23,9.23,-0.01,-0.11%,0
"2024-04-03 14:29",9.21,9.25,9.21,9.25,0.02,+0.22%,0
"2024-04-03 14:30",9.26,9.29,9.26,9.27,0.02,+0.22%,0
"2024-04-03 14:31",9.27,9.35,9.27,9.31,0.04,+0.43%,0
"2024-04-03 14:32",9.3,9.31,9.3,9.3,-0.01,-0.11%,0
"2024-04-03 14:33",9.32,9.33,9.26,9.26,-0.04,-0.43%,0
"2024-04-03 14:34",9.26,9.28,9.24,9.24,-0.02,-0.22%,0
"2024-04-03 14:35",9.25,9.25,9.21,9.21,-0.03,-0.32%,0
"2024-04-03 14:36",9.22,9.26,9.22,9.26,0.05,+0.54%,0
"2024-04-03 14:37",9.25,9.25,9.21,9.21,-0.05,-0.54%,0
"2024-04-03 14:38",9.22,9.24,9.22,9.24,0.03,+0.33%,0
"2024-04-03 14:39",9.22,9.24,9.06,9.06,-0.18,-1.95%,0
"2024-04-03 14:40",9.05,9.05,9.03,9.05,-0.01,-0.11%,0
"2024-04-03 14:41",9.03,9.04,9.01,9.01,-0.04,-0.44%,0
"2024-04-03 14:42",9,9.22,9,9.04,0.03,+0.33%,0
"2024-04-03 14:43",9.04,9.06,9.03,9.04,0,0.00%,0
"2024-04-03 14:44",9.03,9.06,9.03,9.05,0.01,+0.11%,0
"2024-04-03 14:45",9.04,9.06,9.04,9.06,0.01,+0.11%,0
"2024-04-03 14:46",9.07,9.13,9.07,9.12,0.06,+0.66%,0
"2024-04-03 14:47",9.27,9.28,9.11,9.11,-0.01,-0.11%,0
"2024-04-03 14:48",9.11,9.14,9.11,9.14,0.03,+0.33%,0
"2024-04-03 14:49",9.15,9.17,9.15,9.17,0.03,+0.33%,0
"2024-04-03 14:50",9.19,9.19,9.18,9.18,0.01,+0.11%,0
"2024-04-03 14:51",9.17,9.2,9.17,9.2,0.02,+0.22%,0
"2024-04-03 14:52",9.2,9.23,9.2,9.23,0.03,+0.33%,0
"2024-04-03 14:53",9.49,9.49,9.46,9.48,0.25,+2.71%,0
"2024-04-03 14:54",9.45,9.47,9.45,9.46,-0.02,-0.21%,0
"2024-04-03 14:55",9.46,9.46,9.44,9.45,-0.01,-0.11%,0
"2024-04-03 14:56",9.46,9.54,9.46,9.54,0.09,+0.95%,0
"2024-04-03 14:57",9.53,9.56,9.52,9.52,-0.02,-0.21%,0
"2024-04-03 14:58",9.52,9.55,9.52,9.54,0.02,+0.21%,0
"2024-04-03 14:59",9.55,9.57,9.54,9.57,0.03,+0.31%,0
"2024-04-03 15:00",9.57,9.72,9.57,9.72,0.15,+1.57%,0
"2024-04-03 15:01",9.63,9.68,9.63,9.64,-0.08,-0.82%,0
"2024-04-03 15:02",9.63,9.65,9.6,9.6,-0.04,-0.41%,0
"2024-04-03 15:03",9.6,9.63,9.6,9.61,0.01,+0.10%,0
"2024-04-03 15:04",9.62,9.66,9.62,9.64,0.03,+0.31%,0
"2024-04-03 15:05",9.66,9.67,9.65,9.65,0.01,+0.10%,0
"2024-04-03 15:06",9.64,9.64,9.61,9.62,-0.03,-0.31%,0
"2024-04-03 15:07",9.62,9.64,9.6,9.61,-0.01,-0.10%,0
"2024-04-03 15:08",9.62,9.66,9.62,9.66,0.05,+0.52%,0
"2024-04-03 15:09",9.65,9.7,9.65,9.69,0.03,+0.31%,0
"2024-04-03 15:10",9.68,9.69,9.68,9.69,0,0.00%,0
"2024-04-03 15:11",9.69,9.74,9.69,9.74,0.05,+0.52%,0
"2024-04-03 15:12",9.81,10.08,9.81,10.08,0.34,+3.49%,0
"2024-04-03 15:13",9.95,10.08,9.95,10.08,0,0.00%,0
"2024-04-03 15:14",10.05,10.61,10.05,10.61,0.53,+5.26%,0
"2024-04-03 15:15",10.65,10.78,10.38,10.38,-0.23,-2.17%,0
"2024-04-03 15:16",10.01,10.06,9.7,9.7,-0.68,-6.55%,0
"2024-04-03 15:17",9.81,9.89,9.8,9.89,0.19,+1.96%,0
"2024-04-03 15:18",10,10.27,10,10.22,0.33,+3.34%,0
"2024-04-03 15:19",10.27,10.31,10.27,10.27,0.05,+0.49%,0
"2024-04-03 15:20",10.33,10.39,10.33,10.39,0.12,+1.17%,0
"2024-04-03 15:21",10.34,10.4,10.34,10.4,0.01,+0.10%,0
"2024-04-03 15:22",10.41,10.44,10.41,10.44,0.04,+0.38%,0
"2024-04-03 15:23",10.45,10.49,10.45,10.47,0.03,+0.29%,0
"2024-04-03 15:24",10.48,10.62,10.48,10.59,0.12,+1.15%,0
"2024-04-03 15:25",10.64,10.75,10.64,10.74,0.15,+1.42%,0
"2024-04-03 15:26",10.72,10.72,10.58,10.58,-0.16,-1.49%,0
"2024-04-03 15:27",10.61,10.64,10.61,10.61,0.03,+0.28%,0
"2024-04-03 15:28",10.63,10.63,10.59,10.59,-0.02,-0.19%,0
"2024-04-03 15:29",10.6,10.66,10.6,10.62,0.03,+0.28%,0
"2024-04-03 15:30",10.63,10.69,10.62,10.62,0,0.00%,0
"2024-04-03 15:31",10.57,10.6,10.5,10.5,-0.12,-1.13%,0
"2024-04-03 15:32",10.52,10.52,10.47,10.47,-0.03,-0.29%,0
"2024-04-03 15:33",10.46,10.49,10.46,10.48,0.01,+0.10%,0
"2024-04-03 15:34",10.51,10.51,10.38,10.38,-0.1,-0.95%,0
"2024-04-03 15:35",10.37,10.37,10.18,10.18,-0.2,-1.93%,0
"2024-04-03 15:36",10.18,10.22,10.18,10.21,0.03,+0.29%,0
"2024-04-03 15:37",10.21,10.26,10.19,10.19,-0.02,-0.20%,0
"2024-04-03 15:38",10.17,10.18,10.14,10.18,-0.01,-0.10%,0
"2024-04-03 15:39",10.15,10.15,10.11,10.15,-0.03,-0.29%,0
"2024-04-03 15:40",10.13,10.13,10.11,10.13,-0.02,-0.20%,0
"2024-04-03 15:41",10.12,10.12,10.03,10.03,-0.1,-0.99%,0
"2024-04-03 15:42",9.99,10.01,9.95,9.95,-0.08,-0.80%,0
"2024-04-03 15:43",9.94,9.94,9.89,9.89,-0.06,-0.60%,0
"2024-04-03 15:44",9.86,9.89,9.82,9.82,-0.07,-0.71%,0
"2024-04-03 15:45",9.84,9.86,9.78,9.85,0.03,+0.31%,0
"2024-04-03 15:46",9.8,9.8,9.77,9.77,-0.08,-0.81%,0
"2024-04-03 15:47",9.74,9.77,9.74,9.77,0,0.00%,0
"2024-04-03 15:48",9.74,9.77,9.71,9.77,0,0.00%,0
"2024-04-03 15:49",9.79,9.79,9.66,9.66,-0.11,-1.13%,0
"2024-04-03 15:50",9.66,9.7,9.58,9.66,0,0.00%,0
"2024-04-03 15:51",9.62,9.73,9.62,9.73,0.07,+0.72%,0
"2024-04-03 15:52",9.77,9.78,9.72,9.72,-0.01,-0.10%,0
"2024-04-03 15:53",9.7,9.7,9.6,9.63,-0.09,-0.93%,0
"2024-04-03 15:54",9.61,9.61,9.58,9.58,-0.05,-0.52%,0
"2024-04-03 15:55",9.62,9.65,9.6,9.6,0.02,+0.21%,0
"2024-04-03 15:56",9.61,9.61,9.5,9.51,-0.09,-0.94%,0
"2024-04-03 15:57",9.58,9.67,9.58,9.67,0.16,+1.68%,0
"2024-04-03 15:58",9.67,9.67,9.64,9.64,-0.03,-0.31%,0
"2024-04-03 15:59",9.8,9.82,9.79,9.79,0.15,+1.56%,0
"2024-04-03 16:00",9.8,9.8,9.5,9.5,-0.29,-2.96%,0
"2024-04-03 16:01",9.61,9.61,9.35,9.35,-0.15,-1.58%,0
"2024-04-03 16:02",9.38,9.48,9.35,9.35,0,0.00%,0
"2024-04-03 16:03",9.37,9.37,9.34,9.34,-0.01,-0.11%,0
"2024-04-03 16:04",9.47,9.54,9.47,9.54,0.2,+2.14%,0
"2024-04-03 16:05",9.54,9.57,9.53,9.53,-0.01,-0.10%,0
"2024-04-03 16:06",9.36,9.39,9.36,9.37,-0.16,-1.68%,0
"2024-04-03 16:07",9.39,9.41,9.39,9.41,0.04,+0.43%,0
"2024-04-03 16:08",9.45,9.49,9.45,9.47,0.06,+0.64%,0
"2024-04-03 16:09",9.47,9.48,9.47,9.47,0,0.00%,0
"2024-04-03 16:10",9.46,9.48,9.45,9.45,-0.02,-0.21%,0
"2024-04-03 16:11",9.41,9.43,9.4,9.4,-0.05,-0.53%,0
"2024-04-03 16:12",9.41,9.43,9.41,9.41,0.01,+0.11%,0
"2024-04-03 16:13",9.42,9.42,9.4,9.41,0,0.00%,0
"2024-04-03 16:14",9.4,9.43,9.38,9.43,0.02,+0.21%,0
"2024-04-03 16:15",9.43,9.43,9.43,9.43,0,0.00%,0
"2024-04-04 09:31",7.09,7.09,7.01,7.01,-2.42,-25.66%,0
"2024-04-04 09:32",7.01,7.01,6.94,6.94,-0.07,-1.00%,0
"2024-04-04 09:33",7.01,7.01,6.98,6.98,0.04,+0.58%,0
"2024-04-04 09:34",7.01,7.01,6.95,7,0.02,+0.29%,0
"2024-04-04 09:35",6.99,7.01,6.99,7.01,0.01,+0.14%,0
"2024-04-04 09:36",7.03,7.07,7.03,7.07,0.06,+0.86%,0
"2024-04-04 09:37",7.07,7.09,7.07,7.09,0.02,+0.28%,0
"2024-04-04 09:38",7.11,7.15,7.11,7.13,0.04,+0.56%,0
"2024-04-04 09:39",7.11,7.18,7.11,7.17,0.04,+0.56%,0
"2024-04-04 09:40",7.15,7.23,7.15,7.23,0.06,+0.84%,0
"2024-04-04 09:41",7.22,7.24,7.21,7.21,-0.02,-0.28%,0
"2024-04-04 09:42",7.19,7.26,7.19,7.26,0.05,+0.69%,0
"2024-04-04 09:43",7.22,7.22,7.2,7.22,-0.04,-0.55%,0
"2024-04-04 09:44",7.22,7.28,7.22,7.28,0.06,+0.83%,0
"2024-04-04 09:45",7.29,7.3,7.29,7.3,0.02,+0.27%,0
"2024-04-04 09:46",7.28,7.31,7.28,7.31,0.01,+0.14%,0
"2024-04-04 09:47",7.33,7.34,7.33,7.33,0.02,+0.27%,0
"2024-04-04 09:48",7.31,7.33,7.31,7.32,-0.01,-0.14%,0
"2024-04-04 09:49",7.3,7.3,7.28,7.29,-0.03,-0.41%,0
"2024-04-04 09:50",7.26,7.27,7.25,7.27,-0.02,-0.27%,0
"2024-04-04 09:51",7.3,7.36,7.3,7.36,0.09,+1.24%,0
"2024-04-04 09:52",7.4,7.45,7.39,7.39,0.03,+0.41%,0
"2024-04-04 09:53",7.42,7.43,7.41,7.41,0.02,+0.27%,0
"2024-04-04 09:54",7.38,7.41,7.38,7.41,0,0.00%,0
"2024-04-04 09:55",7.41,7.45,7.41,7.41,0,0.00%,0
"2024-04-04 09:56",7.4,7.43,7.4,7.42,0.01,+0.13%,0
"2024-04-04 09:57",7.39,7.47,7.39,7.47,0.05,+0.67%,0
"2024-04-04 09:58",7.49,7.54,7.49,7.54,0.07,+0.94%,0
"2024-04-04 09:59",7.55,7.57,7.48,7.48,-0.06,-0.80%,0
"2024-04-04 10:00",7.45,7.45,7.4,7.4,-0.08,-1.07%,0
"2024-04-04 10:01",7.39,7.42,7.38,7.42,0.02,+0.27%,0
"2024-04-04 10:02",7.43,7.44,7.42,7.42,0,0.00%,0
"2024-04-04 10:03",7.41,7.43,7.41,7.41,-0.01,-0.13%,0
"2024-04-04 10:04",7.41,7.44,7.41,7.43,0.02,+0.27%,0
"2024-04-04 10:05",7.44,7.47,7.44,7.47,0.04,+0.54%,0
"2024-04-04 10:06",7.49,7.54,7.49,7.54,0.07,+0.94%,0
"2024-04-04 10:07",7.53,7.53,7.51,7.52,-0.02,-0.27%,0
"2024-04-04 10:08",7.5,7.53,7.5,7.5,-0.02,-0.27%,0
"2024-04-04 10:09",7.49,7.49,7.48,7.48,-0.02,-0.27%,0
"2024-04-04 10:10",7.49,7.51,7.49,7.51,0.03,+0.40%,0
"2024-04-04 10:11",7.51,7.53,7.51,7.51,0,0.00%,0
"2024-04-04 10:12",7.5,7.5,7.48,7.48,-0.03,-0.40%,0
"2024-04-04 10:13",7.47,7.5,7.47,7.5,0.02,+0.27%,0
"2024-04-04 10:14",7.49,7.53,7.49,7.53,0.03,+0.40%,0
"2024-04-04 10:15",7.51,7.51,7.5,7.5,-0.03,-0.40%,0
"2024-04-04 10:16",7.49,7.51,7.49,7.49,-0.01,-0.13%,0
"2024-04-04 10:17",7.5,7.52,7.5,7.5,0.01,+0.13%,0
"2024-04-04 10:18",7.5,7.52,7.49,7.52,0.02,+0.27%,0
"2024-04-04 10:19",7.53,7.62,7.53,7.62,0.1,+1.33%,0
"2024-04-04 10:20",7.61,7.65,7.61,7.64,0.02,+0.26%,0
"2024-04-04 10:21",7.65,7.68,7.65,7.68,0.04,+0.52%,0
"2024-04-04 10:22",7.65,7.69,7.65,7.69,0.01,+0.13%,0
"2024-04-04 10:23",7.7,7.9,7.7,7.9,0.21,+2.73%,0
"2024-04-04 10:24",7.84,7.86,7.82,7.82,-0.08,-1.01%,0
"2024-04-04 10:25",7.81,7.86,7.81,7.86,0.04,+0.51%,0
"2024-04-04 10:26",7.85,7.88,7.83,7.83,-0.03,-0.38%,0
"2024-04-04 10:27",7.8,7.84,7.77,7.77,-0.06,-0.77%,0
"2024-04-04 10:28",7.74,7.76,7.72,7.72,-0.05,-0.64%,0
"2024-04-04 10:29",7.7,7.72,7.7,7.72,0,0.00%,0
"2024-04-04 10:30",7.72,7.73,7.71,7.71,-0.01,-0.13%,0
"2024-04-04 10:31",7.7,7.75,7.7,7.72,0.01,+0.13%,0
"2024-04-04 10:32",7.72,7.74,7.72,7.72,0,0.00%,0
"2024-04-04 10:33",7.71,7.76,7.71,7.75,0.03,+0.39%,0
"2024-04-04 10:34",7.78,7.82,7.78,7.82,0.07,+0.90%,0
"2024-04-04 10:35",7.79,7.81,7.76,7.76,-0.06,-0.77%,0
"2024-04-04 10:36",7.77,7.82,7.77,7.81,0.05,+0.64%,0
"2024-04-04 10:37",7.83,7.84,7.82,7.82,0.01,+0.13%,0
"2024-04-04 10:38",7.82,7.85,7.82,7.83,0.01,+0.13%,0
"2024-04-04 10:39",7.83,7.83,7.79,7.79,-0.04,-0.51%,0
"2024-04-04 10:40",7.79,7.83,7.79,7.81,0.02,+0.26%,0
"2024-04-04 10:41",7.81,7.81,7.78,7.78,-0.03,-0.38%,0
"2024-04-04 10:42",7.78,7.83,7.78,7.81,0.03,+0.39%,0
"2024-04-04 10:43",7.8,7.8,7.79,7.79,-0.02,-0.26%,0
"2024-04-04 10:44",7.79,7.82,7.79,7.81,0.02,+0.26%,0
"2024-04-04 10:45",7.81,7.84,7.81,7.83,0.02,+0.26%,0
"2024-04-04 10:46",7.85,7.87,7.84,7.87,0.04,+0.51%,0
"2024-04-04 10:47",7.86,7.88,7.86,7.88,0.01,+0.13%,0
"2024-04-04 10:48",7.88,7.9,7.87,7.87,-0.01,-0.13%,0
"2024-04-04 10:49",7.9,7.9,7.88,7.88,0.01,+0.13%,0
"2024-04-04 10:50",7.89,7.96,7.89,7.96,0.08,+1.02%,0
"2024-04-04 10:51",7.97,7.98,7.97,7.98,0.02,+0.25%,0
"2024-04-04 10:52",7.96,7.96,7.94,7.95,-0.03,-0.38%,0
"2024-04-04 10:53",7.94,7.96,7.94,7.96,0.01,+0.13%,0
"2024-04-04 10:54",7.98,8,7.97,8,0.04,+0.50%,0
"2024-04-04 10:55",8,8.04,8,8.04,0.04,+0.50%,0
"2024-04-04 10:56",8.03,8.04,8.03,8.03,-0.01,-0.12%,0
"2024-04-04 10:57",8.05,8.07,8.05,8.05,0.02,+0.25%,0
"2024-04-04 10:58",8.05,8.06,8.05,8.05,0,0.00%,0
"2024-04-04 10:59",8.08,8.1,8.08,8.1,0.05,+0.62%,0
"2024-04-04 11:00",8.1,8.1,8.09,8.1,0,0.00%,0
"2024-04-04 11:01",8.1,8.11,8.1,8.1,0,0.00%,0
"2024-04-04 11:02",8.11,8.14,8.11,8.13,0.03,+0.37%,0
"2024-04-04 11:03",8.14,8.19,8.14,8.19,0.06,+0.74%,0
"2024-04-04 11:04",8.18,8.21,8.18,8.21,0.02,+0.24%,0
"2024-04-04 11:05",8.21,8.25,8.21,8.25,0.04,+0.49%,0
"2024-04-04 11:06",8.26,8.26,8.23,8.23,-0.02,-0.24%,0
"2024-04-04 11:07",8.23,8.25,8.23,8.25,0.02,+0.24%,0
"2024-04-04 11:08",8.26,8.3,8.26,8.3,0.05,+0.61%,0
"2024-04-04 11:09",8.31,8.39,8.31,8.37,0.07,+0.84%,0
"2024-04-04 11:10",8.35,8.37,8.35,8.35,-0.02,-0.24%,0
"2024-04-04 11:11",8.32,8.37,8.32,8.36,0.01,+0.12%,0
"2024-04-04 11:12",8.37,8.4,8.37,8.39,0.03,+0.36%,0
"2024-04-04 11:13",8.48,8.53,8.48,8.53,0.14,+1.67%,0
"2024-04-04 11:14",8.49,8.52,8.49,8.51,-0.02,-0.23%,0
"2024-04-04 11:15",8.51,8.52,8.5,8.5,-0.01,-0.12%,0
"2024-04-04 11:16",8.52,8.54,8.52,8.54,0.04,+0.47%,0
"2024-04-04 11:17",8.54,8.56,8.54,8.56,0.02,+0.23%,0
"2024-04-04 11:18",8.56,8.59,8.56,8.58,0.02,+0.23%,0
"2024-04-04 11:19",8.58,8.62,8.58,8.61,0.03,+0.35%,0
"2024-04-04 11:20",8.62,8.68,8.62,8.68,0.07,+0.81%,0
"2024-04-04 11:21",8.68,8.68,8.65,8.65,-0.03,-0.35%,0
"2024-04-04 11:22",8.66,8.69,8.66,8.68,0.03,+0.35%,0
"2024-04-04 11:23",8.67,8.68,8.66,8.66,-0.02,-0.23%,0
"2024-04-04 11:24",8.66,8.66,8.6,8.6,-0.06,-0.69%,0
"2024-04-04 11:25",8.62,8.68,8.62,8.66,0.06,+0.70%,0
"2024-04-04 11:26",8.66,8.7,8.66,8.69,0.03,+0.35%,0
"2024-04-04 11:27",8.7,8.73,8.7,8.73,0.04,+0.46%,0
"2024-04-04 11:28",8.72,8.74,8.72,8.73,0,0.00%,0
"2024-04-04 11:29",8.72,8.72,8.7,8.7,-0.03,-0.34%,0
"2024-04-04 11:30",8.69,8.71,8.69,8.7,0,0.00%,0
"2024-04-04 11:31",8.71,8.74,8.71,8.74,0.04,+0.46%,0
"2024-04-04 11:32",8.73,8.77,8.73,8.74,0,0.00%,0
"2024-04-04 11:33",8.75,8.76,8.74,8.75,0.01,+0.11%,0
"2024-04-04 11:34",8.77,8.79,8.77,8.78,0.03,+0.34%,0
"2024-04-04 11:35",8.78,8.8,8.74,8.74,-0.04,-0.46%,0
"2024-04-04 11:36",8.75,8.79,8.75,8.79,0.05,+0.57%,0
"2024-04-04 11:37",8.79,8.83,8.79,8.81,0.02,+0.23%,0
"2024-04-04 11:38",8.81,8.85,8.81,8.82,0.01,+0.11%,0
"2024-04-04 11:39",8.81,8.84,8.81,8.84,0.02,+0.23%,0
"2024-04-04 11:40",8.83,8.85,8.83,8.83,-0.01,-0.11%,0
"2024-04-04 11:41",8.83,8.83,8.8,8.81,-0.02,-0.23%,0
"2024-04-04 11:42",8.81,8.84,8.81,8.84,0.03,+0.34%,0
"2024-04-04 11:43",8.81,8.84,8.81,8.82,-0.02,-0.23%,0
"2024-04-04 11:44",8.82,8.85,8.82,8.84,0.02,+0.23%,0
"2024-04-04 11:45",8.83,8.84,8.82,8.84,0,0.00%,0
"2024-04-04 11:46",8.83,8.86,8.8,8.86,0.02,+0.23%,0
"2024-04-04 11:47",8.86,8.88,8.86,8.86,0,0.00%,0
"2024-04-04 11:48",8.86,8.91,8.86,8.91,0.05,+0.56%,0
"2024-04-04 11:49",8.91,8.92,8.91,8.92,0.01,+0.11%,0
"2024-04-04 11:50",8.92,8.93,8.92,8.92,0,0.00%,0
"2024-04-04 11:51",8.9,8.93,8.9,8.91,-0.01,-0.11%,0
"2024-04-04 11:52",8.89,8.92,8.88,8.92,0.01,+0.11%,0
"2024-04-04 11:53",8.93,8.93,8.91,8.91,-0.01,-0.11%,0
"2024-04-04 11:54",8.92,8.95,8.92,8.95,0.04,+0.45%,0
"2024-04-04 11:55",8.96,8.98,8.96,8.98,0.03,+0.34%,0
"2024-04-04 11:56",8.98,9.03,8.98,9,0.02,+0.22%,0
"2024-04-04 11:57",9,9.04,9,9.04,0.04,+0.44%,0
"2024-04-04 11:58",9.03,9.05,9.03,9.04,0,0.00%,0
"2024-04-04 11:59",9.04,9.08,9.04,9.08,0.04,+0.44%,0
"2024-04-04 12:00",9.07,9.11,9.07,9.11,0.03,+0.33%,0
"2024-04-04 12:01",9.11,9.12,9.11,9.11,0,0.00%,0
"2024-04-04 12:02",9.1,9.11,9.1,9.11,0,0.00%,0
"2024-04-04 12:03",9.11,9.13,9.11,9.13,0.02,+0.22%,0
"2024-04-04 12:04",9.12,9.14,9.12,9.13,0,0.00%,0
"2024-04-04 12:05",9.13,9.21,9.13,9.19,0.06,+0.66%,0
"2024-04-04 12:06",9.17,9.22,9.17,9.2,0.01,+0.11%,0
"2024-04-04 12:07",9.21,9.25,9.21,9.25,0.05,+0.54%,0
"2024-04-04 12:08",9.23,9.31,9.23,9.31,0.06,+0.65%,0
"2024-04-04 12:09",9.31,9.48,9.31,9.44,0.13,+1.40%,0
"2024-04-04 12:10",9.43,9.55,9.43,9.52,0.08,+0.85%,0
"2024-04-04 12:11",9.54,9.54,9.44,9.49,-0.03,-0.32%,0
"2024-04-04 12:12",9.49,9.49,9.43,9.44,-0.05,-0.53%,0
"2024-04-04 12:13",9.42,9.42,9.36,9.38,-0.06,-0.64%,0
"2024-04-04 12:14",9.38,9.39,9.37,9.37,-0.01,-0.11%,0
"2024-04-04 12:15",9.37,9.38,9.36,9.38,0.01,+0.11%,0
"2024-04-04 12:16",9.38,9.38,9.36,9.36,-0.02,-0.21%,0
"2024-04-04 12:17",9.38,9.41,9.38,9.41,0.05,+0.53%,0
"2024-04-04 12:18",9.42,9.44,9.42,9.44,0.03,+0.32%,0
"2024-04-04 12:19",9.44,9.47,9.44,9.46,0.02,+0.21%,0
"2024-04-04 12:20",9.47,9.48,9.46,9.46,0,0.00%,0
"2024-04-04 12:21",9.45,9.47,9.44,9.44,-0.02,-0.21%,0
"2024-04-04 12:22",9.41,9.41,9.4,9.4,-0.04,-0.42%,0
"2024-04-04 12:23",9.41,9.44,9.41,9.42,0.02,+0.21%,0
"2024-04-04 12:24",9.43,9.46,9.43,9.46,0.04,+0.42%,0
"2024-04-04 12:25",9.46,9.49,9.46,9.48,0.02,+0.21%,0
"2024-04-04 12:26",9.48,9.5,9.48,9.5,0.02,+0.21%,0
"2024-04-04 12:27",9.5,9.54,9.5,9.53,0.03,+0.32%,0
"2024-04-04 12:28",9.52,9.55,9.52,9.52,-0.01,-0.10%,0
"2024-04-04 12:29",9.51,9.51,9.49,9.49,-0.03,-0.32%,0
"2024-04-04 12:30",9.49,9.49,9.48,9.48,-0.01,-0.11%,0
"2024-04-04 12:31",9.47,9.49,9.47,9.48,0,0.00%,0
"2024-04-04 12:32",9.47,9.49,9.47,9.49,0.01,+0.11%,0
"2024-04-04 12:33",9.5,9.52,9.5,9.51,0.02,+0.21%,0
"2024-04-04 12:34",9.54,9.55,9.54,9.55,0.04,+0.42%,0
"2024-04-04 12:35",9.55,9.59,9.55,9.59,0.04,+0.42%,0
"2024-04-04 12:36",9.58,9.59,9.58,9.59,0,0.00%,0
"2024-04-04 12:37",9.6,9.61,9.6,9.6,0.01,+0.10%,0
"2024-04-04 12:38",9.61,9.63,9.61,9.61,0.01,+0.10%,0
"2024-04-04 12:39",9.6,9.6,9.54,9.54,-0.07,-0.73%,0
"2024-04-04 12:40",9.55,9.55,9.55,9.55,0.01,+0.10%,0
"2024-04-04 12:41",9.55,9.59,9.55,9.59,0.04,+0.42%,0
"2024-04-04 12:42",9.58,9.6,9.58,9.59,0,0.00%,0
"2024-04-04 12:43",9.62,9.67,9.62,9.67,0.08,+0.83%,0
"2024-04-04 12:44",9.67,9.68,9.67,9.68,0.01,+0.10%,0
"2024-04-04 12:45",9.67,9.69,9.67,9.68,0,0.00%,0
"2024-04-04 12:46",9.67,9.71,9.67,9.7,0.02,+0.21%,0
"2024-04-04 12:47",9.7,9.73,9.7,9.73,0.03,+0.31%,0
"2024-04-04 12:48",9.73,9.75,9.73,9.75,0.02,+0.21%,0
"2024-04-04 12:49",9.75,9.78,9.75,9.78,0.03,+0.31%,0
"2024-04-04 12:50",9.78,9.8,9.78,9.8,0.02,+0.20%,0
"2024-04-04 12:51",9.8,9.82,9.8,9.8,0,0.00%,0
"2024-04-04 12:52",9.8,9.81,9.8,9.81,0.01,+0.10%,0
"2024-04-04 12:53",9.8,9.82,9.8,9.82,0.01,+0.10%,0
"2024-04-04 12:54",9.82,9.85,9.82,9.85,0.03,+0.31%,0
"2024-04-04 12:55",9.84,9.87,9.84,9.87,0.02,+0.20%,0
"2024-04-04 12:56",9.87,9.91,9.87,9.91,0.04,+0.41%,0
"2024-04-04 12:57",9.91,9.97,9.91,9.97,0.06,+0.61%,0
"2024-04-04 12:58",9.95,9.95,9.95,9.95,-0.02,-0.20%,0
"2024-04-04 12:59",9.93,9.94,9.92,9.92,-0.03,-0.30%,0
"2024-04-04 13:00",9.92,9.95,9.92,9.95,0.03,+0.30%,0
"2024-04-04 13:01",9.94,9.98,9.94,9.98,0.03,+0.30%,0
"2024-04-04 13:02",9.99,10.04,9.99,10.02,0.04,+0.40%,0
"2024-04-04 13:03",10.01,10.03,10.01,10.03,0.01,+0.10%,0
"2024-04-04 13:04",9.99,10.02,9.99,10.02,-0.01,-0.10%,0
"2024-04-04 13:05",10.04,10.07,10.04,10.07,0.05,+0.50%,0
"2024-04-04 13:06",10.07,10.11,10.07,10.11,0.04,+0.40%,0
"2024-04-04 13:07",10.1,10.1,10.1,10.1,-0.01,-0.10%,0
"2024-04-04 13:08",10.09,10.1,10.08,10.08,-0.02,-0.20%,0
"2024-04-04 13:09",10.07,10.08,10.06,10.06,-0.02,-0.20%,0
"2024-04-04 13:10",10.06,10.07,10.04,10.04,-0.02,-0.20%,0
"2024-04-04 13:11",10.04,10.05,10.04,10.04,0,0.00%,0
"2024-04-04 13:12",10.04,10.06,10.04,10.06,0.02,+0.20%,0
"2024-04-04 13:13",10.04,10.07,10.04,10.07,0.01,+0.10%,0
"2024-04-04 13:14",10.07,10.09,10.07,10.09,0.02,+0.20%,0
"2024-04-04 13:15",10.08,10.09,10.08,10.09,0,0.00%,0
"2024-04-04 13:16",10.09,10.11,10.09,10.11,0.02,+0.20%,0
"2024-04-04 13:17",10.1,10.12,10.1,10.12,0.01,+0.10%,0
"2024-04-04 13:18",10.12,10.13,10.12,10.12,0,0.00%,0
"2024-04-04 13:19",10.12,10.15,10.12,10.14,0.02,+0.20%,0
"2024-04-04 13:20",10.13,10.16,10.13,10.15,0.01,+0.10%,0
"2024-04-04 13:21",10.14,10.17,10.14,10.16,0.01,+0.10%,0
"2024-04-04 13:22",10.16,10.19,10.16,10.19,0.03,+0.30%,0
"2024-04-04 13:23",10.18,10.23,10.18,10.23,0.04,+0.39%,0
"2024-04-04 13:24",10.22,10.24,10.22,10.24,0.01,+0.10%,0
"2024-04-04 13:25",10.23,10.24,10.22,10.22,-0.02,-0.20%,0
"2024-04-04 13:26",10.22,10.26,10.22,10.26,0.04,+0.39%,0
"2024-04-04 13:27",10.28,10.33,10.28,10.31,0.05,+0.49%,0
"2024-04-04 13:28",10.32,10.34,10.32,10.34,0.03,+0.29%,0
"2024-04-04 13:29",10.35,10.38,10.35,10.38,0.04,+0.39%,0
"2024-04-04 13:30",10.37,10.4,10.37,10.4,0.02,+0.19%,0
"2024-04-04 13:31",10.4,10.43,10.4,10.43,0.03,+0.29%,0
"2024-04-04 13:32",10.42,10.49,10.42,10.48,0.05,+0.48%,0
"2024-04-04 13:33",10.48,10.49,10.47,10.49,0.01,+0.10%,0
"2024-04-04 13:34",10.48,10.52,10.48,10.52,0.03,+0.29%,0
"2024-04-04 13:35",10.52,10.56,10.52,10.56,0.04,+0.38%,0
"2024-04-04 13:36",10.54,10.55,10.51,10.52,-0.04,-0.38%,0
"2024-04-04 13:37",10.51,10.54,10.51,10.54,0.02,+0.19%,0
"2024-04-04 13:38",10.56,10.58,10.56,10.58,0.04,+0.38%,0
"2024-04-04 13:39",10.58,10.62,10.58,10.62,0.04,+0.38%,0
"2024-04-04 13:40",10.63,10.66,10.63,10.65,0.03,+0.28%,0
"2024-04-04 13:41",10.66,10.8,10.66,10.8,0.15,+1.41%,0
"2024-04-04 13:42",10.85,10.91,10.84,10.87,0.07,+0.65%,0
"2024-04-04 13:43",10.93,10.94,10.89,10.89,0.02,+0.18%,0
"2024-04-04 13:44",11.02,11.02,10.97,10.97,0.08,+0.73%,0
"2024-04-04 13:45",10.96,10.98,10.96,10.97,0,0.00%,0
"2024-04-04 13:46",10.95,10.98,10.95,10.98,0.01,+0.09%,0
"2024-04-04 13:47",11,11.28,11,11.28,0.3,+2.73%,0
"2024-04-04 13:48",11.18,11.21,11.18,11.21,-0.07,-0.62%,0
"2024-04-04 13:49",11.2,11.21,11.18,11.18,-0.03,-0.27%,0
"2024-04-04 13:50",11.14,11.18,11.14,11.15,-0.03,-0.27%,0
"2024-04-04 13:51",11.12,11.12,11.06,11.06,-0.09,-0.81%,0
"2024-04-04 13:52",11.06,11.09,11.06,11.06,0,0.00%,0
"2024-04-04 13:53",11.1,11.18,11.1,11.18,0.12,+1.08%,0
"2024-04-04 13:54",11.19,11.2,11.19,11.2,0.02,+0.18%,0
"2024-04-04 13:55",11.21,11.28,11.21,11.24,0.04,+0.36%,0
"2024-04-04 13:56",11.21,11.29,11.21,11.29,0.05,+0.44%,0
"2024-04-04 13:57",11.3,11.35,11.3,11.35,0.06,+0.53%,0
"2024-04-04 13:58",11.37,12.19,11.37,11.89,0.54,+4.76%,0
"2024-04-04 13:59",11.68,11.78,11.6,11.78,-0.11,-0.93%,0
"2024-04-04 14:00",11.77,11.96,11.77,11.95,0.17,+1.44%,0
"2024-04-04 14:01",11.91,11.91,11.83,11.91,-0.04,-0.33%,0
"2024-04-04 14:02",11.91,11.98,11.91,11.98,0.07,+0.59%,0
"2024-04-04 14:03",11.99,11.99,11.94,11.94,-0.04,-0.33%,0
"2024-04-04 14:04",11.97,12.06,11.97,12.04,0.1,+0.84%,0
"2024-04-04 14:05",12.04,12.23,12.04,12.23,0.19,+1.58%,0
"2024-04-04 14:06",12.26,12.79,12.26,12.58,0.35,+2.86%,0
"2024-04-04 14:07",12.59,12.96,12.59,12.71,0.13,+1.03%,0
"2024-04-04 14:08",12.71,12.95,12.71,12.9,0.19,+1.49%,0
"2024-04-04 14:09",12.94,13.16,12.94,13.14,0.24,+1.86%,0
"2024-04-04 14:10",13.16,13.64,13.16,13.64,0.5,+3.81%,0
"2024-04-04 14:11",13.9,13.91,13.5,13.5,-0.14,-1.03%,0
"2024-04-04 14:12",13.38,13.46,13.38,13.4,-0.1,-0.74%,0
"2024-04-04 14:13",13.39,13.62,13.39,13.62,0.22,+1.64%,0
"2024-04-04 14:14",13.63,13.91,13.63,13.84,0.22,+1.62%,0
"2024-04-04 14:15",13.93,14.2,13.93,14.2,0.36,+2.60%,0
"2024-04-04 14:16",14.34,14.6,14.34,14.4,0.2,+1.41%,0
"2024-04-04 14:17",14.38,14.58,14.38,14.43,0.03,+0.21%,0
"2024-04-04 14:18",14.58,15.14,14.58,15.14,0.71,+4.92%,0
"2024-04-04 14:19",15.26,15.38,15.19,15.19,0.05,+0.33%,0
"2024-04-04 14:20",15.32,15.62,15.32,15.5,0.31,+2.04%,0
"2024-04-04 14:21",15.36,15.64,15.36,15.64,0.14,+0.90%,0
"2024-04-04 14:22",15.56,15.63,15.56,15.62,-0.02,-0.13%,0
"2024-04-04 14:23",15.61,15.61,15.43,15.43,-0.19,-1.22%,0
"2024-04-04 14:24",15.34,15.34,15.22,15.22,-0.21,-1.36%,0
"2024-04-04 14:25",15.18,15.18,15.11,15.11,-0.11,-0.72%,0
"2024-04-04 14:26",15.14,15.43,15.14,15.43,0.32,+2.12%,0
"2024-04-04 14:27",15.46,16.37,15.46,16.37,0.94,+6.09%,0
"2024-04-04 14:28",16.25,16.73,16.22,16.73,0.36,+2.20%,0
"2024-04-04 14:29",16.58,16.67,16.5,16.52,-0.21,-1.26%,0
"2024-04-04 14:30",16.55,17.86,16.55,17.86,1.34,+8.11%,0
"2024-04-04 14:31",18.11,18.11,17.41,17.73,-0.13,-0.73%,0
"2024-04-04 14:32",17.69,19.47,17.69,19.47,1.74,+9.81%,0
"2024-04-04 14:33",19.93,19.93,19.12,19.12,-0.35,-1.80%,0
"2024-04-04 14:34",18.92,19.51,18.83,19.51,0.39,+2.04%,0
"2024-04-04 14:35",19.79,19.79,19.19,19.21,-0.3,-1.54%,0
"2024-04-04 14:36",19.1,19.15,18.7,18.7,-0.51,-2.65%,0
"2024-04-04 14:37",18.31,18.31,17.6,17.6,-1.1,-5.88%,0
"2024-04-04 14:38",17.56,17.6,17.47,17.47,-0.13,-0.74%,0
"2024-04-04 14:39",17.49,17.55,17.44,17.54,0.07,+0.40%,0
"2024-04-04 14:40",17.59,17.97,17.59,17.96,0.42,+2.39%,0
"2024-04-04 14:41",18.01,18.45,18.01,18.34,0.38,+2.12%,0
"2024-04-04 14:42",18.12,18.32,17.93,18.32,-0.02,-0.11%,0
"2024-04-04 14:43",18.38,18.5,18.38,18.44,0.12,+0.66%,0
"2024-04-04 14:44",18.36,19.03,18.36,19.03,0.59,+3.20%,0
"2024-04-04 14:45",19.44,19.44,18.58,18.58,-0.45,-2.36%,0
"2024-04-04 14:46",18.58,18.63,18.52,18.63,0.05,+0.27%,0
"2024-04-04 14:47",18.64,18.77,18.61,18.61,-0.02,-0.11%,0
"2024-04-04 14:48",18.66,18.73,18.56,18.56,-0.05,-0.27%,0
"2024-04-04 14:49",18.56,18.65,18.38,18.38,-0.18,-0.97%,0
"2024-04-04 14:50",18.33,18.33,18.19,18.19,-0.19,-1.03%,0
"2024-04-04 14:51",18.1,18.1,18.02,18.09,-0.1,-0.55%,0
"2024-04-04 14:52",18.01,18.37,18.01,18.37,0.28,+1.55%,0
"2024-04-04 14:53",18.5,18.73,18.5,18.67,0.3,+1.63%,0
"2024-04-04 14:54",18.56,18.58,18.44,18.58,-0.09,-0.48%,0
"2024-04-04 14:55",18.51,19.6,18.51,19.6,1.02,+5.49%,0
"2024-04-04 14:56",19.87,19.87,19.27,19.44,-0.16,-0.82%,0
"2024-04-04 14:57",19.43,19.59,19.42,19.59,0.15,+0.77%,0
"2024-04-04 14:58",19.45,19.96,19.45,19.96,0.37,+1.89%,0
"2024-04-04 14:59",20.06,20.09,20.04,20.04,0.08,+0.40%,0
"2024-04-04 15:00",19.6,20.32,19.6,20.32,0.28,+1.40%,0
"2024-04-04 15:01",20.7,20.7,20.47,20.7,0.38,+1.87%,0
"2024-04-04 15:02",20.64,20.64,19.96,19.96,-0.74,-3.57%,0
"2024-04-04 15:03",20,20,19.69,19.69,-0.27,-1.35%,0
"2024-04-04 15:04",19.79,20.52,19.79,20.52,0.83,+4.22%,0
"2024-04-04 15:05",20.65,20.65,20,20.08,-0.44,-2.14%,0
"2024-04-04 15:06",20.15,20.33,20.12,20.12,0.04,+0.20%,0
"2024-04-04 15:07",20.11,20.11,19.83,19.83,-0.29,-1.44%,0
"2024-04-04 15:08",19.9,20.03,19.81,19.85,0.02,+0.10%,0
"2024-04-04 15:09",19.84,19.84,19.73,19.73,-0.12,-0.60%,0
"2024-04-04 15:10",19.7,19.75,19.68,19.68,-0.05,-0.25%,0
"2024-04-04 15:11",19.86,19.88,19.74,19.74,0.06,+0.30%,0
"2024-04-04 15:12",19.73,19.9,19.73,19.9,0.16,+0.81%,0
"2024-04-04 15:13",19.86,20.18,19.86,20.18,0.28,+1.41%,0
"2024-04-04 15:14",20.18,20.22,20.09,20.09,-0.09,-0.45%,0
"2024-04-04 15:15",20.15,20.31,20.15,20.22,0.13,+0.65%,0
"2024-04-04 15:16",20.29,20.29,20.08,20.08,-0.14,-0.69%,0
"2024-04-04 15:17",20.19,20.56,20.19,20.56,0.48,+2.39%,0
"2024-04-04 15:18",20.7,20.7,20.54,20.59,0.03,+0.15%,0
"2024-04-04 15:19",20.33,20.47,20.28,20.47,-0.12,-0.58%,0
"2024-04-04 15:20",20.47,20.47,20.08,20.08,-0.39,-1.91%,0
"2024-04-04 15:21",20.13,20.33,20.13,20.27,0.19,+0.95%,0
"2024-04-04 15:22",20.21,20.24,20.16,20.24,-0.03,-0.15%,0
"2024-04-04 15:23",20.21,20.22,20.13,20.13,-0.11,-0.54%,0
"2024-04-04 15:24",20.04,20.14,20.04,20.04,-0.09,-0.45%,0
"2024-04-04 15:25",20,20,19.93,19.97,-0.07,-0.35%,0
"2024-04-04 15:26",19.93,20.19,19.93,20.19,0.22,+1.10%,0
"2024-04-04 15:27",20.21,20.25,20.21,20.25,0.06,+0.30%,0
"2024-04-04 15:28",20.49,20.6,20.49,20.6,0.35,+1.73%,0
"2024-04-04 15:29",20.67,20.98,20.67,20.98,0.38,+1.84%,0
"2024-04-04 15:30",21.25,21.25,20.88,21.01,0.03,+0.14%,0
"2024-04-04 15:31",21.06,21.2,21.06,21.2,0.19,+0.90%,0
"2024-04-04 15:32",21.2,21.32,20.98,20.98,-0.22,-1.04%,0
"2024-04-04 15:33",20.9,20.91,20.79,20.91,-0.07,-0.33%,0
"2024-04-04 15:34",20.98,21.08,20.98,21.08,0.17,+0.81%,0
"2024-04-04 15:35",21.09,21.53,21.09,21.53,0.45,+2.13%,0
"2024-04-04 15:36",21.48,21.61,21.48,21.53,0,0.00%,0
"2024-04-04 15:37",21.56,21.59,21.54,21.56,0.03,+0.14%,0
"2024-04-04 15:38",21.68,21.96,21.68,21.96,0.4,+1.86%,0
"2024-04-04 15:39",22.02,22.14,22.02,22.14,0.18,+0.82%,0
"2024-04-04 15:40",22.15,22.15,22.04,22.13,-0.01,-0.05%,0
"2024-04-04 15:41",22.12,22.45,22.12,22.45,0.32,+1.45%,0
"2024-04-04 15:42",22.63,22.63,22.48,22.51,0.06,+0.27%,0
"2024-04-04 15:43",22.56,22.63,22.56,22.61,0.1,+0.44%,0
"2024-04-04 15:44",22.64,22.65,22.54,22.54,-0.07,-0.31%,0
"2024-04-04 15:45",22.58,22.58,22.38,22.4,-0.14,-0.62%,0
"2024-04-04 15:46",22.09,22.19,22.09,22.18,-0.22,-0.98%,0
"2024-04-04 15:47",22.22,22.35,22.2,22.2,0.02,+0.09%,0
"2024-04-04 15:48",22.16,22.16,22.04,22.04,-0.16,-0.72%,0
"2024-04-04 15:49",22.03,22.09,21.92,21.92,-0.12,-0.54%,0
"2024-04-04 15:50",21.71,21.71,21.47,21.53,-0.39,-1.78%,0
"2024-04-04 15:51",21.58,21.69,21.55,21.69,0.16,+0.74%,0
"2024-04-04 15:52",21.71,21.71,21.51,21.51,-0.18,-0.83%,0
"2024-04-04 15:53",21.56,22.13,21.56,22.13,0.62,+2.88%,0
"2024-04-04 15:54",22.07,22.07,21.77,21.77,-0.36,-1.63%,0
"2024-04-04 15:55",21.74,21.83,21.74,21.81,0.04,+0.18%,0
"2024-04-04 15:56",21.84,22,21.84,22,0.19,+0.87%,0
"2024-04-04 15:57",21.97,22.09,21.97,22.08,0.08,+0.36%,0
"2024-04-04 15:58",22.12,22.41,22.12,22.41,0.33,+1.49%,0
"2024-04-04 15:59",22.36,22.56,22.36,22.54,0.13,+0.58%,0
"2024-04-04 16:00",22.56,22.56,21.88,21.88,-0.66,-2.93%,0
"2024-04-04 16:01",21.68,21.68,21.46,21.46,-0.42,-1.92%,0
"2024-04-04 16:02",21.41,21.59,21.41,21.59,0.13,+0.61%,0
"2024-04-04 16:03",21.64,21.74,21.64,21.74,0.15,+0.69%,0
"2024-04-04 16:04",21.8,21.91,21.8,21.91,0.17,+0.78%,0
"2024-04-04 16:05",21.88,21.95,21.88,21.92,0.01,+0.05%,0
"2024-04-04 16:06",21.93,21.94,21.9,21.9,-0.02,-0.09%,0
"2024-04-04 16:07",21.88,21.91,21.85,21.91,0.01,+0.05%,0
"2024-04-04 16:08",21.9,21.9,21.73,21.73,-0.18,-0.82%,0
"2024-04-04 16:09",21.67,21.74,21.67,21.69,-0.04,-0.18%,0
"2024-04-04 16:10",21.73,21.73,21.67,21.71,0.02,+0.09%,0
"2024-04-04 16:11",21.68,21.7,21.63,21.7,-0.01,-0.05%,0
"2024-04-04 16:12",21.63,21.66,21.56,21.56,-0.14,-0.65%,0
"2024-04-04 16:13",21.55,21.61,21.55,21.57,0.01,+0.05%,0
"2024-04-04 16:14",21.53,21.53,21.5,21.5,-0.07,-0.32%,0
"2024-04-04 16:15",21.41,21.41,21.41,21.41,-0.09,-0.42%,0
"2024-04-05 09:31",13.95,13.95,13.65,13.65,-7.76,-36.24%,0
"2024-04-05 09:32",13.41,13.41,13.14,13.14,-0.51,-3.74%,0
"2024-04-05 09:33",13.22,13.33,13.22,13.29,0.15,+1.14%,0
"2024-04-05 09:34",13.3,13.31,13.28,13.31,0.02,+0.15%,0
"2024-04-05 09:35",13.27,13.27,13.06,13.06,-0.25,-1.88%,0
"2024-04-05 09:36",13.12,13.12,13.09,13.09,0.03,+0.23%,0
"2024-04-05 09:37",13.2,13.27,13.2,13.27,0.18,+1.38%,0
"2024-04-05 09:38",13.28,13.41,13.28,13.41,0.14,+1.06%,0
"2024-04-05 09:39",13.37,13.4,13.35,13.4,-0.01,-0.07%,0
"2024-04-05 09:40",13.41,13.49,13.32,13.32,-0.08,-0.60%,0
"2024-04-05 09:41",13.19,13.19,13.07,13.11,-0.21,-1.58%,0
"2024-04-05 09:42",12.98,12.98,12.88,12.88,-0.23,-1.75%,0
"2024-04-05 09:43",12.81,13.04,12.75,13.04,0.16,+1.24%,0
"2024-04-05 09:44",13.12,13.12,13.03,13.03,-0.01,-0.08%,0
"2024-04-05 09:45",13.05,13.16,13.05,13.16,0.13,+1.00%,0
"2024-04-05 09:46",13.09,13.14,13.06,13.06,-0.1,-0.76%,0
"2024-04-05 09:47",13.06,13.09,13.05,13.05,-0.01,-0.08%,0
"2024-04-05 09:48",12.98,13.02,12.88,13.02,-0.03,-0.23%,0
"2024-04-05 09:49",13.02,13.03,12.93,12.93,-0.09,-0.69%,0
"2024-04-05 09:50",12.64,12.72,12.64,12.67,-0.26,-2.01%,0
"2024-04-05 09:51",12.76,12.76,12.72,12.75,0.08,+0.63%,0
"2024-04-05 09:52",12.72,12.72,12.52,12.52,-0.23,-1.80%,0
"2024-04-05 09:53",12.56,12.68,12.56,12.65,0.13,+1.04%,0
"2024-04-05 09:54",12.62,12.62,12.56,12.58,-0.07,-0.55%,0
"2024-04-05 09:55",12.51,12.52,12.5,12.52,-0.06,-0.48%,0
"2024-04-05 09:56",12.41,12.54,12.41,12.5,-0.02,-0.16%,0
"2024-04-05 09:57",12.48,12.61,12.48,12.61,0.11,+0.88%,0
"2024-04-05 09:58",12.63,12.7,12.62,12.62,0.01,+0.08%,0
"2024-04-05 09:59",12.6,12.65,12.59,12.65,0.03,+0.24%,0
"2024-04-05 10:00",12.61,12.72,12.61,12.72,0.07,+0.55%,0
"2024-04-05 10:01",12.73,12.8,12.72,12.75,0.03,+0.24%,0
"2024-04-05 10:02",12.87,12.92,12.84,12.84,0.09,+0.71%,0
"2024-04-05 10:03",12.9,12.91,12.9,12.9,0.06,+0.47%,0
"2024-04-05 10:04",12.9,12.93,12.82,12.82,-0.08,-0.62%,0
"2024-04-05 10:05",12.72,12.72,12.55,12.55,-0.27,-2.11%,0
"2024-04-05 10:06",12.52,12.64,12.52,12.64,0.09,+0.72%,0
"2024-04-05 10:07",12.76,13.33,12.76,13.22,0.58,+4.59%,0
"2024-04-05 10:08",13.22,13.27,13.22,13.24,0.02,+0.15%,0
"2024-04-05 10:09",13.23,13.24,12.89,12.89,-0.35,-2.64%,0
"2024-04-05 10:10",13.06,13.22,13.06,13.22,0.33,+2.56%,0
"2024-04-05 10:11",13.31,13.32,13.19,13.19,-0.03,-0.23%,0
"2024-04-05 10:12",13.22,13.22,12.9,12.94,-0.25,-1.90%,0
"2024-04-05 10:13",12.86,13.15,12.86,13.15,0.21,+1.62%,0
"2024-04-05 10:14",13.14,13.26,13.14,13.21,0.06,+0.46%,0
"2024-04-05 10:15",13.21,13.21,13.12,13.15,-0.06,-0.45%,0
"2024-04-05 10:16",13.13,13.22,13.13,13.22,0.07,+0.53%,0
"2024-04-05 10:17",13.26,13.31,13.26,13.26,0.04,+0.30%,0
"2024-04-05 10:18",13.28,13.34,13.28,13.34,0.08,+0.60%,0
"2024-04-05 10:19",13.35,13.35,13.22,13.22,-0.12,-0.90%,0
"2024-04-05 10:20",13.24,13.25,13.15,13.22,0,0.00%,0
"2024-04-05 10:21",13.22,13.28,13.22,13.28,0.06,+0.45%,0
"2024-04-05 10:22",13.23,13.26,13.23,13.26,-0.02,-0.15%,0
"2024-04-05 10:23",13.27,13.33,13.27,13.33,0.07,+0.53%,0
"2024-04-05 10:24",13.25,13.27,13.15,13.15,-0.18,-1.35%,0
"2024-04-05 10:25",13.1,13.4,13.1,13.37,0.22,+1.67%,0
"2024-04-05 10:26",13.33,13.72,13.33,13.72,0.35,+2.62%,0
"2024-04-05 10:27",13.76,14.07,13.76,14.07,0.35,+2.55%,0
"2024-04-05 10:28",14.02,14.02,13.8,13.92,-0.15,-1.07%,0
"2024-04-05 10:29",13.92,13.95,13.88,13.88,-0.04,-0.29%,0
"2024-04-05 10:30",13.73,13.92,13.73,13.81,-0.07,-0.50%,0
"2024-04-05 10:31",13.85,13.87,13.52,13.52,-0.29,-2.10%,0
"2024-04-05 10:32",13.53,13.61,13.46,13.46,-0.06,-0.44%,0
"2024-04-05 10:33",13.5,13.5,13.45,13.46,0,0.00%,0
"2024-04-05 10:34",13.47,13.52,13.43,13.43,-0.03,-0.22%,0
"2024-04-05 10:35",13.49,13.54,13.49,13.52,0.09,+0.67%,0
"2024-04-05 10:36",13.59,13.59,13.55,13.55,0.03,+0.22%,0
"2024-04-05 10:37",13.55,13.55,13.53,13.53,-0.02,-0.15%,0
"2024-04-05 10:38",13.57,13.59,13.48,13.48,-0.05,-0.37%,0
"2024-04-05 10:39",13.35,13.61,13.35,13.61,0.13,+0.96%,0
"2024-04-05 10:40",13.64,13.69,13.56,13.56,-0.05,-0.37%,0
"2024-04-05 10:41",13.49,13.49,13.44,13.48,-0.08,-0.59%,0
"2024-04-05 10:42",13.46,13.52,13.46,13.49,0.01,+0.07%,0
"2024-04-05 10:43",13.48,13.48,13.44,13.44,-0.05,-0.37%,0
"2024-04-05 10:44",13.48,13.48,13.43,13.43,-0.01,-0.07%,0
"2024-04-05 10:45",13.48,13.48,13.37,13.4,-0.03,-0.22%,0
"2024-04-05 10:46",13.31,13.34,13.29,13.34,-0.06,-0.45%,0
"2024-04-05 10:47",13.36,13.45,13.36,13.42,0.08,+0.60%,0
"2024-04-05 10:48",13.34,13.41,13.05,13.41,-0.01,-0.07%,0
"2024-04-05 10:49",13.32,13.32,13.05,13.05,-0.36,-2.68%,0
"2024-04-05 10:50",13.07,13.09,13.06,13.07,0.02,+0.15%,0
"2024-04-05 10:51",12.93,13.15,12.93,13.15,0.08,+0.61%,0
"2024-04-05 10:52",13.01,13.01,12.94,12.97,-0.18,-1.37%,0
"2024-04-05 10:53",12.98,13.04,12.97,13.04,0.07,+0.54%,0
"2024-04-05 10:54",13.04,13.04,12.97,13.01,-0.03,-0.23%,0
"2024-04-05 10:55",13,13.07,13,13.05,0.04,+0.31%,0
"2024-04-05 10:56",13.02,13.07,13,13.07,0.02,+0.15%,0
"2024-04-05 10:57",13.13,13.46,13.13,13.46,0.39,+2.98%,0
"2024-04-05 10:58",13.59,13.59,13.38,13.41,-0.05,-0.37%,0
"2024-04-05 10:59",13.37,13.5,13.37,13.5,0.09,+0.67%,0
"2024-04-05 11:00",13.49,13.5,13.41,13.45,-0.05,-0.37%,0
"2024-04-05 11:01",13.42,13.53,13.42,13.46,0.01,+0.07%,0
"2024-04-05 11:02",13.46,13.46,13.32,13.37,-0.09,-0.67%,0
"2024-04-05 11:03",13.46,13.46,13.33,13.33,-0.04,-0.30%,0
"2024-04-05 11:04",13.27,13.4,13.27,13.4,0.07,+0.53%,0
"2024-04-05 11:05",13.35,13.49,13.35,13.49,0.09,+0.67%,0
"2024-04-05 11:06",13.4,13.45,13.31,13.31,-0.18,-1.33%,0
"2024-04-05 11:07",13.36,13.43,13.34,13.34,0.03,+0.23%,0
"2024-04-05 11:08",13.36,13.36,13.28,13.29,-0.05,-0.37%,0
"2024-04-05 11:09",13.27,13.31,13.27,13.31,0.02,+0.15%,0
"2024-04-05 11:10",13.35,13.42,13.35,13.4,0.09,+0.68%,0
"2024-04-05 11:11",13.4,13.41,13.36,13.39,-0.01,-0.07%,0
"2024-04-05 11:12",13.4,13.52,13.4,13.52,0.13,+0.97%,0
"2024-04-05 11:13",13.57,13.62,13.53,13.53,0.01,+0.07%,0
"2024-04-05 11:14",13.55,13.55,13.47,13.52,-0.01,-0.07%,0
"2024-04-05 11:15",13.56,13.72,13.56,13.72,0.2,+1.48%,0
"2024-04-05 11:16",13.84,14.03,13.84,14.03,0.31,+2.26%,0
"2024-04-05 11:17",14.01,14.15,13.64,14.15,0.12,+0.86%,0
"2024-04-05 11:18",14.14,14.16,13.86,14.16,0.01,+0.07%,0
"2024-04-05 11:19",14.12,14.12,13.92,13.92,-0.24,-1.69%,0
"2024-04-05 11:20",13.85,13.85,13.68,13.68,-0.24,-1.72%,0
"2024-04-05 11:21",13.7,13.8,13.7,13.78,0.1,+0.73%,0
"2024-04-05 11:22",13.77,13.85,13.77,13.77,-0.01,-0.07%,0
"2024-04-05 11:23",13.78,13.83,13.73,13.73,-0.04,-0.29%,0
"2024-04-05 11:24",13.59,13.67,13.59,13.62,-0.11,-0.80%,0
"2024-04-05 11:25",13.51,13.59,13.51,13.58,-0.04,-0.29%,0
"2024-04-05 11:26",13.56,13.57,13.51,13.52,-0.06,-0.44%,0
"2024-04-05 11:27",13.52,13.61,13.52,13.61,0.09,+0.67%,0
"2024-04-05 11:28",13.55,13.6,13.55,13.55,-0.06,-0.44%,0
"2024-04-05 11:29",13.46,13.48,13.41,13.41,-0.14,-1.03%,0
"2024-04-05 11:30",13.32,13.34,13.32,13.34,-0.07,-0.52%,0
"2024-04-05 11:31",13.34,13.49,13.34,13.49,0.15,+1.12%,0
"2024-04-05 11:32",13.43,13.43,13.35,13.37,-0.12,-0.89%,0
"2024-04-05 11:33",13.38,13.44,13.37,13.44,0.07,+0.52%,0
"2024-04-05 11:34",13.44,13.51,13.42,13.42,-0.02,-0.15%,0
"2024-04-05 11:35",13.47,13.53,13.47,13.53,0.11,+0.82%,0
"2024-04-05 11:36",13.53,13.62,13.53,13.53,0,0.00%,0
"2024-04-05 11:37",13.53,13.53,13.49,13.51,-0.02,-0.15%,0
"2024-04-05 11:38",13.51,13.51,13.29,13.42,-0.09,-0.67%,0
"2024-04-05 11:39",13.39,13.41,13.33,13.33,-0.09,-0.67%,0
"2024-04-05 11:40",13.32,13.32,13.31,13.31,-0.02,-0.15%,0
"2024-04-05 11:41",13.25,13.28,13.22,13.22,-0.09,-0.68%,0
"2024-04-05 11:42",13.15,13.15,13.05,13.05,-0.17,-1.29%,0
"2024-04-05 11:43",13.04,13.13,13.01,13.05,0,0.00%,0
"2024-04-05 11:44",12.86,12.89,12.83,12.87,-0.18,-1.38%,0
"2024-04-05 11:45",12.8,12.81,12.75,12.81,-0.06,-0.47%,0
"2024-04-05 11:46",12.79,12.84,12.75,12.84,0.03,+0.23%,0
"2024-04-05 11:47",12.82,12.82,12.79,12.79,-0.05,-0.39%,0
"2024-04-05 11:48",12.73,12.76,12.73,12.76,-0.03,-0.23%,0
"2024-04-05 11:49",12.72,12.79,12.72,12.73,-0.03,-0.24%,0
"2024-04-05 11:50",12.74,12.74,12.68,12.68,-0.05,-0.39%,0
"2024-04-05 11:51",12.73,12.79,12.73,12.73,0.05,+0.39%,0
"2024-04-05 11:52",12.74,12.78,12.7,12.7,-0.03,-0.24%,0
"2024-04-05 11:53",12.71,12.71,12.66,12.66,-0.04,-0.31%,0
"2024-04-05 11:54",12.64,12.73,12.64,12.73,0.07,+0.55%,0
"2024-04-05 11:55",12.71,12.72,12.7,12.72,-0.01,-0.08%,0
"2024-04-05 11:56",12.69,12.72,12.67,12.67,-0.05,-0.39%,0
"2024-04-05 11:57",12.75,12.81,12.75,12.8,0.13,+1.03%,0
"2024-04-05 11:58",12.8,12.8,12.67,12.67,-0.13,-1.02%,0
"2024-04-05 11:59",12.68,12.69,12.67,12.68,0.01,+0.08%,0
"2024-04-05 12:00",12.67,12.72,12.65,12.72,0.04,+0.32%,0
"2024-04-05 12:01",12.68,12.83,12.68,12.83,0.11,+0.86%,0
"2024-04-05 12:02",12.8,12.82,12.8,12.8,-0.03,-0.23%,0
"2024-04-05 12:03",12.79,12.82,12.77,12.82,0.02,+0.16%,0
"2024-04-05 12:04",12.78,12.84,12.78,12.83,0.01,+0.08%,0
"2024-04-05 12:05",12.82,12.87,12.82,12.87,0.04,+0.31%,0
"2024-04-05 12:06",12.85,12.91,12.85,12.91,0.04,+0.31%,0
"2024-04-05 12:07",12.91,12.91,12.63,12.63,-0.28,-2.17%,0
"2024-04-05 12:08",12.66,12.66,12.51,12.55,-0.08,-0.63%,0
"2024-04-05 12:09",12.53,12.56,12.53,12.55,0,0.00%,0
"2024-04-05 12:10",12.54,12.54,12.51,12.53,-0.02,-0.16%,0
"2024-04-05 12:11",12.5,12.53,12.5,12.53,0,0.00%,0
"2024-04-05 12:12",12.54,12.58,12.54,12.58,0.05,+0.40%,0
"2024-04-05 12:13",12.56,12.57,12.54,12.54,-0.04,-0.32%,0
"2024-04-05 12:14",12.56,12.59,12.56,12.57,0.03,+0.24%,0
"2024-04-05 12:15",12.6,12.6,12.5,12.5,-0.07,-0.56%,0
"2024-04-05 12:16",12.46,12.52,12.46,12.49,-0.01,-0.08%,0
"2024-04-05 12:17",12.54,12.56,12.54,12.55,0.06,+0.48%,0
"2024-04-05 12:18",12.57,12.59,12.56,12.56,0.01,+0.08%,0
"2024-04-05 12:19",12.56,12.56,12.5,12.5,-0.06,-0.48%,0
"2024-04-05 12:20",12.51,12.51,12.47,12.48,-0.02,-0.16%,0
"2024-04-05 12:21",12.48,12.65,12.48,12.65,0.17,+1.36%,0
"2024-04-05 12:22",12.66,12.66,12.64,12.64,-0.01,-0.08%,0
"2024-04-05 12:23",12.64,12.64,12.57,12.57,-0.07,-0.55%,0
"2024-04-05 12:24",12.58,12.6,12.56,12.56,-0.01,-0.08%,0
"2024-04-05 12:25",12.51,12.63,12.51,12.63,0.07,+0.56%,0
"2024-04-05 12:26",12.63,12.65,12.63,12.64,0.01,+0.08%,0
"2024-04-05 12:27",12.68,12.68,12.6,12.62,-0.02,-0.16%,0
"2024-04-05 12:28",12.63,12.65,12.63,12.65,0.03,+0.24%,0
"2024-04-05 12:29",12.67,12.71,12.67,12.71,0.06,+0.47%,0
"2024-04-05 12:30",12.73,12.76,12.73,12.75,0.04,+0.31%,0
"2024-04-05 12:31",12.8,12.9,12.8,12.9,0.15,+1.18%,0
"2024-04-05 12:32",12.88,12.92,12.87,12.92,0.02,+0.16%,0
"2024-04-05 12:33",12.91,12.97,12.91,12.93,0.01,+0.08%,0
"2024-04-05 12:34",12.86,12.86,12.77,12.82,-0.11,-0.85%,0
"2024-04-05 12:35",12.85,12.89,12.84,12.89,0.07,+0.55%,0
"2024-04-05 12:36",12.86,12.9,12.86,12.9,0.01,+0.08%,0
"2024-04-05 12:37",12.91,12.95,12.9,12.9,0,0.00%,0
"2024-04-05 12:38",12.9,12.92,12.9,12.92,0.02,+0.16%,0
"2024-04-05 12:39",12.9,12.9,12.83,12.83,-0.09,-0.70%,0
"2024-04-05 12:40",12.74,12.86,12.74,12.86,0.03,+0.23%,0
"2024-04-05 12:41",12.83,12.88,12.83,12.86,0,0.00%,0
"2024-04-05 12:42",12.87,12.92,12.87,12.92,0.06,+0.47%,0
"2024-04-05 12:43",12.92,12.94,12.9,12.94,0.02,+0.15%,0
"2024-04-05 12:44",12.91,12.99,12.91,12.99,0.05,+0.39%,0
"2024-04-05 12:45",12.94,12.95,12.92,12.92,-0.07,-0.54%,0
"2024-04-05 12:46",12.92,12.97,12.89,12.97,0.05,+0.39%,0
"2024-04-05 12:47",12.94,12.98,12.92,12.98,0.01,+0.08%,0
"2024-04-05 12:48",12.99,13.07,12.99,13.07,0.09,+0.69%,0
"2024-04-05 12:49",13.05,13.09,13.05,13.08,0.01,+0.08%,0
"2024-04-05 12:50",13.09,13.14,13.09,13.09,0.01,+0.08%,0
"2024-04-05 12:51",13.04,13.06,13.04,13.04,-0.05,-0.38%,0
"2024-04-05 12:52",13.06,13.06,13.05,13.05,0.01,+0.08%,0
"2024-04-05 12:53",13.01,13.01,12.95,13.01,-0.04,-0.31%,0
"2024-04-05 12:54",13.03,13.03,13.02,13.03,0.02,+0.15%,0
"2024-04-05 12:55",13.03,13.08,13.03,13.06,0.03,+0.23%,0
"2024-04-05 12:56",13.08,13.12,13.08,13.09,0.03,+0.23%,0
"2024-04-05 12:57",13.08,13.08,13.05,13.06,-0.03,-0.23%,0
"2024-04-05 12:58",13.05,13.08,13.05,13.08,0.02,+0.15%,0
"2024-04-05 12:59",13.06,13.06,13.01,13.01,-0.07,-0.54%,0
"2024-04-05 13:00",13.04,13.12,13.04,13.12,0.11,+0.85%,0
"2024-04-05 13:01",13.14,13.21,13.14,13.21,0.09,+0.69%,0
"2024-04-05 13:02",13.23,13.31,13.23,13.31,0.1,+0.76%,0
"2024-04-05 13:03",13.28,13.28,13.26,13.26,-0.05,-0.38%,0
"2024-04-05 13:04",13.27,13.3,13.27,13.3,0.04,+0.30%,0
"2024-04-05 13:05",13.28,13.33,13.28,13.33,0.03,+0.23%,0
"2024-04-05 13:06",13.32,13.34,13.31,13.31,-0.02,-0.15%,0
"2024-04-05 13:07",13.34,13.52,13.34,13.52,0.21,+1.58%,0
"2024-04-05 13:08",13.6,13.91,13.6,13.61,0.09,+0.67%,0
"2024-04-05 13:09",13.61,13.68,13.61,13.67,0.06,+0.44%,0
"2024-04-05 13:10",13.66,13.76,13.63,13.76,0.09,+0.66%,0
"2024-04-05 13:11",13.81,13.81,13.78,13.78,0.02,+0.15%,0
"2024-04-05 13:12",13.77,13.79,13.77,13.79,0.01,+0.07%,0
"2024-04-05 13:13",13.79,14.01,13.79,14.01,0.22,+1.60%,0
"2024-04-05 13:14",14.09,14.27,14.02,14.02,0.01,+0.07%,0
"2024-04-05 13:15",14.34,14.34,14.11,14.31,0.29,+2.07%,0
"2024-04-05 13:16",14.33,14.33,14.14,14.24,-0.07,-0.49%,0
"2024-04-05 13:17",14.17,14.31,14.17,14.31,0.07,+0.49%,0
"2024-04-05 13:18",14.36,14.47,14.25,14.25,-0.06,-0.42%,0
"2024-04-05 13:19",14.23,14.32,14.23,14.3,0.05,+0.35%,0
"2024-04-05 13:20",14.31,14.32,14.14,14.14,-0.16,-1.12%,0
"2024-04-05 13:21",14.06,14.06,13.99,14.01,-0.13,-0.92%,0
"2024-04-05 13:22",14.03,14.09,14.03,14.05,0.04,+0.29%,0
"2024-04-05 13:23",14.12,14.12,14.06,14.06,0.01,+0.07%,0
"2024-04-05 13:24",14.09,14.12,14.09,14.11,0.05,+0.36%,0
"2024-04-05 13:25",14.09,14.21,14.09,14.21,0.1,+0.71%,0
"2024-04-05 13:26",14.2,14.35,14.2,14.3,0.09,+0.63%,0
"2024-04-05 13:27",14.31,14.33,14.31,14.32,0.02,+0.14%,0
"2024-04-05 13:28",14.3,14.35,14.3,14.32,0,0.00%,0
"2024-04-05 13:29",14.28,14.29,14.22,14.28,-0.04,-0.28%,0
"2024-04-05 13:30",14.2,14.2,14.12,14.12,-0.16,-1.12%,0
"2024-04-05 13:31",14.14,14.18,14.14,14.18,0.06,+0.42%,0
"2024-04-05 13:32",14.15,14.19,14.13,14.19,0.01,+0.07%,0
"2024-04-05 13:33",14.18,14.21,14.16,14.16,-0.03,-0.21%,0
"2024-04-05 13:34",14.08,14.08,14.06,14.08,-0.08,-0.56%,0
"2024-04-05 13:35",14.07,14.16,14.07,14.15,0.07,+0.50%,0
"2024-04-05 13:36",14.15,14.2,14.15,14.15,0,0.00%,0
"2024-04-05 13:37",14.22,14.28,14.22,14.24,0.09,+0.64%,0
"2024-04-05 13:38",14.23,14.29,14.23,14.29,0.05,+0.35%,0
"2024-04-05 13:39",14.33,14.4,14.33,14.4,0.11,+0.77%,0
"2024-04-05 13:40",14.44,14.46,14.3,14.46,0.06,+0.42%,0
"2024-04-05 13:41",14.45,14.76,14.45,14.68,0.22,+1.52%,0
"2024-04-05 13:42",14.69,14.78,14.69,14.78,0.1,+0.68%,0
"2024-04-05 13:43",14.88,14.94,14.88,14.93,0.15,+1.01%,0
"2024-04-05 13:44",15.17,15.17,14.98,14.98,0.05,+0.33%,0
"2024-04-05 13:45",14.83,15.18,14.83,15.18,0.2,+1.34%,0
"2024-04-05 13:46",15.22,15.37,15.1,15.37,0.19,+1.25%,0
"2024-04-05 13:47",15.16,15.27,15.16,15.17,-0.2,-1.30%,0
"2024-04-05 13:48",15.1,15.14,15.1,15.14,-0.03,-0.20%,0
"2024-04-05 13:49",15.41,15.57,15.18,15.18,0.04,+0.26%,0
"2024-04-05 13:50",15.11,15.42,15.11,15.19,0.01,+0.07%,0
"2024-04-05 13:51",15.15,15.33,15.06,15.06,-0.13,-0.86%,0
"2024-04-05 13:52",15.38,15.67,15.38,15.54,0.48,+3.19%,0
"2024-04-05 13:53",15.54,15.65,15.54,15.55,0.01,+0.06%,0
"2024-04-05 13:54",15.42,15.99,15.42,15.99,0.44,+2.83%,0
"2024-04-05 13:55",15.73,15.78,15.69,15.69,-0.3,-1.88%,0
"2024-04-05 13:56",15.67,15.79,15.67,15.79,0.1,+0.64%,0
"2024-04-05 13:57",15.8,16.68,15.8,16.29,0.5,+3.17%,0
"2024-04-05 13:58",16.3,16.47,16.23,16.24,-0.05,-0.31%,0
"2024-04-05 13:59",16.09,16.36,16.09,16.32,0.08,+0.49%,0
"2024-04-05 14:00",16.23,16.39,16.23,16.38,0.06,+0.37%,0
"2024-04-05 14:01",16.43,17.1,16.43,17.1,0.72,+4.40%,0
"2024-04-05 14:02",17.09,17.09,16.56,16.68,-0.42,-2.46%,0
"2024-04-05 14:03",16.62,16.65,16.55,16.55,-0.13,-0.78%,0
"2024-04-05 14:04",16.52,16.52,15.73,15.73,-0.82,-4.95%,0
"2024-04-05 14:05",15.66,15.66,15.53,15.53,-0.2,-1.27%,0
"2024-04-05 14:06",15.42,15.53,15.29,15.29,-0.24,-1.55%,0
"2024-04-05 14:07",15.33,15.33,14.93,15.02,-0.27,-1.77%,0
"2024-04-05 14:08",15.24,15.4,15.04,15.08,0.06,+0.40%,0
"2024-04-05 14:09",15.07,15.07,14.87,14.89,-0.19,-1.26%,0
"2024-04-05 14:10",14.9,14.96,14.77,14.77,-0.12,-0.81%,0
"2024-04-05 14:11",14.86,14.94,14.84,14.91,0.14,+0.95%,0
"2024-04-05 14:12",14.98,15.25,14.88,15.25,0.34,+2.28%,0
"2024-04-05 14:13",15.23,15.29,15.14,15.17,-0.08,-0.52%,0
"2024-04-05 14:14",15.12,15.16,15.11,15.14,-0.03,-0.20%,0
"2024-04-05 14:15",15.22,15.22,15.11,15.11,-0.03,-0.20%,0
"2024-04-05 14:16",15.1,15.29,15.1,15.26,0.15,+0.99%,0
"2024-04-05 14:17",15.27,15.27,15.23,15.24,-0.02,-0.13%,0
"2024-04-05 14:18",15.18,15.23,15.18,15.21,-0.03,-0.20%,0
"2024-04-05 14:19",15.19,15.28,15.18,15.25,0.04,+0.26%,0
"2024-04-05 14:20",15.21,15.21,15.08,15.08,-0.17,-1.11%,0
"2024-04-05 14:21",14.95,14.95,14.7,14.7,-0.38,-2.52%,0
"2024-04-05 14:22",14.69,14.71,14.65,14.71,0.01,+0.07%,0
"2024-04-05 14:23",14.74,14.82,14.74,14.81,0.1,+0.68%,0
"2024-04-05 14:24",15.12,15.36,15.12,15.36,0.55,+3.71%,0
"2024-04-05 14:25",15.45,15.54,15.32,15.32,-0.04,-0.26%,0
"2024-04-05 14:26",15.35,15.35,15.28,15.32,0,0.00%,0
"2024-04-05 14:27",15.24,15.24,15.06,15.06,-0.26,-1.70%,0
"2024-04-05 14:28",15.13,15.53,15.13,15.53,0.47,+3.12%,0
"2024-04-05 14:29",15.58,15.58,15.43,15.55,0.02,+0.13%,0
"2024-04-05 14:30",15.92,15.92,15.59,15.59,0.04,+0.26%,0
"2024-04-05 14:31",15.6,15.7,15.55,15.55,-0.04,-0.26%,0
"2024-04-05 14:32",15.52,15.65,15.52,15.65,0.1,+0.64%,0
"2024-04-05 14:33",15.58,15.61,15.56,15.56,-0.09,-0.58%,0
"2024-04-05 14:34",15.52,15.65,15.4,15.65,0.09,+0.58%,0
"2024-04-05 14:35",15.67,15.72,15.49,15.49,-0.16,-1.02%,0
"2024-04-05 14:36",15.5,15.5,15.38,15.39,-0.1,-0.65%,0
"2024-04-05 14:37",15.37,15.37,15.15,15.19,-0.2,-1.30%,0
"2024-04-05 14:38",15.26,15.33,15.23,15.3,0.11,+0.72%,0
"2024-04-05 14:39",15.33,15.33,15.21,15.21,-0.09,-0.59%,0
"2024-04-05 14:40",15.24,15.24,15.1,15.1,-0.11,-0.72%,0
"2024-04-05 14:41",15.19,15.66,15.19,15.48,0.38,+2.52%,0
"2024-04-05 14:42",15.48,15.58,15.48,15.58,0.1,+0.65%,0
"2024-04-05 14:43",15.63,15.83,15.63,15.83,0.25,+1.60%,0
"2024-04-05 14:44",15.8,15.8,15.5,15.6,-0.23,-1.45%,0
"2024-04-05 14:45",15.63,15.71,15.49,15.49,-0.11,-0.71%,0
"2024-04-05 14:46",15.65,15.71,15.65,15.7,0.21,+1.36%,0
"2024-04-05 14:47",15.71,15.82,15.71,15.82,0.12,+0.76%,0
"2024-04-05 14:48",15.95,15.95,15.78,15.84,0.02,+0.13%,0
"2024-04-05 14:49",15.92,16.06,15.92,15.97,0.13,+0.82%,0
"2024-04-05 14:50",16.01,16.04,15.82,15.82,-0.15,-0.94%,0
"2024-04-05 14:51",15.76,15.95,15.76,15.95,0.13,+0.82%,0
"2024-04-05 14:52",15.97,16.04,15.97,16.02,0.07,+0.44%,0
"2024-04-05 14:53",15.99,15.99,15.86,15.86,-0.16,-1.00%,0
"2024-04-05 14:54",15.76,15.83,15.76,15.83,-0.03,-0.19%,0
"2024-04-05 14:55",15.82,15.94,15.79,15.94,0.11,+0.69%,0
"2024-04-05 14:56",15.89,15.97,15.89,15.97,0.03,+0.19%,0
"2024-04-05 14:57",15.94,15.97,15.77,15.77,-0.2,-1.25%,0
"2024-04-05 14:58",15.81,15.81,15.68,15.72,-0.05,-0.32%,0
"2024-04-05 14:59",15.7,15.7,15.36,15.36,-0.36,-2.29%,0
"2024-04-05 15:00",15.25,15.27,15.17,15.19,-0.17,-1.11%,0
"2024-04-05 15:01",15.15,15.15,15.05,15.11,-0.08,-0.53%,0
"2024-04-05 15:02",15.1,15.16,15.1,15.16,0.05,+0.33%,0
"2024-04-05 15:03",15.17,15.17,15.13,15.13,-0.03,-0.20%,0
"2024-04-05 15:04",15.12,15.19,15.12,15.16,0.03,+0.20%,0
"2024-04-05 15:05",15.07,15.07,14.84,14.84,-0.32,-2.11%,0
"2024-04-05 15:06",14.84,14.89,14.8,14.8,-0.04,-0.27%,0
"2024-04-05 15:07",14.82,14.83,14.77,14.77,-0.03,-0.20%,0
"2024-04-05 15:08",14.84,15.23,14.84,15.15,0.38,+2.57%,0
"2024-04-05 15:09",15.18,15.18,15.12,15.13,-0.02,-0.13%,0
"2024-04-05 15:10",15.13,15.16,15.11,15.13,0,0.00%,0
"2024-04-05 15:11",15.04,15.06,14.93,15.06,-0.07,-0.46%,0
"2024-04-05 15:12",15.05,15.16,15.05,15.12,0.06,+0.40%,0
"2024-04-05 15:13",15.11,15.16,15.02,15.06,-0.06,-0.40%,0
"2024-04-05 15:14",15.06,15.06,14.83,14.83,-0.23,-1.53%,0
"2024-04-05 15:15",14.83,14.83,14.82,14.83,0,0.00%,0
"2024-04-05 15:16",14.9,14.92,14.85,14.86,0.03,+0.20%,0
"2024-04-05 15:17",14.89,15,14.89,14.97,0.11,+0.74%,0
"2024-04-05 15:18",15.04,15.04,14.91,14.91,-0.06,-0.40%,0
"2024-04-05 15:19",14.89,14.89,14.84,14.84,-0.07,-0.47%,0
"2024-04-05 15:20",14.82,14.92,14.82,14.92,0.08,+0.54%,0
"2024-04-05 15:21",14.92,15.03,14.92,15.01,0.09,+0.60%,0
"2024-04-05 15:22",14.91,14.91,14.83,14.87,-0.14,-0.93%,0
"2024-04-05 15:23",14.97,15.01,14.95,14.95,0.08,+0.54%,0
"2024-04-05 15:24",15.03,15.16,15.03,15.06,0.11,+0.74%,0
"2024-04-05 15:25",14.99,14.99,14.95,14.98,-0.08,-0.53%,0
"2024-04-05 15:26",14.98,14.98,14.92,14.92,-0.06,-0.40%,0
"2024-04-05 15:27",14.93,14.96,14.93,14.96,0.04,+0.27%,0
"2024-04-05 15:28",14.98,14.98,14.85,14.85,-0.11,-0.74%,0
"2024-04-05 15:29",14.79,14.88,14.79,14.83,-0.02,-0.13%,0
"2024-04-05 15:30",14.9,14.99,14.9,14.99,0.16,+1.08%,0
"2024-04-05 15:31",14.93,14.93,14.87,14.87,-0.12,-0.80%,0
"2024-04-05 15:32",14.83,14.84,14.69,14.69,-0.18,-1.21%,0
"2024-04-05 15:33",14.66,14.66,14.53,14.53,-0.16,-1.09%,0
"2024-04-05 15:34",14.39,14.39,14.32,14.35,-0.18,-1.24%,0
"2024-04-05 15:35",14.35,14.49,14.35,14.46,0.11,+0.77%,0
"2024-04-05 15:36",14.59,14.62,14.59,14.59,0.13,+0.90%,0
"2024-04-05 15:37",14.59,14.9,14.59,14.79,0.2,+1.37%,0
"2024-04-05 15:38",14.78,14.84,14.78,14.83,0.04,+0.27%,0
"2024-04-05 15:39",14.93,14.93,14.87,14.93,0.1,+0.67%,0
"2024-04-05 15:40",14.86,14.97,14.86,14.97,0.04,+0.27%,0
"2024-04-05 15:41",14.91,14.97,14.89,14.97,0,0.00%,0
"2024-04-05 15:42",14.95,15.13,14.95,15.13,0.16,+1.07%,0
"2024-04-05 15:43",15.17,15.2,15.14,15.16,0.03,+0.20%,0
"2024-04-05 15:44",15.16,15.23,15.15,15.19,0.03,+0.20%,0
"2024-04-05 15:45",15.15,15.21,15.11,15.11,-0.08,-0.53%,0
"2024-04-05 15:46",15.01,15.08,14.9,14.9,-0.21,-1.39%,0
"2024-04-05 15:47",14.84,14.9,14.81,14.87,-0.03,-0.20%,0
"2024-04-05 15:48",14.94,15.04,14.94,15.04,0.17,+1.14%,0
"2024-04-05 15:49",15.05,15.05,14.91,14.91,-0.13,-0.86%,0
"2024-04-05 15:50",15,15.02,14.81,14.81,-0.1,-0.67%,0
"2024-04-05 15:51",14.88,14.88,14.78,14.78,-0.03,-0.20%,0
"2024-04-05 15:52",14.78,14.78,14.64,14.64,-0.14,-0.95%,0
"2024-04-05 15:53",14.59,14.59,14.5,14.5,-0.14,-0.96%,0
"2024-04-05 15:54",14.5,14.5,14.4,14.4,-0.1,-0.69%,0
"2024-04-05 15:55",14.34,14.48,14.34,14.41,0.01,+0.07%,0
"2024-04-05 15:56",14.43,14.52,14.39,14.52,0.11,+0.76%,0
"2024-04-05 15:57",14.54,14.54,14.5,14.5,-0.02,-0.14%,0
"2024-04-05 15:58",14.49,14.59,14.49,14.59,0.09,+0.62%,0
"2024-04-05 15:59",14.58,14.58,14.32,14.32,-0.27,-1.85%,0
"2024-04-05 16:00",14.41,14.56,14.33,14.33,0.01,+0.07%,0
"2024-04-05 16:01",14.42,14.54,14.42,14.44,0.11,+0.77%,0
"2024-04-05 16:02",14.45,14.45,14.35,14.35,-0.09,-0.62%,0
"2024-04-05 16:03",14.29,14.29,14.19,14.24,-0.11,-0.77%,0
"2024-04-05 16:04",14.25,14.25,14.21,14.21,-0.03,-0.21%,0
"2024-04-05 16:05",14.22,14.24,14.21,14.21,0,0.00%,0
"2024-04-05 16:06",14.18,14.23,14.17,14.17,-0.04,-0.28%,0
"2024-04-05 16:07",14.21,14.31,14.21,14.24,0.07,+0.49%,0
"2024-04-05 16:08",14.32,14.38,14.29,14.38,0.14,+0.98%,0
"2024-04-05 16:09",14.34,14.36,14.34,14.36,-0.02,-0.14%,0
"2024-04-05 16:10",14.39,14.39,14.34,14.39,0.03,+0.21%,0
"2024-04-05 16:11",14.39,14.44,14.39,14.4,0.01,+0.07%,0
"2024-04-05 16:12",14.43,14.55,14.43,14.55,0.15,+1.04%,0
"2024-04-05 16:13",14.51,14.52,14.49,14.49,-0.06,-0.41%,0
"2024-04-05 16:14",14.46,14.52,14.46,14.52,0.03,+0.21%,0
"2024-04-05 16:15",14.5,14.5,14.5,14.5,-0.02,-0.14%,0
"2024-04-08 09:31",9.14,9.14,8.8,8.8,-5.7,-39.31%,0
"2024-04-08 09:32",8.8,8.85,8.76,8.76,-0.04,-0.45%,0
"2024-04-08 09:33",8.78,8.78,8.73,8.73,-0.03,-0.34%,0
"2024-04-08 09:34",8.77,8.79,8.73,8.76,0.03,+0.34%,0
"2024-04-08 09:35",8.86,9.06,8.86,9.06,0.3,+3.42%,0
"2024-04-08 09:36",9.16,9.16,9.04,9.11,0.05,+0.55%,0
"2024-04-08 09:37",9.17,9.17,9.13,9.16,0.05,+0.55%,0
"2024-04-08 09:38",9.18,9.3,9.18,9.28,0.12,+1.31%,0
"2024-04-08 09:39",9.27,9.46,9.27,9.46,0.18,+1.94%,0
"2024-04-08 09:40",9.54,9.95,9.54,9.95,0.49,+5.18%,0
"2024-04-08 09:41",9.93,9.93,9.49,9.49,-0.46,-4.62%,0
"2024-04-08 09:42",9.51,9.62,9.51,9.51,0.02,+0.21%,0
"2024-04-08 09:43",9.5,9.5,9.37,9.37,-0.14,-1.47%,0
"2024-04-08 09:44",9.37,9.39,9.29,9.33,-0.04,-0.43%,0
"2024-04-08 09:45",9.33,9.33,9.27,9.27,-0.06,-0.64%,0
"2024-04-08 09:46",9.18,9.18,9.07,9.12,-0.15,-1.62%,0
"2024-04-08 09:47",9.11,9.13,9.08,9.13,0.01,+0.11%,0
"2024-04-08 09:48",9.19,9.28,9.19,9.24,0.11,+1.20%,0
"2024-04-08 09:49",9.16,9.33,9.16,9.33,0.09,+0.97%,0
"2024-04-08 09:50",9.35,9.47,9.32,9.47,0.14,+1.50%,0
"2024-04-08 09:51",9.53,9.53,9.33,9.36,-0.11,-1.16%,0
"2024-04-08 09:52",9.38,9.38,9.28,9.3,-0.06,-0.64%,0
"2024-04-08 09:53",9.31,9.31,9.17,9.17,-0.13,-1.40%,0
"2024-04-08 09:54",9.16,9.18,9.13,9.18,0.01,+0.11%,0
"2024-04-08 09:55",9.19,9.2,9.16,9.16,-0.02,-0.22%,0
"2024-04-08 09:56",9.15,9.15,9.02,9.02,-0.14,-1.53%,0
"2024-04-08 09:57",9.03,9.17,9.03,9.15,0.13,+1.44%,0
"2024-04-08 09:58",9.14,9.17,9.13,9.15,0,0.00%,0
"2024-04-08 09:59",9.1,9.12,9.09,9.12,-0.03,-0.33%,0
"2024-04-08 10:00",9.11,9.2,9.08,9.12,0,0.00%,0
"2024-04-08 10:01",9.12,9.16,9.11,9.16,0.04,+0.44%,0
"2024-04-08 10:02",9.1,9.23,9.1,9.23,0.07,+0.76%,0
"2024-04-08 10:03",9.18,9.3,9.18,9.3,0.07,+0.76%,0
"2024-04-08 10:04",9.43,9.43,9.33,9.41,0.11,+1.18%,0
"2024-04-08 10:05",9.46,9.47,9.4,9.47,0.06,+0.64%,0
"2024-04-08 10:06",9.45,9.46,9.39,9.46,-0.01,-0.11%,0
"2024-04-08 10:07",9.52,9.59,9.52,9.59,0.13,+1.37%,0
"2024-04-08 10:08",9.58,9.58,9.3,9.3,-0.29,-3.02%,0
"2024-04-08 10:09",9.26,9.3,9.25,9.3,0,0.00%,0
"2024-04-08 10:10",9.31,9.31,9.29,9.29,-0.01,-0.11%,0
"2024-04-08 10:11",9.29,9.29,9.22,9.25,-0.04,-0.43%,0
"2024-04-08 10:12",9.26,9.35,9.26,9.35,0.1,+1.08%,0
"2024-04-08 10:13",9.35,9.44,9.35,9.41,0.06,+0.64%,0
"2024-04-08 10:14",9.33,9.33,9.25,9.25,-0.16,-1.70%,0
"2024-04-08 10:15",9.23,9.23,9.1,9.1,-0.15,-1.62%,0
"2024-04-08 10:16",9.18,9.25,9.18,9.22,0.12,+1.32%,0
"2024-04-08 10:17",9.25,9.25,9.18,9.18,-0.04,-0.43%,0
"2024-04-08 10:18",9.09,9.09,9.01,9.04,-0.14,-1.53%,0
"2024-04-08 10:19",9.16,9.18,9.12,9.12,0.08,+0.88%,0
"2024-04-08 10:20",9.05,9.05,8.98,8.98,-0.14,-1.54%,0
"2024-04-08 10:21",8.94,9,8.94,9,0.02,+0.22%,0
"2024-04-08 10:22",9.02,9.02,8.88,8.88,-0.12,-1.33%,0
"2024-04-08 10:23",8.87,8.9,8.87,8.9,0.02,+0.23%,0
"2024-04-08 10:24",8.9,8.91,8.9,8.91,0.01,+0.11%,0
"2024-04-08 10:25",8.87,8.96,8.81,8.9,-0.01,-0.11%,0
"2024-04-08 10:26",8.92,8.92,8.88,8.88,-0.02,-0.22%,0
"2024-04-08 10:27",8.81,8.84,8.81,8.81,-0.07,-0.79%,0
"2024-04-08 10:28",8.8,8.82,8.77,8.77,-0.04,-0.45%,0
"2024-04-08 10:29",8.75,8.76,8.71,8.71,-0.06,-0.68%,0
"2024-04-08 10:30",8.7,8.7,8.62,8.62,-0.09,-1.03%,0
"2024-04-08 10:31",8.63,8.69,8.63,8.69,0.07,+0.81%,0
"2024-04-08 10:32",8.67,8.68,8.65,8.67,-0.02,-0.23%,0
"2024-04-08 10:33",8.63,8.75,8.63,8.75,0.08,+0.92%,0
"2024-04-08 10:34",8.75,8.75,8.7,8.7,-0.05,-0.57%,0
"2024-04-08 10:35",8.71,8.72,8.69,8.72,0.02,+0.23%,0
"2024-04-08 10:36",8.72,8.73,8.72,8.73,0.01,+0.11%,0
"2024-04-08 10:37",8.74,8.74,8.72,8.72,-0.01,-0.11%,0
"2024-04-08 10:38",8.74,8.74,8.73,8.73,0.01,+0.11%,0
"2024-04-08 10:39",8.72,8.75,8.72,8.75,0.02,+0.23%,0
"2024-04-08 10:40",8.74,8.75,8.7,8.7,-0.05,-0.57%,0
"2024-04-08 10:41",8.7,8.76,8.7,8.76,0.06,+0.69%,0
"2024-04-08 10:42",8.75,8.77,8.75,8.76,0,0.00%,0
"2024-04-08 10:43",8.78,8.81,8.78,8.78,0.02,+0.23%,0
"2024-04-08 10:44",8.76,8.77,8.74,8.77,-0.01,-0.11%,0
"2024-04-08 10:45",8.75,8.75,8.65,8.65,-0.12,-1.37%,0
"2024-04-08 10:46",8.65,8.65,8.65,8.65,0,0.00%,0
"2024-04-08 10:47",8.65,8.68,8.65,8.66,0.01,+0.12%,0
"2024-04-08 10:48",8.67,8.7,8.67,8.68,0.02,+0.23%,0
"2024-04-08 10:49",8.67,8.67,8.65,8.66,-0.02,-0.23%,0
"2024-04-08 10:50",8.64,8.65,8.6,8.65,-0.01,-0.12%,0
"2024-04-08 10:51",8.66,8.68,8.66,8.68,0.03,+0.35%,0
"2024-04-08 10:52",8.68,8.71,8.68,8.68,0,0.00%,0
"2024-04-08 10:53",8.7,8.7,8.69,8.69,0.01,+0.12%,0
"2024-04-08 10:54",8.72,8.73,8.7,8.7,0.01,+0.12%,0
"2024-04-08 10:55",8.7,8.72,8.69,8.69,-0.01,-0.11%,0
"2024-04-08 10:56",8.71,8.72,8.71,8.71,0.02,+0.23%,0
"2024-04-08 10:57",8.74,8.77,8.74,8.77,0.06,+0.69%,0
"2024-04-08 10:58",8.77,8.77,8.74,8.75,-0.02,-0.23%,0
"2024-04-08 10:59",8.76,8.76,8.73,8.73,-0.02,-0.23%,0
"2024-04-08 11:00",8.73,8.73,8.66,8.66,-0.07,-0.80%,0
"2024-04-08 11:01",8.68,8.75,8.68,8.75,0.09,+1.04%,0
"2024-04-08 11:02",8.79,9.06,8.79,9.06,0.31,+3.54%,0
"2024-04-08 11:03",9.05,9.05,8.93,8.93,-0.13,-1.43%,0
"2024-04-08 11:04",8.87,8.88,8.83,8.83,-0.1,-1.12%,0
"2024-04-08 11:05",8.82,8.95,8.82,8.94,0.11,+1.25%,0
"2024-04-08 11:06",8.95,8.96,8.92,8.94,0,0.00%,0
"2024-04-08 11:07",8.93,8.96,8.93,8.96,0.02,+0.22%,0
"2024-04-08 11:08",8.95,8.99,8.95,8.99,0.03,+0.33%,0
"2024-04-08 11:09",9,9,8.94,8.95,-0.04,-0.44%,0
"2024-04-08 11:10",8.97,8.97,8.88,8.9,-0.05,-0.56%,0
"2024-04-08 11:11",8.9,8.96,8.9,8.95,0.05,+0.56%,0
"2024-04-08 11:12",8.98,9.06,8.93,8.93,-0.02,-0.22%,0
"2024-04-08 11:13",8.96,9.01,8.96,8.96,0.03,+0.34%,0
"2024-04-08 11:14",8.97,8.97,8.95,8.96,0,0.00%,0
"2024-04-08 11:15",8.92,8.97,8.91,8.97,0.01,+0.11%,0
"2024-04-08 11:16",8.97,9,8.97,9,0.03,+0.33%,0
"2024-04-08 11:17",8.96,8.97,8.96,8.97,-0.03,-0.33%,0
"2024-04-08 11:18",8.96,8.99,8.87,8.87,-0.1,-1.11%,0
"2024-04-08 11:19",8.9,8.94,8.9,8.93,0.06,+0.68%,0
"2024-04-08 11:20",8.92,8.94,8.91,8.91,-0.02,-0.22%,0
"2024-04-08 11:21",8.94,9.01,8.94,8.96,0.05,+0.56%,0
"2024-04-08 11:22",8.93,8.98,8.93,8.94,-0.02,-0.22%,0
"2024-04-08 11:23",8.93,8.94,8.93,8.94,0,0.00%,0
"2024-04-08 11:24",8.92,8.93,8.92,8.92,-0.02,-0.22%,0
"2024-04-08 11:25",8.9,8.98,8.9,8.98,0.06,+0.67%,0
"2024-04-08 11:26",9.01,9.02,9,9,0.02,+0.22%,0
"2024-04-08 11:27",9.01,9.09,9.01,9.09,0.09,+1.00%,0
"2024-04-08 11:28",9.14,9.14,9.09,9.09,0,0.00%,0
"2024-04-08 11:29",9.1,9.1,9.08,9.08,-0.01,-0.11%,0
"2024-04-08 11:30",9.06,9.24,9.06,9.24,0.16,+1.76%,0
"2024-04-08 11:31",9.17,9.2,9.16,9.2,-0.04,-0.43%,0
"2024-04-08 11:32",9.15,9.19,9.15,9.19,-0.01,-0.11%,0
"2024-04-08 11:33",9.17,9.17,9.15,9.16,-0.03,-0.33%,0
"2024-04-08 11:34",9.18,9.21,9.18,9.21,0.05,+0.55%,0
"2024-04-08 11:35",9.18,9.27,9.18,9.27,0.06,+0.65%,0
"2024-04-08 11:36",9.26,9.64,9.26,9.61,0.34,+3.67%,0
"2024-04-08 11:37",9.56,9.79,9.56,9.76,0.15,+1.56%,0
"2024-04-08 11:38",9.44,9.69,9.44,9.69,-0.07,-0.72%,0
"2024-04-08 11:39",9.72,9.72,9.42,9.42,-0.27,-2.79%,0
"2024-04-08 11:40",9.4,9.53,9.4,9.53,0.11,+1.17%,0
"2024-04-08 11:41",9.55,9.63,9.55,9.63,0.1,+1.05%,0
"2024-04-08 11:42",9.61,9.67,9.61,9.65,0.02,+0.21%,0
"2024-04-08 11:43",9.67,9.67,9.49,9.53,-0.12,-1.24%,0
"2024-04-08 11:44",9.54,9.54,9.42,9.42,-0.11,-1.15%,0
"2024-04-08 11:45",9.47,9.88,9.47,9.88,0.46,+4.88%,0
"2024-04-08 11:46",9.73,9.81,9.73,9.81,-0.07,-0.71%,0
"2024-04-08 11:47",9.87,9.87,9.84,9.87,0.06,+0.61%,0
"2024-04-08 11:48",9.93,9.93,9.69,9.74,-0.13,-1.32%,0
"2024-04-08 11:49",9.72,9.77,9.72,9.74,0,0.00%,0
"2024-04-08 11:50",9.76,9.83,9.76,9.81,0.07,+0.72%,0
"2024-04-08 11:51",9.79,9.8,9.77,9.77,-0.04,-0.41%,0
"2024-04-08 11:52",9.72,9.72,9.68,9.68,-0.09,-0.92%,0
"2024-04-08 11:53",9.7,9.76,9.7,9.76,0.08,+0.83%,0
"2024-04-08 11:54",9.82,9.82,9.75,9.76,0,0.00%,0
"2024-04-08 11:55",9.76,9.92,9.76,9.86,0.1,+1.02%,0
"2024-04-08 11:56",9.89,10.08,9.89,10.08,0.22,+2.23%,0
"2024-04-08 11:57",9.99,9.99,9.77,9.77,-0.31,-3.08%,0
"2024-04-08 11:58",9.83,9.91,9.83,9.87,0.1,+1.02%,0
"2024-04-08 11:59",9.88,9.9,9.86,9.86,-0.01,-0.10%,0
"2024-04-08 12:00",9.89,10.04,9.89,10.04,0.18,+1.83%,0
"2024-04-08 12:01",10.1,10.11,10.08,10.11,0.07,+0.70%,0
"2024-04-08 12:02",10.12,10.18,10.06,10.06,-0.05,-0.49%,0
"2024-04-08 12:03",10.04,10.04,10.01,10.03,-0.03,-0.30%,0
"2024-04-08 12:04",9.99,10.06,9.95,10.06,0.03,+0.30%,0
"2024-04-08 12:05",10.07,10.1,10.07,10.1,0.04,+0.40%,0
"2024-04-08 12:06",10.12,10.15,10.06,10.06,-0.04,-0.40%,0
"2024-04-08 12:07",10.06,10.06,9.95,9.95,-0.11,-1.09%,0
"2024-04-08 12:08",9.96,9.96,9.93,9.93,-0.02,-0.20%,0
"2024-04-08 12:09",9.96,10.02,9.96,10.02,0.09,+0.91%,0
"2024-04-08 12:10",10.08,10.1,10.06,10.06,0.04,+0.40%,0
"2024-04-08 12:11",10.06,10.17,10.06,10.15,0.09,+0.89%,0
"2024-04-08 12:12",10.18,10.18,10.11,10.11,-0.04,-0.39%,0
"2024-04-08 12:13",10.14,10.23,10.14,10.23,0.12,+1.19%,0
"2024-04-08 12:14",10.47,10.47,10.25,10.28,0.05,+0.49%,0
"2024-04-08 12:15",10.3,10.38,10.3,10.38,0.1,+0.97%,0
"2024-04-08 12:16",10.33,10.33,10.21,10.28,-0.1,-0.96%,0
"2024-04-08 12:17",10.29,10.29,10.23,10.23,-0.05,-0.49%,0
"2024-04-08 12:18",10.24,10.26,10.23,10.23,0,0.00%,0
"2024-04-08 12:19",10.26,10.35,10.26,10.35,0.12,+1.17%,0
"2024-04-08 12:20",10.39,10.41,10.39,10.41,0.06,+0.58%,0
"2024-04-08 12:21",10.35,10.39,10.35,10.38,-0.03,-0.29%,0
"2024-04-08 12:22",10.35,10.48,10.35,10.48,0.1,+0.96%,0
"2024-04-08 12:23",10.5,10.95,10.5,10.62,0.14,+1.34%,0
"2024-04-08 12:24",10.67,10.78,10.67,10.77,0.15,+1.41%,0
"2024-04-08 12:25",10.75,10.75,10.51,10.51,-0.26,-2.41%,0
"2024-04-08 12:26",10.51,10.61,10.51,10.6,0.09,+0.86%,0
"2024-04-08 12:27",10.69,10.71,10.66,10.71,0.11,+1.04%,0
"2024-04-08 12:28",10.64,10.68,10.64,10.67,-0.04,-0.37%,0
"2024-04-08 12:29",10.67,10.67,10.65,10.65,-0.02,-0.19%,0
"2024-04-08 12:30",10.68,10.72,10.59,10.59,-0.06,-0.56%,0
"2024-04-08 12:31",10.62,10.68,10.62,10.64,0.05,+0.47%,0
"2024-04-08 12:32",10.59,10.59,10.55,10.55,-0.09,-0.85%,0
"2024-04-08 12:33",10.55,10.58,10.55,10.58,0.03,+0.28%,0
"2024-04-08 12:34",10.58,10.58,10.52,10.55,-0.03,-0.28%,0
"2024-04-08 12:35",10.48,10.48,10.39,10.39,-0.16,-1.52%,0
"2024-04-08 12:36",10.4,10.47,10.4,10.47,0.08,+0.77%,0
"2024-04-08 12:37",10.46,10.52,10.45,10.52,0.05,+0.48%,0
"2024-04-08 12:38",10.54,10.54,10.51,10.51,-0.01,-0.10%,0
"2024-04-08 12:39",10.48,10.51,10.48,10.49,-0.02,-0.19%,0
"2024-04-08 12:40",10.54,10.57,10.54,10.54,0.05,+0.48%,0
"2024-04-08 12:41",10.46,10.46,10.4,10.4,-0.14,-1.33%,0
"2024-04-08 12:42",10.43,10.43,10.38,10.38,-0.02,-0.19%,0
"2024-04-08 12:43",10.4,10.4,10.35,10.36,-0.02,-0.19%,0
"2024-04-08 12:44",10.3,10.34,10.29,10.33,-0.03,-0.29%,0
"2024-04-08 12:45",10.33,10.33,10.31,10.31,-0.02,-0.19%,0
"2024-04-08 12:46",10.33,10.36,10.33,10.35,0.04,+0.39%,0
"2024-04-08 12:47",10.33,10.36,10.33,10.36,0.01,+0.10%,0
"2024-04-08 12:48",10.39,10.4,10.36,10.37,0.01,+0.10%,0
"2024-04-08 12:49",10.41,10.44,10.36,10.38,0.01,+0.10%,0
"2024-04-08 12:50",10.37,10.37,10.3,10.3,-0.08,-0.77%,0
"2024-04-08 12:51",10.33,10.37,10.33,10.37,0.07,+0.68%,0
"2024-04-08 12:52",10.35,10.35,10.34,10.34,-0.03,-0.29%,0
"2024-04-08 12:53",10.35,10.41,10.35,10.41,0.07,+0.68%,0
"2024-04-08 12:54",10.42,10.42,10.37,10.37,-0.04,-0.38%,0
"2024-04-08 12:55",10.39,10.42,10.39,10.39,0.02,+0.19%,0
"2024-04-08 12:56",10.38,10.38,10.25,10.25,-0.14,-1.35%,0
"2024-04-08 12:57",10.22,10.23,10.18,10.21,-0.04,-0.39%,0
"2024-04-08 12:58",10.22,10.27,10.22,10.27,0.06,+0.59%,0
"2024-04-08 12:59",10.26,10.29,10.17,10.17,-0.1,-0.97%,0
"2024-04-08 13:00",10.17,10.19,10.17,10.19,0.02,+0.20%,0
"2024-04-08 13:01",10.21,10.22,10.19,10.19,0,0.00%,0
"2024-04-08 13:02",10.2,10.23,10.2,10.23,0.04,+0.39%,0
"2024-04-08 13:03",10.25,10.25,10.24,10.25,0.02,+0.20%,0
"2024-04-08 13:04",10.25,10.27,10.25,10.25,0,0.00%,0
"2024-04-08 13:05",10.27,10.3,10.27,10.3,0.05,+0.49%,0
"2024-04-08 13:06",10.28,10.29,10.28,10.29,-0.01,-0.10%,0
"2024-04-08 13:07",10.32,10.33,10.29,10.29,0,0.00%,0
"2024-04-08 13:08",10.32,10.34,10.32,10.32,0.03,+0.29%,0
"2024-04-08 13:09",10.27,10.35,10.27,10.35,0.03,+0.29%,0
"2024-04-08 13:10",10.36,10.44,10.35,10.35,0,0.00%,0
"2024-04-08 13:11",10.35,10.38,10.35,10.38,0.03,+0.29%,0
"2024-04-08 13:12",10.35,10.45,10.35,10.45,0.07,+0.67%,0
"2024-04-08 13:13",10.43,10.49,10.43,10.48,0.03,+0.29%,0
"2024-04-08 13:14",10.46,10.49,10.46,10.47,-0.01,-0.10%,0
"2024-04-08 13:15",10.47,10.47,10.46,10.46,-0.01,-0.10%,0
"2024-04-08 13:16",10.45,10.53,10.45,10.53,0.07,+0.67%,0
"2024-04-08 13:17",10.5,10.58,10.5,10.58,0.05,+0.47%,0
"2024-04-08 13:18",10.58,10.61,10.58,10.61,0.03,+0.28%,0
"2024-04-08 13:19",10.58,10.59,10.52,10.52,-0.09,-0.85%,0
"2024-04-08 13:20",10.51,10.55,10.51,10.55,0.03,+0.29%,0
"2024-04-08 13:21",10.56,10.57,10.53,10.57,0.02,+0.19%,0
"2024-04-08 13:22",10.57,10.6,10.57,10.57,0,0.00%,0
"2024-04-08 13:23",10.51,10.52,10.49,10.51,-0.06,-0.57%,0
"2024-04-08 13:24",10.49,10.49,10.47,10.47,-0.04,-0.38%,0
"2024-04-08 13:25",10.48,10.54,10.48,10.54,0.07,+0.67%,0
"2024-04-08 13:26",10.52,10.56,10.52,10.55,0.01,+0.09%,0
"2024-04-08 13:27",10.57,10.57,10.53,10.53,-0.02,-0.19%,0
"2024-04-08 13:28",10.54,10.54,10.51,10.51,-0.02,-0.19%,0
"2024-04-08 13:29",10.49,10.52,10.48,10.48,-0.03,-0.29%,0
"2024-04-08 13:30",10.37,10.4,10.37,10.4,-0.08,-0.76%,0
"2024-04-08 13:31",10.42,10.43,10.42,10.43,0.03,+0.29%,0
"2024-04-08 13:32",10.46,10.46,10.45,10.46,0.03,+0.29%,0
"2024-04-08 13:33",10.48,10.5,10.46,10.5,0.04,+0.38%,0
"2024-04-08 13:34",10.51,10.51,10.48,10.48,-0.02,-0.19%,0
"2024-04-08 13:35",10.49,10.56,10.49,10.55,0.07,+0.67%,0
"2024-04-08 13:36",10.54,10.59,10.54,10.58,0.03,+0.28%,0
"2024-04-08 13:37",10.7,10.7,10.67,10.67,0.09,+0.85%,0
"2024-04-08 13:38",10.65,10.68,10.65,10.65,-0.02,-0.19%,0
"2024-04-08 13:39",10.65,10.67,10.64,10.66,0.01,+0.09%,0
"2024-04-08 13:40",10.66,10.67,10.64,10.64,-0.02,-0.19%,0
"2024-04-08 13:41",10.64,10.66,10.64,10.66,0.02,+0.19%,0
"2024-04-08 13:42",10.66,10.72,10.66,10.72,0.06,+0.56%,0
"2024-04-08 13:43",10.71,10.79,10.71,10.79,0.07,+0.65%,0
"2024-04-08 13:44",10.89,10.89,10.77,10.77,-0.02,-0.19%,0
"2024-04-08 13:45",10.76,10.82,10.76,10.82,0.05,+0.46%,0
"2024-04-08 13:46",10.82,10.85,10.82,10.85,0.03,+0.28%,0
"2024-04-08 13:47",10.84,10.86,10.84,10.84,-0.01,-0.09%,0
"2024-04-08 13:48",10.85,10.86,10.83,10.86,0.02,+0.18%,0
"2024-04-08 13:49",10.89,10.89,10.82,10.82,-0.04,-0.37%,0
"2024-04-08 13:50",10.84,10.88,10.84,10.86,0.04,+0.37%,0
"2024-04-08 13:51",10.85,10.88,10.8,10.8,-0.06,-0.55%,0
"2024-04-08 13:52",10.8,10.8,10.76,10.76,-0.04,-0.37%,0
"2024-04-08 13:53",10.78,10.8,10.76,10.78,0.02,+0.19%,0
"2024-04-08 13:54",10.77,10.79,10.75,10.75,-0.03,-0.28%,0
"2024-04-08 13:55",10.73,10.73,10.71,10.72,-0.03,-0.28%,0
"2024-04-08 13:56",10.71,10.73,10.7,10.7,-0.02,-0.19%,0
"2024-04-08 13:57",10.67,10.67,10.56,10.56,-0.14,-1.31%,0
"2024-04-08 13:58",10.61,10.61,10.57,10.57,0.01,+0.09%,0
"2024-04-08 13:59",10.55,10.59,10.55,10.59,0.02,+0.19%,0
"2024-04-08 14:00",10.58,10.58,10.54,10.54,-0.05,-0.47%,0
"2024-04-08 14:01",10.54,10.54,10.51,10.54,0,0.00%,0
"2024-04-08 14:02",10.58,10.63,10.58,10.63,0.09,+0.85%,0
"2024-04-08 14:03",10.65,10.67,10.63,10.64,0.01,+0.09%,0
"2024-04-08 14:04",10.65,10.74,10.65,10.74,0.1,+0.94%,0
"2024-04-08 14:05",10.73,10.81,10.73,10.8,0.06,+0.56%,0
"2024-04-08 14:06",10.76,10.76,10.75,10.75,-0.05,-0.46%,0
"2024-04-08 14:07",10.76,10.76,10.71,10.71,-0.04,-0.37%,0
"2024-04-08 14:08",10.7,10.72,10.7,10.72,0.01,+0.09%,0
"2024-04-08 14:09",10.7,10.73,10.68,10.68,-0.04,-0.37%,0
"2024-04-08 14:10",10.66,10.69,10.66,10.68,0,0.00%,0
"2024-04-08 14:11",10.66,10.7,10.66,10.68,0,0.00%,0
"2024-04-08 14:12",10.74,10.74,10.66,10.66,-0.02,-0.19%,0
"2024-04-08 14:13",10.65,10.68,10.65,10.68,0.02,+0.19%,0
"2024-04-08 14:14",10.68,10.7,10.66,10.66,-0.02,-0.19%,0
"2024-04-08 14:15",10.67,10.67,10.6,10.6,-0.06,-0.56%,0
"2024-04-08 14:16",10.5,10.55,10.5,10.54,-0.06,-0.57%,0
"2024-04-08 14:17",10.53,10.54,10.52,10.52,-0.02,-0.19%,0
"2024-04-08 14:18",10.53,10.59,10.53,10.59,0.07,+0.67%,0
"2024-04-08 14:19",10.56,10.6,10.56,10.6,0.01,+0.09%,0
"2024-04-08 14:20",10.59,10.59,10.58,10.58,-0.02,-0.19%,0
"2024-04-08 14:21",10.6,10.62,10.54,10.54,-0.04,-0.38%,0
"2024-04-08 14:22",10.53,10.55,10.53,10.54,0,0.00%,0
"2024-04-08 14:23",10.62,10.65,10.62,10.62,0.08,+0.76%,0
"2024-04-08 14:24",10.61,10.75,10.61,10.75,0.13,+1.22%,0
"2024-04-08 14:25",10.75,10.75,10.7,10.7,-0.05,-0.47%,0
"2024-04-08 14:26",10.61,10.61,10.55,10.55,-0.15,-1.40%,0
"2024-04-08 14:27",10.53,10.56,10.53,10.53,-0.02,-0.19%,0
"2024-04-08 14:28",10.48,10.57,10.48,10.57,0.04,+0.38%,0
"2024-04-08 14:29",10.58,10.61,10.58,10.61,0.04,+0.38%,0
"2024-04-08 14:30",10.63,10.65,10.63,10.65,0.04,+0.38%,0
"2024-04-08 14:31",10.69,10.7,10.69,10.7,0.05,+0.47%,0
"2024-04-08 14:32",10.69,10.69,10.66,10.66,-0.04,-0.37%,0
"2024-04-08 14:33",10.65,10.71,10.65,10.71,0.05,+0.47%,0
"2024-04-08 14:34",10.69,10.72,10.69,10.72,0.01,+0.09%,0
"2024-04-08 14:35",10.76,10.79,10.76,10.79,0.07,+0.65%,0
"2024-04-08 14:36",10.79,10.85,10.79,10.85,0.06,+0.56%,0
"2024-04-08 14:37",10.81,10.83,10.75,10.75,-0.1,-0.92%,0
"2024-04-08 14:38",10.76,10.91,10.76,10.91,0.16,+1.49%,0
"2024-04-08 14:39",10.87,10.87,10.83,10.83,-0.08,-0.73%,0
"2024-04-08 14:40",10.83,10.89,10.83,10.89,0.06,+0.55%,0
"2024-04-08 14:41",10.87,10.9,10.86,10.86,-0.03,-0.28%,0
"2024-04-08 14:42",10.86,10.86,10.81,10.81,-0.05,-0.46%,0
"2024-04-08 14:43",10.81,10.81,10.79,10.8,-0.01,-0.09%,0
"2024-04-08 14:44",10.8,10.82,10.8,10.8,0,0.00%,0
"2024-04-08 14:45",10.81,10.85,10.81,10.83,0.03,+0.28%,0
"2024-04-08 14:46",10.84,10.93,10.84,10.92,0.09,+0.83%,0
"2024-04-08 14:47",10.93,10.93,10.85,10.87,-0.05,-0.46%,0
"2024-04-08 14:48",10.84,10.84,10.78,10.79,-0.08,-0.74%,0
"2024-04-08 14:49",10.78,10.78,10.73,10.74,-0.05,-0.46%,0
"2024-04-08 14:50",10.71,10.81,10.71,10.81,0.07,+0.65%,0
"2024-04-08 14:51",10.79,10.82,10.79,10.82,0.01,+0.09%,0
"2024-04-08 14:52",10.81,10.83,10.79,10.79,-0.03,-0.28%,0
"2024-04-08 14:53",10.73,10.75,10.67,10.67,-0.12,-1.11%,0
"2024-04-08 14:54",10.63,10.64,10.62,10.63,-0.04,-0.37%,0
"2024-04-08 14:55",10.64,10.64,10.6,10.6,-0.03,-0.28%,0
"2024-04-08 14:56",10.6,10.65,10.6,10.65,0.05,+0.47%,0
"2024-04-08 14:57",10.69,10.74,10.69,10.72,0.07,+0.66%,0
"2024-04-08 14:58",10.7,10.73,10.7,10.7,-0.02,-0.19%,0
"2024-04-08 14:59",10.64,10.65,10.6,10.6,-0.1,-0.93%,0
"2024-04-08 15:00",10.54,10.55,10.51,10.55,-0.05,-0.47%,0
"2024-04-08 15:01",10.58,10.58,10.56,10.57,0.02,+0.19%,0
"2024-04-08 15:02",10.58,10.59,10.57,10.58,0.01,+0.09%,0
"2024-04-08 15:03",10.58,10.7,10.58,10.69,0.11,+1.04%,0
"2024-04-08 15:04",10.66,10.73,10.66,10.73,0.04,+0.37%,0
"2024-04-08 15:05",10.7,10.77,10.7,10.75,0.02,+0.19%,0
"2024-04-08 15:06",10.76,10.77,10.71,10.71,-0.04,-0.37%,0
"2024-04-08 15:07",10.75,10.97,10.75,10.97,0.26,+2.43%,0
"2024-04-08 15:08",10.96,10.96,10.84,10.84,-0.13,-1.19%,0
"2024-04-08 15:09",10.84,10.84,10.8,10.8,-0.04,-0.37%,0
"2024-04-08 15:10",10.74,10.8,10.74,10.8,0,0.00%,0
"2024-04-08 15:11",10.77,10.85,10.77,10.85,0.05,+0.46%,0
"2024-04-08 15:12",10.87,10.88,10.85,10.88,0.03,+0.28%,0
"2024-04-08 15:13",10.85,10.85,10.81,10.82,-0.06,-0.55%,0
"2024-04-08 15:14",10.78,10.84,10.78,10.84,0.02,+0.18%,0
"2024-04-08 15:15",10.83,10.83,10.81,10.81,-0.03,-0.28%,0
"2024-04-08 15:16",10.82,10.86,10.81,10.81,0,0.00%,0
"2024-04-08 15:17",10.81,10.86,10.81,10.84,0.03,+0.28%,0
"2024-04-08 15:18",10.88,10.88,10.86,10.87,0.03,+0.28%,0
"2024-04-08 15:19",10.82,10.85,10.81,10.85,-0.02,-0.18%,0
"2024-04-08 15:20",10.83,10.83,10.82,10.82,-0.03,-0.28%,0
"2024-04-08 15:21",10.82,10.84,10.82,10.84,0.02,+0.18%,0
"2024-04-08 15:22",10.86,10.86,10.85,10.85,0.01,+0.09%,0
"2024-04-08 15:23",10.87,10.88,10.86,10.88,0.03,+0.28%,0
"2024-04-08 15:24",10.91,10.95,10.91,10.92,0.04,+0.37%,0
"2024-04-08 15:25",10.9,10.92,10.86,10.86,-0.06,-0.55%,0
"2024-04-08 15:26",10.79,10.88,10.79,10.88,0.02,+0.18%,0
"2024-04-08 15:27",10.83,10.85,10.82,10.84,-0.04,-0.37%,0
"2024-04-08 15:28",10.83,10.83,10.78,10.78,-0.06,-0.55%,0
"2024-04-08 15:29",10.77,10.77,10.63,10.63,-0.15,-1.39%,0
"2024-04-08 15:30",10.62,10.64,10.58,10.58,-0.05,-0.47%,0
"2024-04-08 15:31",10.52,10.52,10.2,10.2,-0.38,-3.59%,0
"2024-04-08 15:32",10.19,10.19,10.05,10.05,-0.15,-1.47%,0
"2024-04-08 15:33",10.01,10.33,10.01,10.27,0.22,+2.19%,0
"2024-04-08 15:34",10.21,10.22,10.17,10.2,-0.07,-0.68%,0
"2024-04-08 15:35",10.2,10.21,10.2,10.21,0.01,+0.10%,0
"2024-04-08 15:36",10.23,10.26,10.23,10.25,0.04,+0.39%,0
"2024-04-08 15:37",10.25,10.3,10.25,10.3,0.05,+0.49%,0
"2024-04-08 15:38",10.32,10.36,10.32,10.36,0.06,+0.58%,0
"2024-04-08 15:39",10.36,10.38,10.36,10.38,0.02,+0.19%,0
"2024-04-08 15:40",10.38,10.43,10.38,10.43,0.05,+0.48%,0
"2024-04-08 15:41",10.42,10.42,10.39,10.41,-0.02,-0.19%,0
"2024-04-08 15:42",10.62,10.63,10.6,10.6,0.19,+1.83%,0
"2024-04-08 15:43",10.57,10.71,10.57,10.6,0,0.00%,0
"2024-04-08 15:44",10.57,10.6,10.57,10.6,0,0.00%,0
"2024-04-08 15:45",10.61,10.61,10.54,10.54,-0.06,-0.57%,0
"2024-04-08 15:46",10.48,10.48,10.43,10.43,-0.11,-1.04%,0
"2024-04-08 15:47",10.4,10.44,10.39,10.44,0.01,+0.10%,0
"2024-04-08 15:48",10.43,10.47,10.41,10.44,0,0.00%,0
"2024-04-08 15:49",10.45,10.46,10.4,10.4,-0.04,-0.38%,0
"2024-04-08 15:50",10.35,10.42,10.35,10.42,0.02,+0.19%,0
"2024-04-08 15:51",10.39,10.44,10.39,10.41,-0.01,-0.10%,0
"2024-04-08 15:52",10.59,10.7,10.59,10.62,0.21,+2.02%,0
"2024-04-08 15:53",10.56,10.67,10.56,10.62,0,0.00%,0
"2024-04-08 15:54",10.64,10.64,10.55,10.55,-0.07,-0.66%,0
"2024-04-08 15:55",10.58,10.69,10.58,10.61,0.06,+0.57%,0
"2024-04-08 15:56",10.57,10.62,10.57,10.62,0.01,+0.09%,0
"2024-04-08 15:57",10.58,10.67,10.58,10.67,0.05,+0.47%,0
"2024-04-08 15:58",10.61,10.61,10.45,10.45,-0.22,-2.06%,0
"2024-04-08 15:59",10.42,10.44,10.18,10.18,-0.27,-2.58%,0
"2024-04-08 16:00",10.1,10.1,9.84,9.84,-0.34,-3.34%,0
"2024-04-08 16:01",9.84,9.94,9.84,9.94,0.1,+1.02%,0
"2024-04-08 16:02",9.93,9.93,9.91,9.93,-0.01,-0.10%,0
"2024-04-08 16:03",9.95,9.95,9.87,9.87,-0.06,-0.60%,0
"2024-04-08 16:04",9.87,9.89,9.87,9.88,0.01,+0.10%,0
"2024-04-08 16:05",9.87,9.87,9.83,9.84,-0.04,-0.40%,0
"2024-04-08 16:06",9.83,9.85,9.82,9.82,-0.02,-0.20%,0
"2024-04-08 16:07",9.81,9.81,9.77,9.77,-0.05,-0.51%,0
"2024-04-08 16:08",9.77,9.78,9.74,9.74,-0.03,-0.31%,0
"2024-04-08 16:09",9.69,9.71,9.68,9.71,-0.03,-0.31%,0
"2024-04-08 16:10",9.7,9.72,9.7,9.72,0.01,+0.10%,0
"2024-04-08 16:11",9.72,9.74,9.72,9.72,0,0.00%,0
"2024-04-08 16:12",9.73,9.74,9.73,9.73,0.01,+0.10%,0
"2024-04-08 16:13",9.73,9.74,9.66,9.66,-0.07,-0.72%,0
"2024-04-08 16:14",9.65,9.66,9.65,9.65,-0.01,-0.10%,0
"2024-04-08 16:15",9.65,9.65,9.65,9.65,0,0.00%,0
"2024-04-09 09:31",8.05,8.05,7.95,7.95,-1.7,-17.62%,0
"2024-04-09 09:32",7.92,7.92,7.81,7.81,-0.14,-1.76%,0
"2024-04-09 09:33",7.83,8.22,7.83,8.22,0.41,+5.25%,0
"2024-04-09 09:34",8.22,8.45,8.22,8.45,0.23,+2.80%,0
"2024-04-09 09:35",8.43,8.57,8.43,8.56,0.11,+1.30%,0
"2024-04-09 09:36",8.47,8.51,8.45,8.45,-0.11,-1.29%,0
"2024-04-09 09:37",8.42,8.49,8.37,8.37,-0.08,-0.95%,0
"2024-04-09 09:38",8.35,8.49,8.35,8.49,0.12,+1.43%,0
"2024-04-09 09:39",8.53,8.59,8.53,8.56,0.07,+0.82%,0
"2024-04-09 09:40",8.52,8.53,8.52,8.52,-0.04,-0.47%,0
"2024-04-09 09:41",8.54,8.61,8.54,8.61,0.09,+1.06%,0
"2024-04-09 09:42",8.65,8.72,8.65,8.69,0.08,+0.93%,0
"2024-04-09 09:43",8.65,8.71,8.65,8.71,0.02,+0.23%,0
"2024-04-09 09:44",8.68,8.95,8.68,8.95,0.24,+2.76%,0
"2024-04-09 09:45",8.84,8.84,8.8,8.8,-0.15,-1.68%,0
"2024-04-09 09:46",8.83,8.95,8.83,8.95,0.15,+1.70%,0
"2024-04-09 09:47",8.96,9.1,8.96,9.1,0.15,+1.68%,0
"2024-04-09 09:48",9.04,9.19,9.04,9.17,0.07,+0.77%,0
"2024-04-09 09:49",9.18,9.56,9.18,9.56,0.39,+4.25%,0
"2024-04-09 09:50",9.56,9.64,9.47,9.61,0.05,+0.52%,0
"2024-04-09 09:51",9.71,9.74,9.65,9.65,0.04,+0.42%,0
"2024-04-09 09:52",9.6,9.86,9.6,9.86,0.21,+2.18%,0
"2024-04-09 09:53",9.81,9.81,9.71,9.75,-0.11,-1.12%,0
"2024-04-09 09:54",9.73,9.85,9.73,9.85,0.1,+1.03%,0
"2024-04-09 09:55",9.81,9.81,9.7,9.72,-0.13,-1.32%,0
"2024-04-09 09:56",9.73,9.89,9.73,9.88,0.16,+1.65%,0
"2024-04-09 09:57",9.91,10.01,9.91,10.01,0.13,+1.32%,0
"2024-04-09 09:58",9.97,10.05,9.97,10.05,0.04,+0.40%,0
"2024-04-09 09:59",10.04,10.08,10.04,10.06,0.01,+0.10%,0
"2024-04-09 10:00",10.08,10.08,10.06,10.08,0.02,+0.20%,0
"2024-04-09 10:01",10.05,10.14,10.05,10.07,-0.01,-0.10%,0
"2024-04-09 10:02",10.04,10.11,10,10,-0.07,-0.70%,0
"2024-04-09 10:03",9.92,9.94,9.83,9.83,-0.17,-1.70%,0
"2024-04-09 10:04",9.87,10.04,9.87,10.03,0.2,+2.03%,0
"2024-04-09 10:05",10.03,10.07,10.03,10.07,0.04,+0.40%,0
"2024-04-09 10:06",10.06,10.13,10.06,10.13,0.06,+0.60%,0
"2024-04-09 10:07",10.19,10.27,10.19,10.24,0.11,+1.09%,0
"2024-04-09 10:08",10.25,10.3,10.25,10.3,0.06,+0.59%,0
"2024-04-09 10:09",10.33,10.35,10.33,10.33,0.03,+0.29%,0
"2024-04-09 10:10",10.32,10.39,10.32,10.37,0.04,+0.39%,0
"2024-04-09 10:11",10.36,10.44,10.36,10.41,0.04,+0.39%,0
"2024-04-09 10:12",10.44,10.49,10.41,10.41,0,0.00%,0
"2024-04-09 10:13",10.4,10.43,10.31,10.31,-0.1,-0.96%,0
"2024-04-09 10:14",10.25,10.29,10.25,10.26,-0.05,-0.48%,0
"2024-04-09 10:15",10.27,10.27,10.13,10.13,-0.13,-1.27%,0
"2024-04-09 10:16",10.16,10.18,10.16,10.18,0.05,+0.49%,0
"2024-04-09 10:17",10.14,10.17,10.12,10.14,-0.04,-0.39%,0
"2024-04-09 10:18",10.14,10.29,10.14,10.29,0.15,+1.48%,0
"2024-04-09 10:19",10.25,10.32,10.25,10.3,0.01,+0.10%,0
"2024-04-09 10:20",10.29,10.36,10.29,10.31,0.01,+0.10%,0
"2024-04-09 10:21",10.29,10.35,10.29,10.3,-0.01,-0.10%,0
"2024-04-09 10:22",10.33,10.33,10.32,10.33,0.03,+0.29%,0
"2024-04-09 10:23",10.33,10.39,10.33,10.35,0.02,+0.19%,0
"2024-04-09 10:24",10.37,10.42,10.37,10.41,0.06,+0.58%,0
"2024-04-09 10:25",10.38,10.44,10.38,10.44,0.03,+0.29%,0
"2024-04-09 10:26",10.41,10.48,10.41,10.48,0.04,+0.38%,0
"2024-04-09 10:27",10.48,10.86,10.48,10.86,0.38,+3.63%,0
"2024-04-09 10:28",10.9,11.45,10.9,11.45,0.59,+5.43%,0
"2024-04-09 10:29",11.48,11.98,11.48,11.82,0.37,+3.23%,0
"2024-04-09 10:30",11.94,13.25,11.94,13.25,1.43,+12.10%,0
"2024-04-09 10:31",13.3,13.48,13.3,13.4,0.15,+1.13%,0
"2024-04-09 10:32",13.19,13.4,13.19,13.4,0,0.00%,0
"2024-04-09 10:33",13.1,13.1,12.56,12.56,-0.84,-6.27%,0
"2024-04-09 10:34",12.73,13.11,12.73,13.04,0.48,+3.82%,0
"2024-04-09 10:35",13.06,13.13,13.06,13.12,0.08,+0.61%,0
"2024-04-09 10:36",13.13,13.75,13.13,13.75,0.63,+4.80%,0
"2024-04-09 10:37",13.94,13.94,13.8,13.9,0.15,+1.09%,0
"2024-04-09 10:38",13.88,13.95,13.88,13.89,-0.01,-0.07%,0
"2024-04-09 10:39",13.87,14.05,13.87,14.05,0.16,+1.15%,0
"2024-04-09 10:40",14.09,14.21,13.95,14.21,0.16,+1.14%,0
"2024-04-09 10:41",14.23,14.54,14.23,14.54,0.33,+2.32%,0
"2024-04-09 10:42",14.45,15.08,14.45,15.08,0.54,+3.71%,0
"2024-04-09 10:43",14.93,15.51,14.93,15.51,0.43,+2.85%,0
"2024-04-09 10:44",15.53,15.53,15.23,15.23,-0.28,-1.81%,0
"2024-04-09 10:45",15.01,15.01,14.9,14.96,-0.27,-1.77%,0
"2024-04-09 10:46",14.76,14.76,14.57,14.71,-0.25,-1.67%,0
"2024-04-09 10:47",14.76,15.29,14.76,15.29,0.58,+3.94%,0
"2024-04-09 10:48",15.22,15.35,15.22,15.32,0.03,+0.20%,0
"2024-04-09 10:49",15.27,15.27,15.15,15.21,-0.11,-0.72%,0
"2024-04-09 10:50",15.14,15.26,15.13,15.13,-0.08,-0.53%,0
"2024-04-09 10:51",15.04,15.04,14.69,14.69,-0.44,-2.91%,0
"2024-04-09 10:52",14.68,15.04,14.68,15.04,0.35,+2.38%,0
"2024-04-09 10:53",15.08,15.15,15.08,15.1,0.06,+0.40%,0
"2024-04-09 10:54",15.08,15.19,15.08,15.19,0.09,+0.60%,0
"2024-04-09 10:55",15.14,15.14,14.95,14.95,-0.24,-1.58%,0
"2024-04-09 10:56",14.92,14.92,14.78,14.78,-0.17,-1.14%,0
"2024-04-09 10:57",14.65,14.69,14.65,14.69,-0.09,-0.61%,0
"2024-04-09 10:58",14.58,14.58,14.44,14.48,-0.21,-1.43%,0
"2024-04-09 10:59",14.47,14.47,14.24,14.24,-0.24,-1.66%,0
"2024-04-09 11:00",14.2,14.23,14.17,14.18,-0.06,-0.42%,0
"2024-04-09 11:01",14.12,14.26,14.12,14.26,0.08,+0.56%,0
"2024-04-09 11:02",14.29,14.29,14.19,14.19,-0.07,-0.49%,0
"2024-04-09 11:03",14.24,14.33,14.24,14.31,0.12,+0.85%,0
"2024-04-09 11:04",14.32,14.32,14.28,14.28,-0.03,-0.21%,0
"2024-04-09 11:05",14.25,14.29,14.25,14.25,-0.03,-0.21%,0
"2024-04-09 11:06",14.2,14.29,14.2,14.2,-0.05,-0.35%,0
"2024-04-09 11:07",14.12,14.24,14.06,14.06,-0.14,-0.99%,0
"2024-04-09 11:08",13.93,13.98,13.93,13.98,-0.08,-0.57%,0
"2024-04-09 11:09",14.02,14.02,13.92,13.92,-0.06,-0.43%,0
"2024-04-09 11:10",13.94,14.27,13.94,14.03,0.11,+0.79%,0
"2024-04-09 11:11",14.03,14.12,14.03,14.12,0.09,+0.64%,0
"2024-04-09 11:12",14.17,14.19,14.15,14.19,0.07,+0.50%,0
"2024-04-09 11:13",14.19,14.19,14.13,14.13,-0.06,-0.42%,0
"2024-04-09 11:14",14.14,14.18,14.14,14.18,0.05,+0.35%,0
"2024-04-09 11:15",14.24,14.24,14.11,14.11,-0.07,-0.49%,0
"2024-04-09 11:16",14.08,14.08,13.93,13.93,-0.18,-1.28%,0
"2024-04-09 11:17",13.92,13.92,13.86,13.86,-0.07,-0.50%,0
"2024-04-09 11:18",13.91,13.95,13.9,13.9,0.04,+0.29%,0
"2024-04-09 11:19",13.92,13.94,13.91,13.91,0.01,+0.07%,0
"2024-04-09 11:20",13.89,13.95,13.89,13.95,0.04,+0.29%,0
"2024-04-09 11:21",14,14.1,14,14.1,0.15,+1.08%,0
"2024-04-09 11:22",14.08,14.08,14.04,14.08,-0.02,-0.14%,0
"2024-04-09 11:23",14.06,14.13,14.06,14.13,0.05,+0.36%,0
"2024-04-09 11:24",14.11,14.2,14.09,14.09,-0.04,-0.28%,0
"2024-04-09 11:25",14.09,14.09,14.09,14.09,0,0.00%,0
"2024-04-09 11:26",14.1,14.14,14.06,14.06,-0.03,-0.21%,0
"2024-04-09 11:27",13.99,14.11,13.99,14.11,0.05,+0.36%,0
"2024-04-09 11:28",14.13,14.24,14.13,14.24,0.13,+0.92%,0
"2024-04-09 11:29",14.22,14.3,14.22,14.3,0.06,+0.42%,0
"2024-04-09 11:30",14.23,14.23,14.19,14.21,-0.09,-0.63%,0
"2024-04-09 11:31",14.19,14.29,14.19,14.29,0.08,+0.56%,0
"2024-04-09 11:32",14.29,14.29,14.21,14.23,-0.06,-0.42%,0
"2024-04-09 11:33",14.28,14.33,14.28,14.32,0.09,+0.63%,0
"2024-04-09 11:34",14.32,14.32,14.3,14.3,-0.02,-0.14%,0
"2024-04-09 11:35",14.33,14.49,14.29,14.29,-0.01,-0.07%,0
"2024-04-09 11:36",14.26,14.27,14.23,14.23,-0.06,-0.42%,0
"2024-04-09 11:37",14.26,14.26,14.23,14.23,0,0.00%,0
"2024-04-09 11:38",14.27,14.27,14.23,14.23,0,0.00%,0
"2024-04-09 11:39",14.28,14.36,14.28,14.36,0.13,+0.91%,0
"2024-04-09 11:40",14.36,14.36,14.31,14.33,-0.03,-0.21%,0
"2024-04-09 11:41",14.35,14.37,14.33,14.33,0,0.00%,0
"2024-04-09 11:42",14.28,14.33,14.25,14.25,-0.08,-0.56%,0
"2024-04-09 11:43",14.22,14.22,14.06,14.06,-0.19,-1.33%,0
"2024-04-09 11:44",14.08,14.08,13.92,13.92,-0.14,-1.00%,0
"2024-04-09 11:45",13.98,13.98,13.87,13.87,-0.05,-0.36%,0
"2024-04-09 11:46",13.9,13.95,13.9,13.91,0.04,+0.29%,0
"2024-04-09 11:47",13.91,13.96,13.91,13.93,0.02,+0.14%,0
"2024-04-09 11:48",13.91,13.96,13.91,13.96,0.03,+0.22%,0
"2024-04-09 11:49",13.97,13.97,13.86,13.87,-0.09,-0.64%,0
"2024-04-09 11:50",13.88,13.95,13.88,13.91,0.04,+0.29%,0
"2024-04-09 11:51",13.91,13.93,13.91,13.91,0,0.00%,0
"2024-04-09 11:52",13.91,14.01,13.91,14,0.09,+0.65%,0
"2024-04-09 11:53",13.99,14.13,13.99,14.13,0.13,+0.93%,0
"2024-04-09 11:54",14.1,14.1,14.07,14.07,-0.06,-0.42%,0
"2024-04-09 11:55",14.05,14.13,14.05,14.13,0.06,+0.43%,0
"2024-04-09 11:56",14.11,14.15,14.11,14.12,-0.01,-0.07%,0
"2024-04-09 11:57",14.16,14.21,14.16,14.18,0.06,+0.42%,0
"2024-04-09 11:58",14.21,14.23,14.2,14.2,0.02,+0.14%,0
"2024-04-09 11:59",14.21,14.26,14.21,14.26,0.06,+0.42%,0
"2024-04-09 12:00",14.32,14.36,14.16,14.16,-0.1,-0.70%,0
"2024-04-09 12:01",14.21,14.37,14.21,14.37,0.21,+1.48%,0
"2024-04-09 12:02",14.35,14.39,14.35,14.36,-0.01,-0.07%,0
"2024-04-09 12:03",14.3,14.35,14.3,14.31,-0.05,-0.35%,0
"2024-04-09 12:04",14.33,14.38,14.32,14.32,0.01,+0.07%,0
"2024-04-09 12:05",14.29,14.38,14.29,14.38,0.06,+0.42%,0
"2024-04-09 12:06",14.33,14.43,14.33,14.43,0.05,+0.35%,0
"2024-04-09 12:07",14.4,14.53,14.4,14.53,0.1,+0.69%,0
"2024-04-09 12:08",14.52,14.53,14.46,14.46,-0.07,-0.48%,0
"2024-04-09 12:09",14.48,14.48,14.34,14.38,-0.08,-0.55%,0
"2024-04-09 12:10",14.4,14.45,14.4,14.45,0.07,+0.49%,0
"2024-04-09 12:11",14.43,14.48,14.43,14.46,0.01,+0.07%,0
"2024-04-09 12:12",14.45,14.45,14.26,14.26,-0.2,-1.38%,0
"2024-04-09 12:13",14.29,14.32,14.29,14.3,0.04,+0.28%,0
"2024-04-09 12:14",14.31,14.32,14.3,14.3,0,0.00%,0
"2024-04-09 12:15",14.31,14.33,14.28,14.3,0,0.00%,0
"2024-04-09 12:16",14.31,14.36,14.31,14.34,0.04,+0.28%,0
"2024-04-09 12:17",14.32,14.35,14.31,14.31,-0.03,-0.21%,0
"2024-04-09 12:18",14.29,14.34,14.29,14.33,0.02,+0.14%,0
"2024-04-09 12:19",14.28,14.35,14.28,14.33,0,0.00%,0
"2024-04-09 12:20",14.34,14.38,14.34,14.37,0.04,+0.28%,0
"2024-04-09 12:21",14.38,14.43,14.36,14.36,-0.01,-0.07%,0
"2024-04-09 12:22",14.37,14.39,14.37,14.39,0.03,+0.21%,0
"2024-04-09 12:23",14.38,14.5,14.38,14.5,0.11,+0.76%,0
"2024-04-09 12:24",14.48,14.5,14.48,14.5,0,0.00%,0
"2024-04-09 12:25",14.44,14.53,14.44,14.53,0.03,+0.21%,0
"2024-04-09 12:26",14.51,14.52,14.4,14.4,-0.13,-0.89%,0
"2024-04-09 12:27",14.41,14.52,14.41,14.52,0.12,+0.83%,0
"2024-04-09 12:28",14.55,14.58,14.55,14.58,0.06,+0.41%,0
"2024-04-09 12:29",14.59,14.62,14.59,14.61,0.03,+0.21%,0
"2024-04-09 12:30",14.66,14.67,14.63,14.67,0.06,+0.41%,0
"2024-04-09 12:31",14.71,14.73,14.65,14.65,-0.02,-0.14%,0
"2024-04-09 12:32",14.63,14.63,14.56,14.56,-0.09,-0.61%,0
"2024-04-09 12:33",14.57,14.59,14.57,14.59,0.03,+0.21%,0
"2024-04-09 12:34",14.58,14.59,14.51,14.51,-0.08,-0.55%,0
"2024-04-09 12:35",14.5,14.58,14.5,14.55,0.04,+0.28%,0
"2024-04-09 12:36",14.56,14.61,14.56,14.61,0.06,+0.41%,0
"2024-04-09 12:37",14.61,14.65,14.61,14.65,0.04,+0.27%,0
"2024-04-09 12:38",14.69,14.72,14.68,14.72,0.07,+0.48%,0
"2024-04-09 12:39",14.7,14.73,14.67,14.67,-0.05,-0.34%,0
"2024-04-09 12:40",14.67,14.79,14.67,14.79,0.12,+0.82%,0
"2024-04-09 12:41",14.75,14.77,14.75,14.77,-0.02,-0.14%,0
"2024-04-09 12:42",14.77,14.83,14.77,14.82,0.05,+0.34%,0
"2024-04-09 12:43",14.82,14.84,14.81,14.82,0,0.00%,0
"2024-04-09 12:44",14.75,14.88,14.75,14.88,0.06,+0.40%,0
"2024-04-09 12:45",14.88,14.9,14.86,14.9,0.02,+0.13%,0
"2024-04-09 12:46",14.92,15.01,14.92,15.01,0.11,+0.74%,0
"2024-04-09 12:47",15.01,15.01,14.94,14.94,-0.07,-0.47%,0
"2024-04-09 12:48",14.99,15.01,14.99,15.01,0.07,+0.47%,0
"2024-04-09 12:49",14.98,15.06,14.98,15.05,0.04,+0.27%,0
"2024-04-09 12:50",15.06,15.11,15.06,15.11,0.06,+0.40%,0
"2024-04-09 12:51",15.12,15.19,15.12,15.19,0.08,+0.53%,0
"2024-04-09 12:52",15.25,15.26,15.2,15.22,0.03,+0.20%,0
"2024-04-09 12:53",15.24,15.6,15.24,15.6,0.38,+2.50%,0
"2024-04-09 12:54",15.56,15.85,15.56,15.84,0.24,+1.54%,0
"2024-04-09 12:55",15.79,15.79,15.67,15.67,-0.17,-1.07%,0
"2024-04-09 12:56",15.68,15.68,15.61,15.61,-0.06,-0.38%,0
"2024-04-09 12:57",15.62,15.62,15.5,15.5,-0.11,-0.70%,0
"2024-04-09 12:58",15.54,15.65,15.54,15.65,0.15,+0.97%,0
"2024-04-09 12:59",15.68,15.69,15.66,15.66,0.01,+0.06%,0
"2024-04-09 13:00",15.64,15.73,15.64,15.7,0.04,+0.26%,0
"2024-04-09 13:01",15.68,15.68,15.56,15.56,-0.14,-0.89%,0
"2024-04-09 13:02",15.52,15.73,15.52,15.66,0.1,+0.64%,0
"2024-04-09 13:03",15.61,15.69,15.59,15.59,-0.07,-0.45%,0
"2024-04-09 13:04",15.61,15.61,15.51,15.51,-0.08,-0.51%,0
"2024-04-09 13:05",15.49,15.56,15.49,15.53,0.02,+0.13%,0
"2024-04-09 13:06",15.51,15.53,15.42,15.42,-0.11,-0.71%,0
"2024-04-09 13:07",15.45,15.52,15.45,15.52,0.1,+0.65%,0
"2024-04-09 13:08",15.5,15.54,15.5,15.53,0.01,+0.06%,0
"2024-04-09 13:09",15.54,15.58,15.54,15.56,0.03,+0.19%,0
"2024-04-09 13:10",15.54,15.59,15.53,15.59,0.03,+0.19%,0
"2024-04-09 13:11",15.6,15.68,15.6,15.67,0.08,+0.51%,0
"2024-04-09 13:12",15.69,15.71,15.67,15.67,0,0.00%,0
"2024-04-09 13:13",15.68,15.71,15.68,15.71,0.04,+0.26%,0
"2024-04-09 13:14",15.67,15.69,15.67,15.68,-0.03,-0.19%,0
"2024-04-09 13:15",15.69,15.79,15.69,15.79,0.11,+0.70%,0
"2024-04-09 13:16",15.79,15.86,15.79,15.86,0.07,+0.44%,0
"2024-04-09 13:17",15.86,15.9,15.83,15.85,-0.01,-0.06%,0
"2024-04-09 13:18",15.83,15.83,15.76,15.76,-0.09,-0.57%,0
"2024-04-09 13:19",15.78,15.87,15.78,15.87,0.11,+0.70%,0
"2024-04-09 13:20",15.82,15.86,15.82,15.86,-0.01,-0.06%,0
"2024-04-09 13:21",15.87,15.88,15.81,15.81,-0.05,-0.32%,0
"2024-04-09 13:22",15.73,15.81,15.73,15.81,0,0.00%,0
"2024-04-09 13:23",15.75,15.79,15.75,15.79,-0.02,-0.13%,0
"2024-04-09 13:24",15.8,15.86,15.8,15.86,0.07,+0.44%,0
"2024-04-09 13:25",15.93,16.02,15.93,16.02,0.16,+1.01%,0
"2024-04-09 13:26",16,16.02,15.97,16.02,0,0.00%,0
"2024-04-09 13:27",16.02,16.15,16.02,16.15,0.13,+0.81%,0
"2024-04-09 13:28",16.15,16.18,16.15,16.17,0.02,+0.12%,0
"2024-04-09 13:29",16.15,16.15,16.13,16.13,-0.04,-0.25%,0
"2024-04-09 13:30",16.12,16.12,16.09,16.1,-0.03,-0.19%,0
"2024-04-09 13:31",16.1,16.13,16.09,16.12,0.02,+0.12%,0
"2024-04-09 13:32",16.1,16.1,16.05,16.08,-0.04,-0.25%,0
"2024-04-09 13:33",16.1,16.25,16.1,16.25,0.17,+1.06%,0
"2024-04-09 13:34",16.24,16.28,16.23,16.23,-0.02,-0.12%,0
"2024-04-09 13:35",16.22,16.22,16.19,16.19,-0.04,-0.25%,0
"2024-04-09 13:36",16.21,16.25,16.21,16.25,0.06,+0.37%,0
"2024-04-09 13:37",16.26,16.31,16.26,16.31,0.06,+0.37%,0
"2024-04-09 13:38",16.29,16.29,16.23,16.23,-0.08,-0.49%,0
"2024-04-09 13:39",16.23,16.26,16.23,16.24,0.01,+0.06%,0
"2024-04-09 13:40",16.17,16.19,16.14,16.14,-0.1,-0.62%,0
"2024-04-09 13:41",16.19,16.25,16.18,16.25,0.11,+0.68%,0
"2024-04-09 13:42",16.29,16.45,16.29,16.45,0.2,+1.23%,0
"2024-04-09 13:43",16.56,16.56,16.45,16.47,0.02,+0.12%,0
"2024-04-09 13:44",16.48,16.49,16.47,16.47,0,0.00%,0
"2024-04-09 13:45",16.49,16.6,16.49,16.6,0.13,+0.79%,0
"2024-04-09 13:46",16.59,16.64,16.54,16.54,-0.06,-0.36%,0
"2024-04-09 13:47",16.53,16.54,16.51,16.54,0,0.00%,0
"2024-04-09 13:48",16.58,16.62,16.58,16.61,0.07,+0.42%,0
"2024-04-09 13:49",16.62,16.7,16.62,16.7,0.09,+0.54%,0
"2024-04-09 13:50",16.65,16.65,16.58,16.58,-0.12,-0.72%,0
"2024-04-09 13:51",16.58,16.59,16.56,16.57,-0.01,-0.06%,0
"2024-04-09 13:52",16.58,16.73,16.58,16.73,0.16,+0.97%,0
"2024-04-09 13:53",16.73,16.82,16.73,16.76,0.03,+0.18%,0
"2024-04-09 13:54",16.76,16.78,16.75,16.76,0,0.00%,0
"2024-04-09 13:55",16.74,16.83,16.74,16.83,0.07,+0.42%,0
"2024-04-09 13:56",16.84,16.89,16.84,16.86,0.03,+0.18%,0
"2024-04-09 13:57",16.86,16.86,16.85,16.86,0,0.00%,0
"2024-04-09 13:58",16.87,16.94,16.87,16.89,0.03,+0.18%,0
"2024-04-09 13:59",16.87,16.92,16.86,16.92,0.03,+0.18%,0
"2024-04-09 14:00",16.96,17.05,16.96,17.05,0.13,+0.77%,0
"2024-04-09 14:01",17.03,17.09,17.02,17.09,0.04,+0.23%,0
"2024-04-09 14:02",17.1,17.24,17.1,17.12,0.03,+0.18%,0
"2024-04-09 14:03",17.13,17.16,17.12,17.15,0.03,+0.18%,0
"2024-04-09 14:04",17.15,17.15,17.06,17.06,-0.09,-0.52%,0
"2024-04-09 14:05",17.01,17.01,17,17,-0.06,-0.35%,0
"2024-04-09 14:06",17,17.02,16.97,16.99,-0.01,-0.06%,0
"2024-04-09 14:07",16.99,17.05,16.99,17.05,0.06,+0.35%,0
"2024-04-09 14:08",17.06,17.1,17.06,17.09,0.04,+0.23%,0
"2024-04-09 14:09",17.04,17.04,16.97,16.97,-0.12,-0.70%,0
"2024-04-09 14:10",16.97,16.99,16.94,16.99,0.02,+0.12%,0
"2024-04-09 14:11",16.98,17.08,16.98,17.08,0.09,+0.53%,0
"2024-04-09 14:12",17.09,17.09,17,17,-0.08,-0.47%,0
"2024-04-09 14:13",17,17.06,17,17.04,0.04,+0.24%,0
"2024-04-09 14:14",17.03,17.03,17,17.01,-0.03,-0.18%,0
"2024-04-09 14:15",17.03,17.03,16.99,16.99,-0.02,-0.12%,0
"2024-04-09 14:16",16.98,17.04,16.98,17.02,0.03,+0.18%,0
"2024-04-09 14:17",17.04,17.09,17.04,17.08,0.06,+0.35%,0
"2024-04-09 14:18",17.08,17.1,16.99,16.99,-0.09,-0.53%,0
"2024-04-09 14:19",16.98,17.03,16.98,17.03,0.04,+0.24%,0
"2024-04-09 14:20",17.02,17.04,17.02,17.04,0.01,+0.06%,0
"2024-04-09 14:21",17.01,17.04,17.01,17.03,-0.01,-0.06%,0
"2024-04-09 14:22",17.01,17.01,16.97,16.97,-0.06,-0.35%,0
"2024-04-09 14:23",16.96,17.03,16.96,17,0.03,+0.18%,0
"2024-04-09 14:24",17.05,17.22,17.05,17.22,0.22,+1.29%,0
"2024-04-09 14:25",17.21,17.21,17.13,17.13,-0.09,-0.52%,0
"2024-04-09 14:26",17.11,17.18,17.11,17.18,0.05,+0.29%,0
"2024-04-09 14:27",17.18,17.26,17.18,17.24,0.06,+0.35%,0
"2024-04-09 14:28",17.26,17.33,17.26,17.31,0.07,+0.41%,0
"2024-04-09 14:29",17.37,17.43,17.37,17.43,0.12,+0.69%,0
"2024-04-09 14:30",17.48,17.65,17.48,17.65,0.22,+1.26%,0
"2024-04-09 14:31",17.64,17.71,17.64,17.71,0.06,+0.34%,0
"2024-04-09 14:32",17.68,17.68,17.63,17.63,-0.08,-0.45%,0
"2024-04-09 14:33",17.62,17.66,17.62,17.64,0.01,+0.06%,0
"2024-04-09 14:34",17.66,17.68,17.61,17.61,-0.03,-0.17%,0
"2024-04-09 14:35",17.61,17.68,17.47,17.47,-0.14,-0.80%,0
"2024-04-09 14:36",17.49,17.54,17.48,17.54,0.07,+0.40%,0
"2024-04-09 14:37",17.56,17.62,17.56,17.62,0.08,+0.46%,0
"2024-04-09 14:38",17.58,17.58,17.55,17.57,-0.05,-0.28%,0
"2024-04-09 14:39",17.57,17.74,17.57,17.74,0.17,+0.97%,0
"2024-04-09 14:40",17.74,17.77,17.7,17.77,0.03,+0.17%,0
"2024-04-09 14:41",17.78,17.86,17.77,17.77,0,0.00%,0
"2024-04-09 14:42",17.76,17.78,17.76,17.77,0,0.00%,0
"2024-04-09 14:43",17.76,17.76,17.75,17.75,-0.02,-0.11%,0
"2024-04-09 14:44",17.72,17.8,17.72,17.8,0.05,+0.28%,0
"2024-04-09 14:45",17.81,17.84,17.81,17.84,0.04,+0.22%,0
"2024-04-09 14:46",17.89,17.9,17.87,17.87,0.03,+0.17%,0
"2024-04-09 14:47",17.84,17.86,17.84,17.86,-0.01,-0.06%,0
"2024-04-09 14:48",17.8,17.84,17.78,17.84,-0.02,-0.11%,0
"2024-04-09 14:49",17.84,17.92,17.84,17.92,0.08,+0.45%,0
"2024-04-09 14:50",17.92,18.02,17.92,17.95,0.03,+0.17%,0
"2024-04-09 14:51",17.94,17.98,17.92,17.92,-0.03,-0.17%,0
"2024-04-09 14:52",17.93,17.93,17.86,17.86,-0.06,-0.33%,0
"2024-04-09 14:53",17.88,17.88,17.85,17.85,-0.01,-0.06%,0
"2024-04-09 14:54",17.84,17.9,17.84,17.9,0.05,+0.28%,0
"2024-04-09 14:55",17.91,17.92,17.91,17.92,0.02,+0.11%,0
"2024-04-09 14:56",17.89,17.92,17.89,17.89,-0.03,-0.17%,0
"2024-04-09 14:57",17.88,17.94,17.88,17.92,0.03,+0.17%,0
"2024-04-09 14:58",17.92,17.96,17.85,17.85,-0.07,-0.39%,0
"2024-04-09 14:59",17.8,17.92,17.8,17.92,0.07,+0.39%,0
"2024-04-09 15:00",17.9,18.03,17.9,18.03,0.11,+0.61%,0
"2024-04-09 15:01",18.07,18.12,18.07,18.12,0.09,+0.50%,0
"2024-04-09 15:02",18.11,18.18,18.11,18.16,0.04,+0.22%,0
"2024-04-09 15:03",18.21,18.21,18.14,18.14,-0.02,-0.11%,0
"2024-04-09 15:04",18.08,18.14,18.08,18.14,0,0.00%,0
"2024-04-09 15:05",18.15,18.18,18.15,18.18,0.04,+0.22%,0
"2024-04-09 15:06",18.17,18.19,18.15,18.19,0.01,+0.06%,0
"2024-04-09 15:07",18.22,18.31,18.22,18.29,0.1,+0.55%,0
"2024-04-09 15:08",18.28,18.36,18.28,18.36,0.07,+0.38%,0
"2024-04-09 15:09",18.36,18.47,18.36,18.47,0.11,+0.60%,0
"2024-04-09 15:10",18.46,18.61,18.46,18.55,0.08,+0.43%,0
"2024-04-09 15:11",18.57,18.64,18.57,18.64,0.09,+0.49%,0
"2024-04-09 15:12",18.62,18.62,18.55,18.56,-0.08,-0.43%,0
"2024-04-09 15:13",18.54,18.58,18.53,18.53,-0.03,-0.16%,0
"2024-04-09 15:14",18.51,18.57,18.51,18.55,0.02,+0.11%,0
"2024-04-09 15:15",18.6,18.62,18.59,18.59,0.04,+0.22%,0
"2024-04-09 15:16",18.54,18.54,18.45,18.45,-0.14,-0.75%,0
"2024-04-09 15:17",18.45,18.47,18.43,18.43,-0.02,-0.11%,0
"2024-04-09 15:18",18.41,18.41,18.36,18.4,-0.03,-0.16%,0
"2024-04-09 15:19",18.41,18.42,18.4,18.4,0,0.00%,0
"2024-04-09 15:20",18.36,18.37,18.35,18.37,-0.03,-0.16%,0
"2024-04-09 15:21",18.35,18.38,18.35,18.38,0.01,+0.05%,0
"2024-04-09 15:22",18.33,18.33,18.07,18.07,-0.31,-1.69%,0
"2024-04-09 15:23",18.06,18.06,18.01,18.02,-0.05,-0.28%,0
"2024-04-09 15:24",17.99,17.99,17.93,17.93,-0.09,-0.50%,0
"2024-04-09 15:25",17.95,17.99,17.95,17.97,0.04,+0.22%,0
"2024-04-09 15:26",17.96,17.96,17.84,17.84,-0.13,-0.72%,0
"2024-04-09 15:27",17.84,17.86,17.84,17.86,0.02,+0.11%,0
"2024-04-09 15:28",17.86,17.88,17.84,17.84,-0.02,-0.11%,0
"2024-04-09 15:29",17.89,17.89,17.86,17.86,0.02,+0.11%,0
"2024-04-09 15:30",17.84,17.86,17.82,17.83,-0.03,-0.17%,0
"2024-04-09 15:31",17.99,17.99,17.64,17.79,-0.04,-0.22%,0
"2024-04-09 15:32",17.9,17.9,17.87,17.89,0.1,+0.56%,0
"2024-04-09 15:33",17.87,18.08,17.87,18.08,0.19,+1.06%,0
"2024-04-09 15:34",17.94,18.18,17.94,18.18,0.1,+0.55%,0
"2024-04-09 15:35",18.16,18.2,18.16,18.17,-0.01,-0.06%,0
"2024-04-09 15:36",18.14,18.22,18.14,18.22,0.05,+0.28%,0
"2024-04-09 15:37",18.22,18.27,18.22,18.26,0.04,+0.22%,0
"2024-04-09 15:38",18.32,18.32,18.29,18.31,0.05,+0.27%,0
"2024-04-09 15:39",18.29,18.38,18.29,18.35,0.04,+0.22%,0
"2024-04-09 15:40",18.35,18.36,18.33,18.34,-0.01,-0.05%,0
"2024-04-09 15:41",18.34,18.41,18.34,18.4,0.06,+0.33%,0
"2024-04-09 15:42",18.51,18.51,18.38,18.38,-0.02,-0.11%,0
"2024-04-09 15:43",18.38,18.4,18.38,18.4,0.02,+0.11%,0
"2024-04-09 15:44",18.44,18.46,18.4,18.4,0,0.00%,0
"2024-04-09 15:45",18.39,18.44,18.39,18.44,0.04,+0.22%,0
"2024-04-09 15:46",18.47,18.53,18.47,18.49,0.05,+0.27%,0
"2024-04-09 15:47",18.48,18.53,18.48,18.51,0.02,+0.11%,0
"2024-04-09 15:48",18.52,18.52,18.47,18.49,-0.02,-0.11%,0
"2024-04-09 15:49",18.48,18.48,18.47,18.48,-0.01,-0.05%,0
"2024-04-09 15:50",18.41,18.5,18.41,18.5,0.02,+0.11%,0
"2024-04-09 15:51",18.47,18.53,18.47,18.53,0.03,+0.16%,0
"2024-04-09 15:52",18.53,18.53,18.45,18.46,-0.07,-0.38%,0
"2024-04-09 15:53",18.45,18.5,18.45,18.47,0.01,+0.05%,0
"2024-04-09 15:54",18.47,18.47,18.41,18.41,-0.06,-0.32%,0
"2024-04-09 15:55",18.38,18.38,18.31,18.31,-0.1,-0.54%,0
"2024-04-09 15:56",18.3,18.35,18.29,18.29,-0.02,-0.11%,0
"2024-04-09 15:57",18.26,18.51,18.26,18.29,0,0.00%,0
"2024-04-09 15:58",18.26,18.27,18.15,18.15,-0.14,-0.77%,0
"2024-04-09 15:59",18.12,18.2,17.98,17.98,-0.17,-0.94%,0
"2024-04-09 16:00",17.89,17.9,17.68,17.68,-0.3,-1.67%,0
"2024-04-09 16:01",17.68,17.72,17.65,17.72,0.04,+0.23%,0
"2024-04-09 16:02",17.84,18,17.84,17.98,0.26,+1.47%,0
"2024-04-09 16:03",17.97,17.97,17.88,17.91,-0.07,-0.39%,0
"2024-04-09 16:04",17.97,18.06,17.97,18.06,0.15,+0.84%,0
"2024-04-09 16:05",18.09,18.13,18.09,18.09,0.03,+0.17%,0
"2024-04-09 16:06",18.04,18.11,18.04,18.11,0.02,+0.11%,0
"2024-04-09 16:07",18.11,18.11,18.06,18.06,-0.05,-0.28%,0
"2024-04-09 16:08",18.05,18.09,18.05,18.09,0.03,+0.17%,0
"2024-04-09 16:09",18.09,18.16,18.09,18.16,0.07,+0.39%,0
"2024-04-09 16:10",18.15,18.19,18.15,18.18,0.02,+0.11%,0
"2024-04-09 16:11",18.16,18.16,18.01,18.01,-0.17,-0.94%,0
"2024-04-09 16:12",18.01,18.03,18.01,18.03,0.02,+0.11%,0
"2024-04-09 16:13",18.16,18.16,17.99,17.99,-0.04,-0.22%,0
"2024-04-09 16:14",17.97,18.04,17.97,18.04,0.05,+0.28%,0
"2024-04-09 16:15",18.03,18.03,18.03,18.03,-0.01,-0.06%,0
"2024-04-10 09:31",14.23,14.29,14.23,14.29,-3.74,-20.74%,0
"2024-04-10 09:32",14.34,14.34,14.24,14.24,-0.05,-0.35%,0
"2024-04-10 09:33",14.13,14.14,14.07,14.08,-0.16,-1.12%,0
"2024-04-10 09:34",14.05,14.1,14.02,14.02,-0.06,-0.43%,0
"2024-04-10 09:35",14.04,14.04,13.96,13.96,-0.06,-0.43%,0
"2024-04-10 09:36",13.93,13.97,13.77,13.77,-0.19,-1.36%,0
"2024-04-10 09:37",13.82,13.93,13.82,13.93,0.16,+1.16%,0
"2024-04-10 09:38",13.96,13.99,13.85,13.89,-0.04,-0.29%,0
"2024-04-10 09:39",13.87,14.05,13.87,14.02,0.13,+0.94%,0
"2024-04-10 09:40",13.96,14.15,13.96,14.15,0.13,+0.93%,0
"2024-04-10 09:41",14.15,14.16,14.1,14.15,0,0.00%,0
"2024-04-10 09:42",14.14,14.2,14.13,14.2,0.05,+0.35%,0
"2024-04-10 09:43",14.22,14.22,14,14,-0.2,-1.41%,0
"2024-04-10 09:44",14.02,14.02,13.86,13.86,-0.14,-1.00%,0
"2024-04-10 09:45",13.85,14,13.85,14,0.14,+1.01%,0
"2024-04-10 09:46",13.94,13.99,13.91,13.99,-0.01,-0.07%,0
"2024-04-10 09:47",14.08,14.22,14.08,14.14,0.15,+1.07%,0
"2024-04-10 09:48",14.08,14.21,14.08,14.21,0.07,+0.50%,0
"2024-04-10 09:49",14.19,14.22,14.04,14.22,0.01,+0.07%,0
"2024-04-10 09:50",14.21,14.21,13.97,13.97,-0.25,-1.76%,0
"2024-04-10 09:51",13.95,13.98,13.95,13.98,0.01,+0.07%,0
"2024-04-10 09:52",13.84,13.88,13.84,13.88,-0.1,-0.72%,0
"2024-04-10 09:53",13.9,13.91,13.9,13.91,0.03,+0.22%,0
"2024-04-10 09:54",13.83,13.83,13.77,13.78,-0.13,-0.93%,0
"2024-04-10 09:55",13.79,14,13.79,14,0.22,+1.60%,0
"2024-04-10 09:56",13.96,13.98,13.91,13.91,-0.09,-0.64%,0
"2024-04-10 09:57",13.81,13.93,13.81,13.9,-0.01,-0.07%,0
"2024-04-10 09:58",13.94,13.94,13.75,13.79,-0.11,-0.79%,0
"2024-04-10 09:59",13.76,13.85,13.76,13.8,0.01,+0.07%,0
"2024-04-10 10:00",13.79,13.83,13.79,13.8,0,0.00%,0
"2024-04-10 10:01",13.82,13.82,13.66,13.72,-0.08,-0.58%,0
"2024-04-10 10:02",13.75,13.83,13.75,13.79,0.07,+0.51%,0
"2024-04-10 10:03",13.81,13.83,13.79,13.82,0.03,+0.22%,0
"2024-04-10 10:04",13.76,13.8,13.75,13.75,-0.07,-0.51%,0
"2024-04-10 10:05",13.78,13.78,13.67,13.67,-0.08,-0.58%,0
"2024-04-10 10:06",13.68,13.78,13.68,13.78,0.11,+0.80%,0
"2024-04-10 10:07",13.76,13.76,13.65,13.67,-0.11,-0.80%,0
"2024-04-10 10:08",13.62,13.62,13.52,13.52,-0.15,-1.10%,0
"2024-04-10 10:09",13.53,13.56,13.47,13.47,-0.05,-0.37%,0
"2024-04-10 10:10",13.47,13.56,13.47,13.55,0.08,+0.59%,0
"2024-04-10 10:11",13.51,13.55,13.51,13.51,-0.04,-0.30%,0
"2024-04-10 10:12",13.48,13.49,13.46,13.47,-0.04,-0.30%,0
"2024-04-10 10:13",13.49,13.55,13.49,13.54,0.07,+0.52%,0
"2024-04-10 10:14",13.46,13.5,13.42,13.42,-0.12,-0.89%,0
"2024-04-10 10:15",13.42,13.46,13.42,13.46,0.04,+0.30%,0
"2024-04-10 10:16",13.47,13.47,13.28,13.28,-0.18,-1.34%,0
"2024-04-10 10:17",13.3,13.34,13.28,13.34,0.06,+0.45%,0
"2024-04-10 10:18",13.27,13.27,13.2,13.2,-0.14,-1.05%,0
"2024-04-10 10:19",13.18,13.19,13.06,13.06,-0.14,-1.06%,0
"2024-04-10 10:20",13.07,13.16,13.07,13.11,0.05,+0.38%,0
"2024-04-10 10:21",13.06,13.12,13.06,13.12,0.01,+0.08%,0
"2024-04-10 10:22",13.08,13.08,13.04,13.05,-0.07,-0.53%,0
"2024-04-10 10:23",13.06,13.11,13.02,13.11,0.06,+0.46%,0
"2024-04-10 10:24",13.1,13.1,13.01,13.08,-0.03,-0.23%,0
"2024-04-10 10:25",13.07,13.07,12.97,12.97,-0.11,-0.84%,0
"2024-04-10 10:26",12.97,13.08,12.97,13.06,0.09,+0.69%,0
"2024-04-10 10:27",13.08,13.11,13.08,13.1,0.04,+0.31%,0
"2024-04-10 10:28",13.09,13.09,13.06,13.07,-0.03,-0.23%,0
"2024-04-10 10:29",13.11,13.11,13.07,13.07,0,0.00%,0
"2024-04-10 10:30",13.11,13.13,13.07,13.07,0,0.00%,0
"2024-04-10 10:31",13.06,13.11,13.05,13.11,0.04,+0.31%,0
"2024-04-10 10:32",13.12,13.13,12.92,12.92,-0.19,-1.45%,0
"2024-04-10 10:33",12.92,13.02,12.87,12.88,-0.04,-0.31%,0
"2024-04-10 10:34",12.82,13,12.82,12.98,0.1,+0.78%,0
"2024-04-10 10:35",13.03,13.03,12.99,13.02,0.04,+0.31%,0
"2024-04-10 10:36",13.03,13.05,13.03,13.05,0.03,+0.23%,0
"2024-04-10 10:37",12.96,13.05,12.96,13.05,0,0.00%,0
"2024-04-10 10:38",12.97,13.03,12.9,13.03,-0.02,-0.15%,0
"2024-04-10 10:39",12.98,13.05,12.97,13.05,0.02,+0.15%,0
"2024-04-10 10:40",13.03,13.07,12.87,12.87,-0.18,-1.38%,0
"2024-04-10 10:41",12.94,13.11,12.94,13.07,0.2,+1.55%,0
"2024-04-10 10:42",13.08,13.11,13.04,13.06,-0.01,-0.08%,0
"2024-04-10 10:43",13.06,13.11,13.06,13.07,0.01,+0.08%,0
"2024-04-10 10:44",13.1,13.12,13.07,13.08,0.01,+0.08%,0
"2024-04-10 10:45",13.13,13.13,13.1,13.1,0.02,+0.15%,0
"2024-04-10 10:46",13.11,13.18,13.11,13.18,0.08,+0.61%,0
"2024-04-10 10:47",13.2,13.2,13.14,13.15,-0.03,-0.23%,0
"2024-04-10 10:48",13.14,13.18,13.14,13.17,0.02,+0.15%,0
"2024-04-10 10:49",13.16,13.2,13.11,13.11,-0.06,-0.46%,0
"2024-04-10 10:50",13.15,13.16,13.12,13.14,0.03,+0.23%,0
"2024-04-10 10:51",13.18,13.35,13.18,13.35,0.21,+1.60%,0
"2024-04-10 10:52",13.33,13.33,13.31,13.31,-0.04,-0.30%,0
"2024-04-10 10:53",13.28,13.34,13.28,13.34,0.03,+0.23%,0
"2024-04-10 10:54",13.36,13.43,13.36,13.43,0.09,+0.67%,0
"2024-04-10 10:55",13.43,13.59,13.41,13.59,0.16,+1.19%,0
"2024-04-10 10:56",13.53,13.54,13.5,13.5,-0.09,-0.66%,0
"2024-04-10 10:57",13.52,13.58,13.52,13.58,0.08,+0.59%,0
"2024-04-10 10:58",13.6,13.63,13.46,13.46,-0.12,-0.88%,0
"2024-04-10 10:59",13.49,13.51,13.42,13.42,-0.04,-0.30%,0
"2024-04-10 11:00",13.4,13.45,13.4,13.45,0.03,+0.22%,0
"2024-04-10 11:01",13.48,13.57,13.48,13.57,0.12,+0.89%,0
"2024-04-10 11:02",13.58,13.59,13.53,13.53,-0.04,-0.29%,0
"2024-04-10 11:03",13.47,13.53,13.47,13.53,0,0.00%,0
"2024-04-10 11:04",13.55,13.58,13.55,13.57,0.04,+0.30%,0
"2024-04-10 11:05",13.59,13.59,13.52,13.52,-0.05,-0.37%,0
"2024-04-10 11:06",13.54,13.6,13.54,13.6,0.08,+0.59%,0
"2024-04-10 11:07",13.57,13.57,13.41,13.41,-0.19,-1.40%,0
"2024-04-10 11:08",13.37,13.46,13.37,13.46,0.05,+0.37%,0
"2024-04-10 11:09",13.49,13.55,13.45,13.45,-0.01,-0.07%,0
"2024-04-10 11:10",13.44,13.51,13.44,13.51,0.06,+0.45%,0
"2024-04-10 11:11",13.51,13.51,13.48,13.51,0,0.00%,0
"2024-04-10 11:12",13.5,13.54,13.5,13.54,0.03,+0.22%,0
"2024-04-10 11:13",13.57,13.62,13.55,13.55,0.01,+0.07%,0
"2024-04-10 11:14",13.48,13.5,13.48,13.49,-0.06,-0.44%,0
"2024-04-10 11:15",13.47,13.53,13.47,13.53,0.04,+0.30%,0
"2024-04-10 11:16",13.53,13.53,13.48,13.48,-0.05,-0.37%,0
"2024-04-10 11:17",13.46,13.56,13.46,13.56,0.08,+0.59%,0
"2024-04-10 11:18",13.59,13.59,13.52,13.52,-0.04,-0.29%,0
"2024-04-10 11:19",13.51,13.57,13.51,13.54,0.02,+0.15%,0
"2024-04-10 11:20",13.55,13.55,13.46,13.5,-0.04,-0.30%,0
"2024-04-10 11:21",13.47,13.47,13.41,13.41,-0.09,-0.67%,0
"2024-04-10 11:22",13.45,13.5,13.45,13.5,0.09,+0.67%,0
"2024-04-10 11:23",13.49,13.52,13.49,13.49,-0.01,-0.07%,0
"2024-04-10 11:24",13.47,13.52,13.47,13.52,0.03,+0.22%,0
"2024-04-10 11:25",13.52,13.55,13.52,13.52,0,0.00%,0
"2024-04-10 11:26",13.52,13.53,13.47,13.47,-0.05,-0.37%,0
"2024-04-10 11:27",13.45,13.45,13.33,13.33,-0.14,-1.04%,0
"2024-04-10 11:28",13.37,13.38,13.34,13.34,0.01,+0.08%,0
"2024-04-10 11:29",13.32,13.34,13.27,13.27,-0.07,-0.52%,0
"2024-04-10 11:30",13.25,13.32,13.25,13.32,0.05,+0.38%,0
"2024-04-10 11:31",13.34,13.48,13.34,13.48,0.16,+1.20%,0
"2024-04-10 11:32",13.49,13.56,13.49,13.56,0.08,+0.59%,0
"2024-04-10 11:33",13.57,13.64,13.57,13.62,0.06,+0.44%,0
"2024-04-10 11:34",13.56,13.56,13.5,13.5,-0.12,-0.88%,0
"2024-04-10 11:35",13.45,13.52,13.45,13.52,0.02,+0.15%,0
"2024-04-10 11:36",13.46,13.57,13.46,13.57,0.05,+0.37%,0
"2024-04-10 11:37",13.6,13.65,13.59,13.65,0.08,+0.59%,0
"2024-04-10 11:38",13.64,13.68,13.64,13.66,0.01,+0.07%,0
"2024-04-10 11:39",13.69,13.84,13.69,13.84,0.18,+1.32%,0
"2024-04-10 11:40",13.82,13.85,13.82,13.85,0.01,+0.07%,0
"2024-04-10 11:41",13.83,13.88,13.83,13.87,0.02,+0.14%,0
"2024-04-10 11:42",13.86,13.91,13.86,13.9,0.03,+0.22%,0
"2024-04-10 11:43",13.92,13.99,13.92,13.98,0.08,+0.58%,0
"2024-04-10 11:44",14,14.11,14,14.11,0.13,+0.93%,0
"2024-04-10 11:45",14.11,14.14,14.06,14.06,-0.05,-0.35%,0
"2024-04-10 11:46",13.96,14.02,13.96,13.98,-0.08,-0.57%,0
"2024-04-10 11:47",13.96,14,13.94,13.94,-0.04,-0.29%,0
"2024-04-10 11:48",13.96,13.96,13.88,13.88,-0.06,-0.43%,0
"2024-04-10 11:49",13.89,13.98,13.89,13.98,0.1,+0.72%,0
"2024-04-10 11:50",13.99,14.02,13.99,14.02,0.04,+0.29%,0
"2024-04-10 11:51",14.01,14.03,14.01,14.02,0,0.00%,0
"2024-04-10 11:52",14.02,14.02,13.93,13.93,-0.09,-0.64%,0
"2024-04-10 11:53",13.94,13.97,13.9,13.9,-0.03,-0.22%,0
"2024-04-10 11:54",13.9,13.94,13.9,13.93,0.03,+0.22%,0
"2024-04-10 11:55",13.92,14.02,13.92,14.02,0.09,+0.65%,0
"2024-04-10 11:56",14.02,14.05,14.02,14.05,0.03,+0.21%,0
"2024-04-10 11:57",14.03,14.06,14.03,14.05,0,0.00%,0
"2024-04-10 11:58",14,14.04,14,14.04,-0.01,-0.07%,0
"2024-04-10 11:59",14.03,14.04,14.01,14.01,-0.03,-0.21%,0
"2024-04-10 12:00",14.01,14.06,14.01,14.06,0.05,+0.36%,0
"2024-04-10 12:01",14.06,14.06,14.05,14.06,0,0.00%,0
"2024-04-10 12:02",14.08,14.09,14.08,14.08,0.02,+0.14%,0
"2024-04-10 12:03",14.06,14.06,13.98,13.98,-0.1,-0.71%,0
"2024-04-10 12:04",13.91,13.91,13.86,13.86,-0.12,-0.86%,0
"2024-04-10 12:05",13.85,13.85,13.79,13.81,-0.05,-0.36%,0
"2024-04-10 12:06",13.81,13.98,13.81,13.98,0.17,+1.23%,0
"2024-04-10 12:07",14.04,14.04,13.95,13.95,-0.03,-0.21%,0
"2024-04-10 12:08",13.97,14,13.97,14,0.05,+0.36%,0
"2024-04-10 12:09",14.01,14.04,14.01,14.04,0.04,+0.29%,0
"2024-04-10 12:10",14.04,14.08,14.04,14.08,0.04,+0.28%,0
"2024-04-10 12:11",14.06,14.08,14.06,14.06,-0.02,-0.14%,0
"2024-04-10 12:12",14.02,14.14,14.02,14.14,0.08,+0.57%,0
"2024-04-10 12:13",14.19,14.25,14.19,14.24,0.1,+0.71%,0
"2024-04-10 12:14",14.24,14.26,14.24,14.25,0.01,+0.07%,0
"2024-04-10 12:15",14.27,14.27,14.22,14.22,-0.03,-0.21%,0
"2024-04-10 12:16",14.22,14.22,14.19,14.19,-0.03,-0.21%,0
"2024-04-10 12:17",14.17,14.24,14.17,14.2,0.01,+0.07%,0
"2024-04-10 12:18",14.2,14.2,14.17,14.17,-0.03,-0.21%,0
"2024-04-10 12:19",14.16,14.21,14.16,14.21,0.04,+0.28%,0
"2024-04-10 12:20",14.23,14.29,14.23,14.29,0.08,+0.56%,0
"2024-04-10 12:21",14.31,14.33,14.3,14.33,0.04,+0.28%,0
"2024-04-10 12:22",14.34,14.36,14.34,14.35,0.02,+0.14%,0
"2024-04-10 12:23",14.35,14.38,14.35,14.38,0.03,+0.21%,0
"2024-04-10 12:24",14.36,14.37,14.35,14.35,-0.03,-0.21%,0
"2024-04-10 12:25",14.34,14.34,14.29,14.29,-0.06,-0.42%,0
"2024-04-10 12:26",14.25,14.27,14.23,14.23,-0.06,-0.42%,0
"2024-04-10 12:27",14.22,14.24,14.19,14.19,-0.04,-0.28%,0
"2024-04-10 12:28",14.19,14.19,14.17,14.19,0,0.00%,0
"2024-04-10 12:29",14.21,14.27,14.21,14.24,0.05,+0.35%,0
"2024-04-10 12:30",14.23,14.26,14.22,14.26,0.02,+0.14%,0
"2024-04-10 12:31",14.27,14.28,14.26,14.27,0.01,+0.07%,0
"2024-04-10 12:32",14.29,14.3,14.28,14.3,0.03,+0.21%,0
"2024-04-10 12:33",14.3,14.35,14.3,14.35,0.05,+0.35%,0
"2024-04-10 12:34",14.32,14.34,14.32,14.34,-0.01,-0.07%,0
"2024-04-10 12:35",14.33,14.33,14.27,14.27,-0.07,-0.49%,0
"2024-04-10 12:36",14.26,14.29,14.26,14.27,0,0.00%,0
"2024-04-10 12:37",14.26,14.26,14.22,14.22,-0.05,-0.35%,0
"2024-04-10 12:38",14.23,14.25,14.23,14.25,0.03,+0.21%,0
"2024-04-10 12:39",14.23,14.26,14.23,14.26,0.01,+0.07%,0
"2024-04-10 12:40",14.27,14.3,14.27,14.28,0.02,+0.14%,0
"2024-04-10 12:41",14.27,14.33,14.27,14.33,0.05,+0.35%,0
"2024-04-10 12:42",14.32,14.33,14.27,14.27,-0.06,-0.42%,0
"2024-04-10 12:43",14.26,14.29,14.26,14.29,0.02,+0.14%,0
"2024-04-10 12:44",14.3,14.37,14.3,14.37,0.08,+0.56%,0
"2024-04-10 12:45",14.4,14.4,14.37,14.37,0,0.00%,0
"2024-04-10 12:46",14.37,14.39,14.37,14.39,0.02,+0.14%,0
"2024-04-10 12:47",14.39,14.41,14.38,14.39,0,0.00%,0
"2024-04-10 12:48",14.38,14.43,14.38,14.38,-0.01,-0.07%,0
"2024-04-10 12:49",14.39,14.39,14.36,14.36,-0.02,-0.14%,0
"2024-04-10 12:50",14.35,14.39,14.35,14.39,0.03,+0.21%,0
"2024-04-10 12:51",14.38,14.41,14.38,14.41,0.02,+0.14%,0
"2024-04-10 12:52",14.39,14.44,14.39,14.44,0.03,+0.21%,0
"2024-04-10 12:53",14.44,14.54,14.44,14.5,0.06,+0.42%,0
"2024-04-10 12:54",14.44,14.45,14.43,14.45,-0.05,-0.34%,0
"2024-04-10 12:55",14.45,14.48,14.44,14.44,-0.01,-0.07%,0
"2024-04-10 12:56",14.41,14.43,14.41,14.42,-0.02,-0.14%,0
"2024-04-10 12:57",14.43,14.48,14.43,14.48,0.06,+0.42%,0
"2024-04-10 12:58",14.48,14.52,14.48,14.52,0.04,+0.28%,0
"2024-04-10 12:59",14.5,14.51,14.48,14.48,-0.04,-0.28%,0
"2024-04-10 13:00",14.5,14.53,14.5,14.53,0.05,+0.35%,0
"2024-04-10 13:01",14.5,14.98,14.45,14.98,0.45,+3.10%,0
"2024-04-10 13:02",14.69,14.72,14.59,14.67,-0.31,-2.07%,0
"2024-04-10 13:03",14.71,14.88,14.71,14.81,0.14,+0.95%,0
"2024-04-10 13:04",14.87,15.23,14.87,15.23,0.42,+2.84%,0
"2024-04-10 13:05",15.13,15.46,15.13,15.46,0.23,+1.51%,0
"2024-04-10 13:06",15.54,15.58,15.52,15.58,0.12,+0.78%,0
"2024-04-10 13:07",15.68,15.72,15.68,15.72,0.14,+0.90%,0
"2024-04-10 13:08",15.72,15.86,15.72,15.86,0.14,+0.89%,0
"2024-04-10 13:09",15.92,15.92,15.75,15.8,-0.06,-0.38%,0
"2024-04-10 13:10",15.74,15.81,15.74,15.81,0.01,+0.06%,0
"2024-04-10 13:11",15.8,15.83,15.8,15.83,0.02,+0.13%,0
"2024-04-10 13:12",15.81,15.85,15.81,15.85,0.02,+0.13%,0
"2024-04-10 13:13",15.85,15.85,15.6,15.6,-0.25,-1.58%,0
"2024-04-10 13:14",15.5,15.5,15.35,15.35,-0.25,-1.60%,0
"2024-04-10 13:15",15.31,15.41,15.31,15.41,0.06,+0.39%,0
"2024-04-10 13:16",15.44,15.46,15.44,15.45,0.04,+0.26%,0
"2024-04-10 13:17",15.45,15.45,15.31,15.31,-0.14,-0.91%,0
"2024-04-10 13:18",15.22,15.29,15.22,15.29,-0.02,-0.13%,0
"2024-04-10 13:19",15.28,15.28,15.09,15.09,-0.2,-1.31%,0
"2024-04-10 13:20",15.03,15.13,15.03,15.12,0.03,+0.20%,0
"2024-04-10 13:21",15.02,15.02,14.96,15,-0.12,-0.79%,0
"2024-04-10 13:22",14.94,14.97,14.91,14.96,-0.04,-0.27%,0
"2024-04-10 13:23",14.88,14.96,14.83,14.83,-0.13,-0.87%,0
"2024-04-10 13:24",14.97,14.97,14.88,14.88,0.05,+0.34%,0
"2024-04-10 13:25",14.86,14.95,14.85,14.85,-0.03,-0.20%,0
"2024-04-10 13:26",14.72,14.86,14.72,14.86,0.01,+0.07%,0
"2024-04-10 13:27",14.82,14.91,14.77,14.91,0.05,+0.34%,0
"2024-04-10 13:28",14.92,14.94,14.91,14.94,0.03,+0.20%,0
"2024-04-10 13:29",14.99,15.21,14.99,15.21,0.27,+1.81%,0
"2024-04-10 13:30",15.3,15.3,15.19,15.19,-0.02,-0.13%,0
"2024-04-10 13:31",15.21,15.62,15.21,15.5,0.31,+2.04%,0
"2024-04-10 13:32",15.67,16.24,15.67,16.24,0.74,+4.77%,0
"2024-04-10 13:33",16.41,17,16.41,17,0.76,+4.68%,0
"2024-04-10 13:34",17.06,17.25,17.03,17.03,0.03,+0.18%,0
"2024-04-10 13:35",16.96,17.35,16.96,17.35,0.32,+1.88%,0
"2024-04-10 13:36",17.27,17.3,17.27,17.3,-0.05,-0.29%,0
"2024-04-10 13:37",17.46,17.46,17.36,17.39,0.09,+0.52%,0
"2024-04-10 13:38",17.53,17.53,17.36,17.36,-0.03,-0.17%,0
"2024-04-10 13:39",17.37,17.56,17.37,17.56,0.2,+1.15%,0
"2024-04-10 13:40",17.56,17.6,17.48,17.54,-0.02,-0.11%,0
"2024-04-10 13:41",17.68,17.68,17.54,17.54,0,0.00%,0
"2024-04-10 13:42",17.33,17.42,17.19,17.19,-0.35,-2.00%,0
"2024-04-10 13:43",17.21,17.21,17.06,17.06,-0.13,-0.76%,0
"2024-04-10 13:44",17.15,17.34,17.15,17.34,0.28,+1.64%,0
"2024-04-10 13:45",17.31,17.4,17.31,17.4,0.06,+0.35%,0
"2024-04-10 13:46",17.38,17.48,17.38,17.48,0.08,+0.46%,0
"2024-04-10 13:47",17.48,17.48,17.43,17.45,-0.03,-0.17%,0
"2024-04-10 13:48",17.41,17.42,17.4,17.4,-0.05,-0.29%,0
"2024-04-10 13:49",17.43,17.47,17.31,17.31,-0.09,-0.52%,0
"2024-04-10 13:50",17.18,17.23,17.16,17.23,-0.08,-0.46%,0
"2024-04-10 13:51",17.33,17.42,17.28,17.28,0.05,+0.29%,0
"2024-04-10 13:52",17.3,17.3,17.16,17.16,-0.12,-0.69%,0
"2024-04-10 13:53",17.19,17.22,17.19,17.2,0.04,+0.23%,0
"2024-04-10 13:54",17.23,17.27,17.1,17.1,-0.1,-0.58%,0
"2024-04-10 13:55",17.07,17.11,17.06,17.09,-0.01,-0.06%,0
"2024-04-10 13:56",17.04,17.11,16.98,16.98,-0.11,-0.64%,0
"2024-04-10 13:57",16.7,16.7,16.48,16.59,-0.39,-2.30%,0
"2024-04-10 13:58",16.63,16.96,16.63,16.96,0.37,+2.23%,0
"2024-04-10 13:59",17.11,17.18,17.04,17.18,0.22,+1.30%,0
"2024-04-10 14:00",17.14,17.27,17.04,17.27,0.09,+0.52%,0
"2024-04-10 14:01",17.17,17.27,17.08,17.12,-0.15,-0.87%,0
"2024-04-10 14:02",16.95,17.06,16.95,17.06,-0.06,-0.35%,0
"2024-04-10 14:03",17.01,17.07,17.01,17.04,-0.02,-0.12%,0
"2024-04-10 14:04",17.01,17.01,16.79,16.79,-0.25,-1.47%,0
"2024-04-10 14:05",16.78,16.93,16.78,16.88,0.09,+0.54%,0
"2024-04-10 14:06",16.76,17,16.76,17,0.12,+0.71%,0
"2024-04-10 14:07",16.99,17,16.91,17,0,0.00%,0
"2024-04-10 14:08",17.01,17.01,16.74,16.76,-0.24,-1.41%,0
"2024-04-10 14:09",16.69,16.78,16.69,16.78,0.02,+0.12%,0
"2024-04-10 14:10",16.77,16.82,16.75,16.8,0.02,+0.12%,0
"2024-04-10 14:11",16.75,16.76,16.74,16.75,-0.05,-0.30%,0
"2024-04-10 14:12",16.74,16.74,16.6,16.64,-0.11,-0.66%,0
"2024-04-10 14:13",16.53,16.59,16.48,16.59,-0.05,-0.30%,0
"2024-04-10 14:14",16.54,16.63,16.42,16.42,-0.17,-1.02%,0
"2024-04-10 14:15",16.35,16.35,16.28,16.3,-0.12,-0.73%,0
"2024-04-10 14:16",16.29,16.34,16.29,16.34,0.04,+0.25%,0
"2024-04-10 14:17",16.37,16.37,16.32,16.37,0.03,+0.18%,0
"2024-04-10 14:18",16.47,16.57,16.44,16.57,0.2,+1.22%,0
"2024-04-10 14:19",16.57,16.67,16.57,16.65,0.08,+0.48%,0
"2024-04-10 14:20",16.52,16.52,16.32,16.32,-0.33,-1.98%,0
"2024-04-10 14:21",16.3,16.41,16.27,16.36,0.04,+0.25%,0
"2024-04-10 14:22",16.35,16.49,16.35,16.49,0.13,+0.79%,0
"2024-04-10 14:23",16.57,16.8,16.57,16.8,0.31,+1.88%,0
"2024-04-10 14:24",16.71,16.82,16.71,16.82,0.02,+0.12%,0
"2024-04-10 14:25",16.85,16.85,16.76,16.76,-0.06,-0.36%,0
"2024-04-10 14:26",16.8,16.8,16.75,16.77,0.01,+0.06%,0
"2024-04-10 14:27",16.77,16.77,16.6,16.6,-0.17,-1.01%,0
"2024-04-10 14:28",16.67,16.77,16.67,16.77,0.17,+1.02%,0
"2024-04-10 14:29",16.76,16.87,16.75,16.87,0.1,+0.60%,0
"2024-04-10 14:30",16.88,16.9,16.85,16.85,-0.02,-0.12%,0
"2024-04-10 14:31",16.8,16.86,16.8,16.86,0.01,+0.06%,0
"2024-04-10 14:32",16.76,16.84,16.76,16.78,-0.08,-0.47%,0
"2024-04-10 14:33",16.85,17.1,16.85,17.1,0.32,+1.91%,0
"2024-04-10 14:34",17.09,17.1,16.96,16.96,-0.14,-0.82%,0
"2024-04-10 14:35",16.96,17.04,16.96,17.04,0.08,+0.47%,0
"2024-04-10 14:36",16.99,17.03,16.91,16.93,-0.11,-0.65%,0
"2024-04-10 14:37",16.92,16.98,16.92,16.94,0.01,+0.06%,0
"2024-04-10 14:38",16.95,16.97,16.81,16.81,-0.13,-0.77%,0
"2024-04-10 14:39",16.8,16.84,16.74,16.74,-0.07,-0.42%,0
"2024-04-10 14:40",16.73,16.79,16.73,16.79,0.05,+0.30%,0
"2024-04-10 14:41",16.78,16.88,16.78,16.88,0.09,+0.54%,0
"2024-04-10 14:42",16.84,16.87,16.73,16.73,-0.15,-0.89%,0
"2024-04-10 14:43",16.73,16.79,16.73,16.79,0.06,+0.36%,0
"2024-04-10 14:44",16.79,16.83,16.75,16.75,-0.04,-0.24%,0
"2024-04-10 14:45",16.78,16.81,16.73,16.81,0.06,+0.36%,0
"2024-04-10 14:46",16.82,16.84,16.76,16.76,-0.05,-0.30%,0
"2024-04-10 14:47",16.74,16.85,16.74,16.85,0.09,+0.54%,0
"2024-04-10 14:48",16.85,16.96,16.85,16.91,0.06,+0.36%,0
"2024-04-10 14:49",16.83,16.89,16.83,16.89,-0.02,-0.12%,0
"2024-04-10 14:50",16.84,16.89,16.82,16.82,-0.07,-0.41%,0
"2024-04-10 14:51",16.8,16.86,16.8,16.86,0.04,+0.24%,0
"2024-04-10 14:52",16.85,17.08,16.85,17.08,0.22,+1.30%,0
"2024-04-10 14:53",17.13,17.2,17.13,17.2,0.12,+0.70%,0
"2024-04-10 14:54",17.17,17.17,17.06,17.06,-0.14,-0.81%,0
"2024-04-10 14:55",17.08,17.33,17.08,17.33,0.27,+1.58%,0
"2024-04-10 14:56",17.38,17.44,17.38,17.44,0.11,+0.63%,0
"2024-04-10 14:57",17.64,17.71,17.62,17.62,0.18,+1.03%,0
"2024-04-10 14:58",17.63,17.72,17.63,17.67,0.05,+0.28%,0
"2024-04-10 14:59",17.65,17.75,17.65,17.66,-0.01,-0.06%,0
"2024-04-10 15:00",17.61,17.61,17.52,17.55,-0.11,-0.62%,0
"2024-04-10 15:01",17.39,17.39,17.23,17.35,-0.2,-1.14%,0
"2024-04-10 15:02",17.49,17.6,17.49,17.59,0.24,+1.38%,0
"2024-04-10 15:03",17.55,17.55,17.44,17.47,-0.12,-0.68%,0
"2024-04-10 15:04",17.48,17.53,17.48,17.5,0.03,+0.17%,0
"2024-04-10 15:05",17.51,17.51,17.48,17.49,-0.01,-0.06%,0
"2024-04-10 15:06",17.53,17.55,17.53,17.55,0.06,+0.34%,0
"2024-04-10 15:07",17.5,17.5,17.4,17.4,-0.15,-0.85%,0
"2024-04-10 15:08",17.3,17.36,17.3,17.36,-0.04,-0.23%,0
"2024-04-10 15:09",17.38,17.39,17.32,17.32,-0.04,-0.23%,0
"2024-04-10 15:10",17.27,17.27,17.19,17.26,-0.06,-0.35%,0
"2024-04-10 15:11",17.25,17.25,17.19,17.21,-0.05,-0.29%,0
"2024-04-10 15:12",17.24,17.26,17.23,17.25,0.04,+0.23%,0
"2024-04-10 15:13",17.23,17.23,17.09,17.09,-0.16,-0.93%,0
"2024-04-10 15:14",16.9,16.97,16.9,16.94,-0.15,-0.88%,0
"2024-04-10 15:15",16.88,16.88,16.6,16.6,-0.34,-2.01%,0
"2024-04-10 15:16",16.63,16.67,16.6,16.67,0.07,+0.42%,0
"2024-04-10 15:17",16.67,16.8,16.67,16.8,0.13,+0.78%,0
"2024-04-10 15:18",16.74,16.76,16.73,16.74,-0.06,-0.36%,0
"2024-04-10 15:19",16.7,16.7,16.6,16.6,-0.14,-0.84%,0
"2024-04-10 15:20",16.63,16.65,16.58,16.6,0,0.00%,0
"2024-04-10 15:21",16.58,16.65,16.57,16.63,0.03,+0.18%,0
"2024-04-10 15:22",16.59,16.65,16.59,16.65,0.02,+0.12%,0
"2024-04-10 15:23",16.64,16.67,16.64,16.67,0.02,+0.12%,0
"2024-04-10 15:24",16.65,16.65,16.6,16.6,-0.07,-0.42%,0
"2024-04-10 15:25",16.51,16.58,16.51,16.58,-0.02,-0.12%,0
"2024-04-10 15:26",16.52,16.56,16.52,16.56,-0.02,-0.12%,0
"2024-04-10 15:27",16.6,16.66,16.6,16.64,0.08,+0.48%,0
"2024-04-10 15:28",16.65,16.65,16.62,16.62,-0.02,-0.12%,0
"2024-04-10 15:29",16.64,16.72,16.64,16.71,0.09,+0.54%,0
"2024-04-10 15:30",16.68,16.77,16.68,16.77,0.06,+0.36%,0
"2024-04-10 15:31",16.86,16.87,16.85,16.85,0.08,+0.48%,0
"2024-04-10 15:32",16.84,16.92,16.84,16.92,0.07,+0.42%,0
"2024-04-10 15:33",16.94,16.94,16.9,16.9,-0.02,-0.12%,0
"2024-04-10 15:34",16.95,16.95,16.88,16.88,-0.02,-0.12%,0
"2024-04-10 15:35",16.85,16.85,16.8,16.85,-0.03,-0.18%,0
"2024-04-10 15:36",16.8,16.87,16.79,16.87,0.02,+0.12%,0
"2024-04-10 15:37",16.88,16.88,16.8,16.8,-0.07,-0.41%,0
"2024-04-10 15:38",16.82,16.84,16.81,16.84,0.04,+0.24%,0
"2024-04-10 15:39",16.81,16.87,16.81,16.86,0.02,+0.12%,0
"2024-04-10 15:40",16.9,16.9,16.77,16.77,-0.09,-0.53%,0
"2024-04-10 15:41",16.74,16.74,16.69,16.7,-0.07,-0.42%,0
"2024-04-10 15:42",16.65,16.66,16.63,16.63,-0.07,-0.42%,0
"2024-04-10 15:43",16.62,16.64,16.53,16.53,-0.1,-0.60%,0
"2024-04-10 15:44",16.52,16.57,16.52,16.52,-0.01,-0.06%,0
"2024-04-10 15:45",16.54,16.6,16.5,16.5,-0.02,-0.12%,0
"2024-04-10 15:46",16.53,16.55,16.48,16.49,-0.01,-0.06%,0
"2024-04-10 15:47",16.42,16.42,16.36,16.37,-0.12,-0.73%,0
"2024-04-10 15:48",16.4,16.47,16.4,16.47,0.1,+0.61%,0
"2024-04-10 15:49",16.42,16.43,16.41,16.41,-0.06,-0.36%,0
"2024-04-10 15:50",16.42,16.52,16.42,16.52,0.11,+0.67%,0
"2024-04-10 15:51",16.47,16.48,16.43,16.43,-0.09,-0.54%,0
"2024-04-10 15:52",16.53,16.6,16.53,16.6,0.17,+1.03%,0
"2024-04-10 15:53",16.55,16.64,16.55,16.59,-0.01,-0.06%,0
"2024-04-10 15:54",16.63,16.68,16.61,16.68,0.09,+0.54%,0
"2024-04-10 15:55",16.64,16.65,16.61,16.61,-0.07,-0.42%,0
"2024-04-10 15:56",16.67,16.67,16.6,16.6,-0.01,-0.06%,0
"2024-04-10 15:57",16.58,16.58,16.51,16.51,-0.09,-0.54%,0
"2024-04-10 15:58",16.48,16.48,16.42,16.42,-0.09,-0.55%,0
"2024-04-10 15:59",16.36,16.45,16.36,16.45,0.03,+0.18%,0
"2024-04-10 16:00",16.5,16.5,16.43,16.47,0.02,+0.12%,0
"2024-04-10 16:01",16.38,16.44,16.38,16.43,-0.04,-0.24%,0
"2024-04-10 16:02",16.41,16.49,16.41,16.49,0.06,+0.37%,0
"2024-04-10 16:03",16.53,16.65,16.53,16.57,0.08,+0.49%,0
"2024-04-10 16:04",16.63,16.69,16.63,16.68,0.11,+0.66%,0
"2024-04-10 16:05",16.67,16.72,16.67,16.71,0.03,+0.18%,0
"2024-04-10 16:06",16.71,16.8,16.71,16.8,0.09,+0.54%,0
"2024-04-10 16:07",16.79,16.9,16.79,16.9,0.1,+0.60%,0
"2024-04-10 16:08",16.88,16.9,16.88,16.88,-0.02,-0.12%,0
"2024-04-10 16:09",16.92,16.95,16.92,16.94,0.06,+0.36%,0
"2024-04-10 16:10",16.95,16.95,16.92,16.95,0.01,+0.06%,0
"2024-04-10 16:11",16.95,16.98,16.95,16.96,0.01,+0.06%,0
"2024-04-10 16:12",16.98,17.01,16.98,17,0.04,+0.24%,0
"2024-04-10 16:13",16.99,17.03,16.99,17.03,0.03,+0.18%,0
"2024-04-10 16:14",17.03,17.09,17.03,17.09,0.06,+0.35%,0
"2024-04-10 16:15",17.1,17.1,17.1,17.1,0.01,+0.06%,0
"2024-04-11 09:31",12.3,12.3,12.21,12.27,-4.83,-28.25%,0
"2024-04-11 09:32",12.24,12.27,12.21,12.21,-0.06,-0.49%,0
"2024-04-11 09:33",12.18,12.18,12.08,12.08,-0.13,-1.06%,0
"2024-04-11 09:34",12.07,12.07,11.97,11.97,-0.11,-0.91%,0
"2024-04-11 09:35",11.95,12.07,11.95,12.04,0.07,+0.58%,0
"2024-04-11 09:36",12.03,12.33,12.03,12.33,0.29,+2.41%,0
"2024-04-11 09:37",12.36,12.38,12.36,12.38,0.05,+0.41%,0
"2024-04-11 09:38",12.44,12.51,12.38,12.38,0,0.00%,0
"2024-04-11 09:39",12.3,12.57,12.3,12.57,0.19,+1.53%,0
"2024-04-11 09:40",12.51,12.79,12.51,12.74,0.17,+1.35%,0
"2024-04-11 09:41",12.59,12.59,12.52,12.55,-0.19,-1.49%,0
"2024-04-11 09:42",12.63,12.81,12.63,12.81,0.26,+2.07%,0
"2024-04-11 09:43",12.77,12.86,12.77,12.86,0.05,+0.39%,0
"2024-04-11 09:44",12.86,12.94,12.86,12.89,0.03,+0.23%,0
"2024-04-11 09:45",12.93,12.93,12.81,12.81,-0.08,-0.62%,0
"2024-04-11 09:46",12.78,12.94,12.78,12.94,0.13,+1.01%,0
"2024-04-11 09:47",12.95,12.95,12.9,12.9,-0.04,-0.31%,0
"2024-04-11 09:48",12.9,12.95,12.9,12.9,0,0.00%,0
"2024-04-11 09:49",12.88,12.92,12.85,12.92,0.02,+0.16%,0
"2024-04-11 09:50",12.86,12.9,12.81,12.89,-0.03,-0.23%,0
"2024-04-11 09:51",12.83,12.84,12.79,12.84,-0.05,-0.39%,0
"2024-04-11 09:52",12.82,12.82,12.68,12.68,-0.16,-1.25%,0
"2024-04-11 09:53",12.69,12.84,12.67,12.84,0.16,+1.26%,0
"2024-04-11 09:54",12.91,12.91,12.78,12.78,-0.06,-0.47%,0
"2024-04-11 09:55",12.69,12.69,12.55,12.61,-0.17,-1.33%,0
"2024-04-11 09:56",12.63,12.77,12.63,12.77,0.16,+1.27%,0
"2024-04-11 09:57",12.83,12.83,12.76,12.76,-0.01,-0.08%,0
"2024-04-11 09:58",12.7,12.7,12.58,12.58,-0.18,-1.41%,0
"2024-04-11 09:59",12.49,12.61,12.49,12.61,0.03,+0.24%,0
"2024-04-11 10:00",12.6,12.91,12.6,12.91,0.3,+2.38%,0
"2024-04-11 10:01",12.9,13.14,12.9,13.14,0.23,+1.78%,0
"2024-04-11 10:02",13.12,13.13,13.11,13.13,-0.01,-0.08%,0
"2024-04-11 10:03",13.18,13.18,13.15,13.15,0.02,+0.15%,0
"2024-04-11 10:04",13.12,13.23,13.03,13.23,0.08,+0.61%,0
"2024-04-11 10:05",13.15,13.24,13.15,13.24,0.01,+0.08%,0
"2024-04-11 10:06",13.47,13.47,13.3,13.3,0.06,+0.45%,0
"2024-04-11 10:07",13.33,13.75,13.33,13.75,0.45,+3.38%,0
"2024-04-11 10:08",13.64,13.64,13.51,13.56,-0.19,-1.38%,0
"2024-04-11 10:09",13.58,13.68,13.58,13.63,0.07,+0.52%,0
"2024-04-11 10:10",13.61,13.66,13.61,13.62,-0.01,-0.07%,0
"2024-04-11 10:11",13.66,13.97,13.66,13.95,0.33,+2.42%,0
"2024-04-11 10:12",14.03,14.03,13.93,13.99,0.04,+0.29%,0
"2024-04-11 10:13",13.91,14.03,13.91,14.03,0.04,+0.29%,0
"2024-04-11 10:14",13.98,13.98,13.57,13.66,-0.37,-2.64%,0
"2024-04-11 10:15",13.68,14.24,13.68,14.24,0.58,+4.25%,0
"2024-04-11 10:16",14.31,14.49,14.31,14.49,0.25,+1.76%,0
"2024-04-11 10:17",14.49,14.6,14.48,14.48,-0.01,-0.07%,0
"2024-04-11 10:18",14.3,14.42,14.21,14.21,-0.27,-1.86%,0
"2024-04-11 10:19",14.21,14.3,14.2,14.2,-0.01,-0.07%,0
"2024-04-11 10:20",14.27,14.29,14.19,14.19,-0.01,-0.07%,0
"2024-04-11 10:21",14.06,14.06,13.78,13.88,-0.31,-2.18%,0
"2024-04-11 10:22",13.95,13.97,13.9,13.93,0.05,+0.36%,0
"2024-04-11 10:23",13.96,13.96,13.91,13.91,-0.02,-0.14%,0
"2024-04-11 10:24",13.91,13.93,13.88,13.93,0.02,+0.14%,0
"2024-04-11 10:25",13.87,13.95,13.87,13.94,0.01,+0.07%,0
"2024-04-11 10:26",13.93,13.99,13.93,13.95,0.01,+0.07%,0
"2024-04-11 10:27",13.97,14.25,13.97,14.25,0.3,+2.15%,0
"2024-04-11 10:28",14.24,14.24,14.17,14.17,-0.08,-0.56%,0
"2024-04-11 10:29",14.07,14.14,14.07,14.14,-0.03,-0.21%,0
"2024-04-11 10:30",14.13,14.17,14.08,14.08,-0.06,-0.42%,0
"2024-04-11 10:31",14,14,13.76,13.76,-0.32,-2.27%,0
"2024-04-11 10:32",13.78,13.9,13.78,13.87,0.11,+0.80%,0
"2024-04-11 10:33",13.99,14.06,13.99,14.02,0.15,+1.08%,0
"2024-04-11 10:34",13.97,14.01,13.97,14.01,-0.01,-0.07%,0
"2024-04-11 10:35",14,14.05,14,14,-0.01,-0.07%,0
"2024-04-11 10:36",14,14.01,13.97,13.97,-0.03,-0.21%,0
"2024-04-11 10:37",13.94,13.96,13.84,13.84,-0.13,-0.93%,0
"2024-04-11 10:38",13.88,13.94,13.88,13.94,0.1,+0.72%,0
"2024-04-11 10:39",13.91,13.95,13.84,13.84,-0.1,-0.72%,0
"2024-04-11 10:40",13.77,13.81,13.67,13.69,-0.15,-1.08%,0
"2024-04-11 10:41",13.62,13.63,13.58,13.58,-0.11,-0.80%,0
"2024-04-11 10:42",13.54,13.54,13.51,13.51,-0.07,-0.52%,0
"2024-04-11 10:43",13.47,13.47,13.44,13.44,-0.07,-0.52%,0
"2024-04-11 10:44",13.35,13.35,13.28,13.28,-0.16,-1.19%,0
"2024-04-11 10:45",13.29,13.29,13.19,13.19,-0.09,-0.68%,0
"2024-04-11 10:46",13.13,13.23,13.13,13.23,0.04,+0.30%,0
"2024-04-11 10:47",13.19,13.2,13.15,13.2,-0.03,-0.23%,0
"2024-04-11 10:48",13.12,13.13,13.04,13.04,-0.16,-1.21%,0
"2024-04-11 10:49",13.05,13.19,13.05,13.19,0.15,+1.15%,0
"2024-04-11 10:50",13.21,13.23,13.19,13.19,0,0.00%,0
"2024-04-11 10:51",13.19,13.22,13.16,13.22,0.03,+0.23%,0
"2024-04-11 10:52",13.25,13.31,13.25,13.31,0.09,+0.68%,0
"2024-04-11 10:53",13.27,13.28,13.26,13.26,-0.05,-0.38%,0
"2024-04-11 10:54",13.21,13.25,13.21,13.25,-0.01,-0.08%,0
"2024-04-11 10:55",13.26,13.28,13.26,13.28,0.03,+0.23%,0
"2024-04-11 10:56",13.31,13.32,13.31,13.32,0.04,+0.30%,0
"2024-04-11 10:57",13.34,13.34,13.15,13.16,-0.16,-1.20%,0
"2024-04-11 10:58",13.15,13.19,13.15,13.19,0.03,+0.23%,0
"2024-04-11 10:59",13.11,13.25,13.11,13.25,0.06,+0.45%,0
"2024-04-11 11:00",13.24,13.26,13.24,13.25,0,0.00%,0
"2024-04-11 11:01",13.17,13.17,13.13,13.15,-0.1,-0.75%,0
"2024-04-11 11:02",13.12,13.12,13.02,13.02,-0.13,-0.99%,0
"2024-04-11 11:03",12.96,13.04,12.96,13.02,0,0.00%,0
"2024-04-11 11:04",13.05,13.07,13.03,13.05,0.03,+0.23%,0
"2024-04-11 11:05",13.09,13.13,13.09,13.12,0.07,+0.54%,0
"2024-04-11 11:06",13.1,13.14,13.1,13.14,0.02,+0.15%,0
"2024-04-11 11:07",13.15,13.19,13.15,13.19,0.05,+0.38%,0
"2024-04-11 11:08",13.32,13.37,13.32,13.32,0.13,+0.99%,0
"2024-04-11 11:09",13.34,13.34,13.3,13.3,-0.02,-0.15%,0
"2024-04-11 11:10",13.34,13.34,13.22,13.22,-0.08,-0.60%,0
"2024-04-11 11:11",13.24,13.24,13.2,13.2,-0.02,-0.15%,0
"2024-04-11 11:12",13.18,13.22,13.18,13.21,0.01,+0.08%,0
"2024-04-11 11:13",13.2,13.22,13.19,13.19,-0.02,-0.15%,0
"2024-04-11 11:14",13.21,13.3,13.21,13.3,0.11,+0.83%,0
"2024-04-11 11:15",13.27,13.27,13.14,13.15,-0.15,-1.13%,0
"2024-04-11 11:16",13.12,13.12,13,13.04,-0.11,-0.84%,0
"2024-04-11 11:17",13.14,13.15,13.13,13.14,0.1,+0.77%,0
"2024-04-11 11:18",13.13,13.21,13.13,13.2,0.06,+0.46%,0
"2024-04-11 11:19",13.17,13.21,13.1,13.16,-0.04,-0.30%,0
"2024-04-11 11:20",13.15,13.18,13.15,13.15,-0.01,-0.08%,0
"2024-04-11 11:21",13.1,13.1,13.05,13.05,-0.1,-0.76%,0
"2024-04-11 11:22",13.02,13.02,12.91,12.91,-0.14,-1.07%,0
"2024-04-11 11:23",12.93,12.97,12.93,12.93,0.02,+0.15%,0
"2024-04-11 11:24",12.93,12.97,12.93,12.97,0.04,+0.31%,0
"2024-04-11 11:25",13,13.1,13,13.1,0.13,+1.00%,0
"2024-04-11 11:26",13.12,13.19,13.12,13.14,0.04,+0.31%,0
"2024-04-11 11:27",13.11,13.12,13.03,13.03,-0.11,-0.84%,0
"2024-04-11 11:28",13.07,13.17,13.07,13.17,0.14,+1.07%,0
"2024-04-11 11:29",13.16,13.2,13.15,13.2,0.03,+0.23%,0
"2024-04-11 11:30",13.17,13.24,13.17,13.24,0.04,+0.30%,0
"2024-04-11 11:31",13.22,13.22,13.16,13.16,-0.08,-0.60%,0
"2024-04-11 11:32",13.08,13.11,13.08,13.11,-0.05,-0.38%,0
"2024-04-11 11:33",13.05,13.14,13.05,13.14,0.03,+0.23%,0
"2024-04-11 11:34",13.18,13.18,13.16,13.16,0.02,+0.15%,0
"2024-04-11 11:35",13.13,13.15,13.1,13.1,-0.06,-0.46%,0
"2024-04-11 11:36",13.07,13.08,13.05,13.08,-0.02,-0.15%,0
"2024-04-11 11:37",13.1,13.13,13.06,13.06,-0.02,-0.15%,0
"2024-04-11 11:38",13.12,13.12,13.03,13.03,-0.03,-0.23%,0
"2024-04-11 11:39",12.98,13.02,12.98,12.98,-0.05,-0.38%,0
"2024-04-11 11:40",12.99,12.99,12.96,12.98,0,0.00%,0
"2024-04-11 11:41",12.97,12.99,12.85,12.85,-0.13,-1.00%,0
"2024-04-11 11:42",12.96,12.99,12.91,12.91,0.06,+0.47%,0
"2024-04-11 11:43",12.94,13.04,12.94,13.04,0.13,+1.01%,0
"2024-04-11 11:44",13.06,13.25,13.06,13.25,0.21,+1.61%,0
"2024-04-11 11:45",13.3,13.3,13.07,13.1,-0.15,-1.13%,0
"2024-04-11 11:46",13.12,13.12,13.1,13.1,0,0.00%,0
"2024-04-11 11:47",13.07,13.11,13.04,13.04,-0.06,-0.46%,0
"2024-04-11 11:48",13.03,13.03,12.99,13.01,-0.03,-0.23%,0
"2024-04-11 11:49",13.01,13.04,13.01,13.03,0.02,+0.15%,0
"2024-04-11 11:50",13.04,13.04,13.02,13.02,-0.01,-0.08%,0
"2024-04-11 11:51",12.99,13.01,12.98,12.98,-0.04,-0.31%,0
"2024-04-11 11:52",12.97,12.98,12.94,12.95,-0.03,-0.23%,0
"2024-04-11 11:53",12.96,12.97,12.95,12.95,0,0.00%,0
"2024-04-11 11:54",12.92,12.96,12.92,12.95,0,0.00%,0
"2024-04-11 11:55",12.92,12.92,12.86,12.86,-0.09,-0.69%,0
"2024-04-11 11:56",12.93,12.93,12.83,12.9,0.04,+0.31%,0
"2024-04-11 11:57",12.88,12.92,12.83,12.83,-0.07,-0.54%,0
"2024-04-11 11:58",12.82,12.82,12.74,12.74,-0.09,-0.70%,0
"2024-04-11 11:59",12.78,12.78,12.7,12.7,-0.04,-0.31%,0
"2024-04-11 12:00",12.69,12.72,12.69,12.71,0.01,+0.08%,0
"2024-04-11 12:01",12.73,12.75,12.7,12.75,0.04,+0.31%,0
"2024-04-11 12:02",12.75,12.75,12.73,12.73,-0.02,-0.16%,0
"2024-04-11 12:03",12.73,12.84,12.73,12.84,0.11,+0.86%,0
"2024-04-11 12:04",12.82,12.87,12.82,12.87,0.03,+0.23%,0
"2024-04-11 12:05",12.9,12.96,12.9,12.93,0.06,+0.47%,0
"2024-04-11 12:06",12.95,12.98,12.95,12.98,0.05,+0.39%,0
"2024-04-11 12:07",12.96,12.99,12.96,12.98,0,0.00%,0
"2024-04-11 12:08",13.03,13.08,13.03,13.06,0.08,+0.62%,0
"2024-04-11 12:09",13.05,13.14,13.05,13.14,0.08,+0.61%,0
"2024-04-11 12:10",13.18,13.33,13.18,13.33,0.19,+1.45%,0
"2024-04-11 12:11",13.31,13.39,13.31,13.39,0.06,+0.45%,0
"2024-04-11 12:12",13.32,13.37,13.29,13.29,-0.1,-0.75%,0
"2024-04-11 12:13",13.28,13.28,13.26,13.28,-0.01,-0.08%,0
"2024-04-11 12:14",13.28,13.29,13.26,13.26,-0.02,-0.15%,0
"2024-04-11 12:15",13.27,13.32,13.27,13.3,0.04,+0.30%,0
"2024-04-11 12:16",13.34,13.37,13.34,13.37,0.07,+0.53%,0
"2024-04-11 12:17",13.34,13.43,13.34,13.43,0.06,+0.45%,0
"2024-04-11 12:18",13.49,13.58,13.49,13.58,0.15,+1.12%,0
"2024-04-11 12:19",13.57,13.57,13.41,13.41,-0.17,-1.25%,0
"2024-04-11 12:20",13.42,13.51,13.42,13.51,0.1,+0.75%,0
"2024-04-11 12:21",13.54,13.54,13.5,13.51,0,0.00%,0
"2024-04-11 12:22",13.47,13.47,13.45,13.45,-0.06,-0.44%,0
"2024-04-11 12:23",13.45,13.45,13.4,13.4,-0.05,-0.37%,0
"2024-04-11 12:24",13.37,13.38,13.36,13.37,-0.03,-0.22%,0
"2024-04-11 12:25",13.35,13.39,13.35,13.39,0.02,+0.15%,0
"2024-04-11 12:26",13.35,13.42,13.35,13.41,0.02,+0.15%,0
"2024-04-11 12:27",13.41,13.52,13.41,13.51,0.1,+0.75%,0
"2024-04-11 12:28",13.53,13.69,13.53,13.62,0.11,+0.81%,0
"2024-04-11 12:29",13.62,13.63,13.6,13.63,0.01,+0.07%,0
"2024-04-11 12:30",13.71,13.8,13.71,13.72,0.09,+0.66%,0
"2024-04-11 12:31",13.74,13.74,13.68,13.7,-0.02,-0.15%,0
"2024-04-11 12:32",13.73,13.73,13.7,13.7,0,0.00%,0
"2024-04-11 12:33",13.7,13.72,13.69,13.69,-0.01,-0.07%,0
"2024-04-11 12:34",13.69,13.73,13.69,13.73,0.04,+0.29%,0
"2024-04-11 12:35",13.7,13.74,13.7,13.73,0,0.00%,0
"2024-04-11 12:36",13.68,13.71,13.68,13.71,-0.02,-0.15%,0
"2024-04-11 12:37",13.75,13.82,13.75,13.82,0.11,+0.80%,0
"2024-04-11 12:38",13.82,13.82,13.8,13.8,-0.02,-0.14%,0
"2024-04-11 12:39",13.82,13.91,13.82,13.85,0.05,+0.36%,0
"2024-04-11 12:40",13.83,13.85,13.83,13.83,-0.02,-0.14%,0
"2024-04-11 12:41",13.83,13.87,13.83,13.84,0.01,+0.07%,0
"2024-04-11 12:42",13.82,13.82,13.75,13.75,-0.09,-0.65%,0
"2024-04-11 12:43",13.73,13.74,13.7,13.74,-0.01,-0.07%,0
"2024-04-11 12:44",13.76,13.83,13.76,13.82,0.08,+0.58%,0
"2024-04-11 12:45",13.81,13.82,13.8,13.82,0,0.00%,0
"2024-04-11 12:46",13.82,13.83,13.8,13.8,-0.02,-0.14%,0
"2024-04-11 12:47",13.78,13.8,13.76,13.76,-0.04,-0.29%,0
"2024-04-11 12:48",13.76,13.76,13.66,13.66,-0.1,-0.73%,0
"2024-04-11 12:49",13.67,13.67,13.58,13.58,-0.08,-0.59%,0
"2024-04-11 12:50",13.69,13.69,13.6,13.6,0.02,+0.15%,0
"2024-04-11 12:51",13.59,13.65,13.59,13.65,0.05,+0.37%,0
"2024-04-11 12:52",13.71,13.74,13.69,13.69,0.04,+0.29%,0
"2024-04-11 12:53",13.72,13.74,13.72,13.74,0.05,+0.37%,0
"2024-04-11 12:54",13.72,13.79,13.72,13.79,0.05,+0.36%,0
"2024-04-11 12:55",13.81,13.87,13.81,13.87,0.08,+0.58%,0
"2024-04-11 12:56",13.86,13.9,13.86,13.9,0.03,+0.22%,0
"2024-04-11 12:57",13.91,13.98,13.91,13.98,0.08,+0.58%,0
"2024-04-11 12:58",13.99,13.99,13.88,13.88,-0.1,-0.72%,0
"2024-04-11 12:59",13.85,13.94,13.85,13.94,0.06,+0.43%,0
"2024-04-11 13:00",13.94,13.96,13.93,13.96,0.02,+0.14%,0
"2024-04-11 13:01",14.01,14.01,13.96,13.96,0,0.00%,0
"2024-04-11 13:02",13.69,13.82,13.69,13.7,-0.26,-1.86%,0
"2024-04-11 13:03",13.72,13.8,13.59,13.59,-0.11,-0.80%,0
"2024-04-11 13:04",13.34,13.35,13.13,13.13,-0.46,-3.38%,0
"2024-04-11 13:05",13.14,13.17,13.14,13.16,0.03,+0.23%,0
"2024-04-11 13:06",13.13,13.26,13.13,13.13,-0.03,-0.23%,0
"2024-04-11 13:07",13.16,13.18,13.13,13.13,0,0.00%,0
"2024-04-11 13:08",13.14,13.14,13.14,13.14,0.01,+0.08%,0
"2024-04-11 13:09",13.16,13.21,13.08,13.11,-0.03,-0.23%,0
"2024-04-11 13:10",13.08,13.08,13.04,13.04,-0.07,-0.53%,0
"2024-04-11 13:11",13.09,13.12,13.07,13.07,0.03,+0.23%,0
"2024-04-11 13:12",13.05,13.06,13.05,13.06,-0.01,-0.08%,0
"2024-04-11 13:13",13.12,13.12,13.05,13.05,-0.01,-0.08%,0
"2024-04-11 13:14",13.05,13.08,13.03,13.03,-0.02,-0.15%,0
"2024-04-11 13:15",13.05,13.06,13.04,13.04,0.01,+0.08%,0
"2024-04-11 13:16",13.03,13.09,13.03,13.08,0.04,+0.31%,0
"2024-04-11 13:17",13.07,13.14,13.07,13.14,0.06,+0.46%,0
"2024-04-11 13:18",13.14,13.14,13.08,13.08,-0.06,-0.46%,0
"2024-04-11 13:19",13.08,13.26,13.07,13.17,0.09,+0.69%,0
"2024-04-11 13:20",13.14,13.6,13.14,13.32,0.15,+1.14%,0
"2024-04-11 13:21",13.28,13.4,13.28,13.37,0.05,+0.38%,0
"2024-04-11 13:22",13.36,13.42,13.28,13.28,-0.09,-0.67%,0
"2024-04-11 13:23",13.23,13.25,13.18,13.18,-0.1,-0.75%,0
"2024-04-11 13:24",13.17,13.24,13.17,13.23,0.05,+0.38%,0
"2024-04-11 13:25",13.2,13.32,13.2,13.31,0.08,+0.60%,0
"2024-04-11 13:26",13.31,13.36,13.31,13.32,0.01,+0.08%,0
"2024-04-11 13:27",13.32,13.4,13.32,13.35,0.03,+0.23%,0
"2024-04-11 13:28",13.32,13.42,13.32,13.42,0.07,+0.52%,0
"2024-04-11 13:29",13.44,13.45,13.4,13.44,0.02,+0.15%,0
"2024-04-11 13:30",13.44,13.46,13.44,13.45,0.01,+0.07%,0
"2024-04-11 13:31",13.44,13.5,13.44,13.5,0.05,+0.37%,0
"2024-04-11 13:32",13.5,13.53,13.49,13.49,-0.01,-0.07%,0
"2024-04-11 13:33",13.5,13.52,13.5,13.52,0.03,+0.22%,0
"2024-04-11 13:34",13.5,13.55,13.5,13.55,0.03,+0.22%,0
"2024-04-11 13:35",13.54,13.57,13.54,13.54,-0.01,-0.07%,0
"2024-04-11 13:36",13.54,13.55,13.51,13.51,-0.03,-0.22%,0
"2024-04-11 13:37",13.52,13.6,13.52,13.6,0.09,+0.67%,0
"2024-04-11 13:38",13.58,13.59,13.55,13.59,-0.01,-0.07%,0
"2024-04-11 13:39",13.6,13.64,13.6,13.63,0.04,+0.29%,0
"2024-04-11 13:40",13.62,13.62,13.59,13.6,-0.03,-0.22%,0
"2024-04-11 13:41",13.61,13.75,13.61,13.75,0.15,+1.10%,0
"2024-04-11 13:42",13.7,13.7,13.55,13.55,-0.2,-1.45%,0
"2024-04-11 13:43",13.54,13.54,13.52,13.54,-0.01,-0.07%,0
"2024-04-11 13:44",13.49,13.55,13.49,13.55,0.01,+0.07%,0
"2024-04-11 13:45",13.54,13.6,13.54,13.6,0.05,+0.37%,0
"2024-04-11 13:46",13.63,13.67,13.63,13.67,0.07,+0.51%,0
"2024-04-11 13:47",13.64,13.65,13.62,13.65,-0.02,-0.15%,0
"2024-04-11 13:48",13.64,13.65,13.64,13.64,-0.01,-0.07%,0
"2024-04-11 13:49",13.65,13.65,13.62,13.63,-0.01,-0.07%,0
"2024-04-11 13:50",13.63,13.68,13.63,13.68,0.05,+0.37%,0
"2024-04-11 13:51",13.62,13.62,13.55,13.55,-0.13,-0.95%,0
"2024-04-11 13:52",13.55,13.59,13.55,13.59,0.04,+0.30%,0
"2024-04-11 13:53",13.58,13.58,13.5,13.5,-0.09,-0.66%,0
"2024-04-11 13:54",13.47,13.48,13.47,13.47,-0.03,-0.22%,0
"2024-04-11 13:55",13.42,13.44,13.4,13.4,-0.07,-0.52%,0
"2024-04-11 13:56",13.39,13.39,13.38,13.38,-0.02,-0.15%,0
"2024-04-11 13:57",13.39,13.45,13.39,13.39,0.01,+0.07%,0
"2024-04-11 13:58",13.4,13.4,13.37,13.38,-0.01,-0.07%,0
"2024-04-11 13:59",13.34,13.35,13.31,13.31,-0.07,-0.52%,0
"2024-04-11 14:00",13.3,13.32,13.3,13.31,0,0.00%,0
"2024-04-11 14:01",13.33,13.34,13.32,13.32,0.01,+0.08%,0
"2024-04-11 14:02",13.3,13.33,13.26,13.33,0.01,+0.08%,0
"2024-04-11 14:03",13.4,13.41,13.36,13.41,0.08,+0.60%,0
"2024-04-11 14:04",13.4,13.4,13.36,13.36,-0.05,-0.37%,0
"2024-04-11 14:05",13.35,13.38,13.35,13.38,0.02,+0.15%,0
"2024-04-11 14:06",13.36,13.37,13.34,13.34,-0.04,-0.30%,0
"2024-04-11 14:07",13.36,13.37,13.34,13.34,0,0.00%,0
"2024-04-11 14:08",13.47,13.62,13.47,13.6,0.26,+1.95%,0
"2024-04-11 14:09",13.65,13.68,13.54,13.54,-0.06,-0.44%,0
"2024-04-11 14:10",13.55,13.61,13.55,13.61,0.07,+0.52%,0
"2024-04-11 14:11",13.64,13.66,13.64,13.66,0.05,+0.37%,0
"2024-04-11 14:12",13.65,13.68,13.65,13.67,0.01,+0.07%,0
"2024-04-11 14:13",13.65,13.67,13.65,13.67,0,0.00%,0
"2024-04-11 14:14",13.63,13.69,13.63,13.68,0.01,+0.07%,0
"2024-04-11 14:15",13.67,13.67,13.63,13.64,-0.04,-0.29%,0
"2024-04-11 14:16",13.65,13.67,13.65,13.65,0.01,+0.07%,0
"2024-04-11 14:17",13.67,13.7,13.67,13.7,0.05,+0.37%,0
"2024-04-11 14:18",13.71,13.73,13.71,13.73,0.03,+0.22%,0
"2024-04-11 14:19",13.72,13.77,13.72,13.73,0,0.00%,0
"2024-04-11 14:20",13.75,13.78,13.75,13.75,0.02,+0.15%,0
"2024-04-11 14:21",13.75,13.78,13.75,13.77,0.02,+0.15%,0
"2024-04-11 14:22",13.77,13.78,13.76,13.78,0.01,+0.07%,0
"2024-04-11 14:23",13.74,13.85,13.74,13.85,0.07,+0.51%,0
"2024-04-11 14:24",13.79,13.79,13.76,13.76,-0.09,-0.65%,0
"2024-04-11 14:25",13.75,13.76,13.75,13.76,0,0.00%,0
"2024-04-11 14:26",13.74,13.74,13.69,13.69,-0.07,-0.51%,0
"2024-04-11 14:27",13.68,13.69,13.68,13.68,-0.01,-0.07%,0
"2024-04-11 14:28",13.68,13.71,13.68,13.71,0.03,+0.22%,0
"2024-04-11 14:29",13.69,13.75,13.69,13.7,-0.01,-0.07%,0
"2024-04-11 14:30",13.71,13.74,13.71,13.74,0.04,+0.29%,0
"2024-04-11 14:31",13.72,13.75,13.68,13.68,-0.06,-0.44%,0
"2024-04-11 14:32",13.67,13.67,13.66,13.66,-0.02,-0.15%,0
"2024-04-11 14:33",13.66,13.72,13.66,13.71,0.05,+0.37%,0
"2024-04-11 14:34",13.68,13.7,13.68,13.7,-0.01,-0.07%,0
"2024-04-11 14:35",13.69,13.72,13.69,13.72,0.02,+0.15%,0
"2024-04-11 14:36",13.73,13.73,13.69,13.69,-0.03,-0.22%,0
"2024-04-11 14:37",13.71,13.75,13.71,13.71,0.02,+0.15%,0
"2024-04-11 14:38",13.71,13.74,13.71,13.74,0.03,+0.22%,0
"2024-04-11 14:39",13.72,13.74,13.71,13.71,-0.03,-0.22%,0
"2024-04-11 14:40",13.71,13.75,13.71,13.75,0.04,+0.29%,0
"2024-04-11 14:41",13.69,13.88,13.69,13.88,0.13,+0.95%,0
"2024-04-11 14:42",13.88,13.89,13.83,13.83,-0.05,-0.36%,0
"2024-04-11 14:43",13.83,13.88,13.83,13.85,0.02,+0.14%,0
"2024-04-11 14:44",13.86,13.86,13.84,13.84,-0.01,-0.07%,0
"2024-04-11 14:45",13.84,13.87,13.84,13.87,0.03,+0.22%,0
"2024-04-11 14:46",13.89,13.89,13.87,13.88,0.01,+0.07%,0
"2024-04-11 14:47",13.9,13.9,13.85,13.85,-0.03,-0.22%,0
"2024-04-11 14:48",13.83,13.91,13.83,13.91,0.06,+0.43%,0
"2024-04-11 14:49",13.86,13.9,13.86,13.9,-0.01,-0.07%,0
"2024-04-11 14:50",13.86,13.86,13.83,13.85,-0.05,-0.36%,0
"2024-04-11 14:51",13.85,13.87,13.84,13.85,0,0.00%,0
"2024-04-11 14:52",13.82,13.87,13.82,13.87,0.02,+0.14%,0
"2024-04-11 14:53",13.89,14.06,13.89,14.06,0.19,+1.37%,0
"2024-04-11 14:54",14.05,14.05,13.91,13.91,-0.15,-1.07%,0
"2024-04-11 14:55",13.91,13.92,13.89,13.89,-0.02,-0.14%,0
"2024-04-11 14:56",13.88,13.92,13.88,13.91,0.02,+0.14%,0
"2024-04-11 14:57",13.9,13.94,13.9,13.92,0.01,+0.07%,0
"2024-04-11 14:58",13.87,13.91,13.87,13.91,-0.01,-0.07%,0
"2024-04-11 14:59",13.91,13.93,13.91,13.93,0.02,+0.14%,0
"2024-04-11 15:00",13.96,13.96,13.86,13.86,-0.07,-0.50%,0
"2024-04-11 15:01",13.87,13.91,13.87,13.91,0.05,+0.36%,0
"2024-04-11 15:02",13.94,13.95,13.94,13.94,0.03,+0.22%,0
"2024-04-11 15:03",13.96,14,13.95,13.95,0.01,+0.07%,0
"2024-04-11 15:04",13.92,13.94,13.92,13.92,-0.03,-0.22%,0
"2024-04-11 15:05",13.89,13.9,13.84,13.84,-0.08,-0.57%,0
"2024-04-11 15:06",13.83,13.86,13.83,13.85,0.01,+0.07%,0
"2024-04-11 15:07",13.85,13.86,13.85,13.85,0,0.00%,0
"2024-04-11 15:08",13.84,13.9,13.84,13.9,0.05,+0.36%,0
"2024-04-11 15:09",13.89,13.92,13.89,13.92,0.02,+0.14%,0
"2024-04-11 15:10",13.91,13.93,13.91,13.91,-0.01,-0.07%,0
"2024-04-11 15:11",13.92,13.95,13.92,13.94,0.03,+0.22%,0
"2024-04-11 15:12",13.95,13.95,13.93,13.93,-0.01,-0.07%,0
"2024-04-11 15:13",13.91,13.94,13.91,13.94,0.01,+0.07%,0
"2024-04-11 15:14",13.85,13.9,13.85,13.9,-0.04,-0.29%,0
"2024-04-11 15:15",13.91,13.96,13.91,13.96,0.06,+0.43%,0
"2024-04-11 15:16",13.94,13.95,13.9,13.9,-0.06,-0.43%,0
"2024-04-11 15:17",13.94,13.98,13.94,13.95,0.05,+0.36%,0
"2024-04-11 15:18",13.96,13.96,13.92,13.92,-0.03,-0.22%,0
"2024-04-11 15:19",13.91,13.96,13.91,13.96,0.04,+0.29%,0
"2024-04-11 15:20",13.97,14.01,13.97,13.99,0.03,+0.21%,0
"2024-04-11 15:21",13.99,13.99,13.95,13.95,-0.04,-0.29%,0
"2024-04-11 15:22",13.94,13.94,13.85,13.85,-0.1,-0.72%,0
"2024-04-11 15:23",13.84,13.9,13.84,13.86,0.01,+0.07%,0
"2024-04-11 15:24",13.83,13.84,13.74,13.74,-0.12,-0.87%,0
"2024-04-11 15:25",13.74,13.74,13.68,13.68,-0.06,-0.44%,0
"2024-04-11 15:26",13.66,13.66,13.59,13.59,-0.09,-0.66%,0
"2024-04-11 15:27",13.58,13.61,13.57,13.58,-0.01,-0.07%,0
"2024-04-11 15:28",13.63,13.64,13.62,13.62,0.04,+0.29%,0
"2024-04-11 15:29",13.59,13.59,13.56,13.56,-0.06,-0.44%,0
"2024-04-11 15:30",13.59,13.64,13.59,13.61,0.05,+0.37%,0
"2024-04-11 15:31",13.59,13.64,13.59,13.62,0.01,+0.07%,0
"2024-04-11 15:32",13.62,13.7,13.62,13.68,0.06,+0.44%,0
"2024-04-11 15:33",13.69,13.73,13.69,13.73,0.05,+0.37%,0
"2024-04-11 15:34",13.74,13.74,13.69,13.69,-0.04,-0.29%,0
"2024-04-11 15:35",13.68,13.7,13.68,13.68,-0.01,-0.07%,0
"2024-04-11 15:36",13.68,13.74,13.68,13.74,0.06,+0.44%,0
"2024-04-11 15:37",13.71,13.75,13.71,13.75,0.01,+0.07%,0
"2024-04-11 15:38",13.75,13.77,13.75,13.75,0,0.00%,0
"2024-04-11 15:39",13.74,13.74,13.73,13.73,-0.02,-0.15%,0
"2024-04-11 15:40",13.72,13.74,13.71,13.71,-0.02,-0.15%,0
"2024-04-11 15:41",13.69,13.72,13.69,13.69,-0.02,-0.15%,0
"2024-04-11 15:42",13.69,13.83,13.69,13.83,0.14,+1.02%,0
"2024-04-11 15:43",13.81,13.81,13.79,13.79,-0.04,-0.29%,0
"2024-04-11 15:44",13.77,13.77,13.73,13.73,-0.06,-0.44%,0
"2024-04-11 15:45",13.73,13.73,13.6,13.6,-0.13,-0.95%,0
"2024-04-11 15:46",13.55,13.65,13.55,13.65,0.05,+0.37%,0
"2024-04-11 15:47",13.64,13.66,13.64,13.66,0.01,+0.07%,0
"2024-04-11 15:48",13.64,13.64,13.61,13.61,-0.05,-0.37%,0
"2024-04-11 15:49",13.58,13.62,13.58,13.62,0.01,+0.07%,0
"2024-04-11 15:50",13.54,13.62,13.54,13.62,0,0.00%,0
"2024-04-11 15:51",13.63,13.63,13.54,13.54,-0.08,-0.59%,0
"2024-04-11 15:52",13.5,13.54,13.5,13.53,-0.01,-0.07%,0
"2024-04-11 15:53",13.55,13.58,13.55,13.57,0.04,+0.30%,0
"2024-04-11 15:54",13.57,13.57,13.56,13.56,-0.01,-0.07%,0
"2024-04-11 15:55",13.54,13.57,13.54,13.55,-0.01,-0.07%,0
"2024-04-11 15:56",13.53,13.53,13.5,13.5,-0.05,-0.37%,0
"2024-04-11 15:57",13.47,13.51,13.47,13.48,-0.02,-0.15%,0
"2024-04-11 15:58",13.48,13.52,13.48,13.51,0.03,+0.22%,0
"2024-04-11 15:59",13.47,13.47,13.31,13.31,-0.2,-1.48%,0
"2024-04-11 16:00",13.2,13.4,13.2,13.4,0.09,+0.68%,0
"2024-04-11 16:01",13.5,13.66,13.5,13.65,0.25,+1.87%,0
"2024-04-11 16:02",13.64,13.64,13.53,13.53,-0.12,-0.88%,0
"2024-04-11 16:03",13.51,13.59,13.51,13.59,0.06,+0.44%,0
"2024-04-11 16:04",13.58,13.58,13.54,13.54,-0.05,-0.37%,0
"2024-04-11 16:05",13.49,13.5,13.47,13.47,-0.07,-0.52%,0
"2024-04-11 16:06",13.44,13.51,13.44,13.51,0.04,+0.30%,0
"2024-04-11 16:07",13.5,13.5,13.4,13.4,-0.11,-0.81%,0
"2024-04-11 16:08",13.4,13.43,13.4,13.43,0.03,+0.22%,0
"2024-04-11 16:09",13.4,13.44,13.4,13.44,0.01,+0.07%,0
"2024-04-11 16:10",13.44,13.49,13.44,13.49,0.05,+0.37%,0
"2024-04-11 16:11",13.49,13.49,13.46,13.46,-0.03,-0.22%,0
"2024-04-11 16:12",13.46,13.52,13.46,13.52,0.06,+0.45%,0
"2024-04-11 16:13",13.53,13.53,13.46,13.46,-0.06,-0.44%,0
"2024-04-11 16:14",13.46,13.5,13.46,13.5,0.04,+0.30%,0
"2024-04-11 16:15",13.49,13.49,13.49,13.49,-0.01,-0.07%,0
"2024-04-12 09:31",13.62,13.85,13.62,13.64,0.15,+1.11%,0
"2024-04-12 09:32",13.54,13.6,13.54,13.6,-0.04,-0.29%,0
"2024-04-12 09:33",13.54,13.69,13.54,13.69,0.09,+0.66%,0
"2024-04-12 09:34",13.83,14.06,13.83,14.06,0.37,+2.70%,0
"2024-04-12 09:35",14.05,14.21,14.05,14.21,0.15,+1.07%,0
"2024-04-12 09:36",14.18,14.2,14.16,14.2,-0.01,-0.07%,0
"2024-04-12 09:37",14.16,14.22,14.16,14.22,0.02,+0.14%,0
"2024-04-12 09:38",14.13,14.13,13.86,13.86,-0.36,-2.53%,0
"2024-04-12 09:39",13.92,13.95,13.89,13.89,0.03,+0.22%,0
"2024-04-12 09:40",13.84,13.89,13.84,13.85,-0.04,-0.29%,0
"2024-04-12 09:41",13.78,13.81,13.7,13.7,-0.15,-1.08%,0
"2024-04-12 09:42",13.73,13.75,13.71,13.72,0.02,+0.15%,0
"2024-04-12 09:43",13.68,13.71,13.55,13.55,-0.17,-1.24%,0
"2024-04-12 09:44",13.46,13.48,13.43,13.48,-0.07,-0.52%,0
"2024-04-12 09:45",13.48,13.48,13.38,13.38,-0.1,-0.74%,0
"2024-04-12 09:46",13.33,13.42,13.21,13.21,-0.17,-1.27%,0
"2024-04-12 09:47",13.18,13.23,13.14,13.14,-0.07,-0.53%,0
"2024-04-12 09:48",13.3,13.32,13.29,13.32,0.18,+1.37%,0
"2024-04-12 09:49",13.37,13.72,13.37,13.7,0.38,+2.85%,0
"2024-04-12 09:50",13.72,13.75,13.58,13.58,-0.12,-0.88%,0
"2024-04-12 09:51",13.64,13.74,13.64,13.74,0.16,+1.18%,0
"2024-04-12 09:52",13.74,13.91,13.74,13.91,0.17,+1.24%,0
"2024-04-12 09:53",13.92,14,13.92,13.99,0.08,+0.58%,0
"2024-04-12 09:54",13.95,14.07,13.95,14.04,0.05,+0.36%,0
"2024-04-12 09:55",14.02,14.07,14.02,14.06,0.02,+0.14%,0
"2024-04-12 09:56",14.1,14.14,14.05,14.14,0.08,+0.57%,0
"2024-04-12 09:57",14.18,14.23,14.18,14.21,0.07,+0.50%,0
"2024-04-12 09:58",14.19,14.19,14.12,14.12,-0.09,-0.63%,0
"2024-04-12 09:59",14.06,14.06,13.91,13.95,-0.17,-1.20%,0
"2024-04-12 10:00",13.85,14.12,13.85,13.93,-0.02,-0.14%,0
"2024-04-12 10:01",13.8,13.8,13.74,13.76,-0.17,-1.22%,0
"2024-04-12 10:02",13.77,14.12,13.77,14.12,0.36,+2.62%,0
"2024-04-12 10:03",14.26,14.5,14.26,14.5,0.38,+2.69%,0
"2024-04-12 10:04",14.56,14.56,14.35,14.39,-0.11,-0.76%,0
"2024-04-12 10:05",14.44,14.53,14.44,14.53,0.14,+0.97%,0
"2024-04-12 10:06",14.52,14.66,14.52,14.66,0.13,+0.89%,0
"2024-04-12 10:07",14.9,14.95,14.9,14.92,0.26,+1.77%,0
"2024-04-12 10:08",14.93,15.21,14.93,15.21,0.29,+1.94%,0
"2024-04-12 10:09",15.27,15.27,15.07,15.18,-0.03,-0.20%,0
"2024-04-12 10:10",15.2,15.2,14.86,14.94,-0.24,-1.58%,0
"2024-04-12 10:11",14.94,15.22,14.94,15.22,0.28,+1.87%,0
"2024-04-12 10:12",15.19,15.4,15.19,15.29,0.07,+0.46%,0
"2024-04-12 10:13",15.09,15.21,15.09,15.21,-0.08,-0.52%,0
"2024-04-12 10:14",15.24,15.25,15.17,15.17,-0.04,-0.26%,0
"2024-04-12 10:15",15.1,15.28,15.1,15.28,0.11,+0.73%,0
"2024-04-12 10:16",15.45,15.49,15.42,15.42,0.14,+0.92%,0
"2024-04-12 10:17",15.3,15.4,15.16,15.16,-0.26,-1.69%,0
"2024-04-12 10:18",15.3,15.3,14.93,14.93,-0.23,-1.52%,0
"2024-04-12 10:19",14.93,15.16,14.85,14.85,-0.08,-0.54%,0
"2024-04-12 10:20",14.94,14.94,14.91,14.91,0.06,+0.40%,0
"2024-04-12 10:21",14.95,14.98,14.95,14.98,0.07,+0.47%,0
"2024-04-12 10:22",15,15,14.88,14.88,-0.1,-0.67%,0
"2024-04-12 10:23",14.9,14.93,14.8,14.8,-0.08,-0.54%,0
"2024-04-12 10:24",14.82,14.89,14.82,14.88,0.08,+0.54%,0
"2024-04-12 10:25",14.94,14.97,14.94,14.97,0.09,+0.60%,0
"2024-04-12 10:26",14.99,15.07,14.99,15.07,0.1,+0.67%,0
"2024-04-12 10:27",15.07,15.16,15.07,15.16,0.09,+0.60%,0
"2024-04-12 10:28",15.19,15.32,15.19,15.27,0.11,+0.73%,0
"2024-04-12 10:29",15.32,15.37,15.28,15.28,0.01,+0.07%,0
"2024-04-12 10:30",15.35,15.41,15.33,15.33,0.05,+0.33%,0
"2024-04-12 10:31",15.26,15.33,15.26,15.33,0,0.00%,0
"2024-04-12 10:32",15.37,15.49,15.37,15.49,0.16,+1.04%,0
"2024-04-12 10:33",15.51,15.57,15.47,15.57,0.08,+0.52%,0
"2024-04-12 10:34",15.63,15.93,15.63,15.93,0.36,+2.31%,0
"2024-04-12 10:35",15.98,16.1,15.9,16.1,0.17,+1.07%,0
"2024-04-12 10:36",16.12,16.59,16.12,16.59,0.49,+3.04%,0
"2024-04-12 10:37",16.66,17.41,16.66,17.11,0.52,+3.13%,0
"2024-04-12 10:38",16.71,16.77,16.59,16.69,-0.42,-2.45%,0
"2024-04-12 10:39",16.68,16.73,16.68,16.71,0.02,+0.12%,0
"2024-04-12 10:40",16.67,16.67,16.58,16.58,-0.13,-0.78%,0
"2024-04-12 10:41",16.53,16.72,16.53,16.69,0.11,+0.66%,0
"2024-04-12 10:42",16.76,16.77,16.75,16.75,0.06,+0.36%,0
"2024-04-12 10:43",16.83,17.28,16.83,16.95,0.2,+1.19%,0
"2024-04-12 10:44",16.98,17.02,16.92,16.92,-0.03,-0.18%,0
"2024-04-12 10:45",16.76,16.76,16.68,16.76,-0.16,-0.95%,0
"2024-04-12 10:46",16.74,16.77,16.72,16.72,-0.04,-0.24%,0
"2024-04-12 10:47",16.73,16.89,16.73,16.89,0.17,+1.02%,0
"2024-04-12 10:48",16.85,16.99,16.85,16.94,0.05,+0.30%,0
"2024-04-12 10:49",16.93,17.07,16.93,17.06,0.12,+0.71%,0
"2024-04-12 10:50",17.02,17.16,17.02,17.16,0.1,+0.59%,0
"2024-04-12 10:51",17.11,17.31,17.11,17.31,0.15,+0.87%,0
"2024-04-12 10:52",17.33,17.74,17.33,17.74,0.43,+2.48%,0
"2024-04-12 10:53",17.64,17.64,17.28,17.28,-0.46,-2.59%,0
"2024-04-12 10:54",17.2,17.2,17.04,17.04,-0.24,-1.39%,0
"2024-04-12 10:55",16.96,17.06,16.96,17,-0.04,-0.23%,0
"2024-04-12 10:56",17,17.02,16.99,17.02,0.02,+0.12%,0
"2024-04-12 10:57",16.92,16.98,16.9,16.9,-0.12,-0.71%,0
"2024-04-12 10:58",16.92,16.99,16.92,16.99,0.09,+0.53%,0
"2024-04-12 10:59",17.05,17.41,17.05,17.41,0.42,+2.47%,0
"2024-04-12 11:00",17.37,17.37,17.03,17.14,-0.27,-1.55%,0
"2024-04-12 11:01",17.13,17.13,16.83,17,-0.14,-0.82%,0
"2024-04-12 11:02",16.99,17.07,16.99,16.99,-0.01,-0.06%,0
"2024-04-12 11:03",16.98,17.1,16.98,17.09,0.1,+0.59%,0
"2024-04-12 11:04",17.06,17.12,17.03,17.04,-0.05,-0.29%,0
"2024-04-12 11:05",17.02,17.26,17.02,17.26,0.22,+1.29%,0
"2024-04-12 11:06",17.22,17.23,17.19,17.19,-0.07,-0.41%,0
"2024-04-12 11:07",17.18,17.32,17.18,17.32,0.13,+0.76%,0
"2024-04-12 11:08",17.35,17.37,17.33,17.33,0.01,+0.06%,0
"2024-04-12 11:09",17.4,17.47,17.36,17.36,0.03,+0.17%,0
"2024-04-12 11:10",17.43,17.61,17.43,17.61,0.25,+1.44%,0
"2024-04-12 11:11",17.63,17.68,17.63,17.68,0.07,+0.40%,0
"2024-04-12 11:12",17.61,17.68,17.61,17.68,0,0.00%,0
"2024-04-12 11:13",17.72,17.72,17.58,17.58,-0.1,-0.57%,0
"2024-04-12 11:14",17.55,17.62,17.55,17.62,0.04,+0.23%,0
"2024-04-12 11:15",17.52,17.58,17.51,17.55,-0.07,-0.40%,0
"2024-04-12 11:16",17.58,17.61,17.55,17.55,0,0.00%,0
"2024-04-12 11:17",17.43,17.43,17.2,17.2,-0.35,-1.99%,0
"2024-04-12 11:18",17.19,17.19,16.66,16.66,-0.54,-3.14%,0
"2024-04-12 11:19",16.66,16.72,16.66,16.72,0.06,+0.36%,0
"2024-04-12 11:20",16.66,16.66,16.6,16.6,-0.12,-0.72%,0
"2024-04-12 11:21",16.55,16.56,16.5,16.5,-0.1,-0.60%,0
"2024-04-12 11:22",16.46,16.55,16.46,16.52,0.02,+0.12%,0
"2024-04-12 11:23",16.5,16.57,16.5,16.57,0.05,+0.30%,0
"2024-04-12 11:24",16.63,16.77,16.63,16.71,0.14,+0.84%,0
"2024-04-12 11:25",16.71,16.8,16.71,16.77,0.06,+0.36%,0
"2024-04-12 11:26",16.81,16.86,16.79,16.79,0.02,+0.12%,0
"2024-04-12 11:27",16.73,16.76,16.7,16.71,-0.08,-0.48%,0
"2024-04-12 11:28",16.68,16.69,16.67,16.67,-0.04,-0.24%,0
"2024-04-12 11:29",16.64,16.64,16.42,16.42,-0.25,-1.50%,0
"2024-04-12 11:30",16.31,16.31,16.29,16.31,-0.11,-0.67%,0
"2024-04-12 11:31",16.31,16.35,16.14,16.14,-0.17,-1.04%,0
"2024-04-12 11:32",16.14,16.16,16.14,16.15,0.01,+0.06%,0
"2024-04-12 11:33",16.15,16.17,16.1,16.1,-0.05,-0.31%,0
"2024-04-12 11:34",16.09,16.1,16.04,16.04,-0.06,-0.37%,0
"2024-04-12 11:35",15.94,16.01,15.79,15.79,-0.25,-1.56%,0
"2024-04-12 11:36",15.81,15.88,15.81,15.88,0.09,+0.57%,0
"2024-04-12 11:37",15.94,16.07,15.94,16,0.12,+0.76%,0
"2024-04-12 11:38",16.09,16.13,16.09,16.13,0.13,+0.81%,0
"2024-04-12 11:39",16.15,16.15,16.09,16.09,-0.04,-0.25%,0
"2024-04-12 11:40",16.13,16.18,16.13,16.14,0.05,+0.31%,0
"2024-04-12 11:41",16.11,16.23,16.11,16.23,0.09,+0.56%,0
"2024-04-12 11:42",16.2,16.29,16.2,16.29,0.06,+0.37%,0
"2024-04-12 11:43",16.42,16.42,16.39,16.39,0.1,+0.61%,0
"2024-04-12 11:44",16.29,16.34,16.15,16.15,-0.24,-1.46%,0
"2024-04-12 11:45",16.08,16.17,16.08,16.15,0,0.00%,0
"2024-04-12 11:46",16.17,16.17,16.04,16.04,-0.11,-0.68%,0
"2024-04-12 11:47",16.05,16.05,15.93,15.93,-0.11,-0.69%,0
"2024-04-12 11:48",15.91,15.91,15.81,15.81,-0.12,-0.75%,0
"2024-04-12 11:49",15.81,15.85,15.81,15.81,0,0.00%,0
"2024-04-12 11:50",15.8,15.96,15.8,15.96,0.15,+0.95%,0
"2024-04-12 11:51",16,16,15.94,15.94,-0.02,-0.13%,0
"2024-04-12 11:52",15.97,16.06,15.97,16.05,0.11,+0.69%,0
"2024-04-12 11:53",16.07,16.15,16.07,16.1,0.05,+0.31%,0
"2024-04-12 11:54",16.06,16.18,16.06,16.13,0.03,+0.19%,0
"2024-04-12 11:55",16.1,16.12,16.1,16.12,-0.01,-0.06%,0
"2024-04-12 11:56",16.07,16.14,16.07,16.14,0.02,+0.12%,0
"2024-04-12 11:57",16.2,16.24,16.14,16.14,0,0.00%,0
"2024-04-12 11:58",16.11,16.18,16.11,16.18,0.04,+0.25%,0
"2024-04-12 11:59",16.17,16.27,16.17,16.27,0.09,+0.56%,0
"2024-04-12 12:00",16.28,16.42,16.28,16.36,0.09,+0.55%,0
"2024-04-12 12:01",16.39,16.51,16.39,16.51,0.15,+0.92%,0
"2024-04-12 12:02",16.45,16.73,16.45,16.67,0.16,+0.97%,0
"2024-04-12 12:03",16.71,16.71,16.55,16.55,-0.12,-0.72%,0
"2024-04-12 12:04",16.56,16.7,16.56,16.65,0.1,+0.60%,0
"2024-04-12 12:05",16.66,16.66,16.51,16.51,-0.14,-0.84%,0
"2024-04-12 12:06",16.54,16.59,16.44,16.44,-0.07,-0.42%,0
"2024-04-12 12:07",16.44,16.63,16.44,16.63,0.19,+1.16%,0
"2024-04-12 12:08",16.66,16.66,16.59,16.59,-0.04,-0.24%,0
"2024-04-12 12:09",16.62,16.68,16.62,16.66,0.07,+0.42%,0
"2024-04-12 12:10",16.71,16.76,16.71,16.71,0.05,+0.30%,0
"2024-04-12 12:11",16.7,16.96,16.7,16.96,0.25,+1.50%,0
"2024-04-12 12:12",16.92,16.92,16.86,16.87,-0.09,-0.53%,0
"2024-04-12 12:13",16.92,17.12,16.92,17.01,0.14,+0.83%,0
"2024-04-12 12:14",17.02,17.09,17.02,17.06,0.05,+0.29%,0
"2024-04-12 12:15",17.13,17.13,17.06,17.1,0.04,+0.23%,0
"2024-04-12 12:16",17.12,17.12,17.07,17.07,-0.03,-0.18%,0
"2024-04-12 12:17",17.16,17.58,17.16,17.58,0.51,+2.99%,0
"2024-04-12 12:18",17.52,17.52,17.39,17.47,-0.11,-0.63%,0
"2024-04-12 12:19",17.49,18.18,17.49,18.18,0.71,+4.06%,0
"2024-04-12 12:20",18.39,18.39,17.99,17.99,-0.19,-1.05%,0
"2024-04-12 12:21",17.77,17.9,17.67,17.67,-0.32,-1.78%,0
"2024-04-12 12:22",17.6,17.68,17.6,17.68,0.01,+0.06%,0
"2024-04-12 12:23",17.68,17.72,17.68,17.7,0.02,+0.11%,0
"2024-04-12 12:24",17.75,17.85,17.72,17.72,0.02,+0.11%,0
"2024-04-12 12:25",17.73,17.73,17.62,17.62,-0.1,-0.56%,0
"2024-04-12 12:26",17.65,17.98,17.65,17.98,0.36,+2.04%,0
"2024-04-12 12:27",17.96,18.05,17.96,18.02,0.04,+0.22%,0
"2024-04-12 12:28",18.01,18.11,18.01,18.11,0.09,+0.50%,0
"2024-04-12 12:29",18.13,18.37,18.13,18.37,0.26,+1.44%,0
"2024-04-12 12:30",18.41,18.41,18.13,18.13,-0.24,-1.31%,0
"2024-04-12 12:31",18.13,18.61,18.13,18.51,0.38,+2.10%,0
"2024-04-12 12:32",18.59,18.92,18.59,18.92,0.41,+2.22%,0
"2024-04-12 12:33",19.08,19.09,18.75,18.75,-0.17,-0.90%,0
"2024-04-12 12:34",18.68,18.68,18.4,18.4,-0.35,-1.87%,0
"2024-04-12 12:35",18.5,18.7,18.5,18.7,0.3,+1.63%,0
"2024-04-12 12:36",18.89,19,18.89,18.99,0.29,+1.55%,0
"2024-04-12 12:37",18.98,19.41,18.98,19.41,0.42,+2.21%,0
"2024-04-12 12:38",19.5,20.15,19.5,20.15,0.74,+3.81%,0
"2024-04-12 12:39",19.8,19.99,19.75,19.75,-0.4,-1.99%,0
"2024-04-12 12:40",19.46,19.46,19.23,19.33,-0.42,-2.13%,0
"2024-04-12 12:41",19.44,19.63,19.44,19.61,0.28,+1.45%,0
"2024-04-12 12:42",19.63,19.69,19.58,19.58,-0.03,-0.15%,0
"2024-04-12 12:43",19.56,19.59,19.54,19.54,-0.04,-0.20%,0
"2024-04-12 12:44",19.59,19.77,19.59,19.77,0.23,+1.18%,0
"2024-04-12 12:45",19.75,19.75,19.62,19.62,-0.15,-0.76%,0
"2024-04-12 12:46",19.57,19.57,19.34,19.48,-0.14,-0.71%,0
"2024-04-12 12:47",19.62,19.97,19.62,19.94,0.46,+2.36%,0
"2024-04-12 12:48",19.89,19.89,19.76,19.76,-0.18,-0.90%,0
"2024-04-12 12:49",19.76,19.91,19.76,19.91,0.15,+0.76%,0
"2024-04-12 12:50",19.96,19.96,19.71,19.71,-0.2,-1.00%,0
"2024-04-12 12:51",19.63,19.68,19.56,19.56,-0.15,-0.76%,0
"2024-04-12 12:52",19.63,19.63,19.34,19.34,-0.22,-1.12%,0
"2024-04-12 12:53",19.28,19.51,19.28,19.51,0.17,+0.88%,0
"2024-04-12 12:54",19.49,19.56,19.49,19.52,0.01,+0.05%,0
"2024-04-12 12:55",19.52,19.55,19.5,19.55,0.03,+0.15%,0
"2024-04-12 12:56",19.52,19.6,19.49,19.6,0.05,+0.26%,0
"2024-04-12 12:57",19.57,19.69,19.57,19.69,0.09,+0.46%,0
"2024-04-12 12:58",19.71,19.75,19.71,19.74,0.05,+0.25%,0
"2024-04-12 12:59",19.74,19.81,19.74,19.81,0.07,+0.35%,0
"2024-04-12 13:00",19.93,20,19.93,19.98,0.17,+0.86%,0
"2024-04-12 13:01",19.91,19.97,19.89,19.97,-0.01,-0.05%,0
"2024-04-12 13:02",19.97,20.5,19.97,20.4,0.43,+2.15%,0
"2024-04-12 13:03",20.35,20.5,20.35,20.37,-0.03,-0.15%,0
"2024-04-12 13:04",20.4,20.52,20.39,20.5,0.13,+0.64%,0
"2024-04-12 13:05",20.44,20.44,20.25,20.34,-0.16,-0.78%,0
"2024-04-12 13:06",20.33,20.33,20.17,20.17,-0.17,-0.84%,0
"2024-04-12 13:07",20.14,20.2,20.14,20.2,0.03,+0.15%,0
"2024-04-12 13:08",20.28,20.4,20.28,20.4,0.2,+0.99%,0
"2024-04-12 13:09",20.44,20.84,20.44,20.84,0.44,+2.16%,0
"2024-04-12 13:10",20.79,20.79,20.48,20.69,-0.15,-0.72%,0
"2024-04-12 13:11",20.58,20.65,20.58,20.65,-0.04,-0.19%,0
"2024-04-12 13:12",20.64,20.65,20.64,20.65,0,0.00%,0
"2024-04-12 13:13",20.64,20.68,20.64,20.65,0,0.00%,0
"2024-04-12 13:14",20.56,20.64,20.56,20.61,-0.04,-0.19%,0
"2024-04-12 13:15",20.68,20.68,20.23,20.23,-0.38,-1.84%,0
"2024-04-12 13:16",20.21,20.31,20.21,20.25,0.02,+0.10%,0
"2024-04-12 13:17",20.25,20.25,20.16,20.25,0,0.00%,0
"2024-04-12 13:18",20.23,20.29,20.23,20.23,-0.02,-0.10%,0
"2024-04-12 13:19",20.26,20.48,20.26,20.48,0.25,+1.24%,0
"2024-04-12 13:20",20.75,21.01,20.75,20.95,0.47,+2.29%,0
"2024-04-12 13:21",20.99,21.2,20.99,21.19,0.24,+1.15%,0
"2024-04-12 13:22",21.19,21.44,21.19,21.42,0.23,+1.09%,0
"2024-04-12 13:23",21.4,21.49,21.39,21.39,-0.03,-0.14%,0
"2024-04-12 13:24",21.38,21.61,21.38,21.6,0.21,+0.98%,0
"2024-04-12 13:25",21.59,21.59,21.39,21.39,-0.21,-0.97%,0
"2024-04-12 13:26",21.26,21.31,21.22,21.22,-0.17,-0.79%,0
"2024-04-12 13:27",21.27,21.35,21.27,21.35,0.13,+0.61%,0
"2024-04-12 13:28",21.37,21.5,21.37,21.5,0.15,+0.70%,0
"2024-04-12 13:29",21.62,21.82,21.62,21.64,0.14,+0.65%,0
"2024-04-12 13:30",21.6,21.81,21.6,21.81,0.17,+0.79%,0
"2024-04-12 13:31",21.76,21.92,21.76,21.92,0.11,+0.50%,0
"2024-04-12 13:32",21.97,22.08,21.97,22.08,0.16,+0.73%,0
"2024-04-12 13:33",22.11,22.12,21.94,21.94,-0.14,-0.63%,0
"2024-04-12 13:34",21.9,21.96,21.9,21.96,0.02,+0.09%,0
"2024-04-12 13:35",21.96,22.02,21.96,22.02,0.06,+0.27%,0
"2024-04-12 13:36",22.05,22.09,22.05,22.09,0.07,+0.32%,0
"2024-04-12 13:37",22.05,22.14,22.05,22.14,0.05,+0.23%,0
"2024-04-12 13:38",22.11,22.22,22.11,22.21,0.07,+0.32%,0
"2024-04-12 13:39",22.13,22.13,21.91,21.91,-0.3,-1.35%,0
"2024-04-12 13:40",21.86,21.86,21.63,21.63,-0.28,-1.28%,0
"2024-04-12 13:41",21.68,21.68,21.63,21.63,0,0.00%,0
"2024-04-12 13:42",21.57,21.57,21.25,21.25,-0.38,-1.76%,0
"2024-04-12 13:43",21.22,21.22,21.12,21.12,-0.13,-0.61%,0
"2024-04-12 13:44",21.08,21.21,21.08,21.21,0.09,+0.43%,0
"2024-04-12 13:45",21.19,21.19,21.18,21.19,-0.02,-0.09%,0
"2024-04-12 13:46",21.25,21.3,21.25,21.3,0.11,+0.52%,0
"2024-04-12 13:47",21.22,21.22,21.06,21.06,-0.24,-1.13%,0
"2024-04-12 13:48",21.07,21.07,20.88,20.88,-0.18,-0.85%,0
"2024-04-12 13:49",20.86,20.89,20.86,20.86,-0.02,-0.10%,0
"2024-04-12 13:50",20.89,20.89,20.76,20.76,-0.1,-0.48%,0
"2024-04-12 13:51",20.64,20.74,20.64,20.74,-0.02,-0.10%,0
"2024-04-12 13:52",20.88,20.91,20.88,20.91,0.17,+0.82%,0
"2024-04-12 13:53",20.92,20.92,20.81,20.81,-0.1,-0.48%,0
"2024-04-12 13:54",20.82,20.82,20.76,20.81,0,0.00%,0
"2024-04-12 13:55",20.74,20.74,20.6,20.61,-0.2,-0.96%,0
"2024-04-12 13:56",20.59,20.64,20.57,20.57,-0.04,-0.19%,0
"2024-04-12 13:57",20.54,20.54,20.49,20.54,-0.03,-0.15%,0
"2024-04-12 13:58",20.56,20.69,20.56,20.67,0.13,+0.63%,0
"2024-04-12 13:59",20.71,20.71,20.65,20.68,0.01,+0.05%,0
"2024-04-12 14:00",20.67,20.84,20.67,20.77,0.09,+0.44%,0
"2024-04-12 14:01",20.75,20.95,20.75,20.95,0.18,+0.87%,0
"2024-04-12 14:02",21.08,21.08,20.98,21.06,0.11,+0.53%,0
"2024-04-12 14:03",21.04,21.06,20.94,20.97,-0.09,-0.43%,0
"2024-04-12 14:04",20.97,20.99,20.84,20.84,-0.13,-0.62%,0
"2024-04-12 14:05",20.66,20.7,20.51,20.51,-0.33,-1.58%,0
"2024-04-12 14:06",20.4,20.49,20.4,20.49,-0.02,-0.10%,0
"2024-04-12 14:07",20.45,20.51,20.44,20.45,-0.04,-0.20%,0
"2024-04-12 14:08",20.37,20.37,20.05,20.05,-0.4,-1.96%,0
"2024-04-12 14:09",19.97,20.15,19.97,20.08,0.03,+0.15%,0
"2024-04-12 14:10",20.05,20.18,20.05,20.15,0.07,+0.35%,0
"2024-04-12 14:11",20.1,20.11,20.1,20.1,-0.05,-0.25%,0
"2024-04-12 14:12",20.05,20.14,20.05,20.14,0.04,+0.20%,0
"2024-04-12 14:13",20.23,20.24,20.18,20.18,0.04,+0.20%,0
"2024-04-12 14:14",20.19,20.23,20.17,20.17,-0.01,-0.05%,0
"2024-04-12 14:15",20.04,20.04,19.95,19.95,-0.22,-1.09%,0
"2024-04-12 14:16",19.93,19.93,19.84,19.84,-0.11,-0.55%,0
"2024-04-12 14:17",19.88,19.95,19.88,19.95,0.11,+0.55%,0
"2024-04-12 14:18",19.95,20.07,19.95,20.06,0.11,+0.55%,0
"2024-04-12 14:19",20.05,20.09,20.05,20.09,0.03,+0.15%,0
"2024-04-12 14:20",20.15,20.17,20.13,20.16,0.07,+0.35%,0
"2024-04-12 14:21",20.13,20.3,20.13,20.22,0.06,+0.30%,0
"2024-04-12 14:22",20.23,20.25,20.22,20.22,0,0.00%,0
"2024-04-12 14:23",20.21,20.32,20.21,20.3,0.08,+0.40%,0
"2024-04-12 14:24",20.35,20.49,20.35,20.42,0.12,+0.59%,0
"2024-04-12 14:25",20.54,20.56,20.53,20.55,0.13,+0.64%,0
"2024-04-12 14:26",20.55,20.62,20.54,20.6,0.05,+0.24%,0
"2024-04-12 14:27",20.59,20.68,20.59,20.68,0.08,+0.39%,0
"2024-04-12 14:28",20.76,20.77,20.73,20.73,0.05,+0.24%,0
"2024-04-12 14:29",20.75,20.76,20.71,20.71,-0.02,-0.10%,0
"2024-04-12 14:30",20.7,20.74,20.7,20.74,0.03,+0.14%,0
"2024-04-12 14:31",20.75,20.79,20.75,20.77,0.03,+0.14%,0
"2024-04-12 14:32",20.78,21.08,20.78,21.08,0.31,+1.49%,0
"2024-04-12 14:33",20.99,21.07,20.99,21.07,-0.01,-0.05%,0
"2024-04-12 14:34",21.07,21.07,20.98,20.98,-0.09,-0.43%,0
"2024-04-12 14:35",21.01,21.02,20.99,21.01,0.03,+0.14%,0
"2024-04-12 14:36",21.03,21.12,21.03,21.08,0.07,+0.33%,0
"2024-04-12 14:37",21.09,21.19,21.09,21.19,0.11,+0.52%,0
"2024-04-12 14:38",21.19,21.25,21.19,21.23,0.04,+0.19%,0
"2024-04-12 14:39",21.23,21.34,21.23,21.34,0.11,+0.52%,0
"2024-04-12 14:40",21.35,21.43,21.35,21.43,0.09,+0.42%,0
"2024-04-12 14:41",21.48,21.49,21.44,21.44,0.01,+0.05%,0
"2024-04-12 14:42",21.31,21.31,20.9,20.9,-0.54,-2.52%,0
"2024-04-12 14:43",20.93,21.06,20.93,21.06,0.16,+0.77%,0
"2024-04-12 14:44",21.05,21.06,21.05,21.05,-0.01,-0.05%,0
"2024-04-12 14:45",21.06,21.06,20.98,20.98,-0.07,-0.33%,0
"2024-04-12 14:46",21.04,21.06,21.01,21.01,0.03,+0.14%,0
"2024-04-12 14:47",20.99,21.16,20.99,21.13,0.12,+0.57%,0
"2024-04-12 14:48",21.13,21.2,21.11,21.2,0.07,+0.33%,0
"2024-04-12 14:49",21.15,21.22,21.15,21.19,-0.01,-0.05%,0
"2024-04-12 14:50",21.23,21.23,21.17,21.17,-0.02,-0.09%,0
"2024-04-12 14:51",21.11,21.11,20.95,20.96,-0.21,-0.99%,0
"2024-04-12 14:52",20.98,20.98,20.94,20.98,0.02,+0.10%,0
"2024-04-12 14:53",20.99,21.06,20.99,21.06,0.08,+0.38%,0
"2024-04-12 14:54",21.03,21.06,21.01,21.04,-0.02,-0.09%,0
"2024-04-12 14:55",21.07,21.11,21.07,21.09,0.05,+0.24%,0
"2024-04-12 14:56",21.13,21.17,21.11,21.16,0.07,+0.33%,0
"2024-04-12 14:57",21.16,21.16,21.12,21.12,-0.04,-0.19%,0
"2024-04-12 14:58",21.13,21.28,21.13,21.28,0.16,+0.76%,0
"2024-04-12 14:59",21.38,21.47,21.36,21.36,0.08,+0.38%,0
"2024-04-12 15:00",21.33,21.63,21.33,21.63,0.27,+1.26%,0
"2024-04-12 15:01",21.62,21.76,21.62,21.75,0.12,+0.55%,0
"2024-04-12 15:02",21.77,21.82,21.77,21.8,0.05,+0.23%,0
"2024-04-12 15:03",21.68,21.69,21.55,21.55,-0.25,-1.15%,0
"2024-04-12 15:04",21.5,21.5,21.25,21.28,-0.27,-1.25%,0
"2024-04-12 15:05",21.31,21.35,21.25,21.35,0.07,+0.33%,0
"2024-04-12 15:06",21.36,21.36,21.25,21.27,-0.08,-0.37%,0
"2024-04-12 15:07",21.32,21.36,21.32,21.35,0.08,+0.38%,0
"2024-04-12 15:08",21.38,21.52,21.38,21.52,0.17,+0.80%,0
"2024-04-12 15:09",21.53,21.57,21.49,21.49,-0.03,-0.14%,0
"2024-04-12 15:10",21.43,21.46,21.43,21.45,-0.04,-0.19%,0
"2024-04-12 15:11",21.44,21.44,21.35,21.35,-0.1,-0.47%,0
"2024-04-12 15:12",21.25,21.28,21.24,21.24,-0.11,-0.52%,0
"2024-04-12 15:13",21.29,21.45,21.29,21.4,0.16,+0.75%,0
"2024-04-12 15:14",21.4,21.44,21.35,21.35,-0.05,-0.23%,0
"2024-04-12 15:15",21.36,21.42,21.36,21.4,0.05,+0.23%,0
"2024-04-12 15:16",21.39,21.39,21.28,21.28,-0.12,-0.56%,0
"2024-04-12 15:17",21.25,21.35,21.25,21.34,0.06,+0.28%,0
"2024-04-12 15:18",21.4,21.4,21.31,21.34,0,0.00%,0
"2024-04-12 15:19",21.32,21.32,20.93,20.95,-0.39,-1.83%,0
"2024-04-12 15:20",20.99,21.01,20.85,20.85,-0.1,-0.48%,0
"2024-04-12 15:21",20.89,20.96,20.88,20.96,0.11,+0.53%,0
"2024-04-12 15:22",20.93,20.99,20.93,20.99,0.03,+0.14%,0
"2024-04-12 15:23",20.93,20.96,20.93,20.96,-0.03,-0.14%,0
"2024-04-12 15:24",20.91,20.91,20.79,20.79,-0.17,-0.81%,0
"2024-04-12 15:25",20.82,20.82,20.8,20.81,0.02,+0.10%,0
"2024-04-12 15:26",20.75,20.76,20.73,20.74,-0.07,-0.34%,0
"2024-04-12 15:27",20.79,20.82,20.76,20.76,0.02,+0.10%,0
"2024-04-12 15:28",20.75,20.75,20.6,20.7,-0.06,-0.29%,0
"2024-04-12 15:29",20.73,20.88,20.73,20.88,0.18,+0.87%,0
"2024-04-12 15:30",20.93,20.93,20.82,20.82,-0.06,-0.29%,0
"2024-04-12 15:31",20.77,20.77,20.46,20.46,-0.36,-1.73%,0
"2024-04-12 15:32",20.47,20.47,20.32,20.33,-0.13,-0.64%,0
"2024-04-12 15:33",20.29,20.29,20.21,20.21,-0.12,-0.59%,0
"2024-04-12 15:34",20.18,20.18,20.12,20.12,-0.09,-0.45%,0
"2024-04-12 15:35",20.13,20.26,20.13,20.25,0.13,+0.65%,0
"2024-04-12 15:36",20.26,20.33,20.26,20.33,0.08,+0.40%,0
"2024-04-12 15:37",20.33,20.36,20.33,20.36,0.03,+0.15%,0
"2024-04-12 15:38",20.39,20.58,20.39,20.54,0.18,+0.88%,0
"2024-04-12 15:39",20.59,20.66,20.59,20.66,0.12,+0.58%,0
"2024-04-12 15:40",20.71,20.71,20.58,20.58,-0.08,-0.39%,0
"2024-04-12 15:41",20.57,20.57,20.5,20.5,-0.08,-0.39%,0
"2024-04-12 15:42",20.47,20.63,20.47,20.56,0.06,+0.29%,0
"2024-04-12 15:43",20.49,20.49,20.32,20.32,-0.24,-1.17%,0
"2024-04-12 15:44",20.35,20.39,20.3,20.3,-0.02,-0.10%,0
"2024-04-12 15:45",20.27,20.27,20.14,20.14,-0.16,-0.79%,0
"2024-04-12 15:46",20.07,20.07,19.97,19.97,-0.17,-0.84%,0
"2024-04-12 15:47",19.95,20.01,19.91,20.01,0.04,+0.20%,0
"2024-04-12 15:48",20.05,20.1,20.02,20.02,0.01,+0.05%,0
"2024-04-12 15:49",20.04,20.04,19.88,19.88,-0.14,-0.70%,0
"2024-04-12 15:50",19.86,19.97,19.86,19.97,0.09,+0.45%,0
"2024-04-12 15:51",19.98,19.98,19.84,19.85,-0.12,-0.60%,0
"2024-04-12 15:52",19.91,20.01,19.91,20.01,0.16,+0.81%,0
"2024-04-12 15:53",19.88,20.04,19.88,20.04,0.03,+0.15%,0
"2024-04-12 15:54",20.14,20.14,20.07,20.11,0.07,+0.35%,0
"2024-04-12 15:55",20.13,20.13,20.06,20.07,-0.04,-0.20%,0
"2024-04-12 15:56",20.11,20.11,20.04,20.04,-0.03,-0.15%,0
"2024-04-12 15:57",20,20,19.9,19.9,-0.14,-0.70%,0
"2024-04-12 15:58",19.94,19.94,19.87,19.87,-0.03,-0.15%,0
"2024-04-12 15:59",20.15,20.23,20.11,20.11,0.24,+1.21%,0
"2024-04-12 16:00",19.39,19.83,19.39,19.66,-0.45,-2.24%,0
"2024-04-12 16:01",19.57,19.57,19.5,19.5,-0.16,-0.81%,0
"2024-04-12 16:02",19.52,19.67,19.5,19.5,0,0.00%,0
"2024-04-12 16:03",19.6,19.62,19.56,19.56,0.06,+0.31%,0
"2024-04-12 16:04",19.49,19.53,19.31,19.31,-0.25,-1.28%,0
"2024-04-12 16:05",19.37,19.37,19.33,19.33,0.02,+0.10%,0
"2024-04-12 16:06",19.37,19.5,19.37,19.41,0.08,+0.41%,0
"2024-04-12 16:07",19.41,19.46,19.39,19.39,-0.02,-0.10%,0
"2024-04-12 16:08",19.36,19.39,19.36,19.37,-0.02,-0.10%,0
"2024-04-12 16:09",19.36,19.56,19.36,19.53,0.16,+0.83%,0
"2024-04-12 16:10",19.53,19.68,19.53,19.58,0.05,+0.26%,0
"2024-04-12 16:11",19.59,19.7,19.59,19.7,0.12,+0.61%,0
"2024-04-12 16:12",19.69,19.78,19.69,19.78,0.08,+0.41%,0
"2024-04-12 16:13",19.72,19.96,19.72,19.96,0.18,+0.91%,0
"2024-04-12 16:14",20.04,20.23,20.04,20.23,0.27,+1.35%,0
"2024-04-12 16:15",20.37,20.37,20.37,20.37,0.14,+0.69%,0
"2024-04-15 09:31",11.81,11.81,11.68,11.73,-8.64,-42.42%,0
"2024-04-15 09:32",11.74,11.74,11.54,11.54,-0.19,-1.62%,0
"2024-04-15 09:33",11.49,11.52,11.45,11.52,-0.02,-0.17%,0
"2024-04-15 09:34",11.55,11.55,11.47,11.48,-0.04,-0.35%,0
"2024-04-15 09:35",11.46,11.47,11.4,11.4,-0.08,-0.70%,0
"2024-04-15 09:36",11.41,11.47,11.41,11.47,0.07,+0.61%,0
"2024-04-15 09:37",11.5,11.52,11.44,11.44,-0.03,-0.26%,0
"2024-04-15 09:38",11.46,11.48,11.43,11.48,0.04,+0.35%,0
"2024-04-15 09:39",11.45,11.45,11.39,11.45,-0.03,-0.26%,0
"2024-04-15 09:40",11.43,11.44,11.39,11.44,-0.01,-0.09%,0
"2024-04-15 09:41",11.41,11.47,11.41,11.43,-0.01,-0.09%,0
"2024-04-15 09:42",11.43,11.43,11.35,11.35,-0.08,-0.70%,0
"2024-04-15 09:43",11.37,11.37,11.35,11.35,0,0.00%,0
"2024-04-15 09:44",11.35,11.42,11.35,11.42,0.07,+0.62%,0
"2024-04-15 09:45",11.43,11.44,11.38,11.44,0.02,+0.18%,0
"2024-04-15 09:46",11.45,11.46,11.44,11.46,0.02,+0.17%,0
"2024-04-15 09:47",11.42,11.56,11.42,11.56,0.1,+0.87%,0
"2024-04-15 09:48",11.65,11.65,11.54,11.57,0.01,+0.09%,0
"2024-04-15 09:49",11.53,11.53,11.5,11.5,-0.07,-0.61%,0
"2024-04-15 09:50",11.53,11.53,11.43,11.46,-0.04,-0.35%,0
"2024-04-15 09:51",11.48,11.48,11.39,11.44,-0.02,-0.17%,0
"2024-04-15 09:52",11.47,11.47,11.43,11.43,-0.01,-0.09%,0
"2024-04-15 09:53",11.44,11.44,11.37,11.4,-0.03,-0.26%,0
"2024-04-15 09:54",11.36,11.39,11.34,11.34,-0.06,-0.53%,0
"2024-04-15 09:55",11.36,11.41,11.36,11.41,0.07,+0.62%,0
"2024-04-15 09:56",11.44,11.44,11.42,11.42,0.01,+0.09%,0
"2024-04-15 09:57",11.41,11.45,11.41,11.45,0.03,+0.26%,0
"2024-04-15 09:58",11.42,11.47,11.41,11.43,-0.02,-0.17%,0
"2024-04-15 09:59",11.42,11.42,11.37,11.37,-0.06,-0.52%,0
"2024-04-15 10:00",11.33,11.39,11.33,11.38,0.01,+0.09%,0
"2024-04-15 10:01",11.34,11.35,11.3,11.3,-0.08,-0.70%,0
"2024-04-15 10:02",11.24,11.28,11.24,11.25,-0.05,-0.44%,0
"2024-04-15 10:03",11.28,11.35,11.28,11.34,0.09,+0.80%,0
"2024-04-15 10:04",11.37,11.42,11.37,11.42,0.08,+0.71%,0
"2024-04-15 10:05",11.42,11.46,11.42,11.45,0.03,+0.26%,0
"2024-04-15 10:06",11.49,11.52,11.45,11.48,0.03,+0.26%,0
"2024-04-15 10:07",11.58,11.81,11.58,11.81,0.33,+2.87%,0
"2024-04-15 10:08",11.99,12.61,11.99,12.32,0.51,+4.32%,0
"2024-04-15 10:09",12.18,12.55,12.14,12.55,0.23,+1.87%,0
"2024-04-15 10:10",12.73,13.21,12.73,13.21,0.66,+5.26%,0
"2024-04-15 10:11",13.18,13.7,13.18,13.7,0.49,+3.71%,0
"2024-04-15 10:12",13.94,13.94,13.37,13.37,-0.33,-2.41%,0
"2024-04-15 10:13",13.31,13.31,13.04,13.08,-0.29,-2.17%,0
"2024-04-15 10:14",13.16,13.28,13.16,13.25,0.17,+1.30%,0
"2024-04-15 10:15",13.23,13.23,12.81,12.81,-0.44,-3.32%,0
"2024-04-15 10:16",12.57,12.64,12.46,12.64,-0.17,-1.33%,0
"2024-04-15 10:17",12.66,12.82,12.66,12.82,0.18,+1.42%,0
"2024-04-15 10:18",12.74,12.87,12.74,12.87,0.05,+0.39%,0
"2024-04-15 10:19",12.83,12.92,12.83,12.91,0.04,+0.31%,0
"2024-04-15 10:20",12.95,13.29,12.95,13.29,0.38,+2.94%,0
"2024-04-15 10:21",13.48,13.74,13.48,13.66,0.37,+2.78%,0
"2024-04-15 10:22",13.81,13.81,13.4,13.4,-0.26,-1.90%,0
"2024-04-15 10:23",13.38,13.4,13.13,13.13,-0.27,-2.01%,0
"2024-04-15 10:24",13.22,13.34,13.22,13.32,0.19,+1.45%,0
"2024-04-15 10:25",13.34,13.4,13.32,13.4,0.08,+0.60%,0
"2024-04-15 10:26",13.42,13.42,13.38,13.38,-0.02,-0.15%,0
"2024-04-15 10:27",13.37,13.57,13.37,13.57,0.19,+1.42%,0
"2024-04-15 10:28",13.61,13.61,13.53,13.58,0.01,+0.07%,0
"2024-04-15 10:29",13.61,13.68,13.43,13.43,-0.15,-1.10%,0
"2024-04-15 10:30",13.43,13.53,13.34,13.34,-0.09,-0.67%,0
"2024-04-15 10:31",13.39,13.39,13.35,13.35,0.01,+0.07%,0
"2024-04-15 10:32",13.34,13.42,13.2,13.2,-0.15,-1.12%,0
"2024-04-15 10:33",13.16,13.27,13.09,13.27,0.07,+0.53%,0
"2024-04-15 10:34",13.42,13.73,13.42,13.65,0.38,+2.86%,0
"2024-04-15 10:35",13.67,13.78,13.61,13.78,0.13,+0.95%,0
"2024-04-15 10:36",13.79,13.79,13.48,13.48,-0.3,-2.18%,0
"2024-04-15 10:37",13.5,13.86,13.5,13.86,0.38,+2.82%,0
"2024-04-15 10:38",14.14,14.35,14.14,14.26,0.4,+2.89%,0
"2024-04-15 10:39",14.42,14.64,14.42,14.52,0.26,+1.82%,0
"2024-04-15 10:40",14.39,14.39,14.2,14.2,-0.32,-2.20%,0
"2024-04-15 10:41",13.99,14.13,13.99,14.13,-0.07,-0.49%,0
"2024-04-15 10:42",14.04,14.04,13.96,14.02,-0.11,-0.78%,0
"2024-04-15 10:43",14.16,14.56,14.16,14.41,0.39,+2.78%,0
"2024-04-15 10:44",14.35,14.35,14.11,14.11,-0.3,-2.08%,0
"2024-04-15 10:45",14.1,14.31,14.1,14.31,0.2,+1.42%,0
"2024-04-15 10:46",14.3,14.39,14.3,14.39,0.08,+0.56%,0
"2024-04-15 10:47",14.55,14.55,14.45,14.49,0.1,+0.69%,0
"2024-04-15 10:48",14.39,14.39,14.29,14.29,-0.2,-1.38%,0
"2024-04-15 10:49",13.95,14.01,13.95,13.97,-0.32,-2.24%,0
"2024-04-15 10:50",13.97,14.1,13.97,14.1,0.13,+0.93%,0
"2024-04-15 10:51",14.12,14.14,14.12,14.14,0.04,+0.28%,0
"2024-04-15 10:52",14.25,14.34,14.25,14.26,0.12,+0.85%,0
"2024-04-15 10:53",14.35,14.49,14.32,14.49,0.23,+1.61%,0
"2024-04-15 10:54",14.64,14.64,14.54,14.56,0.07,+0.48%,0
"2024-04-15 10:55",14.6,14.68,14.59,14.59,0.03,+0.21%,0
"2024-04-15 10:56",14.61,14.68,14.61,14.67,0.08,+0.55%,0
"2024-04-15 10:57",14.54,14.55,14.44,14.55,-0.12,-0.82%,0
"2024-04-15 10:58",14.52,14.64,14.52,14.63,0.08,+0.55%,0
"2024-04-15 10:59",14.68,14.75,14.68,14.75,0.12,+0.82%,0
"2024-04-15 11:00",14.82,14.89,14.82,14.89,0.14,+0.95%,0
"2024-04-15 11:01",14.91,14.96,14.71,14.71,-0.18,-1.21%,0
"2024-04-15 11:02",14.66,14.8,14.66,14.8,0.09,+0.61%,0
"2024-04-15 11:03",14.77,14.77,14.68,14.68,-0.12,-0.81%,0
"2024-04-15 11:04",14.67,14.69,14.62,14.69,0.01,+0.07%,0
"2024-04-15 11:05",14.66,14.66,14.59,14.59,-0.1,-0.68%,0
"2024-04-15 11:06",14.63,14.72,14.63,14.72,0.13,+0.89%,0
"2024-04-15 11:07",14.75,14.75,14.59,14.59,-0.13,-0.88%,0
"2024-04-15 11:08",14.55,14.69,14.55,14.69,0.1,+0.69%,0
"2024-04-15 11:09",14.66,14.76,14.66,14.76,0.07,+0.48%,0
"2024-04-15 11:10",14.79,14.8,14.64,14.64,-0.12,-0.81%,0
"2024-04-15 11:11",14.64,14.64,14.51,14.61,-0.03,-0.20%,0
"2024-04-15 11:12",14.55,14.56,14.54,14.55,-0.06,-0.41%,0
"2024-04-15 11:13",14.56,14.63,14.55,14.55,0,0.00%,0
"2024-04-15 11:14",14.58,14.62,14.58,14.62,0.07,+0.48%,0
"2024-04-15 11:15",14.69,14.79,14.69,14.79,0.17,+1.16%,0
"2024-04-15 11:16",14.81,14.81,14.7,14.74,-0.05,-0.34%,0
"2024-04-15 11:17",14.85,14.85,14.74,14.78,0.04,+0.27%,0
"2024-04-15 11:18",14.73,14.81,14.73,14.81,0.03,+0.20%,0
"2024-04-15 11:19",14.83,14.85,14.77,14.77,-0.04,-0.27%,0
"2024-04-15 11:20",14.7,14.82,14.7,14.81,0.04,+0.27%,0
"2024-04-15 11:21",14.8,14.84,14.76,14.84,0.03,+0.20%,0
"2024-04-15 11:22",14.83,14.89,14.83,14.89,0.05,+0.34%,0
"2024-04-15 11:23",14.93,14.94,14.9,14.92,0.03,+0.20%,0
"2024-04-15 11:24",14.86,14.86,14.81,14.84,-0.08,-0.54%,0
"2024-04-15 11:25",14.83,14.9,14.83,14.84,0,0.00%,0
"2024-04-15 11:26",14.84,14.88,14.84,14.88,0.04,+0.27%,0
"2024-04-15 11:27",14.88,14.88,14.74,14.74,-0.14,-0.94%,0
"2024-04-15 11:28",14.68,14.68,14.55,14.55,-0.19,-1.29%,0
"2024-04-15 11:29",14.49,14.51,14.39,14.39,-0.16,-1.10%,0
"2024-04-15 11:30",14.36,14.36,14.23,14.23,-0.16,-1.11%,0
"2024-04-15 11:31",14.2,14.24,14.17,14.17,-0.06,-0.42%,0
"2024-04-15 11:32",14.14,14.14,14.01,14.01,-0.16,-1.13%,0
"2024-04-15 11:33",13.98,14.02,13.92,13.92,-0.09,-0.64%,0
"2024-04-15 11:34",13.92,13.92,13.84,13.84,-0.08,-0.57%,0
"2024-04-15 11:35",13.9,13.96,13.9,13.91,0.07,+0.51%,0
"2024-04-15 11:36",13.87,14.19,13.87,14.19,0.28,+2.01%,0
"2024-04-15 11:37",14.18,14.26,14.08,14.08,-0.11,-0.78%,0
"2024-04-15 11:38",14.14,14.2,14.14,14.2,0.12,+0.85%,0
"2024-04-15 11:39",14.19,14.24,14.19,14.2,0,0.00%,0
"2024-04-15 11:40",14.25,14.25,14.11,14.11,-0.09,-0.63%,0
"2024-04-15 11:41",14.1,14.22,14.1,14.22,0.11,+0.78%,0
"2024-04-15 11:42",14.22,14.5,14.22,14.5,0.28,+1.97%,0
"2024-04-15 11:43",14.52,14.54,14.48,14.48,-0.02,-0.14%,0
"2024-04-15 11:44",14.48,14.48,14.46,14.46,-0.02,-0.14%,0
"2024-04-15 11:45",14.48,14.48,14.31,14.31,-0.15,-1.04%,0
"2024-04-15 11:46",14.22,14.25,14.21,14.25,-0.06,-0.42%,0
"2024-04-15 11:47",14.21,14.33,14.21,14.33,0.08,+0.56%,0
"2024-04-15 11:48",14.35,14.42,14.31,14.31,-0.02,-0.14%,0
"2024-04-15 11:49",14.3,14.39,14.3,14.39,0.08,+0.56%,0
"2024-04-15 11:50",14.41,14.48,14.3,14.3,-0.09,-0.63%,0
"2024-04-15 11:51",14.25,14.25,14.17,14.17,-0.13,-0.91%,0
"2024-04-15 11:52",14.12,14.12,14.06,14.07,-0.1,-0.71%,0
"2024-04-15 11:53",14.13,14.22,14.13,14.22,0.15,+1.07%,0
"2024-04-15 11:54",14.2,14.2,14.16,14.16,-0.06,-0.42%,0
"2024-04-15 11:55",14.15,14.17,14.13,14.15,-0.01,-0.07%,0
"2024-04-15 11:56",14.18,14.21,14.18,14.19,0.04,+0.28%,0
"2024-04-15 11:57",14.2,14.23,14.2,14.22,0.03,+0.21%,0
"2024-04-15 11:58",14.23,14.26,14.23,14.24,0.02,+0.14%,0
"2024-04-15 11:59",14.26,14.33,14.26,14.3,0.06,+0.42%,0
"2024-04-15 12:00",14.3,14.4,14.3,14.31,0.01,+0.07%,0
"2024-04-15 12:01",14.3,14.32,14.28,14.28,-0.03,-0.21%,0
"2024-04-15 12:02",14.27,14.32,14.27,14.29,0.01,+0.07%,0
"2024-04-15 12:03",14.26,14.28,14.22,14.22,-0.07,-0.49%,0
"2024-04-15 12:04",14.2,14.28,14.2,14.27,0.05,+0.35%,0
"2024-04-15 12:05",14.21,14.28,14.21,14.28,0.01,+0.07%,0
"2024-04-15 12:06",14.26,14.31,14.26,14.31,0.03,+0.21%,0
"2024-04-15 12:07",14.28,14.35,14.28,14.35,0.04,+0.28%,0
"2024-04-15 12:08",14.32,14.32,14.23,14.23,-0.12,-0.84%,0
"2024-04-15 12:09",14.24,14.24,14.22,14.22,-0.01,-0.07%,0
"2024-04-15 12:10",14.25,14.29,14.25,14.29,0.07,+0.49%,0
"2024-04-15 12:11",14.31,14.37,14.31,14.37,0.08,+0.56%,0
"2024-04-15 12:12",14.36,14.36,14.32,14.32,-0.05,-0.35%,0
"2024-04-15 12:13",14.34,14.38,14.29,14.31,-0.01,-0.07%,0
"2024-04-15 12:14",14.3,14.33,14.3,14.33,0.02,+0.14%,0
"2024-04-15 12:15",14.31,14.31,14.27,14.31,-0.02,-0.14%,0
"2024-04-15 12:16",14.39,14.44,14.39,14.41,0.1,+0.70%,0
"2024-04-15 12:17",14.41,14.54,14.41,14.46,0.05,+0.35%,0
"2024-04-15 12:18",14.46,14.72,14.46,14.72,0.26,+1.80%,0
"2024-04-15 12:19",14.74,14.84,14.74,14.84,0.12,+0.82%,0
"2024-04-15 12:20",14.84,14.84,14.68,14.68,-0.16,-1.08%,0
"2024-04-15 12:21",14.7,14.83,14.7,14.83,0.15,+1.02%,0
"2024-04-15 12:22",14.95,15.22,14.95,15.22,0.39,+2.63%,0
"2024-04-15 12:23",15.27,15.43,15.27,15.43,0.21,+1.38%,0
"2024-04-15 12:24",15.48,15.91,15.48,15.88,0.45,+2.92%,0
"2024-04-15 12:25",15.79,15.88,15.65,15.65,-0.23,-1.45%,0
"2024-04-15 12:26",15.56,15.68,15.56,15.68,0.03,+0.19%,0
"2024-04-15 12:27",15.69,15.9,15.69,15.74,0.06,+0.38%,0
"2024-04-15 12:28",15.75,15.75,15.69,15.69,-0.05,-0.32%,0
"2024-04-15 12:29",15.66,15.67,15.65,15.67,-0.02,-0.13%,0
"2024-04-15 12:30",15.69,16.1,15.69,16.1,0.43,+2.74%,0
"2024-04-15 12:31",16.16,16.17,16.12,16.12,0.02,+0.12%,0
"2024-04-15 12:32",16.06,16.06,15.86,15.86,-0.26,-1.61%,0
"2024-04-15 12:33",15.9,15.9,15.81,15.83,-0.03,-0.19%,0
"2024-04-15 12:34",15.84,15.96,15.84,15.96,0.13,+0.82%,0
"2024-04-15 12:35",15.95,15.98,15.93,15.93,-0.03,-0.19%,0
"2024-04-15 12:36",15.91,16.07,15.91,16.07,0.14,+0.88%,0
"2024-04-15 12:37",16.11,16.18,16.08,16.18,0.11,+0.68%,0
"2024-04-15 12:38",16.16,16.45,16.16,16.36,0.18,+1.11%,0
"2024-04-15 12:39",16.31,16.4,16.31,16.35,-0.01,-0.06%,0
"2024-04-15 12:40",16.28,16.28,15.99,16.03,-0.32,-1.96%,0
"2024-04-15 12:41",16.12,16.2,16.12,16.16,0.13,+0.81%,0
"2024-04-15 12:42",16.24,16.6,16.24,16.6,0.44,+2.72%,0
"2024-04-15 12:43",16.64,16.64,16.61,16.63,0.03,+0.18%,0
"2024-04-15 12:44",16.61,16.68,16.61,16.62,-0.01,-0.06%,0
"2024-04-15 12:45",16.66,16.77,16.66,16.77,0.15,+0.90%,0
"2024-04-15 12:46",16.77,16.79,16.75,16.77,0,0.00%,0
"2024-04-15 12:47",16.68,16.68,16.63,16.63,-0.14,-0.83%,0
"2024-04-15 12:48",16.64,16.64,16.51,16.51,-0.12,-0.72%,0
"2024-04-15 12:49",16.41,16.56,16.41,16.56,0.05,+0.30%,0
"2024-04-15 12:50",16.57,16.58,16.56,16.57,0.01,+0.06%,0
"2024-04-15 12:51",16.56,16.66,16.54,16.54,-0.03,-0.18%,0
"2024-04-15 12:52",16.52,16.6,16.52,16.6,0.06,+0.36%,0
"2024-04-15 12:53",16.56,16.6,16.48,16.48,-0.12,-0.72%,0
"2024-04-15 12:54",16.44,16.56,16.44,16.55,0.07,+0.42%,0
"2024-04-15 12:55",16.49,16.55,16.49,16.53,-0.02,-0.12%,0
"2024-04-15 12:56",16.57,16.58,16.52,16.52,-0.01,-0.06%,0
"2024-04-15 12:57",16.55,16.62,16.55,16.61,0.09,+0.54%,0
"2024-04-15 12:58",16.6,16.6,16.53,16.53,-0.08,-0.48%,0
"2024-04-15 12:59",16.5,16.51,16.38,16.38,-0.15,-0.91%,0
"2024-04-15 13:00",16.41,16.64,16.41,16.64,0.26,+1.59%,0
"2024-04-15 13:01",16.66,16.7,16.66,16.7,0.06,+0.36%,0
"2024-04-15 13:02",16.66,16.66,16.54,16.54,-0.16,-0.96%,0
"2024-04-15 13:03",16.54,16.6,16.52,16.52,-0.02,-0.12%,0
"2024-04-15 13:04",16.49,16.49,16.43,16.46,-0.06,-0.36%,0
"2024-04-15 13:05",16.46,16.47,16.3,16.3,-0.16,-0.97%,0
"2024-04-15 13:06",16.31,16.31,16.23,16.23,-0.07,-0.43%,0
"2024-04-15 13:07",16.21,16.26,16.21,16.26,0.03,+0.18%,0
"2024-04-15 13:08",16.2,16.24,16.16,16.16,-0.1,-0.62%,0
"2024-04-15 13:09",16.12,16.22,16.12,16.19,0.03,+0.19%,0
"2024-04-15 13:10",16.21,16.6,16.21,16.6,0.41,+2.53%,0
"2024-04-15 13:11",16.72,16.72,16.64,16.64,0.04,+0.24%,0
"2024-04-15 13:12",16.65,16.69,16.63,16.63,-0.01,-0.06%,0
"2024-04-15 13:13",16.65,16.82,16.65,16.82,0.19,+1.14%,0
"2024-04-15 13:14",16.87,16.87,16.8,16.82,0,0.00%,0
"2024-04-15 13:15",16.85,16.93,16.85,16.93,0.11,+0.65%,0
"2024-04-15 13:16",16.95,16.97,16.92,16.92,-0.01,-0.06%,0
"2024-04-15 13:17",17.03,17.06,17,17,0.08,+0.47%,0
"2024-04-15 13:18",17.05,17.34,17.05,17.34,0.34,+2.00%,0
"2024-04-15 13:19",17.67,17.88,17.67,17.83,0.49,+2.83%,0
"2024-04-15 13:20",17.88,18.22,17.88,18.21,0.38,+2.13%,0
"2024-04-15 13:21",18.21,18.41,18.17,18.41,0.2,+1.10%,0
"2024-04-15 13:22",18.57,18.7,18.57,18.7,0.29,+1.58%,0
"2024-04-15 13:23",18.73,18.8,18.72,18.73,0.03,+0.16%,0
"2024-04-15 13:24",18.71,18.77,18.7,18.7,-0.03,-0.16%,0
"2024-04-15 13:25",18.74,18.74,18.69,18.69,-0.01,-0.05%,0
"2024-04-15 13:26",18.78,19.32,18.78,19.32,0.63,+3.37%,0
"2024-04-15 13:27",19.34,19.5,19.34,19.5,0.18,+0.93%,0
"2024-04-15 13:28",19.43,19.77,19.43,19.75,0.25,+1.28%,0
"2024-04-15 13:29",19.92,20.11,19.92,20.04,0.29,+1.47%,0
"2024-04-15 13:30",20.19,20.88,20.19,20.88,0.84,+4.19%,0
"2024-04-15 13:31",21.17,21.52,20.79,20.79,-0.09,-0.43%,0
"2024-04-15 13:32",20.61,20.94,20.47,20.94,0.15,+0.72%,0
"2024-04-15 13:33",20.91,20.91,20.57,20.57,-0.37,-1.77%,0
"2024-04-15 13:34",20.52,20.52,20,20,-0.57,-2.77%,0
"2024-04-15 13:35",20.16,20.16,19.87,20.01,0.01,+0.05%,0
"2024-04-15 13:36",19.8,19.97,19.8,19.97,-0.04,-0.20%,0
"2024-04-15 13:37",20.07,20.13,20.01,20.04,0.07,+0.35%,0
"2024-04-15 13:38",20.03,20.17,20.03,20.17,0.13,+0.65%,0
"2024-04-15 13:39",20.34,20.56,20.34,20.56,0.39,+1.93%,0
"2024-04-15 13:40",20.57,20.74,20.57,20.63,0.07,+0.34%,0
"2024-04-15 13:41",20.27,20.28,20.23,20.28,-0.35,-1.70%,0
"2024-04-15 13:42",20.27,20.27,19.91,19.91,-0.37,-1.82%,0
"2024-04-15 13:43",19.89,20.06,19.89,20.06,0.15,+0.75%,0
"2024-04-15 13:44",20.11,20.34,20.11,20.34,0.28,+1.40%,0
"2024-04-15 13:45",20.51,20.51,20.26,20.26,-0.08,-0.39%,0
"2024-04-15 13:46",20.23,20.39,20.23,20.39,0.13,+0.64%,0
"2024-04-15 13:47",20.47,20.51,20.47,20.5,0.11,+0.54%,0
"2024-04-15 13:48",20.52,20.57,20.45,20.52,0.02,+0.10%,0
"2024-04-15 13:49",20.45,20.89,20.45,20.89,0.37,+1.80%,0
"2024-04-15 13:50",20.86,20.92,20.67,20.76,-0.13,-0.62%,0
"2024-04-15 13:51",20.85,21.13,20.85,21.13,0.37,+1.78%,0
"2024-04-15 13:52",21.1,21.1,20.89,20.89,-0.24,-1.14%,0
"2024-04-15 13:53",20.6,20.61,20.51,20.51,-0.38,-1.82%,0
"2024-04-15 13:54",20.58,20.65,20.58,20.65,0.14,+0.68%,0
"2024-04-15 13:55",20.64,20.68,20.58,20.59,-0.06,-0.29%,0
"2024-04-15 13:56",20.6,20.6,20.49,20.49,-0.1,-0.49%,0
"2024-04-15 13:57",20.42,20.42,20.15,20.15,-0.34,-1.66%,0
"2024-04-15 13:58",20.11,20.11,19.69,19.69,-0.46,-2.28%,0
"2024-04-15 13:59",19.54,19.54,19.46,19.52,-0.17,-0.86%,0
"2024-04-15 14:00",19.5,19.69,19.5,19.59,0.07,+0.36%,0
"2024-04-15 14:01",19.63,19.92,19.63,19.92,0.33,+1.68%,0
"2024-04-15 14:02",19.96,20.2,19.96,20.2,0.28,+1.41%,0
"2024-04-15 14:03",20.12,20.26,20.12,20.26,0.06,+0.30%,0
"2024-04-15 14:04",20.24,20.24,20.06,20.06,-0.2,-0.99%,0
"2024-04-15 14:05",19.99,19.99,19.87,19.89,-0.17,-0.85%,0
"2024-04-15 14:06",19.87,19.9,19.84,19.84,-0.05,-0.25%,0
"2024-04-15 14:07",19.99,20.02,19.97,19.97,0.13,+0.66%,0
"2024-04-15 14:08",20.05,20.07,19.99,20.07,0.1,+0.50%,0
"2024-04-15 14:09",20.11,20.12,20.1,20.1,0.03,+0.15%,0
"2024-04-15 14:10",20.1,20.1,20.04,20.07,-0.03,-0.15%,0
"2024-04-15 14:11",20.13,20.17,20.13,20.14,0.07,+0.35%,0
"2024-04-15 14:12",20.12,20.29,20.12,20.29,0.15,+0.74%,0
"2024-04-15 14:13",20.29,20.29,20.08,20.08,-0.21,-1.03%,0
"2024-04-15 14:14",20.04,20.08,20.02,20.02,-0.06,-0.30%,0
"2024-04-15 14:15",19.99,20.01,19.89,19.89,-0.13,-0.65%,0
"2024-04-15 14:16",19.88,20.03,19.88,20.03,0.14,+0.70%,0
"2024-04-15 14:17",20.1,20.1,20.01,20.02,-0.01,-0.05%,0
"2024-04-15 14:18",20.06,20.1,19.95,19.95,-0.07,-0.35%,0
"2024-04-15 14:19",19.88,19.88,19.85,19.85,-0.1,-0.50%,0
"2024-04-15 14:20",19.82,19.82,19.68,19.68,-0.17,-0.86%,0
"2024-04-15 14:21",19.59,19.75,19.59,19.75,0.07,+0.36%,0
"2024-04-15 14:22",19.79,19.93,19.79,19.93,0.18,+0.91%,0
"2024-04-15 14:23",19.97,20.18,19.97,20.08,0.15,+0.75%,0
"2024-04-15 14:24",20.05,20.17,20.05,20.17,0.09,+0.45%,0
"2024-04-15 14:25",20.12,20.12,19.83,19.83,-0.34,-1.69%,0
"2024-04-15 14:26",19.85,19.91,19.85,19.89,0.06,+0.30%,0
"2024-04-15 14:27",19.84,19.84,19.78,19.79,-0.1,-0.50%,0
"2024-04-15 14:28",19.81,19.95,19.81,19.95,0.16,+0.81%,0
"2024-04-15 14:29",19.98,20.02,19.89,19.89,-0.06,-0.30%,0
"2024-04-15 14:30",19.98,20.07,19.97,19.97,0.08,+0.40%,0
"2024-04-15 14:31",19.78,19.83,19.78,19.83,-0.14,-0.70%,0
"2024-04-15 14:32",19.8,19.8,19.66,19.66,-0.17,-0.86%,0
"2024-04-15 14:33",19.58,19.58,19.4,19.43,-0.23,-1.17%,0
"2024-04-15 14:34",19.46,19.53,19.46,19.47,0.04,+0.21%,0
"2024-04-15 14:35",19.43,19.43,19.24,19.24,-0.23,-1.18%,0
"2024-04-15 14:36",19.2,19.29,19.2,19.28,0.04,+0.21%,0
"2024-04-15 14:37",19.23,19.27,19.22,19.24,-0.04,-0.21%,0
"2024-04-15 14:38",19.25,19.32,19.25,19.29,0.05,+0.26%,0
"2024-04-15 14:39",19.39,19.64,19.39,19.64,0.35,+1.81%,0
"2024-04-15 14:40",19.61,19.65,19.52,19.52,-0.12,-0.61%,0
"2024-04-15 14:41",19.54,19.6,19.54,19.56,0.04,+0.20%,0
"2024-04-15 14:42",19.58,19.73,19.58,19.73,0.17,+0.87%,0
"2024-04-15 14:43",19.74,19.79,19.72,19.72,-0.01,-0.05%,0
"2024-04-15 14:44",19.74,19.81,19.74,19.81,0.09,+0.46%,0
"2024-04-15 14:45",19.8,19.81,19.76,19.81,0,0.00%,0
"2024-04-15 14:46",19.89,19.89,19.83,19.87,0.06,+0.30%,0
"2024-04-15 14:47",19.87,19.87,19.83,19.84,-0.03,-0.15%,0
"2024-04-15 14:48",19.83,19.86,19.8,19.85,0.01,+0.05%,0
"2024-04-15 14:49",19.88,20.11,19.88,20.11,0.26,+1.31%,0
"2024-04-15 14:50",20.11,20.11,20.09,20.11,0,0.00%,0
"2024-04-15 14:51",20.17,20.34,20.17,20.34,0.23,+1.14%,0
"2024-04-15 14:52",20.33,20.4,20.29,20.4,0.06,+0.29%,0
"2024-04-15 14:53",20.54,20.54,20.49,20.52,0.12,+0.59%,0
"2024-04-15 14:54",20.58,20.58,20.51,20.56,0.04,+0.19%,0
"2024-04-15 14:55",20.54,20.54,20.36,20.36,-0.2,-0.97%,0
"2024-04-15 14:56",20.4,20.57,20.4,20.51,0.15,+0.74%,0
"2024-04-15 14:57",20.49,20.52,20.48,20.52,0.01,+0.05%,0
"2024-04-15 14:58",20.42,20.42,19.99,19.99,-0.53,-2.58%,0
"2024-04-15 14:59",19.92,19.92,19.91,19.92,-0.07,-0.35%,0
"2024-04-15 15:00",19.94,19.96,19.89,19.89,-0.03,-0.15%,0
"2024-04-15 15:01",19.82,19.96,19.82,19.94,0.05,+0.25%,0
"2024-04-15 15:02",19.92,19.92,19.85,19.89,-0.05,-0.25%,0
"2024-04-15 15:03",19.9,20,19.9,20,0.11,+0.55%,0
"2024-04-15 15:04",20.16,20.21,20.16,20.19,0.19,+0.95%,0
"2024-04-15 15:05",20.21,20.4,20.21,20.24,0.05,+0.25%,0
"2024-04-15 15:06",20.13,20.21,20.13,20.21,-0.03,-0.15%,0
"2024-04-15 15:07",20.24,20.25,20.18,20.25,0.04,+0.20%,0
"2024-04-15 15:08",20.26,20.28,20.24,20.24,-0.01,-0.05%,0
"2024-04-15 15:09",20.28,20.28,20.24,20.24,0,0.00%,0
"2024-04-15 15:10",20.13,20.14,20.1,20.1,-0.14,-0.69%,0
"2024-04-15 15:11",20.13,20.13,20.09,20.09,-0.01,-0.05%,0
"2024-04-15 15:12",20.1,20.1,20.01,20.01,-0.08,-0.40%,0
"2024-04-15 15:13",20.05,20.12,20.05,20.09,0.08,+0.40%,0
"2024-04-15 15:14",20.1,20.18,20.1,20.18,0.09,+0.45%,0
"2024-04-15 15:15",20.2,20.21,20.14,20.14,-0.04,-0.20%,0
"2024-04-15 15:16",20.17,20.17,20.1,20.15,0.01,+0.05%,0
"2024-04-15 15:17",20.17,20.43,20.17,20.43,0.28,+1.39%,0
"2024-04-15 15:18",20.48,20.67,20.48,20.67,0.24,+1.17%,0
"2024-04-15 15:19",20.69,20.69,20.64,20.69,0.02,+0.10%,0
"2024-04-15 15:20",20.65,20.65,20.34,20.34,-0.35,-1.69%,0
"2024-04-15 15:21",20.25,20.26,20.23,20.26,-0.08,-0.39%,0
"2024-04-15 15:22",20.23,20.23,20.19,20.23,-0.03,-0.15%,0
"2024-04-15 15:23",20.25,20.25,20.23,20.23,0,0.00%,0
"2024-04-15 15:24",20.19,20.19,20.13,20.14,-0.09,-0.44%,0
"2024-04-15 15:25",20.09,20.09,19.94,19.94,-0.2,-0.99%,0
"2024-04-15 15:26",19.93,20.07,19.93,20.07,0.13,+0.65%,0
"2024-04-15 15:27",20.09,20.15,20.08,20.15,0.08,+0.40%,0
"2024-04-15 15:28",20.12,20.23,20.12,20.21,0.06,+0.30%,0
"2024-04-15 15:29",20.24,20.4,20.24,20.39,0.18,+0.89%,0
"2024-04-15 15:30",20.39,20.39,20.27,20.29,-0.1,-0.49%,0
"2024-04-15 15:31",20.19,20.25,20.06,20.06,-0.23,-1.13%,0
"2024-04-15 15:32",20.06,20.06,19.93,19.93,-0.13,-0.65%,0
"2024-04-15 15:33",19.88,19.95,19.88,19.95,0.02,+0.10%,0
"2024-04-15 15:34",20.02,20.04,19.99,19.99,0.04,+0.20%,0
"2024-04-15 15:35",20.06,20.09,20.04,20.09,0.1,+0.50%,0
"2024-04-15 15:36",20.11,20.11,20.04,20.05,-0.04,-0.20%,0
"2024-04-15 15:37",20.1,20.2,20.1,20.2,0.15,+0.75%,0
"2024-04-15 15:38",20.27,20.27,20.07,20.07,-0.13,-0.64%,0
"2024-04-15 15:39",20.04,20.04,20.04,20.04,-0.03,-0.15%,0
"2024-04-15 15:40",20.07,20.11,20.04,20.1,0.06,+0.30%,0
"2024-04-15 15:41",20.11,20.2,20.11,20.2,0.1,+0.50%,0
"2024-04-15 15:42",20.2,20.23,20.2,20.23,0.03,+0.15%,0
"2024-04-15 15:43",20.23,20.26,20.11,20.11,-0.12,-0.59%,0
"2024-04-15 15:44",20.14,20.21,20.14,20.2,0.09,+0.45%,0
"2024-04-15 15:45",20.19,20.19,20.11,20.11,-0.09,-0.45%,0
"2024-04-15 15:46",20.04,20.15,20.04,20.13,0.02,+0.10%,0
"2024-04-15 15:47",20.09,20.09,20.07,20.09,-0.04,-0.20%,0
"2024-04-15 15:48",20.11,20.12,20.05,20.05,-0.04,-0.20%,0
"2024-04-15 15:49",20.05,20.05,19.82,19.82,-0.23,-1.15%,0
"2024-04-15 15:50",19.76,19.81,19.76,19.79,-0.03,-0.15%,0
"2024-04-15 15:51",19.74,19.83,19.71,19.83,0.04,+0.20%,0
"2024-04-15 15:52",19.75,19.8,19.71,19.71,-0.12,-0.61%,0
"2024-04-15 15:53",19.74,19.83,19.74,19.8,0.09,+0.46%,0
"2024-04-15 15:54",19.78,19.84,19.77,19.84,0.04,+0.20%,0
"2024-04-15 15:55",19.8,19.82,19.76,19.76,-0.08,-0.40%,0
"2024-04-15 15:56",19.6,19.66,19.6,19.65,-0.11,-0.56%,0
"2024-04-15 15:57",19.58,19.58,19.57,19.57,-0.08,-0.41%,0
"2024-04-15 15:58",19.56,19.56,19.5,19.5,-0.07,-0.36%,0
"2024-04-15 15:59",19.53,19.53,19.4,19.4,-0.1,-0.51%,0
"2024-04-15 16:00",19.21,19.49,19.21,19.49,0.09,+0.46%,0
"2024-04-15 16:01",19.61,19.76,19.61,19.71,0.22,+1.13%,0
"2024-04-15 16:02",19.75,19.85,19.73,19.83,0.12,+0.61%,0
"2024-04-15 16:03",19.82,19.89,19.82,19.89,0.06,+0.30%,0
"2024-04-15 16:04",19.91,19.91,19.85,19.85,-0.04,-0.20%,0
"2024-04-15 16:05",19.85,19.89,19.85,19.87,0.02,+0.10%,0
"2024-04-15 16:06",19.88,19.95,19.88,19.95,0.08,+0.40%,0
"2024-04-15 16:07",19.97,20.06,19.97,20.06,0.11,+0.55%,0
"2024-04-15 16:08",20.05,20.1,20.05,20.06,0,0.00%,0
"2024-04-15 16:09",20.15,20.25,20.15,20.23,0.17,+0.85%,0
"2024-04-15 16:10",20.23,20.23,20.19,20.19,-0.04,-0.20%,0
"2024-04-15 16:11",20.21,20.21,20.13,20.13,-0.06,-0.30%,0
"2024-04-15 16:12",20.08,20.09,20.05,20.05,-0.08,-0.40%,0
"2024-04-15 16:13",20.04,20.04,19.92,19.92,-0.13,-0.65%,0
"2024-04-15 16:14",19.93,20.03,19.93,19.95,0.03,+0.15%,0
"2024-04-15 16:15",19.97,19.97,19.97,19.97,0.02,+0.10%,0
"2024-04-16 09:31",15.7,15.74,15.7,15.73,-4.24,-21.23%,0
"2024-04-16 09:32",15.72,15.72,15.51,15.51,-0.22,-1.40%,0
"2024-04-16 09:33",15.44,15.56,15.44,15.56,0.05,+0.32%,0
"2024-04-16 09:34",15.45,15.46,15.33,15.46,-0.1,-0.64%,0
"2024-04-16 09:35",15.39,15.5,15.39,15.5,0.04,+0.26%,0
"2024-04-16 09:36",15.51,15.57,15.45,15.57,0.07,+0.45%,0
"2024-04-16 09:37",15.66,16.37,15.66,16.37,0.8,+5.14%,0
"2024-04-16 09:38",16.41,16.48,16.41,16.45,0.08,+0.49%,0
"2024-04-16 09:39",16.31,16.31,16.23,16.24,-0.21,-1.28%,0
"2024-04-16 09:40",16.34,16.53,16.34,16.5,0.26,+1.60%,0
"2024-04-16 09:41",16.42,16.57,16.42,16.47,-0.03,-0.18%,0
"2024-04-16 09:42",16.42,16.54,16.42,16.5,0.03,+0.18%,0
"2024-04-16 09:43",16.52,16.82,16.52,16.82,0.32,+1.94%,0
"2024-04-16 09:44",16.97,17.01,16.95,16.95,0.13,+0.77%,0
"2024-04-16 09:45",16.75,16.81,16.72,16.81,-0.14,-0.83%,0
"2024-04-16 09:46",16.87,17.33,16.87,17.33,0.52,+3.09%,0
"2024-04-16 09:47",17.22,17.47,17.22,17.47,0.14,+0.81%,0
"2024-04-16 09:48",17.45,17.45,17.28,17.29,-0.18,-1.03%,0
"2024-04-16 09:49",17.32,17.37,17.15,17.15,-0.14,-0.81%,0
"2024-04-16 09:50",17.15,17.21,17.06,17.06,-0.09,-0.52%,0
"2024-04-16 09:51",16.91,17.01,16.91,16.93,-0.13,-0.76%,0
"2024-04-16 09:52",16.96,17.03,16.96,17.03,0.1,+0.59%,0
"2024-04-16 09:53",16.97,17.05,16.97,17.01,-0.02,-0.12%,0
"2024-04-16 09:54",16.99,17.05,16.99,16.99,-0.02,-0.12%,0
"2024-04-16 09:55",16.98,17.06,16.98,17.06,0.07,+0.41%,0
"2024-04-16 09:56",16.95,16.95,16.67,16.67,-0.39,-2.29%,0
"2024-04-16 09:57",16.64,16.64,16.53,16.53,-0.14,-0.84%,0
"2024-04-16 09:58",16.49,16.49,16.28,16.28,-0.25,-1.51%,0
"2024-04-16 09:59",16.29,16.41,16.29,16.39,0.11,+0.68%,0
"2024-04-16 10:00",16.47,16.69,16.47,16.69,0.3,+1.83%,0
"2024-04-16 10:01",16.72,16.72,16.66,16.71,0.02,+0.12%,0
"2024-04-16 10:02",16.67,16.7,16.67,16.7,-0.01,-0.06%,0
"2024-04-16 10:03",16.66,16.79,16.65,16.79,0.09,+0.54%,0
"2024-04-16 10:04",16.8,16.8,16.71,16.73,-0.06,-0.36%,0
"2024-04-16 10:05",16.68,16.8,16.68,16.8,0.07,+0.42%,0
"2024-04-16 10:06",16.8,16.88,16.8,16.83,0.03,+0.18%,0
"2024-04-16 10:07",16.88,17.01,16.8,16.83,0,0.00%,0
"2024-04-16 10:08",16.84,16.84,16.79,16.8,-0.03,-0.18%,0
"2024-04-16 10:09",16.81,16.82,16.59,16.59,-0.21,-1.25%,0
"2024-04-16 10:10",16.59,16.71,16.59,16.71,0.12,+0.72%,0
"2024-04-16 10:11",16.69,16.71,16.69,16.71,0,0.00%,0
"2024-04-16 10:12",16.63,16.72,16.63,16.64,-0.07,-0.42%,0
"2024-04-16 10:13",16.57,16.65,16.55,16.55,-0.09,-0.54%,0
"2024-04-16 10:14",16.49,16.49,16.35,16.35,-0.2,-1.21%,0
"2024-04-16 10:15",16.26,16.26,16.07,16.07,-0.28,-1.71%,0
"2024-04-16 10:16",16.06,16.1,16.06,16.06,-0.01,-0.06%,0
"2024-04-16 10:17",16.08,16.32,16.08,16.32,0.26,+1.62%,0
"2024-04-16 10:18",16.36,16.37,16.33,16.37,0.05,+0.31%,0
"2024-04-16 10:19",16.33,16.38,16.33,16.38,0.01,+0.06%,0
"2024-04-16 10:20",16.38,16.41,16.33,16.41,0.03,+0.18%,0
"2024-04-16 10:21",16.45,16.69,16.45,16.69,0.28,+1.71%,0
"2024-04-16 10:22",16.66,16.66,16.58,16.65,-0.04,-0.24%,0
"2024-04-16 10:23",16.62,16.65,16.62,16.62,-0.03,-0.18%,0
"2024-04-16 10:24",16.71,16.71,16.64,16.69,0.07,+0.42%,0
"2024-04-16 10:25",16.67,16.68,16.57,16.61,-0.08,-0.48%,0
"2024-04-16 10:26",16.68,16.7,16.56,16.56,-0.05,-0.30%,0
"2024-04-16 10:27",16.61,16.7,16.61,16.66,0.1,+0.60%,0
"2024-04-16 10:28",16.74,16.84,16.69,16.84,0.18,+1.08%,0
"2024-04-16 10:29",16.81,16.81,16.71,16.71,-0.13,-0.77%,0
"2024-04-16 10:30",16.86,16.91,16.69,16.69,-0.02,-0.12%,0
"2024-04-16 10:31",16.8,16.84,16.78,16.79,0.1,+0.60%,0
"2024-04-16 10:32",16.76,16.82,16.76,16.82,0.03,+0.18%,0
"2024-04-16 10:33",16.83,17.02,16.83,16.99,0.17,+1.01%,0
"2024-04-16 10:34",16.87,16.96,16.87,16.96,-0.03,-0.18%,0
"2024-04-16 10:35",16.97,16.97,16.95,16.95,-0.01,-0.06%,0
"2024-04-16 10:36",16.94,16.97,16.91,16.97,0.02,+0.12%,0
"2024-04-16 10:37",17.05,17.3,17.05,17.3,0.33,+1.94%,0
"2024-04-16 10:38",17.3,17.3,17.19,17.19,-0.11,-0.64%,0
"2024-04-16 10:39",17.18,17.18,16.93,16.99,-0.2,-1.16%,0
"2024-04-16 10:40",17.01,17.01,16.89,16.91,-0.08,-0.47%,0
"2024-04-16 10:41",17,17.05,16.99,16.99,0.08,+0.47%,0
"2024-04-16 10:42",17,17.16,17,17.16,0.17,+1.00%,0
"2024-04-16 10:43",17.14,17.14,17.06,17.07,-0.09,-0.52%,0
"2024-04-16 10:44",17.01,17.01,16.85,16.88,-0.19,-1.11%,0
"2024-04-16 10:45",16.81,16.81,16.76,16.76,-0.12,-0.71%,0
"2024-04-16 10:46",16.7,16.76,16.7,16.76,0,0.00%,0
"2024-04-16 10:47",16.79,16.81,16.77,16.81,0.05,+0.30%,0
"2024-04-16 10:48",16.8,16.8,16.64,16.64,-0.17,-1.01%,0
"2024-04-16 10:49",16.59,16.63,16.59,16.63,-0.01,-0.06%,0
"2024-04-16 10:50",16.67,16.83,16.67,16.81,0.18,+1.08%,0
"2024-04-16 10:51",16.82,17.08,16.82,17.03,0.22,+1.31%,0
"2024-04-16 10:52",17.03,17.03,16.95,16.99,-0.04,-0.23%,0
"2024-04-16 10:53",16.92,16.92,16.8,16.8,-0.19,-1.12%,0
"2024-04-16 10:54",16.79,16.84,16.79,16.84,0.04,+0.24%,0
"2024-04-16 10:55",16.86,16.9,16.83,16.88,0.04,+0.24%,0
"2024-04-16 10:56",16.89,16.89,16.81,16.81,-0.07,-0.41%,0
"2024-04-16 10:57",16.83,16.95,16.83,16.95,0.14,+0.83%,0
"2024-04-16 10:58",16.9,16.95,16.9,16.92,-0.03,-0.18%,0
"2024-04-16 10:59",16.89,16.92,16.89,16.92,0,0.00%,0
"2024-04-16 11:00",16.89,16.94,16.85,16.94,0.02,+0.12%,0
"2024-04-16 11:01",16.9,16.97,16.9,16.94,0,0.00%,0
"2024-04-16 11:02",16.92,16.92,16.77,16.77,-0.17,-1.00%,0
"2024-04-16 11:03",16.79,16.79,16.72,16.72,-0.05,-0.30%,0
"2024-04-16 11:04",16.67,16.73,16.67,16.69,-0.03,-0.18%,0
"2024-04-16 11:05",16.69,16.74,16.69,16.7,0.01,+0.06%,0
"2024-04-16 11:06",16.68,16.69,16.54,16.54,-0.16,-0.96%,0
"2024-04-16 11:07",16.6,16.62,16.59,16.62,0.08,+0.48%,0
"2024-04-16 11:08",16.62,16.62,16.51,16.51,-0.11,-0.66%,0
"2024-04-16 11:09",16.51,16.53,16.51,16.51,0,0.00%,0
"2024-04-16 11:10",16.51,16.51,16.44,16.44,-0.07,-0.42%,0
"2024-04-16 11:11",16.45,16.51,16.45,16.51,0.07,+0.43%,0
"2024-04-16 11:12",16.49,16.5,16.48,16.48,-0.03,-0.18%,0
"2024-04-16 11:13",16.48,16.58,16.48,16.58,0.1,+0.61%,0
"2024-04-16 11:14",16.61,16.62,16.57,16.57,-0.01,-0.06%,0
"2024-04-16 11:15",16.6,16.6,16.57,16.6,0.03,+0.18%,0
"2024-04-16 11:16",16.57,16.58,16.44,16.44,-0.16,-0.96%,0
"2024-04-16 11:17",16.45,16.45,16.36,16.37,-0.07,-0.43%,0
"2024-04-16 11:18",16.42,16.58,16.42,16.58,0.21,+1.28%,0
"2024-04-16 11:19",16.58,16.62,16.58,16.62,0.04,+0.24%,0
"2024-04-16 11:20",16.64,16.68,16.64,16.66,0.04,+0.24%,0
"2024-04-16 11:21",16.66,16.66,16.63,16.65,-0.01,-0.06%,0
"2024-04-16 11:22",16.64,16.66,16.57,16.57,-0.08,-0.48%,0
"2024-04-16 11:23",16.57,16.6,16.44,16.44,-0.13,-0.78%,0
"2024-04-16 11:24",16.41,16.45,16.41,16.45,0.01,+0.06%,0
"2024-04-16 11:25",16.44,16.49,16.41,16.41,-0.04,-0.24%,0
"2024-04-16 11:26",16.44,16.44,16.39,16.39,-0.02,-0.12%,0
"2024-04-16 11:27",16.38,16.42,16.32,16.32,-0.07,-0.43%,0
"2024-04-16 11:28",16.31,16.37,16.31,16.37,0.05,+0.31%,0
"2024-04-16 11:29",16.36,16.38,16.36,16.38,0.01,+0.06%,0
"2024-04-16 11:30",16.32,16.36,16.32,16.34,-0.04,-0.24%,0
"2024-04-16 11:31",16.38,16.47,16.38,16.47,0.13,+0.80%,0
"2024-04-16 11:32",16.45,16.53,16.45,16.53,0.06,+0.36%,0
"2024-04-16 11:33",16.49,16.49,16.45,16.47,-0.06,-0.36%,0
"2024-04-16 11:34",16.51,16.55,16.47,16.47,0,0.00%,0
"2024-04-16 11:35",16.42,16.48,16.42,16.48,0.01,+0.06%,0
"2024-04-16 11:36",16.49,16.52,16.49,16.5,0.02,+0.12%,0
"2024-04-16 11:37",16.5,16.54,16.5,16.53,0.03,+0.18%,0
"2024-04-16 11:38",16.54,16.54,16.52,16.52,-0.01,-0.06%,0
"2024-04-16 11:39",16.51,16.6,16.51,16.6,0.08,+0.48%,0
"2024-04-16 11:40",16.63,16.64,16.57,16.57,-0.03,-0.18%,0
"2024-04-16 11:41",16.55,16.58,16.55,16.58,0.01,+0.06%,0
"2024-04-16 11:42",16.52,16.52,16.48,16.48,-0.1,-0.60%,0
"2024-04-16 11:43",16.45,16.5,16.45,16.5,0.02,+0.12%,0
"2024-04-16 11:44",16.48,16.54,16.48,16.52,0.02,+0.12%,0
"2024-04-16 11:45",16.52,16.55,16.51,16.55,0.03,+0.18%,0
"2024-04-16 11:46",16.58,16.64,16.58,16.64,0.09,+0.54%,0
"2024-04-16 11:47",16.58,16.63,16.57,16.57,-0.07,-0.42%,0
"2024-04-16 11:48",16.52,16.52,16.5,16.5,-0.07,-0.42%,0
"2024-04-16 11:49",16.51,16.59,16.51,16.59,0.09,+0.55%,0
"2024-04-16 11:50",16.56,16.58,16.52,16.52,-0.07,-0.42%,0
"2024-04-16 11:51",16.45,16.49,16.45,16.45,-0.07,-0.42%,0
"2024-04-16 11:52",16.41,16.41,16.38,16.38,-0.07,-0.43%,0
"2024-04-16 11:53",16.36,16.38,16.29,16.35,-0.03,-0.18%,0
"2024-04-16 11:54",16.37,16.39,16.34,16.38,0.03,+0.18%,0
"2024-04-16 11:55",16.34,16.54,16.34,16.51,0.13,+0.79%,0
"2024-04-16 11:56",16.49,16.49,16.44,16.46,-0.05,-0.30%,0
"2024-04-16 11:57",16.49,16.67,16.49,16.67,0.21,+1.28%,0
"2024-04-16 11:58",16.65,16.83,16.65,16.83,0.16,+0.96%,0
"2024-04-16 11:59",16.84,17.01,16.84,17.01,0.18,+1.07%,0
"2024-04-16 12:00",17.08,17.44,17.08,17.35,0.34,+2.00%,0
"2024-04-16 12:01",17.4,17.53,17.4,17.53,0.18,+1.04%,0
"2024-04-16 12:02",17.57,17.57,17.41,17.41,-0.12,-0.68%,0
"2024-04-16 12:03",17.45,17.6,17.45,17.6,0.19,+1.09%,0
"2024-04-16 12:04",17.67,17.67,17.47,17.48,-0.12,-0.68%,0
"2024-04-16 12:05",17.48,17.53,17.48,17.53,0.05,+0.29%,0
"2024-04-16 12:06",17.49,17.49,17.35,17.36,-0.17,-0.97%,0
"2024-04-16 12:07",17.35,17.35,17.27,17.32,-0.04,-0.23%,0
"2024-04-16 12:08",17.28,17.31,17.27,17.27,-0.05,-0.29%,0
"2024-04-16 12:09",17.19,17.29,17.19,17.29,0.02,+0.12%,0
"2024-04-16 12:10",17.22,17.28,17.22,17.28,-0.01,-0.06%,0
"2024-04-16 12:11",17.27,17.33,17.27,17.33,0.05,+0.29%,0
"2024-04-16 12:12",17.29,17.36,17.29,17.36,0.03,+0.17%,0
"2024-04-16 12:13",17.39,17.39,17.31,17.31,-0.05,-0.29%,0
"2024-04-16 12:14",17.35,17.39,17.35,17.36,0.05,+0.29%,0
"2024-04-16 12:15",17.34,17.41,17.34,17.34,-0.02,-0.12%,0
"2024-04-16 12:16",17.31,17.39,17.31,17.36,0.02,+0.12%,0
"2024-04-16 12:17",17.32,17.4,17.32,17.37,0.01,+0.06%,0
"2024-04-16 12:18",17.33,17.37,17.33,17.37,0,0.00%,0
"2024-04-16 12:19",17.37,17.38,17.37,17.38,0.01,+0.06%,0
"2024-04-16 12:20",17.36,17.43,17.36,17.43,0.05,+0.29%,0
"2024-04-16 12:21",17.4,17.43,17.36,17.36,-0.07,-0.40%,0
"2024-04-16 12:22",17.35,17.42,17.35,17.35,-0.01,-0.06%,0
"2024-04-16 12:23",17.36,17.45,17.36,17.45,0.1,+0.58%,0
"2024-04-16 12:24",17.42,17.48,17.42,17.47,0.02,+0.11%,0
"2024-04-16 12:25",17.47,17.49,17.42,17.42,-0.05,-0.29%,0
"2024-04-16 12:26",17.4,17.46,17.4,17.46,0.04,+0.23%,0
"2024-04-16 12:27",17.44,17.46,17.44,17.45,-0.01,-0.06%,0
"2024-04-16 12:28",17.45,17.45,17.38,17.39,-0.06,-0.34%,0
"2024-04-16 12:29",17.42,17.62,17.42,17.62,0.23,+1.32%,0
"2024-04-16 12:30",17.63,17.63,17.46,17.51,-0.11,-0.62%,0
"2024-04-16 12:31",17.48,17.56,17.48,17.56,0.05,+0.29%,0
"2024-04-16 12:32",17.6,17.62,17.6,17.6,0.04,+0.23%,0
"2024-04-16 12:33",17.61,17.65,17.61,17.65,0.05,+0.28%,0
"2024-04-16 12:34",17.62,17.62,17.59,17.59,-0.06,-0.34%,0
"2024-04-16 12:35",17.64,17.76,17.64,17.76,0.17,+0.97%,0
"2024-04-16 12:36",17.71,17.71,17.63,17.68,-0.08,-0.45%,0
"2024-04-16 12:37",17.68,17.76,17.68,17.76,0.08,+0.45%,0
"2024-04-16 12:38",17.77,17.82,17.76,17.76,0,0.00%,0
"2024-04-16 12:39",17.76,17.8,17.76,17.8,0.04,+0.23%,0
"2024-04-16 12:40",17.79,17.79,17.74,17.74,-0.06,-0.34%,0
"2024-04-16 12:41",17.74,17.75,17.71,17.71,-0.03,-0.17%,0
"2024-04-16 12:42",17.65,17.65,17.64,17.64,-0.07,-0.40%,0
"2024-04-16 12:43",17.68,17.88,17.68,17.88,0.24,+1.36%,0
"2024-04-16 12:44",17.83,17.88,17.83,17.88,0,0.00%,0
"2024-04-16 12:45",17.88,17.88,17.87,17.87,-0.01,-0.06%,0
"2024-04-16 12:46",17.85,17.88,17.83,17.83,-0.04,-0.22%,0
"2024-04-16 12:47",17.81,17.88,17.81,17.82,-0.01,-0.06%,0
"2024-04-16 12:48",17.79,17.79,17.73,17.73,-0.09,-0.51%,0
"2024-04-16 12:49",17.75,17.82,17.75,17.8,0.07,+0.39%,0
"2024-04-16 12:50",17.76,17.8,17.75,17.75,-0.05,-0.28%,0
"2024-04-16 12:51",17.74,17.78,17.72,17.78,0.03,+0.17%,0
"2024-04-16 12:52",17.81,17.87,17.81,17.87,0.09,+0.51%,0
"2024-04-16 12:53",17.87,17.94,17.87,17.94,0.07,+0.39%,0
"2024-04-16 12:54",17.97,18.05,17.97,18.05,0.11,+0.61%,0
"2024-04-16 12:55",18.06,18.09,18.06,18.08,0.03,+0.17%,0
"2024-04-16 12:56",18.1,18.13,18.1,18.12,0.04,+0.22%,0
"2024-04-16 12:57",18.12,18.25,18.12,18.25,0.13,+0.72%,0
"2024-04-16 12:58",18.25,18.25,18.21,18.21,-0.04,-0.22%,0
"2024-04-16 12:59",18.22,18.22,18.16,18.16,-0.05,-0.27%,0
"2024-04-16 13:00",18.18,18.21,18.18,18.21,0.05,+0.28%,0
"2024-04-16 13:01",18.26,18.31,18.26,18.29,0.08,+0.44%,0
"2024-04-16 13:02",18.3,18.34,18.28,18.33,0.04,+0.22%,0
"2024-04-16 13:03",18.3,18.42,18.3,18.4,0.07,+0.38%,0
"2024-04-16 13:04",18.42,18.47,18.4,18.41,0.01,+0.05%,0
"2024-04-16 13:05",18.38,18.45,18.38,18.44,0.03,+0.16%,0
"2024-04-16 13:06",18.43,18.44,18.42,18.44,0,0.00%,0
"2024-04-16 13:07",18.45,18.45,18.29,18.29,-0.15,-0.81%,0
"2024-04-16 13:08",18.25,18.32,18.19,18.32,0.03,+0.16%,0
"2024-04-16 13:09",18.34,18.4,18.34,18.4,0.08,+0.44%,0
"2024-04-16 13:10",18.43,18.51,18.43,18.51,0.11,+0.60%,0
"2024-04-16 13:11",18.52,18.57,18.52,18.57,0.06,+0.32%,0
"2024-04-16 13:12",18.56,18.67,18.56,18.63,0.06,+0.32%,0
"2024-04-16 13:13",18.63,18.63,18.56,18.56,-0.07,-0.38%,0
"2024-04-16 13:14",18.57,18.57,18.56,18.56,0,0.00%,0
"2024-04-16 13:15",18.61,18.61,18.58,18.61,0.05,+0.27%,0
"2024-04-16 13:16",18.61,18.61,18.52,18.52,-0.09,-0.48%,0
"2024-04-16 13:17",18.46,18.49,18.46,18.46,-0.06,-0.32%,0
"2024-04-16 13:18",18.4,18.42,18.39,18.4,-0.06,-0.33%,0
"2024-04-16 13:19",18.35,18.42,18.31,18.31,-0.09,-0.49%,0
"2024-04-16 13:20",18.36,18.36,18.31,18.31,0,0.00%,0
"2024-04-16 13:21",18.29,18.29,18.25,18.25,-0.06,-0.33%,0
"2024-04-16 13:22",18.25,18.25,18.17,18.17,-0.08,-0.44%,0
"2024-04-16 13:23",18.15,18.16,18.13,18.13,-0.04,-0.22%,0
"2024-04-16 13:24",18.1,18.14,18.1,18.11,-0.02,-0.11%,0
"2024-04-16 13:25",18.05,18.07,18.04,18.04,-0.07,-0.39%,0
"2024-04-16 13:26",18.04,18.05,17.98,17.98,-0.06,-0.33%,0
"2024-04-16 13:27",17.96,17.96,17.91,17.91,-0.07,-0.39%,0
"2024-04-16 13:28",17.92,17.93,17.88,17.88,-0.03,-0.17%,0
"2024-04-16 13:29",17.85,17.87,17.85,17.87,-0.01,-0.06%,0
"2024-04-16 13:30",18.21,18.61,18.21,18.61,0.74,+4.14%,0
"2024-04-16 13:31",18.67,18.67,18.45,18.5,-0.11,-0.59%,0
"2024-04-16 13:32",18.62,18.8,18.62,18.76,0.26,+1.41%,0
"2024-04-16 13:33",18.38,18.41,18.27,18.37,-0.39,-2.08%,0
"2024-04-16 13:34",18.3,18.3,18.16,18.16,-0.21,-1.14%,0
"2024-04-16 13:35",18.12,18.12,17.7,17.7,-0.46,-2.53%,0
"2024-04-16 13:36",17.74,17.74,17.51,17.53,-0.17,-0.96%,0
"2024-04-16 13:37",17.5,17.56,17.5,17.54,0.01,+0.06%,0
"2024-04-16 13:38",17.55,17.59,17.49,17.49,-0.05,-0.29%,0
"2024-04-16 13:39",17.45,17.61,17.45,17.61,0.12,+0.69%,0
"2024-04-16 13:40",17.48,17.48,17.24,17.24,-0.37,-2.10%,0
"2024-04-16 13:41",17.3,17.37,17.3,17.37,0.13,+0.75%,0
"2024-04-16 13:42",17.38,17.46,17.37,17.46,0.09,+0.52%,0
"2024-04-16 13:43",17.48,17.48,17.4,17.4,-0.06,-0.34%,0
"2024-04-16 13:44",17.41,17.49,17.41,17.47,0.07,+0.40%,0
"2024-04-16 13:45",17.49,17.49,17.39,17.4,-0.07,-0.40%,0
"2024-04-16 13:46",17.38,17.46,17.38,17.38,-0.02,-0.11%,0
"2024-04-16 13:47",17.33,17.41,17.33,17.41,0.03,+0.17%,0
"2024-04-16 13:48",17.42,17.49,17.4,17.4,-0.01,-0.06%,0
"2024-04-16 13:49",17.41,17.46,17.38,17.41,0.01,+0.06%,0
"2024-04-16 13:50",17.45,17.45,17.34,17.34,-0.07,-0.40%,0
"2024-04-16 13:51",17.36,17.45,17.36,17.45,0.11,+0.63%,0
"2024-04-16 13:52",17.52,17.73,17.52,17.73,0.28,+1.60%,0
"2024-04-16 13:53",17.63,17.63,17.37,17.38,-0.35,-1.97%,0
"2024-04-16 13:54",17.38,17.38,17.11,17.15,-0.23,-1.32%,0
"2024-04-16 13:55",17.14,17.22,17.14,17.18,0.03,+0.17%,0
"2024-04-16 13:56",17.15,17.19,17.12,17.19,0.01,+0.06%,0
"2024-04-16 13:57",17.19,17.21,17.19,17.21,0.02,+0.12%,0
"2024-04-16 13:58",17.2,17.3,17.2,17.3,0.09,+0.52%,0
"2024-04-16 13:59",17.27,17.29,17.18,17.18,-0.12,-0.69%,0
"2024-04-16 14:00",17.17,17.22,17.17,17.22,0.04,+0.23%,0
"2024-04-16 14:01",17.23,17.24,17.22,17.24,0.02,+0.12%,0
"2024-04-16 14:02",17.24,17.27,17.12,17.12,-0.12,-0.70%,0
"2024-04-16 14:03",17.12,17.12,17.02,17.02,-0.1,-0.58%,0
"2024-04-16 14:04",17.01,17.01,16.71,16.71,-0.31,-1.82%,0
"2024-04-16 14:05",16.71,16.74,16.66,16.66,-0.05,-0.30%,0
"2024-04-16 14:06",16.65,16.66,16.54,16.54,-0.12,-0.72%,0
"2024-04-16 14:07",16.52,16.52,16.35,16.38,-0.16,-0.97%,0
"2024-04-16 14:08",16.37,16.41,16.37,16.4,0.02,+0.12%,0
"2024-04-16 14:09",16.37,16.44,16.37,16.44,0.04,+0.24%,0
"2024-04-16 14:10",16.41,16.41,16.37,16.41,-0.03,-0.18%,0
"2024-04-16 14:11",16.4,16.47,16.4,16.47,0.06,+0.37%,0
"2024-04-16 14:12",16.44,16.57,16.44,16.57,0.1,+0.61%,0
"2024-04-16 14:13",16.61,16.73,16.61,16.71,0.14,+0.84%,0
"2024-04-16 14:14",16.75,17,16.75,17,0.29,+1.74%,0
"2024-04-16 14:15",17.05,17.33,17.05,17.33,0.33,+1.94%,0
"2024-04-16 14:16",17.39,17.48,17.37,17.37,0.04,+0.23%,0
"2024-04-16 14:17",17.38,17.42,17.38,17.41,0.04,+0.23%,0
"2024-04-16 14:18",17.44,17.49,17.44,17.49,0.08,+0.46%,0
"2024-04-16 14:19",17.61,17.64,17.56,17.56,0.07,+0.40%,0
"2024-04-16 14:20",17.56,17.73,17.54,17.73,0.17,+0.97%,0
"2024-04-16 14:21",17.77,18.1,17.77,18.1,0.37,+2.09%,0
"2024-04-16 14:22",17.97,17.97,17.78,17.78,-0.32,-1.77%,0
"2024-04-16 14:23",17.74,17.78,17.74,17.77,-0.01,-0.06%,0
"2024-04-16 14:24",17.77,17.82,17.77,17.82,0.05,+0.28%,0
"2024-04-16 14:25",17.79,17.79,17.52,17.52,-0.3,-1.68%,0
"2024-04-16 14:26",17.51,17.51,17.41,17.41,-0.11,-0.63%,0
"2024-04-16 14:27",17.41,17.54,17.41,17.54,0.13,+0.75%,0
"2024-04-16 14:28",17.6,17.74,17.6,17.74,0.2,+1.14%,0
"2024-04-16 14:29",17.76,17.76,17.72,17.76,0.02,+0.11%,0
"2024-04-16 14:30",17.72,17.72,17.6,17.6,-0.16,-0.90%,0
"2024-04-16 14:31",17.62,17.69,17.62,17.66,0.06,+0.34%,0
"2024-04-16 14:32",17.66,17.69,17.65,17.65,-0.01,-0.06%,0
"2024-04-16 14:33",17.65,17.69,17.65,17.67,0.02,+0.11%,0
"2024-04-16 14:34",17.62,17.62,17.45,17.51,-0.16,-0.91%,0
"2024-04-16 14:35",17.49,17.55,17.49,17.54,0.03,+0.17%,0
"2024-04-16 14:36",17.55,17.57,17.54,17.54,0,0.00%,0
"2024-04-16 14:37",17.55,17.66,17.55,17.66,0.12,+0.68%,0
"2024-04-16 14:38",17.65,17.65,17.57,17.6,-0.06,-0.34%,0
"2024-04-16 14:39",17.6,17.62,17.58,17.58,-0.02,-0.11%,0
"2024-04-16 14:40",17.58,17.61,17.58,17.61,0.03,+0.17%,0
"2024-04-16 14:41",17.6,17.65,17.6,17.65,0.04,+0.23%,0
"2024-04-16 14:42",17.65,17.65,17.59,17.59,-0.06,-0.34%,0
"2024-04-16 14:43",17.61,17.61,17.57,17.57,-0.02,-0.11%,0
"2024-04-16 14:44",17.58,17.61,17.58,17.61,0.04,+0.23%,0
"2024-04-16 14:45",17.56,17.61,17.56,17.58,-0.03,-0.17%,0
"2024-04-16 14:46",17.6,17.63,17.6,17.6,0.02,+0.11%,0
"2024-04-16 14:47",17.6,17.6,17.53,17.53,-0.07,-0.40%,0
"2024-04-16 14:48",17.51,17.52,17.5,17.5,-0.03,-0.17%,0
"2024-04-16 14:49",17.53,17.6,17.53,17.59,0.09,+0.51%,0
"2024-04-16 14:50",17.57,17.57,17.48,17.48,-0.11,-0.63%,0
"2024-04-16 14:51",17.43,17.45,17.41,17.45,-0.03,-0.17%,0
"2024-04-16 14:52",17.47,17.49,17.42,17.42,-0.03,-0.17%,0
"2024-04-16 14:53",17.47,17.54,17.47,17.5,0.08,+0.46%,0
"2024-04-16 14:54",17.51,17.55,17.51,17.55,0.05,+0.29%,0
"2024-04-16 14:55",17.54,17.58,17.53,17.53,-0.02,-0.11%,0
"2024-04-16 14:56",17.43,17.45,17.42,17.42,-0.11,-0.63%,0
"2024-04-16 14:57",17.41,17.44,17.41,17.42,0,0.00%,0
"2024-04-16 14:58",17.43,17.44,17.42,17.42,0,0.00%,0
"2024-04-16 14:59",17.41,17.44,17.41,17.43,0.01,+0.06%,0
"2024-04-16 15:00",17.43,17.56,17.43,17.56,0.13,+0.75%,0
"2024-04-16 15:01",17.62,17.69,17.62,17.69,0.13,+0.74%,0
"2024-04-16 15:02",17.66,17.67,17.65,17.67,-0.02,-0.11%,0
"2024-04-16 15:03",17.67,17.72,17.67,17.71,0.04,+0.23%,0
"2024-04-16 15:04",17.71,17.75,17.71,17.73,0.02,+0.11%,0
"2024-04-16 15:05",17.74,17.77,17.72,17.72,-0.01,-0.06%,0
"2024-04-16 15:06",17.79,17.83,17.79,17.82,0.1,+0.56%,0
"2024-04-16 15:07",17.72,17.74,17.72,17.72,-0.1,-0.56%,0
"2024-04-16 15:08",17.7,17.74,17.7,17.74,0.02,+0.11%,0
"2024-04-16 15:09",17.74,17.75,17.7,17.7,-0.04,-0.23%,0
"2024-04-16 15:10",17.72,17.74,17.72,17.74,0.04,+0.23%,0
"2024-04-16 15:11",17.73,17.73,17.7,17.7,-0.04,-0.23%,0
"2024-04-16 15:12",17.71,17.74,17.69,17.69,-0.01,-0.06%,0
"2024-04-16 15:13",17.7,17.72,17.69,17.69,0,0.00%,0
"2024-04-16 15:14",17.69,17.76,17.69,17.73,0.04,+0.23%,0
"2024-04-16 15:15",17.71,17.71,17.68,17.68,-0.05,-0.28%,0
"2024-04-16 15:16",17.67,17.7,17.66,17.69,0.01,+0.06%,0
"2024-04-16 15:17",17.71,17.71,17.68,17.68,-0.01,-0.06%,0
"2024-04-16 15:18",17.7,17.7,17.65,17.65,-0.03,-0.17%,0
"2024-04-16 15:19",17.61,17.64,17.58,17.58,-0.07,-0.40%,0
"2024-04-16 15:20",17.57,17.59,17.54,17.54,-0.04,-0.23%,0
"2024-04-16 15:21",17.54,17.56,17.53,17.53,-0.01,-0.06%,0
"2024-04-16 15:22",17.53,17.55,17.53,17.53,0,0.00%,0
"2024-04-16 15:23",17.51,17.52,17.47,17.47,-0.06,-0.34%,0
"2024-04-16 15:24",17.49,17.52,17.49,17.51,0.04,+0.23%,0
"2024-04-16 15:25",17.5,17.52,17.48,17.49,-0.02,-0.11%,0
"2024-04-16 15:26",17.49,17.5,17.49,17.49,0,0.00%,0
"2024-04-16 15:27",17.48,17.49,17.46,17.49,0,0.00%,0
"2024-04-16 15:28",17.47,17.48,17.44,17.46,-0.03,-0.17%,0
"2024-04-16 15:29",17.45,17.45,17.43,17.45,-0.01,-0.06%,0
"2024-04-16 15:30",17.43,17.49,17.43,17.49,0.04,+0.23%,0
"2024-04-16 15:31",17.47,17.5,17.47,17.47,-0.02,-0.11%,0
"2024-04-16 15:32",17.45,17.48,17.45,17.48,0.01,+0.06%,0
"2024-04-16 15:33",17.47,17.6,17.47,17.6,0.12,+0.69%,0
"2024-04-16 15:34",17.62,17.88,17.62,17.88,0.28,+1.59%,0
"2024-04-16 15:35",17.89,17.93,17.69,17.69,-0.19,-1.06%,0
"2024-04-16 15:36",17.61,17.67,17.61,17.67,-0.02,-0.11%,0
"2024-04-16 15:37",17.7,17.76,17.69,17.69,0.02,+0.11%,0
"2024-04-16 15:38",17.64,17.66,17.63,17.63,-0.06,-0.34%,0
"2024-04-16 15:39",17.58,17.58,17.5,17.52,-0.11,-0.62%,0
"2024-04-16 15:40",17.58,17.6,17.56,17.58,0.06,+0.34%,0
"2024-04-16 15:41",17.59,17.62,17.57,17.57,-0.01,-0.06%,0
"2024-04-16 15:42",17.56,17.61,17.56,17.57,0,0.00%,0
"2024-04-16 15:43",17.58,17.58,17.52,17.53,-0.04,-0.23%,0
"2024-04-16 15:44",17.51,17.53,17.51,17.51,-0.02,-0.11%,0
"2024-04-16 15:45",17.48,17.48,17.31,17.31,-0.2,-1.14%,0
"2024-04-16 15:46",17.33,17.34,17.33,17.34,0.03,+0.17%,0
"2024-04-16 15:47",17.35,17.4,17.34,17.4,0.06,+0.35%,0
"2024-04-16 15:48",17.41,17.42,17.33,17.33,-0.07,-0.40%,0
"2024-04-16 15:49",17.28,17.28,17.18,17.18,-0.15,-0.87%,0
"2024-04-16 15:50",17.2,17.2,17.11,17.11,-0.07,-0.41%,0
"2024-04-16 15:51",17.11,17.11,17.09,17.09,-0.02,-0.12%,0
"2024-04-16 15:52",17.1,17.1,17.01,17.01,-0.08,-0.47%,0
"2024-04-16 15:53",16.97,16.98,16.95,16.98,-0.03,-0.18%,0
"2024-04-16 15:54",16.99,16.99,16.92,16.92,-0.06,-0.35%,0
"2024-04-16 15:55",16.91,16.91,16.85,16.87,-0.05,-0.30%,0
"2024-04-16 15:56",16.98,17.15,16.98,17.15,0.28,+1.66%,0
"2024-04-16 15:57",17.06,17.07,17.06,17.06,-0.09,-0.52%,0
"2024-04-16 15:58",17.06,17.06,17.03,17.03,-0.03,-0.18%,0
"2024-04-16 15:59",17,17.04,16.94,16.94,-0.09,-0.53%,0
"2024-04-16 16:00",16.93,17.05,16.93,17.01,0.07,+0.41%,0
"2024-04-16 16:01",16.96,16.96,16.89,16.89,-0.12,-0.71%,0
"2024-04-16 16:02",16.9,16.96,16.87,16.96,0.07,+0.41%,0
"2024-04-16 16:03",16.93,17.05,16.93,17.05,0.09,+0.53%,0
"2024-04-16 16:04",17.04,17.05,17,17.05,0,0.00%,0
"2024-04-16 16:05",17.04,17.06,17.02,17.02,-0.03,-0.18%,0
"2024-04-16 16:06",16.99,17.07,16.99,17.07,0.05,+0.29%,0
"2024-04-16 16:07",17.07,17.08,17.07,17.08,0.01,+0.06%,0
"2024-04-16 16:08",17.11,17.12,17.1,17.1,0.02,+0.12%,0
"2024-04-16 16:09",17.09,17.22,17.09,17.22,0.12,+0.70%,0
"2024-04-16 16:10",17.22,17.27,17.22,17.27,0.05,+0.29%,0
"2024-04-16 16:11",17.26,17.32,17.26,17.32,0.05,+0.29%,0
"2024-04-16 16:12",17.32,17.41,17.32,17.41,0.09,+0.52%,0
"2024-04-16 16:13",17.42,17.45,17.41,17.41,0,0.00%,0
"2024-04-16 16:14",17.4,17.41,17.39,17.39,-0.02,-0.11%,0
"2024-04-16 16:15",17.38,17.38,17.38,17.38,-0.01,-0.06%,0
"2024-04-17 09:31",13.59,13.59,13.54,13.54,-3.84,-22.09%,0
"2024-04-17 09:32",13.4,13.4,13.24,13.24,-0.3,-2.22%,0
"2024-04-17 09:33",13.17,13.22,13.17,13.18,-0.06,-0.45%,0
"2024-04-17 09:34",13.13,13.15,13.13,13.15,-0.03,-0.23%,0
"2024-04-17 09:35",13.21,13.3,13.21,13.21,0.06,+0.46%,0
"2024-04-17 09:36",13.12,13.12,13.01,13.01,-0.2,-1.51%,0
"2024-04-17 09:37",13.04,13.13,13.04,13.12,0.11,+0.85%,0
"2024-04-17 09:38",13.16,13.23,13.14,13.14,0.02,+0.15%,0
"2024-04-17 09:39",13.13,13.14,13.12,13.13,-0.01,-0.08%,0
"2024-04-17 09:40",13.11,13.14,13.07,13.14,0.01,+0.08%,0
"2024-04-17 09:41",13.14,13.28,13.14,13.28,0.14,+1.07%,0
"2024-04-17 09:42",13.19,13.2,13.11,13.11,-0.17,-1.28%,0
"2024-04-17 09:43",13.11,13.16,13.11,13.14,0.03,+0.23%,0
"2024-04-17 09:44",13.15,13.23,13.15,13.17,0.03,+0.23%,0
"2024-04-17 09:45",13.16,13.2,13.16,13.17,0,0.00%,0
"2024-04-17 09:46",13.15,13.2,13.15,13.16,-0.01,-0.08%,0
"2024-04-17 09:47",13.13,13.14,13.11,13.14,-0.02,-0.15%,0
"2024-04-17 09:48",13.14,13.19,13.14,13.19,0.05,+0.38%,0
"2024-04-17 09:49",13.2,13.25,13.2,13.25,0.06,+0.45%,0
"2024-04-17 09:50",13.27,13.27,13.22,13.24,-0.01,-0.08%,0
"2024-04-17 09:51",13.22,13.41,13.22,13.41,0.17,+1.28%,0
"2024-04-17 09:52",13.43,13.43,13.37,13.39,-0.02,-0.15%,0
"2024-04-17 09:53",13.42,13.42,13.34,13.42,0.03,+0.22%,0
"2024-04-17 09:54",13.43,13.53,13.43,13.53,0.11,+0.82%,0
"2024-04-17 09:55",13.49,13.49,13.4,13.4,-0.13,-0.96%,0
"2024-04-17 09:56",13.41,13.42,13.39,13.39,-0.01,-0.07%,0
"2024-04-17 09:57",13.39,13.58,13.39,13.58,0.19,+1.42%,0
"2024-04-17 09:58",13.49,13.49,13.43,13.43,-0.15,-1.10%,0
"2024-04-17 09:59",13.41,13.46,13.41,13.43,0,0.00%,0
"2024-04-17 10:00",13.42,13.57,13.42,13.57,0.14,+1.04%,0
"2024-04-17 10:01",13.63,13.64,13.53,13.53,-0.04,-0.29%,0
"2024-04-17 10:02",13.57,13.57,13.48,13.48,-0.05,-0.37%,0
"2024-04-17 10:03",13.51,13.68,13.51,13.56,0.08,+0.59%,0
"2024-04-17 10:04",13.55,13.71,13.55,13.71,0.15,+1.11%,0
"2024-04-17 10:05",13.61,13.61,13.55,13.59,-0.12,-0.88%,0
"2024-04-17 10:06",13.61,13.63,13.55,13.55,-0.04,-0.29%,0
"2024-04-17 10:07",13.5,13.53,13.49,13.53,-0.02,-0.15%,0
"2024-04-17 10:08",13.48,13.54,13.48,13.54,0.01,+0.07%,0
"2024-04-17 10:09",13.52,13.55,13.52,13.55,0.01,+0.07%,0
"2024-04-17 10:10",13.54,13.58,13.54,13.58,0.03,+0.22%,0
"2024-04-17 10:11",13.58,13.72,13.58,13.71,0.13,+0.96%,0
"2024-04-17 10:12",13.67,13.77,13.67,13.76,0.05,+0.36%,0
"2024-04-17 10:13",13.73,13.73,13.5,13.5,-0.26,-1.89%,0
"2024-04-17 10:14",13.52,13.54,13.49,13.54,0.04,+0.30%,0
"2024-04-17 10:15",13.59,13.64,13.59,13.64,0.1,+0.74%,0
"2024-04-17 10:16",13.66,13.66,13.56,13.56,-0.08,-0.59%,0
"2024-04-17 10:17",13.53,13.53,13.46,13.48,-0.08,-0.59%,0
"2024-04-17 10:18",13.5,13.52,13.5,13.51,0.03,+0.22%,0
"2024-04-17 10:19",13.52,13.58,13.5,13.5,-0.01,-0.07%,0
"2024-04-17 10:20",13.49,13.57,13.49,13.57,0.07,+0.52%,0
"2024-04-17 10:21",13.52,13.55,13.52,13.53,-0.04,-0.29%,0
"2024-04-17 10:22",13.51,13.56,13.47,13.56,0.03,+0.22%,0
"2024-04-17 10:23",13.58,13.61,13.58,13.58,0.02,+0.15%,0
"2024-04-17 10:24",13.51,13.51,13.46,13.49,-0.09,-0.66%,0
"2024-04-17 10:25",13.45,13.45,13.38,13.38,-0.11,-0.82%,0
"2024-04-17 10:26",13.42,13.44,13.32,13.32,-0.06,-0.45%,0
"2024-04-17 10:27",13.33,13.39,13.33,13.37,0.05,+0.38%,0
"2024-04-17 10:28",13.36,13.38,13.34,13.34,-0.03,-0.22%,0
"2024-04-17 10:29",13.34,13.36,13.34,13.35,0.01,+0.07%,0
"2024-04-17 10:30",13.35,13.38,13.35,13.38,0.03,+0.22%,0
"2024-04-17 10:31",13.36,13.44,13.36,13.37,-0.01,-0.07%,0
"2024-04-17 10:32",13.4,13.42,13.36,13.36,-0.01,-0.07%,0
"2024-04-17 10:33",13.38,13.45,13.38,13.45,0.09,+0.67%,0
"2024-04-17 10:34",13.44,13.49,13.44,13.49,0.04,+0.30%,0
"2024-04-17 10:35",13.48,13.51,13.45,13.45,-0.04,-0.30%,0
"2024-04-17 10:36",13.44,13.47,13.42,13.47,0.02,+0.15%,0
"2024-04-17 10:37",13.51,13.55,13.49,13.55,0.08,+0.59%,0
"2024-04-17 10:38",13.55,13.55,13.44,13.44,-0.11,-0.81%,0
"2024-04-17 10:39",13.43,13.46,13.41,13.43,-0.01,-0.07%,0
"2024-04-17 10:40",13.48,13.54,13.48,13.54,0.11,+0.82%,0
"2024-04-17 10:41",13.53,13.53,13.49,13.51,-0.03,-0.22%,0
"2024-04-17 10:42",13.51,13.55,13.51,13.55,0.04,+0.30%,0
"2024-04-17 10:43",13.5,13.5,13.49,13.49,-0.06,-0.44%,0
"2024-04-17 10:44",13.53,13.54,13.53,13.53,0.04,+0.30%,0
"2024-04-17 10:45",13.5,13.52,13.5,13.52,-0.01,-0.07%,0
"2024-04-17 10:46",13.52,13.53,13.52,13.53,0.01,+0.07%,0
"2024-04-17 10:47",13.48,13.48,13.43,13.44,-0.09,-0.67%,0
"2024-04-17 10:48",13.43,13.43,13.33,13.35,-0.09,-0.67%,0
"2024-04-17 10:49",13.3,13.32,13.3,13.32,-0.03,-0.22%,0
"2024-04-17 10:50",13.31,13.37,13.31,13.37,0.05,+0.38%,0
"2024-04-17 10:51",13.35,13.5,13.35,13.5,0.13,+0.97%,0
"2024-04-17 10:52",13.79,14.22,13.79,14.22,0.72,+5.33%,0
"2024-04-17 10:53",14.25,14.4,14.25,14.29,0.07,+0.49%,0
"2024-04-17 10:54",14.03,14.36,14.03,14.23,-0.06,-0.42%,0
"2024-04-17 10:55",14.21,14.21,13.91,13.91,-0.32,-2.25%,0
"2024-04-17 10:56",13.99,14.09,13.99,14.04,0.13,+0.93%,0
"2024-04-17 10:57",14.1,14.1,14.03,14.03,-0.01,-0.07%,0
"2024-04-17 10:58",14.03,14.04,14.03,14.04,0.01,+0.07%,0
"2024-04-17 10:59",14.03,14.06,14.01,14.01,-0.03,-0.21%,0
"2024-04-17 11:00",13.93,13.93,13.84,13.84,-0.17,-1.21%,0
"2024-04-17 11:01",13.78,13.85,13.73,13.85,0.01,+0.07%,0
"2024-04-17 11:02",13.84,13.9,13.84,13.89,0.04,+0.29%,0
"2024-04-17 11:03",13.87,13.93,13.87,13.93,0.04,+0.29%,0
"2024-04-17 11:04",13.88,13.89,13.84,13.84,-0.09,-0.65%,0
"2024-04-17 11:05",13.8,13.9,13.8,13.9,0.06,+0.43%,0
"2024-04-17 11:06",13.93,14.12,13.93,14.12,0.22,+1.58%,0
"2024-04-17 11:07",14.15,14.29,14.15,14.17,0.05,+0.35%,0
"2024-04-17 11:08",14.1,14.16,14.1,14.13,-0.04,-0.28%,0
"2024-04-17 11:09",14.13,14.2,14.13,14.2,0.07,+0.50%,0
"2024-04-17 11:10",14.14,14.15,14.14,14.15,-0.05,-0.35%,0
"2024-04-17 11:11",14.15,14.16,14.13,14.13,-0.02,-0.14%,0
"2024-04-17 11:12",14.14,14.35,14.14,14.24,0.11,+0.78%,0
"2024-04-17 11:13",14.23,14.3,14.23,14.29,0.05,+0.35%,0
"2024-04-17 11:14",14.29,14.32,14.29,14.32,0.03,+0.21%,0
"2024-04-17 11:15",14.28,14.28,14.18,14.19,-0.13,-0.91%,0
"2024-04-17 11:16",14.25,14.27,14.22,14.27,0.08,+0.56%,0
"2024-04-17 11:17",14.29,14.37,14.29,14.37,0.1,+0.70%,0
"2024-04-17 11:18",14.36,14.46,14.36,14.46,0.09,+0.63%,0
"2024-04-17 11:19",14.43,14.64,14.43,14.64,0.18,+1.24%,0
"2024-04-17 11:20",14.63,14.63,14.5,14.5,-0.14,-0.96%,0
"2024-04-17 11:21",14.52,14.55,14.5,14.53,0.03,+0.21%,0
"2024-04-17 11:22",14.62,14.62,14.54,14.59,0.06,+0.41%,0
"2024-04-17 11:23",14.57,14.57,14.4,14.44,-0.15,-1.03%,0
"2024-04-17 11:24",14.48,14.56,14.48,14.54,0.1,+0.69%,0
"2024-04-17 11:25",14.53,14.58,14.53,14.58,0.04,+0.28%,0
"2024-04-17 11:26",14.6,14.62,14.58,14.62,0.04,+0.27%,0
"2024-04-17 11:27",14.59,14.59,14.53,14.53,-0.09,-0.62%,0
"2024-04-17 11:28",14.48,14.51,14.47,14.51,-0.02,-0.14%,0
"2024-04-17 11:29",14.54,14.57,14.54,14.57,0.06,+0.41%,0
"2024-04-17 11:30",14.71,15.42,14.71,15.42,0.85,+5.83%,0
"2024-04-17 11:31",15.46,15.46,14.95,15.11,-0.31,-2.01%,0
"2024-04-17 11:32",15.07,15.31,15.07,15.26,0.15,+0.99%,0
"2024-04-17 11:33",15.38,15.38,15.2,15.2,-0.06,-0.39%,0
"2024-04-17 11:34",15.17,15.4,15.17,15.31,0.11,+0.72%,0
"2024-04-17 11:35",15.2,15.2,15.06,15.06,-0.25,-1.63%,0
"2024-04-17 11:36",15.04,15.12,15.04,15.12,0.06,+0.40%,0
"2024-04-17 11:37",15.09,15.12,15.07,15.07,-0.05,-0.33%,0
"2024-04-17 11:38",15.09,15.13,15.05,15.13,0.06,+0.40%,0
"2024-04-17 11:39",15.08,15.13,15.08,15.09,-0.04,-0.26%,0
"2024-04-17 11:40",15.12,15.12,15.09,15.09,0,0.00%,0
"2024-04-17 11:41",15.03,15.07,15.01,15.01,-0.08,-0.53%,0
"2024-04-17 11:42",15.01,15.05,15.01,15.05,0.04,+0.27%,0
"2024-04-17 11:43",14.99,15,14.96,14.96,-0.09,-0.60%,0
"2024-04-17 11:44",14.87,14.87,14.81,14.81,-0.15,-1.00%,0
"2024-04-17 11:45",14.84,15.08,14.84,15.08,0.27,+1.82%,0
"2024-04-17 11:46",15.16,15.23,15.16,15.17,0.09,+0.60%,0
"2024-04-17 11:47",15.16,15.2,15.13,15.13,-0.04,-0.26%,0
"2024-04-17 11:48",15.13,15.22,15.13,15.19,0.06,+0.40%,0
"2024-04-17 11:49",15.16,15.2,15.16,15.18,-0.01,-0.07%,0
"2024-04-17 11:50",15.16,15.2,15.08,15.08,-0.1,-0.66%,0
"2024-04-17 11:51",15.05,15.17,15.05,15.17,0.09,+0.60%,0
"2024-04-17 11:52",15.2,15.2,15.17,15.19,0.02,+0.13%,0
"2024-04-17 11:53",15.2,15.23,15.19,15.19,0,0.00%,0
"2024-04-17 11:54",15.21,15.23,15.15,15.15,-0.04,-0.26%,0
"2024-04-17 11:55",15.15,15.19,15.15,15.18,0.03,+0.20%,0
"2024-04-17 11:56",15.15,15.2,15.15,15.2,0.02,+0.13%,0
"2024-04-17 11:57",15.21,15.22,15.21,15.21,0.01,+0.07%,0
"2024-04-17 11:58",15.2,15.21,15.2,15.21,0,0.00%,0
"2024-04-17 11:59",15.23,15.26,15.23,15.25,0.04,+0.26%,0
"2024-04-17 12:00",15.25,15.32,15.25,15.32,0.07,+0.46%,0
"2024-04-17 12:01",15.35,15.35,15.25,15.25,-0.07,-0.46%,0
"2024-04-17 12:02",15.27,15.37,15.27,15.37,0.12,+0.79%,0
"2024-04-17 12:03",15.47,15.47,15.42,15.44,0.07,+0.46%,0
"2024-04-17 12:04",15.43,15.78,15.43,15.78,0.34,+2.20%,0
"2024-04-17 12:05",15.75,16.08,15.75,16.08,0.3,+1.90%,0
"2024-04-17 12:06",16.14,16.15,16.05,16.05,-0.03,-0.19%,0
"2024-04-17 12:07",16.02,16.02,15.84,15.84,-0.21,-1.31%,0
"2024-04-17 12:08",15.84,16.18,15.84,16.18,0.34,+2.15%,0
"2024-04-17 12:09",16.1,16.12,16.1,16.12,-0.06,-0.37%,0
"2024-04-17 12:10",16.04,16.04,15.69,15.69,-0.43,-2.67%,0
"2024-04-17 12:11",15.72,15.72,15.69,15.7,0.01,+0.06%,0
"2024-04-17 12:12",15.72,15.77,15.72,15.74,0.04,+0.25%,0
"2024-04-17 12:13",15.77,15.79,15.75,15.75,0.01,+0.06%,0
"2024-04-17 12:14",15.74,15.75,15.73,15.75,0,0.00%,0
"2024-04-17 12:15",15.74,15.77,15.74,15.77,0.02,+0.13%,0
"2024-04-17 12:16",15.83,15.84,15.76,15.8,0.03,+0.19%,0
"2024-04-17 12:17",15.82,15.93,15.82,15.93,0.13,+0.82%,0
"2024-04-17 12:18",15.9,15.93,15.88,15.93,0,0.00%,0
"2024-04-17 12:19",15.93,15.95,15.86,15.86,-0.07,-0.44%,0
"2024-04-17 12:20",15.87,15.9,15.87,15.9,0.04,+0.25%,0
"2024-04-17 12:21",15.91,15.91,15.76,15.76,-0.14,-0.88%,0
"2024-04-17 12:22",15.77,16,15.77,16,0.24,+1.52%,0
"2024-04-17 12:23",16.12,16.13,16.1,16.12,0.12,+0.75%,0
"2024-04-17 12:24",16.15,16.17,16.05,16.05,-0.07,-0.43%,0
"2024-04-17 12:25",16.05,16.05,15.92,15.92,-0.13,-0.81%,0
"2024-04-17 12:26",15.89,15.97,15.89,15.97,0.05,+0.31%,0
"2024-04-17 12:27",16.01,16.05,16.01,16.05,0.08,+0.50%,0
"2024-04-17 12:28",16.03,16.14,16.03,16.14,0.09,+0.56%,0
"2024-04-17 12:29",16.15,16.15,16.09,16.09,-0.05,-0.31%,0
"2024-04-17 12:30",16.11,16.12,16.08,16.1,0.01,+0.06%,0
"2024-04-17 12:31",16.14,16.18,16.14,16.18,0.08,+0.50%,0
"2024-04-17 12:32",16.18,16.23,16.17,16.23,0.05,+0.31%,0
"2024-04-17 12:33",16.24,16.34,16.19,16.19,-0.04,-0.25%,0
"2024-04-17 12:34",16.22,16.24,16.21,16.21,0.02,+0.12%,0
"2024-04-17 12:35",16.24,16.35,16.24,16.34,0.13,+0.80%,0
"2024-04-17 12:36",16.35,16.36,16.33,16.34,0,0.00%,0
"2024-04-17 12:37",16.36,16.38,16.36,16.37,0.03,+0.18%,0
"2024-04-17 12:38",16.32,16.34,16.31,16.31,-0.06,-0.37%,0
"2024-04-17 12:39",16.28,16.29,16.28,16.28,-0.03,-0.18%,0
"2024-04-17 12:40",16.27,16.31,16.25,16.25,-0.03,-0.18%,0
"2024-04-17 12:41",16.25,16.27,16.22,16.25,0,0.00%,0
"2024-04-17 12:42",16.25,16.45,16.25,16.45,0.2,+1.23%,0
"2024-04-17 12:43",16.44,16.44,16.42,16.42,-0.03,-0.18%,0
"2024-04-17 12:44",16.5,16.66,16.5,16.66,0.24,+1.46%,0
"2024-04-17 12:45",16.69,16.69,16.54,16.54,-0.12,-0.72%,0
"2024-04-17 12:46",16.53,16.8,16.53,16.8,0.26,+1.57%,0
"2024-04-17 12:47",16.81,16.81,16.52,16.52,-0.28,-1.67%,0
"2024-04-17 12:48",16.49,16.53,16.49,16.53,0.01,+0.06%,0
"2024-04-17 12:49",16.53,16.53,16.42,16.42,-0.11,-0.67%,0
"2024-04-17 12:50",16.28,16.35,16.27,16.35,-0.07,-0.43%,0
"2024-04-17 12:51",16.38,16.39,16.38,16.39,0.04,+0.24%,0
"2024-04-17 12:52",16.41,16.44,16.41,16.44,0.05,+0.31%,0
"2024-04-17 12:53",16.41,16.45,16.41,16.45,0.01,+0.06%,0
"2024-04-17 12:54",16.47,16.48,16.45,16.46,0.01,+0.06%,0
"2024-04-17 12:55",16.45,16.52,16.45,16.52,0.06,+0.36%,0
"2024-04-17 12:56",16.5,16.51,16.49,16.49,-0.03,-0.18%,0
"2024-04-17 12:57",16.51,16.59,16.51,16.59,0.1,+0.61%,0
"2024-04-17 12:58",16.61,16.68,16.61,16.68,0.09,+0.54%,0
"2024-04-17 12:59",16.64,16.68,16.64,16.68,0,0.00%,0
"2024-04-17 13:00",16.71,16.76,16.71,16.72,0.04,+0.24%,0
"2024-04-17 13:01",16.69,16.71,16.68,16.68,-0.04,-0.24%,0
"2024-04-17 13:02",16.6,16.6,16.36,16.36,-0.32,-1.92%,0
"2024-04-17 13:03",16.37,16.37,16.22,16.22,-0.14,-0.86%,0
"2024-04-17 13:04",16.14,16.15,16.12,16.15,-0.07,-0.43%,0
"2024-04-17 13:05",16.15,16.2,16.15,16.18,0.03,+0.19%,0
"2024-04-17 13:06",16.23,16.29,16.23,16.26,0.08,+0.49%,0
"2024-04-17 13:07",16.09,16.28,16.09,16.28,0.02,+0.12%,0
"2024-04-17 13:08",16.28,16.33,16.28,16.32,0.04,+0.25%,0
"2024-04-17 13:09",16.33,16.4,16.33,16.36,0.04,+0.25%,0
"2024-04-17 13:10",16.34,16.37,16.34,16.35,-0.01,-0.06%,0
"2024-04-17 13:11",16.35,16.35,16.31,16.31,-0.04,-0.24%,0
"2024-04-17 13:12",16.32,16.33,16.32,16.32,0.01,+0.06%,0
"2024-04-17 13:13",16.28,16.35,16.28,16.35,0.03,+0.18%,0
"2024-04-17 13:14",16.36,16.36,16.33,16.33,-0.02,-0.12%,0
"2024-04-17 13:15",16.32,16.38,16.32,16.38,0.05,+0.31%,0
"2024-04-17 13:16",16.36,16.37,16.36,16.36,-0.02,-0.12%,0
"2024-04-17 13:17",16.34,16.39,16.34,16.39,0.03,+0.18%,0
"2024-04-17 13:18",16.42,16.42,16.35,16.35,-0.04,-0.24%,0
"2024-04-17 13:19",16.35,16.39,16.35,16.39,0.04,+0.24%,0
"2024-04-17 13:20",16.4,16.45,16.38,16.38,-0.01,-0.06%,0
"2024-04-17 13:21",16.4,16.45,16.4,16.45,0.07,+0.43%,0
"2024-04-17 13:22",16.46,16.46,16.44,16.44,-0.01,-0.06%,0
"2024-04-17 13:23",16.47,16.5,16.47,16.49,0.05,+0.30%,0
"2024-04-17 13:24",16.5,16.52,16.5,16.51,0.02,+0.12%,0
"2024-04-17 13:25",16.5,16.5,16.46,16.49,-0.02,-0.12%,0
"2024-04-17 13:26",16.5,16.51,16.5,16.5,0.01,+0.06%,0
"2024-04-17 13:27",16.46,16.46,16.42,16.42,-0.08,-0.48%,0
"2024-04-17 13:28",16.42,16.42,16.39,16.39,-0.03,-0.18%,0
"2024-04-17 13:29",16.34,16.36,16.34,16.35,-0.04,-0.24%,0
"2024-04-17 13:30",16.34,16.34,16.29,16.29,-0.06,-0.37%,0
"2024-04-17 13:31",16.29,16.31,16.29,16.31,0.02,+0.12%,0
"2024-04-17 13:32",16.3,16.3,16.26,16.26,-0.05,-0.31%,0
"2024-04-17 13:33",16.25,16.27,16.25,16.25,-0.01,-0.06%,0
"2024-04-17 13:34",16.24,16.26,16.23,16.23,-0.02,-0.12%,0
"2024-04-17 13:35",16.22,16.23,16.21,16.21,-0.02,-0.12%,0
"2024-04-17 13:36",16.22,16.23,16.18,16.18,-0.03,-0.19%,0
"2024-04-17 13:37",16.17,16.18,16.16,16.16,-0.02,-0.12%,0
"2024-04-17 13:38",16.11,16.12,16.1,16.1,-0.06,-0.37%,0
"2024-04-17 13:39",16.09,16.11,16.09,16.11,0.01,+0.06%,0
"2024-04-17 13:40",16.09,16.1,16.07,16.07,-0.04,-0.25%,0
"2024-04-17 13:41",16.09,16.15,16.09,16.15,0.08,+0.50%,0
"2024-04-17 13:42",16.15,16.2,16.15,16.2,0.05,+0.31%,0
"2024-04-17 13:43",16.18,16.23,16.17,16.23,0.03,+0.19%,0
"2024-04-17 13:44",16.24,16.24,16.15,16.15,-0.08,-0.49%,0
"2024-04-17 13:45",16.12,16.22,16.12,16.22,0.07,+0.43%,0
"2024-04-17 13:46",16.23,16.31,16.23,16.29,0.07,+0.43%,0
"2024-04-17 13:47",16.28,16.28,16.21,16.22,-0.07,-0.43%,0
"2024-04-17 13:48",16.2,16.22,16.18,16.18,-0.04,-0.25%,0
"2024-04-17 13:49",16.16,16.17,16.14,16.14,-0.04,-0.25%,0
"2024-04-17 13:50",16.11,16.12,16.07,16.07,-0.07,-0.43%,0
"2024-04-17 13:51",16.1,16.12,16.1,16.12,0.05,+0.31%,0
"2024-04-17 13:52",16.16,16.22,16.16,16.22,0.1,+0.62%,0
"2024-04-17 13:53",16.21,16.23,16.14,16.14,-0.08,-0.49%,0
"2024-04-17 13:54",16.12,16.12,16.1,16.1,-0.04,-0.25%,0
"2024-04-17 13:55",16.11,16.11,16.07,16.09,-0.01,-0.06%,0
"2024-04-17 13:56",16.09,16.13,16.09,16.11,0.02,+0.12%,0
"2024-04-17 13:57",16.1,16.1,16.09,16.09,-0.02,-0.12%,0
"2024-04-17 13:58",16.09,16.1,16.09,16.09,0,0.00%,0
"2024-04-17 13:59",16.08,16.09,16.07,16.09,0,0.00%,0
"2024-04-17 14:00",16.08,16.11,16.07,16.09,0,0.00%,0
"2024-04-17 14:01",16.07,16.07,16.04,16.04,-0.05,-0.31%,0
"2024-04-17 14:02",16.03,16.07,16.03,16.07,0.03,+0.19%,0
"2024-04-17 14:03",16.05,16.07,16.04,16.05,-0.02,-0.12%,0
"2024-04-17 14:04",16.06,16.06,16.03,16.03,-0.02,-0.12%,0
"2024-04-17 14:05",16.01,16.05,16.01,16.05,0.02,+0.12%,0
"2024-04-17 14:06",16.05,16.07,16.05,16.06,0.01,+0.06%,0
"2024-04-17 14:07",16.06,16.07,16.05,16.05,-0.01,-0.06%,0
"2024-04-17 14:08",16.04,16.07,16.04,16.07,0.02,+0.12%,0
"2024-04-17 14:09",16.1,16.1,16.07,16.07,0,0.00%,0
"2024-04-17 14:10",16.05,16.13,16.05,16.12,0.05,+0.31%,0
"2024-04-17 14:11",16.13,16.21,16.13,16.21,0.09,+0.56%,0
"2024-04-17 14:12",16.21,16.21,16.15,16.15,-0.06,-0.37%,0
"2024-04-17 14:13",16.16,16.16,16.08,16.08,-0.07,-0.43%,0
"2024-04-17 14:14",16.07,16.15,16.07,16.15,0.07,+0.44%,0
"2024-04-17 14:15",16.19,16.22,16.19,16.22,0.07,+0.43%,0
"2024-04-17 14:16",16.21,16.27,16.21,16.27,0.05,+0.31%,0
"2024-04-17 14:17",16.32,16.35,16.25,16.25,-0.02,-0.12%,0
"2024-04-17 14:18",16.21,16.21,16.08,16.08,-0.17,-1.05%,0
"2024-04-17 14:19",16.03,16.06,16.03,16.05,-0.03,-0.19%,0
"2024-04-17 14:20",16.06,16.11,16.06,16.11,0.06,+0.37%,0
"2024-04-17 14:21",16.12,16.18,16.12,16.18,0.07,+0.43%,0
"2024-04-17 14:22",16.14,16.17,16.12,16.14,-0.04,-0.25%,0
"2024-04-17 14:23",16.14,16.19,16.14,16.16,0.02,+0.12%,0
"2024-04-17 14:24",16.18,16.23,16.18,16.2,0.04,+0.25%,0
"2024-04-17 14:25",16.16,16.16,16.14,16.16,-0.04,-0.25%,0
"2024-04-17 14:26",16.16,16.2,16.16,16.17,0.01,+0.06%,0
"2024-04-17 14:27",16.18,16.19,16.14,16.14,-0.03,-0.19%,0
"2024-04-17 14:28",16.15,16.16,16.1,16.1,-0.04,-0.25%,0
"2024-04-17 14:29",16.05,16.16,16.05,16.16,0.06,+0.37%,0
"2024-04-17 14:30",16.16,16.16,16.14,16.14,-0.02,-0.12%,0
"2024-04-17 14:31",16.15,16.16,16.14,16.14,0,0.00%,0
"2024-04-17 14:32",16.12,16.13,16.1,16.1,-0.04,-0.25%,0
"2024-04-17 14:33",16.11,16.16,16.11,16.15,0.05,+0.31%,0
"2024-04-17 14:34",16.16,16.18,16.16,16.16,0.01,+0.06%,0
"2024-04-17 14:35",16.16,16.22,16.16,16.22,0.06,+0.37%,0
"2024-04-17 14:36",16.18,16.23,16.18,16.23,0.01,+0.06%,0
"2024-04-17 14:37",16.23,16.24,16.19,16.19,-0.04,-0.25%,0
"2024-04-17 14:38",16.16,16.16,16.06,16.06,-0.13,-0.80%,0
"2024-04-17 14:39",16.04,16.05,16.02,16.04,-0.02,-0.12%,0
"2024-04-17 14:40",16.05,16.07,15.97,15.97,-0.07,-0.44%,0
"2024-04-17 14:41",15.97,15.98,15.96,15.98,0.01,+0.06%,0
"2024-04-17 14:42",15.96,16.1,15.89,16.1,0.12,+0.75%,0
"2024-04-17 14:43",16.1,16.11,16.1,16.11,0.01,+0.06%,0
"2024-04-17 14:44",16.11,16.13,16.1,16.1,-0.01,-0.06%,0
"2024-04-17 14:45",16.12,16.12,16.01,16.01,-0.09,-0.56%,0
"2024-04-17 14:46",15.99,16,15.95,15.95,-0.06,-0.37%,0
"2024-04-17 14:47",15.97,15.99,15.95,15.96,0.01,+0.06%,0
"2024-04-17 14:48",15.97,16,15.97,15.97,0.01,+0.06%,0
"2024-04-17 14:49",15.96,15.96,15.9,15.9,-0.07,-0.44%,0
"2024-04-17 14:50",15.89,15.89,15.82,15.82,-0.08,-0.50%,0
"2024-04-17 14:51",15.81,15.87,15.81,15.87,0.05,+0.32%,0
"2024-04-17 14:52",15.9,16.01,15.9,16.01,0.14,+0.88%,0
"2024-04-17 14:53",16.06,16.29,16.06,16.29,0.28,+1.75%,0
"2024-04-17 14:54",16.4,16.51,16.4,16.51,0.22,+1.35%,0
"2024-04-17 14:55",16.39,16.39,16.23,16.37,-0.14,-0.85%,0
"2024-04-17 14:56",16.43,16.43,16.36,16.37,0,0.00%,0
"2024-04-17 14:57",16.33,16.39,16.33,16.36,-0.01,-0.06%,0
"2024-04-17 14:58",16.37,16.4,16.36,16.4,0.04,+0.24%,0
"2024-04-17 14:59",16.39,16.47,16.39,16.47,0.07,+0.43%,0
"2024-04-17 15:00",16.45,16.6,16.45,16.6,0.13,+0.79%,0
"2024-04-17 15:01",16.6,16.68,16.56,16.56,-0.04,-0.24%,0
"2024-04-17 15:02",16.57,16.61,16.57,16.61,0.05,+0.30%,0
"2024-04-17 15:03",16.66,16.66,16.58,16.61,0,0.00%,0
"2024-04-17 15:04",16.61,16.67,16.61,16.67,0.06,+0.36%,0
"2024-04-17 15:05",16.72,16.72,16.66,16.66,-0.01,-0.06%,0
"2024-04-17 15:06",16.63,16.7,16.63,16.68,0.02,+0.12%,0
"2024-04-17 15:07",16.67,16.67,16.64,16.64,-0.04,-0.24%,0
"2024-04-17 15:08",16.65,16.7,16.6,16.6,-0.04,-0.24%,0
"2024-04-17 15:09",16.59,16.64,16.59,16.61,0.01,+0.06%,0
"2024-04-17 15:10",16.6,16.61,16.58,16.6,-0.01,-0.06%,0
"2024-04-17 15:11",16.6,16.63,16.6,16.62,0.02,+0.12%,0
"2024-04-17 15:12",16.68,16.72,16.68,16.69,0.07,+0.42%,0
"2024-04-17 15:13",16.68,16.72,16.68,16.72,0.03,+0.18%,0
"2024-04-17 15:14",16.64,16.67,16.64,16.67,-0.05,-0.30%,0
"2024-04-17 15:15",16.66,16.66,16.63,16.63,-0.04,-0.24%,0
"2024-04-17 15:16",16.6,16.62,16.45,16.45,-0.18,-1.08%,0
"2024-04-17 15:17",16.42,16.45,16.42,16.45,0,0.00%,0
"2024-04-17 15:18",16.48,16.52,16.48,16.52,0.07,+0.43%,0
"2024-04-17 15:19",16.52,16.54,16.51,16.51,-0.01,-0.06%,0
"2024-04-17 15:20",16.5,16.55,16.5,16.55,0.04,+0.24%,0
"2024-04-17 15:21",16.56,16.64,16.56,16.62,0.07,+0.42%,0
"2024-04-17 15:22",16.64,16.68,16.64,16.68,0.06,+0.36%,0
"2024-04-17 15:23",16.68,16.69,16.66,16.66,-0.02,-0.12%,0
"2024-04-17 15:24",16.63,16.65,16.63,16.64,-0.02,-0.12%,0
"2024-04-17 15:25",16.66,16.67,16.65,16.65,0.01,+0.06%,0
"2024-04-17 15:26",16.65,16.65,16.62,16.65,0,0.00%,0
"2024-04-17 15:27",16.62,16.65,16.6,16.65,0,0.00%,0
"2024-04-17 15:28",16.63,16.7,16.63,16.7,0.05,+0.30%,0
"2024-04-17 15:29",16.7,16.72,16.7,16.72,0.02,+0.12%,0
"2024-04-17 15:30",16.69,16.69,16.6,16.6,-0.12,-0.72%,0
"2024-04-17 15:31",16.56,16.59,16.56,16.57,-0.03,-0.18%,0
"2024-04-17 15:32",16.58,16.66,16.58,16.66,0.09,+0.54%,0
"2024-04-17 15:33",16.67,16.67,16.56,16.56,-0.1,-0.60%,0
"2024-04-17 15:34",16.56,16.68,16.56,16.68,0.12,+0.72%,0
"2024-04-17 15:35",16.64,16.75,16.64,16.75,0.07,+0.42%,0
"2024-04-17 15:36",16.76,16.78,16.76,16.78,0.03,+0.18%,0
"2024-04-17 15:37",16.79,16.89,16.79,16.89,0.11,+0.66%,0
"2024-04-17 15:38",16.88,17.01,16.87,17.01,0.12,+0.71%,0
"2024-04-17 15:39",17.01,17.06,17,17.06,0.05,+0.29%,0
"2024-04-17 15:40",17.1,17.15,17.1,17.15,0.09,+0.53%,0
"2024-04-17 15:41",17.19,17.27,17.19,17.27,0.12,+0.70%,0
"2024-04-17 15:42",17.25,17.25,17.2,17.21,-0.06,-0.35%,0
"2024-04-17 15:43",17.17,17.19,17.15,17.15,-0.06,-0.35%,0
"2024-04-17 15:44",17.11,17.11,17.05,17.05,-0.1,-0.58%,0
"2024-04-17 15:45",17.05,17.05,17.02,17.02,-0.03,-0.18%,0
"2024-04-17 15:46",17.04,17.06,17.01,17.02,0,0.00%,0
"2024-04-17 15:47",16.98,17.02,16.98,17,-0.02,-0.12%,0
"2024-04-17 15:48",17.01,17.02,16.98,16.98,-0.02,-0.12%,0
"2024-04-17 15:49",16.97,16.97,16.93,16.97,-0.01,-0.06%,0
"2024-04-17 15:50",16.93,16.93,16.84,16.84,-0.13,-0.77%,0
"2024-04-17 15:51",16.87,16.91,16.87,16.89,0.05,+0.30%,0
"2024-04-17 15:52",16.86,16.87,16.82,16.82,-0.07,-0.41%,0
"2024-04-17 15:53",16.79,16.79,16.75,16.75,-0.07,-0.42%,0
"2024-04-17 15:54",16.79,16.79,16.7,16.76,0.01,+0.06%,0
"2024-04-17 15:55",16.73,16.85,16.73,16.85,0.09,+0.54%,0
"2024-04-17 15:56",16.84,16.84,16.76,16.79,-0.06,-0.36%,0
"2024-04-17 15:57",16.81,16.82,16.7,16.7,-0.09,-0.54%,0
"2024-04-17 15:58",16.69,16.69,16.6,16.6,-0.1,-0.60%,0
"2024-04-17 15:59",16.53,16.54,16.49,16.49,-0.11,-0.66%,0
"2024-04-17 16:00",16.37,16.66,16.37,16.66,0.17,+1.03%,0
"2024-04-17 16:01",16.73,16.81,16.73,16.78,0.12,+0.72%,0
"2024-04-17 16:02",16.77,16.79,16.74,16.79,0.01,+0.06%,0
"2024-04-17 16:03",16.79,16.79,16.75,16.75,-0.04,-0.24%,0
"2024-04-17 16:04",16.71,16.77,16.71,16.76,0.01,+0.06%,0
"2024-04-17 16:05",16.74,16.74,16.71,16.71,-0.05,-0.30%,0
"2024-04-17 16:06",16.6,16.61,16.55,16.59,-0.12,-0.72%,0
"2024-04-17 16:07",16.58,16.59,16.53,16.53,-0.06,-0.36%,0
"2024-04-17 16:08",16.53,16.53,16.4,16.4,-0.13,-0.79%,0
"2024-04-17 16:09",16.45,16.46,16.43,16.43,0.03,+0.18%,0
"2024-04-17 16:10",16.45,16.51,16.45,16.51,0.08,+0.49%,0
"2024-04-17 16:11",16.52,16.56,16.52,16.56,0.05,+0.30%,0
"2024-04-17 16:12",16.57,16.58,16.55,16.55,-0.01,-0.06%,0
"2024-04-17 16:13",16.51,16.58,16.51,16.57,0.02,+0.12%,0
"2024-04-17 16:14",16.57,16.6,16.57,16.6,0.03,+0.18%,0
"2024-04-17 16:15",16.59,16.59,16.59,16.59,-0.01,-0.06%,0
"2024-04-18 09:31",12.58,12.6,12.54,12.6,-3.99,-24.05%,0
"2024-04-18 09:32",12.6,12.72,12.6,12.72,0.12,+0.95%,0
"2024-04-18 09:33",12.71,12.84,12.71,12.84,0.12,+0.94%,0
"2024-04-18 09:34",12.89,12.96,12.88,12.96,0.12,+0.93%,0
"2024-04-18 09:35",12.98,13.14,12.98,13.14,0.18,+1.39%,0
"2024-04-18 09:36",13.35,13.71,13.35,13.71,0.57,+4.34%,0
"2024-04-18 09:37",13.91,14.11,13.91,13.96,0.25,+1.82%,0
"2024-04-18 09:38",14.14,14.14,14.06,14.11,0.15,+1.07%,0
"2024-04-18 09:39",14.11,14.43,14.11,14.43,0.32,+2.27%,0
"2024-04-18 09:40",14.28,14.28,14.17,14.17,-0.26,-1.80%,0
"2024-04-18 09:41",14.12,14.12,13.99,13.99,-0.18,-1.27%,0
"2024-04-18 09:42",14.01,14.01,13.89,13.89,-0.1,-0.71%,0
"2024-04-18 09:43",13.93,13.93,13.73,13.73,-0.16,-1.15%,0
"2024-04-18 09:44",13.66,13.83,13.66,13.83,0.1,+0.73%,0
"2024-04-18 09:45",13.82,13.89,13.82,13.89,0.06,+0.43%,0
"2024-04-18 09:46",13.88,13.92,13.87,13.92,0.03,+0.22%,0
"2024-04-18 09:47",13.81,13.81,13.73,13.75,-0.17,-1.22%,0
"2024-04-18 09:48",13.79,13.84,13.77,13.77,0.02,+0.15%,0
"2024-04-18 09:49",13.74,13.74,13.57,13.57,-0.2,-1.45%,0
"2024-04-18 09:50",13.52,13.54,13.49,13.54,-0.03,-0.22%,0
"2024-04-18 09:51",13.51,13.56,13.51,13.54,0,0.00%,0
"2024-04-18 09:52",13.58,13.79,13.58,13.77,0.23,+1.70%,0
"2024-04-18 09:53",13.76,13.86,13.76,13.86,0.09,+0.65%,0
"2024-04-18 09:54",13.78,13.85,13.78,13.84,-0.02,-0.14%,0
"2024-04-18 09:55",13.86,13.9,13.67,13.67,-0.17,-1.23%,0
"2024-04-18 09:56",13.65,13.72,13.65,13.68,0.01,+0.07%,0
"2024-04-18 09:57",13.62,13.74,13.62,13.74,0.06,+0.44%,0
"2024-04-18 09:58",13.78,13.82,13.78,13.82,0.08,+0.58%,0
"2024-04-18 09:59",13.83,13.83,13.78,13.79,-0.03,-0.22%,0
"2024-04-18 10:00",13.76,13.79,13.76,13.79,0,0.00%,0
"2024-04-18 10:01",13.84,13.87,13.83,13.87,0.08,+0.58%,0
"2024-04-18 10:02",13.85,13.92,13.85,13.92,0.05,+0.36%,0
"2024-04-18 10:03",13.91,14.08,13.91,14.08,0.16,+1.15%,0
"2024-04-18 10:04",14.02,14.02,13.87,14.02,-0.06,-0.43%,0
"2024-04-18 10:05",14.03,14.03,13.86,13.86,-0.16,-1.14%,0
"2024-04-18 10:06",13.82,13.82,13.73,13.76,-0.1,-0.72%,0
"2024-04-18 10:07",13.79,13.88,13.79,13.85,0.09,+0.65%,0
"2024-04-18 10:08",13.84,13.89,13.84,13.85,0,0.00%,0
"2024-04-18 10:09",13.82,13.82,13.64,13.64,-0.21,-1.52%,0
"2024-04-18 10:10",13.58,13.59,13.56,13.56,-0.08,-0.59%,0
"2024-04-18 10:11",13.56,13.58,13.56,13.57,0.01,+0.07%,0
"2024-04-18 10:12",13.54,13.62,13.54,13.62,0.05,+0.37%,0
"2024-04-18 10:13",13.67,13.67,13.59,13.59,-0.03,-0.22%,0
"2024-04-18 10:14",13.57,13.6,13.54,13.59,0,0.00%,0
"2024-04-18 10:15",13.59,13.6,13.51,13.55,-0.04,-0.29%,0
"2024-04-18 10:16",13.57,13.59,13.54,13.56,0.01,+0.07%,0
"2024-04-18 10:17",13.52,13.52,13.52,13.52,-0.04,-0.29%,0
"2024-04-18 10:18",13.47,13.51,13.46,13.51,-0.01,-0.07%,0
"2024-04-18 10:19",13.52,13.53,13.49,13.49,-0.02,-0.15%,0
"2024-04-18 10:20",13.46,13.54,13.46,13.53,0.04,+0.30%,0
"2024-04-18 10:21",13.49,13.62,13.49,13.59,0.06,+0.44%,0
"2024-04-18 10:22",13.58,13.69,13.58,13.69,0.1,+0.74%,0
"2024-04-18 10:23",13.63,13.64,13.57,13.64,-0.05,-0.37%,0
"2024-04-18 10:24",13.62,13.67,13.62,13.62,-0.02,-0.15%,0
"2024-04-18 10:25",13.63,13.63,13.52,13.52,-0.1,-0.73%,0
"2024-04-18 10:26",13.55,13.61,13.55,13.57,0.05,+0.37%,0
"2024-04-18 10:27",13.56,13.56,13.51,13.51,-0.06,-0.44%,0
"2024-04-18 10:28",13.5,13.64,13.5,13.62,0.11,+0.81%,0
"2024-04-18 10:29",13.6,13.6,13.56,13.56,-0.06,-0.44%,0
"2024-04-18 10:30",13.55,13.55,13.46,13.52,-0.04,-0.29%,0
"2024-04-18 10:31",13.52,13.53,13.48,13.48,-0.04,-0.30%,0
"2024-04-18 10:32",13.46,13.48,13.46,13.46,-0.02,-0.15%,0
"2024-04-18 10:33",13.46,13.51,13.46,13.48,0.02,+0.15%,0
"2024-04-18 10:34",13.47,13.47,13.42,13.42,-0.06,-0.45%,0
"2024-04-18 10:35",13.39,13.42,13.33,13.33,-0.09,-0.67%,0
"2024-04-18 10:36",13.38,13.41,13.33,13.33,0,0.00%,0
"2024-04-18 10:37",13.37,13.38,13.31,13.31,-0.02,-0.15%,0
"2024-04-18 10:38",13.31,13.38,13.31,13.34,0.03,+0.23%,0
"2024-04-18 10:39",13.34,13.38,13.33,13.38,0.04,+0.30%,0
"2024-04-18 10:40",13.42,13.45,13.42,13.45,0.07,+0.52%,0
"2024-04-18 10:41",13.45,13.45,13.43,13.44,-0.01,-0.07%,0
"2024-04-18 10:42",13.43,13.43,13.41,13.42,-0.02,-0.15%,0
"2024-04-18 10:43",13.39,13.43,13.39,13.41,-0.01,-0.07%,0
"2024-04-18 10:44",13.39,13.42,13.39,13.39,-0.02,-0.15%,0
"2024-04-18 10:45",13.39,13.39,13.33,13.33,-0.06,-0.45%,0
"2024-04-18 10:46",13.37,13.4,13.35,13.35,0.02,+0.15%,0
"2024-04-18 10:47",13.32,13.32,13.29,13.29,-0.06,-0.45%,0
"2024-04-18 10:48",13.29,13.37,13.29,13.36,0.07,+0.53%,0
"2024-04-18 10:49",13.36,13.42,13.36,13.36,0,0.00%,0
"2024-04-18 10:50",13.37,13.42,13.37,13.39,0.03,+0.22%,0
"2024-04-18 10:51",13.39,13.45,13.39,13.45,0.06,+0.45%,0
"2024-04-18 10:52",13.41,13.45,13.41,13.45,0,0.00%,0
"2024-04-18 10:53",13.44,13.45,13.42,13.42,-0.03,-0.22%,0
"2024-04-18 10:54",13.42,13.43,13.4,13.4,-0.02,-0.15%,0
"2024-04-18 10:55",13.42,13.42,13.38,13.38,-0.02,-0.15%,0
"2024-04-18 10:56",13.38,13.43,13.36,13.36,-0.02,-0.15%,0
"2024-04-18 10:57",13.26,13.27,13.25,13.25,-0.11,-0.82%,0
"2024-04-18 10:58",13.25,13.28,13.25,13.28,0.03,+0.23%,0
"2024-04-18 10:59",13.42,13.43,13.41,13.41,0.13,+0.98%,0
"2024-04-18 11:00",13.38,13.39,13.36,13.36,-0.05,-0.37%,0
"2024-04-18 11:01",13.35,13.36,13.35,13.35,-0.01,-0.07%,0
"2024-04-18 11:02",13.37,13.39,13.35,13.35,0,0.00%,0
"2024-04-18 11:03",13.35,13.37,13.35,13.37,0.02,+0.15%,0
"2024-04-18 11:04",13.36,13.39,13.36,13.38,0.01,+0.07%,0
"2024-04-18 11:05",13.38,13.38,13.33,13.33,-0.05,-0.37%,0
"2024-04-18 11:06",13.34,13.38,13.34,13.38,0.05,+0.38%,0
"2024-04-18 11:07",13.4,13.44,13.4,13.42,0.04,+0.30%,0
"2024-04-18 11:08",13.42,13.42,13.37,13.38,-0.04,-0.30%,0
"2024-04-18 11:09",13.39,13.47,13.39,13.47,0.09,+0.67%,0
"2024-04-18 11:10",13.46,13.47,13.46,13.47,0,0.00%,0
"2024-04-18 11:11",13.41,13.46,13.41,13.46,-0.01,-0.07%,0
"2024-04-18 11:12",13.44,13.47,13.44,13.47,0.01,+0.07%,0
"2024-04-18 11:13",13.47,13.52,13.47,13.47,0,0.00%,0
"2024-04-18 11:14",13.47,13.5,13.46,13.46,-0.01,-0.07%,0
"2024-04-18 11:15",13.43,13.45,13.42,13.44,-0.02,-0.15%,0
"2024-04-18 11:16",13.43,13.48,13.43,13.48,0.04,+0.30%,0
"2024-04-18 11:17",13.44,13.45,13.42,13.42,-0.06,-0.45%,0
"2024-04-18 11:18",13.43,13.48,13.43,13.48,0.06,+0.45%,0
"2024-04-18 11:19",13.48,13.53,13.48,13.53,0.05,+0.37%,0
"2024-04-18 11:20",13.55,13.56,13.53,13.54,0.01,+0.07%,0
"2024-04-18 11:21",13.54,13.56,13.54,13.54,0,0.00%,0
"2024-04-18 11:22",13.44,13.49,13.44,13.49,-0.05,-0.37%,0
"2024-04-18 11:23",13.51,13.52,13.48,13.48,-0.01,-0.07%,0
"2024-04-18 11:24",13.5,13.53,13.47,13.47,-0.01,-0.07%,0
"2024-04-18 11:25",13.46,13.51,13.46,13.47,0,0.00%,0
"2024-04-18 11:26",13.48,13.52,13.48,13.51,0.04,+0.30%,0
"2024-04-18 11:27",13.52,13.54,13.51,13.54,0.03,+0.22%,0
"2024-04-18 11:28",13.54,13.58,13.54,13.54,0,0.00%,0
"2024-04-18 11:29",13.59,13.75,13.59,13.75,0.21,+1.55%,0
"2024-04-18 11:30",13.76,13.8,13.69,13.8,0.05,+0.36%,0
"2024-04-18 11:31",13.78,13.8,13.75,13.8,0,0.00%,0
"2024-04-18 11:32",13.72,13.72,13.67,13.7,-0.1,-0.72%,0
"2024-04-18 11:33",13.68,13.74,13.68,13.72,0.02,+0.15%,0
"2024-04-18 11:34",13.75,13.77,13.75,13.77,0.05,+0.36%,0
"2024-04-18 11:35",13.78,13.78,13.75,13.75,-0.02,-0.15%,0
"2024-04-18 11:36",13.76,13.85,13.76,13.79,0.04,+0.29%,0
"2024-04-18 11:37",13.77,13.8,13.77,13.8,0.01,+0.07%,0
"2024-04-18 11:38",13.79,13.89,13.79,13.89,0.09,+0.65%,0
"2024-04-18 11:39",13.86,13.86,13.78,13.78,-0.11,-0.79%,0
"2024-04-18 11:40",13.79,13.92,13.79,13.92,0.14,+1.02%,0
"2024-04-18 11:41",13.95,13.95,13.88,13.88,-0.04,-0.29%,0
"2024-04-18 11:42",13.84,13.91,13.84,13.9,0.02,+0.14%,0
"2024-04-18 11:43",13.92,13.94,13.92,13.93,0.03,+0.22%,0
"2024-04-18 11:44",13.93,13.97,13.93,13.95,0.02,+0.14%,0
"2024-04-18 11:45",13.84,13.91,13.84,13.91,-0.04,-0.29%,0
"2024-04-18 11:46",13.9,13.95,13.89,13.89,-0.02,-0.14%,0
"2024-04-18 11:47",13.92,13.94,13.92,13.94,0.05,+0.36%,0
"2024-04-18 11:48",13.97,13.99,13.96,13.99,0.05,+0.36%,0
"2024-04-18 11:49",13.97,13.99,13.93,13.99,0,0.00%,0
"2024-04-18 11:50",13.97,14.05,13.97,14.01,0.02,+0.14%,0
"2024-04-18 11:51",14,14.03,13.94,13.94,-0.07,-0.50%,0
"2024-04-18 11:52",13.92,14.02,13.92,14,0.06,+0.43%,0
"2024-04-18 11:53",14.02,14.06,14.02,14.02,0.02,+0.14%,0
"2024-04-18 11:54",14.02,14.02,14,14,-0.02,-0.14%,0
"2024-04-18 11:55",13.97,14.02,13.97,14.01,0.01,+0.07%,0
"2024-04-18 11:56",14.01,14.01,13.93,13.93,-0.08,-0.57%,0
"2024-04-18 11:57",13.94,13.94,13.88,13.88,-0.05,-0.36%,0
"2024-04-18 11:58",13.86,13.94,13.86,13.94,0.06,+0.43%,0
"2024-04-18 11:59",13.94,13.94,13.93,13.93,-0.01,-0.07%,0
"2024-04-18 12:00",13.94,13.94,13.8,13.8,-0.13,-0.93%,0
"2024-04-18 12:01",13.74,13.75,13.73,13.73,-0.07,-0.51%,0
"2024-04-18 12:02",13.75,13.75,13.71,13.71,-0.02,-0.15%,0
"2024-04-18 12:03",13.72,13.77,13.72,13.77,0.06,+0.44%,0
"2024-04-18 12:04",13.79,13.89,13.79,13.85,0.08,+0.58%,0
"2024-04-18 12:05",13.87,13.99,13.87,13.96,0.11,+0.79%,0
"2024-04-18 12:06",13.97,14.21,13.97,14.14,0.18,+1.29%,0
"2024-04-18 12:07",14.08,14.21,14.08,14.2,0.06,+0.42%,0
"2024-04-18 12:08",14.2,14.25,14.11,14.19,-0.01,-0.07%,0
"2024-04-18 12:09",14.23,14.25,14.2,14.2,0.01,+0.07%,0
"2024-04-18 12:10",14.13,14.13,14.04,14.04,-0.16,-1.13%,0
"2024-04-18 12:11",14.02,14.02,14,14.02,-0.02,-0.14%,0
"2024-04-18 12:12",14.02,14.2,14.02,14.2,0.18,+1.28%,0
"2024-04-18 12:13",14.33,14.34,14.31,14.31,0.11,+0.77%,0
"2024-04-18 12:14",14.31,14.34,14.31,14.34,0.03,+0.21%,0
"2024-04-18 12:15",14.33,14.35,14.33,14.35,0.01,+0.07%,0
"2024-04-18 12:16",14.32,14.33,14.3,14.3,-0.05,-0.35%,0
"2024-04-18 12:17",14.34,14.34,14.22,14.22,-0.08,-0.56%,0
"2024-04-18 12:18",14.1,14.13,14.1,14.13,-0.09,-0.63%,0
"2024-04-18 12:19",14.11,14.11,14.09,14.09,-0.04,-0.28%,0
"2024-04-18 12:20",14.09,14.13,14.09,14.12,0.03,+0.21%,0
"2024-04-18 12:21",14.07,14.13,14.07,14.13,0.01,+0.07%,0
"2024-04-18 12:22",14.16,14.16,14.13,14.13,0,0.00%,0
"2024-04-18 12:23",14.13,14.19,14.13,14.19,0.06,+0.42%,0
"2024-04-18 12:24",14.17,14.2,14.17,14.17,-0.02,-0.14%,0
"2024-04-18 12:25",14.17,14.21,14.14,14.14,-0.03,-0.21%,0
"2024-04-18 12:26",14.1,14.1,14.06,14.1,-0.04,-0.28%,0
"2024-04-18 12:27",14.12,14.21,14.12,14.2,0.1,+0.71%,0
"2024-04-18 12:28",14.17,14.19,14.16,14.16,-0.04,-0.28%,0
"2024-04-18 12:29",14.2,14.2,14.12,14.12,-0.04,-0.28%,0
"2024-04-18 12:30",14.09,14.13,14.09,14.13,0.01,+0.07%,0
"2024-04-18 12:31",14.12,14.19,14.12,14.19,0.06,+0.42%,0
"2024-04-18 12:32",14.2,14.2,14.13,14.13,-0.06,-0.42%,0
"2024-04-18 12:33",14.11,14.17,14.11,14.17,0.04,+0.28%,0
"2024-04-18 12:34",14.2,14.76,14.2,14.76,0.59,+4.16%,0
"2024-04-18 12:35",14.84,14.84,14.48,14.48,-0.28,-1.90%,0
"2024-04-18 12:36",14.45,14.45,14.16,14.16,-0.32,-2.21%,0
"2024-04-18 12:37",14.25,14.37,14.25,14.37,0.21,+1.48%,0
"2024-04-18 12:38",14.33,14.4,14.33,14.4,0.03,+0.21%,0
"2024-04-18 12:39",14.44,14.47,14.43,14.47,0.07,+0.49%,0
"2024-04-18 12:40",14.47,14.52,14.47,14.52,0.05,+0.35%,0
"2024-04-18 12:41",14.6,14.7,14.6,14.69,0.17,+1.17%,0
"2024-04-18 12:42",14.6,14.83,14.6,14.83,0.14,+0.95%,0
"2024-04-18 12:43",14.87,14.87,14.63,14.7,-0.13,-0.88%,0
"2024-04-18 12:44",14.68,14.77,14.68,14.72,0.02,+0.14%,0
"2024-04-18 12:45",14.72,14.78,14.72,14.78,0.06,+0.41%,0
"2024-04-18 12:46",14.76,14.91,14.75,14.91,0.13,+0.88%,0
"2024-04-18 12:47",14.98,15.11,14.79,15.11,0.2,+1.34%,0
"2024-04-18 12:48",15.19,15.28,15.18,15.18,0.07,+0.46%,0
"2024-04-18 12:49",15.02,15.02,14.96,14.98,-0.2,-1.32%,0
"2024-04-18 12:50",14.98,15.02,14.98,14.99,0.01,+0.07%,0
"2024-04-18 12:51",15.05,15.15,15.05,15.15,0.16,+1.07%,0
"2024-04-18 12:52",15.23,15.39,15.23,15.35,0.2,+1.32%,0
"2024-04-18 12:53",15.23,15.3,15.23,15.27,-0.08,-0.52%,0
"2024-04-18 12:54",15.28,15.38,15.28,15.34,0.07,+0.46%,0
"2024-04-18 12:55",15.34,15.34,15.06,15.06,-0.28,-1.83%,0
"2024-04-18 12:56",15.06,15.1,15.06,15.1,0.04,+0.27%,0
"2024-04-18 12:57",15.1,15.1,15.03,15.05,-0.05,-0.33%,0
"2024-04-18 12:58",15.09,15.24,15.09,15.24,0.19,+1.26%,0
"2024-04-18 12:59",15.27,15.44,15.27,15.43,0.19,+1.25%,0
"2024-04-18 13:00",15.38,15.39,15.32,15.32,-0.11,-0.71%,0
"2024-04-18 13:01",15.26,15.27,15.16,15.16,-0.16,-1.04%,0
"2024-04-18 13:02",15.16,15.28,15.16,15.26,0.1,+0.66%,0
"2024-04-18 13:03",15.27,15.31,15.27,15.3,0.04,+0.26%,0
"2024-04-18 13:04",15.32,15.42,15.32,15.42,0.12,+0.78%,0
"2024-04-18 13:05",15.4,15.51,15.4,15.47,0.05,+0.32%,0
"2024-04-18 13:06",15.42,15.49,15.41,15.49,0.02,+0.13%,0
"2024-04-18 13:07",15.53,15.67,15.5,15.64,0.15,+0.97%,0
"2024-04-18 13:08",15.45,15.49,15.4,15.49,-0.15,-0.96%,0
"2024-04-18 13:09",15.51,15.53,15.49,15.49,0,0.00%,0
"2024-04-18 13:10",15.44,15.52,15.44,15.52,0.03,+0.19%,0
"2024-04-18 13:11",15.61,15.82,15.6,15.6,0.08,+0.52%,0
"2024-04-18 13:12",15.65,15.73,15.65,15.73,0.13,+0.83%,0
"2024-04-18 13:13",15.72,15.72,15.63,15.63,-0.1,-0.64%,0
"2024-04-18 13:14",15.66,15.71,15.66,15.67,0.04,+0.26%,0
"2024-04-18 13:15",15.6,15.6,15.55,15.6,-0.07,-0.45%,0
"2024-04-18 13:16",15.69,15.77,15.69,15.77,0.17,+1.09%,0
"2024-04-18 13:17",15.79,16.16,15.79,16.16,0.39,+2.47%,0
"2024-04-18 13:18",15.99,16.29,15.99,16.28,0.12,+0.74%,0
"2024-04-18 13:19",16.23,16.27,16.14,16.14,-0.14,-0.86%,0
"2024-04-18 13:20",15.94,16.03,15.9,16.03,-0.11,-0.68%,0
"2024-04-18 13:21",16.15,16.21,16.13,16.21,0.18,+1.12%,0
"2024-04-18 13:22",16.19,16.24,16.19,16.22,0.01,+0.06%,0
"2024-04-18 13:23",16.24,16.32,16.24,16.3,0.08,+0.49%,0
"2024-04-18 13:24",16.32,16.62,16.32,16.62,0.32,+1.96%,0
"2024-04-18 13:25",16.78,16.78,16.34,16.34,-0.28,-1.68%,0
"2024-04-18 13:26",16.36,16.4,16.33,16.34,0,0.00%,0
"2024-04-18 13:27",16.39,16.4,16.39,16.39,0.05,+0.31%,0
"2024-04-18 13:28",16.37,16.42,16.25,16.25,-0.14,-0.85%,0
"2024-04-18 13:29",16.17,16.17,15.91,15.91,-0.34,-2.09%,0
"2024-04-18 13:30",15.87,15.91,15.87,15.9,-0.01,-0.06%,0
"2024-04-18 13:31",15.91,16.02,15.91,15.98,0.08,+0.50%,0
"2024-04-18 13:32",16.01,16.23,16.01,16.23,0.25,+1.56%,0
"2024-04-18 13:33",16.23,16.28,16.23,16.28,0.05,+0.31%,0
"2024-04-18 13:34",16.26,16.28,16.26,16.28,0,0.00%,0
"2024-04-18 13:35",16.23,16.25,16.17,16.21,-0.07,-0.43%,0
"2024-04-18 13:36",16.28,16.29,16.25,16.29,0.08,+0.49%,0
"2024-04-18 13:37",16.3,16.5,16.3,16.5,0.21,+1.29%,0
"2024-04-18 13:38",16.48,16.57,16.48,16.57,0.07,+0.42%,0
"2024-04-18 13:39",16.56,16.56,16.52,16.54,-0.03,-0.18%,0
"2024-04-18 13:40",16.52,16.58,16.5,16.58,0.04,+0.24%,0
"2024-04-18 13:41",16.64,16.78,16.64,16.68,0.1,+0.60%,0
"2024-04-18 13:42",16.72,16.76,16.71,16.71,0.03,+0.18%,0
"2024-04-18 13:43",16.65,16.65,16.43,16.43,-0.28,-1.68%,0
"2024-04-18 13:44",16.39,16.47,16.39,16.45,0.02,+0.12%,0
"2024-04-18 13:45",16.47,16.47,16.36,16.36,-0.09,-0.55%,0
"2024-04-18 13:46",16.27,16.29,16.27,16.29,-0.07,-0.43%,0
"2024-04-18 13:47",16.28,16.3,16.28,16.3,0.01,+0.06%,0
"2024-04-18 13:48",16.29,16.31,16.29,16.31,0.01,+0.06%,0
"2024-04-18 13:49",16.33,16.4,16.33,16.37,0.06,+0.37%,0
"2024-04-18 13:50",16.35,16.42,16.35,16.42,0.05,+0.31%,0
"2024-04-18 13:51",16.44,16.5,16.43,16.5,0.08,+0.49%,0
"2024-04-18 13:52",16.55,16.75,16.55,16.75,0.25,+1.52%,0
"2024-04-18 13:53",16.8,16.8,16.75,16.75,0,0.00%,0
"2024-04-18 13:54",16.76,16.8,16.75,16.76,0.01,+0.06%,0
"2024-04-18 13:55",16.74,16.74,16.69,16.69,-0.07,-0.42%,0
"2024-04-18 13:56",16.72,16.75,16.67,16.67,-0.02,-0.12%,0
"2024-04-18 13:57",16.68,16.7,16.52,16.52,-0.15,-0.90%,0
"2024-04-18 13:58",16.69,16.69,16.62,16.62,0.1,+0.61%,0
"2024-04-18 13:59",16.58,16.58,16.56,16.57,-0.05,-0.30%,0
"2024-04-18 14:00",16.55,16.58,16.53,16.53,-0.04,-0.24%,0
"2024-04-18 14:01",16.52,16.57,16.52,16.56,0.03,+0.18%,0
"2024-04-18 14:02",16.55,16.6,16.52,16.58,0.02,+0.12%,0
"2024-04-18 14:03",16.58,16.69,16.58,16.68,0.1,+0.60%,0
"2024-04-18 14:04",16.63,16.66,16.63,16.63,-0.05,-0.30%,0
"2024-04-18 14:05",16.68,16.81,16.68,16.81,0.18,+1.08%,0
"2024-04-18 14:06",16.82,16.84,16.78,16.78,-0.03,-0.18%,0
"2024-04-18 14:07",16.74,16.74,16.7,16.7,-0.08,-0.48%,0
"2024-04-18 14:08",16.67,16.77,16.67,16.77,0.07,+0.42%,0
"2024-04-18 14:09",16.8,16.86,16.78,16.81,0.04,+0.24%,0
"2024-04-18 14:10",16.81,16.84,16.79,16.84,0.03,+0.18%,0
"2024-04-18 14:11",16.89,17.01,16.89,16.95,0.11,+0.65%,0
"2024-04-18 14:12",16.98,17.08,16.98,17.03,0.08,+0.47%,0
"2024-04-18 14:13",16.98,16.98,16.88,16.88,-0.15,-0.88%,0
"2024-04-18 14:14",16.72,16.72,16.68,16.7,-0.18,-1.07%,0
"2024-04-18 14:15",16.83,16.83,16.73,16.73,0.03,+0.18%,0
"2024-04-18 14:16",16.7,16.72,16.59,16.59,-0.14,-0.84%,0
"2024-04-18 14:17",16.59,16.61,16.51,16.51,-0.08,-0.48%,0
"2024-04-18 14:18",16.52,16.54,16.51,16.53,0.02,+0.12%,0
"2024-04-18 14:19",16.46,16.46,16.43,16.45,-0.08,-0.48%,0
"2024-04-18 14:20",16.43,16.46,16.43,16.44,-0.01,-0.06%,0
"2024-04-18 14:21",16.42,16.42,16.35,16.37,-0.07,-0.43%,0
"2024-04-18 14:22",16.34,16.34,16.25,16.25,-0.12,-0.73%,0
"2024-04-18 14:23",16.26,16.26,16.17,16.17,-0.08,-0.49%,0
"2024-04-18 14:24",16.2,16.26,16.2,16.26,0.09,+0.56%,0
"2024-04-18 14:25",16.29,16.29,16.23,16.23,-0.03,-0.18%,0
"2024-04-18 14:26",16.19,16.21,16.16,16.16,-0.07,-0.43%,0
"2024-04-18 14:27",16.13,16.17,16.13,16.15,-0.01,-0.06%,0
"2024-04-18 14:28",16.19,16.48,16.19,16.48,0.33,+2.04%,0
"2024-04-18 14:29",16.55,16.62,16.55,16.62,0.14,+0.85%,0
"2024-04-18 14:30",16.56,16.6,16.56,16.6,-0.02,-0.12%,0
"2024-04-18 14:31",16.6,16.66,16.6,16.65,0.05,+0.30%,0
"2024-04-18 14:32",16.64,16.78,16.64,16.78,0.13,+0.78%,0
"2024-04-18 14:33",16.78,16.8,16.78,16.79,0.01,+0.06%,0
"2024-04-18 14:34",16.8,17.01,16.8,17.01,0.22,+1.31%,0
"2024-04-18 14:35",16.99,16.99,16.8,16.81,-0.2,-1.18%,0
"2024-04-18 14:36",16.83,16.83,16.8,16.8,-0.01,-0.06%,0
"2024-04-18 14:37",16.84,16.85,16.77,16.77,-0.03,-0.18%,0
"2024-04-18 14:38",16.74,16.83,16.74,16.81,0.04,+0.24%,0
"2024-04-18 14:39",16.89,16.91,16.85,16.87,0.06,+0.36%,0
"2024-04-18 14:40",16.87,16.89,16.86,16.86,-0.01,-0.06%,0
"2024-04-18 14:41",16.85,16.85,16.79,16.79,-0.07,-0.42%,0
"2024-04-18 14:42",16.83,16.84,16.75,16.75,-0.04,-0.24%,0
"2024-04-18 14:43",16.73,16.76,16.73,16.73,-0.02,-0.12%,0
"2024-04-18 14:44",16.76,16.82,16.76,16.79,0.06,+0.36%,0
"2024-04-18 14:45",16.78,16.81,16.78,16.8,0.01,+0.06%,0
"2024-04-18 14:46",16.81,16.83,16.81,16.83,0.03,+0.18%,0
"2024-04-18 14:47",16.81,16.88,16.81,16.88,0.05,+0.30%,0
"2024-04-18 14:48",16.89,16.89,16.87,16.87,-0.01,-0.06%,0
"2024-04-18 14:49",16.88,16.9,16.86,16.86,-0.01,-0.06%,0
"2024-04-18 14:50",16.86,16.96,16.86,16.96,0.1,+0.59%,0
"2024-04-18 14:51",16.97,17.1,16.97,17.09,0.13,+0.77%,0
"2024-04-18 14:52",17.03,17.03,16.97,16.97,-0.12,-0.70%,0
"2024-04-18 14:53",16.97,17,16.96,16.96,-0.01,-0.06%,0
"2024-04-18 14:54",16.95,16.99,16.95,16.99,0.03,+0.18%,0
"2024-04-18 14:55",16.98,16.99,16.97,16.99,0,0.00%,0
"2024-04-18 14:56",16.99,17.02,16.98,17.01,0.02,+0.12%,0
"2024-04-18 14:57",16.97,17.01,16.97,17.01,0,0.00%,0
"2024-04-18 14:58",17,17.03,17,17.02,0.01,+0.06%,0
"2024-04-18 14:59",17.02,17.06,17.02,17.03,0.01,+0.06%,0
"2024-04-18 15:00",16.99,16.99,16.92,16.92,-0.11,-0.65%,0
"2024-04-18 15:01",16.91,16.91,16.8,16.8,-0.12,-0.71%,0
"2024-04-18 15:02",16.75,16.75,16.6,16.62,-0.18,-1.07%,0
"2024-04-18 15:03",16.61,16.68,16.61,16.68,0.06,+0.36%,0
"2024-04-18 15:04",16.66,16.66,16.62,16.64,-0.04,-0.24%,0
"2024-04-18 15:05",16.64,16.67,16.64,16.64,0,0.00%,0
"2024-04-18 15:06",16.63,16.67,16.62,16.62,-0.02,-0.12%,0
"2024-04-18 15:07",16.62,16.67,16.62,16.67,0.05,+0.30%,0
"2024-04-18 15:08",16.67,16.68,16.65,16.66,-0.01,-0.06%,0
"2024-04-18 15:09",16.67,16.75,16.67,16.75,0.09,+0.54%,0
"2024-04-18 15:10",16.74,16.75,16.68,16.68,-0.07,-0.42%,0
"2024-04-18 15:11",16.68,16.69,16.66,16.69,0.01,+0.06%,0
"2024-04-18 15:12",16.68,16.8,16.68,16.8,0.11,+0.66%,0
"2024-04-18 15:13",16.8,16.89,16.8,16.89,0.09,+0.54%,0
"2024-04-18 15:14",16.88,16.88,16.87,16.87,-0.02,-0.12%,0
"2024-04-18 15:15",16.8,16.81,16.8,16.81,-0.06,-0.36%,0
"2024-04-18 15:16",16.82,16.87,16.82,16.87,0.06,+0.36%,0
"2024-04-18 15:17",16.9,16.92,16.9,16.92,0.05,+0.30%,0
"2024-04-18 15:18",16.92,16.93,16.9,16.9,-0.02,-0.12%,0
"2024-04-18 15:19",16.9,16.94,16.9,16.93,0.03,+0.18%,0
"2024-04-18 15:20",16.92,16.92,16.87,16.87,-0.06,-0.35%,0
"2024-04-18 15:21",16.88,16.95,16.88,16.9,0.03,+0.18%,0
"2024-04-18 15:22",16.88,16.91,16.88,16.91,0.01,+0.06%,0
"2024-04-18 15:23",16.87,16.9,16.87,16.89,-0.02,-0.12%,0
"2024-04-18 15:24",16.87,16.87,16.76,16.76,-0.13,-0.77%,0
"2024-04-18 15:25",16.8,16.9,16.8,16.9,0.14,+0.84%,0
"2024-04-18 15:26",16.88,16.88,16.76,16.76,-0.14,-0.83%,0
"2024-04-18 15:27",16.78,16.8,16.75,16.75,-0.01,-0.06%,0
"2024-04-18 15:28",16.72,16.8,16.72,16.8,0.05,+0.30%,0
"2024-04-18 15:29",16.77,16.77,16.75,16.77,-0.03,-0.18%,0
"2024-04-18 15:30",16.75,16.76,16.7,16.71,-0.06,-0.36%,0
"2024-04-18 15:31",16.7,16.71,16.69,16.71,0,0.00%,0
"2024-04-18 15:32",16.71,16.72,16.69,16.69,-0.02,-0.12%,0
"2024-04-18 15:33",16.69,16.7,16.67,16.67,-0.02,-0.12%,0
"2024-04-18 15:34",16.57,16.57,16.48,16.51,-0.16,-0.96%,0
"2024-04-18 15:35",16.48,16.5,16.44,16.44,-0.07,-0.42%,0
"2024-04-18 15:36",16.42,16.43,16.42,16.42,-0.02,-0.12%,0
"2024-04-18 15:37",16.42,16.46,16.42,16.46,0.04,+0.24%,0
"2024-04-18 15:38",16.52,16.59,16.52,16.53,0.07,+0.43%,0
"2024-04-18 15:39",16.54,16.57,16.54,16.54,0.01,+0.06%,0
"2024-04-18 15:40",16.55,16.58,16.54,16.58,0.04,+0.24%,0
"2024-04-18 15:41",16.57,16.59,16.55,16.59,0.01,+0.06%,0
"2024-04-18 15:42",16.6,16.62,16.6,16.61,0.02,+0.12%,0
"2024-04-18 15:43",16.58,16.6,16.54,16.54,-0.07,-0.42%,0
"2024-04-18 15:44",16.55,16.56,16.53,16.53,-0.01,-0.06%,0
"2024-04-18 15:45",16.53,16.53,16.5,16.53,0,0.00%,0
"2024-04-18 15:46",16.53,16.55,16.53,16.53,0,0.00%,0
"2024-04-18 15:47",16.53,16.53,16.52,16.53,0,0.00%,0
"2024-04-18 15:48",16.53,16.53,16.5,16.5,-0.03,-0.18%,0
"2024-04-18 15:49",16.48,16.49,16.45,16.45,-0.05,-0.30%,0
"2024-04-18 15:50",16.42,16.42,16.27,16.27,-0.18,-1.09%,0
"2024-04-18 15:51",16.14,16.14,16.07,16.07,-0.2,-1.23%,0
"2024-04-18 15:52",16.07,16.18,16.07,16.18,0.11,+0.68%,0
"2024-04-18 15:53",16.22,16.28,16.22,16.28,0.1,+0.62%,0
"2024-04-18 15:54",16.28,16.49,16.28,16.49,0.21,+1.29%,0
"2024-04-18 15:55",16.48,16.54,16.48,16.5,0.01,+0.06%,0
"2024-04-18 15:56",16.49,16.54,16.49,16.52,0.02,+0.12%,0
"2024-04-18 15:57",16.41,16.51,16.41,16.43,-0.09,-0.54%,0
"2024-04-18 15:58",16.43,16.52,16.43,16.52,0.09,+0.55%,0
"2024-04-18 15:59",16.54,16.54,16.43,16.43,-0.09,-0.54%,0
"2024-04-18 16:00",16.25,16.31,16.19,16.19,-0.24,-1.46%,0
"2024-04-18 16:01",16.12,16.12,16,16,-0.19,-1.17%,0
"2024-04-18 16:02",16,16.03,16,16.03,0.03,+0.19%,0
"2024-04-18 16:03",15.94,15.94,15.92,15.92,-0.11,-0.69%,0
"2024-04-18 16:04",15.93,15.93,15.84,15.84,-0.08,-0.50%,0
"2024-04-18 16:05",15.87,15.87,15.82,15.82,-0.02,-0.13%,0
"2024-04-18 16:06",15.82,15.96,15.82,15.91,0.09,+0.57%,0
"2024-04-18 16:07",15.96,16.07,15.96,16.07,0.16,+1.01%,0
"2024-04-18 16:08",16.06,16.08,16.06,16.06,-0.01,-0.06%,0
"2024-04-18 16:09",16.09,16.11,16.09,16.11,0.05,+0.31%,0
"2024-04-18 16:10",16.1,16.1,16.07,16.08,-0.03,-0.19%,0
"2024-04-18 16:11",16.08,16.1,16.08,16.08,0,0.00%,0
"2024-04-18 16:12",16.09,16.12,16.09,16.12,0.04,+0.25%,0
"2024-04-18 16:13",16.1,16.17,16.1,16.17,0.05,+0.31%,0
"2024-04-18 16:14",16.17,16.2,16.17,16.2,0.03,+0.19%,0
"2024-04-18 16:15",16.16,16.16,16.16,16.16,-0.04,-0.25%,0
"2024-04-19 09:31",15.31,15.49,15.31,15.41,-0.75,-4.64%,0
"2024-04-19 09:32",15.38,15.53,15.38,15.43,0.02,+0.13%,0
"2024-04-19 09:33",15.33,15.46,15.33,15.38,-0.05,-0.32%,0
"2024-04-19 09:34",15.33,15.33,15.19,15.19,-0.19,-1.24%,0
"2024-04-19 09:35",15.21,15.21,15.09,15.09,-0.1,-0.66%,0
"2024-04-19 09:36",15.09,15.14,15.09,15.14,0.05,+0.33%,0
"2024-04-19 09:37",15.22,15.27,15.21,15.27,0.13,+0.86%,0
"2024-04-19 09:38",15.23,15.3,15.23,15.3,0.03,+0.20%,0
"2024-04-19 09:39",15.29,15.37,15.28,15.28,-0.02,-0.13%,0
"2024-04-19 09:40",15.21,15.21,15.12,15.12,-0.16,-1.05%,0
"2024-04-19 09:41",15.11,15.12,15.07,15.09,-0.03,-0.20%,0
"2024-04-19 09:42",14.97,15.13,14.97,15.12,0.03,+0.20%,0
"2024-04-19 09:43",15.16,15.23,15.16,15.23,0.11,+0.73%,0
"2024-04-19 09:44",15.2,15.24,15.19,15.19,-0.04,-0.26%,0
"2024-04-19 09:45",15.18,15.18,15.16,15.17,-0.02,-0.13%,0
"2024-04-19 09:46",15.16,15.23,15.16,15.23,0.06,+0.40%,0
"2024-04-19 09:47",15.16,15.25,15.16,15.25,0.02,+0.13%,0
"2024-04-19 09:48",15.21,15.32,15.21,15.32,0.07,+0.46%,0
"2024-04-19 09:49",15.3,15.36,15.25,15.25,-0.07,-0.46%,0
"2024-04-19 09:50",15.23,15.36,15.23,15.28,0.03,+0.20%,0
"2024-04-19 09:51",15.29,15.34,15.29,15.34,0.06,+0.39%,0
"2024-04-19 09:52",15.37,15.48,15.37,15.46,0.12,+0.78%,0
"2024-04-19 09:53",15.39,15.43,15.39,15.43,-0.03,-0.19%,0
"2024-04-19 09:54",15.43,15.43,15.4,15.4,-0.03,-0.19%,0
"2024-04-19 09:55",15.4,15.44,15.39,15.39,-0.01,-0.06%,0
"2024-04-19 09:56",15.25,15.26,15.25,15.25,-0.14,-0.91%,0
"2024-04-19 09:57",15.23,15.24,15.2,15.2,-0.05,-0.33%,0
"2024-04-19 09:58",15.17,15.21,15.17,15.19,-0.01,-0.07%,0
"2024-04-19 09:59",15.22,15.34,15.22,15.34,0.15,+0.99%,0
"2024-04-19 10:00",15.42,15.42,15.27,15.27,-0.07,-0.46%,0
"2024-04-19 10:01",15.26,15.26,15.25,15.25,-0.02,-0.13%,0
"2024-04-19 10:02",15.23,15.27,15.23,15.23,-0.02,-0.13%,0
"2024-04-19 10:03",15.25,15.27,15.25,15.25,0.02,+0.13%,0
"2024-04-19 10:04",15.23,15.3,15.23,15.25,0,0.00%,0
"2024-04-19 10:05",15.19,15.19,15.11,15.11,-0.14,-0.92%,0
"2024-04-19 10:06",15.09,15.09,15.07,15.07,-0.04,-0.26%,0
"2024-04-19 10:07",15.07,15.11,15.07,15.09,0.02,+0.13%,0
"2024-04-19 10:08",15.08,15.08,15.03,15.03,-0.06,-0.40%,0
"2024-04-19 10:09",15.05,15.09,15.04,15.04,0.01,+0.07%,0
"2024-04-19 10:10",15.08,15.24,15.08,15.24,0.2,+1.33%,0
"2024-04-19 10:11",15.14,15.26,15.12,15.26,0.02,+0.13%,0
"2024-04-19 10:12",15.23,15.23,15.12,15.12,-0.14,-0.92%,0
"2024-04-19 10:13",15.12,15.25,15.12,15.25,0.13,+0.86%,0
"2024-04-19 10:14",15.22,15.26,15.22,15.24,-0.01,-0.07%,0
"2024-04-19 10:15",15.25,15.25,15.24,15.24,0,0.00%,0
"2024-04-19 10:16",15.31,15.34,15.19,15.19,-0.05,-0.33%,0
"2024-04-19 10:17",15.2,15.21,15.17,15.17,-0.02,-0.13%,0
"2024-04-19 10:18",15.24,15.51,15.24,15.45,0.28,+1.85%,0
"2024-04-19 10:19",15.44,15.56,15.44,15.56,0.11,+0.71%,0
"2024-04-19 10:20",15.6,15.69,15.6,15.64,0.08,+0.51%,0
"2024-04-19 10:21",15.59,15.59,15.35,15.41,-0.23,-1.47%,0
"2024-04-19 10:22",15.42,15.45,15.34,15.34,-0.07,-0.45%,0
"2024-04-19 10:23",15.43,15.56,15.43,15.5,0.16,+1.04%,0
"2024-04-19 10:24",15.53,15.69,15.53,15.69,0.19,+1.23%,0
"2024-04-19 10:25",15.87,15.87,15.73,15.74,0.05,+0.32%,0
"2024-04-19 10:26",15.68,15.83,15.68,15.83,0.09,+0.57%,0
"2024-04-19 10:27",15.79,15.79,15.67,15.7,-0.13,-0.82%,0
"2024-04-19 10:28",15.67,15.81,15.67,15.81,0.11,+0.70%,0
"2024-04-19 10:29",15.8,15.8,15.62,15.64,-0.17,-1.08%,0
"2024-04-19 10:30",15.58,15.59,15.49,15.51,-0.13,-0.83%,0
"2024-04-19 10:31",15.5,15.5,15.4,15.4,-0.11,-0.71%,0
"2024-04-19 10:32",15.42,15.51,15.42,15.51,0.11,+0.71%,0
"2024-04-19 10:33",15.49,15.56,15.49,15.54,0.03,+0.19%,0
"2024-04-19 10:34",15.52,15.69,15.52,15.69,0.15,+0.97%,0
"2024-04-19 10:35",15.67,15.85,15.67,15.85,0.16,+1.02%,0
"2024-04-19 10:36",15.8,15.8,15.77,15.8,-0.05,-0.32%,0
"2024-04-19 10:37",15.76,15.86,15.76,15.86,0.06,+0.38%,0
"2024-04-19 10:38",15.94,15.94,15.84,15.9,0.04,+0.25%,0
"2024-04-19 10:39",15.97,15.97,15.92,15.92,0.02,+0.13%,0
"2024-04-19 10:40",15.93,15.93,15.85,15.92,0,0.00%,0
"2024-04-19 10:41",15.86,15.95,15.86,15.95,0.03,+0.19%,0
"2024-04-19 10:42",15.91,15.91,15.7,15.7,-0.25,-1.57%,0
"2024-04-19 10:43",15.7,15.7,15.59,15.61,-0.09,-0.57%,0
"2024-04-19 10:44",15.63,15.63,15.5,15.5,-0.11,-0.70%,0
"2024-04-19 10:45",15.53,15.53,15.37,15.39,-0.11,-0.71%,0
"2024-04-19 10:46",15.35,15.35,15.24,15.24,-0.15,-0.97%,0
"2024-04-19 10:47",15.33,15.37,15.33,15.36,0.12,+0.79%,0
"2024-04-19 10:48",15.36,15.43,15.36,15.4,0.04,+0.26%,0
"2024-04-19 10:49",15.39,15.48,15.39,15.42,0.02,+0.13%,0
"2024-04-19 10:50",15.46,15.46,15.43,15.43,0.01,+0.06%,0
"2024-04-19 10:51",15.44,15.48,15.44,15.45,0.02,+0.13%,0
"2024-04-19 10:52",15.42,15.46,15.4,15.46,0.01,+0.06%,0
"2024-04-19 10:53",15.41,15.41,15.39,15.39,-0.07,-0.45%,0
"2024-04-19 10:54",15.36,15.36,15.32,15.32,-0.07,-0.45%,0
"2024-04-19 10:55",15.32,15.41,15.32,15.41,0.09,+0.59%,0
"2024-04-19 10:56",15.41,15.47,15.41,15.47,0.06,+0.39%,0
"2024-04-19 10:57",15.51,15.72,15.51,15.72,0.25,+1.62%,0
"2024-04-19 10:58",15.58,15.58,15.53,15.53,-0.19,-1.21%,0
"2024-04-19 10:59",15.54,15.54,15.48,15.52,-0.01,-0.06%,0
"2024-04-19 11:00",15.51,15.69,15.51,15.69,0.17,+1.10%,0
"2024-04-19 11:01",15.67,15.67,15.61,15.61,-0.08,-0.51%,0
"2024-04-19 11:02",15.6,15.6,15.55,15.56,-0.05,-0.32%,0
"2024-04-19 11:03",15.55,15.71,15.55,15.71,0.15,+0.96%,0
"2024-04-19 11:04",15.61,15.66,15.59,15.59,-0.12,-0.76%,0
"2024-04-19 11:05",15.61,15.64,15.61,15.62,0.03,+0.19%,0
"2024-04-19 11:06",15.56,15.65,15.56,15.58,-0.04,-0.26%,0
"2024-04-19 11:07",15.54,15.55,15.5,15.5,-0.08,-0.51%,0
"2024-04-19 11:08",15.44,15.44,15.38,15.38,-0.12,-0.77%,0
"2024-04-19 11:09",15.38,15.38,15.33,15.37,-0.01,-0.07%,0
"2024-04-19 11:10",15.35,15.44,15.35,15.44,0.07,+0.46%,0
"2024-04-19 11:11",15.45,15.54,15.45,15.51,0.07,+0.45%,0
"2024-04-19 11:12",15.52,15.58,15.47,15.47,-0.04,-0.26%,0
"2024-04-19 11:13",15.45,15.46,15.45,15.46,-0.01,-0.06%,0
"2024-04-19 11:14",15.5,15.59,15.5,15.57,0.11,+0.71%,0
"2024-04-19 11:15",15.55,15.55,15.49,15.5,-0.07,-0.45%,0
"2024-04-19 11:16",15.52,15.52,15.48,15.49,-0.01,-0.06%,0
"2024-04-19 11:17",15.5,15.55,15.5,15.55,0.06,+0.39%,0
"2024-04-19 11:18",15.5,15.5,15.46,15.47,-0.08,-0.51%,0
"2024-04-19 11:19",15.53,15.79,15.53,15.79,0.32,+2.07%,0
"2024-04-19 11:20",15.74,15.74,15.66,15.66,-0.13,-0.82%,0
"2024-04-19 11:21",15.74,15.74,15.64,15.66,0,0.00%,0
"2024-04-19 11:22",15.73,15.85,15.71,15.72,0.06,+0.38%,0
"2024-04-19 11:23",15.71,15.76,15.71,15.74,0.02,+0.13%,0
"2024-04-19 11:24",15.73,15.78,15.72,15.78,0.04,+0.25%,0
"2024-04-19 11:25",15.77,15.8,15.74,15.74,-0.04,-0.25%,0
"2024-04-19 11:26",15.71,15.76,15.71,15.76,0.02,+0.13%,0
"2024-04-19 11:27",15.76,15.79,15.76,15.79,0.03,+0.19%,0
"2024-04-19 11:28",15.83,15.84,15.77,15.84,0.05,+0.32%,0
"2024-04-19 11:29",15.85,15.87,15.85,15.86,0.02,+0.13%,0
"2024-04-19 11:30",15.84,15.84,15.74,15.74,-0.12,-0.76%,0
"2024-04-19 11:31",15.76,15.91,15.76,15.9,0.16,+1.02%,0
"2024-04-19 11:32",15.92,15.92,15.86,15.86,-0.04,-0.25%,0
"2024-04-19 11:33",15.91,16.04,15.91,16.04,0.18,+1.13%,0
"2024-04-19 11:34",16,16,15.96,15.99,-0.05,-0.31%,0
"2024-04-19 11:35",16,16.01,15.94,15.94,-0.05,-0.31%,0
"2024-04-19 11:36",15.93,16.18,15.93,16.17,0.23,+1.44%,0
"2024-04-19 11:37",16.1,16.1,15.97,16.07,-0.1,-0.62%,0
"2024-04-19 11:38",16.04,16.05,16.04,16.05,-0.02,-0.12%,0
"2024-04-19 11:39",16.05,16.06,15.93,15.93,-0.12,-0.75%,0
"2024-04-19 11:40",15.98,15.98,15.91,15.91,-0.02,-0.13%,0
"2024-04-19 11:41",15.91,15.94,15.9,15.94,0.03,+0.19%,0
"2024-04-19 11:42",15.93,16.05,15.93,16.05,0.11,+0.69%,0
"2024-04-19 11:43",16.11,16.14,16.11,16.12,0.07,+0.44%,0
"2024-04-19 11:44",16.09,16.1,16.09,16.09,-0.03,-0.19%,0
"2024-04-19 11:45",16.05,16.05,16.01,16.01,-0.08,-0.50%,0
"2024-04-19 11:46",16.01,16.03,15.99,16.03,0.02,+0.12%,0
"2024-04-19 11:47",16.03,16.03,15.95,15.95,-0.08,-0.50%,0
"2024-04-19 11:48",15.91,15.93,15.91,15.93,-0.02,-0.13%,0
"2024-04-19 11:49",15.93,16,15.93,16,0.07,+0.44%,0
"2024-04-19 11:50",15.99,15.99,15.94,15.95,-0.05,-0.31%,0
"2024-04-19 11:51",15.94,15.97,15.94,15.97,0.02,+0.13%,0
"2024-04-19 11:52",16.04,16.04,16,16.01,0.04,+0.25%,0
"2024-04-19 11:53",16.05,16.06,16.05,16.06,0.05,+0.31%,0
"2024-04-19 11:54",16.07,16.1,16.07,16.08,0.02,+0.12%,0
"2024-04-19 11:55",16.08,16.1,16.04,16.1,0.02,+0.12%,0
"2024-04-19 11:56",16.13,16.17,16.1,16.1,0,0.00%,0
"2024-04-19 11:57",16.07,16.28,16.07,16.22,0.12,+0.75%,0
"2024-04-19 11:58",16.19,16.19,16.02,16.02,-0.2,-1.23%,0
"2024-04-19 11:59",16.07,16.19,16.07,16.19,0.17,+1.06%,0
"2024-04-19 12:00",16.18,16.18,15.99,15.99,-0.2,-1.24%,0
"2024-04-19 12:01",15.97,15.97,15.89,15.93,-0.06,-0.38%,0
"2024-04-19 12:02",15.93,16.06,15.93,16.06,0.13,+0.82%,0
"2024-04-19 12:03",16.09,16.15,16.09,16.15,0.09,+0.56%,0
"2024-04-19 12:04",16.15,16.22,16.15,16.22,0.07,+0.43%,0
"2024-04-19 12:05",16.22,16.27,16.22,16.25,0.03,+0.18%,0
"2024-04-19 12:06",16.2,16.21,16.18,16.21,-0.04,-0.25%,0
"2024-04-19 12:07",16.26,16.42,16.26,16.42,0.21,+1.30%,0
"2024-04-19 12:08",16.46,16.46,16.23,16.23,-0.19,-1.16%,0
"2024-04-19 12:09",16.15,16.17,16.14,16.17,-0.06,-0.37%,0
"2024-04-19 12:10",16.2,16.45,16.2,16.45,0.28,+1.73%,0
"2024-04-19 12:11",16.47,16.69,16.47,16.69,0.24,+1.46%,0
"2024-04-19 12:12",16.73,16.73,16.6,16.6,-0.09,-0.54%,0
"2024-04-19 12:13",16.57,16.88,16.57,16.88,0.28,+1.69%,0
"2024-04-19 12:14",16.87,16.87,16.74,16.8,-0.08,-0.47%,0
"2024-04-19 12:15",17,17,16.84,16.84,0.04,+0.24%,0
"2024-04-19 12:16",16.94,16.98,16.82,16.82,-0.02,-0.12%,0
"2024-04-19 12:17",16.76,16.78,16.71,16.71,-0.11,-0.65%,0
"2024-04-19 12:18",16.74,16.93,16.74,16.93,0.22,+1.32%,0
"2024-04-19 12:19",16.91,16.91,16.89,16.89,-0.04,-0.24%,0
"2024-04-19 12:20",16.96,16.96,16.85,16.85,-0.04,-0.24%,0
"2024-04-19 12:21",16.85,16.91,16.85,16.9,0.05,+0.30%,0
"2024-04-19 12:22",16.91,16.97,16.91,16.97,0.07,+0.41%,0
"2024-04-19 12:23",16.95,17.03,16.95,17.02,0.05,+0.29%,0
"2024-04-19 12:24",17.09,17.19,17.09,17.17,0.15,+0.88%,0
"2024-04-19 12:25",17.2,17.2,17.13,17.15,-0.02,-0.12%,0
"2024-04-19 12:26",17.12,17.15,17.12,17.15,0,0.00%,0
"2024-04-19 12:27",17.11,17.14,17.09,17.12,-0.03,-0.17%,0
"2024-04-19 12:28",17.11,17.11,17.04,17.04,-0.08,-0.47%,0
"2024-04-19 12:29",17.07,17.26,17.07,17.26,0.22,+1.29%,0
"2024-04-19 12:30",17.33,17.33,17.03,17.03,-0.23,-1.33%,0
"2024-04-19 12:31",17.03,17.13,17.03,17.13,0.1,+0.59%,0
"2024-04-19 12:32",17.15,17.25,17.14,17.25,0.12,+0.70%,0
"2024-04-19 12:33",17.23,17.23,17.1,17.1,-0.15,-0.87%,0
"2024-04-19 12:34",17.14,17.15,17.06,17.06,-0.04,-0.23%,0
"2024-04-19 12:35",17.04,17.07,17.03,17.06,0,0.00%,0
"2024-04-19 12:36",17.06,17.12,17.06,17.12,0.06,+0.35%,0
"2024-04-19 12:37",17.14,17.18,17.14,17.18,0.06,+0.35%,0
"2024-04-19 12:38",17.14,17.18,17.14,17.17,-0.01,-0.06%,0
"2024-04-19 12:39",17.17,17.23,17.17,17.23,0.06,+0.35%,0
"2024-04-19 12:40",17.24,17.32,17.24,17.32,0.09,+0.52%,0
"2024-04-19 12:41",17.28,17.28,17.25,17.27,-0.05,-0.29%,0
"2024-04-19 12:42",17.27,17.27,17.16,17.19,-0.08,-0.46%,0
"2024-04-19 12:43",17.14,17.14,17.01,17.03,-0.16,-0.93%,0
"2024-04-19 12:44",17.03,17.03,16.99,17,-0.03,-0.18%,0
"2024-04-19 12:45",16.96,16.96,16.92,16.92,-0.08,-0.47%,0
"2024-04-19 12:46",16.93,16.97,16.92,16.92,0,0.00%,0
"2024-04-19 12:47",16.91,17.04,16.91,17.04,0.12,+0.71%,0
"2024-04-19 12:48",17.06,17.07,17.03,17.03,-0.01,-0.06%,0
"2024-04-19 12:49",17.05,17.1,17.05,17.1,0.07,+0.41%,0
"2024-04-19 12:50",17.09,17.09,16.94,16.94,-0.16,-0.94%,0
"2024-04-19 12:51",16.95,16.97,16.92,16.94,0,0.00%,0
"2024-04-19 12:52",16.96,17.03,16.96,17.03,0.09,+0.53%,0
"2024-04-19 12:53",17.03,17.04,17.01,17.01,-0.02,-0.12%,0
"2024-04-19 12:54",17.02,17.11,17.02,17.11,0.1,+0.59%,0
"2024-04-19 12:55",17.15,17.15,17.1,17.1,-0.01,-0.06%,0
"2024-04-19 12:56",17.09,17.13,17.09,17.12,0.02,+0.12%,0
"2024-04-19 12:57",17.09,17.09,17.07,17.07,-0.05,-0.29%,0
"2024-04-19 12:58",17.08,17.09,17.05,17.05,-0.02,-0.12%,0
"2024-04-19 12:59",17.04,17.04,16.99,16.99,-0.06,-0.35%,0
"2024-04-19 13:00",16.98,17,16.98,16.99,0,0.00%,0
"2024-04-19 13:01",17,17.03,17,17,0.01,+0.06%,0
"2024-04-19 13:02",17.04,17.06,17.04,17.06,0.06,+0.35%,0
"2024-04-19 13:03",17.08,17.09,17.05,17.05,-0.01,-0.06%,0
"2024-04-19 13:04",17.01,17.02,16.97,16.97,-0.08,-0.47%,0
"2024-04-19 13:05",16.96,17.03,16.96,17.01,0.04,+0.24%,0
"2024-04-19 13:06",17,17.07,17,17.07,0.06,+0.35%,0
"2024-04-19 13:07",17.08,17.13,17.08,17.13,0.06,+0.35%,0
"2024-04-19 13:08",17.13,17.13,17.11,17.11,-0.02,-0.12%,0
"2024-04-19 13:09",17.11,17.16,17.11,17.14,0.03,+0.18%,0
"2024-04-19 13:10",17.11,17.12,17.11,17.11,-0.03,-0.18%,0
"2024-04-19 13:11",17.11,17.17,17.11,17.17,0.06,+0.35%,0
"2024-04-19 13:12",17.19,17.19,17.16,17.17,0,0.00%,0
"2024-04-19 13:13",17.19,17.2,17.16,17.16,-0.01,-0.06%,0
"2024-04-19 13:14",17.17,17.19,17.17,17.17,0.01,+0.06%,0
"2024-04-19 13:15",17.17,17.18,17.14,17.18,0.01,+0.06%,0
"2024-04-19 13:16",17.16,17.18,17.14,17.18,0,0.00%,0
"2024-04-19 13:17",17.22,17.22,17.13,17.13,-0.05,-0.29%,0
"2024-04-19 13:18",17.09,17.09,17.07,17.07,-0.06,-0.35%,0
"2024-04-19 13:19",17.07,17.09,17.07,17.07,0,0.00%,0
"2024-04-19 13:20",17.09,17.23,17.09,17.22,0.15,+0.88%,0
"2024-04-19 13:21",17.21,17.28,17.21,17.23,0.01,+0.06%,0
"2024-04-19 13:22",17.22,17.3,17.22,17.3,0.07,+0.41%,0
"2024-04-19 13:23",17.33,17.33,17.32,17.32,0.02,+0.12%,0
"2024-04-19 13:24",17.33,17.33,17.3,17.31,-0.01,-0.06%,0
"2024-04-19 13:25",17.31,17.34,17.31,17.31,0,0.00%,0
"2024-04-19 13:26",17.29,17.31,17.14,17.14,-0.17,-0.98%,0
"2024-04-19 13:27",17.13,17.15,17.11,17.12,-0.02,-0.12%,0
"2024-04-19 13:28",17.12,17.19,17.12,17.19,0.07,+0.41%,0
"2024-04-19 13:29",17.21,17.31,17.21,17.31,0.12,+0.70%,0
"2024-04-19 13:30",17.27,17.27,17.14,17.14,-0.17,-0.98%,0
"2024-04-19 13:31",17.12,17.19,17.12,17.19,0.05,+0.29%,0
"2024-04-19 13:32",17.21,17.26,17.21,17.26,0.07,+0.41%,0
"2024-04-19 13:33",17.27,17.27,17.23,17.23,-0.03,-0.17%,0
"2024-04-19 13:34",17.25,17.25,17.22,17.23,0,0.00%,0
"2024-04-19 13:35",17.19,17.23,17.19,17.23,0,0.00%,0
"2024-04-19 13:36",17.22,17.22,17.16,17.16,-0.07,-0.41%,0
"2024-04-19 13:37",17.16,17.17,17.14,17.17,0.01,+0.06%,0
"2024-04-19 13:38",17.17,17.22,17.17,17.22,0.05,+0.29%,0
"2024-04-19 13:39",17.19,17.25,17.19,17.25,0.03,+0.17%,0
"2024-04-19 13:40",17.27,17.27,17.21,17.21,-0.04,-0.23%,0
"2024-04-19 13:41",17.19,17.26,17.19,17.26,0.05,+0.29%,0
"2024-04-19 13:42",17.28,17.29,17.22,17.22,-0.04,-0.23%,0
"2024-04-19 13:43",17.22,17.23,17.22,17.23,0.01,+0.06%,0
"2024-04-19 13:44",17.24,17.24,17.24,17.24,0.01,+0.06%,0
"2024-04-19 13:45",17.25,17.25,17.16,17.16,-0.08,-0.46%,0
"2024-04-19 13:46",17.16,17.17,17.08,17.08,-0.08,-0.47%,0
"2024-04-19 13:47",17.09,17.13,17.09,17.11,0.03,+0.18%,0
"2024-04-19 13:48",17.1,17.14,17.1,17.11,0,0.00%,0
"2024-04-19 13:49",17.11,17.13,17.06,17.06,-0.05,-0.29%,0
"2024-04-19 13:50",17.03,17.08,17.03,17.06,0,0.00%,0
"2024-04-19 13:51",17.06,17.09,17.04,17.09,0.03,+0.18%,0
"2024-04-19 13:52",17.09,17.16,17.09,17.15,0.06,+0.35%,0
"2024-04-19 13:53",17.12,17.18,17.12,17.18,0.03,+0.17%,0
"2024-04-19 13:54",17.2,17.22,17.2,17.22,0.04,+0.23%,0
"2024-04-19 13:55",17.23,17.25,17.23,17.24,0.02,+0.12%,0
"2024-04-19 13:56",17.26,17.41,17.26,17.41,0.17,+0.99%,0
"2024-04-19 13:57",17.55,17.69,17.55,17.68,0.27,+1.55%,0
"2024-04-19 13:58",17.62,17.62,17.5,17.54,-0.14,-0.79%,0
"2024-04-19 13:59",17.53,17.54,17.51,17.54,0,0.00%,0
"2024-04-19 14:00",17.57,17.72,17.57,17.72,0.18,+1.03%,0
"2024-04-19 14:01",17.82,18.02,17.82,18.02,0.3,+1.69%,0
"2024-04-19 14:02",18.02,18.02,17.98,18.01,-0.01,-0.06%,0
"2024-04-19 14:03",18.02,18.02,17.91,17.93,-0.08,-0.44%,0
"2024-04-19 14:04",17.96,18.01,17.93,17.93,0,0.00%,0
"2024-04-19 14:05",17.92,17.95,17.9,17.95,0.02,+0.11%,0
"2024-04-19 14:06",17.94,17.97,17.93,17.97,0.02,+0.11%,0
"2024-04-19 14:07",17.97,17.97,17.68,17.68,-0.29,-1.61%,0
"2024-04-19 14:08",17.62,17.75,17.62,17.74,0.06,+0.34%,0
"2024-04-19 14:09",17.78,17.82,17.78,17.79,0.05,+0.28%,0
"2024-04-19 14:10",17.8,17.8,17.71,17.71,-0.08,-0.45%,0
"2024-04-19 14:11",17.73,17.73,17.7,17.72,0.01,+0.06%,0
"2024-04-19 14:12",17.69,17.72,17.69,17.71,-0.01,-0.06%,0
"2024-04-19 14:13",17.71,17.71,17.64,17.64,-0.07,-0.40%,0
"2024-04-19 14:14",17.65,17.68,17.63,17.63,-0.01,-0.06%,0
"2024-04-19 14:15",17.66,17.69,17.66,17.66,0.03,+0.17%,0
"2024-04-19 14:16",17.68,17.74,17.58,17.58,-0.08,-0.45%,0
"2024-04-19 14:17",17.56,17.64,17.56,17.64,0.06,+0.34%,0
"2024-04-19 14:18",17.64,17.67,17.58,17.58,-0.06,-0.34%,0
"2024-04-19 14:19",17.56,17.56,17.46,17.46,-0.12,-0.68%,0
"2024-04-19 14:20",17.42,17.42,17.42,17.42,-0.04,-0.23%,0
"2024-04-19 14:21",17.48,17.52,17.47,17.47,0.05,+0.29%,0
"2024-04-19 14:22",17.48,17.49,17.46,17.46,-0.01,-0.06%,0
"2024-04-19 14:23",17.48,17.53,17.48,17.49,0.03,+0.17%,0
"2024-04-19 14:24",17.52,17.52,17.49,17.49,0,0.00%,0
"2024-04-19 14:25",17.48,17.53,17.48,17.49,0,0.00%,0
"2024-04-19 14:26",17.54,17.56,17.54,17.54,0.05,+0.29%,0
"2024-04-19 14:27",17.53,17.53,17.51,17.51,-0.03,-0.17%,0
"2024-04-19 14:28",17.52,17.58,17.5,17.58,0.07,+0.40%,0
"2024-04-19 14:29",17.61,17.77,17.61,17.77,0.19,+1.08%,0
"2024-04-19 14:30",17.82,17.82,17.63,17.63,-0.14,-0.79%,0
"2024-04-19 14:31",17.66,17.68,17.64,17.65,0.02,+0.11%,0
"2024-04-19 14:32",17.65,17.71,17.65,17.71,0.06,+0.34%,0
"2024-04-19 14:33",17.7,17.75,17.7,17.75,0.04,+0.23%,0
"2024-04-19 14:34",17.73,17.77,17.72,17.72,-0.03,-0.17%,0
"2024-04-19 14:35",17.74,17.77,17.74,17.76,0.04,+0.23%,0
"2024-04-19 14:36",17.73,17.82,17.73,17.79,0.03,+0.17%,0
"2024-04-19 14:37",17.83,17.95,17.83,17.93,0.14,+0.79%,0
"2024-04-19 14:38",17.98,18.11,17.98,18.11,0.18,+1.00%,0
"2024-04-19 14:39",18.19,18.24,18.17,18.24,0.13,+0.72%,0
"2024-04-19 14:40",18.23,18.42,18.23,18.4,0.16,+0.88%,0
"2024-04-19 14:41",18.38,18.43,18.37,18.37,-0.03,-0.16%,0
"2024-04-19 14:42",18.32,18.32,18.2,18.23,-0.14,-0.76%,0
"2024-04-19 14:43",18.23,18.23,18.17,18.17,-0.06,-0.33%,0
"2024-04-19 14:44",18.18,18.24,18.18,18.21,0.04,+0.22%,0
"2024-04-19 14:45",18.32,18.37,18.32,18.37,0.16,+0.88%,0
"2024-04-19 14:46",18.33,18.51,18.33,18.51,0.14,+0.76%,0
"2024-04-19 14:47",18.54,18.58,18.48,18.48,-0.03,-0.16%,0
"2024-04-19 14:48",18.51,18.52,18.51,18.52,0.04,+0.22%,0
"2024-04-19 14:49",18.5,18.5,18.27,18.27,-0.25,-1.35%,0
"2024-04-19 14:50",18.3,18.34,18.28,18.34,0.07,+0.38%,0
"2024-04-19 14:51",18.39,18.45,18.39,18.45,0.11,+0.60%,0
"2024-04-19 14:52",18.42,18.43,18.41,18.41,-0.04,-0.22%,0
"2024-04-19 14:53",18.37,18.44,18.37,18.44,0.03,+0.16%,0
"2024-04-19 14:54",18.41,18.44,18.34,18.34,-0.1,-0.54%,0
"2024-04-19 14:55",18.35,18.35,18.28,18.29,-0.05,-0.27%,0
"2024-04-19 14:56",18.27,18.27,18.22,18.23,-0.06,-0.33%,0
"2024-04-19 14:57",18.2,18.3,18.2,18.3,0.07,+0.38%,0
"2024-04-19 14:58",18.27,18.32,18.26,18.32,0.02,+0.11%,0
"2024-04-19 14:59",18.3,18.32,18.3,18.32,0,0.00%,0
"2024-04-19 15:00",18.3,18.42,18.3,18.4,0.08,+0.44%,0
"2024-04-19 15:01",18.41,18.47,18.38,18.45,0.05,+0.27%,0
"2024-04-19 15:02",18.41,18.46,18.37,18.37,-0.08,-0.43%,0
"2024-04-19 15:03",18.32,18.32,18.24,18.26,-0.11,-0.60%,0
"2024-04-19 15:04",18.17,18.2,18.17,18.17,-0.09,-0.49%,0
"2024-04-19 15:05",18.21,18.29,18.21,18.24,0.07,+0.39%,0
"2024-04-19 15:06",18.24,18.35,18.24,18.35,0.11,+0.60%,0
"2024-04-19 15:07",18.32,18.32,18.25,18.25,-0.1,-0.54%,0
"2024-04-19 15:08",18.26,18.29,18.22,18.22,-0.03,-0.16%,0
"2024-04-19 15:09",18.23,18.23,18.15,18.15,-0.07,-0.38%,0
"2024-04-19 15:10",18.17,18.21,18.17,18.2,0.05,+0.28%,0
"2024-04-19 15:11",18.22,18.23,18.16,18.16,-0.04,-0.22%,0
"2024-04-19 15:12",18.16,18.18,18.15,18.17,0.01,+0.06%,0
"2024-04-19 15:13",18.15,18.18,18.09,18.09,-0.08,-0.44%,0
"2024-04-19 15:14",18.15,18.16,18.09,18.09,0,0.00%,0
"2024-04-19 15:15",18.07,18.11,18.07,18.08,-0.01,-0.06%,0
"2024-04-19 15:16",18.1,18.15,18.09,18.15,0.07,+0.39%,0
"2024-04-19 15:17",18.17,18.21,18.17,18.21,0.06,+0.33%,0
"2024-04-19 15:18",18.19,18.19,18.14,18.14,-0.07,-0.38%,0
"2024-04-19 15:19",18.15,18.16,18.13,18.13,-0.01,-0.06%,0
"2024-04-19 15:20",18.16,18.2,18.16,18.2,0.07,+0.39%,0
"2024-04-19 15:21",18.2,18.24,18.2,18.24,0.04,+0.22%,0
"2024-04-19 15:22",18.23,18.25,18.23,18.25,0.01,+0.05%,0
"2024-04-19 15:23",18.23,18.23,18.2,18.2,-0.05,-0.27%,0
"2024-04-19 15:24",18.18,18.22,18.18,18.2,0,0.00%,0
"2024-04-19 15:25",18.21,18.23,18.2,18.23,0.03,+0.16%,0
"2024-04-19 15:26",18.25,18.25,18.23,18.24,0.01,+0.05%,0
"2024-04-19 15:27",18.2,18.21,18.2,18.2,-0.04,-0.22%,0
"2024-04-19 15:28",18.19,18.23,18.13,18.13,-0.07,-0.38%,0
"2024-04-19 15:29",18.16,18.17,18.16,18.17,0.04,+0.22%,0
"2024-04-19 15:30",18.18,18.18,18.12,18.12,-0.05,-0.28%,0
"2024-04-19 15:31",18.09,18.11,18.09,18.09,-0.03,-0.17%,0
"2024-04-19 15:32",18.1,18.12,18.1,18.1,0.01,+0.06%,0
"2024-04-19 15:33",18.08,18.11,18.08,18.08,-0.02,-0.11%,0
"2024-04-19 15:34",18.05,18.09,18.05,18.09,0.01,+0.06%,0
"2024-04-19 15:35",18.08,18.12,18.08,18.11,0.02,+0.11%,0
"2024-04-19 15:36",18.14,18.39,18.14,18.39,0.28,+1.55%,0
"2024-04-19 15:37",18.29,18.29,18.24,18.24,-0.15,-0.82%,0
"2024-04-19 15:38",18.17,18.21,18.17,18.2,-0.04,-0.22%,0
"2024-04-19 15:39",18.19,18.27,18.19,18.27,0.07,+0.38%,0
"2024-04-19 15:40",18.27,18.37,18.27,18.37,0.1,+0.55%,0
"2024-04-19 15:41",18.4,18.51,18.4,18.51,0.14,+0.76%,0
"2024-04-19 15:42",18.52,18.59,18.52,18.59,0.08,+0.43%,0
"2024-04-19 15:43",18.57,18.64,18.57,18.64,0.05,+0.27%,0
"2024-04-19 15:44",18.66,18.67,18.61,18.61,-0.03,-0.16%,0
"2024-04-19 15:45",18.56,18.57,18.56,18.56,-0.05,-0.27%,0
"2024-04-19 15:46",18.54,18.56,18.54,18.54,-0.02,-0.11%,0
"2024-04-19 15:47",18.61,18.61,18.55,18.55,0.01,+0.05%,0
"2024-04-19 15:48",18.5,18.5,18.48,18.49,-0.06,-0.32%,0
"2024-04-19 15:49",18.47,18.49,18.43,18.43,-0.06,-0.32%,0
"2024-04-19 15:50",18.41,18.41,18.38,18.38,-0.05,-0.27%,0
"2024-04-19 15:51",18.37,18.39,18.34,18.36,-0.02,-0.11%,0
"2024-04-19 15:52",18.33,18.33,18.27,18.27,-0.09,-0.49%,0
"2024-04-19 15:53",18.28,18.29,18.28,18.29,0.02,+0.11%,0
"2024-04-19 15:54",18.29,18.29,18.25,18.25,-0.04,-0.22%,0
"2024-04-19 15:55",18.22,18.27,18.22,18.22,-0.03,-0.16%,0
"2024-04-19 15:56",18.19,18.19,18.13,18.13,-0.09,-0.49%,0
"2024-04-19 15:57",18.06,18.07,18.02,18.02,-0.11,-0.61%,0
"2024-04-19 15:58",17.98,18,17.98,17.98,-0.04,-0.22%,0
"2024-04-19 15:59",17.96,17.96,17.81,17.87,-0.11,-0.61%,0
"2024-04-19 16:00",17.79,17.87,17.76,17.87,0,0.00%,0
"2024-04-19 16:01",17.89,17.94,17.89,17.94,0.07,+0.39%,0
"2024-04-19 16:02",17.95,18.14,17.95,18.14,0.2,+1.11%,0
"2024-04-19 16:03",18.18,18.33,18.18,18.33,0.19,+1.05%,0
"2024-04-19 16:04",18.31,18.31,18.25,18.25,-0.08,-0.44%,0
"2024-04-19 16:05",18.23,18.27,18.23,18.25,0,0.00%,0
"2024-04-19 16:06",18.25,18.27,18.25,18.25,0,0.00%,0
"2024-04-19 16:07",18.31,18.33,18.31,18.31,0.06,+0.33%,0
"2024-04-19 16:08",18.31,18.35,18.3,18.3,-0.01,-0.05%,0
"2024-04-19 16:09",18.3,18.3,18.27,18.28,-0.02,-0.11%,0
"2024-04-19 16:10",18.28,18.29,18.26,18.26,-0.02,-0.11%,0
"2024-04-19 16:11",18.29,18.29,18.26,18.27,0.01,+0.05%,0
"2024-04-19 16:12",18.26,18.32,18.26,18.32,0.05,+0.27%,0
"2024-04-19 16:13",18.29,18.33,18.29,18.33,0.01,+0.05%,0
"2024-04-19 16:14",18.32,18.34,18.32,18.34,0.01,+0.05%,0
"2024-04-19 16:15",18.36,18.36,18.36,18.36,0.02,+0.11%,0
"2024-04-22 09:31",11.86,12.08,11.86,12.08,-6.28,-34.20%,0
"2024-04-22 09:32",12.19,12.29,11.96,12.02,-0.06,-0.50%,0
"2024-04-22 09:33",12.05,12.09,12.01,12.01,-0.01,-0.08%,0
"2024-04-22 09:34",11.84,12,11.84,12,-0.01,-0.08%,0
"2024-04-22 09:35",12.04,12.18,12.04,12.07,0.07,+0.58%,0
"2024-04-22 09:36",12.04,12.07,12.04,12.07,0,0.00%,0
"2024-04-22 09:37",12.09,12.15,12.08,12.15,0.08,+0.66%,0
"2024-04-22 09:38",12.17,12.17,12.08,12.11,-0.04,-0.33%,0
"2024-04-22 09:39",12.08,12.12,12.08,12.11,0,0.00%,0
"2024-04-22 09:40",12.1,12.22,12.1,12.17,0.06,+0.50%,0
"2024-04-22 09:41",12.2,12.2,12.11,12.11,-0.06,-0.49%,0
"2024-04-22 09:42",12.11,12.25,12.11,12.25,0.14,+1.16%,0
"2024-04-22 09:43",12.24,12.27,12.24,12.26,0.01,+0.08%,0
"2024-04-22 09:44",12.3,12.3,12.22,12.22,-0.04,-0.33%,0
"2024-04-22 09:45",12.21,12.27,12.19,12.19,-0.03,-0.25%,0
"2024-04-22 09:46",12.16,12.16,12.02,12.02,-0.17,-1.39%,0
"2024-04-22 09:47",11.97,12.04,11.97,12.04,0.02,+0.17%,0
"2024-04-22 09:48",12.02,12.02,11.91,11.91,-0.13,-1.08%,0
"2024-04-22 09:49",11.91,11.95,11.89,11.89,-0.02,-0.17%,0
"2024-04-22 09:50",11.92,11.92,11.9,11.91,0.02,+0.17%,0
"2024-04-22 09:51",11.9,11.91,11.9,11.9,-0.01,-0.08%,0
"2024-04-22 09:52",11.92,11.93,11.91,11.91,0.01,+0.08%,0
"2024-04-22 09:53",11.9,11.94,11.9,11.93,0.02,+0.17%,0
"2024-04-22 09:54",11.92,11.95,11.92,11.94,0.01,+0.08%,0
"2024-04-22 09:55",11.94,11.98,11.94,11.98,0.04,+0.34%,0
"2024-04-22 09:56",11.97,11.99,11.95,11.99,0.01,+0.08%,0
"2024-04-22 09:57",11.98,11.98,11.94,11.94,-0.05,-0.42%,0
"2024-04-22 09:58",11.95,12.07,11.95,12.07,0.13,+1.09%,0
"2024-04-22 09:59",12.1,12.15,12.1,12.15,0.08,+0.66%,0
"2024-04-22 10:00",12.14,12.15,12.07,12.07,-0.08,-0.66%,0
"2024-04-22 10:01",12.06,12.06,11.96,11.99,-0.08,-0.66%,0
"2024-04-22 10:02",12,12.07,12,12.07,0.08,+0.67%,0
"2024-04-22 10:03",12.08,12.08,12.04,12.04,-0.03,-0.25%,0
"2024-04-22 10:04",11.99,12.03,11.99,12.02,-0.02,-0.17%,0
"2024-04-22 10:05",12,12.02,12,12.02,0,0.00%,0
"2024-04-22 10:06",12.05,12.1,12.05,12.1,0.08,+0.67%,0
"2024-04-22 10:07",12.19,12.19,12.07,12.14,0.04,+0.33%,0
"2024-04-22 10:08",12.13,12.15,12.13,12.15,0.01,+0.08%,0
"2024-04-22 10:09",12.09,12.26,12.09,12.26,0.11,+0.91%,0
"2024-04-22 10:10",12.23,12.23,12.09,12.09,-0.17,-1.39%,0
"2024-04-22 10:11",12.05,12.07,12.05,12.05,-0.04,-0.33%,0
"2024-04-22 10:12",12.06,12.07,12.06,12.07,0.02,+0.17%,0
"2024-04-22 10:13",12.04,12.15,12.04,12.15,0.08,+0.66%,0
"2024-04-22 10:14",12.16,12.21,12.16,12.21,0.06,+0.49%,0
"2024-04-22 10:15",12.18,12.18,12.13,12.17,-0.04,-0.33%,0
"2024-04-22 10:16",12.2,12.26,12.2,12.26,0.09,+0.74%,0
"2024-04-22 10:17",12.18,12.26,12.18,12.26,0,0.00%,0
"2024-04-22 10:18",12.27,12.34,12.24,12.24,-0.02,-0.16%,0
"2024-04-22 10:19",12.17,12.24,12.17,12.24,0,0.00%,0
"2024-04-22 10:20",12.23,12.33,12.23,12.33,0.09,+0.74%,0
"2024-04-22 10:21",12.32,12.42,12.32,12.36,0.03,+0.24%,0
"2024-04-22 10:22",12.37,12.5,12.37,12.49,0.13,+1.05%,0
"2024-04-22 10:23",12.55,12.62,12.55,12.59,0.1,+0.80%,0
"2024-04-22 10:24",12.67,12.71,12.56,12.71,0.12,+0.95%,0
"2024-04-22 10:25",12.63,12.78,12.63,12.74,0.03,+0.24%,0
"2024-04-22 10:26",12.68,12.82,12.68,12.76,0.02,+0.16%,0
"2024-04-22 10:27",12.71,12.71,12.56,12.56,-0.2,-1.57%,0
"2024-04-22 10:28",12.56,12.77,12.56,12.64,0.08,+0.64%,0
"2024-04-22 10:29",12.67,12.67,12.62,12.65,0.01,+0.08%,0
"2024-04-22 10:30",12.62,12.62,12.51,12.51,-0.14,-1.11%,0
"2024-04-22 10:31",12.56,12.59,12.52,12.52,0.01,+0.08%,0
"2024-04-22 10:32",12.52,12.52,12.47,12.52,0,0.00%,0
"2024-04-22 10:33",12.49,12.54,12.49,12.52,0,0.00%,0
"2024-04-22 10:34",12.5,12.57,12.5,12.57,0.05,+0.40%,0
"2024-04-22 10:35",12.6,12.61,12.6,12.61,0.04,+0.32%,0
"2024-04-22 10:36",12.62,12.64,12.55,12.55,-0.06,-0.48%,0
"2024-04-22 10:37",12.6,12.61,12.6,12.61,0.06,+0.48%,0
"2024-04-22 10:38",12.57,12.58,12.54,12.57,-0.04,-0.32%,0
"2024-04-22 10:39",12.6,12.64,12.58,12.58,0.01,+0.08%,0
"2024-04-22 10:40",12.56,12.56,12.47,12.5,-0.08,-0.64%,0
"2024-04-22 10:41",12.54,12.61,12.48,12.48,-0.02,-0.16%,0
"2024-04-22 10:42",12.41,12.43,12.39,12.43,-0.05,-0.40%,0
"2024-04-22 10:43",12.42,12.48,12.42,12.48,0.05,+0.40%,0
"2024-04-22 10:44",12.44,12.49,12.44,12.49,0.01,+0.08%,0
"2024-04-22 10:45",12.48,12.49,12.41,12.41,-0.08,-0.64%,0
"2024-04-22 10:46",12.45,12.49,12.44,12.44,0.03,+0.24%,0
"2024-04-22 10:47",12.42,12.46,12.42,12.45,0.01,+0.08%,0
"2024-04-22 10:48",12.45,12.47,12.45,12.47,0.02,+0.16%,0
"2024-04-22 10:49",12.47,12.54,12.47,12.52,0.05,+0.40%,0
"2024-04-22 10:50",12.51,12.74,12.51,12.74,0.22,+1.76%,0
"2024-04-22 10:51",12.68,12.74,12.64,12.74,0,0.00%,0
"2024-04-22 10:52",12.71,12.72,12.68,12.71,-0.03,-0.24%,0
"2024-04-22 10:53",12.79,12.85,12.65,12.65,-0.06,-0.47%,0
"2024-04-22 10:54",12.61,12.69,12.61,12.69,0.04,+0.32%,0
"2024-04-22 10:55",12.76,12.76,12.73,12.73,0.04,+0.32%,0
"2024-04-22 10:56",12.77,12.77,12.74,12.74,0.01,+0.08%,0
"2024-04-22 10:57",12.77,12.79,12.75,12.79,0.05,+0.39%,0
"2024-04-22 10:58",12.77,12.78,12.66,12.66,-0.13,-1.02%,0
"2024-04-22 10:59",12.67,12.68,12.63,12.63,-0.03,-0.24%,0
"2024-04-22 11:00",12.58,12.66,12.58,12.64,0.01,+0.08%,0
"2024-04-22 11:01",12.69,12.71,12.69,12.71,0.07,+0.55%,0
"2024-04-22 11:02",12.7,12.74,12.69,12.73,0.02,+0.16%,0
"2024-04-22 11:03",12.71,12.71,12.7,12.71,-0.02,-0.16%,0
"2024-04-22 11:04",12.72,12.74,12.7,12.72,0.01,+0.08%,0
"2024-04-22 11:05",12.72,12.77,12.72,12.74,0.02,+0.16%,0
"2024-04-22 11:06",12.73,12.74,12.72,12.74,0,0.00%,0
"2024-04-22 11:07",12.71,12.74,12.71,12.73,-0.01,-0.08%,0
"2024-04-22 11:08",12.71,12.72,12.69,12.69,-0.04,-0.31%,0
"2024-04-22 11:09",12.69,12.71,12.66,12.67,-0.02,-0.16%,0
"2024-04-22 11:10",12.66,12.68,12.66,12.67,0,0.00%,0
"2024-04-22 11:11",12.6,12.64,12.59,12.59,-0.08,-0.63%,0
"2024-04-22 11:12",12.6,12.6,12.5,12.5,-0.09,-0.71%,0
"2024-04-22 11:13",12.53,12.6,12.53,12.57,0.07,+0.56%,0
"2024-04-22 11:14",12.57,12.62,12.56,12.62,0.05,+0.40%,0
"2024-04-22 11:15",12.63,12.71,12.63,12.67,0.05,+0.40%,0
"2024-04-22 11:16",12.68,12.69,12.68,12.69,0.02,+0.16%,0
"2024-04-22 11:17",12.63,12.63,12.51,12.55,-0.14,-1.10%,0
"2024-04-22 11:18",12.54,12.57,12.54,12.56,0.01,+0.08%,0
"2024-04-22 11:19",12.58,12.65,12.58,12.65,0.09,+0.72%,0
"2024-04-22 11:20",12.65,12.65,12.64,12.65,0,0.00%,0
"2024-04-22 11:21",12.65,12.69,12.64,12.64,-0.01,-0.08%,0
"2024-04-22 11:22",12.66,12.68,12.66,12.68,0.04,+0.32%,0
"2024-04-22 11:23",12.65,12.69,12.65,12.69,0.01,+0.08%,0
"2024-04-22 11:24",12.69,12.7,12.64,12.64,-0.05,-0.39%,0
"2024-04-22 11:25",12.62,12.62,12.49,12.49,-0.15,-1.19%,0
"2024-04-22 11:26",12.52,12.55,12.52,12.55,0.06,+0.48%,0
"2024-04-22 11:27",12.54,12.55,12.53,12.53,-0.02,-0.16%,0
"2024-04-22 11:28",12.53,12.56,12.51,12.51,-0.02,-0.16%,0
"2024-04-22 11:29",12.45,12.45,12.37,12.41,-0.1,-0.80%,0
"2024-04-22 11:30",12.38,12.42,12.38,12.42,0.01,+0.08%,0
"2024-04-22 11:31",12.41,12.41,12.4,12.4,-0.02,-0.16%,0
"2024-04-22 11:32",12.4,12.41,12.39,12.39,-0.01,-0.08%,0
"2024-04-22 11:33",12.38,12.39,12.38,12.38,-0.01,-0.08%,0
"2024-04-22 11:34",12.39,12.39,12.36,12.36,-0.02,-0.16%,0
"2024-04-22 11:35",12.35,12.36,12.34,12.36,0,0.00%,0
"2024-04-22 11:36",12.37,12.41,12.32,12.32,-0.04,-0.32%,0
"2024-04-22 11:37",12.31,12.31,12.3,12.31,-0.01,-0.08%,0
"2024-04-22 11:38",12.29,12.32,12.29,12.31,0,0.00%,0
"2024-04-22 11:39",12.3,12.3,12.26,12.28,-0.03,-0.24%,0
"2024-04-22 11:40",12.3,12.31,12.3,12.3,0.02,+0.16%,0
"2024-04-22 11:41",12.3,12.32,12.29,12.32,0.02,+0.16%,0
"2024-04-22 11:42",12.37,12.39,12.37,12.38,0.06,+0.49%,0
"2024-04-22 11:43",12.4,12.46,12.4,12.46,0.08,+0.65%,0
"2024-04-22 11:44",12.42,12.45,12.42,12.44,-0.02,-0.16%,0
"2024-04-22 11:45",12.44,12.46,12.44,12.46,0.02,+0.16%,0
"2024-04-22 11:46",12.46,12.46,12.43,12.44,-0.02,-0.16%,0
"2024-04-22 11:47",12.42,12.47,12.42,12.46,0.02,+0.16%,0
"2024-04-22 11:48",12.42,12.44,12.42,12.44,-0.02,-0.16%,0
"2024-04-22 11:49",12.39,12.43,12.39,12.43,-0.01,-0.08%,0
"2024-04-22 11:50",12.42,12.44,12.39,12.39,-0.04,-0.32%,0
"2024-04-22 11:51",12.38,12.4,12.38,12.4,0.01,+0.08%,0
"2024-04-22 11:52",12.39,12.41,12.39,12.39,-0.01,-0.08%,0
"2024-04-22 11:53",12.38,12.4,12.38,12.4,0.01,+0.08%,0
"2024-04-22 11:54",12.39,12.39,12.38,12.39,-0.01,-0.08%,0
"2024-04-22 11:55",12.39,12.39,12.35,12.35,-0.04,-0.32%,0
"2024-04-22 11:56",12.36,12.37,12.36,12.37,0.02,+0.16%,0
"2024-04-22 11:57",12.37,12.39,12.37,12.38,0.01,+0.08%,0
"2024-04-22 11:58",12.36,12.37,12.36,12.36,-0.02,-0.16%,0
"2024-04-22 11:59",12.36,12.38,12.31,12.31,-0.05,-0.40%,0
"2024-04-22 12:00",12.31,12.45,12.3,12.3,-0.01,-0.08%,0
"2024-04-22 12:01",12.33,12.41,12.33,12.41,0.11,+0.89%,0
"2024-04-22 12:02",12.4,12.44,12.4,12.44,0.03,+0.24%,0
"2024-04-22 12:03",12.43,12.44,12.43,12.43,-0.01,-0.08%,0
"2024-04-22 12:04",12.38,12.4,12.38,12.4,-0.03,-0.24%,0
"2024-04-22 12:05",12.4,12.43,12.4,12.42,0.02,+0.16%,0
"2024-04-22 12:06",12.41,12.41,12.39,12.4,-0.02,-0.16%,0
"2024-04-22 12:07",12.36,12.4,12.36,12.4,0,0.00%,0
"2024-04-22 12:08",12.42,12.44,12.41,12.41,0.01,+0.08%,0
"2024-04-22 12:09",12.41,12.43,12.41,12.43,0.02,+0.16%,0
"2024-04-22 12:10",12.44,12.45,12.43,12.43,0,0.00%,0
"2024-04-22 12:11",12.43,12.47,12.43,12.47,0.04,+0.32%,0
"2024-04-22 12:12",12.47,12.49,12.46,12.47,0,0.00%,0
"2024-04-22 12:13",12.48,12.5,12.48,12.48,0.01,+0.08%,0
"2024-04-22 12:14",12.48,12.49,12.44,12.44,-0.04,-0.32%,0
"2024-04-22 12:15",12.42,12.45,12.42,12.42,-0.02,-0.16%,0
"2024-04-22 12:16",12.4,12.45,12.4,12.41,-0.01,-0.08%,0
"2024-04-22 12:17",12.38,12.45,12.38,12.44,0.03,+0.24%,0
"2024-04-22 12:18",12.4,12.54,12.4,12.45,0.01,+0.08%,0
"2024-04-22 12:19",12.45,12.51,12.45,12.51,0.06,+0.48%,0
"2024-04-22 12:20",12.5,12.55,12.5,12.52,0.01,+0.08%,0
"2024-04-22 12:21",12.52,12.54,12.52,12.54,0.02,+0.16%,0
"2024-04-22 12:22",12.53,12.56,12.53,12.56,0.02,+0.16%,0
"2024-04-22 12:23",12.56,12.62,12.56,12.62,0.06,+0.48%,0
"2024-04-22 12:24",12.62,12.68,12.62,12.68,0.06,+0.48%,0
"2024-04-22 12:25",12.68,12.69,12.66,12.66,-0.02,-0.16%,0
"2024-04-22 12:26",12.67,12.68,12.66,12.66,0,0.00%,0
"2024-04-22 12:27",12.63,12.66,12.63,12.65,-0.01,-0.08%,0
"2024-04-22 12:28",12.63,12.65,12.63,12.65,0,0.00%,0
"2024-04-22 12:29",12.66,12.7,12.66,12.7,0.05,+0.40%,0
"2024-04-22 12:30",12.7,12.76,12.7,12.76,0.06,+0.47%,0
"2024-04-22 12:31",12.78,12.87,12.78,12.82,0.06,+0.47%,0
"2024-04-22 12:32",12.73,12.76,12.72,12.76,-0.06,-0.47%,0
"2024-04-22 12:33",12.74,12.8,12.74,12.78,0.02,+0.16%,0
"2024-04-22 12:34",12.8,12.8,12.74,12.74,-0.04,-0.31%,0
"2024-04-22 12:35",12.72,12.72,12.65,12.67,-0.07,-0.55%,0
"2024-04-22 12:36",12.66,12.7,12.66,12.69,0.02,+0.16%,0
"2024-04-22 12:37",12.7,12.7,12.65,12.65,-0.04,-0.32%,0
"2024-04-22 12:38",12.65,12.65,12.64,12.64,-0.01,-0.08%,0
"2024-04-22 12:39",12.63,12.63,12.6,12.61,-0.03,-0.24%,0
"2024-04-22 12:40",12.61,12.61,12.58,12.6,-0.01,-0.08%,0
"2024-04-22 12:41",12.6,12.61,12.59,12.6,0,0.00%,0
"2024-04-22 12:42",12.61,12.63,12.58,12.58,-0.02,-0.16%,0
"2024-04-22 12:43",12.59,12.61,12.59,12.59,0.01,+0.08%,0
"2024-04-22 12:44",12.6,12.61,12.59,12.59,0,0.00%,0
"2024-04-22 12:45",12.6,12.6,12.59,12.59,0,0.00%,0
"2024-04-22 12:46",12.61,12.61,12.59,12.6,0.01,+0.08%,0
"2024-04-22 12:47",12.61,12.61,12.56,12.56,-0.04,-0.32%,0
"2024-04-22 12:48",12.57,12.61,12.57,12.6,0.04,+0.32%,0
"2024-04-22 12:49",12.6,12.62,12.6,12.62,0.02,+0.16%,0
"2024-04-22 12:50",12.61,12.62,12.61,12.62,0,0.00%,0
"2024-04-22 12:51",12.63,12.7,12.63,12.7,0.08,+0.63%,0
"2024-04-22 12:52",12.69,12.69,12.65,12.67,-0.03,-0.24%,0
"2024-04-22 12:53",12.65,12.68,12.65,12.68,0.01,+0.08%,0
"2024-04-22 12:54",12.7,12.7,12.66,12.66,-0.02,-0.16%,0
"2024-04-22 12:55",12.67,12.7,12.67,12.68,0.02,+0.16%,0
"2024-04-22 12:56",12.69,12.7,12.69,12.69,0.01,+0.08%,0
"2024-04-22 12:57",12.67,12.7,12.67,12.68,-0.01,-0.08%,0
"2024-04-22 12:58",12.68,12.68,12.67,12.67,-0.01,-0.08%,0
"2024-04-22 12:59",12.65,12.67,12.65,12.65,-0.02,-0.16%,0
"2024-04-22 13:00",12.63,12.68,12.63,12.67,0.02,+0.16%,0
"2024-04-22 13:01",12.67,12.7,12.66,12.7,0.03,+0.24%,0
"2024-04-22 13:02",12.68,12.69,12.68,12.69,-0.01,-0.08%,0
"2024-04-22 13:03",12.68,12.71,12.68,12.71,0.02,+0.16%,0
"2024-04-22 13:04",12.74,12.74,12.72,12.72,0.01,+0.08%,0
"2024-04-22 13:05",12.73,12.74,12.69,12.69,-0.03,-0.24%,0
"2024-04-22 13:06",12.68,12.69,12.67,12.67,-0.02,-0.16%,0
"2024-04-22 13:07",12.68,12.68,12.64,12.65,-0.02,-0.16%,0
"2024-04-22 13:08",12.64,12.68,12.64,12.67,0.02,+0.16%,0
"2024-04-22 13:09",12.67,12.7,12.67,12.68,0.01,+0.08%,0
"2024-04-22 13:10",12.68,12.7,12.68,12.69,0.01,+0.08%,0
"2024-04-22 13:11",12.69,12.72,12.69,12.72,0.03,+0.24%,0
"2024-04-22 13:12",12.74,12.78,12.74,12.76,0.04,+0.31%,0
"2024-04-22 13:13",12.75,12.75,12.72,12.72,-0.04,-0.31%,0
"2024-04-22 13:14",12.68,12.72,12.68,12.72,0,0.00%,0
"2024-04-22 13:15",12.71,12.72,12.71,12.71,-0.01,-0.08%,0
"2024-04-22 13:16",12.74,12.77,12.74,12.77,0.06,+0.47%,0
"2024-04-22 13:17",12.77,12.78,12.77,12.78,0.01,+0.08%,0
"2024-04-22 13:18",12.79,12.8,12.77,12.77,-0.01,-0.08%,0
"2024-04-22 13:19",12.76,12.83,12.76,12.83,0.06,+0.47%,0
"2024-04-22 13:20",12.81,12.82,12.8,12.8,-0.03,-0.23%,0
"2024-04-22 13:21",12.79,12.81,12.79,12.8,0,0.00%,0
"2024-04-22 13:22",12.79,12.85,12.79,12.79,-0.01,-0.08%,0
"2024-04-22 13:23",12.77,12.86,12.77,12.85,0.06,+0.47%,0
"2024-04-22 13:24",12.84,12.85,12.8,12.8,-0.05,-0.39%,0
"2024-04-22 13:25",12.82,12.95,12.82,12.95,0.15,+1.17%,0
"2024-04-22 13:26",12.82,12.83,12.8,12.83,-0.12,-0.93%,0
"2024-04-22 13:27",12.87,12.94,12.87,12.94,0.11,+0.86%,0
"2024-04-22 13:28",12.93,12.98,12.93,12.96,0.02,+0.15%,0
"2024-04-22 13:29",12.94,12.99,12.94,12.99,0.03,+0.23%,0
"2024-04-22 13:30",13.03,13.03,12.96,13.02,0.03,+0.23%,0
"2024-04-22 13:31",13,13.1,12.99,12.99,-0.03,-0.23%,0
"2024-04-22 13:32",12.9,12.95,12.9,12.92,-0.07,-0.54%,0
"2024-04-22 13:33",12.9,12.93,12.9,12.93,0.01,+0.08%,0
"2024-04-22 13:34",12.91,12.92,12.87,12.87,-0.06,-0.46%,0
"2024-04-22 13:35",12.84,12.86,12.84,12.84,-0.03,-0.23%,0
"2024-04-22 13:36",12.81,12.82,12.81,12.82,-0.02,-0.16%,0
"2024-04-22 13:37",12.8,12.82,12.79,12.82,0,0.00%,0
"2024-04-22 13:38",12.83,12.83,12.81,12.81,-0.01,-0.08%,0
"2024-04-22 13:39",12.79,12.83,12.79,12.8,-0.01,-0.08%,0
"2024-04-22 13:40",12.79,12.84,12.79,12.83,0.03,+0.23%,0
"2024-04-22 13:41",12.84,12.88,12.84,12.88,0.05,+0.39%,0
"2024-04-22 13:42",12.87,12.89,12.86,12.86,-0.02,-0.16%,0
"2024-04-22 13:43",12.85,12.88,12.85,12.87,0.01,+0.08%,0
"2024-04-22 13:44",12.87,12.91,12.87,12.91,0.04,+0.31%,0
"2024-04-22 13:45",12.89,12.89,12.82,12.82,-0.09,-0.70%,0
"2024-04-22 13:46",12.83,12.86,12.82,12.82,0,0.00%,0
"2024-04-22 13:47",12.81,12.85,12.81,12.85,0.03,+0.23%,0
"2024-04-22 13:48",12.85,12.91,12.84,12.91,0.06,+0.47%,0
"2024-04-22 13:49",12.91,12.92,12.9,12.92,0.01,+0.08%,0
"2024-04-22 13:50",12.91,12.93,12.91,12.93,0.01,+0.08%,0
"2024-04-22 13:51",12.94,12.97,12.94,12.97,0.04,+0.31%,0
"2024-04-22 13:52",13.05,13.27,13.05,13.27,0.3,+2.31%,0
"2024-04-22 13:53",13.12,13.27,13.12,13.25,-0.02,-0.15%,0
"2024-04-22 13:54",13.22,13.23,13.22,13.23,-0.02,-0.15%,0
"2024-04-22 13:55",13.24,13.24,13.23,13.23,0,0.00%,0
"2024-04-22 13:56",13.2,13.22,13.19,13.19,-0.04,-0.30%,0
"2024-04-22 13:57",13.21,13.25,13.21,13.25,0.06,+0.45%,0
"2024-04-22 13:58",13.22,13.24,13.22,13.22,-0.03,-0.23%,0
"2024-04-22 13:59",13.2,13.2,13.18,13.18,-0.04,-0.30%,0
"2024-04-22 14:00",13.16,13.19,13.16,13.17,-0.01,-0.08%,0
"2024-04-22 14:01",13.17,13.21,13.17,13.2,0.03,+0.23%,0
"2024-04-22 14:02",13.19,13.19,13.05,13.08,-0.12,-0.91%,0
"2024-04-22 14:03",13.07,13.08,13.07,13.08,0,0.00%,0
"2024-04-22 14:04",13.06,13.22,13.06,13.08,0,0.00%,0
"2024-04-22 14:05",13.07,13.11,13.07,13.11,0.03,+0.23%,0
"2024-04-22 14:06",13.1,13.12,13.09,13.09,-0.02,-0.15%,0
"2024-04-22 14:07",13.1,13.12,13.08,13.08,-0.01,-0.08%,0
"2024-04-22 14:08",13.08,13.08,13.08,13.08,0,0.00%,0
"2024-04-22 14:09",13.06,13.07,13.04,13.07,-0.01,-0.08%,0
"2024-04-22 14:10",13.06,13.22,13.06,13.22,0.15,+1.15%,0
"2024-04-22 14:11",13.21,13.24,13.21,13.24,0.02,+0.15%,0
"2024-04-22 14:12",13.2,13.2,12.99,12.99,-0.25,-1.89%,0
"2024-04-22 14:13",12.99,12.99,12.98,12.98,-0.01,-0.08%,0
"2024-04-22 14:14",12.98,12.99,12.98,12.99,0.01,+0.08%,0
"2024-04-22 14:15",12.98,12.98,12.97,12.97,-0.02,-0.15%,0
"2024-04-22 14:16",12.95,12.97,12.95,12.96,-0.01,-0.08%,0
"2024-04-22 14:17",13.12,13.14,13.05,13.05,0.09,+0.69%,0
"2024-04-22 14:18",13.03,13.08,13.03,13.05,0,0.00%,0
"2024-04-22 14:19",13.03,13.06,13.03,13.05,0,0.00%,0
"2024-04-22 14:20",13.03,13.1,13.03,13.07,0.02,+0.15%,0
"2024-04-22 14:21",13.09,13.13,13.09,13.13,0.06,+0.46%,0
"2024-04-22 14:22",13.12,13.12,13.08,13.08,-0.05,-0.38%,0
"2024-04-22 14:23",13.12,13.26,13.12,13.24,0.16,+1.22%,0
"2024-04-22 14:24",13.22,13.22,13.19,13.2,-0.04,-0.30%,0
"2024-04-22 14:25",13.21,13.24,13.21,13.23,0.03,+0.23%,0
"2024-04-22 14:26",13.22,13.24,13.22,13.24,0.01,+0.08%,0
"2024-04-22 14:27",13.21,13.25,13.21,13.25,0.01,+0.08%,0
"2024-04-22 14:28",13.24,13.27,13.24,13.26,0.01,+0.08%,0
"2024-04-22 14:29",13.26,13.29,13.26,13.29,0.03,+0.23%,0
"2024-04-22 14:30",13.27,13.27,13.26,13.26,-0.03,-0.23%,0
"2024-04-22 14:31",13.27,13.28,13.27,13.28,0.02,+0.15%,0
"2024-04-22 14:32",13.24,13.24,13.05,13.06,-0.22,-1.66%,0
"2024-04-22 14:33",13.05,13.07,13.05,13.05,-0.01,-0.08%,0
"2024-04-22 14:34",13.06,13.08,13.05,13.08,0.03,+0.23%,0
"2024-04-22 14:35",13.07,13.1,13.07,13.09,0.01,+0.08%,0
"2024-04-22 14:36",13.08,13.11,13.08,13.11,0.02,+0.15%,0
"2024-04-22 14:37",13.08,13.1,13.08,13.09,-0.02,-0.15%,0
"2024-04-22 14:38",13.08,13.11,13.08,13.11,0.02,+0.15%,0
"2024-04-22 14:39",13.11,13.29,13.11,13.29,0.18,+1.37%,0
"2024-04-22 14:40",13.24,13.36,13.23,13.36,0.07,+0.53%,0
"2024-04-22 14:41",13.39,13.71,13.39,13.42,0.06,+0.45%,0
"2024-04-22 14:42",13.44,13.76,13.44,13.7,0.28,+2.09%,0
"2024-04-22 14:43",13.55,13.94,13.55,13.94,0.24,+1.75%,0
"2024-04-22 14:44",13.79,13.79,13.52,13.59,-0.35,-2.51%,0
"2024-04-22 14:45",13.58,13.58,13.53,13.55,-0.04,-0.29%,0
"2024-04-22 14:46",13.56,13.85,13.56,13.85,0.3,+2.21%,0
"2024-04-22 14:47",13.82,13.82,13.6,13.6,-0.25,-1.81%,0
"2024-04-22 14:48",13.6,13.66,13.6,13.66,0.06,+0.44%,0
"2024-04-22 14:49",13.66,13.66,13.5,13.56,-0.1,-0.73%,0
"2024-04-22 14:50",13.56,13.66,13.56,13.66,0.1,+0.74%,0
"2024-04-22 14:51",13.67,13.83,13.67,13.8,0.14,+1.02%,0
"2024-04-22 14:52",13.8,13.99,13.8,13.95,0.15,+1.09%,0
"2024-04-22 14:53",14.04,14.04,13.92,13.94,-0.01,-0.07%,0
"2024-04-22 14:54",13.92,13.94,13.92,13.92,-0.02,-0.14%,0
"2024-04-22 14:55",13.9,13.9,13.82,13.82,-0.1,-0.72%,0
"2024-04-22 14:56",13.82,13.82,13.69,13.69,-0.13,-0.94%,0
"2024-04-22 14:57",13.66,13.75,13.66,13.73,0.04,+0.29%,0
"2024-04-22 14:58",13.75,13.75,13.73,13.73,0,0.00%,0
"2024-04-22 14:59",13.68,13.69,13.59,13.59,-0.14,-1.02%,0
"2024-04-22 15:00",13.59,13.59,13.45,13.45,-0.14,-1.03%,0
"2024-04-22 15:01",13.45,13.48,13.44,13.44,-0.01,-0.07%,0
"2024-04-22 15:02",13.5,13.5,13.47,13.48,0.04,+0.30%,0
"2024-04-22 15:03",13.48,13.53,13.48,13.53,0.05,+0.37%,0
"2024-04-22 15:04",13.51,13.54,13.51,13.51,-0.02,-0.15%,0
"2024-04-22 15:05",13.5,13.55,13.5,13.55,0.04,+0.30%,0
"2024-04-22 15:06",13.53,13.56,13.48,13.48,-0.07,-0.52%,0
"2024-04-22 15:07",13.48,13.56,13.48,13.53,0.05,+0.37%,0
"2024-04-22 15:08",13.52,13.53,13.52,13.53,0,0.00%,0
"2024-04-22 15:09",13.51,13.53,13.51,13.51,-0.02,-0.15%,0
"2024-04-22 15:10",13.51,13.51,13.5,13.5,-0.01,-0.07%,0
"2024-04-22 15:11",13.5,13.55,13.5,13.55,0.05,+0.37%,0
"2024-04-22 15:12",13.56,13.56,13.47,13.47,-0.08,-0.59%,0
"2024-04-22 15:13",13.49,13.52,13.49,13.5,0.03,+0.22%,0
"2024-04-22 15:14",13.51,13.54,13.5,13.5,0,0.00%,0
"2024-04-22 15:15",13.53,13.57,13.53,13.56,0.06,+0.44%,0
"2024-04-22 15:16",13.53,13.55,13.53,13.55,-0.01,-0.07%,0
"2024-04-22 15:17",13.58,13.59,13.56,13.56,0.01,+0.07%,0
"2024-04-22 15:18",13.56,13.59,13.56,13.59,0.03,+0.22%,0
"2024-04-22 15:19",13.62,13.67,13.62,13.67,0.08,+0.59%,0
"2024-04-22 15:20",13.67,13.86,13.67,13.86,0.19,+1.39%,0
"2024-04-22 15:21",13.82,13.82,13.69,13.69,-0.17,-1.23%,0
"2024-04-22 15:22",13.7,13.75,13.68,13.75,0.06,+0.44%,0
"2024-04-22 15:23",13.76,13.87,13.76,13.87,0.12,+0.87%,0
"2024-04-22 15:24",13.86,13.91,13.85,13.91,0.04,+0.29%,0
"2024-04-22 15:25",13.85,13.88,13.84,13.86,-0.05,-0.36%,0
"2024-04-22 15:26",13.89,13.9,13.84,13.84,-0.02,-0.14%,0
"2024-04-22 15:27",13.83,13.83,13.77,13.77,-0.07,-0.51%,0
"2024-04-22 15:28",13.75,13.75,13.68,13.68,-0.09,-0.65%,0
"2024-04-22 15:29",13.68,13.7,13.68,13.7,0.02,+0.15%,0
"2024-04-22 15:30",13.7,13.73,13.69,13.73,0.03,+0.22%,0
"2024-04-22 15:31",13.72,13.75,13.72,13.74,0.01,+0.07%,0
"2024-04-22 15:32",13.74,13.84,13.74,13.84,0.1,+0.73%,0
"2024-04-22 15:33",13.84,14,13.84,14,0.16,+1.16%,0
"2024-04-22 15:34",13.98,14.18,13.97,14.18,0.18,+1.29%,0
"2024-04-22 15:35",14.34,14.45,14.34,14.4,0.22,+1.55%,0
"2024-04-22 15:36",14.35,14.35,14.16,14.23,-0.17,-1.18%,0
"2024-04-22 15:37",14.29,14.33,14.23,14.23,0,0.00%,0
"2024-04-22 15:38",14.24,14.27,14.23,14.23,0,0.00%,0
"2024-04-22 15:39",14.19,14.19,14.14,14.14,-0.09,-0.63%,0
"2024-04-22 15:40",14.09,14.09,14.08,14.08,-0.06,-0.42%,0
"2024-04-22 15:41",14.09,14.09,13.84,13.84,-0.24,-1.70%,0
"2024-04-22 15:42",13.79,13.82,13.79,13.79,-0.05,-0.36%,0
"2024-04-22 15:43",13.83,13.83,13.77,13.77,-0.02,-0.15%,0
"2024-04-22 15:44",13.77,13.77,13.58,13.58,-0.19,-1.38%,0
"2024-04-22 15:45",13.55,13.56,13.51,13.51,-0.07,-0.52%,0
"2024-04-22 15:46",13.5,13.5,13.45,13.45,-0.06,-0.44%,0
"2024-04-22 15:47",13.38,13.38,13.18,13.19,-0.26,-1.93%,0
"2024-04-22 15:48",13.13,13.2,13.13,13.13,-0.06,-0.45%,0
"2024-04-22 15:49",13.12,13.13,13.1,13.1,-0.03,-0.23%,0
"2024-04-22 15:50",13.07,13.22,13.07,13.22,0.12,+0.92%,0
"2024-04-22 15:51",13.22,13.22,13.17,13.2,-0.02,-0.15%,0
"2024-04-22 15:52",13.2,13.32,13.2,13.3,0.1,+0.76%,0
"2024-04-22 15:53",13.39,13.57,13.39,13.57,0.27,+2.03%,0
"2024-04-22 15:54",13.56,13.56,13.51,13.51,-0.06,-0.44%,0
"2024-04-22 15:55",13.49,13.6,13.49,13.55,0.04,+0.30%,0
"2024-04-22 15:56",13.49,13.49,13.39,13.39,-0.16,-1.18%,0
"2024-04-22 15:57",13.37,13.45,13.37,13.45,0.06,+0.45%,0
"2024-04-22 15:58",13.45,13.53,13.45,13.5,0.05,+0.37%,0
"2024-04-22 15:59",13.52,13.52,13.3,13.3,-0.2,-1.48%,0
"2024-04-22 16:00",13.11,13.17,13.07,13.17,-0.13,-0.98%,0
"2024-04-22 16:01",13.21,13.27,13.21,13.27,0.1,+0.76%,0
"2024-04-22 16:02",13.26,13.27,13.25,13.27,0,0.00%,0
"2024-04-22 16:03",13.15,13.23,13.15,13.21,-0.06,-0.45%,0
"2024-04-22 16:04",13.17,13.18,13.08,13.08,-0.13,-0.98%,0
"2024-04-22 16:05",13.18,13.28,13.18,13.28,0.2,+1.53%,0
"2024-04-22 16:06",13.29,13.4,13.29,13.36,0.08,+0.60%,0
"2024-04-22 16:07",13.39,13.39,13.33,13.34,-0.02,-0.15%,0
"2024-04-22 16:08",13.33,13.33,13.22,13.31,-0.03,-0.22%,0
"2024-04-22 16:09",13.29,13.32,13.29,13.3,-0.01,-0.08%,0
"2024-04-22 16:10",13.32,13.38,13.32,13.36,0.06,+0.45%,0
"2024-04-22 16:11",13.4,13.5,13.4,13.5,0.14,+1.05%,0
"2024-04-22 16:12",13.49,13.51,13.47,13.47,-0.03,-0.22%,0
"2024-04-22 16:13",13.47,13.49,13.47,13.49,0.02,+0.15%,0
"2024-04-22 16:14",13.48,13.55,13.48,13.55,0.06,+0.44%,0
"2024-04-22 16:15",13.56,13.56,13.56,13.56,0.01,+0.07%,0
"2024-04-23 09:31",10.57,10.57,10.37,10.39,-3.17,-23.38%,0
"2024-04-23 09:32",10.38,10.38,10.27,10.33,-0.06,-0.58%,0
"2024-04-23 09:33",10.31,10.37,10.31,10.37,0.04,+0.39%,0
"2024-04-23 09:34",10.39,10.62,10.39,10.51,0.14,+1.35%,0
"2024-04-23 09:35",10.48,10.51,10.42,10.46,-0.05,-0.48%,0
"2024-04-23 09:36",10.49,10.52,10.46,10.52,0.06,+0.57%,0
"2024-04-23 09:37",10.5,10.5,10.44,10.46,-0.06,-0.57%,0
"2024-04-23 09:38",10.45,10.48,10.39,10.43,-0.03,-0.29%,0
"2024-04-23 09:39",10.44,10.51,10.44,10.51,0.08,+0.77%,0
"2024-04-23 09:40",10.48,10.55,10.48,10.53,0.02,+0.19%,0
"2024-04-23 09:41",10.54,10.55,10.49,10.49,-0.04,-0.38%,0
"2024-04-23 09:42",10.5,10.5,10.38,10.43,-0.06,-0.57%,0
"2024-04-23 09:43",10.44,10.51,10.44,10.51,0.08,+0.77%,0
"2024-04-23 09:44",10.52,10.69,10.52,10.69,0.18,+1.71%,0
"2024-04-23 09:45",10.81,10.81,10.41,10.46,-0.23,-2.15%,0
"2024-04-23 09:46",10.47,10.56,10.47,10.56,0.1,+0.96%,0
"2024-04-23 09:47",10.62,10.87,10.62,10.87,0.31,+2.94%,0
"2024-04-23 09:48",10.93,11,10.9,10.92,0.05,+0.46%,0
"2024-04-23 09:49",10.95,11.03,10.95,11.03,0.11,+1.01%,0
"2024-04-23 09:50",11,11.02,10.98,10.98,-0.05,-0.45%,0
"2024-04-23 09:51",11,11,10.91,10.94,-0.04,-0.36%,0
"2024-04-23 09:52",10.96,10.96,10.93,10.94,0,0.00%,0
"2024-04-23 09:53",10.93,10.93,10.9,10.91,-0.03,-0.27%,0
"2024-04-23 09:54",10.92,10.93,10.89,10.89,-0.02,-0.18%,0
"2024-04-23 09:55",10.88,11.07,10.88,11.06,0.17,+1.56%,0
"2024-04-23 09:56",11.08,11.17,11.03,11.03,-0.03,-0.27%,0
"2024-04-23 09:57",11.09,11.21,11.09,11.21,0.18,+1.63%,0
"2024-04-23 09:58",11.23,11.29,11.23,11.29,0.08,+0.71%,0
"2024-04-23 09:59",11.27,11.37,11.27,11.37,0.08,+0.71%,0
"2024-04-23 10:00",11.33,11.4,11.33,11.4,0.03,+0.26%,0
"2024-04-23 10:01",11.44,11.5,11.44,11.5,0.1,+0.88%,0
"2024-04-23 10:02",11.46,11.51,11.46,11.51,0.01,+0.09%,0
"2024-04-23 10:03",11.51,11.55,11.51,11.53,0.02,+0.17%,0
"2024-04-23 10:04",11.54,11.54,11.37,11.37,-0.16,-1.39%,0
"2024-04-23 10:05",11.36,11.43,11.36,11.41,0.04,+0.35%,0
"2024-04-23 10:06",11.43,11.46,11.43,11.46,0.05,+0.44%,0
"2024-04-23 10:07",11.44,11.47,11.44,11.45,-0.01,-0.09%,0
"2024-04-23 10:08",11.47,11.54,11.47,11.54,0.09,+0.79%,0
"2024-04-23 10:09",11.52,11.54,11.52,11.53,-0.01,-0.09%,0
"2024-04-23 10:10",11.54,11.59,11.54,11.54,0.01,+0.09%,0
"2024-04-23 10:11",11.55,11.59,11.55,11.59,0.05,+0.43%,0
"2024-04-23 10:12",11.57,11.57,11.53,11.53,-0.06,-0.52%,0
"2024-04-23 10:13",11.55,11.59,11.54,11.59,0.06,+0.52%,0
"2024-04-23 10:14",11.59,11.59,11.58,11.58,-0.01,-0.09%,0
"2024-04-23 10:15",11.58,11.62,11.57,11.57,-0.01,-0.09%,0
"2024-04-23 10:16",11.61,11.64,11.59,11.61,0.04,+0.35%,0
"2024-04-23 10:17",11.62,11.62,11.58,11.58,-0.03,-0.26%,0
"2024-04-23 10:18",11.57,11.58,11.56,11.56,-0.02,-0.17%,0
"2024-04-23 10:19",11.56,11.56,11.5,11.52,-0.04,-0.35%,0
"2024-04-23 10:20",11.54,11.57,11.53,11.57,0.05,+0.43%,0
"2024-04-23 10:21",11.57,11.64,11.57,11.64,0.07,+0.61%,0
"2024-04-23 10:22",11.64,11.64,11.58,11.58,-0.06,-0.52%,0
"2024-04-23 10:23",11.61,11.64,11.61,11.63,0.05,+0.43%,0
"2024-04-23 10:24",11.6,11.63,11.6,11.62,-0.01,-0.09%,0
"2024-04-23 10:25",11.62,11.63,11.52,11.52,-0.1,-0.86%,0
"2024-04-23 10:26",11.5,11.52,11.46,11.46,-0.06,-0.52%,0
"2024-04-23 10:27",11.44,11.48,11.44,11.48,0.02,+0.17%,0
"2024-04-23 10:28",11.51,11.57,11.51,11.57,0.09,+0.78%,0
"2024-04-23 10:29",11.55,11.58,11.55,11.55,-0.02,-0.17%,0
"2024-04-23 10:30",11.5,11.65,11.5,11.65,0.1,+0.87%,0
"2024-04-23 10:31",11.7,11.83,11.7,11.74,0.09,+0.77%,0
"2024-04-23 10:32",11.68,11.74,11.68,11.74,0,0.00%,0
"2024-04-23 10:33",11.74,11.8,11.74,11.77,0.03,+0.26%,0
"2024-04-23 10:34",11.74,11.8,11.74,11.8,0.03,+0.25%,0
"2024-04-23 10:35",11.82,11.82,11.68,11.68,-0.12,-1.02%,0
"2024-04-23 10:36",11.59,11.63,11.59,11.63,-0.05,-0.43%,0
"2024-04-23 10:37",11.63,11.68,11.59,11.59,-0.04,-0.34%,0
"2024-04-23 10:38",11.57,11.65,11.57,11.64,0.05,+0.43%,0
"2024-04-23 10:39",11.62,11.62,11.61,11.61,-0.03,-0.26%,0
"2024-04-23 10:40",11.63,11.65,11.63,11.65,0.04,+0.34%,0
"2024-04-23 10:41",11.64,11.71,11.64,11.69,0.04,+0.34%,0
"2024-04-23 10:42",11.68,11.69,11.67,11.67,-0.02,-0.17%,0
"2024-04-23 10:43",11.68,11.7,11.64,11.64,-0.03,-0.26%,0
"2024-04-23 10:44",11.65,11.68,11.65,11.68,0.04,+0.34%,0
"2024-04-23 10:45",11.68,11.71,11.65,11.65,-0.03,-0.26%,0
"2024-04-23 10:46",11.69,11.69,11.65,11.65,0,0.00%,0
"2024-04-23 10:47",11.64,11.71,11.64,11.69,0.04,+0.34%,0
"2024-04-23 10:48",11.7,11.7,11.65,11.65,-0.04,-0.34%,0
"2024-04-23 10:49",11.56,11.56,11.52,11.53,-0.12,-1.03%,0
"2024-04-23 10:50",11.52,11.52,11.5,11.51,-0.02,-0.17%,0
"2024-04-23 10:51",11.5,11.61,11.5,11.51,0,0.00%,0
"2024-04-23 10:52",11.52,11.58,11.49,11.58,0.07,+0.61%,0
"2024-04-23 10:53",11.58,11.6,11.58,11.6,0.02,+0.17%,0
"2024-04-23 10:54",11.57,11.59,11.51,11.51,-0.09,-0.78%,0
"2024-04-23 10:55",11.48,11.52,11.48,11.52,0.01,+0.09%,0
"2024-04-23 10:56",11.48,11.5,11.48,11.48,-0.04,-0.35%,0
"2024-04-23 10:57",11.46,11.56,11.46,11.54,0.06,+0.52%,0
"2024-04-23 10:58",11.5,11.51,11.5,11.51,-0.03,-0.26%,0
"2024-04-23 10:59",11.5,11.51,11.5,11.51,0,0.00%,0
"2024-04-23 11:00",11.52,11.55,11.52,11.55,0.04,+0.35%,0
"2024-04-23 11:01",11.55,11.77,11.55,11.77,0.22,+1.90%,0
"2024-04-23 11:02",11.81,11.87,11.81,11.84,0.07,+0.59%,0
"2024-04-23 11:03",11.91,11.91,11.73,11.73,-0.11,-0.93%,0
"2024-04-23 11:04",11.79,11.87,11.79,11.87,0.14,+1.19%,0
"2024-04-23 11:05",11.86,11.91,11.86,11.89,0.02,+0.17%,0
"2024-04-23 11:06",11.84,11.84,11.78,11.79,-0.1,-0.84%,0
"2024-04-23 11:07",11.8,11.83,11.8,11.8,0.01,+0.08%,0
"2024-04-23 11:08",11.81,11.88,11.81,11.88,0.08,+0.68%,0
"2024-04-23 11:09",11.87,11.91,11.87,11.91,0.03,+0.25%,0
"2024-04-23 11:10",11.91,11.91,11.73,11.75,-0.16,-1.34%,0
"2024-04-23 11:11",11.73,11.75,11.69,11.69,-0.06,-0.51%,0
"2024-04-23 11:12",11.74,11.74,11.67,11.69,0,0.00%,0
"2024-04-23 11:13",11.69,11.71,11.69,11.71,0.02,+0.17%,0
"2024-04-23 11:14",11.7,11.71,11.68,11.68,-0.03,-0.26%,0
"2024-04-23 11:15",11.68,11.71,11.68,11.69,0.01,+0.09%,0
"2024-04-23 11:16",11.68,11.7,11.68,11.7,0.01,+0.09%,0
"2024-04-23 11:17",11.65,11.66,11.65,11.65,-0.05,-0.43%,0
"2024-04-23 11:18",11.64,11.65,11.62,11.65,0,0.00%,0
"2024-04-23 11:19",11.66,11.73,11.66,11.73,0.08,+0.69%,0
"2024-04-23 11:20",11.73,11.73,11.72,11.73,0,0.00%,0
"2024-04-23 11:21",11.72,11.73,11.72,11.72,-0.01,-0.09%,0
"2024-04-23 11:22",11.72,11.74,11.69,11.69,-0.03,-0.26%,0
"2024-04-23 11:23",11.65,11.67,11.65,11.66,-0.03,-0.26%,0
"2024-04-23 11:24",11.66,11.71,11.66,11.7,0.04,+0.34%,0
"2024-04-23 11:25",11.68,11.74,11.68,11.73,0.03,+0.26%,0
"2024-04-23 11:26",11.71,11.78,11.71,11.78,0.05,+0.43%,0
"2024-04-23 11:27",11.77,11.8,11.77,11.8,0.02,+0.17%,0
"2024-04-23 11:28",11.8,11.84,11.8,11.82,0.02,+0.17%,0
"2024-04-23 11:29",11.82,11.88,11.82,11.86,0.04,+0.34%,0
"2024-04-23 11:30",11.88,11.91,11.87,11.89,0.03,+0.25%,0
"2024-04-23 11:31",11.87,11.88,11.74,11.74,-0.15,-1.26%,0
"2024-04-23 11:32",11.73,11.91,11.73,11.91,0.17,+1.45%,0
"2024-04-23 11:33",11.94,12,11.93,11.94,0.03,+0.25%,0
"2024-04-23 11:34",11.96,11.98,11.94,11.94,0,0.00%,0
"2024-04-23 11:35",11.92,11.92,11.78,11.78,-0.16,-1.34%,0
"2024-04-23 11:36",11.78,11.84,11.78,11.84,0.06,+0.51%,0
"2024-04-23 11:37",11.83,12.02,11.83,12.02,0.18,+1.52%,0
"2024-04-23 11:38",11.99,12.02,11.98,11.98,-0.04,-0.33%,0
"2024-04-23 11:39",11.9,11.93,11.9,11.91,-0.07,-0.58%,0
"2024-04-23 11:40",11.88,11.97,11.88,11.97,0.06,+0.50%,0
"2024-04-23 11:41",11.99,12.01,11.97,12.01,0.04,+0.33%,0
"2024-04-23 11:42",12.07,12.08,12.05,12.06,0.05,+0.42%,0
"2024-04-23 11:43",12.05,12.05,12.01,12.01,-0.05,-0.41%,0
"2024-04-23 11:44",11.99,12.02,11.99,12,-0.01,-0.08%,0
"2024-04-23 11:45",12.01,12.06,12.01,12.05,0.05,+0.42%,0
"2024-04-23 11:46",12.09,12.11,12.07,12.07,0.02,+0.17%,0
"2024-04-23 11:47",12.07,12.07,12.01,12.01,-0.06,-0.50%,0
"2024-04-23 11:48",12.06,12.14,12.06,12.14,0.13,+1.08%,0
"2024-04-23 11:49",12.17,12.17,12.11,12.11,-0.03,-0.25%,0
"2024-04-23 11:50",12.11,12.14,12.1,12.14,0.03,+0.25%,0
"2024-04-23 11:51",12.19,12.19,12.15,12.16,0.02,+0.16%,0
"2024-04-23 11:52",12.15,12.15,12.1,12.1,-0.06,-0.49%,0
"2024-04-23 11:53",12.1,12.11,12.1,12.11,0.01,+0.08%,0
"2024-04-23 11:54",12.09,12.1,12.04,12.04,-0.07,-0.58%,0
"2024-04-23 11:55",12.03,12.04,12.01,12.01,-0.03,-0.25%,0
"2024-04-23 11:56",11.99,12.05,11.99,12.05,0.04,+0.33%,0
"2024-04-23 11:57",12.04,12.08,12.04,12.08,0.03,+0.25%,0
"2024-04-23 11:58",12.07,12.1,12.07,12.07,-0.01,-0.08%,0
"2024-04-23 11:59",12.08,12.15,12.08,12.14,0.07,+0.58%,0
"2024-04-23 12:00",12.16,12.16,12.12,12.13,-0.01,-0.08%,0
"2024-04-23 12:01",12.12,12.18,12.1,12.18,0.05,+0.41%,0
"2024-04-23 12:02",12.18,12.2,12.18,12.2,0.02,+0.16%,0
"2024-04-23 12:03",12.16,12.16,12.1,12.1,-0.1,-0.82%,0
"2024-04-23 12:04",12.1,12.11,12.1,12.11,0.01,+0.08%,0
"2024-04-23 12:05",12.07,12.08,12.05,12.05,-0.06,-0.50%,0
"2024-04-23 12:06",12.06,12.07,12.06,12.07,0.02,+0.17%,0
"2024-04-23 12:07",12.05,12.07,12.05,12.06,-0.01,-0.08%,0
"2024-04-23 12:08",11.95,11.95,11.88,11.88,-0.18,-1.49%,0
"2024-04-23 12:09",11.87,11.9,11.87,11.88,0,0.00%,0
"2024-04-23 12:10",11.88,11.9,11.88,11.89,0.01,+0.08%,0
"2024-04-23 12:11",11.89,11.94,11.89,11.94,0.05,+0.42%,0
"2024-04-23 12:12",11.93,11.96,11.93,11.96,0.02,+0.17%,0
"2024-04-23 12:13",11.95,11.95,11.94,11.95,-0.01,-0.08%,0
"2024-04-23 12:14",11.94,11.96,11.94,11.95,0,0.00%,0
"2024-04-23 12:15",11.92,11.92,11.86,11.87,-0.08,-0.67%,0
"2024-04-23 12:16",11.89,11.95,11.89,11.93,0.06,+0.51%,0
"2024-04-23 12:17",11.93,11.99,11.93,11.99,0.06,+0.50%,0
"2024-04-23 12:18",11.98,12.02,11.98,12.02,0.03,+0.25%,0
"2024-04-23 12:19",12.04,12.08,12.04,12.08,0.06,+0.50%,0
"2024-04-23 12:20",12.07,12.09,12.07,12.09,0.01,+0.08%,0
"2024-04-23 12:21",12.08,12.11,12.08,12.11,0.02,+0.17%,0
"2024-04-23 12:22",12.12,12.13,12.12,12.12,0.01,+0.08%,0
"2024-04-23 12:23",12.11,12.14,12.11,12.13,0.01,+0.08%,0
"2024-04-23 12:24",12.14,12.16,12.14,12.15,0.02,+0.16%,0
"2024-04-23 12:25",12.14,12.16,12.14,12.15,0,0.00%,0
"2024-04-23 12:26",12.16,12.2,12.16,12.19,0.04,+0.33%,0
"2024-04-23 12:27",12.18,12.21,12.18,12.19,0,0.00%,0
"2024-04-23 12:28",12.19,12.21,12.19,12.21,0.02,+0.16%,0
"2024-04-23 12:29",12.21,12.21,12.18,12.18,-0.03,-0.25%,0
"2024-04-23 12:30",12.18,12.18,12.17,12.17,-0.01,-0.08%,0
"2024-04-23 12:31",12.18,12.21,12.18,12.2,0.03,+0.25%,0
"2024-04-23 12:32",12.18,12.22,12.18,12.18,-0.02,-0.16%,0
"2024-04-23 12:33",12.17,12.22,12.17,12.22,0.04,+0.33%,0
"2024-04-23 12:34",12.22,12.26,12.22,12.24,0.02,+0.16%,0
"2024-04-23 12:35",12.21,12.21,12.12,12.12,-0.12,-0.98%,0
"2024-04-23 12:36",12.1,12.12,12.1,12.11,-0.01,-0.08%,0
"2024-04-23 12:37",12.1,12.1,12.07,12.07,-0.04,-0.33%,0
"2024-04-23 12:38",12.07,12.07,12.04,12.04,-0.03,-0.25%,0
"2024-04-23 12:39",12.05,12.07,12.05,12.07,0.03,+0.25%,0
"2024-04-23 12:40",12.09,12.09,12.07,12.07,0,0.00%,0
"2024-04-23 12:41",12.07,12.08,12.06,12.06,-0.01,-0.08%,0
"2024-04-23 12:42",12.05,12.05,12.04,12.05,-0.01,-0.08%,0
"2024-04-23 12:43",12.03,12.06,12.03,12.06,0.01,+0.08%,0
"2024-04-23 12:44",12.06,12.07,12.05,12.07,0.01,+0.08%,0
"2024-04-23 12:45",12.07,12.08,12.06,12.06,-0.01,-0.08%,0
"2024-04-23 12:46",12.08,12.1,12.07,12.07,0.01,+0.08%,0
"2024-04-23 12:47",12.08,12.09,12.08,12.09,0.02,+0.17%,0
"2024-04-23 12:48",12.09,12.11,12.09,12.1,0.01,+0.08%,0
"2024-04-23 12:49",12.1,12.13,12.1,12.11,0.01,+0.08%,0
"2024-04-23 12:50",12.09,12.13,12.09,12.13,0.02,+0.17%,0
"2024-04-23 12:51",12.11,12.11,12.07,12.07,-0.06,-0.49%,0
"2024-04-23 12:52",12.07,12.09,12.07,12.07,0,0.00%,0
"2024-04-23 12:53",12.07,12.09,12.07,12.09,0.02,+0.17%,0
"2024-04-23 12:54",12.09,12.12,12.09,12.12,0.03,+0.25%,0
"2024-04-23 12:55",12.12,12.24,12.12,12.24,0.12,+0.99%,0
"2024-04-23 12:56",12.21,12.23,12.14,12.14,-0.1,-0.82%,0
"2024-04-23 12:57",12.13,12.18,12.13,12.18,0.04,+0.33%,0
"2024-04-23 12:58",12.17,12.23,12.17,12.23,0.05,+0.41%,0
"2024-04-23 12:59",12.22,12.22,12.22,12.22,-0.01,-0.08%,0
"2024-04-23 13:00",12.2,12.25,12.2,12.25,0.03,+0.25%,0
"2024-04-23 13:01",12.25,12.28,12.25,12.28,0.03,+0.24%,0
"2024-04-23 13:02",12.28,12.29,12.28,12.29,0.01,+0.08%,0
"2024-04-23 13:03",12.27,12.27,12.23,12.26,-0.03,-0.24%,0
"2024-04-23 13:04",12.25,12.25,12.16,12.16,-0.1,-0.82%,0
"2024-04-23 13:05",12.12,12.14,12.12,12.14,-0.02,-0.16%,0
"2024-04-23 13:06",12.13,12.13,12.1,12.1,-0.04,-0.33%,0
"2024-04-23 13:07",12.1,12.15,12.1,12.14,0.04,+0.33%,0
"2024-04-23 13:08",12.13,12.14,12.12,12.12,-0.02,-0.16%,0
"2024-04-23 13:09",12.11,12.15,12.11,12.15,0.03,+0.25%,0
"2024-04-23 13:10",12.15,12.2,12.15,12.2,0.05,+0.41%,0
"2024-04-23 13:11",12.23,12.25,12.18,12.18,-0.02,-0.16%,0
"2024-04-23 13:12",12.2,12.25,12.2,12.25,0.07,+0.57%,0
"2024-04-23 13:13",12.27,12.44,12.27,12.33,0.08,+0.65%,0
"2024-04-23 13:14",12.27,12.38,12.27,12.38,0.05,+0.41%,0
"2024-04-23 13:15",12.38,12.44,12.38,12.44,0.06,+0.48%,0
"2024-04-23 13:16",12.44,12.5,12.36,12.36,-0.08,-0.64%,0
"2024-04-23 13:17",12.34,12.4,12.34,12.4,0.04,+0.32%,0
"2024-04-23 13:18",12.41,12.41,12.38,12.38,-0.02,-0.16%,0
"2024-04-23 13:19",12.35,12.35,12.29,12.29,-0.09,-0.73%,0
"2024-04-23 13:20",12.27,12.28,12.23,12.23,-0.06,-0.49%,0
"2024-04-23 13:21",12.22,12.22,12.15,12.15,-0.08,-0.65%,0
"2024-04-23 13:22",12.14,12.17,12.14,12.17,0.02,+0.16%,0
"2024-04-23 13:23",12.15,12.19,12.15,12.19,0.02,+0.16%,0
"2024-04-23 13:24",12.16,12.17,12.16,12.16,-0.03,-0.25%,0
"2024-04-23 13:25",12.18,12.19,12.18,12.18,0.02,+0.16%,0
"2024-04-23 13:26",12.19,12.2,12.15,12.15,-0.03,-0.25%,0
"2024-04-23 13:27",12.13,12.18,12.13,12.15,0,0.00%,0
"2024-04-23 13:28",12.14,12.15,12.12,12.12,-0.03,-0.25%,0
"2024-04-23 13:29",12.11,12.11,12.09,12.09,-0.03,-0.25%,0
"2024-04-23 13:30",12.09,12.1,12.08,12.08,-0.01,-0.08%,0
"2024-04-23 13:31",12.11,12.11,12.08,12.08,0,0.00%,0
"2024-04-23 13:32",12.07,12.09,12.07,12.07,-0.01,-0.08%,0
"2024-04-23 13:33",12.05,12.05,12.02,12.03,-0.04,-0.33%,0
"2024-04-23 13:34",12.03,12.04,12,12,-0.03,-0.25%,0
"2024-04-23 13:35",12.01,12.04,12.01,12.03,0.03,+0.25%,0
"2024-04-23 13:36",12.03,12.04,12.02,12.03,0,0.00%,0
"2024-04-23 13:37",12.04,12.04,12.03,12.03,0,0.00%,0
"2024-04-23 13:38",12.02,12.03,12.02,12.03,0,0.00%,0
"2024-04-23 13:39",12.02,12.03,12,12,-0.03,-0.25%,0
"2024-04-23 13:40",11.97,11.98,11.96,11.96,-0.04,-0.33%,0
"2024-04-23 13:41",11.93,11.95,11.93,11.93,-0.03,-0.25%,0
"2024-04-23 13:42",11.9,11.94,11.9,11.94,0.01,+0.08%,0
"2024-04-23 13:43",11.92,11.97,11.92,11.97,0.03,+0.25%,0
"2024-04-23 13:44",12.02,12.02,11.95,11.95,-0.02,-0.17%,0
"2024-04-23 13:45",11.98,12.03,11.98,12.03,0.08,+0.67%,0
"2024-04-23 13:46",12.03,12.03,12.01,12.01,-0.02,-0.17%,0
"2024-04-23 13:47",12.02,12.05,12.02,12.05,0.04,+0.33%,0
"2024-04-23 13:48",12.04,12.1,12.04,12.09,0.04,+0.33%,0
"2024-04-23 13:49",12.06,12.06,12.06,12.06,-0.03,-0.25%,0
"2024-04-23 13:50",12.06,12.08,12.06,12.08,0.02,+0.17%,0
"2024-04-23 13:51",12.06,12.08,12.06,12.07,-0.01,-0.08%,0
"2024-04-23 13:52",12.07,12.11,12.07,12.11,0.04,+0.33%,0
"2024-04-23 13:53",12.1,12.12,12.09,12.09,-0.02,-0.17%,0
"2024-04-23 13:54",12.08,12.13,12.08,12.13,0.04,+0.33%,0
"2024-04-23 13:55",12.11,12.15,12.11,12.15,0.02,+0.16%,0
"2024-04-23 13:56",12.15,12.16,12.14,12.16,0.01,+0.08%,0
"2024-04-23 13:57",12.16,12.16,12.15,12.15,-0.01,-0.08%,0
"2024-04-23 13:58",12.15,12.17,12.15,12.15,0,0.00%,0
"2024-04-23 13:59",12.14,12.15,12.13,12.13,-0.02,-0.16%,0
"2024-04-23 14:00",12.14,12.14,12.14,12.14,0.01,+0.08%,0
"2024-04-23 14:01",12.14,12.15,12.13,12.13,-0.01,-0.08%,0
"2024-04-23 14:02",12.14,12.16,12.13,12.13,0,0.00%,0
"2024-04-23 14:03",12.13,12.18,12.13,12.18,0.05,+0.41%,0
"2024-04-23 14:04",12.18,12.2,12.15,12.15,-0.03,-0.25%,0
"2024-04-23 14:05",12.15,12.19,12.15,12.16,0.01,+0.08%,0
"2024-04-23 14:06",12.16,12.18,12.16,12.18,0.02,+0.16%,0
"2024-04-23 14:07",12.18,12.19,12.15,12.17,-0.01,-0.08%,0
"2024-04-23 14:08",12.17,12.19,12.17,12.18,0.01,+0.08%,0
"2024-04-23 14:09",12.18,12.2,12.18,12.2,0.02,+0.16%,0
"2024-04-23 14:10",12.2,12.2,12.2,12.2,0,0.00%,0
"2024-04-23 14:11",12.21,12.22,12.21,12.22,0.02,+0.16%,0
"2024-04-23 14:12",12.21,12.28,12.21,12.27,0.05,+0.41%,0
"2024-04-23 14:13",12.32,12.32,12.27,12.27,0,0.00%,0
"2024-04-23 14:14",12.23,12.24,12.22,12.22,-0.05,-0.41%,0
"2024-04-23 14:15",12.21,12.23,12.21,12.21,-0.01,-0.08%,0
"2024-04-23 14:16",12.18,12.18,12.15,12.15,-0.06,-0.49%,0
"2024-04-23 14:17",12.14,12.15,12.14,12.14,-0.01,-0.08%,0
"2024-04-23 14:18",12.13,12.14,12.12,12.12,-0.02,-0.16%,0
"2024-04-23 14:19",12.13,12.13,12.08,12.08,-0.04,-0.33%,0
"2024-04-23 14:20",12.09,12.09,12.01,12.01,-0.07,-0.58%,0
"2024-04-23 14:21",12,12.02,12,12,-0.01,-0.08%,0
"2024-04-23 14:22",11.99,12.02,11.99,12.02,0.02,+0.17%,0
"2024-04-23 14:23",12.04,12.07,12.04,12.05,0.03,+0.25%,0
"2024-04-23 14:24",12.04,12.07,12.04,12.07,0.02,+0.17%,0
"2024-04-23 14:25",12.08,12.08,12.07,12.08,0.01,+0.08%,0
"2024-04-23 14:26",12.07,12.11,12.07,12.09,0.01,+0.08%,0
"2024-04-23 14:27",12.09,12.11,12.09,12.11,0.02,+0.17%,0
"2024-04-23 14:28",12.16,12.16,12.08,12.08,-0.03,-0.25%,0
"2024-04-23 14:29",12.06,12.08,12.06,12.07,-0.01,-0.08%,0
"2024-04-23 14:30",12.06,12.06,12.05,12.05,-0.02,-0.17%,0
"2024-04-23 14:31",12.06,12.12,12.06,12.08,0.03,+0.25%,0
"2024-04-23 14:32",12.09,12.14,12.06,12.06,-0.02,-0.17%,0
"2024-04-23 14:33",12.02,12.02,11.99,12,-0.06,-0.50%,0
"2024-04-23 14:34",12.01,12.01,12,12,0,0.00%,0
"2024-04-23 14:35",11.98,11.99,11.97,11.97,-0.03,-0.25%,0
"2024-04-23 14:36",11.97,12.04,11.97,12.03,0.06,+0.50%,0
"2024-04-23 14:37",12.03,12.04,12.03,12.04,0.01,+0.08%,0
"2024-04-23 14:38",12.04,12.04,12.03,12.04,0,0.00%,0
"2024-04-23 14:39",12.03,12.03,11.94,11.94,-0.1,-0.83%,0
"2024-04-23 14:40",12.01,12.01,11.93,11.93,-0.01,-0.08%,0
"2024-04-23 14:41",11.93,11.94,11.91,11.91,-0.02,-0.17%,0
"2024-04-23 14:42",11.94,11.95,11.92,11.92,0.01,+0.08%,0
"2024-04-23 14:43",11.92,11.92,11.89,11.9,-0.02,-0.17%,0
"2024-04-23 14:44",11.89,12,11.89,11.92,0.02,+0.17%,0
"2024-04-23 14:45",11.99,11.99,11.84,11.84,-0.08,-0.67%,0
"2024-04-23 14:46",11.82,11.87,11.82,11.86,0.02,+0.17%,0
"2024-04-23 14:47",11.87,11.88,11.87,11.88,0.02,+0.17%,0
"2024-04-23 14:48",11.87,11.88,11.87,11.88,0,0.00%,0
"2024-04-23 14:49",11.88,11.91,11.88,11.9,0.02,+0.17%,0
"2024-04-23 14:50",11.89,11.92,11.89,11.92,0.02,+0.17%,0
"2024-04-23 14:51",11.95,12.07,11.95,12.07,0.15,+1.26%,0
"2024-04-23 14:52",12.02,12.08,11.99,12.08,0.01,+0.08%,0
"2024-04-23 14:53",12.08,12.19,12.08,12.19,0.11,+0.91%,0
"2024-04-23 14:54",12.14,12.17,12.14,12.16,-0.03,-0.25%,0
"2024-04-23 14:55",12.16,12.16,12.1,12.11,-0.05,-0.41%,0
"2024-04-23 14:56",12.11,12.16,12.11,12.14,0.03,+0.25%,0
"2024-04-23 14:57",12.13,12.15,12.13,12.13,-0.01,-0.08%,0
"2024-04-23 14:58",12.12,12.13,12.1,12.1,-0.03,-0.25%,0
"2024-04-23 14:59",11.98,11.98,11.96,11.97,-0.13,-1.07%,0
"2024-04-23 15:00",11.95,12.04,11.94,12.04,0.07,+0.58%,0
"2024-04-23 15:01",12.01,12.15,11.95,12.14,0.1,+0.83%,0
"2024-04-23 15:02",12.1,12.1,12.01,12.03,-0.11,-0.91%,0
"2024-04-23 15:03",12.09,12.09,11.97,12.09,0.06,+0.50%,0
"2024-04-23 15:04",12.11,12.24,12.09,12.09,0,0.00%,0
"2024-04-23 15:05",12.05,12.11,11.99,11.99,-0.1,-0.83%,0
"2024-04-23 15:06",12.07,12.07,12.04,12.06,0.07,+0.58%,0
"2024-04-23 15:07",12.08,12.15,12.08,12.12,0.06,+0.50%,0
"2024-04-23 15:08",12.15,12.16,12.14,12.14,0.02,+0.17%,0
"2024-04-23 15:09",12.14,12.19,12.14,12.19,0.05,+0.41%,0
"2024-04-23 15:10",12.2,12.24,12.2,12.22,0.03,+0.25%,0
"2024-04-23 15:11",12.2,12.21,12.17,12.17,-0.05,-0.41%,0
"2024-04-23 15:12",12.12,12.12,12.08,12.08,-0.09,-0.74%,0
"2024-04-23 15:13",12.05,12.12,12.05,12.12,0.04,+0.33%,0
"2024-04-23 15:14",12.13,12.15,12.11,12.14,0.02,+0.17%,0
"2024-04-23 15:15",12.15,12.17,12.15,12.16,0.02,+0.16%,0
"2024-04-23 15:16",12.14,12.19,12.14,12.19,0.03,+0.25%,0
"2024-04-23 15:17",12.19,12.19,12.15,12.15,-0.04,-0.33%,0
"2024-04-23 15:18",12.14,12.21,12.14,12.21,0.06,+0.49%,0
"2024-04-23 15:19",12.18,12.24,12.18,12.23,0.02,+0.16%,0
"2024-04-23 15:20",12.21,12.23,12.21,12.22,-0.01,-0.08%,0
"2024-04-23 15:21",12.22,12.25,12.22,12.23,0.01,+0.08%,0
"2024-04-23 15:22",12.24,12.25,12.24,12.24,0.01,+0.08%,0
"2024-04-23 15:23",12.23,12.23,12.21,12.21,-0.03,-0.25%,0
"2024-04-23 15:24",12.23,12.26,12.22,12.22,0.01,+0.08%,0
"2024-04-23 15:25",12.23,12.24,12.23,12.24,0.02,+0.16%,0
"2024-04-23 15:26",12.21,12.28,12.21,12.28,0.04,+0.33%,0
"2024-04-23 15:27",12.28,12.32,12.28,12.3,0.02,+0.16%,0
"2024-04-23 15:28",12.28,12.32,12.28,12.3,0,0.00%,0
"2024-04-23 15:29",12.29,12.3,12.29,12.29,-0.01,-0.08%,0
"2024-04-23 15:30",12.29,12.32,12.29,12.29,0,0.00%,0
"2024-04-23 15:31",12.31,12.31,12.28,12.28,-0.01,-0.08%,0
"2024-04-23 15:32",12.28,12.34,12.28,12.34,0.06,+0.49%,0
"2024-04-23 15:33",12.31,12.31,12.25,12.25,-0.09,-0.73%,0
"2024-04-23 15:34",12.23,12.29,12.23,12.28,0.03,+0.24%,0
"2024-04-23 15:35",12.27,12.3,12.27,12.3,0.02,+0.16%,0
"2024-04-23 15:36",12.32,12.36,12.32,12.35,0.05,+0.41%,0
"2024-04-23 15:37",12.36,12.38,12.36,12.36,0.01,+0.08%,0
"2024-04-23 15:38",12.32,12.41,12.32,12.41,0.05,+0.40%,0
"2024-04-23 15:39",12.41,12.42,12.38,12.38,-0.03,-0.24%,0
"2024-04-23 15:40",12.37,12.39,12.37,12.39,0.01,+0.08%,0
"2024-04-23 15:41",12.37,12.38,12.37,12.37,-0.02,-0.16%,0
"2024-04-23 15:42",12.38,12.42,12.38,12.41,0.04,+0.32%,0
"2024-04-23 15:43",12.4,12.43,12.4,12.43,0.02,+0.16%,0
"2024-04-23 15:44",12.41,12.41,12.39,12.39,-0.04,-0.32%,0
"2024-04-23 15:45",12.39,12.44,12.39,12.44,0.05,+0.40%,0
"2024-04-23 15:46",12.47,12.49,12.47,12.48,0.04,+0.32%,0
"2024-04-23 15:47",12.46,12.49,12.46,12.47,-0.01,-0.08%,0
"2024-04-23 15:48",12.45,12.45,12.43,12.43,-0.04,-0.32%,0
"2024-04-23 15:49",12.44,12.44,12.34,12.34,-0.09,-0.72%,0
"2024-04-23 15:50",12.33,12.39,12.3,12.3,-0.04,-0.32%,0
"2024-04-23 15:51",12.29,12.3,12.26,12.26,-0.04,-0.33%,0
"2024-04-23 15:52",12.26,12.26,12.24,12.24,-0.02,-0.16%,0
"2024-04-23 15:53",12.24,12.25,12.24,12.25,0.01,+0.08%,0
"2024-04-23 15:54",12.23,12.24,12.21,12.21,-0.04,-0.33%,0
"2024-04-23 15:55",12.23,12.25,12.22,12.23,0.02,+0.16%,0
"2024-04-23 15:56",12.24,12.29,12.23,12.23,0,0.00%,0
"2024-04-23 15:57",12.27,12.28,12.26,12.27,0.04,+0.33%,0
"2024-04-23 15:58",12.25,12.31,12.25,12.3,0.03,+0.24%,0
"2024-04-23 15:59",12.28,12.28,12.1,12.1,-0.2,-1.63%,0
"2024-04-23 16:00",11.87,12.02,11.78,11.81,-0.29,-2.40%,0
"2024-04-23 16:01",11.85,11.96,11.85,11.93,0.12,+1.02%,0
"2024-04-23 16:02",11.95,11.96,11.94,11.96,0.03,+0.25%,0
"2024-04-23 16:03",11.96,11.96,11.79,11.9,-0.06,-0.50%,0
"2024-04-23 16:04",12.01,12.01,11.84,11.84,-0.06,-0.50%,0
"2024-04-23 16:05",11.76,11.79,11.76,11.79,-0.05,-0.42%,0
"2024-04-23 16:06",11.8,11.82,11.77,11.77,-0.02,-0.17%,0
"2024-04-23 16:07",11.78,11.8,11.75,11.8,0.03,+0.25%,0
"2024-04-23 16:08",11.79,11.79,11.76,11.76,-0.04,-0.34%,0
"2024-04-23 16:09",11.73,11.73,11.72,11.73,-0.03,-0.26%,0
"2024-04-23 16:10",11.77,11.82,11.77,11.82,0.09,+0.77%,0
"2024-04-23 16:11",11.8,11.8,11.78,11.78,-0.04,-0.34%,0
"2024-04-23 16:12",11.76,11.77,11.75,11.75,-0.03,-0.25%,0
"2024-04-23 16:13",11.73,11.76,11.72,11.72,-0.03,-0.26%,0
"2024-04-23 16:14",11.68,11.68,11.62,11.62,-0.1,-0.85%,0
"2024-04-23 16:15",11.59,11.59,11.59,11.59,-0.03,-0.26%,0
"2024-04-24 09:31",10.1,10.15,10.1,10.15,-1.44,-12.42%,0
"2024-04-24 09:32",10.16,10.31,10.16,10.27,0.12,+1.18%,0
"2024-04-24 09:33",10.28,10.36,10.28,10.36,0.09,+0.88%,0
"2024-04-24 09:34",10.41,10.41,10.38,10.4,0.04,+0.39%,0
"2024-04-24 09:35",10.32,10.32,10.24,10.24,-0.16,-1.54%,0
"2024-04-24 09:36",10.14,10.22,10.14,10.22,-0.02,-0.20%,0
"2024-04-24 09:37",10.18,10.19,10.08,10.11,-0.11,-1.08%,0
"2024-04-24 09:38",10.07,10.18,10.07,10.18,0.07,+0.69%,0
"2024-04-24 09:39",10.2,10.32,10.2,10.32,0.14,+1.38%,0
"2024-04-24 09:40",10.28,10.35,10.28,10.35,0.03,+0.29%,0
"2024-04-24 09:41",10.37,10.37,10.33,10.33,-0.02,-0.19%,0
"2024-04-24 09:42",10.3,10.38,10.3,10.33,0,0.00%,0
"2024-04-24 09:43",10.34,10.46,10.34,10.46,0.13,+1.26%,0
"2024-04-24 09:44",10.45,10.57,10.45,10.57,0.11,+1.05%,0
"2024-04-24 09:45",10.57,10.6,10.57,10.6,0.03,+0.28%,0
"2024-04-24 09:46",10.63,10.63,10.6,10.6,0,0.00%,0
"2024-04-24 09:47",10.62,10.69,10.58,10.58,-0.02,-0.19%,0
"2024-04-24 09:48",10.58,10.58,10.52,10.52,-0.06,-0.57%,0
"2024-04-24 09:49",10.52,10.56,10.49,10.49,-0.03,-0.29%,0
"2024-04-24 09:50",10.49,10.53,10.48,10.48,-0.01,-0.10%,0
"2024-04-24 09:51",10.45,10.5,10.44,10.5,0.02,+0.19%,0
"2024-04-24 09:52",10.54,10.62,10.54,10.62,0.12,+1.14%,0
"2024-04-24 09:53",10.63,10.67,10.61,10.61,-0.01,-0.09%,0
"2024-04-24 09:54",10.65,10.76,10.65,10.76,0.15,+1.41%,0
"2024-04-24 09:55",10.67,10.76,10.67,10.76,0,0.00%,0
"2024-04-24 09:56",10.8,10.86,10.79,10.81,0.05,+0.46%,0
"2024-04-24 09:57",11.02,11.05,10.81,10.81,0,0.00%,0
"2024-04-24 09:58",10.84,10.9,10.76,10.76,-0.05,-0.46%,0
"2024-04-24 09:59",10.77,10.82,10.77,10.82,0.06,+0.56%,0
"2024-04-24 10:00",10.89,10.9,10.87,10.87,0.05,+0.46%,0
"2024-04-24 10:01",10.86,10.9,10.86,10.9,0.03,+0.28%,0
"2024-04-24 10:02",10.9,10.91,10.86,10.9,0,0.00%,0
"2024-04-24 10:03",10.84,10.9,10.84,10.89,-0.01,-0.09%,0
"2024-04-24 10:04",10.86,10.87,10.81,10.83,-0.06,-0.55%,0
"2024-04-24 10:05",10.84,10.84,10.72,10.72,-0.11,-1.02%,0
"2024-04-24 10:06",10.72,10.72,10.56,10.56,-0.16,-1.49%,0
"2024-04-24 10:07",10.6,10.63,10.57,10.57,0.01,+0.09%,0
"2024-04-24 10:08",10.58,10.58,10.5,10.5,-0.07,-0.66%,0
"2024-04-24 10:09",10.49,10.49,10.47,10.47,-0.03,-0.29%,0
"2024-04-24 10:10",10.43,10.43,10.4,10.4,-0.07,-0.67%,0
"2024-04-24 10:11",10.42,10.53,10.42,10.53,0.13,+1.25%,0
"2024-04-24 10:12",10.5,10.59,10.5,10.52,-0.01,-0.09%,0
"2024-04-24 10:13",10.52,10.56,10.52,10.56,0.04,+0.38%,0
"2024-04-24 10:14",10.59,10.77,10.59,10.77,0.21,+1.99%,0
"2024-04-24 10:15",10.83,10.9,10.75,10.75,-0.02,-0.19%,0
"2024-04-24 10:16",10.8,10.94,10.8,10.9,0.15,+1.40%,0
"2024-04-24 10:17",10.74,10.88,10.74,10.88,-0.02,-0.18%,0
"2024-04-24 10:18",10.93,10.94,10.92,10.92,0.04,+0.37%,0
"2024-04-24 10:19",10.91,10.96,10.85,10.96,0.04,+0.37%,0
"2024-04-24 10:20",10.99,11.09,10.99,11.09,0.13,+1.19%,0
"2024-04-24 10:21",11.08,11.08,10.99,11.01,-0.08,-0.72%,0
"2024-04-24 10:22",11.02,11.02,10.9,10.9,-0.11,-1.00%,0
"2024-04-24 10:23",10.84,10.84,10.78,10.84,-0.06,-0.55%,0
"2024-04-24 10:24",10.85,10.85,10.79,10.8,-0.04,-0.37%,0
"2024-04-24 10:25",10.78,10.78,10.74,10.75,-0.05,-0.46%,0
"2024-04-24 10:26",10.8,10.83,10.79,10.83,0.08,+0.74%,0
"2024-04-24 10:27",10.82,10.91,10.82,10.86,0.03,+0.28%,0
"2024-04-24 10:28",10.88,10.89,10.85,10.85,-0.01,-0.09%,0
"2024-04-24 10:29",10.85,10.94,10.85,10.94,0.09,+0.83%,0
"2024-04-24 10:30",10.93,10.93,10.84,10.84,-0.1,-0.91%,0
"2024-04-24 10:31",10.85,10.87,10.85,10.85,0.01,+0.09%,0
"2024-04-24 10:32",10.8,10.85,10.8,10.82,-0.03,-0.28%,0
"2024-04-24 10:33",10.78,10.86,10.78,10.84,0.02,+0.18%,0
"2024-04-24 10:34",10.86,11.05,10.86,10.96,0.12,+1.11%,0
"2024-04-24 10:35",10.95,11.21,10.95,11.21,0.25,+2.28%,0
"2024-04-24 10:36",11.07,11.07,10.93,10.99,-0.22,-1.96%,0
"2024-04-24 10:37",11.03,11.14,11.03,11.1,0.11,+1.00%,0
"2024-04-24 10:38",11.05,11.07,11.01,11.07,-0.03,-0.27%,0
"2024-04-24 10:39",11.06,11.19,11.06,11.17,0.1,+0.90%,0
"2024-04-24 10:40",11.17,11.17,11.14,11.17,0,0.00%,0
"2024-04-24 10:41",11.19,11.36,11.19,11.29,0.12,+1.07%,0
"2024-04-24 10:42",11.46,11.46,11.26,11.39,0.1,+0.89%,0
"2024-04-24 10:43",11.43,11.43,11.27,11.27,-0.12,-1.05%,0
"2024-04-24 10:44",11.25,11.34,11.25,11.33,0.06,+0.53%,0
"2024-04-24 10:45",11.3,11.53,11.3,11.53,0.2,+1.77%,0
"2024-04-24 10:46",11.43,11.43,11.33,11.34,-0.19,-1.65%,0
"2024-04-24 10:47",11.33,11.33,11.17,11.19,-0.15,-1.32%,0
"2024-04-24 10:48",11.22,11.24,11.19,11.19,0,0.00%,0
"2024-04-24 10:49",11.19,11.2,11.17,11.2,0.01,+0.09%,0
"2024-04-24 10:50",11.15,11.18,11.15,11.18,-0.02,-0.18%,0
"2024-04-24 10:51",11.22,11.27,11.22,11.27,0.09,+0.81%,0
"2024-04-24 10:52",11.38,11.38,11.3,11.35,0.08,+0.71%,0
"2024-04-24 10:53",11.35,11.43,11.35,11.43,0.08,+0.70%,0
"2024-04-24 10:54",11.39,11.39,11.34,11.34,-0.09,-0.79%,0
"2024-04-24 10:55",11.34,11.42,11.34,11.42,0.08,+0.71%,0
"2024-04-24 10:56",11.46,11.46,11.38,11.38,-0.04,-0.35%,0
"2024-04-24 10:57",11.36,11.38,11.35,11.36,-0.02,-0.18%,0
"2024-04-24 10:58",11.35,11.38,11.33,11.33,-0.03,-0.26%,0
"2024-04-24 10:59",11.31,11.36,11.31,11.36,0.03,+0.26%,0
"2024-04-24 11:00",11.34,11.34,11.29,11.32,-0.04,-0.35%,0
"2024-04-24 11:01",11.37,11.38,11.36,11.38,0.06,+0.53%,0
"2024-04-24 11:02",11.4,11.48,11.4,11.48,0.1,+0.88%,0
"2024-04-24 11:03",11.47,11.57,11.47,11.52,0.04,+0.35%,0
"2024-04-24 11:04",11.61,11.64,11.61,11.63,0.11,+0.95%,0
"2024-04-24 11:05",11.62,11.62,11.47,11.5,-0.13,-1.12%,0
"2024-04-24 11:06",11.5,11.52,11.47,11.52,0.02,+0.17%,0
"2024-04-24 11:07",11.56,11.73,11.56,11.73,0.21,+1.82%,0
"2024-04-24 11:08",11.7,11.92,11.7,11.92,0.19,+1.62%,0
"2024-04-24 11:09",11.74,11.74,11.6,11.6,-0.32,-2.68%,0
"2024-04-24 11:10",11.63,11.63,11.52,11.52,-0.08,-0.69%,0
"2024-04-24 11:11",11.54,11.62,11.54,11.62,0.1,+0.87%,0
"2024-04-24 11:12",11.63,11.65,11.6,11.6,-0.02,-0.17%,0
"2024-04-24 11:13",11.64,11.65,11.6,11.6,0,0.00%,0
"2024-04-24 11:14",11.63,11.66,11.63,11.65,0.05,+0.43%,0
"2024-04-24 11:15",11.64,11.72,11.64,11.72,0.07,+0.60%,0
"2024-04-24 11:16",11.67,11.74,11.65,11.74,0.02,+0.17%,0
"2024-04-24 11:17",11.74,11.74,11.6,11.6,-0.14,-1.19%,0
"2024-04-24 11:18",11.61,11.69,11.61,11.67,0.07,+0.60%,0
"2024-04-24 11:19",11.67,11.75,11.67,11.75,0.08,+0.69%,0
"2024-04-24 11:20",11.71,11.76,11.71,11.71,-0.04,-0.34%,0
"2024-04-24 11:21",11.72,11.78,11.69,11.74,0.03,+0.26%,0
"2024-04-24 11:22",11.74,11.74,11.65,11.65,-0.09,-0.77%,0
"2024-04-24 11:23",11.68,11.73,11.68,11.71,0.06,+0.52%,0
"2024-04-24 11:24",11.72,11.85,11.72,11.85,0.14,+1.20%,0
"2024-04-24 11:25",11.87,11.87,11.75,11.75,-0.1,-0.84%,0
"2024-04-24 11:26",11.74,11.78,11.74,11.74,-0.01,-0.09%,0
"2024-04-24 11:27",11.72,11.72,11.66,11.66,-0.08,-0.68%,0
"2024-04-24 11:28",11.59,11.59,11.55,11.55,-0.11,-0.94%,0
"2024-04-24 11:29",11.54,11.55,11.54,11.54,-0.01,-0.09%,0
"2024-04-24 11:30",11.53,11.55,11.44,11.44,-0.1,-0.87%,0
"2024-04-24 11:31",11.43,11.45,11.42,11.43,-0.01,-0.09%,0
"2024-04-24 11:32",11.42,11.43,11.41,11.41,-0.02,-0.17%,0
"2024-04-24 11:33",11.44,11.46,11.43,11.44,0.03,+0.26%,0
"2024-04-24 11:34",11.41,11.41,11.4,11.4,-0.04,-0.35%,0
"2024-04-24 11:35",11.38,11.38,11.32,11.35,-0.05,-0.44%,0
"2024-04-24 11:36",11.33,11.36,11.33,11.36,0.01,+0.09%,0
"2024-04-24 11:37",11.35,11.36,11.35,11.36,0,0.00%,0
"2024-04-24 11:38",11.35,11.36,11.35,11.36,0,0.00%,0
"2024-04-24 11:39",11.33,11.36,11.33,11.35,-0.01,-0.09%,0
"2024-04-24 11:40",11.37,11.39,11.37,11.39,0.04,+0.35%,0
"2024-04-24 11:41",11.38,11.4,11.35,11.35,-0.04,-0.35%,0
"2024-04-24 11:42",11.34,11.45,11.34,11.45,0.1,+0.88%,0
"2024-04-24 11:43",11.44,11.71,11.44,11.71,0.26,+2.27%,0
"2024-04-24 11:44",11.75,11.98,11.75,11.9,0.19,+1.62%,0
"2024-04-24 11:45",12.01,12.46,12.01,12.18,0.28,+2.35%,0
"2024-04-24 11:46",12.07,12.24,11.99,12.24,0.06,+0.49%,0
"2024-04-24 11:47",12.2,12.2,12.19,12.2,-0.04,-0.33%,0
"2024-04-24 11:48",12.17,12.17,11.94,11.94,-0.26,-2.13%,0
"2024-04-24 11:49",12,12,11.91,11.97,0.03,+0.25%,0
"2024-04-24 11:50",11.98,12.12,11.98,12.12,0.15,+1.25%,0
"2024-04-24 11:51",12.15,12.2,12.15,12.2,0.08,+0.66%,0
"2024-04-24 11:52",12.19,12.23,12.17,12.21,0.01,+0.08%,0
"2024-04-24 11:53",12.19,12.2,12.18,12.18,-0.03,-0.25%,0
"2024-04-24 11:54",12.19,12.24,12.17,12.17,-0.01,-0.08%,0
"2024-04-24 11:55",12.13,12.2,12.13,12.2,0.03,+0.25%,0
"2024-04-24 11:56",12.19,12.34,12.19,12.29,0.09,+0.74%,0
"2024-04-24 11:57",12.31,12.36,12.31,12.31,0.02,+0.16%,0
"2024-04-24 11:58",12.31,12.31,12.22,12.22,-0.09,-0.73%,0
"2024-04-24 11:59",12.23,12.26,12.22,12.26,0.04,+0.33%,0
"2024-04-24 12:00",12.28,12.28,12.22,12.22,-0.04,-0.33%,0
"2024-04-24 12:01",12.12,12.12,11.99,12.1,-0.12,-0.98%,0
"2024-04-24 12:02",12.1,12.24,12.1,12.2,0.1,+0.83%,0
"2024-04-24 12:03",12.19,12.19,12.13,12.13,-0.07,-0.57%,0
"2024-04-24 12:04",12.03,12.03,11.97,11.97,-0.16,-1.32%,0
"2024-04-24 12:05",11.99,12.08,11.99,12.08,0.11,+0.92%,0
"2024-04-24 12:06",12.1,12.24,12.1,12.21,0.13,+1.08%,0
"2024-04-24 12:07",12.23,12.35,12.23,12.29,0.08,+0.66%,0
"2024-04-24 12:08",12.3,12.31,12.29,12.29,0,0.00%,0
"2024-04-24 12:09",12.3,12.35,12.3,12.35,0.06,+0.49%,0
"2024-04-24 12:10",12.35,12.44,12.35,12.44,0.09,+0.73%,0
"2024-04-24 12:11",12.46,12.48,12.46,12.47,0.03,+0.24%,0
"2024-04-24 12:12",12.39,12.46,12.39,12.45,-0.02,-0.16%,0
"2024-04-24 12:13",12.46,12.51,12.45,12.45,0,0.00%,0
"2024-04-24 12:14",12.46,12.52,12.46,12.5,0.05,+0.40%,0
"2024-04-24 12:15",12.47,12.47,12.39,12.46,-0.04,-0.32%,0
"2024-04-24 12:16",12.46,12.47,12.35,12.35,-0.11,-0.88%,0
"2024-04-24 12:17",12.36,12.4,12.36,12.38,0.03,+0.24%,0
"2024-04-24 12:18",12.39,12.39,12.35,12.35,-0.03,-0.24%,0
"2024-04-24 12:19",12.36,12.38,12.36,12.36,0.01,+0.08%,0
"2024-04-24 12:20",12.36,12.38,12.32,12.32,-0.04,-0.32%,0
"2024-04-24 12:21",12.29,12.37,12.29,12.36,0.04,+0.32%,0
"2024-04-24 12:22",12.35,12.41,12.35,12.36,0,0.00%,0
"2024-04-24 12:23",12.38,12.5,12.38,12.5,0.14,+1.13%,0
"2024-04-24 12:24",12.49,12.54,12.49,12.5,0,0.00%,0
"2024-04-24 12:25",12.48,12.48,12.45,12.47,-0.03,-0.24%,0
"2024-04-24 12:26",12.48,12.49,12.47,12.49,0.02,+0.16%,0
"2024-04-24 12:27",12.46,12.48,12.44,12.44,-0.05,-0.40%,0
"2024-04-24 12:28",12.46,12.49,12.46,12.46,0.02,+0.16%,0
"2024-04-24 12:29",12.48,12.51,12.42,12.43,-0.03,-0.24%,0
"2024-04-24 12:30",12.43,12.59,12.43,12.59,0.16,+1.29%,0
"2024-04-24 12:31",12.63,12.75,12.63,12.72,0.13,+1.03%,0
"2024-04-24 12:32",12.72,12.82,12.72,12.82,0.1,+0.79%,0
"2024-04-24 12:33",12.81,12.81,12.65,12.65,-0.17,-1.33%,0
"2024-04-24 12:34",12.66,12.77,12.66,12.77,0.12,+0.95%,0
"2024-04-24 12:35",12.76,12.82,12.72,12.82,0.05,+0.39%,0
"2024-04-24 12:36",12.79,12.83,12.79,12.83,0.01,+0.08%,0
"2024-04-24 12:37",12.83,12.87,12.83,12.85,0.02,+0.16%,0
"2024-04-24 12:38",12.83,12.84,12.79,12.79,-0.06,-0.47%,0
"2024-04-24 12:39",12.77,12.79,12.77,12.79,0,0.00%,0
"2024-04-24 12:40",12.8,12.82,12.8,12.8,0.01,+0.08%,0
"2024-04-24 12:41",12.81,12.84,12.81,12.84,0.04,+0.31%,0
"2024-04-24 12:42",12.84,12.9,12.84,12.9,0.06,+0.47%,0
"2024-04-24 12:43",12.9,12.93,12.89,12.89,-0.01,-0.08%,0
"2024-04-24 12:44",12.91,12.96,12.91,12.95,0.06,+0.47%,0
"2024-04-24 12:45",12.92,12.95,12.91,12.95,0,0.00%,0
"2024-04-24 12:46",12.98,12.99,12.97,12.99,0.04,+0.31%,0
"2024-04-24 12:47",13,13.01,12.94,12.95,-0.04,-0.31%,0
"2024-04-24 12:48",12.96,13.01,12.96,13.01,0.06,+0.46%,0
"2024-04-24 12:49",12.99,12.99,12.94,12.95,-0.06,-0.46%,0
"2024-04-24 12:50",12.97,13.01,12.97,12.98,0.03,+0.23%,0
"2024-04-24 12:51",12.94,12.97,12.94,12.97,-0.01,-0.08%,0
"2024-04-24 12:52",12.96,12.96,12.81,12.81,-0.16,-1.23%,0
"2024-04-24 12:53",12.79,12.81,12.79,12.81,0,0.00%,0
"2024-04-24 12:54",12.81,12.83,12.81,12.83,0.02,+0.16%,0
"2024-04-24 12:55",12.83,12.85,12.83,12.85,0.02,+0.16%,0
"2024-04-24 12:56",12.89,12.89,12.88,12.88,0.03,+0.23%,0
"2024-04-24 12:57",12.88,12.89,12.83,12.83,-0.05,-0.39%,0
"2024-04-24 12:58",12.79,12.83,12.79,12.83,0,0.00%,0
"2024-04-24 12:59",12.82,12.85,12.82,12.82,-0.01,-0.08%,0
"2024-04-24 13:00",12.81,12.83,12.8,12.8,-0.02,-0.16%,0
"2024-04-24 13:01",12.8,12.83,12.79,12.79,-0.01,-0.08%,0
"2024-04-24 13:02",12.84,12.84,12.6,12.6,-0.19,-1.49%,0
"2024-04-24 13:03",12.57,12.62,12.57,12.57,-0.03,-0.24%,0
"2024-04-24 13:04",12.57,12.58,12.55,12.56,-0.01,-0.08%,0
"2024-04-24 13:05",12.54,12.54,12.45,12.45,-0.11,-0.88%,0
"2024-04-24 13:06",12.46,12.49,12.45,12.45,0,0.00%,0
"2024-04-24 13:07",12.42,12.43,12.37,12.37,-0.08,-0.64%,0
"2024-04-24 13:08",12.36,12.39,12.36,12.39,0.02,+0.16%,0
"2024-04-24 13:09",12.39,12.46,12.39,12.46,0.07,+0.56%,0
"2024-04-24 13:10",12.44,12.44,12.42,12.42,-0.04,-0.32%,0
"2024-04-24 13:11",12.41,12.43,12.41,12.41,-0.01,-0.08%,0
"2024-04-24 13:12",12.4,12.42,12.39,12.39,-0.02,-0.16%,0
"2024-04-24 13:13",12.39,12.39,12.34,12.34,-0.05,-0.40%,0
"2024-04-24 13:14",12.34,12.4,12.34,12.39,0.05,+0.41%,0
"2024-04-24 13:15",12.39,12.41,12.39,12.4,0.01,+0.08%,0
"2024-04-24 13:16",12.41,12.43,12.37,12.37,-0.03,-0.24%,0
"2024-04-24 13:17",12.35,12.38,12.35,12.38,0.01,+0.08%,0
"2024-04-24 13:18",12.38,12.39,12.36,12.36,-0.02,-0.16%,0
"2024-04-24 13:19",12.35,12.36,12.34,12.34,-0.02,-0.16%,0
"2024-04-24 13:20",12.33,12.36,12.33,12.35,0.01,+0.08%,0
"2024-04-24 13:21",12.34,12.36,12.34,12.36,0.01,+0.08%,0
"2024-04-24 13:22",12.36,12.37,12.34,12.34,-0.02,-0.16%,0
"2024-04-24 13:23",12.33,12.35,12.33,12.35,0.01,+0.08%,0
"2024-04-24 13:24",12.36,12.37,12.36,12.36,0.01,+0.08%,0
"2024-04-24 13:25",12.32,12.35,12.32,12.35,-0.01,-0.08%,0
"2024-04-24 13:26",12.36,12.37,12.36,12.36,0.01,+0.08%,0
"2024-04-24 13:27",12.34,12.37,12.34,12.36,0,0.00%,0
"2024-04-24 13:28",12.35,12.36,12.31,12.31,-0.05,-0.40%,0
"2024-04-24 13:29",12.3,12.32,12.3,12.3,-0.01,-0.08%,0
"2024-04-24 13:30",12.3,12.37,12.3,12.37,0.07,+0.57%,0
"2024-04-24 13:31",12.34,12.39,12.34,12.39,0.02,+0.16%,0
"2024-04-24 13:32",12.41,12.43,12.37,12.37,-0.02,-0.16%,0
"2024-04-24 13:33",12.35,12.4,12.35,12.4,0.03,+0.24%,0
"2024-04-24 13:34",12.38,12.39,12.38,12.39,-0.01,-0.08%,0
"2024-04-24 13:35",12.38,12.42,12.38,12.42,0.03,+0.24%,0
"2024-04-24 13:36",12.42,12.43,12.42,12.42,0,0.00%,0
"2024-04-24 13:37",12.41,12.42,12.41,12.41,-0.01,-0.08%,0
"2024-04-24 13:38",12.41,12.44,12.41,12.42,0.01,+0.08%,0
"2024-04-24 13:39",12.36,12.39,12.36,12.39,-0.03,-0.24%,0
"2024-04-24 13:40",12.39,12.41,12.39,12.41,0.02,+0.16%,0
"2024-04-24 13:41",12.41,12.41,12.37,12.37,-0.04,-0.32%,0
"2024-04-24 13:42",12.35,12.35,12.33,12.33,-0.04,-0.32%,0
"2024-04-24 13:43",12.32,12.33,12.31,12.31,-0.02,-0.16%,0
"2024-04-24 13:44",12.31,12.34,12.31,12.32,0.01,+0.08%,0
"2024-04-24 13:45",12.32,12.32,12.3,12.3,-0.02,-0.16%,0
"2024-04-24 13:46",12.29,12.31,12.29,12.31,0.01,+0.08%,0
"2024-04-24 13:47",12.31,12.33,12.3,12.3,-0.01,-0.08%,0
"2024-04-24 13:48",12.3,12.34,12.3,12.34,0.04,+0.33%,0
"2024-04-24 13:49",12.33,12.37,12.33,12.37,0.03,+0.24%,0
"2024-04-24 13:50",12.38,12.41,12.38,12.39,0.02,+0.16%,0
"2024-04-24 13:51",12.39,12.39,12.33,12.33,-0.06,-0.48%,0
"2024-04-24 13:52",12.32,12.33,12.31,12.31,-0.02,-0.16%,0
"2024-04-24 13:53",12.31,12.35,12.31,12.32,0.01,+0.08%,0
"2024-04-24 13:54",12.34,12.35,12.34,12.34,0.02,+0.16%,0
"2024-04-24 13:55",12.35,12.37,12.35,12.37,0.03,+0.24%,0
"2024-04-24 13:56",12.39,12.41,12.38,12.38,0.01,+0.08%,0
"2024-04-24 13:57",12.38,12.4,12.38,12.4,0.02,+0.16%,0
"2024-04-24 13:58",12.41,12.41,12.39,12.4,0,0.00%,0
"2024-04-24 13:59",12.39,12.43,12.39,12.43,0.03,+0.24%,0
"2024-04-24 14:00",12.43,12.45,12.41,12.45,0.02,+0.16%,0
"2024-04-24 14:01",12.45,12.48,12.43,12.47,0.02,+0.16%,0
"2024-04-24 14:02",12.46,12.49,12.46,12.49,0.02,+0.16%,0
"2024-04-24 14:03",12.48,12.51,12.48,12.5,0.01,+0.08%,0
"2024-04-24 14:04",12.5,12.51,12.5,12.51,0.01,+0.08%,0
"2024-04-24 14:05",12.5,12.61,12.5,12.61,0.1,+0.80%,0
"2024-04-24 14:06",12.63,12.64,12.62,12.62,0.01,+0.08%,0
"2024-04-24 14:07",12.63,12.8,12.63,12.75,0.13,+1.03%,0
"2024-04-24 14:08",12.79,12.79,12.61,12.61,-0.14,-1.10%,0
"2024-04-24 14:09",12.61,12.61,12.58,12.6,-0.01,-0.08%,0
"2024-04-24 14:10",12.62,12.68,12.62,12.68,0.08,+0.63%,0
"2024-04-24 14:11",12.67,12.7,12.65,12.65,-0.03,-0.24%,0
"2024-04-24 14:12",12.63,12.7,12.63,12.7,0.05,+0.40%,0
"2024-04-24 14:13",12.68,12.8,12.68,12.8,0.1,+0.79%,0
"2024-04-24 14:14",12.78,12.98,12.78,12.98,0.18,+1.41%,0
"2024-04-24 14:15",13.01,13.2,12.99,12.99,0.01,+0.08%,0
"2024-04-24 14:16",12.86,12.88,12.85,12.87,-0.12,-0.92%,0
"2024-04-24 14:17",12.84,12.97,12.83,12.97,0.1,+0.78%,0
"2024-04-24 14:18",13,13,12.93,12.96,-0.01,-0.08%,0
"2024-04-24 14:19",12.88,12.92,12.88,12.92,-0.04,-0.31%,0
"2024-04-24 14:20",12.89,12.95,12.89,12.95,0.03,+0.23%,0
"2024-04-24 14:21",12.94,12.94,12.86,12.86,-0.09,-0.69%,0
"2024-04-24 14:22",12.84,12.9,12.84,12.88,0.02,+0.16%,0
"2024-04-24 14:23",12.87,12.93,12.87,12.9,0.02,+0.16%,0
"2024-04-24 14:24",12.86,12.88,12.85,12.85,-0.05,-0.39%,0
"2024-04-24 14:25",12.85,12.88,12.85,12.88,0.03,+0.23%,0
"2024-04-24 14:26",12.86,12.88,12.84,12.84,-0.04,-0.31%,0
"2024-04-24 14:27",12.83,12.87,12.83,12.86,0.02,+0.16%,0
"2024-04-24 14:28",12.86,12.97,12.86,12.97,0.11,+0.86%,0
"2024-04-24 14:29",13,13.01,12.96,13.01,0.04,+0.31%,0
"2024-04-24 14:30",13,13.05,13,13.04,0.03,+0.23%,0
"2024-04-24 14:31",13.03,13.12,12.98,13.12,0.08,+0.61%,0
"2024-04-24 14:32",13.09,13.21,13.09,13.21,0.09,+0.69%,0
"2024-04-24 14:33",13.24,13.24,13,13,-0.21,-1.59%,0
"2024-04-24 14:34",13.1,13.19,13.1,13.17,0.17,+1.31%,0
"2024-04-24 14:35",13.09,13.11,13.09,13.11,-0.06,-0.46%,0
"2024-04-24 14:36",13.09,13.11,13.09,13.09,-0.02,-0.15%,0
"2024-04-24 14:37",13.11,13.11,13.02,13.02,-0.07,-0.53%,0
"2024-04-24 14:38",13.01,13.08,13.01,13.07,0.05,+0.38%,0
"2024-04-24 14:39",13.07,13.07,12.99,12.99,-0.08,-0.61%,0
"2024-04-24 14:40",13,13.02,13,13.02,0.03,+0.23%,0
"2024-04-24 14:41",13,13.04,13,13.02,0,0.00%,0
"2024-04-24 14:42",13.03,13.05,13.03,13.03,0.01,+0.08%,0
"2024-04-24 14:43",12.96,13.03,12.95,12.99,-0.04,-0.31%,0
"2024-04-24 14:44",12.97,13,12.92,12.92,-0.07,-0.54%,0
"2024-04-24 14:45",12.93,12.93,12.91,12.92,0,0.00%,0
"2024-04-24 14:46",12.91,12.93,12.9,12.9,-0.02,-0.15%,0
"2024-04-24 14:47",12.91,12.97,12.91,12.91,0.01,+0.08%,0
"2024-04-24 14:48",12.9,12.96,12.9,12.96,0.05,+0.39%,0
"2024-04-24 14:49",12.96,13.05,12.96,13.05,0.09,+0.69%,0
"2024-04-24 14:50",13.03,13.13,13.03,13.13,0.08,+0.61%,0
"2024-04-24 14:51",13.11,13.18,13.1,13.18,0.05,+0.38%,0
"2024-04-24 14:52",13.07,13.12,13.07,13.12,-0.06,-0.46%,0
"2024-04-24 14:53",13.16,13.42,13.16,13.42,0.3,+2.29%,0
"2024-04-24 14:54",13.43,13.43,13.33,13.35,-0.07,-0.52%,0
"2024-04-24 14:55",13.36,13.36,13.31,13.35,0,0.00%,0
"2024-04-24 14:56",13.39,13.46,13.39,13.45,0.1,+0.75%,0
"2024-04-24 14:57",13.34,13.34,13.29,13.29,-0.16,-1.19%,0
"2024-04-24 14:58",13.28,13.28,13.22,13.24,-0.05,-0.38%,0
"2024-04-24 14:59",13.24,13.37,13.24,13.37,0.13,+0.98%,0
"2024-04-24 15:00",13.44,13.49,13.44,13.45,0.08,+0.60%,0
"2024-04-24 15:01",13.46,13.47,13.46,13.47,0.02,+0.15%,0
"2024-04-24 15:02",13.44,13.44,13.37,13.37,-0.1,-0.74%,0
"2024-04-24 15:03",13.35,13.4,13.35,13.4,0.03,+0.22%,0
"2024-04-24 15:04",13.33,13.38,13.33,13.38,-0.02,-0.15%,0
"2024-04-24 15:05",13.38,13.38,13.32,13.32,-0.06,-0.45%,0
"2024-04-24 15:06",13.31,13.34,13.31,13.34,0.02,+0.15%,0
"2024-04-24 15:07",13.33,13.33,13.28,13.28,-0.06,-0.45%,0
"2024-04-24 15:08",13.28,13.3,13.2,13.2,-0.08,-0.60%,0
"2024-04-24 15:09",13.19,13.29,13.19,13.29,0.09,+0.68%,0
"2024-04-24 15:10",13.28,13.28,13.16,13.16,-0.13,-0.98%,0
"2024-04-24 15:11",13.18,13.19,13.16,13.16,0,0.00%,0
"2024-04-24 15:12",13.18,13.22,13.17,13.17,0.01,+0.08%,0
"2024-04-24 15:13",13.13,13.17,13.13,13.17,0,0.00%,0
"2024-04-24 15:14",13.12,13.13,12.99,12.99,-0.18,-1.37%,0
"2024-04-24 15:15",12.99,13.02,12.95,12.96,-0.03,-0.23%,0
"2024-04-24 15:16",12.96,12.98,12.95,12.95,-0.01,-0.08%,0
"2024-04-24 15:17",12.94,12.97,12.94,12.94,-0.01,-0.08%,0
"2024-04-24 15:18",12.95,12.99,12.95,12.99,0.05,+0.39%,0
"2024-04-24 15:19",12.99,12.99,12.96,12.96,-0.03,-0.23%,0
"2024-04-24 15:20",12.99,13,12.98,13,0.04,+0.31%,0
"2024-04-24 15:21",12.96,13.09,12.96,13.09,0.09,+0.69%,0
"2024-04-24 15:22",13.11,13.11,12.98,12.98,-0.11,-0.84%,0
"2024-04-24 15:23",12.97,12.97,12.86,12.88,-0.1,-0.77%,0
"2024-04-24 15:24",12.85,12.9,12.85,12.9,0.02,+0.16%,0
"2024-04-24 15:25",12.9,12.93,12.84,12.84,-0.06,-0.47%,0
"2024-04-24 15:26",12.91,12.91,12.86,12.86,0.02,+0.16%,0
"2024-04-24 15:27",12.85,12.87,12.84,12.84,-0.02,-0.16%,0
"2024-04-24 15:28",12.87,12.9,12.87,12.9,0.06,+0.47%,0
"2024-04-24 15:29",12.92,12.96,12.92,12.92,0.02,+0.16%,0
"2024-04-24 15:30",12.92,12.95,12.92,12.94,0.02,+0.15%,0
"2024-04-24 15:31",12.95,12.95,12.92,12.94,0,0.00%,0
"2024-04-24 15:32",12.93,12.96,12.93,12.96,0.02,+0.15%,0
"2024-04-24 15:33",12.96,13.09,12.96,13.09,0.13,+1.00%,0
"2024-04-24 15:34",13.09,13.15,13.09,13.12,0.03,+0.23%,0
"2024-04-24 15:35",13.14,13.27,13.14,13.27,0.15,+1.14%,0
"2024-04-24 15:36",13.18,13.2,13.16,13.16,-0.11,-0.83%,0
"2024-04-24 15:37",13.18,13.2,13.18,13.2,0.04,+0.30%,0
"2024-04-24 15:38",13.22,13.23,13.1,13.1,-0.1,-0.76%,0
"2024-04-24 15:39",13.13,13.2,13.1,13.1,0,0.00%,0
"2024-04-24 15:40",13.09,13.09,13.03,13.03,-0.07,-0.53%,0
"2024-04-24 15:41",13.03,13.03,12.98,12.98,-0.05,-0.38%,0
"2024-04-24 15:42",13.03,13.07,13.03,13.07,0.09,+0.69%,0
"2024-04-24 15:43",13.11,13.18,13.11,13.18,0.11,+0.84%,0
"2024-04-24 15:44",13.18,13.22,13.12,13.22,0.04,+0.30%,0
"2024-04-24 15:45",13.23,13.24,13.18,13.23,0.01,+0.08%,0
"2024-04-24 15:46",13.22,13.22,13.18,13.18,-0.05,-0.38%,0
"2024-04-24 15:47",13.2,13.23,13.2,13.22,0.04,+0.30%,0
"2024-04-24 15:48",13.22,13.22,13.19,13.19,-0.03,-0.23%,0
"2024-04-24 15:49",13.19,13.2,13.19,13.2,0.01,+0.08%,0
"2024-04-24 15:50",13.23,13.25,13.16,13.16,-0.04,-0.30%,0
"2024-04-24 15:51",13.2,13.24,13.2,13.22,0.06,+0.46%,0
"2024-04-24 15:52",13.22,13.24,13.21,13.21,-0.01,-0.08%,0
"2024-04-24 15:53",13.2,13.24,13.2,13.21,0,0.00%,0
"2024-04-24 15:54",13.21,13.21,13.2,13.2,-0.01,-0.08%,0
"2024-04-24 15:55",13.27,13.27,13.17,13.19,-0.01,-0.08%,0
"2024-04-24 15:56",13.18,13.2,13.16,13.19,0,0.00%,0
"2024-04-24 15:57",13.18,13.18,13.1,13.1,-0.09,-0.68%,0
"2024-04-24 15:58",13.08,13.08,13.03,13.03,-0.07,-0.53%,0
"2024-04-24 15:59",13.05,13.1,13.05,13.06,0.03,+0.23%,0
"2024-04-24 16:00",13.05,13.13,13.05,13.07,0.01,+0.08%,0
"2024-04-24 16:01",13.06,13.06,12.99,13.02,-0.05,-0.38%,0
"2024-04-24 16:02",13.05,13.3,13.05,13.3,0.28,+2.15%,0
"2024-04-24 16:03",13.31,13.35,13.31,13.35,0.05,+0.38%,0
"2024-04-24 16:04",13.33,13.4,13.33,13.4,0.05,+0.37%,0
"2024-04-24 16:05",13.28,13.88,13.28,13.81,0.41,+3.06%,0
"2024-04-24 16:06",13.74,13.74,13.43,13.43,-0.38,-2.75%,0
"2024-04-24 16:07",13.36,13.48,13.36,13.48,0.05,+0.37%,0
"2024-04-24 16:08",13.51,13.51,13.39,13.39,-0.09,-0.67%,0
"2024-04-24 16:09",13.36,13.36,13.26,13.26,-0.13,-0.97%,0
"2024-04-24 16:10",13.22,13.29,13.22,13.29,0.03,+0.23%,0
"2024-04-24 16:11",13.21,13.21,13.14,13.17,-0.12,-0.90%,0
"2024-04-24 16:12",13.17,13.19,13.15,13.19,0.02,+0.15%,0
"2024-04-24 16:13",13.19,13.19,13.15,13.15,-0.04,-0.30%,0
"2024-04-24 16:14",13.22,13.33,13.22,13.33,0.18,+1.37%,0
"2024-04-24 16:15",13.32,13.32,13.32,13.32,-0.01,-0.08%,0
"2024-04-25 09:31",12.18,12.28,12.17,12.28,-1.04,-7.81%,0
"2024-04-25 09:32",12.29,12.5,12.29,12.5,0.22,+1.79%,0
"2024-04-25 09:33",12.51,12.68,12.51,12.68,0.18,+1.44%,0
"2024-04-25 09:34",12.67,12.7,12.65,12.7,0.02,+0.16%,0
"2024-04-25 09:35",12.77,12.87,12.52,12.52,-0.18,-1.42%,0
"2024-04-25 09:36",12.47,12.76,12.47,12.76,0.24,+1.92%,0
"2024-04-25 09:37",12.84,12.84,12.62,12.66,-0.1,-0.78%,0
"2024-04-25 09:38",12.71,12.73,12.56,12.58,-0.08,-0.63%,0
"2024-04-25 09:39",12.57,12.68,12.48,12.48,-0.1,-0.79%,0
"2024-04-25 09:40",12.57,12.69,12.57,12.66,0.18,+1.44%,0
"2024-04-25 09:41",12.66,12.66,12.57,12.63,-0.03,-0.24%,0
"2024-04-25 09:42",12.61,12.61,12.5,12.51,-0.12,-0.95%,0
"2024-04-25 09:43",12.29,12.42,12.29,12.39,-0.12,-0.96%,0
"2024-04-25 09:44",12.42,12.52,12.42,12.47,0.08,+0.65%,0
"2024-04-25 09:45",12.49,12.56,12.49,12.54,0.07,+0.56%,0
"2024-04-25 09:46",12.53,12.57,12.53,12.57,0.03,+0.24%,0
"2024-04-25 09:47",12.56,12.62,12.56,12.6,0.03,+0.24%,0
"2024-04-25 09:48",12.6,12.7,12.6,12.7,0.1,+0.79%,0
"2024-04-25 09:49",12.75,12.81,12.75,12.78,0.08,+0.63%,0
"2024-04-25 09:50",12.83,12.86,12.8,12.8,0.02,+0.16%,0
"2024-04-25 09:51",12.8,12.9,12.8,12.84,0.04,+0.31%,0
"2024-04-25 09:52",12.94,13.1,12.94,13.01,0.17,+1.32%,0
"2024-04-25 09:53",13.04,13.11,13.02,13.03,0.02,+0.15%,0
"2024-04-25 09:54",13.03,13.1,13.03,13.1,0.07,+0.54%,0
"2024-04-25 09:55",13.08,13.12,13.06,13.06,-0.04,-0.31%,0
"2024-04-25 09:56",13.04,13.13,13.04,13.13,0.07,+0.54%,0
"2024-04-25 09:57",13.1,13.16,13.02,13.02,-0.11,-0.84%,0
"2024-04-25 09:58",12.99,13.03,12.88,12.88,-0.14,-1.08%,0
"2024-04-25 09:59",12.88,12.95,12.88,12.95,0.07,+0.54%,0
"2024-04-25 10:00",12.99,13.13,12.99,13.13,0.18,+1.39%,0
"2024-04-25 10:01",13.15,13.26,13.15,13.26,0.13,+0.99%,0
"2024-04-25 10:02",13.19,13.27,13.19,13.26,0,0.00%,0
"2024-04-25 10:03",13.25,13.32,13.25,13.32,0.06,+0.45%,0
"2024-04-25 10:04",13.28,13.28,13.09,13.09,-0.23,-1.73%,0
"2024-04-25 10:05",13.12,13.12,13.03,13.07,-0.02,-0.15%,0
"2024-04-25 10:06",13.14,13.23,13.14,13.23,0.16,+1.22%,0
"2024-04-25 10:07",13.17,13.24,13.17,13.22,-0.01,-0.08%,0
"2024-04-25 10:08",13.21,13.26,13.21,13.25,0.03,+0.23%,0
"2024-04-25 10:09",13.26,13.33,13.26,13.33,0.08,+0.60%,0
"2024-04-25 10:10",13.33,13.39,13.33,13.36,0.03,+0.23%,0
"2024-04-25 10:11",13.33,13.33,13.17,13.17,-0.19,-1.42%,0
"2024-04-25 10:12",13.19,13.19,13.14,13.14,-0.03,-0.23%,0
"2024-04-25 10:13",13.1,13.1,13.03,13.03,-0.11,-0.84%,0
"2024-04-25 10:14",13.03,13.06,13.01,13.01,-0.02,-0.15%,0
"2024-04-25 10:15",13.03,13.04,12.99,12.99,-0.02,-0.15%,0
"2024-04-25 10:16",13.01,13.04,13.01,13.01,0.02,+0.15%,0
"2024-04-25 10:17",13.02,13.05,13.02,13.04,0.03,+0.23%,0
"2024-04-25 10:18",13.04,13.04,12.98,13.03,-0.01,-0.08%,0
"2024-04-25 10:19",13.09,13.09,13.02,13.02,-0.01,-0.08%,0
"2024-04-25 10:20",12.99,13.03,12.99,13.03,0.01,+0.08%,0
"2024-04-25 10:21",13.04,13.08,13.04,13.08,0.05,+0.38%,0
"2024-04-25 10:22",13.09,13.1,13.08,13.09,0.01,+0.08%,0
"2024-04-25 10:23",13.06,13.13,13.06,13.11,0.02,+0.15%,0
"2024-04-25 10:24",13.12,13.15,13.09,13.09,-0.02,-0.15%,0
"2024-04-25 10:25",13.06,13.08,13.06,13.08,-0.01,-0.08%,0
"2024-04-25 10:26",13.08,13.11,13.08,13.08,0,0.00%,0
"2024-04-25 10:27",13.09,13.09,13.07,13.09,0.01,+0.08%,0
"2024-04-25 10:28",13.08,13.1,13.06,13.07,-0.02,-0.15%,0
"2024-04-25 10:29",13.06,13.08,13.06,13.06,-0.01,-0.08%,0
"2024-04-25 10:30",13.04,13.06,13.04,13.04,-0.02,-0.15%,0
"2024-04-25 10:31",13.02,13.02,12.98,12.98,-0.06,-0.46%,0
"2024-04-25 10:32",12.99,13.01,12.99,12.99,0.01,+0.08%,0
"2024-04-25 10:33",12.99,13.07,12.99,13.07,0.08,+0.62%,0
"2024-04-25 10:34",13.14,13.36,13.14,13.36,0.29,+2.22%,0
"2024-04-25 10:35",13.3,13.3,13.2,13.21,-0.15,-1.12%,0
"2024-04-25 10:36",13.2,13.2,13.15,13.18,-0.03,-0.23%,0
"2024-04-25 10:37",13.22,13.29,13.22,13.29,0.11,+0.83%,0
"2024-04-25 10:38",13.3,13.3,13.26,13.28,-0.01,-0.08%,0
"2024-04-25 10:39",13.27,13.27,13.21,13.21,-0.07,-0.53%,0
"2024-04-25 10:40",13.23,13.32,13.23,13.32,0.11,+0.83%,0
"2024-04-25 10:41",13.32,13.41,13.32,13.4,0.08,+0.60%,0
"2024-04-25 10:42",13.42,13.51,13.42,13.5,0.1,+0.75%,0
"2024-04-25 10:43",13.44,13.44,13.32,13.35,-0.15,-1.11%,0
"2024-04-25 10:44",13.36,13.38,13.34,13.34,-0.01,-0.07%,0
"2024-04-25 10:45",13.36,13.38,13.35,13.36,0.02,+0.15%,0
"2024-04-25 10:46",13.36,13.4,13.36,13.38,0.02,+0.15%,0
"2024-04-25 10:47",13.42,13.42,13.37,13.37,-0.01,-0.07%,0
"2024-04-25 10:48",13.37,13.41,13.37,13.39,0.02,+0.15%,0
"2024-04-25 10:49",13.4,13.45,13.4,13.45,0.06,+0.45%,0
"2024-04-25 10:50",13.44,13.44,13.39,13.39,-0.06,-0.45%,0
"2024-04-25 10:51",13.39,13.5,13.39,13.49,0.1,+0.75%,0
"2024-04-25 10:52",13.46,13.58,13.46,13.58,0.09,+0.67%,0
"2024-04-25 10:53",13.64,13.68,13.64,13.67,0.09,+0.66%,0
"2024-04-25 10:54",13.65,13.7,13.65,13.69,0.02,+0.15%,0
"2024-04-25 10:55",13.69,13.75,13.69,13.75,0.06,+0.44%,0
"2024-04-25 10:56",13.73,13.76,13.72,13.72,-0.03,-0.22%,0
"2024-04-25 10:57",13.71,13.77,13.71,13.77,0.05,+0.36%,0
"2024-04-25 10:58",13.77,13.77,13.71,13.71,-0.06,-0.44%,0
"2024-04-25 10:59",13.71,13.76,13.71,13.72,0.01,+0.07%,0
"2024-04-25 11:00",13.72,13.75,13.68,13.68,-0.04,-0.29%,0
"2024-04-25 11:01",13.64,13.72,13.64,13.72,0.04,+0.29%,0
"2024-04-25 11:02",13.72,13.72,13.69,13.7,-0.02,-0.15%,0
"2024-04-25 11:03",13.68,13.71,13.68,13.71,0.01,+0.07%,0
"2024-04-25 11:04",13.72,13.74,13.72,13.74,0.03,+0.22%,0
"2024-04-25 11:05",13.74,13.75,13.69,13.69,-0.05,-0.36%,0
"2024-04-25 11:06",13.7,13.7,13.68,13.7,0.01,+0.07%,0
"2024-04-25 11:07",13.7,13.71,13.69,13.69,-0.01,-0.07%,0
"2024-04-25 11:08",13.68,13.73,13.68,13.73,0.04,+0.29%,0
"2024-04-25 11:09",13.75,13.78,13.75,13.78,0.05,+0.36%,0
"2024-04-25 11:10",13.76,13.78,13.76,13.78,0,0.00%,0
"2024-04-25 11:11",13.78,13.78,13.74,13.75,-0.03,-0.22%,0
"2024-04-25 11:12",13.73,13.78,13.73,13.78,0.03,+0.22%,0
"2024-04-25 11:13",13.76,13.79,13.76,13.78,0,0.00%,0
"2024-04-25 11:14",13.8,13.91,13.8,13.85,0.07,+0.51%,0
"2024-04-25 11:15",13.81,13.84,13.81,13.84,-0.01,-0.07%,0
"2024-04-25 11:16",13.84,13.9,13.84,13.89,0.05,+0.36%,0
"2024-04-25 11:17",13.91,13.92,13.85,13.85,-0.04,-0.29%,0
"2024-04-25 11:18",13.86,13.9,13.86,13.9,0.05,+0.36%,0
"2024-04-25 11:19",13.88,13.9,13.85,13.85,-0.05,-0.36%,0
"2024-04-25 11:20",13.81,13.89,13.81,13.89,0.04,+0.29%,0
"2024-04-25 11:21",13.89,13.94,13.89,13.92,0.03,+0.22%,0
"2024-04-25 11:22",13.94,13.94,13.9,13.9,-0.02,-0.14%,0
"2024-04-25 11:23",13.88,13.92,13.86,13.86,-0.04,-0.29%,0
"2024-04-25 11:24",13.81,13.83,13.81,13.83,-0.03,-0.22%,0
"2024-04-25 11:25",13.85,13.9,13.85,13.89,0.06,+0.43%,0
"2024-04-25 11:26",13.88,13.88,13.86,13.86,-0.03,-0.22%,0
"2024-04-25 11:27",13.84,13.86,13.84,13.84,-0.02,-0.14%,0
"2024-04-25 11:28",13.82,13.83,13.76,13.76,-0.08,-0.58%,0
"2024-04-25 11:29",13.76,13.77,13.76,13.76,0,0.00%,0
"2024-04-25 11:30",13.77,13.78,13.76,13.76,0,0.00%,0
"2024-04-25 11:31",13.75,13.85,13.75,13.83,0.07,+0.51%,0
"2024-04-25 11:32",13.81,13.89,13.81,13.89,0.06,+0.43%,0
"2024-04-25 11:33",13.89,14.02,13.89,14.02,0.13,+0.94%,0
"2024-04-25 11:34",13.95,14,13.95,13.99,-0.03,-0.21%,0
"2024-04-25 11:35",13.93,13.94,13.93,13.94,-0.05,-0.36%,0
"2024-04-25 11:36",13.95,14,13.95,13.99,0.05,+0.36%,0
"2024-04-25 11:37",14,14.04,14,14.03,0.04,+0.29%,0
"2024-04-25 11:38",14.01,14.05,14.01,14.03,0,0.00%,0
"2024-04-25 11:39",14.04,14.06,14.04,14.06,0.03,+0.21%,0
"2024-04-25 11:40",14.06,14.06,14.05,14.05,-0.01,-0.07%,0
"2024-04-25 11:41",14.05,14.09,14.05,14.09,0.04,+0.28%,0
"2024-04-25 11:42",14.08,14.08,14.03,14.03,-0.06,-0.43%,0
"2024-04-25 11:43",14.05,14.1,14.05,14.1,0.07,+0.50%,0
"2024-04-25 11:44",14.11,14.15,14.11,14.15,0.05,+0.35%,0
"2024-04-25 11:45",14.15,14.19,14.15,14.19,0.04,+0.28%,0
"2024-04-25 11:46",14.2,14.22,14.2,14.22,0.03,+0.21%,0
"2024-04-25 11:47",14.24,14.26,14.24,14.24,0.02,+0.14%,0
"2024-04-25 11:48",14.23,14.31,14.23,14.31,0.07,+0.49%,0
"2024-04-25 11:49",14.29,14.3,14.25,14.25,-0.06,-0.42%,0
"2024-04-25 11:50",14.25,14.27,14.25,14.27,0.02,+0.14%,0
"2024-04-25 11:51",14.25,14.27,14.22,14.22,-0.05,-0.35%,0
"2024-04-25 11:52",14.2,14.27,14.2,14.27,0.05,+0.35%,0
"2024-04-25 11:53",14.27,14.3,14.27,14.28,0.01,+0.07%,0
"2024-04-25 11:54",14.26,14.26,14.24,14.25,-0.03,-0.21%,0
"2024-04-25 11:55",14.27,14.29,14.27,14.27,0.02,+0.14%,0
"2024-04-25 11:56",14.27,14.31,14.26,14.26,-0.01,-0.07%,0
"2024-04-25 11:57",14.25,14.28,14.25,14.28,0.02,+0.14%,0
"2024-04-25 11:58",14.28,14.28,14.2,14.2,-0.08,-0.56%,0
"2024-04-25 11:59",14.17,14.23,14.17,14.23,0.03,+0.21%,0
"2024-04-25 12:00",14.24,14.29,14.24,14.26,0.03,+0.21%,0
"2024-04-25 12:01",14.26,14.32,14.26,14.29,0.03,+0.21%,0
"2024-04-25 12:02",14.27,14.31,14.27,14.31,0.02,+0.14%,0
"2024-04-25 12:03",14.3,14.34,14.3,14.33,0.02,+0.14%,0
"2024-04-25 12:04",14.33,14.4,14.33,14.38,0.05,+0.35%,0
"2024-04-25 12:05",14.39,14.44,14.39,14.44,0.06,+0.42%,0
"2024-04-25 12:06",14.41,14.44,14.4,14.4,-0.04,-0.28%,0
"2024-04-25 12:07",14.44,14.49,14.44,14.49,0.09,+0.63%,0
"2024-04-25 12:08",14.49,14.53,14.49,14.53,0.04,+0.28%,0
"2024-04-25 12:09",14.53,14.62,14.53,14.6,0.07,+0.48%,0
"2024-04-25 12:10",14.57,14.7,14.57,14.7,0.1,+0.68%,0
"2024-04-25 12:11",14.71,14.8,14.71,14.74,0.04,+0.27%,0
"2024-04-25 12:12",14.68,14.75,14.68,14.75,0.01,+0.07%,0
"2024-04-25 12:13",14.75,14.8,14.75,14.8,0.05,+0.34%,0
"2024-04-25 12:14",14.84,14.84,14.83,14.83,0.03,+0.20%,0
"2024-04-25 12:15",14.83,14.84,14.83,14.84,0.01,+0.07%,0
"2024-04-25 12:16",14.84,14.86,14.84,14.84,0,0.00%,0
"2024-04-25 12:17",14.83,14.86,14.83,14.86,0.02,+0.13%,0
"2024-04-25 12:18",14.83,14.92,14.83,14.92,0.06,+0.40%,0
"2024-04-25 12:19",14.92,14.98,14.91,14.98,0.06,+0.40%,0
"2024-04-25 12:20",15.02,15.05,15.02,15.03,0.05,+0.33%,0
"2024-04-25 12:21",15.03,15.2,15.03,15.13,0.1,+0.67%,0
"2024-04-25 12:22",15.16,15.22,15.16,15.22,0.09,+0.59%,0
"2024-04-25 12:23",15.26,15.31,15.26,15.31,0.09,+0.59%,0
"2024-04-25 12:24",15.34,15.55,15.34,15.53,0.22,+1.44%,0
"2024-04-25 12:25",15.39,15.47,15.39,15.47,-0.06,-0.39%,0
"2024-04-25 12:26",15.47,15.51,15.47,15.47,0,0.00%,0
"2024-04-25 12:27",15.48,15.49,15.47,15.47,0,0.00%,0
"2024-04-25 12:28",15.43,15.47,15.43,15.47,0,0.00%,0
"2024-04-25 12:29",15.56,15.57,15.56,15.56,0.09,+0.58%,0
"2024-04-25 12:30",15.53,15.56,15.53,15.56,0,0.00%,0
"2024-04-25 12:31",15.54,15.57,15.5,15.5,-0.06,-0.39%,0
"2024-04-25 12:32",15.49,15.54,15.49,15.53,0.03,+0.19%,0
"2024-04-25 12:33",15.53,15.56,15.51,15.51,-0.02,-0.13%,0
"2024-04-25 12:34",15.51,15.54,15.51,15.52,0.01,+0.06%,0
"2024-04-25 12:35",15.51,15.54,15.51,15.53,0.01,+0.06%,0
"2024-04-25 12:36",15.52,15.55,15.52,15.54,0.01,+0.06%,0
"2024-04-25 12:37",15.58,15.66,15.58,15.66,0.12,+0.77%,0
"2024-04-25 12:38",15.66,15.71,15.66,15.68,0.02,+0.13%,0
"2024-04-25 12:39",15.65,15.65,15.61,15.61,-0.07,-0.45%,0
"2024-04-25 12:40",15.66,15.7,15.66,15.7,0.09,+0.58%,0
"2024-04-25 12:41",15.69,15.75,15.69,15.74,0.04,+0.25%,0
"2024-04-25 12:42",15.72,15.73,15.67,15.67,-0.07,-0.44%,0
"2024-04-25 12:43",15.63,15.63,15.6,15.6,-0.07,-0.45%,0
"2024-04-25 12:44",15.58,15.58,15.52,15.52,-0.08,-0.51%,0
"2024-04-25 12:45",15.54,15.56,15.54,15.56,0.04,+0.26%,0
"2024-04-25 12:46",15.56,15.56,15.54,15.55,-0.01,-0.06%,0
"2024-04-25 12:47",15.57,15.59,15.57,15.58,0.03,+0.19%,0
"2024-04-25 12:48",15.6,15.63,15.6,15.62,0.04,+0.26%,0
"2024-04-25 12:49",15.61,15.64,15.61,15.64,0.02,+0.13%,0
"2024-04-25 12:50",15.64,15.66,15.62,15.62,-0.02,-0.13%,0
"2024-04-25 12:51",15.62,15.68,15.62,15.68,0.06,+0.38%,0
"2024-04-25 12:52",15.68,15.69,15.68,15.68,0,0.00%,0
"2024-04-25 12:53",15.69,15.74,15.69,15.74,0.06,+0.38%,0
"2024-04-25 12:54",15.72,15.73,15.71,15.71,-0.03,-0.19%,0
"2024-04-25 12:55",15.7,15.75,15.7,15.75,0.04,+0.25%,0
"2024-04-25 12:56",15.83,15.88,15.83,15.88,0.13,+0.83%,0
"2024-04-25 12:57",15.9,15.95,15.9,15.95,0.07,+0.44%,0
"2024-04-25 12:58",15.96,16.02,15.87,15.87,-0.08,-0.50%,0
"2024-04-25 12:59",15.86,15.96,15.86,15.96,0.09,+0.57%,0
"2024-04-25 13:00",15.98,15.98,15.97,15.98,0.02,+0.13%,0
"2024-04-25 13:01",16,16.02,15.98,15.98,0,0.00%,0
"2024-04-25 13:02",15.99,15.99,15.9,15.9,-0.08,-0.50%,0
"2024-04-25 13:03",15.91,15.96,15.91,15.96,0.06,+0.38%,0
"2024-04-25 13:04",15.92,15.92,15.88,15.89,-0.07,-0.44%,0
"2024-04-25 13:05",15.88,15.93,15.87,15.87,-0.02,-0.13%,0
"2024-04-25 13:06",15.87,15.91,15.87,15.89,0.02,+0.13%,0
"2024-04-25 13:07",15.9,15.95,15.9,15.95,0.06,+0.38%,0
"2024-04-25 13:08",15.92,15.96,15.92,15.95,0,0.00%,0
"2024-04-25 13:09",15.93,15.99,15.93,15.99,0.04,+0.25%,0
"2024-04-25 13:10",15.99,16.04,15.99,16.01,0.02,+0.13%,0
"2024-04-25 13:11",16.06,16.07,16.05,16.05,0.04,+0.25%,0
"2024-04-25 13:12",16.04,16.04,15.93,15.93,-0.12,-0.75%,0
"2024-04-25 13:13",15.92,16.01,15.92,16.01,0.08,+0.50%,0
"2024-04-25 13:14",15.98,16.02,15.98,15.99,-0.02,-0.12%,0
"2024-04-25 13:15",16,16.02,16,16.01,0.02,+0.13%,0
"2024-04-25 13:16",16.02,16.03,16.02,16.02,0.01,+0.06%,0
"2024-04-25 13:17",16.02,16.06,16.02,16.06,0.04,+0.25%,0
"2024-04-25 13:18",16.04,16.06,16.04,16.06,0,0.00%,0
"2024-04-25 13:19",16.04,16.09,16.04,16.07,0.01,+0.06%,0
"2024-04-25 13:20",16.07,16.09,16.07,16.09,0.02,+0.12%,0
"2024-04-25 13:21",16.09,16.12,16.09,16.12,0.03,+0.19%,0
"2024-04-25 13:22",16.12,16.12,16.11,16.11,-0.01,-0.06%,0
"2024-04-25 13:23",16.1,16.15,16.1,16.15,0.04,+0.25%,0
"2024-04-25 13:24",16.21,16.21,16.18,16.2,0.05,+0.31%,0
"2024-04-25 13:25",16.18,16.2,16.17,16.17,-0.03,-0.19%,0
"2024-04-25 13:26",16.19,16.19,16.18,16.18,0.01,+0.06%,0
"2024-04-25 13:27",16.17,16.2,16.17,16.17,-0.01,-0.06%,0
"2024-04-25 13:28",16.17,16.21,16.17,16.21,0.04,+0.25%,0
"2024-04-25 13:29",16.19,16.21,16.18,16.18,-0.03,-0.19%,0
"2024-04-25 13:30",16.18,16.19,16.17,16.17,-0.01,-0.06%,0
"2024-04-25 13:31",16.15,16.2,16.15,16.2,0.03,+0.19%,0
"2024-04-25 13:32",16.18,16.21,16.18,16.2,0,0.00%,0
"2024-04-25 13:33",16.19,16.19,16.15,16.17,-0.03,-0.19%,0
"2024-04-25 13:34",16.17,16.18,16.16,16.18,0.01,+0.06%,0
"2024-04-25 13:35",16.16,16.18,16.16,16.16,-0.02,-0.12%,0
"2024-04-25 13:36",16.17,16.2,16.17,16.19,0.03,+0.19%,0
"2024-04-25 13:37",16.18,16.19,16.17,16.18,-0.01,-0.06%,0
"2024-04-25 13:38",16.16,16.27,16.16,16.27,0.09,+0.56%,0
"2024-04-25 13:39",16.25,16.4,16.24,16.4,0.13,+0.80%,0
"2024-04-25 13:40",16.44,16.44,16.28,16.32,-0.08,-0.49%,0
"2024-04-25 13:41",16.29,16.32,16.29,16.31,-0.01,-0.06%,0
"2024-04-25 13:42",16.31,16.35,16.3,16.3,-0.01,-0.06%,0
"2024-04-25 13:43",16.26,16.34,16.26,16.33,0.03,+0.18%,0
"2024-04-25 13:44",16.32,16.34,16.32,16.32,-0.01,-0.06%,0
"2024-04-25 13:45",16.32,16.36,16.32,16.36,0.04,+0.25%,0
"2024-04-25 13:46",16.34,16.39,16.34,16.36,0,0.00%,0
"2024-04-25 13:47",16.37,16.46,16.37,16.46,0.1,+0.61%,0
"2024-04-25 13:48",16.45,16.47,16.45,16.46,0,0.00%,0
"2024-04-25 13:49",16.48,16.64,16.48,16.59,0.13,+0.79%,0
"2024-04-25 13:50",16.58,16.6,16.58,16.59,0,0.00%,0
"2024-04-25 13:51",16.6,16.63,16.56,16.56,-0.03,-0.18%,0
"2024-04-25 13:52",16.57,16.59,16.57,16.57,0.01,+0.06%,0
"2024-04-25 13:53",16.57,16.62,16.57,16.62,0.05,+0.30%,0
"2024-04-25 13:54",16.68,16.68,16.66,16.67,0.05,+0.30%,0
"2024-04-25 13:55",16.68,16.7,16.67,16.67,0,0.00%,0
"2024-04-25 13:56",16.65,16.65,16.59,16.59,-0.08,-0.48%,0
"2024-04-25 13:57",16.58,16.64,16.58,16.61,0.02,+0.12%,0
"2024-04-25 13:58",16.6,16.62,16.6,16.62,0.01,+0.06%,0
"2024-04-25 13:59",16.57,16.57,16.54,16.54,-0.08,-0.48%,0
"2024-04-25 14:00",16.55,16.58,16.55,16.58,0.04,+0.24%,0
"2024-04-25 14:01",16.57,16.58,16.57,16.57,-0.01,-0.06%,0
"2024-04-25 14:02",16.57,16.57,16.55,16.55,-0.02,-0.12%,0
"2024-04-25 14:03",16.53,16.58,16.53,16.55,0,0.00%,0
"2024-04-25 14:04",16.56,16.56,16.54,16.54,-0.01,-0.06%,0
"2024-04-25 14:05",16.56,16.61,16.56,16.61,0.07,+0.42%,0
"2024-04-25 14:06",16.62,16.64,16.62,16.64,0.03,+0.18%,0
"2024-04-25 14:07",16.64,16.66,16.64,16.66,0.02,+0.12%,0
"2024-04-25 14:08",16.65,16.67,16.65,16.67,0.01,+0.06%,0
"2024-04-25 14:09",16.68,16.7,16.68,16.69,0.02,+0.12%,0
"2024-04-25 14:10",16.69,16.71,16.69,16.7,0.01,+0.06%,0
"2024-04-25 14:11",16.7,16.77,16.7,16.77,0.07,+0.42%,0
"2024-04-25 14:12",16.78,16.79,16.78,16.78,0.01,+0.06%,0
"2024-04-25 14:13",16.8,16.8,16.79,16.79,0.01,+0.06%,0
"2024-04-25 14:14",16.76,16.76,16.73,16.75,-0.04,-0.24%,0
"2024-04-25 14:15",16.74,16.74,16.68,16.68,-0.07,-0.42%,0
"2024-04-25 14:16",16.67,16.71,16.67,16.69,0.01,+0.06%,0
"2024-04-25 14:17",16.68,16.74,16.68,16.74,0.05,+0.30%,0
"2024-04-25 14:18",16.72,16.75,16.72,16.73,-0.01,-0.06%,0
"2024-04-25 14:19",16.75,16.78,16.75,16.78,0.05,+0.30%,0
"2024-04-25 14:20",16.78,16.79,16.78,16.79,0.01,+0.06%,0
"2024-04-25 14:21",16.79,16.81,16.79,16.81,0.02,+0.12%,0
"2024-04-25 14:22",16.8,16.81,16.8,16.81,0,0.00%,0
"2024-04-25 14:23",16.79,16.88,16.79,16.88,0.07,+0.42%,0
"2024-04-25 14:24",16.85,16.88,16.85,16.88,0,0.00%,0
"2024-04-25 14:25",16.89,16.97,16.89,16.92,0.04,+0.24%,0
"2024-04-25 14:26",16.93,16.96,16.93,16.96,0.04,+0.24%,0
"2024-04-25 14:27",16.96,17.03,16.96,17.02,0.06,+0.35%,0
"2024-04-25 14:28",17.04,17.32,17.04,17.32,0.3,+1.76%,0
"2024-04-25 14:29",17.24,17.43,17.24,17.43,0.11,+0.64%,0
"2024-04-25 14:30",17.66,17.66,17.33,17.33,-0.1,-0.57%,0
"2024-04-25 14:31",17.33,17.39,17.33,17.37,0.04,+0.23%,0
"2024-04-25 14:32",17.37,17.37,17.3,17.31,-0.06,-0.35%,0
"2024-04-25 14:33",17.36,17.52,17.36,17.52,0.21,+1.21%,0
"2024-04-25 14:34",17.61,17.74,17.61,17.74,0.22,+1.26%,0
"2024-04-25 14:35",17.69,17.73,17.69,17.71,-0.03,-0.17%,0
"2024-04-25 14:36",17.73,17.82,17.73,17.82,0.11,+0.62%,0
"2024-04-25 14:37",17.79,17.8,17.77,17.77,-0.05,-0.28%,0
"2024-04-25 14:38",17.76,17.81,17.76,17.8,0.03,+0.17%,0
"2024-04-25 14:39",17.81,17.82,17.78,17.82,0.02,+0.11%,0
"2024-04-25 14:40",17.81,17.97,17.81,17.94,0.12,+0.67%,0
"2024-04-25 14:41",17.9,17.9,17.87,17.89,-0.05,-0.28%,0
"2024-04-25 14:42",17.93,17.93,17.9,17.92,0.03,+0.17%,0
"2024-04-25 14:43",17.9,17.93,17.9,17.91,-0.01,-0.06%,0
"2024-04-25 14:44",17.91,17.96,17.91,17.96,0.05,+0.28%,0
"2024-04-25 14:45",18,18,17.99,17.99,0.03,+0.17%,0
"2024-04-25 14:46",18.02,18.07,18.02,18.07,0.08,+0.44%,0
"2024-04-25 14:47",18.05,18.09,18.05,18.08,0.01,+0.06%,0
"2024-04-25 14:48",18.06,18.09,18.06,18.07,-0.01,-0.06%,0
"2024-04-25 14:49",18.07,18.08,18.07,18.07,0,0.00%,0
"2024-04-25 14:50",18.06,18.12,18.06,18.12,0.05,+0.28%,0
"2024-04-25 14:51",18.11,18.11,18.1,18.1,-0.02,-0.11%,0
"2024-04-25 14:52",18.15,18.24,18.15,18.22,0.12,+0.66%,0
"2024-04-25 14:53",18.22,18.26,18.22,18.24,0.02,+0.11%,0
"2024-04-25 14:54",18.25,18.27,18.25,18.25,0.01,+0.05%,0
"2024-04-25 14:55",18.24,18.33,18.24,18.33,0.08,+0.44%,0
"2024-04-25 14:56",18.33,18.33,18.27,18.27,-0.06,-0.33%,0
"2024-04-25 14:57",18.27,18.28,18.26,18.26,-0.01,-0.05%,0
"2024-04-25 14:58",18.2,18.21,18.16,18.18,-0.08,-0.44%,0
"2024-04-25 14:59",18.18,18.2,18.16,18.16,-0.02,-0.11%,0
"2024-04-25 15:00",18.15,18.17,18.11,18.11,-0.05,-0.28%,0
"2024-04-25 15:01",18.05,18.07,18,18.02,-0.09,-0.50%,0
"2024-04-25 15:02",18.01,18.01,17.97,17.99,-0.03,-0.17%,0
"2024-04-25 15:03",17.95,18.01,17.95,17.97,-0.02,-0.11%,0
"2024-04-25 15:04",17.95,17.98,17.95,17.96,-0.01,-0.06%,0
"2024-04-25 15:05",17.92,17.96,17.92,17.92,-0.04,-0.22%,0
"2024-04-25 15:06",17.92,17.94,17.91,17.91,-0.01,-0.06%,0
"2024-04-25 15:07",17.88,17.91,17.88,17.91,0,0.00%,0
"2024-04-25 15:08",17.91,17.96,17.91,17.96,0.05,+0.28%,0
"2024-04-25 15:09",17.94,17.96,17.94,17.95,-0.01,-0.06%,0
"2024-04-25 15:10",17.95,17.98,17.95,17.97,0.02,+0.11%,0
"2024-04-25 15:11",17.96,17.98,17.93,17.93,-0.04,-0.22%,0
"2024-04-25 15:12",17.94,17.96,17.92,17.92,-0.01,-0.06%,0
"2024-04-25 15:13",17.91,17.93,17.9,17.9,-0.02,-0.11%,0
"2024-04-25 15:14",17.89,17.93,17.89,17.93,0.03,+0.17%,0
"2024-04-25 15:15",17.93,17.94,17.93,17.94,0.01,+0.06%,0
"2024-04-25 15:16",17.93,17.95,17.91,17.91,-0.03,-0.17%,0
"2024-04-25 15:17",17.89,17.89,17.84,17.84,-0.07,-0.39%,0
"2024-04-25 15:18",17.76,17.76,17.67,17.67,-0.17,-0.95%,0
"2024-04-25 15:19",17.66,17.69,17.62,17.62,-0.05,-0.28%,0
"2024-04-25 15:20",17.61,17.61,17.54,17.54,-0.08,-0.45%,0
"2024-04-25 15:21",17.52,17.54,17.51,17.51,-0.03,-0.17%,0
"2024-04-25 15:22",17.57,17.61,17.57,17.61,0.1,+0.57%,0
"2024-04-25 15:23",17.61,17.67,17.61,17.67,0.06,+0.34%,0
"2024-04-25 15:24",17.67,17.68,17.66,17.66,-0.01,-0.06%,0
"2024-04-25 15:25",17.66,17.69,17.66,17.66,0,0.00%,0
"2024-04-25 15:26",17.63,17.63,17.6,17.63,-0.03,-0.17%,0
"2024-04-25 15:27",17.63,17.74,17.63,17.73,0.1,+0.57%,0
"2024-04-25 15:28",17.72,17.73,17.72,17.72,-0.01,-0.06%,0
"2024-04-25 15:29",17.72,17.79,17.72,17.79,0.07,+0.40%,0
"2024-04-25 15:30",17.81,17.84,17.81,17.84,0.05,+0.28%,0
"2024-04-25 15:31",17.84,17.85,17.84,17.85,0.01,+0.06%,0
"2024-04-25 15:32",17.86,17.9,17.86,17.9,0.05,+0.28%,0
"2024-04-25 15:33",17.92,17.99,17.92,17.99,0.09,+0.50%,0
"2024-04-25 15:34",17.98,18.08,17.98,18.08,0.09,+0.50%,0
"2024-04-25 15:35",18.06,18.16,18.06,18.16,0.08,+0.44%,0
"2024-04-25 15:36",18.17,18.25,18.17,18.25,0.09,+0.50%,0
"2024-04-25 15:37",18.22,18.3,18.22,18.3,0.05,+0.27%,0
"2024-04-25 15:38",18.34,18.42,18.34,18.42,0.12,+0.66%,0
"2024-04-25 15:39",18.45,18.46,18.44,18.45,0.03,+0.16%,0
"2024-04-25 15:40",18.51,18.71,18.51,18.71,0.26,+1.41%,0
"2024-04-25 15:41",18.8,18.98,18.8,18.98,0.27,+1.44%,0
"2024-04-25 15:42",18.98,19.07,18.98,19.05,0.07,+0.37%,0
"2024-04-25 15:43",19.01,19.01,18.82,18.82,-0.23,-1.21%,0
"2024-04-25 15:44",18.82,18.84,18.82,18.84,0.02,+0.11%,0
"2024-04-25 15:45",18.96,19.12,18.96,19.12,0.28,+1.49%,0
"2024-04-25 15:46",19.09,19.26,19.09,19.26,0.14,+0.73%,0
"2024-04-25 15:47",19.25,19.27,19.25,19.26,0,0.00%,0
"2024-04-25 15:48",19.28,19.33,19.26,19.33,0.07,+0.36%,0
"2024-04-25 15:49",19.38,19.42,19.38,19.41,0.08,+0.41%,0
"2024-04-25 15:50",19.4,19.41,19.39,19.4,-0.01,-0.05%,0
"2024-04-25 15:51",19.33,19.34,19.3,19.34,-0.06,-0.31%,0
"2024-04-25 15:52",19.39,19.39,19.35,19.35,0.01,+0.05%,0
"2024-04-25 15:53",19.36,19.41,19.36,19.39,0.04,+0.21%,0
"2024-04-25 15:54",19.38,19.47,19.38,19.47,0.08,+0.41%,0
"2024-04-25 15:55",19.45,19.5,19.45,19.49,0.02,+0.10%,0
"2024-04-25 15:56",19.47,19.47,19.41,19.41,-0.08,-0.41%,0
"2024-04-25 15:57",19.42,19.46,19.42,19.45,0.04,+0.21%,0
"2024-04-25 15:58",19.47,19.47,19.47,19.47,0.02,+0.10%,0
"2024-04-25 15:59",19.45,19.5,19.31,19.31,-0.16,-0.82%,0
"2024-04-25 16:00",19.29,19.29,18.93,18.93,-0.38,-1.97%,0
"2024-04-25 16:01",19.66,19.66,18.43,18.43,-0.5,-2.64%,0
"2024-04-25 16:02",18.43,18.43,17.78,17.78,-0.65,-3.53%,0
"2024-04-25 16:03",17.39,17.39,17,17.36,-0.42,-2.36%,0
"2024-04-25 16:04",17,17,16.41,16.41,-0.95,-5.47%,0
"2024-04-25 16:05",16.38,16.43,15.94,15.94,-0.47,-2.86%,0
"2024-04-25 16:06",16.02,16.08,15.98,15.98,0.04,+0.25%,0
"2024-04-25 16:07",15.86,15.89,15.69,15.83,-0.15,-0.94%,0
"2024-04-25 16:08",15.81,15.81,15.63,15.63,-0.2,-1.26%,0
"2024-04-25 16:09",15.63,15.78,15.54,15.54,-0.09,-0.58%,0
"2024-04-25 16:10",15.62,15.64,15.62,15.64,0.1,+0.64%,0
"2024-04-25 16:11",15.67,15.67,15.62,15.62,-0.02,-0.13%,0
"2024-04-25 16:12",15.64,15.81,15.64,15.75,0.13,+0.83%,0
"2024-04-25 16:13",15.78,15.83,15.78,15.8,0.05,+0.32%,0
"2024-04-25 16:14",15.76,15.76,15.56,15.56,-0.24,-1.52%,0
"2024-04-25 16:15",15.76,15.76,15.76,15.76,0.2,+1.29%,0
"2024-04-26 09:31",12.49,12.59,12.49,12.59,-3.17,-20.11%,0
"2024-04-26 09:32",12.77,13.03,12.77,13.03,0.44,+3.49%,0
"2024-04-26 09:33",13.11,13.11,12.7,12.7,-0.33,-2.53%,0
"2024-04-26 09:34",12.6,12.6,12.46,12.46,-0.24,-1.89%,0
"2024-04-26 09:35",12.45,12.57,12.45,12.57,0.11,+0.88%,0
"2024-04-26 09:36",12.55,12.66,12.54,12.66,0.09,+0.72%,0
"2024-04-26 09:37",12.59,12.59,12.52,12.58,-0.08,-0.63%,0
"2024-04-26 09:38",12.51,12.51,12.45,12.45,-0.13,-1.03%,0
"2024-04-26 09:39",12.38,12.38,12.25,12.33,-0.12,-0.96%,0
"2024-04-26 09:40",12.29,12.59,12.29,12.59,0.26,+2.11%,0
"2024-04-26 09:41",12.59,12.67,12.57,12.67,0.08,+0.64%,0
"2024-04-26 09:42",12.69,12.7,12.68,12.68,0.01,+0.08%,0
"2024-04-26 09:43",12.73,12.76,12.7,12.76,0.08,+0.63%,0
"2024-04-26 09:44",12.76,12.77,12.6,12.6,-0.16,-1.25%,0
"2024-04-26 09:45",12.54,12.54,12.41,12.41,-0.19,-1.51%,0
"2024-04-26 09:46",12.37,12.37,12.35,12.35,-0.06,-0.48%,0
"2024-04-26 09:47",12.24,12.24,12.14,12.14,-0.21,-1.70%,0
"2024-04-26 09:48",12.22,12.34,12.22,12.34,0.2,+1.65%,0
"2024-04-26 09:49",12.41,12.41,12.3,12.3,-0.04,-0.32%,0
"2024-04-26 09:50",12.25,12.25,12.01,12.01,-0.29,-2.36%,0
"2024-04-26 09:51",11.98,12.04,11.92,11.92,-0.09,-0.75%,0
"2024-04-26 09:52",11.91,12.13,11.91,12.07,0.15,+1.26%,0
"2024-04-26 09:53",12.05,12.07,12.01,12.01,-0.06,-0.50%,0
"2024-04-26 09:54",11.99,12.05,11.99,12.01,0,0.00%,0
"2024-04-26 09:55",12.05,12.14,12.05,12.14,0.13,+1.08%,0
"2024-04-26 09:56",12.16,12.2,12.14,12.16,0.02,+0.16%,0
"2024-04-26 09:57",12.22,12.22,12.14,12.16,0,0.00%,0
"2024-04-26 09:58",12.11,12.18,12.11,12.18,0.02,+0.16%,0
"2024-04-26 09:59",12.15,12.19,12.15,12.18,0,0.00%,0
"2024-04-26 10:00",12.16,12.16,11.9,11.9,-0.28,-2.30%,0
"2024-04-26 10:01",11.92,11.92,11.83,11.83,-0.07,-0.59%,0
"2024-04-26 10:02",11.79,11.85,11.76,11.76,-0.07,-0.59%,0
"2024-04-26 10:03",11.71,11.72,11.61,11.61,-0.15,-1.28%,0
"2024-04-26 10:04",11.5,11.54,11.5,11.51,-0.1,-0.86%,0
"2024-04-26 10:05",11.52,11.57,11.52,11.57,0.06,+0.52%,0
"2024-04-26 10:06",11.57,11.9,11.57,11.86,0.29,+2.51%,0
"2024-04-26 10:07",11.76,11.76,11.65,11.65,-0.21,-1.77%,0
"2024-04-26 10:08",11.62,11.64,11.55,11.55,-0.1,-0.86%,0
"2024-04-26 10:09",11.58,11.61,11.58,11.59,0.04,+0.35%,0
"2024-04-26 10:10",11.62,11.64,11.6,11.64,0.05,+0.43%,0
"2024-04-26 10:11",11.6,11.6,11.51,11.52,-0.12,-1.03%,0
"2024-04-26 10:12",11.48,11.48,11.37,11.37,-0.15,-1.30%,0
"2024-04-26 10:13",11.34,11.36,11.3,11.3,-0.07,-0.62%,0
"2024-04-26 10:14",11.3,11.33,11.29,11.33,0.03,+0.27%,0
"2024-04-26 10:15",11.31,11.31,11.3,11.31,-0.02,-0.18%,0
"2024-04-26 10:16",11.27,11.3,11.26,11.27,-0.04,-0.35%,0
"2024-04-26 10:17",11.21,11.29,11.21,11.29,0.02,+0.18%,0
"2024-04-26 10:18",11.29,11.36,11.29,11.29,0,0.00%,0
"2024-04-26 10:19",11.28,11.37,11.28,11.31,0.02,+0.18%,0
"2024-04-26 10:20",11.28,11.4,11.28,11.4,0.09,+0.80%,0
"2024-04-26 10:21",11.4,11.56,11.4,11.56,0.16,+1.40%,0
"2024-04-26 10:22",11.49,11.49,11.34,11.45,-0.11,-0.95%,0
"2024-04-26 10:23",11.46,11.46,11.4,11.4,-0.05,-0.44%,0
"2024-04-26 10:24",11.41,11.41,11.4,11.4,0,0.00%,0
"2024-04-26 10:25",11.45,11.6,11.45,11.57,0.17,+1.49%,0
"2024-04-26 10:26",11.58,11.58,11.56,11.56,-0.01,-0.09%,0
"2024-04-26 10:27",11.54,11.64,11.54,11.57,0.01,+0.09%,0
"2024-04-26 10:28",11.61,11.7,11.61,11.7,0.13,+1.12%,0
"2024-04-26 10:29",11.82,11.9,11.82,11.87,0.17,+1.45%,0
"2024-04-26 10:30",11.94,12.18,11.88,12.18,0.31,+2.61%,0
"2024-04-26 10:31",12.07,12.07,11.94,11.94,-0.24,-1.97%,0
"2024-04-26 10:32",11.87,11.88,11.75,11.75,-0.19,-1.59%,0
"2024-04-26 10:33",11.74,11.88,11.74,11.88,0.13,+1.11%,0
"2024-04-26 10:34",11.83,11.87,11.83,11.87,-0.01,-0.08%,0
"2024-04-26 10:35",11.84,11.86,11.81,11.81,-0.06,-0.51%,0
"2024-04-26 10:36",11.82,11.87,11.82,11.87,0.06,+0.51%,0
"2024-04-26 10:37",11.88,12,11.88,11.99,0.12,+1.01%,0
"2024-04-26 10:38",11.97,12,11.97,12,0.01,+0.08%,0
"2024-04-26 10:39",11.97,12.05,11.97,12.02,0.02,+0.17%,0
"2024-04-26 10:40",12,12.02,12,12.02,0,0.00%,0
"2024-04-26 10:41",11.98,12.06,11.98,12.04,0.02,+0.17%,0
"2024-04-26 10:42",11.98,12.09,11.98,12.04,0,0.00%,0
"2024-04-26 10:43",11.97,12.06,11.97,12.06,0.02,+0.17%,0
"2024-04-26 10:44",12.12,12.12,12.07,12.07,0.01,+0.08%,0
"2024-04-26 10:45",12.08,12.08,12.07,12.07,0,0.00%,0
"2024-04-26 10:46",12.08,12.1,12.07,12.09,0.02,+0.17%,0
"2024-04-26 10:47",12.05,12.05,12,12.01,-0.08,-0.66%,0
"2024-04-26 10:48",12.01,12.06,12.01,12.05,0.04,+0.33%,0
"2024-04-26 10:49",12,12.04,12,12.02,-0.03,-0.25%,0
"2024-04-26 10:50",12.02,12.16,12.02,12.16,0.14,+1.16%,0
"2024-04-26 10:51",12.2,12.2,12.18,12.2,0.04,+0.33%,0
"2024-04-26 10:52",12.21,12.21,12.11,12.11,-0.09,-0.74%,0
"2024-04-26 10:53",12.14,12.14,11.99,11.99,-0.12,-0.99%,0
"2024-04-26 10:54",11.97,11.97,11.92,11.94,-0.05,-0.42%,0
"2024-04-26 10:55",11.9,11.96,11.9,11.95,0.01,+0.08%,0
"2024-04-26 10:56",11.96,12.03,11.96,12,0.05,+0.42%,0
"2024-04-26 10:57",12.01,12.06,12.01,12.06,0.06,+0.50%,0
"2024-04-26 10:58",12.05,12.05,12.03,12.05,-0.01,-0.08%,0
"2024-04-26 10:59",12.04,12.08,12.04,12.06,0.01,+0.08%,0
"2024-04-26 11:00",12.03,12.04,12.01,12.04,-0.02,-0.17%,0
"2024-04-26 11:01",12.05,12.05,11.95,11.95,-0.09,-0.75%,0
"2024-04-26 11:02",11.91,11.94,11.9,11.94,-0.01,-0.08%,0
"2024-04-26 11:03",11.94,12,11.9,12,0.06,+0.50%,0
"2024-04-26 11:04",12,12,11.83,11.91,-0.09,-0.75%,0
"2024-04-26 11:05",11.93,11.93,11.92,11.93,0.02,+0.17%,0
"2024-04-26 11:06",11.91,11.95,11.91,11.95,0.02,+0.17%,0
"2024-04-26 11:07",11.9,11.9,11.84,11.85,-0.1,-0.84%,0
"2024-04-26 11:08",11.87,11.89,11.87,11.89,0.04,+0.34%,0
"2024-04-26 11:09",11.87,11.92,11.87,11.92,0.03,+0.25%,0
"2024-04-26 11:10",11.91,11.99,11.91,11.99,0.07,+0.59%,0
"2024-04-26 11:11",11.98,12.07,11.98,12.07,0.08,+0.67%,0
"2024-04-26 11:12",12.29,12.41,12.28,12.41,0.34,+2.82%,0
"2024-04-26 11:13",12.39,12.39,12.21,12.21,-0.2,-1.61%,0
"2024-04-26 11:14",12.22,12.22,12.17,12.17,-0.04,-0.33%,0
"2024-04-26 11:15",12.17,12.23,12.1,12.23,0.06,+0.49%,0
"2024-04-26 11:16",12.26,12.29,12.26,12.27,0.04,+0.33%,0
"2024-04-26 11:17",12.29,12.34,12.29,12.34,0.07,+0.57%,0
"2024-04-26 11:18",12.33,12.33,12.3,12.31,-0.03,-0.24%,0
"2024-04-26 11:19",12.31,12.31,12.16,12.16,-0.15,-1.22%,0
"2024-04-26 11:20",12.18,12.24,12.18,12.24,0.08,+0.66%,0
"2024-04-26 11:21",12.28,12.42,12.28,12.42,0.18,+1.47%,0
"2024-04-26 11:22",12.41,12.45,12.4,12.42,0,0.00%,0
"2024-04-26 11:23",12.43,12.51,12.43,12.5,0.08,+0.64%,0
"2024-04-26 11:24",12.52,12.52,12.43,12.46,-0.04,-0.32%,0
"2024-04-26 11:25",12.5,12.51,12.47,12.5,0.04,+0.32%,0
"2024-04-26 11:26",12.5,12.53,12.34,12.34,-0.16,-1.28%,0
"2024-04-26 11:27",12.32,12.37,12.3,12.3,-0.04,-0.32%,0
"2024-04-26 11:28",12.32,12.33,12.32,12.33,0.03,+0.24%,0
"2024-04-26 11:29",12.31,12.45,12.31,12.45,0.12,+0.97%,0
"2024-04-26 11:30",12.5,12.62,12.48,12.62,0.17,+1.37%,0
"2024-04-26 11:31",12.55,12.57,12.53,12.55,-0.07,-0.55%,0
"2024-04-26 11:32",12.53,12.6,12.53,12.55,0,0.00%,0
"2024-04-26 11:33",12.53,12.55,12.5,12.55,0,0.00%,0
"2024-04-26 11:34",12.55,12.59,12.55,12.59,0.04,+0.32%,0
"2024-04-26 11:35",12.58,12.6,12.57,12.57,-0.02,-0.16%,0
"2024-04-26 11:36",12.56,12.59,12.56,12.59,0.02,+0.16%,0
"2024-04-26 11:37",12.59,12.59,12.48,12.48,-0.11,-0.87%,0
"2024-04-26 11:38",12.44,12.5,12.44,12.48,0,0.00%,0
"2024-04-26 11:39",12.41,12.41,12.37,12.37,-0.11,-0.88%,0
"2024-04-26 11:40",12.38,12.38,12.29,12.31,-0.06,-0.49%,0
"2024-04-26 11:41",12.28,12.28,12.2,12.2,-0.11,-0.89%,0
"2024-04-26 11:42",12.08,12.11,12.07,12.07,-0.13,-1.07%,0
"2024-04-26 11:43",12.07,12.08,12.01,12.01,-0.06,-0.50%,0
"2024-04-26 11:44",12.05,12.05,12,12,-0.01,-0.08%,0
"2024-04-26 11:45",11.9,11.9,11.72,11.72,-0.28,-2.33%,0
"2024-04-26 11:46",11.73,11.73,11.68,11.7,-0.02,-0.17%,0
"2024-04-26 11:47",11.69,11.72,11.69,11.72,0.02,+0.17%,0
"2024-04-26 11:48",11.71,11.71,11.7,11.7,-0.02,-0.17%,0
"2024-04-26 11:49",11.66,11.74,11.66,11.74,0.04,+0.34%,0
"2024-04-26 11:50",11.74,11.78,11.74,11.78,0.04,+0.34%,0
"2024-04-26 11:51",11.75,11.84,11.75,11.82,0.04,+0.34%,0
"2024-04-26 11:52",11.78,11.86,11.78,11.85,0.03,+0.25%,0
"2024-04-26 11:53",11.84,11.99,11.84,11.99,0.14,+1.18%,0
"2024-04-26 11:54",11.96,11.98,11.91,11.91,-0.08,-0.67%,0
"2024-04-26 11:55",11.92,11.95,11.92,11.92,0.01,+0.08%,0
"2024-04-26 11:56",11.92,11.97,11.92,11.97,0.05,+0.42%,0
"2024-04-26 11:57",11.98,12.01,11.97,11.97,0,0.00%,0
"2024-04-26 11:58",11.99,12.01,11.94,11.94,-0.03,-0.25%,0
"2024-04-26 11:59",11.91,11.98,11.91,11.96,0.02,+0.17%,0
"2024-04-26 12:00",11.94,12.28,11.94,12.28,0.32,+2.68%,0
"2024-04-26 12:01",12.21,12.21,12.01,12.01,-0.27,-2.20%,0
"2024-04-26 12:02",11.94,12.09,11.94,12.05,0.04,+0.33%,0
"2024-04-26 12:03",12.01,12.07,12.01,12.07,0.02,+0.17%,0
"2024-04-26 12:04",12.06,12.06,11.97,11.97,-0.1,-0.83%,0
"2024-04-26 12:05",11.94,11.99,11.94,11.99,0.02,+0.17%,0
"2024-04-26 12:06",11.96,12.11,11.96,12.11,0.12,+1.00%,0
"2024-04-26 12:07",12.13,12.13,12.04,12.07,-0.04,-0.33%,0
"2024-04-26 12:08",12.05,12.05,11.98,11.98,-0.09,-0.75%,0
"2024-04-26 12:09",12,12.01,11.99,11.99,0.01,+0.08%,0
"2024-04-26 12:10",11.97,11.97,11.82,11.85,-0.14,-1.17%,0
"2024-04-26 12:11",11.84,11.9,11.84,11.86,0.01,+0.08%,0
"2024-04-26 12:12",11.85,11.85,11.84,11.85,-0.01,-0.08%,0
"2024-04-26 12:13",11.83,11.88,11.81,11.81,-0.04,-0.34%,0
"2024-04-26 12:14",11.79,11.81,11.76,11.76,-0.05,-0.42%,0
"2024-04-26 12:15",11.76,11.76,11.74,11.75,-0.01,-0.09%,0
"2024-04-26 12:16",11.75,11.78,11.74,11.74,-0.01,-0.09%,0
"2024-04-26 12:17",11.71,11.79,11.71,11.79,0.05,+0.43%,0
"2024-04-26 12:18",11.77,11.78,11.74,11.74,-0.05,-0.42%,0
"2024-04-26 12:19",11.72,11.72,11.69,11.7,-0.04,-0.34%,0
"2024-04-26 12:20",11.68,11.72,11.68,11.72,0.02,+0.17%,0
"2024-04-26 12:21",11.7,11.71,11.68,11.68,-0.04,-0.34%,0
"2024-04-26 12:22",11.65,11.69,11.64,11.64,-0.04,-0.34%,0
"2024-04-26 12:23",11.61,11.65,11.61,11.62,-0.02,-0.17%,0
"2024-04-26 12:24",11.64,11.64,11.61,11.61,-0.01,-0.09%,0
"2024-04-26 12:25",11.63,11.63,11.58,11.58,-0.03,-0.26%,0
"2024-04-26 12:26",11.58,11.65,11.58,11.65,0.07,+0.60%,0
"2024-04-26 12:27",11.65,11.66,11.63,11.65,0,0.00%,0
"2024-04-26 12:28",11.65,11.68,11.65,11.66,0.01,+0.09%,0
"2024-04-26 12:29",11.64,11.64,11.62,11.62,-0.04,-0.34%,0
"2024-04-26 12:30",11.61,11.64,11.61,11.62,0,0.00%,0
"2024-04-26 12:31",11.62,11.66,11.62,11.66,0.04,+0.34%,0
"2024-04-26 12:32",11.69,11.69,11.68,11.68,0.02,+0.17%,0
"2024-04-26 12:33",11.62,11.64,11.62,11.64,-0.04,-0.34%,0
"2024-04-26 12:34",11.61,11.63,11.6,11.63,-0.01,-0.09%,0
"2024-04-26 12:35",11.62,11.65,11.62,11.63,0,0.00%,0
"2024-04-26 12:36",11.63,11.64,11.53,11.53,-0.1,-0.86%,0
"2024-04-26 12:37",11.5,11.51,11.49,11.51,-0.02,-0.17%,0
"2024-04-26 12:38",11.5,11.52,11.5,11.5,-0.01,-0.09%,0
"2024-04-26 12:39",11.5,11.5,11.47,11.47,-0.03,-0.26%,0
"2024-04-26 12:40",11.46,11.5,11.46,11.48,0.01,+0.09%,0
"2024-04-26 12:41",11.48,11.49,11.48,11.49,0.01,+0.09%,0
"2024-04-26 12:42",11.49,11.51,11.49,11.5,0.01,+0.09%,0
"2024-04-26 12:43",11.53,11.73,11.53,11.73,0.23,+2.00%,0
"2024-04-26 12:44",11.71,11.74,11.69,11.69,-0.04,-0.34%,0
"2024-04-26 12:45",11.7,11.7,11.65,11.66,-0.03,-0.26%,0
"2024-04-26 12:46",11.67,11.68,11.66,11.66,0,0.00%,0
"2024-04-26 12:47",11.65,11.73,11.65,11.73,0.07,+0.60%,0
"2024-04-26 12:48",11.72,11.72,11.69,11.7,-0.03,-0.26%,0
"2024-04-26 12:49",11.69,11.72,11.69,11.71,0.01,+0.09%,0
"2024-04-26 12:50",11.71,11.72,11.69,11.69,-0.02,-0.17%,0
"2024-04-26 12:51",11.69,11.7,11.69,11.7,0.01,+0.09%,0
"2024-04-26 12:52",11.69,11.74,11.69,11.69,-0.01,-0.09%,0
"2024-04-26 12:53",11.7,11.71,11.7,11.71,0.02,+0.17%,0
"2024-04-26 12:54",11.69,11.72,11.69,11.71,0,0.00%,0
"2024-04-26 12:55",11.71,11.71,11.65,11.65,-0.06,-0.51%,0
"2024-04-26 12:56",11.66,11.69,11.66,11.68,0.03,+0.26%,0
"2024-04-26 12:57",11.69,11.71,11.68,11.68,0,0.00%,0
"2024-04-26 12:58",11.71,11.72,11.71,11.72,0.04,+0.34%,0
"2024-04-26 12:59",11.72,11.74,11.72,11.73,0.01,+0.09%,0
"2024-04-26 13:00",11.7,11.7,11.61,11.64,-0.09,-0.77%,0
"2024-04-26 13:01",11.64,11.74,11.64,11.74,0.1,+0.86%,0
"2024-04-26 13:02",11.87,11.88,11.82,11.82,0.08,+0.68%,0
"2024-04-26 13:03",11.82,11.87,11.82,11.86,0.04,+0.34%,0
"2024-04-26 13:04",11.86,11.88,11.86,11.88,0.02,+0.17%,0
"2024-04-26 13:05",11.86,11.86,11.85,11.86,-0.02,-0.17%,0
"2024-04-26 13:06",11.84,11.86,11.84,11.85,-0.01,-0.08%,0
"2024-04-26 13:07",11.85,11.9,11.85,11.9,0.05,+0.42%,0
"2024-04-26 13:08",11.89,11.94,11.89,11.94,0.04,+0.34%,0
"2024-04-26 13:09",11.94,12.02,11.94,12.01,0.07,+0.59%,0
"2024-04-26 13:10",11.99,11.99,11.93,11.93,-0.08,-0.67%,0
"2024-04-26 13:11",11.93,11.99,11.93,11.98,0.05,+0.42%,0
"2024-04-26 13:12",11.99,12.01,11.99,12.01,0.03,+0.25%,0
"2024-04-26 13:13",12.02,12.02,11.96,11.96,-0.05,-0.42%,0
"2024-04-26 13:14",11.95,11.96,11.95,11.96,0,0.00%,0
"2024-04-26 13:15",11.96,11.96,11.93,11.94,-0.02,-0.17%,0
"2024-04-26 13:16",11.95,11.99,11.95,11.98,0.04,+0.34%,0
"2024-04-26 13:17",12.02,12.05,12.02,12.05,0.07,+0.58%,0
"2024-04-26 13:18",12.04,12.05,12.03,12.05,0,0.00%,0
"2024-04-26 13:19",12.05,12.07,12.04,12.04,-0.01,-0.08%,0
"2024-04-26 13:20",12.05,12.05,12.02,12.03,-0.01,-0.08%,0
"2024-04-26 13:21",12.02,12.04,12.02,12.03,0,0.00%,0
"2024-04-26 13:22",12.02,12.06,11.98,11.98,-0.05,-0.42%,0
"2024-04-26 13:23",11.95,11.99,11.95,11.99,0.01,+0.08%,0
"2024-04-26 13:24",11.99,12.01,11.99,12.01,0.02,+0.17%,0
"2024-04-26 13:25",12,12,11.97,11.97,-0.04,-0.33%,0
"2024-04-26 13:26",11.97,12,11.97,11.97,0,0.00%,0
"2024-04-26 13:27",11.98,12.04,11.98,12.04,0.07,+0.58%,0
"2024-04-26 13:28",12.05,12.09,12.05,12.09,0.05,+0.42%,0
"2024-04-26 13:29",12.1,12.13,12.1,12.11,0.02,+0.17%,0
"2024-04-26 13:30",12.1,12.11,12.1,12.11,0,0.00%,0
"2024-04-26 13:31",12.12,12.12,12.1,12.11,0,0.00%,0
"2024-04-26 13:32",12.08,12.09,12.07,12.09,-0.02,-0.17%,0
"2024-04-26 13:33",12.06,12.08,12.06,12.08,-0.01,-0.08%,0
"2024-04-26 13:34",12.07,12.08,12.06,12.07,-0.01,-0.08%,0
"2024-04-26 13:35",12.07,12.1,12.07,12.1,0.03,+0.25%,0
"2024-04-26 13:36",12.09,12.12,12.08,12.12,0.02,+0.17%,0
"2024-04-26 13:37",12.12,12.17,12.12,12.17,0.05,+0.41%,0
"2024-04-26 13:38",12.17,12.18,12.17,12.18,0.01,+0.08%,0
"2024-04-26 13:39",12.18,12.21,12.18,12.21,0.03,+0.25%,0
"2024-04-26 13:40",12.19,12.23,12.19,12.23,0.02,+0.16%,0
"2024-04-26 13:41",12.27,12.4,12.26,12.26,0.03,+0.25%,0
"2024-04-26 13:42",12.27,12.27,12.16,12.16,-0.1,-0.82%,0
"2024-04-26 13:43",12.14,12.15,12.12,12.12,-0.04,-0.33%,0
"2024-04-26 13:44",12.13,12.16,12.13,12.16,0.04,+0.33%,0
"2024-04-26 13:45",12.16,12.16,12.12,12.13,-0.03,-0.25%,0
"2024-04-26 13:46",12.08,12.11,12.06,12.08,-0.05,-0.41%,0
"2024-04-26 13:47",12.07,12.1,12.07,12.09,0.01,+0.08%,0
"2024-04-26 13:48",12.09,12.09,12.05,12.06,-0.03,-0.25%,0
"2024-04-26 13:49",12.06,12.06,12.02,12.03,-0.03,-0.25%,0
"2024-04-26 13:50",12.04,12.05,12.04,12.05,0.02,+0.17%,0
"2024-04-26 13:51",12.05,12.08,12.05,12.07,0.02,+0.17%,0
"2024-04-26 13:52",12.08,12.09,12.08,12.09,0.02,+0.17%,0
"2024-04-26 13:53",12.09,12.11,12.09,12.1,0.01,+0.08%,0
"2024-04-26 13:54",12.08,12.13,12.08,12.12,0.02,+0.17%,0
"2024-04-26 13:55",12.13,12.15,12.13,12.14,0.02,+0.17%,0
"2024-04-26 13:56",12.14,12.14,12.08,12.08,-0.06,-0.49%,0
"2024-04-26 13:57",12.07,12.1,12.07,12.1,0.02,+0.17%,0
"2024-04-26 13:58",12.11,12.15,12.11,12.15,0.05,+0.41%,0
"2024-04-26 13:59",12.15,12.17,12.15,12.17,0.02,+0.16%,0
"2024-04-26 14:00",12.15,12.15,12.13,12.15,-0.02,-0.16%,0
"2024-04-26 14:01",12.17,12.22,12.17,12.22,0.07,+0.58%,0
"2024-04-26 14:02",12.13,12.13,12.11,12.11,-0.11,-0.90%,0
"2024-04-26 14:03",12.12,12.15,12.12,12.14,0.03,+0.25%,0
"2024-04-26 14:04",12.13,12.2,12.13,12.2,0.06,+0.49%,0
"2024-04-26 14:05",12.19,12.19,12.14,12.14,-0.06,-0.49%,0
"2024-04-26 14:06",12.11,12.14,12.1,12.11,-0.03,-0.25%,0
"2024-04-26 14:07",12.12,12.14,12.1,12.1,-0.01,-0.08%,0
"2024-04-26 14:08",12.08,12.09,12.07,12.07,-0.03,-0.25%,0
"2024-04-26 14:09",12.07,12.11,12.07,12.11,0.04,+0.33%,0
"2024-04-26 14:10",12.12,12.15,12.12,12.15,0.04,+0.33%,0
"2024-04-26 14:11",12.18,12.18,12.08,12.08,-0.07,-0.58%,0
"2024-04-26 14:12",12.07,12.11,12.07,12.11,0.03,+0.25%,0
"2024-04-26 14:13",12.11,12.15,12.11,12.15,0.04,+0.33%,0
"2024-04-26 14:14",12.15,12.15,12.14,12.14,-0.01,-0.08%,0
"2024-04-26 14:15",12.15,12.15,12.14,12.14,0,0.00%,0
"2024-04-26 14:16",12.12,12.12,12.1,12.1,-0.04,-0.33%,0
"2024-04-26 14:17",12.1,12.12,12.08,12.08,-0.02,-0.17%,0
"2024-04-26 14:18",12.08,12.13,12.08,12.09,0.01,+0.08%,0
"2024-04-26 14:19",12.06,12.08,12.06,12.06,-0.03,-0.25%,0
"2024-04-26 14:20",12.07,12.13,12.05,12.05,-0.01,-0.08%,0
"2024-04-26 14:21",12.04,12.06,12.04,12.04,-0.01,-0.08%,0
"2024-04-26 14:22",12.05,12.05,12.03,12.03,-0.01,-0.08%,0
"2024-04-26 14:23",12.01,12.03,11.93,11.93,-0.1,-0.83%,0
"2024-04-26 14:24",11.95,11.98,11.95,11.98,0.05,+0.42%,0
"2024-04-26 14:25",12,12.01,11.99,12.01,0.03,+0.25%,0
"2024-04-26 14:26",12,12.01,11.99,11.99,-0.02,-0.17%,0
"2024-04-26 14:27",11.98,12.05,11.98,12.05,0.06,+0.50%,0
"2024-04-26 14:28",12.02,12.03,12.01,12.03,-0.02,-0.17%,0
"2024-04-26 14:29",12.04,12.04,11.98,12.01,-0.02,-0.17%,0
"2024-04-26 14:30",11.98,11.98,11.97,11.97,-0.04,-0.33%,0
"2024-04-26 14:31",11.98,12.04,11.98,12.04,0.07,+0.58%,0
"2024-04-26 14:32",12.06,12.06,11.97,11.98,-0.06,-0.50%,0
"2024-04-26 14:33",11.96,12.02,11.96,12,0.02,+0.17%,0
"2024-04-26 14:34",11.97,12.02,11.97,12.02,0.02,+0.17%,0
"2024-04-26 14:35",12.05,12.05,12,12,-0.02,-0.17%,0
"2024-04-26 14:36",11.97,11.97,11.91,11.96,-0.04,-0.33%,0
"2024-04-26 14:37",11.93,12.01,11.93,12.01,0.05,+0.42%,0
"2024-04-26 14:38",12,12.05,11.96,11.96,-0.05,-0.42%,0
"2024-04-26 14:39",11.99,11.99,11.97,11.98,0.02,+0.17%,0
"2024-04-26 14:40",11.97,11.99,11.97,11.98,0,0.00%,0
"2024-04-26 14:41",12,12.04,12,12.02,0.04,+0.33%,0
"2024-04-26 14:42",12.04,12.04,12.02,12.02,0,0.00%,0
"2024-04-26 14:43",12.02,12.05,12.02,12.05,0.03,+0.25%,0
"2024-04-26 14:44",12.03,12.04,12.02,12.04,-0.01,-0.08%,0
"2024-04-26 14:45",12.02,12.02,11.97,11.99,-0.05,-0.42%,0
"2024-04-26 14:46",11.96,12.01,11.96,12.01,0.02,+0.17%,0
"2024-04-26 14:47",12.04,12.05,12.04,12.05,0.04,+0.33%,0
"2024-04-26 14:48",12.05,12.08,12.05,12.08,0.03,+0.25%,0
"2024-04-26 14:49",12.07,12.08,12.07,12.07,-0.01,-0.08%,0
"2024-04-26 14:50",12.05,12.05,12.03,12.03,-0.04,-0.33%,0
"2024-04-26 14:51",12.04,12.06,12.04,12.06,0.03,+0.25%,0
"2024-04-26 14:52",12.05,12.06,12.05,12.05,-0.01,-0.08%,0
"2024-04-26 14:53",12.04,12.07,12.04,12.06,0.01,+0.08%,0
"2024-04-26 14:54",12.06,12.12,12.06,12.12,0.06,+0.50%,0
"2024-04-26 14:55",12.11,12.13,12.1,12.11,-0.01,-0.08%,0
"2024-04-26 14:56",12.13,12.13,12.05,12.05,-0.06,-0.50%,0
"2024-04-26 14:57",12.05,12.07,12,12,-0.05,-0.41%,0
"2024-04-26 14:58",11.97,12,11.97,11.99,-0.01,-0.08%,0
"2024-04-26 14:59",11.95,11.95,11.9,11.92,-0.07,-0.58%,0
"2024-04-26 15:00",11.68,11.68,11.62,11.62,-0.3,-2.52%,0
"2024-04-26 15:01",11.82,11.82,11.78,11.78,0.16,+1.38%,0
"2024-04-26 15:02",11.78,11.79,11.57,11.57,-0.21,-1.78%,0
"2024-04-26 15:03",11.78,11.86,11.78,11.81,0.24,+2.07%,0
"2024-04-26 15:04",11.81,11.83,11.81,11.81,0,0.00%,0
"2024-04-26 15:05",11.78,11.86,11.78,11.82,0.01,+0.08%,0
"2024-04-26 15:06",11.81,11.9,11.81,11.86,0.04,+0.34%,0
"2024-04-26 15:07",11.86,11.86,11.82,11.82,-0.04,-0.34%,0
"2024-04-26 15:08",11.81,11.84,11.8,11.8,-0.02,-0.17%,0
"2024-04-26 15:09",11.78,11.81,11.77,11.77,-0.03,-0.25%,0
"2024-04-26 15:10",11.77,11.77,11.76,11.76,-0.01,-0.08%,0
"2024-04-26 15:11",11.74,11.75,11.74,11.75,-0.01,-0.09%,0
"2024-04-26 15:12",11.75,11.75,11.52,11.52,-0.23,-1.96%,0
"2024-04-26 15:13",11.51,11.52,11.51,11.51,-0.01,-0.09%,0
"2024-04-26 15:14",11.52,11.54,11.49,11.49,-0.02,-0.17%,0
"2024-04-26 15:15",11.49,11.49,11.45,11.45,-0.04,-0.35%,0
"2024-04-26 15:16",11.46,11.47,11.43,11.43,-0.02,-0.17%,0
"2024-04-26 15:17",11.41,11.43,11.41,11.43,0,0.00%,0
"2024-04-26 15:18",11.42,11.42,11.36,11.36,-0.07,-0.61%,0
"2024-04-26 15:19",11.38,11.4,11.37,11.37,0.01,+0.09%,0
"2024-04-26 15:20",11.37,11.42,11.37,11.41,0.04,+0.35%,0
"2024-04-26 15:21",11.4,11.43,11.4,11.42,0.01,+0.09%,0
"2024-04-26 15:22",11.41,11.43,11.41,11.42,0,0.00%,0
"2024-04-26 15:23",11.43,11.43,11.41,11.43,0.01,+0.09%,0
"2024-04-26 15:24",11.41,11.42,11.4,11.4,-0.03,-0.26%,0
"2024-04-26 15:25",11.41,11.43,11.41,11.42,0.02,+0.18%,0
"2024-04-26 15:26",11.43,11.45,11.43,11.45,0.03,+0.26%,0
"2024-04-26 15:27",11.43,11.45,11.43,11.45,0,0.00%,0
"2024-04-26 15:28",11.44,11.45,11.44,11.44,-0.01,-0.09%,0
"2024-04-26 15:29",11.42,11.42,11.41,11.42,-0.02,-0.17%,0
"2024-04-26 15:30",11.4,11.44,11.4,11.44,0.02,+0.18%,0
"2024-04-26 15:31",11.4,11.42,11.4,11.42,-0.02,-0.17%,0
"2024-04-26 15:32",11.43,11.45,11.43,11.44,0.02,+0.18%,0
"2024-04-26 15:33",11.41,11.42,11.41,11.41,-0.03,-0.26%,0
"2024-04-26 15:34",11.4,11.43,11.4,11.43,0.02,+0.18%,0
"2024-04-26 15:35",11.39,11.4,11.38,11.38,-0.05,-0.44%,0
"2024-04-26 15:36",11.38,11.61,11.37,11.61,0.23,+2.02%,0
"2024-04-26 15:37",11.64,11.64,11.6,11.6,-0.01,-0.09%,0
"2024-04-26 15:38",11.57,11.66,11.57,11.61,0.01,+0.09%,0
"2024-04-26 15:39",11.61,11.61,11.58,11.58,-0.03,-0.26%,0
"2024-04-26 15:40",11.55,11.55,11.52,11.53,-0.05,-0.43%,0
"2024-04-26 15:41",11.52,11.53,11.19,11.19,-0.34,-2.95%,0
"2024-04-26 15:42",11.19,11.53,11.19,11.49,0.3,+2.68%,0
"2024-04-26 15:43",11.48,11.5,11.47,11.5,0.01,+0.09%,0
"2024-04-26 15:44",11.49,11.7,11.49,11.7,0.2,+1.74%,0
"2024-04-26 15:45",11.67,11.67,11.52,11.52,-0.18,-1.54%,0
"2024-04-26 15:46",11.49,11.55,11.48,11.55,0.03,+0.26%,0
"2024-04-26 15:47",11.55,11.56,11.54,11.54,-0.01,-0.09%,0
"2024-04-26 15:48",11.28,11.51,11.2,11.2,-0.34,-2.95%,0
"2024-04-26 15:49",11.2,11.21,11.18,11.21,0.01,+0.09%,0
"2024-04-26 15:50",11.19,11.24,11.19,11.2,-0.01,-0.09%,0
"2024-04-26 15:51",11.2,11.21,11.19,11.19,-0.01,-0.09%,0
"2024-04-26 15:52",11.2,11.53,11.2,11.5,0.31,+2.77%,0
"2024-04-26 15:53",11.46,11.48,11.46,11.47,-0.03,-0.26%,0
"2024-04-26 15:54",11.46,11.47,11.17,11.17,-0.3,-2.62%,0
"2024-04-26 15:55",11.2,11.43,11.2,11.43,0.26,+2.33%,0
"2024-04-26 15:56",11.45,11.45,11.4,11.4,-0.03,-0.26%,0
"2024-04-26 15:57",11.41,11.43,11.35,11.36,-0.04,-0.35%,0
"2024-04-26 15:58",11.31,11.31,11.02,11.02,-0.34,-2.99%,0
"2024-04-26 15:59",10.99,11.19,10.92,10.92,-0.1,-0.91%,0
"2024-04-26 16:00",11.1,11.1,10.88,10.89,-0.03,-0.27%,0
"2024-04-26 16:01",10.89,11.01,10.89,11,0.11,+1.01%,0
"2024-04-26 16:02",11.01,11.05,11.01,11.05,0.05,+0.45%,0
"2024-04-26 16:03",11.04,11.23,11.04,11.23,0.18,+1.63%,0
"2024-04-26 16:04",11.25,11.35,11.25,11.35,0.12,+1.07%,0
"2024-04-26 16:05",11.38,11.39,11.37,11.37,0.02,+0.18%,0
"2024-04-26 16:06",11.35,11.37,11.35,11.35,-0.02,-0.18%,0
"2024-04-26 16:07",11.36,11.36,11.33,11.33,-0.02,-0.18%,0
"2024-04-26 16:08",11.33,11.36,11.33,11.33,0,0.00%,0
"2024-04-26 16:09",11.3,11.34,11.29,11.29,-0.04,-0.35%,0
"2024-04-26 16:10",11.27,11.29,11.26,11.26,-0.03,-0.27%,0
"2024-04-26 16:11",11.28,11.32,11.28,11.32,0.06,+0.53%,0
"2024-04-26 16:12",11.31,11.33,11.31,11.31,-0.01,-0.09%,0
"2024-04-26 16:13",11.31,11.34,11.31,11.33,0.02,+0.18%,0
"2024-04-26 16:14",11.24,11.37,11.24,11.33,0,0.00%,0
"2024-04-26 16:15",11.24,11.24,11.24,11.24,-0.09,-0.79%,0
"2024-04-29 09:31",8.37,8.37,8.36,8.36,-2.88,-25.62%,0
"2024-04-29 09:32",8.34,8.39,8.34,8.39,0.03,+0.36%,0
"2024-04-29 09:33",8.4,8.43,8.38,8.38,-0.01,-0.12%,0
"2024-04-29 09:34",8.43,8.45,8.42,8.45,0.07,+0.84%,0
"2024-04-29 09:35",8.44,8.49,8.44,8.44,-0.01,-0.12%,0
"2024-04-29 09:36",8.44,8.46,8.44,8.46,0.02,+0.24%,0
"2024-04-29 09:37",8.47,8.47,8.38,8.38,-0.08,-0.95%,0
"2024-04-29 09:38",8.4,8.42,8.37,8.37,-0.01,-0.12%,0
"2024-04-29 09:39",8.36,8.4,8.36,8.4,0.03,+0.36%,0
"2024-04-29 09:40",8.41,8.77,8.41,8.67,0.27,+3.21%,0
"2024-04-29 09:41",8.65,8.65,8.61,8.65,-0.02,-0.23%,0
"2024-04-29 09:42",8.71,8.94,8.71,8.94,0.29,+3.35%,0
"2024-04-29 09:43",9.02,9.22,9.02,9.05,0.11,+1.23%,0
"2024-04-29 09:44",9.23,9.23,9.12,9.12,0.07,+0.77%,0
"2024-04-29 09:45",9.11,9.29,9.11,9.24,0.12,+1.32%,0
"2024-04-29 09:46",9.22,9.26,9.2,9.26,0.02,+0.22%,0
"2024-04-29 09:47",9.23,9.23,9.14,9.14,-0.12,-1.30%,0
"2024-04-29 09:48",9.12,9.15,9.12,9.15,0.01,+0.11%,0
"2024-04-29 09:49",9.14,9.14,9.03,9.03,-0.12,-1.31%,0
"2024-04-29 09:50",9,9.05,9,9.02,-0.01,-0.11%,0
"2024-04-29 09:51",9.05,9.13,9.05,9.12,0.1,+1.11%,0
"2024-04-29 09:52",9.07,9.13,9.07,9.12,0,0.00%,0
"2024-04-29 09:53",9.16,9.39,9.16,9.28,0.16,+1.75%,0
"2024-04-29 09:54",9.19,9.19,9.17,9.19,-0.09,-0.97%,0
"2024-04-29 09:55",9.21,9.24,9.15,9.22,0.03,+0.33%,0
"2024-04-29 09:56",9.22,9.22,9.12,9.12,-0.1,-1.08%,0
"2024-04-29 09:57",9.11,9.15,9.11,9.13,0.01,+0.11%,0
"2024-04-29 09:58",9.16,9.17,9.16,9.16,0.03,+0.33%,0
"2024-04-29 09:59",9.15,9.18,9.15,9.18,0.02,+0.22%,0
"2024-04-29 10:00",9.16,9.16,8.85,8.87,-0.31,-3.38%,0
"2024-04-29 10:01",8.9,8.91,8.88,8.91,0.04,+0.45%,0
"2024-04-29 10:02",8.98,8.98,8.93,8.93,0.02,+0.22%,0
"2024-04-29 10:03",8.94,8.94,8.87,8.87,-0.06,-0.67%,0
"2024-04-29 10:04",8.87,8.9,8.87,8.9,0.03,+0.34%,0
"2024-04-29 10:05",8.9,8.95,8.9,8.95,0.05,+0.56%,0
"2024-04-29 10:06",8.92,8.95,8.89,8.89,-0.06,-0.67%,0
"2024-04-29 10:07",8.88,8.88,8.83,8.86,-0.03,-0.34%,0
"2024-04-29 10:08",8.86,8.87,8.86,8.86,0,0.00%,0
"2024-04-29 10:09",8.9,8.91,8.9,8.91,0.05,+0.56%,0
"2024-04-29 10:10",8.91,8.91,8.84,8.84,-0.07,-0.79%,0
"2024-04-29 10:11",8.81,8.84,8.81,8.84,0,0.00%,0
"2024-04-29 10:12",8.85,8.85,8.81,8.81,-0.03,-0.34%,0
"2024-04-29 10:13",8.79,8.79,8.77,8.77,-0.04,-0.45%,0
"2024-04-29 10:14",8.74,8.75,8.63,8.63,-0.14,-1.60%,0
"2024-04-29 10:15",8.61,8.61,8.56,8.56,-0.07,-0.81%,0
"2024-04-29 10:16",8.56,8.58,8.56,8.57,0.01,+0.12%,0
"2024-04-29 10:17",8.55,8.55,8.5,8.51,-0.06,-0.70%,0
"2024-04-29 10:18",8.54,8.72,8.54,8.72,0.21,+2.47%,0
"2024-04-29 10:19",8.59,8.59,8.56,8.56,-0.16,-1.83%,0
"2024-04-29 10:20",8.56,8.56,8.53,8.55,-0.01,-0.12%,0
"2024-04-29 10:21",8.56,8.57,8.54,8.56,0.01,+0.12%,0
"2024-04-29 10:22",8.57,8.57,8.52,8.54,-0.02,-0.23%,0
"2024-04-29 10:23",8.51,8.56,8.51,8.55,0.01,+0.12%,0
"2024-04-29 10:24",8.6,8.79,8.6,8.75,0.2,+2.34%,0
"2024-04-29 10:25",8.66,8.66,8.66,8.66,-0.09,-1.03%,0
"2024-04-29 10:26",8.65,8.65,8.62,8.64,-0.02,-0.23%,0
"2024-04-29 10:27",8.64,8.69,8.64,8.66,0.02,+0.23%,0
"2024-04-29 10:28",8.65,8.66,8.62,8.63,-0.03,-0.35%,0
"2024-04-29 10:29",8.61,8.67,8.61,8.63,0,0.00%,0
"2024-04-29 10:30",8.65,8.65,8.53,8.55,-0.08,-0.93%,0
"2024-04-29 10:31",8.54,8.54,8.45,8.46,-0.09,-1.05%,0
"2024-04-29 10:32",8.48,8.48,8.46,8.46,0,0.00%,0
"2024-04-29 10:33",8.45,8.49,8.45,8.49,0.03,+0.35%,0
"2024-04-29 10:34",8.46,8.46,8.45,8.45,-0.04,-0.47%,0
"2024-04-29 10:35",8.45,8.52,8.45,8.52,0.07,+0.83%,0
"2024-04-29 10:36",8.52,8.6,8.52,8.53,0.01,+0.12%,0
"2024-04-29 10:37",8.53,8.66,8.52,8.66,0.13,+1.52%,0
"2024-04-29 10:38",8.73,8.9,8.73,8.79,0.13,+1.50%,0
"2024-04-29 10:39",8.83,8.97,8.83,8.83,0.04,+0.46%,0
"2024-04-29 10:40",8.85,8.85,8.71,8.71,-0.12,-1.36%,0
"2024-04-29 10:41",8.66,8.73,8.66,8.73,0.02,+0.23%,0
"2024-04-29 10:42",8.75,8.88,8.75,8.88,0.15,+1.72%,0
"2024-04-29 10:43",8.86,8.86,8.79,8.81,-0.07,-0.79%,0
"2024-04-29 10:44",8.8,8.8,8.71,8.73,-0.08,-0.91%,0
"2024-04-29 10:45",8.75,8.78,8.75,8.78,0.05,+0.57%,0
"2024-04-29 10:46",8.76,8.8,8.74,8.74,-0.04,-0.46%,0
"2024-04-29 10:47",8.76,8.79,8.76,8.79,0.05,+0.57%,0
"2024-04-29 10:48",8.79,8.92,8.79,8.81,0.02,+0.23%,0
"2024-04-29 10:49",8.83,8.93,8.83,8.93,0.12,+1.36%,0
"2024-04-29 10:50",8.88,8.88,8.84,8.87,-0.06,-0.67%,0
"2024-04-29 10:51",8.85,8.85,8.75,8.77,-0.1,-1.13%,0
"2024-04-29 10:52",8.76,8.81,8.76,8.81,0.04,+0.46%,0
"2024-04-29 10:53",8.79,8.83,8.79,8.81,0,0.00%,0
"2024-04-29 10:54",8.75,8.75,8.65,8.68,-0.13,-1.48%,0
"2024-04-29 10:55",8.7,8.71,8.65,8.65,-0.03,-0.35%,0
"2024-04-29 10:56",8.67,8.67,8.63,8.64,-0.01,-0.12%,0
"2024-04-29 10:57",8.64,8.64,8.63,8.63,-0.01,-0.12%,0
"2024-04-29 10:58",8.63,8.64,8.62,8.62,-0.01,-0.12%,0
"2024-04-29 10:59",8.49,8.56,8.49,8.56,-0.06,-0.70%,0
"2024-04-29 11:00",8.56,8.57,8.56,8.56,0,0.00%,0
"2024-04-29 11:01",8.57,8.57,8.55,8.55,-0.01,-0.12%,0
"2024-04-29 11:02",8.59,8.63,8.56,8.56,0.01,+0.12%,0
"2024-04-29 11:03",8.61,8.61,8.6,8.6,0.04,+0.47%,0
"2024-04-29 11:04",8.63,8.66,8.63,8.64,0.04,+0.47%,0
"2024-04-29 11:05",8.64,8.78,8.64,8.78,0.14,+1.62%,0
"2024-04-29 11:06",8.72,8.72,8.68,8.68,-0.1,-1.14%,0
"2024-04-29 11:07",8.63,8.7,8.63,8.67,-0.01,-0.12%,0
"2024-04-29 11:08",8.64,8.69,8.64,8.69,0.02,+0.23%,0
"2024-04-29 11:09",8.64,8.65,8.62,8.62,-0.07,-0.81%,0
"2024-04-29 11:10",8.64,8.66,8.62,8.62,0,0.00%,0
"2024-04-29 11:11",8.64,8.68,8.64,8.68,0.06,+0.70%,0
"2024-04-29 11:12",8.67,8.67,8.62,8.63,-0.05,-0.58%,0
"2024-04-29 11:13",8.64,8.65,8.58,8.58,-0.05,-0.58%,0
"2024-04-29 11:14",8.5,8.54,8.5,8.54,-0.04,-0.47%,0
"2024-04-29 11:15",8.54,8.56,8.54,8.55,0.01,+0.12%,0
"2024-04-29 11:16",8.56,8.57,8.54,8.57,0.02,+0.23%,0
"2024-04-29 11:17",8.54,8.54,8.53,8.53,-0.04,-0.47%,0
"2024-04-29 11:18",8.57,8.57,8.54,8.54,0.01,+0.12%,0
"2024-04-29 11:19",8.52,8.54,8.52,8.52,-0.02,-0.23%,0
"2024-04-29 11:20",8.52,8.56,8.52,8.56,0.04,+0.47%,0
"2024-04-29 11:21",8.54,8.58,8.54,8.57,0.01,+0.12%,0
"2024-04-29 11:22",8.57,8.6,8.57,8.58,0.01,+0.12%,0
"2024-04-29 11:23",8.58,8.6,8.58,8.59,0.01,+0.12%,0
"2024-04-29 11:24",8.62,8.69,8.62,8.62,0.03,+0.35%,0
"2024-04-29 11:25",8.61,8.61,8.57,8.57,-0.05,-0.58%,0
"2024-04-29 11:26",8.56,8.59,8.56,8.58,0.01,+0.12%,0
"2024-04-29 11:27",8.57,8.62,8.57,8.62,0.04,+0.47%,0
"2024-04-29 11:28",8.59,8.6,8.59,8.6,-0.02,-0.23%,0
"2024-04-29 11:29",8.59,8.62,8.59,8.62,0.02,+0.23%,0
"2024-04-29 11:30",8.62,8.71,8.62,8.71,0.09,+1.04%,0
"2024-04-29 11:31",8.75,8.76,8.69,8.69,-0.02,-0.23%,0
"2024-04-29 11:32",8.7,8.77,8.7,8.73,0.04,+0.46%,0
"2024-04-29 11:33",8.78,8.83,8.77,8.83,0.1,+1.15%,0
"2024-04-29 11:34",8.79,8.88,8.79,8.84,0.01,+0.11%,0
"2024-04-29 11:35",8.82,8.91,8.82,8.87,0.03,+0.34%,0
"2024-04-29 11:36",8.87,8.92,8.79,8.79,-0.08,-0.90%,0
"2024-04-29 11:37",8.78,8.83,8.78,8.83,0.04,+0.46%,0
"2024-04-29 11:38",8.86,8.86,8.83,8.83,0,0.00%,0
"2024-04-29 11:39",8.81,8.82,8.81,8.82,-0.01,-0.11%,0
"2024-04-29 11:40",8.86,8.88,8.85,8.86,0.04,+0.45%,0
"2024-04-29 11:41",8.86,8.86,8.81,8.81,-0.05,-0.56%,0
"2024-04-29 11:42",8.78,8.78,8.73,8.74,-0.07,-0.79%,0
"2024-04-29 11:43",8.75,8.75,8.72,8.72,-0.02,-0.23%,0
"2024-04-29 11:44",8.71,8.73,8.68,8.68,-0.04,-0.46%,0
"2024-04-29 11:45",8.67,8.74,8.67,8.74,0.06,+0.69%,0
"2024-04-29 11:46",8.72,8.94,8.72,8.94,0.2,+2.29%,0
"2024-04-29 11:47",8.94,8.98,8.94,8.94,0,0.00%,0
"2024-04-29 11:48",8.96,8.98,8.94,8.94,0,0.00%,0
"2024-04-29 11:49",8.94,8.94,8.92,8.92,-0.02,-0.22%,0
"2024-04-29 11:50",8.95,8.95,8.88,8.88,-0.04,-0.45%,0
"2024-04-29 11:51",8.88,8.92,8.88,8.92,0.04,+0.45%,0
"2024-04-29 11:52",8.9,8.91,8.9,8.91,-0.01,-0.11%,0
"2024-04-29 11:53",8.92,8.94,8.91,8.91,0,0.00%,0
"2024-04-29 11:54",8.94,8.94,8.94,8.94,0.03,+0.34%,0
"2024-04-29 11:55",8.94,8.95,8.91,8.91,-0.03,-0.34%,0
"2024-04-29 11:56",8.9,8.94,8.9,8.93,0.02,+0.22%,0
"2024-04-29 11:57",8.9,8.9,8.86,8.86,-0.07,-0.78%,0
"2024-04-29 11:58",8.84,8.84,8.8,8.82,-0.04,-0.45%,0
"2024-04-29 11:59",8.83,8.83,8.81,8.81,-0.01,-0.11%,0
"2024-04-29 12:00",8.81,8.82,8.81,8.81,0,0.00%,0
"2024-04-29 12:01",8.84,8.88,8.84,8.88,0.07,+0.79%,0
"2024-04-29 12:02",8.85,8.86,8.78,8.78,-0.1,-1.13%,0
"2024-04-29 12:03",8.77,8.81,8.77,8.81,0.03,+0.34%,0
"2024-04-29 12:04",8.83,8.85,8.82,8.83,0.02,+0.23%,0
"2024-04-29 12:05",8.81,8.83,8.81,8.82,-0.01,-0.11%,0
"2024-04-29 12:06",8.81,8.81,8.78,8.78,-0.04,-0.45%,0
"2024-04-29 12:07",8.78,8.81,8.78,8.79,0.01,+0.11%,0
"2024-04-29 12:08",8.81,8.81,8.79,8.79,0,0.00%,0
"2024-04-29 12:09",8.8,8.84,8.8,8.82,0.03,+0.34%,0
"2024-04-29 12:10",8.83,8.83,8.8,8.8,-0.02,-0.23%,0
"2024-04-29 12:11",8.82,8.85,8.82,8.84,0.04,+0.45%,0
"2024-04-29 12:12",8.84,8.85,8.8,8.83,-0.01,-0.11%,0
"2024-04-29 12:13",8.83,8.84,8.83,8.83,0,0.00%,0
"2024-04-29 12:14",8.84,8.84,8.83,8.83,0,0.00%,0
"2024-04-29 12:15",8.81,8.81,8.8,8.8,-0.03,-0.34%,0
"2024-04-29 12:16",8.82,8.82,8.79,8.79,-0.01,-0.11%,0
"2024-04-29 12:17",8.79,8.83,8.79,8.83,0.04,+0.46%,0
"2024-04-29 12:18",8.82,8.85,8.82,8.83,0,0.00%,0
"2024-04-29 12:19",8.85,8.87,8.85,8.87,0.04,+0.45%,0
"2024-04-29 12:20",8.87,8.89,8.87,8.88,0.01,+0.11%,0
"2024-04-29 12:21",8.88,8.9,8.88,8.88,0,0.00%,0
"2024-04-29 12:22",8.88,8.88,8.86,8.86,-0.02,-0.23%,0
"2024-04-29 12:23",8.86,8.87,8.86,8.87,0.01,+0.11%,0
"2024-04-29 12:24",8.87,8.91,8.87,8.9,0.03,+0.34%,0
"2024-04-29 12:25",8.91,8.98,8.91,8.98,0.08,+0.90%,0
"2024-04-29 12:26",8.96,8.96,8.95,8.95,-0.03,-0.33%,0
"2024-04-29 12:27",8.95,8.96,8.94,8.96,0.01,+0.11%,0
"2024-04-29 12:28",8.95,8.95,8.93,8.93,-0.03,-0.33%,0
"2024-04-29 12:29",8.92,8.94,8.92,8.94,0.01,+0.11%,0
"2024-04-29 12:30",8.95,9,8.95,8.99,0.05,+0.56%,0
"2024-04-29 12:31",9.02,9.03,8.99,9,0.01,+0.11%,0
"2024-04-29 12:32",9.01,9.04,9.01,9.04,0.04,+0.44%,0
"2024-04-29 12:33",9.03,9.03,9.02,9.03,-0.01,-0.11%,0
"2024-04-29 12:34",9.03,9.05,9.03,9.05,0.02,+0.22%,0
"2024-04-29 12:35",9.01,9.01,8.98,8.98,-0.07,-0.77%,0
"2024-04-29 12:36",8.99,9,8.99,9,0.02,+0.22%,0
"2024-04-29 12:37",9,9.01,9,9.01,0.01,+0.11%,0
"2024-04-29 12:38",9.02,9.06,9.02,9.03,0.02,+0.22%,0
"2024-04-29 12:39",9.04,9.06,9.04,9.06,0.03,+0.33%,0
"2024-04-29 12:40",9.05,9.1,9.05,9.1,0.04,+0.44%,0
"2024-04-29 12:41",9.09,9.16,9.09,9.16,0.06,+0.66%,0
"2024-04-29 12:42",9.16,9.16,9.08,9.08,-0.08,-0.87%,0
"2024-04-29 12:43",9.09,9.13,9.09,9.12,0.04,+0.44%,0
"2024-04-29 12:44",9.13,9.16,9.12,9.16,0.04,+0.44%,0
"2024-04-29 12:45",9.15,9.15,9.15,9.15,-0.01,-0.11%,0
"2024-04-29 12:46",9.13,9.14,9.13,9.13,-0.02,-0.22%,0
"2024-04-29 12:47",9.16,9.18,9.15,9.18,0.05,+0.55%,0
"2024-04-29 12:48",9.15,9.17,9.15,9.17,-0.01,-0.11%,0
"2024-04-29 12:49",9.17,9.18,9.15,9.15,-0.02,-0.22%,0
"2024-04-29 12:50",9.14,9.15,9.13,9.13,-0.02,-0.22%,0
"2024-04-29 12:51",9.12,9.14,9.12,9.12,-0.01,-0.11%,0
"2024-04-29 12:52",9.13,9.16,9.13,9.14,0.02,+0.22%,0
"2024-04-29 12:53",9.22,9.24,9.19,9.19,0.05,+0.55%,0
"2024-04-29 12:54",9.18,9.18,9.16,9.16,-0.03,-0.33%,0
"2024-04-29 12:55",9.16,9.2,9.16,9.19,0.03,+0.33%,0
"2024-04-29 12:56",9.18,9.25,9.18,9.25,0.06,+0.65%,0
"2024-04-29 12:57",9.25,9.25,9.23,9.23,-0.02,-0.22%,0
"2024-04-29 12:58",9.23,9.24,9.22,9.22,-0.01,-0.11%,0
"2024-04-29 12:59",9.21,9.24,9.21,9.24,0.02,+0.22%,0
"2024-04-29 13:00",9.22,9.24,9.21,9.24,0,0.00%,0
"2024-04-29 13:01",9.23,9.29,9.23,9.29,0.05,+0.54%,0
"2024-04-29 13:02",9.27,9.33,9.27,9.31,0.02,+0.22%,0
"2024-04-29 13:03",9.3,9.3,9.29,9.29,-0.02,-0.21%,0
"2024-04-29 13:04",9.28,9.28,9.27,9.28,-0.01,-0.11%,0
"2024-04-29 13:05",9.26,9.32,9.26,9.3,0.02,+0.22%,0
"2024-04-29 13:06",9.31,9.35,9.31,9.34,0.04,+0.43%,0
"2024-04-29 13:07",9.34,9.34,9.3,9.3,-0.04,-0.43%,0
"2024-04-29 13:08",9.29,9.32,9.29,9.32,0.02,+0.22%,0
"2024-04-29 13:09",9.31,9.32,9.3,9.3,-0.02,-0.21%,0
"2024-04-29 13:10",9.3,9.3,9.29,9.3,0,0.00%,0
"2024-04-29 13:11",9.3,9.32,9.3,9.32,0.02,+0.22%,0
"2024-04-29 13:12",9.32,9.34,9.31,9.31,-0.01,-0.11%,0
"2024-04-29 13:13",9.31,9.31,9.3,9.3,-0.01,-0.11%,0
"2024-04-29 13:14",9.31,9.31,9.3,9.3,0,0.00%,0
"2024-04-29 13:15",9.29,9.33,9.29,9.32,0.02,+0.22%,0
"2024-04-29 13:16",9.33,9.33,9.28,9.28,-0.04,-0.43%,0
"2024-04-29 13:17",9.27,9.3,9.27,9.29,0.01,+0.11%,0
"2024-04-29 13:18",9.3,9.33,9.3,9.31,0.02,+0.22%,0
"2024-04-29 13:19",9.33,9.36,9.31,9.31,0,0.00%,0
"2024-04-29 13:20",9.3,9.3,9.29,9.3,-0.01,-0.11%,0
"2024-04-29 13:21",9.31,9.32,9.3,9.3,0,0.00%,0
"2024-04-29 13:22",9.29,9.3,9.29,9.3,0,0.00%,0
"2024-04-29 13:23",9.29,9.34,9.29,9.34,0.04,+0.43%,0
"2024-04-29 13:24",9.33,9.36,9.33,9.35,0.01,+0.11%,0
"2024-04-29 13:25",9.35,9.37,9.35,9.36,0.01,+0.11%,0
"2024-04-29 13:26",9.37,9.37,9.34,9.35,-0.01,-0.11%,0
"2024-04-29 13:27",9.33,9.35,9.33,9.35,0,0.00%,0
"2024-04-29 13:28",9.34,9.37,9.34,9.37,0.02,+0.21%,0
"2024-04-29 13:29",9.36,9.36,9.35,9.35,-0.02,-0.21%,0
"2024-04-29 13:30",9.35,9.36,9.35,9.36,0.01,+0.11%,0
"2024-04-29 13:31",9.38,9.39,9.37,9.38,0.02,+0.21%,0
"2024-04-29 13:32",9.37,9.37,9.35,9.35,-0.03,-0.32%,0
"2024-04-29 13:33",9.35,9.36,9.35,9.35,0,0.00%,0
"2024-04-29 13:34",9.35,9.35,9.34,9.34,-0.01,-0.11%,0
"2024-04-29 13:35",9.34,9.35,9.34,9.34,0,0.00%,0
"2024-04-29 13:36",9.34,9.36,9.33,9.33,-0.01,-0.11%,0
"2024-04-29 13:37",9.33,9.34,9.32,9.32,-0.01,-0.11%,0
"2024-04-29 13:38",9.32,9.34,9.32,9.32,0,0.00%,0
"2024-04-29 13:39",9.33,9.35,9.33,9.35,0.03,+0.32%,0
"2024-04-29 13:40",9.36,9.37,9.36,9.36,0.01,+0.11%,0
"2024-04-29 13:41",9.37,9.43,9.37,9.41,0.05,+0.53%,0
"2024-04-29 13:42",9.41,9.43,9.41,9.41,0,0.00%,0
"2024-04-29 13:43",9.42,9.44,9.42,9.43,0.02,+0.21%,0
"2024-04-29 13:44",9.43,9.44,9.43,9.43,0,0.00%,0
"2024-04-29 13:45",9.42,9.42,9.41,9.41,-0.02,-0.21%,0
"2024-04-29 13:46",9.41,9.41,9.39,9.39,-0.02,-0.21%,0
"2024-04-29 13:47",9.38,9.41,9.38,9.41,0.02,+0.21%,0
"2024-04-29 13:48",9.39,9.42,9.39,9.41,0,0.00%,0
"2024-04-29 13:49",9.43,9.49,9.43,9.49,0.08,+0.85%,0
"2024-04-29 13:50",9.5,9.52,9.5,9.52,0.03,+0.32%,0
"2024-04-29 13:51",9.5,9.51,9.5,9.51,-0.01,-0.11%,0
"2024-04-29 13:52",9.51,9.52,9.5,9.5,-0.01,-0.11%,0
"2024-04-29 13:53",9.49,9.53,9.49,9.5,0,0.00%,0
"2024-04-29 13:54",9.48,9.52,9.48,9.51,0.01,+0.11%,0
"2024-04-29 13:55",9.51,9.52,9.47,9.47,-0.04,-0.42%,0
"2024-04-29 13:56",9.48,9.48,9.43,9.43,-0.04,-0.42%,0
"2024-04-29 13:57",9.44,9.46,9.44,9.44,0.01,+0.11%,0
"2024-04-29 13:58",9.44,9.45,9.44,9.44,0,0.00%,0
"2024-04-29 13:59",9.45,9.46,9.43,9.46,0.02,+0.21%,0
"2024-04-29 14:00",9.47,9.66,9.47,9.6,0.14,+1.48%,0
"2024-04-29 14:01",9.55,9.57,9.53,9.55,-0.05,-0.52%,0
"2024-04-29 14:02",9.54,9.57,9.54,9.54,-0.01,-0.10%,0
"2024-04-29 14:03",9.58,9.63,9.58,9.61,0.07,+0.73%,0
"2024-04-29 14:04",9.54,9.57,9.54,9.54,-0.07,-0.73%,0
"2024-04-29 14:05",9.54,9.61,9.54,9.61,0.07,+0.73%,0
"2024-04-29 14:06",9.59,9.62,9.59,9.62,0.01,+0.10%,0
"2024-04-29 14:07",9.6,9.6,9.59,9.59,-0.03,-0.31%,0
"2024-04-29 14:08",9.6,9.61,9.59,9.59,0,0.00%,0
"2024-04-29 14:09",9.55,9.58,9.55,9.57,-0.02,-0.21%,0
"2024-04-29 14:10",9.55,9.56,9.54,9.55,-0.02,-0.21%,0
"2024-04-29 14:11",9.55,9.56,9.55,9.56,0.01,+0.10%,0
"2024-04-29 14:12",9.55,9.56,9.55,9.56,0,0.00%,0
"2024-04-29 14:13",9.55,9.55,9.54,9.55,-0.01,-0.10%,0
"2024-04-29 14:14",9.53,9.54,9.52,9.52,-0.03,-0.31%,0
"2024-04-29 14:15",9.52,9.52,9.47,9.47,-0.05,-0.53%,0
"2024-04-29 14:16",9.45,9.45,9.4,9.4,-0.07,-0.74%,0
"2024-04-29 14:17",9.41,9.51,9.41,9.44,0.04,+0.43%,0
"2024-04-29 14:18",9.42,9.44,9.42,9.44,0,0.00%,0
"2024-04-29 14:19",9.51,9.56,9.51,9.55,0.11,+1.17%,0
"2024-04-29 14:20",9.57,9.57,9.54,9.54,-0.01,-0.10%,0
"2024-04-29 14:21",9.54,9.56,9.54,9.54,0,0.00%,0
"2024-04-29 14:22",9.54,9.56,9.54,9.55,0.01,+0.10%,0
"2024-04-29 14:23",9.54,9.57,9.54,9.55,0,0.00%,0
"2024-04-29 14:24",9.57,9.6,9.57,9.6,0.05,+0.52%,0
"2024-04-29 14:25",9.59,9.6,9.57,9.57,-0.03,-0.31%,0
"2024-04-29 14:26",9.56,9.61,9.56,9.61,0.04,+0.42%,0
"2024-04-29 14:27",9.6,9.67,9.6,9.67,0.06,+0.62%,0
"2024-04-29 14:28",9.64,9.66,9.63,9.63,-0.04,-0.41%,0
"2024-04-29 14:29",9.66,9.67,9.66,9.67,0.04,+0.42%,0
"2024-04-29 14:30",9.66,9.76,9.66,9.74,0.07,+0.72%,0
"2024-04-29 14:31",9.72,9.78,9.72,9.78,0.04,+0.41%,0
"2024-04-29 14:32",9.8,10.41,9.8,10.1,0.32,+3.27%,0
"2024-04-29 14:33",10.03,10.07,10.03,10.07,-0.03,-0.30%,0
"2024-04-29 14:34",10.09,10.25,10.09,10.2,0.13,+1.29%,0
"2024-04-29 14:35",10.19,10.19,10.08,10.08,-0.12,-1.18%,0
"2024-04-29 14:36",10.12,10.19,10.12,10.19,0.11,+1.09%,0
"2024-04-29 14:37",10.19,10.23,10.19,10.21,0.02,+0.20%,0
"2024-04-29 14:38",10.22,10.27,10.22,10.27,0.06,+0.59%,0
"2024-04-29 14:39",10.22,10.22,10.17,10.17,-0.1,-0.97%,0
"2024-04-29 14:40",10.16,10.16,9.96,9.96,-0.21,-2.06%,0
"2024-04-29 14:41",9.92,9.92,9.86,9.86,-0.1,-1.00%,0
"2024-04-29 14:42",9.86,9.86,9.82,9.82,-0.04,-0.41%,0
"2024-04-29 14:43",9.85,9.85,9.74,9.74,-0.08,-0.81%,0
"2024-04-29 14:44",9.75,9.78,9.6,9.6,-0.14,-1.44%,0
"2024-04-29 14:45",9.73,9.75,9.72,9.75,0.15,+1.56%,0
"2024-04-29 14:46",9.73,9.78,9.73,9.75,0,0.00%,0
"2024-04-29 14:47",9.75,9.78,9.73,9.76,0.01,+0.10%,0
"2024-04-29 14:48",9.78,9.78,9.77,9.78,0.02,+0.20%,0
"2024-04-29 14:49",9.78,9.78,9.76,9.78,0,0.00%,0
"2024-04-29 14:50",9.82,9.85,9.82,9.85,0.07,+0.72%,0
"2024-04-29 14:51",9.84,9.89,9.84,9.88,0.03,+0.30%,0
"2024-04-29 14:52",9.89,9.92,9.89,9.91,0.03,+0.30%,0
"2024-04-29 14:53",9.87,9.93,9.84,9.84,-0.07,-0.71%,0
"2024-04-29 14:54",9.79,9.84,9.79,9.81,-0.03,-0.30%,0
"2024-04-29 14:55",9.83,9.84,9.81,9.81,0,0.00%,0
"2024-04-29 14:56",9.81,9.81,9.71,9.71,-0.1,-1.02%,0
"2024-04-29 14:57",9.72,9.75,9.72,9.75,0.04,+0.41%,0
"2024-04-29 14:58",9.71,9.71,9.62,9.62,-0.13,-1.33%,0
"2024-04-29 14:59",9.64,9.67,9.64,9.67,0.05,+0.52%,0
"2024-04-29 15:00",9.76,9.88,9.76,9.88,0.21,+2.17%,0
"2024-04-29 15:01",9.91,10.04,9.85,9.85,-0.03,-0.30%,0
"2024-04-29 15:02",9.88,10.16,9.88,10.16,0.31,+3.15%,0
"2024-04-29 15:03",10.23,10.98,10.23,10.98,0.82,+8.07%,0
"2024-04-29 15:04",10.7,10.72,10.63,10.63,-0.35,-3.19%,0
"2024-04-29 15:05",10.69,10.79,10.69,10.74,0.11,+1.03%,0
"2024-04-29 15:06",10.82,11.38,10.82,11.38,0.64,+5.96%,0
"2024-04-29 15:07",11.35,11.37,11.2,11.2,-0.18,-1.58%,0
"2024-04-29 15:08",11.11,11.16,11.11,11.16,-0.04,-0.36%,0
"2024-04-29 15:09",11.1,11.11,11.03,11.03,-0.13,-1.16%,0
"2024-04-29 15:10",11.04,11.04,11,11.02,-0.01,-0.09%,0
"2024-04-29 15:11",11.04,11.06,11.01,11.01,-0.01,-0.09%,0
"2024-04-29 15:12",11,11.01,10.94,10.94,-0.07,-0.64%,0
"2024-04-29 15:13",10.99,10.99,10.93,10.93,-0.01,-0.09%,0
"2024-04-29 15:14",10.9,10.9,10.74,10.74,-0.19,-1.74%,0
"2024-04-29 15:15",10.75,10.75,10.54,10.54,-0.2,-1.86%,0
"2024-04-29 15:16",10.5,10.5,10.45,10.5,-0.04,-0.38%,0
"2024-04-29 15:17",10.42,10.43,10.35,10.35,-0.15,-1.43%,0
"2024-04-29 15:18",10.33,10.33,10.26,10.26,-0.09,-0.87%,0
"2024-04-29 15:19",10.22,10.24,10.18,10.18,-0.08,-0.78%,0
"2024-04-29 15:20",10.2,10.2,9.98,9.98,-0.2,-1.96%,0
"2024-04-29 15:21",9.97,9.97,9.88,9.92,-0.06,-0.60%,0
"2024-04-29 15:22",9.87,9.88,9.87,9.88,-0.04,-0.40%,0
"2024-04-29 15:23",9.86,9.87,9.86,9.86,-0.02,-0.20%,0
"2024-04-29 15:24",9.85,9.91,9.85,9.85,-0.01,-0.10%,0
"2024-04-29 15:25",9.87,9.87,9.8,9.85,0,0.00%,0
"2024-04-29 15:26",9.8,9.82,9.8,9.81,-0.04,-0.41%,0
"2024-04-29 15:27",9.82,9.86,9.82,9.86,0.05,+0.51%,0
"2024-04-29 15:28",9.88,9.9,9.86,9.9,0.04,+0.41%,0
"2024-04-29 15:29",9.89,9.89,9.85,9.86,-0.04,-0.40%,0
"2024-04-29 15:30",9.87,9.87,9.78,9.78,-0.08,-0.81%,0
"2024-04-29 15:31",9.81,9.81,9.76,9.76,-0.02,-0.20%,0
"2024-04-29 15:32",9.71,9.71,9.67,9.7,-0.06,-0.61%,0
"2024-04-29 15:33",9.71,9.71,9.7,9.71,0.01,+0.10%,0
"2024-04-29 15:34",9.71,9.75,9.71,9.74,0.03,+0.31%,0
"2024-04-29 15:35",9.7,9.83,9.7,9.77,0.03,+0.31%,0
"2024-04-29 15:36",9.8,9.89,9.8,9.89,0.12,+1.23%,0
"2024-04-29 15:37",9.81,9.81,9.77,9.77,-0.12,-1.21%,0
"2024-04-29 15:38",9.77,9.78,9.77,9.78,0.01,+0.10%,0
"2024-04-29 15:39",9.76,9.88,9.76,9.88,0.1,+1.02%,0
"2024-04-29 15:40",9.86,9.92,9.83,9.83,-0.05,-0.51%,0
"2024-04-29 15:41",9.84,9.88,9.79,9.79,-0.04,-0.41%,0
"2024-04-29 15:42",9.82,9.82,9.73,9.73,-0.06,-0.61%,0
"2024-04-29 15:43",9.74,9.74,9.69,9.69,-0.04,-0.41%,0
"2024-04-29 15:44",9.68,9.68,9.64,9.68,-0.01,-0.10%,0
"2024-04-29 15:45",9.72,9.74,9.71,9.71,0.03,+0.31%,0
"2024-04-29 15:46",9.73,9.73,9.71,9.72,0.01,+0.10%,0
"2024-04-29 15:47",9.75,9.77,9.75,9.75,0.03,+0.31%,0
"2024-04-29 15:48",9.73,9.77,9.71,9.77,0.02,+0.21%,0
"2024-04-29 15:49",9.83,10.01,9.83,10.01,0.24,+2.46%,0
"2024-04-29 15:50",10.17,10.17,10.03,10.03,0.02,+0.20%,0
"2024-04-29 15:51",9.95,9.99,9.94,9.95,-0.08,-0.80%,0
"2024-04-29 15:52",9.96,9.97,9.91,9.91,-0.04,-0.40%,0
"2024-04-29 15:53",9.91,9.91,9.87,9.87,-0.04,-0.40%,0
"2024-04-29 15:54",9.84,9.84,9.75,9.75,-0.12,-1.22%,0
"2024-04-29 15:55",9.75,9.75,9.64,9.64,-0.11,-1.13%,0
"2024-04-29 15:56",9.68,9.74,9.68,9.74,0.1,+1.04%,0
"2024-04-29 15:57",9.68,9.73,9.68,9.7,-0.04,-0.41%,0
"2024-04-29 15:58",9.7,9.75,9.7,9.74,0.04,+0.41%,0
"2024-04-29 15:59",9.73,9.77,9.68,9.68,-0.06,-0.62%,0
"2024-04-29 16:00",9.5,9.5,9.31,9.39,-0.29,-3.00%,0
"2024-04-29 16:01",9.46,9.53,9.46,9.53,0.14,+1.49%,0
"2024-04-29 16:02",9.53,9.61,9.53,9.61,0.08,+0.84%,0
"2024-04-29 16:03",9.6,9.65,9.6,9.64,0.03,+0.31%,0
"2024-04-29 16:04",9.67,9.67,9.66,9.66,0.02,+0.21%,0
"2024-04-29 16:05",9.69,9.69,9.68,9.68,0.02,+0.21%,0
"2024-04-29 16:06",9.71,9.77,9.71,9.77,0.09,+0.93%,0
"2024-04-29 16:07",9.82,9.87,9.82,9.83,0.06,+0.61%,0
"2024-04-29 16:08",9.84,9.85,9.82,9.84,0.01,+0.10%,0
"2024-04-29 16:09",9.87,9.92,9.8,9.8,-0.04,-0.41%,0
"2024-04-29 16:10",9.79,9.81,9.79,9.79,-0.01,-0.10%,0
"2024-04-29 16:11",9.85,9.86,9.79,9.79,0,0.00%,0
"2024-04-29 16:12",9.79,9.81,9.78,9.81,0.02,+0.20%,0
"2024-04-29 16:13",9.79,9.82,9.79,9.81,0,0.00%,0
"2024-04-29 16:14",9.8,9.83,9.8,9.83,0.02,+0.20%,0
"2024-04-29 16:15",9.8,9.8,9.8,9.8,-0.03,-0.31%,0
"2024-04-30 09:31",9.45,9.58,9.45,9.58,-0.22,-2.24%,0
"2024-04-30 09:32",9.65,9.66,9.58,9.66,0.08,+0.84%,0
"2024-04-30 09:33",9.62,9.68,9.62,9.66,0,0.00%,0
"2024-04-30 09:34",9.54,9.54,9.4,9.4,-0.26,-2.69%,0
"2024-04-30 09:35",9.37,9.49,9.37,9.49,0.09,+0.96%,0
"2024-04-30 09:36",9.46,9.47,9.42,9.42,-0.07,-0.74%,0
"2024-04-30 09:37",9.48,9.52,9.48,9.51,0.09,+0.96%,0
"2024-04-30 09:38",9.45,9.59,9.45,9.59,0.08,+0.84%,0
"2024-04-30 09:39",9.66,9.66,9.56,9.56,-0.03,-0.31%,0
"2024-04-30 09:40",9.54,9.57,9.29,9.29,-0.27,-2.82%,0
"2024-04-30 09:41",9.3,9.36,9.3,9.36,0.07,+0.75%,0
"2024-04-30 09:42",9.35,9.37,9.32,9.37,0.01,+0.11%,0
"2024-04-30 09:43",9.37,9.42,9.37,9.42,0.05,+0.53%,0
"2024-04-30 09:44",9.42,9.42,9.3,9.3,-0.12,-1.27%,0
"2024-04-30 09:45",9.33,9.38,9.33,9.38,0.08,+0.86%,0
"2024-04-30 09:46",9.35,9.45,9.35,9.39,0.01,+0.11%,0
"2024-04-30 09:47",9.36,9.48,9.36,9.48,0.09,+0.96%,0
"2024-04-30 09:48",9.46,9.49,9.45,9.49,0.01,+0.11%,0
"2024-04-30 09:49",9.51,9.51,9.4,9.4,-0.09,-0.95%,0
"2024-04-30 09:50",9.4,9.58,9.4,9.58,0.18,+1.91%,0
"2024-04-30 09:51",9.56,9.56,9.51,9.51,-0.07,-0.73%,0
"2024-04-30 09:52",9.46,9.53,9.46,9.53,0.02,+0.21%,0
"2024-04-30 09:53",9.49,9.54,9.49,9.54,0.01,+0.10%,0
"2024-04-30 09:54",9.52,9.7,9.52,9.67,0.13,+1.36%,0
"2024-04-30 09:55",9.6,9.69,9.6,9.69,0.02,+0.21%,0
"2024-04-30 09:56",9.68,9.74,9.68,9.73,0.04,+0.41%,0
"2024-04-30 09:57",9.68,9.74,9.68,9.71,-0.02,-0.21%,0
"2024-04-30 09:58",9.64,9.65,9.63,9.64,-0.07,-0.72%,0
"2024-04-30 09:59",9.65,9.74,9.65,9.71,0.07,+0.73%,0
"2024-04-30 10:00",9.67,9.67,9.57,9.65,-0.06,-0.62%,0
"2024-04-30 10:01",9.68,9.68,9.57,9.6,-0.05,-0.52%,0
"2024-04-30 10:02",9.61,9.67,9.57,9.67,0.07,+0.73%,0
"2024-04-30 10:03",9.67,9.84,9.67,9.84,0.17,+1.76%,0
"2024-04-30 10:04",9.81,9.82,9.81,9.81,-0.03,-0.30%,0
"2024-04-30 10:05",9.82,9.84,9.77,9.77,-0.04,-0.41%,0
"2024-04-30 10:06",9.8,9.83,9.8,9.83,0.06,+0.61%,0
"2024-04-30 10:07",9.83,9.86,9.79,9.79,-0.04,-0.41%,0
"2024-04-30 10:08",9.82,9.88,9.82,9.88,0.09,+0.92%,0
"2024-04-30 10:09",9.89,9.9,9.85,9.88,0,0.00%,0
"2024-04-30 10:10",9.89,9.93,9.89,9.9,0.02,+0.20%,0
"2024-04-30 10:11",9.92,10.09,9.92,10.09,0.19,+1.92%,0
"2024-04-30 10:12",10.08,10.18,10.08,10.18,0.09,+0.89%,0
"2024-04-30 10:13",10.23,10.23,9.97,9.97,-0.21,-2.06%,0
"2024-04-30 10:14",9.94,9.96,9.92,9.92,-0.05,-0.50%,0
"2024-04-30 10:15",9.88,9.88,9.77,9.77,-0.15,-1.51%,0
"2024-04-30 10:16",9.79,9.94,9.79,9.94,0.17,+1.74%,0
"2024-04-30 10:17",9.92,9.94,9.92,9.92,-0.02,-0.20%,0
"2024-04-30 10:18",9.84,9.91,9.84,9.91,-0.01,-0.10%,0
"2024-04-30 10:19",9.89,9.94,9.89,9.93,0.02,+0.20%,0
"2024-04-30 10:20",9.96,9.96,9.93,9.93,0,0.00%,0
"2024-04-30 10:21",9.96,10.03,9.96,10.03,0.1,+1.01%,0
"2024-04-30 10:22",10.08,10.08,9.99,10.02,-0.01,-0.10%,0
"2024-04-30 10:23",10.03,10.06,10.03,10.03,0.01,+0.10%,0
"2024-04-30 10:24",10.06,10.12,10.06,10.12,0.09,+0.90%,0
"2024-04-30 10:25",10.09,10.11,10.09,10.11,-0.01,-0.10%,0
"2024-04-30 10:26",10.11,10.13,10.11,10.13,0.02,+0.20%,0
"2024-04-30 10:27",10.11,10.25,10.11,10.21,0.08,+0.79%,0
"2024-04-30 10:28",10.22,10.28,10.22,10.27,0.06,+0.59%,0
"2024-04-30 10:29",10.26,10.48,10.26,10.48,0.21,+2.04%,0
"2024-04-30 10:30",10.55,10.55,10.38,10.39,-0.09,-0.86%,0
"2024-04-30 10:31",10.48,10.65,10.48,10.51,0.12,+1.15%,0
"2024-04-30 10:32",10.5,10.55,10.5,10.55,0.04,+0.38%,0
"2024-04-30 10:33",10.56,10.6,10.56,10.6,0.05,+0.47%,0
"2024-04-30 10:34",10.62,10.69,10.62,10.62,0.02,+0.19%,0
"2024-04-30 10:35",10.6,10.69,10.6,10.69,0.07,+0.66%,0
"2024-04-30 10:36",10.7,10.73,10.7,10.73,0.04,+0.37%,0
"2024-04-30 10:37",10.63,10.65,10.62,10.65,-0.08,-0.75%,0
"2024-04-30 10:38",10.66,10.68,10.64,10.64,-0.01,-0.09%,0
"2024-04-30 10:39",10.64,10.64,10.54,10.55,-0.09,-0.85%,0
"2024-04-30 10:40",10.57,10.57,10.53,10.54,-0.01,-0.09%,0
"2024-04-30 10:41",10.53,10.56,10.45,10.45,-0.09,-0.85%,0
"2024-04-30 10:42",10.46,10.48,10.45,10.45,0,0.00%,0
"2024-04-30 10:43",10.43,10.52,10.43,10.52,0.07,+0.67%,0
"2024-04-30 10:44",10.53,10.53,10.51,10.51,-0.01,-0.10%,0
"2024-04-30 10:45",10.5,10.52,10.47,10.47,-0.04,-0.38%,0
"2024-04-30 10:46",10.43,10.47,10.43,10.44,-0.03,-0.29%,0
"2024-04-30 10:47",10.41,10.47,10.41,10.46,0.02,+0.19%,0
"2024-04-30 10:48",10.46,10.5,10.46,10.5,0.04,+0.38%,0
"2024-04-30 10:49",10.47,10.53,10.47,10.53,0.03,+0.29%,0
"2024-04-30 10:50",10.55,10.64,10.55,10.62,0.09,+0.85%,0
"2024-04-30 10:51",10.61,10.68,10.61,10.66,0.04,+0.38%,0
"2024-04-30 10:52",10.6,10.69,10.6,10.67,0.01,+0.09%,0
"2024-04-30 10:53",10.68,10.83,10.68,10.81,0.14,+1.31%,0
"2024-04-30 10:54",10.84,10.9,10.82,10.82,0.01,+0.09%,0
"2024-04-30 10:55",10.83,10.88,10.83,10.88,0.06,+0.55%,0
"2024-04-30 10:56",10.89,11.03,10.89,11,0.12,+1.10%,0
"2024-04-30 10:57",11.01,11.01,10.93,10.97,-0.03,-0.27%,0
"2024-04-30 10:58",10.97,11.01,10.97,10.99,0.02,+0.18%,0
"2024-04-30 10:59",10.99,11.02,10.99,11,0.01,+0.09%,0
"2024-04-30 11:00",10.99,11.02,10.99,11.01,0.01,+0.09%,0
"2024-04-30 11:01",11.05,11.19,11.05,11.19,0.18,+1.63%,0
"2024-04-30 11:02",11.21,11.27,11.19,11.19,0,0.00%,0
"2024-04-30 11:03",11.16,11.27,11.16,11.27,0.08,+0.71%,0
"2024-04-30 11:04",11.27,11.34,11.27,11.34,0.07,+0.62%,0
"2024-04-30 11:05",11.34,11.39,11.34,11.34,0,0.00%,0
"2024-04-30 11:06",11.35,11.45,11.35,11.45,0.11,+0.97%,0
"2024-04-30 11:07",11.6,11.6,11.54,11.58,0.13,+1.14%,0
"2024-04-30 11:08",11.57,11.57,11.51,11.56,-0.02,-0.17%,0
"2024-04-30 11:09",12.07,12.18,11.91,12.18,0.62,+5.36%,0
"2024-04-30 11:10",12.08,12.14,12.08,12.08,-0.1,-0.82%,0
"2024-04-30 11:11",12.07,12.51,12.07,12.51,0.43,+3.56%,0
"2024-04-30 11:12",12.49,12.61,12.49,12.61,0.1,+0.80%,0
"2024-04-30 11:13",12.87,12.89,12.76,12.89,0.28,+2.22%,0
"2024-04-30 11:14",12.68,13.09,12.68,13.08,0.19,+1.47%,0
"2024-04-30 11:15",12.78,12.89,12.78,12.89,-0.19,-1.45%,0
"2024-04-30 11:16",12.82,12.82,12.59,12.63,-0.26,-2.02%,0
"2024-04-30 11:17",12.65,12.68,12.65,12.68,0.05,+0.40%,0
"2024-04-30 11:18",12.68,12.71,12.56,12.56,-0.12,-0.95%,0
"2024-04-30 11:19",12.56,12.59,12.56,12.57,0.01,+0.08%,0
"2024-04-30 11:20",12.56,12.59,12.53,12.53,-0.04,-0.32%,0
"2024-04-30 11:21",12.55,12.62,12.55,12.6,0.07,+0.56%,0
"2024-04-30 11:22",12.61,12.74,12.61,12.73,0.13,+1.03%,0
"2024-04-30 11:23",12.75,12.83,12.75,12.83,0.1,+0.79%,0
"2024-04-30 11:24",12.83,12.87,12.83,12.87,0.04,+0.31%,0
"2024-04-30 11:25",12.86,12.86,12.83,12.85,-0.02,-0.16%,0
"2024-04-30 11:26",12.84,12.89,12.84,12.86,0.01,+0.08%,0
"2024-04-30 11:27",12.87,12.93,12.87,12.93,0.07,+0.54%,0
"2024-04-30 11:28",12.93,12.96,12.93,12.96,0.03,+0.23%,0
"2024-04-30 11:29",12.97,13,12.97,12.97,0.01,+0.08%,0
"2024-04-30 11:30",12.94,13,12.94,13,0.03,+0.23%,0
"2024-04-30 11:31",13.01,13.29,13.01,13.22,0.22,+1.69%,0
"2024-04-30 11:32",13.24,13.44,13.22,13.22,0,0.00%,0
"2024-04-30 11:33",13.24,13.35,13.24,13.35,0.13,+0.98%,0
"2024-04-30 11:34",13.32,13.32,13.24,13.24,-0.11,-0.82%,0
"2024-04-30 11:35",13.24,13.24,13.18,13.18,-0.06,-0.45%,0
"2024-04-30 11:36",13.18,13.27,13.18,13.27,0.09,+0.68%,0
"2024-04-30 11:37",13.27,13.32,13.27,13.31,0.04,+0.30%,0
"2024-04-30 11:38",13.31,13.36,13.31,13.34,0.03,+0.23%,0
"2024-04-30 11:39",13.34,13.39,13.34,13.39,0.05,+0.37%,0
"2024-04-30 11:40",13.39,13.49,13.39,13.49,0.1,+0.75%,0
"2024-04-30 11:41",13.46,13.66,13.46,13.64,0.15,+1.11%,0
"2024-04-30 11:42",13.62,13.66,13.61,13.66,0.02,+0.15%,0
"2024-04-30 11:43",13.68,13.68,13.55,13.55,-0.11,-0.81%,0
"2024-04-30 11:44",13.55,13.58,13.55,13.57,0.02,+0.15%,0
"2024-04-30 11:45",13.57,13.58,13.56,13.56,-0.01,-0.07%,0
"2024-04-30 11:46",13.53,13.57,13.53,13.55,-0.01,-0.07%,0
"2024-04-30 11:47",13.55,13.59,13.55,13.59,0.04,+0.30%,0
"2024-04-30 11:48",13.6,13.67,13.6,13.67,0.08,+0.59%,0
"2024-04-30 11:49",13.65,13.7,13.65,13.67,0,0.00%,0
"2024-04-30 11:50",13.67,13.7,13.67,13.68,0.01,+0.07%,0
"2024-04-30 11:51",13.68,13.76,13.68,13.73,0.05,+0.37%,0
"2024-04-30 11:52",13.71,13.77,13.71,13.75,0.02,+0.15%,0
"2024-04-30 11:53",13.73,13.75,13.73,13.74,-0.01,-0.07%,0
"2024-04-30 11:54",13.73,13.74,13.73,13.73,-0.01,-0.07%,0
"2024-04-30 11:55",13.74,13.74,13.66,13.66,-0.07,-0.51%,0
"2024-04-30 11:56",13.68,13.7,13.63,13.63,-0.03,-0.22%,0
"2024-04-30 11:57",13.62,13.66,13.62,13.66,0.03,+0.22%,0
"2024-04-30 11:58",13.65,13.67,13.65,13.65,-0.01,-0.07%,0
"2024-04-30 11:59",13.64,13.65,13.64,13.64,-0.01,-0.07%,0
"2024-04-30 12:00",13.65,13.68,13.65,13.67,0.03,+0.22%,0
"2024-04-30 12:01",13.68,13.95,13.68,13.95,0.28,+2.05%,0
"2024-04-30 12:02",13.84,13.87,13.84,13.87,-0.08,-0.57%,0
"2024-04-30 12:03",13.87,13.91,13.87,13.9,0.03,+0.22%,0
"2024-04-30 12:04",13.88,13.94,13.88,13.94,0.04,+0.29%,0
"2024-04-30 12:05",13.94,14.03,13.94,14.03,0.09,+0.65%,0
"2024-04-30 12:06",14.03,14.05,14.03,14.05,0.02,+0.14%,0
"2024-04-30 12:07",14.06,14.08,14.05,14.05,0,0.00%,0
"2024-04-30 12:08",14.05,14.07,14.04,14.04,-0.01,-0.07%,0
"2024-04-30 12:09",14.03,14.03,14,14,-0.04,-0.28%,0
"2024-04-30 12:10",13.98,14.03,13.98,14.03,0.03,+0.21%,0
"2024-04-30 12:11",14,14.03,13.96,13.96,-0.07,-0.50%,0
"2024-04-30 12:12",13.98,14.01,13.98,14.01,0.05,+0.36%,0
"2024-04-30 12:13",14.03,14.08,14.03,14.04,0.03,+0.21%,0
"2024-04-30 12:14",14.05,14.09,14.05,14.07,0.03,+0.21%,0
"2024-04-30 12:15",14.06,14.06,14.01,14.01,-0.06,-0.43%,0
"2024-04-30 12:16",14.01,14.02,14.01,14.01,0,0.00%,0
"2024-04-30 12:17",14.01,14.03,14.01,14.02,0.01,+0.07%,0
"2024-04-30 12:18",14.02,14.04,14.02,14.03,0.01,+0.07%,0
"2024-04-30 12:19",14.04,14.05,14.04,14.04,0.01,+0.07%,0
"2024-04-30 12:20",14.03,14.07,14.03,14.07,0.03,+0.21%,0
"2024-04-30 12:21",14.04,14.06,14.03,14.03,-0.04,-0.28%,0
"2024-04-30 12:22",14.03,14.07,14.03,14.04,0.01,+0.07%,0
"2024-04-30 12:23",14.04,14.07,14.02,14.02,-0.02,-0.14%,0
"2024-04-30 12:24",14.04,14.09,14.04,14.04,0.02,+0.14%,0
"2024-04-30 12:25",14.03,14.07,14.03,14.07,0.03,+0.21%,0
"2024-04-30 12:26",14.07,14.1,14.07,14.08,0.01,+0.07%,0
"2024-04-30 12:27",14.08,14.15,14.08,14.13,0.05,+0.36%,0
"2024-04-30 12:28",14.14,14.17,14.14,14.16,0.03,+0.21%,0
"2024-04-30 12:29",14.16,14.2,14.16,14.19,0.03,+0.21%,0
"2024-04-30 12:30",14.17,14.36,14.17,14.35,0.16,+1.13%,0
"2024-04-30 12:31",14.39,14.47,14.39,14.47,0.12,+0.84%,0
"2024-04-30 12:32",14.44,14.67,14.44,14.67,0.2,+1.38%,0
"2024-04-30 12:33",14.72,14.88,14.72,14.79,0.12,+0.82%,0
"2024-04-30 12:34",14.81,15.2,14.81,15.12,0.33,+2.23%,0
"2024-04-30 12:35",15.13,15.13,14.79,14.8,-0.32,-2.12%,0
"2024-04-30 12:36",14.95,15.04,14.95,15.04,0.24,+1.62%,0
"2024-04-30 12:37",14.96,14.96,14.94,14.95,-0.09,-0.60%,0
"2024-04-30 12:38",14.97,15.06,14.97,15.06,0.11,+0.74%,0
"2024-04-30 12:39",15.12,15.22,15.12,15.22,0.16,+1.06%,0
"2024-04-30 12:40",15.23,15.26,15.23,15.25,0.03,+0.20%,0
"2024-04-30 12:41",15.24,15.37,15.17,15.37,0.12,+0.79%,0
"2024-04-30 12:42",15.38,15.59,15.38,15.59,0.22,+1.43%,0
"2024-04-30 12:43",15.6,15.62,15.42,15.42,-0.17,-1.09%,0
"2024-04-30 12:44",15.48,15.59,15.46,15.46,0.04,+0.26%,0
"2024-04-30 12:45",15.46,15.56,15.46,15.56,0.1,+0.65%,0
"2024-04-30 12:46",15.55,15.56,15.46,15.47,-0.09,-0.58%,0
"2024-04-30 12:47",15.45,15.45,15.42,15.42,-0.05,-0.32%,0
"2024-04-30 12:48",15.44,15.46,15.29,15.29,-0.13,-0.84%,0
"2024-04-30 12:49",15.27,15.28,15.26,15.26,-0.03,-0.20%,0
"2024-04-30 12:50",15.26,15.26,15.19,15.19,-0.07,-0.46%,0
"2024-04-30 12:51",15.2,15.23,15.2,15.22,0.03,+0.20%,0
"2024-04-30 12:52",15.22,15.35,15.22,15.35,0.13,+0.85%,0
"2024-04-30 12:53",15.36,15.43,15.36,15.43,0.08,+0.52%,0
"2024-04-30 12:54",15.44,15.46,15.43,15.43,0,0.00%,0
"2024-04-30 12:55",15.46,15.48,15.46,15.48,0.05,+0.32%,0
"2024-04-30 12:56",15.49,15.5,15.45,15.45,-0.03,-0.19%,0
"2024-04-30 12:57",15.46,15.47,15.4,15.4,-0.05,-0.32%,0
"2024-04-30 12:58",15.4,15.43,15.34,15.34,-0.06,-0.39%,0
"2024-04-30 12:59",15.33,15.33,15.32,15.32,-0.02,-0.13%,0
"2024-04-30 13:00",15.33,15.44,15.33,15.44,0.12,+0.78%,0
"2024-04-30 13:01",15.52,15.54,15.5,15.51,0.07,+0.45%,0
"2024-04-30 13:02",15.5,15.51,15.49,15.51,0,0.00%,0
"2024-04-30 13:03",15.5,15.51,15.47,15.47,-0.04,-0.26%,0
"2024-04-30 13:04",15.56,15.59,15.56,15.59,0.12,+0.78%,0
"2024-04-30 13:05",15.6,15.73,15.6,15.68,0.09,+0.58%,0
"2024-04-30 13:06",15.66,15.69,15.63,15.63,-0.05,-0.32%,0
"2024-04-30 13:07",15.63,15.66,15.63,15.65,0.02,+0.13%,0
"2024-04-30 13:08",15.66,15.69,15.66,15.69,0.04,+0.26%,0
"2024-04-30 13:09",15.68,15.7,15.68,15.7,0.01,+0.06%,0
"2024-04-30 13:10",15.71,15.73,15.71,15.72,0.02,+0.13%,0
"2024-04-30 13:11",15.71,15.74,15.71,15.73,0.01,+0.06%,0
"2024-04-30 13:12",15.78,16,15.78,16,0.27,+1.72%,0
"2024-04-30 13:13",16,16.07,16,16.05,0.05,+0.31%,0
"2024-04-30 13:14",16.03,16.03,16.02,16.03,-0.02,-0.12%,0
"2024-04-30 13:15",16.02,16.05,16.02,16.05,0.02,+0.12%,0
"2024-04-30 13:16",16.04,16.09,16.04,16.08,0.03,+0.19%,0
"2024-04-30 13:17",16.04,16.04,16.01,16.02,-0.06,-0.37%,0
"2024-04-30 13:18",16.02,16.07,16.02,16.04,0.02,+0.12%,0
"2024-04-30 13:19",16.04,16.04,16.03,16.03,-0.01,-0.06%,0
"2024-04-30 13:20",16.05,16.07,16.05,16.05,0.02,+0.12%,0
"2024-04-30 13:21",16.05,16.07,16.04,16.04,-0.01,-0.06%,0
"2024-04-30 13:22",16.09,16.09,16.05,16.05,0.01,+0.06%,0
"2024-04-30 13:23",16.03,16.03,15.99,15.99,-0.06,-0.37%,0
"2024-04-30 13:24",15.96,15.98,15.96,15.97,-0.02,-0.13%,0
"2024-04-30 13:25",15.96,15.99,15.96,15.96,-0.01,-0.06%,0
"2024-04-30 13:26",15.98,16,15.96,15.96,0,0.00%,0
"2024-04-30 13:27",15.97,15.99,15.97,15.99,0.03,+0.19%,0
"2024-04-30 13:28",15.99,16.03,15.99,16.03,0.04,+0.25%,0
"2024-04-30 13:29",16.02,16.05,16.02,16.04,0.01,+0.06%,0
"2024-04-30 13:30",16.03,16.05,16.03,16.05,0.01,+0.06%,0
"2024-04-30 13:31",16.05,16.07,16.05,16.05,0,0.00%,0
"2024-04-30 13:32",16.04,16.05,16.02,16.02,-0.03,-0.19%,0
"2024-04-30 13:33",16.03,16.04,16.01,16.03,0.01,+0.06%,0
"2024-04-30 13:34",16.02,16.05,16.02,16.05,0.02,+0.12%,0
"2024-04-30 13:35",16.04,16.08,16.04,16.08,0.03,+0.19%,0
"2024-04-30 13:36",16.08,16.1,16.06,16.06,-0.02,-0.12%,0
"2024-04-30 13:37",16.06,16.1,16.06,16.1,0.04,+0.25%,0
"2024-04-30 13:38",16.07,16.09,16.07,16.09,-0.01,-0.06%,0
"2024-04-30 13:39",16.08,16.1,16.08,16.09,0,0.00%,0
"2024-04-30 13:40",16.08,16.08,16.01,16.02,-0.07,-0.44%,0
"2024-04-30 13:41",16.04,16.11,16.02,16.11,0.09,+0.56%,0
"2024-04-30 13:42",16.08,16.08,16.02,16.02,-0.09,-0.56%,0
"2024-04-30 13:43",16.01,16.04,16.01,16.03,0.01,+0.06%,0
"2024-04-30 13:44",16.02,16.05,16.02,16.02,-0.01,-0.06%,0
"2024-04-30 13:45",16.03,16.04,16.02,16.02,0,0.00%,0
"2024-04-30 13:46",16.01,16.01,15.98,16,-0.02,-0.12%,0
"2024-04-30 13:47",16,16.02,16,16,0,0.00%,0
"2024-04-30 13:48",16.01,16.02,16,16,0,0.00%,0
"2024-04-30 13:49",16,16.02,16,16.02,0.02,+0.13%,0
"2024-04-30 13:50",16.02,16.05,16.02,16.05,0.03,+0.19%,0
"2024-04-30 13:51",16.04,16.06,16.04,16.05,0,0.00%,0
"2024-04-30 13:52",16.06,16.07,16.06,16.07,0.02,+0.12%,0
"2024-04-30 13:53",16.06,16.07,16.06,16.06,-0.01,-0.06%,0
"2024-04-30 13:54",16.06,16.07,16.05,16.05,-0.01,-0.06%,0
"2024-04-30 13:55",16.03,16.05,16.03,16.05,0,0.00%,0
"2024-04-30 13:56",16.04,16.05,16.02,16.03,-0.02,-0.12%,0
"2024-04-30 13:57",16.01,16.07,16.01,16.06,0.03,+0.19%,0
"2024-04-30 13:58",16.06,16.08,16.04,16.04,-0.02,-0.12%,0
"2024-04-30 13:59",16.04,16.06,16.04,16.04,0,0.00%,0
"2024-04-30 14:00",16.05,16.07,16.03,16.03,-0.01,-0.06%,0
"2024-04-30 14:01",16.01,16.03,15.99,15.99,-0.04,-0.25%,0
"2024-04-30 14:02",15.98,16,15.97,15.99,0,0.00%,0
"2024-04-30 14:03",15.98,16.02,15.98,16.01,0.02,+0.13%,0
"2024-04-30 14:04",16,16.02,16,16.01,0,0.00%,0
"2024-04-30 14:05",16.02,16.04,16.02,16.02,0.01,+0.06%,0
"2024-04-30 14:06",16.04,16.06,16.04,16.06,0.04,+0.25%,0
"2024-04-30 14:07",16.06,16.1,16.06,16.1,0.04,+0.25%,0
"2024-04-30 14:08",16.1,16.12,16.1,16.12,0.02,+0.12%,0
"2024-04-30 14:09",16.11,16.15,16.11,16.15,0.03,+0.19%,0
"2024-04-30 14:10",16.15,16.17,16.15,16.16,0.01,+0.06%,0
"2024-04-30 14:11",16.17,16.21,16.17,16.19,0.03,+0.19%,0
"2024-04-30 14:12",16.19,16.2,16.18,16.18,-0.01,-0.06%,0
"2024-04-30 14:13",16.17,16.17,16.1,16.1,-0.08,-0.49%,0
"2024-04-30 14:14",16.11,16.13,16.11,16.13,0.03,+0.19%,0
"2024-04-30 14:15",16.13,16.13,16.12,16.12,-0.01,-0.06%,0
"2024-04-30 14:16",16.12,16.15,16.12,16.15,0.03,+0.19%,0
"2024-04-30 14:17",16.16,16.19,16.16,16.19,0.04,+0.25%,0
"2024-04-30 14:18",16.2,16.22,16.2,16.22,0.03,+0.19%,0
"2024-04-30 14:19",16.22,16.28,16.22,16.28,0.06,+0.37%,0
"2024-04-30 14:20",16.28,16.3,16.28,16.28,0,0.00%,0
"2024-04-30 14:21",16.28,16.28,16.24,16.24,-0.04,-0.25%,0
"2024-04-30 14:22",16.25,16.25,16.21,16.21,-0.03,-0.18%,0
"2024-04-30 14:23",16.21,16.27,16.21,16.27,0.06,+0.37%,0
"2024-04-30 14:24",16.27,16.32,16.27,16.32,0.05,+0.31%,0
"2024-04-30 14:25",16.3,16.32,16.3,16.3,-0.02,-0.12%,0
"2024-04-30 14:26",16.3,16.42,16.3,16.4,0.1,+0.61%,0
"2024-04-30 14:27",16.34,16.43,16.34,16.43,0.03,+0.18%,0
"2024-04-30 14:28",16.43,16.67,16.43,16.67,0.24,+1.46%,0
"2024-04-30 14:29",16.56,16.65,16.56,16.63,-0.04,-0.24%,0
"2024-04-30 14:30",16.64,16.64,16.64,16.64,0.01,+0.06%,0
"2024-04-30 14:31",16.63,16.67,16.53,16.53,-0.11,-0.66%,0
"2024-04-30 14:32",16.55,16.63,16.55,16.63,0.1,+0.60%,0
"2024-04-30 14:33",16.63,16.64,16.61,16.61,-0.02,-0.12%,0
"2024-04-30 14:34",16.6,16.64,16.6,16.62,0.01,+0.06%,0
"2024-04-30 14:35",16.63,16.65,16.62,16.62,0,0.00%,0
"2024-04-30 14:36",16.6,16.66,16.6,16.65,0.03,+0.18%,0
"2024-04-30 14:37",16.67,16.69,16.67,16.69,0.04,+0.24%,0
"2024-04-30 14:38",16.68,16.71,16.68,16.71,0.02,+0.12%,0
"2024-04-30 14:39",16.7,16.74,16.7,16.73,0.02,+0.12%,0
"2024-04-30 14:40",16.72,16.77,16.72,16.76,0.03,+0.18%,0
"2024-04-30 14:41",16.76,16.79,16.76,16.77,0.01,+0.06%,0
"2024-04-30 14:42",16.77,16.78,16.77,16.77,0,0.00%,0
"2024-04-30 14:43",16.77,16.8,16.77,16.8,0.03,+0.18%,0
"2024-04-30 14:44",16.8,16.86,16.8,16.86,0.06,+0.36%,0
"2024-04-30 14:45",16.85,16.86,16.84,16.86,0,0.00%,0
"2024-04-30 14:46",16.87,16.88,16.85,16.85,-0.01,-0.06%,0
"2024-04-30 14:47",16.85,16.88,16.85,16.87,0.02,+0.12%,0
"2024-04-30 14:48",16.87,16.95,16.87,16.95,0.08,+0.47%,0
"2024-04-30 14:49",16.96,17.05,16.96,17.05,0.1,+0.59%,0
"2024-04-30 14:50",17.04,17.29,17.04,17.06,0.01,+0.06%,0
"2024-04-30 14:51",17.11,17.16,17.11,17.15,0.09,+0.53%,0
"2024-04-30 14:52",17.07,17.12,17.07,17.12,-0.03,-0.17%,0
"2024-04-30 14:53",17.16,17.31,17.16,17.31,0.19,+1.11%,0
"2024-04-30 14:54",17.35,17.36,17.34,17.34,0.03,+0.17%,0
"2024-04-30 14:55",17.34,17.36,17.34,17.36,0.02,+0.12%,0
"2024-04-30 14:56",17.37,17.37,17.31,17.31,-0.05,-0.29%,0
"2024-04-30 14:57",17.32,17.36,17.32,17.36,0.05,+0.29%,0
"2024-04-30 14:58",17.37,17.41,17.37,17.39,0.03,+0.17%,0
"2024-04-30 14:59",17.38,17.43,17.36,17.36,-0.03,-0.17%,0
"2024-04-30 15:00",17.31,17.31,17.28,17.28,-0.08,-0.46%,0
"2024-04-30 15:01",17.28,17.28,17.28,17.28,0,0.00%,0
"2024-04-30 15:02",17.27,17.3,17.27,17.3,0.02,+0.12%,0
"2024-04-30 15:03",17.29,17.29,17.25,17.25,-0.05,-0.29%,0
"2024-04-30 15:04",17.25,17.28,17.25,17.28,0.03,+0.17%,0
"2024-04-30 15:05",17.28,17.29,17.28,17.29,0.01,+0.06%,0
"2024-04-30 15:06",17.29,17.32,17.29,17.29,0,0.00%,0
"2024-04-30 15:07",17.28,17.29,17.28,17.28,-0.01,-0.06%,0
"2024-04-30 15:08",17.27,17.3,17.27,17.27,-0.01,-0.06%,0
"2024-04-30 15:09",17.26,17.31,17.26,17.31,0.04,+0.23%,0
"2024-04-30 15:10",17.31,17.32,17.31,17.31,0,0.00%,0
"2024-04-30 15:11",17.3,17.31,17.3,17.31,0,0.00%,0
"2024-04-30 15:12",17.31,17.35,17.31,17.34,0.03,+0.17%,0
"2024-04-30 15:13",17.33,17.36,17.33,17.35,0.01,+0.06%,0
"2024-04-30 15:14",17.36,17.39,17.36,17.39,0.04,+0.23%,0
"2024-04-30 15:15",17.39,17.42,17.39,17.41,0.02,+0.12%,0
"2024-04-30 15:16",17.44,17.51,17.44,17.51,0.1,+0.57%,0
"2024-04-30 15:17",17.36,17.6,17.36,17.41,-0.1,-0.57%,0
"2024-04-30 15:18",17.56,17.64,17.56,17.62,0.21,+1.21%,0
"2024-04-30 15:19",17.63,17.66,17.63,17.66,0.04,+0.23%,0
"2024-04-30 15:20",17.66,17.68,17.65,17.65,-0.01,-0.06%,0
"2024-04-30 15:21",17.64,17.67,17.64,17.67,0.02,+0.11%,0
"2024-04-30 15:22",17.67,17.77,17.67,17.77,0.1,+0.57%,0
"2024-04-30 15:23",17.8,17.81,17.79,17.79,0.02,+0.11%,0
"2024-04-30 15:24",17.78,17.8,17.78,17.79,0,0.00%,0
"2024-04-30 15:25",17.79,17.8,17.78,17.79,0,0.00%,0
"2024-04-30 15:26",17.78,17.81,17.78,17.81,0.02,+0.11%,0
"2024-04-30 15:27",17.66,17.84,17.66,17.82,0.01,+0.06%,0
"2024-04-30 15:28",17.79,17.79,17.77,17.79,-0.03,-0.17%,0
"2024-04-30 15:29",17.79,17.86,17.71,17.71,-0.08,-0.45%,0
"2024-04-30 15:30",17.71,17.87,17.71,17.87,0.16,+0.90%,0
"2024-04-30 15:31",17.84,17.86,17.84,17.86,-0.01,-0.06%,0
"2024-04-30 15:32",17.86,17.88,17.86,17.87,0.01,+0.06%,0
"2024-04-30 15:33",17.86,17.89,17.86,17.88,0.01,+0.06%,0
"2024-04-30 15:34",17.89,17.93,17.89,17.93,0.05,+0.28%,0
"2024-04-30 15:35",17.94,17.96,17.94,17.95,0.02,+0.11%,0
"2024-04-30 15:36",17.93,17.97,17.93,17.97,0.02,+0.11%,0
"2024-04-30 15:37",17.97,18.14,17.97,18.14,0.17,+0.95%,0
"2024-04-30 15:38",18.12,18.14,18.12,18.14,0,0.00%,0
"2024-04-30 15:39",18.16,18.18,18.16,18.18,0.04,+0.22%,0
"2024-04-30 15:40",18.19,18.21,18.19,18.19,0.01,+0.06%,0
"2024-04-30 15:41",18.21,18.23,18.11,18.11,-0.08,-0.44%,0
"2024-04-30 15:42",18.12,18.16,18.12,18.14,0.03,+0.17%,0
"2024-04-30 15:43",18.14,18.31,18.14,18.3,0.16,+0.88%,0
"2024-04-30 15:44",18.31,18.36,18.31,18.36,0.06,+0.33%,0
"2024-04-30 15:45",18.38,18.4,18.38,18.4,0.04,+0.22%,0
"2024-04-30 15:46",18.4,18.43,18.4,18.43,0.03,+0.16%,0
"2024-04-30 15:47",18.43,18.45,18.43,18.45,0.02,+0.11%,0
"2024-04-30 15:48",18.45,18.46,18.43,18.43,-0.02,-0.11%,0
"2024-04-30 15:49",18.43,18.43,18.39,18.42,-0.01,-0.05%,0
"2024-04-30 15:50",18.46,18.51,18.46,18.49,0.07,+0.38%,0
"2024-04-30 15:51",18.48,18.57,18.48,18.57,0.08,+0.43%,0
"2024-04-30 15:52",18.59,18.71,18.59,18.71,0.14,+0.75%,0
"2024-04-30 15:53",18.71,18.93,18.71,18.93,0.22,+1.18%,0
"2024-04-30 15:54",19,19.06,19,19.06,0.13,+0.69%,0
"2024-04-30 15:55",19.17,19.34,19.17,19.34,0.28,+1.47%,0
"2024-04-30 15:56",19.34,19.34,19.25,19.25,-0.09,-0.47%,0
"2024-04-30 15:57",19.35,19.4,19.35,19.4,0.15,+0.78%,0
"2024-04-30 15:58",19.41,19.55,19.41,19.55,0.15,+0.77%,0
"2024-04-30 15:59",19.63,19.69,19.61,19.69,0.14,+0.72%,0
"2024-04-30 16:00",19.62,19.62,19.39,19.39,-0.3,-1.52%,0
"2024-04-30 16:01",19.12,19.52,18.86,18.92,-0.47,-2.42%,0
"2024-04-30 16:02",18.92,19.17,18.92,19.17,0.25,+1.32%,0
"2024-04-30 16:03",19.21,19.21,19.08,19.1,-0.07,-0.37%,0
"2024-04-30 16:04",18.87,18.95,18.87,18.93,-0.17,-0.89%,0
"2024-04-30 16:05",18.89,18.89,18.5,18.54,-0.39,-2.06%,0
"2024-04-30 16:06",18.31,18.57,18.31,18.34,-0.2,-1.08%,0
"2024-04-30 16:07",18.37,18.37,18.25,18.28,-0.06,-0.33%,0
"2024-04-30 16:08",18.22,18.22,17.85,18.17,-0.11,-0.60%,0
"2024-04-30 16:09",18.13,18.13,17.9,17.9,-0.27,-1.49%,0
"2024-04-30 16:10",17.96,17.96,17.88,17.88,-0.02,-0.11%,0
"2024-04-30 16:11",17.8,17.82,17.77,17.8,-0.08,-0.45%,0
"2024-04-30 16:12",17.82,17.96,17.82,17.96,0.16,+0.90%,0
"2024-04-30 16:13",17.95,18.03,17.95,18,0.04,+0.22%,0
"2024-04-30 16:14",18.04,18.08,18.01,18.08,0.08,+0.44%,0
"2024-04-30 16:15",18.1,18.1,18.1,18.1,0.02,+0.11%,0
"Downloaded from Barchart.com as of 09-03-2026 09:02am CDT"
