Time,Open,High,Low,Latest,Change,%Change,Volume
"2026-08-03 09:31",9.25,9.25,9.16,9.16,-3.13,-25.47%,0
"2026-08-03 09:32",9,9.04,8.93,9.04,-0.12,-1.31%,0
"2026-08-03 09:33",8.93,8.96,8.84,8.91,-0.13,-1.44%,0
"2026-08-03 09:34",8.93,8.96,8.93,8.94,0.03,+0.34%,0
"2026-08-03 09:35",9.01,9.01,8.94,9,0.06,+0.67%,0
"2026-08-03 09:36",8.93,8.93,8.85,8.85,-0.15,-1.67%,0
"2026-08-03 09:37",8.75,8.75,8.62,8.73,-0.12,-1.36%,0
"2026-08-03 09:38",8.79,8.85,8.79,8.83,0.1,+1.15%,0
"2026-08-03 09:39",8.75,8.75,8.66,8.66,-0.17,-1.93%,0
"2026-08-03 09:40",8.6,8.91,8.6,8.85,0.19,+2.19%,0
"2026-08-03 09:41",8.74,8.81,8.74,8.76,-0.09,-1.02%,0
"2026-08-03 09:42",8.71,8.94,8.71,8.94,0.18,+2.05%,0
"2026-08-03 09:43",8.94,8.95,8.83,8.88,-0.06,-0.67%,0
"2026-08-03 09:44",8.84,8.84,8.65,8.68,-0.2,-2.25%,0
"2026-08-03 09:45",8.6,8.64,8.6,8.62,-0.06,-0.69%,0
"2026-08-03 09:46",8.63,8.7,8.6,8.7,0.08,+0.93%,0
"2026-08-03 09:47",8.76,8.76,8.53,8.53,-0.17,-1.95%,0
"2026-08-03 09:48",8.45,8.49,8.36,8.36,-0.17,-1.99%,0
"2026-08-03 09:49",8.54,8.54,8.36,8.43,0.07,+0.84%,0
"2026-08-03 09:50",8.46,8.49,8.38,8.49,0.06,+0.71%,0
"2026-08-03 09:51",8.4,8.4,8.17,8.17,-0.32,-3.77%,0
"2026-08-03 09:52",8.01,8.04,7.98,7.98,-0.19,-2.33%,0
"2026-08-03 09:53",7.97,7.98,7.86,7.86,-0.12,-1.50%,0
"2026-08-03 09:54",7.74,7.96,7.74,7.85,-0.01,-0.13%,0
"2026-08-03 09:55",7.85,7.85,7.68,7.68,-0.17,-2.17%,0
"2026-08-03 09:56",7.61,7.65,7.59,7.65,-0.03,-0.39%,0
"2026-08-03 09:57",7.59,7.59,7.44,7.44,-0.21,-2.75%,0
"2026-08-03 09:58",7.39,7.46,7.3,7.3,-0.14,-1.88%,0
"2026-08-03 09:59",7.29,7.43,7.29,7.37,0.07,+0.96%,0
"2026-08-03 10:00",7.27,7.49,7.27,7.49,0.12,+1.63%,0
"2026-08-03 10:01",7.44,7.53,7.44,7.52,0.03,+0.40%,0
"2026-08-03 10:02",7.51,7.51,7.43,7.43,-0.09,-1.20%,0
"2026-08-03 10:03",7.32,7.32,7.28,7.3,-0.13,-1.75%,0
"2026-08-03 10:04",7.42,7.61,7.42,7.45,0.15,+2.05%,0
"2026-08-03 10:05",7.46,7.51,7.44,7.44,-0.01,-0.13%,0
"2026-08-03 10:06",7.33,7.4,7.33,7.37,-0.07,-0.94%,0
"2026-08-03 10:07",7.35,7.38,7.34,7.34,-0.03,-0.41%,0
"2026-08-03 10:08",7.43,7.43,7.32,7.32,-0.02,-0.27%,0
"2026-08-03 10:09",7.35,7.35,7.24,7.24,-0.08,-1.09%,0
"2026-08-03 10:10",7.23,7.23,7.1,7.14,-0.1,-1.38%,0
"2026-08-03 10:11",7.14,7.18,7.09,7.09,-0.05,-0.70%,0
"2026-08-03 10:12",7.09,7.13,7.04,7.13,0.04,+0.56%,0
"2026-08-03 10:13",7.07,7.12,7.07,7.09,-0.04,-0.56%,0
"2026-08-03 10:14",7.13,7.21,7.13,7.17,0.08,+1.13%,0
"2026-08-03 10:15",7.14,7.14,7.05,7.05,-0.12,-1.67%,0
"2026-08-03 10:16",6.97,6.97,6.78,6.81,-0.24,-3.40%,0
"2026-08-03 10:17",6.78,6.81,6.78,6.78,-0.03,-0.44%,0
"2026-08-03 10:18",6.81,6.82,6.75,6.75,-0.03,-0.44%,0
"2026-08-03 10:19",6.75,6.86,6.75,6.86,0.11,+1.63%,0
"2026-08-03 10:20",6.91,6.91,6.87,6.87,0.01,+0.15%,0
"2026-08-03 10:21",6.87,6.88,6.84,6.84,-0.03,-0.44%,0
"2026-08-03 10:22",6.8,6.88,6.8,6.88,0.04,+0.58%,0
"2026-08-03 10:23",6.88,6.88,6.84,6.87,-0.01,-0.15%,0
"2026-08-03 10:24",6.84,6.88,6.84,6.88,0.01,+0.15%,0
"2026-08-03 10:25",6.9,6.97,6.9,6.96,0.08,+1.16%,0
"2026-08-03 10:26",6.96,6.98,6.95,6.95,-0.01,-0.14%,0
"2026-08-03 10:27",6.92,7.03,6.92,7.03,0.08,+1.15%,0
"2026-08-03 10:28",6.98,7,6.97,6.98,-0.05,-0.71%,0
"2026-08-03 10:29",7,7.05,7,7.04,0.06,+0.86%,0
"2026-08-03 10:30",7.06,7.12,7.06,7.12,0.08,+1.14%,0
"2026-08-03 10:31",7.12,7.12,7.02,7.05,-0.07,-0.98%,0
"2026-08-03 10:32",7.08,7.09,7.07,7.08,0.03,+0.43%,0
"2026-08-03 10:33",7.06,7.09,7.03,7.09,0.01,+0.14%,0
"2026-08-03 10:34",7.09,7.14,7.09,7.12,0.03,+0.42%,0
"2026-08-03 10:35",7.16,7.19,7.16,7.17,0.05,+0.70%,0
"2026-08-03 10:36",7.11,7.15,7.09,7.09,-0.08,-1.12%,0
"2026-08-03 10:37",7.04,7.12,7.04,7.12,0.03,+0.42%,0
"2026-08-03 10:38",7.11,7.12,7.09,7.09,-0.03,-0.42%,0
"2026-08-03 10:39",7.05,7.05,6.92,6.96,-0.13,-1.83%,0
"2026-08-03 10:40",6.96,6.96,6.9,6.9,-0.06,-0.86%,0
"2026-08-03 10:41",6.85,6.9,6.84,6.9,0,0.00%,0
"2026-08-03 10:42",6.91,6.93,6.91,6.93,0.03,+0.43%,0
"2026-08-03 10:43",6.9,6.97,6.9,6.96,0.03,+0.43%,0
"2026-08-03 10:44",6.93,6.95,6.93,6.95,-0.01,-0.14%,0
"2026-08-03 10:45",6.95,7,6.95,7,0.05,+0.72%,0
"2026-08-03 10:46",7.06,7.06,6.99,7.01,0.01,+0.14%,0
"2026-08-03 10:47",6.99,7.02,6.99,7.01,0,0.00%,0
"2026-08-03 10:48",7.01,7.03,7,7.03,0.02,+0.29%,0
"2026-08-03 10:49",7.05,7.07,7.05,7.05,0.02,+0.28%,0
"2026-08-03 10:50",7.05,7.08,7.05,7.06,0.01,+0.14%,0
"2026-08-03 10:51",7.07,7.11,7.07,7.11,0.05,+0.71%,0
"2026-08-03 10:52",7.12,7.2,7.12,7.2,0.09,+1.27%,0
"2026-08-03 10:53",7.18,7.21,7.18,7.2,0,0.00%,0
"2026-08-03 10:54",7.17,7.21,7.16,7.21,0.01,+0.14%,0
"2026-08-03 10:55",7.21,7.21,7.14,7.14,-0.07,-0.97%,0
"2026-08-03 10:56",7.17,7.18,7.12,7.12,-0.02,-0.28%,0
"2026-08-03 10:57",7.12,7.13,7.1,7.1,-0.02,-0.28%,0
"2026-08-03 10:58",7.11,7.15,7.11,7.15,0.05,+0.70%,0
"2026-08-03 10:59",7.14,7.15,7.14,7.15,0,0.00%,0
"2026-08-03 11:00",7.13,7.17,7.13,7.17,0.02,+0.28%,0
"2026-08-03 11:01",7.2,7.23,7.2,7.2,0.03,+0.42%,0
"2026-08-03 11:02",7.2,7.22,7.2,7.2,0,0.00%,0
"2026-08-03 11:03",7.2,7.22,7.2,7.21,0.01,+0.14%,0
"2026-08-03 11:04",7.2,7.26,7.2,7.25,0.04,+0.55%,0
"2026-08-03 11:05",7.18,7.23,7.18,7.23,-0.02,-0.28%,0
"2026-08-03 11:06",7.25,7.31,7.25,7.25,0.02,+0.28%,0
"2026-08-03 11:07",7.17,7.22,7.17,7.19,-0.06,-0.83%,0
"2026-08-03 11:08",7.2,7.27,7.2,7.26,0.07,+0.97%,0
"2026-08-03 11:09",7.26,7.3,7.26,7.3,0.04,+0.55%,0
"2026-08-03 11:10",7.3,7.34,7.3,7.33,0.03,+0.41%,0
"2026-08-03 11:11",7.33,7.33,7.33,7.33,0,0.00%,0
"2026-08-03 11:12",7.28,7.36,7.28,7.33,0,0.00%,0
"2026-08-03 11:13",7.27,7.27,7.25,7.27,-0.06,-0.82%,0
"2026-08-03 11:14",7.27,7.33,7.27,7.31,0.04,+0.55%,0
"2026-08-03 11:15",7.31,7.31,7.2,7.2,-0.11,-1.50%,0
"2026-08-03 11:16",7.21,7.21,7.19,7.19,-0.01,-0.14%,0
"2026-08-03 11:17",7.19,7.22,7.19,7.21,0.02,+0.28%,0
"2026-08-03 11:18",7.19,7.19,7.17,7.17,-0.04,-0.55%,0
"2026-08-03 11:19",7.15,7.15,7.11,7.11,-0.06,-0.84%,0
"2026-08-03 11:20",7.1,7.1,7.03,7.03,-0.08,-1.13%,0
"2026-08-03 11:21",6.99,7.06,6.99,7.03,0,0.00%,0
"2026-08-03 11:22",7.07,7.1,7.05,7.05,0.02,+0.28%,0
"2026-08-03 11:23",7.04,7.07,7.04,7.07,0.02,+0.28%,0
"2026-08-03 11:24",7.03,7.08,7.03,7.08,0.01,+0.14%,0
"2026-08-03 11:25",7.09,7.09,7.06,7.06,-0.02,-0.28%,0
"2026-08-03 11:26",7.22,7.29,7.21,7.21,0.15,+2.12%,0
"2026-08-03 11:27",7.3,7.32,7.3,7.3,0.09,+1.25%,0
"2026-08-03 11:28",7.29,7.49,7.29,7.49,0.19,+2.60%,0
"2026-08-03 11:29",7.41,7.46,7.4,7.45,-0.04,-0.53%,0
"2026-08-03 11:30",7.45,7.45,7.33,7.33,-0.12,-1.61%,0
"2026-08-03 11:31",7.41,7.44,7.39,7.39,0.06,+0.82%,0
"2026-08-03 11:32",7.45,7.48,7.45,7.48,0.09,+1.22%,0
"2026-08-03 11:33",7.5,7.52,7.42,7.42,-0.06,-0.80%,0
"2026-08-03 11:34",7.38,7.4,7.36,7.4,-0.02,-0.27%,0
"2026-08-03 11:35",7.44,7.49,7.44,7.47,0.07,+0.95%,0
"2026-08-03 11:36",7.4,7.42,7.4,7.41,-0.06,-0.80%,0
"2026-08-03 11:37",7.44,7.44,7.42,7.44,0.03,+0.40%,0
"2026-08-03 11:38",7.43,7.43,7.35,7.35,-0.09,-1.21%,0
"2026-08-03 11:39",7.34,7.39,7.34,7.39,0.04,+0.54%,0
"2026-08-03 11:40",7.38,7.38,7.34,7.34,-0.05,-0.68%,0
"2026-08-03 11:41",7.33,7.37,7.32,7.37,0.03,+0.41%,0
"2026-08-03 11:42",7.37,7.41,7.37,7.41,0.04,+0.54%,0
"2026-08-03 11:43",7.4,7.44,7.4,7.44,0.03,+0.40%,0
"2026-08-03 11:44",7.44,7.47,7.44,7.47,0.03,+0.40%,0
"2026-08-03 11:45",7.46,7.46,7.36,7.36,-0.11,-1.47%,0
"2026-08-03 11:46",7.37,7.44,7.35,7.35,-0.01,-0.14%,0
"2026-08-03 11:47",7.35,7.37,7.35,7.37,0.02,+0.27%,0
"2026-08-03 11:48",7.37,7.4,7.37,7.38,0.01,+0.14%,0
"2026-08-03 11:49",7.4,7.4,7.39,7.4,0.02,+0.27%,0
"2026-08-03 11:50",7.4,7.41,7.4,7.41,0.01,+0.14%,0
"2026-08-03 11:51",7.38,7.43,7.38,7.39,-0.02,-0.27%,0
"2026-08-03 11:52",7.39,7.41,7.39,7.41,0.02,+0.27%,0
"2026-08-03 11:53",7.4,7.4,7.36,7.36,-0.05,-0.67%,0
"2026-08-03 11:54",7.33,7.34,7.33,7.34,-0.02,-0.27%,0
"2026-08-03 11:55",7.35,7.37,7.35,7.36,0.02,+0.27%,0
"2026-08-03 11:56",7.36,7.4,7.36,7.4,0.04,+0.54%,0
"2026-08-03 11:57",7.41,7.45,7.41,7.44,0.04,+0.54%,0
"2026-08-03 11:58",7.42,7.43,7.37,7.37,-0.07,-0.94%,0
"2026-08-03 11:59",7.37,7.4,7.37,7.37,0,0.00%,0
"2026-08-03 12:00",7.37,7.37,7.3,7.33,-0.04,-0.54%,0
"2026-08-03 12:01",7.34,7.35,7.25,7.25,-0.08,-1.09%,0
"2026-08-03 12:02",7.24,7.27,7.24,7.27,0.02,+0.28%,0
"2026-08-03 12:03",7.25,7.31,7.25,7.31,0.04,+0.55%,0
"2026-08-03 12:04",7.3,7.31,7.3,7.3,-0.01,-0.14%,0
"2026-08-03 12:05",7.3,7.32,7.3,7.31,0.01,+0.14%,0
"2026-08-03 12:06",7.33,7.39,7.33,7.39,0.08,+1.09%,0
"2026-08-03 12:07",7.37,7.38,7.35,7.35,-0.04,-0.54%,0
"2026-08-03 12:08",7.35,7.37,7.35,7.35,0,0.00%,0
"2026-08-03 12:09",7.41,7.44,7.39,7.39,0.04,+0.54%,0
"2026-08-03 12:10",7.39,7.46,7.39,7.46,0.07,+0.95%,0
"2026-08-03 12:11",7.48,7.48,7.46,7.47,0.01,+0.13%,0
"2026-08-03 12:12",7.46,7.46,7.44,7.44,-0.03,-0.40%,0
"2026-08-03 12:13",7.43,7.46,7.43,7.45,0.01,+0.13%,0
"2026-08-03 12:14",7.45,7.45,7.39,7.39,-0.06,-0.81%,0
"2026-08-03 12:15",7.4,7.44,7.39,7.39,0,0.00%,0
"2026-08-03 12:16",7.38,7.38,7.31,7.34,-0.05,-0.68%,0
"2026-08-03 12:17",7.33,7.36,7.33,7.36,0.02,+0.27%,0
"2026-08-03 12:18",7.35,7.36,7.35,7.36,0,0.00%,0
"2026-08-03 12:19",7.36,7.36,7.36,7.36,0,0.00%,0
"2026-08-03 12:20",7.35,7.38,7.35,7.38,0.02,+0.27%,0
"2026-08-03 12:21",7.38,7.38,7.38,7.38,0,0.00%,0
"2026-08-03 12:22",7.37,7.39,7.36,7.36,-0.02,-0.27%,0
"2026-08-03 12:23",7.35,7.4,7.35,7.4,0.04,+0.54%,0
"2026-08-03 12:24",7.39,7.41,7.39,7.4,0,0.00%,0
"2026-08-03 12:25",7.39,7.4,7.39,7.4,0,0.00%,0
"2026-08-03 12:26",7.41,7.47,7.41,7.47,0.07,+0.95%,0
"2026-08-03 12:27",7.45,7.45,7.42,7.42,-0.05,-0.67%,0
"2026-08-03 12:28",7.43,7.48,7.43,7.47,0.05,+0.67%,0
"2026-08-03 12:29",7.47,7.49,7.47,7.48,0.01,+0.13%,0
"2026-08-03 12:30",7.48,7.49,7.47,7.47,-0.01,-0.13%,0
"2026-08-03 12:31",7.47,7.49,7.47,7.48,0.01,+0.13%,0
"2026-08-03 12:32",7.48,7.52,7.45,7.45,-0.03,-0.40%,0
"2026-08-03 12:33",7.45,7.49,7.45,7.49,0.04,+0.54%,0
"2026-08-03 12:34",7.47,7.52,7.47,7.52,0.03,+0.40%,0
"2026-08-03 12:35",7.52,7.61,7.52,7.61,0.09,+1.20%,0
"2026-08-03 12:36",7.6,7.63,7.6,7.63,0.02,+0.26%,0
"2026-08-03 12:37",7.62,7.64,7.62,7.62,-0.01,-0.13%,0
"2026-08-03 12:38",7.65,7.68,7.65,7.66,0.04,+0.52%,0
"2026-08-03 12:39",7.65,7.66,7.64,7.65,-0.01,-0.13%,0
"2026-08-03 12:40",7.65,7.65,7.58,7.58,-0.07,-0.92%,0
"2026-08-03 12:41",7.59,7.6,7.59,7.6,0.02,+0.26%,0
"2026-08-03 12:42",7.59,7.6,7.59,7.59,-0.01,-0.13%,0
"2026-08-03 12:43",7.59,7.6,7.59,7.6,0.01,+0.13%,0
"2026-08-03 12:44",7.6,7.6,7.57,7.57,-0.03,-0.39%,0
"2026-08-03 12:45",7.56,7.58,7.56,7.58,0.01,+0.13%,0
"2026-08-03 12:46",7.58,7.58,7.56,7.56,-0.02,-0.26%,0
"2026-08-03 12:47",7.57,7.58,7.57,7.58,0.02,+0.26%,0
"2026-08-03 12:48",7.6,7.63,7.6,7.63,0.05,+0.66%,0
"2026-08-03 12:49",7.63,7.65,7.63,7.64,0.01,+0.13%,0
"2026-08-03 12:50",7.64,7.65,7.64,7.64,0,0.00%,0
"2026-08-03 12:51",7.63,7.7,7.63,7.7,0.06,+0.79%,0
"2026-08-03 12:52",7.69,7.74,7.69,7.74,0.04,+0.52%,0
"2026-08-03 12:53",7.74,7.74,7.72,7.72,-0.02,-0.26%,0
"2026-08-03 12:54",7.7,7.79,7.7,7.79,0.07,+0.91%,0
"2026-08-03 12:55",7.79,7.81,7.79,7.8,0.01,+0.13%,0
"2026-08-03 12:56",7.81,7.81,7.79,7.79,-0.01,-0.13%,0
"2026-08-03 12:57",7.78,7.78,7.76,7.77,-0.02,-0.26%,0
"2026-08-03 12:58",7.74,7.78,7.74,7.76,-0.01,-0.13%,0
"2026-08-03 12:59",7.78,7.8,7.78,7.8,0.04,+0.52%,0
"2026-08-03 13:00",7.8,7.81,7.77,7.81,0.01,+0.13%,0
"2026-08-03 13:01",7.78,7.78,7.73,7.73,-0.08,-1.02%,0
"2026-08-03 13:02",7.74,7.76,7.71,7.71,-0.02,-0.26%,0
"2026-08-03 13:03",7.72,7.74,7.72,7.74,0.03,+0.39%,0
"2026-08-03 13:04",7.75,7.77,7.75,7.76,0.02,+0.26%,0
"2026-08-03 13:05",7.75,7.79,7.73,7.79,0.03,+0.39%,0
"2026-08-03 13:06",7.79,7.83,7.79,7.83,0.04,+0.51%,0
"2026-08-03 13:07",7.83,7.86,7.83,7.86,0.03,+0.38%,0
"2026-08-03 13:08",7.86,7.87,7.86,7.87,0.01,+0.13%,0
"2026-08-03 13:09",7.86,7.88,7.85,7.88,0.01,+0.13%,0
"2026-08-03 13:10",7.89,7.89,7.85,7.85,-0.03,-0.38%,0
"2026-08-03 13:11",7.85,7.85,7.83,7.83,-0.02,-0.25%,0
"2026-08-03 13:12",7.81,7.83,7.81,7.82,-0.01,-0.13%,0
"2026-08-03 13:13",7.81,7.83,7.81,7.83,0.01,+0.13%,0
"2026-08-03 13:14",7.83,7.89,7.83,7.89,0.06,+0.77%,0
"2026-08-03 13:15",7.91,7.92,7.9,7.92,0.03,+0.38%,0
"2026-08-03 13:16",7.93,7.95,7.93,7.95,0.03,+0.38%,0
"2026-08-03 13:17",7.95,7.96,7.88,7.88,-0.07,-0.88%,0
"2026-08-03 13:18",7.82,7.85,7.82,7.85,-0.03,-0.38%,0
"2026-08-03 13:19",7.84,7.86,7.84,7.84,-0.01,-0.13%,0
"2026-08-03 13:20",7.82,7.82,7.79,7.79,-0.05,-0.64%,0
"2026-08-03 13:21",7.79,7.81,7.77,7.77,-0.02,-0.26%,0
"2026-08-03 13:22",7.76,7.76,7.73,7.73,-0.04,-0.51%,0
"2026-08-03 13:23",7.75,7.78,7.75,7.76,0.03,+0.39%,0
"2026-08-03 13:24",7.76,7.8,7.76,7.8,0.04,+0.52%,0
"2026-08-03 13:25",7.8,7.82,7.8,7.82,0.02,+0.26%,0
"2026-08-03 13:26",7.83,7.84,7.83,7.84,0.02,+0.26%,0
"2026-08-03 13:27",7.85,7.87,7.85,7.87,0.03,+0.38%,0
"2026-08-03 13:28",7.86,7.91,7.86,7.91,0.04,+0.51%,0
"2026-08-03 13:29",7.89,7.9,7.89,7.9,-0.01,-0.13%,0
"2026-08-03 13:30",7.89,7.9,7.89,7.9,0,0.00%,0
"2026-08-03 13:31",7.9,7.95,7.9,7.95,0.05,+0.63%,0
"2026-08-03 13:32",7.94,7.95,7.93,7.93,-0.02,-0.25%,0
"2026-08-03 13:33",7.93,7.94,7.93,7.94,0.01,+0.13%,0
"2026-08-03 13:34",7.93,7.96,7.93,7.94,0,0.00%,0
"2026-08-03 13:35",7.95,8,7.95,7.99,0.05,+0.63%,0
"2026-08-03 13:36",7.99,8.02,7.99,8.01,0.02,+0.25%,0
"2026-08-03 13:37",8.04,8.12,8.04,8.12,0.11,+1.37%,0
"2026-08-03 13:38",8.12,8.12,8.11,8.11,-0.01,-0.12%,0
"2026-08-03 13:39",8.12,8.15,8.12,8.15,0.04,+0.49%,0
"2026-08-03 13:40",8.16,8.19,8.13,8.13,-0.02,-0.25%,0
"2026-08-03 13:41",8.13,8.15,8.12,8.15,0.02,+0.25%,0
"2026-08-03 13:42",8.16,8.17,8.16,8.17,0.02,+0.25%,0
"2026-08-03 13:43",8.18,8.21,8.18,8.21,0.04,+0.49%,0
"2026-08-03 13:44",8.21,8.29,8.21,8.29,0.08,+0.97%,0
"2026-08-03 13:45",8.3,8.32,8.3,8.32,0.03,+0.36%,0
"2026-08-03 13:46",8.32,8.34,8.32,8.34,0.02,+0.24%,0
"2026-08-03 13:47",8.34,8.36,8.34,8.36,0.02,+0.24%,0
"2026-08-03 13:48",8.37,8.39,8.34,8.34,-0.02,-0.24%,0
"2026-08-03 13:49",8.31,8.33,8.31,8.32,-0.02,-0.24%,0
"2026-08-03 13:50",8.32,8.4,8.32,8.4,0.08,+0.96%,0
"2026-08-03 13:51",8.41,8.43,8.41,8.43,0.03,+0.36%,0
"2026-08-03 13:52",8.45,8.46,8.45,8.46,0.03,+0.36%,0
"2026-08-03 13:53",8.47,8.49,8.47,8.49,0.03,+0.35%,0
"2026-08-03 13:54",8.49,8.54,8.49,8.54,0.05,+0.59%,0
"2026-08-03 13:55",8.54,8.6,8.54,8.6,0.06,+0.70%,0
"2026-08-03 13:56",8.61,8.61,8.6,8.6,0,0.00%,0
"2026-08-03 13:57",8.6,8.68,8.6,8.67,0.07,+0.81%,0
"2026-08-03 13:58",8.71,8.74,8.71,8.74,0.07,+0.81%,0
"2026-08-03 13:59",8.73,8.73,8.71,8.71,-0.03,-0.34%,0
"2026-08-03 14:00",8.69,8.73,8.69,8.73,0.02,+0.23%,0
"2026-08-03 14:01",8.74,8.77,8.74,8.77,0.04,+0.46%,0
"2026-08-03 14:02",8.78,8.79,8.78,8.79,0.02,+0.23%,0
"2026-08-03 14:03",8.79,8.8,8.78,8.78,-0.01,-0.11%,0
"2026-08-03 14:04",8.8,8.85,8.8,8.85,0.07,+0.80%,0
"2026-08-03 14:05",8.86,8.95,8.86,8.95,0.1,+1.13%,0
"2026-08-03 14:06",8.97,9,8.97,9,0.05,+0.56%,0
"2026-08-03 14:07",9.02,9.05,9.02,9.04,0.04,+0.44%,0
"2026-08-03 14:08",9.02,9.02,8.92,8.93,-0.11,-1.22%,0
"2026-08-03 14:09",8.93,8.93,8.91,8.91,-0.02,-0.22%,0
"2026-08-03 14:10",8.93,8.95,8.91,8.91,0,0.00%,0
"2026-08-03 14:11",8.83,8.86,8.81,8.81,-0.1,-1.12%,0
"2026-08-03 14:12",8.73,8.73,8.6,8.64,-0.17,-1.93%,0
"2026-08-03 14:13",8.73,8.75,8.7,8.7,0.06,+0.69%,0
"2026-08-03 14:14",8.68,8.69,8.68,8.69,-0.01,-0.11%,0
"2026-08-03 14:15",8.7,8.79,8.7,8.79,0.1,+1.15%,0
"2026-08-03 14:16",8.8,8.8,8.78,8.78,-0.01,-0.11%,0
"2026-08-03 14:17",8.77,8.79,8.77,8.79,0.01,+0.11%,0
"2026-08-03 14:18",8.77,8.77,8.74,8.74,-0.05,-0.57%,0
"2026-08-03 14:19",8.74,8.74,8.73,8.74,0,0.00%,0
"2026-08-03 14:20",8.73,8.74,8.73,8.73,-0.01,-0.11%,0
"2026-08-03 14:21",8.69,8.74,8.69,8.74,0.01,+0.11%,0
"2026-08-03 14:22",8.74,8.79,8.74,8.79,0.05,+0.57%,0
"2026-08-03 14:23",8.8,8.86,8.8,8.86,0.07,+0.80%,0
"2026-08-03 14:24",8.88,8.9,8.88,8.89,0.03,+0.34%,0
"2026-08-03 14:25",8.9,8.92,8.89,8.89,0,0.00%,0
"2026-08-03 14:26",8.88,8.89,8.88,8.89,0,0.00%,0
"2026-08-03 14:27",8.88,8.88,8.8,8.82,-0.07,-0.79%,0
"2026-08-03 14:28",8.84,8.86,8.84,8.85,0.03,+0.34%,0
"2026-08-03 14:29",8.83,8.83,8.79,8.79,-0.06,-0.68%,0
"2026-08-03 14:30",8.81,8.83,8.8,8.83,0.04,+0.46%,0
"2026-08-03 14:31",8.86,8.89,8.86,8.88,0.05,+0.57%,0
"2026-08-03 14:32",8.87,8.91,8.87,8.91,0.03,+0.34%,0
"2026-08-03 14:33",8.9,8.95,8.9,8.95,0.04,+0.45%,0
"2026-08-03 14:34",8.99,8.99,8.98,8.99,0.04,+0.45%,0
"2026-08-03 14:35",8.99,8.99,8.97,8.99,0,0.00%,0
"2026-08-03 14:36",8.98,9,8.98,9,0.01,+0.11%,0
"2026-08-03 14:37",8.98,9.07,8.98,9.07,0.07,+0.78%,0
"2026-08-03 14:38",9.04,9.07,9.04,9.07,0,0.00%,0
"2026-08-03 14:39",9.06,9.08,9.06,9.08,0.01,+0.11%,0
"2026-08-03 14:40",9.08,9.08,9.05,9.05,-0.03,-0.33%,0
"2026-08-03 14:41",9.04,9.05,9.03,9.03,-0.02,-0.22%,0
"2026-08-03 14:42",9.01,9.06,9.01,9.06,0.03,+0.33%,0
"2026-08-03 14:43",9.07,9.11,9.07,9.11,0.05,+0.55%,0
"2026-08-03 14:44",9.13,9.14,9.12,9.12,0.01,+0.11%,0
"2026-08-03 14:45",9.11,9.12,9.03,9.03,-0.09,-0.99%,0
"2026-08-03 14:46",9.07,9.08,9.05,9.05,0.02,+0.22%,0
"2026-08-03 14:47",9.03,9.06,9.03,9.06,0.01,+0.11%,0
"2026-08-03 14:48",9.06,9.08,9.06,9.07,0.01,+0.11%,0
"2026-08-03 14:49",9.07,9.12,9.07,9.12,0.05,+0.55%,0
"2026-08-03 14:50",9.12,9.16,9.12,9.16,0.04,+0.44%,0
"2026-08-03 14:51",9.17,9.19,9.17,9.18,0.02,+0.22%,0
"2026-08-03 14:52",9.18,9.19,9.18,9.19,0.01,+0.11%,0
"2026-08-03 14:53",9.2,9.2,9.17,9.17,-0.02,-0.22%,0
"2026-08-03 14:54",9.18,9.25,9.18,9.25,0.08,+0.87%,0
"2026-08-03 14:55",9.27,9.27,9.21,9.22,-0.03,-0.32%,0
"2026-08-03 14:56",9.22,9.23,9.22,9.23,0.01,+0.11%,0
"2026-08-03 14:57",9.22,9.24,9.22,9.23,0,0.00%,0
"2026-08-03 14:58",9.22,9.23,9.21,9.22,-0.01,-0.11%,0
"2026-08-03 14:59",9.21,9.21,9.2,9.2,-0.02,-0.22%,0
"2026-08-03 15:00",9.18,9.22,9.18,9.22,0.02,+0.22%,0
"2026-08-03 15:01",9.22,9.22,9.18,9.21,-0.01,-0.11%,0
"2026-08-03 15:02",9.21,9.26,9.21,9.26,0.05,+0.54%,0
"2026-08-03 15:03",9.29,9.42,9.29,9.42,0.16,+1.73%,0
"2026-08-03 15:04",9.45,9.46,9.45,9.45,0.03,+0.32%,0
"2026-08-03 15:05",9.43,9.45,9.34,9.34,-0.11,-1.16%,0
"2026-08-03 15:06",9.35,9.37,9.35,9.35,0.01,+0.11%,0
"2026-08-03 15:07",9.36,9.39,9.36,9.38,0.03,+0.32%,0
"2026-08-03 15:08",9.39,9.41,9.39,9.41,0.03,+0.32%,0
"2026-08-03 15:09",9.41,9.44,9.41,9.44,0.03,+0.32%,0
"2026-08-03 15:10",9.44,9.47,9.44,9.47,0.03,+0.32%,0
"2026-08-03 15:11",9.48,9.48,9.45,9.45,-0.02,-0.21%,0
"2026-08-03 15:12",9.46,9.47,9.43,9.43,-0.02,-0.21%,0
"2026-08-03 15:13",9.45,9.46,9.45,9.46,0.03,+0.32%,0
"2026-08-03 15:14",9.44,9.46,9.44,9.46,0,0.00%,0
"2026-08-03 15:15",9.36,9.37,9.35,9.37,-0.09,-0.95%,0
"2026-08-03 15:16",9.39,9.41,9.39,9.4,0.03,+0.32%,0
"2026-08-03 15:17",9.41,9.45,9.41,9.45,0.05,+0.53%,0
"2026-08-03 15:18",9.45,9.45,9.42,9.43,-0.02,-0.21%,0
"2026-08-03 15:19",9.38,9.41,9.38,9.41,-0.02,-0.21%,0
"2026-08-03 15:20",9.41,9.44,9.41,9.44,0.03,+0.32%,0
"2026-08-03 15:21",9.45,9.45,9.42,9.42,-0.02,-0.21%,0
"2026-08-03 15:22",9.41,9.42,9.41,9.42,0,0.00%,0
"2026-08-03 15:23",9.43,9.43,9.42,9.43,0.01,+0.11%,0
"2026-08-03 15:24",9.42,9.42,9.4,9.41,-0.02,-0.21%,0
"2026-08-03 15:25",9.41,9.43,9.41,9.43,0.02,+0.21%,0
"2026-08-03 15:26",9.42,9.43,9.42,9.42,-0.01,-0.11%,0
"2026-08-03 15:27",9.41,9.43,9.41,9.42,0,0.00%,0
"2026-08-03 15:28",9.41,9.43,9.41,9.43,0.01,+0.11%,0
"2026-08-03 15:29",9.43,9.43,9.41,9.43,0,0.00%,0
"2026-08-03 15:30",9.44,9.45,9.44,9.44,0.01,+0.11%,0
"2026-08-03 15:31",9.47,9.49,9.46,9.46,0.02,+0.21%,0
"2026-08-03 15:32",9.46,9.48,9.46,9.48,0.02,+0.21%,0
"2026-08-03 15:33",9.47,9.49,9.47,9.47,-0.01,-0.11%,0
"2026-08-03 15:34",9.45,9.46,9.45,9.45,-0.02,-0.21%,0
"2026-08-03 15:35",9.46,9.48,9.46,9.48,0.03,+0.32%,0
"2026-08-03 15:36",9.48,9.51,9.48,9.5,0.02,+0.21%,0
"2026-08-03 15:37",9.5,9.5,9.44,9.44,-0.06,-0.63%,0
"2026-08-03 15:38",9.42,9.46,9.42,9.46,0.02,+0.21%,0
"2026-08-03 15:39",9.45,9.47,9.45,9.46,0,0.00%,0
"2026-08-03 15:40",9.46,9.49,9.46,9.46,0,0.00%,0
"2026-08-03 15:41",9.46,9.46,9.4,9.42,-0.04,-0.42%,0
"2026-08-03 15:42",9.43,9.45,9.42,9.45,0.03,+0.32%,0
"2026-08-03 15:43",9.45,9.47,9.45,9.47,0.02,+0.21%,0
"2026-08-03 15:44",9.47,9.47,9.43,9.43,-0.04,-0.42%,0
"2026-08-03 15:45",9.44,9.47,9.43,9.47,0.04,+0.42%,0
"2026-08-03 15:46",9.47,9.5,9.47,9.5,0.03,+0.32%,0
"2026-08-03 15:47",9.5,9.5,9.49,9.5,0,0.00%,0
"2026-08-03 15:48",9.49,9.49,9.46,9.49,-0.01,-0.11%,0
"2026-08-03 15:49",9.53,9.53,9.52,9.52,0.03,+0.32%,0
"2026-08-03 15:50",9.47,9.47,9.41,9.45,-0.07,-0.74%,0
"2026-08-03 15:51",9.45,9.45,9.42,9.42,-0.03,-0.32%,0
"2026-08-03 15:52",9.43,9.43,9.39,9.42,0,0.00%,0
"2026-08-03 15:53",9.4,9.5,9.4,9.5,0.08,+0.85%,0
"2026-08-03 15:54",9.55,9.63,9.55,9.63,0.13,+1.37%,0
"2026-08-03 15:55",9.63,9.64,9.58,9.58,-0.05,-0.52%,0
"2026-08-03 15:56",9.59,9.59,9.5,9.5,-0.08,-0.84%,0
"2026-08-03 15:57",9.47,9.51,9.47,9.51,0.01,+0.11%,0
"2026-08-03 15:58",9.52,9.52,9.45,9.45,-0.06,-0.63%,0
"2026-08-03 15:59",9.44,9.48,9.44,9.48,0.03,+0.32%,0
"2026-08-03 16:00",9.27,9.35,9.27,9.31,-0.17,-1.79%,0
"2026-08-03 16:01",9.31,9.32,9.26,9.26,-0.05,-0.54%,0
"2026-08-03 16:02",9.24,9.31,9.24,9.27,0.01,+0.11%,0
"2026-08-03 16:03",9.28,9.28,9.26,9.28,0.01,+0.11%,0
"2026-08-03 16:04",9.31,9.33,9.31,9.32,0.04,+0.43%,0
"2026-08-03 16:05",9.31,9.32,9.3,9.3,-0.02,-0.21%,0
"2026-08-03 16:06",9.31,9.4,9.31,9.4,0.1,+1.08%,0
"2026-08-03 16:07",9.39,9.42,9.39,9.42,0.02,+0.21%,0
"2026-08-03 16:08",9.44,9.5,9.44,9.49,0.07,+0.74%,0
"2026-08-03 16:09",9.49,9.61,9.49,9.61,0.12,+1.26%,0
"2026-08-03 16:10",9.64,9.64,9.56,9.59,-0.02,-0.21%,0
"2026-08-03 16:11",9.65,9.65,9.62,9.62,0.03,+0.31%,0
"2026-08-03 16:12",9.63,9.66,9.63,9.64,0.02,+0.21%,0
"2026-08-03 16:13",9.62,9.62,9.56,9.56,-0.08,-0.83%,0
"2026-08-03 16:14",9.53,9.53,9.4,9.4,-0.16,-1.67%,0
"2026-08-03 16:15",9.43,9.43,9.43,9.43,0.03,+0.32%,0
"2026-08-04 09:31",7.99,8.2,7.99,8.2,-1.23,-13.04%,0
"2026-08-04 09:32",8.22,8.39,8.22,8.34,0.14,+1.71%,0
"2026-08-04 09:33",8.33,8.37,8.25,8.33,-0.01,-0.12%,0
"2026-08-04 09:34",8.3,8.3,8.21,8.21,-0.12,-1.44%,0
"2026-08-04 09:35",8.23,8.26,8.22,8.26,0.05,+0.61%,0
"2026-08-04 09:36",8.3,8.43,8.3,8.41,0.15,+1.82%,0
"2026-08-04 09:37",8.45,8.48,8.43,8.48,0.07,+0.83%,0
"2026-08-04 09:38",8.5,8.64,8.5,8.64,0.16,+1.89%,0
"2026-08-04 09:39",8.67,8.68,8.61,8.63,-0.01,-0.12%,0
"2026-08-04 09:40",8.59,8.66,8.59,8.66,0.03,+0.35%,0
"2026-08-04 09:41",8.69,8.71,8.68,8.68,0.02,+0.23%,0
"2026-08-04 09:42",8.7,8.7,8.63,8.63,-0.05,-0.58%,0
"2026-08-04 09:43",8.64,8.67,8.62,8.62,-0.01,-0.12%,0
"2026-08-04 09:44",8.61,8.62,8.57,8.62,0,0.00%,0
"2026-08-04 09:45",8.6,8.6,8.46,8.46,-0.16,-1.86%,0
"2026-08-04 09:46",8.45,8.47,8.44,8.47,0.01,+0.12%,0
"2026-08-04 09:47",8.47,8.47,8.42,8.45,-0.02,-0.24%,0
"2026-08-04 09:48",8.5,8.51,8.43,8.44,-0.01,-0.12%,0
"2026-08-04 09:49",8.42,8.44,8.41,8.41,-0.03,-0.36%,0
"2026-08-04 09:50",8.34,8.36,8.31,8.31,-0.1,-1.19%,0
"2026-08-04 09:51",8.34,8.34,8.26,8.3,-0.01,-0.12%,0
"2026-08-04 09:52",8.28,8.28,8.23,8.23,-0.07,-0.84%,0
"2026-08-04 09:53",8.22,8.27,8.22,8.23,0,0.00%,0
"2026-08-04 09:54",8.21,8.24,8.21,8.24,0.01,+0.12%,0
"2026-08-04 09:55",8.3,8.33,8.3,8.33,0.09,+1.09%,0
"2026-08-04 09:56",8.33,8.39,8.33,8.38,0.05,+0.60%,0
"2026-08-04 09:57",8.4,8.45,8.39,8.45,0.07,+0.84%,0
"2026-08-04 09:58",8.42,8.42,8.38,8.38,-0.07,-0.83%,0
"2026-08-04 09:59",8.38,8.38,8.38,8.38,0,0.00%,0
"2026-08-04 10:00",8.31,8.39,8.31,8.39,0.01,+0.12%,0
"2026-08-04 10:01",8.33,8.33,8.25,8.25,-0.14,-1.67%,0
"2026-08-04 10:02",8.26,8.28,8.24,8.28,0.03,+0.36%,0
"2026-08-04 10:03",8.27,8.29,8.27,8.29,0.01,+0.12%,0
"2026-08-04 10:04",8.3,8.38,8.3,8.38,0.09,+1.09%,0
"2026-08-04 10:05",8.4,8.42,8.39,8.42,0.04,+0.48%,0
"2026-08-04 10:06",8.38,8.47,8.38,8.47,0.05,+0.59%,0
"2026-08-04 10:07",8.49,8.5,8.45,8.45,-0.02,-0.24%,0
"2026-08-04 10:08",8.45,8.52,8.45,8.48,0.03,+0.36%,0
"2026-08-04 10:09",8.44,8.5,8.44,8.45,-0.03,-0.35%,0
"2026-08-04 10:10",8.46,8.48,8.45,8.46,0.01,+0.12%,0
"2026-08-04 10:11",8.47,8.57,8.47,8.57,0.11,+1.30%,0
"2026-08-04 10:12",8.57,8.61,8.57,8.61,0.04,+0.47%,0
"2026-08-04 10:13",8.63,8.7,8.63,8.7,0.09,+1.05%,0
"2026-08-04 10:14",8.7,8.72,8.69,8.71,0.01,+0.11%,0
"2026-08-04 10:15",8.72,8.77,8.72,8.77,0.06,+0.69%,0
"2026-08-04 10:16",8.83,8.83,8.75,8.77,0,0.00%,0
"2026-08-04 10:17",8.76,8.82,8.75,8.82,0.05,+0.57%,0
"2026-08-04 10:18",8.86,8.9,8.84,8.86,0.04,+0.45%,0
"2026-08-04 10:19",8.88,8.88,8.83,8.86,0,0.00%,0
"2026-08-04 10:20",8.85,8.85,8.68,8.68,-0.18,-2.03%,0
"2026-08-04 10:21",8.7,8.7,8.54,8.54,-0.14,-1.61%,0
"2026-08-04 10:22",8.53,8.57,8.53,8.57,0.03,+0.35%,0
"2026-08-04 10:23",8.56,8.68,8.56,8.63,0.06,+0.70%,0
"2026-08-04 10:24",8.62,8.7,8.62,8.7,0.07,+0.81%,0
"2026-08-04 10:25",8.69,8.74,8.68,8.68,-0.02,-0.23%,0
"2026-08-04 10:26",8.68,8.7,8.65,8.7,0.02,+0.23%,0
"2026-08-04 10:27",8.69,8.69,8.66,8.66,-0.04,-0.46%,0
"2026-08-04 10:28",8.66,8.67,8.64,8.64,-0.02,-0.23%,0
"2026-08-04 10:29",8.64,8.66,8.61,8.62,-0.02,-0.23%,0
"2026-08-04 10:30",8.63,8.63,8.6,8.6,-0.02,-0.23%,0
"2026-08-04 10:31",8.62,8.62,8.51,8.51,-0.09,-1.05%,0
"2026-08-04 10:32",8.51,8.51,8.41,8.41,-0.1,-1.18%,0
"2026-08-04 10:33",8.35,8.37,8.35,8.35,-0.06,-0.71%,0
"2026-08-04 10:34",8.33,8.33,8.25,8.25,-0.1,-1.20%,0
"2026-08-04 10:35",8.25,8.25,8.19,8.19,-0.06,-0.73%,0
"2026-08-04 10:36",8.18,8.21,8.18,8.21,0.02,+0.24%,0
"2026-08-04 10:37",8.23,8.27,8.22,8.22,0.01,+0.12%,0
"2026-08-04 10:38",8.2,8.27,8.2,8.27,0.05,+0.61%,0
"2026-08-04 10:39",8.28,8.37,8.28,8.36,0.09,+1.09%,0
"2026-08-04 10:40",8.32,8.35,8.29,8.35,-0.01,-0.12%,0
"2026-08-04 10:41",8.33,8.34,8.32,8.32,-0.03,-0.36%,0
"2026-08-04 10:42",8.29,8.3,8.29,8.29,-0.03,-0.36%,0
"2026-08-04 10:43",8.28,8.28,8.26,8.26,-0.03,-0.36%,0
"2026-08-04 10:44",8.25,8.27,8.25,8.26,0,0.00%,0
"2026-08-04 10:45",8.23,8.23,8.19,8.2,-0.06,-0.73%,0
"2026-08-04 10:46",8.2,8.21,8.19,8.19,-0.01,-0.12%,0
"2026-08-04 10:47",8.22,8.26,8.21,8.21,0.02,+0.24%,0
"2026-08-04 10:48",8.2,8.26,8.2,8.24,0.03,+0.37%,0
"2026-08-04 10:49",8.23,8.28,8.23,8.27,0.03,+0.36%,0
"2026-08-04 10:50",8.27,8.31,8.27,8.31,0.04,+0.48%,0
"2026-08-04 10:51",8.29,8.33,8.29,8.33,0.02,+0.24%,0
"2026-08-04 10:52",8.34,8.36,8.34,8.36,0.03,+0.36%,0
"2026-08-04 10:53",8.37,8.39,8.37,8.39,0.03,+0.36%,0
"2026-08-04 10:54",8.38,8.41,8.38,8.38,-0.01,-0.12%,0
"2026-08-04 10:55",8.36,8.4,8.36,8.4,0.02,+0.24%,0
"2026-08-04 10:56",8.39,8.4,8.38,8.4,0,0.00%,0
"2026-08-04 10:57",8.39,8.42,8.39,8.42,0.02,+0.24%,0
"2026-08-04 10:58",8.43,8.45,8.42,8.45,0.03,+0.36%,0
"2026-08-04 10:59",8.44,8.46,8.44,8.46,0.01,+0.12%,0
"2026-08-04 11:00",8.45,8.52,8.45,8.52,0.06,+0.71%,0
"2026-08-04 11:01",8.5,8.62,8.5,8.62,0.1,+1.17%,0
"2026-08-04 11:02",8.58,8.66,8.58,8.66,0.04,+0.46%,0
"2026-08-04 11:03",8.71,8.71,8.64,8.64,-0.02,-0.23%,0
"2026-08-04 11:04",8.61,8.63,8.58,8.6,-0.04,-0.46%,0
"2026-08-04 11:05",8.6,8.64,8.6,8.62,0.02,+0.23%,0
"2026-08-04 11:06",8.61,8.66,8.61,8.66,0.04,+0.46%,0
"2026-08-04 11:07",8.68,8.72,8.68,8.72,0.06,+0.69%,0
"2026-08-04 11:08",8.73,8.73,8.67,8.67,-0.05,-0.57%,0
"2026-08-04 11:09",8.71,8.76,8.71,8.76,0.09,+1.04%,0
"2026-08-04 11:10",8.76,8.76,8.76,8.76,0,0.00%,0
"2026-08-04 11:11",8.76,8.79,8.76,8.79,0.03,+0.34%,0
"2026-08-04 11:12",8.78,8.79,8.77,8.79,0,0.00%,0
"2026-08-04 11:13",8.79,8.79,8.77,8.77,-0.02,-0.23%,0
"2026-08-04 11:14",8.78,8.81,8.78,8.81,0.04,+0.46%,0
"2026-08-04 11:15",8.79,8.8,8.79,8.8,-0.01,-0.11%,0
"2026-08-04 11:16",8.79,8.83,8.79,8.83,0.03,+0.34%,0
"2026-08-04 11:17",8.86,8.87,8.86,8.86,0.03,+0.34%,0
"2026-08-04 11:18",8.85,8.89,8.85,8.89,0.03,+0.34%,0
"2026-08-04 11:19",8.89,8.93,8.89,8.92,0.03,+0.34%,0
"2026-08-04 11:20",8.92,8.94,8.92,8.94,0.02,+0.22%,0
"2026-08-04 11:21",8.96,8.98,8.96,8.98,0.04,+0.45%,0
"2026-08-04 11:22",9.01,9.07,9.01,9.07,0.09,+1.00%,0
"2026-08-04 11:23",9.07,9.13,9.07,9.13,0.06,+0.66%,0
"2026-08-04 11:24",9.14,9.22,9.14,9.22,0.09,+0.99%,0
"2026-08-04 11:25",9.25,9.32,9.25,9.32,0.1,+1.08%,0
"2026-08-04 11:26",9.29,9.3,9.29,9.3,-0.02,-0.21%,0
"2026-08-04 11:27",9.28,9.28,9.18,9.18,-0.12,-1.29%,0
"2026-08-04 11:28",9.18,9.18,9.11,9.11,-0.07,-0.76%,0
"2026-08-04 11:29",9.17,9.19,9.17,9.17,0.06,+0.66%,0
"2026-08-04 11:30",9.19,9.28,9.19,9.28,0.11,+1.20%,0
"2026-08-04 11:31",9.28,9.31,9.28,9.29,0.01,+0.11%,0
"2026-08-04 11:32",9.26,9.29,9.22,9.22,-0.07,-0.75%,0
"2026-08-04 11:33",9.21,9.22,9.19,9.19,-0.03,-0.33%,0
"2026-08-04 11:34",9.16,9.22,9.16,9.22,0.03,+0.33%,0
"2026-08-04 11:35",9.24,9.3,9.24,9.3,0.08,+0.87%,0
"2026-08-04 11:36",9.32,9.36,9.32,9.36,0.06,+0.65%,0
"2026-08-04 11:37",9.32,9.32,9.27,9.27,-0.09,-0.96%,0
"2026-08-04 11:38",9.25,9.26,9.23,9.26,-0.01,-0.11%,0
"2026-08-04 11:39",9.32,9.36,9.32,9.35,0.09,+0.97%,0
"2026-08-04 11:40",9.35,9.41,9.35,9.4,0.05,+0.53%,0
"2026-08-04 11:41",9.4,9.42,9.4,9.42,0.02,+0.21%,0
"2026-08-04 11:42",9.41,9.42,9.39,9.39,-0.03,-0.32%,0
"2026-08-04 11:43",9.39,9.39,9.36,9.36,-0.03,-0.32%,0
"2026-08-04 11:44",9.37,9.39,9.34,9.34,-0.02,-0.21%,0
"2026-08-04 11:45",9.34,9.41,9.34,9.41,0.07,+0.75%,0
"2026-08-04 11:46",9.43,9.52,9.43,9.52,0.11,+1.17%,0
"2026-08-04 11:47",9.55,9.6,9.55,9.6,0.08,+0.84%,0
"2026-08-04 11:48",9.55,9.61,9.55,9.61,0.01,+0.10%,0
"2026-08-04 11:49",9.63,9.77,9.63,9.77,0.16,+1.66%,0
"2026-08-04 11:50",9.78,9.84,9.76,9.84,0.07,+0.72%,0
"2026-08-04 11:51",9.91,9.99,9.89,9.89,0.05,+0.51%,0
"2026-08-04 11:52",9.9,10.01,9.9,10.01,0.12,+1.21%,0
"2026-08-04 11:53",10,10,9.87,9.87,-0.14,-1.40%,0
"2026-08-04 11:54",9.89,9.89,9.81,9.81,-0.06,-0.61%,0
"2026-08-04 11:55",9.81,9.84,9.81,9.84,0.03,+0.31%,0
"2026-08-04 11:56",9.9,10.01,9.9,9.98,0.14,+1.42%,0
"2026-08-04 11:57",9.98,9.99,9.97,9.99,0.01,+0.10%,0
"2026-08-04 11:58",10.01,10.05,10.01,10.05,0.06,+0.60%,0
"2026-08-04 11:59",10.02,10.03,10.01,10.01,-0.04,-0.40%,0
"2026-08-04 12:00",9.93,9.95,9.92,9.93,-0.08,-0.80%,0
"2026-08-04 12:01",9.91,9.94,9.91,9.92,-0.01,-0.10%,0
"2026-08-04 12:02",9.92,9.93,9.91,9.91,-0.01,-0.10%,0
"2026-08-04 12:03",9.9,9.92,9.9,9.92,0.01,+0.10%,0
"2026-08-04 12:04",9.91,9.93,9.91,9.92,0,0.00%,0
"2026-08-04 12:05",9.92,9.96,9.92,9.96,0.04,+0.40%,0
"2026-08-04 12:06",10.02,10.09,10.02,10.06,0.1,+1.00%,0
"2026-08-04 12:07",10.05,10.08,10.05,10.08,0.02,+0.20%,0
"2026-08-04 12:08",10.09,10.11,10.09,10.1,0.02,+0.20%,0
"2026-08-04 12:09",10.09,10.1,10.05,10.05,-0.05,-0.50%,0
"2026-08-04 12:10",10.05,10.12,10.05,10.12,0.07,+0.70%,0
"2026-08-04 12:11",10.1,10.13,10.1,10.11,-0.01,-0.10%,0
"2026-08-04 12:12",10.03,10.08,10.03,10.06,-0.05,-0.49%,0
"2026-08-04 12:13",10.11,10.14,10.11,10.13,0.07,+0.70%,0
"2026-08-04 12:14",10.12,10.14,10.12,10.13,0,0.00%,0
"2026-08-04 12:15",10.12,10.13,10.12,10.13,0,0.00%,0
"2026-08-04 12:16",10.13,10.13,10.04,10.05,-0.08,-0.79%,0
"2026-08-04 12:17",10.05,10.05,10.04,10.04,-0.01,-0.10%,0
"2026-08-04 12:18",10.05,10.08,10.03,10.03,-0.01,-0.10%,0
"2026-08-04 12:19",10.02,10.08,10.02,10.08,0.05,+0.50%,0
"2026-08-04 12:20",10.09,10.09,10.05,10.05,-0.03,-0.30%,0
"2026-08-04 12:21",10.01,10.06,10.01,10.06,0.01,+0.10%,0
"2026-08-04 12:22",10.08,10.11,10.08,10.1,0.04,+0.40%,0
"2026-08-04 12:23",10.11,10.15,10.11,10.15,0.05,+0.50%,0
"2026-08-04 12:24",10.15,10.19,10.15,10.19,0.04,+0.39%,0
"2026-08-04 12:25",10.18,10.18,10.14,10.14,-0.05,-0.49%,0
"2026-08-04 12:26",10.15,10.16,10.14,10.14,0,0.00%,0
"2026-08-04 12:27",10.11,10.12,10.11,10.11,-0.03,-0.30%,0
"2026-08-04 12:28",10.11,10.12,10.11,10.12,0.01,+0.10%,0
"2026-08-04 12:29",10.12,10.13,10.11,10.11,-0.01,-0.10%,0
"2026-08-04 12:30",10.1,10.11,10.05,10.11,0,0.00%,0
"2026-08-04 12:31",10.1,10.11,10.1,10.1,-0.01,-0.10%,0
"2026-08-04 12:32",10.07,10.09,10.07,10.09,-0.01,-0.10%,0
"2026-08-04 12:33",10.09,10.14,10.09,10.14,0.05,+0.50%,0
"2026-08-04 12:34",10.14,10.15,10.13,10.13,-0.01,-0.10%,0
"2026-08-04 12:35",10.17,10.21,10.17,10.21,0.08,+0.79%,0
"2026-08-04 12:36",10.21,10.24,10.21,10.24,0.03,+0.29%,0
"2026-08-04 12:37",10.23,10.24,10.22,10.22,-0.02,-0.20%,0
"2026-08-04 12:38",10.21,10.21,10.17,10.17,-0.05,-0.49%,0
"2026-08-04 12:39",10.19,10.25,10.19,10.24,0.07,+0.69%,0
"2026-08-04 12:40",10.23,10.23,10.23,10.23,-0.01,-0.10%,0
"2026-08-04 12:41",10.2,10.21,10.19,10.19,-0.04,-0.39%,0
"2026-08-04 12:42",10.19,10.22,10.19,10.22,0.03,+0.29%,0
"2026-08-04 12:43",10.23,10.25,10.22,10.22,0,0.00%,0
"2026-08-04 12:44",10.21,10.31,10.21,10.31,0.09,+0.88%,0
"2026-08-04 12:45",10.32,10.41,10.32,10.39,0.08,+0.78%,0
"2026-08-04 12:46",10.38,10.4,10.38,10.38,-0.01,-0.10%,0
"2026-08-04 12:47",10.37,10.38,10.37,10.37,-0.01,-0.10%,0
"2026-08-04 12:48",10.38,10.39,10.37,10.39,0.02,+0.19%,0
"2026-08-04 12:49",10.38,10.43,10.38,10.43,0.04,+0.38%,0
"2026-08-04 12:50",10.44,10.48,10.44,10.48,0.05,+0.48%,0
"2026-08-04 12:51",10.49,10.54,10.49,10.54,0.06,+0.57%,0
"2026-08-04 12:52",10.55,10.59,10.55,10.58,0.04,+0.38%,0
"2026-08-04 12:53",10.59,10.61,10.57,10.57,-0.01,-0.09%,0
"2026-08-04 12:54",10.58,10.59,10.58,10.59,0.02,+0.19%,0
"2026-08-04 12:55",10.61,10.68,10.61,10.68,0.09,+0.85%,0
"2026-08-04 12:56",10.65,10.65,10.6,10.6,-0.08,-0.75%,0
"2026-08-04 12:57",10.6,10.65,10.6,10.65,0.05,+0.47%,0
"2026-08-04 12:58",10.65,10.68,10.65,10.68,0.03,+0.28%,0
"2026-08-04 12:59",10.69,10.71,10.69,10.71,0.03,+0.28%,0
"2026-08-04 13:00",10.72,10.77,10.72,10.77,0.06,+0.56%,0
"2026-08-04 13:01",10.78,10.91,10.78,10.91,0.14,+1.30%,0
"2026-08-04 13:02",10.89,10.89,10.87,10.87,-0.04,-0.37%,0
"2026-08-04 13:03",10.88,10.95,10.88,10.95,0.08,+0.74%,0
"2026-08-04 13:04",10.99,11.09,10.99,11.09,0.14,+1.28%,0
"2026-08-04 13:05",11.11,11.22,11.11,11.17,0.08,+0.72%,0
"2026-08-04 13:06",11.09,11.1,11.06,11.1,-0.07,-0.63%,0
"2026-08-04 13:07",11.12,11.26,11.12,11.26,0.16,+1.44%,0
"2026-08-04 13:08",11.3,11.34,11.3,11.34,0.08,+0.71%,0
"2026-08-04 13:09",11.37,11.47,11.37,11.43,0.09,+0.79%,0
"2026-08-04 13:10",11.4,11.5,11.4,11.5,0.07,+0.61%,0
"2026-08-04 13:11",11.46,11.49,11.46,11.49,-0.01,-0.09%,0
"2026-08-04 13:12",11.53,11.65,11.53,11.65,0.16,+1.39%,0
"2026-08-04 13:13",11.65,11.66,11.64,11.64,-0.01,-0.09%,0
"2026-08-04 13:14",11.65,11.71,11.65,11.71,0.07,+0.60%,0
"2026-08-04 13:15",11.73,11.79,11.73,11.79,0.08,+0.68%,0
"2026-08-04 13:16",11.84,11.9,11.84,11.9,0.11,+0.93%,0
"2026-08-04 13:17",11.9,12.06,11.9,12.06,0.16,+1.34%,0
"2026-08-04 13:18",12.1,12.18,12.1,12.12,0.06,+0.50%,0
"2026-08-04 13:19",12.15,12.21,12.15,12.21,0.09,+0.74%,0
"2026-08-04 13:20",12.2,12.2,12.05,12.05,-0.16,-1.31%,0
"2026-08-04 13:21",12,12.1,12,12.1,0.05,+0.41%,0
"2026-08-04 13:22",12.1,12.1,12.03,12.03,-0.07,-0.58%,0
"2026-08-04 13:23",12.04,12.09,12.04,12.09,0.06,+0.50%,0
"2026-08-04 13:24",12.14,12.17,12.14,12.16,0.07,+0.58%,0
"2026-08-04 13:25",12.15,12.17,12.13,12.13,-0.03,-0.25%,0
"2026-08-04 13:26",12.13,12.17,12.13,12.14,0.01,+0.08%,0
"2026-08-04 13:27",12.12,12.19,12.12,12.19,0.05,+0.41%,0
"2026-08-04 13:28",12.19,12.24,12.19,12.22,0.03,+0.25%,0
"2026-08-04 13:29",12.17,12.18,12.17,12.18,-0.04,-0.33%,0
"2026-08-04 13:30",12.18,12.18,12.14,12.14,-0.04,-0.33%,0
"2026-08-04 13:31",12.2,12.23,12.2,12.2,0.06,+0.49%,0
"2026-08-04 13:32",12.2,12.2,12.19,12.19,-0.01,-0.08%,0
"2026-08-04 13:33",12.17,12.22,12.17,12.21,0.02,+0.16%,0
"2026-08-04 13:34",12.18,12.18,12.13,12.13,-0.08,-0.66%,0
"2026-08-04 13:35",12.14,12.2,12.14,12.19,0.06,+0.49%,0
"2026-08-04 13:36",12.2,12.23,12.2,12.23,0.04,+0.33%,0
"2026-08-04 13:37",12.26,12.29,12.26,12.26,0.03,+0.25%,0
"2026-08-04 13:38",12.23,12.29,12.23,12.29,0.03,+0.24%,0
"2026-08-04 13:39",12.3,12.3,12.3,12.3,0.01,+0.08%,0
"2026-08-04 13:40",12.3,12.33,12.3,12.33,0.03,+0.24%,0
"2026-08-04 13:41",12.36,12.39,12.36,12.38,0.05,+0.41%,0
"2026-08-04 13:42",12.39,12.46,12.39,12.46,0.08,+0.65%,0
"2026-08-04 13:43",12.45,12.47,12.43,12.43,-0.03,-0.24%,0
"2026-08-04 13:44",12.43,12.53,12.43,12.53,0.1,+0.80%,0
"2026-08-04 13:45",12.54,12.6,12.54,12.56,0.03,+0.24%,0
"2026-08-04 13:46",12.57,12.63,12.57,12.63,0.07,+0.56%,0
"2026-08-04 13:47",12.65,12.77,12.65,12.77,0.14,+1.11%,0
"2026-08-04 13:48",12.83,12.99,12.83,12.99,0.22,+1.72%,0
"2026-08-04 13:49",13,13.01,12.77,12.81,-0.18,-1.39%,0
"2026-08-04 13:50",12.75,12.75,12.59,12.59,-0.22,-1.72%,0
"2026-08-04 13:51",12.68,12.7,12.62,12.7,0.11,+0.87%,0
"2026-08-04 13:52",12.68,12.68,12.63,12.63,-0.07,-0.55%,0
"2026-08-04 13:53",12.66,12.77,12.66,12.77,0.14,+1.11%,0
"2026-08-04 13:54",12.76,12.77,12.76,12.76,-0.01,-0.08%,0
"2026-08-04 13:55",12.71,12.78,12.7,12.78,0.02,+0.16%,0
"2026-08-04 13:56",12.82,12.95,12.82,12.95,0.17,+1.33%,0
"2026-08-04 13:57",12.91,12.91,12.8,12.81,-0.14,-1.08%,0
"2026-08-04 13:58",12.81,12.83,12.81,12.82,0.01,+0.08%,0
"2026-08-04 13:59",12.82,12.82,12.81,12.82,0,0.00%,0
"2026-08-04 14:00",12.77,12.99,12.77,12.99,0.17,+1.33%,0
"2026-08-04 14:01",12.98,12.98,12.9,12.9,-0.09,-0.69%,0
"2026-08-04 14:02",12.97,13.1,12.97,13.1,0.2,+1.55%,0
"2026-08-04 14:03",13.1,13.16,13.1,13.12,0.02,+0.15%,0
"2026-08-04 14:04",13.12,13.19,13.12,13.13,0.01,+0.08%,0
"2026-08-04 14:05",13.1,13.19,13.1,13.19,0.06,+0.46%,0
"2026-08-04 14:06",13.21,13.28,13.21,13.24,0.05,+0.38%,0
"2026-08-04 14:07",13.22,13.22,13.18,13.18,-0.06,-0.45%,0
"2026-08-04 14:08",13.15,13.17,13.15,13.17,-0.01,-0.08%,0
"2026-08-04 14:09",13.16,13.16,13,13,-0.17,-1.29%,0
"2026-08-04 14:10",12.99,13.02,12.99,13.02,0.02,+0.15%,0
"2026-08-04 14:11",13.02,13.03,13.02,13.02,0,0.00%,0
"2026-08-04 14:12",13.03,13.05,13.03,13.05,0.03,+0.23%,0
"2026-08-04 14:13",13.04,13.04,13.02,13.02,-0.03,-0.23%,0
"2026-08-04 14:14",13.02,13.03,13,13,-0.02,-0.15%,0
"2026-08-04 14:15",12.98,13.04,12.98,13.04,0.04,+0.31%,0
"2026-08-04 14:16",13.07,13.16,13.07,13.16,0.12,+0.92%,0
"2026-08-04 14:17",13.2,13.26,13.2,13.25,0.09,+0.68%,0
"2026-08-04 14:18",13.24,13.25,13.21,13.25,0,0.00%,0
"2026-08-04 14:19",13.26,13.33,13.26,13.33,0.08,+0.60%,0
"2026-08-04 14:20",13.33,13.36,13.33,13.36,0.03,+0.23%,0
"2026-08-04 14:21",13.33,13.41,13.33,13.41,0.05,+0.37%,0
"2026-08-04 14:22",13.46,13.47,13.43,13.43,0.02,+0.15%,0
"2026-08-04 14:23",13.46,13.49,13.45,13.45,0.02,+0.15%,0
"2026-08-04 14:24",13.44,13.48,13.44,13.48,0.03,+0.22%,0
"2026-08-04 14:25",13.48,13.48,13.43,13.43,-0.05,-0.37%,0
"2026-08-04 14:26",13.43,13.44,13.43,13.43,0,0.00%,0
"2026-08-04 14:27",13.44,13.52,13.44,13.52,0.09,+0.67%,0
"2026-08-04 14:28",13.51,13.56,13.51,13.54,0.02,+0.15%,0
"2026-08-04 14:29",13.54,13.58,13.54,13.58,0.04,+0.30%,0
"2026-08-04 14:30",13.57,13.57,13.44,13.45,-0.13,-0.96%,0
"2026-08-04 14:31",13.41,13.41,13.29,13.29,-0.16,-1.19%,0
"2026-08-04 14:32",13.26,13.27,13.25,13.27,-0.02,-0.15%,0
"2026-08-04 14:33",13.28,13.3,13.28,13.3,0.03,+0.23%,0
"2026-08-04 14:34",13.32,13.36,13.32,13.35,0.05,+0.38%,0
"2026-08-04 14:35",13.32,13.32,13.24,13.24,-0.11,-0.82%,0
"2026-08-04 14:36",13.23,13.23,13.21,13.21,-0.03,-0.23%,0
"2026-08-04 14:37",13.21,13.32,13.21,13.32,0.11,+0.83%,0
"2026-08-04 14:38",13.31,13.32,13.3,13.31,-0.01,-0.08%,0
"2026-08-04 14:39",13.3,13.3,13.29,13.29,-0.02,-0.15%,0
"2026-08-04 14:40",13.28,13.3,13.25,13.25,-0.04,-0.30%,0
"2026-08-04 14:41",13.2,13.22,13.18,13.22,-0.03,-0.23%,0
"2026-08-04 14:42",13.22,13.39,13.22,13.39,0.17,+1.29%,0
"2026-08-04 14:43",13.34,13.47,13.34,13.47,0.08,+0.60%,0
"2026-08-04 14:44",13.5,13.55,13.49,13.55,0.08,+0.59%,0
"2026-08-04 14:45",13.57,13.67,13.57,13.67,0.12,+0.89%,0
"2026-08-04 14:46",13.68,13.68,13.65,13.65,-0.02,-0.15%,0
"2026-08-04 14:47",13.62,13.69,13.62,13.69,0.04,+0.29%,0
"2026-08-04 14:48",13.69,13.72,13.69,13.7,0.01,+0.07%,0
"2026-08-04 14:49",13.71,13.73,13.71,13.72,0.02,+0.15%,0
"2026-08-04 14:50",13.72,13.74,13.72,13.73,0.01,+0.07%,0
"2026-08-04 14:51",13.75,13.79,13.75,13.79,0.06,+0.44%,0
"2026-08-04 14:52",13.85,13.87,13.78,13.78,-0.01,-0.07%,0
"2026-08-04 14:53",13.77,13.81,13.77,13.81,0.03,+0.22%,0
"2026-08-04 14:54",13.8,13.81,13.77,13.81,0,0.00%,0
"2026-08-04 14:55",13.8,13.82,13.8,13.82,0.01,+0.07%,0
"2026-08-04 14:56",13.85,13.86,13.84,13.84,0.02,+0.14%,0
"2026-08-04 14:57",13.84,13.85,13.83,13.83,-0.01,-0.07%,0
"2026-08-04 14:58",13.84,13.87,13.84,13.84,0.01,+0.07%,0
"2026-08-04 14:59",13.76,13.84,13.76,13.82,-0.02,-0.14%,0
"2026-08-04 15:00",13.8,13.8,13.73,13.73,-0.09,-0.65%,0
"2026-08-04 15:01",13.71,13.76,13.71,13.76,0.03,+0.22%,0
"2026-08-04 15:02",13.81,13.81,13.78,13.78,0.02,+0.15%,0
"2026-08-04 15:03",13.77,13.91,13.77,13.91,0.13,+0.94%,0
"2026-08-04 15:04",13.92,14.04,13.92,14.03,0.12,+0.86%,0
"2026-08-04 15:05",14.02,14.06,14.02,14.02,-0.01,-0.07%,0
"2026-08-04 15:06",14.02,14.04,13.99,14.04,0.02,+0.14%,0
"2026-08-04 15:07",14.05,14.05,13.98,13.98,-0.06,-0.43%,0
"2026-08-04 15:08",13.97,14,13.88,13.88,-0.1,-0.72%,0
"2026-08-04 15:09",13.9,13.94,13.9,13.94,0.06,+0.43%,0
"2026-08-04 15:10",13.95,13.96,13.95,13.96,0.02,+0.14%,0
"2026-08-04 15:11",13.99,14.03,13.99,14.01,0.05,+0.36%,0
"2026-08-04 15:12",13.97,13.97,13.95,13.95,-0.06,-0.43%,0
"2026-08-04 15:13",13.94,14,13.94,14,0.05,+0.36%,0
"2026-08-04 15:14",14,14.07,14,14.07,0.07,+0.50%,0
"2026-08-04 15:15",14.06,14.06,13.99,13.99,-0.08,-0.57%,0
"2026-08-04 15:16",13.97,13.97,13.96,13.96,-0.03,-0.21%,0
"2026-08-04 15:17",13.93,13.93,13.93,13.93,-0.03,-0.21%,0
"2026-08-04 15:18",13.92,13.93,13.92,13.93,0,0.00%,0
"2026-08-04 15:19",13.94,13.97,13.94,13.96,0.03,+0.22%,0
"2026-08-04 15:20",13.97,14.01,13.97,14,0.04,+0.29%,0
"2026-08-04 15:21",14,14.02,14,14.02,0.02,+0.14%,0
"2026-08-04 15:22",14.03,14.04,14.02,14.02,0,0.00%,0
"2026-08-04 15:23",14,14.03,13.99,13.99,-0.03,-0.21%,0
"2026-08-04 15:24",13.94,14.06,13.94,14.06,0.07,+0.50%,0
"2026-08-04 15:25",14.05,14.08,14.05,14.07,0.01,+0.07%,0
"2026-08-04 15:26",14.06,14.09,14.03,14.03,-0.04,-0.28%,0
"2026-08-04 15:27",14,14.1,14,14.1,0.07,+0.50%,0
"2026-08-04 15:28",14.09,14.09,14.05,14.05,-0.05,-0.35%,0
"2026-08-04 15:29",14.04,14.06,14.02,14.02,-0.03,-0.21%,0
"2026-08-04 15:30",14.03,14.09,14.03,14.03,0.01,+0.07%,0
"2026-08-04 15:31",14.04,14.06,14.03,14.04,0.01,+0.07%,0
"2026-08-04 15:32",14.05,14.08,14.05,14.07,0.03,+0.21%,0
"2026-08-04 15:33",14.07,14.1,14.07,14.1,0.03,+0.21%,0
"2026-08-04 15:34",14.09,14.09,14.08,14.09,-0.01,-0.07%,0
"2026-08-04 15:35",14.09,14.18,14.09,14.18,0.09,+0.64%,0
"2026-08-04 15:36",14.18,14.21,14.18,14.21,0.03,+0.21%,0
"2026-08-04 15:37",14.19,14.21,14.19,14.21,0,0.00%,0
"2026-08-04 15:38",14.22,14.29,14.22,14.29,0.08,+0.56%,0
"2026-08-04 15:39",14.3,14.34,14.3,14.34,0.05,+0.35%,0
"2026-08-04 15:40",14.33,14.35,14.33,14.34,0,0.00%,0
"2026-08-04 15:41",14.32,14.38,14.32,14.32,-0.02,-0.14%,0
"2026-08-04 15:42",14.33,14.35,14.33,14.35,0.03,+0.21%,0
"2026-08-04 15:43",14.34,14.34,14.29,14.29,-0.06,-0.42%,0
"2026-08-04 15:44",14.36,14.47,14.36,14.47,0.18,+1.26%,0
"2026-08-04 15:45",14.47,14.47,14.43,14.43,-0.04,-0.28%,0
"2026-08-04 15:46",14.46,14.56,14.46,14.56,0.13,+0.90%,0
"2026-08-04 15:47",14.55,14.55,14.5,14.51,-0.05,-0.34%,0
"2026-08-04 15:48",14.54,14.57,14.54,14.57,0.06,+0.41%,0
"2026-08-04 15:49",14.56,14.57,14.56,14.57,0,0.00%,0
"2026-08-04 15:50",14.59,14.59,14.4,14.4,-0.17,-1.17%,0
"2026-08-04 15:51",14.39,14.4,14.37,14.37,-0.03,-0.21%,0
"2026-08-04 15:52",14.38,14.42,14.38,14.42,0.05,+0.35%,0
"2026-08-04 15:53",14.47,14.51,14.45,14.45,0.03,+0.21%,0
"2026-08-04 15:54",14.42,14.42,14.28,14.28,-0.17,-1.18%,0
"2026-08-04 15:55",14.2,14.2,14.1,14.1,-0.18,-1.26%,0
"2026-08-04 15:56",14.06,14.06,13.96,14.06,-0.04,-0.28%,0
"2026-08-04 15:57",14.07,14.17,14.07,14.16,0.1,+0.71%,0
"2026-08-04 15:58",14.2,14.2,14.06,14.06,-0.1,-0.71%,0
"2026-08-04 15:59",14,14,13.82,13.94,-0.12,-0.85%,0
"2026-08-04 16:00",13.84,13.9,13.84,13.87,-0.07,-0.50%,0
"2026-08-04 16:01",13.83,13.86,13.8,13.86,-0.01,-0.07%,0
"2026-08-04 16:02",13.83,13.92,13.81,13.92,0.06,+0.43%,0
"2026-08-04 16:03",13.86,13.9,13.85,13.9,-0.02,-0.14%,0
"2026-08-04 16:04",13.86,13.96,13.86,13.96,0.06,+0.43%,0
"2026-08-04 16:05",13.94,13.94,13.88,13.9,-0.06,-0.43%,0
"2026-08-04 16:06",13.81,13.94,13.81,13.94,0.04,+0.29%,0
"2026-08-04 16:07",14.01,14.07,14.01,14.07,0.13,+0.93%,0
"2026-08-04 16:08",14.05,14.06,14.02,14.06,-0.01,-0.07%,0
"2026-08-04 16:09",14.08,14.09,14.05,14.09,0.03,+0.21%,0
"2026-08-04 16:10",14.03,14.03,13.98,13.98,-0.11,-0.78%,0
"2026-08-04 16:11",13.8,13.8,13.71,13.74,-0.24,-1.72%,0
"2026-08-04 16:12",13.74,13.77,13.74,13.77,0.03,+0.22%,0
"2026-08-04 16:13",13.85,13.92,13.85,13.92,0.15,+1.09%,0
"2026-08-04 16:14",13.94,13.94,13.88,13.89,-0.03,-0.22%,0
"2026-08-04 16:15",13.86,13.86,13.86,13.86,-0.03,-0.22%,0
"2026-08-05 09:31",14.05,14.34,14.05,14.21,0.35,+2.53%,0
"2026-08-05 09:32",14.21,14.21,14.02,14.08,-0.13,-0.91%,0
"2026-08-05 09:33",14.08,14.08,13.79,13.79,-0.29,-2.06%,0
"2026-08-05 09:34",13.83,13.84,13.79,13.81,0.02,+0.15%,0
"2026-08-05 09:35",13.84,13.87,13.78,13.82,0.01,+0.07%,0
"2026-08-05 09:36",13.91,14.09,13.91,14.09,0.27,+1.95%,0
"2026-08-05 09:37",14.06,14.19,14.06,14.17,0.08,+0.57%,0
"2026-08-05 09:38",14.26,14.27,14.16,14.19,0.02,+0.14%,0
"2026-08-05 09:39",14.35,14.38,14.27,14.27,0.08,+0.56%,0
"2026-08-05 09:40",14.34,14.49,14.34,14.45,0.18,+1.26%,0
"2026-08-05 09:41",14.44,14.62,14.44,14.62,0.17,+1.18%,0
"2026-08-05 09:42",14.54,14.58,14.48,14.48,-0.14,-0.96%,0
"2026-08-05 09:43",14.48,14.48,14.23,14.23,-0.25,-1.73%,0
"2026-08-05 09:44",14.24,14.24,14.18,14.21,-0.02,-0.14%,0
"2026-08-05 09:45",14.15,14.18,14.1,14.1,-0.11,-0.77%,0
"2026-08-05 09:46",14.07,14.07,13.99,14.05,-0.05,-0.35%,0
"2026-08-05 09:47",14.11,14.12,13.98,13.98,-0.07,-0.50%,0
"2026-08-05 09:48",13.87,13.89,13.85,13.85,-0.13,-0.93%,0
"2026-08-05 09:49",13.81,13.81,13.66,13.66,-0.19,-1.37%,0
"2026-08-05 09:50",13.5,13.5,13.26,13.26,-0.4,-2.93%,0
"2026-08-05 09:51",13.18,13.28,13.18,13.28,0.02,+0.15%,0
"2026-08-05 09:52",13.3,13.39,13.28,13.39,0.11,+0.83%,0
"2026-08-05 09:53",13.46,13.46,13.33,13.33,-0.06,-0.45%,0
"2026-08-05 09:54",13.31,13.36,13.29,13.35,0.02,+0.15%,0
"2026-08-05 09:55",13.31,13.35,13.31,13.35,0,0.00%,0
"2026-08-05 09:56",13.42,13.57,13.42,13.47,0.12,+0.90%,0
"2026-08-05 09:57",13.46,13.47,13.41,13.41,-0.06,-0.45%,0
"2026-08-05 09:58",13.32,13.33,13.17,13.17,-0.24,-1.79%,0
"2026-08-05 09:59",13.25,13.39,13.25,13.39,0.22,+1.67%,0
"2026-08-05 10:00",13.37,13.45,13.29,13.45,0.06,+0.45%,0
"2026-08-05 10:01",13.31,13.38,13.31,13.35,-0.1,-0.74%,0
"2026-08-05 10:02",13.35,13.45,13.25,13.25,-0.1,-0.75%,0
"2026-08-05 10:03",13.26,13.3,13.26,13.3,0.05,+0.38%,0
"2026-08-05 10:04",13.3,13.34,13.3,13.34,0.04,+0.30%,0
"2026-08-05 10:05",13.28,13.28,13.2,13.23,-0.11,-0.82%,0
"2026-08-05 10:06",13.26,13.27,13.2,13.2,-0.03,-0.23%,0
"2026-08-05 10:07",13.18,13.21,13.18,13.19,-0.01,-0.08%,0
"2026-08-05 10:08",13.2,13.2,13.12,13.12,-0.07,-0.53%,0
"2026-08-05 10:09",13.09,13.09,12.97,12.97,-0.15,-1.14%,0
"2026-08-05 10:10",12.94,12.95,12.89,12.9,-0.07,-0.54%,0
"2026-08-05 10:11",12.83,12.89,12.81,12.81,-0.09,-0.70%,0
"2026-08-05 10:12",12.76,12.8,12.73,12.73,-0.08,-0.62%,0
"2026-08-05 10:13",12.75,12.76,12.61,12.61,-0.12,-0.94%,0
"2026-08-05 10:14",12.61,12.61,12.55,12.6,-0.01,-0.08%,0
"2026-08-05 10:15",12.6,12.6,12.55,12.55,-0.05,-0.40%,0
"2026-08-05 10:16",12.51,12.55,12.5,12.55,0,0.00%,0
"2026-08-05 10:17",12.62,12.64,12.57,12.57,0.02,+0.16%,0
"2026-08-05 10:18",12.57,12.57,12.44,12.44,-0.13,-1.03%,0
"2026-08-05 10:19",12.41,12.47,12.41,12.47,0.03,+0.24%,0
"2026-08-05 10:20",12.53,12.59,12.53,12.58,0.11,+0.88%,0
"2026-08-05 10:21",12.53,12.53,12.46,12.47,-0.11,-0.87%,0
"2026-08-05 10:22",12.37,12.37,12.17,12.17,-0.3,-2.41%,0
"2026-08-05 10:23",12.15,12.26,12.12,12.12,-0.05,-0.41%,0
"2026-08-05 10:24",12.04,12.05,11.99,12,-0.12,-0.99%,0
"2026-08-05 10:25",12.02,12.07,12,12.01,0.01,+0.08%,0
"2026-08-05 10:26",12.1,12.22,12.1,12.15,0.14,+1.17%,0
"2026-08-05 10:27",12.17,12.17,12.09,12.09,-0.06,-0.49%,0
"2026-08-05 10:28",12.03,12.08,11.98,11.98,-0.11,-0.91%,0
"2026-08-05 10:29",11.93,11.93,11.9,11.9,-0.08,-0.67%,0
"2026-08-05 10:30",11.94,12.06,11.94,12.06,0.16,+1.34%,0
"2026-08-05 10:31",11.97,12.11,11.97,11.98,-0.08,-0.66%,0
"2026-08-05 10:32",11.95,12,11.94,11.96,-0.02,-0.17%,0
"2026-08-05 10:33",11.94,11.99,11.94,11.99,0.03,+0.25%,0
"2026-08-05 10:34",11.99,12.09,11.99,12.09,0.1,+0.83%,0
"2026-08-05 10:35",12.09,12.1,12.01,12.01,-0.08,-0.66%,0
"2026-08-05 10:36",12.02,12.1,12.02,12.1,0.09,+0.75%,0
"2026-08-05 10:37",12.07,12.13,12.07,12.13,0.03,+0.25%,0
"2026-08-05 10:38",12.13,12.18,12.08,12.08,-0.05,-0.41%,0
"2026-08-05 10:39",12.06,12.16,12.06,12.16,0.08,+0.66%,0
"2026-08-05 10:40",12.17,12.17,12.13,12.13,-0.03,-0.25%,0
"2026-08-05 10:41",12.16,12.16,12.02,12.02,-0.11,-0.91%,0
"2026-08-05 10:42",12.01,12.03,11.99,11.99,-0.03,-0.25%,0
"2026-08-05 10:43",11.94,11.94,11.89,11.89,-0.1,-0.83%,0
"2026-08-05 10:44",11.87,11.89,11.79,11.79,-0.1,-0.84%,0
"2026-08-05 10:45",11.78,11.79,11.75,11.75,-0.04,-0.34%,0
"2026-08-05 10:46",11.74,11.74,11.58,11.58,-0.17,-1.45%,0
"2026-08-05 10:47",11.55,11.62,11.55,11.6,0.02,+0.17%,0
"2026-08-05 10:48",11.61,11.62,11.59,11.59,-0.01,-0.09%,0
"2026-08-05 10:49",11.57,11.62,11.54,11.54,-0.05,-0.43%,0
"2026-08-05 10:50",11.54,11.73,11.54,11.73,0.19,+1.65%,0
"2026-08-05 10:51",11.78,11.85,11.78,11.83,0.1,+0.85%,0
"2026-08-05 10:52",11.82,11.92,11.82,11.92,0.09,+0.76%,0
"2026-08-05 10:53",11.84,12.1,11.81,12.1,0.18,+1.51%,0
"2026-08-05 10:54",11.96,11.98,11.77,11.77,-0.33,-2.73%,0
"2026-08-05 10:55",11.72,11.85,11.72,11.82,0.05,+0.42%,0
"2026-08-05 10:56",11.82,11.9,11.82,11.85,0.03,+0.25%,0
"2026-08-05 10:57",11.75,11.76,11.65,11.65,-0.2,-1.69%,0
"2026-08-05 10:58",11.74,11.81,11.74,11.81,0.16,+1.37%,0
"2026-08-05 10:59",11.86,11.86,11.77,11.8,-0.01,-0.08%,0
"2026-08-05 11:00",11.83,11.84,11.81,11.84,0.04,+0.34%,0
"2026-08-05 11:01",11.85,11.85,11.79,11.82,-0.02,-0.17%,0
"2026-08-05 11:02",11.8,11.8,11.73,11.73,-0.09,-0.76%,0
"2026-08-05 11:03",11.75,11.84,11.75,11.83,0.1,+0.85%,0
"2026-08-05 11:04",11.82,11.88,11.82,11.88,0.05,+0.42%,0
"2026-08-05 11:05",11.85,11.93,11.85,11.93,0.05,+0.42%,0
"2026-08-05 11:06",11.94,11.99,11.94,11.94,0.01,+0.08%,0
"2026-08-05 11:07",11.85,11.88,11.85,11.88,-0.06,-0.50%,0
"2026-08-05 11:08",11.85,11.89,11.81,11.82,-0.06,-0.51%,0
"2026-08-05 11:09",11.8,11.8,11.69,11.69,-0.13,-1.10%,0
"2026-08-05 11:10",11.68,11.69,11.63,11.63,-0.06,-0.51%,0
"2026-08-05 11:11",11.62,11.62,11.57,11.61,-0.02,-0.17%,0
"2026-08-05 11:12",11.63,11.63,11.59,11.59,-0.02,-0.17%,0
"2026-08-05 11:13",11.62,11.72,11.62,11.72,0.13,+1.12%,0
"2026-08-05 11:14",11.73,11.73,11.67,11.67,-0.05,-0.43%,0
"2026-08-05 11:15",11.65,11.68,11.62,11.62,-0.05,-0.43%,0
"2026-08-05 11:16",11.65,11.69,11.55,11.55,-0.07,-0.60%,0
"2026-08-05 11:17",11.51,11.61,11.51,11.61,0.06,+0.52%,0
"2026-08-05 11:18",11.62,11.96,11.62,11.83,0.22,+1.89%,0
"2026-08-05 11:19",11.76,11.76,11.62,11.63,-0.2,-1.69%,0
"2026-08-05 11:20",11.69,11.81,11.69,11.79,0.16,+1.38%,0
"2026-08-05 11:21",11.77,11.8,11.71,11.8,0.01,+0.08%,0
"2026-08-05 11:22",11.74,11.81,11.74,11.79,-0.01,-0.08%,0
"2026-08-05 11:23",11.8,11.82,11.8,11.82,0.03,+0.25%,0
"2026-08-05 11:24",11.84,11.91,11.84,11.85,0.03,+0.25%,0
"2026-08-05 11:25",11.89,11.93,11.89,11.91,0.06,+0.51%,0
"2026-08-05 11:26",11.89,11.91,11.87,11.87,-0.04,-0.34%,0
"2026-08-05 11:27",11.85,11.85,11.76,11.76,-0.11,-0.93%,0
"2026-08-05 11:28",11.79,11.83,11.77,11.78,0.02,+0.17%,0
"2026-08-05 11:29",11.78,11.81,11.78,11.78,0,0.00%,0
"2026-08-05 11:30",11.78,11.82,11.78,11.8,0.02,+0.17%,0
"2026-08-05 11:31",11.77,11.79,11.71,11.71,-0.09,-0.76%,0
"2026-08-05 11:32",11.74,11.79,11.74,11.79,0.08,+0.68%,0
"2026-08-05 11:33",11.81,11.9,11.81,11.9,0.11,+0.93%,0
"2026-08-05 11:34",11.9,11.93,11.9,11.92,0.02,+0.17%,0
"2026-08-05 11:35",11.94,11.95,11.93,11.93,0.01,+0.08%,0
"2026-08-05 11:36",11.92,11.94,11.92,11.92,-0.01,-0.08%,0
"2026-08-05 11:37",11.89,11.9,11.86,11.86,-0.06,-0.50%,0
"2026-08-05 11:38",11.86,11.88,11.86,11.87,0.01,+0.08%,0
"2026-08-05 11:39",11.88,11.89,11.85,11.85,-0.02,-0.17%,0
"2026-08-05 11:40",11.84,11.86,11.83,11.83,-0.02,-0.17%,0
"2026-08-05 11:41",11.84,11.85,11.8,11.8,-0.03,-0.25%,0
"2026-08-05 11:42",11.77,11.81,11.77,11.81,0.01,+0.08%,0
"2026-08-05 11:43",11.82,11.84,11.82,11.84,0.03,+0.25%,0
"2026-08-05 11:44",11.83,11.86,11.73,11.73,-0.11,-0.93%,0
"2026-08-05 11:45",11.72,11.74,11.68,11.68,-0.05,-0.43%,0
"2026-08-05 11:46",11.64,11.64,11.61,11.61,-0.07,-0.60%,0
"2026-08-05 11:47",11.57,11.57,11.52,11.52,-0.09,-0.78%,0
"2026-08-05 11:48",11.49,11.5,11.47,11.47,-0.05,-0.43%,0
"2026-08-05 11:49",11.48,11.5,11.42,11.42,-0.05,-0.44%,0
"2026-08-05 11:50",11.45,11.49,11.44,11.49,0.07,+0.61%,0
"2026-08-05 11:51",11.52,11.52,11.49,11.5,0.01,+0.09%,0
"2026-08-05 11:52",11.48,11.51,11.48,11.49,-0.01,-0.09%,0
"2026-08-05 11:53",11.49,11.52,11.49,11.52,0.03,+0.26%,0
"2026-08-05 11:54",11.52,11.58,11.52,11.56,0.04,+0.35%,0
"2026-08-05 11:55",11.54,11.59,11.48,11.48,-0.08,-0.69%,0
"2026-08-05 11:56",11.48,11.48,11.47,11.47,-0.01,-0.09%,0
"2026-08-05 11:57",11.44,11.59,11.44,11.45,-0.02,-0.17%,0
"2026-08-05 11:58",11.47,11.51,11.46,11.46,0.01,+0.09%,0
"2026-08-05 11:59",11.49,11.6,11.49,11.6,0.14,+1.22%,0
"2026-08-05 12:00",11.62,11.64,11.62,11.63,0.03,+0.26%,0
"2026-08-05 12:01",11.63,11.64,11.6,11.6,-0.03,-0.26%,0
"2026-08-05 12:02",11.59,11.65,11.59,11.64,0.04,+0.34%,0
"2026-08-05 12:03",11.62,11.65,11.62,11.65,0.01,+0.09%,0
"2026-08-05 12:04",11.67,11.69,11.67,11.68,0.03,+0.26%,0
"2026-08-05 12:05",11.69,11.81,11.69,11.81,0.13,+1.11%,0
"2026-08-05 12:06",11.8,11.86,11.8,11.86,0.05,+0.42%,0
"2026-08-05 12:07",11.85,11.86,11.85,11.86,0,0.00%,0
"2026-08-05 12:08",11.87,11.87,11.85,11.86,0,0.00%,0
"2026-08-05 12:09",11.84,11.94,11.84,11.88,0.02,+0.17%,0
"2026-08-05 12:10",11.88,11.89,11.85,11.85,-0.03,-0.25%,0
"2026-08-05 12:11",11.85,11.86,11.83,11.85,0,0.00%,0
"2026-08-05 12:12",11.83,11.87,11.83,11.85,0,0.00%,0
"2026-08-05 12:13",11.85,11.92,11.85,11.92,0.07,+0.59%,0
"2026-08-05 12:14",11.93,11.93,11.89,11.89,-0.03,-0.25%,0
"2026-08-05 12:15",11.9,11.92,11.76,11.76,-0.13,-1.09%,0
"2026-08-05 12:16",11.72,11.72,11.65,11.65,-0.11,-0.94%,0
"2026-08-05 12:17",11.64,11.75,11.64,11.75,0.1,+0.86%,0
"2026-08-05 12:18",11.77,11.86,11.77,11.86,0.11,+0.94%,0
"2026-08-05 12:19",11.87,11.87,11.84,11.84,-0.02,-0.17%,0
"2026-08-05 12:20",11.82,11.89,11.82,11.88,0.04,+0.34%,0
"2026-08-05 12:21",11.85,11.85,11.79,11.79,-0.09,-0.76%,0
"2026-08-05 12:22",11.78,11.81,11.77,11.81,0.02,+0.17%,0
"2026-08-05 12:23",11.84,11.93,11.84,11.93,0.12,+1.02%,0
"2026-08-05 12:24",11.94,12.02,11.94,12.02,0.09,+0.75%,0
"2026-08-05 12:25",12.05,12.07,12.02,12.04,0.02,+0.17%,0
"2026-08-05 12:26",12.02,12.03,11.96,11.96,-0.08,-0.66%,0
"2026-08-05 12:27",11.94,11.96,11.86,11.89,-0.07,-0.59%,0
"2026-08-05 12:28",11.92,11.92,11.91,11.91,0.02,+0.17%,0
"2026-08-05 12:29",11.89,11.9,11.88,11.88,-0.03,-0.25%,0
"2026-08-05 12:30",11.87,11.88,11.87,11.88,0,0.00%,0
"2026-08-05 12:31",11.89,11.94,11.89,11.94,0.06,+0.51%,0
"2026-08-05 12:32",11.94,11.98,11.94,11.97,0.03,+0.25%,0
"2026-08-05 12:33",11.97,12.01,11.97,12.01,0.04,+0.33%,0
"2026-08-05 12:34",12.02,12.02,11.95,11.98,-0.03,-0.25%,0
"2026-08-05 12:35",11.95,11.99,11.95,11.99,0.01,+0.08%,0
"2026-08-05 12:36",11.99,12.03,11.98,11.98,-0.01,-0.08%,0
"2026-08-05 12:37",11.98,11.98,11.92,11.92,-0.06,-0.50%,0
"2026-08-05 12:38",11.91,11.92,11.88,11.88,-0.04,-0.34%,0
"2026-08-05 12:39",11.86,11.92,11.86,11.92,0.04,+0.34%,0
"2026-08-05 12:40",11.95,11.96,11.95,11.95,0.03,+0.25%,0
"2026-08-05 12:41",11.92,11.92,11.8,11.8,-0.15,-1.26%,0
"2026-08-05 12:42",11.82,11.84,11.82,11.82,0.02,+0.17%,0
"2026-08-05 12:43",11.79,11.79,11.72,11.72,-0.1,-0.85%,0
"2026-08-05 12:44",11.71,11.72,11.68,11.68,-0.04,-0.34%,0
"2026-08-05 12:45",11.68,11.7,11.64,11.64,-0.04,-0.34%,0
"2026-08-05 12:46",11.64,11.64,11.6,11.6,-0.04,-0.34%,0
"2026-08-05 12:47",11.54,11.55,11.54,11.54,-0.06,-0.52%,0
"2026-08-05 12:48",11.53,11.54,11.49,11.49,-0.05,-0.43%,0
"2026-08-05 12:49",11.48,11.48,11.45,11.48,-0.01,-0.09%,0
"2026-08-05 12:50",11.47,11.5,11.47,11.48,0,0.00%,0
"2026-08-05 12:51",11.47,11.47,11.4,11.4,-0.08,-0.70%,0
"2026-08-05 12:52",11.44,11.44,11.41,11.41,0.01,+0.09%,0
"2026-08-05 12:53",11.41,11.41,11.38,11.38,-0.03,-0.26%,0
"2026-08-05 12:54",11.38,11.42,11.38,11.42,0.04,+0.35%,0
"2026-08-05 12:55",11.4,11.43,11.4,11.43,0.01,+0.09%,0
"2026-08-05 12:56",11.43,11.45,11.43,11.45,0.02,+0.17%,0
"2026-08-05 12:57",11.47,11.47,11.44,11.44,-0.01,-0.09%,0
"2026-08-05 12:58",11.43,11.43,11.43,11.43,-0.01,-0.09%,0
"2026-08-05 12:59",11.44,11.47,11.44,11.45,0.02,+0.17%,0
"2026-08-05 13:00",11.45,11.49,11.43,11.49,0.04,+0.35%,0
"2026-08-05 13:01",11.46,11.48,11.46,11.46,-0.03,-0.26%,0
"2026-08-05 13:02",11.44,11.51,11.44,11.51,0.05,+0.44%,0
"2026-08-05 13:03",11.53,11.56,11.53,11.55,0.04,+0.35%,0
"2026-08-05 13:04",11.55,11.6,11.55,11.6,0.05,+0.43%,0
"2026-08-05 13:05",11.57,11.6,11.55,11.55,-0.05,-0.43%,0
"2026-08-05 13:06",11.54,11.58,11.54,11.55,0,0.00%,0
"2026-08-05 13:07",11.55,11.55,11.54,11.54,-0.01,-0.09%,0
"2026-08-05 13:08",11.54,11.55,11.54,11.55,0.01,+0.09%,0
"2026-08-05 13:09",11.54,11.55,11.53,11.54,-0.01,-0.09%,0
"2026-08-05 13:10",11.53,11.57,11.53,11.55,0.01,+0.09%,0
"2026-08-05 13:11",11.55,11.56,11.54,11.54,-0.01,-0.09%,0
"2026-08-05 13:12",11.53,11.54,11.5,11.5,-0.04,-0.35%,0
"2026-08-05 13:13",11.5,11.51,11.5,11.51,0.01,+0.09%,0
"2026-08-05 13:14",11.51,11.53,11.51,11.53,0.02,+0.17%,0
"2026-08-05 13:15",11.53,11.57,11.53,11.55,0.02,+0.17%,0
"2026-08-05 13:16",11.54,11.57,11.54,11.57,0.02,+0.17%,0
"2026-08-05 13:17",11.56,11.6,11.56,11.58,0.01,+0.09%,0
"2026-08-05 13:18",11.58,11.6,11.58,11.58,0,0.00%,0
"2026-08-05 13:19",11.57,11.59,11.55,11.55,-0.03,-0.26%,0
"2026-08-05 13:20",11.56,11.57,11.56,11.57,0.02,+0.17%,0
"2026-08-05 13:21",11.55,11.57,11.55,11.57,0,0.00%,0
"2026-08-05 13:22",11.55,11.6,11.55,11.59,0.02,+0.17%,0
"2026-08-05 13:23",11.6,11.62,11.58,11.58,-0.01,-0.09%,0
"2026-08-05 13:24",11.58,11.58,11.57,11.58,0,0.00%,0
"2026-08-05 13:25",11.55,11.56,11.54,11.56,-0.02,-0.17%,0
"2026-08-05 13:26",11.48,11.5,11.48,11.48,-0.08,-0.69%,0
"2026-08-05 13:27",11.48,11.5,11.47,11.47,-0.01,-0.09%,0
"2026-08-05 13:28",11.47,11.5,11.47,11.5,0.03,+0.26%,0
"2026-08-05 13:29",11.49,11.53,11.49,11.52,0.02,+0.17%,0
"2026-08-05 13:30",11.52,11.63,11.52,11.63,0.11,+0.95%,0
"2026-08-05 13:31",11.64,11.67,11.64,11.65,0.02,+0.17%,0
"2026-08-05 13:32",11.65,11.67,11.64,11.64,-0.01,-0.09%,0
"2026-08-05 13:33",11.63,11.65,11.63,11.63,-0.01,-0.09%,0
"2026-08-05 13:34",11.62,11.66,11.62,11.65,0.02,+0.17%,0
"2026-08-05 13:35",11.63,11.64,11.62,11.62,-0.03,-0.26%,0
"2026-08-05 13:36",11.61,11.63,11.61,11.63,0.01,+0.09%,0
"2026-08-05 13:37",11.63,11.65,11.63,11.64,0.01,+0.09%,0
"2026-08-05 13:38",11.64,11.64,11.6,11.62,-0.02,-0.17%,0
"2026-08-05 13:39",11.63,11.65,11.63,11.64,0.02,+0.17%,0
"2026-08-05 13:40",11.63,11.68,11.63,11.64,0,0.00%,0
"2026-08-05 13:41",11.64,11.64,11.63,11.63,-0.01,-0.09%,0
"2026-08-05 13:42",11.64,11.66,11.64,11.65,0.02,+0.17%,0
"2026-08-05 13:43",11.65,11.67,11.65,11.66,0.01,+0.09%,0
"2026-08-05 13:44",11.65,11.67,11.65,11.66,0,0.00%,0
"2026-08-05 13:45",11.66,11.66,11.62,11.64,-0.02,-0.17%,0
"2026-08-05 13:46",11.61,11.64,11.61,11.62,-0.02,-0.17%,0
"2026-08-05 13:47",11.62,11.64,11.61,11.61,-0.01,-0.09%,0
"2026-08-05 13:48",11.6,11.61,11.58,11.58,-0.03,-0.26%,0
"2026-08-05 13:49",11.57,11.57,11.56,11.56,-0.02,-0.17%,0
"2026-08-05 13:50",11.56,11.56,11.56,11.56,0,0.00%,0
"2026-08-05 13:51",11.56,11.56,11.52,11.52,-0.04,-0.35%,0
"2026-08-05 13:52",11.49,11.49,11.4,11.41,-0.11,-0.95%,0
"2026-08-05 13:53",11.4,11.44,11.4,11.43,0.02,+0.18%,0
"2026-08-05 13:54",11.42,11.43,11.42,11.43,0,0.00%,0
"2026-08-05 13:55",11.42,11.42,11.4,11.4,-0.03,-0.26%,0
"2026-08-05 13:56",11.39,11.39,11.38,11.38,-0.02,-0.18%,0
"2026-08-05 13:57",11.37,11.41,11.37,11.41,0.03,+0.26%,0
"2026-08-05 13:58",11.39,11.41,11.39,11.4,-0.01,-0.09%,0
"2026-08-05 13:59",11.4,11.41,11.4,11.41,0.01,+0.09%,0
"2026-08-05 14:00",11.4,11.4,11.35,11.35,-0.06,-0.53%,0
"2026-08-05 14:01",11.34,11.37,11.34,11.37,0.02,+0.18%,0
"2026-08-05 14:02",11.37,11.37,11.36,11.37,0,0.00%,0
"2026-08-05 14:03",11.36,11.36,11.31,11.31,-0.06,-0.53%,0
"2026-08-05 14:04",11.32,11.32,11.32,11.32,0.01,+0.09%,0
"2026-08-05 14:05",11.32,11.42,11.32,11.42,0.1,+0.88%,0
"2026-08-05 14:06",11.43,11.43,11.42,11.43,0.01,+0.09%,0
"2026-08-05 14:07",11.46,11.5,11.46,11.49,0.06,+0.52%,0
"2026-08-05 14:08",11.5,11.52,11.5,11.5,0.01,+0.09%,0
"2026-08-05 14:09",11.48,11.51,11.48,11.48,-0.02,-0.17%,0
"2026-08-05 14:10",11.48,11.5,11.47,11.5,0.02,+0.17%,0
"2026-08-05 14:11",11.51,11.52,11.42,11.42,-0.08,-0.70%,0
"2026-08-05 14:12",11.42,11.45,11.42,11.45,0.03,+0.26%,0
"2026-08-05 14:13",11.45,11.45,11.44,11.45,0,0.00%,0
"2026-08-05 14:14",11.45,11.47,11.45,11.47,0.02,+0.17%,0
"2026-08-05 14:15",11.46,11.47,11.46,11.47,0,0.00%,0
"2026-08-05 14:16",11.45,11.48,11.43,11.43,-0.04,-0.35%,0
"2026-08-05 14:17",11.43,11.44,11.43,11.44,0.01,+0.09%,0
"2026-08-05 14:18",11.44,11.46,11.44,11.46,0.02,+0.17%,0
"2026-08-05 14:19",11.45,11.45,11.44,11.44,-0.02,-0.17%,0
"2026-08-05 14:20",11.43,11.45,11.43,11.45,0.01,+0.09%,0
"2026-08-05 14:21",11.44,11.46,11.44,11.45,0,0.00%,0
"2026-08-05 14:22",11.45,11.5,11.45,11.49,0.04,+0.35%,0
"2026-08-05 14:23",11.49,11.52,11.49,11.52,0.03,+0.26%,0
"2026-08-05 14:24",11.51,11.53,11.51,11.53,0.01,+0.09%,0
"2026-08-05 14:25",11.52,11.52,11.51,11.51,-0.02,-0.17%,0
"2026-08-05 14:26",11.45,11.48,11.45,11.48,-0.03,-0.26%,0
"2026-08-05 14:27",11.51,11.51,11.49,11.49,0.01,+0.09%,0
"2026-08-05 14:28",11.48,11.48,11.47,11.47,-0.02,-0.17%,0
"2026-08-05 14:29",11.47,11.47,11.43,11.43,-0.04,-0.35%,0
"2026-08-05 14:30",11.41,11.46,11.41,11.46,0.03,+0.26%,0
"2026-08-05 14:31",11.47,11.55,11.47,11.55,0.09,+0.79%,0
"2026-08-05 14:32",11.57,11.59,11.57,11.59,0.04,+0.35%,0
"2026-08-05 14:33",11.61,11.62,11.61,11.61,0.02,+0.17%,0
"2026-08-05 14:34",11.63,11.64,11.61,11.62,0.01,+0.09%,0
"2026-08-05 14:35",11.62,11.66,11.62,11.66,0.04,+0.34%,0
"2026-08-05 14:36",11.64,11.66,11.64,11.66,0,0.00%,0
"2026-08-05 14:37",11.66,11.68,11.66,11.68,0.02,+0.17%,0
"2026-08-05 14:38",11.67,11.69,11.67,11.67,-0.01,-0.09%,0
"2026-08-05 14:39",11.66,11.69,11.66,11.69,0.02,+0.17%,0
"2026-08-05 14:40",11.68,11.69,11.68,11.68,-0.01,-0.09%,0
"2026-08-05 14:41",11.71,11.75,11.71,11.75,0.07,+0.60%,0
"2026-08-05 14:42",11.72,11.72,11.68,11.68,-0.07,-0.60%,0
"2026-08-05 14:43",11.69,11.69,11.68,11.68,0,0.00%,0
"2026-08-05 14:44",11.68,11.7,11.68,11.69,0.01,+0.09%,0
"2026-08-05 14:45",11.69,11.7,11.68,11.68,-0.01,-0.09%,0
"2026-08-05 14:46",11.69,11.7,11.69,11.7,0.02,+0.17%,0
"2026-08-05 14:47",11.69,11.72,11.69,11.71,0.01,+0.09%,0
"2026-08-05 14:48",11.7,11.71,11.69,11.7,-0.01,-0.09%,0
"2026-08-05 14:49",11.7,11.71,11.7,11.7,0,0.00%,0
"2026-08-05 14:50",11.71,11.73,11.71,11.71,0.01,+0.09%,0
"2026-08-05 14:51",11.71,11.74,11.71,11.74,0.03,+0.26%,0
"2026-08-05 14:52",11.72,11.72,11.69,11.69,-0.05,-0.43%,0
"2026-08-05 14:53",11.69,11.69,11.63,11.63,-0.06,-0.51%,0
"2026-08-05 14:54",11.64,11.66,11.64,11.66,0.03,+0.26%,0
"2026-08-05 14:55",11.68,11.68,11.68,11.68,0.02,+0.17%,0
"2026-08-05 14:56",11.69,11.75,11.69,11.75,0.07,+0.60%,0
"2026-08-05 14:57",11.73,11.75,11.73,11.74,-0.01,-0.09%,0
"2026-08-05 14:58",11.71,11.73,11.71,11.73,-0.01,-0.09%,0
"2026-08-05 14:59",11.72,11.75,11.72,11.74,0.01,+0.09%,0
"2026-08-05 15:00",11.74,11.78,11.74,11.74,0,0.00%,0
"2026-08-05 15:01",11.75,11.77,11.66,11.66,-0.08,-0.68%,0
"2026-08-05 15:02",11.63,11.65,11.63,11.64,-0.02,-0.17%,0
"2026-08-05 15:03",11.65,11.76,11.65,11.76,0.12,+1.03%,0
"2026-08-05 15:04",11.73,11.75,11.73,11.74,-0.02,-0.17%,0
"2026-08-05 15:05",11.72,11.73,11.68,11.68,-0.06,-0.51%,0
"2026-08-05 15:06",11.65,11.69,11.65,11.69,0.01,+0.09%,0
"2026-08-05 15:07",11.68,11.69,11.67,11.67,-0.02,-0.17%,0
"2026-08-05 15:08",11.67,11.69,11.67,11.69,0.02,+0.17%,0
"2026-08-05 15:09",11.67,11.69,11.67,11.69,0,0.00%,0
"2026-08-05 15:10",11.69,11.7,11.69,11.69,0,0.00%,0
"2026-08-05 15:11",11.68,11.69,11.68,11.68,-0.01,-0.09%,0
"2026-08-05 15:12",11.69,11.7,11.69,11.69,0.01,+0.09%,0
"2026-08-05 15:13",11.7,11.7,11.68,11.68,-0.01,-0.09%,0
"2026-08-05 15:14",11.68,11.69,11.66,11.66,-0.02,-0.17%,0
"2026-08-05 15:15",11.66,11.67,11.56,11.56,-0.1,-0.86%,0
"2026-08-05 15:16",11.56,11.58,11.56,11.58,0.02,+0.17%,0
"2026-08-05 15:17",11.57,11.6,11.55,11.55,-0.03,-0.26%,0
"2026-08-05 15:18",11.55,11.56,11.55,11.55,0,0.00%,0
"2026-08-05 15:19",11.54,11.6,11.54,11.6,0.05,+0.43%,0
"2026-08-05 15:20",11.6,11.62,11.6,11.61,0.01,+0.09%,0
"2026-08-05 15:21",11.63,11.67,11.61,11.61,0,0.00%,0
"2026-08-05 15:22",11.61,11.61,11.59,11.59,-0.02,-0.17%,0
"2026-08-05 15:23",11.59,11.6,11.59,11.6,0.01,+0.09%,0
"2026-08-05 15:24",11.6,11.62,11.6,11.61,0.01,+0.09%,0
"2026-08-05 15:25",11.59,11.59,11.58,11.58,-0.03,-0.26%,0
"2026-08-05 15:26",11.58,11.61,11.58,11.58,0,0.00%,0
"2026-08-05 15:27",11.56,11.59,11.56,11.58,0,0.00%,0
"2026-08-05 15:28",11.59,11.63,11.59,11.63,0.05,+0.43%,0
"2026-08-05 15:29",11.61,11.63,11.61,11.62,-0.01,-0.09%,0
"2026-08-05 15:30",11.63,11.67,11.63,11.67,0.05,+0.43%,0
"2026-08-05 15:31",11.69,11.72,11.69,11.7,0.03,+0.26%,0
"2026-08-05 15:32",11.71,11.73,11.71,11.73,0.03,+0.26%,0
"2026-08-05 15:33",11.73,11.76,11.73,11.76,0.03,+0.26%,0
"2026-08-05 15:34",11.73,11.75,11.73,11.73,-0.03,-0.26%,0
"2026-08-05 15:35",11.7,11.72,11.7,11.71,-0.02,-0.17%,0
"2026-08-05 15:36",11.72,11.79,11.72,11.79,0.08,+0.68%,0
"2026-08-05 15:37",11.8,11.8,11.74,11.76,-0.03,-0.25%,0
"2026-08-05 15:38",11.76,11.78,11.76,11.78,0.02,+0.17%,0
"2026-08-05 15:39",11.8,11.85,11.8,11.85,0.07,+0.59%,0
"2026-08-05 15:40",11.85,11.86,11.83,11.83,-0.02,-0.17%,0
"2026-08-05 15:41",11.83,11.84,11.82,11.82,-0.01,-0.08%,0
"2026-08-05 15:42",11.81,11.81,11.76,11.77,-0.05,-0.42%,0
"2026-08-05 15:43",11.79,11.8,11.75,11.75,-0.02,-0.17%,0
"2026-08-05 15:44",11.77,11.8,11.77,11.8,0.05,+0.43%,0
"2026-08-05 15:45",11.81,11.85,11.81,11.85,0.05,+0.42%,0
"2026-08-05 15:46",11.86,11.91,11.86,11.91,0.06,+0.51%,0
"2026-08-05 15:47",11.91,11.93,11.91,11.93,0.02,+0.17%,0
"2026-08-05 15:48",11.89,11.91,11.89,11.89,-0.04,-0.34%,0
"2026-08-05 15:49",11.91,11.92,11.91,11.91,0.02,+0.17%,0
"2026-08-05 15:50",11.93,11.95,11.9,11.95,0.04,+0.34%,0
"2026-08-05 15:51",12.02,12.08,12.02,12.08,0.13,+1.09%,0
"2026-08-05 15:52",12.07,12.08,12.07,12.08,0,0.00%,0
"2026-08-05 15:53",12.08,12.16,12.08,12.14,0.06,+0.50%,0
"2026-08-05 15:54",12.12,12.12,12.11,12.11,-0.03,-0.25%,0
"2026-08-05 15:55",12.11,12.11,12.1,12.1,-0.01,-0.08%,0
"2026-08-05 15:56",12.12,12.12,12.08,12.08,-0.02,-0.17%,0
"2026-08-05 15:57",12.08,12.21,12.08,12.21,0.13,+1.08%,0
"2026-08-05 15:58",12.2,12.23,12.2,12.22,0.01,+0.08%,0
"2026-08-05 15:59",12.21,12.29,12.19,12.29,0.07,+0.57%,0
"2026-08-05 16:00",12.31,12.49,12.31,12.49,0.2,+1.63%,0
"2026-08-05 16:01",12.43,12.43,12.22,12.22,-0.27,-2.16%,0
"2026-08-05 16:02",12.2,12.24,12.18,12.18,-0.04,-0.33%,0
"2026-08-05 16:03",12.1,12.1,12.04,12.04,-0.14,-1.15%,0
"2026-08-05 16:04",12.02,12.05,12.02,12.03,-0.01,-0.08%,0
"2026-08-05 16:05",12.03,12.16,12.03,12.15,0.12,+1.00%,0
"2026-08-05 16:06",12.09,12.31,12.09,12.31,0.16,+1.32%,0
"2026-08-05 16:07",12.37,12.46,12.37,12.44,0.13,+1.06%,0
"2026-08-05 16:08",12.45,12.47,12.44,12.44,0,0.00%,0
"2026-08-05 16:09",12.41,12.45,12.41,12.45,0.01,+0.08%,0
"2026-08-05 16:10",12.44,12.52,12.44,12.48,0.03,+0.24%,0
"2026-08-05 16:11",12.44,12.45,12.42,12.42,-0.06,-0.48%,0
"2026-08-05 16:12",12.41,12.41,12.37,12.37,-0.05,-0.40%,0
"2026-08-05 16:13",12.31,12.31,12.16,12.16,-0.21,-1.70%,0
"2026-08-05 16:14",12.18,12.2,12.15,12.15,-0.01,-0.08%,0
"2026-08-05 16:15",12.12,12.12,12.12,12.12,-0.03,-0.25%,0
"2026-08-06 09:31",10.11,10.16,10.09,10.16,-1.96,-16.17%,0
"2026-08-06 09:32",10.01,10.23,10.01,10.23,0.07,+0.69%,0
"2026-08-06 09:33",10.4,10.57,10.38,10.39,0.16,+1.56%,0
"2026-08-06 09:34",10.27,10.27,10.22,10.22,-0.17,-1.64%,0
"2026-08-06 09:35",10.11,10.18,10.11,10.18,-0.04,-0.39%,0
"2026-08-06 09:36",10.08,10.1,10.08,10.1,-0.08,-0.79%,0
"2026-08-06 09:37",10.11,10.11,10.07,10.07,-0.03,-0.30%,0
"2026-08-06 09:38",10.05,10.09,10.04,10.09,0.02,+0.20%,0
"2026-08-06 09:39",10.11,10.24,10.11,10.24,0.15,+1.49%,0
"2026-08-06 09:40",10.21,10.21,9.99,9.99,-0.25,-2.44%,0
"2026-08-06 09:41",9.98,9.98,9.88,9.88,-0.11,-1.10%,0
"2026-08-06 09:42",9.84,9.85,9.82,9.85,-0.03,-0.30%,0
"2026-08-06 09:43",9.82,9.82,9.74,9.74,-0.11,-1.12%,0
"2026-08-06 09:44",9.73,9.82,9.73,9.82,0.08,+0.82%,0
"2026-08-06 09:45",9.8,9.8,9.73,9.74,-0.08,-0.81%,0
"2026-08-06 09:46",9.76,9.8,9.76,9.77,0.03,+0.31%,0
"2026-08-06 09:47",9.68,9.74,9.68,9.74,-0.03,-0.31%,0
"2026-08-06 09:48",9.73,9.77,9.73,9.75,0.01,+0.10%,0
"2026-08-06 09:49",9.73,9.75,9.73,9.75,0,0.00%,0
"2026-08-06 09:50",9.74,9.81,9.74,9.81,0.06,+0.62%,0
"2026-08-06 09:51",9.81,9.84,9.81,9.84,0.03,+0.31%,0
"2026-08-06 09:52",9.82,9.86,9.82,9.82,-0.02,-0.20%,0
"2026-08-06 09:53",9.81,9.86,9.81,9.81,-0.01,-0.10%,0
"2026-08-06 09:54",9.81,9.81,9.76,9.76,-0.05,-0.51%,0
"2026-08-06 09:55",9.8,9.82,9.74,9.82,0.06,+0.61%,0
"2026-08-06 09:56",9.77,9.8,9.73,9.8,-0.02,-0.20%,0
"2026-08-06 09:57",9.76,9.76,9.7,9.7,-0.1,-1.02%,0
"2026-08-06 09:58",9.68,9.72,9.68,9.68,-0.02,-0.21%,0
"2026-08-06 09:59",9.65,9.7,9.65,9.66,-0.02,-0.21%,0
"2026-08-06 10:00",9.63,9.71,9.61,9.71,0.05,+0.52%,0
"2026-08-06 10:01",9.65,9.67,9.63,9.67,-0.04,-0.41%,0
"2026-08-06 10:02",9.58,9.58,9.45,9.45,-0.22,-2.28%,0
"2026-08-06 10:03",9.4,9.52,9.4,9.48,0.03,+0.32%,0
"2026-08-06 10:04",9.55,9.56,9.5,9.5,0.02,+0.21%,0
"2026-08-06 10:05",9.41,9.46,9.41,9.45,-0.05,-0.53%,0
"2026-08-06 10:06",9.43,9.44,9.39,9.39,-0.06,-0.63%,0
"2026-08-06 10:07",9.34,9.35,9.34,9.35,-0.04,-0.43%,0
"2026-08-06 10:08",9.33,9.33,9.31,9.33,-0.02,-0.21%,0
"2026-08-06 10:09",9.28,9.33,9.25,9.33,0,0.00%,0
"2026-08-06 10:10",9.29,9.29,9.27,9.27,-0.06,-0.64%,0
"2026-08-06 10:11",9.27,9.33,9.26,9.33,0.06,+0.65%,0
"2026-08-06 10:12",9.31,9.34,9.3,9.3,-0.03,-0.32%,0
"2026-08-06 10:13",9.35,9.36,9.32,9.32,0.02,+0.22%,0
"2026-08-06 10:14",9.35,9.39,9.35,9.37,0.05,+0.54%,0
"2026-08-06 10:15",9.37,9.51,9.37,9.43,0.06,+0.64%,0
"2026-08-06 10:16",9.41,9.45,9.41,9.42,-0.01,-0.11%,0
"2026-08-06 10:17",9.4,9.4,9.26,9.27,-0.15,-1.59%,0
"2026-08-06 10:18",9.24,9.26,9.17,9.17,-0.1,-1.08%,0
"2026-08-06 10:19",9.16,9.19,9.16,9.16,-0.01,-0.11%,0
"2026-08-06 10:20",9.15,9.2,9.15,9.2,0.04,+0.44%,0
"2026-08-06 10:21",9.24,9.31,9.24,9.31,0.11,+1.20%,0
"2026-08-06 10:22",9.35,9.35,9.2,9.2,-0.11,-1.18%,0
"2026-08-06 10:23",9.23,9.29,9.23,9.26,0.06,+0.65%,0
"2026-08-06 10:24",9.33,9.33,9.27,9.29,0.03,+0.32%,0
"2026-08-06 10:25",9.27,9.41,9.27,9.33,0.04,+0.43%,0
"2026-08-06 10:26",9.3,9.46,9.3,9.46,0.13,+1.39%,0
"2026-08-06 10:27",9.38,9.48,9.38,9.41,-0.05,-0.53%,0
"2026-08-06 10:28",9.43,9.44,9.4,9.44,0.03,+0.32%,0
"2026-08-06 10:29",9.47,9.54,9.47,9.49,0.05,+0.53%,0
"2026-08-06 10:30",9.42,9.43,9.37,9.42,-0.07,-0.74%,0
"2026-08-06 10:31",9.47,9.53,9.47,9.51,0.09,+0.96%,0
"2026-08-06 10:32",9.46,9.53,9.45,9.45,-0.06,-0.63%,0
"2026-08-06 10:33",9.45,9.5,9.45,9.45,0,0.00%,0
"2026-08-06 10:34",9.45,9.47,9.39,9.39,-0.06,-0.63%,0
"2026-08-06 10:35",9.39,9.42,9.39,9.4,0.01,+0.11%,0
"2026-08-06 10:36",9.35,9.41,9.34,9.41,0.01,+0.11%,0
"2026-08-06 10:37",9.39,9.56,9.39,9.53,0.12,+1.28%,0
"2026-08-06 10:38",9.54,9.63,9.54,9.63,0.1,+1.05%,0
"2026-08-06 10:39",9.65,9.67,9.63,9.67,0.04,+0.42%,0
"2026-08-06 10:40",9.65,9.65,9.59,9.62,-0.05,-0.52%,0
"2026-08-06 10:41",9.6,9.61,9.59,9.59,-0.03,-0.31%,0
"2026-08-06 10:42",9.55,9.56,9.54,9.56,-0.03,-0.31%,0
"2026-08-06 10:43",9.51,9.51,9.48,9.48,-0.08,-0.84%,0
"2026-08-06 10:44",9.42,9.53,9.42,9.53,0.05,+0.53%,0
"2026-08-06 10:45",9.53,9.62,9.53,9.6,0.07,+0.73%,0
"2026-08-06 10:46",9.59,9.63,9.59,9.63,0.03,+0.31%,0
"2026-08-06 10:47",9.62,9.62,9.6,9.61,-0.02,-0.21%,0
"2026-08-06 10:48",9.58,9.62,9.58,9.59,-0.02,-0.21%,0
"2026-08-06 10:49",9.56,9.57,9.55,9.55,-0.04,-0.42%,0
"2026-08-06 10:50",9.54,9.57,9.52,9.52,-0.03,-0.31%,0
"2026-08-06 10:51",9.5,9.52,9.5,9.5,-0.02,-0.21%,0
"2026-08-06 10:52",9.46,9.46,9.45,9.46,-0.04,-0.42%,0
"2026-08-06 10:53",9.43,9.44,9.38,9.39,-0.07,-0.74%,0
"2026-08-06 10:54",9.41,9.41,9.32,9.32,-0.07,-0.75%,0
"2026-08-06 10:55",9.29,9.35,9.29,9.35,0.03,+0.32%,0
"2026-08-06 10:56",9.34,9.34,9.27,9.27,-0.08,-0.86%,0
"2026-08-06 10:57",9.22,9.23,9.18,9.18,-0.09,-0.97%,0
"2026-08-06 10:58",9.2,9.29,9.2,9.29,0.11,+1.20%,0
"2026-08-06 10:59",9.28,9.28,9.25,9.25,-0.04,-0.43%,0
"2026-08-06 11:00",9.22,9.3,9.22,9.3,0.05,+0.54%,0
"2026-08-06 11:01",9.36,9.45,9.36,9.44,0.14,+1.51%,0
"2026-08-06 11:02",9.41,9.43,9.4,9.4,-0.04,-0.42%,0
"2026-08-06 11:03",9.45,9.6,9.45,9.6,0.2,+2.13%,0
"2026-08-06 11:04",9.54,9.56,9.5,9.52,-0.08,-0.83%,0
"2026-08-06 11:05",9.49,9.49,9.45,9.45,-0.07,-0.74%,0
"2026-08-06 11:06",9.42,9.48,9.42,9.42,-0.03,-0.32%,0
"2026-08-06 11:07",9.43,9.48,9.43,9.44,0.02,+0.21%,0
"2026-08-06 11:08",9.44,9.44,9.42,9.42,-0.02,-0.21%,0
"2026-08-06 11:09",9.44,9.48,9.43,9.43,0.01,+0.11%,0
"2026-08-06 11:10",9.41,9.41,9.38,9.39,-0.04,-0.42%,0
"2026-08-06 11:11",9.4,9.43,9.4,9.43,0.04,+0.43%,0
"2026-08-06 11:12",9.43,9.46,9.43,9.46,0.03,+0.32%,0
"2026-08-06 11:13",9.44,9.44,9.41,9.41,-0.05,-0.53%,0
"2026-08-06 11:14",9.41,9.46,9.41,9.46,0.05,+0.53%,0
"2026-08-06 11:15",9.45,9.46,9.45,9.46,0,0.00%,0
"2026-08-06 11:16",9.41,9.46,9.41,9.43,-0.03,-0.32%,0
"2026-08-06 11:17",9.39,9.56,9.39,9.56,0.13,+1.38%,0
"2026-08-06 11:18",9.59,9.84,9.59,9.75,0.19,+1.99%,0
"2026-08-06 11:19",9.7,9.78,9.7,9.77,0.02,+0.21%,0
"2026-08-06 11:20",9.79,9.87,9.78,9.78,0.01,+0.10%,0
"2026-08-06 11:21",9.78,9.91,9.78,9.89,0.11,+1.12%,0
"2026-08-06 11:22",9.9,9.91,9.88,9.91,0.02,+0.20%,0
"2026-08-06 11:23",9.95,10.12,9.94,9.94,0.03,+0.30%,0
"2026-08-06 11:24",9.89,9.98,9.89,9.98,0.04,+0.40%,0
"2026-08-06 11:25",10,10.06,10,10.06,0.08,+0.80%,0
"2026-08-06 11:26",10.04,10.04,10.01,10.03,-0.03,-0.30%,0
"2026-08-06 11:27",10.04,10.04,9.95,9.97,-0.06,-0.60%,0
"2026-08-06 11:28",10,10.02,9.99,9.99,0.02,+0.20%,0
"2026-08-06 11:29",9.92,9.94,9.91,9.91,-0.08,-0.80%,0
"2026-08-06 11:30",9.89,9.89,9.86,9.87,-0.04,-0.40%,0
"2026-08-06 11:31",9.84,9.89,9.82,9.89,0.02,+0.20%,0
"2026-08-06 11:32",9.92,10.04,9.92,9.99,0.1,+1.01%,0
"2026-08-06 11:33",10.01,10.09,10.01,10.02,0.03,+0.30%,0
"2026-08-06 11:34",10.02,10.09,10.02,10.08,0.06,+0.60%,0
"2026-08-06 11:35",10.08,10.08,10.06,10.06,-0.02,-0.20%,0
"2026-08-06 11:36",10.05,10.12,10.05,10.12,0.06,+0.60%,0
"2026-08-06 11:37",10.13,10.18,10.12,10.12,0,0.00%,0
"2026-08-06 11:38",10.12,10.15,10.1,10.12,0,0.00%,0
"2026-08-06 11:39",10.1,10.11,10.07,10.07,-0.05,-0.49%,0
"2026-08-06 11:40",10.11,10.11,10.04,10.04,-0.03,-0.30%,0
"2026-08-06 11:41",10.03,10.09,10.03,10.08,0.04,+0.40%,0
"2026-08-06 11:42",10.09,10.12,10.09,10.11,0.03,+0.30%,0
"2026-08-06 11:43",10.1,10.14,10.1,10.13,0.02,+0.20%,0
"2026-08-06 11:44",10.13,10.13,10.13,10.13,0,0.00%,0
"2026-08-06 11:45",10.16,10.16,10.14,10.14,0.01,+0.10%,0
"2026-08-06 11:46",10.13,10.15,10.09,10.09,-0.05,-0.49%,0
"2026-08-06 11:47",10.04,10.07,10.04,10.07,-0.02,-0.20%,0
"2026-08-06 11:48",10.08,10.09,10.01,10.01,-0.06,-0.60%,0
"2026-08-06 11:49",9.98,10.02,9.98,10.02,0.01,+0.10%,0
"2026-08-06 11:50",10.04,10.04,9.98,10,-0.02,-0.20%,0
"2026-08-06 11:51",9.99,10.15,9.99,10.15,0.15,+1.50%,0
"2026-08-06 11:52",10.14,10.19,10.12,10.12,-0.03,-0.30%,0
"2026-08-06 11:53",10.15,10.31,10.15,10.31,0.19,+1.88%,0
"2026-08-06 11:54",10.29,10.44,10.28,10.44,0.13,+1.26%,0
"2026-08-06 11:55",10.49,10.51,10.49,10.5,0.06,+0.57%,0
"2026-08-06 11:56",10.45,10.51,10.45,10.51,0.01,+0.10%,0
"2026-08-06 11:57",10.52,10.55,10.43,10.43,-0.08,-0.76%,0
"2026-08-06 11:58",10.44,10.52,10.44,10.52,0.09,+0.86%,0
"2026-08-06 11:59",10.52,10.62,10.52,10.62,0.1,+0.95%,0
"2026-08-06 12:00",10.6,10.69,10.6,10.65,0.03,+0.28%,0
"2026-08-06 12:01",10.67,10.73,10.67,10.71,0.06,+0.56%,0
"2026-08-06 12:02",10.72,10.74,10.72,10.72,0.01,+0.09%,0
"2026-08-06 12:03",10.73,10.8,10.73,10.78,0.06,+0.56%,0
"2026-08-06 12:04",10.79,10.84,10.79,10.84,0.06,+0.56%,0
"2026-08-06 12:05",10.81,10.82,10.74,10.74,-0.1,-0.92%,0
"2026-08-06 12:06",10.68,10.77,10.68,10.77,0.03,+0.28%,0
"2026-08-06 12:07",10.77,10.77,10.76,10.76,-0.01,-0.09%,0
"2026-08-06 12:08",10.75,10.75,10.61,10.64,-0.12,-1.12%,0
"2026-08-06 12:09",10.64,10.67,10.64,10.67,0.03,+0.28%,0
"2026-08-06 12:10",10.64,10.64,10.6,10.63,-0.04,-0.37%,0
"2026-08-06 12:11",10.64,10.74,10.64,10.74,0.11,+1.03%,0
"2026-08-06 12:12",10.77,10.81,10.77,10.79,0.05,+0.47%,0
"2026-08-06 12:13",10.76,10.81,10.76,10.8,0.01,+0.09%,0
"2026-08-06 12:14",10.86,10.87,10.81,10.81,0.01,+0.09%,0
"2026-08-06 12:15",10.81,10.88,10.81,10.85,0.04,+0.37%,0
"2026-08-06 12:16",10.88,10.96,10.88,10.89,0.04,+0.37%,0
"2026-08-06 12:17",10.91,10.93,10.89,10.89,0,0.00%,0
"2026-08-06 12:18",10.88,10.9,10.84,10.84,-0.05,-0.46%,0
"2026-08-06 12:19",10.82,10.83,10.82,10.83,-0.01,-0.09%,0
"2026-08-06 12:20",10.8,10.86,10.8,10.83,0,0.00%,0
"2026-08-06 12:21",10.8,10.84,10.77,10.77,-0.06,-0.55%,0
"2026-08-06 12:22",10.76,10.82,10.76,10.82,0.05,+0.46%,0
"2026-08-06 12:23",10.82,10.85,10.82,10.84,0.02,+0.18%,0
"2026-08-06 12:24",10.84,10.89,10.83,10.83,-0.01,-0.09%,0
"2026-08-06 12:25",10.8,10.84,10.8,10.84,0.01,+0.09%,0
"2026-08-06 12:26",10.85,10.85,10.81,10.81,-0.03,-0.28%,0
"2026-08-06 12:27",10.82,10.83,10.82,10.82,0.01,+0.09%,0
"2026-08-06 12:28",10.79,10.81,10.75,10.79,-0.03,-0.28%,0
"2026-08-06 12:29",10.79,10.79,10.77,10.79,0,0.00%,0
"2026-08-06 12:30",10.77,10.77,10.7,10.7,-0.09,-0.83%,0
"2026-08-06 12:31",10.65,10.65,10.6,10.6,-0.1,-0.93%,0
"2026-08-06 12:32",10.61,10.61,10.56,10.56,-0.04,-0.38%,0
"2026-08-06 12:33",10.61,10.71,10.61,10.71,0.15,+1.42%,0
"2026-08-06 12:34",10.72,10.76,10.69,10.69,-0.02,-0.19%,0
"2026-08-06 12:35",10.68,10.72,10.67,10.72,0.03,+0.28%,0
"2026-08-06 12:36",10.69,10.73,10.67,10.67,-0.05,-0.47%,0
"2026-08-06 12:37",10.66,10.67,10.62,10.62,-0.05,-0.47%,0
"2026-08-06 12:38",10.63,10.63,10.6,10.6,-0.02,-0.19%,0
"2026-08-06 12:39",10.59,10.61,10.57,10.57,-0.03,-0.28%,0
"2026-08-06 12:40",10.55,10.61,10.55,10.61,0.04,+0.38%,0
"2026-08-06 12:41",10.64,10.8,10.64,10.8,0.19,+1.79%,0
"2026-08-06 12:42",10.76,10.77,10.75,10.75,-0.05,-0.46%,0
"2026-08-06 12:43",10.75,10.79,10.75,10.79,0.04,+0.37%,0
"2026-08-06 12:44",10.82,10.85,10.79,10.81,0.02,+0.19%,0
"2026-08-06 12:45",10.81,10.81,10.77,10.77,-0.04,-0.37%,0
"2026-08-06 12:46",10.78,10.82,10.78,10.82,0.05,+0.46%,0
"2026-08-06 12:47",10.82,10.85,10.82,10.84,0.02,+0.18%,0
"2026-08-06 12:48",10.81,10.86,10.81,10.83,-0.01,-0.09%,0
"2026-08-06 12:49",10.83,10.86,10.8,10.8,-0.03,-0.28%,0
"2026-08-06 12:50",10.79,10.82,10.79,10.82,0.02,+0.19%,0
"2026-08-06 12:51",10.82,10.83,10.8,10.8,-0.02,-0.18%,0
"2026-08-06 12:52",10.8,10.84,10.8,10.84,0.04,+0.37%,0
"2026-08-06 12:53",10.8,10.85,10.8,10.83,-0.01,-0.09%,0
"2026-08-06 12:54",10.82,10.86,10.82,10.86,0.03,+0.28%,0
"2026-08-06 12:55",10.86,10.86,10.83,10.83,-0.03,-0.28%,0
"2026-08-06 12:56",10.82,10.84,10.79,10.79,-0.04,-0.37%,0
"2026-08-06 12:57",10.75,10.76,10.73,10.73,-0.06,-0.56%,0
"2026-08-06 12:58",10.75,10.76,10.72,10.72,-0.01,-0.09%,0
"2026-08-06 12:59",10.71,10.72,10.71,10.72,0,0.00%,0
"2026-08-06 13:00",10.71,10.75,10.71,10.71,-0.01,-0.09%,0
"2026-08-06 13:01",10.69,10.71,10.69,10.7,-0.01,-0.09%,0
"2026-08-06 13:02",10.73,10.78,10.73,10.77,0.07,+0.65%,0
"2026-08-06 13:03",10.78,10.78,10.77,10.77,0,0.00%,0
"2026-08-06 13:04",10.78,10.8,10.78,10.78,0.01,+0.09%,0
"2026-08-06 13:05",10.78,10.8,10.78,10.78,0,0.00%,0
"2026-08-06 13:06",10.77,10.79,10.77,10.79,0.01,+0.09%,0
"2026-08-06 13:07",10.8,10.89,10.8,10.89,0.1,+0.93%,0
"2026-08-06 13:08",10.91,11,10.91,11,0.11,+1.01%,0
"2026-08-06 13:09",10.98,10.98,10.94,10.94,-0.06,-0.55%,0
"2026-08-06 13:10",10.98,10.99,10.95,10.95,0.01,+0.09%,0
"2026-08-06 13:11",10.94,10.97,10.94,10.97,0.02,+0.18%,0
"2026-08-06 13:12",10.96,10.98,10.95,10.95,-0.02,-0.18%,0
"2026-08-06 13:13",10.93,10.93,10.93,10.93,-0.02,-0.18%,0
"2026-08-06 13:14",10.93,10.98,10.93,10.98,0.05,+0.46%,0
"2026-08-06 13:15",10.99,11.01,10.99,11.01,0.03,+0.27%,0
"2026-08-06 13:16",11.01,11.01,10.99,11,-0.01,-0.09%,0
"2026-08-06 13:17",11,11,10.94,10.94,-0.06,-0.55%,0
"2026-08-06 13:18",10.94,10.96,10.94,10.94,0,0.00%,0
"2026-08-06 13:19",10.92,10.94,10.89,10.89,-0.05,-0.46%,0
"2026-08-06 13:20",10.9,10.93,10.9,10.9,0.01,+0.09%,0
"2026-08-06 13:21",10.89,10.98,10.89,10.98,0.08,+0.73%,0
"2026-08-06 13:22",10.97,10.98,10.96,10.96,-0.02,-0.18%,0
"2026-08-06 13:23",10.96,10.96,10.96,10.96,0,0.00%,0
"2026-08-06 13:24",10.97,11,10.97,10.97,0.01,+0.09%,0
"2026-08-06 13:25",10.98,10.98,10.94,10.94,-0.03,-0.27%,0
"2026-08-06 13:26",10.93,10.95,10.92,10.92,-0.02,-0.18%,0
"2026-08-06 13:27",10.93,10.94,10.92,10.92,0,0.00%,0
"2026-08-06 13:28",10.92,10.96,10.92,10.96,0.04,+0.37%,0
"2026-08-06 13:29",10.94,11.02,10.94,11.02,0.06,+0.55%,0
"2026-08-06 13:30",11.05,11.06,11.03,11.03,0.01,+0.09%,0
"2026-08-06 13:31",11.02,11.02,11.02,11.02,-0.01,-0.09%,0
"2026-08-06 13:32",11.04,11.04,10.98,10.98,-0.04,-0.36%,0
"2026-08-06 13:33",10.96,10.98,10.96,10.98,0,0.00%,0
"2026-08-06 13:34",10.99,10.99,10.98,10.98,0,0.00%,0
"2026-08-06 13:35",10.99,10.99,10.95,10.95,-0.03,-0.27%,0
"2026-08-06 13:36",10.96,10.98,10.96,10.98,0.03,+0.27%,0
"2026-08-06 13:37",10.98,10.99,10.98,10.98,0,0.00%,0
"2026-08-06 13:38",10.97,10.98,10.97,10.98,0,0.00%,0
"2026-08-06 13:39",10.98,10.98,10.98,10.98,0,0.00%,0
"2026-08-06 13:40",10.98,11.02,10.98,11.02,0.04,+0.36%,0
"2026-08-06 13:41",11.03,11.08,11.03,11.07,0.05,+0.45%,0
"2026-08-06 13:42",11.07,11.08,11.07,11.08,0.01,+0.09%,0
"2026-08-06 13:43",11.06,11.06,11.05,11.05,-0.03,-0.27%,0
"2026-08-06 13:44",11.03,11.04,11.02,11.02,-0.03,-0.27%,0
"2026-08-06 13:45",10.99,11.01,10.97,10.97,-0.05,-0.45%,0
"2026-08-06 13:46",10.96,11.01,10.95,10.95,-0.02,-0.18%,0
"2026-08-06 13:47",10.92,10.93,10.92,10.93,-0.02,-0.18%,0
"2026-08-06 13:48",10.93,10.98,10.93,10.96,0.03,+0.27%,0
"2026-08-06 13:49",10.96,10.98,10.96,10.97,0.01,+0.09%,0
"2026-08-06 13:50",10.98,10.98,10.97,10.98,0.01,+0.09%,0
"2026-08-06 13:51",10.99,11.01,10.99,10.99,0.01,+0.09%,0
"2026-08-06 13:52",10.98,11,10.98,10.99,0,0.00%,0
"2026-08-06 13:53",10.97,10.99,10.97,10.98,-0.01,-0.09%,0
"2026-08-06 13:54",10.97,10.99,10.97,10.99,0.01,+0.09%,0
"2026-08-06 13:55",10.97,10.98,10.96,10.96,-0.03,-0.27%,0
"2026-08-06 13:56",10.97,10.99,10.97,10.99,0.03,+0.27%,0
"2026-08-06 13:57",10.97,10.98,10.95,10.95,-0.04,-0.36%,0
"2026-08-06 13:58",10.94,10.97,10.94,10.96,0.01,+0.09%,0
"2026-08-06 13:59",10.96,10.97,10.95,10.95,-0.01,-0.09%,0
"2026-08-06 14:00",10.94,10.94,10.94,10.94,-0.01,-0.09%,0
"2026-08-06 14:01",10.93,10.94,10.93,10.93,-0.01,-0.09%,0
"2026-08-06 14:02",10.96,10.97,10.96,10.97,0.04,+0.37%,0
"2026-08-06 14:03",10.95,10.97,10.95,10.96,-0.01,-0.09%,0
"2026-08-06 14:04",10.95,10.95,10.91,10.91,-0.05,-0.46%,0
"2026-08-06 14:05",10.89,10.89,10.87,10.87,-0.04,-0.37%,0
"2026-08-06 14:06",10.87,10.89,10.87,10.89,0.02,+0.18%,0
"2026-08-06 14:07",10.89,10.91,10.89,10.9,0.01,+0.09%,0
"2026-08-06 14:08",10.91,10.91,10.9,10.9,0,0.00%,0
"2026-08-06 14:09",10.89,10.93,10.89,10.92,0.02,+0.18%,0
"2026-08-06 14:10",10.91,10.94,10.91,10.94,0.02,+0.18%,0
"2026-08-06 14:11",10.94,10.96,10.94,10.95,0.01,+0.09%,0
"2026-08-06 14:12",10.95,10.96,10.94,10.94,-0.01,-0.09%,0
"2026-08-06 14:13",10.94,10.96,10.94,10.95,0.01,+0.09%,0
"2026-08-06 14:14",10.94,10.97,10.94,10.95,0,0.00%,0
"2026-08-06 14:15",10.96,11,10.96,11,0.05,+0.46%,0
"2026-08-06 14:16",10.97,11.14,10.94,10.94,-0.06,-0.55%,0
"2026-08-06 14:17",10.92,11.06,10.92,11.06,0.12,+1.10%,0
"2026-08-06 14:18",11.06,11.1,11.06,11.1,0.04,+0.36%,0
"2026-08-06 14:19",11.1,11.13,11.1,11.13,0.03,+0.27%,0
"2026-08-06 14:20",11.13,11.18,11.13,11.18,0.05,+0.45%,0
"2026-08-06 14:21",11.19,11.2,11.18,11.18,0,0.00%,0
"2026-08-06 14:22",11.18,11.18,11.17,11.18,0,0.00%,0
"2026-08-06 14:23",11.18,11.18,11.16,11.16,-0.02,-0.18%,0
"2026-08-06 14:24",11.16,11.17,11.14,11.14,-0.02,-0.18%,0
"2026-08-06 14:25",11.14,11.17,11.14,11.17,0.03,+0.27%,0
"2026-08-06 14:26",11.17,11.18,11.17,11.18,0.01,+0.09%,0
"2026-08-06 14:27",11.17,11.2,11.17,11.2,0.02,+0.18%,0
"2026-08-06 14:28",11.2,11.2,11.19,11.19,-0.01,-0.09%,0
"2026-08-06 14:29",11.18,11.21,11.18,11.21,0.02,+0.18%,0
"2026-08-06 14:30",11.2,11.22,11.2,11.22,0.01,+0.09%,0
"2026-08-06 14:31",11.21,11.22,11.21,11.22,0,0.00%,0
"2026-08-06 14:32",11.24,11.24,11.22,11.22,0,0.00%,0
"2026-08-06 14:33",11.22,11.24,11.22,11.23,0.01,+0.09%,0
"2026-08-06 14:34",11.23,11.26,11.23,11.26,0.03,+0.27%,0
"2026-08-06 14:35",11.25,11.31,11.25,11.31,0.05,+0.44%,0
"2026-08-06 14:36",11.31,11.33,11.31,11.32,0.01,+0.09%,0
"2026-08-06 14:37",11.32,11.36,11.32,11.36,0.04,+0.35%,0
"2026-08-06 14:38",11.37,11.47,11.37,11.47,0.11,+0.97%,0
"2026-08-06 14:39",11.48,11.5,11.48,11.5,0.03,+0.26%,0
"2026-08-06 14:40",11.49,11.51,11.49,11.51,0.01,+0.09%,0
"2026-08-06 14:41",11.51,11.62,11.51,11.62,0.11,+0.96%,0
"2026-08-06 14:42",11.66,11.66,11.65,11.65,0.03,+0.26%,0
"2026-08-06 14:43",11.63,11.63,11.58,11.58,-0.07,-0.60%,0
"2026-08-06 14:44",11.6,11.62,11.6,11.62,0.04,+0.35%,0
"2026-08-06 14:45",11.61,11.62,11.58,11.58,-0.04,-0.34%,0
"2026-08-06 14:46",11.49,11.49,11.45,11.45,-0.13,-1.12%,0
"2026-08-06 14:47",11.47,11.49,11.47,11.48,0.03,+0.26%,0
"2026-08-06 14:48",11.46,11.47,11.45,11.45,-0.03,-0.26%,0
"2026-08-06 14:49",11.46,11.52,11.46,11.52,0.07,+0.61%,0
"2026-08-06 14:50",11.52,11.52,11.49,11.49,-0.03,-0.26%,0
"2026-08-06 14:51",11.5,11.52,11.5,11.52,0.03,+0.26%,0
"2026-08-06 14:52",11.54,11.54,11.48,11.54,0.02,+0.17%,0
"2026-08-06 14:53",11.59,11.68,11.59,11.68,0.14,+1.21%,0
"2026-08-06 14:54",11.71,11.74,11.71,11.73,0.05,+0.43%,0
"2026-08-06 14:55",11.71,11.72,11.68,11.68,-0.05,-0.43%,0
"2026-08-06 14:56",11.68,11.68,11.65,11.65,-0.03,-0.26%,0
"2026-08-06 14:57",11.65,11.74,11.65,11.74,0.09,+0.77%,0
"2026-08-06 14:58",11.74,11.76,11.74,11.76,0.02,+0.17%,0
"2026-08-06 14:59",11.76,11.77,11.73,11.73,-0.03,-0.26%,0
"2026-08-06 15:00",11.71,11.71,11.68,11.71,-0.02,-0.17%,0
"2026-08-06 15:01",11.68,11.7,11.67,11.67,-0.04,-0.34%,0
"2026-08-06 15:02",11.67,11.67,11.61,11.63,-0.04,-0.34%,0
"2026-08-06 15:03",11.62,11.64,11.62,11.64,0.01,+0.09%,0
"2026-08-06 15:04",11.67,11.69,11.66,11.66,0.02,+0.17%,0
"2026-08-06 15:05",11.66,11.7,11.66,11.69,0.03,+0.26%,0
"2026-08-06 15:06",11.68,11.71,11.68,11.71,0.02,+0.17%,0
"2026-08-06 15:07",11.71,11.74,11.71,11.74,0.03,+0.26%,0
"2026-08-06 15:08",11.73,11.74,11.7,11.71,-0.03,-0.26%,0
"2026-08-06 15:09",11.71,11.71,11.7,11.71,0,0.00%,0
"2026-08-06 15:10",11.69,11.71,11.69,11.71,0,0.00%,0
"2026-08-06 15:11",11.71,11.74,11.71,11.74,0.03,+0.26%,0
"2026-08-06 15:12",11.74,11.79,11.74,11.79,0.05,+0.43%,0
"2026-08-06 15:13",11.78,11.81,11.78,11.81,0.02,+0.17%,0
"2026-08-06 15:14",11.79,11.8,11.79,11.8,-0.01,-0.08%,0
"2026-08-06 15:15",11.8,11.82,11.78,11.82,0.02,+0.17%,0
"2026-08-06 15:16",11.82,11.85,11.82,11.85,0.03,+0.25%,0
"2026-08-06 15:17",11.86,11.88,11.86,11.88,0.03,+0.25%,0
"2026-08-06 15:18",11.87,11.9,11.87,11.9,0.02,+0.17%,0
"2026-08-06 15:19",11.91,11.95,11.91,11.95,0.05,+0.42%,0
"2026-08-06 15:20",11.95,11.95,11.94,11.94,-0.01,-0.08%,0
"2026-08-06 15:21",11.91,11.96,11.91,11.96,0.02,+0.17%,0
"2026-08-06 15:22",11.95,11.96,11.95,11.95,-0.01,-0.08%,0
"2026-08-06 15:23",11.96,11.99,11.96,11.98,0.03,+0.25%,0
"2026-08-06 15:24",11.99,12.01,11.99,12.01,0.03,+0.25%,0
"2026-08-06 15:25",12.06,12.1,12.06,12.07,0.06,+0.50%,0
"2026-08-06 15:26",12.06,12.14,12.06,12.14,0.07,+0.58%,0
"2026-08-06 15:27",12.16,12.16,12.09,12.11,-0.03,-0.25%,0
"2026-08-06 15:28",12.11,12.22,12.11,12.21,0.1,+0.83%,0
"2026-08-06 15:29",12.19,12.21,12.19,12.2,-0.01,-0.08%,0
"2026-08-06 15:30",12.19,12.23,12.19,12.19,-0.01,-0.08%,0
"2026-08-06 15:31",12.19,12.21,12.18,12.18,-0.01,-0.08%,0
"2026-08-06 15:32",12.16,12.18,12.14,12.14,-0.04,-0.33%,0
"2026-08-06 15:33",12.12,12.18,12.12,12.18,0.04,+0.33%,0
"2026-08-06 15:34",12.17,12.21,12.17,12.18,0,0.00%,0
"2026-08-06 15:35",12.13,12.15,12.12,12.12,-0.06,-0.49%,0
"2026-08-06 15:36",12.11,12.12,12.11,12.11,-0.01,-0.08%,0
"2026-08-06 15:37",12.1,12.11,12.1,12.11,0,0.00%,0
"2026-08-06 15:38",12.12,12.17,12.12,12.17,0.06,+0.50%,0
"2026-08-06 15:39",12.18,12.18,12.17,12.18,0.01,+0.08%,0
"2026-08-06 15:40",12.17,12.17,12.11,12.11,-0.07,-0.57%,0
"2026-08-06 15:41",12.09,12.15,12.08,12.15,0.04,+0.33%,0
"2026-08-06 15:42",12.18,12.22,12.18,12.22,0.07,+0.58%,0
"2026-08-06 15:43",12.25,12.25,12.19,12.19,-0.03,-0.25%,0
"2026-08-06 15:44",12.21,12.23,12.21,12.22,0.03,+0.25%,0
"2026-08-06 15:45",12.2,12.3,12.2,12.3,0.08,+0.65%,0
"2026-08-06 15:46",12.36,12.51,12.36,12.51,0.21,+1.71%,0
"2026-08-06 15:47",12.52,12.56,12.52,12.55,0.04,+0.32%,0
"2026-08-06 15:48",12.61,12.62,12.61,12.61,0.06,+0.48%,0
"2026-08-06 15:49",12.61,12.62,12.56,12.56,-0.05,-0.40%,0
"2026-08-06 15:50",12.54,12.75,12.54,12.75,0.19,+1.51%,0
"2026-08-06 15:51",12.77,12.78,12.77,12.78,0.03,+0.24%,0
"2026-08-06 15:52",12.8,12.8,12.75,12.76,-0.02,-0.16%,0
"2026-08-06 15:53",12.78,12.84,12.76,12.76,0,0.00%,0
"2026-08-06 15:54",12.75,12.77,12.75,12.75,-0.01,-0.08%,0
"2026-08-06 15:55",12.71,12.79,12.71,12.79,0.04,+0.31%,0
"2026-08-06 15:56",12.8,12.83,12.8,12.82,0.03,+0.23%,0
"2026-08-06 15:57",12.82,12.82,12.76,12.76,-0.06,-0.47%,0
"2026-08-06 15:58",12.73,12.75,12.66,12.66,-0.1,-0.78%,0
"2026-08-06 15:59",12.62,12.69,12.61,12.69,0.03,+0.24%,0
"2026-08-06 16:00",12.56,12.56,12.42,12.45,-0.24,-1.89%,0
"2026-08-06 16:01",12.34,12.37,12.34,12.35,-0.1,-0.80%,0
"2026-08-06 16:02",12.33,12.36,12.33,12.35,0,0.00%,0
"2026-08-06 16:03",12.38,12.43,12.38,12.4,0.05,+0.40%,0
"2026-08-06 16:04",12.42,12.44,12.42,12.43,0.03,+0.24%,0
"2026-08-06 16:05",12.47,12.47,12.42,12.42,-0.01,-0.08%,0
"2026-08-06 16:06",12.42,12.42,12.41,12.41,-0.01,-0.08%,0
"2026-08-06 16:07",12.38,12.38,12.35,12.35,-0.06,-0.48%,0
"2026-08-06 16:08",12.37,12.39,12.34,12.34,-0.01,-0.08%,0
"2026-08-06 16:09",12.33,12.35,12.33,12.33,-0.01,-0.08%,0
"2026-08-06 16:10",12.31,12.31,12.25,12.25,-0.08,-0.65%,0
"2026-08-06 16:11",12.26,12.33,12.26,12.33,0.08,+0.65%,0
"2026-08-06 16:12",12.35,12.36,12.33,12.33,0,0.00%,0
"2026-08-06 16:13",12.34,12.36,12.34,12.35,0.02,+0.16%,0
"2026-08-06 16:14",12.35,12.52,12.35,12.52,0.17,+1.38%,0
"2026-08-06 16:15",12.55,12.55,12.55,12.55,0.03,+0.24%,0
"2026-08-07 09:31",10.4,10.41,10.14,10.14,-2.41,-19.20%,0
"2026-08-07 09:32",10.1,10.1,9.91,9.91,-0.23,-2.27%,0
"2026-08-07 09:33",9.9,9.9,9.8,9.89,-0.02,-0.20%,0
"2026-08-07 09:34",9.85,9.85,9.81,9.81,-0.08,-0.81%,0
"2026-08-07 09:35",9.73,9.77,9.68,9.77,-0.04,-0.41%,0
"2026-08-07 09:36",9.79,10.14,9.79,10.14,0.37,+3.79%,0
"2026-08-07 09:37",10.11,10.16,9.99,9.99,-0.15,-1.48%,0
"2026-08-07 09:38",9.95,9.95,9.81,9.81,-0.18,-1.80%,0
"2026-08-07 09:39",9.75,9.79,9.65,9.65,-0.16,-1.63%,0
"2026-08-07 09:40",9.69,9.69,9.59,9.59,-0.06,-0.62%,0
"2026-08-07 09:41",9.5,9.5,9.35,9.35,-0.24,-2.50%,0
"2026-08-07 09:42",9.54,9.66,9.54,9.65,0.3,+3.21%,0
"2026-08-07 09:43",9.59,9.59,9.43,9.43,-0.22,-2.28%,0
"2026-08-07 09:44",9.43,9.46,9.39,9.39,-0.04,-0.42%,0
"2026-08-07 09:45",9.31,9.43,9.31,9.43,0.04,+0.43%,0
"2026-08-07 09:46",9.57,9.84,9.57,9.8,0.37,+3.92%,0
"2026-08-07 09:47",9.75,9.75,9.73,9.75,-0.05,-0.51%,0
"2026-08-07 09:48",9.7,9.7,9.57,9.57,-0.18,-1.85%,0
"2026-08-07 09:49",9.6,9.6,9.54,9.54,-0.03,-0.31%,0
"2026-08-07 09:50",9.49,9.51,9.35,9.35,-0.19,-1.99%,0
"2026-08-07 09:51",9.29,9.3,9.27,9.3,-0.05,-0.53%,0
"2026-08-07 09:52",9.2,9.2,9.04,9.04,-0.26,-2.80%,0
"2026-08-07 09:53",9.07,9.12,9.04,9.04,0,0.00%,0
"2026-08-07 09:54",9.08,9.19,9.08,9.19,0.15,+1.66%,0
"2026-08-07 09:55",9.16,9.24,9.11,9.24,0.05,+0.54%,0
"2026-08-07 09:56",9.22,9.76,9.22,9.76,0.52,+5.63%,0
"2026-08-07 09:57",9.63,10.03,9.63,9.84,0.08,+0.82%,0
"2026-08-07 09:58",9.9,9.9,9.75,9.89,0.05,+0.51%,0
"2026-08-07 09:59",9.81,9.81,9.62,9.62,-0.27,-2.73%,0
"2026-08-07 10:00",9.44,9.57,9.4,9.4,-0.22,-2.29%,0
"2026-08-07 10:01",9.42,9.54,9.42,9.54,0.14,+1.49%,0
"2026-08-07 10:02",9.56,9.67,9.5,9.5,-0.04,-0.42%,0
"2026-08-07 10:03",9.4,9.53,9.4,9.53,0.03,+0.32%,0
"2026-08-07 10:04",9.59,9.73,9.59,9.73,0.2,+2.10%,0
"2026-08-07 10:05",9.73,9.73,9.63,9.63,-0.1,-1.03%,0
"2026-08-07 10:06",9.57,9.58,9.43,9.43,-0.2,-2.08%,0
"2026-08-07 10:07",9.43,9.43,9.34,9.34,-0.09,-0.95%,0
"2026-08-07 10:08",9.27,9.4,9.27,9.3,-0.04,-0.43%,0
"2026-08-07 10:09",9.33,9.35,9.33,9.35,0.05,+0.54%,0
"2026-08-07 10:10",9.36,9.36,9.27,9.32,-0.03,-0.32%,0
"2026-08-07 10:11",9.28,9.4,9.28,9.4,0.08,+0.86%,0
"2026-08-07 10:12",9.41,9.62,9.41,9.52,0.12,+1.28%,0
"2026-08-07 10:13",9.42,9.51,9.42,9.45,-0.07,-0.74%,0
"2026-08-07 10:14",9.31,9.43,9.31,9.43,-0.02,-0.21%,0
"2026-08-07 10:15",9.4,9.43,9.39,9.41,-0.02,-0.21%,0
"2026-08-07 10:16",9.34,9.4,9.34,9.34,-0.07,-0.74%,0
"2026-08-07 10:17",9.3,9.3,9.24,9.24,-0.1,-1.07%,0
"2026-08-07 10:18",9.21,9.22,9.15,9.15,-0.09,-0.97%,0
"2026-08-07 10:19",9.06,9.07,9.05,9.07,-0.08,-0.87%,0
"2026-08-07 10:20",9.08,9.09,9.07,9.09,0.02,+0.22%,0
"2026-08-07 10:21",9.1,9.1,9.09,9.09,0,0.00%,0
"2026-08-07 10:22",9.06,9.07,9.05,9.05,-0.04,-0.44%,0
"2026-08-07 10:23",9.06,9.06,8.97,8.97,-0.08,-0.88%,0
"2026-08-07 10:24",8.94,9.03,8.94,9.03,0.06,+0.67%,0
"2026-08-07 10:25",9.04,9.04,8.98,9.01,-0.02,-0.22%,0
"2026-08-07 10:26",9.01,9.05,9,9,-0.01,-0.11%,0
"2026-08-07 10:27",8.98,9.03,8.98,8.99,-0.01,-0.11%,0
"2026-08-07 10:28",8.99,9,8.99,9,0.01,+0.11%,0
"2026-08-07 10:29",9.05,9.07,9.04,9.07,0.07,+0.78%,0
"2026-08-07 10:30",9.07,9.12,9.07,9.07,0,0.00%,0
"2026-08-07 10:31",9.07,9.14,9.07,9.14,0.07,+0.77%,0
"2026-08-07 10:32",9.09,9.09,9.04,9.04,-0.1,-1.09%,0
"2026-08-07 10:33",9.01,9.05,9.01,9.03,-0.01,-0.11%,0
"2026-08-07 10:34",9.01,9.02,9,9.02,-0.01,-0.11%,0
"2026-08-07 10:35",9.02,9.11,9.02,9.11,0.09,+1.00%,0
"2026-08-07 10:36",9.15,9.21,9.15,9.21,0.1,+1.10%,0
"2026-08-07 10:37",9.21,9.21,9.17,9.17,-0.04,-0.43%,0
"2026-08-07 10:38",9.14,9.15,9.1,9.1,-0.07,-0.76%,0
"2026-08-07 10:39",9.18,9.36,9.18,9.36,0.26,+2.86%,0
"2026-08-07 10:40",9.28,9.28,9.19,9.19,-0.17,-1.82%,0
"2026-08-07 10:41",9.18,9.24,9.18,9.2,0.01,+0.11%,0
"2026-08-07 10:42",9.15,9.15,9.1,9.15,-0.05,-0.54%,0
"2026-08-07 10:43",9.14,9.18,9.14,9.18,0.03,+0.33%,0
"2026-08-07 10:44",9.16,9.21,9.16,9.21,0.03,+0.33%,0
"2026-08-07 10:45",9.13,9.13,9.05,9.05,-0.16,-1.74%,0
"2026-08-07 10:46",9.01,9.07,9,9,-0.05,-0.55%,0
"2026-08-07 10:47",9.01,9.02,9,9,0,0.00%,0
"2026-08-07 10:48",8.99,9.07,8.99,9.07,0.07,+0.78%,0
"2026-08-07 10:49",9.04,9.06,9.04,9.06,-0.01,-0.11%,0
"2026-08-07 10:50",9.06,9.06,9,9,-0.06,-0.66%,0
"2026-08-07 10:51",8.99,9.03,8.99,9,0,0.00%,0
"2026-08-07 10:52",9.06,9.1,9.05,9.07,0.07,+0.78%,0
"2026-08-07 10:53",9.08,9.09,9.07,9.09,0.02,+0.22%,0
"2026-08-07 10:54",9.06,9.08,9.06,9.08,-0.01,-0.11%,0
"2026-08-07 10:55",9.12,9.12,9.06,9.06,-0.02,-0.22%,0
"2026-08-07 10:56",8.98,9.03,8.98,9,-0.06,-0.66%,0
"2026-08-07 10:57",8.99,9,8.95,8.96,-0.04,-0.44%,0
"2026-08-07 10:58",8.97,9.01,8.97,9.01,0.05,+0.56%,0
"2026-08-07 10:59",8.97,9.01,8.97,9,-0.01,-0.11%,0
"2026-08-07 11:00",8.97,9.02,8.97,9.02,0.02,+0.22%,0
"2026-08-07 11:01",9,9.04,9,9.04,0.02,+0.22%,0
"2026-08-07 11:02",9.07,9.09,9.07,9.07,0.03,+0.33%,0
"2026-08-07 11:03",9.05,9.06,9.02,9.02,-0.05,-0.55%,0
"2026-08-07 11:04",8.98,9.01,8.98,9,-0.02,-0.22%,0
"2026-08-07 11:05",8.98,8.98,8.97,8.97,-0.03,-0.33%,0
"2026-08-07 11:06",8.97,8.97,8.96,8.97,0,0.00%,0
"2026-08-07 11:07",8.97,8.98,8.94,8.94,-0.03,-0.33%,0
"2026-08-07 11:08",9.01,9.01,8.96,8.96,0.02,+0.22%,0
"2026-08-07 11:09",8.91,8.96,8.91,8.93,-0.03,-0.33%,0
"2026-08-07 11:10",8.9,8.9,8.87,8.87,-0.06,-0.67%,0
"2026-08-07 11:11",8.87,8.95,8.87,8.94,0.07,+0.79%,0
"2026-08-07 11:12",8.97,8.99,8.95,8.99,0.05,+0.56%,0
"2026-08-07 11:13",9.04,9.1,9.03,9.1,0.11,+1.22%,0
"2026-08-07 11:14",9.07,9.08,9.02,9.02,-0.08,-0.88%,0
"2026-08-07 11:15",9.02,9.05,9.02,9.05,0.03,+0.33%,0
"2026-08-07 11:16",9.05,9.07,9.02,9.02,-0.03,-0.33%,0
"2026-08-07 11:17",9.03,9.11,9.03,9.11,0.09,+1.00%,0
"2026-08-07 11:18",9.12,9.12,9.11,9.11,0,0.00%,0
"2026-08-07 11:19",9.08,9.11,9.07,9.07,-0.04,-0.44%,0
"2026-08-07 11:20",9.07,9.07,9.03,9.03,-0.04,-0.44%,0
"2026-08-07 11:21",9.02,9.1,9.02,9.1,0.07,+0.78%,0
"2026-08-07 11:22",9.07,9.07,9.06,9.06,-0.04,-0.44%,0
"2026-08-07 11:23",9.07,9.09,9.05,9.05,-0.01,-0.11%,0
"2026-08-07 11:24",9.03,9.04,9.03,9.04,-0.01,-0.11%,0
"2026-08-07 11:25",9.04,9.04,9.02,9.02,-0.02,-0.22%,0
"2026-08-07 11:26",8.98,9.02,8.98,9.02,0,0.00%,0
"2026-08-07 11:27",8.99,9.01,8.99,9.01,-0.01,-0.11%,0
"2026-08-07 11:28",9.02,9.04,9.02,9.04,0.03,+0.33%,0
"2026-08-07 11:29",9.04,9.07,9.04,9.06,0.02,+0.22%,0
"2026-08-07 11:30",9.05,9.06,9.05,9.06,0,0.00%,0
"2026-08-07 11:31",9.04,9.07,9.04,9.06,0,0.00%,0
"2026-08-07 11:32",9.06,9.07,9.02,9.02,-0.04,-0.44%,0
"2026-08-07 11:33",9,9.09,9,9.09,0.07,+0.78%,0
"2026-08-07 11:34",9.08,9.12,9.08,9.12,0.03,+0.33%,0
"2026-08-07 11:35",9.11,9.16,9.11,9.14,0.02,+0.22%,0
"2026-08-07 11:36",9.15,9.16,9.14,9.14,0,0.00%,0
"2026-08-07 11:37",9.1,9.13,9.1,9.1,-0.04,-0.44%,0
"2026-08-07 11:38",9.09,9.11,9.09,9.1,0,0.00%,0
"2026-08-07 11:39",9.11,9.11,9.1,9.1,0,0.00%,0
"2026-08-07 11:40",9.1,9.1,9.06,9.06,-0.04,-0.44%,0
"2026-08-07 11:41",9.07,9.13,9.07,9.13,0.07,+0.77%,0
"2026-08-07 11:42",9.13,9.13,9.04,9.04,-0.09,-0.99%,0
"2026-08-07 11:43",9.03,9.05,9.02,9.02,-0.02,-0.22%,0
"2026-08-07 11:44",9.03,9.08,9.03,9.08,0.06,+0.67%,0
"2026-08-07 11:45",9.08,9.08,9.06,9.06,-0.02,-0.22%,0
"2026-08-07 11:46",9.06,9.06,9.02,9.02,-0.04,-0.44%,0
"2026-08-07 11:47",9.02,9.05,9.02,9.04,0.02,+0.22%,0
"2026-08-07 11:48",9.04,9.04,8.99,8.99,-0.05,-0.55%,0
"2026-08-07 11:49",8.99,9,8.94,8.94,-0.05,-0.56%,0
"2026-08-07 11:50",8.94,8.99,8.94,8.96,0.02,+0.22%,0
"2026-08-07 11:51",8.94,8.97,8.94,8.95,-0.01,-0.11%,0
"2026-08-07 11:52",8.97,8.99,8.97,8.99,0.04,+0.45%,0
"2026-08-07 11:53",9.03,9.11,9.03,9.11,0.12,+1.33%,0
"2026-08-07 11:54",9.07,9.1,9.07,9.09,-0.02,-0.22%,0
"2026-08-07 11:55",9.06,9.08,9.04,9.04,-0.05,-0.55%,0
"2026-08-07 11:56",9.05,9.08,9.05,9.05,0.01,+0.11%,0
"2026-08-07 11:57",9.05,9.06,9.01,9.01,-0.04,-0.44%,0
"2026-08-07 11:58",9.03,9.09,9.03,9.09,0.08,+0.89%,0
"2026-08-07 11:59",9.09,9.09,9.06,9.06,-0.03,-0.33%,0
"2026-08-07 12:00",9.08,9.15,9.08,9.15,0.09,+0.99%,0
"2026-08-07 12:01",9.14,9.17,9.14,9.17,0.02,+0.22%,0
"2026-08-07 12:02",9.12,9.16,9.12,9.16,-0.01,-0.11%,0
"2026-08-07 12:03",9.15,9.18,9.15,9.17,0.01,+0.11%,0
"2026-08-07 12:04",9.17,9.21,9.17,9.19,0.02,+0.22%,0
"2026-08-07 12:05",9.17,9.21,9.17,9.21,0.02,+0.22%,0
"2026-08-07 12:06",9.23,9.27,9.23,9.27,0.06,+0.65%,0
"2026-08-07 12:07",9.25,9.26,9.23,9.26,-0.01,-0.11%,0
"2026-08-07 12:08",9.27,9.29,9.27,9.29,0.03,+0.32%,0
"2026-08-07 12:09",9.28,9.32,9.28,9.28,-0.01,-0.11%,0
"2026-08-07 12:10",9.27,9.27,9.25,9.25,-0.03,-0.32%,0
"2026-08-07 12:11",9.25,9.27,9.25,9.26,0.01,+0.11%,0
"2026-08-07 12:12",9.24,9.27,9.24,9.24,-0.02,-0.22%,0
"2026-08-07 12:13",9.24,9.25,9.24,9.25,0.01,+0.11%,0
"2026-08-07 12:14",9.25,9.26,9.25,9.25,0,0.00%,0
"2026-08-07 12:15",9.27,9.28,9.27,9.27,0.02,+0.22%,0
"2026-08-07 12:16",9.25,9.25,9.23,9.23,-0.04,-0.43%,0
"2026-08-07 12:17",9.22,9.23,9.22,9.23,0,0.00%,0
"2026-08-07 12:18",9.22,9.23,9.2,9.2,-0.03,-0.33%,0
"2026-08-07 12:19",9.22,9.27,9.22,9.27,0.07,+0.76%,0
"2026-08-07 12:20",9.26,9.31,9.26,9.28,0.01,+0.11%,0
"2026-08-07 12:21",9.28,9.33,9.28,9.33,0.05,+0.54%,0
"2026-08-07 12:22",9.36,9.4,9.36,9.39,0.06,+0.64%,0
"2026-08-07 12:23",9.4,9.45,9.39,9.45,0.06,+0.64%,0
"2026-08-07 12:24",9.46,9.47,9.46,9.47,0.02,+0.21%,0
"2026-08-07 12:25",9.5,9.8,9.5,9.8,0.33,+3.48%,0
"2026-08-07 12:26",9.76,9.82,9.71,9.82,0.02,+0.20%,0
"2026-08-07 12:27",9.84,9.84,9.75,9.75,-0.07,-0.71%,0
"2026-08-07 12:28",9.72,9.88,9.72,9.84,0.09,+0.92%,0
"2026-08-07 12:29",9.75,9.78,9.75,9.77,-0.07,-0.71%,0
"2026-08-07 12:30",9.73,9.94,9.73,9.91,0.14,+1.43%,0
"2026-08-07 12:31",9.97,9.97,9.93,9.95,0.04,+0.40%,0
"2026-08-07 12:32",9.97,9.97,9.84,9.84,-0.11,-1.11%,0
"2026-08-07 12:33",9.77,9.82,9.77,9.81,-0.03,-0.30%,0
"2026-08-07 12:34",9.8,9.8,9.64,9.64,-0.17,-1.73%,0
"2026-08-07 12:35",9.64,9.7,9.64,9.69,0.05,+0.52%,0
"2026-08-07 12:36",9.67,9.67,9.65,9.66,-0.03,-0.31%,0
"2026-08-07 12:37",9.66,9.7,9.66,9.7,0.04,+0.41%,0
"2026-08-07 12:38",9.72,9.74,9.71,9.74,0.04,+0.41%,0
"2026-08-07 12:39",9.73,9.73,9.67,9.68,-0.06,-0.62%,0
"2026-08-07 12:40",9.69,9.74,9.69,9.74,0.06,+0.62%,0
"2026-08-07 12:41",9.75,9.75,9.71,9.71,-0.03,-0.31%,0
"2026-08-07 12:42",9.7,9.75,9.7,9.75,0.04,+0.41%,0
"2026-08-07 12:43",9.75,9.75,9.71,9.71,-0.04,-0.41%,0
"2026-08-07 12:44",9.7,9.7,9.67,9.67,-0.04,-0.41%,0
"2026-08-07 12:45",9.67,9.67,9.65,9.65,-0.02,-0.21%,0
"2026-08-07 12:46",9.64,9.69,9.64,9.69,0.04,+0.41%,0
"2026-08-07 12:47",9.67,9.7,9.67,9.68,-0.01,-0.10%,0
"2026-08-07 12:48",9.68,9.72,9.68,9.7,0.02,+0.21%,0
"2026-08-07 12:49",9.71,9.72,9.71,9.71,0.01,+0.10%,0
"2026-08-07 12:50",9.7,9.7,9.66,9.66,-0.05,-0.51%,0
"2026-08-07 12:51",9.63,9.69,9.63,9.69,0.03,+0.31%,0
"2026-08-07 12:52",9.73,9.77,9.73,9.77,0.08,+0.83%,0
"2026-08-07 12:53",9.78,9.79,9.75,9.75,-0.02,-0.20%,0
"2026-08-07 12:54",9.73,9.76,9.73,9.76,0.01,+0.10%,0
"2026-08-07 12:55",9.75,9.75,9.74,9.75,-0.01,-0.10%,0
"2026-08-07 12:56",9.75,9.76,9.74,9.75,0,0.00%,0
"2026-08-07 12:57",9.78,9.79,9.78,9.79,0.04,+0.41%,0
"2026-08-07 12:58",9.77,9.79,9.77,9.79,0,0.00%,0
"2026-08-07 12:59",9.78,9.79,9.78,9.79,0,0.00%,0
"2026-08-07 13:00",9.79,9.84,9.78,9.84,0.05,+0.51%,0
"2026-08-07 13:01",9.82,9.82,9.78,9.78,-0.06,-0.61%,0
"2026-08-07 13:02",9.77,9.77,9.75,9.75,-0.03,-0.31%,0
"2026-08-07 13:03",9.75,9.75,9.74,9.74,-0.01,-0.10%,0
"2026-08-07 13:04",9.75,9.76,9.75,9.76,0.02,+0.21%,0
"2026-08-07 13:05",9.76,9.76,9.76,9.76,0,0.00%,0
"2026-08-07 13:06",9.75,9.77,9.75,9.75,-0.01,-0.10%,0
"2026-08-07 13:07",9.75,9.78,9.75,9.76,0.01,+0.10%,0
"2026-08-07 13:08",9.76,9.79,9.76,9.78,0.02,+0.20%,0
"2026-08-07 13:09",9.77,9.79,9.77,9.77,-0.01,-0.10%,0
"2026-08-07 13:10",9.77,9.77,9.76,9.77,0,0.00%,0
"2026-08-07 13:11",9.8,9.8,9.77,9.78,0.01,+0.10%,0
"2026-08-07 13:12",9.77,9.8,9.77,9.78,0,0.00%,0
"2026-08-07 13:13",9.81,9.81,9.8,9.8,0.02,+0.20%,0
"2026-08-07 13:14",9.8,9.8,9.79,9.79,-0.01,-0.10%,0
"2026-08-07 13:15",9.8,9.8,9.79,9.8,0.01,+0.10%,0
"2026-08-07 13:16",9.81,9.83,9.8,9.8,0,0.00%,0
"2026-08-07 13:17",9.79,9.82,9.79,9.81,0.01,+0.10%,0
"2026-08-07 13:18",9.81,9.81,9.79,9.79,-0.02,-0.20%,0
"2026-08-07 13:19",9.8,9.81,9.79,9.8,0.01,+0.10%,0
"2026-08-07 13:20",9.79,9.8,9.78,9.79,-0.01,-0.10%,0
"2026-08-07 13:21",9.81,9.86,9.81,9.85,0.06,+0.61%,0
"2026-08-07 13:22",9.85,9.85,9.85,9.85,0,0.00%,0
"2026-08-07 13:23",9.87,9.91,9.87,9.91,0.06,+0.61%,0
"2026-08-07 13:24",9.91,9.95,9.91,9.95,0.04,+0.40%,0
"2026-08-07 13:25",9.98,10.01,9.97,9.99,0.04,+0.40%,0
"2026-08-07 13:26",9.98,10,9.98,9.98,-0.01,-0.10%,0
"2026-08-07 13:27",9.97,9.97,9.94,9.94,-0.04,-0.40%,0
"2026-08-07 13:28",9.93,9.94,9.91,9.91,-0.03,-0.30%,0
"2026-08-07 13:29",9.9,9.9,9.89,9.89,-0.02,-0.20%,0
"2026-08-07 13:30",9.89,9.89,9.87,9.88,-0.01,-0.10%,0
"2026-08-07 13:31",9.89,9.9,9.89,9.9,0.02,+0.20%,0
"2026-08-07 13:32",9.89,9.9,9.88,9.88,-0.02,-0.20%,0
"2026-08-07 13:33",9.89,9.93,9.89,9.93,0.05,+0.51%,0
"2026-08-07 13:34",9.92,9.93,9.92,9.93,0,0.00%,0
"2026-08-07 13:35",9.93,9.94,9.93,9.94,0.01,+0.10%,0
"2026-08-07 13:36",9.94,9.97,9.94,9.96,0.02,+0.20%,0
"2026-08-07 13:37",9.95,9.97,9.95,9.96,0,0.00%,0
"2026-08-07 13:38",9.95,9.97,9.95,9.97,0.01,+0.10%,0
"2026-08-07 13:39",9.96,9.97,9.93,9.93,-0.04,-0.40%,0
"2026-08-07 13:40",9.94,9.96,9.94,9.96,0.03,+0.30%,0
"2026-08-07 13:41",9.98,10,9.98,9.99,0.03,+0.30%,0
"2026-08-07 13:42",9.99,10.01,9.99,10,0.01,+0.10%,0
"2026-08-07 13:43",9.99,10.02,9.99,10.01,0.01,+0.10%,0
"2026-08-07 13:44",10.01,10.02,10.01,10.02,0.01,+0.10%,0
"2026-08-07 13:45",10.01,10.01,9.99,9.99,-0.03,-0.30%,0
"2026-08-07 13:46",9.99,10.01,9.99,10.01,0.02,+0.20%,0
"2026-08-07 13:47",10.02,10.04,10.02,10.03,0.02,+0.20%,0
"2026-08-07 13:48",10.05,10.06,10.05,10.06,0.03,+0.30%,0
"2026-08-07 13:49",10.06,10.07,10.06,10.06,0,0.00%,0
"2026-08-07 13:50",10.05,10.07,10.05,10.07,0.01,+0.10%,0
"2026-08-07 13:51",10.07,10.13,10.07,10.13,0.06,+0.60%,0
"2026-08-07 13:52",10.13,10.15,10.13,10.15,0.02,+0.20%,0
"2026-08-07 13:53",10.21,10.28,10.21,10.27,0.12,+1.18%,0
"2026-08-07 13:54",10.26,10.26,10.23,10.23,-0.04,-0.39%,0
"2026-08-07 13:55",10.21,10.25,10.21,10.24,0.01,+0.10%,0
"2026-08-07 13:56",10.24,10.24,10.22,10.22,-0.02,-0.20%,0
"2026-08-07 13:57",10.23,10.24,10.23,10.23,0.01,+0.10%,0
"2026-08-07 13:58",10.22,10.24,10.22,10.24,0.01,+0.10%,0
"2026-08-07 13:59",10.25,10.26,10.25,10.25,0.01,+0.10%,0
"2026-08-07 14:00",10.25,10.25,10.24,10.24,-0.01,-0.10%,0
"2026-08-07 14:01",10.24,10.26,10.24,10.25,0.01,+0.10%,0
"2026-08-07 14:02",10.24,10.26,10.24,10.24,-0.01,-0.10%,0
"2026-08-07 14:03",10.24,10.24,10.22,10.22,-0.02,-0.20%,0
"2026-08-07 14:04",10.21,10.23,10.21,10.23,0.01,+0.10%,0
"2026-08-07 14:05",10.22,10.28,10.22,10.28,0.05,+0.49%,0
"2026-08-07 14:06",10.27,10.29,10.25,10.25,-0.03,-0.29%,0
"2026-08-07 14:07",10.26,10.28,10.26,10.26,0.01,+0.10%,0
"2026-08-07 14:08",10.24,10.25,10.24,10.24,-0.02,-0.19%,0
"2026-08-07 14:09",10.25,10.29,10.25,10.28,0.04,+0.39%,0
"2026-08-07 14:10",10.29,10.3,10.29,10.29,0.01,+0.10%,0
"2026-08-07 14:11",10.28,10.3,10.28,10.29,0,0.00%,0
"2026-08-07 14:12",10.29,10.31,10.29,10.3,0.01,+0.10%,0
"2026-08-07 14:13",10.3,10.37,10.3,10.37,0.07,+0.68%,0
"2026-08-07 14:14",10.38,10.44,10.38,10.44,0.07,+0.68%,0
"2026-08-07 14:15",10.4,10.45,10.4,10.45,0.01,+0.10%,0
"2026-08-07 14:16",10.44,10.46,10.43,10.43,-0.02,-0.19%,0
"2026-08-07 14:17",10.41,10.44,10.41,10.44,0.01,+0.10%,0
"2026-08-07 14:18",10.43,10.43,10.41,10.41,-0.03,-0.29%,0
"2026-08-07 14:19",10.42,10.45,10.42,10.43,0.02,+0.19%,0
"2026-08-07 14:20",10.44,10.45,10.44,10.45,0.02,+0.19%,0
"2026-08-07 14:21",10.45,10.46,10.44,10.45,0,0.00%,0
"2026-08-07 14:22",10.47,10.49,10.47,10.49,0.04,+0.38%,0
"2026-08-07 14:23",10.5,10.52,10.5,10.51,0.02,+0.19%,0
"2026-08-07 14:24",10.51,10.53,10.51,10.53,0.02,+0.19%,0
"2026-08-07 14:25",10.52,10.54,10.52,10.54,0.01,+0.09%,0
"2026-08-07 14:26",10.55,10.58,10.55,10.58,0.04,+0.38%,0
"2026-08-07 14:27",10.57,10.59,10.53,10.53,-0.05,-0.47%,0
"2026-08-07 14:28",10.53,10.58,10.53,10.58,0.05,+0.47%,0
"2026-08-07 14:29",10.55,10.58,10.55,10.58,0,0.00%,0
"2026-08-07 14:30",10.64,10.65,10.57,10.57,-0.01,-0.09%,0
"2026-08-07 14:31",10.59,10.65,10.59,10.64,0.07,+0.66%,0
"2026-08-07 14:32",10.61,10.62,10.56,10.56,-0.08,-0.75%,0
"2026-08-07 14:33",10.54,10.55,10.54,10.55,-0.01,-0.09%,0
"2026-08-07 14:34",10.53,10.56,10.53,10.56,0.01,+0.09%,0
"2026-08-07 14:35",10.56,10.58,10.56,10.58,0.02,+0.19%,0
"2026-08-07 14:36",10.61,10.61,10.61,10.61,0.03,+0.28%,0
"2026-08-07 14:37",10.62,10.67,10.62,10.67,0.06,+0.57%,0
"2026-08-07 14:38",10.67,10.7,10.67,10.68,0.01,+0.09%,0
"2026-08-07 14:39",10.7,10.73,10.7,10.7,0.02,+0.19%,0
"2026-08-07 14:40",10.71,10.75,10.71,10.75,0.05,+0.47%,0
"2026-08-07 14:41",10.74,10.76,10.74,10.76,0.01,+0.09%,0
"2026-08-07 14:42",10.75,10.78,10.75,10.76,0,0.00%,0
"2026-08-07 14:43",10.76,10.78,10.76,10.77,0.01,+0.09%,0
"2026-08-07 14:44",10.78,10.79,10.78,10.78,0.01,+0.09%,0
"2026-08-07 14:45",10.77,10.77,10.75,10.77,-0.01,-0.09%,0
"2026-08-07 14:46",10.77,10.84,10.77,10.84,0.07,+0.65%,0
"2026-08-07 14:47",10.83,10.85,10.83,10.85,0.01,+0.09%,0
"2026-08-07 14:48",10.86,10.86,10.83,10.83,-0.02,-0.18%,0
"2026-08-07 14:49",10.84,10.86,10.84,10.85,0.02,+0.18%,0
"2026-08-07 14:50",10.86,10.88,10.85,10.85,0,0.00%,0
"2026-08-07 14:51",10.85,10.87,10.84,10.84,-0.01,-0.09%,0
"2026-08-07 14:52",10.83,10.84,10.83,10.83,-0.01,-0.09%,0
"2026-08-07 14:53",10.82,10.84,10.79,10.79,-0.04,-0.37%,0
"2026-08-07 14:54",10.79,10.8,10.79,10.8,0.01,+0.09%,0
"2026-08-07 14:55",10.79,10.8,10.75,10.75,-0.05,-0.46%,0
"2026-08-07 14:56",10.74,10.74,10.69,10.69,-0.06,-0.56%,0
"2026-08-07 14:57",10.68,10.69,10.68,10.69,0,0.00%,0
"2026-08-07 14:58",10.67,10.7,10.67,10.7,0.01,+0.09%,0
"2026-08-07 14:59",10.72,10.73,10.72,10.73,0.03,+0.28%,0
"2026-08-07 15:00",10.69,10.71,10.66,10.66,-0.07,-0.65%,0
"2026-08-07 15:01",10.66,10.71,10.66,10.71,0.05,+0.47%,0
"2026-08-07 15:02",10.72,10.76,10.72,10.75,0.04,+0.37%,0
"2026-08-07 15:03",10.74,10.76,10.74,10.76,0.01,+0.09%,0
"2026-08-07 15:04",10.76,10.77,10.76,10.76,0,0.00%,0
"2026-08-07 15:05",10.76,10.8,10.76,10.8,0.04,+0.37%,0
"2026-08-07 15:06",10.81,10.86,10.81,10.86,0.06,+0.56%,0
"2026-08-07 15:07",10.86,10.89,10.86,10.89,0.03,+0.28%,0
"2026-08-07 15:08",10.9,10.92,10.9,10.92,0.03,+0.28%,0
"2026-08-07 15:09",10.93,10.94,10.89,10.89,-0.03,-0.27%,0
"2026-08-07 15:10",10.9,11.03,10.9,11.03,0.14,+1.29%,0
"2026-08-07 15:11",11.11,11.14,11.11,11.14,0.11,+1.00%,0
"2026-08-07 15:12",11.09,11.1,11.04,11.04,-0.1,-0.90%,0
"2026-08-07 15:13",11.04,11.08,11.04,11.08,0.04,+0.36%,0
"2026-08-07 15:14",11.09,11.11,11.09,11.11,0.03,+0.27%,0
"2026-08-07 15:15",11.13,11.23,11.13,11.23,0.12,+1.08%,0
"2026-08-07 15:16",11.26,11.26,11.23,11.26,0.03,+0.27%,0
"2026-08-07 15:17",11.26,11.29,11.26,11.29,0.03,+0.27%,0
"2026-08-07 15:18",11.25,11.31,11.25,11.3,0.01,+0.09%,0
"2026-08-07 15:19",11.31,11.31,11.29,11.29,-0.01,-0.09%,0
"2026-08-07 15:20",11.25,11.28,11.25,11.28,-0.01,-0.09%,0
"2026-08-07 15:21",11.29,11.32,11.29,11.32,0.04,+0.35%,0
"2026-08-07 15:22",11.33,11.36,11.33,11.36,0.04,+0.35%,0
"2026-08-07 15:23",11.36,11.39,11.36,11.39,0.03,+0.26%,0
"2026-08-07 15:24",11.4,11.41,11.37,11.37,-0.02,-0.18%,0
"2026-08-07 15:25",11.36,11.41,11.36,11.4,0.03,+0.26%,0
"2026-08-07 15:26",11.41,11.44,11.41,11.44,0.04,+0.35%,0
"2026-08-07 15:27",11.43,11.43,11.28,11.28,-0.16,-1.40%,0
"2026-08-07 15:28",11.29,11.35,11.29,11.35,0.07,+0.62%,0
"2026-08-07 15:29",11.35,11.41,11.35,11.41,0.06,+0.53%,0
"2026-08-07 15:30",11.42,11.42,11.37,11.39,-0.02,-0.18%,0
"2026-08-07 15:31",11.42,11.43,11.42,11.42,0.03,+0.26%,0
"2026-08-07 15:32",11.43,11.44,11.42,11.42,0,0.00%,0
"2026-08-07 15:33",11.41,11.46,11.41,11.46,0.04,+0.35%,0
"2026-08-07 15:34",11.47,11.5,11.47,11.5,0.04,+0.35%,0
"2026-08-07 15:35",11.5,11.52,11.46,11.46,-0.04,-0.35%,0
"2026-08-07 15:36",11.45,11.46,11.45,11.46,0,0.00%,0
"2026-08-07 15:37",11.46,11.46,11.45,11.45,-0.01,-0.09%,0
"2026-08-07 15:38",11.46,11.46,11.43,11.44,-0.01,-0.09%,0
"2026-08-07 15:39",11.44,11.45,11.44,11.44,0,0.00%,0
"2026-08-07 15:40",11.44,11.46,11.44,11.45,0.01,+0.09%,0
"2026-08-07 15:41",11.46,11.48,11.45,11.48,0.03,+0.26%,0
"2026-08-07 15:42",11.5,11.5,11.48,11.48,0,0.00%,0
"2026-08-07 15:43",11.47,11.49,11.41,11.41,-0.07,-0.61%,0
"2026-08-07 15:44",11.4,11.45,11.4,11.45,0.04,+0.35%,0
"2026-08-07 15:45",11.45,11.49,11.42,11.49,0.04,+0.35%,0
"2026-08-07 15:46",11.47,11.53,11.47,11.53,0.04,+0.35%,0
"2026-08-07 15:47",11.54,11.57,11.54,11.56,0.03,+0.26%,0
"2026-08-07 15:48",11.56,11.61,11.56,11.61,0.05,+0.43%,0
"2026-08-07 15:49",11.61,11.62,11.61,11.61,0,0.00%,0
"2026-08-07 15:50",11.6,11.62,11.6,11.62,0.01,+0.09%,0
"2026-08-07 15:51",11.62,11.64,11.62,11.63,0.01,+0.09%,0
"2026-08-07 15:52",11.63,11.64,11.63,11.64,0.01,+0.09%,0
"2026-08-07 15:53",11.64,11.65,11.64,11.64,0,0.00%,0
"2026-08-07 15:54",11.66,11.66,11.61,11.61,-0.03,-0.26%,0
"2026-08-07 15:55",11.51,11.56,11.51,11.56,-0.05,-0.43%,0
"2026-08-07 15:56",11.54,11.54,11.49,11.49,-0.07,-0.61%,0
"2026-08-07 15:57",11.49,11.5,11.47,11.47,-0.02,-0.17%,0
"2026-08-07 15:58",11.47,11.47,11.4,11.4,-0.07,-0.61%,0
"2026-08-07 15:59",11.39,11.39,11.2,11.2,-0.2,-1.75%,0
"2026-08-07 16:00",11.19,11.35,11.19,11.35,0.15,+1.34%,0
"2026-08-07 16:01",11.37,11.41,11.37,11.41,0.06,+0.53%,0
"2026-08-07 16:02",11.41,11.45,11.41,11.45,0.04,+0.35%,0
"2026-08-07 16:03",11.42,11.46,11.41,11.41,-0.04,-0.35%,0
"2026-08-07 16:04",11.45,11.46,11.45,11.45,0.04,+0.35%,0
"2026-08-07 16:05",11.49,11.52,11.45,11.45,0,0.00%,0
"2026-08-07 16:06",11.45,11.46,11.4,11.4,-0.05,-0.44%,0
"2026-08-07 16:07",11.38,11.38,11.25,11.25,-0.15,-1.32%,0
"2026-08-07 16:08",11.23,11.26,11.23,11.25,0,0.00%,0
"2026-08-07 16:09",11.27,11.31,11.27,11.29,0.04,+0.36%,0
"2026-08-07 16:10",11.32,11.35,11.32,11.34,0.05,+0.44%,0
"2026-08-07 16:11",11.32,11.33,11.31,11.33,-0.01,-0.09%,0
"2026-08-07 16:12",11.35,11.38,11.35,11.36,0.03,+0.26%,0
"2026-08-07 16:13",11.35,11.36,11.34,11.36,0,0.00%,0
"2026-08-07 16:14",11.37,11.44,11.3,11.3,-0.06,-0.53%,0
"2026-08-07 16:15",11.36,11.36,11.36,11.36,0.06,+0.53%,0
"2026-08-10 09:31",8.04,8.04,7.79,7.83,-3.53,-31.07%,0
"2026-08-10 09:32",7.69,7.69,7.57,7.6,-0.23,-2.94%,0
"2026-08-10 09:33",7.57,7.57,7.54,7.54,-0.06,-0.79%,0
"2026-08-10 09:34",7.58,7.87,7.58,7.87,0.33,+4.38%,0
"2026-08-10 09:35",7.93,7.93,7.74,7.74,-0.13,-1.65%,0
"2026-08-10 09:36",7.67,7.67,7.57,7.57,-0.17,-2.20%,0
"2026-08-10 09:37",7.58,7.58,7.53,7.53,-0.04,-0.53%,0
"2026-08-10 09:38",7.56,7.59,7.54,7.54,0.01,+0.13%,0
"2026-08-10 09:39",7.54,7.6,7.51,7.51,-0.03,-0.40%,0
"2026-08-10 09:40",7.45,7.55,7.45,7.46,-0.05,-0.67%,0
"2026-08-10 09:41",7.43,7.44,7.43,7.43,-0.03,-0.40%,0
"2026-08-10 09:42",7.36,7.36,7.3,7.3,-0.13,-1.75%,0
"2026-08-10 09:43",7.27,7.29,7.25,7.25,-0.05,-0.68%,0
"2026-08-10 09:44",7.19,7.19,7.11,7.12,-0.13,-1.79%,0
"2026-08-10 09:45",7.18,7.18,7.04,7.04,-0.08,-1.12%,0
"2026-08-10 09:46",7.06,7.07,7.03,7.03,-0.01,-0.14%,0
"2026-08-10 09:47",6.99,7.01,6.95,6.95,-0.08,-1.14%,0
"2026-08-10 09:48",6.93,6.95,6.89,6.89,-0.06,-0.86%,0
"2026-08-10 09:49",6.84,6.92,6.83,6.92,0.03,+0.44%,0
"2026-08-10 09:50",6.92,6.95,6.88,6.88,-0.04,-0.58%,0
"2026-08-10 09:51",7.06,7.17,7.05,7.16,0.28,+4.07%,0
"2026-08-10 09:52",7.18,7.32,7.17,7.17,0.01,+0.14%,0
"2026-08-10 09:53",7.08,7.11,7.07,7.08,-0.09,-1.26%,0
"2026-08-10 09:54",6.99,7.03,6.99,7,-0.08,-1.13%,0
"2026-08-10 09:55",7,7,6.96,6.99,-0.01,-0.14%,0
"2026-08-10 09:56",7,7,6.97,6.98,-0.01,-0.14%,0
"2026-08-10 09:57",6.92,6.94,6.91,6.91,-0.07,-1.00%,0
"2026-08-10 09:58",6.89,6.89,6.84,6.84,-0.07,-1.01%,0
"2026-08-10 09:59",6.83,6.85,6.81,6.81,-0.03,-0.44%,0
"2026-08-10 10:00",6.82,6.83,6.79,6.83,0.02,+0.29%,0
"2026-08-10 10:01",6.83,6.83,6.76,6.76,-0.07,-1.02%,0
"2026-08-10 10:02",6.73,6.76,6.73,6.76,0,0.00%,0
"2026-08-10 10:03",6.75,6.77,6.74,6.74,-0.02,-0.30%,0
"2026-08-10 10:04",6.75,6.76,6.75,6.76,0.02,+0.30%,0
"2026-08-10 10:05",6.77,6.82,6.77,6.82,0.06,+0.89%,0
"2026-08-10 10:06",6.81,6.81,6.77,6.79,-0.03,-0.44%,0
"2026-08-10 10:07",6.79,6.8,6.78,6.78,-0.01,-0.15%,0
"2026-08-10 10:08",6.8,6.85,6.8,6.83,0.05,+0.74%,0
"2026-08-10 10:09",6.82,6.84,6.8,6.8,-0.03,-0.44%,0
"2026-08-10 10:10",6.8,6.84,6.8,6.8,0,0.00%,0
"2026-08-10 10:11",6.8,6.85,6.8,6.85,0.05,+0.74%,0
"2026-08-10 10:12",6.84,6.85,6.84,6.84,-0.01,-0.15%,0
"2026-08-10 10:13",6.84,6.85,6.84,6.85,0.01,+0.15%,0
"2026-08-10 10:14",6.86,6.88,6.86,6.88,0.03,+0.44%,0
"2026-08-10 10:15",6.87,6.91,6.87,6.91,0.03,+0.44%,0
"2026-08-10 10:16",6.9,6.91,6.9,6.9,-0.01,-0.14%,0
"2026-08-10 10:17",6.9,6.93,6.9,6.92,0.02,+0.29%,0
"2026-08-10 10:18",6.93,6.93,6.9,6.9,-0.02,-0.29%,0
"2026-08-10 10:19",6.89,6.92,6.87,6.87,-0.03,-0.43%,0
"2026-08-10 10:20",6.91,6.96,6.91,6.95,0.08,+1.16%,0
"2026-08-10 10:21",6.93,6.93,6.91,6.91,-0.04,-0.58%,0
"2026-08-10 10:22",6.9,6.95,6.9,6.95,0.04,+0.58%,0
"2026-08-10 10:23",6.98,6.98,6.96,6.96,0.01,+0.14%,0
"2026-08-10 10:24",6.95,6.96,6.92,6.92,-0.04,-0.57%,0
"2026-08-10 10:25",6.9,6.92,6.88,6.88,-0.04,-0.58%,0
"2026-08-10 10:26",6.86,6.91,6.86,6.91,0.03,+0.44%,0
"2026-08-10 10:27",6.93,6.94,6.93,6.93,0.02,+0.29%,0
"2026-08-10 10:28",6.92,6.93,6.92,6.93,0,0.00%,0
"2026-08-10 10:29",6.93,6.94,6.88,6.9,-0.03,-0.43%,0
"2026-08-10 10:30",6.88,6.88,6.87,6.87,-0.03,-0.43%,0
"2026-08-10 10:31",6.83,6.83,6.79,6.79,-0.08,-1.16%,0
"2026-08-10 10:32",6.79,6.79,6.77,6.77,-0.02,-0.29%,0
"2026-08-10 10:33",6.77,6.85,6.77,6.85,0.08,+1.18%,0
"2026-08-10 10:34",6.83,6.92,6.83,6.92,0.07,+1.02%,0
"2026-08-10 10:35",6.93,6.93,6.89,6.89,-0.03,-0.43%,0
"2026-08-10 10:36",6.92,6.92,6.91,6.91,0.02,+0.29%,0
"2026-08-10 10:37",6.94,6.94,6.9,6.9,-0.01,-0.14%,0
"2026-08-10 10:38",6.86,6.97,6.86,6.97,0.07,+1.01%,0
"2026-08-10 10:39",6.97,7.02,6.95,6.95,-0.02,-0.29%,0
"2026-08-10 10:40",6.93,6.93,6.86,6.86,-0.09,-1.29%,0
"2026-08-10 10:41",6.86,6.87,6.85,6.86,0,0.00%,0
"2026-08-10 10:42",6.85,6.86,6.82,6.82,-0.04,-0.58%,0
"2026-08-10 10:43",6.79,6.81,6.79,6.8,-0.02,-0.29%,0
"2026-08-10 10:44",6.78,6.83,6.78,6.79,-0.01,-0.15%,0
"2026-08-10 10:45",6.78,6.78,6.72,6.72,-0.07,-1.03%,0
"2026-08-10 10:46",6.7,6.74,6.7,6.74,0.02,+0.30%,0
"2026-08-10 10:47",6.75,6.78,6.75,6.77,0.03,+0.45%,0
"2026-08-10 10:48",6.78,6.8,6.78,6.8,0.03,+0.44%,0
"2026-08-10 10:49",6.83,6.83,6.83,6.83,0.03,+0.44%,0
"2026-08-10 10:50",6.84,6.84,6.83,6.83,0,0.00%,0
"2026-08-10 10:51",6.85,6.89,6.85,6.89,0.06,+0.88%,0
"2026-08-10 10:52",6.91,7.02,6.91,7.02,0.13,+1.89%,0
"2026-08-10 10:53",7.02,7.14,7,7.14,0.12,+1.71%,0
"2026-08-10 10:54",7.18,7.26,7.15,7.2,0.06,+0.84%,0
"2026-08-10 10:55",7.23,7.24,7.2,7.21,0.01,+0.14%,0
"2026-08-10 10:56",7.2,7.2,7.14,7.14,-0.07,-0.97%,0
"2026-08-10 10:57",7.14,7.27,7.14,7.25,0.11,+1.54%,0
"2026-08-10 10:58",7.2,7.21,7.18,7.21,-0.04,-0.55%,0
"2026-08-10 10:59",7.21,7.23,7.21,7.23,0.02,+0.28%,0
"2026-08-10 11:00",7.25,7.34,7.25,7.25,0.02,+0.28%,0
"2026-08-10 11:01",7.3,7.3,7.16,7.16,-0.09,-1.24%,0
"2026-08-10 11:02",7.15,7.22,7.15,7.22,0.06,+0.84%,0
"2026-08-10 11:03",7.2,7.2,7.13,7.18,-0.04,-0.55%,0
"2026-08-10 11:04",7.17,7.21,7.14,7.21,0.03,+0.42%,0
"2026-08-10 11:05",7.19,7.19,7.14,7.14,-0.07,-0.97%,0
"2026-08-10 11:06",7.13,7.13,7.13,7.13,-0.01,-0.14%,0
"2026-08-10 11:07",7.15,7.15,7.12,7.15,0.02,+0.28%,0
"2026-08-10 11:08",7.14,7.16,7.12,7.16,0.01,+0.14%,0
"2026-08-10 11:09",7.19,7.25,7.19,7.22,0.06,+0.84%,0
"2026-08-10 11:10",7.26,7.3,7.26,7.26,0.04,+0.55%,0
"2026-08-10 11:11",7.23,7.23,7.17,7.22,-0.04,-0.55%,0
"2026-08-10 11:12",7.25,7.28,7.24,7.28,0.06,+0.83%,0
"2026-08-10 11:13",7.29,7.29,7.23,7.23,-0.05,-0.69%,0
"2026-08-10 11:14",7.19,7.2,7.17,7.2,-0.03,-0.41%,0
"2026-08-10 11:15",7.16,7.16,7.06,7.06,-0.14,-1.94%,0
"2026-08-10 11:16",7.03,7.06,7.03,7.06,0,0.00%,0
"2026-08-10 11:17",7.08,7.12,7.08,7.12,0.06,+0.85%,0
"2026-08-10 11:18",7.09,7.12,7.09,7.1,-0.02,-0.28%,0
"2026-08-10 11:19",7.13,7.13,7.1,7.11,0.01,+0.14%,0
"2026-08-10 11:20",7.11,7.11,7.07,7.07,-0.04,-0.56%,0
"2026-08-10 11:21",7.08,7.14,7.08,7.12,0.05,+0.71%,0
"2026-08-10 11:22",7.11,7.16,7.11,7.14,0.02,+0.28%,0
"2026-08-10 11:23",7.14,7.18,7.09,7.09,-0.05,-0.70%,0
"2026-08-10 11:24",7.11,7.16,7.11,7.14,0.05,+0.71%,0
"2026-08-10 11:25",7.13,7.21,7.13,7.21,0.07,+0.98%,0
"2026-08-10 11:26",7.26,7.31,7.26,7.3,0.09,+1.25%,0
"2026-08-10 11:27",7.25,7.25,7.16,7.16,-0.14,-1.92%,0
"2026-08-10 11:28",7.17,7.2,7.17,7.19,0.03,+0.42%,0
"2026-08-10 11:29",7.17,7.18,7.15,7.15,-0.04,-0.56%,0
"2026-08-10 11:30",7.16,7.18,7.15,7.15,0,0.00%,0
"2026-08-10 11:31",7.17,7.21,7.17,7.21,0.06,+0.84%,0
"2026-08-10 11:32",7.19,7.24,7.19,7.21,0,0.00%,0
"2026-08-10 11:33",7.21,7.24,7.21,7.24,0.03,+0.42%,0
"2026-08-10 11:34",7.24,7.29,7.24,7.29,0.05,+0.69%,0
"2026-08-10 11:35",7.3,7.34,7.28,7.28,-0.01,-0.14%,0
"2026-08-10 11:36",7.29,7.36,7.29,7.36,0.08,+1.10%,0
"2026-08-10 11:37",7.4,7.42,7.4,7.4,0.04,+0.54%,0
"2026-08-10 11:38",7.33,7.36,7.33,7.34,-0.06,-0.81%,0
"2026-08-10 11:39",7.32,7.32,7.31,7.32,-0.02,-0.27%,0
"2026-08-10 11:40",7.33,7.36,7.29,7.29,-0.03,-0.41%,0
"2026-08-10 11:41",7.29,7.32,7.29,7.3,0.01,+0.14%,0
"2026-08-10 11:42",7.3,7.33,7.3,7.32,0.02,+0.27%,0
"2026-08-10 11:43",7.33,7.34,7.32,7.32,0,0.00%,0
"2026-08-10 11:44",7.3,7.31,7.28,7.28,-0.04,-0.55%,0
"2026-08-10 11:45",7.28,7.28,7.25,7.27,-0.01,-0.14%,0
"2026-08-10 11:46",7.29,7.3,7.29,7.29,0.02,+0.28%,0
"2026-08-10 11:47",7.28,7.28,7.26,7.27,-0.02,-0.27%,0
"2026-08-10 11:48",7.28,7.29,7.28,7.29,0.02,+0.28%,0
"2026-08-10 11:49",7.29,7.29,7.28,7.29,0,0.00%,0
"2026-08-10 11:50",7.29,7.31,7.28,7.28,-0.01,-0.14%,0
"2026-08-10 11:51",7.27,7.28,7.24,7.24,-0.04,-0.55%,0
"2026-08-10 11:52",7.23,7.24,7.23,7.24,0,0.00%,0
"2026-08-10 11:53",7.24,7.26,7.24,7.25,0.01,+0.14%,0
"2026-08-10 11:54",7.25,7.27,7.25,7.26,0.01,+0.14%,0
"2026-08-10 11:55",7.26,7.29,7.26,7.29,0.03,+0.41%,0
"2026-08-10 11:56",7.29,7.31,7.29,7.31,0.02,+0.27%,0
"2026-08-10 11:57",7.29,7.34,7.29,7.34,0.03,+0.41%,0
"2026-08-10 11:58",7.33,7.35,7.33,7.34,0,0.00%,0
"2026-08-10 11:59",7.34,7.35,7.33,7.33,-0.01,-0.14%,0
"2026-08-10 12:00",7.33,7.35,7.32,7.33,0,0.00%,0
"2026-08-10 12:01",7.33,7.35,7.33,7.33,0,0.00%,0
"2026-08-10 12:02",7.33,7.36,7.33,7.36,0.03,+0.41%,0
"2026-08-10 12:03",7.36,7.38,7.36,7.38,0.02,+0.27%,0
"2026-08-10 12:04",7.39,7.42,7.39,7.42,0.04,+0.54%,0
"2026-08-10 12:05",7.4,7.43,7.4,7.4,-0.02,-0.27%,0
"2026-08-10 12:06",7.42,7.44,7.4,7.4,0,0.00%,0
"2026-08-10 12:07",7.4,7.42,7.4,7.42,0.02,+0.27%,0
"2026-08-10 12:08",7.42,7.43,7.42,7.42,0,0.00%,0
"2026-08-10 12:09",7.44,7.45,7.4,7.4,-0.02,-0.27%,0
"2026-08-10 12:10",7.41,7.41,7.41,7.41,0.01,+0.14%,0
"2026-08-10 12:11",7.42,7.42,7.4,7.41,0,0.00%,0
"2026-08-10 12:12",7.43,7.48,7.43,7.48,0.07,+0.94%,0
"2026-08-10 12:13",7.49,7.49,7.48,7.48,0,0.00%,0
"2026-08-10 12:14",7.46,7.5,7.46,7.5,0.02,+0.27%,0
"2026-08-10 12:15",7.51,7.64,7.51,7.64,0.14,+1.87%,0
"2026-08-10 12:16",7.67,7.67,7.57,7.57,-0.07,-0.92%,0
"2026-08-10 12:17",7.59,7.6,7.59,7.59,0.02,+0.26%,0
"2026-08-10 12:18",7.59,7.59,7.59,7.59,0,0.00%,0
"2026-08-10 12:19",7.61,7.62,7.59,7.59,0,0.00%,0
"2026-08-10 12:20",7.61,7.61,7.57,7.6,0.01,+0.13%,0
"2026-08-10 12:21",7.61,7.69,7.61,7.69,0.09,+1.18%,0
"2026-08-10 12:22",7.68,7.69,7.67,7.67,-0.02,-0.26%,0
"2026-08-10 12:23",7.66,7.66,7.65,7.66,-0.01,-0.13%,0
"2026-08-10 12:24",7.58,7.59,7.58,7.59,-0.07,-0.91%,0
"2026-08-10 12:25",7.54,7.58,7.52,7.52,-0.07,-0.92%,0
"2026-08-10 12:26",7.53,7.57,7.53,7.57,0.05,+0.66%,0
"2026-08-10 12:27",7.61,7.62,7.61,7.62,0.05,+0.66%,0
"2026-08-10 12:28",7.66,7.67,7.64,7.64,0.02,+0.26%,0
"2026-08-10 12:29",7.64,7.66,7.63,7.66,0.02,+0.26%,0
"2026-08-10 12:30",7.68,7.68,7.67,7.68,0.02,+0.26%,0
"2026-08-10 12:31",7.67,7.67,7.65,7.65,-0.03,-0.39%,0
"2026-08-10 12:32",7.77,8,7.77,7.88,0.23,+3.01%,0
"2026-08-10 12:33",7.84,8,7.84,7.97,0.09,+1.14%,0
"2026-08-10 12:34",7.94,7.95,7.93,7.95,-0.02,-0.25%,0
"2026-08-10 12:35",7.92,7.97,7.92,7.97,0.02,+0.25%,0
"2026-08-10 12:36",7.99,8.08,7.99,8.08,0.11,+1.38%,0
"2026-08-10 12:37",8.12,8.16,8.12,8.15,0.07,+0.87%,0
"2026-08-10 12:38",8.15,8.25,8.15,8.23,0.08,+0.98%,0
"2026-08-10 12:39",8.23,8.25,8.16,8.16,-0.07,-0.85%,0
"2026-08-10 12:40",8.18,8.22,8.18,8.18,0.02,+0.25%,0
"2026-08-10 12:41",8.15,8.25,8.15,8.25,0.07,+0.86%,0
"2026-08-10 12:42",8.25,8.28,8.25,8.25,0,0.00%,0
"2026-08-10 12:43",8.25,8.31,8.25,8.31,0.06,+0.73%,0
"2026-08-10 12:44",8.34,8.4,8.34,8.34,0.03,+0.36%,0
"2026-08-10 12:45",8.35,8.42,8.35,8.42,0.08,+0.96%,0
"2026-08-10 12:46",8.42,8.42,8.33,8.33,-0.09,-1.07%,0
"2026-08-10 12:47",8.32,8.35,8.32,8.32,-0.01,-0.12%,0
"2026-08-10 12:48",8.28,8.3,8.27,8.27,-0.05,-0.60%,0
"2026-08-10 12:49",8.28,8.28,8.22,8.22,-0.05,-0.60%,0
"2026-08-10 12:50",8.18,8.24,8.18,8.21,-0.01,-0.12%,0
"2026-08-10 12:51",8.25,8.31,8.25,8.31,0.1,+1.22%,0
"2026-08-10 12:52",8.31,8.33,8.29,8.29,-0.02,-0.24%,0
"2026-08-10 12:53",8.29,8.32,8.29,8.32,0.03,+0.36%,0
"2026-08-10 12:54",8.33,8.33,8.32,8.32,0,0.00%,0
"2026-08-10 12:55",8.29,8.3,8.25,8.3,-0.02,-0.24%,0
"2026-08-10 12:56",8.29,8.31,8.27,8.27,-0.03,-0.36%,0
"2026-08-10 12:57",8.26,8.26,8.23,8.24,-0.03,-0.36%,0
"2026-08-10 12:58",8.22,8.22,8.18,8.2,-0.04,-0.49%,0
"2026-08-10 12:59",8.22,8.22,8.2,8.2,0,0.00%,0
"2026-08-10 13:00",8.17,8.2,8.17,8.17,-0.03,-0.37%,0
"2026-08-10 13:01",8.14,8.21,8.14,8.21,0.04,+0.49%,0
"2026-08-10 13:02",8.23,8.24,8.22,8.22,0.01,+0.12%,0
"2026-08-10 13:03",8.24,8.35,8.24,8.35,0.13,+1.58%,0
"2026-08-10 13:04",8.36,8.38,8.33,8.33,-0.02,-0.24%,0
"2026-08-10 13:05",8.34,8.37,8.34,8.36,0.03,+0.36%,0
"2026-08-10 13:06",8.36,8.36,8.31,8.31,-0.05,-0.60%,0
"2026-08-10 13:07",8.35,8.37,8.33,8.33,0.02,+0.24%,0
"2026-08-10 13:08",8.32,8.32,8.26,8.26,-0.07,-0.84%,0
"2026-08-10 13:09",8.27,8.27,8.25,8.25,-0.01,-0.12%,0
"2026-08-10 13:10",8.24,8.24,8.23,8.23,-0.02,-0.24%,0
"2026-08-10 13:11",8.24,8.26,8.24,8.25,0.02,+0.24%,0
"2026-08-10 13:12",8.25,8.27,8.25,8.25,0,0.00%,0
"2026-08-10 13:13",8.25,8.26,8.24,8.24,-0.01,-0.12%,0
"2026-08-10 13:14",8.23,8.23,8.23,8.23,-0.01,-0.12%,0
"2026-08-10 13:15",8.23,8.23,8.21,8.22,-0.01,-0.12%,0
"2026-08-10 13:16",8.21,8.24,8.21,8.21,-0.01,-0.12%,0
"2026-08-10 13:17",8.21,8.24,8.21,8.22,0.01,+0.12%,0
"2026-08-10 13:18",8.21,8.25,8.21,8.23,0.01,+0.12%,0
"2026-08-10 13:19",8.24,8.25,8.24,8.25,0.02,+0.24%,0
"2026-08-10 13:20",8.24,8.25,8.24,8.24,-0.01,-0.12%,0
"2026-08-10 13:21",8.25,8.28,8.25,8.28,0.04,+0.49%,0
"2026-08-10 13:22",8.29,8.29,8.28,8.28,0,0.00%,0
"2026-08-10 13:23",8.29,8.3,8.28,8.28,0,0.00%,0
"2026-08-10 13:24",8.3,8.31,8.3,8.31,0.03,+0.36%,0
"2026-08-10 13:25",8.3,8.33,8.3,8.32,0.01,+0.12%,0
"2026-08-10 13:26",8.33,8.34,8.33,8.33,0.01,+0.12%,0
"2026-08-10 13:27",8.34,8.34,8.32,8.33,0,0.00%,0
"2026-08-10 13:28",8.33,8.36,8.33,8.36,0.03,+0.36%,0
"2026-08-10 13:29",8.33,8.33,8.32,8.33,-0.03,-0.36%,0
"2026-08-10 13:30",8.34,8.34,8.31,8.31,-0.02,-0.24%,0
"2026-08-10 13:31",8.3,8.31,8.28,8.28,-0.03,-0.36%,0
"2026-08-10 13:32",8.27,8.28,8.27,8.27,-0.01,-0.12%,0
"2026-08-10 13:33",8.27,8.28,8.27,8.28,0.01,+0.12%,0
"2026-08-10 13:34",8.29,8.29,8.28,8.28,0,0.00%,0
"2026-08-10 13:35",8.28,8.3,8.28,8.29,0.01,+0.12%,0
"2026-08-10 13:36",8.28,8.3,8.28,8.29,0,0.00%,0
"2026-08-10 13:37",8.3,8.35,8.3,8.35,0.06,+0.72%,0
"2026-08-10 13:38",8.38,8.38,8.36,8.36,0.01,+0.12%,0
"2026-08-10 13:39",8.37,8.39,8.37,8.37,0.01,+0.12%,0
"2026-08-10 13:40",8.38,8.4,8.38,8.38,0.01,+0.12%,0
"2026-08-10 13:41",8.39,8.4,8.39,8.39,0.01,+0.12%,0
"2026-08-10 13:42",8.39,8.39,8.36,8.39,0,0.00%,0
"2026-08-10 13:43",8.39,8.4,8.39,8.39,0,0.00%,0
"2026-08-10 13:44",8.38,8.41,8.37,8.41,0.02,+0.24%,0
"2026-08-10 13:45",8.4,8.41,8.39,8.41,0,0.00%,0
"2026-08-10 13:46",8.4,8.41,8.39,8.39,-0.02,-0.24%,0
"2026-08-10 13:47",8.37,8.38,8.37,8.37,-0.02,-0.24%,0
"2026-08-10 13:48",8.38,8.4,8.38,8.38,0.01,+0.12%,0
"2026-08-10 13:49",8.37,8.39,8.37,8.38,0,0.00%,0
"2026-08-10 13:50",8.4,8.4,8.4,8.4,0.02,+0.24%,0
"2026-08-10 13:51",8.42,8.44,8.42,8.44,0.04,+0.48%,0
"2026-08-10 13:52",8.44,8.44,8.4,8.4,-0.04,-0.47%,0
"2026-08-10 13:53",8.38,8.41,8.38,8.41,0.01,+0.12%,0
"2026-08-10 13:54",8.41,8.41,8.4,8.4,-0.01,-0.12%,0
"2026-08-10 13:55",8.4,8.41,8.4,8.4,0,0.00%,0
"2026-08-10 13:56",8.4,8.42,8.4,8.41,0.01,+0.12%,0
"2026-08-10 13:57",8.41,8.41,8.41,8.41,0,0.00%,0
"2026-08-10 13:58",8.4,8.41,8.39,8.39,-0.02,-0.24%,0
"2026-08-10 13:59",8.41,8.44,8.41,8.44,0.05,+0.60%,0
"2026-08-10 14:00",8.44,8.45,8.44,8.45,0.01,+0.12%,0
"2026-08-10 14:01",8.44,8.48,8.44,8.48,0.03,+0.36%,0
"2026-08-10 14:02",8.49,8.5,8.48,8.48,0,0.00%,0
"2026-08-10 14:03",8.49,8.5,8.48,8.48,0,0.00%,0
"2026-08-10 14:04",8.48,8.5,8.48,8.49,0.01,+0.12%,0
"2026-08-10 14:05",8.49,8.52,8.49,8.49,0,0.00%,0
"2026-08-10 14:06",8.48,8.51,8.47,8.47,-0.02,-0.24%,0
"2026-08-10 14:07",8.47,8.49,8.47,8.48,0.01,+0.12%,0
"2026-08-10 14:08",8.49,8.49,8.47,8.48,0,0.00%,0
"2026-08-10 14:09",8.48,8.5,8.48,8.5,0.02,+0.24%,0
"2026-08-10 14:10",8.49,8.51,8.49,8.49,-0.01,-0.12%,0
"2026-08-10 14:11",8.5,8.52,8.49,8.49,0,0.00%,0
"2026-08-10 14:12",8.48,8.5,8.48,8.5,0.01,+0.12%,0
"2026-08-10 14:13",8.47,8.49,8.47,8.49,-0.01,-0.12%,0
"2026-08-10 14:14",8.49,8.51,8.49,8.51,0.02,+0.24%,0
"2026-08-10 14:15",8.51,8.53,8.51,8.53,0.02,+0.24%,0
"2026-08-10 14:16",8.53,8.57,8.53,8.57,0.04,+0.47%,0
"2026-08-10 14:17",8.56,8.58,8.56,8.57,0,0.00%,0
"2026-08-10 14:18",8.57,8.57,8.56,8.56,-0.01,-0.12%,0
"2026-08-10 14:19",8.57,8.57,8.56,8.56,0,0.00%,0
"2026-08-10 14:20",8.58,8.59,8.58,8.58,0.02,+0.23%,0
"2026-08-10 14:21",8.58,8.58,8.57,8.58,0,0.00%,0
"2026-08-10 14:22",8.57,8.59,8.56,8.57,-0.01,-0.12%,0
"2026-08-10 14:23",8.58,8.59,8.57,8.57,0,0.00%,0
"2026-08-10 14:24",8.57,8.59,8.57,8.59,0.02,+0.23%,0
"2026-08-10 14:25",8.6,8.61,8.6,8.6,0.01,+0.12%,0
"2026-08-10 14:26",8.59,8.62,8.59,8.62,0.02,+0.23%,0
"2026-08-10 14:27",8.63,8.65,8.63,8.65,0.03,+0.35%,0
"2026-08-10 14:28",8.65,8.65,8.64,8.65,0,0.00%,0
"2026-08-10 14:29",8.64,8.66,8.64,8.65,0,0.00%,0
"2026-08-10 14:30",8.65,8.68,8.65,8.65,0,0.00%,0
"2026-08-10 14:31",8.64,8.65,8.63,8.63,-0.02,-0.23%,0
"2026-08-10 14:32",8.62,8.64,8.62,8.62,-0.01,-0.12%,0
"2026-08-10 14:33",8.63,8.67,8.63,8.67,0.05,+0.58%,0
"2026-08-10 14:34",8.66,8.68,8.66,8.67,0,0.00%,0
"2026-08-10 14:35",8.66,8.66,8.62,8.62,-0.05,-0.58%,0
"2026-08-10 14:36",8.64,8.67,8.64,8.67,0.05,+0.58%,0
"2026-08-10 14:37",8.68,8.72,8.68,8.72,0.05,+0.58%,0
"2026-08-10 14:38",8.72,8.73,8.72,8.72,0,0.00%,0
"2026-08-10 14:39",8.71,8.72,8.71,8.71,-0.01,-0.11%,0
"2026-08-10 14:40",8.69,8.71,8.69,8.71,0,0.00%,0
"2026-08-10 14:41",8.7,8.71,8.69,8.69,-0.02,-0.23%,0
"2026-08-10 14:42",8.69,8.7,8.68,8.68,-0.01,-0.12%,0
"2026-08-10 14:43",8.66,8.72,8.66,8.72,0.04,+0.46%,0
"2026-08-10 14:44",8.73,8.74,8.73,8.73,0.01,+0.11%,0
"2026-08-10 14:45",8.73,8.73,8.72,8.73,0,0.00%,0
"2026-08-10 14:46",8.72,8.74,8.72,8.73,0,0.00%,0
"2026-08-10 14:47",8.75,8.76,8.75,8.76,0.03,+0.34%,0
"2026-08-10 14:48",8.76,8.78,8.76,8.78,0.02,+0.23%,0
"2026-08-10 14:49",8.77,8.8,8.77,8.78,0,0.00%,0
"2026-08-10 14:50",8.76,8.76,8.7,8.7,-0.08,-0.91%,0
"2026-08-10 14:51",8.71,8.73,8.71,8.73,0.03,+0.34%,0
"2026-08-10 14:52",8.74,8.74,8.73,8.73,0,0.00%,0
"2026-08-10 14:53",8.72,8.74,8.72,8.73,0,0.00%,0
"2026-08-10 14:54",8.73,8.74,8.72,8.72,-0.01,-0.11%,0
"2026-08-10 14:55",8.73,8.75,8.73,8.75,0.03,+0.34%,0
"2026-08-10 14:56",8.76,8.79,8.76,8.79,0.04,+0.46%,0
"2026-08-10 14:57",8.78,8.78,8.76,8.77,-0.02,-0.23%,0
"2026-08-10 14:58",8.76,8.78,8.76,8.77,0,0.00%,0
"2026-08-10 14:59",8.76,8.78,8.76,8.78,0.01,+0.11%,0
"2026-08-10 15:00",8.78,8.79,8.76,8.76,-0.02,-0.23%,0
"2026-08-10 15:01",8.77,8.78,8.76,8.78,0.02,+0.23%,0
"2026-08-10 15:02",8.77,8.77,8.75,8.76,-0.02,-0.23%,0
"2026-08-10 15:03",8.78,8.78,8.77,8.78,0.02,+0.23%,0
"2026-08-10 15:04",8.78,8.79,8.78,8.79,0.01,+0.11%,0
"2026-08-10 15:05",8.8,8.81,8.8,8.81,0.02,+0.23%,0
"2026-08-10 15:06",8.81,8.81,8.8,8.8,-0.01,-0.11%,0
"2026-08-10 15:07",8.8,8.82,8.8,8.81,0.01,+0.11%,0
"2026-08-10 15:08",8.81,8.82,8.8,8.8,-0.01,-0.11%,0
"2026-08-10 15:09",8.79,8.81,8.79,8.81,0.01,+0.11%,0
"2026-08-10 15:10",8.8,8.83,8.8,8.83,0.02,+0.23%,0
"2026-08-10 15:11",8.83,8.86,8.83,8.86,0.03,+0.34%,0
"2026-08-10 15:12",8.86,8.89,8.86,8.89,0.03,+0.34%,0
"2026-08-10 15:13",8.9,8.92,8.9,8.91,0.02,+0.22%,0
"2026-08-10 15:14",8.91,8.93,8.89,8.89,-0.02,-0.22%,0
"2026-08-10 15:15",8.9,8.91,8.9,8.91,0.02,+0.22%,0
"2026-08-10 15:16",8.91,8.93,8.91,8.93,0.02,+0.22%,0
"2026-08-10 15:17",8.93,8.94,8.93,8.93,0,0.00%,0
"2026-08-10 15:18",8.92,8.92,8.91,8.92,-0.01,-0.11%,0
"2026-08-10 15:19",8.92,8.95,8.92,8.95,0.03,+0.34%,0
"2026-08-10 15:20",8.95,8.96,8.95,8.95,0,0.00%,0
"2026-08-10 15:21",8.95,8.97,8.95,8.97,0.02,+0.22%,0
"2026-08-10 15:22",8.97,8.98,8.97,8.98,0.01,+0.11%,0
"2026-08-10 15:23",8.99,8.99,8.98,8.98,0,0.00%,0
"2026-08-10 15:24",8.97,8.99,8.97,8.98,0,0.00%,0
"2026-08-10 15:25",8.97,9.01,8.97,9.01,0.03,+0.33%,0
"2026-08-10 15:26",9.02,9.02,9.01,9.02,0.01,+0.11%,0
"2026-08-10 15:27",9.02,9.05,9.02,9.05,0.03,+0.33%,0
"2026-08-10 15:28",9.08,9.08,9.08,9.08,0.03,+0.33%,0
"2026-08-10 15:29",9.08,9.11,9.08,9.11,0.03,+0.33%,0
"2026-08-10 15:30",9.11,9.13,9.1,9.1,-0.01,-0.11%,0
"2026-08-10 15:31",9.1,9.11,9.1,9.11,0.01,+0.11%,0
"2026-08-10 15:32",9.11,9.16,9.11,9.16,0.05,+0.55%,0
"2026-08-10 15:33",9.14,9.16,9.14,9.14,-0.02,-0.22%,0
"2026-08-10 15:34",9.13,9.15,9.12,9.12,-0.02,-0.22%,0
"2026-08-10 15:35",9.14,9.17,9.14,9.17,0.05,+0.55%,0
"2026-08-10 15:36",9.17,9.18,9.16,9.16,-0.01,-0.11%,0
"2026-08-10 15:37",9.17,9.18,9.17,9.18,0.02,+0.22%,0
"2026-08-10 15:38",9.18,9.18,9.16,9.16,-0.02,-0.22%,0
"2026-08-10 15:39",9.14,9.14,9.1,9.1,-0.06,-0.66%,0
"2026-08-10 15:40",9.11,9.14,9.11,9.12,0.02,+0.22%,0
"2026-08-10 15:41",9.1,9.12,9.1,9.12,0,0.00%,0
"2026-08-10 15:42",9.13,9.15,9.13,9.14,0.02,+0.22%,0
"2026-08-10 15:43",9.15,9.18,9.15,9.18,0.04,+0.44%,0
"2026-08-10 15:44",9.18,9.22,9.18,9.22,0.04,+0.44%,0
"2026-08-10 15:45",9.23,9.25,9.21,9.25,0.03,+0.33%,0
"2026-08-10 15:46",9.27,9.31,9.27,9.31,0.06,+0.65%,0
"2026-08-10 15:47",9.33,9.33,9.31,9.32,0.01,+0.11%,0
"2026-08-10 15:48",9.33,9.37,9.33,9.34,0.02,+0.21%,0
"2026-08-10 15:49",9.34,9.34,9.29,9.29,-0.05,-0.54%,0
"2026-08-10 15:50",9.29,9.35,9.29,9.31,0.02,+0.22%,0
"2026-08-10 15:51",9.33,9.37,9.33,9.37,0.06,+0.64%,0
"2026-08-10 15:52",9.4,9.4,9.39,9.4,0.03,+0.32%,0
"2026-08-10 15:53",9.4,9.4,9.33,9.33,-0.07,-0.74%,0
"2026-08-10 15:54",9.35,9.35,9.33,9.35,0.02,+0.21%,0
"2026-08-10 15:55",9.35,9.35,9.26,9.27,-0.08,-0.86%,0
"2026-08-10 15:56",9.25,9.25,9.19,9.19,-0.08,-0.86%,0
"2026-08-10 15:57",9.17,9.17,9.15,9.15,-0.04,-0.44%,0
"2026-08-10 15:58",9.16,9.17,9.13,9.16,0.01,+0.11%,0
"2026-08-10 15:59",9.14,9.18,9.12,9.12,-0.04,-0.44%,0
"2026-08-10 16:00",9.08,9.21,9.08,9.1,-0.02,-0.22%,0
"2026-08-10 16:01",9.09,9.16,9.09,9.16,0.06,+0.66%,0
"2026-08-10 16:02",9.22,9.22,9.18,9.18,0.02,+0.22%,0
"2026-08-10 16:03",9.17,9.2,9.17,9.19,0.01,+0.11%,0
"2026-08-10 16:04",9.18,9.18,9.15,9.18,-0.01,-0.11%,0
"2026-08-10 16:05",9.18,9.21,9.17,9.21,0.03,+0.33%,0
"2026-08-10 16:06",9.2,9.2,9.18,9.18,-0.03,-0.33%,0
"2026-08-10 16:07",9.18,9.2,9.18,9.19,0.01,+0.11%,0
"2026-08-10 16:08",9.19,9.22,9.19,9.22,0.03,+0.33%,0
"2026-08-10 16:09",9.22,9.24,9.21,9.21,-0.01,-0.11%,0
"2026-08-10 16:10",9.21,9.22,9.21,9.21,0,0.00%,0
"2026-08-10 16:11",9.24,9.24,9.23,9.24,0.03,+0.33%,0
"2026-08-10 16:12",9.25,9.25,9.22,9.24,0,0.00%,0
"2026-08-10 16:13",9.25,9.25,9.22,9.22,-0.02,-0.22%,0
"2026-08-10 16:14",9.32,9.34,9.32,9.32,0.1,+1.08%,0
"2026-08-10 16:15",9.34,9.34,9.34,9.34,0.02,+0.21%,0
"2026-08-11 09:31",7.52,7.65,7.52,7.56,-1.78,-19.06%,0
"2026-08-11 09:32",7.45,7.56,7.39,7.51,-0.05,-0.66%,0
"2026-08-11 09:33",7.51,7.51,7.46,7.51,0,0.00%,0
"2026-08-11 09:34",7.49,7.49,7.38,7.38,-0.13,-1.73%,0
"2026-08-11 09:35",7.35,7.56,7.35,7.56,0.18,+2.44%,0
"2026-08-11 09:36",7.66,7.66,7.49,7.49,-0.07,-0.93%,0
"2026-08-11 09:37",7.53,7.54,7.44,7.44,-0.05,-0.67%,0
"2026-08-11 09:38",7.5,7.69,7.5,7.68,0.24,+3.23%,0
"2026-08-11 09:39",7.64,7.7,7.64,7.66,-0.02,-0.26%,0
"2026-08-11 09:40",7.57,7.57,7.45,7.45,-0.21,-2.74%,0
"2026-08-11 09:41",7.37,7.42,7.35,7.35,-0.1,-1.34%,0
"2026-08-11 09:42",7.29,7.35,7.26,7.35,0,0.00%,0
"2026-08-11 09:43",7.28,7.28,7.24,7.24,-0.11,-1.50%,0
"2026-08-11 09:44",7.27,7.31,7.27,7.28,0.04,+0.55%,0
"2026-08-11 09:45",7.3,7.37,7.28,7.37,0.09,+1.24%,0
"2026-08-11 09:46",7.47,7.71,7.47,7.56,0.19,+2.58%,0
"2026-08-11 09:47",7.57,7.7,7.57,7.7,0.14,+1.85%,0
"2026-08-11 09:48",7.65,7.66,7.6,7.61,-0.09,-1.17%,0
"2026-08-11 09:49",7.57,7.64,7.5,7.5,-0.11,-1.45%,0
"2026-08-11 09:50",7.56,7.56,7.48,7.53,0.03,+0.40%,0
"2026-08-11 09:51",7.67,7.68,7.62,7.62,0.09,+1.20%,0
"2026-08-11 09:52",7.56,7.58,7.53,7.53,-0.09,-1.18%,0
"2026-08-11 09:53",7.42,7.52,7.42,7.51,-0.02,-0.27%,0
"2026-08-11 09:54",7.46,7.5,7.46,7.5,-0.01,-0.13%,0
"2026-08-11 09:55",7.49,7.53,7.47,7.47,-0.03,-0.40%,0
"2026-08-11 09:56",7.45,7.45,7.37,7.37,-0.1,-1.34%,0
"2026-08-11 09:57",7.34,7.35,7.27,7.27,-0.1,-1.36%,0
"2026-08-11 09:58",7.27,7.32,7.27,7.27,0,0.00%,0
"2026-08-11 09:59",7.27,7.27,7.15,7.15,-0.12,-1.65%,0
"2026-08-11 10:00",7.11,7.15,7.07,7.07,-0.08,-1.12%,0
"2026-08-11 10:01",7.11,7.14,7.11,7.14,0.07,+0.99%,0
"2026-08-11 10:02",7.12,7.18,7.12,7.16,0.02,+0.28%,0
"2026-08-11 10:03",7.15,7.2,7.15,7.17,0.01,+0.14%,0
"2026-08-11 10:04",7.15,7.16,7.13,7.15,-0.02,-0.28%,0
"2026-08-11 10:05",7.13,7.18,7.13,7.18,0.03,+0.42%,0
"2026-08-11 10:06",7.13,7.16,7.13,7.13,-0.05,-0.70%,0
"2026-08-11 10:07",7.12,7.21,7.12,7.18,0.05,+0.70%,0
"2026-08-11 10:08",7.15,7.22,7.15,7.17,-0.01,-0.14%,0
"2026-08-11 10:09",7.17,7.17,7.15,7.16,-0.01,-0.14%,0
"2026-08-11 10:10",7.13,7.14,7.12,7.14,-0.02,-0.28%,0
"2026-08-11 10:11",7.16,7.2,7.16,7.2,0.06,+0.84%,0
"2026-08-11 10:12",7.17,7.21,7.17,7.18,-0.02,-0.28%,0
"2026-08-11 10:13",7.19,7.21,7.19,7.19,0.01,+0.14%,0
"2026-08-11 10:14",7.17,7.17,7.14,7.15,-0.04,-0.56%,0
"2026-08-11 10:15",7.13,7.15,7.09,7.09,-0.06,-0.84%,0
"2026-08-11 10:16",7.09,7.12,7.09,7.11,0.02,+0.28%,0
"2026-08-11 10:17",7.12,7.16,7.12,7.12,0.01,+0.14%,0
"2026-08-11 10:18",7.22,7.3,7.22,7.23,0.11,+1.54%,0
"2026-08-11 10:19",7.2,7.2,7.15,7.17,-0.06,-0.83%,0
"2026-08-11 10:20",7.17,7.17,7.14,7.14,-0.03,-0.42%,0
"2026-08-11 10:21",7.15,7.2,7.15,7.19,0.05,+0.70%,0
"2026-08-11 10:22",7.17,7.19,7.17,7.19,0,0.00%,0
"2026-08-11 10:23",7.24,7.24,7.21,7.21,0.02,+0.28%,0
"2026-08-11 10:24",7.25,7.27,7.25,7.26,0.05,+0.69%,0
"2026-08-11 10:25",7.27,7.3,7.26,7.26,0,0.00%,0
"2026-08-11 10:26",7.25,7.27,7.25,7.25,-0.01,-0.14%,0
"2026-08-11 10:27",7.23,7.27,7.22,7.25,0,0.00%,0
"2026-08-11 10:28",7.25,7.25,7.22,7.22,-0.03,-0.41%,0
"2026-08-11 10:29",7.19,7.25,7.19,7.22,0,0.00%,0
"2026-08-11 10:30",7.21,7.26,7.21,7.25,0.03,+0.42%,0
"2026-08-11 10:31",7.27,7.3,7.27,7.3,0.05,+0.69%,0
"2026-08-11 10:32",7.28,7.28,7.25,7.25,-0.05,-0.68%,0
"2026-08-11 10:33",7.25,7.25,7.23,7.25,0,0.00%,0
"2026-08-11 10:34",7.24,7.28,7.24,7.28,0.03,+0.41%,0
"2026-08-11 10:35",7.24,7.28,7.24,7.25,-0.03,-0.41%,0
"2026-08-11 10:36",7.26,7.29,7.26,7.28,0.03,+0.41%,0
"2026-08-11 10:37",7.28,7.34,7.28,7.34,0.06,+0.82%,0
"2026-08-11 10:38",7.39,7.47,7.39,7.44,0.1,+1.36%,0
"2026-08-11 10:39",7.41,7.42,7.4,7.4,-0.04,-0.54%,0
"2026-08-11 10:40",7.41,7.41,7.38,7.41,0.01,+0.14%,0
"2026-08-11 10:41",7.37,7.39,7.32,7.32,-0.09,-1.21%,0
"2026-08-11 10:42",7.32,7.41,7.32,7.37,0.05,+0.68%,0
"2026-08-11 10:43",7.34,7.37,7.34,7.35,-0.02,-0.27%,0
"2026-08-11 10:44",7.35,7.4,7.35,7.37,0.02,+0.27%,0
"2026-08-11 10:45",7.37,7.37,7.31,7.31,-0.06,-0.81%,0
"2026-08-11 10:46",7.29,7.36,7.29,7.34,0.03,+0.41%,0
"2026-08-11 10:47",7.34,7.39,7.34,7.37,0.03,+0.41%,0
"2026-08-11 10:48",7.34,7.34,7.32,7.32,-0.05,-0.68%,0
"2026-08-11 10:49",7.32,7.37,7.32,7.36,0.04,+0.55%,0
"2026-08-11 10:50",7.36,7.45,7.36,7.45,0.09,+1.22%,0
"2026-08-11 10:51",7.45,7.46,7.39,7.39,-0.06,-0.81%,0
"2026-08-11 10:52",7.39,7.41,7.39,7.41,0.02,+0.27%,0
"2026-08-11 10:53",7.4,7.43,7.4,7.43,0.02,+0.27%,0
"2026-08-11 10:54",7.46,7.47,7.44,7.44,0.01,+0.13%,0
"2026-08-11 10:55",7.43,7.48,7.43,7.46,0.02,+0.27%,0
"2026-08-11 10:56",7.5,7.54,7.5,7.54,0.08,+1.07%,0
"2026-08-11 10:57",7.54,7.54,7.51,7.51,-0.03,-0.40%,0
"2026-08-11 10:58",7.51,7.54,7.51,7.54,0.03,+0.40%,0
"2026-08-11 10:59",7.54,7.57,7.54,7.57,0.03,+0.40%,0
"2026-08-11 11:00",7.54,7.54,7.53,7.54,-0.03,-0.40%,0
"2026-08-11 11:01",7.53,7.54,7.52,7.54,0,0.00%,0
"2026-08-11 11:02",7.52,7.56,7.52,7.56,0.02,+0.27%,0
"2026-08-11 11:03",7.57,7.59,7.57,7.59,0.03,+0.40%,0
"2026-08-11 11:04",7.59,7.64,7.59,7.62,0.03,+0.40%,0
"2026-08-11 11:05",7.6,7.66,7.6,7.65,0.03,+0.39%,0
"2026-08-11 11:06",7.66,7.74,7.66,7.73,0.08,+1.05%,0
"2026-08-11 11:07",7.72,7.77,7.72,7.77,0.04,+0.52%,0
"2026-08-11 11:08",7.76,7.81,7.76,7.81,0.04,+0.51%,0
"2026-08-11 11:09",7.77,7.84,7.77,7.84,0.03,+0.38%,0
"2026-08-11 11:10",7.82,7.84,7.82,7.84,0,0.00%,0
"2026-08-11 11:11",7.84,7.88,7.84,7.88,0.04,+0.51%,0
"2026-08-11 11:12",7.87,7.87,7.82,7.82,-0.06,-0.76%,0
"2026-08-11 11:13",7.85,7.91,7.85,7.91,0.09,+1.15%,0
"2026-08-11 11:14",7.95,7.98,7.93,7.93,0.02,+0.25%,0
"2026-08-11 11:15",7.96,8.04,7.96,8,0.07,+0.88%,0
"2026-08-11 11:16",7.99,8.02,7.99,8.02,0.02,+0.25%,0
"2026-08-11 11:17",8.03,8.06,8.03,8.06,0.04,+0.50%,0
"2026-08-11 11:18",8.06,8.17,8.06,8.17,0.11,+1.36%,0
"2026-08-11 11:19",8.2,8.2,8.08,8.08,-0.09,-1.10%,0
"2026-08-11 11:20",8.1,8.11,8.1,8.11,0.03,+0.37%,0
"2026-08-11 11:21",8.08,8.1,8.07,8.07,-0.04,-0.49%,0
"2026-08-11 11:22",8.03,8.07,8.03,8.03,-0.04,-0.50%,0
"2026-08-11 11:23",8.04,8.09,8.04,8.07,0.04,+0.50%,0
"2026-08-11 11:24",8.08,8.14,8.08,8.14,0.07,+0.87%,0
"2026-08-11 11:25",8.15,8.19,8.15,8.19,0.05,+0.61%,0
"2026-08-11 11:26",8.14,8.15,8.14,8.14,-0.05,-0.61%,0
"2026-08-11 11:27",8.12,8.18,8.12,8.18,0.04,+0.49%,0
"2026-08-11 11:28",8.19,8.2,8.18,8.2,0.02,+0.24%,0
"2026-08-11 11:29",8.2,8.22,8.2,8.2,0,0.00%,0
"2026-08-11 11:30",8.23,8.24,8.23,8.24,0.04,+0.49%,0
"2026-08-11 11:31",8.22,8.26,8.22,8.26,0.02,+0.24%,0
"2026-08-11 11:32",8.26,8.31,8.26,8.29,0.03,+0.36%,0
"2026-08-11 11:33",8.25,8.29,8.25,8.29,0,0.00%,0
"2026-08-11 11:34",8.31,8.49,8.31,8.49,0.2,+2.41%,0
"2026-08-11 11:35",8.56,8.56,8.51,8.55,0.06,+0.71%,0
"2026-08-11 11:36",8.57,8.68,8.56,8.56,0.01,+0.12%,0
"2026-08-11 11:37",8.58,8.67,8.58,8.67,0.11,+1.29%,0
"2026-08-11 11:38",8.62,8.66,8.62,8.66,-0.01,-0.12%,0
"2026-08-11 11:39",8.64,8.71,8.64,8.71,0.05,+0.58%,0
"2026-08-11 11:40",8.7,8.75,8.7,8.72,0.01,+0.11%,0
"2026-08-11 11:41",8.71,8.77,8.71,8.74,0.02,+0.23%,0
"2026-08-11 11:42",8.71,8.76,8.71,8.71,-0.03,-0.34%,0
"2026-08-11 11:43",8.64,8.67,8.63,8.67,-0.04,-0.46%,0
"2026-08-11 11:44",8.64,8.67,8.63,8.67,0,0.00%,0
"2026-08-11 11:45",8.62,8.69,8.62,8.68,0.01,+0.12%,0
"2026-08-11 11:46",8.68,8.72,8.68,8.69,0.01,+0.12%,0
"2026-08-11 11:47",8.73,8.75,8.73,8.75,0.06,+0.69%,0
"2026-08-11 11:48",8.76,8.78,8.76,8.76,0.01,+0.11%,0
"2026-08-11 11:49",8.76,8.78,8.75,8.75,-0.01,-0.11%,0
"2026-08-11 11:50",8.77,8.77,8.76,8.76,0.01,+0.11%,0
"2026-08-11 11:51",8.75,8.81,8.75,8.81,0.05,+0.57%,0
"2026-08-11 11:52",8.84,8.87,8.84,8.87,0.06,+0.68%,0
"2026-08-11 11:53",8.89,8.92,8.89,8.92,0.05,+0.56%,0
"2026-08-11 11:54",8.92,8.94,8.91,8.93,0.01,+0.11%,0
"2026-08-11 11:55",8.92,8.93,8.92,8.93,0,0.00%,0
"2026-08-11 11:56",8.95,8.95,8.94,8.95,0.02,+0.22%,0
"2026-08-11 11:57",8.94,8.96,8.94,8.96,0.01,+0.11%,0
"2026-08-11 11:58",8.97,8.98,8.96,8.96,0,0.00%,0
"2026-08-11 11:59",8.95,8.95,8.93,8.95,-0.01,-0.11%,0
"2026-08-11 12:00",8.94,8.94,8.87,8.87,-0.08,-0.89%,0
"2026-08-11 12:01",8.85,8.91,8.85,8.91,0.04,+0.45%,0
"2026-08-11 12:02",8.9,8.91,8.9,8.91,0,0.00%,0
"2026-08-11 12:03",8.89,8.95,8.89,8.95,0.04,+0.45%,0
"2026-08-11 12:04",8.98,9.02,8.98,9.01,0.06,+0.67%,0
"2026-08-11 12:05",9.01,9.02,8.96,8.96,-0.05,-0.55%,0
"2026-08-11 12:06",8.93,8.94,8.93,8.94,-0.02,-0.22%,0
"2026-08-11 12:07",8.94,8.98,8.94,8.98,0.04,+0.45%,0
"2026-08-11 12:08",9,9.02,9,9,0.02,+0.22%,0
"2026-08-11 12:09",9.02,9.06,9.02,9.04,0.04,+0.44%,0
"2026-08-11 12:10",9.04,9.07,9.04,9.06,0.02,+0.22%,0
"2026-08-11 12:11",9.05,9.12,9.05,9.12,0.06,+0.66%,0
"2026-08-11 12:12",9.13,9.13,9.07,9.09,-0.03,-0.33%,0
"2026-08-11 12:13",9.04,9.07,9.04,9.06,-0.03,-0.33%,0
"2026-08-11 12:14",9.07,9.1,9.05,9.1,0.04,+0.44%,0
"2026-08-11 12:15",9.13,9.13,9.1,9.1,0,0.00%,0
"2026-08-11 12:16",9.08,9.1,9.04,9.04,-0.06,-0.66%,0
"2026-08-11 12:17",9.04,9.05,9.03,9.04,0,0.00%,0
"2026-08-11 12:18",9.05,9.08,9.05,9.08,0.04,+0.44%,0
"2026-08-11 12:19",9.06,9.09,9.06,9.09,0.01,+0.11%,0
"2026-08-11 12:20",9.11,9.12,9.1,9.12,0.03,+0.33%,0
"2026-08-11 12:21",9.13,9.15,9.13,9.14,0.02,+0.22%,0
"2026-08-11 12:22",9.12,9.14,9.12,9.12,-0.02,-0.22%,0
"2026-08-11 12:23",9.12,9.16,9.12,9.14,0.02,+0.22%,0
"2026-08-11 12:24",9.15,9.28,9.15,9.28,0.14,+1.53%,0
"2026-08-11 12:25",9.3,9.44,9.3,9.35,0.07,+0.75%,0
"2026-08-11 12:26",9.28,9.33,9.25,9.25,-0.1,-1.07%,0
"2026-08-11 12:27",9.29,9.32,9.28,9.28,0.03,+0.32%,0
"2026-08-11 12:28",9.26,9.34,9.26,9.34,0.06,+0.65%,0
"2026-08-11 12:29",9.31,9.32,9.29,9.29,-0.05,-0.54%,0
"2026-08-11 12:30",9.3,9.3,9.29,9.3,0.01,+0.11%,0
"2026-08-11 12:31",9.28,9.39,9.28,9.39,0.09,+0.97%,0
"2026-08-11 12:32",9.41,9.43,9.4,9.4,0.01,+0.11%,0
"2026-08-11 12:33",9.45,9.45,9.42,9.42,0.02,+0.21%,0
"2026-08-11 12:34",9.42,9.42,9.38,9.38,-0.04,-0.42%,0
"2026-08-11 12:35",9.38,9.39,9.33,9.33,-0.05,-0.53%,0
"2026-08-11 12:36",9.34,9.36,9.34,9.36,0.03,+0.32%,0
"2026-08-11 12:37",9.37,9.37,9.34,9.36,0,0.00%,0
"2026-08-11 12:38",9.34,9.37,9.34,9.36,0,0.00%,0
"2026-08-11 12:39",9.36,9.38,9.36,9.38,0.02,+0.21%,0
"2026-08-11 12:40",9.37,9.44,9.37,9.43,0.05,+0.53%,0
"2026-08-11 12:41",9.42,9.46,9.42,9.45,0.02,+0.21%,0
"2026-08-11 12:42",9.45,9.47,9.45,9.46,0.01,+0.11%,0
"2026-08-11 12:43",9.46,9.47,9.46,9.46,0,0.00%,0
"2026-08-11 12:44",9.49,9.49,9.49,9.49,0.03,+0.32%,0
"2026-08-11 12:45",9.5,9.53,9.5,9.53,0.04,+0.42%,0
"2026-08-11 12:46",9.53,9.61,9.53,9.61,0.08,+0.84%,0
"2026-08-11 12:47",9.61,9.65,9.61,9.65,0.04,+0.42%,0
"2026-08-11 12:48",9.66,9.68,9.66,9.68,0.03,+0.31%,0
"2026-08-11 12:49",9.66,9.69,9.66,9.66,-0.02,-0.21%,0
"2026-08-11 12:50",9.66,9.68,9.66,9.68,0.02,+0.21%,0
"2026-08-11 12:51",9.69,9.7,9.68,9.68,0,0.00%,0
"2026-08-11 12:52",9.68,9.71,9.68,9.69,0.01,+0.10%,0
"2026-08-11 12:53",9.71,9.74,9.71,9.74,0.05,+0.52%,0
"2026-08-11 12:54",9.75,9.77,9.75,9.76,0.02,+0.21%,0
"2026-08-11 12:55",9.75,9.77,9.75,9.77,0.01,+0.10%,0
"2026-08-11 12:56",9.78,9.84,9.78,9.84,0.07,+0.72%,0
"2026-08-11 12:57",9.82,9.85,9.82,9.85,0.01,+0.10%,0
"2026-08-11 12:58",9.86,9.91,9.86,9.91,0.06,+0.61%,0
"2026-08-11 12:59",9.92,9.92,9.91,9.91,0,0.00%,0
"2026-08-11 13:00",9.91,9.97,9.91,9.97,0.06,+0.61%,0
"2026-08-11 13:01",9.95,9.96,9.92,9.92,-0.05,-0.50%,0
"2026-08-11 13:02",9.92,9.99,9.92,9.99,0.07,+0.71%,0
"2026-08-11 13:03",10.02,10.04,10.01,10.01,0.02,+0.20%,0
"2026-08-11 13:04",9.94,9.99,9.94,9.99,-0.02,-0.20%,0
"2026-08-11 13:05",10.04,10.07,10.02,10.02,0.03,+0.30%,0
"2026-08-11 13:06",10.06,10.06,10.01,10.01,-0.01,-0.10%,0
"2026-08-11 13:07",9.98,10.01,9.98,9.98,-0.03,-0.30%,0
"2026-08-11 13:08",9.98,9.98,9.97,9.98,0,0.00%,0
"2026-08-11 13:09",9.98,9.99,9.98,9.98,0,0.00%,0
"2026-08-11 13:10",9.98,10.04,9.98,10.04,0.06,+0.60%,0
"2026-08-11 13:11",10.03,10.14,10.03,10.13,0.09,+0.90%,0
"2026-08-11 13:12",10.14,10.22,10.14,10.22,0.09,+0.89%,0
"2026-08-11 13:13",10.22,10.28,10.22,10.28,0.06,+0.59%,0
"2026-08-11 13:14",10.25,10.26,10.23,10.26,-0.02,-0.19%,0
"2026-08-11 13:15",10.29,10.3,10.28,10.28,0.02,+0.19%,0
"2026-08-11 13:16",10.27,10.27,10.25,10.25,-0.03,-0.29%,0
"2026-08-11 13:17",10.25,10.25,10.12,10.12,-0.13,-1.27%,0
"2026-08-11 13:18",10.13,10.13,10.09,10.12,0,0.00%,0
"2026-08-11 13:19",10.11,10.14,10.08,10.1,-0.02,-0.20%,0
"2026-08-11 13:20",10.15,10.21,10.15,10.21,0.11,+1.09%,0
"2026-08-11 13:21",10.2,10.24,10.17,10.17,-0.04,-0.39%,0
"2026-08-11 13:22",10.16,10.2,10.16,10.2,0.03,+0.29%,0
"2026-08-11 13:23",10.2,10.24,10.2,10.24,0.04,+0.39%,0
"2026-08-11 13:24",10.23,10.24,10.23,10.24,0,0.00%,0
"2026-08-11 13:25",10.21,10.25,10.2,10.25,0.01,+0.10%,0
"2026-08-11 13:26",10.26,10.28,10.26,10.28,0.03,+0.29%,0
"2026-08-11 13:27",10.28,10.3,10.28,10.3,0.02,+0.19%,0
"2026-08-11 13:28",10.29,10.29,10.26,10.26,-0.04,-0.39%,0
"2026-08-11 13:29",10.26,10.27,10.25,10.25,-0.01,-0.10%,0
"2026-08-11 13:30",10.26,10.29,10.26,10.28,0.03,+0.29%,0
"2026-08-11 13:31",10.28,10.29,10.28,10.29,0.01,+0.10%,0
"2026-08-11 13:32",10.3,10.31,10.3,10.31,0.02,+0.19%,0
"2026-08-11 13:33",10.31,10.32,10.31,10.32,0.01,+0.10%,0
"2026-08-11 13:34",10.32,10.34,10.32,10.32,0,0.00%,0
"2026-08-11 13:35",10.31,10.31,10.25,10.25,-0.07,-0.68%,0
"2026-08-11 13:36",10.27,10.28,10.27,10.28,0.03,+0.29%,0
"2026-08-11 13:37",10.29,10.33,10.29,10.33,0.05,+0.49%,0
"2026-08-11 13:38",10.33,10.35,10.33,10.35,0.02,+0.19%,0
"2026-08-11 13:39",10.36,10.39,10.36,10.38,0.03,+0.29%,0
"2026-08-11 13:40",10.37,10.39,10.36,10.36,-0.02,-0.19%,0
"2026-08-11 13:41",10.36,10.39,10.33,10.33,-0.03,-0.29%,0
"2026-08-11 13:42",10.32,10.32,10.28,10.28,-0.05,-0.48%,0
"2026-08-11 13:43",10.27,10.27,10.25,10.27,-0.01,-0.10%,0
"2026-08-11 13:44",10.27,10.3,10.27,10.3,0.03,+0.29%,0
"2026-08-11 13:45",10.3,10.34,10.3,10.34,0.04,+0.39%,0
"2026-08-11 13:46",10.33,10.35,10.33,10.35,0.01,+0.10%,0
"2026-08-11 13:47",10.36,10.41,10.36,10.4,0.05,+0.48%,0
"2026-08-11 13:48",10.39,10.4,10.39,10.4,0,0.00%,0
"2026-08-11 13:49",10.41,10.43,10.41,10.43,0.03,+0.29%,0
"2026-08-11 13:50",10.43,10.45,10.43,10.45,0.02,+0.19%,0
"2026-08-11 13:51",10.44,10.46,10.44,10.45,0,0.00%,0
"2026-08-11 13:52",10.45,10.46,10.42,10.42,-0.03,-0.29%,0
"2026-08-11 13:53",10.41,10.43,10.41,10.42,0,0.00%,0
"2026-08-11 13:54",10.4,10.4,10.4,10.4,-0.02,-0.19%,0
"2026-08-11 13:55",10.39,10.41,10.39,10.4,0,0.00%,0
"2026-08-11 13:56",10.4,10.43,10.4,10.42,0.02,+0.19%,0
"2026-08-11 13:57",10.42,10.44,10.42,10.43,0.01,+0.10%,0
"2026-08-11 13:58",10.43,10.45,10.43,10.45,0.02,+0.19%,0
"2026-08-11 13:59",10.44,10.5,10.44,10.49,0.04,+0.38%,0
"2026-08-11 14:00",10.49,10.51,10.49,10.51,0.02,+0.19%,0
"2026-08-11 14:01",10.52,10.56,10.52,10.56,0.05,+0.48%,0
"2026-08-11 14:02",10.6,10.67,10.6,10.65,0.09,+0.85%,0
"2026-08-11 14:03",10.64,10.65,10.64,10.64,-0.01,-0.09%,0
"2026-08-11 14:04",10.59,10.62,10.59,10.6,-0.04,-0.38%,0
"2026-08-11 14:05",10.61,10.63,10.61,10.63,0.03,+0.28%,0
"2026-08-11 14:06",10.64,10.72,10.64,10.72,0.09,+0.85%,0
"2026-08-11 14:07",10.73,10.75,10.72,10.72,0,0.00%,0
"2026-08-11 14:08",10.71,10.75,10.71,10.75,0.03,+0.28%,0
"2026-08-11 14:09",10.72,10.73,10.71,10.73,-0.02,-0.19%,0
"2026-08-11 14:10",10.74,10.79,10.74,10.79,0.06,+0.56%,0
"2026-08-11 14:11",10.78,10.78,10.78,10.78,-0.01,-0.09%,0
"2026-08-11 14:12",10.76,10.78,10.76,10.78,0,0.00%,0
"2026-08-11 14:13",10.78,10.78,10.77,10.78,0,0.00%,0
"2026-08-11 14:14",10.78,10.79,10.78,10.78,0,0.00%,0
"2026-08-11 14:15",10.78,10.8,10.78,10.79,0.01,+0.09%,0
"2026-08-11 14:16",10.8,10.83,10.8,10.82,0.03,+0.28%,0
"2026-08-11 14:17",10.82,10.84,10.82,10.84,0.02,+0.18%,0
"2026-08-11 14:18",10.84,10.84,10.84,10.84,0,0.00%,0
"2026-08-11 14:19",10.85,10.85,10.84,10.85,0.01,+0.09%,0
"2026-08-11 14:20",10.85,10.89,10.85,10.89,0.04,+0.37%,0
"2026-08-11 14:21",10.9,10.95,10.9,10.95,0.06,+0.55%,0
"2026-08-11 14:22",10.95,10.97,10.95,10.97,0.02,+0.18%,0
"2026-08-11 14:23",10.97,11.01,10.97,11.01,0.04,+0.36%,0
"2026-08-11 14:24",11.02,11.03,10.96,10.96,-0.05,-0.45%,0
"2026-08-11 14:25",10.97,10.98,10.97,10.98,0.02,+0.18%,0
"2026-08-11 14:26",10.98,11.01,10.98,11.01,0.03,+0.27%,0
"2026-08-11 14:27",11.02,11.16,11.02,11.16,0.15,+1.36%,0
"2026-08-11 14:28",11.16,11.26,11.16,11.26,0.1,+0.90%,0
"2026-08-11 14:29",11.28,11.31,11.28,11.3,0.04,+0.36%,0
"2026-08-11 14:30",11.5,11.5,11.39,11.39,0.09,+0.80%,0
"2026-08-11 14:31",11.28,11.28,11.21,11.26,-0.13,-1.14%,0
"2026-08-11 14:32",11.27,11.31,11.27,11.28,0.02,+0.18%,0
"2026-08-11 14:33",11.27,11.28,11.25,11.25,-0.03,-0.27%,0
"2026-08-11 14:34",11.3,11.3,11.28,11.28,0.03,+0.27%,0
"2026-08-11 14:35",11.28,11.3,11.17,11.17,-0.11,-0.98%,0
"2026-08-11 14:36",11.18,11.19,11.18,11.18,0.01,+0.09%,0
"2026-08-11 14:37",11.13,11.13,11.06,11.08,-0.1,-0.89%,0
"2026-08-11 14:38",11.13,11.2,11.13,11.2,0.12,+1.08%,0
"2026-08-11 14:39",11.2,11.22,11.2,11.21,0.01,+0.09%,0
"2026-08-11 14:40",11.21,11.24,11.21,11.23,0.02,+0.18%,0
"2026-08-11 14:41",11.24,11.25,11.23,11.25,0.02,+0.18%,0
"2026-08-11 14:42",11.26,11.28,11.25,11.25,0,0.00%,0
"2026-08-11 14:43",11.24,11.25,11.24,11.25,0,0.00%,0
"2026-08-11 14:44",11.23,11.24,11.23,11.24,-0.01,-0.09%,0
"2026-08-11 14:45",11.27,11.28,11.27,11.27,0.03,+0.27%,0
"2026-08-11 14:46",11.26,11.28,11.26,11.26,-0.01,-0.09%,0
"2026-08-11 14:47",11.26,11.29,11.26,11.28,0.02,+0.18%,0
"2026-08-11 14:48",11.31,11.35,11.31,11.35,0.07,+0.62%,0
"2026-08-11 14:49",11.35,11.38,11.35,11.36,0.01,+0.09%,0
"2026-08-11 14:50",11.36,11.38,11.36,11.38,0.02,+0.18%,0
"2026-08-11 14:51",11.38,11.41,11.38,11.39,0.01,+0.09%,0
"2026-08-11 14:52",11.35,11.35,11.33,11.33,-0.06,-0.53%,0
"2026-08-11 14:53",11.32,11.33,11.31,11.33,0,0.00%,0
"2026-08-11 14:54",11.34,11.35,11.29,11.29,-0.04,-0.35%,0
"2026-08-11 14:55",11.3,11.31,11.3,11.31,0.02,+0.18%,0
"2026-08-11 14:56",11.31,11.34,11.31,11.33,0.02,+0.18%,0
"2026-08-11 14:57",11.35,11.36,11.34,11.34,0.01,+0.09%,0
"2026-08-11 14:58",11.33,11.36,11.33,11.36,0.02,+0.18%,0
"2026-08-11 14:59",11.35,11.39,11.35,11.39,0.03,+0.26%,0
"2026-08-11 15:00",11.4,11.45,11.4,11.45,0.06,+0.53%,0
"2026-08-11 15:01",11.43,11.44,11.42,11.44,-0.01,-0.09%,0
"2026-08-11 15:02",11.45,11.47,11.45,11.47,0.03,+0.26%,0
"2026-08-11 15:03",11.46,11.49,11.46,11.49,0.02,+0.17%,0
"2026-08-11 15:04",11.49,11.49,11.46,11.48,-0.01,-0.09%,0
"2026-08-11 15:05",11.49,11.54,11.49,11.54,0.06,+0.52%,0
"2026-08-11 15:06",11.54,11.57,11.54,11.57,0.03,+0.26%,0
"2026-08-11 15:07",11.6,11.65,11.6,11.65,0.08,+0.69%,0
"2026-08-11 15:08",11.69,11.72,11.68,11.69,0.04,+0.34%,0
"2026-08-11 15:09",11.67,11.67,11.63,11.63,-0.06,-0.51%,0
"2026-08-11 15:10",11.62,11.64,11.59,11.59,-0.04,-0.34%,0
"2026-08-11 15:11",11.58,11.6,11.58,11.58,-0.01,-0.09%,0
"2026-08-11 15:12",11.58,11.6,11.58,11.59,0.01,+0.09%,0
"2026-08-11 15:13",11.59,11.6,11.59,11.6,0.01,+0.09%,0
"2026-08-11 15:14",11.59,11.64,11.59,11.64,0.04,+0.34%,0
"2026-08-11 15:15",11.63,11.67,11.63,11.67,0.03,+0.26%,0
"2026-08-11 15:16",11.66,11.67,11.63,11.63,-0.04,-0.34%,0
"2026-08-11 15:17",11.64,11.66,11.64,11.66,0.03,+0.26%,0
"2026-08-11 15:18",11.66,11.68,11.66,11.67,0.01,+0.09%,0
"2026-08-11 15:19",11.65,11.65,11.64,11.64,-0.03,-0.26%,0
"2026-08-11 15:20",11.64,11.66,11.64,11.66,0.02,+0.17%,0
"2026-08-11 15:21",11.66,11.68,11.66,11.67,0.01,+0.09%,0
"2026-08-11 15:22",11.68,11.7,11.68,11.7,0.03,+0.26%,0
"2026-08-11 15:23",11.68,11.68,11.68,11.68,-0.02,-0.17%,0
"2026-08-11 15:24",11.69,11.76,11.69,11.74,0.06,+0.51%,0
"2026-08-11 15:25",11.74,11.74,11.72,11.74,0,0.00%,0
"2026-08-11 15:26",11.73,11.73,11.72,11.73,-0.01,-0.09%,0
"2026-08-11 15:27",11.77,11.8,11.77,11.78,0.05,+0.43%,0
"2026-08-11 15:28",11.78,11.8,11.78,11.79,0.01,+0.08%,0
"2026-08-11 15:29",11.78,11.78,11.77,11.78,-0.01,-0.08%,0
"2026-08-11 15:30",11.79,11.79,11.74,11.74,-0.04,-0.34%,0
"2026-08-11 15:31",11.76,11.81,11.76,11.8,0.06,+0.51%,0
"2026-08-11 15:32",11.83,11.86,11.83,11.84,0.04,+0.34%,0
"2026-08-11 15:33",11.85,11.85,11.83,11.83,-0.01,-0.08%,0
"2026-08-11 15:34",11.82,11.82,11.79,11.81,-0.02,-0.17%,0
"2026-08-11 15:35",11.8,11.83,11.8,11.83,0.02,+0.17%,0
"2026-08-11 15:36",11.83,11.85,11.83,11.85,0.02,+0.17%,0
"2026-08-11 15:37",11.81,11.83,11.81,11.81,-0.04,-0.34%,0
"2026-08-11 15:38",11.83,11.84,11.83,11.84,0.03,+0.25%,0
"2026-08-11 15:39",11.81,11.81,11.81,11.81,-0.03,-0.25%,0
"2026-08-11 15:40",11.8,11.8,11.8,11.8,-0.01,-0.08%,0
"2026-08-11 15:41",11.79,11.8,11.79,11.79,-0.01,-0.08%,0
"2026-08-11 15:42",11.78,11.81,11.78,11.79,0,0.00%,0
"2026-08-11 15:43",11.79,11.79,11.77,11.78,-0.01,-0.08%,0
"2026-08-11 15:44",11.78,11.82,11.78,11.82,0.04,+0.34%,0
"2026-08-11 15:45",11.84,11.92,11.84,11.92,0.1,+0.85%,0
"2026-08-11 15:46",11.94,11.98,11.94,11.97,0.05,+0.42%,0
"2026-08-11 15:47",11.93,12,11.93,12,0.03,+0.25%,0
"2026-08-11 15:48",12.01,12.02,12.01,12.02,0.02,+0.17%,0
"2026-08-11 15:49",12.01,12.05,12.01,12.05,0.03,+0.25%,0
"2026-08-11 15:50",12.03,12.13,12.03,12.13,0.08,+0.66%,0
"2026-08-11 15:51",12.14,12.19,12.1,12.1,-0.03,-0.25%,0
"2026-08-11 15:52",12.12,12.14,12.12,12.14,0.04,+0.33%,0
"2026-08-11 15:53",12.2,12.22,12.2,12.22,0.08,+0.66%,0
"2026-08-11 15:54",12.27,12.3,12.21,12.21,-0.01,-0.08%,0
"2026-08-11 15:55",12.12,12.15,12.12,12.13,-0.08,-0.66%,0
"2026-08-11 15:56",12.07,12.08,12.04,12.07,-0.06,-0.49%,0
"2026-08-11 15:57",12.07,12.13,12.07,12.13,0.06,+0.50%,0
"2026-08-11 15:58",12.15,12.19,12.15,12.15,0.02,+0.16%,0
"2026-08-11 15:59",12.14,12.16,12.04,12.04,-0.11,-0.91%,0
"2026-08-11 16:00",11.9,11.9,11.8,11.84,-0.2,-1.66%,0
"2026-08-11 16:01",11.85,12.01,11.85,12.01,0.17,+1.44%,0
"2026-08-11 16:02",12.03,12.29,12.03,12.29,0.28,+2.33%,0
"2026-08-11 16:03",12.3,12.43,12.3,12.43,0.14,+1.14%,0
"2026-08-11 16:04",12.44,12.5,12.44,12.5,0.07,+0.56%,0
"2026-08-11 16:05",12.52,12.54,12.52,12.53,0.03,+0.24%,0
"2026-08-11 16:06",12.55,12.55,12.45,12.45,-0.08,-0.64%,0
"2026-08-11 16:07",12.44,12.47,12.44,12.45,0,0.00%,0
"2026-08-11 16:08",12.47,12.48,12.47,12.48,0.03,+0.24%,0
"2026-08-11 16:09",12.49,12.51,12.49,12.5,0.02,+0.16%,0
"2026-08-11 16:10",12.51,12.55,12.51,12.55,0.05,+0.40%,0
"2026-08-11 16:11",12.54,12.58,12.54,12.58,0.03,+0.24%,0
"2026-08-11 16:12",12.58,12.59,12.58,12.59,0.01,+0.08%,0
"2026-08-11 16:13",12.58,12.63,12.58,12.6,0.01,+0.08%,0
"2026-08-11 16:14",12.6,12.62,12.55,12.56,-0.04,-0.32%,0
"2026-08-11 16:15",12.52,12.52,12.52,12.52,-0.04,-0.32%,0
"2026-08-12 09:31",8.82,9.1,8.82,9.08,-3.44,-27.48%,0
"2026-08-12 09:32",8.95,8.95,8.74,8.74,-0.34,-3.74%,0
"2026-08-12 09:33",8.77,8.81,8.63,8.63,-0.11,-1.26%,0
"2026-08-12 09:34",8.7,8.72,8.61,8.61,-0.02,-0.23%,0
"2026-08-12 09:35",8.65,8.65,8.59,8.6,-0.01,-0.12%,0
"2026-08-12 09:36",8.56,8.56,8.53,8.53,-0.07,-0.81%,0
"2026-08-12 09:37",8.51,8.55,8.5,8.51,-0.02,-0.23%,0
"2026-08-12 09:38",8.54,8.61,8.49,8.61,0.1,+1.18%,0
"2026-08-12 09:39",8.56,8.57,8.55,8.55,-0.06,-0.70%,0
"2026-08-12 09:40",8.51,8.68,8.51,8.58,0.03,+0.35%,0
"2026-08-12 09:41",8.57,8.57,8.43,8.43,-0.15,-1.75%,0
"2026-08-12 09:42",8.4,8.46,8.39,8.39,-0.04,-0.47%,0
"2026-08-12 09:43",8.36,8.38,8.34,8.34,-0.05,-0.60%,0
"2026-08-12 09:44",8.32,8.36,8.32,8.35,0.01,+0.12%,0
"2026-08-12 09:45",8.3,8.34,8.3,8.32,-0.03,-0.36%,0
"2026-08-12 09:46",8.34,8.4,8.34,8.39,0.07,+0.84%,0
"2026-08-12 09:47",8.37,8.37,8.24,8.24,-0.15,-1.79%,0
"2026-08-12 09:48",8.23,8.23,8.18,8.18,-0.06,-0.73%,0
"2026-08-12 09:49",8.18,8.21,8.18,8.19,0.01,+0.12%,0
"2026-08-12 09:50",8.15,8.15,8.08,8.08,-0.11,-1.34%,0
"2026-08-12 09:51",8.05,8.2,8.05,8.2,0.12,+1.49%,0
"2026-08-12 09:52",8.17,8.31,8.17,8.31,0.11,+1.34%,0
"2026-08-12 09:53",8.28,8.29,8.26,8.26,-0.05,-0.60%,0
"2026-08-12 09:54",8.18,8.29,8.16,8.29,0.03,+0.36%,0
"2026-08-12 09:55",8.27,8.28,8.26,8.26,-0.03,-0.36%,0
"2026-08-12 09:56",8.23,8.36,8.23,8.36,0.1,+1.21%,0
"2026-08-12 09:57",8.36,8.36,8.22,8.22,-0.14,-1.67%,0
"2026-08-12 09:58",8.21,8.21,8.1,8.1,-0.12,-1.46%,0
"2026-08-12 09:59",8.13,8.14,8.11,8.14,0.04,+0.49%,0
"2026-08-12 10:00",8.11,8.22,8.11,8.2,0.06,+0.74%,0
"2026-08-12 10:01",8.16,8.18,8.14,8.14,-0.06,-0.73%,0
"2026-08-12 10:02",8.16,8.22,8.16,8.22,0.08,+0.98%,0
"2026-08-12 10:03",8.21,8.25,8.21,8.23,0.01,+0.12%,0
"2026-08-12 10:04",8.26,8.26,8.24,8.24,0.01,+0.12%,0
"2026-08-12 10:05",8.29,8.29,8.16,8.16,-0.08,-0.97%,0
"2026-08-12 10:06",8.16,8.16,8.12,8.13,-0.03,-0.37%,0
"2026-08-12 10:07",8.12,8.13,8.09,8.09,-0.04,-0.49%,0
"2026-08-12 10:08",8.08,8.11,8.06,8.06,-0.03,-0.37%,0
"2026-08-12 10:09",8.03,8.03,8,8.03,-0.03,-0.37%,0
"2026-08-12 10:10",8.04,8.04,7.99,7.99,-0.04,-0.50%,0
"2026-08-12 10:11",7.91,7.94,7.89,7.9,-0.09,-1.13%,0
"2026-08-12 10:12",7.94,7.94,7.9,7.9,0,0.00%,0
"2026-08-12 10:13",7.87,7.95,7.87,7.89,-0.01,-0.13%,0
"2026-08-12 10:14",7.86,7.87,7.84,7.86,-0.03,-0.38%,0
"2026-08-12 10:15",7.86,7.86,7.81,7.81,-0.05,-0.64%,0
"2026-08-12 10:16",7.81,7.85,7.79,7.79,-0.02,-0.26%,0
"2026-08-12 10:17",7.8,7.8,7.76,7.76,-0.03,-0.39%,0
"2026-08-12 10:18",7.74,7.76,7.73,7.73,-0.03,-0.39%,0
"2026-08-12 10:19",7.67,7.77,7.67,7.77,0.04,+0.52%,0
"2026-08-12 10:20",7.84,7.98,7.84,7.98,0.21,+2.70%,0
"2026-08-12 10:21",7.89,7.89,7.83,7.83,-0.15,-1.88%,0
"2026-08-12 10:22",7.81,7.81,7.75,7.75,-0.08,-1.02%,0
"2026-08-12 10:23",7.77,7.77,7.74,7.74,-0.01,-0.13%,0
"2026-08-12 10:24",7.69,7.72,7.69,7.71,-0.03,-0.39%,0
"2026-08-12 10:25",7.71,7.76,7.71,7.72,0.01,+0.13%,0
"2026-08-12 10:26",7.72,7.73,7.65,7.65,-0.07,-0.91%,0
"2026-08-12 10:27",7.65,7.68,7.65,7.67,0.02,+0.26%,0
"2026-08-12 10:28",7.65,7.67,7.63,7.66,-0.01,-0.13%,0
"2026-08-12 10:29",7.66,7.78,7.66,7.78,0.12,+1.57%,0
"2026-08-12 10:30",7.77,7.79,7.75,7.79,0.01,+0.13%,0
"2026-08-12 10:31",7.76,8.54,7.76,8.01,0.22,+2.82%,0
"2026-08-12 10:32",7.98,8.01,7.98,8,-0.01,-0.12%,0
"2026-08-12 10:33",8,8,7.89,7.92,-0.08,-1.00%,0
"2026-08-12 10:34",7.91,7.98,7.87,7.98,0.06,+0.76%,0
"2026-08-12 10:35",8.01,8.09,7.95,7.95,-0.03,-0.38%,0
"2026-08-12 10:36",7.95,7.96,7.9,7.9,-0.05,-0.63%,0
"2026-08-12 10:37",7.89,7.89,7.82,7.82,-0.08,-1.01%,0
"2026-08-12 10:38",7.83,7.83,7.81,7.83,0.01,+0.13%,0
"2026-08-12 10:39",7.84,7.85,7.76,7.76,-0.07,-0.89%,0
"2026-08-12 10:40",7.73,7.74,7.72,7.73,-0.03,-0.39%,0
"2026-08-12 10:41",7.7,7.72,7.7,7.72,-0.01,-0.13%,0
"2026-08-12 10:42",7.71,7.73,7.71,7.73,0.01,+0.13%,0
"2026-08-12 10:43",7.74,7.74,7.7,7.7,-0.03,-0.39%,0
"2026-08-12 10:44",7.7,7.71,7.7,7.71,0.01,+0.13%,0
"2026-08-12 10:45",7.69,7.69,7.65,7.65,-0.06,-0.78%,0
"2026-08-12 10:46",7.63,7.63,7.62,7.63,-0.02,-0.26%,0
"2026-08-12 10:47",7.63,7.75,7.63,7.75,0.12,+1.57%,0
"2026-08-12 10:48",7.79,7.83,7.79,7.8,0.05,+0.65%,0
"2026-08-12 10:49",7.8,7.8,7.72,7.72,-0.08,-1.03%,0
"2026-08-12 10:50",7.7,7.82,7.7,7.82,0.1,+1.30%,0
"2026-08-12 10:51",7.81,7.83,7.8,7.8,-0.02,-0.26%,0
"2026-08-12 10:52",7.76,7.77,7.73,7.73,-0.07,-0.90%,0
"2026-08-12 10:53",7.7,7.77,7.7,7.71,-0.02,-0.26%,0
"2026-08-12 10:54",7.68,7.81,7.68,7.81,0.1,+1.30%,0
"2026-08-12 10:55",7.8,7.81,7.8,7.8,-0.01,-0.13%,0
"2026-08-12 10:56",7.85,7.85,7.77,7.8,0,0.00%,0
"2026-08-12 10:57",7.78,7.78,7.68,7.68,-0.12,-1.54%,0
"2026-08-12 10:58",7.71,7.71,7.65,7.65,-0.03,-0.39%,0
"2026-08-12 10:59",7.65,7.69,7.64,7.64,-0.01,-0.13%,0
"2026-08-12 11:00",7.65,7.76,7.65,7.76,0.12,+1.57%,0
"2026-08-12 11:01",7.72,7.72,7.7,7.7,-0.06,-0.77%,0
"2026-08-12 11:02",7.66,7.7,7.66,7.7,0,0.00%,0
"2026-08-12 11:03",7.68,7.73,7.68,7.73,0.03,+0.39%,0
"2026-08-12 11:04",7.76,7.76,7.72,7.72,-0.01,-0.13%,0
"2026-08-12 11:05",7.72,7.77,7.72,7.75,0.03,+0.39%,0
"2026-08-12 11:06",7.75,7.75,7.7,7.7,-0.05,-0.65%,0
"2026-08-12 11:07",7.69,7.74,7.69,7.74,0.04,+0.52%,0
"2026-08-12 11:08",7.7,7.72,7.69,7.71,-0.03,-0.39%,0
"2026-08-12 11:09",7.69,7.69,7.69,7.69,-0.02,-0.26%,0
"2026-08-12 11:10",7.67,7.69,7.67,7.69,0,0.00%,0
"2026-08-12 11:11",7.71,7.71,7.69,7.69,0,0.00%,0
"2026-08-12 11:12",7.66,7.67,7.64,7.65,-0.04,-0.52%,0
"2026-08-12 11:13",7.6,7.65,7.6,7.64,-0.01,-0.13%,0
"2026-08-12 11:14",7.64,7.66,7.64,7.66,0.02,+0.26%,0
"2026-08-12 11:15",7.66,7.69,7.66,7.67,0.01,+0.13%,0
"2026-08-12 11:16",7.67,7.68,7.66,7.68,0.01,+0.13%,0
"2026-08-12 11:17",7.67,7.69,7.67,7.68,0,0.00%,0
"2026-08-12 11:18",7.67,7.69,7.67,7.69,0.01,+0.13%,0
"2026-08-12 11:19",7.72,7.74,7.71,7.71,0.02,+0.26%,0
"2026-08-12 11:20",7.71,7.72,7.7,7.72,0.01,+0.13%,0
"2026-08-12 11:21",7.72,7.74,7.72,7.74,0.02,+0.26%,0
"2026-08-12 11:22",7.73,7.78,7.73,7.77,0.03,+0.39%,0
"2026-08-12 11:23",7.78,7.82,7.78,7.8,0.03,+0.39%,0
"2026-08-12 11:24",7.79,7.79,7.76,7.76,-0.04,-0.51%,0
"2026-08-12 11:25",7.77,7.78,7.76,7.78,0.02,+0.26%,0
"2026-08-12 11:26",7.75,7.77,7.75,7.75,-0.03,-0.39%,0
"2026-08-12 11:27",7.74,7.77,7.74,7.76,0.01,+0.13%,0
"2026-08-12 11:28",7.75,7.78,7.75,7.77,0.01,+0.13%,0
"2026-08-12 11:29",7.74,7.77,7.74,7.77,0,0.00%,0
"2026-08-12 11:30",7.74,7.75,7.73,7.75,-0.02,-0.26%,0
"2026-08-12 11:31",7.75,7.76,7.75,7.75,0,0.00%,0
"2026-08-12 11:32",7.76,7.77,7.76,7.77,0.02,+0.26%,0
"2026-08-12 11:33",7.8,7.81,7.8,7.81,0.04,+0.51%,0
"2026-08-12 11:34",7.88,7.91,7.88,7.88,0.07,+0.90%,0
"2026-08-12 11:35",7.85,7.85,7.82,7.83,-0.05,-0.63%,0
"2026-08-12 11:36",7.82,7.82,7.76,7.76,-0.07,-0.89%,0
"2026-08-12 11:37",7.75,7.78,7.75,7.77,0.01,+0.13%,0
"2026-08-12 11:38",7.76,7.78,7.75,7.76,-0.01,-0.13%,0
"2026-08-12 11:39",7.75,7.8,7.75,7.8,0.04,+0.52%,0
"2026-08-12 11:40",7.86,7.91,7.86,7.87,0.07,+0.90%,0
"2026-08-12 11:41",7.88,7.89,7.84,7.84,-0.03,-0.38%,0
"2026-08-12 11:42",7.8,7.84,7.8,7.83,-0.01,-0.13%,0
"2026-08-12 11:43",7.83,7.83,7.79,7.79,-0.04,-0.51%,0
"2026-08-12 11:44",7.79,7.81,7.77,7.81,0.02,+0.26%,0
"2026-08-12 11:45",7.81,7.82,7.79,7.82,0.01,+0.13%,0
"2026-08-12 11:46",7.82,7.84,7.82,7.83,0.01,+0.13%,0
"2026-08-12 11:47",7.81,7.83,7.79,7.79,-0.04,-0.51%,0
"2026-08-12 11:48",7.79,7.83,7.79,7.83,0.04,+0.51%,0
"2026-08-12 11:49",7.82,7.82,7.81,7.81,-0.02,-0.26%,0
"2026-08-12 11:50",7.8,7.84,7.8,7.84,0.03,+0.38%,0
"2026-08-12 11:51",7.83,7.85,7.83,7.84,0,0.00%,0
"2026-08-12 11:52",7.83,7.83,7.82,7.82,-0.02,-0.26%,0
"2026-08-12 11:53",7.81,7.82,7.81,7.82,0,0.00%,0
"2026-08-12 11:54",7.81,7.83,7.81,7.82,0,0.00%,0
"2026-08-12 11:55",7.84,7.86,7.84,7.86,0.04,+0.51%,0
"2026-08-12 11:56",7.87,7.88,7.87,7.88,0.02,+0.25%,0
"2026-08-12 11:57",7.87,7.87,7.86,7.86,-0.02,-0.25%,0
"2026-08-12 11:58",7.86,7.89,7.86,7.89,0.03,+0.38%,0
"2026-08-12 11:59",7.89,7.9,7.89,7.9,0.01,+0.13%,0
"2026-08-12 12:00",7.9,7.9,7.89,7.89,-0.01,-0.13%,0
"2026-08-12 12:01",7.88,7.91,7.88,7.89,0,0.00%,0
"2026-08-12 12:02",7.9,7.92,7.9,7.9,0.01,+0.13%,0
"2026-08-12 12:03",7.89,7.91,7.89,7.9,0,0.00%,0
"2026-08-12 12:04",7.9,7.93,7.9,7.92,0.02,+0.25%,0
"2026-08-12 12:05",7.93,7.94,7.93,7.94,0.02,+0.25%,0
"2026-08-12 12:06",7.94,7.96,7.94,7.95,0.01,+0.13%,0
"2026-08-12 12:07",7.96,7.97,7.96,7.97,0.02,+0.25%,0
"2026-08-12 12:08",7.97,7.99,7.97,7.98,0.01,+0.13%,0
"2026-08-12 12:09",7.98,8,7.98,7.99,0.01,+0.13%,0
"2026-08-12 12:10",7.97,8,7.97,8,0.01,+0.13%,0
"2026-08-12 12:11",8,8.02,8,8,0,0.00%,0
"2026-08-12 12:12",8.01,8.04,8.01,8.04,0.04,+0.50%,0
"2026-08-12 12:13",8.04,8.06,8.04,8.05,0.01,+0.12%,0
"2026-08-12 12:14",8.05,8.08,8.05,8.08,0.03,+0.37%,0
"2026-08-12 12:15",8.08,8.1,8.08,8.1,0.02,+0.25%,0
"2026-08-12 12:16",8.1,8.11,8.1,8.11,0.01,+0.12%,0
"2026-08-12 12:17",8.13,8.16,8.13,8.16,0.05,+0.62%,0
"2026-08-12 12:18",8.15,8.18,8.15,8.18,0.02,+0.25%,0
"2026-08-12 12:19",8.18,8.2,8.18,8.2,0.02,+0.24%,0
"2026-08-12 12:20",8.2,8.22,8.2,8.2,0,0.00%,0
"2026-08-12 12:21",8.21,8.21,8.18,8.18,-0.02,-0.24%,0
"2026-08-12 12:22",8.18,8.19,8.18,8.18,0,0.00%,0
"2026-08-12 12:23",8.15,8.18,8.15,8.18,0,0.00%,0
"2026-08-12 12:24",8.17,8.19,8.17,8.18,0,0.00%,0
"2026-08-12 12:25",8.17,8.2,8.17,8.2,0.02,+0.24%,0
"2026-08-12 12:26",8.21,8.23,8.21,8.22,0.02,+0.24%,0
"2026-08-12 12:27",8.22,8.25,8.22,8.23,0.01,+0.12%,0
"2026-08-12 12:28",8.23,8.24,8.23,8.23,0,0.00%,0
"2026-08-12 12:29",8.23,8.25,8.23,8.25,0.02,+0.24%,0
"2026-08-12 12:30",8.25,8.25,8.17,8.17,-0.08,-0.97%,0
"2026-08-12 12:31",8.17,8.21,8.17,8.2,0.03,+0.37%,0
"2026-08-12 12:32",8.2,8.2,8.19,8.19,-0.01,-0.12%,0
"2026-08-12 12:33",8.17,8.22,8.17,8.22,0.03,+0.37%,0
"2026-08-12 12:34",8.22,8.23,8.22,8.22,0,0.00%,0
"2026-08-12 12:35",8.23,8.23,8.22,8.23,0.01,+0.12%,0
"2026-08-12 12:36",8.23,8.24,8.23,8.24,0.01,+0.12%,0
"2026-08-12 12:37",8.24,8.25,8.24,8.25,0.01,+0.12%,0
"2026-08-12 12:38",8.24,8.27,8.24,8.27,0.02,+0.24%,0
"2026-08-12 12:39",8.26,8.28,8.26,8.27,0,0.00%,0
"2026-08-12 12:40",8.26,8.29,8.26,8.29,0.02,+0.24%,0
"2026-08-12 12:41",8.28,8.31,8.28,8.29,0,0.00%,0
"2026-08-12 12:42",8.28,8.29,8.28,8.28,-0.01,-0.12%,0
"2026-08-12 12:43",8.29,8.31,8.29,8.29,0.01,+0.12%,0
"2026-08-12 12:44",8.3,8.31,8.29,8.29,0,0.00%,0
"2026-08-12 12:45",8.29,8.3,8.29,8.3,0.01,+0.12%,0
"2026-08-12 12:46",8.3,8.31,8.3,8.3,0,0.00%,0
"2026-08-12 12:47",8.3,8.32,8.3,8.32,0.02,+0.24%,0
"2026-08-12 12:48",8.32,8.33,8.32,8.33,0.01,+0.12%,0
"2026-08-12 12:49",8.32,8.32,8.26,8.26,-0.07,-0.84%,0
"2026-08-12 12:50",8.25,8.27,8.25,8.27,0.01,+0.12%,0
"2026-08-12 12:51",8.28,8.32,8.28,8.32,0.05,+0.60%,0
"2026-08-12 12:52",8.31,8.31,8.29,8.31,-0.01,-0.12%,0
"2026-08-12 12:53",8.31,8.31,8.31,8.31,0,0.00%,0
"2026-08-12 12:54",8.3,8.34,8.3,8.34,0.03,+0.36%,0
"2026-08-12 12:55",8.33,8.34,8.33,8.33,-0.01,-0.12%,0
"2026-08-12 12:56",8.32,8.35,8.32,8.35,0.02,+0.24%,0
"2026-08-12 12:57",8.34,8.38,8.34,8.38,0.03,+0.36%,0
"2026-08-12 12:58",8.38,8.42,8.38,8.42,0.04,+0.48%,0
"2026-08-12 12:59",8.42,8.43,8.42,8.43,0.01,+0.12%,0
"2026-08-12 13:00",8.44,8.46,8.44,8.46,0.03,+0.36%,0
"2026-08-12 13:01",8.46,8.48,8.46,8.48,0.02,+0.24%,0
"2026-08-12 13:02",8.49,8.52,8.49,8.52,0.04,+0.47%,0
"2026-08-12 13:03",8.51,8.54,8.51,8.54,0.02,+0.23%,0
"2026-08-12 13:04",8.54,8.55,8.54,8.55,0.01,+0.12%,0
"2026-08-12 13:05",8.55,8.57,8.55,8.55,0,0.00%,0
"2026-08-12 13:06",8.54,8.55,8.54,8.54,-0.01,-0.12%,0
"2026-08-12 13:07",8.54,8.55,8.54,8.54,0,0.00%,0
"2026-08-12 13:08",8.54,8.56,8.54,8.55,0.01,+0.12%,0
"2026-08-12 13:09",8.55,8.56,8.53,8.53,-0.02,-0.23%,0
"2026-08-12 13:10",8.54,8.56,8.54,8.56,0.03,+0.35%,0
"2026-08-12 13:11",8.55,8.58,8.55,8.57,0.01,+0.12%,0
"2026-08-12 13:12",8.56,8.57,8.56,8.56,-0.01,-0.12%,0
"2026-08-12 13:13",8.57,8.58,8.57,8.58,0.02,+0.23%,0
"2026-08-12 13:14",8.57,8.59,8.57,8.58,0,0.00%,0
"2026-08-12 13:15",8.58,8.6,8.58,8.6,0.02,+0.23%,0
"2026-08-12 13:16",8.61,8.63,8.61,8.63,0.03,+0.35%,0
"2026-08-12 13:17",8.62,8.64,8.62,8.63,0,0.00%,0
"2026-08-12 13:18",8.64,8.64,8.64,8.64,0.01,+0.12%,0
"2026-08-12 13:19",8.64,8.65,8.63,8.63,-0.01,-0.12%,0
"2026-08-12 13:20",8.61,8.62,8.59,8.59,-0.04,-0.46%,0
"2026-08-12 13:21",8.6,8.62,8.6,8.6,0.01,+0.12%,0
"2026-08-12 13:22",8.59,8.59,8.59,8.59,-0.01,-0.12%,0
"2026-08-12 13:23",8.6,8.61,8.6,8.6,0.01,+0.12%,0
"2026-08-12 13:24",8.61,8.61,8.61,8.61,0.01,+0.12%,0
"2026-08-12 13:25",8.61,8.63,8.61,8.62,0.01,+0.12%,0
"2026-08-12 13:26",8.61,8.62,8.61,8.62,0,0.00%,0
"2026-08-12 13:27",8.62,8.64,8.62,8.63,0.01,+0.12%,0
"2026-08-12 13:28",8.61,8.63,8.61,8.62,-0.01,-0.12%,0
"2026-08-12 13:29",8.62,8.65,8.62,8.64,0.02,+0.23%,0
"2026-08-12 13:30",8.63,8.65,8.63,8.63,-0.01,-0.12%,0
"2026-08-12 13:31",8.63,8.65,8.63,8.65,0.02,+0.23%,0
"2026-08-12 13:32",8.66,8.67,8.66,8.67,0.02,+0.23%,0
"2026-08-12 13:33",8.68,8.69,8.68,8.69,0.02,+0.23%,0
"2026-08-12 13:34",8.68,8.69,8.68,8.68,-0.01,-0.12%,0
"2026-08-12 13:35",8.68,8.69,8.65,8.65,-0.03,-0.35%,0
"2026-08-12 13:36",8.64,8.64,8.63,8.63,-0.02,-0.23%,0
"2026-08-12 13:37",8.63,8.65,8.63,8.64,0.01,+0.12%,0
"2026-08-12 13:38",8.64,8.64,8.63,8.63,-0.01,-0.12%,0
"2026-08-12 13:39",8.63,8.64,8.63,8.64,0.01,+0.12%,0
"2026-08-12 13:40",8.62,8.62,8.62,8.62,-0.02,-0.23%,0
"2026-08-12 13:41",8.62,8.63,8.62,8.62,0,0.00%,0
"2026-08-12 13:42",8.62,8.62,8.61,8.61,-0.01,-0.12%,0
"2026-08-12 13:43",8.6,8.62,8.6,8.61,0,0.00%,0
"2026-08-12 13:44",8.62,8.63,8.62,8.62,0.01,+0.12%,0
"2026-08-12 13:45",8.62,8.63,8.62,8.62,0,0.00%,0
"2026-08-12 13:46",8.63,8.64,8.63,8.63,0.01,+0.12%,0
"2026-08-12 13:47",8.62,8.66,8.62,8.66,0.03,+0.35%,0
"2026-08-12 13:48",8.65,8.66,8.65,8.66,0,0.00%,0
"2026-08-12 13:49",8.66,8.68,8.66,8.67,0.01,+0.12%,0
"2026-08-12 13:50",8.67,8.68,8.67,8.67,0,0.00%,0
"2026-08-12 13:51",8.66,8.67,8.66,8.67,0,0.00%,0
"2026-08-12 13:52",8.68,8.69,8.68,8.68,0.01,+0.12%,0
"2026-08-12 13:53",8.69,8.7,8.69,8.69,0.01,+0.12%,0
"2026-08-12 13:54",8.7,8.73,8.7,8.71,0.02,+0.23%,0
"2026-08-12 13:55",8.72,8.74,8.72,8.74,0.03,+0.34%,0
"2026-08-12 13:56",8.73,8.78,8.73,8.77,0.03,+0.34%,0
"2026-08-12 13:57",8.77,8.78,8.77,8.78,0.01,+0.11%,0
"2026-08-12 13:58",8.77,8.79,8.77,8.79,0.01,+0.11%,0
"2026-08-12 13:59",8.78,8.8,8.78,8.8,0.01,+0.11%,0
"2026-08-12 14:00",8.79,8.79,8.78,8.78,-0.02,-0.23%,0
"2026-08-12 14:01",8.79,8.8,8.79,8.79,0.01,+0.11%,0
"2026-08-12 14:02",8.79,8.81,8.79,8.8,0.01,+0.11%,0
"2026-08-12 14:03",8.8,8.82,8.8,8.8,0,0.00%,0
"2026-08-12 14:04",8.81,8.81,8.81,8.81,0.01,+0.11%,0
"2026-08-12 14:05",8.81,8.82,8.81,8.81,0,0.00%,0
"2026-08-12 14:06",8.81,8.84,8.81,8.83,0.02,+0.23%,0
"2026-08-12 14:07",8.83,8.84,8.83,8.83,0,0.00%,0
"2026-08-12 14:08",8.82,8.83,8.82,8.83,0,0.00%,0
"2026-08-12 14:09",8.83,8.84,8.83,8.84,0.01,+0.11%,0
"2026-08-12 14:10",8.83,8.84,8.83,8.83,-0.01,-0.11%,0
"2026-08-12 14:11",8.82,8.85,8.82,8.84,0.01,+0.11%,0
"2026-08-12 14:12",8.85,8.89,8.85,8.89,0.05,+0.57%,0
"2026-08-12 14:13",8.89,8.94,8.89,8.94,0.05,+0.56%,0
"2026-08-12 14:14",8.94,8.95,8.94,8.94,0,0.00%,0
"2026-08-12 14:15",8.96,8.99,8.96,8.99,0.05,+0.56%,0
"2026-08-12 14:16",8.97,8.99,8.97,8.98,-0.01,-0.11%,0
"2026-08-12 14:17",8.99,9,8.99,8.99,0.01,+0.11%,0
"2026-08-12 14:18",8.94,8.95,8.94,8.94,-0.05,-0.56%,0
"2026-08-12 14:19",8.94,8.95,8.94,8.95,0.01,+0.11%,0
"2026-08-12 14:20",8.96,8.97,8.96,8.97,0.02,+0.22%,0
"2026-08-12 14:21",8.96,8.97,8.96,8.97,0,0.00%,0
"2026-08-12 14:22",8.97,8.98,8.97,8.98,0.01,+0.11%,0
"2026-08-12 14:23",8.98,9,8.98,8.99,0.01,+0.11%,0
"2026-08-12 14:24",8.99,9,8.99,9,0.01,+0.11%,0
"2026-08-12 14:25",9.01,9.03,9.01,9.02,0.02,+0.22%,0
"2026-08-12 14:26",9.02,9.02,9.02,9.02,0,0.00%,0
"2026-08-12 14:27",9.02,9.04,9.02,9.04,0.02,+0.22%,0
"2026-08-12 14:28",9.04,9.04,9.04,9.04,0,0.00%,0
"2026-08-12 14:29",9.06,9.07,9.06,9.07,0.03,+0.33%,0
"2026-08-12 14:30",9.06,9.06,9.05,9.05,-0.02,-0.22%,0
"2026-08-12 14:31",9.05,9.07,9.05,9.06,0.01,+0.11%,0
"2026-08-12 14:32",9.06,9.11,9.06,9.11,0.05,+0.55%,0
"2026-08-12 14:33",9.11,9.13,9.11,9.13,0.02,+0.22%,0
"2026-08-12 14:34",9.12,9.14,9.12,9.14,0.01,+0.11%,0
"2026-08-12 14:35",9.13,9.13,9.12,9.12,-0.02,-0.22%,0
"2026-08-12 14:36",9.12,9.15,9.12,9.15,0.03,+0.33%,0
"2026-08-12 14:37",9.16,9.16,9.16,9.16,0.01,+0.11%,0
"2026-08-12 14:38",9.16,9.17,9.16,9.17,0.01,+0.11%,0
"2026-08-12 14:39",9.19,9.21,9.19,9.2,0.03,+0.33%,0
"2026-08-12 14:40",9.2,9.22,9.2,9.22,0.02,+0.22%,0
"2026-08-12 14:41",9.22,9.27,9.22,9.27,0.05,+0.54%,0
"2026-08-12 14:42",9.24,9.26,9.22,9.22,-0.05,-0.54%,0
"2026-08-12 14:43",9.22,9.23,9.22,9.22,0,0.00%,0
"2026-08-12 14:44",9.22,9.24,9.22,9.24,0.02,+0.22%,0
"2026-08-12 14:45",9.24,9.24,9.23,9.24,0,0.00%,0
"2026-08-12 14:46",9.24,9.26,9.24,9.25,0.01,+0.11%,0
"2026-08-12 14:47",9.26,9.27,9.26,9.27,0.02,+0.22%,0
"2026-08-12 14:48",9.27,9.28,9.27,9.28,0.01,+0.11%,0
"2026-08-12 14:49",9.28,9.28,9.28,9.28,0,0.00%,0
"2026-08-12 14:50",9.28,9.28,9.27,9.27,-0.01,-0.11%,0
"2026-08-12 14:51",9.25,9.25,9.24,9.25,-0.02,-0.22%,0
"2026-08-12 14:52",9.25,9.26,9.25,9.26,0.01,+0.11%,0
"2026-08-12 14:53",9.26,9.27,9.26,9.27,0.01,+0.11%,0
"2026-08-12 14:54",9.27,9.28,9.24,9.24,-0.03,-0.32%,0
"2026-08-12 14:55",9.23,9.24,9.23,9.23,-0.01,-0.11%,0
"2026-08-12 14:56",9.23,9.25,9.23,9.25,0.02,+0.22%,0
"2026-08-12 14:57",9.25,9.29,9.25,9.26,0.01,+0.11%,0
"2026-08-12 14:58",9.31,9.31,9.29,9.3,0.04,+0.43%,0
"2026-08-12 14:59",9.3,9.31,9.3,9.31,0.01,+0.11%,0
"2026-08-12 15:00",9.33,9.33,9.26,9.26,-0.05,-0.54%,0
"2026-08-12 15:01",9.23,9.25,9.23,9.24,-0.02,-0.22%,0
"2026-08-12 15:02",9.24,9.25,9.23,9.25,0.01,+0.11%,0
"2026-08-12 15:03",9.24,9.28,9.24,9.28,0.03,+0.32%,0
"2026-08-12 15:04",9.29,9.3,9.29,9.3,0.02,+0.22%,0
"2026-08-12 15:05",9.3,9.32,9.3,9.31,0.01,+0.11%,0
"2026-08-12 15:06",9.28,9.29,9.28,9.28,-0.03,-0.32%,0
"2026-08-12 15:07",9.26,9.27,9.26,9.27,-0.01,-0.11%,0
"2026-08-12 15:08",9.26,9.3,9.26,9.29,0.02,+0.22%,0
"2026-08-12 15:09",9.29,9.32,9.29,9.32,0.03,+0.32%,0
"2026-08-12 15:10",9.33,9.34,9.3,9.3,-0.02,-0.21%,0
"2026-08-12 15:11",9.31,9.31,9.28,9.28,-0.02,-0.22%,0
"2026-08-12 15:12",9.25,9.25,9.2,9.2,-0.08,-0.86%,0
"2026-08-12 15:13",9.17,9.19,9.13,9.13,-0.07,-0.76%,0
"2026-08-12 15:14",9.14,9.15,9.14,9.15,0.02,+0.22%,0
"2026-08-12 15:15",9.13,9.17,9.13,9.17,0.02,+0.22%,0
"2026-08-12 15:16",9.23,9.23,9.22,9.22,0.05,+0.55%,0
"2026-08-12 15:17",9.22,9.22,9.2,9.21,-0.01,-0.11%,0
"2026-08-12 15:18",9.22,9.24,9.21,9.24,0.03,+0.33%,0
"2026-08-12 15:19",9.24,9.25,9.24,9.24,0,0.00%,0
"2026-08-12 15:20",9.23,9.25,9.23,9.24,0,0.00%,0
"2026-08-12 15:21",9.23,9.24,9.22,9.22,-0.02,-0.22%,0
"2026-08-12 15:22",9.21,9.21,9.18,9.18,-0.04,-0.43%,0
"2026-08-12 15:23",9.18,9.21,9.18,9.2,0.02,+0.22%,0
"2026-08-12 15:24",9.19,9.19,9.16,9.17,-0.03,-0.33%,0
"2026-08-12 15:25",9.19,9.23,9.19,9.2,0.03,+0.33%,0
"2026-08-12 15:26",9.2,9.21,9.2,9.2,0,0.00%,0
"2026-08-12 15:27",9.21,9.26,9.21,9.26,0.06,+0.65%,0
"2026-08-12 15:28",9.28,9.31,9.28,9.3,0.04,+0.43%,0
"2026-08-12 15:29",9.3,9.34,9.3,9.33,0.03,+0.32%,0
"2026-08-12 15:30",9.34,9.37,9.34,9.34,0.01,+0.11%,0
"2026-08-12 15:31",9.34,9.34,9.33,9.34,0,0.00%,0
"2026-08-12 15:32",9.32,9.34,9.32,9.33,-0.01,-0.11%,0
"2026-08-12 15:33",9.34,9.35,9.34,9.35,0.02,+0.21%,0
"2026-08-12 15:34",9.36,9.37,9.36,9.36,0.01,+0.11%,0
"2026-08-12 15:35",9.37,9.37,9.33,9.33,-0.03,-0.32%,0
"2026-08-12 15:36",9.33,9.34,9.33,9.33,0,0.00%,0
"2026-08-12 15:37",9.34,9.36,9.34,9.36,0.03,+0.32%,0
"2026-08-12 15:38",9.36,9.37,9.35,9.35,-0.01,-0.11%,0
"2026-08-12 15:39",9.36,9.36,9.34,9.34,-0.01,-0.11%,0
"2026-08-12 15:40",9.33,9.33,9.3,9.3,-0.04,-0.43%,0
"2026-08-12 15:41",9.3,9.32,9.3,9.31,0.01,+0.11%,0
"2026-08-12 15:42",9.32,9.35,9.32,9.32,0.01,+0.11%,0
"2026-08-12 15:43",9.35,9.36,9.3,9.3,-0.02,-0.21%,0
"2026-08-12 15:44",9.27,9.31,9.27,9.31,0.01,+0.11%,0
"2026-08-12 15:45",9.25,9.28,9.25,9.28,-0.03,-0.32%,0
"2026-08-12 15:46",9.29,9.29,9.26,9.26,-0.02,-0.22%,0
"2026-08-12 15:47",9.25,9.26,9.24,9.24,-0.02,-0.22%,0
"2026-08-12 15:48",9.21,9.23,9.21,9.21,-0.03,-0.32%,0
"2026-08-12 15:49",9.21,9.25,9.21,9.25,0.04,+0.43%,0
"2026-08-12 15:50",9.27,9.29,9.25,9.25,0,0.00%,0
"2026-08-12 15:51",9.26,9.28,9.26,9.27,0.02,+0.22%,0
"2026-08-12 15:52",9.29,9.3,9.29,9.3,0.03,+0.32%,0
"2026-08-12 15:53",9.31,9.39,9.31,9.39,0.09,+0.97%,0
"2026-08-12 15:54",9.43,9.44,9.41,9.41,0.02,+0.21%,0
"2026-08-12 15:55",9.37,9.44,9.37,9.43,0.02,+0.21%,0
"2026-08-12 15:56",9.43,9.44,9.41,9.41,-0.02,-0.21%,0
"2026-08-12 15:57",9.38,9.49,9.38,9.49,0.08,+0.85%,0
"2026-08-12 15:58",9.45,9.53,9.45,9.53,0.04,+0.42%,0
"2026-08-12 15:59",9.51,9.52,9.5,9.5,-0.03,-0.31%,0
"2026-08-12 16:00",9.48,9.48,9.32,9.32,-0.18,-1.89%,0
"2026-08-12 16:01",9.32,9.32,9.3,9.32,0,0.00%,0
"2026-08-12 16:02",9.33,9.33,9.32,9.32,0,0.00%,0
"2026-08-12 16:03",9.29,9.34,9.29,9.34,0.02,+0.21%,0
"2026-08-12 16:04",9.33,9.34,9.31,9.32,-0.02,-0.21%,0
"2026-08-12 16:05",9.3,9.32,9.28,9.32,0,0.00%,0
"2026-08-12 16:06",9.33,9.35,9.33,9.35,0.03,+0.32%,0
"2026-08-12 16:07",9.34,9.34,9.3,9.32,-0.03,-0.32%,0
"2026-08-12 16:08",9.3,9.31,9.29,9.29,-0.03,-0.32%,0
"2026-08-12 16:09",9.32,9.4,9.3,9.4,0.11,+1.18%,0
"2026-08-12 16:10",9.4,9.44,9.4,9.44,0.04,+0.43%,0
"2026-08-12 16:11",9.41,9.44,9.41,9.44,0,0.00%,0
"2026-08-12 16:12",9.45,9.45,9.43,9.44,0,0.00%,0
"2026-08-12 16:13",9.43,9.43,9.42,9.42,-0.02,-0.21%,0
"2026-08-12 16:14",9.45,9.47,9.45,9.47,0.05,+0.53%,0
"2026-08-12 16:15",9.46,9.46,9.46,9.46,-0.01,-0.11%,0
"2026-08-13 09:31",6.95,6.95,6.81,6.81,-2.65,-28.01%,0
"2026-08-13 09:32",6.75,6.77,6.74,6.74,-0.07,-1.03%,0
"2026-08-13 09:33",6.71,6.81,6.71,6.81,0.07,+1.04%,0
"2026-08-13 09:34",6.78,6.96,6.78,6.96,0.15,+2.20%,0
"2026-08-13 09:35",6.95,7.1,6.95,7.06,0.1,+1.44%,0
"2026-08-13 09:36",7.01,7.04,6.99,7.04,-0.02,-0.28%,0
"2026-08-13 09:37",7.08,7.16,7.08,7.16,0.12,+1.70%,0
"2026-08-13 09:38",7.14,7.14,6.96,6.96,-0.2,-2.79%,0
"2026-08-13 09:39",6.95,6.96,6.9,6.9,-0.06,-0.86%,0
"2026-08-13 09:40",6.99,6.99,6.92,6.92,0.02,+0.29%,0
"2026-08-13 09:41",6.88,6.92,6.88,6.9,-0.02,-0.29%,0
"2026-08-13 09:42",6.91,6.91,6.83,6.83,-0.07,-1.01%,0
"2026-08-13 09:43",6.79,6.79,6.73,6.73,-0.1,-1.46%,0
"2026-08-13 09:44",6.72,6.81,6.72,6.81,0.08,+1.19%,0
"2026-08-13 09:45",6.8,6.87,6.8,6.87,0.06,+0.88%,0
"2026-08-13 09:46",6.87,6.92,6.87,6.9,0.03,+0.44%,0
"2026-08-13 09:47",6.89,6.91,6.89,6.89,-0.01,-0.14%,0
"2026-08-13 09:48",6.87,6.9,6.86,6.86,-0.03,-0.44%,0
"2026-08-13 09:49",6.86,6.86,6.84,6.84,-0.02,-0.29%,0
"2026-08-13 09:50",6.81,6.85,6.81,6.83,-0.01,-0.15%,0
"2026-08-13 09:51",6.8,6.82,6.8,6.81,-0.02,-0.29%,0
"2026-08-13 09:52",6.81,6.81,6.75,6.75,-0.06,-0.88%,0
"2026-08-13 09:53",6.74,6.78,6.74,6.77,0.02,+0.30%,0
"2026-08-13 09:54",6.78,6.78,6.73,6.74,-0.03,-0.44%,0
"2026-08-13 09:55",6.71,6.73,6.71,6.73,-0.01,-0.15%,0
"2026-08-13 09:56",6.73,6.74,6.73,6.74,0.01,+0.15%,0
"2026-08-13 09:57",6.75,6.82,6.75,6.82,0.08,+1.19%,0
"2026-08-13 09:58",6.82,6.88,6.82,6.88,0.06,+0.88%,0
"2026-08-13 09:59",6.89,6.89,6.89,6.89,0.01,+0.15%,0
"2026-08-13 10:00",6.91,6.95,6.9,6.95,0.06,+0.87%,0
"2026-08-13 10:01",7,7.02,6.98,6.98,0.03,+0.43%,0
"2026-08-13 10:02",7.03,7.13,7.03,7.13,0.15,+2.15%,0
"2026-08-13 10:03",7.18,7.18,7.11,7.11,-0.02,-0.28%,0
"2026-08-13 10:04",7.15,7.19,7.13,7.14,0.03,+0.42%,0
"2026-08-13 10:05",7.15,7.24,7.15,7.22,0.08,+1.12%,0
"2026-08-13 10:06",7.22,7.23,7.19,7.21,-0.01,-0.14%,0
"2026-08-13 10:07",7.19,7.21,7.16,7.16,-0.05,-0.69%,0
"2026-08-13 10:08",7.19,7.22,7.19,7.2,0.04,+0.56%,0
"2026-08-13 10:09",7.2,7.2,7.16,7.16,-0.04,-0.56%,0
"2026-08-13 10:10",7.18,7.18,7.16,7.18,0.02,+0.28%,0
"2026-08-13 10:11",7.14,7.18,7.14,7.18,0,0.00%,0
"2026-08-13 10:12",7.19,7.21,7.18,7.18,0,0.00%,0
"2026-08-13 10:13",7.19,7.21,7.19,7.21,0.03,+0.42%,0
"2026-08-13 10:14",7.2,7.21,7.17,7.17,-0.04,-0.55%,0
"2026-08-13 10:15",7.19,7.22,7.18,7.18,0.01,+0.14%,0
"2026-08-13 10:16",7.19,7.2,7.18,7.18,0,0.00%,0
"2026-08-13 10:17",7.16,7.16,7.12,7.12,-0.06,-0.84%,0
"2026-08-13 10:18",7.11,7.11,7.1,7.11,-0.01,-0.14%,0
"2026-08-13 10:19",7.11,7.14,7.11,7.11,0,0.00%,0
"2026-08-13 10:20",7.12,7.19,7.12,7.19,0.08,+1.13%,0
"2026-08-13 10:21",7.19,7.19,7.14,7.14,-0.05,-0.70%,0
"2026-08-13 10:22",7.13,7.22,7.13,7.22,0.08,+1.12%,0
"2026-08-13 10:23",7.25,7.32,7.25,7.29,0.07,+0.97%,0
"2026-08-13 10:24",7.28,7.36,7.28,7.36,0.07,+0.96%,0
"2026-08-13 10:25",7.32,7.36,7.32,7.36,0,0.00%,0
"2026-08-13 10:26",7.35,7.35,7.32,7.32,-0.04,-0.54%,0
"2026-08-13 10:27",7.33,7.35,7.32,7.32,0,0.00%,0
"2026-08-13 10:28",7.3,7.33,7.3,7.33,0.01,+0.14%,0
"2026-08-13 10:29",7.33,7.35,7.32,7.32,-0.01,-0.14%,0
"2026-08-13 10:30",7.28,7.32,7.28,7.29,-0.03,-0.41%,0
"2026-08-13 10:31",7.29,7.3,7.29,7.3,0.01,+0.14%,0
"2026-08-13 10:32",7.26,7.34,7.26,7.34,0.04,+0.55%,0
"2026-08-13 10:33",7.36,7.36,7.33,7.36,0.02,+0.27%,0
"2026-08-13 10:34",7.37,7.38,7.37,7.38,0.02,+0.27%,0
"2026-08-13 10:35",7.38,7.38,7.35,7.35,-0.03,-0.41%,0
"2026-08-13 10:36",7.34,7.38,7.34,7.38,0.03,+0.41%,0
"2026-08-13 10:37",7.38,7.4,7.38,7.4,0.02,+0.27%,0
"2026-08-13 10:38",7.4,7.42,7.4,7.4,0,0.00%,0
"2026-08-13 10:39",7.33,7.41,7.33,7.41,0.01,+0.14%,0
"2026-08-13 10:40",7.37,7.4,7.37,7.38,-0.03,-0.40%,0
"2026-08-13 10:41",7.33,7.38,7.33,7.38,0,0.00%,0
"2026-08-13 10:42",7.37,7.37,7.3,7.3,-0.08,-1.08%,0
"2026-08-13 10:43",7.27,7.28,7.25,7.25,-0.05,-0.68%,0
"2026-08-13 10:44",7.25,7.27,7.25,7.25,0,0.00%,0
"2026-08-13 10:45",7.24,7.3,7.24,7.28,0.03,+0.41%,0
"2026-08-13 10:46",7.29,7.29,7.27,7.29,0.01,+0.14%,0
"2026-08-13 10:47",7.29,7.35,7.29,7.33,0.04,+0.55%,0
"2026-08-13 10:48",7.31,7.39,7.31,7.39,0.06,+0.82%,0
"2026-08-13 10:49",7.31,7.47,7.31,7.37,-0.02,-0.27%,0
"2026-08-13 10:50",7.42,7.45,7.35,7.45,0.08,+1.09%,0
"2026-08-13 10:51",7.52,7.52,7.44,7.44,-0.01,-0.13%,0
"2026-08-13 10:52",7.45,7.45,7.39,7.39,-0.05,-0.67%,0
"2026-08-13 10:53",7.42,7.5,7.42,7.46,0.07,+0.95%,0
"2026-08-13 10:54",7.45,7.49,7.45,7.45,-0.01,-0.13%,0
"2026-08-13 10:55",7.4,7.52,7.4,7.52,0.07,+0.94%,0
"2026-08-13 10:56",7.45,7.45,7.37,7.37,-0.15,-1.99%,0
"2026-08-13 10:57",7.38,7.38,7.31,7.31,-0.06,-0.81%,0
"2026-08-13 10:58",7.32,7.35,7.27,7.27,-0.04,-0.55%,0
"2026-08-13 10:59",7.27,7.32,7.27,7.28,0.01,+0.14%,0
"2026-08-13 11:00",7.3,7.3,7.15,7.15,-0.13,-1.79%,0
"2026-08-13 11:01",7.2,7.21,7.19,7.21,0.06,+0.84%,0
"2026-08-13 11:02",7.2,7.3,7.2,7.3,0.09,+1.25%,0
"2026-08-13 11:03",7.35,7.37,7.31,7.37,0.07,+0.96%,0
"2026-08-13 11:04",7.39,7.44,7.39,7.41,0.04,+0.54%,0
"2026-08-13 11:05",7.41,7.41,7.37,7.41,0,0.00%,0
"2026-08-13 11:06",7.35,7.42,7.35,7.38,-0.03,-0.40%,0
"2026-08-13 11:07",7.38,7.41,7.35,7.35,-0.03,-0.41%,0
"2026-08-13 11:08",7.36,7.42,7.36,7.42,0.07,+0.95%,0
"2026-08-13 11:09",7.45,7.45,7.43,7.43,0.01,+0.13%,0
"2026-08-13 11:10",7.39,7.43,7.38,7.38,-0.05,-0.67%,0
"2026-08-13 11:11",7.4,7.41,7.38,7.38,0,0.00%,0
"2026-08-13 11:12",7.41,7.46,7.4,7.46,0.08,+1.08%,0
"2026-08-13 11:13",7.49,7.49,7.44,7.44,-0.02,-0.27%,0
"2026-08-13 11:14",7.43,7.45,7.43,7.45,0.01,+0.13%,0
"2026-08-13 11:15",7.44,7.46,7.44,7.46,0.01,+0.13%,0
"2026-08-13 11:16",7.42,7.44,7.42,7.42,-0.04,-0.54%,0
"2026-08-13 11:17",7.41,7.43,7.41,7.43,0.01,+0.13%,0
"2026-08-13 11:18",7.42,7.54,7.42,7.54,0.11,+1.48%,0
"2026-08-13 11:19",7.5,7.5,7.45,7.45,-0.09,-1.19%,0
"2026-08-13 11:20",7.43,7.44,7.42,7.42,-0.03,-0.40%,0
"2026-08-13 11:21",7.43,7.45,7.43,7.43,0.01,+0.13%,0
"2026-08-13 11:22",7.41,7.49,7.41,7.47,0.04,+0.54%,0
"2026-08-13 11:23",7.48,7.51,7.48,7.51,0.04,+0.54%,0
"2026-08-13 11:24",7.48,7.48,7.47,7.47,-0.04,-0.53%,0
"2026-08-13 11:25",7.48,7.59,7.48,7.59,0.12,+1.61%,0
"2026-08-13 11:26",7.62,7.62,7.57,7.57,-0.02,-0.26%,0
"2026-08-13 11:27",7.58,7.68,7.58,7.68,0.11,+1.45%,0
"2026-08-13 11:28",7.61,7.94,7.61,7.94,0.26,+3.39%,0
"2026-08-13 11:29",7.98,8,7.84,7.84,-0.1,-1.26%,0
"2026-08-13 11:30",7.87,7.91,7.87,7.91,0.07,+0.89%,0
"2026-08-13 11:31",7.91,7.93,7.87,7.87,-0.04,-0.51%,0
"2026-08-13 11:32",7.94,8,7.94,7.99,0.12,+1.52%,0
"2026-08-13 11:33",8.01,8.04,7.97,7.97,-0.02,-0.25%,0
"2026-08-13 11:34",8.03,8.12,8.01,8.12,0.15,+1.88%,0
"2026-08-13 11:35",8.16,8.16,8.01,8.01,-0.11,-1.35%,0
"2026-08-13 11:36",8.02,8.12,8.02,8.07,0.06,+0.75%,0
"2026-08-13 11:37",8.06,8.13,8.04,8.04,-0.03,-0.37%,0
"2026-08-13 11:38",8.06,8.13,8.06,8.13,0.09,+1.12%,0
"2026-08-13 11:39",8.07,8.07,7.98,8,-0.13,-1.60%,0
"2026-08-13 11:40",8,8.04,7.98,8.04,0.04,+0.50%,0
"2026-08-13 11:41",8.03,8.03,7.95,7.97,-0.07,-0.87%,0
"2026-08-13 11:42",7.92,7.92,7.83,7.83,-0.14,-1.76%,0
"2026-08-13 11:43",7.82,7.87,7.82,7.84,0.01,+0.13%,0
"2026-08-13 11:44",7.89,7.92,7.89,7.92,0.08,+1.02%,0
"2026-08-13 11:45",7.95,8.02,7.95,8,0.08,+1.01%,0
"2026-08-13 11:46",8,8,7.91,7.91,-0.09,-1.13%,0
"2026-08-13 11:47",7.92,7.94,7.91,7.91,0,0.00%,0
"2026-08-13 11:48",7.89,7.93,7.89,7.91,0,0.00%,0
"2026-08-13 11:49",7.92,7.99,7.91,7.91,0,0.00%,0
"2026-08-13 11:50",7.92,7.94,7.92,7.93,0.02,+0.25%,0
"2026-08-13 11:51",7.91,7.96,7.91,7.96,0.03,+0.38%,0
"2026-08-13 11:52",7.96,7.99,7.96,7.96,0,0.00%,0
"2026-08-13 11:53",7.93,7.96,7.91,7.91,-0.05,-0.63%,0
"2026-08-13 11:54",7.86,7.89,7.86,7.87,-0.04,-0.51%,0
"2026-08-13 11:55",7.88,7.89,7.88,7.89,0.02,+0.25%,0
"2026-08-13 11:56",7.87,7.88,7.86,7.88,-0.01,-0.13%,0
"2026-08-13 11:57",7.85,7.87,7.84,7.87,-0.01,-0.13%,0
"2026-08-13 11:58",7.88,7.95,7.88,7.95,0.08,+1.02%,0
"2026-08-13 11:59",7.97,8.01,7.97,7.97,0.02,+0.25%,0
"2026-08-13 12:00",7.95,7.97,7.95,7.95,-0.02,-0.25%,0
"2026-08-13 12:01",7.89,7.95,7.89,7.91,-0.04,-0.50%,0
"2026-08-13 12:02",7.92,7.93,7.9,7.9,-0.01,-0.13%,0
"2026-08-13 12:03",7.9,7.97,7.9,7.97,0.07,+0.89%,0
"2026-08-13 12:04",7.96,8.03,7.96,8.03,0.06,+0.75%,0
"2026-08-13 12:05",8.04,8.04,8.01,8.01,-0.02,-0.25%,0
"2026-08-13 12:06",7.98,8.01,7.98,8.01,0,0.00%,0
"2026-08-13 12:07",8.03,8.05,8.03,8.05,0.04,+0.50%,0
"2026-08-13 12:08",8.06,8.06,8.05,8.05,0,0.00%,0
"2026-08-13 12:09",8.03,8.07,8.03,8.06,0.01,+0.12%,0
"2026-08-13 12:10",8.05,8.06,8.05,8.05,-0.01,-0.12%,0
"2026-08-13 12:11",8.04,8.04,8.02,8.02,-0.03,-0.37%,0
"2026-08-13 12:12",8.05,8.08,8.05,8.08,0.06,+0.75%,0
"2026-08-13 12:13",8.1,8.11,8.1,8.11,0.03,+0.37%,0
"2026-08-13 12:14",8.11,8.13,8.11,8.12,0.01,+0.12%,0
"2026-08-13 12:15",8.12,8.13,8.11,8.13,0.01,+0.12%,0
"2026-08-13 12:16",8.16,8.17,8.16,8.16,0.03,+0.37%,0
"2026-08-13 12:17",8.18,8.19,8.16,8.16,0,0.00%,0
"2026-08-13 12:18",8.17,8.18,8.15,8.17,0.01,+0.12%,0
"2026-08-13 12:19",8.14,8.14,8.1,8.1,-0.07,-0.86%,0
"2026-08-13 12:20",8.09,8.12,8.08,8.08,-0.02,-0.25%,0
"2026-08-13 12:21",8.06,8.1,8.06,8.09,0.01,+0.12%,0
"2026-08-13 12:22",8.08,8.09,8.07,8.09,0,0.00%,0
"2026-08-13 12:23",8.07,8.1,8.07,8.1,0.01,+0.12%,0
"2026-08-13 12:24",8.09,8.11,8.08,8.08,-0.02,-0.25%,0
"2026-08-13 12:25",8.08,8.08,8.04,8.04,-0.04,-0.50%,0
"2026-08-13 12:26",8.03,8.06,8.03,8.03,-0.01,-0.12%,0
"2026-08-13 12:27",8.03,8.03,7.99,7.99,-0.04,-0.50%,0
"2026-08-13 12:28",7.99,7.99,7.97,7.97,-0.02,-0.25%,0
"2026-08-13 12:29",7.97,7.99,7.97,7.97,0,0.00%,0
"2026-08-13 12:30",7.96,7.96,7.95,7.95,-0.02,-0.25%,0
"2026-08-13 12:31",7.93,7.98,7.93,7.96,0.01,+0.13%,0
"2026-08-13 12:32",7.96,7.97,7.96,7.96,0,0.00%,0
"2026-08-13 12:33",7.97,7.97,7.94,7.94,-0.02,-0.25%,0
"2026-08-13 12:34",7.92,7.94,7.91,7.91,-0.03,-0.38%,0
"2026-08-13 12:35",7.9,7.93,7.9,7.92,0.01,+0.13%,0
"2026-08-13 12:36",7.92,7.95,7.92,7.95,0.03,+0.38%,0
"2026-08-13 12:37",7.95,7.98,7.95,7.97,0.02,+0.25%,0
"2026-08-13 12:38",7.98,7.98,7.97,7.98,0.01,+0.13%,0
"2026-08-13 12:39",7.96,8.07,7.96,8.07,0.09,+1.13%,0
"2026-08-13 12:40",8.01,8.04,8.01,8.04,-0.03,-0.37%,0
"2026-08-13 12:41",8.03,8.03,8,8,-0.04,-0.50%,0
"2026-08-13 12:42",7.99,8.02,7.99,8.01,0.01,+0.13%,0
"2026-08-13 12:43",7.99,8.02,7.99,8.02,0.01,+0.12%,0
"2026-08-13 12:44",8.01,8.03,8.01,8.01,-0.01,-0.12%,0
"2026-08-13 12:45",8.01,8.02,8.01,8.02,0.01,+0.12%,0
"2026-08-13 12:46",8.02,8.05,8.02,8.05,0.03,+0.37%,0
"2026-08-13 12:47",8.05,8.06,8.03,8.03,-0.02,-0.25%,0
"2026-08-13 12:48",8.03,8.03,8.03,8.03,0,0.00%,0
"2026-08-13 12:49",8.02,8.05,8.02,8.05,0.02,+0.25%,0
"2026-08-13 12:50",8.04,8.05,8.04,8.04,-0.01,-0.12%,0
"2026-08-13 12:51",8.03,8.06,8.03,8.06,0.02,+0.25%,0
"2026-08-13 12:52",8.06,8.06,8.06,8.06,0,0.00%,0
"2026-08-13 12:53",8.05,8.06,8.04,8.04,-0.02,-0.25%,0
"2026-08-13 12:54",8.04,8.05,7.99,7.99,-0.05,-0.62%,0
"2026-08-13 12:55",7.99,8.01,7.99,7.99,0,0.00%,0
"2026-08-13 12:56",7.99,8.02,7.99,8,0.01,+0.13%,0
"2026-08-13 12:57",8,8.01,7.98,7.98,-0.02,-0.25%,0
"2026-08-13 12:58",7.99,7.99,7.98,7.98,0,0.00%,0
"2026-08-13 12:59",7.98,7.98,7.96,7.96,-0.02,-0.25%,0
"2026-08-13 13:00",7.96,7.97,7.96,7.96,0,0.00%,0
"2026-08-13 13:01",7.98,8.04,7.98,8.04,0.08,+1.01%,0
"2026-08-13 13:02",8.04,8.07,8.04,8.05,0.01,+0.12%,0
"2026-08-13 13:03",8.04,8.04,8.02,8.04,-0.01,-0.12%,0
"2026-08-13 13:04",8.03,8.05,8.03,8.05,0.01,+0.12%,0
"2026-08-13 13:05",8.05,8.05,8.04,8.04,-0.01,-0.12%,0
"2026-08-13 13:06",8.05,8.08,8.05,8.07,0.03,+0.37%,0
"2026-08-13 13:07",8.06,8.09,8.06,8.09,0.02,+0.25%,0
"2026-08-13 13:08",8.08,8.17,8.08,8.17,0.08,+0.99%,0
"2026-08-13 13:09",8.18,8.18,8.16,8.18,0.01,+0.12%,0
"2026-08-13 13:10",8.2,8.21,8.2,8.2,0.02,+0.24%,0
"2026-08-13 13:11",8.2,8.23,8.2,8.21,0.01,+0.12%,0
"2026-08-13 13:12",8.22,8.22,8.22,8.22,0.01,+0.12%,0
"2026-08-13 13:13",8.26,8.28,8.26,8.26,0.04,+0.49%,0
"2026-08-13 13:14",8.26,8.27,8.26,8.26,0,0.00%,0
"2026-08-13 13:15",8.26,8.26,8.25,8.26,0,0.00%,0
"2026-08-13 13:16",8.26,8.3,8.26,8.3,0.04,+0.48%,0
"2026-08-13 13:17",8.3,8.33,8.3,8.33,0.03,+0.36%,0
"2026-08-13 13:18",8.33,8.33,8.32,8.32,-0.01,-0.12%,0
"2026-08-13 13:19",8.29,8.29,8.27,8.28,-0.04,-0.48%,0
"2026-08-13 13:20",8.28,8.3,8.28,8.29,0.01,+0.12%,0
"2026-08-13 13:21",8.29,8.31,8.29,8.3,0.01,+0.12%,0
"2026-08-13 13:22",8.3,8.31,8.3,8.31,0.01,+0.12%,0
"2026-08-13 13:23",8.3,8.32,8.3,8.3,-0.01,-0.12%,0
"2026-08-13 13:24",8.29,8.31,8.29,8.31,0.01,+0.12%,0
"2026-08-13 13:25",8.32,8.33,8.32,8.33,0.02,+0.24%,0
"2026-08-13 13:26",8.33,8.33,8.3,8.3,-0.03,-0.36%,0
"2026-08-13 13:27",8.28,8.28,8.26,8.27,-0.03,-0.36%,0
"2026-08-13 13:28",8.26,8.26,8.25,8.25,-0.02,-0.24%,0
"2026-08-13 13:29",8.26,8.27,8.26,8.26,0.01,+0.12%,0
"2026-08-13 13:30",8.25,8.27,8.25,8.26,0,0.00%,0
"2026-08-13 13:31",8.26,8.29,8.26,8.29,0.03,+0.36%,0
"2026-08-13 13:32",8.3,8.31,8.29,8.29,0,0.00%,0
"2026-08-13 13:33",8.29,8.3,8.29,8.3,0.01,+0.12%,0
"2026-08-13 13:34",8.32,8.32,8.3,8.3,0,0.00%,0
"2026-08-13 13:35",8.3,8.33,8.3,8.31,0.01,+0.12%,0
"2026-08-13 13:36",8.31,8.32,8.31,8.32,0.01,+0.12%,0
"2026-08-13 13:37",8.31,8.34,8.3,8.3,-0.02,-0.24%,0
"2026-08-13 13:38",8.33,8.34,8.33,8.33,0.03,+0.36%,0
"2026-08-13 13:39",8.32,8.35,8.32,8.33,0,0.00%,0
"2026-08-13 13:40",8.32,8.33,8.32,8.32,-0.01,-0.12%,0
"2026-08-13 13:41",8.32,8.35,8.32,8.35,0.03,+0.36%,0
"2026-08-13 13:42",8.34,8.37,8.34,8.37,0.02,+0.24%,0
"2026-08-13 13:43",8.38,8.39,8.37,8.37,0,0.00%,0
"2026-08-13 13:44",8.38,8.4,8.38,8.39,0.02,+0.24%,0
"2026-08-13 13:45",8.41,8.41,8.36,8.36,-0.03,-0.36%,0
"2026-08-13 13:46",8.36,8.38,8.36,8.37,0.01,+0.12%,0
"2026-08-13 13:47",8.36,8.38,8.36,8.37,0,0.00%,0
"2026-08-13 13:48",8.38,8.38,8.37,8.38,0.01,+0.12%,0
"2026-08-13 13:49",8.38,8.39,8.38,8.39,0.01,+0.12%,0
"2026-08-13 13:50",8.38,8.39,8.38,8.39,0,0.00%,0
"2026-08-13 13:51",8.39,8.43,8.39,8.43,0.04,+0.48%,0
"2026-08-13 13:52",8.43,8.45,8.43,8.43,0,0.00%,0
"2026-08-13 13:53",8.43,8.45,8.43,8.44,0.01,+0.12%,0
"2026-08-13 13:54",8.43,8.46,8.43,8.46,0.02,+0.24%,0
"2026-08-13 13:55",8.46,8.47,8.46,8.46,0,0.00%,0
"2026-08-13 13:56",8.46,8.47,8.46,8.47,0.01,+0.12%,0
"2026-08-13 13:57",8.48,8.48,8.46,8.46,-0.01,-0.12%,0
"2026-08-13 13:58",8.46,8.47,8.45,8.45,-0.01,-0.12%,0
"2026-08-13 13:59",8.45,8.49,8.45,8.49,0.04,+0.47%,0
"2026-08-13 14:00",8.49,8.49,8.47,8.47,-0.02,-0.24%,0
"2026-08-13 14:01",8.48,8.49,8.48,8.49,0.02,+0.24%,0
"2026-08-13 14:02",8.49,8.5,8.49,8.5,0.01,+0.12%,0
"2026-08-13 14:03",8.51,8.51,8.51,8.51,0.01,+0.12%,0
"2026-08-13 14:04",8.5,8.51,8.49,8.5,-0.01,-0.12%,0
"2026-08-13 14:05",8.49,8.52,8.49,8.52,0.02,+0.24%,0
"2026-08-13 14:06",8.53,8.57,8.53,8.55,0.03,+0.35%,0
"2026-08-13 14:07",8.55,8.57,8.55,8.56,0.01,+0.12%,0
"2026-08-13 14:08",8.56,8.57,8.56,8.57,0.01,+0.12%,0
"2026-08-13 14:09",8.57,8.57,8.57,8.57,0,0.00%,0
"2026-08-13 14:10",8.57,8.61,8.57,8.58,0.01,+0.12%,0
"2026-08-13 14:11",8.56,8.58,8.56,8.57,-0.01,-0.12%,0
"2026-08-13 14:12",8.57,8.58,8.57,8.57,0,0.00%,0
"2026-08-13 14:13",8.56,8.57,8.56,8.56,-0.01,-0.12%,0
"2026-08-13 14:14",8.56,8.58,8.56,8.58,0.02,+0.23%,0
"2026-08-13 14:15",8.59,8.59,8.58,8.59,0.01,+0.12%,0
"2026-08-13 14:16",8.59,8.62,8.59,8.62,0.03,+0.35%,0
"2026-08-13 14:17",8.6,8.61,8.6,8.61,-0.01,-0.12%,0
"2026-08-13 14:18",8.61,8.62,8.61,8.61,0,0.00%,0
"2026-08-13 14:19",8.61,8.62,8.61,8.62,0.01,+0.12%,0
"2026-08-13 14:20",8.62,8.63,8.62,8.62,0,0.00%,0
"2026-08-13 14:21",8.62,8.65,8.62,8.65,0.03,+0.35%,0
"2026-08-13 14:22",8.65,8.68,8.65,8.68,0.03,+0.35%,0
"2026-08-13 14:23",8.67,8.7,8.67,8.7,0.02,+0.23%,0
"2026-08-13 14:24",8.69,8.73,8.69,8.73,0.03,+0.34%,0
"2026-08-13 14:25",8.73,8.73,8.69,8.69,-0.04,-0.46%,0
"2026-08-13 14:26",8.71,8.74,8.71,8.71,0.02,+0.23%,0
"2026-08-13 14:27",8.7,8.73,8.7,8.72,0.01,+0.11%,0
"2026-08-13 14:28",8.72,8.72,8.71,8.71,-0.01,-0.11%,0
"2026-08-13 14:29",8.71,8.73,8.71,8.72,0.01,+0.11%,0
"2026-08-13 14:30",8.72,8.73,8.71,8.73,0.01,+0.11%,0
"2026-08-13 14:31",8.75,8.77,8.75,8.76,0.03,+0.34%,0
"2026-08-13 14:32",8.75,8.76,8.75,8.76,0,0.00%,0
"2026-08-13 14:33",8.75,8.79,8.75,8.79,0.03,+0.34%,0
"2026-08-13 14:34",8.79,8.79,8.77,8.77,-0.02,-0.23%,0
"2026-08-13 14:35",8.76,8.78,8.76,8.77,0,0.00%,0
"2026-08-13 14:36",8.78,8.79,8.78,8.78,0.01,+0.11%,0
"2026-08-13 14:37",8.79,8.8,8.79,8.8,0.02,+0.23%,0
"2026-08-13 14:38",8.79,8.83,8.79,8.83,0.03,+0.34%,0
"2026-08-13 14:39",8.83,8.88,8.83,8.88,0.05,+0.57%,0
"2026-08-13 14:40",8.91,8.93,8.91,8.92,0.04,+0.45%,0
"2026-08-13 14:41",8.94,8.95,8.93,8.95,0.03,+0.34%,0
"2026-08-13 14:42",8.97,9.02,8.97,9.02,0.07,+0.78%,0
"2026-08-13 14:43",9.05,9.07,9.05,9.06,0.04,+0.44%,0
"2026-08-13 14:44",9.06,9.09,9.06,9.09,0.03,+0.33%,0
"2026-08-13 14:45",9.1,9.11,9.09,9.11,0.02,+0.22%,0
"2026-08-13 14:46",9.1,9.11,9.08,9.08,-0.03,-0.33%,0
"2026-08-13 14:47",9.1,9.15,9.1,9.15,0.07,+0.77%,0
"2026-08-13 14:48",9.15,9.17,9.15,9.17,0.02,+0.22%,0
"2026-08-13 14:49",9.17,9.19,9.16,9.19,0.02,+0.22%,0
"2026-08-13 14:50",9.19,9.2,9.19,9.2,0.01,+0.11%,0
"2026-08-13 14:51",9.21,9.24,9.21,9.24,0.04,+0.43%,0
"2026-08-13 14:52",9.24,9.24,9.19,9.19,-0.05,-0.54%,0
"2026-08-13 14:53",9.1,9.11,9.1,9.11,-0.08,-0.87%,0
"2026-08-13 14:54",9.12,9.14,9.12,9.14,0.03,+0.33%,0
"2026-08-13 14:55",9.15,9.18,9.15,9.18,0.04,+0.44%,0
"2026-08-13 14:56",9.2,9.3,9.2,9.3,0.12,+1.31%,0
"2026-08-13 14:57",9.29,9.33,9.29,9.29,-0.01,-0.11%,0
"2026-08-13 14:58",9.32,9.32,9.28,9.29,0,0.00%,0
"2026-08-13 14:59",9.3,9.3,9.22,9.22,-0.07,-0.75%,0
"2026-08-13 15:00",9.24,9.29,9.24,9.29,0.07,+0.76%,0
"2026-08-13 15:01",9.33,9.35,9.3,9.3,0.01,+0.11%,0
"2026-08-13 15:02",9.26,9.26,9.19,9.19,-0.11,-1.18%,0
"2026-08-13 15:03",9.2,9.2,9.18,9.18,-0.01,-0.11%,0
"2026-08-13 15:04",9.18,9.19,9.18,9.19,0.01,+0.11%,0
"2026-08-13 15:05",9.19,9.21,9.19,9.19,0,0.00%,0
"2026-08-13 15:06",9.2,9.22,9.2,9.22,0.03,+0.33%,0
"2026-08-13 15:07",9.23,9.28,9.23,9.28,0.06,+0.65%,0
"2026-08-13 15:08",9.28,9.35,9.28,9.35,0.07,+0.75%,0
"2026-08-13 15:09",9.35,9.43,9.35,9.38,0.03,+0.32%,0
"2026-08-13 15:10",9.42,9.45,9.42,9.45,0.07,+0.75%,0
"2026-08-13 15:11",9.4,9.4,9.4,9.4,-0.05,-0.53%,0
"2026-08-13 15:12",9.44,9.45,9.4,9.4,0,0.00%,0
"2026-08-13 15:13",9.41,9.42,9.41,9.41,0.01,+0.11%,0
"2026-08-13 15:14",9.41,9.45,9.41,9.45,0.04,+0.43%,0
"2026-08-13 15:15",9.45,9.45,9.38,9.38,-0.07,-0.74%,0
"2026-08-13 15:16",9.35,9.37,9.35,9.36,-0.02,-0.21%,0
"2026-08-13 15:17",9.37,9.38,9.37,9.37,0.01,+0.11%,0
"2026-08-13 15:18",9.38,9.41,9.38,9.41,0.04,+0.43%,0
"2026-08-13 15:19",9.4,9.4,9.39,9.4,-0.01,-0.11%,0
"2026-08-13 15:20",9.41,9.5,9.41,9.5,0.1,+1.06%,0
"2026-08-13 15:21",9.52,9.56,9.52,9.56,0.06,+0.63%,0
"2026-08-13 15:22",9.57,9.59,9.57,9.58,0.02,+0.21%,0
"2026-08-13 15:23",9.59,9.61,9.59,9.61,0.03,+0.31%,0
"2026-08-13 15:24",9.62,9.63,9.62,9.63,0.02,+0.21%,0
"2026-08-13 15:25",9.65,9.68,9.65,9.67,0.04,+0.42%,0
"2026-08-13 15:26",9.66,9.67,9.65,9.67,0,0.00%,0
"2026-08-13 15:27",9.67,9.67,9.67,9.67,0,0.00%,0
"2026-08-13 15:28",9.67,9.69,9.67,9.69,0.02,+0.21%,0
"2026-08-13 15:29",9.73,9.78,9.73,9.77,0.08,+0.83%,0
"2026-08-13 15:30",9.78,9.87,9.78,9.83,0.06,+0.61%,0
"2026-08-13 15:31",9.83,9.84,9.83,9.84,0.01,+0.10%,0
"2026-08-13 15:32",9.83,9.85,9.83,9.84,0,0.00%,0
"2026-08-13 15:33",9.84,9.85,9.83,9.85,0.01,+0.10%,0
"2026-08-13 15:34",9.77,9.8,9.77,9.79,-0.06,-0.61%,0
"2026-08-13 15:35",9.8,9.83,9.8,9.81,0.02,+0.20%,0
"2026-08-13 15:36",9.72,9.72,9.7,9.72,-0.09,-0.92%,0
"2026-08-13 15:37",9.7,9.7,9.66,9.66,-0.06,-0.62%,0
"2026-08-13 15:38",9.74,9.75,9.7,9.7,0.04,+0.41%,0
"2026-08-13 15:39",9.69,9.69,9.69,9.69,-0.01,-0.10%,0
"2026-08-13 15:40",9.69,9.69,9.63,9.63,-0.06,-0.62%,0
"2026-08-13 15:41",9.62,9.63,9.62,9.63,0,0.00%,0
"2026-08-13 15:42",9.64,9.64,9.59,9.59,-0.04,-0.42%,0
"2026-08-13 15:43",9.58,9.59,9.56,9.58,-0.01,-0.10%,0
"2026-08-13 15:44",9.58,9.6,9.58,9.6,0.02,+0.21%,0
"2026-08-13 15:45",9.6,9.73,9.6,9.71,0.11,+1.15%,0
"2026-08-13 15:46",9.71,9.74,9.71,9.73,0.02,+0.21%,0
"2026-08-13 15:47",9.71,9.71,9.69,9.69,-0.04,-0.41%,0
"2026-08-13 15:48",9.7,9.7,9.66,9.66,-0.03,-0.31%,0
"2026-08-13 15:49",9.64,9.64,9.57,9.57,-0.09,-0.93%,0
"2026-08-13 15:50",9.56,9.56,9.51,9.51,-0.06,-0.63%,0
"2026-08-13 15:51",9.49,9.49,9.42,9.42,-0.09,-0.95%,0
"2026-08-13 15:52",9.41,9.43,9.41,9.43,0.01,+0.11%,0
"2026-08-13 15:53",9.48,9.53,9.48,9.52,0.09,+0.95%,0
"2026-08-13 15:54",9.52,9.52,9.49,9.51,-0.01,-0.11%,0
"2026-08-13 15:55",9.45,9.45,9.36,9.36,-0.15,-1.58%,0
"2026-08-13 15:56",9.36,9.36,9.33,9.33,-0.03,-0.32%,0
"2026-08-13 15:57",9.3,9.3,9.28,9.29,-0.04,-0.43%,0
"2026-08-13 15:58",9.38,9.4,9.35,9.35,0.06,+0.65%,0
"2026-08-13 15:59",9.43,9.47,9.43,9.46,0.11,+1.18%,0
"2026-08-13 16:00",9.36,9.44,9.36,9.42,-0.04,-0.42%,0
"2026-08-13 16:01",9.28,9.28,9.23,9.23,-0.19,-2.02%,0
"2026-08-13 16:02",9.21,9.21,9.18,9.18,-0.05,-0.54%,0
"2026-08-13 16:03",9.19,9.19,9.13,9.15,-0.03,-0.33%,0
"2026-08-13 16:04",9.14,9.16,9.14,9.15,0,0.00%,0
"2026-08-13 16:05",9.14,9.18,9.14,9.18,0.03,+0.33%,0
"2026-08-13 16:06",9.19,9.21,9.19,9.21,0.03,+0.33%,0
"2026-08-13 16:07",9.2,9.26,9.2,9.26,0.05,+0.54%,0
"2026-08-13 16:08",9.27,9.28,9.27,9.28,0.02,+0.22%,0
"2026-08-13 16:09",9.3,9.32,9.3,9.31,0.03,+0.32%,0
"2026-08-13 16:10",9.32,9.34,9.32,9.34,0.03,+0.32%,0
"2026-08-13 16:11",9.34,9.36,9.34,9.35,0.01,+0.11%,0
"2026-08-13 16:12",9.34,9.39,9.34,9.39,0.04,+0.43%,0
"2026-08-13 16:13",9.41,9.54,9.41,9.54,0.15,+1.60%,0
"2026-08-13 16:14",9.53,9.53,9.52,9.53,-0.01,-0.10%,0
"2026-08-13 16:15",9.49,9.49,9.49,9.49,-0.04,-0.42%,0
"2026-08-14 09:31",7.07,7.07,6.88,6.88,-2.61,-27.50%,0
"2026-08-14 09:32",6.93,6.95,6.9,6.95,0.07,+1.02%,0
"2026-08-14 09:33",6.88,6.89,6.84,6.84,-0.11,-1.58%,0
"2026-08-14 09:34",6.85,6.85,6.76,6.79,-0.05,-0.73%,0
"2026-08-14 09:35",6.73,6.77,6.73,6.77,-0.02,-0.29%,0
"2026-08-14 09:36",6.77,6.89,6.77,6.89,0.12,+1.77%,0
"2026-08-14 09:37",6.93,6.96,6.9,6.92,0.03,+0.44%,0
"2026-08-14 09:38",6.9,6.91,6.88,6.88,-0.04,-0.58%,0
"2026-08-14 09:39",6.89,6.9,6.86,6.86,-0.02,-0.29%,0
"2026-08-14 09:40",6.81,6.85,6.76,6.81,-0.05,-0.73%,0
"2026-08-14 09:41",6.79,6.79,6.73,6.73,-0.08,-1.17%,0
"2026-08-14 09:42",6.72,6.72,6.67,6.67,-0.06,-0.89%,0
"2026-08-14 09:43",6.66,6.68,6.64,6.64,-0.03,-0.45%,0
"2026-08-14 09:44",6.63,6.63,6.62,6.62,-0.02,-0.30%,0
"2026-08-14 09:45",6.65,6.65,6.62,6.65,0.03,+0.45%,0
"2026-08-14 09:46",6.66,6.75,6.66,6.75,0.1,+1.50%,0
"2026-08-14 09:47",6.75,6.81,6.73,6.73,-0.02,-0.30%,0
"2026-08-14 09:48",6.69,6.69,6.68,6.69,-0.04,-0.59%,0
"2026-08-14 09:49",6.7,6.7,6.7,6.7,0.01,+0.15%,0
"2026-08-14 09:50",6.74,6.8,6.74,6.8,0.1,+1.49%,0
"2026-08-14 09:51",6.76,6.84,6.76,6.78,-0.02,-0.29%,0
"2026-08-14 09:52",6.74,6.74,6.7,6.7,-0.08,-1.18%,0
"2026-08-14 09:53",6.7,6.74,6.7,6.73,0.03,+0.45%,0
"2026-08-14 09:54",6.7,6.7,6.67,6.67,-0.06,-0.89%,0
"2026-08-14 09:55",6.71,6.72,6.71,6.71,0.04,+0.60%,0
"2026-08-14 09:56",6.71,6.75,6.71,6.72,0.01,+0.15%,0
"2026-08-14 09:57",6.72,6.72,6.7,6.7,-0.02,-0.30%,0
"2026-08-14 09:58",6.69,6.69,6.65,6.65,-0.05,-0.75%,0
"2026-08-14 09:59",6.62,6.75,6.62,6.74,0.09,+1.35%,0
"2026-08-14 10:00",6.7,6.7,6.6,6.6,-0.14,-2.08%,0
"2026-08-14 10:01",6.6,6.6,6.56,6.57,-0.03,-0.45%,0
"2026-08-14 10:02",6.57,6.57,6.52,6.52,-0.05,-0.76%,0
"2026-08-14 10:03",6.51,6.56,6.51,6.56,0.04,+0.61%,0
"2026-08-14 10:04",6.54,6.54,6.49,6.49,-0.07,-1.07%,0
"2026-08-14 10:05",6.48,6.52,6.48,6.52,0.03,+0.46%,0
"2026-08-14 10:06",6.51,6.56,6.51,6.56,0.04,+0.61%,0
"2026-08-14 10:07",6.55,6.57,6.55,6.56,0,0.00%,0
"2026-08-14 10:08",6.55,6.55,6.52,6.52,-0.04,-0.61%,0
"2026-08-14 10:09",6.57,6.57,6.55,6.56,0.04,+0.61%,0
"2026-08-14 10:10",6.57,6.57,6.52,6.52,-0.04,-0.61%,0
"2026-08-14 10:11",6.52,6.53,6.52,6.53,0.01,+0.15%,0
"2026-08-14 10:12",6.51,6.53,6.5,6.5,-0.03,-0.46%,0
"2026-08-14 10:13",6.49,6.49,6.47,6.47,-0.03,-0.46%,0
"2026-08-14 10:14",6.47,6.48,6.45,6.48,0.01,+0.15%,0
"2026-08-14 10:15",6.5,6.54,6.5,6.53,0.05,+0.77%,0
"2026-08-14 10:16",6.52,6.56,6.51,6.51,-0.02,-0.31%,0
"2026-08-14 10:17",6.5,6.51,6.48,6.48,-0.03,-0.46%,0
"2026-08-14 10:18",6.49,6.64,6.49,6.62,0.14,+2.16%,0
"2026-08-14 10:19",6.62,6.68,6.62,6.68,0.06,+0.91%,0
"2026-08-14 10:20",6.69,6.81,6.69,6.75,0.07,+1.05%,0
"2026-08-14 10:21",6.72,6.91,6.72,6.91,0.16,+2.37%,0
"2026-08-14 10:22",6.79,6.87,6.79,6.83,-0.08,-1.16%,0
"2026-08-14 10:23",6.83,6.85,6.75,6.75,-0.08,-1.17%,0
"2026-08-14 10:24",6.81,6.81,6.75,6.78,0.03,+0.44%,0
"2026-08-14 10:25",6.77,6.79,6.76,6.76,-0.02,-0.29%,0
"2026-08-14 10:26",6.79,6.81,6.79,6.81,0.05,+0.74%,0
"2026-08-14 10:27",6.79,6.81,6.78,6.78,-0.03,-0.44%,0
"2026-08-14 10:28",6.78,6.82,6.78,6.78,0,0.00%,0
"2026-08-14 10:29",6.76,6.76,6.73,6.74,-0.04,-0.59%,0
"2026-08-14 10:30",6.72,6.84,6.72,6.84,0.1,+1.48%,0
"2026-08-14 10:31",6.89,6.9,6.85,6.86,0.02,+0.29%,0
"2026-08-14 10:32",6.84,6.91,6.83,6.91,0.05,+0.73%,0
"2026-08-14 10:33",6.9,6.97,6.9,6.97,0.06,+0.87%,0
"2026-08-14 10:34",6.97,6.98,6.89,6.89,-0.08,-1.15%,0
"2026-08-14 10:35",6.94,6.95,6.94,6.94,0.05,+0.73%,0
"2026-08-14 10:36",6.94,6.94,6.85,6.85,-0.09,-1.30%,0
"2026-08-14 10:37",6.86,6.92,6.86,6.92,0.07,+1.02%,0
"2026-08-14 10:38",6.94,6.94,6.9,6.9,-0.02,-0.29%,0
"2026-08-14 10:39",6.9,6.9,6.83,6.83,-0.07,-1.01%,0
"2026-08-14 10:40",6.82,6.95,6.82,6.95,0.12,+1.76%,0
"2026-08-14 10:41",6.94,6.96,6.94,6.94,-0.01,-0.14%,0
"2026-08-14 10:42",6.93,6.94,6.88,6.88,-0.06,-0.86%,0
"2026-08-14 10:43",6.86,6.89,6.86,6.89,0.01,+0.15%,0
"2026-08-14 10:44",6.9,6.93,6.9,6.9,0.01,+0.15%,0
"2026-08-14 10:45",6.9,6.92,6.9,6.92,0.02,+0.29%,0
"2026-08-14 10:46",6.9,6.9,6.85,6.85,-0.07,-1.01%,0
"2026-08-14 10:47",6.86,6.87,6.84,6.84,-0.01,-0.15%,0
"2026-08-14 10:48",6.84,6.84,6.84,6.84,0,0.00%,0
"2026-08-14 10:49",6.82,6.88,6.82,6.86,0.02,+0.29%,0
"2026-08-14 10:50",6.85,6.87,6.85,6.86,0,0.00%,0
"2026-08-14 10:51",6.84,6.87,6.83,6.83,-0.03,-0.44%,0
"2026-08-14 10:52",6.82,6.85,6.82,6.82,-0.01,-0.15%,0
"2026-08-14 10:53",6.79,6.79,6.76,6.78,-0.04,-0.59%,0
"2026-08-14 10:54",6.85,6.85,6.81,6.81,0.03,+0.44%,0
"2026-08-14 10:55",6.82,6.85,6.82,6.82,0.01,+0.15%,0
"2026-08-14 10:56",6.82,6.84,6.82,6.83,0.01,+0.15%,0
"2026-08-14 10:57",6.83,6.83,6.8,6.81,-0.02,-0.29%,0
"2026-08-14 10:58",6.8,6.81,6.79,6.79,-0.02,-0.29%,0
"2026-08-14 10:59",6.79,6.84,6.79,6.83,0.04,+0.59%,0
"2026-08-14 11:00",6.89,6.91,6.88,6.91,0.08,+1.17%,0
"2026-08-14 11:01",6.88,6.91,6.88,6.89,-0.02,-0.29%,0
"2026-08-14 11:02",6.89,6.93,6.89,6.93,0.04,+0.58%,0
"2026-08-14 11:03",6.92,6.94,6.92,6.94,0.01,+0.14%,0
"2026-08-14 11:04",6.93,6.97,6.93,6.97,0.03,+0.43%,0
"2026-08-14 11:05",6.95,6.96,6.91,6.91,-0.06,-0.86%,0
"2026-08-14 11:06",6.91,6.95,6.91,6.94,0.03,+0.43%,0
"2026-08-14 11:07",6.95,6.95,6.93,6.93,-0.01,-0.14%,0
"2026-08-14 11:08",6.95,7.01,6.95,7.01,0.08,+1.15%,0
"2026-08-14 11:09",7.02,7.04,7.01,7.04,0.03,+0.43%,0
"2026-08-14 11:10",7.02,7.06,7.02,7.06,0.02,+0.28%,0
"2026-08-14 11:11",7.05,7.05,7.01,7.01,-0.05,-0.71%,0
"2026-08-14 11:12",7.01,7.04,7.01,7.04,0.03,+0.43%,0
"2026-08-14 11:13",7.02,7.04,7.02,7.04,0,0.00%,0
"2026-08-14 11:14",7.03,7.1,7.03,7.1,0.06,+0.85%,0
"2026-08-14 11:15",7.09,7.09,7.04,7.05,-0.05,-0.70%,0
"2026-08-14 11:16",7.05,7.08,7.05,7.07,0.02,+0.28%,0
"2026-08-14 11:17",7.03,7.07,7.03,7.06,-0.01,-0.14%,0
"2026-08-14 11:18",7.05,7.05,7.05,7.05,-0.01,-0.14%,0
"2026-08-14 11:19",7.04,7.08,7.04,7.08,0.03,+0.43%,0
"2026-08-14 11:20",7.07,7.09,7.07,7.09,0.01,+0.14%,0
"2026-08-14 11:21",7.09,7.16,7.09,7.15,0.06,+0.85%,0
"2026-08-14 11:22",7.16,7.23,7.16,7.23,0.08,+1.12%,0
"2026-08-14 11:23",7.24,7.24,7.24,7.24,0.01,+0.14%,0
"2026-08-14 11:24",7.23,7.32,7.23,7.32,0.08,+1.10%,0
"2026-08-14 11:25",7.33,7.34,7.31,7.34,0.02,+0.27%,0
"2026-08-14 11:26",7.39,7.49,7.39,7.49,0.15,+2.04%,0
"2026-08-14 11:27",7.46,7.49,7.4,7.4,-0.09,-1.20%,0
"2026-08-14 11:28",7.41,7.44,7.4,7.44,0.04,+0.54%,0
"2026-08-14 11:29",7.44,7.44,7.33,7.33,-0.11,-1.48%,0
"2026-08-14 11:30",7.32,7.37,7.32,7.37,0.04,+0.55%,0
"2026-08-14 11:31",7.38,7.47,7.38,7.46,0.09,+1.22%,0
"2026-08-14 11:32",7.47,7.48,7.45,7.45,-0.01,-0.13%,0
"2026-08-14 11:33",7.45,7.48,7.44,7.44,-0.01,-0.13%,0
"2026-08-14 11:34",7.46,7.47,7.45,7.47,0.03,+0.40%,0
"2026-08-14 11:35",7.44,7.44,7.43,7.44,-0.03,-0.40%,0
"2026-08-14 11:36",7.43,7.43,7.37,7.38,-0.06,-0.81%,0
"2026-08-14 11:37",7.45,7.55,7.45,7.52,0.14,+1.90%,0
"2026-08-14 11:38",7.52,7.52,7.46,7.46,-0.06,-0.80%,0
"2026-08-14 11:39",7.45,7.48,7.45,7.48,0.02,+0.27%,0
"2026-08-14 11:40",7.49,7.59,7.49,7.59,0.11,+1.47%,0
"2026-08-14 11:41",7.58,7.62,7.58,7.62,0.03,+0.40%,0
"2026-08-14 11:42",7.62,7.64,7.62,7.64,0.02,+0.26%,0
"2026-08-14 11:43",7.64,7.65,7.64,7.65,0.01,+0.13%,0
"2026-08-14 11:44",7.64,7.64,7.61,7.61,-0.04,-0.52%,0
"2026-08-14 11:45",7.61,7.62,7.59,7.59,-0.02,-0.26%,0
"2026-08-14 11:46",7.59,7.63,7.59,7.63,0.04,+0.53%,0
"2026-08-14 11:47",7.63,7.66,7.63,7.65,0.02,+0.26%,0
"2026-08-14 11:48",7.68,7.69,7.68,7.69,0.04,+0.52%,0
"2026-08-14 11:49",7.75,7.78,7.75,7.78,0.09,+1.17%,0
"2026-08-14 11:50",7.79,7.82,7.79,7.79,0.01,+0.13%,0
"2026-08-14 11:51",7.78,7.81,7.78,7.79,0,0.00%,0
"2026-08-14 11:52",7.74,7.74,7.71,7.73,-0.06,-0.77%,0
"2026-08-14 11:53",7.71,7.73,7.7,7.7,-0.03,-0.39%,0
"2026-08-14 11:54",7.68,7.68,7.66,7.66,-0.04,-0.52%,0
"2026-08-14 11:55",7.67,7.67,7.65,7.65,-0.01,-0.13%,0
"2026-08-14 11:56",7.66,7.68,7.66,7.67,0.02,+0.26%,0
"2026-08-14 11:57",7.65,7.69,7.65,7.67,0,0.00%,0
"2026-08-14 11:58",7.66,7.66,7.65,7.65,-0.02,-0.26%,0
"2026-08-14 11:59",7.66,7.66,7.66,7.66,0.01,+0.13%,0
"2026-08-14 12:00",7.66,7.66,7.61,7.61,-0.05,-0.65%,0
"2026-08-14 12:01",7.58,7.58,7.58,7.58,-0.03,-0.39%,0
"2026-08-14 12:02",7.59,7.61,7.59,7.61,0.03,+0.40%,0
"2026-08-14 12:03",7.63,7.65,7.63,7.65,0.04,+0.53%,0
"2026-08-14 12:04",7.65,7.69,7.65,7.69,0.04,+0.52%,0
"2026-08-14 12:05",7.7,7.72,7.7,7.72,0.03,+0.39%,0
"2026-08-14 12:06",7.71,7.74,7.71,7.74,0.02,+0.26%,0
"2026-08-14 12:07",7.71,7.71,7.7,7.7,-0.04,-0.52%,0
"2026-08-14 12:08",7.73,7.77,7.73,7.77,0.07,+0.91%,0
"2026-08-14 12:09",7.77,7.86,7.77,7.84,0.07,+0.90%,0
"2026-08-14 12:10",7.84,7.87,7.84,7.85,0.01,+0.13%,0
"2026-08-14 12:11",7.83,7.87,7.83,7.84,-0.01,-0.13%,0
"2026-08-14 12:12",7.81,7.82,7.8,7.8,-0.04,-0.51%,0
"2026-08-14 12:13",7.78,7.83,7.78,7.8,0,0.00%,0
"2026-08-14 12:14",7.8,7.81,7.8,7.81,0.01,+0.13%,0
"2026-08-14 12:15",7.8,7.81,7.8,7.81,0,0.00%,0
"2026-08-14 12:16",7.82,7.82,7.81,7.81,0,0.00%,0
"2026-08-14 12:17",7.8,7.82,7.8,7.81,0,0.00%,0
"2026-08-14 12:18",7.81,7.83,7.81,7.83,0.02,+0.26%,0
"2026-08-14 12:19",7.83,7.87,7.83,7.87,0.04,+0.51%,0
"2026-08-14 12:20",7.87,7.89,7.87,7.89,0.02,+0.25%,0
"2026-08-14 12:21",7.88,7.89,7.87,7.87,-0.02,-0.25%,0
"2026-08-14 12:22",7.89,7.91,7.89,7.91,0.04,+0.51%,0
"2026-08-14 12:23",7.91,7.93,7.91,7.93,0.02,+0.25%,0
"2026-08-14 12:24",7.93,7.94,7.92,7.92,-0.01,-0.13%,0
"2026-08-14 12:25",7.92,7.93,7.92,7.93,0.01,+0.13%,0
"2026-08-14 12:26",7.93,7.93,7.92,7.92,-0.01,-0.13%,0
"2026-08-14 12:27",7.93,7.95,7.93,7.94,0.02,+0.25%,0
"2026-08-14 12:28",7.94,7.97,7.94,7.97,0.03,+0.38%,0
"2026-08-14 12:29",7.96,7.97,7.96,7.96,-0.01,-0.13%,0
"2026-08-14 12:30",7.96,7.96,7.96,7.96,0,0.00%,0
"2026-08-14 12:31",7.95,8.02,7.95,8.02,0.06,+0.75%,0
"2026-08-14 12:32",8.01,8.05,8.01,8.03,0.01,+0.12%,0
"2026-08-14 12:33",8.03,8.05,8.03,8.05,0.02,+0.25%,0
"2026-08-14 12:34",8.03,8.06,8.03,8.04,-0.01,-0.12%,0
"2026-08-14 12:35",8.02,8.04,8.01,8.01,-0.03,-0.37%,0
"2026-08-14 12:36",8,8.03,8,8.02,0.01,+0.12%,0
"2026-08-14 12:37",7.97,7.99,7.97,7.97,-0.05,-0.62%,0
"2026-08-14 12:38",7.99,8.01,7.99,8,0.03,+0.38%,0
"2026-08-14 12:39",8,8.04,8,8.03,0.03,+0.38%,0
"2026-08-14 12:40",8.02,8.04,8.02,8.04,0.01,+0.12%,0
"2026-08-14 12:41",8.05,8.15,8.05,8.15,0.11,+1.37%,0
"2026-08-14 12:42",8.12,8.15,8.12,8.13,-0.02,-0.25%,0
"2026-08-14 12:43",8.13,8.13,8.11,8.11,-0.02,-0.25%,0
"2026-08-14 12:44",8.13,8.15,8.13,8.14,0.03,+0.37%,0
"2026-08-14 12:45",8.18,8.2,8.17,8.2,0.06,+0.74%,0
"2026-08-14 12:46",8.19,8.23,8.19,8.22,0.02,+0.24%,0
"2026-08-14 12:47",8.23,8.23,8.22,8.22,0,0.00%,0
"2026-08-14 12:48",8.23,8.24,8.22,8.22,0,0.00%,0
"2026-08-14 12:49",8.22,8.22,8.19,8.19,-0.03,-0.36%,0
"2026-08-14 12:50",8.18,8.29,8.18,8.29,0.1,+1.22%,0
"2026-08-14 12:51",8.29,8.3,8.29,8.29,0,0.00%,0
"2026-08-14 12:52",8.3,8.34,8.3,8.34,0.05,+0.60%,0
"2026-08-14 12:53",8.34,8.35,8.31,8.31,-0.03,-0.36%,0
"2026-08-14 12:54",8.33,8.38,8.33,8.37,0.06,+0.72%,0
"2026-08-14 12:55",8.37,8.37,8.35,8.35,-0.02,-0.24%,0
"2026-08-14 12:56",8.35,8.38,8.35,8.37,0.02,+0.24%,0
"2026-08-14 12:57",8.37,8.4,8.37,8.39,0.02,+0.24%,0
"2026-08-14 12:58",8.4,8.51,8.4,8.51,0.12,+1.43%,0
"2026-08-14 12:59",8.5,8.53,8.5,8.52,0.01,+0.12%,0
"2026-08-14 13:00",8.54,8.54,8.51,8.53,0.01,+0.12%,0
"2026-08-14 13:01",8.54,8.56,8.54,8.55,0.02,+0.23%,0
"2026-08-14 13:02",8.53,8.62,8.53,8.62,0.07,+0.82%,0
"2026-08-14 13:03",8.63,8.63,8.61,8.62,0,0.00%,0
"2026-08-14 13:04",8.55,8.56,8.55,8.56,-0.06,-0.70%,0
"2026-08-14 13:05",8.56,8.56,8.51,8.53,-0.03,-0.35%,0
"2026-08-14 13:06",8.54,8.54,8.53,8.53,0,0.00%,0
"2026-08-14 13:07",8.54,8.54,8.52,8.52,-0.01,-0.12%,0
"2026-08-14 13:08",8.51,8.54,8.51,8.52,0,0.00%,0
"2026-08-14 13:09",8.51,8.54,8.51,8.54,0.02,+0.23%,0
"2026-08-14 13:10",8.54,8.55,8.54,8.55,0.01,+0.12%,0
"2026-08-14 13:11",8.54,8.54,8.5,8.5,-0.05,-0.58%,0
"2026-08-14 13:12",8.5,8.5,8.47,8.48,-0.02,-0.24%,0
"2026-08-14 13:13",8.47,8.47,8.44,8.44,-0.04,-0.47%,0
"2026-08-14 13:14",8.45,8.46,8.45,8.46,0.02,+0.24%,0
"2026-08-14 13:15",8.44,8.46,8.43,8.46,0,0.00%,0
"2026-08-14 13:16",8.47,8.54,8.47,8.54,0.08,+0.95%,0
"2026-08-14 13:17",8.55,8.56,8.53,8.53,-0.01,-0.12%,0
"2026-08-14 13:18",8.52,8.53,8.52,8.53,0,0.00%,0
"2026-08-14 13:19",8.54,8.55,8.53,8.53,0,0.00%,0
"2026-08-14 13:20",8.54,8.55,8.54,8.54,0.01,+0.12%,0
"2026-08-14 13:21",8.54,8.57,8.53,8.53,-0.01,-0.12%,0
"2026-08-14 13:22",8.49,8.49,8.44,8.44,-0.09,-1.06%,0
"2026-08-14 13:23",8.45,8.46,8.45,8.45,0.01,+0.12%,0
"2026-08-14 13:24",8.45,8.47,8.45,8.47,0.02,+0.24%,0
"2026-08-14 13:25",8.46,8.53,8.46,8.53,0.06,+0.71%,0
"2026-08-14 13:26",8.5,8.55,8.5,8.55,0.02,+0.23%,0
"2026-08-14 13:27",8.53,8.54,8.52,8.52,-0.03,-0.35%,0
"2026-08-14 13:28",8.5,8.5,8.49,8.49,-0.03,-0.35%,0
"2026-08-14 13:29",8.48,8.5,8.48,8.5,0.01,+0.12%,0
"2026-08-14 13:30",8.5,8.5,8.49,8.49,-0.01,-0.12%,0
"2026-08-14 13:31",8.49,8.51,8.49,8.51,0.02,+0.24%,0
"2026-08-14 13:32",8.49,8.49,8.47,8.47,-0.04,-0.47%,0
"2026-08-14 13:33",8.47,8.49,8.47,8.48,0.01,+0.12%,0
"2026-08-14 13:34",8.48,8.5,8.48,8.49,0.01,+0.12%,0
"2026-08-14 13:35",8.49,8.52,8.49,8.51,0.02,+0.24%,0
"2026-08-14 13:36",8.51,8.53,8.48,8.48,-0.03,-0.35%,0
"2026-08-14 13:37",8.47,8.53,8.47,8.52,0.04,+0.47%,0
"2026-08-14 13:38",8.53,8.55,8.53,8.55,0.03,+0.35%,0
"2026-08-14 13:39",8.54,8.56,8.54,8.54,-0.01,-0.12%,0
"2026-08-14 13:40",8.54,8.57,8.54,8.54,0,0.00%,0
"2026-08-14 13:41",8.54,8.59,8.54,8.59,0.05,+0.59%,0
"2026-08-14 13:42",8.61,8.62,8.61,8.62,0.03,+0.35%,0
"2026-08-14 13:43",8.62,8.63,8.62,8.62,0,0.00%,0
"2026-08-14 13:44",8.61,8.63,8.61,8.62,0,0.00%,0
"2026-08-14 13:45",8.62,8.62,8.6,8.6,-0.02,-0.23%,0
"2026-08-14 13:46",8.6,8.61,8.6,8.6,0,0.00%,0
"2026-08-14 13:47",8.61,8.63,8.61,8.63,0.03,+0.35%,0
"2026-08-14 13:48",8.63,8.65,8.63,8.64,0.01,+0.12%,0
"2026-08-14 13:49",8.65,8.66,8.65,8.66,0.02,+0.23%,0
"2026-08-14 13:50",8.66,8.7,8.66,8.7,0.04,+0.46%,0
"2026-08-14 13:51",8.69,8.7,8.67,8.67,-0.03,-0.34%,0
"2026-08-14 13:52",8.67,8.68,8.65,8.66,-0.01,-0.12%,0
"2026-08-14 13:53",8.66,8.66,8.64,8.64,-0.02,-0.23%,0
"2026-08-14 13:54",8.65,8.66,8.65,8.65,0.01,+0.12%,0
"2026-08-14 13:55",8.65,8.68,8.65,8.68,0.03,+0.35%,0
"2026-08-14 13:56",8.68,8.72,8.68,8.72,0.04,+0.46%,0
"2026-08-14 13:57",8.72,8.74,8.72,8.74,0.02,+0.23%,0
"2026-08-14 13:58",8.73,8.74,8.73,8.74,0,0.00%,0
"2026-08-14 13:59",8.75,8.76,8.75,8.76,0.02,+0.23%,0
"2026-08-14 14:00",8.76,8.77,8.76,8.76,0,0.00%,0
"2026-08-14 14:01",8.76,8.79,8.76,8.78,0.02,+0.23%,0
"2026-08-14 14:02",8.78,8.86,8.78,8.86,0.08,+0.91%,0
"2026-08-14 14:03",8.87,8.89,8.87,8.89,0.03,+0.34%,0
"2026-08-14 14:04",8.89,8.91,8.89,8.9,0.01,+0.11%,0
"2026-08-14 14:05",8.9,8.91,8.9,8.91,0.01,+0.11%,0
"2026-08-14 14:06",8.9,8.92,8.9,8.92,0.01,+0.11%,0
"2026-08-14 14:07",8.88,8.9,8.86,8.86,-0.06,-0.67%,0
"2026-08-14 14:08",8.81,8.81,8.81,8.81,-0.05,-0.56%,0
"2026-08-14 14:09",8.81,8.83,8.81,8.83,0.02,+0.23%,0
"2026-08-14 14:10",8.82,8.85,8.82,8.84,0.01,+0.11%,0
"2026-08-14 14:11",8.84,8.85,8.84,8.85,0.01,+0.11%,0
"2026-08-14 14:12",8.86,8.86,8.86,8.86,0.01,+0.11%,0
"2026-08-14 14:13",8.86,8.87,8.86,8.87,0.01,+0.11%,0
"2026-08-14 14:14",8.88,8.88,8.86,8.86,-0.01,-0.11%,0
"2026-08-14 14:15",8.85,8.86,8.85,8.86,0,0.00%,0
"2026-08-14 14:16",8.87,8.87,8.86,8.86,0,0.00%,0
"2026-08-14 14:17",8.87,8.9,8.87,8.89,0.03,+0.34%,0
"2026-08-14 14:18",8.89,8.89,8.86,8.86,-0.03,-0.34%,0
"2026-08-14 14:19",8.86,8.88,8.86,8.86,0,0.00%,0
"2026-08-14 14:20",8.86,8.87,8.84,8.84,-0.02,-0.23%,0
"2026-08-14 14:21",8.82,8.83,8.82,8.82,-0.02,-0.23%,0
"2026-08-14 14:22",8.83,8.84,8.82,8.82,0,0.00%,0
"2026-08-14 14:23",8.82,8.84,8.82,8.84,0.02,+0.23%,0
"2026-08-14 14:24",8.84,8.85,8.84,8.85,0.01,+0.11%,0
"2026-08-14 14:25",8.84,8.87,8.84,8.86,0.01,+0.11%,0
"2026-08-14 14:26",8.86,8.87,8.86,8.87,0.01,+0.11%,0
"2026-08-14 14:27",8.87,8.88,8.87,8.87,0,0.00%,0
"2026-08-14 14:28",8.87,8.87,8.87,8.87,0,0.00%,0
"2026-08-14 14:29",8.87,8.87,8.84,8.84,-0.03,-0.34%,0
"2026-08-14 14:30",8.84,8.84,8.82,8.82,-0.02,-0.23%,0
"2026-08-14 14:31",8.82,8.84,8.82,8.82,0,0.00%,0
"2026-08-14 14:32",8.85,8.9,8.85,8.9,0.08,+0.91%,0
"2026-08-14 14:33",8.89,8.91,8.89,8.91,0.01,+0.11%,0
"2026-08-14 14:34",8.91,8.94,8.91,8.94,0.03,+0.34%,0
"2026-08-14 14:35",8.93,8.95,8.93,8.94,0,0.00%,0
"2026-08-14 14:36",8.95,8.96,8.95,8.95,0.01,+0.11%,0
"2026-08-14 14:37",8.95,8.96,8.95,8.96,0.01,+0.11%,0
"2026-08-14 14:38",8.96,8.97,8.94,8.94,-0.02,-0.22%,0
"2026-08-14 14:39",8.93,8.95,8.93,8.95,0.01,+0.11%,0
"2026-08-14 14:40",8.95,8.98,8.95,8.96,0.01,+0.11%,0
"2026-08-14 14:41",8.95,8.95,8.94,8.94,-0.02,-0.22%,0
"2026-08-14 14:42",8.94,8.96,8.94,8.96,0.02,+0.22%,0
"2026-08-14 14:43",8.97,8.98,8.97,8.97,0.01,+0.11%,0
"2026-08-14 14:44",8.95,8.97,8.95,8.96,-0.01,-0.11%,0
"2026-08-14 14:45",8.96,8.98,8.96,8.98,0.02,+0.22%,0
"2026-08-14 14:46",8.98,8.99,8.98,8.98,0,0.00%,0
"2026-08-14 14:47",9.02,9.05,9.02,9.05,0.07,+0.78%,0
"2026-08-14 14:48",9.05,9.06,9.05,9.06,0.01,+0.11%,0
"2026-08-14 14:49",9.06,9.07,9.06,9.07,0.01,+0.11%,0
"2026-08-14 14:50",9.07,9.09,9.07,9.07,0,0.00%,0
"2026-08-14 14:51",9.06,9.08,9.06,9.06,-0.01,-0.11%,0
"2026-08-14 14:52",9.06,9.07,9.06,9.07,0.01,+0.11%,0
"2026-08-14 14:53",9.07,9.08,9.06,9.06,-0.01,-0.11%,0
"2026-08-14 14:54",9.06,9.08,9.06,9.08,0.02,+0.22%,0
"2026-08-14 14:55",9.07,9.09,9.07,9.07,-0.01,-0.11%,0
"2026-08-14 14:56",9.08,9.09,9.08,9.08,0.01,+0.11%,0
"2026-08-14 14:57",9.09,9.1,9.09,9.1,0.02,+0.22%,0
"2026-08-14 14:58",9.1,9.12,9.1,9.11,0.01,+0.11%,0
"2026-08-14 14:59",9.1,9.11,9.1,9.11,0,0.00%,0
"2026-08-14 15:00",9.1,9.12,9.1,9.12,0.01,+0.11%,0
"2026-08-14 15:01",9.13,9.14,9.11,9.11,-0.01,-0.11%,0
"2026-08-14 15:02",9.1,9.12,9.1,9.1,-0.01,-0.11%,0
"2026-08-14 15:03",9.1,9.11,9.1,9.11,0.01,+0.11%,0
"2026-08-14 15:04",9.11,9.11,9.1,9.1,-0.01,-0.11%,0
"2026-08-14 15:05",9.11,9.11,9.1,9.1,0,0.00%,0
"2026-08-14 15:06",9.08,9.08,9.06,9.06,-0.04,-0.44%,0
"2026-08-14 15:07",9.05,9.08,9.05,9.08,0.02,+0.22%,0
"2026-08-14 15:08",9.08,9.12,9.08,9.12,0.04,+0.44%,0
"2026-08-14 15:09",9.13,9.14,9.13,9.14,0.02,+0.22%,0
"2026-08-14 15:10",9.12,9.13,9.12,9.13,-0.01,-0.11%,0
"2026-08-14 15:11",9.12,9.14,9.12,9.13,0,0.00%,0
"2026-08-14 15:12",9.13,9.15,9.13,9.15,0.02,+0.22%,0
"2026-08-14 15:13",9.15,9.15,9.13,9.13,-0.02,-0.22%,0
"2026-08-14 15:14",9.13,9.13,9.08,9.08,-0.05,-0.55%,0
"2026-08-14 15:15",9.1,9.1,9.09,9.09,0.01,+0.11%,0
"2026-08-14 15:16",9.1,9.11,9.09,9.09,0,0.00%,0
"2026-08-14 15:17",9.09,9.15,9.09,9.15,0.06,+0.66%,0
"2026-08-14 15:18",9.14,9.14,9.11,9.11,-0.04,-0.44%,0
"2026-08-14 15:19",9.11,9.12,9.11,9.12,0.01,+0.11%,0
"2026-08-14 15:20",9.12,9.14,9.12,9.12,0,0.00%,0
"2026-08-14 15:21",9.13,9.14,9.13,9.14,0.02,+0.22%,0
"2026-08-14 15:22",9.15,9.18,9.15,9.18,0.04,+0.44%,0
"2026-08-14 15:23",9.22,9.22,9.21,9.21,0.03,+0.33%,0
"2026-08-14 15:24",9.2,9.21,9.17,9.17,-0.04,-0.43%,0
"2026-08-14 15:25",9.16,9.16,9.14,9.14,-0.03,-0.33%,0
"2026-08-14 15:26",9.13,9.14,9.13,9.13,-0.01,-0.11%,0
"2026-08-14 15:27",9.13,9.13,9.1,9.1,-0.03,-0.33%,0
"2026-08-14 15:28",9.12,9.12,9.1,9.1,0,0.00%,0
"2026-08-14 15:29",9.09,9.12,9.09,9.12,0.02,+0.22%,0
"2026-08-14 15:30",9.11,9.13,9.11,9.13,0.01,+0.11%,0
"2026-08-14 15:31",9.14,9.15,9.13,9.14,0.01,+0.11%,0
"2026-08-14 15:32",9.14,9.14,9.13,9.14,0,0.00%,0
"2026-08-14 15:33",9.14,9.14,9.04,9.04,-0.1,-1.09%,0
"2026-08-14 15:34",9.02,9.03,9.01,9.01,-0.03,-0.33%,0
"2026-08-14 15:35",9,9.01,9,9.01,0,0.00%,0
"2026-08-14 15:36",9.01,9.02,9.01,9.02,0.01,+0.11%,0
"2026-08-14 15:37",9.09,9.11,9.09,9.11,0.09,+1.00%,0
"2026-08-14 15:38",9.12,9.12,8.99,8.99,-0.12,-1.32%,0
"2026-08-14 15:39",8.99,9,8.99,9,0.01,+0.11%,0
"2026-08-14 15:40",9,9.08,9,9.05,0.05,+0.56%,0
"2026-08-14 15:41",9.02,9.04,9.02,9.04,-0.01,-0.11%,0
"2026-08-14 15:42",8.96,8.97,8.96,8.96,-0.08,-0.88%,0
"2026-08-14 15:43",8.94,9.04,8.94,8.97,0.01,+0.11%,0
"2026-08-14 15:44",8.98,9.03,8.98,9.03,0.06,+0.67%,0
"2026-08-14 15:45",9.03,9.03,9.02,9.02,-0.01,-0.11%,0
"2026-08-14 15:46",9.04,9.06,9.04,9.06,0.04,+0.44%,0
"2026-08-14 15:47",9.06,9.06,9.01,9.01,-0.05,-0.55%,0
"2026-08-14 15:48",8.97,8.97,8.9,8.9,-0.11,-1.22%,0
"2026-08-14 15:49",8.89,8.91,8.89,8.91,0.01,+0.11%,0
"2026-08-14 15:50",8.9,8.93,8.9,8.93,0.02,+0.22%,0
"2026-08-14 15:51",8.95,8.98,8.95,8.98,0.05,+0.56%,0
"2026-08-14 15:52",8.96,9.05,8.96,9.05,0.07,+0.78%,0
"2026-08-14 15:53",9.08,9.14,9.08,9.14,0.09,+0.99%,0
"2026-08-14 15:54",9.15,9.25,9.15,9.25,0.11,+1.20%,0
"2026-08-14 15:55",9.25,9.25,9.13,9.13,-0.12,-1.30%,0
"2026-08-14 15:56",9.08,9.08,9.07,9.07,-0.06,-0.66%,0
"2026-08-14 15:57",9.07,9.09,9.07,9.08,0.01,+0.11%,0
"2026-08-14 15:58",9.06,9.08,9.05,9.05,-0.03,-0.33%,0
"2026-08-14 15:59",9.19,9.21,9.1,9.1,0.05,+0.55%,0
"2026-08-14 16:00",9.02,9.04,9.02,9.03,-0.07,-0.77%,0
"2026-08-14 16:01",9.02,9.07,9.01,9.01,-0.02,-0.22%,0
"2026-08-14 16:02",9.02,9.03,9.01,9.01,0,0.00%,0
"2026-08-14 16:03",9,9.03,9,9.02,0.01,+0.11%,0
"2026-08-14 16:04",9.02,9.03,8.97,8.98,-0.04,-0.44%,0
"2026-08-14 16:05",9.01,9.06,9.01,9.06,0.08,+0.89%,0
"2026-08-14 16:06",9.06,9.14,9.06,9.14,0.08,+0.88%,0
"2026-08-14 16:07",9.17,9.24,9.17,9.24,0.1,+1.09%,0
"2026-08-14 16:08",9.25,9.26,9.24,9.24,0,0.00%,0
"2026-08-14 16:09",9.22,9.22,9.17,9.17,-0.07,-0.76%,0
"2026-08-14 16:10",9.18,9.18,9.16,9.16,-0.01,-0.11%,0
"2026-08-14 16:11",9.13,9.17,9.13,9.17,0.01,+0.11%,0
"2026-08-14 16:12",9.15,9.17,9.15,9.16,-0.01,-0.11%,0
"2026-08-14 16:13",9.17,9.17,9.13,9.13,-0.03,-0.33%,0
"2026-08-14 16:14",9.14,9.2,9.14,9.15,0.02,+0.22%,0
"2026-08-14 16:15",9.18,9.18,9.18,9.18,0.03,+0.33%,0
"2026-08-17 09:31",6.39,6.39,6.26,6.26,-2.92,-31.81%,0
"2026-08-17 09:32",6.11,6.27,6.11,6.27,0.01,+0.16%,0
"2026-08-17 09:33",6.35,6.43,6.29,6.29,0.02,+0.32%,0
"2026-08-17 09:34",6.34,6.53,6.34,6.53,0.24,+3.82%,0
"2026-08-17 09:35",6.58,6.59,6.4,6.4,-0.13,-1.99%,0
"2026-08-17 09:36",6.35,6.35,6.25,6.25,-0.15,-2.34%,0
"2026-08-17 09:37",6.24,6.24,6.18,6.18,-0.07,-1.12%,0
"2026-08-17 09:38",6.23,6.23,6.17,6.17,-0.01,-0.16%,0
"2026-08-17 09:39",6.19,6.24,6.15,6.24,0.07,+1.13%,0
"2026-08-17 09:40",6.22,6.23,6.16,6.16,-0.08,-1.28%,0
"2026-08-17 09:41",6.15,6.18,6.14,6.14,-0.02,-0.32%,0
"2026-08-17 09:42",6.09,6.11,6.03,6.03,-0.11,-1.79%,0
"2026-08-17 09:43",6.01,6.02,6,6.02,-0.01,-0.17%,0
"2026-08-17 09:44",6.05,6.05,5.97,5.97,-0.05,-0.83%,0
"2026-08-17 09:45",5.96,5.96,5.87,5.92,-0.05,-0.84%,0
"2026-08-17 09:46",5.94,6.01,5.93,6.01,0.09,+1.52%,0
"2026-08-17 09:47",6.02,6.05,5.98,5.98,-0.03,-0.50%,0
"2026-08-17 09:48",5.95,5.95,5.9,5.91,-0.07,-1.17%,0
"2026-08-17 09:49",5.91,5.95,5.89,5.89,-0.02,-0.34%,0
"2026-08-17 09:50",5.87,5.91,5.86,5.86,-0.03,-0.51%,0
"2026-08-17 09:51",5.86,5.86,5.77,5.77,-0.09,-1.54%,0
"2026-08-17 09:52",5.75,5.77,5.75,5.76,-0.01,-0.17%,0
"2026-08-17 09:53",5.78,5.78,5.73,5.73,-0.03,-0.52%,0
"2026-08-17 09:54",5.69,5.7,5.63,5.63,-0.1,-1.75%,0
"2026-08-17 09:55",5.63,5.65,5.63,5.64,0.01,+0.18%,0
"2026-08-17 09:56",5.65,5.65,5.64,5.64,0,0.00%,0
"2026-08-17 09:57",5.64,5.66,5.61,5.61,-0.03,-0.53%,0
"2026-08-17 09:58",5.61,5.61,5.56,5.56,-0.05,-0.89%,0
"2026-08-17 09:59",5.6,5.63,5.58,5.63,0.07,+1.26%,0
"2026-08-17 10:00",5.59,5.66,5.59,5.63,0,0.00%,0
"2026-08-17 10:01",5.67,5.74,5.67,5.7,0.07,+1.24%,0
"2026-08-17 10:02",5.7,5.73,5.67,5.73,0.03,+0.53%,0
"2026-08-17 10:03",5.78,5.82,5.77,5.77,0.04,+0.70%,0
"2026-08-17 10:04",5.76,5.76,5.72,5.72,-0.05,-0.87%,0
"2026-08-17 10:05",5.7,5.76,5.7,5.74,0.02,+0.35%,0
"2026-08-17 10:06",5.74,5.76,5.73,5.73,-0.01,-0.17%,0
"2026-08-17 10:07",5.74,5.74,5.71,5.72,-0.01,-0.17%,0
"2026-08-17 10:08",5.72,5.78,5.72,5.78,0.06,+1.05%,0
"2026-08-17 10:09",5.71,5.71,5.67,5.67,-0.11,-1.90%,0
"2026-08-17 10:10",5.66,5.66,5.63,5.64,-0.03,-0.53%,0
"2026-08-17 10:11",5.64,5.64,5.63,5.63,-0.01,-0.18%,0
"2026-08-17 10:12",5.63,5.63,5.55,5.55,-0.08,-1.42%,0
"2026-08-17 10:13",5.53,5.53,5.48,5.48,-0.07,-1.26%,0
"2026-08-17 10:14",5.48,5.48,5.41,5.43,-0.05,-0.91%,0
"2026-08-17 10:15",5.4,5.47,5.4,5.47,0.04,+0.74%,0
"2026-08-17 10:16",5.44,5.5,5.44,5.47,0,0.00%,0
"2026-08-17 10:17",5.48,5.53,5.48,5.51,0.04,+0.73%,0
"2026-08-17 10:18",5.46,5.47,5.46,5.47,-0.04,-0.73%,0
"2026-08-17 10:19",5.47,5.48,5.46,5.46,-0.01,-0.18%,0
"2026-08-17 10:20",5.48,5.51,5.48,5.51,0.05,+0.92%,0
"2026-08-17 10:21",5.55,5.55,5.51,5.51,0,0.00%,0
"2026-08-17 10:22",5.51,5.52,5.49,5.49,-0.02,-0.36%,0
"2026-08-17 10:23",5.49,5.49,5.46,5.48,-0.01,-0.18%,0
"2026-08-17 10:24",5.49,5.52,5.48,5.48,0,0.00%,0
"2026-08-17 10:25",5.48,5.52,5.48,5.52,0.04,+0.73%,0
"2026-08-17 10:26",5.51,5.55,5.51,5.54,0.02,+0.36%,0
"2026-08-17 10:27",5.51,5.53,5.51,5.53,-0.01,-0.18%,0
"2026-08-17 10:28",5.52,5.53,5.52,5.52,-0.01,-0.18%,0
"2026-08-17 10:29",5.54,5.54,5.49,5.49,-0.03,-0.54%,0
"2026-08-17 10:30",5.49,5.55,5.49,5.52,0.03,+0.55%,0
"2026-08-17 10:31",5.51,5.51,5.47,5.47,-0.05,-0.91%,0
"2026-08-17 10:32",5.45,5.45,5.44,5.44,-0.03,-0.55%,0
"2026-08-17 10:33",5.44,5.45,5.44,5.45,0.01,+0.18%,0
"2026-08-17 10:34",5.44,5.45,5.44,5.44,-0.01,-0.18%,0
"2026-08-17 10:35",5.44,5.49,5.44,5.49,0.05,+0.92%,0
"2026-08-17 10:36",5.5,5.5,5.48,5.48,-0.01,-0.18%,0
"2026-08-17 10:37",5.49,5.52,5.49,5.52,0.04,+0.73%,0
"2026-08-17 10:38",5.49,5.56,5.49,5.56,0.04,+0.72%,0
"2026-08-17 10:39",5.55,5.55,5.53,5.55,-0.01,-0.18%,0
"2026-08-17 10:40",5.57,5.58,5.56,5.56,0.01,+0.18%,0
"2026-08-17 10:41",5.58,5.6,5.57,5.59,0.03,+0.54%,0
"2026-08-17 10:42",5.6,5.61,5.58,5.6,0.01,+0.18%,0
"2026-08-17 10:43",5.59,5.59,5.55,5.56,-0.04,-0.71%,0
"2026-08-17 10:44",5.57,5.57,5.55,5.55,-0.01,-0.18%,0
"2026-08-17 10:45",5.57,5.57,5.56,5.56,0.01,+0.18%,0
"2026-08-17 10:46",5.56,5.58,5.56,5.56,0,0.00%,0
"2026-08-17 10:47",5.57,5.58,5.56,5.56,0,0.00%,0
"2026-08-17 10:48",5.55,5.56,5.55,5.56,0,0.00%,0
"2026-08-17 10:49",5.55,5.56,5.55,5.55,-0.01,-0.18%,0
"2026-08-17 10:50",5.55,5.57,5.54,5.54,-0.01,-0.18%,0
"2026-08-17 10:51",5.56,5.56,5.55,5.56,0.02,+0.36%,0
"2026-08-17 10:52",5.55,5.58,5.55,5.58,0.02,+0.36%,0
"2026-08-17 10:53",5.58,5.61,5.58,5.6,0.02,+0.36%,0
"2026-08-17 10:54",5.6,5.62,5.6,5.6,0,0.00%,0
"2026-08-17 10:55",5.6,5.63,5.6,5.61,0.01,+0.18%,0
"2026-08-17 10:56",5.61,5.65,5.61,5.63,0.02,+0.36%,0
"2026-08-17 10:57",5.6,5.61,5.59,5.59,-0.04,-0.71%,0
"2026-08-17 10:58",5.6,5.62,5.6,5.6,0.01,+0.18%,0
"2026-08-17 10:59",5.6,5.63,5.6,5.62,0.02,+0.36%,0
"2026-08-17 11:00",5.63,5.65,5.63,5.65,0.03,+0.53%,0
"2026-08-17 11:01",5.65,5.67,5.65,5.67,0.02,+0.35%,0
"2026-08-17 11:02",5.67,5.67,5.67,5.67,0,0.00%,0
"2026-08-17 11:03",5.66,5.66,5.65,5.65,-0.02,-0.35%,0
"2026-08-17 11:04",5.65,5.66,5.65,5.65,0,0.00%,0
"2026-08-17 11:05",5.65,5.71,5.65,5.71,0.06,+1.06%,0
"2026-08-17 11:06",5.7,5.71,5.7,5.7,-0.01,-0.18%,0
"2026-08-17 11:07",5.71,5.73,5.71,5.72,0.02,+0.35%,0
"2026-08-17 11:08",5.69,5.71,5.69,5.71,-0.01,-0.17%,0
"2026-08-17 11:09",5.7,5.7,5.68,5.68,-0.03,-0.53%,0
"2026-08-17 11:10",5.68,5.69,5.68,5.69,0.01,+0.18%,0
"2026-08-17 11:11",5.7,5.7,5.68,5.69,0,0.00%,0
"2026-08-17 11:12",5.68,5.7,5.68,5.69,0,0.00%,0
"2026-08-17 11:13",5.68,5.7,5.68,5.68,-0.01,-0.18%,0
"2026-08-17 11:14",5.68,5.71,5.68,5.69,0.01,+0.18%,0
"2026-08-17 11:15",5.68,5.68,5.67,5.67,-0.02,-0.35%,0
"2026-08-17 11:16",5.67,5.68,5.66,5.66,-0.01,-0.18%,0
"2026-08-17 11:17",5.68,5.69,5.68,5.68,0.02,+0.35%,0
"2026-08-17 11:18",5.68,5.7,5.68,5.7,0.02,+0.35%,0
"2026-08-17 11:19",5.69,5.69,5.66,5.66,-0.04,-0.70%,0
"2026-08-17 11:20",5.67,5.67,5.64,5.64,-0.02,-0.35%,0
"2026-08-17 11:21",5.64,5.65,5.64,5.65,0.01,+0.18%,0
"2026-08-17 11:22",5.66,5.68,5.66,5.68,0.03,+0.53%,0
"2026-08-17 11:23",5.68,5.68,5.67,5.67,-0.01,-0.18%,0
"2026-08-17 11:24",5.66,5.68,5.66,5.67,0,0.00%,0
"2026-08-17 11:25",5.67,5.7,5.67,5.7,0.03,+0.53%,0
"2026-08-17 11:26",5.71,5.72,5.7,5.71,0.01,+0.18%,0
"2026-08-17 11:27",5.71,5.73,5.71,5.72,0.01,+0.18%,0
"2026-08-17 11:28",5.72,5.74,5.72,5.74,0.02,+0.35%,0
"2026-08-17 11:29",5.75,5.75,5.75,5.75,0.01,+0.17%,0
"2026-08-17 11:30",5.75,5.76,5.75,5.76,0.01,+0.17%,0
"2026-08-17 11:31",5.75,5.76,5.75,5.76,0,0.00%,0
"2026-08-17 11:32",5.75,5.81,5.75,5.81,0.05,+0.87%,0
"2026-08-17 11:33",5.81,5.82,5.81,5.82,0.01,+0.17%,0
"2026-08-17 11:34",5.83,5.84,5.81,5.81,-0.01,-0.17%,0
"2026-08-17 11:35",5.81,5.82,5.8,5.8,-0.01,-0.17%,0
"2026-08-17 11:36",5.81,5.87,5.81,5.86,0.06,+1.03%,0
"2026-08-17 11:37",5.87,5.89,5.87,5.87,0.01,+0.17%,0
"2026-08-17 11:38",5.86,5.9,5.86,5.9,0.03,+0.51%,0
"2026-08-17 11:39",5.89,5.94,5.89,5.94,0.04,+0.68%,0
"2026-08-17 11:40",5.94,6.05,5.94,6.05,0.11,+1.85%,0
"2026-08-17 11:41",6.01,6.12,6.01,6.09,0.04,+0.66%,0
"2026-08-17 11:42",6.04,6.07,6.04,6.07,-0.02,-0.33%,0
"2026-08-17 11:43",6.07,6.13,6.06,6.13,0.06,+0.99%,0
"2026-08-17 11:44",6.13,6.13,6.04,6.04,-0.09,-1.47%,0
"2026-08-17 11:45",6.04,6.08,6.04,6.05,0.01,+0.17%,0
"2026-08-17 11:46",6.04,6.05,6.03,6.05,0,0.00%,0
"2026-08-17 11:47",6.05,6.07,6.03,6.03,-0.02,-0.33%,0
"2026-08-17 11:48",6.03,6.04,5.97,5.97,-0.06,-1.00%,0
"2026-08-17 11:49",5.99,6.03,5.99,6.03,0.06,+1.01%,0
"2026-08-17 11:50",6.01,6.03,6,6,-0.03,-0.50%,0
"2026-08-17 11:51",5.97,5.98,5.95,5.95,-0.05,-0.83%,0
"2026-08-17 11:52",5.93,5.94,5.93,5.94,-0.01,-0.17%,0
"2026-08-17 11:53",5.92,5.93,5.91,5.93,-0.01,-0.17%,0
"2026-08-17 11:54",5.89,5.93,5.89,5.93,0,0.00%,0
"2026-08-17 11:55",5.91,5.96,5.91,5.92,-0.01,-0.17%,0
"2026-08-17 11:56",5.93,5.93,5.91,5.91,-0.01,-0.17%,0
"2026-08-17 11:57",5.91,5.95,5.91,5.95,0.04,+0.68%,0
"2026-08-17 11:58",5.95,5.97,5.95,5.96,0.01,+0.17%,0
"2026-08-17 11:59",5.94,5.96,5.94,5.96,0,0.00%,0
"2026-08-17 12:00",5.96,6,5.95,6,0.04,+0.67%,0
"2026-08-17 12:01",6.02,6.02,6.01,6.01,0.01,+0.17%,0
"2026-08-17 12:02",6.04,6.07,6.04,6.07,0.06,+1.00%,0
"2026-08-17 12:03",6.06,6.07,6.06,6.07,0,0.00%,0
"2026-08-17 12:04",6.08,6.08,6.08,6.08,0.01,+0.16%,0
"2026-08-17 12:05",6.07,6.09,6.07,6.07,-0.01,-0.16%,0
"2026-08-17 12:06",6.08,6.11,6.08,6.11,0.04,+0.66%,0
"2026-08-17 12:07",6.11,6.11,6.09,6.09,-0.02,-0.33%,0
"2026-08-17 12:08",6.08,6.08,6.06,6.08,-0.01,-0.16%,0
"2026-08-17 12:09",6.09,6.09,6.06,6.08,0,0.00%,0
"2026-08-17 12:10",6.09,6.1,6.09,6.1,0.02,+0.33%,0
"2026-08-17 12:11",6.1,6.12,6.1,6.12,0.02,+0.33%,0
"2026-08-17 12:12",6.11,6.13,6.11,6.13,0.01,+0.16%,0
"2026-08-17 12:13",6.12,6.13,6.12,6.13,0,0.00%,0
"2026-08-17 12:14",6.13,6.14,6.13,6.13,0,0.00%,0
"2026-08-17 12:15",6.13,6.15,6.13,6.15,0.02,+0.33%,0
"2026-08-17 12:16",6.14,6.15,6.13,6.13,-0.02,-0.33%,0
"2026-08-17 12:17",6.12,6.13,6.12,6.12,-0.01,-0.16%,0
"2026-08-17 12:18",6.12,6.13,6.12,6.12,0,0.00%,0
"2026-08-17 12:19",6.11,6.12,6.11,6.12,0,0.00%,0
"2026-08-17 12:20",6.11,6.11,6.11,6.11,-0.01,-0.16%,0
"2026-08-17 12:21",6.11,6.13,6.11,6.13,0.02,+0.33%,0
"2026-08-17 12:22",6.12,6.15,6.12,6.14,0.01,+0.16%,0
"2026-08-17 12:23",6.14,6.16,6.14,6.16,0.02,+0.33%,0
"2026-08-17 12:24",6.15,6.17,6.14,6.14,-0.02,-0.32%,0
"2026-08-17 12:25",6.13,6.15,6.12,6.12,-0.02,-0.33%,0
"2026-08-17 12:26",6.11,6.13,6.11,6.13,0.01,+0.16%,0
"2026-08-17 12:27",6.12,6.14,6.12,6.14,0.01,+0.16%,0
"2026-08-17 12:28",6.14,6.16,6.14,6.16,0.02,+0.33%,0
"2026-08-17 12:29",6.15,6.15,6.14,6.14,-0.02,-0.32%,0
"2026-08-17 12:30",6.14,6.18,6.13,6.18,0.04,+0.65%,0
"2026-08-17 12:31",6.17,6.19,6.17,6.17,-0.01,-0.16%,0
"2026-08-17 12:32",6.19,6.2,6.19,6.19,0.02,+0.32%,0
"2026-08-17 12:33",6.25,6.25,6.22,6.25,0.06,+0.97%,0
"2026-08-17 12:34",6.23,6.26,6.23,6.25,0,0.00%,0
"2026-08-17 12:35",6.26,6.27,6.25,6.25,0,0.00%,0
"2026-08-17 12:36",6.26,6.28,6.26,6.28,0.03,+0.48%,0
"2026-08-17 12:37",6.29,6.29,6.29,6.29,0.01,+0.16%,0
"2026-08-17 12:38",6.27,6.28,6.27,6.28,-0.01,-0.16%,0
"2026-08-17 12:39",6.29,6.29,6.27,6.27,-0.01,-0.16%,0
"2026-08-17 12:40",6.26,6.3,6.26,6.3,0.03,+0.48%,0
"2026-08-17 12:41",6.3,6.37,6.3,6.37,0.07,+1.11%,0
"2026-08-17 12:42",6.36,6.39,6.36,6.38,0.01,+0.16%,0
"2026-08-17 12:43",6.39,6.39,6.39,6.39,0.01,+0.16%,0
"2026-08-17 12:44",6.39,6.46,6.39,6.43,0.04,+0.63%,0
"2026-08-17 12:45",6.43,6.45,6.42,6.45,0.02,+0.31%,0
"2026-08-17 12:46",6.48,6.48,6.42,6.42,-0.03,-0.47%,0
"2026-08-17 12:47",6.41,6.45,6.41,6.44,0.02,+0.31%,0
"2026-08-17 12:48",6.45,6.5,6.45,6.49,0.05,+0.78%,0
"2026-08-17 12:49",6.48,6.48,6.45,6.46,-0.03,-0.46%,0
"2026-08-17 12:50",6.44,6.46,6.44,6.45,-0.01,-0.15%,0
"2026-08-17 12:51",6.45,6.47,6.44,6.44,-0.01,-0.16%,0
"2026-08-17 12:52",6.47,6.5,6.47,6.5,0.06,+0.93%,0
"2026-08-17 12:53",6.52,6.57,6.52,6.57,0.07,+1.08%,0
"2026-08-17 12:54",6.59,6.61,6.55,6.55,-0.02,-0.30%,0
"2026-08-17 12:55",6.53,6.55,6.53,6.54,-0.01,-0.15%,0
"2026-08-17 12:56",6.55,6.57,6.55,6.57,0.03,+0.46%,0
"2026-08-17 12:57",6.57,6.6,6.57,6.6,0.03,+0.46%,0
"2026-08-17 12:58",6.65,6.66,6.65,6.65,0.05,+0.76%,0
"2026-08-17 12:59",6.59,6.64,6.59,6.63,-0.02,-0.30%,0
"2026-08-17 13:00",6.64,6.71,6.64,6.7,0.07,+1.06%,0
"2026-08-17 13:01",6.65,6.65,6.64,6.64,-0.06,-0.90%,0
"2026-08-17 13:02",6.64,6.66,6.64,6.64,0,0.00%,0
"2026-08-17 13:03",6.63,6.63,6.62,6.63,-0.01,-0.15%,0
"2026-08-17 13:04",6.63,6.67,6.63,6.67,0.04,+0.60%,0
"2026-08-17 13:05",6.68,6.75,6.68,6.73,0.06,+0.90%,0
"2026-08-17 13:06",6.74,6.75,6.72,6.72,-0.01,-0.15%,0
"2026-08-17 13:07",6.74,6.76,6.73,6.73,0.01,+0.15%,0
"2026-08-17 13:08",6.77,6.79,6.77,6.79,0.06,+0.89%,0
"2026-08-17 13:09",6.8,6.81,6.78,6.81,0.02,+0.29%,0
"2026-08-17 13:10",6.79,6.8,6.79,6.8,-0.01,-0.15%,0
"2026-08-17 13:11",6.79,6.84,6.79,6.81,0.01,+0.15%,0
"2026-08-17 13:12",6.77,6.81,6.77,6.81,0,0.00%,0
"2026-08-17 13:13",6.82,6.84,6.82,6.82,0.01,+0.15%,0
"2026-08-17 13:14",6.84,6.85,6.83,6.85,0.03,+0.44%,0
"2026-08-17 13:15",6.97,6.97,6.9,6.92,0.07,+1.02%,0
"2026-08-17 13:16",6.94,7,6.94,7,0.08,+1.16%,0
"2026-08-17 13:17",7.02,7.08,7.02,7.07,0.07,+1.00%,0
"2026-08-17 13:18",7.02,7.06,7.02,7.06,-0.01,-0.14%,0
"2026-08-17 13:19",7.08,7.15,7.08,7.15,0.09,+1.27%,0
"2026-08-17 13:20",7.14,7.21,7.14,7.21,0.06,+0.84%,0
"2026-08-17 13:21",7.24,7.28,7.22,7.28,0.07,+0.97%,0
"2026-08-17 13:22",7.31,7.32,7.29,7.29,0.01,+0.14%,0
"2026-08-17 13:23",7.32,7.45,7.32,7.45,0.16,+2.19%,0
"2026-08-17 13:24",7.5,7.66,7.5,7.55,0.1,+1.34%,0
"2026-08-17 13:25",7.56,7.73,7.56,7.73,0.18,+2.38%,0
"2026-08-17 13:26",7.75,7.82,7.75,7.78,0.05,+0.65%,0
"2026-08-17 13:27",7.7,7.9,7.7,7.9,0.12,+1.54%,0
"2026-08-17 13:28",7.87,7.95,7.8,7.95,0.05,+0.63%,0
"2026-08-17 13:29",7.94,7.98,7.93,7.94,-0.01,-0.13%,0
"2026-08-17 13:30",7.91,8.01,7.87,8.01,0.07,+0.88%,0
"2026-08-17 13:31",7.93,7.98,7.93,7.96,-0.05,-0.62%,0
"2026-08-17 13:32",7.89,7.89,7.73,7.73,-0.23,-2.89%,0
"2026-08-17 13:33",7.76,7.81,7.7,7.7,-0.03,-0.39%,0
"2026-08-17 13:34",7.62,7.8,7.62,7.8,0.1,+1.30%,0
"2026-08-17 13:35",7.88,7.97,7.88,7.95,0.15,+1.92%,0
"2026-08-17 13:36",7.94,7.95,7.9,7.9,-0.05,-0.63%,0
"2026-08-17 13:37",7.84,7.88,7.84,7.88,-0.02,-0.25%,0
"2026-08-17 13:38",7.93,8,7.93,7.98,0.1,+1.27%,0
"2026-08-17 13:39",7.98,8.09,7.98,8.09,0.11,+1.38%,0
"2026-08-17 13:40",8.16,8.16,8.04,8.04,-0.05,-0.62%,0
"2026-08-17 13:41",8.01,8.03,7.9,7.9,-0.14,-1.74%,0
"2026-08-17 13:42",7.91,7.91,7.86,7.86,-0.04,-0.51%,0
"2026-08-17 13:43",7.79,7.79,7.75,7.79,-0.07,-0.89%,0
"2026-08-17 13:44",7.8,7.8,7.62,7.62,-0.17,-2.18%,0
"2026-08-17 13:45",7.62,7.64,7.61,7.61,-0.01,-0.13%,0
"2026-08-17 13:46",7.63,7.72,7.63,7.72,0.11,+1.45%,0
"2026-08-17 13:47",7.77,7.79,7.74,7.74,0.02,+0.26%,0
"2026-08-17 13:48",7.75,7.81,7.75,7.81,0.07,+0.90%,0
"2026-08-17 13:49",7.81,7.81,7.79,7.79,-0.02,-0.26%,0
"2026-08-17 13:50",7.8,7.8,7.77,7.79,0,0.00%,0
"2026-08-17 13:51",7.82,7.86,7.81,7.86,0.07,+0.90%,0
"2026-08-17 13:52",7.85,7.87,7.85,7.87,0.01,+0.13%,0
"2026-08-17 13:53",7.87,7.87,7.83,7.84,-0.03,-0.38%,0
"2026-08-17 13:54",7.83,7.83,7.76,7.77,-0.07,-0.89%,0
"2026-08-17 13:55",7.78,7.84,7.78,7.84,0.07,+0.90%,0
"2026-08-17 13:56",7.82,7.9,7.82,7.9,0.06,+0.77%,0
"2026-08-17 13:57",7.91,7.94,7.91,7.94,0.04,+0.51%,0
"2026-08-17 13:58",7.9,7.9,7.77,7.77,-0.17,-2.14%,0
"2026-08-17 13:59",7.78,7.81,7.78,7.81,0.04,+0.51%,0
"2026-08-17 14:00",7.82,7.82,7.77,7.79,-0.02,-0.26%,0
"2026-08-17 14:01",7.83,7.87,7.83,7.87,0.08,+1.03%,0
"2026-08-17 14:02",7.87,7.89,7.87,7.89,0.02,+0.25%,0
"2026-08-17 14:03",7.85,7.92,7.84,7.92,0.03,+0.38%,0
"2026-08-17 14:04",7.83,7.83,7.79,7.79,-0.13,-1.64%,0
"2026-08-17 14:05",7.77,7.83,7.77,7.83,0.04,+0.51%,0
"2026-08-17 14:06",7.81,7.81,7.75,7.81,-0.02,-0.26%,0
"2026-08-17 14:07",7.82,7.94,7.82,7.88,0.07,+0.90%,0
"2026-08-17 14:08",7.87,7.89,7.87,7.87,-0.01,-0.13%,0
"2026-08-17 14:09",7.88,7.92,7.88,7.91,0.04,+0.51%,0
"2026-08-17 14:10",7.91,7.93,7.9,7.9,-0.01,-0.13%,0
"2026-08-17 14:11",7.84,7.88,7.84,7.86,-0.04,-0.51%,0
"2026-08-17 14:12",7.83,7.85,7.79,7.79,-0.07,-0.89%,0
"2026-08-17 14:13",7.78,7.78,7.75,7.77,-0.02,-0.26%,0
"2026-08-17 14:14",7.78,7.78,7.76,7.76,-0.01,-0.13%,0
"2026-08-17 14:15",7.76,7.76,7.72,7.75,-0.01,-0.13%,0
"2026-08-17 14:16",7.76,7.76,7.74,7.75,0,0.00%,0
"2026-08-17 14:17",7.74,7.74,7.69,7.69,-0.06,-0.77%,0
"2026-08-17 14:18",7.72,7.79,7.72,7.79,0.1,+1.30%,0
"2026-08-17 14:19",7.78,7.83,7.78,7.83,0.04,+0.51%,0
"2026-08-17 14:20",7.82,7.85,7.82,7.85,0.02,+0.26%,0
"2026-08-17 14:21",7.85,7.85,7.8,7.8,-0.05,-0.64%,0
"2026-08-17 14:22",7.8,7.86,7.8,7.81,0.01,+0.13%,0
"2026-08-17 14:23",7.81,7.82,7.75,7.75,-0.06,-0.77%,0
"2026-08-17 14:24",7.76,7.79,7.76,7.76,0.01,+0.13%,0
"2026-08-17 14:25",7.77,7.77,7.74,7.74,-0.02,-0.26%,0
"2026-08-17 14:26",7.76,7.79,7.76,7.78,0.04,+0.52%,0
"2026-08-17 14:27",7.83,7.91,7.83,7.91,0.13,+1.67%,0
"2026-08-17 14:28",7.88,7.88,7.85,7.88,-0.03,-0.38%,0
"2026-08-17 14:29",7.89,7.89,7.83,7.83,-0.05,-0.63%,0
"2026-08-17 14:30",7.83,7.88,7.83,7.88,0.05,+0.64%,0
"2026-08-17 14:31",7.9,7.94,7.9,7.94,0.06,+0.76%,0
"2026-08-17 14:32",7.99,8.03,7.98,8,0.06,+0.76%,0
"2026-08-17 14:33",7.99,8.01,7.99,8.01,0.01,+0.13%,0
"2026-08-17 14:34",8.04,8.05,8.04,8.05,0.04,+0.50%,0
"2026-08-17 14:35",8.08,8.08,8.04,8.04,-0.01,-0.12%,0
"2026-08-17 14:36",8.06,8.08,8.06,8.07,0.03,+0.37%,0
"2026-08-17 14:37",8.07,8.09,8.07,8.09,0.02,+0.25%,0
"2026-08-17 14:38",8.07,8.07,8.03,8.04,-0.05,-0.62%,0
"2026-08-17 14:39",8.05,8.06,8.05,8.05,0.01,+0.12%,0
"2026-08-17 14:40",8.05,8.08,8.05,8.06,0.01,+0.12%,0
"2026-08-17 14:41",8.05,8.08,8.05,8.07,0.01,+0.12%,0
"2026-08-17 14:42",8.06,8.07,8.03,8.03,-0.04,-0.50%,0
"2026-08-17 14:43",8.01,8.01,7.97,7.99,-0.04,-0.50%,0
"2026-08-17 14:44",8.02,8.03,8.02,8.03,0.04,+0.50%,0
"2026-08-17 14:45",8.03,8.04,8.03,8.04,0.01,+0.12%,0
"2026-08-17 14:46",8.06,8.06,8.06,8.06,0.02,+0.25%,0
"2026-08-17 14:47",8.06,8.07,8.06,8.07,0.01,+0.12%,0
"2026-08-17 14:48",8.06,8.06,7.96,7.96,-0.11,-1.36%,0
"2026-08-17 14:49",7.95,8,7.95,8,0.04,+0.50%,0
"2026-08-17 14:50",7.99,7.99,7.99,7.99,-0.01,-0.13%,0
"2026-08-17 14:51",7.99,7.99,7.97,7.97,-0.02,-0.25%,0
"2026-08-17 14:52",7.97,7.99,7.97,7.98,0.01,+0.13%,0
"2026-08-17 14:53",8,8.02,8,8.01,0.03,+0.38%,0
"2026-08-17 14:54",8.03,8.06,8.03,8.03,0.02,+0.25%,0
"2026-08-17 14:55",8.05,8.07,8.04,8.04,0.01,+0.12%,0
"2026-08-17 14:56",8.03,8.05,8.03,8.03,-0.01,-0.12%,0
"2026-08-17 14:57",8.04,8.04,8.03,8.03,0,0.00%,0
"2026-08-17 14:58",8.03,8.05,8.03,8.04,0.01,+0.12%,0
"2026-08-17 14:59",8.05,8.06,8.03,8.03,-0.01,-0.12%,0
"2026-08-17 15:00",8.02,8.02,7.99,7.99,-0.04,-0.50%,0
"2026-08-17 15:01",7.98,8.01,7.98,8.01,0.02,+0.25%,0
"2026-08-17 15:02",8.02,8.07,8.02,8.06,0.05,+0.62%,0
"2026-08-17 15:03",8.06,8.08,8.06,8.08,0.02,+0.25%,0
"2026-08-17 15:04",8.08,8.08,8.06,8.06,-0.02,-0.25%,0
"2026-08-17 15:05",8.08,8.08,8.05,8.05,-0.01,-0.12%,0
"2026-08-17 15:06",8.06,8.08,8.06,8.08,0.03,+0.37%,0
"2026-08-17 15:07",8.08,8.14,8.08,8.14,0.06,+0.74%,0
"2026-08-17 15:08",8.15,8.18,8.15,8.16,0.02,+0.25%,0
"2026-08-17 15:09",8.17,8.17,8.16,8.16,0,0.00%,0
"2026-08-17 15:10",8.17,8.19,8.17,8.17,0.01,+0.12%,0
"2026-08-17 15:11",8.17,8.17,8.14,8.15,-0.02,-0.24%,0
"2026-08-17 15:12",8.14,8.16,8.14,8.16,0.01,+0.12%,0
"2026-08-17 15:13",8.2,8.26,8.2,8.24,0.08,+0.98%,0
"2026-08-17 15:14",8.25,8.26,8.25,8.26,0.02,+0.24%,0
"2026-08-17 15:15",8.27,8.33,8.27,8.31,0.05,+0.61%,0
"2026-08-17 15:16",8.27,8.27,8.16,8.16,-0.15,-1.81%,0
"2026-08-17 15:17",8.17,8.17,8.14,8.14,-0.02,-0.25%,0
"2026-08-17 15:18",8.11,8.12,8.11,8.12,-0.02,-0.25%,0
"2026-08-17 15:19",8.1,8.12,8.1,8.1,-0.02,-0.25%,0
"2026-08-17 15:20",8.11,8.13,8.11,8.13,0.03,+0.37%,0
"2026-08-17 15:21",8.12,8.18,8.12,8.18,0.05,+0.62%,0
"2026-08-17 15:22",8.15,8.2,8.15,8.2,0.02,+0.24%,0
"2026-08-17 15:23",8.19,8.19,8.18,8.19,-0.01,-0.12%,0
"2026-08-17 15:24",8.19,8.21,8.19,8.19,0,0.00%,0
"2026-08-17 15:25",8.2,8.2,8.16,8.17,-0.02,-0.24%,0
"2026-08-17 15:26",8.15,8.21,8.15,8.21,0.04,+0.49%,0
"2026-08-17 15:27",8.22,8.26,8.22,8.26,0.05,+0.61%,0
"2026-08-17 15:28",8.25,8.27,8.25,8.25,-0.01,-0.12%,0
"2026-08-17 15:29",8.25,8.29,8.24,8.29,0.04,+0.48%,0
"2026-08-17 15:30",8.29,8.41,8.29,8.41,0.12,+1.45%,0
"2026-08-17 15:31",8.43,8.44,8.42,8.44,0.03,+0.36%,0
"2026-08-17 15:32",8.45,8.52,8.45,8.5,0.06,+0.71%,0
"2026-08-17 15:33",8.55,8.55,8.48,8.49,-0.01,-0.12%,0
"2026-08-17 15:34",8.45,8.45,8.34,8.36,-0.13,-1.53%,0
"2026-08-17 15:35",8.36,8.36,8.3,8.32,-0.04,-0.48%,0
"2026-08-17 15:36",8.33,8.4,8.33,8.4,0.08,+0.96%,0
"2026-08-17 15:37",8.41,8.41,8.38,8.38,-0.02,-0.24%,0
"2026-08-17 15:38",8.38,8.38,8.3,8.3,-0.08,-0.95%,0
"2026-08-17 15:39",8.31,8.33,8.31,8.31,0.01,+0.12%,0
"2026-08-17 15:40",8.31,8.32,8.27,8.27,-0.04,-0.48%,0
"2026-08-17 15:41",8.27,8.32,8.27,8.32,0.05,+0.60%,0
"2026-08-17 15:42",8.31,8.31,8.23,8.23,-0.09,-1.08%,0
"2026-08-17 15:43",8.22,8.22,8.2,8.2,-0.03,-0.36%,0
"2026-08-17 15:44",8.21,8.21,8.17,8.18,-0.02,-0.24%,0
"2026-08-17 15:45",8.17,8.22,8.17,8.18,0,0.00%,0
"2026-08-17 15:46",8.18,8.21,8.18,8.19,0.01,+0.12%,0
"2026-08-17 15:47",8.19,8.21,8.18,8.18,-0.01,-0.12%,0
"2026-08-17 15:48",8.18,8.18,8.14,8.14,-0.04,-0.49%,0
"2026-08-17 15:49",8.13,8.16,8.13,8.16,0.02,+0.25%,0
"2026-08-17 15:50",8.13,8.18,8.13,8.17,0.01,+0.12%,0
"2026-08-17 15:51",8.22,8.24,8.21,8.24,0.07,+0.86%,0
"2026-08-17 15:52",8.25,8.25,8.21,8.24,0,0.00%,0
"2026-08-17 15:53",8.3,8.38,8.3,8.31,0.07,+0.85%,0
"2026-08-17 15:54",8.32,8.34,8.31,8.34,0.03,+0.36%,0
"2026-08-17 15:55",8.38,8.42,8.38,8.42,0.08,+0.96%,0
"2026-08-17 15:56",8.43,8.43,8.34,8.34,-0.08,-0.95%,0
"2026-08-17 15:57",8.29,8.29,8.2,8.2,-0.14,-1.68%,0
"2026-08-17 15:58",8.21,8.21,8.13,8.13,-0.07,-0.85%,0
"2026-08-17 15:59",8.13,8.2,8.12,8.2,0.07,+0.86%,0
"2026-08-17 16:00",8.21,8.32,8.21,8.28,0.08,+0.98%,0
"2026-08-17 16:01",8.29,8.29,8.25,8.26,-0.02,-0.24%,0
"2026-08-17 16:02",8.23,8.28,8.23,8.28,0.02,+0.24%,0
"2026-08-17 16:03",8.29,8.31,8.29,8.31,0.03,+0.36%,0
"2026-08-17 16:04",8.3,8.35,8.3,8.35,0.04,+0.48%,0
"2026-08-17 16:05",8.37,8.37,8.36,8.37,0.02,+0.24%,0
"2026-08-17 16:06",8.37,8.38,8.35,8.37,0,0.00%,0
"2026-08-17 16:07",8.36,8.36,8.32,8.32,-0.05,-0.60%,0
"2026-08-17 16:08",8.3,8.35,8.3,8.34,0.02,+0.24%,0
"2026-08-17 16:09",8.32,8.33,8.32,8.33,-0.01,-0.12%,0
"2026-08-17 16:10",8.33,8.35,8.33,8.35,0.02,+0.24%,0
"2026-08-17 16:11",8.35,8.37,8.35,8.36,0.01,+0.12%,0
"2026-08-17 16:12",8.35,8.35,8.31,8.31,-0.05,-0.60%,0
"2026-08-17 16:13",8.32,8.34,8.32,8.32,0.01,+0.12%,0
"2026-08-17 16:14",8.3,8.32,8.3,8.3,-0.02,-0.24%,0
"2026-08-17 16:15",8.32,8.32,8.32,8.32,0.02,+0.24%,0
"2026-08-18 09:31",7.97,7.98,7.95,7.98,-0.34,-4.09%,0
"2026-08-18 09:32",7.9,8.22,7.9,8.22,0.24,+3.01%,0
"2026-08-18 09:33",8.17,8.4,8.17,8.36,0.14,+1.70%,0
"2026-08-18 09:34",8.33,8.39,8.23,8.23,-0.13,-1.56%,0
"2026-08-18 09:35",8.11,8.21,8.06,8.21,-0.02,-0.24%,0
"2026-08-18 09:36",8.21,8.21,8.04,8.08,-0.13,-1.58%,0
"2026-08-18 09:37",8.1,8.1,8.01,8.07,-0.01,-0.12%,0
"2026-08-18 09:38",8,8,7.95,8,-0.07,-0.87%,0
"2026-08-18 09:39",7.91,7.94,7.87,7.87,-0.13,-1.63%,0
"2026-08-18 09:40",7.82,7.83,7.75,7.75,-0.12,-1.52%,0
"2026-08-18 09:41",7.72,7.73,7.65,7.65,-0.1,-1.29%,0
"2026-08-18 09:42",7.65,7.66,7.64,7.64,-0.01,-0.13%,0
"2026-08-18 09:43",7.69,7.7,7.67,7.7,0.06,+0.79%,0
"2026-08-18 09:44",7.64,7.7,7.64,7.7,0,0.00%,0
"2026-08-18 09:45",7.66,7.8,7.66,7.67,-0.03,-0.39%,0
"2026-08-18 09:46",7.64,7.74,7.64,7.7,0.03,+0.39%,0
"2026-08-18 09:47",7.7,7.7,7.62,7.63,-0.07,-0.91%,0
"2026-08-18 09:48",7.62,7.62,7.56,7.57,-0.06,-0.79%,0
"2026-08-18 09:49",7.58,7.62,7.58,7.61,0.04,+0.53%,0
"2026-08-18 09:50",7.64,7.64,7.55,7.55,-0.06,-0.79%,0
"2026-08-18 09:51",7.56,7.64,7.56,7.6,0.05,+0.66%,0
"2026-08-18 09:52",7.52,7.56,7.5,7.51,-0.09,-1.18%,0
"2026-08-18 09:53",7.51,7.51,7.43,7.45,-0.06,-0.80%,0
"2026-08-18 09:54",7.45,7.45,7.41,7.41,-0.04,-0.54%,0
"2026-08-18 09:55",7.39,7.51,7.39,7.51,0.1,+1.35%,0
"2026-08-18 09:56",7.49,7.49,7.42,7.48,-0.03,-0.40%,0
"2026-08-18 09:57",7.54,7.57,7.54,7.55,0.07,+0.94%,0
"2026-08-18 09:58",7.52,7.52,7.48,7.48,-0.07,-0.93%,0
"2026-08-18 09:59",7.45,7.48,7.45,7.48,0,0.00%,0
"2026-08-18 10:00",7.44,7.44,7.41,7.44,-0.04,-0.53%,0
"2026-08-18 10:01",7.43,7.45,7.41,7.41,-0.03,-0.40%,0
"2026-08-18 10:02",7.37,7.46,7.37,7.46,0.05,+0.67%,0
"2026-08-18 10:03",7.46,7.46,7.37,7.37,-0.09,-1.21%,0
"2026-08-18 10:04",7.37,7.38,7.31,7.31,-0.06,-0.81%,0
"2026-08-18 10:05",7.28,7.34,7.28,7.34,0.03,+0.41%,0
"2026-08-18 10:06",7.38,7.46,7.38,7.41,0.07,+0.95%,0
"2026-08-18 10:07",7.35,7.39,7.33,7.33,-0.08,-1.08%,0
"2026-08-18 10:08",7.34,7.38,7.34,7.34,0.01,+0.14%,0
"2026-08-18 10:09",7.33,7.33,7.3,7.32,-0.02,-0.27%,0
"2026-08-18 10:10",7.37,7.57,7.37,7.57,0.25,+3.42%,0
"2026-08-18 10:11",7.54,7.75,7.54,7.75,0.18,+2.38%,0
"2026-08-18 10:12",7.81,7.87,7.76,7.76,0.01,+0.13%,0
"2026-08-18 10:13",7.85,7.85,7.78,7.78,0.02,+0.26%,0
"2026-08-18 10:14",7.74,7.75,7.73,7.73,-0.05,-0.64%,0
"2026-08-18 10:15",7.66,7.76,7.66,7.67,-0.06,-0.78%,0
"2026-08-18 10:16",7.63,7.66,7.61,7.61,-0.06,-0.78%,0
"2026-08-18 10:17",7.57,7.68,7.57,7.68,0.07,+0.92%,0
"2026-08-18 10:18",7.67,7.67,7.59,7.59,-0.09,-1.17%,0
"2026-08-18 10:19",7.59,7.63,7.58,7.58,-0.01,-0.13%,0
"2026-08-18 10:20",7.6,7.6,7.54,7.54,-0.04,-0.53%,0
"2026-08-18 10:21",7.53,7.65,7.53,7.61,0.07,+0.93%,0
"2026-08-18 10:22",7.63,7.63,7.59,7.62,0.01,+0.13%,0
"2026-08-18 10:23",7.59,7.59,7.54,7.54,-0.08,-1.05%,0
"2026-08-18 10:24",7.48,7.59,7.48,7.59,0.05,+0.66%,0
"2026-08-18 10:25",7.6,7.61,7.59,7.59,0,0.00%,0
"2026-08-18 10:26",7.6,7.62,7.6,7.6,0.01,+0.13%,0
"2026-08-18 10:27",7.58,7.63,7.58,7.6,0,0.00%,0
"2026-08-18 10:28",7.59,7.62,7.59,7.59,-0.01,-0.13%,0
"2026-08-18 10:29",7.57,7.6,7.54,7.54,-0.05,-0.66%,0
"2026-08-18 10:30",7.55,7.56,7.53,7.54,0,0.00%,0
"2026-08-18 10:31",7.53,7.53,7.51,7.52,-0.02,-0.27%,0
"2026-08-18 10:32",7.49,7.53,7.49,7.53,0.01,+0.13%,0
"2026-08-18 10:33",7.52,7.53,7.5,7.5,-0.03,-0.40%,0
"2026-08-18 10:34",7.5,7.54,7.5,7.51,0.01,+0.13%,0
"2026-08-18 10:35",7.59,7.61,7.56,7.58,0.07,+0.93%,0
"2026-08-18 10:36",7.57,7.57,7.54,7.54,-0.04,-0.53%,0
"2026-08-18 10:37",7.54,7.57,7.54,7.55,0.01,+0.13%,0
"2026-08-18 10:38",7.54,7.57,7.54,7.54,-0.01,-0.13%,0
"2026-08-18 10:39",7.54,7.55,7.52,7.52,-0.02,-0.27%,0
"2026-08-18 10:40",7.51,7.53,7.51,7.51,-0.01,-0.13%,0
"2026-08-18 10:41",7.49,7.49,7.47,7.49,-0.02,-0.27%,0
"2026-08-18 10:42",7.47,7.55,7.47,7.55,0.06,+0.80%,0
"2026-08-18 10:43",7.61,7.61,7.55,7.55,0,0.00%,0
"2026-08-18 10:44",7.55,7.59,7.55,7.59,0.04,+0.53%,0
"2026-08-18 10:45",7.6,7.65,7.6,7.62,0.03,+0.40%,0
"2026-08-18 10:46",7.67,7.68,7.63,7.63,0.01,+0.13%,0
"2026-08-18 10:47",7.6,7.66,7.6,7.63,0,0.00%,0
"2026-08-18 10:48",7.63,7.64,7.63,7.64,0.01,+0.13%,0
"2026-08-18 10:49",7.62,7.69,7.62,7.67,0.03,+0.39%,0
"2026-08-18 10:50",7.65,7.68,7.65,7.65,-0.02,-0.26%,0
"2026-08-18 10:51",7.68,7.68,7.66,7.66,0.01,+0.13%,0
"2026-08-18 10:52",7.64,7.66,7.64,7.65,-0.01,-0.13%,0
"2026-08-18 10:53",7.68,7.85,7.68,7.82,0.17,+2.22%,0
"2026-08-18 10:54",7.85,7.88,7.82,7.87,0.05,+0.64%,0
"2026-08-18 10:55",7.9,7.93,7.9,7.93,0.06,+0.76%,0
"2026-08-18 10:56",7.97,8.06,7.97,8.06,0.13,+1.64%,0
"2026-08-18 10:57",8.03,8.1,8.03,8.1,0.04,+0.50%,0
"2026-08-18 10:58",8.08,8.13,8.08,8.13,0.03,+0.37%,0
"2026-08-18 10:59",8.13,8.15,8.12,8.12,-0.01,-0.12%,0
"2026-08-18 11:00",8.09,8.19,8.08,8.18,0.06,+0.74%,0
"2026-08-18 11:01",8.22,8.31,8.22,8.31,0.13,+1.59%,0
"2026-08-18 11:02",8.25,8.29,8.21,8.21,-0.1,-1.20%,0
"2026-08-18 11:03",8.15,8.16,8.09,8.09,-0.12,-1.46%,0
"2026-08-18 11:04",8.06,8.11,8,8,-0.09,-1.11%,0
"2026-08-18 11:05",8,8.05,7.98,7.98,-0.02,-0.25%,0
"2026-08-18 11:06",8.04,8.04,8.02,8.02,0.04,+0.50%,0
"2026-08-18 11:07",7.97,8.01,7.97,8,-0.02,-0.25%,0
"2026-08-18 11:08",7.96,8.04,7.96,8.03,0.03,+0.38%,0
"2026-08-18 11:09",8.04,8.15,8.04,8.15,0.12,+1.49%,0
"2026-08-18 11:10",8.13,8.18,8.13,8.17,0.02,+0.25%,0
"2026-08-18 11:11",8.13,8.16,8.1,8.1,-0.07,-0.86%,0
"2026-08-18 11:12",8.12,8.14,8.08,8.08,-0.02,-0.25%,0
"2026-08-18 11:13",8.1,8.15,8.1,8.14,0.06,+0.74%,0
"2026-08-18 11:14",8.1,8.14,8.1,8.11,-0.03,-0.37%,0
"2026-08-18 11:15",8.12,8.12,8.09,8.1,-0.01,-0.12%,0
"2026-08-18 11:16",8.1,8.1,8.07,8.07,-0.03,-0.37%,0
"2026-08-18 11:17",8.07,8.08,8.06,8.08,0.01,+0.12%,0
"2026-08-18 11:18",8.11,8.11,8.1,8.1,0.02,+0.25%,0
"2026-08-18 11:19",8.08,8.13,8.08,8.13,0.03,+0.37%,0
"2026-08-18 11:20",8.21,8.28,8.21,8.28,0.15,+1.85%,0
"2026-08-18 11:21",8.23,8.23,8.18,8.18,-0.1,-1.21%,0
"2026-08-18 11:22",8.21,8.24,8.15,8.15,-0.03,-0.37%,0
"2026-08-18 11:23",8.17,8.17,8.14,8.14,-0.01,-0.12%,0
"2026-08-18 11:24",8.13,8.16,8.13,8.14,0,0.00%,0
"2026-08-18 11:25",8.21,8.27,8.21,8.24,0.1,+1.23%,0
"2026-08-18 11:26",8.24,8.24,8.22,8.22,-0.02,-0.24%,0
"2026-08-18 11:27",8.2,8.22,8.2,8.2,-0.02,-0.24%,0
"2026-08-18 11:28",8.18,8.18,8.12,8.12,-0.08,-0.98%,0
"2026-08-18 11:29",8.08,8.08,8,8.08,-0.04,-0.49%,0
"2026-08-18 11:30",8.06,8.07,8,8,-0.08,-0.99%,0
"2026-08-18 11:31",7.97,8.02,7.97,8.02,0.02,+0.25%,0
"2026-08-18 11:32",8.05,8.05,8,8.05,0.03,+0.37%,0
"2026-08-18 11:33",8.07,8.07,8.04,8.04,-0.01,-0.12%,0
"2026-08-18 11:34",8.02,8.05,8.01,8.01,-0.03,-0.37%,0
"2026-08-18 11:35",8.04,8.11,8.04,8.09,0.08,+1.00%,0
"2026-08-18 11:36",8.09,8.12,8.09,8.09,0,0.00%,0
"2026-08-18 11:37",8.07,8.09,8.07,8.07,-0.02,-0.25%,0
"2026-08-18 11:38",8.07,8.08,8.07,8.07,0,0.00%,0
"2026-08-18 11:39",8.04,8.07,8.04,8.04,-0.03,-0.37%,0
"2026-08-18 11:40",8.02,8.07,8.02,8.03,-0.01,-0.12%,0
"2026-08-18 11:41",8,8.02,7.99,7.99,-0.04,-0.50%,0
"2026-08-18 11:42",7.94,7.97,7.93,7.97,-0.02,-0.25%,0
"2026-08-18 11:43",7.95,7.95,7.94,7.94,-0.03,-0.38%,0
"2026-08-18 11:44",7.95,8,7.95,7.99,0.05,+0.63%,0
"2026-08-18 11:45",7.99,7.99,7.93,7.93,-0.06,-0.75%,0
"2026-08-18 11:46",7.89,7.9,7.89,7.89,-0.04,-0.50%,0
"2026-08-18 11:47",7.86,7.87,7.85,7.86,-0.03,-0.38%,0
"2026-08-18 11:48",7.84,7.85,7.83,7.84,-0.02,-0.25%,0
"2026-08-18 11:49",7.86,7.86,7.84,7.84,0,0.00%,0
"2026-08-18 11:50",7.84,7.94,7.84,7.94,0.1,+1.28%,0
"2026-08-18 11:51",7.92,7.92,7.88,7.88,-0.06,-0.76%,0
"2026-08-18 11:52",7.86,7.87,7.86,7.86,-0.02,-0.25%,0
"2026-08-18 11:53",7.83,7.85,7.83,7.85,-0.01,-0.13%,0
"2026-08-18 11:54",7.86,7.86,7.84,7.84,-0.01,-0.13%,0
"2026-08-18 11:55",7.85,7.87,7.85,7.86,0.02,+0.26%,0
"2026-08-18 11:56",7.88,7.92,7.88,7.88,0.02,+0.25%,0
"2026-08-18 11:57",7.9,7.95,7.9,7.95,0.07,+0.89%,0
"2026-08-18 11:58",7.96,7.97,7.94,7.97,0.02,+0.25%,0
"2026-08-18 11:59",7.94,7.94,7.9,7.9,-0.07,-0.88%,0
"2026-08-18 12:00",7.89,7.9,7.89,7.89,-0.01,-0.13%,0
"2026-08-18 12:01",7.89,7.92,7.89,7.91,0.02,+0.25%,0
"2026-08-18 12:02",7.9,7.91,7.89,7.89,-0.02,-0.25%,0
"2026-08-18 12:03",7.89,7.92,7.89,7.92,0.03,+0.38%,0
"2026-08-18 12:04",7.92,7.96,7.92,7.94,0.02,+0.25%,0
"2026-08-18 12:05",7.95,7.96,7.92,7.92,-0.02,-0.25%,0
"2026-08-18 12:06",7.93,7.97,7.93,7.97,0.05,+0.63%,0
"2026-08-18 12:07",7.98,8.04,7.98,8.03,0.06,+0.75%,0
"2026-08-18 12:08",7.98,8.02,7.98,8.01,-0.02,-0.25%,0
"2026-08-18 12:09",8.01,8.04,8.01,8.03,0.02,+0.25%,0
"2026-08-18 12:10",8.03,8.03,7.99,7.99,-0.04,-0.50%,0
"2026-08-18 12:11",7.98,8,7.98,7.99,0,0.00%,0
"2026-08-18 12:12",7.98,8.01,7.98,8.01,0.02,+0.25%,0
"2026-08-18 12:13",7.99,8,7.99,7.99,-0.02,-0.25%,0
"2026-08-18 12:14",7.99,7.99,7.98,7.99,0,0.00%,0
"2026-08-18 12:15",8,8.05,8,8.01,0.02,+0.25%,0
"2026-08-18 12:16",8.05,8.07,8.05,8.06,0.05,+0.62%,0
"2026-08-18 12:17",8.07,8.07,8.06,8.07,0.01,+0.12%,0
"2026-08-18 12:18",8.06,8.11,8.06,8.11,0.04,+0.50%,0
"2026-08-18 12:19",8.12,8.13,8.11,8.11,0,0.00%,0
"2026-08-18 12:20",8.11,8.11,8.04,8.04,-0.07,-0.86%,0
"2026-08-18 12:21",8.07,8.08,8.05,8.05,0.01,+0.12%,0
"2026-08-18 12:22",8.04,8.07,8.04,8.05,0,0.00%,0
"2026-08-18 12:23",8.05,8.08,8.05,8.07,0.02,+0.25%,0
"2026-08-18 12:24",8.06,8.1,8.05,8.05,-0.02,-0.25%,0
"2026-08-18 12:25",8.03,8.07,8.03,8.06,0.01,+0.12%,0
"2026-08-18 12:26",8.06,8.09,8.06,8.08,0.02,+0.25%,0
"2026-08-18 12:27",8.1,8.16,8.1,8.16,0.08,+0.99%,0
"2026-08-18 12:28",8.18,8.28,8.18,8.28,0.12,+1.47%,0
"2026-08-18 12:29",8.31,8.33,8.31,8.32,0.04,+0.48%,0
"2026-08-18 12:30",8.32,8.33,8.26,8.27,-0.05,-0.60%,0
"2026-08-18 12:31",8.35,8.41,8.35,8.41,0.14,+1.69%,0
"2026-08-18 12:32",8.39,8.39,8.32,8.33,-0.08,-0.95%,0
"2026-08-18 12:33",8.29,8.3,8.27,8.27,-0.06,-0.72%,0
"2026-08-18 12:34",8.29,8.3,8.26,8.28,0.01,+0.12%,0
"2026-08-18 12:35",8.28,8.32,8.28,8.32,0.04,+0.48%,0
"2026-08-18 12:36",8.31,8.33,8.31,8.32,0,0.00%,0
"2026-08-18 12:37",8.31,8.34,8.3,8.3,-0.02,-0.24%,0
"2026-08-18 12:38",8.29,8.29,8.26,8.26,-0.04,-0.48%,0
"2026-08-18 12:39",8.26,8.29,8.24,8.24,-0.02,-0.24%,0
"2026-08-18 12:40",8.25,8.27,8.25,8.25,0.01,+0.12%,0
"2026-08-18 12:41",8.26,8.3,8.26,8.27,0.02,+0.24%,0
"2026-08-18 12:42",8.28,8.31,8.28,8.29,0.02,+0.24%,0
"2026-08-18 12:43",8.29,8.34,8.29,8.34,0.05,+0.60%,0
"2026-08-18 12:44",8.32,8.35,8.31,8.31,-0.03,-0.36%,0
"2026-08-18 12:45",8.28,8.33,8.28,8.33,0.02,+0.24%,0
"2026-08-18 12:46",8.34,8.34,8.28,8.28,-0.05,-0.60%,0
"2026-08-18 12:47",8.28,8.3,8.28,8.29,0.01,+0.12%,0
"2026-08-18 12:48",8.29,8.3,8.28,8.28,-0.01,-0.12%,0
"2026-08-18 12:49",8.27,8.29,8.27,8.27,-0.01,-0.12%,0
"2026-08-18 12:50",8.27,8.31,8.27,8.31,0.04,+0.48%,0
"2026-08-18 12:51",8.29,8.32,8.29,8.31,0,0.00%,0
"2026-08-18 12:52",8.3,8.3,8.3,8.3,-0.01,-0.12%,0
"2026-08-18 12:53",8.29,8.3,8.29,8.29,-0.01,-0.12%,0
"2026-08-18 12:54",8.29,8.32,8.29,8.32,0.03,+0.36%,0
"2026-08-18 12:55",8.35,8.37,8.35,8.36,0.04,+0.48%,0
"2026-08-18 12:56",8.38,8.39,8.38,8.38,0.02,+0.24%,0
"2026-08-18 12:57",8.38,8.39,8.36,8.36,-0.02,-0.24%,0
"2026-08-18 12:58",8.37,8.39,8.37,8.38,0.02,+0.24%,0
"2026-08-18 12:59",8.38,8.4,8.38,8.38,0,0.00%,0
"2026-08-18 13:00",8.39,8.42,8.39,8.42,0.04,+0.48%,0
"2026-08-18 13:01",8.42,8.45,8.42,8.45,0.03,+0.36%,0
"2026-08-18 13:02",8.48,8.48,8.45,8.45,0,0.00%,0
"2026-08-18 13:03",8.42,8.47,8.42,8.46,0.01,+0.12%,0
"2026-08-18 13:04",8.45,8.47,8.45,8.45,-0.01,-0.12%,0
"2026-08-18 13:05",8.47,8.47,8.45,8.45,0,0.00%,0
"2026-08-18 13:06",8.46,8.47,8.44,8.44,-0.01,-0.12%,0
"2026-08-18 13:07",8.46,8.49,8.46,8.48,0.04,+0.47%,0
"2026-08-18 13:08",8.49,8.5,8.47,8.47,-0.01,-0.12%,0
"2026-08-18 13:09",8.47,8.49,8.42,8.47,0,0.00%,0
"2026-08-18 13:10",8.45,8.47,8.45,8.47,0,0.00%,0
"2026-08-18 13:11",8.46,8.47,8.46,8.47,0,0.00%,0
"2026-08-18 13:12",8.49,8.49,8.48,8.48,0.01,+0.12%,0
"2026-08-18 13:13",8.47,8.5,8.47,8.5,0.02,+0.24%,0
"2026-08-18 13:14",8.49,8.49,8.47,8.47,-0.03,-0.35%,0
"2026-08-18 13:15",8.47,8.49,8.47,8.49,0.02,+0.24%,0
"2026-08-18 13:16",8.5,8.54,8.5,8.52,0.03,+0.35%,0
"2026-08-18 13:17",8.46,8.47,8.46,8.47,-0.05,-0.59%,0
"2026-08-18 13:18",8.46,8.57,8.46,8.57,0.1,+1.18%,0
"2026-08-18 13:19",8.49,8.56,8.49,8.56,-0.01,-0.12%,0
"2026-08-18 13:20",8.57,8.59,8.56,8.59,0.03,+0.35%,0
"2026-08-18 13:21",8.58,8.58,8.47,8.47,-0.12,-1.40%,0
"2026-08-18 13:22",8.48,8.51,8.48,8.5,0.03,+0.35%,0
"2026-08-18 13:23",8.57,8.6,8.57,8.6,0.1,+1.18%,0
"2026-08-18 13:24",8.61,8.62,8.61,8.62,0.02,+0.23%,0
"2026-08-18 13:25",8.61,8.69,8.61,8.69,0.07,+0.81%,0
"2026-08-18 13:26",8.69,8.7,8.67,8.67,-0.02,-0.23%,0
"2026-08-18 13:27",8.58,8.66,8.58,8.66,-0.01,-0.12%,0
"2026-08-18 13:28",8.66,8.66,8.63,8.63,-0.03,-0.35%,0
"2026-08-18 13:29",8.63,8.65,8.61,8.61,-0.02,-0.23%,0
"2026-08-18 13:30",8.6,8.61,8.6,8.6,-0.01,-0.12%,0
"2026-08-18 13:31",8.66,8.66,8.61,8.61,0.01,+0.12%,0
"2026-08-18 13:32",8.6,8.6,8.57,8.57,-0.04,-0.46%,0
"2026-08-18 13:33",8.58,8.63,8.58,8.6,0.03,+0.35%,0
"2026-08-18 13:34",8.59,8.61,8.59,8.61,0.01,+0.12%,0
"2026-08-18 13:35",8.63,8.66,8.63,8.66,0.05,+0.58%,0
"2026-08-18 13:36",8.58,8.69,8.58,8.69,0.03,+0.35%,0
"2026-08-18 13:37",8.7,8.71,8.7,8.7,0.01,+0.12%,0
"2026-08-18 13:38",8.71,8.72,8.61,8.61,-0.09,-1.03%,0
"2026-08-18 13:39",8.57,8.61,8.57,8.61,0,0.00%,0
"2026-08-18 13:40",8.63,8.65,8.62,8.64,0.03,+0.35%,0
"2026-08-18 13:41",8.64,8.69,8.64,8.67,0.03,+0.35%,0
"2026-08-18 13:42",8.65,8.66,8.65,8.66,-0.01,-0.12%,0
"2026-08-18 13:43",8.66,8.68,8.65,8.66,0,0.00%,0
"2026-08-18 13:44",8.68,8.68,8.68,8.68,0.02,+0.23%,0
"2026-08-18 13:45",8.69,8.69,8.66,8.66,-0.02,-0.23%,0
"2026-08-18 13:46",8.68,8.7,8.63,8.63,-0.03,-0.35%,0
"2026-08-18 13:47",8.66,8.69,8.66,8.69,0.06,+0.70%,0
"2026-08-18 13:48",8.69,8.71,8.69,8.69,0,0.00%,0
"2026-08-18 13:49",8.67,8.69,8.67,8.69,0,0.00%,0
"2026-08-18 13:50",8.7,8.71,8.69,8.69,0,0.00%,0
"2026-08-18 13:51",8.7,8.7,8.68,8.68,-0.01,-0.12%,0
"2026-08-18 13:52",8.67,8.69,8.65,8.65,-0.03,-0.35%,0
"2026-08-18 13:53",8.64,8.65,8.64,8.64,-0.01,-0.12%,0
"2026-08-18 13:54",8.65,8.67,8.65,8.67,0.03,+0.35%,0
"2026-08-18 13:55",8.67,8.72,8.67,8.72,0.05,+0.58%,0
"2026-08-18 13:56",8.71,8.76,8.71,8.76,0.04,+0.46%,0
"2026-08-18 13:57",8.76,8.78,8.75,8.78,0.02,+0.23%,0
"2026-08-18 13:58",8.82,8.85,8.82,8.85,0.07,+0.80%,0
"2026-08-18 13:59",8.86,8.95,8.86,8.91,0.06,+0.68%,0
"2026-08-18 14:00",8.94,8.97,8.94,8.97,0.06,+0.67%,0
"2026-08-18 14:01",8.95,8.97,8.95,8.96,-0.01,-0.11%,0
"2026-08-18 14:02",8.95,8.95,8.9,8.94,-0.02,-0.22%,0
"2026-08-18 14:03",8.98,8.99,8.98,8.99,0.05,+0.56%,0
"2026-08-18 14:04",9,9.03,8.98,9.01,0.02,+0.22%,0
"2026-08-18 14:05",9,9.01,8.96,9.01,0,0.00%,0
"2026-08-18 14:06",9.02,9.03,9.02,9.02,0.01,+0.11%,0
"2026-08-18 14:07",9.03,9.06,9.02,9.02,0,0.00%,0
"2026-08-18 14:08",9.01,9.01,9,9,-0.02,-0.22%,0
"2026-08-18 14:09",9.02,9.09,9.02,9.09,0.09,+1.00%,0
"2026-08-18 14:10",9.07,9.1,9.07,9.09,0,0.00%,0
"2026-08-18 14:11",9.09,9.09,9.07,9.08,-0.01,-0.11%,0
"2026-08-18 14:12",9.08,9.08,9.06,9.06,-0.02,-0.22%,0
"2026-08-18 14:13",9.03,9.03,8.93,8.93,-0.13,-1.43%,0
"2026-08-18 14:14",8.89,8.89,8.87,8.87,-0.06,-0.67%,0
"2026-08-18 14:15",8.85,8.88,8.8,8.8,-0.07,-0.79%,0
"2026-08-18 14:16",8.79,8.8,8.79,8.79,-0.01,-0.11%,0
"2026-08-18 14:17",8.8,8.8,8.78,8.79,0,0.00%,0
"2026-08-18 14:18",8.78,8.78,8.73,8.73,-0.06,-0.68%,0
"2026-08-18 14:19",8.73,8.73,8.73,8.73,0,0.00%,0
"2026-08-18 14:20",8.72,8.76,8.72,8.76,0.03,+0.34%,0
"2026-08-18 14:21",8.74,8.78,8.74,8.78,0.02,+0.23%,0
"2026-08-18 14:22",8.75,8.81,8.75,8.81,0.03,+0.34%,0
"2026-08-18 14:23",8.83,8.85,8.83,8.84,0.03,+0.34%,0
"2026-08-18 14:24",8.84,8.86,8.84,8.84,0,0.00%,0
"2026-08-18 14:25",8.83,8.85,8.83,8.83,-0.01,-0.11%,0
"2026-08-18 14:26",8.84,8.86,8.82,8.82,-0.01,-0.11%,0
"2026-08-18 14:27",8.81,8.84,8.81,8.84,0.02,+0.23%,0
"2026-08-18 14:28",8.84,8.84,8.82,8.82,-0.02,-0.23%,0
"2026-08-18 14:29",8.8,8.82,8.8,8.82,0,0.00%,0
"2026-08-18 14:30",8.81,8.83,8.81,8.83,0.01,+0.11%,0
"2026-08-18 14:31",8.83,8.86,8.83,8.85,0.02,+0.23%,0
"2026-08-18 14:32",8.86,8.89,8.86,8.89,0.04,+0.45%,0
"2026-08-18 14:33",8.9,8.91,8.9,8.91,0.02,+0.22%,0
"2026-08-18 14:34",8.91,8.93,8.91,8.91,0,0.00%,0
"2026-08-18 14:35",8.89,8.89,8.87,8.89,-0.02,-0.22%,0
"2026-08-18 14:36",8.87,8.88,8.87,8.88,-0.01,-0.11%,0
"2026-08-18 14:37",8.9,8.9,8.88,8.88,0,0.00%,0
"2026-08-18 14:38",8.89,8.9,8.88,8.89,0.01,+0.11%,0
"2026-08-18 14:39",8.89,8.9,8.89,8.9,0.01,+0.11%,0
"2026-08-18 14:40",8.9,8.93,8.9,8.93,0.03,+0.34%,0
"2026-08-18 14:41",8.94,8.96,8.94,8.96,0.03,+0.34%,0
"2026-08-18 14:42",8.96,8.97,8.96,8.97,0.01,+0.11%,0
"2026-08-18 14:43",9,9,8.96,8.96,-0.01,-0.11%,0
"2026-08-18 14:44",8.99,9.05,8.99,9.05,0.09,+1.00%,0
"2026-08-18 14:45",9.06,9.1,9.06,9.08,0.03,+0.33%,0
"2026-08-18 14:46",9.1,9.11,9.1,9.11,0.03,+0.33%,0
"2026-08-18 14:47",9.11,9.14,9.1,9.11,0,0.00%,0
"2026-08-18 14:48",9.08,9.12,9.08,9.12,0.01,+0.11%,0
"2026-08-18 14:49",9.11,9.13,9.11,9.12,0,0.00%,0
"2026-08-18 14:50",9.13,9.15,9.13,9.14,0.02,+0.22%,0
"2026-08-18 14:51",9.16,9.19,9.16,9.19,0.05,+0.55%,0
"2026-08-18 14:52",9.2,9.25,9.2,9.24,0.05,+0.54%,0
"2026-08-18 14:53",9.25,9.25,9.23,9.23,-0.01,-0.11%,0
"2026-08-18 14:54",9.25,9.26,9.24,9.26,0.03,+0.33%,0
"2026-08-18 14:55",9.27,9.33,9.27,9.33,0.07,+0.76%,0
"2026-08-18 14:56",9.28,9.31,9.26,9.31,-0.02,-0.21%,0
"2026-08-18 14:57",9.32,9.32,9.31,9.31,0,0.00%,0
"2026-08-18 14:58",9.28,9.33,9.28,9.33,0.02,+0.21%,0
"2026-08-18 14:59",9.34,9.36,9.34,9.35,0.02,+0.21%,0
"2026-08-18 15:00",9.37,9.37,9.33,9.36,0.01,+0.11%,0
"2026-08-18 15:01",9.37,9.4,9.36,9.4,0.04,+0.43%,0
"2026-08-18 15:02",9.36,9.37,9.33,9.33,-0.07,-0.74%,0
"2026-08-18 15:03",9.34,9.38,9.32,9.32,-0.01,-0.11%,0
"2026-08-18 15:04",9.31,9.32,9.31,9.32,0,0.00%,0
"2026-08-18 15:05",9.33,9.37,9.33,9.35,0.03,+0.32%,0
"2026-08-18 15:06",9.35,9.37,9.35,9.36,0.01,+0.11%,0
"2026-08-18 15:07",9.35,9.35,9.3,9.34,-0.02,-0.21%,0
"2026-08-18 15:08",9.32,9.33,9.3,9.3,-0.04,-0.43%,0
"2026-08-18 15:09",9.29,9.29,9.28,9.29,-0.01,-0.11%,0
"2026-08-18 15:10",9.28,9.29,9.28,9.29,0,0.00%,0
"2026-08-18 15:11",9.27,9.34,9.27,9.34,0.05,+0.54%,0
"2026-08-18 15:12",9.36,9.48,9.36,9.48,0.14,+1.50%,0
"2026-08-18 15:13",9.48,9.5,9.48,9.48,0,0.00%,0
"2026-08-18 15:14",9.49,9.52,9.49,9.51,0.03,+0.32%,0
"2026-08-18 15:15",9.51,9.51,9.49,9.5,-0.01,-0.11%,0
"2026-08-18 15:16",9.48,9.5,9.48,9.48,-0.02,-0.21%,0
"2026-08-18 15:17",9.47,9.47,9.41,9.43,-0.05,-0.53%,0
"2026-08-18 15:18",9.43,9.43,9.4,9.4,-0.03,-0.32%,0
"2026-08-18 15:19",9.41,9.41,9.4,9.41,0.01,+0.11%,0
"2026-08-18 15:20",9.38,9.42,9.38,9.38,-0.03,-0.32%,0
"2026-08-18 15:21",9.38,9.4,9.36,9.36,-0.02,-0.21%,0
"2026-08-18 15:22",9.38,9.38,9.3,9.3,-0.06,-0.64%,0
"2026-08-18 15:23",9.29,9.32,9.29,9.31,0.01,+0.11%,0
"2026-08-18 15:24",9.31,9.31,9.29,9.29,-0.02,-0.21%,0
"2026-08-18 15:25",9.25,9.27,9.25,9.27,-0.02,-0.22%,0
"2026-08-18 15:26",9.28,9.29,9.28,9.29,0.02,+0.22%,0
"2026-08-18 15:27",9.28,9.3,9.28,9.3,0.01,+0.11%,0
"2026-08-18 15:28",9.31,9.32,9.31,9.32,0.02,+0.22%,0
"2026-08-18 15:29",9.32,9.33,9.32,9.32,0,0.00%,0
"2026-08-18 15:30",9.35,9.36,9.34,9.36,0.04,+0.43%,0
"2026-08-18 15:31",9.35,9.35,9.32,9.34,-0.02,-0.21%,0
"2026-08-18 15:32",9.34,9.35,9.33,9.33,-0.01,-0.11%,0
"2026-08-18 15:33",9.34,9.38,9.34,9.37,0.04,+0.43%,0
"2026-08-18 15:34",9.37,9.39,9.37,9.37,0,0.00%,0
"2026-08-18 15:35",9.37,9.4,9.37,9.39,0.02,+0.21%,0
"2026-08-18 15:36",9.38,9.38,9.35,9.36,-0.03,-0.32%,0
"2026-08-18 15:37",9.37,9.39,9.37,9.38,0.02,+0.21%,0
"2026-08-18 15:38",9.39,9.41,9.39,9.4,0.02,+0.21%,0
"2026-08-18 15:39",9.42,9.42,9.41,9.42,0.02,+0.21%,0
"2026-08-18 15:40",9.42,9.42,9.41,9.42,0,0.00%,0
"2026-08-18 15:41",9.43,9.45,9.43,9.45,0.03,+0.32%,0
"2026-08-18 15:42",9.44,9.47,9.44,9.45,0,0.00%,0
"2026-08-18 15:43",9.42,9.42,9.41,9.41,-0.04,-0.42%,0
"2026-08-18 15:44",9.42,9.42,9.39,9.39,-0.02,-0.21%,0
"2026-08-18 15:45",9.42,9.53,9.42,9.53,0.14,+1.49%,0
"2026-08-18 15:46",9.54,9.55,9.5,9.5,-0.03,-0.31%,0
"2026-08-18 15:47",9.53,9.57,9.53,9.57,0.07,+0.74%,0
"2026-08-18 15:48",9.54,9.57,9.53,9.57,0,0.00%,0
"2026-08-18 15:49",9.52,9.52,9.46,9.46,-0.11,-1.15%,0
"2026-08-18 15:50",9.43,9.48,9.43,9.48,0.02,+0.21%,0
"2026-08-18 15:51",9.45,9.52,9.45,9.52,0.04,+0.42%,0
"2026-08-18 15:52",9.54,9.54,9.52,9.53,0.01,+0.11%,0
"2026-08-18 15:53",9.55,9.6,9.55,9.6,0.07,+0.73%,0
"2026-08-18 15:54",9.59,9.71,9.59,9.71,0.11,+1.15%,0
"2026-08-18 15:55",9.74,9.74,9.71,9.71,0,0.00%,0
"2026-08-18 15:56",9.66,9.67,9.59,9.59,-0.12,-1.24%,0
"2026-08-18 15:57",9.6,9.66,9.6,9.66,0.07,+0.73%,0
"2026-08-18 15:58",9.75,9.85,9.75,9.81,0.15,+1.55%,0
"2026-08-18 15:59",9.79,9.8,9.74,9.8,-0.01,-0.10%,0
"2026-08-18 16:00",9.73,9.78,9.73,9.78,-0.02,-0.20%,0
"2026-08-18 16:01",9.86,10,9.86,10,0.22,+2.25%,0
"2026-08-18 16:02",9.98,10.06,9.98,10.06,0.06,+0.60%,0
"2026-08-18 16:03",10.06,10.07,10.05,10.05,-0.01,-0.10%,0
"2026-08-18 16:04",10.05,10.09,10.05,10.05,0,0.00%,0
"2026-08-18 16:05",10.05,10.05,10.02,10.02,-0.03,-0.30%,0
"2026-08-18 16:06",10.02,10.06,10.02,10.04,0.02,+0.20%,0
"2026-08-18 16:07",10.08,10.09,10.07,10.08,0.04,+0.40%,0
"2026-08-18 16:08",10.06,10.08,10.04,10.07,-0.01,-0.10%,0
"2026-08-18 16:09",10.1,10.22,10.1,10.22,0.15,+1.49%,0
"2026-08-18 16:10",10.23,10.23,10.17,10.17,-0.05,-0.49%,0
"2026-08-18 16:11",10.21,10.24,10.21,10.24,0.07,+0.69%,0
"2026-08-18 16:12",10.25,10.25,10.16,10.17,-0.07,-0.68%,0
"2026-08-18 16:13",10.18,10.18,10.16,10.17,0,0.00%,0
"2026-08-18 16:14",10.17,10.17,10.05,10.05,-0.12,-1.18%,0
"2026-08-18 16:15",10.06,10.06,10.06,10.06,0.01,+0.10%,0
"2026-08-19 09:31",7.19,7.25,7.19,7.23,-2.83,-28.13%,0
"2026-08-19 09:32",7.19,7.26,7.19,7.26,0.03,+0.41%,0
"2026-08-19 09:33",7.14,7.2,7.14,7.2,-0.06,-0.83%,0
"2026-08-19 09:34",7.19,7.19,7.12,7.12,-0.08,-1.11%,0
"2026-08-19 09:35",7.08,7.12,7.04,7.08,-0.04,-0.56%,0
"2026-08-19 09:36",7.07,7.18,7.07,7.14,0.06,+0.85%,0
"2026-08-19 09:37",7.19,7.22,7.14,7.22,0.08,+1.12%,0
"2026-08-19 09:38",7.18,7.23,7.14,7.14,-0.08,-1.11%,0
"2026-08-19 09:39",7.22,7.24,7.16,7.16,0.02,+0.28%,0
"2026-08-19 09:40",7.25,7.38,7.25,7.38,0.22,+3.07%,0
"2026-08-19 09:41",7.36,7.36,7.25,7.26,-0.12,-1.63%,0
"2026-08-19 09:42",7.3,7.3,7.28,7.3,0.04,+0.55%,0
"2026-08-19 09:43",7.32,7.36,7.3,7.3,0,0.00%,0
"2026-08-19 09:44",7.37,7.37,7.29,7.29,-0.01,-0.14%,0
"2026-08-19 09:45",7.27,7.27,7.19,7.24,-0.05,-0.69%,0
"2026-08-19 09:46",7.21,7.27,7.15,7.27,0.03,+0.41%,0
"2026-08-19 09:47",7.33,7.45,7.33,7.4,0.13,+1.79%,0
"2026-08-19 09:48",7.41,7.7,7.41,7.7,0.3,+4.05%,0
"2026-08-19 09:49",7.98,8.25,7.98,8.25,0.55,+7.14%,0
"2026-08-19 09:50",8.26,8.26,8.07,8.07,-0.18,-2.18%,0
"2026-08-19 09:51",8.17,8.54,8.17,8.54,0.47,+5.82%,0
"2026-08-19 09:52",8.42,8.42,8.15,8.15,-0.39,-4.57%,0
"2026-08-19 09:53",8.16,8.16,7.93,7.93,-0.22,-2.70%,0
"2026-08-19 09:54",7.92,7.93,7.9,7.9,-0.03,-0.38%,0
"2026-08-19 09:55",7.8,7.87,7.73,7.73,-0.17,-2.15%,0
"2026-08-19 09:56",7.76,7.89,7.76,7.78,0.05,+0.65%,0
"2026-08-19 09:57",7.76,7.78,7.73,7.73,-0.05,-0.64%,0
"2026-08-19 09:58",7.72,7.78,7.7,7.7,-0.03,-0.39%,0
"2026-08-19 09:59",7.7,7.73,7.69,7.69,-0.01,-0.13%,0
"2026-08-19 10:00",7.71,7.85,7.71,7.78,0.09,+1.17%,0
"2026-08-19 10:01",7.72,7.79,7.72,7.74,-0.04,-0.51%,0
"2026-08-19 10:02",7.74,7.75,7.66,7.66,-0.08,-1.03%,0
"2026-08-19 10:03",7.69,7.69,7.61,7.61,-0.05,-0.65%,0
"2026-08-19 10:04",7.6,7.6,7.54,7.59,-0.02,-0.26%,0
"2026-08-19 10:05",7.56,7.56,7.47,7.47,-0.12,-1.58%,0
"2026-08-19 10:06",7.53,7.55,7.49,7.55,0.08,+1.07%,0
"2026-08-19 10:07",7.54,7.55,7.54,7.55,0,0.00%,0
"2026-08-19 10:08",7.48,7.5,7.46,7.48,-0.07,-0.93%,0
"2026-08-19 10:09",7.48,7.49,7.44,7.44,-0.04,-0.53%,0
"2026-08-19 10:10",7.43,7.49,7.43,7.49,0.05,+0.67%,0
"2026-08-19 10:11",7.53,7.62,7.53,7.62,0.13,+1.74%,0
"2026-08-19 10:12",7.65,7.69,7.58,7.58,-0.04,-0.52%,0
"2026-08-19 10:13",7.56,7.56,7.52,7.56,-0.02,-0.26%,0
"2026-08-19 10:14",7.52,7.66,7.52,7.66,0.1,+1.32%,0
"2026-08-19 10:15",7.8,7.8,7.7,7.7,0.04,+0.52%,0
"2026-08-19 10:16",7.58,7.68,7.58,7.63,-0.07,-0.91%,0
"2026-08-19 10:17",7.58,7.63,7.58,7.63,0,0.00%,0
"2026-08-19 10:18",7.63,7.63,7.6,7.6,-0.03,-0.39%,0
"2026-08-19 10:19",7.56,7.59,7.54,7.59,-0.01,-0.13%,0
"2026-08-19 10:20",7.58,7.58,7.52,7.52,-0.07,-0.92%,0
"2026-08-19 10:21",7.52,7.65,7.52,7.65,0.13,+1.73%,0
"2026-08-19 10:22",7.58,7.66,7.58,7.61,-0.04,-0.52%,0
"2026-08-19 10:23",7.63,7.63,7.52,7.53,-0.08,-1.05%,0
"2026-08-19 10:24",7.49,7.5,7.47,7.5,-0.03,-0.40%,0
"2026-08-19 10:25",7.49,7.59,7.49,7.59,0.09,+1.20%,0
"2026-08-19 10:26",7.58,7.58,7.53,7.58,-0.01,-0.13%,0
"2026-08-19 10:27",7.53,7.53,7.45,7.46,-0.12,-1.58%,0
"2026-08-19 10:28",7.46,7.49,7.44,7.46,0,0.00%,0
"2026-08-19 10:29",7.47,7.48,7.47,7.48,0.02,+0.27%,0
"2026-08-19 10:30",7.44,7.49,7.44,7.47,-0.01,-0.13%,0
"2026-08-19 10:31",7.45,7.45,7.4,7.4,-0.07,-0.94%,0
"2026-08-19 10:32",7.39,7.43,7.39,7.43,0.03,+0.41%,0
"2026-08-19 10:33",7.42,7.42,7.35,7.35,-0.08,-1.08%,0
"2026-08-19 10:34",7.34,7.42,7.34,7.41,0.06,+0.82%,0
"2026-08-19 10:35",7.36,7.37,7.32,7.32,-0.09,-1.21%,0
"2026-08-19 10:36",7.29,7.33,7.29,7.32,0,0.00%,0
"2026-08-19 10:37",7.32,7.32,7.28,7.3,-0.02,-0.27%,0
"2026-08-19 10:38",7.3,7.36,7.3,7.36,0.06,+0.82%,0
"2026-08-19 10:39",7.38,7.42,7.38,7.38,0.02,+0.27%,0
"2026-08-19 10:40",7.36,7.38,7.36,7.37,-0.01,-0.14%,0
"2026-08-19 10:41",7.36,7.37,7.36,7.36,-0.01,-0.14%,0
"2026-08-19 10:42",7.35,7.37,7.34,7.34,-0.02,-0.27%,0
"2026-08-19 10:43",7.33,7.35,7.33,7.34,0,0.00%,0
"2026-08-19 10:44",7.32,7.33,7.28,7.28,-0.06,-0.82%,0
"2026-08-19 10:45",7.25,7.29,7.24,7.24,-0.04,-0.55%,0
"2026-08-19 10:46",7.24,7.28,7.24,7.27,0.03,+0.41%,0
"2026-08-19 10:47",7.24,7.24,7.2,7.2,-0.07,-0.96%,0
"2026-08-19 10:48",7.19,7.25,7.19,7.24,0.04,+0.56%,0
"2026-08-19 10:49",7.27,7.32,7.27,7.32,0.08,+1.10%,0
"2026-08-19 10:50",7.28,7.29,7.25,7.25,-0.07,-0.96%,0
"2026-08-19 10:51",7.24,7.24,7.22,7.24,-0.01,-0.14%,0
"2026-08-19 10:52",7.27,7.28,7.27,7.27,0.03,+0.41%,0
"2026-08-19 10:53",7.27,7.27,7.24,7.24,-0.03,-0.41%,0
"2026-08-19 10:54",7.22,7.24,7.21,7.21,-0.03,-0.41%,0
"2026-08-19 10:55",7.18,7.19,7.15,7.15,-0.06,-0.83%,0
"2026-08-19 10:56",7.15,7.15,7.09,7.09,-0.06,-0.84%,0
"2026-08-19 10:57",7.09,7.14,7.09,7.14,0.05,+0.71%,0
"2026-08-19 10:58",7.13,7.14,7.11,7.11,-0.03,-0.42%,0
"2026-08-19 10:59",7.1,7.2,7.1,7.18,0.07,+0.98%,0
"2026-08-19 11:00",7.19,7.22,7.18,7.18,0,0.00%,0
"2026-08-19 11:01",7.16,7.22,7.16,7.22,0.04,+0.56%,0
"2026-08-19 11:02",7.21,7.23,7.21,7.23,0.01,+0.14%,0
"2026-08-19 11:03",7.23,7.25,7.23,7.23,0,0.00%,0
"2026-08-19 11:04",7.23,7.25,7.23,7.24,0.01,+0.14%,0
"2026-08-19 11:05",7.24,7.3,7.24,7.3,0.06,+0.83%,0
"2026-08-19 11:06",7.27,7.28,7.27,7.27,-0.03,-0.41%,0
"2026-08-19 11:07",7.27,7.27,7.23,7.23,-0.04,-0.55%,0
"2026-08-19 11:08",7.24,7.26,7.24,7.25,0.02,+0.28%,0
"2026-08-19 11:09",7.25,7.27,7.25,7.26,0.01,+0.14%,0
"2026-08-19 11:10",7.29,7.29,7.27,7.27,0.01,+0.14%,0
"2026-08-19 11:11",7.28,7.29,7.28,7.29,0.02,+0.28%,0
"2026-08-19 11:12",7.29,7.29,7.27,7.28,-0.01,-0.14%,0
"2026-08-19 11:13",7.29,7.3,7.28,7.28,0,0.00%,0
"2026-08-19 11:14",7.29,7.32,7.29,7.31,0.03,+0.41%,0
"2026-08-19 11:15",7.3,7.43,7.3,7.43,0.12,+1.64%,0
"2026-08-19 11:16",7.42,7.42,7.38,7.38,-0.05,-0.67%,0
"2026-08-19 11:17",7.37,7.38,7.37,7.37,-0.01,-0.14%,0
"2026-08-19 11:18",7.36,7.37,7.36,7.37,0,0.00%,0
"2026-08-19 11:19",7.37,7.38,7.35,7.36,-0.01,-0.14%,0
"2026-08-19 11:20",7.36,7.38,7.36,7.38,0.02,+0.27%,0
"2026-08-19 11:21",7.39,7.42,7.39,7.42,0.04,+0.54%,0
"2026-08-19 11:22",7.42,7.42,7.35,7.35,-0.07,-0.94%,0
"2026-08-19 11:23",7.31,7.34,7.31,7.34,-0.01,-0.14%,0
"2026-08-19 11:24",7.34,7.37,7.33,7.37,0.03,+0.41%,0
"2026-08-19 11:25",7.4,7.52,7.4,7.52,0.15,+2.04%,0
"2026-08-19 11:26",7.45,7.48,7.45,7.46,-0.06,-0.80%,0
"2026-08-19 11:27",7.43,7.44,7.41,7.41,-0.05,-0.67%,0
"2026-08-19 11:28",7.42,7.42,7.4,7.42,0.01,+0.13%,0
"2026-08-19 11:29",7.4,7.44,7.37,7.44,0.02,+0.27%,0
"2026-08-19 11:30",7.39,7.43,7.39,7.43,-0.01,-0.13%,0
"2026-08-19 11:31",7.41,7.43,7.41,7.43,0,0.00%,0
"2026-08-19 11:32",7.42,7.44,7.41,7.41,-0.02,-0.27%,0
"2026-08-19 11:33",7.42,7.42,7.37,7.37,-0.04,-0.54%,0
"2026-08-19 11:34",7.42,7.44,7.41,7.43,0.06,+0.81%,0
"2026-08-19 11:35",7.42,7.43,7.4,7.4,-0.03,-0.40%,0
"2026-08-19 11:36",7.44,7.46,7.44,7.46,0.06,+0.81%,0
"2026-08-19 11:37",7.51,7.58,7.43,7.43,-0.03,-0.40%,0
"2026-08-19 11:38",7.47,7.51,7.47,7.51,0.08,+1.08%,0
"2026-08-19 11:39",7.49,7.49,7.47,7.49,-0.02,-0.27%,0
"2026-08-19 11:40",7.5,7.73,7.5,7.66,0.17,+2.27%,0
"2026-08-19 11:41",7.72,7.81,7.72,7.78,0.12,+1.57%,0
"2026-08-19 11:42",7.77,7.78,7.74,7.74,-0.04,-0.51%,0
"2026-08-19 11:43",7.75,7.79,7.72,7.72,-0.02,-0.26%,0
"2026-08-19 11:44",7.73,7.75,7.69,7.69,-0.03,-0.39%,0
"2026-08-19 11:45",7.67,7.71,7.67,7.68,-0.01,-0.13%,0
"2026-08-19 11:46",7.66,7.66,7.62,7.62,-0.06,-0.78%,0
"2026-08-19 11:47",7.61,7.62,7.61,7.61,-0.01,-0.13%,0
"2026-08-19 11:48",7.64,7.64,7.6,7.6,-0.01,-0.13%,0
"2026-08-19 11:49",7.56,7.66,7.56,7.66,0.06,+0.79%,0
"2026-08-19 11:50",7.76,7.85,7.67,7.67,0.01,+0.13%,0
"2026-08-19 11:51",7.69,7.71,7.65,7.65,-0.02,-0.26%,0
"2026-08-19 11:52",7.69,7.71,7.68,7.7,0.05,+0.65%,0
"2026-08-19 11:53",7.68,7.68,7.62,7.62,-0.08,-1.04%,0
"2026-08-19 11:54",7.7,7.71,7.64,7.71,0.09,+1.18%,0
"2026-08-19 11:55",7.69,7.74,7.68,7.69,-0.02,-0.26%,0
"2026-08-19 11:56",7.65,7.68,7.65,7.66,-0.03,-0.39%,0
"2026-08-19 11:57",7.63,7.64,7.59,7.59,-0.07,-0.91%,0
"2026-08-19 11:58",7.62,7.63,7.6,7.6,0.01,+0.13%,0
"2026-08-19 11:59",7.55,7.6,7.55,7.6,0,0.00%,0
"2026-08-19 12:00",7.57,7.62,7.56,7.56,-0.04,-0.53%,0
"2026-08-19 12:01",7.55,7.56,7.55,7.56,0,0.00%,0
"2026-08-19 12:02",7.54,7.56,7.54,7.55,-0.01,-0.13%,0
"2026-08-19 12:03",7.56,7.62,7.56,7.62,0.07,+0.93%,0
"2026-08-19 12:04",7.61,7.62,7.6,7.6,-0.02,-0.26%,0
"2026-08-19 12:05",7.59,7.6,7.58,7.58,-0.02,-0.26%,0
"2026-08-19 12:06",7.58,7.59,7.58,7.59,0.01,+0.13%,0
"2026-08-19 12:07",7.6,7.62,7.6,7.61,0.02,+0.26%,0
"2026-08-19 12:08",7.63,7.63,7.61,7.61,0,0.00%,0
"2026-08-19 12:09",7.62,7.63,7.62,7.62,0.01,+0.13%,0
"2026-08-19 12:10",7.61,7.63,7.61,7.63,0.01,+0.13%,0
"2026-08-19 12:11",7.62,7.66,7.62,7.66,0.03,+0.39%,0
"2026-08-19 12:12",7.66,7.69,7.66,7.68,0.02,+0.26%,0
"2026-08-19 12:13",7.68,7.69,7.68,7.68,0,0.00%,0
"2026-08-19 12:14",7.69,7.71,7.69,7.7,0.02,+0.26%,0
"2026-08-19 12:15",7.71,7.73,7.71,7.73,0.03,+0.39%,0
"2026-08-19 12:16",7.71,7.73,7.71,7.73,0,0.00%,0
"2026-08-19 12:17",7.74,7.76,7.74,7.74,0.01,+0.13%,0
"2026-08-19 12:18",7.73,7.73,7.73,7.73,-0.01,-0.13%,0
"2026-08-19 12:19",7.75,7.76,7.75,7.75,0.02,+0.26%,0
"2026-08-19 12:20",7.75,7.76,7.75,7.75,0,0.00%,0
"2026-08-19 12:21",7.75,7.78,7.75,7.77,0.02,+0.26%,0
"2026-08-19 12:22",7.77,7.79,7.77,7.78,0.01,+0.13%,0
"2026-08-19 12:23",7.77,7.79,7.77,7.79,0.01,+0.13%,0
"2026-08-19 12:24",7.78,7.8,7.78,7.8,0.01,+0.13%,0
"2026-08-19 12:25",7.81,7.82,7.81,7.82,0.02,+0.26%,0
"2026-08-19 12:26",7.84,7.84,7.82,7.83,0.01,+0.13%,0
"2026-08-19 12:27",7.82,7.89,7.82,7.89,0.06,+0.77%,0
"2026-08-19 12:28",7.88,7.92,7.88,7.92,0.03,+0.38%,0
"2026-08-19 12:29",8.02,8.1,8.02,8.1,0.18,+2.27%,0
"2026-08-19 12:30",8.09,8.28,8.09,8.28,0.18,+2.22%,0
"2026-08-19 12:31",8.2,8.23,8.2,8.22,-0.06,-0.72%,0
"2026-08-19 12:32",8.18,8.19,8.16,8.16,-0.06,-0.73%,0
"2026-08-19 12:33",8.15,8.15,8.06,8.06,-0.1,-1.23%,0
"2026-08-19 12:34",8.05,8.11,8.05,8.08,0.02,+0.25%,0
"2026-08-19 12:35",8.05,8.28,8.05,8.28,0.2,+2.48%,0
"2026-08-19 12:36",8.27,8.27,8.24,8.26,-0.02,-0.24%,0
"2026-08-19 12:37",8.24,8.24,8.18,8.18,-0.08,-0.97%,0
"2026-08-19 12:38",8.21,8.21,8.17,8.17,-0.01,-0.12%,0
"2026-08-19 12:39",8.17,8.19,8.13,8.13,-0.04,-0.49%,0
"2026-08-19 12:40",8.19,8.24,8.19,8.21,0.08,+0.98%,0
"2026-08-19 12:41",8.21,8.28,8.21,8.22,0.01,+0.12%,0
"2026-08-19 12:42",8.21,8.23,8.21,8.23,0.01,+0.12%,0
"2026-08-19 12:43",8.26,8.29,8.26,8.29,0.06,+0.73%,0
"2026-08-19 12:44",8.26,8.26,8.23,8.24,-0.05,-0.60%,0
"2026-08-19 12:45",8.25,8.31,8.25,8.31,0.07,+0.85%,0
"2026-08-19 12:46",8.32,8.32,8.3,8.3,-0.01,-0.12%,0
"2026-08-19 12:47",8.32,8.32,8.3,8.3,0,0.00%,0
"2026-08-19 12:48",8.3,8.31,8.28,8.28,-0.02,-0.24%,0
"2026-08-19 12:49",8.27,8.38,8.27,8.34,0.06,+0.72%,0
"2026-08-19 12:50",8.35,8.47,8.35,8.47,0.13,+1.56%,0
"2026-08-19 12:51",8.48,8.54,8.48,8.54,0.07,+0.83%,0
"2026-08-19 12:52",8.48,8.52,8.48,8.51,-0.03,-0.35%,0
"2026-08-19 12:53",8.47,8.6,8.47,8.6,0.09,+1.06%,0
"2026-08-19 12:54",8.6,8.61,8.55,8.55,-0.05,-0.58%,0
"2026-08-19 12:55",8.54,8.7,8.54,8.7,0.15,+1.75%,0
"2026-08-19 12:56",8.62,8.66,8.62,8.65,-0.05,-0.57%,0
"2026-08-19 12:57",8.65,8.7,8.65,8.69,0.04,+0.46%,0
"2026-08-19 12:58",8.79,8.79,8.68,8.68,-0.01,-0.12%,0
"2026-08-19 12:59",8.69,8.72,8.68,8.68,0,0.00%,0
"2026-08-19 13:00",8.66,8.7,8.61,8.61,-0.07,-0.81%,0
"2026-08-19 13:01",8.56,8.59,8.53,8.53,-0.08,-0.93%,0
"2026-08-19 13:02",8.51,8.52,8.42,8.44,-0.09,-1.06%,0
"2026-08-19 13:03",8.46,8.49,8.46,8.46,0.02,+0.24%,0
"2026-08-19 13:04",8.44,8.45,8.44,8.44,-0.02,-0.24%,0
"2026-08-19 13:05",8.43,8.43,8.36,8.36,-0.08,-0.95%,0
"2026-08-19 13:06",8.34,8.46,8.34,8.46,0.1,+1.20%,0
"2026-08-19 13:07",8.46,8.52,8.46,8.52,0.06,+0.71%,0
"2026-08-19 13:08",8.54,8.56,8.53,8.56,0.04,+0.47%,0
"2026-08-19 13:09",8.61,8.65,8.61,8.64,0.08,+0.93%,0
"2026-08-19 13:10",8.69,8.69,8.54,8.54,-0.1,-1.16%,0
"2026-08-19 13:11",8.57,8.57,8.57,8.57,0.03,+0.35%,0
"2026-08-19 13:12",8.58,8.58,8.54,8.54,-0.03,-0.35%,0
"2026-08-19 13:13",8.49,8.51,8.49,8.51,-0.03,-0.35%,0
"2026-08-19 13:14",8.53,8.54,8.53,8.53,0.02,+0.24%,0
"2026-08-19 13:15",8.56,8.58,8.56,8.57,0.04,+0.47%,0
"2026-08-19 13:16",8.59,8.59,8.56,8.58,0.01,+0.12%,0
"2026-08-19 13:17",8.57,8.58,8.55,8.58,0,0.00%,0
"2026-08-19 13:18",8.57,8.68,8.57,8.68,0.1,+1.17%,0
"2026-08-19 13:19",8.7,8.74,8.7,8.74,0.06,+0.69%,0
"2026-08-19 13:20",8.76,8.82,8.76,8.79,0.05,+0.57%,0
"2026-08-19 13:21",8.82,8.94,8.82,8.94,0.15,+1.71%,0
"2026-08-19 13:22",8.97,9.03,8.97,9.03,0.09,+1.01%,0
"2026-08-19 13:23",8.98,8.98,8.88,8.88,-0.15,-1.66%,0
"2026-08-19 13:24",8.86,8.9,8.86,8.89,0.01,+0.11%,0
"2026-08-19 13:25",8.88,8.88,8.83,8.83,-0.06,-0.67%,0
"2026-08-19 13:26",8.86,8.87,8.84,8.85,0.02,+0.23%,0
"2026-08-19 13:27",8.82,8.88,8.82,8.88,0.03,+0.34%,0
"2026-08-19 13:28",8.85,8.87,8.84,8.84,-0.04,-0.45%,0
"2026-08-19 13:29",8.8,8.82,8.79,8.81,-0.03,-0.34%,0
"2026-08-19 13:30",8.81,8.85,8.81,8.81,0,0.00%,0
"2026-08-19 13:31",8.82,8.89,8.82,8.88,0.07,+0.79%,0
"2026-08-19 13:32",8.89,8.99,8.89,8.99,0.11,+1.24%,0
"2026-08-19 13:33",8.99,8.99,8.94,8.94,-0.05,-0.56%,0
"2026-08-19 13:34",8.95,8.96,8.95,8.96,0.02,+0.22%,0
"2026-08-19 13:35",9.01,9.03,8.99,8.99,0.03,+0.33%,0
"2026-08-19 13:36",9,9.01,8.99,8.99,0,0.00%,0
"2026-08-19 13:37",8.96,9.01,8.96,9.01,0.02,+0.22%,0
"2026-08-19 13:38",9.02,9.02,8.89,8.89,-0.12,-1.33%,0
"2026-08-19 13:39",8.88,8.89,8.87,8.87,-0.02,-0.22%,0
"2026-08-19 13:40",8.89,8.89,8.84,8.84,-0.03,-0.34%,0
"2026-08-19 13:41",8.85,8.87,8.83,8.83,-0.01,-0.11%,0
"2026-08-19 13:42",8.8,8.81,8.77,8.8,-0.03,-0.34%,0
"2026-08-19 13:43",8.8,8.84,8.8,8.84,0.04,+0.45%,0
"2026-08-19 13:44",8.84,8.87,8.84,8.87,0.03,+0.34%,0
"2026-08-19 13:45",8.86,8.86,8.82,8.82,-0.05,-0.56%,0
"2026-08-19 13:46",8.81,8.85,8.81,8.85,0.03,+0.34%,0
"2026-08-19 13:47",8.85,8.86,8.85,8.86,0.01,+0.11%,0
"2026-08-19 13:48",8.87,8.89,8.87,8.88,0.02,+0.23%,0
"2026-08-19 13:49",8.86,8.91,8.86,8.91,0.03,+0.34%,0
"2026-08-19 13:50",8.93,8.95,8.93,8.95,0.04,+0.45%,0
"2026-08-19 13:51",8.95,8.95,8.95,8.95,0,0.00%,0
"2026-08-19 13:52",8.91,8.94,8.91,8.92,-0.03,-0.34%,0
"2026-08-19 13:53",8.92,8.92,8.89,8.89,-0.03,-0.34%,0
"2026-08-19 13:54",8.9,8.93,8.9,8.93,0.04,+0.45%,0
"2026-08-19 13:55",8.95,9,8.95,9,0.07,+0.78%,0
"2026-08-19 13:56",9.02,9.02,9.01,9.02,0.02,+0.22%,0
"2026-08-19 13:57",9.02,9.04,9.02,9.04,0.02,+0.22%,0
"2026-08-19 13:58",9.08,9.08,9.04,9.05,0.01,+0.11%,0
"2026-08-19 13:59",9.06,9.13,9.06,9.08,0.03,+0.33%,0
"2026-08-19 14:00",8.93,9.03,8.93,8.96,-0.12,-1.32%,0
"2026-08-19 14:01",8.92,8.92,8.84,8.84,-0.12,-1.34%,0
"2026-08-19 14:02",8.82,8.84,8.74,8.74,-0.1,-1.13%,0
"2026-08-19 14:03",8.73,8.73,8.72,8.73,-0.01,-0.11%,0
"2026-08-19 14:04",8.72,8.75,8.72,8.75,0.02,+0.23%,0
"2026-08-19 14:05",8.79,8.87,8.79,8.87,0.12,+1.37%,0
"2026-08-19 14:06",8.98,9.07,8.98,9.06,0.19,+2.14%,0
"2026-08-19 14:07",9.14,9.28,9.14,9.28,0.22,+2.43%,0
"2026-08-19 14:08",9.27,9.38,9.27,9.35,0.07,+0.75%,0
"2026-08-19 14:09",9.38,9.44,9.38,9.42,0.07,+0.75%,0
"2026-08-19 14:10",9.46,9.46,9.38,9.38,-0.04,-0.42%,0
"2026-08-19 14:11",9.33,9.36,9.26,9.26,-0.12,-1.28%,0
"2026-08-19 14:12",9.22,9.23,9.16,9.16,-0.1,-1.08%,0
"2026-08-19 14:13",9.12,9.12,9.07,9.07,-0.09,-0.98%,0
"2026-08-19 14:14",9.1,9.15,9.07,9.15,0.08,+0.88%,0
"2026-08-19 14:15",9.16,9.23,9.16,9.21,0.06,+0.66%,0
"2026-08-19 14:16",9.22,9.29,9.22,9.27,0.06,+0.65%,0
"2026-08-19 14:17",9.28,9.31,9.28,9.31,0.04,+0.43%,0
"2026-08-19 14:18",9.31,9.32,9.24,9.24,-0.07,-0.75%,0
"2026-08-19 14:19",9.26,9.27,9.26,9.26,0.02,+0.22%,0
"2026-08-19 14:20",9.29,9.32,9.29,9.32,0.06,+0.65%,0
"2026-08-19 14:21",9.28,9.28,9.18,9.18,-0.14,-1.50%,0
"2026-08-19 14:22",9.18,9.19,9.17,9.19,0.01,+0.11%,0
"2026-08-19 14:23",9.21,9.21,9.17,9.17,-0.02,-0.22%,0
"2026-08-19 14:24",9.18,9.2,9.18,9.2,0.03,+0.33%,0
"2026-08-19 14:25",9.17,9.18,9.15,9.15,-0.05,-0.54%,0
"2026-08-19 14:26",9.11,9.15,9.11,9.15,0,0.00%,0
"2026-08-19 14:27",9.13,9.13,9.1,9.13,-0.02,-0.22%,0
"2026-08-19 14:28",9.12,9.12,9.06,9.1,-0.03,-0.33%,0
"2026-08-19 14:29",9.1,9.1,9.02,9.02,-0.08,-0.88%,0
"2026-08-19 14:30",9.03,9.03,8.98,8.98,-0.04,-0.44%,0
"2026-08-19 14:31",8.99,8.99,8.97,8.98,0,0.00%,0
"2026-08-19 14:32",9.02,9.02,9,9.02,0.04,+0.45%,0
"2026-08-19 14:33",9.02,9.03,9.01,9.03,0.01,+0.11%,0
"2026-08-19 14:34",9.03,9.03,9.01,9.01,-0.02,-0.22%,0
"2026-08-19 14:35",9.02,9.04,9.02,9.03,0.02,+0.22%,0
"2026-08-19 14:36",9.03,9.05,9.03,9.05,0.02,+0.22%,0
"2026-08-19 14:37",9.06,9.07,9.05,9.07,0.02,+0.22%,0
"2026-08-19 14:38",9.11,9.14,9.11,9.12,0.05,+0.55%,0
"2026-08-19 14:39",9.14,9.14,9.07,9.08,-0.04,-0.44%,0
"2026-08-19 14:40",9.08,9.08,9.07,9.07,-0.01,-0.11%,0
"2026-08-19 14:41",9.08,9.08,9.03,9.03,-0.04,-0.44%,0
"2026-08-19 14:42",9.05,9.08,9.05,9.08,0.05,+0.55%,0
"2026-08-19 14:43",9.03,9.05,9.03,9.03,-0.05,-0.55%,0
"2026-08-19 14:44",9.03,9.08,9.03,9.08,0.05,+0.55%,0
"2026-08-19 14:45",9.07,9.1,9.07,9.1,0.02,+0.22%,0
"2026-08-19 14:46",9.12,9.21,9.12,9.21,0.11,+1.21%,0
"2026-08-19 14:47",9.21,9.24,9.21,9.24,0.03,+0.33%,0
"2026-08-19 14:48",9.23,9.28,9.23,9.28,0.04,+0.43%,0
"2026-08-19 14:49",9.32,9.32,9.28,9.28,0,0.00%,0
"2026-08-19 14:50",9.25,9.27,9.23,9.23,-0.05,-0.54%,0
"2026-08-19 14:51",9.24,9.28,9.24,9.28,0.05,+0.54%,0
"2026-08-19 14:52",9.27,9.29,9.27,9.29,0.01,+0.11%,0
"2026-08-19 14:53",9.29,9.32,9.29,9.3,0.01,+0.11%,0
"2026-08-19 14:54",9.27,9.3,9.27,9.28,-0.02,-0.22%,0
"2026-08-19 14:55",9.27,9.28,9.27,9.27,-0.01,-0.11%,0
"2026-08-19 14:56",9.24,9.26,9.24,9.26,-0.01,-0.11%,0
"2026-08-19 14:57",9.26,9.27,9.25,9.27,0.01,+0.11%,0
"2026-08-19 14:58",9.28,9.3,9.27,9.27,0,0.00%,0
"2026-08-19 14:59",9.25,9.3,9.25,9.29,0.02,+0.22%,0
"2026-08-19 15:00",9.29,9.29,9.17,9.18,-0.11,-1.18%,0
"2026-08-19 15:01",9.12,9.13,9.11,9.13,-0.05,-0.54%,0
"2026-08-19 15:02",9.1,9.1,9.09,9.1,-0.03,-0.33%,0
"2026-08-19 15:03",9.11,9.14,9.11,9.14,0.04,+0.44%,0
"2026-08-19 15:04",9.13,9.18,9.13,9.18,0.04,+0.44%,0
"2026-08-19 15:05",9.18,9.19,9.17,9.17,-0.01,-0.11%,0
"2026-08-19 15:06",9.19,9.2,9.16,9.16,-0.01,-0.11%,0
"2026-08-19 15:07",9.16,9.16,9.13,9.13,-0.03,-0.33%,0
"2026-08-19 15:08",9.11,9.11,9.06,9.06,-0.07,-0.77%,0
"2026-08-19 15:09",9.06,9.08,9.06,9.06,0,0.00%,0
"2026-08-19 15:10",9.02,9.18,9.02,9.18,0.12,+1.32%,0
"2026-08-19 15:11",9.11,9.12,9.11,9.11,-0.07,-0.76%,0
"2026-08-19 15:12",9.09,9.15,9.08,9.15,0.04,+0.44%,0
"2026-08-19 15:13",9.16,9.18,9.16,9.18,0.03,+0.33%,0
"2026-08-19 15:14",9.19,9.19,9.19,9.19,0.01,+0.11%,0
"2026-08-19 15:15",9.21,9.22,9.2,9.22,0.03,+0.33%,0
"2026-08-19 15:16",9.21,9.23,9.21,9.23,0.01,+0.11%,0
"2026-08-19 15:17",9.23,9.23,9.22,9.22,-0.01,-0.11%,0
"2026-08-19 15:18",9.22,9.24,9.22,9.22,0,0.00%,0
"2026-08-19 15:19",9.19,9.19,9.18,9.19,-0.03,-0.33%,0
"2026-08-19 15:20",9.17,9.2,9.17,9.2,0.01,+0.11%,0
"2026-08-19 15:21",9.19,9.25,9.19,9.25,0.05,+0.54%,0
"2026-08-19 15:22",9.27,9.28,9.26,9.26,0.01,+0.11%,0
"2026-08-19 15:23",9.25,9.26,9.25,9.25,-0.01,-0.11%,0
"2026-08-19 15:24",9.24,9.25,9.24,9.24,-0.01,-0.11%,0
"2026-08-19 15:25",9.25,9.27,9.25,9.27,0.03,+0.32%,0
"2026-08-19 15:26",9.26,9.26,9.24,9.24,-0.03,-0.32%,0
"2026-08-19 15:27",9.25,9.25,9.24,9.25,0.01,+0.11%,0
"2026-08-19 15:28",9.24,9.29,9.24,9.28,0.03,+0.32%,0
"2026-08-19 15:29",9.29,9.37,9.29,9.37,0.09,+0.97%,0
"2026-08-19 15:30",9.36,9.36,9.27,9.29,-0.08,-0.85%,0
"2026-08-19 15:31",9.28,9.32,9.28,9.32,0.03,+0.32%,0
"2026-08-19 15:32",9.28,9.3,9.27,9.27,-0.05,-0.54%,0
"2026-08-19 15:33",9.32,9.33,9.32,9.32,0.05,+0.54%,0
"2026-08-19 15:34",9.3,9.31,9.26,9.26,-0.06,-0.64%,0
"2026-08-19 15:35",9.26,9.34,9.26,9.34,0.08,+0.86%,0
"2026-08-19 15:36",9.33,9.39,9.33,9.39,0.05,+0.54%,0
"2026-08-19 15:37",9.45,9.51,9.45,9.51,0.12,+1.28%,0
"2026-08-19 15:38",9.55,9.55,9.51,9.51,0,0.00%,0
"2026-08-19 15:39",9.5,9.5,9.44,9.46,-0.05,-0.53%,0
"2026-08-19 15:40",9.52,9.52,9.44,9.45,-0.01,-0.11%,0
"2026-08-19 15:41",9.47,9.5,9.47,9.5,0.05,+0.53%,0
"2026-08-19 15:42",9.45,9.55,9.45,9.55,0.05,+0.53%,0
"2026-08-19 15:43",9.55,9.58,9.54,9.54,-0.01,-0.10%,0
"2026-08-19 15:44",9.56,9.56,9.45,9.49,-0.05,-0.52%,0
"2026-08-19 15:45",9.52,9.58,9.52,9.58,0.09,+0.95%,0
"2026-08-19 15:46",9.63,9.71,9.63,9.68,0.1,+1.04%,0
"2026-08-19 15:47",9.71,9.81,9.71,9.73,0.05,+0.52%,0
"2026-08-19 15:48",9.71,9.71,9.63,9.68,-0.05,-0.51%,0
"2026-08-19 15:49",9.69,9.74,9.69,9.74,0.06,+0.62%,0
"2026-08-19 15:50",9.74,9.86,9.74,9.83,0.09,+0.92%,0
"2026-08-19 15:51",9.86,9.86,9.83,9.83,0,0.00%,0
"2026-08-19 15:52",9.87,9.93,9.85,9.85,0.02,+0.20%,0
"2026-08-19 15:53",9.87,9.87,9.81,9.86,0.01,+0.10%,0
"2026-08-19 15:54",9.86,9.86,9.75,9.75,-0.11,-1.12%,0
"2026-08-19 15:55",9.74,9.85,9.74,9.78,0.03,+0.31%,0
"2026-08-19 15:56",9.82,9.82,9.73,9.73,-0.05,-0.51%,0
"2026-08-19 15:57",9.73,9.73,9.67,9.67,-0.06,-0.62%,0
"2026-08-19 15:58",9.62,9.65,9.53,9.53,-0.14,-1.45%,0
"2026-08-19 15:59",9.56,9.62,9.47,9.62,0.09,+0.94%,0
"2026-08-19 16:00",9.42,9.53,9.37,9.53,-0.09,-0.94%,0
"2026-08-19 16:01",9.52,9.68,9.52,9.68,0.15,+1.57%,0
"2026-08-19 16:02",9.67,9.82,9.67,9.81,0.13,+1.34%,0
"2026-08-19 16:03",9.8,9.81,9.78,9.79,-0.02,-0.20%,0
"2026-08-19 16:04",9.82,9.87,9.82,9.86,0.07,+0.72%,0
"2026-08-19 16:05",9.85,10,9.85,10,0.14,+1.42%,0
"2026-08-19 16:06",9.99,9.99,9.93,9.93,-0.07,-0.70%,0
"2026-08-19 16:07",9.96,9.96,9.88,9.88,-0.05,-0.50%,0
"2026-08-19 16:08",9.87,9.87,9.84,9.85,-0.03,-0.30%,0
"2026-08-19 16:09",9.84,9.84,9.84,9.84,-0.01,-0.10%,0
"2026-08-19 16:10",9.84,9.84,9.76,9.76,-0.08,-0.81%,0
"2026-08-19 16:11",9.75,9.78,9.75,9.78,0.02,+0.20%,0
"2026-08-19 16:12",9.79,9.8,9.79,9.8,0.02,+0.20%,0
"2026-08-19 16:13",9.8,9.8,9.72,9.72,-0.08,-0.82%,0
"2026-08-19 16:14",9.7,9.76,9.7,9.76,0.04,+0.41%,0
"2026-08-19 16:15",9.76,9.76,9.76,9.76,0,0.00%,0
"2026-08-20 09:31",8.67,8.67,8.37,8.51,-1.25,-12.81%,0
"2026-08-20 09:32",8.36,8.36,8.25,8.32,-0.19,-2.23%,0
"2026-08-20 09:33",8.3,8.32,8.3,8.32,0,0.00%,0
"2026-08-20 09:34",8.36,8.38,8.33,8.33,0.01,+0.12%,0
"2026-08-20 09:35",8.31,8.55,8.31,8.55,0.22,+2.64%,0
"2026-08-20 09:36",8.47,8.47,8.43,8.43,-0.12,-1.40%,0
"2026-08-20 09:37",8.4,8.43,8.37,8.37,-0.06,-0.71%,0
"2026-08-20 09:38",8.38,8.44,8.38,8.44,0.07,+0.84%,0
"2026-08-20 09:39",8.43,8.43,8.34,8.34,-0.1,-1.18%,0
"2026-08-20 09:40",8.31,8.55,8.31,8.54,0.2,+2.40%,0
"2026-08-20 09:41",8.48,8.48,8.35,8.35,-0.19,-2.22%,0
"2026-08-20 09:42",8.35,8.35,8.29,8.29,-0.06,-0.72%,0
"2026-08-20 09:43",8.25,8.27,8.23,8.23,-0.06,-0.72%,0
"2026-08-20 09:44",8.17,8.17,8.14,8.14,-0.09,-1.09%,0
"2026-08-20 09:45",8.19,8.28,8.19,8.28,0.14,+1.72%,0
"2026-08-20 09:46",8.33,8.36,8.31,8.34,0.06,+0.72%,0
"2026-08-20 09:47",8.34,8.37,8.34,8.36,0.02,+0.24%,0
"2026-08-20 09:48",8.35,8.37,8.33,8.33,-0.03,-0.36%,0
"2026-08-20 09:49",8.35,8.47,8.3,8.3,-0.03,-0.36%,0
"2026-08-20 09:50",8.26,8.32,8.26,8.32,0.02,+0.24%,0
"2026-08-20 09:51",8.27,8.45,8.27,8.44,0.12,+1.44%,0
"2026-08-20 09:52",8.48,8.49,8.37,8.37,-0.07,-0.83%,0
"2026-08-20 09:53",8.45,8.51,8.38,8.38,0.01,+0.12%,0
"2026-08-20 09:54",8.45,8.45,8.39,8.39,0.01,+0.12%,0
"2026-08-20 09:55",8.34,8.4,8.33,8.33,-0.06,-0.72%,0
"2026-08-20 09:56",8.31,8.43,8.28,8.43,0.1,+1.20%,0
"2026-08-20 09:57",8.52,8.63,8.52,8.6,0.17,+2.02%,0
"2026-08-20 09:58",8.64,8.68,8.54,8.54,-0.06,-0.70%,0
"2026-08-20 09:59",8.46,8.51,8.46,8.51,-0.03,-0.35%,0
"2026-08-20 10:00",8.45,8.45,8.33,8.37,-0.14,-1.65%,0
"2026-08-20 10:01",8.42,8.45,8.36,8.39,0.02,+0.24%,0
"2026-08-20 10:02",8.39,8.39,8.37,8.37,-0.02,-0.24%,0
"2026-08-20 10:03",8.58,8.59,8.58,8.58,0.21,+2.51%,0
"2026-08-20 10:04",8.57,8.6,8.54,8.6,0.02,+0.23%,0
"2026-08-20 10:05",8.63,8.68,8.63,8.65,0.05,+0.58%,0
"2026-08-20 10:06",8.59,8.61,8.5,8.5,-0.15,-1.73%,0
"2026-08-20 10:07",8.56,8.56,8.54,8.56,0.06,+0.71%,0
"2026-08-20 10:08",8.48,8.65,8.48,8.58,0.02,+0.23%,0
"2026-08-20 10:09",8.5,8.5,8.45,8.46,-0.12,-1.40%,0
"2026-08-20 10:10",8.42,8.48,8.42,8.48,0.02,+0.24%,0
"2026-08-20 10:11",8.39,8.4,8.37,8.4,-0.08,-0.94%,0
"2026-08-20 10:12",8.4,8.4,8.34,8.37,-0.03,-0.36%,0
"2026-08-20 10:13",8.34,8.34,8.28,8.28,-0.09,-1.08%,0
"2026-08-20 10:14",8.34,8.39,8.33,8.39,0.11,+1.33%,0
"2026-08-20 10:15",8.39,8.48,8.39,8.48,0.09,+1.07%,0
"2026-08-20 10:16",8.6,8.68,8.59,8.68,0.2,+2.36%,0
"2026-08-20 10:17",8.7,8.73,8.68,8.71,0.03,+0.35%,0
"2026-08-20 10:18",8.63,8.63,8.48,8.48,-0.23,-2.64%,0
"2026-08-20 10:19",8.55,8.6,8.55,8.6,0.12,+1.42%,0
"2026-08-20 10:20",8.63,8.67,8.5,8.5,-0.1,-1.16%,0
"2026-08-20 10:21",8.54,8.54,8.47,8.47,-0.03,-0.35%,0
"2026-08-20 10:22",8.46,8.54,8.43,8.43,-0.04,-0.47%,0
"2026-08-20 10:23",8.47,8.47,8.4,8.4,-0.03,-0.36%,0
"2026-08-20 10:24",8.36,8.39,8.36,8.39,-0.01,-0.12%,0
"2026-08-20 10:25",8.36,8.36,8.34,8.34,-0.05,-0.60%,0
"2026-08-20 10:26",8.31,8.33,8.3,8.33,-0.01,-0.12%,0
"2026-08-20 10:27",8.38,8.43,8.37,8.43,0.1,+1.20%,0
"2026-08-20 10:28",8.4,8.42,8.33,8.33,-0.1,-1.19%,0
"2026-08-20 10:29",8.43,8.44,8.38,8.38,0.05,+0.60%,0
"2026-08-20 10:30",8.39,8.42,8.34,8.34,-0.04,-0.48%,0
"2026-08-20 10:31",8.31,8.34,8.28,8.28,-0.06,-0.72%,0
"2026-08-20 10:32",8.26,8.34,8.26,8.34,0.06,+0.72%,0
"2026-08-20 10:33",8.31,8.31,8.29,8.29,-0.05,-0.60%,0
"2026-08-20 10:34",8.3,8.35,8.3,8.35,0.06,+0.72%,0
"2026-08-20 10:35",8.43,8.48,8.39,8.39,0.04,+0.48%,0
"2026-08-20 10:36",8.38,8.38,8.3,8.38,-0.01,-0.12%,0
"2026-08-20 10:37",8.32,8.37,8.32,8.36,-0.02,-0.24%,0
"2026-08-20 10:38",8.36,8.38,8.33,8.33,-0.03,-0.36%,0
"2026-08-20 10:39",8.3,8.3,8.26,8.26,-0.07,-0.84%,0
"2026-08-20 10:40",8.26,8.3,8.24,8.3,0.04,+0.48%,0
"2026-08-20 10:41",8.27,8.28,8.27,8.27,-0.03,-0.36%,0
"2026-08-20 10:42",8.31,8.31,8.24,8.24,-0.03,-0.36%,0
"2026-08-20 10:43",8.22,8.22,8.17,8.18,-0.06,-0.73%,0
"2026-08-20 10:44",8.19,8.19,8.16,8.17,-0.01,-0.12%,0
"2026-08-20 10:45",8.14,8.14,8.11,8.11,-0.06,-0.73%,0
"2026-08-20 10:46",8.09,8.13,8.09,8.11,0,0.00%,0
"2026-08-20 10:47",8.09,8.21,8.09,8.21,0.1,+1.23%,0
"2026-08-20 10:48",8.29,8.39,8.29,8.39,0.18,+2.19%,0
"2026-08-20 10:49",8.38,8.43,8.35,8.35,-0.04,-0.48%,0
"2026-08-20 10:50",8.36,8.4,8.34,8.34,-0.01,-0.12%,0
"2026-08-20 10:51",8.35,8.38,8.33,8.33,-0.01,-0.12%,0
"2026-08-20 10:52",8.29,8.31,8.28,8.28,-0.05,-0.60%,0
"2026-08-20 10:53",8.22,8.3,8.22,8.26,-0.02,-0.24%,0
"2026-08-20 10:54",8.28,8.43,8.28,8.43,0.17,+2.06%,0
"2026-08-20 10:55",8.39,8.39,8.3,8.3,-0.13,-1.54%,0
"2026-08-20 10:56",8.28,8.39,8.28,8.38,0.08,+0.96%,0
"2026-08-20 10:57",8.36,8.42,8.34,8.38,0,0.00%,0
"2026-08-20 10:58",8.34,8.4,8.34,8.37,-0.01,-0.12%,0
"2026-08-20 10:59",8.32,8.33,8.31,8.32,-0.05,-0.60%,0
"2026-08-20 11:00",8.35,8.35,8.32,8.32,0,0.00%,0
"2026-08-20 11:01",8.31,8.36,8.31,8.36,0.04,+0.48%,0
"2026-08-20 11:02",8.39,8.43,8.37,8.37,0.01,+0.12%,0
"2026-08-20 11:03",8.4,8.41,8.4,8.4,0.03,+0.36%,0
"2026-08-20 11:04",8.37,8.39,8.34,8.34,-0.06,-0.71%,0
"2026-08-20 11:05",8.36,8.51,8.36,8.51,0.17,+2.04%,0
"2026-08-20 11:06",8.58,8.63,8.58,8.6,0.09,+1.06%,0
"2026-08-20 11:07",8.62,8.63,8.59,8.59,-0.01,-0.12%,0
"2026-08-20 11:08",8.6,8.63,8.53,8.63,0.04,+0.47%,0
"2026-08-20 11:09",8.67,8.77,8.67,8.77,0.14,+1.62%,0
"2026-08-20 11:10",8.72,8.74,8.7,8.74,-0.03,-0.34%,0
"2026-08-20 11:11",8.76,8.83,8.76,8.82,0.08,+0.92%,0
"2026-08-20 11:12",8.75,8.81,8.74,8.74,-0.08,-0.91%,0
"2026-08-20 11:13",8.67,8.67,8.63,8.63,-0.11,-1.26%,0
"2026-08-20 11:14",8.53,8.6,8.53,8.58,-0.05,-0.58%,0
"2026-08-20 11:15",8.56,8.66,8.56,8.59,0.01,+0.12%,0
"2026-08-20 11:16",8.58,8.64,8.58,8.64,0.05,+0.58%,0
"2026-08-20 11:17",8.57,8.59,8.57,8.59,-0.05,-0.58%,0
"2026-08-20 11:18",8.54,8.56,8.52,8.52,-0.07,-0.81%,0
"2026-08-20 11:19",8.46,8.49,8.46,8.49,-0.03,-0.35%,0
"2026-08-20 11:20",8.52,8.62,8.52,8.62,0.13,+1.53%,0
"2026-08-20 11:21",8.62,8.73,8.62,8.73,0.11,+1.28%,0
"2026-08-20 11:22",8.71,8.74,8.7,8.74,0.01,+0.11%,0
"2026-08-20 11:23",8.76,8.79,8.75,8.75,0.01,+0.11%,0
"2026-08-20 11:24",8.76,8.77,8.68,8.68,-0.07,-0.80%,0
"2026-08-20 11:25",8.7,8.77,8.7,8.77,0.09,+1.04%,0
"2026-08-20 11:26",8.78,8.79,8.73,8.73,-0.04,-0.46%,0
"2026-08-20 11:27",8.71,8.71,8.6,8.6,-0.13,-1.49%,0
"2026-08-20 11:28",8.6,8.6,8.56,8.56,-0.04,-0.47%,0
"2026-08-20 11:29",8.6,8.6,8.55,8.59,0.03,+0.35%,0
"2026-08-20 11:30",8.55,8.59,8.53,8.59,0,0.00%,0
"2026-08-20 11:31",8.54,8.59,8.54,8.59,0,0.00%,0
"2026-08-20 11:32",8.58,8.64,8.58,8.62,0.03,+0.35%,0
"2026-08-20 11:33",8.57,8.78,8.57,8.78,0.16,+1.86%,0
"2026-08-20 11:34",8.81,8.85,8.81,8.84,0.06,+0.68%,0
"2026-08-20 11:35",8.83,8.88,8.83,8.87,0.03,+0.34%,0
"2026-08-20 11:36",8.91,8.94,8.91,8.92,0.05,+0.56%,0
"2026-08-20 11:37",8.88,8.89,8.78,8.78,-0.14,-1.57%,0
"2026-08-20 11:38",8.83,8.91,8.83,8.91,0.13,+1.48%,0
"2026-08-20 11:39",8.97,8.97,8.95,8.95,0.04,+0.45%,0
"2026-08-20 11:40",8.97,8.99,8.95,8.97,0.02,+0.22%,0
"2026-08-20 11:41",8.96,8.98,8.9,8.9,-0.07,-0.78%,0
"2026-08-20 11:42",8.95,8.95,8.9,8.9,0,0.00%,0
"2026-08-20 11:43",8.91,9.03,8.91,9.03,0.13,+1.46%,0
"2026-08-20 11:44",8.99,9.01,8.99,9.01,-0.02,-0.22%,0
"2026-08-20 11:45",9.06,9.07,9.04,9.04,0.03,+0.33%,0
"2026-08-20 11:46",8.99,9.08,8.99,9.05,0.01,+0.11%,0
"2026-08-20 11:47",9.06,9.07,9,9,-0.05,-0.55%,0
"2026-08-20 11:48",8.96,8.97,8.92,8.92,-0.08,-0.89%,0
"2026-08-20 11:49",8.92,8.93,8.88,8.88,-0.04,-0.45%,0
"2026-08-20 11:50",8.94,8.99,8.91,8.91,0.03,+0.34%,0
"2026-08-20 11:51",8.92,8.95,8.84,8.84,-0.07,-0.79%,0
"2026-08-20 11:52",8.81,8.83,8.81,8.83,-0.01,-0.11%,0
"2026-08-20 11:53",8.85,8.89,8.85,8.88,0.05,+0.57%,0
"2026-08-20 11:54",8.87,8.89,8.87,8.87,-0.01,-0.11%,0
"2026-08-20 11:55",8.85,8.89,8.85,8.86,-0.01,-0.11%,0
"2026-08-20 11:56",8.86,8.89,8.86,8.88,0.02,+0.23%,0
"2026-08-20 11:57",8.88,8.91,8.88,8.91,0.03,+0.34%,0
"2026-08-20 11:58",8.93,8.94,8.92,8.92,0.01,+0.11%,0
"2026-08-20 11:59",8.93,8.95,8.93,8.93,0.01,+0.11%,0
"2026-08-20 12:00",8.9,9.01,8.9,8.96,0.03,+0.34%,0
"2026-08-20 12:01",8.94,8.99,8.94,8.99,0.03,+0.33%,0
"2026-08-20 12:02",8.99,8.99,8.92,8.92,-0.07,-0.78%,0
"2026-08-20 12:03",8.89,8.91,8.89,8.89,-0.03,-0.34%,0
"2026-08-20 12:04",8.9,8.94,8.9,8.94,0.05,+0.56%,0
"2026-08-20 12:05",9.01,9.01,8.97,9.01,0.07,+0.78%,0
"2026-08-20 12:06",9.03,9.04,9.03,9.04,0.03,+0.33%,0
"2026-08-20 12:07",9.02,9.05,9.02,9.04,0,0.00%,0
"2026-08-20 12:08",9.06,9.06,9.02,9.02,-0.02,-0.22%,0
"2026-08-20 12:09",8.99,9.05,8.99,9.05,0.03,+0.33%,0
"2026-08-20 12:10",9.02,9.09,9.02,9.09,0.04,+0.44%,0
"2026-08-20 12:11",9.06,9.08,9.05,9.05,-0.04,-0.44%,0
"2026-08-20 12:12",9.06,9.11,9.06,9.08,0.03,+0.33%,0
"2026-08-20 12:13",9.1,9.13,9.1,9.13,0.05,+0.55%,0
"2026-08-20 12:14",9.17,9.18,9.15,9.15,0.02,+0.22%,0
"2026-08-20 12:15",9.16,9.18,9.16,9.16,0.01,+0.11%,0
"2026-08-20 12:16",9.17,9.19,9.17,9.19,0.03,+0.33%,0
"2026-08-20 12:17",9.17,9.22,9.17,9.2,0.01,+0.11%,0
"2026-08-20 12:18",9.2,9.22,9.19,9.19,-0.01,-0.11%,0
"2026-08-20 12:19",9.18,9.2,9.17,9.17,-0.02,-0.22%,0
"2026-08-20 12:20",9.17,9.25,9.17,9.25,0.08,+0.87%,0
"2026-08-20 12:21",9.23,9.25,9.21,9.21,-0.04,-0.43%,0
"2026-08-20 12:22",9.19,9.25,9.19,9.25,0.04,+0.43%,0
"2026-08-20 12:23",9.25,9.25,9.2,9.2,-0.05,-0.54%,0
"2026-08-20 12:24",9.19,9.19,9.15,9.15,-0.05,-0.54%,0
"2026-08-20 12:25",9.15,9.17,9.15,9.16,0.01,+0.11%,0
"2026-08-20 12:26",9.14,9.17,9.14,9.17,0.01,+0.11%,0
"2026-08-20 12:27",9.17,9.18,9.17,9.18,0.01,+0.11%,0
"2026-08-20 12:28",9.2,9.24,9.2,9.23,0.05,+0.54%,0
"2026-08-20 12:29",9.23,9.26,9.23,9.26,0.03,+0.33%,0
"2026-08-20 12:30",9.24,9.33,9.23,9.33,0.07,+0.76%,0
"2026-08-20 12:31",9.31,9.35,9.31,9.35,0.02,+0.21%,0
"2026-08-20 12:32",9.34,9.34,9.33,9.33,-0.02,-0.21%,0
"2026-08-20 12:33",9.32,9.32,9.28,9.29,-0.04,-0.43%,0
"2026-08-20 12:34",9.27,9.27,9.25,9.25,-0.04,-0.43%,0
"2026-08-20 12:35",9.23,9.25,9.23,9.24,-0.01,-0.11%,0
"2026-08-20 12:36",9.23,9.25,9.2,9.2,-0.04,-0.43%,0
"2026-08-20 12:37",9.18,9.2,9.17,9.17,-0.03,-0.33%,0
"2026-08-20 12:38",9.17,9.19,9.17,9.19,0.02,+0.22%,0
"2026-08-20 12:39",9.18,9.19,9.18,9.18,-0.01,-0.11%,0
"2026-08-20 12:40",9.18,9.18,9.09,9.09,-0.09,-0.98%,0
"2026-08-20 12:41",9.09,9.09,9.07,9.07,-0.02,-0.22%,0
"2026-08-20 12:42",9.08,9.09,9.08,9.09,0.02,+0.22%,0
"2026-08-20 12:43",9.11,9.15,9.11,9.13,0.04,+0.44%,0
"2026-08-20 12:44",9.16,9.19,9.16,9.16,0.03,+0.33%,0
"2026-08-20 12:45",9.13,9.2,9.13,9.19,0.03,+0.33%,0
"2026-08-20 12:46",9.18,9.18,9.17,9.18,-0.01,-0.11%,0
"2026-08-20 12:47",9.16,9.19,9.16,9.18,0,0.00%,0
"2026-08-20 12:48",9.19,9.2,9.17,9.19,0.01,+0.11%,0
"2026-08-20 12:49",9.2,9.22,9.2,9.22,0.03,+0.33%,0
"2026-08-20 12:50",9.22,9.22,9.22,9.22,0,0.00%,0
"2026-08-20 12:51",9.23,9.26,9.23,9.25,0.03,+0.33%,0
"2026-08-20 12:52",9.27,9.31,9.27,9.31,0.06,+0.65%,0
"2026-08-20 12:53",9.29,9.29,9.26,9.26,-0.05,-0.54%,0
"2026-08-20 12:54",9.26,9.29,9.26,9.29,0.03,+0.32%,0
"2026-08-20 12:55",9.26,9.28,9.26,9.26,-0.03,-0.32%,0
"2026-08-20 12:56",9.28,9.3,9.27,9.3,0.04,+0.43%,0
"2026-08-20 12:57",9.28,9.3,9.28,9.29,-0.01,-0.11%,0
"2026-08-20 12:58",9.29,9.32,9.29,9.29,0,0.00%,0
"2026-08-20 12:59",9.28,9.28,9.26,9.26,-0.03,-0.32%,0
"2026-08-20 13:00",9.27,9.32,9.27,9.32,0.06,+0.65%,0
"2026-08-20 13:01",9.33,9.41,9.33,9.41,0.09,+0.97%,0
"2026-08-20 13:02",9.42,9.44,9.42,9.44,0.03,+0.32%,0
"2026-08-20 13:03",9.45,9.48,9.45,9.46,0.02,+0.21%,0
"2026-08-20 13:04",9.42,9.42,9.41,9.42,-0.04,-0.42%,0
"2026-08-20 13:05",9.41,9.47,9.41,9.46,0.04,+0.42%,0
"2026-08-20 13:06",9.45,9.53,9.45,9.53,0.07,+0.74%,0
"2026-08-20 13:07",9.51,9.55,9.51,9.52,-0.01,-0.10%,0
"2026-08-20 13:08",9.53,9.59,9.53,9.57,0.05,+0.53%,0
"2026-08-20 13:09",9.56,9.58,9.56,9.56,-0.01,-0.10%,0
"2026-08-20 13:10",9.58,9.59,9.58,9.59,0.03,+0.31%,0
"2026-08-20 13:11",9.61,9.61,9.59,9.59,0,0.00%,0
"2026-08-20 13:12",9.56,9.58,9.56,9.57,-0.02,-0.21%,0
"2026-08-20 13:13",9.56,9.58,9.56,9.56,-0.01,-0.10%,0
"2026-08-20 13:14",9.61,9.69,9.61,9.69,0.13,+1.36%,0
"2026-08-20 13:15",9.68,9.78,9.68,9.78,0.09,+0.93%,0
"2026-08-20 13:16",9.83,10.01,9.83,10.01,0.23,+2.35%,0
"2026-08-20 13:17",9.98,10.07,9.98,10.07,0.06,+0.60%,0
"2026-08-20 13:18",10.04,10.04,9.95,9.95,-0.12,-1.19%,0
"2026-08-20 13:19",10,10.06,10,10.06,0.11,+1.11%,0
"2026-08-20 13:20",10.09,10.11,10.01,10.01,-0.05,-0.50%,0
"2026-08-20 13:21",9.96,9.97,9.95,9.97,-0.04,-0.40%,0
"2026-08-20 13:22",9.96,9.96,9.84,9.84,-0.13,-1.30%,0
"2026-08-20 13:23",9.87,9.89,9.86,9.86,0.02,+0.20%,0
"2026-08-20 13:24",9.86,9.9,9.85,9.9,0.04,+0.41%,0
"2026-08-20 13:25",9.92,9.99,9.92,9.99,0.09,+0.91%,0
"2026-08-20 13:26",10.01,10.04,10.01,10.02,0.03,+0.30%,0
"2026-08-20 13:27",10.02,10.11,10.02,10.11,0.09,+0.90%,0
"2026-08-20 13:28",10.13,10.14,10.12,10.14,0.03,+0.30%,0
"2026-08-20 13:29",10.11,10.13,10.06,10.06,-0.08,-0.79%,0
"2026-08-20 13:30",10.09,10.12,10.08,10.12,0.06,+0.60%,0
"2026-08-20 13:31",10.12,10.12,10.06,10.06,-0.06,-0.59%,0
"2026-08-20 13:32",10.04,10.12,10.04,10.12,0.06,+0.60%,0
"2026-08-20 13:33",10.1,10.14,10.1,10.14,0.02,+0.20%,0
"2026-08-20 13:34",10.14,10.17,10.14,10.17,0.03,+0.30%,0
"2026-08-20 13:35",10.2,10.21,10.16,10.17,0,0.00%,0
"2026-08-20 13:36",10.18,10.24,10.16,10.24,0.07,+0.69%,0
"2026-08-20 13:37",10.2,10.36,10.2,10.36,0.12,+1.17%,0
"2026-08-20 13:38",10.33,10.37,10.33,10.33,-0.03,-0.29%,0
"2026-08-20 13:39",10.29,10.29,10.26,10.28,-0.05,-0.48%,0
"2026-08-20 13:40",10.3,10.31,10.28,10.31,0.03,+0.29%,0
"2026-08-20 13:41",10.31,10.35,10.31,10.35,0.04,+0.39%,0
"2026-08-20 13:42",10.39,10.45,10.38,10.38,0.03,+0.29%,0
"2026-08-20 13:43",10.39,10.43,10.39,10.43,0.05,+0.48%,0
"2026-08-20 13:44",10.43,10.43,10.38,10.38,-0.05,-0.48%,0
"2026-08-20 13:45",10.35,10.36,10.31,10.31,-0.07,-0.67%,0
"2026-08-20 13:46",10.27,10.31,10.27,10.27,-0.04,-0.39%,0
"2026-08-20 13:47",10.24,10.26,10.23,10.24,-0.03,-0.29%,0
"2026-08-20 13:48",10.22,10.24,10.19,10.24,0,0.00%,0
"2026-08-20 13:49",10.25,10.26,10.23,10.23,-0.01,-0.10%,0
"2026-08-20 13:50",10.26,10.26,10.15,10.15,-0.08,-0.78%,0
"2026-08-20 13:51",10.14,10.18,10.14,10.18,0.03,+0.30%,0
"2026-08-20 13:52",10.17,10.21,10.17,10.18,0,0.00%,0
"2026-08-20 13:53",10.22,10.26,10.22,10.22,0.04,+0.39%,0
"2026-08-20 13:54",10.23,10.28,10.23,10.28,0.06,+0.59%,0
"2026-08-20 13:55",10.28,10.35,10.28,10.33,0.05,+0.49%,0
"2026-08-20 13:56",10.31,10.33,10.31,10.32,-0.01,-0.10%,0
"2026-08-20 13:57",10.29,10.29,10.23,10.23,-0.09,-0.87%,0
"2026-08-20 13:58",10.22,10.27,10.22,10.27,0.04,+0.39%,0
"2026-08-20 13:59",10.28,10.35,10.28,10.35,0.08,+0.78%,0
"2026-08-20 14:00",10.36,10.6,10.36,10.6,0.25,+2.42%,0
"2026-08-20 14:01",10.54,10.61,10.54,10.61,0.01,+0.09%,0
"2026-08-20 14:02",10.61,10.7,10.61,10.69,0.08,+0.75%,0
"2026-08-20 14:03",10.82,10.83,10.79,10.79,0.1,+0.94%,0
"2026-08-20 14:04",10.79,10.82,10.78,10.79,0,0.00%,0
"2026-08-20 14:05",10.78,10.95,10.78,10.95,0.16,+1.48%,0
"2026-08-20 14:06",10.97,10.98,10.95,10.98,0.03,+0.27%,0
"2026-08-20 14:07",11.07,11.24,11.07,11.23,0.25,+2.28%,0
"2026-08-20 14:08",11.28,11.37,11.28,11.36,0.13,+1.16%,0
"2026-08-20 14:09",11.36,11.36,11.3,11.3,-0.06,-0.53%,0
"2026-08-20 14:10",11.3,11.52,11.3,11.52,0.22,+1.95%,0
"2026-08-20 14:11",11.56,11.57,11.47,11.47,-0.05,-0.43%,0
"2026-08-20 14:12",11.46,11.46,11.28,11.34,-0.13,-1.13%,0
"2026-08-20 14:13",11.42,11.48,11.4,11.4,0.06,+0.53%,0
"2026-08-20 14:14",11.41,11.42,11.37,11.42,0.02,+0.18%,0
"2026-08-20 14:15",11.38,11.5,11.38,11.5,0.08,+0.70%,0
"2026-08-20 14:16",11.49,11.7,11.49,11.7,0.2,+1.74%,0
"2026-08-20 14:17",11.72,11.72,11.61,11.62,-0.08,-0.68%,0
"2026-08-20 14:18",11.59,11.6,11.42,11.42,-0.2,-1.72%,0
"2026-08-20 14:19",11.39,11.39,11.31,11.31,-0.11,-0.96%,0
"2026-08-20 14:20",11.33,11.33,11.23,11.23,-0.08,-0.71%,0
"2026-08-20 14:21",11.12,11.2,11.12,11.2,-0.03,-0.27%,0
"2026-08-20 14:22",11.17,11.17,11.1,11.17,-0.03,-0.27%,0
"2026-08-20 14:23",11.19,11.19,11.13,11.13,-0.04,-0.36%,0
"2026-08-20 14:24",11.15,11.23,11.15,11.23,0.1,+0.90%,0
"2026-08-20 14:25",11.34,11.47,11.34,11.47,0.24,+2.14%,0
"2026-08-20 14:26",11.48,11.48,11.42,11.42,-0.05,-0.44%,0
"2026-08-20 14:27",11.46,11.46,11.42,11.45,0.03,+0.26%,0
"2026-08-20 14:28",11.43,11.45,11.37,11.37,-0.08,-0.70%,0
"2026-08-20 14:29",11.4,11.41,11.3,11.33,-0.04,-0.35%,0
"2026-08-20 14:30",11.36,11.4,11.36,11.39,0.06,+0.53%,0
"2026-08-20 14:31",11.41,11.42,11.39,11.39,0,0.00%,0
"2026-08-20 14:32",11.42,11.45,11.42,11.45,0.06,+0.53%,0
"2026-08-20 14:33",11.46,11.54,11.46,11.54,0.09,+0.79%,0
"2026-08-20 14:34",11.58,11.67,11.57,11.67,0.13,+1.13%,0
"2026-08-20 14:35",11.66,11.66,11.6,11.63,-0.04,-0.34%,0
"2026-08-20 14:36",11.64,11.66,11.58,11.58,-0.05,-0.43%,0
"2026-08-20 14:37",11.51,11.63,11.51,11.63,0.05,+0.43%,0
"2026-08-20 14:38",11.59,11.63,11.59,11.6,-0.03,-0.26%,0
"2026-08-20 14:39",11.58,11.64,11.58,11.64,0.04,+0.34%,0
"2026-08-20 14:40",11.68,11.78,11.68,11.78,0.14,+1.20%,0
"2026-08-20 14:41",11.8,11.83,11.8,11.83,0.05,+0.42%,0
"2026-08-20 14:42",11.83,11.85,11.72,11.72,-0.11,-0.93%,0
"2026-08-20 14:43",11.74,11.75,11.74,11.75,0.03,+0.26%,0
"2026-08-20 14:44",11.74,11.76,11.74,11.76,0.01,+0.09%,0
"2026-08-20 14:45",11.74,11.8,11.74,11.8,0.04,+0.34%,0
"2026-08-20 14:46",11.77,11.86,11.77,11.86,0.06,+0.51%,0
"2026-08-20 14:47",11.86,11.88,11.84,11.84,-0.02,-0.17%,0
"2026-08-20 14:48",11.82,11.82,11.68,11.68,-0.16,-1.35%,0
"2026-08-20 14:49",11.69,11.71,11.66,11.66,-0.02,-0.17%,0
"2026-08-20 14:50",11.67,11.71,11.67,11.69,0.03,+0.26%,0
"2026-08-20 14:51",11.74,11.74,11.7,11.74,0.05,+0.43%,0
"2026-08-20 14:52",11.74,11.76,11.74,11.75,0.01,+0.09%,0
"2026-08-20 14:53",11.76,11.79,11.76,11.79,0.04,+0.34%,0
"2026-08-20 14:54",11.8,11.81,11.78,11.81,0.02,+0.17%,0
"2026-08-20 14:55",11.81,11.81,11.75,11.77,-0.04,-0.34%,0
"2026-08-20 14:56",11.79,11.8,11.79,11.8,0.03,+0.25%,0
"2026-08-20 14:57",11.8,11.84,11.8,11.83,0.03,+0.25%,0
"2026-08-20 14:58",11.82,11.97,11.82,11.97,0.14,+1.18%,0
"2026-08-20 14:59",11.97,12.06,11.97,12.06,0.09,+0.75%,0
"2026-08-20 15:00",12.14,12.18,12.1,12.12,0.06,+0.50%,0
"2026-08-20 15:01",12.06,12.06,12.02,12.05,-0.07,-0.58%,0
"2026-08-20 15:02",12.11,12.12,12.07,12.07,0.02,+0.17%,0
"2026-08-20 15:03",12,12.02,11.99,12,-0.07,-0.58%,0
"2026-08-20 15:04",12.01,12.06,12.01,12.06,0.06,+0.50%,0
"2026-08-20 15:05",12.02,12.08,11.96,11.96,-0.1,-0.83%,0
"2026-08-20 15:06",11.93,11.93,11.87,11.89,-0.07,-0.59%,0
"2026-08-20 15:07",11.88,11.88,11.79,11.8,-0.09,-0.76%,0
"2026-08-20 15:08",11.77,11.77,11.67,11.67,-0.13,-1.10%,0
"2026-08-20 15:09",11.67,11.67,11.62,11.62,-0.05,-0.43%,0
"2026-08-20 15:10",11.63,11.77,11.63,11.77,0.15,+1.29%,0
"2026-08-20 15:11",11.78,11.85,11.78,11.81,0.04,+0.34%,0
"2026-08-20 15:12",11.83,11.83,11.75,11.75,-0.06,-0.51%,0
"2026-08-20 15:13",11.76,11.76,11.73,11.73,-0.02,-0.17%,0
"2026-08-20 15:14",11.68,11.68,11.61,11.66,-0.07,-0.60%,0
"2026-08-20 15:15",11.65,11.65,11.58,11.58,-0.08,-0.69%,0
"2026-08-20 15:16",11.55,11.57,11.55,11.56,-0.02,-0.17%,0
"2026-08-20 15:17",11.59,11.68,11.59,11.68,0.12,+1.04%,0
"2026-08-20 15:18",11.69,11.69,11.67,11.69,0.01,+0.09%,0
"2026-08-20 15:19",11.7,11.8,11.7,11.8,0.11,+0.94%,0
"2026-08-20 15:20",11.88,11.96,11.88,11.96,0.16,+1.36%,0
"2026-08-20 15:21",11.97,11.99,11.94,11.94,-0.02,-0.17%,0
"2026-08-20 15:22",11.91,11.91,11.82,11.82,-0.12,-1.01%,0
"2026-08-20 15:23",11.8,11.8,11.73,11.73,-0.09,-0.76%,0
"2026-08-20 15:24",11.74,11.74,11.71,11.72,-0.01,-0.09%,0
"2026-08-20 15:25",11.71,11.74,11.71,11.72,0,0.00%,0
"2026-08-20 15:26",11.76,11.81,11.76,11.77,0.05,+0.43%,0
"2026-08-20 15:27",11.76,11.77,11.75,11.77,0,0.00%,0
"2026-08-20 15:28",11.8,11.83,11.8,11.83,0.06,+0.51%,0
"2026-08-20 15:29",11.82,11.86,11.82,11.86,0.03,+0.25%,0
"2026-08-20 15:30",11.86,11.93,11.86,11.93,0.07,+0.59%,0
"2026-08-20 15:31",11.96,12.08,11.95,12.08,0.15,+1.26%,0
"2026-08-20 15:32",12.07,12.08,12.07,12.07,-0.01,-0.08%,0
"2026-08-20 15:33",12.1,12.1,12.04,12.1,0.03,+0.25%,0
"2026-08-20 15:34",12.11,12.18,12.11,12.16,0.06,+0.50%,0
"2026-08-20 15:35",12.11,12.17,12.05,12.05,-0.11,-0.90%,0
"2026-08-20 15:36",11.99,11.99,11.91,11.91,-0.14,-1.16%,0
"2026-08-20 15:37",11.87,11.94,11.87,11.94,0.03,+0.25%,0
"2026-08-20 15:38",11.95,11.95,11.9,11.91,-0.03,-0.25%,0
"2026-08-20 15:39",11.88,11.89,11.82,11.89,-0.02,-0.17%,0
"2026-08-20 15:40",11.89,11.96,11.88,11.96,0.07,+0.59%,0
"2026-08-20 15:41",11.91,11.91,11.88,11.88,-0.08,-0.67%,0
"2026-08-20 15:42",11.89,12.08,11.89,12.08,0.2,+1.68%,0
"2026-08-20 15:43",12.09,12.11,12.09,12.11,0.03,+0.25%,0
"2026-08-20 15:44",12.16,12.26,12.16,12.23,0.12,+0.99%,0
"2026-08-20 15:45",12.23,12.38,12.23,12.38,0.15,+1.23%,0
"2026-08-20 15:46",12.28,12.4,12.28,12.4,0.02,+0.16%,0
"2026-08-20 15:47",12.4,12.4,12.26,12.26,-0.14,-1.13%,0
"2026-08-20 15:48",12.28,12.31,12.26,12.31,0.05,+0.41%,0
"2026-08-20 15:49",12.26,12.26,12.17,12.17,-0.14,-1.14%,0
"2026-08-20 15:50",12.05,12.24,12.05,12.24,0.07,+0.58%,0
"2026-08-20 15:51",12.22,12.22,12.2,12.2,-0.04,-0.33%,0
"2026-08-20 15:52",12.15,12.23,12.14,12.14,-0.06,-0.49%,0
"2026-08-20 15:53",12.14,12.19,12.14,12.19,0.05,+0.41%,0
"2026-08-20 15:54",12.17,12.17,12.09,12.09,-0.1,-0.82%,0
"2026-08-20 15:55",12.19,12.39,12.19,12.39,0.3,+2.48%,0
"2026-08-20 15:56",12.39,12.45,12.38,12.38,-0.01,-0.08%,0
"2026-08-20 15:57",12.37,12.5,12.37,12.5,0.12,+0.97%,0
"2026-08-20 15:58",12.43,12.43,12.39,12.41,-0.09,-0.72%,0
"2026-08-20 15:59",12.29,12.43,12.18,12.43,0.02,+0.16%,0
"2026-08-20 16:00",12.18,12.22,12.18,12.18,-0.25,-2.01%,0
"2026-08-20 16:01",12.13,12.21,12.13,12.16,-0.02,-0.16%,0
"2026-08-20 16:02",12.11,12.18,12.11,12.18,0.02,+0.16%,0
"2026-08-20 16:03",12.15,12.21,12.15,12.21,0.03,+0.25%,0
"2026-08-20 16:04",12.19,12.24,12.19,12.24,0.03,+0.25%,0
"2026-08-20 16:05",12.22,12.28,12.22,12.28,0.04,+0.33%,0
"2026-08-20 16:06",12.28,12.36,12.28,12.32,0.04,+0.33%,0
"2026-08-20 16:07",12.32,12.33,12.3,12.3,-0.02,-0.16%,0
"2026-08-20 16:08",12.31,12.42,12.31,12.42,0.12,+0.98%,0
"2026-08-20 16:09",12.39,12.39,12.31,12.32,-0.1,-0.81%,0
"2026-08-20 16:10",12.3,12.3,12.12,12.16,-0.16,-1.30%,0
"2026-08-20 16:11",12.14,12.15,12.11,12.11,-0.05,-0.41%,0
"2026-08-20 16:12",12.13,12.19,12.13,12.19,0.08,+0.66%,0
"2026-08-20 16:13",12.23,12.28,12.22,12.22,0.03,+0.25%,0
"2026-08-20 16:14",12.22,12.34,12.22,12.34,0.12,+0.98%,0
"2026-08-20 16:15",12.31,12.31,12.31,12.31,-0.03,-0.24%,0
"2026-08-21 09:31",8.23,8.26,8.03,8.03,-4.28,-34.77%,0
"2026-08-21 09:32",8.01,8.14,8.01,8.08,0.05,+0.62%,0
"2026-08-21 09:33",8.05,8.15,8.05,8.06,-0.02,-0.25%,0
"2026-08-21 09:34",8.09,8.09,7.99,7.99,-0.07,-0.87%,0
"2026-08-21 09:35",8.05,8.13,8.05,8.11,0.12,+1.50%,0
"2026-08-21 09:36",8.03,8.08,7.99,7.99,-0.12,-1.48%,0
"2026-08-21 09:37",7.96,8.04,7.94,7.94,-0.05,-0.63%,0
"2026-08-21 09:38",7.89,7.97,7.89,7.93,-0.01,-0.13%,0
"2026-08-21 09:39",7.89,8,7.89,7.94,0.01,+0.13%,0
"2026-08-21 09:40",7.89,7.89,7.82,7.82,-0.12,-1.51%,0
"2026-08-21 09:41",7.81,7.81,7.67,7.67,-0.15,-1.92%,0
"2026-08-21 09:42",7.72,7.74,7.64,7.64,-0.03,-0.39%,0
"2026-08-21 09:43",7.65,7.75,7.65,7.75,0.11,+1.44%,0
"2026-08-21 09:44",7.73,7.74,7.65,7.65,-0.1,-1.29%,0
"2026-08-21 09:45",7.63,7.63,7.56,7.56,-0.09,-1.18%,0
"2026-08-21 09:46",7.59,7.61,7.53,7.53,-0.03,-0.40%,0
"2026-08-21 09:47",7.52,7.66,7.52,7.66,0.13,+1.73%,0
"2026-08-21 09:48",7.59,7.59,7.55,7.59,-0.07,-0.91%,0
"2026-08-21 09:49",7.63,7.64,7.53,7.53,-0.06,-0.79%,0
"2026-08-21 09:50",7.5,7.51,7.47,7.47,-0.06,-0.80%,0
"2026-08-21 09:51",7.45,7.59,7.45,7.59,0.12,+1.61%,0
"2026-08-21 09:52",7.56,7.65,7.56,7.59,0,0.00%,0
"2026-08-21 09:53",7.63,7.66,7.54,7.54,-0.05,-0.66%,0
"2026-08-21 09:54",7.63,7.77,7.63,7.74,0.2,+2.65%,0
"2026-08-21 09:55",7.64,7.64,7.59,7.59,-0.15,-1.94%,0
"2026-08-21 09:56",7.62,7.64,7.54,7.54,-0.05,-0.66%,0
"2026-08-21 09:57",7.5,7.58,7.5,7.56,0.02,+0.27%,0
"2026-08-21 09:58",7.51,7.61,7.51,7.53,-0.03,-0.40%,0
"2026-08-21 09:59",7.5,7.5,7.43,7.43,-0.1,-1.33%,0
"2026-08-21 10:00",7.48,7.48,7.4,7.4,-0.03,-0.40%,0
"2026-08-21 10:01",7.41,7.45,7.41,7.43,0.03,+0.41%,0
"2026-08-21 10:02",7.46,7.52,7.46,7.5,0.07,+0.94%,0
"2026-08-21 10:03",7.55,7.55,7.44,7.44,-0.06,-0.80%,0
"2026-08-21 10:04",7.47,7.47,7.36,7.36,-0.08,-1.08%,0
"2026-08-21 10:05",7.35,7.35,7.31,7.34,-0.02,-0.27%,0
"2026-08-21 10:06",7.31,7.33,7.25,7.25,-0.09,-1.23%,0
"2026-08-21 10:07",7.3,7.34,7.3,7.34,0.09,+1.24%,0
"2026-08-21 10:08",7.34,7.35,7.34,7.34,0,0.00%,0
"2026-08-21 10:09",7.3,7.32,7.3,7.3,-0.04,-0.54%,0
"2026-08-21 10:10",7.31,7.34,7.25,7.25,-0.05,-0.68%,0
"2026-08-21 10:11",7.26,7.31,7.26,7.3,0.05,+0.69%,0
"2026-08-21 10:12",7.27,7.32,7.27,7.32,0.02,+0.27%,0
"2026-08-21 10:13",7.32,7.43,7.32,7.43,0.11,+1.50%,0
"2026-08-21 10:14",7.4,7.49,7.4,7.48,0.05,+0.67%,0
"2026-08-21 10:15",7.44,7.45,7.39,7.39,-0.09,-1.20%,0
"2026-08-21 10:16",7.39,7.5,7.39,7.5,0.11,+1.49%,0
"2026-08-21 10:17",7.41,7.51,7.41,7.48,-0.02,-0.27%,0
"2026-08-21 10:18",7.48,7.48,7.47,7.47,-0.01,-0.13%,0
"2026-08-21 10:19",7.49,7.53,7.49,7.53,0.06,+0.80%,0
"2026-08-21 10:20",7.53,7.53,7.5,7.53,0,0.00%,0
"2026-08-21 10:21",7.51,7.56,7.51,7.55,0.02,+0.27%,0
"2026-08-21 10:22",7.5,7.5,7.43,7.44,-0.11,-1.46%,0
"2026-08-21 10:23",7.5,7.5,7.49,7.49,0.05,+0.67%,0
"2026-08-21 10:24",7.49,7.62,7.49,7.62,0.13,+1.74%,0
"2026-08-21 10:25",7.62,7.62,7.52,7.52,-0.1,-1.31%,0
"2026-08-21 10:26",7.51,7.52,7.48,7.48,-0.04,-0.53%,0
"2026-08-21 10:27",7.53,7.55,7.52,7.52,0.04,+0.53%,0
"2026-08-21 10:28",7.52,7.53,7.5,7.52,0,0.00%,0
"2026-08-21 10:29",7.5,7.58,7.5,7.58,0.06,+0.80%,0
"2026-08-21 10:30",7.57,7.57,7.51,7.51,-0.07,-0.92%,0
"2026-08-21 10:31",7.51,7.52,7.49,7.51,0,0.00%,0
"2026-08-21 10:32",7.49,7.56,7.49,7.52,0.01,+0.13%,0
"2026-08-21 10:33",7.54,7.54,7.51,7.51,-0.01,-0.13%,0
"2026-08-21 10:34",7.55,7.58,7.55,7.58,0.07,+0.93%,0
"2026-08-21 10:35",7.62,7.65,7.61,7.61,0.03,+0.40%,0
"2026-08-21 10:36",7.66,7.69,7.65,7.65,0.04,+0.53%,0
"2026-08-21 10:37",7.7,7.72,7.69,7.69,0.04,+0.52%,0
"2026-08-21 10:38",7.69,7.69,7.68,7.69,0,0.00%,0
"2026-08-21 10:39",7.64,7.68,7.64,7.67,-0.02,-0.26%,0
"2026-08-21 10:40",7.72,7.72,7.68,7.69,0.02,+0.26%,0
"2026-08-21 10:41",7.68,7.75,7.68,7.75,0.06,+0.78%,0
"2026-08-21 10:42",7.77,7.77,7.72,7.72,-0.03,-0.39%,0
"2026-08-21 10:43",7.73,7.75,7.7,7.7,-0.02,-0.26%,0
"2026-08-21 10:44",7.7,7.72,7.7,7.7,0,0.00%,0
"2026-08-21 10:45",7.69,7.7,7.67,7.67,-0.03,-0.39%,0
"2026-08-21 10:46",7.65,7.66,7.63,7.63,-0.04,-0.52%,0
"2026-08-21 10:47",7.62,7.69,7.62,7.69,0.06,+0.79%,0
"2026-08-21 10:48",7.67,7.67,7.65,7.65,-0.04,-0.52%,0
"2026-08-21 10:49",7.66,7.67,7.65,7.66,0.01,+0.13%,0
"2026-08-21 10:50",7.65,7.68,7.65,7.68,0.02,+0.26%,0
"2026-08-21 10:51",7.67,7.7,7.67,7.69,0.01,+0.13%,0
"2026-08-21 10:52",7.65,7.66,7.62,7.62,-0.07,-0.91%,0
"2026-08-21 10:53",7.6,7.6,7.6,7.6,-0.02,-0.26%,0
"2026-08-21 10:54",7.6,7.64,7.6,7.64,0.04,+0.53%,0
"2026-08-21 10:55",7.62,7.63,7.61,7.61,-0.03,-0.39%,0
"2026-08-21 10:56",7.58,7.62,7.58,7.6,-0.01,-0.13%,0
"2026-08-21 10:57",7.61,7.65,7.61,7.61,0.01,+0.13%,0
"2026-08-21 10:58",7.6,7.6,7.56,7.56,-0.05,-0.66%,0
"2026-08-21 10:59",7.54,7.54,7.53,7.53,-0.03,-0.40%,0
"2026-08-21 11:00",7.52,7.59,7.52,7.59,0.06,+0.80%,0
"2026-08-21 11:01",7.58,7.66,7.58,7.66,0.07,+0.92%,0
"2026-08-21 11:02",7.67,7.71,7.67,7.69,0.03,+0.39%,0
"2026-08-21 11:03",7.71,7.71,7.66,7.66,-0.03,-0.39%,0
"2026-08-21 11:04",7.67,7.74,7.67,7.74,0.08,+1.04%,0
"2026-08-21 11:05",7.74,7.75,7.73,7.73,-0.01,-0.13%,0
"2026-08-21 11:06",7.73,7.74,7.73,7.73,0,0.00%,0
"2026-08-21 11:07",7.73,7.76,7.73,7.73,0,0.00%,0
"2026-08-21 11:08",7.75,7.77,7.75,7.76,0.03,+0.39%,0
"2026-08-21 11:09",7.75,7.8,7.75,7.8,0.04,+0.52%,0
"2026-08-21 11:10",7.78,7.79,7.77,7.77,-0.03,-0.38%,0
"2026-08-21 11:11",7.75,7.76,7.75,7.75,-0.02,-0.26%,0
"2026-08-21 11:12",7.75,7.77,7.75,7.77,0.02,+0.26%,0
"2026-08-21 11:13",7.76,7.77,7.75,7.75,-0.02,-0.26%,0
"2026-08-21 11:14",7.73,7.78,7.73,7.78,0.03,+0.39%,0
"2026-08-21 11:15",7.78,7.78,7.75,7.75,-0.03,-0.39%,0
"2026-08-21 11:16",7.76,7.78,7.76,7.77,0.02,+0.26%,0
"2026-08-21 11:17",7.76,7.76,7.75,7.75,-0.02,-0.26%,0
"2026-08-21 11:18",7.74,7.75,7.73,7.73,-0.02,-0.26%,0
"2026-08-21 11:19",7.74,7.75,7.74,7.74,0.01,+0.13%,0
"2026-08-21 11:20",7.72,7.72,7.71,7.72,-0.02,-0.26%,0
"2026-08-21 11:21",7.74,7.75,7.71,7.71,-0.01,-0.13%,0
"2026-08-21 11:22",7.71,7.72,7.69,7.69,-0.02,-0.26%,0
"2026-08-21 11:23",7.7,7.71,7.7,7.7,0.01,+0.13%,0
"2026-08-21 11:24",7.67,7.74,7.67,7.74,0.04,+0.52%,0
"2026-08-21 11:25",7.75,7.77,7.75,7.77,0.03,+0.39%,0
"2026-08-21 11:26",7.76,7.78,7.74,7.74,-0.03,-0.39%,0
"2026-08-21 11:27",7.73,7.74,7.73,7.73,-0.01,-0.13%,0
"2026-08-21 11:28",7.74,7.76,7.74,7.75,0.02,+0.26%,0
"2026-08-21 11:29",7.74,7.76,7.74,7.75,0,0.00%,0
"2026-08-21 11:30",7.76,7.76,7.75,7.76,0.01,+0.13%,0
"2026-08-21 11:31",7.75,7.76,7.75,7.75,-0.01,-0.13%,0
"2026-08-21 11:32",7.74,7.75,7.73,7.73,-0.02,-0.26%,0
"2026-08-21 11:33",7.73,7.74,7.72,7.72,-0.01,-0.13%,0
"2026-08-21 11:34",7.71,7.75,7.71,7.75,0.03,+0.39%,0
"2026-08-21 11:35",7.76,7.79,7.76,7.77,0.02,+0.26%,0
"2026-08-21 11:36",7.78,7.82,7.78,7.82,0.05,+0.64%,0
"2026-08-21 11:37",7.82,7.87,7.82,7.84,0.02,+0.26%,0
"2026-08-21 11:38",7.82,7.82,7.81,7.81,-0.03,-0.38%,0
"2026-08-21 11:39",7.83,7.89,7.83,7.89,0.08,+1.02%,0
"2026-08-21 11:40",7.9,7.9,7.86,7.9,0.01,+0.13%,0
"2026-08-21 11:41",7.91,7.96,7.91,7.93,0.03,+0.38%,0
"2026-08-21 11:42",7.93,7.95,7.93,7.94,0.01,+0.13%,0
"2026-08-21 11:43",7.97,7.98,7.96,7.96,0.02,+0.25%,0
"2026-08-21 11:44",7.97,8.01,7.97,8.01,0.05,+0.63%,0
"2026-08-21 11:45",8.01,8.06,8.01,8.04,0.03,+0.37%,0
"2026-08-21 11:46",8.04,8.05,8.03,8.03,-0.01,-0.12%,0
"2026-08-21 11:47",8.02,8.02,8,8,-0.03,-0.37%,0
"2026-08-21 11:48",8,8.01,7.99,7.99,-0.01,-0.13%,0
"2026-08-21 11:49",7.98,7.99,7.97,7.97,-0.02,-0.25%,0
"2026-08-21 11:50",7.96,8.03,7.96,8.03,0.06,+0.75%,0
"2026-08-21 11:51",8.07,8.09,8.07,8.09,0.06,+0.75%,0
"2026-08-21 11:52",8.08,8.14,8.08,8.14,0.05,+0.62%,0
"2026-08-21 11:53",8.14,8.2,8.14,8.2,0.06,+0.74%,0
"2026-08-21 11:54",8.21,8.23,8.18,8.18,-0.02,-0.24%,0
"2026-08-21 11:55",8.16,8.2,8.16,8.2,0.02,+0.24%,0
"2026-08-21 11:56",8.19,8.21,8.19,8.21,0.01,+0.12%,0
"2026-08-21 11:57",8.2,8.2,8.17,8.2,-0.01,-0.12%,0
"2026-08-21 11:58",8.2,8.21,8.2,8.21,0.01,+0.12%,0
"2026-08-21 11:59",8.21,8.23,8.21,8.23,0.02,+0.24%,0
"2026-08-21 12:00",8.22,8.3,8.22,8.3,0.07,+0.85%,0
"2026-08-21 12:01",8.31,8.34,8.31,8.33,0.03,+0.36%,0
"2026-08-21 12:02",8.32,8.38,8.32,8.38,0.05,+0.60%,0
"2026-08-21 12:03",8.37,8.39,8.37,8.39,0.01,+0.12%,0
"2026-08-21 12:04",8.38,8.41,8.38,8.41,0.02,+0.24%,0
"2026-08-21 12:05",8.41,8.52,8.41,8.51,0.1,+1.19%,0
"2026-08-21 12:06",8.49,8.57,8.49,8.53,0.02,+0.24%,0
"2026-08-21 12:07",8.53,8.58,8.49,8.58,0.05,+0.59%,0
"2026-08-21 12:08",8.55,8.57,8.55,8.55,-0.03,-0.35%,0
"2026-08-21 12:09",8.56,8.66,8.56,8.66,0.11,+1.29%,0
"2026-08-21 12:10",8.64,8.67,8.63,8.65,-0.01,-0.12%,0
"2026-08-21 12:11",8.64,8.66,8.64,8.66,0.01,+0.12%,0
"2026-08-21 12:12",8.66,8.69,8.66,8.68,0.02,+0.23%,0
"2026-08-21 12:13",8.65,8.66,8.64,8.64,-0.04,-0.46%,0
"2026-08-21 12:14",8.6,8.66,8.6,8.63,-0.01,-0.12%,0
"2026-08-21 12:15",8.66,8.66,8.64,8.64,0.01,+0.12%,0
"2026-08-21 12:16",8.61,8.61,8.58,8.6,-0.04,-0.46%,0
"2026-08-21 12:17",8.6,8.64,8.6,8.64,0.04,+0.47%,0
"2026-08-21 12:18",8.62,8.67,8.62,8.66,0.02,+0.23%,0
"2026-08-21 12:19",8.67,8.75,8.67,8.74,0.08,+0.92%,0
"2026-08-21 12:20",8.75,8.79,8.75,8.78,0.04,+0.46%,0
"2026-08-21 12:21",8.77,8.87,8.77,8.78,0,0.00%,0
"2026-08-21 12:22",8.74,8.76,8.73,8.75,-0.03,-0.34%,0
"2026-08-21 12:23",8.76,8.79,8.76,8.79,0.04,+0.46%,0
"2026-08-21 12:24",8.77,8.78,8.76,8.76,-0.03,-0.34%,0
"2026-08-21 12:25",8.76,8.76,8.74,8.76,0,0.00%,0
"2026-08-21 12:26",8.76,8.77,8.76,8.76,0,0.00%,0
"2026-08-21 12:27",8.76,8.77,8.74,8.74,-0.02,-0.23%,0
"2026-08-21 12:28",8.73,8.73,8.71,8.71,-0.03,-0.34%,0
"2026-08-21 12:29",8.71,8.73,8.71,8.71,0,0.00%,0
"2026-08-21 12:30",8.71,8.73,8.71,8.72,0.01,+0.11%,0
"2026-08-21 12:31",8.74,8.79,8.74,8.78,0.06,+0.69%,0
"2026-08-21 12:32",8.83,8.83,8.8,8.8,0.02,+0.23%,0
"2026-08-21 12:33",8.79,8.8,8.79,8.8,0,0.00%,0
"2026-08-21 12:34",8.79,8.83,8.79,8.83,0.03,+0.34%,0
"2026-08-21 12:35",8.82,8.84,8.81,8.81,-0.02,-0.23%,0
"2026-08-21 12:36",8.81,8.81,8.77,8.77,-0.04,-0.45%,0
"2026-08-21 12:37",8.77,8.8,8.77,8.78,0.01,+0.11%,0
"2026-08-21 12:38",8.78,8.78,8.77,8.77,-0.01,-0.11%,0
"2026-08-21 12:39",8.75,8.76,8.75,8.76,-0.01,-0.11%,0
"2026-08-21 12:40",8.75,8.79,8.75,8.78,0.02,+0.23%,0
"2026-08-21 12:41",8.77,8.78,8.76,8.77,-0.01,-0.11%,0
"2026-08-21 12:42",8.76,8.76,8.73,8.73,-0.04,-0.46%,0
"2026-08-21 12:43",8.73,8.77,8.73,8.77,0.04,+0.46%,0
"2026-08-21 12:44",8.76,8.81,8.76,8.81,0.04,+0.46%,0
"2026-08-21 12:45",8.81,8.88,8.81,8.88,0.07,+0.79%,0
"2026-08-21 12:46",8.87,8.87,8.85,8.86,-0.02,-0.23%,0
"2026-08-21 12:47",8.89,8.9,8.89,8.89,0.03,+0.34%,0
"2026-08-21 12:48",8.89,8.9,8.88,8.88,-0.01,-0.11%,0
"2026-08-21 12:49",8.88,8.88,8.86,8.87,-0.01,-0.11%,0
"2026-08-21 12:50",8.89,9.02,8.89,8.99,0.12,+1.35%,0
"2026-08-21 12:51",8.96,8.98,8.96,8.96,-0.03,-0.33%,0
"2026-08-21 12:52",8.96,8.99,8.96,8.99,0.03,+0.33%,0
"2026-08-21 12:53",8.96,8.98,8.96,8.98,-0.01,-0.11%,0
"2026-08-21 12:54",8.97,8.97,8.94,8.97,-0.01,-0.11%,0
"2026-08-21 12:55",8.96,8.99,8.96,8.99,0.02,+0.22%,0
"2026-08-21 12:56",8.98,9,8.97,8.98,-0.01,-0.11%,0
"2026-08-21 12:57",8.98,9,8.96,8.96,-0.02,-0.22%,0
"2026-08-21 12:58",8.95,8.96,8.95,8.95,-0.01,-0.11%,0
"2026-08-21 12:59",8.96,8.98,8.96,8.98,0.03,+0.34%,0
"2026-08-21 13:00",8.96,8.98,8.96,8.98,0,0.00%,0
"2026-08-21 13:01",8.98,8.99,8.98,8.99,0.01,+0.11%,0
"2026-08-21 13:02",8.97,9,8.97,9,0.01,+0.11%,0
"2026-08-21 13:03",8.99,9.01,8.99,8.99,-0.01,-0.11%,0
"2026-08-21 13:04",8.98,8.99,8.98,8.99,0,0.00%,0
"2026-08-21 13:05",8.99,9,8.99,9,0.01,+0.11%,0
"2026-08-21 13:06",8.99,9.01,8.99,8.99,-0.01,-0.11%,0
"2026-08-21 13:07",8.98,8.99,8.98,8.99,0,0.00%,0
"2026-08-21 13:08",9.01,9.01,8.99,8.99,0,0.00%,0
"2026-08-21 13:09",8.97,8.99,8.97,8.98,-0.01,-0.11%,0
"2026-08-21 13:10",8.97,9,8.97,9,0.02,+0.22%,0
"2026-08-21 13:11",9.01,9.05,9.01,9.02,0.02,+0.22%,0
"2026-08-21 13:12",9.02,9.04,9.02,9.02,0,0.00%,0
"2026-08-21 13:13",9.02,9.04,9.02,9.03,0.01,+0.11%,0
"2026-08-21 13:14",9.03,9.05,9.03,9.03,0,0.00%,0
"2026-08-21 13:15",9.02,9.05,9.02,9.03,0,0.00%,0
"2026-08-21 13:16",9.02,9.05,9.02,9.04,0.01,+0.11%,0
"2026-08-21 13:17",9.03,9.07,9.03,9.07,0.03,+0.33%,0
"2026-08-21 13:18",9.05,9.07,9.05,9.07,0,0.00%,0
"2026-08-21 13:19",9.07,9.08,9.06,9.06,-0.01,-0.11%,0
"2026-08-21 13:20",9.07,9.15,9.07,9.11,0.05,+0.55%,0
"2026-08-21 13:21",9.12,9.15,9.12,9.15,0.04,+0.44%,0
"2026-08-21 13:22",9.14,9.22,9.14,9.22,0.07,+0.77%,0
"2026-08-21 13:23",9.22,9.22,9.19,9.19,-0.03,-0.33%,0
"2026-08-21 13:24",9.19,9.24,9.19,9.22,0.03,+0.33%,0
"2026-08-21 13:25",9.2,9.23,9.2,9.23,0.01,+0.11%,0
"2026-08-21 13:26",9.22,9.26,9.2,9.26,0.03,+0.33%,0
"2026-08-21 13:27",9.24,9.25,9.24,9.24,-0.02,-0.22%,0
"2026-08-21 13:28",9.22,9.24,9.21,9.21,-0.03,-0.32%,0
"2026-08-21 13:29",9.21,9.21,9.2,9.21,0,0.00%,0
"2026-08-21 13:30",9.25,9.25,9.22,9.22,0.01,+0.11%,0
"2026-08-21 13:31",9.23,9.26,9.23,9.26,0.04,+0.43%,0
"2026-08-21 13:32",9.24,9.27,9.24,9.24,-0.02,-0.22%,0
"2026-08-21 13:33",9.26,9.29,9.26,9.29,0.05,+0.54%,0
"2026-08-21 13:34",9.28,9.33,9.28,9.31,0.02,+0.22%,0
"2026-08-21 13:35",9.37,9.39,9.36,9.36,0.05,+0.54%,0
"2026-08-21 13:36",9.37,9.37,9.35,9.35,-0.01,-0.11%,0
"2026-08-21 13:37",9.32,9.34,9.3,9.3,-0.05,-0.53%,0
"2026-08-21 13:38",9.32,9.34,9.32,9.34,0.04,+0.43%,0
"2026-08-21 13:39",9.33,9.35,9.33,9.35,0.01,+0.11%,0
"2026-08-21 13:40",9.35,9.38,9.35,9.36,0.01,+0.11%,0
"2026-08-21 13:41",9.38,9.38,9.33,9.33,-0.03,-0.32%,0
"2026-08-21 13:42",9.33,9.34,9.33,9.33,0,0.00%,0
"2026-08-21 13:43",9.33,9.34,9.33,9.34,0.01,+0.11%,0
"2026-08-21 13:44",9.34,9.36,9.34,9.35,0.01,+0.11%,0
"2026-08-21 13:45",9.34,9.35,9.34,9.35,0,0.00%,0
"2026-08-21 13:46",9.36,9.38,9.35,9.35,0,0.00%,0
"2026-08-21 13:47",9.33,9.36,9.33,9.36,0.01,+0.11%,0
"2026-08-21 13:48",9.34,9.35,9.32,9.35,-0.01,-0.11%,0
"2026-08-21 13:49",9.34,9.38,9.34,9.36,0.01,+0.11%,0
"2026-08-21 13:50",9.35,9.38,9.35,9.38,0.02,+0.21%,0
"2026-08-21 13:51",9.37,9.4,9.37,9.4,0.02,+0.21%,0
"2026-08-21 13:52",9.4,9.44,9.4,9.43,0.03,+0.32%,0
"2026-08-21 13:53",9.45,9.45,9.4,9.4,-0.03,-0.32%,0
"2026-08-21 13:54",9.4,9.43,9.4,9.43,0.03,+0.32%,0
"2026-08-21 13:55",9.44,9.47,9.44,9.45,0.02,+0.21%,0
"2026-08-21 13:56",9.44,9.47,9.44,9.46,0.01,+0.11%,0
"2026-08-21 13:57",9.45,9.47,9.45,9.47,0.01,+0.11%,0
"2026-08-21 13:58",9.47,9.49,9.47,9.49,0.02,+0.21%,0
"2026-08-21 13:59",9.49,9.51,9.49,9.51,0.02,+0.21%,0
"2026-08-21 14:00",9.52,9.53,9.49,9.49,-0.02,-0.21%,0
"2026-08-21 14:01",9.47,9.48,9.47,9.47,-0.02,-0.21%,0
"2026-08-21 14:02",9.5,9.51,9.5,9.5,0.03,+0.32%,0
"2026-08-21 14:03",9.5,9.5,9.47,9.47,-0.03,-0.32%,0
"2026-08-21 14:04",9.48,9.5,9.48,9.48,0.01,+0.11%,0
"2026-08-21 14:05",9.47,9.53,9.47,9.53,0.05,+0.53%,0
"2026-08-21 14:06",9.55,9.58,9.55,9.58,0.05,+0.52%,0
"2026-08-21 14:07",9.59,9.65,9.59,9.65,0.07,+0.73%,0
"2026-08-21 14:08",9.64,9.66,9.64,9.66,0.01,+0.10%,0
"2026-08-21 14:09",9.63,9.66,9.63,9.66,0,0.00%,0
"2026-08-21 14:10",9.68,9.71,9.67,9.67,0.01,+0.10%,0
"2026-08-21 14:11",9.69,9.7,9.68,9.68,0.01,+0.10%,0
"2026-08-21 14:12",9.68,9.69,9.67,9.67,-0.01,-0.10%,0
"2026-08-21 14:13",9.63,9.66,9.63,9.66,-0.01,-0.10%,0
"2026-08-21 14:14",9.66,9.68,9.66,9.68,0.02,+0.21%,0
"2026-08-21 14:15",9.69,9.71,9.69,9.71,0.03,+0.31%,0
"2026-08-21 14:16",9.72,9.74,9.7,9.71,0,0.00%,0
"2026-08-21 14:17",9.71,9.71,9.7,9.7,-0.01,-0.10%,0
"2026-08-21 14:18",9.71,9.73,9.71,9.72,0.02,+0.21%,0
"2026-08-21 14:19",9.7,9.7,9.68,9.69,-0.03,-0.31%,0
"2026-08-21 14:20",9.69,9.7,9.69,9.7,0.01,+0.10%,0
"2026-08-21 14:21",9.7,9.72,9.7,9.7,0,0.00%,0
"2026-08-21 14:22",9.67,9.7,9.67,9.7,0,0.00%,0
"2026-08-21 14:23",9.67,9.69,9.67,9.68,-0.02,-0.21%,0
"2026-08-21 14:24",9.67,9.69,9.66,9.66,-0.02,-0.21%,0
"2026-08-21 14:25",9.67,9.7,9.67,9.69,0.03,+0.31%,0
"2026-08-21 14:26",9.73,9.74,9.73,9.74,0.05,+0.52%,0
"2026-08-21 14:27",9.73,9.74,9.73,9.73,-0.01,-0.10%,0
"2026-08-21 14:28",9.74,9.74,9.73,9.74,0.01,+0.10%,0
"2026-08-21 14:29",9.74,9.76,9.74,9.76,0.02,+0.21%,0
"2026-08-21 14:30",9.75,9.8,9.75,9.8,0.04,+0.41%,0
"2026-08-21 14:31",9.79,9.81,9.79,9.8,0,0.00%,0
"2026-08-21 14:32",9.78,9.83,9.78,9.81,0.01,+0.10%,0
"2026-08-21 14:33",9.82,9.86,9.82,9.86,0.05,+0.51%,0
"2026-08-21 14:34",9.85,9.87,9.85,9.87,0.01,+0.10%,0
"2026-08-21 14:35",9.87,9.87,9.84,9.85,-0.02,-0.20%,0
"2026-08-21 14:36",9.84,9.87,9.84,9.86,0.01,+0.10%,0
"2026-08-21 14:37",9.85,9.86,9.84,9.84,-0.02,-0.20%,0
"2026-08-21 14:38",9.84,9.86,9.84,9.86,0.02,+0.20%,0
"2026-08-21 14:39",9.86,9.87,9.86,9.87,0.01,+0.10%,0
"2026-08-21 14:40",9.86,9.87,9.83,9.83,-0.04,-0.41%,0
"2026-08-21 14:41",9.83,9.86,9.83,9.84,0.01,+0.10%,0
"2026-08-21 14:42",9.83,9.85,9.82,9.82,-0.02,-0.20%,0
"2026-08-21 14:43",9.81,9.83,9.81,9.81,-0.01,-0.10%,0
"2026-08-21 14:44",9.8,9.84,9.8,9.84,0.03,+0.31%,0
"2026-08-21 14:45",9.85,9.85,9.83,9.85,0.01,+0.10%,0
"2026-08-21 14:46",9.84,9.87,9.84,9.84,-0.01,-0.10%,0
"2026-08-21 14:47",9.83,9.85,9.83,9.83,-0.01,-0.10%,0
"2026-08-21 14:48",9.84,9.85,9.84,9.84,0.01,+0.10%,0
"2026-08-21 14:49",9.83,9.84,9.82,9.82,-0.02,-0.20%,0
"2026-08-21 14:50",9.83,9.87,9.83,9.87,0.05,+0.51%,0
"2026-08-21 14:51",9.9,9.92,9.9,9.91,0.04,+0.41%,0
"2026-08-21 14:52",9.9,9.92,9.9,9.92,0.01,+0.10%,0
"2026-08-21 14:53",9.91,9.92,9.91,9.91,-0.01,-0.10%,0
"2026-08-21 14:54",9.91,9.94,9.91,9.94,0.03,+0.30%,0
"2026-08-21 14:55",9.95,9.97,9.95,9.97,0.03,+0.30%,0
"2026-08-21 14:56",9.93,9.94,9.91,9.91,-0.06,-0.60%,0
"2026-08-21 14:57",9.91,9.93,9.91,9.93,0.02,+0.20%,0
"2026-08-21 14:58",9.93,9.95,9.93,9.95,0.02,+0.20%,0
"2026-08-21 14:59",9.95,9.95,9.94,9.94,-0.01,-0.10%,0
"2026-08-21 15:00",9.94,9.98,9.94,9.98,0.04,+0.40%,0
"2026-08-21 15:01",10,10.02,9.97,9.97,-0.01,-0.10%,0
"2026-08-21 15:02",10.01,10.06,10.01,10.06,0.09,+0.90%,0
"2026-08-21 15:03",10.01,10.01,10.01,10.01,-0.05,-0.50%,0
"2026-08-21 15:04",10.01,10.02,10.01,10.01,0,0.00%,0
"2026-08-21 15:05",10,10,9.99,9.99,-0.02,-0.20%,0
"2026-08-21 15:06",9.97,9.97,9.96,9.96,-0.03,-0.30%,0
"2026-08-21 15:07",9.97,9.99,9.97,9.99,0.03,+0.30%,0
"2026-08-21 15:08",10,10.04,10,10.04,0.05,+0.50%,0
"2026-08-21 15:09",10.04,10.08,10.04,10.08,0.04,+0.40%,0
"2026-08-21 15:10",10.06,10.09,10.06,10.09,0.01,+0.10%,0
"2026-08-21 15:11",10.08,10.08,10.06,10.08,-0.01,-0.10%,0
"2026-08-21 15:12",10.07,10.1,10.07,10.08,0,0.00%,0
"2026-08-21 15:13",10.07,10.08,10.05,10.05,-0.03,-0.30%,0
"2026-08-21 15:14",10.06,10.07,10.06,10.07,0.02,+0.20%,0
"2026-08-21 15:15",10.08,10.1,10.08,10.1,0.03,+0.30%,0
"2026-08-21 15:16",10.11,10.14,10.11,10.12,0.02,+0.20%,0
"2026-08-21 15:17",10.13,10.17,10.13,10.17,0.05,+0.49%,0
"2026-08-21 15:18",10.14,10.14,10.14,10.14,-0.03,-0.29%,0
"2026-08-21 15:19",10.14,10.15,10.13,10.13,-0.01,-0.10%,0
"2026-08-21 15:20",10.14,10.15,10.12,10.12,-0.01,-0.10%,0
"2026-08-21 15:21",10.12,10.14,10.12,10.14,0.02,+0.20%,0
"2026-08-21 15:22",10.14,10.15,10.14,10.15,0.01,+0.10%,0
"2026-08-21 15:23",10.15,10.15,10.14,10.14,-0.01,-0.10%,0
"2026-08-21 15:24",10.14,10.14,10.07,10.07,-0.07,-0.69%,0
"2026-08-21 15:25",10.05,10.05,10,10,-0.07,-0.70%,0
"2026-08-21 15:26",9.99,10.01,9.99,9.99,-0.01,-0.10%,0
"2026-08-21 15:27",9.96,9.98,9.95,9.95,-0.04,-0.40%,0
"2026-08-21 15:28",9.95,9.97,9.95,9.96,0.01,+0.10%,0
"2026-08-21 15:29",9.96,9.99,9.96,9.99,0.03,+0.30%,0
"2026-08-21 15:30",10,10.03,10,10,0.01,+0.10%,0
"2026-08-21 15:31",9.98,9.98,9.92,9.92,-0.08,-0.80%,0
"2026-08-21 15:32",9.91,9.91,9.9,9.9,-0.02,-0.20%,0
"2026-08-21 15:33",9.89,9.91,9.86,9.86,-0.04,-0.40%,0
"2026-08-21 15:34",9.84,9.85,9.82,9.82,-0.04,-0.41%,0
"2026-08-21 15:35",9.82,9.83,9.81,9.81,-0.01,-0.10%,0
"2026-08-21 15:36",9.79,9.8,9.79,9.8,-0.01,-0.10%,0
"2026-08-21 15:37",9.79,9.81,9.79,9.8,0,0.00%,0
"2026-08-21 15:38",9.79,9.86,9.79,9.86,0.06,+0.61%,0
"2026-08-21 15:39",9.88,9.89,9.87,9.87,0.01,+0.10%,0
"2026-08-21 15:40",9.88,9.89,9.88,9.88,0.01,+0.10%,0
"2026-08-21 15:41",9.86,9.87,9.86,9.86,-0.02,-0.20%,0
"2026-08-21 15:42",9.86,9.86,9.83,9.83,-0.03,-0.30%,0
"2026-08-21 15:43",9.8,9.81,9.79,9.81,-0.02,-0.20%,0
"2026-08-21 15:44",9.79,9.83,9.79,9.81,0,0.00%,0
"2026-08-21 15:45",9.81,9.84,9.81,9.84,0.03,+0.31%,0
"2026-08-21 15:46",9.86,9.91,9.86,9.91,0.07,+0.71%,0
"2026-08-21 15:47",9.9,9.9,9.85,9.86,-0.05,-0.50%,0
"2026-08-21 15:48",9.83,9.87,9.83,9.87,0.01,+0.10%,0
"2026-08-21 15:49",9.87,9.92,9.87,9.92,0.05,+0.51%,0
"2026-08-21 15:50",9.93,9.93,9.89,9.9,-0.02,-0.20%,0
"2026-08-21 15:51",9.91,9.93,9.89,9.93,0.03,+0.30%,0
"2026-08-21 15:52",9.92,9.94,9.92,9.94,0.01,+0.10%,0
"2026-08-21 15:53",9.98,10.04,9.98,10.04,0.1,+1.01%,0
"2026-08-21 15:54",10.04,10.05,10.01,10.01,-0.03,-0.30%,0
"2026-08-21 15:55",10.02,10.04,9.93,9.93,-0.08,-0.80%,0
"2026-08-21 15:56",9.93,9.96,9.93,9.93,0,0.00%,0
"2026-08-21 15:57",9.94,9.98,9.94,9.97,0.04,+0.40%,0
"2026-08-21 15:58",9.97,10.09,9.97,10.09,0.12,+1.20%,0
"2026-08-21 15:59",10.1,10.1,10.05,10.06,-0.03,-0.30%,0
"2026-08-21 16:00",9.98,10.02,9.96,9.96,-0.1,-0.99%,0
"2026-08-21 16:01",9.96,9.96,9.93,9.95,-0.01,-0.10%,0
"2026-08-21 16:02",9.94,9.94,9.93,9.94,-0.01,-0.10%,0
"2026-08-21 16:03",9.94,9.99,9.94,9.99,0.05,+0.50%,0
"2026-08-21 16:04",9.99,10.02,9.99,10.02,0.03,+0.30%,0
"2026-08-21 16:05",10.02,10.02,9.95,9.95,-0.07,-0.70%,0
"2026-08-21 16:06",9.96,9.98,9.96,9.98,0.03,+0.30%,0
"2026-08-21 16:07",9.98,10,9.95,9.95,-0.03,-0.30%,0
"2026-08-21 16:08",9.95,9.98,9.95,9.98,0.03,+0.30%,0
"2026-08-21 16:09",9.98,9.99,9.9,9.9,-0.08,-0.80%,0
"2026-08-21 16:10",9.9,9.97,9.9,9.95,0.05,+0.51%,0
"2026-08-21 16:11",9.96,9.99,9.93,9.93,-0.02,-0.20%,0
"2026-08-21 16:12",9.92,9.92,9.91,9.91,-0.02,-0.20%,0
"2026-08-21 16:13",9.92,9.96,9.92,9.96,0.05,+0.50%,0
"2026-08-21 16:14",9.95,10,9.95,10,0.04,+0.40%,0
"2026-08-21 16:15",10,10,10,10,0,0.00%,0
"2026-08-24 09:31",7.41,7.41,7.26,7.26,-2.74,-27.40%,0
"2026-08-24 09:32",7.14,7.14,6.97,6.97,-0.29,-3.99%,0
"2026-08-24 09:33",7.01,7.33,7.01,7.22,0.25,+3.59%,0
"2026-08-24 09:34",7.18,7.2,7.09,7.11,-0.11,-1.52%,0
"2026-08-24 09:35",7.05,7.16,7.02,7.02,-0.09,-1.27%,0
"2026-08-24 09:36",6.96,7.01,6.93,6.93,-0.09,-1.28%,0
"2026-08-24 09:37",6.89,6.89,6.84,6.84,-0.09,-1.30%,0
"2026-08-24 09:38",6.83,6.98,6.8,6.98,0.14,+2.05%,0
"2026-08-24 09:39",6.98,6.98,6.92,6.92,-0.06,-0.86%,0
"2026-08-24 09:40",6.89,6.91,6.85,6.85,-0.07,-1.01%,0
"2026-08-24 09:41",6.84,6.84,6.79,6.79,-0.06,-0.88%,0
"2026-08-24 09:42",6.73,6.88,6.73,6.88,0.09,+1.33%,0
"2026-08-24 09:43",7.01,7.06,7.01,7.06,0.18,+2.62%,0
"2026-08-24 09:44",7.04,7.24,7.04,7.24,0.18,+2.55%,0
"2026-08-24 09:45",7.38,7.44,7.27,7.34,0.1,+1.38%,0
"2026-08-24 09:46",7.31,7.31,7.13,7.15,-0.19,-2.59%,0
"2026-08-24 09:47",7.07,7.07,7.05,7.05,-0.1,-1.40%,0
"2026-08-24 09:48",7.07,7.07,6.91,6.91,-0.14,-1.99%,0
"2026-08-24 09:49",6.86,7.01,6.86,7.01,0.1,+1.45%,0
"2026-08-24 09:50",7.03,7.08,7.03,7.03,0.02,+0.29%,0
"2026-08-24 09:51",7.02,7.02,6.96,6.99,-0.04,-0.57%,0
"2026-08-24 09:52",6.98,6.98,6.95,6.98,-0.01,-0.14%,0
"2026-08-24 09:53",7,7,6.9,6.9,-0.08,-1.15%,0
"2026-08-24 09:54",6.88,6.91,6.88,6.91,0.01,+0.14%,0
"2026-08-24 09:55",6.92,6.93,6.87,6.87,-0.04,-0.58%,0
"2026-08-24 09:56",6.87,6.88,6.82,6.82,-0.05,-0.73%,0
"2026-08-24 09:57",6.82,6.82,6.8,6.8,-0.02,-0.29%,0
"2026-08-24 09:58",6.82,6.87,6.81,6.82,0.02,+0.29%,0
"2026-08-24 09:59",6.79,6.79,6.76,6.76,-0.06,-0.88%,0
"2026-08-24 10:00",6.76,6.81,6.74,6.81,0.05,+0.74%,0
"2026-08-24 10:01",6.76,6.78,6.74,6.74,-0.07,-1.03%,0
"2026-08-24 10:02",6.76,6.84,6.76,6.78,0.04,+0.59%,0
"2026-08-24 10:03",7.04,7.05,6.99,7.05,0.27,+3.98%,0
"2026-08-24 10:04",6.98,7.03,6.97,6.97,-0.08,-1.13%,0
"2026-08-24 10:05",6.93,6.94,6.89,6.89,-0.08,-1.15%,0
"2026-08-24 10:06",6.91,7.03,6.91,7.02,0.13,+1.89%,0
"2026-08-24 10:07",7,7,6.96,6.96,-0.06,-0.85%,0
"2026-08-24 10:08",6.93,6.97,6.93,6.97,0.01,+0.14%,0
"2026-08-24 10:09",6.96,6.99,6.96,6.96,-0.01,-0.14%,0
"2026-08-24 10:10",6.92,6.96,6.92,6.93,-0.03,-0.43%,0
"2026-08-24 10:11",6.88,6.93,6.88,6.9,-0.03,-0.43%,0
"2026-08-24 10:12",6.94,6.96,6.93,6.93,0.03,+0.43%,0
"2026-08-24 10:13",6.91,6.91,6.82,6.82,-0.11,-1.59%,0
"2026-08-24 10:14",6.84,6.86,6.79,6.81,-0.01,-0.15%,0
"2026-08-24 10:15",6.81,6.86,6.81,6.85,0.04,+0.59%,0
"2026-08-24 10:16",6.85,6.91,6.84,6.91,0.06,+0.88%,0
"2026-08-24 10:17",6.92,6.97,6.92,6.94,0.03,+0.43%,0
"2026-08-24 10:18",6.94,6.94,6.91,6.91,-0.03,-0.43%,0
"2026-08-24 10:19",6.9,6.9,6.88,6.88,-0.03,-0.43%,0
"2026-08-24 10:20",6.87,6.87,6.85,6.86,-0.02,-0.29%,0
"2026-08-24 10:21",6.82,6.82,6.73,6.73,-0.13,-1.90%,0
"2026-08-24 10:22",6.75,6.78,6.75,6.75,0.02,+0.30%,0
"2026-08-24 10:23",6.73,6.75,6.73,6.75,0,0.00%,0
"2026-08-24 10:24",6.78,6.9,6.78,6.9,0.15,+2.22%,0
"2026-08-24 10:25",6.87,6.88,6.83,6.83,-0.07,-1.01%,0
"2026-08-24 10:26",6.84,6.87,6.84,6.84,0.01,+0.15%,0
"2026-08-24 10:27",6.82,6.83,6.81,6.83,-0.01,-0.15%,0
"2026-08-24 10:28",6.82,6.83,6.8,6.8,-0.03,-0.44%,0
"2026-08-24 10:29",6.78,6.82,6.78,6.8,0,0.00%,0
"2026-08-24 10:30",6.79,6.79,6.74,6.74,-0.06,-0.88%,0
"2026-08-24 10:31",6.74,6.79,6.74,6.78,0.04,+0.59%,0
"2026-08-24 10:32",6.8,6.8,6.76,6.76,-0.02,-0.29%,0
"2026-08-24 10:33",6.75,6.75,6.66,6.66,-0.1,-1.48%,0
"2026-08-24 10:34",6.68,6.69,6.68,6.69,0.03,+0.45%,0
"2026-08-24 10:35",6.68,6.71,6.68,6.71,0.02,+0.30%,0
"2026-08-24 10:36",6.7,6.75,6.7,6.75,0.04,+0.60%,0
"2026-08-24 10:37",6.75,6.76,6.74,6.74,-0.01,-0.15%,0
"2026-08-24 10:38",6.74,6.75,6.73,6.73,-0.01,-0.15%,0
"2026-08-24 10:39",6.72,6.76,6.72,6.73,0,0.00%,0
"2026-08-24 10:40",6.73,6.74,6.73,6.74,0.01,+0.15%,0
"2026-08-24 10:41",6.75,6.76,6.75,6.76,0.02,+0.30%,0
"2026-08-24 10:42",6.78,6.79,6.78,6.78,0.02,+0.30%,0
"2026-08-24 10:43",6.77,6.78,6.77,6.78,0,0.00%,0
"2026-08-24 10:44",6.82,6.82,6.79,6.81,0.03,+0.44%,0
"2026-08-24 10:45",6.83,6.86,6.83,6.85,0.04,+0.59%,0
"2026-08-24 10:46",6.84,6.88,6.84,6.84,-0.01,-0.15%,0
"2026-08-24 10:47",6.84,6.87,6.84,6.87,0.03,+0.44%,0
"2026-08-24 10:48",6.85,6.88,6.85,6.86,-0.01,-0.15%,0
"2026-08-24 10:49",6.85,6.87,6.83,6.83,-0.03,-0.44%,0
"2026-08-24 10:50",6.8,6.88,6.8,6.88,0.05,+0.73%,0
"2026-08-24 10:51",6.88,6.91,6.87,6.87,-0.01,-0.15%,0
"2026-08-24 10:52",6.87,6.9,6.84,6.84,-0.03,-0.44%,0
"2026-08-24 10:53",6.85,6.85,6.85,6.85,0.01,+0.15%,0
"2026-08-24 10:54",6.83,6.83,6.81,6.81,-0.04,-0.58%,0
"2026-08-24 10:55",6.79,6.81,6.79,6.81,0,0.00%,0
"2026-08-24 10:56",6.82,6.85,6.82,6.83,0.02,+0.29%,0
"2026-08-24 10:57",6.84,6.85,6.84,6.84,0.01,+0.15%,0
"2026-08-24 10:58",6.82,6.86,6.82,6.82,-0.02,-0.29%,0
"2026-08-24 10:59",6.8,6.81,6.79,6.79,-0.03,-0.44%,0
"2026-08-24 11:00",6.79,6.82,6.79,6.82,0.03,+0.44%,0
"2026-08-24 11:01",6.82,6.84,6.82,6.83,0.01,+0.15%,0
"2026-08-24 11:02",6.84,6.87,6.84,6.85,0.02,+0.29%,0
"2026-08-24 11:03",6.83,6.86,6.83,6.85,0,0.00%,0
"2026-08-24 11:04",6.89,6.9,6.88,6.88,0.03,+0.44%,0
"2026-08-24 11:05",6.89,6.99,6.89,6.99,0.11,+1.60%,0
"2026-08-24 11:06",6.97,6.98,6.92,6.92,-0.07,-1.00%,0
"2026-08-24 11:07",6.91,6.96,6.91,6.96,0.04,+0.58%,0
"2026-08-24 11:08",6.93,6.99,6.93,6.99,0.03,+0.43%,0
"2026-08-24 11:09",6.98,6.99,6.94,6.94,-0.05,-0.72%,0
"2026-08-24 11:10",6.96,7.03,6.96,7,0.06,+0.86%,0
"2026-08-24 11:11",7,7.03,7,7.01,0.01,+0.14%,0
"2026-08-24 11:12",6.99,7.01,6.99,7.01,0,0.00%,0
"2026-08-24 11:13",7,7,6.94,6.95,-0.06,-0.86%,0
"2026-08-24 11:14",7,7.06,7,7.06,0.11,+1.58%,0
"2026-08-24 11:15",7.07,7.08,7.05,7.08,0.02,+0.28%,0
"2026-08-24 11:16",7.08,7.08,7.07,7.07,-0.01,-0.14%,0
"2026-08-24 11:17",7.08,7.08,7.05,7.06,-0.01,-0.14%,0
"2026-08-24 11:18",7.06,7.07,7.06,7.06,0,0.00%,0
"2026-08-24 11:19",7.04,7.04,7.03,7.04,-0.02,-0.28%,0
"2026-08-24 11:20",7.05,7.13,7.05,7.12,0.08,+1.14%,0
"2026-08-24 11:21",7.11,7.18,7.11,7.17,0.05,+0.70%,0
"2026-08-24 11:22",7.13,7.16,7.13,7.16,-0.01,-0.14%,0
"2026-08-24 11:23",7.15,7.15,7.08,7.09,-0.07,-0.98%,0
"2026-08-24 11:24",7.09,7.1,7.03,7.03,-0.06,-0.85%,0
"2026-08-24 11:25",7.03,7.04,7.03,7.04,0.01,+0.14%,0
"2026-08-24 11:26",7.04,7.11,7.04,7.11,0.07,+0.99%,0
"2026-08-24 11:27",7.11,7.11,7.1,7.1,-0.01,-0.14%,0
"2026-08-24 11:28",7.1,7.1,7.09,7.09,-0.01,-0.14%,0
"2026-08-24 11:29",7.08,7.27,7.08,7.27,0.18,+2.54%,0
"2026-08-24 11:30",7.22,7.22,7.16,7.16,-0.11,-1.51%,0
"2026-08-24 11:31",7.13,7.13,7.11,7.13,-0.03,-0.42%,0
"2026-08-24 11:32",7.12,7.15,7.12,7.14,0.01,+0.14%,0
"2026-08-24 11:33",7.13,7.14,7.13,7.13,-0.01,-0.14%,0
"2026-08-24 11:34",7.16,7.17,7.16,7.17,0.04,+0.56%,0
"2026-08-24 11:35",7.17,7.19,7.17,7.18,0.01,+0.14%,0
"2026-08-24 11:36",7.18,7.19,7.18,7.18,0,0.00%,0
"2026-08-24 11:37",7.15,7.18,7.15,7.18,0,0.00%,0
"2026-08-24 11:38",7.16,7.18,7.16,7.17,-0.01,-0.14%,0
"2026-08-24 11:39",7.17,7.19,7.17,7.19,0.02,+0.28%,0
"2026-08-24 11:40",7.2,7.24,7.2,7.24,0.05,+0.70%,0
"2026-08-24 11:41",7.24,7.25,7.22,7.22,-0.02,-0.28%,0
"2026-08-24 11:42",7.22,7.22,7.2,7.2,-0.02,-0.28%,0
"2026-08-24 11:43",7.2,7.21,7.2,7.21,0.01,+0.14%,0
"2026-08-24 11:44",7.2,7.21,7.2,7.21,0,0.00%,0
"2026-08-24 11:45",7.2,7.23,7.2,7.23,0.02,+0.28%,0
"2026-08-24 11:46",7.24,7.26,7.24,7.26,0.03,+0.41%,0
"2026-08-24 11:47",7.28,7.31,7.28,7.31,0.05,+0.69%,0
"2026-08-24 11:48",7.3,7.32,7.27,7.27,-0.04,-0.55%,0
"2026-08-24 11:49",7.27,7.29,7.27,7.29,0.02,+0.28%,0
"2026-08-24 11:50",7.27,7.31,7.27,7.29,0,0.00%,0
"2026-08-24 11:51",7.28,7.29,7.28,7.29,0,0.00%,0
"2026-08-24 11:52",7.27,7.3,7.27,7.3,0.01,+0.14%,0
"2026-08-24 11:53",7.29,7.29,7.28,7.28,-0.02,-0.27%,0
"2026-08-24 11:54",7.3,7.3,7.3,7.3,0.02,+0.27%,0
"2026-08-24 11:55",7.32,7.33,7.3,7.3,0,0.00%,0
"2026-08-24 11:56",7.28,7.29,7.28,7.29,-0.01,-0.14%,0
"2026-08-24 11:57",7.27,7.31,7.27,7.29,0,0.00%,0
"2026-08-24 11:58",7.29,7.29,7.25,7.25,-0.04,-0.55%,0
"2026-08-24 11:59",7.27,7.27,7.24,7.24,-0.01,-0.14%,0
"2026-08-24 12:00",7.24,7.3,7.24,7.29,0.05,+0.69%,0
"2026-08-24 12:01",7.3,7.35,7.3,7.35,0.06,+0.82%,0
"2026-08-24 12:02",7.36,7.37,7.31,7.32,-0.03,-0.41%,0
"2026-08-24 12:03",7.32,7.42,7.32,7.42,0.1,+1.37%,0
"2026-08-24 12:04",7.42,7.46,7.42,7.45,0.03,+0.40%,0
"2026-08-24 12:05",7.42,7.43,7.38,7.38,-0.07,-0.94%,0
"2026-08-24 12:06",7.37,7.4,7.35,7.35,-0.03,-0.41%,0
"2026-08-24 12:07",7.34,7.37,7.34,7.37,0.02,+0.27%,0
"2026-08-24 12:08",7.36,7.37,7.36,7.37,0,0.00%,0
"2026-08-24 12:09",7.37,7.38,7.37,7.37,0,0.00%,0
"2026-08-24 12:10",7.36,7.39,7.36,7.39,0.02,+0.27%,0
"2026-08-24 12:11",7.38,7.39,7.38,7.38,-0.01,-0.14%,0
"2026-08-24 12:12",7.37,7.38,7.37,7.38,0,0.00%,0
"2026-08-24 12:13",7.37,7.4,7.37,7.4,0.02,+0.27%,0
"2026-08-24 12:14",7.4,7.4,7.39,7.4,0,0.00%,0
"2026-08-24 12:15",7.39,7.45,7.39,7.45,0.05,+0.68%,0
"2026-08-24 12:16",7.45,7.45,7.45,7.45,0,0.00%,0
"2026-08-24 12:17",7.5,7.5,7.5,7.5,0.05,+0.67%,0
"2026-08-24 12:18",7.49,7.54,7.49,7.54,0.04,+0.53%,0
"2026-08-24 12:19",7.54,7.55,7.54,7.54,0,0.00%,0
"2026-08-24 12:20",7.53,7.54,7.52,7.52,-0.02,-0.27%,0
"2026-08-24 12:21",7.52,7.52,7.51,7.52,0,0.00%,0
"2026-08-24 12:22",7.52,7.58,7.52,7.56,0.04,+0.53%,0
"2026-08-24 12:23",7.57,7.59,7.57,7.57,0.01,+0.13%,0
"2026-08-24 12:24",7.57,7.58,7.55,7.55,-0.02,-0.26%,0
"2026-08-24 12:25",7.55,7.56,7.55,7.56,0.01,+0.13%,0
"2026-08-24 12:26",7.56,7.57,7.55,7.57,0.01,+0.13%,0
"2026-08-24 12:27",7.56,7.57,7.55,7.56,-0.01,-0.13%,0
"2026-08-24 12:28",7.56,7.57,7.56,7.56,0,0.00%,0
"2026-08-24 12:29",7.57,7.58,7.57,7.58,0.02,+0.26%,0
"2026-08-24 12:30",7.58,7.62,7.58,7.62,0.04,+0.53%,0
"2026-08-24 12:31",7.61,7.65,7.61,7.65,0.03,+0.39%,0
"2026-08-24 12:32",7.64,7.65,7.64,7.65,0,0.00%,0
"2026-08-24 12:33",7.62,7.64,7.62,7.62,-0.03,-0.39%,0
"2026-08-24 12:34",7.61,7.63,7.61,7.62,0,0.00%,0
"2026-08-24 12:35",7.61,7.64,7.61,7.64,0.02,+0.26%,0
"2026-08-24 12:36",7.64,7.65,7.64,7.65,0.01,+0.13%,0
"2026-08-24 12:37",7.65,7.65,7.64,7.65,0,0.00%,0
"2026-08-24 12:38",7.64,7.72,7.64,7.72,0.07,+0.92%,0
"2026-08-24 12:39",7.73,7.73,7.72,7.72,0,0.00%,0
"2026-08-24 12:40",7.73,7.74,7.71,7.71,-0.01,-0.13%,0
"2026-08-24 12:41",7.7,7.73,7.7,7.71,0,0.00%,0
"2026-08-24 12:42",7.71,7.72,7.71,7.72,0.01,+0.13%,0
"2026-08-24 12:43",7.74,7.75,7.73,7.73,0.01,+0.13%,0
"2026-08-24 12:44",7.74,7.74,7.72,7.73,0,0.00%,0
"2026-08-24 12:45",7.73,7.76,7.73,7.76,0.03,+0.39%,0
"2026-08-24 12:46",7.77,7.77,7.76,7.76,0,0.00%,0
"2026-08-24 12:47",7.76,7.77,7.75,7.75,-0.01,-0.13%,0
"2026-08-24 12:48",7.76,7.76,7.73,7.74,-0.01,-0.13%,0
"2026-08-24 12:49",7.76,7.77,7.76,7.76,0.02,+0.26%,0
"2026-08-24 12:50",7.75,7.76,7.75,7.76,0,0.00%,0
"2026-08-24 12:51",7.77,7.8,7.77,7.8,0.04,+0.52%,0
"2026-08-24 12:52",7.81,7.81,7.79,7.79,-0.01,-0.13%,0
"2026-08-24 12:53",7.8,7.83,7.8,7.82,0.03,+0.39%,0
"2026-08-24 12:54",7.79,7.82,7.79,7.82,0,0.00%,0
"2026-08-24 12:55",7.82,7.84,7.82,7.83,0.01,+0.13%,0
"2026-08-24 12:56",7.82,7.83,7.82,7.83,0,0.00%,0
"2026-08-24 12:57",7.82,7.82,7.8,7.81,-0.02,-0.26%,0
"2026-08-24 12:58",7.81,7.86,7.81,7.85,0.04,+0.51%,0
"2026-08-24 12:59",7.84,7.85,7.84,7.84,-0.01,-0.13%,0
"2026-08-24 13:00",7.84,7.87,7.84,7.87,0.03,+0.38%,0
"2026-08-24 13:01",7.86,7.87,7.86,7.87,0,0.00%,0
"2026-08-24 13:02",7.87,7.9,7.87,7.87,0,0.00%,0
"2026-08-24 13:03",7.91,7.91,7.89,7.9,0.03,+0.38%,0
"2026-08-24 13:04",7.9,7.95,7.9,7.9,0,0.00%,0
"2026-08-24 13:05",7.91,7.91,7.9,7.9,0,0.00%,0
"2026-08-24 13:06",7.9,7.91,7.88,7.88,-0.02,-0.25%,0
"2026-08-24 13:07",7.9,7.91,7.87,7.87,-0.01,-0.13%,0
"2026-08-24 13:08",7.9,7.92,7.87,7.87,0,0.00%,0
"2026-08-24 13:09",7.86,7.89,7.86,7.88,0.01,+0.13%,0
"2026-08-24 13:10",7.87,7.87,7.85,7.85,-0.03,-0.38%,0
"2026-08-24 13:11",7.86,7.87,7.86,7.86,0.01,+0.13%,0
"2026-08-24 13:12",7.86,7.89,7.86,7.89,0.03,+0.38%,0
"2026-08-24 13:13",7.9,7.9,7.87,7.89,0,0.00%,0
"2026-08-24 13:14",7.89,7.91,7.89,7.91,0.02,+0.25%,0
"2026-08-24 13:15",7.9,7.92,7.9,7.91,0,0.00%,0
"2026-08-24 13:16",7.9,7.96,7.9,7.92,0.01,+0.13%,0
"2026-08-24 13:17",7.94,7.94,7.91,7.91,-0.01,-0.13%,0
"2026-08-24 13:18",7.91,7.94,7.91,7.93,0.02,+0.25%,0
"2026-08-24 13:19",7.96,7.96,7.96,7.96,0.03,+0.38%,0
"2026-08-24 13:20",7.97,8.01,7.97,7.99,0.03,+0.38%,0
"2026-08-24 13:21",8.02,8.1,8.02,8.1,0.11,+1.38%,0
"2026-08-24 13:22",8.11,8.11,8.08,8.08,-0.02,-0.25%,0
"2026-08-24 13:23",8.06,8.14,8.06,8.07,-0.01,-0.12%,0
"2026-08-24 13:24",8.09,8.09,8.07,8.07,0,0.00%,0
"2026-08-24 13:25",8.08,8.14,8.08,8.11,0.04,+0.50%,0
"2026-08-24 13:26",8.09,8.09,8.07,8.08,-0.03,-0.37%,0
"2026-08-24 13:27",8.07,8.09,8.07,8.08,0,0.00%,0
"2026-08-24 13:28",8.06,8.07,8.04,8.04,-0.04,-0.50%,0
"2026-08-24 13:29",8.02,8.05,8.01,8.05,0.01,+0.12%,0
"2026-08-24 13:30",8.08,8.1,8.08,8.08,0.03,+0.37%,0
"2026-08-24 13:31",8.06,8.07,8.04,8.04,-0.04,-0.50%,0
"2026-08-24 13:32",8.03,8.03,8.02,8.03,-0.01,-0.12%,0
"2026-08-24 13:33",8.02,8.04,8.02,8.03,0,0.00%,0
"2026-08-24 13:34",8.04,8.04,8.04,8.04,0.01,+0.12%,0
"2026-08-24 13:35",8.1,8.11,8.1,8.1,0.06,+0.75%,0
"2026-08-24 13:36",8.13,8.13,8.11,8.13,0.03,+0.37%,0
"2026-08-24 13:37",8.14,8.23,8.14,8.23,0.1,+1.23%,0
"2026-08-24 13:38",8.25,8.28,8.25,8.28,0.05,+0.61%,0
"2026-08-24 13:39",8.31,8.32,8.27,8.27,-0.01,-0.12%,0
"2026-08-24 13:40",8.25,8.25,8.22,8.22,-0.05,-0.60%,0
"2026-08-24 13:41",8.24,8.29,8.24,8.27,0.05,+0.61%,0
"2026-08-24 13:42",8.25,8.25,8.21,8.24,-0.03,-0.36%,0
"2026-08-24 13:43",8.26,8.34,8.26,8.34,0.1,+1.21%,0
"2026-08-24 13:44",8.37,8.42,8.37,8.42,0.08,+0.96%,0
"2026-08-24 13:45",8.44,8.46,8.44,8.46,0.04,+0.48%,0
"2026-08-24 13:46",8.45,8.46,8.45,8.46,0,0.00%,0
"2026-08-24 13:47",8.47,8.47,8.45,8.45,-0.01,-0.12%,0
"2026-08-24 13:48",8.45,8.45,8.39,8.39,-0.06,-0.71%,0
"2026-08-24 13:49",8.38,8.4,8.38,8.4,0.01,+0.12%,0
"2026-08-24 13:50",8.39,8.39,8.34,8.34,-0.06,-0.71%,0
"2026-08-24 13:51",8.34,8.36,8.34,8.36,0.02,+0.24%,0
"2026-08-24 13:52",8.36,8.41,8.36,8.41,0.05,+0.60%,0
"2026-08-24 13:53",8.41,8.43,8.41,8.42,0.01,+0.12%,0
"2026-08-24 13:54",8.41,8.42,8.41,8.42,0,0.00%,0
"2026-08-24 13:55",8.42,8.44,8.42,8.44,0.02,+0.24%,0
"2026-08-24 13:56",8.42,8.43,8.39,8.39,-0.05,-0.59%,0
"2026-08-24 13:57",8.39,8.4,8.39,8.4,0.01,+0.12%,0
"2026-08-24 13:58",8.41,8.41,8.41,8.41,0.01,+0.12%,0
"2026-08-24 13:59",8.41,8.42,8.41,8.41,0,0.00%,0
"2026-08-24 14:00",8.41,8.41,8.33,8.33,-0.08,-0.95%,0
"2026-08-24 14:01",8.34,8.35,8.33,8.33,0,0.00%,0
"2026-08-24 14:02",8.31,8.31,8.3,8.31,-0.02,-0.24%,0
"2026-08-24 14:03",8.31,8.37,8.31,8.36,0.05,+0.60%,0
"2026-08-24 14:04",8.34,8.34,8.33,8.33,-0.03,-0.36%,0
"2026-08-24 14:05",8.33,8.34,8.32,8.32,-0.01,-0.12%,0
"2026-08-24 14:06",8.32,8.32,8.3,8.3,-0.02,-0.24%,0
"2026-08-24 14:07",8.3,8.31,8.28,8.28,-0.02,-0.24%,0
"2026-08-24 14:08",8.29,8.3,8.29,8.3,0.02,+0.24%,0
"2026-08-24 14:09",8.32,8.33,8.3,8.32,0.02,+0.24%,0
"2026-08-24 14:10",8.3,8.32,8.3,8.32,0,0.00%,0
"2026-08-24 14:11",8.31,8.34,8.31,8.34,0.02,+0.24%,0
"2026-08-24 14:12",8.34,8.34,8.32,8.32,-0.02,-0.24%,0
"2026-08-24 14:13",8.31,8.32,8.31,8.31,-0.01,-0.12%,0
"2026-08-24 14:14",8.29,8.31,8.29,8.31,0,0.00%,0
"2026-08-24 14:15",8.32,8.36,8.32,8.36,0.05,+0.60%,0
"2026-08-24 14:16",8.37,8.37,8.35,8.35,-0.01,-0.12%,0
"2026-08-24 14:17",8.33,8.33,8.33,8.33,-0.02,-0.24%,0
"2026-08-24 14:18",8.33,8.36,8.32,8.32,-0.01,-0.12%,0
"2026-08-24 14:19",8.3,8.32,8.3,8.31,-0.01,-0.12%,0
"2026-08-24 14:20",8.3,8.4,8.3,8.38,0.07,+0.84%,0
"2026-08-24 14:21",8.39,8.42,8.39,8.42,0.04,+0.48%,0
"2026-08-24 14:22",8.42,8.43,8.41,8.43,0.01,+0.12%,0
"2026-08-24 14:23",8.44,8.44,8.42,8.42,-0.01,-0.12%,0
"2026-08-24 14:24",8.42,8.43,8.42,8.42,0,0.00%,0
"2026-08-24 14:25",8.42,8.42,8.41,8.42,0,0.00%,0
"2026-08-24 14:26",8.43,8.44,8.43,8.43,0.01,+0.12%,0
"2026-08-24 14:27",8.44,8.46,8.44,8.46,0.03,+0.36%,0
"2026-08-24 14:28",8.45,8.46,8.45,8.46,0,0.00%,0
"2026-08-24 14:29",8.45,8.46,8.45,8.46,0,0.00%,0
"2026-08-24 14:30",8.46,8.52,8.46,8.52,0.06,+0.71%,0
"2026-08-24 14:31",8.5,8.53,8.5,8.53,0.01,+0.12%,0
"2026-08-24 14:32",8.52,8.55,8.52,8.55,0.02,+0.23%,0
"2026-08-24 14:33",8.55,8.57,8.55,8.57,0.02,+0.23%,0
"2026-08-24 14:34",8.57,8.59,8.54,8.54,-0.03,-0.35%,0
"2026-08-24 14:35",8.53,8.55,8.53,8.54,0,0.00%,0
"2026-08-24 14:36",8.55,8.57,8.55,8.57,0.03,+0.35%,0
"2026-08-24 14:37",8.56,8.56,8.56,8.56,-0.01,-0.12%,0
"2026-08-24 14:38",8.54,8.55,8.54,8.55,-0.01,-0.12%,0
"2026-08-24 14:39",8.57,8.61,8.57,8.58,0.03,+0.35%,0
"2026-08-24 14:40",8.57,8.57,8.56,8.56,-0.02,-0.23%,0
"2026-08-24 14:41",8.53,8.56,8.53,8.54,-0.02,-0.23%,0
"2026-08-24 14:42",8.54,8.58,8.54,8.57,0.03,+0.35%,0
"2026-08-24 14:43",8.58,8.6,8.58,8.59,0.02,+0.23%,0
"2026-08-24 14:44",8.58,8.63,8.58,8.62,0.03,+0.35%,0
"2026-08-24 14:45",8.62,8.65,8.62,8.64,0.02,+0.23%,0
"2026-08-24 14:46",8.67,8.71,8.67,8.71,0.07,+0.81%,0
"2026-08-24 14:47",8.69,8.7,8.67,8.67,-0.04,-0.46%,0
"2026-08-24 14:48",8.66,8.69,8.66,8.68,0.01,+0.12%,0
"2026-08-24 14:49",8.68,8.69,8.66,8.67,-0.01,-0.12%,0
"2026-08-24 14:50",8.67,8.67,8.66,8.67,0,0.00%,0
"2026-08-24 14:51",8.67,8.7,8.67,8.7,0.03,+0.35%,0
"2026-08-24 14:52",8.71,8.76,8.71,8.76,0.06,+0.69%,0
"2026-08-24 14:53",8.76,8.77,8.76,8.77,0.01,+0.11%,0
"2026-08-24 14:54",8.79,8.8,8.78,8.78,0.01,+0.11%,0
"2026-08-24 14:55",8.8,8.8,8.79,8.8,0.02,+0.23%,0
"2026-08-24 14:56",8.81,8.83,8.81,8.83,0.03,+0.34%,0
"2026-08-24 14:57",8.83,8.83,8.82,8.82,-0.01,-0.11%,0
"2026-08-24 14:58",8.84,8.84,8.84,8.84,0.02,+0.23%,0
"2026-08-24 14:59",8.84,8.85,8.84,8.85,0.01,+0.11%,0
"2026-08-24 15:00",8.84,8.84,8.8,8.8,-0.05,-0.56%,0
"2026-08-24 15:01",8.82,8.84,8.81,8.81,0.01,+0.11%,0
"2026-08-24 15:02",8.81,8.82,8.81,8.82,0.01,+0.11%,0
"2026-08-24 15:03",8.82,8.85,8.82,8.85,0.03,+0.34%,0
"2026-08-24 15:04",8.84,8.84,8.83,8.84,-0.01,-0.11%,0
"2026-08-24 15:05",8.85,8.86,8.83,8.84,0,0.00%,0
"2026-08-24 15:06",8.83,8.86,8.83,8.86,0.02,+0.23%,0
"2026-08-24 15:07",8.85,8.86,8.84,8.85,-0.01,-0.11%,0
"2026-08-24 15:08",8.85,8.87,8.85,8.87,0.02,+0.23%,0
"2026-08-24 15:09",8.86,8.89,8.86,8.89,0.02,+0.23%,0
"2026-08-24 15:10",8.89,8.89,8.88,8.88,-0.01,-0.11%,0
"2026-08-24 15:11",8.89,8.9,8.87,8.87,-0.01,-0.11%,0
"2026-08-24 15:12",8.85,8.87,8.85,8.85,-0.02,-0.23%,0
"2026-08-24 15:13",8.85,8.86,8.84,8.84,-0.01,-0.11%,0
"2026-08-24 15:14",8.83,8.85,8.83,8.84,0,0.00%,0
"2026-08-24 15:15",8.82,8.85,8.82,8.85,0.01,+0.11%,0
"2026-08-24 15:16",8.85,8.85,8.83,8.85,0,0.00%,0
"2026-08-24 15:17",8.85,8.85,8.84,8.84,-0.01,-0.11%,0
"2026-08-24 15:18",8.83,8.83,8.81,8.81,-0.03,-0.34%,0
"2026-08-24 15:19",8.8,8.81,8.8,8.81,0,0.00%,0
"2026-08-24 15:20",8.82,8.85,8.81,8.81,0,0.00%,0
"2026-08-24 15:21",8.81,8.81,8.79,8.79,-0.02,-0.23%,0
"2026-08-24 15:22",8.8,8.82,8.8,8.82,0.03,+0.34%,0
"2026-08-24 15:23",8.83,8.84,8.82,8.84,0.02,+0.23%,0
"2026-08-24 15:24",8.85,8.85,8.82,8.82,-0.02,-0.23%,0
"2026-08-24 15:25",8.82,8.82,8.81,8.81,-0.01,-0.11%,0
"2026-08-24 15:26",8.81,8.82,8.81,8.82,0.01,+0.11%,0
"2026-08-24 15:27",8.81,8.84,8.81,8.82,0,0.00%,0
"2026-08-24 15:28",8.8,8.81,8.79,8.81,-0.01,-0.11%,0
"2026-08-24 15:29",8.81,8.81,8.8,8.8,-0.01,-0.11%,0
"2026-08-24 15:30",8.82,8.83,8.82,8.82,0.02,+0.23%,0
"2026-08-24 15:31",8.82,8.82,8.8,8.81,-0.01,-0.11%,0
"2026-08-24 15:32",8.81,8.85,8.81,8.85,0.04,+0.45%,0
"2026-08-24 15:33",8.85,8.86,8.85,8.86,0.01,+0.11%,0
"2026-08-24 15:34",8.85,8.86,8.85,8.86,0,0.00%,0
"2026-08-24 15:35",8.88,8.92,8.88,8.88,0.02,+0.23%,0
"2026-08-24 15:36",8.88,8.92,8.88,8.92,0.04,+0.45%,0
"2026-08-24 15:37",8.91,8.91,8.88,8.88,-0.04,-0.45%,0
"2026-08-24 15:38",8.87,8.9,8.87,8.9,0.02,+0.23%,0
"2026-08-24 15:39",8.88,8.9,8.88,8.9,0,0.00%,0
"2026-08-24 15:40",8.93,8.93,8.9,8.9,0,0.00%,0
"2026-08-24 15:41",8.87,8.93,8.87,8.93,0.03,+0.34%,0
"2026-08-24 15:42",8.92,8.94,8.92,8.92,-0.01,-0.11%,0
"2026-08-24 15:43",8.92,8.93,8.84,8.84,-0.08,-0.90%,0
"2026-08-24 15:44",8.85,8.85,8.82,8.82,-0.02,-0.23%,0
"2026-08-24 15:45",8.83,8.85,8.83,8.85,0.03,+0.34%,0
"2026-08-24 15:46",8.88,8.95,8.88,8.95,0.1,+1.13%,0
"2026-08-24 15:47",8.94,8.96,8.92,8.92,-0.03,-0.34%,0
"2026-08-24 15:48",8.87,8.91,8.87,8.9,-0.02,-0.22%,0
"2026-08-24 15:49",8.87,8.91,8.87,8.91,0.01,+0.11%,0
"2026-08-24 15:50",8.91,8.91,8.86,8.86,-0.05,-0.56%,0
"2026-08-24 15:51",8.88,8.94,8.88,8.94,0.08,+0.90%,0
"2026-08-24 15:52",8.94,9,8.94,8.99,0.05,+0.56%,0
"2026-08-24 15:53",9.01,9.05,9.01,9.05,0.06,+0.67%,0
"2026-08-24 15:54",9.06,9.06,8.89,8.89,-0.16,-1.77%,0
"2026-08-24 15:55",8.84,8.86,8.81,8.81,-0.08,-0.90%,0
"2026-08-24 15:56",8.76,8.76,8.6,8.62,-0.19,-2.16%,0
"2026-08-24 15:57",8.65,8.68,8.65,8.66,0.04,+0.46%,0
"2026-08-24 15:58",8.63,8.67,8.61,8.67,0.01,+0.12%,0
"2026-08-24 15:59",8.7,8.8,8.7,8.77,0.1,+1.15%,0
"2026-08-24 16:00",8.82,8.88,8.78,8.78,0.01,+0.11%,0
"2026-08-24 16:01",8.79,8.82,8.79,8.82,0.04,+0.46%,0
"2026-08-24 16:02",8.81,8.86,8.81,8.86,0.04,+0.45%,0
"2026-08-24 16:03",8.84,8.84,8.75,8.75,-0.11,-1.24%,0
"2026-08-24 16:04",8.72,8.72,8.65,8.65,-0.1,-1.14%,0
"2026-08-24 16:05",8.67,8.73,8.67,8.73,0.08,+0.92%,0
"2026-08-24 16:06",8.71,8.73,8.7,8.7,-0.03,-0.34%,0
"2026-08-24 16:07",8.71,8.71,8.68,8.68,-0.02,-0.23%,0
"2026-08-24 16:08",8.7,8.72,8.7,8.72,0.04,+0.46%,0
"2026-08-24 16:09",8.72,8.76,8.72,8.74,0.02,+0.23%,0
"2026-08-24 16:10",8.73,8.78,8.73,8.78,0.04,+0.46%,0
"2026-08-24 16:11",8.78,8.81,8.78,8.8,0.02,+0.23%,0
"2026-08-24 16:12",8.8,8.81,8.78,8.78,-0.02,-0.23%,0
"2026-08-24 16:13",8.8,8.82,8.79,8.79,0.01,+0.11%,0
"2026-08-24 16:14",8.77,8.77,8.66,8.66,-0.13,-1.48%,0
"2026-08-24 16:15",8.71,8.71,8.71,8.71,0.05,+0.58%,0
"2026-08-25 09:31",8.71,8.71,8.71,8.71,0,0.00%,0
"2026-08-25 09:32",8.71,8.71,8.71,8.71,0,0.00%,0
"2026-08-25 09:33",8.71,8.71,8.71,8.71,0,0.00%,0
"2026-08-25 09:34",8.71,8.71,8.71,8.71,0,0.00%,0
"2026-08-25 09:35",8.71,8.71,8.71,8.71,0,0.00%,0
"2026-08-25 09:36",8.71,8.71,8.71,8.71,0,0.00%,0
"2026-08-25 09:37",8.71,8.71,8.71,8.71,0,0.00%,0
"2026-08-25 09:38",8.71,8.71,8.71,8.71,0,0.00%,0
"2026-08-25 09:39",8.71,8.71,8.71,8.71,0,0.00%,0
"2026-08-25 09:40",8.71,8.71,8.71,8.71,0,0.00%,0
"2026-08-25 09:41",8.71,8.71,8.71,8.71,0,0.00%,0
"2026-08-25 09:42",6.66,6.66,6.57,6.57,-2.14,-24.57%,0
"2026-08-25 09:43",6.62,6.66,6.62,6.66,0.09,+1.37%,0
"2026-08-25 09:44",6.6,6.6,6.5,6.5,-0.16,-2.40%,0
"2026-08-25 09:45",6.46,6.54,6.46,6.54,0.04,+0.62%,0
"2026-08-25 09:46",6.56,6.57,6.48,6.48,-0.06,-0.92%,0
"2026-08-25 09:47",6.46,6.46,6.43,6.43,-0.05,-0.77%,0
"2026-08-25 09:48",6.41,6.41,6.37,6.37,-0.06,-0.93%,0
"2026-08-25 09:49",6.41,6.41,6.38,6.38,0.01,+0.16%,0
"2026-08-25 09:50",6.36,6.39,6.36,6.37,-0.01,-0.16%,0
"2026-08-25 09:51",6.42,6.43,6.37,6.37,0,0.00%,0
"2026-08-25 09:52",6.34,6.36,6.32,6.36,-0.01,-0.16%,0
"2026-08-25 09:53",6.33,6.36,6.29,6.29,-0.07,-1.10%,0
"2026-08-25 09:54",6.28,6.31,6.28,6.31,0.02,+0.32%,0
"2026-08-25 09:55",6.32,6.42,6.31,6.42,0.11,+1.74%,0
"2026-08-25 09:56",6.42,6.5,6.41,6.41,-0.01,-0.16%,0
"2026-08-25 09:57",6.4,6.43,6.4,6.43,0.02,+0.31%,0
"2026-08-25 09:58",6.44,6.46,6.44,6.46,0.03,+0.47%,0
"2026-08-25 09:59",6.41,6.43,6.4,6.4,-0.06,-0.93%,0
"2026-08-25 10:00",6.38,6.44,6.38,6.41,0.01,+0.16%,0
"2026-08-25 10:01",6.43,6.48,6.43,6.44,0.03,+0.47%,0
"2026-08-25 10:02",6.44,6.46,6.42,6.46,0.02,+0.31%,0
"2026-08-25 10:03",6.52,6.53,6.48,6.48,0.02,+0.31%,0
"2026-08-25 10:04",6.52,6.59,6.52,6.59,0.11,+1.70%,0
"2026-08-25 10:05",6.52,6.52,6.44,6.44,-0.15,-2.28%,0
"2026-08-25 10:06",6.44,6.47,6.43,6.43,-0.01,-0.16%,0
"2026-08-25 10:07",6.47,6.5,6.45,6.5,0.07,+1.09%,0
"2026-08-25 10:08",6.48,6.48,6.46,6.48,-0.02,-0.31%,0
"2026-08-25 10:09",6.44,6.45,6.43,6.43,-0.05,-0.77%,0
"2026-08-25 10:10",6.39,6.39,6.35,6.37,-0.06,-0.93%,0
"2026-08-25 10:11",6.37,6.4,6.37,6.4,0.03,+0.47%,0
"2026-08-25 10:12",6.43,6.43,6.38,6.38,-0.02,-0.31%,0
"2026-08-25 10:13",6.35,6.41,6.33,6.41,0.03,+0.47%,0
"2026-08-25 10:14",6.37,6.44,6.37,6.44,0.03,+0.47%,0
"2026-08-25 10:15",6.4,6.42,6.38,6.38,-0.06,-0.93%,0
"2026-08-25 10:16",6.35,6.37,6.35,6.37,-0.01,-0.16%,0
"2026-08-25 10:17",6.38,6.41,6.38,6.38,0.01,+0.16%,0
"2026-08-25 10:18",6.38,6.38,6.33,6.33,-0.05,-0.78%,0
"2026-08-25 10:19",6.32,6.34,6.31,6.34,0.01,+0.16%,0
"2026-08-25 10:20",6.38,6.39,6.38,6.39,0.05,+0.79%,0
"2026-08-25 10:21",6.36,6.43,6.36,6.43,0.04,+0.63%,0
"2026-08-25 10:22",6.42,6.45,6.41,6.42,-0.01,-0.16%,0
"2026-08-25 10:23",6.46,6.5,6.46,6.49,0.07,+1.09%,0
"2026-08-25 10:24",6.49,6.54,6.47,6.47,-0.02,-0.31%,0
"2026-08-25 10:25",6.45,6.45,6.4,6.41,-0.06,-0.93%,0
"2026-08-25 10:26",6.43,6.48,6.43,6.45,0.04,+0.62%,0
"2026-08-25 10:27",6.43,6.46,6.43,6.45,0,0.00%,0
"2026-08-25 10:28",6.46,6.47,6.46,6.47,0.02,+0.31%,0
"2026-08-25 10:29",6.5,6.54,6.5,6.54,0.07,+1.08%,0
"2026-08-25 10:30",6.53,7.66,6.53,7.05,0.51,+7.80%,0
"2026-08-25 10:31",6.97,6.97,6.77,6.77,-0.28,-3.97%,0
"2026-08-25 10:32",6.73,6.73,6.7,6.73,-0.04,-0.59%,0
"2026-08-25 10:33",6.8,6.81,6.72,6.72,-0.01,-0.15%,0
"2026-08-25 10:34",6.7,6.87,6.7,6.87,0.15,+2.23%,0
"2026-08-25 10:35",6.95,6.95,6.83,6.83,-0.04,-0.58%,0
"2026-08-25 10:36",6.85,6.85,6.71,6.71,-0.12,-1.76%,0
"2026-08-25 10:37",6.69,6.7,6.69,6.69,-0.02,-0.30%,0
"2026-08-25 10:38",6.7,6.74,6.69,6.69,0,0.00%,0
"2026-08-25 10:39",6.68,6.68,6.64,6.65,-0.04,-0.60%,0
"2026-08-25 10:40",6.64,6.72,6.64,6.72,0.07,+1.05%,0
"2026-08-25 10:41",6.74,6.83,6.74,6.83,0.11,+1.64%,0
"2026-08-25 10:42",6.81,6.86,6.8,6.86,0.03,+0.44%,0
"2026-08-25 10:43",6.91,6.94,6.9,6.94,0.08,+1.17%,0
"2026-08-25 10:44",6.92,6.92,6.88,6.9,-0.04,-0.58%,0
"2026-08-25 10:45",6.85,6.89,6.85,6.89,-0.01,-0.14%,0
"2026-08-25 10:46",6.86,6.86,6.79,6.82,-0.07,-1.02%,0
"2026-08-25 10:47",6.81,6.81,6.79,6.79,-0.03,-0.44%,0
"2026-08-25 10:48",6.8,6.83,6.8,6.8,0.01,+0.15%,0
"2026-08-25 10:49",6.81,6.82,6.79,6.79,-0.01,-0.15%,0
"2026-08-25 10:50",6.82,6.84,6.8,6.8,0.01,+0.15%,0
"2026-08-25 10:51",6.79,6.8,6.75,6.75,-0.05,-0.74%,0
"2026-08-25 10:52",6.75,6.78,6.75,6.75,0,0.00%,0
"2026-08-25 10:53",6.74,6.74,6.73,6.73,-0.02,-0.30%,0
"2026-08-25 10:54",6.75,6.78,6.75,6.77,0.04,+0.59%,0
"2026-08-25 10:55",6.76,6.81,6.76,6.79,0.02,+0.30%,0
"2026-08-25 10:56",6.78,6.81,6.78,6.81,0.02,+0.29%,0
"2026-08-25 10:57",6.78,6.79,6.74,6.74,-0.07,-1.03%,0
"2026-08-25 10:58",6.73,6.77,6.73,6.75,0.01,+0.15%,0
"2026-08-25 10:59",6.76,6.77,6.75,6.77,0.02,+0.30%,0
"2026-08-25 11:00",6.77,6.81,6.76,6.81,0.04,+0.59%,0
"2026-08-25 11:01",6.79,6.79,6.76,6.76,-0.05,-0.73%,0
"2026-08-25 11:02",6.79,6.79,6.75,6.75,-0.01,-0.15%,0
"2026-08-25 11:03",6.74,6.78,6.74,6.76,0.01,+0.15%,0
"2026-08-25 11:04",6.78,6.78,6.75,6.78,0.02,+0.30%,0
"2026-08-25 11:05",6.76,6.78,6.76,6.77,-0.01,-0.15%,0
"2026-08-25 11:06",6.75,6.79,6.75,6.79,0.02,+0.30%,0
"2026-08-25 11:07",6.79,6.79,6.78,6.79,0,0.00%,0
"2026-08-25 11:08",6.79,6.8,6.78,6.78,-0.01,-0.15%,0
"2026-08-25 11:09",6.77,6.78,6.77,6.77,-0.01,-0.15%,0
"2026-08-25 11:10",6.77,6.79,6.77,6.78,0.01,+0.15%,0
"2026-08-25 11:11",6.78,6.78,6.75,6.75,-0.03,-0.44%,0
"2026-08-25 11:12",6.72,6.77,6.72,6.77,0.02,+0.30%,0
"2026-08-25 11:13",6.79,6.81,6.79,6.81,0.04,+0.59%,0
"2026-08-25 11:14",6.87,6.87,6.82,6.82,0.01,+0.15%,0
"2026-08-25 11:15",6.81,6.84,6.81,6.82,0,0.00%,0
"2026-08-25 11:16",6.8,6.84,6.8,6.83,0.01,+0.15%,0
"2026-08-25 11:17",6.82,6.83,6.82,6.82,-0.01,-0.15%,0
"2026-08-25 11:18",6.81,6.82,6.8,6.8,-0.02,-0.29%,0
"2026-08-25 11:19",6.81,6.83,6.81,6.82,0.02,+0.29%,0
"2026-08-25 11:20",6.81,6.81,6.77,6.77,-0.05,-0.73%,0
"2026-08-25 11:21",6.75,6.77,6.75,6.75,-0.02,-0.30%,0
"2026-08-25 11:22",6.74,6.74,6.74,6.74,-0.01,-0.15%,0
"2026-08-25 11:23",6.74,6.82,6.74,6.82,0.08,+1.19%,0
"2026-08-25 11:24",6.82,6.82,6.8,6.81,-0.01,-0.15%,0
"2026-08-25 11:25",6.81,6.81,6.78,6.78,-0.03,-0.44%,0
"2026-08-25 11:26",6.78,6.79,6.76,6.76,-0.02,-0.29%,0
"2026-08-25 11:27",6.76,6.78,6.73,6.73,-0.03,-0.44%,0
"2026-08-25 11:28",6.73,6.73,6.72,6.72,-0.01,-0.15%,0
"2026-08-25 11:29",6.72,6.73,6.71,6.72,0,0.00%,0
"2026-08-25 11:30",6.72,6.72,6.7,6.7,-0.02,-0.30%,0
"2026-08-25 11:31",6.7,6.72,6.7,6.71,0.01,+0.15%,0
"2026-08-25 11:32",6.7,6.71,6.7,6.71,0,0.00%,0
"2026-08-25 11:33",6.69,6.7,6.69,6.69,-0.02,-0.30%,0
"2026-08-25 11:34",6.71,6.77,6.71,6.73,0.04,+0.60%,0
"2026-08-25 11:35",6.68,6.71,6.67,6.7,-0.03,-0.45%,0
"2026-08-25 11:36",6.69,6.71,6.69,6.71,0.01,+0.15%,0
"2026-08-25 11:37",6.71,6.73,6.71,6.72,0.01,+0.15%,0
"2026-08-25 11:38",6.72,6.74,6.72,6.72,0,0.00%,0
"2026-08-25 11:39",6.73,6.75,6.73,6.74,0.02,+0.30%,0
"2026-08-25 11:40",6.74,6.77,6.74,6.77,0.03,+0.45%,0
"2026-08-25 11:41",6.75,6.79,6.75,6.79,0.02,+0.30%,0
"2026-08-25 11:42",6.78,6.79,6.78,6.78,-0.01,-0.15%,0
"2026-08-25 11:43",6.77,6.79,6.77,6.77,-0.01,-0.15%,0
"2026-08-25 11:44",6.75,6.75,6.75,6.75,-0.02,-0.30%,0
"2026-08-25 11:45",6.74,6.77,6.74,6.77,0.02,+0.30%,0
"2026-08-25 11:46",6.77,6.79,6.77,6.78,0.01,+0.15%,0
"2026-08-25 11:47",6.77,6.79,6.77,6.78,0,0.00%,0
"2026-08-25 11:48",6.78,6.86,6.78,6.85,0.07,+1.03%,0
"2026-08-25 11:49",6.86,6.89,6.86,6.89,0.04,+0.58%,0
"2026-08-25 11:50",6.84,6.86,6.82,6.82,-0.07,-1.02%,0
"2026-08-25 11:51",6.8,6.82,6.8,6.81,-0.01,-0.15%,0
"2026-08-25 11:52",6.79,6.8,6.76,6.76,-0.05,-0.73%,0
"2026-08-25 11:53",6.77,6.77,6.74,6.75,-0.01,-0.15%,0
"2026-08-25 11:54",6.76,6.81,6.76,6.81,0.06,+0.89%,0
"2026-08-25 11:55",6.82,6.84,6.82,6.84,0.03,+0.44%,0
"2026-08-25 11:56",6.82,6.85,6.82,6.83,-0.01,-0.15%,0
"2026-08-25 11:57",6.83,6.83,6.83,6.83,0,0.00%,0
"2026-08-25 11:58",6.82,6.83,6.82,6.82,-0.01,-0.15%,0
"2026-08-25 11:59",6.83,6.88,6.83,6.88,0.06,+0.88%,0
"2026-08-25 12:00",6.91,6.93,6.9,6.9,0.02,+0.29%,0
"2026-08-25 12:01",6.9,6.91,6.9,6.91,0.01,+0.14%,0
"2026-08-25 12:02",6.9,6.92,6.9,6.91,0,0.00%,0
"2026-08-25 12:03",6.93,6.98,6.93,6.98,0.07,+1.01%,0
"2026-08-25 12:04",6.96,6.96,6.93,6.93,-0.05,-0.72%,0
"2026-08-25 12:05",6.93,6.94,6.92,6.92,-0.01,-0.14%,0
"2026-08-25 12:06",6.92,6.94,6.92,6.94,0.02,+0.29%,0
"2026-08-25 12:07",6.94,6.96,6.94,6.95,0.01,+0.14%,0
"2026-08-25 12:08",6.95,6.98,6.95,6.98,0.03,+0.43%,0
"2026-08-25 12:09",6.98,7,6.98,6.99,0.01,+0.14%,0
"2026-08-25 12:10",6.99,7,6.97,6.97,-0.02,-0.29%,0
"2026-08-25 12:11",6.98,7,6.98,6.99,0.02,+0.29%,0
"2026-08-25 12:12",6.99,7,6.99,6.99,0,0.00%,0
"2026-08-25 12:13",6.97,6.98,6.97,6.98,-0.01,-0.14%,0
"2026-08-25 12:14",6.97,6.99,6.97,6.99,0.01,+0.14%,0
"2026-08-25 12:15",6.99,7.01,6.99,7,0.01,+0.14%,0
"2026-08-25 12:16",7,7.02,7,7.01,0.01,+0.14%,0
"2026-08-25 12:17",7.02,7.04,7.02,7.04,0.03,+0.43%,0
"2026-08-25 12:18",7.04,7.05,7.03,7.03,-0.01,-0.14%,0
"2026-08-25 12:19",7.03,7.04,7.03,7.04,0.01,+0.14%,0
"2026-08-25 12:20",7.04,7.05,7.04,7.04,0,0.00%,0
"2026-08-25 12:21",7.03,7.05,7.03,7.04,0,0.00%,0
"2026-08-25 12:22",7.04,7.05,7.04,7.04,0,0.00%,0
"2026-08-25 12:23",7.03,7.04,7.03,7.03,-0.01,-0.14%,0
"2026-08-25 12:24",7.03,7.04,7.03,7.03,0,0.00%,0
"2026-08-25 12:25",7.02,7.03,7.02,7.03,0,0.00%,0
"2026-08-25 12:26",7.03,7.04,7.03,7.04,0.01,+0.14%,0
"2026-08-25 12:27",7.04,7.05,7.04,7.05,0.01,+0.14%,0
"2026-08-25 12:28",7.04,7.08,7.04,7.08,0.03,+0.43%,0
"2026-08-25 12:29",7.07,7.07,7.07,7.07,-0.01,-0.14%,0
"2026-08-25 12:30",7.06,7.07,7.06,7.06,-0.01,-0.14%,0
"2026-08-25 12:31",7.06,7.08,7.06,7.07,0.01,+0.14%,0
"2026-08-25 12:32",7.06,7.06,7.06,7.06,-0.01,-0.14%,0
"2026-08-25 12:33",7.05,7.07,7.05,7.06,0,0.00%,0
"2026-08-25 12:34",7.06,7.06,7.05,7.05,-0.01,-0.14%,0
"2026-08-25 12:35",7.05,7.07,7.05,7.06,0.01,+0.14%,0
"2026-08-25 12:36",7.03,7.05,7.03,7.05,-0.01,-0.14%,0
"2026-08-25 12:37",7.04,7.04,7.01,7.01,-0.04,-0.57%,0
"2026-08-25 12:38",7.01,7.03,7.01,7.03,0.02,+0.29%,0
"2026-08-25 12:39",7.04,7.05,7.03,7.03,0,0.00%,0
"2026-08-25 12:40",7.03,7.04,7.02,7.02,-0.01,-0.14%,0
"2026-08-25 12:41",7.02,7.04,7.02,7.03,0.01,+0.14%,0
"2026-08-25 12:42",7.03,7.04,7.03,7.03,0,0.00%,0
"2026-08-25 12:43",7.03,7.07,7.03,7.07,0.04,+0.57%,0
"2026-08-25 12:44",7.07,7.09,7.07,7.08,0.01,+0.14%,0
"2026-08-25 12:45",7.08,7.1,7.08,7.1,0.02,+0.28%,0
"2026-08-25 12:46",7.11,7.12,7.11,7.12,0.02,+0.28%,0
"2026-08-25 12:47",7.11,7.14,7.11,7.12,0,0.00%,0
"2026-08-25 12:48",7.14,7.17,7.14,7.15,0.03,+0.42%,0
"2026-08-25 12:49",7.15,7.16,7.15,7.15,0,0.00%,0
"2026-08-25 12:50",7.14,7.15,7.14,7.14,-0.01,-0.14%,0
"2026-08-25 12:51",7.15,7.17,7.15,7.17,0.03,+0.42%,0
"2026-08-25 12:52",7.15,7.15,7.15,7.15,-0.02,-0.28%,0
"2026-08-25 12:53",7.13,7.14,7.13,7.13,-0.02,-0.28%,0
"2026-08-25 12:54",7.13,7.16,7.13,7.15,0.02,+0.28%,0
"2026-08-25 12:55",7.14,7.15,7.14,7.15,0,0.00%,0
"2026-08-25 12:56",7.15,7.15,7.13,7.13,-0.02,-0.28%,0
"2026-08-25 12:57",7.12,7.14,7.12,7.12,-0.01,-0.14%,0
"2026-08-25 12:58",7.14,7.16,7.14,7.15,0.03,+0.42%,0
"2026-08-25 12:59",7.13,7.15,7.13,7.15,0,0.00%,0
"2026-08-25 13:00",7.14,7.14,7.11,7.11,-0.04,-0.56%,0
"2026-08-25 13:01",7.11,7.11,7.1,7.1,-0.01,-0.14%,0
"2026-08-25 13:02",7.1,7.13,7.1,7.13,0.03,+0.42%,0
"2026-08-25 13:03",7.14,7.15,7.14,7.15,0.02,+0.28%,0
"2026-08-25 13:04",7.14,7.17,7.14,7.16,0.01,+0.14%,0
"2026-08-25 13:05",7.17,7.19,7.17,7.18,0.02,+0.28%,0
"2026-08-25 13:06",7.19,7.22,7.19,7.21,0.03,+0.42%,0
"2026-08-25 13:07",7.21,7.24,7.21,7.23,0.02,+0.28%,0
"2026-08-25 13:08",7.24,7.36,7.24,7.36,0.13,+1.80%,0
"2026-08-25 13:09",7.32,7.34,7.32,7.34,-0.02,-0.27%,0
"2026-08-25 13:10",7.31,7.34,7.31,7.32,-0.02,-0.27%,0
"2026-08-25 13:11",7.32,7.35,7.32,7.32,0,0.00%,0
"2026-08-25 13:12",7.31,7.32,7.3,7.3,-0.02,-0.27%,0
"2026-08-25 13:13",7.3,7.32,7.3,7.3,0,0.00%,0
"2026-08-25 13:14",7.3,7.31,7.3,7.31,0.01,+0.14%,0
"2026-08-25 13:15",7.31,7.33,7.31,7.32,0.01,+0.14%,0
"2026-08-25 13:16",7.3,7.31,7.29,7.31,-0.01,-0.14%,0
"2026-08-25 13:17",7.32,7.34,7.32,7.32,0.01,+0.14%,0
"2026-08-25 13:18",7.31,7.32,7.31,7.32,0,0.00%,0
"2026-08-25 13:19",7.32,7.33,7.31,7.31,-0.01,-0.14%,0
"2026-08-25 13:20",7.31,7.34,7.31,7.33,0.02,+0.27%,0
"2026-08-25 13:21",7.33,7.37,7.33,7.37,0.04,+0.55%,0
"2026-08-25 13:22",7.34,7.35,7.34,7.35,-0.02,-0.27%,0
"2026-08-25 13:23",7.34,7.35,7.34,7.35,0,0.00%,0
"2026-08-25 13:24",7.37,7.41,7.37,7.41,0.06,+0.82%,0
"2026-08-25 13:25",7.41,7.45,7.41,7.45,0.04,+0.54%,0
"2026-08-25 13:26",7.47,7.5,7.47,7.5,0.05,+0.67%,0
"2026-08-25 13:27",7.49,7.49,7.48,7.48,-0.02,-0.27%,0
"2026-08-25 13:28",7.48,7.54,7.48,7.53,0.05,+0.67%,0
"2026-08-25 13:29",7.48,7.49,7.48,7.49,-0.04,-0.53%,0
"2026-08-25 13:30",7.49,7.49,7.47,7.49,0,0.00%,0
"2026-08-25 13:31",7.49,7.49,7.45,7.45,-0.04,-0.53%,0
"2026-08-25 13:32",7.41,7.41,7.4,7.4,-0.05,-0.67%,0
"2026-08-25 13:33",7.4,7.42,7.39,7.39,-0.01,-0.14%,0
"2026-08-25 13:34",7.37,7.41,7.37,7.4,0.01,+0.14%,0
"2026-08-25 13:35",7.41,7.44,7.41,7.44,0.04,+0.54%,0
"2026-08-25 13:36",7.45,7.46,7.45,7.45,0.01,+0.13%,0
"2026-08-25 13:37",7.44,7.46,7.44,7.45,0,0.00%,0
"2026-08-25 13:38",7.44,7.46,7.44,7.44,-0.01,-0.13%,0
"2026-08-25 13:39",7.43,7.44,7.43,7.44,0,0.00%,0
"2026-08-25 13:40",7.45,7.46,7.45,7.45,0.01,+0.13%,0
"2026-08-25 13:41",7.46,7.47,7.46,7.46,0.01,+0.13%,0
"2026-08-25 13:42",7.43,7.45,7.43,7.45,-0.01,-0.13%,0
"2026-08-25 13:43",7.46,7.46,7.45,7.45,0,0.00%,0
"2026-08-25 13:44",7.45,7.47,7.45,7.47,0.02,+0.27%,0
"2026-08-25 13:45",7.47,7.47,7.46,7.46,-0.01,-0.13%,0
"2026-08-25 13:46",7.46,7.48,7.46,7.48,0.02,+0.27%,0
"2026-08-25 13:47",7.47,7.48,7.47,7.47,-0.01,-0.13%,0
"2026-08-25 13:48",7.46,7.48,7.46,7.48,0.01,+0.13%,0
"2026-08-25 13:49",7.48,7.5,7.48,7.5,0.02,+0.27%,0
"2026-08-25 13:50",7.5,7.53,7.5,7.52,0.02,+0.27%,0
"2026-08-25 13:51",7.51,7.52,7.51,7.52,0,0.00%,0
"2026-08-25 13:52",7.51,7.51,7.5,7.5,-0.02,-0.27%,0
"2026-08-25 13:53",7.5,7.5,7.46,7.49,-0.01,-0.13%,0
"2026-08-25 13:54",7.48,7.5,7.46,7.46,-0.03,-0.40%,0
"2026-08-25 13:55",7.48,7.49,7.48,7.49,0.03,+0.40%,0
"2026-08-25 13:56",7.49,7.51,7.49,7.51,0.02,+0.27%,0
"2026-08-25 13:57",7.51,7.52,7.51,7.52,0.01,+0.13%,0
"2026-08-25 13:58",7.5,7.53,7.5,7.53,0.01,+0.13%,0
"2026-08-25 13:59",7.53,7.54,7.53,7.54,0.01,+0.13%,0
"2026-08-25 14:00",7.55,7.57,7.55,7.56,0.02,+0.27%,0
"2026-08-25 14:01",7.56,7.59,7.56,7.59,0.03,+0.40%,0
"2026-08-25 14:02",7.59,7.61,7.59,7.61,0.02,+0.26%,0
"2026-08-25 14:03",7.61,7.62,7.61,7.62,0.01,+0.13%,0
"2026-08-25 14:04",7.63,7.66,7.63,7.66,0.04,+0.52%,0
"2026-08-25 14:05",7.65,7.66,7.65,7.66,0,0.00%,0
"2026-08-25 14:06",7.65,7.65,7.63,7.63,-0.03,-0.39%,0
"2026-08-25 14:07",7.64,7.66,7.64,7.66,0.03,+0.39%,0
"2026-08-25 14:08",7.66,7.68,7.66,7.68,0.02,+0.26%,0
"2026-08-25 14:09",7.68,7.69,7.68,7.69,0.01,+0.13%,0
"2026-08-25 14:10",7.68,7.69,7.68,7.69,0,0.00%,0
"2026-08-25 14:11",7.68,7.68,7.68,7.68,-0.01,-0.13%,0
"2026-08-25 14:12",7.67,7.68,7.67,7.67,-0.01,-0.13%,0
"2026-08-25 14:13",7.66,7.68,7.66,7.68,0.01,+0.13%,0
"2026-08-25 14:14",7.67,7.7,7.67,7.7,0.02,+0.26%,0
"2026-08-25 14:15",7.72,7.73,7.71,7.71,0.01,+0.13%,0
"2026-08-25 14:16",7.72,7.76,7.72,7.76,0.05,+0.65%,0
"2026-08-25 14:17",7.75,7.77,7.75,7.76,0,0.00%,0
"2026-08-25 14:18",7.75,7.76,7.75,7.76,0,0.00%,0
"2026-08-25 14:19",7.76,7.77,7.76,7.77,0.01,+0.13%,0
"2026-08-25 14:20",7.76,7.76,7.71,7.71,-0.06,-0.77%,0
"2026-08-25 14:21",7.7,7.7,7.69,7.69,-0.02,-0.26%,0
"2026-08-25 14:22",7.67,7.67,7.66,7.66,-0.03,-0.39%,0
"2026-08-25 14:23",7.65,7.67,7.65,7.66,0,0.00%,0
"2026-08-25 14:24",7.66,7.67,7.66,7.67,0.01,+0.13%,0
"2026-08-25 14:25",7.67,7.69,7.67,7.69,0.02,+0.26%,0
"2026-08-25 14:26",7.69,7.7,7.67,7.67,-0.02,-0.26%,0
"2026-08-25 14:27",7.65,7.67,7.65,7.66,-0.01,-0.13%,0
"2026-08-25 14:28",7.67,7.68,7.67,7.68,0.02,+0.26%,0
"2026-08-25 14:29",7.67,7.68,7.67,7.67,-0.01,-0.13%,0
"2026-08-25 14:30",7.67,7.68,7.65,7.65,-0.02,-0.26%,0
"2026-08-25 14:31",7.62,7.65,7.62,7.65,0,0.00%,0
"2026-08-25 14:32",7.65,7.66,7.64,7.64,-0.01,-0.13%,0
"2026-08-25 14:33",7.64,7.66,7.64,7.66,0.02,+0.26%,0
"2026-08-25 14:34",7.68,7.74,7.68,7.74,0.08,+1.04%,0
"2026-08-25 14:35",7.74,7.76,7.74,7.75,0.01,+0.13%,0
"2026-08-25 14:36",7.75,7.77,7.75,7.77,0.02,+0.26%,0
"2026-08-25 14:37",7.77,7.78,7.77,7.78,0.01,+0.13%,0
"2026-08-25 14:38",7.78,7.79,7.77,7.77,-0.01,-0.13%,0
"2026-08-25 14:39",7.78,7.8,7.78,7.79,0.02,+0.26%,0
"2026-08-25 14:40",7.8,7.8,7.8,7.8,0.01,+0.13%,0
"2026-08-25 14:41",7.8,7.81,7.8,7.81,0.01,+0.13%,0
"2026-08-25 14:42",7.81,7.83,7.81,7.83,0.02,+0.26%,0
"2026-08-25 14:43",7.82,7.85,7.82,7.85,0.02,+0.26%,0
"2026-08-25 14:44",7.85,7.86,7.85,7.86,0.01,+0.13%,0
"2026-08-25 14:45",7.86,7.87,7.86,7.87,0.01,+0.13%,0
"2026-08-25 14:46",7.88,7.94,7.88,7.94,0.07,+0.89%,0
"2026-08-25 14:47",7.93,7.94,7.93,7.93,-0.01,-0.13%,0
"2026-08-25 14:48",7.94,7.97,7.94,7.97,0.04,+0.50%,0
"2026-08-25 14:49",7.96,7.99,7.96,7.99,0.02,+0.25%,0
"2026-08-25 14:50",7.99,8,7.98,7.98,-0.01,-0.13%,0
"2026-08-25 14:51",7.95,7.96,7.95,7.96,-0.02,-0.25%,0
"2026-08-25 14:52",7.95,7.96,7.95,7.96,0,0.00%,0
"2026-08-25 14:53",7.96,7.98,7.96,7.98,0.02,+0.25%,0
"2026-08-25 14:54",7.98,7.99,7.98,7.98,0,0.00%,0
"2026-08-25 14:55",7.98,7.99,7.95,7.95,-0.03,-0.38%,0
"2026-08-25 14:56",7.96,7.97,7.95,7.95,0,0.00%,0
"2026-08-25 14:57",7.95,7.96,7.95,7.96,0.01,+0.13%,0
"2026-08-25 14:58",7.96,7.97,7.95,7.97,0.01,+0.13%,0
"2026-08-25 14:59",7.97,8,7.97,8,0.03,+0.38%,0
"2026-08-25 15:00",8.01,8.01,7.98,7.98,-0.02,-0.25%,0
"2026-08-25 15:01",7.99,8.01,7.99,8,0.02,+0.25%,0
"2026-08-25 15:02",7.99,8.01,7.99,7.99,-0.01,-0.13%,0
"2026-08-25 15:03",8,8.01,8,8,0.01,+0.13%,0
"2026-08-25 15:04",8.01,8.01,8,8,0,0.00%,0
"2026-08-25 15:05",8,8.01,7.98,8,0,0.00%,0
"2026-08-25 15:06",8,8.03,8,8.03,0.03,+0.38%,0
"2026-08-25 15:07",8.03,8.04,8.03,8.04,0.01,+0.12%,0
"2026-08-25 15:08",8.04,8.05,8.02,8.02,-0.02,-0.25%,0
"2026-08-25 15:09",8.02,8.03,8.01,8.01,-0.01,-0.12%,0
"2026-08-25 15:10",8.03,8.04,8.03,8.04,0.03,+0.37%,0
"2026-08-25 15:11",8.03,8.04,8.02,8.04,0,0.00%,0
"2026-08-25 15:12",8.04,8.05,8.02,8.04,0,0.00%,0
"2026-08-25 15:13",8.04,8.06,8.04,8.06,0.02,+0.25%,0
"2026-08-25 15:14",8.08,8.11,8.08,8.11,0.05,+0.62%,0
"2026-08-25 15:15",8.11,8.12,8.1,8.1,-0.01,-0.12%,0
"2026-08-25 15:16",8.11,8.12,8.1,8.1,0,0.00%,0
"2026-08-25 15:17",8.11,8.14,8.11,8.11,0.01,+0.12%,0
"2026-08-25 15:18",8.13,8.13,8.12,8.13,0.02,+0.25%,0
"2026-08-25 15:19",8.15,8.15,8.12,8.12,-0.01,-0.12%,0
"2026-08-25 15:20",8.13,8.18,8.13,8.17,0.05,+0.62%,0
"2026-08-25 15:21",8.18,8.2,8.18,8.2,0.03,+0.37%,0
"2026-08-25 15:22",8.21,8.21,8.16,8.16,-0.04,-0.49%,0
"2026-08-25 15:23",8.16,8.16,8.15,8.16,0,0.00%,0
"2026-08-25 15:24",8.14,8.14,8.14,8.14,-0.02,-0.25%,0
"2026-08-25 15:25",8.13,8.15,8.12,8.12,-0.02,-0.25%,0
"2026-08-25 15:26",8.1,8.12,8.1,8.11,-0.01,-0.12%,0
"2026-08-25 15:27",8.11,8.13,8.11,8.13,0.02,+0.25%,0
"2026-08-25 15:28",8.12,8.13,8.12,8.12,-0.01,-0.12%,0
"2026-08-25 15:29",8.12,8.13,8.12,8.12,0,0.00%,0
"2026-08-25 15:30",8.12,8.13,8.11,8.11,-0.01,-0.12%,0
"2026-08-25 15:31",8.12,8.13,8.11,8.11,0,0.00%,0
"2026-08-25 15:32",8.11,8.14,8.11,8.12,0.01,+0.12%,0
"2026-08-25 15:33",8.11,8.11,8.07,8.09,-0.03,-0.37%,0
"2026-08-25 15:34",8.1,8.11,8.1,8.11,0.02,+0.25%,0
"2026-08-25 15:35",8.09,8.15,8.09,8.15,0.04,+0.49%,0
"2026-08-25 15:36",8.14,8.15,8.13,8.15,0,0.00%,0
"2026-08-25 15:37",8.15,8.17,8.15,8.17,0.02,+0.25%,0
"2026-08-25 15:38",8.17,8.19,8.17,8.19,0.02,+0.24%,0
"2026-08-25 15:39",8.19,8.23,8.19,8.23,0.04,+0.49%,0
"2026-08-25 15:40",8.22,8.22,8.15,8.15,-0.08,-0.97%,0
"2026-08-25 15:41",8.16,8.16,8.13,8.13,-0.02,-0.25%,0
"2026-08-25 15:42",8.11,8.11,8.09,8.09,-0.04,-0.49%,0
"2026-08-25 15:43",8.1,8.11,8.1,8.11,0.02,+0.25%,0
"2026-08-25 15:44",8.12,8.17,8.12,8.17,0.06,+0.74%,0
"2026-08-25 15:45",8.17,8.19,8.17,8.19,0.02,+0.24%,0
"2026-08-25 15:46",8.19,8.2,8.19,8.19,0,0.00%,0
"2026-08-25 15:47",8.2,8.22,8.2,8.21,0.02,+0.24%,0
"2026-08-25 15:48",8.21,8.23,8.21,8.22,0.01,+0.12%,0
"2026-08-25 15:49",8.22,8.28,8.22,8.28,0.06,+0.73%,0
"2026-08-25 15:50",8.27,8.29,8.26,8.26,-0.02,-0.24%,0
"2026-08-25 15:51",8.27,8.29,8.27,8.27,0.01,+0.12%,0
"2026-08-25 15:52",8.22,8.22,8.21,8.21,-0.06,-0.73%,0
"2026-08-25 15:53",8.21,8.22,8.21,8.21,0,0.00%,0
"2026-08-25 15:54",8.24,8.24,8.21,8.24,0.03,+0.37%,0
"2026-08-25 15:55",8.22,8.24,8.21,8.21,-0.03,-0.36%,0
"2026-08-25 15:56",8.21,8.25,8.21,8.25,0.04,+0.49%,0
"2026-08-25 15:57",8.27,8.31,8.27,8.31,0.06,+0.73%,0
"2026-08-25 15:58",8.31,8.4,8.31,8.4,0.09,+1.08%,0
"2026-08-25 15:59",8.4,8.44,8.26,8.26,-0.14,-1.67%,0
"2026-08-25 16:00",8.24,8.3,8.24,8.3,0.04,+0.48%,0
"2026-08-25 16:01",8.28,8.31,8.26,8.26,-0.04,-0.48%,0
"2026-08-25 16:02",8.29,8.29,8.21,8.21,-0.05,-0.61%,0
"2026-08-25 16:03",8.22,8.24,8.22,8.23,0.02,+0.24%,0
"2026-08-25 16:04",8.22,8.25,8.22,8.25,0.02,+0.24%,0
"2026-08-25 16:05",8.25,8.28,8.24,8.24,-0.01,-0.12%,0
"2026-08-25 16:06",8.25,8.35,8.25,8.35,0.11,+1.33%,0
"2026-08-25 16:07",8.35,8.36,8.35,8.36,0.01,+0.12%,0
"2026-08-25 16:08",8.37,8.41,8.37,8.4,0.04,+0.48%,0
"2026-08-25 16:09",8.4,8.44,8.4,8.44,0.04,+0.48%,0
"2026-08-25 16:10",8.45,8.48,8.45,8.47,0.03,+0.36%,0
"2026-08-25 16:11",8.47,8.49,8.47,8.49,0.02,+0.24%,0
"2026-08-25 16:12",8.55,8.57,8.51,8.51,0.02,+0.24%,0
"2026-08-25 16:13",8.49,8.5,8.46,8.46,-0.05,-0.59%,0
"2026-08-25 16:14",8.43,8.44,8.43,8.43,-0.03,-0.35%,0
"2026-08-25 16:15",8.41,8.41,8.41,8.41,-0.02,-0.24%,0
"2026-08-26 09:31",6.87,6.87,6.77,6.81,-1.6,-19.02%,0
"2026-08-26 09:32",6.89,6.9,6.78,6.78,-0.03,-0.44%,0
"2026-08-26 09:33",6.77,6.77,6.68,6.68,-0.1,-1.47%,0
"2026-08-26 09:34",6.68,6.8,6.68,6.78,0.1,+1.50%,0
"2026-08-26 09:35",6.74,6.87,6.74,6.87,0.09,+1.33%,0
"2026-08-26 09:36",6.87,6.88,6.82,6.82,-0.05,-0.73%,0
"2026-08-26 09:37",6.79,6.81,6.77,6.77,-0.05,-0.73%,0
"2026-08-26 09:38",6.76,6.83,6.76,6.81,0.04,+0.59%,0
"2026-08-26 09:39",6.78,6.82,6.78,6.78,-0.03,-0.44%,0
"2026-08-26 09:40",6.75,6.77,6.74,6.74,-0.04,-0.59%,0
"2026-08-26 09:41",6.74,6.76,6.74,6.76,0.02,+0.30%,0
"2026-08-26 09:42",6.74,6.77,6.74,6.77,0.01,+0.15%,0
"2026-08-26 09:43",6.77,6.89,6.77,6.89,0.12,+1.77%,0
"2026-08-26 09:44",6.85,6.97,6.85,6.89,0,0.00%,0
"2026-08-26 09:45",6.89,6.94,6.89,6.94,0.05,+0.73%,0
"2026-08-26 09:46",6.95,6.99,6.95,6.99,0.05,+0.72%,0
"2026-08-26 09:47",6.98,7.01,6.98,7.01,0.02,+0.29%,0
"2026-08-26 09:48",7,7.01,6.99,7,-0.01,-0.14%,0
"2026-08-26 09:49",6.96,7,6.96,7,0,0.00%,0
"2026-08-26 09:50",7.01,7.07,7.01,7.07,0.07,+1.00%,0
"2026-08-26 09:51",7.06,7.08,7.02,7.02,-0.05,-0.71%,0
"2026-08-26 09:52",7.01,7.05,7.01,7.01,-0.01,-0.14%,0
"2026-08-26 09:53",7,7.01,6.95,6.95,-0.06,-0.86%,0
"2026-08-26 09:54",6.96,6.97,6.96,6.97,0.02,+0.29%,0
"2026-08-26 09:55",6.96,7,6.96,7,0.03,+0.43%,0
"2026-08-26 09:56",7,7.03,7,7.03,0.03,+0.43%,0
"2026-08-26 09:57",7.04,7.06,7.04,7.06,0.03,+0.43%,0
"2026-08-26 09:58",7.03,7.05,7.02,7.02,-0.04,-0.57%,0
"2026-08-26 09:59",7.01,7.04,7.01,7.04,0.02,+0.28%,0
"2026-08-26 10:00",7.04,7.08,7.04,7.07,0.03,+0.43%,0
"2026-08-26 10:01",7.06,7.09,7.06,7.09,0.02,+0.28%,0
"2026-08-26 10:02",7.08,7.12,7.08,7.12,0.03,+0.42%,0
"2026-08-26 10:03",7.11,7.13,7.11,7.11,-0.01,-0.14%,0
"2026-08-26 10:04",7.1,7.12,7.1,7.11,0,0.00%,0
"2026-08-26 10:05",7.1,7.14,7.1,7.13,0.02,+0.28%,0
"2026-08-26 10:06",7.13,7.14,7.13,7.14,0.01,+0.14%,0
"2026-08-26 10:07",7.13,7.15,7.13,7.13,-0.01,-0.14%,0
"2026-08-26 10:08",7.16,7.18,7.16,7.17,0.04,+0.56%,0
"2026-08-26 10:09",7.16,7.23,7.16,7.23,0.06,+0.84%,0
"2026-08-26 10:10",7.2,7.24,7.2,7.23,0,0.00%,0
"2026-08-26 10:11",7.24,7.26,7.24,7.24,0.01,+0.14%,0
"2026-08-26 10:12",7.24,7.38,7.24,7.38,0.14,+1.93%,0
"2026-08-26 10:13",7.37,7.42,7.37,7.39,0.01,+0.14%,0
"2026-08-26 10:14",7.35,7.35,7.32,7.34,-0.05,-0.68%,0
"2026-08-26 10:15",7.32,7.34,7.32,7.34,0,0.00%,0
"2026-08-26 10:16",7.34,7.4,7.34,7.34,0,0.00%,0
"2026-08-26 10:17",7.33,7.33,7.32,7.32,-0.02,-0.27%,0
"2026-08-26 10:18",7.32,7.34,7.31,7.34,0.02,+0.27%,0
"2026-08-26 10:19",7.32,7.33,7.32,7.33,-0.01,-0.14%,0
"2026-08-26 10:20",7.34,7.35,7.34,7.34,0.01,+0.14%,0
"2026-08-26 10:21",7.35,7.4,7.35,7.38,0.04,+0.54%,0
"2026-08-26 10:22",7.39,7.49,7.39,7.49,0.11,+1.49%,0
"2026-08-26 10:23",7.49,7.49,7.42,7.42,-0.07,-0.93%,0
"2026-08-26 10:24",7.49,7.61,7.49,7.59,0.17,+2.29%,0
"2026-08-26 10:25",7.6,7.6,7.57,7.57,-0.02,-0.26%,0
"2026-08-26 10:26",7.66,7.7,7.66,7.7,0.13,+1.72%,0
"2026-08-26 10:27",7.7,7.77,7.7,7.77,0.07,+0.91%,0
"2026-08-26 10:28",7.81,7.84,7.71,7.71,-0.06,-0.77%,0
"2026-08-26 10:29",7.69,7.73,7.69,7.71,0,0.00%,0
"2026-08-26 10:30",7.71,7.71,7.66,7.66,-0.05,-0.65%,0
"2026-08-26 10:31",7.66,7.74,7.66,7.74,0.08,+1.04%,0
"2026-08-26 10:32",7.71,7.74,7.71,7.71,-0.03,-0.39%,0
"2026-08-26 10:33",7.71,7.74,7.71,7.73,0.02,+0.26%,0
"2026-08-26 10:34",7.71,7.73,7.68,7.68,-0.05,-0.65%,0
"2026-08-26 10:35",7.71,7.75,7.71,7.75,0.07,+0.91%,0
"2026-08-26 10:36",7.74,7.76,7.7,7.7,-0.05,-0.65%,0
"2026-08-26 10:37",7.67,7.69,7.67,7.67,-0.03,-0.39%,0
"2026-08-26 10:38",7.65,7.7,7.65,7.7,0.03,+0.39%,0
"2026-08-26 10:39",7.72,7.73,7.72,7.73,0.03,+0.39%,0
"2026-08-26 10:40",7.74,7.74,7.72,7.72,-0.01,-0.13%,0
"2026-08-26 10:41",7.71,7.76,7.71,7.76,0.04,+0.52%,0
"2026-08-26 10:42",7.76,7.79,7.76,7.79,0.03,+0.39%,0
"2026-08-26 10:43",7.79,7.8,7.79,7.8,0.01,+0.13%,0
"2026-08-26 10:44",7.79,7.79,7.75,7.75,-0.05,-0.64%,0
"2026-08-26 10:45",7.78,7.83,7.78,7.83,0.08,+1.03%,0
"2026-08-26 10:46",7.83,7.83,7.8,7.8,-0.03,-0.38%,0
"2026-08-26 10:47",7.81,7.84,7.81,7.84,0.04,+0.51%,0
"2026-08-26 10:48",7.83,7.86,7.83,7.85,0.01,+0.13%,0
"2026-08-26 10:49",7.82,7.85,7.82,7.84,-0.01,-0.13%,0
"2026-08-26 10:50",7.81,7.85,7.81,7.83,-0.01,-0.13%,0
"2026-08-26 10:51",7.83,7.87,7.83,7.85,0.02,+0.26%,0
"2026-08-26 10:52",7.83,7.83,7.8,7.8,-0.05,-0.64%,0
"2026-08-26 10:53",7.8,7.85,7.8,7.85,0.05,+0.64%,0
"2026-08-26 10:54",7.86,7.89,7.86,7.88,0.03,+0.38%,0
"2026-08-26 10:55",7.9,7.94,7.9,7.94,0.06,+0.76%,0
"2026-08-26 10:56",7.92,7.95,7.92,7.94,0,0.00%,0
"2026-08-26 10:57",7.96,7.99,7.96,7.99,0.05,+0.63%,0
"2026-08-26 10:58",7.98,8.02,7.98,8.02,0.03,+0.38%,0
"2026-08-26 10:59",8.02,8.04,8.02,8.03,0.01,+0.12%,0
"2026-08-26 11:00",8.02,8.05,8.02,8.05,0.02,+0.25%,0
"2026-08-26 11:01",8.07,8.1,8.07,8.1,0.05,+0.62%,0
"2026-08-26 11:02",8.1,8.17,8.1,8.17,0.07,+0.86%,0
"2026-08-26 11:03",8.15,8.15,8.13,8.13,-0.04,-0.49%,0
"2026-08-26 11:04",8.12,8.14,8.12,8.14,0.01,+0.12%,0
"2026-08-26 11:05",8.13,8.17,8.13,8.17,0.03,+0.37%,0
"2026-08-26 11:06",8.19,8.21,8.19,8.2,0.03,+0.37%,0
"2026-08-26 11:07",8.19,8.25,8.19,8.25,0.05,+0.61%,0
"2026-08-26 11:08",8.26,8.28,8.26,8.28,0.03,+0.36%,0
"2026-08-26 11:09",8.28,8.31,8.28,8.31,0.03,+0.36%,0
"2026-08-26 11:10",8.3,8.32,8.3,8.31,0,0.00%,0
"2026-08-26 11:11",8.31,8.32,8.31,8.31,0,0.00%,0
"2026-08-26 11:12",8.31,8.34,8.31,8.34,0.03,+0.36%,0
"2026-08-26 11:13",8.34,8.37,8.34,8.37,0.03,+0.36%,0
"2026-08-26 11:14",8.37,8.4,8.37,8.4,0.03,+0.36%,0
"2026-08-26 11:15",8.42,8.48,8.42,8.48,0.08,+0.95%,0
"2026-08-26 11:16",8.48,8.53,8.48,8.53,0.05,+0.59%,0
"2026-08-26 11:17",8.53,8.59,8.53,8.58,0.05,+0.59%,0
"2026-08-26 11:18",8.51,8.54,8.51,8.54,-0.04,-0.47%,0
"2026-08-26 11:19",8.51,8.54,8.51,8.54,0,0.00%,0
"2026-08-26 11:20",8.52,8.54,8.52,8.52,-0.02,-0.23%,0
"2026-08-26 11:21",8.52,8.55,8.52,8.55,0.03,+0.35%,0
"2026-08-26 11:22",8.52,8.57,8.52,8.56,0.01,+0.12%,0
"2026-08-26 11:23",8.58,8.59,8.58,8.58,0.02,+0.23%,0
"2026-08-26 11:24",8.58,8.6,8.58,8.59,0.01,+0.12%,0
"2026-08-26 11:25",8.6,8.62,8.6,8.6,0.01,+0.12%,0
"2026-08-26 11:26",8.6,8.63,8.6,8.63,0.03,+0.35%,0
"2026-08-26 11:27",8.65,8.66,8.65,8.66,0.03,+0.35%,0
"2026-08-26 11:28",8.66,8.67,8.66,8.67,0.01,+0.12%,0
"2026-08-26 11:29",8.65,8.69,8.65,8.69,0.02,+0.23%,0
"2026-08-26 11:30",8.69,8.72,8.69,8.72,0.03,+0.35%,0
"2026-08-26 11:31",8.71,8.76,8.71,8.75,0.03,+0.34%,0
"2026-08-26 11:32",8.74,8.77,8.74,8.77,0.02,+0.23%,0
"2026-08-26 11:33",8.8,8.88,8.8,8.88,0.11,+1.25%,0
"2026-08-26 11:34",8.87,8.96,8.87,8.96,0.08,+0.90%,0
"2026-08-26 11:35",8.97,8.97,8.94,8.94,-0.02,-0.22%,0
"2026-08-26 11:36",8.95,8.98,8.95,8.97,0.03,+0.34%,0
"2026-08-26 11:37",8.98,9.01,8.98,9.01,0.04,+0.45%,0
"2026-08-26 11:38",8.97,9,8.97,8.98,-0.03,-0.33%,0
"2026-08-26 11:39",8.98,9,8.98,8.99,0.01,+0.11%,0
"2026-08-26 11:40",8.98,9,8.98,8.98,-0.01,-0.11%,0
"2026-08-26 11:41",8.97,9,8.97,9,0.02,+0.22%,0
"2026-08-26 11:42",8.99,9.03,8.99,9.02,0.02,+0.22%,0
"2026-08-26 11:43",9.04,9.14,9.04,9.14,0.12,+1.33%,0
"2026-08-26 11:44",9.13,9.15,9.13,9.13,-0.01,-0.11%,0
"2026-08-26 11:45",9.11,9.12,9.11,9.11,-0.02,-0.22%,0
"2026-08-26 11:46",9.11,9.15,9.11,9.15,0.04,+0.44%,0
"2026-08-26 11:47",9.16,9.2,9.16,9.2,0.05,+0.55%,0
"2026-08-26 11:48",9.19,9.22,9.19,9.2,0,0.00%,0
"2026-08-26 11:49",9.19,9.23,9.19,9.23,0.03,+0.33%,0
"2026-08-26 11:50",9.23,9.26,9.23,9.25,0.02,+0.22%,0
"2026-08-26 11:51",9.25,9.39,9.25,9.39,0.14,+1.51%,0
"2026-08-26 11:52",9.42,9.49,9.42,9.44,0.05,+0.53%,0
"2026-08-26 11:53",9.44,9.45,9.44,9.45,0.01,+0.11%,0
"2026-08-26 11:54",9.43,9.46,9.43,9.46,0.01,+0.11%,0
"2026-08-26 11:55",9.47,9.48,9.47,9.47,0.01,+0.11%,0
"2026-08-26 11:56",9.47,9.49,9.46,9.46,-0.01,-0.11%,0
"2026-08-26 11:57",9.43,9.48,9.43,9.48,0.02,+0.21%,0
"2026-08-26 11:58",9.5,9.53,9.5,9.53,0.05,+0.53%,0
"2026-08-26 11:59",9.56,9.64,9.56,9.64,0.11,+1.15%,0
"2026-08-26 12:00",9.64,9.69,9.64,9.69,0.05,+0.52%,0
"2026-08-26 12:01",9.78,9.9,9.78,9.9,0.21,+2.17%,0
"2026-08-26 12:02",9.91,9.91,9.86,9.88,-0.02,-0.20%,0
"2026-08-26 12:03",9.9,9.97,9.9,9.94,0.06,+0.61%,0
"2026-08-26 12:04",9.92,9.96,9.92,9.96,0.02,+0.20%,0
"2026-08-26 12:05",9.92,9.93,9.91,9.91,-0.05,-0.50%,0
"2026-08-26 12:06",9.91,9.92,9.89,9.92,0.01,+0.10%,0
"2026-08-26 12:07",9.92,9.95,9.92,9.94,0.02,+0.20%,0
"2026-08-26 12:08",9.92,9.93,9.91,9.93,-0.01,-0.10%,0
"2026-08-26 12:09",9.94,9.98,9.94,9.97,0.04,+0.40%,0
"2026-08-26 12:10",9.99,10.09,9.99,10.09,0.12,+1.20%,0
"2026-08-26 12:11",10.06,10.06,10.04,10.04,-0.05,-0.50%,0
"2026-08-26 12:12",10.01,10.03,10.01,10.02,-0.02,-0.20%,0
"2026-08-26 12:13",10.03,10.08,10.03,10.08,0.06,+0.60%,0
"2026-08-26 12:14",10.08,10.13,10.08,10.13,0.05,+0.50%,0
"2026-08-26 12:15",10.14,10.17,10.14,10.15,0.02,+0.20%,0
"2026-08-26 12:16",10.16,10.25,10.16,10.25,0.1,+0.99%,0
"2026-08-26 12:17",10.27,10.32,10.27,10.31,0.06,+0.59%,0
"2026-08-26 12:18",10.29,10.3,10.21,10.21,-0.1,-0.97%,0
"2026-08-26 12:19",10.21,10.21,10.2,10.2,-0.01,-0.10%,0
"2026-08-26 12:20",10.21,10.22,10.2,10.2,0,0.00%,0
"2026-08-26 12:21",10.21,10.28,10.21,10.28,0.08,+0.78%,0
"2026-08-26 12:22",10.23,10.24,10.2,10.2,-0.08,-0.78%,0
"2026-08-26 12:23",10.21,10.29,10.21,10.29,0.09,+0.88%,0
"2026-08-26 12:24",10.28,10.31,10.28,10.29,0,0.00%,0
"2026-08-26 12:25",10.32,10.36,10.32,10.35,0.06,+0.58%,0
"2026-08-26 12:26",10.35,10.44,10.35,10.44,0.09,+0.87%,0
"2026-08-26 12:27",10.44,10.46,10.44,10.46,0.02,+0.19%,0
"2026-08-26 12:28",10.46,10.47,10.44,10.45,-0.01,-0.10%,0
"2026-08-26 12:29",10.46,10.49,10.46,10.49,0.04,+0.38%,0
"2026-08-26 12:30",10.49,10.5,10.49,10.49,0,0.00%,0
"2026-08-26 12:31",10.51,10.55,10.49,10.49,0,0.00%,0
"2026-08-26 12:32",10.46,10.54,10.46,10.51,0.02,+0.19%,0
"2026-08-26 12:33",10.51,10.53,10.51,10.53,0.02,+0.19%,0
"2026-08-26 12:34",10.54,10.54,10.53,10.53,0,0.00%,0
"2026-08-26 12:35",10.53,10.59,10.53,10.57,0.04,+0.38%,0
"2026-08-26 12:36",10.56,10.6,10.56,10.6,0.03,+0.28%,0
"2026-08-26 12:37",10.6,10.72,10.6,10.72,0.12,+1.13%,0
"2026-08-26 12:38",10.75,10.79,10.73,10.73,0.01,+0.09%,0
"2026-08-26 12:39",10.74,10.86,10.74,10.86,0.13,+1.21%,0
"2026-08-26 12:40",10.91,10.99,10.88,10.9,0.04,+0.37%,0
"2026-08-26 12:41",10.88,10.88,10.81,10.81,-0.09,-0.83%,0
"2026-08-26 12:42",10.8,10.87,10.8,10.87,0.06,+0.56%,0
"2026-08-26 12:43",10.9,11.07,10.9,11.07,0.2,+1.84%,0
"2026-08-26 12:44",11.09,11.1,11.08,11.08,0.01,+0.09%,0
"2026-08-26 12:45",11.08,11.09,11.03,11.03,-0.05,-0.45%,0
"2026-08-26 12:46",11.02,11.07,11.02,11.02,-0.01,-0.09%,0
"2026-08-26 12:47",10.96,10.99,10.92,10.92,-0.1,-0.91%,0
"2026-08-26 12:48",10.89,10.92,10.89,10.92,0,0.00%,0
"2026-08-26 12:49",10.94,11.03,10.94,11.03,0.11,+1.01%,0
"2026-08-26 12:50",11.02,11.04,10.99,10.99,-0.04,-0.36%,0
"2026-08-26 12:51",10.98,11.02,10.98,11.02,0.03,+0.27%,0
"2026-08-26 12:52",11.04,11.09,11.04,11.09,0.07,+0.64%,0
"2026-08-26 12:53",11.08,11.08,11.05,11.05,-0.04,-0.36%,0
"2026-08-26 12:54",11.05,11.07,11.05,11.07,0.02,+0.18%,0
"2026-08-26 12:55",11.06,11.06,11.02,11.02,-0.05,-0.45%,0
"2026-08-26 12:56",11.02,11.02,10.94,10.94,-0.08,-0.73%,0
"2026-08-26 12:57",10.91,10.93,10.88,10.88,-0.06,-0.55%,0
"2026-08-26 12:58",10.85,10.86,10.85,10.86,-0.02,-0.18%,0
"2026-08-26 12:59",10.87,10.95,10.87,10.95,0.09,+0.83%,0
"2026-08-26 13:00",10.94,10.98,10.94,10.98,0.03,+0.27%,0
"2026-08-26 13:01",10.97,11,10.97,10.98,0,0.00%,0
"2026-08-26 13:02",10.97,11,10.97,10.99,0.01,+0.09%,0
"2026-08-26 13:03",10.98,10.99,10.97,10.97,-0.02,-0.18%,0
"2026-08-26 13:04",10.97,10.99,10.97,10.98,0.01,+0.09%,0
"2026-08-26 13:05",10.96,10.99,10.96,10.98,0,0.00%,0
"2026-08-26 13:06",10.98,10.99,10.98,10.99,0.01,+0.09%,0
"2026-08-26 13:07",10.99,11.02,10.99,11.02,0.03,+0.27%,0
"2026-08-26 13:08",11.01,11.03,11,11,-0.02,-0.18%,0
"2026-08-26 13:09",10.99,10.99,10.96,10.96,-0.04,-0.36%,0
"2026-08-26 13:10",10.95,10.97,10.95,10.96,0,0.00%,0
"2026-08-26 13:11",10.96,10.99,10.96,10.99,0.03,+0.27%,0
"2026-08-26 13:12",10.99,11.02,10.99,11.02,0.03,+0.27%,0
"2026-08-26 13:13",11.02,11.03,11.02,11.03,0.01,+0.09%,0
"2026-08-26 13:14",11.03,11.04,11.03,11.04,0.01,+0.09%,0
"2026-08-26 13:15",11.04,11.07,11.04,11.06,0.02,+0.18%,0
"2026-08-26 13:16",11.06,11.06,10.97,10.97,-0.09,-0.81%,0
"2026-08-26 13:17",10.96,10.98,10.96,10.96,-0.01,-0.09%,0
"2026-08-26 13:18",10.96,10.98,10.96,10.97,0.01,+0.09%,0
"2026-08-26 13:19",10.96,10.98,10.96,10.97,0,0.00%,0
"2026-08-26 13:20",10.97,11,10.97,11,0.03,+0.27%,0
"2026-08-26 13:21",10.99,11.01,10.99,11,0,0.00%,0
"2026-08-26 13:22",11,11.02,10.98,10.98,-0.02,-0.18%,0
"2026-08-26 13:23",10.98,11.01,10.98,11,0.02,+0.18%,0
"2026-08-26 13:24",11,11.01,11,11.01,0.01,+0.09%,0
"2026-08-26 13:25",11.01,11.02,11.01,11.02,0.01,+0.09%,0
"2026-08-26 13:26",11.02,11.04,11.02,11.03,0.01,+0.09%,0
"2026-08-26 13:27",11.02,11.04,11.02,11.04,0.01,+0.09%,0
"2026-08-26 13:28",11.04,11.06,11.04,11.06,0.02,+0.18%,0
"2026-08-26 13:29",11.05,11.07,11.05,11.06,0,0.00%,0
"2026-08-26 13:30",11.06,11.08,11.06,11.07,0.01,+0.09%,0
"2026-08-26 13:31",11.08,11.11,11.08,11.09,0.02,+0.18%,0
"2026-08-26 13:32",11.08,11.08,11.07,11.07,-0.02,-0.18%,0
"2026-08-26 13:33",11.08,11.09,11.08,11.09,0.02,+0.18%,0
"2026-08-26 13:34",11.08,11.1,11.08,11.1,0.01,+0.09%,0
"2026-08-26 13:35",11.1,11.13,11.1,11.1,0,0.00%,0
"2026-08-26 13:36",11.1,11.11,11.1,11.1,0,0.00%,0
"2026-08-26 13:37",11.11,11.13,11.11,11.13,0.03,+0.27%,0
"2026-08-26 13:38",11.13,11.16,11.13,11.16,0.03,+0.27%,0
"2026-08-26 13:39",11.17,11.18,11.17,11.18,0.02,+0.18%,0
"2026-08-26 13:40",11.18,11.18,11.18,11.18,0,0.00%,0
"2026-08-26 13:41",11.18,11.19,11.18,11.19,0.01,+0.09%,0
"2026-08-26 13:42",11.19,11.22,11.19,11.22,0.03,+0.27%,0
"2026-08-26 13:43",11.2,11.22,11.2,11.21,-0.01,-0.09%,0
"2026-08-26 13:44",11.22,11.24,11.22,11.23,0.02,+0.18%,0
"2026-08-26 13:45",11.24,11.25,11.24,11.25,0.02,+0.18%,0
"2026-08-26 13:46",11.25,11.27,11.25,11.27,0.02,+0.18%,0
"2026-08-26 13:47",11.28,11.3,11.28,11.3,0.03,+0.27%,0
"2026-08-26 13:48",11.29,11.41,11.29,11.41,0.11,+0.97%,0
"2026-08-26 13:49",11.41,11.44,11.41,11.44,0.03,+0.26%,0
"2026-08-26 13:50",11.45,11.46,11.45,11.46,0.02,+0.17%,0
"2026-08-26 13:51",11.46,11.48,11.46,11.47,0.01,+0.09%,0
"2026-08-26 13:52",11.49,11.51,11.49,11.49,0.02,+0.17%,0
"2026-08-26 13:53",11.51,11.54,11.51,11.52,0.03,+0.26%,0
"2026-08-26 13:54",11.51,11.51,11.5,11.51,-0.01,-0.09%,0
"2026-08-26 13:55",11.51,11.53,11.51,11.51,0,0.00%,0
"2026-08-26 13:56",11.52,11.52,11.49,11.49,-0.02,-0.17%,0
"2026-08-26 13:57",11.51,11.54,11.51,11.54,0.05,+0.44%,0
"2026-08-26 13:58",11.53,11.55,11.53,11.55,0.01,+0.09%,0
"2026-08-26 13:59",11.55,11.57,11.55,11.57,0.02,+0.17%,0
"2026-08-26 14:00",11.57,11.59,11.57,11.58,0.01,+0.09%,0
"2026-08-26 14:01",11.59,11.62,11.59,11.6,0.02,+0.17%,0
"2026-08-26 14:02",11.61,11.61,11.61,11.61,0.01,+0.09%,0
"2026-08-26 14:03",11.61,11.64,11.61,11.64,0.03,+0.26%,0
"2026-08-26 14:04",11.65,11.66,11.65,11.65,0.01,+0.09%,0
"2026-08-26 14:05",11.65,11.66,11.65,11.66,0.01,+0.09%,0
"2026-08-26 14:06",11.67,11.67,11.63,11.63,-0.03,-0.26%,0
"2026-08-26 14:07",11.62,11.63,11.62,11.63,0,0.00%,0
"2026-08-26 14:08",11.64,11.65,11.64,11.64,0.01,+0.09%,0
"2026-08-26 14:09",11.63,11.65,11.63,11.65,0.01,+0.09%,0
"2026-08-26 14:10",11.65,11.67,11.64,11.64,-0.01,-0.09%,0
"2026-08-26 14:11",11.64,11.64,11.56,11.56,-0.08,-0.69%,0
"2026-08-26 14:12",11.57,11.63,11.57,11.63,0.07,+0.61%,0
"2026-08-26 14:13",11.64,11.67,11.64,11.67,0.04,+0.34%,0
"2026-08-26 14:14",11.67,11.68,11.67,11.67,0,0.00%,0
"2026-08-26 14:15",11.67,11.7,11.67,11.7,0.03,+0.26%,0
"2026-08-26 14:16",11.7,11.72,11.7,11.72,0.02,+0.17%,0
"2026-08-26 14:17",11.73,11.75,11.73,11.75,0.03,+0.26%,0
"2026-08-26 14:18",11.75,11.77,11.75,11.75,0,0.00%,0
"2026-08-26 14:19",11.78,11.79,11.78,11.79,0.04,+0.34%,0
"2026-08-26 14:20",11.79,11.8,11.76,11.76,-0.03,-0.25%,0
"2026-08-26 14:21",11.72,11.74,11.72,11.73,-0.03,-0.26%,0
"2026-08-26 14:22",11.73,11.76,11.73,11.75,0.02,+0.17%,0
"2026-08-26 14:23",11.74,11.77,11.74,11.77,0.02,+0.17%,0
"2026-08-26 14:24",11.77,11.79,11.77,11.78,0.01,+0.08%,0
"2026-08-26 14:25",11.79,11.79,11.71,11.71,-0.07,-0.59%,0
"2026-08-26 14:26",11.69,11.7,11.69,11.7,-0.01,-0.09%,0
"2026-08-26 14:27",11.69,11.71,11.69,11.69,-0.01,-0.09%,0
"2026-08-26 14:28",11.69,11.7,11.69,11.7,0.01,+0.09%,0
"2026-08-26 14:29",11.69,11.74,11.69,11.74,0.04,+0.34%,0
"2026-08-26 14:30",11.81,11.85,11.81,11.85,0.11,+0.94%,0
"2026-08-26 14:31",11.86,11.87,11.86,11.87,0.02,+0.17%,0
"2026-08-26 14:32",11.87,11.89,11.87,11.88,0.01,+0.08%,0
"2026-08-26 14:33",11.88,11.9,11.88,11.89,0.01,+0.08%,0
"2026-08-26 14:34",11.9,11.93,11.9,11.93,0.04,+0.34%,0
"2026-08-26 14:35",11.92,11.93,11.92,11.93,0,0.00%,0
"2026-08-26 14:36",11.93,11.94,11.93,11.94,0.01,+0.08%,0
"2026-08-26 14:37",11.94,11.97,11.94,11.96,0.02,+0.17%,0
"2026-08-26 14:38",11.96,11.99,11.96,11.97,0.01,+0.08%,0
"2026-08-26 14:39",11.96,11.97,11.96,11.96,-0.01,-0.08%,0
"2026-08-26 14:40",11.96,11.99,11.96,11.98,0.02,+0.17%,0
"2026-08-26 14:41",11.97,11.99,11.97,11.98,0,0.00%,0
"2026-08-26 14:42",11.99,12,11.98,12,0.02,+0.17%,0
"2026-08-26 14:43",12.02,12.03,12.02,12.03,0.03,+0.25%,0
"2026-08-26 14:44",12.03,12.04,12.03,12.03,0,0.00%,0
"2026-08-26 14:45",12.03,12.09,12.03,12.09,0.06,+0.50%,0
"2026-08-26 14:46",12.09,12.16,12.09,12.16,0.07,+0.58%,0
"2026-08-26 14:47",12.17,12.19,12.17,12.19,0.03,+0.25%,0
"2026-08-26 14:48",12.23,12.23,12.19,12.19,0,0.00%,0
"2026-08-26 14:49",12.19,12.23,12.19,12.23,0.04,+0.33%,0
"2026-08-26 14:50",12.24,12.27,12.24,12.25,0.02,+0.16%,0
"2026-08-26 14:51",12.25,12.26,12.25,12.26,0.01,+0.08%,0
"2026-08-26 14:52",12.25,12.3,12.25,12.3,0.04,+0.33%,0
"2026-08-26 14:53",12.31,12.46,12.31,12.46,0.16,+1.30%,0
"2026-08-26 14:54",12.45,12.46,12.4,12.4,-0.06,-0.48%,0
"2026-08-26 14:55",12.4,12.41,12.37,12.37,-0.03,-0.24%,0
"2026-08-26 14:56",12.33,12.33,12.3,12.3,-0.07,-0.57%,0
"2026-08-26 14:57",12.3,12.38,12.3,12.38,0.08,+0.65%,0
"2026-08-26 14:58",12.39,12.42,12.39,12.41,0.03,+0.24%,0
"2026-08-26 14:59",12.4,12.43,12.4,12.41,0,0.00%,0
"2026-08-26 15:00",12.4,12.4,12.35,12.37,-0.04,-0.32%,0
"2026-08-26 15:01",12.42,12.43,12.4,12.43,0.06,+0.49%,0
"2026-08-26 15:02",12.45,12.5,12.44,12.44,0.01,+0.08%,0
"2026-08-26 15:03",12.43,12.45,12.4,12.4,-0.04,-0.32%,0
"2026-08-26 15:04",12.4,12.46,12.4,12.46,0.06,+0.48%,0
"2026-08-26 15:05",12.5,12.5,12.44,12.44,-0.02,-0.16%,0
"2026-08-26 15:06",12.44,12.44,12.41,12.43,-0.01,-0.08%,0
"2026-08-26 15:07",12.46,12.48,12.42,12.42,-0.01,-0.08%,0
"2026-08-26 15:08",12.42,12.44,12.36,12.36,-0.06,-0.48%,0
"2026-08-26 15:09",12.37,12.4,12.37,12.4,0.04,+0.32%,0
"2026-08-26 15:10",12.39,12.39,12.39,12.39,-0.01,-0.08%,0
"2026-08-26 15:11",12.39,12.41,12.39,12.41,0.02,+0.16%,0
"2026-08-26 15:12",12.42,12.49,12.42,12.49,0.08,+0.64%,0
"2026-08-26 15:13",12.5,12.53,12.5,12.53,0.04,+0.32%,0
"2026-08-26 15:14",12.52,12.54,12.5,12.5,-0.03,-0.24%,0
"2026-08-26 15:15",12.49,12.49,12.47,12.47,-0.03,-0.24%,0
"2026-08-26 15:16",12.46,12.47,12.45,12.45,-0.02,-0.16%,0
"2026-08-26 15:17",12.44,12.45,12.43,12.45,0,0.00%,0
"2026-08-26 15:18",12.45,12.47,12.45,12.45,0,0.00%,0
"2026-08-26 15:19",12.57,12.62,12.57,12.62,0.17,+1.37%,0
"2026-08-26 15:20",12.61,12.61,12.53,12.54,-0.08,-0.63%,0
"2026-08-26 15:21",12.53,12.53,12.51,12.51,-0.03,-0.24%,0
"2026-08-26 15:22",12.5,12.5,12.46,12.46,-0.05,-0.40%,0
"2026-08-26 15:23",12.46,12.53,12.46,12.52,0.06,+0.48%,0
"2026-08-26 15:24",12.52,12.53,12.52,12.52,0,0.00%,0
"2026-08-26 15:25",12.54,12.64,12.54,12.64,0.12,+0.96%,0
"2026-08-26 15:26",12.63,12.66,12.63,12.65,0.01,+0.08%,0
"2026-08-26 15:27",12.64,12.66,12.64,12.66,0.01,+0.08%,0
"2026-08-26 15:28",12.65,12.67,12.65,12.66,0,0.00%,0
"2026-08-26 15:29",12.66,12.66,12.65,12.65,-0.01,-0.08%,0
"2026-08-26 15:30",12.64,12.64,12.61,12.61,-0.04,-0.32%,0
"2026-08-26 15:31",12.6,12.6,12.58,12.59,-0.02,-0.16%,0
"2026-08-26 15:32",12.59,12.6,12.58,12.58,-0.01,-0.08%,0
"2026-08-26 15:33",12.58,12.6,12.56,12.56,-0.02,-0.16%,0
"2026-08-26 15:34",12.54,12.55,12.54,12.55,-0.01,-0.08%,0
"2026-08-26 15:35",12.54,12.54,12.52,12.52,-0.03,-0.24%,0
"2026-08-26 15:36",12.53,12.54,12.53,12.54,0.02,+0.16%,0
"2026-08-26 15:37",12.54,12.54,12.54,12.54,0,0.00%,0
"2026-08-26 15:38",12.52,12.54,12.52,12.54,0,0.00%,0
"2026-08-26 15:39",12.55,12.56,12.55,12.55,0.01,+0.08%,0
"2026-08-26 15:40",12.54,12.55,12.54,12.55,0,0.00%,0
"2026-08-26 15:41",12.53,12.57,12.53,12.56,0.01,+0.08%,0
"2026-08-26 15:42",12.57,12.59,12.57,12.58,0.02,+0.16%,0
"2026-08-26 15:43",12.57,12.78,12.57,12.78,0.2,+1.59%,0
"2026-08-26 15:44",12.76,12.76,12.75,12.75,-0.03,-0.23%,0
"2026-08-26 15:45",12.75,12.78,12.73,12.78,0.03,+0.24%,0
"2026-08-26 15:46",12.8,12.83,12.8,12.82,0.04,+0.31%,0
"2026-08-26 15:47",12.82,12.83,12.78,12.78,-0.04,-0.31%,0
"2026-08-26 15:48",12.77,12.78,12.75,12.75,-0.03,-0.23%,0
"2026-08-26 15:49",12.74,12.8,12.74,12.8,0.05,+0.39%,0
"2026-08-26 15:50",12.84,12.84,12.78,12.78,-0.02,-0.16%,0
"2026-08-26 15:51",12.79,12.82,12.79,12.8,0.02,+0.16%,0
"2026-08-26 15:52",12.78,12.81,12.76,12.81,0.01,+0.08%,0
"2026-08-26 15:53",12.81,12.86,12.81,12.84,0.03,+0.23%,0
"2026-08-26 15:54",12.81,12.91,12.81,12.91,0.07,+0.55%,0
"2026-08-26 15:55",12.88,12.98,12.88,12.94,0.03,+0.23%,0
"2026-08-26 15:56",12.92,12.92,12.85,12.85,-0.09,-0.70%,0
"2026-08-26 15:57",12.81,12.81,12.73,12.73,-0.12,-0.93%,0
"2026-08-26 15:58",12.68,12.71,12.68,12.71,-0.02,-0.16%,0
"2026-08-26 15:59",12.71,12.79,12.71,12.77,0.06,+0.47%,0
"2026-08-26 16:00",12.69,12.69,12.6,12.6,-0.17,-1.33%,0
"2026-08-26 16:01",12.65,12.66,12.63,12.63,0.03,+0.24%,0
"2026-08-26 16:02",12.64,12.72,12.64,12.72,0.09,+0.71%,0
"2026-08-26 16:03",12.7,12.71,12.67,12.67,-0.05,-0.39%,0
"2026-08-26 16:04",12.68,12.75,12.68,12.75,0.08,+0.63%,0
"2026-08-26 16:05",12.79,12.82,12.79,12.81,0.06,+0.47%,0
"2026-08-26 16:06",12.83,12.84,12.81,12.82,0.01,+0.08%,0
"2026-08-26 16:07",12.81,12.82,12.8,12.82,0,0.00%,0
"2026-08-26 16:08",12.8,12.8,12.78,12.78,-0.04,-0.31%,0
"2026-08-26 16:09",12.77,12.77,12.77,12.77,-0.01,-0.08%,0
"2026-08-26 16:10",12.76,12.79,12.76,12.78,0.01,+0.08%,0
"2026-08-26 16:11",12.78,12.8,12.78,12.8,0.02,+0.16%,0
"2026-08-26 16:12",12.79,12.81,12.76,12.77,-0.03,-0.23%,0
"2026-08-26 16:13",12.76,12.81,12.76,12.79,0.02,+0.16%,0
"2026-08-26 16:14",12.78,12.79,12.76,12.76,-0.03,-0.23%,0
"2026-08-26 16:15",12.91,12.91,12.91,12.91,0.15,+1.18%,0
"2026-08-27 09:31",8.27,8.65,8.2,8.65,-4.26,-33.00%,0
"2026-08-27 09:32",8.9,9.03,8.8,8.8,0.15,+1.73%,0
"2026-08-27 09:33",8.75,8.75,8.49,8.49,-0.31,-3.52%,0
"2026-08-27 09:34",8.47,8.73,8.47,8.73,0.24,+2.83%,0
"2026-08-27 09:35",8.67,8.79,8.67,8.69,-0.04,-0.46%,0
"2026-08-27 09:36",8.61,8.61,8.45,8.45,-0.24,-2.76%,0
"2026-08-27 09:37",8.5,8.68,8.5,8.58,0.13,+1.54%,0
"2026-08-27 09:38",8.58,8.62,8.55,8.55,-0.03,-0.35%,0
"2026-08-27 09:39",8.48,8.48,8.39,8.39,-0.16,-1.87%,0
"2026-08-27 09:40",8.37,8.46,8.37,8.46,0.07,+0.83%,0
"2026-08-27 09:41",8.42,8.42,8.36,8.42,-0.04,-0.47%,0
"2026-08-27 09:42",8.46,8.56,8.43,8.43,0.01,+0.12%,0
"2026-08-27 09:43",8.41,8.41,8.3,8.3,-0.13,-1.54%,0
"2026-08-27 09:44",8.27,8.3,8.25,8.29,-0.01,-0.12%,0
"2026-08-27 09:45",8.28,8.34,8.23,8.23,-0.06,-0.72%,0
"2026-08-27 09:46",8.23,8.25,8.23,8.25,0.02,+0.24%,0
"2026-08-27 09:47",8.31,8.92,8.31,8.92,0.67,+8.12%,0
"2026-08-27 09:48",8.79,8.79,8.65,8.65,-0.27,-3.03%,0
"2026-08-27 09:49",8.63,8.77,8.63,8.72,0.07,+0.81%,0
"2026-08-27 09:50",8.65,8.65,8.48,8.48,-0.24,-2.75%,0
"2026-08-27 09:51",8.4,8.4,8.31,8.31,-0.17,-2.00%,0
"2026-08-27 09:52",8.26,8.28,8.15,8.28,-0.03,-0.36%,0
"2026-08-27 09:53",8.22,8.22,8.11,8.17,-0.11,-1.33%,0
"2026-08-27 09:54",8.12,8.12,8.11,8.11,-0.06,-0.73%,0
"2026-08-27 09:55",8.13,8.44,8.13,8.43,0.32,+3.95%,0
"2026-08-27 09:56",8.34,8.41,8.34,8.41,-0.02,-0.24%,0
"2026-08-27 09:57",8.65,8.84,8.65,8.84,0.43,+5.11%,0
"2026-08-27 09:58",9.01,9.01,8.8,8.8,-0.04,-0.45%,0
"2026-08-27 09:59",8.67,8.68,8.49,8.49,-0.31,-3.52%,0
"2026-08-27 10:00",8.45,8.47,8.4,8.43,-0.06,-0.71%,0
"2026-08-27 10:01",8.35,8.35,8.25,8.34,-0.09,-1.07%,0
"2026-08-27 10:02",8.28,8.34,8.28,8.29,-0.05,-0.60%,0
"2026-08-27 10:03",8.29,8.37,8.23,8.23,-0.06,-0.72%,0
"2026-08-27 10:04",8.17,8.28,8.17,8.27,0.04,+0.49%,0
"2026-08-27 10:05",8.24,8.24,8.18,8.18,-0.09,-1.09%,0
"2026-08-27 10:06",8.19,8.4,8.19,8.39,0.21,+2.57%,0
"2026-08-27 10:07",8.56,8.56,8.42,8.42,0.03,+0.36%,0
"2026-08-27 10:08",8.36,8.44,8.36,8.44,0.02,+0.24%,0
"2026-08-27 10:09",8.41,8.41,8.32,8.32,-0.12,-1.42%,0
"2026-08-27 10:10",8.32,8.32,8.22,8.24,-0.08,-0.96%,0
"2026-08-27 10:11",8.2,8.2,8.17,8.19,-0.05,-0.61%,0
"2026-08-27 10:12",8.18,8.18,8.11,8.11,-0.08,-0.98%,0
"2026-08-27 10:13",8.13,8.16,8.12,8.12,0.01,+0.12%,0
"2026-08-27 10:14",8.08,8.19,8.08,8.19,0.07,+0.86%,0
"2026-08-27 10:15",8.19,8.19,8.09,8.09,-0.1,-1.22%,0
"2026-08-27 10:16",8.06,8.15,8.06,8.15,0.06,+0.74%,0
"2026-08-27 10:17",8.17,8.17,8.08,8.08,-0.07,-0.86%,0
"2026-08-27 10:18",8.06,8.08,8.05,8.05,-0.03,-0.37%,0
"2026-08-27 10:19",8.04,8.07,8.04,8.06,0.01,+0.12%,0
"2026-08-27 10:20",8.08,8.08,8.03,8.03,-0.03,-0.37%,0
"2026-08-27 10:21",7.98,8.04,7.98,8.04,0.01,+0.12%,0
"2026-08-27 10:22",8.06,8.07,8.04,8.07,0.03,+0.37%,0
"2026-08-27 10:23",8.04,8.04,8,8.01,-0.06,-0.74%,0
"2026-08-27 10:24",8.07,8.09,8.06,8.08,0.07,+0.87%,0
"2026-08-27 10:25",8.02,8.09,8.02,8.05,-0.03,-0.37%,0
"2026-08-27 10:26",8.03,8.04,8,8,-0.05,-0.62%,0
"2026-08-27 10:27",7.98,8.01,7.98,8.01,0.01,+0.13%,0
"2026-08-27 10:28",8,8,7.98,7.98,-0.03,-0.37%,0
"2026-08-27 10:29",8,8,7.97,7.97,-0.01,-0.13%,0
"2026-08-27 10:30",7.95,8.16,7.95,8.16,0.19,+2.38%,0
"2026-08-27 10:31",8.1,8.1,8.04,8.04,-0.12,-1.47%,0
"2026-08-27 10:32",8.08,8.12,8.08,8.1,0.06,+0.75%,0
"2026-08-27 10:33",8.11,8.15,8.06,8.06,-0.04,-0.49%,0
"2026-08-27 10:34",8.04,8.09,8.04,8.09,0.03,+0.37%,0
"2026-08-27 10:35",8.09,8.09,8.03,8.03,-0.06,-0.74%,0
"2026-08-27 10:36",8.05,8.1,8.05,8.1,0.07,+0.87%,0
"2026-08-27 10:37",8.07,8.08,8.07,8.08,-0.02,-0.25%,0
"2026-08-27 10:38",8.08,8.09,8.08,8.09,0.01,+0.12%,0
"2026-08-27 10:39",8.09,8.17,8.09,8.17,0.08,+0.99%,0
"2026-08-27 10:40",8.19,8.2,8.16,8.17,0,0.00%,0
"2026-08-27 10:41",8.16,8.16,8.15,8.16,-0.01,-0.12%,0
"2026-08-27 10:42",8.17,8.17,8.14,8.14,-0.02,-0.25%,0
"2026-08-27 10:43",8.11,8.22,8.11,8.21,0.07,+0.86%,0
"2026-08-27 10:44",8.2,8.23,8.17,8.17,-0.04,-0.49%,0
"2026-08-27 10:45",8.16,8.19,8.12,8.12,-0.05,-0.61%,0
"2026-08-27 10:46",8.08,8.12,8.08,8.12,0,0.00%,0
"2026-08-27 10:47",8.09,8.26,8.09,8.22,0.1,+1.23%,0
"2026-08-27 10:48",8.22,8.22,8.13,8.13,-0.09,-1.09%,0
"2026-08-27 10:49",8.1,8.11,8.09,8.11,-0.02,-0.25%,0
"2026-08-27 10:50",8.11,8.11,8.1,8.1,-0.01,-0.12%,0
"2026-08-27 10:51",8.1,8.12,8.1,8.11,0.01,+0.12%,0
"2026-08-27 10:52",8.1,8.11,8.09,8.1,-0.01,-0.12%,0
"2026-08-27 10:53",8.1,8.18,8.1,8.18,0.08,+0.99%,0
"2026-08-27 10:54",8.17,8.2,8.16,8.16,-0.02,-0.24%,0
"2026-08-27 10:55",8.12,8.17,8.12,8.17,0.01,+0.12%,0
"2026-08-27 10:56",8.17,8.19,8.14,8.15,-0.02,-0.24%,0
"2026-08-27 10:57",8.16,8.16,8.1,8.12,-0.03,-0.37%,0
"2026-08-27 10:58",8.11,8.14,8.1,8.1,-0.02,-0.25%,0
"2026-08-27 10:59",8.11,8.15,8.11,8.15,0.05,+0.62%,0
"2026-08-27 11:00",8.12,8.14,8.12,8.13,-0.02,-0.25%,0
"2026-08-27 11:01",8.12,8.12,8.1,8.1,-0.03,-0.37%,0
"2026-08-27 11:02",8.11,8.13,8.11,8.13,0.03,+0.37%,0
"2026-08-27 11:03",8.15,8.2,8.15,8.2,0.07,+0.86%,0
"2026-08-27 11:04",8.24,8.24,8.15,8.15,-0.05,-0.61%,0
"2026-08-27 11:05",8.14,8.17,8.14,8.17,0.02,+0.25%,0
"2026-08-27 11:06",8.16,8.21,8.16,8.21,0.04,+0.49%,0
"2026-08-27 11:07",8.23,8.26,8.23,8.26,0.05,+0.61%,0
"2026-08-27 11:08",8.23,8.25,8.22,8.24,-0.02,-0.24%,0
"2026-08-27 11:09",8.21,8.23,8.21,8.22,-0.02,-0.24%,0
"2026-08-27 11:10",8.21,8.23,8.21,8.23,0.01,+0.12%,0
"2026-08-27 11:11",8.22,8.25,8.22,8.25,0.02,+0.24%,0
"2026-08-27 11:12",8.25,8.25,8.21,8.24,-0.01,-0.12%,0
"2026-08-27 11:13",8.24,8.26,8.24,8.24,0,0.00%,0
"2026-08-27 11:14",8.24,8.25,8.23,8.23,-0.01,-0.12%,0
"2026-08-27 11:15",8.22,8.25,8.22,8.25,0.02,+0.24%,0
"2026-08-27 11:16",8.27,8.32,8.27,8.32,0.07,+0.85%,0
"2026-08-27 11:17",8.32,8.37,8.32,8.35,0.03,+0.36%,0
"2026-08-27 11:18",8.36,8.36,8.3,8.3,-0.05,-0.60%,0
"2026-08-27 11:19",8.31,8.33,8.31,8.31,0.01,+0.12%,0
"2026-08-27 11:20",8.31,8.33,8.31,8.33,0.02,+0.24%,0
"2026-08-27 11:21",8.34,8.39,8.34,8.39,0.06,+0.72%,0
"2026-08-27 11:22",8.39,8.42,8.39,8.41,0.02,+0.24%,0
"2026-08-27 11:23",8.4,8.42,8.4,8.4,-0.01,-0.12%,0
"2026-08-27 11:24",8.38,8.43,8.38,8.43,0.03,+0.36%,0
"2026-08-27 11:25",8.42,8.46,8.42,8.45,0.02,+0.24%,0
"2026-08-27 11:26",8.4,8.41,8.38,8.38,-0.07,-0.83%,0
"2026-08-27 11:27",8.38,8.39,8.37,8.37,-0.01,-0.12%,0
"2026-08-27 11:28",8.41,8.41,8.37,8.38,0.01,+0.12%,0
"2026-08-27 11:29",8.38,8.44,8.38,8.44,0.06,+0.72%,0
"2026-08-27 11:30",8.42,8.58,8.42,8.58,0.14,+1.66%,0
"2026-08-27 11:31",8.55,8.57,8.53,8.53,-0.05,-0.58%,0
"2026-08-27 11:32",8.53,8.56,8.53,8.54,0.01,+0.12%,0
"2026-08-27 11:33",8.48,8.52,8.48,8.5,-0.04,-0.47%,0
"2026-08-27 11:34",8.51,8.65,8.51,8.64,0.14,+1.65%,0
"2026-08-27 11:35",8.62,8.64,8.59,8.64,0,0.00%,0
"2026-08-27 11:36",8.66,8.7,8.66,8.69,0.05,+0.58%,0
"2026-08-27 11:37",8.7,8.72,8.69,8.71,0.02,+0.23%,0
"2026-08-27 11:38",8.71,8.71,8.69,8.71,0,0.00%,0
"2026-08-27 11:39",8.71,8.77,8.71,8.73,0.02,+0.23%,0
"2026-08-27 11:40",8.7,8.73,8.7,8.71,-0.02,-0.23%,0
"2026-08-27 11:41",8.65,8.65,8.6,8.6,-0.11,-1.26%,0
"2026-08-27 11:42",8.61,8.68,8.61,8.68,0.08,+0.93%,0
"2026-08-27 11:43",8.67,8.81,8.67,8.78,0.1,+1.15%,0
"2026-08-27 11:44",8.78,8.87,8.78,8.83,0.05,+0.57%,0
"2026-08-27 11:45",8.84,8.92,8.84,8.92,0.09,+1.02%,0
"2026-08-27 11:46",8.91,8.96,8.91,8.92,0,0.00%,0
"2026-08-27 11:47",8.91,8.91,8.88,8.88,-0.04,-0.45%,0
"2026-08-27 11:48",8.92,8.96,8.92,8.96,0.08,+0.90%,0
"2026-08-27 11:49",8.94,8.97,8.94,8.97,0.01,+0.11%,0
"2026-08-27 11:50",8.93,8.93,8.84,8.85,-0.12,-1.34%,0
"2026-08-27 11:51",8.86,8.87,8.83,8.83,-0.02,-0.23%,0
"2026-08-27 11:52",8.8,8.84,8.8,8.8,-0.03,-0.34%,0
"2026-08-27 11:53",8.8,8.82,8.8,8.81,0.01,+0.11%,0
"2026-08-27 11:54",8.83,8.84,8.81,8.81,0,0.00%,0
"2026-08-27 11:55",8.84,8.89,8.84,8.89,0.08,+0.91%,0
"2026-08-27 11:56",8.88,8.88,8.83,8.83,-0.06,-0.67%,0
"2026-08-27 11:57",8.82,8.83,8.82,8.82,-0.01,-0.11%,0
"2026-08-27 11:58",8.82,8.86,8.82,8.84,0.02,+0.23%,0
"2026-08-27 11:59",8.84,8.84,8.83,8.83,-0.01,-0.11%,0
"2026-08-27 12:00",8.84,8.85,8.84,8.85,0.02,+0.23%,0
"2026-08-27 12:01",8.86,8.88,8.86,8.86,0.01,+0.11%,0
"2026-08-27 12:02",8.87,8.91,8.87,8.89,0.03,+0.34%,0
"2026-08-27 12:03",8.89,8.92,8.89,8.92,0.03,+0.34%,0
"2026-08-27 12:04",8.91,8.96,8.91,8.96,0.04,+0.45%,0
"2026-08-27 12:05",8.95,8.99,8.95,8.99,0.03,+0.33%,0
"2026-08-27 12:06",9,9.03,9,9.02,0.03,+0.33%,0
"2026-08-27 12:07",9.03,9.03,9.02,9.02,0,0.00%,0
"2026-08-27 12:08",9.03,9.04,9.03,9.03,0.01,+0.11%,0
"2026-08-27 12:09",9.03,9.04,9.02,9.02,-0.01,-0.11%,0
"2026-08-27 12:10",9.02,9.03,9.01,9.03,0.01,+0.11%,0
"2026-08-27 12:11",9,9.08,9,9.08,0.05,+0.55%,0
"2026-08-27 12:12",9.07,9.08,9.07,9.07,-0.01,-0.11%,0
"2026-08-27 12:13",9.07,9.1,9.06,9.06,-0.01,-0.11%,0
"2026-08-27 12:14",9.07,9.11,9.07,9.08,0.02,+0.22%,0
"2026-08-27 12:15",9.07,9.08,9.06,9.06,-0.02,-0.22%,0
"2026-08-27 12:16",9.04,9.07,9.04,9.07,0.01,+0.11%,0
"2026-08-27 12:17",9.08,9.11,9.08,9.11,0.04,+0.44%,0
"2026-08-27 12:18",9.11,9.13,9.11,9.12,0.01,+0.11%,0
"2026-08-27 12:19",9.11,9.13,9.1,9.1,-0.02,-0.22%,0
"2026-08-27 12:20",9.1,9.13,9.1,9.12,0.02,+0.22%,0
"2026-08-27 12:21",9.12,9.15,9.12,9.15,0.03,+0.33%,0
"2026-08-27 12:22",9.13,9.14,9.13,9.13,-0.02,-0.22%,0
"2026-08-27 12:23",9.13,9.15,9.13,9.14,0.01,+0.11%,0
"2026-08-27 12:24",9.14,9.17,9.14,9.16,0.02,+0.22%,0
"2026-08-27 12:25",9.15,9.16,9.14,9.14,-0.02,-0.22%,0
"2026-08-27 12:26",9.14,9.17,9.14,9.16,0.02,+0.22%,0
"2026-08-27 12:27",9.14,9.18,9.14,9.18,0.02,+0.22%,0
"2026-08-27 12:28",9.17,9.21,9.17,9.21,0.03,+0.33%,0
"2026-08-27 12:29",9.22,9.23,9.21,9.21,0,0.00%,0
"2026-08-27 12:30",9.21,9.22,9.2,9.2,-0.01,-0.11%,0
"2026-08-27 12:31",9.18,9.22,9.18,9.22,0.02,+0.22%,0
"2026-08-27 12:32",9.22,9.24,9.22,9.23,0.01,+0.11%,0
"2026-08-27 12:33",9.24,9.28,9.24,9.27,0.04,+0.43%,0
"2026-08-27 12:34",9.27,9.29,9.27,9.29,0.02,+0.22%,0
"2026-08-27 12:35",9.29,9.3,9.29,9.3,0.01,+0.11%,0
"2026-08-27 12:36",9.29,9.31,9.29,9.3,0,0.00%,0
"2026-08-27 12:37",9.3,9.34,9.3,9.34,0.04,+0.43%,0
"2026-08-27 12:38",9.35,9.37,9.35,9.36,0.02,+0.21%,0
"2026-08-27 12:39",9.34,9.38,9.34,9.38,0.02,+0.21%,0
"2026-08-27 12:40",9.39,9.44,9.39,9.44,0.06,+0.64%,0
"2026-08-27 12:41",9.43,9.44,9.4,9.4,-0.04,-0.42%,0
"2026-08-27 12:42",9.4,9.42,9.4,9.42,0.02,+0.21%,0
"2026-08-27 12:43",9.41,9.42,9.41,9.42,0,0.00%,0
"2026-08-27 12:44",9.42,9.44,9.42,9.44,0.02,+0.21%,0
"2026-08-27 12:45",9.46,9.51,9.46,9.51,0.07,+0.74%,0
"2026-08-27 12:46",9.53,9.53,9.48,9.48,-0.03,-0.32%,0
"2026-08-27 12:47",9.48,9.48,9.48,9.48,0,0.00%,0
"2026-08-27 12:48",9.46,9.51,9.46,9.51,0.03,+0.32%,0
"2026-08-27 12:49",9.5,9.52,9.5,9.51,0,0.00%,0
"2026-08-27 12:50",9.52,9.54,9.51,9.51,0,0.00%,0
"2026-08-27 12:51",9.52,9.54,9.52,9.52,0.01,+0.11%,0
"2026-08-27 12:52",9.52,9.54,9.52,9.54,0.02,+0.21%,0
"2026-08-27 12:53",9.55,9.57,9.54,9.57,0.03,+0.31%,0
"2026-08-27 12:54",9.56,9.61,9.56,9.59,0.02,+0.21%,0
"2026-08-27 12:55",9.57,9.59,9.57,9.57,-0.02,-0.21%,0
"2026-08-27 12:56",9.56,9.56,9.54,9.54,-0.03,-0.31%,0
"2026-08-27 12:57",9.54,9.57,9.54,9.56,0.02,+0.21%,0
"2026-08-27 12:58",9.56,9.58,9.56,9.57,0.01,+0.10%,0
"2026-08-27 12:59",9.57,9.59,9.57,9.58,0.01,+0.10%,0
"2026-08-27 13:00",9.61,9.64,9.61,9.64,0.06,+0.63%,0
"2026-08-27 13:01",9.64,9.65,9.64,9.65,0.01,+0.10%,0
"2026-08-27 13:02",9.66,9.67,9.66,9.66,0.01,+0.10%,0
"2026-08-27 13:03",9.66,9.67,9.66,9.67,0.01,+0.10%,0
"2026-08-27 13:04",9.66,9.68,9.66,9.68,0.01,+0.10%,0
"2026-08-27 13:05",9.67,9.67,9.66,9.67,-0.01,-0.10%,0
"2026-08-27 13:06",9.68,9.71,9.68,9.7,0.03,+0.31%,0
"2026-08-27 13:07",9.68,9.69,9.68,9.69,-0.01,-0.10%,0
"2026-08-27 13:08",9.68,9.73,9.68,9.73,0.04,+0.41%,0
"2026-08-27 13:09",9.72,9.76,9.72,9.76,0.03,+0.31%,0
"2026-08-27 13:10",9.74,9.78,9.74,9.77,0.01,+0.10%,0
"2026-08-27 13:11",9.77,9.8,9.77,9.8,0.03,+0.31%,0
"2026-08-27 13:12",9.79,9.83,9.79,9.83,0.03,+0.31%,0
"2026-08-27 13:13",9.83,9.85,9.83,9.84,0.01,+0.10%,0
"2026-08-27 13:14",9.92,9.99,9.92,9.98,0.14,+1.42%,0
"2026-08-27 13:15",9.97,9.99,9.97,9.99,0.01,+0.10%,0
"2026-08-27 13:16",9.99,10.01,9.98,9.98,-0.01,-0.10%,0
"2026-08-27 13:17",9.98,10,9.98,10,0.02,+0.20%,0
"2026-08-27 13:18",10,10.01,10,10,0,0.00%,0
"2026-08-27 13:19",10,10.01,10,10.01,0.01,+0.10%,0
"2026-08-27 13:20",10,10.02,10,10.01,0,0.00%,0
"2026-08-27 13:21",10.02,10.02,10.01,10.01,0,0.00%,0
"2026-08-27 13:22",10.01,10.01,9.99,9.99,-0.02,-0.20%,0
"2026-08-27 13:23",9.98,10,9.98,9.99,0,0.00%,0
"2026-08-27 13:24",10.04,10.11,10.04,10.11,0.12,+1.20%,0
"2026-08-27 13:25",10.11,10.12,10.11,10.12,0.01,+0.10%,0
"2026-08-27 13:26",10.16,10.18,10.16,10.16,0.04,+0.40%,0
"2026-08-27 13:27",10.15,10.18,10.15,10.16,0,0.00%,0
"2026-08-27 13:28",10.16,10.16,10.11,10.11,-0.05,-0.49%,0
"2026-08-27 13:29",10.1,10.12,10.1,10.1,-0.01,-0.10%,0
"2026-08-27 13:30",10.08,10.09,10.07,10.07,-0.03,-0.30%,0
"2026-08-27 13:31",10.08,10.13,10.08,10.13,0.06,+0.60%,0
"2026-08-27 13:32",10.12,10.12,10.1,10.1,-0.03,-0.30%,0
"2026-08-27 13:33",10.12,10.14,10.12,10.13,0.03,+0.30%,0
"2026-08-27 13:34",10.13,10.16,10.13,10.16,0.03,+0.30%,0
"2026-08-27 13:35",10.16,10.22,10.16,10.2,0.04,+0.39%,0
"2026-08-27 13:36",10.21,10.22,10.21,10.21,0.01,+0.10%,0
"2026-08-27 13:37",10.21,10.23,10.21,10.23,0.02,+0.20%,0
"2026-08-27 13:38",10.22,10.23,10.22,10.23,0,0.00%,0
"2026-08-27 13:39",10.23,10.24,10.23,10.23,0,0.00%,0
"2026-08-27 13:40",10.24,10.24,10.22,10.22,-0.01,-0.10%,0
"2026-08-27 13:41",10.22,10.25,10.22,10.24,0.02,+0.20%,0
"2026-08-27 13:42",10.23,10.25,10.23,10.25,0.01,+0.10%,0
"2026-08-27 13:43",10.25,10.26,10.25,10.25,0,0.00%,0
"2026-08-27 13:44",10.25,10.34,10.25,10.34,0.09,+0.88%,0
"2026-08-27 13:45",10.35,10.35,10.33,10.33,-0.01,-0.10%,0
"2026-08-27 13:46",10.33,10.33,10.31,10.31,-0.02,-0.19%,0
"2026-08-27 13:47",10.32,10.34,10.31,10.33,0.02,+0.19%,0
"2026-08-27 13:48",10.34,10.34,10.34,10.34,0.01,+0.10%,0
"2026-08-27 13:49",10.37,10.39,10.37,10.38,0.04,+0.39%,0
"2026-08-27 13:50",10.36,10.39,10.36,10.39,0.01,+0.10%,0
"2026-08-27 13:51",10.39,10.42,10.39,10.41,0.02,+0.19%,0
"2026-08-27 13:52",10.41,10.43,10.41,10.43,0.02,+0.19%,0
"2026-08-27 13:53",10.4,10.43,10.4,10.42,-0.01,-0.10%,0
"2026-08-27 13:54",10.43,10.43,10.39,10.39,-0.03,-0.29%,0
"2026-08-27 13:55",10.4,10.42,10.4,10.4,0.01,+0.10%,0
"2026-08-27 13:56",10.41,10.43,10.41,10.41,0.01,+0.10%,0
"2026-08-27 13:57",10.39,10.42,10.39,10.41,0,0.00%,0
"2026-08-27 13:58",10.43,10.45,10.42,10.42,0.01,+0.10%,0
"2026-08-27 13:59",10.41,10.43,10.41,10.42,0,0.00%,0
"2026-08-27 14:00",10.43,10.43,10.4,10.4,-0.02,-0.19%,0
"2026-08-27 14:01",10.41,10.5,10.41,10.5,0.1,+0.96%,0
"2026-08-27 14:02",10.58,10.59,10.57,10.59,0.09,+0.86%,0
"2026-08-27 14:03",10.55,10.6,10.55,10.56,-0.03,-0.28%,0
"2026-08-27 14:04",10.55,10.67,10.55,10.67,0.11,+1.04%,0
"2026-08-27 14:05",10.67,10.69,10.66,10.66,-0.01,-0.09%,0
"2026-08-27 14:06",10.64,10.64,10.6,10.6,-0.06,-0.56%,0
"2026-08-27 14:07",10.6,10.61,10.58,10.61,0.01,+0.09%,0
"2026-08-27 14:08",10.59,10.63,10.59,10.63,0.02,+0.19%,0
"2026-08-27 14:09",10.6,10.64,10.6,10.61,-0.02,-0.19%,0
"2026-08-27 14:10",10.62,10.63,10.61,10.63,0.02,+0.19%,0
"2026-08-27 14:11",10.62,10.65,10.59,10.59,-0.04,-0.38%,0
"2026-08-27 14:12",10.58,10.66,10.58,10.66,0.07,+0.66%,0
"2026-08-27 14:13",10.62,10.69,10.62,10.69,0.03,+0.28%,0
"2026-08-27 14:14",10.72,10.77,10.72,10.74,0.05,+0.47%,0
"2026-08-27 14:15",10.74,10.76,10.74,10.76,0.02,+0.19%,0
"2026-08-27 14:16",10.77,10.83,10.77,10.83,0.07,+0.65%,0
"2026-08-27 14:17",10.83,10.83,10.81,10.81,-0.02,-0.18%,0
"2026-08-27 14:18",10.81,10.81,10.8,10.8,-0.01,-0.09%,0
"2026-08-27 14:19",10.76,10.79,10.75,10.79,-0.01,-0.09%,0
"2026-08-27 14:20",10.79,10.79,10.78,10.78,-0.01,-0.09%,0
"2026-08-27 14:21",10.78,10.81,10.78,10.8,0.02,+0.19%,0
"2026-08-27 14:22",10.79,10.82,10.78,10.82,0.02,+0.19%,0
"2026-08-27 14:23",10.82,10.86,10.82,10.86,0.04,+0.37%,0
"2026-08-27 14:24",10.88,10.92,10.88,10.92,0.06,+0.55%,0
"2026-08-27 14:25",10.91,10.97,10.91,10.97,0.05,+0.46%,0
"2026-08-27 14:26",10.98,10.98,10.96,10.96,-0.01,-0.09%,0
"2026-08-27 14:27",10.97,11.04,10.97,11.04,0.08,+0.73%,0
"2026-08-27 14:28",11.11,11.2,11.09,11.09,0.05,+0.45%,0
"2026-08-27 14:29",11.13,11.24,11.13,11.24,0.15,+1.35%,0
"2026-08-27 14:30",11.18,11.18,11.09,11.09,-0.15,-1.33%,0
"2026-08-27 14:31",11.05,11.05,11,11,-0.09,-0.81%,0
"2026-08-27 14:32",11.04,11.17,11.04,11.17,0.17,+1.55%,0
"2026-08-27 14:33",11.17,11.34,11.17,11.34,0.17,+1.52%,0
"2026-08-27 14:34",11.42,11.46,11.42,11.44,0.1,+0.88%,0
"2026-08-27 14:35",11.45,11.48,11.45,11.48,0.04,+0.35%,0
"2026-08-27 14:36",11.45,11.45,11.4,11.4,-0.08,-0.70%,0
"2026-08-27 14:37",11.37,11.37,11.32,11.32,-0.08,-0.70%,0
"2026-08-27 14:38",11.31,11.35,11.3,11.3,-0.02,-0.18%,0
"2026-08-27 14:39",11.32,11.36,11.32,11.35,0.05,+0.44%,0
"2026-08-27 14:40",11.31,11.34,11.31,11.33,-0.02,-0.18%,0
"2026-08-27 14:41",11.31,11.39,11.31,11.39,0.06,+0.53%,0
"2026-08-27 14:42",11.39,11.41,11.39,11.41,0.02,+0.18%,0
"2026-08-27 14:43",11.42,11.45,11.42,11.45,0.04,+0.35%,0
"2026-08-27 14:44",11.45,11.45,11.44,11.44,-0.01,-0.09%,0
"2026-08-27 14:45",11.44,11.46,11.44,11.45,0.01,+0.09%,0
"2026-08-27 14:46",11.45,11.46,11.41,11.41,-0.04,-0.35%,0
"2026-08-27 14:47",11.39,11.4,11.38,11.38,-0.03,-0.26%,0
"2026-08-27 14:48",11.35,11.36,11.35,11.35,-0.03,-0.26%,0
"2026-08-27 14:49",11.37,11.4,11.37,11.4,0.05,+0.44%,0
"2026-08-27 14:50",11.49,11.61,11.49,11.61,0.21,+1.84%,0
"2026-08-27 14:51",11.58,11.61,11.57,11.57,-0.04,-0.34%,0
"2026-08-27 14:52",11.57,11.61,11.57,11.61,0.04,+0.35%,0
"2026-08-27 14:53",11.6,11.61,11.6,11.61,0,0.00%,0
"2026-08-27 14:54",11.64,11.65,11.64,11.65,0.04,+0.34%,0
"2026-08-27 14:55",11.66,11.72,11.66,11.68,0.03,+0.26%,0
"2026-08-27 14:56",11.69,11.73,11.69,11.72,0.04,+0.34%,0
"2026-08-27 14:57",11.71,11.71,11.64,11.64,-0.08,-0.68%,0
"2026-08-27 14:58",11.63,11.63,11.57,11.57,-0.07,-0.60%,0
"2026-08-27 14:59",11.54,11.56,11.53,11.53,-0.04,-0.35%,0
"2026-08-27 15:00",11.52,11.52,11.49,11.49,-0.04,-0.35%,0
"2026-08-27 15:01",11.47,11.47,11.39,11.39,-0.1,-0.87%,0
"2026-08-27 15:02",11.37,11.41,11.37,11.41,0.02,+0.18%,0
"2026-08-27 15:03",11.43,11.44,11.42,11.42,0.01,+0.09%,0
"2026-08-27 15:04",11.4,11.4,11.33,11.33,-0.09,-0.79%,0
"2026-08-27 15:05",11.33,11.38,11.31,11.38,0.05,+0.44%,0
"2026-08-27 15:06",11.39,11.4,11.38,11.39,0.01,+0.09%,0
"2026-08-27 15:07",11.39,11.45,11.39,11.45,0.06,+0.53%,0
"2026-08-27 15:08",11.46,11.5,11.46,11.49,0.04,+0.35%,0
"2026-08-27 15:09",11.43,11.43,11.42,11.43,-0.06,-0.52%,0
"2026-08-27 15:10",11.43,11.45,11.41,11.42,-0.01,-0.09%,0
"2026-08-27 15:11",11.41,11.42,11.41,11.41,-0.01,-0.09%,0
"2026-08-27 15:12",11.43,11.44,11.43,11.43,0.02,+0.18%,0
"2026-08-27 15:13",11.43,11.46,11.42,11.42,-0.01,-0.09%,0
"2026-08-27 15:14",11.43,11.44,11.42,11.42,0,0.00%,0
"2026-08-27 15:15",11.49,11.49,11.46,11.46,0.04,+0.35%,0
"2026-08-27 15:16",11.47,11.48,11.47,11.48,0.02,+0.17%,0
"2026-08-27 15:17",11.47,11.52,11.47,11.52,0.04,+0.35%,0
"2026-08-27 15:18",11.52,11.59,11.52,11.59,0.07,+0.61%,0
"2026-08-27 15:19",11.6,11.61,11.6,11.61,0.02,+0.17%,0
"2026-08-27 15:20",11.61,11.63,11.61,11.63,0.02,+0.17%,0
"2026-08-27 15:21",11.62,11.63,11.59,11.59,-0.04,-0.34%,0
"2026-08-27 15:22",11.6,11.64,11.6,11.62,0.03,+0.26%,0
"2026-08-27 15:23",11.62,11.63,11.62,11.63,0.01,+0.09%,0
"2026-08-27 15:24",11.62,11.66,11.62,11.65,0.02,+0.17%,0
"2026-08-27 15:25",11.67,11.74,11.67,11.71,0.06,+0.52%,0
"2026-08-27 15:26",11.74,11.74,11.71,11.71,0,0.00%,0
"2026-08-27 15:27",11.72,11.77,11.72,11.77,0.06,+0.51%,0
"2026-08-27 15:28",11.78,11.81,11.75,11.75,-0.02,-0.17%,0
"2026-08-27 15:29",11.71,11.73,11.7,11.71,-0.04,-0.34%,0
"2026-08-27 15:30",11.7,11.7,11.62,11.62,-0.09,-0.77%,0
"2026-08-27 15:31",11.6,11.62,11.57,11.57,-0.05,-0.43%,0
"2026-08-27 15:32",11.54,11.54,11.52,11.52,-0.05,-0.43%,0
"2026-08-27 15:33",11.51,11.52,11.49,11.49,-0.03,-0.26%,0
"2026-08-27 15:34",11.51,11.51,11.47,11.47,-0.02,-0.17%,0
"2026-08-27 15:35",11.48,11.48,11.47,11.47,0,0.00%,0
"2026-08-27 15:36",11.48,11.49,11.48,11.49,0.02,+0.17%,0
"2026-08-27 15:37",11.48,11.48,11.47,11.47,-0.02,-0.17%,0
"2026-08-27 15:38",11.48,11.55,11.48,11.55,0.08,+0.70%,0
"2026-08-27 15:39",11.55,11.55,11.52,11.53,-0.02,-0.17%,0
"2026-08-27 15:40",11.52,11.55,11.52,11.55,0.02,+0.17%,0
"2026-08-27 15:41",11.56,11.58,11.55,11.55,0,0.00%,0
"2026-08-27 15:42",11.55,11.56,11.55,11.55,0,0.00%,0
"2026-08-27 15:43",11.54,11.58,11.53,11.53,-0.02,-0.17%,0
"2026-08-27 15:44",11.53,11.53,11.51,11.51,-0.02,-0.17%,0
"2026-08-27 15:45",11.48,11.48,11.46,11.47,-0.04,-0.35%,0
"2026-08-27 15:46",11.44,11.48,11.44,11.48,0.01,+0.09%,0
"2026-08-27 15:47",11.47,11.49,11.47,11.47,-0.01,-0.09%,0
"2026-08-27 15:48",11.49,11.49,11.44,11.44,-0.03,-0.26%,0
"2026-08-27 15:49",11.44,11.47,11.44,11.47,0.03,+0.26%,0
"2026-08-27 15:50",11.5,11.64,11.5,11.64,0.17,+1.48%,0
"2026-08-27 15:51",11.67,11.75,11.67,11.71,0.07,+0.60%,0
"2026-08-27 15:52",11.64,11.64,11.45,11.45,-0.26,-2.22%,0
"2026-08-27 15:53",11.48,11.56,11.48,11.56,0.11,+0.96%,0
"2026-08-27 15:54",11.54,11.54,11.48,11.48,-0.08,-0.69%,0
"2026-08-27 15:55",11.43,11.46,11.42,11.42,-0.06,-0.52%,0
"2026-08-27 15:56",11.43,11.43,11.4,11.42,0,0.00%,0
"2026-08-27 15:57",11.43,11.43,11.34,11.34,-0.08,-0.70%,0
"2026-08-27 15:58",11.34,11.34,11.27,11.27,-0.07,-0.62%,0
"2026-08-27 15:59",11.29,11.29,11.22,11.27,0,0.00%,0
"2026-08-27 16:00",11.37,11.48,11.37,11.48,0.21,+1.86%,0
"2026-08-27 16:01",11.51,11.54,11.5,11.51,0.03,+0.26%,0
"2026-08-27 16:02",11.5,11.51,11.5,11.5,-0.01,-0.09%,0
"2026-08-27 16:03",11.49,11.51,11.49,11.5,0,0.00%,0
"2026-08-27 16:04",11.49,11.53,11.46,11.46,-0.04,-0.35%,0
"2026-08-27 16:05",11.45,11.48,11.45,11.45,-0.01,-0.09%,0
"2026-08-27 16:06",11.5,11.5,11.47,11.47,0.02,+0.17%,0
"2026-08-27 16:07",11.45,11.55,11.45,11.54,0.07,+0.61%,0
"2026-08-27 16:08",11.56,11.58,11.56,11.56,0.02,+0.17%,0
"2026-08-27 16:09",11.54,11.56,11.54,11.55,-0.01,-0.09%,0
"2026-08-27 16:10",11.56,11.57,11.56,11.57,0.02,+0.17%,0
"2026-08-27 16:11",11.57,11.57,11.55,11.57,0,0.00%,0
"2026-08-27 16:12",11.56,11.56,11.51,11.51,-0.06,-0.52%,0
"2026-08-27 16:13",11.52,11.52,11.46,11.5,-0.01,-0.09%,0
"2026-08-27 16:14",11.49,11.49,11.47,11.47,-0.03,-0.26%,0
"2026-08-27 16:15",11.52,11.52,11.52,11.52,0.05,+0.44%,0
"2026-08-28 09:31",9.98,9.98,9.72,9.72,-1.8,-15.63%,0
"2026-08-28 09:32",9.72,9.72,9.57,9.63,-0.09,-0.93%,0
"2026-08-28 09:33",9.62,9.74,9.62,9.7,0.07,+0.73%,0
"2026-08-28 09:34",9.65,9.71,9.65,9.71,0.01,+0.10%,0
"2026-08-28 09:35",9.74,9.74,9.65,9.65,-0.06,-0.62%,0
"2026-08-28 09:36",9.63,9.67,9.63,9.63,-0.02,-0.21%,0
"2026-08-28 09:37",9.62,9.73,9.62,9.72,0.09,+0.93%,0
"2026-08-28 09:38",9.74,9.74,9.66,9.66,-0.06,-0.62%,0
"2026-08-28 09:39",9.65,9.71,9.65,9.66,0,0.00%,0
"2026-08-28 09:40",9.65,9.65,9.61,9.61,-0.05,-0.52%,0
"2026-08-28 09:41",9.64,9.74,9.64,9.72,0.11,+1.14%,0
"2026-08-28 09:42",9.69,9.69,9.67,9.67,-0.05,-0.51%,0
"2026-08-28 09:43",9.67,9.7,9.67,9.7,0.03,+0.31%,0
"2026-08-28 09:44",9.65,9.69,9.65,9.68,-0.02,-0.21%,0
"2026-08-28 09:45",9.67,9.68,9.67,9.68,0,0.00%,0
"2026-08-28 09:46",9.69,9.7,9.67,9.67,-0.01,-0.10%,0
"2026-08-28 09:47",9.65,9.67,9.62,9.62,-0.05,-0.52%,0
"2026-08-28 09:48",9.6,9.61,9.6,9.6,-0.02,-0.21%,0
"2026-08-28 09:49",9.61,9.63,9.61,9.63,0.03,+0.31%,0
"2026-08-28 09:50",9.8,10.03,9.8,9.99,0.36,+3.74%,0
"2026-08-28 09:51",10.06,10.06,9.9,9.9,-0.09,-0.90%,0
"2026-08-28 09:52",9.96,9.96,9.87,9.95,0.05,+0.51%,0
"2026-08-28 09:53",9.94,9.96,9.94,9.96,0.01,+0.10%,0
"2026-08-28 09:54",9.93,9.96,9.9,9.96,0,0.00%,0
"2026-08-28 09:55",10.06,10.07,10.02,10.02,0.06,+0.60%,0
"2026-08-28 09:56",10.07,10.07,10.05,10.07,0.05,+0.50%,0
"2026-08-28 09:57",10.03,10.05,10.01,10.05,-0.02,-0.20%,0
"2026-08-28 09:58",10.05,10.06,10.01,10.01,-0.04,-0.40%,0
"2026-08-28 09:59",9.92,9.92,9.85,9.85,-0.16,-1.60%,0
"2026-08-28 10:00",9.96,9.96,9.62,9.62,-0.23,-2.34%,0
"2026-08-28 10:01",9.59,9.59,9.48,9.48,-0.14,-1.46%,0
"2026-08-28 10:02",9.57,9.57,9.34,9.34,-0.14,-1.48%,0
"2026-08-28 10:03",9.26,9.37,9.26,9.37,0.03,+0.32%,0
"2026-08-28 10:04",9.48,9.65,9.48,9.52,0.15,+1.60%,0
"2026-08-28 10:05",9.45,9.56,9.45,9.52,0,0.00%,0
"2026-08-28 10:06",9.58,9.83,9.58,9.8,0.28,+2.94%,0
"2026-08-28 10:07",9.66,9.88,9.66,9.7,-0.1,-1.02%,0
"2026-08-28 10:08",9.67,9.67,9.55,9.55,-0.15,-1.55%,0
"2026-08-28 10:09",9.42,9.43,9.34,9.34,-0.21,-2.20%,0
"2026-08-28 10:10",9.46,9.46,9.37,9.41,0.07,+0.75%,0
"2026-08-28 10:11",9.45,9.52,9.43,9.52,0.11,+1.17%,0
"2026-08-28 10:12",9.46,9.51,9.4,9.4,-0.12,-1.26%,0
"2026-08-28 10:13",9.37,9.6,9.37,9.6,0.2,+2.13%,0
"2026-08-28 10:14",9.53,9.53,9.44,9.46,-0.14,-1.46%,0
"2026-08-28 10:15",9.41,9.41,9.22,9.22,-0.24,-2.54%,0
"2026-08-28 10:16",9.19,9.24,9.12,9.16,-0.06,-0.65%,0
"2026-08-28 10:17",9.12,9.12,9,9,-0.16,-1.75%,0
"2026-08-28 10:18",8.98,8.98,8.91,8.91,-0.09,-1.00%,0
"2026-08-28 10:19",8.91,8.91,8.75,8.77,-0.14,-1.57%,0
"2026-08-28 10:20",8.81,8.81,8.64,8.68,-0.09,-1.03%,0
"2026-08-28 10:21",8.68,8.68,8.44,8.44,-0.24,-2.76%,0
"2026-08-28 10:22",8.45,8.45,8.29,8.29,-0.15,-1.78%,0
"2026-08-28 10:23",8.35,8.47,8.35,8.47,0.18,+2.17%,0
"2026-08-28 10:24",8.52,8.74,8.52,8.64,0.17,+2.01%,0
"2026-08-28 10:25",8.5,8.58,8.5,8.5,-0.14,-1.62%,0
"2026-08-28 10:26",8.61,8.74,8.61,8.62,0.12,+1.41%,0
"2026-08-28 10:27",8.55,8.66,8.55,8.66,0.04,+0.46%,0
"2026-08-28 10:28",8.78,8.79,8.72,8.72,0.06,+0.69%,0
"2026-08-28 10:29",8.65,8.66,8.55,8.55,-0.17,-1.95%,0
"2026-08-28 10:30",8.5,8.57,8.5,8.52,-0.03,-0.35%,0
"2026-08-28 10:31",8.51,8.51,8.43,8.45,-0.07,-0.82%,0
"2026-08-28 10:32",8.46,8.46,8.41,8.41,-0.04,-0.47%,0
"2026-08-28 10:33",8.46,8.49,8.35,8.35,-0.06,-0.71%,0
"2026-08-28 10:34",8.39,8.4,8.39,8.4,0.05,+0.60%,0
"2026-08-28 10:35",8.36,8.37,8.33,8.36,-0.04,-0.48%,0
"2026-08-28 10:36",8.3,8.31,8.27,8.3,-0.06,-0.72%,0
"2026-08-28 10:37",8.28,8.28,8.2,8.2,-0.1,-1.20%,0
"2026-08-28 10:38",8.18,8.18,8.13,8.14,-0.06,-0.73%,0
"2026-08-28 10:39",8.12,8.13,8.12,8.12,-0.02,-0.25%,0
"2026-08-28 10:40",8.12,8.12,8.02,8.02,-0.1,-1.23%,0
"2026-08-28 10:41",7.96,8,7.96,7.97,-0.05,-0.62%,0
"2026-08-28 10:42",7.96,7.96,7.88,7.88,-0.09,-1.13%,0
"2026-08-28 10:43",7.85,7.85,7.84,7.85,-0.03,-0.38%,0
"2026-08-28 10:44",7.8,7.85,7.77,7.85,0,0.00%,0
"2026-08-28 10:45",7.9,7.9,7.89,7.89,0.04,+0.51%,0
"2026-08-28 10:46",7.91,7.94,7.9,7.9,0.01,+0.13%,0
"2026-08-28 10:47",7.9,7.92,7.87,7.87,-0.03,-0.38%,0
"2026-08-28 10:48",7.87,7.88,7.83,7.83,-0.04,-0.51%,0
"2026-08-28 10:49",7.85,7.85,7.83,7.83,0,0.00%,0
"2026-08-28 10:50",7.81,7.83,7.79,7.82,-0.01,-0.13%,0
"2026-08-28 10:51",7.85,7.87,7.85,7.87,0.05,+0.64%,0
"2026-08-28 10:52",7.84,7.85,7.82,7.82,-0.05,-0.64%,0
"2026-08-28 10:53",7.84,7.84,7.79,7.82,0,0.00%,0
"2026-08-28 10:54",7.84,7.89,7.84,7.89,0.07,+0.90%,0
"2026-08-28 10:55",7.91,7.93,7.89,7.89,0,0.00%,0
"2026-08-28 10:56",7.87,7.9,7.87,7.9,0.01,+0.13%,0
"2026-08-28 10:57",7.89,7.92,7.89,7.9,0,0.00%,0
"2026-08-28 10:58",7.93,7.98,7.93,7.97,0.07,+0.89%,0
"2026-08-28 10:59",7.95,8,7.95,8,0.03,+0.38%,0
"2026-08-28 11:00",8,8.07,8,8.07,0.07,+0.88%,0
"2026-08-28 11:01",8.08,8.18,8.08,8.18,0.11,+1.36%,0
"2026-08-28 11:02",8.08,8.13,8.08,8.08,-0.1,-1.22%,0
"2026-08-28 11:03",8.06,8.06,8,8.02,-0.06,-0.74%,0
"2026-08-28 11:04",7.99,8.02,7.99,7.99,-0.03,-0.37%,0
"2026-08-28 11:05",7.99,8.01,7.99,8,0.01,+0.13%,0
"2026-08-28 11:06",8.02,8.02,7.98,7.98,-0.02,-0.25%,0
"2026-08-28 11:07",7.97,7.97,7.96,7.96,-0.02,-0.25%,0
"2026-08-28 11:08",7.95,7.96,7.92,7.92,-0.04,-0.50%,0
"2026-08-28 11:09",7.95,7.97,7.94,7.97,0.05,+0.63%,0
"2026-08-28 11:10",7.99,7.99,7.96,7.98,0.01,+0.13%,0
"2026-08-28 11:11",7.98,8.03,7.98,8.02,0.04,+0.50%,0
"2026-08-28 11:12",7.98,8.05,7.98,8,-0.02,-0.25%,0
"2026-08-28 11:13",8,8.08,8,8.06,0.06,+0.75%,0
"2026-08-28 11:14",8.02,8.02,7.93,7.93,-0.13,-1.61%,0
"2026-08-28 11:15",7.96,7.96,7.83,7.83,-0.1,-1.26%,0
"2026-08-28 11:16",7.85,7.85,7.81,7.81,-0.02,-0.26%,0
"2026-08-28 11:17",7.84,7.85,7.83,7.83,0.02,+0.26%,0
"2026-08-28 11:18",7.8,7.82,7.8,7.81,-0.02,-0.26%,0
"2026-08-28 11:19",7.79,7.79,7.76,7.76,-0.05,-0.64%,0
"2026-08-28 11:20",7.75,7.76,7.75,7.75,-0.01,-0.13%,0
"2026-08-28 11:21",7.74,7.77,7.74,7.77,0.02,+0.26%,0
"2026-08-28 11:22",7.74,7.74,7.73,7.73,-0.04,-0.51%,0
"2026-08-28 11:23",7.72,7.72,7.69,7.69,-0.04,-0.52%,0
"2026-08-28 11:24",7.68,7.69,7.66,7.66,-0.03,-0.39%,0
"2026-08-28 11:25",7.65,7.67,7.65,7.65,-0.01,-0.13%,0
"2026-08-28 11:26",7.62,7.68,7.62,7.66,0.01,+0.13%,0
"2026-08-28 11:27",7.66,7.67,7.66,7.67,0.01,+0.13%,0
"2026-08-28 11:28",7.65,7.66,7.65,7.66,-0.01,-0.13%,0
"2026-08-28 11:29",7.66,7.68,7.64,7.64,-0.02,-0.26%,0
"2026-08-28 11:30",7.62,7.63,7.61,7.62,-0.02,-0.26%,0
"2026-08-28 11:31",7.63,7.67,7.63,7.64,0.02,+0.26%,0
"2026-08-28 11:32",7.64,7.64,7.6,7.6,-0.04,-0.52%,0
"2026-08-28 11:33",7.6,7.61,7.58,7.58,-0.02,-0.26%,0
"2026-08-28 11:34",7.59,7.66,7.59,7.63,0.05,+0.66%,0
"2026-08-28 11:35",7.69,7.69,7.67,7.69,0.06,+0.79%,0
"2026-08-28 11:36",7.69,7.7,7.66,7.66,-0.03,-0.39%,0
"2026-08-28 11:37",7.66,7.69,7.66,7.67,0.01,+0.13%,0
"2026-08-28 11:38",7.69,7.72,7.68,7.72,0.05,+0.65%,0
"2026-08-28 11:39",7.75,7.81,7.75,7.81,0.09,+1.17%,0
"2026-08-28 11:40",7.81,8.02,7.81,8.02,0.21,+2.69%,0
"2026-08-28 11:41",8.24,8.24,8.06,8.06,0.04,+0.50%,0
"2026-08-28 11:42",8.09,8.18,8.09,8.18,0.12,+1.49%,0
"2026-08-28 11:43",8.19,8.21,8.11,8.11,-0.07,-0.86%,0
"2026-08-28 11:44",8.11,8.24,8.11,8.24,0.13,+1.60%,0
"2026-08-28 11:45",8.24,8.31,8.24,8.31,0.07,+0.85%,0
"2026-08-28 11:46",8.21,8.3,8.21,8.3,-0.01,-0.12%,0
"2026-08-28 11:47",8.27,8.27,8.22,8.26,-0.04,-0.48%,0
"2026-08-28 11:48",8.39,8.54,8.39,8.48,0.22,+2.66%,0
"2026-08-28 11:49",8.49,8.59,8.49,8.57,0.09,+1.06%,0
"2026-08-28 11:50",8.55,8.61,8.5,8.61,0.04,+0.47%,0
"2026-08-28 11:51",8.66,8.81,8.65,8.81,0.2,+2.32%,0
"2026-08-28 11:52",8.93,9.17,8.93,9.17,0.36,+4.09%,0
"2026-08-28 11:53",9.17,9.17,8.93,8.93,-0.24,-2.62%,0
"2026-08-28 11:54",9.09,9.12,9.02,9.02,0.09,+1.01%,0
"2026-08-28 11:55",8.91,9.22,8.91,9.22,0.2,+2.22%,0
"2026-08-28 11:56",9.21,9.46,9.21,9.46,0.24,+2.60%,0
"2026-08-28 11:57",9.57,9.76,9.57,9.62,0.16,+1.69%,0
"2026-08-28 11:58",9.63,9.65,9.47,9.52,-0.1,-1.04%,0
"2026-08-28 11:59",9.47,9.64,9.47,9.64,0.12,+1.26%,0
"2026-08-28 12:00",9.58,9.6,9.5,9.5,-0.14,-1.45%,0
"2026-08-28 12:01",9.61,9.95,9.61,9.95,0.45,+4.74%,0
"2026-08-28 12:02",9.79,9.79,9.77,9.77,-0.18,-1.81%,0
"2026-08-28 12:03",9.61,9.62,9.55,9.55,-0.22,-2.25%,0
"2026-08-28 12:04",9.53,9.65,9.53,9.65,0.1,+1.05%,0
"2026-08-28 12:05",9.63,9.65,9.54,9.54,-0.11,-1.14%,0
"2026-08-28 12:06",9.44,9.61,9.44,9.61,0.07,+0.73%,0
"2026-08-28 12:07",9.45,9.45,9.27,9.27,-0.34,-3.54%,0
"2026-08-28 12:08",9.27,9.33,9.25,9.25,-0.02,-0.22%,0
"2026-08-28 12:09",9.19,9.19,9.13,9.13,-0.12,-1.30%,0
"2026-08-28 12:10",9.14,9.19,9.13,9.13,0,0.00%,0
"2026-08-28 12:11",9.1,9.23,9.09,9.23,0.1,+1.10%,0
"2026-08-28 12:12",9.36,9.36,9.32,9.32,0.09,+0.98%,0
"2026-08-28 12:13",9.33,9.41,9.33,9.36,0.04,+0.43%,0
"2026-08-28 12:14",9.32,9.36,9.26,9.36,0,0.00%,0
"2026-08-28 12:15",9.36,9.46,9.28,9.46,0.1,+1.07%,0
"2026-08-28 12:16",9.62,9.79,9.62,9.75,0.29,+3.07%,0
"2026-08-28 12:17",9.73,9.79,9.72,9.77,0.02,+0.21%,0
"2026-08-28 12:18",9.75,10.24,9.75,10.24,0.47,+4.81%,0
"2026-08-28 12:19",10.19,10.19,10.04,10.06,-0.18,-1.76%,0
"2026-08-28 12:20",10.05,10.24,9.99,10.24,0.18,+1.79%,0
"2026-08-28 12:21",10.29,10.52,10.29,10.4,0.16,+1.56%,0
"2026-08-28 12:22",10.34,10.62,10.34,10.62,0.22,+2.12%,0
"2026-08-28 12:23",10.51,10.69,10.51,10.65,0.03,+0.28%,0
"2026-08-28 12:24",10.6,10.99,10.6,10.76,0.11,+1.03%,0
"2026-08-28 12:25",10.77,10.89,10.77,10.77,0.01,+0.09%,0
"2026-08-28 12:26",10.67,10.68,10.6,10.68,-0.09,-0.84%,0
"2026-08-28 12:27",10.63,10.63,10.57,10.59,-0.09,-0.84%,0
"2026-08-28 12:28",10.48,10.52,10.48,10.52,-0.07,-0.66%,0
"2026-08-28 12:29",10.59,10.62,10.54,10.57,0.05,+0.48%,0
"2026-08-28 12:30",10.57,10.57,10.34,10.39,-0.18,-1.70%,0
"2026-08-28 12:31",10.27,10.29,10.18,10.29,-0.1,-0.96%,0
"2026-08-28 12:32",10.15,10.18,9.9,9.9,-0.39,-3.79%,0
"2026-08-28 12:33",9.93,10.14,9.93,10.14,0.24,+2.42%,0
"2026-08-28 12:34",10.07,10.33,10.07,10.33,0.19,+1.87%,0
"2026-08-28 12:35",10.44,10.44,10.22,10.22,-0.11,-1.06%,0
"2026-08-28 12:36",10.1,10.13,9.99,9.99,-0.23,-2.25%,0
"2026-08-28 12:37",10.05,10.05,9.91,9.91,-0.08,-0.80%,0
"2026-08-28 12:38",9.93,9.93,9.84,9.93,0.02,+0.20%,0
"2026-08-28 12:39",9.88,10.03,9.88,10.03,0.1,+1.01%,0
"2026-08-28 12:40",9.97,10.27,9.97,10.27,0.24,+2.39%,0
"2026-08-28 12:41",10.25,10.36,10.23,10.23,-0.04,-0.39%,0
"2026-08-28 12:42",10.31,10.31,10.31,10.31,0.08,+0.78%,0
"2026-08-28 12:43",10.33,10.43,10.33,10.39,0.08,+0.78%,0
"2026-08-28 12:44",10.43,10.5,10.42,10.43,0.04,+0.38%,0
"2026-08-28 12:45",10.37,10.37,10.11,10.11,-0.32,-3.07%,0
"2026-08-28 12:46",10.05,10.07,9.97,9.97,-0.14,-1.38%,0
"2026-08-28 12:47",10.01,10.01,9.95,9.95,-0.02,-0.20%,0
"2026-08-28 12:48",9.92,9.94,9.87,9.87,-0.08,-0.80%,0
"2026-08-28 12:49",9.87,9.92,9.83,9.92,0.05,+0.51%,0
"2026-08-28 12:50",9.9,10.01,9.88,10.01,0.09,+0.91%,0
"2026-08-28 12:51",10,10,9.85,9.85,-0.16,-1.60%,0
"2026-08-28 12:52",9.86,9.87,9.84,9.84,-0.01,-0.10%,0
"2026-08-28 12:53",9.71,9.86,9.71,9.86,0.02,+0.20%,0
"2026-08-28 12:54",9.97,10.1,9.89,10.1,0.24,+2.43%,0
"2026-08-28 12:55",10.12,10.13,10.09,10.1,0,0.00%,0
"2026-08-28 12:56",10.08,10.21,10.08,10.21,0.11,+1.09%,0
"2026-08-28 12:57",10.19,10.19,10.16,10.16,-0.05,-0.49%,0
"2026-08-28 12:58",10.06,10.06,10.01,10.06,-0.1,-0.98%,0
"2026-08-28 12:59",10.04,10.09,10.04,10.09,0.03,+0.30%,0
"2026-08-28 13:00",10.17,10.61,10.17,10.61,0.52,+5.15%,0
"2026-08-28 13:01",10.6,10.66,10.58,10.62,0.01,+0.09%,0
"2026-08-28 13:02",10.63,10.66,10.58,10.58,-0.04,-0.38%,0
"2026-08-28 13:03",10.5,10.54,10.5,10.54,-0.04,-0.38%,0
"2026-08-28 13:04",10.41,10.48,10.34,10.48,-0.06,-0.57%,0
"2026-08-28 13:05",10.54,10.61,10.54,10.58,0.1,+0.95%,0
"2026-08-28 13:06",10.62,10.75,10.62,10.73,0.15,+1.42%,0
"2026-08-28 13:07",10.79,10.79,10.74,10.75,0.02,+0.19%,0
"2026-08-28 13:08",10.78,10.85,10.78,10.85,0.1,+0.93%,0
"2026-08-28 13:09",10.79,10.94,10.79,10.86,0.01,+0.09%,0
"2026-08-28 13:10",10.94,11.04,10.94,10.98,0.12,+1.10%,0
"2026-08-28 13:11",10.98,10.99,10.88,10.91,-0.07,-0.64%,0
"2026-08-28 13:12",10.81,10.81,10.69,10.69,-0.22,-2.02%,0
"2026-08-28 13:13",10.69,10.73,10.64,10.64,-0.05,-0.47%,0
"2026-08-28 13:14",10.58,10.58,10.48,10.48,-0.16,-1.50%,0
"2026-08-28 13:15",10.45,10.63,10.45,10.63,0.15,+1.43%,0
"2026-08-28 13:16",10.58,10.69,10.58,10.68,0.05,+0.47%,0
"2026-08-28 13:17",10.66,10.71,10.54,10.54,-0.14,-1.31%,0
"2026-08-28 13:18",10.5,10.6,10.5,10.58,0.04,+0.38%,0
"2026-08-28 13:19",10.64,10.64,10.54,10.54,-0.04,-0.38%,0
"2026-08-28 13:20",10.58,10.58,10.55,10.55,0.01,+0.09%,0
"2026-08-28 13:21",10.68,10.73,10.68,10.72,0.17,+1.61%,0
"2026-08-28 13:22",10.7,10.8,10.7,10.8,0.08,+0.75%,0
"2026-08-28 13:23",10.84,10.84,10.7,10.81,0.01,+0.09%,0
"2026-08-28 13:24",10.86,10.86,10.74,10.74,-0.07,-0.65%,0
"2026-08-28 13:25",10.65,10.72,10.65,10.69,-0.05,-0.47%,0
"2026-08-28 13:26",10.7,10.73,10.69,10.69,0,0.00%,0
"2026-08-28 13:27",10.68,10.68,10.61,10.61,-0.08,-0.75%,0
"2026-08-28 13:28",10.6,10.6,10.45,10.45,-0.16,-1.51%,0
"2026-08-28 13:29",10.46,10.62,10.46,10.62,0.17,+1.63%,0
"2026-08-28 13:30",10.68,10.7,10.62,10.67,0.05,+0.47%,0
"2026-08-28 13:31",10.65,10.65,10.55,10.55,-0.12,-1.12%,0
"2026-08-28 13:32",10.5,10.55,10.5,10.51,-0.04,-0.38%,0
"2026-08-28 13:33",10.43,10.43,10.34,10.34,-0.17,-1.62%,0
"2026-08-28 13:34",10.34,10.37,10.34,10.34,0,0.00%,0
"2026-08-28 13:35",10.33,10.33,10.27,10.27,-0.07,-0.68%,0
"2026-08-28 13:36",10.25,10.31,10.25,10.29,0.02,+0.19%,0
"2026-08-28 13:37",10.28,10.46,10.28,10.46,0.17,+1.65%,0
"2026-08-28 13:38",10.38,10.41,10.38,10.4,-0.06,-0.57%,0
"2026-08-28 13:39",10.45,10.52,10.45,10.49,0.09,+0.87%,0
"2026-08-28 13:40",10.71,10.71,10.53,10.53,0.04,+0.38%,0
"2026-08-28 13:41",10.56,10.57,10.53,10.53,0,0.00%,0
"2026-08-28 13:42",10.54,10.57,10.45,10.45,-0.08,-0.76%,0
"2026-08-28 13:43",10.42,10.42,10.36,10.39,-0.06,-0.57%,0
"2026-08-28 13:44",10.38,10.46,10.38,10.42,0.03,+0.29%,0
"2026-08-28 13:45",10.36,10.38,10.34,10.34,-0.08,-0.77%,0
"2026-08-28 13:46",10.15,10.15,10.1,10.1,-0.24,-2.32%,0
"2026-08-28 13:47",10.09,10.11,10.09,10.09,-0.01,-0.10%,0
"2026-08-28 13:48",10.13,10.13,10.04,10.04,-0.05,-0.50%,0
"2026-08-28 13:49",10,10,9.88,9.88,-0.16,-1.59%,0
"2026-08-28 13:50",9.86,9.91,9.86,9.9,0.02,+0.20%,0
"2026-08-28 13:51",9.91,9.91,9.87,9.87,-0.03,-0.30%,0
"2026-08-28 13:52",9.88,9.88,9.81,9.81,-0.06,-0.61%,0
"2026-08-28 13:53",9.88,9.89,9.87,9.88,0.07,+0.71%,0
"2026-08-28 13:54",9.88,9.91,9.86,9.88,0,0.00%,0
"2026-08-28 13:55",9.89,10.09,9.89,10.09,0.21,+2.13%,0
"2026-08-28 13:56",10.1,10.14,10.09,10.1,0.01,+0.10%,0
"2026-08-28 13:57",10.11,10.11,10.04,10.04,-0.06,-0.59%,0
"2026-08-28 13:58",10.07,10.08,10.01,10.01,-0.03,-0.30%,0
"2026-08-28 13:59",9.98,9.99,9.95,9.97,-0.04,-0.40%,0
"2026-08-28 14:00",9.93,9.93,9.85,9.85,-0.12,-1.20%,0
"2026-08-28 14:01",9.91,9.98,9.91,9.98,0.13,+1.32%,0
"2026-08-28 14:02",9.94,9.97,9.9,9.9,-0.08,-0.80%,0
"2026-08-28 14:03",9.87,9.91,9.87,9.9,0,0.00%,0
"2026-08-28 14:04",9.88,9.95,9.88,9.95,0.05,+0.51%,0
"2026-08-28 14:05",9.95,9.95,9.87,9.92,-0.03,-0.30%,0
"2026-08-28 14:06",9.93,10,9.93,10,0.08,+0.81%,0
"2026-08-28 14:07",9.94,9.97,9.93,9.93,-0.07,-0.70%,0
"2026-08-28 14:08",9.96,10.03,9.96,9.97,0.04,+0.40%,0
"2026-08-28 14:09",9.94,9.94,9.9,9.91,-0.06,-0.60%,0
"2026-08-28 14:10",9.92,9.92,9.89,9.89,-0.02,-0.20%,0
"2026-08-28 14:11",9.88,9.92,9.82,9.82,-0.07,-0.71%,0
"2026-08-28 14:12",9.78,9.8,9.78,9.79,-0.03,-0.31%,0
"2026-08-28 14:13",9.78,9.86,9.78,9.86,0.07,+0.72%,0
"2026-08-28 14:14",9.88,9.97,9.88,9.97,0.11,+1.12%,0
"2026-08-28 14:15",10.02,10.02,9.9,9.9,-0.07,-0.70%,0
"2026-08-28 14:16",9.9,9.9,9.87,9.89,-0.01,-0.10%,0
"2026-08-28 14:17",9.92,9.98,9.91,9.93,0.04,+0.40%,0
"2026-08-28 14:18",9.91,9.91,9.83,9.89,-0.04,-0.40%,0
"2026-08-28 14:19",9.86,9.88,9.86,9.88,-0.01,-0.10%,0
"2026-08-28 14:20",9.87,9.87,9.84,9.84,-0.04,-0.40%,0
"2026-08-28 14:21",9.85,9.88,9.82,9.82,-0.02,-0.20%,0
"2026-08-28 14:22",9.83,9.87,9.83,9.87,0.05,+0.51%,0
"2026-08-28 14:23",9.88,10.16,9.88,10.16,0.29,+2.94%,0
"2026-08-28 14:24",10.14,10.14,10.06,10.06,-0.1,-0.98%,0
"2026-08-28 14:25",10.09,10.2,10.09,10.11,0.05,+0.50%,0
"2026-08-28 14:26",10.14,10.14,10.09,10.09,-0.02,-0.20%,0
"2026-08-28 14:27",10.05,10.05,10,10.05,-0.04,-0.40%,0
"2026-08-28 14:28",10.05,10.08,10.05,10.06,0.01,+0.10%,0
"2026-08-28 14:29",10.03,10.11,10.03,10.11,0.05,+0.50%,0
"2026-08-28 14:30",10.11,10.11,10.09,10.09,-0.02,-0.20%,0
"2026-08-28 14:31",10.08,10.09,9.99,10.02,-0.07,-0.69%,0
"2026-08-28 14:32",10.02,10.05,10.01,10.01,-0.01,-0.10%,0
"2026-08-28 14:33",10.01,10.02,10.01,10.01,0,0.00%,0
"2026-08-28 14:34",9.99,9.99,9.89,9.89,-0.12,-1.20%,0
"2026-08-28 14:35",9.91,9.91,9.86,9.86,-0.03,-0.30%,0
"2026-08-28 14:36",9.89,9.95,9.89,9.95,0.09,+0.91%,0
"2026-08-28 14:37",9.95,9.97,9.95,9.97,0.02,+0.20%,0
"2026-08-28 14:38",10.01,10.07,9.98,9.98,0.01,+0.10%,0
"2026-08-28 14:39",9.95,9.97,9.95,9.96,-0.02,-0.20%,0
"2026-08-28 14:40",9.98,9.98,9.9,9.9,-0.06,-0.60%,0
"2026-08-28 14:41",9.88,9.92,9.88,9.92,0.02,+0.20%,0
"2026-08-28 14:42",9.94,10,9.94,9.99,0.07,+0.71%,0
"2026-08-28 14:43",10,10.05,10,10.05,0.06,+0.60%,0
"2026-08-28 14:44",10.03,10.03,9.97,9.97,-0.08,-0.80%,0
"2026-08-28 14:45",9.95,9.99,9.95,9.98,0.01,+0.10%,0
"2026-08-28 14:46",9.98,10.02,9.98,10.02,0.04,+0.40%,0
"2026-08-28 14:47",10.04,10.09,10.04,10.08,0.06,+0.60%,0
"2026-08-28 14:48",10.08,10.14,10.08,10.14,0.06,+0.60%,0
"2026-08-28 14:49",10.24,10.24,10.22,10.24,0.1,+0.99%,0
"2026-08-28 14:50",10.26,10.44,10.26,10.44,0.2,+1.95%,0
"2026-08-28 14:51",10.42,10.42,10.4,10.42,-0.02,-0.19%,0
"2026-08-28 14:52",10.43,10.54,10.43,10.54,0.12,+1.15%,0
"2026-08-28 14:53",10.52,10.53,10.42,10.42,-0.12,-1.14%,0
"2026-08-28 14:54",10.36,10.48,10.36,10.48,0.06,+0.58%,0
"2026-08-28 14:55",10.51,10.62,10.51,10.59,0.11,+1.05%,0
"2026-08-28 14:56",10.57,10.6,10.57,10.58,-0.01,-0.09%,0
"2026-08-28 14:57",10.48,10.53,10.48,10.5,-0.08,-0.76%,0
"2026-08-28 14:58",10.45,10.48,10.45,10.45,-0.05,-0.48%,0
"2026-08-28 14:59",10.39,10.39,10.35,10.38,-0.07,-0.67%,0
"2026-08-28 15:00",10.37,10.38,10.33,10.34,-0.04,-0.39%,0
"2026-08-28 15:01",10.39,10.39,10.31,10.31,-0.03,-0.29%,0
"2026-08-28 15:02",10.23,10.28,10.23,10.28,-0.03,-0.29%,0
"2026-08-28 15:03",10.27,10.29,10.23,10.23,-0.05,-0.49%,0
"2026-08-28 15:04",10.23,10.24,10.22,10.24,0.01,+0.10%,0
"2026-08-28 15:05",10.24,10.24,10.14,10.14,-0.1,-0.98%,0
"2026-08-28 15:06",10.16,10.23,10.16,10.23,0.09,+0.89%,0
"2026-08-28 15:07",10.24,10.25,10.24,10.24,0.01,+0.10%,0
"2026-08-28 15:08",10.2,10.21,10.14,10.14,-0.1,-0.98%,0
"2026-08-28 15:09",10.15,10.18,10.13,10.13,-0.01,-0.10%,0
"2026-08-28 15:10",10.13,10.18,10.12,10.18,0.05,+0.49%,0
"2026-08-28 15:11",10.16,10.19,10.16,10.19,0.01,+0.10%,0
"2026-08-28 15:12",10.2,10.2,10.18,10.2,0.01,+0.10%,0
"2026-08-28 15:13",10.17,10.21,10.17,10.21,0.01,+0.10%,0
"2026-08-28 15:14",10.2,10.23,10.14,10.14,-0.07,-0.69%,0
"2026-08-28 15:15",10.14,10.15,10.12,10.12,-0.02,-0.20%,0
"2026-08-28 15:16",10.14,10.17,10.14,10.17,0.05,+0.49%,0
"2026-08-28 15:17",10.16,10.23,10.16,10.23,0.06,+0.59%,0
"2026-08-28 15:18",10.25,10.31,10.25,10.29,0.06,+0.59%,0
"2026-08-28 15:19",10.29,10.29,10.23,10.23,-0.06,-0.58%,0
"2026-08-28 15:20",10.22,10.23,10.18,10.23,0,0.00%,0
"2026-08-28 15:21",10.19,10.21,10.18,10.21,-0.02,-0.20%,0
"2026-08-28 15:22",10.21,10.22,10.21,10.22,0.01,+0.10%,0
"2026-08-28 15:23",10.23,10.29,10.22,10.29,0.07,+0.68%,0
"2026-08-28 15:24",10.28,10.28,10.23,10.23,-0.06,-0.58%,0
"2026-08-28 15:25",10.24,10.24,10.22,10.22,-0.01,-0.10%,0
"2026-08-28 15:26",10.15,10.17,10.15,10.15,-0.07,-0.68%,0
"2026-08-28 15:27",10.15,10.19,10.15,10.19,0.04,+0.39%,0
"2026-08-28 15:28",10.16,10.3,10.16,10.3,0.11,+1.08%,0
"2026-08-28 15:29",10.35,10.37,10.32,10.32,0.02,+0.19%,0
"2026-08-28 15:30",10.31,10.44,10.31,10.38,0.06,+0.58%,0
"2026-08-28 15:31",10.34,10.34,10.32,10.34,-0.04,-0.39%,0
"2026-08-28 15:32",10.35,10.37,10.35,10.37,0.03,+0.29%,0
"2026-08-28 15:33",10.36,10.39,10.35,10.36,-0.01,-0.10%,0
"2026-08-28 15:34",10.38,10.43,10.38,10.42,0.06,+0.58%,0
"2026-08-28 15:35",10.4,10.44,10.36,10.36,-0.06,-0.58%,0
"2026-08-28 15:36",10.38,10.41,10.38,10.39,0.03,+0.29%,0
"2026-08-28 15:37",10.37,10.39,10.37,10.38,-0.01,-0.10%,0
"2026-08-28 15:38",10.37,10.37,10.31,10.31,-0.07,-0.67%,0
"2026-08-28 15:39",10.29,10.29,10.22,10.22,-0.09,-0.87%,0
"2026-08-28 15:40",10.19,10.19,10.16,10.16,-0.06,-0.59%,0
"2026-08-28 15:41",10.17,10.2,10.17,10.2,0.04,+0.39%,0
"2026-08-28 15:42",10.17,10.27,10.17,10.27,0.07,+0.69%,0
"2026-08-28 15:43",10.25,10.26,10.21,10.21,-0.06,-0.58%,0
"2026-08-28 15:44",10.19,10.19,10.18,10.19,-0.02,-0.20%,0
"2026-08-28 15:45",10.19,10.26,10.18,10.26,0.07,+0.69%,0
"2026-08-28 15:46",10.25,10.25,10.21,10.24,-0.02,-0.19%,0
"2026-08-28 15:47",10.24,10.31,10.24,10.31,0.07,+0.68%,0
"2026-08-28 15:48",10.32,10.37,10.32,10.36,0.05,+0.48%,0
"2026-08-28 15:49",10.29,10.35,10.24,10.24,-0.12,-1.16%,0
"2026-08-28 15:50",10.26,10.26,10.16,10.16,-0.08,-0.78%,0
"2026-08-28 15:51",10.12,10.26,10.12,10.26,0.1,+0.98%,0
"2026-08-28 15:52",10.21,10.24,10.19,10.19,-0.07,-0.68%,0
"2026-08-28 15:53",10.19,10.22,10.19,10.22,0.03,+0.29%,0
"2026-08-28 15:54",10.25,10.25,10.18,10.18,-0.04,-0.39%,0
"2026-08-28 15:55",10.12,10.12,10.05,10.05,-0.13,-1.28%,0
"2026-08-28 15:56",10.02,10.02,9.88,9.88,-0.17,-1.69%,0
"2026-08-28 15:57",9.85,9.85,9.79,9.85,-0.03,-0.30%,0
"2026-08-28 15:58",9.8,9.82,9.75,9.75,-0.1,-1.02%,0
"2026-08-28 15:59",9.72,9.74,9.55,9.71,-0.04,-0.41%,0
"2026-08-28 16:00",9.73,9.84,9.73,9.75,0.04,+0.41%,0
"2026-08-28 16:01",9.83,9.9,9.82,9.9,0.15,+1.54%,0
"2026-08-28 16:02",9.9,9.9,9.82,9.82,-0.08,-0.81%,0
"2026-08-28 16:03",9.82,9.86,9.82,9.83,0.01,+0.10%,0
"2026-08-28 16:04",9.94,9.94,9.92,9.93,0.1,+1.02%,0
"2026-08-28 16:05",9.92,9.98,9.92,9.97,0.04,+0.40%,0
"2026-08-28 16:06",9.98,10.01,9.98,10,0.03,+0.30%,0
"2026-08-28 16:07",10.01,10.09,10.01,10.02,0.02,+0.20%,0
"2026-08-28 16:08",9.98,9.98,9.92,9.96,-0.06,-0.60%,0
"2026-08-28 16:09",9.95,9.99,9.95,9.97,0.01,+0.10%,0
"2026-08-28 16:10",10,10.04,9.98,9.98,0.01,+0.10%,0
"2026-08-28 16:11",9.97,9.97,9.88,9.88,-0.1,-1.00%,0
"2026-08-28 16:12",9.91,10.01,9.91,10.01,0.13,+1.32%,0
"2026-08-28 16:13",10,10.06,10,10.06,0.05,+0.50%,0
"2026-08-28 16:14",10.13,10.17,10.13,10.15,0.09,+0.89%,0
"2026-08-28 16:15",10.21,10.21,10.21,10.21,0.06,+0.59%,0
"2026-08-31 09:31",7.59,7.68,7.59,7.59,-2.62,-25.66%,0
"2026-08-31 09:32",7.54,7.54,7.42,7.42,-0.17,-2.24%,0
"2026-08-31 09:33",7.58,7.79,7.58,7.73,0.31,+4.18%,0
"2026-08-31 09:34",7.68,7.78,7.68,7.72,-0.01,-0.13%,0
"2026-08-31 09:35",7.67,8.07,7.67,7.92,0.2,+2.59%,0
"2026-08-31 09:36",7.96,8.01,7.82,7.82,-0.1,-1.26%,0
"2026-08-31 09:37",7.84,7.87,7.71,7.72,-0.1,-1.28%,0
"2026-08-31 09:38",7.66,7.68,7.61,7.68,-0.04,-0.52%,0
"2026-08-31 09:39",7.68,7.73,7.56,7.56,-0.12,-1.56%,0
"2026-08-31 09:40",7.54,7.56,7.44,7.56,0,0.00%,0
"2026-08-31 09:41",7.66,7.66,7.57,7.57,0.01,+0.13%,0
"2026-08-31 09:42",7.53,7.53,7.46,7.46,-0.11,-1.45%,0
"2026-08-31 09:43",7.39,7.49,7.39,7.49,0.03,+0.40%,0
"2026-08-31 09:44",7.56,7.56,7.48,7.48,-0.01,-0.13%,0
"2026-08-31 09:45",7.52,7.52,7.45,7.47,-0.01,-0.13%,0
"2026-08-31 09:46",7.46,7.63,7.46,7.63,0.16,+2.14%,0
"2026-08-31 09:47",7.51,7.69,7.51,7.62,-0.01,-0.13%,0
"2026-08-31 09:48",7.65,7.69,7.61,7.61,-0.01,-0.13%,0
"2026-08-31 09:49",7.57,7.58,7.5,7.58,-0.03,-0.39%,0
"2026-08-31 09:50",7.53,7.53,7.43,7.43,-0.15,-1.98%,0
"2026-08-31 09:51",7.44,7.48,7.39,7.41,-0.02,-0.27%,0
"2026-08-31 09:52",7.39,7.46,7.39,7.46,0.05,+0.67%,0
"2026-08-31 09:53",7.43,7.43,7.32,7.32,-0.14,-1.88%,0
"2026-08-31 09:54",7.32,7.39,7.32,7.33,0.01,+0.14%,0
"2026-08-31 09:55",7.34,7.34,7.27,7.27,-0.06,-0.82%,0
"2026-08-31 09:56",7.3,7.3,7.26,7.26,-0.01,-0.14%,0
"2026-08-31 09:57",7.21,7.23,7.2,7.2,-0.06,-0.83%,0
"2026-08-31 09:58",7.16,7.24,7.16,7.21,0.01,+0.14%,0
"2026-08-31 09:59",7.19,7.22,7.17,7.17,-0.04,-0.55%,0
"2026-08-31 10:00",7.16,7.18,7.13,7.15,-0.02,-0.28%,0
"2026-08-31 10:01",7.17,7.17,7.13,7.13,-0.02,-0.28%,0
"2026-08-31 10:02",7.15,7.23,7.15,7.23,0.1,+1.40%,0
"2026-08-31 10:03",7.2,7.21,7.2,7.21,-0.02,-0.28%,0
"2026-08-31 10:04",7.22,7.22,7.18,7.2,-0.01,-0.14%,0
"2026-08-31 10:05",7.23,7.23,7.2,7.2,0,0.00%,0
"2026-08-31 10:06",7.18,7.22,7.18,7.22,0.02,+0.28%,0
"2026-08-31 10:07",7.37,7.37,7.31,7.32,0.1,+1.39%,0
"2026-08-31 10:08",7.35,7.37,7.32,7.32,0,0.00%,0
"2026-08-31 10:09",7.3,7.38,7.3,7.38,0.06,+0.82%,0
"2026-08-31 10:10",7.37,7.42,7.37,7.42,0.04,+0.54%,0
"2026-08-31 10:11",7.35,7.39,7.32,7.32,-0.1,-1.35%,0
"2026-08-31 10:12",7.34,7.36,7.33,7.33,0.01,+0.14%,0
"2026-08-31 10:13",7.3,7.3,7.29,7.29,-0.04,-0.55%,0
"2026-08-31 10:14",7.25,7.25,7.19,7.19,-0.1,-1.37%,0
"2026-08-31 10:15",7.19,7.25,7.19,7.21,0.02,+0.28%,0
"2026-08-31 10:16",7.22,7.26,7.21,7.26,0.05,+0.69%,0
"2026-08-31 10:17",7.22,7.24,7.22,7.23,-0.03,-0.41%,0
"2026-08-31 10:18",7.21,7.25,7.13,7.25,0.02,+0.28%,0
"2026-08-31 10:19",7.23,7.25,7.15,7.15,-0.1,-1.38%,0
"2026-08-31 10:20",7.12,7.2,7.12,7.2,0.05,+0.70%,0
"2026-08-31 10:21",7.17,7.18,7.13,7.13,-0.07,-0.97%,0
"2026-08-31 10:22",7.12,7.14,7.1,7.14,0.01,+0.14%,0
"2026-08-31 10:23",7.22,7.42,7.22,7.42,0.28,+3.92%,0
"2026-08-31 10:24",7.37,7.41,7.37,7.37,-0.05,-0.67%,0
"2026-08-31 10:25",7.46,7.55,7.46,7.52,0.15,+2.04%,0
"2026-08-31 10:26",7.57,7.57,7.49,7.57,0.05,+0.66%,0
"2026-08-31 10:27",7.55,7.55,7.52,7.52,-0.05,-0.66%,0
"2026-08-31 10:28",7.46,7.47,7.4,7.41,-0.11,-1.46%,0
"2026-08-31 10:29",7.38,7.42,7.38,7.41,0,0.00%,0
"2026-08-31 10:30",7.39,7.41,7.33,7.33,-0.08,-1.08%,0
"2026-08-31 10:31",7.3,7.4,7.3,7.4,0.07,+0.95%,0
"2026-08-31 10:32",7.38,7.42,7.38,7.4,0,0.00%,0
"2026-08-31 10:33",7.39,7.41,7.37,7.39,-0.01,-0.14%,0
"2026-08-31 10:34",7.35,7.4,7.34,7.4,0.01,+0.14%,0
"2026-08-31 10:35",7.38,7.38,7.32,7.32,-0.08,-1.08%,0
"2026-08-31 10:36",7.28,7.29,7.27,7.28,-0.04,-0.55%,0
"2026-08-31 10:37",7.29,7.3,7.27,7.27,-0.01,-0.14%,0
"2026-08-31 10:38",7.3,7.3,7.28,7.28,0.01,+0.14%,0
"2026-08-31 10:39",7.3,7.3,7.27,7.27,-0.01,-0.14%,0
"2026-08-31 10:40",7.26,7.28,7.26,7.28,0.01,+0.14%,0
"2026-08-31 10:41",7.27,7.28,7.27,7.28,0,0.00%,0
"2026-08-31 10:42",7.27,7.28,7.27,7.27,-0.01,-0.14%,0
"2026-08-31 10:43",7.26,7.26,7.25,7.26,-0.01,-0.14%,0
"2026-08-31 10:44",7.3,7.3,7.28,7.29,0.03,+0.41%,0
"2026-08-31 10:45",7.29,7.33,7.29,7.29,0,0.00%,0
"2026-08-31 10:46",7.28,7.31,7.28,7.28,-0.01,-0.14%,0
"2026-08-31 10:47",7.27,7.35,7.27,7.35,0.07,+0.96%,0
"2026-08-31 10:48",7.3,7.3,7.28,7.29,-0.06,-0.82%,0
"2026-08-31 10:49",7.3,7.33,7.3,7.32,0.03,+0.41%,0
"2026-08-31 10:50",7.34,7.34,7.32,7.32,0,0.00%,0
"2026-08-31 10:51",7.3,7.35,7.3,7.35,0.03,+0.41%,0
"2026-08-31 10:52",7.34,7.35,7.33,7.33,-0.02,-0.27%,0
"2026-08-31 10:53",7.32,7.35,7.32,7.33,0,0.00%,0
"2026-08-31 10:54",7.33,7.33,7.28,7.28,-0.05,-0.68%,0
"2026-08-31 10:55",7.27,7.29,7.27,7.28,0,0.00%,0
"2026-08-31 10:56",7.27,7.27,7.25,7.25,-0.03,-0.41%,0
"2026-08-31 10:57",7.23,7.23,7.22,7.22,-0.03,-0.41%,0
"2026-08-31 10:58",7.21,7.22,7.21,7.22,0,0.00%,0
"2026-08-31 10:59",7.22,7.26,7.22,7.26,0.04,+0.55%,0
"2026-08-31 11:00",7.25,7.26,7.24,7.26,0,0.00%,0
"2026-08-31 11:01",7.27,7.27,7.26,7.27,0.01,+0.14%,0
"2026-08-31 11:02",7.28,7.33,7.28,7.33,0.06,+0.83%,0
"2026-08-31 11:03",7.38,7.4,7.34,7.34,0.01,+0.14%,0
"2026-08-31 11:04",7.34,7.43,7.34,7.39,0.05,+0.68%,0
"2026-08-31 11:05",7.41,7.41,7.39,7.39,0,0.00%,0
"2026-08-31 11:06",7.36,7.37,7.32,7.32,-0.07,-0.95%,0
"2026-08-31 11:07",7.3,7.35,7.3,7.35,0.03,+0.41%,0
"2026-08-31 11:08",7.39,7.43,7.39,7.41,0.06,+0.82%,0
"2026-08-31 11:09",7.4,7.4,7.4,7.4,-0.01,-0.13%,0
"2026-08-31 11:10",7.39,7.39,7.34,7.35,-0.05,-0.68%,0
"2026-08-31 11:11",7.35,7.38,7.35,7.36,0.01,+0.14%,0
"2026-08-31 11:12",7.38,7.38,7.35,7.35,-0.01,-0.14%,0
"2026-08-31 11:13",7.34,7.36,7.33,7.36,0.01,+0.14%,0
"2026-08-31 11:14",7.37,7.4,7.36,7.36,0,0.00%,0
"2026-08-31 11:15",7.35,7.38,7.33,7.38,0.02,+0.27%,0
"2026-08-31 11:16",7.37,7.38,7.37,7.38,0,0.00%,0
"2026-08-31 11:17",7.41,7.47,7.41,7.47,0.09,+1.22%,0
"2026-08-31 11:18",7.46,7.46,7.44,7.44,-0.03,-0.40%,0
"2026-08-31 11:19",7.43,7.44,7.42,7.42,-0.02,-0.27%,0
"2026-08-31 11:20",7.41,7.46,7.41,7.44,0.02,+0.27%,0
"2026-08-31 11:21",7.42,7.42,7.39,7.39,-0.05,-0.67%,0
"2026-08-31 11:22",7.39,7.4,7.38,7.4,0.01,+0.14%,0
"2026-08-31 11:23",7.4,7.4,7.37,7.38,-0.02,-0.27%,0
"2026-08-31 11:24",7.38,7.39,7.36,7.36,-0.02,-0.27%,0
"2026-08-31 11:25",7.36,7.4,7.36,7.4,0.04,+0.54%,0
"2026-08-31 11:26",7.4,7.41,7.4,7.4,0,0.00%,0
"2026-08-31 11:27",7.4,7.42,7.4,7.4,0,0.00%,0
"2026-08-31 11:28",7.39,7.39,7.36,7.36,-0.04,-0.54%,0
"2026-08-31 11:29",7.37,7.4,7.37,7.4,0.04,+0.54%,0
"2026-08-31 11:30",7.39,7.46,7.39,7.44,0.04,+0.54%,0
"2026-08-31 11:31",7.47,7.54,7.47,7.54,0.1,+1.34%,0
"2026-08-31 11:32",7.51,7.51,7.47,7.47,-0.07,-0.93%,0
"2026-08-31 11:33",7.49,7.5,7.48,7.48,0.01,+0.13%,0
"2026-08-31 11:34",7.49,7.49,7.47,7.47,-0.01,-0.13%,0
"2026-08-31 11:35",7.46,7.46,7.45,7.45,-0.02,-0.27%,0
"2026-08-31 11:36",7.44,7.44,7.43,7.43,-0.02,-0.27%,0
"2026-08-31 11:37",7.43,7.47,7.43,7.44,0.01,+0.13%,0
"2026-08-31 11:38",7.43,7.46,7.42,7.46,0.02,+0.27%,0
"2026-08-31 11:39",7.45,7.51,7.45,7.51,0.05,+0.67%,0
"2026-08-31 11:40",7.47,7.49,7.47,7.47,-0.04,-0.53%,0
"2026-08-31 11:41",7.46,7.51,7.46,7.48,0.01,+0.13%,0
"2026-08-31 11:42",7.45,7.5,7.45,7.46,-0.02,-0.27%,0
"2026-08-31 11:43",7.44,7.44,7.42,7.44,-0.02,-0.27%,0
"2026-08-31 11:44",7.46,7.47,7.44,7.44,0,0.00%,0
"2026-08-31 11:45",7.43,7.44,7.43,7.44,0,0.00%,0
"2026-08-31 11:46",7.45,7.46,7.43,7.43,-0.01,-0.13%,0
"2026-08-31 11:47",7.43,7.45,7.43,7.45,0.02,+0.27%,0
"2026-08-31 11:48",7.45,7.45,7.45,7.45,0,0.00%,0
"2026-08-31 11:49",7.44,7.45,7.43,7.44,-0.01,-0.13%,0
"2026-08-31 11:50",7.44,7.44,7.41,7.41,-0.03,-0.40%,0
"2026-08-31 11:51",7.41,7.42,7.41,7.41,0,0.00%,0
"2026-08-31 11:52",7.43,7.43,7.41,7.41,0,0.00%,0
"2026-08-31 11:53",7.4,7.42,7.4,7.42,0.01,+0.13%,0
"2026-08-31 11:54",7.45,7.46,7.44,7.44,0.02,+0.27%,0
"2026-08-31 11:55",7.44,7.46,7.43,7.46,0.02,+0.27%,0
"2026-08-31 11:56",7.5,7.53,7.5,7.53,0.07,+0.94%,0
"2026-08-31 11:57",7.55,7.59,7.55,7.57,0.04,+0.53%,0
"2026-08-31 11:58",7.58,7.68,7.58,7.68,0.11,+1.45%,0
"2026-08-31 11:59",7.65,7.74,7.65,7.74,0.06,+0.78%,0
"2026-08-31 12:00",7.7,7.82,7.7,7.82,0.08,+1.03%,0
"2026-08-31 12:01",7.83,7.93,7.83,7.83,0.01,+0.13%,0
"2026-08-31 12:02",7.79,7.8,7.76,7.8,-0.03,-0.38%,0
"2026-08-31 12:03",7.8,7.81,7.76,7.78,-0.02,-0.26%,0
"2026-08-31 12:04",7.78,7.85,7.78,7.85,0.07,+0.90%,0
"2026-08-31 12:05",7.8,7.8,7.77,7.77,-0.08,-1.02%,0
"2026-08-31 12:06",7.81,7.85,7.79,7.79,0.02,+0.26%,0
"2026-08-31 12:07",7.76,7.77,7.74,7.76,-0.03,-0.39%,0
"2026-08-31 12:08",7.79,7.83,7.79,7.81,0.05,+0.64%,0
"2026-08-31 12:09",7.79,7.79,7.77,7.77,-0.04,-0.51%,0
"2026-08-31 12:10",7.78,7.8,7.75,7.75,-0.02,-0.26%,0
"2026-08-31 12:11",7.71,7.73,7.7,7.7,-0.05,-0.65%,0
"2026-08-31 12:12",7.66,7.69,7.66,7.67,-0.03,-0.39%,0
"2026-08-31 12:13",7.65,7.67,7.65,7.66,-0.01,-0.13%,0
"2026-08-31 12:14",7.67,7.67,7.65,7.65,-0.01,-0.13%,0
"2026-08-31 12:15",7.64,7.66,7.64,7.66,0.01,+0.13%,0
"2026-08-31 12:16",7.67,7.7,7.66,7.7,0.04,+0.52%,0
"2026-08-31 12:17",7.68,7.81,7.68,7.81,0.11,+1.43%,0
"2026-08-31 12:18",7.8,7.81,7.8,7.81,0,0.00%,0
"2026-08-31 12:19",7.79,7.8,7.74,7.74,-0.07,-0.90%,0
"2026-08-31 12:20",7.73,7.76,7.73,7.76,0.02,+0.26%,0
"2026-08-31 12:21",7.75,7.76,7.74,7.74,-0.02,-0.26%,0
"2026-08-31 12:22",7.74,7.8,7.73,7.8,0.06,+0.78%,0
"2026-08-31 12:23",7.8,7.84,7.8,7.83,0.03,+0.38%,0
"2026-08-31 12:24",7.83,7.83,7.8,7.8,-0.03,-0.38%,0
"2026-08-31 12:25",7.81,7.81,7.79,7.79,-0.01,-0.13%,0
"2026-08-31 12:26",7.79,7.82,7.79,7.79,0,0.00%,0
"2026-08-31 12:27",7.76,7.78,7.76,7.77,-0.02,-0.26%,0
"2026-08-31 12:28",7.75,7.75,7.74,7.74,-0.03,-0.39%,0
"2026-08-31 12:29",7.7,7.71,7.7,7.7,-0.04,-0.52%,0
"2026-08-31 12:30",7.7,7.75,7.7,7.73,0.03,+0.39%,0
"2026-08-31 12:31",7.72,7.77,7.72,7.77,0.04,+0.52%,0
"2026-08-31 12:32",7.76,7.79,7.76,7.79,0.02,+0.26%,0
"2026-08-31 12:33",7.78,7.78,7.76,7.76,-0.03,-0.39%,0
"2026-08-31 12:34",7.75,7.75,7.73,7.74,-0.02,-0.26%,0
"2026-08-31 12:35",7.74,7.76,7.74,7.76,0.02,+0.26%,0
"2026-08-31 12:36",7.81,7.83,7.81,7.83,0.07,+0.90%,0
"2026-08-31 12:37",7.82,7.85,7.82,7.85,0.02,+0.26%,0
"2026-08-31 12:38",7.85,7.9,7.85,7.9,0.05,+0.64%,0
"2026-08-31 12:39",7.93,7.97,7.93,7.97,0.07,+0.89%,0
"2026-08-31 12:40",8.01,8.02,7.98,7.98,0.01,+0.13%,0
"2026-08-31 12:41",7.96,7.96,7.94,7.94,-0.04,-0.50%,0
"2026-08-31 12:42",7.88,7.9,7.88,7.9,-0.04,-0.50%,0
"2026-08-31 12:43",7.9,7.92,7.9,7.9,0,0.00%,0
"2026-08-31 12:44",7.9,7.95,7.9,7.95,0.05,+0.63%,0
"2026-08-31 12:45",7.98,7.98,7.95,7.95,0,0.00%,0
"2026-08-31 12:46",7.96,7.97,7.96,7.96,0.01,+0.13%,0
"2026-08-31 12:47",7.97,7.97,7.93,7.93,-0.03,-0.38%,0
"2026-08-31 12:48",7.92,7.93,7.92,7.92,-0.01,-0.13%,0
"2026-08-31 12:49",7.9,7.93,7.9,7.93,0.01,+0.13%,0
"2026-08-31 12:50",7.93,7.95,7.93,7.94,0.01,+0.13%,0
"2026-08-31 12:51",7.94,7.99,7.94,7.99,0.05,+0.63%,0
"2026-08-31 12:52",8,8.02,8,8,0.01,+0.13%,0
"2026-08-31 12:53",8,8.02,8,8.02,0.02,+0.25%,0
"2026-08-31 12:54",8.01,8.01,8,8.01,-0.01,-0.12%,0
"2026-08-31 12:55",8.01,8.02,8.01,8.02,0.01,+0.12%,0
"2026-08-31 12:56",8.02,8.04,8.02,8.04,0.02,+0.25%,0
"2026-08-31 12:57",8.04,8.06,8.04,8.06,0.02,+0.25%,0
"2026-08-31 12:58",8.06,8.07,8.06,8.07,0.01,+0.12%,0
"2026-08-31 12:59",8.08,8.09,8.08,8.08,0.01,+0.12%,0
"2026-08-31 13:00",8.09,8.1,8.09,8.1,0.02,+0.25%,0
"2026-08-31 13:01",8.12,8.13,8.11,8.11,0.01,+0.12%,0
"2026-08-31 13:02",8.1,8.12,8.1,8.11,0,0.00%,0
"2026-08-31 13:03",8.12,8.13,8.12,8.12,0.01,+0.12%,0
"2026-08-31 13:04",8.14,8.14,8.11,8.11,-0.01,-0.12%,0
"2026-08-31 13:05",8.1,8.13,8.1,8.13,0.02,+0.25%,0
"2026-08-31 13:06",8.13,8.15,8.13,8.13,0,0.00%,0
"2026-08-31 13:07",8.13,8.14,8.13,8.13,0,0.00%,0
"2026-08-31 13:08",8.12,8.13,8.12,8.13,0,0.00%,0
"2026-08-31 13:09",8.15,8.15,8.13,8.13,0,0.00%,0
"2026-08-31 13:10",8.14,8.14,8.12,8.12,-0.01,-0.12%,0
"2026-08-31 13:11",8.13,8.13,8.11,8.11,-0.01,-0.12%,0
"2026-08-31 13:12",8.11,8.13,8.1,8.1,-0.01,-0.12%,0
"2026-08-31 13:13",8.09,8.11,8.09,8.1,0,0.00%,0
"2026-08-31 13:14",8.11,8.12,8.11,8.11,0.01,+0.12%,0
"2026-08-31 13:15",8.1,8.14,8.1,8.13,0.02,+0.25%,0
"2026-08-31 13:16",8.13,8.16,8.13,8.16,0.03,+0.37%,0
"2026-08-31 13:17",8.17,8.2,8.17,8.2,0.04,+0.49%,0
"2026-08-31 13:18",8.21,8.23,8.21,8.23,0.03,+0.37%,0
"2026-08-31 13:19",8.23,8.24,8.23,8.23,0,0.00%,0
"2026-08-31 13:20",8.21,8.23,8.21,8.23,0,0.00%,0
"2026-08-31 13:21",8.22,8.24,8.22,8.24,0.01,+0.12%,0
"2026-08-31 13:22",8.24,8.25,8.24,8.24,0,0.00%,0
"2026-08-31 13:23",8.24,8.24,8.24,8.24,0,0.00%,0
"2026-08-31 13:24",8.23,8.25,8.23,8.25,0.01,+0.12%,0
"2026-08-31 13:25",8.25,8.32,8.25,8.32,0.07,+0.85%,0
"2026-08-31 13:26",8.32,8.36,8.32,8.35,0.03,+0.36%,0
"2026-08-31 13:27",8.37,8.39,8.37,8.39,0.04,+0.48%,0
"2026-08-31 13:28",8.39,8.41,8.39,8.39,0,0.00%,0
"2026-08-31 13:29",8.4,8.43,8.4,8.41,0.02,+0.24%,0
"2026-08-31 13:30",8.42,8.49,8.42,8.49,0.08,+0.95%,0
"2026-08-31 13:31",8.53,8.58,8.53,8.56,0.07,+0.82%,0
"2026-08-31 13:32",8.52,8.52,8.44,8.48,-0.08,-0.93%,0
"2026-08-31 13:33",8.42,8.44,8.42,8.43,-0.05,-0.59%,0
"2026-08-31 13:34",8.4,8.44,8.4,8.44,0.01,+0.12%,0
"2026-08-31 13:35",8.48,8.48,8.41,8.42,-0.02,-0.24%,0
"2026-08-31 13:36",8.41,8.42,8.36,8.36,-0.06,-0.71%,0
"2026-08-31 13:37",8.34,8.35,8.34,8.34,-0.02,-0.24%,0
"2026-08-31 13:38",8.34,8.35,8.34,8.35,0.01,+0.12%,0
"2026-08-31 13:39",8.35,8.35,8.34,8.34,-0.01,-0.12%,0
"2026-08-31 13:40",8.32,8.33,8.32,8.32,-0.02,-0.24%,0
"2026-08-31 13:41",8.32,8.33,8.32,8.32,0,0.00%,0
"2026-08-31 13:42",8.32,8.36,8.32,8.36,0.04,+0.48%,0
"2026-08-31 13:43",8.35,8.37,8.35,8.37,0.01,+0.12%,0
"2026-08-31 13:44",8.36,8.37,8.36,8.37,0,0.00%,0
"2026-08-31 13:45",8.39,8.41,8.39,8.41,0.04,+0.48%,0
"2026-08-31 13:46",8.41,8.41,8.36,8.36,-0.05,-0.59%,0
"2026-08-31 13:47",8.37,8.39,8.37,8.38,0.02,+0.24%,0
"2026-08-31 13:48",8.38,8.4,8.38,8.4,0.02,+0.24%,0
"2026-08-31 13:49",8.39,8.42,8.39,8.41,0.01,+0.12%,0
"2026-08-31 13:50",8.4,8.42,8.4,8.42,0.01,+0.12%,0
"2026-08-31 13:51",8.38,8.41,8.38,8.41,-0.01,-0.12%,0
"2026-08-31 13:52",8.41,8.42,8.41,8.41,0,0.00%,0
"2026-08-31 13:53",8.4,8.42,8.39,8.42,0.01,+0.12%,0
"2026-08-31 13:54",8.42,8.42,8.42,8.42,0,0.00%,0
"2026-08-31 13:55",8.42,8.44,8.42,8.42,0,0.00%,0
"2026-08-31 13:56",8.42,8.42,8.41,8.41,-0.01,-0.12%,0
"2026-08-31 13:57",8.41,8.43,8.41,8.41,0,0.00%,0
"2026-08-31 13:58",8.43,8.45,8.43,8.44,0.03,+0.36%,0
"2026-08-31 13:59",8.44,8.44,8.43,8.44,0,0.00%,0
"2026-08-31 14:00",8.43,8.45,8.42,8.42,-0.02,-0.24%,0
"2026-08-31 14:01",8.44,8.47,8.44,8.47,0.05,+0.59%,0
"2026-08-31 14:02",8.46,8.49,8.46,8.49,0.02,+0.24%,0
"2026-08-31 14:03",8.5,8.51,8.5,8.5,0.01,+0.12%,0
"2026-08-31 14:04",8.51,8.53,8.51,8.52,0.02,+0.24%,0
"2026-08-31 14:05",8.53,8.57,8.53,8.57,0.05,+0.59%,0
"2026-08-31 14:06",8.59,8.59,8.58,8.58,0.01,+0.12%,0
"2026-08-31 14:07",8.58,8.6,8.58,8.6,0.02,+0.23%,0
"2026-08-31 14:08",8.59,8.6,8.59,8.6,0,0.00%,0
"2026-08-31 14:09",8.6,8.61,8.6,8.6,0,0.00%,0
"2026-08-31 14:10",8.61,8.62,8.6,8.6,0,0.00%,0
"2026-08-31 14:11",8.61,8.61,8.61,8.61,0.01,+0.12%,0
"2026-08-31 14:12",8.62,8.63,8.62,8.63,0.02,+0.23%,0
"2026-08-31 14:13",8.63,8.64,8.62,8.62,-0.01,-0.12%,0
"2026-08-31 14:14",8.61,8.62,8.61,8.61,-0.01,-0.12%,0
"2026-08-31 14:15",8.61,8.63,8.61,8.62,0.01,+0.12%,0
"2026-08-31 14:16",8.63,8.64,8.62,8.62,0,0.00%,0
"2026-08-31 14:17",8.63,8.68,8.63,8.67,0.05,+0.58%,0
"2026-08-31 14:18",8.68,8.69,8.68,8.69,0.02,+0.23%,0
"2026-08-31 14:19",8.68,8.69,8.68,8.68,-0.01,-0.12%,0
"2026-08-31 14:20",8.67,8.68,8.66,8.66,-0.02,-0.23%,0
"2026-08-31 14:21",8.65,8.67,8.65,8.67,0.01,+0.12%,0
"2026-08-31 14:22",8.68,8.69,8.67,8.67,0,0.00%,0
"2026-08-31 14:23",8.66,8.66,8.63,8.63,-0.04,-0.46%,0
"2026-08-31 14:24",8.63,8.65,8.63,8.64,0.01,+0.12%,0
"2026-08-31 14:25",8.65,8.68,8.65,8.68,0.04,+0.46%,0
"2026-08-31 14:26",8.67,8.7,8.67,8.7,0.02,+0.23%,0
"2026-08-31 14:27",8.7,8.72,8.7,8.71,0.01,+0.11%,0
"2026-08-31 14:28",8.71,8.72,8.7,8.7,-0.01,-0.11%,0
"2026-08-31 14:29",8.71,8.74,8.71,8.74,0.04,+0.46%,0
"2026-08-31 14:30",8.74,8.75,8.74,8.75,0.01,+0.11%,0
"2026-08-31 14:31",8.74,8.78,8.74,8.78,0.03,+0.34%,0
"2026-08-31 14:32",8.78,8.8,8.78,8.8,0.02,+0.23%,0
"2026-08-31 14:33",8.78,8.82,8.78,8.8,0,0.00%,0
"2026-08-31 14:34",8.84,8.85,8.83,8.83,0.03,+0.34%,0
"2026-08-31 14:35",8.84,8.91,8.84,8.91,0.08,+0.91%,0
"2026-08-31 14:36",9,9.03,8.99,9.03,0.12,+1.35%,0
"2026-08-31 14:37",9.01,9.05,9.01,9.02,-0.01,-0.11%,0
"2026-08-31 14:38",9.02,9.11,9.02,9.11,0.09,+1.00%,0
"2026-08-31 14:39",9.13,9.13,9.05,9.05,-0.06,-0.66%,0
"2026-08-31 14:40",9.09,9.12,9.08,9.08,0.03,+0.33%,0
"2026-08-31 14:41",9.06,9.18,9.06,9.18,0.1,+1.10%,0
"2026-08-31 14:42",9.23,9.23,9.2,9.21,0.03,+0.33%,0
"2026-08-31 14:43",9.18,9.28,9.18,9.28,0.07,+0.76%,0
"2026-08-31 14:44",9.28,9.28,9.18,9.18,-0.1,-1.08%,0
"2026-08-31 14:45",9.17,9.22,9.17,9.22,0.04,+0.44%,0
"2026-08-31 14:46",9.23,9.26,9.23,9.26,0.04,+0.43%,0
"2026-08-31 14:47",9.24,9.24,9.21,9.24,-0.02,-0.22%,0
"2026-08-31 14:48",9.23,9.26,9.21,9.21,-0.03,-0.32%,0
"2026-08-31 14:49",9.18,9.23,9.18,9.2,-0.01,-0.11%,0
"2026-08-31 14:50",9.19,9.25,9.19,9.25,0.05,+0.54%,0
"2026-08-31 14:51",9.25,9.25,9.22,9.22,-0.03,-0.32%,0
"2026-08-31 14:52",9.21,9.22,9.18,9.18,-0.04,-0.43%,0
"2026-08-31 14:53",9.17,9.17,9.11,9.11,-0.07,-0.76%,0
"2026-08-31 14:54",9.09,9.1,9.09,9.1,-0.01,-0.11%,0
"2026-08-31 14:55",9.1,9.14,9.1,9.13,0.03,+0.33%,0
"2026-08-31 14:56",9.11,9.14,9.11,9.11,-0.02,-0.22%,0
"2026-08-31 14:57",9.1,9.18,9.1,9.18,0.07,+0.77%,0
"2026-08-31 14:58",9.19,9.21,9.19,9.2,0.02,+0.22%,0
"2026-08-31 14:59",9.2,9.23,9.2,9.23,0.03,+0.33%,0
"2026-08-31 15:00",9.24,9.24,9.09,9.11,-0.12,-1.30%,0
"2026-08-31 15:01",9.11,9.15,9.11,9.15,0.04,+0.44%,0
"2026-08-31 15:02",9.14,9.15,9.13,9.13,-0.02,-0.22%,0
"2026-08-31 15:03",9.12,9.13,9.11,9.11,-0.02,-0.22%,0
"2026-08-31 15:04",9.11,9.13,9.11,9.13,0.02,+0.22%,0
"2026-08-31 15:05",9.13,9.13,9.1,9.11,-0.02,-0.22%,0
"2026-08-31 15:06",9.05,9.05,9.01,9.03,-0.08,-0.88%,0
"2026-08-31 15:07",8.99,9.04,8.99,9.02,-0.01,-0.11%,0
"2026-08-31 15:08",9.01,9.02,9,9,-0.02,-0.22%,0
"2026-08-31 15:09",9.01,9.01,8.96,8.98,-0.02,-0.22%,0
"2026-08-31 15:10",8.96,8.96,8.95,8.95,-0.03,-0.33%,0
"2026-08-31 15:11",8.96,8.98,8.96,8.98,0.03,+0.34%,0
"2026-08-31 15:12",8.98,8.99,8.94,8.95,-0.03,-0.33%,0
"2026-08-31 15:13",8.95,8.97,8.95,8.96,0.01,+0.11%,0
"2026-08-31 15:14",8.96,8.96,8.93,8.93,-0.03,-0.33%,0
"2026-08-31 15:15",8.94,8.94,8.91,8.94,0.01,+0.11%,0
"2026-08-31 15:16",8.93,8.94,8.93,8.93,-0.01,-0.11%,0
"2026-08-31 15:17",8.93,8.96,8.93,8.96,0.03,+0.34%,0
"2026-08-31 15:18",8.97,9.03,8.97,9.03,0.07,+0.78%,0
"2026-08-31 15:19",9.01,9.02,9.01,9.02,-0.01,-0.11%,0
"2026-08-31 15:20",9.02,9.02,8.99,8.99,-0.03,-0.33%,0
"2026-08-31 15:21",9,9,8.99,8.99,0,0.00%,0
"2026-08-31 15:22",8.99,9,8.96,8.96,-0.03,-0.33%,0
"2026-08-31 15:23",8.99,8.99,8.93,8.93,-0.03,-0.33%,0
"2026-08-31 15:24",8.94,8.96,8.94,8.95,0.02,+0.22%,0
"2026-08-31 15:25",8.95,8.95,8.91,8.92,-0.03,-0.34%,0
"2026-08-31 15:26",8.9,8.92,8.9,8.91,-0.01,-0.11%,0
"2026-08-31 15:27",8.92,8.92,8.87,8.87,-0.04,-0.45%,0
"2026-08-31 15:28",8.87,8.93,8.86,8.93,0.06,+0.68%,0
"2026-08-31 15:29",8.94,8.95,8.94,8.95,0.02,+0.22%,0
"2026-08-31 15:30",8.94,9.01,8.94,9.01,0.06,+0.67%,0
"2026-08-31 15:31",8.98,8.99,8.96,8.99,-0.02,-0.22%,0
"2026-08-31 15:32",8.99,8.99,8.95,8.95,-0.04,-0.44%,0
"2026-08-31 15:33",8.94,8.94,8.91,8.91,-0.04,-0.45%,0
"2026-08-31 15:34",8.88,8.9,8.88,8.9,-0.01,-0.11%,0
"2026-08-31 15:35",8.88,8.99,8.88,8.99,0.09,+1.01%,0
"2026-08-31 15:36",8.98,8.98,8.94,8.94,-0.05,-0.56%,0
"2026-08-31 15:37",8.96,8.96,8.94,8.94,0,0.00%,0
"2026-08-31 15:38",8.94,8.94,8.92,8.93,-0.01,-0.11%,0
"2026-08-31 15:39",8.93,8.94,8.93,8.93,0,0.00%,0
"2026-08-31 15:40",8.94,8.94,8.92,8.92,-0.01,-0.11%,0
"2026-08-31 15:41",8.92,8.92,8.9,8.91,-0.01,-0.11%,0
"2026-08-31 15:42",8.91,8.91,8.83,8.83,-0.08,-0.90%,0
"2026-08-31 15:43",8.83,8.85,8.83,8.84,0.01,+0.11%,0
"2026-08-31 15:44",8.83,9.01,8.83,9.01,0.17,+1.92%,0
"2026-08-31 15:45",9.02,9.03,9.01,9.01,0,0.00%,0
"2026-08-31 15:46",9.01,9.06,9.01,9.06,0.05,+0.55%,0
"2026-08-31 15:47",9.07,9.13,9.07,9.11,0.05,+0.55%,0
"2026-08-31 15:48",9.1,9.1,8.98,8.98,-0.13,-1.43%,0
"2026-08-31 15:49",8.96,8.98,8.94,8.95,-0.03,-0.33%,0
"2026-08-31 15:50",8.91,9.02,8.91,9,0.05,+0.56%,0
"2026-08-31 15:51",8.99,9,8.98,8.98,-0.02,-0.22%,0
"2026-08-31 15:52",8.99,9.02,8.98,8.98,0,0.00%,0
"2026-08-31 15:53",8.98,9.02,8.98,9.02,0.04,+0.45%,0
"2026-08-31 15:54",9,9,8.98,9,-0.02,-0.22%,0
"2026-08-31 15:55",9.02,9.07,9.02,9.04,0.04,+0.44%,0
"2026-08-31 15:56",9.04,9.04,8.9,8.9,-0.14,-1.55%,0
"2026-08-31 15:57",8.89,8.89,8.8,8.8,-0.1,-1.12%,0
"2026-08-31 15:58",8.84,8.84,8.75,8.78,-0.02,-0.23%,0
"2026-08-31 15:59",8.83,8.83,8.73,8.81,0.03,+0.34%,0
"2026-08-31 16:00",8.95,8.95,8.8,8.8,-0.01,-0.11%,0
"2026-08-31 16:01",8.76,8.76,8.73,8.73,-0.07,-0.80%,0
"2026-08-31 16:02",8.7,8.76,8.7,8.75,0.02,+0.23%,0
"2026-08-31 16:03",8.74,8.79,8.74,8.77,0.02,+0.23%,0
"2026-08-31 16:04",8.78,8.83,8.78,8.83,0.06,+0.68%,0
"2026-08-31 16:05",8.87,8.89,8.87,8.89,0.06,+0.68%,0
"2026-08-31 16:06",8.89,8.95,8.89,8.95,0.06,+0.67%,0
"2026-08-31 16:07",8.94,8.94,8.91,8.91,-0.04,-0.45%,0
"2026-08-31 16:08",8.92,8.92,8.9,8.9,-0.01,-0.11%,0
"2026-08-31 16:09",8.92,8.94,8.92,8.94,0.04,+0.45%,0
"2026-08-31 16:10",8.94,8.97,8.94,8.96,0.02,+0.22%,0
"2026-08-31 16:11",8.97,8.98,8.96,8.98,0.02,+0.22%,0
"2026-08-31 16:12",8.97,9,8.97,8.98,0,0.00%,0
"2026-08-31 16:13",8.98,9,8.98,8.98,0,0.00%,0
"2026-08-31 16:14",8.95,8.96,8.89,8.89,-0.09,-1.00%,0
"2026-08-31 16:15",8.91,8.91,8.91,8.91,0.02,+0.22%,0
"Downloaded from Barchart.com as of 09-03-2026 09:12am CDT"
