Time,Open,High,Low,Latest,Change,%Change,Volume
"2023-12-01 09:31",10,10,9.79,9.79,-1.65,-14.42%,0
"2023-12-01 09:32",9.75,9.77,9.75,9.77,-0.02,-0.20%,0
"2023-12-01 09:33",9.76,9.76,9.65,9.65,-0.12,-1.23%,0
"2023-12-01 09:34",9.59,9.6,9.55,9.58,-0.07,-0.73%,0
"2023-12-01 09:35",9.56,9.59,9.56,9.56,-0.02,-0.21%,0
"2023-12-01 09:36",9.53,9.54,9.49,9.54,-0.02,-0.21%,0
"2023-12-01 09:37",9.48,9.48,9.42,9.42,-0.12,-1.26%,0
"2023-12-01 09:38",9.45,9.47,9.45,9.47,0.05,+0.53%,0
"2023-12-01 09:39",9.46,9.51,9.46,9.51,0.04,+0.42%,0
"2023-12-01 09:40",9.48,9.5,9.47,9.5,-0.01,-0.11%,0
"2023-12-01 09:41",9.51,9.61,9.51,9.61,0.11,+1.16%,0
"2023-12-01 09:42",9.63,9.63,9.58,9.58,-0.03,-0.31%,0
"2023-12-01 09:43",9.55,9.58,9.55,9.58,0,0.00%,0
"2023-12-01 09:44",9.58,9.63,9.58,9.63,0.05,+0.52%,0
"2023-12-01 09:45",9.59,9.61,9.54,9.54,-0.09,-0.93%,0
"2023-12-01 09:46",9.54,9.56,9.54,9.55,0.01,+0.10%,0
"2023-12-01 09:47",9.55,9.57,9.54,9.57,0.02,+0.21%,0
"2023-12-01 09:48",9.59,9.62,9.59,9.62,0.05,+0.52%,0
"2023-12-01 09:49",9.64,9.66,9.63,9.65,0.03,+0.31%,0
"2023-12-01 09:50",9.64,9.66,9.64,9.66,0.01,+0.10%,0
"2023-12-01 09:51",9.67,9.68,9.66,9.68,0.02,+0.21%,0
"2023-12-01 09:52",9.67,9.69,9.66,9.66,-0.02,-0.21%,0
"2023-12-01 09:53",9.68,9.72,9.68,9.72,0.06,+0.62%,0
"2023-12-01 09:54",9.73,9.74,9.73,9.74,0.02,+0.21%,0
"2023-12-01 09:55",9.72,9.75,9.72,9.75,0.01,+0.10%,0
"2023-12-01 09:56",9.73,9.76,9.73,9.76,0.01,+0.10%,0
"2023-12-01 09:57",9.79,9.8,9.79,9.8,0.04,+0.41%,0
"2023-12-01 09:58",9.8,9.84,9.8,9.84,0.04,+0.41%,0
"2023-12-01 09:59",9.83,9.85,9.83,9.85,0.01,+0.10%,0
"2023-12-01 10:00",9.8,9.8,9.65,9.71,-0.14,-1.42%,0
"2023-12-01 10:01",9.72,9.72,9.54,9.54,-0.17,-1.75%,0
"2023-12-01 10:02",9.56,9.88,9.56,9.88,0.34,+3.56%,0
"2023-12-01 10:03",9.94,9.95,9.9,9.9,0.02,+0.20%,0
"2023-12-01 10:04",9.9,9.95,9.9,9.93,0.03,+0.30%,0
"2023-12-01 10:05",9.96,9.96,9.93,9.93,0,0.00%,0
"2023-12-01 10:06",9.92,9.95,9.9,9.95,0.02,+0.20%,0
"2023-12-01 10:07",9.96,9.99,9.96,9.99,0.04,+0.40%,0
"2023-12-01 10:08",10,10.04,10,10.01,0.02,+0.20%,0
"2023-12-01 10:09",10.01,10.09,10.01,10.09,0.08,+0.80%,0
"2023-12-01 10:10",10.08,10.12,10.08,10.12,0.03,+0.30%,0
"2023-12-01 10:11",10.12,10.15,10.12,10.15,0.03,+0.30%,0
"2023-12-01 10:12",10.15,10.15,10.15,10.15,0,0.00%,0
"2023-12-01 10:13",10.16,10.17,10.13,10.13,-0.02,-0.20%,0
"2023-12-01 10:14",10.12,10.16,10.12,10.16,0.03,+0.30%,0
"2023-12-01 10:15",10.17,10.19,10.17,10.19,0.03,+0.30%,0
"2023-12-01 10:16",10.18,10.18,10.13,10.13,-0.06,-0.59%,0
"2023-12-01 10:17",10.12,10.12,10.06,10.06,-0.07,-0.69%,0
"2023-12-01 10:18",10.08,10.1,10.08,10.08,0.02,+0.20%,0
"2023-12-01 10:19",10.1,10.12,10.09,10.09,0.01,+0.10%,0
"2023-12-01 10:20",10.07,10.07,10.02,10.04,-0.05,-0.50%,0
"2023-12-01 10:21",10.05,10.07,10.05,10.06,0.02,+0.20%,0
"2023-12-01 10:22",10.07,10.16,10.07,10.16,0.1,+0.99%,0
"2023-12-01 10:23",10.18,10.27,10.18,10.27,0.11,+1.08%,0
"2023-12-01 10:24",10.29,10.31,10.29,10.29,0.02,+0.19%,0
"2023-12-01 10:25",10.29,10.29,10.28,10.28,-0.01,-0.10%,0
"2023-12-01 10:26",10.27,10.27,10.23,10.23,-0.05,-0.49%,0
"2023-12-01 10:27",10.22,10.25,10.22,10.24,0.01,+0.10%,0
"2023-12-01 10:28",10.24,10.24,10.23,10.23,-0.01,-0.10%,0
"2023-12-01 10:29",10.21,10.22,10.21,10.22,-0.01,-0.10%,0
"2023-12-01 10:30",10.21,10.21,10.14,10.14,-0.08,-0.78%,0
"2023-12-01 10:31",10.12,10.12,10.06,10.06,-0.08,-0.79%,0
"2023-12-01 10:32",10.05,10.11,10.05,10.11,0.05,+0.50%,0
"2023-12-01 10:33",10.11,10.11,10.07,10.08,-0.03,-0.30%,0
"2023-12-01 10:34",10.04,10.04,9.98,9.98,-0.1,-0.99%,0
"2023-12-01 10:35",9.98,10.03,9.98,10.02,0.04,+0.40%,0
"2023-12-01 10:36",10.01,10.01,10,10,-0.02,-0.20%,0
"2023-12-01 10:37",10,10.01,9.99,10.01,0.01,+0.10%,0
"2023-12-01 10:38",10,10,10,10,-0.01,-0.10%,0
"2023-12-01 10:39",10,10.01,9.98,9.98,-0.02,-0.20%,0
"2023-12-01 10:40",9.95,9.96,9.95,9.96,-0.02,-0.20%,0
"2023-12-01 10:41",9.96,9.98,9.96,9.97,0.01,+0.10%,0
"2023-12-01 10:42",9.94,9.96,9.94,9.94,-0.03,-0.30%,0
"2023-12-01 10:43",9.92,9.95,9.92,9.95,0.01,+0.10%,0
"2023-12-01 10:44",9.95,9.97,9.95,9.97,0.02,+0.20%,0
"2023-12-01 10:45",9.98,9.98,9.96,9.97,0,0.00%,0
"2023-12-01 10:46",9.96,9.98,9.95,9.97,0,0.00%,0
"2023-12-01 10:47",9.96,9.98,9.96,9.98,0.01,+0.10%,0
"2023-12-01 10:48",9.97,10.02,9.97,10.02,0.04,+0.40%,0
"2023-12-01 10:49",10.02,10.04,10.02,10.04,0.02,+0.20%,0
"2023-12-01 10:50",10.04,10.06,10.04,10.06,0.02,+0.20%,0
"2023-12-01 10:51",10.06,10.06,10.06,10.06,0,0.00%,0
"2023-12-01 10:52",10.05,10.06,10.03,10.03,-0.03,-0.30%,0
"2023-12-01 10:53",10.03,10.04,10.02,10.02,-0.01,-0.10%,0
"2023-12-01 10:54",10.03,10.06,10.03,10.06,0.04,+0.40%,0
"2023-12-01 10:55",10.06,10.11,10.06,10.09,0.03,+0.30%,0
"2023-12-01 10:56",10.1,10.13,10.1,10.13,0.04,+0.40%,0
"2023-12-01 10:57",10.13,10.13,10.12,10.13,0,0.00%,0
"2023-12-01 10:58",10.12,10.13,10.12,10.13,0,0.00%,0
"2023-12-01 10:59",10.14,10.16,10.14,10.15,0.02,+0.20%,0
"2023-12-01 11:00",10.12,10.12,9.75,9.75,-0.4,-3.94%,0
"2023-12-01 11:01",9.68,9.74,9.66,9.66,-0.09,-0.92%,0
"2023-12-01 11:02",9.63,9.76,9.63,9.71,0.05,+0.52%,0
"2023-12-01 11:03",9.71,9.81,9.71,9.79,0.08,+0.82%,0
"2023-12-01 11:04",9.82,9.82,9.75,9.75,-0.04,-0.41%,0
"2023-12-01 11:05",9.76,9.79,9.73,9.73,-0.02,-0.21%,0
"2023-12-01 11:06",9.77,9.81,9.77,9.8,0.07,+0.72%,0
"2023-12-01 11:07",9.8,9.8,9.78,9.78,-0.02,-0.20%,0
"2023-12-01 11:08",9.78,9.79,9.71,9.71,-0.07,-0.72%,0
"2023-12-01 11:09",9.76,9.76,9.66,9.66,-0.05,-0.51%,0
"2023-12-01 11:10",9.63,9.67,9.63,9.64,-0.02,-0.21%,0
"2023-12-01 11:11",9.61,9.61,9.49,9.49,-0.15,-1.56%,0
"2023-12-01 11:12",9.49,9.56,9.49,9.54,0.05,+0.53%,0
"2023-12-01 11:13",9.57,9.63,9.57,9.58,0.04,+0.42%,0
"2023-12-01 11:14",9.56,9.61,9.56,9.57,-0.01,-0.10%,0
"2023-12-01 11:15",9.58,9.58,9.54,9.54,-0.03,-0.31%,0
"2023-12-01 11:16",9.52,9.56,9.45,9.45,-0.09,-0.94%,0
"2023-12-01 11:17",9.45,9.48,9.44,9.44,-0.01,-0.11%,0
"2023-12-01 11:18",9.43,9.45,9.43,9.45,0.01,+0.11%,0
"2023-12-01 11:19",9.43,9.43,9.39,9.39,-0.06,-0.63%,0
"2023-12-01 11:20",9.37,9.38,9.37,9.38,-0.01,-0.11%,0
"2023-12-01 11:21",9.38,9.38,9.36,9.36,-0.02,-0.21%,0
"2023-12-01 11:22",9.32,9.32,9.26,9.26,-0.1,-1.07%,0
"2023-12-01 11:23",9.28,9.29,9.24,9.24,-0.02,-0.22%,0
"2023-12-01 11:24",9.25,9.25,9.19,9.19,-0.05,-0.54%,0
"2023-12-01 11:25",9.18,9.18,9.16,9.16,-0.03,-0.33%,0
"2023-12-01 11:26",9.18,9.23,9.18,9.2,0.04,+0.44%,0
"2023-12-01 11:27",9.22,9.23,9.22,9.22,0.02,+0.22%,0
"2023-12-01 11:28",9.18,9.19,9.17,9.17,-0.05,-0.54%,0
"2023-12-01 11:29",9.19,9.2,9.15,9.15,-0.02,-0.22%,0
"2023-12-01 11:30",9.21,9.21,9.18,9.2,0.05,+0.55%,0
"2023-12-01 11:31",9.23,9.29,9.23,9.29,0.09,+0.98%,0
"2023-12-01 11:32",9.29,9.3,9.25,9.25,-0.04,-0.43%,0
"2023-12-01 11:33",9.24,9.25,9.22,9.22,-0.03,-0.32%,0
"2023-12-01 11:34",9.21,9.3,9.21,9.29,0.07,+0.76%,0
"2023-12-01 11:35",9.33,9.41,9.33,9.41,0.12,+1.29%,0
"2023-12-01 11:36",9.44,9.47,9.44,9.44,0.03,+0.32%,0
"2023-12-01 11:37",9.43,9.44,9.43,9.44,0,0.00%,0
"2023-12-01 11:38",9.41,9.43,9.4,9.4,-0.04,-0.42%,0
"2023-12-01 11:39",9.4,9.43,9.4,9.41,0.01,+0.11%,0
"2023-12-01 11:40",9.44,9.44,9.4,9.4,-0.01,-0.11%,0
"2023-12-01 11:41",9.4,9.41,9.38,9.38,-0.02,-0.21%,0
"2023-12-01 11:42",9.36,9.36,9.32,9.32,-0.06,-0.64%,0
"2023-12-01 11:43",9.27,9.27,9.2,9.23,-0.09,-0.97%,0
"2023-12-01 11:44",9.23,9.29,9.23,9.29,0.06,+0.65%,0
"2023-12-01 11:45",9.27,9.35,9.27,9.35,0.06,+0.65%,0
"2023-12-01 11:46",9.37,9.38,9.33,9.33,-0.02,-0.21%,0
"2023-12-01 11:47",9.34,9.36,9.34,9.35,0.02,+0.21%,0
"2023-12-01 11:48",9.35,9.35,9.26,9.26,-0.09,-0.96%,0
"2023-12-01 11:49",9.27,9.29,9.27,9.27,0.01,+0.11%,0
"2023-12-01 11:50",9.26,9.27,9.22,9.22,-0.05,-0.54%,0
"2023-12-01 11:51",9.19,9.29,9.19,9.29,0.07,+0.76%,0
"2023-12-01 11:52",9.32,9.47,9.32,9.45,0.16,+1.72%,0
"2023-12-01 11:53",9.45,9.5,9.45,9.5,0.05,+0.53%,0
"2023-12-01 11:54",9.56,9.63,9.56,9.6,0.1,+1.05%,0
"2023-12-01 11:55",9.53,9.53,9.51,9.52,-0.08,-0.83%,0
"2023-12-01 11:56",9.52,9.52,9.49,9.49,-0.03,-0.32%,0
"2023-12-01 11:57",9.47,9.48,9.46,9.47,-0.02,-0.21%,0
"2023-12-01 11:58",9.45,9.45,9.43,9.43,-0.04,-0.42%,0
"2023-12-01 11:59",9.43,9.45,9.43,9.45,0.02,+0.21%,0
"2023-12-01 12:00",9.46,9.49,9.46,9.49,0.04,+0.42%,0
"2023-12-01 12:01",9.48,9.49,9.48,9.48,-0.01,-0.11%,0
"2023-12-01 12:02",9.52,9.55,9.52,9.54,0.06,+0.63%,0
"2023-12-01 12:03",9.56,9.61,9.56,9.61,0.07,+0.73%,0
"2023-12-01 12:04",9.59,9.62,9.59,9.62,0.01,+0.10%,0
"2023-12-01 12:05",9.6,9.62,9.6,9.62,0,0.00%,0
"2023-12-01 12:06",9.62,9.66,9.62,9.66,0.04,+0.42%,0
"2023-12-01 12:07",9.65,9.66,9.64,9.66,0,0.00%,0
"2023-12-01 12:08",9.72,9.82,9.72,9.82,0.16,+1.66%,0
"2023-12-01 12:09",9.84,9.85,9.84,9.85,0.03,+0.31%,0
"2023-12-01 12:10",9.8,9.8,9.74,9.74,-0.11,-1.12%,0
"2023-12-01 12:11",9.77,9.83,9.77,9.83,0.09,+0.92%,0
"2023-12-01 12:12",9.83,9.87,9.83,9.87,0.04,+0.41%,0
"2023-12-01 12:13",9.9,9.92,9.9,9.92,0.05,+0.51%,0
"2023-12-01 12:14",9.92,9.92,9.88,9.88,-0.04,-0.40%,0
"2023-12-01 12:15",9.9,9.9,9.89,9.89,0.01,+0.10%,0
"2023-12-01 12:16",9.88,9.9,9.84,9.84,-0.05,-0.51%,0
"2023-12-01 12:17",9.82,9.82,9.78,9.78,-0.06,-0.61%,0
"2023-12-01 12:18",9.78,9.78,9.75,9.75,-0.03,-0.31%,0
"2023-12-01 12:19",9.76,9.76,9.73,9.73,-0.02,-0.21%,0
"2023-12-01 12:20",9.73,9.74,9.72,9.74,0.01,+0.10%,0
"2023-12-01 12:21",9.73,9.73,9.71,9.71,-0.03,-0.31%,0
"2023-12-01 12:22",9.71,9.73,9.71,9.71,0,0.00%,0
"2023-12-01 12:23",9.72,9.74,9.71,9.71,0,0.00%,0
"2023-12-01 12:24",9.7,9.71,9.7,9.71,0,0.00%,0
"2023-12-01 12:25",9.72,9.72,9.71,9.71,0,0.00%,0
"2023-12-01 12:26",9.69,9.7,9.69,9.7,-0.01,-0.10%,0
"2023-12-01 12:27",9.7,9.72,9.7,9.71,0.01,+0.10%,0
"2023-12-01 12:28",9.71,9.73,9.71,9.73,0.02,+0.21%,0
"2023-12-01 12:29",9.72,9.77,9.72,9.75,0.02,+0.21%,0
"2023-12-01 12:30",9.77,9.77,9.74,9.74,-0.01,-0.10%,0
"2023-12-01 12:31",9.79,9.82,9.79,9.8,0.06,+0.62%,0
"2023-12-01 12:32",9.83,9.83,9.82,9.82,0.02,+0.20%,0
"2023-12-01 12:33",9.81,9.84,9.77,9.84,0.02,+0.20%,0
"2023-12-01 12:34",9.84,9.84,9.75,9.75,-0.09,-0.91%,0
"2023-12-01 12:35",9.75,9.75,9.74,9.75,0,0.00%,0
"2023-12-01 12:36",9.76,9.78,9.76,9.77,0.02,+0.21%,0
"2023-12-01 12:37",9.76,9.78,9.74,9.74,-0.03,-0.31%,0
"2023-12-01 12:38",9.76,9.79,9.76,9.79,0.05,+0.51%,0
"2023-12-01 12:39",9.79,9.79,9.77,9.77,-0.02,-0.20%,0
"2023-12-01 12:40",9.76,9.76,9.74,9.75,-0.02,-0.20%,0
"2023-12-01 12:41",9.75,9.75,9.73,9.73,-0.02,-0.21%,0
"2023-12-01 12:42",9.76,9.78,9.76,9.78,0.05,+0.51%,0
"2023-12-01 12:43",9.77,9.79,9.77,9.79,0.01,+0.10%,0
"2023-12-01 12:44",9.79,9.81,9.79,9.8,0.01,+0.10%,0
"2023-12-01 12:45",9.8,9.8,9.78,9.79,-0.01,-0.10%,0
"2023-12-01 12:46",9.8,9.85,9.8,9.85,0.06,+0.61%,0
"2023-12-01 12:47",9.86,9.9,9.86,9.9,0.05,+0.51%,0
"2023-12-01 12:48",9.89,9.93,9.89,9.93,0.03,+0.30%,0
"2023-12-01 12:49",9.96,10.02,9.96,10.02,0.09,+0.91%,0
"2023-12-01 12:50",10.02,10.02,10.01,10.02,0,0.00%,0
"2023-12-01 12:51",10,10,9.96,9.96,-0.06,-0.60%,0
"2023-12-01 12:52",9.98,10.02,9.98,10.02,0.06,+0.60%,0
"2023-12-01 12:53",9.98,9.98,9.94,9.94,-0.08,-0.80%,0
"2023-12-01 12:54",9.91,9.93,9.91,9.92,-0.02,-0.20%,0
"2023-12-01 12:55",9.93,9.97,9.93,9.95,0.03,+0.30%,0
"2023-12-01 12:56",9.94,9.96,9.94,9.96,0.01,+0.10%,0
"2023-12-01 12:57",9.96,9.99,9.96,9.97,0.01,+0.10%,0
"2023-12-01 12:58",9.99,10,9.98,9.98,0.01,+0.10%,0
"2023-12-01 12:59",10,10.02,10,10.02,0.04,+0.40%,0
"2023-12-01 13:00",10.02,10.04,10.02,10.03,0.01,+0.10%,0
"2023-12-01 13:01",10.03,10.06,10.03,10.06,0.03,+0.30%,0
"2023-12-01 13:02",10.04,10.07,10.04,10.07,0.01,+0.10%,0
"2023-12-01 13:03",10.07,10.1,10.07,10.1,0.03,+0.30%,0
"2023-12-01 13:04",10.11,10.11,10.09,10.09,-0.01,-0.10%,0
"2023-12-01 13:05",10.1,10.11,10.07,10.07,-0.02,-0.20%,0
"2023-12-01 13:06",10.09,10.11,10.09,10.11,0.04,+0.40%,0
"2023-12-01 13:07",10.1,10.11,10.1,10.1,-0.01,-0.10%,0
"2023-12-01 13:08",10.09,10.12,10.09,10.12,0.02,+0.20%,0
"2023-12-01 13:09",10.12,10.12,10.1,10.11,-0.01,-0.10%,0
"2023-12-01 13:10",10.11,10.14,10.11,10.12,0.01,+0.10%,0
"2023-12-01 13:11",10.11,10.12,10.11,10.11,-0.01,-0.10%,0
"2023-12-01 13:12",10.1,10.12,10.1,10.1,-0.01,-0.10%,0
"2023-12-01 13:13",10.1,10.19,10.1,10.19,0.09,+0.89%,0
"2023-12-01 13:14",10.17,10.17,10.15,10.15,-0.04,-0.39%,0
"2023-12-01 13:15",10.17,10.23,10.17,10.23,0.08,+0.79%,0
"2023-12-01 13:16",10.22,10.23,10.21,10.23,0,0.00%,0
"2023-12-01 13:17",10.23,10.23,10.17,10.17,-0.06,-0.59%,0
"2023-12-01 13:18",10.14,10.16,10.14,10.15,-0.02,-0.20%,0
"2023-12-01 13:19",10.13,10.15,10.13,10.15,0,0.00%,0
"2023-12-01 13:20",10.15,10.18,10.15,10.18,0.03,+0.30%,0
"2023-12-01 13:21",10.19,10.21,10.19,10.21,0.03,+0.29%,0
"2023-12-01 13:22",10.21,10.22,10.21,10.22,0.01,+0.10%,0
"2023-12-01 13:23",10.22,10.23,10.2,10.2,-0.02,-0.20%,0
"2023-12-01 13:24",10.21,10.24,10.21,10.23,0.03,+0.29%,0
"2023-12-01 13:25",10.22,10.27,10.22,10.27,0.04,+0.39%,0
"2023-12-01 13:26",10.29,10.3,10.27,10.28,0.01,+0.10%,0
"2023-12-01 13:27",10.29,10.31,10.29,10.3,0.02,+0.19%,0
"2023-12-01 13:28",10.33,10.35,10.33,10.34,0.04,+0.39%,0
"2023-12-01 13:29",10.33,10.33,10.32,10.33,-0.01,-0.10%,0
"2023-12-01 13:30",10.35,10.35,10.29,10.29,-0.04,-0.39%,0
"2023-12-01 13:31",10.27,10.29,10.27,10.29,0,0.00%,0
"2023-12-01 13:32",10.28,10.28,10.25,10.25,-0.04,-0.39%,0
"2023-12-01 13:33",10.23,10.25,10.23,10.25,0,0.00%,0
"2023-12-01 13:34",10.25,10.26,10.18,10.18,-0.07,-0.68%,0
"2023-12-01 13:35",10.19,10.21,10.18,10.18,0,0.00%,0
"2023-12-01 13:36",10.2,10.23,10.2,10.22,0.04,+0.39%,0
"2023-12-01 13:37",10.23,10.27,10.23,10.27,0.05,+0.49%,0
"2023-12-01 13:38",10.28,10.29,10.26,10.26,-0.01,-0.10%,0
"2023-12-01 13:39",10.24,10.25,10.24,10.24,-0.02,-0.19%,0
"2023-12-01 13:40",10.25,10.26,10.23,10.23,-0.01,-0.10%,0
"2023-12-01 13:41",10.22,10.22,10.19,10.19,-0.04,-0.39%,0
"2023-12-01 13:42",10.2,10.22,10.2,10.21,0.02,+0.20%,0
"2023-12-01 13:43",10.21,10.3,10.21,10.29,0.08,+0.78%,0
"2023-12-01 13:44",10.28,10.33,10.28,10.3,0.01,+0.10%,0
"2023-12-01 13:45",10.29,10.47,10.29,10.47,0.17,+1.65%,0
"2023-12-01 13:46",10.47,10.52,10.47,10.52,0.05,+0.48%,0
"2023-12-01 13:47",10.48,10.49,10.48,10.48,-0.04,-0.38%,0
"2023-12-01 13:48",10.51,10.52,10.51,10.51,0.03,+0.29%,0
"2023-12-01 13:49",10.52,10.54,10.52,10.54,0.03,+0.29%,0
"2023-12-01 13:50",10.54,10.55,10.54,10.55,0.01,+0.09%,0
"2023-12-01 13:51",10.54,10.56,10.54,10.56,0.01,+0.09%,0
"2023-12-01 13:52",10.56,10.58,10.56,10.57,0.01,+0.09%,0
"2023-12-01 13:53",10.56,10.59,10.56,10.58,0.01,+0.09%,0
"2023-12-01 13:54",10.59,10.62,10.59,10.62,0.04,+0.38%,0
"2023-12-01 13:55",10.64,10.64,10.63,10.64,0.02,+0.19%,0
"2023-12-01 13:56",10.64,10.66,10.64,10.66,0.02,+0.19%,0
"2023-12-01 13:57",10.68,10.7,10.68,10.69,0.03,+0.28%,0
"2023-12-01 13:58",10.68,10.7,10.68,10.7,0.01,+0.09%,0
"2023-12-01 13:59",10.7,10.72,10.7,10.7,0,0.00%,0
"2023-12-01 14:00",10.71,10.74,10.71,10.74,0.04,+0.37%,0
"2023-12-01 14:01",10.75,10.77,10.75,10.76,0.02,+0.19%,0
"2023-12-01 14:02",10.75,10.77,10.75,10.76,0,0.00%,0
"2023-12-01 14:03",10.76,10.77,10.76,10.77,0.01,+0.09%,0
"2023-12-01 14:04",10.79,10.8,10.78,10.8,0.03,+0.28%,0
"2023-12-01 14:05",10.8,10.81,10.8,10.81,0.01,+0.09%,0
"2023-12-01 14:06",10.81,10.82,10.81,10.81,0,0.00%,0
"2023-12-01 14:07",10.77,10.78,10.77,10.78,-0.03,-0.28%,0
"2023-12-01 14:08",10.78,10.8,10.78,10.8,0.02,+0.19%,0
"2023-12-01 14:09",10.81,10.83,10.8,10.82,0.02,+0.19%,0
"2023-12-01 14:10",10.8,10.81,10.8,10.81,-0.01,-0.09%,0
"2023-12-01 14:11",10.8,10.84,10.8,10.81,0,0.00%,0
"2023-12-01 14:12",10.82,10.85,10.81,10.85,0.04,+0.37%,0
"2023-12-01 14:13",10.85,10.88,10.85,10.88,0.03,+0.28%,0
"2023-12-01 14:14",10.88,10.89,10.88,10.88,0,0.00%,0
"2023-12-01 14:15",10.89,10.89,10.87,10.87,-0.01,-0.09%,0
"2023-12-01 14:16",10.88,10.91,10.88,10.91,0.04,+0.37%,0
"2023-12-01 14:17",10.89,10.93,10.89,10.92,0.01,+0.09%,0
"2023-12-01 14:18",10.93,10.93,10.92,10.92,0,0.00%,0
"2023-12-01 14:19",10.9,10.93,10.9,10.92,0,0.00%,0
"2023-12-01 14:20",10.89,10.89,10.88,10.89,-0.03,-0.27%,0
"2023-12-01 14:21",10.84,10.88,10.84,10.88,-0.01,-0.09%,0
"2023-12-01 14:22",10.89,10.9,10.89,10.89,0.01,+0.09%,0
"2023-12-01 14:23",10.9,10.92,10.85,10.85,-0.04,-0.37%,0
"2023-12-01 14:24",10.85,10.88,10.85,10.88,0.03,+0.28%,0
"2023-12-01 14:25",10.89,10.89,10.88,10.88,0,0.00%,0
"2023-12-01 14:26",10.89,10.9,10.89,10.9,0.02,+0.18%,0
"2023-12-01 14:27",10.86,10.88,10.84,10.87,-0.03,-0.28%,0
"2023-12-01 14:28",10.87,10.87,10.85,10.85,-0.02,-0.18%,0
"2023-12-01 14:29",10.84,10.85,10.84,10.84,-0.01,-0.09%,0
"2023-12-01 14:30",10.81,10.83,10.77,10.77,-0.07,-0.65%,0
"2023-12-01 14:31",10.77,10.78,10.76,10.76,-0.01,-0.09%,0
"2023-12-01 14:32",10.75,10.76,10.74,10.74,-0.02,-0.19%,0
"2023-12-01 14:33",10.73,10.75,10.73,10.73,-0.01,-0.09%,0
"2023-12-01 14:34",10.73,10.73,10.72,10.73,0,0.00%,0
"2023-12-01 14:35",10.72,10.73,10.72,10.73,0,0.00%,0
"2023-12-01 14:36",10.72,10.72,10.71,10.71,-0.02,-0.19%,0
"2023-12-01 14:37",10.71,10.71,10.7,10.71,0,0.00%,0
"2023-12-01 14:38",10.7,10.7,10.7,10.7,-0.01,-0.09%,0
"2023-12-01 14:39",10.7,10.71,10.7,10.7,0,0.00%,0
"2023-12-01 14:40",10.71,10.71,10.7,10.7,0,0.00%,0
"2023-12-01 14:41",10.7,10.7,10.68,10.68,-0.02,-0.19%,0
"2023-12-01 14:42",10.68,10.69,10.66,10.66,-0.02,-0.19%,0
"2023-12-01 14:43",10.65,10.65,10.63,10.65,-0.01,-0.09%,0
"2023-12-01 14:44",10.64,10.65,10.63,10.63,-0.02,-0.19%,0
"2023-12-01 14:45",10.64,10.64,10.61,10.61,-0.02,-0.19%,0
"2023-12-01 14:46",10.59,10.61,10.59,10.59,-0.02,-0.19%,0
"2023-12-01 14:47",10.6,10.62,10.6,10.62,0.03,+0.28%,0
"2023-12-01 14:48",10.61,10.62,10.61,10.61,-0.01,-0.09%,0
"2023-12-01 14:49",10.62,10.62,10.61,10.61,0,0.00%,0
"2023-12-01 14:50",10.62,10.64,10.62,10.64,0.03,+0.28%,0
"2023-12-01 14:51",10.64,10.65,10.64,10.65,0.01,+0.09%,0
"2023-12-01 14:52",10.63,10.64,10.62,10.62,-0.03,-0.28%,0
"2023-12-01 14:53",10.62,10.64,10.57,10.57,-0.05,-0.47%,0
"2023-12-01 14:54",10.56,10.58,10.56,10.57,0,0.00%,0
"2023-12-01 14:55",10.57,10.58,10.57,10.57,0,0.00%,0
"2023-12-01 14:56",10.56,10.58,10.56,10.56,-0.01,-0.09%,0
"2023-12-01 14:57",10.57,10.6,10.57,10.6,0.04,+0.38%,0
"2023-12-01 14:58",10.57,10.59,10.57,10.59,-0.01,-0.09%,0
"2023-12-01 14:59",10.58,10.58,10.57,10.57,-0.02,-0.19%,0
"2023-12-01 15:00",10.56,10.58,10.56,10.56,-0.01,-0.09%,0
"2023-12-01 15:01",10.55,10.58,10.55,10.58,0.02,+0.19%,0
"2023-12-01 15:02",10.57,10.6,10.57,10.6,0.02,+0.19%,0
"2023-12-01 15:03",10.59,10.59,10.59,10.59,-0.01,-0.09%,0
"2023-12-01 15:04",10.6,10.62,10.6,10.62,0.03,+0.28%,0
"2023-12-01 15:05",10.62,10.62,10.58,10.59,-0.03,-0.28%,0
"2023-12-01 15:06",10.59,10.59,10.58,10.58,-0.01,-0.09%,0
"2023-12-01 15:07",10.58,10.69,10.58,10.69,0.11,+1.04%,0
"2023-12-01 15:08",10.74,10.74,10.73,10.74,0.05,+0.47%,0
"2023-12-01 15:09",10.72,10.72,10.67,10.67,-0.07,-0.65%,0
"2023-12-01 15:10",10.63,10.64,10.61,10.61,-0.06,-0.56%,0
"2023-12-01 15:11",10.53,10.53,10.52,10.52,-0.09,-0.85%,0
"2023-12-01 15:12",10.53,10.54,10.5,10.5,-0.02,-0.19%,0
"2023-12-01 15:13",10.49,10.49,10.46,10.46,-0.04,-0.38%,0
"2023-12-01 15:14",10.42,10.43,10.42,10.43,-0.03,-0.29%,0
"2023-12-01 15:15",10.42,10.42,10.38,10.38,-0.05,-0.48%,0
"2023-12-01 15:16",10.37,10.38,10.37,10.37,-0.01,-0.10%,0
"2023-12-01 15:17",10.37,10.37,10.33,10.33,-0.04,-0.39%,0
"2023-12-01 15:18",10.33,10.41,10.31,10.41,0.08,+0.77%,0
"2023-12-01 15:19",10.39,10.39,10.36,10.36,-0.05,-0.48%,0
"2023-12-01 15:20",10.35,10.35,10.32,10.33,-0.03,-0.29%,0
"2023-12-01 15:21",10.31,10.32,10.3,10.3,-0.03,-0.29%,0
"2023-12-01 15:22",10.3,10.31,10.27,10.27,-0.03,-0.29%,0
"2023-12-01 15:23",10.27,10.32,10.27,10.32,0.05,+0.49%,0
"2023-12-01 15:24",10.31,10.32,10.3,10.3,-0.02,-0.19%,0
"2023-12-01 15:25",10.3,10.31,10.3,10.3,0,0.00%,0
"2023-12-01 15:26",10.3,10.33,10.3,10.33,0.03,+0.29%,0
"2023-12-01 15:27",10.32,10.33,10.32,10.33,0,0.00%,0
"2023-12-01 15:28",10.31,10.31,10.29,10.29,-0.04,-0.39%,0
"2023-12-01 15:29",10.29,10.39,10.29,10.39,0.1,+0.97%,0
"2023-12-01 15:30",10.35,10.38,10.35,10.37,-0.02,-0.19%,0
"2023-12-01 15:31",10.36,10.37,10.34,10.36,-0.01,-0.10%,0
"2023-12-01 15:32",10.35,10.37,10.35,10.36,0,0.00%,0
"2023-12-01 15:33",10.36,10.41,10.36,10.41,0.05,+0.48%,0
"2023-12-01 15:34",10.41,10.45,10.41,10.45,0.04,+0.38%,0
"2023-12-01 15:35",10.45,10.48,10.45,10.48,0.03,+0.29%,0
"2023-12-01 15:36",10.45,10.46,10.44,10.45,-0.03,-0.29%,0
"2023-12-01 15:37",10.44,10.46,10.44,10.46,0.01,+0.10%,0
"2023-12-01 15:38",10.45,10.46,10.44,10.44,-0.02,-0.19%,0
"2023-12-01 15:39",10.44,10.47,10.44,10.47,0.03,+0.29%,0
"2023-12-01 15:40",10.48,10.5,10.48,10.5,0.03,+0.29%,0
"2023-12-01 15:41",10.5,10.52,10.5,10.5,0,0.00%,0
"2023-12-01 15:42",10.51,10.51,10.49,10.5,0,0.00%,0
"2023-12-01 15:43",10.47,10.48,10.47,10.48,-0.02,-0.19%,0
"2023-12-01 15:44",10.49,10.49,10.48,10.48,0,0.00%,0
"2023-12-01 15:45",10.5,10.51,10.5,10.5,0.02,+0.19%,0
"2023-12-01 15:46",10.5,10.52,10.49,10.51,0.01,+0.10%,0
"2023-12-01 15:47",10.55,10.55,10.54,10.54,0.03,+0.29%,0
"2023-12-01 15:48",10.54,10.56,10.54,10.55,0.01,+0.09%,0
"2023-12-01 15:49",10.6,10.66,10.6,10.64,0.09,+0.85%,0
"2023-12-01 15:50",10.6,10.6,10.54,10.54,-0.1,-0.94%,0
"2023-12-01 15:51",10.54,10.54,10.5,10.5,-0.04,-0.38%,0
"2023-12-01 15:52",10.49,10.49,10.46,10.46,-0.04,-0.38%,0
"2023-12-01 15:53",10.45,10.46,10.44,10.44,-0.02,-0.19%,0
"2023-12-01 15:54",10.43,10.47,10.43,10.47,0.03,+0.29%,0
"2023-12-01 15:55",10.54,10.54,10.44,10.44,-0.03,-0.29%,0
"2023-12-01 15:56",10.45,10.47,10.45,10.46,0.02,+0.19%,0
"2023-12-01 15:57",10.44,10.45,10.4,10.4,-0.06,-0.57%,0
"2023-12-01 15:58",10.43,10.49,10.43,10.49,0.09,+0.87%,0
"2023-12-01 15:59",10.55,10.58,10.46,10.46,-0.03,-0.29%,0
"2023-12-01 16:00",10.44,10.44,10.31,10.43,-0.03,-0.29%,0
"2023-12-01 16:01",10.36,10.36,10.29,10.29,-0.14,-1.34%,0
"2023-12-01 16:02",10.31,10.31,10.19,10.19,-0.1,-0.97%,0
"2023-12-01 16:03",10.21,10.22,10.2,10.22,0.03,+0.29%,0
"2023-12-01 16:04",10.23,10.23,10.22,10.22,0,0.00%,0
"2023-12-01 16:05",10.21,10.25,10.21,10.25,0.03,+0.29%,0
"2023-12-01 16:06",10.23,10.3,10.23,10.3,0.05,+0.49%,0
"2023-12-01 16:07",10.31,10.46,10.31,10.46,0.16,+1.55%,0
"2023-12-01 16:08",10.47,10.53,10.47,10.53,0.07,+0.67%,0
"2023-12-01 16:09",10.52,10.52,10.5,10.52,-0.01,-0.09%,0
"2023-12-01 16:10",10.51,10.55,10.51,10.55,0.03,+0.29%,0
"2023-12-01 16:11",10.56,10.57,10.5,10.5,-0.05,-0.47%,0
"2023-12-01 16:12",10.51,10.6,10.51,10.55,0.05,+0.48%,0
"2023-12-01 16:13",10.56,10.61,10.56,10.61,0.06,+0.57%,0
"2023-12-01 16:14",10.62,10.65,10.62,10.65,0.04,+0.38%,0
"2023-12-01 16:15",10.62,10.62,10.62,10.62,-0.03,-0.28%,0
"2023-12-04 09:31",8.41,8.41,8.1,8.1,-2.52,-23.73%,0
"2023-12-04 09:32",8.11,8.11,7.98,7.98,-0.12,-1.48%,0
"2023-12-04 09:33",7.92,7.92,7.82,7.82,-0.16,-2.01%,0
"2023-12-04 09:34",7.85,7.93,7.85,7.91,0.09,+1.15%,0
"2023-12-04 09:35",7.97,8.05,7.97,8.05,0.14,+1.77%,0
"2023-12-04 09:36",8.06,8.15,8.06,8.15,0.1,+1.24%,0
"2023-12-04 09:37",8.17,8.19,8.17,8.19,0.04,+0.49%,0
"2023-12-04 09:38",8.17,8.19,8.15,8.15,-0.04,-0.49%,0
"2023-12-04 09:39",8.13,8.14,8.12,8.13,-0.02,-0.25%,0
"2023-12-04 09:40",8.15,8.2,8.15,8.18,0.05,+0.62%,0
"2023-12-04 09:41",8.18,8.2,8.14,8.14,-0.04,-0.49%,0
"2023-12-04 09:42",8.11,8.13,8.11,8.11,-0.03,-0.37%,0
"2023-12-04 09:43",8.08,8.11,8.08,8.11,0,0.00%,0
"2023-12-04 09:44",8.1,8.15,8.1,8.15,0.04,+0.49%,0
"2023-12-04 09:45",8.16,8.16,8.02,8.02,-0.13,-1.60%,0
"2023-12-04 09:46",8.02,8.06,8.02,8.06,0.04,+0.50%,0
"2023-12-04 09:47",8.08,8.1,8.08,8.09,0.03,+0.37%,0
"2023-12-04 09:48",8.07,8.12,8.02,8.02,-0.07,-0.87%,0
"2023-12-04 09:49",8.02,8.03,7.98,7.99,-0.03,-0.37%,0
"2023-12-04 09:50",8,8.06,8,8.04,0.05,+0.63%,0
"2023-12-04 09:51",8.03,8.07,8.03,8.07,0.03,+0.37%,0
"2023-12-04 09:52",8.05,8.05,7.96,7.96,-0.11,-1.36%,0
"2023-12-04 09:53",7.98,8,7.98,8,0.04,+0.50%,0
"2023-12-04 09:54",8.01,8.01,7.99,8.01,0.01,+0.13%,0
"2023-12-04 09:55",7.96,7.97,7.93,7.94,-0.07,-0.87%,0
"2023-12-04 09:56",7.99,7.99,7.95,7.96,0.02,+0.25%,0
"2023-12-04 09:57",7.92,7.96,7.92,7.96,0,0.00%,0
"2023-12-04 09:58",7.96,7.97,7.95,7.95,-0.01,-0.13%,0
"2023-12-04 09:59",7.93,7.93,7.89,7.89,-0.06,-0.75%,0
"2023-12-04 10:00",7.89,7.94,7.89,7.91,0.02,+0.25%,0
"2023-12-04 10:01",7.88,7.93,7.87,7.93,0.02,+0.25%,0
"2023-12-04 10:02",7.95,7.97,7.94,7.94,0.01,+0.13%,0
"2023-12-04 10:03",7.92,7.92,7.89,7.89,-0.05,-0.63%,0
"2023-12-04 10:04",7.88,7.9,7.85,7.85,-0.04,-0.51%,0
"2023-12-04 10:05",7.84,7.85,7.83,7.85,0,0.00%,0
"2023-12-04 10:06",7.85,7.86,7.83,7.83,-0.02,-0.25%,0
"2023-12-04 10:07",7.84,7.85,7.8,7.81,-0.02,-0.26%,0
"2023-12-04 10:08",7.83,7.9,7.83,7.9,0.09,+1.15%,0
"2023-12-04 10:09",7.9,7.9,7.89,7.89,-0.01,-0.13%,0
"2023-12-04 10:10",7.89,7.92,7.89,7.9,0.01,+0.13%,0
"2023-12-04 10:11",7.89,7.91,7.89,7.91,0.01,+0.13%,0
"2023-12-04 10:12",7.93,7.97,7.93,7.97,0.06,+0.76%,0
"2023-12-04 10:13",7.97,7.97,7.95,7.95,-0.02,-0.25%,0
"2023-12-04 10:14",7.97,7.99,7.96,7.96,0.01,+0.13%,0
"2023-12-04 10:15",7.96,7.96,7.94,7.94,-0.02,-0.25%,0
"2023-12-04 10:16",7.93,7.97,7.93,7.97,0.03,+0.38%,0
"2023-12-04 10:17",8,8.01,7.99,7.99,0.02,+0.25%,0
"2023-12-04 10:18",7.98,8.01,7.98,7.99,0,0.00%,0
"2023-12-04 10:19",8.01,8.01,7.99,7.99,0,0.00%,0
"2023-12-04 10:20",8,8,7.96,7.96,-0.03,-0.38%,0
"2023-12-04 10:21",7.98,7.99,7.98,7.98,0.02,+0.25%,0
"2023-12-04 10:22",7.98,7.99,7.97,7.98,0,0.00%,0
"2023-12-04 10:23",7.95,7.99,7.95,7.98,0,0.00%,0
"2023-12-04 10:24",7.98,8.08,7.98,8.08,0.1,+1.25%,0
"2023-12-04 10:25",8.08,8.08,8,8.01,-0.07,-0.87%,0
"2023-12-04 10:26",8.02,8.14,8.02,8.14,0.13,+1.62%,0
"2023-12-04 10:27",8.13,8.19,8.13,8.19,0.05,+0.61%,0
"2023-12-04 10:28",8.21,8.23,8.19,8.19,0,0.00%,0
"2023-12-04 10:29",8.22,8.26,8.14,8.14,-0.05,-0.61%,0
"2023-12-04 10:30",8.12,8.15,8.12,8.13,-0.01,-0.12%,0
"2023-12-04 10:31",8.13,8.17,8.13,8.17,0.04,+0.49%,0
"2023-12-04 10:32",8.18,8.18,8.1,8.1,-0.07,-0.86%,0
"2023-12-04 10:33",8.09,8.13,8.09,8.13,0.03,+0.37%,0
"2023-12-04 10:34",8.14,8.19,8.14,8.19,0.06,+0.74%,0
"2023-12-04 10:35",8.21,8.24,8.21,8.24,0.05,+0.61%,0
"2023-12-04 10:36",8.25,8.29,8.25,8.27,0.03,+0.36%,0
"2023-12-04 10:37",8.29,8.29,8.25,8.25,-0.02,-0.24%,0
"2023-12-04 10:38",8.24,8.24,8.16,8.16,-0.09,-1.09%,0
"2023-12-04 10:39",8.19,8.32,8.19,8.32,0.16,+1.96%,0
"2023-12-04 10:40",8.33,8.33,8.28,8.28,-0.04,-0.48%,0
"2023-12-04 10:41",8.27,8.31,8.27,8.3,0.02,+0.24%,0
"2023-12-04 10:42",8.3,8.33,8.3,8.32,0.02,+0.24%,0
"2023-12-04 10:43",8.31,8.33,8.31,8.33,0.01,+0.12%,0
"2023-12-04 10:44",8.33,8.36,8.33,8.35,0.02,+0.24%,0
"2023-12-04 10:45",8.36,8.36,8.33,8.33,-0.02,-0.24%,0
"2023-12-04 10:46",8.32,8.36,8.32,8.36,0.03,+0.36%,0
"2023-12-04 10:47",8.33,8.34,8.27,8.27,-0.09,-1.08%,0
"2023-12-04 10:48",8.27,8.3,8.27,8.28,0.01,+0.12%,0
"2023-12-04 10:49",8.3,8.32,8.3,8.32,0.04,+0.48%,0
"2023-12-04 10:50",8.32,8.33,8.32,8.33,0.01,+0.12%,0
"2023-12-04 10:51",8.34,8.38,8.34,8.37,0.04,+0.48%,0
"2023-12-04 10:52",8.36,8.38,8.36,8.36,-0.01,-0.12%,0
"2023-12-04 10:53",8.37,8.38,8.36,8.36,0,0.00%,0
"2023-12-04 10:54",8.35,8.37,8.34,8.34,-0.02,-0.24%,0
"2023-12-04 10:55",8.35,8.37,8.35,8.37,0.03,+0.36%,0
"2023-12-04 10:56",8.35,8.39,8.35,8.38,0.01,+0.12%,0
"2023-12-04 10:57",8.37,8.38,8.37,8.38,0,0.00%,0
"2023-12-04 10:58",8.38,8.41,8.38,8.41,0.03,+0.36%,0
"2023-12-04 10:59",8.39,8.39,8.37,8.37,-0.04,-0.48%,0
"2023-12-04 11:00",8.4,8.42,8.4,8.42,0.05,+0.60%,0
"2023-12-04 11:01",8.41,8.44,8.41,8.42,0,0.00%,0
"2023-12-04 11:02",8.43,8.45,8.41,8.45,0.03,+0.36%,0
"2023-12-04 11:03",8.46,8.48,8.46,8.48,0.03,+0.36%,0
"2023-12-04 11:04",8.47,8.51,8.47,8.51,0.03,+0.35%,0
"2023-12-04 11:05",8.49,8.5,8.48,8.48,-0.03,-0.35%,0
"2023-12-04 11:06",8.43,8.45,8.43,8.45,-0.03,-0.35%,0
"2023-12-04 11:07",8.44,8.47,8.44,8.44,-0.01,-0.12%,0
"2023-12-04 11:08",8.44,8.5,8.44,8.5,0.06,+0.71%,0
"2023-12-04 11:09",8.48,8.48,8.41,8.41,-0.09,-1.06%,0
"2023-12-04 11:10",8.4,8.44,8.4,8.43,0.02,+0.24%,0
"2023-12-04 11:11",8.41,8.44,8.41,8.42,-0.01,-0.12%,0
"2023-12-04 11:12",8.43,8.44,8.43,8.43,0.01,+0.12%,0
"2023-12-04 11:13",8.44,8.47,8.44,8.46,0.03,+0.36%,0
"2023-12-04 11:14",8.44,8.44,8.35,8.35,-0.11,-1.30%,0
"2023-12-04 11:15",8.35,8.35,8.33,8.34,-0.01,-0.12%,0
"2023-12-04 11:16",8.33,8.36,8.33,8.36,0.02,+0.24%,0
"2023-12-04 11:17",8.36,8.38,8.36,8.36,0,0.00%,0
"2023-12-04 11:18",8.38,8.41,8.38,8.4,0.04,+0.48%,0
"2023-12-04 11:19",8.4,8.41,8.4,8.41,0.01,+0.12%,0
"2023-12-04 11:20",8.42,8.42,8.41,8.42,0.01,+0.12%,0
"2023-12-04 11:21",8.43,8.45,8.43,8.43,0.01,+0.12%,0
"2023-12-04 11:22",8.42,8.44,8.42,8.42,-0.01,-0.12%,0
"2023-12-04 11:23",8.43,8.45,8.42,8.42,0,0.00%,0
"2023-12-04 11:24",8.4,8.4,8.37,8.38,-0.04,-0.48%,0
"2023-12-04 11:25",8.37,8.49,8.37,8.49,0.11,+1.31%,0
"2023-12-04 11:26",8.49,8.51,8.49,8.51,0.02,+0.24%,0
"2023-12-04 11:27",8.5,8.51,8.46,8.46,-0.05,-0.59%,0
"2023-12-04 11:28",8.47,8.51,8.47,8.51,0.05,+0.59%,0
"2023-12-04 11:29",8.51,8.51,8.5,8.5,-0.01,-0.12%,0
"2023-12-04 11:30",8.49,8.51,8.49,8.5,0,0.00%,0
"2023-12-04 11:31",8.51,8.54,8.51,8.52,0.02,+0.24%,0
"2023-12-04 11:32",8.5,8.54,8.5,8.54,0.02,+0.23%,0
"2023-12-04 11:33",8.54,8.57,8.54,8.57,0.03,+0.35%,0
"2023-12-04 11:34",8.57,8.6,8.57,8.6,0.03,+0.35%,0
"2023-12-04 11:35",8.63,8.66,8.63,8.66,0.06,+0.70%,0
"2023-12-04 11:36",8.65,8.67,8.65,8.67,0.01,+0.12%,0
"2023-12-04 11:37",8.66,8.68,8.66,8.68,0.01,+0.12%,0
"2023-12-04 11:38",8.66,8.68,8.66,8.68,0,0.00%,0
"2023-12-04 11:39",8.67,8.68,8.63,8.63,-0.05,-0.58%,0
"2023-12-04 11:40",8.63,8.63,8.61,8.61,-0.02,-0.23%,0
"2023-12-04 11:41",8.6,8.61,8.59,8.59,-0.02,-0.23%,0
"2023-12-04 11:42",8.58,8.6,8.58,8.59,0,0.00%,0
"2023-12-04 11:43",8.58,8.6,8.54,8.54,-0.05,-0.58%,0
"2023-12-04 11:44",8.54,8.57,8.54,8.56,0.02,+0.23%,0
"2023-12-04 11:45",8.56,8.56,8.54,8.54,-0.02,-0.23%,0
"2023-12-04 11:46",8.56,8.57,8.56,8.57,0.03,+0.35%,0
"2023-12-04 11:47",8.56,8.56,8.52,8.52,-0.05,-0.58%,0
"2023-12-04 11:48",8.51,8.56,8.51,8.56,0.04,+0.47%,0
"2023-12-04 11:49",8.58,8.61,8.58,8.61,0.05,+0.58%,0
"2023-12-04 11:50",8.61,8.62,8.6,8.62,0.01,+0.12%,0
"2023-12-04 11:51",8.62,8.64,8.62,8.63,0.01,+0.12%,0
"2023-12-04 11:52",8.64,8.67,8.64,8.67,0.04,+0.46%,0
"2023-12-04 11:53",8.67,8.67,8.64,8.65,-0.02,-0.23%,0
"2023-12-04 11:54",8.63,8.65,8.63,8.63,-0.02,-0.23%,0
"2023-12-04 11:55",8.62,8.62,8.61,8.62,-0.01,-0.12%,0
"2023-12-04 11:56",8.62,8.64,8.62,8.62,0,0.00%,0
"2023-12-04 11:57",8.63,8.65,8.63,8.63,0.01,+0.12%,0
"2023-12-04 11:58",8.63,8.66,8.63,8.66,0.03,+0.35%,0
"2023-12-04 11:59",8.66,8.68,8.66,8.68,0.02,+0.23%,0
"2023-12-04 12:00",8.68,8.71,8.68,8.7,0.02,+0.23%,0
"2023-12-04 12:01",8.68,8.7,8.68,8.69,-0.01,-0.11%,0
"2023-12-04 12:02",8.69,8.73,8.69,8.73,0.04,+0.46%,0
"2023-12-04 12:03",8.73,8.75,8.73,8.75,0.02,+0.23%,0
"2023-12-04 12:04",8.73,8.76,8.73,8.75,0,0.00%,0
"2023-12-04 12:05",8.73,8.76,8.73,8.74,-0.01,-0.11%,0
"2023-12-04 12:06",8.77,8.77,8.77,8.77,0.03,+0.34%,0
"2023-12-04 12:07",8.8,8.86,8.8,8.86,0.09,+1.03%,0
"2023-12-04 12:08",8.85,8.85,8.83,8.83,-0.03,-0.34%,0
"2023-12-04 12:09",8.84,8.85,8.84,8.84,0.01,+0.11%,0
"2023-12-04 12:10",8.84,8.87,8.83,8.87,0.03,+0.34%,0
"2023-12-04 12:11",8.88,8.89,8.88,8.89,0.02,+0.23%,0
"2023-12-04 12:12",8.88,8.89,8.88,8.89,0,0.00%,0
"2023-12-04 12:13",8.88,8.91,8.88,8.91,0.02,+0.22%,0
"2023-12-04 12:14",8.9,8.92,8.9,8.9,-0.01,-0.11%,0
"2023-12-04 12:15",8.89,8.89,8.89,8.89,-0.01,-0.11%,0
"2023-12-04 12:16",8.9,8.96,8.9,8.96,0.07,+0.79%,0
"2023-12-04 12:17",8.95,8.96,8.95,8.96,0,0.00%,0
"2023-12-04 12:18",8.95,8.96,8.95,8.95,-0.01,-0.11%,0
"2023-12-04 12:19",8.95,8.97,8.95,8.97,0.02,+0.22%,0
"2023-12-04 12:20",8.96,8.96,8.94,8.94,-0.03,-0.33%,0
"2023-12-04 12:21",8.94,8.96,8.93,8.93,-0.01,-0.11%,0
"2023-12-04 12:22",8.93,8.96,8.93,8.95,0.02,+0.22%,0
"2023-12-04 12:23",8.94,8.97,8.94,8.96,0.01,+0.11%,0
"2023-12-04 12:24",8.97,8.98,8.95,8.95,-0.01,-0.11%,0
"2023-12-04 12:25",8.93,8.96,8.93,8.96,0.01,+0.11%,0
"2023-12-04 12:26",8.95,8.95,8.92,8.92,-0.04,-0.45%,0
"2023-12-04 12:27",8.92,8.95,8.92,8.93,0.01,+0.11%,0
"2023-12-04 12:28",8.93,8.93,8.92,8.92,-0.01,-0.11%,0
"2023-12-04 12:29",8.93,8.94,8.93,8.93,0.01,+0.11%,0
"2023-12-04 12:30",8.93,8.94,8.93,8.93,0,0.00%,0
"2023-12-04 12:31",8.92,8.94,8.92,8.94,0.01,+0.11%,0
"2023-12-04 12:32",8.94,8.95,8.93,8.93,-0.01,-0.11%,0
"2023-12-04 12:33",8.92,8.97,8.92,8.97,0.04,+0.45%,0
"2023-12-04 12:34",8.96,9.06,8.96,9.03,0.06,+0.67%,0
"2023-12-04 12:35",9.03,9.05,9.03,9.05,0.02,+0.22%,0
"2023-12-04 12:36",9.04,9.05,9.03,9.03,-0.02,-0.22%,0
"2023-12-04 12:37",9.03,9.04,9.03,9.03,0,0.00%,0
"2023-12-04 12:38",9.04,9.05,9.04,9.04,0.01,+0.11%,0
"2023-12-04 12:39",9.05,9.08,9.05,9.07,0.03,+0.33%,0
"2023-12-04 12:40",9.06,9.09,9.06,9.08,0.01,+0.11%,0
"2023-12-04 12:41",9.09,9.11,9.09,9.11,0.03,+0.33%,0
"2023-12-04 12:42",9.11,9.11,9.09,9.09,-0.02,-0.22%,0
"2023-12-04 12:43",9.09,9.1,9.08,9.08,-0.01,-0.11%,0
"2023-12-04 12:44",9.1,9.11,9.1,9.1,0.02,+0.22%,0
"2023-12-04 12:45",9.08,9.1,9.08,9.09,-0.01,-0.11%,0
"2023-12-04 12:46",9.1,9.11,9.1,9.1,0.01,+0.11%,0
"2023-12-04 12:47",9.1,9.1,9.09,9.09,-0.01,-0.11%,0
"2023-12-04 12:48",9.07,9.1,9.07,9.08,-0.01,-0.11%,0
"2023-12-04 12:49",9.07,9.1,9.07,9.1,0.02,+0.22%,0
"2023-12-04 12:50",9.09,9.09,9.05,9.07,-0.03,-0.33%,0
"2023-12-04 12:51",9.08,9.09,9.08,9.09,0.02,+0.22%,0
"2023-12-04 12:52",9.08,9.08,9.08,9.08,-0.01,-0.11%,0
"2023-12-04 12:53",9.07,9.09,9.07,9.07,-0.01,-0.11%,0
"2023-12-04 12:54",9.05,9.08,9.05,9.07,0,0.00%,0
"2023-12-04 12:55",9.08,9.09,9.08,9.09,0.02,+0.22%,0
"2023-12-04 12:56",9.09,9.11,9.09,9.11,0.02,+0.22%,0
"2023-12-04 12:57",9.11,9.11,9.06,9.06,-0.05,-0.55%,0
"2023-12-04 12:58",9.07,9.12,9.07,9.12,0.06,+0.66%,0
"2023-12-04 12:59",9.11,9.13,9.11,9.12,0,0.00%,0
"2023-12-04 13:00",9.13,9.14,9.13,9.13,0.01,+0.11%,0
"2023-12-04 13:01",9.12,9.14,9.12,9.13,0,0.00%,0
"2023-12-04 13:02",9.13,9.14,9.13,9.14,0.01,+0.11%,0
"2023-12-04 13:03",9.14,9.15,9.12,9.12,-0.02,-0.22%,0
"2023-12-04 13:04",9.12,9.13,9.11,9.11,-0.01,-0.11%,0
"2023-12-04 13:05",9.1,9.11,9.1,9.1,-0.01,-0.11%,0
"2023-12-04 13:06",9.09,9.12,9.09,9.12,0.02,+0.22%,0
"2023-12-04 13:07",9.12,9.13,9.11,9.11,-0.01,-0.11%,0
"2023-12-04 13:08",9.13,9.16,9.13,9.16,0.05,+0.55%,0
"2023-12-04 13:09",9.17,9.17,9.17,9.17,0.01,+0.11%,0
"2023-12-04 13:10",9.16,9.18,9.16,9.18,0.01,+0.11%,0
"2023-12-04 13:11",9.18,9.19,9.18,9.18,0,0.00%,0
"2023-12-04 13:12",9.18,9.18,9.18,9.18,0,0.00%,0
"2023-12-04 13:13",9.18,9.19,9.18,9.19,0.01,+0.11%,0
"2023-12-04 13:14",9.19,9.19,9.15,9.15,-0.04,-0.44%,0
"2023-12-04 13:15",9.16,9.17,9.16,9.17,0.02,+0.22%,0
"2023-12-04 13:16",9.17,9.22,9.17,9.22,0.05,+0.55%,0
"2023-12-04 13:17",9.22,9.23,9.22,9.23,0.01,+0.11%,0
"2023-12-04 13:18",9.22,9.23,9.21,9.21,-0.02,-0.22%,0
"2023-12-04 13:19",9.21,9.22,9.21,9.21,0,0.00%,0
"2023-12-04 13:20",9.22,9.23,9.22,9.23,0.02,+0.22%,0
"2023-12-04 13:21",9.24,9.25,9.24,9.24,0.01,+0.11%,0
"2023-12-04 13:22",9.25,9.25,9.23,9.23,-0.01,-0.11%,0
"2023-12-04 13:23",9.21,9.21,9.2,9.2,-0.03,-0.33%,0
"2023-12-04 13:24",9.21,9.24,9.21,9.23,0.03,+0.33%,0
"2023-12-04 13:25",9.23,9.25,9.23,9.24,0.01,+0.11%,0
"2023-12-04 13:26",9.23,9.25,9.23,9.25,0.01,+0.11%,0
"2023-12-04 13:27",9.23,9.23,9.2,9.22,-0.03,-0.32%,0
"2023-12-04 13:28",9.2,9.21,9.19,9.19,-0.03,-0.33%,0
"2023-12-04 13:29",9.19,9.21,9.19,9.2,0.01,+0.11%,0
"2023-12-04 13:30",9.2,9.21,9.18,9.19,-0.01,-0.11%,0
"2023-12-04 13:31",9.19,9.23,9.19,9.23,0.04,+0.44%,0
"2023-12-04 13:32",9.2,9.24,9.2,9.24,0.01,+0.11%,0
"2023-12-04 13:33",9.24,9.25,9.24,9.24,0,0.00%,0
"2023-12-04 13:34",9.24,9.24,9.2,9.2,-0.04,-0.43%,0
"2023-12-04 13:35",9.21,9.22,9.21,9.22,0.02,+0.22%,0
"2023-12-04 13:36",9.2,9.21,9.19,9.19,-0.03,-0.33%,0
"2023-12-04 13:37",9.16,9.19,9.16,9.19,0,0.00%,0
"2023-12-04 13:38",9.2,9.23,9.2,9.23,0.04,+0.44%,0
"2023-12-04 13:39",9.23,9.25,9.23,9.25,0.02,+0.22%,0
"2023-12-04 13:40",9.25,9.25,9.24,9.24,-0.01,-0.11%,0
"2023-12-04 13:41",9.25,9.27,9.25,9.27,0.03,+0.32%,0
"2023-12-04 13:42",9.27,9.28,9.25,9.25,-0.02,-0.22%,0
"2023-12-04 13:43",9.28,9.31,9.28,9.3,0.05,+0.54%,0
"2023-12-04 13:44",9.31,9.33,9.31,9.33,0.03,+0.32%,0
"2023-12-04 13:45",9.33,9.33,9.32,9.32,-0.01,-0.11%,0
"2023-12-04 13:46",9.32,9.34,9.32,9.34,0.02,+0.21%,0
"2023-12-04 13:47",9.33,9.34,9.33,9.34,0,0.00%,0
"2023-12-04 13:48",9.35,9.38,9.35,9.38,0.04,+0.43%,0
"2023-12-04 13:49",9.38,9.4,9.38,9.39,0.01,+0.11%,0
"2023-12-04 13:50",9.39,9.4,9.39,9.4,0.01,+0.11%,0
"2023-12-04 13:51",9.4,9.43,9.4,9.43,0.03,+0.32%,0
"2023-12-04 13:52",9.42,9.42,9.41,9.41,-0.02,-0.21%,0
"2023-12-04 13:53",9.41,9.43,9.41,9.41,0,0.00%,0
"2023-12-04 13:54",9.41,9.41,9.41,9.41,0,0.00%,0
"2023-12-04 13:55",9.41,9.42,9.41,9.42,0.01,+0.11%,0
"2023-12-04 13:56",9.41,9.43,9.4,9.4,-0.02,-0.21%,0
"2023-12-04 13:57",9.4,9.43,9.4,9.42,0.02,+0.21%,0
"2023-12-04 13:58",9.43,9.44,9.42,9.42,0,0.00%,0
"2023-12-04 13:59",9.42,9.45,9.42,9.45,0.03,+0.32%,0
"2023-12-04 14:00",9.45,9.46,9.45,9.46,0.01,+0.11%,0
"2023-12-04 14:01",9.47,9.48,9.47,9.48,0.02,+0.21%,0
"2023-12-04 14:02",9.5,9.51,9.49,9.49,0.01,+0.11%,0
"2023-12-04 14:03",9.51,9.53,9.51,9.52,0.03,+0.32%,0
"2023-12-04 14:04",9.52,9.52,9.49,9.49,-0.03,-0.32%,0
"2023-12-04 14:05",9.5,9.52,9.5,9.5,0.01,+0.11%,0
"2023-12-04 14:06",9.53,9.54,9.53,9.54,0.04,+0.42%,0
"2023-12-04 14:07",9.55,9.55,9.53,9.53,-0.01,-0.10%,0
"2023-12-04 14:08",9.53,9.57,9.53,9.57,0.04,+0.42%,0
"2023-12-04 14:09",9.56,9.56,9.55,9.56,-0.01,-0.10%,0
"2023-12-04 14:10",9.55,9.56,9.53,9.53,-0.03,-0.31%,0
"2023-12-04 14:11",9.51,9.52,9.51,9.51,-0.02,-0.21%,0
"2023-12-04 14:12",9.49,9.5,9.46,9.47,-0.04,-0.42%,0
"2023-12-04 14:13",9.47,9.47,9.42,9.42,-0.05,-0.53%,0
"2023-12-04 14:14",9.43,9.46,9.43,9.46,0.04,+0.42%,0
"2023-12-04 14:15",9.45,9.45,9.45,9.45,-0.01,-0.11%,0
"2023-12-04 14:16",9.46,9.49,9.46,9.47,0.02,+0.21%,0
"2023-12-04 14:17",9.47,9.5,9.47,9.5,0.03,+0.32%,0
"2023-12-04 14:18",9.5,9.52,9.5,9.51,0.01,+0.11%,0
"2023-12-04 14:19",9.51,9.55,9.51,9.55,0.04,+0.42%,0
"2023-12-04 14:20",9.54,9.55,9.54,9.55,0,0.00%,0
"2023-12-04 14:21",9.55,9.56,9.55,9.56,0.01,+0.10%,0
"2023-12-04 14:22",9.56,9.57,9.56,9.57,0.01,+0.10%,0
"2023-12-04 14:23",9.55,9.56,9.54,9.54,-0.03,-0.31%,0
"2023-12-04 14:24",9.51,9.54,9.51,9.54,0,0.00%,0
"2023-12-04 14:25",9.52,9.53,9.52,9.52,-0.02,-0.21%,0
"2023-12-04 14:26",9.53,9.53,9.49,9.49,-0.03,-0.32%,0
"2023-12-04 14:27",9.49,9.51,9.49,9.51,0.02,+0.21%,0
"2023-12-04 14:28",9.5,9.53,9.5,9.52,0.01,+0.11%,0
"2023-12-04 14:29",9.52,9.53,9.52,9.53,0.01,+0.11%,0
"2023-12-04 14:30",9.52,9.52,9.51,9.51,-0.02,-0.21%,0
"2023-12-04 14:31",9.47,9.47,9.46,9.46,-0.05,-0.53%,0
"2023-12-04 14:32",9.47,9.48,9.47,9.47,0.01,+0.11%,0
"2023-12-04 14:33",9.47,9.52,9.47,9.51,0.04,+0.42%,0
"2023-12-04 14:34",9.53,9.56,9.53,9.54,0.03,+0.32%,0
"2023-12-04 14:35",9.54,9.56,9.54,9.54,0,0.00%,0
"2023-12-04 14:36",9.53,9.55,9.52,9.52,-0.02,-0.21%,0
"2023-12-04 14:37",9.52,9.52,9.51,9.51,-0.01,-0.11%,0
"2023-12-04 14:38",9.5,9.51,9.5,9.51,0,0.00%,0
"2023-12-04 14:39",9.52,9.52,9.51,9.51,0,0.00%,0
"2023-12-04 14:40",9.51,9.52,9.51,9.52,0.01,+0.11%,0
"2023-12-04 14:41",9.51,9.53,9.51,9.52,0,0.00%,0
"2023-12-04 14:42",9.51,9.52,9.51,9.52,0,0.00%,0
"2023-12-04 14:43",9.5,9.51,9.5,9.51,-0.01,-0.11%,0
"2023-12-04 14:44",9.5,9.5,9.47,9.47,-0.04,-0.42%,0
"2023-12-04 14:45",9.46,9.46,9.45,9.45,-0.02,-0.21%,0
"2023-12-04 14:46",9.43,9.47,9.43,9.46,0.01,+0.11%,0
"2023-12-04 14:47",9.48,9.5,9.48,9.48,0.02,+0.21%,0
"2023-12-04 14:48",9.49,9.49,9.46,9.46,-0.02,-0.21%,0
"2023-12-04 14:49",9.48,9.48,9.47,9.48,0.02,+0.21%,0
"2023-12-04 14:50",9.47,9.5,9.47,9.5,0.02,+0.21%,0
"2023-12-04 14:51",9.49,9.5,9.49,9.5,0,0.00%,0
"2023-12-04 14:52",9.49,9.51,9.49,9.5,0,0.00%,0
"2023-12-04 14:53",9.49,9.51,9.49,9.51,0.01,+0.11%,0
"2023-12-04 14:54",9.51,9.51,9.51,9.51,0,0.00%,0
"2023-12-04 14:55",9.52,9.52,9.47,9.47,-0.04,-0.42%,0
"2023-12-04 14:56",9.44,9.44,9.43,9.43,-0.04,-0.42%,0
"2023-12-04 14:57",9.41,9.44,9.41,9.41,-0.02,-0.21%,0
"2023-12-04 14:58",9.4,9.48,9.4,9.48,0.07,+0.74%,0
"2023-12-04 14:59",9.48,9.5,9.48,9.5,0.02,+0.21%,0
"2023-12-04 15:00",9.5,9.51,9.5,9.51,0.01,+0.11%,0
"2023-12-04 15:01",9.52,9.55,9.52,9.54,0.03,+0.32%,0
"2023-12-04 15:02",9.54,9.57,9.54,9.57,0.03,+0.31%,0
"2023-12-04 15:03",9.56,9.57,9.56,9.56,-0.01,-0.10%,0
"2023-12-04 15:04",9.56,9.59,9.56,9.57,0.01,+0.10%,0
"2023-12-04 15:05",9.58,9.58,9.56,9.56,-0.01,-0.10%,0
"2023-12-04 15:06",9.57,9.62,9.57,9.62,0.06,+0.63%,0
"2023-12-04 15:07",9.63,9.66,9.63,9.66,0.04,+0.42%,0
"2023-12-04 15:08",9.66,9.68,9.66,9.67,0.01,+0.10%,0
"2023-12-04 15:09",9.66,9.68,9.66,9.67,0,0.00%,0
"2023-12-04 15:10",9.66,9.68,9.66,9.67,0,0.00%,0
"2023-12-04 15:11",9.67,9.69,9.67,9.69,0.02,+0.21%,0
"2023-12-04 15:12",9.69,9.69,9.63,9.63,-0.06,-0.62%,0
"2023-12-04 15:13",9.63,9.65,9.63,9.65,0.02,+0.21%,0
"2023-12-04 15:14",9.63,9.63,9.63,9.63,-0.02,-0.21%,0
"2023-12-04 15:15",9.61,9.61,9.59,9.59,-0.04,-0.42%,0
"2023-12-04 15:16",9.59,9.64,9.59,9.64,0.05,+0.52%,0
"2023-12-04 15:17",9.64,9.66,9.64,9.66,0.02,+0.21%,0
"2023-12-04 15:18",9.66,9.67,9.65,9.65,-0.01,-0.10%,0
"2023-12-04 15:19",9.62,9.63,9.62,9.62,-0.03,-0.31%,0
"2023-12-04 15:20",9.63,9.64,9.63,9.64,0.02,+0.21%,0
"2023-12-04 15:21",9.63,9.66,9.63,9.64,0,0.00%,0
"2023-12-04 15:22",9.62,9.65,9.62,9.65,0.01,+0.10%,0
"2023-12-04 15:23",9.64,9.65,9.64,9.64,-0.01,-0.10%,0
"2023-12-04 15:24",9.65,9.67,9.65,9.67,0.03,+0.31%,0
"2023-12-04 15:25",9.67,9.71,9.67,9.71,0.04,+0.41%,0
"2023-12-04 15:26",9.69,9.69,9.68,9.68,-0.03,-0.31%,0
"2023-12-04 15:27",9.68,9.72,9.68,9.71,0.03,+0.31%,0
"2023-12-04 15:28",9.71,9.73,9.71,9.72,0.01,+0.10%,0
"2023-12-04 15:29",9.72,9.73,9.72,9.73,0.01,+0.10%,0
"2023-12-04 15:30",9.71,9.71,9.69,9.69,-0.04,-0.41%,0
"2023-12-04 15:31",9.7,9.76,9.7,9.76,0.07,+0.72%,0
"2023-12-04 15:32",9.7,9.71,9.7,9.71,-0.05,-0.51%,0
"2023-12-04 15:33",9.72,9.73,9.69,9.69,-0.02,-0.21%,0
"2023-12-04 15:34",9.67,9.68,9.67,9.67,-0.02,-0.21%,0
"2023-12-04 15:35",9.67,9.69,9.67,9.69,0.02,+0.21%,0
"2023-12-04 15:36",9.7,9.71,9.7,9.71,0.02,+0.21%,0
"2023-12-04 15:37",9.69,9.72,9.69,9.7,-0.01,-0.10%,0
"2023-12-04 15:38",9.71,9.72,9.7,9.72,0.02,+0.21%,0
"2023-12-04 15:39",9.73,9.74,9.73,9.74,0.02,+0.21%,0
"2023-12-04 15:40",9.74,9.76,9.74,9.76,0.02,+0.21%,0
"2023-12-04 15:41",9.76,9.76,9.75,9.76,0,0.00%,0
"2023-12-04 15:42",9.75,9.76,9.75,9.76,0,0.00%,0
"2023-12-04 15:43",9.77,9.77,9.76,9.76,0,0.00%,0
"2023-12-04 15:44",9.79,9.79,9.78,9.79,0.03,+0.31%,0
"2023-12-04 15:45",9.83,9.86,9.83,9.85,0.06,+0.61%,0
"2023-12-04 15:46",9.86,9.89,9.86,9.86,0.01,+0.10%,0
"2023-12-04 15:47",9.84,9.88,9.84,9.88,0.02,+0.20%,0
"2023-12-04 15:48",9.86,9.86,9.78,9.78,-0.1,-1.01%,0
"2023-12-04 15:49",9.98,10.03,9.98,10.03,0.25,+2.56%,0
"2023-12-04 15:50",10.02,10.02,9.9,9.9,-0.13,-1.30%,0
"2023-12-04 15:51",9.93,9.93,9.87,9.87,-0.03,-0.30%,0
"2023-12-04 15:52",9.89,10.01,9.89,10,0.13,+1.32%,0
"2023-12-04 15:53",10.02,10.03,9.99,9.99,-0.01,-0.10%,0
"2023-12-04 15:54",10,10.14,10,10.14,0.15,+1.50%,0
"2023-12-04 15:55",10.16,10.17,10.15,10.15,0.01,+0.10%,0
"2023-12-04 15:56",10.15,10.16,10.15,10.15,0,0.00%,0
"2023-12-04 15:57",10.12,10.15,10.12,10.15,0,0.00%,0
"2023-12-04 15:58",10.14,10.14,10.11,10.11,-0.04,-0.39%,0
"2023-12-04 15:59",10.1,10.1,10.01,10.01,-0.1,-0.99%,0
"2023-12-04 16:00",9.99,9.99,9.87,9.89,-0.12,-1.20%,0
"2023-12-04 16:01",9.89,9.89,9.81,9.81,-0.08,-0.81%,0
"2023-12-04 16:02",9.75,9.77,9.75,9.76,-0.05,-0.51%,0
"2023-12-04 16:03",9.73,9.88,9.73,9.86,0.1,+1.02%,0
"2023-12-04 16:04",9.88,9.91,9.88,9.91,0.05,+0.51%,0
"2023-12-04 16:05",9.9,9.93,9.9,9.92,0.01,+0.10%,0
"2023-12-04 16:06",9.91,10,9.88,10,0.08,+0.81%,0
"2023-12-04 16:07",9.94,9.99,9.94,9.98,-0.02,-0.20%,0
"2023-12-04 16:08",9.98,9.98,9.92,9.93,-0.05,-0.50%,0
"2023-12-04 16:09",9.93,9.96,9.93,9.95,0.02,+0.20%,0
"2023-12-04 16:10",9.93,9.93,9.92,9.92,-0.03,-0.30%,0
"2023-12-04 16:11",9.9,9.91,9.9,9.91,-0.01,-0.10%,0
"2023-12-04 16:12",9.91,9.92,9.9,9.9,-0.01,-0.10%,0
"2023-12-04 16:13",9.9,9.94,9.9,9.93,0.03,+0.30%,0
"2023-12-04 16:14",9.92,9.92,9.86,9.91,-0.02,-0.20%,0
"2023-12-04 16:15",9.91,9.91,9.91,9.91,0,0.00%,0
"2023-12-05 09:31",8.86,8.86,8.67,8.67,-1.24,-12.51%,0
"2023-12-05 09:32",8.65,8.65,8.62,8.62,-0.05,-0.58%,0
"2023-12-05 09:33",8.61,8.62,8.6,8.62,0,0.00%,0
"2023-12-05 09:34",8.61,8.63,8.61,8.63,0.01,+0.12%,0
"2023-12-05 09:35",8.63,8.63,8.6,8.61,-0.02,-0.23%,0
"2023-12-05 09:36",8.59,8.59,8.57,8.57,-0.04,-0.46%,0
"2023-12-05 09:37",8.55,8.55,8.52,8.54,-0.03,-0.35%,0
"2023-12-05 09:38",8.54,8.54,8.52,8.54,0,0.00%,0
"2023-12-05 09:39",8.55,8.6,8.55,8.6,0.06,+0.70%,0
"2023-12-05 09:40",8.6,8.63,8.6,8.62,0.02,+0.23%,0
"2023-12-05 09:41",8.6,8.63,8.59,8.63,0.01,+0.12%,0
"2023-12-05 09:42",8.62,8.65,8.6,8.65,0.02,+0.23%,0
"2023-12-05 09:43",8.66,8.66,8.62,8.62,-0.03,-0.35%,0
"2023-12-05 09:44",8.57,8.57,8.53,8.56,-0.06,-0.70%,0
"2023-12-05 09:45",8.58,8.58,8.54,8.57,0.01,+0.12%,0
"2023-12-05 09:46",8.58,8.6,8.57,8.6,0.03,+0.35%,0
"2023-12-05 09:47",8.58,8.63,8.56,8.63,0.03,+0.35%,0
"2023-12-05 09:48",8.63,8.63,8.61,8.61,-0.02,-0.23%,0
"2023-12-05 09:49",8.62,8.65,8.62,8.65,0.04,+0.46%,0
"2023-12-05 09:50",8.66,8.7,8.66,8.66,0.01,+0.12%,0
"2023-12-05 09:51",8.65,8.68,8.65,8.68,0.02,+0.23%,0
"2023-12-05 09:52",8.68,8.75,8.68,8.75,0.07,+0.81%,0
"2023-12-05 09:53",8.74,8.77,8.74,8.75,0,0.00%,0
"2023-12-05 09:54",8.69,8.76,8.69,8.76,0.01,+0.11%,0
"2023-12-05 09:55",8.77,8.79,8.77,8.79,0.03,+0.34%,0
"2023-12-05 09:56",8.82,8.87,8.82,8.87,0.08,+0.91%,0
"2023-12-05 09:57",8.86,8.9,8.86,8.9,0.03,+0.34%,0
"2023-12-05 09:58",8.89,8.9,8.89,8.9,0,0.00%,0
"2023-12-05 09:59",8.88,8.9,8.87,8.9,0,0.00%,0
"2023-12-05 10:00",8.9,8.9,8.34,8.34,-0.56,-6.29%,0
"2023-12-05 10:01",8.23,8.55,8.23,8.55,0.21,+2.52%,0
"2023-12-05 10:02",8.5,8.5,8.43,8.46,-0.09,-1.05%,0
"2023-12-05 10:03",8.45,8.51,8.45,8.5,0.04,+0.47%,0
"2023-12-05 10:04",8.5,8.5,8.42,8.49,-0.01,-0.12%,0
"2023-12-05 10:05",8.49,8.49,8.32,8.32,-0.17,-2.00%,0
"2023-12-05 10:06",8.28,8.28,8.24,8.24,-0.08,-0.96%,0
"2023-12-05 10:07",8.27,8.31,8.27,8.31,0.07,+0.85%,0
"2023-12-05 10:08",8.27,8.31,8.27,8.31,0,0.00%,0
"2023-12-05 10:09",8.31,8.32,8.3,8.31,0,0.00%,0
"2023-12-05 10:10",8.31,8.31,8.26,8.26,-0.05,-0.60%,0
"2023-12-05 10:11",8.25,8.32,8.25,8.29,0.03,+0.36%,0
"2023-12-05 10:12",8.29,8.3,8.28,8.28,-0.01,-0.12%,0
"2023-12-05 10:13",8.21,8.22,8.2,8.21,-0.07,-0.85%,0
"2023-12-05 10:14",8.23,8.28,8.23,8.28,0.07,+0.85%,0
"2023-12-05 10:15",8.28,8.29,8.25,8.27,-0.01,-0.12%,0
"2023-12-05 10:16",8.27,8.28,8.26,8.26,-0.01,-0.12%,0
"2023-12-05 10:17",8.27,8.27,8.19,8.19,-0.07,-0.85%,0
"2023-12-05 10:18",8.2,8.21,8.18,8.18,-0.01,-0.12%,0
"2023-12-05 10:19",8.2,8.21,8.17,8.17,-0.01,-0.12%,0
"2023-12-05 10:20",8.15,8.15,8.13,8.13,-0.04,-0.49%,0
"2023-12-05 10:21",8.1,8.13,8.1,8.13,0,0.00%,0
"2023-12-05 10:22",8.14,8.14,8.06,8.06,-0.07,-0.86%,0
"2023-12-05 10:23",8,8.12,8,8.12,0.06,+0.74%,0
"2023-12-05 10:24",8.11,8.12,8.09,8.09,-0.03,-0.37%,0
"2023-12-05 10:25",8.07,8.11,8.07,8.1,0.01,+0.12%,0
"2023-12-05 10:26",8.09,8.18,8.09,8.18,0.08,+0.99%,0
"2023-12-05 10:27",8.25,8.29,8.24,8.24,0.06,+0.73%,0
"2023-12-05 10:28",8.25,8.27,8.21,8.21,-0.03,-0.36%,0
"2023-12-05 10:29",8.14,8.14,7.97,7.97,-0.24,-2.92%,0
"2023-12-05 10:30",7.94,8.01,7.94,7.97,0,0.00%,0
"2023-12-05 10:31",7.98,7.99,7.98,7.98,0.01,+0.13%,0
"2023-12-05 10:32",7.98,8.01,7.98,8,0.02,+0.25%,0
"2023-12-05 10:33",7.98,7.99,7.97,7.97,-0.03,-0.38%,0
"2023-12-05 10:34",7.96,7.98,7.96,7.97,0,0.00%,0
"2023-12-05 10:35",7.97,7.97,7.9,7.9,-0.07,-0.88%,0
"2023-12-05 10:36",7.88,7.93,7.88,7.93,0.03,+0.38%,0
"2023-12-05 10:37",7.94,7.98,7.94,7.96,0.03,+0.38%,0
"2023-12-05 10:38",7.95,7.95,7.88,7.88,-0.08,-1.01%,0
"2023-12-05 10:39",7.88,7.88,7.86,7.87,-0.01,-0.13%,0
"2023-12-05 10:40",7.87,7.89,7.87,7.89,0.02,+0.25%,0
"2023-12-05 10:41",7.87,7.88,7.87,7.88,-0.01,-0.13%,0
"2023-12-05 10:42",7.87,7.87,7.85,7.85,-0.03,-0.38%,0
"2023-12-05 10:43",7.84,7.85,7.78,7.78,-0.07,-0.89%,0
"2023-12-05 10:44",7.79,7.83,7.79,7.82,0.04,+0.51%,0
"2023-12-05 10:45",7.84,7.84,7.75,7.75,-0.07,-0.90%,0
"2023-12-05 10:46",7.75,7.75,7.72,7.72,-0.03,-0.39%,0
"2023-12-05 10:47",7.75,7.81,7.75,7.81,0.09,+1.17%,0
"2023-12-05 10:48",7.8,7.8,7.77,7.77,-0.04,-0.51%,0
"2023-12-05 10:49",7.76,7.79,7.76,7.77,0,0.00%,0
"2023-12-05 10:50",7.77,7.79,7.77,7.77,0,0.00%,0
"2023-12-05 10:51",7.77,7.78,7.76,7.76,-0.01,-0.13%,0
"2023-12-05 10:52",7.78,7.8,7.77,7.77,0.01,+0.13%,0
"2023-12-05 10:53",7.73,7.74,7.73,7.73,-0.04,-0.51%,0
"2023-12-05 10:54",7.73,7.74,7.72,7.73,0,0.00%,0
"2023-12-05 10:55",7.72,7.74,7.72,7.74,0.01,+0.13%,0
"2023-12-05 10:56",7.71,7.75,7.71,7.73,-0.01,-0.13%,0
"2023-12-05 10:57",7.73,7.74,7.72,7.72,-0.01,-0.13%,0
"2023-12-05 10:58",7.71,7.73,7.7,7.7,-0.02,-0.26%,0
"2023-12-05 10:59",7.7,7.73,7.69,7.73,0.03,+0.39%,0
"2023-12-05 11:00",7.69,7.71,7.67,7.67,-0.06,-0.78%,0
"2023-12-05 11:01",7.66,7.68,7.66,7.67,0,0.00%,0
"2023-12-05 11:02",7.66,7.73,7.66,7.73,0.06,+0.78%,0
"2023-12-05 11:03",7.72,7.72,7.69,7.72,-0.01,-0.13%,0
"2023-12-05 11:04",7.7,7.72,7.69,7.72,0,0.00%,0
"2023-12-05 11:05",7.72,7.73,7.72,7.72,0,0.00%,0
"2023-12-05 11:06",7.72,7.74,7.72,7.72,0,0.00%,0
"2023-12-05 11:07",7.71,7.73,7.71,7.72,0,0.00%,0
"2023-12-05 11:08",7.74,7.78,7.74,7.76,0.04,+0.52%,0
"2023-12-05 11:09",7.75,7.77,7.75,7.75,-0.01,-0.13%,0
"2023-12-05 11:10",7.71,7.71,7.69,7.7,-0.05,-0.65%,0
"2023-12-05 11:11",7.68,7.72,7.68,7.72,0.02,+0.26%,0
"2023-12-05 11:12",7.76,7.76,7.75,7.75,0.03,+0.39%,0
"2023-12-05 11:13",7.76,7.79,7.76,7.77,0.02,+0.26%,0
"2023-12-05 11:14",7.83,7.92,7.83,7.84,0.07,+0.90%,0
"2023-12-05 11:15",7.83,7.91,7.83,7.89,0.05,+0.64%,0
"2023-12-05 11:16",7.88,7.89,7.86,7.88,-0.01,-0.13%,0
"2023-12-05 11:17",7.93,8.08,7.93,8.08,0.2,+2.54%,0
"2023-12-05 11:18",8.08,8.09,8.08,8.09,0.01,+0.12%,0
"2023-12-05 11:19",8.1,8.28,8.1,8.28,0.19,+2.35%,0
"2023-12-05 11:20",8.26,8.32,8.23,8.32,0.04,+0.48%,0
"2023-12-05 11:21",8.32,8.34,8.26,8.26,-0.06,-0.72%,0
"2023-12-05 11:22",8.2,8.27,8.2,8.27,0.01,+0.12%,0
"2023-12-05 11:23",8.27,8.29,8.23,8.23,-0.04,-0.48%,0
"2023-12-05 11:24",8.15,8.18,8.15,8.18,-0.05,-0.61%,0
"2023-12-05 11:25",8.21,8.23,8.21,8.22,0.04,+0.49%,0
"2023-12-05 11:26",8.2,8.2,8.13,8.13,-0.09,-1.09%,0
"2023-12-05 11:27",8.1,8.13,8.1,8.11,-0.02,-0.25%,0
"2023-12-05 11:28",8.1,8.12,8.1,8.11,0,0.00%,0
"2023-12-05 11:29",8.1,8.11,8.08,8.11,0,0.00%,0
"2023-12-05 11:30",8.11,8.11,8.07,8.07,-0.04,-0.49%,0
"2023-12-05 11:31",8.05,8.05,8.04,8.04,-0.03,-0.37%,0
"2023-12-05 11:32",8.04,8.04,7.99,7.99,-0.05,-0.62%,0
"2023-12-05 11:33",8,8,7.98,7.98,-0.01,-0.13%,0
"2023-12-05 11:34",8,8.03,8,8.01,0.03,+0.38%,0
"2023-12-05 11:35",8.04,8.05,8.02,8.05,0.04,+0.50%,0
"2023-12-05 11:36",8.03,8.05,8.03,8.04,-0.01,-0.12%,0
"2023-12-05 11:37",8.04,8.07,8.04,8.07,0.03,+0.37%,0
"2023-12-05 11:38",8.06,8.07,8.05,8.07,0,0.00%,0
"2023-12-05 11:39",8.06,8.08,8.05,8.06,-0.01,-0.12%,0
"2023-12-05 11:40",8.05,8.05,7.98,7.98,-0.08,-0.99%,0
"2023-12-05 11:41",7.99,8.02,7.99,8.02,0.04,+0.50%,0
"2023-12-05 11:42",8.01,8.06,8.01,8.06,0.04,+0.50%,0
"2023-12-05 11:43",8.07,8.09,8.07,8.08,0.02,+0.25%,0
"2023-12-05 11:44",8.08,8.09,8.08,8.08,0,0.00%,0
"2023-12-05 11:45",8.06,8.08,8.06,8.08,0,0.00%,0
"2023-12-05 11:46",8.07,8.08,8.07,8.07,-0.01,-0.12%,0
"2023-12-05 11:47",8.07,8.07,8.01,8.01,-0.06,-0.74%,0
"2023-12-05 11:48",8.05,8.07,8.05,8.07,0.06,+0.75%,0
"2023-12-05 11:49",8.07,8.09,8.07,8.09,0.02,+0.25%,0
"2023-12-05 11:50",8.07,8.11,8.07,8.11,0.02,+0.25%,0
"2023-12-05 11:51",8.1,8.12,8.09,8.09,-0.02,-0.25%,0
"2023-12-05 11:52",8.11,8.27,8.11,8.27,0.18,+2.22%,0
"2023-12-05 11:53",8.31,8.44,8.31,8.44,0.17,+2.06%,0
"2023-12-05 11:54",8.41,8.51,8.41,8.51,0.07,+0.83%,0
"2023-12-05 11:55",8.47,8.47,8.37,8.37,-0.14,-1.65%,0
"2023-12-05 11:56",8.42,8.45,8.4,8.4,0.03,+0.36%,0
"2023-12-05 11:57",8.41,8.41,8.33,8.33,-0.07,-0.83%,0
"2023-12-05 11:58",8.34,8.37,8.34,8.37,0.04,+0.48%,0
"2023-12-05 11:59",8.36,8.39,8.35,8.35,-0.02,-0.24%,0
"2023-12-05 12:00",8.31,8.31,8.27,8.27,-0.08,-0.96%,0
"2023-12-05 12:01",8.3,8.32,8.3,8.32,0.05,+0.60%,0
"2023-12-05 12:02",8.3,8.31,8.3,8.3,-0.02,-0.24%,0
"2023-12-05 12:03",8.31,8.34,8.31,8.31,0.01,+0.12%,0
"2023-12-05 12:04",8.3,8.31,8.3,8.31,0,0.00%,0
"2023-12-05 12:05",8.3,8.31,8.29,8.29,-0.02,-0.24%,0
"2023-12-05 12:06",8.29,8.29,8.26,8.26,-0.03,-0.36%,0
"2023-12-05 12:07",8.23,8.24,8.23,8.23,-0.03,-0.36%,0
"2023-12-05 12:08",8.23,8.23,8.23,8.23,0,0.00%,0
"2023-12-05 12:09",8.23,8.27,8.23,8.24,0.01,+0.12%,0
"2023-12-05 12:10",8.24,8.24,8.22,8.22,-0.02,-0.24%,0
"2023-12-05 12:11",8.22,8.25,8.22,8.25,0.03,+0.36%,0
"2023-12-05 12:12",8.25,8.26,8.25,8.25,0,0.00%,0
"2023-12-05 12:13",8.24,8.24,8.23,8.23,-0.02,-0.24%,0
"2023-12-05 12:14",8.22,8.24,8.22,8.22,-0.01,-0.12%,0
"2023-12-05 12:15",8.22,8.22,8.17,8.22,0,0.00%,0
"2023-12-05 12:16",8.23,8.26,8.23,8.25,0.03,+0.36%,0
"2023-12-05 12:17",8.23,8.23,8.2,8.2,-0.05,-0.61%,0
"2023-12-05 12:18",8.17,8.22,8.17,8.22,0.02,+0.24%,0
"2023-12-05 12:19",8.21,8.24,8.21,8.24,0.02,+0.24%,0
"2023-12-05 12:20",8.25,8.29,8.25,8.28,0.04,+0.49%,0
"2023-12-05 12:21",8.25,8.26,8.24,8.25,-0.03,-0.36%,0
"2023-12-05 12:22",8.25,8.26,8.25,8.26,0.01,+0.12%,0
"2023-12-05 12:23",8.26,8.27,8.26,8.27,0.01,+0.12%,0
"2023-12-05 12:24",8.27,8.31,8.27,8.31,0.04,+0.48%,0
"2023-12-05 12:25",8.36,8.39,8.33,8.33,0.02,+0.24%,0
"2023-12-05 12:26",8.34,8.38,8.34,8.37,0.04,+0.48%,0
"2023-12-05 12:27",8.32,8.32,8.25,8.25,-0.12,-1.43%,0
"2023-12-05 12:28",8.24,8.3,8.24,8.3,0.05,+0.61%,0
"2023-12-05 12:29",8.31,8.31,8.27,8.31,0.01,+0.12%,0
"2023-12-05 12:30",8.28,8.3,8.28,8.3,-0.01,-0.12%,0
"2023-12-05 12:31",8.3,8.32,8.3,8.32,0.02,+0.24%,0
"2023-12-05 12:32",8.33,8.34,8.33,8.34,0.02,+0.24%,0
"2023-12-05 12:33",8.34,8.36,8.34,8.35,0.01,+0.12%,0
"2023-12-05 12:34",8.4,8.48,8.4,8.48,0.13,+1.56%,0
"2023-12-05 12:35",8.46,8.47,8.41,8.41,-0.07,-0.83%,0
"2023-12-05 12:36",8.4,8.41,8.4,8.41,0,0.00%,0
"2023-12-05 12:37",8.39,8.42,8.39,8.4,-0.01,-0.12%,0
"2023-12-05 12:38",8.41,8.47,8.41,8.47,0.07,+0.83%,0
"2023-12-05 12:39",8.46,8.46,8.46,8.46,-0.01,-0.12%,0
"2023-12-05 12:40",8.47,8.47,8.45,8.45,-0.01,-0.12%,0
"2023-12-05 12:41",8.45,8.49,8.45,8.49,0.04,+0.47%,0
"2023-12-05 12:42",8.48,8.51,8.48,8.5,0.01,+0.12%,0
"2023-12-05 12:43",8.51,8.69,8.51,8.67,0.17,+2.00%,0
"2023-12-05 12:44",8.69,8.7,8.61,8.61,-0.06,-0.69%,0
"2023-12-05 12:45",8.61,8.65,8.6,8.61,0,0.00%,0
"2023-12-05 12:46",8.62,8.71,8.62,8.71,0.1,+1.16%,0
"2023-12-05 12:47",8.7,8.7,8.61,8.61,-0.1,-1.15%,0
"2023-12-05 12:48",8.63,8.67,8.63,8.67,0.06,+0.70%,0
"2023-12-05 12:49",8.64,8.66,8.63,8.63,-0.04,-0.46%,0
"2023-12-05 12:50",8.64,8.65,8.63,8.65,0.02,+0.23%,0
"2023-12-05 12:51",8.64,8.65,8.64,8.64,-0.01,-0.12%,0
"2023-12-05 12:52",8.63,8.66,8.63,8.66,0.02,+0.23%,0
"2023-12-05 12:53",8.65,8.66,8.65,8.66,0,0.00%,0
"2023-12-05 12:54",8.66,8.68,8.66,8.67,0.01,+0.12%,0
"2023-12-05 12:55",8.66,8.68,8.64,8.64,-0.03,-0.35%,0
"2023-12-05 12:56",8.65,8.65,8.65,8.65,0.01,+0.12%,0
"2023-12-05 12:57",8.66,8.67,8.65,8.65,0,0.00%,0
"2023-12-05 12:58",8.64,8.68,8.64,8.66,0.01,+0.12%,0
"2023-12-05 12:59",8.67,8.67,8.64,8.64,-0.02,-0.23%,0
"2023-12-05 13:00",8.64,8.65,8.63,8.63,-0.01,-0.12%,0
"2023-12-05 13:01",8.64,8.64,8.63,8.63,0,0.00%,0
"2023-12-05 13:02",8.63,8.66,8.63,8.66,0.03,+0.35%,0
"2023-12-05 13:03",8.64,8.66,8.64,8.64,-0.02,-0.23%,0
"2023-12-05 13:04",8.64,8.65,8.64,8.64,0,0.00%,0
"2023-12-05 13:05",8.64,8.66,8.64,8.65,0.01,+0.12%,0
"2023-12-05 13:06",8.68,8.71,8.68,8.68,0.03,+0.35%,0
"2023-12-05 13:07",8.68,8.69,8.68,8.68,0,0.00%,0
"2023-12-05 13:08",8.66,8.67,8.66,8.66,-0.02,-0.23%,0
"2023-12-05 13:09",8.67,8.69,8.66,8.66,0,0.00%,0
"2023-12-05 13:10",8.66,8.69,8.66,8.69,0.03,+0.35%,0
"2023-12-05 13:11",8.7,8.72,8.7,8.72,0.03,+0.35%,0
"2023-12-05 13:12",8.71,8.72,8.71,8.71,-0.01,-0.11%,0
"2023-12-05 13:13",8.74,8.75,8.72,8.72,0.01,+0.11%,0
"2023-12-05 13:14",8.72,8.74,8.72,8.74,0.02,+0.23%,0
"2023-12-05 13:15",8.76,8.76,8.75,8.75,0.01,+0.11%,0
"2023-12-05 13:16",8.73,8.75,8.73,8.74,-0.01,-0.11%,0
"2023-12-05 13:17",8.73,8.75,8.73,8.74,0,0.00%,0
"2023-12-05 13:18",8.76,8.77,8.76,8.76,0.02,+0.23%,0
"2023-12-05 13:19",8.74,8.74,8.7,8.7,-0.06,-0.68%,0
"2023-12-05 13:20",8.72,8.75,8.72,8.72,0.02,+0.23%,0
"2023-12-05 13:21",8.74,8.74,8.74,8.74,0.02,+0.23%,0
"2023-12-05 13:22",8.72,8.75,8.72,8.74,0,0.00%,0
"2023-12-05 13:23",8.74,8.76,8.74,8.74,0,0.00%,0
"2023-12-05 13:24",8.73,8.74,8.73,8.73,-0.01,-0.11%,0
"2023-12-05 13:25",8.72,8.73,8.67,8.67,-0.06,-0.69%,0
"2023-12-05 13:26",8.66,8.66,8.65,8.65,-0.02,-0.23%,0
"2023-12-05 13:27",8.65,8.67,8.64,8.64,-0.01,-0.12%,0
"2023-12-05 13:28",8.65,8.69,8.64,8.68,0.04,+0.46%,0
"2023-12-05 13:29",8.67,8.69,8.67,8.69,0.01,+0.12%,0
"2023-12-05 13:30",8.67,8.67,8.65,8.66,-0.03,-0.35%,0
"2023-12-05 13:31",8.65,8.66,8.65,8.65,-0.01,-0.12%,0
"2023-12-05 13:32",8.63,8.69,8.63,8.69,0.04,+0.46%,0
"2023-12-05 13:33",8.69,8.72,8.69,8.72,0.03,+0.35%,0
"2023-12-05 13:34",8.7,8.71,8.7,8.71,-0.01,-0.11%,0
"2023-12-05 13:35",8.7,8.72,8.7,8.71,0,0.00%,0
"2023-12-05 13:36",8.7,8.72,8.7,8.71,0,0.00%,0
"2023-12-05 13:37",8.73,8.74,8.73,8.74,0.03,+0.34%,0
"2023-12-05 13:38",8.74,8.74,8.72,8.73,-0.01,-0.11%,0
"2023-12-05 13:39",8.71,8.74,8.71,8.73,0,0.00%,0
"2023-12-05 13:40",8.73,8.73,8.72,8.72,-0.01,-0.11%,0
"2023-12-05 13:41",8.72,8.77,8.72,8.77,0.05,+0.57%,0
"2023-12-05 13:42",8.76,8.77,8.72,8.72,-0.05,-0.57%,0
"2023-12-05 13:43",8.7,8.72,8.7,8.71,-0.01,-0.11%,0
"2023-12-05 13:44",8.71,8.75,8.71,8.75,0.04,+0.46%,0
"2023-12-05 13:45",8.76,8.76,8.75,8.75,0,0.00%,0
"2023-12-05 13:46",8.75,8.75,8.75,8.75,0,0.00%,0
"2023-12-05 13:47",8.76,8.83,8.76,8.83,0.08,+0.91%,0
"2023-12-05 13:48",8.85,8.87,8.85,8.86,0.03,+0.34%,0
"2023-12-05 13:49",8.85,8.87,8.85,8.86,0,0.00%,0
"2023-12-05 13:50",8.87,8.9,8.87,8.87,0.01,+0.11%,0
"2023-12-05 13:51",8.86,8.87,8.83,8.86,-0.01,-0.11%,0
"2023-12-05 13:52",8.78,8.8,8.74,8.74,-0.12,-1.35%,0
"2023-12-05 13:53",8.74,8.75,8.73,8.73,-0.01,-0.11%,0
"2023-12-05 13:54",8.74,8.75,8.73,8.74,0.01,+0.11%,0
"2023-12-05 13:55",8.73,8.74,8.7,8.7,-0.04,-0.46%,0
"2023-12-05 13:56",8.7,8.71,8.7,8.71,0.01,+0.11%,0
"2023-12-05 13:57",8.71,8.72,8.71,8.71,0,0.00%,0
"2023-12-05 13:58",8.71,8.74,8.71,8.73,0.02,+0.23%,0
"2023-12-05 13:59",8.7,8.72,8.7,8.72,-0.01,-0.11%,0
"2023-12-05 14:00",8.71,8.71,8.68,8.69,-0.03,-0.34%,0
"2023-12-05 14:01",8.69,8.7,8.69,8.7,0.01,+0.12%,0
"2023-12-05 14:02",8.69,8.71,8.69,8.71,0.01,+0.11%,0
"2023-12-05 14:03",8.7,8.71,8.7,8.7,-0.01,-0.11%,0
"2023-12-05 14:04",8.7,8.71,8.7,8.71,0.01,+0.11%,0
"2023-12-05 14:05",8.7,8.73,8.7,8.73,0.02,+0.23%,0
"2023-12-05 14:06",8.74,8.74,8.73,8.73,0,0.00%,0
"2023-12-05 14:07",8.75,8.75,8.71,8.71,-0.02,-0.23%,0
"2023-12-05 14:08",8.71,8.71,8.68,8.68,-0.03,-0.34%,0
"2023-12-05 14:09",8.67,8.69,8.67,8.68,0,0.00%,0
"2023-12-05 14:10",8.67,8.69,8.67,8.68,0,0.00%,0
"2023-12-05 14:11",8.67,8.69,8.67,8.69,0.01,+0.12%,0
"2023-12-05 14:12",8.69,8.72,8.69,8.71,0.02,+0.23%,0
"2023-12-05 14:13",8.71,8.73,8.71,8.73,0.02,+0.23%,0
"2023-12-05 14:14",8.74,8.77,8.74,8.77,0.04,+0.46%,0
"2023-12-05 14:15",8.77,8.77,8.75,8.75,-0.02,-0.23%,0
"2023-12-05 14:16",8.75,8.75,8.72,8.73,-0.02,-0.23%,0
"2023-12-05 14:17",8.72,8.75,8.72,8.75,0.02,+0.23%,0
"2023-12-05 14:18",8.74,8.75,8.73,8.74,-0.01,-0.11%,0
"2023-12-05 14:19",8.74,8.76,8.74,8.76,0.02,+0.23%,0
"2023-12-05 14:20",8.76,8.77,8.76,8.76,0,0.00%,0
"2023-12-05 14:21",8.76,8.78,8.76,8.78,0.02,+0.23%,0
"2023-12-05 14:22",8.78,8.79,8.77,8.77,-0.01,-0.11%,0
"2023-12-05 14:23",8.76,8.78,8.76,8.77,0,0.00%,0
"2023-12-05 14:24",8.76,8.77,8.74,8.75,-0.02,-0.23%,0
"2023-12-05 14:25",8.76,8.78,8.76,8.76,0.01,+0.11%,0
"2023-12-05 14:26",8.76,8.76,8.75,8.75,-0.01,-0.11%,0
"2023-12-05 14:27",8.74,8.74,8.7,8.7,-0.05,-0.57%,0
"2023-12-05 14:28",8.68,8.69,8.68,8.68,-0.02,-0.23%,0
"2023-12-05 14:29",8.68,8.69,8.68,8.68,0,0.00%,0
"2023-12-05 14:30",8.68,8.68,8.68,8.68,0,0.00%,0
"2023-12-05 14:31",8.7,8.71,8.7,8.7,0.02,+0.23%,0
"2023-12-05 14:32",8.72,8.72,8.7,8.7,0,0.00%,0
"2023-12-05 14:33",8.71,8.72,8.69,8.72,0.02,+0.23%,0
"2023-12-05 14:34",8.72,8.78,8.72,8.75,0.03,+0.34%,0
"2023-12-05 14:35",8.75,8.76,8.73,8.73,-0.02,-0.23%,0
"2023-12-05 14:36",8.72,8.77,8.72,8.77,0.04,+0.46%,0
"2023-12-05 14:37",8.78,8.81,8.76,8.76,-0.01,-0.11%,0
"2023-12-05 14:38",8.81,8.81,8.8,8.8,0.04,+0.46%,0
"2023-12-05 14:39",8.82,8.84,8.82,8.83,0.03,+0.34%,0
"2023-12-05 14:40",8.84,8.86,8.81,8.81,-0.02,-0.23%,0
"2023-12-05 14:41",8.83,8.86,8.83,8.86,0.05,+0.57%,0
"2023-12-05 14:42",8.86,8.88,8.86,8.88,0.02,+0.23%,0
"2023-12-05 14:43",8.88,8.92,8.88,8.91,0.03,+0.34%,0
"2023-12-05 14:44",8.9,8.92,8.9,8.92,0.01,+0.11%,0
"2023-12-05 14:45",8.91,8.92,8.86,8.86,-0.06,-0.67%,0
"2023-12-05 14:46",8.85,8.85,8.81,8.81,-0.05,-0.56%,0
"2023-12-05 14:47",8.82,8.85,8.82,8.82,0.01,+0.11%,0
"2023-12-05 14:48",8.81,8.82,8.81,8.81,-0.01,-0.11%,0
"2023-12-05 14:49",8.82,8.82,8.8,8.8,-0.01,-0.11%,0
"2023-12-05 14:50",8.8,8.8,8.79,8.79,-0.01,-0.11%,0
"2023-12-05 14:51",8.77,8.77,8.74,8.74,-0.05,-0.57%,0
"2023-12-05 14:52",8.76,8.76,8.74,8.74,0,0.00%,0
"2023-12-05 14:53",8.76,8.78,8.76,8.78,0.04,+0.46%,0
"2023-12-05 14:54",8.78,8.8,8.78,8.79,0.01,+0.11%,0
"2023-12-05 14:55",8.78,8.79,8.76,8.76,-0.03,-0.34%,0
"2023-12-05 14:56",8.78,8.78,8.77,8.78,0.02,+0.23%,0
"2023-12-05 14:57",8.8,8.83,8.8,8.83,0.05,+0.57%,0
"2023-12-05 14:58",8.86,8.92,8.86,8.92,0.09,+1.02%,0
"2023-12-05 14:59",8.92,8.96,8.92,8.92,0,0.00%,0
"2023-12-05 15:00",8.96,8.96,8.95,8.95,0.03,+0.34%,0
"2023-12-05 15:01",8.95,8.98,8.95,8.96,0.01,+0.11%,0
"2023-12-05 15:02",8.96,8.96,8.87,8.92,-0.04,-0.45%,0
"2023-12-05 15:03",8.93,8.94,8.92,8.94,0.02,+0.22%,0
"2023-12-05 15:04",8.94,8.96,8.94,8.95,0.01,+0.11%,0
"2023-12-05 15:05",8.95,8.96,8.95,8.96,0.01,+0.11%,0
"2023-12-05 15:06",8.96,8.96,8.96,8.96,0,0.00%,0
"2023-12-05 15:07",8.96,8.96,8.93,8.93,-0.03,-0.33%,0
"2023-12-05 15:08",8.95,8.95,8.94,8.94,0.01,+0.11%,0
"2023-12-05 15:09",8.93,8.96,8.93,8.95,0.01,+0.11%,0
"2023-12-05 15:10",8.95,8.97,8.95,8.97,0.02,+0.22%,0
"2023-12-05 15:11",8.96,8.98,8.96,8.98,0.01,+0.11%,0
"2023-12-05 15:12",8.97,8.99,8.97,8.97,-0.01,-0.11%,0
"2023-12-05 15:13",8.97,9.04,8.97,9.04,0.07,+0.78%,0
"2023-12-05 15:14",9.01,9.01,9,9.01,-0.03,-0.33%,0
"2023-12-05 15:15",9,9,8.99,9,-0.01,-0.11%,0
"2023-12-05 15:16",8.98,9.01,8.98,8.98,-0.02,-0.22%,0
"2023-12-05 15:17",8.96,8.98,8.96,8.98,0,0.00%,0
"2023-12-05 15:18",8.97,8.99,8.97,8.99,0.01,+0.11%,0
"2023-12-05 15:19",8.98,8.98,8.97,8.97,-0.02,-0.22%,0
"2023-12-05 15:20",8.97,9.01,8.97,9,0.03,+0.33%,0
"2023-12-05 15:21",9,9.01,9,9.01,0.01,+0.11%,0
"2023-12-05 15:22",9.02,9.06,9.01,9.06,0.05,+0.55%,0
"2023-12-05 15:23",9.06,9.08,9.06,9.08,0.02,+0.22%,0
"2023-12-05 15:24",9.05,9.08,9.05,9.08,0,0.00%,0
"2023-12-05 15:25",9.08,9.2,9.08,9.19,0.11,+1.21%,0
"2023-12-05 15:26",9.18,9.18,9.17,9.17,-0.02,-0.22%,0
"2023-12-05 15:27",9.17,9.17,9.11,9.14,-0.03,-0.33%,0
"2023-12-05 15:28",9.15,9.18,9.15,9.17,0.03,+0.33%,0
"2023-12-05 15:29",9.17,9.18,9.17,9.17,0,0.00%,0
"2023-12-05 15:30",9.17,9.18,9.16,9.16,-0.01,-0.11%,0
"2023-12-05 15:31",9.17,9.18,9.16,9.16,0,0.00%,0
"2023-12-05 15:32",9.16,9.17,9.16,9.16,0,0.00%,0
"2023-12-05 15:33",9.15,9.17,9.15,9.15,-0.01,-0.11%,0
"2023-12-05 15:34",9.15,9.17,9.15,9.17,0.02,+0.22%,0
"2023-12-05 15:35",9.16,9.18,9.16,9.17,0,0.00%,0
"2023-12-05 15:36",9.1,9.11,9.09,9.09,-0.08,-0.87%,0
"2023-12-05 15:37",9.1,9.12,9.1,9.12,0.03,+0.33%,0
"2023-12-05 15:38",9.12,9.13,9.12,9.13,0.01,+0.11%,0
"2023-12-05 15:39",9.14,9.15,9.13,9.14,0.01,+0.11%,0
"2023-12-05 15:40",9.14,9.14,9.13,9.14,0,0.00%,0
"2023-12-05 15:41",9.14,9.15,9.13,9.13,-0.01,-0.11%,0
"2023-12-05 15:42",9.12,9.13,9.12,9.12,-0.01,-0.11%,0
"2023-12-05 15:43",9.12,9.16,9.11,9.14,0.02,+0.22%,0
"2023-12-05 15:44",9.13,9.19,9.13,9.17,0.03,+0.33%,0
"2023-12-05 15:45",9.2,9.31,9.2,9.29,0.12,+1.31%,0
"2023-12-05 15:46",9.31,9.33,9.31,9.33,0.04,+0.43%,0
"2023-12-05 15:47",9.29,9.3,9.25,9.25,-0.08,-0.86%,0
"2023-12-05 15:48",9.23,9.23,9.21,9.21,-0.04,-0.43%,0
"2023-12-05 15:49",9.2,9.22,9.2,9.22,0.01,+0.11%,0
"2023-12-05 15:50",9.22,9.25,9.22,9.22,0,0.00%,0
"2023-12-05 15:51",9.22,9.23,9.22,9.22,0,0.00%,0
"2023-12-05 15:52",9.21,9.22,9.21,9.21,-0.01,-0.11%,0
"2023-12-05 15:53",9.2,9.22,9.2,9.21,0,0.00%,0
"2023-12-05 15:54",9.2,9.27,9.2,9.27,0.06,+0.65%,0
"2023-12-05 15:55",9.27,9.27,9.27,9.27,0,0.00%,0
"2023-12-05 15:56",9.27,9.27,9.24,9.25,-0.02,-0.22%,0
"2023-12-05 15:57",9.3,9.3,9.28,9.28,0.03,+0.32%,0
"2023-12-05 15:58",9.24,9.26,9.24,9.24,-0.04,-0.43%,0
"2023-12-05 15:59",9.27,9.3,9.17,9.17,-0.07,-0.76%,0
"2023-12-05 16:00",9.15,9.15,9.04,9.04,-0.13,-1.42%,0
"2023-12-05 16:01",9.03,9.03,8.97,9.02,-0.02,-0.22%,0
"2023-12-05 16:02",8.99,9.01,8.99,8.99,-0.03,-0.33%,0
"2023-12-05 16:03",8.95,9.01,8.95,9.01,0.02,+0.22%,0
"2023-12-05 16:04",9.01,9.06,9.01,9.06,0.05,+0.55%,0
"2023-12-05 16:05",9.14,9.19,9.14,9.18,0.12,+1.32%,0
"2023-12-05 16:06",9.18,9.23,9.18,9.23,0.05,+0.54%,0
"2023-12-05 16:07",9.29,9.3,9.28,9.28,0.05,+0.54%,0
"2023-12-05 16:08",9.29,9.31,9.29,9.29,0.01,+0.11%,0
"2023-12-05 16:09",9.31,9.31,9.3,9.3,0.01,+0.11%,0
"2023-12-05 16:10",9.3,9.42,9.29,9.42,0.12,+1.29%,0
"2023-12-05 16:11",9.37,9.41,9.34,9.41,-0.01,-0.11%,0
"2023-12-05 16:12",9.46,9.46,9.41,9.43,0.02,+0.21%,0
"2023-12-05 16:13",9.41,9.43,9.41,9.41,-0.02,-0.21%,0
"2023-12-05 16:14",9.42,9.42,9.33,9.33,-0.08,-0.85%,0
"2023-12-05 16:15",9.38,9.38,9.38,9.38,0.05,+0.54%,0
"2023-12-06 09:31",7.83,7.85,7.82,7.82,-1.56,-16.63%,0
"2023-12-06 09:32",7.76,7.79,7.71,7.71,-0.11,-1.41%,0
"2023-12-06 09:33",7.68,7.7,7.68,7.7,-0.01,-0.13%,0
"2023-12-06 09:34",7.7,7.72,7.7,7.72,0.02,+0.26%,0
"2023-12-06 09:35",7.74,7.79,7.73,7.77,0.05,+0.65%,0
"2023-12-06 09:36",7.79,7.86,7.78,7.86,0.09,+1.16%,0
"2023-12-06 09:37",7.88,7.96,7.88,7.96,0.1,+1.27%,0
"2023-12-06 09:38",7.97,7.98,7.93,7.97,0.01,+0.13%,0
"2023-12-06 09:39",7.97,7.98,7.97,7.98,0.01,+0.13%,0
"2023-12-06 09:40",7.98,8.02,7.98,8.02,0.04,+0.50%,0
"2023-12-06 09:41",7.97,7.97,7.92,7.92,-0.1,-1.25%,0
"2023-12-06 09:42",7.86,7.86,7.81,7.84,-0.08,-1.01%,0
"2023-12-06 09:43",7.86,7.87,7.86,7.86,0.02,+0.26%,0
"2023-12-06 09:44",7.87,7.87,7.86,7.87,0.01,+0.13%,0
"2023-12-06 09:45",7.86,7.87,7.86,7.86,-0.01,-0.13%,0
"2023-12-06 09:46",7.87,7.87,7.86,7.87,0.01,+0.13%,0
"2023-12-06 09:47",7.9,7.92,7.9,7.9,0.03,+0.38%,0
"2023-12-06 09:48",7.9,7.92,7.9,7.92,0.02,+0.25%,0
"2023-12-06 09:49",7.89,7.89,7.87,7.87,-0.05,-0.63%,0
"2023-12-06 09:50",7.87,7.9,7.87,7.9,0.03,+0.38%,0
"2023-12-06 09:51",7.88,8.01,7.88,8.01,0.11,+1.39%,0
"2023-12-06 09:52",8.01,8.05,8.01,8.04,0.03,+0.37%,0
"2023-12-06 09:53",8.02,8.02,8.01,8.02,-0.02,-0.25%,0
"2023-12-06 09:54",8,8,7.94,7.94,-0.08,-1.00%,0
"2023-12-06 09:55",7.94,7.94,7.9,7.9,-0.04,-0.50%,0
"2023-12-06 09:56",7.92,7.92,7.91,7.91,0.01,+0.13%,0
"2023-12-06 09:57",7.91,7.91,7.89,7.89,-0.02,-0.25%,0
"2023-12-06 09:58",7.9,7.91,7.9,7.9,0.01,+0.13%,0
"2023-12-06 09:59",7.89,7.92,7.87,7.87,-0.03,-0.38%,0
"2023-12-06 10:00",7.86,7.86,7.84,7.84,-0.03,-0.38%,0
"2023-12-06 10:01",7.84,7.97,7.84,7.97,0.13,+1.66%,0
"2023-12-06 10:02",7.93,7.93,7.9,7.9,-0.07,-0.88%,0
"2023-12-06 10:03",7.9,7.9,7.87,7.87,-0.03,-0.38%,0
"2023-12-06 10:04",7.8,7.82,7.8,7.82,-0.05,-0.64%,0
"2023-12-06 10:05",7.81,7.81,7.78,7.78,-0.04,-0.51%,0
"2023-12-06 10:06",7.73,7.75,7.73,7.74,-0.04,-0.51%,0
"2023-12-06 10:07",7.75,7.76,7.75,7.76,0.02,+0.26%,0
"2023-12-06 10:08",7.75,7.75,7.64,7.64,-0.12,-1.55%,0
"2023-12-06 10:09",7.63,7.63,7.55,7.56,-0.08,-1.05%,0
"2023-12-06 10:10",7.58,7.62,7.58,7.62,0.06,+0.79%,0
"2023-12-06 10:11",7.63,7.68,7.63,7.68,0.06,+0.79%,0
"2023-12-06 10:12",7.67,7.7,7.67,7.69,0.01,+0.13%,0
"2023-12-06 10:13",7.72,7.72,7.72,7.72,0.03,+0.39%,0
"2023-12-06 10:14",7.71,7.72,7.7,7.7,-0.02,-0.26%,0
"2023-12-06 10:15",7.69,7.69,7.6,7.6,-0.1,-1.30%,0
"2023-12-06 10:16",7.59,7.61,7.59,7.6,0,0.00%,0
"2023-12-06 10:17",7.59,7.62,7.59,7.6,0,0.00%,0
"2023-12-06 10:18",7.6,7.6,7.56,7.56,-0.04,-0.53%,0
"2023-12-06 10:19",7.55,7.55,7.52,7.53,-0.03,-0.40%,0
"2023-12-06 10:20",7.52,7.55,7.52,7.53,0,0.00%,0
"2023-12-06 10:21",7.51,7.53,7.51,7.51,-0.02,-0.27%,0
"2023-12-06 10:22",7.48,7.49,7.47,7.48,-0.03,-0.40%,0
"2023-12-06 10:23",7.49,7.55,7.49,7.55,0.07,+0.94%,0
"2023-12-06 10:24",7.76,7.91,7.75,7.91,0.36,+4.77%,0
"2023-12-06 10:25",7.9,7.9,7.84,7.84,-0.07,-0.88%,0
"2023-12-06 10:26",7.85,7.86,7.81,7.81,-0.03,-0.38%,0
"2023-12-06 10:27",7.85,7.85,7.84,7.84,0.03,+0.38%,0
"2023-12-06 10:28",7.84,7.91,7.84,7.91,0.07,+0.89%,0
"2023-12-06 10:29",7.86,7.89,7.86,7.89,-0.02,-0.25%,0
"2023-12-06 10:30",7.88,7.88,7.8,7.82,-0.07,-0.89%,0
"2023-12-06 10:31",7.8,7.8,7.64,7.65,-0.17,-2.17%,0
"2023-12-06 10:32",7.64,7.67,7.64,7.65,0,0.00%,0
"2023-12-06 10:33",7.66,7.7,7.66,7.67,0.02,+0.26%,0
"2023-12-06 10:34",7.66,7.68,7.66,7.67,0,0.00%,0
"2023-12-06 10:35",7.65,7.67,7.65,7.67,0,0.00%,0
"2023-12-06 10:36",7.66,7.71,7.66,7.71,0.04,+0.52%,0
"2023-12-06 10:37",7.72,7.74,7.68,7.68,-0.03,-0.39%,0
"2023-12-06 10:38",7.71,7.75,7.71,7.75,0.07,+0.91%,0
"2023-12-06 10:39",7.74,7.76,7.74,7.76,0.01,+0.13%,0
"2023-12-06 10:40",7.74,7.74,7.73,7.73,-0.03,-0.39%,0
"2023-12-06 10:41",7.73,7.74,7.72,7.72,-0.01,-0.13%,0
"2023-12-06 10:42",7.72,7.74,7.72,7.73,0.01,+0.13%,0
"2023-12-06 10:43",7.72,7.74,7.72,7.74,0.01,+0.13%,0
"2023-12-06 10:44",7.74,7.75,7.73,7.75,0.01,+0.13%,0
"2023-12-06 10:45",7.74,7.75,7.74,7.74,-0.01,-0.13%,0
"2023-12-06 10:46",7.72,7.74,7.72,7.73,-0.01,-0.13%,0
"2023-12-06 10:47",7.74,7.75,7.74,7.75,0.02,+0.26%,0
"2023-12-06 10:48",7.74,7.75,7.74,7.75,0,0.00%,0
"2023-12-06 10:49",7.76,7.78,7.76,7.76,0.01,+0.13%,0
"2023-12-06 10:50",7.76,7.76,7.74,7.74,-0.02,-0.26%,0
"2023-12-06 10:51",7.74,7.75,7.7,7.7,-0.04,-0.52%,0
"2023-12-06 10:52",7.69,7.7,7.69,7.69,-0.01,-0.13%,0
"2023-12-06 10:53",7.7,7.7,7.67,7.7,0.01,+0.13%,0
"2023-12-06 10:54",7.72,7.75,7.72,7.75,0.05,+0.65%,0
"2023-12-06 10:55",7.75,7.76,7.74,7.74,-0.01,-0.13%,0
"2023-12-06 10:56",7.74,7.74,7.7,7.7,-0.04,-0.52%,0
"2023-12-06 10:57",7.7,7.72,7.7,7.72,0.02,+0.26%,0
"2023-12-06 10:58",7.73,7.75,7.73,7.73,0.01,+0.13%,0
"2023-12-06 10:59",7.73,7.74,7.69,7.7,-0.03,-0.39%,0
"2023-12-06 11:00",7.67,7.68,7.67,7.68,-0.02,-0.26%,0
"2023-12-06 11:01",7.65,7.66,7.65,7.65,-0.03,-0.39%,0
"2023-12-06 11:02",7.66,7.7,7.66,7.7,0.05,+0.65%,0
"2023-12-06 11:03",7.69,7.69,7.66,7.66,-0.04,-0.52%,0
"2023-12-06 11:04",7.65,7.68,7.65,7.66,0,0.00%,0
"2023-12-06 11:05",7.66,7.66,7.61,7.61,-0.05,-0.65%,0
"2023-12-06 11:06",7.6,7.61,7.6,7.6,-0.01,-0.13%,0
"2023-12-06 11:07",7.63,7.63,7.62,7.62,0.02,+0.26%,0
"2023-12-06 11:08",7.63,7.63,7.63,7.63,0.01,+0.13%,0
"2023-12-06 11:09",7.64,7.66,7.64,7.66,0.03,+0.39%,0
"2023-12-06 11:10",7.66,7.68,7.66,7.68,0.02,+0.26%,0
"2023-12-06 11:11",7.68,7.68,7.6,7.6,-0.08,-1.04%,0
"2023-12-06 11:12",7.6,7.62,7.6,7.62,0.02,+0.26%,0
"2023-12-06 11:13",7.63,7.63,7.62,7.62,0,0.00%,0
"2023-12-06 11:14",7.59,7.6,7.59,7.59,-0.03,-0.39%,0
"2023-12-06 11:15",7.6,7.65,7.6,7.65,0.06,+0.79%,0
"2023-12-06 11:16",7.64,7.64,7.62,7.62,-0.03,-0.39%,0
"2023-12-06 11:17",7.64,7.71,7.64,7.7,0.08,+1.05%,0
"2023-12-06 11:18",7.69,7.69,7.68,7.68,-0.02,-0.26%,0
"2023-12-06 11:19",7.68,7.71,7.68,7.7,0.02,+0.26%,0
"2023-12-06 11:20",7.7,7.72,7.7,7.71,0.01,+0.13%,0
"2023-12-06 11:21",7.7,7.7,7.67,7.69,-0.02,-0.26%,0
"2023-12-06 11:22",7.69,7.72,7.69,7.72,0.03,+0.39%,0
"2023-12-06 11:23",7.74,7.87,7.74,7.84,0.12,+1.55%,0
"2023-12-06 11:24",7.82,7.9,7.82,7.88,0.04,+0.51%,0
"2023-12-06 11:25",7.86,7.86,7.81,7.81,-0.07,-0.89%,0
"2023-12-06 11:26",7.81,7.82,7.77,7.77,-0.04,-0.51%,0
"2023-12-06 11:27",7.76,7.78,7.76,7.77,0,0.00%,0
"2023-12-06 11:28",7.78,7.81,7.78,7.81,0.04,+0.51%,0
"2023-12-06 11:29",7.82,7.86,7.82,7.86,0.05,+0.64%,0
"2023-12-06 11:30",7.86,7.89,7.86,7.88,0.02,+0.25%,0
"2023-12-06 11:31",7.87,7.91,7.87,7.9,0.02,+0.25%,0
"2023-12-06 11:32",7.9,8.05,7.87,8.05,0.15,+1.90%,0
"2023-12-06 11:33",8.22,8.35,8.22,8.35,0.3,+3.73%,0
"2023-12-06 11:34",8.39,8.39,8.34,8.38,0.03,+0.36%,0
"2023-12-06 11:35",8.29,8.29,8.25,8.25,-0.13,-1.55%,0
"2023-12-06 11:36",8.22,8.23,8.22,8.23,-0.02,-0.24%,0
"2023-12-06 11:37",8.22,8.23,8.21,8.23,0,0.00%,0
"2023-12-06 11:38",8.23,8.26,8.23,8.25,0.02,+0.24%,0
"2023-12-06 11:39",8.26,8.26,8.23,8.24,-0.01,-0.12%,0
"2023-12-06 11:40",8.26,8.36,8.26,8.36,0.12,+1.46%,0
"2023-12-06 11:41",8.36,8.36,8.32,8.32,-0.04,-0.48%,0
"2023-12-06 11:42",8.32,8.34,8.27,8.27,-0.05,-0.60%,0
"2023-12-06 11:43",8.28,8.32,8.28,8.32,0.05,+0.60%,0
"2023-12-06 11:44",8.32,8.33,8.32,8.32,0,0.00%,0
"2023-12-06 11:45",8.3,8.3,8.29,8.3,-0.02,-0.24%,0
"2023-12-06 11:46",8.3,8.31,8.26,8.26,-0.04,-0.48%,0
"2023-12-06 11:47",8.25,8.27,8.25,8.25,-0.01,-0.12%,0
"2023-12-06 11:48",8.24,8.25,8.24,8.25,0,0.00%,0
"2023-12-06 11:49",8.29,8.3,8.29,8.3,0.05,+0.61%,0
"2023-12-06 11:50",8.28,8.29,8.27,8.28,-0.02,-0.24%,0
"2023-12-06 11:51",8.26,8.28,8.24,8.24,-0.04,-0.48%,0
"2023-12-06 11:52",8.25,8.25,8.25,8.25,0.01,+0.12%,0
"2023-12-06 11:53",8.23,8.23,8.15,8.15,-0.1,-1.21%,0
"2023-12-06 11:54",8.15,8.18,8.15,8.18,0.03,+0.37%,0
"2023-12-06 11:55",8.2,8.23,8.2,8.23,0.05,+0.61%,0
"2023-12-06 11:56",8.21,8.22,8.21,8.21,-0.02,-0.24%,0
"2023-12-06 11:57",8.21,8.22,8.21,8.21,0,0.00%,0
"2023-12-06 11:58",8.19,8.19,8.14,8.14,-0.07,-0.85%,0
"2023-12-06 11:59",8.13,8.13,8.13,8.13,-0.01,-0.12%,0
"2023-12-06 12:00",8.09,8.09,8.04,8.04,-0.09,-1.11%,0
"2023-12-06 12:01",8.06,8.08,8.06,8.08,0.04,+0.50%,0
"2023-12-06 12:02",8.11,8.14,8.11,8.14,0.06,+0.74%,0
"2023-12-06 12:03",8.16,8.2,8.16,8.2,0.06,+0.74%,0
"2023-12-06 12:04",8.2,8.22,8.2,8.21,0.01,+0.12%,0
"2023-12-06 12:05",8.21,8.23,8.21,8.23,0.02,+0.24%,0
"2023-12-06 12:06",8.23,8.23,8.22,8.23,0,0.00%,0
"2023-12-06 12:07",8.23,8.25,8.23,8.25,0.02,+0.24%,0
"2023-12-06 12:08",8.26,8.28,8.26,8.28,0.03,+0.36%,0
"2023-12-06 12:09",8.26,8.28,8.26,8.28,0,0.00%,0
"2023-12-06 12:10",8.28,8.3,8.28,8.3,0.02,+0.24%,0
"2023-12-06 12:11",8.3,8.32,8.28,8.28,-0.02,-0.24%,0
"2023-12-06 12:12",8.29,8.29,8.28,8.29,0.01,+0.12%,0
"2023-12-06 12:13",8.29,8.31,8.29,8.31,0.02,+0.24%,0
"2023-12-06 12:14",8.3,8.32,8.3,8.32,0.01,+0.12%,0
"2023-12-06 12:15",8.33,8.37,8.33,8.36,0.04,+0.48%,0
"2023-12-06 12:16",8.35,8.35,8.35,8.35,-0.01,-0.12%,0
"2023-12-06 12:17",8.34,8.35,8.34,8.35,0,0.00%,0
"2023-12-06 12:18",8.37,8.4,8.37,8.4,0.05,+0.60%,0
"2023-12-06 12:19",8.39,8.44,8.39,8.44,0.04,+0.48%,0
"2023-12-06 12:20",8.44,8.45,8.44,8.45,0.01,+0.12%,0
"2023-12-06 12:21",8.46,8.46,8.45,8.46,0.01,+0.12%,0
"2023-12-06 12:22",8.46,8.47,8.46,8.47,0.01,+0.12%,0
"2023-12-06 12:23",8.48,8.51,8.48,8.5,0.03,+0.35%,0
"2023-12-06 12:24",8.51,8.52,8.51,8.51,0.01,+0.12%,0
"2023-12-06 12:25",8.51,8.54,8.51,8.52,0.01,+0.12%,0
"2023-12-06 12:26",8.52,8.58,8.52,8.58,0.06,+0.70%,0
"2023-12-06 12:27",8.6,8.6,8.6,8.6,0.02,+0.23%,0
"2023-12-06 12:28",8.6,8.6,8.58,8.58,-0.02,-0.23%,0
"2023-12-06 12:29",8.59,8.6,8.59,8.6,0.02,+0.23%,0
"2023-12-06 12:30",8.6,8.63,8.6,8.63,0.03,+0.35%,0
"2023-12-06 12:31",8.64,8.65,8.63,8.63,0,0.00%,0
"2023-12-06 12:32",8.62,8.62,8.57,8.57,-0.06,-0.70%,0
"2023-12-06 12:33",8.57,8.6,8.57,8.6,0.03,+0.35%,0
"2023-12-06 12:34",8.6,8.62,8.6,8.6,0,0.00%,0
"2023-12-06 12:35",8.58,8.58,8.52,8.52,-0.08,-0.93%,0
"2023-12-06 12:36",8.53,8.56,8.53,8.56,0.04,+0.47%,0
"2023-12-06 12:37",8.55,8.57,8.55,8.55,-0.01,-0.12%,0
"2023-12-06 12:38",8.54,8.54,8.49,8.49,-0.06,-0.70%,0
"2023-12-06 12:39",8.48,8.48,8.43,8.43,-0.06,-0.71%,0
"2023-12-06 12:40",8.43,8.45,8.43,8.43,0,0.00%,0
"2023-12-06 12:41",8.42,8.43,8.4,8.4,-0.03,-0.36%,0
"2023-12-06 12:42",8.4,8.43,8.4,8.4,0,0.00%,0
"2023-12-06 12:43",8.4,8.42,8.4,8.41,0.01,+0.12%,0
"2023-12-06 12:44",8.42,8.42,8.38,8.38,-0.03,-0.36%,0
"2023-12-06 12:45",8.37,8.38,8.36,8.36,-0.02,-0.24%,0
"2023-12-06 12:46",8.37,8.44,8.37,8.44,0.08,+0.96%,0
"2023-12-06 12:47",8.47,8.49,8.46,8.46,0.02,+0.24%,0
"2023-12-06 12:48",8.45,8.53,8.45,8.53,0.07,+0.83%,0
"2023-12-06 12:49",8.53,8.55,8.53,8.53,0,0.00%,0
"2023-12-06 12:50",8.52,8.54,8.52,8.53,0,0.00%,0
"2023-12-06 12:51",8.54,8.59,8.54,8.59,0.06,+0.70%,0
"2023-12-06 12:52",8.62,8.64,8.61,8.61,0.02,+0.23%,0
"2023-12-06 12:53",8.62,8.66,8.62,8.66,0.05,+0.58%,0
"2023-12-06 12:54",8.65,8.65,8.63,8.63,-0.03,-0.35%,0
"2023-12-06 12:55",8.61,8.63,8.61,8.63,0,0.00%,0
"2023-12-06 12:56",8.65,8.69,8.65,8.69,0.06,+0.70%,0
"2023-12-06 12:57",8.7,8.71,8.69,8.71,0.02,+0.23%,0
"2023-12-06 12:58",8.71,8.72,8.71,8.71,0,0.00%,0
"2023-12-06 12:59",8.72,8.74,8.72,8.73,0.02,+0.23%,0
"2023-12-06 13:00",8.73,8.75,8.66,8.66,-0.07,-0.80%,0
"2023-12-06 13:01",8.63,8.63,8.59,8.63,-0.03,-0.35%,0
"2023-12-06 13:02",8.63,8.65,8.63,8.63,0,0.00%,0
"2023-12-06 13:03",8.61,8.63,8.61,8.63,0,0.00%,0
"2023-12-06 13:04",8.64,8.65,8.64,8.65,0.02,+0.23%,0
"2023-12-06 13:05",8.66,8.7,8.66,8.7,0.05,+0.58%,0
"2023-12-06 13:06",8.69,8.77,8.69,8.77,0.07,+0.80%,0
"2023-12-06 13:07",8.73,8.74,8.7,8.7,-0.07,-0.80%,0
"2023-12-06 13:08",8.69,8.72,8.69,8.72,0.02,+0.23%,0
"2023-12-06 13:09",8.72,8.73,8.72,8.73,0.01,+0.11%,0
"2023-12-06 13:10",8.74,8.74,8.7,8.7,-0.03,-0.34%,0
"2023-12-06 13:11",8.7,8.72,8.7,8.71,0.01,+0.11%,0
"2023-12-06 13:12",8.71,8.74,8.71,8.72,0.01,+0.11%,0
"2023-12-06 13:13",8.73,8.76,8.73,8.75,0.03,+0.34%,0
"2023-12-06 13:14",8.75,8.76,8.75,8.76,0.01,+0.11%,0
"2023-12-06 13:15",8.74,8.74,8.7,8.7,-0.06,-0.68%,0
"2023-12-06 13:16",8.69,8.71,8.69,8.71,0.01,+0.11%,0
"2023-12-06 13:17",8.73,8.76,8.73,8.76,0.05,+0.57%,0
"2023-12-06 13:18",8.72,8.74,8.72,8.74,-0.02,-0.23%,0
"2023-12-06 13:19",8.74,8.74,8.66,8.66,-0.08,-0.92%,0
"2023-12-06 13:20",8.64,8.64,8.63,8.63,-0.03,-0.35%,0
"2023-12-06 13:21",8.63,8.64,8.63,8.63,0,0.00%,0
"2023-12-06 13:22",8.63,8.65,8.63,8.64,0.01,+0.12%,0
"2023-12-06 13:23",8.63,8.64,8.63,8.63,-0.01,-0.12%,0
"2023-12-06 13:24",8.63,8.65,8.63,8.65,0.02,+0.23%,0
"2023-12-06 13:25",8.64,8.67,8.64,8.67,0.02,+0.23%,0
"2023-12-06 13:26",8.67,8.68,8.66,8.66,-0.01,-0.12%,0
"2023-12-06 13:27",8.65,8.65,8.59,8.61,-0.05,-0.58%,0
"2023-12-06 13:28",8.62,8.64,8.62,8.64,0.03,+0.35%,0
"2023-12-06 13:29",8.63,8.69,8.63,8.68,0.04,+0.46%,0
"2023-12-06 13:30",8.68,8.68,8.66,8.66,-0.02,-0.23%,0
"2023-12-06 13:31",8.65,8.67,8.65,8.67,0.01,+0.12%,0
"2023-12-06 13:32",8.65,8.7,8.65,8.7,0.03,+0.35%,0
"2023-12-06 13:33",8.69,8.7,8.69,8.7,0,0.00%,0
"2023-12-06 13:34",8.71,8.72,8.7,8.7,0,0.00%,0
"2023-12-06 13:35",8.7,8.7,8.66,8.66,-0.04,-0.46%,0
"2023-12-06 13:36",8.65,8.69,8.65,8.67,0.01,+0.12%,0
"2023-12-06 13:37",8.67,8.67,8.67,8.67,0,0.00%,0
"2023-12-06 13:38",8.7,8.72,8.69,8.69,0.02,+0.23%,0
"2023-12-06 13:39",8.7,8.73,8.69,8.69,0,0.00%,0
"2023-12-06 13:40",8.7,8.7,8.7,8.7,0.01,+0.12%,0
"2023-12-06 13:41",8.7,8.72,8.7,8.71,0.01,+0.11%,0
"2023-12-06 13:42",8.71,8.72,8.69,8.7,-0.01,-0.11%,0
"2023-12-06 13:43",8.69,8.69,8.69,8.69,-0.01,-0.11%,0
"2023-12-06 13:44",8.68,8.69,8.68,8.68,-0.01,-0.12%,0
"2023-12-06 13:45",8.68,8.68,8.67,8.68,0,0.00%,0
"2023-12-06 13:46",8.67,8.69,8.67,8.69,0.01,+0.12%,0
"2023-12-06 13:47",8.69,8.71,8.69,8.71,0.02,+0.23%,0
"2023-12-06 13:48",8.69,8.72,8.69,8.72,0.01,+0.11%,0
"2023-12-06 13:49",8.72,8.73,8.72,8.73,0.01,+0.11%,0
"2023-12-06 13:50",8.73,8.73,8.7,8.72,-0.01,-0.11%,0
"2023-12-06 13:51",8.71,8.73,8.71,8.73,0.01,+0.11%,0
"2023-12-06 13:52",8.71,8.71,8.71,8.71,-0.02,-0.23%,0
"2023-12-06 13:53",8.71,8.74,8.71,8.74,0.03,+0.34%,0
"2023-12-06 13:54",8.73,8.74,8.73,8.74,0,0.00%,0
"2023-12-06 13:55",8.74,8.75,8.74,8.74,0,0.00%,0
"2023-12-06 13:56",8.74,8.77,8.74,8.77,0.03,+0.34%,0
"2023-12-06 13:57",8.74,8.76,8.74,8.75,-0.02,-0.23%,0
"2023-12-06 13:58",8.74,8.77,8.74,8.76,0.01,+0.11%,0
"2023-12-06 13:59",8.77,8.78,8.77,8.77,0.01,+0.11%,0
"2023-12-06 14:00",8.77,8.77,8.77,8.77,0,0.00%,0
"2023-12-06 14:01",8.77,8.78,8.76,8.76,-0.01,-0.11%,0
"2023-12-06 14:02",8.77,8.77,8.74,8.75,-0.01,-0.11%,0
"2023-12-06 14:03",8.76,8.77,8.76,8.76,0.01,+0.11%,0
"2023-12-06 14:04",8.76,8.76,8.76,8.76,0,0.00%,0
"2023-12-06 14:05",8.76,8.78,8.76,8.77,0.01,+0.11%,0
"2023-12-06 14:06",8.77,8.78,8.77,8.78,0.01,+0.11%,0
"2023-12-06 14:07",8.78,8.81,8.78,8.81,0.03,+0.34%,0
"2023-12-06 14:08",8.8,8.81,8.8,8.81,0,0.00%,0
"2023-12-06 14:09",8.8,8.8,8.8,8.8,-0.01,-0.11%,0
"2023-12-06 14:10",8.8,8.83,8.8,8.83,0.03,+0.34%,0
"2023-12-06 14:11",8.84,8.86,8.82,8.82,-0.01,-0.11%,0
"2023-12-06 14:12",8.75,8.75,8.74,8.75,-0.07,-0.79%,0
"2023-12-06 14:13",8.73,8.74,8.72,8.72,-0.03,-0.34%,0
"2023-12-06 14:14",8.73,8.82,8.72,8.82,0.1,+1.15%,0
"2023-12-06 14:15",8.81,8.83,8.81,8.83,0.01,+0.11%,0
"2023-12-06 14:16",8.82,8.84,8.82,8.84,0.01,+0.11%,0
"2023-12-06 14:17",8.83,8.84,8.75,8.75,-0.09,-1.02%,0
"2023-12-06 14:18",8.74,8.75,8.73,8.75,0,0.00%,0
"2023-12-06 14:19",8.74,8.77,8.74,8.76,0.01,+0.11%,0
"2023-12-06 14:20",8.76,8.77,8.75,8.75,-0.01,-0.11%,0
"2023-12-06 14:21",8.74,8.78,8.74,8.77,0.02,+0.23%,0
"2023-12-06 14:22",8.76,8.78,8.76,8.77,0,0.00%,0
"2023-12-06 14:23",8.77,8.78,8.77,8.78,0.01,+0.11%,0
"2023-12-06 14:24",8.76,8.77,8.71,8.71,-0.07,-0.80%,0
"2023-12-06 14:25",8.7,8.72,8.69,8.72,0.01,+0.11%,0
"2023-12-06 14:26",8.72,8.72,8.71,8.71,-0.01,-0.11%,0
"2023-12-06 14:27",8.71,8.75,8.71,8.74,0.03,+0.34%,0
"2023-12-06 14:28",8.72,8.74,8.72,8.73,-0.01,-0.11%,0
"2023-12-06 14:29",8.74,8.75,8.74,8.75,0.02,+0.23%,0
"2023-12-06 14:30",8.76,8.76,8.73,8.73,-0.02,-0.23%,0
"2023-12-06 14:31",8.74,8.75,8.73,8.74,0.01,+0.11%,0
"2023-12-06 14:32",8.74,8.75,8.73,8.74,0,0.00%,0
"2023-12-06 14:33",8.74,8.75,8.73,8.75,0.01,+0.11%,0
"2023-12-06 14:34",8.76,8.76,8.74,8.74,-0.01,-0.11%,0
"2023-12-06 14:35",8.74,8.79,8.74,8.79,0.05,+0.57%,0
"2023-12-06 14:36",8.79,8.81,8.79,8.8,0.01,+0.11%,0
"2023-12-06 14:37",8.8,8.8,8.79,8.79,-0.01,-0.11%,0
"2023-12-06 14:38",8.77,8.78,8.77,8.78,-0.01,-0.11%,0
"2023-12-06 14:39",8.77,8.78,8.77,8.77,-0.01,-0.11%,0
"2023-12-06 14:40",8.78,8.79,8.75,8.75,-0.02,-0.23%,0
"2023-12-06 14:41",8.78,8.78,8.76,8.77,0.02,+0.23%,0
"2023-12-06 14:42",8.76,8.78,8.76,8.78,0.01,+0.11%,0
"2023-12-06 14:43",8.79,8.79,8.77,8.77,-0.01,-0.11%,0
"2023-12-06 14:44",8.77,8.77,8.75,8.75,-0.02,-0.23%,0
"2023-12-06 14:45",8.76,8.78,8.76,8.76,0.01,+0.11%,0
"2023-12-06 14:46",8.76,8.78,8.76,8.78,0.02,+0.23%,0
"2023-12-06 14:47",8.77,8.79,8.77,8.78,0,0.00%,0
"2023-12-06 14:48",8.77,8.77,8.72,8.72,-0.06,-0.68%,0
"2023-12-06 14:49",8.73,8.73,8.73,8.73,0.01,+0.11%,0
"2023-12-06 14:50",8.72,8.74,8.72,8.73,0,0.00%,0
"2023-12-06 14:51",8.73,8.74,8.73,8.74,0.01,+0.11%,0
"2023-12-06 14:52",8.74,8.75,8.73,8.73,-0.01,-0.11%,0
"2023-12-06 14:53",8.78,8.79,8.78,8.79,0.06,+0.69%,0
"2023-12-06 14:54",8.78,8.78,8.78,8.78,-0.01,-0.11%,0
"2023-12-06 14:55",8.77,8.79,8.77,8.79,0.01,+0.11%,0
"2023-12-06 14:56",8.78,8.79,8.78,8.78,-0.01,-0.11%,0
"2023-12-06 14:57",8.78,8.81,8.78,8.8,0.02,+0.23%,0
"2023-12-06 14:58",8.8,8.83,8.8,8.8,0,0.00%,0
"2023-12-06 14:59",8.73,8.74,8.73,8.74,-0.06,-0.68%,0
"2023-12-06 15:00",8.75,8.75,8.75,8.75,0.01,+0.11%,0
"2023-12-06 15:01",8.74,8.76,8.74,8.76,0.01,+0.11%,0
"2023-12-06 15:02",8.76,8.78,8.76,8.78,0.02,+0.23%,0
"2023-12-06 15:03",8.78,8.8,8.78,8.8,0.02,+0.23%,0
"2023-12-06 15:04",8.79,8.83,8.79,8.81,0.01,+0.11%,0
"2023-12-06 15:05",8.81,8.82,8.81,8.82,0.01,+0.11%,0
"2023-12-06 15:06",8.82,8.82,8.8,8.81,-0.01,-0.11%,0
"2023-12-06 15:07",8.82,8.83,8.81,8.83,0.02,+0.23%,0
"2023-12-06 15:08",8.8,8.83,8.8,8.81,-0.02,-0.23%,0
"2023-12-06 15:09",8.8,8.81,8.79,8.79,-0.02,-0.23%,0
"2023-12-06 15:10",8.8,8.82,8.8,8.82,0.03,+0.34%,0
"2023-12-06 15:11",8.83,8.91,8.83,8.91,0.09,+1.02%,0
"2023-12-06 15:12",8.9,8.93,8.87,8.87,-0.04,-0.45%,0
"2023-12-06 15:13",8.89,8.91,8.89,8.91,0.04,+0.45%,0
"2023-12-06 15:14",8.91,8.95,8.91,8.91,0,0.00%,0
"2023-12-06 15:15",8.88,8.89,8.87,8.87,-0.04,-0.45%,0
"2023-12-06 15:16",8.86,8.91,8.86,8.91,0.04,+0.45%,0
"2023-12-06 15:17",8.91,8.95,8.91,8.95,0.04,+0.45%,0
"2023-12-06 15:18",8.92,8.97,8.92,8.96,0.01,+0.11%,0
"2023-12-06 15:19",8.93,9.03,8.93,9.03,0.07,+0.78%,0
"2023-12-06 15:20",9.04,9.08,9.04,9.08,0.05,+0.55%,0
"2023-12-06 15:21",9.08,9.15,9.08,9.15,0.07,+0.77%,0
"2023-12-06 15:22",9.18,9.23,9.16,9.23,0.08,+0.87%,0
"2023-12-06 15:23",9.25,9.37,9.25,9.37,0.14,+1.52%,0
"2023-12-06 15:24",9.43,9.5,9.42,9.5,0.13,+1.39%,0
"2023-12-06 15:25",9.5,9.53,9.5,9.53,0.03,+0.32%,0
"2023-12-06 15:26",9.5,9.57,9.49,9.57,0.04,+0.42%,0
"2023-12-06 15:27",9.57,9.65,9.57,9.65,0.08,+0.84%,0
"2023-12-06 15:28",9.63,9.67,9.63,9.67,0.02,+0.21%,0
"2023-12-06 15:29",9.64,9.64,9.61,9.61,-0.06,-0.62%,0
"2023-12-06 15:30",9.58,9.59,9.51,9.51,-0.1,-1.04%,0
"2023-12-06 15:31",9.49,9.5,9.49,9.49,-0.02,-0.21%,0
"2023-12-06 15:32",9.46,9.46,9.44,9.44,-0.05,-0.53%,0
"2023-12-06 15:33",9.42,9.43,9.38,9.38,-0.06,-0.64%,0
"2023-12-06 15:34",9.37,9.39,9.37,9.39,0.01,+0.11%,0
"2023-12-06 15:35",9.42,9.42,9.4,9.4,0.01,+0.11%,0
"2023-12-06 15:36",9.45,9.55,9.45,9.55,0.15,+1.60%,0
"2023-12-06 15:37",9.55,9.62,9.55,9.62,0.07,+0.73%,0
"2023-12-06 15:38",9.63,9.63,9.55,9.55,-0.07,-0.73%,0
"2023-12-06 15:39",9.51,9.53,9.51,9.53,-0.02,-0.21%,0
"2023-12-06 15:40",9.52,9.52,9.5,9.51,-0.02,-0.21%,0
"2023-12-06 15:41",9.51,9.52,9.47,9.47,-0.04,-0.42%,0
"2023-12-06 15:42",9.47,9.48,9.46,9.48,0.01,+0.11%,0
"2023-12-06 15:43",9.47,9.47,9.43,9.43,-0.05,-0.53%,0
"2023-12-06 15:44",9.39,9.4,9.38,9.38,-0.05,-0.53%,0
"2023-12-06 15:45",9.37,9.39,9.37,9.38,0,0.00%,0
"2023-12-06 15:46",9.4,9.4,9.36,9.38,0,0.00%,0
"2023-12-06 15:47",9.38,9.4,9.38,9.39,0.01,+0.11%,0
"2023-12-06 15:48",9.4,9.42,9.4,9.41,0.02,+0.21%,0
"2023-12-06 15:49",9.4,9.44,9.4,9.42,0.01,+0.11%,0
"2023-12-06 15:50",9.41,9.45,9.41,9.45,0.03,+0.32%,0
"2023-12-06 15:51",9.46,9.48,9.46,9.46,0.01,+0.11%,0
"2023-12-06 15:52",9.51,9.56,9.51,9.56,0.1,+1.06%,0
"2023-12-06 15:53",9.56,9.61,9.56,9.61,0.05,+0.52%,0
"2023-12-06 15:54",9.69,9.76,9.69,9.76,0.15,+1.56%,0
"2023-12-06 15:55",9.76,9.76,9.62,9.62,-0.14,-1.43%,0
"2023-12-06 15:56",9.62,9.62,9.56,9.56,-0.06,-0.62%,0
"2023-12-06 15:57",9.56,9.6,9.56,9.6,0.04,+0.42%,0
"2023-12-06 15:58",9.62,9.64,9.58,9.58,-0.02,-0.21%,0
"2023-12-06 15:59",9.56,9.56,9.48,9.49,-0.09,-0.94%,0
"2023-12-06 16:00",9.42,9.42,9.28,9.28,-0.21,-2.21%,0
"2023-12-06 16:01",9.27,9.33,9.27,9.33,0.05,+0.54%,0
"2023-12-06 16:02",9.31,9.35,9.31,9.34,0.01,+0.11%,0
"2023-12-06 16:03",9.3,9.34,9.3,9.34,0,0.00%,0
"2023-12-06 16:04",9.36,9.36,9.36,9.36,0.02,+0.21%,0
"2023-12-06 16:05",9.34,9.49,9.34,9.49,0.13,+1.39%,0
"2023-12-06 16:06",9.5,9.52,9.43,9.43,-0.06,-0.63%,0
"2023-12-06 16:07",9.42,9.54,9.42,9.54,0.11,+1.17%,0
"2023-12-06 16:08",9.55,9.59,9.55,9.58,0.04,+0.42%,0
"2023-12-06 16:09",9.58,9.59,9.56,9.58,0,0.00%,0
"2023-12-06 16:10",9.56,9.58,9.55,9.55,-0.03,-0.31%,0
"2023-12-06 16:11",9.56,9.59,9.56,9.57,0.02,+0.21%,0
"2023-12-06 16:12",9.55,9.58,9.55,9.58,0.01,+0.10%,0
"2023-12-06 16:13",9.59,9.6,9.56,9.56,-0.02,-0.21%,0
"2023-12-06 16:14",9.59,9.69,9.59,9.69,0.13,+1.36%,0
"2023-12-06 16:15",9.73,9.73,9.73,9.73,0.04,+0.41%,0
"2023-12-07 09:31",7.88,7.92,7.84,7.92,-1.81,-18.60%,0
"2023-12-07 09:32",8.02,8.06,8.02,8.04,0.12,+1.52%,0
"2023-12-07 09:33",8.03,8.03,7.98,8.01,-0.03,-0.37%,0
"2023-12-07 09:34",7.99,8.04,7.99,7.99,-0.02,-0.25%,0
"2023-12-07 09:35",8.01,8.09,8.01,8.09,0.1,+1.25%,0
"2023-12-07 09:36",8.06,8.06,8.03,8.03,-0.06,-0.74%,0
"2023-12-07 09:37",8.06,8.1,8.02,8.02,-0.01,-0.12%,0
"2023-12-07 09:38",7.95,7.96,7.92,7.96,-0.06,-0.75%,0
"2023-12-07 09:39",7.95,7.99,7.94,7.94,-0.02,-0.25%,0
"2023-12-07 09:40",7.91,7.93,7.9,7.91,-0.03,-0.38%,0
"2023-12-07 09:41",7.91,7.97,7.91,7.97,0.06,+0.76%,0
"2023-12-07 09:42",7.93,7.95,7.88,7.88,-0.09,-1.13%,0
"2023-12-07 09:43",7.86,7.9,7.86,7.89,0.01,+0.13%,0
"2023-12-07 09:44",7.89,7.95,7.89,7.9,0.01,+0.13%,0
"2023-12-07 09:45",7.91,7.91,7.87,7.87,-0.03,-0.38%,0
"2023-12-07 09:46",7.83,7.91,7.83,7.91,0.04,+0.51%,0
"2023-12-07 09:47",7.81,7.9,7.78,7.9,-0.01,-0.13%,0
"2023-12-07 09:48",7.9,7.93,7.9,7.92,0.02,+0.25%,0
"2023-12-07 09:49",7.93,7.98,7.93,7.96,0.04,+0.51%,0
"2023-12-07 09:50",7.96,7.99,7.96,7.96,0,0.00%,0
"2023-12-07 09:51",7.99,8.01,7.99,8.01,0.05,+0.63%,0
"2023-12-07 09:52",7.98,7.98,7.89,7.89,-0.12,-1.50%,0
"2023-12-07 09:53",7.88,7.96,7.88,7.96,0.07,+0.89%,0
"2023-12-07 09:54",7.97,8.02,7.97,8.01,0.05,+0.63%,0
"2023-12-07 09:55",8.02,8.07,8.02,8.04,0.03,+0.37%,0
"2023-12-07 09:56",8.04,8.07,8,8,-0.04,-0.50%,0
"2023-12-07 09:57",8,8.06,8,8.06,0.06,+0.75%,0
"2023-12-07 09:58",8.06,8.11,8.06,8.1,0.04,+0.50%,0
"2023-12-07 09:59",8.08,8.13,8.08,8.13,0.03,+0.37%,0
"2023-12-07 10:00",8.16,8.23,8.16,8.22,0.09,+1.11%,0
"2023-12-07 10:01",8.2,8.23,8.2,8.22,0,0.00%,0
"2023-12-07 10:02",8.24,8.27,8.24,8.27,0.05,+0.61%,0
"2023-12-07 10:03",8.28,8.31,8.28,8.29,0.02,+0.24%,0
"2023-12-07 10:04",8.28,8.28,8.24,8.24,-0.05,-0.60%,0
"2023-12-07 10:05",8.23,8.27,8.23,8.27,0.03,+0.36%,0
"2023-12-07 10:06",8.23,8.28,8.23,8.28,0.01,+0.12%,0
"2023-12-07 10:07",8.36,8.4,8.35,8.35,0.07,+0.85%,0
"2023-12-07 10:08",8.32,8.35,8.31,8.31,-0.04,-0.48%,0
"2023-12-07 10:09",8.35,8.52,8.35,8.52,0.21,+2.53%,0
"2023-12-07 10:10",8.51,8.51,8.45,8.45,-0.07,-0.82%,0
"2023-12-07 10:11",8.46,8.5,8.46,8.48,0.03,+0.36%,0
"2023-12-07 10:12",8.48,8.5,8.44,8.44,-0.04,-0.47%,0
"2023-12-07 10:13",8.42,8.42,8.39,8.41,-0.03,-0.36%,0
"2023-12-07 10:14",8.42,8.48,8.42,8.48,0.07,+0.83%,0
"2023-12-07 10:15",8.46,8.46,8.43,8.43,-0.05,-0.59%,0
"2023-12-07 10:16",8.42,8.48,8.42,8.47,0.04,+0.47%,0
"2023-12-07 10:17",8.52,8.62,8.52,8.62,0.15,+1.77%,0
"2023-12-07 10:18",8.63,8.63,8.53,8.53,-0.09,-1.04%,0
"2023-12-07 10:19",8.55,8.58,8.55,8.58,0.05,+0.59%,0
"2023-12-07 10:20",8.57,8.6,8.57,8.6,0.02,+0.23%,0
"2023-12-07 10:21",8.61,8.62,8.6,8.6,0,0.00%,0
"2023-12-07 10:22",8.6,8.63,8.6,8.63,0.03,+0.35%,0
"2023-12-07 10:23",8.62,8.65,8.62,8.62,-0.01,-0.12%,0
"2023-12-07 10:24",8.62,8.65,8.62,8.65,0.03,+0.35%,0
"2023-12-07 10:25",8.65,8.69,8.65,8.66,0.01,+0.12%,0
"2023-12-07 10:26",8.65,8.69,8.65,8.65,-0.01,-0.12%,0
"2023-12-07 10:27",8.65,8.69,8.65,8.68,0.03,+0.35%,0
"2023-12-07 10:28",8.66,8.69,8.66,8.69,0.01,+0.12%,0
"2023-12-07 10:29",8.71,8.76,8.71,8.76,0.07,+0.81%,0
"2023-12-07 10:30",8.77,8.77,8.76,8.76,0,0.00%,0
"2023-12-07 10:31",8.75,8.78,8.75,8.78,0.02,+0.23%,0
"2023-12-07 10:32",8.78,8.82,8.78,8.79,0.01,+0.11%,0
"2023-12-07 10:33",8.8,8.83,8.79,8.79,0,0.00%,0
"2023-12-07 10:34",8.79,8.81,8.79,8.8,0.01,+0.11%,0
"2023-12-07 10:35",8.8,8.85,8.8,8.85,0.05,+0.57%,0
"2023-12-07 10:36",8.84,8.89,8.84,8.87,0.02,+0.23%,0
"2023-12-07 10:37",8.89,8.91,8.89,8.9,0.03,+0.34%,0
"2023-12-07 10:38",8.88,8.91,8.88,8.91,0.01,+0.11%,0
"2023-12-07 10:39",8.89,8.9,8.89,8.9,-0.01,-0.11%,0
"2023-12-07 10:40",8.91,8.95,8.91,8.95,0.05,+0.56%,0
"2023-12-07 10:41",8.92,8.96,8.92,8.96,0.01,+0.11%,0
"2023-12-07 10:42",8.96,8.99,8.96,8.97,0.01,+0.11%,0
"2023-12-07 10:43",8.96,9,8.96,9,0.03,+0.33%,0
"2023-12-07 10:44",8.98,8.98,8.96,8.98,-0.02,-0.22%,0
"2023-12-07 10:45",8.99,9,8.99,8.99,0.01,+0.11%,0
"2023-12-07 10:46",8.99,9.03,8.99,9,0.01,+0.11%,0
"2023-12-07 10:47",9.01,9.03,9.01,9.03,0.03,+0.33%,0
"2023-12-07 10:48",9.03,9.03,9.02,9.02,-0.01,-0.11%,0
"2023-12-07 10:49",9,9.04,9,9.01,-0.01,-0.11%,0
"2023-12-07 10:50",9.02,9.04,9.02,9.02,0.01,+0.11%,0
"2023-12-07 10:51",9.02,9.05,9.02,9.05,0.03,+0.33%,0
"2023-12-07 10:52",9.06,9.08,9.05,9.05,0,0.00%,0
"2023-12-07 10:53",9.04,9.08,9.04,9.07,0.02,+0.22%,0
"2023-12-07 10:54",9.09,9.09,9.07,9.07,0,0.00%,0
"2023-12-07 10:55",9.05,9.1,9.05,9.1,0.03,+0.33%,0
"2023-12-07 10:56",9.11,9.13,9.11,9.13,0.03,+0.33%,0
"2023-12-07 10:57",9.12,9.14,9.12,9.12,-0.01,-0.11%,0
"2023-12-07 10:58",9.13,9.17,9.13,9.15,0.03,+0.33%,0
"2023-12-07 10:59",9.15,9.17,9.15,9.17,0.02,+0.22%,0
"2023-12-07 11:00",9.15,9.17,9.15,9.17,0,0.00%,0
"2023-12-07 11:01",9.17,9.2,9.17,9.19,0.02,+0.22%,0
"2023-12-07 11:02",9.18,9.24,9.18,9.22,0.03,+0.33%,0
"2023-12-07 11:03",9.22,9.23,9.22,9.23,0.01,+0.11%,0
"2023-12-07 11:04",9.23,9.26,9.23,9.23,0,0.00%,0
"2023-12-07 11:05",9.23,9.27,9.23,9.26,0.03,+0.33%,0
"2023-12-07 11:06",9.25,9.26,9.24,9.24,-0.02,-0.22%,0
"2023-12-07 11:07",9.26,9.28,9.26,9.28,0.04,+0.43%,0
"2023-12-07 11:08",9.29,9.32,9.29,9.32,0.04,+0.43%,0
"2023-12-07 11:09",9.33,9.36,9.33,9.36,0.04,+0.43%,0
"2023-12-07 11:10",9.36,9.39,9.36,9.39,0.03,+0.32%,0
"2023-12-07 11:11",9.41,9.44,9.41,9.44,0.05,+0.53%,0
"2023-12-07 11:12",9.45,9.45,9.44,9.44,0,0.00%,0
"2023-12-07 11:13",9.44,9.45,9.43,9.43,-0.01,-0.11%,0
"2023-12-07 11:14",9.47,9.52,9.47,9.51,0.08,+0.85%,0
"2023-12-07 11:15",9.49,9.51,9.49,9.5,-0.01,-0.11%,0
"2023-12-07 11:16",9.48,9.48,9.4,9.4,-0.1,-1.05%,0
"2023-12-07 11:17",9.41,9.46,9.41,9.46,0.06,+0.64%,0
"2023-12-07 11:18",9.43,9.45,9.43,9.45,-0.01,-0.11%,0
"2023-12-07 11:19",9.46,9.58,9.46,9.58,0.13,+1.38%,0
"2023-12-07 11:20",9.58,9.58,9.55,9.55,-0.03,-0.31%,0
"2023-12-07 11:21",9.55,9.55,9.49,9.49,-0.06,-0.63%,0
"2023-12-07 11:22",9.47,9.53,9.47,9.53,0.04,+0.42%,0
"2023-12-07 11:23",9.51,9.52,9.51,9.51,-0.02,-0.21%,0
"2023-12-07 11:24",9.51,9.54,9.51,9.52,0.01,+0.11%,0
"2023-12-07 11:25",9.53,9.55,9.52,9.52,0,0.00%,0
"2023-12-07 11:26",9.52,9.54,9.52,9.52,0,0.00%,0
"2023-12-07 11:27",9.48,9.52,9.48,9.52,0,0.00%,0
"2023-12-07 11:28",9.5,9.5,9.48,9.48,-0.04,-0.42%,0
"2023-12-07 11:29",9.48,9.52,9.48,9.51,0.03,+0.32%,0
"2023-12-07 11:30",9.51,9.53,9.51,9.53,0.02,+0.21%,0
"2023-12-07 11:31",9.5,9.51,9.5,9.51,-0.02,-0.21%,0
"2023-12-07 11:32",9.5,9.51,9.5,9.5,-0.01,-0.11%,0
"2023-12-07 11:33",9.5,9.52,9.5,9.5,0,0.00%,0
"2023-12-07 11:34",9.5,9.52,9.5,9.52,0.02,+0.21%,0
"2023-12-07 11:35",9.52,9.56,9.52,9.56,0.04,+0.42%,0
"2023-12-07 11:36",9.56,9.57,9.56,9.56,0,0.00%,0
"2023-12-07 11:37",9.56,9.58,9.56,9.58,0.02,+0.21%,0
"2023-12-07 11:38",9.57,9.6,9.57,9.58,0,0.00%,0
"2023-12-07 11:39",9.58,9.62,9.58,9.62,0.04,+0.42%,0
"2023-12-07 11:40",9.63,9.65,9.62,9.63,0.01,+0.10%,0
"2023-12-07 11:41",9.64,9.68,9.64,9.68,0.05,+0.52%,0
"2023-12-07 11:42",9.69,9.73,9.69,9.73,0.05,+0.52%,0
"2023-12-07 11:43",9.73,9.77,9.73,9.77,0.04,+0.41%,0
"2023-12-07 11:44",9.75,9.8,9.75,9.8,0.03,+0.31%,0
"2023-12-07 11:45",9.8,9.86,9.8,9.86,0.06,+0.61%,0
"2023-12-07 11:46",9.86,9.92,9.86,9.92,0.06,+0.61%,0
"2023-12-07 11:47",9.91,9.94,9.91,9.93,0.01,+0.10%,0
"2023-12-07 11:48",9.94,9.97,9.94,9.97,0.04,+0.40%,0
"2023-12-07 11:49",9.97,10.01,9.97,10.01,0.04,+0.40%,0
"2023-12-07 11:50",10.01,10.04,10.01,10.02,0.01,+0.10%,0
"2023-12-07 11:51",10.02,10.04,10.02,10.03,0.01,+0.10%,0
"2023-12-07 11:52",10.03,10.06,10.03,10.06,0.03,+0.30%,0
"2023-12-07 11:53",10.06,10.07,10.06,10.07,0.01,+0.10%,0
"2023-12-07 11:54",10.06,10.09,10.06,10.09,0.02,+0.20%,0
"2023-12-07 11:55",10.08,10.12,10.08,10.12,0.03,+0.30%,0
"2023-12-07 11:56",10.12,10.15,10.12,10.14,0.02,+0.20%,0
"2023-12-07 11:57",10.14,10.16,10.14,10.15,0.01,+0.10%,0
"2023-12-07 11:58",10.15,10.18,10.15,10.18,0.03,+0.30%,0
"2023-12-07 11:59",10.19,10.23,10.19,10.23,0.05,+0.49%,0
"2023-12-07 12:00",10.21,10.22,10.18,10.18,-0.05,-0.49%,0
"2023-12-07 12:01",10.18,10.26,10.18,10.26,0.08,+0.79%,0
"2023-12-07 12:02",10.27,10.29,10.27,10.28,0.02,+0.19%,0
"2023-12-07 12:03",10.28,10.29,10.28,10.28,0,0.00%,0
"2023-12-07 12:04",10.23,10.26,10.23,10.26,-0.02,-0.19%,0
"2023-12-07 12:05",10.26,10.3,10.26,10.3,0.04,+0.39%,0
"2023-12-07 12:06",10.3,10.33,10.3,10.32,0.02,+0.19%,0
"2023-12-07 12:07",10.32,10.37,10.32,10.36,0.04,+0.39%,0
"2023-12-07 12:08",10.37,10.4,10.37,10.39,0.03,+0.29%,0
"2023-12-07 12:09",10.39,10.43,10.39,10.43,0.04,+0.38%,0
"2023-12-07 12:10",10.38,10.4,10.38,10.39,-0.04,-0.38%,0
"2023-12-07 12:11",10.38,10.39,10.37,10.37,-0.02,-0.19%,0
"2023-12-07 12:12",10.37,10.4,10.37,10.4,0.03,+0.29%,0
"2023-12-07 12:13",10.4,10.43,10.4,10.43,0.03,+0.29%,0
"2023-12-07 12:14",10.41,10.45,10.41,10.44,0.01,+0.10%,0
"2023-12-07 12:15",10.44,10.45,10.44,10.44,0,0.00%,0
"2023-12-07 12:16",10.44,10.47,10.44,10.47,0.03,+0.29%,0
"2023-12-07 12:17",10.46,10.48,10.46,10.46,-0.01,-0.10%,0
"2023-12-07 12:18",10.46,10.5,10.46,10.5,0.04,+0.38%,0
"2023-12-07 12:19",10.49,10.53,10.49,10.53,0.03,+0.29%,0
"2023-12-07 12:20",10.55,10.61,10.55,10.61,0.08,+0.76%,0
"2023-12-07 12:21",10.61,10.64,10.61,10.63,0.02,+0.19%,0
"2023-12-07 12:22",10.63,10.66,10.63,10.64,0.01,+0.09%,0
"2023-12-07 12:23",10.63,10.65,10.63,10.64,0,0.00%,0
"2023-12-07 12:24",10.65,10.67,10.65,10.66,0.02,+0.19%,0
"2023-12-07 12:25",10.65,10.69,10.65,10.69,0.03,+0.28%,0
"2023-12-07 12:26",10.69,10.7,10.69,10.7,0.01,+0.09%,0
"2023-12-07 12:27",10.71,10.73,10.71,10.73,0.03,+0.28%,0
"2023-12-07 12:28",10.72,10.74,10.72,10.72,-0.01,-0.09%,0
"2023-12-07 12:29",10.73,10.75,10.73,10.75,0.03,+0.28%,0
"2023-12-07 12:30",10.74,10.75,10.73,10.73,-0.02,-0.19%,0
"2023-12-07 12:31",10.73,10.75,10.73,10.75,0.02,+0.19%,0
"2023-12-07 12:32",10.74,10.75,10.74,10.74,-0.01,-0.09%,0
"2023-12-07 12:33",10.74,10.78,10.74,10.76,0.02,+0.19%,0
"2023-12-07 12:34",10.71,10.74,10.71,10.74,-0.02,-0.19%,0
"2023-12-07 12:35",10.73,10.77,10.73,10.77,0.03,+0.28%,0
"2023-12-07 12:36",10.76,10.78,10.76,10.78,0.01,+0.09%,0
"2023-12-07 12:37",10.78,10.79,10.78,10.78,0,0.00%,0
"2023-12-07 12:38",10.8,10.82,10.8,10.82,0.04,+0.37%,0
"2023-12-07 12:39",10.82,10.85,10.82,10.85,0.03,+0.28%,0
"2023-12-07 12:40",10.86,10.88,10.86,10.86,0.01,+0.09%,0
"2023-12-07 12:41",10.86,10.89,10.86,10.88,0.02,+0.18%,0
"2023-12-07 12:42",10.89,10.9,10.89,10.89,0.01,+0.09%,0
"2023-12-07 12:43",10.89,10.91,10.89,10.91,0.02,+0.18%,0
"2023-12-07 12:44",10.9,10.94,10.9,10.94,0.03,+0.27%,0
"2023-12-07 12:45",10.93,10.97,10.93,10.97,0.03,+0.27%,0
"2023-12-07 12:46",10.97,10.98,10.97,10.98,0.01,+0.09%,0
"2023-12-07 12:47",10.97,11,10.97,10.99,0.01,+0.09%,0
"2023-12-07 12:48",10.99,11.02,10.99,11.02,0.03,+0.27%,0
"2023-12-07 12:49",11,11.04,11,11.03,0.01,+0.09%,0
"2023-12-07 12:50",11.03,11.06,11.03,11.06,0.03,+0.27%,0
"2023-12-07 12:51",11.06,11.1,11.06,11.1,0.04,+0.36%,0
"2023-12-07 12:52",11.08,11.1,11.07,11.07,-0.03,-0.27%,0
"2023-12-07 12:53",11.07,11.1,11.07,11.1,0.03,+0.27%,0
"2023-12-07 12:54",11.1,11.12,11.1,11.12,0.02,+0.18%,0
"2023-12-07 12:55",11.12,11.16,11.12,11.14,0.02,+0.18%,0
"2023-12-07 12:56",11.15,11.16,11.15,11.15,0.01,+0.09%,0
"2023-12-07 12:57",11.16,11.17,11.16,11.17,0.02,+0.18%,0
"2023-12-07 12:58",11.17,11.2,11.17,11.2,0.03,+0.27%,0
"2023-12-07 12:59",11.2,11.23,11.2,11.23,0.03,+0.27%,0
"2023-12-07 13:00",11.24,11.25,11.23,11.23,0,0.00%,0
"2023-12-07 13:01",11.23,11.26,11.23,11.25,0.02,+0.18%,0
"2023-12-07 13:02",11.26,11.29,11.26,11.29,0.04,+0.36%,0
"2023-12-07 13:03",11.29,11.32,11.29,11.32,0.03,+0.27%,0
"2023-12-07 13:04",11.32,11.35,11.32,11.34,0.02,+0.18%,0
"2023-12-07 13:05",11.34,11.36,11.34,11.36,0.02,+0.18%,0
"2023-12-07 13:06",11.35,11.38,11.35,11.38,0.02,+0.18%,0
"2023-12-07 13:07",11.37,11.42,11.37,11.42,0.04,+0.35%,0
"2023-12-07 13:08",11.41,11.44,11.41,11.44,0.02,+0.18%,0
"2023-12-07 13:09",11.44,11.48,11.44,11.47,0.03,+0.26%,0
"2023-12-07 13:10",11.48,11.49,11.48,11.49,0.02,+0.17%,0
"2023-12-07 13:11",11.49,11.52,11.49,11.52,0.03,+0.26%,0
"2023-12-07 13:12",11.52,11.54,11.52,11.53,0.01,+0.09%,0
"2023-12-07 13:13",11.54,11.56,11.54,11.56,0.03,+0.26%,0
"2023-12-07 13:14",11.56,11.59,11.56,11.58,0.02,+0.17%,0
"2023-12-07 13:15",11.58,11.6,11.58,11.6,0.02,+0.17%,0
"2023-12-07 13:16",11.59,11.62,11.59,11.62,0.02,+0.17%,0
"2023-12-07 13:17",11.61,11.63,11.61,11.61,-0.01,-0.09%,0
"2023-12-07 13:18",11.62,11.64,11.62,11.64,0.03,+0.26%,0
"2023-12-07 13:19",11.62,11.66,11.62,11.66,0.02,+0.17%,0
"2023-12-07 13:20",11.65,11.68,11.65,11.67,0.01,+0.09%,0
"2023-12-07 13:21",11.67,11.69,11.67,11.68,0.01,+0.09%,0
"2023-12-07 13:22",11.69,11.7,11.67,11.67,-0.01,-0.09%,0
"2023-12-07 13:23",11.65,11.67,11.65,11.67,0,0.00%,0
"2023-12-07 13:24",11.67,11.69,11.67,11.69,0.02,+0.17%,0
"2023-12-07 13:25",11.68,11.71,11.68,11.71,0.02,+0.17%,0
"2023-12-07 13:26",11.72,11.73,11.72,11.73,0.02,+0.17%,0
"2023-12-07 13:27",11.74,11.76,11.74,11.75,0.02,+0.17%,0
"2023-12-07 13:28",11.75,11.78,11.75,11.78,0.03,+0.26%,0
"2023-12-07 13:29",11.76,11.79,11.76,11.78,0,0.00%,0
"2023-12-07 13:30",11.8,11.8,11.78,11.78,0,0.00%,0
"2023-12-07 13:31",11.78,11.8,11.78,11.79,0.01,+0.08%,0
"2023-12-07 13:32",11.79,11.81,11.79,11.79,0,0.00%,0
"2023-12-07 13:33",11.8,11.83,11.8,11.83,0.04,+0.34%,0
"2023-12-07 13:34",11.83,11.86,11.83,11.86,0.03,+0.25%,0
"2023-12-07 13:35",11.86,11.89,11.86,11.89,0.03,+0.25%,0
"2023-12-07 13:36",11.9,11.92,11.9,11.9,0.01,+0.08%,0
"2023-12-07 13:37",11.9,11.92,11.9,11.91,0.01,+0.08%,0
"2023-12-07 13:38",11.9,11.92,11.9,11.91,0,0.00%,0
"2023-12-07 13:39",11.91,11.93,11.91,11.93,0.02,+0.17%,0
"2023-12-07 13:40",11.92,11.94,11.92,11.94,0.01,+0.08%,0
"2023-12-07 13:41",11.94,11.96,11.93,11.93,-0.01,-0.08%,0
"2023-12-07 13:42",11.93,11.95,11.93,11.94,0.01,+0.08%,0
"2023-12-07 13:43",11.94,11.97,11.94,11.97,0.03,+0.25%,0
"2023-12-07 13:44",11.96,12,11.96,12,0.03,+0.25%,0
"2023-12-07 13:45",11.99,12.01,11.99,12.01,0.01,+0.08%,0
"2023-12-07 13:46",12,12.04,12,12.04,0.03,+0.25%,0
"2023-12-07 13:47",12.04,12.06,12.04,12.05,0.01,+0.08%,0
"2023-12-07 13:48",12.05,12.08,12.05,12.07,0.02,+0.17%,0
"2023-12-07 13:49",12.08,12.1,12.08,12.1,0.03,+0.25%,0
"2023-12-07 13:50",12.09,12.11,12.09,12.11,0.01,+0.08%,0
"2023-12-07 13:51",12.11,12.12,12.11,12.11,0,0.00%,0
"2023-12-07 13:52",12.12,12.16,12.12,12.16,0.05,+0.41%,0
"2023-12-07 13:53",12.14,12.18,12.14,12.17,0.01,+0.08%,0
"2023-12-07 13:54",12.17,12.19,12.17,12.19,0.02,+0.16%,0
"2023-12-07 13:55",12.19,12.2,12.19,12.2,0.01,+0.08%,0
"2023-12-07 13:56",12.19,12.21,12.19,12.21,0.01,+0.08%,0
"2023-12-07 13:57",12.23,12.26,12.23,12.25,0.04,+0.33%,0
"2023-12-07 13:58",12.25,12.27,12.25,12.27,0.02,+0.16%,0
"2023-12-07 13:59",12.27,12.29,12.27,12.29,0.02,+0.16%,0
"2023-12-07 14:00",12.3,12.31,12.3,12.31,0.02,+0.16%,0
"2023-12-07 14:01",12.31,12.33,12.31,12.33,0.02,+0.16%,0
"2023-12-07 14:02",12.33,12.35,12.33,12.34,0.01,+0.08%,0
"2023-12-07 14:03",12.35,12.36,12.35,12.35,0.01,+0.08%,0
"2023-12-07 14:04",12.35,12.37,12.35,12.37,0.02,+0.16%,0
"2023-12-07 14:05",12.36,12.39,12.36,12.37,0,0.00%,0
"2023-12-07 14:06",12.38,12.4,12.37,12.37,0,0.00%,0
"2023-12-07 14:07",12.37,12.39,12.37,12.39,0.02,+0.16%,0
"2023-12-07 14:08",12.4,12.41,12.39,12.39,0,0.00%,0
"2023-12-07 14:09",12.38,12.42,12.38,12.42,0.03,+0.24%,0
"2023-12-07 14:10",12.4,12.43,12.4,12.43,0.01,+0.08%,0
"2023-12-07 14:11",12.45,12.48,12.45,12.48,0.05,+0.40%,0
"2023-12-07 14:12",12.48,12.5,12.48,12.5,0.02,+0.16%,0
"2023-12-07 14:13",12.5,12.52,12.5,12.52,0.02,+0.16%,0
"2023-12-07 14:14",12.52,12.54,12.52,12.52,0,0.00%,0
"2023-12-07 14:15",12.53,12.53,12.52,12.52,0,0.00%,0
"2023-12-07 14:16",12.51,12.52,12.51,12.51,-0.01,-0.08%,0
"2023-12-07 14:17",12.51,12.53,12.51,12.53,0.02,+0.16%,0
"2023-12-07 14:18",12.52,12.55,12.52,12.55,0.02,+0.16%,0
"2023-12-07 14:19",12.54,12.54,12.51,12.52,-0.03,-0.24%,0
"2023-12-07 14:20",12.52,12.54,12.52,12.54,0.02,+0.16%,0
"2023-12-07 14:21",12.55,12.57,12.55,12.57,0.03,+0.24%,0
"2023-12-07 14:22",12.58,12.7,12.58,12.7,0.13,+1.03%,0
"2023-12-07 14:23",12.69,12.72,12.69,12.71,0.01,+0.08%,0
"2023-12-07 14:24",12.72,12.74,12.72,12.73,0.02,+0.16%,0
"2023-12-07 14:25",12.73,12.73,12.73,12.73,0,0.00%,0
"2023-12-07 14:26",12.74,12.74,12.72,12.72,-0.01,-0.08%,0
"2023-12-07 14:27",12.72,12.75,12.72,12.75,0.03,+0.24%,0
"2023-12-07 14:28",12.75,12.77,12.75,12.75,0,0.00%,0
"2023-12-07 14:29",12.75,12.77,12.75,12.77,0.02,+0.16%,0
"2023-12-07 14:30",12.76,12.79,12.76,12.77,0,0.00%,0
"2023-12-07 14:31",12.78,12.8,12.78,12.79,0.02,+0.16%,0
"2023-12-07 14:32",12.8,12.84,12.8,12.84,0.05,+0.39%,0
"2023-12-07 14:33",12.84,12.86,12.84,12.85,0.01,+0.08%,0
"2023-12-07 14:34",12.85,12.87,12.85,12.85,0,0.00%,0
"2023-12-07 14:35",12.87,12.88,12.87,12.88,0.03,+0.23%,0
"2023-12-07 14:36",12.87,12.87,12.86,12.86,-0.02,-0.16%,0
"2023-12-07 14:37",12.86,12.89,12.86,12.87,0.01,+0.08%,0
"2023-12-07 14:38",12.87,12.89,12.87,12.89,0.02,+0.16%,0
"2023-12-07 14:39",12.9,12.93,12.9,12.93,0.04,+0.31%,0
"2023-12-07 14:40",12.93,12.95,12.91,12.91,-0.02,-0.15%,0
"2023-12-07 14:41",12.9,12.94,12.9,12.94,0.03,+0.23%,0
"2023-12-07 14:42",12.94,12.95,12.94,12.94,0,0.00%,0
"2023-12-07 14:43",12.94,12.97,12.94,12.96,0.02,+0.15%,0
"2023-12-07 14:44",12.98,13.01,12.97,12.97,0.01,+0.08%,0
"2023-12-07 14:45",12.98,13,12.98,12.99,0.02,+0.15%,0
"2023-12-07 14:46",12.99,13,12.99,12.99,0,0.00%,0
"2023-12-07 14:47",13,13.01,13,13.01,0.02,+0.15%,0
"2023-12-07 14:48",13,13.02,13,13.01,0,0.00%,0
"2023-12-07 14:49",13.01,13.02,13.01,13.02,0.01,+0.08%,0
"2023-12-07 14:50",13,13.02,13,13.02,0,0.00%,0
"2023-12-07 14:51",13.03,13.05,13.03,13.05,0.03,+0.23%,0
"2023-12-07 14:52",13.04,13.06,13.04,13.05,0,0.00%,0
"2023-12-07 14:53",13.05,13.1,13.05,13.09,0.04,+0.31%,0
"2023-12-07 14:54",13.07,13.08,13.07,13.08,-0.01,-0.08%,0
"2023-12-07 14:55",13.08,13.09,13.07,13.07,-0.01,-0.08%,0
"2023-12-07 14:56",13.08,13.09,13.08,13.08,0.01,+0.08%,0
"2023-12-07 14:57",13.09,13.1,13.05,13.05,-0.03,-0.23%,0
"2023-12-07 14:58",13.03,13.04,13.03,13.04,-0.01,-0.08%,0
"2023-12-07 14:59",13.03,13.12,13.03,13.11,0.07,+0.54%,0
"2023-12-07 15:00",13.1,13.11,13.1,13.1,-0.01,-0.08%,0
"2023-12-07 15:01",13.12,13.14,13.09,13.09,-0.01,-0.08%,0
"2023-12-07 15:02",13.08,13.09,13.08,13.09,0,0.00%,0
"2023-12-07 15:03",13.09,13.1,13.09,13.1,0.01,+0.08%,0
"2023-12-07 15:04",13.11,13.14,13.11,13.13,0.03,+0.23%,0
"2023-12-07 15:05",13.14,13.14,13.13,13.13,0,0.00%,0
"2023-12-07 15:06",13.13,13.18,13.13,13.16,0.03,+0.23%,0
"2023-12-07 15:07",13.17,13.19,13.17,13.19,0.03,+0.23%,0
"2023-12-07 15:08",13.19,13.24,13.19,13.24,0.05,+0.38%,0
"2023-12-07 15:09",13.23,13.24,13.23,13.24,0,0.00%,0
"2023-12-07 15:10",13.29,13.31,13.29,13.31,0.07,+0.53%,0
"2023-12-07 15:11",13.3,13.33,13.3,13.33,0.02,+0.15%,0
"2023-12-07 15:12",13.32,13.36,13.32,13.35,0.02,+0.15%,0
"2023-12-07 15:13",13.36,13.38,13.36,13.38,0.03,+0.22%,0
"2023-12-07 15:14",13.38,13.4,13.38,13.4,0.02,+0.15%,0
"2023-12-07 15:15",13.39,13.45,13.39,13.45,0.05,+0.37%,0
"2023-12-07 15:16",13.46,13.47,13.46,13.46,0.01,+0.07%,0
"2023-12-07 15:17",13.45,13.47,13.45,13.45,-0.01,-0.07%,0
"2023-12-07 15:18",13.45,13.46,13.45,13.46,0.01,+0.07%,0
"2023-12-07 15:19",13.47,13.53,13.47,13.53,0.07,+0.52%,0
"2023-12-07 15:20",13.53,13.54,13.47,13.47,-0.06,-0.44%,0
"2023-12-07 15:21",13.49,13.52,13.49,13.51,0.04,+0.30%,0
"2023-12-07 15:22",13.51,13.54,13.51,13.54,0.03,+0.22%,0
"2023-12-07 15:23",13.54,13.57,13.54,13.57,0.03,+0.22%,0
"2023-12-07 15:24",13.57,13.58,13.57,13.57,0,0.00%,0
"2023-12-07 15:25",13.59,13.6,13.59,13.6,0.03,+0.22%,0
"2023-12-07 15:26",13.61,13.62,13.61,13.61,0.01,+0.07%,0
"2023-12-07 15:27",13.63,13.66,13.63,13.64,0.03,+0.22%,0
"2023-12-07 15:28",13.62,13.67,13.62,13.67,0.03,+0.22%,0
"2023-12-07 15:29",13.68,13.7,13.68,13.7,0.03,+0.22%,0
"2023-12-07 15:30",13.7,13.72,13.7,13.71,0.01,+0.07%,0
"2023-12-07 15:31",13.69,13.72,13.69,13.72,0.01,+0.07%,0
"2023-12-07 15:32",13.71,13.75,13.71,13.74,0.02,+0.15%,0
"2023-12-07 15:33",13.73,13.81,13.73,13.81,0.07,+0.51%,0
"2023-12-07 15:34",13.84,13.84,13.8,13.81,0,0.00%,0
"2023-12-07 15:35",13.79,13.8,13.78,13.78,-0.03,-0.22%,0
"2023-12-07 15:36",13.77,13.79,13.77,13.79,0.01,+0.07%,0
"2023-12-07 15:37",13.77,13.81,13.77,13.81,0.02,+0.15%,0
"2023-12-07 15:38",13.79,13.83,13.79,13.83,0.02,+0.14%,0
"2023-12-07 15:39",13.83,13.85,13.83,13.84,0.01,+0.07%,0
"2023-12-07 15:40",13.83,13.91,13.83,13.9,0.06,+0.43%,0
"2023-12-07 15:41",13.9,13.92,13.84,13.92,0.02,+0.14%,0
"2023-12-07 15:42",13.93,13.95,13.93,13.95,0.03,+0.22%,0
"2023-12-07 15:43",13.94,13.95,13.94,13.95,0,0.00%,0
"2023-12-07 15:44",13.95,13.97,13.95,13.97,0.02,+0.14%,0
"2023-12-07 15:45",13.91,13.92,13.91,13.91,-0.06,-0.43%,0
"2023-12-07 15:46",13.9,13.94,13.9,13.94,0.03,+0.22%,0
"2023-12-07 15:47",13.95,13.99,13.95,13.98,0.04,+0.29%,0
"2023-12-07 15:48",13.97,14.01,13.97,14.01,0.03,+0.21%,0
"2023-12-07 15:49",14.01,14.09,14.01,14.09,0.08,+0.57%,0
"2023-12-07 15:50",14.07,14.12,14.07,14.12,0.03,+0.21%,0
"2023-12-07 15:51",14.14,14.18,14.14,14.18,0.06,+0.42%,0
"2023-12-07 15:52",14.19,14.3,14.19,14.3,0.12,+0.85%,0
"2023-12-07 15:53",14.29,14.35,14.29,14.34,0.04,+0.28%,0
"2023-12-07 15:54",14.37,14.41,14.37,14.41,0.07,+0.49%,0
"2023-12-07 15:55",14.4,14.44,14.35,14.35,-0.06,-0.42%,0
"2023-12-07 15:56",14.43,14.44,14.36,14.42,0.07,+0.49%,0
"2023-12-07 15:57",14.43,14.43,14.37,14.37,-0.05,-0.35%,0
"2023-12-07 15:58",14.38,14.41,14.38,14.41,0.04,+0.28%,0
"2023-12-07 15:59",14.39,14.39,14.34,14.34,-0.07,-0.49%,0
"2023-12-07 16:00",14.29,14.29,14.17,14.17,-0.17,-1.19%,0
"2023-12-07 16:01",14.15,14.15,14.12,14.12,-0.05,-0.35%,0
"2023-12-07 16:02",14.09,14.09,14.05,14.05,-0.07,-0.50%,0
"2023-12-07 16:03",14.03,14.03,14.02,14.03,-0.02,-0.14%,0
"2023-12-07 16:04",14.05,14.09,14.05,14.08,0.05,+0.36%,0
"2023-12-07 16:05",14.04,14.05,14.02,14.02,-0.06,-0.43%,0
"2023-12-07 16:06",14.02,14.03,14.01,14.01,-0.01,-0.07%,0
"2023-12-07 16:07",14.02,14.03,14,14.02,0.01,+0.07%,0
"2023-12-07 16:08",14.07,14.11,14.06,14.06,0.04,+0.29%,0
"2023-12-07 16:09",14.07,14.15,14.07,14.15,0.09,+0.64%,0
"2023-12-07 16:10",14.13,14.16,14.13,14.13,-0.02,-0.14%,0
"2023-12-07 16:11",14.13,14.17,14.13,14.16,0.03,+0.21%,0
"2023-12-07 16:12",14.15,14.2,14.15,14.2,0.04,+0.28%,0
"2023-12-07 16:13",14.2,14.23,14.2,14.23,0.03,+0.21%,0
"2023-12-07 16:14",14.23,14.23,14.21,14.21,-0.02,-0.14%,0
"2023-12-07 16:15",14.19,14.19,14.19,14.19,-0.02,-0.14%,0
"2023-12-08 09:31",9.59,9.59,9.49,9.49,-4.7,-33.12%,0
"2023-12-08 09:32",9.49,9.49,9.44,9.44,-0.05,-0.53%,0
"2023-12-08 09:33",9.44,9.44,9.36,9.36,-0.08,-0.85%,0
"2023-12-08 09:34",9.36,9.36,9.29,9.29,-0.07,-0.75%,0
"2023-12-08 09:35",9.3,9.3,9.22,9.22,-0.07,-0.75%,0
"2023-12-08 09:36",9.22,9.22,9.18,9.18,-0.04,-0.43%,0
"2023-12-08 09:37",9.17,9.17,9.03,9.03,-0.15,-1.63%,0
"2023-12-08 09:38",9.03,9.03,8.87,8.87,-0.16,-1.77%,0
"2023-12-08 09:39",8.88,8.91,8.88,8.89,0.02,+0.23%,0
"2023-12-08 09:40",8.88,8.88,8.82,8.82,-0.07,-0.79%,0
"2023-12-08 09:41",8.77,8.77,8.68,8.68,-0.14,-1.59%,0
"2023-12-08 09:42",8.67,8.68,8.61,8.61,-0.07,-0.81%,0
"2023-12-08 09:43",8.6,8.62,8.59,8.59,-0.02,-0.23%,0
"2023-12-08 09:44",8.55,8.56,8.55,8.56,-0.03,-0.35%,0
"2023-12-08 09:45",8.58,8.66,8.58,8.66,0.1,+1.17%,0
"2023-12-08 09:46",8.7,8.7,8.64,8.67,0.01,+0.12%,0
"2023-12-08 09:47",8.68,8.76,8.68,8.76,0.09,+1.04%,0
"2023-12-08 09:48",8.78,8.79,8.76,8.76,0,0.00%,0
"2023-12-08 09:49",8.76,8.76,8.67,8.67,-0.09,-1.03%,0
"2023-12-08 09:50",8.64,8.64,8.62,8.63,-0.04,-0.46%,0
"2023-12-08 09:51",8.63,8.67,8.62,8.67,0.04,+0.46%,0
"2023-12-08 09:52",8.65,8.68,8.65,8.66,-0.01,-0.12%,0
"2023-12-08 09:53",8.67,8.74,8.66,8.66,0,0.00%,0
"2023-12-08 09:54",8.63,8.64,8.59,8.59,-0.07,-0.81%,0
"2023-12-08 09:55",8.6,8.6,8.56,8.56,-0.03,-0.35%,0
"2023-12-08 09:56",8.57,8.65,8.57,8.6,0.04,+0.47%,0
"2023-12-08 09:57",8.6,8.6,8.56,8.57,-0.03,-0.35%,0
"2023-12-08 09:58",8.54,8.58,8.54,8.57,0,0.00%,0
"2023-12-08 09:59",8.58,8.58,8.54,8.55,-0.02,-0.23%,0
"2023-12-08 10:00",8.56,8.56,8.17,8.2,-0.35,-4.09%,0
"2023-12-08 10:01",8.29,8.32,8.29,8.31,0.11,+1.34%,0
"2023-12-08 10:02",8.29,8.33,8.29,8.32,0.01,+0.12%,0
"2023-12-08 10:03",8.34,8.36,8.31,8.31,-0.01,-0.12%,0
"2023-12-08 10:04",8.34,8.35,8.33,8.33,0.02,+0.24%,0
"2023-12-08 10:05",8.34,8.35,8.34,8.34,0.01,+0.12%,0
"2023-12-08 10:06",8.36,8.4,8.36,8.39,0.05,+0.60%,0
"2023-12-08 10:07",8.38,8.45,8.38,8.45,0.06,+0.72%,0
"2023-12-08 10:08",8.44,8.45,8.42,8.45,0,0.00%,0
"2023-12-08 10:09",8.41,8.41,8.34,8.34,-0.11,-1.30%,0
"2023-12-08 10:10",8.34,8.38,8.34,8.38,0.04,+0.48%,0
"2023-12-08 10:11",8.4,8.41,8.37,8.37,-0.01,-0.12%,0
"2023-12-08 10:12",8.41,8.42,8.41,8.42,0.05,+0.60%,0
"2023-12-08 10:13",8.41,8.41,8.37,8.37,-0.05,-0.59%,0
"2023-12-08 10:14",8.37,8.45,8.37,8.45,0.08,+0.96%,0
"2023-12-08 10:15",8.48,8.51,8.48,8.51,0.06,+0.71%,0
"2023-12-08 10:16",8.52,8.62,8.51,8.62,0.11,+1.29%,0
"2023-12-08 10:17",8.66,8.8,8.66,8.76,0.14,+1.62%,0
"2023-12-08 10:18",8.79,8.8,8.76,8.76,0,0.00%,0
"2023-12-08 10:19",8.61,8.65,8.61,8.63,-0.13,-1.48%,0
"2023-12-08 10:20",8.62,8.66,8.62,8.62,-0.01,-0.12%,0
"2023-12-08 10:21",8.63,8.73,8.63,8.73,0.11,+1.28%,0
"2023-12-08 10:22",8.75,8.76,8.72,8.72,-0.01,-0.11%,0
"2023-12-08 10:23",8.73,8.75,8.72,8.72,0,0.00%,0
"2023-12-08 10:24",8.76,8.78,8.75,8.75,0.03,+0.34%,0
"2023-12-08 10:25",8.77,8.8,8.76,8.76,0.01,+0.11%,0
"2023-12-08 10:26",8.77,8.77,8.75,8.75,-0.01,-0.11%,0
"2023-12-08 10:27",8.7,8.75,8.7,8.74,-0.01,-0.11%,0
"2023-12-08 10:28",8.74,8.77,8.74,8.76,0.02,+0.23%,0
"2023-12-08 10:29",8.77,8.81,8.77,8.81,0.05,+0.57%,0
"2023-12-08 10:30",8.81,8.86,8.81,8.86,0.05,+0.57%,0
"2023-12-08 10:31",8.85,8.85,8.82,8.82,-0.04,-0.45%,0
"2023-12-08 10:32",8.79,8.87,8.79,8.83,0.01,+0.11%,0
"2023-12-08 10:33",8.82,8.82,8.74,8.74,-0.09,-1.02%,0
"2023-12-08 10:34",8.68,8.69,8.65,8.66,-0.08,-0.92%,0
"2023-12-08 10:35",8.66,8.71,8.66,8.71,0.05,+0.58%,0
"2023-12-08 10:36",8.78,8.97,8.78,8.88,0.17,+1.95%,0
"2023-12-08 10:37",8.86,8.91,8.86,8.87,-0.01,-0.11%,0
"2023-12-08 10:38",8.85,8.85,8.84,8.84,-0.03,-0.34%,0
"2023-12-08 10:39",8.87,8.89,8.87,8.88,0.04,+0.45%,0
"2023-12-08 10:40",8.84,8.88,8.81,8.81,-0.07,-0.79%,0
"2023-12-08 10:41",8.78,8.8,8.78,8.78,-0.03,-0.34%,0
"2023-12-08 10:42",8.79,8.85,8.79,8.85,0.07,+0.80%,0
"2023-12-08 10:43",8.83,8.86,8.83,8.86,0.01,+0.11%,0
"2023-12-08 10:44",8.86,8.88,8.84,8.84,-0.02,-0.23%,0
"2023-12-08 10:45",8.84,8.84,8.81,8.82,-0.02,-0.23%,0
"2023-12-08 10:46",8.83,8.84,8.82,8.82,0,0.00%,0
"2023-12-08 10:47",8.8,8.81,8.8,8.81,-0.01,-0.11%,0
"2023-12-08 10:48",8.75,8.77,8.74,8.74,-0.07,-0.79%,0
"2023-12-08 10:49",8.72,8.78,8.72,8.78,0.04,+0.46%,0
"2023-12-08 10:50",8.75,8.76,8.75,8.75,-0.03,-0.34%,0
"2023-12-08 10:51",8.74,8.74,8.6,8.6,-0.15,-1.71%,0
"2023-12-08 10:52",8.57,8.59,8.53,8.53,-0.07,-0.81%,0
"2023-12-08 10:53",8.52,8.52,8.47,8.47,-0.06,-0.70%,0
"2023-12-08 10:54",8.54,8.56,8.54,8.55,0.08,+0.94%,0
"2023-12-08 10:55",8.54,8.56,8.53,8.53,-0.02,-0.23%,0
"2023-12-08 10:56",8.54,8.56,8.5,8.5,-0.03,-0.35%,0
"2023-12-08 10:57",8.5,8.51,8.49,8.5,0,0.00%,0
"2023-12-08 10:58",8.52,8.53,8.52,8.52,0.02,+0.24%,0
"2023-12-08 10:59",8.49,8.53,8.49,8.52,0,0.00%,0
"2023-12-08 11:00",8.52,8.52,8.48,8.48,-0.04,-0.47%,0
"2023-12-08 11:01",8.48,8.48,8.45,8.45,-0.03,-0.35%,0
"2023-12-08 11:02",8.45,8.47,8.45,8.47,0.02,+0.24%,0
"2023-12-08 11:03",8.48,8.5,8.45,8.45,-0.02,-0.24%,0
"2023-12-08 11:04",8.42,8.47,8.42,8.47,0.02,+0.24%,0
"2023-12-08 11:05",8.47,8.56,8.47,8.56,0.09,+1.06%,0
"2023-12-08 11:06",8.56,8.59,8.54,8.54,-0.02,-0.23%,0
"2023-12-08 11:07",8.53,8.53,8.51,8.52,-0.02,-0.23%,0
"2023-12-08 11:08",8.54,8.57,8.54,8.57,0.05,+0.59%,0
"2023-12-08 11:09",8.56,8.56,8.55,8.56,-0.01,-0.12%,0
"2023-12-08 11:10",8.55,8.55,8.54,8.54,-0.02,-0.23%,0
"2023-12-08 11:11",8.54,8.54,8.52,8.52,-0.02,-0.23%,0
"2023-12-08 11:12",8.49,8.52,8.49,8.52,0,0.00%,0
"2023-12-08 11:13",8.52,8.61,8.52,8.61,0.09,+1.06%,0
"2023-12-08 11:14",8.6,8.62,8.56,8.56,-0.05,-0.58%,0
"2023-12-08 11:15",8.57,8.61,8.57,8.61,0.05,+0.58%,0
"2023-12-08 11:16",8.63,8.66,8.63,8.66,0.05,+0.58%,0
"2023-12-08 11:17",8.73,8.84,8.73,8.83,0.17,+1.96%,0
"2023-12-08 11:18",8.82,8.83,8.75,8.75,-0.08,-0.91%,0
"2023-12-08 11:19",8.78,8.84,8.78,8.82,0.07,+0.80%,0
"2023-12-08 11:20",8.82,8.87,8.82,8.86,0.04,+0.45%,0
"2023-12-08 11:21",8.84,8.87,8.84,8.87,0.01,+0.11%,0
"2023-12-08 11:22",8.88,8.92,8.88,8.91,0.04,+0.45%,0
"2023-12-08 11:23",8.91,8.96,8.91,8.96,0.05,+0.56%,0
"2023-12-08 11:24",8.94,8.96,8.91,8.91,-0.05,-0.56%,0
"2023-12-08 11:25",8.88,8.91,8.88,8.91,0,0.00%,0
"2023-12-08 11:26",8.9,8.93,8.84,8.84,-0.07,-0.79%,0
"2023-12-08 11:27",8.78,8.85,8.78,8.85,0.01,+0.11%,0
"2023-12-08 11:28",8.86,8.88,8.85,8.85,0,0.00%,0
"2023-12-08 11:29",8.87,8.95,8.87,8.9,0.05,+0.56%,0
"2023-12-08 11:30",8.89,8.89,8.83,8.83,-0.07,-0.79%,0
"2023-12-08 11:31",8.83,8.87,8.83,8.86,0.03,+0.34%,0
"2023-12-08 11:32",8.84,8.86,8.84,8.86,0,0.00%,0
"2023-12-08 11:33",8.84,8.86,8.84,8.85,-0.01,-0.11%,0
"2023-12-08 11:34",8.82,8.84,8.82,8.84,-0.01,-0.11%,0
"2023-12-08 11:35",8.82,8.83,8.82,8.83,-0.01,-0.11%,0
"2023-12-08 11:36",8.82,8.82,8.81,8.81,-0.02,-0.23%,0
"2023-12-08 11:37",8.81,8.81,8.79,8.79,-0.02,-0.23%,0
"2023-12-08 11:38",8.79,8.89,8.79,8.89,0.1,+1.14%,0
"2023-12-08 11:39",8.98,8.98,8.84,8.84,-0.05,-0.56%,0
"2023-12-08 11:40",8.81,8.89,8.81,8.89,0.05,+0.57%,0
"2023-12-08 11:41",8.89,8.89,8.81,8.81,-0.08,-0.90%,0
"2023-12-08 11:42",8.81,8.93,8.81,8.93,0.12,+1.36%,0
"2023-12-08 11:43",8.94,8.95,8.92,8.95,0.02,+0.22%,0
"2023-12-08 11:44",8.97,8.97,8.92,8.92,-0.03,-0.34%,0
"2023-12-08 11:45",8.89,8.9,8.89,8.9,-0.02,-0.22%,0
"2023-12-08 11:46",8.91,8.92,8.91,8.92,0.02,+0.22%,0
"2023-12-08 11:47",8.92,8.95,8.92,8.93,0.01,+0.11%,0
"2023-12-08 11:48",8.93,8.93,8.92,8.93,0,0.00%,0
"2023-12-08 11:49",8.93,8.94,8.92,8.92,-0.01,-0.11%,0
"2023-12-08 11:50",8.92,8.93,8.91,8.92,0,0.00%,0
"2023-12-08 11:51",8.92,8.94,8.92,8.93,0.01,+0.11%,0
"2023-12-08 11:52",8.93,8.95,8.93,8.94,0.01,+0.11%,0
"2023-12-08 11:53",8.93,8.94,8.92,8.94,0,0.00%,0
"2023-12-08 11:54",8.92,8.93,8.91,8.91,-0.03,-0.34%,0
"2023-12-08 11:55",8.89,8.89,8.85,8.85,-0.06,-0.67%,0
"2023-12-08 11:56",8.82,8.82,8.77,8.77,-0.08,-0.90%,0
"2023-12-08 11:57",8.76,8.79,8.76,8.78,0.01,+0.11%,0
"2023-12-08 11:58",8.78,8.81,8.78,8.8,0.02,+0.23%,0
"2023-12-08 11:59",8.79,8.8,8.79,8.8,0,0.00%,0
"2023-12-08 12:00",8.79,8.81,8.79,8.8,0,0.00%,0
"2023-12-08 12:01",8.8,8.81,8.8,8.8,0,0.00%,0
"2023-12-08 12:02",8.8,8.83,8.8,8.81,0.01,+0.11%,0
"2023-12-08 12:03",8.82,8.83,8.78,8.78,-0.03,-0.34%,0
"2023-12-08 12:04",8.77,8.79,8.77,8.79,0.01,+0.11%,0
"2023-12-08 12:05",8.78,8.81,8.78,8.8,0.01,+0.11%,0
"2023-12-08 12:06",8.79,8.79,8.77,8.77,-0.03,-0.34%,0
"2023-12-08 12:07",8.77,8.78,8.76,8.77,0,0.00%,0
"2023-12-08 12:08",8.77,8.79,8.77,8.77,0,0.00%,0
"2023-12-08 12:09",8.75,8.76,8.75,8.76,-0.01,-0.11%,0
"2023-12-08 12:10",8.78,8.79,8.78,8.78,0.02,+0.23%,0
"2023-12-08 12:11",8.78,8.79,8.78,8.78,0,0.00%,0
"2023-12-08 12:12",8.78,8.79,8.76,8.76,-0.02,-0.23%,0
"2023-12-08 12:13",8.75,8.78,8.75,8.76,0,0.00%,0
"2023-12-08 12:14",8.76,8.78,8.76,8.76,0,0.00%,0
"2023-12-08 12:15",8.78,8.82,8.78,8.82,0.06,+0.68%,0
"2023-12-08 12:16",8.84,8.88,8.84,8.88,0.06,+0.68%,0
"2023-12-08 12:17",8.84,8.84,8.83,8.83,-0.05,-0.56%,0
"2023-12-08 12:18",8.82,8.85,8.82,8.85,0.02,+0.23%,0
"2023-12-08 12:19",8.86,8.86,8.84,8.84,-0.01,-0.11%,0
"2023-12-08 12:20",8.83,8.84,8.83,8.83,-0.01,-0.11%,0
"2023-12-08 12:21",8.84,8.85,8.84,8.85,0.02,+0.23%,0
"2023-12-08 12:22",8.84,8.84,8.79,8.79,-0.06,-0.68%,0
"2023-12-08 12:23",8.79,8.81,8.79,8.8,0.01,+0.11%,0
"2023-12-08 12:24",8.8,8.83,8.8,8.82,0.02,+0.23%,0
"2023-12-08 12:25",8.81,8.81,8.81,8.81,-0.01,-0.11%,0
"2023-12-08 12:26",8.8,8.81,8.8,8.81,0,0.00%,0
"2023-12-08 12:27",8.8,8.82,8.8,8.81,0,0.00%,0
"2023-12-08 12:28",8.8,8.82,8.76,8.76,-0.05,-0.57%,0
"2023-12-08 12:29",8.78,8.82,8.78,8.82,0.06,+0.68%,0
"2023-12-08 12:30",8.82,8.83,8.82,8.83,0.01,+0.11%,0
"2023-12-08 12:31",8.82,8.84,8.82,8.82,-0.01,-0.11%,0
"2023-12-08 12:32",8.82,8.83,8.82,8.82,0,0.00%,0
"2023-12-08 12:33",8.82,8.84,8.82,8.84,0.02,+0.23%,0
"2023-12-08 12:34",8.83,8.86,8.83,8.83,-0.01,-0.11%,0
"2023-12-08 12:35",8.84,8.86,8.84,8.85,0.02,+0.23%,0
"2023-12-08 12:36",8.85,8.87,8.85,8.86,0.01,+0.11%,0
"2023-12-08 12:37",8.86,8.87,8.86,8.87,0.01,+0.11%,0
"2023-12-08 12:38",8.87,8.88,8.87,8.88,0.01,+0.11%,0
"2023-12-08 12:39",8.9,8.92,8.9,8.92,0.04,+0.45%,0
"2023-12-08 12:40",8.91,8.93,8.91,8.93,0.01,+0.11%,0
"2023-12-08 12:41",8.92,8.93,8.92,8.92,-0.01,-0.11%,0
"2023-12-08 12:42",8.91,8.91,8.88,8.88,-0.04,-0.45%,0
"2023-12-08 12:43",8.87,8.88,8.87,8.87,-0.01,-0.11%,0
"2023-12-08 12:44",8.85,8.87,8.85,8.87,0,0.00%,0
"2023-12-08 12:45",8.88,8.89,8.88,8.88,0.01,+0.11%,0
"2023-12-08 12:46",8.87,8.9,8.87,8.9,0.02,+0.23%,0
"2023-12-08 12:47",8.9,8.91,8.9,8.9,0,0.00%,0
"2023-12-08 12:48",8.89,8.93,8.89,8.93,0.03,+0.34%,0
"2023-12-08 12:49",8.93,8.93,8.91,8.92,-0.01,-0.11%,0
"2023-12-08 12:50",8.93,8.94,8.93,8.94,0.02,+0.22%,0
"2023-12-08 12:51",8.95,8.97,8.95,8.97,0.03,+0.34%,0
"2023-12-08 12:52",8.97,8.97,8.96,8.96,-0.01,-0.11%,0
"2023-12-08 12:53",8.96,8.96,8.96,8.96,0,0.00%,0
"2023-12-08 12:54",8.96,8.99,8.96,8.99,0.03,+0.33%,0
"2023-12-08 12:55",9,9.02,9,9.02,0.03,+0.33%,0
"2023-12-08 12:56",9.02,9.03,9.02,9.03,0.01,+0.11%,0
"2023-12-08 12:57",9.03,9.06,9.03,9.06,0.03,+0.33%,0
"2023-12-08 12:58",9.06,9.06,9.06,9.06,0,0.00%,0
"2023-12-08 12:59",9.05,9.07,9.05,9.07,0.01,+0.11%,0
"2023-12-08 13:00",9.07,9.08,9.07,9.08,0.01,+0.11%,0
"2023-12-08 13:01",9.08,9.08,9.06,9.06,-0.02,-0.22%,0
"2023-12-08 13:02",9.06,9.07,9.06,9.06,0,0.00%,0
"2023-12-08 13:03",9.06,9.09,9.06,9.09,0.03,+0.33%,0
"2023-12-08 13:04",9.09,9.09,9.08,9.08,-0.01,-0.11%,0
"2023-12-08 13:05",9.09,9.1,9.09,9.09,0.01,+0.11%,0
"2023-12-08 13:06",9.08,9.09,9.08,9.09,0,0.00%,0
"2023-12-08 13:07",9.11,9.14,9.11,9.14,0.05,+0.55%,0
"2023-12-08 13:08",9.15,9.15,9.14,9.14,0,0.00%,0
"2023-12-08 13:09",9.15,9.17,9.15,9.16,0.02,+0.22%,0
"2023-12-08 13:10",9.16,9.16,9.14,9.14,-0.02,-0.22%,0
"2023-12-08 13:11",9.15,9.17,9.15,9.17,0.03,+0.33%,0
"2023-12-08 13:12",9.18,9.19,9.15,9.15,-0.02,-0.22%,0
"2023-12-08 13:13",9.16,9.16,9.16,9.16,0.01,+0.11%,0
"2023-12-08 13:14",9.16,9.16,9.15,9.15,-0.01,-0.11%,0
"2023-12-08 13:15",9.16,9.17,9.15,9.17,0.02,+0.22%,0
"2023-12-08 13:16",9.17,9.19,9.16,9.16,-0.01,-0.11%,0
"2023-12-08 13:17",9.17,9.18,9.16,9.17,0.01,+0.11%,0
"2023-12-08 13:18",9.16,9.18,9.16,9.18,0.01,+0.11%,0
"2023-12-08 13:19",9.18,9.2,9.18,9.19,0.01,+0.11%,0
"2023-12-08 13:20",9.2,9.21,9.19,9.19,0,0.00%,0
"2023-12-08 13:21",9.2,9.21,9.2,9.2,0.01,+0.11%,0
"2023-12-08 13:22",9.21,9.21,9.21,9.21,0.01,+0.11%,0
"2023-12-08 13:23",9.2,9.22,9.2,9.22,0.01,+0.11%,0
"2023-12-08 13:24",9.21,9.23,9.21,9.22,0,0.00%,0
"2023-12-08 13:25",9.22,9.24,9.22,9.23,0.01,+0.11%,0
"2023-12-08 13:26",9.21,9.23,9.21,9.23,0,0.00%,0
"2023-12-08 13:27",9.21,9.22,9.21,9.21,-0.02,-0.22%,0
"2023-12-08 13:28",9.21,9.21,9.19,9.19,-0.02,-0.22%,0
"2023-12-08 13:29",9.19,9.2,9.19,9.19,0,0.00%,0
"2023-12-08 13:30",9.17,9.18,9.16,9.17,-0.02,-0.22%,0
"2023-12-08 13:31",9.18,9.21,9.18,9.21,0.04,+0.44%,0
"2023-12-08 13:32",9.19,9.2,9.18,9.18,-0.03,-0.33%,0
"2023-12-08 13:33",9.19,9.21,9.19,9.2,0.02,+0.22%,0
"2023-12-08 13:34",9.2,9.2,9.18,9.18,-0.02,-0.22%,0
"2023-12-08 13:35",9.17,9.2,9.17,9.19,0.01,+0.11%,0
"2023-12-08 13:36",9.2,9.21,9.19,9.19,0,0.00%,0
"2023-12-08 13:37",9.19,9.19,9.18,9.18,-0.01,-0.11%,0
"2023-12-08 13:38",9.18,9.21,9.18,9.2,0.02,+0.22%,0
"2023-12-08 13:39",9.19,9.22,9.19,9.22,0.02,+0.22%,0
"2023-12-08 13:40",9.22,9.25,9.22,9.24,0.02,+0.22%,0
"2023-12-08 13:41",9.24,9.25,9.24,9.24,0,0.00%,0
"2023-12-08 13:42",9.24,9.24,9.23,9.23,-0.01,-0.11%,0
"2023-12-08 13:43",9.24,9.24,9.21,9.21,-0.02,-0.22%,0
"2023-12-08 13:44",9.21,9.24,9.21,9.23,0.02,+0.22%,0
"2023-12-08 13:45",9.23,9.23,9.2,9.2,-0.03,-0.33%,0
"2023-12-08 13:46",9.15,9.15,9.14,9.14,-0.06,-0.65%,0
"2023-12-08 13:47",9.14,9.15,9.14,9.15,0.01,+0.11%,0
"2023-12-08 13:48",9.15,9.16,9.14,9.14,-0.01,-0.11%,0
"2023-12-08 13:49",9.17,9.17,9.15,9.15,0.01,+0.11%,0
"2023-12-08 13:50",9.15,9.16,9.15,9.15,0,0.00%,0
"2023-12-08 13:51",9.14,9.17,9.14,9.16,0.01,+0.11%,0
"2023-12-08 13:52",9.15,9.17,9.15,9.16,0,0.00%,0
"2023-12-08 13:53",9.15,9.18,9.15,9.18,0.02,+0.22%,0
"2023-12-08 13:54",9.17,9.18,9.17,9.17,-0.01,-0.11%,0
"2023-12-08 13:55",9.17,9.18,9.17,9.18,0.01,+0.11%,0
"2023-12-08 13:56",9.18,9.2,9.18,9.19,0.01,+0.11%,0
"2023-12-08 13:57",9.18,9.18,9.17,9.17,-0.02,-0.22%,0
"2023-12-08 13:58",9.17,9.18,9.16,9.16,-0.01,-0.11%,0
"2023-12-08 13:59",9.16,9.18,9.16,9.17,0.01,+0.11%,0
"2023-12-08 14:00",9.17,9.17,9.17,9.17,0,0.00%,0
"2023-12-08 14:01",9.16,9.18,9.16,9.18,0.01,+0.11%,0
"2023-12-08 14:02",9.17,9.18,9.17,9.18,0,0.00%,0
"2023-12-08 14:03",9.18,9.2,9.18,9.2,0.02,+0.22%,0
"2023-12-08 14:04",9.19,9.21,9.19,9.2,0,0.00%,0
"2023-12-08 14:05",9.18,9.2,9.18,9.19,-0.01,-0.11%,0
"2023-12-08 14:06",9.19,9.21,9.19,9.21,0.02,+0.22%,0
"2023-12-08 14:07",9.21,9.21,9.19,9.2,-0.01,-0.11%,0
"2023-12-08 14:08",9.2,9.2,9.19,9.19,-0.01,-0.11%,0
"2023-12-08 14:09",9.18,9.22,9.18,9.22,0.03,+0.33%,0
"2023-12-08 14:10",9.21,9.23,9.21,9.22,0,0.00%,0
"2023-12-08 14:11",9.23,9.24,9.19,9.19,-0.03,-0.33%,0
"2023-12-08 14:12",9.18,9.23,9.18,9.22,0.03,+0.33%,0
"2023-12-08 14:13",9.22,9.23,9.22,9.23,0.01,+0.11%,0
"2023-12-08 14:14",9.21,9.24,9.21,9.22,-0.01,-0.11%,0
"2023-12-08 14:15",9.22,9.23,9.22,9.23,0.01,+0.11%,0
"2023-12-08 14:16",9.23,9.24,9.21,9.21,-0.02,-0.22%,0
"2023-12-08 14:17",9.2,9.23,9.2,9.23,0.02,+0.22%,0
"2023-12-08 14:18",9.21,9.25,9.21,9.25,0.02,+0.22%,0
"2023-12-08 14:19",9.24,9.27,9.24,9.24,-0.01,-0.11%,0
"2023-12-08 14:20",9.24,9.25,9.24,9.25,0.01,+0.11%,0
"2023-12-08 14:21",9.26,9.29,9.26,9.29,0.04,+0.43%,0
"2023-12-08 14:22",9.29,9.3,9.29,9.29,0,0.00%,0
"2023-12-08 14:23",9.29,9.32,9.29,9.31,0.02,+0.22%,0
"2023-12-08 14:24",9.35,9.37,9.35,9.36,0.05,+0.54%,0
"2023-12-08 14:25",9.38,9.39,9.38,9.38,0.02,+0.21%,0
"2023-12-08 14:26",9.39,9.4,9.39,9.4,0.02,+0.21%,0
"2023-12-08 14:27",9.4,9.42,9.4,9.41,0.01,+0.11%,0
"2023-12-08 14:28",9.42,9.42,9.39,9.39,-0.02,-0.21%,0
"2023-12-08 14:29",9.41,9.41,9.39,9.41,0.02,+0.21%,0
"2023-12-08 14:30",9.41,9.41,9.39,9.39,-0.02,-0.21%,0
"2023-12-08 14:31",9.4,9.41,9.4,9.41,0.02,+0.21%,0
"2023-12-08 14:32",9.41,9.41,9.37,9.37,-0.04,-0.43%,0
"2023-12-08 14:33",9.4,9.45,9.4,9.43,0.06,+0.64%,0
"2023-12-08 14:34",9.44,9.47,9.44,9.47,0.04,+0.42%,0
"2023-12-08 14:35",9.48,9.49,9.48,9.48,0.01,+0.11%,0
"2023-12-08 14:36",9.46,9.48,9.46,9.48,0,0.00%,0
"2023-12-08 14:37",9.51,9.52,9.51,9.52,0.04,+0.42%,0
"2023-12-08 14:38",9.51,9.51,9.5,9.5,-0.02,-0.21%,0
"2023-12-08 14:39",9.51,9.51,9.49,9.49,-0.01,-0.11%,0
"2023-12-08 14:40",9.5,9.51,9.5,9.5,0.01,+0.11%,0
"2023-12-08 14:41",9.52,9.53,9.52,9.53,0.03,+0.32%,0
"2023-12-08 14:42",9.51,9.53,9.49,9.49,-0.04,-0.42%,0
"2023-12-08 14:43",9.5,9.53,9.5,9.52,0.03,+0.32%,0
"2023-12-08 14:44",9.54,9.6,9.54,9.6,0.08,+0.84%,0
"2023-12-08 14:45",9.59,9.63,9.59,9.63,0.03,+0.31%,0
"2023-12-08 14:46",9.64,9.65,9.64,9.64,0.01,+0.10%,0
"2023-12-08 14:47",9.63,9.7,9.63,9.7,0.06,+0.62%,0
"2023-12-08 14:48",9.7,9.71,9.69,9.69,-0.01,-0.10%,0
"2023-12-08 14:49",9.7,9.73,9.7,9.73,0.04,+0.41%,0
"2023-12-08 14:50",9.72,9.76,9.72,9.74,0.01,+0.10%,0
"2023-12-08 14:51",9.72,9.74,9.72,9.73,-0.01,-0.10%,0
"2023-12-08 14:52",9.75,9.77,9.75,9.77,0.04,+0.41%,0
"2023-12-08 14:53",9.77,9.8,9.77,9.8,0.03,+0.31%,0
"2023-12-08 14:54",9.8,9.81,9.8,9.81,0.01,+0.10%,0
"2023-12-08 14:55",9.8,9.83,9.77,9.77,-0.04,-0.41%,0
"2023-12-08 14:56",9.79,9.81,9.77,9.77,0,0.00%,0
"2023-12-08 14:57",9.76,9.76,9.72,9.72,-0.05,-0.51%,0
"2023-12-08 14:58",9.73,9.74,9.73,9.74,0.02,+0.21%,0
"2023-12-08 14:59",9.74,9.77,9.74,9.77,0.03,+0.31%,0
"2023-12-08 15:00",9.77,9.77,9.76,9.77,0,0.00%,0
"2023-12-08 15:01",9.76,9.79,9.76,9.77,0,0.00%,0
"2023-12-08 15:02",9.77,9.79,9.77,9.78,0.01,+0.10%,0
"2023-12-08 15:03",9.79,9.79,9.77,9.78,0,0.00%,0
"2023-12-08 15:04",9.78,9.79,9.78,9.79,0.01,+0.10%,0
"2023-12-08 15:05",9.78,9.81,9.78,9.8,0.01,+0.10%,0
"2023-12-08 15:06",9.79,9.79,9.77,9.77,-0.03,-0.31%,0
"2023-12-08 15:07",9.78,9.8,9.78,9.8,0.03,+0.31%,0
"2023-12-08 15:08",9.81,9.81,9.77,9.77,-0.03,-0.31%,0
"2023-12-08 15:09",9.75,9.77,9.75,9.76,-0.01,-0.10%,0
"2023-12-08 15:10",9.77,9.77,9.69,9.69,-0.07,-0.72%,0
"2023-12-08 15:11",9.69,9.73,9.69,9.73,0.04,+0.41%,0
"2023-12-08 15:12",9.72,9.72,9.69,9.69,-0.04,-0.41%,0
"2023-12-08 15:13",9.66,9.67,9.66,9.67,-0.02,-0.21%,0
"2023-12-08 15:14",9.66,9.66,9.63,9.63,-0.04,-0.41%,0
"2023-12-08 15:15",9.62,9.62,9.6,9.6,-0.03,-0.31%,0
"2023-12-08 15:16",9.6,9.63,9.6,9.63,0.03,+0.31%,0
"2023-12-08 15:17",9.64,9.66,9.63,9.63,0,0.00%,0
"2023-12-08 15:18",9.64,9.65,9.64,9.65,0.02,+0.21%,0
"2023-12-08 15:19",9.64,9.64,9.64,9.64,-0.01,-0.10%,0
"2023-12-08 15:20",9.62,9.68,9.62,9.68,0.04,+0.41%,0
"2023-12-08 15:21",9.7,9.73,9.7,9.71,0.03,+0.31%,0
"2023-12-08 15:22",9.73,9.77,9.73,9.77,0.06,+0.62%,0
"2023-12-08 15:23",9.75,9.79,9.75,9.79,0.02,+0.20%,0
"2023-12-08 15:24",9.77,9.82,9.77,9.81,0.02,+0.20%,0
"2023-12-08 15:25",9.81,9.82,9.8,9.8,-0.01,-0.10%,0
"2023-12-08 15:26",9.78,9.8,9.78,9.79,-0.01,-0.10%,0
"2023-12-08 15:27",9.78,9.78,9.77,9.77,-0.02,-0.20%,0
"2023-12-08 15:28",9.75,9.78,9.75,9.77,0,0.00%,0
"2023-12-08 15:29",9.77,9.8,9.77,9.79,0.02,+0.20%,0
"2023-12-08 15:30",9.79,9.79,9.76,9.78,-0.01,-0.10%,0
"2023-12-08 15:31",9.75,9.75,9.74,9.74,-0.04,-0.41%,0
"2023-12-08 15:32",9.74,9.75,9.74,9.74,0,0.00%,0
"2023-12-08 15:33",9.74,9.77,9.74,9.77,0.03,+0.31%,0
"2023-12-08 15:34",9.88,9.92,9.88,9.9,0.13,+1.33%,0
"2023-12-08 15:35",9.89,9.89,9.87,9.87,-0.03,-0.30%,0
"2023-12-08 15:36",9.89,9.92,9.89,9.92,0.05,+0.51%,0
"2023-12-08 15:37",9.92,9.94,9.92,9.94,0.02,+0.20%,0
"2023-12-08 15:38",9.95,9.98,9.95,9.98,0.04,+0.40%,0
"2023-12-08 15:39",10,10.03,10,10.02,0.04,+0.40%,0
"2023-12-08 15:40",10.03,10.08,10.03,10.08,0.06,+0.60%,0
"2023-12-08 15:41",10.14,10.14,10.12,10.12,0.04,+0.40%,0
"2023-12-08 15:42",10.12,10.13,10.06,10.06,-0.06,-0.59%,0
"2023-12-08 15:43",10.06,10.1,10.06,10.1,0.04,+0.40%,0
"2023-12-08 15:44",10.09,10.09,10.08,10.08,-0.02,-0.20%,0
"2023-12-08 15:45",10.1,10.19,10.1,10.18,0.1,+0.99%,0
"2023-12-08 15:46",10.17,10.18,10.17,10.17,-0.01,-0.10%,0
"2023-12-08 15:47",10.15,10.17,10.15,10.17,0,0.00%,0
"2023-12-08 15:48",10.17,10.17,10.16,10.16,-0.01,-0.10%,0
"2023-12-08 15:49",10.17,10.18,10.15,10.15,-0.01,-0.10%,0
"2023-12-08 15:50",10.06,10.1,10.06,10.09,-0.06,-0.59%,0
"2023-12-08 15:51",10.08,10.08,10.05,10.05,-0.04,-0.40%,0
"2023-12-08 15:52",10.03,10.07,10.03,10.07,0.02,+0.20%,0
"2023-12-08 15:53",10.08,10.11,10.08,10.11,0.04,+0.40%,0
"2023-12-08 15:54",10.13,10.15,10.13,10.15,0.04,+0.40%,0
"2023-12-08 15:55",10.15,10.19,10.15,10.19,0.04,+0.39%,0
"2023-12-08 15:56",10.18,10.18,10.17,10.18,-0.01,-0.10%,0
"2023-12-08 15:57",10.2,10.29,10.2,10.29,0.11,+1.08%,0
"2023-12-08 15:58",10.29,10.3,10.29,10.3,0.01,+0.10%,0
"2023-12-08 15:59",10.27,10.33,10.27,10.27,-0.03,-0.29%,0
"2023-12-08 16:00",10.19,10.19,10.1,10.1,-0.17,-1.66%,0
"2023-12-08 16:01",10.1,10.13,10.05,10.05,-0.05,-0.50%,0
"2023-12-08 16:02",10.02,10.02,9.98,10.02,-0.03,-0.30%,0
"2023-12-08 16:03",9.99,9.99,9.97,9.98,-0.04,-0.40%,0
"2023-12-08 16:04",9.99,10.02,9.98,10.02,0.04,+0.40%,0
"2023-12-08 16:05",10.08,10.1,10.08,10.09,0.07,+0.70%,0
"2023-12-08 16:06",10.08,10.12,10.08,10.11,0.02,+0.20%,0
"2023-12-08 16:07",10.07,10.11,10.07,10.11,0,0.00%,0
"2023-12-08 16:08",10.1,10.1,10.03,10.03,-0.08,-0.79%,0
"2023-12-08 16:09",10.02,10.03,10.02,10.03,0,0.00%,0
"2023-12-08 16:10",10.04,10.08,10.02,10.08,0.05,+0.50%,0
"2023-12-08 16:11",10.06,10.06,10.05,10.05,-0.03,-0.30%,0
"2023-12-08 16:12",10.04,10.07,10.04,10.07,0.02,+0.20%,0
"2023-12-08 16:13",10.11,10.11,10.02,10.02,-0.05,-0.50%,0
"2023-12-08 16:14",10.01,10.02,9.99,9.99,-0.03,-0.30%,0
"2023-12-08 16:15",9.97,9.97,9.97,9.97,-0.02,-0.20%,0
"2023-12-11 09:31",7.47,7.57,7.47,7.49,-2.48,-24.87%,0
"2023-12-11 09:32",7.46,7.46,7.44,7.45,-0.04,-0.53%,0
"2023-12-11 09:33",7.43,7.43,7.39,7.39,-0.06,-0.81%,0
"2023-12-11 09:34",7.38,7.42,7.37,7.39,0,0.00%,0
"2023-12-11 09:35",7.4,7.44,7.4,7.42,0.03,+0.41%,0
"2023-12-11 09:36",7.42,7.44,7.42,7.42,0,0.00%,0
"2023-12-11 09:37",7.41,7.44,7.41,7.44,0.02,+0.27%,0
"2023-12-11 09:38",7.47,7.52,7.47,7.52,0.08,+1.08%,0
"2023-12-11 09:39",7.53,7.6,7.53,7.58,0.06,+0.80%,0
"2023-12-11 09:40",7.58,7.62,7.58,7.6,0.02,+0.26%,0
"2023-12-11 09:41",7.6,7.6,7.57,7.57,-0.03,-0.39%,0
"2023-12-11 09:42",7.56,7.62,7.56,7.56,-0.01,-0.13%,0
"2023-12-11 09:43",7.56,7.6,7.56,7.59,0.03,+0.40%,0
"2023-12-11 09:44",7.57,7.62,7.57,7.62,0.03,+0.40%,0
"2023-12-11 09:45",7.59,7.6,7.59,7.6,-0.02,-0.26%,0
"2023-12-11 09:46",7.6,7.64,7.6,7.64,0.04,+0.53%,0
"2023-12-11 09:47",7.65,7.69,7.65,7.66,0.02,+0.26%,0
"2023-12-11 09:48",7.64,7.71,7.64,7.71,0.05,+0.65%,0
"2023-12-11 09:49",7.71,7.71,7.7,7.7,-0.01,-0.13%,0
"2023-12-11 09:50",7.71,7.71,7.69,7.69,-0.01,-0.13%,0
"2023-12-11 09:51",7.68,7.7,7.68,7.7,0.01,+0.13%,0
"2023-12-11 09:52",7.69,7.69,7.67,7.67,-0.03,-0.39%,0
"2023-12-11 09:53",7.66,7.7,7.66,7.68,0.01,+0.13%,0
"2023-12-11 09:54",7.67,7.73,7.67,7.73,0.05,+0.65%,0
"2023-12-11 09:55",7.69,7.71,7.68,7.7,-0.03,-0.39%,0
"2023-12-11 09:56",7.71,7.73,7.71,7.73,0.03,+0.39%,0
"2023-12-11 09:57",7.74,7.75,7.67,7.67,-0.06,-0.78%,0
"2023-12-11 09:58",7.65,7.7,7.65,7.7,0.03,+0.39%,0
"2023-12-11 09:59",7.71,7.76,7.71,7.75,0.05,+0.65%,0
"2023-12-11 10:00",7.76,7.82,7.76,7.8,0.05,+0.65%,0
"2023-12-11 10:01",7.79,7.88,7.79,7.88,0.08,+1.03%,0
"2023-12-11 10:02",7.88,7.91,7.88,7.89,0.01,+0.13%,0
"2023-12-11 10:03",7.88,7.91,7.88,7.89,0,0.00%,0
"2023-12-11 10:04",7.88,7.95,7.88,7.95,0.06,+0.76%,0
"2023-12-11 10:05",7.96,7.98,7.96,7.98,0.03,+0.38%,0
"2023-12-11 10:06",7.97,8,7.97,8,0.02,+0.25%,0
"2023-12-11 10:07",7.99,8.03,7.99,8.03,0.03,+0.38%,0
"2023-12-11 10:08",8.03,8.06,8.03,8.03,0,0.00%,0
"2023-12-11 10:09",8.03,8.06,8.03,8.03,0,0.00%,0
"2023-12-11 10:10",8.01,8.04,8.01,8.04,0.01,+0.12%,0
"2023-12-11 10:11",8.03,8.07,8.03,8.04,0,0.00%,0
"2023-12-11 10:12",8.03,8.06,8.03,8.05,0.01,+0.12%,0
"2023-12-11 10:13",8.06,8.06,8.04,8.04,-0.01,-0.12%,0
"2023-12-11 10:14",8.04,8.04,8.04,8.04,0,0.00%,0
"2023-12-11 10:15",8.01,8.02,8.01,8.01,-0.03,-0.37%,0
"2023-12-11 10:16",8.01,8.04,8.01,8.03,0.02,+0.25%,0
"2023-12-11 10:17",8.01,8.04,8.01,8.02,-0.01,-0.12%,0
"2023-12-11 10:18",8.01,8.05,8.01,8.02,0,0.00%,0
"2023-12-11 10:19",8.01,8.07,8.01,8.07,0.05,+0.62%,0
"2023-12-11 10:20",8.06,8.11,8.06,8.11,0.04,+0.50%,0
"2023-12-11 10:21",8.11,8.14,8.11,8.12,0.01,+0.12%,0
"2023-12-11 10:22",8.11,8.14,8.11,8.13,0.01,+0.12%,0
"2023-12-11 10:23",8.12,8.15,8.11,8.11,-0.02,-0.25%,0
"2023-12-11 10:24",8.1,8.12,8.1,8.12,0.01,+0.12%,0
"2023-12-11 10:25",8.13,8.16,8.13,8.15,0.03,+0.37%,0
"2023-12-11 10:26",8.14,8.15,8.12,8.12,-0.03,-0.37%,0
"2023-12-11 10:27",8.1,8.13,8.1,8.11,-0.01,-0.12%,0
"2023-12-11 10:28",8.13,8.17,8.13,8.17,0.06,+0.74%,0
"2023-12-11 10:29",8.17,8.19,8.17,8.18,0.01,+0.12%,0
"2023-12-11 10:30",8.18,8.21,8.18,8.19,0.01,+0.12%,0
"2023-12-11 10:31",8.17,8.19,8.17,8.18,-0.01,-0.12%,0
"2023-12-11 10:32",8.17,8.19,8.17,8.17,-0.01,-0.12%,0
"2023-12-11 10:33",8.15,8.16,8.13,8.13,-0.04,-0.49%,0
"2023-12-11 10:34",8.14,8.17,8.14,8.17,0.04,+0.49%,0
"2023-12-11 10:35",8.16,8.19,8.16,8.18,0.01,+0.12%,0
"2023-12-11 10:36",8.17,8.17,8.11,8.11,-0.07,-0.86%,0
"2023-12-11 10:37",8.13,8.2,8.13,8.2,0.09,+1.11%,0
"2023-12-11 10:38",8.22,8.25,8.22,8.24,0.04,+0.49%,0
"2023-12-11 10:39",8.25,8.27,8.25,8.27,0.03,+0.36%,0
"2023-12-11 10:40",8.26,8.28,8.26,8.27,0,0.00%,0
"2023-12-11 10:41",8.27,8.31,8.27,8.3,0.03,+0.36%,0
"2023-12-11 10:42",8.29,8.33,8.29,8.31,0.01,+0.12%,0
"2023-12-11 10:43",8.31,8.31,8.3,8.3,-0.01,-0.12%,0
"2023-12-11 10:44",8.29,8.32,8.29,8.32,0.02,+0.24%,0
"2023-12-11 10:45",8.33,8.33,8.3,8.3,-0.02,-0.24%,0
"2023-12-11 10:46",8.31,8.31,8.29,8.29,-0.01,-0.12%,0
"2023-12-11 10:47",8.3,8.31,8.29,8.29,0,0.00%,0
"2023-12-11 10:48",8.32,8.37,8.32,8.37,0.08,+0.97%,0
"2023-12-11 10:49",8.36,8.41,8.36,8.4,0.03,+0.36%,0
"2023-12-11 10:50",8.39,8.47,8.39,8.47,0.07,+0.83%,0
"2023-12-11 10:51",8.49,8.57,8.49,8.57,0.1,+1.18%,0
"2023-12-11 10:52",8.56,8.6,8.56,8.56,-0.01,-0.12%,0
"2023-12-11 10:53",8.56,8.59,8.56,8.59,0.03,+0.35%,0
"2023-12-11 10:54",8.56,8.59,8.56,8.58,-0.01,-0.12%,0
"2023-12-11 10:55",8.58,8.61,8.58,8.6,0.02,+0.23%,0
"2023-12-11 10:56",8.6,8.64,8.6,8.64,0.04,+0.47%,0
"2023-12-11 10:57",8.63,8.66,8.63,8.65,0.01,+0.12%,0
"2023-12-11 10:58",8.64,8.69,8.64,8.69,0.04,+0.46%,0
"2023-12-11 10:59",8.67,8.69,8.67,8.68,-0.01,-0.12%,0
"2023-12-11 11:00",8.66,8.68,8.63,8.63,-0.05,-0.58%,0
"2023-12-11 11:01",8.62,8.67,8.62,8.66,0.03,+0.35%,0
"2023-12-11 11:02",8.68,8.71,8.68,8.7,0.04,+0.46%,0
"2023-12-11 11:03",8.7,8.72,8.7,8.72,0.02,+0.23%,0
"2023-12-11 11:04",8.71,8.74,8.71,8.73,0.01,+0.11%,0
"2023-12-11 11:05",8.73,8.75,8.73,8.75,0.02,+0.23%,0
"2023-12-11 11:06",8.75,8.77,8.74,8.76,0.01,+0.11%,0
"2023-12-11 11:07",8.76,8.79,8.76,8.78,0.02,+0.23%,0
"2023-12-11 11:08",8.78,8.8,8.78,8.8,0.02,+0.23%,0
"2023-12-11 11:09",8.8,8.82,8.8,8.8,0,0.00%,0
"2023-12-11 11:10",8.8,8.86,8.8,8.86,0.06,+0.68%,0
"2023-12-11 11:11",8.87,8.89,8.87,8.88,0.02,+0.23%,0
"2023-12-11 11:12",8.87,8.92,8.87,8.92,0.04,+0.45%,0
"2023-12-11 11:13",8.94,8.98,8.94,8.98,0.06,+0.67%,0
"2023-12-11 11:14",9.01,9.04,9.01,9.03,0.05,+0.56%,0
"2023-12-11 11:15",9.02,9.04,9.01,9.01,-0.02,-0.22%,0
"2023-12-11 11:16",9.02,9.05,9.02,9.04,0.03,+0.33%,0
"2023-12-11 11:17",9.03,9.08,9.03,9.08,0.04,+0.44%,0
"2023-12-11 11:18",9.08,9.12,9.08,9.11,0.03,+0.33%,0
"2023-12-11 11:19",9.09,9.11,9.09,9.11,0,0.00%,0
"2023-12-11 11:20",9.12,9.16,9.12,9.16,0.05,+0.55%,0
"2023-12-11 11:21",9.14,9.17,9.14,9.17,0.01,+0.11%,0
"2023-12-11 11:22",9.19,9.2,9.18,9.18,0.01,+0.11%,0
"2023-12-11 11:23",9.17,9.18,9.17,9.18,0,0.00%,0
"2023-12-11 11:24",9.17,9.18,9.17,9.18,0,0.00%,0
"2023-12-11 11:25",9.17,9.2,9.17,9.19,0.01,+0.11%,0
"2023-12-11 11:26",9.18,9.19,9.18,9.19,0,0.00%,0
"2023-12-11 11:27",9.19,9.23,9.19,9.22,0.03,+0.33%,0
"2023-12-11 11:28",9.23,9.24,9.23,9.23,0.01,+0.11%,0
"2023-12-11 11:29",9.23,9.25,9.23,9.24,0.01,+0.11%,0
"2023-12-11 11:30",9.24,9.29,9.24,9.29,0.05,+0.54%,0
"2023-12-11 11:31",9.29,9.34,9.29,9.34,0.05,+0.54%,0
"2023-12-11 11:32",9.41,9.63,9.41,9.42,0.08,+0.86%,0
"2023-12-11 11:33",9.34,9.42,9.34,9.42,0,0.00%,0
"2023-12-11 11:34",9.42,9.43,9.39,9.39,-0.03,-0.32%,0
"2023-12-11 11:35",9.37,9.39,9.37,9.39,0,0.00%,0
"2023-12-11 11:36",9.39,9.4,9.39,9.4,0.01,+0.11%,0
"2023-12-11 11:37",9.4,9.41,9.37,9.37,-0.03,-0.32%,0
"2023-12-11 11:38",9.34,9.37,9.34,9.36,-0.01,-0.11%,0
"2023-12-11 11:39",9.36,9.4,9.36,9.38,0.02,+0.21%,0
"2023-12-11 11:40",9.38,9.41,9.38,9.4,0.02,+0.21%,0
"2023-12-11 11:41",9.4,9.43,9.4,9.43,0.03,+0.32%,0
"2023-12-11 11:42",9.45,9.49,9.45,9.48,0.05,+0.53%,0
"2023-12-11 11:43",9.49,9.52,9.49,9.51,0.03,+0.32%,0
"2023-12-11 11:44",9.5,9.53,9.5,9.52,0.01,+0.11%,0
"2023-12-11 11:45",9.51,9.54,9.51,9.53,0.01,+0.11%,0
"2023-12-11 11:46",9.53,9.56,9.53,9.56,0.03,+0.31%,0
"2023-12-11 11:47",9.55,9.57,9.55,9.56,0,0.00%,0
"2023-12-11 11:48",9.56,9.58,9.56,9.57,0.01,+0.10%,0
"2023-12-11 11:49",9.58,9.6,9.58,9.59,0.02,+0.21%,0
"2023-12-11 11:50",9.59,9.61,9.57,9.57,-0.02,-0.21%,0
"2023-12-11 11:51",9.55,9.59,9.55,9.59,0.02,+0.21%,0
"2023-12-11 11:52",9.6,9.62,9.6,9.6,0.01,+0.10%,0
"2023-12-11 11:53",9.58,9.61,9.58,9.61,0.01,+0.10%,0
"2023-12-11 11:54",9.6,9.63,9.6,9.62,0.01,+0.10%,0
"2023-12-11 11:55",9.62,9.64,9.62,9.64,0.02,+0.21%,0
"2023-12-11 11:56",9.64,9.67,9.64,9.67,0.03,+0.31%,0
"2023-12-11 11:57",9.66,9.68,9.66,9.68,0.01,+0.10%,0
"2023-12-11 11:58",9.67,9.68,9.67,9.67,-0.01,-0.10%,0
"2023-12-11 11:59",9.67,9.69,9.67,9.68,0.01,+0.10%,0
"2023-12-11 12:00",9.67,9.7,9.67,9.7,0.02,+0.21%,0
"2023-12-11 12:01",9.71,9.75,9.71,9.74,0.04,+0.41%,0
"2023-12-11 12:02",9.73,9.74,9.73,9.74,0,0.00%,0
"2023-12-11 12:03",9.72,9.75,9.72,9.72,-0.02,-0.21%,0
"2023-12-11 12:04",9.73,9.74,9.73,9.74,0.02,+0.21%,0
"2023-12-11 12:05",9.73,9.74,9.73,9.74,0,0.00%,0
"2023-12-11 12:06",9.73,9.75,9.73,9.75,0.01,+0.10%,0
"2023-12-11 12:07",9.75,9.78,9.75,9.77,0.02,+0.21%,0
"2023-12-11 12:08",9.77,9.8,9.77,9.79,0.02,+0.20%,0
"2023-12-11 12:09",9.78,9.8,9.78,9.8,0.01,+0.10%,0
"2023-12-11 12:10",9.79,9.82,9.79,9.81,0.01,+0.10%,0
"2023-12-11 12:11",9.83,9.85,9.82,9.83,0.02,+0.20%,0
"2023-12-11 12:12",9.83,9.86,9.83,9.85,0.02,+0.20%,0
"2023-12-11 12:13",9.85,9.87,9.84,9.87,0.02,+0.20%,0
"2023-12-11 12:14",9.87,9.9,9.87,9.89,0.02,+0.20%,0
"2023-12-11 12:15",9.89,9.91,9.89,9.91,0.02,+0.20%,0
"2023-12-11 12:16",9.89,9.91,9.89,9.9,-0.01,-0.10%,0
"2023-12-11 12:17",9.89,9.91,9.89,9.91,0.01,+0.10%,0
"2023-12-11 12:18",9.92,9.95,9.92,9.94,0.03,+0.30%,0
"2023-12-11 12:19",9.94,9.95,9.94,9.94,0,0.00%,0
"2023-12-11 12:20",9.94,9.95,9.93,9.93,-0.01,-0.10%,0
"2023-12-11 12:21",9.93,9.95,9.93,9.94,0.01,+0.10%,0
"2023-12-11 12:22",9.94,9.97,9.94,9.97,0.03,+0.30%,0
"2023-12-11 12:23",9.97,9.99,9.97,9.98,0.01,+0.10%,0
"2023-12-11 12:24",9.98,10,9.98,10,0.02,+0.20%,0
"2023-12-11 12:25",10.01,10.04,10.01,10.03,0.03,+0.30%,0
"2023-12-11 12:26",10.02,10.07,10.02,10.07,0.04,+0.40%,0
"2023-12-11 12:27",10.05,10.07,10.05,10.06,-0.01,-0.10%,0
"2023-12-11 12:28",10.06,10.11,10.06,10.11,0.05,+0.50%,0
"2023-12-11 12:29",10.12,10.14,10.12,10.14,0.03,+0.30%,0
"2023-12-11 12:30",10.13,10.16,10.13,10.16,0.02,+0.20%,0
"2023-12-11 12:31",10.16,10.19,10.16,10.16,0,0.00%,0
"2023-12-11 12:32",10.18,10.21,10.18,10.21,0.05,+0.49%,0
"2023-12-11 12:33",10.2,10.25,10.2,10.25,0.04,+0.39%,0
"2023-12-11 12:34",10.26,10.27,10.26,10.27,0.02,+0.20%,0
"2023-12-11 12:35",10.27,10.3,10.27,10.3,0.03,+0.29%,0
"2023-12-11 12:36",10.29,10.31,10.29,10.3,0,0.00%,0
"2023-12-11 12:37",10.31,10.32,10.31,10.32,0.02,+0.19%,0
"2023-12-11 12:38",10.3,10.35,10.3,10.35,0.03,+0.29%,0
"2023-12-11 12:39",10.36,10.38,10.36,10.38,0.03,+0.29%,0
"2023-12-11 12:40",10.39,10.42,10.39,10.42,0.04,+0.39%,0
"2023-12-11 12:41",10.43,10.45,10.43,10.45,0.03,+0.29%,0
"2023-12-11 12:42",10.45,10.47,10.45,10.46,0.01,+0.10%,0
"2023-12-11 12:43",10.47,10.49,10.47,10.48,0.02,+0.19%,0
"2023-12-11 12:44",10.47,10.5,10.47,10.49,0.01,+0.10%,0
"2023-12-11 12:45",10.49,10.5,10.49,10.5,0.01,+0.10%,0
"2023-12-11 12:46",10.51,10.52,10.51,10.51,0.01,+0.10%,0
"2023-12-11 12:47",10.51,10.56,10.51,10.56,0.05,+0.48%,0
"2023-12-11 12:48",10.55,10.58,10.55,10.58,0.02,+0.19%,0
"2023-12-11 12:49",10.58,10.6,10.58,10.59,0.01,+0.09%,0
"2023-12-11 12:50",10.58,10.6,10.58,10.59,0,0.00%,0
"2023-12-11 12:51",10.59,10.61,10.59,10.61,0.02,+0.19%,0
"2023-12-11 12:52",10.61,10.64,10.61,10.64,0.03,+0.28%,0
"2023-12-11 12:53",10.65,10.67,10.65,10.67,0.03,+0.28%,0
"2023-12-11 12:54",10.67,10.7,10.67,10.7,0.03,+0.28%,0
"2023-12-11 12:55",10.7,10.74,10.7,10.74,0.04,+0.37%,0
"2023-12-11 12:56",10.78,10.82,10.78,10.82,0.08,+0.74%,0
"2023-12-11 12:57",10.82,10.86,10.82,10.86,0.04,+0.37%,0
"2023-12-11 12:58",10.86,10.91,10.86,10.91,0.05,+0.46%,0
"2023-12-11 12:59",10.9,10.95,10.9,10.95,0.04,+0.37%,0
"2023-12-11 13:00",10.96,11,10.96,11,0.05,+0.46%,0
"2023-12-11 13:01",11.01,11.01,11,11,0,0.00%,0
"2023-12-11 13:02",10.99,11,10.95,10.95,-0.05,-0.45%,0
"2023-12-11 13:03",10.92,10.92,10.87,10.87,-0.08,-0.73%,0
"2023-12-11 13:04",10.88,10.9,10.88,10.9,0.03,+0.28%,0
"2023-12-11 13:05",10.89,10.91,10.89,10.91,0.01,+0.09%,0
"2023-12-11 13:06",10.91,10.91,10.89,10.89,-0.02,-0.18%,0
"2023-12-11 13:07",10.89,10.91,10.89,10.91,0.02,+0.18%,0
"2023-12-11 13:08",10.9,10.92,10.89,10.92,0.01,+0.09%,0
"2023-12-11 13:09",10.9,10.93,10.9,10.92,0,0.00%,0
"2023-12-11 13:10",10.92,10.94,10.92,10.93,0.01,+0.09%,0
"2023-12-11 13:11",10.92,10.94,10.91,10.93,0,0.00%,0
"2023-12-11 13:12",10.92,10.97,10.92,10.97,0.04,+0.37%,0
"2023-12-11 13:13",10.97,10.98,10.97,10.97,0,0.00%,0
"2023-12-11 13:14",10.95,10.98,10.95,10.98,0.01,+0.09%,0
"2023-12-11 13:15",10.98,10.99,10.98,10.98,0,0.00%,0
"2023-12-11 13:16",10.99,11.02,10.99,11.02,0.04,+0.36%,0
"2023-12-11 13:17",11.02,11.04,11.02,11.04,0.02,+0.18%,0
"2023-12-11 13:18",11.04,11.07,11.04,11.06,0.02,+0.18%,0
"2023-12-11 13:19",11.06,11.08,11.06,11.07,0.01,+0.09%,0
"2023-12-11 13:20",11.07,11.09,11.07,11.09,0.02,+0.18%,0
"2023-12-11 13:21",11.07,11.09,11.07,11.09,0,0.00%,0
"2023-12-11 13:22",11.1,11.13,11.1,11.12,0.03,+0.27%,0
"2023-12-11 13:23",11.13,11.13,11.12,11.13,0.01,+0.09%,0
"2023-12-11 13:24",11.12,11.15,11.12,11.14,0.01,+0.09%,0
"2023-12-11 13:25",11.14,11.15,11.14,11.15,0.01,+0.09%,0
"2023-12-11 13:26",11.14,11.17,11.14,11.17,0.02,+0.18%,0
"2023-12-11 13:27",11.17,11.2,11.17,11.19,0.02,+0.18%,0
"2023-12-11 13:28",11.19,11.21,11.16,11.16,-0.03,-0.27%,0
"2023-12-11 13:29",11.15,11.17,11.15,11.16,0,0.00%,0
"2023-12-11 13:30",11.16,11.18,11.16,11.18,0.02,+0.18%,0
"2023-12-11 13:31",11.19,11.22,11.19,11.22,0.04,+0.36%,0
"2023-12-11 13:32",11.22,11.26,11.22,11.26,0.04,+0.36%,0
"2023-12-11 13:33",11.27,11.34,11.27,11.34,0.08,+0.71%,0
"2023-12-11 13:34",11.29,11.31,11.29,11.3,-0.04,-0.35%,0
"2023-12-11 13:35",11.32,11.35,11.32,11.35,0.05,+0.44%,0
"2023-12-11 13:36",11.34,11.37,11.34,11.36,0.01,+0.09%,0
"2023-12-11 13:37",11.36,11.37,11.36,11.37,0.01,+0.09%,0
"2023-12-11 13:38",11.36,11.38,11.36,11.37,0,0.00%,0
"2023-12-11 13:39",11.37,11.39,11.37,11.39,0.02,+0.18%,0
"2023-12-11 13:40",11.38,11.41,11.38,11.4,0.01,+0.09%,0
"2023-12-11 13:41",11.41,11.43,11.41,11.41,0.01,+0.09%,0
"2023-12-11 13:42",11.41,11.44,11.41,11.44,0.03,+0.26%,0
"2023-12-11 13:43",11.42,11.45,11.42,11.45,0.01,+0.09%,0
"2023-12-11 13:44",11.44,11.46,11.44,11.46,0.01,+0.09%,0
"2023-12-11 13:45",11.47,11.49,11.45,11.45,-0.01,-0.09%,0
"2023-12-11 13:46",11.46,11.47,11.44,11.44,-0.01,-0.09%,0
"2023-12-11 13:47",11.44,11.44,11.4,11.4,-0.04,-0.35%,0
"2023-12-11 13:48",11.39,11.4,11.39,11.39,-0.01,-0.09%,0
"2023-12-11 13:49",11.38,11.39,11.38,11.39,0,0.00%,0
"2023-12-11 13:50",11.38,11.41,11.38,11.41,0.02,+0.18%,0
"2023-12-11 13:51",11.4,11.4,11.39,11.39,-0.02,-0.18%,0
"2023-12-11 13:52",11.38,11.4,11.38,11.4,0.01,+0.09%,0
"2023-12-11 13:53",11.4,11.41,11.4,11.41,0.01,+0.09%,0
"2023-12-11 13:54",11.41,11.43,11.41,11.43,0.02,+0.18%,0
"2023-12-11 13:55",11.43,11.44,11.43,11.44,0.01,+0.09%,0
"2023-12-11 13:56",11.45,11.47,11.45,11.47,0.03,+0.26%,0
"2023-12-11 13:57",11.48,11.5,11.48,11.5,0.03,+0.26%,0
"2023-12-11 13:58",11.48,11.5,11.48,11.5,0,0.00%,0
"2023-12-11 13:59",11.5,11.53,11.5,11.53,0.03,+0.26%,0
"2023-12-11 14:00",11.54,11.56,11.54,11.56,0.03,+0.26%,0
"2023-12-11 14:01",11.56,11.57,11.56,11.56,0,0.00%,0
"2023-12-11 14:02",11.56,11.59,11.56,11.58,0.02,+0.17%,0
"2023-12-11 14:03",11.58,11.6,11.58,11.6,0.02,+0.17%,0
"2023-12-11 14:04",11.61,11.63,11.61,11.62,0.02,+0.17%,0
"2023-12-11 14:05",11.63,11.65,11.63,11.65,0.03,+0.26%,0
"2023-12-11 14:06",11.64,11.67,11.64,11.67,0.02,+0.17%,0
"2023-12-11 14:07",11.69,11.71,11.69,11.71,0.04,+0.34%,0
"2023-12-11 14:08",11.71,11.73,11.71,11.73,0.02,+0.17%,0
"2023-12-11 14:09",11.73,11.74,11.73,11.74,0.01,+0.09%,0
"2023-12-11 14:10",11.74,11.77,11.74,11.75,0.01,+0.09%,0
"2023-12-11 14:11",11.75,11.78,11.75,11.78,0.03,+0.26%,0
"2023-12-11 14:12",11.77,11.79,11.77,11.78,0,0.00%,0
"2023-12-11 14:13",11.77,11.79,11.77,11.78,0,0.00%,0
"2023-12-11 14:14",11.77,11.8,11.77,11.79,0.01,+0.08%,0
"2023-12-11 14:15",11.8,11.81,11.8,11.81,0.02,+0.17%,0
"2023-12-11 14:16",11.82,11.83,11.82,11.82,0.01,+0.08%,0
"2023-12-11 14:17",11.8,11.84,11.79,11.79,-0.03,-0.25%,0
"2023-12-11 14:18",11.8,11.82,11.8,11.82,0.03,+0.25%,0
"2023-12-11 14:19",11.83,11.87,11.83,11.87,0.05,+0.42%,0
"2023-12-11 14:20",11.85,11.89,11.85,11.89,0.02,+0.17%,0
"2023-12-11 14:21",11.89,11.9,11.89,11.9,0.01,+0.08%,0
"2023-12-11 14:22",11.91,11.95,11.91,11.94,0.04,+0.34%,0
"2023-12-11 14:23",11.94,11.97,11.94,11.97,0.03,+0.25%,0
"2023-12-11 14:24",11.96,11.99,11.96,11.99,0.02,+0.17%,0
"2023-12-11 14:25",11.98,12,11.98,11.99,0,0.00%,0
"2023-12-11 14:26",11.99,12.02,11.99,12.02,0.03,+0.25%,0
"2023-12-11 14:27",12.01,12.01,12.01,12.01,-0.01,-0.08%,0
"2023-12-11 14:28",12.01,12.04,12.01,12.04,0.03,+0.25%,0
"2023-12-11 14:29",12.05,12.09,12.05,12.08,0.04,+0.33%,0
"2023-12-11 14:30",12.08,12.08,12.06,12.06,-0.02,-0.17%,0
"2023-12-11 14:31",12.07,12.09,12.07,12.09,0.03,+0.25%,0
"2023-12-11 14:32",12.09,12.12,12.09,12.11,0.02,+0.17%,0
"2023-12-11 14:33",12.11,12.13,12.11,12.13,0.02,+0.17%,0
"2023-12-11 14:34",12.13,12.15,12.13,12.15,0.02,+0.16%,0
"2023-12-11 14:35",12.13,12.15,12.13,12.14,-0.01,-0.08%,0
"2023-12-11 14:36",12.13,12.15,12.13,12.15,0.01,+0.08%,0
"2023-12-11 14:37",12.16,12.19,12.16,12.19,0.04,+0.33%,0
"2023-12-11 14:38",12.2,12.22,12.2,12.21,0.02,+0.16%,0
"2023-12-11 14:39",12.21,12.24,12.21,12.24,0.03,+0.25%,0
"2023-12-11 14:40",12.24,12.26,12.24,12.25,0.01,+0.08%,0
"2023-12-11 14:41",12.26,12.32,12.26,12.32,0.07,+0.57%,0
"2023-12-11 14:42",12.31,12.35,12.31,12.35,0.03,+0.24%,0
"2023-12-11 14:43",12.35,12.37,12.35,12.37,0.02,+0.16%,0
"2023-12-11 14:44",12.37,12.41,12.37,12.41,0.04,+0.32%,0
"2023-12-11 14:45",12.4,12.42,12.37,12.37,-0.04,-0.32%,0
"2023-12-11 14:46",12.35,12.37,12.35,12.37,0,0.00%,0
"2023-12-11 14:47",12.37,12.38,12.37,12.38,0.01,+0.08%,0
"2023-12-11 14:48",12.39,12.4,12.37,12.37,-0.01,-0.08%,0
"2023-12-11 14:49",12.37,12.39,12.37,12.38,0.01,+0.08%,0
"2023-12-11 14:50",12.37,12.39,12.37,12.38,0,0.00%,0
"2023-12-11 14:51",12.37,12.4,12.37,12.4,0.02,+0.16%,0
"2023-12-11 14:52",12.39,12.43,12.39,12.42,0.02,+0.16%,0
"2023-12-11 14:53",12.45,12.5,12.45,12.5,0.08,+0.64%,0
"2023-12-11 14:54",12.49,12.49,12.49,12.49,-0.01,-0.08%,0
"2023-12-11 14:55",12.5,12.52,12.5,12.52,0.03,+0.24%,0
"2023-12-11 14:56",12.52,12.53,12.51,12.51,-0.01,-0.08%,0
"2023-12-11 14:57",12.51,12.56,12.51,12.56,0.05,+0.40%,0
"2023-12-11 14:58",12.56,12.6,12.56,12.6,0.04,+0.32%,0
"2023-12-11 14:59",12.6,12.62,12.6,12.62,0.02,+0.16%,0
"2023-12-11 15:00",12.62,12.64,12.62,12.63,0.01,+0.08%,0
"2023-12-11 15:01",12.64,12.66,12.59,12.59,-0.04,-0.32%,0
"2023-12-11 15:02",12.56,12.58,12.54,12.54,-0.05,-0.40%,0
"2023-12-11 15:03",12.56,12.57,12.56,12.57,0.03,+0.24%,0
"2023-12-11 15:04",12.57,12.57,12.56,12.56,-0.01,-0.08%,0
"2023-12-11 15:05",12.56,12.57,12.56,12.56,0,0.00%,0
"2023-12-11 15:06",12.56,12.57,12.53,12.53,-0.03,-0.24%,0
"2023-12-11 15:07",12.53,12.55,12.53,12.55,0.02,+0.16%,0
"2023-12-11 15:08",12.51,12.58,12.51,12.58,0.03,+0.24%,0
"2023-12-11 15:09",12.59,12.6,12.59,12.6,0.02,+0.16%,0
"2023-12-11 15:10",12.61,12.62,12.6,12.6,0,0.00%,0
"2023-12-11 15:11",12.61,12.64,12.61,12.63,0.03,+0.24%,0
"2023-12-11 15:12",12.63,12.65,12.63,12.64,0.01,+0.08%,0
"2023-12-11 15:13",12.64,12.64,12.59,12.59,-0.05,-0.40%,0
"2023-12-11 15:14",12.59,12.6,12.59,12.6,0.01,+0.08%,0
"2023-12-11 15:15",12.6,12.61,12.6,12.61,0.01,+0.08%,0
"2023-12-11 15:16",12.6,12.63,12.6,12.63,0.02,+0.16%,0
"2023-12-11 15:17",12.64,12.68,12.64,12.68,0.05,+0.40%,0
"2023-12-11 15:18",12.67,12.71,12.67,12.71,0.03,+0.24%,0
"2023-12-11 15:19",12.71,12.74,12.71,12.71,0,0.00%,0
"2023-12-11 15:20",12.71,12.75,12.71,12.75,0.04,+0.31%,0
"2023-12-11 15:21",12.75,12.76,12.73,12.73,-0.02,-0.16%,0
"2023-12-11 15:22",12.72,12.74,12.72,12.73,0,0.00%,0
"2023-12-11 15:23",12.74,12.74,12.73,12.73,0,0.00%,0
"2023-12-11 15:24",12.71,12.71,12.71,12.71,-0.02,-0.16%,0
"2023-12-11 15:25",12.71,12.73,12.71,12.73,0.02,+0.16%,0
"2023-12-11 15:26",12.73,12.74,12.73,12.74,0.01,+0.08%,0
"2023-12-11 15:27",12.74,12.75,12.71,12.71,-0.03,-0.24%,0
"2023-12-11 15:28",12.71,12.78,12.71,12.78,0.07,+0.55%,0
"2023-12-11 15:29",12.75,12.75,12.65,12.66,-0.12,-0.94%,0
"2023-12-11 15:30",12.66,12.66,12.63,12.63,-0.03,-0.24%,0
"2023-12-11 15:31",12.63,12.65,12.63,12.65,0.02,+0.16%,0
"2023-12-11 15:32",12.65,12.66,12.65,12.66,0.01,+0.08%,0
"2023-12-11 15:33",12.66,12.68,12.66,12.66,0,0.00%,0
"2023-12-11 15:34",12.66,12.69,12.66,12.69,0.03,+0.24%,0
"2023-12-11 15:35",12.69,12.78,12.69,12.76,0.07,+0.55%,0
"2023-12-11 15:36",12.79,12.86,12.79,12.86,0.1,+0.78%,0
"2023-12-11 15:37",12.82,12.87,12.82,12.87,0.01,+0.08%,0
"2023-12-11 15:38",12.86,12.88,12.86,12.88,0.01,+0.08%,0
"2023-12-11 15:39",12.88,12.92,12.88,12.92,0.04,+0.31%,0
"2023-12-11 15:40",12.92,12.95,12.91,12.91,-0.01,-0.08%,0
"2023-12-11 15:41",12.86,12.88,12.86,12.86,-0.05,-0.39%,0
"2023-12-11 15:42",12.85,12.91,12.85,12.9,0.04,+0.31%,0
"2023-12-11 15:43",12.9,12.93,12.9,12.92,0.02,+0.16%,0
"2023-12-11 15:44",12.92,12.93,12.91,12.91,-0.01,-0.08%,0
"2023-12-11 15:45",12.9,12.9,12.85,12.85,-0.06,-0.46%,0
"2023-12-11 15:46",12.85,12.92,12.85,12.92,0.07,+0.54%,0
"2023-12-11 15:47",12.9,13.08,12.9,13.08,0.16,+1.24%,0
"2023-12-11 15:48",13.12,13.12,13.1,13.1,0.02,+0.15%,0
"2023-12-11 15:49",13.1,13.14,13.1,13.12,0.02,+0.15%,0
"2023-12-11 15:50",13.14,13.14,13.1,13.1,-0.02,-0.15%,0
"2023-12-11 15:51",13.09,13.13,13.02,13.02,-0.08,-0.61%,0
"2023-12-11 15:52",13.14,13.16,13.14,13.16,0.14,+1.08%,0
"2023-12-11 15:53",13.15,13.16,13.15,13.16,0,0.00%,0
"2023-12-11 15:54",13.16,13.2,13.16,13.2,0.04,+0.30%,0
"2023-12-11 15:55",13.21,13.23,13.2,13.2,0,0.00%,0
"2023-12-11 15:56",13.21,13.28,13.21,13.27,0.07,+0.53%,0
"2023-12-11 15:57",13.27,13.32,13.27,13.3,0.03,+0.23%,0
"2023-12-11 15:58",13.33,13.39,13.33,13.37,0.07,+0.53%,0
"2023-12-11 15:59",13.39,13.43,13.39,13.42,0.05,+0.37%,0
"2023-12-11 16:00",13.43,13.43,13.33,13.33,-0.09,-0.67%,0
"2023-12-11 16:01",13.34,13.34,13.17,13.17,-0.16,-1.20%,0
"2023-12-11 16:02",13.16,13.16,13.08,13.08,-0.09,-0.68%,0
"2023-12-11 16:03",13.07,13.17,13.07,13.16,0.08,+0.61%,0
"2023-12-11 16:04",13.03,13.08,13.03,13.08,-0.08,-0.61%,0
"2023-12-11 16:05",13,13.06,12.99,12.99,-0.09,-0.69%,0
"2023-12-11 16:06",12.97,12.97,12.93,12.93,-0.06,-0.46%,0
"2023-12-11 16:07",12.93,12.95,12.93,12.93,0,0.00%,0
"2023-12-11 16:08",12.93,12.96,12.93,12.96,0.03,+0.23%,0
"2023-12-11 16:09",12.96,12.98,12.95,12.95,-0.01,-0.08%,0
"2023-12-11 16:10",12.96,13.03,12.96,13.03,0.08,+0.62%,0
"2023-12-11 16:11",13.04,13.06,13.04,13.06,0.03,+0.23%,0
"2023-12-11 16:12",13.06,13.09,13.06,13.08,0.02,+0.15%,0
"2023-12-11 16:13",13.08,13.11,13.08,13.1,0.02,+0.15%,0
"2023-12-11 16:14",13.12,13.21,13.12,13.21,0.11,+0.84%,0
"2023-12-11 16:15",13.22,13.22,13.22,13.22,0.01,+0.08%,0
"2023-12-12 09:31",8.93,8.93,8.84,8.89,-4.33,-32.75%,0
"2023-12-12 09:32",8.86,8.86,8.78,8.78,-0.11,-1.24%,0
"2023-12-12 09:33",8.78,8.78,8.7,8.7,-0.08,-0.91%,0
"2023-12-12 09:34",8.71,8.85,8.71,8.85,0.15,+1.72%,0
"2023-12-12 09:35",8.84,8.84,8.8,8.8,-0.05,-0.56%,0
"2023-12-12 09:36",8.79,8.85,8.79,8.85,0.05,+0.57%,0
"2023-12-12 09:37",8.85,8.94,8.85,8.94,0.09,+1.02%,0
"2023-12-12 09:38",8.95,8.99,8.95,8.99,0.05,+0.56%,0
"2023-12-12 09:39",9.01,9.05,9.01,9.05,0.06,+0.67%,0
"2023-12-12 09:40",9.02,9.05,9.02,9.02,-0.03,-0.33%,0
"2023-12-12 09:41",9.04,9.05,9.03,9.03,0.01,+0.11%,0
"2023-12-12 09:42",9.05,9.05,9.01,9.01,-0.02,-0.22%,0
"2023-12-12 09:43",9.01,9.06,9.01,9.06,0.05,+0.55%,0
"2023-12-12 09:44",9.06,9.08,9.06,9.07,0.01,+0.11%,0
"2023-12-12 09:45",9.04,9.05,8.97,8.97,-0.1,-1.10%,0
"2023-12-12 09:46",8.94,8.95,8.94,8.94,-0.03,-0.33%,0
"2023-12-12 09:47",8.94,8.94,8.84,8.84,-0.1,-1.12%,0
"2023-12-12 09:48",8.77,8.77,8.76,8.77,-0.07,-0.79%,0
"2023-12-12 09:49",8.75,8.76,8.71,8.71,-0.06,-0.68%,0
"2023-12-12 09:50",8.73,8.76,8.73,8.75,0.04,+0.46%,0
"2023-12-12 09:51",8.7,8.7,8.63,8.64,-0.11,-1.26%,0
"2023-12-12 09:52",8.64,8.71,8.64,8.69,0.05,+0.58%,0
"2023-12-12 09:53",8.7,8.74,8.7,8.73,0.04,+0.46%,0
"2023-12-12 09:54",8.75,8.8,8.75,8.8,0.07,+0.80%,0
"2023-12-12 09:55",8.8,8.82,8.8,8.82,0.02,+0.23%,0
"2023-12-12 09:56",8.8,8.86,8.8,8.84,0.02,+0.23%,0
"2023-12-12 09:57",8.8,8.83,8.8,8.83,-0.01,-0.11%,0
"2023-12-12 09:58",8.79,8.84,8.79,8.83,0,0.00%,0
"2023-12-12 09:59",8.81,8.85,8.8,8.8,-0.03,-0.34%,0
"2023-12-12 10:00",8.79,8.81,8.79,8.79,-0.01,-0.11%,0
"2023-12-12 10:01",8.79,8.87,8.78,8.87,0.08,+0.91%,0
"2023-12-12 10:02",8.86,8.91,8.86,8.88,0.01,+0.11%,0
"2023-12-12 10:03",8.88,8.92,8.88,8.89,0.01,+0.11%,0
"2023-12-12 10:04",8.89,8.89,8.79,8.79,-0.1,-1.12%,0
"2023-12-12 10:05",8.79,8.82,8.79,8.8,0.01,+0.11%,0
"2023-12-12 10:06",8.79,8.81,8.79,8.81,0.01,+0.11%,0
"2023-12-12 10:07",8.83,8.84,8.83,8.83,0.02,+0.23%,0
"2023-12-12 10:08",8.83,8.88,8.83,8.84,0.01,+0.11%,0
"2023-12-12 10:09",8.82,8.84,8.8,8.81,-0.03,-0.34%,0
"2023-12-12 10:10",8.81,8.85,8.81,8.85,0.04,+0.45%,0
"2023-12-12 10:11",8.86,8.88,8.86,8.86,0.01,+0.11%,0
"2023-12-12 10:12",8.86,8.91,8.86,8.9,0.04,+0.45%,0
"2023-12-12 10:13",8.91,8.91,8.9,8.91,0.01,+0.11%,0
"2023-12-12 10:14",8.9,8.93,8.9,8.92,0.01,+0.11%,0
"2023-12-12 10:15",8.92,8.94,8.91,8.91,-0.01,-0.11%,0
"2023-12-12 10:16",8.91,8.93,8.91,8.93,0.02,+0.22%,0
"2023-12-12 10:17",8.92,8.93,8.91,8.91,-0.02,-0.22%,0
"2023-12-12 10:18",8.9,8.91,8.88,8.88,-0.03,-0.34%,0
"2023-12-12 10:19",8.88,8.93,8.88,8.91,0.03,+0.34%,0
"2023-12-12 10:20",8.92,8.92,8.9,8.9,-0.01,-0.11%,0
"2023-12-12 10:21",8.88,8.91,8.88,8.9,0,0.00%,0
"2023-12-12 10:22",8.89,8.92,8.88,8.88,-0.02,-0.22%,0
"2023-12-12 10:23",8.89,8.94,8.89,8.93,0.05,+0.56%,0
"2023-12-12 10:24",8.94,8.95,8.91,8.91,-0.02,-0.22%,0
"2023-12-12 10:25",8.9,8.93,8.9,8.92,0.01,+0.11%,0
"2023-12-12 10:26",8.94,8.98,8.94,8.98,0.06,+0.67%,0
"2023-12-12 10:27",8.98,9.01,8.98,9.01,0.03,+0.33%,0
"2023-12-12 10:28",9,9.03,9,9.01,0,0.00%,0
"2023-12-12 10:29",9.02,9.04,9.02,9.03,0.02,+0.22%,0
"2023-12-12 10:30",9.04,9.04,9.02,9.02,-0.01,-0.11%,0
"2023-12-12 10:31",9,9.03,9,9.03,0.01,+0.11%,0
"2023-12-12 10:32",9.04,9.06,9.04,9.04,0.01,+0.11%,0
"2023-12-12 10:33",9.05,9.08,9.05,9.06,0.02,+0.22%,0
"2023-12-12 10:34",9.05,9.09,9.05,9.07,0.01,+0.11%,0
"2023-12-12 10:35",9.06,9.11,9.06,9.11,0.04,+0.44%,0
"2023-12-12 10:36",9.12,9.12,9.11,9.11,0,0.00%,0
"2023-12-12 10:37",9.12,9.12,9.07,9.08,-0.03,-0.33%,0
"2023-12-12 10:38",9.08,9.1,9.08,9.08,0,0.00%,0
"2023-12-12 10:39",9.09,9.14,9.09,9.14,0.06,+0.66%,0
"2023-12-12 10:40",9.13,9.13,9.1,9.1,-0.04,-0.44%,0
"2023-12-12 10:41",9.11,9.15,9.11,9.15,0.05,+0.55%,0
"2023-12-12 10:42",9.17,9.18,9.16,9.16,0.01,+0.11%,0
"2023-12-12 10:43",9.15,9.18,9.15,9.17,0.01,+0.11%,0
"2023-12-12 10:44",9.19,9.2,9.18,9.18,0.01,+0.11%,0
"2023-12-12 10:45",9.17,9.17,9.16,9.17,-0.01,-0.11%,0
"2023-12-12 10:46",9.16,9.18,9.16,9.18,0.01,+0.11%,0
"2023-12-12 10:47",9.19,9.21,9.09,9.09,-0.09,-0.98%,0
"2023-12-12 10:48",9.14,9.23,9.14,9.21,0.12,+1.32%,0
"2023-12-12 10:49",9.2,9.24,9.2,9.21,0,0.00%,0
"2023-12-12 10:50",9.2,9.23,9.2,9.23,0.02,+0.22%,0
"2023-12-12 10:51",9.23,9.28,9.23,9.28,0.05,+0.54%,0
"2023-12-12 10:52",9.28,9.28,9.21,9.21,-0.07,-0.75%,0
"2023-12-12 10:53",9.2,9.2,9.2,9.2,-0.01,-0.11%,0
"2023-12-12 10:54",9.18,9.22,9.18,9.21,0.01,+0.11%,0
"2023-12-12 10:55",9.21,9.23,9.16,9.16,-0.05,-0.54%,0
"2023-12-12 10:56",9.18,9.2,9.18,9.2,0.04,+0.44%,0
"2023-12-12 10:57",9.2,9.23,9.2,9.21,0.01,+0.11%,0
"2023-12-12 10:58",9.2,9.22,9.2,9.2,-0.01,-0.11%,0
"2023-12-12 10:59",9.18,9.18,9.14,9.14,-0.06,-0.65%,0
"2023-12-12 11:00",9.13,9.14,9.12,9.12,-0.02,-0.22%,0
"2023-12-12 11:01",9.12,9.15,9.12,9.15,0.03,+0.33%,0
"2023-12-12 11:02",9.15,9.17,9.15,9.15,0,0.00%,0
"2023-12-12 11:03",9.15,9.16,9.13,9.13,-0.02,-0.22%,0
"2023-12-12 11:04",9.13,9.15,9.13,9.14,0.01,+0.11%,0
"2023-12-12 11:05",9.11,9.12,9.11,9.11,-0.03,-0.33%,0
"2023-12-12 11:06",9.15,9.22,9.15,9.21,0.1,+1.10%,0
"2023-12-12 11:07",9.19,9.19,9.17,9.18,-0.03,-0.33%,0
"2023-12-12 11:08",9.18,9.21,9.18,9.2,0.02,+0.22%,0
"2023-12-12 11:09",9.21,9.24,9.21,9.24,0.04,+0.43%,0
"2023-12-12 11:10",9.24,9.27,9.24,9.27,0.03,+0.32%,0
"2023-12-12 11:11",9.26,9.28,9.26,9.27,0,0.00%,0
"2023-12-12 11:12",9.27,9.3,9.27,9.27,0,0.00%,0
"2023-12-12 11:13",9.27,9.32,9.27,9.32,0.05,+0.54%,0
"2023-12-12 11:14",9.32,9.33,9.32,9.33,0.01,+0.11%,0
"2023-12-12 11:15",9.33,9.36,9.33,9.36,0.03,+0.32%,0
"2023-12-12 11:16",9.36,9.39,9.36,9.39,0.03,+0.32%,0
"2023-12-12 11:17",9.39,9.43,9.39,9.43,0.04,+0.43%,0
"2023-12-12 11:18",9.44,9.46,9.44,9.46,0.03,+0.32%,0
"2023-12-12 11:19",9.46,9.5,9.46,9.5,0.04,+0.42%,0
"2023-12-12 11:20",9.49,9.54,9.49,9.54,0.04,+0.42%,0
"2023-12-12 11:21",9.53,9.53,9.51,9.53,-0.01,-0.10%,0
"2023-12-12 11:22",9.53,9.53,9.45,9.45,-0.08,-0.84%,0
"2023-12-12 11:23",9.45,9.5,9.45,9.5,0.05,+0.53%,0
"2023-12-12 11:24",9.48,9.52,9.48,9.51,0.01,+0.11%,0
"2023-12-12 11:25",9.5,9.54,9.5,9.53,0.02,+0.21%,0
"2023-12-12 11:26",9.55,9.58,9.55,9.58,0.05,+0.52%,0
"2023-12-12 11:27",9.59,9.63,9.59,9.63,0.05,+0.52%,0
"2023-12-12 11:28",9.62,9.65,9.62,9.65,0.02,+0.21%,0
"2023-12-12 11:29",9.66,9.68,9.65,9.65,0,0.00%,0
"2023-12-12 11:30",9.65,9.67,9.65,9.65,0,0.00%,0
"2023-12-12 11:31",9.63,9.64,9.63,9.64,-0.01,-0.10%,0
"2023-12-12 11:32",9.64,9.7,9.64,9.7,0.06,+0.62%,0
"2023-12-12 11:33",9.69,9.71,9.68,9.69,-0.01,-0.10%,0
"2023-12-12 11:34",9.69,9.7,9.69,9.7,0.01,+0.10%,0
"2023-12-12 11:35",9.69,9.72,9.69,9.71,0.01,+0.10%,0
"2023-12-12 11:36",9.72,9.74,9.71,9.71,0,0.00%,0
"2023-12-12 11:37",9.72,9.74,9.71,9.71,0,0.00%,0
"2023-12-12 11:38",9.71,9.74,9.71,9.73,0.02,+0.21%,0
"2023-12-12 11:39",9.74,9.77,9.74,9.77,0.04,+0.41%,0
"2023-12-12 11:40",9.77,9.79,9.77,9.78,0.01,+0.10%,0
"2023-12-12 11:41",9.78,9.81,9.78,9.81,0.03,+0.31%,0
"2023-12-12 11:42",9.81,9.85,9.81,9.84,0.03,+0.31%,0
"2023-12-12 11:43",9.84,9.86,9.84,9.85,0.01,+0.10%,0
"2023-12-12 11:44",9.88,9.9,9.88,9.89,0.04,+0.41%,0
"2023-12-12 11:45",9.89,9.9,9.87,9.87,-0.02,-0.20%,0
"2023-12-12 11:46",9.85,9.89,9.85,9.88,0.01,+0.10%,0
"2023-12-12 11:47",9.89,9.93,9.89,9.92,0.04,+0.40%,0
"2023-12-12 11:48",9.93,9.97,9.93,9.96,0.04,+0.40%,0
"2023-12-12 11:49",9.95,9.98,9.95,9.97,0.01,+0.10%,0
"2023-12-12 11:50",9.95,9.97,9.95,9.97,0,0.00%,0
"2023-12-12 11:51",9.97,10,9.97,10,0.03,+0.30%,0
"2023-12-12 11:52",10,10.04,10,10.04,0.04,+0.40%,0
"2023-12-12 11:53",10.05,10.08,10.05,10.07,0.03,+0.30%,0
"2023-12-12 11:54",10.06,10.1,10.06,10.1,0.03,+0.30%,0
"2023-12-12 11:55",10.11,10.12,10.11,10.11,0.01,+0.10%,0
"2023-12-12 11:56",10.11,10.13,10.11,10.12,0.01,+0.10%,0
"2023-12-12 11:57",10.12,10.16,10.12,10.15,0.03,+0.30%,0
"2023-12-12 11:58",10.16,10.17,10.16,10.16,0.01,+0.10%,0
"2023-12-12 11:59",10.15,10.15,10.14,10.14,-0.02,-0.20%,0
"2023-12-12 12:00",10.16,10.18,10.16,10.18,0.04,+0.39%,0
"2023-12-12 12:01",10.16,10.2,10.16,10.2,0.02,+0.20%,0
"2023-12-12 12:02",10.19,10.2,10.18,10.18,-0.02,-0.20%,0
"2023-12-12 12:03",10.16,10.18,10.16,10.17,-0.01,-0.10%,0
"2023-12-12 12:04",10.17,10.19,10.17,10.19,0.02,+0.20%,0
"2023-12-12 12:05",10.18,10.21,10.18,10.2,0.01,+0.10%,0
"2023-12-12 12:06",10.21,10.23,10.21,10.23,0.03,+0.29%,0
"2023-12-12 12:07",10.23,10.28,10.23,10.28,0.05,+0.49%,0
"2023-12-12 12:08",10.28,10.32,10.28,10.32,0.04,+0.39%,0
"2023-12-12 12:09",10.31,10.35,10.31,10.35,0.03,+0.29%,0
"2023-12-12 12:10",10.35,10.41,10.35,10.41,0.06,+0.58%,0
"2023-12-12 12:11",10.4,10.42,10.4,10.42,0.01,+0.10%,0
"2023-12-12 12:12",10.42,10.44,10.42,10.42,0,0.00%,0
"2023-12-12 12:13",10.41,10.41,10.38,10.38,-0.04,-0.38%,0
"2023-12-12 12:14",10.38,10.4,10.36,10.36,-0.02,-0.19%,0
"2023-12-12 12:15",10.36,10.41,10.36,10.39,0.03,+0.29%,0
"2023-12-12 12:16",10.4,10.44,10.4,10.44,0.05,+0.48%,0
"2023-12-12 12:17",10.44,10.47,10.44,10.46,0.02,+0.19%,0
"2023-12-12 12:18",10.45,10.49,10.45,10.49,0.03,+0.29%,0
"2023-12-12 12:19",10.48,10.52,10.48,10.52,0.03,+0.29%,0
"2023-12-12 12:20",10.52,10.54,10.52,10.52,0,0.00%,0
"2023-12-12 12:21",10.53,10.55,10.53,10.55,0.03,+0.29%,0
"2023-12-12 12:22",10.56,10.59,10.56,10.59,0.04,+0.38%,0
"2023-12-12 12:23",10.58,10.6,10.58,10.6,0.01,+0.09%,0
"2023-12-12 12:24",10.58,10.62,10.58,10.62,0.02,+0.19%,0
"2023-12-12 12:25",10.61,10.63,10.61,10.62,0,0.00%,0
"2023-12-12 12:26",10.63,10.66,10.63,10.63,0.01,+0.09%,0
"2023-12-12 12:27",10.62,10.64,10.61,10.61,-0.02,-0.19%,0
"2023-12-12 12:28",10.61,10.63,10.61,10.62,0.01,+0.09%,0
"2023-12-12 12:29",10.63,10.64,10.63,10.64,0.02,+0.19%,0
"2023-12-12 12:30",10.64,10.66,10.64,10.65,0.01,+0.09%,0
"2023-12-12 12:31",10.65,10.66,10.65,10.66,0.01,+0.09%,0
"2023-12-12 12:32",10.66,10.66,10.62,10.62,-0.04,-0.38%,0
"2023-12-12 12:33",10.61,10.61,10.6,10.6,-0.02,-0.19%,0
"2023-12-12 12:34",10.59,10.61,10.59,10.59,-0.01,-0.09%,0
"2023-12-12 12:35",10.59,10.62,10.59,10.62,0.03,+0.28%,0
"2023-12-12 12:36",10.65,10.68,10.65,10.67,0.05,+0.47%,0
"2023-12-12 12:37",10.66,10.67,10.66,10.66,-0.01,-0.09%,0
"2023-12-12 12:38",10.65,10.7,10.65,10.7,0.04,+0.38%,0
"2023-12-12 12:39",10.7,10.73,10.7,10.71,0.01,+0.09%,0
"2023-12-12 12:40",10.73,10.74,10.73,10.73,0.02,+0.19%,0
"2023-12-12 12:41",10.73,10.77,10.73,10.77,0.04,+0.37%,0
"2023-12-12 12:42",10.77,10.81,10.77,10.79,0.02,+0.19%,0
"2023-12-12 12:43",10.79,10.81,10.79,10.81,0.02,+0.19%,0
"2023-12-12 12:44",10.82,10.83,10.82,10.83,0.02,+0.19%,0
"2023-12-12 12:45",10.85,10.86,10.85,10.86,0.03,+0.28%,0
"2023-12-12 12:46",10.88,10.9,10.88,10.89,0.03,+0.28%,0
"2023-12-12 12:47",10.88,10.94,10.88,10.94,0.05,+0.46%,0
"2023-12-12 12:48",10.93,10.96,10.93,10.96,0.02,+0.18%,0
"2023-12-12 12:49",10.94,10.97,10.94,10.96,0,0.00%,0
"2023-12-12 12:50",10.94,10.99,10.94,10.99,0.03,+0.27%,0
"2023-12-12 12:51",10.99,11.01,10.99,11.01,0.02,+0.18%,0
"2023-12-12 12:52",11.01,11.01,10.98,10.98,-0.03,-0.27%,0
"2023-12-12 12:53",10.99,11,10.99,11,0.02,+0.18%,0
"2023-12-12 12:54",11.01,11.03,11.01,11.03,0.03,+0.27%,0
"2023-12-12 12:55",11.04,11.07,11.04,11.06,0.03,+0.27%,0
"2023-12-12 12:56",11.06,11.1,11.06,11.1,0.04,+0.36%,0
"2023-12-12 12:57",11.1,11.13,11.1,11.13,0.03,+0.27%,0
"2023-12-12 12:58",11.13,11.15,11.13,11.14,0.01,+0.09%,0
"2023-12-12 12:59",11.16,11.19,11.16,11.19,0.05,+0.45%,0
"2023-12-12 13:00",11.2,11.23,11.2,11.22,0.03,+0.27%,0
"2023-12-12 13:01",11.21,11.26,11.21,11.26,0.04,+0.36%,0
"2023-12-12 13:02",11.27,11.36,11.11,11.11,-0.15,-1.33%,0
"2023-12-12 13:03",11.07,11.07,11.02,11.02,-0.09,-0.81%,0
"2023-12-12 13:04",11.01,11.03,11.01,11.01,-0.01,-0.09%,0
"2023-12-12 13:05",11,11.02,10.99,10.99,-0.02,-0.18%,0
"2023-12-12 13:06",10.99,11.02,10.99,11.01,0.02,+0.18%,0
"2023-12-12 13:07",10.98,11.01,10.98,10.98,-0.03,-0.27%,0
"2023-12-12 13:08",10.97,10.99,10.97,10.99,0.01,+0.09%,0
"2023-12-12 13:09",10.99,11.01,10.98,10.98,-0.01,-0.09%,0
"2023-12-12 13:10",10.97,11,10.97,11,0.02,+0.18%,0
"2023-12-12 13:11",10.99,11,10.99,10.99,-0.01,-0.09%,0
"2023-12-12 13:12",10.99,11,10.99,11,0.01,+0.09%,0
"2023-12-12 13:13",11,11.01,11,11.01,0.01,+0.09%,0
"2023-12-12 13:14",11.01,11.03,11.01,11.03,0.02,+0.18%,0
"2023-12-12 13:15",11.02,11.03,11.02,11.02,-0.01,-0.09%,0
"2023-12-12 13:16",11.01,11.02,11.01,11.02,0,0.00%,0
"2023-12-12 13:17",11.02,11.06,11.02,11.05,0.03,+0.27%,0
"2023-12-12 13:18",11.05,11.08,11.05,11.06,0.01,+0.09%,0
"2023-12-12 13:19",11.06,11.09,11.06,11.08,0.02,+0.18%,0
"2023-12-12 13:20",11.08,11.12,11.08,11.12,0.04,+0.36%,0
"2023-12-12 13:21",11.11,11.13,11.11,11.12,0,0.00%,0
"2023-12-12 13:22",11.12,11.14,11.12,11.14,0.02,+0.18%,0
"2023-12-12 13:23",11.13,11.15,11.13,11.15,0.01,+0.09%,0
"2023-12-12 13:24",11.17,11.19,11.17,11.19,0.04,+0.36%,0
"2023-12-12 13:25",11.17,11.18,11.17,11.18,-0.01,-0.09%,0
"2023-12-12 13:26",11.18,11.19,11.18,11.19,0.01,+0.09%,0
"2023-12-12 13:27",11.19,11.2,11.19,11.2,0.01,+0.09%,0
"2023-12-12 13:28",11.2,11.21,11.2,11.21,0.01,+0.09%,0
"2023-12-12 13:29",11.2,11.22,11.2,11.21,0,0.00%,0
"2023-12-12 13:30",11.22,11.22,11.19,11.19,-0.02,-0.18%,0
"2023-12-12 13:31",11.18,11.19,11.18,11.18,-0.01,-0.09%,0
"2023-12-12 13:32",11.17,11.2,11.17,11.19,0.01,+0.09%,0
"2023-12-12 13:33",11.17,11.18,11.17,11.17,-0.02,-0.18%,0
"2023-12-12 13:34",11.17,11.2,11.17,11.19,0.02,+0.18%,0
"2023-12-12 13:35",11.19,11.22,11.19,11.2,0.01,+0.09%,0
"2023-12-12 13:36",11.17,11.18,11.16,11.18,-0.02,-0.18%,0
"2023-12-12 13:37",11.18,11.19,11.18,11.19,0.01,+0.09%,0
"2023-12-12 13:38",11.18,11.21,11.18,11.21,0.02,+0.18%,0
"2023-12-12 13:39",11.2,11.22,11.2,11.22,0.01,+0.09%,0
"2023-12-12 13:40",11.22,11.23,11.22,11.22,0,0.00%,0
"2023-12-12 13:41",11.22,11.26,11.22,11.26,0.04,+0.36%,0
"2023-12-12 13:42",11.26,11.27,11.26,11.26,0,0.00%,0
"2023-12-12 13:43",11.27,11.29,11.27,11.29,0.03,+0.27%,0
"2023-12-12 13:44",11.28,11.3,11.28,11.3,0.01,+0.09%,0
"2023-12-12 13:45",11.3,11.31,11.29,11.29,-0.01,-0.09%,0
"2023-12-12 13:46",11.3,11.31,11.29,11.29,0,0.00%,0
"2023-12-12 13:47",11.29,11.3,11.29,11.29,0,0.00%,0
"2023-12-12 13:48",11.28,11.29,11.26,11.27,-0.02,-0.18%,0
"2023-12-12 13:49",11.27,11.29,11.27,11.29,0.02,+0.18%,0
"2023-12-12 13:50",11.28,11.31,11.28,11.3,0.01,+0.09%,0
"2023-12-12 13:51",11.3,11.31,11.3,11.31,0.01,+0.09%,0
"2023-12-12 13:52",11.3,11.31,11.3,11.31,0,0.00%,0
"2023-12-12 13:53",11.32,11.32,11.31,11.32,0.01,+0.09%,0
"2023-12-12 13:54",11.3,11.32,11.3,11.32,0,0.00%,0
"2023-12-12 13:55",11.33,11.35,11.33,11.33,0.01,+0.09%,0
"2023-12-12 13:56",11.33,11.36,11.33,11.35,0.02,+0.18%,0
"2023-12-12 13:57",11.34,11.37,11.34,11.37,0.02,+0.18%,0
"2023-12-12 13:58",11.36,11.37,11.36,11.36,-0.01,-0.09%,0
"2023-12-12 13:59",11.36,11.38,11.36,11.38,0.02,+0.18%,0
"2023-12-12 14:00",11.38,11.39,11.38,11.39,0.01,+0.09%,0
"2023-12-12 14:01",11.4,11.42,11.4,11.42,0.03,+0.26%,0
"2023-12-12 14:02",11.42,11.44,11.42,11.44,0.02,+0.18%,0
"2023-12-12 14:03",11.43,11.45,11.43,11.45,0.01,+0.09%,0
"2023-12-12 14:04",11.45,11.47,11.45,11.46,0.01,+0.09%,0
"2023-12-12 14:05",11.46,11.48,11.46,11.48,0.02,+0.17%,0
"2023-12-12 14:06",11.48,11.49,11.48,11.48,0,0.00%,0
"2023-12-12 14:07",11.47,11.49,11.47,11.48,0,0.00%,0
"2023-12-12 14:08",11.48,11.51,11.48,11.51,0.03,+0.26%,0
"2023-12-12 14:09",11.51,11.54,11.51,11.51,0,0.00%,0
"2023-12-12 14:10",11.52,11.54,11.52,11.54,0.03,+0.26%,0
"2023-12-12 14:11",11.53,11.56,11.53,11.56,0.02,+0.17%,0
"2023-12-12 14:12",11.56,11.58,11.54,11.54,-0.02,-0.17%,0
"2023-12-12 14:13",11.53,11.53,11.51,11.51,-0.03,-0.26%,0
"2023-12-12 14:14",11.5,11.52,11.5,11.51,0,0.00%,0
"2023-12-12 14:15",11.5,11.53,11.5,11.53,0.02,+0.17%,0
"2023-12-12 14:16",11.52,11.54,11.52,11.53,0,0.00%,0
"2023-12-12 14:17",11.53,11.56,11.53,11.55,0.02,+0.17%,0
"2023-12-12 14:18",11.54,11.56,11.54,11.56,0.01,+0.09%,0
"2023-12-12 14:19",11.55,11.57,11.55,11.56,0,0.00%,0
"2023-12-12 14:20",11.56,11.58,11.56,11.58,0.02,+0.17%,0
"2023-12-12 14:21",11.58,11.6,11.58,11.6,0.02,+0.17%,0
"2023-12-12 14:22",11.57,11.58,11.57,11.58,-0.02,-0.17%,0
"2023-12-12 14:23",11.57,11.59,11.57,11.58,0,0.00%,0
"2023-12-12 14:24",11.58,11.6,11.58,11.6,0.02,+0.17%,0
"2023-12-12 14:25",11.6,11.61,11.59,11.6,0,0.00%,0
"2023-12-12 14:26",11.59,11.61,11.59,11.61,0.01,+0.09%,0
"2023-12-12 14:27",11.61,11.63,11.61,11.62,0.01,+0.09%,0
"2023-12-12 14:28",11.63,11.64,11.61,11.61,-0.01,-0.09%,0
"2023-12-12 14:29",11.62,11.62,11.6,11.6,-0.01,-0.09%,0
"2023-12-12 14:30",11.59,11.6,11.57,11.57,-0.03,-0.26%,0
"2023-12-12 14:31",11.55,11.58,11.55,11.57,0,0.00%,0
"2023-12-12 14:32",11.57,11.57,11.56,11.56,-0.01,-0.09%,0
"2023-12-12 14:33",11.56,11.58,11.56,11.56,0,0.00%,0
"2023-12-12 14:34",11.56,11.58,11.56,11.58,0.02,+0.17%,0
"2023-12-12 14:35",11.57,11.58,11.57,11.58,0,0.00%,0
"2023-12-12 14:36",11.58,11.6,11.58,11.58,0,0.00%,0
"2023-12-12 14:37",11.58,11.6,11.58,11.58,0,0.00%,0
"2023-12-12 14:38",11.59,11.62,11.59,11.61,0.03,+0.26%,0
"2023-12-12 14:39",11.6,11.62,11.59,11.59,-0.02,-0.17%,0
"2023-12-12 14:40",11.59,11.61,11.56,11.56,-0.03,-0.26%,0
"2023-12-12 14:41",11.55,11.55,11.53,11.54,-0.02,-0.17%,0
"2023-12-12 14:42",11.55,11.61,11.55,11.61,0.07,+0.61%,0
"2023-12-12 14:43",11.6,11.6,11.56,11.57,-0.04,-0.34%,0
"2023-12-12 14:44",11.57,11.6,11.57,11.6,0.03,+0.26%,0
"2023-12-12 14:45",11.62,11.62,11.61,11.61,0.01,+0.09%,0
"2023-12-12 14:46",11.6,11.61,11.59,11.59,-0.02,-0.17%,0
"2023-12-12 14:47",11.58,11.6,11.58,11.6,0.01,+0.09%,0
"2023-12-12 14:48",11.59,11.63,11.59,11.63,0.03,+0.26%,0
"2023-12-12 14:49",11.62,11.66,11.62,11.65,0.02,+0.17%,0
"2023-12-12 14:50",11.65,11.69,11.65,11.69,0.04,+0.34%,0
"2023-12-12 14:51",11.67,11.69,11.6,11.61,-0.08,-0.68%,0
"2023-12-12 14:52",11.61,11.62,11.61,11.62,0.01,+0.09%,0
"2023-12-12 14:53",11.61,11.7,11.61,11.7,0.08,+0.69%,0
"2023-12-12 14:54",11.7,11.73,11.7,11.73,0.03,+0.26%,0
"2023-12-12 14:55",11.72,11.74,11.72,11.73,0,0.00%,0
"2023-12-12 14:56",11.73,11.77,11.73,11.76,0.03,+0.26%,0
"2023-12-12 14:57",11.75,11.77,11.75,11.75,-0.01,-0.09%,0
"2023-12-12 14:58",11.75,11.78,11.75,11.78,0.03,+0.26%,0
"2023-12-12 14:59",11.75,11.75,11.71,11.72,-0.06,-0.51%,0
"2023-12-12 15:00",11.73,11.73,11.7,11.7,-0.02,-0.17%,0
"2023-12-12 15:01",11.69,11.7,11.68,11.68,-0.02,-0.17%,0
"2023-12-12 15:02",11.7,11.74,11.7,11.74,0.06,+0.51%,0
"2023-12-12 15:03",11.72,11.77,11.72,11.77,0.03,+0.26%,0
"2023-12-12 15:04",11.77,11.86,11.77,11.86,0.09,+0.76%,0
"2023-12-12 15:05",11.88,11.92,11.88,11.92,0.06,+0.51%,0
"2023-12-12 15:06",11.86,11.88,11.86,11.88,-0.04,-0.34%,0
"2023-12-12 15:07",11.88,11.91,11.88,11.9,0.02,+0.17%,0
"2023-12-12 15:08",11.9,11.95,11.9,11.95,0.05,+0.42%,0
"2023-12-12 15:09",11.97,12.02,11.97,12.02,0.07,+0.59%,0
"2023-12-12 15:10",12.01,12.01,11.97,11.97,-0.05,-0.42%,0
"2023-12-12 15:11",11.98,11.99,11.98,11.99,0.02,+0.17%,0
"2023-12-12 15:12",11.99,12.01,11.99,12,0.01,+0.08%,0
"2023-12-12 15:13",11.99,12.02,11.99,11.99,-0.01,-0.08%,0
"2023-12-12 15:14",11.98,12.01,11.98,12.01,0.02,+0.17%,0
"2023-12-12 15:15",12.02,12.06,12.02,12.06,0.05,+0.42%,0
"2023-12-12 15:16",12.04,12.08,12.04,12.07,0.01,+0.08%,0
"2023-12-12 15:17",12.1,12.14,12.1,12.13,0.06,+0.50%,0
"2023-12-12 15:18",12.14,12.17,12.14,12.16,0.03,+0.25%,0
"2023-12-12 15:19",12.17,12.18,12.16,12.18,0.02,+0.16%,0
"2023-12-12 15:20",12.16,12.19,12.16,12.19,0.01,+0.08%,0
"2023-12-12 15:21",12.19,12.21,12.19,12.2,0.01,+0.08%,0
"2023-12-12 15:22",12.21,12.22,12.2,12.2,0,0.00%,0
"2023-12-12 15:23",12.2,12.21,12.2,12.2,0,0.00%,0
"2023-12-12 15:24",12.2,12.22,12.2,12.21,0.01,+0.08%,0
"2023-12-12 15:25",12.19,12.22,12.19,12.21,0,0.00%,0
"2023-12-12 15:26",12.22,12.25,12.22,12.24,0.03,+0.25%,0
"2023-12-12 15:27",12.25,12.25,12.24,12.24,0,0.00%,0
"2023-12-12 15:28",12.24,12.27,12.24,12.27,0.03,+0.25%,0
"2023-12-12 15:29",12.26,12.3,12.26,12.26,-0.01,-0.08%,0
"2023-12-12 15:30",12.25,12.27,12.25,12.26,0,0.00%,0
"2023-12-12 15:31",12.28,12.31,12.28,12.29,0.03,+0.24%,0
"2023-12-12 15:32",12.32,12.34,12.32,12.34,0.05,+0.41%,0
"2023-12-12 15:33",12.33,12.35,12.33,12.35,0.01,+0.08%,0
"2023-12-12 15:34",12.35,12.37,12.35,12.35,0,0.00%,0
"2023-12-12 15:35",12.33,12.35,12.33,12.35,0,0.00%,0
"2023-12-12 15:36",12.35,12.38,12.35,12.38,0.03,+0.24%,0
"2023-12-12 15:37",12.37,12.39,12.36,12.36,-0.02,-0.16%,0
"2023-12-12 15:38",12.34,12.4,12.34,12.4,0.04,+0.32%,0
"2023-12-12 15:39",12.41,12.41,12.4,12.41,0.01,+0.08%,0
"2023-12-12 15:40",12.42,12.44,12.42,12.44,0.03,+0.24%,0
"2023-12-12 15:41",12.42,12.43,12.42,12.42,-0.02,-0.16%,0
"2023-12-12 15:42",12.41,12.43,12.41,12.43,0.01,+0.08%,0
"2023-12-12 15:43",12.42,12.44,12.42,12.43,0,0.00%,0
"2023-12-12 15:44",12.45,12.46,12.45,12.45,0.02,+0.16%,0
"2023-12-12 15:45",12.46,12.46,12.44,12.44,-0.01,-0.08%,0
"2023-12-12 15:46",12.43,12.45,12.43,12.44,0,0.00%,0
"2023-12-12 15:47",12.44,12.47,12.44,12.46,0.02,+0.16%,0
"2023-12-12 15:48",12.45,12.47,12.45,12.45,-0.01,-0.08%,0
"2023-12-12 15:49",12.43,12.44,12.4,12.4,-0.05,-0.40%,0
"2023-12-12 15:50",12.37,12.4,12.37,12.39,-0.01,-0.08%,0
"2023-12-12 15:51",12.35,12.4,12.35,12.38,-0.01,-0.08%,0
"2023-12-12 15:52",12.37,12.39,12.36,12.36,-0.02,-0.16%,0
"2023-12-12 15:53",12.37,12.37,12.34,12.34,-0.02,-0.16%,0
"2023-12-12 15:54",12.34,12.36,12.34,12.36,0.02,+0.16%,0
"2023-12-12 15:55",12.37,12.44,12.37,12.44,0.08,+0.65%,0
"2023-12-12 15:56",12.44,12.49,12.44,12.49,0.05,+0.40%,0
"2023-12-12 15:57",12.48,12.57,12.48,12.54,0.05,+0.40%,0
"2023-12-12 15:58",12.58,12.58,12.53,12.53,-0.01,-0.08%,0
"2023-12-12 15:59",12.51,12.53,12.45,12.45,-0.08,-0.64%,0
"2023-12-12 16:00",12.45,12.45,12.37,12.37,-0.08,-0.64%,0
"2023-12-12 16:01",12.33,12.35,12.25,12.25,-0.12,-0.97%,0
"2023-12-12 16:02",12.14,12.19,12.14,12.19,-0.06,-0.49%,0
"2023-12-12 16:03",12.2,12.3,12.2,12.2,0.01,+0.08%,0
"2023-12-12 16:04",12.22,12.23,12.22,12.23,0.03,+0.25%,0
"2023-12-12 16:05",12.41,12.53,12.41,12.53,0.3,+2.45%,0
"2023-12-12 16:06",12.56,12.56,12.52,12.53,0,0.00%,0
"2023-12-12 16:07",12.52,12.52,12.51,12.52,-0.01,-0.08%,0
"2023-12-12 16:08",12.52,12.55,12.52,12.54,0.02,+0.16%,0
"2023-12-12 16:09",12.49,12.49,12.48,12.49,-0.05,-0.40%,0
"2023-12-12 16:10",12.5,12.53,12.5,12.53,0.04,+0.32%,0
"2023-12-12 16:11",12.52,12.53,12.5,12.5,-0.03,-0.24%,0
"2023-12-12 16:12",12.51,12.57,12.51,12.57,0.07,+0.56%,0
"2023-12-12 16:13",12.55,12.64,12.55,12.64,0.07,+0.56%,0
"2023-12-12 16:14",12.59,12.6,12.59,12.6,-0.04,-0.32%,0
"2023-12-12 16:15",12.61,12.61,12.61,12.61,0.01,+0.08%,0
"2023-12-13 09:31",11.51,11.51,11.43,11.43,-1.18,-9.36%,0
"2023-12-13 09:32",11.41,11.41,11.25,11.25,-0.18,-1.57%,0
"2023-12-13 09:33",11.25,11.25,11.15,11.16,-0.09,-0.80%,0
"2023-12-13 09:34",11.13,11.14,11.07,11.07,-0.09,-0.81%,0
"2023-12-13 09:35",11.07,11.07,11.04,11.04,-0.03,-0.27%,0
"2023-12-13 09:36",11.04,11.07,11.04,11.07,0.03,+0.27%,0
"2023-12-13 09:37",11.08,11.09,11.08,11.08,0.01,+0.09%,0
"2023-12-13 09:38",11.11,11.14,11.11,11.13,0.05,+0.45%,0
"2023-12-13 09:39",11.12,11.2,11.12,11.2,0.07,+0.63%,0
"2023-12-13 09:40",11.2,11.2,11.18,11.2,0,0.00%,0
"2023-12-13 09:41",11.18,11.18,11.17,11.18,-0.02,-0.18%,0
"2023-12-13 09:42",11.18,11.19,11.17,11.17,-0.01,-0.09%,0
"2023-12-13 09:43",11.19,11.21,11.19,11.21,0.04,+0.36%,0
"2023-12-13 09:44",11.21,11.3,11.21,11.3,0.09,+0.80%,0
"2023-12-13 09:45",11.31,11.35,11.31,11.34,0.04,+0.35%,0
"2023-12-13 09:46",11.37,11.41,11.37,11.4,0.06,+0.53%,0
"2023-12-13 09:47",11.41,11.44,11.41,11.44,0.04,+0.35%,0
"2023-12-13 09:48",11.45,11.45,11.37,11.37,-0.07,-0.61%,0
"2023-12-13 09:49",11.38,11.4,11.38,11.4,0.03,+0.26%,0
"2023-12-13 09:50",11.41,11.44,11.41,11.44,0.04,+0.35%,0
"2023-12-13 09:51",11.45,11.46,11.44,11.46,0.02,+0.17%,0
"2023-12-13 09:52",11.48,11.49,11.48,11.48,0.02,+0.17%,0
"2023-12-13 09:53",11.48,11.51,11.48,11.5,0.02,+0.17%,0
"2023-12-13 09:54",11.5,11.51,11.5,11.51,0.01,+0.09%,0
"2023-12-13 09:55",11.5,11.5,11.49,11.5,-0.01,-0.09%,0
"2023-12-13 09:56",11.52,11.54,11.51,11.52,0.02,+0.17%,0
"2023-12-13 09:57",11.54,11.59,11.54,11.59,0.07,+0.61%,0
"2023-12-13 09:58",11.6,11.63,11.6,11.63,0.04,+0.35%,0
"2023-12-13 09:59",11.62,11.66,11.62,11.66,0.03,+0.26%,0
"2023-12-13 10:00",11.68,11.73,11.68,11.73,0.07,+0.60%,0
"2023-12-13 10:01",11.74,11.76,11.74,11.75,0.02,+0.17%,0
"2023-12-13 10:02",11.75,11.78,11.75,11.78,0.03,+0.26%,0
"2023-12-13 10:03",11.79,11.79,11.76,11.76,-0.02,-0.17%,0
"2023-12-13 10:04",11.77,11.79,11.77,11.79,0.03,+0.26%,0
"2023-12-13 10:05",11.81,11.83,11.81,11.81,0.02,+0.17%,0
"2023-12-13 10:06",11.81,11.85,11.81,11.84,0.03,+0.25%,0
"2023-12-13 10:07",11.83,11.86,11.81,11.81,-0.03,-0.25%,0
"2023-12-13 10:08",11.82,11.85,11.82,11.84,0.03,+0.25%,0
"2023-12-13 10:09",11.84,11.85,11.84,11.84,0,0.00%,0
"2023-12-13 10:10",11.86,11.86,11.84,11.84,0,0.00%,0
"2023-12-13 10:11",11.83,11.84,11.83,11.84,0,0.00%,0
"2023-12-13 10:12",11.85,11.86,11.84,11.84,0,0.00%,0
"2023-12-13 10:13",11.82,11.83,11.82,11.83,-0.01,-0.08%,0
"2023-12-13 10:14",11.83,11.85,11.83,11.85,0.02,+0.17%,0
"2023-12-13 10:15",11.84,11.85,11.83,11.84,-0.01,-0.08%,0
"2023-12-13 10:16",11.85,11.86,11.85,11.86,0.02,+0.17%,0
"2023-12-13 10:17",11.86,11.9,11.86,11.9,0.04,+0.34%,0
"2023-12-13 10:18",11.91,11.91,11.9,11.9,0,0.00%,0
"2023-12-13 10:19",11.91,11.92,11.91,11.92,0.02,+0.17%,0
"2023-12-13 10:20",11.92,11.93,11.91,11.91,-0.01,-0.08%,0
"2023-12-13 10:21",11.9,11.94,11.9,11.93,0.02,+0.17%,0
"2023-12-13 10:22",11.89,11.92,11.89,11.91,-0.02,-0.17%,0
"2023-12-13 10:23",11.91,11.93,11.91,11.93,0.02,+0.17%,0
"2023-12-13 10:24",11.92,11.95,11.92,11.95,0.02,+0.17%,0
"2023-12-13 10:25",11.94,11.96,11.94,11.96,0.01,+0.08%,0
"2023-12-13 10:26",11.95,11.98,11.95,11.98,0.02,+0.17%,0
"2023-12-13 10:27",11.98,11.99,11.98,11.98,0,0.00%,0
"2023-12-13 10:28",12,12.01,12,12,0.02,+0.17%,0
"2023-12-13 10:29",11.99,12.01,11.99,12.01,0.01,+0.08%,0
"2023-12-13 10:30",12.01,12.03,12.01,12.02,0.01,+0.08%,0
"2023-12-13 10:31",12.02,12.02,11.99,11.99,-0.03,-0.25%,0
"2023-12-13 10:32",12,12.02,11.99,11.99,0,0.00%,0
"2023-12-13 10:33",11.99,12.02,11.99,12.02,0.03,+0.25%,0
"2023-12-13 10:34",12.01,12.04,12.01,12.02,0,0.00%,0
"2023-12-13 10:35",12.02,12.06,12.02,12.06,0.04,+0.33%,0
"2023-12-13 10:36",12.06,12.09,12.06,12.08,0.02,+0.17%,0
"2023-12-13 10:37",12.09,12.1,12.09,12.1,0.02,+0.17%,0
"2023-12-13 10:38",12.12,12.13,12.11,12.11,0.01,+0.08%,0
"2023-12-13 10:39",12.11,12.13,12.11,12.13,0.02,+0.17%,0
"2023-12-13 10:40",12.13,12.13,12.12,12.13,0,0.00%,0
"2023-12-13 10:41",12.14,12.15,12.11,12.11,-0.02,-0.16%,0
"2023-12-13 10:42",12.12,12.13,12.11,12.11,0,0.00%,0
"2023-12-13 10:43",12.09,12.12,12.09,12.12,0.01,+0.08%,0
"2023-12-13 10:44",12.12,12.14,12.12,12.14,0.02,+0.17%,0
"2023-12-13 10:45",12.12,12.14,12.12,12.13,-0.01,-0.08%,0
"2023-12-13 10:46",12.13,12.14,12.12,12.12,-0.01,-0.08%,0
"2023-12-13 10:47",12.09,12.1,12.09,12.09,-0.03,-0.25%,0
"2023-12-13 10:48",12.09,12.11,12.09,12.11,0.02,+0.17%,0
"2023-12-13 10:49",12.11,12.14,12.11,12.13,0.02,+0.17%,0
"2023-12-13 10:50",12.12,12.15,12.12,12.14,0.01,+0.08%,0
"2023-12-13 10:51",12.14,12.17,12.14,12.16,0.02,+0.16%,0
"2023-12-13 10:52",12.18,12.19,12.15,12.15,-0.01,-0.08%,0
"2023-12-13 10:53",12.14,12.16,12.14,12.16,0.01,+0.08%,0
"2023-12-13 10:54",12.15,12.16,12.15,12.16,0,0.00%,0
"2023-12-13 10:55",12.16,12.18,12.16,12.17,0.01,+0.08%,0
"2023-12-13 10:56",12.14,12.15,12.14,12.14,-0.03,-0.25%,0
"2023-12-13 10:57",12.14,12.16,12.14,12.16,0.02,+0.16%,0
"2023-12-13 10:58",12.16,12.18,12.16,12.18,0.02,+0.16%,0
"2023-12-13 10:59",12.18,12.2,12.18,12.2,0.02,+0.16%,0
"2023-12-13 11:00",12.2,12.23,12.2,12.23,0.03,+0.25%,0
"2023-12-13 11:01",12.22,12.27,12.22,12.27,0.04,+0.33%,0
"2023-12-13 11:02",12.24,12.25,12.24,12.24,-0.03,-0.24%,0
"2023-12-13 11:03",12.24,12.28,12.24,12.27,0.03,+0.25%,0
"2023-12-13 11:04",12.27,12.29,12.27,12.29,0.02,+0.16%,0
"2023-12-13 11:05",12.29,12.31,12.29,12.31,0.02,+0.16%,0
"2023-12-13 11:06",12.3,12.32,12.3,12.31,0,0.00%,0
"2023-12-13 11:07",12.3,12.32,12.3,12.32,0.01,+0.08%,0
"2023-12-13 11:08",12.31,12.34,12.31,12.33,0.01,+0.08%,0
"2023-12-13 11:09",12.33,12.38,12.33,12.38,0.05,+0.41%,0
"2023-12-13 11:10",12.38,12.41,12.38,12.41,0.03,+0.24%,0
"2023-12-13 11:11",12.41,12.48,12.41,12.48,0.07,+0.56%,0
"2023-12-13 11:12",12.49,12.53,12.49,12.53,0.05,+0.40%,0
"2023-12-13 11:13",12.56,12.59,12.56,12.59,0.06,+0.48%,0
"2023-12-13 11:14",12.58,12.6,12.58,12.6,0.01,+0.08%,0
"2023-12-13 11:15",12.6,12.62,12.6,12.61,0.01,+0.08%,0
"2023-12-13 11:16",12.6,12.63,12.6,12.63,0.02,+0.16%,0
"2023-12-13 11:17",12.63,12.65,12.63,12.64,0.01,+0.08%,0
"2023-12-13 11:18",12.64,12.66,12.64,12.66,0.02,+0.16%,0
"2023-12-13 11:19",12.67,12.7,12.67,12.7,0.04,+0.32%,0
"2023-12-13 11:20",12.7,12.74,12.7,12.72,0.02,+0.16%,0
"2023-12-13 11:21",12.72,12.74,12.72,12.73,0.01,+0.08%,0
"2023-12-13 11:22",12.73,12.79,12.73,12.79,0.06,+0.47%,0
"2023-12-13 11:23",12.79,12.81,12.79,12.81,0.02,+0.16%,0
"2023-12-13 11:24",12.82,12.82,12.81,12.81,0,0.00%,0
"2023-12-13 11:25",12.8,12.82,12.77,12.77,-0.04,-0.31%,0
"2023-12-13 11:26",12.78,12.8,12.78,12.79,0.02,+0.16%,0
"2023-12-13 11:27",12.79,12.81,12.79,12.8,0.01,+0.08%,0
"2023-12-13 11:28",12.8,12.82,12.8,12.81,0.01,+0.08%,0
"2023-12-13 11:29",12.81,12.85,12.81,12.84,0.03,+0.23%,0
"2023-12-13 11:30",12.84,12.86,12.84,12.86,0.02,+0.16%,0
"2023-12-13 11:31",12.85,12.85,12.83,12.84,-0.02,-0.16%,0
"2023-12-13 11:32",12.83,12.85,12.83,12.85,0.01,+0.08%,0
"2023-12-13 11:33",12.85,12.87,12.85,12.87,0.02,+0.16%,0
"2023-12-13 11:34",12.85,12.86,12.85,12.86,-0.01,-0.08%,0
"2023-12-13 11:35",12.87,12.87,12.85,12.85,-0.01,-0.08%,0
"2023-12-13 11:36",12.86,12.88,12.86,12.88,0.03,+0.23%,0
"2023-12-13 11:37",12.88,12.9,12.88,12.89,0.01,+0.08%,0
"2023-12-13 11:38",12.9,12.92,12.9,12.92,0.03,+0.23%,0
"2023-12-13 11:39",12.91,12.94,12.91,12.94,0.02,+0.15%,0
"2023-12-13 11:40",12.95,12.97,12.95,12.97,0.03,+0.23%,0
"2023-12-13 11:41",12.98,13.01,12.98,13,0.03,+0.23%,0
"2023-12-13 11:42",12.97,12.99,12.96,12.98,-0.02,-0.15%,0
"2023-12-13 11:43",13,13.03,13,13.02,0.04,+0.31%,0
"2023-12-13 11:44",13.02,13.02,13,13,-0.02,-0.15%,0
"2023-12-13 11:45",13.01,13.05,13.01,13.01,0.01,+0.08%,0
"2023-12-13 11:46",13.01,13.03,13.01,13.03,0.02,+0.15%,0
"2023-12-13 11:47",13.02,13.03,13.02,13.03,0,0.00%,0
"2023-12-13 11:48",13.03,13.06,13.03,13.05,0.02,+0.15%,0
"2023-12-13 11:49",13.05,13.07,13.05,13.07,0.02,+0.15%,0
"2023-12-13 11:50",13.07,13.08,13.07,13.08,0.01,+0.08%,0
"2023-12-13 11:51",13.08,13.1,13.08,13.1,0.02,+0.15%,0
"2023-12-13 11:52",13.1,13.12,13.1,13.11,0.01,+0.08%,0
"2023-12-13 11:53",13.1,13.11,13.1,13.11,0,0.00%,0
"2023-12-13 11:54",13.12,13.15,13.12,13.14,0.03,+0.23%,0
"2023-12-13 11:55",13.14,13.17,13.14,13.17,0.03,+0.23%,0
"2023-12-13 11:56",13.17,13.2,13.17,13.2,0.03,+0.23%,0
"2023-12-13 11:57",13.19,13.21,13.19,13.21,0.01,+0.08%,0
"2023-12-13 11:58",13.21,13.22,13.2,13.21,0,0.00%,0
"2023-12-13 11:59",13.21,13.22,13.2,13.2,-0.01,-0.08%,0
"2023-12-13 12:00",13.18,13.2,13.18,13.19,-0.01,-0.08%,0
"2023-12-13 12:01",13.18,13.2,13.18,13.2,0.01,+0.08%,0
"2023-12-13 12:02",13.2,13.22,13.2,13.22,0.02,+0.15%,0
"2023-12-13 12:03",13.22,13.25,13.22,13.25,0.03,+0.23%,0
"2023-12-13 12:04",13.24,13.26,13.24,13.26,0.01,+0.08%,0
"2023-12-13 12:05",13.26,13.28,13.26,13.27,0.01,+0.08%,0
"2023-12-13 12:06",13.27,13.29,13.27,13.29,0.02,+0.15%,0
"2023-12-13 12:07",13.29,13.32,13.29,13.32,0.03,+0.23%,0
"2023-12-13 12:08",13.32,13.36,13.32,13.36,0.04,+0.30%,0
"2023-12-13 12:09",13.36,13.39,13.36,13.39,0.03,+0.22%,0
"2023-12-13 12:10",13.38,13.4,13.38,13.4,0.01,+0.07%,0
"2023-12-13 12:11",13.41,13.44,13.41,13.43,0.03,+0.22%,0
"2023-12-13 12:12",13.43,13.45,13.43,13.45,0.02,+0.15%,0
"2023-12-13 12:13",13.46,13.51,13.46,13.51,0.06,+0.45%,0
"2023-12-13 12:14",13.51,13.54,13.51,13.54,0.03,+0.22%,0
"2023-12-13 12:15",13.54,13.56,13.54,13.56,0.02,+0.15%,0
"2023-12-13 12:16",13.56,13.57,13.56,13.57,0.01,+0.07%,0
"2023-12-13 12:17",13.57,13.6,13.57,13.6,0.03,+0.22%,0
"2023-12-13 12:18",13.58,13.6,13.58,13.6,0,0.00%,0
"2023-12-13 12:19",13.61,13.64,13.61,13.64,0.04,+0.29%,0
"2023-12-13 12:20",13.65,13.67,13.65,13.67,0.03,+0.22%,0
"2023-12-13 12:21",13.66,13.68,13.66,13.68,0.01,+0.07%,0
"2023-12-13 12:22",13.68,13.72,13.68,13.72,0.04,+0.29%,0
"2023-12-13 12:23",13.71,13.74,13.71,13.74,0.02,+0.15%,0
"2023-12-13 12:24",13.73,13.75,13.73,13.75,0.01,+0.07%,0
"2023-12-13 12:25",13.76,13.77,13.76,13.76,0.01,+0.07%,0
"2023-12-13 12:26",13.75,13.78,13.75,13.78,0.02,+0.15%,0
"2023-12-13 12:27",13.78,13.79,13.78,13.79,0.01,+0.07%,0
"2023-12-13 12:28",13.79,13.81,13.79,13.81,0.02,+0.15%,0
"2023-12-13 12:29",13.81,13.85,13.81,13.85,0.04,+0.29%,0
"2023-12-13 12:30",13.85,13.86,13.85,13.86,0.01,+0.07%,0
"2023-12-13 12:31",13.86,13.9,13.86,13.9,0.04,+0.29%,0
"2023-12-13 12:32",13.9,13.94,13.9,13.94,0.04,+0.29%,0
"2023-12-13 12:33",13.94,13.95,13.93,13.93,-0.01,-0.07%,0
"2023-12-13 12:34",13.9,13.91,13.89,13.91,-0.02,-0.14%,0
"2023-12-13 12:35",13.91,13.99,13.91,13.99,0.08,+0.58%,0
"2023-12-13 12:36",14,14.05,14,14.05,0.06,+0.43%,0
"2023-12-13 12:37",14.05,14.08,14.05,14.08,0.03,+0.21%,0
"2023-12-13 12:38",14.08,14.13,14.08,14.1,0.02,+0.14%,0
"2023-12-13 12:39",14.1,14.11,14.1,14.11,0.01,+0.07%,0
"2023-12-13 12:40",14.1,14.13,14.1,14.12,0.01,+0.07%,0
"2023-12-13 12:41",14.12,14.14,14.12,14.14,0.02,+0.14%,0
"2023-12-13 12:42",14.14,14.16,14.14,14.16,0.02,+0.14%,0
"2023-12-13 12:43",14.16,14.19,14.16,14.19,0.03,+0.21%,0
"2023-12-13 12:44",14.19,14.22,14.19,14.21,0.02,+0.14%,0
"2023-12-13 12:45",14.22,14.24,14.22,14.24,0.03,+0.21%,0
"2023-12-13 12:46",14.23,14.25,14.23,14.25,0.01,+0.07%,0
"2023-12-13 12:47",14.25,14.27,14.25,14.27,0.02,+0.14%,0
"2023-12-13 12:48",14.27,14.28,14.27,14.28,0.01,+0.07%,0
"2023-12-13 12:49",14.29,14.29,14.25,14.25,-0.03,-0.21%,0
"2023-12-13 12:50",14.24,14.24,14.17,14.17,-0.08,-0.56%,0
"2023-12-13 12:51",14.18,14.19,14.18,14.18,0.01,+0.07%,0
"2023-12-13 12:52",14.19,14.19,14.18,14.18,0,0.00%,0
"2023-12-13 12:53",14.18,14.22,14.18,14.22,0.04,+0.28%,0
"2023-12-13 12:54",14.22,14.24,14.22,14.24,0.02,+0.14%,0
"2023-12-13 12:55",14.25,14.26,14.25,14.25,0.01,+0.07%,0
"2023-12-13 12:56",14.25,14.28,14.25,14.28,0.03,+0.21%,0
"2023-12-13 12:57",14.27,14.29,14.27,14.29,0.01,+0.07%,0
"2023-12-13 12:58",14.28,14.31,14.28,14.31,0.02,+0.14%,0
"2023-12-13 12:59",14.31,14.32,14.31,14.32,0.01,+0.07%,0
"2023-12-13 13:00",14.37,14.41,14.37,14.41,0.09,+0.63%,0
"2023-12-13 13:01",14.44,14.45,14.44,14.45,0.04,+0.28%,0
"2023-12-13 13:02",14.46,14.5,14.46,14.5,0.05,+0.35%,0
"2023-12-13 13:03",14.49,14.5,14.49,14.5,0,0.00%,0
"2023-12-13 13:04",14.49,14.54,14.49,14.54,0.04,+0.28%,0
"2023-12-13 13:05",14.57,14.62,14.57,14.62,0.08,+0.55%,0
"2023-12-13 13:06",14.62,14.65,14.62,14.65,0.03,+0.21%,0
"2023-12-13 13:07",14.62,14.65,14.62,14.63,-0.02,-0.14%,0
"2023-12-13 13:08",14.64,14.66,14.64,14.66,0.03,+0.21%,0
"2023-12-13 13:09",14.68,14.7,14.68,14.7,0.04,+0.27%,0
"2023-12-13 13:10",14.71,14.75,14.71,14.75,0.05,+0.34%,0
"2023-12-13 13:11",14.76,14.79,14.76,14.78,0.03,+0.20%,0
"2023-12-13 13:12",14.78,14.84,14.78,14.84,0.06,+0.41%,0
"2023-12-13 13:13",14.85,14.87,14.85,14.87,0.03,+0.20%,0
"2023-12-13 13:14",14.87,14.91,14.86,14.91,0.04,+0.27%,0
"2023-12-13 13:15",14.92,14.93,14.9,14.9,-0.01,-0.07%,0
"2023-12-13 13:16",14.9,14.93,14.9,14.92,0.02,+0.13%,0
"2023-12-13 13:17",14.93,14.96,14.93,14.96,0.04,+0.27%,0
"2023-12-13 13:18",14.98,15,14.98,14.98,0.02,+0.13%,0
"2023-12-13 13:19",14.98,15.03,14.98,15.03,0.05,+0.33%,0
"2023-12-13 13:20",15.03,15.05,15.03,15.04,0.01,+0.07%,0
"2023-12-13 13:21",15.04,15.05,15.04,15.04,0,0.00%,0
"2023-12-13 13:22",15.04,15.04,14.97,14.97,-0.07,-0.47%,0
"2023-12-13 13:23",14.97,14.99,14.97,14.99,0.02,+0.13%,0
"2023-12-13 13:24",14.99,15.02,14.99,15.01,0.02,+0.13%,0
"2023-12-13 13:25",15.01,15.01,14.98,14.98,-0.03,-0.20%,0
"2023-12-13 13:26",14.98,15,14.98,14.98,0,0.00%,0
"2023-12-13 13:27",14.98,14.99,14.98,14.99,0.01,+0.07%,0
"2023-12-13 13:28",14.99,15.03,14.99,15.03,0.04,+0.27%,0
"2023-12-13 13:29",15.03,15.03,15.01,15.01,-0.02,-0.13%,0
"2023-12-13 13:30",15.01,15.05,15.01,15.05,0.04,+0.27%,0
"2023-12-13 13:31",15.04,15.05,15.04,15.05,0,0.00%,0
"2023-12-13 13:32",15.04,15.07,15.04,15.04,-0.01,-0.07%,0
"2023-12-13 13:33",15.04,15.05,15.02,15.02,-0.02,-0.13%,0
"2023-12-13 13:34",15.03,15.06,15.03,15.06,0.04,+0.27%,0
"2023-12-13 13:35",15.05,15.08,15.05,15.08,0.02,+0.13%,0
"2023-12-13 13:36",15.07,15.1,15.07,15.08,0,0.00%,0
"2023-12-13 13:37",15.05,15.05,15,15,-0.08,-0.53%,0
"2023-12-13 13:38",15.01,15.03,15.01,15.01,0.01,+0.07%,0
"2023-12-13 13:39",15.01,15.02,15,15,-0.01,-0.07%,0
"2023-12-13 13:40",15,15.01,15,15.01,0.01,+0.07%,0
"2023-12-13 13:41",14.99,14.99,14.98,14.98,-0.03,-0.20%,0
"2023-12-13 13:42",14.98,14.98,14.94,14.94,-0.04,-0.27%,0
"2023-12-13 13:43",14.94,14.96,14.94,14.96,0.02,+0.13%,0
"2023-12-13 13:44",14.96,14.96,14.95,14.95,-0.01,-0.07%,0
"2023-12-13 13:45",14.94,14.95,14.94,14.94,-0.01,-0.07%,0
"2023-12-13 13:46",14.94,14.95,14.94,14.94,0,0.00%,0
"2023-12-13 13:47",14.92,14.92,14.87,14.87,-0.07,-0.47%,0
"2023-12-13 13:48",14.87,14.87,14.86,14.86,-0.01,-0.07%,0
"2023-12-13 13:49",14.82,14.82,14.78,14.78,-0.08,-0.54%,0
"2023-12-13 13:50",14.78,14.8,14.78,14.79,0.01,+0.07%,0
"2023-12-13 13:51",14.77,14.81,14.77,14.8,0.01,+0.07%,0
"2023-12-13 13:52",14.82,14.82,14.81,14.82,0.02,+0.14%,0
"2023-12-13 13:53",14.82,14.85,14.82,14.85,0.03,+0.20%,0
"2023-12-13 13:54",14.84,14.85,14.84,14.85,0,0.00%,0
"2023-12-13 13:55",14.86,14.87,14.86,14.86,0.01,+0.07%,0
"2023-12-13 13:56",14.86,14.86,14.84,14.84,-0.02,-0.13%,0
"2023-12-13 13:57",14.82,14.84,14.82,14.83,-0.01,-0.07%,0
"2023-12-13 13:58",14.85,14.87,14.83,14.87,0.04,+0.27%,0
"2023-12-13 13:59",14.89,14.92,14.88,14.92,0.05,+0.34%,0
"2023-12-13 14:00",14.86,14.86,13.82,13.82,-1.1,-7.37%,0
"2023-12-13 14:01",13.38,13.44,13.13,13.13,-0.69,-4.99%,0
"2023-12-13 14:02",13.25,13.45,13.24,13.4,0.27,+2.06%,0
"2023-12-13 14:03",13.22,13.32,13.15,13.32,-0.08,-0.60%,0
"2023-12-13 14:04",13.3,13.38,13.3,13.37,0.05,+0.38%,0
"2023-12-13 14:05",13.22,13.98,13.22,13.98,0.61,+4.56%,0
"2023-12-13 14:06",14.36,14.55,14.36,14.51,0.53,+3.79%,0
"2023-12-13 14:07",14.42,14.42,14.08,14.08,-0.43,-2.96%,0
"2023-12-13 14:08",14.03,14.03,13.74,13.74,-0.34,-2.41%,0
"2023-12-13 14:09",13.69,13.74,13.66,13.74,0,0.00%,0
"2023-12-13 14:10",13.77,13.79,13.77,13.79,0.05,+0.36%,0
"2023-12-13 14:11",13.63,13.67,13.63,13.65,-0.14,-1.02%,0
"2023-12-13 14:12",13.75,13.76,13.67,13.67,0.02,+0.15%,0
"2023-12-13 14:13",13.71,13.71,13.66,13.66,-0.01,-0.07%,0
"2023-12-13 14:14",13.61,13.63,13.6,13.6,-0.06,-0.44%,0
"2023-12-13 14:15",13.57,13.59,13.56,13.56,-0.04,-0.29%,0
"2023-12-13 14:16",13.54,13.54,13.43,13.46,-0.1,-0.74%,0
"2023-12-13 14:17",13.48,13.48,13.46,13.47,0.01,+0.07%,0
"2023-12-13 14:18",13.43,13.43,13.42,13.42,-0.05,-0.37%,0
"2023-12-13 14:19",13.45,13.56,13.45,13.56,0.14,+1.04%,0
"2023-12-13 14:20",13.55,13.58,13.55,13.58,0.02,+0.15%,0
"2023-12-13 14:21",13.58,13.61,13.58,13.61,0.03,+0.22%,0
"2023-12-13 14:22",13.64,13.85,13.64,13.85,0.24,+1.76%,0
"2023-12-13 14:23",13.89,13.97,13.89,13.97,0.12,+0.87%,0
"2023-12-13 14:24",13.98,14.03,13.98,14.01,0.04,+0.29%,0
"2023-12-13 14:25",13.98,13.98,13.79,13.79,-0.22,-1.57%,0
"2023-12-13 14:26",13.77,13.84,13.77,13.84,0.05,+0.36%,0
"2023-12-13 14:27",13.85,13.94,13.85,13.89,0.05,+0.36%,0
"2023-12-13 14:28",13.92,14.05,13.92,14.05,0.16,+1.15%,0
"2023-12-13 14:29",14.05,14.09,14.05,14.07,0.02,+0.14%,0
"2023-12-13 14:30",14.08,14.1,14.06,14.06,-0.01,-0.07%,0
"2023-12-13 14:31",14.07,14.14,14.07,14.14,0.08,+0.57%,0
"2023-12-13 14:32",14.15,14.16,14.02,14.02,-0.12,-0.85%,0
"2023-12-13 14:33",14.03,14.08,14.03,14.06,0.04,+0.29%,0
"2023-12-13 14:34",14.06,14.09,14.06,14.08,0.02,+0.14%,0
"2023-12-13 14:35",14.11,14.23,14.11,14.21,0.13,+0.92%,0
"2023-12-13 14:36",14.24,14.24,14.19,14.19,-0.02,-0.14%,0
"2023-12-13 14:37",14.17,14.23,14.16,14.23,0.04,+0.28%,0
"2023-12-13 14:38",14.25,14.29,14.21,14.29,0.06,+0.42%,0
"2023-12-13 14:39",14.26,14.26,14.2,14.24,-0.05,-0.35%,0
"2023-12-13 14:40",14.23,14.41,14.23,14.41,0.17,+1.19%,0
"2023-12-13 14:41",14.46,14.51,14.46,14.49,0.08,+0.56%,0
"2023-12-13 14:42",14.49,14.55,14.49,14.55,0.06,+0.41%,0
"2023-12-13 14:43",14.57,14.65,14.57,14.58,0.03,+0.21%,0
"2023-12-13 14:44",14.61,14.7,14.61,14.62,0.04,+0.27%,0
"2023-12-13 14:45",14.63,14.69,14.63,14.69,0.07,+0.48%,0
"2023-12-13 14:46",14.67,14.67,14.62,14.62,-0.07,-0.48%,0
"2023-12-13 14:47",14.6,14.65,14.6,14.64,0.02,+0.14%,0
"2023-12-13 14:48",14.57,14.63,14.56,14.56,-0.08,-0.55%,0
"2023-12-13 14:49",14.46,14.46,14.27,14.27,-0.29,-1.99%,0
"2023-12-13 14:50",14.26,14.26,14.23,14.23,-0.04,-0.28%,0
"2023-12-13 14:51",14.24,14.24,13.9,13.9,-0.33,-2.32%,0
"2023-12-13 14:52",13.82,13.87,13.69,13.69,-0.21,-1.51%,0
"2023-12-13 14:53",13.66,13.66,13.59,13.59,-0.1,-0.73%,0
"2023-12-13 14:54",13.52,13.52,13.47,13.47,-0.12,-0.88%,0
"2023-12-13 14:55",13.45,13.45,13.32,13.32,-0.15,-1.11%,0
"2023-12-13 14:56",13.26,13.29,13.21,13.21,-0.11,-0.83%,0
"2023-12-13 14:57",13.14,13.22,13.14,13.22,0.01,+0.08%,0
"2023-12-13 14:58",13.2,13.29,13.2,13.29,0.07,+0.53%,0
"2023-12-13 14:59",13.26,13.31,13.26,13.31,0.02,+0.15%,0
"2023-12-13 15:00",13.34,13.38,13.34,13.34,0.03,+0.23%,0
"2023-12-13 15:01",13.34,13.34,13.17,13.17,-0.17,-1.27%,0
"2023-12-13 15:02",13.32,13.41,13.32,13.41,0.24,+1.82%,0
"2023-12-13 15:03",13.41,13.41,13.37,13.37,-0.04,-0.30%,0
"2023-12-13 15:04",13.36,13.36,13.3,13.31,-0.06,-0.45%,0
"2023-12-13 15:05",13.27,13.38,13.27,13.38,0.07,+0.53%,0
"2023-12-13 15:06",13.37,13.41,13.37,13.4,0.02,+0.15%,0
"2023-12-13 15:07",13.38,13.41,13.37,13.41,0.01,+0.07%,0
"2023-12-13 15:08",13.29,13.29,13.25,13.25,-0.16,-1.19%,0
"2023-12-13 15:09",13.24,13.24,13.17,13.17,-0.08,-0.60%,0
"2023-12-13 15:10",13.15,13.16,13.12,13.12,-0.05,-0.38%,0
"2023-12-13 15:11",13.09,13.11,13.09,13.11,-0.01,-0.08%,0
"2023-12-13 15:12",13.06,13.08,13.06,13.08,-0.03,-0.23%,0
"2023-12-13 15:13",13.08,13.1,13.07,13.08,0,0.00%,0
"2023-12-13 15:14",13.07,13.12,13.07,13.12,0.04,+0.31%,0
"2023-12-13 15:15",13.1,13.1,12.9,12.9,-0.22,-1.68%,0
"2023-12-13 15:16",12.9,12.91,12.85,12.85,-0.05,-0.39%,0
"2023-12-13 15:17",12.8,12.8,12.8,12.8,-0.05,-0.39%,0
"2023-12-13 15:18",12.86,12.92,12.86,12.92,0.12,+0.94%,0
"2023-12-13 15:19",12.88,12.89,12.88,12.89,-0.03,-0.23%,0
"2023-12-13 15:20",12.92,12.92,12.89,12.89,0,0.00%,0
"2023-12-13 15:21",12.85,12.85,12.81,12.82,-0.07,-0.54%,0
"2023-12-13 15:22",12.8,12.81,12.77,12.77,-0.05,-0.39%,0
"2023-12-13 15:23",12.76,12.77,12.7,12.7,-0.07,-0.55%,0
"2023-12-13 15:24",12.65,12.78,12.65,12.78,0.08,+0.63%,0
"2023-12-13 15:25",12.76,12.78,12.73,12.78,0,0.00%,0
"2023-12-13 15:26",12.79,12.9,12.79,12.9,0.12,+0.94%,0
"2023-12-13 15:27",12.9,12.97,12.9,12.97,0.07,+0.54%,0
"2023-12-13 15:28",13,13.06,12.98,13.06,0.09,+0.69%,0
"2023-12-13 15:29",13.07,13.22,13.07,13.22,0.16,+1.23%,0
"2023-12-13 15:30",13.21,13.28,13.21,13.28,0.06,+0.45%,0
"2023-12-13 15:31",13.28,13.38,13.28,13.38,0.1,+0.75%,0
"2023-12-13 15:32",13.41,13.49,13.41,13.44,0.06,+0.45%,0
"2023-12-13 15:33",13.43,13.48,13.43,13.48,0.04,+0.30%,0
"2023-12-13 15:34",13.51,13.64,13.51,13.62,0.14,+1.04%,0
"2023-12-13 15:35",13.63,13.64,13.58,13.58,-0.04,-0.29%,0
"2023-12-13 15:36",13.56,13.58,13.55,13.55,-0.03,-0.22%,0
"2023-12-13 15:37",13.57,13.62,13.57,13.62,0.07,+0.52%,0
"2023-12-13 15:38",13.63,13.63,13.56,13.57,-0.05,-0.37%,0
"2023-12-13 15:39",13.57,13.57,13.51,13.51,-0.06,-0.44%,0
"2023-12-13 15:40",13.53,13.53,13.51,13.52,0.01,+0.07%,0
"2023-12-13 15:41",13.61,13.66,13.61,13.64,0.12,+0.89%,0
"2023-12-13 15:42",13.68,13.88,13.68,13.88,0.24,+1.76%,0
"2023-12-13 15:43",13.92,14,13.92,13.98,0.1,+0.72%,0
"2023-12-13 15:44",13.96,14.03,13.96,14.02,0.04,+0.29%,0
"2023-12-13 15:45",14.01,14.2,14.01,14.2,0.18,+1.28%,0
"2023-12-13 15:46",14.26,14.26,14.19,14.22,0.02,+0.14%,0
"2023-12-13 15:47",14.31,14.37,14.26,14.26,0.04,+0.28%,0
"2023-12-13 15:48",14.26,14.3,14.22,14.3,0.04,+0.28%,0
"2023-12-13 15:49",14.33,14.41,14.33,14.41,0.11,+0.77%,0
"2023-12-13 15:50",14.41,14.41,14.3,14.3,-0.11,-0.76%,0
"2023-12-13 15:51",14.32,14.34,14.28,14.29,-0.01,-0.07%,0
"2023-12-13 15:52",14.27,14.27,14.25,14.25,-0.04,-0.28%,0
"2023-12-13 15:53",14.25,14.44,14.25,14.44,0.19,+1.33%,0
"2023-12-13 15:54",14.43,14.64,14.43,14.64,0.2,+1.39%,0
"2023-12-13 15:55",14.66,14.81,14.66,14.81,0.17,+1.16%,0
"2023-12-13 15:56",14.8,14.8,14.76,14.76,-0.05,-0.34%,0
"2023-12-13 15:57",14.75,14.8,14.75,14.77,0.01,+0.07%,0
"2023-12-13 15:58",14.8,14.84,14.8,14.8,0.03,+0.20%,0
"2023-12-13 15:59",14.78,14.78,14.49,14.51,-0.29,-1.96%,0
"2023-12-13 16:00",14.39,14.39,14.31,14.31,-0.2,-1.38%,0
"2023-12-13 16:01",14.25,14.25,14.17,14.17,-0.14,-0.98%,0
"2023-12-13 16:02",14.26,14.5,14.26,14.5,0.33,+2.33%,0
"2023-12-13 16:03",14.45,14.5,14.45,14.46,-0.04,-0.28%,0
"2023-12-13 16:04",14.43,14.43,14.35,14.35,-0.11,-0.76%,0
"2023-12-13 16:05",14.33,14.38,14.33,14.38,0.03,+0.21%,0
"2023-12-13 16:06",14.38,14.55,14.38,14.55,0.17,+1.18%,0
"2023-12-13 16:07",14.5,14.63,14.5,14.63,0.08,+0.55%,0
"2023-12-13 16:08",14.64,14.79,14.64,14.79,0.16,+1.09%,0
"2023-12-13 16:09",14.76,14.91,14.76,14.82,0.03,+0.20%,0
"2023-12-13 16:10",14.83,14.93,14.82,14.93,0.11,+0.74%,0
"2023-12-13 16:11",14.91,14.95,14.88,14.88,-0.05,-0.33%,0
"2023-12-13 16:12",14.86,14.91,14.82,14.91,0.03,+0.20%,0
"2023-12-13 16:13",14.91,15.04,14.91,15.04,0.13,+0.87%,0
"2023-12-13 16:14",15.01,15.13,15.01,15.13,0.09,+0.60%,0
"2023-12-13 16:15",15.28,15.28,15.28,15.28,0.15,+0.99%,0
"2023-12-14 09:31",10.05,10.05,10.01,10.04,-5.24,-34.29%,0
"2023-12-14 09:32",10.09,10.17,10.09,10.13,0.09,+0.90%,0
"2023-12-14 09:33",10.12,10.12,10.1,10.1,-0.03,-0.30%,0
"2023-12-14 09:34",9.9,9.9,9.86,9.89,-0.21,-2.08%,0
"2023-12-14 09:35",9.9,9.9,9.81,9.81,-0.08,-0.81%,0
"2023-12-14 09:36",9.78,9.78,9.68,9.68,-0.13,-1.33%,0
"2023-12-14 09:37",9.68,9.68,9.63,9.67,-0.01,-0.10%,0
"2023-12-14 09:38",9.73,9.73,9.7,9.72,0.05,+0.52%,0
"2023-12-14 09:39",9.74,9.75,9.72,9.72,0,0.00%,0
"2023-12-14 09:40",9.73,9.83,9.73,9.83,0.11,+1.13%,0
"2023-12-14 09:41",9.81,9.81,9.79,9.79,-0.04,-0.41%,0
"2023-12-14 09:42",9.75,9.76,9.74,9.76,-0.03,-0.31%,0
"2023-12-14 09:43",9.79,9.79,9.74,9.78,0.02,+0.20%,0
"2023-12-14 09:44",9.78,9.8,9.76,9.76,-0.02,-0.20%,0
"2023-12-14 09:45",9.76,9.78,9.75,9.78,0.02,+0.20%,0
"2023-12-14 09:46",9.8,9.85,9.8,9.84,0.06,+0.61%,0
"2023-12-14 09:47",9.84,9.85,9.81,9.81,-0.03,-0.30%,0
"2023-12-14 09:48",9.79,9.81,9.76,9.76,-0.05,-0.51%,0
"2023-12-14 09:49",9.74,9.75,9.73,9.74,-0.02,-0.20%,0
"2023-12-14 09:50",9.74,9.77,9.74,9.76,0.02,+0.21%,0
"2023-12-14 09:51",9.73,9.73,9.7,9.7,-0.06,-0.61%,0
"2023-12-14 09:52",9.72,9.76,9.72,9.75,0.05,+0.52%,0
"2023-12-14 09:53",9.78,9.82,9.78,9.82,0.07,+0.72%,0
"2023-12-14 09:54",9.85,9.87,9.85,9.85,0.03,+0.31%,0
"2023-12-14 09:55",9.84,9.84,9.65,9.65,-0.2,-2.03%,0
"2023-12-14 09:56",9.65,9.65,9.6,9.6,-0.05,-0.52%,0
"2023-12-14 09:57",9.61,9.61,9.56,9.6,0,0.00%,0
"2023-12-14 09:58",9.59,9.65,9.59,9.62,0.02,+0.21%,0
"2023-12-14 09:59",9.63,9.64,9.62,9.63,0.01,+0.10%,0
"2023-12-14 10:00",9.62,9.66,9.62,9.66,0.03,+0.31%,0
"2023-12-14 10:01",9.66,9.7,9.66,9.69,0.03,+0.31%,0
"2023-12-14 10:02",9.69,9.7,9.69,9.7,0.01,+0.10%,0
"2023-12-14 10:03",9.69,9.76,9.69,9.76,0.06,+0.62%,0
"2023-12-14 10:04",9.76,9.79,9.76,9.78,0.02,+0.20%,0
"2023-12-14 10:05",9.79,9.83,9.79,9.83,0.05,+0.51%,0
"2023-12-14 10:06",9.84,9.85,9.83,9.85,0.02,+0.20%,0
"2023-12-14 10:07",9.87,9.88,9.87,9.87,0.02,+0.20%,0
"2023-12-14 10:08",9.79,9.82,9.79,9.82,-0.05,-0.51%,0
"2023-12-14 10:09",9.82,9.84,9.82,9.82,0,0.00%,0
"2023-12-14 10:10",9.8,9.83,9.8,9.83,0.01,+0.10%,0
"2023-12-14 10:11",9.8,9.81,9.78,9.78,-0.05,-0.51%,0
"2023-12-14 10:12",9.76,9.77,9.76,9.76,-0.02,-0.20%,0
"2023-12-14 10:13",9.73,9.77,9.73,9.77,0.01,+0.10%,0
"2023-12-14 10:14",9.75,9.76,9.74,9.74,-0.03,-0.31%,0
"2023-12-14 10:15",9.73,9.73,9.66,9.66,-0.08,-0.82%,0
"2023-12-14 10:16",9.68,9.72,9.66,9.66,0,0.00%,0
"2023-12-14 10:17",9.64,9.71,9.63,9.71,0.05,+0.52%,0
"2023-12-14 10:18",9.71,9.79,9.71,9.77,0.06,+0.62%,0
"2023-12-14 10:19",9.72,9.75,9.72,9.74,-0.03,-0.31%,0
"2023-12-14 10:20",9.72,9.77,9.72,9.77,0.03,+0.31%,0
"2023-12-14 10:21",9.79,9.83,9.79,9.79,0.02,+0.20%,0
"2023-12-14 10:22",9.7,9.74,9.7,9.74,-0.05,-0.51%,0
"2023-12-14 10:23",9.74,9.76,9.74,9.75,0.01,+0.10%,0
"2023-12-14 10:24",9.75,9.78,9.75,9.76,0.01,+0.10%,0
"2023-12-14 10:25",9.75,9.77,9.75,9.77,0.01,+0.10%,0
"2023-12-14 10:26",9.75,9.79,9.75,9.77,0,0.00%,0
"2023-12-14 10:27",9.81,9.85,9.81,9.85,0.08,+0.82%,0
"2023-12-14 10:28",9.86,9.9,9.86,9.9,0.05,+0.51%,0
"2023-12-14 10:29",9.88,9.89,9.88,9.89,-0.01,-0.10%,0
"2023-12-14 10:30",9.87,9.89,9.87,9.88,-0.01,-0.10%,0
"2023-12-14 10:31",9.88,9.93,9.88,9.91,0.03,+0.30%,0
"2023-12-14 10:32",9.92,9.94,9.92,9.93,0.02,+0.20%,0
"2023-12-14 10:33",9.93,9.95,9.9,9.9,-0.03,-0.30%,0
"2023-12-14 10:34",9.9,9.91,9.87,9.9,0,0.00%,0
"2023-12-14 10:35",9.87,9.87,9.85,9.86,-0.04,-0.40%,0
"2023-12-14 10:36",9.85,9.9,9.85,9.9,0.04,+0.41%,0
"2023-12-14 10:37",9.9,9.91,9.9,9.91,0.01,+0.10%,0
"2023-12-14 10:38",9.92,9.95,9.92,9.95,0.04,+0.40%,0
"2023-12-14 10:39",9.99,9.99,9.94,9.94,-0.01,-0.10%,0
"2023-12-14 10:40",9.9,9.92,9.89,9.92,-0.02,-0.20%,0
"2023-12-14 10:41",9.89,9.94,9.89,9.93,0.01,+0.10%,0
"2023-12-14 10:42",9.94,9.96,9.94,9.95,0.02,+0.20%,0
"2023-12-14 10:43",9.91,9.92,9.81,9.83,-0.12,-1.21%,0
"2023-12-14 10:44",9.88,9.95,9.88,9.95,0.12,+1.22%,0
"2023-12-14 10:45",9.92,9.92,9.84,9.84,-0.11,-1.11%,0
"2023-12-14 10:46",9.85,9.86,9.85,9.86,0.02,+0.20%,0
"2023-12-14 10:47",9.85,9.87,9.85,9.87,0.01,+0.10%,0
"2023-12-14 10:48",9.89,9.9,9.89,9.9,0.03,+0.30%,0
"2023-12-14 10:49",9.89,9.9,9.86,9.86,-0.04,-0.40%,0
"2023-12-14 10:50",9.85,9.87,9.85,9.87,0.01,+0.10%,0
"2023-12-14 10:51",9.85,9.87,9.85,9.86,-0.01,-0.10%,0
"2023-12-14 10:52",9.87,9.89,9.87,9.89,0.03,+0.30%,0
"2023-12-14 10:53",9.91,9.93,9.91,9.92,0.03,+0.30%,0
"2023-12-14 10:54",9.91,9.93,9.91,9.92,0,0.00%,0
"2023-12-14 10:55",9.91,9.93,9.91,9.93,0.01,+0.10%,0
"2023-12-14 10:56",9.92,9.97,9.92,9.96,0.03,+0.30%,0
"2023-12-14 10:57",9.97,10.01,9.97,9.98,0.02,+0.20%,0
"2023-12-14 10:58",9.97,9.98,9.96,9.96,-0.02,-0.20%,0
"2023-12-14 10:59",9.95,10,9.95,10,0.04,+0.40%,0
"2023-12-14 11:00",9.99,10.03,9.99,10.03,0.03,+0.30%,0
"2023-12-14 11:01",10.01,10.04,10.01,10.04,0.01,+0.10%,0
"2023-12-14 11:02",10.03,10.03,10.01,10.01,-0.03,-0.30%,0
"2023-12-14 11:03",10.02,10.04,10.02,10.03,0.02,+0.20%,0
"2023-12-14 11:04",10.05,10.06,10.05,10.06,0.03,+0.30%,0
"2023-12-14 11:05",10.07,10.09,10.07,10.08,0.02,+0.20%,0
"2023-12-14 11:06",10.1,10.13,10.09,10.1,0.02,+0.20%,0
"2023-12-14 11:07",10.09,10.11,10.09,10.11,0.01,+0.10%,0
"2023-12-14 11:08",10.1,10.12,10.08,10.08,-0.03,-0.30%,0
"2023-12-14 11:09",10.06,10.09,10.06,10.08,0,0.00%,0
"2023-12-14 11:10",10.06,10.08,10.06,10.06,-0.02,-0.20%,0
"2023-12-14 11:11",10.02,10.05,10.02,10.02,-0.04,-0.40%,0
"2023-12-14 11:12",10.02,10.03,10.01,10.01,-0.01,-0.10%,0
"2023-12-14 11:13",10.01,10.17,10.01,10.17,0.16,+1.60%,0
"2023-12-14 11:14",10.2,10.2,10.18,10.18,0.01,+0.10%,0
"2023-12-14 11:15",10.22,10.26,10.22,10.26,0.08,+0.79%,0
"2023-12-14 11:16",10.25,10.26,10.2,10.2,-0.06,-0.58%,0
"2023-12-14 11:17",10.25,10.32,10.25,10.31,0.11,+1.08%,0
"2023-12-14 11:18",10.32,10.35,10.32,10.33,0.02,+0.19%,0
"2023-12-14 11:19",10.33,10.33,10.29,10.29,-0.04,-0.39%,0
"2023-12-14 11:20",10.27,10.3,10.27,10.3,0.01,+0.10%,0
"2023-12-14 11:21",10.29,10.39,10.29,10.39,0.09,+0.87%,0
"2023-12-14 11:22",10.37,10.4,10.37,10.4,0.01,+0.10%,0
"2023-12-14 11:23",10.41,10.44,10.41,10.44,0.04,+0.38%,0
"2023-12-14 11:24",10.43,10.48,10.43,10.44,0,0.00%,0
"2023-12-14 11:25",10.42,10.45,10.42,10.45,0.01,+0.10%,0
"2023-12-14 11:26",10.46,10.47,10.43,10.43,-0.02,-0.19%,0
"2023-12-14 11:27",10.44,10.5,10.44,10.5,0.07,+0.67%,0
"2023-12-14 11:28",10.51,10.51,10.44,10.44,-0.06,-0.57%,0
"2023-12-14 11:29",10.42,10.43,10.42,10.42,-0.02,-0.19%,0
"2023-12-14 11:30",10.42,10.43,10.4,10.4,-0.02,-0.19%,0
"2023-12-14 11:31",10.4,10.4,10.26,10.26,-0.14,-1.35%,0
"2023-12-14 11:32",10.24,10.28,10.24,10.28,0.02,+0.19%,0
"2023-12-14 11:33",10.27,10.3,10.27,10.3,0.02,+0.19%,0
"2023-12-14 11:34",10.29,10.35,10.29,10.35,0.05,+0.49%,0
"2023-12-14 11:35",10.35,10.38,10.35,10.37,0.02,+0.19%,0
"2023-12-14 11:36",10.37,10.4,10.37,10.39,0.02,+0.19%,0
"2023-12-14 11:37",10.4,10.46,10.4,10.46,0.07,+0.67%,0
"2023-12-14 11:38",10.47,10.5,10.47,10.5,0.04,+0.38%,0
"2023-12-14 11:39",10.5,10.51,10.47,10.47,-0.03,-0.29%,0
"2023-12-14 11:40",10.46,10.46,10.36,10.38,-0.09,-0.86%,0
"2023-12-14 11:41",10.32,10.36,10.32,10.35,-0.03,-0.29%,0
"2023-12-14 11:42",10.35,10.37,10.33,10.33,-0.02,-0.19%,0
"2023-12-14 11:43",10.31,10.33,10.31,10.32,-0.01,-0.10%,0
"2023-12-14 11:44",10.32,10.34,10.28,10.28,-0.04,-0.39%,0
"2023-12-14 11:45",10.28,10.29,10.28,10.29,0.01,+0.10%,0
"2023-12-14 11:46",10.28,10.33,10.28,10.33,0.04,+0.39%,0
"2023-12-14 11:47",10.35,10.39,10.35,10.39,0.06,+0.58%,0
"2023-12-14 11:48",10.39,10.41,10.39,10.41,0.02,+0.19%,0
"2023-12-14 11:49",10.4,10.41,10.4,10.4,-0.01,-0.10%,0
"2023-12-14 11:50",10.44,10.48,10.44,10.47,0.07,+0.67%,0
"2023-12-14 11:51",10.46,10.49,10.46,10.47,0,0.00%,0
"2023-12-14 11:52",10.51,10.53,10.51,10.53,0.06,+0.57%,0
"2023-12-14 11:53",10.52,10.54,10.52,10.54,0.01,+0.09%,0
"2023-12-14 11:54",10.54,10.59,10.54,10.59,0.05,+0.47%,0
"2023-12-14 11:55",10.58,10.6,10.58,10.59,0,0.00%,0
"2023-12-14 11:56",10.59,10.61,10.59,10.6,0.01,+0.09%,0
"2023-12-14 11:57",10.58,10.6,10.58,10.6,0,0.00%,0
"2023-12-14 11:58",10.6,10.63,10.6,10.63,0.03,+0.28%,0
"2023-12-14 11:59",10.62,10.64,10.62,10.64,0.01,+0.09%,0
"2023-12-14 12:00",10.64,10.65,10.64,10.64,0,0.00%,0
"2023-12-14 12:01",10.64,10.67,10.64,10.67,0.03,+0.28%,0
"2023-12-14 12:02",10.67,10.68,10.66,10.66,-0.01,-0.09%,0
"2023-12-14 12:03",10.67,10.67,10.66,10.66,0,0.00%,0
"2023-12-14 12:04",10.65,10.67,10.65,10.67,0.01,+0.09%,0
"2023-12-14 12:05",10.67,10.68,10.65,10.65,-0.02,-0.19%,0
"2023-12-14 12:06",10.65,10.71,10.65,10.71,0.06,+0.56%,0
"2023-12-14 12:07",10.7,10.72,10.7,10.72,0.01,+0.09%,0
"2023-12-14 12:08",10.71,10.75,10.71,10.75,0.03,+0.28%,0
"2023-12-14 12:09",10.75,10.76,10.75,10.75,0,0.00%,0
"2023-12-14 12:10",10.74,10.77,10.74,10.77,0.02,+0.19%,0
"2023-12-14 12:11",10.78,10.79,10.77,10.79,0.02,+0.19%,0
"2023-12-14 12:12",10.8,10.8,10.75,10.75,-0.04,-0.37%,0
"2023-12-14 12:13",10.75,10.77,10.74,10.74,-0.01,-0.09%,0
"2023-12-14 12:14",10.68,10.69,10.67,10.67,-0.07,-0.65%,0
"2023-12-14 12:15",10.67,10.7,10.67,10.7,0.03,+0.28%,0
"2023-12-14 12:16",10.71,10.76,10.71,10.76,0.06,+0.56%,0
"2023-12-14 12:17",10.76,10.8,10.76,10.8,0.04,+0.37%,0
"2023-12-14 12:18",10.8,10.81,10.79,10.79,-0.01,-0.09%,0
"2023-12-14 12:19",10.8,10.81,10.8,10.81,0.02,+0.19%,0
"2023-12-14 12:20",10.79,10.8,10.78,10.78,-0.03,-0.28%,0
"2023-12-14 12:21",10.78,10.78,10.78,10.78,0,0.00%,0
"2023-12-14 12:22",10.79,10.82,10.79,10.82,0.04,+0.37%,0
"2023-12-14 12:23",10.81,10.85,10.81,10.83,0.01,+0.09%,0
"2023-12-14 12:24",10.83,10.88,10.83,10.88,0.05,+0.46%,0
"2023-12-14 12:25",10.88,10.88,10.88,10.88,0,0.00%,0
"2023-12-14 12:26",10.88,10.91,10.88,10.91,0.03,+0.28%,0
"2023-12-14 12:27",10.92,10.95,10.92,10.95,0.04,+0.37%,0
"2023-12-14 12:28",10.94,10.96,10.94,10.95,0,0.00%,0
"2023-12-14 12:29",10.95,10.97,10.95,10.96,0.01,+0.09%,0
"2023-12-14 12:30",10.95,10.98,10.95,10.95,-0.01,-0.09%,0
"2023-12-14 12:31",10.93,10.96,10.93,10.94,-0.01,-0.09%,0
"2023-12-14 12:32",10.93,10.95,10.93,10.95,0.01,+0.09%,0
"2023-12-14 12:33",10.95,10.98,10.95,10.97,0.02,+0.18%,0
"2023-12-14 12:34",10.97,10.99,10.97,10.99,0.02,+0.18%,0
"2023-12-14 12:35",10.99,11.02,10.99,11,0.01,+0.09%,0
"2023-12-14 12:36",11,11.02,11,11.02,0.02,+0.18%,0
"2023-12-14 12:37",11.02,11.05,11.02,11.04,0.02,+0.18%,0
"2023-12-14 12:38",11.05,11.07,11.05,11.07,0.03,+0.27%,0
"2023-12-14 12:39",11.07,11.09,11.07,11.08,0.01,+0.09%,0
"2023-12-14 12:40",11.07,11.08,11.07,11.08,0,0.00%,0
"2023-12-14 12:41",11.07,11.08,11.07,11.08,0,0.00%,0
"2023-12-14 12:42",11.06,11.09,11.06,11.08,0,0.00%,0
"2023-12-14 12:43",11.08,11.1,11.08,11.08,0,0.00%,0
"2023-12-14 12:44",11.07,11.08,11.07,11.08,0,0.00%,0
"2023-12-14 12:45",11.07,11.1,11.07,11.08,0,0.00%,0
"2023-12-14 12:46",11.08,11.08,11.06,11.06,-0.02,-0.18%,0
"2023-12-14 12:47",11.04,11.07,11.04,11.07,0.01,+0.09%,0
"2023-12-14 12:48",11.07,11.11,11.07,11.11,0.04,+0.36%,0
"2023-12-14 12:49",11.12,11.14,11.12,11.13,0.02,+0.18%,0
"2023-12-14 12:50",11.14,11.17,11.14,11.17,0.04,+0.36%,0
"2023-12-14 12:51",11.16,11.19,11.16,11.18,0.01,+0.09%,0
"2023-12-14 12:52",11.19,11.2,11.19,11.2,0.02,+0.18%,0
"2023-12-14 12:53",11.21,11.25,11.21,11.25,0.05,+0.45%,0
"2023-12-14 12:54",11.26,11.29,11.26,11.27,0.02,+0.18%,0
"2023-12-14 12:55",11.26,11.35,11.26,11.35,0.08,+0.71%,0
"2023-12-14 12:56",11.36,11.42,11.36,11.39,0.04,+0.35%,0
"2023-12-14 12:57",11.41,11.44,11.41,11.41,0.02,+0.18%,0
"2023-12-14 12:58",11.39,11.44,11.39,11.44,0.03,+0.26%,0
"2023-12-14 12:59",11.45,11.56,11.45,11.56,0.12,+1.05%,0
"2023-12-14 13:00",11.57,11.84,11.57,11.84,0.28,+2.42%,0
"2023-12-14 13:01",11.87,11.99,11.87,11.99,0.15,+1.27%,0
"2023-12-14 13:02",12.01,12.08,12.01,12.08,0.09,+0.75%,0
"2023-12-14 13:03",12.12,12.21,12.12,12.21,0.13,+1.08%,0
"2023-12-14 13:04",12.25,12.26,12.21,12.21,0,0.00%,0
"2023-12-14 13:05",12.21,12.27,12.21,12.27,0.06,+0.49%,0
"2023-12-14 13:06",12.25,12.3,12.25,12.3,0.03,+0.24%,0
"2023-12-14 13:07",12.29,12.32,12.29,12.31,0.01,+0.08%,0
"2023-12-14 13:08",12.34,12.36,12.34,12.34,0.03,+0.24%,0
"2023-12-14 13:09",12.33,12.35,12.33,12.34,0,0.00%,0
"2023-12-14 13:10",12.35,12.36,12.34,12.35,0.01,+0.08%,0
"2023-12-14 13:11",12.31,12.35,12.31,12.34,-0.01,-0.08%,0
"2023-12-14 13:12",12.37,12.39,12.35,12.35,0.01,+0.08%,0
"2023-12-14 13:13",12.36,12.4,12.36,12.4,0.05,+0.40%,0
"2023-12-14 13:14",12.46,12.49,12.46,12.47,0.07,+0.56%,0
"2023-12-14 13:15",12.47,12.48,12.46,12.46,-0.01,-0.08%,0
"2023-12-14 13:16",12.45,12.49,12.45,12.49,0.03,+0.24%,0
"2023-12-14 13:17",12.48,12.48,12.46,12.46,-0.03,-0.24%,0
"2023-12-14 13:18",12.48,12.51,12.48,12.5,0.04,+0.32%,0
"2023-12-14 13:19",12.5,12.5,12.48,12.5,0,0.00%,0
"2023-12-14 13:20",12.48,12.49,12.47,12.47,-0.03,-0.24%,0
"2023-12-14 13:21",12.47,12.5,12.47,12.49,0.02,+0.16%,0
"2023-12-14 13:22",12.48,12.51,12.48,12.51,0.02,+0.16%,0
"2023-12-14 13:23",12.49,12.53,12.49,12.53,0.02,+0.16%,0
"2023-12-14 13:24",12.52,12.54,12.52,12.54,0.01,+0.08%,0
"2023-12-14 13:25",12.51,12.55,12.51,12.51,-0.03,-0.24%,0
"2023-12-14 13:26",12.53,12.55,12.53,12.54,0.03,+0.24%,0
"2023-12-14 13:27",12.53,12.57,12.52,12.57,0.03,+0.24%,0
"2023-12-14 13:28",12.57,12.59,12.57,12.59,0.02,+0.16%,0
"2023-12-14 13:29",12.57,12.61,12.57,12.61,0.02,+0.16%,0
"2023-12-14 13:30",12.61,12.67,12.61,12.67,0.06,+0.48%,0
"2023-12-14 13:31",12.7,12.74,12.7,12.74,0.07,+0.55%,0
"2023-12-14 13:32",12.73,12.77,12.73,12.74,0,0.00%,0
"2023-12-14 13:33",12.75,12.81,12.75,12.81,0.07,+0.55%,0
"2023-12-14 13:34",12.8,12.81,12.79,12.8,-0.01,-0.08%,0
"2023-12-14 13:35",12.78,12.89,12.78,12.89,0.09,+0.70%,0
"2023-12-14 13:36",12.88,12.93,12.88,12.9,0.01,+0.08%,0
"2023-12-14 13:37",12.91,12.94,12.91,12.94,0.04,+0.31%,0
"2023-12-14 13:38",12.94,12.97,12.94,12.95,0.01,+0.08%,0
"2023-12-14 13:39",12.93,12.98,12.93,12.98,0.03,+0.23%,0
"2023-12-14 13:40",12.99,13.01,12.99,13.01,0.03,+0.23%,0
"2023-12-14 13:41",12.98,13.03,12.98,13.03,0.02,+0.15%,0
"2023-12-14 13:42",13.04,13.04,12.97,12.97,-0.06,-0.46%,0
"2023-12-14 13:43",12.97,13,12.97,13,0.03,+0.23%,0
"2023-12-14 13:44",13.02,13.03,13.02,13.03,0.03,+0.23%,0
"2023-12-14 13:45",13.03,13.04,13.03,13.03,0,0.00%,0
"2023-12-14 13:46",13.03,13.06,13.03,13.04,0.01,+0.08%,0
"2023-12-14 13:47",13.06,13.08,13.06,13.08,0.04,+0.31%,0
"2023-12-14 13:48",13.07,13.12,13.07,13.12,0.04,+0.31%,0
"2023-12-14 13:49",13.12,13.2,13.12,13.2,0.08,+0.61%,0
"2023-12-14 13:50",13.2,13.49,13.2,13.49,0.29,+2.20%,0
"2023-12-14 13:51",13.51,13.8,13.51,13.8,0.31,+2.30%,0
"2023-12-14 13:52",13.85,14.13,13.85,14.13,0.33,+2.39%,0
"2023-12-14 13:53",14.1,14.17,14.1,14.11,-0.02,-0.14%,0
"2023-12-14 13:54",14.19,14.19,14.1,14.1,-0.01,-0.07%,0
"2023-12-14 13:55",14.02,14.02,13.71,13.71,-0.39,-2.77%,0
"2023-12-14 13:56",13.7,13.76,13.7,13.76,0.05,+0.36%,0
"2023-12-14 13:57",13.78,13.92,13.78,13.92,0.16,+1.16%,0
"2023-12-14 13:58",13.91,13.96,13.91,13.93,0.01,+0.07%,0
"2023-12-14 13:59",13.91,13.91,13.86,13.86,-0.07,-0.50%,0
"2023-12-14 14:00",13.84,13.84,13.8,13.8,-0.06,-0.43%,0
"2023-12-14 14:01",13.8,13.83,13.77,13.77,-0.03,-0.22%,0
"2023-12-14 14:02",13.77,13.79,13.76,13.77,0,0.00%,0
"2023-12-14 14:03",13.77,13.77,13.71,13.71,-0.06,-0.44%,0
"2023-12-14 14:04",13.71,13.71,13.67,13.68,-0.03,-0.22%,0
"2023-12-14 14:05",13.68,13.68,13.63,13.63,-0.05,-0.37%,0
"2023-12-14 14:06",13.63,13.64,13.63,13.63,0,0.00%,0
"2023-12-14 14:07",13.61,13.64,13.61,13.64,0.01,+0.07%,0
"2023-12-14 14:08",13.62,13.67,13.62,13.67,0.03,+0.22%,0
"2023-12-14 14:09",13.66,13.67,13.66,13.67,0,0.00%,0
"2023-12-14 14:10",13.7,13.76,13.69,13.69,0.02,+0.15%,0
"2023-12-14 14:11",13.66,13.69,13.66,13.69,0,0.00%,0
"2023-12-14 14:12",13.7,13.79,13.7,13.79,0.1,+0.73%,0
"2023-12-14 14:13",13.82,13.97,13.82,13.97,0.18,+1.31%,0
"2023-12-14 14:14",13.96,13.99,13.96,13.97,0,0.00%,0
"2023-12-14 14:15",13.97,13.97,13.96,13.96,-0.01,-0.07%,0
"2023-12-14 14:16",13.97,14,13.93,13.93,-0.03,-0.21%,0
"2023-12-14 14:17",13.92,13.99,13.92,13.99,0.06,+0.43%,0
"2023-12-14 14:18",13.91,13.93,13.9,13.9,-0.09,-0.64%,0
"2023-12-14 14:19",13.9,13.97,13.9,13.97,0.07,+0.50%,0
"2023-12-14 14:20",13.96,14,13.96,13.99,0.02,+0.14%,0
"2023-12-14 14:21",13.98,14.01,13.98,14.01,0.02,+0.14%,0
"2023-12-14 14:22",14.01,14.02,14,14.02,0.01,+0.07%,0
"2023-12-14 14:23",14.03,14.04,14.02,14.02,0,0.00%,0
"2023-12-14 14:24",14.02,14.02,14.01,14.01,-0.01,-0.07%,0
"2023-12-14 14:25",14.02,14.09,14.02,14.09,0.08,+0.57%,0
"2023-12-14 14:26",14.07,14.1,14.07,14.09,0,0.00%,0
"2023-12-14 14:27",14.08,14.08,14.06,14.06,-0.03,-0.21%,0
"2023-12-14 14:28",14.05,14.07,14.05,14.06,0,0.00%,0
"2023-12-14 14:29",14.01,14.04,14.01,14.03,-0.03,-0.21%,0
"2023-12-14 14:30",14.01,14.03,14.01,14.02,-0.01,-0.07%,0
"2023-12-14 14:31",14.03,14.04,14.03,14.03,0.01,+0.07%,0
"2023-12-14 14:32",14.03,14.07,14.03,14.06,0.03,+0.21%,0
"2023-12-14 14:33",14.05,14.06,14.05,14.05,-0.01,-0.07%,0
"2023-12-14 14:34",14.05,14.06,14.05,14.06,0.01,+0.07%,0
"2023-12-14 14:35",14.07,14.11,14.07,14.1,0.04,+0.28%,0
"2023-12-14 14:36",14.11,14.13,14.11,14.11,0.01,+0.07%,0
"2023-12-14 14:37",14.13,14.16,14.13,14.16,0.05,+0.35%,0
"2023-12-14 14:38",14.18,14.28,14.18,14.28,0.12,+0.85%,0
"2023-12-14 14:39",14.27,14.29,14.27,14.28,0,0.00%,0
"2023-12-14 14:40",14.25,14.31,14.25,14.3,0.02,+0.14%,0
"2023-12-14 14:41",14.29,14.29,14.25,14.26,-0.04,-0.28%,0
"2023-12-14 14:42",14.26,14.29,14.26,14.29,0.03,+0.21%,0
"2023-12-14 14:43",14.28,14.31,14.28,14.31,0.02,+0.14%,0
"2023-12-14 14:44",14.29,14.31,14.29,14.31,0,0.00%,0
"2023-12-14 14:45",14.31,14.31,14.29,14.29,-0.02,-0.14%,0
"2023-12-14 14:46",14.3,14.3,14.3,14.3,0.01,+0.07%,0
"2023-12-14 14:47",14.3,14.34,14.3,14.32,0.02,+0.14%,0
"2023-12-14 14:48",14.33,14.41,14.33,14.41,0.09,+0.63%,0
"2023-12-14 14:49",14.41,14.41,14.38,14.38,-0.03,-0.21%,0
"2023-12-14 14:50",14.38,14.41,14.37,14.39,0.01,+0.07%,0
"2023-12-14 14:51",14.36,14.37,14.35,14.37,-0.02,-0.14%,0
"2023-12-14 14:52",14.37,14.39,14.37,14.38,0.01,+0.07%,0
"2023-12-14 14:53",14.39,14.4,14.36,14.36,-0.02,-0.14%,0
"2023-12-14 14:54",14.36,14.39,14.36,14.37,0.01,+0.07%,0
"2023-12-14 14:55",14.37,14.39,14.37,14.38,0.01,+0.07%,0
"2023-12-14 14:56",14.37,14.37,14.34,14.34,-0.04,-0.28%,0
"2023-12-14 14:57",14.35,14.4,14.35,14.4,0.06,+0.42%,0
"2023-12-14 14:58",14.4,14.44,14.4,14.44,0.04,+0.28%,0
"2023-12-14 14:59",14.44,14.46,14.44,14.44,0,0.00%,0
"2023-12-14 15:00",14.41,14.42,14.29,14.29,-0.15,-1.04%,0
"2023-12-14 15:01",14.32,14.32,14.31,14.31,0.02,+0.14%,0
"2023-12-14 15:02",14.36,14.36,14.33,14.33,0.02,+0.14%,0
"2023-12-14 15:03",14.25,14.26,14.23,14.23,-0.1,-0.70%,0
"2023-12-14 15:04",14.22,14.24,14.22,14.22,-0.01,-0.07%,0
"2023-12-14 15:05",14.21,14.42,14.21,14.42,0.2,+1.41%,0
"2023-12-14 15:06",14.38,14.44,14.38,14.39,-0.03,-0.21%,0
"2023-12-14 15:07",14.43,14.52,14.43,14.51,0.12,+0.83%,0
"2023-12-14 15:08",14.5,14.5,14.44,14.48,-0.03,-0.21%,0
"2023-12-14 15:09",14.55,14.55,14.49,14.49,0.01,+0.07%,0
"2023-12-14 15:10",14.48,14.5,14.48,14.5,0.01,+0.07%,0
"2023-12-14 15:11",14.49,14.5,14.49,14.5,0,0.00%,0
"2023-12-14 15:12",14.48,14.48,14.43,14.43,-0.07,-0.48%,0
"2023-12-14 15:13",14.46,14.5,14.46,14.5,0.07,+0.49%,0
"2023-12-14 15:14",14.49,14.5,14.44,14.44,-0.06,-0.41%,0
"2023-12-14 15:15",14.43,14.43,14.37,14.37,-0.07,-0.48%,0
"2023-12-14 15:16",14.35,14.36,14.32,14.32,-0.05,-0.35%,0
"2023-12-14 15:17",14.33,14.36,14.33,14.34,0.02,+0.14%,0
"2023-12-14 15:18",14.34,14.36,14.34,14.36,0.02,+0.14%,0
"2023-12-14 15:19",14.35,14.36,14.29,14.29,-0.07,-0.49%,0
"2023-12-14 15:20",14.26,14.3,14.26,14.28,-0.01,-0.07%,0
"2023-12-14 15:21",14.27,14.34,14.27,14.33,0.05,+0.35%,0
"2023-12-14 15:22",14.35,14.39,14.35,14.36,0.03,+0.21%,0
"2023-12-14 15:23",14.39,14.4,14.38,14.39,0.03,+0.21%,0
"2023-12-14 15:24",14.59,14.59,14.56,14.56,0.17,+1.18%,0
"2023-12-14 15:25",14.56,14.59,14.56,14.59,0.03,+0.21%,0
"2023-12-14 15:26",14.6,14.6,14.59,14.59,0,0.00%,0
"2023-12-14 15:27",14.59,14.67,14.59,14.67,0.08,+0.55%,0
"2023-12-14 15:28",14.66,14.69,14.65,14.65,-0.02,-0.14%,0
"2023-12-14 15:29",14.65,14.7,14.64,14.64,-0.01,-0.07%,0
"2023-12-14 15:30",14.69,14.72,14.68,14.72,0.08,+0.55%,0
"2023-12-14 15:31",14.7,14.76,14.7,14.76,0.04,+0.27%,0
"2023-12-14 15:32",14.77,14.78,14.71,14.72,-0.04,-0.27%,0
"2023-12-14 15:33",14.72,14.76,14.72,14.75,0.03,+0.20%,0
"2023-12-14 15:34",14.75,14.76,14.75,14.76,0.01,+0.07%,0
"2023-12-14 15:35",14.75,14.75,14.71,14.71,-0.05,-0.34%,0
"2023-12-14 15:36",14.68,14.7,14.68,14.7,-0.01,-0.07%,0
"2023-12-14 15:37",14.69,14.72,14.69,14.7,0,0.00%,0
"2023-12-14 15:38",14.71,14.71,14.69,14.69,-0.01,-0.07%,0
"2023-12-14 15:39",14.7,14.74,14.7,14.73,0.04,+0.27%,0
"2023-12-14 15:40",14.71,14.71,14.7,14.7,-0.03,-0.20%,0
"2023-12-14 15:41",14.69,14.78,14.69,14.78,0.08,+0.54%,0
"2023-12-14 15:42",14.76,14.84,14.76,14.84,0.06,+0.41%,0
"2023-12-14 15:43",14.75,14.78,14.75,14.77,-0.07,-0.47%,0
"2023-12-14 15:44",14.78,14.78,14.74,14.74,-0.03,-0.20%,0
"2023-12-14 15:45",14.74,14.83,14.74,14.83,0.09,+0.61%,0
"2023-12-14 15:46",14.8,14.83,14.79,14.79,-0.04,-0.27%,0
"2023-12-14 15:47",14.76,14.78,14.76,14.78,-0.01,-0.07%,0
"2023-12-14 15:48",14.83,14.86,14.83,14.83,0.05,+0.34%,0
"2023-12-14 15:49",14.83,14.85,14.83,14.85,0.02,+0.13%,0
"2023-12-14 15:50",14.85,14.85,14.82,14.82,-0.03,-0.20%,0
"2023-12-14 15:51",14.84,15,14.84,15,0.18,+1.21%,0
"2023-12-14 15:52",15.02,15.04,15.02,15.03,0.03,+0.20%,0
"2023-12-14 15:53",15.03,15.09,15.03,15.07,0.04,+0.27%,0
"2023-12-14 15:54",15.06,15.13,15.06,15.13,0.06,+0.40%,0
"2023-12-14 15:55",15.1,15.13,15.1,15.13,0,0.00%,0
"2023-12-14 15:56",15.13,15.15,15.13,15.15,0.02,+0.13%,0
"2023-12-14 15:57",15.16,15.16,15.12,15.12,-0.03,-0.20%,0
"2023-12-14 15:58",15.1,15.11,15.06,15.06,-0.06,-0.40%,0
"2023-12-14 15:59",15.02,15.02,14.93,14.93,-0.13,-0.86%,0
"2023-12-14 16:00",14.85,14.85,14.64,14.64,-0.29,-1.94%,0
"2023-12-14 16:01",14.57,14.63,14.57,14.58,-0.06,-0.41%,0
"2023-12-14 16:02",14.6,14.6,14.56,14.56,-0.02,-0.14%,0
"2023-12-14 16:03",14.55,14.59,14.55,14.59,0.03,+0.21%,0
"2023-12-14 16:04",14.58,14.61,14.57,14.57,-0.02,-0.14%,0
"2023-12-14 16:05",14.6,14.6,14.58,14.59,0.02,+0.14%,0
"2023-12-14 16:06",14.59,14.61,14.58,14.61,0.02,+0.14%,0
"2023-12-14 16:07",14.78,14.83,14.78,14.81,0.2,+1.37%,0
"2023-12-14 16:08",14.81,14.93,14.81,14.93,0.12,+0.81%,0
"2023-12-14 16:09",14.95,14.99,14.95,14.99,0.06,+0.40%,0
"2023-12-14 16:10",14.91,15.07,14.91,15.07,0.08,+0.53%,0
"2023-12-14 16:11",15.06,15.14,15.06,15.12,0.05,+0.33%,0
"2023-12-14 16:12",15.09,15.16,15.09,15.16,0.04,+0.26%,0
"2023-12-14 16:13",15.15,15.19,15.15,15.19,0.03,+0.20%,0
"2023-12-14 16:14",15.19,15.25,15.19,15.23,0.04,+0.26%,0
"2023-12-14 16:15",15.22,15.22,15.22,15.22,-0.01,-0.07%,0
"2023-12-15 09:31",15.22,15.22,9.15,9.26,-5.96,-39.16%,0
"2023-12-15 09:32",9.25,9.25,9.12,9.12,-0.14,-1.51%,0
"2023-12-15 09:33",9.12,9.12,9.03,9.03,-0.09,-0.99%,0
"2023-12-15 09:34",9.01,9.01,8.95,8.99,-0.04,-0.44%,0
"2023-12-15 09:35",9.02,9.28,9.02,9.28,0.29,+3.23%,0
"2023-12-15 09:36",9.23,9.3,9.23,9.23,-0.05,-0.54%,0
"2023-12-15 09:37",9.24,9.25,9.23,9.25,0.02,+0.22%,0
"2023-12-15 09:38",9.27,9.34,9.24,9.24,-0.01,-0.11%,0
"2023-12-15 09:39",9.23,9.23,9.09,9.1,-0.14,-1.52%,0
"2023-12-15 09:40",9.11,9.18,9.11,9.16,0.06,+0.66%,0
"2023-12-15 09:41",9.14,9.16,9.09,9.09,-0.07,-0.76%,0
"2023-12-15 09:42",9.07,9.08,9.03,9.08,-0.01,-0.11%,0
"2023-12-15 09:43",9.1,9.17,9.1,9.15,0.07,+0.77%,0
"2023-12-15 09:44",9.14,9.14,9.13,9.14,-0.01,-0.11%,0
"2023-12-15 09:45",9.13,9.13,9.06,9.09,-0.05,-0.55%,0
"2023-12-15 09:46",9.1,9.13,9.1,9.11,0.02,+0.22%,0
"2023-12-15 09:47",9.09,9.14,9.09,9.14,0.03,+0.33%,0
"2023-12-15 09:48",9.12,9.12,9.1,9.1,-0.04,-0.44%,0
"2023-12-15 09:49",9.13,9.13,9.09,9.12,0.02,+0.22%,0
"2023-12-15 09:50",9.1,9.1,9.06,9.06,-0.06,-0.66%,0
"2023-12-15 09:51",9.06,9.06,9.01,9.01,-0.05,-0.55%,0
"2023-12-15 09:52",9,9.02,8.99,8.99,-0.02,-0.22%,0
"2023-12-15 09:53",9.01,9.01,8.91,8.91,-0.08,-0.89%,0
"2023-12-15 09:54",8.87,8.87,8.84,8.84,-0.07,-0.79%,0
"2023-12-15 09:55",8.83,8.87,8.83,8.86,0.02,+0.23%,0
"2023-12-15 09:56",8.86,8.86,8.8,8.8,-0.06,-0.68%,0
"2023-12-15 09:57",8.79,8.88,8.79,8.87,0.07,+0.80%,0
"2023-12-15 09:58",8.86,8.93,8.86,8.93,0.06,+0.68%,0
"2023-12-15 09:59",8.98,8.98,8.97,8.97,0.04,+0.45%,0
"2023-12-15 10:00",8.97,8.99,8.95,8.95,-0.02,-0.22%,0
"2023-12-15 10:01",8.9,8.9,8.88,8.9,-0.05,-0.56%,0
"2023-12-15 10:02",8.91,8.91,8.87,8.87,-0.03,-0.34%,0
"2023-12-15 10:03",8.86,8.88,8.86,8.87,0,0.00%,0
"2023-12-15 10:04",8.85,8.87,8.84,8.87,0,0.00%,0
"2023-12-15 10:05",8.84,8.84,8.77,8.77,-0.1,-1.13%,0
"2023-12-15 10:06",8.77,8.78,8.71,8.71,-0.06,-0.68%,0
"2023-12-15 10:07",8.66,8.7,8.66,8.7,-0.01,-0.11%,0
"2023-12-15 10:08",8.69,8.7,8.67,8.67,-0.03,-0.34%,0
"2023-12-15 10:09",8.67,8.67,8.6,8.6,-0.07,-0.81%,0
"2023-12-15 10:10",8.61,8.66,8.61,8.66,0.06,+0.70%,0
"2023-12-15 10:11",8.67,8.71,8.67,8.68,0.02,+0.23%,0
"2023-12-15 10:12",8.66,8.7,8.65,8.65,-0.03,-0.35%,0
"2023-12-15 10:13",8.63,8.63,8.53,8.53,-0.12,-1.39%,0
"2023-12-15 10:14",8.55,8.61,8.55,8.61,0.08,+0.94%,0
"2023-12-15 10:15",8.59,8.62,8.59,8.59,-0.02,-0.23%,0
"2023-12-15 10:16",8.57,8.57,8.47,8.47,-0.12,-1.40%,0
"2023-12-15 10:17",8.52,8.56,8.52,8.56,0.09,+1.06%,0
"2023-12-15 10:18",8.57,8.58,8.54,8.54,-0.02,-0.23%,0
"2023-12-15 10:19",8.53,8.55,8.5,8.51,-0.03,-0.35%,0
"2023-12-15 10:20",8.52,8.59,8.52,8.59,0.08,+0.94%,0
"2023-12-15 10:21",8.58,8.58,8.55,8.55,-0.04,-0.47%,0
"2023-12-15 10:22",8.54,8.55,8.51,8.51,-0.04,-0.47%,0
"2023-12-15 10:23",8.49,8.51,8.49,8.51,0,0.00%,0
"2023-12-15 10:24",8.51,8.58,8.51,8.58,0.07,+0.82%,0
"2023-12-15 10:25",8.58,8.59,8.55,8.55,-0.03,-0.35%,0
"2023-12-15 10:26",8.51,8.52,8.49,8.49,-0.06,-0.70%,0
"2023-12-15 10:27",8.46,8.48,8.46,8.47,-0.02,-0.24%,0
"2023-12-15 10:28",8.47,8.48,8.45,8.45,-0.02,-0.24%,0
"2023-12-15 10:29",8.44,8.44,8.41,8.42,-0.03,-0.36%,0
"2023-12-15 10:30",8.43,8.43,8.42,8.43,0.01,+0.12%,0
"2023-12-15 10:31",8.43,8.47,8.43,8.47,0.04,+0.47%,0
"2023-12-15 10:32",8.47,8.49,8.47,8.47,0,0.00%,0
"2023-12-15 10:33",8.48,8.51,8.48,8.5,0.03,+0.35%,0
"2023-12-15 10:34",8.5,8.5,8.49,8.5,0,0.00%,0
"2023-12-15 10:35",8.5,8.51,8.5,8.5,0,0.00%,0
"2023-12-15 10:36",8.49,8.52,8.49,8.52,0.02,+0.24%,0
"2023-12-15 10:37",8.53,8.55,8.53,8.55,0.03,+0.35%,0
"2023-12-15 10:38",8.52,8.56,8.52,8.55,0,0.00%,0
"2023-12-15 10:39",8.54,8.55,8.54,8.54,-0.01,-0.12%,0
"2023-12-15 10:40",8.54,8.54,8.5,8.5,-0.04,-0.47%,0
"2023-12-15 10:41",8.49,8.52,8.49,8.52,0.02,+0.24%,0
"2023-12-15 10:42",8.51,8.53,8.51,8.52,0,0.00%,0
"2023-12-15 10:43",8.51,8.53,8.51,8.52,0,0.00%,0
"2023-12-15 10:44",8.51,8.53,8.5,8.5,-0.02,-0.23%,0
"2023-12-15 10:45",8.5,8.5,8.48,8.48,-0.02,-0.24%,0
"2023-12-15 10:46",8.51,8.61,8.51,8.59,0.11,+1.30%,0
"2023-12-15 10:47",8.61,8.63,8.58,8.58,-0.01,-0.12%,0
"2023-12-15 10:48",8.56,8.58,8.55,8.55,-0.03,-0.35%,0
"2023-12-15 10:49",8.54,8.54,8.45,8.45,-0.1,-1.17%,0
"2023-12-15 10:50",8.42,8.42,8.39,8.39,-0.06,-0.71%,0
"2023-12-15 10:51",8.36,8.38,8.36,8.37,-0.02,-0.24%,0
"2023-12-15 10:52",8.39,8.4,8.39,8.39,0.02,+0.24%,0
"2023-12-15 10:53",8.38,8.39,8.38,8.39,0,0.00%,0
"2023-12-15 10:54",8.36,8.36,8.29,8.31,-0.08,-0.95%,0
"2023-12-15 10:55",8.31,8.38,8.31,8.38,0.07,+0.84%,0
"2023-12-15 10:56",8.35,8.39,8.35,8.36,-0.02,-0.24%,0
"2023-12-15 10:57",8.34,8.36,8.34,8.36,0,0.00%,0
"2023-12-15 10:58",8.35,8.36,8.34,8.35,-0.01,-0.12%,0
"2023-12-15 10:59",8.37,8.39,8.37,8.39,0.04,+0.48%,0
"2023-12-15 11:00",8.4,8.4,8.38,8.38,-0.01,-0.12%,0
"2023-12-15 11:01",8.38,8.43,8.38,8.42,0.04,+0.48%,0
"2023-12-15 11:02",8.41,8.41,8.39,8.39,-0.03,-0.36%,0
"2023-12-15 11:03",8.39,8.4,8.39,8.4,0.01,+0.12%,0
"2023-12-15 11:04",8.38,8.4,8.38,8.39,-0.01,-0.12%,0
"2023-12-15 11:05",8.39,8.4,8.39,8.39,0,0.00%,0
"2023-12-15 11:06",8.39,8.42,8.37,8.42,0.03,+0.36%,0
"2023-12-15 11:07",8.41,8.52,8.41,8.52,0.1,+1.19%,0
"2023-12-15 11:08",8.53,8.57,8.53,8.55,0.03,+0.35%,0
"2023-12-15 11:09",8.52,8.53,8.49,8.53,-0.02,-0.23%,0
"2023-12-15 11:10",8.55,8.62,8.55,8.62,0.09,+1.06%,0
"2023-12-15 11:11",8.66,8.69,8.64,8.65,0.03,+0.35%,0
"2023-12-15 11:12",8.65,8.69,8.65,8.67,0.02,+0.23%,0
"2023-12-15 11:13",8.68,8.68,8.62,8.62,-0.05,-0.58%,0
"2023-12-15 11:14",8.61,8.61,8.53,8.56,-0.06,-0.70%,0
"2023-12-15 11:15",8.56,8.58,8.55,8.55,-0.01,-0.12%,0
"2023-12-15 11:16",8.54,8.65,8.54,8.65,0.1,+1.17%,0
"2023-12-15 11:17",8.64,8.65,8.63,8.65,0,0.00%,0
"2023-12-15 11:18",8.64,8.67,8.64,8.66,0.01,+0.12%,0
"2023-12-15 11:19",8.61,8.61,8.57,8.58,-0.08,-0.92%,0
"2023-12-15 11:20",8.58,8.6,8.58,8.6,0.02,+0.23%,0
"2023-12-15 11:21",8.61,8.65,8.61,8.65,0.05,+0.58%,0
"2023-12-15 11:22",8.65,8.65,8.64,8.64,-0.01,-0.12%,0
"2023-12-15 11:23",8.64,8.67,8.63,8.63,-0.01,-0.12%,0
"2023-12-15 11:24",8.63,8.66,8.63,8.64,0.01,+0.12%,0
"2023-12-15 11:25",8.63,8.64,8.61,8.61,-0.03,-0.35%,0
"2023-12-15 11:26",8.56,8.56,8.51,8.52,-0.09,-1.05%,0
"2023-12-15 11:27",8.53,8.56,8.53,8.54,0.02,+0.23%,0
"2023-12-15 11:28",8.52,8.54,8.52,8.54,0,0.00%,0
"2023-12-15 11:29",8.55,8.59,8.55,8.59,0.05,+0.59%,0
"2023-12-15 11:30",8.56,8.58,8.53,8.53,-0.06,-0.70%,0
"2023-12-15 11:31",8.51,8.53,8.5,8.53,0,0.00%,0
"2023-12-15 11:32",8.52,8.55,8.52,8.55,0.02,+0.23%,0
"2023-12-15 11:33",8.55,8.56,8.55,8.55,0,0.00%,0
"2023-12-15 11:34",8.54,8.59,8.54,8.59,0.04,+0.47%,0
"2023-12-15 11:35",8.59,8.61,8.59,8.6,0.01,+0.12%,0
"2023-12-15 11:36",8.62,8.66,8.62,8.65,0.05,+0.58%,0
"2023-12-15 11:37",8.65,8.66,8.64,8.66,0.01,+0.12%,0
"2023-12-15 11:38",8.66,8.69,8.66,8.66,0,0.00%,0
"2023-12-15 11:39",8.67,8.7,8.67,8.7,0.04,+0.46%,0
"2023-12-15 11:40",8.69,8.82,8.69,8.78,0.08,+0.92%,0
"2023-12-15 11:41",8.82,8.84,8.81,8.84,0.06,+0.68%,0
"2023-12-15 11:42",8.86,8.88,8.86,8.88,0.04,+0.45%,0
"2023-12-15 11:43",8.88,8.89,8.82,8.82,-0.06,-0.68%,0
"2023-12-15 11:44",8.81,8.81,8.74,8.74,-0.08,-0.91%,0
"2023-12-15 11:45",8.74,8.77,8.74,8.76,0.02,+0.23%,0
"2023-12-15 11:46",8.76,8.8,8.76,8.8,0.04,+0.46%,0
"2023-12-15 11:47",8.81,8.83,8.81,8.81,0.01,+0.11%,0
"2023-12-15 11:48",8.82,8.84,8.81,8.81,0,0.00%,0
"2023-12-15 11:49",8.81,8.84,8.81,8.83,0.02,+0.23%,0
"2023-12-15 11:50",8.82,8.82,8.76,8.76,-0.07,-0.79%,0
"2023-12-15 11:51",8.72,8.73,8.71,8.71,-0.05,-0.57%,0
"2023-12-15 11:52",8.71,8.73,8.71,8.72,0.01,+0.11%,0
"2023-12-15 11:53",8.71,8.71,8.64,8.64,-0.08,-0.92%,0
"2023-12-15 11:54",8.63,8.71,8.63,8.71,0.07,+0.81%,0
"2023-12-15 11:55",8.72,8.74,8.71,8.71,0,0.00%,0
"2023-12-15 11:56",8.72,8.74,8.72,8.73,0.02,+0.23%,0
"2023-12-15 11:57",8.72,8.72,8.67,8.67,-0.06,-0.69%,0
"2023-12-15 11:58",8.65,8.65,8.6,8.6,-0.07,-0.81%,0
"2023-12-15 11:59",8.6,8.65,8.6,8.65,0.05,+0.58%,0
"2023-12-15 12:00",8.66,8.66,8.64,8.65,0,0.00%,0
"2023-12-15 12:01",8.64,8.66,8.64,8.65,0,0.00%,0
"2023-12-15 12:02",8.65,8.67,8.64,8.64,-0.01,-0.12%,0
"2023-12-15 12:03",8.66,8.67,8.65,8.65,0.01,+0.12%,0
"2023-12-15 12:04",8.65,8.67,8.63,8.63,-0.02,-0.23%,0
"2023-12-15 12:05",8.67,8.67,8.65,8.65,0.02,+0.23%,0
"2023-12-15 12:06",8.66,8.68,8.66,8.67,0.02,+0.23%,0
"2023-12-15 12:07",8.67,8.71,8.67,8.71,0.04,+0.46%,0
"2023-12-15 12:08",8.7,8.72,8.7,8.72,0.01,+0.11%,0
"2023-12-15 12:09",8.67,8.7,8.67,8.7,-0.02,-0.23%,0
"2023-12-15 12:10",8.7,8.71,8.7,8.71,0.01,+0.11%,0
"2023-12-15 12:11",8.7,8.7,8.69,8.69,-0.02,-0.23%,0
"2023-12-15 12:12",8.66,8.68,8.64,8.64,-0.05,-0.58%,0
"2023-12-15 12:13",8.62,8.62,8.62,8.62,-0.02,-0.23%,0
"2023-12-15 12:14",8.61,8.64,8.61,8.61,-0.01,-0.12%,0
"2023-12-15 12:15",8.61,8.63,8.61,8.63,0.02,+0.23%,0
"2023-12-15 12:16",8.64,8.67,8.64,8.67,0.04,+0.46%,0
"2023-12-15 12:17",8.66,8.67,8.66,8.67,0,0.00%,0
"2023-12-15 12:18",8.69,8.69,8.64,8.64,-0.03,-0.35%,0
"2023-12-15 12:19",8.63,8.64,8.62,8.64,0,0.00%,0
"2023-12-15 12:20",8.64,8.65,8.62,8.62,-0.02,-0.23%,0
"2023-12-15 12:21",8.63,8.64,8.61,8.61,-0.01,-0.12%,0
"2023-12-15 12:22",8.61,8.63,8.61,8.62,0.01,+0.12%,0
"2023-12-15 12:23",8.6,8.6,8.59,8.59,-0.03,-0.35%,0
"2023-12-15 12:24",8.57,8.58,8.57,8.57,-0.02,-0.23%,0
"2023-12-15 12:25",8.56,8.57,8.56,8.57,0,0.00%,0
"2023-12-15 12:26",8.55,8.56,8.54,8.56,-0.01,-0.12%,0
"2023-12-15 12:27",8.54,8.55,8.53,8.53,-0.03,-0.35%,0
"2023-12-15 12:28",8.56,8.56,8.55,8.56,0.03,+0.35%,0
"2023-12-15 12:29",8.56,8.58,8.56,8.57,0.01,+0.12%,0
"2023-12-15 12:30",8.56,8.57,8.56,8.57,0,0.00%,0
"2023-12-15 12:31",8.56,8.56,8.56,8.56,-0.01,-0.12%,0
"2023-12-15 12:32",8.55,8.55,8.55,8.55,-0.01,-0.12%,0
"2023-12-15 12:33",8.56,8.57,8.56,8.57,0.02,+0.23%,0
"2023-12-15 12:34",8.56,8.58,8.54,8.54,-0.03,-0.35%,0
"2023-12-15 12:35",8.54,8.57,8.54,8.57,0.03,+0.35%,0
"2023-12-15 12:36",8.56,8.6,8.56,8.6,0.03,+0.35%,0
"2023-12-15 12:37",8.6,8.62,8.6,8.61,0.01,+0.12%,0
"2023-12-15 12:38",8.62,8.65,8.62,8.63,0.02,+0.23%,0
"2023-12-15 12:39",8.63,8.65,8.63,8.65,0.02,+0.23%,0
"2023-12-15 12:40",8.68,8.71,8.68,8.68,0.03,+0.35%,0
"2023-12-15 12:41",8.68,8.7,8.68,8.69,0.01,+0.12%,0
"2023-12-15 12:42",8.69,8.71,8.69,8.71,0.02,+0.23%,0
"2023-12-15 12:43",8.71,8.73,8.71,8.73,0.02,+0.23%,0
"2023-12-15 12:44",8.74,8.8,8.74,8.8,0.07,+0.80%,0
"2023-12-15 12:45",8.8,8.82,8.8,8.82,0.02,+0.23%,0
"2023-12-15 12:46",8.82,8.88,8.82,8.88,0.06,+0.68%,0
"2023-12-15 12:47",8.91,9.03,8.91,9.03,0.15,+1.69%,0
"2023-12-15 12:48",9.1,9.1,8.91,8.91,-0.12,-1.33%,0
"2023-12-15 12:49",8.92,8.92,8.88,8.9,-0.01,-0.11%,0
"2023-12-15 12:50",8.92,8.95,8.91,8.91,0.01,+0.11%,0
"2023-12-15 12:51",8.93,8.95,8.93,8.94,0.03,+0.34%,0
"2023-12-15 12:52",8.94,9.01,8.94,9.01,0.07,+0.78%,0
"2023-12-15 12:53",9.03,9.05,9.03,9.03,0.02,+0.22%,0
"2023-12-15 12:54",9.01,9.04,9.01,9.02,-0.01,-0.11%,0
"2023-12-15 12:55",9.01,9.02,9.01,9.02,0,0.00%,0
"2023-12-15 12:56",9.02,9.03,9,9.03,0.01,+0.11%,0
"2023-12-15 12:57",9.03,9.09,9.03,9.09,0.06,+0.66%,0
"2023-12-15 12:58",9.07,9.1,9.07,9.1,0.01,+0.11%,0
"2023-12-15 12:59",9.1,9.11,9.09,9.11,0.01,+0.11%,0
"2023-12-15 13:00",9.11,9.21,9.11,9.19,0.08,+0.88%,0
"2023-12-15 13:01",9.18,9.22,9.18,9.21,0.02,+0.22%,0
"2023-12-15 13:02",9.21,9.22,9.21,9.22,0.01,+0.11%,0
"2023-12-15 13:03",9.21,9.26,9.21,9.21,-0.01,-0.11%,0
"2023-12-15 13:04",9.2,9.23,9.2,9.23,0.02,+0.22%,0
"2023-12-15 13:05",9.24,9.27,9.22,9.22,-0.01,-0.11%,0
"2023-12-15 13:06",9.23,9.28,9.23,9.28,0.06,+0.65%,0
"2023-12-15 13:07",9.26,9.29,9.26,9.29,0.01,+0.11%,0
"2023-12-15 13:08",9.23,9.23,9.22,9.23,-0.06,-0.65%,0
"2023-12-15 13:09",9.21,9.26,9.21,9.26,0.03,+0.33%,0
"2023-12-15 13:10",9.31,9.39,9.31,9.39,0.13,+1.40%,0
"2023-12-15 13:11",9.4,9.42,9.4,9.42,0.03,+0.32%,0
"2023-12-15 13:12",9.43,9.43,9.42,9.42,0,0.00%,0
"2023-12-15 13:13",9.4,9.42,9.4,9.41,-0.01,-0.11%,0
"2023-12-15 13:14",9.41,9.43,9.4,9.41,0,0.00%,0
"2023-12-15 13:15",9.41,9.44,9.41,9.44,0.03,+0.32%,0
"2023-12-15 13:16",9.45,9.46,9.45,9.46,0.02,+0.21%,0
"2023-12-15 13:17",9.46,9.46,9.35,9.35,-0.11,-1.16%,0
"2023-12-15 13:18",9.33,9.38,9.33,9.38,0.03,+0.32%,0
"2023-12-15 13:19",9.38,9.41,9.38,9.39,0.01,+0.11%,0
"2023-12-15 13:20",9.38,9.39,9.35,9.35,-0.04,-0.43%,0
"2023-12-15 13:21",9.32,9.32,9.32,9.32,-0.03,-0.32%,0
"2023-12-15 13:22",9.32,9.36,9.32,9.35,0.03,+0.32%,0
"2023-12-15 13:23",9.33,9.33,9.29,9.29,-0.06,-0.64%,0
"2023-12-15 13:24",9.25,9.26,9.24,9.24,-0.05,-0.54%,0
"2023-12-15 13:25",9.25,9.25,9.23,9.24,0,0.00%,0
"2023-12-15 13:26",9.24,9.24,9.16,9.16,-0.08,-0.87%,0
"2023-12-15 13:27",9.15,9.21,9.15,9.21,0.05,+0.55%,0
"2023-12-15 13:28",9.19,9.19,9.16,9.16,-0.05,-0.54%,0
"2023-12-15 13:29",9.12,9.12,9.11,9.11,-0.05,-0.55%,0
"2023-12-15 13:30",9.13,9.13,9.05,9.05,-0.06,-0.66%,0
"2023-12-15 13:31",9.03,9.05,9.03,9.04,-0.01,-0.11%,0
"2023-12-15 13:32",9.05,9.05,9.04,9.04,0,0.00%,0
"2023-12-15 13:33",9.04,9.07,9.04,9.07,0.03,+0.33%,0
"2023-12-15 13:34",9.05,9.06,9.05,9.06,-0.01,-0.11%,0
"2023-12-15 13:35",9.04,9.05,9.04,9.05,-0.01,-0.11%,0
"2023-12-15 13:36",9.05,9.11,9.05,9.11,0.06,+0.66%,0
"2023-12-15 13:37",9.11,9.12,9.11,9.11,0,0.00%,0
"2023-12-15 13:38",9.12,9.17,9.12,9.17,0.06,+0.66%,0
"2023-12-15 13:39",9.14,9.17,9.14,9.17,0,0.00%,0
"2023-12-15 13:40",9.17,9.28,9.17,9.28,0.11,+1.20%,0
"2023-12-15 13:41",9.26,9.69,9.23,9.69,0.41,+4.42%,0
"2023-12-15 13:42",9.79,9.79,9.49,9.49,-0.2,-2.06%,0
"2023-12-15 13:43",9.48,9.55,9.48,9.53,0.04,+0.42%,0
"2023-12-15 13:44",9.52,9.53,9.5,9.53,0,0.00%,0
"2023-12-15 13:45",9.54,9.57,9.44,9.44,-0.09,-0.94%,0
"2023-12-15 13:46",9.46,9.52,9.46,9.51,0.07,+0.74%,0
"2023-12-15 13:47",9.52,9.53,9.48,9.48,-0.03,-0.32%,0
"2023-12-15 13:48",9.45,9.47,9.45,9.46,-0.02,-0.21%,0
"2023-12-15 13:49",9.46,9.47,9.46,9.46,0,0.00%,0
"2023-12-15 13:50",9.43,9.43,9.36,9.36,-0.1,-1.06%,0
"2023-12-15 13:51",9.37,9.37,9.33,9.33,-0.03,-0.32%,0
"2023-12-15 13:52",9.31,9.37,9.31,9.37,0.04,+0.43%,0
"2023-12-15 13:53",9.43,9.5,9.43,9.47,0.1,+1.07%,0
"2023-12-15 13:54",9.47,9.56,9.47,9.56,0.09,+0.95%,0
"2023-12-15 13:55",9.55,9.63,9.51,9.63,0.07,+0.73%,0
"2023-12-15 13:56",9.66,9.72,9.66,9.7,0.07,+0.73%,0
"2023-12-15 13:57",9.64,9.64,9.6,9.6,-0.1,-1.03%,0
"2023-12-15 13:58",9.61,9.67,9.61,9.66,0.06,+0.63%,0
"2023-12-15 13:59",9.66,9.69,9.66,9.66,0,0.00%,0
"2023-12-15 14:00",9.67,9.7,9.67,9.7,0.04,+0.41%,0
"2023-12-15 14:01",9.71,9.71,9.69,9.69,-0.01,-0.10%,0
"2023-12-15 14:02",9.7,9.72,9.69,9.69,0,0.00%,0
"2023-12-15 14:03",9.68,9.68,9.66,9.66,-0.03,-0.31%,0
"2023-12-15 14:04",9.67,9.68,9.67,9.68,0.02,+0.21%,0
"2023-12-15 14:05",9.7,9.8,9.7,9.8,0.12,+1.24%,0
"2023-12-15 14:06",9.79,9.79,9.77,9.78,-0.02,-0.20%,0
"2023-12-15 14:07",9.8,9.84,9.77,9.77,-0.01,-0.10%,0
"2023-12-15 14:08",9.75,9.79,9.75,9.79,0.02,+0.20%,0
"2023-12-15 14:09",9.8,9.81,9.8,9.81,0.02,+0.20%,0
"2023-12-15 14:10",9.83,9.85,9.82,9.85,0.04,+0.41%,0
"2023-12-15 14:11",9.85,9.87,9.85,9.85,0,0.00%,0
"2023-12-15 14:12",9.84,9.84,9.71,9.71,-0.14,-1.42%,0
"2023-12-15 14:13",9.7,9.71,9.7,9.7,-0.01,-0.10%,0
"2023-12-15 14:14",9.71,9.71,9.7,9.7,0,0.00%,0
"2023-12-15 14:15",9.75,9.75,9.68,9.68,-0.02,-0.21%,0
"2023-12-15 14:16",9.65,9.65,9.59,9.59,-0.09,-0.93%,0
"2023-12-15 14:17",9.59,9.59,9.55,9.55,-0.04,-0.42%,0
"2023-12-15 14:18",9.56,9.63,9.56,9.61,0.06,+0.63%,0
"2023-12-15 14:19",9.63,9.65,9.63,9.63,0.02,+0.21%,0
"2023-12-15 14:20",9.62,9.65,9.62,9.62,-0.01,-0.10%,0
"2023-12-15 14:21",9.62,9.65,9.62,9.65,0.03,+0.31%,0
"2023-12-15 14:22",9.64,9.68,9.64,9.65,0,0.00%,0
"2023-12-15 14:23",9.65,9.73,9.65,9.73,0.08,+0.83%,0
"2023-12-15 14:24",9.73,9.74,9.73,9.74,0.01,+0.10%,0
"2023-12-15 14:25",9.77,9.78,9.77,9.77,0.03,+0.31%,0
"2023-12-15 14:26",9.77,9.8,9.77,9.77,0,0.00%,0
"2023-12-15 14:27",9.78,9.8,9.78,9.8,0.03,+0.31%,0
"2023-12-15 14:28",9.8,9.83,9.8,9.83,0.03,+0.31%,0
"2023-12-15 14:29",9.84,9.85,9.84,9.85,0.02,+0.20%,0
"2023-12-15 14:30",9.89,9.92,9.89,9.91,0.06,+0.61%,0
"2023-12-15 14:31",9.88,9.88,9.8,9.8,-0.11,-1.11%,0
"2023-12-15 14:32",9.75,9.82,9.75,9.82,0.02,+0.20%,0
"2023-12-15 14:33",9.8,9.81,9.78,9.78,-0.04,-0.41%,0
"2023-12-15 14:34",9.77,9.79,9.76,9.76,-0.02,-0.20%,0
"2023-12-15 14:35",9.76,9.77,9.72,9.72,-0.04,-0.41%,0
"2023-12-15 14:36",9.77,9.77,9.71,9.72,0,0.00%,0
"2023-12-15 14:37",9.69,9.7,9.66,9.66,-0.06,-0.62%,0
"2023-12-15 14:38",9.68,9.69,9.68,9.69,0.03,+0.31%,0
"2023-12-15 14:39",9.69,9.7,9.69,9.7,0.01,+0.10%,0
"2023-12-15 14:40",9.7,9.71,9.69,9.69,-0.01,-0.10%,0
"2023-12-15 14:41",9.69,9.7,9.69,9.69,0,0.00%,0
"2023-12-15 14:42",9.67,9.67,9.62,9.62,-0.07,-0.72%,0
"2023-12-15 14:43",9.63,9.65,9.63,9.63,0.01,+0.10%,0
"2023-12-15 14:44",9.62,9.62,9.62,9.62,-0.01,-0.10%,0
"2023-12-15 14:45",9.61,9.61,9.58,9.58,-0.04,-0.42%,0
"2023-12-15 14:46",9.57,9.6,9.57,9.6,0.02,+0.21%,0
"2023-12-15 14:47",9.61,9.62,9.61,9.62,0.02,+0.21%,0
"2023-12-15 14:48",9.65,9.65,9.6,9.61,-0.01,-0.10%,0
"2023-12-15 14:49",9.61,9.69,9.61,9.69,0.08,+0.83%,0
"2023-12-15 14:50",9.69,9.73,9.66,9.66,-0.03,-0.31%,0
"2023-12-15 14:51",9.69,9.72,9.69,9.7,0.04,+0.41%,0
"2023-12-15 14:52",9.72,9.72,9.65,9.65,-0.05,-0.52%,0
"2023-12-15 14:53",9.65,9.82,9.65,9.82,0.17,+1.76%,0
"2023-12-15 14:54",9.82,9.84,9.82,9.83,0.01,+0.10%,0
"2023-12-15 14:55",9.84,9.87,9.84,9.87,0.04,+0.41%,0
"2023-12-15 14:56",9.98,10,9.98,9.98,0.11,+1.11%,0
"2023-12-15 14:57",9.96,9.99,9.96,9.97,-0.01,-0.10%,0
"2023-12-15 14:58",9.98,10.02,9.98,9.99,0.02,+0.20%,0
"2023-12-15 14:59",9.99,10.01,9.8,9.8,-0.19,-1.90%,0
"2023-12-15 15:00",9.76,9.79,9.75,9.79,-0.01,-0.10%,0
"2023-12-15 15:01",9.77,9.77,9.73,9.73,-0.06,-0.61%,0
"2023-12-15 15:02",9.73,9.79,9.73,9.78,0.05,+0.51%,0
"2023-12-15 15:03",9.77,9.77,9.73,9.75,-0.03,-0.31%,0
"2023-12-15 15:04",9.75,9.77,9.75,9.75,0,0.00%,0
"2023-12-15 15:05",9.76,9.76,9.75,9.76,0.01,+0.10%,0
"2023-12-15 15:06",9.75,9.82,9.75,9.82,0.06,+0.61%,0
"2023-12-15 15:07",9.81,9.84,9.79,9.79,-0.03,-0.31%,0
"2023-12-15 15:08",9.73,9.78,9.73,9.75,-0.04,-0.41%,0
"2023-12-15 15:09",9.75,9.82,9.75,9.77,0.02,+0.21%,0
"2023-12-15 15:10",9.77,9.78,9.73,9.73,-0.04,-0.41%,0
"2023-12-15 15:11",9.75,9.81,9.74,9.78,0.05,+0.51%,0
"2023-12-15 15:12",9.81,9.86,9.81,9.86,0.08,+0.82%,0
"2023-12-15 15:13",9.86,9.88,9.86,9.88,0.02,+0.20%,0
"2023-12-15 15:14",9.86,9.94,9.86,9.94,0.06,+0.61%,0
"2023-12-15 15:15",9.93,9.93,9.92,9.92,-0.02,-0.20%,0
"2023-12-15 15:16",9.92,9.93,9.92,9.92,0,0.00%,0
"2023-12-15 15:17",9.91,9.93,9.88,9.88,-0.04,-0.40%,0
"2023-12-15 15:18",9.87,9.89,9.87,9.89,0.01,+0.10%,0
"2023-12-15 15:19",9.89,9.89,9.87,9.89,0,0.00%,0
"2023-12-15 15:20",9.84,9.85,9.83,9.83,-0.06,-0.61%,0
"2023-12-15 15:21",9.79,9.79,9.74,9.74,-0.09,-0.92%,0
"2023-12-15 15:22",9.74,9.75,9.73,9.74,0,0.00%,0
"2023-12-15 15:23",9.73,9.73,9.72,9.73,-0.01,-0.10%,0
"2023-12-15 15:24",9.71,9.71,9.69,9.69,-0.04,-0.41%,0
"2023-12-15 15:25",9.64,9.64,9.51,9.51,-0.18,-1.86%,0
"2023-12-15 15:26",9.52,9.56,9.52,9.56,0.05,+0.53%,0
"2023-12-15 15:27",9.58,9.61,9.56,9.61,0.05,+0.52%,0
"2023-12-15 15:28",9.59,9.61,9.59,9.59,-0.02,-0.21%,0
"2023-12-15 15:29",9.6,9.7,9.6,9.7,0.11,+1.15%,0
"2023-12-15 15:30",9.67,9.72,9.67,9.71,0.01,+0.10%,0
"2023-12-15 15:31",9.72,9.83,9.72,9.83,0.12,+1.24%,0
"2023-12-15 15:32",9.8,9.85,9.76,9.78,-0.05,-0.51%,0
"2023-12-15 15:33",9.8,9.82,9.8,9.82,0.04,+0.41%,0
"2023-12-15 15:34",9.83,9.85,9.82,9.85,0.03,+0.31%,0
"2023-12-15 15:35",9.93,10.03,9.93,10.03,0.18,+1.83%,0
"2023-12-15 15:36",10.05,10.13,10.05,10.13,0.1,+1.00%,0
"2023-12-15 15:37",10.14,10.14,10.11,10.11,-0.02,-0.20%,0
"2023-12-15 15:38",10.09,10.09,10.02,10.02,-0.09,-0.89%,0
"2023-12-15 15:39",10.01,10.05,10.01,10.05,0.03,+0.30%,0
"2023-12-15 15:40",10.03,10.08,10.03,10.08,0.03,+0.30%,0
"2023-12-15 15:41",10.08,10.09,10.06,10.06,-0.02,-0.20%,0
"2023-12-15 15:42",10.05,10.05,9.89,9.89,-0.17,-1.69%,0
"2023-12-15 15:43",9.91,9.91,9.89,9.89,0,0.00%,0
"2023-12-15 15:44",9.95,9.95,9.91,9.91,0.02,+0.20%,0
"2023-12-15 15:45",9.97,9.97,9.92,9.92,0.01,+0.10%,0
"2023-12-15 15:46",9.86,9.89,9.83,9.83,-0.09,-0.91%,0
"2023-12-15 15:47",9.82,9.85,9.82,9.82,-0.01,-0.10%,0
"2023-12-15 15:48",9.83,9.83,9.77,9.77,-0.05,-0.51%,0
"2023-12-15 15:49",9.77,9.92,9.77,9.92,0.15,+1.54%,0
"2023-12-15 15:50",9.75,9.92,9.75,9.92,0,0.00%,0
"2023-12-15 15:51",9.91,9.91,9.83,9.83,-0.09,-0.91%,0
"2023-12-15 15:52",9.9,9.91,9.9,9.91,0.08,+0.81%,0
"2023-12-15 15:53",9.92,10.13,9.82,10.12,0.21,+2.12%,0
"2023-12-15 15:54",10.09,10.11,9.81,9.81,-0.31,-3.06%,0
"2023-12-15 15:55",9.84,10.12,9.84,10.12,0.31,+3.16%,0
"2023-12-15 15:56",10.16,10.16,10.1,10.1,-0.02,-0.20%,0
"2023-12-15 15:57",10.09,10.24,10.09,10.24,0.14,+1.39%,0
"2023-12-15 15:58",10.27,10.3,10.2,10.2,-0.04,-0.39%,0
"2023-12-15 15:59",10.2,10.22,10.08,10.08,-0.12,-1.18%,0
"2023-12-15 16:00",9.69,9.69,9.49,9.64,-0.44,-4.37%,0
"2023-12-15 16:01",9.66,9.95,9.66,9.95,0.31,+3.22%,0
"2023-12-15 16:02",9.96,9.96,9.61,9.61,-0.34,-3.42%,0
"2023-12-15 16:03",9.6,9.65,9.6,9.65,0.04,+0.42%,0
"2023-12-15 16:04",9.64,9.64,9.57,9.61,-0.04,-0.41%,0
"2023-12-15 16:05",9.61,9.67,9.61,9.67,0.06,+0.62%,0
"2023-12-15 16:06",9.67,9.85,9.67,9.85,0.18,+1.86%,0
"2023-12-15 16:07",9.84,9.84,9.79,9.79,-0.06,-0.61%,0
"2023-12-15 16:08",9.71,9.73,9.69,9.73,-0.06,-0.61%,0
"2023-12-15 16:09",9.73,9.83,9.7,9.83,0.1,+1.03%,0
"2023-12-15 16:10",10.07,10.07,9.76,9.76,-0.07,-0.71%,0
"2023-12-15 16:11",10.05,10.09,9.8,10.09,0.33,+3.38%,0
"2023-12-15 16:12",10.09,10.09,9.73,9.73,-0.36,-3.57%,0
"2023-12-15 16:13",9.73,9.73,9.69,9.7,-0.03,-0.31%,0
"2023-12-15 16:14",9.77,9.82,9.77,9.82,0.12,+1.24%,0
"2023-12-15 16:15",9.84,9.84,9.84,9.84,0.02,+0.20%,0
"2023-12-18 09:31",7.1,7.12,7.09,7.12,-2.72,-27.64%,0
"2023-12-18 09:32",7.11,7.13,7.09,7.09,-0.03,-0.42%,0
"2023-12-18 09:33",7.08,7.09,7.07,7.09,0,0.00%,0
"2023-12-18 09:34",7.07,7.24,7.07,7.24,0.15,+2.12%,0
"2023-12-18 09:35",7.22,7.22,7.2,7.2,-0.04,-0.55%,0
"2023-12-18 09:36",7.21,7.27,7.21,7.25,0.05,+0.69%,0
"2023-12-18 09:37",7.27,7.29,7.25,7.25,0,0.00%,0
"2023-12-18 09:38",7.31,7.33,7.31,7.33,0.08,+1.10%,0
"2023-12-18 09:39",7.34,7.4,7.34,7.39,0.06,+0.82%,0
"2023-12-18 09:40",7.38,7.41,7.38,7.4,0.01,+0.14%,0
"2023-12-18 09:41",7.34,7.36,7.34,7.36,-0.04,-0.54%,0
"2023-12-18 09:42",7.33,7.37,7.32,7.37,0.01,+0.14%,0
"2023-12-18 09:43",7.33,7.34,7.3,7.34,-0.03,-0.41%,0
"2023-12-18 09:44",7.35,7.37,7.33,7.33,-0.01,-0.14%,0
"2023-12-18 09:45",7.33,7.33,7.29,7.29,-0.04,-0.55%,0
"2023-12-18 09:46",7.29,7.32,7.29,7.32,0.03,+0.41%,0
"2023-12-18 09:47",7.32,7.32,7.26,7.26,-0.06,-0.82%,0
"2023-12-18 09:48",7.26,7.31,7.26,7.31,0.05,+0.69%,0
"2023-12-18 09:49",7.32,7.33,7.32,7.32,0.01,+0.14%,0
"2023-12-18 09:50",7.32,7.32,7.29,7.29,-0.03,-0.41%,0
"2023-12-18 09:51",7.29,7.33,7.29,7.33,0.04,+0.55%,0
"2023-12-18 09:52",7.34,7.36,7.34,7.36,0.03,+0.41%,0
"2023-12-18 09:53",7.37,7.4,7.37,7.4,0.04,+0.54%,0
"2023-12-18 09:54",7.38,7.38,7.36,7.36,-0.04,-0.54%,0
"2023-12-18 09:55",7.36,7.39,7.36,7.38,0.02,+0.27%,0
"2023-12-18 09:56",7.37,7.38,7.37,7.38,0,0.00%,0
"2023-12-18 09:57",7.37,7.37,7.33,7.33,-0.05,-0.68%,0
"2023-12-18 09:58",7.32,7.33,7.28,7.28,-0.05,-0.68%,0
"2023-12-18 09:59",7.3,7.3,7.26,7.26,-0.02,-0.27%,0
"2023-12-18 10:00",7.26,7.26,7.15,7.15,-0.11,-1.52%,0
"2023-12-18 10:01",7.14,7.14,7.09,7.12,-0.03,-0.42%,0
"2023-12-18 10:02",7.16,7.16,7.03,7.03,-0.09,-1.26%,0
"2023-12-18 10:03",7.04,7.08,7.04,7.07,0.04,+0.57%,0
"2023-12-18 10:04",7.08,7.08,7.06,7.06,-0.01,-0.14%,0
"2023-12-18 10:05",7.08,7.1,7.08,7.08,0.02,+0.28%,0
"2023-12-18 10:06",7.08,7.12,7.08,7.12,0.04,+0.56%,0
"2023-12-18 10:07",7.11,7.13,7.11,7.13,0.01,+0.14%,0
"2023-12-18 10:08",7.11,7.11,7.07,7.09,-0.04,-0.56%,0
"2023-12-18 10:09",7.13,7.16,7.13,7.15,0.06,+0.85%,0
"2023-12-18 10:10",7.16,7.16,7.13,7.13,-0.02,-0.28%,0
"2023-12-18 10:11",7.13,7.17,7.12,7.17,0.04,+0.56%,0
"2023-12-18 10:12",7.22,7.27,7.22,7.27,0.1,+1.39%,0
"2023-12-18 10:13",7.21,7.21,7.1,7.15,-0.12,-1.65%,0
"2023-12-18 10:14",7.19,7.24,7.19,7.21,0.06,+0.84%,0
"2023-12-18 10:15",7.19,7.19,7.18,7.19,-0.02,-0.28%,0
"2023-12-18 10:16",7.2,7.2,7.18,7.18,-0.01,-0.14%,0
"2023-12-18 10:17",7.16,7.19,7.16,7.19,0.01,+0.14%,0
"2023-12-18 10:18",7.18,7.2,7.16,7.16,-0.03,-0.42%,0
"2023-12-18 10:19",7.13,7.15,7.13,7.14,-0.02,-0.28%,0
"2023-12-18 10:20",7.13,7.16,7.13,7.16,0.02,+0.28%,0
"2023-12-18 10:21",7.19,7.27,7.19,7.25,0.09,+1.26%,0
"2023-12-18 10:22",7.25,7.29,7.25,7.26,0.01,+0.14%,0
"2023-12-18 10:23",7.27,7.32,7.27,7.28,0.02,+0.28%,0
"2023-12-18 10:24",7.25,7.25,7.2,7.2,-0.08,-1.10%,0
"2023-12-18 10:25",7.19,7.21,7.19,7.21,0.01,+0.14%,0
"2023-12-18 10:26",7.21,7.24,7.21,7.23,0.02,+0.28%,0
"2023-12-18 10:27",7.23,7.24,7.23,7.23,0,0.00%,0
"2023-12-18 10:28",7.22,7.23,7.19,7.19,-0.04,-0.55%,0
"2023-12-18 10:29",7.2,7.2,7.17,7.17,-0.02,-0.28%,0
"2023-12-18 10:30",7.18,7.18,7.16,7.16,-0.01,-0.14%,0
"2023-12-18 10:31",7.16,7.2,7.16,7.19,0.03,+0.42%,0
"2023-12-18 10:32",7.18,7.18,7.16,7.16,-0.03,-0.42%,0
"2023-12-18 10:33",7.18,7.18,7.14,7.15,-0.01,-0.14%,0
"2023-12-18 10:34",7.14,7.2,7.14,7.2,0.05,+0.70%,0
"2023-12-18 10:35",7.19,7.2,7.18,7.18,-0.02,-0.28%,0
"2023-12-18 10:36",7.19,7.21,7.19,7.21,0.03,+0.42%,0
"2023-12-18 10:37",7.2,7.23,7.17,7.17,-0.04,-0.55%,0
"2023-12-18 10:38",7.18,7.18,7.12,7.12,-0.05,-0.70%,0
"2023-12-18 10:39",7.11,7.16,7.11,7.14,0.02,+0.28%,0
"2023-12-18 10:40",7.14,7.16,7.14,7.14,0,0.00%,0
"2023-12-18 10:41",7.14,7.15,7.14,7.15,0.01,+0.14%,0
"2023-12-18 10:42",7.14,7.15,7.14,7.14,-0.01,-0.14%,0
"2023-12-18 10:43",7.14,7.16,7.14,7.14,0,0.00%,0
"2023-12-18 10:44",7.13,7.16,7.13,7.16,0.02,+0.28%,0
"2023-12-18 10:45",7.16,7.16,7.15,7.15,-0.01,-0.14%,0
"2023-12-18 10:46",7.13,7.17,7.13,7.15,0,0.00%,0
"2023-12-18 10:47",7.13,7.15,7.13,7.15,0,0.00%,0
"2023-12-18 10:48",7.14,7.18,7.14,7.17,0.02,+0.28%,0
"2023-12-18 10:49",7.15,7.17,7.15,7.16,-0.01,-0.14%,0
"2023-12-18 10:50",7.16,7.19,7.16,7.17,0.01,+0.14%,0
"2023-12-18 10:51",7.16,7.16,7.15,7.15,-0.02,-0.28%,0
"2023-12-18 10:52",7.16,7.17,7.16,7.16,0.01,+0.14%,0
"2023-12-18 10:53",7.15,7.17,7.15,7.17,0.01,+0.14%,0
"2023-12-18 10:54",7.15,7.18,7.15,7.18,0.01,+0.14%,0
"2023-12-18 10:55",7.16,7.18,7.16,7.17,-0.01,-0.14%,0
"2023-12-18 10:56",7.17,7.19,7.15,7.15,-0.02,-0.28%,0
"2023-12-18 10:57",7.16,7.16,7.13,7.15,0,0.00%,0
"2023-12-18 10:58",7.15,7.18,7.15,7.17,0.02,+0.28%,0
"2023-12-18 10:59",7.15,7.17,7.15,7.17,0,0.00%,0
"2023-12-18 11:00",7.17,7.2,7.17,7.2,0.03,+0.42%,0
"2023-12-18 11:01",7.18,7.21,7.18,7.21,0.01,+0.14%,0
"2023-12-18 11:02",7.21,7.24,7.21,7.24,0.03,+0.42%,0
"2023-12-18 11:03",7.24,7.26,7.24,7.25,0.01,+0.14%,0
"2023-12-18 11:04",7.24,7.28,7.24,7.26,0.01,+0.14%,0
"2023-12-18 11:05",7.26,7.27,7.26,7.27,0.01,+0.14%,0
"2023-12-18 11:06",7.27,7.27,7.25,7.25,-0.02,-0.28%,0
"2023-12-18 11:07",7.26,7.27,7.26,7.27,0.02,+0.28%,0
"2023-12-18 11:08",7.27,7.29,7.27,7.27,0,0.00%,0
"2023-12-18 11:09",7.26,7.26,7.24,7.24,-0.03,-0.41%,0
"2023-12-18 11:10",7.24,7.24,7.2,7.2,-0.04,-0.55%,0
"2023-12-18 11:11",7.19,7.19,7.15,7.15,-0.05,-0.69%,0
"2023-12-18 11:12",7.13,7.14,7.12,7.12,-0.03,-0.42%,0
"2023-12-18 11:13",7.13,7.14,7.13,7.14,0.02,+0.28%,0
"2023-12-18 11:14",7.12,7.15,7.12,7.14,0,0.00%,0
"2023-12-18 11:15",7.15,7.15,7.06,7.06,-0.08,-1.12%,0
"2023-12-18 11:16",7.11,7.14,7.11,7.13,0.07,+0.99%,0
"2023-12-18 11:17",7.13,7.15,7.12,7.12,-0.01,-0.14%,0
"2023-12-18 11:18",7.11,7.13,7.11,7.13,0.01,+0.14%,0
"2023-12-18 11:19",7.14,7.14,7.12,7.12,-0.01,-0.14%,0
"2023-12-18 11:20",7.1,7.14,7.1,7.11,-0.01,-0.14%,0
"2023-12-18 11:21",7.11,7.11,7.07,7.09,-0.02,-0.28%,0
"2023-12-18 11:22",7.1,7.1,7.04,7.04,-0.05,-0.71%,0
"2023-12-18 11:23",7.06,7.09,7.06,7.08,0.04,+0.57%,0
"2023-12-18 11:24",7.08,7.09,7.08,7.09,0.01,+0.14%,0
"2023-12-18 11:25",7.1,7.11,7.08,7.08,-0.01,-0.14%,0
"2023-12-18 11:26",7.08,7.08,7.08,7.08,0,0.00%,0
"2023-12-18 11:27",7.07,7.14,7.07,7.14,0.06,+0.85%,0
"2023-12-18 11:28",7.13,7.14,7.12,7.12,-0.02,-0.28%,0
"2023-12-18 11:29",7.11,7.14,7.11,7.14,0.02,+0.28%,0
"2023-12-18 11:30",7.15,7.16,7.15,7.15,0.01,+0.14%,0
"2023-12-18 11:31",7.15,7.16,7.14,7.14,-0.01,-0.14%,0
"2023-12-18 11:32",7.14,7.17,7.14,7.15,0.01,+0.14%,0
"2023-12-18 11:33",7.15,7.17,7.15,7.16,0.01,+0.14%,0
"2023-12-18 11:34",7.16,7.19,7.16,7.18,0.02,+0.28%,0
"2023-12-18 11:35",7.19,7.23,7.19,7.23,0.05,+0.70%,0
"2023-12-18 11:36",7.23,7.24,7.23,7.24,0.01,+0.14%,0
"2023-12-18 11:37",7.24,7.26,7.24,7.26,0.02,+0.28%,0
"2023-12-18 11:38",7.25,7.27,7.25,7.25,-0.01,-0.14%,0
"2023-12-18 11:39",7.26,7.28,7.25,7.26,0.01,+0.14%,0
"2023-12-18 11:40",7.26,7.28,7.26,7.28,0.02,+0.28%,0
"2023-12-18 11:41",7.28,7.3,7.28,7.3,0.02,+0.27%,0
"2023-12-18 11:42",7.3,7.31,7.29,7.29,-0.01,-0.14%,0
"2023-12-18 11:43",7.29,7.31,7.29,7.31,0.02,+0.27%,0
"2023-12-18 11:44",7.31,7.32,7.3,7.3,-0.01,-0.14%,0
"2023-12-18 11:45",7.29,7.32,7.29,7.32,0.02,+0.27%,0
"2023-12-18 11:46",7.31,7.33,7.31,7.31,-0.01,-0.14%,0
"2023-12-18 11:47",7.32,7.34,7.32,7.34,0.03,+0.41%,0
"2023-12-18 11:48",7.33,7.4,7.33,7.39,0.05,+0.68%,0
"2023-12-18 11:49",7.39,7.41,7.39,7.4,0.01,+0.14%,0
"2023-12-18 11:50",7.4,7.42,7.4,7.4,0,0.00%,0
"2023-12-18 11:51",7.38,7.41,7.38,7.41,0.01,+0.14%,0
"2023-12-18 11:52",7.41,7.42,7.39,7.39,-0.02,-0.27%,0
"2023-12-18 11:53",7.4,7.43,7.4,7.43,0.04,+0.54%,0
"2023-12-18 11:54",7.42,7.44,7.42,7.44,0.01,+0.13%,0
"2023-12-18 11:55",7.44,7.45,7.43,7.43,-0.01,-0.13%,0
"2023-12-18 11:56",7.42,7.42,7.41,7.42,-0.01,-0.13%,0
"2023-12-18 11:57",7.41,7.44,7.41,7.44,0.02,+0.27%,0
"2023-12-18 11:58",7.43,7.43,7.41,7.41,-0.03,-0.40%,0
"2023-12-18 11:59",7.4,7.43,7.4,7.43,0.02,+0.27%,0
"2023-12-18 12:00",7.43,7.46,7.43,7.46,0.03,+0.40%,0
"2023-12-18 12:01",7.47,7.49,7.45,7.45,-0.01,-0.13%,0
"2023-12-18 12:02",7.45,7.48,7.45,7.48,0.03,+0.40%,0
"2023-12-18 12:03",7.45,7.47,7.45,7.45,-0.03,-0.40%,0
"2023-12-18 12:04",7.46,7.49,7.46,7.48,0.03,+0.40%,0
"2023-12-18 12:05",7.48,7.51,7.48,7.5,0.02,+0.27%,0
"2023-12-18 12:06",7.51,7.59,7.51,7.59,0.09,+1.20%,0
"2023-12-18 12:07",7.6,7.63,7.6,7.62,0.03,+0.40%,0
"2023-12-18 12:08",7.62,7.63,7.58,7.58,-0.04,-0.52%,0
"2023-12-18 12:09",7.53,7.55,7.53,7.53,-0.05,-0.66%,0
"2023-12-18 12:10",7.53,7.61,7.53,7.61,0.08,+1.06%,0
"2023-12-18 12:11",7.53,7.55,7.53,7.54,-0.07,-0.92%,0
"2023-12-18 12:12",7.52,7.56,7.52,7.55,0.01,+0.13%,0
"2023-12-18 12:13",7.53,7.55,7.53,7.55,0,0.00%,0
"2023-12-18 12:14",7.54,7.55,7.54,7.55,0,0.00%,0
"2023-12-18 12:15",7.54,7.55,7.54,7.55,0,0.00%,0
"2023-12-18 12:16",7.56,7.6,7.56,7.6,0.05,+0.66%,0
"2023-12-18 12:17",7.65,7.65,7.64,7.65,0.05,+0.66%,0
"2023-12-18 12:18",7.62,7.64,7.61,7.61,-0.04,-0.52%,0
"2023-12-18 12:19",7.61,7.63,7.61,7.63,0.02,+0.26%,0
"2023-12-18 12:20",7.62,7.68,7.62,7.68,0.05,+0.66%,0
"2023-12-18 12:21",7.68,7.69,7.66,7.66,-0.02,-0.26%,0
"2023-12-18 12:22",7.67,7.68,7.64,7.64,-0.02,-0.26%,0
"2023-12-18 12:23",7.65,7.66,7.65,7.65,0.01,+0.13%,0
"2023-12-18 12:24",7.65,7.67,7.65,7.67,0.02,+0.26%,0
"2023-12-18 12:25",7.65,7.66,7.65,7.66,-0.01,-0.13%,0
"2023-12-18 12:26",7.66,7.76,7.66,7.75,0.09,+1.17%,0
"2023-12-18 12:27",7.76,7.77,7.76,7.76,0.01,+0.13%,0
"2023-12-18 12:28",7.76,7.78,7.76,7.76,0,0.00%,0
"2023-12-18 12:29",7.74,7.76,7.73,7.74,-0.02,-0.26%,0
"2023-12-18 12:30",7.74,7.77,7.74,7.77,0.03,+0.39%,0
"2023-12-18 12:31",7.79,7.82,7.79,7.81,0.04,+0.51%,0
"2023-12-18 12:32",7.82,7.83,7.81,7.81,0,0.00%,0
"2023-12-18 12:33",7.82,7.85,7.82,7.85,0.04,+0.51%,0
"2023-12-18 12:34",7.83,7.85,7.83,7.85,0,0.00%,0
"2023-12-18 12:35",7.85,7.85,7.85,7.85,0,0.00%,0
"2023-12-18 12:36",7.86,7.86,7.84,7.84,-0.01,-0.13%,0
"2023-12-18 12:37",7.83,7.85,7.83,7.83,-0.01,-0.13%,0
"2023-12-18 12:38",7.84,7.84,7.82,7.82,-0.01,-0.13%,0
"2023-12-18 12:39",7.82,7.85,7.82,7.84,0.02,+0.26%,0
"2023-12-18 12:40",7.84,7.88,7.84,7.88,0.04,+0.51%,0
"2023-12-18 12:41",7.88,7.91,7.88,7.91,0.03,+0.38%,0
"2023-12-18 12:42",7.89,7.89,7.87,7.87,-0.04,-0.51%,0
"2023-12-18 12:43",7.86,7.89,7.86,7.88,0.01,+0.13%,0
"2023-12-18 12:44",7.88,7.91,7.88,7.89,0.01,+0.13%,0
"2023-12-18 12:45",7.89,7.91,7.89,7.91,0.02,+0.25%,0
"2023-12-18 12:46",7.91,7.93,7.91,7.93,0.02,+0.25%,0
"2023-12-18 12:47",7.93,7.93,7.92,7.92,-0.01,-0.13%,0
"2023-12-18 12:48",7.92,7.94,7.92,7.94,0.02,+0.25%,0
"2023-12-18 12:49",7.95,7.97,7.95,7.97,0.03,+0.38%,0
"2023-12-18 12:50",7.95,7.95,7.94,7.95,-0.02,-0.25%,0
"2023-12-18 12:51",7.95,7.95,7.92,7.92,-0.03,-0.38%,0
"2023-12-18 12:52",7.91,7.92,7.91,7.92,0,0.00%,0
"2023-12-18 12:53",7.93,7.96,7.93,7.96,0.04,+0.51%,0
"2023-12-18 12:54",7.97,7.98,7.97,7.98,0.02,+0.25%,0
"2023-12-18 12:55",7.98,8.03,7.98,8.02,0.04,+0.50%,0
"2023-12-18 12:56",8.02,8.05,8.02,8.05,0.03,+0.37%,0
"2023-12-18 12:57",8.04,8.06,8.04,8.05,0,0.00%,0
"2023-12-18 12:58",8.05,8.07,8.05,8.05,0,0.00%,0
"2023-12-18 12:59",8.03,8.06,8.03,8.05,0,0.00%,0
"2023-12-18 13:00",8.06,8.07,8.06,8.07,0.02,+0.25%,0
"2023-12-18 13:01",8.08,8.1,8.08,8.1,0.03,+0.37%,0
"2023-12-18 13:02",8.1,8.13,8.1,8.13,0.03,+0.37%,0
"2023-12-18 13:03",8.11,8.14,8.11,8.13,0,0.00%,0
"2023-12-18 13:04",8.14,8.15,8.14,8.14,0.01,+0.12%,0
"2023-12-18 13:05",8.15,8.15,8.12,8.12,-0.02,-0.25%,0
"2023-12-18 13:06",8.12,8.14,8.12,8.13,0.01,+0.12%,0
"2023-12-18 13:07",8.13,8.15,8.13,8.14,0.01,+0.12%,0
"2023-12-18 13:08",8.13,8.15,8.13,8.15,0.01,+0.12%,0
"2023-12-18 13:09",8.16,8.18,8.16,8.17,0.02,+0.25%,0
"2023-12-18 13:10",8.16,8.17,8.16,8.17,0,0.00%,0
"2023-12-18 13:11",8.18,8.18,8.18,8.18,0.01,+0.12%,0
"2023-12-18 13:12",8.18,8.19,8.18,8.18,0,0.00%,0
"2023-12-18 13:13",8.19,8.19,8.14,8.14,-0.04,-0.49%,0
"2023-12-18 13:14",8.13,8.14,8.13,8.14,0,0.00%,0
"2023-12-18 13:15",8.12,8.14,8.12,8.14,0,0.00%,0
"2023-12-18 13:16",8.13,8.14,8.13,8.14,0,0.00%,0
"2023-12-18 13:17",8.14,8.15,8.14,8.15,0.01,+0.12%,0
"2023-12-18 13:18",8.15,8.15,8.13,8.13,-0.02,-0.25%,0
"2023-12-18 13:19",8.13,8.14,8.13,8.13,0,0.00%,0
"2023-12-18 13:20",8.13,8.13,8.13,8.13,0,0.00%,0
"2023-12-18 13:21",8.13,8.15,8.13,8.14,0.01,+0.12%,0
"2023-12-18 13:22",8.13,8.15,8.13,8.13,-0.01,-0.12%,0
"2023-12-18 13:23",8.13,8.15,8.13,8.15,0.02,+0.25%,0
"2023-12-18 13:24",8.14,8.17,8.14,8.17,0.02,+0.25%,0
"2023-12-18 13:25",8.17,8.17,8.16,8.17,0,0.00%,0
"2023-12-18 13:26",8.16,8.18,8.15,8.15,-0.02,-0.24%,0
"2023-12-18 13:27",8.15,8.16,8.15,8.15,0,0.00%,0
"2023-12-18 13:28",8.16,8.17,8.16,8.17,0.02,+0.25%,0
"2023-12-18 13:29",8.26,8.28,8.26,8.28,0.11,+1.35%,0
"2023-12-18 13:30",8.29,8.3,8.25,8.25,-0.03,-0.36%,0
"2023-12-18 13:31",8.25,8.26,8.25,8.26,0.01,+0.12%,0
"2023-12-18 13:32",8.26,8.27,8.18,8.18,-0.08,-0.97%,0
"2023-12-18 13:33",8.2,8.26,8.19,8.26,0.08,+0.98%,0
"2023-12-18 13:34",8.27,8.29,8.27,8.28,0.02,+0.24%,0
"2023-12-18 13:35",8.28,8.3,8.28,8.29,0.01,+0.12%,0
"2023-12-18 13:36",8.29,8.31,8.29,8.3,0.01,+0.12%,0
"2023-12-18 13:37",8.29,8.31,8.29,8.3,0,0.00%,0
"2023-12-18 13:38",8.3,8.31,8.3,8.31,0.01,+0.12%,0
"2023-12-18 13:39",8.3,8.31,8.3,8.31,0,0.00%,0
"2023-12-18 13:40",8.31,8.32,8.31,8.32,0.01,+0.12%,0
"2023-12-18 13:41",8.33,8.33,8.33,8.33,0.01,+0.12%,0
"2023-12-18 13:42",8.32,8.33,8.32,8.32,-0.01,-0.12%,0
"2023-12-18 13:43",8.31,8.33,8.31,8.31,-0.01,-0.12%,0
"2023-12-18 13:44",8.31,8.32,8.31,8.32,0.01,+0.12%,0
"2023-12-18 13:45",8.32,8.33,8.32,8.32,0,0.00%,0
"2023-12-18 13:46",8.32,8.33,8.32,8.32,0,0.00%,0
"2023-12-18 13:47",8.33,8.36,8.33,8.35,0.03,+0.36%,0
"2023-12-18 13:48",8.35,8.37,8.35,8.36,0.01,+0.12%,0
"2023-12-18 13:49",8.37,8.38,8.37,8.38,0.02,+0.24%,0
"2023-12-18 13:50",8.37,8.38,8.37,8.38,0,0.00%,0
"2023-12-18 13:51",8.38,8.39,8.38,8.39,0.01,+0.12%,0
"2023-12-18 13:52",8.38,8.39,8.38,8.38,-0.01,-0.12%,0
"2023-12-18 13:53",8.38,8.39,8.36,8.36,-0.02,-0.24%,0
"2023-12-18 13:54",8.34,8.36,8.34,8.35,-0.01,-0.12%,0
"2023-12-18 13:55",8.36,8.37,8.36,8.37,0.02,+0.24%,0
"2023-12-18 13:56",8.36,8.37,8.36,8.37,0,0.00%,0
"2023-12-18 13:57",8.37,8.38,8.37,8.38,0.01,+0.12%,0
"2023-12-18 13:58",8.38,8.39,8.36,8.36,-0.02,-0.24%,0
"2023-12-18 13:59",8.37,8.4,8.37,8.38,0.02,+0.24%,0
"2023-12-18 14:00",8.39,8.4,8.37,8.37,-0.01,-0.12%,0
"2023-12-18 14:01",8.38,8.38,8.36,8.36,-0.01,-0.12%,0
"2023-12-18 14:02",8.36,8.37,8.35,8.35,-0.01,-0.12%,0
"2023-12-18 14:03",8.35,8.36,8.35,8.35,0,0.00%,0
"2023-12-18 14:04",8.35,8.37,8.35,8.35,0,0.00%,0
"2023-12-18 14:05",8.33,8.34,8.33,8.33,-0.02,-0.24%,0
"2023-12-18 14:06",8.33,8.34,8.33,8.34,0.01,+0.12%,0
"2023-12-18 14:07",8.33,8.36,8.33,8.36,0.02,+0.24%,0
"2023-12-18 14:08",8.35,8.36,8.34,8.34,-0.02,-0.24%,0
"2023-12-18 14:09",8.34,8.36,8.34,8.35,0.01,+0.12%,0
"2023-12-18 14:10",8.34,8.36,8.34,8.35,0,0.00%,0
"2023-12-18 14:11",8.34,8.35,8.34,8.35,0,0.00%,0
"2023-12-18 14:12",8.34,8.36,8.34,8.35,0,0.00%,0
"2023-12-18 14:13",8.35,8.36,8.35,8.36,0.01,+0.12%,0
"2023-12-18 14:14",8.34,8.36,8.34,8.35,-0.01,-0.12%,0
"2023-12-18 14:15",8.36,8.37,8.36,8.36,0.01,+0.12%,0
"2023-12-18 14:16",8.36,8.4,8.36,8.37,0.01,+0.12%,0
"2023-12-18 14:17",8.38,8.39,8.38,8.39,0.02,+0.24%,0
"2023-12-18 14:18",8.39,8.39,8.28,8.28,-0.11,-1.31%,0
"2023-12-18 14:19",8.28,8.29,8.28,8.28,0,0.00%,0
"2023-12-18 14:20",8.29,8.3,8.27,8.27,-0.01,-0.12%,0
"2023-12-18 14:21",8.27,8.28,8.27,8.27,0,0.00%,0
"2023-12-18 14:22",8.27,8.28,8.27,8.28,0.01,+0.12%,0
"2023-12-18 14:23",8.28,8.41,8.28,8.41,0.13,+1.57%,0
"2023-12-18 14:24",8.47,8.57,8.47,8.57,0.16,+1.90%,0
"2023-12-18 14:25",8.55,8.56,8.53,8.53,-0.04,-0.47%,0
"2023-12-18 14:26",8.52,8.56,8.52,8.54,0.01,+0.12%,0
"2023-12-18 14:27",8.51,8.53,8.4,8.46,-0.08,-0.94%,0
"2023-12-18 14:28",8.47,8.49,8.47,8.48,0.02,+0.24%,0
"2023-12-18 14:29",8.49,8.5,8.49,8.5,0.02,+0.24%,0
"2023-12-18 14:30",8.63,8.65,8.63,8.63,0.13,+1.53%,0
"2023-12-18 14:31",8.65,8.69,8.65,8.68,0.05,+0.58%,0
"2023-12-18 14:32",8.65,8.66,8.62,8.66,-0.02,-0.23%,0
"2023-12-18 14:33",8.71,8.74,8.71,8.72,0.06,+0.69%,0
"2023-12-18 14:34",8.73,8.76,8.73,8.76,0.04,+0.46%,0
"2023-12-18 14:35",8.78,8.85,8.78,8.85,0.09,+1.03%,0
"2023-12-18 14:36",8.84,8.85,8.83,8.83,-0.02,-0.23%,0
"2023-12-18 14:37",8.82,8.83,8.82,8.83,0,0.00%,0
"2023-12-18 14:38",8.83,8.84,8.83,8.84,0.01,+0.11%,0
"2023-12-18 14:39",8.82,8.82,8.82,8.82,-0.02,-0.23%,0
"2023-12-18 14:40",8.82,8.83,8.81,8.83,0.01,+0.11%,0
"2023-12-18 14:41",8.83,8.83,8.83,8.83,0,0.00%,0
"2023-12-18 14:42",8.83,8.83,8.82,8.82,-0.01,-0.11%,0
"2023-12-18 14:43",8.81,8.82,8.8,8.8,-0.02,-0.23%,0
"2023-12-18 14:44",8.78,8.81,8.78,8.79,-0.01,-0.11%,0
"2023-12-18 14:45",8.79,8.8,8.79,8.8,0.01,+0.11%,0
"2023-12-18 14:46",8.81,8.85,8.81,8.85,0.05,+0.57%,0
"2023-12-18 14:47",8.84,8.87,8.84,8.87,0.02,+0.23%,0
"2023-12-18 14:48",8.85,8.87,8.85,8.85,-0.02,-0.23%,0
"2023-12-18 14:49",8.86,8.86,8.83,8.83,-0.02,-0.23%,0
"2023-12-18 14:50",8.82,8.87,8.82,8.85,0.02,+0.23%,0
"2023-12-18 14:51",8.86,8.86,8.85,8.85,0,0.00%,0
"2023-12-18 14:52",8.85,8.87,8.85,8.86,0.01,+0.11%,0
"2023-12-18 14:53",8.86,8.87,8.86,8.86,0,0.00%,0
"2023-12-18 14:54",8.87,8.88,8.87,8.88,0.02,+0.23%,0
"2023-12-18 14:55",8.88,8.89,8.88,8.88,0,0.00%,0
"2023-12-18 14:56",8.87,8.89,8.87,8.89,0.01,+0.11%,0
"2023-12-18 14:57",8.89,8.91,8.89,8.91,0.02,+0.22%,0
"2023-12-18 14:58",8.9,8.91,8.9,8.9,-0.01,-0.11%,0
"2023-12-18 14:59",8.91,8.91,8.84,8.84,-0.06,-0.67%,0
"2023-12-18 15:00",8.85,8.85,8.83,8.83,-0.01,-0.11%,0
"2023-12-18 15:01",8.8,8.8,8.64,8.64,-0.19,-2.15%,0
"2023-12-18 15:02",8.63,8.63,8.63,8.63,-0.01,-0.12%,0
"2023-12-18 15:03",8.62,8.63,8.62,8.62,-0.01,-0.12%,0
"2023-12-18 15:04",8.6,8.62,8.6,8.61,-0.01,-0.12%,0
"2023-12-18 15:05",8.62,8.63,8.62,8.63,0.02,+0.23%,0
"2023-12-18 15:06",8.63,8.66,8.63,8.65,0.02,+0.23%,0
"2023-12-18 15:07",8.67,8.68,8.67,8.67,0.02,+0.23%,0
"2023-12-18 15:08",8.68,8.7,8.68,8.7,0.03,+0.35%,0
"2023-12-18 15:09",8.69,8.71,8.69,8.71,0.01,+0.11%,0
"2023-12-18 15:10",8.69,8.69,8.69,8.69,-0.02,-0.23%,0
"2023-12-18 15:11",8.69,8.7,8.69,8.69,0,0.00%,0
"2023-12-18 15:12",8.7,8.72,8.7,8.72,0.03,+0.35%,0
"2023-12-18 15:13",8.74,8.75,8.74,8.75,0.03,+0.34%,0
"2023-12-18 15:14",8.76,8.82,8.76,8.81,0.06,+0.69%,0
"2023-12-18 15:15",8.81,8.82,8.79,8.79,-0.02,-0.23%,0
"2023-12-18 15:16",8.79,8.84,8.79,8.84,0.05,+0.57%,0
"2023-12-18 15:17",8.85,8.86,8.85,8.85,0.01,+0.11%,0
"2023-12-18 15:18",8.87,8.88,8.87,8.88,0.03,+0.34%,0
"2023-12-18 15:19",8.88,8.89,8.87,8.89,0.01,+0.11%,0
"2023-12-18 15:20",8.91,8.93,8.91,8.93,0.04,+0.45%,0
"2023-12-18 15:21",8.91,8.91,8.88,8.88,-0.05,-0.56%,0
"2023-12-18 15:22",8.9,8.91,8.89,8.89,0.01,+0.11%,0
"2023-12-18 15:23",8.89,8.91,8.89,8.9,0.01,+0.11%,0
"2023-12-18 15:24",9.03,9.05,8.98,8.98,0.08,+0.90%,0
"2023-12-18 15:25",8.95,8.95,8.94,8.95,-0.03,-0.33%,0
"2023-12-18 15:26",8.95,8.96,8.95,8.96,0.01,+0.11%,0
"2023-12-18 15:27",8.95,8.97,8.95,8.97,0.01,+0.11%,0
"2023-12-18 15:28",8.97,8.97,8.96,8.96,-0.01,-0.11%,0
"2023-12-18 15:29",9.06,9.06,9.05,9.05,0.09,+1.00%,0
"2023-12-18 15:30",9.03,9.09,9.03,9.05,0,0.00%,0
"2023-12-18 15:31",9.05,9.06,8.97,8.97,-0.08,-0.88%,0
"2023-12-18 15:32",8.96,8.98,8.96,8.96,-0.01,-0.11%,0
"2023-12-18 15:33",8.95,8.95,8.9,8.9,-0.06,-0.67%,0
"2023-12-18 15:34",8.9,8.91,8.9,8.91,0.01,+0.11%,0
"2023-12-18 15:35",8.92,8.95,8.92,8.95,0.04,+0.45%,0
"2023-12-18 15:36",8.94,8.94,8.92,8.92,-0.03,-0.34%,0
"2023-12-18 15:37",8.92,8.92,8.91,8.92,0,0.00%,0
"2023-12-18 15:38",8.9,8.91,8.9,8.9,-0.02,-0.22%,0
"2023-12-18 15:39",8.9,8.94,8.9,8.94,0.04,+0.45%,0
"2023-12-18 15:40",8.94,8.98,8.94,8.97,0.03,+0.34%,0
"2023-12-18 15:41",8.95,8.97,8.95,8.97,0,0.00%,0
"2023-12-18 15:42",8.97,9,8.97,9,0.03,+0.33%,0
"2023-12-18 15:43",9,9.02,9,9.02,0.02,+0.22%,0
"2023-12-18 15:44",9.01,9.08,9.01,9.08,0.06,+0.67%,0
"2023-12-18 15:45",9.08,9.19,9.08,9.19,0.11,+1.21%,0
"2023-12-18 15:46",9.22,9.24,9.21,9.24,0.05,+0.54%,0
"2023-12-18 15:47",9.21,9.23,9.17,9.17,-0.07,-0.76%,0
"2023-12-18 15:48",9.2,9.21,9.19,9.19,0.02,+0.22%,0
"2023-12-18 15:49",9.22,9.24,9.2,9.2,0.01,+0.11%,0
"2023-12-18 15:50",9.22,9.23,9.18,9.18,-0.02,-0.22%,0
"2023-12-18 15:51",9.18,9.18,9.15,9.15,-0.03,-0.33%,0
"2023-12-18 15:52",9.15,9.18,9.15,9.18,0.03,+0.33%,0
"2023-12-18 15:53",9.19,9.21,9.18,9.18,0,0.00%,0
"2023-12-18 15:54",9.17,9.19,9.16,9.16,-0.02,-0.22%,0
"2023-12-18 15:55",9.16,9.19,9.14,9.14,-0.02,-0.22%,0
"2023-12-18 15:56",9.12,9.14,9.07,9.07,-0.07,-0.77%,0
"2023-12-18 15:57",9.1,9.12,9.1,9.12,0.05,+0.55%,0
"2023-12-18 15:58",9.11,9.12,9.1,9.1,-0.02,-0.22%,0
"2023-12-18 15:59",9.09,9.09,8.96,8.96,-0.14,-1.54%,0
"2023-12-18 16:00",8.91,8.91,8.81,8.83,-0.13,-1.45%,0
"2023-12-18 16:01",8.84,8.84,8.81,8.83,0,0.00%,0
"2023-12-18 16:02",8.8,8.8,8.75,8.75,-0.08,-0.91%,0
"2023-12-18 16:03",8.75,8.75,8.73,8.73,-0.02,-0.23%,0
"2023-12-18 16:04",8.72,8.73,8.69,8.73,0,0.00%,0
"2023-12-18 16:05",8.73,8.75,8.73,8.74,0.01,+0.11%,0
"2023-12-18 16:06",8.73,8.85,8.73,8.85,0.11,+1.26%,0
"2023-12-18 16:07",8.84,8.84,8.8,8.82,-0.03,-0.34%,0
"2023-12-18 16:08",8.8,8.81,8.8,8.8,-0.02,-0.23%,0
"2023-12-18 16:09",8.77,8.79,8.77,8.79,-0.01,-0.11%,0
"2023-12-18 16:10",8.76,8.78,8.75,8.78,-0.01,-0.11%,0
"2023-12-18 16:11",8.77,8.78,8.77,8.77,-0.01,-0.11%,0
"2023-12-18 16:12",8.75,8.77,8.75,8.76,-0.01,-0.11%,0
"2023-12-18 16:13",8.77,8.78,8.76,8.78,0.02,+0.23%,0
"2023-12-18 16:14",8.77,8.77,8.76,8.76,-0.02,-0.23%,0
"2023-12-18 16:15",8.8,8.8,8.8,8.8,0.04,+0.46%,0
"2023-12-19 09:31",6.71,6.71,6.55,6.55,-2.25,-25.57%,0
"2023-12-19 09:32",6.5,6.5,6.43,6.43,-0.12,-1.83%,0
"2023-12-19 09:33",6.44,6.44,6.38,6.38,-0.05,-0.78%,0
"2023-12-19 09:34",6.39,6.42,6.39,6.41,0.03,+0.47%,0
"2023-12-19 09:35",6.41,6.44,6.41,6.43,0.02,+0.31%,0
"2023-12-19 09:36",6.42,6.46,6.42,6.46,0.03,+0.47%,0
"2023-12-19 09:37",6.46,6.47,6.44,6.47,0.01,+0.15%,0
"2023-12-19 09:38",6.43,6.5,6.43,6.5,0.03,+0.46%,0
"2023-12-19 09:39",6.48,6.48,6.47,6.47,-0.03,-0.46%,0
"2023-12-19 09:40",6.44,6.51,6.44,6.51,0.04,+0.62%,0
"2023-12-19 09:41",6.51,6.53,6.51,6.51,0,0.00%,0
"2023-12-19 09:42",6.52,6.52,6.43,6.43,-0.08,-1.23%,0
"2023-12-19 09:43",6.39,6.44,6.39,6.44,0.01,+0.16%,0
"2023-12-19 09:44",6.46,6.48,6.46,6.48,0.04,+0.62%,0
"2023-12-19 09:45",6.45,6.45,6.43,6.44,-0.04,-0.62%,0
"2023-12-19 09:46",6.46,6.48,6.45,6.48,0.04,+0.62%,0
"2023-12-19 09:47",6.49,6.49,6.45,6.45,-0.03,-0.46%,0
"2023-12-19 09:48",6.45,6.47,6.45,6.47,0.02,+0.31%,0
"2023-12-19 09:49",6.47,6.48,6.46,6.47,0,0.00%,0
"2023-12-19 09:50",6.48,6.51,6.48,6.51,0.04,+0.62%,0
"2023-12-19 09:51",6.49,6.51,6.48,6.48,-0.03,-0.46%,0
"2023-12-19 09:52",6.43,6.47,6.43,6.47,-0.01,-0.15%,0
"2023-12-19 09:53",6.47,6.47,6.45,6.45,-0.02,-0.31%,0
"2023-12-19 09:54",6.43,6.45,6.43,6.43,-0.02,-0.31%,0
"2023-12-19 09:55",6.38,6.44,6.38,6.44,0.01,+0.16%,0
"2023-12-19 09:56",6.41,6.44,6.41,6.42,-0.02,-0.31%,0
"2023-12-19 09:57",6.45,6.49,6.45,6.49,0.07,+1.09%,0
"2023-12-19 09:58",6.49,6.5,6.48,6.48,-0.01,-0.15%,0
"2023-12-19 09:59",6.48,6.5,6.47,6.5,0.02,+0.31%,0
"2023-12-19 10:00",6.5,6.5,6.43,6.43,-0.07,-1.08%,0
"2023-12-19 10:01",6.4,6.44,6.4,6.44,0.01,+0.16%,0
"2023-12-19 10:02",6.43,6.47,6.43,6.46,0.02,+0.31%,0
"2023-12-19 10:03",6.47,6.52,6.47,6.52,0.06,+0.93%,0
"2023-12-19 10:04",6.52,6.52,6.5,6.5,-0.02,-0.31%,0
"2023-12-19 10:05",6.49,6.49,6.48,6.49,-0.01,-0.15%,0
"2023-12-19 10:06",6.49,6.49,6.48,6.49,0,0.00%,0
"2023-12-19 10:07",6.49,6.5,6.47,6.47,-0.02,-0.31%,0
"2023-12-19 10:08",6.44,6.45,6.44,6.44,-0.03,-0.46%,0
"2023-12-19 10:09",6.42,6.43,6.41,6.43,-0.01,-0.16%,0
"2023-12-19 10:10",6.42,6.44,6.42,6.44,0.01,+0.16%,0
"2023-12-19 10:11",6.44,6.44,6.39,6.39,-0.05,-0.78%,0
"2023-12-19 10:12",6.37,6.39,6.37,6.38,-0.01,-0.16%,0
"2023-12-19 10:13",6.35,6.39,6.35,6.37,-0.01,-0.16%,0
"2023-12-19 10:14",6.37,6.37,6.36,6.36,-0.01,-0.16%,0
"2023-12-19 10:15",6.35,6.35,6.33,6.33,-0.03,-0.47%,0
"2023-12-19 10:16",6.31,6.32,6.3,6.31,-0.02,-0.32%,0
"2023-12-19 10:17",6.3,6.31,6.3,6.3,-0.01,-0.16%,0
"2023-12-19 10:18",6.3,6.32,6.3,6.32,0.02,+0.32%,0
"2023-12-19 10:19",6.31,6.32,6.31,6.32,0,0.00%,0
"2023-12-19 10:20",6.33,6.35,6.31,6.31,-0.01,-0.16%,0
"2023-12-19 10:21",6.32,6.36,6.32,6.34,0.03,+0.48%,0
"2023-12-19 10:22",6.34,6.34,6.32,6.32,-0.02,-0.32%,0
"2023-12-19 10:23",6.33,6.36,6.33,6.36,0.04,+0.63%,0
"2023-12-19 10:24",6.35,6.37,6.35,6.37,0.01,+0.16%,0
"2023-12-19 10:25",6.36,6.39,6.36,6.39,0.02,+0.31%,0
"2023-12-19 10:26",6.39,6.39,6.35,6.35,-0.04,-0.63%,0
"2023-12-19 10:27",6.38,6.39,6.36,6.36,0.01,+0.16%,0
"2023-12-19 10:28",6.37,6.4,6.37,6.39,0.03,+0.47%,0
"2023-12-19 10:29",6.4,6.41,6.4,6.4,0.01,+0.16%,0
"2023-12-19 10:30",6.41,6.41,6.4,6.41,0.01,+0.16%,0
"2023-12-19 10:31",6.41,6.44,6.41,6.43,0.02,+0.31%,0
"2023-12-19 10:32",6.44,6.44,6.4,6.4,-0.03,-0.47%,0
"2023-12-19 10:33",6.4,6.43,6.4,6.41,0.01,+0.16%,0
"2023-12-19 10:34",6.4,6.42,6.4,6.42,0.01,+0.16%,0
"2023-12-19 10:35",6.42,6.43,6.41,6.41,-0.01,-0.16%,0
"2023-12-19 10:36",6.42,6.44,6.42,6.43,0.02,+0.31%,0
"2023-12-19 10:37",6.43,6.45,6.43,6.45,0.02,+0.31%,0
"2023-12-19 10:38",6.41,6.45,6.41,6.44,-0.01,-0.16%,0
"2023-12-19 10:39",6.47,6.5,6.47,6.5,0.06,+0.93%,0
"2023-12-19 10:40",6.51,6.58,6.51,6.58,0.08,+1.23%,0
"2023-12-19 10:41",6.57,6.57,6.52,6.52,-0.06,-0.91%,0
"2023-12-19 10:42",6.53,6.54,6.51,6.52,0,0.00%,0
"2023-12-19 10:43",6.52,6.57,6.52,6.56,0.04,+0.61%,0
"2023-12-19 10:44",6.56,6.56,6.54,6.54,-0.02,-0.30%,0
"2023-12-19 10:45",6.53,6.57,6.53,6.57,0.03,+0.46%,0
"2023-12-19 10:46",6.56,6.56,6.55,6.56,-0.01,-0.15%,0
"2023-12-19 10:47",6.57,6.59,6.57,6.58,0.02,+0.30%,0
"2023-12-19 10:48",6.57,6.6,6.57,6.59,0.01,+0.15%,0
"2023-12-19 10:49",6.61,6.61,6.57,6.58,-0.01,-0.15%,0
"2023-12-19 10:50",6.56,6.58,6.56,6.58,0,0.00%,0
"2023-12-19 10:51",6.58,6.6,6.58,6.6,0.02,+0.30%,0
"2023-12-19 10:52",6.59,6.62,6.59,6.6,0,0.00%,0
"2023-12-19 10:53",6.59,6.61,6.59,6.61,0.01,+0.15%,0
"2023-12-19 10:54",6.6,6.61,6.6,6.61,0,0.00%,0
"2023-12-19 10:55",6.62,6.63,6.62,6.63,0.02,+0.30%,0
"2023-12-19 10:56",6.61,6.61,6.6,6.6,-0.03,-0.45%,0
"2023-12-19 10:57",6.6,6.64,6.6,6.64,0.04,+0.61%,0
"2023-12-19 10:58",6.64,6.65,6.64,6.64,0,0.00%,0
"2023-12-19 10:59",6.63,6.64,6.63,6.64,0,0.00%,0
"2023-12-19 11:00",6.63,6.63,6.58,6.59,-0.05,-0.75%,0
"2023-12-19 11:01",6.6,6.6,6.6,6.6,0.01,+0.15%,0
"2023-12-19 11:02",6.59,6.61,6.59,6.61,0.01,+0.15%,0
"2023-12-19 11:03",6.62,6.64,6.62,6.63,0.02,+0.30%,0
"2023-12-19 11:04",6.62,6.63,6.61,6.61,-0.02,-0.30%,0
"2023-12-19 11:05",6.62,6.64,6.61,6.61,0,0.00%,0
"2023-12-19 11:06",6.61,6.63,6.61,6.62,0.01,+0.15%,0
"2023-12-19 11:07",6.62,6.63,6.62,6.63,0.01,+0.15%,0
"2023-12-19 11:08",6.63,6.63,6.61,6.61,-0.02,-0.30%,0
"2023-12-19 11:09",6.59,6.62,6.59,6.61,0,0.00%,0
"2023-12-19 11:10",6.61,6.66,6.61,6.65,0.04,+0.61%,0
"2023-12-19 11:11",6.66,6.66,6.64,6.64,-0.01,-0.15%,0
"2023-12-19 11:12",6.66,6.7,6.66,6.7,0.06,+0.90%,0
"2023-12-19 11:13",6.72,6.77,6.72,6.76,0.06,+0.90%,0
"2023-12-19 11:14",6.76,6.78,6.76,6.77,0.01,+0.15%,0
"2023-12-19 11:15",6.74,6.75,6.74,6.74,-0.03,-0.44%,0
"2023-12-19 11:16",6.74,6.77,6.74,6.76,0.02,+0.30%,0
"2023-12-19 11:17",6.77,6.78,6.77,6.78,0.02,+0.30%,0
"2023-12-19 11:18",6.78,6.78,6.76,6.76,-0.02,-0.29%,0
"2023-12-19 11:19",6.77,6.79,6.77,6.79,0.03,+0.44%,0
"2023-12-19 11:20",6.81,6.84,6.81,6.84,0.05,+0.74%,0
"2023-12-19 11:21",6.85,6.86,6.85,6.85,0.01,+0.15%,0
"2023-12-19 11:22",6.84,6.84,6.81,6.81,-0.04,-0.58%,0
"2023-12-19 11:23",6.81,6.83,6.81,6.83,0.02,+0.29%,0
"2023-12-19 11:24",6.83,6.84,6.83,6.84,0.01,+0.15%,0
"2023-12-19 11:25",6.84,6.85,6.84,6.85,0.01,+0.15%,0
"2023-12-19 11:26",6.86,6.87,6.86,6.86,0.01,+0.15%,0
"2023-12-19 11:27",6.87,6.88,6.87,6.88,0.02,+0.29%,0
"2023-12-19 11:28",6.88,6.88,6.87,6.87,-0.01,-0.15%,0
"2023-12-19 11:29",6.85,6.88,6.85,6.87,0,0.00%,0
"2023-12-19 11:30",6.87,6.88,6.86,6.86,-0.01,-0.15%,0
"2023-12-19 11:31",6.87,6.89,6.87,6.89,0.03,+0.44%,0
"2023-12-19 11:32",6.89,6.91,6.89,6.9,0.01,+0.15%,0
"2023-12-19 11:33",6.87,6.9,6.87,6.9,0,0.00%,0
"2023-12-19 11:34",6.92,6.92,6.91,6.91,0.01,+0.14%,0
"2023-12-19 11:35",6.92,6.93,6.92,6.93,0.02,+0.29%,0
"2023-12-19 11:36",6.93,6.93,6.91,6.91,-0.02,-0.29%,0
"2023-12-19 11:37",6.91,6.93,6.91,6.93,0.02,+0.29%,0
"2023-12-19 11:38",6.94,6.96,6.94,6.94,0.01,+0.14%,0
"2023-12-19 11:39",6.94,6.95,6.94,6.94,0,0.00%,0
"2023-12-19 11:40",6.94,6.96,6.94,6.95,0.01,+0.14%,0
"2023-12-19 11:41",6.94,6.95,6.94,6.95,0,0.00%,0
"2023-12-19 11:42",6.96,6.97,6.96,6.97,0.02,+0.29%,0
"2023-12-19 11:43",6.97,6.99,6.97,6.99,0.02,+0.29%,0
"2023-12-19 11:44",7,7.01,7,7.01,0.02,+0.29%,0
"2023-12-19 11:45",7.01,7.04,7.01,7.02,0.01,+0.14%,0
"2023-12-19 11:46",7.01,7.03,7.01,7.02,0,0.00%,0
"2023-12-19 11:47",7,7.01,6.99,6.99,-0.03,-0.43%,0
"2023-12-19 11:48",6.99,7.01,6.99,7,0.01,+0.14%,0
"2023-12-19 11:49",6.97,6.97,6.95,6.95,-0.05,-0.71%,0
"2023-12-19 11:50",6.97,7,6.97,6.99,0.04,+0.58%,0
"2023-12-19 11:51",6.99,7.01,6.99,7.01,0.02,+0.29%,0
"2023-12-19 11:52",7.01,7.02,6.99,6.99,-0.02,-0.29%,0
"2023-12-19 11:53",7,7.05,7,7.05,0.06,+0.86%,0
"2023-12-19 11:54",7.06,7.06,7.06,7.06,0.01,+0.14%,0
"2023-12-19 11:55",7.06,7.09,7.06,7.09,0.03,+0.42%,0
"2023-12-19 11:56",7.08,7.1,7.07,7.07,-0.02,-0.28%,0
"2023-12-19 11:57",7.06,7.11,7.06,7.11,0.04,+0.57%,0
"2023-12-19 11:58",7.09,7.12,7.09,7.11,0,0.00%,0
"2023-12-19 11:59",7.1,7.13,7.1,7.13,0.02,+0.28%,0
"2023-12-19 12:00",7.13,7.18,7.13,7.18,0.05,+0.70%,0
"2023-12-19 12:01",7.16,7.18,7.16,7.18,0,0.00%,0
"2023-12-19 12:02",7.18,7.19,7.18,7.19,0.01,+0.14%,0
"2023-12-19 12:03",7.2,7.21,7.2,7.21,0.02,+0.28%,0
"2023-12-19 12:04",7.21,7.24,7.21,7.23,0.02,+0.28%,0
"2023-12-19 12:05",7.22,7.24,7.22,7.23,0,0.00%,0
"2023-12-19 12:06",7.22,7.23,7.22,7.23,0,0.00%,0
"2023-12-19 12:07",7.22,7.25,7.22,7.25,0.02,+0.28%,0
"2023-12-19 12:08",7.25,7.27,7.25,7.27,0.02,+0.28%,0
"2023-12-19 12:09",7.26,7.29,7.26,7.29,0.02,+0.28%,0
"2023-12-19 12:10",7.29,7.31,7.29,7.3,0.01,+0.14%,0
"2023-12-19 12:11",7.31,7.33,7.31,7.33,0.03,+0.41%,0
"2023-12-19 12:12",7.33,7.35,7.33,7.35,0.02,+0.27%,0
"2023-12-19 12:13",7.35,7.36,7.35,7.36,0.01,+0.14%,0
"2023-12-19 12:14",7.38,7.38,7.37,7.37,0.01,+0.14%,0
"2023-12-19 12:15",7.38,7.38,7.38,7.38,0.01,+0.14%,0
"2023-12-19 12:16",7.38,7.39,7.38,7.38,0,0.00%,0
"2023-12-19 12:17",7.38,7.39,7.38,7.38,0,0.00%,0
"2023-12-19 12:18",7.37,7.4,7.37,7.4,0.02,+0.27%,0
"2023-12-19 12:19",7.4,7.4,7.39,7.39,-0.01,-0.14%,0
"2023-12-19 12:20",7.39,7.39,7.36,7.36,-0.03,-0.41%,0
"2023-12-19 12:21",7.37,7.38,7.37,7.38,0.02,+0.27%,0
"2023-12-19 12:22",7.38,7.41,7.38,7.38,0,0.00%,0
"2023-12-19 12:23",7.38,7.39,7.38,7.39,0.01,+0.14%,0
"2023-12-19 12:24",7.38,7.4,7.33,7.33,-0.06,-0.81%,0
"2023-12-19 12:25",7.33,7.33,7.33,7.33,0,0.00%,0
"2023-12-19 12:26",7.33,7.34,7.33,7.34,0.01,+0.14%,0
"2023-12-19 12:27",7.32,7.33,7.32,7.33,-0.01,-0.14%,0
"2023-12-19 12:28",7.32,7.34,7.32,7.33,0,0.00%,0
"2023-12-19 12:29",7.33,7.34,7.33,7.33,0,0.00%,0
"2023-12-19 12:30",7.33,7.34,7.33,7.33,0,0.00%,0
"2023-12-19 12:31",7.31,7.33,7.31,7.31,-0.02,-0.27%,0
"2023-12-19 12:32",7.31,7.33,7.31,7.33,0.02,+0.27%,0
"2023-12-19 12:33",7.33,7.37,7.33,7.35,0.02,+0.27%,0
"2023-12-19 12:34",7.35,7.39,7.35,7.39,0.04,+0.54%,0
"2023-12-19 12:35",7.39,7.41,7.39,7.41,0.02,+0.27%,0
"2023-12-19 12:36",7.41,7.43,7.41,7.41,0,0.00%,0
"2023-12-19 12:37",7.4,7.42,7.4,7.41,0,0.00%,0
"2023-12-19 12:38",7.42,7.43,7.42,7.43,0.02,+0.27%,0
"2023-12-19 12:39",7.44,7.45,7.44,7.45,0.02,+0.27%,0
"2023-12-19 12:40",7.45,7.47,7.45,7.47,0.02,+0.27%,0
"2023-12-19 12:41",7.46,7.48,7.46,7.48,0.01,+0.13%,0
"2023-12-19 12:42",7.49,7.49,7.48,7.48,0,0.00%,0
"2023-12-19 12:43",7.48,7.5,7.48,7.5,0.02,+0.27%,0
"2023-12-19 12:44",7.48,7.5,7.48,7.5,0,0.00%,0
"2023-12-19 12:45",7.49,7.49,7.46,7.47,-0.03,-0.40%,0
"2023-12-19 12:46",7.47,7.49,7.47,7.47,0,0.00%,0
"2023-12-19 12:47",7.45,7.47,7.45,7.47,0,0.00%,0
"2023-12-19 12:48",7.47,7.49,7.47,7.49,0.02,+0.27%,0
"2023-12-19 12:49",7.47,7.48,7.47,7.48,-0.01,-0.13%,0
"2023-12-19 12:50",7.47,7.48,7.47,7.47,-0.01,-0.13%,0
"2023-12-19 12:51",7.47,7.48,7.45,7.45,-0.02,-0.27%,0
"2023-12-19 12:52",7.4,7.42,7.4,7.41,-0.04,-0.54%,0
"2023-12-19 12:53",7.4,7.42,7.4,7.42,0.01,+0.13%,0
"2023-12-19 12:54",7.42,7.43,7.41,7.41,-0.01,-0.13%,0
"2023-12-19 12:55",7.42,7.43,7.42,7.43,0.02,+0.27%,0
"2023-12-19 12:56",7.45,7.46,7.45,7.45,0.02,+0.27%,0
"2023-12-19 12:57",7.45,7.45,7.45,7.45,0,0.00%,0
"2023-12-19 12:58",7.44,7.46,7.44,7.45,0,0.00%,0
"2023-12-19 12:59",7.45,7.48,7.45,7.48,0.03,+0.40%,0
"2023-12-19 13:00",7.49,7.51,7.49,7.51,0.03,+0.40%,0
"2023-12-19 13:01",7.51,7.51,7.5,7.51,0,0.00%,0
"2023-12-19 13:02",7.51,7.52,7.5,7.5,-0.01,-0.13%,0
"2023-12-19 13:03",7.5,7.53,7.5,7.52,0.02,+0.27%,0
"2023-12-19 13:04",7.52,7.56,7.52,7.56,0.04,+0.53%,0
"2023-12-19 13:05",7.55,7.59,7.55,7.58,0.02,+0.26%,0
"2023-12-19 13:06",7.54,7.56,7.54,7.56,-0.02,-0.26%,0
"2023-12-19 13:07",7.56,7.58,7.56,7.56,0,0.00%,0
"2023-12-19 13:08",7.56,7.59,7.56,7.58,0.02,+0.26%,0
"2023-12-19 13:09",7.58,7.61,7.58,7.6,0.02,+0.26%,0
"2023-12-19 13:10",7.6,7.64,7.6,7.61,0.01,+0.13%,0
"2023-12-19 13:11",7.6,7.62,7.59,7.62,0.01,+0.13%,0
"2023-12-19 13:12",7.62,7.64,7.62,7.64,0.02,+0.26%,0
"2023-12-19 13:13",7.64,7.66,7.64,7.66,0.02,+0.26%,0
"2023-12-19 13:14",7.66,7.67,7.66,7.66,0,0.00%,0
"2023-12-19 13:15",7.65,7.67,7.65,7.66,0,0.00%,0
"2023-12-19 13:16",7.69,7.7,7.69,7.7,0.04,+0.52%,0
"2023-12-19 13:17",7.7,7.7,7.68,7.68,-0.02,-0.26%,0
"2023-12-19 13:18",7.67,7.69,7.67,7.69,0.01,+0.13%,0
"2023-12-19 13:19",7.69,7.71,7.69,7.71,0.02,+0.26%,0
"2023-12-19 13:20",7.71,7.72,7.71,7.72,0.01,+0.13%,0
"2023-12-19 13:21",7.75,7.77,7.75,7.76,0.04,+0.52%,0
"2023-12-19 13:22",7.75,7.76,7.75,7.75,-0.01,-0.13%,0
"2023-12-19 13:23",7.75,7.77,7.75,7.77,0.02,+0.26%,0
"2023-12-19 13:24",7.76,7.77,7.76,7.76,-0.01,-0.13%,0
"2023-12-19 13:25",7.76,7.77,7.76,7.77,0.01,+0.13%,0
"2023-12-19 13:26",7.76,7.76,7.76,7.76,-0.01,-0.13%,0
"2023-12-19 13:27",7.77,7.79,7.77,7.79,0.03,+0.39%,0
"2023-12-19 13:28",7.78,7.8,7.78,7.8,0.01,+0.13%,0
"2023-12-19 13:29",7.78,7.8,7.78,7.78,-0.02,-0.26%,0
"2023-12-19 13:30",7.77,7.77,7.74,7.74,-0.04,-0.51%,0
"2023-12-19 13:31",7.74,7.74,7.73,7.73,-0.01,-0.13%,0
"2023-12-19 13:32",7.74,7.74,7.71,7.71,-0.02,-0.26%,0
"2023-12-19 13:33",7.71,7.74,7.71,7.74,0.03,+0.39%,0
"2023-12-19 13:34",7.74,7.78,7.74,7.78,0.04,+0.52%,0
"2023-12-19 13:35",7.78,7.8,7.78,7.8,0.02,+0.26%,0
"2023-12-19 13:36",7.81,7.82,7.81,7.82,0.02,+0.26%,0
"2023-12-19 13:37",7.82,7.85,7.81,7.85,0.03,+0.38%,0
"2023-12-19 13:38",7.87,7.88,7.87,7.88,0.03,+0.38%,0
"2023-12-19 13:39",7.87,7.87,7.85,7.85,-0.03,-0.38%,0
"2023-12-19 13:40",7.84,7.86,7.84,7.84,-0.01,-0.13%,0
"2023-12-19 13:41",7.83,7.83,7.82,7.82,-0.02,-0.26%,0
"2023-12-19 13:42",7.83,7.86,7.83,7.86,0.04,+0.51%,0
"2023-12-19 13:43",7.86,7.87,7.86,7.87,0.01,+0.13%,0
"2023-12-19 13:44",7.86,7.87,7.86,7.87,0,0.00%,0
"2023-12-19 13:45",7.84,7.85,7.84,7.85,-0.02,-0.25%,0
"2023-12-19 13:46",7.84,7.84,7.82,7.82,-0.03,-0.38%,0
"2023-12-19 13:47",7.82,7.84,7.81,7.84,0.02,+0.26%,0
"2023-12-19 13:48",7.83,7.85,7.83,7.83,-0.01,-0.13%,0
"2023-12-19 13:49",7.82,7.85,7.82,7.84,0.01,+0.13%,0
"2023-12-19 13:50",7.83,7.84,7.83,7.83,-0.01,-0.13%,0
"2023-12-19 13:51",7.82,7.82,7.82,7.82,-0.01,-0.13%,0
"2023-12-19 13:52",7.8,7.81,7.8,7.81,-0.01,-0.13%,0
"2023-12-19 13:53",7.8,7.81,7.8,7.81,0,0.00%,0
"2023-12-19 13:54",7.8,7.82,7.8,7.82,0.01,+0.13%,0
"2023-12-19 13:55",7.81,7.83,7.81,7.82,0,0.00%,0
"2023-12-19 13:56",7.83,7.85,7.83,7.85,0.03,+0.38%,0
"2023-12-19 13:57",7.84,7.86,7.84,7.84,-0.01,-0.13%,0
"2023-12-19 13:58",7.84,7.85,7.84,7.84,0,0.00%,0
"2023-12-19 13:59",7.84,7.85,7.84,7.85,0.01,+0.13%,0
"2023-12-19 14:00",7.85,7.87,7.85,7.87,0.02,+0.25%,0
"2023-12-19 14:01",7.88,7.93,7.88,7.93,0.06,+0.76%,0
"2023-12-19 14:02",7.93,7.95,7.93,7.95,0.02,+0.25%,0
"2023-12-19 14:03",7.95,7.98,7.95,7.98,0.03,+0.38%,0
"2023-12-19 14:04",7.97,7.98,7.97,7.98,0,0.00%,0
"2023-12-19 14:05",7.98,7.99,7.98,7.99,0.01,+0.13%,0
"2023-12-19 14:06",7.98,8.01,7.98,8.01,0.02,+0.25%,0
"2023-12-19 14:07",8.05,8.06,8.05,8.06,0.05,+0.62%,0
"2023-12-19 14:08",8.05,8.05,8,8,-0.06,-0.74%,0
"2023-12-19 14:09",8.02,8.03,8.02,8.03,0.03,+0.38%,0
"2023-12-19 14:10",8.02,8.04,8.02,8.03,0,0.00%,0
"2023-12-19 14:11",8.07,8.08,8.03,8.03,0,0.00%,0
"2023-12-19 14:12",8.04,8.05,8.02,8.02,-0.01,-0.12%,0
"2023-12-19 14:13",8.02,8.02,8.01,8.01,-0.01,-0.12%,0
"2023-12-19 14:14",8.02,8.02,8,8.01,0,0.00%,0
"2023-12-19 14:15",8.02,8.02,8,8,-0.01,-0.12%,0
"2023-12-19 14:16",8,8,7.99,8,0,0.00%,0
"2023-12-19 14:17",7.99,8.01,7.99,8,0,0.00%,0
"2023-12-19 14:18",7.97,7.98,7.97,7.97,-0.03,-0.38%,0
"2023-12-19 14:19",7.97,7.98,7.96,7.96,-0.01,-0.13%,0
"2023-12-19 14:20",7.97,7.98,7.97,7.98,0.02,+0.25%,0
"2023-12-19 14:21",7.98,7.99,7.98,7.99,0.01,+0.13%,0
"2023-12-19 14:22",7.99,8,7.98,7.99,0,0.00%,0
"2023-12-19 14:23",7.99,8.01,7.97,7.97,-0.02,-0.25%,0
"2023-12-19 14:24",7.97,8.02,7.97,8.02,0.05,+0.63%,0
"2023-12-19 14:25",8.03,8.03,8.03,8.03,0.01,+0.12%,0
"2023-12-19 14:26",8.01,8.01,7.98,7.99,-0.04,-0.50%,0
"2023-12-19 14:27",7.99,8.01,7.99,7.99,0,0.00%,0
"2023-12-19 14:28",8,8.01,8,8,0.01,+0.13%,0
"2023-12-19 14:29",7.98,7.98,7.98,7.98,-0.02,-0.25%,0
"2023-12-19 14:30",7.97,8,7.97,8,0.02,+0.25%,0
"2023-12-19 14:31",7.97,8,7.97,7.97,-0.03,-0.38%,0
"2023-12-19 14:32",7.98,7.98,7.96,7.96,-0.01,-0.13%,0
"2023-12-19 14:33",7.96,7.98,7.96,7.97,0.01,+0.13%,0
"2023-12-19 14:34",7.96,7.98,7.96,7.98,0.01,+0.13%,0
"2023-12-19 14:35",7.95,7.97,7.95,7.95,-0.03,-0.38%,0
"2023-12-19 14:36",7.94,7.97,7.94,7.97,0.02,+0.25%,0
"2023-12-19 14:37",7.97,8,7.97,8,0.03,+0.38%,0
"2023-12-19 14:38",8,8.03,8,8.03,0.03,+0.38%,0
"2023-12-19 14:39",8.04,8.05,8.04,8.05,0.02,+0.25%,0
"2023-12-19 14:40",8.06,8.06,8.05,8.05,0,0.00%,0
"2023-12-19 14:41",8.05,8.09,8.05,8.08,0.03,+0.37%,0
"2023-12-19 14:42",8.09,8.11,8.09,8.11,0.03,+0.37%,0
"2023-12-19 14:43",8.1,8.13,8.1,8.13,0.02,+0.25%,0
"2023-12-19 14:44",8.13,8.14,8.13,8.13,0,0.00%,0
"2023-12-19 14:45",8.13,8.17,8.13,8.17,0.04,+0.49%,0
"2023-12-19 14:46",8.17,8.19,8.17,8.19,0.02,+0.24%,0
"2023-12-19 14:47",8.2,8.21,8.2,8.2,0.01,+0.12%,0
"2023-12-19 14:48",8.21,8.22,8.2,8.2,0,0.00%,0
"2023-12-19 14:49",8.2,8.21,8.2,8.21,0.01,+0.12%,0
"2023-12-19 14:50",8.2,8.22,8.2,8.21,0,0.00%,0
"2023-12-19 14:51",8.2,8.25,8.2,8.25,0.04,+0.49%,0
"2023-12-19 14:52",8.27,8.27,8.26,8.27,0.02,+0.24%,0
"2023-12-19 14:53",8.27,8.29,8.27,8.29,0.02,+0.24%,0
"2023-12-19 14:54",8.29,8.29,8.28,8.28,-0.01,-0.12%,0
"2023-12-19 14:55",8.29,8.3,8.29,8.3,0.02,+0.24%,0
"2023-12-19 14:56",8.32,8.34,8.32,8.34,0.04,+0.48%,0
"2023-12-19 14:57",8.35,8.35,8.33,8.33,-0.01,-0.12%,0
"2023-12-19 14:58",8.34,8.35,8.32,8.32,-0.01,-0.12%,0
"2023-12-19 14:59",8.32,8.34,8.32,8.34,0.02,+0.24%,0
"2023-12-19 15:00",8.33,8.35,8.33,8.35,0.01,+0.12%,0
"2023-12-19 15:01",8.34,8.34,8.32,8.32,-0.03,-0.36%,0
"2023-12-19 15:02",8.33,8.34,8.33,8.34,0.02,+0.24%,0
"2023-12-19 15:03",8.34,8.36,8.34,8.35,0.01,+0.12%,0
"2023-12-19 15:04",8.36,8.37,8.32,8.32,-0.03,-0.36%,0
"2023-12-19 15:05",8.3,8.3,8.29,8.29,-0.03,-0.36%,0
"2023-12-19 15:06",8.29,8.31,8.29,8.31,0.02,+0.24%,0
"2023-12-19 15:07",8.32,8.36,8.32,8.36,0.05,+0.60%,0
"2023-12-19 15:08",8.34,8.36,8.34,8.36,0,0.00%,0
"2023-12-19 15:09",8.37,8.38,8.37,8.37,0.01,+0.12%,0
"2023-12-19 15:10",8.37,8.38,8.37,8.38,0.01,+0.12%,0
"2023-12-19 15:11",8.35,8.38,8.35,8.38,0,0.00%,0
"2023-12-19 15:12",8.37,8.39,8.37,8.38,0,0.00%,0
"2023-12-19 15:13",8.39,8.4,8.39,8.4,0.02,+0.24%,0
"2023-12-19 15:14",8.4,8.41,8.4,8.4,0,0.00%,0
"2023-12-19 15:15",8.41,8.41,8.39,8.39,-0.01,-0.12%,0
"2023-12-19 15:16",8.37,8.38,8.36,8.36,-0.03,-0.36%,0
"2023-12-19 15:17",8.34,8.38,8.34,8.38,0.02,+0.24%,0
"2023-12-19 15:18",8.37,8.37,8.35,8.35,-0.03,-0.36%,0
"2023-12-19 15:19",8.35,8.36,8.35,8.35,0,0.00%,0
"2023-12-19 15:20",8.35,8.36,8.34,8.34,-0.01,-0.12%,0
"2023-12-19 15:21",8.33,8.33,8.33,8.33,-0.01,-0.12%,0
"2023-12-19 15:22",8.33,8.34,8.33,8.34,0.01,+0.12%,0
"2023-12-19 15:23",8.34,8.37,8.34,8.37,0.03,+0.36%,0
"2023-12-19 15:24",8.38,8.42,8.38,8.42,0.05,+0.60%,0
"2023-12-19 15:25",8.41,8.42,8.38,8.38,-0.04,-0.48%,0
"2023-12-19 15:26",8.39,8.42,8.39,8.42,0.04,+0.48%,0
"2023-12-19 15:27",8.42,8.43,8.42,8.43,0.01,+0.12%,0
"2023-12-19 15:28",8.42,8.43,8.42,8.43,0,0.00%,0
"2023-12-19 15:29",8.41,8.43,8.41,8.42,-0.01,-0.12%,0
"2023-12-19 15:30",8.42,8.43,8.38,8.38,-0.04,-0.48%,0
"2023-12-19 15:31",8.38,8.46,8.38,8.44,0.06,+0.72%,0
"2023-12-19 15:32",8.45,8.45,8.44,8.45,0.01,+0.12%,0
"2023-12-19 15:33",8.44,8.44,8.43,8.43,-0.02,-0.24%,0
"2023-12-19 15:34",8.43,8.44,8.43,8.44,0.01,+0.12%,0
"2023-12-19 15:35",8.42,8.43,8.42,8.43,-0.01,-0.12%,0
"2023-12-19 15:36",8.42,8.44,8.42,8.44,0.01,+0.12%,0
"2023-12-19 15:37",8.43,8.44,8.43,8.44,0,0.00%,0
"2023-12-19 15:38",8.43,8.5,8.43,8.5,0.06,+0.71%,0
"2023-12-19 15:39",8.5,8.53,8.5,8.53,0.03,+0.35%,0
"2023-12-19 15:40",8.54,8.58,8.54,8.58,0.05,+0.59%,0
"2023-12-19 15:41",8.59,8.6,8.59,8.6,0.02,+0.23%,0
"2023-12-19 15:42",8.58,8.6,8.58,8.6,0,0.00%,0
"2023-12-19 15:43",8.58,8.65,8.58,8.65,0.05,+0.58%,0
"2023-12-19 15:44",8.61,8.65,8.61,8.65,0,0.00%,0
"2023-12-19 15:45",8.62,8.62,8.61,8.62,-0.03,-0.35%,0
"2023-12-19 15:46",8.61,8.61,8.61,8.61,-0.01,-0.12%,0
"2023-12-19 15:47",8.63,8.63,8.57,8.57,-0.04,-0.46%,0
"2023-12-19 15:48",8.56,8.58,8.56,8.57,0,0.00%,0
"2023-12-19 15:49",8.58,8.67,8.58,8.67,0.1,+1.17%,0
"2023-12-19 15:50",8.67,8.68,8.67,8.68,0.01,+0.12%,0
"2023-12-19 15:51",8.7,8.71,8.69,8.69,0.01,+0.12%,0
"2023-12-19 15:52",8.71,8.73,8.71,8.73,0.04,+0.46%,0
"2023-12-19 15:53",8.69,8.7,8.69,8.7,-0.03,-0.34%,0
"2023-12-19 15:54",8.69,8.69,8.68,8.68,-0.02,-0.23%,0
"2023-12-19 15:55",8.66,8.69,8.66,8.69,0.01,+0.12%,0
"2023-12-19 15:56",8.67,8.67,8.64,8.64,-0.05,-0.58%,0
"2023-12-19 15:57",8.64,8.67,8.64,8.65,0.01,+0.12%,0
"2023-12-19 15:58",8.68,8.68,8.65,8.65,0,0.00%,0
"2023-12-19 15:59",8.64,8.65,8.38,8.38,-0.27,-3.12%,0
"2023-12-19 16:00",8.37,8.51,8.37,8.51,0.13,+1.55%,0
"2023-12-19 16:01",8.48,8.48,8.38,8.39,-0.12,-1.41%,0
"2023-12-19 16:02",8.36,8.49,8.36,8.49,0.1,+1.19%,0
"2023-12-19 16:03",8.49,8.51,8.49,8.49,0,0.00%,0
"2023-12-19 16:04",8.5,8.53,8.5,8.53,0.04,+0.47%,0
"2023-12-19 16:05",8.51,8.57,8.51,8.57,0.04,+0.47%,0
"2023-12-19 16:06",8.58,8.61,8.58,8.61,0.04,+0.47%,0
"2023-12-19 16:07",8.62,8.62,8.59,8.61,0,0.00%,0
"2023-12-19 16:08",8.59,8.6,8.59,8.59,-0.02,-0.23%,0
"2023-12-19 16:09",8.6,8.62,8.59,8.61,0.02,+0.23%,0
"2023-12-19 16:10",8.61,8.63,8.6,8.6,-0.01,-0.12%,0
"2023-12-19 16:11",8.6,8.61,8.59,8.59,-0.01,-0.12%,0
"2023-12-19 16:12",8.59,8.61,8.59,8.61,0.02,+0.23%,0
"2023-12-19 16:13",8.61,8.64,8.61,8.62,0.01,+0.12%,0
"2023-12-19 16:14",8.61,8.68,8.61,8.68,0.06,+0.70%,0
"2023-12-19 16:15",8.69,8.69,8.69,8.69,0.01,+0.12%,0
"2023-12-20 09:31",7.18,7.18,7.06,7.06,-1.63,-18.76%,0
"2023-12-20 09:32",7.02,7.02,6.98,6.98,-0.08,-1.13%,0
"2023-12-20 09:33",6.96,6.96,6.9,6.9,-0.08,-1.15%,0
"2023-12-20 09:34",6.88,6.88,6.78,6.78,-0.12,-1.74%,0
"2023-12-20 09:35",6.78,6.79,6.74,6.74,-0.04,-0.59%,0
"2023-12-20 09:36",6.75,6.75,6.71,6.73,-0.01,-0.15%,0
"2023-12-20 09:37",6.69,6.72,6.69,6.72,-0.01,-0.15%,0
"2023-12-20 09:38",6.69,6.78,6.69,6.78,0.06,+0.89%,0
"2023-12-20 09:39",6.77,6.79,6.74,6.74,-0.04,-0.59%,0
"2023-12-20 09:40",6.71,6.76,6.71,6.76,0.02,+0.30%,0
"2023-12-20 09:41",6.77,6.79,6.76,6.79,0.03,+0.44%,0
"2023-12-20 09:42",6.77,6.81,6.77,6.78,-0.01,-0.15%,0
"2023-12-20 09:43",6.77,6.77,6.69,6.7,-0.08,-1.18%,0
"2023-12-20 09:44",6.68,6.69,6.68,6.69,-0.01,-0.15%,0
"2023-12-20 09:45",6.67,6.7,6.67,6.68,-0.01,-0.15%,0
"2023-12-20 09:46",6.68,6.7,6.68,6.7,0.02,+0.30%,0
"2023-12-20 09:47",6.68,6.71,6.68,6.71,0.01,+0.15%,0
"2023-12-20 09:48",6.72,6.73,6.72,6.73,0.02,+0.30%,0
"2023-12-20 09:49",6.76,6.78,6.76,6.78,0.05,+0.74%,0
"2023-12-20 09:50",6.78,6.78,6.78,6.78,0,0.00%,0
"2023-12-20 09:51",6.76,6.79,6.76,6.77,-0.01,-0.15%,0
"2023-12-20 09:52",6.77,6.79,6.77,6.79,0.02,+0.30%,0
"2023-12-20 09:53",6.8,6.8,6.77,6.78,-0.01,-0.15%,0
"2023-12-20 09:54",6.75,6.79,6.75,6.79,0.01,+0.15%,0
"2023-12-20 09:55",6.81,6.82,6.8,6.8,0.01,+0.15%,0
"2023-12-20 09:56",6.77,6.82,6.77,6.82,0.02,+0.29%,0
"2023-12-20 09:57",6.83,6.84,6.82,6.82,0,0.00%,0
"2023-12-20 09:58",6.83,6.84,6.83,6.84,0.02,+0.29%,0
"2023-12-20 09:59",6.84,6.86,6.84,6.85,0.01,+0.15%,0
"2023-12-20 10:00",6.85,6.85,6.75,6.75,-0.1,-1.46%,0
"2023-12-20 10:01",6.78,6.79,6.78,6.79,0.04,+0.59%,0
"2023-12-20 10:02",6.8,6.81,6.8,6.81,0.02,+0.29%,0
"2023-12-20 10:03",6.82,6.82,6.76,6.77,-0.04,-0.59%,0
"2023-12-20 10:04",6.79,6.8,6.77,6.8,0.03,+0.44%,0
"2023-12-20 10:05",6.79,6.79,6.77,6.78,-0.02,-0.29%,0
"2023-12-20 10:06",6.79,6.82,6.79,6.82,0.04,+0.59%,0
"2023-12-20 10:07",6.78,6.8,6.78,6.79,-0.03,-0.44%,0
"2023-12-20 10:08",6.78,6.82,6.78,6.81,0.02,+0.29%,0
"2023-12-20 10:09",6.81,6.81,6.77,6.77,-0.04,-0.59%,0
"2023-12-20 10:10",6.74,6.81,6.74,6.81,0.04,+0.59%,0
"2023-12-20 10:11",6.81,6.82,6.8,6.8,-0.01,-0.15%,0
"2023-12-20 10:12",6.79,6.79,6.77,6.77,-0.03,-0.44%,0
"2023-12-20 10:13",6.76,6.79,6.76,6.79,0.02,+0.30%,0
"2023-12-20 10:14",6.79,6.82,6.79,6.82,0.03,+0.44%,0
"2023-12-20 10:15",6.81,6.82,6.77,6.77,-0.05,-0.73%,0
"2023-12-20 10:16",6.76,6.78,6.76,6.77,0,0.00%,0
"2023-12-20 10:17",6.75,6.79,6.75,6.79,0.02,+0.30%,0
"2023-12-20 10:18",6.78,6.82,6.78,6.82,0.03,+0.44%,0
"2023-12-20 10:19",6.8,6.82,6.8,6.8,-0.02,-0.29%,0
"2023-12-20 10:20",6.79,6.8,6.78,6.78,-0.02,-0.29%,0
"2023-12-20 10:21",6.75,6.77,6.75,6.77,-0.01,-0.15%,0
"2023-12-20 10:22",6.76,6.78,6.76,6.77,0,0.00%,0
"2023-12-20 10:23",6.78,6.79,6.78,6.79,0.02,+0.30%,0
"2023-12-20 10:24",6.77,6.78,6.76,6.78,-0.01,-0.15%,0
"2023-12-20 10:25",6.77,6.77,6.77,6.77,-0.01,-0.15%,0
"2023-12-20 10:26",6.77,6.78,6.77,6.77,0,0.00%,0
"2023-12-20 10:27",6.77,6.78,6.76,6.76,-0.01,-0.15%,0
"2023-12-20 10:28",6.77,6.77,6.75,6.75,-0.01,-0.15%,0
"2023-12-20 10:29",6.74,6.77,6.74,6.77,0.02,+0.30%,0
"2023-12-20 10:30",6.77,6.77,6.7,6.76,-0.01,-0.15%,0
"2023-12-20 10:31",6.73,6.73,6.66,6.66,-0.1,-1.48%,0
"2023-12-20 10:32",6.63,6.65,6.58,6.58,-0.08,-1.20%,0
"2023-12-20 10:33",6.58,6.64,6.58,6.64,0.06,+0.91%,0
"2023-12-20 10:34",6.61,6.62,6.61,6.62,-0.02,-0.30%,0
"2023-12-20 10:35",6.61,6.63,6.61,6.63,0.01,+0.15%,0
"2023-12-20 10:36",6.61,6.66,6.61,6.64,0.01,+0.15%,0
"2023-12-20 10:37",6.62,6.64,6.62,6.64,0,0.00%,0
"2023-12-20 10:38",6.63,6.68,6.63,6.66,0.02,+0.30%,0
"2023-12-20 10:39",6.65,6.7,6.65,6.7,0.04,+0.60%,0
"2023-12-20 10:40",6.71,6.71,6.67,6.67,-0.03,-0.45%,0
"2023-12-20 10:41",6.65,6.66,6.65,6.65,-0.02,-0.30%,0
"2023-12-20 10:42",6.65,6.67,6.65,6.66,0.01,+0.15%,0
"2023-12-20 10:43",6.66,6.67,6.59,6.59,-0.07,-1.05%,0
"2023-12-20 10:44",6.58,6.58,6.57,6.57,-0.02,-0.30%,0
"2023-12-20 10:45",6.57,6.58,6.56,6.56,-0.01,-0.15%,0
"2023-12-20 10:46",6.56,6.57,6.55,6.57,0.01,+0.15%,0
"2023-12-20 10:47",6.55,6.57,6.55,6.57,0,0.00%,0
"2023-12-20 10:48",6.56,6.61,6.56,6.6,0.03,+0.46%,0
"2023-12-20 10:49",6.61,6.62,6.6,6.6,0,0.00%,0
"2023-12-20 10:50",6.61,6.63,6.61,6.63,0.03,+0.45%,0
"2023-12-20 10:51",6.64,6.65,6.64,6.65,0.02,+0.30%,0
"2023-12-20 10:52",6.63,6.66,6.63,6.66,0.01,+0.15%,0
"2023-12-20 10:53",6.66,6.66,6.65,6.66,0,0.00%,0
"2023-12-20 10:54",6.66,6.69,6.66,6.68,0.02,+0.30%,0
"2023-12-20 10:55",6.7,6.72,6.7,6.72,0.04,+0.60%,0
"2023-12-20 10:56",6.71,6.75,6.71,6.74,0.02,+0.30%,0
"2023-12-20 10:57",6.75,6.78,6.75,6.78,0.04,+0.59%,0
"2023-12-20 10:58",6.79,6.79,6.78,6.78,0,0.00%,0
"2023-12-20 10:59",6.77,6.8,6.77,6.8,0.02,+0.29%,0
"2023-12-20 11:00",6.8,6.82,6.8,6.81,0.01,+0.15%,0
"2023-12-20 11:01",6.82,6.85,6.82,6.83,0.02,+0.29%,0
"2023-12-20 11:02",6.8,6.82,6.78,6.79,-0.04,-0.59%,0
"2023-12-20 11:03",6.79,6.8,6.79,6.8,0.01,+0.15%,0
"2023-12-20 11:04",6.79,6.8,6.78,6.78,-0.02,-0.29%,0
"2023-12-20 11:05",6.78,6.83,6.78,6.83,0.05,+0.74%,0
"2023-12-20 11:06",6.81,6.83,6.81,6.83,0,0.00%,0
"2023-12-20 11:07",6.82,6.85,6.82,6.85,0.02,+0.29%,0
"2023-12-20 11:08",6.86,6.87,6.85,6.85,0,0.00%,0
"2023-12-20 11:09",6.84,6.89,6.84,6.89,0.04,+0.58%,0
"2023-12-20 11:10",6.88,6.9,6.87,6.87,-0.02,-0.29%,0
"2023-12-20 11:11",6.86,6.91,6.86,6.91,0.04,+0.58%,0
"2023-12-20 11:12",6.89,6.91,6.89,6.9,-0.01,-0.14%,0
"2023-12-20 11:13",6.89,6.94,6.89,6.94,0.04,+0.58%,0
"2023-12-20 11:14",6.94,6.96,6.94,6.95,0.01,+0.14%,0
"2023-12-20 11:15",6.95,6.95,6.93,6.93,-0.02,-0.29%,0
"2023-12-20 11:16",6.93,6.93,6.93,6.93,0,0.00%,0
"2023-12-20 11:17",6.93,6.96,6.93,6.96,0.03,+0.43%,0
"2023-12-20 11:18",6.95,6.98,6.95,6.98,0.02,+0.29%,0
"2023-12-20 11:19",6.97,6.98,6.97,6.98,0,0.00%,0
"2023-12-20 11:20",6.94,6.97,6.94,6.97,-0.01,-0.14%,0
"2023-12-20 11:21",6.98,6.99,6.98,6.99,0.02,+0.29%,0
"2023-12-20 11:22",6.99,7,6.96,6.98,-0.01,-0.14%,0
"2023-12-20 11:23",6.96,6.99,6.96,6.99,0.01,+0.14%,0
"2023-12-20 11:24",6.97,7,6.97,7,0.01,+0.14%,0
"2023-12-20 11:25",6.98,7.01,6.98,7.01,0.01,+0.14%,0
"2023-12-20 11:26",7.02,7.05,7.02,7.05,0.04,+0.57%,0
"2023-12-20 11:27",7.02,7.02,7,7,-0.05,-0.71%,0
"2023-12-20 11:28",7.01,7.04,7.01,7.02,0.02,+0.29%,0
"2023-12-20 11:29",7.01,7.06,7.01,7.06,0.04,+0.57%,0
"2023-12-20 11:30",7.05,7.07,7.05,7.07,0.01,+0.14%,0
"2023-12-20 11:31",7.06,7.12,7.06,7.12,0.05,+0.71%,0
"2023-12-20 11:32",7.14,7.14,7.13,7.14,0.02,+0.28%,0
"2023-12-20 11:33",7.13,7.15,7.13,7.13,-0.01,-0.14%,0
"2023-12-20 11:34",7.13,7.13,7.12,7.13,0,0.00%,0
"2023-12-20 11:35",7.15,7.16,7.14,7.14,0.01,+0.14%,0
"2023-12-20 11:36",7.15,7.16,7.15,7.16,0.02,+0.28%,0
"2023-12-20 11:37",7.17,7.19,7.17,7.18,0.02,+0.28%,0
"2023-12-20 11:38",7.18,7.21,7.18,7.21,0.03,+0.42%,0
"2023-12-20 11:39",7.19,7.21,7.19,7.19,-0.02,-0.28%,0
"2023-12-20 11:40",7.19,7.21,7.19,7.2,0.01,+0.14%,0
"2023-12-20 11:41",7.2,7.22,7.17,7.17,-0.03,-0.42%,0
"2023-12-20 11:42",7.17,7.18,7.17,7.17,0,0.00%,0
"2023-12-20 11:43",7.17,7.18,7.17,7.17,0,0.00%,0
"2023-12-20 11:44",7.17,7.17,7.17,7.17,0,0.00%,0
"2023-12-20 11:45",7.17,7.18,7.17,7.17,0,0.00%,0
"2023-12-20 11:46",7.17,7.18,7.17,7.17,0,0.00%,0
"2023-12-20 11:47",7.19,7.19,7.13,7.14,-0.03,-0.42%,0
"2023-12-20 11:48",7.13,7.15,7.13,7.15,0.01,+0.14%,0
"2023-12-20 11:49",7.16,7.17,7.16,7.16,0.01,+0.14%,0
"2023-12-20 11:50",7.16,7.18,7.16,7.18,0.02,+0.28%,0
"2023-12-20 11:51",7.18,7.18,7.17,7.17,-0.01,-0.14%,0
"2023-12-20 11:52",7.16,7.16,7.11,7.11,-0.06,-0.84%,0
"2023-12-20 11:53",7.11,7.11,7.11,7.11,0,0.00%,0
"2023-12-20 11:54",7.11,7.13,7.11,7.13,0.02,+0.28%,0
"2023-12-20 11:55",7.14,7.17,7.14,7.17,0.04,+0.56%,0
"2023-12-20 11:56",7.17,7.2,7.17,7.2,0.03,+0.42%,0
"2023-12-20 11:57",7.2,7.22,7.2,7.21,0.01,+0.14%,0
"2023-12-20 11:58",7.21,7.23,7.21,7.23,0.02,+0.28%,0
"2023-12-20 11:59",7.21,7.22,7.21,7.22,-0.01,-0.14%,0
"2023-12-20 12:00",7.19,7.2,7.19,7.19,-0.03,-0.42%,0
"2023-12-20 12:01",7.18,7.18,7.17,7.17,-0.02,-0.28%,0
"2023-12-20 12:02",7.19,7.2,7.19,7.2,0.03,+0.42%,0
"2023-12-20 12:03",7.21,7.23,7.21,7.22,0.02,+0.28%,0
"2023-12-20 12:04",7.2,7.22,7.2,7.2,-0.02,-0.28%,0
"2023-12-20 12:05",7.2,7.23,7.2,7.23,0.03,+0.42%,0
"2023-12-20 12:06",7.24,7.28,7.24,7.28,0.05,+0.69%,0
"2023-12-20 12:07",7.27,7.32,7.27,7.32,0.04,+0.55%,0
"2023-12-20 12:08",7.3,7.33,7.3,7.32,0,0.00%,0
"2023-12-20 12:09",7.32,7.33,7.32,7.32,0,0.00%,0
"2023-12-20 12:10",7.33,7.36,7.33,7.36,0.04,+0.55%,0
"2023-12-20 12:11",7.35,7.35,7.34,7.35,-0.01,-0.14%,0
"2023-12-20 12:12",7.34,7.38,7.34,7.36,0.01,+0.14%,0
"2023-12-20 12:13",7.36,7.37,7.35,7.35,-0.01,-0.14%,0
"2023-12-20 12:14",7.35,7.35,7.33,7.33,-0.02,-0.27%,0
"2023-12-20 12:15",7.33,7.34,7.32,7.34,0.01,+0.14%,0
"2023-12-20 12:16",7.33,7.35,7.33,7.35,0.01,+0.14%,0
"2023-12-20 12:17",7.36,7.37,7.35,7.35,0,0.00%,0
"2023-12-20 12:18",7.35,7.37,7.35,7.37,0.02,+0.27%,0
"2023-12-20 12:19",7.37,7.38,7.37,7.38,0.01,+0.14%,0
"2023-12-20 12:20",7.37,7.39,7.36,7.36,-0.02,-0.27%,0
"2023-12-20 12:21",7.36,7.38,7.36,7.37,0.01,+0.14%,0
"2023-12-20 12:22",7.37,7.38,7.37,7.38,0.01,+0.14%,0
"2023-12-20 12:23",7.37,7.41,7.37,7.41,0.03,+0.41%,0
"2023-12-20 12:24",7.41,7.42,7.41,7.41,0,0.00%,0
"2023-12-20 12:25",7.41,7.42,7.41,7.41,0,0.00%,0
"2023-12-20 12:26",7.43,7.44,7.4,7.4,-0.01,-0.13%,0
"2023-12-20 12:27",7.4,7.43,7.4,7.43,0.03,+0.41%,0
"2023-12-20 12:28",7.44,7.45,7.44,7.45,0.02,+0.27%,0
"2023-12-20 12:29",7.45,7.46,7.45,7.45,0,0.00%,0
"2023-12-20 12:30",7.44,7.45,7.43,7.43,-0.02,-0.27%,0
"2023-12-20 12:31",7.43,7.46,7.43,7.45,0.02,+0.27%,0
"2023-12-20 12:32",7.44,7.47,7.44,7.47,0.02,+0.27%,0
"2023-12-20 12:33",7.47,7.51,7.47,7.49,0.02,+0.27%,0
"2023-12-20 12:34",7.5,7.5,7.47,7.48,-0.01,-0.13%,0
"2023-12-20 12:35",7.48,7.49,7.48,7.49,0.01,+0.13%,0
"2023-12-20 12:36",7.49,7.53,7.49,7.52,0.03,+0.40%,0
"2023-12-20 12:37",7.52,7.54,7.52,7.52,0,0.00%,0
"2023-12-20 12:38",7.53,7.54,7.53,7.53,0.01,+0.13%,0
"2023-12-20 12:39",7.53,7.53,7.52,7.52,-0.01,-0.13%,0
"2023-12-20 12:40",7.52,7.53,7.51,7.51,-0.01,-0.13%,0
"2023-12-20 12:41",7.52,7.52,7.5,7.5,-0.01,-0.13%,0
"2023-12-20 12:42",7.5,7.52,7.49,7.52,0.02,+0.27%,0
"2023-12-20 12:43",7.51,7.52,7.51,7.52,0,0.00%,0
"2023-12-20 12:44",7.52,7.52,7.51,7.51,-0.01,-0.13%,0
"2023-12-20 12:45",7.51,7.53,7.51,7.53,0.02,+0.27%,0
"2023-12-20 12:46",7.52,7.55,7.52,7.55,0.02,+0.27%,0
"2023-12-20 12:47",7.54,7.56,7.54,7.54,-0.01,-0.13%,0
"2023-12-20 12:48",7.55,7.57,7.55,7.56,0.02,+0.27%,0
"2023-12-20 12:49",7.56,7.58,7.56,7.58,0.02,+0.26%,0
"2023-12-20 12:50",7.58,7.6,7.58,7.6,0.02,+0.26%,0
"2023-12-20 12:51",7.6,7.62,7.6,7.6,0,0.00%,0
"2023-12-20 12:52",7.59,7.62,7.59,7.62,0.02,+0.26%,0
"2023-12-20 12:53",7.62,7.62,7.61,7.61,-0.01,-0.13%,0
"2023-12-20 12:54",7.63,7.64,7.63,7.63,0.02,+0.26%,0
"2023-12-20 12:55",7.63,7.64,7.6,7.6,-0.03,-0.39%,0
"2023-12-20 12:56",7.6,7.6,7.59,7.6,0,0.00%,0
"2023-12-20 12:57",7.59,7.62,7.55,7.55,-0.05,-0.66%,0
"2023-12-20 12:58",7.54,7.56,7.54,7.54,-0.01,-0.13%,0
"2023-12-20 12:59",7.53,7.55,7.53,7.54,0,0.00%,0
"2023-12-20 13:00",7.56,7.56,7.52,7.52,-0.02,-0.27%,0
"2023-12-20 13:01",7.52,7.54,7.52,7.54,0.02,+0.27%,0
"2023-12-20 13:02",7.54,7.56,7.54,7.56,0.02,+0.27%,0
"2023-12-20 13:03",7.55,7.57,7.55,7.57,0.01,+0.13%,0
"2023-12-20 13:04",7.57,7.58,7.54,7.54,-0.03,-0.40%,0
"2023-12-20 13:05",7.53,7.54,7.53,7.54,0,0.00%,0
"2023-12-20 13:06",7.54,7.56,7.52,7.52,-0.02,-0.27%,0
"2023-12-20 13:07",7.52,7.52,7.5,7.5,-0.02,-0.27%,0
"2023-12-20 13:08",7.5,7.56,7.5,7.56,0.06,+0.80%,0
"2023-12-20 13:09",7.55,7.56,7.55,7.55,-0.01,-0.13%,0
"2023-12-20 13:10",7.55,7.55,7.53,7.53,-0.02,-0.26%,0
"2023-12-20 13:11",7.53,7.55,7.53,7.54,0.01,+0.13%,0
"2023-12-20 13:12",7.54,7.54,7.49,7.49,-0.05,-0.66%,0
"2023-12-20 13:13",7.48,7.49,7.48,7.49,0,0.00%,0
"2023-12-20 13:14",7.49,7.51,7.49,7.51,0.02,+0.27%,0
"2023-12-20 13:15",7.51,7.53,7.51,7.53,0.02,+0.27%,0
"2023-12-20 13:16",7.53,7.57,7.53,7.57,0.04,+0.53%,0
"2023-12-20 13:17",7.57,7.59,7.57,7.57,0,0.00%,0
"2023-12-20 13:18",7.57,7.59,7.57,7.59,0.02,+0.26%,0
"2023-12-20 13:19",7.57,7.61,7.57,7.6,0.01,+0.13%,0
"2023-12-20 13:20",7.62,7.62,7.61,7.61,0.01,+0.13%,0
"2023-12-20 13:21",7.62,7.63,7.62,7.62,0.01,+0.13%,0
"2023-12-20 13:22",7.62,7.65,7.62,7.65,0.03,+0.39%,0
"2023-12-20 13:23",7.65,7.65,7.65,7.65,0,0.00%,0
"2023-12-20 13:24",7.66,7.67,7.66,7.66,0.01,+0.13%,0
"2023-12-20 13:25",7.66,7.68,7.66,7.67,0.01,+0.13%,0
"2023-12-20 13:26",7.69,7.71,7.68,7.69,0.02,+0.26%,0
"2023-12-20 13:27",7.68,7.69,7.68,7.69,0,0.00%,0
"2023-12-20 13:28",7.69,7.7,7.69,7.7,0.01,+0.13%,0
"2023-12-20 13:29",7.72,7.72,7.7,7.7,0,0.00%,0
"2023-12-20 13:30",7.69,7.69,7.65,7.65,-0.05,-0.65%,0
"2023-12-20 13:31",7.63,7.64,7.62,7.63,-0.02,-0.26%,0
"2023-12-20 13:32",7.64,7.64,7.59,7.59,-0.04,-0.52%,0
"2023-12-20 13:33",7.59,7.61,7.59,7.6,0.01,+0.13%,0
"2023-12-20 13:34",7.6,7.6,7.6,7.6,0,0.00%,0
"2023-12-20 13:35",7.6,7.62,7.6,7.62,0.02,+0.26%,0
"2023-12-20 13:36",7.63,7.66,7.63,7.66,0.04,+0.52%,0
"2023-12-20 13:37",7.66,7.67,7.66,7.67,0.01,+0.13%,0
"2023-12-20 13:38",7.67,7.68,7.67,7.67,0,0.00%,0
"2023-12-20 13:39",7.66,7.68,7.66,7.68,0.01,+0.13%,0
"2023-12-20 13:40",7.7,7.71,7.7,7.7,0.02,+0.26%,0
"2023-12-20 13:41",7.72,7.77,7.72,7.75,0.05,+0.65%,0
"2023-12-20 13:42",7.74,7.79,7.74,7.79,0.04,+0.52%,0
"2023-12-20 13:43",7.81,7.86,7.81,7.86,0.07,+0.90%,0
"2023-12-20 13:44",7.86,7.86,7.85,7.86,0,0.00%,0
"2023-12-20 13:45",7.87,7.91,7.87,7.9,0.04,+0.51%,0
"2023-12-20 13:46",7.9,7.9,7.9,7.9,0,0.00%,0
"2023-12-20 13:47",7.9,7.94,7.9,7.93,0.03,+0.38%,0
"2023-12-20 13:48",7.91,7.92,7.91,7.92,-0.01,-0.13%,0
"2023-12-20 13:49",7.92,7.93,7.92,7.93,0.01,+0.13%,0
"2023-12-20 13:50",7.94,7.94,7.93,7.93,0,0.00%,0
"2023-12-20 13:51",7.93,7.96,7.93,7.95,0.02,+0.25%,0
"2023-12-20 13:52",7.95,7.98,7.95,7.95,0,0.00%,0
"2023-12-20 13:53",7.97,7.99,7.97,7.99,0.04,+0.50%,0
"2023-12-20 13:54",8,8.02,8,8.02,0.03,+0.38%,0
"2023-12-20 13:55",8.02,8.12,8.02,8.12,0.1,+1.25%,0
"2023-12-20 13:56",8.11,8.13,8.11,8.13,0.01,+0.12%,0
"2023-12-20 13:57",8.11,8.12,8.11,8.11,-0.02,-0.25%,0
"2023-12-20 13:58",8.13,8.15,8.13,8.15,0.04,+0.49%,0
"2023-12-20 13:59",8.15,8.18,8.15,8.18,0.03,+0.37%,0
"2023-12-20 14:00",8.17,8.21,8.17,8.19,0.01,+0.12%,0
"2023-12-20 14:01",8.18,8.2,8.18,8.2,0.01,+0.12%,0
"2023-12-20 14:02",8.21,8.36,8.21,8.36,0.16,+1.95%,0
"2023-12-20 14:03",8.37,8.46,8.37,8.46,0.1,+1.20%,0
"2023-12-20 14:04",8.47,8.47,8.45,8.47,0.01,+0.12%,0
"2023-12-20 14:05",8.48,8.48,8.46,8.46,-0.01,-0.12%,0
"2023-12-20 14:06",8.47,8.47,8.4,8.4,-0.06,-0.71%,0
"2023-12-20 14:07",8.4,8.42,8.4,8.41,0.01,+0.12%,0
"2023-12-20 14:08",8.4,8.47,8.4,8.47,0.06,+0.71%,0
"2023-12-20 14:09",8.47,8.5,8.47,8.49,0.02,+0.24%,0
"2023-12-20 14:10",8.5,8.54,8.48,8.48,-0.01,-0.12%,0
"2023-12-20 14:11",8.46,8.47,8.43,8.43,-0.05,-0.59%,0
"2023-12-20 14:12",8.44,8.48,8.44,8.47,0.04,+0.47%,0
"2023-12-20 14:13",8.48,8.5,8.48,8.49,0.02,+0.24%,0
"2023-12-20 14:14",8.5,8.5,8.47,8.47,-0.02,-0.24%,0
"2023-12-20 14:15",8.44,8.44,8.43,8.43,-0.04,-0.47%,0
"2023-12-20 14:16",8.44,8.46,8.44,8.46,0.03,+0.36%,0
"2023-12-20 14:17",8.46,8.46,8.45,8.45,-0.01,-0.12%,0
"2023-12-20 14:18",8.45,8.47,8.45,8.47,0.02,+0.24%,0
"2023-12-20 14:19",8.46,8.49,8.46,8.48,0.01,+0.12%,0
"2023-12-20 14:20",8.48,8.49,8.48,8.49,0.01,+0.12%,0
"2023-12-20 14:21",8.49,8.51,8.49,8.51,0.02,+0.24%,0
"2023-12-20 14:22",8.45,8.47,8.45,8.46,-0.05,-0.59%,0
"2023-12-20 14:23",8.43,8.52,8.43,8.52,0.06,+0.71%,0
"2023-12-20 14:24",8.52,8.55,8.52,8.55,0.03,+0.35%,0
"2023-12-20 14:25",8.55,8.56,8.55,8.55,0,0.00%,0
"2023-12-20 14:26",8.56,8.58,8.56,8.58,0.03,+0.35%,0
"2023-12-20 14:27",8.59,8.66,8.59,8.66,0.08,+0.93%,0
"2023-12-20 14:28",8.67,8.7,8.67,8.69,0.03,+0.35%,0
"2023-12-20 14:29",8.69,8.77,8.69,8.77,0.08,+0.92%,0
"2023-12-20 14:30",8.8,8.92,8.8,8.92,0.15,+1.71%,0
"2023-12-20 14:31",8.93,8.95,8.93,8.95,0.03,+0.34%,0
"2023-12-20 14:32",8.94,8.98,8.94,8.98,0.03,+0.34%,0
"2023-12-20 14:33",9.12,9.36,9.12,9.36,0.38,+4.23%,0
"2023-12-20 14:34",9.36,9.37,9.26,9.26,-0.1,-1.07%,0
"2023-12-20 14:35",9.25,9.25,9.09,9.09,-0.17,-1.84%,0
"2023-12-20 14:36",9.09,9.14,9.09,9.14,0.05,+0.55%,0
"2023-12-20 14:37",9.14,9.49,9.14,9.49,0.35,+3.83%,0
"2023-12-20 14:38",9.57,9.57,9.49,9.49,0,0.00%,0
"2023-12-20 14:39",9.5,9.73,9.5,9.73,0.24,+2.53%,0
"2023-12-20 14:40",9.78,9.91,9.78,9.91,0.18,+1.85%,0
"2023-12-20 14:41",9.8,9.8,9.72,9.73,-0.18,-1.82%,0
"2023-12-20 14:42",9.71,9.94,9.71,9.94,0.21,+2.16%,0
"2023-12-20 14:43",9.98,9.99,9.96,9.99,0.05,+0.50%,0
"2023-12-20 14:44",9.99,10.11,9.99,10.11,0.12,+1.20%,0
"2023-12-20 14:45",10.14,10.16,10.14,10.16,0.05,+0.49%,0
"2023-12-20 14:46",10.2,10.2,10.13,10.17,0.01,+0.10%,0
"2023-12-20 14:47",10.21,10.3,10.21,10.3,0.13,+1.28%,0
"2023-12-20 14:48",10.4,10.76,10.4,10.76,0.46,+4.47%,0
"2023-12-20 14:49",10.77,10.93,10.77,10.93,0.17,+1.58%,0
"2023-12-20 14:50",10.93,11.12,10.93,11.12,0.19,+1.74%,0
"2023-12-20 14:51",11.27,12.13,11.27,12.13,1.01,+9.08%,0
"2023-12-20 14:52",12.27,12.69,12.27,12.69,0.56,+4.62%,0
"2023-12-20 14:53",12.72,13.64,12.72,13.64,0.95,+7.49%,0
"2023-12-20 14:54",13.52,13.52,12.87,12.87,-0.77,-5.65%,0
"2023-12-20 14:55",12.67,12.67,12.38,12.38,-0.49,-3.81%,0
"2023-12-20 14:56",12.22,12.43,12.22,12.43,0.05,+0.40%,0
"2023-12-20 14:57",12.6,12.94,12.6,12.92,0.49,+3.94%,0
"2023-12-20 14:58",12.9,13.44,12.9,13.44,0.52,+4.02%,0
"2023-12-20 14:59",13.22,13.45,13.22,13.45,0.01,+0.07%,0
"2023-12-20 15:00",13.51,13.52,13.46,13.46,0.01,+0.07%,0
"2023-12-20 15:01",13.57,13.89,13.57,13.89,0.43,+3.19%,0
"2023-12-20 15:02",14.05,14.35,14.05,14.35,0.46,+3.31%,0
"2023-12-20 15:03",14.48,14.82,14.48,14.82,0.47,+3.28%,0
"2023-12-20 15:04",14.9,15.05,14.9,15.05,0.23,+1.55%,0
"2023-12-20 15:05",15.12,15.54,15.12,15.54,0.49,+3.26%,0
"2023-12-20 15:06",15.56,15.73,15.4,15.73,0.19,+1.22%,0
"2023-12-20 15:07",15.78,16.11,15.78,16.11,0.38,+2.42%,0
"2023-12-20 15:08",16.2,16.58,16.2,16.58,0.47,+2.92%,0
"2023-12-20 15:09",16.7,16.7,16.35,16.35,-0.23,-1.39%,0
"2023-12-20 15:10",16.13,16.13,15.42,15.42,-0.93,-5.69%,0
"2023-12-20 15:11",15.45,15.48,15.13,15.13,-0.29,-1.88%,0
"2023-12-20 15:12",14.91,15.1,14.91,15.1,-0.03,-0.20%,0
"2023-12-20 15:13",15.06,15.3,15.06,15.3,0.2,+1.32%,0
"2023-12-20 15:14",15.26,15.26,15.1,15.1,-0.2,-1.31%,0
"2023-12-20 15:15",15.02,15.02,14.45,14.45,-0.65,-4.30%,0
"2023-12-20 15:16",14.21,14.21,13.64,13.64,-0.81,-5.61%,0
"2023-12-20 15:17",13.68,13.68,13.59,13.68,0.04,+0.29%,0
"2023-12-20 15:18",13.59,13.63,13.55,13.63,-0.05,-0.37%,0
"2023-12-20 15:19",13.71,14.01,13.71,14.01,0.38,+2.79%,0
"2023-12-20 15:20",14.01,14.03,13.99,14.03,0.02,+0.14%,0
"2023-12-20 15:21",13.99,14.01,13.9,13.9,-0.13,-0.93%,0
"2023-12-20 15:22",13.93,13.99,13.93,13.99,0.09,+0.65%,0
"2023-12-20 15:23",13.99,14.06,13.99,14.06,0.07,+0.50%,0
"2023-12-20 15:24",14.08,14.39,14.08,14.39,0.33,+2.35%,0
"2023-12-20 15:25",14.45,14.86,14.45,14.86,0.47,+3.27%,0
"2023-12-20 15:26",14.7,14.7,14.58,14.58,-0.28,-1.88%,0
"2023-12-20 15:27",14.51,14.68,14.51,14.68,0.1,+0.69%,0
"2023-12-20 15:28",14.72,14.73,14.66,14.73,0.05,+0.34%,0
"2023-12-20 15:29",14.77,14.91,14.77,14.91,0.18,+1.22%,0
"2023-12-20 15:30",14.92,14.92,14.67,14.67,-0.24,-1.61%,0
"2023-12-20 15:31",14.71,14.71,14.65,14.69,0.02,+0.14%,0
"2023-12-20 15:32",14.65,14.74,14.65,14.74,0.05,+0.34%,0
"2023-12-20 15:33",14.77,14.87,14.77,14.87,0.13,+0.88%,0
"2023-12-20 15:34",14.88,14.9,14.85,14.85,-0.02,-0.13%,0
"2023-12-20 15:35",14.88,14.97,14.88,14.94,0.09,+0.61%,0
"2023-12-20 15:36",14.93,15.04,14.93,15,0.06,+0.40%,0
"2023-12-20 15:37",14.99,14.99,14.78,14.78,-0.22,-1.47%,0
"2023-12-20 15:38",14.77,14.77,14.66,14.67,-0.11,-0.74%,0
"2023-12-20 15:39",14.7,14.74,14.7,14.74,0.07,+0.48%,0
"2023-12-20 15:40",14.65,14.65,14.12,14.12,-0.62,-4.21%,0
"2023-12-20 15:41",14.16,14.16,13.84,13.84,-0.28,-1.98%,0
"2023-12-20 15:42",13.67,13.76,13.63,13.74,-0.1,-0.72%,0
"2023-12-20 15:43",13.73,13.75,13.71,13.71,-0.03,-0.22%,0
"2023-12-20 15:44",13.74,13.82,13.56,13.56,-0.15,-1.09%,0
"2023-12-20 15:45",13.6,13.6,13.52,13.52,-0.04,-0.29%,0
"2023-12-20 15:46",13.5,13.57,13.5,13.53,0.01,+0.07%,0
"2023-12-20 15:47",13.62,13.62,13.54,13.54,0.01,+0.07%,0
"2023-12-20 15:48",13.45,13.49,13.44,13.48,-0.06,-0.44%,0
"2023-12-20 15:49",13.48,13.57,13.48,13.5,0.02,+0.15%,0
"2023-12-20 15:50",13.39,13.39,13.25,13.25,-0.25,-1.85%,0
"2023-12-20 15:51",13.18,13.33,13.18,13.33,0.08,+0.60%,0
"2023-12-20 15:52",13.38,13.55,13.38,13.55,0.22,+1.65%,0
"2023-12-20 15:53",13.58,13.79,13.58,13.79,0.24,+1.77%,0
"2023-12-20 15:54",13.78,13.8,13.72,13.72,-0.07,-0.51%,0
"2023-12-20 15:55",13.66,13.97,13.66,13.97,0.25,+1.82%,0
"2023-12-20 15:56",13.97,13.98,13.97,13.98,0.01,+0.07%,0
"2023-12-20 15:57",14.01,14.36,14.01,14.36,0.38,+2.72%,0
"2023-12-20 15:58",14.47,14.47,14.35,14.4,0.04,+0.28%,0
"2023-12-20 15:59",14.43,14.49,14.43,14.45,0.05,+0.35%,0
"2023-12-20 16:00",14.37,14.37,14.25,14.25,-0.2,-1.38%,0
"2023-12-20 16:01",14.11,14.11,13.88,13.88,-0.37,-2.60%,0
"2023-12-20 16:02",13.76,13.76,13.69,13.69,-0.19,-1.37%,0
"2023-12-20 16:03",13.58,13.58,13.54,13.58,-0.11,-0.80%,0
"2023-12-20 16:04",13.74,13.74,13.57,13.68,0.1,+0.74%,0
"2023-12-20 16:05",13.66,13.73,13.66,13.69,0.01,+0.07%,0
"2023-12-20 16:06",13.61,13.61,13.54,13.58,-0.11,-0.80%,0
"2023-12-20 16:07",13.6,13.67,13.6,13.67,0.09,+0.66%,0
"2023-12-20 16:08",13.69,14,13.69,14,0.33,+2.41%,0
"2023-12-20 16:09",14.06,14.23,14.06,14.23,0.23,+1.64%,0
"2023-12-20 16:10",14.25,14.46,14.25,14.46,0.23,+1.62%,0
"2023-12-20 16:11",14.53,14.65,14.53,14.65,0.19,+1.31%,0
"2023-12-20 16:12",14.72,14.89,14.72,14.89,0.24,+1.64%,0
"2023-12-20 16:13",14.98,15.05,14.97,15.05,0.16,+1.07%,0
"2023-12-20 16:14",15.13,15.19,15.1,15.19,0.14,+0.93%,0
"2023-12-20 16:15",15.2,15.2,15.2,15.2,0.01,+0.07%,0
"2023-12-21 09:31",9.71,9.73,9.66,9.68,-5.52,-36.32%,0
"2023-12-21 09:32",9.63,9.66,9.62,9.62,-0.06,-0.62%,0
"2023-12-21 09:33",9.64,9.65,9.61,9.64,0.02,+0.21%,0
"2023-12-21 09:34",9.64,9.73,9.64,9.69,0.05,+0.52%,0
"2023-12-21 09:35",9.66,9.66,9.61,9.61,-0.08,-0.83%,0
"2023-12-21 09:36",9.59,9.76,9.59,9.76,0.15,+1.56%,0
"2023-12-21 09:37",9.9,10.04,9.9,10.04,0.28,+2.87%,0
"2023-12-21 09:38",9.93,9.93,9.83,9.83,-0.21,-2.09%,0
"2023-12-21 09:39",9.74,9.76,9.72,9.72,-0.11,-1.12%,0
"2023-12-21 09:40",9.7,9.88,9.7,9.88,0.16,+1.65%,0
"2023-12-21 09:41",9.87,9.89,9.87,9.89,0.01,+0.10%,0
"2023-12-21 09:42",9.97,9.97,9.93,9.95,0.06,+0.61%,0
"2023-12-21 09:43",9.97,9.98,9.97,9.97,0.02,+0.20%,0
"2023-12-21 09:44",9.97,9.97,9.95,9.95,-0.02,-0.20%,0
"2023-12-21 09:45",9.97,10.02,9.97,10.02,0.07,+0.70%,0
"2023-12-21 09:46",10.03,10.08,10.03,10.08,0.06,+0.60%,0
"2023-12-21 09:47",10.08,10.12,10.08,10.12,0.04,+0.40%,0
"2023-12-21 09:48",10.14,10.22,10.14,10.19,0.07,+0.69%,0
"2023-12-21 09:49",10.19,10.19,10.15,10.15,-0.04,-0.39%,0
"2023-12-21 09:50",10.14,10.15,10.13,10.13,-0.02,-0.20%,0
"2023-12-21 09:51",10.1,10.1,10.08,10.08,-0.05,-0.49%,0
"2023-12-21 09:52",10.07,10.07,10.05,10.05,-0.03,-0.30%,0
"2023-12-21 09:53",10.01,10.01,9.98,9.98,-0.07,-0.70%,0
"2023-12-21 09:54",9.93,9.95,9.92,9.92,-0.06,-0.60%,0
"2023-12-21 09:55",9.94,10.04,9.94,10.04,0.12,+1.21%,0
"2023-12-21 09:56",10.02,10.03,10.02,10.03,-0.01,-0.10%,0
"2023-12-21 09:57",10.02,10.07,10.02,10.07,0.04,+0.40%,0
"2023-12-21 09:58",10.06,10.18,10.06,10.18,0.11,+1.09%,0
"2023-12-21 09:59",10.21,10.26,10.21,10.24,0.06,+0.59%,0
"2023-12-21 10:00",10.26,10.35,10.26,10.35,0.11,+1.07%,0
"2023-12-21 10:01",10.36,10.36,10.32,10.32,-0.03,-0.29%,0
"2023-12-21 10:02",10.26,10.33,10.26,10.33,0.01,+0.10%,0
"2023-12-21 10:03",10.37,10.42,10.37,10.38,0.05,+0.48%,0
"2023-12-21 10:04",10.39,10.45,10.39,10.45,0.07,+0.67%,0
"2023-12-21 10:05",10.49,10.79,10.49,10.79,0.34,+3.25%,0
"2023-12-21 10:06",10.81,11.16,10.81,11.16,0.37,+3.43%,0
"2023-12-21 10:07",11.2,11.2,11.1,11.15,-0.01,-0.09%,0
"2023-12-21 10:08",11.2,11.4,11.2,11.4,0.25,+2.24%,0
"2023-12-21 10:09",11.38,11.47,11.38,11.43,0.03,+0.26%,0
"2023-12-21 10:10",11.29,11.3,11.08,11.08,-0.35,-3.06%,0
"2023-12-21 10:11",11.13,11.23,11.13,11.22,0.14,+1.26%,0
"2023-12-21 10:12",11.22,11.23,11.2,11.2,-0.02,-0.18%,0
"2023-12-21 10:13",11.2,11.2,10.86,10.86,-0.34,-3.04%,0
"2023-12-21 10:14",10.88,10.99,10.88,10.89,0.03,+0.28%,0
"2023-12-21 10:15",10.87,11.07,10.87,11.07,0.18,+1.65%,0
"2023-12-21 10:16",10.98,11.01,10.96,11.01,-0.06,-0.54%,0
"2023-12-21 10:17",10.97,11.02,10.88,10.88,-0.13,-1.18%,0
"2023-12-21 10:18",10.87,10.87,10.84,10.85,-0.03,-0.28%,0
"2023-12-21 10:19",10.81,10.81,10.76,10.76,-0.09,-0.83%,0
"2023-12-21 10:20",10.77,10.79,10.72,10.72,-0.04,-0.37%,0
"2023-12-21 10:21",10.67,10.67,10.55,10.55,-0.17,-1.59%,0
"2023-12-21 10:22",10.53,10.53,10.36,10.36,-0.19,-1.80%,0
"2023-12-21 10:23",10.33,10.37,10.29,10.29,-0.07,-0.68%,0
"2023-12-21 10:24",10.35,10.41,10.35,10.41,0.12,+1.17%,0
"2023-12-21 10:25",10.39,10.47,10.39,10.47,0.06,+0.58%,0
"2023-12-21 10:26",10.45,10.86,10.45,10.86,0.39,+3.72%,0
"2023-12-21 10:27",10.93,11.1,10.93,11.1,0.24,+2.21%,0
"2023-12-21 10:28",11.07,11.25,11.07,11.17,0.07,+0.63%,0
"2023-12-21 10:29",11.03,11.09,10.96,11.09,-0.08,-0.72%,0
"2023-12-21 10:30",11.14,11.17,11.09,11.09,0,0.00%,0
"2023-12-21 10:31",11.14,11.2,11.14,11.2,0.11,+0.99%,0
"2023-12-21 10:32",11.21,11.21,11.09,11.13,-0.07,-0.63%,0
"2023-12-21 10:33",11.08,11.12,11.08,11.12,-0.01,-0.09%,0
"2023-12-21 10:34",11.11,11.15,11.01,11.01,-0.11,-0.99%,0
"2023-12-21 10:35",10.94,11.02,10.93,11.02,0.01,+0.09%,0
"2023-12-21 10:36",11.06,11.06,10.98,10.98,-0.04,-0.36%,0
"2023-12-21 10:37",10.9,10.98,10.9,10.98,0,0.00%,0
"2023-12-21 10:38",11.02,11.09,11.02,11.07,0.09,+0.82%,0
"2023-12-21 10:39",11.08,11.13,11.07,11.13,0.06,+0.54%,0
"2023-12-21 10:40",11.14,11.22,11.14,11.18,0.05,+0.45%,0
"2023-12-21 10:41",11.09,11.12,11.09,11.11,-0.07,-0.63%,0
"2023-12-21 10:42",11.15,11.16,11.12,11.12,0.01,+0.09%,0
"2023-12-21 10:43",11.1,11.17,11.1,11.15,0.03,+0.27%,0
"2023-12-21 10:44",11.13,11.16,11.01,11.01,-0.14,-1.26%,0
"2023-12-21 10:45",11.04,11.04,10.99,10.99,-0.02,-0.18%,0
"2023-12-21 10:46",10.98,11,10.98,11,0.01,+0.09%,0
"2023-12-21 10:47",10.99,11.06,10.99,11.04,0.04,+0.36%,0
"2023-12-21 10:48",11.03,11.03,10.99,11.01,-0.03,-0.27%,0
"2023-12-21 10:49",11.01,11.07,11.01,11.07,0.06,+0.54%,0
"2023-12-21 10:50",11.1,11.22,11.1,11.22,0.15,+1.36%,0
"2023-12-21 10:51",11.26,11.26,11.18,11.24,0.02,+0.18%,0
"2023-12-21 10:52",11.21,11.29,11.21,11.29,0.05,+0.44%,0
"2023-12-21 10:53",11.27,11.27,11.24,11.27,-0.02,-0.18%,0
"2023-12-21 10:54",11.29,11.34,11.27,11.27,0,0.00%,0
"2023-12-21 10:55",11.26,11.34,11.26,11.33,0.06,+0.53%,0
"2023-12-21 10:56",11.29,11.34,11.29,11.34,0.01,+0.09%,0
"2023-12-21 10:57",11.34,11.38,11.34,11.38,0.04,+0.35%,0
"2023-12-21 10:58",11.33,11.33,11.32,11.32,-0.06,-0.53%,0
"2023-12-21 10:59",11.32,11.32,11.24,11.24,-0.08,-0.71%,0
"2023-12-21 11:00",11.21,11.21,11.1,11.1,-0.14,-1.25%,0
"2023-12-21 11:01",11.12,11.15,11.12,11.15,0.05,+0.45%,0
"2023-12-21 11:02",11.2,11.22,11.17,11.17,0.02,+0.18%,0
"2023-12-21 11:03",11.13,11.13,11.08,11.08,-0.09,-0.81%,0
"2023-12-21 11:04",11.05,11.05,11.02,11.04,-0.04,-0.36%,0
"2023-12-21 11:05",11.06,11.06,11.04,11.06,0.02,+0.18%,0
"2023-12-21 11:06",11.07,11.08,11.05,11.05,-0.01,-0.09%,0
"2023-12-21 11:07",11.07,11.15,11.07,11.15,0.1,+0.90%,0
"2023-12-21 11:08",11.16,11.19,11.16,11.19,0.04,+0.36%,0
"2023-12-21 11:09",11.18,11.29,11.18,11.29,0.1,+0.89%,0
"2023-12-21 11:10",11.26,11.26,11.17,11.22,-0.07,-0.62%,0
"2023-12-21 11:11",11.23,11.27,11.23,11.27,0.05,+0.45%,0
"2023-12-21 11:12",11.23,11.23,11.22,11.22,-0.05,-0.44%,0
"2023-12-21 11:13",11.26,11.35,11.26,11.34,0.12,+1.07%,0
"2023-12-21 11:14",11.33,11.33,11.24,11.24,-0.1,-0.88%,0
"2023-12-21 11:15",11.23,11.25,11.23,11.23,-0.01,-0.09%,0
"2023-12-21 11:16",11.24,11.29,11.24,11.29,0.06,+0.53%,0
"2023-12-21 11:17",11.27,11.36,11.27,11.36,0.07,+0.62%,0
"2023-12-21 11:18",11.33,11.43,11.33,11.43,0.07,+0.62%,0
"2023-12-21 11:19",11.35,11.35,11.33,11.34,-0.09,-0.79%,0
"2023-12-21 11:20",11.33,11.38,11.33,11.36,0.02,+0.18%,0
"2023-12-21 11:21",11.37,11.37,11.25,11.25,-0.11,-0.97%,0
"2023-12-21 11:22",11.27,11.39,11.27,11.39,0.14,+1.24%,0
"2023-12-21 11:23",11.38,11.38,11.35,11.36,-0.03,-0.26%,0
"2023-12-21 11:24",11.36,11.36,11.35,11.35,-0.01,-0.09%,0
"2023-12-21 11:25",11.36,11.41,11.36,11.41,0.06,+0.53%,0
"2023-12-21 11:26",11.39,11.39,11.34,11.34,-0.07,-0.61%,0
"2023-12-21 11:27",11.31,11.32,11.24,11.27,-0.07,-0.62%,0
"2023-12-21 11:28",11.27,11.3,11.26,11.26,-0.01,-0.09%,0
"2023-12-21 11:29",11.29,11.32,11.29,11.3,0.04,+0.36%,0
"2023-12-21 11:30",11.29,11.29,11.27,11.28,-0.02,-0.18%,0
"2023-12-21 11:31",11.3,11.32,11.29,11.32,0.04,+0.35%,0
"2023-12-21 11:32",11.31,11.34,11.3,11.3,-0.02,-0.18%,0
"2023-12-21 11:33",11.32,11.37,11.32,11.34,0.04,+0.35%,0
"2023-12-21 11:34",11.34,11.35,11.32,11.33,-0.01,-0.09%,0
"2023-12-21 11:35",11.31,11.31,11.2,11.2,-0.13,-1.15%,0
"2023-12-21 11:36",11.2,11.23,11.1,11.1,-0.1,-0.89%,0
"2023-12-21 11:37",11.06,11.08,11.06,11.07,-0.03,-0.27%,0
"2023-12-21 11:38",11.07,11.08,11.07,11.08,0.01,+0.09%,0
"2023-12-21 11:39",11.08,11.14,11.08,11.14,0.06,+0.54%,0
"2023-12-21 11:40",11.11,11.16,11.11,11.16,0.02,+0.18%,0
"2023-12-21 11:41",11.14,11.15,11.13,11.13,-0.03,-0.27%,0
"2023-12-21 11:42",11.11,11.16,11.11,11.16,0.03,+0.27%,0
"2023-12-21 11:43",11.16,11.18,11.16,11.16,0,0.00%,0
"2023-12-21 11:44",11.16,11.18,11.16,11.16,0,0.00%,0
"2023-12-21 11:45",11.17,11.18,11.17,11.18,0.02,+0.18%,0
"2023-12-21 11:46",11.17,11.18,11.17,11.17,-0.01,-0.09%,0
"2023-12-21 11:47",11.15,11.15,11.14,11.15,-0.02,-0.18%,0
"2023-12-21 11:48",11.14,11.16,11.14,11.16,0.01,+0.09%,0
"2023-12-21 11:49",11.14,11.15,11.13,11.13,-0.03,-0.27%,0
"2023-12-21 11:50",11.14,11.18,11.14,11.18,0.05,+0.45%,0
"2023-12-21 11:51",11.17,11.24,11.17,11.23,0.05,+0.45%,0
"2023-12-21 11:52",11.22,11.25,11.22,11.25,0.02,+0.18%,0
"2023-12-21 11:53",11.26,11.26,11.22,11.24,-0.01,-0.09%,0
"2023-12-21 11:54",11.26,11.29,11.26,11.29,0.05,+0.44%,0
"2023-12-21 11:55",11.29,11.32,11.29,11.32,0.03,+0.27%,0
"2023-12-21 11:56",11.31,11.34,11.31,11.32,0,0.00%,0
"2023-12-21 11:57",11.33,11.33,11.31,11.33,0.01,+0.09%,0
"2023-12-21 11:58",11.29,11.35,11.29,11.35,0.02,+0.18%,0
"2023-12-21 11:59",11.37,11.44,11.37,11.44,0.09,+0.79%,0
"2023-12-21 12:00",11.47,12.04,11.47,12.04,0.6,+5.24%,0
"2023-12-21 12:01",12.19,12.19,11.88,11.96,-0.08,-0.66%,0
"2023-12-21 12:02",11.94,12.01,11.94,12.01,0.05,+0.42%,0
"2023-12-21 12:03",12.12,12.44,12.12,12.44,0.43,+3.58%,0
"2023-12-21 12:04",12.47,12.79,12.47,12.79,0.35,+2.81%,0
"2023-12-21 12:05",12.89,12.89,12.74,12.74,-0.05,-0.39%,0
"2023-12-21 12:06",12.66,12.73,12.49,12.49,-0.25,-1.96%,0
"2023-12-21 12:07",12.56,12.71,12.56,12.71,0.22,+1.76%,0
"2023-12-21 12:08",12.67,12.96,12.64,12.96,0.25,+1.97%,0
"2023-12-21 12:09",13.03,13.18,13.03,13.18,0.22,+1.70%,0
"2023-12-21 12:10",13.17,13.17,12.99,12.99,-0.19,-1.44%,0
"2023-12-21 12:11",13,13,12.85,12.89,-0.1,-0.77%,0
"2023-12-21 12:12",12.91,13.01,12.91,13.01,0.12,+0.93%,0
"2023-12-21 12:13",13.03,13.07,13.03,13.07,0.06,+0.46%,0
"2023-12-21 12:14",13.11,13.16,13.11,13.13,0.06,+0.46%,0
"2023-12-21 12:15",13.1,13.1,12.98,12.98,-0.15,-1.14%,0
"2023-12-21 12:16",12.96,13.02,12.96,13.02,0.04,+0.31%,0
"2023-12-21 12:17",13.03,13.11,13.03,13.11,0.09,+0.69%,0
"2023-12-21 12:18",13.1,13.1,13.03,13.06,-0.05,-0.38%,0
"2023-12-21 12:19",13.09,13.12,13.08,13.08,0.02,+0.15%,0
"2023-12-21 12:20",13.09,13.13,13.09,13.13,0.05,+0.38%,0
"2023-12-21 12:21",13.14,13.19,13.13,13.19,0.06,+0.46%,0
"2023-12-21 12:22",13.18,13.24,13.12,13.12,-0.07,-0.53%,0
"2023-12-21 12:23",13.14,13.22,13.14,13.22,0.1,+0.76%,0
"2023-12-21 12:24",13.21,13.21,13.17,13.18,-0.04,-0.30%,0
"2023-12-21 12:25",13.11,13.12,13.08,13.08,-0.1,-0.76%,0
"2023-12-21 12:26",13.09,13.13,13.07,13.07,-0.01,-0.08%,0
"2023-12-21 12:27",13.05,13.12,13.05,13.12,0.05,+0.38%,0
"2023-12-21 12:28",13.12,13.21,13.12,13.19,0.07,+0.53%,0
"2023-12-21 12:29",13.23,13.27,13.23,13.27,0.08,+0.61%,0
"2023-12-21 12:30",13.23,13.26,13.23,13.23,-0.04,-0.30%,0
"2023-12-21 12:31",13.12,13.12,12.92,12.92,-0.31,-2.34%,0
"2023-12-21 12:32",12.85,12.85,12.76,12.76,-0.16,-1.24%,0
"2023-12-21 12:33",12.76,12.83,12.76,12.83,0.07,+0.55%,0
"2023-12-21 12:34",12.87,12.9,12.87,12.9,0.07,+0.55%,0
"2023-12-21 12:35",13.05,13.25,13.05,13.25,0.35,+2.71%,0
"2023-12-21 12:36",13.29,13.29,13.17,13.17,-0.08,-0.60%,0
"2023-12-21 12:37",13.08,13.12,13.06,13.06,-0.11,-0.84%,0
"2023-12-21 12:38",13.07,13.09,13.07,13.08,0.02,+0.15%,0
"2023-12-21 12:39",13.06,13.08,13.06,13.06,-0.02,-0.15%,0
"2023-12-21 12:40",13.07,13.08,13.04,13.04,-0.02,-0.15%,0
"2023-12-21 12:41",13,13,12.83,12.83,-0.21,-1.61%,0
"2023-12-21 12:42",12.82,12.84,12.78,12.84,0.01,+0.08%,0
"2023-12-21 12:43",12.85,13,12.85,13,0.16,+1.25%,0
"2023-12-21 12:44",12.95,12.97,12.9,12.9,-0.1,-0.77%,0
"2023-12-21 12:45",12.91,12.95,12.91,12.92,0.02,+0.16%,0
"2023-12-21 12:46",12.94,12.96,12.93,12.96,0.04,+0.31%,0
"2023-12-21 12:47",12.96,12.98,12.93,12.93,-0.03,-0.23%,0
"2023-12-21 12:48",12.93,12.93,12.89,12.89,-0.04,-0.31%,0
"2023-12-21 12:49",12.92,12.92,12.9,12.9,0.01,+0.08%,0
"2023-12-21 12:50",12.88,12.91,12.88,12.88,-0.02,-0.16%,0
"2023-12-21 12:51",12.85,12.86,12.85,12.86,-0.02,-0.16%,0
"2023-12-21 12:52",12.84,12.97,12.84,12.95,0.09,+0.70%,0
"2023-12-21 12:53",12.93,13.03,12.93,13.03,0.08,+0.62%,0
"2023-12-21 12:54",13.03,13.18,13.03,13.18,0.15,+1.15%,0
"2023-12-21 12:55",13.23,13.25,13.22,13.22,0.04,+0.30%,0
"2023-12-21 12:56",13.18,13.21,13.18,13.2,-0.02,-0.15%,0
"2023-12-21 12:57",13.21,13.3,13.21,13.3,0.1,+0.76%,0
"2023-12-21 12:58",13.31,13.33,13.29,13.29,-0.01,-0.08%,0
"2023-12-21 12:59",13.31,13.31,13.25,13.25,-0.04,-0.30%,0
"2023-12-21 13:00",13.21,13.21,12.96,12.96,-0.29,-2.19%,0
"2023-12-21 13:01",12.97,12.97,12.92,12.92,-0.04,-0.31%,0
"2023-12-21 13:02",12.9,12.9,12.79,12.79,-0.13,-1.01%,0
"2023-12-21 13:03",12.82,12.91,12.82,12.91,0.12,+0.94%,0
"2023-12-21 13:04",12.89,12.89,12.87,12.87,-0.04,-0.31%,0
"2023-12-21 13:05",12.83,12.85,12.83,12.85,-0.02,-0.16%,0
"2023-12-21 13:06",12.85,12.96,12.85,12.96,0.11,+0.86%,0
"2023-12-21 13:07",12.98,13.17,12.98,13.17,0.21,+1.62%,0
"2023-12-21 13:08",13.17,13.22,13.15,13.15,-0.02,-0.15%,0
"2023-12-21 13:09",13.15,13.19,13.11,13.11,-0.04,-0.30%,0
"2023-12-21 13:10",13.11,13.17,13.11,13.17,0.06,+0.46%,0
"2023-12-21 13:11",13.13,13.13,13.05,13.05,-0.12,-0.91%,0
"2023-12-21 13:12",13.04,13.04,12.96,13,-0.05,-0.38%,0
"2023-12-21 13:13",12.96,13.1,12.96,13.1,0.1,+0.77%,0
"2023-12-21 13:14",13.14,13.15,13.13,13.15,0.05,+0.38%,0
"2023-12-21 13:15",13.14,13.23,13.14,13.2,0.05,+0.38%,0
"2023-12-21 13:16",13.2,13.2,13.13,13.15,-0.05,-0.38%,0
"2023-12-21 13:17",13.16,13.38,13.16,13.38,0.23,+1.75%,0
"2023-12-21 13:18",13.47,13.48,13.37,13.37,-0.01,-0.07%,0
"2023-12-21 13:19",13.4,13.62,13.4,13.62,0.25,+1.87%,0
"2023-12-21 13:20",13.68,13.68,13.61,13.61,-0.01,-0.07%,0
"2023-12-21 13:21",13.62,13.62,13.49,13.49,-0.12,-0.88%,0
"2023-12-21 13:22",13.42,13.42,13.14,13.14,-0.35,-2.59%,0
"2023-12-21 13:23",13.05,13.15,13.05,13.15,0.01,+0.08%,0
"2023-12-21 13:24",13.18,13.18,13.03,13.03,-0.12,-0.91%,0
"2023-12-21 13:25",13.05,13.12,13.05,13.11,0.08,+0.61%,0
"2023-12-21 13:26",13.1,13.1,13.08,13.09,-0.02,-0.15%,0
"2023-12-21 13:27",13.09,13.19,13.09,13.19,0.1,+0.76%,0
"2023-12-21 13:28",13.17,13.2,13.17,13.19,0,0.00%,0
"2023-12-21 13:29",13.21,13.23,13.21,13.23,0.04,+0.30%,0
"2023-12-21 13:30",13.25,13.25,13.1,13.1,-0.13,-0.98%,0
"2023-12-21 13:31",13.1,13.1,13.01,13.01,-0.09,-0.69%,0
"2023-12-21 13:32",12.98,13,12.98,12.98,-0.03,-0.23%,0
"2023-12-21 13:33",12.97,13.05,12.97,13.04,0.06,+0.46%,0
"2023-12-21 13:34",13.04,13.09,13.02,13.09,0.05,+0.38%,0
"2023-12-21 13:35",13.1,13.16,13.1,13.11,0.02,+0.15%,0
"2023-12-21 13:36",13.1,13.1,13.04,13.04,-0.07,-0.53%,0
"2023-12-21 13:37",13.06,13.09,12.97,12.97,-0.07,-0.54%,0
"2023-12-21 13:38",12.98,13.02,12.98,13,0.03,+0.23%,0
"2023-12-21 13:39",13,13,12.97,12.99,-0.01,-0.08%,0
"2023-12-21 13:40",12.99,13,12.98,12.98,-0.01,-0.08%,0
"2023-12-21 13:41",12.95,12.98,12.95,12.98,0,0.00%,0
"2023-12-21 13:42",12.96,12.97,12.95,12.95,-0.03,-0.23%,0
"2023-12-21 13:43",12.95,13,12.94,13,0.05,+0.39%,0
"2023-12-21 13:44",13,13.04,13,13.04,0.04,+0.31%,0
"2023-12-21 13:45",13.04,13.04,12.97,12.97,-0.07,-0.54%,0
"2023-12-21 13:46",12.96,12.96,12.89,12.89,-0.08,-0.62%,0
"2023-12-21 13:47",12.91,12.91,12.83,12.83,-0.06,-0.47%,0
"2023-12-21 13:48",12.88,12.88,12.86,12.86,0.03,+0.23%,0
"2023-12-21 13:49",12.83,12.86,12.83,12.86,0,0.00%,0
"2023-12-21 13:50",12.85,12.86,12.78,12.78,-0.08,-0.62%,0
"2023-12-21 13:51",12.79,12.81,12.79,12.8,0.02,+0.16%,0
"2023-12-21 13:52",12.79,12.81,12.77,12.77,-0.03,-0.23%,0
"2023-12-21 13:53",12.72,12.72,12.64,12.64,-0.13,-1.02%,0
"2023-12-21 13:54",12.66,12.69,12.66,12.66,0.02,+0.16%,0
"2023-12-21 13:55",12.63,12.63,12.59,12.59,-0.07,-0.55%,0
"2023-12-21 13:56",12.6,12.64,12.6,12.63,0.04,+0.32%,0
"2023-12-21 13:57",12.58,12.58,12.54,12.54,-0.09,-0.71%,0
"2023-12-21 13:58",12.53,12.53,12.5,12.52,-0.02,-0.16%,0
"2023-12-21 13:59",12.51,12.52,12.5,12.5,-0.02,-0.16%,0
"2023-12-21 14:00",12.47,12.5,12.47,12.5,0,0.00%,0
"2023-12-21 14:01",12.5,12.51,12.47,12.47,-0.03,-0.24%,0
"2023-12-21 14:02",12.44,12.45,12.44,12.44,-0.03,-0.24%,0
"2023-12-21 14:03",12.43,12.46,12.42,12.42,-0.02,-0.16%,0
"2023-12-21 14:04",12.42,12.42,12.42,12.42,0,0.00%,0
"2023-12-21 14:05",12.43,12.43,12.4,12.4,-0.02,-0.16%,0
"2023-12-21 14:06",12.39,12.41,12.38,12.38,-0.02,-0.16%,0
"2023-12-21 14:07",12.35,12.39,12.35,12.37,-0.01,-0.08%,0
"2023-12-21 14:08",12.36,12.4,12.36,12.4,0.03,+0.24%,0
"2023-12-21 14:09",12.42,12.43,12.4,12.4,0,0.00%,0
"2023-12-21 14:10",12.41,12.43,12.41,12.41,0.01,+0.08%,0
"2023-12-21 14:11",12.37,12.4,12.37,12.4,-0.01,-0.08%,0
"2023-12-21 14:12",12.41,12.42,12.41,12.42,0.02,+0.16%,0
"2023-12-21 14:13",12.42,12.49,12.42,12.49,0.07,+0.56%,0
"2023-12-21 14:14",12.53,12.55,12.51,12.51,0.02,+0.16%,0
"2023-12-21 14:15",12.49,12.5,12.41,12.41,-0.1,-0.80%,0
"2023-12-21 14:16",12.42,12.46,12.42,12.46,0.05,+0.40%,0
"2023-12-21 14:17",12.46,12.49,12.46,12.49,0.03,+0.24%,0
"2023-12-21 14:18",12.48,12.49,12.46,12.46,-0.03,-0.24%,0
"2023-12-21 14:19",12.43,12.43,12.42,12.42,-0.04,-0.32%,0
"2023-12-21 14:20",12.36,12.39,12.36,12.38,-0.04,-0.32%,0
"2023-12-21 14:21",12.36,12.39,12.36,12.38,0,0.00%,0
"2023-12-21 14:22",12.41,12.42,12.4,12.42,0.04,+0.32%,0
"2023-12-21 14:23",12.42,12.42,12.4,12.41,-0.01,-0.08%,0
"2023-12-21 14:24",12.41,12.46,12.41,12.46,0.05,+0.40%,0
"2023-12-21 14:25",12.45,12.46,12.45,12.46,0,0.00%,0
"2023-12-21 14:26",12.48,12.48,12.44,12.44,-0.02,-0.16%,0
"2023-12-21 14:27",12.42,12.42,12.41,12.41,-0.03,-0.24%,0
"2023-12-21 14:28",12.42,12.43,12.42,12.42,0.01,+0.08%,0
"2023-12-21 14:29",12.38,12.39,12.38,12.39,-0.03,-0.24%,0
"2023-12-21 14:30",12.38,12.38,12.38,12.38,-0.01,-0.08%,0
"2023-12-21 14:31",12.37,12.38,12.36,12.36,-0.02,-0.16%,0
"2023-12-21 14:32",12.34,12.35,12.29,12.29,-0.07,-0.57%,0
"2023-12-21 14:33",12.29,12.33,12.29,12.32,0.03,+0.24%,0
"2023-12-21 14:34",12.29,12.3,12.25,12.26,-0.06,-0.49%,0
"2023-12-21 14:35",12.25,12.25,12.23,12.25,-0.01,-0.08%,0
"2023-12-21 14:36",12.26,12.31,12.26,12.31,0.06,+0.49%,0
"2023-12-21 14:37",12.27,12.29,12.27,12.27,-0.04,-0.32%,0
"2023-12-21 14:38",12.29,12.3,12.28,12.28,0.01,+0.08%,0
"2023-12-21 14:39",12.28,12.28,12.26,12.26,-0.02,-0.16%,0
"2023-12-21 14:40",12.26,12.28,12.26,12.27,0.01,+0.08%,0
"2023-12-21 14:41",12.26,12.26,12.21,12.21,-0.06,-0.49%,0
"2023-12-21 14:42",12.19,12.2,12.18,12.18,-0.03,-0.25%,0
"2023-12-21 14:43",12.18,12.18,12.18,12.18,0,0.00%,0
"2023-12-21 14:44",12.17,12.17,12.15,12.15,-0.03,-0.25%,0
"2023-12-21 14:45",12.13,12.13,12.07,12.08,-0.07,-0.58%,0
"2023-12-21 14:46",12.08,12.08,12.03,12.03,-0.05,-0.41%,0
"2023-12-21 14:47",12.05,12.06,12.05,12.05,0.02,+0.17%,0
"2023-12-21 14:48",12.05,12.06,12.05,12.06,0.01,+0.08%,0
"2023-12-21 14:49",12.05,12.1,12.05,12.1,0.04,+0.33%,0
"2023-12-21 14:50",12.1,12.12,12.1,12.11,0.01,+0.08%,0
"2023-12-21 14:51",12.11,12.15,12.11,12.12,0.01,+0.08%,0
"2023-12-21 14:52",12.12,12.14,12.08,12.08,-0.04,-0.33%,0
"2023-12-21 14:53",12.11,12.12,12.11,12.12,0.04,+0.33%,0
"2023-12-21 14:54",12.13,12.13,12.12,12.13,0.01,+0.08%,0
"2023-12-21 14:55",12.16,12.18,12.16,12.17,0.04,+0.33%,0
"2023-12-21 14:56",12.16,12.21,12.16,12.21,0.04,+0.33%,0
"2023-12-21 14:57",12.23,12.48,12.23,12.48,0.27,+2.21%,0
"2023-12-21 14:58",12.5,12.5,12.38,12.38,-0.1,-0.80%,0
"2023-12-21 14:59",12.27,12.27,12.25,12.26,-0.12,-0.97%,0
"2023-12-21 15:00",12.23,12.24,12.23,12.24,-0.02,-0.16%,0
"2023-12-21 15:01",12.22,12.26,12.22,12.26,0.02,+0.16%,0
"2023-12-21 15:02",12.26,12.26,12.25,12.26,0,0.00%,0
"2023-12-21 15:03",12.26,12.26,12.24,12.24,-0.02,-0.16%,0
"2023-12-21 15:04",12.21,12.23,12.19,12.2,-0.04,-0.33%,0
"2023-12-21 15:05",12.2,12.2,12.18,12.18,-0.02,-0.16%,0
"2023-12-21 15:06",12.19,12.2,12.19,12.2,0.02,+0.16%,0
"2023-12-21 15:07",12.2,12.23,12.2,12.2,0,0.00%,0
"2023-12-21 15:08",12.22,12.24,12.2,12.2,0,0.00%,0
"2023-12-21 15:09",12.21,12.26,12.21,12.26,0.06,+0.49%,0
"2023-12-21 15:10",12.27,12.29,12.25,12.25,-0.01,-0.08%,0
"2023-12-21 15:11",12.23,12.23,12.16,12.16,-0.09,-0.73%,0
"2023-12-21 15:12",12.17,12.22,12.17,12.18,0.02,+0.16%,0
"2023-12-21 15:13",12.18,12.2,12.18,12.19,0.01,+0.08%,0
"2023-12-21 15:14",12.21,12.21,12.15,12.15,-0.04,-0.33%,0
"2023-12-21 15:15",12.16,12.18,12.14,12.14,-0.01,-0.08%,0
"2023-12-21 15:16",12.15,12.16,12.13,12.13,-0.01,-0.08%,0
"2023-12-21 15:17",12.12,12.15,12.12,12.12,-0.01,-0.08%,0
"2023-12-21 15:18",12.13,12.13,12.09,12.09,-0.03,-0.25%,0
"2023-12-21 15:19",12.08,12.08,12.07,12.07,-0.02,-0.17%,0
"2023-12-21 15:20",12.1,12.1,12.06,12.06,-0.01,-0.08%,0
"2023-12-21 15:21",12.11,12.12,12.11,12.12,0.06,+0.50%,0
"2023-12-21 15:22",12.09,12.13,12.09,12.13,0.01,+0.08%,0
"2023-12-21 15:23",12.12,12.15,12.12,12.15,0.02,+0.16%,0
"2023-12-21 15:24",12.15,12.23,12.15,12.23,0.08,+0.66%,0
"2023-12-21 15:25",12.24,12.28,12.24,12.26,0.03,+0.25%,0
"2023-12-21 15:26",12.26,12.26,12.22,12.23,-0.03,-0.24%,0
"2023-12-21 15:27",12.24,12.26,12.22,12.25,0.02,+0.16%,0
"2023-12-21 15:28",12.25,12.33,12.25,12.33,0.08,+0.65%,0
"2023-12-21 15:29",12.39,12.44,12.39,12.43,0.1,+0.81%,0
"2023-12-21 15:30",12.4,12.52,12.4,12.5,0.07,+0.56%,0
"2023-12-21 15:31",12.47,12.47,12.27,12.27,-0.23,-1.84%,0
"2023-12-21 15:32",12.29,12.32,12.27,12.27,0,0.00%,0
"2023-12-21 15:33",12.29,12.33,12.29,12.33,0.06,+0.49%,0
"2023-12-21 15:34",12.34,12.37,12.34,12.37,0.04,+0.32%,0
"2023-12-21 15:35",12.39,12.45,12.38,12.45,0.08,+0.65%,0
"2023-12-21 15:36",12.46,12.58,12.46,12.58,0.13,+1.04%,0
"2023-12-21 15:37",12.59,12.66,12.59,12.66,0.08,+0.64%,0
"2023-12-21 15:38",12.73,12.78,12.7,12.7,0.04,+0.32%,0
"2023-12-21 15:39",12.69,12.69,12.66,12.66,-0.04,-0.31%,0
"2023-12-21 15:40",12.65,12.72,12.65,12.71,0.05,+0.39%,0
"2023-12-21 15:41",12.74,12.75,12.73,12.74,0.03,+0.24%,0
"2023-12-21 15:42",12.88,12.89,12.82,12.89,0.15,+1.18%,0
"2023-12-21 15:43",12.9,12.9,12.81,12.83,-0.06,-0.47%,0
"2023-12-21 15:44",12.79,12.79,12.75,12.75,-0.08,-0.62%,0
"2023-12-21 15:45",12.74,12.76,12.74,12.76,0.01,+0.08%,0
"2023-12-21 15:46",12.74,12.77,12.74,12.77,0.01,+0.08%,0
"2023-12-21 15:47",12.76,12.76,12.72,12.72,-0.05,-0.39%,0
"2023-12-21 15:48",12.71,12.71,12.66,12.66,-0.06,-0.47%,0
"2023-12-21 15:49",12.61,12.63,12.59,12.63,-0.03,-0.24%,0
"2023-12-21 15:50",12.6,12.61,12.58,12.61,-0.02,-0.16%,0
"2023-12-21 15:51",12.6,12.72,12.6,12.72,0.11,+0.87%,0
"2023-12-21 15:52",12.77,12.78,12.77,12.77,0.05,+0.39%,0
"2023-12-21 15:53",12.75,12.75,12.71,12.72,-0.05,-0.39%,0
"2023-12-21 15:54",12.7,12.85,12.7,12.84,0.12,+0.94%,0
"2023-12-21 15:55",12.84,12.89,12.84,12.89,0.05,+0.39%,0
"2023-12-21 15:56",12.94,13,12.94,13,0.11,+0.85%,0
"2023-12-21 15:57",13.03,13.04,13.03,13.03,0.03,+0.23%,0
"2023-12-21 15:58",13.03,13.06,13.03,13.06,0.03,+0.23%,0
"2023-12-21 15:59",13.02,13.02,12.94,12.94,-0.12,-0.92%,0
"2023-12-21 16:00",12.79,12.79,12.56,12.56,-0.38,-2.94%,0
"2023-12-21 16:01",12.55,12.55,12.46,12.46,-0.1,-0.80%,0
"2023-12-21 16:02",12.45,12.45,12.4,12.4,-0.06,-0.48%,0
"2023-12-21 16:03",12.37,12.51,12.37,12.51,0.11,+0.89%,0
"2023-12-21 16:04",12.46,12.46,12.37,12.37,-0.14,-1.12%,0
"2023-12-21 16:05",12.32,12.32,12.24,12.24,-0.13,-1.05%,0
"2023-12-21 16:06",12.22,12.22,12.08,12.08,-0.16,-1.31%,0
"2023-12-21 16:07",12.07,12.13,12.07,12.13,0.05,+0.41%,0
"2023-12-21 16:08",12.12,12.22,12.12,12.2,0.07,+0.58%,0
"2023-12-21 16:09",12.21,12.24,12.19,12.24,0.04,+0.33%,0
"2023-12-21 16:10",12.24,12.28,12.24,12.28,0.04,+0.33%,0
"2023-12-21 16:11",12.29,12.29,12.26,12.27,-0.01,-0.08%,0
"2023-12-21 16:12",12.27,12.32,12.27,12.32,0.05,+0.41%,0
"2023-12-21 16:13",12.33,12.34,12.29,12.34,0.02,+0.16%,0
"2023-12-21 16:14",12.33,12.38,12.33,12.37,0.03,+0.24%,0
"2023-12-21 16:15",12.37,12.37,12.37,12.37,0,0.00%,0
"2023-12-22 09:31",9.49,9.49,9.36,9.36,-3.01,-24.33%,0
"2023-12-22 09:32",9.32,9.34,9.31,9.31,-0.05,-0.53%,0
"2023-12-22 09:33",9.22,9.22,9.16,9.16,-0.15,-1.61%,0
"2023-12-22 09:34",9.14,9.18,9.14,9.18,0.02,+0.22%,0
"2023-12-22 09:35",9.12,9.13,9.05,9.05,-0.13,-1.42%,0
"2023-12-22 09:36",9.02,9.12,9.02,9.12,0.07,+0.77%,0
"2023-12-22 09:37",9.1,9.18,9.1,9.17,0.05,+0.55%,0
"2023-12-22 09:38",9.17,9.21,9.17,9.21,0.04,+0.44%,0
"2023-12-22 09:39",9.22,9.22,9.16,9.19,-0.02,-0.22%,0
"2023-12-22 09:40",9.17,9.22,9.17,9.2,0.01,+0.11%,0
"2023-12-22 09:41",9.23,9.29,9.23,9.29,0.09,+0.98%,0
"2023-12-22 09:42",9.29,9.29,9.26,9.26,-0.03,-0.32%,0
"2023-12-22 09:43",9.26,9.28,9.25,9.25,-0.01,-0.11%,0
"2023-12-22 09:44",9.22,9.3,9.22,9.3,0.05,+0.54%,0
"2023-12-22 09:45",9.29,9.35,9.29,9.32,0.02,+0.22%,0
"2023-12-22 09:46",9.37,9.37,9.32,9.32,0,0.00%,0
"2023-12-22 09:47",9.31,9.32,9.29,9.29,-0.03,-0.32%,0
"2023-12-22 09:48",9.29,9.33,9.29,9.33,0.04,+0.43%,0
"2023-12-22 09:49",9.31,9.34,9.31,9.34,0.01,+0.11%,0
"2023-12-22 09:50",9.35,9.38,9.34,9.38,0.04,+0.43%,0
"2023-12-22 09:51",9.4,9.44,9.4,9.43,0.05,+0.53%,0
"2023-12-22 09:52",9.4,9.44,9.4,9.41,-0.02,-0.21%,0
"2023-12-22 09:53",9.42,9.45,9.42,9.44,0.03,+0.32%,0
"2023-12-22 09:54",9.45,9.49,9.45,9.49,0.05,+0.53%,0
"2023-12-22 09:55",9.45,9.46,9.42,9.46,-0.03,-0.32%,0
"2023-12-22 09:56",9.44,9.49,9.44,9.44,-0.02,-0.21%,0
"2023-12-22 09:57",9.34,9.34,9.27,9.27,-0.17,-1.80%,0
"2023-12-22 09:58",9.32,9.34,9.32,9.32,0.05,+0.54%,0
"2023-12-22 09:59",9.3,9.3,9.26,9.28,-0.04,-0.43%,0
"2023-12-22 10:00",9.27,9.27,9.13,9.13,-0.15,-1.62%,0
"2023-12-22 10:01",9.11,9.11,8.91,8.91,-0.22,-2.41%,0
"2023-12-22 10:02",8.98,9.08,8.98,9.08,0.17,+1.91%,0
"2023-12-22 10:03",9.1,9.13,9.1,9.12,0.04,+0.44%,0
"2023-12-22 10:04",9.12,9.13,9.12,9.12,0,0.00%,0
"2023-12-22 10:05",9.12,9.16,9.12,9.15,0.03,+0.33%,0
"2023-12-22 10:06",9.09,9.09,8.99,8.99,-0.16,-1.75%,0
"2023-12-22 10:07",9.02,9.08,9.02,9.08,0.09,+1.00%,0
"2023-12-22 10:08",9.08,9.12,9.08,9.11,0.03,+0.33%,0
"2023-12-22 10:09",9.11,9.11,9.03,9.03,-0.08,-0.88%,0
"2023-12-22 10:10",9.04,9.06,9.03,9.04,0.01,+0.11%,0
"2023-12-22 10:11",9.06,9.13,9.06,9.13,0.09,+1.00%,0
"2023-12-22 10:12",9.12,9.15,9.12,9.12,-0.01,-0.11%,0
"2023-12-22 10:13",9.13,9.14,9.13,9.13,0.01,+0.11%,0
"2023-12-22 10:14",9.03,9.04,8.97,8.97,-0.16,-1.75%,0
"2023-12-22 10:15",9,9,8.96,8.96,-0.01,-0.11%,0
"2023-12-22 10:16",8.97,9,8.97,8.97,0.01,+0.11%,0
"2023-12-22 10:17",8.97,9,8.97,8.98,0.01,+0.11%,0
"2023-12-22 10:18",8.96,8.99,8.96,8.99,0.01,+0.11%,0
"2023-12-22 10:19",8.96,8.97,8.96,8.96,-0.03,-0.33%,0
"2023-12-22 10:20",8.96,9,8.96,8.97,0.01,+0.11%,0
"2023-12-22 10:21",8.98,9.02,8.98,9.01,0.04,+0.45%,0
"2023-12-22 10:22",9.01,9.04,9.01,9.02,0.01,+0.11%,0
"2023-12-22 10:23",9,9.01,8.98,8.98,-0.04,-0.44%,0
"2023-12-22 10:24",8.98,9.02,8.98,9.01,0.03,+0.33%,0
"2023-12-22 10:25",9,9.01,9,9,-0.01,-0.11%,0
"2023-12-22 10:26",9,9.03,9,9.02,0.02,+0.22%,0
"2023-12-22 10:27",9.01,9.02,9.01,9.02,0,0.00%,0
"2023-12-22 10:28",9.03,9.03,9.01,9.01,-0.01,-0.11%,0
"2023-12-22 10:29",9.01,9.02,9,9,-0.01,-0.11%,0
"2023-12-22 10:30",9.01,9.03,9.01,9.03,0.03,+0.33%,0
"2023-12-22 10:31",9.01,9.01,8.98,8.98,-0.05,-0.55%,0
"2023-12-22 10:32",8.97,8.99,8.97,8.98,0,0.00%,0
"2023-12-22 10:33",8.98,8.99,8.96,8.96,-0.02,-0.22%,0
"2023-12-22 10:34",8.97,8.97,8.96,8.96,0,0.00%,0
"2023-12-22 10:35",8.95,8.95,8.95,8.95,-0.01,-0.11%,0
"2023-12-22 10:36",8.9,8.95,8.9,8.95,0,0.00%,0
"2023-12-22 10:37",8.97,9,8.92,8.92,-0.03,-0.34%,0
"2023-12-22 10:38",8.88,8.88,8.82,8.83,-0.09,-1.01%,0
"2023-12-22 10:39",8.87,8.91,8.87,8.91,0.08,+0.91%,0
"2023-12-22 10:40",8.91,8.93,8.89,8.9,-0.01,-0.11%,0
"2023-12-22 10:41",8.9,8.95,8.9,8.95,0.05,+0.56%,0
"2023-12-22 10:42",8.94,8.95,8.91,8.91,-0.04,-0.45%,0
"2023-12-22 10:43",8.92,8.95,8.92,8.95,0.04,+0.45%,0
"2023-12-22 10:44",8.95,8.97,8.95,8.96,0.01,+0.11%,0
"2023-12-22 10:45",8.96,8.96,8.94,8.94,-0.02,-0.22%,0
"2023-12-22 10:46",8.94,8.96,8.94,8.96,0.02,+0.22%,0
"2023-12-22 10:47",8.94,9,8.94,9,0.04,+0.45%,0
"2023-12-22 10:48",8.99,9.02,8.99,9.01,0.01,+0.11%,0
"2023-12-22 10:49",9.02,9.04,8.98,8.98,-0.03,-0.33%,0
"2023-12-22 10:50",8.96,9.01,8.94,8.94,-0.04,-0.45%,0
"2023-12-22 10:51",8.94,8.97,8.94,8.96,0.02,+0.22%,0
"2023-12-22 10:52",8.96,9,8.96,8.98,0.02,+0.22%,0
"2023-12-22 10:53",8.95,8.99,8.95,8.99,0.01,+0.11%,0
"2023-12-22 10:54",8.98,9.01,8.98,9.01,0.02,+0.22%,0
"2023-12-22 10:55",9,9.02,9,9.01,0,0.00%,0
"2023-12-22 10:56",9,9.01,8.97,9.01,0,0.00%,0
"2023-12-22 10:57",9.02,9.11,9.02,9.09,0.08,+0.89%,0
"2023-12-22 10:58",9.08,9.08,9.08,9.08,-0.01,-0.11%,0
"2023-12-22 10:59",9.1,9.2,9.1,9.17,0.09,+0.99%,0
"2023-12-22 11:00",9.21,9.6,9.21,9.6,0.43,+4.69%,0
"2023-12-22 11:01",9.5,9.5,9.48,9.5,-0.1,-1.04%,0
"2023-12-22 11:02",9.51,9.52,9.33,9.33,-0.17,-1.79%,0
"2023-12-22 11:03",9.33,9.36,9.33,9.36,0.03,+0.32%,0
"2023-12-22 11:04",9.4,9.44,9.4,9.44,0.08,+0.85%,0
"2023-12-22 11:05",9.54,9.73,9.54,9.73,0.29,+3.07%,0
"2023-12-22 11:06",9.74,9.8,9.71,9.71,-0.02,-0.21%,0
"2023-12-22 11:07",9.61,9.72,9.61,9.72,0.01,+0.10%,0
"2023-12-22 11:08",9.65,9.65,9.6,9.61,-0.11,-1.13%,0
"2023-12-22 11:09",9.63,9.66,9.63,9.63,0.02,+0.21%,0
"2023-12-22 11:10",9.58,9.6,9.58,9.58,-0.05,-0.52%,0
"2023-12-22 11:11",9.61,9.61,9.53,9.53,-0.05,-0.52%,0
"2023-12-22 11:12",9.54,9.55,9.49,9.49,-0.04,-0.42%,0
"2023-12-22 11:13",9.43,9.46,9.43,9.44,-0.05,-0.53%,0
"2023-12-22 11:14",9.46,9.5,9.46,9.46,0.02,+0.21%,0
"2023-12-22 11:15",9.45,9.46,9.42,9.42,-0.04,-0.42%,0
"2023-12-22 11:16",9.45,9.5,9.45,9.49,0.07,+0.74%,0
"2023-12-22 11:17",9.48,9.51,9.48,9.51,0.02,+0.21%,0
"2023-12-22 11:18",9.52,9.52,9.48,9.48,-0.03,-0.32%,0
"2023-12-22 11:19",9.49,9.52,9.49,9.52,0.04,+0.42%,0
"2023-12-22 11:20",9.52,9.52,9.44,9.44,-0.08,-0.84%,0
"2023-12-22 11:21",9.43,9.43,9.33,9.33,-0.11,-1.17%,0
"2023-12-22 11:22",9.32,9.32,9.27,9.27,-0.06,-0.64%,0
"2023-12-22 11:23",9.27,9.38,9.27,9.38,0.11,+1.19%,0
"2023-12-22 11:24",9.38,9.38,9.37,9.38,0,0.00%,0
"2023-12-22 11:25",9.37,9.42,9.37,9.4,0.02,+0.21%,0
"2023-12-22 11:26",9.38,9.42,9.38,9.41,0.01,+0.11%,0
"2023-12-22 11:27",9.41,9.41,9.38,9.38,-0.03,-0.32%,0
"2023-12-22 11:28",9.37,9.38,9.36,9.36,-0.02,-0.21%,0
"2023-12-22 11:29",9.36,9.4,9.36,9.4,0.04,+0.43%,0
"2023-12-22 11:30",9.4,9.4,9.32,9.32,-0.08,-0.85%,0
"2023-12-22 11:31",9.32,9.32,9.29,9.29,-0.03,-0.32%,0
"2023-12-22 11:32",9.27,9.27,9.25,9.26,-0.03,-0.32%,0
"2023-12-22 11:33",9.23,9.25,9.23,9.23,-0.03,-0.32%,0
"2023-12-22 11:34",9.22,9.23,9.21,9.21,-0.02,-0.22%,0
"2023-12-22 11:35",9.24,9.28,9.22,9.28,0.07,+0.76%,0
"2023-12-22 11:36",9.27,9.31,9.27,9.29,0.01,+0.11%,0
"2023-12-22 11:37",9.29,9.3,9.29,9.29,0,0.00%,0
"2023-12-22 11:38",9.29,9.33,9.29,9.33,0.04,+0.43%,0
"2023-12-22 11:39",9.33,9.35,9.33,9.34,0.01,+0.11%,0
"2023-12-22 11:40",9.32,9.35,9.32,9.35,0.01,+0.11%,0
"2023-12-22 11:41",9.34,9.35,9.29,9.3,-0.05,-0.53%,0
"2023-12-22 11:42",9.33,9.34,9.32,9.32,0.02,+0.22%,0
"2023-12-22 11:43",9.32,9.34,9.32,9.34,0.02,+0.21%,0
"2023-12-22 11:44",9.34,9.34,9.31,9.31,-0.03,-0.32%,0
"2023-12-22 11:45",9.29,9.33,9.29,9.33,0.02,+0.21%,0
"2023-12-22 11:46",9.33,9.33,9.32,9.33,0,0.00%,0
"2023-12-22 11:47",9.26,9.26,9.21,9.21,-0.12,-1.29%,0
"2023-12-22 11:48",9.18,9.22,9.18,9.22,0.01,+0.11%,0
"2023-12-22 11:49",9.23,9.25,9.23,9.25,0.03,+0.33%,0
"2023-12-22 11:50",9.25,9.26,9.25,9.26,0.01,+0.11%,0
"2023-12-22 11:51",9.26,9.27,9.26,9.26,0,0.00%,0
"2023-12-22 11:52",9.24,9.26,9.24,9.26,0,0.00%,0
"2023-12-22 11:53",9.27,9.27,9.2,9.21,-0.05,-0.54%,0
"2023-12-22 11:54",9.21,9.24,9.21,9.21,0,0.00%,0
"2023-12-22 11:55",9.22,9.22,9.09,9.09,-0.12,-1.30%,0
"2023-12-22 11:56",9.06,9.1,9.06,9.1,0.01,+0.11%,0
"2023-12-22 11:57",9.07,9.1,9.07,9.1,0,0.00%,0
"2023-12-22 11:58",9.08,9.13,9.08,9.13,0.03,+0.33%,0
"2023-12-22 11:59",9.13,9.14,9.13,9.13,0,0.00%,0
"2023-12-22 12:00",9.13,9.14,9.12,9.12,-0.01,-0.11%,0
"2023-12-22 12:01",9.1,9.13,9.09,9.13,0.01,+0.11%,0
"2023-12-22 12:02",9.19,9.21,9.16,9.16,0.03,+0.33%,0
"2023-12-22 12:03",9.16,9.17,9.16,9.16,0,0.00%,0
"2023-12-22 12:04",9.14,9.16,9.14,9.16,0,0.00%,0
"2023-12-22 12:05",9.15,9.15,9.15,9.15,-0.01,-0.11%,0
"2023-12-22 12:06",9.13,9.13,9.08,9.08,-0.07,-0.77%,0
"2023-12-22 12:07",9.08,9.19,9.08,9.19,0.11,+1.21%,0
"2023-12-22 12:08",9.23,9.28,9.23,9.28,0.09,+0.98%,0
"2023-12-22 12:09",9.26,9.32,9.26,9.32,0.04,+0.43%,0
"2023-12-22 12:10",9.32,9.41,9.32,9.4,0.08,+0.86%,0
"2023-12-22 12:11",9.38,9.42,9.38,9.42,0.02,+0.21%,0
"2023-12-22 12:12",9.41,9.45,9.41,9.45,0.03,+0.32%,0
"2023-12-22 12:13",9.43,9.48,9.43,9.48,0.03,+0.32%,0
"2023-12-22 12:14",9.5,9.56,9.5,9.55,0.07,+0.74%,0
"2023-12-22 12:15",9.56,9.57,9.54,9.54,-0.01,-0.10%,0
"2023-12-22 12:16",9.51,9.58,9.51,9.58,0.04,+0.42%,0
"2023-12-22 12:17",9.59,9.62,9.59,9.59,0.01,+0.10%,0
"2023-12-22 12:18",9.61,9.67,9.61,9.67,0.08,+0.83%,0
"2023-12-22 12:19",9.66,9.68,9.66,9.68,0.01,+0.10%,0
"2023-12-22 12:20",9.67,9.7,9.67,9.67,-0.01,-0.10%,0
"2023-12-22 12:21",9.68,9.69,9.68,9.69,0.02,+0.21%,0
"2023-12-22 12:22",9.69,9.76,9.69,9.76,0.07,+0.72%,0
"2023-12-22 12:23",9.75,9.75,9.73,9.74,-0.02,-0.20%,0
"2023-12-22 12:24",9.72,9.76,9.72,9.76,0.02,+0.21%,0
"2023-12-22 12:25",9.76,9.76,9.76,9.76,0,0.00%,0
"2023-12-22 12:26",9.71,9.74,9.68,9.68,-0.08,-0.82%,0
"2023-12-22 12:27",9.67,9.68,9.65,9.65,-0.03,-0.31%,0
"2023-12-22 12:28",9.64,9.66,9.6,9.62,-0.03,-0.31%,0
"2023-12-22 12:29",9.6,9.6,9.59,9.59,-0.03,-0.31%,0
"2023-12-22 12:30",9.61,9.62,9.58,9.58,-0.01,-0.10%,0
"2023-12-22 12:31",9.54,9.56,9.54,9.56,-0.02,-0.21%,0
"2023-12-22 12:32",9.58,9.6,9.58,9.59,0.03,+0.31%,0
"2023-12-22 12:33",9.61,9.61,9.59,9.59,0,0.00%,0
"2023-12-22 12:34",9.61,9.63,9.61,9.62,0.03,+0.31%,0
"2023-12-22 12:35",9.64,9.64,9.63,9.63,0.01,+0.10%,0
"2023-12-22 12:36",9.63,9.63,9.56,9.56,-0.07,-0.73%,0
"2023-12-22 12:37",9.53,9.56,9.53,9.55,-0.01,-0.10%,0
"2023-12-22 12:38",9.56,9.58,9.56,9.57,0.02,+0.21%,0
"2023-12-22 12:39",9.57,9.6,9.57,9.59,0.02,+0.21%,0
"2023-12-22 12:40",9.59,9.62,9.59,9.61,0.02,+0.21%,0
"2023-12-22 12:41",9.61,9.62,9.59,9.62,0.01,+0.10%,0
"2023-12-22 12:42",9.61,9.62,9.61,9.61,-0.01,-0.10%,0
"2023-12-22 12:43",9.59,9.59,9.55,9.55,-0.06,-0.62%,0
"2023-12-22 12:44",9.54,9.56,9.54,9.54,-0.01,-0.10%,0
"2023-12-22 12:45",9.55,9.57,9.55,9.56,0.02,+0.21%,0
"2023-12-22 12:46",9.58,9.64,9.58,9.64,0.08,+0.84%,0
"2023-12-22 12:47",9.63,9.64,9.61,9.61,-0.03,-0.31%,0
"2023-12-22 12:48",9.61,9.65,9.61,9.65,0.04,+0.42%,0
"2023-12-22 12:49",9.64,9.65,9.63,9.65,0,0.00%,0
"2023-12-22 12:50",9.64,9.66,9.64,9.65,0,0.00%,0
"2023-12-22 12:51",9.66,9.66,9.66,9.66,0.01,+0.10%,0
"2023-12-22 12:52",9.67,9.69,9.66,9.68,0.02,+0.21%,0
"2023-12-22 12:53",9.69,9.71,9.69,9.71,0.03,+0.31%,0
"2023-12-22 12:54",9.71,9.73,9.71,9.72,0.01,+0.10%,0
"2023-12-22 12:55",9.72,9.76,9.72,9.76,0.04,+0.41%,0
"2023-12-22 12:56",9.77,9.8,9.77,9.8,0.04,+0.41%,0
"2023-12-22 12:57",9.8,9.82,9.8,9.82,0.02,+0.20%,0
"2023-12-22 12:58",9.81,9.81,9.81,9.81,-0.01,-0.10%,0
"2023-12-22 12:59",9.79,9.8,9.79,9.8,-0.01,-0.10%,0
"2023-12-22 13:00",9.83,9.84,9.83,9.84,0.04,+0.41%,0
"2023-12-22 13:01",9.86,9.87,9.85,9.85,0.01,+0.10%,0
"2023-12-22 13:02",9.85,9.85,9.83,9.83,-0.02,-0.20%,0
"2023-12-22 13:03",9.84,9.86,9.84,9.86,0.03,+0.31%,0
"2023-12-22 13:04",9.86,9.87,9.86,9.87,0.01,+0.10%,0
"2023-12-22 13:05",9.87,9.88,9.87,9.87,0,0.00%,0
"2023-12-22 13:06",9.88,9.9,9.88,9.89,0.02,+0.20%,0
"2023-12-22 13:07",9.89,9.89,9.86,9.86,-0.03,-0.30%,0
"2023-12-22 13:08",9.88,9.88,9.86,9.86,0,0.00%,0
"2023-12-22 13:09",9.87,9.89,9.86,9.86,0,0.00%,0
"2023-12-22 13:10",9.85,9.88,9.85,9.88,0.02,+0.20%,0
"2023-12-22 13:11",9.88,9.89,9.88,9.88,0,0.00%,0
"2023-12-22 13:12",9.89,9.91,9.89,9.9,0.02,+0.20%,0
"2023-12-22 13:13",9.93,9.94,9.92,9.92,0.02,+0.20%,0
"2023-12-22 13:14",9.92,9.96,9.92,9.96,0.04,+0.40%,0
"2023-12-22 13:15",9.96,9.97,9.96,9.97,0.01,+0.10%,0
"2023-12-22 13:16",9.97,9.97,9.96,9.96,-0.01,-0.10%,0
"2023-12-22 13:17",9.97,9.98,9.94,9.94,-0.02,-0.20%,0
"2023-12-22 13:18",9.95,9.99,9.95,9.99,0.05,+0.50%,0
"2023-12-22 13:19",10.02,10.04,10.02,10.02,0.03,+0.30%,0
"2023-12-22 13:20",10.03,10.04,10.03,10.03,0.01,+0.10%,0
"2023-12-22 13:21",10.03,10.06,10.03,10.05,0.02,+0.20%,0
"2023-12-22 13:22",10.05,10.06,10.01,10.01,-0.04,-0.40%,0
"2023-12-22 13:23",10.01,10.03,10.01,10.02,0.01,+0.10%,0
"2023-12-22 13:24",10.02,10.04,10.02,10.04,0.02,+0.20%,0
"2023-12-22 13:25",10.04,10.05,10.04,10.05,0.01,+0.10%,0
"2023-12-22 13:26",10.05,10.06,10.05,10.06,0.01,+0.10%,0
"2023-12-22 13:27",10.06,10.07,10.05,10.05,-0.01,-0.10%,0
"2023-12-22 13:28",10.04,10.06,10.04,10.05,0,0.00%,0
"2023-12-22 13:29",10.04,10.06,10.04,10.04,-0.01,-0.10%,0
"2023-12-22 13:30",10.05,10.06,10.05,10.05,0.01,+0.10%,0
"2023-12-22 13:31",10.04,10.05,10.04,10.04,-0.01,-0.10%,0
"2023-12-22 13:32",10.03,10.04,10,10,-0.04,-0.40%,0
"2023-12-22 13:33",10,10.03,10,10.02,0.02,+0.20%,0
"2023-12-22 13:34",10.01,10.03,10.01,10.03,0.01,+0.10%,0
"2023-12-22 13:35",10.02,10.03,10.02,10.02,-0.01,-0.10%,0
"2023-12-22 13:36",10.02,10.02,10.01,10.01,-0.01,-0.10%,0
"2023-12-22 13:37",10.01,10.03,10.01,10.01,0,0.00%,0
"2023-12-22 13:38",10.03,10.03,10.02,10.02,0.01,+0.10%,0
"2023-12-22 13:39",10.02,10.04,10.02,10.04,0.02,+0.20%,0
"2023-12-22 13:40",10.03,10.06,10.03,10.06,0.02,+0.20%,0
"2023-12-22 13:41",10.07,10.07,10.06,10.06,0,0.00%,0
"2023-12-22 13:42",10.07,10.07,10.03,10.06,0,0.00%,0
"2023-12-22 13:43",10.04,10.05,10.04,10.05,-0.01,-0.10%,0
"2023-12-22 13:44",10.02,10.04,10.02,10.04,-0.01,-0.10%,0
"2023-12-22 13:45",10.04,10.07,10.04,10.06,0.02,+0.20%,0
"2023-12-22 13:46",10.06,10.07,10.06,10.07,0.01,+0.10%,0
"2023-12-22 13:47",10.06,10.07,10.06,10.07,0,0.00%,0
"2023-12-22 13:48",10.07,10.08,10.07,10.07,0,0.00%,0
"2023-12-22 13:49",10.07,10.09,10.07,10.08,0.01,+0.10%,0
"2023-12-22 13:50",10.08,10.08,10.08,10.08,0,0.00%,0
"2023-12-22 13:51",10.08,10.09,10.08,10.09,0.01,+0.10%,0
"2023-12-22 13:52",10.08,10.11,10.08,10.11,0.02,+0.20%,0
"2023-12-22 13:53",10.11,10.11,10.11,10.11,0,0.00%,0
"2023-12-22 13:54",10.12,10.14,10.12,10.14,0.03,+0.30%,0
"2023-12-22 13:55",10.14,10.15,10.14,10.14,0,0.00%,0
"2023-12-22 13:56",10.14,10.14,10.13,10.13,-0.01,-0.10%,0
"2023-12-22 13:57",10.13,10.15,10.13,10.15,0.02,+0.20%,0
"2023-12-22 13:58",10.15,10.18,10.15,10.17,0.02,+0.20%,0
"2023-12-22 13:59",10.17,10.17,10.15,10.15,-0.02,-0.20%,0
"2023-12-22 14:00",10.14,10.16,10.13,10.16,0.01,+0.10%,0
"2023-12-22 14:01",10.15,10.15,10.09,10.11,-0.05,-0.49%,0
"2023-12-22 14:02",10.11,10.19,10.11,10.19,0.08,+0.79%,0
"2023-12-22 14:03",10.2,10.24,10.19,10.24,0.05,+0.49%,0
"2023-12-22 14:04",10.26,10.31,10.26,10.3,0.06,+0.59%,0
"2023-12-22 14:05",10.34,11.15,10.34,11.15,0.85,+8.25%,0
"2023-12-22 14:06",11.26,11.26,10.79,10.79,-0.36,-3.23%,0
"2023-12-22 14:07",10.69,10.78,10.69,10.78,-0.01,-0.09%,0
"2023-12-22 14:08",10.82,10.88,10.82,10.87,0.09,+0.83%,0
"2023-12-22 14:09",10.88,11.03,10.88,11.03,0.16,+1.47%,0
"2023-12-22 14:10",11.11,11.13,11.06,11.07,0.04,+0.36%,0
"2023-12-22 14:11",11.11,11.19,11.11,11.19,0.12,+1.08%,0
"2023-12-22 14:12",11.17,11.27,11.17,11.27,0.08,+0.71%,0
"2023-12-22 14:13",11.26,11.26,11.21,11.22,-0.05,-0.44%,0
"2023-12-22 14:14",11.23,11.23,11.16,11.16,-0.06,-0.53%,0
"2023-12-22 14:15",11.11,11.17,11.11,11.15,-0.01,-0.09%,0
"2023-12-22 14:16",11.14,11.16,11.14,11.15,0,0.00%,0
"2023-12-22 14:17",11.28,11.45,11.28,11.45,0.3,+2.69%,0
"2023-12-22 14:18",11.64,12.08,11.64,12.08,0.63,+5.50%,0
"2023-12-22 14:19",11.97,11.97,11.55,11.55,-0.53,-4.39%,0
"2023-12-22 14:20",11.6,11.7,11.6,11.69,0.14,+1.21%,0
"2023-12-22 14:21",11.56,11.61,11.56,11.6,-0.09,-0.77%,0
"2023-12-22 14:22",11.6,11.65,11.6,11.65,0.05,+0.43%,0
"2023-12-22 14:23",11.73,11.83,11.72,11.83,0.18,+1.55%,0
"2023-12-22 14:24",11.92,12.33,11.92,12.33,0.5,+4.23%,0
"2023-12-22 14:25",12.21,12.35,12.15,12.35,0.02,+0.16%,0
"2023-12-22 14:26",12.23,12.29,12.23,12.29,-0.06,-0.49%,0
"2023-12-22 14:27",12.42,12.42,12.34,12.34,0.05,+0.41%,0
"2023-12-22 14:28",12.35,12.35,12.18,12.18,-0.16,-1.30%,0
"2023-12-22 14:29",12.24,12.4,12.24,12.4,0.22,+1.81%,0
"2023-12-22 14:30",12.5,12.7,12.5,12.64,0.24,+1.94%,0
"2023-12-22 14:31",12.58,12.74,12.58,12.74,0.1,+0.79%,0
"2023-12-22 14:32",12.76,12.83,12.61,12.61,-0.13,-1.02%,0
"2023-12-22 14:33",12.59,12.59,12.38,12.38,-0.23,-1.82%,0
"2023-12-22 14:34",12.38,12.38,12.25,12.25,-0.13,-1.05%,0
"2023-12-22 14:35",12.27,12.3,12.25,12.25,0,0.00%,0
"2023-12-22 14:36",12.22,12.22,12.19,12.2,-0.05,-0.41%,0
"2023-12-22 14:37",12.2,12.2,12.04,12.04,-0.16,-1.31%,0
"2023-12-22 14:38",11.98,11.98,11.85,11.85,-0.19,-1.58%,0
"2023-12-22 14:39",11.75,11.78,11.71,11.71,-0.14,-1.18%,0
"2023-12-22 14:40",11.72,11.72,11.71,11.71,0,0.00%,0
"2023-12-22 14:41",11.7,11.7,11.65,11.65,-0.06,-0.51%,0
"2023-12-22 14:42",11.62,11.62,11.5,11.5,-0.15,-1.29%,0
"2023-12-22 14:43",11.45,11.48,11.44,11.48,-0.02,-0.17%,0
"2023-12-22 14:44",11.48,11.49,11.41,11.41,-0.07,-0.61%,0
"2023-12-22 14:45",11.41,11.41,11.31,11.31,-0.1,-0.88%,0
"2023-12-22 14:46",11.27,11.27,11.21,11.21,-0.1,-0.88%,0
"2023-12-22 14:47",11.2,11.27,11.2,11.26,0.05,+0.45%,0
"2023-12-22 14:48",11.26,11.32,11.26,11.32,0.06,+0.53%,0
"2023-12-22 14:49",11.32,11.36,11.32,11.36,0.04,+0.35%,0
"2023-12-22 14:50",11.34,11.34,11.29,11.29,-0.07,-0.62%,0
"2023-12-22 14:51",11.3,11.31,11.25,11.25,-0.04,-0.35%,0
"2023-12-22 14:52",11.25,11.28,11.21,11.21,-0.04,-0.36%,0
"2023-12-22 14:53",11.2,11.27,11.2,11.27,0.06,+0.54%,0
"2023-12-22 14:54",11.26,11.29,11.26,11.28,0.01,+0.09%,0
"2023-12-22 14:55",11.28,11.28,11.24,11.24,-0.04,-0.35%,0
"2023-12-22 14:56",11.22,11.22,11.15,11.15,-0.09,-0.80%,0
"2023-12-22 14:57",11.17,11.2,11.17,11.19,0.04,+0.36%,0
"2023-12-22 14:58",11.18,11.18,11.04,11.04,-0.15,-1.34%,0
"2023-12-22 14:59",11.06,11.06,10.92,10.92,-0.12,-1.09%,0
"2023-12-22 15:00",10.92,10.97,10.9,10.97,0.05,+0.46%,0
"2023-12-22 15:01",10.95,11,10.95,10.98,0.01,+0.09%,0
"2023-12-22 15:02",11.01,11.03,11,11,0.02,+0.18%,0
"2023-12-22 15:03",11.03,11.08,11.03,11.08,0.08,+0.73%,0
"2023-12-22 15:04",11.11,11.11,11.03,11.04,-0.04,-0.36%,0
"2023-12-22 15:05",11.05,11.08,11.05,11.08,0.04,+0.36%,0
"2023-12-22 15:06",11.08,11.13,11.08,11.13,0.05,+0.45%,0
"2023-12-22 15:07",11.14,11.19,11.14,11.19,0.06,+0.54%,0
"2023-12-22 15:08",11.2,11.2,11.17,11.19,0,0.00%,0
"2023-12-22 15:09",11.19,11.21,11.16,11.16,-0.03,-0.27%,0
"2023-12-22 15:10",11.17,11.17,11.15,11.16,0,0.00%,0
"2023-12-22 15:11",11.15,11.15,11.15,11.15,-0.01,-0.09%,0
"2023-12-22 15:12",11.13,11.18,11.13,11.16,0.01,+0.09%,0
"2023-12-22 15:13",11.15,11.17,11.14,11.14,-0.02,-0.18%,0
"2023-12-22 15:14",11.08,11.08,11.01,11.01,-0.13,-1.17%,0
"2023-12-22 15:15",11,11.04,11,11,-0.01,-0.09%,0
"2023-12-22 15:16",10.99,11,10.96,10.96,-0.04,-0.36%,0
"2023-12-22 15:17",10.95,10.95,10.93,10.93,-0.03,-0.27%,0
"2023-12-22 15:18",10.93,10.95,10.91,10.94,0.01,+0.09%,0
"2023-12-22 15:19",10.92,10.93,10.92,10.93,-0.01,-0.09%,0
"2023-12-22 15:20",10.9,10.94,10.9,10.94,0.01,+0.09%,0
"2023-12-22 15:21",10.95,10.97,10.95,10.97,0.03,+0.27%,0
"2023-12-22 15:22",10.99,11.02,10.99,10.99,0.02,+0.18%,0
"2023-12-22 15:23",11,11.05,11,11.03,0.04,+0.36%,0
"2023-12-22 15:24",11.03,11.03,10.99,11.01,-0.02,-0.18%,0
"2023-12-22 15:25",11,11.01,10.96,10.96,-0.05,-0.45%,0
"2023-12-22 15:26",10.96,10.96,10.77,10.77,-0.19,-1.73%,0
"2023-12-22 15:27",10.87,10.92,10.87,10.92,0.15,+1.39%,0
"2023-12-22 15:28",10.9,10.92,10.89,10.92,0,0.00%,0
"2023-12-22 15:29",10.91,10.93,10.91,10.92,0,0.00%,0
"2023-12-22 15:30",10.9,10.9,10.88,10.89,-0.03,-0.27%,0
"2023-12-22 15:31",10.86,10.87,10.86,10.87,-0.02,-0.18%,0
"2023-12-22 15:32",10.85,10.85,10.81,10.81,-0.06,-0.55%,0
"2023-12-22 15:33",10.79,10.86,10.79,10.86,0.05,+0.46%,0
"2023-12-22 15:34",10.88,10.92,10.88,10.9,0.04,+0.37%,0
"2023-12-22 15:35",10.91,10.97,10.91,10.97,0.07,+0.64%,0
"2023-12-22 15:36",10.97,10.98,10.96,10.96,-0.01,-0.09%,0
"2023-12-22 15:37",10.92,10.92,10.9,10.9,-0.06,-0.55%,0
"2023-12-22 15:38",10.9,10.92,10.9,10.91,0.01,+0.09%,0
"2023-12-22 15:39",10.96,10.96,10.95,10.96,0.05,+0.46%,0
"2023-12-22 15:40",10.98,11.27,10.98,11.27,0.31,+2.83%,0
"2023-12-22 15:41",11.26,11.27,11.2,11.2,-0.07,-0.62%,0
"2023-12-22 15:42",11.18,11.21,11.18,11.2,0,0.00%,0
"2023-12-22 15:43",11.22,11.22,11.2,11.21,0.01,+0.09%,0
"2023-12-22 15:44",11.11,11.11,11.03,11.03,-0.18,-1.61%,0
"2023-12-22 15:45",10.98,10.98,10.9,10.92,-0.11,-1.00%,0
"2023-12-22 15:46",10.9,10.96,10.9,10.95,0.03,+0.27%,0
"2023-12-22 15:47",10.97,10.99,10.95,10.95,0,0.00%,0
"2023-12-22 15:48",10.95,10.99,10.95,10.99,0.04,+0.37%,0
"2023-12-22 15:49",11.02,11.02,10.97,11,0.01,+0.09%,0
"2023-12-22 15:50",10.96,10.97,10.87,10.88,-0.12,-1.09%,0
"2023-12-22 15:51",10.8,10.81,10.79,10.79,-0.09,-0.83%,0
"2023-12-22 15:52",10.78,10.78,10.76,10.76,-0.03,-0.28%,0
"2023-12-22 15:53",10.88,10.92,10.88,10.9,0.14,+1.30%,0
"2023-12-22 15:54",10.9,10.92,10.9,10.91,0.01,+0.09%,0
"2023-12-22 15:55",10.9,10.9,10.72,10.73,-0.18,-1.65%,0
"2023-12-22 15:56",10.91,10.91,10.71,10.71,-0.02,-0.19%,0
"2023-12-22 15:57",10.71,10.76,10.71,10.76,0.05,+0.47%,0
"2023-12-22 15:58",10.81,10.82,10.74,10.74,-0.02,-0.19%,0
"2023-12-22 15:59",10.74,10.82,10.67,10.82,0.08,+0.74%,0
"2023-12-22 16:00",10.37,10.37,10.14,10.14,-0.68,-6.28%,0
"2023-12-22 16:01",10.12,10.12,9.98,9.98,-0.16,-1.58%,0
"2023-12-22 16:02",9.98,9.98,9.95,9.95,-0.03,-0.30%,0
"2023-12-22 16:03",9.93,9.93,9.88,9.89,-0.06,-0.60%,0
"2023-12-22 16:04",9.89,9.92,9.88,9.92,0.03,+0.30%,0
"2023-12-22 16:05",9.92,9.92,9.87,9.87,-0.05,-0.50%,0
"2023-12-22 16:06",9.9,10.01,9.9,10.01,0.14,+1.42%,0
"2023-12-22 16:07",10.04,10.08,10.04,10.05,0.04,+0.40%,0
"2023-12-22 16:08",10.06,10.38,10.06,10.38,0.33,+3.28%,0
"2023-12-22 16:09",10.39,10.42,10.39,10.41,0.03,+0.29%,0
"2023-12-22 16:10",10.4,10.44,10.4,10.4,-0.01,-0.10%,0
"2023-12-22 16:11",10.37,10.4,10.37,10.39,-0.01,-0.10%,0
"2023-12-22 16:12",10.42,10.44,10.19,10.19,-0.2,-1.92%,0
"2023-12-22 16:13",10.19,10.19,10.18,10.19,0,0.00%,0
"2023-12-22 16:14",10.14,10.14,10.06,10.06,-0.13,-1.28%,0
"2023-12-22 16:15",10.02,10.02,10.02,10.02,-0.04,-0.40%,0
"2023-12-26 09:31",7.44,7.46,7.44,7.45,-2.57,-25.65%,0
"2023-12-26 09:32",7.42,7.42,7.41,7.41,-0.04,-0.54%,0
"2023-12-26 09:33",7.34,7.34,7.23,7.23,-0.18,-2.43%,0
"2023-12-26 09:34",7.2,7.2,7.17,7.19,-0.04,-0.55%,0
"2023-12-26 09:35",7.16,7.17,7.12,7.15,-0.04,-0.56%,0
"2023-12-26 09:36",7.16,7.18,7.16,7.16,0.01,+0.14%,0
"2023-12-26 09:37",7.16,7.18,7.15,7.15,-0.01,-0.14%,0
"2023-12-26 09:38",7.12,7.15,7.12,7.13,-0.02,-0.28%,0
"2023-12-26 09:39",7.11,7.11,7.06,7.06,-0.07,-0.98%,0
"2023-12-26 09:40",7.08,7.1,7.06,7.1,0.04,+0.57%,0
"2023-12-26 09:41",7.05,7.09,7.05,7.06,-0.04,-0.56%,0
"2023-12-26 09:42",7.1,7.1,7,7,-0.06,-0.85%,0
"2023-12-26 09:43",7.01,7.05,7,7.05,0.05,+0.71%,0
"2023-12-26 09:44",7.04,7.09,7.04,7.07,0.02,+0.28%,0
"2023-12-26 09:45",7.06,7.06,7.01,7.02,-0.05,-0.71%,0
"2023-12-26 09:46",7.05,7.05,7.01,7.01,-0.01,-0.14%,0
"2023-12-26 09:47",6.99,7.01,6.99,7.01,0,0.00%,0
"2023-12-26 09:48",7.01,7.02,7.01,7.01,0,0.00%,0
"2023-12-26 09:49",7.02,7.07,7.02,7.07,0.06,+0.86%,0
"2023-12-26 09:50",7.05,7.11,7.05,7.11,0.04,+0.57%,0
"2023-12-26 09:51",7.12,7.17,7.12,7.17,0.06,+0.84%,0
"2023-12-26 09:52",7.12,7.12,7.05,7.09,-0.08,-1.12%,0
"2023-12-26 09:53",7.11,7.11,7.08,7.1,0.01,+0.14%,0
"2023-12-26 09:54",7.11,7.16,7.11,7.16,0.06,+0.85%,0
"2023-12-26 09:55",7.17,7.21,7.17,7.21,0.05,+0.70%,0
"2023-12-26 09:56",7.21,7.21,7.18,7.18,-0.03,-0.42%,0
"2023-12-26 09:57",7.17,7.17,7.15,7.15,-0.03,-0.42%,0
"2023-12-26 09:58",7.13,7.15,7.1,7.1,-0.05,-0.70%,0
"2023-12-26 09:59",7.09,7.11,7.08,7.08,-0.02,-0.28%,0
"2023-12-26 10:00",7.07,7.09,7.07,7.09,0.01,+0.14%,0
"2023-12-26 10:01",7.09,7.11,7.09,7.09,0,0.00%,0
"2023-12-26 10:02",7.1,7.14,7.1,7.1,0.01,+0.14%,0
"2023-12-26 10:03",7.11,7.11,7.1,7.1,0,0.00%,0
"2023-12-26 10:04",7.1,7.12,7.1,7.12,0.02,+0.28%,0
"2023-12-26 10:05",7.11,7.15,7.11,7.15,0.03,+0.42%,0
"2023-12-26 10:06",7.13,7.14,7.13,7.14,-0.01,-0.14%,0
"2023-12-26 10:07",7.14,7.14,7.06,7.06,-0.08,-1.12%,0
"2023-12-26 10:08",7.04,7.1,7.04,7.07,0.01,+0.14%,0
"2023-12-26 10:09",7.08,7.14,7.08,7.14,0.07,+0.99%,0
"2023-12-26 10:10",7.08,7.12,7.08,7.12,-0.02,-0.28%,0
"2023-12-26 10:11",7.11,7.15,7.11,7.12,0,0.00%,0
"2023-12-26 10:12",7.12,7.14,7.12,7.13,0.01,+0.14%,0
"2023-12-26 10:13",7.11,7.11,7.08,7.08,-0.05,-0.70%,0
"2023-12-26 10:14",7.08,7.08,7.06,7.08,0,0.00%,0
"2023-12-26 10:15",7.06,7.06,7,7.01,-0.07,-0.99%,0
"2023-12-26 10:16",6.97,7.04,6.97,7.04,0.03,+0.43%,0
"2023-12-26 10:17",7.05,7.05,7.01,7.01,-0.03,-0.43%,0
"2023-12-26 10:18",7.02,7.04,7,7,-0.01,-0.14%,0
"2023-12-26 10:19",7,7.05,7,7.05,0.05,+0.71%,0
"2023-12-26 10:20",7.04,7.04,7.01,7.01,-0.04,-0.57%,0
"2023-12-26 10:21",7,7.04,7,7.04,0.03,+0.43%,0
"2023-12-26 10:22",7.06,7.07,7.06,7.06,0.02,+0.28%,0
"2023-12-26 10:23",7.06,7.08,7.06,7.07,0.01,+0.14%,0
"2023-12-26 10:24",7.08,7.1,7.05,7.05,-0.02,-0.28%,0
"2023-12-26 10:25",7.02,7.02,6.95,6.95,-0.1,-1.42%,0
"2023-12-26 10:26",6.93,6.97,6.93,6.97,0.02,+0.29%,0
"2023-12-26 10:27",6.99,7.03,6.99,7,0.03,+0.43%,0
"2023-12-26 10:28",6.98,7.1,6.98,7.1,0.1,+1.43%,0
"2023-12-26 10:29",7.13,7.13,7.1,7.1,0,0.00%,0
"2023-12-26 10:30",7.09,7.09,7.04,7.06,-0.04,-0.56%,0
"2023-12-26 10:31",7.04,7.06,7.04,7.04,-0.02,-0.28%,0
"2023-12-26 10:32",7.04,7.07,7.04,7.04,0,0.00%,0
"2023-12-26 10:33",7.03,7.07,7.03,7.05,0.01,+0.14%,0
"2023-12-26 10:34",7.06,7.06,7.05,7.05,0,0.00%,0
"2023-12-26 10:35",7.06,7.08,7.06,7.07,0.02,+0.28%,0
"2023-12-26 10:36",7.06,7.07,7.05,7.07,0,0.00%,0
"2023-12-26 10:37",7.07,7.09,7.07,7.07,0,0.00%,0
"2023-12-26 10:38",7.06,7.06,7.04,7.06,-0.01,-0.14%,0
"2023-12-26 10:39",7.06,7.09,7.06,7.07,0.01,+0.14%,0
"2023-12-26 10:40",7.05,7.07,7.05,7.06,-0.01,-0.14%,0
"2023-12-26 10:41",7.04,7.06,7.04,7.06,0,0.00%,0
"2023-12-26 10:42",7.05,7.08,7.04,7.04,-0.02,-0.28%,0
"2023-12-26 10:43",7.06,7.11,7.06,7.09,0.05,+0.71%,0
"2023-12-26 10:44",7.1,7.11,7.1,7.1,0.01,+0.14%,0
"2023-12-26 10:45",7.13,7.13,7.1,7.1,0,0.00%,0
"2023-12-26 10:46",7.1,7.1,7.07,7.07,-0.03,-0.42%,0
"2023-12-26 10:47",7.06,7.1,7.06,7.09,0.02,+0.28%,0
"2023-12-26 10:48",7.1,7.12,7.1,7.12,0.03,+0.42%,0
"2023-12-26 10:49",7.12,7.14,7.12,7.14,0.02,+0.28%,0
"2023-12-26 10:50",7.15,7.17,7.15,7.16,0.02,+0.28%,0
"2023-12-26 10:51",7.18,7.29,7.18,7.29,0.13,+1.82%,0
"2023-12-26 10:52",7.31,7.32,7.28,7.3,0.01,+0.14%,0
"2023-12-26 10:53",7.3,7.33,7.29,7.31,0.01,+0.14%,0
"2023-12-26 10:54",7.26,7.32,7.26,7.31,0,0.00%,0
"2023-12-26 10:55",7.31,7.31,7.27,7.28,-0.03,-0.41%,0
"2023-12-26 10:56",7.28,7.3,7.28,7.28,0,0.00%,0
"2023-12-26 10:57",7.25,7.26,7.22,7.22,-0.06,-0.82%,0
"2023-12-26 10:58",7.23,7.24,7.23,7.23,0.01,+0.14%,0
"2023-12-26 10:59",7.22,7.23,7.22,7.23,0,0.00%,0
"2023-12-26 11:00",7.21,7.27,7.2,7.27,0.04,+0.55%,0
"2023-12-26 11:01",7.27,7.34,7.27,7.34,0.07,+0.96%,0
"2023-12-26 11:02",7.38,7.42,7.38,7.38,0.04,+0.54%,0
"2023-12-26 11:03",7.39,7.41,7.39,7.4,0.02,+0.27%,0
"2023-12-26 11:04",7.4,7.41,7.29,7.29,-0.11,-1.49%,0
"2023-12-26 11:05",7.3,7.3,7.24,7.25,-0.04,-0.55%,0
"2023-12-26 11:06",7.27,7.27,7.24,7.24,-0.01,-0.14%,0
"2023-12-26 11:07",7.25,7.29,7.25,7.29,0.05,+0.69%,0
"2023-12-26 11:08",7.28,7.31,7.28,7.29,0,0.00%,0
"2023-12-26 11:09",7.29,7.3,7.28,7.28,-0.01,-0.14%,0
"2023-12-26 11:10",7.28,7.32,7.28,7.32,0.04,+0.55%,0
"2023-12-26 11:11",7.32,7.33,7.3,7.3,-0.02,-0.27%,0
"2023-12-26 11:12",7.28,7.28,7.19,7.19,-0.11,-1.51%,0
"2023-12-26 11:13",7.19,7.2,7.19,7.19,0,0.00%,0
"2023-12-26 11:14",7.19,7.23,7.19,7.23,0.04,+0.56%,0
"2023-12-26 11:15",7.23,7.26,7.22,7.26,0.03,+0.41%,0
"2023-12-26 11:16",7.27,7.3,7.27,7.3,0.04,+0.55%,0
"2023-12-26 11:17",7.31,7.32,7.3,7.3,0,0.00%,0
"2023-12-26 11:18",7.31,7.45,7.31,7.42,0.12,+1.64%,0
"2023-12-26 11:19",7.44,7.46,7.44,7.44,0.02,+0.27%,0
"2023-12-26 11:20",7.47,7.5,7.47,7.49,0.05,+0.67%,0
"2023-12-26 11:21",7.48,7.49,7.47,7.48,-0.01,-0.13%,0
"2023-12-26 11:22",7.49,7.53,7.49,7.51,0.03,+0.40%,0
"2023-12-26 11:23",7.47,7.52,7.47,7.51,0,0.00%,0
"2023-12-26 11:24",7.52,7.58,7.52,7.57,0.06,+0.80%,0
"2023-12-26 11:25",7.61,7.64,7.6,7.6,0.03,+0.40%,0
"2023-12-26 11:26",7.56,7.59,7.56,7.59,-0.01,-0.13%,0
"2023-12-26 11:27",7.6,7.6,7.6,7.6,0.01,+0.13%,0
"2023-12-26 11:28",7.59,7.62,7.59,7.62,0.02,+0.26%,0
"2023-12-26 11:29",7.61,7.64,7.61,7.61,-0.01,-0.13%,0
"2023-12-26 11:30",7.6,7.6,7.53,7.53,-0.08,-1.05%,0
"2023-12-26 11:31",7.53,7.55,7.53,7.53,0,0.00%,0
"2023-12-26 11:32",7.52,7.54,7.48,7.48,-0.05,-0.66%,0
"2023-12-26 11:33",7.51,7.52,7.5,7.52,0.04,+0.53%,0
"2023-12-26 11:34",7.51,7.53,7.49,7.49,-0.03,-0.40%,0
"2023-12-26 11:35",7.48,7.51,7.48,7.49,0,0.00%,0
"2023-12-26 11:36",7.51,7.51,7.5,7.5,0.01,+0.13%,0
"2023-12-26 11:37",7.5,7.51,7.5,7.51,0.01,+0.13%,0
"2023-12-26 11:38",7.5,7.5,7.44,7.44,-0.07,-0.93%,0
"2023-12-26 11:39",7.44,7.47,7.44,7.47,0.03,+0.40%,0
"2023-12-26 11:40",7.48,7.49,7.48,7.48,0.01,+0.13%,0
"2023-12-26 11:41",7.47,7.47,7.45,7.47,-0.01,-0.13%,0
"2023-12-26 11:42",7.46,7.49,7.46,7.46,-0.01,-0.13%,0
"2023-12-26 11:43",7.48,7.51,7.48,7.51,0.05,+0.67%,0
"2023-12-26 11:44",7.52,7.56,7.52,7.55,0.04,+0.53%,0
"2023-12-26 11:45",7.53,7.53,7.5,7.5,-0.05,-0.66%,0
"2023-12-26 11:46",7.46,7.46,7.4,7.42,-0.08,-1.07%,0
"2023-12-26 11:47",7.42,7.46,7.42,7.45,0.03,+0.40%,0
"2023-12-26 11:48",7.46,7.49,7.46,7.47,0.02,+0.27%,0
"2023-12-26 11:49",7.47,7.49,7.47,7.47,0,0.00%,0
"2023-12-26 11:50",7.49,7.49,7.46,7.46,-0.01,-0.13%,0
"2023-12-26 11:51",7.45,7.45,7.42,7.42,-0.04,-0.54%,0
"2023-12-26 11:52",7.44,7.46,7.44,7.46,0.04,+0.54%,0
"2023-12-26 11:53",7.46,7.49,7.46,7.49,0.03,+0.40%,0
"2023-12-26 11:54",7.55,7.57,7.55,7.56,0.07,+0.93%,0
"2023-12-26 11:55",7.56,7.63,7.56,7.63,0.07,+0.93%,0
"2023-12-26 11:56",7.64,7.66,7.64,7.64,0.01,+0.13%,0
"2023-12-26 11:57",7.65,7.67,7.65,7.67,0.03,+0.39%,0
"2023-12-26 11:58",7.65,7.65,7.58,7.58,-0.09,-1.17%,0
"2023-12-26 11:59",7.54,7.6,7.54,7.59,0.01,+0.13%,0
"2023-12-26 12:00",7.61,7.66,7.61,7.66,0.07,+0.92%,0
"2023-12-26 12:01",7.66,7.67,7.66,7.67,0.01,+0.13%,0
"2023-12-26 12:02",7.64,7.66,7.64,7.66,-0.01,-0.13%,0
"2023-12-26 12:03",7.65,7.66,7.65,7.66,0,0.00%,0
"2023-12-26 12:04",7.66,7.69,7.66,7.67,0.01,+0.13%,0
"2023-12-26 12:05",7.66,7.7,7.66,7.7,0.03,+0.39%,0
"2023-12-26 12:06",7.69,7.71,7.69,7.7,0,0.00%,0
"2023-12-26 12:07",7.71,7.72,7.71,7.71,0.01,+0.13%,0
"2023-12-26 12:08",7.74,7.74,7.71,7.71,0,0.00%,0
"2023-12-26 12:09",7.7,7.74,7.7,7.74,0.03,+0.39%,0
"2023-12-26 12:10",7.73,7.74,7.72,7.72,-0.02,-0.26%,0
"2023-12-26 12:11",7.71,7.74,7.7,7.7,-0.02,-0.26%,0
"2023-12-26 12:12",7.68,7.75,7.68,7.75,0.05,+0.65%,0
"2023-12-26 12:13",7.75,7.79,7.75,7.75,0,0.00%,0
"2023-12-26 12:14",7.75,7.76,7.75,7.75,0,0.00%,0
"2023-12-26 12:15",7.75,7.8,7.75,7.8,0.05,+0.65%,0
"2023-12-26 12:16",7.79,7.79,7.77,7.77,-0.03,-0.38%,0
"2023-12-26 12:17",7.76,7.81,7.76,7.8,0.03,+0.39%,0
"2023-12-26 12:18",7.8,7.83,7.8,7.83,0.03,+0.38%,0
"2023-12-26 12:19",7.85,7.87,7.85,7.86,0.03,+0.38%,0
"2023-12-26 12:20",7.86,7.87,7.86,7.87,0.01,+0.13%,0
"2023-12-26 12:21",7.87,7.87,7.84,7.87,0,0.00%,0
"2023-12-26 12:22",7.88,7.88,7.85,7.85,-0.02,-0.25%,0
"2023-12-26 12:23",7.86,7.91,7.86,7.91,0.06,+0.76%,0
"2023-12-26 12:24",7.88,7.88,7.86,7.86,-0.05,-0.63%,0
"2023-12-26 12:25",7.89,7.91,7.89,7.91,0.05,+0.64%,0
"2023-12-26 12:26",7.91,7.91,7.9,7.91,0,0.00%,0
"2023-12-26 12:27",7.9,7.94,7.9,7.94,0.03,+0.38%,0
"2023-12-26 12:28",7.95,7.98,7.95,7.98,0.04,+0.50%,0
"2023-12-26 12:29",7.98,7.98,7.97,7.98,0,0.00%,0
"2023-12-26 12:30",7.98,7.98,7.96,7.97,-0.01,-0.13%,0
"2023-12-26 12:31",7.97,7.97,7.96,7.96,-0.01,-0.13%,0
"2023-12-26 12:32",7.96,7.97,7.94,7.94,-0.02,-0.25%,0
"2023-12-26 12:33",7.94,8,7.94,8,0.06,+0.76%,0
"2023-12-26 12:34",8.01,8.02,8.01,8.02,0.02,+0.25%,0
"2023-12-26 12:35",8.03,8.03,7.97,8,-0.02,-0.25%,0
"2023-12-26 12:36",7.99,7.99,7.97,7.99,-0.01,-0.13%,0
"2023-12-26 12:37",7.96,8,7.96,7.98,-0.01,-0.13%,0
"2023-12-26 12:38",7.99,8.01,7.99,8.01,0.03,+0.38%,0
"2023-12-26 12:39",7.98,8.02,7.98,8.02,0.01,+0.12%,0
"2023-12-26 12:40",8.02,8.02,8.01,8.01,-0.01,-0.12%,0
"2023-12-26 12:41",8,8.01,7.99,7.99,-0.02,-0.25%,0
"2023-12-26 12:42",8,8.03,8,8.02,0.03,+0.38%,0
"2023-12-26 12:43",8.02,8.04,8.02,8.04,0.02,+0.25%,0
"2023-12-26 12:44",8.03,8.04,8.03,8.03,-0.01,-0.12%,0
"2023-12-26 12:45",8.01,8.02,7.97,7.97,-0.06,-0.75%,0
"2023-12-26 12:46",7.97,7.99,7.97,7.99,0.02,+0.25%,0
"2023-12-26 12:47",7.99,8.01,7.99,8,0.01,+0.13%,0
"2023-12-26 12:48",7.99,8.02,7.99,8.02,0.02,+0.25%,0
"2023-12-26 12:49",8.02,8.03,7.93,7.96,-0.06,-0.75%,0
"2023-12-26 12:50",7.97,8.02,7.97,8.02,0.06,+0.75%,0
"2023-12-26 12:51",8.03,8.05,8.03,8.05,0.03,+0.37%,0
"2023-12-26 12:52",8.03,8.05,8.03,8.04,-0.01,-0.12%,0
"2023-12-26 12:53",8.05,8.08,8.05,8.07,0.03,+0.37%,0
"2023-12-26 12:54",8.07,8.15,8.07,8.15,0.08,+0.99%,0
"2023-12-26 12:55",8.15,8.18,8.15,8.18,0.03,+0.37%,0
"2023-12-26 12:56",8.18,8.22,8.18,8.2,0.02,+0.24%,0
"2023-12-26 12:57",8.19,8.21,8.18,8.18,-0.02,-0.24%,0
"2023-12-26 12:58",8.21,8.25,8.21,8.25,0.07,+0.86%,0
"2023-12-26 12:59",8.25,8.26,8.25,8.25,0,0.00%,0
"2023-12-26 13:00",8.25,8.26,8.25,8.25,0,0.00%,0
"2023-12-26 13:01",8.22,8.24,8.22,8.22,-0.03,-0.36%,0
"2023-12-26 13:02",8.22,8.22,8.21,8.21,-0.01,-0.12%,0
"2023-12-26 13:03",8.2,8.25,8.2,8.25,0.04,+0.49%,0
"2023-12-26 13:04",8.23,8.26,8.23,8.24,-0.01,-0.12%,0
"2023-12-26 13:05",8.24,8.27,8.24,8.25,0.01,+0.12%,0
"2023-12-26 13:06",8.25,8.26,8.25,8.25,0,0.00%,0
"2023-12-26 13:07",8.26,8.28,8.24,8.24,-0.01,-0.12%,0
"2023-12-26 13:08",8.26,8.27,8.26,8.26,0.02,+0.24%,0
"2023-12-26 13:09",8.25,8.3,8.25,8.3,0.04,+0.48%,0
"2023-12-26 13:10",8.29,8.29,8.28,8.28,-0.02,-0.24%,0
"2023-12-26 13:11",8.26,8.26,8.24,8.24,-0.04,-0.48%,0
"2023-12-26 13:12",8.23,8.24,8.19,8.19,-0.05,-0.61%,0
"2023-12-26 13:13",8.18,8.24,8.18,8.24,0.05,+0.61%,0
"2023-12-26 13:14",8.24,8.25,8.2,8.2,-0.04,-0.49%,0
"2023-12-26 13:15",8.26,8.29,8.26,8.29,0.09,+1.10%,0
"2023-12-26 13:16",8.3,8.31,8.3,8.31,0.02,+0.24%,0
"2023-12-26 13:17",8.3,8.36,8.3,8.36,0.05,+0.60%,0
"2023-12-26 13:18",8.34,8.36,8.27,8.27,-0.09,-1.08%,0
"2023-12-26 13:19",8.27,8.28,8.27,8.28,0.01,+0.12%,0
"2023-12-26 13:20",8.28,8.3,8.28,8.29,0.01,+0.12%,0
"2023-12-26 13:21",8.28,8.29,8.28,8.29,0,0.00%,0
"2023-12-26 13:22",8.29,8.29,8.21,8.21,-0.08,-0.97%,0
"2023-12-26 13:23",8.2,8.21,8.17,8.19,-0.02,-0.24%,0
"2023-12-26 13:24",8.19,8.19,8.17,8.17,-0.02,-0.24%,0
"2023-12-26 13:25",8.17,8.2,8.17,8.2,0.03,+0.37%,0
"2023-12-26 13:26",8.21,8.24,8.21,8.24,0.04,+0.49%,0
"2023-12-26 13:27",8.23,8.25,8.23,8.23,-0.01,-0.12%,0
"2023-12-26 13:28",8.24,8.25,8.24,8.25,0.02,+0.24%,0
"2023-12-26 13:29",8.25,8.34,8.25,8.34,0.09,+1.09%,0
"2023-12-26 13:30",8.34,8.34,8.29,8.29,-0.05,-0.60%,0
"2023-12-26 13:31",8.28,8.32,8.28,8.31,0.02,+0.24%,0
"2023-12-26 13:32",8.31,8.32,8.3,8.3,-0.01,-0.12%,0
"2023-12-26 13:33",8.31,8.34,8.31,8.33,0.03,+0.36%,0
"2023-12-26 13:34",8.33,8.35,8.33,8.34,0.01,+0.12%,0
"2023-12-26 13:35",8.35,8.38,8.35,8.38,0.04,+0.48%,0
"2023-12-26 13:36",8.36,8.38,8.36,8.38,0,0.00%,0
"2023-12-26 13:37",8.38,8.39,8.38,8.39,0.01,+0.12%,0
"2023-12-26 13:38",8.39,8.41,8.39,8.4,0.01,+0.12%,0
"2023-12-26 13:39",8.4,8.43,8.4,8.42,0.02,+0.24%,0
"2023-12-26 13:40",8.42,8.43,8.42,8.42,0,0.00%,0
"2023-12-26 13:41",8.43,8.43,8.42,8.42,0,0.00%,0
"2023-12-26 13:42",8.42,8.44,8.42,8.44,0.02,+0.24%,0
"2023-12-26 13:43",8.44,8.44,8.44,8.44,0,0.00%,0
"2023-12-26 13:44",8.44,8.44,8.43,8.43,-0.01,-0.12%,0
"2023-12-26 13:45",8.42,8.42,8.39,8.4,-0.03,-0.36%,0
"2023-12-26 13:46",8.41,8.42,8.4,8.4,0,0.00%,0
"2023-12-26 13:47",8.4,8.42,8.4,8.42,0.02,+0.24%,0
"2023-12-26 13:48",8.42,8.43,8.42,8.42,0,0.00%,0
"2023-12-26 13:49",8.42,8.43,8.42,8.43,0.01,+0.12%,0
"2023-12-26 13:50",8.43,8.44,8.42,8.44,0.01,+0.12%,0
"2023-12-26 13:51",8.44,8.46,8.43,8.44,0,0.00%,0
"2023-12-26 13:52",8.46,8.47,8.46,8.46,0.02,+0.24%,0
"2023-12-26 13:53",8.46,8.48,8.45,8.48,0.02,+0.24%,0
"2023-12-26 13:54",8.47,8.48,8.47,8.48,0,0.00%,0
"2023-12-26 13:55",8.45,8.46,8.37,8.37,-0.11,-1.30%,0
"2023-12-26 13:56",8.34,8.36,8.34,8.36,-0.01,-0.12%,0
"2023-12-26 13:57",8.37,8.41,8.37,8.41,0.05,+0.60%,0
"2023-12-26 13:58",8.38,8.42,8.38,8.42,0.01,+0.12%,0
"2023-12-26 13:59",8.41,8.42,8.41,8.42,0,0.00%,0
"2023-12-26 14:00",8.4,8.42,8.39,8.39,-0.03,-0.36%,0
"2023-12-26 14:01",8.39,8.39,8.37,8.37,-0.02,-0.24%,0
"2023-12-26 14:02",8.38,8.38,8.38,8.38,0.01,+0.12%,0
"2023-12-26 14:03",8.37,8.37,8.36,8.36,-0.02,-0.24%,0
"2023-12-26 14:04",8.32,8.36,8.32,8.36,0,0.00%,0
"2023-12-26 14:05",8.36,8.37,8.36,8.36,0,0.00%,0
"2023-12-26 14:06",8.35,8.37,8.35,8.36,0,0.00%,0
"2023-12-26 14:07",8.36,8.37,8.36,8.37,0.01,+0.12%,0
"2023-12-26 14:08",8.38,8.4,8.38,8.39,0.02,+0.24%,0
"2023-12-26 14:09",8.38,8.39,8.38,8.38,-0.01,-0.12%,0
"2023-12-26 14:10",8.38,8.38,8.36,8.36,-0.02,-0.24%,0
"2023-12-26 14:11",8.35,8.37,8.35,8.37,0.01,+0.12%,0
"2023-12-26 14:12",8.36,8.42,8.36,8.42,0.05,+0.60%,0
"2023-12-26 14:13",8.42,8.42,8.36,8.36,-0.06,-0.71%,0
"2023-12-26 14:14",8.37,8.38,8.36,8.36,0,0.00%,0
"2023-12-26 14:15",8.37,8.38,8.36,8.36,0,0.00%,0
"2023-12-26 14:16",8.36,8.37,8.36,8.36,0,0.00%,0
"2023-12-26 14:17",8.35,8.38,8.35,8.38,0.02,+0.24%,0
"2023-12-26 14:18",8.39,8.41,8.39,8.41,0.03,+0.36%,0
"2023-12-26 14:19",8.42,8.44,8.42,8.42,0.01,+0.12%,0
"2023-12-26 14:20",8.49,8.49,8.42,8.42,0,0.00%,0
"2023-12-26 14:21",8.42,8.5,8.42,8.43,0.01,+0.12%,0
"2023-12-26 14:22",8.43,8.43,8.42,8.43,0,0.00%,0
"2023-12-26 14:23",8.42,8.48,8.41,8.43,0,0.00%,0
"2023-12-26 14:24",8.43,8.52,8.43,8.45,0.02,+0.24%,0
"2023-12-26 14:25",8.44,8.46,8.44,8.44,-0.01,-0.12%,0
"2023-12-26 14:26",8.44,8.44,8.37,8.37,-0.07,-0.83%,0
"2023-12-26 14:27",8.37,8.37,8.34,8.35,-0.02,-0.24%,0
"2023-12-26 14:28",8.36,8.46,8.36,8.46,0.11,+1.32%,0
"2023-12-26 14:29",8.45,8.46,8.39,8.46,0,0.00%,0
"2023-12-26 14:30",8.46,8.46,8.45,8.45,-0.01,-0.12%,0
"2023-12-26 14:31",8.44,8.45,8.42,8.42,-0.03,-0.36%,0
"2023-12-26 14:32",8.35,8.46,8.35,8.44,0.02,+0.24%,0
"2023-12-26 14:33",8.43,8.43,8.4,8.41,-0.03,-0.36%,0
"2023-12-26 14:34",8.42,8.43,8.42,8.42,0.01,+0.12%,0
"2023-12-26 14:35",8.42,8.42,8.41,8.41,-0.01,-0.12%,0
"2023-12-26 14:36",8.42,8.43,8.42,8.42,0.01,+0.12%,0
"2023-12-26 14:37",8.43,8.45,8.43,8.44,0.02,+0.24%,0
"2023-12-26 14:38",8.43,8.48,8.43,8.48,0.04,+0.47%,0
"2023-12-26 14:39",8.51,8.52,8.5,8.52,0.04,+0.47%,0
"2023-12-26 14:40",8.52,8.52,8.52,8.52,0,0.00%,0
"2023-12-26 14:41",8.53,8.55,8.53,8.55,0.03,+0.35%,0
"2023-12-26 14:42",8.56,8.59,8.56,8.59,0.04,+0.47%,0
"2023-12-26 14:43",8.59,8.6,8.59,8.6,0.01,+0.12%,0
"2023-12-26 14:44",8.58,8.58,8.54,8.54,-0.06,-0.70%,0
"2023-12-26 14:45",8.4,8.4,8.39,8.4,-0.14,-1.64%,0
"2023-12-26 14:46",8.4,8.44,8.4,8.44,0.04,+0.48%,0
"2023-12-26 14:47",8.45,8.46,8.45,8.46,0.02,+0.24%,0
"2023-12-26 14:48",8.48,8.48,8.47,8.47,0.01,+0.12%,0
"2023-12-26 14:49",8.47,8.48,8.47,8.48,0.01,+0.12%,0
"2023-12-26 14:50",8.48,8.49,8.47,8.47,-0.01,-0.12%,0
"2023-12-26 14:51",8.47,8.52,8.47,8.51,0.04,+0.47%,0
"2023-12-26 14:52",8.51,8.52,8.51,8.52,0.01,+0.12%,0
"2023-12-26 14:53",8.5,8.51,8.5,8.51,-0.01,-0.12%,0
"2023-12-26 14:54",8.51,8.51,8.5,8.5,-0.01,-0.12%,0
"2023-12-26 14:55",8.52,8.53,8.52,8.52,0.02,+0.24%,0
"2023-12-26 14:56",8.51,8.52,8.47,8.47,-0.05,-0.59%,0
"2023-12-26 14:57",8.46,8.48,8.46,8.46,-0.01,-0.12%,0
"2023-12-26 14:58",8.42,8.42,8.4,8.41,-0.05,-0.59%,0
"2023-12-26 14:59",8.41,8.41,8.33,8.34,-0.07,-0.83%,0
"2023-12-26 15:00",8.41,8.41,8.32,8.39,0.05,+0.60%,0
"2023-12-26 15:01",8.33,8.35,8.33,8.35,-0.04,-0.48%,0
"2023-12-26 15:02",8.42,8.42,8.4,8.4,0.05,+0.60%,0
"2023-12-26 15:03",8.38,8.4,8.38,8.4,0,0.00%,0
"2023-12-26 15:04",8.39,8.4,8.39,8.4,0,0.00%,0
"2023-12-26 15:05",8.4,8.42,8.4,8.42,0.02,+0.24%,0
"2023-12-26 15:06",8.42,8.45,8.42,8.45,0.03,+0.36%,0
"2023-12-26 15:07",8.45,8.48,8.45,8.48,0.03,+0.36%,0
"2023-12-26 15:08",8.47,8.5,8.47,8.49,0.01,+0.12%,0
"2023-12-26 15:09",8.48,8.49,8.47,8.47,-0.02,-0.24%,0
"2023-12-26 15:10",8.46,8.47,8.43,8.43,-0.04,-0.47%,0
"2023-12-26 15:11",8.44,8.44,8.43,8.43,0,0.00%,0
"2023-12-26 15:12",8.42,8.44,8.42,8.44,0.01,+0.12%,0
"2023-12-26 15:13",8.42,8.42,8.39,8.39,-0.05,-0.59%,0
"2023-12-26 15:14",8.37,8.38,8.37,8.37,-0.02,-0.24%,0
"2023-12-26 15:15",8.37,8.39,8.34,8.34,-0.03,-0.36%,0
"2023-12-26 15:16",8.34,8.36,8.34,8.36,0.02,+0.24%,0
"2023-12-26 15:17",8.36,8.36,8.34,8.34,-0.02,-0.24%,0
"2023-12-26 15:18",8.35,8.37,8.35,8.37,0.03,+0.36%,0
"2023-12-26 15:19",8.37,8.42,8.37,8.37,0,0.00%,0
"2023-12-26 15:20",8.36,8.36,8.35,8.35,-0.02,-0.24%,0
"2023-12-26 15:21",8.35,8.36,8.32,8.32,-0.03,-0.36%,0
"2023-12-26 15:22",8.3,8.31,8.29,8.29,-0.03,-0.36%,0
"2023-12-26 15:23",8.21,8.3,8.21,8.3,0.01,+0.12%,0
"2023-12-26 15:24",8.31,8.32,8.31,8.31,0.01,+0.12%,0
"2023-12-26 15:25",8.29,8.39,8.29,8.35,0.04,+0.48%,0
"2023-12-26 15:26",8.36,8.38,8.35,8.36,0.01,+0.12%,0
"2023-12-26 15:27",8.35,8.46,8.35,8.46,0.1,+1.20%,0
"2023-12-26 15:28",8.47,8.47,8.43,8.43,-0.03,-0.35%,0
"2023-12-26 15:29",8.48,8.49,8.48,8.49,0.06,+0.71%,0
"2023-12-26 15:30",8.49,8.5,8.47,8.47,-0.02,-0.24%,0
"2023-12-26 15:31",8.48,8.48,8.45,8.45,-0.02,-0.24%,0
"2023-12-26 15:32",8.5,8.59,8.5,8.59,0.14,+1.66%,0
"2023-12-26 15:33",8.61,8.61,8.6,8.6,0.01,+0.12%,0
"2023-12-26 15:34",8.6,8.6,8.55,8.55,-0.05,-0.58%,0
"2023-12-26 15:35",8.54,8.56,8.54,8.56,0.01,+0.12%,0
"2023-12-26 15:36",8.56,8.58,8.54,8.54,-0.02,-0.23%,0
"2023-12-26 15:37",8.55,8.57,8.55,8.56,0.02,+0.23%,0
"2023-12-26 15:38",8.53,8.53,8.5,8.5,-0.06,-0.70%,0
"2023-12-26 15:39",8.48,8.49,8.47,8.49,-0.01,-0.12%,0
"2023-12-26 15:40",8.45,8.47,8.45,8.47,-0.02,-0.24%,0
"2023-12-26 15:41",8.47,8.49,8.47,8.49,0.02,+0.24%,0
"2023-12-26 15:42",8.49,8.5,8.49,8.49,0,0.00%,0
"2023-12-26 15:43",8.49,8.5,8.48,8.5,0.01,+0.12%,0
"2023-12-26 15:44",8.46,8.46,8.44,8.45,-0.05,-0.59%,0
"2023-12-26 15:45",8.46,8.46,8.45,8.45,0,0.00%,0
"2023-12-26 15:46",8.49,8.49,8.46,8.46,0.01,+0.12%,0
"2023-12-26 15:47",8.46,8.5,8.46,8.5,0.04,+0.47%,0
"2023-12-26 15:48",8.51,8.51,8.47,8.47,-0.03,-0.35%,0
"2023-12-26 15:49",8.5,8.51,8.47,8.47,0,0.00%,0
"2023-12-26 15:50",8.46,8.47,8.44,8.44,-0.03,-0.35%,0
"2023-12-26 15:51",8.45,8.51,8.45,8.51,0.07,+0.83%,0
"2023-12-26 15:52",8.55,8.57,8.52,8.52,0.01,+0.12%,0
"2023-12-26 15:53",8.51,8.51,8.43,8.43,-0.09,-1.06%,0
"2023-12-26 15:54",8.45,8.45,8.4,8.4,-0.03,-0.36%,0
"2023-12-26 15:55",8.43,8.46,8.43,8.45,0.05,+0.60%,0
"2023-12-26 15:56",8.46,8.47,8.41,8.41,-0.04,-0.47%,0
"2023-12-26 15:57",8.39,8.42,8.37,8.42,0.01,+0.12%,0
"2023-12-26 15:58",8.39,8.4,8.39,8.4,-0.02,-0.24%,0
"2023-12-26 15:59",8.46,8.55,8.21,8.21,-0.19,-2.26%,0
"2023-12-26 16:00",8.08,8.08,8,8.03,-0.18,-2.19%,0
"2023-12-26 16:01",8.05,8.06,8.04,8.06,0.03,+0.37%,0
"2023-12-26 16:02",8.06,8.06,7.99,8.04,-0.02,-0.25%,0
"2023-12-26 16:03",8.01,8.06,8.01,8.06,0.02,+0.25%,0
"2023-12-26 16:04",8.04,8.04,8.03,8.04,-0.02,-0.25%,0
"2023-12-26 16:05",8.03,8.05,8.03,8.04,0,0.00%,0
"2023-12-26 16:06",8.05,8.1,8.05,8.1,0.06,+0.75%,0
"2023-12-26 16:07",8.12,8.12,8.11,8.11,0.01,+0.12%,0
"2023-12-26 16:08",8.13,8.15,8.13,8.15,0.04,+0.49%,0
"2023-12-26 16:09",8.16,8.21,8.16,8.2,0.05,+0.61%,0
"2023-12-26 16:10",8.18,8.21,8.18,8.18,-0.02,-0.24%,0
"2023-12-26 16:11",8.17,8.19,8.17,8.18,0,0.00%,0
"2023-12-26 16:12",8.18,8.21,8.18,8.18,0,0.00%,0
"2023-12-26 16:13",8.19,8.22,8.19,8.2,0.02,+0.24%,0
"2023-12-26 16:14",8.19,8.19,8.15,8.19,-0.01,-0.12%,0
"2023-12-26 16:15",8.21,8.21,8.21,8.21,0.02,+0.24%,0
"2023-12-27 09:31",6.98,6.98,6.8,6.8,-1.41,-17.17%,0
"2023-12-27 09:32",6.77,6.77,6.67,6.68,-0.12,-1.76%,0
"2023-12-27 09:33",6.62,6.69,6.62,6.69,0.01,+0.15%,0
"2023-12-27 09:34",6.66,6.74,6.66,6.74,0.05,+0.75%,0
"2023-12-27 09:35",6.76,6.78,6.75,6.75,0.01,+0.15%,0
"2023-12-27 09:36",6.71,6.74,6.71,6.72,-0.03,-0.44%,0
"2023-12-27 09:37",6.72,6.73,6.72,6.73,0.01,+0.15%,0
"2023-12-27 09:38",6.71,6.72,6.71,6.71,-0.02,-0.30%,0
"2023-12-27 09:39",6.68,6.68,6.65,6.65,-0.06,-0.89%,0
"2023-12-27 09:40",6.64,6.69,6.64,6.69,0.04,+0.60%,0
"2023-12-27 09:41",6.66,6.66,6.65,6.66,-0.03,-0.45%,0
"2023-12-27 09:42",6.62,6.62,6.59,6.6,-0.06,-0.90%,0
"2023-12-27 09:43",6.62,6.66,6.62,6.66,0.06,+0.91%,0
"2023-12-27 09:44",6.62,6.63,6.61,6.61,-0.05,-0.75%,0
"2023-12-27 09:45",6.62,6.62,6.58,6.59,-0.02,-0.30%,0
"2023-12-27 09:46",6.61,6.61,6.6,6.6,0.01,+0.15%,0
"2023-12-27 09:47",6.59,6.62,6.59,6.6,0,0.00%,0
"2023-12-27 09:48",6.59,6.61,6.59,6.61,0.01,+0.15%,0
"2023-12-27 09:49",6.61,6.63,6.61,6.61,0,0.00%,0
"2023-12-27 09:50",6.61,6.62,6.59,6.59,-0.02,-0.30%,0
"2023-12-27 09:51",6.6,6.61,6.6,6.6,0.01,+0.15%,0
"2023-12-27 09:52",6.61,6.61,6.58,6.58,-0.02,-0.30%,0
"2023-12-27 09:53",6.58,6.6,6.58,6.59,0.01,+0.15%,0
"2023-12-27 09:54",6.59,6.61,6.59,6.61,0.02,+0.30%,0
"2023-12-27 09:55",6.61,6.63,6.61,6.61,0,0.00%,0
"2023-12-27 09:56",6.6,6.64,6.6,6.64,0.03,+0.45%,0
"2023-12-27 09:57",6.65,6.67,6.65,6.67,0.03,+0.45%,0
"2023-12-27 09:58",6.65,6.69,6.65,6.66,-0.01,-0.15%,0
"2023-12-27 09:59",6.65,6.68,6.65,6.68,0.02,+0.30%,0
"2023-12-27 10:00",6.65,6.68,6.65,6.68,0,0.00%,0
"2023-12-27 10:01",6.69,6.71,6.69,6.7,0.02,+0.30%,0
"2023-12-27 10:02",6.71,6.74,6.7,6.7,0,0.00%,0
"2023-12-27 10:03",6.68,6.7,6.68,6.69,-0.01,-0.15%,0
"2023-12-27 10:04",6.7,6.73,6.7,6.73,0.04,+0.60%,0
"2023-12-27 10:05",6.73,6.75,6.72,6.73,0,0.00%,0
"2023-12-27 10:06",6.74,6.76,6.74,6.76,0.03,+0.45%,0
"2023-12-27 10:07",6.77,6.8,6.77,6.8,0.04,+0.59%,0
"2023-12-27 10:08",6.76,6.8,6.76,6.79,-0.01,-0.15%,0
"2023-12-27 10:09",6.78,6.83,6.78,6.83,0.04,+0.59%,0
"2023-12-27 10:10",6.82,6.85,6.82,6.84,0.01,+0.15%,0
"2023-12-27 10:11",6.83,6.86,6.83,6.86,0.02,+0.29%,0
"2023-12-27 10:12",6.87,6.89,6.87,6.89,0.03,+0.44%,0
"2023-12-27 10:13",6.9,7.01,6.9,7.01,0.12,+1.74%,0
"2023-12-27 10:14",7.06,7.39,7.06,7.39,0.38,+5.42%,0
"2023-12-27 10:15",7.37,7.37,7.03,7.05,-0.34,-4.60%,0
"2023-12-27 10:16",7.09,7.18,7.09,7.18,0.13,+1.84%,0
"2023-12-27 10:17",7.19,7.25,7.19,7.24,0.06,+0.84%,0
"2023-12-27 10:18",7.21,7.28,7.21,7.28,0.04,+0.55%,0
"2023-12-27 10:19",7.25,7.27,7.25,7.26,-0.02,-0.27%,0
"2023-12-27 10:20",7.26,7.33,7.26,7.33,0.07,+0.96%,0
"2023-12-27 10:21",7.39,7.52,7.39,7.52,0.19,+2.59%,0
"2023-12-27 10:22",7.44,7.44,7.33,7.33,-0.19,-2.53%,0
"2023-12-27 10:23",7.27,7.27,7.22,7.22,-0.11,-1.50%,0
"2023-12-27 10:24",7.2,7.22,7.2,7.21,-0.01,-0.14%,0
"2023-12-27 10:25",7.21,7.26,7.21,7.26,0.05,+0.69%,0
"2023-12-27 10:26",7.27,7.27,7.09,7.09,-0.17,-2.34%,0
"2023-12-27 10:27",7.12,7.15,7.12,7.15,0.06,+0.85%,0
"2023-12-27 10:28",7.12,7.14,7.12,7.14,-0.01,-0.14%,0
"2023-12-27 10:29",7.16,7.16,7.11,7.11,-0.03,-0.42%,0
"2023-12-27 10:30",7.14,7.18,7.14,7.18,0.07,+0.98%,0
"2023-12-27 10:31",7.17,7.18,7.14,7.18,0,0.00%,0
"2023-12-27 10:32",7.18,7.19,7.17,7.17,-0.01,-0.14%,0
"2023-12-27 10:33",7.18,7.18,7.17,7.18,0.01,+0.14%,0
"2023-12-27 10:34",7.18,7.22,7.18,7.22,0.04,+0.56%,0
"2023-12-27 10:35",7.22,7.5,7.22,7.5,0.28,+3.88%,0
"2023-12-27 10:36",7.42,7.42,7.32,7.38,-0.12,-1.60%,0
"2023-12-27 10:37",7.42,7.51,7.42,7.42,0.04,+0.54%,0
"2023-12-27 10:38",7.43,7.47,7.41,7.41,-0.01,-0.13%,0
"2023-12-27 10:39",7.33,7.36,7.33,7.36,-0.05,-0.67%,0
"2023-12-27 10:40",7.36,7.41,7.36,7.41,0.05,+0.68%,0
"2023-12-27 10:41",7.42,7.45,7.42,7.44,0.03,+0.40%,0
"2023-12-27 10:42",7.43,7.45,7.4,7.4,-0.04,-0.54%,0
"2023-12-27 10:43",7.45,7.48,7.45,7.48,0.08,+1.08%,0
"2023-12-27 10:44",7.48,7.49,7.4,7.4,-0.08,-1.07%,0
"2023-12-27 10:45",7.41,7.48,7.41,7.48,0.08,+1.08%,0
"2023-12-27 10:46",7.5,7.52,7.41,7.41,-0.07,-0.94%,0
"2023-12-27 10:47",7.41,7.47,7.41,7.47,0.06,+0.81%,0
"2023-12-27 10:48",7.46,7.49,7.46,7.49,0.02,+0.27%,0
"2023-12-27 10:49",7.5,7.52,7.5,7.52,0.03,+0.40%,0
"2023-12-27 10:50",7.54,7.6,7.54,7.6,0.08,+1.06%,0
"2023-12-27 10:51",7.61,7.61,7.58,7.59,-0.01,-0.13%,0
"2023-12-27 10:52",7.59,7.59,7.42,7.42,-0.17,-2.24%,0
"2023-12-27 10:53",7.43,7.48,7.43,7.48,0.06,+0.81%,0
"2023-12-27 10:54",7.51,7.52,7.49,7.49,0.01,+0.13%,0
"2023-12-27 10:55",7.48,7.5,7.4,7.4,-0.09,-1.20%,0
"2023-12-27 10:56",7.37,7.37,7.35,7.35,-0.05,-0.68%,0
"2023-12-27 10:57",7.37,7.39,7.37,7.38,0.03,+0.41%,0
"2023-12-27 10:58",7.37,7.38,7.37,7.37,-0.01,-0.14%,0
"2023-12-27 10:59",7.38,7.41,7.38,7.4,0.03,+0.41%,0
"2023-12-27 11:00",7.39,7.43,7.39,7.42,0.02,+0.27%,0
"2023-12-27 11:01",7.47,7.47,7.46,7.46,0.04,+0.54%,0
"2023-12-27 11:02",7.47,7.52,7.47,7.52,0.06,+0.80%,0
"2023-12-27 11:03",7.52,7.52,7.49,7.49,-0.03,-0.40%,0
"2023-12-27 11:04",7.49,7.51,7.49,7.51,0.02,+0.27%,0
"2023-12-27 11:05",7.52,7.52,7.51,7.51,0,0.00%,0
"2023-12-27 11:06",7.52,7.52,7.43,7.43,-0.08,-1.07%,0
"2023-12-27 11:07",7.45,7.48,7.45,7.48,0.05,+0.67%,0
"2023-12-27 11:08",7.49,7.51,7.49,7.49,0.01,+0.13%,0
"2023-12-27 11:09",7.49,7.51,7.49,7.49,0,0.00%,0
"2023-12-27 11:10",7.49,7.53,7.49,7.52,0.03,+0.40%,0
"2023-12-27 11:11",7.52,7.53,7.52,7.52,0,0.00%,0
"2023-12-27 11:12",7.51,7.52,7.5,7.5,-0.02,-0.27%,0
"2023-12-27 11:13",7.51,7.53,7.5,7.5,0,0.00%,0
"2023-12-27 11:14",7.49,7.51,7.49,7.49,-0.01,-0.13%,0
"2023-12-27 11:15",7.49,7.49,7.47,7.48,-0.01,-0.13%,0
"2023-12-27 11:16",7.46,7.49,7.46,7.49,0.01,+0.13%,0
"2023-12-27 11:17",7.48,7.5,7.48,7.5,0.01,+0.13%,0
"2023-12-27 11:18",7.5,7.5,7.49,7.49,-0.01,-0.13%,0
"2023-12-27 11:19",7.49,7.5,7.48,7.49,0,0.00%,0
"2023-12-27 11:20",7.48,7.5,7.47,7.47,-0.02,-0.27%,0
"2023-12-27 11:21",7.47,7.47,7.47,7.47,0,0.00%,0
"2023-12-27 11:22",7.45,7.45,7.43,7.45,-0.02,-0.27%,0
"2023-12-27 11:23",7.43,7.48,7.43,7.48,0.03,+0.40%,0
"2023-12-27 11:24",7.49,7.49,7.48,7.49,0.01,+0.13%,0
"2023-12-27 11:25",7.49,7.5,7.49,7.5,0.01,+0.13%,0
"2023-12-27 11:26",7.5,7.52,7.5,7.52,0.02,+0.27%,0
"2023-12-27 11:27",7.52,7.52,7.51,7.52,0,0.00%,0
"2023-12-27 11:28",7.52,7.53,7.5,7.5,-0.02,-0.27%,0
"2023-12-27 11:29",7.5,7.51,7.5,7.51,0.01,+0.13%,0
"2023-12-27 11:30",7.49,7.5,7.49,7.5,-0.01,-0.13%,0
"2023-12-27 11:31",7.48,7.48,7.47,7.47,-0.03,-0.40%,0
"2023-12-27 11:32",7.44,7.44,7.4,7.42,-0.05,-0.67%,0
"2023-12-27 11:33",7.38,7.38,7.35,7.35,-0.07,-0.94%,0
"2023-12-27 11:34",7.35,7.37,7.35,7.36,0.01,+0.14%,0
"2023-12-27 11:35",7.36,7.36,7.3,7.3,-0.06,-0.82%,0
"2023-12-27 11:36",7.29,7.37,7.29,7.37,0.07,+0.96%,0
"2023-12-27 11:37",7.38,7.42,7.38,7.42,0.05,+0.68%,0
"2023-12-27 11:38",7.42,7.43,7.42,7.42,0,0.00%,0
"2023-12-27 11:39",7.41,7.44,7.41,7.42,0,0.00%,0
"2023-12-27 11:40",7.43,7.44,7.43,7.43,0.01,+0.13%,0
"2023-12-27 11:41",7.43,7.44,7.4,7.4,-0.03,-0.40%,0
"2023-12-27 11:42",7.39,7.39,7.37,7.37,-0.03,-0.41%,0
"2023-12-27 11:43",7.33,7.34,7.3,7.31,-0.06,-0.81%,0
"2023-12-27 11:44",7.32,7.33,7.32,7.33,0.02,+0.27%,0
"2023-12-27 11:45",7.32,7.34,7.32,7.32,-0.01,-0.14%,0
"2023-12-27 11:46",7.32,7.35,7.32,7.33,0.01,+0.14%,0
"2023-12-27 11:47",7.33,7.35,7.33,7.35,0.02,+0.27%,0
"2023-12-27 11:48",7.35,7.35,7.33,7.34,-0.01,-0.14%,0
"2023-12-27 11:49",7.34,7.35,7.34,7.35,0.01,+0.14%,0
"2023-12-27 11:50",7.33,7.35,7.32,7.32,-0.03,-0.41%,0
"2023-12-27 11:51",7.31,7.37,7.31,7.37,0.05,+0.68%,0
"2023-12-27 11:52",7.36,7.38,7.36,7.38,0.01,+0.14%,0
"2023-12-27 11:53",7.37,7.38,7.36,7.38,0,0.00%,0
"2023-12-27 11:54",7.37,7.4,7.37,7.4,0.02,+0.27%,0
"2023-12-27 11:55",7.38,7.4,7.38,7.39,-0.01,-0.14%,0
"2023-12-27 11:56",7.37,7.38,7.37,7.38,-0.01,-0.14%,0
"2023-12-27 11:57",7.38,7.41,7.38,7.39,0.01,+0.14%,0
"2023-12-27 11:58",7.39,7.41,7.39,7.41,0.02,+0.27%,0
"2023-12-27 11:59",7.39,7.41,7.39,7.39,-0.02,-0.27%,0
"2023-12-27 12:00",7.39,7.4,7.39,7.4,0.01,+0.14%,0
"2023-12-27 12:01",7.4,7.4,7.34,7.34,-0.06,-0.81%,0
"2023-12-27 12:02",7.34,7.36,7.34,7.36,0.02,+0.27%,0
"2023-12-27 12:03",7.35,7.44,7.35,7.44,0.08,+1.09%,0
"2023-12-27 12:04",7.43,7.46,7.43,7.43,-0.01,-0.13%,0
"2023-12-27 12:05",7.39,7.42,7.39,7.41,-0.02,-0.27%,0
"2023-12-27 12:06",7.38,7.44,7.38,7.44,0.03,+0.40%,0
"2023-12-27 12:07",7.44,7.49,7.44,7.49,0.05,+0.67%,0
"2023-12-27 12:08",7.49,7.52,7.49,7.51,0.02,+0.27%,0
"2023-12-27 12:09",7.5,7.52,7.5,7.5,-0.01,-0.13%,0
"2023-12-27 12:10",7.5,7.51,7.48,7.5,0,0.00%,0
"2023-12-27 12:11",7.49,7.49,7.46,7.46,-0.04,-0.53%,0
"2023-12-27 12:12",7.45,7.48,7.45,7.48,0.02,+0.27%,0
"2023-12-27 12:13",7.48,7.51,7.48,7.51,0.03,+0.40%,0
"2023-12-27 12:14",7.5,7.52,7.5,7.51,0,0.00%,0
"2023-12-27 12:15",7.52,7.53,7.51,7.53,0.02,+0.27%,0
"2023-12-27 12:16",7.52,7.54,7.52,7.53,0,0.00%,0
"2023-12-27 12:17",7.53,7.55,7.53,7.53,0,0.00%,0
"2023-12-27 12:18",7.54,7.55,7.54,7.55,0.02,+0.27%,0
"2023-12-27 12:19",7.54,7.56,7.54,7.55,0,0.00%,0
"2023-12-27 12:20",7.54,7.54,7.48,7.48,-0.07,-0.93%,0
"2023-12-27 12:21",7.49,7.49,7.48,7.48,0,0.00%,0
"2023-12-27 12:22",7.49,7.49,7.45,7.45,-0.03,-0.40%,0
"2023-12-27 12:23",7.52,7.52,7.52,7.52,0.07,+0.94%,0
"2023-12-27 12:24",7.52,7.53,7.52,7.53,0.01,+0.13%,0
"2023-12-27 12:25",7.53,7.55,7.53,7.54,0.01,+0.13%,0
"2023-12-27 12:26",7.56,7.56,7.53,7.53,-0.01,-0.13%,0
"2023-12-27 12:27",7.53,7.54,7.53,7.54,0.01,+0.13%,0
"2023-12-27 12:28",7.54,7.55,7.54,7.55,0.01,+0.13%,0
"2023-12-27 12:29",7.54,7.56,7.54,7.56,0.01,+0.13%,0
"2023-12-27 12:30",7.56,7.56,7.55,7.56,0,0.00%,0
"2023-12-27 12:31",7.55,7.56,7.55,7.56,0,0.00%,0
"2023-12-27 12:32",7.56,7.58,7.55,7.55,-0.01,-0.13%,0
"2023-12-27 12:33",7.55,7.58,7.55,7.57,0.02,+0.26%,0
"2023-12-27 12:34",7.57,7.59,7.57,7.57,0,0.00%,0
"2023-12-27 12:35",7.57,7.59,7.57,7.59,0.02,+0.26%,0
"2023-12-27 12:36",7.59,7.62,7.59,7.62,0.03,+0.40%,0
"2023-12-27 12:37",7.63,7.63,7.62,7.63,0.01,+0.13%,0
"2023-12-27 12:38",7.61,7.64,7.61,7.63,0,0.00%,0
"2023-12-27 12:39",7.65,7.66,7.65,7.66,0.03,+0.39%,0
"2023-12-27 12:40",7.64,7.72,7.64,7.72,0.06,+0.78%,0
"2023-12-27 12:41",7.75,7.75,7.67,7.73,0.01,+0.13%,0
"2023-12-27 12:42",7.72,7.85,7.72,7.85,0.12,+1.55%,0
"2023-12-27 12:43",7.88,8.01,7.88,8.01,0.16,+2.04%,0
"2023-12-27 12:44",8.01,8.01,7.94,7.97,-0.04,-0.50%,0
"2023-12-27 12:45",7.97,7.97,7.9,7.9,-0.07,-0.88%,0
"2023-12-27 12:46",7.89,7.93,7.89,7.93,0.03,+0.38%,0
"2023-12-27 12:47",7.92,7.94,7.91,7.93,0,0.00%,0
"2023-12-27 12:48",7.93,7.95,7.93,7.94,0.01,+0.13%,0
"2023-12-27 12:49",7.94,7.95,7.92,7.92,-0.02,-0.25%,0
"2023-12-27 12:50",7.92,7.95,7.92,7.95,0.03,+0.38%,0
"2023-12-27 12:51",7.95,7.96,7.95,7.96,0.01,+0.13%,0
"2023-12-27 12:52",7.97,8.02,7.97,8.02,0.06,+0.75%,0
"2023-12-27 12:53",8.01,8.03,8.01,8.02,0,0.00%,0
"2023-12-27 12:54",8.02,8.03,8.01,8.01,-0.01,-0.12%,0
"2023-12-27 12:55",8.03,8.04,8.02,8.02,0.01,+0.12%,0
"2023-12-27 12:56",8.02,8.03,7.99,7.99,-0.03,-0.37%,0
"2023-12-27 12:57",7.98,8.01,7.98,8,0.01,+0.13%,0
"2023-12-27 12:58",7.92,7.94,7.92,7.94,-0.06,-0.75%,0
"2023-12-27 12:59",7.95,8,7.95,7.99,0.05,+0.63%,0
"2023-12-27 13:00",7.99,7.99,7.97,7.98,-0.01,-0.13%,0
"2023-12-27 13:01",7.98,7.98,7.95,7.95,-0.03,-0.38%,0
"2023-12-27 13:02",7.95,7.95,7.8,7.8,-0.15,-1.89%,0
"2023-12-27 13:03",7.79,7.79,7.73,7.74,-0.06,-0.77%,0
"2023-12-27 13:04",7.74,7.76,7.74,7.75,0.01,+0.13%,0
"2023-12-27 13:05",7.75,7.82,7.74,7.82,0.07,+0.90%,0
"2023-12-27 13:06",7.75,7.77,7.61,7.61,-0.21,-2.69%,0
"2023-12-27 13:07",7.69,7.69,7.64,7.64,0.03,+0.39%,0
"2023-12-27 13:08",7.64,7.66,7.62,7.64,0,0.00%,0
"2023-12-27 13:09",7.66,7.72,7.66,7.71,0.07,+0.92%,0
"2023-12-27 13:10",7.68,7.69,7.66,7.69,-0.02,-0.26%,0
"2023-12-27 13:11",7.72,7.79,7.72,7.79,0.1,+1.30%,0
"2023-12-27 13:12",7.8,7.98,7.8,7.98,0.19,+2.44%,0
"2023-12-27 13:13",7.94,7.94,7.92,7.94,-0.04,-0.50%,0
"2023-12-27 13:14",7.92,7.94,7.92,7.94,0,0.00%,0
"2023-12-27 13:15",7.93,7.93,7.91,7.91,-0.03,-0.38%,0
"2023-12-27 13:16",7.91,7.95,7.91,7.95,0.04,+0.51%,0
"2023-12-27 13:17",7.95,7.97,7.91,7.91,-0.04,-0.50%,0
"2023-12-27 13:18",7.89,7.93,7.89,7.9,-0.01,-0.13%,0
"2023-12-27 13:19",7.91,7.95,7.91,7.93,0.03,+0.38%,0
"2023-12-27 13:20",7.93,7.95,7.93,7.94,0.01,+0.13%,0
"2023-12-27 13:21",7.93,7.96,7.93,7.96,0.02,+0.25%,0
"2023-12-27 13:22",7.96,7.97,7.95,7.95,-0.01,-0.13%,0
"2023-12-27 13:23",7.94,7.98,7.94,7.98,0.03,+0.38%,0
"2023-12-27 13:24",7.99,8.01,7.99,8.01,0.03,+0.38%,0
"2023-12-27 13:25",8,8.01,8,8.01,0,0.00%,0
"2023-12-27 13:26",8.01,8.01,7.94,7.94,-0.07,-0.87%,0
"2023-12-27 13:27",7.95,7.95,7.92,7.92,-0.02,-0.25%,0
"2023-12-27 13:28",7.91,7.91,7.9,7.91,-0.01,-0.13%,0
"2023-12-27 13:29",7.92,7.94,7.92,7.94,0.03,+0.38%,0
"2023-12-27 13:30",7.93,7.93,7.9,7.9,-0.04,-0.50%,0
"2023-12-27 13:31",7.9,7.96,7.9,7.96,0.06,+0.76%,0
"2023-12-27 13:32",7.97,7.99,7.96,7.96,0,0.00%,0
"2023-12-27 13:33",7.95,7.97,7.95,7.97,0.01,+0.13%,0
"2023-12-27 13:34",7.96,7.98,7.96,7.97,0,0.00%,0
"2023-12-27 13:35",7.95,7.96,7.95,7.96,-0.01,-0.13%,0
"2023-12-27 13:36",7.94,7.96,7.94,7.96,0,0.00%,0
"2023-12-27 13:37",7.96,7.98,7.96,7.97,0.01,+0.13%,0
"2023-12-27 13:38",7.96,7.97,7.96,7.97,0,0.00%,0
"2023-12-27 13:39",7.96,7.96,7.95,7.96,-0.01,-0.13%,0
"2023-12-27 13:40",7.93,7.93,7.92,7.92,-0.04,-0.50%,0
"2023-12-27 13:41",7.9,7.92,7.9,7.92,0,0.00%,0
"2023-12-27 13:42",7.93,7.94,7.93,7.93,0.01,+0.13%,0
"2023-12-27 13:43",7.94,7.94,7.94,7.94,0.01,+0.13%,0
"2023-12-27 13:44",7.94,7.95,7.93,7.93,-0.01,-0.13%,0
"2023-12-27 13:45",7.92,7.92,7.9,7.91,-0.02,-0.25%,0
"2023-12-27 13:46",7.94,7.96,7.94,7.96,0.05,+0.63%,0
"2023-12-27 13:47",7.94,7.96,7.94,7.96,0,0.00%,0
"2023-12-27 13:48",7.96,7.98,7.96,7.98,0.02,+0.25%,0
"2023-12-27 13:49",7.97,7.99,7.97,7.97,-0.01,-0.13%,0
"2023-12-27 13:50",7.99,8,7.97,7.97,0,0.00%,0
"2023-12-27 13:51",7.98,8.05,7.98,8.05,0.08,+1.00%,0
"2023-12-27 13:52",8.04,8.07,8.04,8.04,-0.01,-0.12%,0
"2023-12-27 13:53",8.04,8.04,8.03,8.03,-0.01,-0.12%,0
"2023-12-27 13:54",8.05,8.1,8.05,8.1,0.07,+0.87%,0
"2023-12-27 13:55",8.11,8.13,8.1,8.13,0.03,+0.37%,0
"2023-12-27 13:56",8.14,8.14,8.11,8.12,-0.01,-0.12%,0
"2023-12-27 13:57",8.11,8.13,8.11,8.12,0,0.00%,0
"2023-12-27 13:58",8.13,8.15,8.13,8.15,0.03,+0.37%,0
"2023-12-27 13:59",8.16,8.17,8.16,8.17,0.02,+0.25%,0
"2023-12-27 14:00",8.18,8.73,8.18,8.73,0.56,+6.85%,0
"2023-12-27 14:01",8.7,8.7,8.57,8.57,-0.16,-1.83%,0
"2023-12-27 14:02",8.54,8.78,8.54,8.78,0.21,+2.45%,0
"2023-12-27 14:03",8.87,8.98,8.87,8.98,0.2,+2.28%,0
"2023-12-27 14:04",8.98,9.17,8.92,9.17,0.19,+2.12%,0
"2023-12-27 14:05",9.16,9.34,9.15,9.34,0.17,+1.85%,0
"2023-12-27 14:06",9.32,9.32,9.06,9.08,-0.26,-2.78%,0
"2023-12-27 14:07",9.06,9.13,9.03,9.03,-0.05,-0.55%,0
"2023-12-27 14:08",9.01,9.03,8.95,8.95,-0.08,-0.89%,0
"2023-12-27 14:09",8.88,8.92,8.88,8.91,-0.04,-0.45%,0
"2023-12-27 14:10",8.9,8.94,8.9,8.94,0.03,+0.34%,0
"2023-12-27 14:11",8.96,9.21,8.96,9.21,0.27,+3.02%,0
"2023-12-27 14:12",9.1,9.33,9.1,9.33,0.12,+1.30%,0
"2023-12-27 14:13",9.3,9.3,9.18,9.18,-0.15,-1.61%,0
"2023-12-27 14:14",9.15,9.17,9.11,9.11,-0.07,-0.76%,0
"2023-12-27 14:15",9.11,9.31,9.11,9.31,0.2,+2.20%,0
"2023-12-27 14:16",9.31,9.36,9.3,9.31,0,0.00%,0
"2023-12-27 14:17",9.3,9.32,9.3,9.31,0,0.00%,0
"2023-12-27 14:18",9.31,9.31,9.21,9.21,-0.1,-1.07%,0
"2023-12-27 14:19",9.17,9.17,9.11,9.11,-0.1,-1.09%,0
"2023-12-27 14:20",9.14,9.14,9.04,9.05,-0.06,-0.66%,0
"2023-12-27 14:21",9.07,9.16,9.07,9.15,0.1,+1.10%,0
"2023-12-27 14:22",9.15,9.18,9.14,9.14,-0.01,-0.11%,0
"2023-12-27 14:23",9.13,9.14,9.11,9.11,-0.03,-0.33%,0
"2023-12-27 14:24",9.12,9.12,9.1,9.1,-0.01,-0.11%,0
"2023-12-27 14:25",9.08,9.08,9.03,9.03,-0.07,-0.77%,0
"2023-12-27 14:26",9.02,9.1,8.86,8.86,-0.17,-1.88%,0
"2023-12-27 14:27",8.83,8.83,8.8,8.8,-0.06,-0.68%,0
"2023-12-27 14:28",8.85,8.86,8.84,8.84,0.04,+0.45%,0
"2023-12-27 14:29",8.84,8.84,8.83,8.84,0,0.00%,0
"2023-12-27 14:30",8.84,8.84,8.8,8.82,-0.02,-0.23%,0
"2023-12-27 14:31",8.8,8.83,8.8,8.82,0,0.00%,0
"2023-12-27 14:32",8.84,8.89,8.84,8.89,0.07,+0.79%,0
"2023-12-27 14:33",8.87,8.87,8.82,8.85,-0.04,-0.45%,0
"2023-12-27 14:34",8.86,8.92,8.86,8.92,0.07,+0.79%,0
"2023-12-27 14:35",8.93,8.95,8.93,8.94,0.02,+0.22%,0
"2023-12-27 14:36",8.94,8.98,8.94,8.96,0.02,+0.22%,0
"2023-12-27 14:37",8.97,8.99,8.97,8.98,0.02,+0.22%,0
"2023-12-27 14:38",8.95,9.02,8.95,9.02,0.04,+0.45%,0
"2023-12-27 14:39",9.04,9.07,9.04,9.07,0.05,+0.55%,0
"2023-12-27 14:40",9.11,9.2,9.11,9.2,0.13,+1.43%,0
"2023-12-27 14:41",9.23,9.26,9.2,9.2,0,0.00%,0
"2023-12-27 14:42",9.21,9.32,9.21,9.32,0.12,+1.30%,0
"2023-12-27 14:43",9.36,9.36,9.33,9.35,0.03,+0.32%,0
"2023-12-27 14:44",9.35,9.41,9.35,9.36,0.01,+0.11%,0
"2023-12-27 14:45",9.33,9.33,9.29,9.29,-0.07,-0.75%,0
"2023-12-27 14:46",9.28,9.28,9.21,9.21,-0.08,-0.86%,0
"2023-12-27 14:47",9.2,9.21,9.2,9.21,0,0.00%,0
"2023-12-27 14:48",9.2,9.22,9.2,9.22,0.01,+0.11%,0
"2023-12-27 14:49",9.22,9.23,9.22,9.23,0.01,+0.11%,0
"2023-12-27 14:50",9.2,9.22,9.17,9.17,-0.06,-0.65%,0
"2023-12-27 14:51",9.18,9.18,9.16,9.16,-0.01,-0.11%,0
"2023-12-27 14:52",9.14,9.19,9.14,9.19,0.03,+0.33%,0
"2023-12-27 14:53",9.22,9.29,9.22,9.29,0.1,+1.09%,0
"2023-12-27 14:54",9.29,9.29,9.27,9.28,-0.01,-0.11%,0
"2023-12-27 14:55",9.28,9.31,9.28,9.31,0.03,+0.32%,0
"2023-12-27 14:56",9.29,9.32,9.28,9.28,-0.03,-0.32%,0
"2023-12-27 14:57",9.28,9.3,9.28,9.3,0.02,+0.22%,0
"2023-12-27 14:58",9.29,9.29,9.21,9.21,-0.09,-0.97%,0
"2023-12-27 14:59",9.17,9.18,9.16,9.16,-0.05,-0.54%,0
"2023-12-27 15:00",9.17,9.17,9.15,9.15,-0.01,-0.11%,0
"2023-12-27 15:01",9.15,9.16,9.12,9.13,-0.02,-0.22%,0
"2023-12-27 15:02",9.12,9.14,9.1,9.1,-0.03,-0.33%,0
"2023-12-27 15:03",9.1,9.1,9.07,9.07,-0.03,-0.33%,0
"2023-12-27 15:04",9.06,9.09,9.06,9.08,0.01,+0.11%,0
"2023-12-27 15:05",9.08,9.09,9.08,9.08,0,0.00%,0
"2023-12-27 15:06",9.1,9.14,9.1,9.1,0.02,+0.22%,0
"2023-12-27 15:07",9.1,9.1,9.07,9.07,-0.03,-0.33%,0
"2023-12-27 15:08",9.06,9.07,9.05,9.06,-0.01,-0.11%,0
"2023-12-27 15:09",9.07,9.08,9.07,9.07,0.01,+0.11%,0
"2023-12-27 15:10",9.07,9.09,9.07,9.08,0.01,+0.11%,0
"2023-12-27 15:11",9.08,9.14,9.06,9.14,0.06,+0.66%,0
"2023-12-27 15:12",9.09,9.09,9.06,9.06,-0.08,-0.88%,0
"2023-12-27 15:13",9.07,9.09,8.93,8.93,-0.13,-1.43%,0
"2023-12-27 15:14",8.9,8.9,8.87,8.87,-0.06,-0.67%,0
"2023-12-27 15:15",8.84,8.84,8.8,8.8,-0.07,-0.79%,0
"2023-12-27 15:16",8.74,8.74,8.73,8.74,-0.06,-0.68%,0
"2023-12-27 15:17",8.73,8.76,8.73,8.76,0.02,+0.23%,0
"2023-12-27 15:18",8.74,8.75,8.74,8.74,-0.02,-0.23%,0
"2023-12-27 15:19",8.72,8.72,8.66,8.66,-0.08,-0.92%,0
"2023-12-27 15:20",8.64,8.64,8.64,8.64,-0.02,-0.23%,0
"2023-12-27 15:21",8.63,8.63,8.57,8.57,-0.07,-0.81%,0
"2023-12-27 15:22",8.57,8.57,8.54,8.54,-0.03,-0.35%,0
"2023-12-27 15:23",8.53,8.54,8.53,8.54,0,0.00%,0
"2023-12-27 15:24",8.51,8.52,8.51,8.52,-0.02,-0.23%,0
"2023-12-27 15:25",8.52,8.65,8.52,8.62,0.1,+1.17%,0
"2023-12-27 15:26",8.57,8.62,8.57,8.62,0,0.00%,0
"2023-12-27 15:27",8.66,8.67,8.66,8.66,0.04,+0.46%,0
"2023-12-27 15:28",8.69,8.7,8.69,8.7,0.04,+0.46%,0
"2023-12-27 15:29",8.7,8.7,8.65,8.65,-0.05,-0.57%,0
"2023-12-27 15:30",8.61,8.63,8.61,8.62,-0.03,-0.35%,0
"2023-12-27 15:31",8.6,8.62,8.6,8.62,0,0.00%,0
"2023-12-27 15:32",8.63,8.63,8.6,8.62,0,0.00%,0
"2023-12-27 15:33",8.6,8.61,8.6,8.61,-0.01,-0.12%,0
"2023-12-27 15:34",8.6,8.6,8.58,8.58,-0.03,-0.35%,0
"2023-12-27 15:35",8.58,8.65,8.58,8.65,0.07,+0.82%,0
"2023-12-27 15:36",8.73,8.79,8.73,8.78,0.13,+1.50%,0
"2023-12-27 15:37",8.78,8.8,8.78,8.8,0.02,+0.23%,0
"2023-12-27 15:38",8.81,8.81,8.75,8.77,-0.03,-0.34%,0
"2023-12-27 15:39",8.77,8.79,8.77,8.79,0.02,+0.23%,0
"2023-12-27 15:40",8.78,8.78,8.74,8.74,-0.05,-0.57%,0
"2023-12-27 15:41",8.73,8.84,8.73,8.84,0.1,+1.14%,0
"2023-12-27 15:42",8.88,8.9,8.88,8.9,0.06,+0.68%,0
"2023-12-27 15:43",8.92,8.99,8.92,8.99,0.09,+1.01%,0
"2023-12-27 15:44",8.97,8.97,8.86,8.86,-0.13,-1.45%,0
"2023-12-27 15:45",8.84,8.85,8.82,8.82,-0.04,-0.45%,0
"2023-12-27 15:46",8.82,8.82,8.8,8.8,-0.02,-0.23%,0
"2023-12-27 15:47",8.81,8.82,8.81,8.82,0.02,+0.23%,0
"2023-12-27 15:48",8.82,8.82,8.73,8.73,-0.09,-1.02%,0
"2023-12-27 15:49",8.75,8.88,8.75,8.88,0.15,+1.72%,0
"2023-12-27 15:50",8.89,8.89,8.86,8.88,0,0.00%,0
"2023-12-27 15:51",8.76,8.76,8.67,8.67,-0.21,-2.36%,0
"2023-12-27 15:52",8.56,8.64,8.56,8.63,-0.04,-0.46%,0
"2023-12-27 15:53",8.59,8.59,8.56,8.56,-0.07,-0.81%,0
"2023-12-27 15:54",8.55,8.62,8.55,8.62,0.06,+0.70%,0
"2023-12-27 15:55",8.69,8.69,8.58,8.58,-0.04,-0.46%,0
"2023-12-27 15:56",8.55,8.58,8.54,8.56,-0.02,-0.23%,0
"2023-12-27 15:57",8.48,8.48,8.33,8.33,-0.23,-2.69%,0
"2023-12-27 15:58",8.28,8.29,8.26,8.26,-0.07,-0.84%,0
"2023-12-27 15:59",8.24,8.24,8.05,8.05,-0.21,-2.54%,0
"2023-12-27 16:00",8.01,8.05,7.93,7.93,-0.12,-1.49%,0
"2023-12-27 16:01",7.9,7.92,7.9,7.92,-0.01,-0.13%,0
"2023-12-27 16:02",7.92,7.93,7.92,7.93,0.01,+0.13%,0
"2023-12-27 16:03",7.95,8,7.95,8,0.07,+0.88%,0
"2023-12-27 16:04",8,8.06,7.9,7.9,-0.1,-1.25%,0
"2023-12-27 16:05",8.03,8.25,8.03,8.25,0.35,+4.43%,0
"2023-12-27 16:06",8.25,8.31,8.25,8.31,0.06,+0.73%,0
"2023-12-27 16:07",8.37,8.4,8.37,8.39,0.08,+0.96%,0
"2023-12-27 16:08",8.33,8.45,8.33,8.38,-0.01,-0.12%,0
"2023-12-27 16:09",8.4,8.45,8.4,8.41,0.03,+0.36%,0
"2023-12-27 16:10",8.43,8.46,8.42,8.46,0.05,+0.59%,0
"2023-12-27 16:11",8.47,8.51,8.47,8.51,0.05,+0.59%,0
"2023-12-27 16:12",8.51,8.52,8.51,8.52,0.01,+0.12%,0
"2023-12-27 16:13",8.54,8.54,8.46,8.46,-0.06,-0.70%,0
"2023-12-27 16:14",8.46,8.47,8.24,8.24,-0.22,-2.60%,0
"2023-12-27 16:15",8.23,8.23,8.23,8.23,-0.01,-0.12%,0
"2023-12-28 09:31",7.36,7.36,7.27,7.27,-0.96,-11.66%,0
"2023-12-28 09:32",7.12,7.14,7.07,7.07,-0.2,-2.75%,0
"2023-12-28 09:33",7.12,7.16,7.12,7.16,0.09,+1.27%,0
"2023-12-28 09:34",7.17,7.27,7.17,7.27,0.11,+1.54%,0
"2023-12-28 09:35",7.17,7.17,7.08,7.09,-0.18,-2.48%,0
"2023-12-28 09:36",7.08,7.14,7.08,7.1,0.01,+0.14%,0
"2023-12-28 09:37",7.1,7.14,7.1,7.14,0.04,+0.56%,0
"2023-12-28 09:38",7.11,7.18,7.11,7.18,0.04,+0.56%,0
"2023-12-28 09:39",7.15,7.17,7.14,7.16,-0.02,-0.28%,0
"2023-12-28 09:40",7.15,7.18,7.15,7.15,-0.01,-0.14%,0
"2023-12-28 09:41",7.16,7.24,7.16,7.24,0.09,+1.26%,0
"2023-12-28 09:42",7.19,7.23,7.19,7.21,-0.03,-0.41%,0
"2023-12-28 09:43",7.2,7.23,7.2,7.22,0.01,+0.14%,0
"2023-12-28 09:44",7.24,7.31,7.24,7.31,0.09,+1.25%,0
"2023-12-28 09:45",7.32,7.33,7.26,7.26,-0.05,-0.68%,0
"2023-12-28 09:46",7.26,7.26,7.22,7.23,-0.03,-0.41%,0
"2023-12-28 09:47",7.22,7.29,7.22,7.29,0.06,+0.83%,0
"2023-12-28 09:48",7.29,7.3,7.27,7.27,-0.02,-0.27%,0
"2023-12-28 09:49",7.28,7.32,7.28,7.32,0.05,+0.69%,0
"2023-12-28 09:50",7.3,7.32,7.3,7.31,-0.01,-0.14%,0
"2023-12-28 09:51",7.31,7.33,7.31,7.32,0.01,+0.14%,0
"2023-12-28 09:52",7.3,7.3,7.29,7.29,-0.03,-0.41%,0
"2023-12-28 09:53",7.27,7.3,7.27,7.29,0,0.00%,0
"2023-12-28 09:54",7.3,7.3,7.24,7.24,-0.05,-0.69%,0
"2023-12-28 09:55",7.26,7.3,7.26,7.28,0.04,+0.55%,0
"2023-12-28 09:56",7.28,7.31,7.28,7.31,0.03,+0.41%,0
"2023-12-28 09:57",7.28,7.29,7.26,7.26,-0.05,-0.68%,0
"2023-12-28 09:58",7.27,7.32,7.27,7.32,0.06,+0.83%,0
"2023-12-28 09:59",7.33,7.36,7.33,7.34,0.02,+0.27%,0
"2023-12-28 10:00",7.31,7.35,7.31,7.35,0.01,+0.14%,0
"2023-12-28 10:01",7.36,7.39,7.36,7.36,0.01,+0.14%,0
"2023-12-28 10:02",7.35,7.37,7.35,7.36,0,0.00%,0
"2023-12-28 10:03",7.37,7.38,7.36,7.36,0,0.00%,0
"2023-12-28 10:04",7.36,7.37,7.35,7.35,-0.01,-0.14%,0
"2023-12-28 10:05",7.35,7.39,7.35,7.39,0.04,+0.54%,0
"2023-12-28 10:06",7.38,7.43,7.38,7.43,0.04,+0.54%,0
"2023-12-28 10:07",7.44,7.46,7.43,7.44,0.01,+0.13%,0
"2023-12-28 10:08",7.44,7.45,7.44,7.45,0.01,+0.13%,0
"2023-12-28 10:09",7.45,7.45,7.42,7.43,-0.02,-0.27%,0
"2023-12-28 10:10",7.44,7.45,7.44,7.45,0.02,+0.27%,0
"2023-12-28 10:11",7.46,7.49,7.46,7.49,0.04,+0.54%,0
"2023-12-28 10:12",7.47,7.47,7.44,7.44,-0.05,-0.67%,0
"2023-12-28 10:13",7.42,7.47,7.42,7.47,0.03,+0.40%,0
"2023-12-28 10:14",7.47,7.49,7.47,7.49,0.02,+0.27%,0
"2023-12-28 10:15",7.5,7.5,7.41,7.41,-0.08,-1.07%,0
"2023-12-28 10:16",7.41,7.43,7.38,7.38,-0.03,-0.40%,0
"2023-12-28 10:17",7.37,7.38,7.35,7.35,-0.03,-0.41%,0
"2023-12-28 10:18",7.35,7.38,7.35,7.38,0.03,+0.41%,0
"2023-12-28 10:19",7.37,7.4,7.37,7.39,0.01,+0.14%,0
"2023-12-28 10:20",7.39,7.4,7.38,7.4,0.01,+0.14%,0
"2023-12-28 10:21",7.39,7.41,7.38,7.38,-0.02,-0.27%,0
"2023-12-28 10:22",7.37,7.37,7.35,7.35,-0.03,-0.41%,0
"2023-12-28 10:23",7.35,7.39,7.35,7.37,0.02,+0.27%,0
"2023-12-28 10:24",7.36,7.38,7.36,7.36,-0.01,-0.14%,0
"2023-12-28 10:25",7.35,7.37,7.29,7.29,-0.07,-0.95%,0
"2023-12-28 10:26",7.28,7.32,7.28,7.32,0.03,+0.41%,0
"2023-12-28 10:27",7.31,7.34,7.31,7.33,0.01,+0.14%,0
"2023-12-28 10:28",7.32,7.33,7.32,7.33,0,0.00%,0
"2023-12-28 10:29",7.32,7.33,7.32,7.33,0,0.00%,0
"2023-12-28 10:30",7.33,7.35,7.33,7.34,0.01,+0.14%,0
"2023-12-28 10:31",7.35,7.4,7.35,7.4,0.06,+0.82%,0
"2023-12-28 10:32",7.39,7.42,7.39,7.41,0.01,+0.14%,0
"2023-12-28 10:33",7.39,7.39,7.38,7.39,-0.02,-0.27%,0
"2023-12-28 10:34",7.41,7.45,7.41,7.45,0.06,+0.81%,0
"2023-12-28 10:35",7.45,7.46,7.45,7.46,0.01,+0.13%,0
"2023-12-28 10:36",7.46,7.48,7.46,7.48,0.02,+0.27%,0
"2023-12-28 10:37",7.47,7.5,7.47,7.48,0,0.00%,0
"2023-12-28 10:38",7.5,7.52,7.49,7.49,0.01,+0.13%,0
"2023-12-28 10:39",7.48,7.52,7.48,7.52,0.03,+0.40%,0
"2023-12-28 10:40",7.52,7.52,7.48,7.49,-0.03,-0.40%,0
"2023-12-28 10:41",7.49,7.54,7.49,7.54,0.05,+0.67%,0
"2023-12-28 10:42",7.53,7.57,7.53,7.55,0.01,+0.13%,0
"2023-12-28 10:43",7.55,7.57,7.55,7.56,0.01,+0.13%,0
"2023-12-28 10:44",7.55,7.58,7.55,7.57,0.01,+0.13%,0
"2023-12-28 10:45",7.57,7.58,7.57,7.58,0.01,+0.13%,0
"2023-12-28 10:46",7.58,7.59,7.58,7.59,0.01,+0.13%,0
"2023-12-28 10:47",7.59,7.62,7.59,7.6,0.01,+0.13%,0
"2023-12-28 10:48",7.61,7.63,7.61,7.63,0.03,+0.39%,0
"2023-12-28 10:49",7.62,7.62,7.6,7.6,-0.03,-0.39%,0
"2023-12-28 10:50",7.59,7.65,7.59,7.65,0.05,+0.66%,0
"2023-12-28 10:51",7.65,7.67,7.64,7.64,-0.01,-0.13%,0
"2023-12-28 10:52",7.64,7.68,7.64,7.67,0.03,+0.39%,0
"2023-12-28 10:53",7.68,7.7,7.68,7.7,0.03,+0.39%,0
"2023-12-28 10:54",7.69,7.72,7.69,7.72,0.02,+0.26%,0
"2023-12-28 10:55",7.71,7.74,7.71,7.71,-0.01,-0.13%,0
"2023-12-28 10:56",7.73,7.86,7.73,7.86,0.15,+1.95%,0
"2023-12-28 10:57",7.88,7.88,7.83,7.86,0,0.00%,0
"2023-12-28 10:58",7.85,7.87,7.82,7.82,-0.04,-0.51%,0
"2023-12-28 10:59",7.85,7.89,7.85,7.89,0.07,+0.90%,0
"2023-12-28 11:00",7.9,7.92,7.9,7.92,0.03,+0.38%,0
"2023-12-28 11:01",7.93,7.94,7.9,7.91,-0.01,-0.13%,0
"2023-12-28 11:02",7.95,8.01,7.95,7.99,0.08,+1.01%,0
"2023-12-28 11:03",8.01,8.01,7.96,7.96,-0.03,-0.38%,0
"2023-12-28 11:04",8.01,8.02,7.98,7.98,0.02,+0.25%,0
"2023-12-28 11:05",7.99,8.01,7.97,7.97,-0.01,-0.13%,0
"2023-12-28 11:06",7.97,8.02,7.97,8.01,0.04,+0.50%,0
"2023-12-28 11:07",8.01,8.02,8.01,8.02,0.01,+0.12%,0
"2023-12-28 11:08",8.05,8.14,8.05,8.14,0.12,+1.50%,0
"2023-12-28 11:09",8.13,8.13,8.08,8.08,-0.06,-0.74%,0
"2023-12-28 11:10",8.05,8.08,8.05,8.08,0,0.00%,0
"2023-12-28 11:11",8.07,8.07,8.05,8.05,-0.03,-0.37%,0
"2023-12-28 11:12",8.03,8.06,8.03,8.06,0.01,+0.12%,0
"2023-12-28 11:13",8.05,8.09,8.05,8.09,0.03,+0.37%,0
"2023-12-28 11:14",8.09,8.1,8.09,8.09,0,0.00%,0
"2023-12-28 11:15",8.08,8.12,8.08,8.12,0.03,+0.37%,0
"2023-12-28 11:16",8.13,8.17,8.13,8.17,0.05,+0.62%,0
"2023-12-28 11:17",8.15,8.2,8.15,8.17,0,0.00%,0
"2023-12-28 11:18",8.16,8.19,8.16,8.18,0.01,+0.12%,0
"2023-12-28 11:19",8.17,8.22,8.17,8.22,0.04,+0.49%,0
"2023-12-28 11:20",8.24,8.29,8.17,8.17,-0.05,-0.61%,0
"2023-12-28 11:21",8.17,8.2,8.17,8.2,0.03,+0.37%,0
"2023-12-28 11:22",8.18,8.22,8.18,8.21,0.01,+0.12%,0
"2023-12-28 11:23",8.2,8.25,8.2,8.25,0.04,+0.49%,0
"2023-12-28 11:24",8.27,8.3,8.27,8.29,0.04,+0.48%,0
"2023-12-28 11:25",8.3,8.34,8.3,8.34,0.05,+0.60%,0
"2023-12-28 11:26",8.35,8.37,8.35,8.37,0.03,+0.36%,0
"2023-12-28 11:27",8.38,8.38,8.32,8.32,-0.05,-0.60%,0
"2023-12-28 11:28",8.32,8.34,8.31,8.31,-0.01,-0.12%,0
"2023-12-28 11:29",8.32,8.34,8.32,8.34,0.03,+0.36%,0
"2023-12-28 11:30",8.33,8.35,8.33,8.35,0.01,+0.12%,0
"2023-12-28 11:31",8.36,8.4,8.36,8.4,0.05,+0.60%,0
"2023-12-28 11:32",8.4,8.4,8.36,8.36,-0.04,-0.48%,0
"2023-12-28 11:33",8.33,8.37,8.33,8.37,0.01,+0.12%,0
"2023-12-28 11:34",8.38,8.42,8.38,8.42,0.05,+0.60%,0
"2023-12-28 11:35",8.43,8.49,8.43,8.49,0.07,+0.83%,0
"2023-12-28 11:36",8.48,8.48,8.47,8.47,-0.02,-0.24%,0
"2023-12-28 11:37",8.45,8.48,8.45,8.48,0.01,+0.12%,0
"2023-12-28 11:38",8.48,8.51,8.48,8.5,0.02,+0.24%,0
"2023-12-28 11:39",8.49,8.52,8.49,8.5,0,0.00%,0
"2023-12-28 11:40",8.5,8.51,8.49,8.49,-0.01,-0.12%,0
"2023-12-28 11:41",8.49,8.51,8.48,8.48,-0.01,-0.12%,0
"2023-12-28 11:42",8.45,8.46,8.43,8.43,-0.05,-0.59%,0
"2023-12-28 11:43",8.43,8.44,8.41,8.41,-0.02,-0.24%,0
"2023-12-28 11:44",8.41,8.44,8.41,8.43,0.02,+0.24%,0
"2023-12-28 11:45",8.42,8.43,8.42,8.43,0,0.00%,0
"2023-12-28 11:46",8.43,8.5,8.43,8.5,0.07,+0.83%,0
"2023-12-28 11:47",8.48,8.53,8.48,8.52,0.02,+0.24%,0
"2023-12-28 11:48",8.51,8.54,8.51,8.54,0.02,+0.23%,0
"2023-12-28 11:49",8.53,8.54,8.53,8.54,0,0.00%,0
"2023-12-28 11:50",8.54,8.57,8.54,8.57,0.03,+0.35%,0
"2023-12-28 11:51",8.55,8.55,8.51,8.51,-0.06,-0.70%,0
"2023-12-28 11:52",8.51,8.55,8.51,8.54,0.03,+0.35%,0
"2023-12-28 11:53",8.53,8.56,8.53,8.56,0.02,+0.23%,0
"2023-12-28 11:54",8.56,8.59,8.56,8.59,0.03,+0.35%,0
"2023-12-28 11:55",8.58,8.6,8.58,8.6,0.01,+0.12%,0
"2023-12-28 11:56",8.59,8.59,8.57,8.57,-0.03,-0.35%,0
"2023-12-28 11:57",8.56,8.6,8.56,8.59,0.02,+0.23%,0
"2023-12-28 11:58",8.6,8.63,8.6,8.61,0.02,+0.23%,0
"2023-12-28 11:59",8.62,8.62,8.61,8.61,0,0.00%,0
"2023-12-28 12:00",8.61,8.64,8.61,8.63,0.02,+0.23%,0
"2023-12-28 12:01",8.59,8.59,8.57,8.57,-0.06,-0.70%,0
"2023-12-28 12:02",8.57,8.58,8.5,8.5,-0.07,-0.82%,0
"2023-12-28 12:03",8.5,8.54,8.5,8.52,0.02,+0.24%,0
"2023-12-28 12:04",8.51,8.54,8.51,8.54,0.02,+0.23%,0
"2023-12-28 12:05",8.54,8.55,8.54,8.54,0,0.00%,0
"2023-12-28 12:06",8.54,8.54,8.53,8.53,-0.01,-0.12%,0
"2023-12-28 12:07",8.54,8.55,8.54,8.54,0.01,+0.12%,0
"2023-12-28 12:08",8.54,8.57,8.54,8.57,0.03,+0.35%,0
"2023-12-28 12:09",8.56,8.58,8.56,8.58,0.01,+0.12%,0
"2023-12-28 12:10",8.58,8.59,8.57,8.58,0,0.00%,0
"2023-12-28 12:11",8.58,8.59,8.58,8.59,0.01,+0.12%,0
"2023-12-28 12:12",8.59,8.62,8.59,8.61,0.02,+0.23%,0
"2023-12-28 12:13",8.6,8.62,8.6,8.62,0.01,+0.12%,0
"2023-12-28 12:14",8.64,8.67,8.64,8.67,0.05,+0.58%,0
"2023-12-28 12:15",8.66,8.66,8.61,8.61,-0.06,-0.69%,0
"2023-12-28 12:16",8.6,8.63,8.6,8.63,0.02,+0.23%,0
"2023-12-28 12:17",8.64,8.64,8.63,8.63,0,0.00%,0
"2023-12-28 12:18",8.63,8.65,8.63,8.64,0.01,+0.12%,0
"2023-12-28 12:19",8.63,8.66,8.63,8.66,0.02,+0.23%,0
"2023-12-28 12:20",8.65,8.66,8.65,8.66,0,0.00%,0
"2023-12-28 12:21",8.66,8.68,8.66,8.67,0.01,+0.12%,0
"2023-12-28 12:22",8.67,8.69,8.67,8.68,0.01,+0.12%,0
"2023-12-28 12:23",8.69,8.72,8.69,8.72,0.04,+0.46%,0
"2023-12-28 12:24",8.71,8.74,8.71,8.72,0,0.00%,0
"2023-12-28 12:25",8.71,8.73,8.71,8.73,0.01,+0.11%,0
"2023-12-28 12:26",8.73,8.75,8.73,8.75,0.02,+0.23%,0
"2023-12-28 12:27",8.75,8.77,8.75,8.77,0.02,+0.23%,0
"2023-12-28 12:28",8.78,8.8,8.78,8.79,0.02,+0.23%,0
"2023-12-28 12:29",8.8,8.81,8.8,8.81,0.02,+0.23%,0
"2023-12-28 12:30",8.82,8.83,8.82,8.82,0.01,+0.11%,0
"2023-12-28 12:31",8.8,8.81,8.8,8.81,-0.01,-0.11%,0
"2023-12-28 12:32",8.83,8.83,8.78,8.78,-0.03,-0.34%,0
"2023-12-28 12:33",8.8,8.84,8.8,8.83,0.05,+0.57%,0
"2023-12-28 12:34",8.84,8.84,8.83,8.83,0,0.00%,0
"2023-12-28 12:35",8.82,8.85,8.82,8.84,0.01,+0.11%,0
"2023-12-28 12:36",8.83,8.85,8.83,8.84,0,0.00%,0
"2023-12-28 12:37",8.87,8.89,8.87,8.89,0.05,+0.57%,0
"2023-12-28 12:38",8.89,8.9,8.89,8.9,0.01,+0.11%,0
"2023-12-28 12:39",8.91,8.92,8.91,8.91,0.01,+0.11%,0
"2023-12-28 12:40",8.91,8.91,8.89,8.9,-0.01,-0.11%,0
"2023-12-28 12:41",8.9,8.91,8.9,8.9,0,0.00%,0
"2023-12-28 12:42",8.91,8.93,8.88,8.88,-0.02,-0.22%,0
"2023-12-28 12:43",8.86,8.87,8.85,8.85,-0.03,-0.34%,0
"2023-12-28 12:44",8.84,8.86,8.84,8.86,0.01,+0.11%,0
"2023-12-28 12:45",8.87,8.87,8.83,8.83,-0.03,-0.34%,0
"2023-12-28 12:46",8.83,8.87,8.83,8.87,0.04,+0.45%,0
"2023-12-28 12:47",8.86,8.89,8.86,8.88,0.01,+0.11%,0
"2023-12-28 12:48",8.89,8.91,8.89,8.91,0.03,+0.34%,0
"2023-12-28 12:49",8.91,8.95,8.91,8.94,0.03,+0.34%,0
"2023-12-28 12:50",8.93,8.93,8.85,8.85,-0.09,-1.01%,0
"2023-12-28 12:51",8.84,8.85,8.84,8.85,0,0.00%,0
"2023-12-28 12:52",8.84,8.86,8.84,8.86,0.01,+0.11%,0
"2023-12-28 12:53",8.86,8.91,8.86,8.9,0.04,+0.45%,0
"2023-12-28 12:54",8.89,8.91,8.89,8.91,0.01,+0.11%,0
"2023-12-28 12:55",8.92,8.92,8.9,8.9,-0.01,-0.11%,0
"2023-12-28 12:56",8.88,8.92,8.88,8.91,0.01,+0.11%,0
"2023-12-28 12:57",8.9,8.92,8.9,8.92,0.01,+0.11%,0
"2023-12-28 12:58",8.92,8.95,8.91,8.95,0.03,+0.34%,0
"2023-12-28 12:59",8.96,8.98,8.96,8.98,0.03,+0.34%,0
"2023-12-28 13:00",8.98,9.01,8.98,8.99,0.01,+0.11%,0
"2023-12-28 13:01",8.98,9.03,8.98,9.03,0.04,+0.44%,0
"2023-12-28 13:02",9.07,9.07,9,9.04,0.01,+0.11%,0
"2023-12-28 13:03",9.06,9.06,9.02,9.05,0.01,+0.11%,0
"2023-12-28 13:04",9.16,9.16,9.07,9.07,0.02,+0.22%,0
"2023-12-28 13:05",9.07,9.29,9.07,9.29,0.22,+2.43%,0
"2023-12-28 13:06",9.27,9.39,9.27,9.34,0.05,+0.54%,0
"2023-12-28 13:07",9.32,9.32,9.27,9.27,-0.07,-0.75%,0
"2023-12-28 13:08",9.24,9.27,9.23,9.23,-0.04,-0.43%,0
"2023-12-28 13:09",9.23,9.27,9.18,9.18,-0.05,-0.54%,0
"2023-12-28 13:10",9.15,9.15,9.08,9.08,-0.1,-1.09%,0
"2023-12-28 13:11",9.08,9.13,9.08,9.13,0.05,+0.55%,0
"2023-12-28 13:12",9.15,9.25,9.15,9.25,0.12,+1.31%,0
"2023-12-28 13:13",9.2,9.2,9.16,9.17,-0.08,-0.86%,0
"2023-12-28 13:14",9.18,9.18,9.17,9.18,0.01,+0.11%,0
"2023-12-28 13:15",9.16,9.17,9.15,9.15,-0.03,-0.33%,0
"2023-12-28 13:16",9.15,9.18,9.15,9.17,0.02,+0.22%,0
"2023-12-28 13:17",9.15,9.18,9.15,9.17,0,0.00%,0
"2023-12-28 13:18",9.18,9.18,9.16,9.17,0,0.00%,0
"2023-12-28 13:19",9.14,9.16,9.13,9.13,-0.04,-0.44%,0
"2023-12-28 13:20",9.14,9.14,9.12,9.12,-0.01,-0.11%,0
"2023-12-28 13:21",9.13,9.16,9.13,9.14,0.02,+0.22%,0
"2023-12-28 13:22",9.14,9.17,9.13,9.13,-0.01,-0.11%,0
"2023-12-28 13:23",9.12,9.14,9.12,9.14,0.01,+0.11%,0
"2023-12-28 13:24",9.14,9.14,9.11,9.11,-0.03,-0.33%,0
"2023-12-28 13:25",9.11,9.13,9.11,9.13,0.02,+0.22%,0
"2023-12-28 13:26",9.12,9.15,9.12,9.15,0.02,+0.22%,0
"2023-12-28 13:27",9.17,9.2,9.17,9.2,0.05,+0.55%,0
"2023-12-28 13:28",9.18,9.2,9.18,9.2,0,0.00%,0
"2023-12-28 13:29",9.2,9.23,9.2,9.23,0.03,+0.33%,0
"2023-12-28 13:30",9.22,9.23,9.2,9.2,-0.03,-0.33%,0
"2023-12-28 13:31",9.19,9.21,9.19,9.2,0,0.00%,0
"2023-12-28 13:32",9.21,9.23,9.21,9.21,0.01,+0.11%,0
"2023-12-28 13:33",9.21,9.23,9.21,9.23,0.02,+0.22%,0
"2023-12-28 13:34",9.23,9.26,9.23,9.26,0.03,+0.33%,0
"2023-12-28 13:35",9.24,9.27,9.24,9.25,-0.01,-0.11%,0
"2023-12-28 13:36",9.25,9.28,9.25,9.28,0.03,+0.32%,0
"2023-12-28 13:37",9.24,9.28,9.24,9.28,0,0.00%,0
"2023-12-28 13:38",9.27,9.31,9.27,9.31,0.03,+0.32%,0
"2023-12-28 13:39",9.31,9.34,9.31,9.34,0.03,+0.32%,0
"2023-12-28 13:40",9.36,9.47,9.36,9.44,0.1,+1.07%,0
"2023-12-28 13:41",9.42,9.46,9.42,9.46,0.02,+0.21%,0
"2023-12-28 13:42",9.52,9.52,9.47,9.47,0.01,+0.11%,0
"2023-12-28 13:43",9.45,9.47,9.45,9.47,0,0.00%,0
"2023-12-28 13:44",9.48,9.5,9.48,9.49,0.02,+0.21%,0
"2023-12-28 13:45",9.49,9.52,9.49,9.52,0.03,+0.32%,0
"2023-12-28 13:46",9.52,9.55,9.52,9.53,0.01,+0.11%,0
"2023-12-28 13:47",9.53,9.56,9.53,9.55,0.02,+0.21%,0
"2023-12-28 13:48",9.55,9.56,9.55,9.55,0,0.00%,0
"2023-12-28 13:49",9.55,9.56,9.52,9.52,-0.03,-0.31%,0
"2023-12-28 13:50",9.51,9.53,9.51,9.52,0,0.00%,0
"2023-12-28 13:51",9.53,9.54,9.53,9.53,0.01,+0.11%,0
"2023-12-28 13:52",9.53,9.54,9.53,9.54,0.01,+0.10%,0
"2023-12-28 13:53",9.54,9.55,9.52,9.52,-0.02,-0.21%,0
"2023-12-28 13:54",9.52,9.52,9.51,9.51,-0.01,-0.11%,0
"2023-12-28 13:55",9.52,9.57,9.52,9.57,0.06,+0.63%,0
"2023-12-28 13:56",9.58,9.59,9.58,9.59,0.02,+0.21%,0
"2023-12-28 13:57",9.59,9.61,9.59,9.61,0.02,+0.21%,0
"2023-12-28 13:58",9.6,9.63,9.6,9.63,0.02,+0.21%,0
"2023-12-28 13:59",9.63,9.64,9.63,9.64,0.01,+0.10%,0
"2023-12-28 14:00",9.64,9.65,9.61,9.61,-0.03,-0.31%,0
"2023-12-28 14:01",9.63,9.63,9.61,9.61,0,0.00%,0
"2023-12-28 14:02",9.61,9.64,9.61,9.63,0.02,+0.21%,0
"2023-12-28 14:03",9.63,9.65,9.63,9.64,0.01,+0.10%,0
"2023-12-28 14:04",9.62,9.63,9.59,9.59,-0.05,-0.52%,0
"2023-12-28 14:05",9.58,9.61,9.58,9.6,0.01,+0.10%,0
"2023-12-28 14:06",9.61,9.63,9.61,9.61,0.01,+0.10%,0
"2023-12-28 14:07",9.6,9.61,9.6,9.61,0,0.00%,0
"2023-12-28 14:08",9.61,9.64,9.61,9.64,0.03,+0.31%,0
"2023-12-28 14:09",9.64,9.67,9.64,9.67,0.03,+0.31%,0
"2023-12-28 14:10",9.64,9.64,9.62,9.62,-0.05,-0.52%,0
"2023-12-28 14:11",9.61,9.61,9.59,9.6,-0.02,-0.21%,0
"2023-12-28 14:12",9.57,9.57,9.52,9.52,-0.08,-0.83%,0
"2023-12-28 14:13",9.5,9.54,9.5,9.53,0.01,+0.11%,0
"2023-12-28 14:14",9.51,9.54,9.51,9.54,0.01,+0.10%,0
"2023-12-28 14:15",9.54,9.54,9.52,9.52,-0.02,-0.21%,0
"2023-12-28 14:16",9.52,9.54,9.52,9.54,0.02,+0.21%,0
"2023-12-28 14:17",9.54,9.56,9.54,9.55,0.01,+0.10%,0
"2023-12-28 14:18",9.55,9.57,9.55,9.57,0.02,+0.21%,0
"2023-12-28 14:19",9.57,9.6,9.57,9.6,0.03,+0.31%,0
"2023-12-28 14:20",9.59,9.6,9.58,9.58,-0.02,-0.21%,0
"2023-12-28 14:21",9.57,9.6,9.57,9.59,0.01,+0.10%,0
"2023-12-28 14:22",9.59,9.61,9.59,9.6,0.01,+0.10%,0
"2023-12-28 14:23",9.6,9.62,9.6,9.62,0.02,+0.21%,0
"2023-12-28 14:24",9.63,9.63,9.61,9.61,-0.01,-0.10%,0
"2023-12-28 14:25",9.63,9.65,9.63,9.64,0.03,+0.31%,0
"2023-12-28 14:26",9.66,9.67,9.66,9.66,0.02,+0.21%,0
"2023-12-28 14:27",9.66,9.68,9.66,9.67,0.01,+0.10%,0
"2023-12-28 14:28",9.68,9.69,9.68,9.69,0.02,+0.21%,0
"2023-12-28 14:29",9.7,9.72,9.7,9.7,0.01,+0.10%,0
"2023-12-28 14:30",9.7,9.71,9.7,9.71,0.01,+0.10%,0
"2023-12-28 14:31",9.71,9.71,9.7,9.7,-0.01,-0.10%,0
"2023-12-28 14:32",9.71,9.74,9.71,9.74,0.04,+0.41%,0
"2023-12-28 14:33",9.73,9.77,9.73,9.77,0.03,+0.31%,0
"2023-12-28 14:34",9.78,9.8,9.76,9.76,-0.01,-0.10%,0
"2023-12-28 14:35",9.75,9.77,9.75,9.75,-0.01,-0.10%,0
"2023-12-28 14:36",9.74,9.77,9.74,9.76,0.01,+0.10%,0
"2023-12-28 14:37",9.75,9.76,9.7,9.7,-0.06,-0.61%,0
"2023-12-28 14:38",9.71,9.73,9.71,9.73,0.03,+0.31%,0
"2023-12-28 14:39",9.74,9.78,9.74,9.77,0.04,+0.41%,0
"2023-12-28 14:40",9.75,9.76,9.75,9.75,-0.02,-0.20%,0
"2023-12-28 14:41",9.75,9.76,9.75,9.76,0.01,+0.10%,0
"2023-12-28 14:42",9.77,9.79,9.77,9.79,0.03,+0.31%,0
"2023-12-28 14:43",9.8,9.84,9.8,9.84,0.05,+0.51%,0
"2023-12-28 14:44",9.84,9.84,9.83,9.83,-0.01,-0.10%,0
"2023-12-28 14:45",9.81,9.86,9.81,9.86,0.03,+0.31%,0
"2023-12-28 14:46",9.87,9.9,9.87,9.9,0.04,+0.41%,0
"2023-12-28 14:47",9.89,9.91,9.89,9.9,0,0.00%,0
"2023-12-28 14:48",9.9,9.92,9.9,9.9,0,0.00%,0
"2023-12-28 14:49",9.93,9.94,9.93,9.93,0.03,+0.30%,0
"2023-12-28 14:50",9.92,9.93,9.92,9.93,0,0.00%,0
"2023-12-28 14:51",9.93,9.98,9.93,9.97,0.04,+0.40%,0
"2023-12-28 14:52",9.98,9.99,9.98,9.99,0.02,+0.20%,0
"2023-12-28 14:53",9.99,10.01,9.99,9.99,0,0.00%,0
"2023-12-28 14:54",9.99,10.02,9.99,10.02,0.03,+0.30%,0
"2023-12-28 14:55",10.02,10.02,10.01,10.01,-0.01,-0.10%,0
"2023-12-28 14:56",10.01,10.03,10.01,10.03,0.02,+0.20%,0
"2023-12-28 14:57",10.02,10.04,10.02,10.03,0,0.00%,0
"2023-12-28 14:58",10.01,10.03,10.01,10.03,0,0.00%,0
"2023-12-28 14:59",10.02,10.04,9.99,9.99,-0.04,-0.40%,0
"2023-12-28 15:00",9.98,9.99,9.98,9.98,-0.01,-0.10%,0
"2023-12-28 15:01",9.97,10,9.97,9.98,0,0.00%,0
"2023-12-28 15:02",9.97,9.99,9.97,9.98,0,0.00%,0
"2023-12-28 15:03",10,10,9.98,9.98,0,0.00%,0
"2023-12-28 15:04",9.97,9.99,9.96,9.96,-0.02,-0.20%,0
"2023-12-28 15:05",9.98,10.01,9.98,9.99,0.03,+0.30%,0
"2023-12-28 15:06",9.97,9.98,9.97,9.97,-0.02,-0.20%,0
"2023-12-28 15:07",9.97,10.01,9.97,9.98,0.01,+0.10%,0
"2023-12-28 15:08",9.98,9.99,9.98,9.99,0.01,+0.10%,0
"2023-12-28 15:09",9.99,10.02,9.99,10.01,0.02,+0.20%,0
"2023-12-28 15:10",10.01,10.03,10.01,10.02,0.01,+0.10%,0
"2023-12-28 15:11",10.01,10.02,10.01,10.02,0,0.00%,0
"2023-12-28 15:12",9.99,10.02,9.99,10.02,0,0.00%,0
"2023-12-28 15:13",10.03,10.14,10.03,10.1,0.08,+0.80%,0
"2023-12-28 15:14",10.07,10.11,10.07,10.09,-0.01,-0.10%,0
"2023-12-28 15:15",10.11,10.16,10.11,10.15,0.06,+0.59%,0
"2023-12-28 15:16",10.16,10.2,10.16,10.18,0.03,+0.30%,0
"2023-12-28 15:17",10.19,10.2,10.19,10.19,0.01,+0.10%,0
"2023-12-28 15:18",10.19,10.2,10.11,10.11,-0.08,-0.79%,0
"2023-12-28 15:19",10.1,10.12,10.1,10.12,0.01,+0.10%,0
"2023-12-28 15:20",10.12,10.13,10.12,10.12,0,0.00%,0
"2023-12-28 15:21",10.12,10.13,10.1,10.1,-0.02,-0.20%,0
"2023-12-28 15:22",10.1,10.11,10.09,10.1,0,0.00%,0
"2023-12-28 15:23",10.12,10.18,10.12,10.17,0.07,+0.69%,0
"2023-12-28 15:24",10.16,10.19,10.16,10.19,0.02,+0.20%,0
"2023-12-28 15:25",10.19,10.21,10.19,10.2,0.01,+0.10%,0
"2023-12-28 15:26",10.2,10.23,10.2,10.21,0.01,+0.10%,0
"2023-12-28 15:27",10.21,10.24,10.21,10.24,0.03,+0.29%,0
"2023-12-28 15:28",10.25,10.25,10.24,10.24,0,0.00%,0
"2023-12-28 15:29",10.24,10.26,10.24,10.26,0.02,+0.20%,0
"2023-12-28 15:30",10.25,10.25,10.23,10.23,-0.03,-0.29%,0
"2023-12-28 15:31",10.23,10.27,10.23,10.27,0.04,+0.39%,0
"2023-12-28 15:32",10.27,10.28,10.27,10.27,0,0.00%,0
"2023-12-28 15:33",10.27,10.3,10.27,10.3,0.03,+0.29%,0
"2023-12-28 15:34",10.3,10.32,10.3,10.3,0,0.00%,0
"2023-12-28 15:35",10.28,10.28,10.25,10.25,-0.05,-0.49%,0
"2023-12-28 15:36",10.24,10.25,10.23,10.25,0,0.00%,0
"2023-12-28 15:37",10.27,10.28,10.27,10.27,0.02,+0.20%,0
"2023-12-28 15:38",10.26,10.28,10.26,10.26,-0.01,-0.10%,0
"2023-12-28 15:39",10.24,10.27,10.24,10.26,0,0.00%,0
"2023-12-28 15:40",10.27,10.27,10.26,10.26,0,0.00%,0
"2023-12-28 15:41",10.26,10.27,10.26,10.26,0,0.00%,0
"2023-12-28 15:42",10.27,10.27,10.26,10.26,0,0.00%,0
"2023-12-28 15:43",10.27,10.28,10.25,10.25,-0.01,-0.10%,0
"2023-12-28 15:44",10.27,10.27,10.26,10.26,0.01,+0.10%,0
"2023-12-28 15:45",10.26,10.38,10.26,10.38,0.12,+1.17%,0
"2023-12-28 15:46",10.38,10.46,10.38,10.46,0.08,+0.77%,0
"2023-12-28 15:47",10.45,10.52,10.45,10.52,0.06,+0.57%,0
"2023-12-28 15:48",10.47,10.47,10.37,10.37,-0.15,-1.43%,0
"2023-12-28 15:49",10.41,10.41,10.39,10.39,0.02,+0.19%,0
"2023-12-28 15:50",10.36,10.38,10.36,10.37,-0.02,-0.19%,0
"2023-12-28 15:51",10.36,10.45,10.36,10.44,0.07,+0.68%,0
"2023-12-28 15:52",10.45,10.56,10.45,10.56,0.12,+1.15%,0
"2023-12-28 15:53",10.57,10.59,10.57,10.57,0.01,+0.09%,0
"2023-12-28 15:54",10.58,10.61,10.56,10.58,0.01,+0.09%,0
"2023-12-28 15:55",10.66,10.8,10.66,10.8,0.22,+2.08%,0
"2023-12-28 15:56",10.78,10.81,10.77,10.79,-0.01,-0.09%,0
"2023-12-28 15:57",10.8,10.81,10.77,10.77,-0.02,-0.19%,0
"2023-12-28 15:58",10.81,10.82,10.65,10.65,-0.12,-1.11%,0
"2023-12-28 15:59",10.62,10.72,10.62,10.72,0.07,+0.66%,0
"2023-12-28 16:00",10.61,10.61,10.49,10.49,-0.23,-2.15%,0
"2023-12-28 16:01",10.42,10.42,10.31,10.31,-0.18,-1.72%,0
"2023-12-28 16:02",10.28,10.31,10.28,10.28,-0.03,-0.29%,0
"2023-12-28 16:03",10.31,10.42,10.31,10.31,0.03,+0.29%,0
"2023-12-28 16:04",10.31,10.4,10.31,10.34,0.03,+0.29%,0
"2023-12-28 16:05",10.36,10.36,10.34,10.34,0,0.00%,0
"2023-12-28 16:06",10.37,10.6,10.37,10.6,0.26,+2.51%,0
"2023-12-28 16:07",10.59,10.64,10.58,10.58,-0.02,-0.19%,0
"2023-12-28 16:08",10.58,10.61,10.48,10.48,-0.1,-0.95%,0
"2023-12-28 16:09",10.47,10.5,10.44,10.44,-0.04,-0.38%,0
"2023-12-28 16:10",10.48,10.5,10.44,10.44,0,0.00%,0
"2023-12-28 16:11",10.46,10.46,10.38,10.38,-0.06,-0.57%,0
"2023-12-28 16:12",10.34,10.39,10.32,10.39,0.01,+0.10%,0
"2023-12-28 16:13",10.38,10.38,10.35,10.35,-0.04,-0.38%,0
"2023-12-28 16:14",10.37,10.39,10.37,10.39,0.04,+0.39%,0
"2023-12-28 16:15",10.37,10.37,10.37,10.37,-0.02,-0.19%,0
"2023-12-29 09:31",8.61,8.61,8.37,8.37,-2.,-19.29%,0
"2023-12-29 09:32",8.37,8.37,8.28,8.28,-0.09,-1.08%,0
"2023-12-29 09:33",8.23,8.23,8.09,8.09,-0.19,-2.29%,0
"2023-12-29 09:34",8.07,8.08,8.05,8.05,-0.04,-0.49%,0
"2023-12-29 09:35",8.04,8.04,7.98,7.98,-0.07,-0.87%,0
"2023-12-29 09:36",7.97,7.98,7.94,7.94,-0.04,-0.50%,0
"2023-12-29 09:37",8.05,8.13,8.05,8.07,0.13,+1.64%,0
"2023-12-29 09:38",8.05,8.05,8.02,8.02,-0.05,-0.62%,0
"2023-12-29 09:39",8.05,8.08,8.05,8.05,0.03,+0.37%,0
"2023-12-29 09:40",8.05,8.07,8.05,8.05,0,0.00%,0
"2023-12-29 09:41",8.04,8.09,8.04,8.09,0.04,+0.50%,0
"2023-12-29 09:42",8.1,8.1,8.02,8.02,-0.07,-0.87%,0
"2023-12-29 09:43",8.02,8.04,8,8,-0.02,-0.25%,0
"2023-12-29 09:44",7.98,8.03,7.98,8,0,0.00%,0
"2023-12-29 09:45",8,8,7.94,7.94,-0.06,-0.75%,0
"2023-12-29 09:46",7.93,7.96,7.93,7.96,0.02,+0.25%,0
"2023-12-29 09:47",7.98,7.99,7.95,7.98,0.02,+0.25%,0
"2023-12-29 09:48",7.98,8.02,7.97,7.97,-0.01,-0.13%,0
"2023-12-29 09:49",7.98,7.99,7.98,7.99,0.02,+0.25%,0
"2023-12-29 09:50",7.99,8.01,7.99,7.99,0,0.00%,0
"2023-12-29 09:51",7.95,8,7.95,8,0.01,+0.13%,0
"2023-12-29 09:52",7.98,8.01,7.98,8,0,0.00%,0
"2023-12-29 09:53",8,8.02,8,8.01,0.01,+0.13%,0
"2023-12-29 09:54",8.02,8.03,8.02,8.02,0.01,+0.12%,0
"2023-12-29 09:55",8.03,8.04,7.96,7.96,-0.06,-0.75%,0
"2023-12-29 09:56",7.97,7.99,7.97,7.99,0.03,+0.38%,0
"2023-12-29 09:57",7.97,8.01,7.97,8.01,0.02,+0.25%,0
"2023-12-29 09:58",8.01,8.03,8,8,-0.01,-0.12%,0
"2023-12-29 09:59",7.96,7.97,7.94,7.97,-0.03,-0.38%,0
"2023-12-29 10:00",7.97,7.97,7.95,7.97,0,0.00%,0
"2023-12-29 10:01",7.95,7.99,7.95,7.99,0.02,+0.25%,0
"2023-12-29 10:02",7.99,7.99,7.97,7.97,-0.02,-0.25%,0
"2023-12-29 10:03",7.94,7.97,7.94,7.95,-0.02,-0.25%,0
"2023-12-29 10:04",7.94,7.94,7.92,7.93,-0.02,-0.25%,0
"2023-12-29 10:05",7.94,7.95,7.94,7.94,0.01,+0.13%,0
"2023-12-29 10:06",7.87,7.93,7.87,7.89,-0.05,-0.63%,0
"2023-12-29 10:07",7.91,7.92,7.91,7.91,0.02,+0.25%,0
"2023-12-29 10:08",7.91,7.91,7.89,7.89,-0.02,-0.25%,0
"2023-12-29 10:09",7.89,7.94,7.89,7.94,0.05,+0.63%,0
"2023-12-29 10:10",7.97,7.98,7.93,7.95,0.01,+0.13%,0
"2023-12-29 10:11",7.93,7.97,7.93,7.97,0.02,+0.25%,0
"2023-12-29 10:12",7.98,7.98,7.92,7.92,-0.05,-0.63%,0
"2023-12-29 10:13",7.93,7.95,7.93,7.95,0.03,+0.38%,0
"2023-12-29 10:14",7.96,8,7.96,8,0.05,+0.63%,0
"2023-12-29 10:15",8.02,8.02,7.98,7.98,-0.02,-0.25%,0
"2023-12-29 10:16",7.98,8.02,7.98,8.02,0.04,+0.50%,0
"2023-12-29 10:17",8.03,8.03,8.02,8.02,0,0.00%,0
"2023-12-29 10:18",8.05,8.07,8.05,8.06,0.04,+0.50%,0
"2023-12-29 10:19",8.03,8.03,8,8.01,-0.05,-0.62%,0
"2023-12-29 10:20",7.95,7.95,7.91,7.91,-0.1,-1.25%,0
"2023-12-29 10:21",7.96,8,7.96,8,0.09,+1.14%,0
"2023-12-29 10:22",8.01,8.04,7.96,7.96,-0.04,-0.50%,0
"2023-12-29 10:23",7.98,7.99,7.97,7.99,0.03,+0.38%,0
"2023-12-29 10:24",8,8.02,8,8,0.01,+0.13%,0
"2023-12-29 10:25",8.01,8.03,7.99,7.99,-0.01,-0.13%,0
"2023-12-29 10:26",7.98,8.01,7.98,7.98,-0.01,-0.13%,0
"2023-12-29 10:27",7.99,8.01,7.99,8.01,0.03,+0.38%,0
"2023-12-29 10:28",7.97,7.99,7.97,7.99,-0.02,-0.25%,0
"2023-12-29 10:29",7.98,7.98,7.97,7.97,-0.02,-0.25%,0
"2023-12-29 10:30",7.96,7.96,7.9,7.91,-0.06,-0.75%,0
"2023-12-29 10:31",7.93,7.98,7.93,7.98,0.07,+0.88%,0
"2023-12-29 10:32",7.99,8,7.96,7.98,0,0.00%,0
"2023-12-29 10:33",7.99,8.02,7.99,8.02,0.04,+0.50%,0
"2023-12-29 10:34",8.03,8.19,8.03,8.19,0.17,+2.12%,0
"2023-12-29 10:35",8.23,8.4,8.23,8.4,0.21,+2.56%,0
"2023-12-29 10:36",8.37,8.37,8.19,8.23,-0.17,-2.02%,0
"2023-12-29 10:37",8.25,8.3,8.25,8.3,0.07,+0.85%,0
"2023-12-29 10:38",8.31,8.33,8.29,8.33,0.03,+0.36%,0
"2023-12-29 10:39",8.34,8.35,8.32,8.35,0.02,+0.24%,0
"2023-12-29 10:40",8.37,8.43,8.37,8.43,0.08,+0.96%,0
"2023-12-29 10:41",8.44,8.57,8.44,8.57,0.14,+1.66%,0
"2023-12-29 10:42",8.59,8.66,8.59,8.66,0.09,+1.05%,0
"2023-12-29 10:43",8.64,8.71,8.64,8.71,0.05,+0.58%,0
"2023-12-29 10:44",8.74,8.75,8.72,8.72,0.01,+0.11%,0
"2023-12-29 10:45",8.72,8.72,8.6,8.6,-0.12,-1.38%,0
"2023-12-29 10:46",8.6,9.02,8.6,9.02,0.42,+4.88%,0
"2023-12-29 10:47",9.17,9.7,9.17,9.7,0.68,+7.54%,0
"2023-12-29 10:48",10.15,10.38,10,10,0.3,+3.09%,0
"2023-12-29 10:49",9.82,9.82,9.73,9.76,-0.24,-2.40%,0
"2023-12-29 10:50",9.7,9.77,9.61,9.61,-0.15,-1.54%,0
"2023-12-29 10:51",9.48,9.49,9.48,9.48,-0.13,-1.35%,0
"2023-12-29 10:52",9.56,9.92,9.56,9.92,0.44,+4.64%,0
"2023-12-29 10:53",9.98,9.98,9.93,9.94,0.02,+0.20%,0
"2023-12-29 10:54",9.87,10.02,9.87,10.02,0.08,+0.80%,0
"2023-12-29 10:55",10.03,10.08,9.98,9.98,-0.04,-0.40%,0
"2023-12-29 10:56",9.94,9.94,9.87,9.87,-0.11,-1.10%,0
"2023-12-29 10:57",9.87,9.87,9.78,9.78,-0.09,-0.91%,0
"2023-12-29 10:58",9.74,9.74,9.7,9.72,-0.06,-0.61%,0
"2023-12-29 10:59",9.74,9.79,9.74,9.78,0.06,+0.62%,0
"2023-12-29 11:00",9.82,9.82,9.71,9.71,-0.07,-0.72%,0
"2023-12-29 11:01",9.69,9.71,9.68,9.71,0,0.00%,0
"2023-12-29 11:02",9.71,9.71,9.59,9.61,-0.1,-1.03%,0
"2023-12-29 11:03",9.59,9.63,9.59,9.63,0.02,+0.21%,0
"2023-12-29 11:04",9.6,9.62,9.56,9.57,-0.06,-0.62%,0
"2023-12-29 11:05",9.58,9.63,9.57,9.63,0.06,+0.63%,0
"2023-12-29 11:06",9.67,9.8,9.67,9.8,0.17,+1.77%,0
"2023-12-29 11:07",9.85,9.86,9.8,9.86,0.06,+0.61%,0
"2023-12-29 11:08",9.84,10.01,9.84,10.01,0.15,+1.52%,0
"2023-12-29 11:09",10.03,10.03,9.95,10.01,0,0.00%,0
"2023-12-29 11:10",10,10.06,10,10.06,0.05,+0.50%,0
"2023-12-29 11:11",10.07,10.12,10.07,10.12,0.06,+0.60%,0
"2023-12-29 11:12",10.13,10.15,10.12,10.15,0.03,+0.30%,0
"2023-12-29 11:13",10.16,10.41,10.16,10.41,0.26,+2.56%,0
"2023-12-29 11:14",10.44,10.45,10.38,10.45,0.04,+0.38%,0
"2023-12-29 11:15",10.57,10.86,10.57,10.86,0.41,+3.92%,0
"2023-12-29 11:16",10.87,11.44,10.87,11.44,0.58,+5.34%,0
"2023-12-29 11:17",11.45,11.47,10.99,10.99,-0.45,-3.93%,0
"2023-12-29 11:18",10.98,10.98,10.68,10.68,-0.31,-2.82%,0
"2023-12-29 11:19",10.65,10.82,10.65,10.82,0.14,+1.31%,0
"2023-12-29 11:20",10.83,10.99,10.83,10.96,0.14,+1.29%,0
"2023-12-29 11:21",10.87,10.99,10.87,10.99,0.03,+0.27%,0
"2023-12-29 11:22",11.06,11.18,11.06,11.18,0.19,+1.73%,0
"2023-12-29 11:23",11.13,11.13,11,11,-0.18,-1.61%,0
"2023-12-29 11:24",11.02,11.12,11.02,11.11,0.11,+1.00%,0
"2023-12-29 11:25",11.1,11.16,11.1,11.16,0.05,+0.45%,0
"2023-12-29 11:26",11.14,11.19,11.13,11.13,-0.03,-0.27%,0
"2023-12-29 11:27",11.08,11.11,11.07,11.11,-0.02,-0.18%,0
"2023-12-29 11:28",11.11,11.2,11.11,11.2,0.09,+0.81%,0
"2023-12-29 11:29",11.31,11.31,11.29,11.31,0.11,+0.98%,0
"2023-12-29 11:30",11.25,11.25,10.89,10.89,-0.42,-3.71%,0
"2023-12-29 11:31",10.89,11.08,10.89,11.06,0.17,+1.56%,0
"2023-12-29 11:32",11.08,11.13,11.06,11.13,0.07,+0.63%,0
"2023-12-29 11:33",11.17,11.17,11.13,11.13,0,0.00%,0
"2023-12-29 11:34",11.11,11.13,11.09,11.09,-0.04,-0.36%,0
"2023-12-29 11:35",11.12,11.12,11.06,11.06,-0.03,-0.27%,0
"2023-12-29 11:36",11.04,11.05,11.01,11.01,-0.05,-0.45%,0
"2023-12-29 11:37",11.01,11.02,10.99,10.99,-0.02,-0.18%,0
"2023-12-29 11:38",10.98,11.05,10.95,10.95,-0.04,-0.36%,0
"2023-12-29 11:39",10.89,10.91,10.86,10.86,-0.09,-0.82%,0
"2023-12-29 11:40",10.82,10.82,10.72,10.72,-0.14,-1.29%,0
"2023-12-29 11:41",10.71,10.73,10.71,10.71,-0.01,-0.09%,0
"2023-12-29 11:42",10.73,10.74,10.73,10.74,0.03,+0.28%,0
"2023-12-29 11:43",10.71,10.71,10.66,10.67,-0.07,-0.65%,0
"2023-12-29 11:44",10.66,10.67,10.66,10.66,-0.01,-0.09%,0
"2023-12-29 11:45",10.61,10.61,10.54,10.54,-0.12,-1.13%,0
"2023-12-29 11:46",10.53,10.56,10.47,10.47,-0.07,-0.66%,0
"2023-12-29 11:47",10.48,10.49,10.45,10.45,-0.02,-0.19%,0
"2023-12-29 11:48",10.43,10.43,10.37,10.37,-0.08,-0.77%,0
"2023-12-29 11:49",10.35,10.36,10.33,10.33,-0.04,-0.39%,0
"2023-12-29 11:50",10.3,10.34,10.3,10.34,0.01,+0.10%,0
"2023-12-29 11:51",10.35,10.41,10.32,10.41,0.07,+0.68%,0
"2023-12-29 11:52",10.41,10.44,10.41,10.42,0.01,+0.10%,0
"2023-12-29 11:53",10.42,10.44,10.39,10.44,0.02,+0.19%,0
"2023-12-29 11:54",10.44,10.48,10.43,10.43,-0.01,-0.10%,0
"2023-12-29 11:55",10.35,10.39,10.35,10.39,-0.04,-0.38%,0
"2023-12-29 11:56",10.38,10.39,10.34,10.34,-0.05,-0.48%,0
"2023-12-29 11:57",10.32,10.34,10.32,10.34,0,0.00%,0
"2023-12-29 11:58",10.35,10.37,10.35,10.35,0.01,+0.10%,0
"2023-12-29 11:59",10.35,10.41,10.35,10.41,0.06,+0.58%,0
"2023-12-29 12:00",10.41,10.41,10.38,10.38,-0.03,-0.29%,0
"2023-12-29 12:01",10.38,10.38,10.24,10.24,-0.14,-1.35%,0
"2023-12-29 12:02",10.26,10.45,10.26,10.45,0.21,+2.05%,0
"2023-12-29 12:03",10.5,10.52,10.46,10.46,0.01,+0.10%,0
"2023-12-29 12:04",10.44,10.51,10.44,10.51,0.05,+0.48%,0
"2023-12-29 12:05",10.47,10.51,10.47,10.5,-0.01,-0.10%,0
"2023-12-29 12:06",10.5,10.52,10.49,10.52,0.02,+0.19%,0
"2023-12-29 12:07",10.58,10.64,10.56,10.56,0.04,+0.38%,0
"2023-12-29 12:08",10.55,10.56,10.51,10.56,0,0.00%,0
"2023-12-29 12:09",10.59,10.6,10.59,10.6,0.04,+0.38%,0
"2023-12-29 12:10",10.6,10.62,10.6,10.61,0.01,+0.09%,0
"2023-12-29 12:11",10.62,10.62,10.61,10.62,0.01,+0.09%,0
"2023-12-29 12:12",10.62,10.64,10.61,10.61,-0.01,-0.09%,0
"2023-12-29 12:13",10.63,10.63,10.61,10.63,0.02,+0.19%,0
"2023-12-29 12:14",10.64,10.81,10.64,10.81,0.18,+1.69%,0
"2023-12-29 12:15",10.84,10.85,10.79,10.79,-0.02,-0.19%,0
"2023-12-29 12:16",10.75,10.8,10.75,10.77,-0.02,-0.19%,0
"2023-12-29 12:17",10.79,10.92,10.79,10.9,0.13,+1.21%,0
"2023-12-29 12:18",10.84,10.84,10.67,10.67,-0.23,-2.11%,0
"2023-12-29 12:19",10.65,10.72,10.65,10.72,0.05,+0.47%,0
"2023-12-29 12:20",10.71,10.71,10.66,10.66,-0.06,-0.56%,0
"2023-12-29 12:21",10.62,10.62,10.55,10.58,-0.08,-0.75%,0
"2023-12-29 12:22",10.58,10.73,10.58,10.71,0.13,+1.23%,0
"2023-12-29 12:23",10.74,10.78,10.74,10.78,0.07,+0.65%,0
"2023-12-29 12:24",10.88,10.89,10.75,10.75,-0.03,-0.28%,0
"2023-12-29 12:25",10.76,10.82,10.76,10.82,0.07,+0.65%,0
"2023-12-29 12:26",10.82,10.88,10.82,10.88,0.06,+0.55%,0
"2023-12-29 12:27",10.86,10.89,10.85,10.85,-0.03,-0.28%,0
"2023-12-29 12:28",10.78,10.82,10.78,10.82,-0.03,-0.28%,0
"2023-12-29 12:29",10.85,10.89,10.85,10.89,0.07,+0.65%,0
"2023-12-29 12:30",10.87,10.87,10.84,10.84,-0.05,-0.46%,0
"2023-12-29 12:31",10.8,10.8,10.67,10.67,-0.17,-1.57%,0
"2023-12-29 12:32",10.63,10.71,10.63,10.71,0.04,+0.37%,0
"2023-12-29 12:33",10.72,10.73,10.71,10.71,0,0.00%,0
"2023-12-29 12:34",10.69,10.74,10.69,10.74,0.03,+0.28%,0
"2023-12-29 12:35",10.74,10.75,10.72,10.72,-0.02,-0.19%,0
"2023-12-29 12:36",10.72,10.72,10.67,10.67,-0.05,-0.47%,0
"2023-12-29 12:37",10.68,10.68,10.61,10.61,-0.06,-0.56%,0
"2023-12-29 12:38",10.63,10.63,10.61,10.62,0.01,+0.09%,0
"2023-12-29 12:39",10.6,10.63,10.6,10.63,0.01,+0.09%,0
"2023-12-29 12:40",10.64,10.65,10.63,10.64,0.01,+0.09%,0
"2023-12-29 12:41",10.63,10.67,10.63,10.65,0.01,+0.09%,0
"2023-12-29 12:42",10.64,10.64,10.61,10.62,-0.03,-0.28%,0
"2023-12-29 12:43",10.61,10.63,10.61,10.61,-0.01,-0.09%,0
"2023-12-29 12:44",10.61,10.61,10.6,10.6,-0.01,-0.09%,0
"2023-12-29 12:45",10.6,10.61,10.55,10.55,-0.05,-0.47%,0
"2023-12-29 12:46",10.52,10.52,10.5,10.5,-0.05,-0.47%,0
"2023-12-29 12:47",10.5,10.52,10.5,10.5,0,0.00%,0
"2023-12-29 12:48",10.58,10.59,10.58,10.59,0.09,+0.86%,0
"2023-12-29 12:49",10.57,10.67,10.57,10.67,0.08,+0.76%,0
"2023-12-29 12:50",10.68,10.73,10.68,10.73,0.06,+0.56%,0
"2023-12-29 12:51",10.7,10.72,10.7,10.7,-0.03,-0.28%,0
"2023-12-29 12:52",10.74,10.75,10.69,10.69,-0.01,-0.09%,0
"2023-12-29 12:53",10.67,10.69,10.67,10.69,0,0.00%,0
"2023-12-29 12:54",10.69,10.7,10.69,10.7,0.01,+0.09%,0
"2023-12-29 12:55",10.69,10.69,10.62,10.62,-0.08,-0.75%,0
"2023-12-29 12:56",10.6,10.6,10.56,10.56,-0.06,-0.56%,0
"2023-12-29 12:57",10.56,10.58,10.56,10.57,0.01,+0.09%,0
"2023-12-29 12:58",10.56,10.59,10.56,10.57,0,0.00%,0
"2023-12-29 12:59",10.56,10.61,10.56,10.61,0.04,+0.38%,0
"2023-12-29 13:00",10.6,10.64,10.6,10.64,0.03,+0.28%,0
"2023-12-29 13:01",10.62,10.67,10.62,10.67,0.03,+0.28%,0
"2023-12-29 13:02",10.65,10.65,10.62,10.62,-0.05,-0.47%,0
"2023-12-29 13:03",10.62,10.62,10.55,10.58,-0.04,-0.38%,0
"2023-12-29 13:04",10.59,10.61,10.59,10.61,0.03,+0.28%,0
"2023-12-29 13:05",10.6,10.6,10.57,10.57,-0.04,-0.38%,0
"2023-12-29 13:06",10.57,10.57,10.57,10.57,0,0.00%,0
"2023-12-29 13:07",10.57,10.58,10.54,10.54,-0.03,-0.28%,0
"2023-12-29 13:08",10.53,10.55,10.53,10.55,0.01,+0.09%,0
"2023-12-29 13:09",10.55,10.57,10.53,10.53,-0.02,-0.19%,0
"2023-12-29 13:10",10.55,10.6,10.55,10.58,0.05,+0.47%,0
"2023-12-29 13:11",10.57,10.59,10.56,10.56,-0.02,-0.19%,0
"2023-12-29 13:12",10.54,10.54,10.49,10.49,-0.07,-0.66%,0
"2023-12-29 13:13",10.5,10.5,10.5,10.5,0.01,+0.10%,0
"2023-12-29 13:14",10.5,10.52,10.48,10.52,0.02,+0.19%,0
"2023-12-29 13:15",10.55,10.6,10.55,10.6,0.08,+0.76%,0
"2023-12-29 13:16",10.57,10.58,10.57,10.58,-0.02,-0.19%,0
"2023-12-29 13:17",10.6,10.62,10.6,10.61,0.03,+0.28%,0
"2023-12-29 13:18",10.62,10.68,10.62,10.68,0.07,+0.66%,0
"2023-12-29 13:19",10.68,10.7,10.68,10.69,0.01,+0.09%,0
"2023-12-29 13:20",10.69,10.74,10.69,10.72,0.03,+0.28%,0
"2023-12-29 13:21",10.68,10.68,10.64,10.65,-0.07,-0.65%,0
"2023-12-29 13:22",10.67,10.73,10.67,10.73,0.08,+0.75%,0
"2023-12-29 13:23",10.75,10.77,10.72,10.72,-0.01,-0.09%,0
"2023-12-29 13:24",10.8,10.8,10.67,10.67,-0.05,-0.47%,0
"2023-12-29 13:25",10.68,10.69,10.68,10.69,0.02,+0.19%,0
"2023-12-29 13:26",10.7,10.72,10.7,10.7,0.01,+0.09%,0
"2023-12-29 13:27",10.67,10.69,10.67,10.68,-0.02,-0.19%,0
"2023-12-29 13:28",10.67,10.68,10.67,10.67,-0.01,-0.09%,0
"2023-12-29 13:29",10.69,10.72,10.69,10.72,0.05,+0.47%,0
"2023-12-29 13:30",10.72,10.72,10.68,10.69,-0.03,-0.28%,0
"2023-12-29 13:31",10.69,10.69,10.63,10.63,-0.06,-0.56%,0
"2023-12-29 13:32",10.6,10.6,10.56,10.56,-0.07,-0.66%,0
"2023-12-29 13:33",10.56,10.62,10.56,10.62,0.06,+0.57%,0
"2023-12-29 13:34",10.63,10.65,10.63,10.65,0.03,+0.28%,0
"2023-12-29 13:35",10.65,10.66,10.65,10.66,0.01,+0.09%,0
"2023-12-29 13:36",10.66,10.66,10.66,10.66,0,0.00%,0
"2023-12-29 13:37",10.66,10.67,10.66,10.66,0,0.00%,0
"2023-12-29 13:38",10.65,10.65,10.64,10.64,-0.02,-0.19%,0
"2023-12-29 13:39",10.63,10.64,10.61,10.61,-0.03,-0.28%,0
"2023-12-29 13:40",10.62,10.65,10.62,10.63,0.02,+0.19%,0
"2023-12-29 13:41",10.63,10.65,10.63,10.65,0.02,+0.19%,0
"2023-12-29 13:42",10.65,10.65,10.55,10.55,-0.1,-0.94%,0
"2023-12-29 13:43",10.54,10.54,10.49,10.49,-0.06,-0.57%,0
"2023-12-29 13:44",10.49,10.5,10.49,10.5,0.01,+0.10%,0
"2023-12-29 13:45",10.5,10.52,10.5,10.5,0,0.00%,0
"2023-12-29 13:46",10.48,10.49,10.46,10.46,-0.04,-0.38%,0
"2023-12-29 13:47",10.45,10.47,10.45,10.47,0.01,+0.10%,0
"2023-12-29 13:48",10.46,10.54,10.46,10.53,0.06,+0.57%,0
"2023-12-29 13:49",10.52,10.55,10.52,10.54,0.01,+0.09%,0
"2023-12-29 13:50",10.54,10.55,10.54,10.54,0,0.00%,0
"2023-12-29 13:51",10.54,10.57,10.54,10.56,0.02,+0.19%,0
"2023-12-29 13:52",10.56,10.56,10.55,10.56,0,0.00%,0
"2023-12-29 13:53",10.55,10.58,10.55,10.58,0.02,+0.19%,0
"2023-12-29 13:54",10.59,10.63,10.59,10.63,0.05,+0.47%,0
"2023-12-29 13:55",10.65,10.66,10.6,10.6,-0.03,-0.28%,0
"2023-12-29 13:56",10.6,10.62,10.6,10.61,0.01,+0.09%,0
"2023-12-29 13:57",10.61,10.65,10.61,10.61,0,0.00%,0
"2023-12-29 13:58",10.61,10.64,10.61,10.64,0.03,+0.28%,0
"2023-12-29 13:59",10.64,10.67,10.64,10.65,0.01,+0.09%,0
"2023-12-29 14:00",10.64,10.64,10.61,10.62,-0.03,-0.28%,0
"2023-12-29 14:01",10.61,10.68,10.61,10.68,0.06,+0.56%,0
"2023-12-29 14:02",10.69,10.69,10.67,10.67,-0.01,-0.09%,0
"2023-12-29 14:03",10.69,10.7,10.69,10.69,0.02,+0.19%,0
"2023-12-29 14:04",10.71,10.73,10.71,10.71,0.02,+0.19%,0
"2023-12-29 14:05",10.7,10.72,10.7,10.72,0.01,+0.09%,0
"2023-12-29 14:06",10.73,10.77,10.73,10.76,0.04,+0.37%,0
"2023-12-29 14:07",10.76,10.77,10.75,10.77,0.01,+0.09%,0
"2023-12-29 14:08",10.78,10.79,10.78,10.79,0.02,+0.19%,0
"2023-12-29 14:09",10.77,10.79,10.77,10.79,0,0.00%,0
"2023-12-29 14:10",10.78,10.81,10.78,10.79,0,0.00%,0
"2023-12-29 14:11",10.8,10.84,10.8,10.84,0.05,+0.46%,0
"2023-12-29 14:12",10.83,10.88,10.83,10.87,0.03,+0.28%,0
"2023-12-29 14:13",10.86,10.87,10.86,10.87,0,0.00%,0
"2023-12-29 14:14",10.86,10.88,10.86,10.86,-0.01,-0.09%,0
"2023-12-29 14:15",10.86,10.9,10.86,10.89,0.03,+0.28%,0
"2023-12-29 14:16",10.87,10.87,10.8,10.81,-0.08,-0.73%,0
"2023-12-29 14:17",10.81,10.83,10.81,10.82,0.01,+0.09%,0
"2023-12-29 14:18",10.84,10.86,10.83,10.83,0.01,+0.09%,0
"2023-12-29 14:19",10.81,10.85,10.81,10.85,0.02,+0.18%,0
"2023-12-29 14:20",10.84,10.88,10.84,10.88,0.03,+0.28%,0
"2023-12-29 14:21",10.89,10.89,10.84,10.84,-0.04,-0.37%,0
"2023-12-29 14:22",10.85,10.86,10.83,10.84,0,0.00%,0
"2023-12-29 14:23",10.83,10.85,10.83,10.85,0.01,+0.09%,0
"2023-12-29 14:24",10.87,10.89,10.87,10.89,0.04,+0.37%,0
"2023-12-29 14:25",10.88,10.9,10.88,10.88,-0.01,-0.09%,0
"2023-12-29 14:26",10.89,10.9,10.89,10.9,0.02,+0.18%,0
"2023-12-29 14:27",10.9,10.92,10.9,10.92,0.02,+0.18%,0
"2023-12-29 14:28",10.92,10.97,10.92,10.97,0.05,+0.46%,0
"2023-12-29 14:29",10.96,10.98,10.96,10.97,0,0.00%,0
"2023-12-29 14:30",10.98,11.02,10.98,10.99,0.02,+0.18%,0
"2023-12-29 14:31",10.99,11.03,10.99,11.02,0.03,+0.27%,0
"2023-12-29 14:32",11.02,11.02,11.02,11.02,0,0.00%,0
"2023-12-29 14:33",11.01,11.01,11,11,-0.02,-0.18%,0
"2023-12-29 14:34",11,11,10.96,10.96,-0.04,-0.36%,0
"2023-12-29 14:35",10.97,10.98,10.97,10.98,0.02,+0.18%,0
"2023-12-29 14:36",10.98,10.98,10.96,10.96,-0.02,-0.18%,0
"2023-12-29 14:37",10.97,10.97,10.94,10.94,-0.02,-0.18%,0
"2023-12-29 14:38",10.94,10.95,10.94,10.95,0.01,+0.09%,0
"2023-12-29 14:39",10.95,10.97,10.95,10.97,0.02,+0.18%,0
"2023-12-29 14:40",10.93,10.93,10.84,10.84,-0.13,-1.19%,0
"2023-12-29 14:41",10.8,10.84,10.8,10.84,0,0.00%,0
"2023-12-29 14:42",10.83,10.85,10.81,10.81,-0.03,-0.28%,0
"2023-12-29 14:43",10.8,10.8,10.78,10.79,-0.02,-0.19%,0
"2023-12-29 14:44",10.79,10.81,10.79,10.79,0,0.00%,0
"2023-12-29 14:45",10.77,10.77,10.76,10.76,-0.03,-0.28%,0
"2023-12-29 14:46",10.76,10.77,10.76,10.77,0.01,+0.09%,0
"2023-12-29 14:47",10.79,10.8,10.79,10.8,0.03,+0.28%,0
"2023-12-29 14:48",10.79,10.82,10.79,10.82,0.02,+0.19%,0
"2023-12-29 14:49",10.8,10.83,10.8,10.83,0.01,+0.09%,0
"2023-12-29 14:50",10.83,10.86,10.83,10.86,0.03,+0.28%,0
"2023-12-29 14:51",10.85,10.86,10.84,10.84,-0.02,-0.18%,0
"2023-12-29 14:52",10.83,10.83,10.81,10.81,-0.03,-0.28%,0
"2023-12-29 14:53",10.85,10.85,10.81,10.81,0,0.00%,0
"2023-12-29 14:54",10.8,10.86,10.8,10.85,0.04,+0.37%,0
"2023-12-29 14:55",10.85,10.86,10.84,10.86,0.01,+0.09%,0
"2023-12-29 14:56",10.85,10.88,10.85,10.88,0.02,+0.18%,0
"2023-12-29 14:57",10.89,10.89,10.87,10.88,0,0.00%,0
"2023-12-29 14:58",10.88,10.9,10.78,10.78,-0.1,-0.92%,0
"2023-12-29 14:59",10.78,10.81,10.78,10.79,0.01,+0.09%,0
"2023-12-29 15:00",10.77,10.78,10.77,10.77,-0.02,-0.19%,0
"2023-12-29 15:01",10.79,10.79,10.74,10.74,-0.03,-0.28%,0
"2023-12-29 15:02",10.71,10.72,10.71,10.72,-0.02,-0.19%,0
"2023-12-29 15:03",10.63,10.66,10.63,10.66,-0.06,-0.56%,0
"2023-12-29 15:04",10.66,10.68,10.65,10.65,-0.01,-0.09%,0
"2023-12-29 15:05",10.63,10.65,10.62,10.65,0,0.00%,0
"2023-12-29 15:06",10.65,10.66,10.63,10.63,-0.02,-0.19%,0
"2023-12-29 15:07",10.61,10.61,10.57,10.57,-0.06,-0.56%,0
"2023-12-29 15:08",10.56,10.56,10.51,10.51,-0.06,-0.57%,0
"2023-12-29 15:09",10.51,10.53,10.51,10.51,0,0.00%,0
"2023-12-29 15:10",10.52,10.6,10.52,10.6,0.09,+0.86%,0
"2023-12-29 15:11",10.64,10.68,10.64,10.68,0.08,+0.75%,0
"2023-12-29 15:12",10.66,10.66,10.65,10.66,-0.02,-0.19%,0
"2023-12-29 15:13",10.67,10.67,10.62,10.63,-0.03,-0.28%,0
"2023-12-29 15:14",10.62,10.63,10.61,10.63,0,0.00%,0
"2023-12-29 15:15",10.63,10.66,10.6,10.6,-0.03,-0.28%,0
"2023-12-29 15:16",10.59,10.61,10.57,10.59,-0.01,-0.09%,0
"2023-12-29 15:17",10.57,10.59,10.57,10.58,-0.01,-0.09%,0
"2023-12-29 15:18",10.59,10.62,10.58,10.61,0.03,+0.28%,0
"2023-12-29 15:19",10.6,10.6,10.56,10.56,-0.05,-0.47%,0
"2023-12-29 15:20",10.58,10.62,10.58,10.61,0.05,+0.47%,0
"2023-12-29 15:21",10.64,10.73,10.64,10.72,0.11,+1.04%,0
"2023-12-29 15:22",10.66,10.66,10.62,10.63,-0.09,-0.84%,0
"2023-12-29 15:23",10.64,10.64,10.54,10.54,-0.09,-0.85%,0
"2023-12-29 15:24",10.54,10.55,10.54,10.54,0,0.00%,0
"2023-12-29 15:25",10.54,10.55,10.54,10.55,0.01,+0.09%,0
"2023-12-29 15:26",10.55,10.55,10.5,10.5,-0.05,-0.47%,0
"2023-12-29 15:27",10.5,10.53,10.5,10.53,0.03,+0.29%,0
"2023-12-29 15:28",10.68,10.7,10.66,10.69,0.16,+1.52%,0
"2023-12-29 15:29",10.6,10.63,10.6,10.63,-0.06,-0.56%,0
"2023-12-29 15:30",10.62,10.62,10.61,10.61,-0.02,-0.19%,0
"2023-12-29 15:31",10.5,10.53,10.5,10.51,-0.1,-0.94%,0
"2023-12-29 15:32",10.5,10.52,10.5,10.51,0,0.00%,0
"2023-12-29 15:33",10.51,10.55,10.51,10.55,0.04,+0.38%,0
"2023-12-29 15:34",10.53,10.62,10.53,10.61,0.06,+0.57%,0
"2023-12-29 15:35",10.74,10.74,10.67,10.67,0.06,+0.57%,0
"2023-12-29 15:36",10.72,10.8,10.7,10.7,0.03,+0.28%,0
"2023-12-29 15:37",10.69,10.81,10.68,10.68,-0.02,-0.19%,0
"2023-12-29 15:38",10.7,10.74,10.7,10.72,0.04,+0.37%,0
"2023-12-29 15:39",10.74,10.74,10.74,10.74,0.02,+0.19%,0
"2023-12-29 15:40",10.73,10.74,10.73,10.73,-0.01,-0.09%,0
"2023-12-29 15:41",10.71,10.71,10.66,10.66,-0.07,-0.65%,0
"2023-12-29 15:42",10.66,10.66,10.66,10.66,0,0.00%,0
"2023-12-29 15:43",10.66,10.7,10.66,10.69,0.03,+0.28%,0
"2023-12-29 15:44",10.69,10.73,10.69,10.73,0.04,+0.37%,0
"2023-12-29 15:45",10.72,10.82,10.72,10.75,0.02,+0.19%,0
"2023-12-29 15:46",10.77,10.77,10.36,10.36,-0.39,-3.63%,0
"2023-12-29 15:47",10.35,10.63,10.35,10.38,0.02,+0.19%,0
"2023-12-29 15:48",10.65,10.66,10.64,10.65,0.27,+2.60%,0
"2023-12-29 15:49",10.63,10.65,10.58,10.58,-0.07,-0.66%,0
"2023-12-29 15:50",10.57,10.58,10.55,10.55,-0.03,-0.28%,0
"2023-12-29 15:51",10.52,10.52,10.43,10.43,-0.12,-1.14%,0
"2023-12-29 15:52",10.43,10.44,10.4,10.44,0.01,+0.10%,0
"2023-12-29 15:53",10.46,10.46,10.44,10.45,0.01,+0.10%,0
"2023-12-29 15:54",10.42,10.51,10.42,10.51,0.06,+0.57%,0
"2023-12-29 15:55",10.56,10.56,10.43,10.43,-0.08,-0.76%,0
"2023-12-29 15:56",10.4,10.4,10.33,10.33,-0.1,-0.96%,0
"2023-12-29 15:57",10.36,10.39,10.34,10.34,0.01,+0.10%,0
"2023-12-29 15:58",10.34,10.34,10.27,10.29,-0.05,-0.48%,0
"2023-12-29 15:59",10.3,10.3,10.05,10.05,-0.24,-2.33%,0
"2023-12-29 16:00",10.22,10.22,9.85,9.85,-0.2,-1.99%,0
"2023-12-29 16:01",9.93,9.98,9.62,9.94,0.09,+0.91%,0
"2023-12-29 16:02",9.96,9.96,9.88,9.88,-0.06,-0.60%,0
"2023-12-29 16:03",9.83,9.83,9.42,9.42,-0.46,-4.66%,0
"2023-12-29 16:04",9.43,9.48,9.39,9.39,-0.03,-0.32%,0
"2023-12-29 16:05",9.37,9.4,9.36,9.36,-0.03,-0.32%,0
"2023-12-29 16:06",9.34,9.34,9.22,9.22,-0.14,-1.50%,0
"2023-12-29 16:07",9.21,9.26,9.21,9.25,0.03,+0.33%,0
"2023-12-29 16:08",9.23,9.27,9.23,9.25,0,0.00%,0
"2023-12-29 16:09",9.25,9.41,9.25,9.41,0.16,+1.73%,0
"2023-12-29 16:10",9.43,9.55,9.43,9.53,0.12,+1.28%,0
"2023-12-29 16:11",9.44,9.44,9.3,9.3,-0.23,-2.41%,0
"2023-12-29 16:12",9.31,9.44,9.31,9.44,0.14,+1.51%,0
"2023-12-29 16:13",9.43,9.48,9.43,9.48,0.04,+0.42%,0
"2023-12-29 16:14",9.45,9.47,9.45,9.46,-0.02,-0.21%,0
"2023-12-29 16:15",9.42,9.42,9.42,9.42,-0.04,-0.42%,0
"Downloaded from Barchart.com as of 09-03-2026 09:01am CDT"
