Time,Open,High,Low,Latest,Change,%Change,Volume
"2023-08-01 09:31",8.39,8.39,8.11,8.11,-1.27,-13.54%,0
"2023-08-01 09:32",8.08,8.08,7.95,7.95,-0.16,-1.97%,0
"2023-08-01 09:33",7.89,7.89,7.76,7.76,-0.19,-2.39%,0
"2023-08-01 09:34",7.7,7.7,7.61,7.61,-0.15,-1.93%,0
"2023-08-01 09:35",7.61,7.64,7.56,7.56,-0.05,-0.66%,0
"2023-08-01 09:36",7.56,7.56,7.51,7.51,-0.05,-0.66%,0
"2023-08-01 09:37",7.54,7.57,7.49,7.57,0.06,+0.80%,0
"2023-08-01 09:38",7.56,7.6,7.56,7.6,0.03,+0.40%,0
"2023-08-01 09:39",7.59,7.65,7.59,7.64,0.04,+0.53%,0
"2023-08-01 09:40",7.58,7.63,7.58,7.63,-0.01,-0.13%,0
"2023-08-01 09:41",7.68,7.76,7.68,7.76,0.13,+1.70%,0
"2023-08-01 09:42",7.72,7.78,7.72,7.76,0,0.00%,0
"2023-08-01 09:43",7.75,7.77,7.75,7.77,0.01,+0.13%,0
"2023-08-01 09:44",7.78,7.8,7.78,7.79,0.02,+0.26%,0
"2023-08-01 09:45",7.82,7.82,7.66,7.66,-0.13,-1.67%,0
"2023-08-01 09:46",7.65,7.68,7.65,7.68,0.02,+0.26%,0
"2023-08-01 09:47",7.69,7.7,7.65,7.65,-0.03,-0.39%,0
"2023-08-01 09:48",7.64,7.7,7.64,7.7,0.05,+0.65%,0
"2023-08-01 09:49",7.67,7.74,7.67,7.74,0.04,+0.52%,0
"2023-08-01 09:50",7.73,7.74,7.71,7.71,-0.03,-0.39%,0
"2023-08-01 09:51",7.73,7.78,7.73,7.78,0.07,+0.91%,0
"2023-08-01 09:52",7.76,7.77,7.73,7.73,-0.05,-0.64%,0
"2023-08-01 09:53",7.76,7.79,7.76,7.79,0.06,+0.78%,0
"2023-08-01 09:54",7.79,7.85,7.79,7.8,0.01,+0.13%,0
"2023-08-01 09:55",7.78,7.83,7.78,7.8,0,0.00%,0
"2023-08-01 09:56",7.82,7.82,7.8,7.81,0.01,+0.13%,0
"2023-08-01 09:57",7.82,7.85,7.82,7.83,0.02,+0.26%,0
"2023-08-01 09:58",7.85,7.85,7.81,7.83,0,0.00%,0
"2023-08-01 09:59",7.84,7.87,7.84,7.85,0.02,+0.26%,0
"2023-08-01 10:00",7.87,7.87,7.46,7.46,-0.39,-4.97%,0
"2023-08-01 10:01",7.62,7.64,7.54,7.54,0.08,+1.07%,0
"2023-08-01 10:02",7.54,7.61,7.54,7.61,0.07,+0.93%,0
"2023-08-01 10:03",7.67,7.69,7.64,7.64,0.03,+0.39%,0
"2023-08-01 10:04",7.59,7.59,7.53,7.55,-0.09,-1.18%,0
"2023-08-01 10:05",7.58,7.62,7.58,7.62,0.07,+0.93%,0
"2023-08-01 10:06",7.61,7.67,7.61,7.65,0.03,+0.39%,0
"2023-08-01 10:07",7.7,7.7,7.66,7.66,0.01,+0.13%,0
"2023-08-01 10:08",7.68,7.72,7.68,7.72,0.06,+0.78%,0
"2023-08-01 10:09",7.7,7.75,7.7,7.75,0.03,+0.39%,0
"2023-08-01 10:10",7.75,7.8,7.75,7.8,0.05,+0.65%,0
"2023-08-01 10:11",7.82,7.88,7.82,7.84,0.04,+0.51%,0
"2023-08-01 10:12",7.86,7.9,7.86,7.89,0.05,+0.64%,0
"2023-08-01 10:13",7.88,7.91,7.88,7.9,0.01,+0.13%,0
"2023-08-01 10:14",7.93,8.07,7.93,8.07,0.17,+2.15%,0
"2023-08-01 10:15",8.03,8.14,8.03,8.11,0.04,+0.50%,0
"2023-08-01 10:16",8.04,8.08,8.04,8.08,-0.03,-0.37%,0
"2023-08-01 10:17",8.06,8.06,7.81,7.81,-0.27,-3.34%,0
"2023-08-01 10:18",7.91,8.01,7.91,8.01,0.2,+2.56%,0
"2023-08-01 10:19",8.15,8.23,8.15,8.17,0.16,+2.00%,0
"2023-08-01 10:20",8.04,8.14,8.04,8.14,-0.03,-0.37%,0
"2023-08-01 10:21",8.16,8.2,8.16,8.19,0.05,+0.61%,0
"2023-08-01 10:22",8.15,8.15,8.06,8.06,-0.13,-1.59%,0
"2023-08-01 10:23",8.08,8.09,8.06,8.06,0,0.00%,0
"2023-08-01 10:24",8.07,8.12,8.07,8.09,0.03,+0.37%,0
"2023-08-01 10:25",8.06,8.11,8.06,8.1,0.01,+0.12%,0
"2023-08-01 10:26",8.13,8.13,8.09,8.1,0,0.00%,0
"2023-08-01 10:27",8.1,8.13,8.1,8.1,0,0.00%,0
"2023-08-01 10:28",8.06,8.06,8.01,8.04,-0.06,-0.74%,0
"2023-08-01 10:29",8.03,8.05,8.01,8.01,-0.03,-0.37%,0
"2023-08-01 10:30",8.04,8.06,8.03,8.03,0.02,+0.25%,0
"2023-08-01 10:31",7.99,8,7.84,7.84,-0.19,-2.37%,0
"2023-08-01 10:32",7.82,7.84,7.78,7.78,-0.06,-0.77%,0
"2023-08-01 10:33",7.75,7.76,7.75,7.75,-0.03,-0.39%,0
"2023-08-01 10:34",7.77,7.8,7.76,7.8,0.05,+0.65%,0
"2023-08-01 10:35",7.8,7.82,7.8,7.82,0.02,+0.26%,0
"2023-08-01 10:36",7.8,7.8,7.75,7.76,-0.06,-0.77%,0
"2023-08-01 10:37",7.75,7.75,7.69,7.69,-0.07,-0.90%,0
"2023-08-01 10:38",7.69,7.73,7.69,7.73,0.04,+0.52%,0
"2023-08-01 10:39",7.75,7.77,7.75,7.75,0.02,+0.26%,0
"2023-08-01 10:40",7.76,7.76,7.71,7.74,-0.01,-0.13%,0
"2023-08-01 10:41",7.76,7.78,7.7,7.7,-0.04,-0.52%,0
"2023-08-01 10:42",7.63,7.63,7.6,7.61,-0.09,-1.17%,0
"2023-08-01 10:43",7.61,7.69,7.61,7.69,0.08,+1.05%,0
"2023-08-01 10:44",7.69,7.79,7.69,7.79,0.1,+1.30%,0
"2023-08-01 10:45",7.79,7.79,7.76,7.79,0,0.00%,0
"2023-08-01 10:46",7.77,7.79,7.76,7.77,-0.02,-0.26%,0
"2023-08-01 10:47",7.76,7.78,7.76,7.78,0.01,+0.13%,0
"2023-08-01 10:48",7.75,7.79,7.75,7.79,0.01,+0.13%,0
"2023-08-01 10:49",7.77,7.77,7.65,7.65,-0.14,-1.80%,0
"2023-08-01 10:50",7.65,7.72,7.65,7.72,0.07,+0.92%,0
"2023-08-01 10:51",7.71,7.76,7.71,7.76,0.04,+0.52%,0
"2023-08-01 10:52",7.75,7.75,7.72,7.72,-0.04,-0.52%,0
"2023-08-01 10:53",7.73,7.73,7.66,7.66,-0.06,-0.78%,0
"2023-08-01 10:54",7.64,7.68,7.64,7.68,0.02,+0.26%,0
"2023-08-01 10:55",7.69,7.7,7.68,7.7,0.02,+0.26%,0
"2023-08-01 10:56",7.68,7.71,7.68,7.71,0.01,+0.13%,0
"2023-08-01 10:57",7.73,7.76,7.73,7.74,0.03,+0.39%,0
"2023-08-01 10:58",7.74,7.82,7.74,7.82,0.08,+1.03%,0
"2023-08-01 10:59",7.82,7.85,7.82,7.82,0,0.00%,0
"2023-08-01 11:00",7.82,7.84,7.82,7.84,0.02,+0.26%,0
"2023-08-01 11:01",7.81,7.82,7.81,7.82,-0.02,-0.26%,0
"2023-08-01 11:02",7.8,7.85,7.8,7.85,0.03,+0.38%,0
"2023-08-01 11:03",7.9,7.92,7.89,7.91,0.06,+0.76%,0
"2023-08-01 11:04",7.91,7.93,7.89,7.89,-0.02,-0.25%,0
"2023-08-01 11:05",7.9,7.92,7.9,7.91,0.02,+0.25%,0
"2023-08-01 11:06",7.89,7.91,7.86,7.86,-0.05,-0.63%,0
"2023-08-01 11:07",7.87,7.94,7.87,7.94,0.08,+1.02%,0
"2023-08-01 11:08",7.95,7.98,7.95,7.98,0.04,+0.50%,0
"2023-08-01 11:09",7.95,7.95,7.87,7.87,-0.11,-1.38%,0
"2023-08-01 11:10",7.86,7.87,7.86,7.86,-0.01,-0.13%,0
"2023-08-01 11:11",7.86,7.86,7.82,7.82,-0.04,-0.51%,0
"2023-08-01 11:12",7.82,7.83,7.82,7.82,0,0.00%,0
"2023-08-01 11:13",7.82,7.83,7.82,7.82,0,0.00%,0
"2023-08-01 11:14",7.86,7.99,7.86,7.99,0.17,+2.17%,0
"2023-08-01 11:15",7.99,7.99,7.95,7.95,-0.04,-0.50%,0
"2023-08-01 11:16",7.9,7.98,7.9,7.98,0.03,+0.38%,0
"2023-08-01 11:17",8,8.03,8,8,0.02,+0.25%,0
"2023-08-01 11:18",8.02,8.06,8.02,8.06,0.06,+0.75%,0
"2023-08-01 11:19",8.03,8.03,7.99,7.99,-0.07,-0.87%,0
"2023-08-01 11:20",7.98,8.05,7.98,8.05,0.06,+0.75%,0
"2023-08-01 11:21",8.06,8.07,8,8,-0.05,-0.62%,0
"2023-08-01 11:22",8.02,8.04,8.01,8.01,0.01,+0.13%,0
"2023-08-01 11:23",8.02,8.04,8.02,8.03,0.02,+0.25%,0
"2023-08-01 11:24",8.02,8.07,8.02,8.07,0.04,+0.50%,0
"2023-08-01 11:25",8.07,8.08,8.07,8.07,0,0.00%,0
"2023-08-01 11:26",8.07,8.07,8.03,8.03,-0.04,-0.50%,0
"2023-08-01 11:27",7.99,7.99,7.93,7.93,-0.1,-1.25%,0
"2023-08-01 11:28",7.92,7.94,7.9,7.9,-0.03,-0.38%,0
"2023-08-01 11:29",7.89,7.91,7.89,7.9,0,0.00%,0
"2023-08-01 11:30",7.91,7.91,7.91,7.91,0.01,+0.13%,0
"2023-08-01 11:31",7.92,7.94,7.92,7.92,0.01,+0.13%,0
"2023-08-01 11:32",7.93,7.98,7.93,7.98,0.06,+0.76%,0
"2023-08-01 11:33",7.96,8.01,7.96,7.99,0.01,+0.13%,0
"2023-08-01 11:34",8.02,8.03,8.01,8.01,0.02,+0.25%,0
"2023-08-01 11:35",8.01,8.02,8.01,8.01,0,0.00%,0
"2023-08-01 11:36",8.02,8.03,7.99,7.99,-0.02,-0.25%,0
"2023-08-01 11:37",7.98,7.99,7.98,7.99,0,0.00%,0
"2023-08-01 11:38",7.99,8.04,7.99,8.04,0.05,+0.63%,0
"2023-08-01 11:39",8.02,8.04,8.02,8.02,-0.02,-0.25%,0
"2023-08-01 11:40",8.02,8.03,8.02,8.03,0.01,+0.12%,0
"2023-08-01 11:41",8.04,8.04,8.02,8.04,0.01,+0.12%,0
"2023-08-01 11:42",8.02,8.04,8.01,8.01,-0.03,-0.37%,0
"2023-08-01 11:43",8.02,8.09,8.02,8.09,0.08,+1.00%,0
"2023-08-01 11:44",8.1,8.11,8.1,8.1,0.01,+0.12%,0
"2023-08-01 11:45",8.12,8.12,8.1,8.12,0.02,+0.25%,0
"2023-08-01 11:46",8.12,8.16,8.12,8.13,0.01,+0.12%,0
"2023-08-01 11:47",8.12,8.15,8.12,8.15,0.02,+0.25%,0
"2023-08-01 11:48",8.13,8.16,8.13,8.16,0.01,+0.12%,0
"2023-08-01 11:49",8.14,8.17,8.14,8.16,0,0.00%,0
"2023-08-01 11:50",8.14,8.17,8.14,8.17,0.01,+0.12%,0
"2023-08-01 11:51",8.15,8.16,8.15,8.16,-0.01,-0.12%,0
"2023-08-01 11:52",8.16,8.2,8.16,8.2,0.04,+0.49%,0
"2023-08-01 11:53",8.18,8.2,8.18,8.19,-0.01,-0.12%,0
"2023-08-01 11:54",8.2,8.2,8.2,8.2,0.01,+0.12%,0
"2023-08-01 11:55",8.19,8.19,8.16,8.18,-0.02,-0.24%,0
"2023-08-01 11:56",8.19,8.24,8.19,8.24,0.06,+0.73%,0
"2023-08-01 11:57",8.22,8.26,8.22,8.26,0.02,+0.24%,0
"2023-08-01 11:58",8.23,8.28,8.23,8.28,0.02,+0.24%,0
"2023-08-01 11:59",8.27,8.29,8.27,8.27,-0.01,-0.12%,0
"2023-08-01 12:00",8.26,8.26,8.25,8.25,-0.02,-0.24%,0
"2023-08-01 12:01",8.22,8.24,8.22,8.24,-0.01,-0.12%,0
"2023-08-01 12:02",8.22,8.25,8.22,8.25,0.01,+0.12%,0
"2023-08-01 12:03",8.25,8.29,8.25,8.26,0.01,+0.12%,0
"2023-08-01 12:04",8.28,8.29,8.28,8.29,0.03,+0.36%,0
"2023-08-01 12:05",8.3,8.3,8.28,8.29,0,0.00%,0
"2023-08-01 12:06",8.32,8.37,8.32,8.36,0.07,+0.84%,0
"2023-08-01 12:07",8.35,8.37,8.34,8.34,-0.02,-0.24%,0
"2023-08-01 12:08",8.33,8.36,8.33,8.36,0.02,+0.24%,0
"2023-08-01 12:09",8.33,8.34,8.32,8.32,-0.04,-0.48%,0
"2023-08-01 12:10",8.31,8.32,8.31,8.32,0,0.00%,0
"2023-08-01 12:11",8.32,8.32,8.31,8.32,0,0.00%,0
"2023-08-01 12:12",8.32,8.32,8.31,8.32,0,0.00%,0
"2023-08-01 12:13",8.33,8.33,8.31,8.32,0,0.00%,0
"2023-08-01 12:14",8.32,8.34,8.32,8.33,0.01,+0.12%,0
"2023-08-01 12:15",8.33,8.34,8.33,8.34,0.01,+0.12%,0
"2023-08-01 12:16",8.34,8.35,8.34,8.34,0,0.00%,0
"2023-08-01 12:17",8.34,8.36,8.34,8.36,0.02,+0.24%,0
"2023-08-01 12:18",8.36,8.41,8.36,8.41,0.05,+0.60%,0
"2023-08-01 12:19",8.41,8.45,8.41,8.45,0.04,+0.48%,0
"2023-08-01 12:20",8.45,8.49,8.45,8.46,0.01,+0.12%,0
"2023-08-01 12:21",8.46,8.49,8.46,8.49,0.03,+0.35%,0
"2023-08-01 12:22",8.48,8.5,8.48,8.48,-0.01,-0.12%,0
"2023-08-01 12:23",8.47,8.52,8.47,8.52,0.04,+0.47%,0
"2023-08-01 12:24",8.51,8.54,8.51,8.53,0.01,+0.12%,0
"2023-08-01 12:25",8.53,8.53,8.51,8.51,-0.02,-0.23%,0
"2023-08-01 12:26",8.53,8.56,8.53,8.56,0.05,+0.59%,0
"2023-08-01 12:27",8.55,8.59,8.55,8.59,0.03,+0.35%,0
"2023-08-01 12:28",8.59,8.59,8.57,8.57,-0.02,-0.23%,0
"2023-08-01 12:29",8.55,8.56,8.53,8.53,-0.04,-0.47%,0
"2023-08-01 12:30",8.55,8.63,8.55,8.63,0.1,+1.17%,0
"2023-08-01 12:31",8.65,8.75,8.65,8.74,0.11,+1.27%,0
"2023-08-01 12:32",8.69,8.69,8.58,8.58,-0.16,-1.83%,0
"2023-08-01 12:33",8.54,8.58,8.51,8.51,-0.07,-0.82%,0
"2023-08-01 12:34",8.5,8.52,8.5,8.5,-0.01,-0.12%,0
"2023-08-01 12:35",8.51,8.54,8.51,8.54,0.04,+0.47%,0
"2023-08-01 12:36",8.54,8.55,8.52,8.52,-0.02,-0.23%,0
"2023-08-01 12:37",8.52,8.55,8.52,8.55,0.03,+0.35%,0
"2023-08-01 12:38",8.54,8.56,8.54,8.55,0,0.00%,0
"2023-08-01 12:39",8.53,8.55,8.53,8.55,0,0.00%,0
"2023-08-01 12:40",8.53,8.55,8.53,8.55,0,0.00%,0
"2023-08-01 12:41",8.54,8.56,8.54,8.56,0.01,+0.12%,0
"2023-08-01 12:42",8.56,8.57,8.55,8.55,-0.01,-0.12%,0
"2023-08-01 12:43",8.55,8.56,8.5,8.5,-0.05,-0.58%,0
"2023-08-01 12:44",8.5,8.52,8.49,8.5,0,0.00%,0
"2023-08-01 12:45",8.5,8.52,8.5,8.52,0.02,+0.24%,0
"2023-08-01 12:46",8.51,8.53,8.51,8.53,0.01,+0.12%,0
"2023-08-01 12:47",8.52,8.54,8.52,8.53,0,0.00%,0
"2023-08-01 12:48",8.52,8.55,8.52,8.53,0,0.00%,0
"2023-08-01 12:49",8.53,8.55,8.53,8.53,0,0.00%,0
"2023-08-01 12:50",8.53,8.55,8.53,8.54,0.01,+0.12%,0
"2023-08-01 12:51",8.55,8.56,8.55,8.56,0.02,+0.23%,0
"2023-08-01 12:52",8.56,8.57,8.56,8.56,0,0.00%,0
"2023-08-01 12:53",8.53,8.54,8.52,8.52,-0.04,-0.47%,0
"2023-08-01 12:54",8.52,8.54,8.52,8.54,0.02,+0.23%,0
"2023-08-01 12:55",8.54,8.57,8.54,8.56,0.02,+0.23%,0
"2023-08-01 12:56",8.56,8.57,8.53,8.53,-0.03,-0.35%,0
"2023-08-01 12:57",8.52,8.53,8.52,8.52,-0.01,-0.12%,0
"2023-08-01 12:58",8.53,8.54,8.53,8.54,0.02,+0.23%,0
"2023-08-01 12:59",8.51,8.51,8.49,8.49,-0.05,-0.59%,0
"2023-08-01 13:00",8.5,8.5,8.46,8.46,-0.03,-0.35%,0
"2023-08-01 13:01",8.45,8.46,8.44,8.46,0,0.00%,0
"2023-08-01 13:02",8.46,8.49,8.46,8.49,0.03,+0.35%,0
"2023-08-01 13:03",8.48,8.51,8.48,8.5,0.01,+0.12%,0
"2023-08-01 13:04",8.5,8.5,8.49,8.49,-0.01,-0.12%,0
"2023-08-01 13:05",8.49,8.51,8.49,8.51,0.02,+0.24%,0
"2023-08-01 13:06",8.52,8.54,8.51,8.51,0,0.00%,0
"2023-08-01 13:07",8.51,8.53,8.51,8.53,0.02,+0.24%,0
"2023-08-01 13:08",8.53,8.56,8.53,8.55,0.02,+0.23%,0
"2023-08-01 13:09",8.56,8.6,8.56,8.59,0.04,+0.47%,0
"2023-08-01 13:10",8.6,8.63,8.6,8.63,0.04,+0.47%,0
"2023-08-01 13:11",8.62,8.63,8.61,8.61,-0.02,-0.23%,0
"2023-08-01 13:12",8.6,8.62,8.6,8.61,0,0.00%,0
"2023-08-01 13:13",8.64,8.66,8.64,8.66,0.05,+0.58%,0
"2023-08-01 13:14",8.66,8.67,8.66,8.67,0.01,+0.12%,0
"2023-08-01 13:15",8.66,8.69,8.66,8.68,0.01,+0.12%,0
"2023-08-01 13:16",8.67,8.67,8.66,8.67,-0.01,-0.12%,0
"2023-08-01 13:17",8.66,8.68,8.66,8.68,0.01,+0.12%,0
"2023-08-01 13:18",8.69,8.69,8.69,8.69,0.01,+0.12%,0
"2023-08-01 13:19",8.68,8.74,8.68,8.73,0.04,+0.46%,0
"2023-08-01 13:20",8.72,8.74,8.72,8.73,0,0.00%,0
"2023-08-01 13:21",8.73,8.76,8.73,8.76,0.03,+0.34%,0
"2023-08-01 13:22",8.75,8.75,8.73,8.73,-0.03,-0.34%,0
"2023-08-01 13:23",8.73,8.73,8.72,8.72,-0.01,-0.11%,0
"2023-08-01 13:24",8.73,8.73,8.7,8.7,-0.02,-0.23%,0
"2023-08-01 13:25",8.7,8.74,8.7,8.74,0.04,+0.46%,0
"2023-08-01 13:26",8.75,8.75,8.74,8.75,0.01,+0.11%,0
"2023-08-01 13:27",8.75,8.75,8.74,8.74,-0.01,-0.11%,0
"2023-08-01 13:28",8.74,8.76,8.74,8.75,0.01,+0.11%,0
"2023-08-01 13:29",8.74,8.76,8.74,8.76,0.01,+0.11%,0
"2023-08-01 13:30",8.78,8.81,8.78,8.81,0.05,+0.57%,0
"2023-08-01 13:31",8.8,8.89,8.8,8.89,0.08,+0.91%,0
"2023-08-01 13:32",8.88,8.88,8.86,8.86,-0.03,-0.34%,0
"2023-08-01 13:33",8.85,8.87,8.85,8.87,0.01,+0.11%,0
"2023-08-01 13:34",8.87,8.88,8.87,8.87,0,0.00%,0
"2023-08-01 13:35",8.87,8.89,8.87,8.89,0.02,+0.23%,0
"2023-08-01 13:36",8.91,8.93,8.91,8.92,0.03,+0.34%,0
"2023-08-01 13:37",8.91,8.93,8.9,8.9,-0.02,-0.22%,0
"2023-08-01 13:38",8.92,8.92,8.91,8.92,0.02,+0.22%,0
"2023-08-01 13:39",8.91,8.94,8.91,8.91,-0.01,-0.11%,0
"2023-08-01 13:40",8.9,8.91,8.88,8.88,-0.03,-0.34%,0
"2023-08-01 13:41",8.88,8.92,8.88,8.92,0.04,+0.45%,0
"2023-08-01 13:42",8.89,8.91,8.89,8.89,-0.03,-0.34%,0
"2023-08-01 13:43",8.89,8.9,8.89,8.89,0,0.00%,0
"2023-08-01 13:44",8.88,8.89,8.88,8.88,-0.01,-0.11%,0
"2023-08-01 13:45",8.88,8.9,8.88,8.89,0.01,+0.11%,0
"2023-08-01 13:46",8.9,8.92,8.9,8.9,0.01,+0.11%,0
"2023-08-01 13:47",8.9,8.91,8.89,8.89,-0.01,-0.11%,0
"2023-08-01 13:48",8.87,8.9,8.87,8.89,0,0.00%,0
"2023-08-01 13:49",8.89,8.9,8.89,8.9,0.01,+0.11%,0
"2023-08-01 13:50",8.88,8.9,8.88,8.9,0,0.00%,0
"2023-08-01 13:51",8.9,8.95,8.9,8.95,0.05,+0.56%,0
"2023-08-01 13:52",8.94,8.98,8.94,8.95,0,0.00%,0
"2023-08-01 13:53",8.96,8.97,8.96,8.97,0.02,+0.22%,0
"2023-08-01 13:54",8.97,8.99,8.97,8.98,0.01,+0.11%,0
"2023-08-01 13:55",8.98,8.98,8.98,8.98,0,0.00%,0
"2023-08-01 13:56",8.98,8.98,8.97,8.98,0,0.00%,0
"2023-08-01 13:57",8.97,8.98,8.97,8.98,0,0.00%,0
"2023-08-01 13:58",8.98,9,8.98,8.99,0.01,+0.11%,0
"2023-08-01 13:59",8.98,9.01,8.98,9.01,0.02,+0.22%,0
"2023-08-01 14:00",9,9.01,8.96,8.96,-0.05,-0.55%,0
"2023-08-01 14:01",8.95,8.96,8.94,8.94,-0.02,-0.22%,0
"2023-08-01 14:02",8.94,8.99,8.93,8.93,-0.01,-0.11%,0
"2023-08-01 14:03",8.94,8.95,8.94,8.94,0.01,+0.11%,0
"2023-08-01 14:04",8.95,8.95,8.92,8.92,-0.02,-0.22%,0
"2023-08-01 14:05",8.91,8.93,8.91,8.91,-0.01,-0.11%,0
"2023-08-01 14:06",8.91,8.92,8.91,8.91,0,0.00%,0
"2023-08-01 14:07",8.93,8.93,8.92,8.92,0.01,+0.11%,0
"2023-08-01 14:08",8.93,8.94,8.92,8.92,0,0.00%,0
"2023-08-01 14:09",8.92,8.94,8.92,8.92,0,0.00%,0
"2023-08-01 14:10",8.91,8.94,8.91,8.94,0.02,+0.22%,0
"2023-08-01 14:11",8.93,8.96,8.93,8.96,0.02,+0.22%,0
"2023-08-01 14:12",8.94,8.94,8.94,8.94,-0.02,-0.22%,0
"2023-08-01 14:13",8.95,8.97,8.95,8.96,0.02,+0.22%,0
"2023-08-01 14:14",8.96,8.96,8.95,8.95,-0.01,-0.11%,0
"2023-08-01 14:15",8.95,8.95,8.93,8.93,-0.02,-0.22%,0
"2023-08-01 14:16",8.89,8.9,8.87,8.87,-0.06,-0.67%,0
"2023-08-01 14:17",8.88,8.89,8.87,8.87,0,0.00%,0
"2023-08-01 14:18",8.84,8.86,8.84,8.86,-0.01,-0.11%,0
"2023-08-01 14:19",8.85,8.92,8.85,8.92,0.06,+0.68%,0
"2023-08-01 14:20",8.92,8.95,8.92,8.93,0.01,+0.11%,0
"2023-08-01 14:21",8.94,8.97,8.94,8.96,0.03,+0.34%,0
"2023-08-01 14:22",8.97,8.98,8.97,8.98,0.02,+0.22%,0
"2023-08-01 14:23",8.98,8.99,8.98,8.99,0.01,+0.11%,0
"2023-08-01 14:24",9,9.01,8.99,8.99,0,0.00%,0
"2023-08-01 14:25",9,9,8.97,8.98,-0.01,-0.11%,0
"2023-08-01 14:26",8.97,9.09,8.97,9.09,0.11,+1.22%,0
"2023-08-01 14:27",9.1,9.12,9.1,9.11,0.02,+0.22%,0
"2023-08-01 14:28",9.14,9.14,9.12,9.12,0.01,+0.11%,0
"2023-08-01 14:29",9.11,9.12,9.09,9.09,-0.03,-0.33%,0
"2023-08-01 14:30",9.09,9.14,9.08,9.14,0.05,+0.55%,0
"2023-08-01 14:31",9.12,9.15,9.12,9.14,0,0.00%,0
"2023-08-01 14:32",9.15,9.18,9.15,9.18,0.04,+0.44%,0
"2023-08-01 14:33",9.17,9.17,9.16,9.16,-0.02,-0.22%,0
"2023-08-01 14:34",9.17,9.18,9.14,9.15,-0.01,-0.11%,0
"2023-08-01 14:35",9.14,9.15,9.13,9.13,-0.02,-0.22%,0
"2023-08-01 14:36",9.14,9.16,9.14,9.15,0.02,+0.22%,0
"2023-08-01 14:37",9.15,9.16,9.15,9.16,0.01,+0.11%,0
"2023-08-01 14:38",9.14,9.14,9.12,9.13,-0.03,-0.33%,0
"2023-08-01 14:39",9.1,9.12,9.1,9.12,-0.01,-0.11%,0
"2023-08-01 14:40",9.13,9.15,9.13,9.15,0.03,+0.33%,0
"2023-08-01 14:41",9.15,9.19,9.15,9.15,0,0.00%,0
"2023-08-01 14:42",9.09,9.1,9.08,9.1,-0.05,-0.55%,0
"2023-08-01 14:43",9.07,9.1,9.07,9.08,-0.02,-0.22%,0
"2023-08-01 14:44",9.08,9.11,9.08,9.11,0.03,+0.33%,0
"2023-08-01 14:45",9.1,9.16,9.1,9.13,0.02,+0.22%,0
"2023-08-01 14:46",9.11,9.15,9.11,9.15,0.02,+0.22%,0
"2023-08-01 14:47",9.14,9.14,9.13,9.13,-0.02,-0.22%,0
"2023-08-01 14:48",9.14,9.14,9.13,9.14,0.01,+0.11%,0
"2023-08-01 14:49",9.14,9.15,9.14,9.14,0,0.00%,0
"2023-08-01 14:50",9.15,9.17,9.15,9.17,0.03,+0.33%,0
"2023-08-01 14:51",9.16,9.19,9.16,9.18,0.01,+0.11%,0
"2023-08-01 14:52",9.18,9.25,9.18,9.23,0.05,+0.54%,0
"2023-08-01 14:53",9.23,9.25,9.23,9.24,0.01,+0.11%,0
"2023-08-01 14:54",9.21,9.25,9.21,9.23,-0.01,-0.11%,0
"2023-08-01 14:55",9.24,9.28,9.24,9.28,0.05,+0.54%,0
"2023-08-01 14:56",9.26,9.28,9.26,9.26,-0.02,-0.22%,0
"2023-08-01 14:57",9.26,9.26,9.23,9.23,-0.03,-0.32%,0
"2023-08-01 14:58",9.24,9.25,9.24,9.25,0.02,+0.22%,0
"2023-08-01 14:59",9.24,9.24,9.21,9.21,-0.04,-0.43%,0
"2023-08-01 15:00",9.22,9.26,9.22,9.26,0.05,+0.54%,0
"2023-08-01 15:01",9.25,9.25,9.25,9.25,-0.01,-0.11%,0
"2023-08-01 15:02",9.24,9.26,9.24,9.26,0.01,+0.11%,0
"2023-08-01 15:03",9.26,9.26,9.22,9.22,-0.04,-0.43%,0
"2023-08-01 15:04",9.23,9.24,9.23,9.23,0.01,+0.11%,0
"2023-08-01 15:05",9.24,9.25,9.23,9.23,0,0.00%,0
"2023-08-01 15:06",9.22,9.24,9.22,9.23,0,0.00%,0
"2023-08-01 15:07",9.24,9.24,9.23,9.23,0,0.00%,0
"2023-08-01 15:08",9.23,9.23,9.23,9.23,0,0.00%,0
"2023-08-01 15:09",9.23,9.24,9.22,9.22,-0.01,-0.11%,0
"2023-08-01 15:10",9.22,9.25,9.21,9.25,0.03,+0.33%,0
"2023-08-01 15:11",9.21,9.24,9.21,9.23,-0.02,-0.22%,0
"2023-08-01 15:12",9.22,9.24,9.21,9.22,-0.01,-0.11%,0
"2023-08-01 15:13",9.21,9.23,9.21,9.21,-0.01,-0.11%,0
"2023-08-01 15:14",9.21,9.23,9.21,9.22,0.01,+0.11%,0
"2023-08-01 15:15",9.22,9.22,9.2,9.2,-0.02,-0.22%,0
"2023-08-01 15:16",9.2,9.23,9.2,9.23,0.03,+0.33%,0
"2023-08-01 15:17",9.24,9.24,9.22,9.23,0,0.00%,0
"2023-08-01 15:18",9.23,9.23,9.2,9.2,-0.03,-0.33%,0
"2023-08-01 15:19",9.18,9.2,9.18,9.19,-0.01,-0.11%,0
"2023-08-01 15:20",9.19,9.19,9.17,9.18,-0.01,-0.11%,0
"2023-08-01 15:21",9.18,9.19,9.18,9.18,0,0.00%,0
"2023-08-01 15:22",9.18,9.19,9.18,9.18,0,0.00%,0
"2023-08-01 15:23",9.19,9.19,9.17,9.17,-0.01,-0.11%,0
"2023-08-01 15:24",9.18,9.18,9.16,9.18,0.01,+0.11%,0
"2023-08-01 15:25",9.2,9.2,9.19,9.19,0.01,+0.11%,0
"2023-08-01 15:26",9.17,9.19,9.16,9.17,-0.02,-0.22%,0
"2023-08-01 15:27",9.19,9.26,9.19,9.25,0.08,+0.87%,0
"2023-08-01 15:28",9.23,9.26,9.23,9.25,0,0.00%,0
"2023-08-01 15:29",9.22,9.23,9.22,9.22,-0.03,-0.32%,0
"2023-08-01 15:30",9.23,9.29,9.23,9.25,0.03,+0.33%,0
"2023-08-01 15:31",9.26,9.27,9.25,9.25,0,0.00%,0
"2023-08-01 15:32",9.26,9.26,9.24,9.24,-0.01,-0.11%,0
"2023-08-01 15:33",9.24,9.26,9.24,9.24,0,0.00%,0
"2023-08-01 15:34",9.24,9.25,9.24,9.25,0.01,+0.11%,0
"2023-08-01 15:35",9.25,9.29,9.25,9.29,0.04,+0.43%,0
"2023-08-01 15:36",9.27,9.32,9.27,9.32,0.03,+0.32%,0
"2023-08-01 15:37",9.3,9.32,9.3,9.32,0,0.00%,0
"2023-08-01 15:38",9.32,9.36,9.32,9.36,0.04,+0.43%,0
"2023-08-01 15:39",9.36,9.37,9.36,9.36,0,0.00%,0
"2023-08-01 15:40",9.35,9.39,9.35,9.39,0.03,+0.32%,0
"2023-08-01 15:41",9.39,9.5,9.39,9.44,0.05,+0.53%,0
"2023-08-01 15:42",9.45,9.52,9.45,9.5,0.06,+0.64%,0
"2023-08-01 15:43",9.49,9.52,9.49,9.51,0.01,+0.11%,0
"2023-08-01 15:44",9.5,9.56,9.5,9.56,0.05,+0.53%,0
"2023-08-01 15:45",9.55,9.55,9.51,9.51,-0.05,-0.52%,0
"2023-08-01 15:46",9.48,9.48,9.48,9.48,-0.03,-0.32%,0
"2023-08-01 15:47",9.52,9.54,9.52,9.52,0.04,+0.42%,0
"2023-08-01 15:48",9.52,9.61,9.52,9.59,0.07,+0.74%,0
"2023-08-01 15:49",9.58,9.59,9.56,9.56,-0.03,-0.31%,0
"2023-08-01 15:50",9.53,9.57,9.53,9.57,0.01,+0.10%,0
"2023-08-01 15:51",9.52,9.54,9.52,9.54,-0.03,-0.31%,0
"2023-08-01 15:52",9.55,9.55,9.53,9.53,-0.01,-0.10%,0
"2023-08-01 15:53",9.53,9.53,9.52,9.52,-0.01,-0.10%,0
"2023-08-01 15:54",9.5,9.51,9.47,9.47,-0.05,-0.53%,0
"2023-08-01 15:55",9.5,9.61,9.5,9.61,0.14,+1.48%,0
"2023-08-01 15:56",9.62,9.62,9.58,9.58,-0.03,-0.31%,0
"2023-08-01 15:57",9.6,9.62,9.55,9.61,0.03,+0.31%,0
"2023-08-01 15:58",9.59,9.62,9.59,9.62,0.01,+0.10%,0
"2023-08-01 15:59",9.6,9.61,9.58,9.58,-0.04,-0.42%,0
"2023-08-01 16:00",9.58,9.62,9.55,9.59,0.01,+0.10%,0
"2023-08-01 16:01",9.58,9.65,9.58,9.63,0.04,+0.42%,0
"2023-08-01 16:02",9.6,9.6,9.58,9.58,-0.05,-0.52%,0
"2023-08-01 16:03",9.59,9.59,9.54,9.54,-0.04,-0.42%,0
"2023-08-01 16:04",9.52,9.54,9.52,9.53,-0.01,-0.10%,0
"2023-08-01 16:05",9.53,9.54,9.53,9.53,0,0.00%,0
"2023-08-01 16:06",9.52,9.53,9.51,9.53,0,0.00%,0
"2023-08-01 16:07",9.54,9.54,9.53,9.53,0,0.00%,0
"2023-08-01 16:08",9.51,9.51,9.49,9.49,-0.04,-0.42%,0
"2023-08-01 16:09",9.49,9.49,9.46,9.46,-0.03,-0.32%,0
"2023-08-01 16:10",9.45,9.45,9.41,9.41,-0.05,-0.53%,0
"2023-08-01 16:11",9.41,9.46,9.41,9.43,0.02,+0.21%,0
"2023-08-01 16:12",9.45,9.5,9.45,9.5,0.07,+0.74%,0
"2023-08-01 16:13",9.46,9.54,9.46,9.49,-0.01,-0.11%,0
"2023-08-01 16:14",9.51,9.52,9.5,9.5,0.01,+0.11%,0
"2023-08-01 16:15",9.42,9.42,9.42,9.42,-0.08,-0.84%,0
"2023-08-02 09:31",9.66,9.83,9.66,9.83,0.41,+4.35%,0
"2023-08-02 09:32",9.94,9.99,9.83,9.83,0,0.00%,0
"2023-08-02 09:33",9.78,9.78,9.64,9.64,-0.19,-1.93%,0
"2023-08-02 09:34",9.61,9.69,9.61,9.69,0.05,+0.52%,0
"2023-08-02 09:35",9.67,9.69,9.67,9.69,0,0.00%,0
"2023-08-02 09:36",9.61,9.64,9.61,9.64,-0.05,-0.52%,0
"2023-08-02 09:37",9.67,9.75,9.67,9.75,0.11,+1.14%,0
"2023-08-02 09:38",9.71,9.71,9.63,9.63,-0.12,-1.23%,0
"2023-08-02 09:39",9.61,9.62,9.36,9.36,-0.27,-2.80%,0
"2023-08-02 09:40",9.22,9.23,9.19,9.22,-0.14,-1.50%,0
"2023-08-02 09:41",9.24,9.24,9.24,9.24,0.02,+0.22%,0
"2023-08-02 09:42",9.24,9.29,9.24,9.29,0.05,+0.54%,0
"2023-08-02 09:43",9.29,9.3,9.22,9.22,-0.07,-0.75%,0
"2023-08-02 09:44",9.19,9.22,9.18,9.18,-0.04,-0.43%,0
"2023-08-02 09:45",9.24,9.24,9.14,9.14,-0.04,-0.44%,0
"2023-08-02 09:46",9.2,9.26,9.2,9.26,0.12,+1.31%,0
"2023-08-02 09:47",9.25,9.26,9.24,9.26,0,0.00%,0
"2023-08-02 09:48",9.24,9.31,9.24,9.31,0.05,+0.54%,0
"2023-08-02 09:49",9.32,9.32,9.2,9.2,-0.11,-1.18%,0
"2023-08-02 09:50",9.18,9.27,9.18,9.27,0.07,+0.76%,0
"2023-08-02 09:51",9.28,9.32,9.28,9.32,0.05,+0.54%,0
"2023-08-02 09:52",9.37,9.37,9.33,9.36,0.04,+0.43%,0
"2023-08-02 09:53",9.35,9.35,9.3,9.3,-0.06,-0.64%,0
"2023-08-02 09:54",9.27,9.45,9.27,9.45,0.15,+1.61%,0
"2023-08-02 09:55",9.41,9.47,9.41,9.44,-0.01,-0.11%,0
"2023-08-02 09:56",9.41,9.41,9.38,9.38,-0.06,-0.64%,0
"2023-08-02 09:57",9.38,9.41,9.38,9.38,0,0.00%,0
"2023-08-02 09:58",9.35,9.41,9.35,9.39,0.01,+0.11%,0
"2023-08-02 09:59",9.39,9.41,9.38,9.38,-0.01,-0.11%,0
"2023-08-02 10:00",9.38,9.44,9.38,9.41,0.03,+0.32%,0
"2023-08-02 10:01",9.43,9.49,9.43,9.49,0.08,+0.85%,0
"2023-08-02 10:02",9.41,9.41,9.4,9.41,-0.08,-0.84%,0
"2023-08-02 10:03",9.43,9.44,9.42,9.42,0.01,+0.11%,0
"2023-08-02 10:04",9.41,9.48,9.4,9.4,-0.02,-0.21%,0
"2023-08-02 10:05",9.4,9.52,9.4,9.49,0.09,+0.96%,0
"2023-08-02 10:06",9.5,9.55,9.5,9.55,0.06,+0.63%,0
"2023-08-02 10:07",9.58,9.58,9.56,9.58,0.03,+0.31%,0
"2023-08-02 10:08",9.59,9.81,9.59,9.81,0.23,+2.40%,0
"2023-08-02 10:09",9.85,9.85,9.73,9.73,-0.08,-0.82%,0
"2023-08-02 10:10",9.68,9.75,9.68,9.75,0.02,+0.21%,0
"2023-08-02 10:11",9.79,9.85,9.74,9.74,-0.01,-0.10%,0
"2023-08-02 10:12",9.71,9.71,9.64,9.65,-0.09,-0.92%,0
"2023-08-02 10:13",9.69,9.69,9.64,9.64,-0.01,-0.10%,0
"2023-08-02 10:14",9.64,9.74,9.64,9.74,0.1,+1.04%,0
"2023-08-02 10:15",9.75,9.88,9.75,9.88,0.14,+1.44%,0
"2023-08-02 10:16",9.86,10.07,9.86,10.07,0.19,+1.92%,0
"2023-08-02 10:17",9.96,9.99,9.96,9.99,-0.08,-0.79%,0
"2023-08-02 10:18",9.89,9.97,9.89,9.97,-0.02,-0.20%,0
"2023-08-02 10:19",9.99,10.02,9.98,9.98,0.01,+0.10%,0
"2023-08-02 10:20",9.9,9.96,9.9,9.93,-0.05,-0.50%,0
"2023-08-02 10:21",9.95,9.95,9.9,9.94,0.01,+0.10%,0
"2023-08-02 10:22",9.88,9.88,9.78,9.81,-0.13,-1.31%,0
"2023-08-02 10:23",9.8,9.83,9.8,9.83,0.02,+0.20%,0
"2023-08-02 10:24",9.8,9.8,9.78,9.78,-0.05,-0.51%,0
"2023-08-02 10:25",9.77,9.77,9.72,9.73,-0.05,-0.51%,0
"2023-08-02 10:26",9.74,9.74,9.67,9.67,-0.06,-0.62%,0
"2023-08-02 10:27",9.67,9.67,9.63,9.63,-0.04,-0.41%,0
"2023-08-02 10:28",9.65,9.76,9.65,9.76,0.13,+1.35%,0
"2023-08-02 10:29",9.79,9.81,9.79,9.79,0.03,+0.31%,0
"2023-08-02 10:30",9.79,9.81,9.77,9.77,-0.02,-0.20%,0
"2023-08-02 10:31",9.71,9.79,9.71,9.79,0.02,+0.20%,0
"2023-08-02 10:32",9.79,9.88,9.79,9.85,0.06,+0.61%,0
"2023-08-02 10:33",9.9,9.9,9.79,9.79,-0.06,-0.61%,0
"2023-08-02 10:34",9.76,9.76,9.7,9.7,-0.09,-0.92%,0
"2023-08-02 10:35",9.7,9.78,9.7,9.78,0.08,+0.82%,0
"2023-08-02 10:36",9.79,9.87,9.79,9.85,0.07,+0.72%,0
"2023-08-02 10:37",9.86,9.87,9.84,9.84,-0.01,-0.10%,0
"2023-08-02 10:38",9.85,9.9,9.85,9.9,0.06,+0.61%,0
"2023-08-02 10:39",9.91,9.98,9.91,9.98,0.08,+0.81%,0
"2023-08-02 10:40",9.97,9.97,9.92,9.92,-0.06,-0.60%,0
"2023-08-02 10:41",9.94,10,9.94,9.99,0.07,+0.71%,0
"2023-08-02 10:42",9.97,10.13,9.97,10.13,0.14,+1.40%,0
"2023-08-02 10:43",10.08,10.13,10.08,10.1,-0.03,-0.30%,0
"2023-08-02 10:44",10.07,10.13,10.07,10.13,0.03,+0.30%,0
"2023-08-02 10:45",10.12,10.24,10.12,10.24,0.11,+1.09%,0
"2023-08-02 10:46",10.22,10.25,10.21,10.23,-0.01,-0.10%,0
"2023-08-02 10:47",10.23,10.23,10.18,10.23,0,0.00%,0
"2023-08-02 10:48",10.22,10.27,10.22,10.27,0.04,+0.39%,0
"2023-08-02 10:49",10.32,10.54,10.32,10.54,0.27,+2.63%,0
"2023-08-02 10:50",10.5,10.53,10.28,10.28,-0.26,-2.47%,0
"2023-08-02 10:51",10.24,10.35,10.24,10.35,0.07,+0.68%,0
"2023-08-02 10:52",10.35,10.36,10.35,10.36,0.01,+0.10%,0
"2023-08-02 10:53",10.38,10.43,10.38,10.39,0.03,+0.29%,0
"2023-08-02 10:54",10.35,10.45,10.35,10.45,0.06,+0.58%,0
"2023-08-02 10:55",10.52,10.67,10.52,10.67,0.22,+2.11%,0
"2023-08-02 10:56",10.77,10.99,10.77,10.92,0.25,+2.34%,0
"2023-08-02 10:57",10.91,10.92,10.91,10.92,0,0.00%,0
"2023-08-02 10:58",10.95,11.01,10.89,10.89,-0.03,-0.27%,0
"2023-08-02 10:59",10.88,10.9,10.88,10.89,0,0.00%,0
"2023-08-02 11:00",10.9,10.94,10.74,10.74,-0.15,-1.38%,0
"2023-08-02 11:01",10.63,10.65,10.58,10.58,-0.16,-1.49%,0
"2023-08-02 11:02",10.65,10.76,10.65,10.75,0.17,+1.61%,0
"2023-08-02 11:03",10.76,10.82,10.76,10.8,0.05,+0.47%,0
"2023-08-02 11:04",10.84,10.84,10.71,10.71,-0.09,-0.83%,0
"2023-08-02 11:05",10.75,10.78,10.73,10.76,0.05,+0.47%,0
"2023-08-02 11:06",10.76,10.82,10.76,10.82,0.06,+0.56%,0
"2023-08-02 11:07",10.82,10.85,10.8,10.8,-0.02,-0.18%,0
"2023-08-02 11:08",10.82,10.87,10.82,10.86,0.06,+0.56%,0
"2023-08-02 11:09",10.84,10.84,10.75,10.76,-0.1,-0.92%,0
"2023-08-02 11:10",10.75,10.75,10.7,10.72,-0.04,-0.37%,0
"2023-08-02 11:11",10.66,10.67,10.66,10.66,-0.06,-0.56%,0
"2023-08-02 11:12",10.64,10.64,10.58,10.6,-0.06,-0.56%,0
"2023-08-02 11:13",10.56,10.63,10.56,10.63,0.03,+0.28%,0
"2023-08-02 11:14",10.57,10.59,10.56,10.56,-0.07,-0.66%,0
"2023-08-02 11:15",10.57,10.62,10.56,10.62,0.06,+0.57%,0
"2023-08-02 11:16",10.63,10.87,10.63,10.87,0.25,+2.35%,0
"2023-08-02 11:17",10.87,10.96,10.87,10.93,0.06,+0.55%,0
"2023-08-02 11:18",10.92,10.95,10.9,10.95,0.02,+0.18%,0
"2023-08-02 11:19",10.92,10.94,10.92,10.93,-0.02,-0.18%,0
"2023-08-02 11:20",10.98,11,10.96,11,0.07,+0.64%,0
"2023-08-02 11:21",11,11.03,10.91,10.91,-0.09,-0.82%,0
"2023-08-02 11:22",10.84,10.84,10.69,10.69,-0.22,-2.02%,0
"2023-08-02 11:23",10.67,10.67,10.56,10.56,-0.13,-1.22%,0
"2023-08-02 11:24",10.57,10.61,10.57,10.61,0.05,+0.47%,0
"2023-08-02 11:25",10.66,10.68,10.65,10.68,0.07,+0.66%,0
"2023-08-02 11:26",10.64,10.64,10.6,10.61,-0.07,-0.66%,0
"2023-08-02 11:27",10.59,10.59,10.52,10.53,-0.08,-0.75%,0
"2023-08-02 11:28",10.52,10.55,10.52,10.55,0.02,+0.19%,0
"2023-08-02 11:29",10.57,10.62,10.57,10.62,0.07,+0.66%,0
"2023-08-02 11:30",10.58,10.64,10.58,10.64,0.02,+0.19%,0
"2023-08-02 11:31",10.62,10.65,10.62,10.64,0,0.00%,0
"2023-08-02 11:32",10.68,10.68,10.65,10.65,0.01,+0.09%,0
"2023-08-02 11:33",10.66,10.66,10.64,10.65,0,0.00%,0
"2023-08-02 11:34",10.62,10.64,10.62,10.64,-0.01,-0.09%,0
"2023-08-02 11:35",10.59,10.6,10.55,10.55,-0.09,-0.85%,0
"2023-08-02 11:36",10.53,10.53,10.37,10.37,-0.18,-1.71%,0
"2023-08-02 11:37",10.35,10.44,10.35,10.44,0.07,+0.68%,0
"2023-08-02 11:38",10.45,10.46,10.43,10.46,0.02,+0.19%,0
"2023-08-02 11:39",10.46,10.5,10.46,10.49,0.03,+0.29%,0
"2023-08-02 11:40",10.5,10.56,10.5,10.56,0.07,+0.67%,0
"2023-08-02 11:41",10.58,10.66,10.58,10.66,0.1,+0.95%,0
"2023-08-02 11:42",10.64,10.74,10.64,10.74,0.08,+0.75%,0
"2023-08-02 11:43",10.71,10.72,10.66,10.66,-0.08,-0.74%,0
"2023-08-02 11:44",10.68,10.71,10.64,10.64,-0.02,-0.19%,0
"2023-08-02 11:45",10.64,10.66,10.64,10.64,0,0.00%,0
"2023-08-02 11:46",10.66,10.68,10.62,10.62,-0.02,-0.19%,0
"2023-08-02 11:47",10.58,10.72,10.58,10.72,0.1,+0.94%,0
"2023-08-02 11:48",10.77,10.96,10.77,10.91,0.19,+1.77%,0
"2023-08-02 11:49",10.92,11.04,10.92,10.99,0.08,+0.73%,0
"2023-08-02 11:50",10.96,11.07,10.96,11.05,0.06,+0.55%,0
"2023-08-02 11:51",11.04,11.04,10.99,10.99,-0.06,-0.54%,0
"2023-08-02 11:52",10.95,11,10.95,11,0.01,+0.09%,0
"2023-08-02 11:53",11.01,11.06,11.01,11.06,0.06,+0.55%,0
"2023-08-02 11:54",11.08,11.08,10.99,10.99,-0.07,-0.63%,0
"2023-08-02 11:55",11.01,11.05,11.01,11.03,0.04,+0.36%,0
"2023-08-02 11:56",11.05,11.09,11.05,11.09,0.06,+0.54%,0
"2023-08-02 11:57",11.12,11.13,11.09,11.1,0.01,+0.09%,0
"2023-08-02 11:58",11.12,11.17,11.12,11.12,0.02,+0.18%,0
"2023-08-02 11:59",11.07,11.21,11.07,11.21,0.09,+0.81%,0
"2023-08-02 12:00",11.26,11.26,11.16,11.16,-0.05,-0.45%,0
"2023-08-02 12:01",11.16,11.44,11.16,11.44,0.28,+2.51%,0
"2023-08-02 12:02",11.43,11.47,11.4,11.47,0.03,+0.26%,0
"2023-08-02 12:03",11.44,11.52,11.44,11.52,0.05,+0.44%,0
"2023-08-02 12:04",11.52,11.52,11.47,11.47,-0.05,-0.43%,0
"2023-08-02 12:05",11.49,11.49,11.45,11.45,-0.02,-0.17%,0
"2023-08-02 12:06",11.42,11.51,11.42,11.51,0.06,+0.52%,0
"2023-08-02 12:07",11.55,11.57,11.55,11.57,0.06,+0.52%,0
"2023-08-02 12:08",11.54,11.54,11.35,11.37,-0.2,-1.73%,0
"2023-08-02 12:09",11.39,11.43,11.39,11.43,0.06,+0.53%,0
"2023-08-02 12:10",11.42,11.49,11.41,11.49,0.06,+0.52%,0
"2023-08-02 12:11",11.46,11.53,11.46,11.53,0.04,+0.35%,0
"2023-08-02 12:12",11.54,11.57,11.52,11.52,-0.01,-0.09%,0
"2023-08-02 12:13",11.52,11.62,11.52,11.62,0.1,+0.87%,0
"2023-08-02 12:14",11.56,11.58,11.54,11.54,-0.08,-0.69%,0
"2023-08-02 12:15",11.55,11.57,11.49,11.55,0.01,+0.09%,0
"2023-08-02 12:16",11.55,11.55,11.42,11.42,-0.13,-1.13%,0
"2023-08-02 12:17",11.38,11.45,11.38,11.44,0.02,+0.18%,0
"2023-08-02 12:18",11.43,11.47,11.43,11.45,0.01,+0.09%,0
"2023-08-02 12:19",11.44,11.44,11.42,11.43,-0.02,-0.17%,0
"2023-08-02 12:20",11.46,11.52,11.46,11.52,0.09,+0.79%,0
"2023-08-02 12:21",11.53,11.53,11.48,11.48,-0.04,-0.35%,0
"2023-08-02 12:22",11.47,11.54,11.47,11.54,0.06,+0.52%,0
"2023-08-02 12:23",11.58,11.69,11.58,11.62,0.08,+0.69%,0
"2023-08-02 12:24",11.63,11.65,11.62,11.65,0.03,+0.26%,0
"2023-08-02 12:25",11.67,11.72,11.58,11.58,-0.07,-0.60%,0
"2023-08-02 12:26",11.62,11.65,11.62,11.64,0.06,+0.52%,0
"2023-08-02 12:27",11.63,11.71,11.63,11.71,0.07,+0.60%,0
"2023-08-02 12:28",11.71,11.87,11.71,11.87,0.16,+1.37%,0
"2023-08-02 12:29",11.84,11.84,11.78,11.78,-0.09,-0.76%,0
"2023-08-02 12:30",11.78,11.82,11.74,11.82,0.04,+0.34%,0
"2023-08-02 12:31",11.85,11.9,11.84,11.9,0.08,+0.68%,0
"2023-08-02 12:32",11.82,11.82,11.76,11.76,-0.14,-1.18%,0
"2023-08-02 12:33",11.75,11.77,11.72,11.72,-0.04,-0.34%,0
"2023-08-02 12:34",11.71,11.71,11.6,11.64,-0.08,-0.68%,0
"2023-08-02 12:35",11.66,11.69,11.66,11.67,0.03,+0.26%,0
"2023-08-02 12:36",11.62,11.62,11.59,11.62,-0.05,-0.43%,0
"2023-08-02 12:37",11.58,11.58,11.41,11.46,-0.16,-1.38%,0
"2023-08-02 12:38",11.45,11.54,11.45,11.53,0.07,+0.61%,0
"2023-08-02 12:39",11.53,11.55,11.53,11.55,0.02,+0.17%,0
"2023-08-02 12:40",11.52,11.56,11.52,11.56,0.01,+0.09%,0
"2023-08-02 12:41",11.61,11.62,11.61,11.61,0.05,+0.43%,0
"2023-08-02 12:42",11.64,11.64,11.61,11.62,0.01,+0.09%,0
"2023-08-02 12:43",11.64,11.65,11.58,11.58,-0.04,-0.34%,0
"2023-08-02 12:44",11.56,11.56,11.53,11.54,-0.04,-0.35%,0
"2023-08-02 12:45",11.53,11.54,11.51,11.51,-0.03,-0.26%,0
"2023-08-02 12:46",11.5,11.52,11.5,11.5,-0.01,-0.09%,0
"2023-08-02 12:47",11.5,11.52,11.5,11.5,0,0.00%,0
"2023-08-02 12:48",11.5,11.52,11.5,11.51,0.01,+0.09%,0
"2023-08-02 12:49",11.51,11.51,11.45,11.45,-0.06,-0.52%,0
"2023-08-02 12:50",11.46,11.46,11.41,11.41,-0.04,-0.35%,0
"2023-08-02 12:51",11.43,11.52,11.43,11.51,0.1,+0.88%,0
"2023-08-02 12:52",11.56,11.64,11.56,11.61,0.1,+0.87%,0
"2023-08-02 12:53",11.58,11.67,11.58,11.67,0.06,+0.52%,0
"2023-08-02 12:54",11.67,11.69,11.61,11.61,-0.06,-0.51%,0
"2023-08-02 12:55",11.62,11.62,11.58,11.58,-0.03,-0.26%,0
"2023-08-02 12:56",11.59,11.59,11.53,11.55,-0.03,-0.26%,0
"2023-08-02 12:57",11.55,11.59,11.55,11.59,0.04,+0.35%,0
"2023-08-02 12:58",11.61,11.64,11.61,11.61,0.02,+0.17%,0
"2023-08-02 12:59",11.6,11.65,11.6,11.63,0.02,+0.17%,0
"2023-08-02 13:00",11.62,11.64,11.59,11.59,-0.04,-0.34%,0
"2023-08-02 13:01",11.57,11.61,11.57,11.61,0.02,+0.17%,0
"2023-08-02 13:02",11.59,11.59,11.55,11.57,-0.04,-0.34%,0
"2023-08-02 13:03",11.61,11.65,11.61,11.65,0.08,+0.69%,0
"2023-08-02 13:04",11.64,11.64,11.58,11.58,-0.07,-0.60%,0
"2023-08-02 13:05",11.6,11.64,11.6,11.64,0.06,+0.52%,0
"2023-08-02 13:06",11.61,11.61,11.56,11.56,-0.08,-0.69%,0
"2023-08-02 13:07",11.57,11.65,11.57,11.65,0.09,+0.78%,0
"2023-08-02 13:08",11.68,11.72,11.68,11.69,0.04,+0.34%,0
"2023-08-02 13:09",11.7,11.71,11.68,11.71,0.02,+0.17%,0
"2023-08-02 13:10",11.69,11.69,11.64,11.64,-0.07,-0.60%,0
"2023-08-02 13:11",11.65,11.65,11.62,11.63,-0.01,-0.09%,0
"2023-08-02 13:12",11.64,11.65,11.63,11.65,0.02,+0.17%,0
"2023-08-02 13:13",11.66,11.67,11.65,11.67,0.02,+0.17%,0
"2023-08-02 13:14",11.69,11.77,11.69,11.77,0.1,+0.86%,0
"2023-08-02 13:15",11.77,11.83,11.74,11.74,-0.03,-0.25%,0
"2023-08-02 13:16",11.74,11.8,11.74,11.76,0.02,+0.17%,0
"2023-08-02 13:17",11.8,11.81,11.75,11.75,-0.01,-0.09%,0
"2023-08-02 13:18",11.71,11.73,11.71,11.72,-0.03,-0.26%,0
"2023-08-02 13:19",11.74,11.76,11.73,11.73,0.01,+0.09%,0
"2023-08-02 13:20",11.74,11.76,11.74,11.74,0.01,+0.09%,0
"2023-08-02 13:21",11.78,11.78,11.71,11.73,-0.01,-0.09%,0
"2023-08-02 13:22",11.74,11.77,11.74,11.74,0.01,+0.09%,0
"2023-08-02 13:23",11.66,11.66,11.63,11.63,-0.11,-0.94%,0
"2023-08-02 13:24",11.66,11.72,11.66,11.72,0.09,+0.77%,0
"2023-08-02 13:25",11.73,11.74,11.7,11.7,-0.02,-0.17%,0
"2023-08-02 13:26",11.68,11.74,11.68,11.74,0.04,+0.34%,0
"2023-08-02 13:27",11.76,11.76,11.72,11.76,0.02,+0.17%,0
"2023-08-02 13:28",11.77,11.78,11.75,11.75,-0.01,-0.09%,0
"2023-08-02 13:29",11.71,11.71,11.63,11.63,-0.12,-1.02%,0
"2023-08-02 13:30",11.61,11.69,11.55,11.61,-0.02,-0.17%,0
"2023-08-02 13:31",11.7,11.73,11.68,11.68,0.07,+0.60%,0
"2023-08-02 13:32",11.71,11.72,11.66,11.66,-0.02,-0.17%,0
"2023-08-02 13:33",11.61,11.63,11.61,11.62,-0.04,-0.34%,0
"2023-08-02 13:34",11.62,11.62,11.6,11.6,-0.02,-0.17%,0
"2023-08-02 13:35",11.59,11.61,11.56,11.56,-0.04,-0.34%,0
"2023-08-02 13:36",11.54,11.57,11.54,11.54,-0.02,-0.17%,0
"2023-08-02 13:37",11.55,11.59,11.55,11.58,0.04,+0.35%,0
"2023-08-02 13:38",11.57,11.59,11.57,11.59,0.01,+0.09%,0
"2023-08-02 13:39",11.6,11.66,11.6,11.66,0.07,+0.60%,0
"2023-08-02 13:40",11.65,11.69,11.65,11.69,0.03,+0.26%,0
"2023-08-02 13:41",11.68,11.72,11.68,11.68,-0.01,-0.09%,0
"2023-08-02 13:42",11.68,11.78,11.68,11.78,0.1,+0.86%,0
"2023-08-02 13:43",11.8,11.9,11.8,11.9,0.12,+1.02%,0
"2023-08-02 13:44",11.94,11.94,11.93,11.94,0.04,+0.34%,0
"2023-08-02 13:45",11.91,11.93,11.86,11.86,-0.08,-0.67%,0
"2023-08-02 13:46",11.81,11.87,11.81,11.83,-0.03,-0.25%,0
"2023-08-02 13:47",11.84,11.84,11.83,11.83,0,0.00%,0
"2023-08-02 13:48",11.85,11.93,11.85,11.93,0.1,+0.85%,0
"2023-08-02 13:49",11.97,12.07,11.96,12.07,0.14,+1.17%,0
"2023-08-02 13:50",12.05,12.11,12.05,12.11,0.04,+0.33%,0
"2023-08-02 13:51",11.99,12.1,11.99,12.1,-0.01,-0.08%,0
"2023-08-02 13:52",12.12,12.12,12.1,12.11,0.01,+0.08%,0
"2023-08-02 13:53",12.09,12.15,12.09,12.15,0.04,+0.33%,0
"2023-08-02 13:54",12.22,12.28,12.22,12.27,0.12,+0.99%,0
"2023-08-02 13:55",12.29,12.36,12.29,12.36,0.09,+0.73%,0
"2023-08-02 13:56",12.33,12.38,12.33,12.37,0.01,+0.08%,0
"2023-08-02 13:57",12.43,12.46,12.43,12.44,0.07,+0.57%,0
"2023-08-02 13:58",12.4,12.4,12.34,12.36,-0.08,-0.64%,0
"2023-08-02 13:59",12.33,12.38,12.33,12.38,0.02,+0.16%,0
"2023-08-02 14:00",12.41,12.41,12.38,12.4,0.02,+0.16%,0
"2023-08-02 14:01",12.42,12.43,12.36,12.36,-0.04,-0.32%,0
"2023-08-02 14:02",12.35,12.43,12.35,12.43,0.07,+0.57%,0
"2023-08-02 14:03",12.47,12.5,12.4,12.4,-0.03,-0.24%,0
"2023-08-02 14:04",12.35,12.37,12.35,12.37,-0.03,-0.24%,0
"2023-08-02 14:05",12.38,12.42,12.34,12.34,-0.03,-0.24%,0
"2023-08-02 14:06",12.4,12.4,12.35,12.35,0.01,+0.08%,0
"2023-08-02 14:07",12.35,12.41,12.27,12.27,-0.08,-0.65%,0
"2023-08-02 14:08",12.27,12.3,12.27,12.29,0.02,+0.16%,0
"2023-08-02 14:09",12.28,12.31,12.28,12.28,-0.01,-0.08%,0
"2023-08-02 14:10",12.28,12.28,12.26,12.28,0,0.00%,0
"2023-08-02 14:11",12.28,12.43,12.28,12.42,0.14,+1.14%,0
"2023-08-02 14:12",12.39,12.43,12.39,12.43,0.01,+0.08%,0
"2023-08-02 14:13",12.4,12.43,12.37,12.37,-0.06,-0.48%,0
"2023-08-02 14:14",12.34,12.34,12.32,12.32,-0.05,-0.40%,0
"2023-08-02 14:15",12.28,12.3,12.28,12.3,-0.02,-0.16%,0
"2023-08-02 14:16",12.28,12.28,12.23,12.23,-0.07,-0.57%,0
"2023-08-02 14:17",12.25,12.25,12.2,12.21,-0.02,-0.16%,0
"2023-08-02 14:18",12.2,12.24,12.2,12.24,0.03,+0.25%,0
"2023-08-02 14:19",12.23,12.23,12.16,12.16,-0.08,-0.65%,0
"2023-08-02 14:20",12.14,12.22,12.14,12.22,0.06,+0.49%,0
"2023-08-02 14:21",12.19,12.24,12.19,12.24,0.02,+0.16%,0
"2023-08-02 14:22",12.26,12.34,12.26,12.32,0.08,+0.65%,0
"2023-08-02 14:23",12.33,12.39,12.33,12.39,0.07,+0.57%,0
"2023-08-02 14:24",12.38,12.43,12.38,12.42,0.03,+0.24%,0
"2023-08-02 14:25",12.44,12.5,12.42,12.5,0.08,+0.64%,0
"2023-08-02 14:26",12.51,12.55,12.51,12.52,0.02,+0.16%,0
"2023-08-02 14:27",12.51,12.67,12.51,12.67,0.15,+1.20%,0
"2023-08-02 14:28",12.64,12.67,12.61,12.61,-0.06,-0.47%,0
"2023-08-02 14:29",12.56,12.61,12.56,12.61,0,0.00%,0
"2023-08-02 14:30",12.61,12.64,12.59,12.64,0.03,+0.24%,0
"2023-08-02 14:31",12.65,12.71,12.64,12.64,0,0.00%,0
"2023-08-02 14:32",12.62,12.68,12.62,12.68,0.04,+0.32%,0
"2023-08-02 14:33",12.66,12.78,12.66,12.78,0.1,+0.79%,0
"2023-08-02 14:34",12.71,12.75,12.71,12.75,-0.03,-0.23%,0
"2023-08-02 14:35",12.74,12.85,12.74,12.85,0.1,+0.78%,0
"2023-08-02 14:36",12.85,12.95,12.85,12.95,0.1,+0.78%,0
"2023-08-02 14:37",12.94,12.96,12.94,12.96,0.01,+0.08%,0
"2023-08-02 14:38",12.94,12.94,12.89,12.92,-0.04,-0.31%,0
"2023-08-02 14:39",12.9,12.94,12.89,12.94,0.02,+0.15%,0
"2023-08-02 14:40",12.95,12.95,12.92,12.92,-0.02,-0.15%,0
"2023-08-02 14:41",12.95,13.03,12.95,13.02,0.1,+0.77%,0
"2023-08-02 14:42",13.07,13.11,13.05,13.05,0.03,+0.23%,0
"2023-08-02 14:43",13.07,13.07,13.02,13.03,-0.02,-0.15%,0
"2023-08-02 14:44",13.04,13.11,13.04,13.11,0.08,+0.61%,0
"2023-08-02 14:45",13.12,13.12,13.08,13.08,-0.03,-0.23%,0
"2023-08-02 14:46",13.03,13.06,13.03,13.04,-0.04,-0.31%,0
"2023-08-02 14:47",13.02,13.03,13.01,13.03,-0.01,-0.08%,0
"2023-08-02 14:48",13.02,13.04,13,13.04,0.01,+0.08%,0
"2023-08-02 14:49",13.09,13.09,12.99,13,-0.04,-0.31%,0
"2023-08-02 14:50",12.99,13,12.98,12.98,-0.02,-0.15%,0
"2023-08-02 14:51",13,13,12.94,12.99,0.01,+0.08%,0
"2023-08-02 14:52",12.98,12.98,12.95,12.98,-0.01,-0.08%,0
"2023-08-02 14:53",12.97,12.97,12.94,12.94,-0.04,-0.31%,0
"2023-08-02 14:54",12.94,13.03,12.94,12.99,0.05,+0.39%,0
"2023-08-02 14:55",12.98,13.03,12.98,13.03,0.04,+0.31%,0
"2023-08-02 14:56",13.08,13.08,13.03,13.05,0.02,+0.15%,0
"2023-08-02 14:57",13.07,13.14,13.07,13.11,0.06,+0.46%,0
"2023-08-02 14:58",13.09,13.2,13.09,13.2,0.09,+0.69%,0
"2023-08-02 14:59",13.21,13.21,13.1,13.1,-0.1,-0.76%,0
"2023-08-02 15:00",13.06,13.06,13.01,13.01,-0.09,-0.69%,0
"2023-08-02 15:01",13.01,13.02,13.01,13.01,0,0.00%,0
"2023-08-02 15:02",13.01,13.05,13.01,13.05,0.04,+0.31%,0
"2023-08-02 15:03",13.06,13.06,13,13,-0.05,-0.38%,0
"2023-08-02 15:04",13.01,13.03,12.98,12.98,-0.02,-0.15%,0
"2023-08-02 15:05",12.95,13.01,12.95,13.01,0.03,+0.23%,0
"2023-08-02 15:06",13.02,13.09,13.02,13.09,0.08,+0.61%,0
"2023-08-02 15:07",13.12,13.29,13.12,13.27,0.18,+1.38%,0
"2023-08-02 15:08",13.28,13.3,13.24,13.3,0.03,+0.23%,0
"2023-08-02 15:09",13.3,13.31,13.27,13.27,-0.03,-0.23%,0
"2023-08-02 15:10",13.29,13.35,13.28,13.35,0.08,+0.60%,0
"2023-08-02 15:11",13.4,13.42,13.32,13.32,-0.03,-0.22%,0
"2023-08-02 15:12",13.36,13.4,13.36,13.39,0.07,+0.53%,0
"2023-08-02 15:13",13.37,13.41,13.37,13.37,-0.02,-0.15%,0
"2023-08-02 15:14",13.36,13.38,13.33,13.33,-0.04,-0.30%,0
"2023-08-02 15:15",13.33,13.36,13.32,13.33,0,0.00%,0
"2023-08-02 15:16",13.35,13.38,13.33,13.33,0,0.00%,0
"2023-08-02 15:17",13.34,13.52,13.34,13.52,0.19,+1.43%,0
"2023-08-02 15:18",13.53,13.56,13.53,13.56,0.04,+0.30%,0
"2023-08-02 15:19",13.57,13.57,13.35,13.35,-0.21,-1.55%,0
"2023-08-02 15:20",13.37,13.41,13.37,13.39,0.04,+0.30%,0
"2023-08-02 15:21",13.41,13.45,13.41,13.42,0.03,+0.22%,0
"2023-08-02 15:22",13.36,13.4,13.36,13.38,-0.04,-0.30%,0
"2023-08-02 15:23",13.38,13.46,13.38,13.42,0.04,+0.30%,0
"2023-08-02 15:24",13.45,13.5,13.45,13.49,0.07,+0.52%,0
"2023-08-02 15:25",13.53,13.56,13.49,13.56,0.07,+0.52%,0
"2023-08-02 15:26",13.65,13.88,13.65,13.88,0.32,+2.36%,0
"2023-08-02 15:27",13.93,14.06,13.93,14.06,0.18,+1.30%,0
"2023-08-02 15:28",14.08,14.08,13.91,13.96,-0.1,-0.71%,0
"2023-08-02 15:29",14,14.16,14,14.16,0.2,+1.43%,0
"2023-08-02 15:30",14.16,14.16,14.1,14.16,0,0.00%,0
"2023-08-02 15:31",14.2,14.2,14.15,14.15,-0.01,-0.07%,0
"2023-08-02 15:32",14.16,14.16,14.03,14.03,-0.12,-0.85%,0
"2023-08-02 15:33",14.06,14.06,14,14,-0.03,-0.21%,0
"2023-08-02 15:34",13.95,14.03,13.95,14.03,0.03,+0.21%,0
"2023-08-02 15:35",14.05,14.05,13.93,13.93,-0.1,-0.71%,0
"2023-08-02 15:36",13.93,13.93,13.87,13.87,-0.06,-0.43%,0
"2023-08-02 15:37",13.82,13.82,13.63,13.63,-0.24,-1.73%,0
"2023-08-02 15:38",13.59,13.62,13.57,13.62,-0.01,-0.07%,0
"2023-08-02 15:39",13.54,13.55,13.51,13.51,-0.11,-0.81%,0
"2023-08-02 15:40",13.49,13.55,13.49,13.55,0.04,+0.30%,0
"2023-08-02 15:41",13.56,13.59,13.56,13.58,0.03,+0.22%,0
"2023-08-02 15:42",13.58,13.58,13.54,13.56,-0.02,-0.15%,0
"2023-08-02 15:43",13.55,13.6,13.53,13.53,-0.03,-0.22%,0
"2023-08-02 15:44",13.52,13.52,13.36,13.36,-0.17,-1.26%,0
"2023-08-02 15:45",13.36,13.37,13.22,13.22,-0.14,-1.05%,0
"2023-08-02 15:46",13.19,13.19,13.07,13.07,-0.15,-1.13%,0
"2023-08-02 15:47",13.01,13.02,12.96,12.99,-0.08,-0.61%,0
"2023-08-02 15:48",13.05,13.08,13.05,13.05,0.06,+0.46%,0
"2023-08-02 15:49",13.05,13.14,13.05,13.08,0.03,+0.23%,0
"2023-08-02 15:50",13.14,13.4,13.14,13.4,0.32,+2.45%,0
"2023-08-02 15:51",13.36,13.39,13.35,13.39,-0.01,-0.07%,0
"2023-08-02 15:52",13.39,13.39,13.26,13.26,-0.13,-0.97%,0
"2023-08-02 15:53",13.25,13.25,13.19,13.23,-0.03,-0.23%,0
"2023-08-02 15:54",13.2,13.22,13.19,13.22,-0.01,-0.08%,0
"2023-08-02 15:55",13.26,13.38,13.26,13.38,0.16,+1.21%,0
"2023-08-02 15:56",13.36,13.44,13.36,13.44,0.06,+0.45%,0
"2023-08-02 15:57",13.49,13.49,13.35,13.35,-0.09,-0.67%,0
"2023-08-02 15:58",13.36,13.42,13.36,13.42,0.07,+0.52%,0
"2023-08-02 15:59",13.44,13.48,13.44,13.48,0.06,+0.45%,0
"2023-08-02 16:00",13.61,13.67,13.59,13.65,0.17,+1.26%,0
"2023-08-02 16:01",13.69,13.71,13.66,13.71,0.06,+0.44%,0
"2023-08-02 16:02",13.74,13.76,13.74,13.75,0.04,+0.29%,0
"2023-08-02 16:03",13.77,13.84,13.77,13.84,0.09,+0.65%,0
"2023-08-02 16:04",13.84,13.86,13.79,13.79,-0.05,-0.36%,0
"2023-08-02 16:05",13.77,13.8,13.7,13.7,-0.09,-0.65%,0
"2023-08-02 16:06",13.71,13.79,13.68,13.77,0.07,+0.51%,0
"2023-08-02 16:07",13.75,13.75,13.69,13.69,-0.08,-0.58%,0
"2023-08-02 16:08",13.67,13.7,13.67,13.68,-0.01,-0.07%,0
"2023-08-02 16:09",13.71,13.78,13.71,13.72,0.04,+0.29%,0
"2023-08-02 16:10",13.73,13.75,13.72,13.72,0,0.00%,0
"2023-08-02 16:11",13.7,13.77,13.7,13.77,0.05,+0.36%,0
"2023-08-02 16:12",13.78,13.81,13.78,13.8,0.03,+0.22%,0
"2023-08-02 16:13",13.79,13.85,13.79,13.84,0.04,+0.29%,0
"2023-08-02 16:14",13.85,13.85,13.76,13.76,-0.08,-0.58%,0
"2023-08-02 16:15",13.79,13.79,13.79,13.79,0.03,+0.22%,0
"2023-08-03 09:31",10.62,10.63,10.59,10.59,-3.2,-23.21%,0
"2023-08-03 09:32",10.59,10.61,10.57,10.57,-0.02,-0.19%,0
"2023-08-03 09:33",10.57,10.64,10.56,10.64,0.07,+0.66%,0
"2023-08-03 09:34",10.63,10.63,10.44,10.44,-0.2,-1.88%,0
"2023-08-03 09:35",10.41,10.54,10.41,10.43,-0.01,-0.10%,0
"2023-08-03 09:36",10.34,10.34,10.2,10.2,-0.23,-2.21%,0
"2023-08-03 09:37",10.25,10.31,10.25,10.31,0.11,+1.08%,0
"2023-08-03 09:38",10.34,10.47,10.34,10.45,0.14,+1.36%,0
"2023-08-03 09:39",10.38,10.4,10.35,10.39,-0.06,-0.57%,0
"2023-08-03 09:40",10.41,10.46,10.4,10.41,0.02,+0.19%,0
"2023-08-03 09:41",10.43,10.55,10.43,10.47,0.06,+0.58%,0
"2023-08-03 09:42",10.46,10.46,10.43,10.44,-0.03,-0.29%,0
"2023-08-03 09:43",10.45,10.46,10.42,10.43,-0.01,-0.10%,0
"2023-08-03 09:44",10.44,10.52,10.44,10.46,0.03,+0.29%,0
"2023-08-03 09:45",10.48,10.55,10.48,10.55,0.09,+0.86%,0
"2023-08-03 09:46",10.56,10.64,10.56,10.61,0.06,+0.57%,0
"2023-08-03 09:47",10.55,10.55,10.46,10.46,-0.15,-1.41%,0
"2023-08-03 09:48",10.35,10.48,10.35,10.48,0.02,+0.19%,0
"2023-08-03 09:49",10.5,10.51,10.48,10.48,0,0.00%,0
"2023-08-03 09:50",10.46,10.46,10.25,10.25,-0.23,-2.19%,0
"2023-08-03 09:51",10.34,10.36,10.29,10.29,0.04,+0.39%,0
"2023-08-03 09:52",10.28,10.36,10.28,10.34,0.05,+0.49%,0
"2023-08-03 09:53",10.25,10.32,10.25,10.28,-0.06,-0.58%,0
"2023-08-03 09:54",10.23,10.28,10.23,10.26,-0.02,-0.19%,0
"2023-08-03 09:55",10.29,10.29,10.26,10.28,0.02,+0.19%,0
"2023-08-03 09:56",10.3,10.37,10.3,10.34,0.06,+0.58%,0
"2023-08-03 09:57",10.33,10.33,10.24,10.27,-0.07,-0.68%,0
"2023-08-03 09:58",10.26,10.3,10.26,10.3,0.03,+0.29%,0
"2023-08-03 09:59",10.31,10.35,10.31,10.33,0.03,+0.29%,0
"2023-08-03 10:00",10.37,10.37,10.07,10.07,-0.26,-2.52%,0
"2023-08-03 10:01",10.12,10.27,10.12,10.12,0.05,+0.50%,0
"2023-08-03 10:02",10,10.18,10,10.18,0.06,+0.59%,0
"2023-08-03 10:03",10.33,10.34,10.24,10.24,0.06,+0.59%,0
"2023-08-03 10:04",10.29,10.33,10.29,10.3,0.06,+0.59%,0
"2023-08-03 10:05",10.33,10.41,10.33,10.41,0.11,+1.07%,0
"2023-08-03 10:06",10.43,10.47,10.4,10.42,0.01,+0.10%,0
"2023-08-03 10:07",10.5,10.5,10.41,10.42,0,0.00%,0
"2023-08-03 10:08",10.46,10.49,10.39,10.42,0,0.00%,0
"2023-08-03 10:09",10.47,10.48,10.45,10.45,0.03,+0.29%,0
"2023-08-03 10:10",10.5,10.54,10.49,10.54,0.09,+0.86%,0
"2023-08-03 10:11",10.51,10.55,10.51,10.53,-0.01,-0.09%,0
"2023-08-03 10:12",10.45,10.45,10.43,10.45,-0.08,-0.76%,0
"2023-08-03 10:13",10.42,10.52,10.42,10.43,-0.02,-0.19%,0
"2023-08-03 10:14",10.41,10.51,10.41,10.48,0.05,+0.48%,0
"2023-08-03 10:15",10.47,10.56,10.47,10.56,0.08,+0.76%,0
"2023-08-03 10:16",10.59,10.63,10.56,10.56,0,0.00%,0
"2023-08-03 10:17",10.59,10.6,10.54,10.54,-0.02,-0.19%,0
"2023-08-03 10:18",10.54,10.56,10.48,10.51,-0.03,-0.28%,0
"2023-08-03 10:19",10.51,10.51,10.41,10.41,-0.1,-0.95%,0
"2023-08-03 10:20",10.41,10.48,10.41,10.48,0.07,+0.67%,0
"2023-08-03 10:21",10.48,10.59,10.48,10.56,0.08,+0.76%,0
"2023-08-03 10:22",10.59,10.66,10.57,10.57,0.01,+0.09%,0
"2023-08-03 10:23",10.61,10.69,10.61,10.69,0.12,+1.14%,0
"2023-08-03 10:24",10.67,10.71,10.67,10.68,-0.01,-0.09%,0
"2023-08-03 10:25",10.69,10.73,10.58,10.58,-0.1,-0.94%,0
"2023-08-03 10:26",10.6,10.67,10.6,10.67,0.09,+0.85%,0
"2023-08-03 10:27",10.68,10.8,10.68,10.8,0.13,+1.22%,0
"2023-08-03 10:28",10.81,10.91,10.81,10.91,0.11,+1.02%,0
"2023-08-03 10:29",10.98,11,10.93,10.93,0.02,+0.18%,0
"2023-08-03 10:30",10.99,11.02,10.99,11.02,0.09,+0.82%,0
"2023-08-03 10:31",10.98,10.98,10.88,10.88,-0.14,-1.27%,0
"2023-08-03 10:32",10.83,10.85,10.81,10.81,-0.07,-0.64%,0
"2023-08-03 10:33",10.82,10.83,10.79,10.79,-0.02,-0.19%,0
"2023-08-03 10:34",10.78,10.78,10.71,10.71,-0.08,-0.74%,0
"2023-08-03 10:35",10.69,10.69,10.57,10.57,-0.14,-1.31%,0
"2023-08-03 10:36",10.59,10.65,10.57,10.65,0.08,+0.76%,0
"2023-08-03 10:37",10.68,10.75,10.68,10.73,0.08,+0.75%,0
"2023-08-03 10:38",10.72,10.77,10.72,10.77,0.04,+0.37%,0
"2023-08-03 10:39",10.79,10.8,10.76,10.76,-0.01,-0.09%,0
"2023-08-03 10:40",10.74,10.82,10.73,10.73,-0.03,-0.28%,0
"2023-08-03 10:41",10.79,10.83,10.79,10.8,0.07,+0.65%,0
"2023-08-03 10:42",10.83,10.86,10.83,10.86,0.06,+0.56%,0
"2023-08-03 10:43",10.87,10.91,10.87,10.87,0.01,+0.09%,0
"2023-08-03 10:44",10.89,10.89,10.86,10.86,-0.01,-0.09%,0
"2023-08-03 10:45",10.83,10.9,10.83,10.88,0.02,+0.18%,0
"2023-08-03 10:46",10.88,10.9,10.88,10.9,0.02,+0.18%,0
"2023-08-03 10:47",10.89,10.92,10.86,10.86,-0.04,-0.37%,0
"2023-08-03 10:48",10.86,10.89,10.86,10.89,0.03,+0.28%,0
"2023-08-03 10:49",10.84,10.87,10.84,10.86,-0.03,-0.28%,0
"2023-08-03 10:50",10.87,10.92,10.87,10.92,0.06,+0.55%,0
"2023-08-03 10:51",10.89,10.99,10.89,10.99,0.07,+0.64%,0
"2023-08-03 10:52",10.98,11.01,10.98,10.99,0,0.00%,0
"2023-08-03 10:53",10.98,11.01,10.98,11.01,0.02,+0.18%,0
"2023-08-03 10:54",10.98,11.06,10.98,11.03,0.02,+0.18%,0
"2023-08-03 10:55",11.05,11.08,11.03,11.03,0,0.00%,0
"2023-08-03 10:56",11.04,11.07,11.01,11.01,-0.02,-0.18%,0
"2023-08-03 10:57",11.04,11.09,11.04,11.05,0.04,+0.36%,0
"2023-08-03 10:58",11.04,11.04,10.92,10.92,-0.13,-1.18%,0
"2023-08-03 10:59",10.87,10.91,10.87,10.89,-0.03,-0.27%,0
"2023-08-03 11:00",10.87,10.87,10.8,10.8,-0.09,-0.83%,0
"2023-08-03 11:01",10.79,10.82,10.79,10.81,0.01,+0.09%,0
"2023-08-03 11:02",10.81,10.83,10.8,10.8,-0.01,-0.09%,0
"2023-08-03 11:03",10.83,10.84,10.82,10.82,0.02,+0.19%,0
"2023-08-03 11:04",10.77,10.77,10.74,10.74,-0.08,-0.74%,0
"2023-08-03 11:05",10.76,10.8,10.76,10.76,0.02,+0.19%,0
"2023-08-03 11:06",10.76,10.78,10.76,10.77,0.01,+0.09%,0
"2023-08-03 11:07",10.8,10.8,10.79,10.8,0.03,+0.28%,0
"2023-08-03 11:08",10.79,10.81,10.77,10.77,-0.03,-0.28%,0
"2023-08-03 11:09",10.8,10.83,10.8,10.82,0.05,+0.46%,0
"2023-08-03 11:10",10.82,10.83,10.82,10.83,0.01,+0.09%,0
"2023-08-03 11:11",10.81,10.84,10.81,10.83,0,0.00%,0
"2023-08-03 11:12",10.82,10.87,10.82,10.86,0.03,+0.28%,0
"2023-08-03 11:13",10.87,10.9,10.87,10.88,0.02,+0.18%,0
"2023-08-03 11:14",10.91,10.93,10.91,10.91,0.03,+0.28%,0
"2023-08-03 11:15",10.89,10.95,10.89,10.94,0.03,+0.27%,0
"2023-08-03 11:16",10.91,10.95,10.88,10.88,-0.06,-0.55%,0
"2023-08-03 11:17",10.88,10.92,10.86,10.86,-0.02,-0.18%,0
"2023-08-03 11:18",10.84,10.89,10.82,10.89,0.03,+0.28%,0
"2023-08-03 11:19",10.87,10.88,10.84,10.88,-0.01,-0.09%,0
"2023-08-03 11:20",10.88,10.91,10.88,10.9,0.02,+0.18%,0
"2023-08-03 11:21",10.92,10.96,10.92,10.96,0.06,+0.55%,0
"2023-08-03 11:22",10.97,11.03,10.97,11.03,0.07,+0.64%,0
"2023-08-03 11:23",11.04,11.08,11.04,11.08,0.05,+0.45%,0
"2023-08-03 11:24",11.06,11.07,11.05,11.05,-0.03,-0.27%,0
"2023-08-03 11:25",11.03,11.08,11.03,11.07,0.02,+0.18%,0
"2023-08-03 11:26",11.06,11.11,11.06,11.11,0.04,+0.36%,0
"2023-08-03 11:27",11.11,11.15,11.11,11.12,0.01,+0.09%,0
"2023-08-03 11:28",11.13,11.16,11.13,11.13,0.01,+0.09%,0
"2023-08-03 11:29",11.12,11.16,11.12,11.16,0.03,+0.27%,0
"2023-08-03 11:30",11.17,11.2,11.14,11.2,0.04,+0.36%,0
"2023-08-03 11:31",11.18,11.25,11.18,11.25,0.05,+0.45%,0
"2023-08-03 11:32",11.24,11.29,11.24,11.29,0.04,+0.36%,0
"2023-08-03 11:33",11.31,11.34,11.31,11.34,0.05,+0.44%,0
"2023-08-03 11:34",11.34,11.36,11.33,11.33,-0.01,-0.09%,0
"2023-08-03 11:35",11.3,11.35,11.3,11.35,0.02,+0.18%,0
"2023-08-03 11:36",11.34,11.35,11.32,11.34,-0.01,-0.09%,0
"2023-08-03 11:37",11.35,11.44,11.35,11.41,0.07,+0.62%,0
"2023-08-03 11:38",11.4,11.43,11.39,11.39,-0.02,-0.18%,0
"2023-08-03 11:39",11.35,11.39,11.35,11.39,0,0.00%,0
"2023-08-03 11:40",11.42,11.46,11.42,11.43,0.04,+0.35%,0
"2023-08-03 11:41",11.43,11.45,11.43,11.45,0.02,+0.17%,0
"2023-08-03 11:42",11.42,11.49,11.42,11.47,0.02,+0.17%,0
"2023-08-03 11:43",11.47,11.52,11.47,11.52,0.05,+0.44%,0
"2023-08-03 11:44",11.5,11.57,11.5,11.55,0.03,+0.26%,0
"2023-08-03 11:45",11.54,11.57,11.54,11.57,0.02,+0.17%,0
"2023-08-03 11:46",11.58,11.58,11.56,11.56,-0.01,-0.09%,0
"2023-08-03 11:47",11.54,11.54,11.49,11.5,-0.06,-0.52%,0
"2023-08-03 11:48",11.49,11.53,11.49,11.52,0.02,+0.17%,0
"2023-08-03 11:49",11.51,11.52,11.5,11.5,-0.02,-0.17%,0
"2023-08-03 11:50",11.52,11.52,11.51,11.51,0.01,+0.09%,0
"2023-08-03 11:51",11.52,11.53,11.45,11.45,-0.06,-0.52%,0
"2023-08-03 11:52",11.47,11.47,11.44,11.44,-0.01,-0.09%,0
"2023-08-03 11:53",11.47,11.54,11.47,11.52,0.08,+0.70%,0
"2023-08-03 11:54",11.51,11.56,11.51,11.54,0.02,+0.17%,0
"2023-08-03 11:55",11.53,11.58,11.53,11.58,0.04,+0.35%,0
"2023-08-03 11:56",11.54,11.58,11.54,11.58,0,0.00%,0
"2023-08-03 11:57",11.66,11.79,11.66,11.79,0.21,+1.81%,0
"2023-08-03 11:58",11.78,11.78,11.73,11.73,-0.06,-0.51%,0
"2023-08-03 11:59",11.72,11.78,11.72,11.77,0.04,+0.34%,0
"2023-08-03 12:00",11.78,11.86,11.78,11.85,0.08,+0.68%,0
"2023-08-03 12:01",11.89,11.89,11.88,11.88,0.03,+0.25%,0
"2023-08-03 12:02",11.88,11.9,11.81,11.81,-0.07,-0.59%,0
"2023-08-03 12:03",11.81,11.88,11.81,11.88,0.07,+0.59%,0
"2023-08-03 12:04",11.87,11.98,11.87,11.89,0.01,+0.08%,0
"2023-08-03 12:05",11.9,11.92,11.9,11.91,0.02,+0.17%,0
"2023-08-03 12:06",11.9,11.95,11.9,11.94,0.03,+0.25%,0
"2023-08-03 12:07",11.94,12.01,11.94,11.98,0.04,+0.34%,0
"2023-08-03 12:08",12,12,11.99,12,0.02,+0.17%,0
"2023-08-03 12:09",12.01,12.02,11.99,12,0,0.00%,0
"2023-08-03 12:10",12,12.02,12,12.02,0.02,+0.17%,0
"2023-08-03 12:11",12.03,12.07,12.03,12.07,0.05,+0.42%,0
"2023-08-03 12:12",12.01,12.05,12.01,12.05,-0.02,-0.17%,0
"2023-08-03 12:13",12.05,12.09,12.05,12.07,0.02,+0.17%,0
"2023-08-03 12:14",12.06,12.1,12.06,12.1,0.03,+0.25%,0
"2023-08-03 12:15",12.09,12.12,12.09,12.1,0,0.00%,0
"2023-08-03 12:16",12.07,12.14,12.07,12.14,0.04,+0.33%,0
"2023-08-03 12:17",12.12,12.17,12.12,12.17,0.03,+0.25%,0
"2023-08-03 12:18",12.17,12.2,12.17,12.18,0.01,+0.08%,0
"2023-08-03 12:19",12.17,12.18,12.15,12.15,-0.03,-0.25%,0
"2023-08-03 12:20",12.12,12.15,12.12,12.15,0,0.00%,0
"2023-08-03 12:21",12.11,12.15,12.11,12.15,0,0.00%,0
"2023-08-03 12:22",12.13,12.19,12.13,12.17,0.02,+0.16%,0
"2023-08-03 12:23",12.19,12.22,12.19,12.22,0.05,+0.41%,0
"2023-08-03 12:24",12.24,12.26,12.23,12.23,0.01,+0.08%,0
"2023-08-03 12:25",12.2,12.22,12.2,12.21,-0.02,-0.16%,0
"2023-08-03 12:26",12.2,12.26,12.2,12.24,0.03,+0.25%,0
"2023-08-03 12:27",12.23,12.25,12.23,12.24,0,0.00%,0
"2023-08-03 12:28",12.25,12.3,12.25,12.29,0.05,+0.41%,0
"2023-08-03 12:29",12.27,12.3,12.27,12.27,-0.02,-0.16%,0
"2023-08-03 12:30",12.28,12.3,12.26,12.26,-0.01,-0.08%,0
"2023-08-03 12:31",12.29,12.35,12.29,12.35,0.09,+0.73%,0
"2023-08-03 12:32",12.34,12.37,12.34,12.37,0.02,+0.16%,0
"2023-08-03 12:33",12.36,12.41,12.36,12.41,0.04,+0.32%,0
"2023-08-03 12:34",12.41,12.44,12.41,12.44,0.03,+0.24%,0
"2023-08-03 12:35",12.43,12.47,12.43,12.47,0.03,+0.24%,0
"2023-08-03 12:36",12.46,12.5,12.45,12.45,-0.02,-0.16%,0
"2023-08-03 12:37",12.45,12.52,12.45,12.52,0.07,+0.56%,0
"2023-08-03 12:38",12.51,12.55,12.51,12.54,0.02,+0.16%,0
"2023-08-03 12:39",12.54,12.56,12.54,12.55,0.01,+0.08%,0
"2023-08-03 12:40",12.54,12.54,12.53,12.53,-0.02,-0.16%,0
"2023-08-03 12:41",12.5,12.53,12.5,12.53,0,0.00%,0
"2023-08-03 12:42",12.52,12.54,12.51,12.51,-0.02,-0.16%,0
"2023-08-03 12:43",12.49,12.57,12.49,12.57,0.06,+0.48%,0
"2023-08-03 12:44",12.55,12.58,12.55,12.55,-0.02,-0.16%,0
"2023-08-03 12:45",12.54,12.64,12.54,12.64,0.09,+0.72%,0
"2023-08-03 12:46",12.64,12.64,12.62,12.63,-0.01,-0.08%,0
"2023-08-03 12:47",12.63,12.68,12.63,12.68,0.05,+0.40%,0
"2023-08-03 12:48",12.67,12.71,12.67,12.69,0.01,+0.08%,0
"2023-08-03 12:49",12.69,12.71,12.69,12.69,0,0.00%,0
"2023-08-03 12:50",12.7,12.76,12.7,12.76,0.07,+0.55%,0
"2023-08-03 12:51",12.74,12.8,12.74,12.8,0.04,+0.31%,0
"2023-08-03 12:52",12.76,12.81,12.76,12.81,0.01,+0.08%,0
"2023-08-03 12:53",12.82,12.84,12.82,12.84,0.03,+0.23%,0
"2023-08-03 12:54",12.85,12.85,12.81,12.83,-0.01,-0.08%,0
"2023-08-03 12:55",12.83,12.84,12.82,12.82,-0.01,-0.08%,0
"2023-08-03 12:56",12.8,12.85,12.8,12.83,0.01,+0.08%,0
"2023-08-03 12:57",12.83,12.86,12.79,12.79,-0.04,-0.31%,0
"2023-08-03 12:58",12.76,12.76,12.74,12.74,-0.05,-0.39%,0
"2023-08-03 12:59",12.75,12.78,12.75,12.78,0.04,+0.31%,0
"2023-08-03 13:00",12.78,12.79,12.78,12.78,0,0.00%,0
"2023-08-03 13:01",12.79,12.84,12.79,12.84,0.06,+0.47%,0
"2023-08-03 13:02",12.83,12.86,12.81,12.84,0,0.00%,0
"2023-08-03 13:03",12.85,12.91,12.85,12.9,0.06,+0.47%,0
"2023-08-03 13:04",12.88,12.89,12.87,12.87,-0.03,-0.23%,0
"2023-08-03 13:05",12.89,12.95,12.89,12.95,0.08,+0.62%,0
"2023-08-03 13:06",12.95,12.98,12.95,12.98,0.03,+0.23%,0
"2023-08-03 13:07",12.99,13,12.98,12.98,0,0.00%,0
"2023-08-03 13:08",12.96,13,12.96,13,0.02,+0.15%,0
"2023-08-03 13:09",12.96,12.99,12.95,12.95,-0.05,-0.38%,0
"2023-08-03 13:10",12.94,12.97,12.94,12.97,0.02,+0.15%,0
"2023-08-03 13:11",12.95,12.99,12.95,12.99,0.02,+0.15%,0
"2023-08-03 13:12",13.01,13.02,13.01,13.02,0.03,+0.23%,0
"2023-08-03 13:13",13.01,13.05,13.01,13.05,0.03,+0.23%,0
"2023-08-03 13:14",13.03,13.05,13.03,13.04,-0.01,-0.08%,0
"2023-08-03 13:15",13.05,13.07,13.05,13.05,0.01,+0.08%,0
"2023-08-03 13:16",13.06,13.11,13.06,13.11,0.06,+0.46%,0
"2023-08-03 13:17",13.09,13.11,13.07,13.07,-0.04,-0.31%,0
"2023-08-03 13:18",13.05,13.06,13.05,13.05,-0.02,-0.15%,0
"2023-08-03 13:19",13.05,13.08,13.03,13.03,-0.02,-0.15%,0
"2023-08-03 13:20",13.03,13.03,13,13,-0.03,-0.23%,0
"2023-08-03 13:21",13,13.02,13,13,0,0.00%,0
"2023-08-03 13:22",13,13.03,13,13.03,0.03,+0.23%,0
"2023-08-03 13:23",13.02,13.05,13.02,13.03,0,0.00%,0
"2023-08-03 13:24",13.03,13.04,13.03,13.04,0.01,+0.08%,0
"2023-08-03 13:25",13.03,13.04,13.03,13.03,-0.01,-0.08%,0
"2023-08-03 13:26",13.04,13.05,13.02,13.05,0.02,+0.15%,0
"2023-08-03 13:27",13.05,13.1,13.05,13.1,0.05,+0.38%,0
"2023-08-03 13:28",13.1,13.14,13.1,13.14,0.04,+0.31%,0
"2023-08-03 13:29",13.14,13.25,13.14,13.25,0.11,+0.84%,0
"2023-08-03 13:30",13.25,13.27,13.24,13.27,0.02,+0.15%,0
"2023-08-03 13:31",13.26,13.3,13.26,13.3,0.03,+0.23%,0
"2023-08-03 13:32",13.32,13.36,13.32,13.36,0.06,+0.45%,0
"2023-08-03 13:33",13.38,13.44,13.38,13.43,0.07,+0.52%,0
"2023-08-03 13:34",13.43,13.47,13.41,13.47,0.04,+0.30%,0
"2023-08-03 13:35",13.46,13.55,13.46,13.54,0.07,+0.52%,0
"2023-08-03 13:36",13.52,13.55,13.52,13.53,-0.01,-0.07%,0
"2023-08-03 13:37",13.5,13.5,13.47,13.47,-0.06,-0.44%,0
"2023-08-03 13:38",13.52,13.54,13.52,13.54,0.07,+0.52%,0
"2023-08-03 13:39",13.53,13.54,13.52,13.52,-0.02,-0.15%,0
"2023-08-03 13:40",13.53,13.6,13.53,13.6,0.08,+0.59%,0
"2023-08-03 13:41",13.64,13.72,13.64,13.72,0.12,+0.88%,0
"2023-08-03 13:42",13.73,13.77,13.73,13.77,0.05,+0.36%,0
"2023-08-03 13:43",13.78,13.85,13.78,13.85,0.08,+0.58%,0
"2023-08-03 13:44",13.87,13.9,13.83,13.86,0.01,+0.07%,0
"2023-08-03 13:45",13.87,14.06,13.87,14.06,0.2,+1.44%,0
"2023-08-03 13:46",14.03,14.03,13.95,13.95,-0.11,-0.78%,0
"2023-08-03 13:47",13.97,13.99,13.97,13.97,0.02,+0.14%,0
"2023-08-03 13:48",13.95,13.97,13.92,13.92,-0.05,-0.36%,0
"2023-08-03 13:49",13.86,13.92,13.86,13.92,0,0.00%,0
"2023-08-03 13:50",13.95,14.02,13.95,14.02,0.1,+0.72%,0
"2023-08-03 13:51",14.05,14.1,14.05,14.06,0.04,+0.29%,0
"2023-08-03 13:52",14.06,14.13,14.06,14.13,0.07,+0.50%,0
"2023-08-03 13:53",14.13,14.13,14.08,14.08,-0.05,-0.35%,0
"2023-08-03 13:54",14.07,14.11,14.07,14.11,0.03,+0.21%,0
"2023-08-03 13:55",14.11,14.2,14.11,14.2,0.09,+0.64%,0
"2023-08-03 13:56",14.23,14.32,14.23,14.32,0.12,+0.85%,0
"2023-08-03 13:57",14.36,14.38,14.35,14.38,0.06,+0.42%,0
"2023-08-03 13:58",14.29,14.32,14.29,14.29,-0.09,-0.63%,0
"2023-08-03 13:59",14.29,14.4,14.29,14.4,0.11,+0.77%,0
"2023-08-03 14:00",14.41,14.41,14.36,14.4,0,0.00%,0
"2023-08-03 14:01",14.41,14.59,14.41,14.59,0.19,+1.32%,0
"2023-08-03 14:02",14.61,14.61,14.52,14.53,-0.06,-0.41%,0
"2023-08-03 14:03",14.49,14.51,14.49,14.51,-0.02,-0.14%,0
"2023-08-03 14:04",14.52,14.54,14.51,14.54,0.03,+0.21%,0
"2023-08-03 14:05",14.53,14.58,14.53,14.58,0.04,+0.28%,0
"2023-08-03 14:06",14.58,14.6,14.58,14.58,0,0.00%,0
"2023-08-03 14:07",14.59,14.65,14.59,14.65,0.07,+0.48%,0
"2023-08-03 14:08",14.64,14.69,14.64,14.69,0.04,+0.27%,0
"2023-08-03 14:09",14.7,14.8,14.7,14.8,0.11,+0.75%,0
"2023-08-03 14:10",14.82,14.91,14.82,14.91,0.11,+0.74%,0
"2023-08-03 14:11",14.92,14.92,14.85,14.85,-0.06,-0.40%,0
"2023-08-03 14:12",14.86,14.9,14.86,14.87,0.02,+0.13%,0
"2023-08-03 14:13",14.9,14.93,14.89,14.93,0.06,+0.40%,0
"2023-08-03 14:14",14.93,15,14.93,15,0.07,+0.47%,0
"2023-08-03 14:15",15.02,15.02,15,15,0,0.00%,0
"2023-08-03 14:16",14.97,14.99,14.97,14.99,-0.01,-0.07%,0
"2023-08-03 14:17",14.99,15.03,14.99,15,0.01,+0.07%,0
"2023-08-03 14:18",15,15.02,14.98,14.98,-0.02,-0.13%,0
"2023-08-03 14:19",14.95,14.95,14.92,14.92,-0.06,-0.40%,0
"2023-08-03 14:20",14.87,14.87,14.86,14.87,-0.05,-0.34%,0
"2023-08-03 14:21",14.85,14.89,14.85,14.88,0.01,+0.07%,0
"2023-08-03 14:22",14.85,14.85,14.81,14.81,-0.07,-0.47%,0
"2023-08-03 14:23",14.81,14.84,14.76,14.76,-0.05,-0.34%,0
"2023-08-03 14:24",14.74,14.78,14.74,14.76,0,0.00%,0
"2023-08-03 14:25",14.73,14.75,14.73,14.75,-0.01,-0.07%,0
"2023-08-03 14:26",14.76,14.79,14.74,14.79,0.04,+0.27%,0
"2023-08-03 14:27",14.79,14.86,14.79,14.86,0.07,+0.47%,0
"2023-08-03 14:28",14.81,14.87,14.81,14.87,0.01,+0.07%,0
"2023-08-03 14:29",14.83,14.88,14.83,14.88,0.01,+0.07%,0
"2023-08-03 14:30",14.87,14.93,14.86,14.93,0.05,+0.34%,0
"2023-08-03 14:31",14.9,14.9,14.86,14.88,-0.05,-0.33%,0
"2023-08-03 14:32",14.87,14.9,14.87,14.9,0.02,+0.13%,0
"2023-08-03 14:33",14.88,14.97,14.88,14.97,0.07,+0.47%,0
"2023-08-03 14:34",14.96,14.99,14.96,14.97,0,0.00%,0
"2023-08-03 14:35",14.98,15.06,14.98,15.06,0.09,+0.60%,0
"2023-08-03 14:36",15.09,15.25,15.09,15.25,0.19,+1.26%,0
"2023-08-03 14:37",15.3,15.32,15.21,15.21,-0.04,-0.26%,0
"2023-08-03 14:38",15.19,15.19,15.12,15.13,-0.08,-0.53%,0
"2023-08-03 14:39",15.11,15.12,15.1,15.11,-0.02,-0.13%,0
"2023-08-03 14:40",15.11,15.15,15.11,15.15,0.04,+0.26%,0
"2023-08-03 14:41",15.14,15.18,15.13,15.13,-0.02,-0.13%,0
"2023-08-03 14:42",15.11,15.13,15.11,15.12,-0.01,-0.07%,0
"2023-08-03 14:43",15.1,15.18,15.1,15.15,0.03,+0.20%,0
"2023-08-03 14:44",15.17,15.21,15.17,15.2,0.05,+0.33%,0
"2023-08-03 14:45",15.18,15.19,15.18,15.19,-0.01,-0.07%,0
"2023-08-03 14:46",15.18,15.22,15.18,15.21,0.02,+0.13%,0
"2023-08-03 14:47",15.24,15.35,15.24,15.31,0.1,+0.66%,0
"2023-08-03 14:48",15.3,15.36,15.3,15.36,0.05,+0.33%,0
"2023-08-03 14:49",15.36,15.42,15.36,15.42,0.06,+0.39%,0
"2023-08-03 14:50",15.43,15.43,15.39,15.4,-0.02,-0.13%,0
"2023-08-03 14:51",15.41,15.46,15.39,15.39,-0.01,-0.06%,0
"2023-08-03 14:52",15.38,15.42,15.37,15.41,0.02,+0.13%,0
"2023-08-03 14:53",15.37,15.39,15.36,15.36,-0.05,-0.32%,0
"2023-08-03 14:54",15.32,15.36,15.32,15.33,-0.03,-0.20%,0
"2023-08-03 14:55",15.32,15.42,15.32,15.42,0.09,+0.59%,0
"2023-08-03 14:56",15.38,15.44,15.38,15.43,0.01,+0.06%,0
"2023-08-03 14:57",15.44,15.46,15.43,15.43,0,0.00%,0
"2023-08-03 14:58",15.4,15.45,15.4,15.43,0,0.00%,0
"2023-08-03 14:59",15.45,15.51,15.45,15.5,0.07,+0.45%,0
"2023-08-03 15:00",15.49,15.51,15.49,15.49,-0.01,-0.06%,0
"2023-08-03 15:01",15.61,15.66,15.61,15.66,0.17,+1.10%,0
"2023-08-03 15:02",15.68,15.68,15.67,15.68,0.02,+0.13%,0
"2023-08-03 15:03",15.66,15.71,15.63,15.63,-0.05,-0.32%,0
"2023-08-03 15:04",15.62,15.68,15.62,15.65,0.02,+0.13%,0
"2023-08-03 15:05",15.65,15.78,15.65,15.78,0.13,+0.83%,0
"2023-08-03 15:06",15.8,15.81,15.8,15.81,0.03,+0.19%,0
"2023-08-03 15:07",15.79,15.81,15.79,15.81,0,0.00%,0
"2023-08-03 15:08",15.79,16.02,15.79,16.02,0.21,+1.33%,0
"2023-08-03 15:09",16.01,16.01,15.94,15.94,-0.08,-0.50%,0
"2023-08-03 15:10",15.92,16,15.92,16,0.06,+0.38%,0
"2023-08-03 15:11",16.03,16.22,16.03,16.22,0.22,+1.38%,0
"2023-08-03 15:12",16.18,16.23,16.18,16.19,-0.03,-0.18%,0
"2023-08-03 15:13",16.24,16.47,16.24,16.47,0.28,+1.73%,0
"2023-08-03 15:14",16.5,16.54,16.5,16.5,0.03,+0.18%,0
"2023-08-03 15:15",16.42,16.43,16.35,16.35,-0.15,-0.91%,0
"2023-08-03 15:16",16.34,16.41,16.34,16.39,0.04,+0.24%,0
"2023-08-03 15:17",16.41,16.41,16.34,16.35,-0.04,-0.24%,0
"2023-08-03 15:18",16.31,16.37,16.31,16.34,-0.01,-0.06%,0
"2023-08-03 15:19",16.3,16.31,16.19,16.19,-0.15,-0.92%,0
"2023-08-03 15:20",16.18,16.24,16.18,16.24,0.05,+0.31%,0
"2023-08-03 15:21",16.24,16.24,16.21,16.21,-0.03,-0.18%,0
"2023-08-03 15:22",16.22,16.24,16.22,16.23,0.02,+0.12%,0
"2023-08-03 15:23",16.2,16.2,16.11,16.11,-0.12,-0.74%,0
"2023-08-03 15:24",16.13,16.13,15.99,15.99,-0.12,-0.74%,0
"2023-08-03 15:25",15.96,16.08,15.95,16.08,0.09,+0.56%,0
"2023-08-03 15:26",16.09,16.1,16.08,16.09,0.01,+0.06%,0
"2023-08-03 15:27",16.07,16.11,16.07,16.07,-0.02,-0.12%,0
"2023-08-03 15:28",16.1,16.14,16.1,16.13,0.06,+0.37%,0
"2023-08-03 15:29",16.14,16.17,16.13,16.13,0,0.00%,0
"2023-08-03 15:30",16.13,16.15,16.13,16.14,0.01,+0.06%,0
"2023-08-03 15:31",16.09,16.1,16,16,-0.14,-0.87%,0
"2023-08-03 15:32",16.01,16.02,16,16.02,0.02,+0.13%,0
"2023-08-03 15:33",16.02,16.07,16.02,16.05,0.03,+0.19%,0
"2023-08-03 15:34",16.06,16.06,16.04,16.05,0,0.00%,0
"2023-08-03 15:35",16.05,16.05,16.03,16.03,-0.02,-0.12%,0
"2023-08-03 15:36",16,16.03,16,16,-0.03,-0.19%,0
"2023-08-03 15:37",15.99,16.1,15.99,16.1,0.1,+0.63%,0
"2023-08-03 15:38",16.1,16.14,16.09,16.14,0.04,+0.25%,0
"2023-08-03 15:39",16.19,16.19,16.12,16.17,0.03,+0.19%,0
"2023-08-03 15:40",16.15,16.17,16.15,16.17,0,0.00%,0
"2023-08-03 15:41",16.19,16.19,16.14,16.15,-0.02,-0.12%,0
"2023-08-03 15:42",16.17,16.18,16.15,16.15,0,0.00%,0
"2023-08-03 15:43",16.12,16.12,16.12,16.12,-0.03,-0.19%,0
"2023-08-03 15:44",16.14,16.2,16.14,16.2,0.08,+0.50%,0
"2023-08-03 15:45",16.16,16.19,16.16,16.19,-0.01,-0.06%,0
"2023-08-03 15:46",16.18,16.21,16.18,16.18,-0.01,-0.06%,0
"2023-08-03 15:47",16.19,16.19,16.07,16.07,-0.11,-0.68%,0
"2023-08-03 15:48",16.04,16.04,16.03,16.04,-0.03,-0.19%,0
"2023-08-03 15:49",16.04,16.07,16.03,16.06,0.02,+0.12%,0
"2023-08-03 15:50",16,16.09,16,16.09,0.03,+0.19%,0
"2023-08-03 15:51",16.11,16.15,16.11,16.14,0.05,+0.31%,0
"2023-08-03 15:52",16.16,16.2,16.16,16.2,0.06,+0.37%,0
"2023-08-03 15:53",16.17,16.19,16.16,16.16,-0.04,-0.25%,0
"2023-08-03 15:54",16.14,16.14,16.06,16.06,-0.1,-0.62%,0
"2023-08-03 15:55",16.09,16.13,16.09,16.11,0.05,+0.31%,0
"2023-08-03 15:56",16.12,16.12,16.1,16.11,0,0.00%,0
"2023-08-03 15:57",16.16,16.21,16.16,16.21,0.1,+0.62%,0
"2023-08-03 15:58",16.24,16.24,16.22,16.23,0.02,+0.12%,0
"2023-08-03 15:59",16.27,16.42,16.27,16.42,0.19,+1.17%,0
"2023-08-03 16:00",16.62,16.62,16.33,16.33,-0.09,-0.55%,0
"2023-08-03 16:01",16.34,16.34,15.83,15.83,-0.5,-3.06%,0
"2023-08-03 16:02",15.77,15.79,15.73,15.73,-0.1,-0.63%,0
"2023-08-03 16:03",15.74,15.74,15.58,15.6,-0.13,-0.83%,0
"2023-08-03 16:04",15.65,15.81,15.65,15.81,0.21,+1.35%,0
"2023-08-03 16:05",15.89,15.96,15.89,15.91,0.1,+0.63%,0
"2023-08-03 16:06",15.93,15.93,15.81,15.81,-0.1,-0.63%,0
"2023-08-03 16:07",15.87,15.92,15.83,15.85,0.04,+0.25%,0
"2023-08-03 16:08",15.92,15.92,15.86,15.87,0.02,+0.13%,0
"2023-08-03 16:09",15.87,15.87,15.85,15.86,-0.01,-0.06%,0
"2023-08-03 16:10",15.85,15.86,15.77,15.77,-0.09,-0.57%,0
"2023-08-03 16:11",15.76,15.8,15.7,15.7,-0.07,-0.44%,0
"2023-08-03 16:12",15.68,15.75,15.67,15.67,-0.03,-0.19%,0
"2023-08-03 16:13",15.67,15.67,15.54,15.54,-0.13,-0.83%,0
"2023-08-03 16:14",15.42,15.42,15.27,15.27,-0.27,-1.74%,0
"2023-08-03 16:15",15.3,15.3,15.3,15.3,0.03,+0.20%,0
"2023-08-04 09:31",10.48,10.48,10.13,10.13,-5.17,-33.79%,0
"2023-08-04 09:32",10.01,10.05,9.85,9.85,-0.28,-2.76%,0
"2023-08-04 09:33",9.76,9.76,9.46,9.46,-0.39,-3.96%,0
"2023-08-04 09:34",9.47,9.47,9.25,9.25,-0.21,-2.22%,0
"2023-08-04 09:35",9.41,9.56,9.39,9.56,0.31,+3.35%,0
"2023-08-04 09:36",9.56,9.56,9.48,9.48,-0.08,-0.84%,0
"2023-08-04 09:37",9.46,9.46,9.31,9.31,-0.17,-1.79%,0
"2023-08-04 09:38",9.29,9.29,9.24,9.24,-0.07,-0.75%,0
"2023-08-04 09:39",9.26,9.28,9.26,9.26,0.02,+0.22%,0
"2023-08-04 09:40",9.23,9.24,9.17,9.2,-0.06,-0.65%,0
"2023-08-04 09:41",9.19,9.35,9.18,9.35,0.15,+1.63%,0
"2023-08-04 09:42",9.35,9.35,9.27,9.27,-0.08,-0.86%,0
"2023-08-04 09:43",9.28,9.34,9.25,9.25,-0.02,-0.22%,0
"2023-08-04 09:44",9.24,9.4,9.24,9.26,0.01,+0.11%,0
"2023-08-04 09:45",9.28,9.28,9.16,9.16,-0.1,-1.08%,0
"2023-08-04 09:46",9.12,9.12,9.03,9.05,-0.11,-1.20%,0
"2023-08-04 09:47",9.03,9.03,8.88,8.88,-0.17,-1.88%,0
"2023-08-04 09:48",8.88,8.94,8.88,8.88,0,0.00%,0
"2023-08-04 09:49",8.92,8.96,8.88,8.94,0.06,+0.68%,0
"2023-08-04 09:50",8.86,9.07,8.86,9.07,0.13,+1.45%,0
"2023-08-04 09:51",9.09,9.61,9.09,9.61,0.54,+5.95%,0
"2023-08-04 09:52",9.4,9.4,9.21,9.21,-0.4,-4.16%,0
"2023-08-04 09:53",9.16,9.34,9.16,9.34,0.13,+1.41%,0
"2023-08-04 09:54",9.3,9.38,9.3,9.38,0.04,+0.43%,0
"2023-08-04 09:55",9.34,9.48,9.34,9.42,0.04,+0.43%,0
"2023-08-04 09:56",9.45,9.8,9.45,9.8,0.38,+4.03%,0
"2023-08-04 09:57",9.74,9.76,9.73,9.73,-0.07,-0.71%,0
"2023-08-04 09:58",9.64,9.74,9.64,9.67,-0.06,-0.62%,0
"2023-08-04 09:59",9.58,9.62,9.53,9.53,-0.14,-1.45%,0
"2023-08-04 10:00",9.53,9.62,9.53,9.62,0.09,+0.94%,0
"2023-08-04 10:01",9.64,9.67,9.61,9.61,-0.01,-0.10%,0
"2023-08-04 10:02",9.63,9.88,9.63,9.88,0.27,+2.81%,0
"2023-08-04 10:03",9.81,10.2,9.81,10.2,0.32,+3.24%,0
"2023-08-04 10:04",10.19,10.39,10.19,10.25,0.05,+0.49%,0
"2023-08-04 10:05",10.21,10.4,10.21,10.4,0.15,+1.46%,0
"2023-08-04 10:06",10.51,11.15,10.51,11.15,0.75,+7.21%,0
"2023-08-04 10:07",11.37,11.38,10.75,10.75,-0.4,-3.59%,0
"2023-08-04 10:08",10.69,10.71,10.66,10.7,-0.05,-0.47%,0
"2023-08-04 10:09",10.75,10.83,10.75,10.75,0.05,+0.47%,0
"2023-08-04 10:10",10.66,10.66,10.33,10.33,-0.42,-3.91%,0
"2023-08-04 10:11",10.38,10.38,10.28,10.28,-0.05,-0.48%,0
"2023-08-04 10:12",10.24,10.24,10.14,10.14,-0.14,-1.36%,0
"2023-08-04 10:13",10.11,10.17,10.11,10.16,0.02,+0.20%,0
"2023-08-04 10:14",10.22,10.29,10.22,10.27,0.11,+1.08%,0
"2023-08-04 10:15",10.31,10.58,10.3,10.58,0.31,+3.02%,0
"2023-08-04 10:16",10.67,10.67,10.43,10.43,-0.15,-1.42%,0
"2023-08-04 10:17",10.45,10.45,10.4,10.44,0.01,+0.10%,0
"2023-08-04 10:18",10.39,10.39,10.34,10.34,-0.1,-0.96%,0
"2023-08-04 10:19",10.34,10.34,10.12,10.12,-0.22,-2.13%,0
"2023-08-04 10:20",10.08,10.13,9.98,9.98,-0.14,-1.38%,0
"2023-08-04 10:21",9.97,9.99,9.93,9.97,-0.01,-0.10%,0
"2023-08-04 10:22",9.95,9.99,9.93,9.94,-0.03,-0.30%,0
"2023-08-04 10:23",9.91,9.95,9.88,9.88,-0.06,-0.60%,0
"2023-08-04 10:24",9.78,9.78,9.62,9.62,-0.26,-2.63%,0
"2023-08-04 10:25",9.56,9.56,9.52,9.52,-0.1,-1.04%,0
"2023-08-04 10:26",9.56,9.66,9.56,9.63,0.11,+1.16%,0
"2023-08-04 10:27",9.65,9.71,9.65,9.69,0.06,+0.62%,0
"2023-08-04 10:28",9.65,9.68,9.63,9.68,-0.01,-0.10%,0
"2023-08-04 10:29",9.64,9.65,9.57,9.57,-0.11,-1.14%,0
"2023-08-04 10:30",9.52,9.52,9.4,9.4,-0.17,-1.78%,0
"2023-08-04 10:31",9.41,9.41,9.29,9.29,-0.11,-1.17%,0
"2023-08-04 10:32",9.24,9.24,9.06,9.06,-0.23,-2.48%,0
"2023-08-04 10:33",9.06,9.11,9.06,9.11,0.05,+0.55%,0
"2023-08-04 10:34",9.12,9.18,9.12,9.17,0.06,+0.66%,0
"2023-08-04 10:35",9.17,9.18,9.14,9.14,-0.03,-0.33%,0
"2023-08-04 10:36",9.14,9.15,9.12,9.12,-0.02,-0.22%,0
"2023-08-04 10:37",9.09,9.12,9.06,9.12,0,0.00%,0
"2023-08-04 10:38",9.04,9.1,9.04,9.1,-0.02,-0.22%,0
"2023-08-04 10:39",9.06,9.11,9.06,9.1,0,0.00%,0
"2023-08-04 10:40",9.11,9.14,9,9,-0.1,-1.10%,0
"2023-08-04 10:41",9.05,9.09,9.05,9.08,0.08,+0.89%,0
"2023-08-04 10:42",9.11,9.14,9.1,9.14,0.06,+0.66%,0
"2023-08-04 10:43",9.15,9.15,9.11,9.14,0,0.00%,0
"2023-08-04 10:44",9.1,9.13,9.04,9.04,-0.1,-1.09%,0
"2023-08-04 10:45",8.96,9,8.93,9,-0.04,-0.44%,0
"2023-08-04 10:46",9.01,9.04,9.01,9.04,0.04,+0.44%,0
"2023-08-04 10:47",9.08,9.08,9.03,9.03,-0.01,-0.11%,0
"2023-08-04 10:48",8.97,9.12,8.97,9.12,0.09,+1.00%,0
"2023-08-04 10:49",9.15,9.15,9.04,9.06,-0.06,-0.66%,0
"2023-08-04 10:50",9.1,9.16,9.1,9.12,0.06,+0.66%,0
"2023-08-04 10:51",9.18,9.23,9.15,9.17,0.05,+0.55%,0
"2023-08-04 10:52",9.17,9.17,9.08,9.09,-0.08,-0.87%,0
"2023-08-04 10:53",9.05,9.05,9.01,9.01,-0.08,-0.88%,0
"2023-08-04 10:54",9.05,9.05,8.97,8.97,-0.04,-0.44%,0
"2023-08-04 10:55",8.95,9.01,8.91,9.01,0.04,+0.45%,0
"2023-08-04 10:56",8.99,9.02,8.97,8.97,-0.04,-0.44%,0
"2023-08-04 10:57",8.96,9.11,8.96,9.09,0.12,+1.34%,0
"2023-08-04 10:58",9.07,9.09,9.04,9.05,-0.04,-0.44%,0
"2023-08-04 10:59",9.06,9.09,9.04,9.04,-0.01,-0.11%,0
"2023-08-04 11:00",9.05,9.11,9.05,9.07,0.03,+0.33%,0
"2023-08-04 11:01",9.07,9.1,9.07,9.09,0.02,+0.22%,0
"2023-08-04 11:02",9.09,9.09,9.03,9.06,-0.03,-0.33%,0
"2023-08-04 11:03",9.04,9.06,9.02,9.02,-0.04,-0.44%,0
"2023-08-04 11:04",9.04,9.06,9.04,9.05,0.03,+0.33%,0
"2023-08-04 11:05",9.06,9.1,9.06,9.09,0.04,+0.44%,0
"2023-08-04 11:06",9.02,9.04,9,9.04,-0.05,-0.55%,0
"2023-08-04 11:07",9,9.02,8.97,8.97,-0.07,-0.77%,0
"2023-08-04 11:08",8.96,9,8.93,8.99,0.02,+0.22%,0
"2023-08-04 11:09",8.99,9.03,8.98,9.03,0.04,+0.44%,0
"2023-08-04 11:10",9.02,9.02,9.02,9.02,-0.01,-0.11%,0
"2023-08-04 11:11",9.03,9.1,9.03,9.1,0.08,+0.89%,0
"2023-08-04 11:12",9.13,9.18,9.13,9.18,0.08,+0.88%,0
"2023-08-04 11:13",9.16,9.22,9.15,9.15,-0.03,-0.33%,0
"2023-08-04 11:14",9.17,9.21,9.17,9.18,0.03,+0.33%,0
"2023-08-04 11:15",9.19,9.19,9.12,9.12,-0.06,-0.65%,0
"2023-08-04 11:16",9.15,9.15,9.14,9.15,0.03,+0.33%,0
"2023-08-04 11:17",9.13,9.16,9.13,9.16,0.01,+0.11%,0
"2023-08-04 11:18",9.12,9.16,9.12,9.15,-0.01,-0.11%,0
"2023-08-04 11:19",9.17,9.21,9.17,9.21,0.06,+0.66%,0
"2023-08-04 11:20",9.16,9.17,9.16,9.17,-0.04,-0.43%,0
"2023-08-04 11:21",9.15,9.17,9.15,9.16,-0.01,-0.11%,0
"2023-08-04 11:22",9.15,9.18,9.13,9.13,-0.03,-0.33%,0
"2023-08-04 11:23",9.14,9.16,9.13,9.16,0.03,+0.33%,0
"2023-08-04 11:24",9.16,9.17,9.16,9.17,0.01,+0.11%,0
"2023-08-04 11:25",9.17,9.2,9.17,9.18,0.01,+0.11%,0
"2023-08-04 11:26",9.16,9.19,9.16,9.19,0.01,+0.11%,0
"2023-08-04 11:27",9.14,9.14,9.1,9.12,-0.07,-0.76%,0
"2023-08-04 11:28",9.09,9.13,9.09,9.09,-0.03,-0.33%,0
"2023-08-04 11:29",9.1,9.11,9.09,9.11,0.02,+0.22%,0
"2023-08-04 11:30",9.11,9.11,9.05,9.05,-0.06,-0.66%,0
"2023-08-04 11:31",9.05,9.05,9.03,9.03,-0.02,-0.22%,0
"2023-08-04 11:32",9.05,9.07,9.03,9.05,0.02,+0.22%,0
"2023-08-04 11:33",9.02,9.06,9.02,9.05,0,0.00%,0
"2023-08-04 11:34",9.04,9.08,9.04,9.05,0,0.00%,0
"2023-08-04 11:35",9.05,9.12,9.05,9.1,0.05,+0.55%,0
"2023-08-04 11:36",9.08,9.08,9.05,9.07,-0.03,-0.33%,0
"2023-08-04 11:37",9.04,9.07,9.04,9.07,0,0.00%,0
"2023-08-04 11:38",9.07,9.09,9.03,9.03,-0.04,-0.44%,0
"2023-08-04 11:39",9.04,9.15,9.03,9.15,0.12,+1.33%,0
"2023-08-04 11:40",9.19,9.26,9.19,9.26,0.11,+1.20%,0
"2023-08-04 11:41",9.17,9.19,9.17,9.19,-0.07,-0.76%,0
"2023-08-04 11:42",9.19,9.19,9.07,9.07,-0.12,-1.31%,0
"2023-08-04 11:43",9.05,9.12,9.05,9.12,0.05,+0.55%,0
"2023-08-04 11:44",9.04,9.12,9.04,9.12,0,0.00%,0
"2023-08-04 11:45",9.08,9.16,9.08,9.16,0.04,+0.44%,0
"2023-08-04 11:46",9.14,9.18,9.14,9.18,0.02,+0.22%,0
"2023-08-04 11:47",9.19,9.23,9.19,9.23,0.05,+0.54%,0
"2023-08-04 11:48",9.2,9.23,9.2,9.22,-0.01,-0.11%,0
"2023-08-04 11:49",9.2,9.25,9.2,9.25,0.03,+0.33%,0
"2023-08-04 11:50",9.24,9.24,9.22,9.22,-0.03,-0.32%,0
"2023-08-04 11:51",9.21,9.28,9.21,9.28,0.06,+0.65%,0
"2023-08-04 11:52",9.32,9.4,9.32,9.4,0.12,+1.29%,0
"2023-08-04 11:53",9.33,9.35,9.28,9.29,-0.11,-1.17%,0
"2023-08-04 11:54",9.28,9.29,9.27,9.29,0,0.00%,0
"2023-08-04 11:55",9.31,9.32,9.31,9.32,0.03,+0.32%,0
"2023-08-04 11:56",9.33,9.35,9.33,9.34,0.02,+0.21%,0
"2023-08-04 11:57",9.34,9.42,9.34,9.38,0.04,+0.43%,0
"2023-08-04 11:58",9.39,9.39,9.37,9.38,0,0.00%,0
"2023-08-04 11:59",9.4,9.4,9.35,9.35,-0.03,-0.32%,0
"2023-08-04 12:00",9.35,9.35,9.35,9.35,0,0.00%,0
"2023-08-04 12:01",9.34,9.34,9.33,9.33,-0.02,-0.21%,0
"2023-08-04 12:02",9.32,9.35,9.32,9.32,-0.01,-0.11%,0
"2023-08-04 12:03",9.31,9.32,9.29,9.3,-0.02,-0.21%,0
"2023-08-04 12:04",9.3,9.33,9.3,9.32,0.02,+0.22%,0
"2023-08-04 12:05",9.33,9.36,9.3,9.3,-0.02,-0.21%,0
"2023-08-04 12:06",9.33,9.42,9.33,9.42,0.12,+1.29%,0
"2023-08-04 12:07",9.43,9.44,9.43,9.43,0.01,+0.11%,0
"2023-08-04 12:08",9.44,9.46,9.42,9.42,-0.01,-0.11%,0
"2023-08-04 12:09",9.44,9.46,9.43,9.46,0.04,+0.42%,0
"2023-08-04 12:10",9.48,9.51,9.48,9.49,0.03,+0.32%,0
"2023-08-04 12:11",9.48,9.49,9.47,9.47,-0.02,-0.21%,0
"2023-08-04 12:12",9.44,9.46,9.42,9.46,-0.01,-0.11%,0
"2023-08-04 12:13",9.46,9.48,9.44,9.44,-0.02,-0.21%,0
"2023-08-04 12:14",9.42,9.42,9.41,9.41,-0.03,-0.32%,0
"2023-08-04 12:15",9.41,9.44,9.41,9.44,0.03,+0.32%,0
"2023-08-04 12:16",9.46,9.48,9.46,9.47,0.03,+0.32%,0
"2023-08-04 12:17",9.42,9.48,9.41,9.41,-0.06,-0.63%,0
"2023-08-04 12:18",9.39,9.41,9.38,9.4,-0.01,-0.11%,0
"2023-08-04 12:19",9.39,9.41,9.39,9.4,0,0.00%,0
"2023-08-04 12:20",9.41,9.42,9.39,9.4,0,0.00%,0
"2023-08-04 12:21",9.39,9.43,9.39,9.41,0.01,+0.11%,0
"2023-08-04 12:22",9.45,9.5,9.45,9.5,0.09,+0.96%,0
"2023-08-04 12:23",9.48,9.49,9.46,9.46,-0.04,-0.42%,0
"2023-08-04 12:24",9.46,9.46,9.36,9.36,-0.1,-1.06%,0
"2023-08-04 12:25",9.32,9.54,9.32,9.54,0.18,+1.92%,0
"2023-08-04 12:26",9.57,9.72,9.57,9.72,0.18,+1.89%,0
"2023-08-04 12:27",9.67,9.73,9.67,9.71,-0.01,-0.10%,0
"2023-08-04 12:28",9.7,9.74,9.7,9.73,0.02,+0.21%,0
"2023-08-04 12:29",9.72,9.75,9.72,9.75,0.02,+0.21%,0
"2023-08-04 12:30",9.74,9.86,9.74,9.85,0.1,+1.03%,0
"2023-08-04 12:31",9.82,9.86,9.81,9.81,-0.04,-0.41%,0
"2023-08-04 12:32",9.81,9.83,9.79,9.79,-0.02,-0.20%,0
"2023-08-04 12:33",9.76,9.8,9.76,9.8,0.01,+0.10%,0
"2023-08-04 12:34",9.81,9.83,9.79,9.79,-0.01,-0.10%,0
"2023-08-04 12:35",9.81,9.83,9.8,9.8,0.01,+0.10%,0
"2023-08-04 12:36",9.79,9.79,9.79,9.79,-0.01,-0.10%,0
"2023-08-04 12:37",9.78,9.78,9.76,9.76,-0.03,-0.31%,0
"2023-08-04 12:38",9.77,9.79,9.77,9.79,0.03,+0.31%,0
"2023-08-04 12:39",9.79,9.81,9.79,9.8,0.01,+0.10%,0
"2023-08-04 12:40",9.79,9.82,9.79,9.81,0.01,+0.10%,0
"2023-08-04 12:41",9.81,9.83,9.79,9.79,-0.02,-0.20%,0
"2023-08-04 12:42",9.79,9.81,9.79,9.81,0.02,+0.20%,0
"2023-08-04 12:43",9.8,9.8,9.77,9.77,-0.04,-0.41%,0
"2023-08-04 12:44",9.77,9.82,9.77,9.82,0.05,+0.51%,0
"2023-08-04 12:45",9.8,9.86,9.8,9.85,0.03,+0.31%,0
"2023-08-04 12:46",9.81,9.85,9.81,9.85,0,0.00%,0
"2023-08-04 12:47",9.84,9.84,9.81,9.81,-0.04,-0.41%,0
"2023-08-04 12:48",9.8,9.82,9.79,9.82,0.01,+0.10%,0
"2023-08-04 12:49",9.82,9.83,9.82,9.82,0,0.00%,0
"2023-08-04 12:50",9.83,9.85,9.83,9.85,0.03,+0.31%,0
"2023-08-04 12:51",9.85,9.86,9.85,9.85,0,0.00%,0
"2023-08-04 12:52",9.87,9.89,9.87,9.89,0.04,+0.41%,0
"2023-08-04 12:53",9.89,9.91,9.89,9.9,0.01,+0.10%,0
"2023-08-04 12:54",9.87,9.87,9.84,9.84,-0.06,-0.61%,0
"2023-08-04 12:55",9.84,9.87,9.84,9.86,0.02,+0.20%,0
"2023-08-04 12:56",9.86,9.87,9.85,9.85,-0.01,-0.10%,0
"2023-08-04 12:57",9.86,9.88,9.86,9.87,0.02,+0.20%,0
"2023-08-04 12:58",9.87,9.89,9.87,9.88,0.01,+0.10%,0
"2023-08-04 12:59",9.88,9.89,9.87,9.89,0.01,+0.10%,0
"2023-08-04 13:00",9.88,9.88,9.86,9.86,-0.03,-0.30%,0
"2023-08-04 13:01",9.87,9.89,9.87,9.88,0.02,+0.20%,0
"2023-08-04 13:02",9.9,9.9,9.88,9.89,0.01,+0.10%,0
"2023-08-04 13:03",9.9,9.93,9.9,9.93,0.04,+0.40%,0
"2023-08-04 13:04",9.92,9.96,9.92,9.96,0.03,+0.30%,0
"2023-08-04 13:05",9.95,10.04,9.95,10.01,0.05,+0.50%,0
"2023-08-04 13:06",10,10.03,10,10,-0.01,-0.10%,0
"2023-08-04 13:07",9.99,9.99,9.97,9.97,-0.03,-0.30%,0
"2023-08-04 13:08",9.97,10.01,9.97,10,0.03,+0.30%,0
"2023-08-04 13:09",10,10.01,9.98,9.98,-0.02,-0.20%,0
"2023-08-04 13:10",9.97,10.02,9.97,10.02,0.04,+0.40%,0
"2023-08-04 13:11",10.04,10.06,10.04,10.06,0.04,+0.40%,0
"2023-08-04 13:12",10.03,10.04,10.03,10.03,-0.03,-0.30%,0
"2023-08-04 13:13",10.03,10.05,10.03,10.05,0.02,+0.20%,0
"2023-08-04 13:14",10.05,10.05,10.04,10.04,-0.01,-0.10%,0
"2023-08-04 13:15",10.09,10.11,10.09,10.11,0.07,+0.70%,0
"2023-08-04 13:16",10.11,10.19,10.11,10.19,0.08,+0.79%,0
"2023-08-04 13:17",10.18,10.18,10.17,10.18,-0.01,-0.10%,0
"2023-08-04 13:18",10.16,10.2,10.16,10.2,0.02,+0.20%,0
"2023-08-04 13:19",10.19,10.19,10.19,10.19,-0.01,-0.10%,0
"2023-08-04 13:20",10.17,10.22,10.17,10.2,0.01,+0.10%,0
"2023-08-04 13:21",10.22,10.26,10.22,10.26,0.06,+0.59%,0
"2023-08-04 13:22",10.24,10.24,10.2,10.2,-0.06,-0.58%,0
"2023-08-04 13:23",10.21,10.22,10.2,10.2,0,0.00%,0
"2023-08-04 13:24",10.2,10.24,10.2,10.23,0.03,+0.29%,0
"2023-08-04 13:25",10.25,10.51,10.25,10.51,0.28,+2.74%,0
"2023-08-04 13:26",10.52,10.73,10.52,10.73,0.22,+2.09%,0
"2023-08-04 13:27",10.6,10.6,10.47,10.47,-0.26,-2.42%,0
"2023-08-04 13:28",10.43,10.43,10.4,10.43,-0.04,-0.38%,0
"2023-08-04 13:29",10.44,10.44,10.43,10.43,0,0.00%,0
"2023-08-04 13:30",10.41,10.43,10.41,10.43,0,0.00%,0
"2023-08-04 13:31",10.37,10.37,10.31,10.31,-0.12,-1.15%,0
"2023-08-04 13:32",10.35,10.47,10.35,10.47,0.16,+1.55%,0
"2023-08-04 13:33",10.46,10.57,10.46,10.54,0.07,+0.67%,0
"2023-08-04 13:34",10.5,10.51,10.5,10.51,-0.03,-0.28%,0
"2023-08-04 13:35",10.5,10.59,10.5,10.57,0.06,+0.57%,0
"2023-08-04 13:36",10.6,10.62,10.6,10.6,0.03,+0.28%,0
"2023-08-04 13:37",10.61,10.64,10.6,10.62,0.02,+0.19%,0
"2023-08-04 13:38",10.67,10.73,10.67,10.73,0.11,+1.04%,0
"2023-08-04 13:39",10.75,10.77,10.75,10.76,0.03,+0.28%,0
"2023-08-04 13:40",10.74,10.84,10.74,10.82,0.06,+0.56%,0
"2023-08-04 13:41",10.77,10.77,10.66,10.67,-0.15,-1.39%,0
"2023-08-04 13:42",10.64,10.77,10.64,10.77,0.1,+0.94%,0
"2023-08-04 13:43",10.75,10.76,10.72,10.72,-0.05,-0.46%,0
"2023-08-04 13:44",10.73,10.73,10.72,10.73,0.01,+0.09%,0
"2023-08-04 13:45",10.7,10.71,10.7,10.7,-0.03,-0.28%,0
"2023-08-04 13:46",10.65,10.65,10.59,10.59,-0.11,-1.03%,0
"2023-08-04 13:47",10.58,10.59,10.58,10.59,0,0.00%,0
"2023-08-04 13:48",10.59,10.59,10.51,10.51,-0.08,-0.76%,0
"2023-08-04 13:49",10.52,10.61,10.52,10.61,0.1,+0.95%,0
"2023-08-04 13:50",10.58,10.6,10.58,10.6,-0.01,-0.09%,0
"2023-08-04 13:51",10.6,10.67,10.6,10.67,0.07,+0.66%,0
"2023-08-04 13:52",10.79,10.82,10.79,10.82,0.15,+1.41%,0
"2023-08-04 13:53",10.81,10.84,10.81,10.84,0.02,+0.18%,0
"2023-08-04 13:54",10.85,10.85,10.84,10.84,0,0.00%,0
"2023-08-04 13:55",10.85,11.11,10.85,11.11,0.27,+2.49%,0
"2023-08-04 13:56",11.13,11.17,11.13,11.16,0.05,+0.45%,0
"2023-08-04 13:57",11.08,11.12,11.03,11.03,-0.13,-1.16%,0
"2023-08-04 13:58",11.06,11.22,11.06,11.22,0.19,+1.72%,0
"2023-08-04 13:59",11.3,11.31,11.22,11.22,0,0.00%,0
"2023-08-04 14:00",11.18,11.42,11.18,11.42,0.2,+1.78%,0
"2023-08-04 14:01",11.54,11.75,11.54,11.75,0.33,+2.89%,0
"2023-08-04 14:02",11.82,12.06,11.82,12.02,0.27,+2.30%,0
"2023-08-04 14:03",12.01,12.01,11.85,11.85,-0.17,-1.41%,0
"2023-08-04 14:04",11.93,11.99,11.93,11.99,0.14,+1.18%,0
"2023-08-04 14:05",12.23,12.63,12.23,12.29,0.3,+2.50%,0
"2023-08-04 14:06",12.34,12.43,12.24,12.24,-0.05,-0.41%,0
"2023-08-04 14:07",12.1,12.1,11.97,12.06,-0.18,-1.47%,0
"2023-08-04 14:08",12.17,12.31,12.1,12.1,0.04,+0.33%,0
"2023-08-04 14:09",12.14,12.14,12.08,12.1,0,0.00%,0
"2023-08-04 14:10",12.01,12.14,12.01,12.14,0.04,+0.33%,0
"2023-08-04 14:11",12.13,12.15,12.11,12.11,-0.03,-0.25%,0
"2023-08-04 14:12",12.03,12.11,11.95,11.95,-0.16,-1.32%,0
"2023-08-04 14:13",11.87,11.87,11.73,11.73,-0.22,-1.84%,0
"2023-08-04 14:14",11.66,11.73,11.64,11.73,0,0.00%,0
"2023-08-04 14:15",11.8,11.89,11.8,11.89,0.16,+1.36%,0
"2023-08-04 14:16",12.07,12.21,12.07,12.16,0.27,+2.27%,0
"2023-08-04 14:17",12.14,12.14,12.04,12.04,-0.12,-0.99%,0
"2023-08-04 14:18",12.05,12.38,12.05,12.38,0.34,+2.82%,0
"2023-08-04 14:19",12.56,12.84,12.56,12.84,0.46,+3.72%,0
"2023-08-04 14:20",12.64,12.98,12.64,12.98,0.14,+1.09%,0
"2023-08-04 14:21",13.17,13.37,13.17,13.32,0.34,+2.62%,0
"2023-08-04 14:22",13.3,13.7,13.3,13.7,0.38,+2.85%,0
"2023-08-04 14:23",13.91,13.91,13.7,13.75,0.05,+0.36%,0
"2023-08-04 14:24",13.65,14.05,13.65,14.05,0.3,+2.18%,0
"2023-08-04 14:25",14.1,14.42,14.1,14.42,0.37,+2.63%,0
"2023-08-04 14:26",14.38,14.38,13.66,13.66,-0.76,-5.27%,0
"2023-08-04 14:27",13.53,13.58,13.46,13.46,-0.2,-1.46%,0
"2023-08-04 14:28",13.44,13.44,13.33,13.33,-0.13,-0.97%,0
"2023-08-04 14:29",13.34,13.45,13.34,13.45,0.12,+0.90%,0
"2023-08-04 14:30",13.62,13.64,13.46,13.46,0.01,+0.07%,0
"2023-08-04 14:31",13.46,13.61,13.46,13.61,0.15,+1.11%,0
"2023-08-04 14:32",13.59,14.03,13.59,14.03,0.42,+3.09%,0
"2023-08-04 14:33",14.04,14.04,13.92,13.96,-0.07,-0.50%,0
"2023-08-04 14:34",14.04,14.14,14.04,14.05,0.09,+0.64%,0
"2023-08-04 14:35",13.87,14.11,13.87,14.11,0.06,+0.43%,0
"2023-08-04 14:36",14.12,14.18,14.1,14.16,0.05,+0.35%,0
"2023-08-04 14:37",14.15,14.15,14.14,14.15,-0.01,-0.07%,0
"2023-08-04 14:38",14.17,14.41,14.17,14.41,0.26,+1.84%,0
"2023-08-04 14:39",14.55,14.91,14.55,14.91,0.5,+3.47%,0
"2023-08-04 14:40",14.95,14.95,14.68,14.68,-0.23,-1.54%,0
"2023-08-04 14:41",14.79,14.84,14.7,14.7,0.02,+0.14%,0
"2023-08-04 14:42",14.61,14.66,14.61,14.66,-0.04,-0.27%,0
"2023-08-04 14:43",14.54,15.53,14.54,15.53,0.87,+5.93%,0
"2023-08-04 14:44",15.68,16.08,15.68,15.73,0.2,+1.29%,0
"2023-08-04 14:45",15.5,15.5,15.25,15.25,-0.48,-3.05%,0
"2023-08-04 14:46",15.34,15.39,15.34,15.39,0.14,+0.92%,0
"2023-08-04 14:47",15.55,15.82,15.55,15.77,0.38,+2.47%,0
"2023-08-04 14:48",15.67,15.67,15.53,15.53,-0.24,-1.52%,0
"2023-08-04 14:49",15.52,15.58,15.52,15.57,0.04,+0.26%,0
"2023-08-04 14:50",15.56,15.56,15.43,15.43,-0.14,-0.90%,0
"2023-08-04 14:51",15.32,15.32,15.09,15.09,-0.34,-2.20%,0
"2023-08-04 14:52",15.01,15.06,14.95,15.02,-0.07,-0.46%,0
"2023-08-04 14:53",15.04,15.54,15.04,15.54,0.52,+3.46%,0
"2023-08-04 14:54",15.68,16.14,15.68,16.14,0.6,+3.86%,0
"2023-08-04 14:55",16.35,16.91,16.35,16.91,0.77,+4.77%,0
"2023-08-04 14:56",16.94,16.94,16.83,16.83,-0.08,-0.47%,0
"2023-08-04 14:57",16.67,16.67,16.2,16.2,-0.63,-3.74%,0
"2023-08-04 14:58",16.05,16.08,16.05,16.08,-0.12,-0.74%,0
"2023-08-04 14:59",16.03,16.09,16,16.09,0.01,+0.06%,0
"2023-08-04 15:00",16.22,16.22,15.84,15.84,-0.25,-1.55%,0
"2023-08-04 15:01",15.65,15.76,15.6,15.6,-0.24,-1.52%,0
"2023-08-04 15:02",15.55,15.55,15.49,15.51,-0.09,-0.58%,0
"2023-08-04 15:03",15.53,15.53,15.43,15.45,-0.06,-0.39%,0
"2023-08-04 15:04",15.56,15.7,15.56,15.66,0.21,+1.36%,0
"2023-08-04 15:05",15.71,15.71,15.68,15.68,0.02,+0.13%,0
"2023-08-04 15:06",15.84,15.93,15.84,15.9,0.22,+1.40%,0
"2023-08-04 15:07",15.9,15.92,15.9,15.92,0.02,+0.13%,0
"2023-08-04 15:08",15.85,16.02,15.85,16,0.08,+0.50%,0
"2023-08-04 15:09",16.04,16.1,15.99,16.1,0.1,+0.63%,0
"2023-08-04 15:10",16.09,16.09,15.9,15.9,-0.2,-1.24%,0
"2023-08-04 15:11",15.84,15.84,15.6,15.6,-0.3,-1.89%,0
"2023-08-04 15:12",15.54,15.54,15.38,15.38,-0.22,-1.41%,0
"2023-08-04 15:13",15.33,15.39,15.33,15.36,-0.02,-0.13%,0
"2023-08-04 15:14",15.29,15.38,15.22,15.26,-0.1,-0.65%,0
"2023-08-04 15:15",15.22,15.25,14.87,14.87,-0.39,-2.56%,0
"2023-08-04 15:16",14.88,14.88,14.66,14.66,-0.21,-1.41%,0
"2023-08-04 15:17",14.7,14.86,14.7,14.81,0.15,+1.02%,0
"2023-08-04 15:18",14.77,14.89,14.77,14.89,0.08,+0.54%,0
"2023-08-04 15:19",14.96,15.03,14.96,15.03,0.14,+0.94%,0
"2023-08-04 15:20",15.08,15.16,15.08,15.14,0.11,+0.73%,0
"2023-08-04 15:21",15.05,15.26,15.05,15.26,0.12,+0.79%,0
"2023-08-04 15:22",15.4,15.73,15.4,15.73,0.47,+3.08%,0
"2023-08-04 15:23",15.74,15.77,15.72,15.72,-0.01,-0.06%,0
"2023-08-04 15:24",15.71,15.77,15.7,15.7,-0.02,-0.13%,0
"2023-08-04 15:25",15.74,15.74,15.69,15.74,0.04,+0.25%,0
"2023-08-04 15:26",15.72,15.73,15.69,15.69,-0.05,-0.32%,0
"2023-08-04 15:27",15.6,15.7,15.6,15.64,-0.05,-0.32%,0
"2023-08-04 15:28",15.63,15.64,15.63,15.63,-0.01,-0.06%,0
"2023-08-04 15:29",15.61,15.61,15.46,15.51,-0.12,-0.77%,0
"2023-08-04 15:30",15.42,15.42,15.32,15.32,-0.19,-1.23%,0
"2023-08-04 15:31",15.28,15.38,15.28,15.38,0.06,+0.39%,0
"2023-08-04 15:32",15.32,15.32,15.19,15.19,-0.19,-1.24%,0
"2023-08-04 15:33",15.12,15.22,15.12,15.22,0.03,+0.20%,0
"2023-08-04 15:34",15.26,15.3,15.26,15.3,0.08,+0.53%,0
"2023-08-04 15:35",15.28,15.49,15.27,15.49,0.19,+1.24%,0
"2023-08-04 15:36",15.51,15.56,15.5,15.56,0.07,+0.45%,0
"2023-08-04 15:37",15.52,15.54,15.45,15.45,-0.11,-0.71%,0
"2023-08-04 15:38",15.45,15.63,15.45,15.63,0.18,+1.17%,0
"2023-08-04 15:39",15.8,15.95,15.8,15.95,0.32,+2.05%,0
"2023-08-04 15:40",15.98,15.98,15.89,15.89,-0.06,-0.38%,0
"2023-08-04 15:41",15.93,16,15.93,16,0.11,+0.69%,0
"2023-08-04 15:42",16.08,16.18,16.08,16.11,0.11,+0.69%,0
"2023-08-04 15:43",16.12,16.2,16.12,16.17,0.06,+0.37%,0
"2023-08-04 15:44",16.2,16.25,16.2,16.23,0.06,+0.37%,0
"2023-08-04 15:45",16.22,16.22,16,16,-0.23,-1.42%,0
"2023-08-04 15:46",15.82,15.86,15.8,15.8,-0.2,-1.25%,0
"2023-08-04 15:47",15.85,15.92,15.75,15.75,-0.05,-0.32%,0
"2023-08-04 15:48",15.75,15.85,15.74,15.85,0.1,+0.63%,0
"2023-08-04 15:49",15.83,15.87,15.83,15.83,-0.02,-0.13%,0
"2023-08-04 15:50",15.78,15.98,15.78,15.9,0.07,+0.44%,0
"2023-08-04 15:51",15.96,16,15.79,15.79,-0.11,-0.69%,0
"2023-08-04 15:52",15.68,15.68,15.53,15.68,-0.11,-0.70%,0
"2023-08-04 15:53",15.73,15.73,15.51,15.51,-0.17,-1.08%,0
"2023-08-04 15:54",15.57,15.75,15.57,15.75,0.24,+1.55%,0
"2023-08-04 15:55",15.92,15.94,15.82,15.82,0.07,+0.44%,0
"2023-08-04 15:56",15.9,15.9,15.8,15.8,-0.02,-0.13%,0
"2023-08-04 15:57",15.74,15.74,15.41,15.41,-0.39,-2.47%,0
"2023-08-04 15:58",15.46,15.5,15.34,15.5,0.09,+0.58%,0
"2023-08-04 15:59",15.5,15.62,15.5,15.62,0.12,+0.77%,0
"2023-08-04 16:00",15.32,15.32,15.1,15.26,-0.36,-2.30%,0
"2023-08-04 16:01",15.36,15.37,15.33,15.33,0.07,+0.46%,0
"2023-08-04 16:02",15.26,15.26,15.16,15.19,-0.14,-0.91%,0
"2023-08-04 16:03",15.18,15.38,15.18,15.38,0.19,+1.25%,0
"2023-08-04 16:04",15.33,15.33,15.3,15.32,-0.06,-0.39%,0
"2023-08-04 16:05",15.27,15.27,15.22,15.24,-0.08,-0.52%,0
"2023-08-04 16:06",15.17,15.17,15.07,15.07,-0.17,-1.12%,0
"2023-08-04 16:07",15.03,15.03,14.91,14.91,-0.16,-1.06%,0
"2023-08-04 16:08",14.71,14.82,14.71,14.82,-0.09,-0.60%,0
"2023-08-04 16:09",14.81,14.81,14.73,14.73,-0.09,-0.61%,0
"2023-08-04 16:10",14.67,14.69,14.66,14.68,-0.05,-0.34%,0
"2023-08-04 16:11",14.56,14.69,14.56,14.68,0,0.00%,0
"2023-08-04 16:12",14.68,14.75,14.68,14.73,0.05,+0.34%,0
"2023-08-04 16:13",14.72,14.79,14.72,14.77,0.04,+0.27%,0
"2023-08-04 16:14",14.76,14.76,14.69,14.71,-0.06,-0.41%,0
"2023-08-04 16:15",14.69,14.69,14.69,14.69,-0.02,-0.14%,0
"2023-08-07 09:31",9.22,9.25,9.1,9.1,-5.59,-38.05%,0
"2023-08-07 09:32",9.08,9.08,8.99,8.99,-0.11,-1.21%,0
"2023-08-07 09:33",8.96,8.96,8.84,8.84,-0.15,-1.67%,0
"2023-08-07 09:34",8.81,8.84,8.79,8.79,-0.05,-0.57%,0
"2023-08-07 09:35",8.79,8.79,8.77,8.77,-0.02,-0.23%,0
"2023-08-07 09:36",8.7,8.81,8.7,8.81,0.04,+0.46%,0
"2023-08-07 09:37",8.77,8.79,8.76,8.76,-0.05,-0.57%,0
"2023-08-07 09:38",8.79,8.79,8.72,8.77,0.01,+0.11%,0
"2023-08-07 09:39",8.76,8.92,8.76,8.92,0.15,+1.71%,0
"2023-08-07 09:40",8.93,8.93,8.81,8.81,-0.11,-1.23%,0
"2023-08-07 09:41",8.92,9.19,8.92,9.17,0.36,+4.09%,0
"2023-08-07 09:42",9.15,9.33,9.15,9.33,0.16,+1.74%,0
"2023-08-07 09:43",9.3,9.3,9.14,9.24,-0.09,-0.96%,0
"2023-08-07 09:44",9.35,9.88,9.35,9.88,0.64,+6.93%,0
"2023-08-07 09:45",9.82,9.82,9.47,9.51,-0.37,-3.74%,0
"2023-08-07 09:46",9.4,9.65,9.4,9.57,0.06,+0.63%,0
"2023-08-07 09:47",9.55,9.63,9.55,9.63,0.06,+0.63%,0
"2023-08-07 09:48",9.68,9.72,9.64,9.64,0.01,+0.10%,0
"2023-08-07 09:49",9.77,9.9,9.77,9.9,0.26,+2.70%,0
"2023-08-07 09:50",9.96,9.96,9.79,9.79,-0.11,-1.11%,0
"2023-08-07 09:51",9.82,9.82,9.64,9.64,-0.15,-1.53%,0
"2023-08-07 09:52",9.59,9.59,9.54,9.54,-0.1,-1.04%,0
"2023-08-07 09:53",9.54,9.54,9.39,9.5,-0.04,-0.42%,0
"2023-08-07 09:54",9.46,9.5,9.46,9.49,-0.01,-0.11%,0
"2023-08-07 09:55",9.48,9.61,9.48,9.61,0.12,+1.26%,0
"2023-08-07 09:56",9.57,9.62,9.56,9.62,0.01,+0.10%,0
"2023-08-07 09:57",9.65,9.76,9.65,9.65,0.03,+0.31%,0
"2023-08-07 09:58",9.65,9.88,9.65,9.88,0.23,+2.38%,0
"2023-08-07 09:59",9.77,9.89,9.76,9.8,-0.08,-0.81%,0
"2023-08-07 10:00",9.76,9.96,9.76,9.96,0.16,+1.63%,0
"2023-08-07 10:01",10.01,10.13,10.01,10.07,0.11,+1.10%,0
"2023-08-07 10:02",10.07,10.21,10.06,10.06,-0.01,-0.10%,0
"2023-08-07 10:03",9.94,9.94,9.66,9.66,-0.4,-3.98%,0
"2023-08-07 10:04",9.72,9.83,9.72,9.83,0.17,+1.76%,0
"2023-08-07 10:05",9.81,9.84,9.81,9.82,-0.01,-0.10%,0
"2023-08-07 10:06",9.87,9.87,9.77,9.81,-0.01,-0.10%,0
"2023-08-07 10:07",9.74,9.74,9.49,9.49,-0.32,-3.26%,0
"2023-08-07 10:08",9.45,9.45,9.37,9.43,-0.06,-0.63%,0
"2023-08-07 10:09",9.38,9.48,9.38,9.42,-0.01,-0.11%,0
"2023-08-07 10:10",9.32,9.32,9.23,9.28,-0.14,-1.49%,0
"2023-08-07 10:11",9.29,9.29,9.24,9.27,-0.01,-0.11%,0
"2023-08-07 10:12",9.31,9.31,9.27,9.27,0,0.00%,0
"2023-08-07 10:13",9.34,9.45,9.34,9.45,0.18,+1.94%,0
"2023-08-07 10:14",9.37,9.37,9.33,9.33,-0.12,-1.27%,0
"2023-08-07 10:15",9.33,9.37,9.33,9.33,0,0.00%,0
"2023-08-07 10:16",9.32,9.32,9.17,9.18,-0.15,-1.61%,0
"2023-08-07 10:17",9.15,9.23,9.15,9.23,0.05,+0.54%,0
"2023-08-07 10:18",9.15,9.18,9.15,9.17,-0.06,-0.65%,0
"2023-08-07 10:19",9.15,9.16,9.08,9.08,-0.09,-0.98%,0
"2023-08-07 10:20",9.09,9.14,9.08,9.14,0.06,+0.66%,0
"2023-08-07 10:21",9.12,9.12,9.09,9.09,-0.05,-0.55%,0
"2023-08-07 10:22",9.07,9.13,9.07,9.13,0.04,+0.44%,0
"2023-08-07 10:23",9.13,9.13,9.08,9.08,-0.05,-0.55%,0
"2023-08-07 10:24",9.05,9.07,8.99,8.99,-0.09,-0.99%,0
"2023-08-07 10:25",9.01,9.01,8.96,8.96,-0.03,-0.33%,0
"2023-08-07 10:26",8.96,8.98,8.96,8.96,0,0.00%,0
"2023-08-07 10:27",8.99,9.1,8.99,9.1,0.14,+1.56%,0
"2023-08-07 10:28",9.11,9.11,9.04,9.06,-0.04,-0.44%,0
"2023-08-07 10:29",9,9.06,9,9,-0.06,-0.66%,0
"2023-08-07 10:30",8.97,9.12,8.97,9.12,0.12,+1.33%,0
"2023-08-07 10:31",9.2,9.21,9.2,9.2,0.08,+0.88%,0
"2023-08-07 10:32",9.18,9.24,9.16,9.16,-0.04,-0.43%,0
"2023-08-07 10:33",9.13,9.21,9.13,9.21,0.05,+0.55%,0
"2023-08-07 10:34",9.26,9.33,9.26,9.26,0.05,+0.54%,0
"2023-08-07 10:35",9.17,9.2,9.1,9.1,-0.16,-1.73%,0
"2023-08-07 10:36",9.07,9.07,8.97,8.99,-0.11,-1.21%,0
"2023-08-07 10:37",8.95,9.02,8.95,9.02,0.03,+0.33%,0
"2023-08-07 10:38",8.99,9.04,8.99,9.04,0.02,+0.22%,0
"2023-08-07 10:39",9.01,9.04,8.98,8.98,-0.06,-0.66%,0
"2023-08-07 10:40",8.96,8.99,8.93,8.93,-0.05,-0.56%,0
"2023-08-07 10:41",8.9,8.97,8.88,8.88,-0.05,-0.56%,0
"2023-08-07 10:42",8.85,8.99,8.85,8.99,0.11,+1.24%,0
"2023-08-07 10:43",9.04,9.14,9.04,9.1,0.11,+1.22%,0
"2023-08-07 10:44",9.07,9.15,9.07,9.15,0.05,+0.55%,0
"2023-08-07 10:45",9.17,9.22,9.14,9.14,-0.01,-0.11%,0
"2023-08-07 10:46",9.13,9.17,9.13,9.17,0.03,+0.33%,0
"2023-08-07 10:47",9.1,9.2,9.1,9.2,0.03,+0.33%,0
"2023-08-07 10:48",9.24,9.28,9.24,9.25,0.05,+0.54%,0
"2023-08-07 10:49",9.18,9.19,9.09,9.09,-0.16,-1.73%,0
"2023-08-07 10:50",9.06,9.34,9.06,9.34,0.25,+2.75%,0
"2023-08-07 10:51",9.34,9.41,9.34,9.41,0.07,+0.75%,0
"2023-08-07 10:52",9.44,9.5,9.39,9.39,-0.02,-0.21%,0
"2023-08-07 10:53",9.38,9.45,9.37,9.44,0.05,+0.53%,0
"2023-08-07 10:54",9.48,9.48,9.45,9.45,0.01,+0.11%,0
"2023-08-07 10:55",9.48,9.55,9.48,9.54,0.09,+0.95%,0
"2023-08-07 10:56",9.49,9.49,9.36,9.42,-0.12,-1.26%,0
"2023-08-07 10:57",9.49,9.49,9.45,9.47,0.05,+0.53%,0
"2023-08-07 10:58",9.51,9.54,9.42,9.42,-0.05,-0.53%,0
"2023-08-07 10:59",9.39,9.39,9.3,9.33,-0.09,-0.96%,0
"2023-08-07 11:00",9.35,9.51,9.35,9.51,0.18,+1.93%,0
"2023-08-07 11:01",9.56,9.66,9.56,9.57,0.06,+0.63%,0
"2023-08-07 11:02",9.47,9.47,9.34,9.34,-0.23,-2.40%,0
"2023-08-07 11:03",9.34,9.62,9.34,9.62,0.28,+3.00%,0
"2023-08-07 11:04",9.74,9.74,9.63,9.63,0.01,+0.10%,0
"2023-08-07 11:05",9.62,9.71,9.62,9.7,0.07,+0.73%,0
"2023-08-07 11:06",9.7,9.79,9.7,9.79,0.09,+0.93%,0
"2023-08-07 11:07",9.86,9.89,9.83,9.84,0.05,+0.51%,0
"2023-08-07 11:08",9.87,9.87,9.78,9.78,-0.06,-0.61%,0
"2023-08-07 11:09",9.69,9.69,9.63,9.68,-0.1,-1.02%,0
"2023-08-07 11:10",9.68,9.7,9.57,9.57,-0.11,-1.14%,0
"2023-08-07 11:11",9.57,9.63,9.57,9.62,0.05,+0.52%,0
"2023-08-07 11:12",9.59,9.63,9.58,9.58,-0.04,-0.42%,0
"2023-08-07 11:13",9.53,9.53,9.48,9.53,-0.05,-0.52%,0
"2023-08-07 11:14",9.49,9.61,9.49,9.57,0.04,+0.42%,0
"2023-08-07 11:15",9.54,9.62,9.54,9.58,0.01,+0.10%,0
"2023-08-07 11:16",9.54,9.55,9.53,9.53,-0.05,-0.52%,0
"2023-08-07 11:17",9.54,9.82,9.54,9.82,0.29,+3.04%,0
"2023-08-07 11:18",9.88,9.97,9.88,9.96,0.14,+1.43%,0
"2023-08-07 11:19",10.04,10.11,10.04,10.11,0.15,+1.51%,0
"2023-08-07 11:20",10.08,10.08,9.9,9.9,-0.21,-2.08%,0
"2023-08-07 11:21",9.82,9.91,9.82,9.87,-0.03,-0.30%,0
"2023-08-07 11:22",9.85,9.85,9.78,9.78,-0.09,-0.91%,0
"2023-08-07 11:23",9.72,9.77,9.7,9.77,-0.01,-0.10%,0
"2023-08-07 11:24",9.78,9.87,9.78,9.87,0.1,+1.02%,0
"2023-08-07 11:25",9.85,9.89,9.81,9.81,-0.06,-0.61%,0
"2023-08-07 11:26",9.83,9.96,9.83,9.95,0.14,+1.43%,0
"2023-08-07 11:27",9.96,9.96,9.78,9.78,-0.17,-1.71%,0
"2023-08-07 11:28",9.71,9.82,9.71,9.82,0.04,+0.41%,0
"2023-08-07 11:29",9.78,9.87,9.78,9.87,0.05,+0.51%,0
"2023-08-07 11:30",9.86,9.86,9.82,9.83,-0.04,-0.41%,0
"2023-08-07 11:31",9.89,9.95,9.89,9.94,0.11,+1.12%,0
"2023-08-07 11:32",9.96,10.07,9.96,10.07,0.13,+1.31%,0
"2023-08-07 11:33",10.13,10.15,10.13,10.14,0.07,+0.70%,0
"2023-08-07 11:34",10.12,10.12,9.91,9.91,-0.23,-2.27%,0
"2023-08-07 11:35",9.88,9.93,9.88,9.88,-0.03,-0.30%,0
"2023-08-07 11:36",9.83,9.9,9.83,9.9,0.02,+0.20%,0
"2023-08-07 11:37",9.84,9.84,9.79,9.79,-0.11,-1.11%,0
"2023-08-07 11:38",9.72,9.81,9.72,9.81,0.02,+0.20%,0
"2023-08-07 11:39",9.76,9.8,9.75,9.8,-0.01,-0.10%,0
"2023-08-07 11:40",9.81,9.82,9.8,9.8,0,0.00%,0
"2023-08-07 11:41",9.77,9.8,9.77,9.8,0,0.00%,0
"2023-08-07 11:42",9.78,9.81,9.78,9.8,0,0.00%,0
"2023-08-07 11:43",9.87,9.88,9.84,9.84,0.04,+0.41%,0
"2023-08-07 11:44",9.85,9.85,9.83,9.83,-0.01,-0.10%,0
"2023-08-07 11:45",9.81,9.81,9.76,9.8,-0.03,-0.31%,0
"2023-08-07 11:46",9.81,9.86,9.81,9.86,0.06,+0.61%,0
"2023-08-07 11:47",9.84,9.86,9.79,9.79,-0.07,-0.71%,0
"2023-08-07 11:48",9.8,9.82,9.8,9.82,0.03,+0.31%,0
"2023-08-07 11:49",9.8,9.83,9.8,9.83,0.01,+0.10%,0
"2023-08-07 11:50",9.8,9.83,9.8,9.8,-0.03,-0.31%,0
"2023-08-07 11:51",9.79,9.79,9.72,9.75,-0.05,-0.51%,0
"2023-08-07 11:52",9.73,9.75,9.73,9.74,-0.01,-0.10%,0
"2023-08-07 11:53",9.72,9.72,9.71,9.71,-0.03,-0.31%,0
"2023-08-07 11:54",9.72,9.74,9.72,9.73,0.02,+0.21%,0
"2023-08-07 11:55",9.69,9.69,9.6,9.6,-0.13,-1.34%,0
"2023-08-07 11:56",9.58,9.62,9.58,9.58,-0.02,-0.21%,0
"2023-08-07 11:57",9.59,9.59,9.54,9.54,-0.04,-0.42%,0
"2023-08-07 11:58",9.51,9.56,9.51,9.56,0.02,+0.21%,0
"2023-08-07 11:59",9.57,9.61,9.57,9.61,0.05,+0.52%,0
"2023-08-07 12:00",9.55,9.59,9.55,9.59,-0.02,-0.21%,0
"2023-08-07 12:01",9.61,9.61,9.54,9.54,-0.05,-0.52%,0
"2023-08-07 12:02",9.55,9.64,9.55,9.64,0.1,+1.05%,0
"2023-08-07 12:03",9.63,9.65,9.58,9.58,-0.06,-0.62%,0
"2023-08-07 12:04",9.58,9.58,9.55,9.56,-0.02,-0.21%,0
"2023-08-07 12:05",9.55,9.59,9.55,9.56,0,0.00%,0
"2023-08-07 12:06",9.55,9.58,9.55,9.58,0.02,+0.21%,0
"2023-08-07 12:07",9.57,9.58,9.56,9.58,0,0.00%,0
"2023-08-07 12:08",9.6,9.65,9.6,9.65,0.07,+0.73%,0
"2023-08-07 12:09",9.63,9.66,9.63,9.65,0,0.00%,0
"2023-08-07 12:10",9.67,9.68,9.61,9.61,-0.04,-0.41%,0
"2023-08-07 12:11",9.58,9.66,9.58,9.66,0.05,+0.52%,0
"2023-08-07 12:12",9.68,9.68,9.65,9.65,-0.01,-0.10%,0
"2023-08-07 12:13",9.65,9.68,9.65,9.67,0.02,+0.21%,0
"2023-08-07 12:14",9.68,9.7,9.67,9.7,0.03,+0.31%,0
"2023-08-07 12:15",9.69,9.71,9.69,9.71,0.01,+0.10%,0
"2023-08-07 12:16",9.71,9.78,9.71,9.78,0.07,+0.72%,0
"2023-08-07 12:17",9.77,9.8,9.73,9.73,-0.05,-0.51%,0
"2023-08-07 12:18",9.67,9.73,9.67,9.71,-0.02,-0.21%,0
"2023-08-07 12:19",9.7,9.72,9.7,9.72,0.01,+0.10%,0
"2023-08-07 12:20",9.73,9.79,9.73,9.79,0.07,+0.72%,0
"2023-08-07 12:21",9.78,9.85,9.78,9.85,0.06,+0.61%,0
"2023-08-07 12:22",9.86,9.87,9.85,9.85,0,0.00%,0
"2023-08-07 12:23",9.85,9.94,9.85,9.94,0.09,+0.91%,0
"2023-08-07 12:24",9.93,9.93,9.82,9.85,-0.09,-0.91%,0
"2023-08-07 12:25",9.82,9.84,9.81,9.82,-0.03,-0.30%,0
"2023-08-07 12:26",9.8,9.82,9.74,9.74,-0.08,-0.81%,0
"2023-08-07 12:27",9.75,9.75,9.72,9.74,0,0.00%,0
"2023-08-07 12:28",9.74,9.81,9.74,9.79,0.05,+0.51%,0
"2023-08-07 12:29",9.77,9.82,9.77,9.81,0.02,+0.20%,0
"2023-08-07 12:30",9.78,9.83,9.78,9.82,0.01,+0.10%,0
"2023-08-07 12:31",9.84,10.01,9.84,10.01,0.19,+1.93%,0
"2023-08-07 12:32",10.05,10.08,10.04,10.04,0.03,+0.30%,0
"2023-08-07 12:33",10.01,10.04,10.01,10.04,0,0.00%,0
"2023-08-07 12:34",10.08,10.1,10.04,10.04,0,0.00%,0
"2023-08-07 12:35",10.04,10.1,10.03,10.1,0.06,+0.60%,0
"2023-08-07 12:36",10.06,10.06,10,10,-0.1,-0.99%,0
"2023-08-07 12:37",10.04,10.15,10.04,10.1,0.1,+1.00%,0
"2023-08-07 12:38",10.06,10.09,10.06,10.09,-0.01,-0.10%,0
"2023-08-07 12:39",10.12,10.21,10.12,10.21,0.12,+1.19%,0
"2023-08-07 12:40",10.22,10.29,10.22,10.25,0.04,+0.39%,0
"2023-08-07 12:41",10.21,10.23,10.21,10.23,-0.02,-0.20%,0
"2023-08-07 12:42",10.16,10.22,10.16,10.2,-0.03,-0.29%,0
"2023-08-07 12:43",10.19,10.2,10.17,10.17,-0.03,-0.29%,0
"2023-08-07 12:44",10.14,10.15,10.13,10.15,-0.02,-0.20%,0
"2023-08-07 12:45",10.13,10.16,10.13,10.16,0.01,+0.10%,0
"2023-08-07 12:46",10.16,10.21,10.15,10.21,0.05,+0.49%,0
"2023-08-07 12:47",10.22,10.22,10.17,10.17,-0.04,-0.39%,0
"2023-08-07 12:48",10.2,10.21,10.15,10.15,-0.02,-0.20%,0
"2023-08-07 12:49",10.17,10.17,10.07,10.07,-0.08,-0.79%,0
"2023-08-07 12:50",10.05,10.11,10.04,10.04,-0.03,-0.30%,0
"2023-08-07 12:51",10.04,10.1,10.04,10.09,0.05,+0.50%,0
"2023-08-07 12:52",10.08,10.11,10.02,10.02,-0.07,-0.69%,0
"2023-08-07 12:53",10.03,10.05,10,10,-0.02,-0.20%,0
"2023-08-07 12:54",10.01,10.01,9.95,9.95,-0.05,-0.50%,0
"2023-08-07 12:55",9.97,10.07,9.97,10.07,0.12,+1.21%,0
"2023-08-07 12:56",10.1,10.12,10.07,10.07,0,0.00%,0
"2023-08-07 12:57",10.07,10.09,10.06,10.08,0.01,+0.10%,0
"2023-08-07 12:58",10.05,10.11,10.04,10.11,0.03,+0.30%,0
"2023-08-07 12:59",10.11,10.13,10.11,10.13,0.02,+0.20%,0
"2023-08-07 13:00",10.09,10.13,10.07,10.08,-0.05,-0.49%,0
"2023-08-07 13:01",10.1,10.11,10.09,10.11,0.03,+0.30%,0
"2023-08-07 13:02",10.11,10.13,10.08,10.08,-0.03,-0.30%,0
"2023-08-07 13:03",10.09,10.17,10.09,10.14,0.06,+0.60%,0
"2023-08-07 13:04",10.14,10.17,10.14,10.17,0.03,+0.30%,0
"2023-08-07 13:05",10.13,10.17,10.11,10.11,-0.06,-0.59%,0
"2023-08-07 13:06",10.12,10.16,10.12,10.14,0.03,+0.30%,0
"2023-08-07 13:07",10.14,10.23,10.14,10.23,0.09,+0.89%,0
"2023-08-07 13:08",10.26,10.26,10.23,10.26,0.03,+0.29%,0
"2023-08-07 13:09",10.22,10.23,10.21,10.21,-0.05,-0.49%,0
"2023-08-07 13:10",10.18,10.21,10.18,10.2,-0.01,-0.10%,0
"2023-08-07 13:11",10.23,10.25,10.23,10.24,0.04,+0.39%,0
"2023-08-07 13:12",10.24,10.24,10.17,10.17,-0.07,-0.68%,0
"2023-08-07 13:13",10.16,10.22,10.16,10.22,0.05,+0.49%,0
"2023-08-07 13:14",10.25,10.31,10.25,10.31,0.09,+0.88%,0
"2023-08-07 13:15",10.35,10.4,10.35,10.4,0.09,+0.87%,0
"2023-08-07 13:16",10.4,10.4,10.33,10.33,-0.07,-0.67%,0
"2023-08-07 13:17",10.32,10.33,10.31,10.31,-0.02,-0.19%,0
"2023-08-07 13:18",10.32,10.32,10.32,10.32,0.01,+0.10%,0
"2023-08-07 13:19",10.32,10.33,10.32,10.33,0.01,+0.10%,0
"2023-08-07 13:20",10.29,10.35,10.29,10.35,0.02,+0.19%,0
"2023-08-07 13:21",10.31,10.37,10.31,10.36,0.01,+0.10%,0
"2023-08-07 13:22",10.35,10.43,10.35,10.39,0.03,+0.29%,0
"2023-08-07 13:23",10.41,10.41,10.36,10.36,-0.03,-0.29%,0
"2023-08-07 13:24",10.36,10.42,10.36,10.42,0.06,+0.58%,0
"2023-08-07 13:25",10.43,10.44,10.4,10.4,-0.02,-0.19%,0
"2023-08-07 13:26",10.4,10.47,10.4,10.45,0.05,+0.48%,0
"2023-08-07 13:27",10.45,10.54,10.45,10.51,0.06,+0.57%,0
"2023-08-07 13:28",10.5,10.5,10.47,10.47,-0.04,-0.38%,0
"2023-08-07 13:29",10.47,10.48,10.47,10.48,0.01,+0.10%,0
"2023-08-07 13:30",10.49,10.53,10.49,10.53,0.05,+0.48%,0
"2023-08-07 13:31",10.53,10.55,10.53,10.55,0.02,+0.19%,0
"2023-08-07 13:32",10.54,10.57,10.54,10.57,0.02,+0.19%,0
"2023-08-07 13:33",10.56,10.56,10.49,10.49,-0.08,-0.76%,0
"2023-08-07 13:34",10.5,10.53,10.5,10.53,0.04,+0.38%,0
"2023-08-07 13:35",10.52,10.52,10.49,10.5,-0.03,-0.28%,0
"2023-08-07 13:36",10.48,10.5,10.47,10.48,-0.02,-0.19%,0
"2023-08-07 13:37",10.49,10.51,10.49,10.51,0.03,+0.29%,0
"2023-08-07 13:38",10.52,10.53,10.52,10.52,0.01,+0.10%,0
"2023-08-07 13:39",10.56,10.56,10.49,10.5,-0.02,-0.19%,0
"2023-08-07 13:40",10.48,10.48,10.44,10.44,-0.06,-0.57%,0
"2023-08-07 13:41",10.44,10.48,10.44,10.48,0.04,+0.38%,0
"2023-08-07 13:42",10.48,10.5,10.48,10.5,0.02,+0.19%,0
"2023-08-07 13:43",10.49,10.5,10.47,10.47,-0.03,-0.29%,0
"2023-08-07 13:44",10.47,10.52,10.47,10.52,0.05,+0.48%,0
"2023-08-07 13:45",10.53,10.56,10.53,10.53,0.01,+0.10%,0
"2023-08-07 13:46",10.54,10.57,10.54,10.56,0.03,+0.28%,0
"2023-08-07 13:47",10.63,10.63,10.55,10.55,-0.01,-0.09%,0
"2023-08-07 13:48",10.56,10.56,10.52,10.52,-0.03,-0.28%,0
"2023-08-07 13:49",10.49,10.49,10.37,10.37,-0.15,-1.43%,0
"2023-08-07 13:50",10.47,10.51,10.46,10.49,0.12,+1.16%,0
"2023-08-07 13:51",10.49,10.5,10.47,10.49,0,0.00%,0
"2023-08-07 13:52",10.51,10.53,10.51,10.53,0.04,+0.38%,0
"2023-08-07 13:53",10.53,10.54,10.52,10.52,-0.01,-0.09%,0
"2023-08-07 13:54",10.51,10.52,10.51,10.52,0,0.00%,0
"2023-08-07 13:55",10.51,10.52,10.5,10.5,-0.02,-0.19%,0
"2023-08-07 13:56",10.49,10.5,10.48,10.5,0,0.00%,0
"2023-08-07 13:57",10.5,10.51,10.46,10.46,-0.04,-0.38%,0
"2023-08-07 13:58",10.44,10.44,10.41,10.41,-0.05,-0.48%,0
"2023-08-07 13:59",10.43,10.43,10.37,10.37,-0.04,-0.38%,0
"2023-08-07 14:00",10.36,10.38,10.36,10.38,0.01,+0.10%,0
"2023-08-07 14:01",10.35,10.38,10.33,10.38,0,0.00%,0
"2023-08-07 14:02",10.37,10.39,10.36,10.39,0.01,+0.10%,0
"2023-08-07 14:03",10.39,10.42,10.39,10.39,0,0.00%,0
"2023-08-07 14:04",10.39,10.44,10.39,10.44,0.05,+0.48%,0
"2023-08-07 14:05",10.45,10.45,10.43,10.44,0,0.00%,0
"2023-08-07 14:06",10.43,10.46,10.43,10.46,0.02,+0.19%,0
"2023-08-07 14:07",10.46,10.53,10.46,10.53,0.07,+0.67%,0
"2023-08-07 14:08",10.52,10.55,10.52,10.55,0.02,+0.19%,0
"2023-08-07 14:09",10.56,10.56,10.49,10.49,-0.06,-0.57%,0
"2023-08-07 14:10",10.49,10.51,10.48,10.48,-0.01,-0.10%,0
"2023-08-07 14:11",10.51,10.55,10.51,10.55,0.07,+0.67%,0
"2023-08-07 14:12",10.56,10.56,10.55,10.55,0,0.00%,0
"2023-08-07 14:13",10.56,10.6,10.56,10.6,0.05,+0.47%,0
"2023-08-07 14:14",10.59,10.62,10.59,10.62,0.02,+0.19%,0
"2023-08-07 14:15",10.65,10.65,10.64,10.64,0.02,+0.19%,0
"2023-08-07 14:16",10.64,10.64,10.62,10.63,-0.01,-0.09%,0
"2023-08-07 14:17",10.64,10.67,10.64,10.66,0.03,+0.28%,0
"2023-08-07 14:18",10.68,10.7,10.68,10.7,0.04,+0.38%,0
"2023-08-07 14:19",10.68,10.68,10.61,10.61,-0.09,-0.84%,0
"2023-08-07 14:20",10.6,10.64,10.6,10.62,0.01,+0.09%,0
"2023-08-07 14:21",10.61,10.63,10.61,10.61,-0.01,-0.09%,0
"2023-08-07 14:22",10.64,10.64,10.62,10.63,0.02,+0.19%,0
"2023-08-07 14:23",10.63,10.64,10.62,10.62,-0.01,-0.09%,0
"2023-08-07 14:24",10.64,10.68,10.64,10.67,0.05,+0.47%,0
"2023-08-07 14:25",10.66,10.83,10.66,10.83,0.16,+1.50%,0
"2023-08-07 14:26",10.88,10.98,10.88,10.93,0.1,+0.92%,0
"2023-08-07 14:27",10.89,10.98,10.89,10.97,0.04,+0.37%,0
"2023-08-07 14:28",10.98,10.99,10.97,10.98,0.01,+0.09%,0
"2023-08-07 14:29",10.93,10.99,10.9,10.9,-0.08,-0.73%,0
"2023-08-07 14:30",10.88,10.88,10.78,10.78,-0.12,-1.10%,0
"2023-08-07 14:31",10.75,10.77,10.73,10.77,-0.01,-0.09%,0
"2023-08-07 14:32",10.75,10.77,10.75,10.76,-0.01,-0.09%,0
"2023-08-07 14:33",10.75,10.77,10.72,10.72,-0.04,-0.37%,0
"2023-08-07 14:34",10.7,10.75,10.7,10.74,0.02,+0.19%,0
"2023-08-07 14:35",10.73,10.74,10.69,10.69,-0.05,-0.47%,0
"2023-08-07 14:36",10.69,10.73,10.69,10.72,0.03,+0.28%,0
"2023-08-07 14:37",10.71,10.75,10.71,10.73,0.01,+0.09%,0
"2023-08-07 14:38",10.78,10.79,10.78,10.78,0.05,+0.47%,0
"2023-08-07 14:39",10.78,10.79,10.78,10.79,0.01,+0.09%,0
"2023-08-07 14:40",10.78,10.83,10.78,10.78,-0.01,-0.09%,0
"2023-08-07 14:41",10.78,10.79,10.77,10.77,-0.01,-0.09%,0
"2023-08-07 14:42",10.78,10.83,10.78,10.81,0.04,+0.37%,0
"2023-08-07 14:43",10.85,10.85,10.83,10.84,0.03,+0.28%,0
"2023-08-07 14:44",10.87,10.88,10.85,10.85,0.01,+0.09%,0
"2023-08-07 14:45",10.84,10.84,10.83,10.83,-0.02,-0.18%,0
"2023-08-07 14:46",10.76,10.79,10.73,10.74,-0.09,-0.83%,0
"2023-08-07 14:47",10.74,10.78,10.74,10.78,0.04,+0.37%,0
"2023-08-07 14:48",10.8,10.86,10.8,10.84,0.06,+0.56%,0
"2023-08-07 14:49",10.83,10.83,10.81,10.81,-0.03,-0.28%,0
"2023-08-07 14:50",10.79,10.81,10.79,10.81,0,0.00%,0
"2023-08-07 14:51",10.83,10.84,10.82,10.84,0.03,+0.28%,0
"2023-08-07 14:52",10.84,10.91,10.84,10.85,0.01,+0.09%,0
"2023-08-07 14:53",10.84,10.87,10.84,10.87,0.02,+0.18%,0
"2023-08-07 14:54",10.88,10.88,10.87,10.88,0.01,+0.09%,0
"2023-08-07 14:55",10.87,10.87,10.84,10.84,-0.04,-0.37%,0
"2023-08-07 14:56",10.85,10.85,10.8,10.8,-0.04,-0.37%,0
"2023-08-07 14:57",10.8,10.8,10.77,10.77,-0.03,-0.28%,0
"2023-08-07 14:58",10.76,10.8,10.76,10.78,0.01,+0.09%,0
"2023-08-07 14:59",10.8,10.81,10.75,10.75,-0.03,-0.28%,0
"2023-08-07 15:00",10.75,10.75,10.69,10.71,-0.04,-0.37%,0
"2023-08-07 15:01",10.69,10.7,10.67,10.67,-0.04,-0.37%,0
"2023-08-07 15:02",10.66,10.68,10.66,10.68,0.01,+0.09%,0
"2023-08-07 15:03",10.68,10.73,10.68,10.73,0.05,+0.47%,0
"2023-08-07 15:04",10.71,10.73,10.67,10.67,-0.06,-0.56%,0
"2023-08-07 15:05",10.7,10.71,10.69,10.69,0.02,+0.19%,0
"2023-08-07 15:06",10.69,10.69,10.68,10.69,0,0.00%,0
"2023-08-07 15:07",10.7,10.73,10.69,10.73,0.04,+0.37%,0
"2023-08-07 15:08",10.73,10.76,10.73,10.76,0.03,+0.28%,0
"2023-08-07 15:09",10.74,10.8,10.74,10.8,0.04,+0.37%,0
"2023-08-07 15:10",10.77,10.79,10.74,10.74,-0.06,-0.56%,0
"2023-08-07 15:11",10.74,10.82,10.74,10.82,0.08,+0.74%,0
"2023-08-07 15:12",10.82,10.84,10.79,10.79,-0.03,-0.28%,0
"2023-08-07 15:13",10.83,10.86,10.83,10.83,0.04,+0.37%,0
"2023-08-07 15:14",10.81,10.86,10.81,10.86,0.03,+0.28%,0
"2023-08-07 15:15",10.87,10.9,10.87,10.88,0.02,+0.18%,0
"2023-08-07 15:16",10.9,10.9,10.84,10.84,-0.04,-0.37%,0
"2023-08-07 15:17",10.86,10.87,10.85,10.85,0.01,+0.09%,0
"2023-08-07 15:18",10.83,10.88,10.83,10.88,0.03,+0.28%,0
"2023-08-07 15:19",10.85,10.89,10.85,10.89,0.01,+0.09%,0
"2023-08-07 15:20",10.9,10.9,10.88,10.88,-0.01,-0.09%,0
"2023-08-07 15:21",10.87,10.93,10.87,10.92,0.04,+0.37%,0
"2023-08-07 15:22",10.88,10.88,10.84,10.85,-0.07,-0.64%,0
"2023-08-07 15:23",10.83,10.89,10.83,10.88,0.03,+0.28%,0
"2023-08-07 15:24",10.88,10.93,10.88,10.9,0.02,+0.18%,0
"2023-08-07 15:25",10.89,10.95,10.89,10.95,0.05,+0.46%,0
"2023-08-07 15:26",10.94,10.97,10.94,10.96,0.01,+0.09%,0
"2023-08-07 15:27",10.93,10.96,10.93,10.96,0,0.00%,0
"2023-08-07 15:28",10.95,11.02,10.95,11.02,0.06,+0.55%,0
"2023-08-07 15:29",11.04,11.04,11.01,11.02,0,0.00%,0
"2023-08-07 15:30",11.02,11.03,10.99,11.02,0,0.00%,0
"2023-08-07 15:31",11.01,11.03,11,11.03,0.01,+0.09%,0
"2023-08-07 15:32",11.06,11.08,11.02,11.02,-0.01,-0.09%,0
"2023-08-07 15:33",10.99,10.99,10.93,10.93,-0.09,-0.82%,0
"2023-08-07 15:34",10.96,10.96,10.93,10.94,0.01,+0.09%,0
"2023-08-07 15:35",10.94,10.94,10.9,10.9,-0.04,-0.37%,0
"2023-08-07 15:36",10.89,10.93,10.89,10.89,-0.01,-0.09%,0
"2023-08-07 15:37",10.89,10.89,10.81,10.88,-0.01,-0.09%,0
"2023-08-07 15:38",10.86,10.92,10.86,10.92,0.04,+0.37%,0
"2023-08-07 15:39",10.9,10.97,10.9,10.96,0.04,+0.37%,0
"2023-08-07 15:40",10.86,10.86,10.74,10.74,-0.22,-2.01%,0
"2023-08-07 15:41",10.7,10.74,10.7,10.72,-0.02,-0.19%,0
"2023-08-07 15:42",10.74,10.74,10.68,10.68,-0.04,-0.37%,0
"2023-08-07 15:43",10.67,10.68,10.67,10.68,0,0.00%,0
"2023-08-07 15:44",10.68,10.7,10.66,10.66,-0.02,-0.19%,0
"2023-08-07 15:45",10.67,10.71,10.67,10.68,0.02,+0.19%,0
"2023-08-07 15:46",10.69,10.79,10.69,10.76,0.08,+0.75%,0
"2023-08-07 15:47",10.76,10.76,10.72,10.73,-0.03,-0.28%,0
"2023-08-07 15:48",10.71,10.71,10.57,10.57,-0.16,-1.49%,0
"2023-08-07 15:49",10.56,10.61,10.56,10.59,0.02,+0.19%,0
"2023-08-07 15:50",10.59,10.66,10.59,10.59,0,0.00%,0
"2023-08-07 15:51",10.67,10.79,10.67,10.72,0.13,+1.23%,0
"2023-08-07 15:52",10.67,10.67,10.62,10.66,-0.06,-0.56%,0
"2023-08-07 15:53",10.62,10.63,10.59,10.59,-0.07,-0.66%,0
"2023-08-07 15:54",10.58,10.6,10.58,10.59,0,0.00%,0
"2023-08-07 15:55",10.54,10.61,10.54,10.55,-0.04,-0.38%,0
"2023-08-07 15:56",10.5,10.5,10.46,10.46,-0.09,-0.85%,0
"2023-08-07 15:57",10.49,10.49,10.46,10.49,0.03,+0.29%,0
"2023-08-07 15:58",10.48,10.57,10.48,10.57,0.08,+0.76%,0
"2023-08-07 15:59",10.57,10.68,10.57,10.66,0.09,+0.85%,0
"2023-08-07 16:00",10.52,10.52,10.43,10.43,-0.23,-2.16%,0
"2023-08-07 16:01",10.48,10.54,10.48,10.54,0.11,+1.05%,0
"2023-08-07 16:02",10.52,10.52,10.51,10.51,-0.03,-0.28%,0
"2023-08-07 16:03",10.49,10.52,10.49,10.49,-0.02,-0.19%,0
"2023-08-07 16:04",10.5,10.52,10.49,10.49,0,0.00%,0
"2023-08-07 16:05",10.5,10.5,10.46,10.46,-0.03,-0.29%,0
"2023-08-07 16:06",10.35,10.37,10.35,10.37,-0.09,-0.86%,0
"2023-08-07 16:07",10.38,10.39,10.36,10.36,-0.01,-0.10%,0
"2023-08-07 16:08",10.32,10.4,10.31,10.4,0.04,+0.39%,0
"2023-08-07 16:09",10.38,10.42,10.36,10.42,0.02,+0.19%,0
"2023-08-07 16:10",10.42,10.53,10.41,10.53,0.11,+1.06%,0
"2023-08-07 16:11",10.53,10.55,10.53,10.54,0.01,+0.09%,0
"2023-08-07 16:12",10.54,10.56,10.54,10.56,0.02,+0.19%,0
"2023-08-07 16:13",10.55,10.57,10.52,10.52,-0.04,-0.38%,0
"2023-08-07 16:14",10.53,10.53,10.5,10.5,-0.02,-0.19%,0
"2023-08-07 16:15",10.49,10.49,10.49,10.49,-0.01,-0.10%,0
"2023-08-08 09:31",9.61,9.68,9.61,9.64,-0.85,-8.10%,0
"2023-08-08 09:32",9.62,9.68,9.5,9.5,-0.14,-1.45%,0
"2023-08-08 09:33",9.45,9.47,9.42,9.47,-0.03,-0.32%,0
"2023-08-08 09:34",9.5,9.5,9.4,9.41,-0.06,-0.63%,0
"2023-08-08 09:35",9.39,9.44,9.39,9.42,0.01,+0.11%,0
"2023-08-08 09:36",9.41,9.49,9.41,9.49,0.07,+0.74%,0
"2023-08-08 09:37",9.51,9.57,9.47,9.57,0.08,+0.84%,0
"2023-08-08 09:38",9.56,9.56,9.53,9.55,-0.02,-0.21%,0
"2023-08-08 09:39",9.54,9.56,9.45,9.45,-0.1,-1.05%,0
"2023-08-08 09:40",9.41,9.42,9.39,9.4,-0.05,-0.53%,0
"2023-08-08 09:41",9.5,9.54,9.47,9.54,0.14,+1.49%,0
"2023-08-08 09:42",9.56,9.57,9.55,9.57,0.03,+0.31%,0
"2023-08-08 09:43",9.6,9.61,9.59,9.61,0.04,+0.42%,0
"2023-08-08 09:44",9.61,9.75,9.61,9.75,0.14,+1.46%,0
"2023-08-08 09:45",9.63,9.82,9.63,9.82,0.07,+0.72%,0
"2023-08-08 09:46",9.86,9.86,9.73,9.73,-0.09,-0.92%,0
"2023-08-08 09:47",9.72,9.73,9.68,9.73,0,0.00%,0
"2023-08-08 09:48",9.75,9.98,9.75,9.96,0.23,+2.36%,0
"2023-08-08 09:49",9.94,10.23,9.94,10.23,0.27,+2.71%,0
"2023-08-08 09:50",10.43,10.73,10.43,10.68,0.45,+4.40%,0
"2023-08-08 09:51",10.5,10.5,10.33,10.33,-0.35,-3.28%,0
"2023-08-08 09:52",10.15,10.26,10.15,10.26,-0.07,-0.68%,0
"2023-08-08 09:53",10.35,10.51,10.35,10.46,0.2,+1.95%,0
"2023-08-08 09:54",10.53,10.59,10.52,10.59,0.13,+1.24%,0
"2023-08-08 09:55",10.57,10.67,10.56,10.56,-0.03,-0.28%,0
"2023-08-08 09:56",10.58,10.7,10.58,10.7,0.14,+1.33%,0
"2023-08-08 09:57",10.65,10.68,10.65,10.65,-0.05,-0.47%,0
"2023-08-08 09:58",10.7,10.75,10.7,10.75,0.1,+0.94%,0
"2023-08-08 09:59",10.79,10.8,10.76,10.76,0.01,+0.09%,0
"2023-08-08 10:00",10.73,10.83,10.73,10.76,0,0.00%,0
"2023-08-08 10:01",10.79,10.89,10.79,10.89,0.13,+1.21%,0
"2023-08-08 10:02",10.95,11.02,10.93,10.93,0.04,+0.37%,0
"2023-08-08 10:03",11.03,11.04,11,11,0.07,+0.64%,0
"2023-08-08 10:04",11.01,11.01,10.8,10.8,-0.2,-1.82%,0
"2023-08-08 10:05",10.68,10.68,10.56,10.58,-0.22,-2.04%,0
"2023-08-08 10:06",10.62,10.73,10.62,10.71,0.13,+1.23%,0
"2023-08-08 10:07",10.63,10.7,10.63,10.67,-0.04,-0.37%,0
"2023-08-08 10:08",10.65,10.7,10.65,10.7,0.03,+0.28%,0
"2023-08-08 10:09",10.68,10.68,10.61,10.66,-0.04,-0.37%,0
"2023-08-08 10:10",10.67,10.89,10.67,10.89,0.23,+2.16%,0
"2023-08-08 10:11",11.04,11.25,11.04,11.25,0.36,+3.31%,0
"2023-08-08 10:12",11.31,11.31,10.97,10.97,-0.28,-2.49%,0
"2023-08-08 10:13",10.84,11.01,10.84,11,0.03,+0.27%,0
"2023-08-08 10:14",11.1,11.56,11.1,11.56,0.56,+5.09%,0
"2023-08-08 10:15",11.51,11.58,11.51,11.58,0.02,+0.17%,0
"2023-08-08 10:16",11.56,11.56,11.46,11.52,-0.06,-0.52%,0
"2023-08-08 10:17",11.58,11.89,11.58,11.89,0.37,+3.21%,0
"2023-08-08 10:18",11.72,11.72,11.44,11.46,-0.43,-3.62%,0
"2023-08-08 10:19",11.42,11.48,11.35,11.35,-0.11,-0.96%,0
"2023-08-08 10:20",11.35,11.38,11.34,11.34,-0.01,-0.09%,0
"2023-08-08 10:21",11.46,11.58,11.46,11.58,0.24,+2.12%,0
"2023-08-08 10:22",11.63,11.7,11.63,11.63,0.05,+0.43%,0
"2023-08-08 10:23",11.57,11.57,11.39,11.39,-0.24,-2.06%,0
"2023-08-08 10:24",11.34,11.41,11.34,11.41,0.02,+0.18%,0
"2023-08-08 10:25",11.43,11.52,11.43,11.43,0.02,+0.18%,0
"2023-08-08 10:26",11.43,11.43,11.21,11.21,-0.22,-1.92%,0
"2023-08-08 10:27",11.2,11.24,11.2,11.23,0.02,+0.18%,0
"2023-08-08 10:28",11.13,11.13,11.07,11.07,-0.16,-1.42%,0
"2023-08-08 10:29",11.07,11.07,10.93,10.93,-0.14,-1.26%,0
"2023-08-08 10:30",10.91,11.05,10.91,11.04,0.11,+1.01%,0
"2023-08-08 10:31",11.04,11.07,11.01,11.07,0.03,+0.27%,0
"2023-08-08 10:32",11.05,11.11,11.05,11.1,0.03,+0.27%,0
"2023-08-08 10:33",11.14,11.19,11.1,11.1,0,0.00%,0
"2023-08-08 10:34",11.18,11.27,11.18,11.25,0.15,+1.35%,0
"2023-08-08 10:35",11.22,11.26,11.14,11.14,-0.11,-0.98%,0
"2023-08-08 10:36",11.14,11.32,11.14,11.27,0.13,+1.17%,0
"2023-08-08 10:37",11.18,11.28,11.18,11.28,0.01,+0.09%,0
"2023-08-08 10:38",11.29,11.29,11.19,11.19,-0.09,-0.80%,0
"2023-08-08 10:39",11.23,11.23,11.06,11.06,-0.13,-1.16%,0
"2023-08-08 10:40",11.03,11.05,10.99,11.05,-0.01,-0.09%,0
"2023-08-08 10:41",11.11,11.14,11.07,11.07,0.02,+0.18%,0
"2023-08-08 10:42",11.08,11.08,10.99,10.99,-0.08,-0.72%,0
"2023-08-08 10:43",10.96,10.98,10.91,10.91,-0.08,-0.73%,0
"2023-08-08 10:44",10.92,10.92,10.82,10.82,-0.09,-0.82%,0
"2023-08-08 10:45",10.83,10.88,10.82,10.88,0.06,+0.55%,0
"2023-08-08 10:46",10.88,11.06,10.88,11.06,0.18,+1.65%,0
"2023-08-08 10:47",11.11,11.11,11.01,11.01,-0.05,-0.45%,0
"2023-08-08 10:48",11.04,11.15,11.04,11.15,0.14,+1.27%,0
"2023-08-08 10:49",11.07,11.07,11.04,11.07,-0.08,-0.72%,0
"2023-08-08 10:50",11.07,11.07,10.98,10.98,-0.09,-0.81%,0
"2023-08-08 10:51",10.98,11.12,10.98,11.12,0.14,+1.28%,0
"2023-08-08 10:52",11.17,11.25,11.14,11.14,0.02,+0.18%,0
"2023-08-08 10:53",11.06,11.17,11.06,11.17,0.03,+0.27%,0
"2023-08-08 10:54",11.16,11.16,11.08,11.11,-0.06,-0.54%,0
"2023-08-08 10:55",11.06,11.19,11.06,11.19,0.08,+0.72%,0
"2023-08-08 10:56",11.21,11.26,11.21,11.26,0.07,+0.63%,0
"2023-08-08 10:57",11.22,11.31,11.22,11.28,0.02,+0.18%,0
"2023-08-08 10:58",11.28,11.28,11.27,11.27,-0.01,-0.09%,0
"2023-08-08 10:59",11.25,11.31,11.25,11.31,0.04,+0.35%,0
"2023-08-08 11:00",11.32,11.32,11.28,11.28,-0.03,-0.27%,0
"2023-08-08 11:01",11.31,11.43,11.31,11.43,0.15,+1.33%,0
"2023-08-08 11:02",11.38,11.42,11.38,11.42,-0.01,-0.09%,0
"2023-08-08 11:03",11.48,11.5,11.41,11.41,-0.01,-0.09%,0
"2023-08-08 11:04",11.38,11.45,11.38,11.45,0.04,+0.35%,0
"2023-08-08 11:05",11.46,11.51,11.46,11.5,0.05,+0.44%,0
"2023-08-08 11:06",11.48,11.48,11.37,11.37,-0.13,-1.13%,0
"2023-08-08 11:07",11.32,11.34,11.29,11.34,-0.03,-0.26%,0
"2023-08-08 11:08",11.31,11.36,11.31,11.36,0.02,+0.18%,0
"2023-08-08 11:09",11.39,11.39,11.31,11.31,-0.05,-0.44%,0
"2023-08-08 11:10",11.29,11.33,11.29,11.33,0.02,+0.18%,0
"2023-08-08 11:11",11.34,11.41,11.34,11.36,0.03,+0.26%,0
"2023-08-08 11:12",11.36,11.36,11.28,11.31,-0.05,-0.44%,0
"2023-08-08 11:13",11.32,11.34,11.3,11.3,-0.01,-0.09%,0
"2023-08-08 11:14",11.31,11.31,11.12,11.12,-0.18,-1.59%,0
"2023-08-08 11:15",11.12,11.12,11.06,11.09,-0.03,-0.27%,0
"2023-08-08 11:16",11.1,11.12,11.08,11.08,-0.01,-0.09%,0
"2023-08-08 11:17",11.05,11.09,11.05,11.05,-0.03,-0.27%,0
"2023-08-08 11:18",11.1,11.13,11.03,11.03,-0.02,-0.18%,0
"2023-08-08 11:19",11.03,11.05,10.99,11.05,0.02,+0.18%,0
"2023-08-08 11:20",10.97,10.98,10.96,10.96,-0.09,-0.81%,0
"2023-08-08 11:21",10.95,11,10.95,10.98,0.02,+0.18%,0
"2023-08-08 11:22",11.01,11.05,11.01,11.05,0.07,+0.64%,0
"2023-08-08 11:23",11.04,11.09,11.03,11.09,0.04,+0.36%,0
"2023-08-08 11:24",11.06,11.11,11.06,11.06,-0.03,-0.27%,0
"2023-08-08 11:25",11.05,11.07,11.04,11.07,0.01,+0.09%,0
"2023-08-08 11:26",11.12,11.15,11.1,11.1,0.03,+0.27%,0
"2023-08-08 11:27",11.11,11.14,11.11,11.14,0.04,+0.36%,0
"2023-08-08 11:28",11.11,11.11,11.04,11.04,-0.1,-0.90%,0
"2023-08-08 11:29",11.07,11.08,11,11,-0.04,-0.36%,0
"2023-08-08 11:30",10.96,11,10.94,10.96,-0.04,-0.36%,0
"2023-08-08 11:31",10.96,11.02,10.93,11.02,0.06,+0.55%,0
"2023-08-08 11:32",11.01,11.01,10.98,10.99,-0.03,-0.27%,0
"2023-08-08 11:33",10.99,11.06,10.99,11.06,0.07,+0.64%,0
"2023-08-08 11:34",11.05,11.1,11.05,11.09,0.03,+0.27%,0
"2023-08-08 11:35",11.08,11.08,11,11.02,-0.07,-0.63%,0
"2023-08-08 11:36",11.05,11.05,10.95,10.95,-0.07,-0.64%,0
"2023-08-08 11:37",10.96,11,10.96,10.99,0.04,+0.37%,0
"2023-08-08 11:38",10.95,10.97,10.93,10.93,-0.06,-0.55%,0
"2023-08-08 11:39",10.92,10.97,10.92,10.95,0.02,+0.18%,0
"2023-08-08 11:40",10.94,10.96,10.93,10.93,-0.02,-0.18%,0
"2023-08-08 11:41",10.93,11.02,10.93,11.02,0.09,+0.82%,0
"2023-08-08 11:42",11.08,11.33,11.08,11.33,0.31,+2.81%,0
"2023-08-08 11:43",11.28,11.28,11.15,11.17,-0.16,-1.41%,0
"2023-08-08 11:44",11.16,11.24,11.16,11.16,-0.01,-0.09%,0
"2023-08-08 11:45",11.11,11.15,11.11,11.12,-0.04,-0.36%,0
"2023-08-08 11:46",11.12,11.17,11.12,11.17,0.05,+0.45%,0
"2023-08-08 11:47",11.22,11.26,11.16,11.16,-0.01,-0.09%,0
"2023-08-08 11:48",11.18,11.19,11.17,11.17,0.01,+0.09%,0
"2023-08-08 11:49",11.18,11.18,11.13,11.15,-0.02,-0.18%,0
"2023-08-08 11:50",11.19,11.19,11.16,11.17,0.02,+0.18%,0
"2023-08-08 11:51",11.18,11.18,11.11,11.14,-0.03,-0.27%,0
"2023-08-08 11:52",11.13,11.14,11.13,11.13,-0.01,-0.09%,0
"2023-08-08 11:53",11.19,11.19,11.16,11.16,0.03,+0.27%,0
"2023-08-08 11:54",11.17,11.22,11.17,11.22,0.06,+0.54%,0
"2023-08-08 11:55",11.26,11.31,11.23,11.31,0.09,+0.80%,0
"2023-08-08 11:56",11.33,11.33,11.23,11.23,-0.08,-0.71%,0
"2023-08-08 11:57",11.2,11.25,11.2,11.25,0.02,+0.18%,0
"2023-08-08 11:58",11.23,11.29,11.23,11.29,0.04,+0.36%,0
"2023-08-08 11:59",11.24,11.27,11.23,11.23,-0.06,-0.53%,0
"2023-08-08 12:00",11.25,11.28,11.22,11.22,-0.01,-0.09%,0
"2023-08-08 12:01",11.17,11.18,11.16,11.16,-0.06,-0.53%,0
"2023-08-08 12:02",11.13,11.13,11.1,11.1,-0.06,-0.54%,0
"2023-08-08 12:03",11.1,11.15,11.1,11.14,0.04,+0.36%,0
"2023-08-08 12:04",11.12,11.14,11.09,11.09,-0.05,-0.45%,0
"2023-08-08 12:05",11.11,11.11,11.04,11.04,-0.05,-0.45%,0
"2023-08-08 12:06",11,11.05,11,11.04,0,0.00%,0
"2023-08-08 12:07",11.02,11.04,11.02,11.03,-0.01,-0.09%,0
"2023-08-08 12:08",11.07,11.1,11.07,11.1,0.07,+0.63%,0
"2023-08-08 12:09",11.1,11.1,11.08,11.1,0,0.00%,0
"2023-08-08 12:10",11.1,11.14,11.1,11.1,0,0.00%,0
"2023-08-08 12:11",11.07,11.11,11.07,11.09,-0.01,-0.09%,0
"2023-08-08 12:12",11.09,11.11,11.09,11.11,0.02,+0.18%,0
"2023-08-08 12:13",11.08,11.12,11.08,11.11,0,0.00%,0
"2023-08-08 12:14",11.12,11.12,11.11,11.12,0.01,+0.09%,0
"2023-08-08 12:15",11.11,11.11,11.05,11.05,-0.07,-0.63%,0
"2023-08-08 12:16",11.05,11.06,11.03,11.06,0.01,+0.09%,0
"2023-08-08 12:17",11.06,11.1,11.06,11.1,0.04,+0.36%,0
"2023-08-08 12:18",11.08,11.08,11.07,11.08,-0.02,-0.18%,0
"2023-08-08 12:19",11.02,11.02,10.99,10.99,-0.09,-0.81%,0
"2023-08-08 12:20",10.93,10.97,10.93,10.97,-0.02,-0.18%,0
"2023-08-08 12:21",10.96,10.98,10.95,10.95,-0.02,-0.18%,0
"2023-08-08 12:22",10.98,11.03,10.98,11.02,0.07,+0.64%,0
"2023-08-08 12:23",11.03,11.06,10.98,10.98,-0.04,-0.36%,0
"2023-08-08 12:24",10.99,11.01,10.99,11.01,0.03,+0.27%,0
"2023-08-08 12:25",11.01,11.01,11,11.01,0,0.00%,0
"2023-08-08 12:26",11,11.03,11,11,-0.01,-0.09%,0
"2023-08-08 12:27",10.99,11.05,10.99,11.02,0.02,+0.18%,0
"2023-08-08 12:28",11.03,11.04,11.01,11.01,-0.01,-0.09%,0
"2023-08-08 12:29",11,11.02,10.99,11.02,0.01,+0.09%,0
"2023-08-08 12:30",11.05,11.05,11.01,11.01,-0.01,-0.09%,0
"2023-08-08 12:31",10.97,11,10.97,10.98,-0.03,-0.27%,0
"2023-08-08 12:32",10.96,10.96,10.88,10.88,-0.1,-0.91%,0
"2023-08-08 12:33",10.84,10.88,10.84,10.86,-0.02,-0.18%,0
"2023-08-08 12:34",10.85,10.85,10.79,10.79,-0.07,-0.64%,0
"2023-08-08 12:35",10.79,10.8,10.78,10.78,-0.01,-0.09%,0
"2023-08-08 12:36",10.78,10.87,10.78,10.87,0.09,+0.83%,0
"2023-08-08 12:37",10.88,10.92,10.86,10.92,0.05,+0.46%,0
"2023-08-08 12:38",10.92,11.03,10.92,11.03,0.11,+1.01%,0
"2023-08-08 12:39",11.01,11.07,11.01,11.05,0.02,+0.18%,0
"2023-08-08 12:40",11.03,11.06,11.03,11.06,0.01,+0.09%,0
"2023-08-08 12:41",11.04,11.08,11.04,11.08,0.02,+0.18%,0
"2023-08-08 12:42",11.13,11.25,11.13,11.25,0.17,+1.53%,0
"2023-08-08 12:43",11.23,11.23,11.19,11.22,-0.03,-0.27%,0
"2023-08-08 12:44",11.23,11.27,11.23,11.27,0.05,+0.45%,0
"2023-08-08 12:45",11.31,11.34,11.31,11.33,0.06,+0.53%,0
"2023-08-08 12:46",11.29,11.31,11.29,11.3,-0.03,-0.26%,0
"2023-08-08 12:47",11.3,11.32,11.29,11.29,-0.01,-0.09%,0
"2023-08-08 12:48",11.26,11.31,11.26,11.28,-0.01,-0.09%,0
"2023-08-08 12:49",11.21,11.24,11.19,11.24,-0.04,-0.35%,0
"2023-08-08 12:50",11.24,11.27,11.24,11.27,0.03,+0.27%,0
"2023-08-08 12:51",11.26,11.28,11.25,11.25,-0.02,-0.18%,0
"2023-08-08 12:52",11.25,11.36,11.25,11.36,0.11,+0.98%,0
"2023-08-08 12:53",11.36,11.39,11.36,11.39,0.03,+0.26%,0
"2023-08-08 12:54",11.34,11.37,11.34,11.35,-0.04,-0.35%,0
"2023-08-08 12:55",11.35,11.35,11.34,11.34,-0.01,-0.09%,0
"2023-08-08 12:56",11.32,11.39,11.32,11.36,0.02,+0.18%,0
"2023-08-08 12:57",11.36,11.37,11.36,11.37,0.01,+0.09%,0
"2023-08-08 12:58",11.37,11.38,11.34,11.34,-0.03,-0.26%,0
"2023-08-08 12:59",11.33,11.34,11.32,11.32,-0.02,-0.18%,0
"2023-08-08 13:00",11.29,11.3,11.22,11.22,-0.1,-0.88%,0
"2023-08-08 13:01",11.24,11.24,11.15,11.15,-0.07,-0.62%,0
"2023-08-08 13:02",11.12,11.14,11.1,11.1,-0.05,-0.45%,0
"2023-08-08 13:03",11.12,11.12,11.09,11.11,0.01,+0.09%,0
"2023-08-08 13:04",11.13,11.13,11.09,11.09,-0.02,-0.18%,0
"2023-08-08 13:05",11.11,11.11,11.07,11.11,0.02,+0.18%,0
"2023-08-08 13:06",11.09,11.18,11.08,11.08,-0.03,-0.27%,0
"2023-08-08 13:07",11.1,11.1,11.06,11.06,-0.02,-0.18%,0
"2023-08-08 13:08",11.04,11.08,11.04,11.07,0.01,+0.09%,0
"2023-08-08 13:09",11.06,11.09,11.06,11.09,0.02,+0.18%,0
"2023-08-08 13:10",11.12,11.19,11.12,11.19,0.1,+0.90%,0
"2023-08-08 13:11",11.18,11.24,11.18,11.24,0.05,+0.45%,0
"2023-08-08 13:12",11.2,11.2,11.13,11.13,-0.11,-0.98%,0
"2023-08-08 13:13",11.13,11.18,11.13,11.17,0.04,+0.36%,0
"2023-08-08 13:14",11.18,11.18,11.17,11.18,0.01,+0.09%,0
"2023-08-08 13:15",11.14,11.15,11.13,11.15,-0.03,-0.27%,0
"2023-08-08 13:16",11.1,11.1,11.05,11.07,-0.08,-0.72%,0
"2023-08-08 13:17",11.02,11.02,10.96,10.96,-0.11,-0.99%,0
"2023-08-08 13:18",10.97,10.98,10.97,10.98,0.02,+0.18%,0
"2023-08-08 13:19",11.01,11.05,11.01,11.05,0.07,+0.64%,0
"2023-08-08 13:20",11.05,11.11,11.05,11.11,0.06,+0.54%,0
"2023-08-08 13:21",11.08,11.08,11.06,11.07,-0.04,-0.36%,0
"2023-08-08 13:22",11.13,11.16,11.13,11.16,0.09,+0.81%,0
"2023-08-08 13:23",11.18,11.28,11.18,11.28,0.12,+1.08%,0
"2023-08-08 13:24",11.32,11.54,11.32,11.54,0.26,+2.30%,0
"2023-08-08 13:25",11.59,11.85,11.59,11.85,0.31,+2.69%,0
"2023-08-08 13:26",11.84,11.84,11.7,11.7,-0.15,-1.27%,0
"2023-08-08 13:27",11.75,11.78,11.75,11.75,0.05,+0.43%,0
"2023-08-08 13:28",11.71,11.73,11.68,11.68,-0.07,-0.60%,0
"2023-08-08 13:29",11.66,11.69,11.61,11.61,-0.07,-0.60%,0
"2023-08-08 13:30",11.61,11.64,11.59,11.6,-0.01,-0.09%,0
"2023-08-08 13:31",11.56,11.64,11.56,11.63,0.03,+0.26%,0
"2023-08-08 13:32",11.64,11.69,11.64,11.64,0.01,+0.09%,0
"2023-08-08 13:33",11.6,11.61,11.56,11.56,-0.08,-0.69%,0
"2023-08-08 13:34",11.6,11.74,11.6,11.74,0.18,+1.56%,0
"2023-08-08 13:35",11.83,12.01,11.83,12.01,0.27,+2.30%,0
"2023-08-08 13:36",11.99,12,11.95,11.95,-0.06,-0.50%,0
"2023-08-08 13:37",12.05,12.05,11.93,11.93,-0.02,-0.17%,0
"2023-08-08 13:38",11.82,11.82,11.65,11.65,-0.28,-2.35%,0
"2023-08-08 13:39",11.66,11.68,11.65,11.65,0,0.00%,0
"2023-08-08 13:40",11.63,11.63,11.57,11.57,-0.08,-0.69%,0
"2023-08-08 13:41",11.57,11.58,11.57,11.57,0,0.00%,0
"2023-08-08 13:42",11.58,11.59,11.58,11.58,0.01,+0.09%,0
"2023-08-08 13:43",11.56,11.59,11.56,11.58,0,0.00%,0
"2023-08-08 13:44",11.57,11.57,11.52,11.52,-0.06,-0.52%,0
"2023-08-08 13:45",11.56,11.57,11.5,11.5,-0.02,-0.17%,0
"2023-08-08 13:46",11.51,11.58,11.51,11.57,0.07,+0.61%,0
"2023-08-08 13:47",11.58,11.7,11.58,11.7,0.13,+1.12%,0
"2023-08-08 13:48",11.67,11.67,11.64,11.64,-0.06,-0.51%,0
"2023-08-08 13:49",11.66,11.67,11.62,11.62,-0.02,-0.17%,0
"2023-08-08 13:50",11.66,11.68,11.64,11.64,0.02,+0.17%,0
"2023-08-08 13:51",11.63,11.66,11.63,11.65,0.01,+0.09%,0
"2023-08-08 13:52",11.65,11.67,11.61,11.61,-0.04,-0.34%,0
"2023-08-08 13:53",11.58,11.58,11.56,11.56,-0.05,-0.43%,0
"2023-08-08 13:54",11.57,11.6,11.55,11.6,0.04,+0.35%,0
"2023-08-08 13:55",11.62,11.63,11.58,11.58,-0.02,-0.17%,0
"2023-08-08 13:56",11.58,11.61,11.58,11.59,0.01,+0.09%,0
"2023-08-08 13:57",11.59,11.61,11.58,11.6,0.01,+0.09%,0
"2023-08-08 13:58",11.61,11.69,11.61,11.66,0.06,+0.52%,0
"2023-08-08 13:59",11.66,11.66,11.6,11.6,-0.06,-0.51%,0
"2023-08-08 14:00",11.58,11.6,11.58,11.6,0,0.00%,0
"2023-08-08 14:01",11.61,11.61,11.59,11.59,-0.01,-0.09%,0
"2023-08-08 14:02",11.55,11.56,11.54,11.56,-0.03,-0.26%,0
"2023-08-08 14:03",11.58,11.73,11.58,11.73,0.17,+1.47%,0
"2023-08-08 14:04",11.7,11.7,11.63,11.63,-0.1,-0.85%,0
"2023-08-08 14:05",11.61,11.72,11.61,11.72,0.09,+0.77%,0
"2023-08-08 14:06",11.71,11.74,11.63,11.63,-0.09,-0.77%,0
"2023-08-08 14:07",11.59,11.6,11.58,11.6,-0.03,-0.26%,0
"2023-08-08 14:08",11.6,11.62,11.58,11.61,0.01,+0.09%,0
"2023-08-08 14:09",11.58,11.64,11.58,11.64,0.03,+0.26%,0
"2023-08-08 14:10",11.62,11.63,11.59,11.63,-0.01,-0.09%,0
"2023-08-08 14:11",11.63,11.68,11.63,11.65,0.02,+0.17%,0
"2023-08-08 14:12",11.64,11.64,11.61,11.61,-0.04,-0.34%,0
"2023-08-08 14:13",11.57,11.57,11.49,11.49,-0.12,-1.03%,0
"2023-08-08 14:14",11.41,11.47,11.41,11.44,-0.05,-0.44%,0
"2023-08-08 14:15",11.45,11.45,11.35,11.35,-0.09,-0.79%,0
"2023-08-08 14:16",11.37,11.41,11.37,11.37,0.02,+0.18%,0
"2023-08-08 14:17",11.36,11.39,11.35,11.35,-0.02,-0.18%,0
"2023-08-08 14:18",11.34,11.34,11.26,11.28,-0.07,-0.62%,0
"2023-08-08 14:19",11.31,11.33,11.31,11.33,0.05,+0.44%,0
"2023-08-08 14:20",11.3,11.3,11.27,11.27,-0.06,-0.53%,0
"2023-08-08 14:21",11.25,11.29,11.25,11.29,0.02,+0.18%,0
"2023-08-08 14:22",11.31,11.31,11.23,11.23,-0.06,-0.53%,0
"2023-08-08 14:23",11.27,11.32,11.27,11.32,0.09,+0.80%,0
"2023-08-08 14:24",11.28,11.31,11.28,11.3,-0.02,-0.18%,0
"2023-08-08 14:25",11.31,11.35,11.3,11.35,0.05,+0.44%,0
"2023-08-08 14:26",11.3,11.3,11.22,11.22,-0.13,-1.15%,0
"2023-08-08 14:27",11.24,11.29,11.24,11.29,0.07,+0.62%,0
"2023-08-08 14:28",11.32,11.35,11.31,11.35,0.06,+0.53%,0
"2023-08-08 14:29",11.4,11.4,11.36,11.36,0.01,+0.09%,0
"2023-08-08 14:30",11.33,11.34,11.3,11.34,-0.02,-0.18%,0
"2023-08-08 14:31",11.34,11.42,11.34,11.42,0.08,+0.71%,0
"2023-08-08 14:32",11.4,11.41,11.35,11.35,-0.07,-0.61%,0
"2023-08-08 14:33",11.37,11.41,11.37,11.41,0.06,+0.53%,0
"2023-08-08 14:34",11.39,11.39,11.38,11.38,-0.03,-0.26%,0
"2023-08-08 14:35",11.4,11.4,11.38,11.38,0,0.00%,0
"2023-08-08 14:36",11.42,11.45,11.41,11.44,0.06,+0.53%,0
"2023-08-08 14:37",11.43,11.43,11.39,11.43,-0.01,-0.09%,0
"2023-08-08 14:38",11.43,11.44,11.42,11.44,0.01,+0.09%,0
"2023-08-08 14:39",11.43,11.43,11.37,11.39,-0.05,-0.44%,0
"2023-08-08 14:40",11.39,11.41,11.39,11.4,0.01,+0.09%,0
"2023-08-08 14:41",11.39,11.46,11.39,11.45,0.05,+0.44%,0
"2023-08-08 14:42",11.49,11.49,11.38,11.38,-0.07,-0.61%,0
"2023-08-08 14:43",11.37,11.41,11.37,11.38,0,0.00%,0
"2023-08-08 14:44",11.41,11.43,11.41,11.42,0.04,+0.35%,0
"2023-08-08 14:45",11.42,11.42,11.4,11.4,-0.02,-0.18%,0
"2023-08-08 14:46",11.35,11.42,11.35,11.42,0.02,+0.18%,0
"2023-08-08 14:47",11.4,11.4,11.35,11.35,-0.07,-0.61%,0
"2023-08-08 14:48",11.36,11.37,11.32,11.32,-0.03,-0.26%,0
"2023-08-08 14:49",11.3,11.36,11.3,11.36,0.04,+0.35%,0
"2023-08-08 14:50",11.32,11.33,11.3,11.33,-0.03,-0.26%,0
"2023-08-08 14:51",11.32,11.34,11.31,11.31,-0.02,-0.18%,0
"2023-08-08 14:52",11.3,11.33,11.3,11.33,0.02,+0.18%,0
"2023-08-08 14:53",11.34,11.34,11.29,11.29,-0.04,-0.35%,0
"2023-08-08 14:54",11.28,11.28,11.24,11.24,-0.05,-0.44%,0
"2023-08-08 14:55",11.24,11.24,11.23,11.23,-0.01,-0.09%,0
"2023-08-08 14:56",11.23,11.25,11.13,11.13,-0.1,-0.89%,0
"2023-08-08 14:57",11.14,11.16,11.14,11.14,0.01,+0.09%,0
"2023-08-08 14:58",11.1,11.11,11.09,11.09,-0.05,-0.45%,0
"2023-08-08 14:59",11.06,11.07,11.04,11.05,-0.04,-0.36%,0
"2023-08-08 15:00",11.07,11.07,11.05,11.05,0,0.00%,0
"2023-08-08 15:01",11.07,11.12,11.07,11.08,0.03,+0.27%,0
"2023-08-08 15:02",11.07,11.07,11.03,11.04,-0.04,-0.36%,0
"2023-08-08 15:03",11.06,11.06,11.02,11.02,-0.02,-0.18%,0
"2023-08-08 15:04",11,11,10.92,10.94,-0.08,-0.73%,0
"2023-08-08 15:05",10.94,10.97,10.94,10.96,0.02,+0.18%,0
"2023-08-08 15:06",10.99,11.01,10.99,11.01,0.05,+0.46%,0
"2023-08-08 15:07",11.02,11.14,11.02,11.14,0.13,+1.18%,0
"2023-08-08 15:08",11.21,11.21,11.12,11.12,-0.02,-0.18%,0
"2023-08-08 15:09",11.11,11.18,11.11,11.18,0.06,+0.54%,0
"2023-08-08 15:10",11.18,11.18,11.17,11.17,-0.01,-0.09%,0
"2023-08-08 15:11",11.18,11.18,11.11,11.11,-0.06,-0.54%,0
"2023-08-08 15:12",11.12,11.13,11.1,11.11,0,0.00%,0
"2023-08-08 15:13",11.13,11.13,11.07,11.07,-0.04,-0.36%,0
"2023-08-08 15:14",11.08,11.16,11.08,11.16,0.09,+0.81%,0
"2023-08-08 15:15",11.06,11.06,11,11,-0.16,-1.43%,0
"2023-08-08 15:16",11,11.04,11,11.04,0.04,+0.36%,0
"2023-08-08 15:17",11.15,11.17,11.15,11.17,0.13,+1.18%,0
"2023-08-08 15:18",11.15,11.15,11.13,11.13,-0.04,-0.36%,0
"2023-08-08 15:19",11.12,11.16,11.12,11.15,0.02,+0.18%,0
"2023-08-08 15:20",11.15,11.15,11.13,11.13,-0.02,-0.18%,0
"2023-08-08 15:21",11.14,11.14,11.1,11.1,-0.03,-0.27%,0
"2023-08-08 15:22",11.1,11.1,11.07,11.09,-0.01,-0.09%,0
"2023-08-08 15:23",11.05,11.09,11.05,11.08,-0.01,-0.09%,0
"2023-08-08 15:24",11.05,11.05,11.03,11.03,-0.05,-0.45%,0
"2023-08-08 15:25",11,11,10.98,10.98,-0.05,-0.45%,0
"2023-08-08 15:26",10.98,11,10.97,11,0.02,+0.18%,0
"2023-08-08 15:27",11,11,10.95,10.95,-0.05,-0.45%,0
"2023-08-08 15:28",10.94,10.97,10.94,10.94,-0.01,-0.09%,0
"2023-08-08 15:29",10.92,10.95,10.86,10.86,-0.08,-0.73%,0
"2023-08-08 15:30",10.91,11.02,10.91,11.02,0.16,+1.47%,0
"2023-08-08 15:31",10.99,11,10.99,11,-0.02,-0.18%,0
"2023-08-08 15:32",11,11.08,11,11.08,0.08,+0.73%,0
"2023-08-08 15:33",11.08,11.09,11.03,11.05,-0.03,-0.27%,0
"2023-08-08 15:34",11.04,11.07,11.04,11.06,0.01,+0.09%,0
"2023-08-08 15:35",11.04,11.09,11.04,11.09,0.03,+0.27%,0
"2023-08-08 15:36",11.09,11.1,11.05,11.05,-0.04,-0.36%,0
"2023-08-08 15:37",11.05,11.09,11.05,11.09,0.04,+0.36%,0
"2023-08-08 15:38",11.08,11.08,11.05,11.05,-0.04,-0.36%,0
"2023-08-08 15:39",11.07,11.08,11.07,11.08,0.03,+0.27%,0
"2023-08-08 15:40",11.07,11.08,11.02,11.02,-0.06,-0.54%,0
"2023-08-08 15:41",11,11.16,11,11.04,0.02,+0.18%,0
"2023-08-08 15:42",11.02,11.03,10.96,10.96,-0.08,-0.72%,0
"2023-08-08 15:43",10.95,10.97,10.94,10.97,0.01,+0.09%,0
"2023-08-08 15:44",10.97,11.01,10.93,10.93,-0.04,-0.36%,0
"2023-08-08 15:45",10.95,10.96,10.92,10.92,-0.01,-0.09%,0
"2023-08-08 15:46",10.94,10.95,10.91,10.95,0.03,+0.27%,0
"2023-08-08 15:47",10.96,10.99,10.96,10.98,0.03,+0.27%,0
"2023-08-08 15:48",10.96,10.98,10.96,10.96,-0.02,-0.18%,0
"2023-08-08 15:49",10.98,10.98,10.96,10.96,0,0.00%,0
"2023-08-08 15:50",10.83,10.97,10.83,10.95,-0.01,-0.09%,0
"2023-08-08 15:51",10.91,10.92,10.91,10.92,-0.03,-0.27%,0
"2023-08-08 15:52",10.93,11.11,10.93,11.11,0.19,+1.74%,0
"2023-08-08 15:53",11.15,11.2,11.15,11.16,0.05,+0.45%,0
"2023-08-08 15:54",11.2,11.21,11.2,11.2,0.04,+0.36%,0
"2023-08-08 15:55",11.24,11.24,11.11,11.11,-0.09,-0.80%,0
"2023-08-08 15:56",11.12,11.18,11.07,11.18,0.07,+0.63%,0
"2023-08-08 15:57",11.01,11.03,11.01,11.01,-0.17,-1.52%,0
"2023-08-08 15:58",10.99,11.15,10.99,11.15,0.14,+1.27%,0
"2023-08-08 15:59",11.12,11.14,11,11,-0.15,-1.35%,0
"2023-08-08 16:00",11.14,11.16,10.98,10.98,-0.02,-0.18%,0
"2023-08-08 16:01",10.97,11.04,10.96,11.04,0.06,+0.55%,0
"2023-08-08 16:02",11.08,11.1,11.08,11.09,0.05,+0.45%,0
"2023-08-08 16:03",11.08,11.22,11.08,11.1,0.01,+0.09%,0
"2023-08-08 16:04",11.09,11.12,11.09,11.12,0.02,+0.18%,0
"2023-08-08 16:05",11.12,11.14,11.12,11.14,0.02,+0.18%,0
"2023-08-08 16:06",11.12,11.12,11.08,11.1,-0.04,-0.36%,0
"2023-08-08 16:07",11.08,11.1,11.03,11.03,-0.07,-0.63%,0
"2023-08-08 16:08",11.05,11.27,11.05,11.23,0.2,+1.81%,0
"2023-08-08 16:09",11.24,11.24,11.22,11.22,-0.01,-0.09%,0
"2023-08-08 16:10",11.19,11.19,11.11,11.12,-0.1,-0.89%,0
"2023-08-08 16:11",11.13,11.13,11.12,11.13,0.01,+0.09%,0
"2023-08-08 16:12",11.13,11.16,11.13,11.14,0.01,+0.09%,0
"2023-08-08 16:13",11.12,11.12,11.1,11.1,-0.04,-0.36%,0
"2023-08-08 16:14",11.07,11.08,11.06,11.08,-0.02,-0.18%,0
"2023-08-08 16:15",11.08,11.08,11.08,11.08,0,0.00%,0
"2023-08-09 09:31",9.47,9.47,9.34,9.34,-1.74,-15.70%,0
"2023-08-09 09:32",9.35,9.35,9.3,9.33,-0.01,-0.11%,0
"2023-08-09 09:33",9.3,9.3,9.22,9.22,-0.11,-1.18%,0
"2023-08-09 09:34",9.17,9.17,9.11,9.12,-0.1,-1.08%,0
"2023-08-09 09:35",9.07,9.1,9.03,9.1,-0.02,-0.22%,0
"2023-08-09 09:36",9.15,9.25,9.12,9.12,0.02,+0.22%,0
"2023-08-09 09:37",9.13,9.15,9.13,9.15,0.03,+0.33%,0
"2023-08-09 09:38",9.17,9.23,9.17,9.23,0.08,+0.87%,0
"2023-08-09 09:39",9.23,9.42,9.23,9.42,0.19,+2.06%,0
"2023-08-09 09:40",9.4,9.46,9.28,9.28,-0.14,-1.49%,0
"2023-08-09 09:41",9.22,9.31,9.22,9.31,0.03,+0.32%,0
"2023-08-09 09:42",9.34,9.41,9.34,9.38,0.07,+0.75%,0
"2023-08-09 09:43",9.38,9.47,9.38,9.47,0.09,+0.96%,0
"2023-08-09 09:44",9.48,9.6,9.48,9.6,0.13,+1.37%,0
"2023-08-09 09:45",9.51,9.55,9.51,9.53,-0.07,-0.73%,0
"2023-08-09 09:46",9.44,9.49,9.44,9.48,-0.05,-0.52%,0
"2023-08-09 09:47",9.49,9.54,9.49,9.5,0.02,+0.21%,0
"2023-08-09 09:48",9.52,9.54,9.52,9.54,0.04,+0.42%,0
"2023-08-09 09:49",9.51,9.58,9.51,9.56,0.02,+0.21%,0
"2023-08-09 09:50",9.57,9.63,9.57,9.63,0.07,+0.73%,0
"2023-08-09 09:51",9.7,9.76,9.7,9.73,0.1,+1.04%,0
"2023-08-09 09:52",9.7,9.75,9.7,9.75,0.02,+0.21%,0
"2023-08-09 09:53",9.73,9.73,9.66,9.66,-0.09,-0.92%,0
"2023-08-09 09:54",9.69,9.76,9.69,9.76,0.1,+1.04%,0
"2023-08-09 09:55",9.73,9.76,9.73,9.73,-0.03,-0.31%,0
"2023-08-09 09:56",9.74,9.78,9.74,9.76,0.03,+0.31%,0
"2023-08-09 09:57",9.77,9.79,9.74,9.77,0.01,+0.10%,0
"2023-08-09 09:58",9.73,9.76,9.73,9.76,-0.01,-0.10%,0
"2023-08-09 09:59",9.77,9.8,9.77,9.8,0.04,+0.41%,0
"2023-08-09 10:00",9.78,9.82,9.76,9.76,-0.04,-0.41%,0
"2023-08-09 10:01",9.71,9.71,9.57,9.57,-0.19,-1.95%,0
"2023-08-09 10:02",9.56,9.58,9.56,9.58,0.01,+0.10%,0
"2023-08-09 10:03",9.61,9.62,9.6,9.6,0.02,+0.21%,0
"2023-08-09 10:04",9.61,9.65,9.61,9.64,0.04,+0.42%,0
"2023-08-09 10:05",9.65,9.73,9.65,9.73,0.09,+0.93%,0
"2023-08-09 10:06",9.74,9.8,9.74,9.8,0.07,+0.72%,0
"2023-08-09 10:07",9.82,9.85,9.82,9.83,0.03,+0.31%,0
"2023-08-09 10:08",9.85,9.92,9.85,9.92,0.09,+0.92%,0
"2023-08-09 10:09",9.99,10,9.96,9.99,0.07,+0.71%,0
"2023-08-09 10:10",9.94,9.95,9.92,9.92,-0.07,-0.70%,0
"2023-08-09 10:11",9.89,9.94,9.89,9.94,0.02,+0.20%,0
"2023-08-09 10:12",9.95,9.95,9.94,9.94,0,0.00%,0
"2023-08-09 10:13",9.94,10.01,9.94,10.01,0.07,+0.70%,0
"2023-08-09 10:14",10,10,9.93,9.93,-0.08,-0.80%,0
"2023-08-09 10:15",9.89,9.92,9.89,9.91,-0.02,-0.20%,0
"2023-08-09 10:16",9.86,9.93,9.86,9.93,0.02,+0.20%,0
"2023-08-09 10:17",9.98,10.05,9.98,10,0.07,+0.70%,0
"2023-08-09 10:18",10,10,9.84,9.84,-0.16,-1.60%,0
"2023-08-09 10:19",9.84,9.89,9.84,9.88,0.04,+0.41%,0
"2023-08-09 10:20",9.88,10.13,9.88,10.13,0.25,+2.53%,0
"2023-08-09 10:21",10.15,10.15,10,10.02,-0.11,-1.09%,0
"2023-08-09 10:22",10.06,10.11,10.06,10.09,0.07,+0.70%,0
"2023-08-09 10:23",10.07,10.17,10.07,10.15,0.06,+0.59%,0
"2023-08-09 10:24",10.14,10.2,10.14,10.2,0.05,+0.49%,0
"2023-08-09 10:25",10.21,10.21,10.18,10.19,-0.01,-0.10%,0
"2023-08-09 10:26",10.2,10.23,10.2,10.22,0.03,+0.29%,0
"2023-08-09 10:27",10.21,10.24,10.21,10.22,0,0.00%,0
"2023-08-09 10:28",10.22,10.22,10.09,10.09,-0.13,-1.27%,0
"2023-08-09 10:29",10.11,10.13,10.11,10.13,0.04,+0.40%,0
"2023-08-09 10:30",10.13,10.15,10.12,10.12,-0.01,-0.10%,0
"2023-08-09 10:31",10.11,10.14,10.11,10.13,0.01,+0.10%,0
"2023-08-09 10:32",10.13,10.18,10.13,10.18,0.05,+0.49%,0
"2023-08-09 10:33",10.16,10.21,10.16,10.21,0.03,+0.29%,0
"2023-08-09 10:34",10.2,10.29,10.2,10.29,0.08,+0.78%,0
"2023-08-09 10:35",10.29,10.34,10.29,10.29,0,0.00%,0
"2023-08-09 10:36",10.21,10.22,10.21,10.22,-0.07,-0.68%,0
"2023-08-09 10:37",10.2,10.24,10.2,10.24,0.02,+0.20%,0
"2023-08-09 10:38",10.25,10.28,10.25,10.27,0.03,+0.29%,0
"2023-08-09 10:39",10.29,10.29,10.26,10.26,-0.01,-0.10%,0
"2023-08-09 10:40",10.21,10.27,10.21,10.26,0,0.00%,0
"2023-08-09 10:41",10.26,10.3,10.26,10.27,0.01,+0.10%,0
"2023-08-09 10:42",10.27,10.32,10.27,10.32,0.05,+0.49%,0
"2023-08-09 10:43",10.31,10.34,10.3,10.3,-0.02,-0.19%,0
"2023-08-09 10:44",10.3,10.35,10.3,10.35,0.05,+0.49%,0
"2023-08-09 10:45",10.36,10.43,10.36,10.43,0.08,+0.77%,0
"2023-08-09 10:46",10.37,10.39,10.37,10.39,-0.04,-0.38%,0
"2023-08-09 10:47",10.38,10.4,10.38,10.4,0.01,+0.10%,0
"2023-08-09 10:48",10.4,10.46,10.4,10.46,0.06,+0.58%,0
"2023-08-09 10:49",10.45,10.5,10.45,10.5,0.04,+0.38%,0
"2023-08-09 10:50",10.55,10.6,10.55,10.58,0.08,+0.76%,0
"2023-08-09 10:51",10.57,10.77,10.57,10.77,0.19,+1.80%,0
"2023-08-09 10:52",10.79,10.85,10.71,10.71,-0.06,-0.56%,0
"2023-08-09 10:53",10.7,10.77,10.7,10.77,0.06,+0.56%,0
"2023-08-09 10:54",10.74,10.88,10.74,10.88,0.11,+1.02%,0
"2023-08-09 10:55",10.88,10.88,10.81,10.81,-0.07,-0.64%,0
"2023-08-09 10:56",10.81,10.86,10.81,10.86,0.05,+0.46%,0
"2023-08-09 10:57",10.93,11.05,10.93,10.94,0.08,+0.74%,0
"2023-08-09 10:58",10.91,10.92,10.88,10.92,-0.02,-0.18%,0
"2023-08-09 10:59",10.93,10.98,10.93,10.98,0.06,+0.55%,0
"2023-08-09 11:00",11.01,11.11,11.01,11.08,0.1,+0.91%,0
"2023-08-09 11:01",11.05,11.11,11.05,11.09,0.01,+0.09%,0
"2023-08-09 11:02",11.1,11.1,10.99,10.99,-0.1,-0.90%,0
"2023-08-09 11:03",10.98,11.06,10.98,11.06,0.07,+0.64%,0
"2023-08-09 11:04",11.01,11.04,11.01,11.02,-0.04,-0.36%,0
"2023-08-09 11:05",11.05,11.11,11.05,11.11,0.09,+0.82%,0
"2023-08-09 11:06",11.13,11.16,11.13,11.16,0.05,+0.45%,0
"2023-08-09 11:07",11.16,11.28,11.16,11.28,0.12,+1.08%,0
"2023-08-09 11:08",11.3,11.32,11.29,11.3,0.02,+0.18%,0
"2023-08-09 11:09",11.28,11.34,11.28,11.32,0.02,+0.18%,0
"2023-08-09 11:10",11.32,11.35,11.32,11.33,0.01,+0.09%,0
"2023-08-09 11:11",11.33,11.37,11.33,11.35,0.02,+0.18%,0
"2023-08-09 11:12",11.37,11.42,11.37,11.42,0.07,+0.62%,0
"2023-08-09 11:13",11.46,11.6,11.46,11.6,0.18,+1.58%,0
"2023-08-09 11:14",11.69,11.86,11.69,11.78,0.18,+1.55%,0
"2023-08-09 11:15",11.73,11.74,11.69,11.74,-0.04,-0.34%,0
"2023-08-09 11:16",11.86,12.34,11.86,12.34,0.6,+5.11%,0
"2023-08-09 11:17",12.45,12.62,12.45,12.6,0.26,+2.11%,0
"2023-08-09 11:18",12.5,12.74,12.5,12.74,0.14,+1.11%,0
"2023-08-09 11:19",12.8,12.89,12.8,12.86,0.12,+0.94%,0
"2023-08-09 11:20",12.78,12.93,12.78,12.93,0.07,+0.54%,0
"2023-08-09 11:21",12.91,12.96,12.91,12.91,-0.02,-0.15%,0
"2023-08-09 11:22",12.96,13.41,12.96,13.41,0.5,+3.87%,0
"2023-08-09 11:23",13.34,13.34,13.14,13.14,-0.27,-2.01%,0
"2023-08-09 11:24",13.06,13.1,13.06,13.1,-0.04,-0.30%,0
"2023-08-09 11:25",13.12,13.15,13.12,13.14,0.04,+0.31%,0
"2023-08-09 11:26",13.2,13.3,13.2,13.24,0.1,+0.76%,0
"2023-08-09 11:27",13.22,13.24,13.2,13.2,-0.04,-0.30%,0
"2023-08-09 11:28",13.16,13.16,13.09,13.09,-0.11,-0.83%,0
"2023-08-09 11:29",13.17,13.25,13.17,13.2,0.11,+0.84%,0
"2023-08-09 11:30",13.18,13.33,13.18,13.33,0.13,+0.98%,0
"2023-08-09 11:31",13.32,13.42,13.26,13.26,-0.07,-0.53%,0
"2023-08-09 11:32",13.29,13.31,13.25,13.25,-0.01,-0.08%,0
"2023-08-09 11:33",13.29,13.29,13.18,13.18,-0.07,-0.53%,0
"2023-08-09 11:34",13.11,13.11,13.01,13.01,-0.17,-1.29%,0
"2023-08-09 11:35",12.94,13.04,12.94,13.04,0.03,+0.23%,0
"2023-08-09 11:36",13.02,13.06,13.02,13.05,0.01,+0.08%,0
"2023-08-09 11:37",13.05,13.08,13.04,13.04,-0.01,-0.08%,0
"2023-08-09 11:38",13.06,13.09,13.04,13.04,0,0.00%,0
"2023-08-09 11:39",13.06,13.08,13.03,13.03,-0.01,-0.08%,0
"2023-08-09 11:40",12.99,13,12.97,13,-0.03,-0.23%,0
"2023-08-09 11:41",13.07,13.07,13.06,13.06,0.06,+0.46%,0
"2023-08-09 11:42",13.07,13.15,13.07,13.15,0.09,+0.69%,0
"2023-08-09 11:43",13.16,13.29,13.16,13.29,0.14,+1.06%,0
"2023-08-09 11:44",13.3,13.32,13.28,13.28,-0.01,-0.08%,0
"2023-08-09 11:45",13.29,13.33,13.24,13.24,-0.04,-0.30%,0
"2023-08-09 11:46",13.28,13.5,13.28,13.5,0.26,+1.96%,0
"2023-08-09 11:47",13.59,13.64,13.47,13.48,-0.02,-0.15%,0
"2023-08-09 11:48",13.53,13.53,13.46,13.46,-0.02,-0.15%,0
"2023-08-09 11:49",13.48,13.56,13.48,13.56,0.1,+0.74%,0
"2023-08-09 11:50",13.66,13.69,13.62,13.66,0.1,+0.74%,0
"2023-08-09 11:51",13.7,13.81,13.7,13.81,0.15,+1.10%,0
"2023-08-09 11:52",13.83,13.85,13.73,13.73,-0.08,-0.58%,0
"2023-08-09 11:53",13.78,13.96,13.78,13.96,0.23,+1.68%,0
"2023-08-09 11:54",13.98,13.98,13.8,13.83,-0.13,-0.93%,0
"2023-08-09 11:55",13.85,13.93,13.85,13.93,0.1,+0.72%,0
"2023-08-09 11:56",13.91,14.15,13.91,14.05,0.12,+0.86%,0
"2023-08-09 11:57",13.96,14.12,13.96,14.12,0.07,+0.50%,0
"2023-08-09 11:58",14.08,14.13,14.08,14.1,-0.02,-0.14%,0
"2023-08-09 11:59",14.14,14.14,14.02,14.02,-0.08,-0.57%,0
"2023-08-09 12:00",14.04,14.11,13.96,13.96,-0.06,-0.43%,0
"2023-08-09 12:01",13.9,13.9,13.85,13.85,-0.11,-0.79%,0
"2023-08-09 12:02",13.84,13.87,13.84,13.87,0.02,+0.14%,0
"2023-08-09 12:03",13.9,13.91,13.87,13.87,0,0.00%,0
"2023-08-09 12:04",13.87,13.91,13.87,13.87,0,0.00%,0
"2023-08-09 12:05",13.88,13.88,13.84,13.86,-0.01,-0.07%,0
"2023-08-09 12:06",13.83,13.88,13.79,13.79,-0.07,-0.51%,0
"2023-08-09 12:07",13.76,13.76,13.58,13.58,-0.21,-1.52%,0
"2023-08-09 12:08",13.59,13.64,13.59,13.62,0.04,+0.29%,0
"2023-08-09 12:09",13.63,13.67,13.63,13.66,0.04,+0.29%,0
"2023-08-09 12:10",13.68,13.69,13.67,13.69,0.03,+0.22%,0
"2023-08-09 12:11",13.72,13.84,13.72,13.84,0.15,+1.10%,0
"2023-08-09 12:12",13.84,13.87,13.76,13.76,-0.08,-0.58%,0
"2023-08-09 12:13",13.74,13.8,13.74,13.74,-0.02,-0.15%,0
"2023-08-09 12:14",13.75,13.77,13.71,13.71,-0.03,-0.22%,0
"2023-08-09 12:15",13.7,13.71,13.7,13.71,0,0.00%,0
"2023-08-09 12:16",13.71,13.74,13.71,13.72,0.01,+0.07%,0
"2023-08-09 12:17",13.73,13.78,13.73,13.78,0.06,+0.44%,0
"2023-08-09 12:18",13.81,13.81,13.77,13.77,-0.01,-0.07%,0
"2023-08-09 12:19",13.79,13.85,13.79,13.85,0.08,+0.58%,0
"2023-08-09 12:20",13.86,14.01,13.86,14.01,0.16,+1.16%,0
"2023-08-09 12:21",14.02,14.05,14.02,14.05,0.04,+0.29%,0
"2023-08-09 12:22",14.1,14.11,14.02,14.02,-0.03,-0.21%,0
"2023-08-09 12:23",14.02,14.06,14.02,14.03,0.01,+0.07%,0
"2023-08-09 12:24",14.04,14.06,14.03,14.03,0,0.00%,0
"2023-08-09 12:25",14.02,14.03,14,14,-0.03,-0.21%,0
"2023-08-09 12:26",14.03,14.04,13.96,13.96,-0.04,-0.29%,0
"2023-08-09 12:27",13.93,13.96,13.93,13.96,0,0.00%,0
"2023-08-09 12:28",13.95,13.97,13.93,13.93,-0.03,-0.21%,0
"2023-08-09 12:29",13.91,14.02,13.91,14.02,0.09,+0.65%,0
"2023-08-09 12:30",14.02,14.05,14.02,14.03,0.01,+0.07%,0
"2023-08-09 12:31",14.02,14.04,14.01,14.01,-0.02,-0.14%,0
"2023-08-09 12:32",13.98,13.98,13.91,13.91,-0.1,-0.71%,0
"2023-08-09 12:33",13.92,13.96,13.92,13.92,0.01,+0.07%,0
"2023-08-09 12:34",13.91,13.92,13.89,13.89,-0.03,-0.22%,0
"2023-08-09 12:35",13.88,13.92,13.88,13.92,0.03,+0.22%,0
"2023-08-09 12:36",13.89,13.91,13.88,13.88,-0.04,-0.29%,0
"2023-08-09 12:37",13.86,13.94,13.86,13.92,0.04,+0.29%,0
"2023-08-09 12:38",13.95,14,13.95,13.96,0.04,+0.29%,0
"2023-08-09 12:39",13.97,14.05,13.97,14.02,0.06,+0.43%,0
"2023-08-09 12:40",14.03,14.08,14.03,14.08,0.06,+0.43%,0
"2023-08-09 12:41",14.07,14.11,14.05,14.06,-0.02,-0.14%,0
"2023-08-09 12:42",14.05,14.07,14.04,14.05,-0.01,-0.07%,0
"2023-08-09 12:43",14.06,14.12,14.06,14.12,0.07,+0.50%,0
"2023-08-09 12:44",14.1,14.16,14.1,14.16,0.04,+0.28%,0
"2023-08-09 12:45",14.2,14.28,14.2,14.27,0.11,+0.78%,0
"2023-08-09 12:46",14.22,14.26,14.22,14.26,-0.01,-0.07%,0
"2023-08-09 12:47",14.23,14.26,14.23,14.23,-0.03,-0.21%,0
"2023-08-09 12:48",14.21,14.23,14.18,14.18,-0.05,-0.35%,0
"2023-08-09 12:49",14.14,14.19,14.14,14.19,0.01,+0.07%,0
"2023-08-09 12:50",14.17,14.23,14.17,14.23,0.04,+0.28%,0
"2023-08-09 12:51",14.25,14.27,14.25,14.25,0.02,+0.14%,0
"2023-08-09 12:52",14.23,14.29,14.23,14.27,0.02,+0.14%,0
"2023-08-09 12:53",14.28,14.31,14.28,14.29,0.02,+0.14%,0
"2023-08-09 12:54",14.3,14.32,14.3,14.31,0.02,+0.14%,0
"2023-08-09 12:55",14.3,14.33,14.3,14.3,-0.01,-0.07%,0
"2023-08-09 12:56",14.3,14.35,14.3,14.35,0.05,+0.35%,0
"2023-08-09 12:57",14.36,14.42,14.36,14.41,0.06,+0.42%,0
"2023-08-09 12:58",14.46,14.48,14.43,14.43,0.02,+0.14%,0
"2023-08-09 12:59",14.38,14.46,14.38,14.46,0.03,+0.21%,0
"2023-08-09 13:00",14.44,14.59,14.44,14.59,0.13,+0.90%,0
"2023-08-09 13:01",14.58,14.58,14.44,14.44,-0.15,-1.03%,0
"2023-08-09 13:02",14.44,14.44,14.35,14.35,-0.09,-0.62%,0
"2023-08-09 13:03",14.36,14.39,14.36,14.38,0.03,+0.21%,0
"2023-08-09 13:04",14.35,14.36,14.3,14.3,-0.08,-0.56%,0
"2023-08-09 13:05",14.3,14.33,14.24,14.24,-0.06,-0.42%,0
"2023-08-09 13:06",14.23,14.28,14.23,14.26,0.02,+0.14%,0
"2023-08-09 13:07",14.25,14.27,14.22,14.22,-0.04,-0.28%,0
"2023-08-09 13:08",14.22,14.24,14.2,14.2,-0.02,-0.14%,0
"2023-08-09 13:09",14.21,14.22,14.17,14.17,-0.03,-0.21%,0
"2023-08-09 13:10",14.16,14.16,14.14,14.14,-0.03,-0.21%,0
"2023-08-09 13:11",14.13,14.17,14.13,14.16,0.02,+0.14%,0
"2023-08-09 13:12",14.14,14.15,14.11,14.11,-0.05,-0.35%,0
"2023-08-09 13:13",14.08,14.09,14.07,14.07,-0.04,-0.28%,0
"2023-08-09 13:14",14.09,14.1,14.09,14.09,0.02,+0.14%,0
"2023-08-09 13:15",14.1,14.11,14.07,14.11,0.02,+0.14%,0
"2023-08-09 13:16",14.1,14.13,14.1,14.11,0,0.00%,0
"2023-08-09 13:17",14.09,14.12,14.09,14.11,0,0.00%,0
"2023-08-09 13:18",14.1,14.13,14.1,14.11,0,0.00%,0
"2023-08-09 13:19",14.09,14.14,14.09,14.13,0.02,+0.14%,0
"2023-08-09 13:20",14.13,14.15,14.13,14.15,0.02,+0.14%,0
"2023-08-09 13:21",14.14,14.16,14.14,14.16,0.01,+0.07%,0
"2023-08-09 13:22",14.16,14.19,14.16,14.17,0.01,+0.07%,0
"2023-08-09 13:23",14.15,14.21,14.15,14.21,0.04,+0.28%,0
"2023-08-09 13:24",14.2,14.2,14.19,14.19,-0.02,-0.14%,0
"2023-08-09 13:25",14.22,14.27,14.22,14.26,0.07,+0.49%,0
"2023-08-09 13:26",14.26,14.26,14.25,14.25,-0.01,-0.07%,0
"2023-08-09 13:27",14.26,14.29,14.26,14.28,0.03,+0.21%,0
"2023-08-09 13:28",14.27,14.3,14.27,14.28,0,0.00%,0
"2023-08-09 13:29",14.28,14.32,14.28,14.32,0.04,+0.28%,0
"2023-08-09 13:30",14.31,14.31,14.3,14.3,-0.02,-0.14%,0
"2023-08-09 13:31",14.25,14.29,14.25,14.27,-0.03,-0.21%,0
"2023-08-09 13:32",14.28,14.31,14.28,14.3,0.03,+0.21%,0
"2023-08-09 13:33",14.3,14.32,14.3,14.32,0.02,+0.14%,0
"2023-08-09 13:34",14.32,14.35,14.32,14.34,0.02,+0.14%,0
"2023-08-09 13:35",14.32,14.34,14.32,14.33,-0.01,-0.07%,0
"2023-08-09 13:36",14.32,14.36,14.32,14.36,0.03,+0.21%,0
"2023-08-09 13:37",14.33,14.36,14.33,14.36,0,0.00%,0
"2023-08-09 13:38",14.36,14.39,14.36,14.37,0.01,+0.07%,0
"2023-08-09 13:39",14.37,14.38,14.37,14.37,0,0.00%,0
"2023-08-09 13:40",14.36,14.39,14.36,14.39,0.02,+0.14%,0
"2023-08-09 13:41",14.38,14.4,14.38,14.38,-0.01,-0.07%,0
"2023-08-09 13:42",14.42,14.48,14.42,14.46,0.08,+0.56%,0
"2023-08-09 13:43",14.46,14.49,14.46,14.49,0.03,+0.21%,0
"2023-08-09 13:44",14.48,14.51,14.46,14.46,-0.03,-0.21%,0
"2023-08-09 13:45",14.45,14.45,14.43,14.44,-0.02,-0.14%,0
"2023-08-09 13:46",14.45,14.47,14.45,14.45,0.01,+0.07%,0
"2023-08-09 13:47",14.41,14.49,14.41,14.49,0.04,+0.28%,0
"2023-08-09 13:48",14.51,14.52,14.51,14.52,0.03,+0.21%,0
"2023-08-09 13:49",14.51,14.61,14.51,14.61,0.09,+0.62%,0
"2023-08-09 13:50",14.63,14.64,14.6,14.6,-0.01,-0.07%,0
"2023-08-09 13:51",14.6,14.66,14.6,14.66,0.06,+0.41%,0
"2023-08-09 13:52",14.69,14.7,14.65,14.65,-0.01,-0.07%,0
"2023-08-09 13:53",14.66,14.69,14.66,14.69,0.04,+0.27%,0
"2023-08-09 13:54",14.69,14.71,14.69,14.7,0.01,+0.07%,0
"2023-08-09 13:55",14.69,14.73,14.69,14.73,0.03,+0.20%,0
"2023-08-09 13:56",14.73,14.74,14.69,14.69,-0.04,-0.27%,0
"2023-08-09 13:57",14.7,14.74,14.7,14.7,0.01,+0.07%,0
"2023-08-09 13:58",14.69,14.74,14.69,14.74,0.04,+0.27%,0
"2023-08-09 13:59",14.74,14.76,14.74,14.76,0.02,+0.14%,0
"2023-08-09 14:00",14.75,14.8,14.75,14.79,0.03,+0.20%,0
"2023-08-09 14:01",14.8,14.84,14.8,14.81,0.02,+0.14%,0
"2023-08-09 14:02",14.84,14.84,14.82,14.82,0.01,+0.07%,0
"2023-08-09 14:03",14.8,14.81,14.8,14.81,-0.01,-0.07%,0
"2023-08-09 14:04",14.82,14.84,14.81,14.81,0,0.00%,0
"2023-08-09 14:05",14.78,14.78,14.76,14.77,-0.04,-0.27%,0
"2023-08-09 14:06",14.78,14.79,14.78,14.78,0.01,+0.07%,0
"2023-08-09 14:07",14.76,14.78,14.76,14.78,0,0.00%,0
"2023-08-09 14:08",14.78,14.81,14.78,14.81,0.03,+0.20%,0
"2023-08-09 14:09",14.8,14.81,14.79,14.79,-0.02,-0.14%,0
"2023-08-09 14:10",14.81,14.81,14.78,14.78,-0.01,-0.07%,0
"2023-08-09 14:11",14.79,14.81,14.79,14.81,0.03,+0.20%,0
"2023-08-09 14:12",14.81,14.83,14.81,14.83,0.02,+0.14%,0
"2023-08-09 14:13",14.81,14.81,14.78,14.78,-0.05,-0.34%,0
"2023-08-09 14:14",14.76,14.76,14.71,14.71,-0.07,-0.47%,0
"2023-08-09 14:15",14.68,14.7,14.66,14.66,-0.05,-0.34%,0
"2023-08-09 14:16",14.66,14.66,14.64,14.64,-0.02,-0.14%,0
"2023-08-09 14:17",14.67,14.68,14.65,14.67,0.03,+0.20%,0
"2023-08-09 14:18",14.68,14.7,14.68,14.7,0.03,+0.20%,0
"2023-08-09 14:19",14.7,14.72,14.7,14.72,0.02,+0.14%,0
"2023-08-09 14:20",14.69,14.71,14.69,14.69,-0.03,-0.20%,0
"2023-08-09 14:21",14.7,14.75,14.7,14.75,0.06,+0.41%,0
"2023-08-09 14:22",14.76,14.78,14.76,14.78,0.03,+0.20%,0
"2023-08-09 14:23",14.8,14.83,14.8,14.83,0.05,+0.34%,0
"2023-08-09 14:24",14.83,14.84,14.82,14.82,-0.01,-0.07%,0
"2023-08-09 14:25",14.83,14.85,14.83,14.83,0.01,+0.07%,0
"2023-08-09 14:26",14.83,14.86,14.83,14.86,0.03,+0.20%,0
"2023-08-09 14:27",14.84,14.89,14.84,14.89,0.03,+0.20%,0
"2023-08-09 14:28",14.9,14.91,14.9,14.9,0.01,+0.07%,0
"2023-08-09 14:29",14.89,14.89,14.87,14.87,-0.03,-0.20%,0
"2023-08-09 14:30",14.88,14.88,14.84,14.85,-0.02,-0.13%,0
"2023-08-09 14:31",14.82,14.84,14.82,14.83,-0.02,-0.13%,0
"2023-08-09 14:32",14.87,14.89,14.87,14.89,0.06,+0.40%,0
"2023-08-09 14:33",14.93,14.98,14.93,14.98,0.09,+0.60%,0
"2023-08-09 14:34",14.95,14.99,14.95,14.98,0,0.00%,0
"2023-08-09 14:35",15,15.03,14.99,15.03,0.05,+0.33%,0
"2023-08-09 14:36",15.03,15.07,15.03,15.06,0.03,+0.20%,0
"2023-08-09 14:37",15.07,15.1,15.07,15.09,0.03,+0.20%,0
"2023-08-09 14:38",15.09,15.13,15.09,15.1,0.01,+0.07%,0
"2023-08-09 14:39",15.1,15.11,15.09,15.1,0,0.00%,0
"2023-08-09 14:40",15.09,15.1,15.09,15.09,-0.01,-0.07%,0
"2023-08-09 14:41",15.12,15.13,15.12,15.13,0.04,+0.27%,0
"2023-08-09 14:42",15.14,15.17,15.14,15.17,0.04,+0.26%,0
"2023-08-09 14:43",15.17,15.19,15.14,15.19,0.02,+0.13%,0
"2023-08-09 14:44",15.18,15.24,15.18,15.21,0.02,+0.13%,0
"2023-08-09 14:45",15.22,15.23,15.22,15.23,0.02,+0.13%,0
"2023-08-09 14:46",15.24,15.27,15.24,15.27,0.04,+0.26%,0
"2023-08-09 14:47",15.26,15.31,15.26,15.31,0.04,+0.26%,0
"2023-08-09 14:48",15.33,15.4,15.33,15.4,0.09,+0.59%,0
"2023-08-09 14:49",15.37,15.37,15.34,15.35,-0.05,-0.32%,0
"2023-08-09 14:50",15.34,15.37,15.34,15.37,0.02,+0.13%,0
"2023-08-09 14:51",15.38,15.4,15.37,15.37,0,0.00%,0
"2023-08-09 14:52",15.36,15.43,15.36,15.42,0.05,+0.33%,0
"2023-08-09 14:53",15.45,15.53,15.45,15.53,0.11,+0.71%,0
"2023-08-09 14:54",15.54,15.55,15.49,15.49,-0.04,-0.26%,0
"2023-08-09 14:55",15.49,15.5,15.42,15.42,-0.07,-0.45%,0
"2023-08-09 14:56",15.41,15.46,15.41,15.44,0.02,+0.13%,0
"2023-08-09 14:57",15.45,15.46,15.45,15.46,0.02,+0.13%,0
"2023-08-09 14:58",15.46,15.46,15.45,15.45,-0.01,-0.06%,0
"2023-08-09 14:59",15.49,15.58,15.49,15.58,0.13,+0.84%,0
"2023-08-09 15:00",15.6,15.62,15.6,15.62,0.04,+0.26%,0
"2023-08-09 15:01",15.58,15.69,15.58,15.69,0.07,+0.45%,0
"2023-08-09 15:02",15.64,15.64,15.62,15.62,-0.07,-0.45%,0
"2023-08-09 15:03",15.58,15.65,15.58,15.64,0.02,+0.13%,0
"2023-08-09 15:04",15.65,15.66,15.64,15.65,0.01,+0.06%,0
"2023-08-09 15:05",15.65,15.68,15.63,15.63,-0.02,-0.13%,0
"2023-08-09 15:06",15.69,15.75,15.69,15.75,0.12,+0.77%,0
"2023-08-09 15:07",15.74,15.96,15.74,15.95,0.2,+1.27%,0
"2023-08-09 15:08",15.89,15.96,15.89,15.96,0.01,+0.06%,0
"2023-08-09 15:09",15.9,15.92,15.89,15.91,-0.05,-0.31%,0
"2023-08-09 15:10",15.96,16.03,15.96,16.02,0.11,+0.69%,0
"2023-08-09 15:11",16.02,16.02,15.93,15.93,-0.09,-0.56%,0
"2023-08-09 15:12",15.93,15.99,15.93,15.98,0.05,+0.31%,0
"2023-08-09 15:13",15.98,15.98,15.97,15.98,0,0.00%,0
"2023-08-09 15:14",15.98,16,15.92,15.92,-0.06,-0.38%,0
"2023-08-09 15:15",15.93,15.95,15.85,15.85,-0.07,-0.44%,0
"2023-08-09 15:16",15.84,15.84,15.79,15.79,-0.06,-0.38%,0
"2023-08-09 15:17",15.77,15.81,15.77,15.81,0.02,+0.13%,0
"2023-08-09 15:18",15.83,15.86,15.83,15.84,0.03,+0.19%,0
"2023-08-09 15:19",15.85,15.88,15.83,15.85,0.01,+0.06%,0
"2023-08-09 15:20",15.82,15.86,15.82,15.83,-0.02,-0.13%,0
"2023-08-09 15:21",15.8,15.83,15.73,15.73,-0.1,-0.63%,0
"2023-08-09 15:22",15.7,15.7,15.66,15.68,-0.05,-0.32%,0
"2023-08-09 15:23",15.71,15.71,15.63,15.63,-0.05,-0.32%,0
"2023-08-09 15:24",15.65,15.67,15.64,15.64,0.01,+0.06%,0
"2023-08-09 15:25",15.64,15.65,15.63,15.65,0.01,+0.06%,0
"2023-08-09 15:26",15.64,15.66,15.64,15.66,0.01,+0.06%,0
"2023-08-09 15:27",15.66,15.68,15.66,15.67,0.01,+0.06%,0
"2023-08-09 15:28",15.67,15.78,15.67,15.78,0.11,+0.70%,0
"2023-08-09 15:29",15.79,15.88,15.79,15.86,0.08,+0.51%,0
"2023-08-09 15:30",15.86,15.89,15.86,15.86,0,0.00%,0
"2023-08-09 15:31",15.84,15.87,15.84,15.87,0.01,+0.06%,0
"2023-08-09 15:32",15.88,15.93,15.86,15.93,0.06,+0.38%,0
"2023-08-09 15:33",15.94,16.01,15.94,15.97,0.04,+0.25%,0
"2023-08-09 15:34",16,16,15.98,15.99,0.02,+0.13%,0
"2023-08-09 15:35",16.02,16.03,15.99,16.02,0.03,+0.19%,0
"2023-08-09 15:36",16.02,16.04,16.02,16.03,0.01,+0.06%,0
"2023-08-09 15:37",15.99,16.08,15.99,16.08,0.05,+0.31%,0
"2023-08-09 15:38",16.08,16.18,16.08,16.18,0.1,+0.62%,0
"2023-08-09 15:39",16.18,16.39,16.18,16.39,0.21,+1.30%,0
"2023-08-09 15:40",16.49,16.5,16.46,16.49,0.1,+0.61%,0
"2023-08-09 15:41",16.5,16.54,16.5,16.54,0.05,+0.30%,0
"2023-08-09 15:42",16.54,16.63,16.54,16.61,0.07,+0.42%,0
"2023-08-09 15:43",16.57,16.65,16.57,16.62,0.01,+0.06%,0
"2023-08-09 15:44",16.74,16.82,16.73,16.82,0.2,+1.20%,0
"2023-08-09 15:45",16.86,17.03,16.86,17,0.18,+1.07%,0
"2023-08-09 15:46",16.98,17.47,16.98,17.47,0.47,+2.76%,0
"2023-08-09 15:47",17.49,17.84,17.49,17.84,0.37,+2.12%,0
"2023-08-09 15:48",17.87,18.17,17.87,18.17,0.33,+1.85%,0
"2023-08-09 15:49",18.16,18.44,18.16,18.44,0.27,+1.49%,0
"2023-08-09 15:50",18.37,18.4,18.09,18.09,-0.35,-1.90%,0
"2023-08-09 15:51",18.02,18.04,17.96,18.04,-0.05,-0.28%,0
"2023-08-09 15:52",18.09,18.16,18.09,18.09,0.05,+0.28%,0
"2023-08-09 15:53",18.06,18.14,18.06,18.12,0.03,+0.17%,0
"2023-08-09 15:54",18.12,18.18,18.12,18.15,0.03,+0.17%,0
"2023-08-09 15:55",18.13,18.2,18.12,18.2,0.05,+0.28%,0
"2023-08-09 15:56",18.25,18.34,18.16,18.16,-0.04,-0.22%,0
"2023-08-09 15:57",18.06,18.06,17.95,17.96,-0.2,-1.10%,0
"2023-08-09 15:58",17.95,18.05,17.95,18.05,0.09,+0.50%,0
"2023-08-09 15:59",18.09,18.09,17.98,18.04,-0.01,-0.06%,0
"2023-08-09 16:00",17.97,17.97,17.73,17.73,-0.31,-1.72%,0
"2023-08-09 16:01",17.72,17.72,17.48,17.48,-0.25,-1.41%,0
"2023-08-09 16:02",17.53,17.54,17.53,17.53,0.05,+0.29%,0
"2023-08-09 16:03",17.52,17.63,17.52,17.63,0.1,+0.57%,0
"2023-08-09 16:04",17.63,17.64,17.63,17.64,0.01,+0.06%,0
"2023-08-09 16:05",17.66,17.69,17.66,17.68,0.04,+0.23%,0
"2023-08-09 16:06",17.73,17.79,17.73,17.78,0.1,+0.57%,0
"2023-08-09 16:07",17.72,17.79,17.72,17.72,-0.06,-0.34%,0
"2023-08-09 16:08",17.69,17.7,17.66,17.66,-0.06,-0.34%,0
"2023-08-09 16:09",17.65,17.69,17.63,17.63,-0.03,-0.17%,0
"2023-08-09 16:10",17.64,17.64,17.56,17.56,-0.07,-0.40%,0
"2023-08-09 16:11",17.55,17.56,17.55,17.55,-0.01,-0.06%,0
"2023-08-09 16:12",17.57,17.59,17.57,17.58,0.03,+0.17%,0
"2023-08-09 16:13",17.54,17.55,17.53,17.53,-0.05,-0.28%,0
"2023-08-09 16:14",17.54,17.54,17.5,17.5,-0.03,-0.17%,0
"2023-08-09 16:15",17.44,17.44,17.44,17.44,-0.06,-0.34%,0
"2023-08-10 09:31",11.78,11.78,11.35,11.35,-6.09,-34.92%,0
"2023-08-10 09:32",11.43,11.43,11.34,11.4,0.05,+0.44%,0
"2023-08-10 09:33",11.46,11.46,11.33,11.33,-0.07,-0.61%,0
"2023-08-10 09:34",11.27,11.27,11.12,11.12,-0.21,-1.85%,0
"2023-08-10 09:35",11.2,11.27,11.2,11.24,0.12,+1.08%,0
"2023-08-10 09:36",11.22,11.4,11.22,11.4,0.16,+1.42%,0
"2023-08-10 09:37",11.3,11.33,11.26,11.31,-0.09,-0.79%,0
"2023-08-10 09:38",11.39,11.39,11.21,11.21,-0.1,-0.88%,0
"2023-08-10 09:39",11.13,11.27,11.13,11.15,-0.06,-0.54%,0
"2023-08-10 09:40",11.18,11.18,11.14,11.14,-0.01,-0.09%,0
"2023-08-10 09:41",11.14,11.18,11.14,11.18,0.04,+0.36%,0
"2023-08-10 09:42",11.24,11.24,11.17,11.18,0,0.00%,0
"2023-08-10 09:43",11.15,11.2,11.11,11.2,0.02,+0.18%,0
"2023-08-10 09:44",11.18,11.18,11.11,11.17,-0.03,-0.27%,0
"2023-08-10 09:45",11.08,11.08,10.89,10.89,-0.28,-2.51%,0
"2023-08-10 09:46",10.86,10.96,10.86,10.96,0.07,+0.64%,0
"2023-08-10 09:47",10.93,10.94,10.91,10.94,-0.02,-0.18%,0
"2023-08-10 09:48",10.94,11.02,10.92,11.02,0.08,+0.73%,0
"2023-08-10 09:49",10.99,11.06,10.99,11.05,0.03,+0.27%,0
"2023-08-10 09:50",11.07,11.09,11.07,11.09,0.04,+0.36%,0
"2023-08-10 09:51",11.07,11.08,11,11.08,-0.01,-0.09%,0
"2023-08-10 09:52",11.08,11.13,11.04,11.04,-0.04,-0.36%,0
"2023-08-10 09:53",10.97,11,10.95,10.95,-0.09,-0.82%,0
"2023-08-10 09:54",10.95,10.95,10.87,10.87,-0.08,-0.73%,0
"2023-08-10 09:55",10.84,10.91,10.84,10.86,-0.01,-0.09%,0
"2023-08-10 09:56",10.92,10.94,10.89,10.9,0.04,+0.37%,0
"2023-08-10 09:57",10.9,10.96,10.9,10.95,0.05,+0.46%,0
"2023-08-10 09:58",10.87,10.9,10.87,10.88,-0.07,-0.64%,0
"2023-08-10 09:59",10.92,10.92,10.85,10.86,-0.02,-0.18%,0
"2023-08-10 10:00",10.79,11.09,10.79,11.08,0.22,+2.03%,0
"2023-08-10 10:01",10.95,11.05,10.95,11.03,-0.05,-0.45%,0
"2023-08-10 10:02",11.05,11.07,10.98,10.98,-0.05,-0.45%,0
"2023-08-10 10:03",10.94,10.96,10.87,10.87,-0.11,-1.00%,0
"2023-08-10 10:04",10.84,10.84,10.79,10.79,-0.08,-0.74%,0
"2023-08-10 10:05",10.76,10.81,10.76,10.81,0.02,+0.19%,0
"2023-08-10 10:06",10.81,10.84,10.81,10.84,0.03,+0.28%,0
"2023-08-10 10:07",10.82,10.88,10.82,10.88,0.04,+0.37%,0
"2023-08-10 10:08",10.9,10.91,10.87,10.87,-0.01,-0.09%,0
"2023-08-10 10:09",10.84,10.89,10.83,10.88,0.01,+0.09%,0
"2023-08-10 10:10",10.87,10.91,10.87,10.9,0.02,+0.18%,0
"2023-08-10 10:11",10.93,10.95,10.9,10.9,0,0.00%,0
"2023-08-10 10:12",10.9,10.93,10.9,10.9,0,0.00%,0
"2023-08-10 10:13",10.82,10.87,10.82,10.84,-0.06,-0.55%,0
"2023-08-10 10:14",10.88,10.9,10.86,10.86,0.02,+0.18%,0
"2023-08-10 10:15",10.87,10.87,10.86,10.87,0.01,+0.09%,0
"2023-08-10 10:16",10.89,10.92,10.89,10.92,0.05,+0.46%,0
"2023-08-10 10:17",10.91,10.91,10.85,10.85,-0.07,-0.64%,0
"2023-08-10 10:18",10.86,11.01,10.85,11.01,0.16,+1.47%,0
"2023-08-10 10:19",11,11,10.98,10.98,-0.03,-0.27%,0
"2023-08-10 10:20",10.99,11.02,10.99,11.02,0.04,+0.36%,0
"2023-08-10 10:21",11.02,11.04,11.01,11.01,-0.01,-0.09%,0
"2023-08-10 10:22",11.02,11.11,11.02,11.11,0.1,+0.91%,0
"2023-08-10 10:23",11.1,11.1,11.01,11.01,-0.1,-0.90%,0
"2023-08-10 10:24",11,11.01,10.95,10.95,-0.06,-0.54%,0
"2023-08-10 10:25",10.91,10.99,10.91,10.97,0.02,+0.18%,0
"2023-08-10 10:26",10.98,11.02,10.98,11.02,0.05,+0.46%,0
"2023-08-10 10:27",11.1,11.18,11.1,11.18,0.16,+1.45%,0
"2023-08-10 10:28",11.24,11.29,11.17,11.17,-0.01,-0.09%,0
"2023-08-10 10:29",11.16,11.18,11.15,11.18,0.01,+0.09%,0
"2023-08-10 10:30",11.14,11.17,11.14,11.14,-0.04,-0.36%,0
"2023-08-10 10:31",11.11,11.14,11.09,11.14,0,0.00%,0
"2023-08-10 10:32",11.26,11.29,11.21,11.21,0.07,+0.63%,0
"2023-08-10 10:33",11.2,11.25,11.2,11.25,0.04,+0.36%,0
"2023-08-10 10:34",11.25,11.29,11.25,11.26,0.01,+0.09%,0
"2023-08-10 10:35",11.29,11.39,11.29,11.34,0.08,+0.71%,0
"2023-08-10 10:36",11.3,11.41,11.3,11.41,0.07,+0.62%,0
"2023-08-10 10:37",11.43,11.78,11.43,11.78,0.37,+3.24%,0
"2023-08-10 10:38",11.93,12.03,11.8,11.8,0.02,+0.17%,0
"2023-08-10 10:39",11.71,11.77,11.66,11.66,-0.14,-1.19%,0
"2023-08-10 10:40",11.69,11.84,11.69,11.84,0.18,+1.54%,0
"2023-08-10 10:41",11.82,11.95,11.82,11.95,0.11,+0.93%,0
"2023-08-10 10:42",12.01,12.19,11.97,11.97,0.02,+0.17%,0
"2023-08-10 10:43",11.89,11.98,11.89,11.96,-0.01,-0.08%,0
"2023-08-10 10:44",12,12.1,12,12.07,0.11,+0.92%,0
"2023-08-10 10:45",12.04,12.8,12.04,12.8,0.73,+6.05%,0
"2023-08-10 10:46",12.67,12.69,12.33,12.33,-0.47,-3.67%,0
"2023-08-10 10:47",12.28,12.28,11.91,11.91,-0.42,-3.41%,0
"2023-08-10 10:48",11.89,12.04,11.83,12.04,0.13,+1.09%,0
"2023-08-10 10:49",12.07,12.19,12.07,12.19,0.15,+1.25%,0
"2023-08-10 10:50",12.23,12.3,12.15,12.21,0.02,+0.16%,0
"2023-08-10 10:51",12.29,12.37,12.27,12.37,0.16,+1.31%,0
"2023-08-10 10:52",12.43,12.43,12.37,12.37,0,0.00%,0
"2023-08-10 10:53",12.27,12.38,12.27,12.38,0.01,+0.08%,0
"2023-08-10 10:54",12.37,12.38,12.24,12.24,-0.14,-1.13%,0
"2023-08-10 10:55",12.18,12.18,11.92,11.92,-0.32,-2.61%,0
"2023-08-10 10:56",11.91,11.94,11.89,11.89,-0.03,-0.25%,0
"2023-08-10 10:57",11.89,11.97,11.89,11.94,0.05,+0.42%,0
"2023-08-10 10:58",11.98,11.98,11.94,11.95,0.01,+0.08%,0
"2023-08-10 10:59",11.99,12.07,11.99,12.07,0.12,+1.00%,0
"2023-08-10 11:00",12.12,12.52,12.12,12.52,0.45,+3.73%,0
"2023-08-10 11:01",12.6,12.77,12.6,12.7,0.18,+1.44%,0
"2023-08-10 11:02",12.62,12.87,12.62,12.87,0.17,+1.34%,0
"2023-08-10 11:03",12.94,12.94,12.75,12.75,-0.12,-0.93%,0
"2023-08-10 11:04",12.77,12.77,12.61,12.61,-0.14,-1.10%,0
"2023-08-10 11:05",12.68,13.19,12.68,13.19,0.58,+4.60%,0
"2023-08-10 11:06",12.96,12.96,12.66,12.66,-0.53,-4.02%,0
"2023-08-10 11:07",12.63,12.63,12.62,12.62,-0.04,-0.32%,0
"2023-08-10 11:08",12.6,12.62,12.52,12.57,-0.05,-0.40%,0
"2023-08-10 11:09",12.53,12.54,12.52,12.54,-0.03,-0.24%,0
"2023-08-10 11:10",12.65,12.82,12.65,12.77,0.23,+1.83%,0
"2023-08-10 11:11",12.8,12.8,12.73,12.74,-0.03,-0.23%,0
"2023-08-10 11:12",12.59,12.59,12.51,12.54,-0.2,-1.57%,0
"2023-08-10 11:13",12.54,12.54,12.49,12.49,-0.05,-0.40%,0
"2023-08-10 11:14",12.52,12.61,12.43,12.61,0.12,+0.96%,0
"2023-08-10 11:15",12.68,13.07,12.68,13.07,0.46,+3.65%,0
"2023-08-10 11:16",13.01,13.01,12.77,12.77,-0.3,-2.30%,0
"2023-08-10 11:17",12.86,12.93,12.8,12.93,0.16,+1.25%,0
"2023-08-10 11:18",12.84,12.92,12.84,12.91,-0.02,-0.15%,0
"2023-08-10 11:19",12.95,13.11,12.95,13.01,0.1,+0.77%,0
"2023-08-10 11:20",13.05,13.47,13.05,13.47,0.46,+3.54%,0
"2023-08-10 11:21",13.43,13.43,13.08,13.08,-0.39,-2.90%,0
"2023-08-10 11:22",13.05,13.13,13.05,13.08,0,0.00%,0
"2023-08-10 11:23",13.06,13.19,13.06,13.18,0.1,+0.76%,0
"2023-08-10 11:24",13.27,13.31,13.26,13.29,0.11,+0.83%,0
"2023-08-10 11:25",13.1,13.1,12.76,12.76,-0.53,-3.99%,0
"2023-08-10 11:26",12.8,12.89,12.8,12.82,0.06,+0.47%,0
"2023-08-10 11:27",12.83,12.88,12.79,12.79,-0.03,-0.23%,0
"2023-08-10 11:28",12.77,12.85,12.77,12.82,0.03,+0.23%,0
"2023-08-10 11:29",12.77,12.85,12.77,12.81,-0.01,-0.08%,0
"2023-08-10 11:30",12.78,12.88,12.77,12.77,-0.04,-0.31%,0
"2023-08-10 11:31",12.75,12.83,12.75,12.83,0.06,+0.47%,0
"2023-08-10 11:32",12.81,12.87,12.79,12.79,-0.04,-0.31%,0
"2023-08-10 11:33",12.8,12.8,12.63,12.63,-0.16,-1.25%,0
"2023-08-10 11:34",12.61,12.61,12.41,12.43,-0.2,-1.58%,0
"2023-08-10 11:35",12.39,12.5,12.39,12.4,-0.03,-0.24%,0
"2023-08-10 11:36",12.37,12.45,12.37,12.4,0,0.00%,0
"2023-08-10 11:37",12.37,12.45,12.37,12.45,0.05,+0.40%,0
"2023-08-10 11:38",12.4,12.4,12.34,12.34,-0.11,-0.88%,0
"2023-08-10 11:39",12.34,12.38,12.25,12.25,-0.09,-0.73%,0
"2023-08-10 11:40",12.26,12.36,12.26,12.36,0.11,+0.90%,0
"2023-08-10 11:41",12.34,12.53,12.34,12.53,0.17,+1.38%,0
"2023-08-10 11:42",12.72,12.91,12.7,12.7,0.17,+1.36%,0
"2023-08-10 11:43",12.62,12.75,12.57,12.75,0.05,+0.39%,0
"2023-08-10 11:44",13.02,13.25,13.02,13.18,0.43,+3.37%,0
"2023-08-10 11:45",12.93,13.3,12.93,13.3,0.12,+0.91%,0
"2023-08-10 11:46",13.47,13.73,13.47,13.61,0.31,+2.33%,0
"2023-08-10 11:47",13.66,13.67,13.61,13.67,0.06,+0.44%,0
"2023-08-10 11:48",13.63,13.63,13.47,13.47,-0.2,-1.46%,0
"2023-08-10 11:49",13.47,13.47,13.27,13.34,-0.13,-0.97%,0
"2023-08-10 11:50",13.45,14.08,13.45,14.08,0.74,+5.55%,0
"2023-08-10 11:51",14.15,14.28,14.15,14.15,0.07,+0.50%,0
"2023-08-10 11:52",14.12,14.21,14.09,14.21,0.06,+0.42%,0
"2023-08-10 11:53",14.27,14.34,14.17,14.17,-0.04,-0.28%,0
"2023-08-10 11:54",14.02,14.14,14.02,14.14,-0.03,-0.21%,0
"2023-08-10 11:55",14.08,14.13,14.08,14.13,-0.01,-0.07%,0
"2023-08-10 11:56",14.15,14.18,14.15,14.15,0.02,+0.14%,0
"2023-08-10 11:57",14.01,14.01,13.74,13.74,-0.41,-2.90%,0
"2023-08-10 11:58",13.66,13.79,13.66,13.79,0.05,+0.36%,0
"2023-08-10 11:59",13.74,13.76,13.71,13.74,-0.05,-0.36%,0
"2023-08-10 12:00",13.68,13.79,13.68,13.79,0.05,+0.36%,0
"2023-08-10 12:01",13.84,14.16,13.84,14.16,0.37,+2.68%,0
"2023-08-10 12:02",14.22,14.26,14.11,14.15,-0.01,-0.07%,0
"2023-08-10 12:03",14.09,14.09,13.97,13.97,-0.18,-1.27%,0
"2023-08-10 12:04",14.02,14.02,13.96,13.96,-0.01,-0.07%,0
"2023-08-10 12:05",13.98,13.98,13.92,13.92,-0.04,-0.29%,0
"2023-08-10 12:06",13.83,13.88,13.83,13.85,-0.07,-0.50%,0
"2023-08-10 12:07",13.94,14.01,13.91,14.01,0.16,+1.16%,0
"2023-08-10 12:08",13.98,14.06,13.98,14.06,0.05,+0.36%,0
"2023-08-10 12:09",14.09,14.21,14.09,14.17,0.11,+0.78%,0
"2023-08-10 12:10",14.13,14.18,14.09,14.1,-0.07,-0.49%,0
"2023-08-10 12:11",14.14,14.31,14.14,14.31,0.21,+1.49%,0
"2023-08-10 12:12",14.38,14.4,14.32,14.4,0.09,+0.63%,0
"2023-08-10 12:13",14.24,14.24,13.98,14.02,-0.38,-2.64%,0
"2023-08-10 12:14",14.02,14.11,14.02,14.11,0.09,+0.64%,0
"2023-08-10 12:15",14.17,14.5,14.17,14.5,0.39,+2.76%,0
"2023-08-10 12:16",14.54,14.54,14.32,14.32,-0.18,-1.24%,0
"2023-08-10 12:17",14.29,14.29,14.22,14.28,-0.04,-0.28%,0
"2023-08-10 12:18",14.28,14.28,14.21,14.22,-0.06,-0.42%,0
"2023-08-10 12:19",14.18,14.31,14.18,14.31,0.09,+0.63%,0
"2023-08-10 12:20",14.31,14.52,14.27,14.27,-0.04,-0.28%,0
"2023-08-10 12:21",14.18,14.32,14.18,14.32,0.05,+0.35%,0
"2023-08-10 12:22",14.33,14.36,14.33,14.35,0.03,+0.21%,0
"2023-08-10 12:23",14.42,14.42,14.26,14.26,-0.09,-0.63%,0
"2023-08-10 12:24",14.23,14.37,14.23,14.37,0.11,+0.77%,0
"2023-08-10 12:25",14.38,14.72,14.38,14.72,0.35,+2.44%,0
"2023-08-10 12:26",14.79,14.83,14.75,14.75,0.03,+0.20%,0
"2023-08-10 12:27",14.83,15.02,14.83,14.99,0.24,+1.63%,0
"2023-08-10 12:28",14.74,14.74,14.66,14.68,-0.31,-2.07%,0
"2023-08-10 12:29",14.66,14.66,14.33,14.33,-0.35,-2.38%,0
"2023-08-10 12:30",14.32,14.48,14.32,14.47,0.14,+0.98%,0
"2023-08-10 12:31",14.36,14.36,14.32,14.32,-0.15,-1.04%,0
"2023-08-10 12:32",14.33,14.45,14.33,14.38,0.06,+0.42%,0
"2023-08-10 12:33",14.38,14.45,14.38,14.45,0.07,+0.49%,0
"2023-08-10 12:34",14.43,14.44,14.4,14.4,-0.05,-0.35%,0
"2023-08-10 12:35",14.43,14.47,14.38,14.47,0.07,+0.49%,0
"2023-08-10 12:36",14.49,14.57,14.49,14.57,0.1,+0.69%,0
"2023-08-10 12:37",14.59,14.59,14.39,14.39,-0.18,-1.24%,0
"2023-08-10 12:38",14.28,14.31,14.28,14.31,-0.08,-0.56%,0
"2023-08-10 12:39",14.28,14.28,14.06,14.06,-0.25,-1.75%,0
"2023-08-10 12:40",14,14.15,14,14.15,0.09,+0.64%,0
"2023-08-10 12:41",14.09,14.17,14.08,14.17,0.02,+0.14%,0
"2023-08-10 12:42",14.19,14.2,14.12,14.19,0.02,+0.14%,0
"2023-08-10 12:43",14.17,14.17,14.15,14.17,-0.02,-0.14%,0
"2023-08-10 12:44",14.14,14.15,14.07,14.07,-0.1,-0.71%,0
"2023-08-10 12:45",14.02,14.1,14.02,14.02,-0.05,-0.36%,0
"2023-08-10 12:46",13.94,13.94,13.81,13.81,-0.21,-1.50%,0
"2023-08-10 12:47",13.79,13.82,13.79,13.82,0.01,+0.07%,0
"2023-08-10 12:48",13.81,13.88,13.79,13.88,0.06,+0.43%,0
"2023-08-10 12:49",13.92,13.92,13.79,13.79,-0.09,-0.65%,0
"2023-08-10 12:50",13.82,13.91,13.82,13.88,0.09,+0.65%,0
"2023-08-10 12:51",13.84,14,13.84,14,0.12,+0.86%,0
"2023-08-10 12:52",13.99,14.14,13.99,14.08,0.08,+0.57%,0
"2023-08-10 12:53",14.03,14.34,14.03,14.34,0.26,+1.85%,0
"2023-08-10 12:54",14.32,14.54,14.32,14.54,0.2,+1.39%,0
"2023-08-10 12:55",14.49,14.52,14.45,14.45,-0.09,-0.62%,0
"2023-08-10 12:56",14.44,14.47,14.39,14.47,0.02,+0.14%,0
"2023-08-10 12:57",14.67,14.79,14.67,14.79,0.32,+2.21%,0
"2023-08-10 12:58",14.82,15.24,14.82,15.24,0.45,+3.04%,0
"2023-08-10 12:59",15.22,15.36,15.1,15.1,-0.14,-0.92%,0
"2023-08-10 13:00",14.92,14.99,14.85,14.85,-0.25,-1.66%,0
"2023-08-10 13:01",14.8,14.94,14.8,14.94,0.09,+0.61%,0
"2023-08-10 13:02",15.01,15.08,15.01,15.05,0.11,+0.74%,0
"2023-08-10 13:03",15.02,15.14,15.01,15.13,0.08,+0.53%,0
"2023-08-10 13:04",15.01,15.04,15.01,15.04,-0.09,-0.59%,0
"2023-08-10 13:05",15.03,15.03,14.96,14.96,-0.08,-0.53%,0
"2023-08-10 13:06",14.85,14.93,14.85,14.93,-0.03,-0.20%,0
"2023-08-10 13:07",15.02,15.05,15,15,0.07,+0.47%,0
"2023-08-10 13:08",14.96,15,14.93,14.93,-0.07,-0.47%,0
"2023-08-10 13:09",14.95,15.03,14.95,14.99,0.06,+0.40%,0
"2023-08-10 13:10",14.98,15.06,14.98,15.06,0.07,+0.47%,0
"2023-08-10 13:11",15.06,15.11,15.06,15.06,0,0.00%,0
"2023-08-10 13:12",15.08,15.1,15.04,15.1,0.04,+0.27%,0
"2023-08-10 13:13",15.04,15.05,14.99,14.99,-0.11,-0.73%,0
"2023-08-10 13:14",15.01,15.04,15.01,15.02,0.03,+0.20%,0
"2023-08-10 13:15",15.05,15.07,15.03,15.07,0.05,+0.33%,0
"2023-08-10 13:16",15.13,15.22,15.09,15.09,0.02,+0.13%,0
"2023-08-10 13:17",15.05,15.12,15.05,15.1,0.01,+0.07%,0
"2023-08-10 13:18",15.1,15.28,15.1,15.28,0.18,+1.19%,0
"2023-08-10 13:19",15.31,15.33,15.2,15.2,-0.08,-0.52%,0
"2023-08-10 13:20",15.14,15.23,15.14,15.23,0.03,+0.20%,0
"2023-08-10 13:21",15.22,15.43,15.22,15.42,0.19,+1.25%,0
"2023-08-10 13:22",15.4,15.52,15.39,15.52,0.1,+0.65%,0
"2023-08-10 13:23",15.65,15.65,15.49,15.49,-0.03,-0.19%,0
"2023-08-10 13:24",15.4,15.45,15.38,15.38,-0.11,-0.71%,0
"2023-08-10 13:25",15.37,15.42,15.37,15.42,0.04,+0.26%,0
"2023-08-10 13:26",15.41,15.41,15.38,15.41,-0.01,-0.06%,0
"2023-08-10 13:27",15.41,15.45,15.38,15.45,0.04,+0.26%,0
"2023-08-10 13:28",15.49,15.63,15.49,15.6,0.15,+0.97%,0
"2023-08-10 13:29",15.54,15.58,15.53,15.54,-0.06,-0.38%,0
"2023-08-10 13:30",15.54,15.76,15.54,15.76,0.22,+1.42%,0
"2023-08-10 13:31",15.72,15.72,15.69,15.71,-0.05,-0.32%,0
"2023-08-10 13:32",15.77,15.89,15.77,15.86,0.15,+0.95%,0
"2023-08-10 13:33",15.84,15.84,15.7,15.7,-0.16,-1.01%,0
"2023-08-10 13:34",15.7,15.76,15.64,15.64,-0.06,-0.38%,0
"2023-08-10 13:35",15.63,15.71,15.63,15.71,0.07,+0.45%,0
"2023-08-10 13:36",15.7,15.87,15.7,15.87,0.16,+1.02%,0
"2023-08-10 13:37",15.87,15.92,15.87,15.92,0.05,+0.32%,0
"2023-08-10 13:38",15.92,15.92,15.89,15.89,-0.03,-0.19%,0
"2023-08-10 13:39",15.88,15.88,15.81,15.85,-0.04,-0.25%,0
"2023-08-10 13:40",15.81,15.85,15.81,15.83,-0.02,-0.13%,0
"2023-08-10 13:41",15.86,15.98,15.86,15.98,0.15,+0.95%,0
"2023-08-10 13:42",16.12,16.5,16.12,16.5,0.52,+3.25%,0
"2023-08-10 13:43",16.52,16.52,16.28,16.28,-0.22,-1.33%,0
"2023-08-10 13:44",16.26,16.26,16.07,16.07,-0.21,-1.29%,0
"2023-08-10 13:45",16.09,16.09,16.07,16.07,0,0.00%,0
"2023-08-10 13:46",15.95,15.95,15.7,15.7,-0.37,-2.30%,0
"2023-08-10 13:47",15.63,15.63,15.59,15.6,-0.1,-0.64%,0
"2023-08-10 13:48",15.62,15.7,15.59,15.65,0.05,+0.32%,0
"2023-08-10 13:49",15.64,15.66,15.61,15.64,-0.01,-0.06%,0
"2023-08-10 13:50",15.68,15.68,15.63,15.63,-0.01,-0.06%,0
"2023-08-10 13:51",15.6,15.63,15.49,15.49,-0.14,-0.90%,0
"2023-08-10 13:52",15.52,15.61,15.52,15.61,0.12,+0.77%,0
"2023-08-10 13:53",15.55,15.59,15.55,15.57,-0.04,-0.26%,0
"2023-08-10 13:54",15.67,16.04,15.67,16.04,0.47,+3.02%,0
"2023-08-10 13:55",16.03,16.37,16.03,16.37,0.33,+2.06%,0
"2023-08-10 13:56",16.41,16.51,16.41,16.47,0.1,+0.61%,0
"2023-08-10 13:57",16.45,16.74,16.45,16.74,0.27,+1.64%,0
"2023-08-10 13:58",16.71,16.71,16.7,16.71,-0.03,-0.18%,0
"2023-08-10 13:59",16.67,16.67,16.44,16.5,-0.21,-1.26%,0
"2023-08-10 14:00",16.51,16.51,16.4,16.4,-0.1,-0.61%,0
"2023-08-10 14:01",16.31,16.34,16.21,16.21,-0.19,-1.16%,0
"2023-08-10 14:02",16.03,16.08,16.03,16.08,-0.13,-0.80%,0
"2023-08-10 14:03",16.04,16.1,16.04,16.08,0,0.00%,0
"2023-08-10 14:04",16.03,16.08,16.03,16.08,0,0.00%,0
"2023-08-10 14:05",16.02,16.02,15.87,15.87,-0.21,-1.31%,0
"2023-08-10 14:06",15.84,15.84,15.56,15.56,-0.31,-1.95%,0
"2023-08-10 14:07",15.53,15.53,15.35,15.35,-0.21,-1.35%,0
"2023-08-10 14:08",15.45,15.61,15.43,15.61,0.26,+1.69%,0
"2023-08-10 14:09",15.64,15.75,15.64,15.75,0.14,+0.90%,0
"2023-08-10 14:10",15.78,15.78,15.54,15.54,-0.21,-1.33%,0
"2023-08-10 14:11",15.56,15.77,15.56,15.77,0.23,+1.48%,0
"2023-08-10 14:12",15.8,15.8,15.72,15.72,-0.05,-0.32%,0
"2023-08-10 14:13",15.69,15.72,15.67,15.7,-0.02,-0.13%,0
"2023-08-10 14:14",15.69,15.69,15.43,15.44,-0.26,-1.66%,0
"2023-08-10 14:15",15.38,15.38,15.22,15.22,-0.22,-1.42%,0
"2023-08-10 14:16",15.22,15.22,15.12,15.22,0,0.00%,0
"2023-08-10 14:17",15.27,15.27,15.22,15.24,0.02,+0.13%,0
"2023-08-10 14:18",15.23,15.42,15.23,15.35,0.11,+0.72%,0
"2023-08-10 14:19",15.29,15.38,15.29,15.38,0.03,+0.20%,0
"2023-08-10 14:20",15.39,15.42,15.32,15.42,0.04,+0.26%,0
"2023-08-10 14:21",15.41,15.41,15.29,15.32,-0.1,-0.65%,0
"2023-08-10 14:22",15.34,15.39,15.3,15.3,-0.02,-0.13%,0
"2023-08-10 14:23",15.31,15.31,15.26,15.3,0,0.00%,0
"2023-08-10 14:24",15.21,15.29,15.21,15.29,-0.01,-0.07%,0
"2023-08-10 14:25",15.25,15.3,15.25,15.28,-0.01,-0.07%,0
"2023-08-10 14:26",15.25,15.35,15.22,15.35,0.07,+0.46%,0
"2023-08-10 14:27",15.39,15.53,15.39,15.44,0.09,+0.59%,0
"2023-08-10 14:28",15.36,15.36,15.27,15.3,-0.14,-0.91%,0
"2023-08-10 14:29",15.27,15.43,15.27,15.38,0.08,+0.52%,0
"2023-08-10 14:30",15.44,15.44,15.3,15.32,-0.06,-0.39%,0
"2023-08-10 14:31",15.31,15.36,15.31,15.34,0.02,+0.13%,0
"2023-08-10 14:32",15.35,15.43,15.35,15.38,0.04,+0.26%,0
"2023-08-10 14:33",15.37,15.39,15.32,15.32,-0.06,-0.39%,0
"2023-08-10 14:34",15.32,15.52,15.32,15.52,0.2,+1.31%,0
"2023-08-10 14:35",15.47,15.61,15.44,15.61,0.09,+0.58%,0
"2023-08-10 14:36",15.64,15.64,15.38,15.38,-0.23,-1.47%,0
"2023-08-10 14:37",15.41,15.55,15.41,15.54,0.16,+1.04%,0
"2023-08-10 14:38",15.6,15.75,15.54,15.54,0,0.00%,0
"2023-08-10 14:39",15.47,15.47,15.4,15.41,-0.13,-0.84%,0
"2023-08-10 14:40",15.4,15.59,15.4,15.59,0.18,+1.17%,0
"2023-08-10 14:41",15.66,15.8,15.61,15.61,0.02,+0.13%,0
"2023-08-10 14:42",15.46,15.55,15.46,15.55,-0.06,-0.38%,0
"2023-08-10 14:43",15.55,15.58,15.55,15.58,0.03,+0.19%,0
"2023-08-10 14:44",15.51,15.56,15.5,15.56,-0.02,-0.13%,0
"2023-08-10 14:45",15.51,15.54,15.51,15.53,-0.03,-0.19%,0
"2023-08-10 14:46",15.51,15.61,15.51,15.56,0.03,+0.19%,0
"2023-08-10 14:47",15.55,15.61,15.47,15.47,-0.09,-0.58%,0
"2023-08-10 14:48",15.31,15.37,15.31,15.37,-0.1,-0.65%,0
"2023-08-10 14:49",15.3,15.36,15.3,15.34,-0.03,-0.20%,0
"2023-08-10 14:50",15.33,15.33,15.18,15.18,-0.16,-1.04%,0
"2023-08-10 14:51",15.19,15.19,15.1,15.1,-0.08,-0.53%,0
"2023-08-10 14:52",15.07,15.07,14.89,14.89,-0.21,-1.39%,0
"2023-08-10 14:53",14.86,14.86,14.73,14.73,-0.16,-1.07%,0
"2023-08-10 14:54",14.77,14.77,14.73,14.74,0.01,+0.07%,0
"2023-08-10 14:55",14.72,14.76,14.7,14.7,-0.04,-0.27%,0
"2023-08-10 14:56",14.72,14.72,14.63,14.63,-0.07,-0.48%,0
"2023-08-10 14:57",14.59,14.6,14.52,14.52,-0.11,-0.75%,0
"2023-08-10 14:58",14.51,14.53,14.49,14.49,-0.03,-0.21%,0
"2023-08-10 14:59",14.47,14.51,14.47,14.49,0,0.00%,0
"2023-08-10 15:00",14.46,14.63,14.46,14.63,0.14,+0.97%,0
"2023-08-10 15:01",14.61,15.01,14.61,15.01,0.38,+2.60%,0
"2023-08-10 15:02",14.99,15.11,14.99,15.1,0.09,+0.60%,0
"2023-08-10 15:03",14.94,14.94,14.87,14.87,-0.23,-1.52%,0
"2023-08-10 15:04",14.85,14.9,14.85,14.87,0,0.00%,0
"2023-08-10 15:05",14.85,14.87,14.81,14.87,0,0.00%,0
"2023-08-10 15:06",14.91,14.91,14.88,14.89,0.02,+0.13%,0
"2023-08-10 15:07",14.92,14.99,14.92,14.99,0.1,+0.67%,0
"2023-08-10 15:08",14.95,14.95,14.88,14.88,-0.11,-0.73%,0
"2023-08-10 15:09",14.87,14.9,14.87,14.89,0.01,+0.07%,0
"2023-08-10 15:10",14.85,14.85,14.72,14.72,-0.17,-1.14%,0
"2023-08-10 15:11",14.75,14.75,14.71,14.74,0.02,+0.14%,0
"2023-08-10 15:12",14.71,14.71,14.69,14.71,-0.03,-0.20%,0
"2023-08-10 15:13",14.72,14.75,14.72,14.74,0.03,+0.20%,0
"2023-08-10 15:14",14.74,14.82,14.63,14.63,-0.11,-0.75%,0
"2023-08-10 15:15",14.62,14.67,14.54,14.54,-0.09,-0.62%,0
"2023-08-10 15:16",14.47,14.47,14.42,14.42,-0.12,-0.83%,0
"2023-08-10 15:17",14.43,14.47,14.38,14.38,-0.04,-0.28%,0
"2023-08-10 15:18",14.34,14.39,14.32,14.32,-0.06,-0.42%,0
"2023-08-10 15:19",14.32,14.34,14.31,14.32,0,0.00%,0
"2023-08-10 15:20",14.32,14.45,14.28,14.45,0.13,+0.91%,0
"2023-08-10 15:21",14.55,14.55,14.44,14.44,-0.01,-0.07%,0
"2023-08-10 15:22",14.38,14.45,14.38,14.45,0.01,+0.07%,0
"2023-08-10 15:23",14.44,14.65,14.44,14.65,0.2,+1.38%,0
"2023-08-10 15:24",14.61,14.73,14.61,14.68,0.03,+0.20%,0
"2023-08-10 15:25",14.69,14.92,14.69,14.92,0.24,+1.63%,0
"2023-08-10 15:26",14.88,14.88,14.84,14.87,-0.05,-0.34%,0
"2023-08-10 15:27",14.86,14.92,14.86,14.86,-0.01,-0.07%,0
"2023-08-10 15:28",14.83,15.06,14.83,15.06,0.2,+1.35%,0
"2023-08-10 15:29",15.11,15.14,15.1,15.1,0.04,+0.27%,0
"2023-08-10 15:30",14.94,15.16,14.94,15.16,0.06,+0.40%,0
"2023-08-10 15:31",15.14,15.14,15.13,15.13,-0.03,-0.20%,0
"2023-08-10 15:32",15.17,15.27,15.17,15.24,0.11,+0.73%,0
"2023-08-10 15:33",15.24,15.27,15.22,15.27,0.03,+0.20%,0
"2023-08-10 15:34",15.3,15.48,15.3,15.45,0.18,+1.18%,0
"2023-08-10 15:35",15.44,15.48,15.37,15.37,-0.08,-0.52%,0
"2023-08-10 15:36",15.38,15.38,15.26,15.3,-0.07,-0.46%,0
"2023-08-10 15:37",15.35,15.61,15.35,15.61,0.31,+2.03%,0
"2023-08-10 15:38",15.56,15.56,15.41,15.43,-0.18,-1.15%,0
"2023-08-10 15:39",15.42,15.43,15.34,15.42,-0.01,-0.06%,0
"2023-08-10 15:40",15.49,15.66,15.49,15.66,0.24,+1.56%,0
"2023-08-10 15:41",15.65,15.65,15.63,15.63,-0.03,-0.19%,0
"2023-08-10 15:42",15.52,15.71,15.52,15.71,0.08,+0.51%,0
"2023-08-10 15:43",15.77,15.87,15.74,15.74,0.03,+0.19%,0
"2023-08-10 15:44",15.74,15.74,15.68,15.7,-0.04,-0.25%,0
"2023-08-10 15:45",15.72,15.77,15.72,15.77,0.07,+0.45%,0
"2023-08-10 15:46",15.74,15.79,15.63,15.63,-0.14,-0.89%,0
"2023-08-10 15:47",15.58,15.58,15.3,15.3,-0.33,-2.11%,0
"2023-08-10 15:48",15.28,15.28,15.21,15.26,-0.04,-0.26%,0
"2023-08-10 15:49",15.28,15.3,15.28,15.28,0.02,+0.13%,0
"2023-08-10 15:50",15.26,15.37,15.26,15.36,0.08,+0.52%,0
"2023-08-10 15:51",15.3,15.3,15.29,15.29,-0.07,-0.46%,0
"2023-08-10 15:52",15.27,15.27,15.17,15.17,-0.12,-0.78%,0
"2023-08-10 15:53",15.12,15.12,15.04,15.04,-0.13,-0.86%,0
"2023-08-10 15:54",15.12,15.12,14.91,14.91,-0.13,-0.86%,0
"2023-08-10 15:55",14.92,15,14.89,14.89,-0.02,-0.13%,0
"2023-08-10 15:56",14.88,14.88,14.78,14.8,-0.09,-0.60%,0
"2023-08-10 15:57",14.82,14.9,14.82,14.84,0.04,+0.27%,0
"2023-08-10 15:58",14.83,14.87,14.83,14.85,0.01,+0.07%,0
"2023-08-10 15:59",14.89,14.94,14.89,14.91,0.06,+0.40%,0
"2023-08-10 16:00",15.03,15.03,14.93,14.99,0.08,+0.54%,0
"2023-08-10 16:01",15.03,15.09,15.03,15.05,0.06,+0.40%,0
"2023-08-10 16:02",15.03,15.09,14.99,15.09,0.04,+0.27%,0
"2023-08-10 16:03",15.08,15.28,15.08,15.28,0.19,+1.26%,0
"2023-08-10 16:04",15.31,15.32,15.29,15.29,0.01,+0.07%,0
"2023-08-10 16:05",15.28,15.28,15.28,15.28,-0.01,-0.07%,0
"2023-08-10 16:06",15.27,15.29,15.27,15.29,0.01,+0.07%,0
"2023-08-10 16:07",15.28,15.36,15.28,15.36,0.07,+0.46%,0
"2023-08-10 16:08",15.34,15.4,15.34,15.35,-0.01,-0.07%,0
"2023-08-10 16:09",15.37,15.39,15.37,15.39,0.04,+0.26%,0
"2023-08-10 16:10",15.39,15.39,15.38,15.39,0,0.00%,0
"2023-08-10 16:11",15.37,15.39,15.37,15.38,-0.01,-0.06%,0
"2023-08-10 16:12",15.38,15.38,15.34,15.34,-0.04,-0.26%,0
"2023-08-10 16:13",15.33,15.36,15.33,15.33,-0.01,-0.07%,0
"2023-08-10 16:14",15.29,15.3,15.27,15.27,-0.06,-0.39%,0
"2023-08-10 16:15",15.26,15.26,15.26,15.26,-0.01,-0.07%,0
"2023-08-11 09:31",12.18,12.33,12.18,12.33,-2.93,-19.20%,0
"2023-08-11 09:32",12.47,12.49,12.33,12.33,0,0.00%,0
"2023-08-11 09:33",12.16,12.16,12.03,12.06,-0.27,-2.19%,0
"2023-08-11 09:34",12.06,12.06,11.79,11.79,-0.27,-2.24%,0
"2023-08-11 09:35",11.83,11.83,11.68,11.68,-0.11,-0.93%,0
"2023-08-11 09:36",11.72,11.74,11.66,11.73,0.05,+0.43%,0
"2023-08-11 09:37",11.75,11.83,11.75,11.82,0.09,+0.77%,0
"2023-08-11 09:38",11.83,11.88,11.81,11.88,0.06,+0.51%,0
"2023-08-11 09:39",11.91,11.97,11.91,11.94,0.06,+0.51%,0
"2023-08-11 09:40",11.96,12.27,11.96,12.27,0.33,+2.76%,0
"2023-08-11 09:41",12.37,12.43,12.24,12.24,-0.03,-0.24%,0
"2023-08-11 09:42",12.15,12.44,12.15,12.44,0.2,+1.63%,0
"2023-08-11 09:43",12.46,12.48,12.43,12.43,-0.01,-0.08%,0
"2023-08-11 09:44",12.34,12.34,12.01,12.01,-0.42,-3.38%,0
"2023-08-11 09:45",12.12,12.45,12.12,12.43,0.42,+3.50%,0
"2023-08-11 09:46",12.33,12.41,12.31,12.34,-0.09,-0.72%,0
"2023-08-11 09:47",12.4,12.4,12.29,12.3,-0.04,-0.32%,0
"2023-08-11 09:48",12.2,12.34,12.2,12.33,0.03,+0.24%,0
"2023-08-11 09:49",12.28,12.32,12.28,12.32,-0.01,-0.08%,0
"2023-08-11 09:50",12.32,12.32,12.3,12.32,0,0.00%,0
"2023-08-11 09:51",12.34,12.37,12.34,12.37,0.05,+0.41%,0
"2023-08-11 09:52",12.34,12.41,12.33,12.33,-0.04,-0.32%,0
"2023-08-11 09:53",12.33,12.33,12.23,12.23,-0.1,-0.81%,0
"2023-08-11 09:54",12.18,12.28,12.18,12.27,0.04,+0.33%,0
"2023-08-11 09:55",12.25,12.27,12.22,12.22,-0.05,-0.41%,0
"2023-08-11 09:56",12.22,12.22,12.13,12.13,-0.09,-0.74%,0
"2023-08-11 09:57",12.13,12.13,12.05,12.05,-0.08,-0.66%,0
"2023-08-11 09:58",12.09,12.15,12.09,12.15,0.1,+0.83%,0
"2023-08-11 09:59",12.12,12.12,12.09,12.09,-0.06,-0.49%,0
"2023-08-11 10:00",12.12,12.12,11.59,11.59,-0.5,-4.14%,0
"2023-08-11 10:01",11.68,11.86,11.68,11.78,0.19,+1.64%,0
"2023-08-11 10:02",11.72,11.76,11.72,11.76,-0.02,-0.17%,0
"2023-08-11 10:03",11.61,11.82,11.6,11.81,0.05,+0.43%,0
"2023-08-11 10:04",11.84,11.92,11.82,11.82,0.01,+0.08%,0
"2023-08-11 10:05",11.89,11.96,11.87,11.91,0.09,+0.76%,0
"2023-08-11 10:06",11.92,12.03,11.92,12.01,0.1,+0.84%,0
"2023-08-11 10:07",12.02,12.13,12.02,12.08,0.07,+0.58%,0
"2023-08-11 10:08",12.06,12.12,12.06,12.12,0.04,+0.33%,0
"2023-08-11 10:09",12.13,12.26,12.08,12.09,-0.03,-0.25%,0
"2023-08-11 10:10",12.06,12.13,12.06,12.13,0.04,+0.33%,0
"2023-08-11 10:11",12.24,12.31,12.21,12.21,0.08,+0.66%,0
"2023-08-11 10:12",12.24,12.26,12.19,12.23,0.02,+0.16%,0
"2023-08-11 10:13",12.12,12.12,12,12,-0.23,-1.88%,0
"2023-08-11 10:14",11.98,12.03,11.93,11.93,-0.07,-0.58%,0
"2023-08-11 10:15",11.95,11.95,11.9,11.9,-0.03,-0.25%,0
"2023-08-11 10:16",11.93,11.96,11.93,11.93,0.03,+0.25%,0
"2023-08-11 10:17",11.87,11.91,11.87,11.89,-0.04,-0.34%,0
"2023-08-11 10:18",11.91,11.93,11.86,11.9,0.01,+0.08%,0
"2023-08-11 10:19",11.92,11.97,11.92,11.96,0.06,+0.50%,0
"2023-08-11 10:20",11.84,11.94,11.82,11.94,-0.02,-0.17%,0
"2023-08-11 10:21",11.86,11.91,11.84,11.91,-0.03,-0.25%,0
"2023-08-11 10:22",11.9,12.03,11.9,11.93,0.02,+0.17%,0
"2023-08-11 10:23",11.94,11.94,11.9,11.91,-0.02,-0.17%,0
"2023-08-11 10:24",11.93,11.97,11.92,11.97,0.06,+0.50%,0
"2023-08-11 10:25",12.03,12.08,12.03,12.08,0.11,+0.92%,0
"2023-08-11 10:26",12.05,12.16,12.05,12.12,0.04,+0.33%,0
"2023-08-11 10:27",12.09,12.12,12.09,12.12,0,0.00%,0
"2023-08-11 10:28",12.05,12.12,12.05,12.08,-0.04,-0.33%,0
"2023-08-11 10:29",12.06,12.11,12.06,12.11,0.03,+0.25%,0
"2023-08-11 10:30",12.09,12.1,12.09,12.1,-0.01,-0.08%,0
"2023-08-11 10:31",12.1,12.18,12.08,12.18,0.08,+0.66%,0
"2023-08-11 10:32",12.21,12.21,12.14,12.14,-0.04,-0.33%,0
"2023-08-11 10:33",12.11,12.16,12.1,12.1,-0.04,-0.33%,0
"2023-08-11 10:34",12.15,12.18,12.15,12.18,0.08,+0.66%,0
"2023-08-11 10:35",12.17,12.33,12.17,12.32,0.14,+1.15%,0
"2023-08-11 10:36",12.24,12.27,12.2,12.2,-0.12,-0.97%,0
"2023-08-11 10:37",12.26,12.27,12.24,12.24,0.04,+0.33%,0
"2023-08-11 10:38",12.17,12.17,12.11,12.11,-0.13,-1.06%,0
"2023-08-11 10:39",12.16,12.16,12.1,12.11,0,0.00%,0
"2023-08-11 10:40",12.14,12.17,12.11,12.11,0,0.00%,0
"2023-08-11 10:41",12.13,12.2,12.13,12.2,0.09,+0.74%,0
"2023-08-11 10:42",12.19,12.32,12.19,12.26,0.06,+0.49%,0
"2023-08-11 10:43",12.27,12.31,12.27,12.28,0.02,+0.16%,0
"2023-08-11 10:44",12.32,12.33,12.3,12.3,0.02,+0.16%,0
"2023-08-11 10:45",12.29,12.31,12.29,12.31,0.01,+0.08%,0
"2023-08-11 10:46",12.35,12.4,12.34,12.4,0.09,+0.73%,0
"2023-08-11 10:47",12.4,12.4,12.35,12.36,-0.04,-0.32%,0
"2023-08-11 10:48",12.34,12.43,12.34,12.42,0.06,+0.49%,0
"2023-08-11 10:49",12.49,12.49,12.45,12.46,0.04,+0.32%,0
"2023-08-11 10:50",12.42,12.49,12.42,12.49,0.03,+0.24%,0
"2023-08-11 10:51",12.6,12.75,12.55,12.55,0.06,+0.48%,0
"2023-08-11 10:52",12.52,12.76,12.52,12.76,0.21,+1.67%,0
"2023-08-11 10:53",12.71,12.72,12.67,12.72,-0.04,-0.31%,0
"2023-08-11 10:54",12.71,12.76,12.71,12.76,0.04,+0.31%,0
"2023-08-11 10:55",12.72,12.72,12.47,12.47,-0.29,-2.27%,0
"2023-08-11 10:56",12.47,12.61,12.47,12.61,0.14,+1.12%,0
"2023-08-11 10:57",12.6,12.6,12.59,12.59,-0.02,-0.16%,0
"2023-08-11 10:58",12.58,12.58,12.56,12.58,-0.01,-0.08%,0
"2023-08-11 10:59",12.62,12.75,12.62,12.75,0.17,+1.35%,0
"2023-08-11 11:00",12.71,12.71,12.61,12.61,-0.14,-1.10%,0
"2023-08-11 11:01",12.58,12.72,12.58,12.72,0.11,+0.87%,0
"2023-08-11 11:02",12.69,12.72,12.66,12.72,0,0.00%,0
"2023-08-11 11:03",12.67,12.73,12.67,12.69,-0.03,-0.24%,0
"2023-08-11 11:04",12.67,12.67,12.64,12.64,-0.05,-0.39%,0
"2023-08-11 11:05",12.63,12.68,12.63,12.64,0,0.00%,0
"2023-08-11 11:06",12.69,12.75,12.69,12.75,0.11,+0.87%,0
"2023-08-11 11:07",12.81,12.84,12.81,12.84,0.09,+0.71%,0
"2023-08-11 11:08",12.94,12.94,12.79,12.79,-0.05,-0.39%,0
"2023-08-11 11:09",12.81,12.88,12.81,12.86,0.07,+0.55%,0
"2023-08-11 11:10",12.86,12.89,12.86,12.89,0.03,+0.23%,0
"2023-08-11 11:11",13.01,13.18,13.01,13.11,0.22,+1.71%,0
"2023-08-11 11:12",12.96,12.96,12.86,12.86,-0.25,-1.91%,0
"2023-08-11 11:13",12.87,12.87,12.84,12.84,-0.02,-0.16%,0
"2023-08-11 11:14",12.86,12.97,12.86,12.96,0.12,+0.93%,0
"2023-08-11 11:15",12.97,13.06,12.97,13.06,0.1,+0.77%,0
"2023-08-11 11:16",13.11,13.18,13.07,13.07,0.01,+0.08%,0
"2023-08-11 11:17",13.05,13.07,12.92,12.92,-0.15,-1.15%,0
"2023-08-11 11:18",12.98,13.01,12.97,12.98,0.06,+0.46%,0
"2023-08-11 11:19",12.93,12.93,12.84,12.84,-0.14,-1.08%,0
"2023-08-11 11:20",12.83,12.88,12.8,12.8,-0.04,-0.31%,0
"2023-08-11 11:21",12.69,12.69,12.67,12.68,-0.12,-0.94%,0
"2023-08-11 11:22",12.66,12.69,12.66,12.68,0,0.00%,0
"2023-08-11 11:23",12.67,12.89,12.67,12.89,0.21,+1.66%,0
"2023-08-11 11:24",12.95,12.95,12.95,12.95,0.06,+0.47%,0
"2023-08-11 11:25",12.93,13.01,12.93,13.01,0.06,+0.46%,0
"2023-08-11 11:26",12.93,12.95,12.87,12.87,-0.14,-1.08%,0
"2023-08-11 11:27",12.82,12.94,12.82,12.94,0.07,+0.54%,0
"2023-08-11 11:28",12.93,12.93,12.79,12.79,-0.15,-1.16%,0
"2023-08-11 11:29",12.83,12.87,12.82,12.82,0.03,+0.23%,0
"2023-08-11 11:30",12.88,12.88,12.76,12.76,-0.06,-0.47%,0
"2023-08-11 11:31",12.77,12.89,12.77,12.89,0.13,+1.02%,0
"2023-08-11 11:32",12.91,12.93,12.91,12.91,0.02,+0.16%,0
"2023-08-11 11:33",12.93,12.99,12.93,12.99,0.08,+0.62%,0
"2023-08-11 11:34",12.99,13.03,12.98,13.02,0.03,+0.23%,0
"2023-08-11 11:35",13,13,12.88,12.88,-0.14,-1.08%,0
"2023-08-11 11:36",12.78,12.78,12.67,12.67,-0.21,-1.63%,0
"2023-08-11 11:37",12.63,12.68,12.63,12.67,0,0.00%,0
"2023-08-11 11:38",12.65,12.68,12.65,12.67,0,0.00%,0
"2023-08-11 11:39",12.63,12.71,12.63,12.7,0.03,+0.24%,0
"2023-08-11 11:40",12.72,12.82,12.72,12.81,0.11,+0.87%,0
"2023-08-11 11:41",12.82,12.84,12.81,12.82,0.01,+0.08%,0
"2023-08-11 11:42",12.73,12.82,12.73,12.82,0,0.00%,0
"2023-08-11 11:43",12.83,12.86,12.77,12.77,-0.05,-0.39%,0
"2023-08-11 11:44",12.77,12.81,12.71,12.71,-0.06,-0.47%,0
"2023-08-11 11:45",12.66,12.66,12.65,12.65,-0.06,-0.47%,0
"2023-08-11 11:46",12.7,12.77,12.7,12.77,0.12,+0.95%,0
"2023-08-11 11:47",12.77,12.8,12.76,12.77,0,0.00%,0
"2023-08-11 11:48",12.74,12.74,12.7,12.72,-0.05,-0.39%,0
"2023-08-11 11:49",12.75,12.79,12.71,12.71,-0.01,-0.08%,0
"2023-08-11 11:50",12.7,12.8,12.7,12.8,0.09,+0.71%,0
"2023-08-11 11:51",12.8,12.8,12.67,12.67,-0.13,-1.02%,0
"2023-08-11 11:52",12.65,12.75,12.65,12.75,0.08,+0.63%,0
"2023-08-11 11:53",12.77,12.77,12.75,12.75,0,0.00%,0
"2023-08-11 11:54",12.77,12.83,12.77,12.78,0.03,+0.24%,0
"2023-08-11 11:55",12.75,12.78,12.74,12.78,0,0.00%,0
"2023-08-11 11:56",12.76,12.78,12.7,12.7,-0.08,-0.63%,0
"2023-08-11 11:57",12.67,12.67,12.52,12.52,-0.18,-1.42%,0
"2023-08-11 11:58",12.53,12.6,12.53,12.53,0.01,+0.08%,0
"2023-08-11 11:59",12.55,12.55,12.52,12.52,-0.01,-0.08%,0
"2023-08-11 12:00",12.51,12.51,12.45,12.45,-0.07,-0.56%,0
"2023-08-11 12:01",12.49,12.55,12.49,12.53,0.08,+0.64%,0
"2023-08-11 12:02",12.53,12.54,12.5,12.5,-0.03,-0.24%,0
"2023-08-11 12:03",12.52,12.52,12.51,12.52,0.02,+0.16%,0
"2023-08-11 12:04",12.54,12.54,12.53,12.53,0.01,+0.08%,0
"2023-08-11 12:05",12.56,12.58,12.46,12.46,-0.07,-0.56%,0
"2023-08-11 12:06",12.44,12.46,12.4,12.4,-0.06,-0.48%,0
"2023-08-11 12:07",12.39,12.42,12.39,12.42,0.02,+0.16%,0
"2023-08-11 12:08",12.41,12.47,12.41,12.47,0.05,+0.40%,0
"2023-08-11 12:09",12.5,12.54,12.5,12.53,0.06,+0.48%,0
"2023-08-11 12:10",12.49,12.53,12.49,12.53,0,0.00%,0
"2023-08-11 12:11",12.5,12.54,12.5,12.54,0.01,+0.08%,0
"2023-08-11 12:12",12.54,12.56,12.51,12.51,-0.03,-0.24%,0
"2023-08-11 12:13",12.52,12.6,12.52,12.59,0.08,+0.64%,0
"2023-08-11 12:14",12.56,12.56,12.52,12.53,-0.06,-0.48%,0
"2023-08-11 12:15",12.54,12.54,12.48,12.49,-0.04,-0.32%,0
"2023-08-11 12:16",12.46,12.56,12.44,12.56,0.07,+0.56%,0
"2023-08-11 12:17",12.5,12.53,12.5,12.53,-0.03,-0.24%,0
"2023-08-11 12:18",12.54,12.59,12.54,12.59,0.06,+0.48%,0
"2023-08-11 12:19",12.56,12.6,12.56,12.6,0.01,+0.08%,0
"2023-08-11 12:20",12.62,12.62,12.57,12.57,-0.03,-0.24%,0
"2023-08-11 12:21",12.61,12.62,12.59,12.59,0.02,+0.16%,0
"2023-08-11 12:22",12.6,12.63,12.59,12.6,0.01,+0.08%,0
"2023-08-11 12:23",12.6,12.6,12.59,12.6,0,0.00%,0
"2023-08-11 12:24",12.62,12.7,12.62,12.7,0.1,+0.79%,0
"2023-08-11 12:25",12.7,12.78,12.7,12.78,0.08,+0.63%,0
"2023-08-11 12:26",12.89,13.08,12.89,13.08,0.3,+2.35%,0
"2023-08-11 12:27",13.03,13.09,12.95,12.95,-0.13,-0.99%,0
"2023-08-11 12:28",12.94,12.94,12.83,12.83,-0.12,-0.93%,0
"2023-08-11 12:29",12.81,12.84,12.81,12.83,0,0.00%,0
"2023-08-11 12:30",12.83,12.83,12.76,12.79,-0.04,-0.31%,0
"2023-08-11 12:31",12.78,12.83,12.78,12.78,-0.01,-0.08%,0
"2023-08-11 12:32",12.84,12.84,12.81,12.82,0.04,+0.31%,0
"2023-08-11 12:33",12.86,12.88,12.85,12.85,0.03,+0.23%,0
"2023-08-11 12:34",12.83,12.85,12.83,12.83,-0.02,-0.16%,0
"2023-08-11 12:35",12.85,12.98,12.85,12.98,0.15,+1.17%,0
"2023-08-11 12:36",12.98,12.99,12.97,12.97,-0.01,-0.08%,0
"2023-08-11 12:37",13.04,13.07,13.04,13.07,0.1,+0.77%,0
"2023-08-11 12:38",13.05,13.08,13.05,13.07,0,0.00%,0
"2023-08-11 12:39",13.04,13.08,13.04,13.06,-0.01,-0.08%,0
"2023-08-11 12:40",13.08,13.11,13.08,13.11,0.05,+0.38%,0
"2023-08-11 12:41",13.11,13.15,13.11,13.14,0.03,+0.23%,0
"2023-08-11 12:42",13.13,13.15,13.13,13.13,-0.01,-0.08%,0
"2023-08-11 12:43",13.14,13.29,13.14,13.29,0.16,+1.22%,0
"2023-08-11 12:44",13.29,13.32,13.26,13.26,-0.03,-0.23%,0
"2023-08-11 12:45",13.27,13.27,13.23,13.23,-0.03,-0.23%,0
"2023-08-11 12:46",13.25,13.32,13.25,13.25,0.02,+0.15%,0
"2023-08-11 12:47",13.23,13.31,13.23,13.31,0.06,+0.45%,0
"2023-08-11 12:48",13.33,13.35,13.32,13.32,0.01,+0.08%,0
"2023-08-11 12:49",13.32,13.34,13.28,13.28,-0.04,-0.30%,0
"2023-08-11 12:50",13.27,13.34,13.27,13.33,0.05,+0.38%,0
"2023-08-11 12:51",13.31,13.31,13.25,13.25,-0.08,-0.60%,0
"2023-08-11 12:52",13.22,13.3,13.22,13.3,0.05,+0.38%,0
"2023-08-11 12:53",13.3,13.3,13.28,13.3,0,0.00%,0
"2023-08-11 12:54",13.28,13.33,13.28,13.33,0.03,+0.23%,0
"2023-08-11 12:55",13.32,13.35,13.32,13.35,0.02,+0.15%,0
"2023-08-11 12:56",13.33,13.39,13.33,13.37,0.02,+0.15%,0
"2023-08-11 12:57",13.36,13.38,13.36,13.37,0,0.00%,0
"2023-08-11 12:58",13.37,13.45,13.37,13.44,0.07,+0.52%,0
"2023-08-11 12:59",13.44,13.44,13.4,13.4,-0.04,-0.30%,0
"2023-08-11 13:00",13.41,13.42,13.37,13.37,-0.03,-0.22%,0
"2023-08-11 13:01",13.36,13.36,13.31,13.31,-0.06,-0.45%,0
"2023-08-11 13:02",13.31,13.34,13.31,13.33,0.02,+0.15%,0
"2023-08-11 13:03",13.31,13.35,13.3,13.3,-0.03,-0.23%,0
"2023-08-11 13:04",13.28,13.28,13.26,13.27,-0.03,-0.23%,0
"2023-08-11 13:05",13.28,13.4,13.28,13.4,0.13,+0.98%,0
"2023-08-11 13:06",13.5,13.54,13.47,13.47,0.07,+0.52%,0
"2023-08-11 13:07",13.49,13.53,13.49,13.52,0.05,+0.37%,0
"2023-08-11 13:08",13.56,13.6,13.56,13.6,0.08,+0.59%,0
"2023-08-11 13:09",13.58,13.59,13.55,13.55,-0.05,-0.37%,0
"2023-08-11 13:10",13.55,13.58,13.55,13.57,0.02,+0.15%,0
"2023-08-11 13:11",13.54,13.59,13.54,13.55,-0.02,-0.15%,0
"2023-08-11 13:12",13.52,13.55,13.52,13.55,0,0.00%,0
"2023-08-11 13:13",13.57,13.59,13.57,13.59,0.04,+0.30%,0
"2023-08-11 13:14",13.56,13.59,13.56,13.59,0,0.00%,0
"2023-08-11 13:15",13.58,13.62,13.58,13.62,0.03,+0.22%,0
"2023-08-11 13:16",13.62,13.62,13.58,13.58,-0.04,-0.29%,0
"2023-08-11 13:17",13.57,13.58,13.52,13.55,-0.03,-0.22%,0
"2023-08-11 13:18",13.6,13.6,13.57,13.58,0.03,+0.22%,0
"2023-08-11 13:19",13.57,13.58,13.57,13.58,0,0.00%,0
"2023-08-11 13:20",13.58,13.58,13.51,13.51,-0.07,-0.52%,0
"2023-08-11 13:21",13.52,13.52,13.52,13.52,0.01,+0.07%,0
"2023-08-11 13:22",13.5,13.57,13.5,13.57,0.05,+0.37%,0
"2023-08-11 13:23",13.55,13.55,13.5,13.51,-0.06,-0.44%,0
"2023-08-11 13:24",13.5,13.55,13.5,13.55,0.04,+0.30%,0
"2023-08-11 13:25",13.55,13.55,13.53,13.53,-0.02,-0.15%,0
"2023-08-11 13:26",13.51,13.51,13.42,13.42,-0.11,-0.81%,0
"2023-08-11 13:27",13.38,13.41,13.36,13.38,-0.04,-0.30%,0
"2023-08-11 13:28",13.41,13.41,13.39,13.39,0.01,+0.07%,0
"2023-08-11 13:29",13.4,13.45,13.4,13.45,0.06,+0.45%,0
"2023-08-11 13:30",13.43,13.43,13.4,13.4,-0.05,-0.37%,0
"2023-08-11 13:31",13.4,13.43,13.4,13.41,0.01,+0.07%,0
"2023-08-11 13:32",13.43,13.48,13.43,13.45,0.04,+0.30%,0
"2023-08-11 13:33",13.45,13.46,13.44,13.44,-0.01,-0.07%,0
"2023-08-11 13:34",13.46,13.51,13.46,13.51,0.07,+0.52%,0
"2023-08-11 13:35",13.53,13.53,13.48,13.52,0.01,+0.07%,0
"2023-08-11 13:36",13.51,13.54,13.51,13.53,0.01,+0.07%,0
"2023-08-11 13:37",13.54,13.61,13.53,13.61,0.08,+0.59%,0
"2023-08-11 13:38",13.61,13.65,13.61,13.65,0.04,+0.29%,0
"2023-08-11 13:39",13.67,13.67,13.61,13.63,-0.02,-0.15%,0
"2023-08-11 13:40",13.62,13.63,13.6,13.63,0,0.00%,0
"2023-08-11 13:41",13.61,13.73,13.61,13.73,0.1,+0.73%,0
"2023-08-11 13:42",13.77,13.86,13.77,13.86,0.13,+0.95%,0
"2023-08-11 13:43",13.9,13.94,13.86,13.86,0,0.00%,0
"2023-08-11 13:44",13.86,13.94,13.86,13.91,0.05,+0.36%,0
"2023-08-11 13:45",13.85,13.87,13.84,13.87,-0.04,-0.29%,0
"2023-08-11 13:46",13.87,13.87,13.84,13.84,-0.03,-0.22%,0
"2023-08-11 13:47",13.86,13.89,13.86,13.89,0.05,+0.36%,0
"2023-08-11 13:48",13.99,14.08,13.99,14.06,0.17,+1.22%,0
"2023-08-11 13:49",14.05,14.06,13.96,13.96,-0.1,-0.71%,0
"2023-08-11 13:50",13.93,13.98,13.93,13.97,0.01,+0.07%,0
"2023-08-11 13:51",13.97,14.03,13.96,14.03,0.06,+0.43%,0
"2023-08-11 13:52",14.02,14.07,14.02,14.05,0.02,+0.14%,0
"2023-08-11 13:53",14.05,14.09,14.05,14.08,0.03,+0.21%,0
"2023-08-11 13:54",14.05,14.05,14,14,-0.08,-0.57%,0
"2023-08-11 13:55",14,14.07,14,14.07,0.07,+0.50%,0
"2023-08-11 13:56",14.07,14.15,14.07,14.13,0.06,+0.43%,0
"2023-08-11 13:57",14.11,14.14,14.11,14.14,0.01,+0.07%,0
"2023-08-11 13:58",14.12,14.13,14.1,14.1,-0.04,-0.28%,0
"2023-08-11 13:59",14.07,14.07,13.9,13.9,-0.2,-1.42%,0
"2023-08-11 14:00",13.92,13.96,13.92,13.93,0.03,+0.22%,0
"2023-08-11 14:01",13.89,13.89,13.85,13.86,-0.07,-0.50%,0
"2023-08-11 14:02",13.89,13.89,13.86,13.88,0.02,+0.14%,0
"2023-08-11 14:03",13.86,13.91,13.86,13.89,0.01,+0.07%,0
"2023-08-11 14:04",13.88,13.95,13.88,13.91,0.02,+0.14%,0
"2023-08-11 14:05",13.9,13.9,13.85,13.85,-0.06,-0.43%,0
"2023-08-11 14:06",13.82,13.85,13.8,13.85,0,0.00%,0
"2023-08-11 14:07",13.86,13.94,13.86,13.94,0.09,+0.65%,0
"2023-08-11 14:08",13.92,13.94,13.92,13.93,-0.01,-0.07%,0
"2023-08-11 14:09",13.91,13.94,13.91,13.92,-0.01,-0.07%,0
"2023-08-11 14:10",13.95,13.95,13.94,13.94,0.02,+0.14%,0
"2023-08-11 14:11",13.93,14,13.93,14,0.06,+0.43%,0
"2023-08-11 14:12",13.98,13.99,13.92,13.92,-0.08,-0.57%,0
"2023-08-11 14:13",13.93,13.93,13.88,13.91,-0.01,-0.07%,0
"2023-08-11 14:14",13.91,13.94,13.9,13.94,0.03,+0.22%,0
"2023-08-11 14:15",13.92,13.92,13.86,13.86,-0.08,-0.57%,0
"2023-08-11 14:16",13.88,13.91,13.88,13.89,0.03,+0.22%,0
"2023-08-11 14:17",13.86,13.88,13.86,13.86,-0.03,-0.22%,0
"2023-08-11 14:18",13.86,13.86,13.8,13.8,-0.06,-0.43%,0
"2023-08-11 14:19",13.73,13.78,13.73,13.74,-0.06,-0.43%,0
"2023-08-11 14:20",13.73,13.75,13.73,13.73,-0.01,-0.07%,0
"2023-08-11 14:21",13.76,13.86,13.76,13.86,0.13,+0.95%,0
"2023-08-11 14:22",13.83,13.83,13.73,13.73,-0.13,-0.94%,0
"2023-08-11 14:23",13.63,13.68,13.63,13.66,-0.07,-0.51%,0
"2023-08-11 14:24",13.65,13.65,13.63,13.64,-0.02,-0.15%,0
"2023-08-11 14:25",13.61,13.61,13.56,13.58,-0.06,-0.44%,0
"2023-08-11 14:26",13.58,13.65,13.58,13.65,0.07,+0.52%,0
"2023-08-11 14:27",13.63,13.63,13.6,13.62,-0.03,-0.22%,0
"2023-08-11 14:28",13.64,13.66,13.64,13.66,0.04,+0.29%,0
"2023-08-11 14:29",13.64,13.66,13.64,13.66,0,0.00%,0
"2023-08-11 14:30",13.67,13.67,13.64,13.64,-0.02,-0.15%,0
"2023-08-11 14:31",13.64,13.69,13.64,13.69,0.05,+0.37%,0
"2023-08-11 14:32",13.68,13.7,13.66,13.69,0,0.00%,0
"2023-08-11 14:33",13.68,13.71,13.67,13.67,-0.02,-0.15%,0
"2023-08-11 14:34",13.7,13.76,13.7,13.75,0.08,+0.59%,0
"2023-08-11 14:35",13.76,13.89,13.76,13.89,0.14,+1.02%,0
"2023-08-11 14:36",13.91,13.91,13.84,13.84,-0.05,-0.36%,0
"2023-08-11 14:37",13.8,13.81,13.75,13.77,-0.07,-0.51%,0
"2023-08-11 14:38",13.77,13.77,13.72,13.72,-0.05,-0.36%,0
"2023-08-11 14:39",13.72,13.75,13.71,13.72,0,0.00%,0
"2023-08-11 14:40",13.72,13.76,13.72,13.76,0.04,+0.29%,0
"2023-08-11 14:41",13.77,13.8,13.77,13.8,0.04,+0.29%,0
"2023-08-11 14:42",13.77,13.82,13.77,13.8,0,0.00%,0
"2023-08-11 14:43",13.8,13.91,13.8,13.9,0.1,+0.72%,0
"2023-08-11 14:44",13.9,13.93,13.87,13.88,-0.02,-0.14%,0
"2023-08-11 14:45",13.89,13.92,13.86,13.86,-0.02,-0.14%,0
"2023-08-11 14:46",13.88,13.92,13.88,13.91,0.05,+0.36%,0
"2023-08-11 14:47",13.91,13.93,13.9,13.93,0.02,+0.14%,0
"2023-08-11 14:48",13.93,13.94,13.89,13.91,-0.02,-0.14%,0
"2023-08-11 14:49",13.9,13.94,13.88,13.88,-0.03,-0.22%,0
"2023-08-11 14:50",13.9,13.92,13.89,13.91,0.03,+0.22%,0
"2023-08-11 14:51",13.92,13.95,13.9,13.9,-0.01,-0.07%,0
"2023-08-11 14:52",13.9,13.9,13.83,13.83,-0.07,-0.50%,0
"2023-08-11 14:53",13.8,13.84,13.79,13.79,-0.04,-0.29%,0
"2023-08-11 14:54",13.8,13.82,13.8,13.82,0.03,+0.22%,0
"2023-08-11 14:55",13.8,13.8,13.75,13.75,-0.07,-0.51%,0
"2023-08-11 14:56",13.75,13.8,13.75,13.8,0.05,+0.36%,0
"2023-08-11 14:57",13.78,13.8,13.78,13.8,0,0.00%,0
"2023-08-11 14:58",13.79,13.83,13.79,13.82,0.02,+0.14%,0
"2023-08-11 14:59",13.8,13.83,13.75,13.75,-0.07,-0.51%,0
"2023-08-11 15:00",13.74,13.82,13.74,13.82,0.07,+0.51%,0
"2023-08-11 15:01",13.82,14,13.82,14,0.18,+1.30%,0
"2023-08-11 15:02",13.93,14.03,13.93,14.03,0.03,+0.21%,0
"2023-08-11 15:03",13.98,13.98,13.85,13.85,-0.18,-1.28%,0
"2023-08-11 15:04",13.86,13.88,13.84,13.88,0.03,+0.22%,0
"2023-08-11 15:05",13.89,13.9,13.88,13.88,0,0.00%,0
"2023-08-11 15:06",13.93,13.97,13.92,13.92,0.04,+0.29%,0
"2023-08-11 15:07",13.92,13.96,13.92,13.92,0,0.00%,0
"2023-08-11 15:08",13.94,13.96,13.93,13.93,0.01,+0.07%,0
"2023-08-11 15:09",13.93,14.11,13.93,14.11,0.18,+1.29%,0
"2023-08-11 15:10",14.16,14.19,14.13,14.13,0.02,+0.14%,0
"2023-08-11 15:11",14.11,14.11,14.07,14.07,-0.06,-0.42%,0
"2023-08-11 15:12",14.05,14.07,14.05,14.06,-0.01,-0.07%,0
"2023-08-11 15:13",13.92,13.93,13.8,13.81,-0.25,-1.78%,0
"2023-08-11 15:14",13.78,13.78,13.72,13.73,-0.08,-0.58%,0
"2023-08-11 15:15",13.62,13.68,13.62,13.64,-0.09,-0.66%,0
"2023-08-11 15:16",13.63,13.63,13.58,13.58,-0.06,-0.44%,0
"2023-08-11 15:17",13.57,13.57,13.55,13.56,-0.02,-0.15%,0
"2023-08-11 15:18",13.56,13.57,13.44,13.44,-0.12,-0.88%,0
"2023-08-11 15:19",13.36,13.36,13.32,13.32,-0.12,-0.89%,0
"2023-08-11 15:20",13.37,13.42,13.36,13.41,0.09,+0.68%,0
"2023-08-11 15:21",13.38,13.43,13.38,13.38,-0.03,-0.22%,0
"2023-08-11 15:22",13.37,13.41,13.37,13.41,0.03,+0.22%,0
"2023-08-11 15:23",13.38,13.39,13.37,13.37,-0.04,-0.30%,0
"2023-08-11 15:24",13.37,13.37,13.32,13.32,-0.05,-0.37%,0
"2023-08-11 15:25",13.33,13.43,13.3,13.3,-0.02,-0.15%,0
"2023-08-11 15:26",13.31,13.32,13.27,13.27,-0.03,-0.23%,0
"2023-08-11 15:27",13.25,13.26,13.25,13.26,-0.01,-0.08%,0
"2023-08-11 15:28",13.25,13.32,13.25,13.29,0.03,+0.23%,0
"2023-08-11 15:29",13.3,13.31,13.3,13.31,0.02,+0.15%,0
"2023-08-11 15:30",13.31,13.31,13.29,13.29,-0.02,-0.15%,0
"2023-08-11 15:31",13.26,13.26,13.21,13.22,-0.07,-0.53%,0
"2023-08-11 15:32",13.22,13.22,13.18,13.18,-0.04,-0.30%,0
"2023-08-11 15:33",13.18,13.21,13.18,13.19,0.01,+0.08%,0
"2023-08-11 15:34",13.23,13.29,13.23,13.29,0.1,+0.76%,0
"2023-08-11 15:35",13.27,13.36,13.27,13.36,0.07,+0.53%,0
"2023-08-11 15:36",13.36,13.4,13.31,13.33,-0.03,-0.22%,0
"2023-08-11 15:37",13.35,13.38,13.35,13.38,0.05,+0.38%,0
"2023-08-11 15:38",13.41,13.47,13.41,13.43,0.05,+0.37%,0
"2023-08-11 15:39",13.41,13.41,13.37,13.37,-0.06,-0.45%,0
"2023-08-11 15:40",13.35,13.49,13.35,13.49,0.12,+0.90%,0
"2023-08-11 15:41",13.46,13.46,13.38,13.38,-0.11,-0.82%,0
"2023-08-11 15:42",13.36,13.36,13.25,13.25,-0.13,-0.97%,0
"2023-08-11 15:43",13.23,13.25,13.21,13.21,-0.04,-0.30%,0
"2023-08-11 15:44",13.21,13.21,13.16,13.2,-0.01,-0.08%,0
"2023-08-11 15:45",13.13,13.21,13.13,13.21,0.01,+0.08%,0
"2023-08-11 15:46",13.25,13.25,13.19,13.25,0.04,+0.30%,0
"2023-08-11 15:47",13.3,13.32,13.24,13.24,-0.01,-0.08%,0
"2023-08-11 15:48",13.23,13.33,13.2,13.33,0.09,+0.68%,0
"2023-08-11 15:49",13.33,13.33,13.3,13.3,-0.03,-0.23%,0
"2023-08-11 15:50",13.38,13.43,13.38,13.43,0.13,+0.98%,0
"2023-08-11 15:51",13.42,13.46,13.39,13.39,-0.04,-0.30%,0
"2023-08-11 15:52",13.37,13.37,13.34,13.35,-0.04,-0.30%,0
"2023-08-11 15:53",13.29,13.31,13.29,13.3,-0.05,-0.37%,0
"2023-08-11 15:54",13.3,13.35,13.3,13.35,0.05,+0.38%,0
"2023-08-11 15:55",13.36,13.41,13.36,13.37,0.02,+0.15%,0
"2023-08-11 15:56",13.42,13.43,13.3,13.31,-0.06,-0.45%,0
"2023-08-11 15:57",13.4,13.43,13.4,13.42,0.11,+0.83%,0
"2023-08-11 15:58",13.45,13.55,13.45,13.55,0.13,+0.97%,0
"2023-08-11 15:59",13.51,13.51,13.44,13.48,-0.07,-0.52%,0
"2023-08-11 16:00",13.39,13.39,13.23,13.25,-0.23,-1.71%,0
"2023-08-11 16:01",13.24,13.26,13.23,13.23,-0.02,-0.15%,0
"2023-08-11 16:02",13.22,13.22,13.13,13.13,-0.1,-0.76%,0
"2023-08-11 16:03",13.15,13.18,13.15,13.15,0.02,+0.15%,0
"2023-08-11 16:04",13.12,13.12,13.11,13.12,-0.03,-0.23%,0
"2023-08-11 16:05",13.12,13.15,13.11,13.11,-0.01,-0.08%,0
"2023-08-11 16:06",13.16,13.16,13.1,13.11,0,0.00%,0
"2023-08-11 16:07",13.15,13.18,13.15,13.16,0.05,+0.38%,0
"2023-08-11 16:08",13.15,13.18,13.15,13.18,0.02,+0.15%,0
"2023-08-11 16:09",13.14,13.15,13.14,13.14,-0.04,-0.30%,0
"2023-08-11 16:10",13.14,13.14,13.09,13.09,-0.05,-0.38%,0
"2023-08-11 16:11",13.07,13.1,13.05,13.05,-0.04,-0.31%,0
"2023-08-11 16:12",13.05,13.05,13.03,13.03,-0.02,-0.15%,0
"2023-08-11 16:13",13.02,13.03,12.95,12.95,-0.08,-0.61%,0
"2023-08-11 16:14",12.97,12.98,12.96,12.98,0.03,+0.23%,0
"2023-08-11 16:15",12.98,12.98,12.98,12.98,0,0.00%,0
"2023-08-14 09:31",10.63,10.63,10.54,10.54,-2.44,-18.80%,0
"2023-08-14 09:32",10.59,10.6,10.49,10.49,-0.05,-0.47%,0
"2023-08-14 09:33",10.41,10.41,10.26,10.26,-0.23,-2.19%,0
"2023-08-14 09:34",10.23,10.25,10.14,10.14,-0.12,-1.17%,0
"2023-08-14 09:35",10.12,10.17,10.12,10.16,0.02,+0.20%,0
"2023-08-14 09:36",10.18,10.19,10.18,10.18,0.02,+0.20%,0
"2023-08-14 09:37",10.2,10.26,10.2,10.26,0.08,+0.79%,0
"2023-08-14 09:38",10.27,10.27,10.16,10.16,-0.1,-0.97%,0
"2023-08-14 09:39",10.18,10.29,10.18,10.23,0.07,+0.69%,0
"2023-08-14 09:40",10.17,10.17,10.06,10.06,-0.17,-1.66%,0
"2023-08-14 09:41",10.03,10.13,10.03,10.11,0.05,+0.50%,0
"2023-08-14 09:42",10.13,10.18,10.08,10.08,-0.03,-0.30%,0
"2023-08-14 09:43",10.03,10.19,10.03,10.19,0.11,+1.09%,0
"2023-08-14 09:44",10.15,10.15,10.1,10.15,-0.04,-0.39%,0
"2023-08-14 09:45",10.16,10.23,10.16,10.16,0.01,+0.10%,0
"2023-08-14 09:46",10.11,10.14,10.1,10.1,-0.06,-0.59%,0
"2023-08-14 09:47",10.13,10.4,10.13,10.4,0.3,+2.97%,0
"2023-08-14 09:48",10.47,10.62,10.39,10.39,-0.01,-0.10%,0
"2023-08-14 09:49",10.4,10.49,10.4,10.43,0.04,+0.38%,0
"2023-08-14 09:50",10.32,10.45,10.32,10.34,-0.09,-0.86%,0
"2023-08-14 09:51",10.28,10.28,10.22,10.26,-0.08,-0.77%,0
"2023-08-14 09:52",10.13,10.14,10.12,10.12,-0.14,-1.36%,0
"2023-08-14 09:53",10.15,10.22,10.15,10.2,0.08,+0.79%,0
"2023-08-14 09:54",10.15,10.15,10.11,10.14,-0.06,-0.59%,0
"2023-08-14 09:55",10.19,10.24,10.19,10.23,0.09,+0.89%,0
"2023-08-14 09:56",10.2,10.25,10.17,10.17,-0.06,-0.59%,0
"2023-08-14 09:57",10.22,10.22,10.2,10.22,0.05,+0.49%,0
"2023-08-14 09:58",10.1,10.13,10.08,10.13,-0.09,-0.88%,0
"2023-08-14 09:59",10.06,10.06,10.01,10.01,-0.12,-1.18%,0
"2023-08-14 10:00",10.01,10.09,10.01,10.09,0.08,+0.80%,0
"2023-08-14 10:01",10.08,10.1,10.05,10.1,0.01,+0.10%,0
"2023-08-14 10:02",10.04,10.04,9.94,10.02,-0.08,-0.79%,0
"2023-08-14 10:03",10.09,10.1,10,10,-0.02,-0.20%,0
"2023-08-14 10:04",9.98,9.99,9.97,9.97,-0.03,-0.30%,0
"2023-08-14 10:05",9.89,9.95,9.89,9.94,-0.03,-0.30%,0
"2023-08-14 10:06",9.92,9.93,9.83,9.83,-0.11,-1.11%,0
"2023-08-14 10:07",9.85,9.93,9.85,9.91,0.08,+0.81%,0
"2023-08-14 10:08",9.91,9.95,9.91,9.93,0.02,+0.20%,0
"2023-08-14 10:09",9.82,9.82,9.79,9.8,-0.13,-1.31%,0
"2023-08-14 10:10",9.81,9.85,9.79,9.79,-0.01,-0.10%,0
"2023-08-14 10:11",9.76,9.76,9.72,9.75,-0.04,-0.41%,0
"2023-08-14 10:12",9.72,9.73,9.65,9.65,-0.1,-1.03%,0
"2023-08-14 10:13",9.65,9.75,9.65,9.75,0.1,+1.04%,0
"2023-08-14 10:14",9.67,9.68,9.67,9.67,-0.08,-0.82%,0
"2023-08-14 10:15",9.63,9.68,9.63,9.63,-0.04,-0.41%,0
"2023-08-14 10:16",9.64,9.68,9.64,9.68,0.05,+0.52%,0
"2023-08-14 10:17",9.64,9.68,9.64,9.67,-0.01,-0.10%,0
"2023-08-14 10:18",9.65,9.69,9.65,9.68,0.01,+0.10%,0
"2023-08-14 10:19",9.66,9.73,9.66,9.73,0.05,+0.52%,0
"2023-08-14 10:20",9.63,9.63,9.57,9.59,-0.14,-1.44%,0
"2023-08-14 10:21",9.65,9.67,9.63,9.63,0.04,+0.42%,0
"2023-08-14 10:22",9.61,9.62,9.58,9.58,-0.05,-0.52%,0
"2023-08-14 10:23",9.59,9.59,9.56,9.56,-0.02,-0.21%,0
"2023-08-14 10:24",9.56,9.58,9.56,9.58,0.02,+0.21%,0
"2023-08-14 10:25",9.63,9.63,9.5,9.5,-0.08,-0.84%,0
"2023-08-14 10:26",9.54,9.68,9.54,9.68,0.18,+1.89%,0
"2023-08-14 10:27",9.61,9.61,9.59,9.6,-0.08,-0.83%,0
"2023-08-14 10:28",9.6,9.67,9.6,9.67,0.07,+0.73%,0
"2023-08-14 10:29",9.69,9.88,9.69,9.78,0.11,+1.14%,0
"2023-08-14 10:30",9.71,9.71,9.67,9.71,-0.07,-0.72%,0
"2023-08-14 10:31",9.63,9.7,9.62,9.7,-0.01,-0.10%,0
"2023-08-14 10:32",9.69,9.72,9.63,9.63,-0.07,-0.72%,0
"2023-08-14 10:33",9.62,9.65,9.61,9.61,-0.02,-0.21%,0
"2023-08-14 10:34",9.58,9.58,9.55,9.57,-0.04,-0.42%,0
"2023-08-14 10:35",9.48,9.56,9.48,9.52,-0.05,-0.52%,0
"2023-08-14 10:36",9.52,9.52,9.51,9.51,-0.01,-0.11%,0
"2023-08-14 10:37",9.5,9.51,9.45,9.45,-0.06,-0.63%,0
"2023-08-14 10:38",9.53,9.65,9.53,9.63,0.18,+1.90%,0
"2023-08-14 10:39",9.57,9.62,9.57,9.62,-0.01,-0.10%,0
"2023-08-14 10:40",9.6,9.61,9.58,9.58,-0.04,-0.42%,0
"2023-08-14 10:41",9.59,9.63,9.59,9.63,0.05,+0.52%,0
"2023-08-14 10:42",9.6,9.61,9.6,9.61,-0.02,-0.21%,0
"2023-08-14 10:43",9.61,9.68,9.58,9.68,0.07,+0.73%,0
"2023-08-14 10:44",9.6,9.62,9.59,9.62,-0.06,-0.62%,0
"2023-08-14 10:45",9.61,9.65,9.61,9.64,0.02,+0.21%,0
"2023-08-14 10:46",9.59,9.6,9.59,9.6,-0.04,-0.41%,0
"2023-08-14 10:47",9.6,9.62,9.6,9.62,0.02,+0.21%,0
"2023-08-14 10:48",9.62,9.62,9.6,9.62,0,0.00%,0
"2023-08-14 10:49",9.6,9.63,9.6,9.61,-0.01,-0.10%,0
"2023-08-14 10:50",9.63,9.72,9.63,9.72,0.11,+1.14%,0
"2023-08-14 10:51",9.73,9.78,9.69,9.69,-0.03,-0.31%,0
"2023-08-14 10:52",9.67,9.72,9.67,9.72,0.03,+0.31%,0
"2023-08-14 10:53",9.71,9.76,9.71,9.73,0.01,+0.10%,0
"2023-08-14 10:54",9.72,9.73,9.64,9.64,-0.09,-0.92%,0
"2023-08-14 10:55",9.66,9.76,9.66,9.76,0.12,+1.24%,0
"2023-08-14 10:56",9.75,9.83,9.75,9.83,0.07,+0.72%,0
"2023-08-14 10:57",9.85,9.87,9.81,9.81,-0.02,-0.20%,0
"2023-08-14 10:58",9.82,9.82,9.8,9.8,-0.01,-0.10%,0
"2023-08-14 10:59",9.79,9.81,9.78,9.78,-0.02,-0.20%,0
"2023-08-14 11:00",9.75,9.79,9.75,9.77,-0.01,-0.10%,0
"2023-08-14 11:01",9.77,9.83,9.77,9.81,0.04,+0.41%,0
"2023-08-14 11:02",9.81,9.83,9.81,9.83,0.02,+0.20%,0
"2023-08-14 11:03",9.83,9.89,9.83,9.88,0.05,+0.51%,0
"2023-08-14 11:04",9.86,9.9,9.86,9.9,0.02,+0.20%,0
"2023-08-14 11:05",9.84,9.91,9.84,9.9,0,0.00%,0
"2023-08-14 11:06",9.92,9.93,9.91,9.91,0.01,+0.10%,0
"2023-08-14 11:07",9.93,9.94,9.89,9.91,0,0.00%,0
"2023-08-14 11:08",9.92,9.92,9.85,9.85,-0.06,-0.61%,0
"2023-08-14 11:09",9.86,9.86,9.85,9.85,0,0.00%,0
"2023-08-14 11:10",9.85,9.88,9.85,9.88,0.03,+0.30%,0
"2023-08-14 11:11",9.91,9.93,9.91,9.92,0.04,+0.40%,0
"2023-08-14 11:12",9.92,9.95,9.92,9.93,0.01,+0.10%,0
"2023-08-14 11:13",9.93,9.99,9.93,9.95,0.02,+0.20%,0
"2023-08-14 11:14",9.93,9.98,9.93,9.98,0.03,+0.30%,0
"2023-08-14 11:15",10,10.03,9.99,9.99,0.01,+0.10%,0
"2023-08-14 11:16",9.96,9.99,9.96,9.98,-0.01,-0.10%,0
"2023-08-14 11:17",10,10.03,10,10.01,0.03,+0.30%,0
"2023-08-14 11:18",10.04,10.08,10.03,10.03,0.02,+0.20%,0
"2023-08-14 11:19",10.03,10.07,10.03,10.05,0.02,+0.20%,0
"2023-08-14 11:20",10.05,10.06,10.05,10.05,0,0.00%,0
"2023-08-14 11:21",10.04,10.06,10.04,10.04,-0.01,-0.10%,0
"2023-08-14 11:22",9.98,10.02,9.98,10.02,-0.02,-0.20%,0
"2023-08-14 11:23",10.01,10.05,10.01,10.01,-0.01,-0.10%,0
"2023-08-14 11:24",10,10.04,10,10.04,0.03,+0.30%,0
"2023-08-14 11:25",10.04,10.1,10.04,10.07,0.03,+0.30%,0
"2023-08-14 11:26",10.09,10.1,10.02,10.02,-0.05,-0.50%,0
"2023-08-14 11:27",10.02,10.05,10.02,10.02,0,0.00%,0
"2023-08-14 11:28",10.04,10.06,10.01,10.01,-0.01,-0.10%,0
"2023-08-14 11:29",9.95,9.97,9.94,9.97,-0.04,-0.40%,0
"2023-08-14 11:30",9.96,9.96,9.93,9.93,-0.04,-0.40%,0
"2023-08-14 11:31",9.94,9.98,9.94,9.98,0.05,+0.50%,0
"2023-08-14 11:32",9.99,9.99,9.96,9.97,-0.01,-0.10%,0
"2023-08-14 11:33",9.97,10.01,9.97,9.97,0,0.00%,0
"2023-08-14 11:34",9.97,10.02,9.97,9.99,0.02,+0.20%,0
"2023-08-14 11:35",9.98,10.05,9.98,10.04,0.05,+0.50%,0
"2023-08-14 11:36",10,10.01,9.98,10.01,-0.03,-0.30%,0
"2023-08-14 11:37",10.03,10.04,9.95,9.95,-0.06,-0.60%,0
"2023-08-14 11:38",9.95,9.99,9.95,9.99,0.04,+0.40%,0
"2023-08-14 11:39",9.98,10.02,9.98,9.98,-0.01,-0.10%,0
"2023-08-14 11:40",10,10.02,10,10.02,0.04,+0.40%,0
"2023-08-14 11:41",9.99,10,9.97,9.97,-0.05,-0.50%,0
"2023-08-14 11:42",9.94,9.94,9.93,9.94,-0.03,-0.30%,0
"2023-08-14 11:43",9.93,9.98,9.93,9.96,0.02,+0.20%,0
"2023-08-14 11:44",9.95,9.99,9.95,9.99,0.03,+0.30%,0
"2023-08-14 11:45",9.98,9.99,9.96,9.96,-0.03,-0.30%,0
"2023-08-14 11:46",9.97,9.97,9.96,9.96,0,0.00%,0
"2023-08-14 11:47",9.92,9.97,9.92,9.95,-0.01,-0.10%,0
"2023-08-14 11:48",9.94,9.95,9.91,9.91,-0.04,-0.40%,0
"2023-08-14 11:49",9.91,9.96,9.91,9.94,0.03,+0.30%,0
"2023-08-14 11:50",9.95,9.98,9.95,9.97,0.03,+0.30%,0
"2023-08-14 11:51",9.94,9.98,9.94,9.97,0,0.00%,0
"2023-08-14 11:52",9.97,9.97,9.93,9.94,-0.03,-0.30%,0
"2023-08-14 11:53",9.94,9.98,9.94,9.98,0.04,+0.40%,0
"2023-08-14 11:54",9.98,9.98,9.94,9.98,0,0.00%,0
"2023-08-14 11:55",9.98,9.99,9.98,9.98,0,0.00%,0
"2023-08-14 11:56",9.97,10.01,9.97,9.99,0.01,+0.10%,0
"2023-08-14 11:57",9.98,10.06,9.98,10.06,0.07,+0.70%,0
"2023-08-14 11:58",10.02,10.02,10.02,10.02,-0.04,-0.40%,0
"2023-08-14 11:59",10.04,10.17,10.04,10.17,0.15,+1.50%,0
"2023-08-14 12:00",10.18,10.18,10.13,10.14,-0.03,-0.29%,0
"2023-08-14 12:01",10.11,10.12,10.08,10.08,-0.06,-0.59%,0
"2023-08-14 12:02",10.1,10.13,10.1,10.13,0.05,+0.50%,0
"2023-08-14 12:03",10.11,10.15,10.11,10.15,0.02,+0.20%,0
"2023-08-14 12:04",10.14,10.16,10.14,10.15,0,0.00%,0
"2023-08-14 12:05",10.16,10.2,10.16,10.2,0.05,+0.49%,0
"2023-08-14 12:06",10.19,10.21,10.19,10.19,-0.01,-0.10%,0
"2023-08-14 12:07",10.15,10.2,10.15,10.19,0,0.00%,0
"2023-08-14 12:08",10.2,10.28,10.2,10.28,0.09,+0.88%,0
"2023-08-14 12:09",10.26,10.33,10.26,10.3,0.02,+0.19%,0
"2023-08-14 12:10",10.32,10.41,10.32,10.41,0.11,+1.07%,0
"2023-08-14 12:11",10.39,10.43,10.39,10.41,0,0.00%,0
"2023-08-14 12:12",10.39,10.43,10.39,10.43,0.02,+0.19%,0
"2023-08-14 12:13",10.43,10.46,10.43,10.44,0.01,+0.10%,0
"2023-08-14 12:14",10.45,10.5,10.45,10.48,0.04,+0.38%,0
"2023-08-14 12:15",10.47,10.47,10.45,10.45,-0.03,-0.29%,0
"2023-08-14 12:16",10.45,10.45,10.42,10.42,-0.03,-0.29%,0
"2023-08-14 12:17",10.4,10.4,10.36,10.39,-0.03,-0.29%,0
"2023-08-14 12:18",10.42,10.57,10.42,10.57,0.18,+1.73%,0
"2023-08-14 12:19",10.49,10.49,10.42,10.44,-0.13,-1.23%,0
"2023-08-14 12:20",10.43,10.48,10.43,10.47,0.03,+0.29%,0
"2023-08-14 12:21",10.48,10.5,10.48,10.5,0.03,+0.29%,0
"2023-08-14 12:22",10.51,10.58,10.51,10.58,0.08,+0.76%,0
"2023-08-14 12:23",10.57,10.69,10.57,10.69,0.11,+1.04%,0
"2023-08-14 12:24",10.76,10.8,10.65,10.65,-0.04,-0.37%,0
"2023-08-14 12:25",10.63,10.69,10.63,10.69,0.04,+0.38%,0
"2023-08-14 12:26",10.7,10.72,10.65,10.65,-0.04,-0.37%,0
"2023-08-14 12:27",10.66,10.67,10.65,10.65,0,0.00%,0
"2023-08-14 12:28",10.68,10.7,10.68,10.7,0.05,+0.47%,0
"2023-08-14 12:29",10.69,10.72,10.69,10.72,0.02,+0.19%,0
"2023-08-14 12:30",10.72,10.76,10.72,10.76,0.04,+0.37%,0
"2023-08-14 12:31",10.76,10.76,10.73,10.75,-0.01,-0.09%,0
"2023-08-14 12:32",10.73,10.73,10.65,10.65,-0.1,-0.93%,0
"2023-08-14 12:33",10.63,10.67,10.63,10.67,0.02,+0.19%,0
"2023-08-14 12:34",10.69,10.79,10.69,10.77,0.1,+0.94%,0
"2023-08-14 12:35",10.79,10.89,10.79,10.89,0.12,+1.11%,0
"2023-08-14 12:36",10.88,10.88,10.76,10.76,-0.13,-1.19%,0
"2023-08-14 12:37",10.72,10.78,10.72,10.78,0.02,+0.19%,0
"2023-08-14 12:38",10.79,10.8,10.77,10.8,0.02,+0.19%,0
"2023-08-14 12:39",10.78,10.81,10.76,10.78,-0.02,-0.19%,0
"2023-08-14 12:40",10.76,10.8,10.76,10.77,-0.01,-0.09%,0
"2023-08-14 12:41",10.77,10.77,10.72,10.75,-0.02,-0.19%,0
"2023-08-14 12:42",10.77,10.77,10.76,10.77,0.02,+0.19%,0
"2023-08-14 12:43",10.76,10.76,10.67,10.67,-0.1,-0.93%,0
"2023-08-14 12:44",10.68,10.68,10.67,10.67,0,0.00%,0
"2023-08-14 12:45",10.65,10.65,10.59,10.59,-0.08,-0.75%,0
"2023-08-14 12:46",10.61,10.65,10.61,10.62,0.03,+0.28%,0
"2023-08-14 12:47",10.63,10.63,10.62,10.62,0,0.00%,0
"2023-08-14 12:48",10.62,10.62,10.59,10.59,-0.03,-0.28%,0
"2023-08-14 12:49",10.57,10.57,10.56,10.56,-0.03,-0.28%,0
"2023-08-14 12:50",10.57,10.58,10.55,10.56,0,0.00%,0
"2023-08-14 12:51",10.51,10.54,10.51,10.54,-0.02,-0.19%,0
"2023-08-14 12:52",10.53,10.58,10.53,10.55,0.01,+0.09%,0
"2023-08-14 12:53",10.56,10.59,10.56,10.59,0.04,+0.38%,0
"2023-08-14 12:54",10.63,10.64,10.62,10.63,0.04,+0.38%,0
"2023-08-14 12:55",10.62,10.65,10.62,10.65,0.02,+0.19%,0
"2023-08-14 12:56",10.66,10.67,10.65,10.66,0.01,+0.09%,0
"2023-08-14 12:57",10.69,10.72,10.69,10.7,0.04,+0.38%,0
"2023-08-14 12:58",10.7,10.74,10.7,10.7,0,0.00%,0
"2023-08-14 12:59",10.74,10.75,10.71,10.71,0.01,+0.09%,0
"2023-08-14 13:00",10.72,10.74,10.72,10.73,0.02,+0.19%,0
"2023-08-14 13:01",10.73,10.73,10.71,10.71,-0.02,-0.19%,0
"2023-08-14 13:02",10.71,10.71,10.69,10.69,-0.02,-0.19%,0
"2023-08-14 13:03",10.7,10.71,10.7,10.7,0.01,+0.09%,0
"2023-08-14 13:04",10.72,10.72,10.71,10.72,0.02,+0.19%,0
"2023-08-14 13:05",10.71,10.75,10.71,10.72,0,0.00%,0
"2023-08-14 13:06",10.7,10.74,10.7,10.73,0.01,+0.09%,0
"2023-08-14 13:07",10.71,10.73,10.71,10.72,-0.01,-0.09%,0
"2023-08-14 13:08",10.72,10.74,10.72,10.72,0,0.00%,0
"2023-08-14 13:09",10.69,10.72,10.69,10.7,-0.02,-0.19%,0
"2023-08-14 13:10",10.68,10.72,10.68,10.71,0.01,+0.09%,0
"2023-08-14 13:11",10.72,10.75,10.72,10.74,0.03,+0.28%,0
"2023-08-14 13:12",10.72,10.73,10.72,10.73,-0.01,-0.09%,0
"2023-08-14 13:13",10.73,10.77,10.73,10.76,0.03,+0.28%,0
"2023-08-14 13:14",10.76,10.77,10.76,10.77,0.01,+0.09%,0
"2023-08-14 13:15",10.75,10.75,10.72,10.74,-0.03,-0.28%,0
"2023-08-14 13:16",10.74,10.75,10.74,10.75,0.01,+0.09%,0
"2023-08-14 13:17",10.75,10.78,10.75,10.78,0.03,+0.28%,0
"2023-08-14 13:18",10.76,10.77,10.76,10.77,-0.01,-0.09%,0
"2023-08-14 13:19",10.77,10.77,10.75,10.75,-0.02,-0.19%,0
"2023-08-14 13:20",10.77,10.77,10.75,10.77,0.02,+0.19%,0
"2023-08-14 13:21",10.76,10.78,10.74,10.74,-0.03,-0.28%,0
"2023-08-14 13:22",10.75,10.79,10.75,10.79,0.05,+0.47%,0
"2023-08-14 13:23",10.77,10.81,10.77,10.8,0.01,+0.09%,0
"2023-08-14 13:24",10.81,10.84,10.81,10.84,0.04,+0.37%,0
"2023-08-14 13:25",10.83,10.9,10.83,10.89,0.05,+0.46%,0
"2023-08-14 13:26",10.83,10.9,10.83,10.9,0.01,+0.09%,0
"2023-08-14 13:27",10.9,10.92,10.89,10.92,0.02,+0.18%,0
"2023-08-14 13:28",10.91,10.92,10.9,10.9,-0.02,-0.18%,0
"2023-08-14 13:29",10.89,10.89,10.88,10.88,-0.02,-0.18%,0
"2023-08-14 13:30",10.87,10.87,10.84,10.84,-0.04,-0.37%,0
"2023-08-14 13:31",10.84,10.89,10.84,10.89,0.05,+0.46%,0
"2023-08-14 13:32",10.9,10.95,10.9,10.95,0.06,+0.55%,0
"2023-08-14 13:33",10.97,11.06,10.97,11.06,0.11,+1.00%,0
"2023-08-14 13:34",11.05,11.11,11.05,11.11,0.05,+0.45%,0
"2023-08-14 13:35",11.11,11.11,11.02,11.02,-0.09,-0.81%,0
"2023-08-14 13:36",10.96,10.98,10.96,10.98,-0.04,-0.36%,0
"2023-08-14 13:37",10.99,11.03,10.99,11.03,0.05,+0.46%,0
"2023-08-14 13:38",11.02,11.05,11.02,11.05,0.02,+0.18%,0
"2023-08-14 13:39",11.07,11.07,11.02,11.03,-0.02,-0.18%,0
"2023-08-14 13:40",11.04,11.05,11.02,11.02,-0.01,-0.09%,0
"2023-08-14 13:41",11.03,11.04,11.01,11.02,0,0.00%,0
"2023-08-14 13:42",10.99,11.06,10.99,11.05,0.03,+0.27%,0
"2023-08-14 13:43",11.04,11.07,11.04,11.04,-0.01,-0.09%,0
"2023-08-14 13:44",11.06,11.08,11.06,11.07,0.03,+0.27%,0
"2023-08-14 13:45",11.07,11.08,11.07,11.08,0.01,+0.09%,0
"2023-08-14 13:46",11.1,11.16,11.1,11.16,0.08,+0.72%,0
"2023-08-14 13:47",11.15,11.16,11.14,11.14,-0.02,-0.18%,0
"2023-08-14 13:48",11.11,11.16,11.11,11.16,0.02,+0.18%,0
"2023-08-14 13:49",11.18,11.19,11.16,11.19,0.03,+0.27%,0
"2023-08-14 13:50",11.2,11.22,11.18,11.22,0.03,+0.27%,0
"2023-08-14 13:51",11.2,11.3,11.2,11.3,0.08,+0.71%,0
"2023-08-14 13:52",11.28,11.3,11.28,11.3,0,0.00%,0
"2023-08-14 13:53",11.29,11.29,11.21,11.21,-0.09,-0.80%,0
"2023-08-14 13:54",11.21,11.22,11.2,11.2,-0.01,-0.09%,0
"2023-08-14 13:55",11.2,11.25,11.2,11.25,0.05,+0.45%,0
"2023-08-14 13:56",11.26,11.26,11.24,11.25,0,0.00%,0
"2023-08-14 13:57",11.26,11.31,11.21,11.27,0.02,+0.18%,0
"2023-08-14 13:58",11.26,11.28,11.26,11.28,0.01,+0.09%,0
"2023-08-14 13:59",11.25,11.28,11.19,11.19,-0.09,-0.80%,0
"2023-08-14 14:00",11.14,11.15,11.13,11.15,-0.04,-0.36%,0
"2023-08-14 14:01",11.22,11.25,11.21,11.21,0.06,+0.54%,0
"2023-08-14 14:02",11.2,11.25,11.2,11.25,0.04,+0.36%,0
"2023-08-14 14:03",11.23,11.3,11.23,11.3,0.05,+0.44%,0
"2023-08-14 14:04",11.28,11.28,11.26,11.28,-0.02,-0.18%,0
"2023-08-14 14:05",11.28,11.29,11.28,11.28,0,0.00%,0
"2023-08-14 14:06",11.27,11.31,11.25,11.31,0.03,+0.27%,0
"2023-08-14 14:07",11.32,11.36,11.32,11.35,0.04,+0.35%,0
"2023-08-14 14:08",11.39,11.52,11.39,11.48,0.13,+1.15%,0
"2023-08-14 14:09",11.45,11.45,11.44,11.45,-0.03,-0.26%,0
"2023-08-14 14:10",11.46,11.61,11.46,11.6,0.15,+1.31%,0
"2023-08-14 14:11",11.51,11.51,11.4,11.4,-0.2,-1.72%,0
"2023-08-14 14:12",11.39,11.42,11.39,11.39,-0.01,-0.09%,0
"2023-08-14 14:13",11.39,11.41,11.37,11.37,-0.02,-0.18%,0
"2023-08-14 14:14",11.37,11.43,11.37,11.41,0.04,+0.35%,0
"2023-08-14 14:15",11.42,11.46,11.42,11.46,0.05,+0.44%,0
"2023-08-14 14:16",11.47,11.52,11.47,11.52,0.06,+0.52%,0
"2023-08-14 14:17",11.52,11.53,11.52,11.53,0.01,+0.09%,0
"2023-08-14 14:18",11.53,11.53,11.52,11.52,-0.01,-0.09%,0
"2023-08-14 14:19",11.51,11.56,11.51,11.53,0.01,+0.09%,0
"2023-08-14 14:20",11.53,11.53,11.5,11.53,0,0.00%,0
"2023-08-14 14:21",11.49,11.49,11.45,11.45,-0.08,-0.69%,0
"2023-08-14 14:22",11.5,11.54,11.5,11.54,0.09,+0.79%,0
"2023-08-14 14:23",11.55,11.56,11.54,11.56,0.02,+0.17%,0
"2023-08-14 14:24",11.57,11.62,11.57,11.61,0.05,+0.43%,0
"2023-08-14 14:25",11.6,11.61,11.6,11.61,0,0.00%,0
"2023-08-14 14:26",11.62,11.7,11.62,11.7,0.09,+0.78%,0
"2023-08-14 14:27",11.71,11.71,11.65,11.65,-0.05,-0.43%,0
"2023-08-14 14:28",11.64,11.67,11.64,11.65,0,0.00%,0
"2023-08-14 14:29",11.59,11.64,11.59,11.64,-0.01,-0.09%,0
"2023-08-14 14:30",11.63,11.64,11.62,11.64,0,0.00%,0
"2023-08-14 14:31",11.65,11.68,11.64,11.66,0.02,+0.17%,0
"2023-08-14 14:32",11.66,11.86,11.66,11.8,0.14,+1.20%,0
"2023-08-14 14:33",11.78,11.78,11.66,11.66,-0.14,-1.19%,0
"2023-08-14 14:34",11.68,11.7,11.68,11.7,0.04,+0.34%,0
"2023-08-14 14:35",11.69,11.69,11.67,11.68,-0.02,-0.17%,0
"2023-08-14 14:36",11.68,11.69,11.68,11.69,0.01,+0.09%,0
"2023-08-14 14:37",11.62,11.67,11.62,11.64,-0.05,-0.43%,0
"2023-08-14 14:38",11.66,11.76,11.66,11.7,0.06,+0.52%,0
"2023-08-14 14:39",11.68,11.75,11.68,11.75,0.05,+0.43%,0
"2023-08-14 14:40",11.75,11.76,11.71,11.71,-0.04,-0.34%,0
"2023-08-14 14:41",11.73,11.77,11.73,11.77,0.06,+0.51%,0
"2023-08-14 14:42",11.78,11.79,11.77,11.79,0.02,+0.17%,0
"2023-08-14 14:43",11.81,11.88,11.81,11.88,0.09,+0.76%,0
"2023-08-14 14:44",11.82,11.85,11.81,11.85,-0.03,-0.25%,0
"2023-08-14 14:45",11.86,11.94,11.86,11.92,0.07,+0.59%,0
"2023-08-14 14:46",11.9,11.96,11.89,11.94,0.02,+0.17%,0
"2023-08-14 14:47",11.92,11.92,11.89,11.89,-0.05,-0.42%,0
"2023-08-14 14:48",11.86,11.88,11.86,11.88,-0.01,-0.08%,0
"2023-08-14 14:49",11.86,11.88,11.84,11.87,-0.01,-0.08%,0
"2023-08-14 14:50",11.89,11.9,11.88,11.88,0.01,+0.08%,0
"2023-08-14 14:51",11.88,11.88,11.85,11.85,-0.03,-0.25%,0
"2023-08-14 14:52",11.85,11.86,11.81,11.81,-0.04,-0.34%,0
"2023-08-14 14:53",11.78,11.78,11.71,11.71,-0.1,-0.85%,0
"2023-08-14 14:54",11.76,11.78,11.76,11.78,0.07,+0.60%,0
"2023-08-14 14:55",11.78,11.82,11.78,11.82,0.04,+0.34%,0
"2023-08-14 14:56",11.81,11.84,11.81,11.81,-0.01,-0.08%,0
"2023-08-14 14:57",11.8,11.82,11.8,11.82,0.01,+0.08%,0
"2023-08-14 14:58",11.79,11.82,11.78,11.78,-0.04,-0.34%,0
"2023-08-14 14:59",11.81,11.85,11.81,11.83,0.05,+0.42%,0
"2023-08-14 15:00",11.83,11.85,11.8,11.85,0.02,+0.17%,0
"2023-08-14 15:01",11.85,11.85,11.83,11.83,-0.02,-0.17%,0
"2023-08-14 15:02",11.8,11.8,11.77,11.78,-0.05,-0.42%,0
"2023-08-14 15:03",11.77,11.77,11.68,11.68,-0.1,-0.85%,0
"2023-08-14 15:04",11.7,11.7,11.69,11.69,0.01,+0.09%,0
"2023-08-14 15:05",11.68,11.71,11.68,11.71,0.02,+0.17%,0
"2023-08-14 15:06",11.7,11.72,11.7,11.71,0,0.00%,0
"2023-08-14 15:07",11.74,11.8,11.74,11.77,0.06,+0.51%,0
"2023-08-14 15:08",11.79,11.9,11.79,11.9,0.13,+1.10%,0
"2023-08-14 15:09",11.9,11.9,11.8,11.81,-0.09,-0.76%,0
"2023-08-14 15:10",11.81,11.85,11.81,11.83,0.02,+0.17%,0
"2023-08-14 15:11",11.83,11.84,11.75,11.75,-0.08,-0.68%,0
"2023-08-14 15:12",11.74,11.74,11.71,11.71,-0.04,-0.34%,0
"2023-08-14 15:13",11.7,11.73,11.7,11.71,0,0.00%,0
"2023-08-14 15:14",11.73,11.74,11.73,11.73,0.02,+0.17%,0
"2023-08-14 15:15",11.7,11.7,11.65,11.66,-0.07,-0.60%,0
"2023-08-14 15:16",11.66,11.69,11.61,11.61,-0.05,-0.43%,0
"2023-08-14 15:17",11.64,11.71,11.64,11.65,0.04,+0.34%,0
"2023-08-14 15:18",11.66,11.72,11.66,11.66,0.01,+0.09%,0
"2023-08-14 15:19",11.67,11.68,11.66,11.66,0,0.00%,0
"2023-08-14 15:20",11.66,11.66,11.58,11.58,-0.08,-0.69%,0
"2023-08-14 15:21",11.56,11.57,11.56,11.56,-0.02,-0.17%,0
"2023-08-14 15:22",11.54,11.55,11.52,11.55,-0.01,-0.09%,0
"2023-08-14 15:23",11.48,11.48,11.47,11.47,-0.08,-0.69%,0
"2023-08-14 15:24",11.52,11.56,11.45,11.56,0.09,+0.78%,0
"2023-08-14 15:25",11.53,11.53,11.48,11.48,-0.08,-0.69%,0
"2023-08-14 15:26",11.53,11.63,11.53,11.62,0.14,+1.22%,0
"2023-08-14 15:27",11.69,11.69,11.62,11.62,0,0.00%,0
"2023-08-14 15:28",11.64,11.64,11.55,11.55,-0.07,-0.60%,0
"2023-08-14 15:29",11.55,11.61,11.55,11.58,0.03,+0.26%,0
"2023-08-14 15:30",11.56,11.57,11.55,11.55,-0.03,-0.26%,0
"2023-08-14 15:31",11.56,11.65,11.56,11.59,0.04,+0.35%,0
"2023-08-14 15:32",11.61,11.65,11.61,11.62,0.03,+0.26%,0
"2023-08-14 15:33",11.65,11.69,11.65,11.69,0.07,+0.60%,0
"2023-08-14 15:34",11.71,11.73,11.71,11.71,0.02,+0.17%,0
"2023-08-14 15:35",11.74,11.74,11.71,11.71,0,0.00%,0
"2023-08-14 15:36",11.71,11.74,11.71,11.71,0,0.00%,0
"2023-08-14 15:37",11.73,11.74,11.73,11.73,0.02,+0.17%,0
"2023-08-14 15:38",11.71,11.75,11.71,11.75,0.02,+0.17%,0
"2023-08-14 15:39",11.76,11.78,11.75,11.75,0,0.00%,0
"2023-08-14 15:40",11.75,11.75,11.74,11.75,0,0.00%,0
"2023-08-14 15:41",11.71,11.71,11.67,11.67,-0.08,-0.68%,0
"2023-08-14 15:42",11.67,11.67,11.66,11.67,0,0.00%,0
"2023-08-14 15:43",11.65,11.65,11.58,11.58,-0.09,-0.77%,0
"2023-08-14 15:44",11.57,11.6,11.57,11.57,-0.01,-0.09%,0
"2023-08-14 15:45",11.58,11.59,11.56,11.56,-0.01,-0.09%,0
"2023-08-14 15:46",11.55,11.6,11.55,11.58,0.02,+0.17%,0
"2023-08-14 15:47",11.53,11.56,11.53,11.56,-0.02,-0.17%,0
"2023-08-14 15:48",11.57,11.57,11.54,11.54,-0.02,-0.17%,0
"2023-08-14 15:49",11.54,11.56,11.54,11.55,0.01,+0.09%,0
"2023-08-14 15:50",11.55,11.55,11.52,11.52,-0.03,-0.26%,0
"2023-08-14 15:51",11.52,11.56,11.52,11.56,0.04,+0.35%,0
"2023-08-14 15:52",11.53,11.53,11.52,11.52,-0.04,-0.35%,0
"2023-08-14 15:53",11.5,11.59,11.5,11.52,0,0.00%,0
"2023-08-14 15:54",11.51,11.51,11.49,11.49,-0.03,-0.26%,0
"2023-08-14 15:55",11.49,11.5,11.48,11.48,-0.01,-0.09%,0
"2023-08-14 15:56",11.47,11.47,11.43,11.43,-0.05,-0.44%,0
"2023-08-14 15:57",11.49,11.55,11.49,11.55,0.12,+1.05%,0
"2023-08-14 15:58",11.53,11.57,11.53,11.56,0.01,+0.09%,0
"2023-08-14 15:59",11.54,11.54,11.5,11.5,-0.06,-0.52%,0
"2023-08-14 16:00",11.43,11.43,11.38,11.4,-0.1,-0.87%,0
"2023-08-14 16:01",11.39,11.44,11.36,11.36,-0.04,-0.35%,0
"2023-08-14 16:02",11.33,11.33,11.3,11.3,-0.06,-0.53%,0
"2023-08-14 16:03",11.33,11.35,11.33,11.35,0.05,+0.44%,0
"2023-08-14 16:04",11.36,11.41,11.36,11.4,0.05,+0.44%,0
"2023-08-14 16:05",11.39,11.43,11.39,11.43,0.03,+0.26%,0
"2023-08-14 16:06",11.44,11.45,11.43,11.43,0,0.00%,0
"2023-08-14 16:07",11.45,11.49,11.45,11.49,0.06,+0.52%,0
"2023-08-14 16:08",11.46,11.51,11.46,11.5,0.01,+0.09%,0
"2023-08-14 16:09",11.5,11.66,11.5,11.64,0.14,+1.22%,0
"2023-08-14 16:10",11.66,11.69,11.63,11.64,0,0.00%,0
"2023-08-14 16:11",11.69,11.72,11.69,11.7,0.06,+0.52%,0
"2023-08-14 16:12",11.71,11.75,11.71,11.75,0.05,+0.43%,0
"2023-08-14 16:13",11.77,11.8,11.77,11.78,0.03,+0.26%,0
"2023-08-14 16:14",11.78,11.79,11.77,11.77,-0.01,-0.08%,0
"2023-08-14 16:15",11.77,11.77,11.77,11.77,0,0.00%,0
"2023-08-15 09:31",10.15,10.17,10.11,10.12,-1.65,-14.02%,0
"2023-08-15 09:32",10.09,10.09,9.93,9.93,-0.19,-1.88%,0
"2023-08-15 09:33",9.89,9.89,9.83,9.83,-0.1,-1.01%,0
"2023-08-15 09:34",9.89,10.08,9.89,10.08,0.25,+2.54%,0
"2023-08-15 09:35",10.04,10.04,9.95,9.96,-0.12,-1.19%,0
"2023-08-15 09:36",10.03,10.08,10.02,10.04,0.08,+0.80%,0
"2023-08-15 09:37",10.04,10.06,9.97,9.97,-0.07,-0.70%,0
"2023-08-15 09:38",9.98,9.98,9.9,9.9,-0.07,-0.70%,0
"2023-08-15 09:39",10,10,9.97,9.97,0.07,+0.71%,0
"2023-08-15 09:40",9.94,10,9.94,10,0.03,+0.30%,0
"2023-08-15 09:41",10.09,10.17,10.09,10.17,0.17,+1.70%,0
"2023-08-15 09:42",10.27,10.29,10.22,10.22,0.05,+0.49%,0
"2023-08-15 09:43",10.18,10.31,10.18,10.31,0.09,+0.88%,0
"2023-08-15 09:44",10.26,10.26,10.23,10.26,-0.05,-0.48%,0
"2023-08-15 09:45",10.31,10.49,10.31,10.44,0.18,+1.75%,0
"2023-08-15 09:46",10.38,10.41,10.36,10.41,-0.03,-0.29%,0
"2023-08-15 09:47",10.36,10.49,10.36,10.47,0.06,+0.58%,0
"2023-08-15 09:48",10.42,10.53,10.42,10.53,0.06,+0.57%,0
"2023-08-15 09:49",10.49,10.51,10.38,10.43,-0.1,-0.95%,0
"2023-08-15 09:50",10.44,10.48,10.34,10.34,-0.09,-0.86%,0
"2023-08-15 09:51",10.31,10.32,10.31,10.32,-0.02,-0.19%,0
"2023-08-15 09:52",10.37,10.37,10.28,10.28,-0.04,-0.39%,0
"2023-08-15 09:53",10.18,10.3,10.18,10.3,0.02,+0.19%,0
"2023-08-15 09:54",10.3,10.38,10.3,10.36,0.06,+0.58%,0
"2023-08-15 09:55",10.33,10.4,10.33,10.39,0.03,+0.29%,0
"2023-08-15 09:56",10.43,10.43,10.42,10.43,0.04,+0.38%,0
"2023-08-15 09:57",10.43,10.48,10.43,10.48,0.05,+0.48%,0
"2023-08-15 09:58",10.44,10.55,10.44,10.53,0.05,+0.48%,0
"2023-08-15 09:59",10.48,10.51,10.48,10.51,-0.02,-0.19%,0
"2023-08-15 10:00",10.55,10.72,10.55,10.72,0.21,+2.00%,0
"2023-08-15 10:01",10.63,10.71,10.63,10.71,-0.01,-0.09%,0
"2023-08-15 10:02",10.68,10.68,10.54,10.58,-0.13,-1.21%,0
"2023-08-15 10:03",10.61,10.67,10.61,10.67,0.09,+0.85%,0
"2023-08-15 10:04",10.73,10.73,10.67,10.67,0,0.00%,0
"2023-08-15 10:05",10.74,11.33,10.74,11.33,0.66,+6.19%,0
"2023-08-15 10:06",11.17,11.19,11.09,11.19,-0.14,-1.24%,0
"2023-08-15 10:07",11.06,11.14,11.06,11.14,-0.05,-0.45%,0
"2023-08-15 10:08",11.04,11.16,11.04,11.14,0,0.00%,0
"2023-08-15 10:09",11.15,11.33,11.15,11.17,0.03,+0.27%,0
"2023-08-15 10:10",11.14,11.14,10.99,10.99,-0.18,-1.61%,0
"2023-08-15 10:11",10.92,10.92,10.81,10.81,-0.18,-1.64%,0
"2023-08-15 10:12",10.82,10.88,10.82,10.88,0.07,+0.65%,0
"2023-08-15 10:13",10.97,11.05,10.97,11.05,0.17,+1.56%,0
"2023-08-15 10:14",11.08,11.09,10.87,10.87,-0.18,-1.63%,0
"2023-08-15 10:15",10.93,11,10.93,10.96,0.09,+0.83%,0
"2023-08-15 10:16",10.92,10.92,10.9,10.92,-0.04,-0.36%,0
"2023-08-15 10:17",10.91,10.93,10.91,10.92,0,0.00%,0
"2023-08-15 10:18",10.97,10.99,10.93,10.95,0.03,+0.27%,0
"2023-08-15 10:19",10.97,10.97,10.94,10.94,-0.01,-0.09%,0
"2023-08-15 10:20",10.96,10.96,10.89,10.89,-0.05,-0.46%,0
"2023-08-15 10:21",10.88,10.91,10.79,10.79,-0.1,-0.92%,0
"2023-08-15 10:22",10.74,10.86,10.74,10.86,0.07,+0.65%,0
"2023-08-15 10:23",10.83,11.03,10.83,11.03,0.17,+1.57%,0
"2023-08-15 10:24",11.04,11.17,11.04,11.15,0.12,+1.09%,0
"2023-08-15 10:25",11.17,11.17,11.09,11.09,-0.06,-0.54%,0
"2023-08-15 10:26",11.05,11.1,11.05,11.08,-0.01,-0.09%,0
"2023-08-15 10:27",11.09,11.11,11.05,11.05,-0.03,-0.27%,0
"2023-08-15 10:28",11.03,11.08,11.03,11.05,0,0.00%,0
"2023-08-15 10:29",11.01,11.06,11.01,11.02,-0.03,-0.27%,0
"2023-08-15 10:30",11.01,11.08,11.01,11.08,0.06,+0.54%,0
"2023-08-15 10:31",11.12,11.12,11.08,11.08,0,0.00%,0
"2023-08-15 10:32",11.11,11.2,11.11,11.18,0.1,+0.90%,0
"2023-08-15 10:33",11.2,11.2,11.06,11.06,-0.12,-1.07%,0
"2023-08-15 10:34",11.08,11.08,11.08,11.08,0.02,+0.18%,0
"2023-08-15 10:35",11.09,11.13,11.09,11.11,0.03,+0.27%,0
"2023-08-15 10:36",11.09,11.11,11.07,11.07,-0.04,-0.36%,0
"2023-08-15 10:37",11.09,11.09,11.01,11.01,-0.06,-0.54%,0
"2023-08-15 10:38",10.97,11.03,10.96,10.96,-0.05,-0.45%,0
"2023-08-15 10:39",10.96,10.99,10.96,10.97,0.01,+0.09%,0
"2023-08-15 10:40",10.94,11.03,10.94,11.03,0.06,+0.55%,0
"2023-08-15 10:41",11.02,11.02,10.99,10.99,-0.04,-0.36%,0
"2023-08-15 10:42",10.98,10.99,10.95,10.98,-0.01,-0.09%,0
"2023-08-15 10:43",10.98,11.01,10.98,10.99,0.01,+0.09%,0
"2023-08-15 10:44",10.95,11.01,10.95,11.01,0.02,+0.18%,0
"2023-08-15 10:45",10.99,10.99,10.96,10.96,-0.05,-0.45%,0
"2023-08-15 10:46",10.97,11.01,10.97,11,0.04,+0.36%,0
"2023-08-15 10:47",11,11,10.95,10.96,-0.04,-0.36%,0
"2023-08-15 10:48",10.94,10.94,10.92,10.93,-0.03,-0.27%,0
"2023-08-15 10:49",10.95,10.97,10.93,10.93,0,0.00%,0
"2023-08-15 10:50",10.93,10.94,10.9,10.91,-0.02,-0.18%,0
"2023-08-15 10:51",10.92,10.95,10.92,10.93,0.02,+0.18%,0
"2023-08-15 10:52",10.92,10.92,10.89,10.92,-0.01,-0.09%,0
"2023-08-15 10:53",10.91,10.95,10.91,10.93,0.01,+0.09%,0
"2023-08-15 10:54",10.95,10.99,10.95,10.99,0.06,+0.55%,0
"2023-08-15 10:55",11.01,11.01,10.97,10.97,-0.02,-0.18%,0
"2023-08-15 10:56",10.97,10.97,10.95,10.96,-0.01,-0.09%,0
"2023-08-15 10:57",10.96,10.98,10.93,10.93,-0.03,-0.27%,0
"2023-08-15 10:58",10.9,10.98,10.9,10.97,0.04,+0.37%,0
"2023-08-15 10:59",10.98,11,10.97,10.98,0.01,+0.09%,0
"2023-08-15 11:00",10.99,10.99,10.91,10.91,-0.07,-0.64%,0
"2023-08-15 11:01",10.91,10.96,10.91,10.95,0.04,+0.37%,0
"2023-08-15 11:02",10.92,10.97,10.92,10.94,-0.01,-0.09%,0
"2023-08-15 11:03",10.92,10.99,10.92,10.95,0.01,+0.09%,0
"2023-08-15 11:04",10.92,10.94,10.88,10.88,-0.07,-0.64%,0
"2023-08-15 11:05",10.84,10.86,10.81,10.81,-0.07,-0.64%,0
"2023-08-15 11:06",10.86,10.87,10.85,10.87,0.06,+0.56%,0
"2023-08-15 11:07",10.83,10.87,10.82,10.82,-0.05,-0.46%,0
"2023-08-15 11:08",10.78,10.8,10.76,10.8,-0.02,-0.18%,0
"2023-08-15 11:09",10.8,10.8,10.76,10.76,-0.04,-0.37%,0
"2023-08-15 11:10",10.77,10.77,10.71,10.71,-0.05,-0.46%,0
"2023-08-15 11:11",10.71,10.76,10.71,10.74,0.03,+0.28%,0
"2023-08-15 11:12",10.74,10.76,10.74,10.76,0.02,+0.19%,0
"2023-08-15 11:13",10.77,10.83,10.77,10.83,0.07,+0.65%,0
"2023-08-15 11:14",10.81,10.82,10.8,10.8,-0.03,-0.28%,0
"2023-08-15 11:15",10.79,10.79,10.76,10.76,-0.04,-0.37%,0
"2023-08-15 11:16",10.82,10.88,10.82,10.87,0.11,+1.02%,0
"2023-08-15 11:17",10.86,10.86,10.81,10.82,-0.05,-0.46%,0
"2023-08-15 11:18",10.82,10.84,10.8,10.8,-0.02,-0.18%,0
"2023-08-15 11:19",10.84,10.88,10.84,10.88,0.08,+0.74%,0
"2023-08-15 11:20",10.84,10.9,10.84,10.9,0.02,+0.18%,0
"2023-08-15 11:21",10.9,10.91,10.88,10.88,-0.02,-0.18%,0
"2023-08-15 11:22",10.89,10.92,10.89,10.92,0.04,+0.37%,0
"2023-08-15 11:23",10.93,10.93,10.9,10.9,-0.02,-0.18%,0
"2023-08-15 11:24",10.91,10.96,10.91,10.96,0.06,+0.55%,0
"2023-08-15 11:25",10.95,10.95,10.89,10.89,-0.07,-0.64%,0
"2023-08-15 11:26",10.88,10.96,10.88,10.96,0.07,+0.64%,0
"2023-08-15 11:27",10.96,10.96,10.84,10.84,-0.12,-1.09%,0
"2023-08-15 11:28",10.85,10.85,10.79,10.8,-0.04,-0.37%,0
"2023-08-15 11:29",10.83,10.84,10.77,10.77,-0.03,-0.28%,0
"2023-08-15 11:30",10.81,10.82,10.78,10.81,0.04,+0.37%,0
"2023-08-15 11:31",10.82,10.84,10.82,10.83,0.02,+0.19%,0
"2023-08-15 11:32",10.83,10.83,10.81,10.81,-0.02,-0.18%,0
"2023-08-15 11:33",10.81,10.83,10.81,10.83,0.02,+0.19%,0
"2023-08-15 11:34",10.83,10.85,10.83,10.84,0.01,+0.09%,0
"2023-08-15 11:35",10.82,10.82,10.81,10.81,-0.03,-0.28%,0
"2023-08-15 11:36",10.74,10.75,10.7,10.7,-0.11,-1.02%,0
"2023-08-15 11:37",10.69,10.74,10.69,10.74,0.04,+0.37%,0
"2023-08-15 11:38",10.69,10.73,10.69,10.71,-0.03,-0.28%,0
"2023-08-15 11:39",10.69,10.72,10.68,10.68,-0.03,-0.28%,0
"2023-08-15 11:40",10.7,10.71,10.68,10.71,0.03,+0.28%,0
"2023-08-15 11:41",10.71,10.74,10.67,10.7,-0.01,-0.09%,0
"2023-08-15 11:42",10.69,10.73,10.69,10.7,0,0.00%,0
"2023-08-15 11:43",10.71,10.78,10.71,10.78,0.08,+0.75%,0
"2023-08-15 11:44",10.78,10.79,10.76,10.76,-0.02,-0.19%,0
"2023-08-15 11:45",10.78,10.84,10.78,10.82,0.06,+0.56%,0
"2023-08-15 11:46",10.82,10.82,10.79,10.8,-0.02,-0.18%,0
"2023-08-15 11:47",10.82,10.84,10.82,10.84,0.04,+0.37%,0
"2023-08-15 11:48",10.85,10.88,10.82,10.82,-0.02,-0.18%,0
"2023-08-15 11:49",10.79,10.79,10.76,10.76,-0.06,-0.55%,0
"2023-08-15 11:50",10.77,10.79,10.76,10.79,0.03,+0.28%,0
"2023-08-15 11:51",10.77,10.79,10.77,10.79,0,0.00%,0
"2023-08-15 11:52",10.75,10.78,10.75,10.78,-0.01,-0.09%,0
"2023-08-15 11:53",10.78,10.81,10.78,10.81,0.03,+0.28%,0
"2023-08-15 11:54",10.79,10.82,10.79,10.81,0,0.00%,0
"2023-08-15 11:55",10.84,10.85,10.82,10.82,0.01,+0.09%,0
"2023-08-15 11:56",10.8,10.84,10.8,10.84,0.02,+0.18%,0
"2023-08-15 11:57",10.84,10.87,10.84,10.86,0.02,+0.18%,0
"2023-08-15 11:58",10.83,10.83,10.81,10.81,-0.05,-0.46%,0
"2023-08-15 11:59",10.83,10.83,10.79,10.79,-0.02,-0.19%,0
"2023-08-15 12:00",10.78,10.78,10.74,10.76,-0.03,-0.28%,0
"2023-08-15 12:01",10.75,10.75,10.72,10.72,-0.04,-0.37%,0
"2023-08-15 12:02",10.71,10.74,10.7,10.7,-0.02,-0.19%,0
"2023-08-15 12:03",10.7,10.74,10.7,10.74,0.04,+0.37%,0
"2023-08-15 12:04",10.75,10.85,10.75,10.85,0.11,+1.02%,0
"2023-08-15 12:05",10.85,10.86,10.85,10.86,0.01,+0.09%,0
"2023-08-15 12:06",10.86,11.06,10.86,11.06,0.2,+1.84%,0
"2023-08-15 12:07",11.02,11.02,10.95,11.02,-0.04,-0.36%,0
"2023-08-15 12:08",11.02,11.06,11.02,11.06,0.04,+0.36%,0
"2023-08-15 12:09",11.04,11.17,11.04,11.17,0.11,+0.99%,0
"2023-08-15 12:10",11.1,11.13,11.1,11.13,-0.04,-0.36%,0
"2023-08-15 12:11",11.13,11.14,11.13,11.13,0,0.00%,0
"2023-08-15 12:12",11.13,11.19,11.13,11.19,0.06,+0.54%,0
"2023-08-15 12:13",11.07,11.07,11.03,11.03,-0.16,-1.43%,0
"2023-08-15 12:14",10.95,11.03,10.95,11.01,-0.02,-0.18%,0
"2023-08-15 12:15",11.03,11.09,11.03,11.09,0.08,+0.73%,0
"2023-08-15 12:16",11.12,11.19,11.12,11.13,0.04,+0.36%,0
"2023-08-15 12:17",11.09,11.1,11.09,11.09,-0.04,-0.36%,0
"2023-08-15 12:18",11.08,11.14,11.08,11.12,0.03,+0.27%,0
"2023-08-15 12:19",11.04,11.05,11.04,11.05,-0.07,-0.63%,0
"2023-08-15 12:20",11.07,11.11,11.07,11.11,0.06,+0.54%,0
"2023-08-15 12:21",11.08,11.1,11.08,11.1,-0.01,-0.09%,0
"2023-08-15 12:22",11.09,11.09,11.05,11.05,-0.05,-0.45%,0
"2023-08-15 12:23",11.05,11.07,11.05,11.07,0.02,+0.18%,0
"2023-08-15 12:24",11.09,11.12,11.09,11.12,0.05,+0.45%,0
"2023-08-15 12:25",11.1,11.19,11.1,11.19,0.07,+0.63%,0
"2023-08-15 12:26",11.16,11.2,11.16,11.19,0,0.00%,0
"2023-08-15 12:27",11.19,11.26,11.19,11.25,0.06,+0.54%,0
"2023-08-15 12:28",11.27,11.28,11.23,11.23,-0.02,-0.18%,0
"2023-08-15 12:29",11.22,11.27,11.22,11.25,0.02,+0.18%,0
"2023-08-15 12:30",11.25,11.3,11.25,11.29,0.04,+0.36%,0
"2023-08-15 12:31",11.29,11.38,11.29,11.38,0.09,+0.80%,0
"2023-08-15 12:32",11.34,11.41,11.34,11.41,0.03,+0.26%,0
"2023-08-15 12:33",11.39,11.45,11.39,11.43,0.02,+0.18%,0
"2023-08-15 12:34",11.43,11.45,11.43,11.44,0.01,+0.09%,0
"2023-08-15 12:35",11.42,11.45,11.42,11.44,0,0.00%,0
"2023-08-15 12:36",11.43,11.45,11.43,11.44,0,0.00%,0
"2023-08-15 12:37",11.36,11.44,11.36,11.44,0,0.00%,0
"2023-08-15 12:38",11.44,11.46,11.43,11.43,-0.01,-0.09%,0
"2023-08-15 12:39",11.4,11.45,11.4,11.41,-0.02,-0.17%,0
"2023-08-15 12:40",11.41,11.45,11.41,11.43,0.02,+0.18%,0
"2023-08-15 12:41",11.43,11.46,11.43,11.46,0.03,+0.26%,0
"2023-08-15 12:42",11.45,11.47,11.45,11.45,-0.01,-0.09%,0
"2023-08-15 12:43",11.45,11.51,11.45,11.51,0.06,+0.52%,0
"2023-08-15 12:44",11.53,11.6,11.53,11.6,0.09,+0.78%,0
"2023-08-15 12:45",11.61,11.61,11.52,11.52,-0.08,-0.69%,0
"2023-08-15 12:46",11.54,11.71,11.54,11.65,0.13,+1.13%,0
"2023-08-15 12:47",11.63,11.65,11.63,11.65,0,0.00%,0
"2023-08-15 12:48",11.66,11.66,11.6,11.62,-0.03,-0.26%,0
"2023-08-15 12:49",11.62,11.67,11.62,11.64,0.02,+0.17%,0
"2023-08-15 12:50",11.66,11.7,11.66,11.69,0.05,+0.43%,0
"2023-08-15 12:51",11.68,11.69,11.63,11.63,-0.06,-0.51%,0
"2023-08-15 12:52",11.62,11.63,11.6,11.6,-0.03,-0.26%,0
"2023-08-15 12:53",11.61,11.63,11.59,11.59,-0.01,-0.09%,0
"2023-08-15 12:54",11.57,11.62,11.57,11.62,0.03,+0.26%,0
"2023-08-15 12:55",11.62,11.67,11.62,11.67,0.05,+0.43%,0
"2023-08-15 12:56",11.66,11.66,11.63,11.66,-0.01,-0.09%,0
"2023-08-15 12:57",11.64,11.64,11.59,11.59,-0.07,-0.60%,0
"2023-08-15 12:58",11.56,11.56,11.51,11.51,-0.08,-0.69%,0
"2023-08-15 12:59",11.51,11.55,11.51,11.54,0.03,+0.26%,0
"2023-08-15 13:00",11.55,11.61,11.55,11.61,0.07,+0.61%,0
"2023-08-15 13:01",11.6,11.62,11.59,11.6,-0.01,-0.09%,0
"2023-08-15 13:02",11.58,11.6,11.56,11.56,-0.04,-0.34%,0
"2023-08-15 13:03",11.57,11.59,11.56,11.57,0.01,+0.09%,0
"2023-08-15 13:04",11.58,11.62,11.58,11.6,0.03,+0.26%,0
"2023-08-15 13:05",11.62,11.67,11.62,11.67,0.07,+0.60%,0
"2023-08-15 13:06",11.67,11.75,11.67,11.75,0.08,+0.69%,0
"2023-08-15 13:07",11.74,11.75,11.71,11.71,-0.04,-0.34%,0
"2023-08-15 13:08",11.71,11.83,11.71,11.81,0.1,+0.85%,0
"2023-08-15 13:09",11.82,11.85,11.75,11.75,-0.06,-0.51%,0
"2023-08-15 13:10",11.76,11.77,11.72,11.72,-0.03,-0.26%,0
"2023-08-15 13:11",11.71,11.76,11.71,11.76,0.04,+0.34%,0
"2023-08-15 13:12",11.73,11.73,11.69,11.69,-0.07,-0.60%,0
"2023-08-15 13:13",11.69,11.69,11.62,11.62,-0.07,-0.60%,0
"2023-08-15 13:14",11.58,11.61,11.58,11.61,-0.01,-0.09%,0
"2023-08-15 13:15",11.62,11.63,11.62,11.63,0.02,+0.17%,0
"2023-08-15 13:16",11.62,11.65,11.62,11.64,0.01,+0.09%,0
"2023-08-15 13:17",11.61,11.63,11.6,11.6,-0.04,-0.34%,0
"2023-08-15 13:18",11.6,11.6,11.55,11.55,-0.05,-0.43%,0
"2023-08-15 13:19",11.54,11.57,11.54,11.57,0.02,+0.17%,0
"2023-08-15 13:20",11.59,11.62,11.59,11.59,0.02,+0.17%,0
"2023-08-15 13:21",11.59,11.59,11.58,11.58,-0.01,-0.09%,0
"2023-08-15 13:22",11.57,11.61,11.57,11.61,0.03,+0.26%,0
"2023-08-15 13:23",11.62,11.63,11.61,11.61,0,0.00%,0
"2023-08-15 13:24",11.58,11.59,11.57,11.58,-0.03,-0.26%,0
"2023-08-15 13:25",11.58,11.6,11.58,11.6,0.02,+0.17%,0
"2023-08-15 13:26",11.58,11.63,11.58,11.6,0,0.00%,0
"2023-08-15 13:27",11.6,11.61,11.56,11.56,-0.04,-0.34%,0
"2023-08-15 13:28",11.57,11.62,11.57,11.61,0.05,+0.43%,0
"2023-08-15 13:29",11.62,11.65,11.62,11.64,0.03,+0.26%,0
"2023-08-15 13:30",11.63,11.7,11.63,11.7,0.06,+0.52%,0
"2023-08-15 13:31",11.72,11.75,11.72,11.75,0.05,+0.43%,0
"2023-08-15 13:32",11.77,11.79,11.77,11.78,0.03,+0.26%,0
"2023-08-15 13:33",11.78,11.86,11.78,11.86,0.08,+0.68%,0
"2023-08-15 13:34",11.86,11.91,11.86,11.91,0.05,+0.42%,0
"2023-08-15 13:35",11.92,11.97,11.92,11.97,0.06,+0.50%,0
"2023-08-15 13:36",11.98,11.99,11.93,11.93,-0.04,-0.33%,0
"2023-08-15 13:37",11.91,11.97,11.91,11.97,0.04,+0.34%,0
"2023-08-15 13:38",11.96,12.01,11.96,12.01,0.04,+0.33%,0
"2023-08-15 13:39",12.01,12.06,12.01,12.05,0.04,+0.33%,0
"2023-08-15 13:40",12.03,12.09,12.03,12.09,0.04,+0.33%,0
"2023-08-15 13:41",12.07,12.1,12.07,12.09,0,0.00%,0
"2023-08-15 13:42",12.09,12.29,12.09,12.26,0.17,+1.41%,0
"2023-08-15 13:43",12.2,12.22,12.2,12.21,-0.05,-0.41%,0
"2023-08-15 13:44",12.24,12.24,12.21,12.21,0,0.00%,0
"2023-08-15 13:45",12.22,12.22,12.19,12.19,-0.02,-0.16%,0
"2023-08-15 13:46",12.14,12.15,12.1,12.1,-0.09,-0.74%,0
"2023-08-15 13:47",12.1,12.13,12.1,12.13,0.03,+0.25%,0
"2023-08-15 13:48",12.18,12.25,12.18,12.24,0.11,+0.91%,0
"2023-08-15 13:49",12.25,12.29,12.25,12.29,0.05,+0.41%,0
"2023-08-15 13:50",12.29,12.29,12.26,12.26,-0.03,-0.24%,0
"2023-08-15 13:51",12.27,12.34,12.27,12.34,0.08,+0.65%,0
"2023-08-15 13:52",12.31,12.35,12.31,12.33,-0.01,-0.08%,0
"2023-08-15 13:53",12.29,12.29,12.23,12.24,-0.09,-0.73%,0
"2023-08-15 13:54",12.28,12.33,12.28,12.33,0.09,+0.74%,0
"2023-08-15 13:55",12.33,12.42,12.33,12.42,0.09,+0.73%,0
"2023-08-15 13:56",12.41,12.44,12.4,12.4,-0.02,-0.16%,0
"2023-08-15 13:57",12.39,12.39,12.29,12.29,-0.11,-0.89%,0
"2023-08-15 13:58",12.29,12.34,12.29,12.34,0.05,+0.41%,0
"2023-08-15 13:59",12.36,12.37,12.36,12.37,0.03,+0.24%,0
"2023-08-15 14:00",12.37,12.38,12.36,12.36,-0.01,-0.08%,0
"2023-08-15 14:01",12.37,12.37,12.35,12.37,0.01,+0.08%,0
"2023-08-15 14:02",12.38,12.38,12.36,12.38,0.01,+0.08%,0
"2023-08-15 14:03",12.37,12.47,12.37,12.47,0.09,+0.73%,0
"2023-08-15 14:04",12.42,12.45,12.42,12.45,-0.02,-0.16%,0
"2023-08-15 14:05",12.45,12.49,12.45,12.46,0.01,+0.08%,0
"2023-08-15 14:06",12.44,12.44,12.4,12.42,-0.04,-0.32%,0
"2023-08-15 14:07",12.41,12.43,12.41,12.43,0.01,+0.08%,0
"2023-08-15 14:08",12.42,12.45,12.42,12.43,0,0.00%,0
"2023-08-15 14:09",12.43,12.46,12.43,12.46,0.03,+0.24%,0
"2023-08-15 14:10",12.45,12.46,12.41,12.41,-0.05,-0.40%,0
"2023-08-15 14:11",12.41,12.46,12.41,12.46,0.05,+0.40%,0
"2023-08-15 14:12",12.45,12.47,12.45,12.46,0,0.00%,0
"2023-08-15 14:13",12.45,12.49,12.45,12.49,0.03,+0.24%,0
"2023-08-15 14:14",12.51,12.53,12.51,12.53,0.04,+0.32%,0
"2023-08-15 14:15",12.52,12.55,12.52,12.54,0.01,+0.08%,0
"2023-08-15 14:16",12.55,12.56,12.52,12.53,-0.01,-0.08%,0
"2023-08-15 14:17",12.52,12.53,12.5,12.5,-0.03,-0.24%,0
"2023-08-15 14:18",12.5,12.52,12.48,12.48,-0.02,-0.16%,0
"2023-08-15 14:19",12.47,12.49,12.47,12.48,0,0.00%,0
"2023-08-15 14:20",12.48,12.5,12.48,12.48,0,0.00%,0
"2023-08-15 14:21",12.49,12.52,12.49,12.52,0.04,+0.32%,0
"2023-08-15 14:22",12.53,12.58,12.53,12.56,0.04,+0.32%,0
"2023-08-15 14:23",12.57,12.58,12.56,12.57,0.01,+0.08%,0
"2023-08-15 14:24",12.58,12.7,12.58,12.7,0.13,+1.03%,0
"2023-08-15 14:25",12.7,12.73,12.68,12.68,-0.02,-0.16%,0
"2023-08-15 14:26",12.67,12.67,12.66,12.67,-0.01,-0.08%,0
"2023-08-15 14:27",12.68,12.69,12.68,12.69,0.02,+0.16%,0
"2023-08-15 14:28",12.69,12.71,12.69,12.7,0.01,+0.08%,0
"2023-08-15 14:29",12.7,12.78,12.7,12.78,0.08,+0.63%,0
"2023-08-15 14:30",12.78,12.79,12.76,12.79,0.01,+0.08%,0
"2023-08-15 14:31",12.74,12.78,12.74,12.78,-0.01,-0.08%,0
"2023-08-15 14:32",12.78,12.79,12.78,12.79,0.01,+0.08%,0
"2023-08-15 14:33",12.78,12.8,12.78,12.78,-0.01,-0.08%,0
"2023-08-15 14:34",12.79,12.79,12.64,12.64,-0.14,-1.10%,0
"2023-08-15 14:35",12.66,12.68,12.64,12.64,0,0.00%,0
"2023-08-15 14:36",12.63,12.66,12.63,12.64,0,0.00%,0
"2023-08-15 14:37",12.63,12.64,12.63,12.63,-0.01,-0.08%,0
"2023-08-15 14:38",12.63,12.7,12.63,12.67,0.04,+0.32%,0
"2023-08-15 14:39",12.66,12.68,12.66,12.67,0,0.00%,0
"2023-08-15 14:40",12.66,12.68,12.66,12.66,-0.01,-0.08%,0
"2023-08-15 14:41",12.65,12.67,12.65,12.67,0.01,+0.08%,0
"2023-08-15 14:42",12.64,12.64,12.63,12.63,-0.04,-0.32%,0
"2023-08-15 14:43",12.62,12.63,12.61,12.61,-0.02,-0.16%,0
"2023-08-15 14:44",12.61,12.61,12.59,12.59,-0.02,-0.16%,0
"2023-08-15 14:45",12.58,12.59,12.56,12.58,-0.01,-0.08%,0
"2023-08-15 14:46",12.58,12.59,12.55,12.55,-0.03,-0.24%,0
"2023-08-15 14:47",12.54,12.54,12.51,12.52,-0.03,-0.24%,0
"2023-08-15 14:48",12.53,12.57,12.53,12.56,0.04,+0.32%,0
"2023-08-15 14:49",12.56,12.61,12.55,12.55,-0.01,-0.08%,0
"2023-08-15 14:50",12.55,12.58,12.55,12.56,0.01,+0.08%,0
"2023-08-15 14:51",12.58,12.61,12.58,12.61,0.05,+0.40%,0
"2023-08-15 14:52",12.61,12.61,12.59,12.61,0,0.00%,0
"2023-08-15 14:53",12.6,12.63,12.6,12.63,0.02,+0.16%,0
"2023-08-15 14:54",12.62,12.66,12.62,12.65,0.02,+0.16%,0
"2023-08-15 14:55",12.65,12.67,12.64,12.67,0.02,+0.16%,0
"2023-08-15 14:56",12.65,12.81,12.65,12.81,0.14,+1.10%,0
"2023-08-15 14:57",12.82,12.84,12.81,12.81,0,0.00%,0
"2023-08-15 14:58",12.8,12.86,12.8,12.83,0.02,+0.16%,0
"2023-08-15 14:59",12.81,12.84,12.81,12.82,-0.01,-0.08%,0
"2023-08-15 15:00",12.79,12.79,12.77,12.77,-0.05,-0.39%,0
"2023-08-15 15:01",12.78,12.78,12.76,12.76,-0.01,-0.08%,0
"2023-08-15 15:02",12.75,12.76,12.74,12.74,-0.02,-0.16%,0
"2023-08-15 15:03",12.73,12.8,12.73,12.79,0.05,+0.39%,0
"2023-08-15 15:04",12.79,12.84,12.79,12.84,0.05,+0.39%,0
"2023-08-15 15:05",12.82,12.83,12.82,12.82,-0.02,-0.16%,0
"2023-08-15 15:06",12.82,12.84,12.82,12.82,0,0.00%,0
"2023-08-15 15:07",12.8,12.84,12.8,12.82,0,0.00%,0
"2023-08-15 15:08",12.83,12.85,12.82,12.85,0.03,+0.23%,0
"2023-08-15 15:09",12.84,12.85,12.82,12.82,-0.03,-0.23%,0
"2023-08-15 15:10",12.83,12.83,12.77,12.77,-0.05,-0.39%,0
"2023-08-15 15:11",12.76,12.82,12.76,12.82,0.05,+0.39%,0
"2023-08-15 15:12",12.8,12.88,12.8,12.88,0.06,+0.47%,0
"2023-08-15 15:13",12.88,12.92,12.88,12.9,0.02,+0.16%,0
"2023-08-15 15:14",12.9,12.9,12.89,12.89,-0.01,-0.08%,0
"2023-08-15 15:15",12.88,12.91,12.88,12.91,0.02,+0.16%,0
"2023-08-15 15:16",12.92,12.95,12.92,12.92,0.01,+0.08%,0
"2023-08-15 15:17",12.94,12.97,12.94,12.95,0.03,+0.23%,0
"2023-08-15 15:18",12.92,12.95,12.92,12.94,-0.01,-0.08%,0
"2023-08-15 15:19",12.9,12.93,12.9,12.93,-0.01,-0.08%,0
"2023-08-15 15:20",12.93,13,12.93,12.97,0.04,+0.31%,0
"2023-08-15 15:21",12.99,13.07,12.98,13.07,0.1,+0.77%,0
"2023-08-15 15:22",13.09,13.19,13.09,13.18,0.11,+0.84%,0
"2023-08-15 15:23",13.15,13.15,13.12,13.13,-0.05,-0.38%,0
"2023-08-15 15:24",13.15,13.25,13.15,13.25,0.12,+0.91%,0
"2023-08-15 15:25",13.27,13.53,13.27,13.53,0.28,+2.11%,0
"2023-08-15 15:26",13.54,14.17,13.54,14.17,0.64,+4.73%,0
"2023-08-15 15:27",14.09,14.2,14.09,14.12,-0.05,-0.35%,0
"2023-08-15 15:28",14.02,14.15,14.02,14.13,0.01,+0.07%,0
"2023-08-15 15:29",14.15,14.21,14.11,14.21,0.08,+0.57%,0
"2023-08-15 15:30",14.24,14.32,14.24,14.31,0.1,+0.70%,0
"2023-08-15 15:31",14.22,14.22,14.12,14.17,-0.14,-0.98%,0
"2023-08-15 15:32",14.1,14.1,14.05,14.05,-0.12,-0.85%,0
"2023-08-15 15:33",14.03,14.03,13.79,13.79,-0.26,-1.85%,0
"2023-08-15 15:34",13.77,13.77,13.63,13.63,-0.16,-1.16%,0
"2023-08-15 15:35",13.63,13.85,13.63,13.85,0.22,+1.61%,0
"2023-08-15 15:36",13.97,14.04,13.97,14.03,0.18,+1.30%,0
"2023-08-15 15:37",14.13,14.24,14.11,14.24,0.21,+1.50%,0
"2023-08-15 15:38",14.26,14.38,14.26,14.38,0.14,+0.98%,0
"2023-08-15 15:39",14.37,14.4,14.37,14.4,0.02,+0.14%,0
"2023-08-15 15:40",14.42,14.54,14.42,14.54,0.14,+0.97%,0
"2023-08-15 15:41",14.55,14.63,14.55,14.61,0.07,+0.48%,0
"2023-08-15 15:42",14.6,14.6,14.42,14.42,-0.19,-1.30%,0
"2023-08-15 15:43",14.4,14.45,14.4,14.42,0,0.00%,0
"2023-08-15 15:44",14.4,14.41,14.24,14.24,-0.18,-1.25%,0
"2023-08-15 15:45",14.29,14.3,14.2,14.2,-0.04,-0.28%,0
"2023-08-15 15:46",14.15,14.16,14.08,14.08,-0.12,-0.85%,0
"2023-08-15 15:47",14.01,14.01,13.95,13.96,-0.12,-0.85%,0
"2023-08-15 15:48",13.93,13.96,13.89,13.89,-0.07,-0.50%,0
"2023-08-15 15:49",13.9,13.96,13.9,13.96,0.07,+0.50%,0
"2023-08-15 15:50",13.98,14.01,13.96,13.96,0,0.00%,0
"2023-08-15 15:51",14,14.04,14,14.04,0.08,+0.57%,0
"2023-08-15 15:52",14.02,14.02,13.98,13.98,-0.06,-0.43%,0
"2023-08-15 15:53",13.95,13.95,13.9,13.9,-0.08,-0.57%,0
"2023-08-15 15:54",13.83,13.83,13.78,13.8,-0.1,-0.72%,0
"2023-08-15 15:55",13.82,13.82,13.7,13.7,-0.1,-0.72%,0
"2023-08-15 15:56",13.64,13.67,13.64,13.67,-0.03,-0.22%,0
"2023-08-15 15:57",13.65,13.78,13.65,13.78,0.11,+0.80%,0
"2023-08-15 15:58",13.82,13.84,13.81,13.81,0.03,+0.22%,0
"2023-08-15 15:59",13.83,13.83,13.75,13.75,-0.06,-0.43%,0
"2023-08-15 16:00",13.76,13.76,13.69,13.69,-0.06,-0.44%,0
"2023-08-15 16:01",13.69,13.69,13.67,13.67,-0.02,-0.15%,0
"2023-08-15 16:02",13.71,13.74,13.68,13.7,0.03,+0.22%,0
"2023-08-15 16:03",13.68,13.68,13.66,13.66,-0.04,-0.29%,0
"2023-08-15 16:04",13.68,13.71,13.67,13.67,0.01,+0.07%,0
"2023-08-15 16:05",13.73,13.79,13.71,13.79,0.12,+0.88%,0
"2023-08-15 16:06",13.81,13.84,13.81,13.83,0.04,+0.29%,0
"2023-08-15 16:07",13.82,13.9,13.82,13.9,0.07,+0.51%,0
"2023-08-15 16:08",13.9,13.97,13.9,13.91,0.01,+0.07%,0
"2023-08-15 16:09",13.97,13.99,13.94,13.94,0.03,+0.22%,0
"2023-08-15 16:10",13.99,14,13.97,13.97,0.03,+0.22%,0
"2023-08-15 16:11",13.97,14.02,13.97,14.02,0.05,+0.36%,0
"2023-08-15 16:12",14.01,14.12,14.01,14.1,0.08,+0.57%,0
"2023-08-15 16:13",14.1,14.12,14.1,14.12,0.02,+0.14%,0
"2023-08-15 16:14",14.11,14.18,14.11,14.18,0.06,+0.42%,0
"2023-08-15 16:15",14.2,14.2,14.2,14.2,0.02,+0.14%,0
"2023-08-16 09:31",10.62,10.62,10.51,10.51,-3.69,-25.99%,0
"2023-08-16 09:32",10.48,10.48,10.44,10.47,-0.04,-0.38%,0
"2023-08-16 09:33",10.42,10.42,10.34,10.34,-0.13,-1.24%,0
"2023-08-16 09:34",10.31,10.34,10.31,10.33,-0.01,-0.10%,0
"2023-08-16 09:35",10.33,10.33,10.32,10.33,0,0.00%,0
"2023-08-16 09:36",10.31,10.31,10.26,10.26,-0.07,-0.68%,0
"2023-08-16 09:37",10.22,10.3,10.22,10.3,0.04,+0.39%,0
"2023-08-16 09:38",10.33,10.34,10.31,10.31,0.01,+0.10%,0
"2023-08-16 09:39",10.3,10.43,10.3,10.43,0.12,+1.16%,0
"2023-08-16 09:40",10.43,10.46,10.43,10.46,0.03,+0.29%,0
"2023-08-16 09:41",10.48,10.48,10.45,10.45,-0.01,-0.10%,0
"2023-08-16 09:42",10.38,10.48,10.38,10.48,0.03,+0.29%,0
"2023-08-16 09:43",10.5,10.52,10.47,10.47,-0.01,-0.10%,0
"2023-08-16 09:44",10.54,10.59,10.54,10.58,0.11,+1.05%,0
"2023-08-16 09:45",10.6,10.63,10.59,10.63,0.05,+0.47%,0
"2023-08-16 09:46",10.63,10.63,10.54,10.54,-0.09,-0.85%,0
"2023-08-16 09:47",10.5,10.59,10.5,10.59,0.05,+0.47%,0
"2023-08-16 09:48",10.58,10.62,10.58,10.62,0.03,+0.28%,0
"2023-08-16 09:49",10.6,10.6,10.57,10.58,-0.04,-0.38%,0
"2023-08-16 09:50",10.58,10.6,10.58,10.59,0.01,+0.09%,0
"2023-08-16 09:51",10.58,10.61,10.56,10.61,0.02,+0.19%,0
"2023-08-16 09:52",10.64,10.72,10.64,10.72,0.11,+1.04%,0
"2023-08-16 09:53",10.73,10.73,10.66,10.66,-0.06,-0.56%,0
"2023-08-16 09:54",10.69,10.69,10.65,10.69,0.03,+0.28%,0
"2023-08-16 09:55",10.71,10.77,10.71,10.72,0.03,+0.28%,0
"2023-08-16 09:56",10.71,10.73,10.71,10.73,0.01,+0.09%,0
"2023-08-16 09:57",10.69,10.72,10.67,10.72,-0.01,-0.09%,0
"2023-08-16 09:58",10.71,10.74,10.68,10.68,-0.04,-0.37%,0
"2023-08-16 09:59",10.69,10.78,10.69,10.77,0.09,+0.84%,0
"2023-08-16 10:00",10.77,10.78,10.71,10.71,-0.06,-0.56%,0
"2023-08-16 10:01",10.69,10.72,10.69,10.72,0.01,+0.09%,0
"2023-08-16 10:02",10.69,10.72,10.65,10.65,-0.07,-0.65%,0
"2023-08-16 10:03",10.66,10.68,10.66,10.67,0.02,+0.19%,0
"2023-08-16 10:04",10.67,10.67,10.66,10.66,-0.01,-0.09%,0
"2023-08-16 10:05",10.66,10.66,10.6,10.6,-0.06,-0.56%,0
"2023-08-16 10:06",10.54,10.54,10.53,10.53,-0.07,-0.66%,0
"2023-08-16 10:07",10.46,10.48,10.46,10.48,-0.05,-0.47%,0
"2023-08-16 10:08",10.47,10.49,10.47,10.48,0,0.00%,0
"2023-08-16 10:09",10.46,10.5,10.46,10.47,-0.01,-0.10%,0
"2023-08-16 10:10",10.47,10.47,10.42,10.42,-0.05,-0.48%,0
"2023-08-16 10:11",10.39,10.39,10.37,10.37,-0.05,-0.48%,0
"2023-08-16 10:12",10.37,10.37,10.36,10.37,0,0.00%,0
"2023-08-16 10:13",10.36,10.4,10.36,10.4,0.03,+0.29%,0
"2023-08-16 10:14",10.38,10.46,10.38,10.46,0.06,+0.58%,0
"2023-08-16 10:15",10.45,10.48,10.34,10.34,-0.12,-1.15%,0
"2023-08-16 10:16",10.37,10.42,10.37,10.42,0.08,+0.77%,0
"2023-08-16 10:17",10.42,10.43,10.41,10.42,0,0.00%,0
"2023-08-16 10:18",10.43,10.44,10.4,10.4,-0.02,-0.19%,0
"2023-08-16 10:19",10.39,10.42,10.39,10.4,0,0.00%,0
"2023-08-16 10:20",10.42,10.45,10.41,10.45,0.05,+0.48%,0
"2023-08-16 10:21",10.43,10.48,10.43,10.47,0.02,+0.19%,0
"2023-08-16 10:22",10.45,10.45,10.44,10.44,-0.03,-0.29%,0
"2023-08-16 10:23",10.45,10.51,10.45,10.51,0.07,+0.67%,0
"2023-08-16 10:24",10.52,10.54,10.52,10.53,0.02,+0.19%,0
"2023-08-16 10:25",10.54,10.57,10.54,10.57,0.04,+0.38%,0
"2023-08-16 10:26",10.57,10.61,10.54,10.55,-0.02,-0.19%,0
"2023-08-16 10:27",10.53,10.6,10.53,10.6,0.05,+0.47%,0
"2023-08-16 10:28",10.63,10.63,10.58,10.6,0,0.00%,0
"2023-08-16 10:29",10.62,10.63,10.59,10.59,-0.01,-0.09%,0
"2023-08-16 10:30",10.61,10.63,10.6,10.6,0.01,+0.09%,0
"2023-08-16 10:31",10.54,10.55,10.52,10.52,-0.08,-0.75%,0
"2023-08-16 10:32",10.52,10.56,10.52,10.56,0.04,+0.38%,0
"2023-08-16 10:33",10.6,10.6,10.51,10.51,-0.05,-0.47%,0
"2023-08-16 10:34",10.48,10.52,10.47,10.47,-0.04,-0.38%,0
"2023-08-16 10:35",10.48,10.51,10.48,10.5,0.03,+0.29%,0
"2023-08-16 10:36",10.49,10.51,10.48,10.5,0,0.00%,0
"2023-08-16 10:37",10.54,10.6,10.54,10.59,0.09,+0.86%,0
"2023-08-16 10:38",10.57,10.57,10.53,10.53,-0.06,-0.57%,0
"2023-08-16 10:39",10.52,10.53,10.5,10.53,0,0.00%,0
"2023-08-16 10:40",10.51,10.54,10.51,10.54,0.01,+0.09%,0
"2023-08-16 10:41",10.52,10.55,10.52,10.55,0.01,+0.09%,0
"2023-08-16 10:42",10.53,10.56,10.53,10.55,0,0.00%,0
"2023-08-16 10:43",10.5,10.5,10.32,10.35,-0.2,-1.90%,0
"2023-08-16 10:44",10.35,10.4,10.35,10.35,0,0.00%,0
"2023-08-16 10:45",10.35,10.4,10.35,10.38,0.03,+0.29%,0
"2023-08-16 10:46",10.39,10.44,10.39,10.44,0.06,+0.58%,0
"2023-08-16 10:47",10.43,10.46,10.43,10.46,0.02,+0.19%,0
"2023-08-16 10:48",10.48,10.63,10.48,10.63,0.17,+1.63%,0
"2023-08-16 10:49",10.61,10.61,10.53,10.53,-0.1,-0.94%,0
"2023-08-16 10:50",10.56,10.56,10.54,10.55,0.02,+0.19%,0
"2023-08-16 10:51",10.51,10.51,10.48,10.48,-0.07,-0.66%,0
"2023-08-16 10:52",10.4,10.45,10.4,10.44,-0.04,-0.38%,0
"2023-08-16 10:53",10.42,10.45,10.42,10.45,0.01,+0.10%,0
"2023-08-16 10:54",10.43,10.43,10.4,10.4,-0.05,-0.48%,0
"2023-08-16 10:55",10.41,10.45,10.41,10.45,0.05,+0.48%,0
"2023-08-16 10:56",10.43,10.45,10.4,10.4,-0.05,-0.48%,0
"2023-08-16 10:57",10.43,10.44,10.42,10.44,0.04,+0.38%,0
"2023-08-16 10:58",10.42,10.43,10.4,10.4,-0.04,-0.38%,0
"2023-08-16 10:59",10.4,10.42,10.4,10.4,0,0.00%,0
"2023-08-16 11:00",10.41,10.46,10.41,10.45,0.05,+0.48%,0
"2023-08-16 11:01",10.44,10.51,10.44,10.5,0.05,+0.48%,0
"2023-08-16 11:02",10.5,10.54,10.46,10.46,-0.04,-0.38%,0
"2023-08-16 11:03",10.5,10.5,10.48,10.49,0.03,+0.29%,0
"2023-08-16 11:04",10.5,10.52,10.5,10.5,0.01,+0.10%,0
"2023-08-16 11:05",10.46,10.48,10.42,10.46,-0.04,-0.38%,0
"2023-08-16 11:06",10.48,10.52,10.48,10.52,0.06,+0.57%,0
"2023-08-16 11:07",10.5,10.57,10.5,10.57,0.05,+0.48%,0
"2023-08-16 11:08",10.58,10.58,10.57,10.58,0.01,+0.09%,0
"2023-08-16 11:09",10.56,10.57,10.54,10.54,-0.04,-0.38%,0
"2023-08-16 11:10",10.54,10.57,10.51,10.51,-0.03,-0.28%,0
"2023-08-16 11:11",10.52,10.55,10.51,10.51,0,0.00%,0
"2023-08-16 11:12",10.48,10.49,10.45,10.45,-0.06,-0.57%,0
"2023-08-16 11:13",10.46,10.58,10.46,10.58,0.13,+1.24%,0
"2023-08-16 11:14",10.56,10.56,10.56,10.56,-0.02,-0.19%,0
"2023-08-16 11:15",10.51,10.52,10.49,10.49,-0.07,-0.66%,0
"2023-08-16 11:16",10.51,10.53,10.51,10.53,0.04,+0.38%,0
"2023-08-16 11:17",10.53,10.58,10.53,10.58,0.05,+0.47%,0
"2023-08-16 11:18",10.59,10.62,10.59,10.61,0.03,+0.28%,0
"2023-08-16 11:19",10.61,10.61,10.57,10.57,-0.04,-0.38%,0
"2023-08-16 11:20",10.58,10.61,10.57,10.57,0,0.00%,0
"2023-08-16 11:21",10.59,10.67,10.59,10.67,0.1,+0.95%,0
"2023-08-16 11:22",10.63,10.66,10.63,10.66,-0.01,-0.09%,0
"2023-08-16 11:23",10.65,10.65,10.6,10.6,-0.06,-0.56%,0
"2023-08-16 11:24",10.59,10.62,10.59,10.62,0.02,+0.19%,0
"2023-08-16 11:25",10.61,10.66,10.61,10.65,0.03,+0.28%,0
"2023-08-16 11:26",10.65,10.76,10.65,10.76,0.11,+1.03%,0
"2023-08-16 11:27",10.75,10.82,10.75,10.81,0.05,+0.46%,0
"2023-08-16 11:28",10.77,10.82,10.77,10.8,-0.01,-0.09%,0
"2023-08-16 11:29",10.81,10.85,10.8,10.8,0,0.00%,0
"2023-08-16 11:30",10.77,10.82,10.77,10.82,0.02,+0.19%,0
"2023-08-16 11:31",10.81,10.88,10.81,10.88,0.06,+0.55%,0
"2023-08-16 11:32",10.86,10.87,10.86,10.86,-0.02,-0.18%,0
"2023-08-16 11:33",10.88,10.89,10.84,10.84,-0.02,-0.18%,0
"2023-08-16 11:34",10.83,10.83,10.79,10.79,-0.05,-0.46%,0
"2023-08-16 11:35",10.81,10.83,10.81,10.82,0.03,+0.28%,0
"2023-08-16 11:36",10.82,10.85,10.82,10.82,0,0.00%,0
"2023-08-16 11:37",10.84,10.85,10.84,10.85,0.03,+0.28%,0
"2023-08-16 11:38",10.85,10.92,10.85,10.92,0.07,+0.65%,0
"2023-08-16 11:39",10.97,10.99,10.97,10.97,0.05,+0.46%,0
"2023-08-16 11:40",10.99,10.99,10.93,10.93,-0.04,-0.36%,0
"2023-08-16 11:41",10.94,10.94,10.93,10.93,0,0.00%,0
"2023-08-16 11:42",10.94,11.01,10.94,11.01,0.08,+0.73%,0
"2023-08-16 11:43",11.05,11.09,11.05,11.08,0.07,+0.64%,0
"2023-08-16 11:44",11.06,11.12,11.06,11.12,0.04,+0.36%,0
"2023-08-16 11:45",11.11,11.15,11.1,11.1,-0.02,-0.18%,0
"2023-08-16 11:46",11.1,11.12,11.1,11.1,0,0.00%,0
"2023-08-16 11:47",11.1,11.32,11.1,11.32,0.22,+1.98%,0
"2023-08-16 11:48",11.31,11.38,11.31,11.38,0.06,+0.53%,0
"2023-08-16 11:49",11.36,11.36,11.27,11.27,-0.11,-0.97%,0
"2023-08-16 11:50",11.26,11.4,11.26,11.35,0.08,+0.71%,0
"2023-08-16 11:51",11.28,11.34,11.28,11.34,-0.01,-0.09%,0
"2023-08-16 11:52",11.32,11.36,11.32,11.33,-0.01,-0.09%,0
"2023-08-16 11:53",11.35,11.35,11.27,11.27,-0.06,-0.53%,0
"2023-08-16 11:54",11.24,11.26,11.21,11.22,-0.05,-0.44%,0
"2023-08-16 11:55",11.21,11.26,11.21,11.26,0.04,+0.36%,0
"2023-08-16 11:56",11.23,11.31,11.23,11.31,0.05,+0.44%,0
"2023-08-16 11:57",11.34,11.42,11.34,11.38,0.07,+0.62%,0
"2023-08-16 11:58",11.32,11.46,11.32,11.46,0.08,+0.70%,0
"2023-08-16 11:59",11.47,11.55,11.44,11.44,-0.02,-0.17%,0
"2023-08-16 12:00",11.41,11.43,11.41,11.43,-0.01,-0.09%,0
"2023-08-16 12:01",11.4,11.4,11.34,11.34,-0.09,-0.79%,0
"2023-08-16 12:02",11.33,11.33,11.33,11.33,-0.01,-0.09%,0
"2023-08-16 12:03",11.31,11.33,11.3,11.3,-0.03,-0.26%,0
"2023-08-16 12:04",11.33,11.38,11.33,11.38,0.08,+0.71%,0
"2023-08-16 12:05",11.42,11.43,11.37,11.37,-0.01,-0.09%,0
"2023-08-16 12:06",11.37,11.41,11.37,11.41,0.04,+0.35%,0
"2023-08-16 12:07",11.41,11.51,11.41,11.51,0.1,+0.88%,0
"2023-08-16 12:08",11.49,11.61,11.49,11.61,0.1,+0.87%,0
"2023-08-16 12:09",11.58,11.64,11.58,11.63,0.02,+0.17%,0
"2023-08-16 12:10",11.62,11.77,11.62,11.77,0.14,+1.20%,0
"2023-08-16 12:11",11.8,11.81,11.8,11.8,0.03,+0.25%,0
"2023-08-16 12:12",11.81,11.88,11.78,11.78,-0.02,-0.17%,0
"2023-08-16 12:13",11.8,11.82,11.79,11.79,0.01,+0.08%,0
"2023-08-16 12:14",11.69,11.78,11.69,11.78,-0.01,-0.08%,0
"2023-08-16 12:15",11.8,11.8,11.79,11.79,0.01,+0.08%,0
"2023-08-16 12:16",11.8,11.82,11.8,11.81,0.02,+0.17%,0
"2023-08-16 12:17",11.73,11.74,11.72,11.74,-0.07,-0.59%,0
"2023-08-16 12:18",11.78,11.95,11.78,11.95,0.21,+1.79%,0
"2023-08-16 12:19",11.93,11.94,11.89,11.89,-0.06,-0.50%,0
"2023-08-16 12:20",11.86,11.89,11.84,11.89,0,0.00%,0
"2023-08-16 12:21",11.89,11.96,11.89,11.9,0.01,+0.08%,0
"2023-08-16 12:22",11.88,11.88,11.86,11.86,-0.04,-0.34%,0
"2023-08-16 12:23",11.89,11.91,11.89,11.89,0.03,+0.25%,0
"2023-08-16 12:24",11.91,11.93,11.91,11.92,0.03,+0.25%,0
"2023-08-16 12:25",11.92,11.97,11.92,11.97,0.05,+0.42%,0
"2023-08-16 12:26",12,12.08,12,12.08,0.11,+0.92%,0
"2023-08-16 12:27",12,12.06,12,12.03,-0.05,-0.41%,0
"2023-08-16 12:28",12.02,12.03,12,12.03,0,0.00%,0
"2023-08-16 12:29",12.06,12.07,12.06,12.06,0.03,+0.25%,0
"2023-08-16 12:30",12.07,12.15,12.07,12.13,0.07,+0.58%,0
"2023-08-16 12:31",12.15,12.15,12.1,12.1,-0.03,-0.25%,0
"2023-08-16 12:32",12.08,12.08,12.05,12.05,-0.05,-0.41%,0
"2023-08-16 12:33",12.03,12.05,12.03,12.04,-0.01,-0.08%,0
"2023-08-16 12:34",11.95,11.95,11.91,11.94,-0.1,-0.83%,0
"2023-08-16 12:35",11.92,11.93,11.92,11.92,-0.02,-0.17%,0
"2023-08-16 12:36",11.93,11.96,11.93,11.95,0.03,+0.25%,0
"2023-08-16 12:37",11.9,11.9,11.85,11.85,-0.1,-0.84%,0
"2023-08-16 12:38",11.83,11.87,11.83,11.87,0.02,+0.17%,0
"2023-08-16 12:39",11.87,11.89,11.87,11.87,0,0.00%,0
"2023-08-16 12:40",11.86,11.87,11.86,11.87,0,0.00%,0
"2023-08-16 12:41",11.86,11.86,11.84,11.84,-0.03,-0.25%,0
"2023-08-16 12:42",11.84,11.84,11.79,11.79,-0.05,-0.42%,0
"2023-08-16 12:43",11.78,11.8,11.78,11.79,0,0.00%,0
"2023-08-16 12:44",11.79,11.85,11.79,11.85,0.06,+0.51%,0
"2023-08-16 12:45",11.85,11.86,11.85,11.86,0.01,+0.08%,0
"2023-08-16 12:46",11.82,11.85,11.82,11.85,-0.01,-0.08%,0
"2023-08-16 12:47",11.85,11.92,11.85,11.92,0.07,+0.59%,0
"2023-08-16 12:48",11.94,12.01,11.94,12,0.08,+0.67%,0
"2023-08-16 12:49",12.01,12.02,11.97,12.02,0.02,+0.17%,0
"2023-08-16 12:50",12.03,12.04,12.01,12.02,0,0.00%,0
"2023-08-16 12:51",12.04,12.07,12.04,12.07,0.05,+0.42%,0
"2023-08-16 12:52",12.06,12.07,12.06,12.07,0,0.00%,0
"2023-08-16 12:53",12.06,12.07,12.05,12.05,-0.02,-0.17%,0
"2023-08-16 12:54",12.07,12.09,12.07,12.08,0.03,+0.25%,0
"2023-08-16 12:55",12.1,12.13,12.09,12.1,0.02,+0.17%,0
"2023-08-16 12:56",12.11,12.15,12.11,12.13,0.03,+0.25%,0
"2023-08-16 12:57",12.14,12.21,12.14,12.21,0.08,+0.66%,0
"2023-08-16 12:58",12.18,12.18,12.17,12.17,-0.04,-0.33%,0
"2023-08-16 12:59",12.17,12.23,12.17,12.23,0.06,+0.49%,0
"2023-08-16 13:00",12.24,12.24,12.19,12.19,-0.04,-0.33%,0
"2023-08-16 13:01",12.15,12.19,12.15,12.17,-0.02,-0.16%,0
"2023-08-16 13:02",12.17,12.17,12.14,12.14,-0.03,-0.25%,0
"2023-08-16 13:03",12.13,12.16,12.13,12.16,0.02,+0.16%,0
"2023-08-16 13:04",12.17,12.2,12.17,12.2,0.04,+0.33%,0
"2023-08-16 13:05",12.22,12.24,12.21,12.24,0.04,+0.33%,0
"2023-08-16 13:06",12.26,12.5,12.26,12.5,0.26,+2.12%,0
"2023-08-16 13:07",12.59,12.63,12.55,12.55,0.05,+0.40%,0
"2023-08-16 13:08",12.52,12.55,12.52,12.53,-0.02,-0.16%,0
"2023-08-16 13:09",12.53,12.62,12.5,12.62,0.09,+0.72%,0
"2023-08-16 13:10",12.62,12.8,12.62,12.8,0.18,+1.43%,0
"2023-08-16 13:11",12.8,12.8,12.62,12.62,-0.18,-1.41%,0
"2023-08-16 13:12",12.64,12.7,12.64,12.67,0.05,+0.40%,0
"2023-08-16 13:13",12.73,12.73,12.65,12.65,-0.02,-0.16%,0
"2023-08-16 13:14",12.6,12.63,12.6,12.63,-0.02,-0.16%,0
"2023-08-16 13:15",12.64,12.71,12.64,12.71,0.08,+0.63%,0
"2023-08-16 13:16",12.71,12.71,12.67,12.67,-0.04,-0.31%,0
"2023-08-16 13:17",12.66,12.71,12.66,12.7,0.03,+0.24%,0
"2023-08-16 13:18",12.67,12.69,12.67,12.69,-0.01,-0.08%,0
"2023-08-16 13:19",12.69,12.72,12.69,12.7,0.01,+0.08%,0
"2023-08-16 13:20",12.71,12.74,12.71,12.72,0.02,+0.16%,0
"2023-08-16 13:21",12.72,12.75,12.72,12.72,0,0.00%,0
"2023-08-16 13:22",12.7,12.7,12.67,12.67,-0.05,-0.39%,0
"2023-08-16 13:23",12.68,12.74,12.68,12.74,0.07,+0.55%,0
"2023-08-16 13:24",12.76,12.79,12.76,12.79,0.05,+0.39%,0
"2023-08-16 13:25",12.78,12.81,12.78,12.81,0.02,+0.16%,0
"2023-08-16 13:26",12.8,12.84,12.8,12.83,0.02,+0.16%,0
"2023-08-16 13:27",12.82,12.87,12.82,12.87,0.04,+0.31%,0
"2023-08-16 13:28",12.9,12.92,12.9,12.92,0.05,+0.39%,0
"2023-08-16 13:29",12.92,12.97,12.92,12.95,0.03,+0.23%,0
"2023-08-16 13:30",12.94,12.99,12.94,12.99,0.04,+0.31%,0
"2023-08-16 13:31",13,13.02,13,13.01,0.02,+0.15%,0
"2023-08-16 13:32",13,13.01,12.96,12.96,-0.05,-0.38%,0
"2023-08-16 13:33",12.98,13,12.98,13,0.04,+0.31%,0
"2023-08-16 13:34",13,13.01,12.99,12.99,-0.01,-0.08%,0
"2023-08-16 13:35",12.99,13.02,12.99,13.01,0.02,+0.15%,0
"2023-08-16 13:36",12.98,12.98,12.95,12.95,-0.06,-0.46%,0
"2023-08-16 13:37",12.94,12.96,12.94,12.95,0,0.00%,0
"2023-08-16 13:38",12.96,12.98,12.96,12.98,0.03,+0.23%,0
"2023-08-16 13:39",13,13,12.96,12.96,-0.02,-0.15%,0
"2023-08-16 13:40",12.93,12.93,12.86,12.86,-0.1,-0.77%,0
"2023-08-16 13:41",12.85,12.86,12.82,12.82,-0.04,-0.31%,0
"2023-08-16 13:42",12.83,12.85,12.79,12.79,-0.03,-0.23%,0
"2023-08-16 13:43",12.76,12.76,12.74,12.75,-0.04,-0.31%,0
"2023-08-16 13:44",12.72,12.76,12.72,12.76,0.01,+0.08%,0
"2023-08-16 13:45",12.81,12.85,12.81,12.85,0.09,+0.71%,0
"2023-08-16 13:46",12.84,12.88,12.84,12.86,0.01,+0.08%,0
"2023-08-16 13:47",12.87,12.87,12.85,12.85,-0.01,-0.08%,0
"2023-08-16 13:48",12.82,12.84,12.82,12.84,-0.01,-0.08%,0
"2023-08-16 13:49",12.83,12.83,12.82,12.83,-0.01,-0.08%,0
"2023-08-16 13:50",12.8,12.83,12.8,12.83,0,0.00%,0
"2023-08-16 13:51",12.85,12.85,12.84,12.84,0.01,+0.08%,0
"2023-08-16 13:52",12.86,12.9,12.86,12.9,0.06,+0.47%,0
"2023-08-16 13:53",12.91,12.91,12.88,12.88,-0.02,-0.16%,0
"2023-08-16 13:54",12.88,12.99,12.88,12.99,0.11,+0.85%,0
"2023-08-16 13:55",13,13.01,12.96,12.96,-0.03,-0.23%,0
"2023-08-16 13:56",13.01,13.03,13.01,13.03,0.07,+0.54%,0
"2023-08-16 13:57",13.04,13.1,13.04,13.1,0.07,+0.54%,0
"2023-08-16 13:58",13.12,13.12,13.1,13.12,0.02,+0.15%,0
"2023-08-16 13:59",13.11,13.19,13.11,13.19,0.07,+0.53%,0
"2023-08-16 14:00",13.03,13.26,13.03,13.19,0,0.00%,0
"2023-08-16 14:01",13.23,13.23,13.12,13.18,-0.01,-0.08%,0
"2023-08-16 14:02",13.17,13.39,13.17,13.39,0.21,+1.59%,0
"2023-08-16 14:03",13.48,13.48,13.13,13.13,-0.26,-1.94%,0
"2023-08-16 14:04",13.13,13.2,13.13,13.2,0.07,+0.53%,0
"2023-08-16 14:05",13.18,13.22,13.17,13.17,-0.03,-0.23%,0
"2023-08-16 14:06",13.06,13.06,12.97,12.99,-0.18,-1.37%,0
"2023-08-16 14:07",12.98,13.03,12.97,13.03,0.04,+0.31%,0
"2023-08-16 14:08",13.01,13.09,13.01,13.09,0.06,+0.46%,0
"2023-08-16 14:09",13.08,13.12,13.08,13.08,-0.01,-0.08%,0
"2023-08-16 14:10",13.05,13.17,13.05,13.17,0.09,+0.69%,0
"2023-08-16 14:11",13.21,13.33,13.21,13.24,0.07,+0.53%,0
"2023-08-16 14:12",13.27,13.45,13.27,13.45,0.21,+1.59%,0
"2023-08-16 14:13",13.47,13.47,13.25,13.25,-0.2,-1.49%,0
"2023-08-16 14:14",13.26,13.26,13.23,13.23,-0.02,-0.15%,0
"2023-08-16 14:15",13.26,13.26,13.22,13.22,-0.01,-0.08%,0
"2023-08-16 14:16",13.2,13.21,13.16,13.16,-0.06,-0.45%,0
"2023-08-16 14:17",13.18,13.18,12.98,12.98,-0.18,-1.37%,0
"2023-08-16 14:18",12.93,12.96,12.92,12.92,-0.06,-0.46%,0
"2023-08-16 14:19",12.91,12.96,12.91,12.95,0.03,+0.23%,0
"2023-08-16 14:20",12.94,12.96,12.83,12.83,-0.12,-0.93%,0
"2023-08-16 14:21",12.85,12.85,12.83,12.83,0,0.00%,0
"2023-08-16 14:22",12.87,12.88,12.83,12.83,0,0.00%,0
"2023-08-16 14:23",12.82,12.84,12.82,12.84,0.01,+0.08%,0
"2023-08-16 14:24",12.84,12.86,12.83,12.83,-0.01,-0.08%,0
"2023-08-16 14:25",12.85,12.88,12.83,12.88,0.05,+0.39%,0
"2023-08-16 14:26",12.91,12.99,12.91,12.99,0.11,+0.85%,0
"2023-08-16 14:27",12.99,12.99,12.97,12.97,-0.02,-0.15%,0
"2023-08-16 14:28",12.96,12.96,12.87,12.87,-0.1,-0.77%,0
"2023-08-16 14:29",12.87,12.9,12.87,12.9,0.03,+0.23%,0
"2023-08-16 14:30",12.92,12.92,12.88,12.88,-0.02,-0.16%,0
"2023-08-16 14:31",12.9,12.93,12.9,12.91,0.03,+0.23%,0
"2023-08-16 14:32",12.93,12.95,12.92,12.95,0.04,+0.31%,0
"2023-08-16 14:33",12.98,13.05,12.98,12.99,0.04,+0.31%,0
"2023-08-16 14:34",13.04,13.06,13.04,13.06,0.07,+0.54%,0
"2023-08-16 14:35",13.07,13.1,13.07,13.1,0.04,+0.31%,0
"2023-08-16 14:36",13.1,13.13,13.1,13.1,0,0.00%,0
"2023-08-16 14:37",13.13,13.17,13.13,13.17,0.07,+0.53%,0
"2023-08-16 14:38",13.13,13.2,13.13,13.2,0.03,+0.23%,0
"2023-08-16 14:39",13.19,13.24,13.19,13.23,0.03,+0.23%,0
"2023-08-16 14:40",13.22,13.27,13.22,13.27,0.04,+0.30%,0
"2023-08-16 14:41",13.28,13.36,13.28,13.36,0.09,+0.68%,0
"2023-08-16 14:42",13.43,13.52,13.43,13.52,0.16,+1.20%,0
"2023-08-16 14:43",13.59,13.72,13.59,13.72,0.2,+1.48%,0
"2023-08-16 14:44",13.71,13.71,13.64,13.64,-0.08,-0.58%,0
"2023-08-16 14:45",13.57,13.57,13.49,13.51,-0.13,-0.95%,0
"2023-08-16 14:46",13.49,13.54,13.49,13.52,0.01,+0.07%,0
"2023-08-16 14:47",13.51,13.63,13.51,13.63,0.11,+0.81%,0
"2023-08-16 14:48",13.64,13.85,13.64,13.85,0.22,+1.61%,0
"2023-08-16 14:49",13.86,14.05,13.86,14.05,0.2,+1.44%,0
"2023-08-16 14:50",14.01,14.06,14.01,14.05,0,0.00%,0
"2023-08-16 14:51",14.14,14.22,14.05,14.05,0,0.00%,0
"2023-08-16 14:52",13.99,13.99,13.85,13.85,-0.2,-1.42%,0
"2023-08-16 14:53",13.85,13.85,13.82,13.82,-0.03,-0.22%,0
"2023-08-16 14:54",13.78,13.95,13.78,13.95,0.13,+0.94%,0
"2023-08-16 14:55",13.91,13.94,13.89,13.89,-0.06,-0.43%,0
"2023-08-16 14:56",13.91,13.93,13.9,13.92,0.03,+0.22%,0
"2023-08-16 14:57",13.92,14.04,13.92,14.01,0.09,+0.65%,0
"2023-08-16 14:58",13.91,13.97,13.91,13.97,-0.04,-0.29%,0
"2023-08-16 14:59",13.95,13.99,13.95,13.95,-0.02,-0.14%,0
"2023-08-16 15:00",13.95,14.02,13.95,14.02,0.07,+0.50%,0
"2023-08-16 15:01",14.08,14.21,14.08,14.19,0.17,+1.21%,0
"2023-08-16 15:02",14.17,14.17,14.11,14.11,-0.08,-0.56%,0
"2023-08-16 15:03",14.05,14.05,13.98,13.98,-0.13,-0.92%,0
"2023-08-16 15:04",13.94,13.94,13.86,13.86,-0.12,-0.86%,0
"2023-08-16 15:05",13.9,14,13.9,14,0.14,+1.01%,0
"2023-08-16 15:06",14,14,13.93,13.93,-0.07,-0.50%,0
"2023-08-16 15:07",13.93,13.95,13.92,13.94,0.01,+0.07%,0
"2023-08-16 15:08",13.99,14.18,13.99,14.16,0.22,+1.58%,0
"2023-08-16 15:09",14.13,14.19,14.13,14.15,-0.01,-0.07%,0
"2023-08-16 15:10",14.14,14.14,14.07,14.1,-0.05,-0.35%,0
"2023-08-16 15:11",14.12,14.51,14.12,14.51,0.41,+2.91%,0
"2023-08-16 15:12",14.6,14.77,14.6,14.74,0.23,+1.59%,0
"2023-08-16 15:13",14.57,14.6,14.57,14.6,-0.14,-0.95%,0
"2023-08-16 15:14",14.61,14.64,14.58,14.58,-0.02,-0.14%,0
"2023-08-16 15:15",14.49,14.55,14.49,14.55,-0.03,-0.21%,0
"2023-08-16 15:16",14.62,14.68,14.62,14.68,0.13,+0.89%,0
"2023-08-16 15:17",14.69,14.69,14.59,14.59,-0.09,-0.61%,0
"2023-08-16 15:18",14.59,14.91,14.59,14.91,0.32,+2.19%,0
"2023-08-16 15:19",14.91,14.91,14.78,14.78,-0.13,-0.87%,0
"2023-08-16 15:20",14.64,14.64,14.46,14.46,-0.32,-2.17%,0
"2023-08-16 15:21",14.41,14.48,14.41,14.48,0.02,+0.14%,0
"2023-08-16 15:22",14.47,14.47,14.38,14.38,-0.1,-0.69%,0
"2023-08-16 15:23",14.44,14.59,14.41,14.59,0.21,+1.46%,0
"2023-08-16 15:24",14.62,14.78,14.62,14.72,0.13,+0.89%,0
"2023-08-16 15:25",14.74,14.77,14.71,14.77,0.05,+0.34%,0
"2023-08-16 15:26",14.83,14.83,14.74,14.74,-0.03,-0.20%,0
"2023-08-16 15:27",14.7,14.7,14.55,14.55,-0.19,-1.29%,0
"2023-08-16 15:28",14.51,14.51,14.35,14.35,-0.2,-1.37%,0
"2023-08-16 15:29",14.55,14.55,14.46,14.46,0.11,+0.77%,0
"2023-08-16 15:30",14.44,14.5,14.44,14.5,0.04,+0.28%,0
"2023-08-16 15:31",14.53,14.53,14.37,14.38,-0.12,-0.83%,0
"2023-08-16 15:32",14.34,14.36,14.23,14.23,-0.15,-1.04%,0
"2023-08-16 15:33",14.23,14.23,14.12,14.12,-0.11,-0.77%,0
"2023-08-16 15:34",14.03,14.03,13.97,13.98,-0.14,-0.99%,0
"2023-08-16 15:35",13.97,13.97,13.93,13.93,-0.05,-0.36%,0
"2023-08-16 15:36",13.97,14.05,13.97,14.05,0.12,+0.86%,0
"2023-08-16 15:37",14.04,14.18,14.04,14.18,0.13,+0.93%,0
"2023-08-16 15:38",14.19,14.22,14.14,14.22,0.04,+0.28%,0
"2023-08-16 15:39",14.28,14.31,14.25,14.25,0.03,+0.21%,0
"2023-08-16 15:40",14.24,14.24,14.18,14.2,-0.05,-0.35%,0
"2023-08-16 15:41",14.22,14.24,14.22,14.22,0.02,+0.14%,0
"2023-08-16 15:42",14.22,14.22,14.17,14.2,-0.02,-0.14%,0
"2023-08-16 15:43",14.17,14.27,14.17,14.27,0.07,+0.49%,0
"2023-08-16 15:44",14.18,14.18,14,14,-0.27,-1.89%,0
"2023-08-16 15:45",14.02,14.02,13.99,13.99,-0.01,-0.07%,0
"2023-08-16 15:46",13.99,14.01,13.94,13.94,-0.05,-0.36%,0
"2023-08-16 15:47",13.92,13.96,13.9,13.9,-0.04,-0.29%,0
"2023-08-16 15:48",13.91,13.91,13.84,13.84,-0.06,-0.43%,0
"2023-08-16 15:49",13.83,13.91,13.83,13.91,0.07,+0.51%,0
"2023-08-16 15:50",13.88,14.3,13.88,14.3,0.39,+2.80%,0
"2023-08-16 15:51",14.31,14.31,14.14,14.14,-0.16,-1.12%,0
"2023-08-16 15:52",14.16,14.25,14.16,14.25,0.11,+0.78%,0
"2023-08-16 15:53",14.29,14.29,14.24,14.24,-0.01,-0.07%,0
"2023-08-16 15:54",14.22,14.27,14.21,14.26,0.02,+0.14%,0
"2023-08-16 15:55",14.2,14.2,14.15,14.18,-0.08,-0.56%,0
"2023-08-16 15:56",14.21,14.42,14.21,14.42,0.24,+1.69%,0
"2023-08-16 15:57",14.42,14.48,14.35,14.35,-0.07,-0.49%,0
"2023-08-16 15:58",14.39,14.39,14.36,14.36,0.01,+0.07%,0
"2023-08-16 15:59",14.38,14.54,14.38,14.54,0.18,+1.25%,0
"2023-08-16 16:00",14.48,14.5,14.37,14.37,-0.17,-1.17%,0
"2023-08-16 16:01",14.32,14.32,14.16,14.16,-0.21,-1.46%,0
"2023-08-16 16:02",14.07,14.11,14.07,14.11,-0.05,-0.35%,0
"2023-08-16 16:03",14.11,14.18,14.1,14.1,-0.01,-0.07%,0
"2023-08-16 16:04",14.11,14.17,14.11,14.11,0.01,+0.07%,0
"2023-08-16 16:05",14.06,14.06,14.05,14.05,-0.06,-0.43%,0
"2023-08-16 16:06",14.08,14.08,14.06,14.06,0.01,+0.07%,0
"2023-08-16 16:07",14.02,14.02,13.95,13.97,-0.09,-0.64%,0
"2023-08-16 16:08",13.96,13.96,13.95,13.95,-0.02,-0.14%,0
"2023-08-16 16:09",13.94,13.95,13.94,13.95,0,0.00%,0
"2023-08-16 16:10",13.94,13.94,13.91,13.92,-0.03,-0.22%,0
"2023-08-16 16:11",13.93,13.95,13.93,13.94,0.02,+0.14%,0
"2023-08-16 16:12",13.95,13.95,13.92,13.93,-0.01,-0.07%,0
"2023-08-16 16:13",13.93,13.96,13.91,13.96,0.03,+0.22%,0
"2023-08-16 16:14",14.02,14.17,14.02,14.17,0.21,+1.50%,0
"2023-08-16 16:15",14.16,14.16,14.16,14.16,-0.01,-0.07%,0
"2023-08-17 09:31",10.43,10.48,10.43,10.48,-3.68,-25.99%,0
"2023-08-17 09:32",10.59,10.66,10.54,10.54,0.06,+0.57%,0
"2023-08-17 09:33",10.51,10.57,10.5,10.57,0.03,+0.28%,0
"2023-08-17 09:34",10.56,10.63,10.56,10.56,-0.01,-0.09%,0
"2023-08-17 09:35",10.66,10.66,10.5,10.5,-0.06,-0.57%,0
"2023-08-17 09:36",10.55,10.58,10.55,10.57,0.07,+0.67%,0
"2023-08-17 09:37",10.57,10.65,10.57,10.65,0.08,+0.76%,0
"2023-08-17 09:38",10.7,10.7,10.67,10.68,0.03,+0.28%,0
"2023-08-17 09:39",10.71,10.8,10.68,10.68,0,0.00%,0
"2023-08-17 09:40",10.67,10.76,10.67,10.76,0.08,+0.75%,0
"2023-08-17 09:41",10.76,10.78,10.76,10.76,0,0.00%,0
"2023-08-17 09:42",10.73,10.73,10.68,10.68,-0.08,-0.74%,0
"2023-08-17 09:43",10.67,10.74,10.67,10.74,0.06,+0.56%,0
"2023-08-17 09:44",10.71,10.87,10.71,10.87,0.13,+1.21%,0
"2023-08-17 09:45",10.88,10.92,10.86,10.86,-0.01,-0.09%,0
"2023-08-17 09:46",10.86,10.9,10.86,10.89,0.03,+0.28%,0
"2023-08-17 09:47",10.88,10.9,10.84,10.84,-0.05,-0.46%,0
"2023-08-17 09:48",10.83,10.9,10.83,10.9,0.06,+0.55%,0
"2023-08-17 09:49",10.87,10.87,10.76,10.76,-0.14,-1.28%,0
"2023-08-17 09:50",10.83,10.83,10.73,10.73,-0.03,-0.28%,0
"2023-08-17 09:51",10.77,10.87,10.77,10.87,0.14,+1.30%,0
"2023-08-17 09:52",10.91,10.94,10.91,10.91,0.04,+0.37%,0
"2023-08-17 09:53",10.94,10.98,10.94,10.98,0.07,+0.64%,0
"2023-08-17 09:54",11.01,11.08,10.99,11.08,0.1,+0.91%,0
"2023-08-17 09:55",11.06,11.1,11.06,11.08,0,0.00%,0
"2023-08-17 09:56",11.1,11.1,10.84,10.84,-0.24,-2.17%,0
"2023-08-17 09:57",10.85,10.99,10.85,10.99,0.15,+1.38%,0
"2023-08-17 09:58",10.96,11.02,10.96,11.02,0.03,+0.27%,0
"2023-08-17 09:59",11.02,11.02,10.91,10.91,-0.11,-1.00%,0
"2023-08-17 10:00",10.96,10.98,10.96,10.97,0.06,+0.55%,0
"2023-08-17 10:01",10.92,10.92,10.89,10.9,-0.07,-0.64%,0
"2023-08-17 10:02",10.96,10.97,10.95,10.95,0.05,+0.46%,0
"2023-08-17 10:03",11.04,11.06,11,11,0.05,+0.46%,0
"2023-08-17 10:04",10.96,11.08,10.96,11.08,0.08,+0.73%,0
"2023-08-17 10:05",11.08,11.1,11.08,11.1,0.02,+0.18%,0
"2023-08-17 10:06",11.12,11.3,11.12,11.3,0.2,+1.80%,0
"2023-08-17 10:07",11.05,11.11,11.05,11.11,-0.19,-1.68%,0
"2023-08-17 10:08",11.09,11.16,11.09,11.16,0.05,+0.45%,0
"2023-08-17 10:09",11.21,11.22,11.14,11.14,-0.02,-0.18%,0
"2023-08-17 10:10",11.19,11.21,11.19,11.21,0.07,+0.63%,0
"2023-08-17 10:11",11.23,11.25,11.22,11.22,0.01,+0.09%,0
"2023-08-17 10:12",11.26,11.38,11.26,11.38,0.16,+1.43%,0
"2023-08-17 10:13",11.28,11.37,11.28,11.37,-0.01,-0.09%,0
"2023-08-17 10:14",11.32,11.36,11.21,11.21,-0.16,-1.41%,0
"2023-08-17 10:15",11.18,11.18,11.08,11.08,-0.13,-1.16%,0
"2023-08-17 10:16",11.08,11.18,11.08,11.18,0.1,+0.90%,0
"2023-08-17 10:17",11.22,11.39,11.22,11.39,0.21,+1.88%,0
"2023-08-17 10:18",11.43,11.43,11.26,11.26,-0.13,-1.14%,0
"2023-08-17 10:19",11.31,11.35,11.31,11.34,0.08,+0.71%,0
"2023-08-17 10:20",11.32,11.32,11.24,11.24,-0.1,-0.88%,0
"2023-08-17 10:21",11.21,11.23,11.19,11.19,-0.05,-0.44%,0
"2023-08-17 10:22",11.15,11.17,11.13,11.17,-0.02,-0.18%,0
"2023-08-17 10:23",11.12,11.17,11.12,11.15,-0.02,-0.18%,0
"2023-08-17 10:24",11.17,11.28,11.17,11.28,0.13,+1.17%,0
"2023-08-17 10:25",11.3,11.42,11.3,11.42,0.14,+1.24%,0
"2023-08-17 10:26",11.41,11.41,11.36,11.36,-0.06,-0.53%,0
"2023-08-17 10:27",11.38,11.4,11.37,11.37,0.01,+0.09%,0
"2023-08-17 10:28",11.35,11.41,11.35,11.4,0.03,+0.26%,0
"2023-08-17 10:29",11.42,11.44,11.41,11.41,0.01,+0.09%,0
"2023-08-17 10:30",11.41,11.43,11.36,11.37,-0.04,-0.35%,0
"2023-08-17 10:31",11.36,11.38,11.36,11.37,0,0.00%,0
"2023-08-17 10:32",11.41,11.42,11.4,11.42,0.05,+0.44%,0
"2023-08-17 10:33",11.41,11.62,11.41,11.62,0.2,+1.75%,0
"2023-08-17 10:34",11.49,11.54,11.49,11.54,-0.08,-0.69%,0
"2023-08-17 10:35",11.59,11.59,11.53,11.53,-0.01,-0.09%,0
"2023-08-17 10:36",11.58,11.63,11.58,11.63,0.1,+0.87%,0
"2023-08-17 10:37",11.65,11.79,11.65,11.7,0.07,+0.60%,0
"2023-08-17 10:38",11.69,11.69,11.63,11.63,-0.07,-0.60%,0
"2023-08-17 10:39",11.53,11.54,11.53,11.53,-0.1,-0.86%,0
"2023-08-17 10:40",11.52,11.63,11.52,11.63,0.1,+0.87%,0
"2023-08-17 10:41",11.62,11.66,11.62,11.62,-0.01,-0.09%,0
"2023-08-17 10:42",11.58,11.62,11.53,11.53,-0.09,-0.77%,0
"2023-08-17 10:43",11.55,11.55,11.5,11.53,0,0.00%,0
"2023-08-17 10:44",11.58,11.64,11.58,11.64,0.11,+0.95%,0
"2023-08-17 10:45",11.6,11.6,11.56,11.56,-0.08,-0.69%,0
"2023-08-17 10:46",11.59,11.62,11.59,11.6,0.04,+0.35%,0
"2023-08-17 10:47",11.56,11.56,11.49,11.49,-0.11,-0.95%,0
"2023-08-17 10:48",11.49,11.5,11.41,11.41,-0.08,-0.70%,0
"2023-08-17 10:49",11.42,11.42,11.34,11.34,-0.07,-0.61%,0
"2023-08-17 10:50",11.34,11.34,11.32,11.33,-0.01,-0.09%,0
"2023-08-17 10:51",11.29,11.29,11.18,11.25,-0.08,-0.71%,0
"2023-08-17 10:52",11.24,11.3,11.24,11.3,0.05,+0.44%,0
"2023-08-17 10:53",11.27,11.32,11.26,11.26,-0.04,-0.35%,0
"2023-08-17 10:54",11.26,11.29,11.26,11.29,0.03,+0.27%,0
"2023-08-17 10:55",11.26,11.29,11.25,11.25,-0.04,-0.35%,0
"2023-08-17 10:56",11.24,11.29,11.24,11.28,0.03,+0.27%,0
"2023-08-17 10:57",11.33,11.39,11.33,11.35,0.07,+0.62%,0
"2023-08-17 10:58",11.33,11.37,11.33,11.36,0.01,+0.09%,0
"2023-08-17 10:59",11.37,11.49,11.37,11.48,0.12,+1.06%,0
"2023-08-17 11:00",11.5,11.64,11.47,11.64,0.16,+1.39%,0
"2023-08-17 11:01",11.64,11.64,11.55,11.57,-0.07,-0.60%,0
"2023-08-17 11:02",11.55,11.57,11.55,11.55,-0.02,-0.17%,0
"2023-08-17 11:03",11.53,11.59,11.53,11.59,0.04,+0.35%,0
"2023-08-17 11:04",11.61,11.61,11.57,11.59,0,0.00%,0
"2023-08-17 11:05",11.58,11.58,11.54,11.58,-0.01,-0.09%,0
"2023-08-17 11:06",11.54,11.55,11.48,11.52,-0.06,-0.52%,0
"2023-08-17 11:07",11.56,11.64,11.56,11.64,0.12,+1.04%,0
"2023-08-17 11:08",11.68,11.77,11.68,11.73,0.09,+0.77%,0
"2023-08-17 11:09",11.75,11.79,11.75,11.76,0.03,+0.26%,0
"2023-08-17 11:10",11.75,11.75,11.53,11.53,-0.23,-1.96%,0
"2023-08-17 11:11",11.52,11.56,11.52,11.55,0.02,+0.17%,0
"2023-08-17 11:12",11.56,11.65,11.56,11.64,0.09,+0.78%,0
"2023-08-17 11:13",11.64,11.7,11.62,11.62,-0.02,-0.17%,0
"2023-08-17 11:14",11.51,11.57,11.5,11.55,-0.07,-0.60%,0
"2023-08-17 11:15",11.55,11.62,11.55,11.55,0,0.00%,0
"2023-08-17 11:16",11.55,11.57,11.54,11.54,-0.01,-0.09%,0
"2023-08-17 11:17",11.56,11.65,11.56,11.65,0.11,+0.95%,0
"2023-08-17 11:18",11.65,11.68,11.65,11.66,0.01,+0.09%,0
"2023-08-17 11:19",11.66,11.68,11.66,11.68,0.02,+0.17%,0
"2023-08-17 11:20",11.66,11.66,11.61,11.63,-0.05,-0.43%,0
"2023-08-17 11:21",11.65,11.72,11.65,11.71,0.08,+0.69%,0
"2023-08-17 11:22",11.67,11.69,11.55,11.55,-0.16,-1.37%,0
"2023-08-17 11:23",11.56,11.62,11.56,11.59,0.04,+0.35%,0
"2023-08-17 11:24",11.62,11.62,11.59,11.61,0.02,+0.17%,0
"2023-08-17 11:25",11.61,11.66,11.61,11.64,0.03,+0.26%,0
"2023-08-17 11:26",11.67,11.81,11.67,11.81,0.17,+1.46%,0
"2023-08-17 11:27",11.86,11.9,11.85,11.85,0.04,+0.34%,0
"2023-08-17 11:28",11.86,11.89,11.81,11.81,-0.04,-0.34%,0
"2023-08-17 11:29",11.82,11.87,11.82,11.87,0.06,+0.51%,0
"2023-08-17 11:30",11.86,11.89,11.85,11.86,-0.01,-0.08%,0
"2023-08-17 11:31",11.88,11.9,11.86,11.87,0.01,+0.08%,0
"2023-08-17 11:32",11.9,11.97,11.9,11.97,0.1,+0.84%,0
"2023-08-17 11:33",11.96,12.02,11.96,11.98,0.01,+0.08%,0
"2023-08-17 11:34",12,12.04,11.99,11.99,0.01,+0.08%,0
"2023-08-17 11:35",11.99,12.07,11.99,12.07,0.08,+0.67%,0
"2023-08-17 11:36",12.14,12.18,12.13,12.18,0.11,+0.91%,0
"2023-08-17 11:37",12.21,12.21,12.04,12.13,-0.05,-0.41%,0
"2023-08-17 11:38",12.18,12.18,12.04,12.04,-0.09,-0.74%,0
"2023-08-17 11:39",12.01,12.11,11.99,12.11,0.07,+0.58%,0
"2023-08-17 11:40",12.13,12.15,12.13,12.13,0.02,+0.17%,0
"2023-08-17 11:41",12.12,12.12,12.08,12.12,-0.01,-0.08%,0
"2023-08-17 11:42",12.12,12.14,12.12,12.13,0.01,+0.08%,0
"2023-08-17 11:43",12.11,12.12,12.1,12.12,-0.01,-0.08%,0
"2023-08-17 11:44",12.15,12.16,12.15,12.15,0.03,+0.25%,0
"2023-08-17 11:45",12.17,12.2,12.17,12.18,0.03,+0.25%,0
"2023-08-17 11:46",12.17,12.18,12.11,12.11,-0.07,-0.57%,0
"2023-08-17 11:47",12.07,12.12,12.07,12.1,-0.01,-0.08%,0
"2023-08-17 11:48",12.1,12.22,12.1,12.22,0.12,+0.99%,0
"2023-08-17 11:49",12.31,12.42,12.31,12.35,0.13,+1.06%,0
"2023-08-17 11:50",12.37,12.37,12.29,12.3,-0.05,-0.40%,0
"2023-08-17 11:51",12.22,12.22,12.13,12.14,-0.16,-1.30%,0
"2023-08-17 11:52",12.11,12.12,12.01,12.01,-0.13,-1.07%,0
"2023-08-17 11:53",12.04,12.17,12.04,12.15,0.14,+1.17%,0
"2023-08-17 11:54",12.18,12.26,12.18,12.26,0.11,+0.91%,0
"2023-08-17 11:55",12.35,12.41,12.25,12.25,-0.01,-0.08%,0
"2023-08-17 11:56",12.23,12.25,12.16,12.16,-0.09,-0.73%,0
"2023-08-17 11:57",12.22,12.28,12.22,12.26,0.1,+0.82%,0
"2023-08-17 11:58",12.3,12.39,12.3,12.39,0.13,+1.06%,0
"2023-08-17 11:59",12.38,12.38,12.35,12.37,-0.02,-0.16%,0
"2023-08-17 12:00",12.34,12.38,12.34,12.38,0.01,+0.08%,0
"2023-08-17 12:01",12.39,12.42,12.34,12.34,-0.04,-0.32%,0
"2023-08-17 12:02",12.36,12.42,12.36,12.4,0.06,+0.49%,0
"2023-08-17 12:03",12.4,12.46,12.4,12.46,0.06,+0.48%,0
"2023-08-17 12:04",12.48,12.52,12.48,12.5,0.04,+0.32%,0
"2023-08-17 12:05",12.47,12.54,12.47,12.54,0.04,+0.32%,0
"2023-08-17 12:06",12.51,12.51,12.49,12.49,-0.05,-0.40%,0
"2023-08-17 12:07",12.48,12.53,12.48,12.53,0.04,+0.32%,0
"2023-08-17 12:08",12.52,12.7,12.52,12.7,0.17,+1.36%,0
"2023-08-17 12:09",12.66,12.68,12.56,12.56,-0.14,-1.10%,0
"2023-08-17 12:10",12.56,12.56,12.39,12.39,-0.17,-1.35%,0
"2023-08-17 12:11",12.48,12.51,12.47,12.48,0.09,+0.73%,0
"2023-08-17 12:12",12.47,12.57,12.47,12.57,0.09,+0.72%,0
"2023-08-17 12:13",12.56,12.58,12.55,12.55,-0.02,-0.16%,0
"2023-08-17 12:14",12.48,12.52,12.48,12.52,-0.03,-0.24%,0
"2023-08-17 12:15",12.48,12.57,12.48,12.57,0.05,+0.40%,0
"2023-08-17 12:16",12.54,12.58,12.54,12.56,-0.01,-0.08%,0
"2023-08-17 12:17",12.52,12.56,12.52,12.52,-0.04,-0.32%,0
"2023-08-17 12:18",12.51,12.51,12.44,12.44,-0.08,-0.64%,0
"2023-08-17 12:19",12.43,12.49,12.43,12.49,0.05,+0.40%,0
"2023-08-17 12:20",12.49,12.51,12.49,12.49,0,0.00%,0
"2023-08-17 12:21",12.52,12.52,12.39,12.39,-0.1,-0.80%,0
"2023-08-17 12:22",12.36,12.36,12.29,12.36,-0.03,-0.24%,0
"2023-08-17 12:23",12.33,12.39,12.33,12.39,0.03,+0.24%,0
"2023-08-17 12:24",12.4,12.4,12.32,12.32,-0.07,-0.56%,0
"2023-08-17 12:25",12.28,12.32,12.28,12.32,0,0.00%,0
"2023-08-17 12:26",12.36,12.36,12.28,12.33,0.01,+0.08%,0
"2023-08-17 12:27",12.32,12.36,12.32,12.36,0.03,+0.24%,0
"2023-08-17 12:28",12.32,12.4,12.31,12.39,0.03,+0.24%,0
"2023-08-17 12:29",12.38,12.47,12.38,12.47,0.08,+0.65%,0
"2023-08-17 12:30",12.43,12.46,12.43,12.45,-0.02,-0.16%,0
"2023-08-17 12:31",12.42,12.47,12.42,12.47,0.02,+0.16%,0
"2023-08-17 12:32",12.44,12.51,12.44,12.51,0.04,+0.32%,0
"2023-08-17 12:33",12.52,12.63,12.52,12.59,0.08,+0.64%,0
"2023-08-17 12:34",12.58,12.7,12.58,12.7,0.11,+0.87%,0
"2023-08-17 12:35",12.66,12.66,12.64,12.64,-0.06,-0.47%,0
"2023-08-17 12:36",12.69,12.81,12.69,12.81,0.17,+1.34%,0
"2023-08-17 12:37",12.8,12.8,12.77,12.77,-0.04,-0.31%,0
"2023-08-17 12:38",12.75,12.81,12.75,12.81,0.04,+0.31%,0
"2023-08-17 12:39",12.79,12.81,12.79,12.81,0,0.00%,0
"2023-08-17 12:40",12.8,12.84,12.8,12.82,0.01,+0.08%,0
"2023-08-17 12:41",12.78,12.83,12.78,12.83,0.01,+0.08%,0
"2023-08-17 12:42",12.82,12.85,12.82,12.85,0.02,+0.16%,0
"2023-08-17 12:43",12.81,12.86,12.81,12.83,-0.02,-0.16%,0
"2023-08-17 12:44",12.85,12.9,12.85,12.9,0.07,+0.55%,0
"2023-08-17 12:45",12.91,13.07,12.91,13.07,0.17,+1.32%,0
"2023-08-17 12:46",13.1,13.1,13.04,13.04,-0.03,-0.23%,0
"2023-08-17 12:47",13.05,13.07,13.03,13.03,-0.01,-0.08%,0
"2023-08-17 12:48",12.99,13.03,12.98,13.03,0,0.00%,0
"2023-08-17 12:49",13.01,13.04,13.01,13.04,0.01,+0.08%,0
"2023-08-17 12:50",13.02,13.02,12.92,12.92,-0.12,-0.92%,0
"2023-08-17 12:51",12.93,12.99,12.93,12.96,0.04,+0.31%,0
"2023-08-17 12:52",12.96,13.01,12.9,12.9,-0.06,-0.46%,0
"2023-08-17 12:53",12.92,12.94,12.91,12.91,0.01,+0.08%,0
"2023-08-17 12:54",12.89,12.92,12.89,12.89,-0.02,-0.15%,0
"2023-08-17 12:55",12.89,12.95,12.89,12.95,0.06,+0.47%,0
"2023-08-17 12:56",12.94,12.96,12.89,12.89,-0.06,-0.46%,0
"2023-08-17 12:57",12.88,12.9,12.88,12.88,-0.01,-0.08%,0
"2023-08-17 12:58",12.89,12.92,12.89,12.92,0.04,+0.31%,0
"2023-08-17 12:59",12.91,12.91,12.9,12.9,-0.02,-0.15%,0
"2023-08-17 13:00",12.88,12.9,12.87,12.9,0,0.00%,0
"2023-08-17 13:01",12.89,12.93,12.89,12.93,0.03,+0.23%,0
"2023-08-17 13:02",12.95,13.02,12.95,13.01,0.08,+0.62%,0
"2023-08-17 13:03",12.99,12.99,12.97,12.99,-0.02,-0.15%,0
"2023-08-17 13:04",13,13.09,13,13.09,0.1,+0.77%,0
"2023-08-17 13:05",13.12,13.15,13.12,13.13,0.04,+0.31%,0
"2023-08-17 13:06",13.11,13.17,13.11,13.17,0.04,+0.30%,0
"2023-08-17 13:07",13.18,13.18,13.16,13.17,0,0.00%,0
"2023-08-17 13:08",13.13,13.13,13.11,13.11,-0.06,-0.46%,0
"2023-08-17 13:09",13.12,13.2,13.12,13.2,0.09,+0.69%,0
"2023-08-17 13:10",13.25,13.36,13.25,13.29,0.09,+0.68%,0
"2023-08-17 13:11",13.27,13.32,13.27,13.31,0.02,+0.15%,0
"2023-08-17 13:12",13.26,13.29,13.25,13.25,-0.06,-0.45%,0
"2023-08-17 13:13",13.26,13.27,13.25,13.25,0,0.00%,0
"2023-08-17 13:14",13.26,13.3,13.26,13.29,0.04,+0.30%,0
"2023-08-17 13:15",13.3,13.3,13.24,13.24,-0.05,-0.38%,0
"2023-08-17 13:16",13.25,13.29,13.25,13.29,0.05,+0.38%,0
"2023-08-17 13:17",13.3,13.42,13.3,13.42,0.13,+0.98%,0
"2023-08-17 13:18",13.45,13.45,13.39,13.39,-0.03,-0.22%,0
"2023-08-17 13:19",13.37,13.45,13.37,13.45,0.06,+0.45%,0
"2023-08-17 13:20",13.48,13.61,13.48,13.6,0.15,+1.12%,0
"2023-08-17 13:21",13.58,13.66,13.58,13.64,0.04,+0.29%,0
"2023-08-17 13:22",13.65,13.67,13.63,13.63,-0.01,-0.07%,0
"2023-08-17 13:23",13.63,13.63,13.58,13.58,-0.05,-0.37%,0
"2023-08-17 13:24",13.52,13.58,13.52,13.58,0,0.00%,0
"2023-08-17 13:25",13.64,13.65,13.58,13.58,0,0.00%,0
"2023-08-17 13:26",13.58,13.67,13.58,13.67,0.09,+0.66%,0
"2023-08-17 13:27",13.72,13.72,13.68,13.68,0.01,+0.07%,0
"2023-08-17 13:28",13.69,13.72,13.69,13.71,0.03,+0.22%,0
"2023-08-17 13:29",13.71,13.76,13.71,13.74,0.03,+0.22%,0
"2023-08-17 13:30",13.69,13.82,13.69,13.82,0.08,+0.58%,0
"2023-08-17 13:31",13.85,13.87,13.82,13.82,0,0.00%,0
"2023-08-17 13:32",13.84,13.89,13.84,13.89,0.07,+0.51%,0
"2023-08-17 13:33",13.9,13.9,13.86,13.86,-0.03,-0.22%,0
"2023-08-17 13:34",13.86,13.93,13.86,13.93,0.07,+0.51%,0
"2023-08-17 13:35",13.92,13.96,13.92,13.94,0.01,+0.07%,0
"2023-08-17 13:36",13.92,13.95,13.88,13.9,-0.04,-0.29%,0
"2023-08-17 13:37",13.92,13.92,13.9,13.9,0,0.00%,0
"2023-08-17 13:38",13.92,14,13.92,14,0.1,+0.72%,0
"2023-08-17 13:39",14,14.02,14,14.01,0.01,+0.07%,0
"2023-08-17 13:40",14.04,14.05,14.04,14.05,0.04,+0.29%,0
"2023-08-17 13:41",14.05,14.15,14.05,14.15,0.1,+0.71%,0
"2023-08-17 13:42",14.18,14.27,14.18,14.27,0.12,+0.85%,0
"2023-08-17 13:43",14.39,14.5,14.39,14.48,0.21,+1.47%,0
"2023-08-17 13:44",14.4,14.4,14.26,14.26,-0.22,-1.52%,0
"2023-08-17 13:45",14.23,14.26,14.22,14.22,-0.04,-0.28%,0
"2023-08-17 13:46",14.25,14.35,14.25,14.34,0.12,+0.84%,0
"2023-08-17 13:47",14.31,14.31,14.23,14.23,-0.11,-0.77%,0
"2023-08-17 13:48",14.23,14.26,14.23,14.25,0.02,+0.14%,0
"2023-08-17 13:49",14.24,14.28,14.24,14.28,0.03,+0.21%,0
"2023-08-17 13:50",14.28,14.29,14.26,14.28,0,0.00%,0
"2023-08-17 13:51",14.25,14.25,14.12,14.12,-0.16,-1.12%,0
"2023-08-17 13:52",14.13,14.21,14.13,14.21,0.09,+0.64%,0
"2023-08-17 13:53",14.21,14.21,14.13,14.15,-0.06,-0.42%,0
"2023-08-17 13:54",14.12,14.17,14.12,14.17,0.02,+0.14%,0
"2023-08-17 13:55",14.17,14.21,14.17,14.21,0.04,+0.28%,0
"2023-08-17 13:56",14.22,14.22,14.19,14.19,-0.02,-0.14%,0
"2023-08-17 13:57",14.22,14.22,14.16,14.16,-0.03,-0.21%,0
"2023-08-17 13:58",14.17,14.2,14.16,14.16,0,0.00%,0
"2023-08-17 13:59",14.1,14.13,14.07,14.07,-0.09,-0.64%,0
"2023-08-17 14:00",14.07,14.1,14.07,14.1,0.03,+0.21%,0
"2023-08-17 14:01",14.1,14.11,14.1,14.1,0,0.00%,0
"2023-08-17 14:02",14.09,14.09,14.07,14.08,-0.02,-0.14%,0
"2023-08-17 14:03",14.09,14.16,14.09,14.16,0.08,+0.57%,0
"2023-08-17 14:04",14.15,14.2,14.14,14.2,0.04,+0.28%,0
"2023-08-17 14:05",14.29,14.5,14.29,14.49,0.29,+2.04%,0
"2023-08-17 14:06",14.45,14.67,14.45,14.67,0.18,+1.24%,0
"2023-08-17 14:07",14.68,14.68,14.51,14.51,-0.16,-1.09%,0
"2023-08-17 14:08",14.45,14.46,14.42,14.43,-0.08,-0.55%,0
"2023-08-17 14:09",14.46,14.49,14.44,14.49,0.06,+0.42%,0
"2023-08-17 14:10",14.49,14.59,14.49,14.59,0.1,+0.69%,0
"2023-08-17 14:11",14.61,14.7,14.61,14.7,0.11,+0.75%,0
"2023-08-17 14:12",14.68,14.68,14.59,14.59,-0.11,-0.75%,0
"2023-08-17 14:13",14.61,14.69,14.61,14.69,0.1,+0.69%,0
"2023-08-17 14:14",14.74,14.79,14.74,14.79,0.1,+0.68%,0
"2023-08-17 14:15",14.77,14.82,14.77,14.82,0.03,+0.20%,0
"2023-08-17 14:16",14.83,14.83,14.73,14.73,-0.09,-0.61%,0
"2023-08-17 14:17",14.71,14.75,14.71,14.75,0.02,+0.14%,0
"2023-08-17 14:18",14.76,14.83,14.75,14.83,0.08,+0.54%,0
"2023-08-17 14:19",14.84,14.86,14.77,14.77,-0.06,-0.40%,0
"2023-08-17 14:20",14.8,14.85,14.8,14.85,0.08,+0.54%,0
"2023-08-17 14:21",14.84,14.84,14.8,14.8,-0.05,-0.34%,0
"2023-08-17 14:22",14.8,14.82,14.8,14.8,0,0.00%,0
"2023-08-17 14:23",14.78,14.78,14.77,14.78,-0.02,-0.14%,0
"2023-08-17 14:24",14.76,14.79,14.76,14.79,0.01,+0.07%,0
"2023-08-17 14:25",14.79,14.82,14.79,14.82,0.03,+0.20%,0
"2023-08-17 14:26",14.86,14.86,14.82,14.85,0.03,+0.20%,0
"2023-08-17 14:27",14.84,14.84,14.75,14.75,-0.1,-0.67%,0
"2023-08-17 14:28",14.76,14.79,14.76,14.79,0.04,+0.27%,0
"2023-08-17 14:29",14.8,14.83,14.8,14.82,0.03,+0.20%,0
"2023-08-17 14:30",14.82,14.98,14.82,14.98,0.16,+1.08%,0
"2023-08-17 14:31",14.98,15.09,14.98,15.09,0.11,+0.73%,0
"2023-08-17 14:32",15.07,15.14,15.07,15.14,0.05,+0.33%,0
"2023-08-17 14:33",15.14,15.16,15.14,15.16,0.02,+0.13%,0
"2023-08-17 14:34",15.17,15.17,15.13,15.13,-0.03,-0.20%,0
"2023-08-17 14:35",15.02,15.05,15.02,15.04,-0.09,-0.59%,0
"2023-08-17 14:36",15.03,15.05,15.01,15.01,-0.03,-0.20%,0
"2023-08-17 14:37",15.02,15.02,15.01,15.01,0,0.00%,0
"2023-08-17 14:38",14.96,15,14.96,15,-0.01,-0.07%,0
"2023-08-17 14:39",14.99,15.02,14.99,15.02,0.02,+0.13%,0
"2023-08-17 14:40",15.04,15.08,15.04,15.05,0.03,+0.20%,0
"2023-08-17 14:41",15.11,15.12,15.11,15.11,0.06,+0.40%,0
"2023-08-17 14:42",15.08,15.08,15.06,15.07,-0.04,-0.26%,0
"2023-08-17 14:43",15.03,15.08,15.03,15.07,0,0.00%,0
"2023-08-17 14:44",15.08,15.08,15.07,15.08,0.01,+0.07%,0
"2023-08-17 14:45",15.1,15.29,15.1,15.29,0.21,+1.39%,0
"2023-08-17 14:46",15.33,15.33,15.05,15.05,-0.24,-1.57%,0
"2023-08-17 14:47",15.02,15.06,15.02,15.05,0,0.00%,0
"2023-08-17 14:48",15.1,15.1,15.02,15.02,-0.03,-0.20%,0
"2023-08-17 14:49",15,15.07,15,15.07,0.05,+0.33%,0
"2023-08-17 14:50",15.03,15.03,14.96,15.01,-0.06,-0.40%,0
"2023-08-17 14:51",14.95,14.95,14.88,14.88,-0.13,-0.87%,0
"2023-08-17 14:52",14.89,15.16,14.89,15.13,0.25,+1.68%,0
"2023-08-17 14:53",15.15,15.19,15.15,15.17,0.04,+0.26%,0
"2023-08-17 14:54",15.19,15.19,15.06,15.06,-0.11,-0.73%,0
"2023-08-17 14:55",15.05,15.22,15.05,15.22,0.16,+1.06%,0
"2023-08-17 14:56",15.23,15.35,15.23,15.35,0.13,+0.85%,0
"2023-08-17 14:57",15.43,15.43,15.28,15.28,-0.07,-0.46%,0
"2023-08-17 14:58",15.35,15.41,15.35,15.41,0.13,+0.85%,0
"2023-08-17 14:59",15.4,15.43,15.28,15.28,-0.13,-0.84%,0
"2023-08-17 15:00",15.29,15.31,15.28,15.28,0,0.00%,0
"2023-08-17 15:01",15.22,15.22,15.16,15.16,-0.12,-0.79%,0
"2023-08-17 15:02",15.12,15.18,15.12,15.18,0.02,+0.13%,0
"2023-08-17 15:03",15.21,15.39,15.21,15.38,0.2,+1.32%,0
"2023-08-17 15:04",15.43,15.56,15.43,15.56,0.18,+1.17%,0
"2023-08-17 15:05",15.58,15.59,15.49,15.49,-0.07,-0.45%,0
"2023-08-17 15:06",15.44,15.44,15.23,15.23,-0.26,-1.68%,0
"2023-08-17 15:07",15.23,15.34,15.23,15.34,0.11,+0.72%,0
"2023-08-17 15:08",15.44,15.5,15.44,15.5,0.16,+1.04%,0
"2023-08-17 15:09",15.55,15.64,15.55,15.64,0.14,+0.90%,0
"2023-08-17 15:10",15.66,15.7,15.66,15.7,0.06,+0.38%,0
"2023-08-17 15:11",15.66,15.79,15.66,15.79,0.09,+0.57%,0
"2023-08-17 15:12",15.82,15.82,15.78,15.78,-0.01,-0.06%,0
"2023-08-17 15:13",15.78,15.94,15.78,15.94,0.16,+1.01%,0
"2023-08-17 15:14",15.94,15.94,15.89,15.91,-0.03,-0.19%,0
"2023-08-17 15:15",15.93,16.21,15.93,16.21,0.3,+1.89%,0
"2023-08-17 15:16",16.26,16.27,16.14,16.14,-0.07,-0.43%,0
"2023-08-17 15:17",16.01,16.01,15.98,15.98,-0.16,-0.99%,0
"2023-08-17 15:18",15.92,15.92,15.87,15.87,-0.11,-0.69%,0
"2023-08-17 15:19",15.89,15.89,15.79,15.79,-0.08,-0.50%,0
"2023-08-17 15:20",15.72,15.72,15.68,15.68,-0.11,-0.70%,0
"2023-08-17 15:21",15.75,15.86,15.75,15.85,0.17,+1.08%,0
"2023-08-17 15:22",15.83,15.88,15.83,15.86,0.01,+0.06%,0
"2023-08-17 15:23",15.86,15.93,15.86,15.93,0.07,+0.44%,0
"2023-08-17 15:24",16.02,16.14,16.02,16.09,0.16,+1.00%,0
"2023-08-17 15:25",16.06,16.06,15.98,15.98,-0.11,-0.68%,0
"2023-08-17 15:26",15.86,15.98,15.86,15.98,0,0.00%,0
"2023-08-17 15:27",15.98,15.99,15.95,15.95,-0.03,-0.19%,0
"2023-08-17 15:28",15.96,16.03,15.96,16.03,0.08,+0.50%,0
"2023-08-17 15:29",16.05,16.06,16.04,16.05,0.02,+0.12%,0
"2023-08-17 15:30",15.96,15.99,15.87,15.87,-0.18,-1.12%,0
"2023-08-17 15:31",15.83,15.88,15.83,15.88,0.01,+0.06%,0
"2023-08-17 15:32",15.86,16.11,15.86,16.11,0.23,+1.45%,0
"2023-08-17 15:33",16.15,16.27,16.15,16.21,0.1,+0.62%,0
"2023-08-17 15:34",16.22,16.22,16.15,16.15,-0.06,-0.37%,0
"2023-08-17 15:35",16.11,16.15,16.06,16.12,-0.03,-0.19%,0
"2023-08-17 15:36",16.12,16.15,16.1,16.12,0,0.00%,0
"2023-08-17 15:37",16.11,16.15,16.11,16.15,0.03,+0.19%,0
"2023-08-17 15:38",16.21,16.21,16.17,16.17,0.02,+0.12%,0
"2023-08-17 15:39",16.08,16.23,16.08,16.23,0.06,+0.37%,0
"2023-08-17 15:40",16.19,16.19,16.08,16.08,-0.15,-0.92%,0
"2023-08-17 15:41",16.09,16.13,16.09,16.11,0.03,+0.19%,0
"2023-08-17 15:42",16.12,16.14,16.11,16.11,0,0.00%,0
"2023-08-17 15:43",16.13,16.21,16.13,16.2,0.09,+0.56%,0
"2023-08-17 15:44",16.23,16.33,16.23,16.33,0.13,+0.80%,0
"2023-08-17 15:45",16.36,16.36,16.27,16.31,-0.02,-0.12%,0
"2023-08-17 15:46",16.38,16.38,16.16,16.16,-0.15,-0.92%,0
"2023-08-17 15:47",16.14,16.17,16.14,16.17,0.01,+0.06%,0
"2023-08-17 15:48",16.18,16.19,16.17,16.17,0,0.00%,0
"2023-08-17 15:49",16.17,16.22,16.17,16.18,0.01,+0.06%,0
"2023-08-17 15:50",16.15,16.15,16.01,16.01,-0.17,-1.05%,0
"2023-08-17 15:51",16,16.01,15.92,16.01,0,0.00%,0
"2023-08-17 15:52",16.01,16.02,16.01,16.02,0.01,+0.06%,0
"2023-08-17 15:53",16.04,16.05,16.02,16.02,0,0.00%,0
"2023-08-17 15:54",16.01,16.01,15.85,15.85,-0.17,-1.06%,0
"2023-08-17 15:55",15.77,15.77,15.72,15.73,-0.12,-0.76%,0
"2023-08-17 15:56",15.71,15.74,15.71,15.73,0,0.00%,0
"2023-08-17 15:57",15.73,15.79,15.73,15.78,0.05,+0.32%,0
"2023-08-17 15:58",15.75,15.8,15.75,15.8,0.02,+0.13%,0
"2023-08-17 15:59",15.81,15.84,15.7,15.7,-0.1,-0.63%,0
"2023-08-17 16:00",15.69,15.69,15.62,15.62,-0.08,-0.51%,0
"2023-08-17 16:01",15.54,15.67,15.54,15.67,0.05,+0.32%,0
"2023-08-17 16:02",15.62,15.64,15.59,15.64,-0.03,-0.19%,0
"2023-08-17 16:03",15.65,15.68,15.64,15.68,0.04,+0.26%,0
"2023-08-17 16:04",15.66,15.75,15.62,15.62,-0.06,-0.38%,0
"2023-08-17 16:05",15.64,15.64,15.58,15.58,-0.04,-0.26%,0
"2023-08-17 16:06",15.5,15.56,15.49,15.49,-0.09,-0.58%,0
"2023-08-17 16:07",15.52,15.53,15.45,15.47,-0.02,-0.13%,0
"2023-08-17 16:08",15.42,15.45,15.42,15.45,-0.02,-0.13%,0
"2023-08-17 16:09",15.44,15.46,15.42,15.43,-0.02,-0.13%,0
"2023-08-17 16:10",15.43,15.44,15.42,15.42,-0.01,-0.06%,0
"2023-08-17 16:11",15.41,15.44,15.4,15.42,0,0.00%,0
"2023-08-17 16:12",15.42,15.44,15.42,15.44,0.02,+0.13%,0
"2023-08-17 16:13",15.43,15.6,15.43,15.6,0.16,+1.04%,0
"2023-08-17 16:14",15.64,15.97,15.64,15.97,0.37,+2.37%,0
"2023-08-17 16:15",15.97,15.97,15.97,15.97,0,0.00%,0
"2023-08-18 09:31",12.25,12.28,12.21,12.21,-3.76,-23.54%,0
"2023-08-18 09:32",12.05,12.05,11.99,12.01,-0.2,-1.64%,0
"2023-08-18 09:33",11.99,12.06,11.97,12.06,0.05,+0.42%,0
"2023-08-18 09:34",12.09,12.23,12.09,12.23,0.17,+1.41%,0
"2023-08-18 09:35",12.26,12.55,12.26,12.51,0.28,+2.29%,0
"2023-08-18 09:36",12.48,12.48,12.39,12.42,-0.09,-0.72%,0
"2023-08-18 09:37",12.48,12.75,12.48,12.75,0.33,+2.66%,0
"2023-08-18 09:38",12.87,12.89,12.73,12.73,-0.02,-0.16%,0
"2023-08-18 09:39",12.75,12.88,12.75,12.86,0.13,+1.02%,0
"2023-08-18 09:40",12.77,12.78,12.7,12.78,-0.08,-0.62%,0
"2023-08-18 09:41",12.8,12.84,12.8,12.83,0.05,+0.39%,0
"2023-08-18 09:42",12.86,12.86,12.71,12.71,-0.12,-0.94%,0
"2023-08-18 09:43",12.74,12.8,12.74,12.79,0.08,+0.63%,0
"2023-08-18 09:44",12.85,12.95,12.85,12.85,0.06,+0.47%,0
"2023-08-18 09:45",12.9,13.07,12.9,12.92,0.07,+0.54%,0
"2023-08-18 09:46",12.87,12.89,12.87,12.88,-0.04,-0.31%,0
"2023-08-18 09:47",12.85,12.86,12.85,12.85,-0.03,-0.23%,0
"2023-08-18 09:48",12.79,12.85,12.79,12.79,-0.06,-0.47%,0
"2023-08-18 09:49",12.79,12.83,12.79,12.81,0.02,+0.16%,0
"2023-08-18 09:50",12.81,12.83,12.78,12.78,-0.03,-0.23%,0
"2023-08-18 09:51",12.84,12.84,12.78,12.78,0,0.00%,0
"2023-08-18 09:52",12.81,12.81,12.79,12.79,0.01,+0.08%,0
"2023-08-18 09:53",12.8,12.9,12.8,12.87,0.08,+0.63%,0
"2023-08-18 09:54",12.85,12.93,12.85,12.9,0.03,+0.23%,0
"2023-08-18 09:55",12.92,13.02,12.92,13.02,0.12,+0.93%,0
"2023-08-18 09:56",13.04,13.11,12.91,12.91,-0.11,-0.84%,0
"2023-08-18 09:57",12.93,13,12.93,13,0.09,+0.70%,0
"2023-08-18 09:58",12.99,12.99,12.83,12.83,-0.17,-1.31%,0
"2023-08-18 09:59",12.84,12.95,12.84,12.95,0.12,+0.94%,0
"2023-08-18 10:00",12.99,13.09,12.99,13.06,0.11,+0.85%,0
"2023-08-18 10:01",13.1,13.12,13.1,13.1,0.04,+0.31%,0
"2023-08-18 10:02",13.13,13.14,13.11,13.11,0.01,+0.08%,0
"2023-08-18 10:03",13.09,13.11,13.09,13.11,0,0.00%,0
"2023-08-18 10:04",13.15,13.17,13.14,13.15,0.04,+0.31%,0
"2023-08-18 10:05",13.12,13.16,13.1,13.16,0.01,+0.08%,0
"2023-08-18 10:06",13.13,13.27,13.13,13.21,0.05,+0.38%,0
"2023-08-18 10:07",13.2,13.22,13.19,13.19,-0.02,-0.15%,0
"2023-08-18 10:08",13.14,13.16,13.11,13.11,-0.08,-0.61%,0
"2023-08-18 10:09",13.1,13.18,13.1,13.18,0.07,+0.53%,0
"2023-08-18 10:10",13.15,13.22,13.15,13.22,0.04,+0.30%,0
"2023-08-18 10:11",13.21,13.21,13.08,13.08,-0.14,-1.06%,0
"2023-08-18 10:12",13.06,13.12,13.06,13.09,0.01,+0.08%,0
"2023-08-18 10:13",13.11,13.14,13.1,13.1,0.01,+0.08%,0
"2023-08-18 10:14",13.06,13.07,13.05,13.05,-0.05,-0.38%,0
"2023-08-18 10:15",13.05,13.08,13.05,13.08,0.03,+0.23%,0
"2023-08-18 10:16",13.12,13.22,13.12,13.22,0.14,+1.07%,0
"2023-08-18 10:17",13.15,13.24,13.15,13.18,-0.04,-0.30%,0
"2023-08-18 10:18",13.11,13.11,13.01,13.01,-0.17,-1.29%,0
"2023-08-18 10:19",13,13.08,13,13.05,0.04,+0.31%,0
"2023-08-18 10:20",13.06,13.06,13.04,13.04,-0.01,-0.08%,0
"2023-08-18 10:21",13.05,13.08,13.05,13.07,0.03,+0.23%,0
"2023-08-18 10:22",13.05,13.13,13.05,13.13,0.06,+0.46%,0
"2023-08-18 10:23",13.13,13.13,13.12,13.12,-0.01,-0.08%,0
"2023-08-18 10:24",13.08,13.12,13.08,13.11,-0.01,-0.08%,0
"2023-08-18 10:25",13.07,13.1,13.07,13.1,-0.01,-0.08%,0
"2023-08-18 10:26",13.08,13.2,13.08,13.2,0.1,+0.76%,0
"2023-08-18 10:27",13.21,13.29,13.21,13.28,0.08,+0.61%,0
"2023-08-18 10:28",13.23,13.23,13.18,13.22,-0.06,-0.45%,0
"2023-08-18 10:29",13.2,13.2,13.17,13.17,-0.05,-0.38%,0
"2023-08-18 10:30",13.17,13.17,13.14,13.14,-0.03,-0.23%,0
"2023-08-18 10:31",13.14,13.2,13.13,13.13,-0.01,-0.08%,0
"2023-08-18 10:32",13.14,13.21,13.14,13.19,0.06,+0.46%,0
"2023-08-18 10:33",13.16,13.18,13.1,13.1,-0.09,-0.68%,0
"2023-08-18 10:34",13.12,13.13,13.11,13.11,0.01,+0.08%,0
"2023-08-18 10:35",13.1,13.14,13.1,13.13,0.02,+0.15%,0
"2023-08-18 10:36",13.14,13.19,13.12,13.12,-0.01,-0.08%,0
"2023-08-18 10:37",13.16,13.23,13.16,13.23,0.11,+0.84%,0
"2023-08-18 10:38",13.23,13.29,13.23,13.29,0.06,+0.45%,0
"2023-08-18 10:39",13.31,13.33,13.31,13.33,0.04,+0.30%,0
"2023-08-18 10:40",13.33,13.35,13.33,13.34,0.01,+0.08%,0
"2023-08-18 10:41",13.33,13.36,13.33,13.36,0.02,+0.15%,0
"2023-08-18 10:42",13.38,13.4,13.38,13.39,0.03,+0.22%,0
"2023-08-18 10:43",13.37,13.39,13.37,13.37,-0.02,-0.15%,0
"2023-08-18 10:44",13.33,13.33,13.28,13.28,-0.09,-0.67%,0
"2023-08-18 10:45",13.28,13.36,13.28,13.35,0.07,+0.53%,0
"2023-08-18 10:46",13.31,13.42,13.31,13.4,0.05,+0.37%,0
"2023-08-18 10:47",13.38,13.39,13.37,13.37,-0.03,-0.22%,0
"2023-08-18 10:48",13.35,13.35,13.31,13.31,-0.06,-0.45%,0
"2023-08-18 10:49",13.3,13.31,13.29,13.29,-0.02,-0.15%,0
"2023-08-18 10:50",13.25,13.31,13.25,13.31,0.02,+0.15%,0
"2023-08-18 10:51",13.34,13.41,13.34,13.35,0.04,+0.30%,0
"2023-08-18 10:52",13.34,13.38,13.34,13.34,-0.01,-0.07%,0
"2023-08-18 10:53",13.34,13.35,13.31,13.32,-0.02,-0.15%,0
"2023-08-18 10:54",13.32,13.33,13.3,13.3,-0.02,-0.15%,0
"2023-08-18 10:55",13.31,13.32,13.3,13.32,0.02,+0.15%,0
"2023-08-18 10:56",13.32,13.35,13.32,13.32,0,0.00%,0
"2023-08-18 10:57",13.31,13.35,13.31,13.35,0.03,+0.23%,0
"2023-08-18 10:58",13.33,13.35,13.32,13.32,-0.03,-0.22%,0
"2023-08-18 10:59",13.3,13.3,13.28,13.28,-0.04,-0.30%,0
"2023-08-18 11:00",13.25,13.25,13.16,13.16,-0.12,-0.90%,0
"2023-08-18 11:01",13.14,13.14,13.1,13.1,-0.06,-0.46%,0
"2023-08-18 11:02",13.08,13.19,13.08,13.19,0.09,+0.69%,0
"2023-08-18 11:03",13.17,13.21,13.17,13.21,0.02,+0.15%,0
"2023-08-18 11:04",13.2,13.2,13.17,13.17,-0.04,-0.30%,0
"2023-08-18 11:05",13.16,13.21,13.16,13.18,0.01,+0.08%,0
"2023-08-18 11:06",13.19,13.22,13.19,13.22,0.04,+0.30%,0
"2023-08-18 11:07",13.21,13.26,13.21,13.26,0.04,+0.30%,0
"2023-08-18 11:08",13.27,13.29,13.26,13.26,0,0.00%,0
"2023-08-18 11:09",13.24,13.26,13.24,13.26,0,0.00%,0
"2023-08-18 11:10",13.23,13.23,13.17,13.17,-0.09,-0.68%,0
"2023-08-18 11:11",13.15,13.17,13.09,13.09,-0.08,-0.61%,0
"2023-08-18 11:12",13.12,13.15,13.12,13.13,0.04,+0.31%,0
"2023-08-18 11:13",13.12,13.16,13.12,13.14,0.01,+0.08%,0
"2023-08-18 11:14",13.12,13.17,13.12,13.17,0.03,+0.23%,0
"2023-08-18 11:15",13.15,13.18,13.15,13.18,0.01,+0.08%,0
"2023-08-18 11:16",13.18,13.22,13.18,13.22,0.04,+0.30%,0
"2023-08-18 11:17",13.25,13.28,13.24,13.24,0.02,+0.15%,0
"2023-08-18 11:18",13.27,13.31,13.27,13.29,0.05,+0.38%,0
"2023-08-18 11:19",13.31,13.39,13.31,13.39,0.1,+0.75%,0
"2023-08-18 11:20",13.4,13.46,13.4,13.46,0.07,+0.52%,0
"2023-08-18 11:21",13.47,13.48,13.44,13.45,-0.01,-0.07%,0
"2023-08-18 11:22",13.44,13.45,13.44,13.45,0,0.00%,0
"2023-08-18 11:23",13.45,13.48,13.39,13.39,-0.06,-0.45%,0
"2023-08-18 11:24",13.43,13.52,13.43,13.52,0.13,+0.97%,0
"2023-08-18 11:25",13.53,13.59,13.53,13.59,0.07,+0.52%,0
"2023-08-18 11:26",13.56,13.6,13.55,13.55,-0.04,-0.29%,0
"2023-08-18 11:27",13.55,13.63,13.55,13.61,0.06,+0.44%,0
"2023-08-18 11:28",13.64,13.67,13.62,13.62,0.01,+0.07%,0
"2023-08-18 11:29",13.62,13.62,13.56,13.56,-0.06,-0.44%,0
"2023-08-18 11:30",13.58,13.66,13.58,13.64,0.08,+0.59%,0
"2023-08-18 11:31",13.62,13.63,13.62,13.63,-0.01,-0.07%,0
"2023-08-18 11:32",13.63,13.65,13.55,13.55,-0.08,-0.59%,0
"2023-08-18 11:33",13.53,13.62,13.53,13.6,0.05,+0.37%,0
"2023-08-18 11:34",13.61,13.68,13.61,13.68,0.08,+0.59%,0
"2023-08-18 11:35",13.68,13.72,13.64,13.64,-0.04,-0.29%,0
"2023-08-18 11:36",13.67,13.67,13.67,13.67,0.03,+0.22%,0
"2023-08-18 11:37",13.65,13.72,13.65,13.7,0.03,+0.22%,0
"2023-08-18 11:38",13.74,13.77,13.74,13.75,0.05,+0.36%,0
"2023-08-18 11:39",13.78,13.81,13.78,13.81,0.06,+0.44%,0
"2023-08-18 11:40",13.83,13.95,13.83,13.95,0.14,+1.01%,0
"2023-08-18 11:41",13.94,13.94,13.87,13.87,-0.08,-0.57%,0
"2023-08-18 11:42",13.83,13.83,13.65,13.65,-0.22,-1.59%,0
"2023-08-18 11:43",13.71,13.77,13.7,13.7,0.05,+0.37%,0
"2023-08-18 11:44",13.66,13.68,13.65,13.65,-0.05,-0.36%,0
"2023-08-18 11:45",13.63,13.69,13.63,13.66,0.01,+0.07%,0
"2023-08-18 11:46",13.65,13.7,13.65,13.68,0.02,+0.15%,0
"2023-08-18 11:47",13.66,13.71,13.66,13.7,0.02,+0.15%,0
"2023-08-18 11:48",13.67,13.7,13.67,13.69,-0.01,-0.07%,0
"2023-08-18 11:49",13.66,13.68,13.66,13.66,-0.03,-0.22%,0
"2023-08-18 11:50",13.65,13.66,13.63,13.63,-0.03,-0.22%,0
"2023-08-18 11:51",13.59,13.62,13.59,13.59,-0.04,-0.29%,0
"2023-08-18 11:52",13.6,13.6,13.54,13.54,-0.05,-0.37%,0
"2023-08-18 11:53",13.57,13.61,13.57,13.6,0.06,+0.44%,0
"2023-08-18 11:54",13.61,13.65,13.61,13.65,0.05,+0.37%,0
"2023-08-18 11:55",13.65,13.68,13.64,13.64,-0.01,-0.07%,0
"2023-08-18 11:56",13.65,13.69,13.65,13.68,0.04,+0.29%,0
"2023-08-18 11:57",13.66,13.67,13.64,13.67,-0.01,-0.07%,0
"2023-08-18 11:58",13.66,13.67,13.65,13.66,-0.01,-0.07%,0
"2023-08-18 11:59",13.65,13.67,13.63,13.63,-0.03,-0.22%,0
"2023-08-18 12:00",13.64,13.73,13.64,13.73,0.1,+0.73%,0
"2023-08-18 12:01",13.74,13.77,13.74,13.74,0.01,+0.07%,0
"2023-08-18 12:02",13.73,13.75,13.73,13.73,-0.01,-0.07%,0
"2023-08-18 12:03",13.73,13.81,13.73,13.81,0.08,+0.58%,0
"2023-08-18 12:04",13.81,13.83,13.81,13.83,0.02,+0.14%,0
"2023-08-18 12:05",13.84,13.89,13.84,13.87,0.04,+0.29%,0
"2023-08-18 12:06",13.82,13.86,13.82,13.86,-0.01,-0.07%,0
"2023-08-18 12:07",13.86,13.91,13.86,13.9,0.04,+0.29%,0
"2023-08-18 12:08",13.91,13.93,13.91,13.92,0.02,+0.14%,0
"2023-08-18 12:09",13.9,13.91,13.88,13.88,-0.04,-0.29%,0
"2023-08-18 12:10",13.89,13.92,13.89,13.91,0.03,+0.22%,0
"2023-08-18 12:11",13.93,13.96,13.91,13.96,0.05,+0.36%,0
"2023-08-18 12:12",13.94,13.95,13.91,13.95,-0.01,-0.07%,0
"2023-08-18 12:13",14,14.05,14,14.01,0.06,+0.43%,0
"2023-08-18 12:14",14.02,14.04,14.01,14.01,0,0.00%,0
"2023-08-18 12:15",13.98,14.05,13.98,14.05,0.04,+0.29%,0
"2023-08-18 12:16",14.03,14.04,14.03,14.03,-0.02,-0.14%,0
"2023-08-18 12:17",14.02,14.08,14.02,14.07,0.04,+0.29%,0
"2023-08-18 12:18",14.06,14.17,14.06,14.17,0.1,+0.71%,0
"2023-08-18 12:19",14.19,14.19,14.14,14.14,-0.03,-0.21%,0
"2023-08-18 12:20",14.13,14.13,14.07,14.07,-0.07,-0.50%,0
"2023-08-18 12:21",14.07,14.13,14.07,14.12,0.05,+0.36%,0
"2023-08-18 12:22",14.14,14.15,14.14,14.14,0.02,+0.14%,0
"2023-08-18 12:23",14.14,14.22,14.14,14.22,0.08,+0.57%,0
"2023-08-18 12:24",14.27,14.28,14.26,14.28,0.06,+0.42%,0
"2023-08-18 12:25",14.29,14.32,14.29,14.32,0.04,+0.28%,0
"2023-08-18 12:26",14.36,14.44,14.36,14.44,0.12,+0.84%,0
"2023-08-18 12:27",14.4,14.49,14.4,14.49,0.05,+0.35%,0
"2023-08-18 12:28",14.5,14.58,14.5,14.58,0.09,+0.62%,0
"2023-08-18 12:29",14.58,14.6,14.55,14.55,-0.03,-0.21%,0
"2023-08-18 12:30",14.61,14.7,14.61,14.7,0.15,+1.03%,0
"2023-08-18 12:31",14.72,14.72,14.68,14.7,0,0.00%,0
"2023-08-18 12:32",14.68,14.7,14.63,14.63,-0.07,-0.48%,0
"2023-08-18 12:33",14.57,14.64,14.57,14.62,-0.01,-0.07%,0
"2023-08-18 12:34",14.62,14.68,14.62,14.68,0.06,+0.41%,0
"2023-08-18 12:35",14.69,14.71,14.67,14.67,-0.01,-0.07%,0
"2023-08-18 12:36",14.64,14.69,14.64,14.69,0.02,+0.14%,0
"2023-08-18 12:37",14.69,14.76,14.68,14.68,-0.01,-0.07%,0
"2023-08-18 12:38",14.65,14.65,14.58,14.58,-0.1,-0.68%,0
"2023-08-18 12:39",14.58,14.62,14.58,14.59,0.01,+0.07%,0
"2023-08-18 12:40",14.61,14.65,14.61,14.64,0.05,+0.34%,0
"2023-08-18 12:41",14.62,14.65,14.61,14.61,-0.03,-0.20%,0
"2023-08-18 12:42",14.6,14.6,14.53,14.53,-0.08,-0.55%,0
"2023-08-18 12:43",14.52,14.55,14.52,14.55,0.02,+0.14%,0
"2023-08-18 12:44",14.53,14.56,14.53,14.55,0,0.00%,0
"2023-08-18 12:45",14.55,14.6,14.55,14.6,0.05,+0.34%,0
"2023-08-18 12:46",14.57,14.57,14.55,14.55,-0.05,-0.34%,0
"2023-08-18 12:47",14.49,14.5,14.48,14.48,-0.07,-0.48%,0
"2023-08-18 12:48",14.5,14.5,14.47,14.47,-0.01,-0.07%,0
"2023-08-18 12:49",14.45,14.48,14.45,14.47,0,0.00%,0
"2023-08-18 12:50",14.48,14.51,14.48,14.49,0.02,+0.14%,0
"2023-08-18 12:51",14.5,14.6,14.5,14.6,0.11,+0.76%,0
"2023-08-18 12:52",14.62,14.62,14.58,14.58,-0.02,-0.14%,0
"2023-08-18 12:53",14.57,14.62,14.57,14.6,0.02,+0.14%,0
"2023-08-18 12:54",14.61,14.63,14.61,14.63,0.03,+0.21%,0
"2023-08-18 12:55",14.61,14.7,14.61,14.7,0.07,+0.48%,0
"2023-08-18 12:56",14.71,14.72,14.7,14.7,0,0.00%,0
"2023-08-18 12:57",14.8,14.87,14.8,14.86,0.16,+1.09%,0
"2023-08-18 12:58",14.88,14.98,14.88,14.96,0.1,+0.67%,0
"2023-08-18 12:59",14.93,14.93,14.92,14.93,-0.03,-0.20%,0
"2023-08-18 13:00",14.93,15.05,14.93,15.05,0.12,+0.80%,0
"2023-08-18 13:01",15.15,15.15,15.04,15.05,0,0.00%,0
"2023-08-18 13:02",15.05,15.06,14.97,14.97,-0.08,-0.53%,0
"2023-08-18 13:03",14.97,15.03,14.97,15.02,0.05,+0.33%,0
"2023-08-18 13:04",15.02,15.04,14.98,14.98,-0.04,-0.27%,0
"2023-08-18 13:05",14.99,15.02,14.97,14.98,0,0.00%,0
"2023-08-18 13:06",14.97,15.01,14.95,15.01,0.03,+0.20%,0
"2023-08-18 13:07",15.01,15.08,15.01,15.08,0.07,+0.47%,0
"2023-08-18 13:08",15.14,15.25,15.14,15.25,0.17,+1.13%,0
"2023-08-18 13:09",15.23,15.23,15.13,15.17,-0.08,-0.52%,0
"2023-08-18 13:10",15.18,15.34,15.18,15.34,0.17,+1.12%,0
"2023-08-18 13:11",15.32,15.32,15.16,15.16,-0.18,-1.17%,0
"2023-08-18 13:12",15.15,15.2,15.12,15.16,0,0.00%,0
"2023-08-18 13:13",15.16,15.29,15.16,15.29,0.13,+0.86%,0
"2023-08-18 13:14",15.29,15.35,15.29,15.35,0.06,+0.39%,0
"2023-08-18 13:15",15.4,15.44,15.4,15.42,0.07,+0.46%,0
"2023-08-18 13:16",15.38,15.47,15.38,15.47,0.05,+0.32%,0
"2023-08-18 13:17",15.46,15.47,15.46,15.46,-0.01,-0.06%,0
"2023-08-18 13:18",15.51,15.56,15.49,15.56,0.1,+0.65%,0
"2023-08-18 13:19",15.6,15.61,15.6,15.6,0.04,+0.26%,0
"2023-08-18 13:20",15.63,15.67,15.6,15.67,0.07,+0.45%,0
"2023-08-18 13:21",15.67,15.68,15.67,15.68,0.01,+0.06%,0
"2023-08-18 13:22",15.69,15.74,15.69,15.74,0.06,+0.38%,0
"2023-08-18 13:23",15.71,15.81,15.71,15.81,0.07,+0.44%,0
"2023-08-18 13:24",15.86,15.92,15.84,15.84,0.03,+0.19%,0
"2023-08-18 13:25",15.86,16.08,15.86,16.02,0.18,+1.14%,0
"2023-08-18 13:26",15.85,15.89,15.82,15.82,-0.2,-1.25%,0
"2023-08-18 13:27",15.84,15.84,15.7,15.7,-0.12,-0.76%,0
"2023-08-18 13:28",15.65,15.65,15.58,15.58,-0.12,-0.76%,0
"2023-08-18 13:29",15.5,15.59,15.5,15.59,0.01,+0.06%,0
"2023-08-18 13:30",15.56,15.57,15.5,15.57,-0.02,-0.13%,0
"2023-08-18 13:31",15.61,15.64,15.61,15.62,0.05,+0.32%,0
"2023-08-18 13:32",15.61,15.68,15.61,15.68,0.06,+0.38%,0
"2023-08-18 13:33",15.74,15.74,15.6,15.6,-0.08,-0.51%,0
"2023-08-18 13:34",15.62,15.65,15.61,15.61,0.01,+0.06%,0
"2023-08-18 13:35",15.64,15.69,15.64,15.69,0.08,+0.51%,0
"2023-08-18 13:36",15.66,15.66,15.59,15.63,-0.06,-0.38%,0
"2023-08-18 13:37",15.62,15.67,15.62,15.67,0.04,+0.26%,0
"2023-08-18 13:38",15.66,15.69,15.66,15.66,-0.01,-0.06%,0
"2023-08-18 13:39",15.77,15.85,15.77,15.83,0.17,+1.09%,0
"2023-08-18 13:40",15.82,15.94,15.82,15.84,0.01,+0.06%,0
"2023-08-18 13:41",15.81,15.88,15.81,15.88,0.04,+0.25%,0
"2023-08-18 13:42",15.87,15.94,15.87,15.93,0.05,+0.31%,0
"2023-08-18 13:43",15.88,15.88,15.8,15.8,-0.13,-0.82%,0
"2023-08-18 13:44",15.78,15.81,15.78,15.8,0,0.00%,0
"2023-08-18 13:45",15.78,15.81,15.78,15.8,0,0.00%,0
"2023-08-18 13:46",15.81,15.81,15.69,15.69,-0.11,-0.70%,0
"2023-08-18 13:47",15.74,15.76,15.73,15.74,0.05,+0.32%,0
"2023-08-18 13:48",15.74,15.78,15.74,15.76,0.02,+0.13%,0
"2023-08-18 13:49",15.79,15.79,15.74,15.78,0.02,+0.13%,0
"2023-08-18 13:50",15.76,15.78,15.76,15.78,0,0.00%,0
"2023-08-18 13:51",15.75,15.78,15.75,15.77,-0.01,-0.06%,0
"2023-08-18 13:52",15.75,15.75,15.64,15.7,-0.07,-0.44%,0
"2023-08-18 13:53",15.66,15.72,15.66,15.72,0.02,+0.13%,0
"2023-08-18 13:54",15.71,15.75,15.71,15.73,0.01,+0.06%,0
"2023-08-18 13:55",15.71,15.81,15.71,15.81,0.08,+0.51%,0
"2023-08-18 13:56",15.79,15.83,15.79,15.83,0.02,+0.13%,0
"2023-08-18 13:57",15.84,15.85,15.84,15.84,0.01,+0.06%,0
"2023-08-18 13:58",15.83,15.89,15.83,15.89,0.05,+0.32%,0
"2023-08-18 13:59",15.88,15.88,15.82,15.82,-0.07,-0.44%,0
"2023-08-18 14:00",15.78,15.8,15.78,15.79,-0.03,-0.19%,0
"2023-08-18 14:01",15.81,15.85,15.81,15.82,0.03,+0.19%,0
"2023-08-18 14:02",15.8,15.83,15.79,15.79,-0.03,-0.19%,0
"2023-08-18 14:03",15.75,15.85,15.75,15.85,0.06,+0.38%,0
"2023-08-18 14:04",15.82,15.82,15.8,15.8,-0.05,-0.32%,0
"2023-08-18 14:05",15.8,15.81,15.77,15.77,-0.03,-0.19%,0
"2023-08-18 14:06",15.75,15.75,15.7,15.7,-0.07,-0.44%,0
"2023-08-18 14:07",15.72,15.74,15.71,15.71,0.01,+0.06%,0
"2023-08-18 14:08",15.68,15.78,15.68,15.78,0.07,+0.45%,0
"2023-08-18 14:09",15.78,15.82,15.78,15.82,0.04,+0.25%,0
"2023-08-18 14:10",15.83,15.95,15.83,15.94,0.12,+0.76%,0
"2023-08-18 14:11",16,16.07,16,16.07,0.13,+0.82%,0
"2023-08-18 14:12",16.13,16.19,16.13,16.17,0.1,+0.62%,0
"2023-08-18 14:13",16.13,16.13,15.96,15.96,-0.21,-1.30%,0
"2023-08-18 14:14",15.94,16.01,15.94,16,0.04,+0.25%,0
"2023-08-18 14:15",16.01,16.06,16.01,16.01,0.01,+0.06%,0
"2023-08-18 14:16",15.99,15.99,15.96,15.97,-0.04,-0.25%,0
"2023-08-18 14:17",15.98,16.03,15.98,16,0.03,+0.19%,0
"2023-08-18 14:18",16.05,16.14,16.05,16.1,0.1,+0.63%,0
"2023-08-18 14:19",16.09,16.11,16.01,16.01,-0.09,-0.56%,0
"2023-08-18 14:20",16.02,16.02,16.01,16.02,0.01,+0.06%,0
"2023-08-18 14:21",15.96,15.97,15.96,15.97,-0.05,-0.31%,0
"2023-08-18 14:22",15.93,15.96,15.93,15.96,-0.01,-0.06%,0
"2023-08-18 14:23",15.97,16.08,15.97,16.08,0.12,+0.75%,0
"2023-08-18 14:24",16.13,16.13,16.06,16.06,-0.02,-0.12%,0
"2023-08-18 14:25",16.08,16.09,16.08,16.09,0.03,+0.19%,0
"2023-08-18 14:26",16.17,16.22,16.17,16.22,0.13,+0.81%,0
"2023-08-18 14:27",16.25,16.25,16.2,16.2,-0.02,-0.12%,0
"2023-08-18 14:28",16.16,16.2,16.11,16.11,-0.09,-0.56%,0
"2023-08-18 14:29",16.11,16.15,16.11,16.13,0.02,+0.12%,0
"2023-08-18 14:30",16.14,16.19,16.14,16.18,0.05,+0.31%,0
"2023-08-18 14:31",16.14,16.17,16.05,16.05,-0.13,-0.80%,0
"2023-08-18 14:32",16.05,16.06,16,16.01,-0.04,-0.25%,0
"2023-08-18 14:33",16.02,16.06,16.02,16.05,0.04,+0.25%,0
"2023-08-18 14:34",16.04,16.06,16.03,16.06,0.01,+0.06%,0
"2023-08-18 14:35",16.04,16.07,16.04,16.05,-0.01,-0.06%,0
"2023-08-18 14:36",16.03,16.06,16.03,16.06,0.01,+0.06%,0
"2023-08-18 14:37",16.02,16.02,15.98,15.98,-0.08,-0.50%,0
"2023-08-18 14:38",15.96,16,15.96,15.99,0.01,+0.06%,0
"2023-08-18 14:39",15.97,16.01,15.97,16.01,0.02,+0.13%,0
"2023-08-18 14:40",16.01,16.01,15.91,15.91,-0.1,-0.62%,0
"2023-08-18 14:41",15.85,15.93,15.85,15.88,-0.03,-0.19%,0
"2023-08-18 14:42",15.91,15.91,15.84,15.84,-0.04,-0.25%,0
"2023-08-18 14:43",15.89,15.93,15.89,15.93,0.09,+0.57%,0
"2023-08-18 14:44",15.92,16.05,15.92,16.05,0.12,+0.75%,0
"2023-08-18 14:45",16.04,16.06,16.02,16.02,-0.03,-0.19%,0
"2023-08-18 14:46",16.04,16.05,15.99,15.99,-0.03,-0.19%,0
"2023-08-18 14:47",16,16,15.95,15.96,-0.03,-0.19%,0
"2023-08-18 14:48",15.94,15.96,15.94,15.94,-0.02,-0.13%,0
"2023-08-18 14:49",15.95,16.02,15.95,16,0.06,+0.38%,0
"2023-08-18 14:50",16,16.05,15.98,16.05,0.05,+0.31%,0
"2023-08-18 14:51",16.07,16.17,16.07,16.11,0.06,+0.37%,0
"2023-08-18 14:52",16.12,16.13,16.07,16.07,-0.04,-0.25%,0
"2023-08-18 14:53",16.16,16.18,16.16,16.18,0.11,+0.68%,0
"2023-08-18 14:54",16.27,16.34,16.27,16.34,0.16,+0.99%,0
"2023-08-18 14:55",16.31,16.35,16.26,16.26,-0.08,-0.49%,0
"2023-08-18 14:56",16.27,16.31,16.23,16.23,-0.03,-0.18%,0
"2023-08-18 14:57",16.19,16.29,16.19,16.28,0.05,+0.31%,0
"2023-08-18 14:58",16.3,16.39,16.3,16.38,0.1,+0.61%,0
"2023-08-18 14:59",16.4,16.4,16.38,16.38,0,0.00%,0
"2023-08-18 15:00",16.39,16.43,16.38,16.42,0.04,+0.24%,0
"2023-08-18 15:01",16.42,16.42,16.36,16.39,-0.03,-0.18%,0
"2023-08-18 15:02",16.42,16.43,16.41,16.43,0.04,+0.24%,0
"2023-08-18 15:03",16.43,16.43,16.39,16.39,-0.04,-0.24%,0
"2023-08-18 15:04",16.33,16.36,16.27,16.27,-0.12,-0.73%,0
"2023-08-18 15:05",16.25,16.28,16.19,16.21,-0.06,-0.37%,0
"2023-08-18 15:06",16.2,16.2,16.08,16.08,-0.13,-0.80%,0
"2023-08-18 15:07",16.08,16.09,16.04,16.04,-0.04,-0.25%,0
"2023-08-18 15:08",16.05,16.06,16,16,-0.04,-0.25%,0
"2023-08-18 15:09",15.99,16.14,15.99,16.14,0.14,+0.88%,0
"2023-08-18 15:10",16.18,16.32,16.18,16.26,0.12,+0.74%,0
"2023-08-18 15:11",16.27,16.33,16.27,16.33,0.07,+0.43%,0
"2023-08-18 15:12",16.35,16.41,16.35,16.41,0.08,+0.49%,0
"2023-08-18 15:13",16.41,16.43,16.34,16.34,-0.07,-0.43%,0
"2023-08-18 15:14",16.28,16.28,16.23,16.25,-0.09,-0.55%,0
"2023-08-18 15:15",16.24,16.24,16.21,16.21,-0.04,-0.25%,0
"2023-08-18 15:16",16.2,16.25,16.2,16.24,0.03,+0.19%,0
"2023-08-18 15:17",16.24,16.26,16.21,16.21,-0.03,-0.18%,0
"2023-08-18 15:18",16.25,16.28,16.25,16.27,0.06,+0.37%,0
"2023-08-18 15:19",16.26,16.28,16.23,16.23,-0.04,-0.25%,0
"2023-08-18 15:20",16.28,16.28,16.15,16.15,-0.08,-0.49%,0
"2023-08-18 15:21",16.08,16.1,16.08,16.09,-0.06,-0.37%,0
"2023-08-18 15:22",16.11,16.28,16.11,16.28,0.19,+1.18%,0
"2023-08-18 15:23",16.24,16.24,16.2,16.23,-0.05,-0.31%,0
"2023-08-18 15:24",16.25,16.25,16.15,16.15,-0.08,-0.49%,0
"2023-08-18 15:25",16.2,16.2,16.15,16.17,0.02,+0.12%,0
"2023-08-18 15:26",16.11,16.11,16.06,16.06,-0.11,-0.68%,0
"2023-08-18 15:27",16.07,16.08,15.92,15.92,-0.14,-0.87%,0
"2023-08-18 15:28",15.92,15.92,15.8,15.8,-0.12,-0.75%,0
"2023-08-18 15:29",15.77,15.77,15.76,15.77,-0.03,-0.19%,0
"2023-08-18 15:30",15.74,15.8,15.74,15.78,0.01,+0.06%,0
"2023-08-18 15:31",15.79,15.8,15.79,15.79,0.01,+0.06%,0
"2023-08-18 15:32",15.76,15.76,15.74,15.74,-0.05,-0.32%,0
"2023-08-18 15:33",15.74,15.74,15.72,15.73,-0.01,-0.06%,0
"2023-08-18 15:34",15.72,15.74,15.72,15.72,-0.01,-0.06%,0
"2023-08-18 15:35",15.73,15.79,15.73,15.79,0.07,+0.45%,0
"2023-08-18 15:36",15.76,15.79,15.76,15.79,0,0.00%,0
"2023-08-18 15:37",15.74,15.76,15.74,15.76,-0.03,-0.19%,0
"2023-08-18 15:38",15.74,15.79,15.73,15.73,-0.03,-0.19%,0
"2023-08-18 15:39",15.77,15.78,15.76,15.76,0.03,+0.19%,0
"2023-08-18 15:40",15.75,15.75,15.69,15.69,-0.07,-0.44%,0
"2023-08-18 15:41",15.62,15.66,15.62,15.66,-0.03,-0.19%,0
"2023-08-18 15:42",15.66,15.69,15.63,15.63,-0.03,-0.19%,0
"2023-08-18 15:43",15.62,15.64,15.61,15.64,0.01,+0.06%,0
"2023-08-18 15:44",15.61,15.61,15.46,15.46,-0.18,-1.15%,0
"2023-08-18 15:45",15.43,15.43,15.28,15.28,-0.18,-1.16%,0
"2023-08-18 15:46",15.33,15.36,15.33,15.36,0.08,+0.52%,0
"2023-08-18 15:47",15.34,15.52,15.34,15.48,0.12,+0.78%,0
"2023-08-18 15:48",15.53,15.58,15.53,15.58,0.1,+0.65%,0
"2023-08-18 15:49",15.55,15.6,15.55,15.6,0.02,+0.13%,0
"2023-08-18 15:50",15.59,15.8,15.59,15.8,0.2,+1.28%,0
"2023-08-18 15:51",15.75,15.84,15.75,15.84,0.04,+0.25%,0
"2023-08-18 15:52",15.74,15.76,15.72,15.76,-0.08,-0.51%,0
"2023-08-18 15:53",15.72,15.92,15.72,15.92,0.16,+1.02%,0
"2023-08-18 15:54",15.9,16.08,15.9,16.08,0.16,+1.01%,0
"2023-08-18 15:55",16.05,16.23,16.05,16.17,0.09,+0.56%,0
"2023-08-18 15:56",16.12,16.19,16.12,16.19,0.02,+0.12%,0
"2023-08-18 15:57",16.14,16.28,16.14,16.28,0.09,+0.56%,0
"2023-08-18 15:58",16.21,16.33,16.21,16.33,0.05,+0.31%,0
"2023-08-18 15:59",16.36,16.6,16.36,16.55,0.22,+1.35%,0
"2023-08-18 16:00",16.28,16.28,15.99,16.08,-0.47,-2.84%,0
"2023-08-18 16:01",16.06,16.06,15.92,15.94,-0.14,-0.87%,0
"2023-08-18 16:02",15.94,16.01,15.94,15.94,0,0.00%,0
"2023-08-18 16:03",15.91,15.93,15.88,15.93,-0.01,-0.06%,0
"2023-08-18 16:04",15.97,16.09,15.97,16.09,0.16,+1.00%,0
"2023-08-18 16:05",16.08,16.08,16.01,16.01,-0.08,-0.50%,0
"2023-08-18 16:06",16.06,16.07,16.06,16.06,0.05,+0.31%,0
"2023-08-18 16:07",16.04,16.06,16,16.06,0,0.00%,0
"2023-08-18 16:08",16.07,16.07,16.01,16.01,-0.05,-0.31%,0
"2023-08-18 16:09",16,16.03,16,16.01,0,0.00%,0
"2023-08-18 16:10",16,16.03,16,16.03,0.02,+0.12%,0
"2023-08-18 16:11",16.06,16.1,16.06,16.1,0.07,+0.44%,0
"2023-08-18 16:12",16.1,16.14,16.1,16.14,0.04,+0.25%,0
"2023-08-18 16:13",16.14,16.14,16.06,16.08,-0.06,-0.37%,0
"2023-08-18 16:14",16.1,16.15,16.1,16.15,0.07,+0.44%,0
"2023-08-18 16:15",16.14,16.14,16.14,16.14,-0.01,-0.06%,0
"2023-08-21 09:31",10.91,10.91,10.81,10.84,-5.3,-32.84%,0
"2023-08-21 09:32",10.8,10.8,10.58,10.58,-0.26,-2.40%,0
"2023-08-21 09:33",10.55,10.55,10.43,10.43,-0.15,-1.42%,0
"2023-08-21 09:34",10.44,10.46,10.29,10.29,-0.14,-1.34%,0
"2023-08-21 09:35",10.25,10.27,10.19,10.26,-0.03,-0.29%,0
"2023-08-21 09:36",10.34,10.39,10.34,10.39,0.13,+1.27%,0
"2023-08-21 09:37",10.39,10.46,10.37,10.37,-0.02,-0.19%,0
"2023-08-21 09:38",10.34,10.4,10.33,10.4,0.03,+0.29%,0
"2023-08-21 09:39",10.38,10.4,10.37,10.37,-0.03,-0.29%,0
"2023-08-21 09:40",10.38,10.42,10.38,10.42,0.05,+0.48%,0
"2023-08-21 09:41",10.42,10.47,10.42,10.44,0.02,+0.19%,0
"2023-08-21 09:42",10.45,10.46,10.43,10.44,0,0.00%,0
"2023-08-21 09:43",10.44,10.49,10.44,10.44,0,0.00%,0
"2023-08-21 09:44",10.43,10.53,10.42,10.53,0.09,+0.86%,0
"2023-08-21 09:45",10.54,10.64,10.51,10.64,0.11,+1.04%,0
"2023-08-21 09:46",10.59,10.64,10.59,10.62,-0.02,-0.19%,0
"2023-08-21 09:47",10.52,10.67,10.52,10.67,0.05,+0.47%,0
"2023-08-21 09:48",10.71,10.75,10.67,10.67,0,0.00%,0
"2023-08-21 09:49",10.71,10.74,10.68,10.68,0.01,+0.09%,0
"2023-08-21 09:50",10.68,10.69,10.64,10.69,0.01,+0.09%,0
"2023-08-21 09:51",10.78,10.9,10.71,10.71,0.02,+0.19%,0
"2023-08-21 09:52",10.72,10.72,10.66,10.71,0,0.00%,0
"2023-08-21 09:53",10.73,10.73,10.69,10.69,-0.02,-0.19%,0
"2023-08-21 09:54",10.7,10.71,10.69,10.7,0.01,+0.09%,0
"2023-08-21 09:55",10.67,10.69,10.59,10.59,-0.11,-1.03%,0
"2023-08-21 09:56",10.61,10.61,10.55,10.57,-0.02,-0.19%,0
"2023-08-21 09:57",10.51,10.52,10.5,10.5,-0.07,-0.66%,0
"2023-08-21 09:58",10.49,10.49,10.42,10.43,-0.07,-0.67%,0
"2023-08-21 09:59",10.43,10.43,10.34,10.34,-0.09,-0.86%,0
"2023-08-21 10:00",10.29,10.41,10.29,10.41,0.07,+0.68%,0
"2023-08-21 10:01",10.4,10.43,10.38,10.39,-0.02,-0.19%,0
"2023-08-21 10:02",10.37,10.43,10.37,10.4,0.01,+0.10%,0
"2023-08-21 10:03",10.33,10.4,10.33,10.37,-0.03,-0.29%,0
"2023-08-21 10:04",10.37,10.38,10.32,10.38,0.01,+0.10%,0
"2023-08-21 10:05",10.34,10.34,10.3,10.32,-0.06,-0.58%,0
"2023-08-21 10:06",10.31,10.31,10.24,10.26,-0.06,-0.58%,0
"2023-08-21 10:07",10.23,10.27,10.21,10.27,0.01,+0.10%,0
"2023-08-21 10:08",10.26,10.29,10.23,10.23,-0.04,-0.39%,0
"2023-08-21 10:09",10.23,10.28,10.23,10.28,0.05,+0.49%,0
"2023-08-21 10:10",10.29,10.34,10.29,10.32,0.04,+0.39%,0
"2023-08-21 10:11",10.34,10.44,10.34,10.44,0.12,+1.16%,0
"2023-08-21 10:12",10.4,10.41,10.36,10.39,-0.05,-0.48%,0
"2023-08-21 10:13",10.43,10.43,10.4,10.4,0.01,+0.10%,0
"2023-08-21 10:14",10.41,10.6,10.41,10.58,0.18,+1.73%,0
"2023-08-21 10:15",10.46,10.66,10.46,10.66,0.08,+0.76%,0
"2023-08-21 10:16",10.63,10.66,10.55,10.66,0,0.00%,0
"2023-08-21 10:17",10.73,10.78,10.66,10.66,0,0.00%,0
"2023-08-21 10:18",10.58,10.59,10.56,10.56,-0.1,-0.94%,0
"2023-08-21 10:19",10.55,10.62,10.55,10.56,0,0.00%,0
"2023-08-21 10:20",10.56,10.77,10.56,10.77,0.21,+1.99%,0
"2023-08-21 10:21",10.71,10.73,10.71,10.71,-0.06,-0.56%,0
"2023-08-21 10:22",10.72,10.81,10.72,10.81,0.1,+0.93%,0
"2023-08-21 10:23",10.95,10.95,10.75,10.75,-0.06,-0.56%,0
"2023-08-21 10:24",10.67,11.04,10.67,11.04,0.29,+2.70%,0
"2023-08-21 10:25",11.14,11.34,11.14,11.34,0.3,+2.72%,0
"2023-08-21 10:26",11.36,11.39,11.16,11.16,-0.18,-1.59%,0
"2023-08-21 10:27",11.14,11.29,11.14,11.29,0.13,+1.16%,0
"2023-08-21 10:28",11.25,11.28,11.25,11.28,-0.01,-0.09%,0
"2023-08-21 10:29",11.24,11.24,11.22,11.23,-0.05,-0.44%,0
"2023-08-21 10:30",11.28,11.45,11.28,11.3,0.07,+0.62%,0
"2023-08-21 10:31",11.28,11.42,11.28,11.41,0.11,+0.97%,0
"2023-08-21 10:32",11.35,11.36,11.33,11.33,-0.08,-0.70%,0
"2023-08-21 10:33",11.28,11.36,11.28,11.29,-0.04,-0.35%,0
"2023-08-21 10:34",11.33,11.36,11.33,11.36,0.07,+0.62%,0
"2023-08-21 10:35",11.36,11.47,11.36,11.37,0.01,+0.09%,0
"2023-08-21 10:36",11.33,11.39,11.33,11.39,0.02,+0.18%,0
"2023-08-21 10:37",11.36,11.48,11.36,11.48,0.09,+0.79%,0
"2023-08-21 10:38",11.45,11.52,11.45,11.45,-0.03,-0.26%,0
"2023-08-21 10:39",11.34,11.38,11.34,11.38,-0.07,-0.61%,0
"2023-08-21 10:40",11.39,11.42,11.29,11.29,-0.09,-0.79%,0
"2023-08-21 10:41",11.26,11.34,11.26,11.34,0.05,+0.44%,0
"2023-08-21 10:42",11.3,11.31,11.28,11.28,-0.06,-0.53%,0
"2023-08-21 10:43",11.24,11.25,11.17,11.17,-0.11,-0.98%,0
"2023-08-21 10:44",11.2,11.26,11.2,11.25,0.08,+0.72%,0
"2023-08-21 10:45",11.25,11.29,11.25,11.25,0,0.00%,0
"2023-08-21 10:46",11.25,11.25,11.16,11.16,-0.09,-0.80%,0
"2023-08-21 10:47",11.2,11.25,11.2,11.25,0.09,+0.81%,0
"2023-08-21 10:48",11.25,11.25,11.24,11.24,-0.01,-0.09%,0
"2023-08-21 10:49",11.24,11.36,11.24,11.36,0.12,+1.07%,0
"2023-08-21 10:50",11.34,11.37,11.34,11.37,0.01,+0.09%,0
"2023-08-21 10:51",11.4,11.48,11.4,11.48,0.11,+0.97%,0
"2023-08-21 10:52",11.52,11.57,11.5,11.5,0.02,+0.17%,0
"2023-08-21 10:53",11.48,11.48,11.38,11.41,-0.09,-0.78%,0
"2023-08-21 10:54",11.46,11.48,11.43,11.44,0.03,+0.26%,0
"2023-08-21 10:55",11.45,11.49,11.45,11.45,0.01,+0.09%,0
"2023-08-21 10:56",11.46,11.49,11.46,11.46,0.01,+0.09%,0
"2023-08-21 10:57",11.44,11.47,11.44,11.45,-0.01,-0.09%,0
"2023-08-21 10:58",11.45,11.45,11.36,11.36,-0.09,-0.79%,0
"2023-08-21 10:59",11.35,11.43,11.35,11.41,0.05,+0.44%,0
"2023-08-21 11:00",11.42,11.51,11.42,11.51,0.1,+0.88%,0
"2023-08-21 11:01",11.46,11.47,11.38,11.38,-0.13,-1.13%,0
"2023-08-21 11:02",11.36,11.4,11.36,11.37,-0.01,-0.09%,0
"2023-08-21 11:03",11.36,11.39,11.36,11.36,-0.01,-0.09%,0
"2023-08-21 11:04",11.41,11.45,11.41,11.44,0.08,+0.70%,0
"2023-08-21 11:05",11.43,11.43,11.37,11.38,-0.06,-0.52%,0
"2023-08-21 11:06",11.39,11.46,11.39,11.46,0.08,+0.70%,0
"2023-08-21 11:07",11.44,11.45,11.44,11.45,-0.01,-0.09%,0
"2023-08-21 11:08",11.52,11.61,11.52,11.55,0.1,+0.87%,0
"2023-08-21 11:09",11.56,11.62,11.56,11.62,0.07,+0.61%,0
"2023-08-21 11:10",11.62,11.79,11.62,11.79,0.17,+1.46%,0
"2023-08-21 11:11",11.85,11.85,11.68,11.68,-0.11,-0.93%,0
"2023-08-21 11:12",11.72,11.72,11.69,11.72,0.04,+0.34%,0
"2023-08-21 11:13",11.69,11.78,11.69,11.78,0.06,+0.51%,0
"2023-08-21 11:14",11.85,11.86,11.83,11.86,0.08,+0.68%,0
"2023-08-21 11:15",11.83,12.03,11.83,12.03,0.17,+1.43%,0
"2023-08-21 11:16",12,12.13,12,12.08,0.05,+0.42%,0
"2023-08-21 11:17",11.95,11.99,11.93,11.99,-0.09,-0.75%,0
"2023-08-21 11:18",12.02,12.04,11.97,11.97,-0.02,-0.17%,0
"2023-08-21 11:19",12,12,11.89,11.89,-0.08,-0.67%,0
"2023-08-21 11:20",11.89,11.92,11.89,11.92,0.03,+0.25%,0
"2023-08-21 11:21",11.87,11.91,11.87,11.91,-0.01,-0.08%,0
"2023-08-21 11:22",11.91,12,11.91,11.95,0.04,+0.34%,0
"2023-08-21 11:23",11.98,12.06,11.98,12,0.05,+0.42%,0
"2023-08-21 11:24",11.97,12,11.97,12,0,0.00%,0
"2023-08-21 11:25",12.02,12.03,11.98,11.98,-0.02,-0.17%,0
"2023-08-21 11:26",12.03,12.09,12.03,12.07,0.09,+0.75%,0
"2023-08-21 11:27",12.09,12.17,12.09,12.1,0.03,+0.25%,0
"2023-08-21 11:28",12.06,12.11,12.06,12.11,0.01,+0.08%,0
"2023-08-21 11:29",12.11,12.13,12.1,12.1,-0.01,-0.08%,0
"2023-08-21 11:30",12.09,12.09,11.99,11.99,-0.11,-0.91%,0
"2023-08-21 11:31",11.93,11.99,11.93,11.99,0,0.00%,0
"2023-08-21 11:32",11.97,11.97,11.89,11.89,-0.1,-0.83%,0
"2023-08-21 11:33",11.86,11.92,11.86,11.91,0.02,+0.17%,0
"2023-08-21 11:34",11.91,11.91,11.84,11.84,-0.07,-0.59%,0
"2023-08-21 11:35",11.84,11.85,11.82,11.84,0,0.00%,0
"2023-08-21 11:36",11.84,11.94,11.84,11.94,0.1,+0.84%,0
"2023-08-21 11:37",12.03,12.03,11.99,11.99,0.05,+0.42%,0
"2023-08-21 11:38",12,12.14,12,12.14,0.15,+1.25%,0
"2023-08-21 11:39",12.18,12.19,12.13,12.13,-0.01,-0.08%,0
"2023-08-21 11:40",12.08,12.11,12.07,12.07,-0.06,-0.49%,0
"2023-08-21 11:41",12.11,12.19,12.11,12.19,0.12,+0.99%,0
"2023-08-21 11:42",12.2,12.24,12.2,12.22,0.03,+0.25%,0
"2023-08-21 11:43",12.21,12.21,12.16,12.16,-0.06,-0.49%,0
"2023-08-21 11:44",12.19,12.28,12.19,12.27,0.11,+0.90%,0
"2023-08-21 11:45",12.28,12.28,12.19,12.19,-0.08,-0.65%,0
"2023-08-21 11:46",12.11,12.24,12.11,12.24,0.05,+0.41%,0
"2023-08-21 11:47",12.24,12.3,12.24,12.3,0.06,+0.49%,0
"2023-08-21 11:48",12.33,12.33,12.25,12.25,-0.05,-0.41%,0
"2023-08-21 11:49",12.23,12.28,12.23,12.27,0.02,+0.16%,0
"2023-08-21 11:50",12.32,12.4,12.3,12.3,0.03,+0.24%,0
"2023-08-21 11:51",12.3,12.35,12.3,12.32,0.02,+0.16%,0
"2023-08-21 11:52",12.31,12.37,12.31,12.37,0.05,+0.41%,0
"2023-08-21 11:53",12.41,12.63,12.41,12.63,0.26,+2.10%,0
"2023-08-21 11:54",12.67,12.7,12.59,12.59,-0.04,-0.32%,0
"2023-08-21 11:55",12.56,12.57,12.5,12.5,-0.09,-0.71%,0
"2023-08-21 11:56",12.48,12.54,12.48,12.5,0,0.00%,0
"2023-08-21 11:57",12.52,12.54,12.45,12.45,-0.05,-0.40%,0
"2023-08-21 11:58",12.45,12.52,12.45,12.52,0.07,+0.56%,0
"2023-08-21 11:59",12.51,12.53,12.51,12.51,-0.01,-0.08%,0
"2023-08-21 12:00",12.52,12.57,12.47,12.47,-0.04,-0.32%,0
"2023-08-21 12:01",12.46,12.53,12.46,12.49,0.02,+0.16%,0
"2023-08-21 12:02",12.52,12.62,12.52,12.61,0.12,+0.96%,0
"2023-08-21 12:03",12.56,12.56,12.5,12.51,-0.1,-0.79%,0
"2023-08-21 12:04",12.53,12.57,12.53,12.55,0.04,+0.32%,0
"2023-08-21 12:05",12.52,12.57,12.52,12.56,0.01,+0.08%,0
"2023-08-21 12:06",12.54,12.6,12.54,12.54,-0.02,-0.16%,0
"2023-08-21 12:07",12.53,12.61,12.53,12.57,0.03,+0.24%,0
"2023-08-21 12:08",12.62,12.65,12.62,12.62,0.05,+0.40%,0
"2023-08-21 12:09",12.71,12.71,12.69,12.69,0.07,+0.55%,0
"2023-08-21 12:10",12.66,12.8,12.66,12.8,0.11,+0.87%,0
"2023-08-21 12:11",12.77,12.77,12.7,12.7,-0.1,-0.78%,0
"2023-08-21 12:12",12.71,12.72,12.66,12.66,-0.04,-0.31%,0
"2023-08-21 12:13",12.63,12.63,12.49,12.49,-0.17,-1.34%,0
"2023-08-21 12:14",12.46,12.49,12.46,12.47,-0.02,-0.16%,0
"2023-08-21 12:15",12.46,12.46,12.37,12.37,-0.1,-0.80%,0
"2023-08-21 12:16",12.38,12.39,12.38,12.38,0.01,+0.08%,0
"2023-08-21 12:17",12.34,12.36,12.31,12.31,-0.07,-0.57%,0
"2023-08-21 12:18",12.31,12.34,12.31,12.34,0.03,+0.24%,0
"2023-08-21 12:19",12.33,12.37,12.33,12.34,0,0.00%,0
"2023-08-21 12:20",12.34,12.34,12.26,12.26,-0.08,-0.65%,0
"2023-08-21 12:21",12.29,12.32,12.29,12.31,0.05,+0.41%,0
"2023-08-21 12:22",12.3,12.3,12.21,12.21,-0.1,-0.81%,0
"2023-08-21 12:23",12.21,12.23,12.18,12.23,0.02,+0.16%,0
"2023-08-21 12:24",12.19,12.19,12.16,12.16,-0.07,-0.57%,0
"2023-08-21 12:25",12.17,12.18,12.14,12.14,-0.02,-0.16%,0
"2023-08-21 12:26",12.16,12.16,12.13,12.13,-0.01,-0.08%,0
"2023-08-21 12:27",12.15,12.17,12.15,12.17,0.04,+0.33%,0
"2023-08-21 12:28",12.12,12.18,12.12,12.16,-0.01,-0.08%,0
"2023-08-21 12:29",12.13,12.15,12.13,12.15,-0.01,-0.08%,0
"2023-08-21 12:30",12.13,12.15,12.13,12.15,0,0.00%,0
"2023-08-21 12:31",12.15,12.18,12.14,12.18,0.03,+0.25%,0
"2023-08-21 12:32",12.18,12.22,12.18,12.22,0.04,+0.33%,0
"2023-08-21 12:33",12.22,12.25,12.22,12.23,0.01,+0.08%,0
"2023-08-21 12:34",12.22,12.22,12.19,12.19,-0.04,-0.33%,0
"2023-08-21 12:35",12.19,12.21,12.19,12.21,0.02,+0.16%,0
"2023-08-21 12:36",12.21,12.21,12.2,12.2,-0.01,-0.08%,0
"2023-08-21 12:37",12.19,12.26,12.19,12.26,0.06,+0.49%,0
"2023-08-21 12:38",12.28,12.33,12.28,12.32,0.06,+0.49%,0
"2023-08-21 12:39",12.27,12.28,12.26,12.26,-0.06,-0.49%,0
"2023-08-21 12:40",12.29,12.29,12.24,12.27,0.01,+0.08%,0
"2023-08-21 12:41",12.24,12.31,12.24,12.31,0.04,+0.33%,0
"2023-08-21 12:42",12.3,12.32,12.28,12.32,0.01,+0.08%,0
"2023-08-21 12:43",12.31,12.34,12.31,12.31,-0.01,-0.08%,0
"2023-08-21 12:44",12.34,12.37,12.34,12.37,0.06,+0.49%,0
"2023-08-21 12:45",12.36,12.39,12.36,12.38,0.01,+0.08%,0
"2023-08-21 12:46",12.37,12.39,12.37,12.39,0.01,+0.08%,0
"2023-08-21 12:47",12.39,12.39,12.31,12.31,-0.08,-0.65%,0
"2023-08-21 12:48",12.32,12.39,12.32,12.39,0.08,+0.65%,0
"2023-08-21 12:49",12.36,12.39,12.36,12.38,-0.01,-0.08%,0
"2023-08-21 12:50",12.38,12.44,12.37,12.37,-0.01,-0.08%,0
"2023-08-21 12:51",12.37,12.42,12.37,12.42,0.05,+0.40%,0
"2023-08-21 12:52",12.44,12.46,12.42,12.44,0.02,+0.16%,0
"2023-08-21 12:53",12.44,12.5,12.44,12.48,0.04,+0.32%,0
"2023-08-21 12:54",12.48,12.54,12.48,12.54,0.06,+0.48%,0
"2023-08-21 12:55",12.54,12.58,12.54,12.57,0.03,+0.24%,0
"2023-08-21 12:56",12.53,12.53,12.49,12.49,-0.08,-0.64%,0
"2023-08-21 12:57",12.53,12.55,12.53,12.54,0.05,+0.40%,0
"2023-08-21 12:58",12.54,12.55,12.52,12.52,-0.02,-0.16%,0
"2023-08-21 12:59",12.51,12.51,12.45,12.45,-0.07,-0.56%,0
"2023-08-21 13:00",12.47,12.48,12.47,12.48,0.03,+0.24%,0
"2023-08-21 13:01",12.48,12.48,12.44,12.44,-0.04,-0.32%,0
"2023-08-21 13:02",12.45,12.45,12.41,12.41,-0.03,-0.24%,0
"2023-08-21 13:03",12.42,12.52,12.42,12.5,0.09,+0.73%,0
"2023-08-21 13:04",12.52,12.57,12.52,12.57,0.07,+0.56%,0
"2023-08-21 13:05",12.58,12.61,12.54,12.54,-0.03,-0.24%,0
"2023-08-21 13:06",12.52,12.52,12.5,12.5,-0.04,-0.32%,0
"2023-08-21 13:07",12.49,12.51,12.49,12.51,0.01,+0.08%,0
"2023-08-21 13:08",12.49,12.52,12.47,12.47,-0.04,-0.32%,0
"2023-08-21 13:09",12.46,12.5,12.46,12.5,0.03,+0.24%,0
"2023-08-21 13:10",12.5,12.52,12.5,12.51,0.01,+0.08%,0
"2023-08-21 13:11",12.52,12.56,12.52,12.56,0.05,+0.40%,0
"2023-08-21 13:12",12.56,12.59,12.56,12.59,0.03,+0.24%,0
"2023-08-21 13:13",12.59,12.61,12.58,12.58,-0.01,-0.08%,0
"2023-08-21 13:14",12.58,12.63,12.58,12.63,0.05,+0.40%,0
"2023-08-21 13:15",12.63,12.63,12.59,12.6,-0.03,-0.24%,0
"2023-08-21 13:16",12.61,12.63,12.61,12.63,0.03,+0.24%,0
"2023-08-21 13:17",12.64,12.64,12.57,12.57,-0.06,-0.48%,0
"2023-08-21 13:18",12.6,12.62,12.56,12.56,-0.01,-0.08%,0
"2023-08-21 13:19",12.59,12.59,12.55,12.55,-0.01,-0.08%,0
"2023-08-21 13:20",12.53,12.53,12.5,12.5,-0.05,-0.40%,0
"2023-08-21 13:21",12.45,12.49,12.45,12.49,-0.01,-0.08%,0
"2023-08-21 13:22",12.5,12.55,12.5,12.53,0.04,+0.32%,0
"2023-08-21 13:23",12.5,12.52,12.5,12.51,-0.02,-0.16%,0
"2023-08-21 13:24",12.51,12.53,12.5,12.53,0.02,+0.16%,0
"2023-08-21 13:25",12.5,12.53,12.49,12.49,-0.04,-0.32%,0
"2023-08-21 13:26",12.47,12.47,12.42,12.45,-0.04,-0.32%,0
"2023-08-21 13:27",12.45,12.5,12.45,12.46,0.01,+0.08%,0
"2023-08-21 13:28",12.46,12.49,12.46,12.49,0.03,+0.24%,0
"2023-08-21 13:29",12.45,12.49,12.45,12.49,0,0.00%,0
"2023-08-21 13:30",12.49,12.52,12.49,12.52,0.03,+0.24%,0
"2023-08-21 13:31",12.53,12.53,12.49,12.49,-0.03,-0.24%,0
"2023-08-21 13:32",12.48,12.5,12.46,12.46,-0.03,-0.24%,0
"2023-08-21 13:33",12.44,12.45,12.43,12.45,-0.01,-0.08%,0
"2023-08-21 13:34",12.43,12.49,12.43,12.48,0.03,+0.24%,0
"2023-08-21 13:35",12.47,12.47,12.43,12.43,-0.05,-0.40%,0
"2023-08-21 13:36",12.41,12.48,12.41,12.46,0.03,+0.24%,0
"2023-08-21 13:37",12.49,12.51,12.49,12.5,0.04,+0.32%,0
"2023-08-21 13:38",12.49,12.51,12.49,12.51,0.01,+0.08%,0
"2023-08-21 13:39",12.48,12.57,12.48,12.55,0.04,+0.32%,0
"2023-08-21 13:40",12.57,12.57,12.53,12.53,-0.02,-0.16%,0
"2023-08-21 13:41",12.5,12.55,12.49,12.53,0,0.00%,0
"2023-08-21 13:42",12.55,12.58,12.54,12.54,0.01,+0.08%,0
"2023-08-21 13:43",12.51,12.55,12.51,12.55,0.01,+0.08%,0
"2023-08-21 13:44",12.56,12.58,12.55,12.55,0,0.00%,0
"2023-08-21 13:45",12.54,12.54,12.51,12.51,-0.04,-0.32%,0
"2023-08-21 13:46",12.51,12.54,12.51,12.54,0.03,+0.24%,0
"2023-08-21 13:47",12.56,12.6,12.56,12.6,0.06,+0.48%,0
"2023-08-21 13:48",12.58,12.6,12.57,12.6,0,0.00%,0
"2023-08-21 13:49",12.6,12.64,12.6,12.64,0.04,+0.32%,0
"2023-08-21 13:50",12.61,12.62,12.61,12.61,-0.03,-0.24%,0
"2023-08-21 13:51",12.64,12.68,12.64,12.68,0.07,+0.56%,0
"2023-08-21 13:52",12.68,12.76,12.68,12.76,0.08,+0.63%,0
"2023-08-21 13:53",12.77,12.77,12.72,12.74,-0.02,-0.16%,0
"2023-08-21 13:54",12.75,12.78,12.75,12.78,0.04,+0.31%,0
"2023-08-21 13:55",12.78,12.81,12.78,12.8,0.02,+0.16%,0
"2023-08-21 13:56",12.8,12.84,12.8,12.84,0.04,+0.31%,0
"2023-08-21 13:57",12.85,12.88,12.85,12.88,0.04,+0.31%,0
"2023-08-21 13:58",12.88,12.94,12.88,12.92,0.04,+0.31%,0
"2023-08-21 13:59",12.91,12.91,12.84,12.85,-0.07,-0.54%,0
"2023-08-21 14:00",12.83,12.83,12.8,12.8,-0.05,-0.39%,0
"2023-08-21 14:01",12.8,12.81,12.79,12.81,0.01,+0.08%,0
"2023-08-21 14:02",12.81,12.84,12.81,12.82,0.01,+0.08%,0
"2023-08-21 14:03",12.84,12.9,12.84,12.9,0.08,+0.62%,0
"2023-08-21 14:04",12.94,12.94,12.85,12.85,-0.05,-0.39%,0
"2023-08-21 14:05",12.85,12.89,12.85,12.89,0.04,+0.31%,0
"2023-08-21 14:06",12.89,12.89,12.86,12.87,-0.02,-0.16%,0
"2023-08-21 14:07",12.84,12.89,12.84,12.89,0.02,+0.16%,0
"2023-08-21 14:08",12.88,12.88,12.84,12.88,-0.01,-0.08%,0
"2023-08-21 14:09",12.91,12.96,12.91,12.96,0.08,+0.62%,0
"2023-08-21 14:10",12.96,12.96,12.93,12.95,-0.01,-0.08%,0
"2023-08-21 14:11",12.92,12.94,12.92,12.93,-0.02,-0.15%,0
"2023-08-21 14:12",12.9,12.93,12.85,12.85,-0.08,-0.62%,0
"2023-08-21 14:13",12.81,12.83,12.81,12.81,-0.04,-0.31%,0
"2023-08-21 14:14",12.8,12.82,12.77,12.77,-0.04,-0.31%,0
"2023-08-21 14:15",12.77,12.77,12.73,12.73,-0.04,-0.31%,0
"2023-08-21 14:16",12.72,12.78,12.72,12.76,0.03,+0.24%,0
"2023-08-21 14:17",12.77,12.79,12.76,12.79,0.03,+0.24%,0
"2023-08-21 14:18",12.81,12.82,12.81,12.82,0.03,+0.23%,0
"2023-08-21 14:19",12.78,12.85,12.78,12.85,0.03,+0.23%,0
"2023-08-21 14:20",12.84,12.84,12.79,12.79,-0.06,-0.47%,0
"2023-08-21 14:21",12.79,12.81,12.79,12.8,0.01,+0.08%,0
"2023-08-21 14:22",12.8,12.83,12.78,12.79,-0.01,-0.08%,0
"2023-08-21 14:23",12.81,12.84,12.81,12.83,0.04,+0.31%,0
"2023-08-21 14:24",12.84,12.85,12.84,12.85,0.02,+0.16%,0
"2023-08-21 14:25",12.89,12.89,12.89,12.89,0.04,+0.31%,0
"2023-08-21 14:26",12.91,12.95,12.9,12.95,0.06,+0.47%,0
"2023-08-21 14:27",12.98,12.98,12.92,12.92,-0.03,-0.23%,0
"2023-08-21 14:28",12.92,12.94,12.91,12.91,-0.01,-0.08%,0
"2023-08-21 14:29",12.88,12.9,12.86,12.87,-0.04,-0.31%,0
"2023-08-21 14:30",12.9,12.9,12.86,12.86,-0.01,-0.08%,0
"2023-08-21 14:31",12.87,12.92,12.87,12.92,0.06,+0.47%,0
"2023-08-21 14:32",12.92,12.94,12.92,12.94,0.02,+0.15%,0
"2023-08-21 14:33",12.94,13,12.94,12.98,0.04,+0.31%,0
"2023-08-21 14:34",12.95,13,12.95,13,0.02,+0.15%,0
"2023-08-21 14:35",13,13,12.92,12.93,-0.07,-0.54%,0
"2023-08-21 14:36",12.92,12.95,12.92,12.92,-0.01,-0.08%,0
"2023-08-21 14:37",12.94,12.95,12.92,12.92,0,0.00%,0
"2023-08-21 14:38",12.92,12.94,12.92,12.94,0.02,+0.15%,0
"2023-08-21 14:39",12.92,12.94,12.89,12.89,-0.05,-0.39%,0
"2023-08-21 14:40",12.89,12.91,12.89,12.9,0.01,+0.08%,0
"2023-08-21 14:41",12.87,12.92,12.87,12.92,0.02,+0.16%,0
"2023-08-21 14:42",12.91,12.94,12.9,12.9,-0.02,-0.15%,0
"2023-08-21 14:43",12.91,12.94,12.89,12.93,0.03,+0.23%,0
"2023-08-21 14:44",12.92,12.96,12.92,12.96,0.03,+0.23%,0
"2023-08-21 14:45",12.95,12.97,12.94,12.95,-0.01,-0.08%,0
"2023-08-21 14:46",12.95,12.97,12.95,12.95,0,0.00%,0
"2023-08-21 14:47",12.92,12.94,12.91,12.91,-0.04,-0.31%,0
"2023-08-21 14:48",12.92,12.93,12.92,12.92,0.01,+0.08%,0
"2023-08-21 14:49",12.94,12.96,12.92,12.92,0,0.00%,0
"2023-08-21 14:50",12.91,12.93,12.88,12.88,-0.04,-0.31%,0
"2023-08-21 14:51",12.88,12.9,12.88,12.88,0,0.00%,0
"2023-08-21 14:52",12.89,12.9,12.89,12.9,0.02,+0.16%,0
"2023-08-21 14:53",12.9,12.92,12.9,12.9,0,0.00%,0
"2023-08-21 14:54",12.91,12.91,12.89,12.9,0,0.00%,0
"2023-08-21 14:55",12.9,12.9,12.88,12.89,-0.01,-0.08%,0
"2023-08-21 14:56",12.91,12.93,12.91,12.92,0.03,+0.23%,0
"2023-08-21 14:57",12.91,12.91,12.9,12.9,-0.02,-0.15%,0
"2023-08-21 14:58",12.87,12.91,12.87,12.91,0.01,+0.08%,0
"2023-08-21 14:59",12.88,12.92,12.88,12.92,0.01,+0.08%,0
"2023-08-21 15:00",12.92,12.92,12.92,12.92,0,0.00%,0
"2023-08-21 15:01",12.91,12.92,12.9,12.9,-0.02,-0.15%,0
"2023-08-21 15:02",12.9,12.92,12.9,12.9,0,0.00%,0
"2023-08-21 15:03",12.88,12.92,12.88,12.92,0.02,+0.16%,0
"2023-08-21 15:04",12.91,12.94,12.91,12.93,0.01,+0.08%,0
"2023-08-21 15:05",12.91,12.93,12.9,12.9,-0.03,-0.23%,0
"2023-08-21 15:06",12.9,12.91,12.9,12.9,0,0.00%,0
"2023-08-21 15:07",12.88,12.89,12.88,12.88,-0.02,-0.16%,0
"2023-08-21 15:08",12.87,12.87,12.81,12.81,-0.07,-0.54%,0
"2023-08-21 15:09",12.79,12.81,12.78,12.8,-0.01,-0.08%,0
"2023-08-21 15:10",12.83,12.87,12.83,12.84,0.04,+0.31%,0
"2023-08-21 15:11",12.85,12.85,12.82,12.82,-0.02,-0.16%,0
"2023-08-21 15:12",12.8,12.81,12.78,12.78,-0.04,-0.31%,0
"2023-08-21 15:13",12.8,12.83,12.8,12.83,0.05,+0.39%,0
"2023-08-21 15:14",12.82,12.83,12.82,12.82,-0.01,-0.08%,0
"2023-08-21 15:15",12.81,12.81,12.79,12.79,-0.03,-0.23%,0
"2023-08-21 15:16",12.78,12.79,12.74,12.74,-0.05,-0.39%,0
"2023-08-21 15:17",12.75,12.76,12.74,12.74,0,0.00%,0
"2023-08-21 15:18",12.73,12.75,12.73,12.75,0.01,+0.08%,0
"2023-08-21 15:19",12.75,12.77,12.75,12.76,0.01,+0.08%,0
"2023-08-21 15:20",12.76,12.79,12.76,12.77,0.01,+0.08%,0
"2023-08-21 15:21",12.78,12.78,12.77,12.77,0,0.00%,0
"2023-08-21 15:22",12.84,12.85,12.8,12.8,0.03,+0.23%,0
"2023-08-21 15:23",12.79,12.82,12.79,12.79,-0.01,-0.08%,0
"2023-08-21 15:24",12.77,12.82,12.76,12.82,0.03,+0.23%,0
"2023-08-21 15:25",12.81,12.84,12.81,12.84,0.02,+0.16%,0
"2023-08-21 15:26",12.82,12.84,12.82,12.83,-0.01,-0.08%,0
"2023-08-21 15:27",12.83,12.86,12.83,12.85,0.02,+0.16%,0
"2023-08-21 15:28",12.87,12.9,12.87,12.9,0.05,+0.39%,0
"2023-08-21 15:29",12.92,12.93,12.92,12.92,0.02,+0.16%,0
"2023-08-21 15:30",12.91,12.96,12.91,12.96,0.04,+0.31%,0
"2023-08-21 15:31",12.95,12.95,12.91,12.95,-0.01,-0.08%,0
"2023-08-21 15:32",12.96,12.99,12.96,12.98,0.03,+0.23%,0
"2023-08-21 15:33",12.94,12.95,12.92,12.94,-0.04,-0.31%,0
"2023-08-21 15:34",12.96,12.97,12.96,12.97,0.03,+0.23%,0
"2023-08-21 15:35",12.96,12.99,12.96,12.97,0,0.00%,0
"2023-08-21 15:36",12.98,13,12.98,13,0.03,+0.23%,0
"2023-08-21 15:37",12.97,13,12.95,12.98,-0.02,-0.15%,0
"2023-08-21 15:38",12.94,12.95,12.92,12.92,-0.06,-0.46%,0
"2023-08-21 15:39",12.92,12.94,12.92,12.94,0.02,+0.15%,0
"2023-08-21 15:40",12.94,12.95,12.94,12.94,0,0.00%,0
"2023-08-21 15:41",12.89,12.93,12.88,12.88,-0.06,-0.46%,0
"2023-08-21 15:42",12.88,12.88,12.86,12.86,-0.02,-0.16%,0
"2023-08-21 15:43",12.85,12.91,12.85,12.89,0.03,+0.23%,0
"2023-08-21 15:44",12.88,12.89,12.88,12.88,-0.01,-0.08%,0
"2023-08-21 15:45",12.88,12.88,12.86,12.86,-0.02,-0.16%,0
"2023-08-21 15:46",12.88,12.92,12.88,12.91,0.05,+0.39%,0
"2023-08-21 15:47",12.89,12.92,12.89,12.89,-0.02,-0.15%,0
"2023-08-21 15:48",12.92,12.96,12.92,12.94,0.05,+0.39%,0
"2023-08-21 15:49",12.94,12.98,12.94,12.96,0.02,+0.15%,0
"2023-08-21 15:50",12.98,12.98,12.96,12.98,0.02,+0.15%,0
"2023-08-21 15:51",13,13.08,13,13.08,0.1,+0.77%,0
"2023-08-21 15:52",13.06,13.12,13.06,13.09,0.01,+0.08%,0
"2023-08-21 15:53",13.1,13.11,13.06,13.06,-0.03,-0.23%,0
"2023-08-21 15:54",13.07,13.07,13.04,13.04,-0.02,-0.15%,0
"2023-08-21 15:55",13.06,13.09,13.06,13.09,0.05,+0.38%,0
"2023-08-21 15:56",13.08,13.12,13.08,13.12,0.03,+0.23%,0
"2023-08-21 15:57",13.12,13.18,13.12,13.15,0.03,+0.23%,0
"2023-08-21 15:58",13.15,13.26,13.15,13.26,0.11,+0.84%,0
"2023-08-21 15:59",13.27,13.4,13.27,13.36,0.1,+0.75%,0
"2023-08-21 16:00",13.26,13.33,13.26,13.33,-0.03,-0.22%,0
"2023-08-21 16:01",13.32,13.39,13.32,13.39,0.06,+0.45%,0
"2023-08-21 16:02",13.41,13.46,13.41,13.41,0.02,+0.15%,0
"2023-08-21 16:03",13.48,13.51,13.48,13.51,0.1,+0.75%,0
"2023-08-21 16:04",13.49,13.55,13.49,13.54,0.03,+0.22%,0
"2023-08-21 16:05",13.62,13.62,13.58,13.59,0.05,+0.37%,0
"2023-08-21 16:06",13.58,13.58,13.56,13.56,-0.03,-0.22%,0
"2023-08-21 16:07",13.52,13.54,13.52,13.53,-0.03,-0.22%,0
"2023-08-21 16:08",13.53,13.55,13.53,13.55,0.02,+0.15%,0
"2023-08-21 16:09",13.53,13.56,13.53,13.56,0.01,+0.07%,0
"2023-08-21 16:10",13.55,13.64,13.55,13.64,0.08,+0.59%,0
"2023-08-21 16:11",13.62,13.63,13.62,13.62,-0.02,-0.15%,0
"2023-08-21 16:12",13.51,13.53,13.51,13.53,-0.09,-0.66%,0
"2023-08-21 16:13",13.55,13.66,13.55,13.66,0.13,+0.96%,0
"2023-08-21 16:14",13.59,13.61,13.57,13.57,-0.09,-0.66%,0
"2023-08-21 16:15",13.6,13.6,13.6,13.6,0.03,+0.22%,0
"2023-08-22 09:31",9.99,10.02,9.98,10,-3.6,-26.47%,0
"2023-08-22 09:32",9.9,9.91,9.88,9.91,-0.09,-0.90%,0
"2023-08-22 09:33",9.98,9.98,9.91,9.91,0,0.00%,0
"2023-08-22 09:34",9.95,9.95,9.87,9.89,-0.02,-0.20%,0
"2023-08-22 09:35",9.9,10,9.9,10,0.11,+1.11%,0
"2023-08-22 09:36",10.04,10.04,9.97,9.98,-0.02,-0.20%,0
"2023-08-22 09:37",10.01,10.07,10.01,10.05,0.07,+0.70%,0
"2023-08-22 09:38",10.15,10.28,10.15,10.28,0.23,+2.29%,0
"2023-08-22 09:39",10.35,10.35,10.24,10.24,-0.04,-0.39%,0
"2023-08-22 09:40",10.33,10.57,10.33,10.56,0.32,+3.13%,0
"2023-08-22 09:41",10.53,10.65,10.42,10.42,-0.14,-1.33%,0
"2023-08-22 09:42",10.39,10.45,10.39,10.43,0.01,+0.10%,0
"2023-08-22 09:43",10.44,10.52,10.44,10.52,0.09,+0.86%,0
"2023-08-22 09:44",10.48,10.48,10.42,10.43,-0.09,-0.86%,0
"2023-08-22 09:45",10.46,10.46,10.4,10.43,0,0.00%,0
"2023-08-22 09:46",10.45,10.54,10.45,10.47,0.04,+0.38%,0
"2023-08-22 09:47",10.51,10.51,10.47,10.47,0,0.00%,0
"2023-08-22 09:48",10.42,10.5,10.42,10.5,0.03,+0.29%,0
"2023-08-22 09:49",10.57,10.68,10.57,10.6,0.1,+0.95%,0
"2023-08-22 09:50",10.65,10.72,10.65,10.72,0.12,+1.13%,0
"2023-08-22 09:51",10.68,10.72,10.68,10.72,0,0.00%,0
"2023-08-22 09:52",10.67,10.69,10.67,10.67,-0.05,-0.47%,0
"2023-08-22 09:53",10.69,10.78,10.69,10.74,0.07,+0.66%,0
"2023-08-22 09:54",10.78,10.92,10.78,10.88,0.14,+1.30%,0
"2023-08-22 09:55",10.85,10.91,10.85,10.89,0.01,+0.09%,0
"2023-08-22 09:56",10.87,10.9,10.87,10.88,-0.01,-0.09%,0
"2023-08-22 09:57",10.89,10.95,10.89,10.93,0.05,+0.46%,0
"2023-08-22 09:58",10.94,10.96,10.88,10.88,-0.05,-0.46%,0
"2023-08-22 09:59",10.88,10.91,10.88,10.89,0.01,+0.09%,0
"2023-08-22 10:00",10.92,10.99,10.91,10.91,0.02,+0.18%,0
"2023-08-22 10:01",10.86,10.91,10.86,10.91,0,0.00%,0
"2023-08-22 10:02",10.96,11.02,10.96,11.02,0.11,+1.01%,0
"2023-08-22 10:03",11.04,11.04,10.88,10.88,-0.14,-1.27%,0
"2023-08-22 10:04",10.93,10.95,10.89,10.9,0.02,+0.18%,0
"2023-08-22 10:05",10.85,10.91,10.85,10.9,0,0.00%,0
"2023-08-22 10:06",10.93,10.93,10.86,10.87,-0.03,-0.28%,0
"2023-08-22 10:07",10.81,10.81,10.78,10.8,-0.07,-0.64%,0
"2023-08-22 10:08",10.8,10.91,10.8,10.91,0.11,+1.02%,0
"2023-08-22 10:09",10.98,11.04,10.98,11.04,0.13,+1.19%,0
"2023-08-22 10:10",10.99,10.99,10.93,10.93,-0.11,-1.00%,0
"2023-08-22 10:11",10.85,10.85,10.79,10.8,-0.13,-1.19%,0
"2023-08-22 10:12",10.83,10.85,10.71,10.71,-0.09,-0.83%,0
"2023-08-22 10:13",10.69,10.71,10.68,10.7,-0.01,-0.09%,0
"2023-08-22 10:14",10.68,10.77,10.68,10.77,0.07,+0.65%,0
"2023-08-22 10:15",10.81,10.81,10.74,10.74,-0.03,-0.28%,0
"2023-08-22 10:16",10.72,10.74,10.72,10.74,0,0.00%,0
"2023-08-22 10:17",10.8,10.93,10.79,10.93,0.19,+1.77%,0
"2023-08-22 10:18",10.92,10.93,10.87,10.87,-0.06,-0.55%,0
"2023-08-22 10:19",10.87,10.88,10.84,10.84,-0.03,-0.28%,0
"2023-08-22 10:20",10.83,10.89,10.83,10.85,0.01,+0.09%,0
"2023-08-22 10:21",10.81,10.81,10.75,10.75,-0.1,-0.92%,0
"2023-08-22 10:22",10.76,10.95,10.76,10.95,0.2,+1.86%,0
"2023-08-22 10:23",11.04,11.22,11.04,11.15,0.2,+1.83%,0
"2023-08-22 10:24",11.07,11.1,11.02,11.1,-0.05,-0.45%,0
"2023-08-22 10:25",11.16,11.16,11.05,11.09,-0.01,-0.09%,0
"2023-08-22 10:26",11.19,11.28,11.19,11.28,0.19,+1.71%,0
"2023-08-22 10:27",11.24,11.24,11.18,11.24,-0.04,-0.35%,0
"2023-08-22 10:28",11.23,11.25,11.18,11.18,-0.06,-0.53%,0
"2023-08-22 10:29",11.2,11.22,11.19,11.19,0.01,+0.09%,0
"2023-08-22 10:30",11.16,11.23,11.16,11.21,0.02,+0.18%,0
"2023-08-22 10:31",11.24,11.31,11.24,11.31,0.1,+0.89%,0
"2023-08-22 10:32",11.23,11.23,11.08,11.09,-0.22,-1.95%,0
"2023-08-22 10:33",11.11,11.16,11.11,11.14,0.05,+0.45%,0
"2023-08-22 10:34",11.15,11.42,11.15,11.33,0.19,+1.71%,0
"2023-08-22 10:35",11.18,11.18,11.11,11.11,-0.22,-1.94%,0
"2023-08-22 10:36",11.19,11.25,11.18,11.18,0.07,+0.63%,0
"2023-08-22 10:37",11.15,11.15,11.09,11.09,-0.09,-0.81%,0
"2023-08-22 10:38",11.04,11.04,10.96,11,-0.09,-0.81%,0
"2023-08-22 10:39",10.98,11.04,10.98,11.04,0.04,+0.36%,0
"2023-08-22 10:40",11.04,11.12,11.04,11.12,0.08,+0.72%,0
"2023-08-22 10:41",11.12,11.14,11.12,11.12,0,0.00%,0
"2023-08-22 10:42",11.08,11.08,10.9,10.91,-0.21,-1.89%,0
"2023-08-22 10:43",10.97,11.11,10.97,11.11,0.2,+1.83%,0
"2023-08-22 10:44",11.05,11.05,11.02,11.02,-0.09,-0.81%,0
"2023-08-22 10:45",11.03,11.08,11.03,11.06,0.04,+0.36%,0
"2023-08-22 10:46",11.07,11.07,10.99,10.99,-0.07,-0.63%,0
"2023-08-22 10:47",10.96,11,10.96,11,0.01,+0.09%,0
"2023-08-22 10:48",11.02,11.07,11.02,11.06,0.06,+0.55%,0
"2023-08-22 10:49",11.06,11.08,11.06,11.06,0,0.00%,0
"2023-08-22 10:50",11.03,11.11,11.03,11.11,0.05,+0.45%,0
"2023-08-22 10:51",11.12,11.12,11.1,11.1,-0.01,-0.09%,0
"2023-08-22 10:52",11.11,11.11,11,11,-0.1,-0.90%,0
"2023-08-22 10:53",10.98,11.02,10.96,10.96,-0.04,-0.36%,0
"2023-08-22 10:54",10.92,10.93,10.92,10.93,-0.03,-0.27%,0
"2023-08-22 10:55",10.95,10.97,10.95,10.96,0.03,+0.27%,0
"2023-08-22 10:56",10.95,10.95,10.93,10.95,-0.01,-0.09%,0
"2023-08-22 10:57",10.92,10.94,10.92,10.93,-0.02,-0.18%,0
"2023-08-22 10:58",10.93,10.95,10.93,10.94,0.01,+0.09%,0
"2023-08-22 10:59",10.93,10.95,10.91,10.95,0.01,+0.09%,0
"2023-08-22 11:00",10.93,10.97,10.93,10.95,0,0.00%,0
"2023-08-22 11:01",10.94,10.96,10.94,10.94,-0.01,-0.09%,0
"2023-08-22 11:02",10.92,11,10.92,10.98,0.04,+0.37%,0
"2023-08-22 11:03",10.98,11,10.97,10.97,-0.01,-0.09%,0
"2023-08-22 11:04",10.99,11.03,10.99,11.03,0.06,+0.55%,0
"2023-08-22 11:05",11.01,11.11,11.01,11.11,0.08,+0.73%,0
"2023-08-22 11:06",11.12,11.14,11.02,11.02,-0.09,-0.81%,0
"2023-08-22 11:07",10.97,11,10.97,11,-0.02,-0.18%,0
"2023-08-22 11:08",11.02,11.08,11.02,11.08,0.08,+0.73%,0
"2023-08-22 11:09",11.09,11.09,11.08,11.08,0,0.00%,0
"2023-08-22 11:10",11.09,11.1,11.07,11.07,-0.01,-0.09%,0
"2023-08-22 11:11",11.07,11.13,11.04,11.04,-0.03,-0.27%,0
"2023-08-22 11:12",10.96,10.98,10.9,10.9,-0.14,-1.27%,0
"2023-08-22 11:13",10.9,10.96,10.9,10.95,0.05,+0.46%,0
"2023-08-22 11:14",10.94,11.03,10.94,11.03,0.08,+0.73%,0
"2023-08-22 11:15",11.12,11.26,11.12,11.26,0.23,+2.09%,0
"2023-08-22 11:16",11.21,11.21,11.1,11.1,-0.16,-1.42%,0
"2023-08-22 11:17",11.1,11.1,11.03,11.04,-0.06,-0.54%,0
"2023-08-22 11:18",11.05,11.08,11.05,11.06,0.02,+0.18%,0
"2023-08-22 11:19",11.05,11.09,11.05,11.08,0.02,+0.18%,0
"2023-08-22 11:20",11.1,11.12,11.1,11.11,0.03,+0.27%,0
"2023-08-22 11:21",11.09,11.14,11.09,11.09,-0.02,-0.18%,0
"2023-08-22 11:22",11.06,11.06,11.01,11.02,-0.07,-0.63%,0
"2023-08-22 11:23",11.03,11.08,11.03,11.08,0.06,+0.54%,0
"2023-08-22 11:24",11.06,11.11,11.06,11.11,0.03,+0.27%,0
"2023-08-22 11:25",11.09,11.14,11.09,11.13,0.02,+0.18%,0
"2023-08-22 11:26",11.14,11.14,11.05,11.05,-0.08,-0.72%,0
"2023-08-22 11:27",11.04,11.11,11.04,11.11,0.06,+0.54%,0
"2023-08-22 11:28",11.09,11.13,11.09,11.12,0.01,+0.09%,0
"2023-08-22 11:29",11.13,11.15,11.13,11.15,0.03,+0.27%,0
"2023-08-22 11:30",11.15,11.17,11.14,11.17,0.02,+0.18%,0
"2023-08-22 11:31",11.18,11.18,11.12,11.12,-0.05,-0.45%,0
"2023-08-22 11:32",11.12,11.15,11.12,11.15,0.03,+0.27%,0
"2023-08-22 11:33",11.18,11.2,11.18,11.2,0.05,+0.45%,0
"2023-08-22 11:34",11.23,11.23,11.21,11.21,0.01,+0.09%,0
"2023-08-22 11:35",11.21,11.22,11.21,11.21,0,0.00%,0
"2023-08-22 11:36",11.21,11.22,11.18,11.18,-0.03,-0.27%,0
"2023-08-22 11:37",11.2,11.23,11.2,11.2,0.02,+0.18%,0
"2023-08-22 11:38",11.17,11.21,11.17,11.2,0,0.00%,0
"2023-08-22 11:39",11.2,11.29,11.2,11.29,0.09,+0.80%,0
"2023-08-22 11:40",11.36,11.46,11.36,11.43,0.14,+1.24%,0
"2023-08-22 11:41",11.39,11.39,11.3,11.32,-0.11,-0.96%,0
"2023-08-22 11:42",11.32,11.38,11.32,11.38,0.06,+0.53%,0
"2023-08-22 11:43",11.39,11.39,11.38,11.38,0,0.00%,0
"2023-08-22 11:44",11.34,11.4,11.34,11.4,0.02,+0.18%,0
"2023-08-22 11:45",11.43,11.43,11.41,11.43,0.03,+0.26%,0
"2023-08-22 11:46",11.42,11.42,11.38,11.4,-0.03,-0.26%,0
"2023-08-22 11:47",11.41,11.42,11.41,11.41,0.01,+0.09%,0
"2023-08-22 11:48",11.4,11.43,11.4,11.42,0.01,+0.09%,0
"2023-08-22 11:49",11.43,11.45,11.43,11.44,0.02,+0.18%,0
"2023-08-22 11:50",11.43,11.43,11.41,11.42,-0.02,-0.17%,0
"2023-08-22 11:51",11.43,11.53,11.43,11.51,0.09,+0.79%,0
"2023-08-22 11:52",11.5,11.66,11.5,11.66,0.15,+1.30%,0
"2023-08-22 11:53",11.66,11.66,11.43,11.43,-0.23,-1.97%,0
"2023-08-22 11:54",11.45,11.66,11.45,11.66,0.23,+2.01%,0
"2023-08-22 11:55",11.6,11.63,11.6,11.63,-0.03,-0.26%,0
"2023-08-22 11:56",11.58,11.62,11.58,11.62,-0.01,-0.09%,0
"2023-08-22 11:57",11.64,11.64,11.62,11.62,0,0.00%,0
"2023-08-22 11:58",11.63,11.63,11.56,11.56,-0.06,-0.52%,0
"2023-08-22 11:59",11.55,11.61,11.55,11.6,0.04,+0.35%,0
"2023-08-22 12:00",11.6,11.64,11.6,11.64,0.04,+0.34%,0
"2023-08-22 12:01",11.64,11.68,11.64,11.68,0.04,+0.34%,0
"2023-08-22 12:02",11.69,11.71,11.69,11.69,0.01,+0.09%,0
"2023-08-22 12:03",11.68,11.68,11.63,11.64,-0.05,-0.43%,0
"2023-08-22 12:04",11.65,11.7,11.65,11.69,0.05,+0.43%,0
"2023-08-22 12:05",11.69,11.7,11.69,11.7,0.01,+0.09%,0
"2023-08-22 12:06",11.72,11.77,11.72,11.77,0.07,+0.60%,0
"2023-08-22 12:07",11.77,11.77,11.73,11.73,-0.04,-0.34%,0
"2023-08-22 12:08",11.74,11.75,11.74,11.75,0.02,+0.17%,0
"2023-08-22 12:09",11.74,11.77,11.74,11.77,0.02,+0.17%,0
"2023-08-22 12:10",11.76,11.79,11.76,11.79,0.02,+0.17%,0
"2023-08-22 12:11",11.79,11.8,11.79,11.79,0,0.00%,0
"2023-08-22 12:12",11.77,11.79,11.77,11.79,0,0.00%,0
"2023-08-22 12:13",11.78,11.89,11.78,11.89,0.1,+0.85%,0
"2023-08-22 12:14",11.98,12.02,11.96,11.96,0.07,+0.59%,0
"2023-08-22 12:15",11.93,11.93,11.72,11.72,-0.24,-2.01%,0
"2023-08-22 12:16",11.76,12.01,11.76,12.01,0.29,+2.47%,0
"2023-08-22 12:17",11.93,11.93,11.73,11.74,-0.27,-2.25%,0
"2023-08-22 12:18",11.73,11.8,11.73,11.79,0.05,+0.43%,0
"2023-08-22 12:19",11.76,11.81,11.76,11.79,0,0.00%,0
"2023-08-22 12:20",11.79,11.81,11.77,11.77,-0.02,-0.17%,0
"2023-08-22 12:21",11.81,11.81,11.8,11.8,0.03,+0.25%,0
"2023-08-22 12:22",11.81,11.86,11.81,11.86,0.06,+0.51%,0
"2023-08-22 12:23",11.85,11.88,11.85,11.88,0.02,+0.17%,0
"2023-08-22 12:24",11.86,11.87,11.85,11.85,-0.03,-0.25%,0
"2023-08-22 12:25",11.85,11.87,11.85,11.87,0.02,+0.17%,0
"2023-08-22 12:26",11.89,11.9,11.89,11.9,0.03,+0.25%,0
"2023-08-22 12:27",11.9,11.91,11.9,11.9,0,0.00%,0
"2023-08-22 12:28",11.84,11.84,11.73,11.73,-0.17,-1.43%,0
"2023-08-22 12:29",11.74,11.8,11.74,11.8,0.07,+0.60%,0
"2023-08-22 12:30",11.79,11.8,11.78,11.79,-0.01,-0.08%,0
"2023-08-22 12:31",11.74,11.79,11.74,11.79,0,0.00%,0
"2023-08-22 12:32",11.79,11.83,11.79,11.83,0.04,+0.34%,0
"2023-08-22 12:33",11.82,11.89,11.82,11.89,0.06,+0.51%,0
"2023-08-22 12:34",11.94,11.98,11.91,11.91,0.02,+0.17%,0
"2023-08-22 12:35",11.95,11.97,11.95,11.95,0.04,+0.34%,0
"2023-08-22 12:36",11.95,11.97,11.77,11.77,-0.18,-1.51%,0
"2023-08-22 12:37",11.66,11.72,11.66,11.72,-0.05,-0.42%,0
"2023-08-22 12:38",11.73,11.77,11.72,11.72,0,0.00%,0
"2023-08-22 12:39",11.73,11.77,11.73,11.77,0.05,+0.43%,0
"2023-08-22 12:40",11.75,11.79,11.75,11.79,0.02,+0.17%,0
"2023-08-22 12:41",11.77,11.79,11.77,11.77,-0.02,-0.17%,0
"2023-08-22 12:42",11.77,11.78,11.71,11.71,-0.06,-0.51%,0
"2023-08-22 12:43",11.72,11.74,11.72,11.73,0.02,+0.17%,0
"2023-08-22 12:44",11.73,11.76,11.73,11.75,0.02,+0.17%,0
"2023-08-22 12:45",11.76,11.77,11.76,11.77,0.02,+0.17%,0
"2023-08-22 12:46",11.77,11.79,11.75,11.75,-0.02,-0.17%,0
"2023-08-22 12:47",11.77,11.79,11.77,11.79,0.04,+0.34%,0
"2023-08-22 12:48",11.8,11.81,11.8,11.81,0.02,+0.17%,0
"2023-08-22 12:49",11.81,11.86,11.81,11.86,0.05,+0.42%,0
"2023-08-22 12:50",11.86,11.87,11.84,11.84,-0.02,-0.17%,0
"2023-08-22 12:51",11.86,11.86,11.81,11.82,-0.02,-0.17%,0
"2023-08-22 12:52",11.82,11.85,11.82,11.82,0,0.00%,0
"2023-08-22 12:53",11.81,11.85,11.8,11.81,-0.01,-0.08%,0
"2023-08-22 12:54",11.8,11.81,11.79,11.8,-0.01,-0.08%,0
"2023-08-22 12:55",11.8,11.85,11.8,11.85,0.05,+0.42%,0
"2023-08-22 12:56",11.84,11.86,11.84,11.86,0.01,+0.08%,0
"2023-08-22 12:57",11.85,11.88,11.85,11.86,0,0.00%,0
"2023-08-22 12:58",11.9,11.9,11.89,11.9,0.04,+0.34%,0
"2023-08-22 12:59",11.91,12.12,11.91,12.12,0.22,+1.85%,0
"2023-08-22 13:00",12.13,12.16,12.05,12.05,-0.07,-0.58%,0
"2023-08-22 13:01",12.05,12.3,12.05,12.3,0.25,+2.07%,0
"2023-08-22 13:02",12.44,12.46,12.33,12.33,0.03,+0.24%,0
"2023-08-22 13:03",12.18,12.25,12.18,12.25,-0.08,-0.65%,0
"2023-08-22 13:04",12.24,12.27,12.24,12.27,0.02,+0.16%,0
"2023-08-22 13:05",12.27,12.28,12.27,12.28,0.01,+0.08%,0
"2023-08-22 13:06",12.39,12.42,12.29,12.29,0.01,+0.08%,0
"2023-08-22 13:07",12.27,12.31,12.27,12.31,0.02,+0.16%,0
"2023-08-22 13:08",12.3,12.3,12.21,12.21,-0.1,-0.81%,0
"2023-08-22 13:09",12.19,12.22,12.19,12.22,0.01,+0.08%,0
"2023-08-22 13:10",12.22,12.27,12.19,12.27,0.05,+0.41%,0
"2023-08-22 13:11",12.31,12.39,12.31,12.35,0.08,+0.65%,0
"2023-08-22 13:12",12.33,12.39,12.29,12.29,-0.06,-0.49%,0
"2023-08-22 13:13",12.28,12.34,12.28,12.34,0.05,+0.41%,0
"2023-08-22 13:14",12.35,12.42,12.35,12.39,0.05,+0.41%,0
"2023-08-22 13:15",12.39,12.6,12.39,12.59,0.2,+1.61%,0
"2023-08-22 13:16",12.53,12.56,12.48,12.48,-0.11,-0.87%,0
"2023-08-22 13:17",12.41,12.45,12.41,12.44,-0.04,-0.32%,0
"2023-08-22 13:18",12.47,12.49,12.47,12.49,0.05,+0.40%,0
"2023-08-22 13:19",12.49,12.5,12.42,12.42,-0.07,-0.56%,0
"2023-08-22 13:20",12.4,12.4,12.35,12.35,-0.07,-0.56%,0
"2023-08-22 13:21",12.36,12.4,12.36,12.4,0.05,+0.40%,0
"2023-08-22 13:22",12.45,12.57,12.45,12.57,0.17,+1.37%,0
"2023-08-22 13:23",12.55,12.59,12.55,12.59,0.02,+0.16%,0
"2023-08-22 13:24",12.53,12.54,12.53,12.54,-0.05,-0.40%,0
"2023-08-22 13:25",12.54,12.56,12.52,12.52,-0.02,-0.16%,0
"2023-08-22 13:26",12.53,12.56,12.53,12.53,0.01,+0.08%,0
"2023-08-22 13:27",12.49,12.49,12.46,12.46,-0.07,-0.56%,0
"2023-08-22 13:28",12.44,12.47,12.44,12.46,0,0.00%,0
"2023-08-22 13:29",12.46,12.47,12.46,12.46,0,0.00%,0
"2023-08-22 13:30",12.43,12.44,12.43,12.43,-0.03,-0.24%,0
"2023-08-22 13:31",12.5,12.5,12.49,12.49,0.06,+0.48%,0
"2023-08-22 13:32",12.45,12.49,12.45,12.47,-0.02,-0.16%,0
"2023-08-22 13:33",12.48,12.5,12.48,12.48,0.01,+0.08%,0
"2023-08-22 13:34",12.48,12.52,12.48,12.48,0,0.00%,0
"2023-08-22 13:35",12.47,12.5,12.47,12.48,0,0.00%,0
"2023-08-22 13:36",12.5,12.5,12.45,12.45,-0.03,-0.24%,0
"2023-08-22 13:37",12.45,12.45,12.4,12.4,-0.05,-0.40%,0
"2023-08-22 13:38",12.42,12.64,12.42,12.64,0.24,+1.94%,0
"2023-08-22 13:39",12.67,12.69,12.66,12.66,0.02,+0.16%,0
"2023-08-22 13:40",12.64,12.74,12.64,12.74,0.08,+0.63%,0
"2023-08-22 13:41",12.71,12.71,12.66,12.66,-0.08,-0.63%,0
"2023-08-22 13:42",12.67,12.67,12.67,12.67,0.01,+0.08%,0
"2023-08-22 13:43",12.68,12.74,12.68,12.72,0.05,+0.39%,0
"2023-08-22 13:44",12.71,12.73,12.71,12.72,0,0.00%,0
"2023-08-22 13:45",12.73,12.75,12.73,12.74,0.02,+0.16%,0
"2023-08-22 13:46",12.72,12.74,12.72,12.74,0,0.00%,0
"2023-08-22 13:47",12.71,12.79,12.71,12.79,0.05,+0.39%,0
"2023-08-22 13:48",12.84,12.84,12.79,12.79,0,0.00%,0
"2023-08-22 13:49",12.74,12.75,12.72,12.74,-0.05,-0.39%,0
"2023-08-22 13:50",12.77,12.83,12.77,12.83,0.09,+0.71%,0
"2023-08-22 13:51",12.87,12.9,12.84,12.84,0.01,+0.08%,0
"2023-08-22 13:52",12.84,12.85,12.81,12.81,-0.03,-0.23%,0
"2023-08-22 13:53",12.8,12.87,12.8,12.87,0.06,+0.47%,0
"2023-08-22 13:54",12.9,12.91,12.87,12.87,0,0.00%,0
"2023-08-22 13:55",12.87,12.88,12.87,12.88,0.01,+0.08%,0
"2023-08-22 13:56",12.89,12.91,12.89,12.9,0.02,+0.16%,0
"2023-08-22 13:57",12.89,12.92,12.89,12.9,0,0.00%,0
"2023-08-22 13:58",12.9,12.9,12.81,12.81,-0.09,-0.70%,0
"2023-08-22 13:59",12.81,12.84,12.81,12.83,0.02,+0.16%,0
"2023-08-22 14:00",12.82,12.91,12.82,12.91,0.08,+0.62%,0
"2023-08-22 14:01",12.91,12.97,12.91,12.92,0.01,+0.08%,0
"2023-08-22 14:02",12.87,12.88,12.84,12.84,-0.08,-0.62%,0
"2023-08-22 14:03",12.85,12.86,12.82,12.82,-0.02,-0.16%,0
"2023-08-22 14:04",12.81,12.84,12.77,12.84,0.02,+0.16%,0
"2023-08-22 14:05",12.83,12.87,12.83,12.86,0.02,+0.16%,0
"2023-08-22 14:06",12.85,12.86,12.85,12.85,-0.01,-0.08%,0
"2023-08-22 14:07",12.83,12.84,12.83,12.83,-0.02,-0.16%,0
"2023-08-22 14:08",12.83,12.85,12.83,12.83,0,0.00%,0
"2023-08-22 14:09",12.85,12.85,12.79,12.79,-0.04,-0.31%,0
"2023-08-22 14:10",12.78,12.79,12.77,12.77,-0.02,-0.16%,0
"2023-08-22 14:11",12.77,12.77,12.74,12.75,-0.02,-0.16%,0
"2023-08-22 14:12",12.84,12.9,12.84,12.86,0.11,+0.86%,0
"2023-08-22 14:13",12.85,12.88,12.85,12.88,0.02,+0.16%,0
"2023-08-22 14:14",12.86,12.86,12.85,12.85,-0.03,-0.23%,0
"2023-08-22 14:15",12.84,12.87,12.83,12.83,-0.02,-0.16%,0
"2023-08-22 14:16",12.83,12.84,12.81,12.83,0,0.00%,0
"2023-08-22 14:17",12.82,12.84,12.82,12.82,-0.01,-0.08%,0
"2023-08-22 14:18",12.83,12.86,12.83,12.85,0.03,+0.23%,0
"2023-08-22 14:19",12.85,12.89,12.85,12.86,0.01,+0.08%,0
"2023-08-22 14:20",12.85,12.87,12.85,12.87,0.01,+0.08%,0
"2023-08-22 14:21",12.89,12.89,12.87,12.87,0,0.00%,0
"2023-08-22 14:22",12.85,12.85,12.83,12.84,-0.03,-0.23%,0
"2023-08-22 14:23",12.82,12.83,12.81,12.81,-0.03,-0.23%,0
"2023-08-22 14:24",12.82,12.83,12.82,12.83,0.02,+0.16%,0
"2023-08-22 14:25",12.85,12.85,12.83,12.84,0.01,+0.08%,0
"2023-08-22 14:26",12.83,12.84,12.83,12.84,0,0.00%,0
"2023-08-22 14:27",12.83,12.83,12.79,12.79,-0.05,-0.39%,0
"2023-08-22 14:28",12.78,12.78,12.76,12.77,-0.02,-0.16%,0
"2023-08-22 14:29",12.76,12.76,12.71,12.71,-0.06,-0.47%,0
"2023-08-22 14:30",12.7,12.7,12.67,12.67,-0.04,-0.31%,0
"2023-08-22 14:31",12.66,12.68,12.66,12.67,0,0.00%,0
"2023-08-22 14:32",12.65,12.68,12.65,12.67,0,0.00%,0
"2023-08-22 14:33",12.66,12.69,12.66,12.68,0.01,+0.08%,0
"2023-08-22 14:34",12.68,12.69,12.68,12.69,0.01,+0.08%,0
"2023-08-22 14:35",12.67,12.67,12.64,12.64,-0.05,-0.39%,0
"2023-08-22 14:36",12.64,12.68,12.64,12.67,0.03,+0.24%,0
"2023-08-22 14:37",12.67,12.7,12.67,12.69,0.02,+0.16%,0
"2023-08-22 14:38",12.69,12.75,12.69,12.73,0.04,+0.32%,0
"2023-08-22 14:39",12.7,12.72,12.7,12.71,-0.02,-0.16%,0
"2023-08-22 14:40",12.71,12.82,12.71,12.82,0.11,+0.87%,0
"2023-08-22 14:41",12.85,12.85,12.8,12.8,-0.02,-0.16%,0
"2023-08-22 14:42",12.79,12.8,12.77,12.77,-0.03,-0.23%,0
"2023-08-22 14:43",12.78,12.89,12.78,12.88,0.11,+0.86%,0
"2023-08-22 14:44",12.86,12.86,12.83,12.84,-0.04,-0.31%,0
"2023-08-22 14:45",12.83,12.83,12.76,12.76,-0.08,-0.62%,0
"2023-08-22 14:46",12.76,12.85,12.76,12.79,0.03,+0.24%,0
"2023-08-22 14:47",12.79,12.81,12.77,12.78,-0.01,-0.08%,0
"2023-08-22 14:48",12.79,12.85,12.79,12.84,0.06,+0.47%,0
"2023-08-22 14:49",12.82,12.82,12.77,12.77,-0.07,-0.55%,0
"2023-08-22 14:50",12.77,12.8,12.77,12.77,0,0.00%,0
"2023-08-22 14:51",12.78,12.8,12.78,12.79,0.02,+0.16%,0
"2023-08-22 14:52",12.79,12.8,12.78,12.8,0.01,+0.08%,0
"2023-08-22 14:53",12.81,12.84,12.81,12.81,0.01,+0.08%,0
"2023-08-22 14:54",12.81,12.84,12.81,12.84,0.03,+0.23%,0
"2023-08-22 14:55",12.86,12.89,12.83,12.83,-0.01,-0.08%,0
"2023-08-22 14:56",12.84,12.85,12.79,12.8,-0.03,-0.23%,0
"2023-08-22 14:57",12.8,12.8,12.78,12.78,-0.02,-0.16%,0
"2023-08-22 14:58",12.79,12.8,12.79,12.79,0.01,+0.08%,0
"2023-08-22 14:59",12.77,12.78,12.76,12.76,-0.03,-0.23%,0
"2023-08-22 15:00",12.75,12.76,12.73,12.73,-0.03,-0.24%,0
"2023-08-22 15:01",12.68,12.71,12.68,12.71,-0.02,-0.16%,0
"2023-08-22 15:02",12.7,12.7,12.68,12.69,-0.02,-0.16%,0
"2023-08-22 15:03",12.7,12.7,12.69,12.7,0.01,+0.08%,0
"2023-08-22 15:04",12.68,12.69,12.66,12.66,-0.04,-0.31%,0
"2023-08-22 15:05",12.66,12.67,12.65,12.65,-0.01,-0.08%,0
"2023-08-22 15:06",12.64,12.64,12.59,12.59,-0.06,-0.47%,0
"2023-08-22 15:07",12.6,12.62,12.6,12.62,0.03,+0.24%,0
"2023-08-22 15:08",12.62,12.64,12.61,12.64,0.02,+0.16%,0
"2023-08-22 15:09",12.63,12.65,12.63,12.63,-0.01,-0.08%,0
"2023-08-22 15:10",12.63,12.63,12.57,12.57,-0.06,-0.48%,0
"2023-08-22 15:11",12.56,12.6,12.56,12.58,0.01,+0.08%,0
"2023-08-22 15:12",12.58,12.59,12.55,12.59,0.01,+0.08%,0
"2023-08-22 15:13",12.58,12.66,12.58,12.65,0.06,+0.48%,0
"2023-08-22 15:14",12.65,12.65,12.64,12.64,-0.01,-0.08%,0
"2023-08-22 15:15",12.65,12.72,12.65,12.72,0.08,+0.63%,0
"2023-08-22 15:16",12.74,12.75,12.73,12.75,0.03,+0.24%,0
"2023-08-22 15:17",12.76,12.78,12.76,12.78,0.03,+0.24%,0
"2023-08-22 15:18",12.79,12.8,12.79,12.79,0.01,+0.08%,0
"2023-08-22 15:19",12.78,12.83,12.78,12.83,0.04,+0.31%,0
"2023-08-22 15:20",12.83,12.83,12.81,12.83,0,0.00%,0
"2023-08-22 15:21",12.81,12.85,12.81,12.85,0.02,+0.16%,0
"2023-08-22 15:22",12.89,12.95,12.89,12.95,0.1,+0.78%,0
"2023-08-22 15:23",12.92,12.97,12.92,12.97,0.02,+0.15%,0
"2023-08-22 15:24",12.94,12.94,12.91,12.91,-0.06,-0.46%,0
"2023-08-22 15:25",12.91,12.91,12.82,12.82,-0.09,-0.70%,0
"2023-08-22 15:26",12.82,12.82,12.77,12.77,-0.05,-0.39%,0
"2023-08-22 15:27",12.78,12.92,12.78,12.92,0.15,+1.17%,0
"2023-08-22 15:28",12.97,12.99,12.94,12.94,0.02,+0.15%,0
"2023-08-22 15:29",12.91,12.91,12.84,12.84,-0.1,-0.77%,0
"2023-08-22 15:30",12.88,12.91,12.88,12.88,0.04,+0.31%,0
"2023-08-22 15:31",13.02,13.04,12.97,12.97,0.09,+0.70%,0
"2023-08-22 15:32",12.94,12.96,12.92,12.96,-0.01,-0.08%,0
"2023-08-22 15:33",13.02,13.16,13.02,13.16,0.2,+1.54%,0
"2023-08-22 15:34",13.11,13.17,13.1,13.1,-0.06,-0.46%,0
"2023-08-22 15:35",13.1,13.19,13.1,13.19,0.09,+0.69%,0
"2023-08-22 15:36",13.17,13.2,13.17,13.2,0.01,+0.08%,0
"2023-08-22 15:37",13.28,13.33,13.25,13.25,0.05,+0.38%,0
"2023-08-22 15:38",13.28,13.28,13.26,13.26,0.01,+0.08%,0
"2023-08-22 15:39",13.2,13.25,13.2,13.25,-0.01,-0.08%,0
"2023-08-22 15:40",13.25,13.31,13.25,13.27,0.02,+0.15%,0
"2023-08-22 15:41",13.29,13.32,13.29,13.3,0.03,+0.23%,0
"2023-08-22 15:42",13.3,13.33,13.3,13.33,0.03,+0.23%,0
"2023-08-22 15:43",13.3,13.3,13.21,13.21,-0.12,-0.90%,0
"2023-08-22 15:44",13.22,13.26,13.22,13.22,0.01,+0.08%,0
"2023-08-22 15:45",13.3,13.31,13.25,13.29,0.07,+0.53%,0
"2023-08-22 15:46",13.19,13.24,13.18,13.24,-0.05,-0.38%,0
"2023-08-22 15:47",13.24,13.26,13.22,13.26,0.02,+0.15%,0
"2023-08-22 15:48",13.26,13.26,13.16,13.16,-0.1,-0.75%,0
"2023-08-22 15:49",13.16,13.18,13.15,13.15,-0.01,-0.08%,0
"2023-08-22 15:50",13.15,13.19,13.13,13.18,0.03,+0.23%,0
"2023-08-22 15:51",13.18,13.18,13.1,13.1,-0.08,-0.61%,0
"2023-08-22 15:52",13.08,13.08,13.02,13.04,-0.06,-0.46%,0
"2023-08-22 15:53",13.02,13.03,13.02,13.02,-0.02,-0.15%,0
"2023-08-22 15:54",13.01,13.01,13,13.01,-0.01,-0.08%,0
"2023-08-22 15:55",12.97,12.97,12.91,12.91,-0.1,-0.77%,0
"2023-08-22 15:56",12.9,12.9,12.86,12.86,-0.05,-0.39%,0
"2023-08-22 15:57",12.87,12.87,12.85,12.86,0,0.00%,0
"2023-08-22 15:58",12.82,12.84,12.71,12.71,-0.15,-1.17%,0
"2023-08-22 15:59",12.76,12.88,12.76,12.88,0.17,+1.34%,0
"2023-08-22 16:00",12.8,12.8,12.66,12.66,-0.22,-1.71%,0
"2023-08-22 16:01",12.65,12.66,12.55,12.55,-0.11,-0.87%,0
"2023-08-22 16:02",12.61,12.73,12.61,12.73,0.18,+1.43%,0
"2023-08-22 16:03",12.77,12.81,12.77,12.78,0.05,+0.39%,0
"2023-08-22 16:04",12.82,12.84,12.77,12.77,-0.01,-0.08%,0
"2023-08-22 16:05",12.7,12.7,12.69,12.7,-0.07,-0.55%,0
"2023-08-22 16:06",12.67,12.67,12.65,12.65,-0.05,-0.39%,0
"2023-08-22 16:07",12.66,12.68,12.66,12.68,0.03,+0.24%,0
"2023-08-22 16:08",12.65,12.66,12.65,12.66,-0.02,-0.16%,0
"2023-08-22 16:09",12.68,12.76,12.66,12.7,0.04,+0.32%,0
"2023-08-22 16:10",12.74,12.74,12.58,12.59,-0.11,-0.87%,0
"2023-08-22 16:11",12.59,12.61,12.58,12.58,-0.01,-0.08%,0
"2023-08-22 16:12",12.59,12.77,12.59,12.77,0.19,+1.51%,0
"2023-08-22 16:13",12.8,12.84,12.77,12.77,0,0.00%,0
"2023-08-22 16:14",12.79,12.82,12.79,12.81,0.04,+0.31%,0
"2023-08-22 16:15",12.82,12.82,12.82,12.82,0.01,+0.08%,0
"2023-08-23 09:31",10.18,10.27,10.18,10.27,-2.55,-19.89%,0
"2023-08-23 09:32",10.24,10.36,10.24,10.29,0.02,+0.19%,0
"2023-08-23 09:33",10.29,10.33,10.29,10.32,0.03,+0.29%,0
"2023-08-23 09:34",10.39,10.41,10.35,10.4,0.08,+0.78%,0
"2023-08-23 09:35",10.32,10.37,10.26,10.28,-0.12,-1.15%,0
"2023-08-23 09:36",10.38,10.4,10.37,10.4,0.12,+1.17%,0
"2023-08-23 09:37",10.4,10.45,10.4,10.44,0.04,+0.38%,0
"2023-08-23 09:38",10.46,10.49,10.43,10.43,-0.01,-0.10%,0
"2023-08-23 09:39",10.45,10.6,10.45,10.6,0.17,+1.63%,0
"2023-08-23 09:40",10.64,10.64,10.56,10.63,0.03,+0.28%,0
"2023-08-23 09:41",10.65,10.69,10.65,10.65,0.02,+0.19%,0
"2023-08-23 09:42",10.67,10.67,10.66,10.66,0.01,+0.09%,0
"2023-08-23 09:43",10.63,10.69,10.63,10.69,0.03,+0.28%,0
"2023-08-23 09:44",10.68,10.75,10.68,10.75,0.06,+0.56%,0
"2023-08-23 09:45",10.68,10.68,10.42,10.42,-0.33,-3.07%,0
"2023-08-23 09:46",10.5,10.6,10.5,10.56,0.14,+1.34%,0
"2023-08-23 09:47",10.67,10.67,10.54,10.54,-0.02,-0.19%,0
"2023-08-23 09:48",10.56,10.6,10.56,10.59,0.05,+0.47%,0
"2023-08-23 09:49",10.58,10.59,10.57,10.59,0,0.00%,0
"2023-08-23 09:50",10.61,10.62,10.59,10.59,0,0.00%,0
"2023-08-23 09:51",10.55,10.55,10.48,10.48,-0.11,-1.04%,0
"2023-08-23 09:52",10.48,10.53,10.48,10.52,0.04,+0.38%,0
"2023-08-23 09:53",10.53,10.6,10.53,10.6,0.08,+0.76%,0
"2023-08-23 09:54",10.57,10.68,10.57,10.63,0.03,+0.28%,0
"2023-08-23 09:55",10.61,10.61,10.5,10.53,-0.1,-0.94%,0
"2023-08-23 09:56",10.53,10.57,10.51,10.57,0.04,+0.38%,0
"2023-08-23 09:57",10.58,10.58,10.46,10.46,-0.11,-1.04%,0
"2023-08-23 09:58",10.5,10.61,10.5,10.61,0.15,+1.43%,0
"2023-08-23 09:59",10.58,10.67,10.57,10.67,0.06,+0.57%,0
"2023-08-23 10:00",10.69,10.69,10.66,10.66,-0.01,-0.09%,0
"2023-08-23 10:01",10.68,10.73,10.68,10.73,0.07,+0.66%,0
"2023-08-23 10:02",10.77,10.77,10.7,10.7,-0.03,-0.28%,0
"2023-08-23 10:03",10.71,10.83,10.71,10.76,0.06,+0.56%,0
"2023-08-23 10:04",10.77,10.81,10.77,10.77,0.01,+0.09%,0
"2023-08-23 10:05",10.77,10.77,10.73,10.73,-0.04,-0.37%,0
"2023-08-23 10:06",10.68,10.7,10.62,10.65,-0.08,-0.75%,0
"2023-08-23 10:07",10.67,10.72,10.67,10.69,0.04,+0.38%,0
"2023-08-23 10:08",10.7,10.75,10.7,10.73,0.04,+0.37%,0
"2023-08-23 10:09",10.75,10.75,10.74,10.74,0.01,+0.09%,0
"2023-08-23 10:10",10.74,10.76,10.73,10.73,-0.01,-0.09%,0
"2023-08-23 10:11",10.69,10.78,10.69,10.78,0.05,+0.47%,0
"2023-08-23 10:12",10.79,10.84,10.79,10.81,0.03,+0.28%,0
"2023-08-23 10:13",10.82,10.82,10.71,10.71,-0.1,-0.93%,0
"2023-08-23 10:14",10.72,10.76,10.71,10.71,0,0.00%,0
"2023-08-23 10:15",10.7,10.73,10.7,10.72,0.01,+0.09%,0
"2023-08-23 10:16",10.74,10.8,10.74,10.8,0.08,+0.75%,0
"2023-08-23 10:17",10.85,10.98,10.85,10.98,0.18,+1.67%,0
"2023-08-23 10:18",10.99,10.99,10.96,10.96,-0.02,-0.18%,0
"2023-08-23 10:19",10.92,10.97,10.92,10.97,0.01,+0.09%,0
"2023-08-23 10:20",10.91,11.09,10.91,11.01,0.04,+0.36%,0
"2023-08-23 10:21",10.92,10.92,10.85,10.9,-0.11,-1.00%,0
"2023-08-23 10:22",10.92,10.93,10.92,10.92,0.02,+0.18%,0
"2023-08-23 10:23",10.85,10.87,10.83,10.87,-0.05,-0.46%,0
"2023-08-23 10:24",10.88,10.88,10.85,10.85,-0.02,-0.18%,0
"2023-08-23 10:25",10.84,10.84,10.79,10.79,-0.06,-0.55%,0
"2023-08-23 10:26",10.8,10.86,10.8,10.85,0.06,+0.56%,0
"2023-08-23 10:27",10.86,10.95,10.86,10.95,0.1,+0.92%,0
"2023-08-23 10:28",10.99,11.04,10.94,10.94,-0.01,-0.09%,0
"2023-08-23 10:29",10.94,10.98,10.94,10.97,0.03,+0.27%,0
"2023-08-23 10:30",10.99,11,10.99,10.99,0.02,+0.18%,0
"2023-08-23 10:31",10.99,10.99,10.96,10.97,-0.02,-0.18%,0
"2023-08-23 10:32",10.95,11.02,10.95,11,0.03,+0.27%,0
"2023-08-23 10:33",10.99,11.02,10.99,11.01,0.01,+0.09%,0
"2023-08-23 10:34",11.05,11.05,11.03,11.04,0.03,+0.27%,0
"2023-08-23 10:35",11,11.09,11,11.09,0.05,+0.45%,0
"2023-08-23 10:36",11.07,11.14,11.07,11.13,0.04,+0.36%,0
"2023-08-23 10:37",11.12,11.18,11.12,11.14,0.01,+0.09%,0
"2023-08-23 10:38",11.2,11.24,11.18,11.18,0.04,+0.36%,0
"2023-08-23 10:39",11.14,11.21,11.14,11.16,-0.02,-0.18%,0
"2023-08-23 10:40",11.14,11.14,11.1,11.1,-0.06,-0.54%,0
"2023-08-23 10:41",11.07,11.07,11.01,11.01,-0.09,-0.81%,0
"2023-08-23 10:42",11.04,11.1,11.04,11.07,0.06,+0.54%,0
"2023-08-23 10:43",10.93,10.93,10.82,10.9,-0.17,-1.54%,0
"2023-08-23 10:44",10.94,10.96,10.94,10.95,0.05,+0.46%,0
"2023-08-23 10:45",10.91,10.95,10.91,10.94,-0.01,-0.09%,0
"2023-08-23 10:46",10.96,10.98,10.96,10.97,0.03,+0.27%,0
"2023-08-23 10:47",10.95,10.99,10.95,10.96,-0.01,-0.09%,0
"2023-08-23 10:48",10.95,10.95,10.91,10.91,-0.05,-0.46%,0
"2023-08-23 10:49",10.88,10.88,10.79,10.79,-0.12,-1.10%,0
"2023-08-23 10:50",10.81,10.83,10.81,10.83,0.04,+0.37%,0
"2023-08-23 10:51",10.82,10.86,10.82,10.84,0.01,+0.09%,0
"2023-08-23 10:52",10.81,10.86,10.81,10.85,0.01,+0.09%,0
"2023-08-23 10:53",10.87,10.9,10.86,10.86,0.01,+0.09%,0
"2023-08-23 10:54",10.86,10.94,10.86,10.92,0.06,+0.55%,0
"2023-08-23 10:55",10.92,10.94,10.89,10.89,-0.03,-0.27%,0
"2023-08-23 10:56",10.89,10.92,10.89,10.91,0.02,+0.18%,0
"2023-08-23 10:57",10.92,10.96,10.92,10.96,0.05,+0.46%,0
"2023-08-23 10:58",10.93,10.95,10.93,10.94,-0.02,-0.18%,0
"2023-08-23 10:59",10.94,10.97,10.94,10.97,0.03,+0.27%,0
"2023-08-23 11:00",10.97,10.99,10.93,10.99,0.02,+0.18%,0
"2023-08-23 11:01",10.99,11.06,10.99,11.05,0.06,+0.55%,0
"2023-08-23 11:02",11.07,11.07,11.05,11.07,0.02,+0.18%,0
"2023-08-23 11:03",11.11,11.16,11.1,11.1,0.03,+0.27%,0
"2023-08-23 11:04",11.13,11.14,11.12,11.13,0.03,+0.27%,0
"2023-08-23 11:05",11.11,11.11,11.06,11.06,-0.07,-0.63%,0
"2023-08-23 11:06",11.06,11.06,11.01,11.03,-0.03,-0.27%,0
"2023-08-23 11:07",11.07,11.15,11.07,11.15,0.12,+1.09%,0
"2023-08-23 11:08",11.2,11.22,11.2,11.21,0.06,+0.54%,0
"2023-08-23 11:09",11.11,11.11,11.03,11.03,-0.18,-1.61%,0
"2023-08-23 11:10",11.03,11.03,10.99,11.03,0,0.00%,0
"2023-08-23 11:11",11.06,11.11,11.06,11.1,0.07,+0.63%,0
"2023-08-23 11:12",11.08,11.1,11.07,11.1,0,0.00%,0
"2023-08-23 11:13",11.11,11.16,11.11,11.14,0.04,+0.36%,0
"2023-08-23 11:14",11.13,11.13,11.12,11.13,-0.01,-0.09%,0
"2023-08-23 11:15",11.1,11.14,11.08,11.08,-0.05,-0.45%,0
"2023-08-23 11:16",11.09,11.18,11.09,11.18,0.1,+0.90%,0
"2023-08-23 11:17",11.17,11.18,11.16,11.16,-0.02,-0.18%,0
"2023-08-23 11:18",11.14,11.18,11.14,11.18,0.02,+0.18%,0
"2023-08-23 11:19",11.16,11.22,11.16,11.22,0.04,+0.36%,0
"2023-08-23 11:20",11.21,11.27,11.21,11.27,0.05,+0.45%,0
"2023-08-23 11:21",11.28,11.32,11.28,11.28,0.01,+0.09%,0
"2023-08-23 11:22",11.26,11.28,11.19,11.19,-0.09,-0.80%,0
"2023-08-23 11:23",11.16,11.25,11.16,11.25,0.06,+0.54%,0
"2023-08-23 11:24",11.29,11.33,11.29,11.33,0.08,+0.71%,0
"2023-08-23 11:25",11.34,11.38,11.33,11.33,0,0.00%,0
"2023-08-23 11:26",11.29,11.31,11.29,11.31,-0.02,-0.18%,0
"2023-08-23 11:27",11.28,11.28,11.26,11.26,-0.05,-0.44%,0
"2023-08-23 11:28",11.22,11.26,11.22,11.25,-0.01,-0.09%,0
"2023-08-23 11:29",11.25,11.3,11.25,11.3,0.05,+0.44%,0
"2023-08-23 11:30",11.28,11.28,11.23,11.24,-0.06,-0.53%,0
"2023-08-23 11:31",11.24,11.28,11.24,11.26,0.02,+0.18%,0
"2023-08-23 11:32",11.26,11.28,11.26,11.28,0.02,+0.18%,0
"2023-08-23 11:33",11.28,11.31,11.28,11.3,0.02,+0.18%,0
"2023-08-23 11:34",11.28,11.34,11.28,11.34,0.04,+0.35%,0
"2023-08-23 11:35",11.33,11.39,11.27,11.39,0.05,+0.44%,0
"2023-08-23 11:36",11.41,11.41,11.32,11.32,-0.07,-0.61%,0
"2023-08-23 11:37",11.32,11.34,11.3,11.32,0,0.00%,0
"2023-08-23 11:38",11.33,11.4,11.32,11.4,0.08,+0.71%,0
"2023-08-23 11:39",11.4,11.4,11.36,11.4,0,0.00%,0
"2023-08-23 11:40",11.39,11.44,11.39,11.42,0.02,+0.18%,0
"2023-08-23 11:41",11.39,11.48,11.39,11.47,0.05,+0.44%,0
"2023-08-23 11:42",11.48,11.51,11.44,11.45,-0.02,-0.17%,0
"2023-08-23 11:43",11.52,11.55,11.52,11.55,0.1,+0.87%,0
"2023-08-23 11:44",11.55,11.57,11.54,11.57,0.02,+0.17%,0
"2023-08-23 11:45",11.53,11.54,11.49,11.49,-0.08,-0.69%,0
"2023-08-23 11:46",11.42,11.52,11.42,11.52,0.03,+0.26%,0
"2023-08-23 11:47",11.53,11.56,11.53,11.56,0.04,+0.35%,0
"2023-08-23 11:48",11.53,11.56,11.53,11.56,0,0.00%,0
"2023-08-23 11:49",11.56,11.62,11.56,11.59,0.03,+0.26%,0
"2023-08-23 11:50",11.62,11.62,11.59,11.59,0,0.00%,0
"2023-08-23 11:51",11.56,11.6,11.5,11.5,-0.09,-0.78%,0
"2023-08-23 11:52",11.48,11.53,11.48,11.53,0.03,+0.26%,0
"2023-08-23 11:53",11.52,11.55,11.52,11.55,0.02,+0.17%,0
"2023-08-23 11:54",11.54,11.59,11.54,11.56,0.01,+0.09%,0
"2023-08-23 11:55",11.58,11.58,11.57,11.57,0.01,+0.09%,0
"2023-08-23 11:56",11.55,11.55,11.49,11.49,-0.08,-0.69%,0
"2023-08-23 11:57",11.52,11.54,11.52,11.52,0.03,+0.26%,0
"2023-08-23 11:58",11.5,11.52,11.5,11.51,-0.01,-0.09%,0
"2023-08-23 11:59",11.5,11.52,11.5,11.51,0,0.00%,0
"2023-08-23 12:00",11.51,11.54,11.51,11.54,0.03,+0.26%,0
"2023-08-23 12:01",11.49,11.52,11.49,11.51,-0.03,-0.26%,0
"2023-08-23 12:02",11.51,11.57,11.51,11.55,0.04,+0.35%,0
"2023-08-23 12:03",11.55,11.6,11.55,11.59,0.04,+0.35%,0
"2023-08-23 12:04",11.59,11.63,11.59,11.63,0.04,+0.35%,0
"2023-08-23 12:05",11.64,11.65,11.62,11.64,0.01,+0.09%,0
"2023-08-23 12:06",11.66,11.66,11.63,11.63,-0.01,-0.09%,0
"2023-08-23 12:07",11.63,11.66,11.63,11.64,0.01,+0.09%,0
"2023-08-23 12:08",11.64,11.67,11.64,11.65,0.01,+0.09%,0
"2023-08-23 12:09",11.62,11.68,11.62,11.68,0.03,+0.26%,0
"2023-08-23 12:10",11.69,11.7,11.69,11.69,0.01,+0.09%,0
"2023-08-23 12:11",11.69,11.69,11.65,11.65,-0.04,-0.34%,0
"2023-08-23 12:12",11.64,11.64,11.57,11.58,-0.07,-0.60%,0
"2023-08-23 12:13",11.59,11.64,11.59,11.6,0.02,+0.17%,0
"2023-08-23 12:14",11.59,11.63,11.59,11.61,0.01,+0.09%,0
"2023-08-23 12:15",11.63,11.71,11.63,11.71,0.1,+0.86%,0
"2023-08-23 12:16",11.72,11.74,11.71,11.71,0,0.00%,0
"2023-08-23 12:17",11.66,11.71,11.66,11.71,0,0.00%,0
"2023-08-23 12:18",11.69,11.73,11.69,11.73,0.02,+0.17%,0
"2023-08-23 12:19",11.76,11.78,11.76,11.77,0.04,+0.34%,0
"2023-08-23 12:20",11.76,11.81,11.76,11.8,0.03,+0.25%,0
"2023-08-23 12:21",11.78,11.78,11.75,11.77,-0.03,-0.25%,0
"2023-08-23 12:22",11.76,11.78,11.76,11.78,0.01,+0.08%,0
"2023-08-23 12:23",11.8,11.85,11.8,11.85,0.07,+0.59%,0
"2023-08-23 12:24",11.84,11.89,11.84,11.89,0.04,+0.34%,0
"2023-08-23 12:25",11.9,11.9,11.89,11.89,0,0.00%,0
"2023-08-23 12:26",11.84,11.91,11.84,11.88,-0.01,-0.08%,0
"2023-08-23 12:27",11.87,11.94,11.87,11.94,0.06,+0.51%,0
"2023-08-23 12:28",11.98,12.02,11.98,12.02,0.08,+0.67%,0
"2023-08-23 12:29",12.04,12.08,12.04,12.07,0.05,+0.42%,0
"2023-08-23 12:30",12.07,12.07,12.06,12.06,-0.01,-0.08%,0
"2023-08-23 12:31",12.03,12.13,12.03,12.13,0.07,+0.58%,0
"2023-08-23 12:32",12.16,12.18,12.16,12.18,0.05,+0.41%,0
"2023-08-23 12:33",12.17,12.17,12.05,12.05,-0.13,-1.07%,0
"2023-08-23 12:34",12.01,12.04,12.01,12.04,-0.01,-0.08%,0
"2023-08-23 12:35",12.04,12.08,12.04,12.07,0.03,+0.25%,0
"2023-08-23 12:36",12.08,12.1,12.08,12.1,0.03,+0.25%,0
"2023-08-23 12:37",12.05,12.12,12.05,12.12,0.02,+0.17%,0
"2023-08-23 12:38",12.11,12.14,12.11,12.11,-0.01,-0.08%,0
"2023-08-23 12:39",12.13,12.15,12.13,12.13,0.02,+0.17%,0
"2023-08-23 12:40",12.13,12.15,12.12,12.14,0.01,+0.08%,0
"2023-08-23 12:41",12.15,12.18,12.15,12.16,0.02,+0.16%,0
"2023-08-23 12:42",12.16,12.16,12.03,12.03,-0.13,-1.07%,0
"2023-08-23 12:43",12.05,12.09,12.05,12.07,0.04,+0.33%,0
"2023-08-23 12:44",12.07,12.11,12.07,12.09,0.02,+0.17%,0
"2023-08-23 12:45",12.07,12.09,12.07,12.08,-0.01,-0.08%,0
"2023-08-23 12:46",12.07,12.09,12.05,12.09,0.01,+0.08%,0
"2023-08-23 12:47",12.11,12.14,12.09,12.09,0,0.00%,0
"2023-08-23 12:48",12.09,12.11,12.09,12.11,0.02,+0.17%,0
"2023-08-23 12:49",12.11,12.16,12.11,12.16,0.05,+0.41%,0
"2023-08-23 12:50",12.14,12.17,12.14,12.15,-0.01,-0.08%,0
"2023-08-23 12:51",12.15,12.18,12.11,12.11,-0.04,-0.33%,0
"2023-08-23 12:52",12.14,12.24,12.14,12.24,0.13,+1.07%,0
"2023-08-23 12:53",12.25,12.3,12.25,12.28,0.04,+0.33%,0
"2023-08-23 12:54",12.29,12.3,12.28,12.29,0.01,+0.08%,0
"2023-08-23 12:55",12.29,12.31,12.25,12.25,-0.04,-0.33%,0
"2023-08-23 12:56",12.24,12.28,12.24,12.28,0.03,+0.24%,0
"2023-08-23 12:57",12.27,12.39,12.27,12.39,0.11,+0.90%,0
"2023-08-23 12:58",12.35,12.41,12.35,12.41,0.02,+0.16%,0
"2023-08-23 12:59",12.45,12.48,12.43,12.43,0.02,+0.16%,0
"2023-08-23 13:00",12.42,12.43,12.4,12.42,-0.01,-0.08%,0
"2023-08-23 13:01",12.43,12.43,12.42,12.42,0,0.00%,0
"2023-08-23 13:02",12.42,12.45,12.42,12.45,0.03,+0.24%,0
"2023-08-23 13:03",12.51,12.51,12.5,12.5,0.05,+0.40%,0
"2023-08-23 13:04",12.48,12.48,12.44,12.44,-0.06,-0.48%,0
"2023-08-23 13:05",12.38,12.41,12.38,12.38,-0.06,-0.48%,0
"2023-08-23 13:06",12.4,12.42,12.4,12.4,0.02,+0.16%,0
"2023-08-23 13:07",12.48,12.51,12.48,12.49,0.09,+0.73%,0
"2023-08-23 13:08",12.5,12.53,12.5,12.53,0.04,+0.32%,0
"2023-08-23 13:09",12.5,12.51,12.5,12.51,-0.02,-0.16%,0
"2023-08-23 13:10",12.5,12.51,12.5,12.51,0,0.00%,0
"2023-08-23 13:11",12.52,12.53,12.52,12.52,0.01,+0.08%,0
"2023-08-23 13:12",12.54,12.55,12.51,12.51,-0.01,-0.08%,0
"2023-08-23 13:13",12.52,12.54,12.52,12.53,0.02,+0.16%,0
"2023-08-23 13:14",12.55,12.57,12.49,12.49,-0.04,-0.32%,0
"2023-08-23 13:15",12.49,12.54,12.49,12.54,0.05,+0.40%,0
"2023-08-23 13:16",12.43,12.49,12.43,12.48,-0.06,-0.48%,0
"2023-08-23 13:17",12.48,12.48,12.43,12.43,-0.05,-0.40%,0
"2023-08-23 13:18",12.41,12.56,12.41,12.56,0.13,+1.05%,0
"2023-08-23 13:19",12.53,12.63,12.5,12.63,0.07,+0.56%,0
"2023-08-23 13:20",12.61,12.62,12.59,12.62,-0.01,-0.08%,0
"2023-08-23 13:21",12.62,12.64,12.61,12.64,0.02,+0.16%,0
"2023-08-23 13:22",12.64,12.66,12.64,12.65,0.01,+0.08%,0
"2023-08-23 13:23",12.65,12.68,12.65,12.68,0.03,+0.24%,0
"2023-08-23 13:24",12.68,12.68,12.63,12.67,-0.01,-0.08%,0
"2023-08-23 13:25",12.69,12.7,12.69,12.7,0.03,+0.24%,0
"2023-08-23 13:26",12.69,12.74,12.69,12.7,0,0.00%,0
"2023-08-23 13:27",12.7,12.72,12.7,12.71,0.01,+0.08%,0
"2023-08-23 13:28",12.72,12.78,12.72,12.78,0.07,+0.55%,0
"2023-08-23 13:29",12.78,12.82,12.78,12.82,0.04,+0.31%,0
"2023-08-23 13:30",12.81,12.81,12.78,12.8,-0.02,-0.16%,0
"2023-08-23 13:31",12.88,12.95,12.88,12.95,0.15,+1.17%,0
"2023-08-23 13:32",12.94,12.96,12.91,12.91,-0.04,-0.31%,0
"2023-08-23 13:33",12.9,12.92,12.79,12.79,-0.12,-0.93%,0
"2023-08-23 13:34",12.91,12.91,12.86,12.86,0.07,+0.55%,0
"2023-08-23 13:35",12.88,12.9,12.81,12.9,0.04,+0.31%,0
"2023-08-23 13:36",12.87,12.91,12.87,12.9,0,0.00%,0
"2023-08-23 13:37",12.92,12.95,12.92,12.95,0.05,+0.39%,0
"2023-08-23 13:38",12.96,13,12.96,13,0.05,+0.39%,0
"2023-08-23 13:39",12.99,13.01,12.99,13,0,0.00%,0
"2023-08-23 13:40",13.02,13.04,13.02,13.04,0.04,+0.31%,0
"2023-08-23 13:41",13.03,13.08,13.03,13.07,0.03,+0.23%,0
"2023-08-23 13:42",13.07,13.13,13.07,13.13,0.06,+0.46%,0
"2023-08-23 13:43",13.04,13.14,13.04,13.13,0,0.00%,0
"2023-08-23 13:44",13.13,13.17,13.13,13.17,0.04,+0.30%,0
"2023-08-23 13:45",13.17,13.22,13.17,13.22,0.05,+0.38%,0
"2023-08-23 13:46",13.23,13.25,13.23,13.25,0.03,+0.23%,0
"2023-08-23 13:47",13.25,13.27,13.25,13.27,0.02,+0.15%,0
"2023-08-23 13:48",13.25,13.32,13.25,13.32,0.05,+0.38%,0
"2023-08-23 13:49",13.31,13.34,13.31,13.33,0.01,+0.08%,0
"2023-08-23 13:50",13.34,13.36,13.33,13.33,0,0.00%,0
"2023-08-23 13:51",13.33,13.35,13.33,13.34,0.01,+0.08%,0
"2023-08-23 13:52",13.34,13.36,13.34,13.36,0.02,+0.15%,0
"2023-08-23 13:53",13.35,13.37,13.35,13.35,-0.01,-0.07%,0
"2023-08-23 13:54",13.34,13.38,13.34,13.38,0.03,+0.22%,0
"2023-08-23 13:55",13.38,13.39,13.38,13.38,0,0.00%,0
"2023-08-23 13:56",13.39,13.41,13.39,13.41,0.03,+0.22%,0
"2023-08-23 13:57",13.41,13.46,13.41,13.46,0.05,+0.37%,0
"2023-08-23 13:58",13.46,13.5,13.46,13.5,0.04,+0.30%,0
"2023-08-23 13:59",13.49,13.53,13.49,13.52,0.02,+0.15%,0
"2023-08-23 14:00",13.52,13.56,13.52,13.56,0.04,+0.30%,0
"2023-08-23 14:01",13.55,13.59,13.55,13.59,0.03,+0.22%,0
"2023-08-23 14:02",13.59,13.59,13.57,13.59,0,0.00%,0
"2023-08-23 14:03",13.56,13.59,13.56,13.58,-0.01,-0.07%,0
"2023-08-23 14:04",13.57,13.61,13.57,13.61,0.03,+0.22%,0
"2023-08-23 14:05",13.61,13.64,13.61,13.63,0.02,+0.15%,0
"2023-08-23 14:06",13.64,13.7,13.64,13.7,0.07,+0.51%,0
"2023-08-23 14:07",13.7,13.77,13.7,13.77,0.07,+0.51%,0
"2023-08-23 14:08",13.78,13.8,13.78,13.8,0.03,+0.22%,0
"2023-08-23 14:09",13.79,13.81,13.79,13.81,0.01,+0.07%,0
"2023-08-23 14:10",13.82,13.86,13.82,13.86,0.05,+0.36%,0
"2023-08-23 14:11",13.86,13.89,13.86,13.88,0.02,+0.14%,0
"2023-08-23 14:12",13.88,13.91,13.88,13.91,0.03,+0.22%,0
"2023-08-23 14:13",13.9,13.94,13.9,13.94,0.03,+0.22%,0
"2023-08-23 14:14",13.93,13.97,13.93,13.96,0.02,+0.14%,0
"2023-08-23 14:15",13.97,14.03,13.97,14.02,0.06,+0.43%,0
"2023-08-23 14:16",14,14,14,14,-0.02,-0.14%,0
"2023-08-23 14:17",13.97,14.01,13.97,14.01,0.01,+0.07%,0
"2023-08-23 14:18",14,14.06,14,14.06,0.05,+0.36%,0
"2023-08-23 14:19",14.09,14.12,14.05,14.05,-0.01,-0.07%,0
"2023-08-23 14:20",14.04,14.1,14.04,14.1,0.05,+0.36%,0
"2023-08-23 14:21",14.11,14.13,14.09,14.09,-0.01,-0.07%,0
"2023-08-23 14:22",14.09,14.14,14.09,14.14,0.05,+0.35%,0
"2023-08-23 14:23",14.15,14.16,14.14,14.14,0,0.00%,0
"2023-08-23 14:24",14.15,14.16,14.12,14.12,-0.02,-0.14%,0
"2023-08-23 14:25",14.1,14.12,14.1,14.11,-0.01,-0.07%,0
"2023-08-23 14:26",14.1,14.15,14.1,14.14,0.03,+0.21%,0
"2023-08-23 14:27",14.16,14.19,14.16,14.19,0.05,+0.35%,0
"2023-08-23 14:28",14.2,14.21,14.19,14.2,0.01,+0.07%,0
"2023-08-23 14:29",14.2,14.23,14.2,14.22,0.02,+0.14%,0
"2023-08-23 14:30",14.22,14.24,14.22,14.24,0.02,+0.14%,0
"2023-08-23 14:31",14.25,14.32,14.25,14.31,0.07,+0.49%,0
"2023-08-23 14:32",14.3,14.32,14.29,14.29,-0.02,-0.14%,0
"2023-08-23 14:33",14.3,14.36,14.3,14.36,0.07,+0.49%,0
"2023-08-23 14:34",14.35,14.37,14.35,14.36,0,0.00%,0
"2023-08-23 14:35",14.36,14.4,14.36,14.4,0.04,+0.28%,0
"2023-08-23 14:36",14.39,14.45,14.39,14.45,0.05,+0.35%,0
"2023-08-23 14:37",14.48,14.57,14.48,14.54,0.09,+0.62%,0
"2023-08-23 14:38",14.54,14.59,14.54,14.59,0.05,+0.34%,0
"2023-08-23 14:39",14.6,14.6,14.54,14.54,-0.05,-0.34%,0
"2023-08-23 14:40",14.54,14.55,14.5,14.54,0,0.00%,0
"2023-08-23 14:41",14.56,14.58,14.56,14.57,0.03,+0.21%,0
"2023-08-23 14:42",14.57,14.62,14.57,14.62,0.05,+0.34%,0
"2023-08-23 14:43",14.62,14.65,14.62,14.65,0.03,+0.21%,0
"2023-08-23 14:44",14.65,14.68,14.65,14.66,0.01,+0.07%,0
"2023-08-23 14:45",14.68,14.71,14.68,14.71,0.05,+0.34%,0
"2023-08-23 14:46",14.7,14.72,14.7,14.71,0,0.00%,0
"2023-08-23 14:47",14.69,14.69,14.67,14.69,-0.02,-0.14%,0
"2023-08-23 14:48",14.69,14.71,14.69,14.71,0.02,+0.14%,0
"2023-08-23 14:49",14.72,14.75,14.72,14.74,0.03,+0.20%,0
"2023-08-23 14:50",14.74,14.77,14.74,14.76,0.02,+0.14%,0
"2023-08-23 14:51",14.76,14.79,14.76,14.78,0.02,+0.14%,0
"2023-08-23 14:52",14.78,14.78,14.72,14.72,-0.06,-0.41%,0
"2023-08-23 14:53",14.69,14.73,14.69,14.73,0.01,+0.07%,0
"2023-08-23 14:54",14.74,14.76,14.74,14.76,0.03,+0.20%,0
"2023-08-23 14:55",14.75,14.78,14.75,14.78,0.02,+0.14%,0
"2023-08-23 14:56",14.78,14.79,14.78,14.79,0.01,+0.07%,0
"2023-08-23 14:57",14.78,14.82,14.78,14.8,0.01,+0.07%,0
"2023-08-23 14:58",14.81,14.86,14.81,14.85,0.05,+0.34%,0
"2023-08-23 14:59",14.84,14.86,14.84,14.84,-0.01,-0.07%,0
"2023-08-23 15:00",14.85,14.86,14.84,14.86,0.02,+0.13%,0
"2023-08-23 15:01",14.86,14.93,14.86,14.93,0.07,+0.47%,0
"2023-08-23 15:02",14.95,15,14.95,15,0.07,+0.47%,0
"2023-08-23 15:03",14.99,15.01,14.92,14.92,-0.08,-0.53%,0
"2023-08-23 15:04",14.92,14.93,14.89,14.9,-0.02,-0.13%,0
"2023-08-23 15:05",14.9,14.93,14.9,14.92,0.02,+0.13%,0
"2023-08-23 15:06",14.93,14.93,14.88,14.88,-0.04,-0.27%,0
"2023-08-23 15:07",14.89,14.94,14.89,14.92,0.04,+0.27%,0
"2023-08-23 15:08",14.91,14.95,14.91,14.94,0.02,+0.13%,0
"2023-08-23 15:09",14.93,14.96,14.93,14.96,0.02,+0.13%,0
"2023-08-23 15:10",14.96,14.97,14.95,14.97,0.01,+0.07%,0
"2023-08-23 15:11",14.97,14.98,14.96,14.98,0.01,+0.07%,0
"2023-08-23 15:12",14.97,15.04,14.97,15.04,0.06,+0.40%,0
"2023-08-23 15:13",15.03,15.09,15.03,15.08,0.04,+0.27%,0
"2023-08-23 15:14",15.08,15.1,15.08,15.1,0.02,+0.13%,0
"2023-08-23 15:15",15.09,15.1,15.09,15.1,0,0.00%,0
"2023-08-23 15:16",15.09,15.1,15.02,15.02,-0.08,-0.53%,0
"2023-08-23 15:17",14.99,15.02,14.99,15.02,0,0.00%,0
"2023-08-23 15:18",15.02,15.05,14.97,14.97,-0.05,-0.33%,0
"2023-08-23 15:19",14.96,14.97,14.93,14.93,-0.04,-0.27%,0
"2023-08-23 15:20",14.96,14.97,14.95,14.95,0.02,+0.13%,0
"2023-08-23 15:21",14.98,14.99,14.97,14.97,0.02,+0.13%,0
"2023-08-23 15:22",14.96,14.97,14.96,14.97,0,0.00%,0
"2023-08-23 15:23",14.96,14.98,14.96,14.98,0.01,+0.07%,0
"2023-08-23 15:24",14.96,14.96,14.95,14.96,-0.02,-0.13%,0
"2023-08-23 15:25",14.94,14.97,14.86,14.86,-0.1,-0.67%,0
"2023-08-23 15:26",14.84,14.86,14.84,14.86,0,0.00%,0
"2023-08-23 15:27",14.88,14.91,14.88,14.9,0.04,+0.27%,0
"2023-08-23 15:28",14.9,14.92,14.9,14.91,0.01,+0.07%,0
"2023-08-23 15:29",14.9,14.92,14.9,14.9,-0.01,-0.07%,0
"2023-08-23 15:30",14.89,14.89,14.85,14.85,-0.05,-0.34%,0
"2023-08-23 15:31",14.88,14.89,14.87,14.88,0.03,+0.20%,0
"2023-08-23 15:32",14.84,14.87,14.84,14.87,-0.01,-0.07%,0
"2023-08-23 15:33",14.86,14.88,14.85,14.85,-0.02,-0.13%,0
"2023-08-23 15:34",14.84,14.86,14.84,14.84,-0.01,-0.07%,0
"2023-08-23 15:35",14.84,14.88,14.84,14.88,0.04,+0.27%,0
"2023-08-23 15:36",14.87,14.88,14.85,14.85,-0.03,-0.20%,0
"2023-08-23 15:37",14.86,14.9,14.86,14.9,0.05,+0.34%,0
"2023-08-23 15:38",14.9,14.93,14.9,14.93,0.03,+0.20%,0
"2023-08-23 15:39",14.96,14.97,14.96,14.96,0.03,+0.20%,0
"2023-08-23 15:40",14.96,14.96,14.93,14.93,-0.03,-0.20%,0
"2023-08-23 15:41",14.93,14.94,14.91,14.91,-0.02,-0.13%,0
"2023-08-23 15:42",14.93,14.94,14.93,14.93,0.02,+0.13%,0
"2023-08-23 15:43",14.9,14.96,14.9,14.96,0.03,+0.20%,0
"2023-08-23 15:44",14.99,14.99,14.99,14.99,0.03,+0.20%,0
"2023-08-23 15:45",14.96,14.97,14.95,14.95,-0.04,-0.27%,0
"2023-08-23 15:46",14.92,14.96,14.92,14.95,0,0.00%,0
"2023-08-23 15:47",14.94,14.98,14.94,14.98,0.03,+0.20%,0
"2023-08-23 15:48",14.99,14.99,14.95,14.95,-0.03,-0.20%,0
"2023-08-23 15:49",14.97,15.03,14.97,15.03,0.08,+0.54%,0
"2023-08-23 15:50",15.03,15.1,15.03,15.1,0.07,+0.47%,0
"2023-08-23 15:51",15.19,15.19,15.18,15.18,0.08,+0.53%,0
"2023-08-23 15:52",15.16,15.2,15.16,15.17,-0.01,-0.07%,0
"2023-08-23 15:53",15.17,15.23,15.17,15.19,0.02,+0.13%,0
"2023-08-23 15:54",15.2,15.21,15.18,15.18,-0.01,-0.07%,0
"2023-08-23 15:55",15.19,15.28,15.19,15.28,0.1,+0.66%,0
"2023-08-23 15:56",15.28,15.3,15.27,15.29,0.01,+0.07%,0
"2023-08-23 15:57",15.25,15.25,15.13,15.13,-0.16,-1.05%,0
"2023-08-23 15:58",15.09,15.13,15.09,15.13,0,0.00%,0
"2023-08-23 15:59",15.13,15.13,15.08,15.08,-0.05,-0.33%,0
"2023-08-23 16:00",14.96,14.96,14.75,14.75,-0.33,-2.19%,0
"2023-08-23 16:01",14.77,14.77,14.75,14.75,0,0.00%,0
"2023-08-23 16:02",14.77,14.77,14.74,14.74,-0.01,-0.07%,0
"2023-08-23 16:03",14.7,14.72,14.7,14.72,-0.02,-0.14%,0
"2023-08-23 16:04",14.76,14.76,14.74,14.74,0.02,+0.14%,0
"2023-08-23 16:05",14.74,14.9,14.74,14.9,0.16,+1.09%,0
"2023-08-23 16:06",14.9,15.06,14.9,15.06,0.16,+1.07%,0
"2023-08-23 16:07",15.05,15.05,14.85,14.85,-0.21,-1.39%,0
"2023-08-23 16:08",14.97,15.08,14.87,15.08,0.23,+1.55%,0
"2023-08-23 16:09",15.07,15.12,15.07,15.12,0.04,+0.27%,0
"2023-08-23 16:10",15.18,15.23,15.15,15.23,0.11,+0.73%,0
"2023-08-23 16:11",15.18,15.34,15.18,15.34,0.11,+0.72%,0
"2023-08-23 16:12",15.36,15.36,15.28,15.3,-0.04,-0.26%,0
"2023-08-23 16:13",15.36,15.37,15.3,15.3,0,0.00%,0
"2023-08-23 16:14",15.27,15.29,15.25,15.29,-0.01,-0.07%,0
"2023-08-23 16:15",15.34,15.34,15.34,15.34,0.05,+0.33%,0
"2023-08-24 09:31",10.47,10.69,10.47,10.69,-4.65,-30.31%,0
"2023-08-24 09:32",10.77,10.89,10.77,10.89,0.2,+1.87%,0
"2023-08-24 09:33",10.85,10.85,10.78,10.85,-0.04,-0.37%,0
"2023-08-24 09:34",10.88,10.93,10.88,10.93,0.08,+0.74%,0
"2023-08-24 09:35",10.94,10.94,10.85,10.85,-0.08,-0.73%,0
"2023-08-24 09:36",10.79,10.94,10.79,10.93,0.08,+0.74%,0
"2023-08-24 09:37",10.93,10.96,10.89,10.96,0.03,+0.27%,0
"2023-08-24 09:38",11.01,11.05,10.95,10.95,-0.01,-0.09%,0
"2023-08-24 09:39",10.97,11.09,10.97,11.09,0.14,+1.28%,0
"2023-08-24 09:40",11.07,11.07,11.05,11.05,-0.04,-0.36%,0
"2023-08-24 09:41",11.05,11.08,11.03,11.08,0.03,+0.27%,0
"2023-08-24 09:42",11.11,11.2,11.11,11.2,0.12,+1.08%,0
"2023-08-24 09:43",11.22,11.22,11.06,11.09,-0.11,-0.98%,0
"2023-08-24 09:44",11.09,11.11,11.07,11.08,-0.01,-0.09%,0
"2023-08-24 09:45",11.12,11.19,11.12,11.17,0.09,+0.81%,0
"2023-08-24 09:46",11.18,11.19,11.16,11.16,-0.01,-0.09%,0
"2023-08-24 09:47",11.1,11.1,11.06,11.1,-0.06,-0.54%,0
"2023-08-24 09:48",11.13,11.15,11.09,11.09,-0.01,-0.09%,0
"2023-08-24 09:49",11.04,11.17,11.04,11.17,0.08,+0.72%,0
"2023-08-24 09:50",11.2,11.2,11.19,11.19,0.02,+0.18%,0
"2023-08-24 09:51",11.21,11.21,11.16,11.2,0.01,+0.09%,0
"2023-08-24 09:52",11.21,11.26,11.21,11.26,0.06,+0.54%,0
"2023-08-24 09:53",11.17,11.17,11.1,11.1,-0.16,-1.42%,0
"2023-08-24 09:54",11.12,11.12,11.08,11.08,-0.02,-0.18%,0
"2023-08-24 09:55",11.01,11.05,11.01,11.05,-0.03,-0.27%,0
"2023-08-24 09:56",11.08,11.08,11.01,11.01,-0.04,-0.36%,0
"2023-08-24 09:57",11.02,11.05,10.98,10.98,-0.03,-0.27%,0
"2023-08-24 09:58",10.93,10.93,10.88,10.93,-0.05,-0.46%,0
"2023-08-24 09:59",10.96,10.98,10.94,10.98,0.05,+0.46%,0
"2023-08-24 10:00",10.94,11.02,10.94,11.02,0.04,+0.36%,0
"2023-08-24 10:01",11.05,11.16,11.05,11.16,0.14,+1.27%,0
"2023-08-24 10:02",11.13,11.2,11.13,11.17,0.01,+0.09%,0
"2023-08-24 10:03",11.13,11.17,11.11,11.17,0,0.00%,0
"2023-08-24 10:04",11.13,11.2,11.13,11.15,-0.02,-0.18%,0
"2023-08-24 10:05",11.15,11.2,11.15,11.19,0.04,+0.36%,0
"2023-08-24 10:06",11.17,11.28,11.17,11.28,0.09,+0.80%,0
"2023-08-24 10:07",11.33,11.33,11.31,11.31,0.03,+0.27%,0
"2023-08-24 10:08",11.38,11.58,11.38,11.58,0.27,+2.39%,0
"2023-08-24 10:09",11.48,11.5,11.45,11.45,-0.13,-1.12%,0
"2023-08-24 10:10",11.48,11.69,11.48,11.69,0.24,+2.10%,0
"2023-08-24 10:11",11.67,11.67,11.53,11.53,-0.16,-1.37%,0
"2023-08-24 10:12",11.53,11.53,11.37,11.38,-0.15,-1.30%,0
"2023-08-24 10:13",11.42,11.77,11.42,11.77,0.39,+3.43%,0
"2023-08-24 10:14",11.75,11.75,11.55,11.55,-0.22,-1.87%,0
"2023-08-24 10:15",11.54,11.66,11.54,11.57,0.02,+0.17%,0
"2023-08-24 10:16",11.58,11.72,11.58,11.72,0.15,+1.30%,0
"2023-08-24 10:17",11.68,11.69,11.62,11.66,-0.06,-0.51%,0
"2023-08-24 10:18",11.65,11.71,11.6,11.6,-0.06,-0.51%,0
"2023-08-24 10:19",11.66,11.68,11.66,11.68,0.08,+0.69%,0
"2023-08-24 10:20",11.67,11.67,11.53,11.54,-0.14,-1.20%,0
"2023-08-24 10:21",11.58,11.67,11.58,11.67,0.13,+1.13%,0
"2023-08-24 10:22",11.61,11.67,11.61,11.66,-0.01,-0.09%,0
"2023-08-24 10:23",11.64,11.69,11.64,11.69,0.03,+0.26%,0
"2023-08-24 10:24",11.65,11.68,11.65,11.68,-0.01,-0.09%,0
"2023-08-24 10:25",11.68,11.82,11.65,11.82,0.14,+1.20%,0
"2023-08-24 10:26",11.81,11.81,11.7,11.7,-0.12,-1.02%,0
"2023-08-24 10:27",11.68,11.68,11.65,11.65,-0.05,-0.43%,0
"2023-08-24 10:28",11.62,11.73,11.62,11.73,0.08,+0.69%,0
"2023-08-24 10:29",11.72,11.74,11.71,11.71,-0.02,-0.17%,0
"2023-08-24 10:30",11.79,11.92,11.79,11.85,0.14,+1.20%,0
"2023-08-24 10:31",11.93,12.07,11.88,11.88,0.03,+0.25%,0
"2023-08-24 10:32",11.79,11.98,11.79,11.98,0.1,+0.84%,0
"2023-08-24 10:33",11.99,12.01,11.97,12.01,0.03,+0.25%,0
"2023-08-24 10:34",12.15,12.29,11.91,11.91,-0.1,-0.83%,0
"2023-08-24 10:35",11.92,12.08,11.92,12.08,0.17,+1.43%,0
"2023-08-24 10:36",12.14,12.14,12.09,12.09,0.01,+0.08%,0
"2023-08-24 10:37",12.04,12.11,11.99,11.99,-0.1,-0.83%,0
"2023-08-24 10:38",11.94,11.98,11.94,11.96,-0.03,-0.25%,0
"2023-08-24 10:39",11.91,11.95,11.91,11.95,-0.01,-0.08%,0
"2023-08-24 10:40",11.93,11.97,11.93,11.95,0,0.00%,0
"2023-08-24 10:41",11.97,11.99,11.97,11.99,0.04,+0.33%,0
"2023-08-24 10:42",11.99,12.18,11.99,12.18,0.19,+1.58%,0
"2023-08-24 10:43",12.21,12.32,12.14,12.32,0.14,+1.15%,0
"2023-08-24 10:44",12.39,12.4,12.24,12.24,-0.08,-0.65%,0
"2023-08-24 10:45",12.19,12.34,12.19,12.34,0.1,+0.82%,0
"2023-08-24 10:46",12.4,12.5,12.4,12.42,0.08,+0.65%,0
"2023-08-24 10:47",12.4,12.41,12.39,12.41,-0.01,-0.08%,0
"2023-08-24 10:48",12.33,12.35,12.33,12.35,-0.06,-0.48%,0
"2023-08-24 10:49",12.31,12.36,12.31,12.36,0.01,+0.08%,0
"2023-08-24 10:50",12.37,12.43,12.26,12.26,-0.1,-0.81%,0
"2023-08-24 10:51",12.25,12.28,12.22,12.22,-0.04,-0.33%,0
"2023-08-24 10:52",12.18,12.22,12.18,12.19,-0.03,-0.25%,0
"2023-08-24 10:53",12.19,12.22,12.18,12.18,-0.01,-0.08%,0
"2023-08-24 10:54",12.1,12.1,12.03,12.06,-0.12,-0.99%,0
"2023-08-24 10:55",12.08,12.12,12.08,12.08,0.02,+0.17%,0
"2023-08-24 10:56",12.07,12.07,12.07,12.07,-0.01,-0.08%,0
"2023-08-24 10:57",12.05,12.18,12.05,12.18,0.11,+0.91%,0
"2023-08-24 10:58",12.18,12.31,12.18,12.31,0.13,+1.07%,0
"2023-08-24 10:59",12.35,12.38,12.3,12.3,-0.01,-0.08%,0
"2023-08-24 11:00",12.32,12.62,12.32,12.62,0.32,+2.60%,0
"2023-08-24 11:01",12.66,12.69,12.46,12.46,-0.16,-1.27%,0
"2023-08-24 11:02",12.46,12.59,12.46,12.59,0.13,+1.04%,0
"2023-08-24 11:03",12.54,12.61,12.54,12.61,0.02,+0.16%,0
"2023-08-24 11:04",12.57,12.57,12.53,12.54,-0.07,-0.56%,0
"2023-08-24 11:05",12.53,12.64,12.53,12.64,0.1,+0.80%,0
"2023-08-24 11:06",12.67,12.8,12.67,12.8,0.16,+1.27%,0
"2023-08-24 11:07",12.87,12.88,12.73,12.73,-0.07,-0.55%,0
"2023-08-24 11:08",12.72,12.81,12.72,12.81,0.08,+0.63%,0
"2023-08-24 11:09",12.85,12.88,12.79,12.81,0,0.00%,0
"2023-08-24 11:10",12.79,12.85,12.79,12.85,0.04,+0.31%,0
"2023-08-24 11:11",12.89,12.94,12.87,12.94,0.09,+0.70%,0
"2023-08-24 11:12",12.95,13.01,12.95,13.01,0.07,+0.54%,0
"2023-08-24 11:13",13.02,13.12,13.02,13.11,0.1,+0.77%,0
"2023-08-24 11:14",13.17,13.17,12.96,12.96,-0.15,-1.14%,0
"2023-08-24 11:15",12.99,13.07,12.99,13.07,0.11,+0.85%,0
"2023-08-24 11:16",13.08,13.1,13.07,13.1,0.03,+0.23%,0
"2023-08-24 11:17",13.09,13.18,13.09,13.18,0.08,+0.61%,0
"2023-08-24 11:18",13.21,13.32,13.21,13.28,0.1,+0.76%,0
"2023-08-24 11:19",13.19,13.19,13.17,13.17,-0.11,-0.83%,0
"2023-08-24 11:20",13.15,13.16,13.12,13.12,-0.05,-0.38%,0
"2023-08-24 11:21",13.15,13.15,13.1,13.1,-0.02,-0.15%,0
"2023-08-24 11:22",13.1,13.24,13.1,13.24,0.14,+1.07%,0
"2023-08-24 11:23",13.22,13.24,13.22,13.23,-0.01,-0.08%,0
"2023-08-24 11:24",13.24,13.26,13.17,13.17,-0.06,-0.45%,0
"2023-08-24 11:25",13.17,13.22,13.17,13.2,0.03,+0.23%,0
"2023-08-24 11:26",13.23,13.37,13.23,13.37,0.17,+1.29%,0
"2023-08-24 11:27",13.22,13.22,13.19,13.21,-0.16,-1.20%,0
"2023-08-24 11:28",13.21,13.24,13.21,13.24,0.03,+0.23%,0
"2023-08-24 11:29",13.24,13.24,13.2,13.2,-0.04,-0.30%,0
"2023-08-24 11:30",13.15,13.25,13.15,13.24,0.04,+0.30%,0
"2023-08-24 11:31",13.32,13.32,13.25,13.25,0.01,+0.08%,0
"2023-08-24 11:32",13.26,13.34,13.26,13.34,0.09,+0.68%,0
"2023-08-24 11:33",13.33,13.36,13.31,13.31,-0.03,-0.22%,0
"2023-08-24 11:34",13.28,13.38,13.28,13.38,0.07,+0.53%,0
"2023-08-24 11:35",13.39,13.49,13.37,13.37,-0.01,-0.07%,0
"2023-08-24 11:36",13.4,13.48,13.4,13.48,0.11,+0.82%,0
"2023-08-24 11:37",13.46,13.51,13.46,13.49,0.01,+0.07%,0
"2023-08-24 11:38",13.44,13.49,13.44,13.49,0,0.00%,0
"2023-08-24 11:39",13.48,13.51,13.48,13.51,0.02,+0.15%,0
"2023-08-24 11:40",13.51,13.52,13.38,13.38,-0.13,-0.96%,0
"2023-08-24 11:41",13.35,13.47,13.35,13.47,0.09,+0.67%,0
"2023-08-24 11:42",13.45,13.52,13.45,13.49,0.02,+0.15%,0
"2023-08-24 11:43",13.5,13.51,13.48,13.48,-0.01,-0.07%,0
"2023-08-24 11:44",13.45,13.49,13.42,13.49,0.01,+0.07%,0
"2023-08-24 11:45",13.49,13.53,13.49,13.5,0.01,+0.07%,0
"2023-08-24 11:46",13.55,13.55,13.38,13.38,-0.12,-0.89%,0
"2023-08-24 11:47",13.41,13.5,13.41,13.5,0.12,+0.90%,0
"2023-08-24 11:48",13.57,13.61,13.57,13.58,0.08,+0.59%,0
"2023-08-24 11:49",13.55,13.57,13.52,13.52,-0.06,-0.44%,0
"2023-08-24 11:50",13.5,13.57,13.5,13.57,0.05,+0.37%,0
"2023-08-24 11:51",13.57,13.6,13.57,13.6,0.03,+0.22%,0
"2023-08-24 11:52",13.59,13.76,13.59,13.76,0.16,+1.18%,0
"2023-08-24 11:53",13.73,13.73,13.67,13.7,-0.06,-0.44%,0
"2023-08-24 11:54",13.71,13.75,13.71,13.73,0.03,+0.22%,0
"2023-08-24 11:55",13.71,13.74,13.69,13.74,0.01,+0.07%,0
"2023-08-24 11:56",13.75,13.75,13.73,13.73,-0.01,-0.07%,0
"2023-08-24 11:57",13.65,13.72,13.65,13.72,-0.01,-0.07%,0
"2023-08-24 11:58",13.72,13.8,13.72,13.78,0.06,+0.44%,0
"2023-08-24 11:59",13.8,13.9,13.8,13.9,0.12,+0.87%,0
"2023-08-24 12:00",13.9,13.9,13.81,13.81,-0.09,-0.65%,0
"2023-08-24 12:01",13.82,13.82,13.79,13.81,0,0.00%,0
"2023-08-24 12:02",13.82,13.85,13.82,13.85,0.04,+0.29%,0
"2023-08-24 12:03",13.85,13.85,13.83,13.83,-0.02,-0.14%,0
"2023-08-24 12:04",13.81,13.87,13.81,13.87,0.04,+0.29%,0
"2023-08-24 12:05",13.88,13.88,13.83,13.83,-0.04,-0.29%,0
"2023-08-24 12:06",13.84,13.88,13.84,13.87,0.04,+0.29%,0
"2023-08-24 12:07",13.82,13.82,13.68,13.68,-0.19,-1.37%,0
"2023-08-24 12:08",13.7,13.74,13.7,13.74,0.06,+0.44%,0
"2023-08-24 12:09",13.76,13.78,13.76,13.78,0.04,+0.29%,0
"2023-08-24 12:10",13.78,13.78,13.75,13.75,-0.03,-0.22%,0
"2023-08-24 12:11",13.76,13.78,13.76,13.77,0.02,+0.15%,0
"2023-08-24 12:12",13.77,13.78,13.75,13.75,-0.02,-0.15%,0
"2023-08-24 12:13",13.7,13.75,13.7,13.72,-0.03,-0.22%,0
"2023-08-24 12:14",13.71,13.72,13.71,13.72,0,0.00%,0
"2023-08-24 12:15",13.7,13.7,13.63,13.63,-0.09,-0.66%,0
"2023-08-24 12:16",13.6,13.62,13.59,13.59,-0.04,-0.29%,0
"2023-08-24 12:17",13.57,13.67,13.57,13.67,0.08,+0.59%,0
"2023-08-24 12:18",13.7,13.72,13.66,13.66,-0.01,-0.07%,0
"2023-08-24 12:19",13.66,13.8,13.66,13.8,0.14,+1.02%,0
"2023-08-24 12:20",13.82,13.82,13.79,13.79,-0.01,-0.07%,0
"2023-08-24 12:21",13.79,13.8,13.78,13.79,0,0.00%,0
"2023-08-24 12:22",13.76,13.76,13.74,13.74,-0.05,-0.36%,0
"2023-08-24 12:23",13.73,13.76,13.73,13.76,0.02,+0.15%,0
"2023-08-24 12:24",13.76,13.81,13.76,13.81,0.05,+0.36%,0
"2023-08-24 12:25",13.83,13.85,13.83,13.84,0.03,+0.22%,0
"2023-08-24 12:26",13.79,13.83,13.79,13.83,-0.01,-0.07%,0
"2023-08-24 12:27",13.8,13.85,13.8,13.84,0.01,+0.07%,0
"2023-08-24 12:28",13.83,13.91,13.83,13.9,0.06,+0.43%,0
"2023-08-24 12:29",13.87,13.93,13.87,13.89,-0.01,-0.07%,0
"2023-08-24 12:30",13.88,13.89,13.85,13.86,-0.03,-0.22%,0
"2023-08-24 12:31",13.83,13.93,13.83,13.93,0.07,+0.51%,0
"2023-08-24 12:32",13.92,13.96,13.92,13.96,0.03,+0.22%,0
"2023-08-24 12:33",13.94,13.97,13.94,13.97,0.01,+0.07%,0
"2023-08-24 12:34",13.95,13.97,13.95,13.96,-0.01,-0.07%,0
"2023-08-24 12:35",13.98,14.01,13.97,13.97,0.01,+0.07%,0
"2023-08-24 12:36",13.98,14.01,13.98,14.01,0.04,+0.29%,0
"2023-08-24 12:37",14,14.06,14,14.06,0.05,+0.36%,0
"2023-08-24 12:38",14.08,14.1,14.08,14.09,0.03,+0.21%,0
"2023-08-24 12:39",14.1,14.14,14.1,14.13,0.04,+0.28%,0
"2023-08-24 12:40",14.13,14.16,14.13,14.14,0.01,+0.07%,0
"2023-08-24 12:41",14.11,14.16,14.11,14.11,-0.03,-0.21%,0
"2023-08-24 12:42",14.09,14.19,14.09,14.19,0.08,+0.57%,0
"2023-08-24 12:43",14.19,14.2,14.17,14.19,0,0.00%,0
"2023-08-24 12:44",14.19,14.28,14.19,14.28,0.09,+0.63%,0
"2023-08-24 12:45",14.24,14.32,14.24,14.3,0.02,+0.14%,0
"2023-08-24 12:46",14.33,14.35,14.32,14.32,0.02,+0.14%,0
"2023-08-24 12:47",14.28,14.28,14.26,14.26,-0.06,-0.42%,0
"2023-08-24 12:48",14.26,14.28,14.26,14.28,0.02,+0.14%,0
"2023-08-24 12:49",14.26,14.3,14.26,14.3,0.02,+0.14%,0
"2023-08-24 12:50",14.3,14.33,14.3,14.32,0.02,+0.14%,0
"2023-08-24 12:51",14.32,14.41,14.32,14.41,0.09,+0.63%,0
"2023-08-24 12:52",14.41,14.46,14.41,14.45,0.04,+0.28%,0
"2023-08-24 12:53",14.47,14.47,14.45,14.45,0,0.00%,0
"2023-08-24 12:54",14.45,14.49,14.45,14.48,0.03,+0.21%,0
"2023-08-24 12:55",14.43,14.51,14.42,14.51,0.03,+0.21%,0
"2023-08-24 12:56",14.57,14.58,14.53,14.53,0.02,+0.14%,0
"2023-08-24 12:57",14.54,14.54,14.53,14.53,0,0.00%,0
"2023-08-24 12:58",14.55,14.56,14.54,14.54,0.01,+0.07%,0
"2023-08-24 12:59",14.54,14.6,14.54,14.6,0.06,+0.41%,0
"2023-08-24 13:00",14.59,14.59,14.53,14.58,-0.02,-0.14%,0
"2023-08-24 13:01",14.62,14.74,14.62,14.73,0.15,+1.03%,0
"2023-08-24 13:02",14.72,14.77,14.7,14.71,-0.02,-0.14%,0
"2023-08-24 13:03",14.73,14.8,14.73,14.8,0.09,+0.61%,0
"2023-08-24 13:04",14.81,14.94,14.81,14.88,0.08,+0.54%,0
"2023-08-24 13:05",14.86,14.91,14.86,14.9,0.02,+0.13%,0
"2023-08-24 13:06",14.84,14.84,14.82,14.82,-0.08,-0.54%,0
"2023-08-24 13:07",14.84,14.88,14.84,14.88,0.06,+0.40%,0
"2023-08-24 13:08",14.9,14.93,14.88,14.88,0,0.00%,0
"2023-08-24 13:09",14.82,14.82,14.81,14.81,-0.07,-0.47%,0
"2023-08-24 13:10",14.83,14.88,14.83,14.84,0.03,+0.20%,0
"2023-08-24 13:11",14.84,14.88,14.84,14.87,0.03,+0.20%,0
"2023-08-24 13:12",14.87,14.95,14.87,14.95,0.08,+0.54%,0
"2023-08-24 13:13",14.94,14.99,14.94,14.99,0.04,+0.27%,0
"2023-08-24 13:14",15.01,15.02,14.97,14.97,-0.02,-0.13%,0
"2023-08-24 13:15",14.97,15.02,14.97,15.02,0.05,+0.33%,0
"2023-08-24 13:16",15.03,15.09,15.03,15.06,0.04,+0.27%,0
"2023-08-24 13:17",15.04,15.07,15.03,15.07,0.01,+0.07%,0
"2023-08-24 13:18",15.11,15.21,15.11,15.21,0.14,+0.93%,0
"2023-08-24 13:19",15.18,15.18,15.15,15.15,-0.06,-0.39%,0
"2023-08-24 13:20",15.15,15.19,15.15,15.19,0.04,+0.26%,0
"2023-08-24 13:21",15.21,15.23,15.1,15.1,-0.09,-0.59%,0
"2023-08-24 13:22",15.1,15.2,15.1,15.2,0.1,+0.66%,0
"2023-08-24 13:23",15.19,15.21,15.19,15.2,0,0.00%,0
"2023-08-24 13:24",15.21,15.26,15.21,15.25,0.05,+0.33%,0
"2023-08-24 13:25",15.25,15.34,15.25,15.32,0.07,+0.46%,0
"2023-08-24 13:26",15.32,15.38,15.32,15.38,0.06,+0.39%,0
"2023-08-24 13:27",15.43,15.47,15.43,15.46,0.08,+0.52%,0
"2023-08-24 13:28",15.44,15.49,15.44,15.49,0.03,+0.19%,0
"2023-08-24 13:29",15.5,15.5,15.42,15.42,-0.07,-0.45%,0
"2023-08-24 13:30",15.42,15.53,15.42,15.53,0.11,+0.71%,0
"2023-08-24 13:31",15.53,15.53,15.42,15.42,-0.11,-0.71%,0
"2023-08-24 13:32",15.39,15.43,15.39,15.43,0.01,+0.06%,0
"2023-08-24 13:33",15.44,15.47,15.44,15.47,0.04,+0.26%,0
"2023-08-24 13:34",15.47,15.57,15.47,15.57,0.1,+0.65%,0
"2023-08-24 13:35",15.63,15.67,15.56,15.56,-0.01,-0.06%,0
"2023-08-24 13:36",15.55,15.56,15.53,15.56,0,0.00%,0
"2023-08-24 13:37",15.54,15.55,15.53,15.53,-0.03,-0.19%,0
"2023-08-24 13:38",15.53,15.56,15.53,15.54,0.01,+0.06%,0
"2023-08-24 13:39",15.55,15.55,15.47,15.47,-0.07,-0.45%,0
"2023-08-24 13:40",15.44,15.48,15.44,15.48,0.01,+0.06%,0
"2023-08-24 13:41",15.47,15.52,15.47,15.52,0.04,+0.26%,0
"2023-08-24 13:42",15.5,15.54,15.5,15.52,0,0.00%,0
"2023-08-24 13:43",15.52,15.56,15.52,15.55,0.03,+0.19%,0
"2023-08-24 13:44",15.55,15.71,15.55,15.71,0.16,+1.03%,0
"2023-08-24 13:45",15.73,15.73,15.58,15.58,-0.13,-0.83%,0
"2023-08-24 13:46",15.54,15.59,15.54,15.59,0.01,+0.06%,0
"2023-08-24 13:47",15.56,15.59,15.56,15.59,0,0.00%,0
"2023-08-24 13:48",15.57,15.63,15.57,15.63,0.04,+0.26%,0
"2023-08-24 13:49",15.63,15.66,15.63,15.66,0.03,+0.19%,0
"2023-08-24 13:50",15.67,15.74,15.67,15.73,0.07,+0.45%,0
"2023-08-24 13:51",15.73,15.77,15.72,15.75,0.02,+0.13%,0
"2023-08-24 13:52",15.75,15.79,15.75,15.76,0.01,+0.06%,0
"2023-08-24 13:53",15.75,15.81,15.75,15.78,0.02,+0.13%,0
"2023-08-24 13:54",15.78,15.84,15.78,15.84,0.06,+0.38%,0
"2023-08-24 13:55",15.84,15.86,15.83,15.83,-0.01,-0.06%,0
"2023-08-24 13:56",15.85,15.88,15.85,15.88,0.05,+0.32%,0
"2023-08-24 13:57",15.88,15.89,15.88,15.89,0.01,+0.06%,0
"2023-08-24 13:58",15.89,15.97,15.89,15.97,0.08,+0.50%,0
"2023-08-24 13:59",15.97,15.99,15.94,15.94,-0.03,-0.19%,0
"2023-08-24 14:00",15.87,15.87,15.82,15.85,-0.09,-0.56%,0
"2023-08-24 14:01",15.87,15.87,15.84,15.86,0.01,+0.06%,0
"2023-08-24 14:02",15.86,15.9,15.86,15.88,0.02,+0.13%,0
"2023-08-24 14:03",15.9,15.93,15.9,15.93,0.05,+0.31%,0
"2023-08-24 14:04",15.93,15.94,15.93,15.94,0.01,+0.06%,0
"2023-08-24 14:05",15.98,16,15.98,15.99,0.05,+0.31%,0
"2023-08-24 14:06",15.96,16.05,15.96,16.05,0.06,+0.38%,0
"2023-08-24 14:07",16.09,16.09,16.01,16.01,-0.04,-0.25%,0
"2023-08-24 14:08",15.96,15.96,15.94,15.94,-0.07,-0.44%,0
"2023-08-24 14:09",15.95,15.99,15.95,15.98,0.04,+0.25%,0
"2023-08-24 14:10",16,16.01,16,16,0.02,+0.13%,0
"2023-08-24 14:11",16.01,16.03,16.01,16.01,0.01,+0.06%,0
"2023-08-24 14:12",16.02,16.05,15.99,15.99,-0.02,-0.12%,0
"2023-08-24 14:13",15.97,16.01,15.97,16.01,0.02,+0.13%,0
"2023-08-24 14:14",15.98,16.01,15.98,16.01,0,0.00%,0
"2023-08-24 14:15",16,16.02,15.98,15.99,-0.02,-0.12%,0
"2023-08-24 14:16",16.01,16.14,16.01,16.14,0.15,+0.94%,0
"2023-08-24 14:17",16.17,16.19,16.15,16.19,0.05,+0.31%,0
"2023-08-24 14:18",16.17,16.24,16.17,16.23,0.04,+0.25%,0
"2023-08-24 14:19",16.23,16.24,16.22,16.22,-0.01,-0.06%,0
"2023-08-24 14:20",16.22,16.22,16.2,16.2,-0.02,-0.12%,0
"2023-08-24 14:21",16.17,16.17,16.12,16.12,-0.08,-0.49%,0
"2023-08-24 14:22",16.09,16.15,16.09,16.15,0.03,+0.19%,0
"2023-08-24 14:23",16.13,16.17,16.13,16.17,0.02,+0.12%,0
"2023-08-24 14:24",16.19,16.2,16.19,16.2,0.03,+0.19%,0
"2023-08-24 14:25",16.2,16.24,16.2,16.24,0.04,+0.25%,0
"2023-08-24 14:26",16.26,16.31,16.26,16.3,0.06,+0.37%,0
"2023-08-24 14:27",16.35,16.39,16.3,16.3,0,0.00%,0
"2023-08-24 14:28",16.28,16.31,16.28,16.28,-0.02,-0.12%,0
"2023-08-24 14:29",16.28,16.32,16.28,16.31,0.03,+0.18%,0
"2023-08-24 14:30",16.3,16.3,16.29,16.29,-0.02,-0.12%,0
"2023-08-24 14:31",16.26,16.29,16.26,16.29,0,0.00%,0
"2023-08-24 14:32",16.28,16.33,16.28,16.33,0.04,+0.25%,0
"2023-08-24 14:33",16.37,16.38,16.35,16.38,0.05,+0.31%,0
"2023-08-24 14:34",16.37,16.38,16.37,16.38,0,0.00%,0
"2023-08-24 14:35",16.39,16.42,16.39,16.42,0.04,+0.24%,0
"2023-08-24 14:36",16.44,16.64,16.44,16.64,0.22,+1.34%,0
"2023-08-24 14:37",16.69,16.69,16.61,16.62,-0.02,-0.12%,0
"2023-08-24 14:38",16.61,16.61,16.54,16.55,-0.07,-0.42%,0
"2023-08-24 14:39",16.57,16.64,16.57,16.63,0.08,+0.48%,0
"2023-08-24 14:40",16.64,16.76,16.64,16.76,0.13,+0.78%,0
"2023-08-24 14:41",16.76,16.77,16.75,16.75,-0.01,-0.06%,0
"2023-08-24 14:42",16.72,16.74,16.72,16.74,-0.01,-0.06%,0
"2023-08-24 14:43",16.72,16.77,16.72,16.77,0.03,+0.18%,0
"2023-08-24 14:44",16.75,16.78,16.75,16.78,0.01,+0.06%,0
"2023-08-24 14:45",16.78,16.78,16.75,16.75,-0.03,-0.18%,0
"2023-08-24 14:46",16.75,16.75,16.55,16.55,-0.2,-1.19%,0
"2023-08-24 14:47",16.56,16.59,16.56,16.59,0.04,+0.24%,0
"2023-08-24 14:48",16.61,16.64,16.61,16.63,0.04,+0.24%,0
"2023-08-24 14:49",16.68,16.71,16.68,16.71,0.08,+0.48%,0
"2023-08-24 14:50",16.71,16.71,16.57,16.57,-0.14,-0.84%,0
"2023-08-24 14:51",16.56,16.56,16.54,16.54,-0.03,-0.18%,0
"2023-08-24 14:52",16.54,16.57,16.54,16.55,0.01,+0.06%,0
"2023-08-24 14:53",16.57,16.68,16.57,16.68,0.13,+0.79%,0
"2023-08-24 14:54",16.68,16.69,16.66,16.69,0.01,+0.06%,0
"2023-08-24 14:55",16.68,16.75,16.68,16.68,-0.01,-0.06%,0
"2023-08-24 14:56",16.62,16.62,16.58,16.58,-0.1,-0.60%,0
"2023-08-24 14:57",16.58,16.63,16.58,16.62,0.04,+0.24%,0
"2023-08-24 14:58",16.59,16.61,16.59,16.61,-0.01,-0.06%,0
"2023-08-24 14:59",16.62,16.7,16.62,16.7,0.09,+0.54%,0
"2023-08-24 15:00",16.72,16.74,16.71,16.71,0.01,+0.06%,0
"2023-08-24 15:01",16.72,16.8,16.72,16.8,0.09,+0.54%,0
"2023-08-24 15:02",16.87,16.9,16.77,16.77,-0.03,-0.18%,0
"2023-08-24 15:03",16.78,16.87,16.78,16.87,0.1,+0.60%,0
"2023-08-24 15:04",16.84,16.87,16.84,16.86,-0.01,-0.06%,0
"2023-08-24 15:05",16.88,16.88,16.82,16.83,-0.03,-0.18%,0
"2023-08-24 15:06",16.82,16.9,16.82,16.9,0.07,+0.42%,0
"2023-08-24 15:07",16.93,16.95,16.93,16.95,0.05,+0.30%,0
"2023-08-24 15:08",16.95,16.99,16.87,16.87,-0.08,-0.47%,0
"2023-08-24 15:09",16.88,16.91,16.88,16.91,0.04,+0.24%,0
"2023-08-24 15:10",16.92,16.98,16.9,16.9,-0.01,-0.06%,0
"2023-08-24 15:11",16.91,16.92,16.88,16.88,-0.02,-0.12%,0
"2023-08-24 15:12",16.86,16.92,16.86,16.92,0.04,+0.24%,0
"2023-08-24 15:13",16.9,16.93,16.9,16.93,0.01,+0.06%,0
"2023-08-24 15:14",16.92,16.96,16.92,16.96,0.03,+0.18%,0
"2023-08-24 15:15",16.94,16.94,16.87,16.87,-0.09,-0.53%,0
"2023-08-24 15:16",16.88,16.9,16.88,16.88,0.01,+0.06%,0
"2023-08-24 15:17",16.86,16.89,16.86,16.89,0.01,+0.06%,0
"2023-08-24 15:18",16.89,16.96,16.89,16.96,0.07,+0.41%,0
"2023-08-24 15:19",16.95,16.96,16.89,16.89,-0.07,-0.41%,0
"2023-08-24 15:20",16.91,16.91,16.86,16.86,-0.03,-0.18%,0
"2023-08-24 15:21",16.84,16.96,16.84,16.96,0.1,+0.59%,0
"2023-08-24 15:22",16.92,16.95,16.92,16.95,-0.01,-0.06%,0
"2023-08-24 15:23",16.93,17.08,16.93,17.08,0.13,+0.77%,0
"2023-08-24 15:24",17.09,17.09,17.06,17.06,-0.02,-0.12%,0
"2023-08-24 15:25",17.06,17.07,17.05,17.05,-0.01,-0.06%,0
"2023-08-24 15:26",17.08,17.08,17.05,17.07,0.02,+0.12%,0
"2023-08-24 15:27",17.1,17.12,17.1,17.11,0.04,+0.23%,0
"2023-08-24 15:28",17.15,17.19,17.15,17.15,0.04,+0.23%,0
"2023-08-24 15:29",17.11,17.17,17.11,17.17,0.02,+0.12%,0
"2023-08-24 15:30",17.16,17.2,17.15,17.15,-0.02,-0.12%,0
"2023-08-24 15:31",17.13,17.13,17.05,17.06,-0.09,-0.52%,0
"2023-08-24 15:32",17.07,17.16,17.07,17.14,0.08,+0.47%,0
"2023-08-24 15:33",17.13,17.18,17.13,17.18,0.04,+0.23%,0
"2023-08-24 15:34",17.2,17.23,17.17,17.17,-0.01,-0.06%,0
"2023-08-24 15:35",17.15,17.25,17.15,17.25,0.08,+0.47%,0
"2023-08-24 15:36",17.23,17.24,17.2,17.24,-0.01,-0.06%,0
"2023-08-24 15:37",17.36,17.44,17.34,17.34,0.1,+0.58%,0
"2023-08-24 15:38",17.28,17.28,17.19,17.21,-0.13,-0.75%,0
"2023-08-24 15:39",17.2,17.28,17.2,17.28,0.07,+0.41%,0
"2023-08-24 15:40",17.29,17.3,17.29,17.29,0.01,+0.06%,0
"2023-08-24 15:41",17.32,17.34,17.32,17.34,0.05,+0.29%,0
"2023-08-24 15:42",17.31,17.4,17.31,17.4,0.06,+0.35%,0
"2023-08-24 15:43",17.47,17.67,17.47,17.65,0.25,+1.44%,0
"2023-08-24 15:44",17.57,17.6,17.57,17.59,-0.06,-0.34%,0
"2023-08-24 15:45",17.59,17.68,17.59,17.65,0.06,+0.34%,0
"2023-08-24 15:46",17.65,17.67,17.65,17.66,0.01,+0.06%,0
"2023-08-24 15:47",17.66,17.83,17.66,17.83,0.17,+0.96%,0
"2023-08-24 15:48",17.83,17.83,17.69,17.69,-0.14,-0.79%,0
"2023-08-24 15:49",17.71,17.71,17.6,17.6,-0.09,-0.51%,0
"2023-08-24 15:50",17.57,17.57,17.42,17.45,-0.15,-0.85%,0
"2023-08-24 15:51",17.47,17.56,17.47,17.55,0.1,+0.57%,0
"2023-08-24 15:52",17.56,17.63,17.56,17.59,0.04,+0.23%,0
"2023-08-24 15:53",17.59,17.66,17.59,17.66,0.07,+0.40%,0
"2023-08-24 15:54",17.64,17.65,17.47,17.47,-0.19,-1.08%,0
"2023-08-24 15:55",17.53,17.68,17.53,17.6,0.13,+0.74%,0
"2023-08-24 15:56",17.62,17.62,17.45,17.45,-0.15,-0.85%,0
"2023-08-24 15:57",17.4,17.4,17.32,17.35,-0.1,-0.57%,0
"2023-08-24 15:58",17.35,17.4,17.35,17.36,0.01,+0.06%,0
"2023-08-24 15:59",17.36,17.48,17.36,17.46,0.1,+0.58%,0
"2023-08-24 16:00",17.52,17.52,17.38,17.46,0,0.00%,0
"2023-08-24 16:01",17.51,17.56,17.44,17.44,-0.02,-0.11%,0
"2023-08-24 16:02",17.44,17.44,17.4,17.4,-0.04,-0.23%,0
"2023-08-24 16:03",17.41,17.49,17.41,17.49,0.09,+0.52%,0
"2023-08-24 16:04",17.46,17.46,17.27,17.27,-0.22,-1.26%,0
"2023-08-24 16:05",17.32,17.37,17.28,17.36,0.09,+0.52%,0
"2023-08-24 16:06",17.34,17.38,17.19,17.19,-0.17,-0.98%,0
"2023-08-24 16:07",17.26,17.29,17.26,17.29,0.1,+0.58%,0
"2023-08-24 16:08",17.28,17.3,17.27,17.27,-0.02,-0.12%,0
"2023-08-24 16:09",17.28,17.3,17.28,17.3,0.03,+0.17%,0
"2023-08-24 16:10",17.3,17.32,17.29,17.29,-0.01,-0.06%,0
"2023-08-24 16:11",17.28,17.28,17.27,17.28,-0.01,-0.06%,0
"2023-08-24 16:12",17.27,17.31,17.27,17.31,0.03,+0.17%,0
"2023-08-24 16:13",17.28,17.28,17.15,17.28,-0.03,-0.17%,0
"2023-08-24 16:14",17.3,17.36,17.3,17.36,0.08,+0.46%,0
"2023-08-24 16:15",17.36,17.36,17.36,17.36,0,0.00%,0
"2023-08-25 09:31",15.21,15.24,15.2,15.24,-2.12,-12.21%,0
"2023-08-25 09:32",15.24,15.3,15.24,15.28,0.04,+0.26%,0
"2023-08-25 09:33",15.27,15.3,15.27,15.29,0.01,+0.07%,0
"2023-08-25 09:34",15.27,15.35,15.27,15.35,0.06,+0.39%,0
"2023-08-25 09:35",15.34,15.38,15.34,15.38,0.03,+0.20%,0
"2023-08-25 09:36",15.39,15.41,15.38,15.39,0.01,+0.07%,0
"2023-08-25 09:37",15.41,15.45,15.41,15.41,0.02,+0.13%,0
"2023-08-25 09:38",15.46,15.65,15.46,15.65,0.24,+1.56%,0
"2023-08-25 09:39",15.64,15.71,15.64,15.69,0.04,+0.26%,0
"2023-08-25 09:40",15.7,15.79,15.7,15.79,0.1,+0.64%,0
"2023-08-25 09:41",15.86,15.94,15.86,15.94,0.15,+0.95%,0
"2023-08-25 09:42",15.91,15.97,15.91,15.96,0.02,+0.13%,0
"2023-08-25 09:43",15.95,16.07,15.95,16.07,0.11,+0.69%,0
"2023-08-25 09:44",16.08,16.11,16.08,16.11,0.04,+0.25%,0
"2023-08-25 09:45",16.09,16.18,16.09,16.1,-0.01,-0.06%,0
"2023-08-25 09:46",16.06,16.19,16.06,16.19,0.09,+0.56%,0
"2023-08-25 09:47",16.16,16.18,16.16,16.18,-0.01,-0.06%,0
"2023-08-25 09:48",16.19,16.3,16.19,16.3,0.12,+0.74%,0
"2023-08-25 09:49",16.26,16.28,16.25,16.27,-0.03,-0.18%,0
"2023-08-25 09:50",16.25,16.33,16.25,16.33,0.06,+0.37%,0
"2023-08-25 09:51",16.31,16.33,16.29,16.29,-0.04,-0.24%,0
"2023-08-25 09:52",16.32,16.36,16.3,16.3,0.01,+0.06%,0
"2023-08-25 09:53",16.28,16.29,16.28,16.29,-0.01,-0.06%,0
"2023-08-25 09:54",16.29,16.34,16.29,16.34,0.05,+0.31%,0
"2023-08-25 09:55",16.37,16.37,16.33,16.34,0,0.00%,0
"2023-08-25 09:56",16.38,16.44,16.38,16.42,0.08,+0.49%,0
"2023-08-25 09:57",16.45,16.5,16.45,16.5,0.08,+0.49%,0
"2023-08-25 09:58",16.53,16.54,16.5,16.51,0.01,+0.06%,0
"2023-08-25 09:59",16.48,16.57,16.48,16.54,0.03,+0.18%,0
"2023-08-25 10:00",16.5,16.5,16.3,16.3,-0.24,-1.45%,0
"2023-08-25 10:01",16.27,16.3,16.23,16.23,-0.07,-0.43%,0
"2023-08-25 10:02",16.26,16.55,16.26,16.55,0.32,+1.97%,0
"2023-08-25 10:03",16.32,16.32,16.07,16.18,-0.37,-2.24%,0
"2023-08-25 10:04",16.14,16.3,16.14,16.3,0.12,+0.74%,0
"2023-08-25 10:05",16.34,16.34,15.99,15.99,-0.31,-1.90%,0
"2023-08-25 10:06",15.98,16.08,15.97,15.97,-0.02,-0.13%,0
"2023-08-25 10:07",15.86,16.08,15.86,16.08,0.11,+0.69%,0
"2023-08-25 10:08",16.2,16.52,16.2,16.52,0.44,+2.74%,0
"2023-08-25 10:09",16.59,16.59,16.38,16.38,-0.14,-0.85%,0
"2023-08-25 10:10",16.36,16.36,16.05,16.05,-0.33,-2.01%,0
"2023-08-25 10:11",15.89,15.89,15.58,15.58,-0.47,-2.93%,0
"2023-08-25 10:12",15.67,15.9,15.67,15.83,0.25,+1.60%,0
"2023-08-25 10:13",15.97,15.97,15.57,15.57,-0.26,-1.64%,0
"2023-08-25 10:14",15.49,15.68,15.49,15.63,0.06,+0.39%,0
"2023-08-25 10:15",15.63,15.63,15.49,15.52,-0.11,-0.70%,0
"2023-08-25 10:16",15.39,15.39,15.13,15.13,-0.39,-2.51%,0
"2023-08-25 10:17",15.14,15.19,15.06,15.19,0.06,+0.40%,0
"2023-08-25 10:18",14.94,14.98,14.89,14.98,-0.21,-1.38%,0
"2023-08-25 10:19",15.02,15.61,15.02,15.61,0.63,+4.21%,0
"2023-08-25 10:20",15.62,15.85,15.55,15.85,0.24,+1.54%,0
"2023-08-25 10:21",15.9,15.93,15.53,15.53,-0.32,-2.02%,0
"2023-08-25 10:22",15.51,15.51,15.35,15.35,-0.18,-1.16%,0
"2023-08-25 10:23",15.31,15.39,15.31,15.38,0.03,+0.20%,0
"2023-08-25 10:24",15.38,15.81,15.38,15.81,0.43,+2.80%,0
"2023-08-25 10:25",15.88,15.88,15.65,15.69,-0.12,-0.76%,0
"2023-08-25 10:26",15.67,15.75,15.67,15.73,0.04,+0.25%,0
"2023-08-25 10:27",15.79,16.16,15.79,16.16,0.43,+2.73%,0
"2023-08-25 10:28",15.98,16.02,15.57,15.57,-0.59,-3.65%,0
"2023-08-25 10:29",15.63,15.72,15.63,15.63,0.06,+0.39%,0
"2023-08-25 10:30",15.7,15.84,15.7,15.7,0.07,+0.45%,0
"2023-08-25 10:31",15.78,16.08,15.78,15.93,0.23,+1.46%,0
"2023-08-25 10:32",15.97,15.97,15.8,15.83,-0.1,-0.63%,0
"2023-08-25 10:33",15.85,15.85,15.73,15.81,-0.02,-0.13%,0
"2023-08-25 10:34",15.7,15.87,15.7,15.83,0.02,+0.13%,0
"2023-08-25 10:35",15.91,15.91,15.73,15.73,-0.1,-0.63%,0
"2023-08-25 10:36",15.82,15.91,15.79,15.91,0.18,+1.14%,0
"2023-08-25 10:37",15.97,15.99,15.91,15.91,0,0.00%,0
"2023-08-25 10:38",15.73,15.73,15.68,15.69,-0.22,-1.38%,0
"2023-08-25 10:39",15.7,15.7,15.65,15.7,0.01,+0.06%,0
"2023-08-25 10:40",15.68,15.68,15.51,15.53,-0.17,-1.08%,0
"2023-08-25 10:41",15.58,15.58,15.38,15.46,-0.07,-0.45%,0
"2023-08-25 10:42",15.48,15.81,15.48,15.81,0.35,+2.26%,0
"2023-08-25 10:43",15.84,15.91,15.83,15.91,0.1,+0.63%,0
"2023-08-25 10:44",15.91,15.94,15.82,15.94,0.03,+0.19%,0
"2023-08-25 10:45",16.02,16.11,15.99,15.99,0.05,+0.31%,0
"2023-08-25 10:46",16.06,16.09,15.95,15.95,-0.04,-0.25%,0
"2023-08-25 10:47",16.01,16.16,15.99,16.16,0.21,+1.32%,0
"2023-08-25 10:48",16.21,16.21,15.84,15.84,-0.32,-1.98%,0
"2023-08-25 10:49",15.88,15.97,15.86,15.97,0.13,+0.82%,0
"2023-08-25 10:50",15.92,15.93,15.69,15.75,-0.22,-1.38%,0
"2023-08-25 10:51",15.82,15.82,15.78,15.78,0.03,+0.19%,0
"2023-08-25 10:52",15.73,15.79,15.73,15.75,-0.03,-0.19%,0
"2023-08-25 10:53",15.69,15.92,15.69,15.92,0.17,+1.08%,0
"2023-08-25 10:54",15.92,15.92,15.79,15.82,-0.1,-0.63%,0
"2023-08-25 10:55",15.78,15.9,15.78,15.87,0.05,+0.32%,0
"2023-08-25 10:56",15.75,15.82,15.75,15.82,-0.05,-0.32%,0
"2023-08-25 10:57",15.83,15.84,15.78,15.78,-0.04,-0.25%,0
"2023-08-25 10:58",15.85,15.85,15.82,15.84,0.06,+0.38%,0
"2023-08-25 10:59",15.91,15.98,15.86,15.86,0.02,+0.13%,0
"2023-08-25 11:00",15.85,15.85,15.66,15.66,-0.2,-1.26%,0
"2023-08-25 11:01",15.41,15.69,15.41,15.69,0.03,+0.19%,0
"2023-08-25 11:02",15.73,15.73,15.54,15.54,-0.15,-0.96%,0
"2023-08-25 11:03",15.54,15.54,15.46,15.46,-0.08,-0.51%,0
"2023-08-25 11:04",15.53,15.57,15.3,15.3,-0.16,-1.03%,0
"2023-08-25 11:05",15.22,15.26,15,15,-0.3,-1.96%,0
"2023-08-25 11:06",14.87,14.87,14.82,14.82,-0.18,-1.20%,0
"2023-08-25 11:07",14.87,14.87,14.64,14.64,-0.18,-1.21%,0
"2023-08-25 11:08",14.51,14.51,14.46,14.47,-0.17,-1.16%,0
"2023-08-25 11:09",14.49,14.6,14.49,14.6,0.13,+0.90%,0
"2023-08-25 11:10",14.63,14.63,14.38,14.38,-0.22,-1.51%,0
"2023-08-25 11:11",14.33,14.44,14.33,14.42,0.04,+0.28%,0
"2023-08-25 11:12",14.55,14.64,14.55,14.63,0.21,+1.46%,0
"2023-08-25 11:13",14.7,14.79,14.67,14.67,0.04,+0.27%,0
"2023-08-25 11:14",14.67,14.85,14.67,14.76,0.09,+0.61%,0
"2023-08-25 11:15",14.69,14.72,14.69,14.72,-0.04,-0.27%,0
"2023-08-25 11:16",14.78,14.82,14.78,14.79,0.07,+0.48%,0
"2023-08-25 11:17",14.86,15.15,14.86,15.15,0.36,+2.43%,0
"2023-08-25 11:18",15.2,15.2,15.02,15.08,-0.07,-0.46%,0
"2023-08-25 11:19",15.28,15.31,14.99,14.99,-0.09,-0.60%,0
"2023-08-25 11:20",14.99,15.06,14.99,15.06,0.07,+0.47%,0
"2023-08-25 11:21",15.1,15.16,15.1,15.15,0.09,+0.60%,0
"2023-08-25 11:22",15.15,15.15,15.11,15.11,-0.04,-0.26%,0
"2023-08-25 11:23",15.05,15.1,15.05,15.06,-0.05,-0.33%,0
"2023-08-25 11:24",15.05,15.05,14.8,14.8,-0.26,-1.73%,0
"2023-08-25 11:25",14.79,14.79,14.61,14.61,-0.19,-1.28%,0
"2023-08-25 11:26",14.59,14.71,14.59,14.71,0.1,+0.68%,0
"2023-08-25 11:27",14.75,14.75,14.62,14.62,-0.09,-0.61%,0
"2023-08-25 11:28",14.64,14.66,14.58,14.6,-0.02,-0.14%,0
"2023-08-25 11:29",14.65,14.72,14.6,14.6,0,0.00%,0
"2023-08-25 11:30",14.64,14.67,14.64,14.65,0.05,+0.34%,0
"2023-08-25 11:31",14.65,14.65,14.56,14.56,-0.09,-0.61%,0
"2023-08-25 11:32",14.61,14.73,14.61,14.73,0.17,+1.17%,0
"2023-08-25 11:33",14.67,14.7,14.67,14.7,-0.03,-0.20%,0
"2023-08-25 11:34",14.66,14.7,14.62,14.62,-0.08,-0.54%,0
"2023-08-25 11:35",14.51,14.51,14.48,14.48,-0.14,-0.96%,0
"2023-08-25 11:36",14.5,14.52,14.49,14.5,0.02,+0.14%,0
"2023-08-25 11:37",14.45,14.46,14.44,14.44,-0.06,-0.41%,0
"2023-08-25 11:38",14.48,14.48,14.45,14.45,0.01,+0.07%,0
"2023-08-25 11:39",14.43,14.43,14.39,14.39,-0.06,-0.42%,0
"2023-08-25 11:40",14.42,14.42,14.25,14.25,-0.14,-0.97%,0
"2023-08-25 11:41",14.29,14.36,14.29,14.34,0.09,+0.63%,0
"2023-08-25 11:42",14.31,14.34,14.18,14.18,-0.16,-1.12%,0
"2023-08-25 11:43",14.2,14.28,14.2,14.21,0.03,+0.21%,0
"2023-08-25 11:44",14.21,14.26,14.21,14.24,0.03,+0.21%,0
"2023-08-25 11:45",14.15,14.22,14.15,14.22,-0.02,-0.14%,0
"2023-08-25 11:46",14.22,14.24,14.22,14.24,0.02,+0.14%,0
"2023-08-25 11:47",14.31,14.33,14.2,14.2,-0.04,-0.28%,0
"2023-08-25 11:48",14.17,14.19,14.13,14.19,-0.01,-0.07%,0
"2023-08-25 11:49",14.21,14.26,14.21,14.23,0.04,+0.28%,0
"2023-08-25 11:50",14.22,14.31,14.22,14.31,0.08,+0.56%,0
"2023-08-25 11:51",14.37,14.37,14.24,14.24,-0.07,-0.49%,0
"2023-08-25 11:52",14.21,14.25,14.16,14.25,0.01,+0.07%,0
"2023-08-25 11:53",14.32,14.4,14.32,14.4,0.15,+1.05%,0
"2023-08-25 11:54",14.4,14.4,14.33,14.33,-0.07,-0.49%,0
"2023-08-25 11:55",14.3,14.43,14.3,14.43,0.1,+0.70%,0
"2023-08-25 11:56",14.47,14.47,14.43,14.45,0.02,+0.14%,0
"2023-08-25 11:57",14.49,14.65,14.49,14.65,0.2,+1.38%,0
"2023-08-25 11:58",14.68,14.68,14.5,14.5,-0.15,-1.02%,0
"2023-08-25 11:59",14.51,14.51,14.47,14.49,-0.01,-0.07%,0
"2023-08-25 12:00",14.47,14.47,14.32,14.32,-0.17,-1.17%,0
"2023-08-25 12:01",14.29,14.29,14.24,14.24,-0.08,-0.56%,0
"2023-08-25 12:02",14.22,14.24,14.21,14.24,0,0.00%,0
"2023-08-25 12:03",14.24,14.34,14.23,14.34,0.1,+0.70%,0
"2023-08-25 12:04",14.38,14.38,14.3,14.3,-0.04,-0.28%,0
"2023-08-25 12:05",14.28,14.28,14.2,14.2,-0.1,-0.70%,0
"2023-08-25 12:06",14.24,14.33,14.24,14.33,0.13,+0.92%,0
"2023-08-25 12:07",14.28,14.28,14.24,14.24,-0.09,-0.63%,0
"2023-08-25 12:08",14.23,14.23,14.17,14.17,-0.07,-0.49%,0
"2023-08-25 12:09",14.19,14.25,14.19,14.22,0.05,+0.35%,0
"2023-08-25 12:10",14.22,14.3,14.18,14.3,0.08,+0.56%,0
"2023-08-25 12:11",14.31,14.33,14.3,14.33,0.03,+0.21%,0
"2023-08-25 12:12",14.29,14.29,14.19,14.19,-0.14,-0.98%,0
"2023-08-25 12:13",14.13,14.19,14.13,14.16,-0.03,-0.21%,0
"2023-08-25 12:14",14.13,14.2,14.13,14.2,0.04,+0.28%,0
"2023-08-25 12:15",14.18,14.18,14.11,14.11,-0.09,-0.63%,0
"2023-08-25 12:16",14.12,14.16,14.12,14.12,0.01,+0.07%,0
"2023-08-25 12:17",14.12,14.12,14.11,14.12,0,0.00%,0
"2023-08-25 12:18",14.19,14.35,14.19,14.35,0.23,+1.63%,0
"2023-08-25 12:19",14.38,14.38,14.31,14.32,-0.03,-0.21%,0
"2023-08-25 12:20",14.23,14.34,14.23,14.34,0.02,+0.14%,0
"2023-08-25 12:21",14.33,14.33,14.28,14.28,-0.06,-0.42%,0
"2023-08-25 12:22",14.23,14.23,14.19,14.19,-0.09,-0.63%,0
"2023-08-25 12:23",14.15,14.23,14.15,14.22,0.03,+0.21%,0
"2023-08-25 12:24",14.21,14.22,14.16,14.16,-0.06,-0.42%,0
"2023-08-25 12:25",14.13,14.17,14.11,14.11,-0.05,-0.35%,0
"2023-08-25 12:26",14.08,14.12,14.08,14.09,-0.02,-0.14%,0
"2023-08-25 12:27",14.14,14.14,14.07,14.07,-0.02,-0.14%,0
"2023-08-25 12:28",14.1,14.1,14.08,14.08,0.01,+0.07%,0
"2023-08-25 12:29",14.07,14.09,14.07,14.08,0,0.00%,0
"2023-08-25 12:30",14.07,14.09,14.05,14.09,0.01,+0.07%,0
"2023-08-25 12:31",14.02,14.02,14.01,14.01,-0.08,-0.57%,0
"2023-08-25 12:32",14.02,14.02,13.98,13.98,-0.03,-0.21%,0
"2023-08-25 12:33",13.97,14.01,13.97,14.01,0.03,+0.21%,0
"2023-08-25 12:34",14.01,14.08,14.01,14.07,0.06,+0.43%,0
"2023-08-25 12:35",14.06,14.11,14.02,14.11,0.04,+0.28%,0
"2023-08-25 12:36",14.08,14.08,14.03,14.03,-0.08,-0.57%,0
"2023-08-25 12:37",14.02,14.08,14.02,14.08,0.05,+0.36%,0
"2023-08-25 12:38",14.07,14.07,14.05,14.05,-0.03,-0.21%,0
"2023-08-25 12:39",14.03,14.09,14.03,14.09,0.04,+0.28%,0
"2023-08-25 12:40",14.08,14.11,14.06,14.06,-0.03,-0.21%,0
"2023-08-25 12:41",14.01,14.12,14.01,14.12,0.06,+0.43%,0
"2023-08-25 12:42",14.13,14.17,14.12,14.12,0,0.00%,0
"2023-08-25 12:43",14.12,14.18,14.12,14.18,0.06,+0.42%,0
"2023-08-25 12:44",14.2,14.24,14.2,14.24,0.06,+0.42%,0
"2023-08-25 12:45",14.23,14.29,14.23,14.25,0.01,+0.07%,0
"2023-08-25 12:46",14.23,14.25,14.22,14.22,-0.03,-0.21%,0
"2023-08-25 12:47",14.16,14.21,14.16,14.21,-0.01,-0.07%,0
"2023-08-25 12:48",14.22,14.25,14.21,14.21,0,0.00%,0
"2023-08-25 12:49",14.23,14.26,14.21,14.26,0.05,+0.35%,0
"2023-08-25 12:50",14.22,14.26,14.2,14.26,0,0.00%,0
"2023-08-25 12:51",14.25,14.32,14.25,14.32,0.06,+0.42%,0
"2023-08-25 12:52",14.34,14.38,14.3,14.34,0.02,+0.14%,0
"2023-08-25 12:53",14.39,14.46,14.39,14.46,0.12,+0.84%,0
"2023-08-25 12:54",14.52,14.59,14.52,14.59,0.13,+0.90%,0
"2023-08-25 12:55",14.58,14.6,14.56,14.56,-0.03,-0.21%,0
"2023-08-25 12:56",14.52,14.55,14.48,14.55,-0.01,-0.07%,0
"2023-08-25 12:57",14.49,14.49,14.37,14.37,-0.18,-1.24%,0
"2023-08-25 12:58",14.32,14.35,14.31,14.31,-0.06,-0.42%,0
"2023-08-25 12:59",14.31,14.32,14.3,14.3,-0.01,-0.07%,0
"2023-08-25 13:00",14.29,14.32,14.29,14.3,0,0.00%,0
"2023-08-25 13:01",14.29,14.29,14.25,14.28,-0.02,-0.14%,0
"2023-08-25 13:02",14.27,14.27,14.22,14.22,-0.06,-0.42%,0
"2023-08-25 13:03",14.25,14.26,14.25,14.26,0.04,+0.28%,0
"2023-08-25 13:04",14.29,14.29,14.27,14.27,0.01,+0.07%,0
"2023-08-25 13:05",14.31,14.37,14.31,14.37,0.1,+0.70%,0
"2023-08-25 13:06",14.38,14.4,14.36,14.38,0.01,+0.07%,0
"2023-08-25 13:07",14.37,14.39,14.32,14.32,-0.06,-0.42%,0
"2023-08-25 13:08",14.28,14.28,14.25,14.25,-0.07,-0.49%,0
"2023-08-25 13:09",14.25,14.3,14.25,14.3,0.05,+0.35%,0
"2023-08-25 13:10",14.34,14.47,14.34,14.47,0.17,+1.19%,0
"2023-08-25 13:11",14.49,14.51,14.45,14.45,-0.02,-0.14%,0
"2023-08-25 13:12",14.49,14.5,14.38,14.38,-0.07,-0.48%,0
"2023-08-25 13:13",14.36,14.42,14.36,14.4,0.02,+0.14%,0
"2023-08-25 13:14",14.41,14.41,14.25,14.25,-0.15,-1.04%,0
"2023-08-25 13:15",14.27,14.29,14.24,14.29,0.04,+0.28%,0
"2023-08-25 13:16",14.29,14.44,14.29,14.44,0.15,+1.05%,0
"2023-08-25 13:17",14.5,14.56,14.5,14.56,0.12,+0.83%,0
"2023-08-25 13:18",14.62,14.63,14.62,14.63,0.07,+0.48%,0
"2023-08-25 13:19",14.65,14.7,14.65,14.65,0.02,+0.14%,0
"2023-08-25 13:20",14.58,14.78,14.58,14.78,0.13,+0.89%,0
"2023-08-25 13:21",14.82,14.82,14.7,14.7,-0.08,-0.54%,0
"2023-08-25 13:22",14.75,14.82,14.75,14.81,0.11,+0.75%,0
"2023-08-25 13:23",14.73,14.75,14.73,14.75,-0.06,-0.41%,0
"2023-08-25 13:24",14.8,14.97,14.8,14.95,0.2,+1.36%,0
"2023-08-25 13:25",14.95,14.96,14.89,14.91,-0.04,-0.27%,0
"2023-08-25 13:26",14.9,14.98,14.9,14.98,0.07,+0.47%,0
"2023-08-25 13:27",14.98,14.99,14.94,14.94,-0.04,-0.27%,0
"2023-08-25 13:28",14.88,14.89,14.84,14.87,-0.07,-0.47%,0
"2023-08-25 13:29",14.86,14.9,14.81,14.81,-0.06,-0.40%,0
"2023-08-25 13:30",14.78,14.87,14.78,14.87,0.06,+0.41%,0
"2023-08-25 13:31",14.87,14.98,14.87,14.98,0.11,+0.74%,0
"2023-08-25 13:32",15.02,15.23,15.02,15.23,0.25,+1.67%,0
"2023-08-25 13:33",15.16,15.16,15.03,15.03,-0.2,-1.31%,0
"2023-08-25 13:34",15,15.07,15,15.07,0.04,+0.27%,0
"2023-08-25 13:35",15.07,15.09,15.07,15.07,0,0.00%,0
"2023-08-25 13:36",15.11,15.12,15.11,15.12,0.05,+0.33%,0
"2023-08-25 13:37",14.99,15.09,14.99,15.07,-0.05,-0.33%,0
"2023-08-25 13:38",15.1,15.2,15.1,15.2,0.13,+0.86%,0
"2023-08-25 13:39",15.15,15.19,15.14,15.19,-0.01,-0.07%,0
"2023-08-25 13:40",15.26,15.27,15.22,15.22,0.03,+0.20%,0
"2023-08-25 13:41",15.19,15.19,15.16,15.16,-0.06,-0.39%,0
"2023-08-25 13:42",15.14,15.18,15.14,15.18,0.02,+0.13%,0
"2023-08-25 13:43",15.16,15.17,15.14,15.14,-0.04,-0.26%,0
"2023-08-25 13:44",15.13,15.13,15.1,15.12,-0.02,-0.13%,0
"2023-08-25 13:45",15.12,15.21,15.12,15.21,0.09,+0.60%,0
"2023-08-25 13:46",15.25,15.3,15.25,15.3,0.09,+0.59%,0
"2023-08-25 13:47",15.31,15.31,15.18,15.18,-0.12,-0.78%,0
"2023-08-25 13:48",15.17,15.22,15.17,15.2,0.02,+0.13%,0
"2023-08-25 13:49",15.19,15.21,15.19,15.19,-0.01,-0.07%,0
"2023-08-25 13:50",15.18,15.19,15.13,15.13,-0.06,-0.39%,0
"2023-08-25 13:51",15.09,15.12,15.09,15.12,-0.01,-0.07%,0
"2023-08-25 13:52",15.12,15.12,15.06,15.06,-0.06,-0.40%,0
"2023-08-25 13:53",15.03,15.07,15.03,15.07,0.01,+0.07%,0
"2023-08-25 13:54",15.03,15.03,15.03,15.03,-0.04,-0.27%,0
"2023-08-25 13:55",15.01,15.05,15,15.05,0.02,+0.13%,0
"2023-08-25 13:56",15.06,15.09,15.06,15.08,0.03,+0.20%,0
"2023-08-25 13:57",15.12,15.14,15.09,15.09,0.01,+0.07%,0
"2023-08-25 13:58",15.09,15.09,15.08,15.08,-0.01,-0.07%,0
"2023-08-25 13:59",15.07,15.1,15.07,15.1,0.02,+0.13%,0
"2023-08-25 14:00",15.06,15.08,15.02,15.02,-0.08,-0.53%,0
"2023-08-25 14:01",14.97,15.02,14.97,15.02,0,0.00%,0
"2023-08-25 14:02",15.06,15.1,15.06,15.1,0.08,+0.53%,0
"2023-08-25 14:03",15.12,15.12,15.08,15.08,-0.02,-0.13%,0
"2023-08-25 14:04",15.09,15.13,15.09,15.09,0.01,+0.07%,0
"2023-08-25 14:05",15.08,15.08,15.02,15.02,-0.07,-0.46%,0
"2023-08-25 14:06",15.03,15.05,15.03,15.04,0.02,+0.13%,0
"2023-08-25 14:07",15.04,15.08,15.04,15.08,0.04,+0.27%,0
"2023-08-25 14:08",15.08,15.08,15.06,15.06,-0.02,-0.13%,0
"2023-08-25 14:09",15.06,15.11,15.06,15.11,0.05,+0.33%,0
"2023-08-25 14:10",15.1,15.19,15.1,15.16,0.05,+0.33%,0
"2023-08-25 14:11",15.13,15.13,15.07,15.1,-0.06,-0.40%,0
"2023-08-25 14:12",15.11,15.11,15.07,15.07,-0.03,-0.20%,0
"2023-08-25 14:13",15.07,15.09,15.06,15.06,-0.01,-0.07%,0
"2023-08-25 14:14",15.03,15.07,15.03,15.03,-0.03,-0.20%,0
"2023-08-25 14:15",14.99,15,14.95,14.95,-0.08,-0.53%,0
"2023-08-25 14:16",14.9,15.03,14.9,15.03,0.08,+0.54%,0
"2023-08-25 14:17",15.06,15.06,14.99,14.99,-0.04,-0.27%,0
"2023-08-25 14:18",14.99,15,14.94,14.94,-0.05,-0.33%,0
"2023-08-25 14:19",14.9,14.99,14.88,14.88,-0.06,-0.40%,0
"2023-08-25 14:20",14.87,14.9,14.8,14.9,0.02,+0.13%,0
"2023-08-25 14:21",14.89,14.94,14.83,14.83,-0.07,-0.47%,0
"2023-08-25 14:22",14.92,14.92,14.88,14.89,0.06,+0.40%,0
"2023-08-25 14:23",14.9,14.91,14.88,14.88,-0.01,-0.07%,0
"2023-08-25 14:24",14.92,14.95,14.89,14.95,0.07,+0.47%,0
"2023-08-25 14:25",14.96,14.96,14.93,14.93,-0.02,-0.13%,0
"2023-08-25 14:26",14.97,14.97,14.91,14.97,0.04,+0.27%,0
"2023-08-25 14:27",15,15.03,14.98,14.98,0.01,+0.07%,0
"2023-08-25 14:28",14.99,15.01,14.99,15.01,0.03,+0.20%,0
"2023-08-25 14:29",15.02,15.06,15.01,15.06,0.05,+0.33%,0
"2023-08-25 14:30",15.05,15.07,15.04,15.04,-0.02,-0.13%,0
"2023-08-25 14:31",15.03,15.03,15.03,15.03,-0.01,-0.07%,0
"2023-08-25 14:32",15.05,15.05,15.02,15.04,0.01,+0.07%,0
"2023-08-25 14:33",14.98,15.01,14.96,14.96,-0.08,-0.53%,0
"2023-08-25 14:34",14.88,14.9,14.88,14.9,-0.06,-0.40%,0
"2023-08-25 14:35",14.92,14.92,14.92,14.92,0.02,+0.13%,0
"2023-08-25 14:36",14.9,14.94,14.9,14.93,0.01,+0.07%,0
"2023-08-25 14:37",14.9,14.95,14.9,14.94,0.01,+0.07%,0
"2023-08-25 14:38",14.89,14.94,14.89,14.94,0,0.00%,0
"2023-08-25 14:39",14.98,15.09,14.98,15.09,0.15,+1.00%,0
"2023-08-25 14:40",15.06,15.06,14.96,14.97,-0.12,-0.80%,0
"2023-08-25 14:41",14.99,14.99,14.96,14.98,0.01,+0.07%,0
"2023-08-25 14:42",14.96,14.99,14.96,14.99,0.01,+0.07%,0
"2023-08-25 14:43",15.02,15.05,15.02,15.04,0.05,+0.33%,0
"2023-08-25 14:44",14.99,15.04,14.99,15.04,0,0.00%,0
"2023-08-25 14:45",14.99,15.03,14.99,15.02,-0.02,-0.13%,0
"2023-08-25 14:46",15.08,15.11,15.05,15.05,0.03,+0.20%,0
"2023-08-25 14:47",15.02,15.02,14.96,14.97,-0.08,-0.53%,0
"2023-08-25 14:48",14.98,15,14.88,14.88,-0.09,-0.60%,0
"2023-08-25 14:49",14.83,14.87,14.83,14.86,-0.02,-0.13%,0
"2023-08-25 14:50",14.84,14.84,14.64,14.64,-0.22,-1.48%,0
"2023-08-25 14:51",14.6,14.65,14.6,14.64,0,0.00%,0
"2023-08-25 14:52",14.62,14.66,14.61,14.62,-0.02,-0.14%,0
"2023-08-25 14:53",14.6,14.64,14.6,14.64,0.02,+0.14%,0
"2023-08-25 14:54",14.61,14.61,14.58,14.59,-0.05,-0.34%,0
"2023-08-25 14:55",14.56,14.59,14.56,14.59,0,0.00%,0
"2023-08-25 14:56",14.57,14.59,14.57,14.58,-0.01,-0.07%,0
"2023-08-25 14:57",14.56,14.61,14.56,14.58,0,0.00%,0
"2023-08-25 14:58",14.57,14.6,14.57,14.58,0,0.00%,0
"2023-08-25 14:59",14.57,14.57,14.52,14.52,-0.06,-0.41%,0
"2023-08-25 15:00",14.52,14.52,14.48,14.5,-0.02,-0.14%,0
"2023-08-25 15:01",14.51,14.52,14.45,14.45,-0.05,-0.34%,0
"2023-08-25 15:02",14.36,14.41,14.36,14.41,-0.04,-0.28%,0
"2023-08-25 15:03",14.43,14.47,14.39,14.4,-0.01,-0.07%,0
"2023-08-25 15:04",14.42,14.44,14.39,14.39,-0.01,-0.07%,0
"2023-08-25 15:05",14.38,14.4,14.37,14.37,-0.02,-0.14%,0
"2023-08-25 15:06",14.41,14.53,14.41,14.53,0.16,+1.11%,0
"2023-08-25 15:07",14.55,14.56,14.55,14.55,0.02,+0.14%,0
"2023-08-25 15:08",14.54,14.55,14.53,14.53,-0.02,-0.14%,0
"2023-08-25 15:09",14.49,14.49,14.45,14.46,-0.07,-0.48%,0
"2023-08-25 15:10",14.47,14.48,14.46,14.47,0.01,+0.07%,0
"2023-08-25 15:11",14.46,14.48,14.46,14.47,0,0.00%,0
"2023-08-25 15:12",14.49,14.53,14.48,14.53,0.06,+0.41%,0
"2023-08-25 15:13",14.51,14.54,14.5,14.5,-0.03,-0.21%,0
"2023-08-25 15:14",14.49,14.55,14.48,14.55,0.05,+0.34%,0
"2023-08-25 15:15",14.53,14.53,14.41,14.41,-0.14,-0.96%,0
"2023-08-25 15:16",14.38,14.38,14.32,14.32,-0.09,-0.62%,0
"2023-08-25 15:17",14.34,14.37,14.34,14.34,0.02,+0.14%,0
"2023-08-25 15:18",14.36,14.36,14.35,14.36,0.02,+0.14%,0
"2023-08-25 15:19",14.34,14.39,14.34,14.37,0.01,+0.07%,0
"2023-08-25 15:20",14.38,14.4,14.37,14.37,0,0.00%,0
"2023-08-25 15:21",14.35,14.43,14.35,14.4,0.03,+0.21%,0
"2023-08-25 15:22",14.42,14.43,14.41,14.41,0.01,+0.07%,0
"2023-08-25 15:23",14.4,14.4,14.34,14.34,-0.07,-0.49%,0
"2023-08-25 15:24",14.33,14.36,14.33,14.35,0.01,+0.07%,0
"2023-08-25 15:25",14.36,14.36,14.35,14.35,0,0.00%,0
"2023-08-25 15:26",14.36,14.42,14.36,14.42,0.07,+0.49%,0
"2023-08-25 15:27",14.4,14.45,14.4,14.42,0,0.00%,0
"2023-08-25 15:28",14.44,14.5,14.44,14.49,0.07,+0.49%,0
"2023-08-25 15:29",14.49,14.5,14.47,14.47,-0.02,-0.14%,0
"2023-08-25 15:30",14.48,14.5,14.48,14.5,0.03,+0.21%,0
"2023-08-25 15:31",14.44,14.44,14.43,14.44,-0.06,-0.41%,0
"2023-08-25 15:32",14.43,14.45,14.43,14.45,0.01,+0.07%,0
"2023-08-25 15:33",14.42,14.46,14.42,14.46,0.01,+0.07%,0
"2023-08-25 15:34",14.47,14.53,14.47,14.52,0.06,+0.41%,0
"2023-08-25 15:35",14.55,14.57,14.55,14.56,0.04,+0.28%,0
"2023-08-25 15:36",14.56,14.66,14.56,14.66,0.1,+0.69%,0
"2023-08-25 15:37",14.7,14.78,14.7,14.78,0.12,+0.82%,0
"2023-08-25 15:38",14.73,14.73,14.67,14.67,-0.11,-0.74%,0
"2023-08-25 15:39",14.65,14.69,14.65,14.66,-0.01,-0.07%,0
"2023-08-25 15:40",14.63,14.67,14.63,14.66,0,0.00%,0
"2023-08-25 15:41",14.63,14.75,14.63,14.68,0.02,+0.14%,0
"2023-08-25 15:42",14.61,14.62,14.61,14.61,-0.07,-0.48%,0
"2023-08-25 15:43",14.57,14.57,14.47,14.47,-0.14,-0.96%,0
"2023-08-25 15:44",14.45,14.48,14.44,14.44,-0.03,-0.21%,0
"2023-08-25 15:45",14.43,14.45,14.43,14.45,0.01,+0.07%,0
"2023-08-25 15:46",14.45,14.47,14.45,14.46,0.01,+0.07%,0
"2023-08-25 15:47",14.46,14.51,14.46,14.51,0.05,+0.35%,0
"2023-08-25 15:48",14.48,14.48,14.45,14.45,-0.06,-0.41%,0
"2023-08-25 15:49",14.44,14.54,14.44,14.54,0.09,+0.62%,0
"2023-08-25 15:50",14.54,14.55,14.5,14.5,-0.04,-0.28%,0
"2023-08-25 15:51",14.51,14.56,14.51,14.56,0.06,+0.41%,0
"2023-08-25 15:52",14.55,14.55,14.43,14.43,-0.13,-0.89%,0
"2023-08-25 15:53",14.45,14.52,14.45,14.5,0.07,+0.49%,0
"2023-08-25 15:54",14.49,14.55,14.46,14.46,-0.04,-0.28%,0
"2023-08-25 15:55",14.52,14.52,14.39,14.39,-0.07,-0.48%,0
"2023-08-25 15:56",14.38,14.44,14.38,14.38,-0.01,-0.07%,0
"2023-08-25 15:57",14.36,14.36,14.32,14.32,-0.06,-0.42%,0
"2023-08-25 15:58",14.31,14.35,14.31,14.35,0.03,+0.21%,0
"2023-08-25 15:59",14.34,14.34,14.23,14.23,-0.12,-0.84%,0
"2023-08-25 16:00",14.15,14.15,14.01,14.02,-0.21,-1.48%,0
"2023-08-25 16:01",13.99,14.12,13.99,14.09,0.07,+0.50%,0
"2023-08-25 16:02",14.09,14.13,14.09,14.13,0.04,+0.28%,0
"2023-08-25 16:03",14.12,14.12,14.1,14.1,-0.03,-0.21%,0
"2023-08-25 16:04",14.09,14.09,13.99,13.99,-0.11,-0.78%,0
"2023-08-25 16:05",13.97,13.97,13.96,13.96,-0.03,-0.21%,0
"2023-08-25 16:06",14.02,14.04,14.02,14.02,0.06,+0.43%,0
"2023-08-25 16:07",14.03,14.03,13.96,14.01,-0.01,-0.07%,0
"2023-08-25 16:08",13.98,13.98,13.85,13.93,-0.08,-0.57%,0
"2023-08-25 16:09",13.85,13.94,13.85,13.92,-0.01,-0.07%,0
"2023-08-25 16:10",13.92,14,13.92,14,0.08,+0.57%,0
"2023-08-25 16:11",14.04,14.04,13.99,13.99,-0.01,-0.07%,0
"2023-08-25 16:12",13.9,13.92,13.89,13.89,-0.1,-0.71%,0
"2023-08-25 16:13",13.97,14.01,13.97,13.98,0.09,+0.65%,0
"2023-08-25 16:14",13.98,14.02,13.98,13.98,0,0.00%,0
"2023-08-25 16:15",13.96,13.96,13.96,13.96,-0.02,-0.14%,0
"2023-08-28 09:31",9.82,9.86,9.82,9.86,-4.1,-29.37%,0
"2023-08-28 09:32",9.84,9.84,9.76,9.76,-0.1,-1.01%,0
"2023-08-28 09:33",9.82,9.92,9.79,9.92,0.16,+1.64%,0
"2023-08-28 09:34",9.97,10.03,9.9,9.9,-0.02,-0.20%,0
"2023-08-28 09:35",9.93,9.93,9.82,9.86,-0.04,-0.40%,0
"2023-08-28 09:36",9.86,9.86,9.78,9.78,-0.08,-0.81%,0
"2023-08-28 09:37",9.84,9.99,9.84,9.99,0.21,+2.15%,0
"2023-08-28 09:38",10.02,10.16,10.02,10.16,0.17,+1.70%,0
"2023-08-28 09:39",10.13,10.23,10.13,10.23,0.07,+0.69%,0
"2023-08-28 09:40",10.23,10.25,10.18,10.18,-0.05,-0.49%,0
"2023-08-28 09:41",10.13,10.29,10.13,10.29,0.11,+1.08%,0
"2023-08-28 09:42",10.28,10.41,10.28,10.41,0.12,+1.17%,0
"2023-08-28 09:43",10.41,10.41,10.32,10.33,-0.08,-0.77%,0
"2023-08-28 09:44",10.31,10.31,10.24,10.27,-0.06,-0.58%,0
"2023-08-28 09:45",10.3,10.35,10.27,10.35,0.08,+0.78%,0
"2023-08-28 09:46",10.34,10.37,10.34,10.35,0,0.00%,0
"2023-08-28 09:47",10.34,10.34,10.22,10.25,-0.1,-0.97%,0
"2023-08-28 09:48",10.29,10.41,10.29,10.41,0.16,+1.56%,0
"2023-08-28 09:49",10.43,10.53,10.36,10.36,-0.05,-0.48%,0
"2023-08-28 09:50",10.28,10.33,10.28,10.32,-0.04,-0.39%,0
"2023-08-28 09:51",10.31,10.46,10.31,10.46,0.14,+1.36%,0
"2023-08-28 09:52",10.48,10.76,10.48,10.76,0.3,+2.87%,0
"2023-08-28 09:53",10.65,10.65,10.51,10.51,-0.25,-2.32%,0
"2023-08-28 09:54",10.51,10.51,10.37,10.42,-0.09,-0.86%,0
"2023-08-28 09:55",10.37,10.43,10.37,10.38,-0.04,-0.38%,0
"2023-08-28 09:56",10.33,10.36,10.33,10.36,-0.02,-0.19%,0
"2023-08-28 09:57",10.34,10.45,10.34,10.45,0.09,+0.87%,0
"2023-08-28 09:58",10.38,10.38,10.33,10.33,-0.12,-1.15%,0
"2023-08-28 09:59",10.32,10.33,10.31,10.31,-0.02,-0.19%,0
"2023-08-28 10:00",10.32,10.32,10.23,10.25,-0.06,-0.58%,0
"2023-08-28 10:01",10.29,10.4,10.29,10.4,0.15,+1.46%,0
"2023-08-28 10:02",10.39,10.39,10.32,10.32,-0.08,-0.77%,0
"2023-08-28 10:03",10.33,10.46,10.33,10.46,0.14,+1.36%,0
"2023-08-28 10:04",10.53,10.55,10.4,10.4,-0.06,-0.57%,0
"2023-08-28 10:05",10.34,10.4,10.34,10.4,0,0.00%,0
"2023-08-28 10:06",10.4,10.54,10.4,10.49,0.09,+0.87%,0
"2023-08-28 10:07",10.43,10.45,10.4,10.45,-0.04,-0.38%,0
"2023-08-28 10:08",10.44,10.44,10.37,10.42,-0.03,-0.29%,0
"2023-08-28 10:09",10.39,10.41,10.36,10.36,-0.06,-0.58%,0
"2023-08-28 10:10",10.37,10.37,10.34,10.36,0,0.00%,0
"2023-08-28 10:11",10.4,10.42,10.38,10.42,0.06,+0.58%,0
"2023-08-28 10:12",10.39,10.53,10.39,10.53,0.11,+1.06%,0
"2023-08-28 10:13",10.48,10.48,10.44,10.44,-0.09,-0.85%,0
"2023-08-28 10:14",10.46,10.54,10.37,10.37,-0.07,-0.67%,0
"2023-08-28 10:15",10.35,10.39,10.19,10.19,-0.18,-1.74%,0
"2023-08-28 10:16",10.26,10.33,10.26,10.3,0.11,+1.08%,0
"2023-08-28 10:17",10.31,10.34,10.3,10.3,0,0.00%,0
"2023-08-28 10:18",10.24,10.28,10.23,10.23,-0.07,-0.68%,0
"2023-08-28 10:19",10.21,10.24,10.2,10.2,-0.03,-0.29%,0
"2023-08-28 10:20",10.18,10.19,10.17,10.17,-0.03,-0.29%,0
"2023-08-28 10:21",10.17,10.17,10.11,10.11,-0.06,-0.59%,0
"2023-08-28 10:22",10.12,10.16,10.12,10.13,0.02,+0.20%,0
"2023-08-28 10:23",10.14,10.14,10.1,10.13,0,0.00%,0
"2023-08-28 10:24",10.12,10.12,9.98,9.98,-0.15,-1.48%,0
"2023-08-28 10:25",9.97,9.98,9.95,9.95,-0.03,-0.30%,0
"2023-08-28 10:26",9.96,9.99,9.94,9.99,0.04,+0.40%,0
"2023-08-28 10:27",9.99,10.01,9.99,10.01,0.02,+0.20%,0
"2023-08-28 10:28",9.99,10.02,9.99,10.01,0,0.00%,0
"2023-08-28 10:29",10.01,10.01,10,10,-0.01,-0.10%,0
"2023-08-28 10:30",9.97,9.98,9.96,9.98,-0.02,-0.20%,0
"2023-08-28 10:31",9.94,10.03,9.94,10,0.02,+0.20%,0
"2023-08-28 10:32",9.95,9.98,9.95,9.96,-0.04,-0.40%,0
"2023-08-28 10:33",9.94,9.99,9.94,9.96,0,0.00%,0
"2023-08-28 10:34",9.94,9.97,9.94,9.96,0,0.00%,0
"2023-08-28 10:35",10.02,10.04,10.02,10.03,0.07,+0.70%,0
"2023-08-28 10:36",10.03,10.06,10.03,10.03,0,0.00%,0
"2023-08-28 10:37",10.01,10.05,10.01,10.02,-0.01,-0.10%,0
"2023-08-28 10:38",10.03,10.08,10.03,10.06,0.04,+0.40%,0
"2023-08-28 10:39",10.11,10.11,10.09,10.11,0.05,+0.50%,0
"2023-08-28 10:40",10.23,10.37,10.23,10.37,0.26,+2.57%,0
"2023-08-28 10:41",10.17,10.33,10.17,10.33,-0.04,-0.39%,0
"2023-08-28 10:42",10.33,10.33,10.28,10.3,-0.03,-0.29%,0
"2023-08-28 10:43",10.3,10.39,10.3,10.39,0.09,+0.87%,0
"2023-08-28 10:44",10.46,10.46,10.29,10.29,-0.1,-0.96%,0
"2023-08-28 10:45",10.29,10.42,10.29,10.42,0.13,+1.26%,0
"2023-08-28 10:46",10.36,10.36,10.29,10.33,-0.09,-0.86%,0
"2023-08-28 10:47",10.33,10.33,10.21,10.21,-0.12,-1.16%,0
"2023-08-28 10:48",10.22,10.29,10.22,10.29,0.08,+0.78%,0
"2023-08-28 10:49",10.34,10.39,10.34,10.39,0.1,+0.97%,0
"2023-08-28 10:50",10.34,10.35,10.25,10.25,-0.14,-1.35%,0
"2023-08-28 10:51",10.28,10.34,10.28,10.34,0.09,+0.88%,0
"2023-08-28 10:52",10.34,10.34,10.27,10.28,-0.06,-0.58%,0
"2023-08-28 10:53",10.28,10.36,10.28,10.36,0.08,+0.78%,0
"2023-08-28 10:54",10.45,10.45,10.26,10.36,0,0.00%,0
"2023-08-28 10:55",10.37,10.47,10.37,10.47,0.11,+1.06%,0
"2023-08-28 10:56",10.44,10.47,10.44,10.47,0,0.00%,0
"2023-08-28 10:57",10.43,10.46,10.35,10.35,-0.12,-1.15%,0
"2023-08-28 10:58",10.33,10.33,10.2,10.26,-0.09,-0.87%,0
"2023-08-28 10:59",10.31,10.33,10.31,10.31,0.05,+0.49%,0
"2023-08-28 11:00",10.27,10.29,10.27,10.27,-0.04,-0.39%,0
"2023-08-28 11:01",10.29,10.41,10.29,10.41,0.14,+1.36%,0
"2023-08-28 11:02",10.4,10.47,10.4,10.41,0,0.00%,0
"2023-08-28 11:03",10.34,10.34,10.31,10.34,-0.07,-0.67%,0
"2023-08-28 11:04",10.31,10.46,10.31,10.46,0.12,+1.16%,0
"2023-08-28 11:05",10.41,10.51,10.41,10.51,0.05,+0.48%,0
"2023-08-28 11:06",10.56,10.6,10.56,10.6,0.09,+0.86%,0
"2023-08-28 11:07",10.6,10.6,10.55,10.55,-0.05,-0.47%,0
"2023-08-28 11:08",10.62,10.62,10.48,10.49,-0.06,-0.57%,0
"2023-08-28 11:09",10.5,10.55,10.43,10.43,-0.06,-0.57%,0
"2023-08-28 11:10",10.4,10.58,10.4,10.58,0.15,+1.44%,0
"2023-08-28 11:11",10.61,10.61,10.52,10.52,-0.06,-0.57%,0
"2023-08-28 11:12",10.49,10.53,10.49,10.51,-0.01,-0.10%,0
"2023-08-28 11:13",10.52,10.54,10.52,10.52,0.01,+0.10%,0
"2023-08-28 11:14",10.51,10.51,10.51,10.51,-0.01,-0.10%,0
"2023-08-28 11:15",10.5,10.52,10.48,10.48,-0.03,-0.29%,0
"2023-08-28 11:16",10.45,10.48,10.45,10.47,-0.01,-0.10%,0
"2023-08-28 11:17",10.46,10.49,10.44,10.49,0.02,+0.19%,0
"2023-08-28 11:18",10.51,10.56,10.51,10.51,0.02,+0.19%,0
"2023-08-28 11:19",10.5,10.53,10.5,10.53,0.02,+0.19%,0
"2023-08-28 11:20",10.53,10.53,10.51,10.51,-0.02,-0.19%,0
"2023-08-28 11:21",10.55,10.57,10.53,10.53,0.02,+0.19%,0
"2023-08-28 11:22",10.48,10.55,10.48,10.55,0.02,+0.19%,0
"2023-08-28 11:23",10.5,10.51,10.46,10.46,-0.09,-0.85%,0
"2023-08-28 11:24",10.44,10.47,10.44,10.47,0.01,+0.10%,0
"2023-08-28 11:25",10.47,10.48,10.47,10.48,0.01,+0.10%,0
"2023-08-28 11:26",10.46,10.47,10.45,10.45,-0.03,-0.29%,0
"2023-08-28 11:27",10.42,10.44,10.39,10.39,-0.06,-0.57%,0
"2023-08-28 11:28",10.4,10.4,10.36,10.38,-0.01,-0.10%,0
"2023-08-28 11:29",10.47,10.53,10.47,10.5,0.12,+1.16%,0
"2023-08-28 11:30",10.46,10.46,10.3,10.3,-0.2,-1.90%,0
"2023-08-28 11:31",10.34,10.41,10.34,10.41,0.11,+1.07%,0
"2023-08-28 11:32",10.4,10.44,10.36,10.36,-0.05,-0.48%,0
"2023-08-28 11:33",10.36,10.38,10.36,10.38,0.02,+0.19%,0
"2023-08-28 11:34",10.43,10.43,10.38,10.38,0,0.00%,0
"2023-08-28 11:35",10.38,10.38,10.37,10.37,-0.01,-0.10%,0
"2023-08-28 11:36",10.36,10.37,10.28,10.28,-0.09,-0.87%,0
"2023-08-28 11:37",10.26,10.32,10.26,10.29,0.01,+0.10%,0
"2023-08-28 11:38",10.28,10.32,10.28,10.3,0.01,+0.10%,0
"2023-08-28 11:39",10.29,10.32,10.29,10.32,0.02,+0.19%,0
"2023-08-28 11:40",10.31,10.36,10.31,10.36,0.04,+0.39%,0
"2023-08-28 11:41",10.36,10.4,10.36,10.39,0.03,+0.29%,0
"2023-08-28 11:42",10.43,10.75,10.43,10.75,0.36,+3.46%,0
"2023-08-28 11:43",10.7,10.7,10.54,10.54,-0.21,-1.95%,0
"2023-08-28 11:44",10.61,10.63,10.58,10.63,0.09,+0.85%,0
"2023-08-28 11:45",10.63,10.68,10.63,10.67,0.04,+0.38%,0
"2023-08-28 11:46",10.66,10.78,10.66,10.78,0.11,+1.03%,0
"2023-08-28 11:47",10.74,10.76,10.67,10.67,-0.11,-1.02%,0
"2023-08-28 11:48",10.63,10.68,10.63,10.68,0.01,+0.09%,0
"2023-08-28 11:49",10.68,10.73,10.68,10.73,0.05,+0.47%,0
"2023-08-28 11:50",10.71,10.75,10.71,10.75,0.02,+0.19%,0
"2023-08-28 11:51",10.74,10.79,10.74,10.79,0.04,+0.37%,0
"2023-08-28 11:52",10.8,10.8,10.67,10.67,-0.12,-1.11%,0
"2023-08-28 11:53",10.66,10.71,10.66,10.7,0.03,+0.28%,0
"2023-08-28 11:54",10.68,10.69,10.68,10.69,-0.01,-0.09%,0
"2023-08-28 11:55",10.69,10.71,10.69,10.69,0,0.00%,0
"2023-08-28 11:56",10.68,10.69,10.68,10.68,-0.01,-0.09%,0
"2023-08-28 11:57",10.71,10.71,10.66,10.67,-0.01,-0.09%,0
"2023-08-28 11:58",10.64,10.66,10.54,10.54,-0.13,-1.22%,0
"2023-08-28 11:59",10.54,10.58,10.54,10.54,0,0.00%,0
"2023-08-28 12:00",10.53,10.61,10.53,10.61,0.07,+0.66%,0
"2023-08-28 12:01",10.57,10.58,10.57,10.58,-0.03,-0.28%,0
"2023-08-28 12:02",10.62,10.62,10.58,10.58,0,0.00%,0
"2023-08-28 12:03",10.61,10.62,10.6,10.6,0.02,+0.19%,0
"2023-08-28 12:04",10.61,10.65,10.61,10.65,0.05,+0.47%,0
"2023-08-28 12:05",10.63,10.63,10.56,10.58,-0.07,-0.66%,0
"2023-08-28 12:06",10.58,10.66,10.58,10.66,0.08,+0.76%,0
"2023-08-28 12:07",10.68,10.7,10.66,10.66,0,0.00%,0
"2023-08-28 12:08",10.7,10.71,10.7,10.7,0.04,+0.38%,0
"2023-08-28 12:09",10.69,10.69,10.67,10.69,-0.01,-0.09%,0
"2023-08-28 12:10",10.69,10.72,10.69,10.72,0.03,+0.28%,0
"2023-08-28 12:11",10.71,10.71,10.67,10.69,-0.03,-0.28%,0
"2023-08-28 12:12",10.68,10.7,10.6,10.6,-0.09,-0.84%,0
"2023-08-28 12:13",10.61,10.61,10.6,10.61,0.01,+0.09%,0
"2023-08-28 12:14",10.6,10.63,10.6,10.62,0.01,+0.09%,0
"2023-08-28 12:15",10.63,10.66,10.62,10.62,0,0.00%,0
"2023-08-28 12:16",10.62,10.71,10.62,10.71,0.09,+0.85%,0
"2023-08-28 12:17",10.69,10.73,10.69,10.73,0.02,+0.19%,0
"2023-08-28 12:18",10.73,10.73,10.67,10.67,-0.06,-0.56%,0
"2023-08-28 12:19",10.62,10.66,10.62,10.66,-0.01,-0.09%,0
"2023-08-28 12:20",10.68,10.86,10.68,10.86,0.2,+1.88%,0
"2023-08-28 12:21",10.85,10.91,10.85,10.91,0.05,+0.46%,0
"2023-08-28 12:22",10.88,10.88,10.87,10.87,-0.04,-0.37%,0
"2023-08-28 12:23",10.87,10.87,10.86,10.86,-0.01,-0.09%,0
"2023-08-28 12:24",10.87,10.88,10.87,10.88,0.02,+0.18%,0
"2023-08-28 12:25",10.85,10.87,10.83,10.87,-0.01,-0.09%,0
"2023-08-28 12:26",10.88,10.9,10.86,10.86,-0.01,-0.09%,0
"2023-08-28 12:27",10.85,10.86,10.85,10.85,-0.01,-0.09%,0
"2023-08-28 12:28",10.86,10.9,10.86,10.9,0.05,+0.46%,0
"2023-08-28 12:29",10.89,10.89,10.86,10.86,-0.04,-0.37%,0
"2023-08-28 12:30",10.87,10.9,10.87,10.89,0.03,+0.28%,0
"2023-08-28 12:31",10.89,10.95,10.89,10.95,0.06,+0.55%,0
"2023-08-28 12:32",10.95,10.95,10.9,10.9,-0.05,-0.46%,0
"2023-08-28 12:33",10.91,10.95,10.91,10.92,0.02,+0.18%,0
"2023-08-28 12:34",10.93,10.97,10.93,10.95,0.03,+0.27%,0
"2023-08-28 12:35",10.94,10.96,10.94,10.94,-0.01,-0.09%,0
"2023-08-28 12:36",10.93,10.96,10.93,10.93,-0.01,-0.09%,0
"2023-08-28 12:37",10.9,10.93,10.9,10.9,-0.03,-0.27%,0
"2023-08-28 12:38",10.88,10.92,10.88,10.91,0.01,+0.09%,0
"2023-08-28 12:39",10.89,10.89,10.85,10.85,-0.06,-0.55%,0
"2023-08-28 12:40",10.85,10.89,10.85,10.86,0.01,+0.09%,0
"2023-08-28 12:41",10.88,10.91,10.88,10.89,0.03,+0.28%,0
"2023-08-28 12:42",10.89,10.91,10.86,10.86,-0.03,-0.28%,0
"2023-08-28 12:43",10.81,10.81,10.76,10.77,-0.09,-0.83%,0
"2023-08-28 12:44",10.76,10.78,10.76,10.78,0.01,+0.09%,0
"2023-08-28 12:45",10.74,10.79,10.74,10.79,0.01,+0.09%,0
"2023-08-28 12:46",10.79,10.82,10.79,10.8,0.01,+0.09%,0
"2023-08-28 12:47",10.82,10.85,10.82,10.85,0.05,+0.46%,0
"2023-08-28 12:48",10.84,10.85,10.84,10.85,0,0.00%,0
"2023-08-28 12:49",10.84,10.86,10.83,10.83,-0.02,-0.18%,0
"2023-08-28 12:50",10.83,10.87,10.83,10.85,0.02,+0.18%,0
"2023-08-28 12:51",10.83,10.87,10.83,10.86,0.01,+0.09%,0
"2023-08-28 12:52",10.82,10.82,10.79,10.8,-0.06,-0.55%,0
"2023-08-28 12:53",10.78,10.81,10.78,10.8,0,0.00%,0
"2023-08-28 12:54",10.79,10.8,10.77,10.77,-0.03,-0.28%,0
"2023-08-28 12:55",10.75,10.77,10.75,10.77,0,0.00%,0
"2023-08-28 12:56",10.77,10.77,10.71,10.71,-0.06,-0.56%,0
"2023-08-28 12:57",10.7,10.71,10.69,10.69,-0.02,-0.19%,0
"2023-08-28 12:58",10.62,10.66,10.62,10.65,-0.04,-0.37%,0
"2023-08-28 12:59",10.6,10.7,10.6,10.7,0.05,+0.47%,0
"2023-08-28 13:00",10.69,10.69,10.66,10.66,-0.04,-0.37%,0
"2023-08-28 13:01",10.64,10.67,10.64,10.67,0.01,+0.09%,0
"2023-08-28 13:02",10.68,10.69,10.68,10.68,0.01,+0.09%,0
"2023-08-28 13:03",10.65,10.66,10.64,10.64,-0.04,-0.37%,0
"2023-08-28 13:04",10.64,10.66,10.64,10.64,0,0.00%,0
"2023-08-28 13:05",10.63,10.68,10.63,10.65,0.01,+0.09%,0
"2023-08-28 13:06",10.7,10.76,10.69,10.69,0.04,+0.38%,0
"2023-08-28 13:07",10.69,10.75,10.69,10.74,0.05,+0.47%,0
"2023-08-28 13:08",10.75,10.77,10.75,10.77,0.03,+0.28%,0
"2023-08-28 13:09",10.77,10.82,10.77,10.8,0.03,+0.28%,0
"2023-08-28 13:10",10.8,10.82,10.8,10.8,0,0.00%,0
"2023-08-28 13:11",10.78,10.82,10.78,10.82,0.02,+0.19%,0
"2023-08-28 13:12",10.83,10.87,10.83,10.87,0.05,+0.46%,0
"2023-08-28 13:13",10.87,10.89,10.87,10.89,0.02,+0.18%,0
"2023-08-28 13:14",10.88,10.9,10.87,10.89,0,0.00%,0
"2023-08-28 13:15",10.89,10.94,10.89,10.93,0.04,+0.37%,0
"2023-08-28 13:16",10.95,10.97,10.94,10.94,0.01,+0.09%,0
"2023-08-28 13:17",10.92,10.93,10.91,10.93,-0.01,-0.09%,0
"2023-08-28 13:18",10.92,10.93,10.92,10.92,-0.01,-0.09%,0
"2023-08-28 13:19",10.92,10.93,10.91,10.91,-0.01,-0.09%,0
"2023-08-28 13:20",10.9,10.9,10.86,10.9,-0.01,-0.09%,0
"2023-08-28 13:21",10.87,10.91,10.87,10.91,0.01,+0.09%,0
"2023-08-28 13:22",10.9,10.93,10.9,10.93,0.02,+0.18%,0
"2023-08-28 13:23",10.92,10.93,10.91,10.93,0,0.00%,0
"2023-08-28 13:24",10.92,10.95,10.92,10.95,0.02,+0.18%,0
"2023-08-28 13:25",10.94,10.95,10.94,10.95,0,0.00%,0
"2023-08-28 13:26",10.95,10.96,10.95,10.95,0,0.00%,0
"2023-08-28 13:27",10.95,10.98,10.95,10.98,0.03,+0.27%,0
"2023-08-28 13:28",10.96,10.97,10.96,10.96,-0.02,-0.18%,0
"2023-08-28 13:29",10.96,10.97,10.96,10.97,0.01,+0.09%,0
"2023-08-28 13:30",10.96,10.97,10.96,10.97,0,0.00%,0
"2023-08-28 13:31",10.96,10.98,10.96,10.97,0,0.00%,0
"2023-08-28 13:32",10.99,11.01,10.99,11,0.03,+0.27%,0
"2023-08-28 13:33",11.01,11.03,11.01,11.02,0.02,+0.18%,0
"2023-08-28 13:34",10.99,11.01,10.99,11.01,-0.01,-0.09%,0
"2023-08-28 13:35",11.02,11.03,11.02,11.03,0.02,+0.18%,0
"2023-08-28 13:36",11.02,11.12,11.02,11.12,0.09,+0.82%,0
"2023-08-28 13:37",11.14,11.15,11.08,11.1,-0.02,-0.18%,0
"2023-08-28 13:38",11.1,11.1,11.04,11.04,-0.06,-0.54%,0
"2023-08-28 13:39",11.05,11.09,11.05,11.09,0.05,+0.45%,0
"2023-08-28 13:40",11.1,11.12,11.09,11.09,0,0.00%,0
"2023-08-28 13:41",11.08,11.11,11.08,11.1,0.01,+0.09%,0
"2023-08-28 13:42",11.09,11.1,11.09,11.1,0,0.00%,0
"2023-08-28 13:43",11.11,11.12,11.11,11.12,0.02,+0.18%,0
"2023-08-28 13:44",11.16,11.16,11.13,11.13,0.01,+0.09%,0
"2023-08-28 13:45",11.14,11.18,11.14,11.16,0.03,+0.27%,0
"2023-08-28 13:46",11.15,11.17,11.13,11.13,-0.03,-0.27%,0
"2023-08-28 13:47",11.13,11.18,11.13,11.18,0.05,+0.45%,0
"2023-08-28 13:48",11.2,11.22,11.2,11.22,0.04,+0.36%,0
"2023-08-28 13:49",11.19,11.22,11.19,11.21,-0.01,-0.09%,0
"2023-08-28 13:50",11.21,11.27,11.21,11.26,0.05,+0.45%,0
"2023-08-28 13:51",11.25,11.27,11.19,11.19,-0.07,-0.62%,0
"2023-08-28 13:52",11.15,11.19,11.15,11.19,0,0.00%,0
"2023-08-28 13:53",11.19,11.26,11.19,11.26,0.07,+0.63%,0
"2023-08-28 13:54",11.25,11.5,11.25,11.5,0.24,+2.13%,0
"2023-08-28 13:55",11.52,11.83,11.52,11.77,0.27,+2.35%,0
"2023-08-28 13:56",11.78,11.78,11.65,11.65,-0.12,-1.02%,0
"2023-08-28 13:57",11.66,11.82,11.66,11.78,0.13,+1.12%,0
"2023-08-28 13:58",11.82,11.85,11.69,11.69,-0.09,-0.76%,0
"2023-08-28 13:59",11.65,11.68,11.65,11.66,-0.03,-0.26%,0
"2023-08-28 14:00",11.6,11.66,11.6,11.66,0,0.00%,0
"2023-08-28 14:01",11.66,11.69,11.64,11.64,-0.02,-0.17%,0
"2023-08-28 14:02",11.61,11.63,11.59,11.63,-0.01,-0.09%,0
"2023-08-28 14:03",11.63,11.64,11.63,11.64,0.01,+0.09%,0
"2023-08-28 14:04",11.67,11.67,11.62,11.63,-0.01,-0.09%,0
"2023-08-28 14:05",11.65,11.68,11.64,11.64,0.01,+0.09%,0
"2023-08-28 14:06",11.66,11.74,11.66,11.74,0.1,+0.86%,0
"2023-08-28 14:07",11.73,11.74,11.73,11.73,-0.01,-0.09%,0
"2023-08-28 14:08",11.73,11.73,11.7,11.7,-0.03,-0.26%,0
"2023-08-28 14:09",11.7,11.7,11.62,11.62,-0.08,-0.68%,0
"2023-08-28 14:10",11.56,11.58,11.56,11.58,-0.04,-0.34%,0
"2023-08-28 14:11",11.6,11.63,11.6,11.63,0.05,+0.43%,0
"2023-08-28 14:12",11.63,11.69,11.63,11.69,0.06,+0.52%,0
"2023-08-28 14:13",11.73,11.73,11.71,11.73,0.04,+0.34%,0
"2023-08-28 14:14",11.73,11.73,11.69,11.69,-0.04,-0.34%,0
"2023-08-28 14:15",11.67,11.67,11.65,11.65,-0.04,-0.34%,0
"2023-08-28 14:16",11.67,11.67,11.66,11.66,0.01,+0.09%,0
"2023-08-28 14:17",11.66,11.74,11.66,11.74,0.08,+0.69%,0
"2023-08-28 14:18",11.71,11.71,11.64,11.65,-0.09,-0.77%,0
"2023-08-28 14:19",11.64,11.75,11.64,11.75,0.1,+0.86%,0
"2023-08-28 14:20",11.78,11.81,11.76,11.76,0.01,+0.09%,0
"2023-08-28 14:21",11.76,11.76,11.72,11.72,-0.04,-0.34%,0
"2023-08-28 14:22",11.71,11.76,11.71,11.76,0.04,+0.34%,0
"2023-08-28 14:23",11.74,11.79,11.74,11.79,0.03,+0.26%,0
"2023-08-28 14:24",11.78,11.8,11.77,11.77,-0.02,-0.17%,0
"2023-08-28 14:25",11.76,11.78,11.76,11.78,0.01,+0.08%,0
"2023-08-28 14:26",11.79,11.85,11.79,11.85,0.07,+0.59%,0
"2023-08-28 14:27",11.83,11.83,11.76,11.76,-0.09,-0.76%,0
"2023-08-28 14:28",11.73,11.79,11.73,11.79,0.03,+0.26%,0
"2023-08-28 14:29",11.82,11.82,11.8,11.8,0.01,+0.08%,0
"2023-08-28 14:30",11.79,11.81,11.79,11.79,-0.01,-0.08%,0
"2023-08-28 14:31",11.79,11.84,11.79,11.84,0.05,+0.42%,0
"2023-08-28 14:32",11.85,11.9,11.85,11.9,0.06,+0.51%,0
"2023-08-28 14:33",11.93,11.93,11.9,11.9,0,0.00%,0
"2023-08-28 14:34",11.87,11.88,11.87,11.88,-0.02,-0.17%,0
"2023-08-28 14:35",11.86,11.88,11.85,11.85,-0.03,-0.25%,0
"2023-08-28 14:36",11.82,11.84,11.81,11.81,-0.04,-0.34%,0
"2023-08-28 14:37",11.78,11.81,11.76,11.79,-0.02,-0.17%,0
"2023-08-28 14:38",11.78,11.89,11.78,11.89,0.1,+0.85%,0
"2023-08-28 14:39",11.88,11.92,11.88,11.9,0.01,+0.08%,0
"2023-08-28 14:40",11.87,11.88,11.85,11.85,-0.05,-0.42%,0
"2023-08-28 14:41",11.87,11.9,11.87,11.87,0.02,+0.17%,0
"2023-08-28 14:42",11.87,11.88,11.84,11.87,0,0.00%,0
"2023-08-28 14:43",11.91,11.91,11.86,11.86,-0.01,-0.08%,0
"2023-08-28 14:44",11.86,11.88,11.86,11.86,0,0.00%,0
"2023-08-28 14:45",11.86,11.87,11.83,11.85,-0.01,-0.08%,0
"2023-08-28 14:46",11.85,11.9,11.85,11.9,0.05,+0.42%,0
"2023-08-28 14:47",11.97,11.97,11.91,11.91,0.01,+0.08%,0
"2023-08-28 14:48",11.9,11.91,11.9,11.91,0,0.00%,0
"2023-08-28 14:49",11.91,11.92,11.88,11.88,-0.03,-0.25%,0
"2023-08-28 14:50",11.86,11.88,11.86,11.88,0,0.00%,0
"2023-08-28 14:51",11.89,11.89,11.88,11.89,0.01,+0.08%,0
"2023-08-28 14:52",11.88,11.9,11.87,11.87,-0.02,-0.17%,0
"2023-08-28 14:53",11.87,11.9,11.87,11.88,0.01,+0.08%,0
"2023-08-28 14:54",11.87,11.88,11.87,11.87,-0.01,-0.08%,0
"2023-08-28 14:55",11.8,11.82,11.8,11.81,-0.06,-0.51%,0
"2023-08-28 14:56",11.79,11.82,11.79,11.8,-0.01,-0.08%,0
"2023-08-28 14:57",11.81,11.9,11.81,11.9,0.1,+0.85%,0
"2023-08-28 14:58",11.91,11.91,11.85,11.85,-0.05,-0.42%,0
"2023-08-28 14:59",11.84,11.85,11.8,11.8,-0.05,-0.42%,0
"2023-08-28 15:00",11.8,11.81,11.79,11.8,0,0.00%,0
"2023-08-28 15:01",11.79,11.82,11.79,11.81,0.01,+0.08%,0
"2023-08-28 15:02",11.83,11.83,11.81,11.81,0,0.00%,0
"2023-08-28 15:03",11.79,11.79,11.74,11.77,-0.04,-0.34%,0
"2023-08-28 15:04",11.75,11.77,11.75,11.76,-0.01,-0.08%,0
"2023-08-28 15:05",11.76,11.77,11.74,11.74,-0.02,-0.17%,0
"2023-08-28 15:06",11.74,11.74,11.72,11.72,-0.02,-0.17%,0
"2023-08-28 15:07",11.72,11.72,11.69,11.71,-0.01,-0.09%,0
"2023-08-28 15:08",11.69,11.7,11.68,11.7,-0.01,-0.09%,0
"2023-08-28 15:09",11.7,11.7,11.67,11.67,-0.03,-0.26%,0
"2023-08-28 15:10",11.66,11.67,11.66,11.67,0,0.00%,0
"2023-08-28 15:11",11.66,11.69,11.66,11.68,0.01,+0.09%,0
"2023-08-28 15:12",11.68,11.7,11.68,11.69,0.01,+0.09%,0
"2023-08-28 15:13",11.71,11.72,11.7,11.7,0.01,+0.09%,0
"2023-08-28 15:14",11.7,11.71,11.69,11.7,0,0.00%,0
"2023-08-28 15:15",11.71,11.77,11.71,11.75,0.05,+0.43%,0
"2023-08-28 15:16",11.74,11.74,11.69,11.69,-0.06,-0.51%,0
"2023-08-28 15:17",11.7,11.72,11.7,11.72,0.03,+0.26%,0
"2023-08-28 15:18",11.71,11.71,11.66,11.66,-0.06,-0.51%,0
"2023-08-28 15:19",11.66,11.67,11.66,11.67,0.01,+0.09%,0
"2023-08-28 15:20",11.67,11.69,11.67,11.67,0,0.00%,0
"2023-08-28 15:21",11.65,11.73,11.65,11.73,0.06,+0.51%,0
"2023-08-28 15:22",11.75,11.75,11.7,11.73,0,0.00%,0
"2023-08-28 15:23",11.74,11.89,11.74,11.89,0.16,+1.36%,0
"2023-08-28 15:24",11.92,11.92,11.74,11.74,-0.15,-1.26%,0
"2023-08-28 15:25",11.77,11.83,11.77,11.79,0.05,+0.43%,0
"2023-08-28 15:26",11.78,11.79,11.77,11.77,-0.02,-0.17%,0
"2023-08-28 15:27",11.76,11.77,11.76,11.76,-0.01,-0.08%,0
"2023-08-28 15:28",11.75,11.75,11.73,11.73,-0.03,-0.26%,0
"2023-08-28 15:29",11.73,11.75,11.73,11.75,0.02,+0.17%,0
"2023-08-28 15:30",11.75,11.75,11.71,11.72,-0.03,-0.26%,0
"2023-08-28 15:31",11.73,11.73,11.69,11.69,-0.03,-0.26%,0
"2023-08-28 15:32",11.71,11.71,11.68,11.69,0,0.00%,0
"2023-08-28 15:33",11.68,11.73,11.68,11.72,0.03,+0.26%,0
"2023-08-28 15:34",11.72,11.75,11.7,11.7,-0.02,-0.17%,0
"2023-08-28 15:35",11.7,11.71,11.68,11.68,-0.02,-0.17%,0
"2023-08-28 15:36",11.67,11.67,11.58,11.66,-0.02,-0.17%,0
"2023-08-28 15:37",11.64,11.64,11.64,11.64,-0.02,-0.17%,0
"2023-08-28 15:38",11.61,11.61,11.59,11.59,-0.05,-0.43%,0
"2023-08-28 15:39",11.58,11.63,11.58,11.62,0.03,+0.26%,0
"2023-08-28 15:40",11.63,11.63,11.6,11.6,-0.02,-0.17%,0
"2023-08-28 15:41",11.58,11.59,11.56,11.57,-0.03,-0.26%,0
"2023-08-28 15:42",11.58,11.58,11.55,11.55,-0.02,-0.17%,0
"2023-08-28 15:43",11.57,11.58,11.55,11.55,0,0.00%,0
"2023-08-28 15:44",11.55,11.57,11.54,11.56,0.01,+0.09%,0
"2023-08-28 15:45",11.49,11.49,11.43,11.43,-0.13,-1.12%,0
"2023-08-28 15:46",11.45,11.46,11.42,11.42,-0.01,-0.09%,0
"2023-08-28 15:47",11.48,11.58,11.48,11.58,0.16,+1.40%,0
"2023-08-28 15:48",11.57,11.57,11.38,11.38,-0.2,-1.73%,0
"2023-08-28 15:49",11.42,11.55,11.42,11.55,0.17,+1.49%,0
"2023-08-28 15:50",11.52,11.56,11.52,11.56,0.01,+0.09%,0
"2023-08-28 15:51",11.54,11.54,11.51,11.51,-0.05,-0.43%,0
"2023-08-28 15:52",11.53,11.56,11.53,11.55,0.04,+0.35%,0
"2023-08-28 15:53",11.53,11.55,11.48,11.48,-0.07,-0.61%,0
"2023-08-28 15:54",11.5,11.52,11.46,11.46,-0.02,-0.17%,0
"2023-08-28 15:55",11.46,11.47,11.45,11.46,0,0.00%,0
"2023-08-28 15:56",11.45,11.45,11.44,11.44,-0.02,-0.17%,0
"2023-08-28 15:57",11.41,11.47,11.41,11.47,0.03,+0.26%,0
"2023-08-28 15:58",11.47,11.47,11.47,11.47,0,0.00%,0
"2023-08-28 15:59",11.47,11.47,11.45,11.45,-0.02,-0.17%,0
"2023-08-28 16:00",11.45,11.45,11.28,11.28,-0.17,-1.48%,0
"2023-08-28 16:01",11.27,11.28,11.25,11.25,-0.03,-0.27%,0
"2023-08-28 16:02",11.27,11.29,11.24,11.24,-0.01,-0.09%,0
"2023-08-28 16:03",11.22,11.23,11.2,11.22,-0.02,-0.18%,0
"2023-08-28 16:04",11.2,11.26,11.2,11.26,0.04,+0.36%,0
"2023-08-28 16:05",11.23,11.24,11.23,11.24,-0.02,-0.18%,0
"2023-08-28 16:06",11.23,11.23,11.19,11.19,-0.05,-0.44%,0
"2023-08-28 16:07",11.15,11.16,11.15,11.15,-0.04,-0.36%,0
"2023-08-28 16:08",11.18,11.21,11.18,11.21,0.06,+0.54%,0
"2023-08-28 16:09",11.22,11.22,11.2,11.2,-0.01,-0.09%,0
"2023-08-28 16:10",11.2,11.21,11.2,11.2,0,0.00%,0
"2023-08-28 16:11",11.22,11.27,11.22,11.27,0.07,+0.63%,0
"2023-08-28 16:12",11.28,11.3,11.28,11.3,0.03,+0.27%,0
"2023-08-28 16:13",11.31,11.31,11.3,11.3,0,0.00%,0
"2023-08-28 16:14",11.34,11.35,11.34,11.35,0.05,+0.44%,0
"2023-08-28 16:15",11.35,11.35,11.35,11.35,0,0.00%,0
"2023-08-29 09:31",9.79,9.8,9.75,9.75,-1.6,-14.10%,0
"2023-08-29 09:32",9.65,9.66,9.57,9.57,-0.18,-1.85%,0
"2023-08-29 09:33",9.6,9.63,9.56,9.56,-0.01,-0.10%,0
"2023-08-29 09:34",9.55,9.58,9.55,9.57,0.01,+0.10%,0
"2023-08-29 09:35",9.55,9.58,9.55,9.56,-0.01,-0.10%,0
"2023-08-29 09:36",9.54,9.55,9.51,9.53,-0.03,-0.31%,0
"2023-08-29 09:37",9.51,9.51,9.47,9.49,-0.04,-0.42%,0
"2023-08-29 09:38",9.53,9.6,9.53,9.54,0.05,+0.53%,0
"2023-08-29 09:39",9.52,9.52,9.48,9.49,-0.05,-0.52%,0
"2023-08-29 09:40",9.53,9.54,9.49,9.54,0.05,+0.53%,0
"2023-08-29 09:41",9.52,9.52,9.44,9.44,-0.1,-1.05%,0
"2023-08-29 09:42",9.46,9.52,9.46,9.49,0.05,+0.53%,0
"2023-08-29 09:43",9.53,9.55,9.52,9.52,0.03,+0.32%,0
"2023-08-29 09:44",9.53,9.57,9.53,9.56,0.04,+0.42%,0
"2023-08-29 09:45",9.57,9.57,9.51,9.53,-0.03,-0.31%,0
"2023-08-29 09:46",9.51,9.58,9.51,9.58,0.05,+0.52%,0
"2023-08-29 09:47",9.58,9.66,9.58,9.64,0.06,+0.63%,0
"2023-08-29 09:48",9.62,9.73,9.62,9.72,0.08,+0.83%,0
"2023-08-29 09:49",9.68,9.71,9.67,9.68,-0.04,-0.41%,0
"2023-08-29 09:50",9.65,9.66,9.62,9.62,-0.06,-0.62%,0
"2023-08-29 09:51",9.61,9.69,9.61,9.64,0.02,+0.21%,0
"2023-08-29 09:52",9.65,9.68,9.62,9.68,0.04,+0.41%,0
"2023-08-29 09:53",9.67,9.68,9.63,9.63,-0.05,-0.52%,0
"2023-08-29 09:54",9.62,9.65,9.62,9.63,0,0.00%,0
"2023-08-29 09:55",9.66,9.72,9.66,9.72,0.09,+0.93%,0
"2023-08-29 09:56",9.73,9.78,9.73,9.76,0.04,+0.41%,0
"2023-08-29 09:57",9.8,9.82,9.77,9.77,0.01,+0.10%,0
"2023-08-29 09:58",9.74,9.74,9.7,9.7,-0.07,-0.72%,0
"2023-08-29 09:59",9.71,9.74,9.71,9.72,0.02,+0.21%,0
"2023-08-29 10:00",9.71,9.71,9.51,9.61,-0.11,-1.13%,0
"2023-08-29 10:01",9.49,9.59,9.49,9.59,-0.02,-0.21%,0
"2023-08-29 10:02",9.62,9.69,9.62,9.67,0.08,+0.83%,0
"2023-08-29 10:03",9.64,9.65,9.63,9.63,-0.04,-0.41%,0
"2023-08-29 10:04",9.65,9.69,9.65,9.68,0.05,+0.52%,0
"2023-08-29 10:05",9.68,9.74,9.59,9.59,-0.09,-0.93%,0
"2023-08-29 10:06",9.56,9.64,9.56,9.64,0.05,+0.52%,0
"2023-08-29 10:07",9.63,9.72,9.63,9.72,0.08,+0.83%,0
"2023-08-29 10:08",9.75,9.75,9.69,9.69,-0.03,-0.31%,0
"2023-08-29 10:09",9.66,9.66,9.63,9.65,-0.04,-0.41%,0
"2023-08-29 10:10",9.64,9.67,9.64,9.66,0.01,+0.10%,0
"2023-08-29 10:11",9.67,9.73,9.67,9.73,0.07,+0.72%,0
"2023-08-29 10:12",9.74,9.76,9.67,9.67,-0.06,-0.62%,0
"2023-08-29 10:13",9.64,9.7,9.64,9.66,-0.01,-0.10%,0
"2023-08-29 10:14",9.64,9.67,9.6,9.6,-0.06,-0.62%,0
"2023-08-29 10:15",9.61,9.62,9.57,9.57,-0.03,-0.31%,0
"2023-08-29 10:16",9.56,9.59,9.56,9.56,-0.01,-0.10%,0
"2023-08-29 10:17",9.56,9.58,9.5,9.55,-0.01,-0.10%,0
"2023-08-29 10:18",9.51,9.53,9.51,9.53,-0.02,-0.21%,0
"2023-08-29 10:19",9.54,9.56,9.48,9.48,-0.05,-0.52%,0
"2023-08-29 10:20",9.5,9.52,9.49,9.52,0.04,+0.42%,0
"2023-08-29 10:21",9.48,9.48,9.45,9.46,-0.06,-0.63%,0
"2023-08-29 10:22",9.44,9.48,9.44,9.46,0,0.00%,0
"2023-08-29 10:23",9.47,9.47,9.42,9.42,-0.04,-0.42%,0
"2023-08-29 10:24",9.43,9.53,9.43,9.53,0.11,+1.17%,0
"2023-08-29 10:25",9.52,9.55,9.52,9.55,0.02,+0.21%,0
"2023-08-29 10:26",9.54,9.62,9.54,9.62,0.07,+0.73%,0
"2023-08-29 10:27",9.59,9.59,9.47,9.47,-0.15,-1.56%,0
"2023-08-29 10:28",9.52,9.55,9.52,9.55,0.08,+0.84%,0
"2023-08-29 10:29",9.53,9.56,9.53,9.53,-0.02,-0.21%,0
"2023-08-29 10:30",9.5,9.54,9.48,9.48,-0.05,-0.52%,0
"2023-08-29 10:31",9.48,9.48,9.43,9.43,-0.05,-0.53%,0
"2023-08-29 10:32",9.43,9.5,9.43,9.5,0.07,+0.74%,0
"2023-08-29 10:33",9.51,9.57,9.51,9.57,0.07,+0.74%,0
"2023-08-29 10:34",9.59,9.59,9.56,9.59,0.02,+0.21%,0
"2023-08-29 10:35",9.56,9.58,9.56,9.58,-0.01,-0.10%,0
"2023-08-29 10:36",9.62,9.67,9.62,9.65,0.07,+0.73%,0
"2023-08-29 10:37",9.64,9.7,9.64,9.7,0.05,+0.52%,0
"2023-08-29 10:38",9.8,9.89,9.77,9.77,0.07,+0.72%,0
"2023-08-29 10:39",9.73,9.82,9.69,9.82,0.05,+0.51%,0
"2023-08-29 10:40",9.85,9.95,9.82,9.95,0.13,+1.32%,0
"2023-08-29 10:41",9.89,9.98,9.89,9.98,0.03,+0.30%,0
"2023-08-29 10:42",9.98,9.98,9.96,9.97,-0.01,-0.10%,0
"2023-08-29 10:43",9.94,9.99,9.91,9.92,-0.05,-0.50%,0
"2023-08-29 10:44",9.92,10.01,9.92,10.01,0.09,+0.91%,0
"2023-08-29 10:45",10.04,10.23,10.04,10.1,0.09,+0.90%,0
"2023-08-29 10:46",10.12,10.14,10.12,10.12,0.02,+0.20%,0
"2023-08-29 10:47",10.11,10.12,10.07,10.12,0,0.00%,0
"2023-08-29 10:48",10.13,10.15,10.1,10.1,-0.02,-0.20%,0
"2023-08-29 10:49",10.15,10.15,9.99,9.99,-0.11,-1.09%,0
"2023-08-29 10:50",9.96,9.99,9.95,9.95,-0.04,-0.40%,0
"2023-08-29 10:51",9.93,9.93,9.89,9.9,-0.05,-0.50%,0
"2023-08-29 10:52",9.9,10,9.9,9.92,0.02,+0.20%,0
"2023-08-29 10:53",9.86,10.01,9.86,10.01,0.09,+0.91%,0
"2023-08-29 10:54",10.05,10.13,10.05,10.13,0.12,+1.20%,0
"2023-08-29 10:55",10.21,10.4,10.21,10.38,0.25,+2.47%,0
"2023-08-29 10:56",10.33,10.38,10.28,10.28,-0.1,-0.96%,0
"2023-08-29 10:57",10.27,10.34,10.27,10.31,0.03,+0.29%,0
"2023-08-29 10:58",10.29,10.38,10.29,10.38,0.07,+0.68%,0
"2023-08-29 10:59",10.38,10.38,10.33,10.33,-0.05,-0.48%,0
"2023-08-29 11:00",10.33,10.33,10.29,10.31,-0.02,-0.19%,0
"2023-08-29 11:01",10.29,10.29,10.21,10.21,-0.1,-0.97%,0
"2023-08-29 11:02",10.22,10.25,10.2,10.25,0.04,+0.39%,0
"2023-08-29 11:03",10.22,10.25,10.22,10.24,-0.01,-0.10%,0
"2023-08-29 11:04",10.22,10.22,10.21,10.21,-0.03,-0.29%,0
"2023-08-29 11:05",10.21,10.22,10.19,10.19,-0.02,-0.20%,0
"2023-08-29 11:06",10.18,10.18,10.08,10.08,-0.11,-1.08%,0
"2023-08-29 11:07",10.09,10.14,10.09,10.14,0.06,+0.60%,0
"2023-08-29 11:08",10.12,10.16,10.12,10.14,0,0.00%,0
"2023-08-29 11:09",10.12,10.18,10.12,10.15,0.01,+0.10%,0
"2023-08-29 11:10",10.14,10.14,10.1,10.1,-0.05,-0.49%,0
"2023-08-29 11:11",10.1,10.12,10.09,10.1,0,0.00%,0
"2023-08-29 11:12",10.1,10.1,10.08,10.08,-0.02,-0.20%,0
"2023-08-29 11:13",10.03,10.05,10.03,10.05,-0.03,-0.30%,0
"2023-08-29 11:14",10.04,10.04,10.01,10.01,-0.04,-0.40%,0
"2023-08-29 11:15",10.02,10.06,10.02,10.04,0.03,+0.30%,0
"2023-08-29 11:16",10.02,10.02,9.96,9.96,-0.08,-0.80%,0
"2023-08-29 11:17",9.96,9.99,9.96,9.99,0.03,+0.30%,0
"2023-08-29 11:18",9.97,10.02,9.97,10.02,0.03,+0.30%,0
"2023-08-29 11:19",9.99,9.99,9.93,9.95,-0.07,-0.70%,0
"2023-08-29 11:20",9.96,10.01,9.96,10.01,0.06,+0.60%,0
"2023-08-29 11:21",10,10,9.91,9.91,-0.1,-1.00%,0
"2023-08-29 11:22",9.95,9.97,9.94,9.94,0.03,+0.30%,0
"2023-08-29 11:23",9.94,9.99,9.94,9.97,0.03,+0.30%,0
"2023-08-29 11:24",9.99,10,9.99,9.99,0.02,+0.20%,0
"2023-08-29 11:25",10.01,10.08,10.01,10.08,0.09,+0.90%,0
"2023-08-29 11:26",10.06,10.15,10.06,10.15,0.07,+0.69%,0
"2023-08-29 11:27",10.15,10.15,10.14,10.15,0,0.00%,0
"2023-08-29 11:28",10.15,10.19,10.15,10.19,0.04,+0.39%,0
"2023-08-29 11:29",10.17,10.24,10.17,10.19,0,0.00%,0
"2023-08-29 11:30",10.16,10.2,10.14,10.14,-0.05,-0.49%,0
"2023-08-29 11:31",10.16,10.16,10.09,10.09,-0.05,-0.49%,0
"2023-08-29 11:32",9.99,10.06,9.99,10.06,-0.03,-0.30%,0
"2023-08-29 11:33",10.07,10.13,10.07,10.13,0.07,+0.70%,0
"2023-08-29 11:34",10.13,10.19,10.13,10.18,0.05,+0.49%,0
"2023-08-29 11:35",10.18,10.23,10.18,10.23,0.05,+0.49%,0
"2023-08-29 11:36",10.26,10.31,10.26,10.29,0.06,+0.59%,0
"2023-08-29 11:37",10.23,10.24,10.2,10.2,-0.09,-0.87%,0
"2023-08-29 11:38",10.22,10.33,10.22,10.31,0.11,+1.08%,0
"2023-08-29 11:39",10.3,10.32,10.3,10.32,0.01,+0.10%,0
"2023-08-29 11:40",10.3,10.33,10.3,10.32,0,0.00%,0
"2023-08-29 11:41",10.33,10.41,10.33,10.41,0.09,+0.87%,0
"2023-08-29 11:42",10.41,10.44,10.41,10.41,0,0.00%,0
"2023-08-29 11:43",10.4,10.46,10.4,10.46,0.05,+0.48%,0
"2023-08-29 11:44",10.46,10.49,10.46,10.49,0.03,+0.29%,0
"2023-08-29 11:45",10.49,10.53,10.48,10.48,-0.01,-0.10%,0
"2023-08-29 11:46",10.48,10.49,10.47,10.48,0,0.00%,0
"2023-08-29 11:47",10.5,10.52,10.5,10.51,0.03,+0.29%,0
"2023-08-29 11:48",10.53,10.57,10.52,10.52,0.01,+0.10%,0
"2023-08-29 11:49",10.51,10.54,10.51,10.53,0.01,+0.10%,0
"2023-08-29 11:50",10.53,10.53,10.5,10.5,-0.03,-0.28%,0
"2023-08-29 11:51",10.46,10.48,10.46,10.47,-0.03,-0.29%,0
"2023-08-29 11:52",10.46,10.51,10.46,10.51,0.04,+0.38%,0
"2023-08-29 11:53",10.53,10.55,10.52,10.52,0.01,+0.10%,0
"2023-08-29 11:54",10.5,10.52,10.5,10.52,0,0.00%,0
"2023-08-29 11:55",10.55,10.6,10.55,10.6,0.08,+0.76%,0
"2023-08-29 11:56",10.59,10.64,10.59,10.6,0,0.00%,0
"2023-08-29 11:57",10.61,10.63,10.6,10.63,0.03,+0.28%,0
"2023-08-29 11:58",10.61,10.65,10.61,10.63,0,0.00%,0
"2023-08-29 11:59",10.61,10.67,10.61,10.67,0.04,+0.38%,0
"2023-08-29 12:00",10.66,10.67,10.66,10.67,0,0.00%,0
"2023-08-29 12:01",10.66,10.7,10.66,10.7,0.03,+0.28%,0
"2023-08-29 12:02",10.71,10.72,10.71,10.71,0.01,+0.09%,0
"2023-08-29 12:03",10.7,10.73,10.68,10.68,-0.03,-0.28%,0
"2023-08-29 12:04",10.67,10.68,10.66,10.66,-0.02,-0.19%,0
"2023-08-29 12:05",10.67,10.69,10.65,10.65,-0.01,-0.09%,0
"2023-08-29 12:06",10.65,10.68,10.65,10.68,0.03,+0.28%,0
"2023-08-29 12:07",10.69,10.69,10.66,10.66,-0.02,-0.19%,0
"2023-08-29 12:08",10.67,10.67,10.65,10.65,-0.01,-0.09%,0
"2023-08-29 12:09",10.65,10.67,10.65,10.67,0.02,+0.19%,0
"2023-08-29 12:10",10.67,10.68,10.62,10.62,-0.05,-0.47%,0
"2023-08-29 12:11",10.61,10.64,10.61,10.64,0.02,+0.19%,0
"2023-08-29 12:12",10.64,10.67,10.64,10.67,0.03,+0.28%,0
"2023-08-29 12:13",10.67,10.68,10.66,10.66,-0.01,-0.09%,0
"2023-08-29 12:14",10.66,10.69,10.66,10.69,0.03,+0.28%,0
"2023-08-29 12:15",10.67,10.67,10.65,10.65,-0.04,-0.37%,0
"2023-08-29 12:16",10.65,10.66,10.65,10.66,0.01,+0.09%,0
"2023-08-29 12:17",10.67,10.7,10.63,10.7,0.04,+0.38%,0
"2023-08-29 12:18",10.69,10.69,10.67,10.67,-0.03,-0.28%,0
"2023-08-29 12:19",10.67,10.7,10.67,10.69,0.02,+0.19%,0
"2023-08-29 12:20",10.69,10.7,10.67,10.67,-0.02,-0.19%,0
"2023-08-29 12:21",10.64,10.64,10.6,10.61,-0.06,-0.56%,0
"2023-08-29 12:22",10.57,10.58,10.53,10.53,-0.08,-0.75%,0
"2023-08-29 12:23",10.52,10.62,10.52,10.62,0.09,+0.85%,0
"2023-08-29 12:24",10.64,10.67,10.62,10.64,0.02,+0.19%,0
"2023-08-29 12:25",10.7,10.71,10.7,10.7,0.06,+0.56%,0
"2023-08-29 12:26",10.71,10.72,10.66,10.66,-0.04,-0.37%,0
"2023-08-29 12:27",10.66,10.71,10.63,10.65,-0.01,-0.09%,0
"2023-08-29 12:28",10.65,10.67,10.63,10.63,-0.02,-0.19%,0
"2023-08-29 12:29",10.62,10.67,10.62,10.66,0.03,+0.28%,0
"2023-08-29 12:30",10.66,10.7,10.66,10.7,0.04,+0.38%,0
"2023-08-29 12:31",10.7,10.71,10.7,10.71,0.01,+0.09%,0
"2023-08-29 12:32",10.7,10.71,10.7,10.7,-0.01,-0.09%,0
"2023-08-29 12:33",10.7,10.72,10.7,10.71,0.01,+0.09%,0
"2023-08-29 12:34",10.7,10.71,10.68,10.68,-0.03,-0.28%,0
"2023-08-29 12:35",10.68,10.7,10.68,10.69,0.01,+0.09%,0
"2023-08-29 12:36",10.7,10.72,10.7,10.72,0.03,+0.28%,0
"2023-08-29 12:37",10.72,10.75,10.72,10.75,0.03,+0.28%,0
"2023-08-29 12:38",10.76,10.77,10.72,10.72,-0.03,-0.28%,0
"2023-08-29 12:39",10.74,10.81,10.74,10.81,0.09,+0.84%,0
"2023-08-29 12:40",10.82,10.86,10.82,10.86,0.05,+0.46%,0
"2023-08-29 12:41",10.85,10.89,10.85,10.89,0.03,+0.28%,0
"2023-08-29 12:42",10.9,10.9,10.89,10.89,0,0.00%,0
"2023-08-29 12:43",10.88,10.9,10.88,10.89,0,0.00%,0
"2023-08-29 12:44",10.88,10.89,10.88,10.89,0,0.00%,0
"2023-08-29 12:45",10.88,10.89,10.88,10.89,0,0.00%,0
"2023-08-29 12:46",10.9,10.93,10.9,10.93,0.04,+0.37%,0
"2023-08-29 12:47",10.95,10.99,10.95,10.98,0.05,+0.46%,0
"2023-08-29 12:48",10.97,10.97,10.91,10.91,-0.07,-0.64%,0
"2023-08-29 12:49",10.91,10.93,10.9,10.9,-0.01,-0.09%,0
"2023-08-29 12:50",10.89,10.9,10.88,10.88,-0.02,-0.18%,0
"2023-08-29 12:51",10.88,10.89,10.88,10.89,0.01,+0.09%,0
"2023-08-29 12:52",10.93,10.93,10.86,10.86,-0.03,-0.28%,0
"2023-08-29 12:53",10.87,10.89,10.87,10.87,0.01,+0.09%,0
"2023-08-29 12:54",10.86,10.9,10.86,10.9,0.03,+0.28%,0
"2023-08-29 12:55",10.93,10.93,10.9,10.9,0,0.00%,0
"2023-08-29 12:56",10.89,10.93,10.89,10.93,0.03,+0.28%,0
"2023-08-29 12:57",10.92,10.93,10.92,10.92,-0.01,-0.09%,0
"2023-08-29 12:58",10.91,10.95,10.91,10.93,0.01,+0.09%,0
"2023-08-29 12:59",10.93,10.97,10.93,10.96,0.03,+0.27%,0
"2023-08-29 13:00",10.95,10.95,10.94,10.95,-0.01,-0.09%,0
"2023-08-29 13:01",10.95,11,10.95,11,0.05,+0.46%,0
"2023-08-29 13:02",11.02,11.06,11.02,11.05,0.05,+0.45%,0
"2023-08-29 13:03",11.05,11.08,11.05,11.07,0.02,+0.18%,0
"2023-08-29 13:04",11.06,11.08,11.06,11.08,0.01,+0.09%,0
"2023-08-29 13:05",11.08,11.11,11.08,11.11,0.03,+0.27%,0
"2023-08-29 13:06",11.11,11.13,11.11,11.12,0.01,+0.09%,0
"2023-08-29 13:07",11.11,11.14,11.11,11.14,0.02,+0.18%,0
"2023-08-29 13:08",11.14,11.16,11.14,11.15,0.01,+0.09%,0
"2023-08-29 13:09",11.15,11.17,11.15,11.15,0,0.00%,0
"2023-08-29 13:10",11.14,11.19,11.14,11.18,0.03,+0.27%,0
"2023-08-29 13:11",11.18,11.19,11.17,11.17,-0.01,-0.09%,0
"2023-08-29 13:12",11.17,11.22,11.17,11.22,0.05,+0.45%,0
"2023-08-29 13:13",11.21,11.21,11.21,11.21,-0.01,-0.09%,0
"2023-08-29 13:14",11.21,11.22,11.2,11.22,0.01,+0.09%,0
"2023-08-29 13:15",11.22,11.24,11.22,11.24,0.02,+0.18%,0
"2023-08-29 13:16",11.23,11.27,11.23,11.27,0.03,+0.27%,0
"2023-08-29 13:17",11.26,11.28,11.26,11.28,0.01,+0.09%,0
"2023-08-29 13:18",11.26,11.29,11.26,11.29,0.01,+0.09%,0
"2023-08-29 13:19",11.28,11.3,11.28,11.29,0,0.00%,0
"2023-08-29 13:20",11.27,11.29,11.27,11.28,-0.01,-0.09%,0
"2023-08-29 13:21",11.29,11.29,11.24,11.26,-0.02,-0.18%,0
"2023-08-29 13:22",11.27,11.28,11.25,11.25,-0.01,-0.09%,0
"2023-08-29 13:23",11.26,11.28,11.26,11.27,0.02,+0.18%,0
"2023-08-29 13:24",11.27,11.3,11.27,11.3,0.03,+0.27%,0
"2023-08-29 13:25",11.31,11.31,11.3,11.31,0.01,+0.09%,0
"2023-08-29 13:26",11.3,11.32,11.3,11.31,0,0.00%,0
"2023-08-29 13:27",11.31,11.36,11.31,11.35,0.04,+0.35%,0
"2023-08-29 13:28",11.35,11.39,11.35,11.39,0.04,+0.35%,0
"2023-08-29 13:29",11.39,11.41,11.39,11.4,0.01,+0.09%,0
"2023-08-29 13:30",11.4,11.44,11.4,11.44,0.04,+0.35%,0
"2023-08-29 13:31",11.43,11.44,11.43,11.44,0,0.00%,0
"2023-08-29 13:32",11.44,11.46,11.44,11.46,0.02,+0.17%,0
"2023-08-29 13:33",11.45,11.47,11.45,11.47,0.01,+0.09%,0
"2023-08-29 13:34",11.47,11.49,11.47,11.48,0.01,+0.09%,0
"2023-08-29 13:35",11.48,11.49,11.46,11.46,-0.02,-0.17%,0
"2023-08-29 13:36",11.49,11.55,11.49,11.54,0.08,+0.70%,0
"2023-08-29 13:37",11.53,11.57,11.53,11.54,0,0.00%,0
"2023-08-29 13:38",11.54,11.56,11.54,11.54,0,0.00%,0
"2023-08-29 13:39",11.53,11.53,11.5,11.51,-0.03,-0.26%,0
"2023-08-29 13:40",11.51,11.51,11.49,11.49,-0.02,-0.17%,0
"2023-08-29 13:41",11.49,11.5,11.48,11.49,0,0.00%,0
"2023-08-29 13:42",11.48,11.49,11.48,11.48,-0.01,-0.09%,0
"2023-08-29 13:43",11.47,11.49,11.47,11.49,0.01,+0.09%,0
"2023-08-29 13:44",11.47,11.49,11.47,11.49,0,0.00%,0
"2023-08-29 13:45",11.49,11.5,11.48,11.5,0.01,+0.09%,0
"2023-08-29 13:46",11.49,11.5,11.48,11.48,-0.02,-0.17%,0
"2023-08-29 13:47",11.48,11.51,11.48,11.51,0.03,+0.26%,0
"2023-08-29 13:48",11.51,11.52,11.49,11.49,-0.02,-0.17%,0
"2023-08-29 13:49",11.48,11.5,11.48,11.49,0,0.00%,0
"2023-08-29 13:50",11.49,11.52,11.49,11.52,0.03,+0.26%,0
"2023-08-29 13:51",11.52,11.52,11.47,11.47,-0.05,-0.43%,0
"2023-08-29 13:52",11.46,11.46,11.42,11.42,-0.05,-0.44%,0
"2023-08-29 13:53",11.42,11.44,11.42,11.44,0.02,+0.18%,0
"2023-08-29 13:54",11.48,11.62,11.48,11.57,0.13,+1.14%,0
"2023-08-29 13:55",11.61,11.69,11.61,11.67,0.1,+0.86%,0
"2023-08-29 13:56",11.61,11.74,11.61,11.69,0.02,+0.17%,0
"2023-08-29 13:57",11.65,11.65,11.56,11.56,-0.13,-1.11%,0
"2023-08-29 13:58",11.58,11.58,11.57,11.57,0.01,+0.09%,0
"2023-08-29 13:59",11.58,11.58,11.56,11.57,0,0.00%,0
"2023-08-29 14:00",11.54,11.54,11.53,11.54,-0.03,-0.26%,0
"2023-08-29 14:01",11.54,11.54,11.54,11.54,0,0.00%,0
"2023-08-29 14:02",11.52,11.56,11.52,11.56,0.02,+0.17%,0
"2023-08-29 14:03",11.58,11.61,11.58,11.6,0.04,+0.35%,0
"2023-08-29 14:04",11.59,11.6,11.59,11.6,0,0.00%,0
"2023-08-29 14:05",11.6,11.61,11.6,11.61,0.01,+0.09%,0
"2023-08-29 14:06",11.61,11.62,11.61,11.62,0.01,+0.09%,0
"2023-08-29 14:07",11.62,11.62,11.62,11.62,0,0.00%,0
"2023-08-29 14:08",11.61,11.63,11.61,11.62,0,0.00%,0
"2023-08-29 14:09",11.61,11.61,11.59,11.59,-0.03,-0.26%,0
"2023-08-29 14:10",11.57,11.58,11.57,11.58,-0.01,-0.09%,0
"2023-08-29 14:11",11.58,11.6,11.58,11.6,0.02,+0.17%,0
"2023-08-29 14:12",11.57,11.58,11.55,11.55,-0.05,-0.43%,0
"2023-08-29 14:13",11.53,11.58,11.53,11.58,0.03,+0.26%,0
"2023-08-29 14:14",11.61,11.62,11.6,11.6,0.02,+0.17%,0
"2023-08-29 14:15",11.6,11.64,11.6,11.64,0.04,+0.34%,0
"2023-08-29 14:16",11.61,11.62,11.61,11.61,-0.03,-0.26%,0
"2023-08-29 14:17",11.61,11.61,11.59,11.59,-0.02,-0.17%,0
"2023-08-29 14:18",11.58,11.62,11.58,11.61,0.02,+0.17%,0
"2023-08-29 14:19",11.61,11.61,11.6,11.61,0,0.00%,0
"2023-08-29 14:20",11.61,11.61,11.58,11.58,-0.03,-0.26%,0
"2023-08-29 14:21",11.57,11.57,11.56,11.56,-0.02,-0.17%,0
"2023-08-29 14:22",11.57,11.58,11.56,11.56,0,0.00%,0
"2023-08-29 14:23",11.56,11.59,11.56,11.58,0.02,+0.17%,0
"2023-08-29 14:24",11.57,11.64,11.57,11.64,0.06,+0.52%,0
"2023-08-29 14:25",11.64,11.64,11.63,11.63,-0.01,-0.09%,0
"2023-08-29 14:26",11.63,11.68,11.63,11.68,0.05,+0.43%,0
"2023-08-29 14:27",11.7,11.77,11.7,11.76,0.08,+0.68%,0
"2023-08-29 14:28",11.74,11.75,11.74,11.74,-0.02,-0.17%,0
"2023-08-29 14:29",11.74,11.74,11.72,11.72,-0.02,-0.17%,0
"2023-08-29 14:30",11.72,11.72,11.71,11.71,-0.01,-0.09%,0
"2023-08-29 14:31",11.71,11.73,11.71,11.73,0.02,+0.17%,0
"2023-08-29 14:32",11.72,11.75,11.72,11.75,0.02,+0.17%,0
"2023-08-29 14:33",11.73,11.75,11.73,11.74,-0.01,-0.09%,0
"2023-08-29 14:34",11.73,11.74,11.69,11.69,-0.05,-0.43%,0
"2023-08-29 14:35",11.69,11.69,11.68,11.69,0,0.00%,0
"2023-08-29 14:36",11.69,11.69,11.66,11.66,-0.03,-0.26%,0
"2023-08-29 14:37",11.66,11.71,11.66,11.71,0.05,+0.43%,0
"2023-08-29 14:38",11.7,11.75,11.7,11.75,0.04,+0.34%,0
"2023-08-29 14:39",11.74,11.75,11.72,11.73,-0.02,-0.17%,0
"2023-08-29 14:40",11.74,11.78,11.74,11.77,0.04,+0.34%,0
"2023-08-29 14:41",11.78,11.79,11.78,11.78,0.01,+0.08%,0
"2023-08-29 14:42",11.77,11.8,11.77,11.8,0.02,+0.17%,0
"2023-08-29 14:43",11.82,11.83,11.82,11.83,0.03,+0.25%,0
"2023-08-29 14:44",11.82,11.83,11.82,11.82,-0.01,-0.08%,0
"2023-08-29 14:45",11.84,11.84,11.83,11.83,0.01,+0.08%,0
"2023-08-29 14:46",11.83,11.85,11.83,11.85,0.02,+0.17%,0
"2023-08-29 14:47",11.86,11.87,11.84,11.84,-0.01,-0.08%,0
"2023-08-29 14:48",11.83,12.03,11.83,11.88,0.04,+0.34%,0
"2023-08-29 14:49",11.89,11.91,11.89,11.9,0.02,+0.17%,0
"2023-08-29 14:50",11.89,11.9,11.89,11.89,-0.01,-0.08%,0
"2023-08-29 14:51",11.91,11.91,11.88,11.88,-0.01,-0.08%,0
"2023-08-29 14:52",11.9,11.91,11.9,11.91,0.03,+0.25%,0
"2023-08-29 14:53",11.94,11.97,11.94,11.96,0.05,+0.42%,0
"2023-08-29 14:54",11.96,11.98,11.96,11.98,0.02,+0.17%,0
"2023-08-29 14:55",11.97,11.98,11.97,11.97,-0.01,-0.08%,0
"2023-08-29 14:56",11.96,11.98,11.89,11.89,-0.08,-0.67%,0
"2023-08-29 14:57",11.89,11.92,11.89,11.91,0.02,+0.17%,0
"2023-08-29 14:58",11.91,11.94,11.88,11.94,0.03,+0.25%,0
"2023-08-29 14:59",11.94,11.94,11.91,11.91,-0.03,-0.25%,0
"2023-08-29 15:00",11.89,11.92,11.89,11.92,0.01,+0.08%,0
"2023-08-29 15:01",11.92,11.92,11.9,11.9,-0.02,-0.17%,0
"2023-08-29 15:02",11.9,11.91,11.9,11.9,0,0.00%,0
"2023-08-29 15:03",11.9,11.91,11.9,11.9,0,0.00%,0
"2023-08-29 15:04",11.9,11.9,11.88,11.88,-0.02,-0.17%,0
"2023-08-29 15:05",11.88,11.9,11.88,11.9,0.02,+0.17%,0
"2023-08-29 15:06",11.91,11.91,11.89,11.89,-0.01,-0.08%,0
"2023-08-29 15:07",11.87,11.87,11.86,11.86,-0.03,-0.25%,0
"2023-08-29 15:08",11.86,11.88,11.86,11.88,0.02,+0.17%,0
"2023-08-29 15:09",11.86,11.88,11.86,11.87,-0.01,-0.08%,0
"2023-08-29 15:10",11.87,11.87,11.82,11.83,-0.04,-0.34%,0
"2023-08-29 15:11",11.84,11.84,11.82,11.82,-0.01,-0.08%,0
"2023-08-29 15:12",11.81,11.81,11.79,11.79,-0.03,-0.25%,0
"2023-08-29 15:13",11.76,11.77,11.75,11.77,-0.02,-0.17%,0
"2023-08-29 15:14",11.76,11.76,11.75,11.75,-0.02,-0.17%,0
"2023-08-29 15:15",11.76,11.76,11.73,11.73,-0.02,-0.17%,0
"2023-08-29 15:16",11.72,11.72,11.71,11.71,-0.02,-0.17%,0
"2023-08-29 15:17",11.71,11.74,11.71,11.74,0.03,+0.26%,0
"2023-08-29 15:18",11.74,11.76,11.74,11.76,0.02,+0.17%,0
"2023-08-29 15:19",11.74,11.76,11.71,11.71,-0.05,-0.43%,0
"2023-08-29 15:20",11.62,11.76,11.62,11.74,0.03,+0.26%,0
"2023-08-29 15:21",11.74,11.75,11.74,11.75,0.01,+0.09%,0
"2023-08-29 15:22",11.74,11.78,11.69,11.77,0.02,+0.17%,0
"2023-08-29 15:23",11.76,11.84,11.76,11.84,0.07,+0.59%,0
"2023-08-29 15:24",11.85,11.87,11.85,11.87,0.03,+0.25%,0
"2023-08-29 15:25",11.84,11.85,11.84,11.85,-0.02,-0.17%,0
"2023-08-29 15:26",11.83,11.85,11.83,11.85,0,0.00%,0
"2023-08-29 15:27",11.84,11.84,11.73,11.73,-0.12,-1.01%,0
"2023-08-29 15:28",11.84,11.85,11.84,11.84,0.11,+0.94%,0
"2023-08-29 15:29",11.84,11.89,11.84,11.88,0.04,+0.34%,0
"2023-08-29 15:30",11.87,11.89,11.85,11.85,-0.03,-0.25%,0
"2023-08-29 15:31",11.86,11.88,11.86,11.86,0.01,+0.08%,0
"2023-08-29 15:32",11.89,11.92,11.89,11.92,0.06,+0.51%,0
"2023-08-29 15:33",11.92,11.94,11.92,11.94,0.02,+0.17%,0
"2023-08-29 15:34",11.93,11.95,11.92,11.92,-0.02,-0.17%,0
"2023-08-29 15:35",11.91,11.94,11.91,11.94,0.02,+0.17%,0
"2023-08-29 15:36",11.92,11.97,11.92,11.97,0.03,+0.25%,0
"2023-08-29 15:37",11.97,11.98,11.95,11.96,-0.01,-0.08%,0
"2023-08-29 15:38",11.95,11.97,11.95,11.96,0,0.00%,0
"2023-08-29 15:39",11.96,11.97,11.96,11.97,0.01,+0.08%,0
"2023-08-29 15:40",12,12.01,12,12.01,0.04,+0.33%,0
"2023-08-29 15:41",12.02,12.04,12.01,12.01,0,0.00%,0
"2023-08-29 15:42",12,12.05,12,12.05,0.04,+0.33%,0
"2023-08-29 15:43",12.04,12.05,12.04,12.05,0,0.00%,0
"2023-08-29 15:44",12.05,12.13,12.05,12.11,0.06,+0.50%,0
"2023-08-29 15:45",12.13,12.2,12.13,12.2,0.09,+0.74%,0
"2023-08-29 15:46",12.2,12.25,12.2,12.24,0.04,+0.33%,0
"2023-08-29 15:47",12.24,12.25,12.23,12.25,0.01,+0.08%,0
"2023-08-29 15:48",12.23,12.24,12.21,12.21,-0.04,-0.33%,0
"2023-08-29 15:49",12.2,12.21,12.17,12.17,-0.04,-0.33%,0
"2023-08-29 15:50",12.17,12.17,12.15,12.15,-0.02,-0.16%,0
"2023-08-29 15:51",12.1,12.11,12.07,12.07,-0.08,-0.66%,0
"2023-08-29 15:52",12.05,12.06,11.99,12.01,-0.06,-0.50%,0
"2023-08-29 15:53",11.98,11.99,11.97,11.97,-0.04,-0.33%,0
"2023-08-29 15:54",11.98,12.07,11.98,12.07,0.1,+0.84%,0
"2023-08-29 15:55",12.09,12.09,12.06,12.06,-0.01,-0.08%,0
"2023-08-29 15:56",12.12,12.13,12.12,12.12,0.06,+0.50%,0
"2023-08-29 15:57",12.17,12.21,12.17,12.18,0.06,+0.50%,0
"2023-08-29 15:58",12.17,12.25,12.17,12.19,0.01,+0.08%,0
"2023-08-29 15:59",12.18,12.24,12.18,12.24,0.05,+0.41%,0
"2023-08-29 16:00",12.16,12.16,12.02,12.03,-0.21,-1.72%,0
"2023-08-29 16:01",11.98,11.98,11.9,11.91,-0.12,-1.00%,0
"2023-08-29 16:02",11.88,11.98,11.88,11.98,0.07,+0.59%,0
"2023-08-29 16:03",12.01,12.06,12.01,12.05,0.07,+0.58%,0
"2023-08-29 16:04",12.06,12.08,12.05,12.05,0,0.00%,0
"2023-08-29 16:05",12.06,12.06,12.04,12.04,-0.01,-0.08%,0
"2023-08-29 16:06",12.04,12.04,12.01,12.01,-0.03,-0.25%,0
"2023-08-29 16:07",12,12,11.98,11.99,-0.02,-0.17%,0
"2023-08-29 16:08",11.98,12.09,11.98,12.08,0.09,+0.75%,0
"2023-08-29 16:09",12.06,12.07,12.02,12.02,-0.06,-0.50%,0
"2023-08-29 16:10",12,12.01,12,12.01,-0.01,-0.08%,0
"2023-08-29 16:11",12.04,12.08,12.04,12.08,0.07,+0.58%,0
"2023-08-29 16:12",12.15,12.2,12.15,12.2,0.12,+0.99%,0
"2023-08-29 16:13",12.2,12.22,12.19,12.19,-0.01,-0.08%,0
"2023-08-29 16:14",12.21,12.29,12.21,12.29,0.1,+0.82%,0
"2023-08-29 16:15",12.31,12.31,12.31,12.31,0.02,+0.16%,0
"2023-08-30 09:31",10.05,10.19,10.05,10.19,-2.12,-17.22%,0
"2023-08-30 09:32",10.12,10.15,10.11,10.15,-0.04,-0.39%,0
"2023-08-30 09:33",10.21,10.29,10.21,10.28,0.13,+1.28%,0
"2023-08-30 09:34",10.28,10.37,10.28,10.37,0.09,+0.88%,0
"2023-08-30 09:35",10.4,10.48,10.4,10.47,0.1,+0.96%,0
"2023-08-30 09:36",10.49,10.65,10.49,10.65,0.18,+1.72%,0
"2023-08-30 09:37",10.64,10.73,10.64,10.73,0.08,+0.75%,0
"2023-08-30 09:38",10.67,10.67,10.55,10.57,-0.16,-1.49%,0
"2023-08-30 09:39",10.58,10.58,10.5,10.5,-0.07,-0.66%,0
"2023-08-30 09:40",10.54,10.6,10.54,10.6,0.1,+0.95%,0
"2023-08-30 09:41",10.62,10.66,10.61,10.66,0.06,+0.57%,0
"2023-08-30 09:42",10.65,10.67,10.64,10.67,0.01,+0.09%,0
"2023-08-30 09:43",10.64,10.64,10.58,10.63,-0.04,-0.37%,0
"2023-08-30 09:44",10.63,10.65,10.6,10.65,0.02,+0.19%,0
"2023-08-30 09:45",10.62,10.62,10.57,10.58,-0.07,-0.66%,0
"2023-08-30 09:46",10.52,10.55,10.52,10.53,-0.05,-0.47%,0
"2023-08-30 09:47",10.52,10.55,10.52,10.54,0.01,+0.09%,0
"2023-08-30 09:48",10.47,10.56,10.43,10.56,0.02,+0.19%,0
"2023-08-30 09:49",10.5,10.5,10.38,10.45,-0.11,-1.04%,0
"2023-08-30 09:50",10.49,10.54,10.49,10.49,0.04,+0.38%,0
"2023-08-30 09:51",10.43,10.5,10.43,10.47,-0.02,-0.19%,0
"2023-08-30 09:52",10.47,10.5,10.44,10.44,-0.03,-0.29%,0
"2023-08-30 09:53",10.41,10.45,10.38,10.45,0.01,+0.10%,0
"2023-08-30 09:54",10.41,10.43,10.41,10.41,-0.04,-0.38%,0
"2023-08-30 09:55",10.46,10.46,10.36,10.36,-0.05,-0.48%,0
"2023-08-30 09:56",10.3,10.43,10.3,10.43,0.07,+0.68%,0
"2023-08-30 09:57",10.39,10.43,10.35,10.35,-0.08,-0.77%,0
"2023-08-30 09:58",10.3,10.39,10.3,10.39,0.04,+0.39%,0
"2023-08-30 09:59",10.38,10.43,10.38,10.42,0.03,+0.29%,0
"2023-08-30 10:00",10.39,10.4,10.37,10.37,-0.05,-0.48%,0
"2023-08-30 10:01",10.35,10.36,10.35,10.35,-0.02,-0.19%,0
"2023-08-30 10:02",10.34,10.34,10.25,10.25,-0.1,-0.97%,0
"2023-08-30 10:03",10.27,10.31,10.27,10.29,0.04,+0.39%,0
"2023-08-30 10:04",10.3,10.3,10.22,10.22,-0.07,-0.68%,0
"2023-08-30 10:05",10.22,10.28,10.22,10.28,0.06,+0.59%,0
"2023-08-30 10:06",10.28,10.28,10.24,10.24,-0.04,-0.39%,0
"2023-08-30 10:07",10.21,10.28,10.21,10.28,0.04,+0.39%,0
"2023-08-30 10:08",10.27,10.29,10.27,10.27,-0.01,-0.10%,0
"2023-08-30 10:09",10.25,10.27,10.24,10.24,-0.03,-0.29%,0
"2023-08-30 10:10",10.23,10.29,10.23,10.29,0.05,+0.49%,0
"2023-08-30 10:11",10.28,10.33,10.28,10.33,0.04,+0.39%,0
"2023-08-30 10:12",10.3,10.3,10.23,10.23,-0.1,-0.97%,0
"2023-08-30 10:13",10.21,10.22,10.21,10.22,-0.01,-0.10%,0
"2023-08-30 10:14",10.2,10.2,9.89,9.89,-0.33,-3.23%,0
"2023-08-30 10:15",9.83,10.09,9.83,10.09,0.2,+2.02%,0
"2023-08-30 10:16",10.13,10.13,10.08,10.11,0.02,+0.20%,0
"2023-08-30 10:17",10.06,10.08,10.06,10.07,-0.04,-0.40%,0
"2023-08-30 10:18",10.04,10.06,9.98,9.98,-0.09,-0.89%,0
"2023-08-30 10:19",9.97,10.03,9.97,10,0.02,+0.20%,0
"2023-08-30 10:20",9.96,10.09,9.96,10.08,0.08,+0.80%,0
"2023-08-30 10:21",10.04,10.04,9.93,9.97,-0.11,-1.09%,0
"2023-08-30 10:22",10,10.03,9.97,10.03,0.06,+0.60%,0
"2023-08-30 10:23",10.07,10.12,10.07,10.07,0.04,+0.40%,0
"2023-08-30 10:24",10.07,10.21,10.07,10.19,0.12,+1.19%,0
"2023-08-30 10:25",10.1,10.29,10.1,10.29,0.1,+0.98%,0
"2023-08-30 10:26",10.15,10.46,10.15,10.46,0.17,+1.65%,0
"2023-08-30 10:27",10.28,10.37,10.26,10.37,-0.09,-0.86%,0
"2023-08-30 10:28",10.46,10.51,10.37,10.37,0,0.00%,0
"2023-08-30 10:29",10.2,10.21,10.06,10.06,-0.31,-2.99%,0
"2023-08-30 10:30",10.02,10.24,10.02,10.24,0.18,+1.79%,0
"2023-08-30 10:31",10.25,10.25,10.19,10.22,-0.02,-0.20%,0
"2023-08-30 10:32",10.17,10.17,10.13,10.13,-0.09,-0.88%,0
"2023-08-30 10:33",10.06,10.06,10.01,10.04,-0.09,-0.89%,0
"2023-08-30 10:34",10.05,10.05,9.92,9.92,-0.12,-1.20%,0
"2023-08-30 10:35",9.95,10.08,9.95,10.08,0.16,+1.61%,0
"2023-08-30 10:36",10.05,10.3,10.05,10.3,0.22,+2.18%,0
"2023-08-30 10:37",10.24,10.26,10.21,10.21,-0.09,-0.87%,0
"2023-08-30 10:38",10.24,10.4,10.24,10.28,0.07,+0.69%,0
"2023-08-30 10:39",10.23,10.26,10.22,10.25,-0.03,-0.29%,0
"2023-08-30 10:40",10.29,10.33,10.23,10.23,-0.02,-0.20%,0
"2023-08-30 10:41",10.29,10.33,10.29,10.32,0.09,+0.88%,0
"2023-08-30 10:42",10.35,10.49,10.35,10.49,0.17,+1.65%,0
"2023-08-30 10:43",10.4,10.4,10.3,10.31,-0.18,-1.72%,0
"2023-08-30 10:44",10.31,10.35,10.31,10.31,0,0.00%,0
"2023-08-30 10:45",10.28,10.28,10.26,10.28,-0.03,-0.29%,0
"2023-08-30 10:46",10.26,10.28,10.24,10.24,-0.04,-0.39%,0
"2023-08-30 10:47",10.23,10.31,10.23,10.31,0.07,+0.68%,0
"2023-08-30 10:48",10.36,10.36,10.32,10.32,0.01,+0.10%,0
"2023-08-30 10:49",10.29,10.32,10.27,10.3,-0.02,-0.19%,0
"2023-08-30 10:50",10.27,10.31,10.27,10.27,-0.03,-0.29%,0
"2023-08-30 10:51",10.28,10.28,10.24,10.24,-0.03,-0.29%,0
"2023-08-30 10:52",10.21,10.21,10.11,10.12,-0.12,-1.17%,0
"2023-08-30 10:53",10.12,10.12,10.07,10.1,-0.02,-0.20%,0
"2023-08-30 10:54",10.12,10.14,10.1,10.1,0,0.00%,0
"2023-08-30 10:55",10.07,10.1,10.07,10.08,-0.02,-0.20%,0
"2023-08-30 10:56",10.07,10.07,10.03,10.03,-0.05,-0.50%,0
"2023-08-30 10:57",10.05,10.08,10.05,10.05,0.02,+0.20%,0
"2023-08-30 10:58",10.06,10.09,10.06,10.09,0.04,+0.40%,0
"2023-08-30 10:59",10.06,10.06,10.03,10.04,-0.05,-0.50%,0
"2023-08-30 11:00",10.02,10.05,10.02,10.04,0,0.00%,0
"2023-08-30 11:01",10.01,10.04,10.01,10.01,-0.03,-0.30%,0
"2023-08-30 11:02",10.01,10.02,10.01,10.01,0,0.00%,0
"2023-08-30 11:03",10,10.13,10,10.13,0.12,+1.20%,0
"2023-08-30 11:04",10.22,10.22,10.12,10.12,-0.01,-0.10%,0
"2023-08-30 11:05",10.12,10.12,10.04,10.05,-0.07,-0.69%,0
"2023-08-30 11:06",10.07,10.08,10.06,10.06,0.01,+0.10%,0
"2023-08-30 11:07",10.06,10.06,10.03,10.03,-0.03,-0.30%,0
"2023-08-30 11:08",9.99,10.02,9.99,10.02,-0.01,-0.10%,0
"2023-08-30 11:09",10,10.07,10,10.07,0.05,+0.50%,0
"2023-08-30 11:10",10.07,10.07,10.04,10.04,-0.03,-0.30%,0
"2023-08-30 11:11",10.03,10.06,10.03,10.05,0.01,+0.10%,0
"2023-08-30 11:12",10.05,10.07,10.05,10.06,0.01,+0.10%,0
"2023-08-30 11:13",10.05,10.07,10.05,10.07,0.01,+0.10%,0
"2023-08-30 11:14",10.04,10.04,10,10.01,-0.06,-0.60%,0
"2023-08-30 11:15",9.99,10.03,9.99,10,-0.01,-0.10%,0
"2023-08-30 11:16",10.01,10.1,10,10.09,0.09,+0.90%,0
"2023-08-30 11:17",10.08,10.08,10.04,10.04,-0.05,-0.50%,0
"2023-08-30 11:18",10.03,10.03,9.98,9.98,-0.06,-0.60%,0
"2023-08-30 11:19",9.93,9.96,9.93,9.96,-0.02,-0.20%,0
"2023-08-30 11:20",9.95,9.95,9.94,9.95,-0.01,-0.10%,0
"2023-08-30 11:21",9.92,9.99,9.92,9.99,0.04,+0.40%,0
"2023-08-30 11:22",9.99,10.03,9.99,9.99,0,0.00%,0
"2023-08-30 11:23",9.97,9.99,9.96,9.99,0,0.00%,0
"2023-08-30 11:24",10.01,10.04,10.01,10.02,0.03,+0.30%,0
"2023-08-30 11:25",10.01,10.05,10.01,10.04,0.02,+0.20%,0
"2023-08-30 11:26",10.04,10.06,10.02,10.02,-0.02,-0.20%,0
"2023-08-30 11:27",10.01,10.03,10.01,10.02,0,0.00%,0
"2023-08-30 11:28",10,10,9.94,9.94,-0.08,-0.80%,0
"2023-08-30 11:29",9.88,9.91,9.88,9.88,-0.06,-0.60%,0
"2023-08-30 11:30",9.88,9.9,9.88,9.9,0.02,+0.20%,0
"2023-08-30 11:31",9.89,9.92,9.89,9.89,-0.01,-0.10%,0
"2023-08-30 11:32",9.9,9.9,9.87,9.89,0,0.00%,0
"2023-08-30 11:33",9.88,9.9,9.88,9.9,0.01,+0.10%,0
"2023-08-30 11:34",9.9,9.92,9.89,9.89,-0.01,-0.10%,0
"2023-08-30 11:35",9.9,9.91,9.88,9.88,-0.01,-0.10%,0
"2023-08-30 11:36",9.85,9.85,9.77,9.83,-0.05,-0.51%,0
"2023-08-30 11:37",9.82,9.82,9.7,9.71,-0.12,-1.22%,0
"2023-08-30 11:38",9.72,9.73,9.67,9.69,-0.02,-0.21%,0
"2023-08-30 11:39",9.65,9.7,9.65,9.7,0.01,+0.10%,0
"2023-08-30 11:40",9.7,9.72,9.7,9.71,0.01,+0.10%,0
"2023-08-30 11:41",9.72,9.76,9.72,9.75,0.04,+0.41%,0
"2023-08-30 11:42",9.72,9.73,9.68,9.68,-0.07,-0.72%,0
"2023-08-30 11:43",9.69,9.75,9.69,9.72,0.04,+0.41%,0
"2023-08-30 11:44",9.73,9.76,9.73,9.76,0.04,+0.41%,0
"2023-08-30 11:45",9.73,9.73,9.71,9.71,-0.05,-0.51%,0
"2023-08-30 11:46",9.72,9.75,9.72,9.74,0.03,+0.31%,0
"2023-08-30 11:47",9.74,9.79,9.74,9.78,0.04,+0.41%,0
"2023-08-30 11:48",9.79,9.81,9.79,9.81,0.03,+0.31%,0
"2023-08-30 11:49",9.81,9.84,9.81,9.84,0.03,+0.31%,0
"2023-08-30 11:50",9.82,9.86,9.82,9.86,0.02,+0.20%,0
"2023-08-30 11:51",9.91,9.93,9.89,9.89,0.03,+0.30%,0
"2023-08-30 11:52",9.92,9.93,9.87,9.87,-0.02,-0.20%,0
"2023-08-30 11:53",9.86,9.87,9.86,9.86,-0.01,-0.10%,0
"2023-08-30 11:54",9.86,9.88,9.86,9.86,0,0.00%,0
"2023-08-30 11:55",9.83,9.85,9.82,9.82,-0.04,-0.41%,0
"2023-08-30 11:56",9.84,9.86,9.84,9.86,0.04,+0.41%,0
"2023-08-30 11:57",9.86,9.89,9.86,9.87,0.01,+0.10%,0
"2023-08-30 11:58",9.87,9.9,9.87,9.9,0.03,+0.30%,0
"2023-08-30 11:59",9.88,9.88,9.87,9.87,-0.03,-0.30%,0
"2023-08-30 12:00",9.87,9.88,9.86,9.86,-0.01,-0.10%,0
"2023-08-30 12:01",9.89,9.92,9.88,9.92,0.06,+0.61%,0
"2023-08-30 12:02",9.92,9.94,9.92,9.94,0.02,+0.20%,0
"2023-08-30 12:03",9.94,9.94,9.94,9.94,0,0.00%,0
"2023-08-30 12:04",9.94,9.96,9.92,9.92,-0.02,-0.20%,0
"2023-08-30 12:05",9.9,9.93,9.9,9.93,0.01,+0.10%,0
"2023-08-30 12:06",9.94,9.98,9.94,9.98,0.05,+0.50%,0
"2023-08-30 12:07",9.97,10,9.97,9.98,0,0.00%,0
"2023-08-30 12:08",9.98,10.02,9.98,10.01,0.03,+0.30%,0
"2023-08-30 12:09",9.98,10.01,9.98,10,-0.01,-0.10%,0
"2023-08-30 12:10",9.98,10.07,9.98,10.07,0.07,+0.70%,0
"2023-08-30 12:11",10.09,10.09,10.07,10.07,0,0.00%,0
"2023-08-30 12:12",10.11,10.11,10.09,10.09,0.02,+0.20%,0
"2023-08-30 12:13",10.09,10.12,10.09,10.11,0.02,+0.20%,0
"2023-08-30 12:14",10.11,10.11,10.1,10.1,-0.01,-0.10%,0
"2023-08-30 12:15",10.09,10.12,10.09,10.1,0,0.00%,0
"2023-08-30 12:16",10.05,10.16,10.05,10.16,0.06,+0.59%,0
"2023-08-30 12:17",10.12,10.18,10.09,10.1,-0.06,-0.59%,0
"2023-08-30 12:18",10.1,10.13,10.09,10.13,0.03,+0.30%,0
"2023-08-30 12:19",10.11,10.16,10.11,10.11,-0.02,-0.20%,0
"2023-08-30 12:20",10.11,10.12,10.11,10.12,0.01,+0.10%,0
"2023-08-30 12:21",10.12,10.13,10.09,10.09,-0.03,-0.30%,0
"2023-08-30 12:22",10.14,10.18,10.14,10.15,0.06,+0.59%,0
"2023-08-30 12:23",10.15,10.16,10.15,10.16,0.01,+0.10%,0
"2023-08-30 12:24",10.17,10.17,10.16,10.17,0.01,+0.10%,0
"2023-08-30 12:25",10.16,10.19,10.16,10.18,0.01,+0.10%,0
"2023-08-30 12:26",10.17,10.18,10.16,10.16,-0.02,-0.20%,0
"2023-08-30 12:27",10.16,10.19,10.16,10.17,0.01,+0.10%,0
"2023-08-30 12:28",10.18,10.2,10.18,10.18,0.01,+0.10%,0
"2023-08-30 12:29",10.17,10.17,10.16,10.16,-0.02,-0.20%,0
"2023-08-30 12:30",10.15,10.21,10.15,10.21,0.05,+0.49%,0
"2023-08-30 12:31",10.21,10.24,10.21,10.24,0.03,+0.29%,0
"2023-08-30 12:32",10.22,10.26,10.22,10.24,0,0.00%,0
"2023-08-30 12:33",10.21,10.25,10.21,10.21,-0.03,-0.29%,0
"2023-08-30 12:34",10.22,10.23,10.22,10.22,0.01,+0.10%,0
"2023-08-30 12:35",10.21,10.23,10.21,10.23,0.01,+0.10%,0
"2023-08-30 12:36",10.22,10.31,10.22,10.31,0.08,+0.78%,0
"2023-08-30 12:37",10.33,10.4,10.33,10.4,0.09,+0.87%,0
"2023-08-30 12:38",10.37,10.42,10.37,10.41,0.01,+0.10%,0
"2023-08-30 12:39",10.41,10.41,10.38,10.39,-0.02,-0.19%,0
"2023-08-30 12:40",10.35,10.37,10.32,10.32,-0.07,-0.67%,0
"2023-08-30 12:41",10.34,10.36,10.34,10.35,0.03,+0.29%,0
"2023-08-30 12:42",10.35,10.35,10.31,10.33,-0.02,-0.19%,0
"2023-08-30 12:43",10.33,10.36,10.33,10.35,0.02,+0.19%,0
"2023-08-30 12:44",10.34,10.35,10.31,10.31,-0.04,-0.39%,0
"2023-08-30 12:45",10.31,10.33,10.31,10.31,0,0.00%,0
"2023-08-30 12:46",10.26,10.28,10.26,10.26,-0.05,-0.48%,0
"2023-08-30 12:47",10.29,10.31,10.29,10.3,0.04,+0.39%,0
"2023-08-30 12:48",10.31,10.36,10.31,10.36,0.06,+0.58%,0
"2023-08-30 12:49",10.36,10.38,10.36,10.37,0.01,+0.10%,0
"2023-08-30 12:50",10.38,10.39,10.38,10.38,0.01,+0.10%,0
"2023-08-30 12:51",10.38,10.39,10.37,10.39,0.01,+0.10%,0
"2023-08-30 12:52",10.37,10.39,10.37,10.38,-0.01,-0.10%,0
"2023-08-30 12:53",10.4,10.48,10.4,10.48,0.1,+0.96%,0
"2023-08-30 12:54",10.48,10.5,10.48,10.5,0.02,+0.19%,0
"2023-08-30 12:55",10.51,10.51,10.5,10.5,0,0.00%,0
"2023-08-30 12:56",10.49,10.51,10.46,10.46,-0.04,-0.38%,0
"2023-08-30 12:57",10.45,10.48,10.44,10.44,-0.02,-0.19%,0
"2023-08-30 12:58",10.44,10.5,10.44,10.5,0.06,+0.57%,0
"2023-08-30 12:59",10.49,10.51,10.49,10.5,0,0.00%,0
"2023-08-30 13:00",10.48,10.49,10.48,10.49,-0.01,-0.10%,0
"2023-08-30 13:01",10.49,10.53,10.49,10.53,0.04,+0.38%,0
"2023-08-30 13:02",10.54,10.54,10.54,10.54,0.01,+0.09%,0
"2023-08-30 13:03",10.54,10.55,10.53,10.55,0.01,+0.09%,0
"2023-08-30 13:04",10.55,10.56,10.53,10.54,-0.01,-0.09%,0
"2023-08-30 13:05",10.54,10.56,10.54,10.56,0.02,+0.19%,0
"2023-08-30 13:06",10.57,10.61,10.57,10.6,0.04,+0.38%,0
"2023-08-30 13:07",10.6,10.62,10.6,10.6,0,0.00%,0
"2023-08-30 13:08",10.59,10.63,10.59,10.63,0.03,+0.28%,0
"2023-08-30 13:09",10.64,10.66,10.64,10.66,0.03,+0.28%,0
"2023-08-30 13:10",10.65,10.67,10.62,10.62,-0.04,-0.38%,0
"2023-08-30 13:11",10.63,10.65,10.63,10.64,0.02,+0.19%,0
"2023-08-30 13:12",10.63,10.65,10.63,10.63,-0.01,-0.09%,0
"2023-08-30 13:13",10.61,10.64,10.61,10.63,0,0.00%,0
"2023-08-30 13:14",10.63,10.65,10.63,10.65,0.02,+0.19%,0
"2023-08-30 13:15",10.65,10.67,10.65,10.67,0.02,+0.19%,0
"2023-08-30 13:16",10.7,10.77,10.7,10.77,0.1,+0.94%,0
"2023-08-30 13:17",10.79,10.81,10.75,10.75,-0.02,-0.19%,0
"2023-08-30 13:18",10.73,10.76,10.73,10.74,-0.01,-0.09%,0
"2023-08-30 13:19",10.74,10.76,10.74,10.76,0.02,+0.19%,0
"2023-08-30 13:20",10.79,10.8,10.79,10.8,0.04,+0.37%,0
"2023-08-30 13:21",10.81,10.81,10.8,10.81,0.01,+0.09%,0
"2023-08-30 13:22",10.81,10.81,10.78,10.79,-0.02,-0.19%,0
"2023-08-30 13:23",10.79,10.82,10.79,10.81,0.02,+0.19%,0
"2023-08-30 13:24",10.8,10.85,10.8,10.85,0.04,+0.37%,0
"2023-08-30 13:25",10.87,10.93,10.87,10.93,0.08,+0.74%,0
"2023-08-30 13:26",10.94,10.95,10.92,10.92,-0.01,-0.09%,0
"2023-08-30 13:27",10.92,10.93,10.91,10.93,0.01,+0.09%,0
"2023-08-30 13:28",10.93,10.95,10.93,10.94,0.01,+0.09%,0
"2023-08-30 13:29",10.95,11.02,10.95,11.02,0.08,+0.73%,0
"2023-08-30 13:30",11.01,11.04,11.01,11.02,0,0.00%,0
"2023-08-30 13:31",10.99,10.99,10.97,10.97,-0.05,-0.45%,0
"2023-08-30 13:32",10.96,11,10.96,10.98,0.01,+0.09%,0
"2023-08-30 13:33",10.98,11,10.98,10.99,0.01,+0.09%,0
"2023-08-30 13:34",10.97,11,10.97,10.99,0,0.00%,0
"2023-08-30 13:35",11,11.01,11,11.01,0.02,+0.18%,0
"2023-08-30 13:36",11.01,11.07,11.01,11.07,0.06,+0.54%,0
"2023-08-30 13:37",11.04,11.06,11.03,11.03,-0.04,-0.36%,0
"2023-08-30 13:38",10.99,11.01,10.99,11.01,-0.02,-0.18%,0
"2023-08-30 13:39",11.01,11.05,11.01,11.04,0.03,+0.27%,0
"2023-08-30 13:40",11.04,11.05,11.04,11.05,0.01,+0.09%,0
"2023-08-30 13:41",11.06,11.08,11.06,11.06,0.01,+0.09%,0
"2023-08-30 13:42",11.06,11.08,11.06,11.08,0.02,+0.18%,0
"2023-08-30 13:43",11.08,11.11,11.08,11.11,0.03,+0.27%,0
"2023-08-30 13:44",11.1,11.12,11.1,11.11,0,0.00%,0
"2023-08-30 13:45",11.09,11.11,11.07,11.11,0,0.00%,0
"2023-08-30 13:46",11.1,11.15,11.1,11.15,0.04,+0.36%,0
"2023-08-30 13:47",11.15,11.18,11.15,11.18,0.03,+0.27%,0
"2023-08-30 13:48",11.19,11.21,11.19,11.2,0.02,+0.18%,0
"2023-08-30 13:49",11.19,11.19,11.18,11.18,-0.02,-0.18%,0
"2023-08-30 13:50",11.18,11.25,11.18,11.25,0.07,+0.63%,0
"2023-08-30 13:51",11.24,11.29,11.24,11.29,0.04,+0.36%,0
"2023-08-30 13:52",11.3,11.49,11.3,11.49,0.2,+1.77%,0
"2023-08-30 13:53",11.47,11.47,11.4,11.4,-0.09,-0.78%,0
"2023-08-30 13:54",11.39,11.48,11.39,11.48,0.08,+0.70%,0
"2023-08-30 13:55",11.48,11.51,11.48,11.51,0.03,+0.26%,0
"2023-08-30 13:56",11.53,11.61,11.53,11.61,0.1,+0.87%,0
"2023-08-30 13:57",11.68,11.73,11.68,11.73,0.12,+1.03%,0
"2023-08-30 13:58",11.66,11.7,11.64,11.64,-0.09,-0.77%,0
"2023-08-30 13:59",11.54,11.54,11.51,11.53,-0.11,-0.95%,0
"2023-08-30 14:00",11.51,11.51,11.46,11.48,-0.05,-0.43%,0
"2023-08-30 14:01",11.47,11.57,11.47,11.57,0.09,+0.78%,0
"2023-08-30 14:02",11.63,11.7,11.63,11.63,0.06,+0.52%,0
"2023-08-30 14:03",11.61,11.61,11.59,11.59,-0.04,-0.34%,0
"2023-08-30 14:04",11.58,11.63,11.58,11.62,0.03,+0.26%,0
"2023-08-30 14:05",11.62,11.7,11.62,11.7,0.08,+0.69%,0
"2023-08-30 14:06",11.76,11.76,11.71,11.71,0.01,+0.09%,0
"2023-08-30 14:07",11.72,11.93,11.72,11.93,0.22,+1.88%,0
"2023-08-30 14:08",11.91,11.91,11.73,11.73,-0.2,-1.68%,0
"2023-08-30 14:09",11.74,11.74,11.72,11.74,0.01,+0.09%,0
"2023-08-30 14:10",11.74,11.89,11.74,11.83,0.09,+0.77%,0
"2023-08-30 14:11",11.74,11.85,11.74,11.84,0.01,+0.08%,0
"2023-08-30 14:12",11.85,11.87,11.79,11.79,-0.05,-0.42%,0
"2023-08-30 14:13",11.74,11.79,11.74,11.78,-0.01,-0.08%,0
"2023-08-30 14:14",11.77,11.77,11.67,11.67,-0.11,-0.93%,0
"2023-08-30 14:15",11.65,11.66,11.63,11.66,-0.01,-0.09%,0
"2023-08-30 14:16",11.63,11.63,11.62,11.62,-0.04,-0.34%,0
"2023-08-30 14:17",11.62,11.64,11.62,11.64,0.02,+0.17%,0
"2023-08-30 14:18",11.65,11.72,11.65,11.72,0.08,+0.69%,0
"2023-08-30 14:19",11.79,11.79,11.73,11.73,0.01,+0.09%,0
"2023-08-30 14:20",11.7,11.7,11.67,11.69,-0.04,-0.34%,0
"2023-08-30 14:21",11.7,11.74,11.7,11.74,0.05,+0.43%,0
"2023-08-30 14:22",11.74,11.77,11.71,11.71,-0.03,-0.26%,0
"2023-08-30 14:23",11.7,11.72,11.7,11.72,0.01,+0.09%,0
"2023-08-30 14:24",11.74,11.76,11.73,11.74,0.02,+0.17%,0
"2023-08-30 14:25",11.76,11.92,11.76,11.92,0.18,+1.53%,0
"2023-08-30 14:26",11.95,11.95,11.86,11.86,-0.06,-0.50%,0
"2023-08-30 14:27",11.88,11.89,11.82,11.82,-0.04,-0.34%,0
"2023-08-30 14:28",11.83,11.85,11.82,11.85,0.03,+0.25%,0
"2023-08-30 14:29",11.85,11.93,11.85,11.93,0.08,+0.68%,0
"2023-08-30 14:30",11.93,11.94,11.88,11.89,-0.04,-0.34%,0
"2023-08-30 14:31",11.79,11.79,11.74,11.74,-0.15,-1.26%,0
"2023-08-30 14:32",11.72,11.72,11.7,11.7,-0.04,-0.34%,0
"2023-08-30 14:33",11.7,11.71,11.69,11.69,-0.01,-0.09%,0
"2023-08-30 14:34",11.67,11.69,11.67,11.69,0,0.00%,0
"2023-08-30 14:35",11.64,11.68,11.64,11.67,-0.02,-0.17%,0
"2023-08-30 14:36",11.67,11.71,11.67,11.68,0.01,+0.09%,0
"2023-08-30 14:37",11.67,11.68,11.61,11.61,-0.07,-0.60%,0
"2023-08-30 14:38",11.61,11.61,11.57,11.57,-0.04,-0.34%,0
"2023-08-30 14:39",11.52,11.58,11.52,11.58,0.01,+0.09%,0
"2023-08-30 14:40",11.6,11.62,11.59,11.59,0.01,+0.09%,0
"2023-08-30 14:41",11.54,11.54,11.5,11.52,-0.07,-0.60%,0
"2023-08-30 14:42",11.5,11.52,11.48,11.48,-0.04,-0.35%,0
"2023-08-30 14:43",11.47,11.47,11.45,11.45,-0.03,-0.26%,0
"2023-08-30 14:44",11.44,11.44,11.4,11.4,-0.05,-0.44%,0
"2023-08-30 14:45",11.4,11.4,11.35,11.35,-0.05,-0.44%,0
"2023-08-30 14:46",11.34,11.36,11.34,11.35,0,0.00%,0
"2023-08-30 14:47",11.34,11.43,11.34,11.42,0.07,+0.62%,0
"2023-08-30 14:48",11.44,11.53,11.44,11.49,0.07,+0.61%,0
"2023-08-30 14:49",11.49,11.54,11.48,11.48,-0.01,-0.09%,0
"2023-08-30 14:50",11.48,11.5,11.44,11.44,-0.04,-0.35%,0
"2023-08-30 14:51",11.45,11.48,11.45,11.48,0.04,+0.35%,0
"2023-08-30 14:52",11.48,11.49,11.46,11.46,-0.02,-0.17%,0
"2023-08-30 14:53",11.47,11.5,11.47,11.5,0.04,+0.35%,0
"2023-08-30 14:54",11.49,11.5,11.49,11.5,0,0.00%,0
"2023-08-30 14:55",11.5,11.52,11.49,11.49,-0.01,-0.09%,0
"2023-08-30 14:56",11.5,11.52,11.5,11.51,0.02,+0.17%,0
"2023-08-30 14:57",11.5,11.51,11.5,11.51,0,0.00%,0
"2023-08-30 14:58",11.5,11.54,11.5,11.52,0.01,+0.09%,0
"2023-08-30 14:59",11.53,11.53,11.52,11.52,0,0.00%,0
"2023-08-30 15:00",11.51,11.51,11.47,11.47,-0.05,-0.43%,0
"2023-08-30 15:01",11.47,11.53,11.47,11.53,0.06,+0.52%,0
"2023-08-30 15:02",11.54,11.57,11.54,11.54,0.01,+0.09%,0
"2023-08-30 15:03",11.55,11.57,11.55,11.56,0.02,+0.17%,0
"2023-08-30 15:04",11.56,11.57,11.54,11.54,-0.02,-0.17%,0
"2023-08-30 15:05",11.54,11.57,11.54,11.55,0.01,+0.09%,0
"2023-08-30 15:06",11.56,11.58,11.56,11.56,0.01,+0.09%,0
"2023-08-30 15:07",11.54,11.56,11.52,11.53,-0.03,-0.26%,0
"2023-08-30 15:08",11.58,11.59,11.56,11.56,0.03,+0.26%,0
"2023-08-30 15:09",11.55,11.55,11.53,11.53,-0.03,-0.26%,0
"2023-08-30 15:10",11.53,11.58,11.53,11.58,0.05,+0.43%,0
"2023-08-30 15:11",11.58,11.61,11.58,11.59,0.01,+0.09%,0
"2023-08-30 15:12",11.58,11.62,11.58,11.59,0,0.00%,0
"2023-08-30 15:13",11.62,11.66,11.62,11.65,0.06,+0.52%,0
"2023-08-30 15:14",11.65,11.65,11.62,11.62,-0.03,-0.26%,0
"2023-08-30 15:15",11.59,11.6,11.58,11.58,-0.04,-0.34%,0
"2023-08-30 15:16",11.57,11.63,11.57,11.61,0.03,+0.26%,0
"2023-08-30 15:17",11.61,11.67,11.61,11.64,0.03,+0.26%,0
"2023-08-30 15:18",11.64,11.67,11.64,11.65,0.01,+0.09%,0
"2023-08-30 15:19",11.64,11.68,11.64,11.68,0.03,+0.26%,0
"2023-08-30 15:20",11.67,11.68,11.67,11.68,0,0.00%,0
"2023-08-30 15:21",11.69,11.81,11.69,11.81,0.13,+1.11%,0
"2023-08-30 15:22",11.83,11.88,11.82,11.82,0.01,+0.08%,0
"2023-08-30 15:23",11.77,11.8,11.73,11.73,-0.09,-0.76%,0
"2023-08-30 15:24",11.73,11.73,11.71,11.71,-0.02,-0.17%,0
"2023-08-30 15:25",11.71,11.83,11.71,11.83,0.12,+1.02%,0
"2023-08-30 15:26",11.82,11.84,11.82,11.83,0,0.00%,0
"2023-08-30 15:27",11.82,11.85,11.82,11.85,0.02,+0.17%,0
"2023-08-30 15:28",11.84,11.87,11.82,11.82,-0.03,-0.25%,0
"2023-08-30 15:29",11.81,11.84,11.81,11.84,0.02,+0.17%,0
"2023-08-30 15:30",11.82,11.82,11.81,11.81,-0.03,-0.25%,0
"2023-08-30 15:31",11.78,11.87,11.78,11.87,0.06,+0.51%,0
"2023-08-30 15:32",11.86,11.88,11.86,11.87,0,0.00%,0
"2023-08-30 15:33",11.88,11.88,11.86,11.86,-0.01,-0.08%,0
"2023-08-30 15:34",11.83,11.83,11.79,11.79,-0.07,-0.59%,0
"2023-08-30 15:35",11.82,11.84,11.82,11.82,0.03,+0.25%,0
"2023-08-30 15:36",11.84,11.86,11.81,11.81,-0.01,-0.08%,0
"2023-08-30 15:37",11.81,11.86,11.81,11.86,0.05,+0.42%,0
"2023-08-30 15:38",11.85,11.9,11.85,11.9,0.04,+0.34%,0
"2023-08-30 15:39",11.87,11.91,11.87,11.91,0.01,+0.08%,0
"2023-08-30 15:40",11.94,11.97,11.94,11.97,0.06,+0.50%,0
"2023-08-30 15:41",11.98,12.01,11.98,11.98,0.01,+0.08%,0
"2023-08-30 15:42",11.97,12,11.97,11.99,0.01,+0.08%,0
"2023-08-30 15:43",11.98,11.98,11.92,11.92,-0.07,-0.58%,0
"2023-08-30 15:44",11.92,11.95,11.87,11.87,-0.05,-0.42%,0
"2023-08-30 15:45",11.85,11.85,11.81,11.81,-0.06,-0.51%,0
"2023-08-30 15:46",11.83,11.84,11.82,11.83,0.02,+0.17%,0
"2023-08-30 15:47",11.8,11.82,11.76,11.76,-0.07,-0.59%,0
"2023-08-30 15:48",11.75,11.75,11.73,11.74,-0.02,-0.17%,0
"2023-08-30 15:49",11.73,11.75,11.73,11.74,0,0.00%,0
"2023-08-30 15:50",11.73,11.77,11.73,11.73,-0.01,-0.09%,0
"2023-08-30 15:51",11.68,11.7,11.67,11.7,-0.03,-0.26%,0
"2023-08-30 15:52",11.71,11.73,11.71,11.72,0.02,+0.17%,0
"2023-08-30 15:53",11.71,11.81,11.71,11.81,0.09,+0.77%,0
"2023-08-30 15:54",11.84,11.88,11.84,11.84,0.03,+0.25%,0
"2023-08-30 15:55",11.77,11.77,11.73,11.73,-0.11,-0.93%,0
"2023-08-30 15:56",11.72,11.83,11.72,11.8,0.07,+0.60%,0
"2023-08-30 15:57",11.78,11.79,11.73,11.73,-0.07,-0.59%,0
"2023-08-30 15:58",11.74,11.76,11.74,11.75,0.02,+0.17%,0
"2023-08-30 15:59",11.75,11.84,11.75,11.83,0.08,+0.68%,0
"2023-08-30 16:00",11.82,11.82,11.7,11.71,-0.12,-1.01%,0
"2023-08-30 16:01",11.69,11.69,11.62,11.62,-0.09,-0.77%,0
"2023-08-30 16:02",11.6,11.71,11.59,11.71,0.09,+0.77%,0
"2023-08-30 16:03",11.71,11.71,11.66,11.66,-0.05,-0.43%,0
"2023-08-30 16:04",11.63,11.65,11.63,11.65,-0.01,-0.09%,0
"2023-08-30 16:05",11.64,11.69,11.64,11.69,0.04,+0.34%,0
"2023-08-30 16:06",11.69,11.71,11.69,11.69,0,0.00%,0
"2023-08-30 16:07",11.68,11.7,11.67,11.67,-0.02,-0.17%,0
"2023-08-30 16:08",11.74,11.75,11.74,11.75,0.08,+0.69%,0
"2023-08-30 16:09",11.76,11.78,11.75,11.78,0.03,+0.26%,0
"2023-08-30 16:10",11.77,11.8,11.77,11.8,0.02,+0.17%,0
"2023-08-30 16:11",11.81,11.83,11.81,11.82,0.02,+0.17%,0
"2023-08-30 16:12",11.82,11.86,11.82,11.86,0.04,+0.34%,0
"2023-08-30 16:13",11.86,11.93,11.86,11.93,0.07,+0.59%,0
"2023-08-30 16:14",11.93,11.98,11.93,11.98,0.05,+0.42%,0
"2023-08-30 16:15",11.98,11.98,11.98,11.98,0,0.00%,0
"2023-08-31 09:31",9.85,9.89,9.85,9.89,-2.09,-17.45%,0
"2023-08-31 09:32",9.87,9.99,9.87,9.98,0.09,+0.91%,0
"2023-08-31 09:33",10.01,10.11,10.01,10.11,0.13,+1.30%,0
"2023-08-31 09:34",10.17,10.2,9.95,9.95,-0.16,-1.58%,0
"2023-08-31 09:35",10.02,10.1,10.02,10.04,0.09,+0.90%,0
"2023-08-31 09:36",10.05,10.05,10.03,10.05,0.01,+0.10%,0
"2023-08-31 09:37",10.08,10.08,10.06,10.08,0.03,+0.30%,0
"2023-08-31 09:38",10.07,10.09,10.07,10.09,0.01,+0.10%,0
"2023-08-31 09:39",10.09,10.13,10.09,10.1,0.01,+0.10%,0
"2023-08-31 09:40",10.14,10.14,10.1,10.12,0.02,+0.20%,0
"2023-08-31 09:41",10.15,10.16,10.15,10.16,0.04,+0.40%,0
"2023-08-31 09:42",10.17,10.24,10.17,10.24,0.08,+0.79%,0
"2023-08-31 09:43",10.27,10.27,10.15,10.23,-0.01,-0.10%,0
"2023-08-31 09:44",10.19,10.19,10.12,10.12,-0.11,-1.08%,0
"2023-08-31 09:45",10.13,10.13,9.96,9.97,-0.15,-1.48%,0
"2023-08-31 09:46",9.92,10.07,9.92,10.07,0.1,+1.00%,0
"2023-08-31 09:47",10.11,10.24,10.11,10.24,0.17,+1.69%,0
"2023-08-31 09:48",10.21,10.21,10.15,10.17,-0.07,-0.68%,0
"2023-08-31 09:49",10.17,10.17,10.12,10.12,-0.05,-0.49%,0
"2023-08-31 09:50",10.05,10.1,10.05,10.08,-0.04,-0.40%,0
"2023-08-31 09:51",10.12,10.15,10.12,10.13,0.05,+0.50%,0
"2023-08-31 09:52",10.11,10.11,10.08,10.08,-0.05,-0.49%,0
"2023-08-31 09:53",10.06,10.06,10.06,10.06,-0.02,-0.20%,0
"2023-08-31 09:54",10,10.01,9.97,9.97,-0.09,-0.89%,0
"2023-08-31 09:55",9.96,10,9.96,10,0.03,+0.30%,0
"2023-08-31 09:56",9.98,9.99,9.93,9.93,-0.07,-0.70%,0
"2023-08-31 09:57",9.89,9.89,9.76,9.76,-0.17,-1.71%,0
"2023-08-31 09:58",9.79,9.93,9.79,9.93,0.17,+1.74%,0
"2023-08-31 09:59",9.87,9.9,9.87,9.89,-0.04,-0.40%,0
"2023-08-31 10:00",9.86,9.88,9.81,9.81,-0.08,-0.81%,0
"2023-08-31 10:01",9.8,9.82,9.76,9.76,-0.05,-0.51%,0
"2023-08-31 10:02",9.76,9.8,9.76,9.76,0,0.00%,0
"2023-08-31 10:03",9.79,9.8,9.78,9.78,0.02,+0.20%,0
"2023-08-31 10:04",9.75,9.78,9.75,9.78,0,0.00%,0
"2023-08-31 10:05",9.78,9.81,9.78,9.8,0.02,+0.20%,0
"2023-08-31 10:06",9.79,9.85,9.79,9.8,0,0.00%,0
"2023-08-31 10:07",9.79,9.82,9.79,9.81,0.01,+0.10%,0
"2023-08-31 10:08",9.82,9.82,9.77,9.77,-0.04,-0.41%,0
"2023-08-31 10:09",9.74,9.77,9.74,9.77,0,0.00%,0
"2023-08-31 10:10",9.76,9.78,9.76,9.77,0,0.00%,0
"2023-08-31 10:11",9.83,9.85,9.82,9.82,0.05,+0.51%,0
"2023-08-31 10:12",9.8,9.8,9.71,9.71,-0.11,-1.12%,0
"2023-08-31 10:13",9.68,9.71,9.65,9.65,-0.06,-0.62%,0
"2023-08-31 10:14",9.63,9.69,9.63,9.66,0.01,+0.10%,0
"2023-08-31 10:15",9.67,9.71,9.67,9.7,0.04,+0.41%,0
"2023-08-31 10:16",9.72,9.76,9.72,9.73,0.03,+0.31%,0
"2023-08-31 10:17",9.7,9.71,9.69,9.69,-0.04,-0.41%,0
"2023-08-31 10:18",9.7,9.7,9.65,9.65,-0.04,-0.41%,0
"2023-08-31 10:19",9.65,9.66,9.65,9.65,0,0.00%,0
"2023-08-31 10:20",9.66,9.67,9.64,9.64,-0.01,-0.10%,0
"2023-08-31 10:21",9.64,9.65,9.61,9.61,-0.03,-0.31%,0
"2023-08-31 10:22",9.6,9.61,9.6,9.6,-0.01,-0.10%,0
"2023-08-31 10:23",9.59,9.64,9.59,9.64,0.04,+0.42%,0
"2023-08-31 10:24",9.64,9.66,9.62,9.62,-0.02,-0.21%,0
"2023-08-31 10:25",9.61,9.69,9.61,9.69,0.07,+0.73%,0
"2023-08-31 10:26",9.67,9.67,9.61,9.61,-0.08,-0.83%,0
"2023-08-31 10:27",9.61,9.62,9.61,9.62,0.01,+0.10%,0
"2023-08-31 10:28",9.6,9.61,9.6,9.6,-0.02,-0.21%,0
"2023-08-31 10:29",9.6,9.61,9.6,9.61,0.01,+0.10%,0
"2023-08-31 10:30",9.56,9.6,9.56,9.6,-0.01,-0.10%,0
"2023-08-31 10:31",9.58,9.6,9.55,9.55,-0.05,-0.52%,0
"2023-08-31 10:32",9.55,9.56,9.53,9.53,-0.02,-0.21%,0
"2023-08-31 10:33",9.53,9.54,9.48,9.48,-0.05,-0.52%,0
"2023-08-31 10:34",9.49,9.51,9.49,9.5,0.02,+0.21%,0
"2023-08-31 10:35",9.49,9.51,9.46,9.46,-0.04,-0.42%,0
"2023-08-31 10:36",9.44,9.48,9.44,9.46,0,0.00%,0
"2023-08-31 10:37",9.46,9.48,9.46,9.47,0.01,+0.11%,0
"2023-08-31 10:38",9.48,9.52,9.48,9.52,0.05,+0.53%,0
"2023-08-31 10:39",9.51,9.53,9.49,9.49,-0.03,-0.32%,0
"2023-08-31 10:40",9.47,9.54,9.47,9.51,0.02,+0.21%,0
"2023-08-31 10:41",9.53,9.53,9.5,9.5,-0.01,-0.11%,0
"2023-08-31 10:42",9.5,9.54,9.5,9.54,0.04,+0.42%,0
"2023-08-31 10:43",9.55,9.57,9.52,9.52,-0.02,-0.21%,0
"2023-08-31 10:44",9.5,9.53,9.5,9.53,0.01,+0.11%,0
"2023-08-31 10:45",9.57,9.59,9.57,9.59,0.06,+0.63%,0
"2023-08-31 10:46",9.53,9.54,9.52,9.52,-0.07,-0.73%,0
"2023-08-31 10:47",9.46,9.5,9.46,9.48,-0.04,-0.42%,0
"2023-08-31 10:48",9.46,9.5,9.45,9.5,0.02,+0.21%,0
"2023-08-31 10:49",9.49,9.54,9.49,9.52,0.02,+0.21%,0
"2023-08-31 10:50",9.53,9.57,9.53,9.57,0.05,+0.53%,0
"2023-08-31 10:51",9.56,9.65,9.56,9.65,0.08,+0.84%,0
"2023-08-31 10:52",9.66,9.7,9.61,9.66,0.01,+0.10%,0
"2023-08-31 10:53",9.57,9.57,9.49,9.49,-0.17,-1.76%,0
"2023-08-31 10:54",9.52,9.57,9.52,9.57,0.08,+0.84%,0
"2023-08-31 10:55",9.58,9.58,9.56,9.56,-0.01,-0.10%,0
"2023-08-31 10:56",9.59,9.6,9.59,9.6,0.04,+0.42%,0
"2023-08-31 10:57",9.58,9.59,9.57,9.57,-0.03,-0.31%,0
"2023-08-31 10:58",9.6,9.61,9.59,9.59,0.02,+0.21%,0
"2023-08-31 10:59",9.58,9.58,9.55,9.55,-0.04,-0.42%,0
"2023-08-31 11:00",9.53,9.54,9.53,9.54,-0.01,-0.10%,0
"2023-08-31 11:01",9.54,9.6,9.54,9.6,0.06,+0.63%,0
"2023-08-31 11:02",9.61,9.67,9.61,9.67,0.07,+0.73%,0
"2023-08-31 11:03",9.68,9.68,9.61,9.62,-0.05,-0.52%,0
"2023-08-31 11:04",9.64,9.65,9.64,9.65,0.03,+0.31%,0
"2023-08-31 11:05",9.64,9.75,9.64,9.75,0.1,+1.04%,0
"2023-08-31 11:06",9.71,9.73,9.64,9.64,-0.11,-1.13%,0
"2023-08-31 11:07",9.64,9.64,9.61,9.62,-0.02,-0.21%,0
"2023-08-31 11:08",9.61,9.63,9.61,9.62,0,0.00%,0
"2023-08-31 11:09",9.61,9.63,9.58,9.59,-0.03,-0.31%,0
"2023-08-31 11:10",9.58,9.58,9.55,9.56,-0.03,-0.31%,0
"2023-08-31 11:11",9.57,9.57,9.55,9.57,0.01,+0.10%,0
"2023-08-31 11:12",9.56,9.58,9.56,9.58,0.01,+0.10%,0
"2023-08-31 11:13",9.54,9.62,9.54,9.62,0.04,+0.42%,0
"2023-08-31 11:14",9.65,9.65,9.63,9.63,0.01,+0.10%,0
"2023-08-31 11:15",9.63,9.68,9.63,9.65,0.02,+0.21%,0
"2023-08-31 11:16",9.63,9.67,9.63,9.66,0.01,+0.10%,0
"2023-08-31 11:17",9.64,9.66,9.64,9.64,-0.02,-0.21%,0
"2023-08-31 11:18",9.63,9.66,9.63,9.66,0.02,+0.21%,0
"2023-08-31 11:19",9.65,9.67,9.65,9.67,0.01,+0.10%,0
"2023-08-31 11:20",9.66,9.72,9.66,9.72,0.05,+0.52%,0
"2023-08-31 11:21",9.7,9.71,9.7,9.71,-0.01,-0.10%,0
"2023-08-31 11:22",9.71,9.73,9.71,9.73,0.02,+0.21%,0
"2023-08-31 11:23",9.75,9.77,9.7,9.72,-0.01,-0.10%,0
"2023-08-31 11:24",9.74,9.76,9.74,9.74,0.02,+0.21%,0
"2023-08-31 11:25",9.72,9.77,9.72,9.73,-0.01,-0.10%,0
"2023-08-31 11:26",9.7,9.72,9.69,9.69,-0.04,-0.41%,0
"2023-08-31 11:27",9.69,9.73,9.69,9.72,0.03,+0.31%,0
"2023-08-31 11:28",9.7,9.75,9.7,9.75,0.03,+0.31%,0
"2023-08-31 11:29",9.76,9.77,9.75,9.76,0.01,+0.10%,0
"2023-08-31 11:30",9.74,9.77,9.74,9.76,0,0.00%,0
"2023-08-31 11:31",9.74,9.78,9.74,9.78,0.02,+0.20%,0
"2023-08-31 11:32",9.79,9.81,9.79,9.81,0.03,+0.31%,0
"2023-08-31 11:33",9.8,9.86,9.8,9.83,0.02,+0.20%,0
"2023-08-31 11:34",9.85,9.93,9.85,9.93,0.1,+1.02%,0
"2023-08-31 11:35",9.94,9.94,9.86,9.87,-0.06,-0.60%,0
"2023-08-31 11:36",9.89,9.93,9.89,9.93,0.06,+0.61%,0
"2023-08-31 11:37",9.93,9.94,9.88,9.88,-0.05,-0.50%,0
"2023-08-31 11:38",9.84,9.86,9.84,9.86,-0.02,-0.20%,0
"2023-08-31 11:39",9.85,9.87,9.85,9.87,0.01,+0.10%,0
"2023-08-31 11:40",9.88,9.9,9.87,9.87,0,0.00%,0
"2023-08-31 11:41",9.86,9.87,9.84,9.86,-0.01,-0.10%,0
"2023-08-31 11:42",9.88,9.92,9.88,9.92,0.06,+0.61%,0
"2023-08-31 11:43",9.91,9.94,9.91,9.94,0.02,+0.20%,0
"2023-08-31 11:44",9.94,9.99,9.94,9.99,0.05,+0.50%,0
"2023-08-31 11:45",9.97,10.02,9.97,10,0.01,+0.10%,0
"2023-08-31 11:46",9.95,9.97,9.95,9.95,-0.05,-0.50%,0
"2023-08-31 11:47",9.94,9.96,9.94,9.95,0,0.00%,0
"2023-08-31 11:48",9.94,9.97,9.94,9.97,0.02,+0.20%,0
"2023-08-31 11:49",9.95,10.03,9.95,10.03,0.06,+0.60%,0
"2023-08-31 11:50",10.03,10.03,10.02,10.03,0,0.00%,0
"2023-08-31 11:51",10.02,10.04,10.02,10.04,0.01,+0.10%,0
"2023-08-31 11:52",10.05,10.05,10.02,10.02,-0.02,-0.20%,0
"2023-08-31 11:53",9.99,10.01,9.99,10,-0.02,-0.20%,0
"2023-08-31 11:54",10.01,10.03,10.01,10.02,0.02,+0.20%,0
"2023-08-31 11:55",10,10.04,10,10.03,0.01,+0.10%,0
"2023-08-31 11:56",10.02,10.07,10.02,10.06,0.03,+0.30%,0
"2023-08-31 11:57",10.07,10.09,10.07,10.09,0.03,+0.30%,0
"2023-08-31 11:58",10.09,10.1,10.09,10.09,0,0.00%,0
"2023-08-31 11:59",10.07,10.08,10.07,10.08,-0.01,-0.10%,0
"2023-08-31 12:00",10.08,10.1,10.08,10.1,0.02,+0.20%,0
"2023-08-31 12:01",10.1,10.14,10.1,10.14,0.04,+0.40%,0
"2023-08-31 12:02",10.14,10.17,10.14,10.17,0.03,+0.30%,0
"2023-08-31 12:03",10.19,10.26,10.19,10.24,0.07,+0.69%,0
"2023-08-31 12:04",10.22,10.22,10.18,10.19,-0.05,-0.49%,0
"2023-08-31 12:05",10.18,10.2,10.18,10.18,-0.01,-0.10%,0
"2023-08-31 12:06",10.19,10.2,10.19,10.2,0.02,+0.20%,0
"2023-08-31 12:07",10.2,10.22,10.2,10.2,0,0.00%,0
"2023-08-31 12:08",10.21,10.24,10.21,10.24,0.04,+0.39%,0
"2023-08-31 12:09",10.24,10.26,10.23,10.23,-0.01,-0.10%,0
"2023-08-31 12:10",10.21,10.21,10.2,10.2,-0.03,-0.29%,0
"2023-08-31 12:11",10.2,10.22,10.2,10.2,0,0.00%,0
"2023-08-31 12:12",10.16,10.16,10.15,10.15,-0.05,-0.49%,0
"2023-08-31 12:13",10.16,10.16,10.13,10.15,0,0.00%,0
"2023-08-31 12:14",10.15,10.17,10.15,10.17,0.02,+0.20%,0
"2023-08-31 12:15",10.17,10.18,10.17,10.18,0.01,+0.10%,0
"2023-08-31 12:16",10.17,10.18,10.17,10.17,-0.01,-0.10%,0
"2023-08-31 12:17",10.18,10.22,10.18,10.22,0.05,+0.49%,0
"2023-08-31 12:18",10.22,10.28,10.22,10.27,0.05,+0.49%,0
"2023-08-31 12:19",10.28,10.31,10.25,10.25,-0.02,-0.19%,0
"2023-08-31 12:20",10.23,10.26,10.23,10.25,0,0.00%,0
"2023-08-31 12:21",10.24,10.33,10.24,10.33,0.08,+0.78%,0
"2023-08-31 12:22",10.37,10.39,10.35,10.35,0.02,+0.19%,0
"2023-08-31 12:23",10.35,10.43,10.35,10.43,0.08,+0.77%,0
"2023-08-31 12:24",10.44,10.44,10.39,10.44,0.01,+0.10%,0
"2023-08-31 12:25",10.43,10.45,10.43,10.45,0.01,+0.10%,0
"2023-08-31 12:26",10.4,10.48,10.4,10.48,0.03,+0.29%,0
"2023-08-31 12:27",10.46,10.5,10.46,10.5,0.02,+0.19%,0
"2023-08-31 12:28",10.52,10.54,10.52,10.54,0.04,+0.38%,0
"2023-08-31 12:29",10.52,10.53,10.52,10.53,-0.01,-0.09%,0
"2023-08-31 12:30",10.51,10.55,10.51,10.55,0.02,+0.19%,0
"2023-08-31 12:31",10.54,10.54,10.45,10.45,-0.1,-0.95%,0
"2023-08-31 12:32",10.48,10.59,10.48,10.58,0.13,+1.24%,0
"2023-08-31 12:33",10.57,10.58,10.57,10.57,-0.01,-0.09%,0
"2023-08-31 12:34",10.59,10.64,10.59,10.63,0.06,+0.57%,0
"2023-08-31 12:35",10.65,10.65,10.62,10.62,-0.01,-0.09%,0
"2023-08-31 12:36",10.63,10.66,10.63,10.64,0.02,+0.19%,0
"2023-08-31 12:37",10.64,10.69,10.64,10.69,0.05,+0.47%,0
"2023-08-31 12:38",10.68,10.68,10.63,10.63,-0.06,-0.56%,0
"2023-08-31 12:39",10.63,10.68,10.63,10.68,0.05,+0.47%,0
"2023-08-31 12:40",10.67,10.7,10.67,10.68,0,0.00%,0
"2023-08-31 12:41",10.67,10.73,10.67,10.73,0.05,+0.47%,0
"2023-08-31 12:42",10.75,10.78,10.74,10.74,0.01,+0.09%,0
"2023-08-31 12:43",10.75,10.85,10.75,10.85,0.11,+1.02%,0
"2023-08-31 12:44",10.86,10.88,10.86,10.88,0.03,+0.28%,0
"2023-08-31 12:45",10.93,11.05,10.93,11.05,0.17,+1.56%,0
"2023-08-31 12:46",10.96,11.06,10.9,11.06,0.01,+0.09%,0
"2023-08-31 12:47",11.08,11.08,10.86,10.88,-0.18,-1.63%,0
"2023-08-31 12:48",10.93,11.04,10.93,11.04,0.16,+1.47%,0
"2023-08-31 12:49",11.07,11.18,11.07,11.18,0.14,+1.27%,0
"2023-08-31 12:50",11.12,11.12,10.89,10.89,-0.29,-2.59%,0
"2023-08-31 12:51",10.9,11.03,10.9,11.03,0.14,+1.29%,0
"2023-08-31 12:52",11.02,11.1,11.02,11.1,0.07,+0.63%,0
"2023-08-31 12:53",11.1,11.1,11.05,11.06,-0.04,-0.36%,0
"2023-08-31 12:54",11.04,11.07,11.04,11.07,0.01,+0.09%,0
"2023-08-31 12:55",11.06,11.07,11.01,11.01,-0.06,-0.54%,0
"2023-08-31 12:56",10.95,11.05,10.95,11.05,0.04,+0.36%,0
"2023-08-31 12:57",11.05,11.05,11,11.03,-0.02,-0.18%,0
"2023-08-31 12:58",11.04,11.07,11.04,11.07,0.04,+0.36%,0
"2023-08-31 12:59",11.07,11.09,11.07,11.09,0.02,+0.18%,0
"2023-08-31 13:00",11.07,11.11,11.07,11.11,0.02,+0.18%,0
"2023-08-31 13:01",11.12,11.14,11.12,11.14,0.03,+0.27%,0
"2023-08-31 13:02",11.17,11.18,11.16,11.16,0.02,+0.18%,0
"2023-08-31 13:03",11.15,11.17,11.15,11.15,-0.01,-0.09%,0
"2023-08-31 13:04",11.12,11.17,11.12,11.16,0.01,+0.09%,0
"2023-08-31 13:05",11.16,11.18,11.16,11.16,0,0.00%,0
"2023-08-31 13:06",11.14,11.14,11.06,11.06,-0.1,-0.90%,0
"2023-08-31 13:07",11.03,11.05,11.03,11.05,-0.01,-0.09%,0
"2023-08-31 13:08",11.05,11.06,11.05,11.06,0.01,+0.09%,0
"2023-08-31 13:09",11.06,11.07,11.02,11.02,-0.04,-0.36%,0
"2023-08-31 13:10",11.01,11.01,10.95,10.96,-0.06,-0.54%,0
"2023-08-31 13:11",10.96,11,10.96,11,0.04,+0.36%,0
"2023-08-31 13:12",10.93,11,10.93,11,0,0.00%,0
"2023-08-31 13:13",11,11.04,11,11.04,0.04,+0.36%,0
"2023-08-31 13:14",11.03,11.04,11.03,11.03,-0.01,-0.09%,0
"2023-08-31 13:15",11.03,11.03,10.99,10.99,-0.04,-0.36%,0
"2023-08-31 13:16",11,11.01,10.99,11.01,0.02,+0.18%,0
"2023-08-31 13:17",11.01,11.04,11.01,11.04,0.03,+0.27%,0
"2023-08-31 13:18",11.02,11.06,11.02,11.06,0.02,+0.18%,0
"2023-08-31 13:19",11.06,11.08,11.06,11.08,0.02,+0.18%,0
"2023-08-31 13:20",11.08,11.11,11.08,11.11,0.03,+0.27%,0
"2023-08-31 13:21",11.1,11.14,11.1,11.14,0.03,+0.27%,0
"2023-08-31 13:22",11.14,11.16,11.14,11.16,0.02,+0.18%,0
"2023-08-31 13:23",11.15,11.18,11.15,11.17,0.01,+0.09%,0
"2023-08-31 13:24",11.17,11.17,11.15,11.15,-0.02,-0.18%,0
"2023-08-31 13:25",11.15,11.17,11.15,11.15,0,0.00%,0
"2023-08-31 13:26",11.17,11.17,11.16,11.17,0.02,+0.18%,0
"2023-08-31 13:27",11.18,11.21,11.18,11.21,0.04,+0.36%,0
"2023-08-31 13:28",11.21,11.23,11.2,11.2,-0.01,-0.09%,0
"2023-08-31 13:29",11.21,11.21,11.19,11.2,0,0.00%,0
"2023-08-31 13:30",11.19,11.21,11.14,11.14,-0.06,-0.54%,0
"2023-08-31 13:31",11.15,11.21,11.15,11.21,0.07,+0.63%,0
"2023-08-31 13:32",11.21,11.21,11.2,11.2,-0.01,-0.09%,0
"2023-08-31 13:33",11.18,11.23,11.18,11.2,0,0.00%,0
"2023-08-31 13:34",11.21,11.25,11.21,11.25,0.05,+0.45%,0
"2023-08-31 13:35",11.25,11.27,11.24,11.24,-0.01,-0.09%,0
"2023-08-31 13:36",11.25,11.28,11.25,11.27,0.03,+0.27%,0
"2023-08-31 13:37",11.26,11.33,11.26,11.33,0.06,+0.53%,0
"2023-08-31 13:38",11.32,11.37,11.32,11.37,0.04,+0.35%,0
"2023-08-31 13:39",11.36,11.4,11.36,11.4,0.03,+0.26%,0
"2023-08-31 13:40",11.38,11.4,11.38,11.38,-0.02,-0.18%,0
"2023-08-31 13:41",11.37,11.4,11.37,11.4,0.02,+0.18%,0
"2023-08-31 13:42",11.42,11.42,11.39,11.4,0,0.00%,0
"2023-08-31 13:43",11.41,11.43,11.38,11.38,-0.02,-0.18%,0
"2023-08-31 13:44",11.38,11.4,11.38,11.39,0.01,+0.09%,0
"2023-08-31 13:45",11.4,11.43,11.4,11.42,0.03,+0.26%,0
"2023-08-31 13:46",11.43,11.45,11.43,11.44,0.02,+0.18%,0
"2023-08-31 13:47",11.45,11.51,11.45,11.51,0.07,+0.61%,0
"2023-08-31 13:48",11.55,11.55,11.51,11.53,0.02,+0.17%,0
"2023-08-31 13:49",11.53,11.6,11.53,11.6,0.07,+0.61%,0
"2023-08-31 13:50",11.59,11.62,11.58,11.58,-0.02,-0.17%,0
"2023-08-31 13:51",11.57,11.58,11.56,11.58,0,0.00%,0
"2023-08-31 13:52",11.57,11.64,11.57,11.63,0.05,+0.43%,0
"2023-08-31 13:53",11.63,11.7,11.63,11.7,0.07,+0.60%,0
"2023-08-31 13:54",11.7,11.7,11.64,11.64,-0.06,-0.51%,0
"2023-08-31 13:55",11.59,11.59,11.58,11.58,-0.06,-0.52%,0
"2023-08-31 13:56",11.58,11.6,11.57,11.57,-0.01,-0.09%,0
"2023-08-31 13:57",11.54,11.57,11.51,11.51,-0.06,-0.52%,0
"2023-08-31 13:58",11.54,11.55,11.54,11.54,0.03,+0.26%,0
"2023-08-31 13:59",11.54,11.54,11.53,11.53,-0.01,-0.09%,0
"2023-08-31 14:00",11.53,11.53,11.5,11.5,-0.03,-0.26%,0
"2023-08-31 14:01",11.48,11.5,11.48,11.5,0,0.00%,0
"2023-08-31 14:02",11.53,11.54,11.53,11.54,0.04,+0.35%,0
"2023-08-31 14:03",11.56,11.56,11.54,11.54,0,0.00%,0
"2023-08-31 14:04",11.54,11.56,11.54,11.56,0.02,+0.17%,0
"2023-08-31 14:05",11.54,11.58,11.54,11.56,0,0.00%,0
"2023-08-31 14:06",11.56,11.56,11.55,11.56,0,0.00%,0
"2023-08-31 14:07",11.53,11.57,11.53,11.57,0.01,+0.09%,0
"2023-08-31 14:08",11.57,11.57,11.54,11.54,-0.03,-0.26%,0
"2023-08-31 14:09",11.53,11.53,11.52,11.53,-0.01,-0.09%,0
"2023-08-31 14:10",11.52,11.53,11.46,11.46,-0.07,-0.61%,0
"2023-08-31 14:11",11.46,11.47,11.45,11.45,-0.01,-0.09%,0
"2023-08-31 14:12",11.4,11.42,11.4,11.41,-0.04,-0.35%,0
"2023-08-31 14:13",11.43,11.44,11.41,11.41,0,0.00%,0
"2023-08-31 14:14",11.42,11.43,11.42,11.43,0.02,+0.18%,0
"2023-08-31 14:15",11.42,11.44,11.41,11.41,-0.02,-0.17%,0
"2023-08-31 14:16",11.41,11.42,11.41,11.41,0,0.00%,0
"2023-08-31 14:17",11.39,11.44,11.39,11.42,0.01,+0.09%,0
"2023-08-31 14:18",11.42,11.44,11.42,11.42,0,0.00%,0
"2023-08-31 14:19",11.43,11.46,11.41,11.41,-0.01,-0.09%,0
"2023-08-31 14:20",11.4,11.47,11.4,11.41,0,0.00%,0
"2023-08-31 14:21",11.45,11.49,11.45,11.48,0.07,+0.61%,0
"2023-08-31 14:22",11.47,11.47,11.44,11.44,-0.04,-0.35%,0
"2023-08-31 14:23",11.47,11.47,11.43,11.43,-0.01,-0.09%,0
"2023-08-31 14:24",11.49,11.51,11.49,11.51,0.08,+0.70%,0
"2023-08-31 14:25",11.51,11.52,11.5,11.5,-0.01,-0.09%,0
"2023-08-31 14:26",11.52,11.57,11.52,11.57,0.07,+0.61%,0
"2023-08-31 14:27",11.57,11.58,11.56,11.56,-0.01,-0.09%,0
"2023-08-31 14:28",11.56,11.56,11.55,11.56,0,0.00%,0
"2023-08-31 14:29",11.58,11.6,11.58,11.59,0.03,+0.26%,0
"2023-08-31 14:30",11.59,11.61,11.58,11.61,0.02,+0.17%,0
"2023-08-31 14:31",11.61,11.62,11.61,11.62,0.01,+0.09%,0
"2023-08-31 14:32",11.63,11.63,11.59,11.59,-0.03,-0.26%,0
"2023-08-31 14:33",11.6,11.64,11.6,11.64,0.05,+0.43%,0
"2023-08-31 14:34",11.63,11.64,11.62,11.62,-0.02,-0.17%,0
"2023-08-31 14:35",11.63,11.67,11.63,11.67,0.05,+0.43%,0
"2023-08-31 14:36",11.69,11.76,11.69,11.75,0.08,+0.69%,0
"2023-08-31 14:37",11.74,11.74,11.73,11.73,-0.02,-0.17%,0
"2023-08-31 14:38",11.64,11.73,11.64,11.69,-0.04,-0.34%,0
"2023-08-31 14:39",11.69,11.79,11.69,11.79,0.1,+0.86%,0
"2023-08-31 14:40",11.76,11.79,11.76,11.77,-0.02,-0.17%,0
"2023-08-31 14:41",11.78,11.82,11.78,11.82,0.05,+0.42%,0
"2023-08-31 14:42",11.83,11.83,11.82,11.82,0,0.00%,0
"2023-08-31 14:43",11.82,11.84,11.79,11.8,-0.02,-0.17%,0
"2023-08-31 14:44",11.83,12.01,11.83,12.01,0.21,+1.78%,0
"2023-08-31 14:45",11.92,11.92,11.73,11.73,-0.28,-2.33%,0
"2023-08-31 14:46",11.72,11.78,11.72,11.76,0.03,+0.26%,0
"2023-08-31 14:47",11.77,11.86,11.77,11.86,0.1,+0.85%,0
"2023-08-31 14:48",11.86,11.86,11.82,11.82,-0.04,-0.34%,0
"2023-08-31 14:49",11.79,11.79,11.78,11.79,-0.03,-0.25%,0
"2023-08-31 14:50",11.79,11.83,11.79,11.83,0.04,+0.34%,0
"2023-08-31 14:51",11.84,11.86,11.82,11.82,-0.01,-0.08%,0
"2023-08-31 14:52",11.85,11.9,11.85,11.9,0.08,+0.68%,0
"2023-08-31 14:53",11.88,11.9,11.87,11.87,-0.03,-0.25%,0
"2023-08-31 14:54",11.86,11.86,11.83,11.84,-0.03,-0.25%,0
"2023-08-31 14:55",11.84,11.89,11.84,11.87,0.03,+0.25%,0
"2023-08-31 14:56",11.87,11.91,11.87,11.87,0,0.00%,0
"2023-08-31 14:57",11.91,11.93,11.91,11.92,0.05,+0.42%,0
"2023-08-31 14:58",11.91,11.93,11.91,11.92,0,0.00%,0
"2023-08-31 14:59",11.9,11.92,11.9,11.91,-0.01,-0.08%,0
"2023-08-31 15:00",11.89,11.91,11.89,11.89,-0.02,-0.17%,0
"2023-08-31 15:01",11.88,11.88,11.88,11.88,-0.01,-0.08%,0
"2023-08-31 15:02",11.89,11.97,11.89,11.97,0.09,+0.76%,0
"2023-08-31 15:03",11.95,11.95,11.86,11.86,-0.11,-0.92%,0
"2023-08-31 15:04",11.87,11.87,11.84,11.86,0,0.00%,0
"2023-08-31 15:05",11.86,11.9,11.86,11.9,0.04,+0.34%,0
"2023-08-31 15:06",11.89,11.91,11.89,11.91,0.01,+0.08%,0
"2023-08-31 15:07",11.94,11.94,11.92,11.92,0.01,+0.08%,0
"2023-08-31 15:08",11.92,11.97,11.92,11.97,0.05,+0.42%,0
"2023-08-31 15:09",11.97,11.97,11.88,11.88,-0.09,-0.75%,0
"2023-08-31 15:10",11.86,11.9,11.85,11.9,0.02,+0.17%,0
"2023-08-31 15:11",11.89,11.89,11.83,11.83,-0.07,-0.59%,0
"2023-08-31 15:12",11.83,11.85,11.83,11.85,0.02,+0.17%,0
"2023-08-31 15:13",11.86,11.86,11.83,11.83,-0.02,-0.17%,0
"2023-08-31 15:14",11.81,11.86,11.81,11.84,0.01,+0.08%,0
"2023-08-31 15:15",11.84,11.87,11.8,11.87,0.03,+0.25%,0
"2023-08-31 15:16",11.86,11.88,11.84,11.84,-0.03,-0.25%,0
"2023-08-31 15:17",11.83,11.85,11.83,11.84,0,0.00%,0
"2023-08-31 15:18",11.85,11.87,11.85,11.85,0.01,+0.08%,0
"2023-08-31 15:19",11.85,11.87,11.85,11.86,0.01,+0.08%,0
"2023-08-31 15:20",11.85,11.86,11.78,11.78,-0.08,-0.67%,0
"2023-08-31 15:21",11.8,11.81,11.79,11.8,0.02,+0.17%,0
"2023-08-31 15:22",11.81,11.83,11.81,11.82,0.02,+0.17%,0
"2023-08-31 15:23",11.78,11.82,11.77,11.77,-0.05,-0.42%,0
"2023-08-31 15:24",11.79,11.84,11.79,11.84,0.07,+0.59%,0
"2023-08-31 15:25",11.84,11.91,11.84,11.9,0.06,+0.51%,0
"2023-08-31 15:26",11.91,11.98,11.91,11.92,0.02,+0.17%,0
"2023-08-31 15:27",11.9,11.92,11.9,11.92,0,0.00%,0
"2023-08-31 15:28",11.91,11.96,11.91,11.94,0.02,+0.17%,0
"2023-08-31 15:29",11.94,11.95,11.93,11.93,-0.01,-0.08%,0
"2023-08-31 15:30",11.94,11.94,11.93,11.93,0,0.00%,0
"2023-08-31 15:31",11.92,11.92,11.9,11.9,-0.03,-0.25%,0
"2023-08-31 15:32",11.93,11.96,11.93,11.96,0.06,+0.50%,0
"2023-08-31 15:33",11.95,11.96,11.95,11.95,-0.01,-0.08%,0
"2023-08-31 15:34",11.95,11.98,11.95,11.98,0.03,+0.25%,0
"2023-08-31 15:35",11.97,12.02,11.97,12,0.02,+0.17%,0
"2023-08-31 15:36",12,12.04,12,12.03,0.03,+0.25%,0
"2023-08-31 15:37",12.02,12.05,12.02,12.05,0.02,+0.17%,0
"2023-08-31 15:38",12.04,12.08,12.04,12.08,0.03,+0.25%,0
"2023-08-31 15:39",12.09,12.09,12.08,12.08,0,0.00%,0
"2023-08-31 15:40",12.08,12.09,12.08,12.09,0.01,+0.08%,0
"2023-08-31 15:41",12.09,12.1,12.09,12.1,0.01,+0.08%,0
"2023-08-31 15:42",12.1,12.22,12.1,12.22,0.12,+0.99%,0
"2023-08-31 15:43",12.23,12.33,12.23,12.32,0.1,+0.82%,0
"2023-08-31 15:44",12.34,12.35,12.3,12.3,-0.02,-0.16%,0
"2023-08-31 15:45",12.3,12.4,12.3,12.4,0.1,+0.81%,0
"2023-08-31 15:46",12.38,12.4,12.37,12.37,-0.03,-0.24%,0
"2023-08-31 15:47",12.37,12.41,12.37,12.41,0.04,+0.32%,0
"2023-08-31 15:48",12.42,12.46,12.42,12.46,0.05,+0.40%,0
"2023-08-31 15:49",12.46,12.46,12.39,12.39,-0.07,-0.56%,0
"2023-08-31 15:50",12.4,12.4,12.33,12.33,-0.06,-0.48%,0
"2023-08-31 15:51",12.3,12.3,12.26,12.26,-0.07,-0.57%,0
"2023-08-31 15:52",12.27,12.35,12.27,12.35,0.09,+0.73%,0
"2023-08-31 15:53",12.32,12.36,12.32,12.36,0.01,+0.08%,0
"2023-08-31 15:54",12.34,12.41,12.34,12.41,0.05,+0.40%,0
"2023-08-31 15:55",12.41,12.47,12.41,12.47,0.06,+0.48%,0
"2023-08-31 15:56",12.45,12.55,12.45,12.55,0.08,+0.64%,0
"2023-08-31 15:57",12.52,12.58,12.52,12.55,0,0.00%,0
"2023-08-31 15:58",12.54,12.56,12.53,12.56,0.01,+0.08%,0
"2023-08-31 15:59",12.55,12.59,12.55,12.57,0.01,+0.08%,0
"2023-08-31 16:00",12.58,12.58,12.42,12.44,-0.13,-1.03%,0
"2023-08-31 16:01",12.45,12.45,12.44,12.44,0,0.00%,0
"2023-08-31 16:02",12.42,12.44,12.42,12.44,0,0.00%,0
"2023-08-31 16:03",12.43,12.48,12.43,12.48,0.04,+0.32%,0
"2023-08-31 16:04",12.45,12.47,12.44,12.44,-0.04,-0.32%,0
"2023-08-31 16:05",12.45,12.48,12.45,12.46,0.02,+0.16%,0
"2023-08-31 16:06",12.46,12.46,12.44,12.44,-0.02,-0.16%,0
"2023-08-31 16:07",12.47,12.49,12.47,12.48,0.04,+0.32%,0
"2023-08-31 16:08",12.48,12.52,12.48,12.48,0,0.00%,0
"2023-08-31 16:09",12.49,12.55,12.49,12.55,0.07,+0.56%,0
"2023-08-31 16:10",12.52,12.62,12.52,12.62,0.07,+0.56%,0
"2023-08-31 16:11",12.62,12.64,12.58,12.58,-0.04,-0.32%,0
"2023-08-31 16:12",12.59,12.59,12.52,12.52,-0.06,-0.48%,0
"2023-08-31 16:13",12.51,12.6,12.51,12.6,0.08,+0.64%,0
"2023-08-31 16:14",12.59,12.67,12.59,12.67,0.07,+0.56%,0
"2023-08-31 16:15",12.72,12.72,12.72,12.72,0.05,+0.39%,0
"Downloaded from Barchart.com as of 09-03-2026 09:00am CDT"
