Time,Open,High,Low,Latest,Change,%Change,Volume
"2024-03-01 09:31",8.95,8.95,8.79,8.79,-2.16,-19.73%,0
"2024-03-01 09:32",8.73,8.74,8.73,8.73,-0.06,-0.68%,0
"2024-03-01 09:33",8.72,8.82,8.72,8.82,0.09,+1.03%,0
"2024-03-01 09:34",8.81,8.85,8.81,8.84,0.02,+0.23%,0
"2024-03-01 09:35",8.85,8.86,8.84,8.84,0,0.00%,0
"2024-03-01 09:36",8.85,8.85,8.81,8.82,-0.02,-0.23%,0
"2024-03-01 09:37",8.78,8.81,8.78,8.8,-0.02,-0.23%,0
"2024-03-01 09:38",8.82,8.82,8.77,8.77,-0.03,-0.34%,0
"2024-03-01 09:39",8.79,8.88,8.79,8.88,0.11,+1.25%,0
"2024-03-01 09:40",8.86,8.91,8.86,8.91,0.03,+0.34%,0
"2024-03-01 09:41",8.92,9.08,8.92,9.08,0.17,+1.91%,0
"2024-03-01 09:42",9.11,9.12,8.92,8.92,-0.16,-1.76%,0
"2024-03-01 09:43",8.9,8.9,8.88,8.9,-0.02,-0.22%,0
"2024-03-01 09:44",8.91,9.02,8.91,9.02,0.12,+1.35%,0
"2024-03-01 09:45",9.01,9.06,8.92,8.92,-0.1,-1.11%,0
"2024-03-01 09:46",8.91,8.91,8.9,8.9,-0.02,-0.22%,0
"2024-03-01 09:47",8.85,8.91,8.85,8.91,0.01,+0.11%,0
"2024-03-01 09:48",8.91,8.99,8.9,8.9,-0.01,-0.11%,0
"2024-03-01 09:49",8.84,8.88,8.84,8.87,-0.03,-0.34%,0
"2024-03-01 09:50",8.84,8.89,8.84,8.88,0.01,+0.11%,0
"2024-03-01 09:51",8.89,8.93,8.89,8.9,0.02,+0.23%,0
"2024-03-01 09:52",8.89,8.91,8.89,8.91,0.01,+0.11%,0
"2024-03-01 09:53",8.9,8.96,8.9,8.96,0.05,+0.56%,0
"2024-03-01 09:54",8.95,8.95,8.94,8.95,-0.01,-0.11%,0
"2024-03-01 09:55",8.99,9.04,8.98,8.98,0.03,+0.34%,0
"2024-03-01 09:56",8.92,8.96,8.89,8.89,-0.09,-1.00%,0
"2024-03-01 09:57",8.88,8.88,8.85,8.86,-0.03,-0.34%,0
"2024-03-01 09:58",8.87,8.89,8.87,8.89,0.03,+0.34%,0
"2024-03-01 09:59",8.87,8.91,8.87,8.88,-0.01,-0.11%,0
"2024-03-01 10:00",8.86,8.86,8.48,8.57,-0.31,-3.49%,0
"2024-03-01 10:01",8.58,8.61,8.57,8.57,0,0.00%,0
"2024-03-01 10:02",8.48,8.56,8.48,8.54,-0.03,-0.35%,0
"2024-03-01 10:03",8.59,8.59,8.55,8.58,0.04,+0.47%,0
"2024-03-01 10:04",8.54,8.86,8.54,8.86,0.28,+3.26%,0
"2024-03-01 10:05",8.85,8.85,8.57,8.57,-0.29,-3.27%,0
"2024-03-01 10:06",8.5,8.54,8.5,8.52,-0.05,-0.58%,0
"2024-03-01 10:07",8.54,8.54,8.51,8.52,0,0.00%,0
"2024-03-01 10:08",8.45,8.45,8.33,8.36,-0.16,-1.88%,0
"2024-03-01 10:09",8.37,8.47,8.37,8.47,0.11,+1.32%,0
"2024-03-01 10:10",8.46,8.57,8.46,8.57,0.1,+1.18%,0
"2024-03-01 10:11",8.56,8.59,8.47,8.47,-0.1,-1.17%,0
"2024-03-01 10:12",8.5,8.52,8.49,8.52,0.05,+0.59%,0
"2024-03-01 10:13",8.56,8.56,8.55,8.56,0.04,+0.47%,0
"2024-03-01 10:14",8.58,8.62,8.58,8.59,0.03,+0.35%,0
"2024-03-01 10:15",8.59,8.59,8.45,8.45,-0.14,-1.63%,0
"2024-03-01 10:16",8.46,8.49,8.46,8.49,0.04,+0.47%,0
"2024-03-01 10:17",8.5,8.51,8.5,8.51,0.02,+0.24%,0
"2024-03-01 10:18",8.49,8.5,8.48,8.48,-0.03,-0.35%,0
"2024-03-01 10:19",8.45,8.51,8.45,8.51,0.03,+0.35%,0
"2024-03-01 10:20",8.5,8.5,8.44,8.44,-0.07,-0.82%,0
"2024-03-01 10:21",8.45,8.5,8.45,8.47,0.03,+0.36%,0
"2024-03-01 10:22",8.48,8.51,8.48,8.49,0.02,+0.24%,0
"2024-03-01 10:23",8.5,8.52,8.5,8.52,0.03,+0.35%,0
"2024-03-01 10:24",8.49,8.49,8.43,8.43,-0.09,-1.06%,0
"2024-03-01 10:25",8.41,8.42,8.41,8.42,-0.01,-0.12%,0
"2024-03-01 10:26",8.44,8.46,8.44,8.46,0.04,+0.48%,0
"2024-03-01 10:27",8.48,8.53,8.48,8.53,0.07,+0.83%,0
"2024-03-01 10:28",8.53,8.56,8.53,8.56,0.03,+0.35%,0
"2024-03-01 10:29",8.53,8.6,8.53,8.6,0.04,+0.47%,0
"2024-03-01 10:30",8.58,8.58,8.52,8.52,-0.08,-0.93%,0
"2024-03-01 10:31",8.48,8.51,8.48,8.51,-0.01,-0.12%,0
"2024-03-01 10:32",8.5,8.55,8.5,8.54,0.03,+0.35%,0
"2024-03-01 10:33",8.52,8.54,8.52,8.52,-0.02,-0.23%,0
"2024-03-01 10:34",8.51,8.61,8.51,8.61,0.09,+1.06%,0
"2024-03-01 10:35",8.6,8.6,8.57,8.57,-0.04,-0.46%,0
"2024-03-01 10:36",8.55,8.55,8.51,8.51,-0.06,-0.70%,0
"2024-03-01 10:37",8.51,8.52,8.51,8.52,0.01,+0.12%,0
"2024-03-01 10:38",8.49,8.52,8.49,8.51,-0.01,-0.12%,0
"2024-03-01 10:39",8.5,8.5,8.47,8.47,-0.04,-0.47%,0
"2024-03-01 10:40",8.47,8.49,8.45,8.45,-0.02,-0.24%,0
"2024-03-01 10:41",8.45,8.46,8.45,8.45,0,0.00%,0
"2024-03-01 10:42",8.44,8.5,8.42,8.5,0.05,+0.59%,0
"2024-03-01 10:43",8.51,8.56,8.51,8.55,0.05,+0.59%,0
"2024-03-01 10:44",8.52,8.56,8.52,8.56,0.01,+0.12%,0
"2024-03-01 10:45",8.56,8.56,8.55,8.55,-0.01,-0.12%,0
"2024-03-01 10:46",8.54,8.58,8.54,8.57,0.02,+0.23%,0
"2024-03-01 10:47",8.59,8.61,8.59,8.61,0.04,+0.47%,0
"2024-03-01 10:48",8.6,8.61,8.59,8.61,0,0.00%,0
"2024-03-01 10:49",8.6,8.6,8.59,8.59,-0.02,-0.23%,0
"2024-03-01 10:50",8.59,8.63,8.59,8.62,0.03,+0.35%,0
"2024-03-01 10:51",8.62,8.64,8.62,8.64,0.02,+0.23%,0
"2024-03-01 10:52",8.65,8.67,8.64,8.64,0,0.00%,0
"2024-03-01 10:53",8.68,8.69,8.68,8.69,0.05,+0.58%,0
"2024-03-01 10:54",8.66,8.67,8.66,8.67,-0.02,-0.23%,0
"2024-03-01 10:55",8.67,8.68,8.67,8.68,0.01,+0.12%,0
"2024-03-01 10:56",8.68,8.72,8.68,8.71,0.03,+0.35%,0
"2024-03-01 10:57",8.67,8.69,8.67,8.69,-0.02,-0.23%,0
"2024-03-01 10:58",8.68,8.69,8.67,8.67,-0.02,-0.23%,0
"2024-03-01 10:59",8.68,8.69,8.64,8.64,-0.03,-0.35%,0
"2024-03-01 11:00",8.65,8.68,8.65,8.68,0.04,+0.46%,0
"2024-03-01 11:01",8.69,8.71,8.69,8.71,0.03,+0.35%,0
"2024-03-01 11:02",8.72,8.79,8.72,8.79,0.08,+0.92%,0
"2024-03-01 11:03",8.79,8.79,8.77,8.77,-0.02,-0.23%,0
"2024-03-01 11:04",8.74,8.86,8.74,8.86,0.09,+1.03%,0
"2024-03-01 11:05",8.87,8.87,8.79,8.79,-0.07,-0.79%,0
"2024-03-01 11:06",8.78,8.86,8.78,8.86,0.07,+0.80%,0
"2024-03-01 11:07",8.86,8.88,8.86,8.87,0.01,+0.11%,0
"2024-03-01 11:08",8.93,9.15,8.93,9.13,0.26,+2.93%,0
"2024-03-01 11:09",9.12,9.14,8.97,8.97,-0.16,-1.75%,0
"2024-03-01 11:10",8.96,8.97,8.93,8.97,0,0.00%,0
"2024-03-01 11:11",9,9.02,9,9.01,0.04,+0.45%,0
"2024-03-01 11:12",8.98,8.99,8.92,8.92,-0.09,-1.00%,0
"2024-03-01 11:13",8.92,8.92,8.87,8.89,-0.03,-0.34%,0
"2024-03-01 11:14",8.89,8.9,8.84,8.84,-0.05,-0.56%,0
"2024-03-01 11:15",8.84,8.84,8.76,8.76,-0.08,-0.90%,0
"2024-03-01 11:16",8.75,8.77,8.75,8.77,0.01,+0.11%,0
"2024-03-01 11:17",8.78,8.78,8.77,8.77,0,0.00%,0
"2024-03-01 11:18",8.75,8.77,8.75,8.76,-0.01,-0.11%,0
"2024-03-01 11:19",8.75,8.78,8.75,8.76,0,0.00%,0
"2024-03-01 11:20",8.75,8.76,8.74,8.74,-0.02,-0.23%,0
"2024-03-01 11:21",8.73,8.74,8.73,8.73,-0.01,-0.11%,0
"2024-03-01 11:22",8.73,8.76,8.72,8.72,-0.01,-0.11%,0
"2024-03-01 11:23",8.72,8.74,8.72,8.74,0.02,+0.23%,0
"2024-03-01 11:24",8.73,8.79,8.73,8.79,0.05,+0.57%,0
"2024-03-01 11:25",8.79,8.81,8.77,8.77,-0.02,-0.23%,0
"2024-03-01 11:26",8.78,8.81,8.78,8.81,0.04,+0.46%,0
"2024-03-01 11:27",8.83,8.86,8.83,8.86,0.05,+0.57%,0
"2024-03-01 11:28",8.86,8.9,8.86,8.9,0.04,+0.45%,0
"2024-03-01 11:29",8.89,8.91,8.89,8.89,-0.01,-0.11%,0
"2024-03-01 11:30",8.91,8.94,8.91,8.91,0.02,+0.22%,0
"2024-03-01 11:31",8.91,8.92,8.91,8.92,0.01,+0.11%,0
"2024-03-01 11:32",8.88,8.94,8.88,8.94,0.02,+0.22%,0
"2024-03-01 11:33",8.92,8.92,8.88,8.89,-0.05,-0.56%,0
"2024-03-01 11:34",8.89,8.9,8.89,8.9,0.01,+0.11%,0
"2024-03-01 11:35",8.89,9.09,8.89,9.09,0.19,+2.13%,0
"2024-03-01 11:36",9.07,9.07,8.9,8.9,-0.19,-2.09%,0
"2024-03-01 11:37",8.88,8.91,8.88,8.91,0.01,+0.11%,0
"2024-03-01 11:38",8.97,8.98,8.9,8.9,-0.01,-0.11%,0
"2024-03-01 11:39",8.88,8.89,8.88,8.88,-0.02,-0.22%,0
"2024-03-01 11:40",8.88,8.95,8.88,8.95,0.07,+0.79%,0
"2024-03-01 11:41",8.96,8.96,8.93,8.93,-0.02,-0.22%,0
"2024-03-01 11:42",8.92,8.94,8.92,8.93,0,0.00%,0
"2024-03-01 11:43",8.93,8.95,8.93,8.94,0.01,+0.11%,0
"2024-03-01 11:44",8.94,8.96,8.94,8.95,0.01,+0.11%,0
"2024-03-01 11:45",8.89,8.97,8.89,8.97,0.02,+0.22%,0
"2024-03-01 11:46",8.95,8.96,8.93,8.93,-0.04,-0.45%,0
"2024-03-01 11:47",8.92,8.93,8.9,8.9,-0.03,-0.34%,0
"2024-03-01 11:48",8.91,8.96,8.91,8.96,0.06,+0.67%,0
"2024-03-01 11:49",8.92,8.94,8.92,8.93,-0.03,-0.33%,0
"2024-03-01 11:50",8.92,8.94,8.9,8.9,-0.03,-0.34%,0
"2024-03-01 11:51",8.92,8.93,8.92,8.93,0.03,+0.34%,0
"2024-03-01 11:52",8.92,8.95,8.92,8.92,-0.01,-0.11%,0
"2024-03-01 11:53",8.92,8.94,8.92,8.94,0.02,+0.22%,0
"2024-03-01 11:54",8.96,8.97,8.96,8.97,0.03,+0.34%,0
"2024-03-01 11:55",8.97,8.98,8.97,8.98,0.01,+0.11%,0
"2024-03-01 11:56",9,9.01,9,9.01,0.03,+0.33%,0
"2024-03-01 11:57",9.01,9.01,8.99,8.99,-0.02,-0.22%,0
"2024-03-01 11:58",8.99,9.02,8.99,9.01,0.02,+0.22%,0
"2024-03-01 11:59",9.01,9.04,9.01,9.03,0.02,+0.22%,0
"2024-03-01 12:00",9.02,9.07,9.02,9.05,0.02,+0.22%,0
"2024-03-01 12:01",9.07,9.08,9.05,9.07,0.02,+0.22%,0
"2024-03-01 12:02",9.06,9.09,9.06,9.09,0.02,+0.22%,0
"2024-03-01 12:03",9.1,9.15,9.1,9.12,0.03,+0.33%,0
"2024-03-01 12:04",9.11,9.14,9.11,9.14,0.02,+0.22%,0
"2024-03-01 12:05",9.15,9.18,9.15,9.18,0.04,+0.44%,0
"2024-03-01 12:06",9.19,9.19,9.17,9.17,-0.01,-0.11%,0
"2024-03-01 12:07",9.16,9.2,9.16,9.2,0.03,+0.33%,0
"2024-03-01 12:08",9.18,9.19,9.18,9.19,-0.01,-0.11%,0
"2024-03-01 12:09",9.19,9.2,9.19,9.19,0,0.00%,0
"2024-03-01 12:10",9.19,9.2,9.17,9.17,-0.02,-0.22%,0
"2024-03-01 12:11",9.17,9.21,9.17,9.21,0.04,+0.44%,0
"2024-03-01 12:12",9.22,9.22,9.19,9.19,-0.02,-0.22%,0
"2024-03-01 12:13",9.19,9.2,9.19,9.2,0.01,+0.11%,0
"2024-03-01 12:14",9.2,9.2,9.18,9.18,-0.02,-0.22%,0
"2024-03-01 12:15",9.21,9.22,9.21,9.21,0.03,+0.33%,0
"2024-03-01 12:16",9.2,9.2,9.16,9.16,-0.05,-0.54%,0
"2024-03-01 12:17",9.15,9.2,9.15,9.2,0.04,+0.44%,0
"2024-03-01 12:18",9.2,9.2,9.18,9.18,-0.02,-0.22%,0
"2024-03-01 12:19",9.19,9.21,9.19,9.2,0.02,+0.22%,0
"2024-03-01 12:20",9.2,9.22,9.2,9.22,0.02,+0.22%,0
"2024-03-01 12:21",9.23,9.23,9.21,9.21,-0.01,-0.11%,0
"2024-03-01 12:22",9.21,9.25,9.21,9.24,0.03,+0.33%,0
"2024-03-01 12:23",9.25,9.26,9.25,9.25,0.01,+0.11%,0
"2024-03-01 12:24",9.26,9.29,9.26,9.28,0.03,+0.32%,0
"2024-03-01 12:25",9.29,9.33,9.29,9.33,0.05,+0.54%,0
"2024-03-01 12:26",9.33,9.33,9.31,9.31,-0.02,-0.21%,0
"2024-03-01 12:27",9.3,9.33,9.3,9.32,0.01,+0.11%,0
"2024-03-01 12:28",9.27,9.3,9.27,9.3,-0.02,-0.21%,0
"2024-03-01 12:29",9.31,9.32,9.31,9.31,0.01,+0.11%,0
"2024-03-01 12:30",9.29,9.29,9.28,9.28,-0.03,-0.32%,0
"2024-03-01 12:31",9.28,9.28,9.24,9.24,-0.04,-0.43%,0
"2024-03-01 12:32",9.21,9.21,9.2,9.2,-0.04,-0.43%,0
"2024-03-01 12:33",9.2,9.22,9.2,9.21,0.01,+0.11%,0
"2024-03-01 12:34",9.22,9.23,9.21,9.21,0,0.00%,0
"2024-03-01 12:35",9.2,9.23,9.2,9.23,0.02,+0.22%,0
"2024-03-01 12:36",9.23,9.25,9.23,9.25,0.02,+0.22%,0
"2024-03-01 12:37",9.25,9.32,9.25,9.32,0.07,+0.76%,0
"2024-03-01 12:38",9.32,9.33,9.31,9.31,-0.01,-0.11%,0
"2024-03-01 12:39",9.3,9.31,9.28,9.31,0,0.00%,0
"2024-03-01 12:40",9.31,9.35,9.31,9.34,0.03,+0.32%,0
"2024-03-01 12:41",9.32,9.34,9.32,9.34,0,0.00%,0
"2024-03-01 12:42",9.34,9.34,9.31,9.33,-0.01,-0.11%,0
"2024-03-01 12:43",9.34,9.35,9.34,9.34,0.01,+0.11%,0
"2024-03-01 12:44",9.33,9.34,9.33,9.33,-0.01,-0.11%,0
"2024-03-01 12:45",9.33,9.33,9.33,9.33,0,0.00%,0
"2024-03-01 12:46",9.32,9.35,9.32,9.32,-0.01,-0.11%,0
"2024-03-01 12:47",9.32,9.36,9.32,9.36,0.04,+0.43%,0
"2024-03-01 12:48",9.35,9.36,9.35,9.36,0,0.00%,0
"2024-03-01 12:49",9.38,9.39,9.37,9.38,0.02,+0.21%,0
"2024-03-01 12:50",9.35,9.39,9.35,9.39,0.01,+0.11%,0
"2024-03-01 12:51",9.41,9.43,9.41,9.42,0.03,+0.32%,0
"2024-03-01 12:52",9.39,9.46,9.39,9.46,0.04,+0.42%,0
"2024-03-01 12:53",9.48,9.5,9.48,9.5,0.04,+0.42%,0
"2024-03-01 12:54",9.48,9.48,9.46,9.46,-0.04,-0.42%,0
"2024-03-01 12:55",9.48,9.51,9.47,9.47,0.01,+0.11%,0
"2024-03-01 12:56",9.47,9.52,9.47,9.51,0.04,+0.42%,0
"2024-03-01 12:57",9.52,9.52,9.51,9.51,0,0.00%,0
"2024-03-01 12:58",9.51,9.52,9.51,9.52,0.01,+0.11%,0
"2024-03-01 12:59",9.53,9.54,9.52,9.52,0,0.00%,0
"2024-03-01 13:00",9.52,9.53,9.51,9.51,-0.01,-0.11%,0
"2024-03-01 13:01",9.51,9.52,9.5,9.5,-0.01,-0.11%,0
"2024-03-01 13:02",9.5,9.52,9.5,9.51,0.01,+0.11%,0
"2024-03-01 13:03",9.51,9.53,9.51,9.53,0.02,+0.21%,0
"2024-03-01 13:04",9.53,9.55,9.53,9.55,0.02,+0.21%,0
"2024-03-01 13:05",9.55,9.56,9.55,9.55,0,0.00%,0
"2024-03-01 13:06",9.55,9.56,9.55,9.55,0,0.00%,0
"2024-03-01 13:07",9.54,9.56,9.54,9.56,0.01,+0.10%,0
"2024-03-01 13:08",9.54,9.58,9.54,9.58,0.02,+0.21%,0
"2024-03-01 13:09",9.58,9.59,9.56,9.56,-0.02,-0.21%,0
"2024-03-01 13:10",9.56,9.59,9.56,9.59,0.03,+0.31%,0
"2024-03-01 13:11",9.58,9.6,9.58,9.6,0.01,+0.10%,0
"2024-03-01 13:12",9.61,9.62,9.6,9.6,0,0.00%,0
"2024-03-01 13:13",9.6,9.61,9.6,9.61,0.01,+0.10%,0
"2024-03-01 13:14",9.6,9.63,9.6,9.62,0.01,+0.10%,0
"2024-03-01 13:15",9.63,9.64,9.63,9.64,0.02,+0.21%,0
"2024-03-01 13:16",9.63,9.64,9.63,9.64,0,0.00%,0
"2024-03-01 13:17",9.65,9.68,9.65,9.68,0.04,+0.41%,0
"2024-03-01 13:18",9.68,9.69,9.67,9.67,-0.01,-0.10%,0
"2024-03-01 13:19",9.68,9.69,9.68,9.69,0.02,+0.21%,0
"2024-03-01 13:20",9.69,9.69,9.67,9.67,-0.02,-0.21%,0
"2024-03-01 13:21",9.66,9.66,9.65,9.65,-0.02,-0.21%,0
"2024-03-01 13:22",9.63,9.63,9.6,9.6,-0.05,-0.52%,0
"2024-03-01 13:23",9.6,9.61,9.6,9.61,0.01,+0.10%,0
"2024-03-01 13:24",9.6,9.63,9.6,9.61,0,0.00%,0
"2024-03-01 13:25",9.6,9.62,9.6,9.61,0,0.00%,0
"2024-03-01 13:26",9.61,9.62,9.59,9.59,-0.02,-0.21%,0
"2024-03-01 13:27",9.58,9.61,9.58,9.61,0.02,+0.21%,0
"2024-03-01 13:28",9.6,9.62,9.6,9.62,0.01,+0.10%,0
"2024-03-01 13:29",9.64,9.64,9.63,9.63,0.01,+0.10%,0
"2024-03-01 13:30",9.63,9.65,9.63,9.63,0,0.00%,0
"2024-03-01 13:31",9.63,9.66,9.63,9.65,0.02,+0.21%,0
"2024-03-01 13:32",9.65,9.66,9.65,9.66,0.01,+0.10%,0
"2024-03-01 13:33",9.66,9.66,9.65,9.65,-0.01,-0.10%,0
"2024-03-01 13:34",9.65,9.65,9.64,9.65,0,0.00%,0
"2024-03-01 13:35",9.65,9.67,9.64,9.64,-0.01,-0.10%,0
"2024-03-01 13:36",9.63,9.64,9.63,9.64,0,0.00%,0
"2024-03-01 13:37",9.65,9.69,9.65,9.68,0.04,+0.41%,0
"2024-03-01 13:38",9.67,9.68,9.63,9.63,-0.05,-0.52%,0
"2024-03-01 13:39",9.63,9.65,9.63,9.64,0.01,+0.10%,0
"2024-03-01 13:40",9.64,9.67,9.64,9.67,0.03,+0.31%,0
"2024-03-01 13:41",9.67,9.69,9.67,9.69,0.02,+0.21%,0
"2024-03-01 13:42",9.7,9.78,9.7,9.76,0.07,+0.72%,0
"2024-03-01 13:43",9.76,9.78,9.76,9.78,0.02,+0.20%,0
"2024-03-01 13:44",9.79,9.82,9.79,9.82,0.04,+0.41%,0
"2024-03-01 13:45",9.82,9.84,9.82,9.84,0.02,+0.20%,0
"2024-03-01 13:46",9.86,9.86,9.85,9.86,0.02,+0.20%,0
"2024-03-01 13:47",9.86,9.89,9.86,9.87,0.01,+0.10%,0
"2024-03-01 13:48",9.88,9.92,9.88,9.92,0.05,+0.51%,0
"2024-03-01 13:49",9.92,9.93,9.92,9.92,0,0.00%,0
"2024-03-01 13:50",9.85,9.87,9.85,9.87,-0.05,-0.50%,0
"2024-03-01 13:51",9.86,9.88,9.86,9.86,-0.01,-0.10%,0
"2024-03-01 13:52",9.87,9.89,9.87,9.88,0.02,+0.20%,0
"2024-03-01 13:53",9.89,9.9,9.88,9.9,0.02,+0.20%,0
"2024-03-01 13:54",9.88,9.91,9.88,9.91,0.01,+0.10%,0
"2024-03-01 13:55",9.91,9.93,9.91,9.91,0,0.00%,0
"2024-03-01 13:56",9.92,9.94,9.92,9.94,0.03,+0.30%,0
"2024-03-01 13:57",9.95,9.99,9.95,9.99,0.05,+0.50%,0
"2024-03-01 13:58",9.97,9.99,9.97,9.99,0,0.00%,0
"2024-03-01 13:59",9.99,10.05,9.99,10.05,0.06,+0.60%,0
"2024-03-01 14:00",10.05,10.18,10.05,10.18,0.13,+1.29%,0
"2024-03-01 14:01",10.27,10.27,10.22,10.22,0.04,+0.39%,0
"2024-03-01 14:02",10.23,10.26,10.23,10.26,0.04,+0.39%,0
"2024-03-01 14:03",10.26,10.28,10.26,10.28,0.02,+0.19%,0
"2024-03-01 14:04",10.28,10.28,10.27,10.27,-0.01,-0.10%,0
"2024-03-01 14:05",10.27,10.3,10.27,10.3,0.03,+0.29%,0
"2024-03-01 14:06",10.29,10.3,10.24,10.26,-0.04,-0.39%,0
"2024-03-01 14:07",10.25,10.27,10.25,10.26,0,0.00%,0
"2024-03-01 14:08",10.25,10.25,10.25,10.25,-0.01,-0.10%,0
"2024-03-01 14:09",10.26,10.36,10.26,10.36,0.11,+1.07%,0
"2024-03-01 14:10",10.38,10.39,10.38,10.39,0.03,+0.29%,0
"2024-03-01 14:11",10.42,10.46,10.42,10.45,0.06,+0.58%,0
"2024-03-01 14:12",10.45,10.5,10.45,10.49,0.04,+0.38%,0
"2024-03-01 14:13",10.5,10.5,10.47,10.47,-0.02,-0.19%,0
"2024-03-01 14:14",10.47,10.49,10.47,10.48,0.01,+0.10%,0
"2024-03-01 14:15",10.48,10.5,10.47,10.47,-0.01,-0.10%,0
"2024-03-01 14:16",10.47,10.52,10.47,10.52,0.05,+0.48%,0
"2024-03-01 14:17",10.52,10.59,10.52,10.58,0.06,+0.57%,0
"2024-03-01 14:18",10.58,10.58,10.42,10.42,-0.16,-1.51%,0
"2024-03-01 14:19",10.39,10.4,10.34,10.34,-0.08,-0.77%,0
"2024-03-01 14:20",10.32,10.34,10.32,10.33,-0.01,-0.10%,0
"2024-03-01 14:21",10.32,10.36,10.32,10.36,0.03,+0.29%,0
"2024-03-01 14:22",10.33,10.36,10.33,10.36,0,0.00%,0
"2024-03-01 14:23",10.39,10.39,10.22,10.22,-0.14,-1.35%,0
"2024-03-01 14:24",10.2,10.25,10.2,10.25,0.03,+0.29%,0
"2024-03-01 14:25",10.25,10.33,10.25,10.33,0.08,+0.78%,0
"2024-03-01 14:26",10.31,10.37,10.31,10.37,0.04,+0.39%,0
"2024-03-01 14:27",10.39,10.64,10.39,10.64,0.27,+2.60%,0
"2024-03-01 14:28",10.63,10.89,10.63,10.89,0.25,+2.35%,0
"2024-03-01 14:29",10.92,10.96,10.92,10.96,0.07,+0.64%,0
"2024-03-01 14:30",11,11,10.97,10.97,0.01,+0.09%,0
"2024-03-01 14:31",10.96,10.96,10.93,10.94,-0.03,-0.27%,0
"2024-03-01 14:32",10.94,10.94,10.91,10.91,-0.03,-0.27%,0
"2024-03-01 14:33",10.88,10.91,10.88,10.88,-0.03,-0.27%,0
"2024-03-01 14:34",10.84,10.84,10.81,10.81,-0.07,-0.64%,0
"2024-03-01 14:35",10.82,10.86,10.82,10.84,0.03,+0.28%,0
"2024-03-01 14:36",10.82,10.82,10.78,10.78,-0.06,-0.55%,0
"2024-03-01 14:37",10.76,10.83,10.76,10.79,0.01,+0.09%,0
"2024-03-01 14:38",10.79,10.82,10.79,10.81,0.02,+0.19%,0
"2024-03-01 14:39",10.81,10.84,10.81,10.84,0.03,+0.28%,0
"2024-03-01 14:40",10.82,10.82,10.73,10.73,-0.11,-1.01%,0
"2024-03-01 14:41",10.69,10.71,10.69,10.71,-0.02,-0.19%,0
"2024-03-01 14:42",10.73,10.75,10.72,10.72,0.01,+0.09%,0
"2024-03-01 14:43",10.77,10.8,10.77,10.79,0.07,+0.65%,0
"2024-03-01 14:44",10.85,10.87,10.85,10.87,0.08,+0.74%,0
"2024-03-01 14:45",10.85,10.85,10.84,10.84,-0.03,-0.28%,0
"2024-03-01 14:46",10.84,10.85,10.84,10.85,0.01,+0.09%,0
"2024-03-01 14:47",10.84,10.86,10.84,10.86,0.01,+0.09%,0
"2024-03-01 14:48",10.86,10.86,10.84,10.84,-0.02,-0.18%,0
"2024-03-01 14:49",10.85,10.86,10.84,10.84,0,0.00%,0
"2024-03-01 14:50",10.84,10.9,10.84,10.9,0.06,+0.55%,0
"2024-03-01 14:51",10.91,10.93,10.9,10.9,0,0.00%,0
"2024-03-01 14:52",10.9,10.91,10.88,10.88,-0.02,-0.18%,0
"2024-03-01 14:53",10.87,10.91,10.87,10.88,0,0.00%,0
"2024-03-01 14:54",10.86,10.86,10.84,10.85,-0.03,-0.28%,0
"2024-03-01 14:55",10.84,10.87,10.84,10.87,0.02,+0.18%,0
"2024-03-01 14:56",10.85,10.86,10.84,10.84,-0.03,-0.28%,0
"2024-03-01 14:57",10.84,10.85,10.83,10.83,-0.01,-0.09%,0
"2024-03-01 14:58",10.81,10.81,10.75,10.75,-0.08,-0.74%,0
"2024-03-01 14:59",10.68,10.69,10.68,10.68,-0.07,-0.65%,0
"2024-03-01 15:00",10.64,10.65,10.61,10.61,-0.07,-0.66%,0
"2024-03-01 15:01",10.58,10.61,10.58,10.6,-0.01,-0.09%,0
"2024-03-01 15:02",10.6,10.62,10.6,10.61,0.01,+0.09%,0
"2024-03-01 15:03",10.59,10.62,10.59,10.62,0.01,+0.09%,0
"2024-03-01 15:04",10.6,10.62,10.6,10.62,0,0.00%,0
"2024-03-01 15:05",10.62,10.62,10.59,10.59,-0.03,-0.28%,0
"2024-03-01 15:06",10.59,10.59,10.57,10.57,-0.02,-0.19%,0
"2024-03-01 15:07",10.57,10.58,10.57,10.57,0,0.00%,0
"2024-03-01 15:08",10.56,10.62,10.56,10.62,0.05,+0.47%,0
"2024-03-01 15:09",10.58,10.58,10.55,10.55,-0.07,-0.66%,0
"2024-03-01 15:10",10.52,10.55,10.52,10.54,-0.01,-0.09%,0
"2024-03-01 15:11",10.54,10.54,10.51,10.51,-0.03,-0.28%,0
"2024-03-01 15:12",10.48,10.54,10.48,10.54,0.03,+0.29%,0
"2024-03-01 15:13",10.49,10.5,10.45,10.45,-0.09,-0.85%,0
"2024-03-01 15:14",10.45,10.45,10.36,10.36,-0.09,-0.86%,0
"2024-03-01 15:15",10.34,10.34,10.3,10.3,-0.06,-0.58%,0
"2024-03-01 15:16",10.3,10.31,10.29,10.29,-0.01,-0.10%,0
"2024-03-01 15:17",10.29,10.29,10.26,10.27,-0.02,-0.19%,0
"2024-03-01 15:18",10.26,10.26,10.22,10.22,-0.05,-0.49%,0
"2024-03-01 15:19",10.22,10.22,10.2,10.2,-0.02,-0.20%,0
"2024-03-01 15:20",10.23,10.23,10.2,10.2,0,0.00%,0
"2024-03-01 15:21",10.19,10.2,10.14,10.14,-0.06,-0.59%,0
"2024-03-01 15:22",10.14,10.16,10.12,10.12,-0.02,-0.20%,0
"2024-03-01 15:23",10.12,10.14,10.11,10.11,-0.01,-0.10%,0
"2024-03-01 15:24",10.1,10.14,10.1,10.14,0.03,+0.30%,0
"2024-03-01 15:25",10.14,10.14,10.14,10.14,0,0.00%,0
"2024-03-01 15:26",10.14,10.16,10.14,10.16,0.02,+0.20%,0
"2024-03-01 15:27",10.16,10.16,10.13,10.13,-0.03,-0.30%,0
"2024-03-01 15:28",10.13,10.16,10.13,10.16,0.03,+0.30%,0
"2024-03-01 15:29",10.15,10.15,10.12,10.13,-0.03,-0.30%,0
"2024-03-01 15:30",10.15,10.15,10.13,10.13,0,0.00%,0
"2024-03-01 15:31",10.12,10.15,10.12,10.15,0.02,+0.20%,0
"2024-03-01 15:32",10.14,10.16,10.13,10.13,-0.02,-0.20%,0
"2024-03-01 15:33",10.12,10.14,10.12,10.14,0.01,+0.10%,0
"2024-03-01 15:34",10.12,10.15,10.12,10.15,0.01,+0.10%,0
"2024-03-01 15:35",10.16,10.2,10.16,10.19,0.04,+0.39%,0
"2024-03-01 15:36",10.17,10.19,10.17,10.19,0,0.00%,0
"2024-03-01 15:37",10.19,10.21,10.16,10.16,-0.03,-0.29%,0
"2024-03-01 15:38",10.13,10.15,10.13,10.14,-0.02,-0.20%,0
"2024-03-01 15:39",10.17,10.19,10.17,10.19,0.05,+0.49%,0
"2024-03-01 15:40",10.22,10.25,10.22,10.25,0.06,+0.59%,0
"2024-03-01 15:41",10.24,10.29,10.24,10.29,0.04,+0.39%,0
"2024-03-01 15:42",10.25,10.32,10.25,10.32,0.03,+0.29%,0
"2024-03-01 15:43",10.33,10.35,10.28,10.28,-0.04,-0.39%,0
"2024-03-01 15:44",10.27,10.27,10.22,10.22,-0.06,-0.58%,0
"2024-03-01 15:45",10.15,10.16,10.11,10.13,-0.09,-0.88%,0
"2024-03-01 15:46",10.11,10.11,10.04,10.04,-0.09,-0.89%,0
"2024-03-01 15:47",10.03,10.03,10,10,-0.04,-0.40%,0
"2024-03-01 15:48",9.99,10.03,9.94,9.94,-0.06,-0.60%,0
"2024-03-01 15:49",9.98,9.98,9.89,9.89,-0.05,-0.50%,0
"2024-03-01 15:50",9.96,10,9.93,9.93,0.04,+0.40%,0
"2024-03-01 15:51",9.87,9.9,9.84,9.9,-0.03,-0.30%,0
"2024-03-01 15:52",9.89,9.9,9.87,9.9,0,0.00%,0
"2024-03-01 15:53",9.89,9.91,9.89,9.9,0,0.00%,0
"2024-03-01 15:54",9.9,9.93,9.9,9.91,0.01,+0.10%,0
"2024-03-01 15:55",9.91,9.92,9.91,9.91,0,0.00%,0
"2024-03-01 15:56",9.92,9.92,9.87,9.9,-0.01,-0.10%,0
"2024-03-01 15:57",9.89,9.89,9.56,9.85,-0.05,-0.51%,0
"2024-03-01 15:58",9.83,9.83,9.67,9.67,-0.18,-1.83%,0
"2024-03-01 15:59",9.65,9.65,9.56,9.56,-0.11,-1.14%,0
"2024-03-01 16:00",9.41,9.51,9.21,9.49,-0.07,-0.73%,0
"2024-03-01 16:01",9.48,9.53,9.16,9.53,0.04,+0.42%,0
"2024-03-01 16:02",9.17,9.19,9.13,9.13,-0.4,-4.20%,0
"2024-03-01 16:03",9.12,9.56,9.12,9.56,0.43,+4.71%,0
"2024-03-01 16:04",9.56,9.69,9.56,9.69,0.13,+1.36%,0
"2024-03-01 16:05",9.69,9.7,9.64,9.64,-0.05,-0.52%,0
"2024-03-01 16:06",9.38,9.4,9.38,9.38,-0.26,-2.70%,0
"2024-03-01 16:07",9.36,9.41,9.36,9.4,0.02,+0.21%,0
"2024-03-01 16:08",9.39,9.41,9.28,9.28,-0.12,-1.28%,0
"2024-03-01 16:09",9.23,9.29,9.23,9.24,-0.04,-0.43%,0
"2024-03-01 16:10",9.23,9.25,9.23,9.24,0,0.00%,0
"2024-03-01 16:11",9.23,9.24,9.23,9.24,0,0.00%,0
"2024-03-01 16:12",9.24,9.27,9.24,9.27,0.03,+0.32%,0
"2024-03-01 16:13",9.33,9.37,9.33,9.35,0.08,+0.86%,0
"2024-03-01 16:14",9.34,9.34,9.32,9.34,-0.01,-0.11%,0
"2024-03-01 16:15",9.37,9.37,9.37,9.37,0.03,+0.32%,0
"2024-03-04 09:31",6.73,6.73,6.63,6.63,-2.74,-29.24%,0
"2024-03-04 09:32",6.6,6.6,6.47,6.47,-0.16,-2.41%,0
"2024-03-04 09:33",6.45,6.47,6.4,6.4,-0.07,-1.08%,0
"2024-03-04 09:34",6.41,6.56,6.41,6.56,0.16,+2.50%,0
"2024-03-04 09:35",6.56,6.58,6.56,6.56,0,0.00%,0
"2024-03-04 09:36",6.53,6.57,6.53,6.54,-0.02,-0.30%,0
"2024-03-04 09:37",6.52,6.52,6.49,6.49,-0.05,-0.76%,0
"2024-03-04 09:38",6.49,6.55,6.49,6.55,0.06,+0.92%,0
"2024-03-04 09:39",6.56,6.58,6.54,6.54,-0.01,-0.15%,0
"2024-03-04 09:40",6.52,6.53,6.52,6.53,-0.01,-0.15%,0
"2024-03-04 09:41",6.53,6.57,6.53,6.56,0.03,+0.46%,0
"2024-03-04 09:42",6.57,6.57,6.57,6.57,0.01,+0.15%,0
"2024-03-04 09:43",6.57,6.61,6.57,6.61,0.04,+0.61%,0
"2024-03-04 09:44",6.6,6.63,6.6,6.62,0.01,+0.15%,0
"2024-03-04 09:45",6.62,6.62,6.59,6.59,-0.03,-0.45%,0
"2024-03-04 09:46",6.59,6.59,6.55,6.55,-0.04,-0.61%,0
"2024-03-04 09:47",6.54,6.56,6.54,6.56,0.01,+0.15%,0
"2024-03-04 09:48",6.55,6.56,6.54,6.56,0,0.00%,0
"2024-03-04 09:49",6.56,6.58,6.56,6.58,0.02,+0.30%,0
"2024-03-04 09:50",6.58,6.59,6.57,6.57,-0.01,-0.15%,0
"2024-03-04 09:51",6.56,6.56,6.52,6.52,-0.05,-0.76%,0
"2024-03-04 09:52",6.53,6.56,6.53,6.56,0.04,+0.61%,0
"2024-03-04 09:53",6.55,6.59,6.55,6.58,0.02,+0.30%,0
"2024-03-04 09:54",6.6,6.61,6.6,6.6,0.02,+0.30%,0
"2024-03-04 09:55",6.6,6.6,6.59,6.59,-0.01,-0.15%,0
"2024-03-04 09:56",6.6,6.62,6.6,6.62,0.03,+0.46%,0
"2024-03-04 09:57",6.62,6.64,6.62,6.64,0.02,+0.30%,0
"2024-03-04 09:58",6.63,6.65,6.63,6.65,0.01,+0.15%,0
"2024-03-04 09:59",6.64,6.67,6.64,6.65,0,0.00%,0
"2024-03-04 10:00",6.64,6.66,6.64,6.66,0.01,+0.15%,0
"2024-03-04 10:01",6.66,6.66,6.64,6.65,-0.01,-0.15%,0
"2024-03-04 10:02",6.65,6.66,6.64,6.64,-0.01,-0.15%,0
"2024-03-04 10:03",6.63,6.65,6.63,6.65,0.01,+0.15%,0
"2024-03-04 10:04",6.64,6.65,6.64,6.65,0,0.00%,0
"2024-03-04 10:05",6.65,6.66,6.63,6.63,-0.02,-0.30%,0
"2024-03-04 10:06",6.65,6.68,6.65,6.66,0.03,+0.45%,0
"2024-03-04 10:07",6.66,6.67,6.66,6.66,0,0.00%,0
"2024-03-04 10:08",6.67,6.67,6.65,6.65,-0.01,-0.15%,0
"2024-03-04 10:09",6.65,6.68,6.65,6.67,0.02,+0.30%,0
"2024-03-04 10:10",6.66,6.69,6.66,6.68,0.01,+0.15%,0
"2024-03-04 10:11",6.68,6.69,6.67,6.67,-0.01,-0.15%,0
"2024-03-04 10:12",6.7,6.71,6.69,6.69,0.02,+0.30%,0
"2024-03-04 10:13",6.67,6.7,6.67,6.69,0,0.00%,0
"2024-03-04 10:14",6.7,6.73,6.7,6.73,0.04,+0.60%,0
"2024-03-04 10:15",6.72,6.76,6.72,6.75,0.02,+0.30%,0
"2024-03-04 10:16",6.74,6.76,6.71,6.72,-0.03,-0.44%,0
"2024-03-04 10:17",6.74,6.74,6.72,6.72,0,0.00%,0
"2024-03-04 10:18",6.69,6.71,6.69,6.71,-0.01,-0.15%,0
"2024-03-04 10:19",6.72,6.73,6.71,6.71,0,0.00%,0
"2024-03-04 10:20",6.71,6.71,6.7,6.71,0,0.00%,0
"2024-03-04 10:21",6.7,6.73,6.7,6.73,0.02,+0.30%,0
"2024-03-04 10:22",6.75,6.77,6.75,6.75,0.02,+0.30%,0
"2024-03-04 10:23",6.74,6.78,6.74,6.77,0.02,+0.30%,0
"2024-03-04 10:24",6.76,6.77,6.75,6.75,-0.02,-0.30%,0
"2024-03-04 10:25",6.7,6.7,6.67,6.69,-0.06,-0.89%,0
"2024-03-04 10:26",6.69,6.74,6.69,6.74,0.05,+0.75%,0
"2024-03-04 10:27",6.76,6.77,6.76,6.77,0.03,+0.45%,0
"2024-03-04 10:28",6.78,6.81,6.78,6.79,0.02,+0.30%,0
"2024-03-04 10:29",6.79,6.81,6.78,6.78,-0.01,-0.15%,0
"2024-03-04 10:30",6.79,6.8,6.79,6.8,0.02,+0.29%,0
"2024-03-04 10:31",6.82,6.85,6.82,6.83,0.03,+0.44%,0
"2024-03-04 10:32",6.82,6.86,6.82,6.84,0.01,+0.15%,0
"2024-03-04 10:33",6.85,6.86,6.85,6.86,0.02,+0.29%,0
"2024-03-04 10:34",6.86,6.87,6.84,6.84,-0.02,-0.29%,0
"2024-03-04 10:35",6.83,6.85,6.83,6.84,0,0.00%,0
"2024-03-04 10:36",6.84,6.84,6.82,6.82,-0.02,-0.29%,0
"2024-03-04 10:37",6.83,6.84,6.82,6.82,0,0.00%,0
"2024-03-04 10:38",6.83,6.86,6.83,6.85,0.03,+0.44%,0
"2024-03-04 10:39",6.85,6.87,6.85,6.87,0.02,+0.29%,0
"2024-03-04 10:40",6.84,6.86,6.84,6.86,-0.01,-0.15%,0
"2024-03-04 10:41",6.85,6.87,6.85,6.86,0,0.00%,0
"2024-03-04 10:42",6.85,6.86,6.84,6.86,0,0.00%,0
"2024-03-04 10:43",6.85,6.86,6.85,6.86,0,0.00%,0
"2024-03-04 10:44",6.85,6.88,6.85,6.88,0.02,+0.29%,0
"2024-03-04 10:45",6.9,6.9,6.87,6.87,-0.01,-0.15%,0
"2024-03-04 10:46",6.86,6.87,6.85,6.85,-0.02,-0.29%,0
"2024-03-04 10:47",6.82,6.82,6.82,6.82,-0.03,-0.44%,0
"2024-03-04 10:48",6.81,6.83,6.81,6.83,0.01,+0.15%,0
"2024-03-04 10:49",6.82,6.84,6.82,6.83,0,0.00%,0
"2024-03-04 10:50",6.84,6.85,6.83,6.85,0.02,+0.29%,0
"2024-03-04 10:51",6.83,6.85,6.83,6.83,-0.02,-0.29%,0
"2024-03-04 10:52",6.83,6.86,6.83,6.85,0.02,+0.29%,0
"2024-03-04 10:53",6.85,6.91,6.85,6.91,0.06,+0.88%,0
"2024-03-04 10:54",6.9,6.93,6.9,6.9,-0.01,-0.14%,0
"2024-03-04 10:55",6.89,6.91,6.88,6.88,-0.02,-0.29%,0
"2024-03-04 10:56",6.88,6.89,6.85,6.85,-0.03,-0.44%,0
"2024-03-04 10:57",6.84,6.88,6.84,6.88,0.03,+0.44%,0
"2024-03-04 10:58",6.87,6.9,6.87,6.9,0.02,+0.29%,0
"2024-03-04 10:59",6.89,6.92,6.89,6.92,0.02,+0.29%,0
"2024-03-04 11:00",6.91,6.91,6.91,6.91,-0.01,-0.14%,0
"2024-03-04 11:01",6.91,6.91,6.91,6.91,0,0.00%,0
"2024-03-04 11:02",6.92,6.92,6.89,6.89,-0.02,-0.29%,0
"2024-03-04 11:03",6.91,6.93,6.91,6.91,0.02,+0.29%,0
"2024-03-04 11:04",6.91,6.96,6.91,6.96,0.05,+0.72%,0
"2024-03-04 11:05",6.95,6.96,6.95,6.96,0,0.00%,0
"2024-03-04 11:06",6.96,6.99,6.96,6.98,0.02,+0.29%,0
"2024-03-04 11:07",7,7.03,7,7.03,0.05,+0.72%,0
"2024-03-04 11:08",7.04,7.04,7.01,7.01,-0.02,-0.28%,0
"2024-03-04 11:09",7.01,7.01,7.01,7.01,0,0.00%,0
"2024-03-04 11:10",7.01,7.02,7.01,7.02,0.01,+0.14%,0
"2024-03-04 11:11",7.04,7.08,7.04,7.08,0.06,+0.85%,0
"2024-03-04 11:12",7.07,7.1,7.07,7.09,0.01,+0.14%,0
"2024-03-04 11:13",7.1,7.13,7.1,7.12,0.03,+0.42%,0
"2024-03-04 11:14",7.11,7.17,7.11,7.17,0.05,+0.70%,0
"2024-03-04 11:15",7.14,7.16,7.14,7.16,-0.01,-0.14%,0
"2024-03-04 11:16",7.16,7.17,7.14,7.16,0,0.00%,0
"2024-03-04 11:17",7.15,7.15,7.14,7.14,-0.02,-0.28%,0
"2024-03-04 11:18",7.14,7.16,7.14,7.15,0.01,+0.14%,0
"2024-03-04 11:19",7.13,7.13,7.12,7.12,-0.03,-0.42%,0
"2024-03-04 11:20",7.12,7.15,7.12,7.14,0.02,+0.28%,0
"2024-03-04 11:21",7.13,7.14,7.13,7.14,0,0.00%,0
"2024-03-04 11:22",7.14,7.17,7.14,7.16,0.02,+0.28%,0
"2024-03-04 11:23",7.16,7.2,7.16,7.2,0.04,+0.56%,0
"2024-03-04 11:24",7.2,7.21,7.2,7.21,0.01,+0.14%,0
"2024-03-04 11:25",7.2,7.21,7.18,7.18,-0.03,-0.42%,0
"2024-03-04 11:26",7.19,7.21,7.19,7.19,0.01,+0.14%,0
"2024-03-04 11:27",7.19,7.21,7.19,7.2,0.01,+0.14%,0
"2024-03-04 11:28",7.2,7.22,7.2,7.22,0.02,+0.28%,0
"2024-03-04 11:29",7.21,7.23,7.19,7.19,-0.03,-0.42%,0
"2024-03-04 11:30",7.2,7.2,7.19,7.19,0,0.00%,0
"2024-03-04 11:31",7.18,7.2,7.17,7.17,-0.02,-0.28%,0
"2024-03-04 11:32",7.17,7.21,7.17,7.19,0.02,+0.28%,0
"2024-03-04 11:33",7.2,7.22,7.2,7.21,0.02,+0.28%,0
"2024-03-04 11:34",7.19,7.24,7.19,7.24,0.03,+0.42%,0
"2024-03-04 11:35",7.23,7.27,7.23,7.27,0.03,+0.41%,0
"2024-03-04 11:36",7.26,7.27,7.21,7.21,-0.06,-0.83%,0
"2024-03-04 11:37",7.2,7.23,7.2,7.22,0.01,+0.14%,0
"2024-03-04 11:38",7.22,7.24,7.22,7.24,0.02,+0.28%,0
"2024-03-04 11:39",7.24,7.26,7.23,7.23,-0.01,-0.14%,0
"2024-03-04 11:40",7.23,7.25,7.23,7.24,0.01,+0.14%,0
"2024-03-04 11:41",7.24,7.25,7.22,7.22,-0.02,-0.28%,0
"2024-03-04 11:42",7.23,7.24,7.2,7.2,-0.02,-0.28%,0
"2024-03-04 11:43",7.2,7.22,7.2,7.2,0,0.00%,0
"2024-03-04 11:44",7.21,7.22,7.21,7.22,0.02,+0.28%,0
"2024-03-04 11:45",7.22,7.23,7.21,7.21,-0.01,-0.14%,0
"2024-03-04 11:46",7.2,7.21,7.2,7.21,0,0.00%,0
"2024-03-04 11:47",7.23,7.24,7.23,7.24,0.03,+0.42%,0
"2024-03-04 11:48",7.24,7.26,7.24,7.25,0.01,+0.14%,0
"2024-03-04 11:49",7.25,7.28,7.25,7.26,0.01,+0.14%,0
"2024-03-04 11:50",7.27,7.3,7.27,7.29,0.03,+0.41%,0
"2024-03-04 11:51",7.3,7.33,7.3,7.33,0.04,+0.55%,0
"2024-03-04 11:52",7.31,7.32,7.31,7.31,-0.02,-0.27%,0
"2024-03-04 11:53",7.31,7.32,7.31,7.32,0.01,+0.14%,0
"2024-03-04 11:54",7.31,7.31,7.29,7.3,-0.02,-0.27%,0
"2024-03-04 11:55",7.29,7.32,7.29,7.32,0.02,+0.27%,0
"2024-03-04 11:56",7.32,7.32,7.32,7.32,0,0.00%,0
"2024-03-04 11:57",7.32,7.34,7.32,7.34,0.02,+0.27%,0
"2024-03-04 11:58",7.33,7.33,7.32,7.32,-0.02,-0.27%,0
"2024-03-04 11:59",7.32,7.32,7.3,7.3,-0.02,-0.27%,0
"2024-03-04 12:00",7.29,7.35,7.29,7.35,0.05,+0.68%,0
"2024-03-04 12:01",7.36,7.41,7.36,7.4,0.05,+0.68%,0
"2024-03-04 12:02",7.39,7.42,7.38,7.38,-0.02,-0.27%,0
"2024-03-04 12:03",7.37,7.39,7.37,7.38,0,0.00%,0
"2024-03-04 12:04",7.38,7.39,7.38,7.39,0.01,+0.14%,0
"2024-03-04 12:05",7.38,7.4,7.38,7.4,0.01,+0.14%,0
"2024-03-04 12:06",7.4,7.42,7.4,7.41,0.01,+0.14%,0
"2024-03-04 12:07",7.41,7.42,7.41,7.42,0.01,+0.13%,0
"2024-03-04 12:08",7.4,7.41,7.4,7.4,-0.02,-0.27%,0
"2024-03-04 12:09",7.4,7.4,7.39,7.4,0,0.00%,0
"2024-03-04 12:10",7.4,7.42,7.4,7.4,0,0.00%,0
"2024-03-04 12:11",7.4,7.4,7.39,7.39,-0.01,-0.14%,0
"2024-03-04 12:12",7.39,7.39,7.38,7.39,0,0.00%,0
"2024-03-04 12:13",7.39,7.41,7.39,7.41,0.02,+0.27%,0
"2024-03-04 12:14",7.4,7.43,7.4,7.42,0.01,+0.13%,0
"2024-03-04 12:15",7.42,7.44,7.42,7.42,0,0.00%,0
"2024-03-04 12:16",7.43,7.44,7.43,7.44,0.02,+0.27%,0
"2024-03-04 12:17",7.44,7.45,7.44,7.44,0,0.00%,0
"2024-03-04 12:18",7.45,7.46,7.45,7.46,0.02,+0.27%,0
"2024-03-04 12:19",7.46,7.47,7.46,7.47,0.01,+0.13%,0
"2024-03-04 12:20",7.47,7.48,7.47,7.47,0,0.00%,0
"2024-03-04 12:21",7.46,7.48,7.46,7.47,0,0.00%,0
"2024-03-04 12:22",7.47,7.47,7.47,7.47,0,0.00%,0
"2024-03-04 12:23",7.46,7.47,7.46,7.47,0,0.00%,0
"2024-03-04 12:24",7.49,7.5,7.48,7.48,0.01,+0.13%,0
"2024-03-04 12:25",7.47,7.48,7.47,7.48,0,0.00%,0
"2024-03-04 12:26",7.47,7.49,7.47,7.48,0,0.00%,0
"2024-03-04 12:27",7.5,7.51,7.5,7.51,0.03,+0.40%,0
"2024-03-04 12:28",7.52,7.52,7.51,7.51,0,0.00%,0
"2024-03-04 12:29",7.52,7.53,7.51,7.51,0,0.00%,0
"2024-03-04 12:30",7.53,7.56,7.53,7.56,0.05,+0.67%,0
"2024-03-04 12:31",7.57,7.6,7.57,7.6,0.04,+0.53%,0
"2024-03-04 12:32",7.6,7.6,7.56,7.56,-0.04,-0.53%,0
"2024-03-04 12:33",7.57,7.6,7.57,7.6,0.04,+0.53%,0
"2024-03-04 12:34",7.6,7.6,7.59,7.59,-0.01,-0.13%,0
"2024-03-04 12:35",7.59,7.61,7.59,7.6,0.01,+0.13%,0
"2024-03-04 12:36",7.61,7.62,7.61,7.62,0.02,+0.26%,0
"2024-03-04 12:37",7.62,7.63,7.62,7.62,0,0.00%,0
"2024-03-04 12:38",7.63,7.64,7.63,7.63,0.01,+0.13%,0
"2024-03-04 12:39",7.64,7.65,7.64,7.64,0.01,+0.13%,0
"2024-03-04 12:40",7.64,7.66,7.6,7.6,-0.04,-0.52%,0
"2024-03-04 12:41",7.61,7.62,7.61,7.61,0.01,+0.13%,0
"2024-03-04 12:42",7.6,7.62,7.6,7.62,0.01,+0.13%,0
"2024-03-04 12:43",7.62,7.64,7.62,7.64,0.02,+0.26%,0
"2024-03-04 12:44",7.63,7.64,7.63,7.63,-0.01,-0.13%,0
"2024-03-04 12:45",7.63,7.65,7.63,7.65,0.02,+0.26%,0
"2024-03-04 12:46",7.65,7.67,7.65,7.67,0.02,+0.26%,0
"2024-03-04 12:47",7.67,7.69,7.67,7.69,0.02,+0.26%,0
"2024-03-04 12:48",7.69,7.71,7.69,7.7,0.01,+0.13%,0
"2024-03-04 12:49",7.68,7.7,7.68,7.69,-0.01,-0.13%,0
"2024-03-04 12:50",7.69,7.71,7.69,7.71,0.02,+0.26%,0
"2024-03-04 12:51",7.73,7.74,7.73,7.74,0.03,+0.39%,0
"2024-03-04 12:52",7.73,7.74,7.73,7.74,0,0.00%,0
"2024-03-04 12:53",7.73,7.76,7.73,7.76,0.02,+0.26%,0
"2024-03-04 12:54",7.75,7.77,7.75,7.76,0,0.00%,0
"2024-03-04 12:55",7.77,7.77,7.77,7.77,0.01,+0.13%,0
"2024-03-04 12:56",7.77,7.8,7.77,7.8,0.03,+0.39%,0
"2024-03-04 12:57",7.79,7.81,7.79,7.8,0,0.00%,0
"2024-03-04 12:58",7.81,7.83,7.81,7.83,0.03,+0.38%,0
"2024-03-04 12:59",7.82,7.83,7.82,7.82,-0.01,-0.13%,0
"2024-03-04 13:00",7.82,7.83,7.82,7.83,0.01,+0.13%,0
"2024-03-04 13:01",7.83,7.84,7.83,7.83,0,0.00%,0
"2024-03-04 13:02",7.83,7.84,7.82,7.82,-0.01,-0.13%,0
"2024-03-04 13:03",7.82,7.83,7.82,7.83,0.01,+0.13%,0
"2024-03-04 13:04",7.83,7.85,7.83,7.84,0.01,+0.13%,0
"2024-03-04 13:05",7.83,7.85,7.83,7.85,0.01,+0.13%,0
"2024-03-04 13:06",7.85,7.85,7.82,7.82,-0.03,-0.38%,0
"2024-03-04 13:07",7.83,7.85,7.83,7.84,0.02,+0.26%,0
"2024-03-04 13:08",7.83,7.84,7.82,7.82,-0.02,-0.26%,0
"2024-03-04 13:09",7.82,7.84,7.82,7.84,0.02,+0.26%,0
"2024-03-04 13:10",7.84,7.85,7.84,7.85,0.01,+0.13%,0
"2024-03-04 13:11",7.86,7.88,7.86,7.88,0.03,+0.38%,0
"2024-03-04 13:12",7.87,7.9,7.87,7.89,0.01,+0.13%,0
"2024-03-04 13:13",7.88,7.88,7.87,7.88,-0.01,-0.13%,0
"2024-03-04 13:14",7.88,7.89,7.88,7.88,0,0.00%,0
"2024-03-04 13:15",7.88,7.91,7.88,7.9,0.02,+0.25%,0
"2024-03-04 13:16",7.91,7.92,7.9,7.9,0,0.00%,0
"2024-03-04 13:17",7.9,7.9,7.89,7.9,0,0.00%,0
"2024-03-04 13:18",7.89,7.9,7.89,7.9,0,0.00%,0
"2024-03-04 13:19",7.9,7.91,7.9,7.9,0,0.00%,0
"2024-03-04 13:20",7.9,7.92,7.9,7.92,0.02,+0.25%,0
"2024-03-04 13:21",7.91,7.92,7.91,7.91,-0.01,-0.13%,0
"2024-03-04 13:22",7.92,7.94,7.92,7.94,0.03,+0.38%,0
"2024-03-04 13:23",7.93,7.95,7.93,7.94,0,0.00%,0
"2024-03-04 13:24",7.94,8.03,7.94,8.03,0.09,+1.13%,0
"2024-03-04 13:25",8.02,8.04,8.02,8.02,-0.01,-0.12%,0
"2024-03-04 13:26",8.01,8.01,8,8.01,-0.01,-0.12%,0
"2024-03-04 13:27",8,8,7.98,7.98,-0.03,-0.37%,0
"2024-03-04 13:28",7.97,7.97,7.94,7.94,-0.04,-0.50%,0
"2024-03-04 13:29",7.94,7.96,7.94,7.96,0.02,+0.25%,0
"2024-03-04 13:30",7.96,7.96,7.95,7.95,-0.01,-0.13%,0
"2024-03-04 13:31",7.95,7.97,7.95,7.96,0.01,+0.13%,0
"2024-03-04 13:32",7.98,7.98,7.98,7.98,0.02,+0.25%,0
"2024-03-04 13:33",7.98,8,7.98,8,0.02,+0.25%,0
"2024-03-04 13:34",7.99,8,7.97,7.97,-0.03,-0.38%,0
"2024-03-04 13:35",7.97,7.98,7.97,7.98,0.01,+0.13%,0
"2024-03-04 13:36",7.98,7.99,7.97,7.97,-0.01,-0.13%,0
"2024-03-04 13:37",7.97,7.98,7.97,7.97,0,0.00%,0
"2024-03-04 13:38",7.96,7.97,7.96,7.97,0,0.00%,0
"2024-03-04 13:39",7.97,8,7.97,7.99,0.02,+0.25%,0
"2024-03-04 13:40",8,8,7.99,7.99,0,0.00%,0
"2024-03-04 13:41",7.97,7.98,7.97,7.97,-0.02,-0.25%,0
"2024-03-04 13:42",7.96,7.98,7.96,7.97,0,0.00%,0
"2024-03-04 13:43",7.98,7.98,7.97,7.98,0.01,+0.13%,0
"2024-03-04 13:44",7.97,7.98,7.96,7.96,-0.02,-0.25%,0
"2024-03-04 13:45",7.95,7.96,7.95,7.96,0,0.00%,0
"2024-03-04 13:46",7.95,7.95,7.95,7.95,-0.01,-0.13%,0
"2024-03-04 13:47",7.95,7.96,7.95,7.95,0,0.00%,0
"2024-03-04 13:48",7.94,7.96,7.94,7.95,0,0.00%,0
"2024-03-04 13:49",7.95,7.97,7.95,7.97,0.02,+0.25%,0
"2024-03-04 13:50",7.97,7.99,7.97,7.99,0.02,+0.25%,0
"2024-03-04 13:51",7.98,7.99,7.98,7.98,-0.01,-0.13%,0
"2024-03-04 13:52",7.98,8.01,7.98,8.01,0.03,+0.38%,0
"2024-03-04 13:53",8.02,8.05,8.02,8.03,0.02,+0.25%,0
"2024-03-04 13:54",8.01,8.03,8.01,8.03,0,0.00%,0
"2024-03-04 13:55",8.02,8.04,8.02,8.03,0,0.00%,0
"2024-03-04 13:56",8.02,8.02,8.02,8.02,-0.01,-0.12%,0
"2024-03-04 13:57",8.02,8.02,8.02,8.02,0,0.00%,0
"2024-03-04 13:58",8.01,8.04,8.01,8.04,0.02,+0.25%,0
"2024-03-04 13:59",8.04,8.05,8.03,8.03,-0.01,-0.12%,0
"2024-03-04 14:00",8.02,8.04,8.02,8.04,0.01,+0.12%,0
"2024-03-04 14:01",8.05,8.05,8.02,8.02,-0.02,-0.25%,0
"2024-03-04 14:02",8.02,8.04,8.02,8.04,0.02,+0.25%,0
"2024-03-04 14:03",8.04,8.06,8.03,8.06,0.02,+0.25%,0
"2024-03-04 14:04",8.05,8.06,8.05,8.05,-0.01,-0.12%,0
"2024-03-04 14:05",8.04,8.06,8.04,8.06,0.01,+0.12%,0
"2024-03-04 14:06",8.07,8.08,8.06,8.07,0.01,+0.12%,0
"2024-03-04 14:07",8.08,8.13,8.08,8.12,0.05,+0.62%,0
"2024-03-04 14:08",8.12,8.13,8.12,8.13,0.01,+0.12%,0
"2024-03-04 14:09",8.12,8.13,8.12,8.13,0,0.00%,0
"2024-03-04 14:10",8.13,8.14,8.11,8.11,-0.02,-0.25%,0
"2024-03-04 14:11",8.11,8.12,8.11,8.11,0,0.00%,0
"2024-03-04 14:12",8.11,8.12,8.1,8.1,-0.01,-0.12%,0
"2024-03-04 14:13",8.09,8.09,8.07,8.07,-0.03,-0.37%,0
"2024-03-04 14:14",8.07,8.07,8.05,8.05,-0.02,-0.25%,0
"2024-03-04 14:15",8.03,8.07,8.03,8.03,-0.02,-0.25%,0
"2024-03-04 14:16",8.03,8.03,8.01,8.01,-0.02,-0.25%,0
"2024-03-04 14:17",8.01,8.02,8.01,8.02,0.01,+0.12%,0
"2024-03-04 14:18",8.01,8.01,7.96,7.96,-0.06,-0.75%,0
"2024-03-04 14:19",7.97,8.01,7.97,8.01,0.05,+0.63%,0
"2024-03-04 14:20",7.98,7.99,7.98,7.99,-0.02,-0.25%,0
"2024-03-04 14:21",7.99,8.01,7.99,8,0.01,+0.13%,0
"2024-03-04 14:22",8.01,8.05,8.01,8.03,0.03,+0.38%,0
"2024-03-04 14:23",8.05,8.1,8.05,8.1,0.07,+0.87%,0
"2024-03-04 14:24",8.13,8.13,8.09,8.09,-0.01,-0.12%,0
"2024-03-04 14:25",8.09,8.12,8.09,8.12,0.03,+0.37%,0
"2024-03-04 14:26",8.08,8.09,8.08,8.08,-0.04,-0.49%,0
"2024-03-04 14:27",8.09,8.1,8.08,8.08,0,0.00%,0
"2024-03-04 14:28",8.07,8.08,8.07,8.07,-0.01,-0.12%,0
"2024-03-04 14:29",8.07,8.07,8.06,8.07,0,0.00%,0
"2024-03-04 14:30",8.06,8.06,8.05,8.05,-0.02,-0.25%,0
"2024-03-04 14:31",8.03,8.07,8.03,8.07,0.02,+0.25%,0
"2024-03-04 14:32",8.06,8.11,8.06,8.11,0.04,+0.50%,0
"2024-03-04 14:33",8.11,8.18,8.11,8.18,0.07,+0.86%,0
"2024-03-04 14:34",8.17,8.2,8.17,8.19,0.01,+0.12%,0
"2024-03-04 14:35",8.17,8.18,8.17,8.18,-0.01,-0.12%,0
"2024-03-04 14:36",8.19,8.51,8.19,8.48,0.3,+3.67%,0
"2024-03-04 14:37",8.42,8.42,8.34,8.34,-0.14,-1.65%,0
"2024-03-04 14:38",8.34,8.44,8.34,8.44,0.1,+1.20%,0
"2024-03-04 14:39",8.47,8.57,8.47,8.57,0.13,+1.54%,0
"2024-03-04 14:40",8.76,8.93,8.76,8.89,0.32,+3.73%,0
"2024-03-04 14:41",8.89,8.89,8.77,8.77,-0.12,-1.35%,0
"2024-03-04 14:42",8.78,8.82,8.78,8.82,0.05,+0.57%,0
"2024-03-04 14:43",8.84,8.87,8.84,8.87,0.05,+0.57%,0
"2024-03-04 14:44",8.88,8.91,8.88,8.89,0.02,+0.23%,0
"2024-03-04 14:45",8.89,8.89,8.86,8.86,-0.03,-0.34%,0
"2024-03-04 14:46",8.87,8.88,8.87,8.87,0.01,+0.11%,0
"2024-03-04 14:47",8.86,8.87,8.82,8.82,-0.05,-0.56%,0
"2024-03-04 14:48",8.81,8.81,8.8,8.8,-0.02,-0.23%,0
"2024-03-04 14:49",8.82,8.85,8.82,8.85,0.05,+0.57%,0
"2024-03-04 14:50",8.88,8.92,8.88,8.91,0.06,+0.68%,0
"2024-03-04 14:51",8.91,8.96,8.91,8.96,0.05,+0.56%,0
"2024-03-04 14:52",8.95,8.96,8.95,8.95,-0.01,-0.11%,0
"2024-03-04 14:53",8.94,8.95,8.94,8.95,0,0.00%,0
"2024-03-04 14:54",8.94,8.96,8.94,8.96,0.01,+0.11%,0
"2024-03-04 14:55",8.96,8.96,8.75,8.75,-0.21,-2.34%,0
"2024-03-04 14:56",8.73,8.75,8.7,8.7,-0.05,-0.57%,0
"2024-03-04 14:57",8.68,8.69,8.65,8.65,-0.05,-0.57%,0
"2024-03-04 14:58",8.64,8.64,8.61,8.61,-0.04,-0.46%,0
"2024-03-04 14:59",8.61,8.61,8.58,8.58,-0.03,-0.35%,0
"2024-03-04 15:00",8.58,8.58,8.54,8.54,-0.04,-0.47%,0
"2024-03-04 15:01",8.55,8.55,8.5,8.5,-0.04,-0.47%,0
"2024-03-04 15:02",8.46,8.46,8.44,8.44,-0.06,-0.71%,0
"2024-03-04 15:03",8.41,8.41,8.4,8.4,-0.04,-0.47%,0
"2024-03-04 15:04",8.4,8.43,8.4,8.43,0.03,+0.36%,0
"2024-03-04 15:05",8.44,8.46,8.43,8.46,0.03,+0.36%,0
"2024-03-04 15:06",8.11,8.45,8.1,8.11,-0.35,-4.14%,0
"2024-03-04 15:07",8.1,8.11,8.08,8.08,-0.03,-0.37%,0
"2024-03-04 15:08",8.09,8.1,8.08,8.08,0,0.00%,0
"2024-03-04 15:09",8.11,8.49,8.11,8.46,0.38,+4.70%,0
"2024-03-04 15:10",8.49,8.52,8.11,8.11,-0.35,-4.14%,0
"2024-03-04 15:11",8.12,8.12,8.1,8.11,0,0.00%,0
"2024-03-04 15:12",8.12,8.14,8.12,8.14,0.03,+0.37%,0
"2024-03-04 15:13",8.14,8.17,8.14,8.17,0.03,+0.37%,0
"2024-03-04 15:14",8.18,8.25,8.18,8.25,0.08,+0.98%,0
"2024-03-04 15:15",8.3,8.3,8.26,8.26,0.01,+0.12%,0
"2024-03-04 15:16",8.25,8.28,8.25,8.28,0.02,+0.24%,0
"2024-03-04 15:17",8.28,8.28,8.25,8.26,-0.02,-0.24%,0
"2024-03-04 15:18",8.25,8.27,8.25,8.26,0,0.00%,0
"2024-03-04 15:19",8.26,8.29,8.26,8.29,0.03,+0.36%,0
"2024-03-04 15:20",8.28,8.28,8.28,8.28,-0.01,-0.12%,0
"2024-03-04 15:21",8.29,8.29,8.2,8.2,-0.08,-0.97%,0
"2024-03-04 15:22",8.2,8.2,8.15,8.17,-0.03,-0.37%,0
"2024-03-04 15:23",8.16,8.16,8.1,8.1,-0.07,-0.86%,0
"2024-03-04 15:24",8.13,8.14,8.11,8.11,0.01,+0.12%,0
"2024-03-04 15:25",8.12,8.14,8.11,8.14,0.03,+0.37%,0
"2024-03-04 15:26",8.1,8.14,8.1,8.14,0,0.00%,0
"2024-03-04 15:27",8.13,8.15,8.1,8.1,-0.04,-0.49%,0
"2024-03-04 15:28",8.11,8.11,8.05,8.05,-0.05,-0.62%,0
"2024-03-04 15:29",8.04,8.07,8.04,8.07,0.02,+0.25%,0
"2024-03-04 15:30",8.12,8.16,8.11,8.16,0.09,+1.12%,0
"2024-03-04 15:31",8.18,8.19,8.14,8.15,-0.01,-0.12%,0
"2024-03-04 15:32",8.12,8.14,8.12,8.12,-0.03,-0.37%,0
"2024-03-04 15:33",8.14,8.14,8.03,8.03,-0.09,-1.11%,0
"2024-03-04 15:34",8.03,8.09,8.03,8.09,0.06,+0.75%,0
"2024-03-04 15:35",8.14,8.45,8.14,8.35,0.26,+3.21%,0
"2024-03-04 15:36",8.31,8.54,8.31,8.54,0.19,+2.28%,0
"2024-03-04 15:37",8.59,8.59,8.38,8.38,-0.16,-1.87%,0
"2024-03-04 15:38",8.35,8.35,8.3,8.3,-0.08,-0.95%,0
"2024-03-04 15:39",8.29,8.29,8.23,8.24,-0.06,-0.72%,0
"2024-03-04 15:40",8.24,8.25,8.24,8.25,0.01,+0.12%,0
"2024-03-04 15:41",8.27,8.33,8.27,8.33,0.08,+0.97%,0
"2024-03-04 15:42",8.26,8.33,8.26,8.32,-0.01,-0.12%,0
"2024-03-04 15:43",8.36,8.4,8.36,8.4,0.08,+0.96%,0
"2024-03-04 15:44",8.4,8.45,8.4,8.45,0.05,+0.60%,0
"2024-03-04 15:45",8.46,8.53,8.46,8.53,0.08,+0.95%,0
"2024-03-04 15:46",8.54,8.57,8.54,8.56,0.03,+0.35%,0
"2024-03-04 15:47",8.57,8.63,8.57,8.59,0.03,+0.35%,0
"2024-03-04 15:48",8.57,8.75,8.57,8.75,0.16,+1.86%,0
"2024-03-04 15:49",8.78,8.86,8.78,8.86,0.11,+1.26%,0
"2024-03-04 15:50",8.81,8.81,8.75,8.78,-0.08,-0.90%,0
"2024-03-04 15:51",8.76,8.77,8.68,8.73,-0.05,-0.57%,0
"2024-03-04 15:52",8.73,8.74,8.71,8.71,-0.02,-0.23%,0
"2024-03-04 15:53",8.71,8.72,8.71,8.71,0,0.00%,0
"2024-03-04 15:54",8.7,8.71,8.63,8.63,-0.08,-0.92%,0
"2024-03-04 15:55",8.6,8.6,8.56,8.58,-0.05,-0.58%,0
"2024-03-04 15:56",8.6,8.61,8.58,8.6,0.02,+0.23%,0
"2024-03-04 15:57",8.57,8.57,8.5,8.5,-0.1,-1.16%,0
"2024-03-04 15:58",8.47,8.47,8.4,8.42,-0.08,-0.94%,0
"2024-03-04 15:59",8.36,8.4,8.33,8.33,-0.09,-1.07%,0
"2024-03-04 16:00",8.36,8.41,8.36,8.41,0.08,+0.96%,0
"2024-03-04 16:01",8.41,8.44,8.41,8.44,0.03,+0.36%,0
"2024-03-04 16:02",8.41,8.47,8.39,8.47,0.03,+0.36%,0
"2024-03-04 16:03",8.46,8.46,8.44,8.44,-0.03,-0.35%,0
"2024-03-04 16:04",8.41,8.44,8.41,8.43,-0.01,-0.12%,0
"2024-03-04 16:05",8.41,8.43,8.41,8.42,-0.01,-0.12%,0
"2024-03-04 16:06",8.43,8.48,8.43,8.48,0.06,+0.71%,0
"2024-03-04 16:07",8.5,8.5,8.47,8.47,-0.01,-0.12%,0
"2024-03-04 16:08",8.48,8.49,8.46,8.46,-0.01,-0.12%,0
"2024-03-04 16:09",8.46,8.48,8.46,8.48,0.02,+0.24%,0
"2024-03-04 16:10",8.48,8.5,8.45,8.45,-0.03,-0.35%,0
"2024-03-04 16:11",8.46,8.48,8.46,8.48,0.03,+0.36%,0
"2024-03-04 16:12",8.47,8.51,8.41,8.41,-0.07,-0.83%,0
"2024-03-04 16:13",8.41,8.5,8.39,8.5,0.09,+1.07%,0
"2024-03-04 16:14",8.5,8.5,8.49,8.49,-0.01,-0.12%,0
"2024-03-04 16:15",8.49,8.49,8.49,8.49,0,0.00%,0
"2024-03-05 09:31",7.47,7.47,7.42,7.44,-1.05,-12.37%,0
"2024-03-05 09:32",7.44,7.44,7.41,7.44,0,0.00%,0
"2024-03-05 09:33",7.43,7.46,7.43,7.44,0,0.00%,0
"2024-03-05 09:34",7.45,7.49,7.45,7.49,0.05,+0.67%,0
"2024-03-05 09:35",7.61,7.84,7.61,7.78,0.29,+3.87%,0
"2024-03-05 09:36",7.77,7.85,7.77,7.85,0.07,+0.90%,0
"2024-03-05 09:37",7.88,7.9,7.88,7.88,0.03,+0.38%,0
"2024-03-05 09:38",7.89,7.91,7.89,7.91,0.03,+0.38%,0
"2024-03-05 09:39",7.87,7.87,7.77,7.77,-0.14,-1.77%,0
"2024-03-05 09:40",7.75,7.79,7.72,7.72,-0.05,-0.64%,0
"2024-03-05 09:41",7.71,7.78,7.71,7.78,0.06,+0.78%,0
"2024-03-05 09:42",7.79,7.84,7.79,7.81,0.03,+0.39%,0
"2024-03-05 09:43",7.81,7.9,7.81,7.9,0.09,+1.15%,0
"2024-03-05 09:44",7.88,7.88,7.83,7.83,-0.07,-0.89%,0
"2024-03-05 09:45",7.86,7.86,7.82,7.82,-0.01,-0.13%,0
"2024-03-05 09:46",7.82,7.87,7.82,7.87,0.05,+0.64%,0
"2024-03-05 09:47",7.89,7.93,7.89,7.93,0.06,+0.76%,0
"2024-03-05 09:48",7.88,7.92,7.88,7.92,-0.01,-0.13%,0
"2024-03-05 09:49",7.9,7.92,7.9,7.9,-0.02,-0.25%,0
"2024-03-05 09:50",7.91,7.94,7.91,7.94,0.04,+0.51%,0
"2024-03-05 09:51",7.91,7.93,7.91,7.93,-0.01,-0.13%,0
"2024-03-05 09:52",7.94,8.08,7.94,8.08,0.15,+1.89%,0
"2024-03-05 09:53",8.15,8.24,8.15,8.22,0.14,+1.73%,0
"2024-03-05 09:54",8.21,8.29,8.21,8.29,0.07,+0.85%,0
"2024-03-05 09:55",8.3,8.3,8.21,8.21,-0.08,-0.97%,0
"2024-03-05 09:56",8.19,8.2,8.19,8.2,-0.01,-0.12%,0
"2024-03-05 09:57",8.19,8.23,8.18,8.18,-0.02,-0.24%,0
"2024-03-05 09:58",8.17,8.17,8.16,8.17,-0.01,-0.12%,0
"2024-03-05 09:59",8.18,8.2,8.18,8.2,0.03,+0.37%,0
"2024-03-05 10:00",8.23,8.23,7.71,7.71,-0.49,-5.98%,0
"2024-03-05 10:01",7.66,7.71,7.66,7.67,-0.04,-0.52%,0
"2024-03-05 10:02",7.67,7.76,7.67,7.75,0.08,+1.04%,0
"2024-03-05 10:03",7.75,7.79,7.75,7.75,0,0.00%,0
"2024-03-05 10:04",7.78,7.84,7.78,7.83,0.08,+1.03%,0
"2024-03-05 10:05",7.84,7.9,7.84,7.9,0.07,+0.89%,0
"2024-03-05 10:06",7.91,7.96,7.91,7.96,0.06,+0.76%,0
"2024-03-05 10:07",7.96,8,7.96,7.99,0.03,+0.38%,0
"2024-03-05 10:08",7.99,8.02,7.99,8.02,0.03,+0.38%,0
"2024-03-05 10:09",8.16,8.18,8.16,8.18,0.16,+2.00%,0
"2024-03-05 10:10",8.33,8.55,8.08,8.08,-0.1,-1.22%,0
"2024-03-05 10:11",8.19,8.28,8.19,8.28,0.2,+2.48%,0
"2024-03-05 10:12",8.29,8.37,8.29,8.37,0.09,+1.09%,0
"2024-03-05 10:13",8.39,8.39,8.32,8.32,-0.05,-0.60%,0
"2024-03-05 10:14",8.32,8.37,8.32,8.37,0.05,+0.60%,0
"2024-03-05 10:15",8.37,8.44,8.37,8.41,0.04,+0.48%,0
"2024-03-05 10:16",8.29,8.29,8.25,8.28,-0.13,-1.55%,0
"2024-03-05 10:17",8.3,8.41,8.3,8.4,0.12,+1.45%,0
"2024-03-05 10:18",8.4,8.58,8.4,8.58,0.18,+2.14%,0
"2024-03-05 10:19",8.67,8.85,8.67,8.85,0.27,+3.15%,0
"2024-03-05 10:20",8.73,8.78,8.73,8.77,-0.08,-0.90%,0
"2024-03-05 10:21",8.78,8.78,8.51,8.51,-0.26,-2.96%,0
"2024-03-05 10:22",8.44,8.47,8.44,8.47,-0.04,-0.47%,0
"2024-03-05 10:23",8.51,8.63,8.51,8.63,0.16,+1.89%,0
"2024-03-05 10:24",8.57,8.78,8.57,8.78,0.15,+1.74%,0
"2024-03-05 10:25",8.89,8.95,8.89,8.95,0.17,+1.94%,0
"2024-03-05 10:26",8.97,9.09,8.97,9.05,0.1,+1.12%,0
"2024-03-05 10:27",8.99,8.99,8.9,8.9,-0.15,-1.66%,0
"2024-03-05 10:28",8.88,8.88,8.67,8.67,-0.23,-2.58%,0
"2024-03-05 10:29",8.66,8.79,8.66,8.79,0.12,+1.38%,0
"2024-03-05 10:30",8.81,8.91,8.81,8.91,0.12,+1.37%,0
"2024-03-05 10:31",8.92,9,8.92,9,0.09,+1.01%,0
"2024-03-05 10:32",9.01,9.19,9.01,9.14,0.14,+1.56%,0
"2024-03-05 10:33",9.15,9.27,9.15,9.27,0.13,+1.42%,0
"2024-03-05 10:34",9.27,9.28,9.22,9.22,-0.05,-0.54%,0
"2024-03-05 10:35",9.16,9.24,9.16,9.24,0.02,+0.22%,0
"2024-03-05 10:36",9.23,9.36,9.23,9.36,0.12,+1.30%,0
"2024-03-05 10:37",9.33,9.37,9.31,9.36,0,0.00%,0
"2024-03-05 10:38",9.37,9.45,9.37,9.4,0.04,+0.43%,0
"2024-03-05 10:39",9.42,9.49,9.42,9.49,0.09,+0.96%,0
"2024-03-05 10:40",9.48,9.5,9.46,9.47,-0.02,-0.21%,0
"2024-03-05 10:41",9.41,9.41,9.28,9.31,-0.16,-1.69%,0
"2024-03-05 10:42",9.34,9.37,9.34,9.35,0.04,+0.43%,0
"2024-03-05 10:43",9.39,9.42,9.39,9.42,0.07,+0.75%,0
"2024-03-05 10:44",9.37,9.4,9.37,9.39,-0.03,-0.32%,0
"2024-03-05 10:45",9.38,9.41,9.38,9.4,0.01,+0.11%,0
"2024-03-05 10:46",9.38,9.41,9.38,9.38,-0.02,-0.21%,0
"2024-03-05 10:47",9.33,9.33,9.15,9.15,-0.23,-2.45%,0
"2024-03-05 10:48",9.14,9.3,9.14,9.3,0.15,+1.64%,0
"2024-03-05 10:49",9.24,9.3,9.24,9.3,0,0.00%,0
"2024-03-05 10:50",9.43,9.47,9.39,9.39,0.09,+0.97%,0
"2024-03-05 10:51",9.36,9.46,9.36,9.46,0.07,+0.75%,0
"2024-03-05 10:52",9.47,9.49,9.41,9.41,-0.05,-0.53%,0
"2024-03-05 10:53",9.4,9.4,9.4,9.4,-0.01,-0.11%,0
"2024-03-05 10:54",9.42,9.46,9.42,9.44,0.04,+0.43%,0
"2024-03-05 10:55",9.44,9.44,9.38,9.38,-0.06,-0.64%,0
"2024-03-05 10:56",9.33,9.35,9.31,9.31,-0.07,-0.75%,0
"2024-03-05 10:57",9.29,9.32,9.29,9.32,0.01,+0.11%,0
"2024-03-05 10:58",9.32,9.37,9.32,9.37,0.05,+0.54%,0
"2024-03-05 10:59",9.37,9.38,9.36,9.36,-0.01,-0.11%,0
"2024-03-05 11:00",9.36,9.39,9.36,9.39,0.03,+0.32%,0
"2024-03-05 11:01",9.38,9.41,9.38,9.41,0.02,+0.21%,0
"2024-03-05 11:02",9.41,9.43,9.41,9.42,0.01,+0.11%,0
"2024-03-05 11:03",9.41,9.42,9.4,9.41,-0.01,-0.11%,0
"2024-03-05 11:04",9.4,9.42,9.4,9.42,0.01,+0.11%,0
"2024-03-05 11:05",9.42,9.43,9.38,9.38,-0.04,-0.42%,0
"2024-03-05 11:06",9.33,9.38,9.33,9.38,0,0.00%,0
"2024-03-05 11:07",9.39,9.41,9.39,9.4,0.02,+0.21%,0
"2024-03-05 11:08",9.38,9.39,9.37,9.37,-0.03,-0.32%,0
"2024-03-05 11:09",9.35,9.35,9.32,9.32,-0.05,-0.53%,0
"2024-03-05 11:10",9.32,9.38,9.31,9.38,0.06,+0.64%,0
"2024-03-05 11:11",9.42,9.53,9.42,9.53,0.15,+1.60%,0
"2024-03-05 11:12",9.54,9.58,9.54,9.58,0.05,+0.52%,0
"2024-03-05 11:13",9.6,9.65,9.6,9.62,0.04,+0.42%,0
"2024-03-05 11:14",9.62,9.66,9.62,9.63,0.01,+0.10%,0
"2024-03-05 11:15",9.63,9.64,9.63,9.64,0.01,+0.10%,0
"2024-03-05 11:16",9.66,9.67,9.65,9.65,0.01,+0.10%,0
"2024-03-05 11:17",9.65,9.66,9.61,9.61,-0.04,-0.41%,0
"2024-03-05 11:18",9.64,9.66,9.64,9.65,0.04,+0.42%,0
"2024-03-05 11:19",9.62,9.65,9.62,9.65,0,0.00%,0
"2024-03-05 11:20",9.64,9.66,9.62,9.62,-0.03,-0.31%,0
"2024-03-05 11:21",9.64,9.65,9.61,9.61,-0.01,-0.10%,0
"2024-03-05 11:22",9.62,9.64,9.62,9.62,0.01,+0.10%,0
"2024-03-05 11:23",9.61,9.61,9.56,9.57,-0.05,-0.52%,0
"2024-03-05 11:24",9.56,9.58,9.56,9.57,0,0.00%,0
"2024-03-05 11:25",9.57,9.59,9.57,9.58,0.01,+0.10%,0
"2024-03-05 11:26",9.59,9.64,9.59,9.64,0.06,+0.63%,0
"2024-03-05 11:27",9.61,9.63,9.6,9.6,-0.04,-0.41%,0
"2024-03-05 11:28",9.61,9.63,9.59,9.59,-0.01,-0.10%,0
"2024-03-05 11:29",9.57,9.6,9.57,9.6,0.01,+0.10%,0
"2024-03-05 11:30",9.6,9.61,9.6,9.61,0.01,+0.10%,0
"2024-03-05 11:31",9.59,9.59,9.56,9.56,-0.05,-0.52%,0
"2024-03-05 11:32",9.52,9.58,9.52,9.58,0.02,+0.21%,0
"2024-03-05 11:33",9.6,9.64,9.6,9.64,0.06,+0.63%,0
"2024-03-05 11:34",9.64,9.65,9.64,9.64,0,0.00%,0
"2024-03-05 11:35",9.64,9.66,9.64,9.66,0.02,+0.21%,0
"2024-03-05 11:36",9.66,9.68,9.66,9.68,0.02,+0.21%,0
"2024-03-05 11:37",9.71,9.73,9.71,9.71,0.03,+0.31%,0
"2024-03-05 11:38",9.73,9.76,9.73,9.75,0.04,+0.41%,0
"2024-03-05 11:39",9.76,9.87,9.76,9.87,0.12,+1.23%,0
"2024-03-05 11:40",9.88,9.92,9.88,9.89,0.02,+0.20%,0
"2024-03-05 11:41",9.9,9.95,9.9,9.94,0.05,+0.51%,0
"2024-03-05 11:42",9.94,9.97,9.94,9.97,0.03,+0.30%,0
"2024-03-05 11:43",10.01,10.38,10.01,10.38,0.41,+4.11%,0
"2024-03-05 11:44",10.53,10.53,10.24,10.24,-0.14,-1.35%,0
"2024-03-05 11:45",10.12,10.27,10.12,10.27,0.03,+0.29%,0
"2024-03-05 11:46",10.27,10.28,10.22,10.22,-0.05,-0.49%,0
"2024-03-05 11:47",10.22,10.22,10.17,10.19,-0.03,-0.29%,0
"2024-03-05 11:48",10.18,10.25,10.1,10.1,-0.09,-0.88%,0
"2024-03-05 11:49",10.1,10.21,10.1,10.21,0.11,+1.09%,0
"2024-03-05 11:50",10.22,10.29,10.22,10.29,0.08,+0.78%,0
"2024-03-05 11:51",10.29,10.31,10.28,10.31,0.02,+0.19%,0
"2024-03-05 11:52",10.32,10.33,10.29,10.29,-0.02,-0.19%,0
"2024-03-05 11:53",10.29,10.29,10.24,10.24,-0.05,-0.49%,0
"2024-03-05 11:54",10.27,10.29,10.27,10.29,0.05,+0.49%,0
"2024-03-05 11:55",10.27,10.3,10.27,10.3,0.01,+0.10%,0
"2024-03-05 11:56",10.28,10.33,10.28,10.32,0.02,+0.19%,0
"2024-03-05 11:57",10.32,10.34,10.32,10.33,0.01,+0.10%,0
"2024-03-05 11:58",10.33,10.33,10.24,10.24,-0.09,-0.87%,0
"2024-03-05 11:59",10.24,10.24,10.19,10.19,-0.05,-0.49%,0
"2024-03-05 12:00",10.17,10.2,10.15,10.2,0.01,+0.10%,0
"2024-03-05 12:01",10.2,10.23,10.2,10.23,0.03,+0.29%,0
"2024-03-05 12:02",10.23,10.27,10.23,10.27,0.04,+0.39%,0
"2024-03-05 12:03",10.29,10.34,10.29,10.34,0.07,+0.68%,0
"2024-03-05 12:04",10.33,10.36,10.33,10.36,0.02,+0.19%,0
"2024-03-05 12:05",10.36,10.38,10.36,10.36,0,0.00%,0
"2024-03-05 12:06",10.35,10.38,10.33,10.33,-0.03,-0.29%,0
"2024-03-05 12:07",10.3,10.34,10.3,10.32,-0.01,-0.10%,0
"2024-03-05 12:08",10.33,10.36,10.33,10.36,0.04,+0.39%,0
"2024-03-05 12:09",10.37,10.39,10.35,10.35,-0.01,-0.10%,0
"2024-03-05 12:10",10.34,10.36,10.34,10.34,-0.01,-0.10%,0
"2024-03-05 12:11",10.34,10.37,10.34,10.36,0.02,+0.19%,0
"2024-03-05 12:12",10.33,10.35,10.32,10.35,-0.01,-0.10%,0
"2024-03-05 12:13",10.32,10.37,10.32,10.36,0.01,+0.10%,0
"2024-03-05 12:14",10.36,10.37,10.33,10.33,-0.03,-0.29%,0
"2024-03-05 12:15",10.35,10.38,10.35,10.38,0.05,+0.48%,0
"2024-03-05 12:16",10.38,10.4,10.38,10.4,0.02,+0.19%,0
"2024-03-05 12:17",10.39,10.43,10.39,10.43,0.03,+0.29%,0
"2024-03-05 12:18",10.43,10.46,10.41,10.41,-0.02,-0.19%,0
"2024-03-05 12:19",10.43,10.47,10.43,10.44,0.03,+0.29%,0
"2024-03-05 12:20",10.42,10.47,10.42,10.47,0.03,+0.29%,0
"2024-03-05 12:21",10.49,10.51,10.49,10.51,0.04,+0.38%,0
"2024-03-05 12:22",10.49,10.49,10.46,10.46,-0.05,-0.48%,0
"2024-03-05 12:23",10.47,10.49,10.44,10.44,-0.02,-0.19%,0
"2024-03-05 12:24",10.44,10.47,10.44,10.45,0.01,+0.10%,0
"2024-03-05 12:25",10.46,10.47,10.45,10.45,0,0.00%,0
"2024-03-05 12:26",10.45,10.46,10.45,10.45,0,0.00%,0
"2024-03-05 12:27",10.46,10.47,10.45,10.46,0.01,+0.10%,0
"2024-03-05 12:28",10.44,10.46,10.42,10.42,-0.04,-0.38%,0
"2024-03-05 12:29",10.43,10.44,10.43,10.43,0.01,+0.10%,0
"2024-03-05 12:30",10.43,10.45,10.43,10.43,0,0.00%,0
"2024-03-05 12:31",10.44,10.47,10.44,10.45,0.02,+0.19%,0
"2024-03-05 12:32",10.45,10.49,10.45,10.48,0.03,+0.29%,0
"2024-03-05 12:33",10.46,10.5,10.46,10.49,0.01,+0.10%,0
"2024-03-05 12:34",10.49,10.57,10.49,10.57,0.08,+0.76%,0
"2024-03-05 12:35",10.59,10.6,10.58,10.58,0.01,+0.09%,0
"2024-03-05 12:36",10.58,10.65,10.58,10.65,0.07,+0.66%,0
"2024-03-05 12:37",10.67,10.71,10.67,10.71,0.06,+0.56%,0
"2024-03-05 12:38",10.71,10.72,10.71,10.71,0,0.00%,0
"2024-03-05 12:39",10.7,10.75,10.69,10.75,0.04,+0.37%,0
"2024-03-05 12:40",10.76,10.89,10.76,10.88,0.13,+1.21%,0
"2024-03-05 12:41",10.88,10.9,10.83,10.83,-0.05,-0.46%,0
"2024-03-05 12:42",10.85,10.87,10.85,10.85,0.02,+0.18%,0
"2024-03-05 12:43",10.86,10.86,10.83,10.83,-0.02,-0.18%,0
"2024-03-05 12:44",10.83,10.83,10.77,10.77,-0.06,-0.55%,0
"2024-03-05 12:45",10.75,10.75,10.71,10.71,-0.06,-0.56%,0
"2024-03-05 12:46",10.7,10.72,10.7,10.7,-0.01,-0.09%,0
"2024-03-05 12:47",10.71,10.73,10.71,10.72,0.02,+0.19%,0
"2024-03-05 12:48",10.72,10.75,10.72,10.75,0.03,+0.28%,0
"2024-03-05 12:49",10.74,10.81,10.74,10.81,0.06,+0.56%,0
"2024-03-05 12:50",10.83,10.88,10.83,10.88,0.07,+0.65%,0
"2024-03-05 12:51",10.86,10.99,10.86,10.99,0.11,+1.01%,0
"2024-03-05 12:52",11,11.02,11,11.02,0.03,+0.27%,0
"2024-03-05 12:53",11.01,11.01,10.95,10.95,-0.07,-0.64%,0
"2024-03-05 12:54",10.94,10.97,10.94,10.96,0.01,+0.09%,0
"2024-03-05 12:55",10.97,10.99,10.93,10.93,-0.03,-0.27%,0
"2024-03-05 12:56",10.93,10.97,10.93,10.95,0.02,+0.18%,0
"2024-03-05 12:57",10.95,11.01,10.95,11.01,0.06,+0.55%,0
"2024-03-05 12:58",10.99,11.01,10.98,10.98,-0.03,-0.27%,0
"2024-03-05 12:59",10.98,11.02,10.98,11.02,0.04,+0.36%,0
"2024-03-05 13:00",11.02,11.08,11.02,11.08,0.06,+0.54%,0
"2024-03-05 13:01",11.1,11.11,11.1,11.1,0.02,+0.18%,0
"2024-03-05 13:02",11.11,11.13,11.11,11.12,0.02,+0.18%,0
"2024-03-05 13:03",11.16,11.21,11.16,11.21,0.09,+0.81%,0
"2024-03-05 13:04",11.2,11.2,11.19,11.2,-0.01,-0.09%,0
"2024-03-05 13:05",11.21,11.25,11.21,11.25,0.05,+0.45%,0
"2024-03-05 13:06",11.25,11.27,11.25,11.26,0.01,+0.09%,0
"2024-03-05 13:07",11.24,11.26,11.24,11.25,-0.01,-0.09%,0
"2024-03-05 13:08",11.24,11.24,11.21,11.21,-0.04,-0.36%,0
"2024-03-05 13:09",11.21,11.24,11.21,11.22,0.01,+0.09%,0
"2024-03-05 13:10",11.21,11.24,11.21,11.24,0.02,+0.18%,0
"2024-03-05 13:11",11.22,11.25,11.22,11.24,0,0.00%,0
"2024-03-05 13:12",11.24,11.25,11.24,11.25,0.01,+0.09%,0
"2024-03-05 13:13",11.24,11.24,11.22,11.22,-0.03,-0.27%,0
"2024-03-05 13:14",11.19,11.19,11.17,11.17,-0.05,-0.45%,0
"2024-03-05 13:15",11.16,11.16,11.15,11.15,-0.02,-0.18%,0
"2024-03-05 13:16",11.12,11.16,11.12,11.16,0.01,+0.09%,0
"2024-03-05 13:17",11.15,11.2,11.15,11.2,0.04,+0.36%,0
"2024-03-05 13:18",11.2,11.39,11.2,11.39,0.19,+1.70%,0
"2024-03-05 13:19",11.43,11.45,11.43,11.45,0.06,+0.53%,0
"2024-03-05 13:20",11.46,11.49,11.44,11.44,-0.01,-0.09%,0
"2024-03-05 13:21",11.45,11.5,11.45,11.48,0.04,+0.35%,0
"2024-03-05 13:22",11.47,11.52,11.47,11.52,0.04,+0.35%,0
"2024-03-05 13:23",11.52,11.62,11.52,11.61,0.09,+0.78%,0
"2024-03-05 13:24",11.62,11.62,11.61,11.62,0.01,+0.09%,0
"2024-03-05 13:25",11.61,11.62,11.61,11.62,0,0.00%,0
"2024-03-05 13:26",11.59,11.59,11.58,11.59,-0.03,-0.26%,0
"2024-03-05 13:27",11.55,11.55,11.44,11.44,-0.15,-1.29%,0
"2024-03-05 13:28",11.45,11.49,11.45,11.48,0.04,+0.35%,0
"2024-03-05 13:29",11.5,11.53,11.5,11.53,0.05,+0.44%,0
"2024-03-05 13:30",11.52,11.55,11.52,11.53,0,0.00%,0
"2024-03-05 13:31",11.53,11.55,11.53,11.53,0,0.00%,0
"2024-03-05 13:32",11.5,11.51,11.49,11.51,-0.02,-0.17%,0
"2024-03-05 13:33",11.51,11.53,11.5,11.5,-0.01,-0.09%,0
"2024-03-05 13:34",11.5,11.51,11.5,11.5,0,0.00%,0
"2024-03-05 13:35",11.5,11.5,11.48,11.49,-0.01,-0.09%,0
"2024-03-05 13:36",11.49,11.55,11.49,11.55,0.06,+0.52%,0
"2024-03-05 13:37",11.58,11.66,11.58,11.66,0.11,+0.95%,0
"2024-03-05 13:38",11.66,11.75,11.66,11.75,0.09,+0.77%,0
"2024-03-05 13:39",11.76,11.76,11.72,11.74,-0.01,-0.09%,0
"2024-03-05 13:40",11.75,11.82,11.75,11.81,0.07,+0.60%,0
"2024-03-05 13:41",11.79,11.83,11.79,11.81,0,0.00%,0
"2024-03-05 13:42",11.83,11.84,11.83,11.84,0.03,+0.25%,0
"2024-03-05 13:43",11.86,11.9,11.86,11.9,0.06,+0.51%,0
"2024-03-05 13:44",11.9,12.22,11.9,12.22,0.32,+2.69%,0
"2024-03-05 13:45",12.2,12.2,12.03,12.03,-0.19,-1.55%,0
"2024-03-05 13:46",12.02,12.06,12.02,12.04,0.01,+0.08%,0
"2024-03-05 13:47",12.08,12.1,12.04,12.04,0,0.00%,0
"2024-03-05 13:48",12.02,12.02,12,12.02,-0.02,-0.17%,0
"2024-03-05 13:49",12.02,12.05,12.02,12.05,0.03,+0.25%,0
"2024-03-05 13:50",12.05,12.11,12.05,12.11,0.06,+0.50%,0
"2024-03-05 13:51",12.17,12.28,12.17,12.23,0.12,+0.99%,0
"2024-03-05 13:52",12.16,12.17,12.16,12.16,-0.07,-0.57%,0
"2024-03-05 13:53",12.15,12.16,12.09,12.09,-0.07,-0.58%,0
"2024-03-05 13:54",12.09,12.15,12.09,12.15,0.06,+0.50%,0
"2024-03-05 13:55",12.14,12.21,12.14,12.21,0.06,+0.49%,0
"2024-03-05 13:56",12.18,12.19,12.18,12.18,-0.03,-0.25%,0
"2024-03-05 13:57",12.17,12.23,12.17,12.23,0.05,+0.41%,0
"2024-03-05 13:58",12.23,12.29,12.23,12.29,0.06,+0.49%,0
"2024-03-05 13:59",12.32,12.36,12.32,12.36,0.07,+0.57%,0
"2024-03-05 14:00",12.39,12.42,12.39,12.4,0.04,+0.32%,0
"2024-03-05 14:01",12.4,12.4,12.39,12.4,0,0.00%,0
"2024-03-05 14:02",12.41,12.41,12.38,12.4,0,0.00%,0
"2024-03-05 14:03",12.42,12.42,12.41,12.41,0.01,+0.08%,0
"2024-03-05 14:04",12.4,12.41,12.38,12.38,-0.03,-0.24%,0
"2024-03-05 14:05",12.38,12.44,12.38,12.44,0.06,+0.48%,0
"2024-03-05 14:06",12.44,12.47,12.44,12.45,0.01,+0.08%,0
"2024-03-05 14:07",12.44,12.47,12.44,12.45,0,0.00%,0
"2024-03-05 14:08",12.45,12.45,12.34,12.34,-0.11,-0.88%,0
"2024-03-05 14:09",12.33,12.33,12.31,12.33,-0.01,-0.08%,0
"2024-03-05 14:10",12.33,12.35,12.33,12.33,0,0.00%,0
"2024-03-05 14:11",12.28,12.28,12.26,12.26,-0.07,-0.57%,0
"2024-03-05 14:12",12.26,12.27,12.24,12.24,-0.02,-0.16%,0
"2024-03-05 14:13",12.26,12.31,12.26,12.29,0.05,+0.41%,0
"2024-03-05 14:14",12.3,12.35,12.3,12.35,0.06,+0.49%,0
"2024-03-05 14:15",12.33,12.33,12.24,12.24,-0.11,-0.89%,0
"2024-03-05 14:16",12.26,12.28,12.23,12.23,-0.01,-0.08%,0
"2024-03-05 14:17",12.19,12.21,12.19,12.2,-0.03,-0.25%,0
"2024-03-05 14:18",12.21,12.23,12.21,12.23,0.03,+0.25%,0
"2024-03-05 14:19",12.24,12.27,12.24,12.27,0.04,+0.33%,0
"2024-03-05 14:20",12.26,12.32,12.26,12.31,0.04,+0.33%,0
"2024-03-05 14:21",12.33,12.33,12.28,12.29,-0.02,-0.16%,0
"2024-03-05 14:22",12.27,12.28,12.27,12.27,-0.02,-0.16%,0
"2024-03-05 14:23",12.27,12.29,12.27,12.27,0,0.00%,0
"2024-03-05 14:24",12.26,12.29,12.26,12.27,0,0.00%,0
"2024-03-05 14:25",12.27,12.27,12.25,12.25,-0.02,-0.16%,0
"2024-03-05 14:26",12.25,12.27,12.25,12.27,0.02,+0.16%,0
"2024-03-05 14:27",12.27,12.28,12.27,12.27,0,0.00%,0
"2024-03-05 14:28",12.28,12.32,12.28,12.28,0.01,+0.08%,0
"2024-03-05 14:29",12.27,12.3,12.27,12.3,0.02,+0.16%,0
"2024-03-05 14:30",12.29,12.33,12.29,12.32,0.02,+0.16%,0
"2024-03-05 14:31",12.3,12.44,12.3,12.44,0.12,+0.97%,0
"2024-03-05 14:32",12.45,12.49,12.45,12.49,0.05,+0.40%,0
"2024-03-05 14:33",12.51,12.59,12.51,12.58,0.09,+0.72%,0
"2024-03-05 14:34",12.59,12.59,12.55,12.56,-0.02,-0.16%,0
"2024-03-05 14:35",12.57,12.66,12.57,12.66,0.1,+0.80%,0
"2024-03-05 14:36",12.64,12.64,12.61,12.61,-0.05,-0.39%,0
"2024-03-05 14:37",12.62,12.64,12.62,12.64,0.03,+0.24%,0
"2024-03-05 14:38",12.66,12.69,12.66,12.66,0.02,+0.16%,0
"2024-03-05 14:39",12.64,12.64,12.54,12.55,-0.11,-0.87%,0
"2024-03-05 14:40",12.54,12.56,12.54,12.56,0.01,+0.08%,0
"2024-03-05 14:41",12.56,12.61,12.56,12.59,0.03,+0.24%,0
"2024-03-05 14:42",12.62,12.71,12.62,12.71,0.12,+0.95%,0
"2024-03-05 14:43",12.7,12.76,12.7,12.76,0.05,+0.39%,0
"2024-03-05 14:44",12.77,12.82,12.77,12.82,0.06,+0.47%,0
"2024-03-05 14:45",12.85,12.85,12.82,12.82,0,0.00%,0
"2024-03-05 14:46",12.87,12.9,12.87,12.9,0.08,+0.62%,0
"2024-03-05 14:47",12.87,12.88,12.86,12.88,-0.02,-0.16%,0
"2024-03-05 14:48",12.88,12.98,12.88,12.94,0.06,+0.47%,0
"2024-03-05 14:49",12.92,12.95,12.9,12.95,0.01,+0.08%,0
"2024-03-05 14:50",12.97,12.99,12.97,12.99,0.04,+0.31%,0
"2024-03-05 14:51",12.99,12.99,12.94,12.94,-0.05,-0.38%,0
"2024-03-05 14:52",12.94,12.98,12.94,12.98,0.04,+0.31%,0
"2024-03-05 14:53",12.96,12.99,12.96,12.99,0.01,+0.08%,0
"2024-03-05 14:54",13.03,13.07,13.03,13.07,0.08,+0.62%,0
"2024-03-05 14:55",13.05,13.12,13.05,13.12,0.05,+0.38%,0
"2024-03-05 14:56",13.13,13.13,13.09,13.1,-0.02,-0.15%,0
"2024-03-05 14:57",13.09,13.15,13.09,13.15,0.05,+0.38%,0
"2024-03-05 14:58",13.19,13.21,13.19,13.19,0.04,+0.30%,0
"2024-03-05 14:59",13.19,13.22,13.19,13.2,0.01,+0.08%,0
"2024-03-05 15:00",13.16,13.16,13.09,13.09,-0.11,-0.83%,0
"2024-03-05 15:01",13.09,13.1,13.08,13.08,-0.01,-0.08%,0
"2024-03-05 15:02",13.09,13.11,13.07,13.07,-0.01,-0.08%,0
"2024-03-05 15:03",13.04,13.08,13.04,13.05,-0.02,-0.15%,0
"2024-03-05 15:04",13.05,13.07,13.05,13.06,0.01,+0.08%,0
"2024-03-05 15:05",13.05,13.05,12.93,12.93,-0.13,-1.00%,0
"2024-03-05 15:06",12.93,13.03,12.93,13.03,0.1,+0.77%,0
"2024-03-05 15:07",13.05,13.06,13.05,13.06,0.03,+0.23%,0
"2024-03-05 15:08",13.03,13.05,13.03,13.05,-0.01,-0.08%,0
"2024-03-05 15:09",13.04,13.08,13.04,13.05,0,0.00%,0
"2024-03-05 15:10",13.06,13.07,13.04,13.04,-0.01,-0.08%,0
"2024-03-05 15:11",13.06,13.09,13.06,13.06,0.02,+0.15%,0
"2024-03-05 15:12",13.06,13.11,13.06,13.11,0.05,+0.38%,0
"2024-03-05 15:13",13.2,13.31,13.2,13.31,0.2,+1.53%,0
"2024-03-05 15:14",13.32,13.49,13.32,13.49,0.18,+1.35%,0
"2024-03-05 15:15",13.48,13.51,13.48,13.48,-0.01,-0.07%,0
"2024-03-05 15:16",13.49,13.52,13.46,13.46,-0.02,-0.15%,0
"2024-03-05 15:17",13.51,13.53,13.5,13.51,0.05,+0.37%,0
"2024-03-05 15:18",13.5,13.56,13.5,13.56,0.05,+0.37%,0
"2024-03-05 15:19",13.56,13.57,13.56,13.57,0.01,+0.07%,0
"2024-03-05 15:20",13.58,13.58,13.53,13.53,-0.04,-0.29%,0
"2024-03-05 15:21",13.52,13.55,13.52,13.55,0.02,+0.15%,0
"2024-03-05 15:22",13.56,13.62,13.56,13.62,0.07,+0.52%,0
"2024-03-05 15:23",13.69,13.76,13.69,13.7,0.08,+0.59%,0
"2024-03-05 15:24",13.66,13.66,13.57,13.57,-0.13,-0.95%,0
"2024-03-05 15:25",13.59,13.61,13.59,13.61,0.04,+0.29%,0
"2024-03-05 15:26",13.57,13.65,13.55,13.65,0.04,+0.29%,0
"2024-03-05 15:27",13.67,13.81,13.67,13.81,0.16,+1.17%,0
"2024-03-05 15:28",13.81,13.81,13.76,13.76,-0.05,-0.36%,0
"2024-03-05 15:29",13.76,13.85,13.76,13.84,0.08,+0.58%,0
"2024-03-05 15:30",13.86,13.9,13.81,13.81,-0.03,-0.22%,0
"2024-03-05 15:31",13.7,13.74,13.7,13.74,-0.07,-0.51%,0
"2024-03-05 15:32",13.8,13.84,13.8,13.84,0.1,+0.73%,0
"2024-03-05 15:33",13.84,13.86,13.84,13.85,0.01,+0.07%,0
"2024-03-05 15:34",13.87,13.87,13.82,13.82,-0.03,-0.22%,0
"2024-03-05 15:35",13.76,13.8,13.74,13.8,-0.02,-0.14%,0
"2024-03-05 15:36",13.82,13.89,13.82,13.88,0.08,+0.58%,0
"2024-03-05 15:37",13.86,13.89,13.86,13.89,0.01,+0.07%,0
"2024-03-05 15:38",13.87,13.89,13.85,13.85,-0.04,-0.29%,0
"2024-03-05 15:39",13.87,13.88,13.87,13.87,0.02,+0.14%,0
"2024-03-05 15:40",13.87,13.89,13.85,13.85,-0.02,-0.14%,0
"2024-03-05 15:41",13.86,13.89,13.86,13.89,0.04,+0.29%,0
"2024-03-05 15:42",13.9,13.93,13.9,13.91,0.02,+0.14%,0
"2024-03-05 15:43",13.9,13.91,13.83,13.83,-0.08,-0.58%,0
"2024-03-05 15:44",13.8,13.8,13.79,13.79,-0.04,-0.29%,0
"2024-03-05 15:45",13.8,13.8,13.75,13.75,-0.04,-0.29%,0
"2024-03-05 15:46",13.73,13.73,13.69,13.69,-0.06,-0.44%,0
"2024-03-05 15:47",13.68,13.68,13.5,13.5,-0.19,-1.39%,0
"2024-03-05 15:48",13.45,13.45,13.39,13.39,-0.11,-0.81%,0
"2024-03-05 15:49",13.4,13.4,13.31,13.31,-0.08,-0.60%,0
"2024-03-05 15:50",13.23,13.24,13.22,13.24,-0.07,-0.53%,0
"2024-03-05 15:51",13.21,13.3,13.21,13.3,0.06,+0.45%,0
"2024-03-05 15:52",13.37,13.47,13.37,13.47,0.17,+1.28%,0
"2024-03-05 15:53",13.48,13.48,13.46,13.47,0,0.00%,0
"2024-03-05 15:54",13.47,13.5,13.47,13.47,0,0.00%,0
"2024-03-05 15:55",13.47,13.59,13.47,13.59,0.12,+0.89%,0
"2024-03-05 15:56",13.64,13.68,13.64,13.66,0.07,+0.52%,0
"2024-03-05 15:57",13.65,13.65,13.62,13.62,-0.04,-0.29%,0
"2024-03-05 15:58",13.68,13.68,13.6,13.6,-0.02,-0.15%,0
"2024-03-05 15:59",13.62,13.66,13.32,13.32,-0.28,-2.06%,0
"2024-03-05 16:00",13.2,13.23,13.12,13.12,-0.2,-1.50%,0
"2024-03-05 16:01",13.13,13.13,13.06,13.09,-0.03,-0.23%,0
"2024-03-05 16:02",13.11,13.13,13.07,13.11,0.02,+0.15%,0
"2024-03-05 16:03",13.11,13.13,12.73,12.73,-0.38,-2.90%,0
"2024-03-05 16:04",12.72,13.11,12.72,13.11,0.38,+2.99%,0
"2024-03-05 16:05",13.11,13.11,13.08,13.08,-0.03,-0.23%,0
"2024-03-05 16:06",13.07,13.12,13.04,13.04,-0.04,-0.31%,0
"2024-03-05 16:07",13.11,13.14,13.06,13.13,0.09,+0.69%,0
"2024-03-05 16:08",13.16,13.2,13.16,13.16,0.03,+0.23%,0
"2024-03-05 16:09",13.09,13.12,13.09,13.1,-0.06,-0.46%,0
"2024-03-05 16:10",13.08,13.08,12.8,12.82,-0.28,-2.14%,0
"2024-03-05 16:11",12.82,12.85,12.82,12.82,0,0.00%,0
"2024-03-05 16:12",12.82,12.82,12.82,12.82,0,0.00%,0
"2024-03-05 16:13",12.81,12.82,12.79,12.79,-0.03,-0.23%,0
"2024-03-05 16:14",12.79,12.85,12.79,12.84,0.05,+0.39%,0
"2024-03-05 16:15",12.84,12.84,12.84,12.84,0,0.00%,0
"2024-03-06 09:31",9.63,9.63,9.47,9.52,-3.32,-25.86%,0
"2024-03-06 09:32",9.61,9.76,9.61,9.76,0.24,+2.52%,0
"2024-03-06 09:33",9.75,9.75,9.71,9.72,-0.04,-0.41%,0
"2024-03-06 09:34",9.71,9.71,9.69,9.69,-0.03,-0.31%,0
"2024-03-06 09:35",9.71,9.71,9.5,9.5,-0.19,-1.96%,0
"2024-03-06 09:36",9.58,9.8,9.58,9.8,0.3,+3.16%,0
"2024-03-06 09:37",9.82,9.87,9.82,9.85,0.05,+0.51%,0
"2024-03-06 09:38",9.87,9.93,9.87,9.93,0.08,+0.81%,0
"2024-03-06 09:39",9.98,10.04,9.98,10.04,0.11,+1.11%,0
"2024-03-06 09:40",10.04,10.04,10.01,10.03,-0.01,-0.10%,0
"2024-03-06 09:41",10.03,10.08,10.03,10.08,0.05,+0.50%,0
"2024-03-06 09:42",10.08,10.13,10.08,10.12,0.04,+0.40%,0
"2024-03-06 09:43",10.11,10.2,10.11,10.2,0.08,+0.79%,0
"2024-03-06 09:44",10.21,10.23,10.21,10.21,0.01,+0.10%,0
"2024-03-06 09:45",10.22,10.22,10.21,10.22,0.01,+0.10%,0
"2024-03-06 09:46",10.22,10.28,10.22,10.28,0.06,+0.59%,0
"2024-03-06 09:47",10.28,10.32,10.28,10.32,0.04,+0.39%,0
"2024-03-06 09:48",10.35,10.37,10.35,10.35,0.03,+0.29%,0
"2024-03-06 09:49",10.36,10.39,10.36,10.38,0.03,+0.29%,0
"2024-03-06 09:50",10.38,10.4,10.38,10.4,0.02,+0.19%,0
"2024-03-06 09:51",10.4,10.45,10.4,10.44,0.04,+0.38%,0
"2024-03-06 09:52",10.44,10.48,10.44,10.45,0.01,+0.10%,0
"2024-03-06 09:53",10.44,10.46,10.44,10.46,0.01,+0.10%,0
"2024-03-06 09:54",10.44,10.44,10.39,10.39,-0.07,-0.67%,0
"2024-03-06 09:55",10.37,10.37,10.37,10.37,-0.02,-0.19%,0
"2024-03-06 09:56",10.4,10.41,10.4,10.41,0.04,+0.39%,0
"2024-03-06 09:57",10.41,10.48,10.41,10.48,0.07,+0.67%,0
"2024-03-06 09:58",10.5,10.57,10.5,10.55,0.07,+0.67%,0
"2024-03-06 09:59",10.58,10.62,10.58,10.62,0.07,+0.66%,0
"2024-03-06 10:00",10.56,10.58,10.47,10.51,-0.11,-1.04%,0
"2024-03-06 10:01",10.42,10.52,10.42,10.52,0.01,+0.10%,0
"2024-03-06 10:02",10.53,10.62,10.53,10.62,0.1,+0.95%,0
"2024-03-06 10:03",10.61,10.7,10.61,10.7,0.08,+0.75%,0
"2024-03-06 10:04",10.7,10.87,10.7,10.87,0.17,+1.59%,0
"2024-03-06 10:05",10.78,10.78,10.54,10.54,-0.33,-3.04%,0
"2024-03-06 10:06",10.57,10.68,10.57,10.68,0.14,+1.33%,0
"2024-03-06 10:07",10.68,10.7,10.65,10.65,-0.03,-0.28%,0
"2024-03-06 10:08",10.65,10.65,10.47,10.47,-0.18,-1.69%,0
"2024-03-06 10:09",10.43,10.45,10.43,10.45,-0.02,-0.19%,0
"2024-03-06 10:10",10.47,10.49,10.47,10.49,0.04,+0.38%,0
"2024-03-06 10:11",10.48,10.48,10.44,10.44,-0.05,-0.48%,0
"2024-03-06 10:12",10.39,10.39,10.3,10.3,-0.14,-1.34%,0
"2024-03-06 10:13",10.31,10.4,10.31,10.37,0.07,+0.68%,0
"2024-03-06 10:14",10.39,10.45,10.39,10.45,0.08,+0.77%,0
"2024-03-06 10:15",10.45,10.45,10.3,10.3,-0.15,-1.44%,0
"2024-03-06 10:16",10.24,10.24,10.18,10.2,-0.1,-0.97%,0
"2024-03-06 10:17",10.18,10.2,10.18,10.2,0,0.00%,0
"2024-03-06 10:18",10.2,10.29,10.2,10.29,0.09,+0.88%,0
"2024-03-06 10:19",10.28,10.32,10.28,10.32,0.03,+0.29%,0
"2024-03-06 10:20",10.34,10.34,10.3,10.31,-0.01,-0.10%,0
"2024-03-06 10:21",10.3,10.31,10.21,10.21,-0.1,-0.97%,0
"2024-03-06 10:22",10.19,10.19,10.16,10.19,-0.02,-0.20%,0
"2024-03-06 10:23",10.19,10.25,10.19,10.25,0.06,+0.59%,0
"2024-03-06 10:24",10.27,10.35,10.27,10.35,0.1,+0.98%,0
"2024-03-06 10:25",10.35,10.39,10.35,10.39,0.04,+0.39%,0
"2024-03-06 10:26",10.4,10.41,10.32,10.32,-0.07,-0.67%,0
"2024-03-06 10:27",10.3,10.37,10.3,10.37,0.05,+0.48%,0
"2024-03-06 10:28",10.37,10.37,10.28,10.28,-0.09,-0.87%,0
"2024-03-06 10:29",10.27,10.27,10.23,10.23,-0.05,-0.49%,0
"2024-03-06 10:30",10.22,10.28,10.22,10.24,0.01,+0.10%,0
"2024-03-06 10:31",10.21,10.21,10.19,10.2,-0.04,-0.39%,0
"2024-03-06 10:32",10.22,10.23,10.16,10.16,-0.04,-0.39%,0
"2024-03-06 10:33",10.11,10.11,10.07,10.07,-0.09,-0.89%,0
"2024-03-06 10:34",9.95,9.95,9.83,9.83,-0.24,-2.38%,0
"2024-03-06 10:35",9.78,9.85,9.78,9.85,0.02,+0.20%,0
"2024-03-06 10:36",9.89,9.94,9.89,9.93,0.08,+0.81%,0
"2024-03-06 10:37",9.97,9.97,9.93,9.94,0.01,+0.10%,0
"2024-03-06 10:38",9.92,9.95,9.92,9.94,0,0.00%,0
"2024-03-06 10:39",9.96,9.99,9.95,9.99,0.05,+0.50%,0
"2024-03-06 10:40",10,10.04,10,10.04,0.05,+0.50%,0
"2024-03-06 10:41",10.05,10.05,10.01,10.04,0,0.00%,0
"2024-03-06 10:42",10.04,10.09,10,10,-0.04,-0.40%,0
"2024-03-06 10:43",9.98,10,9.89,9.89,-0.11,-1.10%,0
"2024-03-06 10:44",9.87,9.88,9.83,9.83,-0.06,-0.61%,0
"2024-03-06 10:45",9.81,9.81,9.75,9.75,-0.08,-0.81%,0
"2024-03-06 10:46",9.74,9.74,9.7,9.7,-0.05,-0.51%,0
"2024-03-06 10:47",9.66,9.66,9.64,9.64,-0.06,-0.62%,0
"2024-03-06 10:48",9.65,9.65,9.65,9.65,0.01,+0.10%,0
"2024-03-06 10:49",9.65,9.66,9.59,9.59,-0.06,-0.62%,0
"2024-03-06 10:50",9.56,9.57,9.55,9.55,-0.04,-0.42%,0
"2024-03-06 10:51",9.51,9.51,9.48,9.48,-0.07,-0.73%,0
"2024-03-06 10:52",9.5,9.53,9.5,9.53,0.05,+0.53%,0
"2024-03-06 10:53",9.53,9.57,9.53,9.56,0.03,+0.31%,0
"2024-03-06 10:54",9.54,9.55,9.52,9.53,-0.03,-0.31%,0
"2024-03-06 10:55",9.52,9.52,9.51,9.51,-0.02,-0.21%,0
"2024-03-06 10:56",9.5,9.5,9.49,9.49,-0.02,-0.21%,0
"2024-03-06 10:57",9.49,9.51,9.48,9.48,-0.01,-0.11%,0
"2024-03-06 10:58",9.47,9.47,9.41,9.41,-0.07,-0.74%,0
"2024-03-06 10:59",9.39,9.4,9.39,9.4,-0.01,-0.11%,0
"2024-03-06 11:00",9.39,9.43,9.39,9.43,0.03,+0.32%,0
"2024-03-06 11:01",9.44,9.44,9.42,9.42,-0.01,-0.11%,0
"2024-03-06 11:02",9.44,9.47,9.43,9.43,0.01,+0.11%,0
"2024-03-06 11:03",9.44,9.53,9.44,9.53,0.1,+1.06%,0
"2024-03-06 11:04",9.44,9.49,9.44,9.49,-0.04,-0.42%,0
"2024-03-06 11:05",9.5,9.51,9.48,9.48,-0.01,-0.11%,0
"2024-03-06 11:06",9.47,9.49,9.45,9.47,-0.01,-0.11%,0
"2024-03-06 11:07",9.48,9.48,9.45,9.46,-0.01,-0.11%,0
"2024-03-06 11:08",9.45,9.45,9.42,9.42,-0.04,-0.42%,0
"2024-03-06 11:09",9.42,9.45,9.42,9.45,0.03,+0.32%,0
"2024-03-06 11:10",9.42,9.43,9.4,9.41,-0.04,-0.42%,0
"2024-03-06 11:11",9.42,9.45,9.42,9.44,0.03,+0.32%,0
"2024-03-06 11:12",9.46,9.48,9.46,9.48,0.04,+0.42%,0
"2024-03-06 11:13",9.49,9.5,9.48,9.48,0,0.00%,0
"2024-03-06 11:14",9.49,9.52,9.47,9.47,-0.01,-0.11%,0
"2024-03-06 11:15",9.45,9.46,9.41,9.41,-0.06,-0.63%,0
"2024-03-06 11:16",9.43,9.47,9.43,9.47,0.06,+0.64%,0
"2024-03-06 11:17",9.44,9.48,9.44,9.48,0.01,+0.11%,0
"2024-03-06 11:18",9.48,9.5,9.46,9.46,-0.02,-0.21%,0
"2024-03-06 11:19",9.47,9.49,9.47,9.49,0.03,+0.32%,0
"2024-03-06 11:20",9.48,9.5,9.48,9.49,0,0.00%,0
"2024-03-06 11:21",9.49,9.49,9.48,9.48,-0.01,-0.11%,0
"2024-03-06 11:22",9.47,9.48,9.47,9.47,-0.01,-0.11%,0
"2024-03-06 11:23",9.44,9.44,9.43,9.43,-0.04,-0.42%,0
"2024-03-06 11:24",9.41,9.42,9.41,9.42,-0.01,-0.11%,0
"2024-03-06 11:25",9.42,9.48,9.42,9.48,0.06,+0.64%,0
"2024-03-06 11:26",9.48,9.51,9.48,9.49,0.01,+0.11%,0
"2024-03-06 11:27",9.49,9.51,9.49,9.51,0.02,+0.21%,0
"2024-03-06 11:28",9.5,9.52,9.5,9.52,0.01,+0.11%,0
"2024-03-06 11:29",9.53,9.55,9.52,9.52,0,0.00%,0
"2024-03-06 11:30",9.52,9.58,9.52,9.53,0.01,+0.11%,0
"2024-03-06 11:31",9.56,9.58,9.55,9.58,0.05,+0.52%,0
"2024-03-06 11:32",9.58,9.6,9.58,9.58,0,0.00%,0
"2024-03-06 11:33",9.58,9.65,9.58,9.65,0.07,+0.73%,0
"2024-03-06 11:34",9.6,9.76,9.6,9.76,0.11,+1.14%,0
"2024-03-06 11:35",9.61,9.65,9.57,9.57,-0.19,-1.95%,0
"2024-03-06 11:36",9.64,9.65,9.63,9.63,0.06,+0.63%,0
"2024-03-06 11:37",9.63,9.67,9.63,9.66,0.03,+0.31%,0
"2024-03-06 11:38",9.64,9.65,9.63,9.63,-0.03,-0.31%,0
"2024-03-06 11:39",9.66,9.68,9.65,9.65,0.02,+0.21%,0
"2024-03-06 11:40",9.65,9.67,9.64,9.67,0.02,+0.21%,0
"2024-03-06 11:41",9.65,9.71,9.65,9.71,0.04,+0.41%,0
"2024-03-06 11:42",9.7,9.72,9.7,9.71,0,0.00%,0
"2024-03-06 11:43",9.7,9.77,9.7,9.77,0.06,+0.62%,0
"2024-03-06 11:44",9.76,9.78,9.76,9.78,0.01,+0.10%,0
"2024-03-06 11:45",9.77,9.77,9.72,9.75,-0.03,-0.31%,0
"2024-03-06 11:46",9.74,9.76,9.71,9.71,-0.04,-0.41%,0
"2024-03-06 11:47",9.72,9.73,9.72,9.72,0.01,+0.10%,0
"2024-03-06 11:48",9.69,9.74,9.69,9.7,-0.02,-0.21%,0
"2024-03-06 11:49",9.7,9.72,9.7,9.71,0.01,+0.10%,0
"2024-03-06 11:50",9.7,9.72,9.66,9.66,-0.05,-0.51%,0
"2024-03-06 11:51",9.72,9.82,9.72,9.82,0.16,+1.66%,0
"2024-03-06 11:52",9.82,9.83,9.82,9.83,0.01,+0.10%,0
"2024-03-06 11:53",9.82,9.86,9.82,9.85,0.02,+0.20%,0
"2024-03-06 11:54",9.84,9.86,9.84,9.84,-0.01,-0.10%,0
"2024-03-06 11:55",9.8,9.83,9.8,9.83,-0.01,-0.10%,0
"2024-03-06 11:56",9.85,9.85,9.85,9.85,0.02,+0.20%,0
"2024-03-06 11:57",9.87,9.91,9.87,9.9,0.05,+0.51%,0
"2024-03-06 11:58",9.87,9.87,9.87,9.87,-0.03,-0.30%,0
"2024-03-06 11:59",9.88,9.91,9.88,9.91,0.04,+0.41%,0
"2024-03-06 12:00",9.94,9.95,9.91,9.95,0.04,+0.40%,0
"2024-03-06 12:01",9.95,9.99,9.95,9.99,0.04,+0.40%,0
"2024-03-06 12:02",9.97,10.03,9.97,10.03,0.04,+0.40%,0
"2024-03-06 12:03",10.03,10.08,10.03,10.07,0.04,+0.40%,0
"2024-03-06 12:04",10.09,10.09,10.06,10.06,-0.01,-0.10%,0
"2024-03-06 12:05",10.05,10.06,10.03,10.05,-0.01,-0.10%,0
"2024-03-06 12:06",10.06,10.12,10.06,10.1,0.05,+0.50%,0
"2024-03-06 12:07",10.11,10.12,10.1,10.1,0,0.00%,0
"2024-03-06 12:08",10.1,10.1,10.08,10.08,-0.02,-0.20%,0
"2024-03-06 12:09",10.09,10.09,10.08,10.09,0.01,+0.10%,0
"2024-03-06 12:10",10.09,10.1,10.09,10.09,0,0.00%,0
"2024-03-06 12:11",10.12,10.12,10.07,10.07,-0.02,-0.20%,0
"2024-03-06 12:12",10.05,10.09,10.05,10.05,-0.02,-0.20%,0
"2024-03-06 12:13",10.07,10.09,10.06,10.06,0.01,+0.10%,0
"2024-03-06 12:14",10.06,10.07,10.04,10.04,-0.02,-0.20%,0
"2024-03-06 12:15",10.02,10.03,10.02,10.02,-0.02,-0.20%,0
"2024-03-06 12:16",10.02,10.02,10,10,-0.02,-0.20%,0
"2024-03-06 12:17",10,10,9.99,9.99,-0.01,-0.10%,0
"2024-03-06 12:18",10,10.01,9.98,9.98,-0.01,-0.10%,0
"2024-03-06 12:19",9.96,10,9.96,9.97,-0.01,-0.10%,0
"2024-03-06 12:20",9.97,9.98,9.96,9.98,0.01,+0.10%,0
"2024-03-06 12:21",9.97,9.98,9.97,9.98,0,0.00%,0
"2024-03-06 12:22",9.99,10.02,9.99,10.02,0.04,+0.40%,0
"2024-03-06 12:23",10.03,10.05,10,10,-0.02,-0.20%,0
"2024-03-06 12:24",10,10.01,10,10,0,0.00%,0
"2024-03-06 12:25",9.99,9.99,9.98,9.98,-0.02,-0.20%,0
"2024-03-06 12:26",9.97,9.98,9.97,9.97,-0.01,-0.10%,0
"2024-03-06 12:27",9.96,10.01,9.96,10.01,0.04,+0.40%,0
"2024-03-06 12:28",10.01,10.03,10.01,10.02,0.01,+0.10%,0
"2024-03-06 12:29",10.01,10.04,10.01,10.03,0.01,+0.10%,0
"2024-03-06 12:30",10.03,10.04,10.03,10.03,0,0.00%,0
"2024-03-06 12:31",10.03,10.03,10.02,10.02,-0.01,-0.10%,0
"2024-03-06 12:32",10.03,10.07,10.03,10.07,0.05,+0.50%,0
"2024-03-06 12:33",10.07,10.09,10.07,10.09,0.02,+0.20%,0
"2024-03-06 12:34",10.09,10.12,10.09,10.12,0.03,+0.30%,0
"2024-03-06 12:35",10.13,10.14,10.13,10.13,0.01,+0.10%,0
"2024-03-06 12:36",10.12,10.16,10.12,10.16,0.03,+0.30%,0
"2024-03-06 12:37",10.16,10.18,10.15,10.18,0.02,+0.20%,0
"2024-03-06 12:38",10.17,10.2,10.17,10.19,0.01,+0.10%,0
"2024-03-06 12:39",10.17,10.18,10.16,10.16,-0.03,-0.29%,0
"2024-03-06 12:40",10.16,10.2,10.16,10.2,0.04,+0.39%,0
"2024-03-06 12:41",10.21,10.26,10.21,10.22,0.02,+0.20%,0
"2024-03-06 12:42",10.23,10.25,10.23,10.25,0.03,+0.29%,0
"2024-03-06 12:43",10.21,10.25,10.21,10.21,-0.04,-0.39%,0
"2024-03-06 12:44",10.2,10.23,10.2,10.22,0.01,+0.10%,0
"2024-03-06 12:45",10.21,10.24,10.2,10.24,0.02,+0.20%,0
"2024-03-06 12:46",10.25,10.28,10.22,10.22,-0.02,-0.20%,0
"2024-03-06 12:47",10.22,10.23,10.21,10.23,0.01,+0.10%,0
"2024-03-06 12:48",10.22,10.25,10.22,10.22,-0.01,-0.10%,0
"2024-03-06 12:49",10.19,10.24,10.19,10.23,0.01,+0.10%,0
"2024-03-06 12:50",10.22,10.22,10.18,10.18,-0.05,-0.49%,0
"2024-03-06 12:51",10.17,10.19,10.17,10.19,0.01,+0.10%,0
"2024-03-06 12:52",10.19,10.24,10.19,10.24,0.05,+0.49%,0
"2024-03-06 12:53",10.24,10.29,10.24,10.29,0.05,+0.49%,0
"2024-03-06 12:54",10.29,10.42,10.29,10.42,0.13,+1.26%,0
"2024-03-06 12:55",10.43,10.49,10.43,10.49,0.07,+0.67%,0
"2024-03-06 12:56",10.44,10.44,10.4,10.4,-0.09,-0.86%,0
"2024-03-06 12:57",10.36,10.4,10.36,10.39,-0.01,-0.10%,0
"2024-03-06 12:58",10.39,10.41,10.39,10.41,0.02,+0.19%,0
"2024-03-06 12:59",10.43,10.43,10.41,10.42,0.01,+0.10%,0
"2024-03-06 13:00",10.43,10.43,10.4,10.4,-0.02,-0.19%,0
"2024-03-06 13:01",10.4,10.41,10.39,10.39,-0.01,-0.10%,0
"2024-03-06 13:02",10.4,10.4,10.37,10.37,-0.02,-0.19%,0
"2024-03-06 13:03",10.35,10.37,10.35,10.36,-0.01,-0.10%,0
"2024-03-06 13:04",10.36,10.38,10.35,10.35,-0.01,-0.10%,0
"2024-03-06 13:05",10.33,10.39,10.33,10.39,0.04,+0.39%,0
"2024-03-06 13:06",10.4,10.44,10.4,10.43,0.04,+0.38%,0
"2024-03-06 13:07",10.43,10.44,10.43,10.44,0.01,+0.10%,0
"2024-03-06 13:08",10.43,10.43,10.42,10.43,-0.01,-0.10%,0
"2024-03-06 13:09",10.45,10.48,10.45,10.47,0.04,+0.38%,0
"2024-03-06 13:10",10.44,10.46,10.44,10.44,-0.03,-0.29%,0
"2024-03-06 13:11",10.44,10.47,10.44,10.47,0.03,+0.29%,0
"2024-03-06 13:12",10.47,10.48,10.46,10.46,-0.01,-0.10%,0
"2024-03-06 13:13",10.45,10.45,10.45,10.45,-0.01,-0.10%,0
"2024-03-06 13:14",10.45,10.47,10.45,10.45,0,0.00%,0
"2024-03-06 13:15",10.37,10.37,10.33,10.33,-0.12,-1.15%,0
"2024-03-06 13:16",10.34,10.36,10.34,10.36,0.03,+0.29%,0
"2024-03-06 13:17",10.37,10.37,10.36,10.36,0,0.00%,0
"2024-03-06 13:18",10.36,10.37,10.34,10.34,-0.02,-0.19%,0
"2024-03-06 13:19",10.34,10.34,10.31,10.32,-0.02,-0.19%,0
"2024-03-06 13:20",10.3,10.3,10.27,10.27,-0.05,-0.48%,0
"2024-03-06 13:21",10.27,10.28,10.27,10.27,0,0.00%,0
"2024-03-06 13:22",10.27,10.29,10.27,10.27,0,0.00%,0
"2024-03-06 13:23",10.25,10.26,10.25,10.26,-0.01,-0.10%,0
"2024-03-06 13:24",10.25,10.26,10.25,10.26,0,0.00%,0
"2024-03-06 13:25",10.25,10.26,10.24,10.26,0,0.00%,0
"2024-03-06 13:26",10.25,10.28,10.25,10.28,0.02,+0.19%,0
"2024-03-06 13:27",10.28,10.29,10.28,10.29,0.01,+0.10%,0
"2024-03-06 13:28",10.29,10.31,10.29,10.31,0.02,+0.19%,0
"2024-03-06 13:29",10.31,10.31,10.31,10.31,0,0.00%,0
"2024-03-06 13:30",10.31,10.33,10.31,10.33,0.02,+0.19%,0
"2024-03-06 13:31",10.33,10.36,10.33,10.36,0.03,+0.29%,0
"2024-03-06 13:32",10.37,10.41,10.37,10.41,0.05,+0.48%,0
"2024-03-06 13:33",10.47,11.61,10.47,11.61,1.2,+11.53%,0
"2024-03-06 13:34",11.05,11.05,10.64,10.64,-0.97,-8.35%,0
"2024-03-06 13:35",10.77,11.24,10.77,11.24,0.6,+5.64%,0
"2024-03-06 13:36",11.18,11.46,11.18,11.46,0.22,+1.96%,0
"2024-03-06 13:37",11.44,11.83,11.37,11.37,-0.09,-0.79%,0
"2024-03-06 13:38",11.13,11.46,11.13,11.36,-0.01,-0.09%,0
"2024-03-06 13:39",11.35,11.35,11.06,11.06,-0.3,-2.64%,0
"2024-03-06 13:40",10.94,10.94,10.88,10.89,-0.17,-1.54%,0
"2024-03-06 13:41",10.9,10.92,10.86,10.92,0.03,+0.28%,0
"2024-03-06 13:42",10.87,10.94,10.87,10.91,-0.01,-0.09%,0
"2024-03-06 13:43",10.93,11,10.93,10.93,0.02,+0.18%,0
"2024-03-06 13:44",10.91,10.96,10.91,10.92,-0.01,-0.09%,0
"2024-03-06 13:45",10.92,11,10.92,11,0.08,+0.73%,0
"2024-03-06 13:46",10.99,11.24,10.99,11.24,0.24,+2.18%,0
"2024-03-06 13:47",11.31,12.09,11.31,12.09,0.85,+7.56%,0
"2024-03-06 13:48",11.97,11.97,11.76,11.91,-0.18,-1.49%,0
"2024-03-06 13:49",12.37,12.37,12.11,12.11,0.2,+1.68%,0
"2024-03-06 13:50",12.13,12.47,12.12,12.12,0.01,+0.08%,0
"2024-03-06 13:51",12.26,12.59,12.26,12.59,0.47,+3.88%,0
"2024-03-06 13:52",12.51,12.56,12.42,12.42,-0.17,-1.35%,0
"2024-03-06 13:53",12.43,12.43,12.11,12.11,-0.31,-2.50%,0
"2024-03-06 13:54",12.05,12.15,12.05,12.15,0.04,+0.33%,0
"2024-03-06 13:55",12.18,12.28,12.14,12.14,-0.01,-0.08%,0
"2024-03-06 13:56",12.12,12.12,11.98,11.98,-0.16,-1.32%,0
"2024-03-06 13:57",12.05,12.07,12.05,12.07,0.09,+0.75%,0
"2024-03-06 13:58",12.07,12.19,12.07,12.19,0.12,+0.99%,0
"2024-03-06 13:59",12.2,12.2,12.1,12.1,-0.09,-0.74%,0
"2024-03-06 14:00",12.15,12.53,12.15,12.5,0.4,+3.31%,0
"2024-03-06 14:01",12.51,12.55,12.47,12.5,0,0.00%,0
"2024-03-06 14:02",12.46,12.48,12.41,12.48,-0.02,-0.16%,0
"2024-03-06 14:03",12.47,12.64,12.47,12.64,0.16,+1.28%,0
"2024-03-06 14:04",12.6,12.95,12.6,12.95,0.31,+2.45%,0
"2024-03-06 14:05",12.9,12.9,12.59,12.64,-0.31,-2.39%,0
"2024-03-06 14:06",12.66,12.66,12.48,12.48,-0.16,-1.27%,0
"2024-03-06 14:07",12.54,12.54,12.48,12.48,0,0.00%,0
"2024-03-06 14:08",12.5,12.5,12.44,12.44,-0.04,-0.32%,0
"2024-03-06 14:09",12.54,12.54,12.48,12.48,0.04,+0.32%,0
"2024-03-06 14:10",12.47,12.63,12.47,12.58,0.1,+0.80%,0
"2024-03-06 14:11",12.6,12.69,12.6,12.69,0.11,+0.87%,0
"2024-03-06 14:12",12.72,12.72,12.57,12.58,-0.11,-0.87%,0
"2024-03-06 14:13",12.56,12.56,12.53,12.54,-0.04,-0.32%,0
"2024-03-06 14:14",12.55,13.29,12.55,13.29,0.75,+5.98%,0
"2024-03-06 14:15",13.13,13.69,13.06,13.69,0.4,+3.01%,0
"2024-03-06 14:16",13.98,13.98,13.6,13.6,-0.09,-0.66%,0
"2024-03-06 14:17",13.7,13.7,13.27,13.27,-0.33,-2.43%,0
"2024-03-06 14:18",13.29,13.29,13.08,13.08,-0.19,-1.43%,0
"2024-03-06 14:19",13.1,13.17,13.1,13.17,0.09,+0.69%,0
"2024-03-06 14:20",13.21,13.21,13.01,13.01,-0.16,-1.21%,0
"2024-03-06 14:21",13.01,13.02,12.99,12.99,-0.02,-0.15%,0
"2024-03-06 14:22",12.98,12.99,12.96,12.98,-0.01,-0.08%,0
"2024-03-06 14:23",12.99,12.99,12.75,12.75,-0.23,-1.77%,0
"2024-03-06 14:24",12.76,12.8,12.76,12.78,0.03,+0.24%,0
"2024-03-06 14:25",12.8,13.05,12.8,13.05,0.27,+2.11%,0
"2024-03-06 14:26",13.07,13.07,12.87,12.87,-0.18,-1.38%,0
"2024-03-06 14:27",12.85,12.85,12.7,12.7,-0.17,-1.32%,0
"2024-03-06 14:28",12.71,12.71,12.66,12.66,-0.04,-0.31%,0
"2024-03-06 14:29",12.66,12.66,12.61,12.65,-0.01,-0.08%,0
"2024-03-06 14:30",12.64,12.64,12.54,12.6,-0.05,-0.40%,0
"2024-03-06 14:31",12.62,12.72,12.62,12.69,0.09,+0.71%,0
"2024-03-06 14:32",12.65,13.12,12.65,13.12,0.43,+3.39%,0
"2024-03-06 14:33",13.17,13.17,12.92,12.92,-0.2,-1.52%,0
"2024-03-06 14:34",12.98,13.12,12.98,13.09,0.17,+1.32%,0
"2024-03-06 14:35",13.02,13.25,13.02,13.19,0.1,+0.76%,0
"2024-03-06 14:36",13.22,13.22,13.05,13.05,-0.14,-1.06%,0
"2024-03-06 14:37",13.04,13.04,13,13,-0.05,-0.38%,0
"2024-03-06 14:38",12.99,13.05,12.99,13.05,0.05,+0.38%,0
"2024-03-06 14:39",13.06,13.09,13.04,13.06,0.01,+0.08%,0
"2024-03-06 14:40",13.07,13.2,13.07,13.19,0.13,+1.00%,0
"2024-03-06 14:41",13.09,13.11,13.04,13.04,-0.15,-1.14%,0
"2024-03-06 14:42",12.93,12.93,12.86,12.87,-0.17,-1.30%,0
"2024-03-06 14:43",12.92,12.98,12.92,12.98,0.11,+0.85%,0
"2024-03-06 14:44",12.95,12.95,12.91,12.91,-0.07,-0.54%,0
"2024-03-06 14:45",12.93,13.22,12.93,13.22,0.31,+2.40%,0
"2024-03-06 14:46",13.46,13.48,13.17,13.17,-0.05,-0.38%,0
"2024-03-06 14:47",13.12,13.45,13.12,13.45,0.28,+2.13%,0
"2024-03-06 14:48",13.48,13.48,13.09,13.09,-0.36,-2.68%,0
"2024-03-06 14:49",13.09,13.15,13.09,13.15,0.06,+0.46%,0
"2024-03-06 14:50",13.16,13.16,13.03,13.03,-0.12,-0.91%,0
"2024-03-06 14:51",12.95,12.95,12.86,12.89,-0.14,-1.07%,0
"2024-03-06 14:52",12.9,12.9,12.89,12.9,0.01,+0.08%,0
"2024-03-06 14:53",12.91,12.92,12.89,12.9,0,0.00%,0
"2024-03-06 14:54",12.9,12.95,12.9,12.92,0.02,+0.16%,0
"2024-03-06 14:55",12.88,13,12.88,13,0.08,+0.62%,0
"2024-03-06 14:56",12.96,13,12.94,13,0,0.00%,0
"2024-03-06 14:57",12.99,13.15,12.95,13.15,0.15,+1.15%,0
"2024-03-06 14:58",13.2,13.39,13.2,13.32,0.17,+1.29%,0
"2024-03-06 14:59",13.09,13.09,12.88,12.88,-0.44,-3.30%,0
"2024-03-06 15:00",12.87,12.95,12.87,12.92,0.04,+0.31%,0
"2024-03-06 15:01",12.95,12.95,12.92,12.95,0.03,+0.23%,0
"2024-03-06 15:02",13,13.04,12.9,12.9,-0.05,-0.39%,0
"2024-03-06 15:03",12.89,12.89,12.87,12.87,-0.03,-0.23%,0
"2024-03-06 15:04",12.82,12.82,12.79,12.79,-0.08,-0.62%,0
"2024-03-06 15:05",12.76,12.85,12.76,12.85,0.06,+0.47%,0
"2024-03-06 15:06",12.81,12.83,12.63,12.63,-0.22,-1.71%,0
"2024-03-06 15:07",12.59,12.7,12.58,12.7,0.07,+0.55%,0
"2024-03-06 15:08",12.64,12.78,12.64,12.68,-0.02,-0.16%,0
"2024-03-06 15:09",12.67,12.74,12.67,12.7,0.02,+0.16%,0
"2024-03-06 15:10",12.67,12.69,12.6,12.6,-0.1,-0.79%,0
"2024-03-06 15:11",12.61,12.63,12.61,12.61,0.01,+0.08%,0
"2024-03-06 15:12",12.6,12.61,12.56,12.56,-0.05,-0.40%,0
"2024-03-06 15:13",12.55,12.55,12.45,12.5,-0.06,-0.48%,0
"2024-03-06 15:14",12.62,12.95,12.62,12.95,0.45,+3.60%,0
"2024-03-06 15:15",12.79,12.79,12.44,12.44,-0.51,-3.94%,0
"2024-03-06 15:16",12.39,12.45,12.33,12.33,-0.11,-0.88%,0
"2024-03-06 15:17",12.32,12.35,12.31,12.31,-0.02,-0.16%,0
"2024-03-06 15:18",12.27,12.31,12.27,12.28,-0.03,-0.24%,0
"2024-03-06 15:19",12.36,12.36,12.31,12.32,0.04,+0.33%,0
"2024-03-06 15:20",12.33,12.42,12.33,12.38,0.06,+0.49%,0
"2024-03-06 15:21",12.4,12.52,12.4,12.52,0.14,+1.13%,0
"2024-03-06 15:22",12.56,12.57,12.55,12.57,0.05,+0.40%,0
"2024-03-06 15:23",12.57,12.59,12.52,12.53,-0.04,-0.32%,0
"2024-03-06 15:24",12.49,12.58,12.49,12.54,0.01,+0.08%,0
"2024-03-06 15:25",12.57,12.59,12.48,12.48,-0.06,-0.48%,0
"2024-03-06 15:26",12.45,12.47,12.43,12.47,-0.01,-0.08%,0
"2024-03-06 15:27",12.51,12.51,12.46,12.46,-0.01,-0.08%,0
"2024-03-06 15:28",12.45,12.48,12.44,12.44,-0.02,-0.16%,0
"2024-03-06 15:29",12.4,12.4,12.3,12.3,-0.14,-1.13%,0
"2024-03-06 15:30",12.21,12.22,12.18,12.18,-0.12,-0.98%,0
"2024-03-06 15:31",12.2,12.22,12.18,12.21,0.03,+0.25%,0
"2024-03-06 15:32",12.2,12.2,12.13,12.15,-0.06,-0.49%,0
"2024-03-06 15:33",12.17,12.22,12.17,12.21,0.06,+0.49%,0
"2024-03-06 15:34",12.18,12.2,12.18,12.18,-0.03,-0.25%,0
"2024-03-06 15:35",12.23,12.28,12.23,12.27,0.09,+0.74%,0
"2024-03-06 15:36",12.35,12.37,12.33,12.34,0.07,+0.57%,0
"2024-03-06 15:37",12.35,12.39,12.16,12.16,-0.18,-1.46%,0
"2024-03-06 15:38",12.15,12.2,12.15,12.17,0.01,+0.08%,0
"2024-03-06 15:39",12.12,12.12,11.99,11.99,-0.18,-1.48%,0
"2024-03-06 15:40",12,12,11.94,11.94,-0.05,-0.42%,0
"2024-03-06 15:41",11.89,11.89,11.86,11.86,-0.08,-0.67%,0
"2024-03-06 15:42",11.89,11.89,11.83,11.83,-0.03,-0.25%,0
"2024-03-06 15:43",11.83,11.9,11.83,11.86,0.03,+0.25%,0
"2024-03-06 15:44",11.86,11.9,11.8,11.8,-0.06,-0.51%,0
"2024-03-06 15:45",11.82,11.82,11.74,11.74,-0.06,-0.51%,0
"2024-03-06 15:46",11.67,11.7,11.56,11.56,-0.18,-1.53%,0
"2024-03-06 15:47",11.47,11.47,11.34,11.34,-0.22,-1.90%,0
"2024-03-06 15:48",11.32,11.32,11.28,11.28,-0.06,-0.53%,0
"2024-03-06 15:49",11.29,11.45,11.29,11.45,0.17,+1.51%,0
"2024-03-06 15:50",11.43,11.68,11.43,11.68,0.23,+2.01%,0
"2024-03-06 15:51",11.67,11.67,11.56,11.59,-0.09,-0.77%,0
"2024-03-06 15:52",11.58,11.68,11.58,11.68,0.09,+0.78%,0
"2024-03-06 15:53",11.76,11.8,11.76,11.78,0.1,+0.86%,0
"2024-03-06 15:54",11.75,11.75,11.54,11.54,-0.24,-2.04%,0
"2024-03-06 15:55",11.46,11.49,11.41,11.41,-0.13,-1.13%,0
"2024-03-06 15:56",11.45,11.48,11.43,11.43,0.02,+0.18%,0
"2024-03-06 15:57",11.42,11.71,11.42,11.71,0.28,+2.45%,0
"2024-03-06 15:58",11.7,11.71,11.63,11.63,-0.08,-0.68%,0
"2024-03-06 15:59",11.59,11.66,11.59,11.62,-0.01,-0.09%,0
"2024-03-06 16:00",11.43,11.45,11.43,11.45,-0.17,-1.46%,0
"2024-03-06 16:01",11.41,11.42,11.38,11.4,-0.05,-0.44%,0
"2024-03-06 16:02",11.3,11.33,11.29,11.33,-0.07,-0.61%,0
"2024-03-06 16:03",11.33,11.36,11.33,11.36,0.03,+0.26%,0
"2024-03-06 16:04",11.35,11.38,11.35,11.38,0.02,+0.18%,0
"2024-03-06 16:05",11.41,11.42,11.39,11.39,0.01,+0.09%,0
"2024-03-06 16:06",11.36,11.4,11.36,11.4,0.01,+0.09%,0
"2024-03-06 16:07",11.41,11.43,11.41,11.43,0.03,+0.26%,0
"2024-03-06 16:08",11.44,11.47,11.43,11.43,0,0.00%,0
"2024-03-06 16:09",11.39,11.44,11.39,11.42,-0.01,-0.09%,0
"2024-03-06 16:10",11.42,11.43,11.42,11.43,0.01,+0.09%,0
"2024-03-06 16:11",11.44,11.46,11.44,11.45,0.02,+0.17%,0
"2024-03-06 16:12",11.44,11.45,11.43,11.43,-0.02,-0.17%,0
"2024-03-06 16:13",11.43,11.43,11.39,11.39,-0.04,-0.35%,0
"2024-03-06 16:14",11.41,11.47,11.4,11.47,0.08,+0.70%,0
"2024-03-06 16:15",11.43,11.43,11.43,11.43,-0.04,-0.35%,0
"2024-03-07 09:31",8.98,8.98,8.88,8.92,-2.51,-21.96%,0
"2024-03-07 09:32",9.02,9.09,9.02,9.09,0.17,+1.91%,0
"2024-03-07 09:33",9.09,9.11,9.07,9.07,-0.02,-0.22%,0
"2024-03-07 09:34",9.1,9.1,9.03,9.03,-0.04,-0.44%,0
"2024-03-07 09:35",8.98,9.11,8.98,9.11,0.08,+0.89%,0
"2024-03-07 09:36",9.12,9.28,9.12,9.28,0.17,+1.87%,0
"2024-03-07 09:37",9.28,9.32,9.28,9.3,0.02,+0.22%,0
"2024-03-07 09:38",9.3,9.31,9.28,9.31,0.01,+0.11%,0
"2024-03-07 09:39",9.28,9.28,9.26,9.28,-0.03,-0.32%,0
"2024-03-07 09:40",9.29,9.34,9.29,9.34,0.06,+0.65%,0
"2024-03-07 09:41",9.33,9.36,9.3,9.3,-0.04,-0.43%,0
"2024-03-07 09:42",9.28,9.32,9.28,9.32,0.02,+0.22%,0
"2024-03-07 09:43",9.33,9.36,9.33,9.36,0.04,+0.43%,0
"2024-03-07 09:44",9.35,9.4,9.35,9.4,0.04,+0.43%,0
"2024-03-07 09:45",9.42,9.47,9.42,9.47,0.07,+0.74%,0
"2024-03-07 09:46",9.45,9.51,9.45,9.51,0.04,+0.42%,0
"2024-03-07 09:47",9.5,9.5,9.48,9.48,-0.03,-0.32%,0
"2024-03-07 09:48",9.49,9.52,9.49,9.52,0.04,+0.42%,0
"2024-03-07 09:49",9.5,9.56,9.5,9.56,0.04,+0.42%,0
"2024-03-07 09:50",9.5,9.55,9.5,9.54,-0.02,-0.21%,0
"2024-03-07 09:51",9.54,9.57,9.42,9.42,-0.12,-1.26%,0
"2024-03-07 09:52",9.32,9.42,9.28,9.42,0,0.00%,0
"2024-03-07 09:53",9.49,9.57,9.49,9.57,0.15,+1.59%,0
"2024-03-07 09:54",9.58,9.58,9.54,9.55,-0.02,-0.21%,0
"2024-03-07 09:55",9.54,9.55,9.5,9.5,-0.05,-0.52%,0
"2024-03-07 09:56",9.42,9.42,9.39,9.39,-0.11,-1.16%,0
"2024-03-07 09:57",9.43,9.67,9.43,9.67,0.28,+2.98%,0
"2024-03-07 09:58",9.74,9.75,9.73,9.73,0.06,+0.62%,0
"2024-03-07 09:59",9.73,9.73,9.67,9.67,-0.06,-0.62%,0
"2024-03-07 10:00",9.66,9.72,9.66,9.7,0.03,+0.31%,0
"2024-03-07 10:01",9.7,9.7,9.66,9.67,-0.03,-0.31%,0
"2024-03-07 10:02",9.7,9.71,9.7,9.7,0.03,+0.31%,0
"2024-03-07 10:03",9.69,9.72,9.69,9.71,0.01,+0.10%,0
"2024-03-07 10:04",9.73,9.77,9.7,9.7,-0.01,-0.10%,0
"2024-03-07 10:05",9.7,9.76,9.7,9.76,0.06,+0.62%,0
"2024-03-07 10:06",9.73,9.75,9.72,9.75,-0.01,-0.10%,0
"2024-03-07 10:07",9.74,9.78,9.74,9.74,-0.01,-0.10%,0
"2024-03-07 10:08",9.74,9.81,9.74,9.8,0.06,+0.62%,0
"2024-03-07 10:09",9.75,9.75,9.72,9.74,-0.06,-0.61%,0
"2024-03-07 10:10",9.74,9.74,9.68,9.68,-0.06,-0.62%,0
"2024-03-07 10:11",9.67,9.75,9.67,9.7,0.02,+0.21%,0
"2024-03-07 10:12",9.67,9.7,9.67,9.68,-0.02,-0.21%,0
"2024-03-07 10:13",9.64,9.7,9.64,9.7,0.02,+0.21%,0
"2024-03-07 10:14",9.73,9.75,9.73,9.75,0.05,+0.52%,0
"2024-03-07 10:15",9.74,9.75,9.67,9.67,-0.08,-0.82%,0
"2024-03-07 10:16",9.7,9.74,9.7,9.72,0.05,+0.52%,0
"2024-03-07 10:17",9.7,9.74,9.7,9.73,0.01,+0.10%,0
"2024-03-07 10:18",9.74,9.77,9.74,9.77,0.04,+0.41%,0
"2024-03-07 10:19",9.79,9.8,9.78,9.8,0.03,+0.31%,0
"2024-03-07 10:20",9.8,9.84,9.8,9.83,0.03,+0.31%,0
"2024-03-07 10:21",9.83,9.87,9.83,9.87,0.04,+0.41%,0
"2024-03-07 10:22",9.86,9.9,9.85,9.86,-0.01,-0.10%,0
"2024-03-07 10:23",9.85,9.9,9.85,9.9,0.04,+0.41%,0
"2024-03-07 10:24",9.89,9.89,9.82,9.82,-0.08,-0.81%,0
"2024-03-07 10:25",9.81,9.83,9.8,9.8,-0.02,-0.20%,0
"2024-03-07 10:26",9.8,9.83,9.78,9.78,-0.02,-0.20%,0
"2024-03-07 10:27",9.8,9.84,9.8,9.83,0.05,+0.51%,0
"2024-03-07 10:28",9.88,9.91,9.88,9.91,0.08,+0.81%,0
"2024-03-07 10:29",9.9,9.91,9.9,9.91,0,0.00%,0
"2024-03-07 10:30",9.92,9.95,9.9,9.95,0.04,+0.40%,0
"2024-03-07 10:31",9.94,9.99,9.94,9.98,0.03,+0.30%,0
"2024-03-07 10:32",9.99,10.06,9.99,10.06,0.08,+0.80%,0
"2024-03-07 10:33",9.98,9.98,9.9,9.93,-0.13,-1.29%,0
"2024-03-07 10:34",9.93,9.96,9.93,9.96,0.03,+0.30%,0
"2024-03-07 10:35",9.95,10,9.95,10,0.04,+0.40%,0
"2024-03-07 10:36",9.99,10.06,9.99,10.06,0.06,+0.60%,0
"2024-03-07 10:37",10.03,10.07,10.03,10.04,-0.02,-0.20%,0
"2024-03-07 10:38",10.02,10.03,10,10.03,-0.01,-0.10%,0
"2024-03-07 10:39",10.01,10.01,9.98,10.01,-0.02,-0.20%,0
"2024-03-07 10:40",9.97,10.01,9.97,9.97,-0.04,-0.40%,0
"2024-03-07 10:41",9.96,9.97,9.92,9.93,-0.04,-0.40%,0
"2024-03-07 10:42",9.95,9.99,9.95,9.99,0.06,+0.60%,0
"2024-03-07 10:43",10.15,10.19,10.15,10.19,0.2,+2.00%,0
"2024-03-07 10:44",10.09,10.26,10.09,10.16,-0.03,-0.29%,0
"2024-03-07 10:45",10.13,10.16,10.13,10.15,-0.01,-0.10%,0
"2024-03-07 10:46",10.16,10.25,10.16,10.25,0.1,+0.99%,0
"2024-03-07 10:47",10.29,10.32,10.27,10.27,0.02,+0.20%,0
"2024-03-07 10:48",10.25,10.32,10.25,10.32,0.05,+0.49%,0
"2024-03-07 10:49",10.25,10.28,10.25,10.28,-0.04,-0.39%,0
"2024-03-07 10:50",10.29,10.31,10.27,10.27,-0.01,-0.10%,0
"2024-03-07 10:51",10.24,10.26,10.21,10.22,-0.05,-0.49%,0
"2024-03-07 10:52",10.19,10.29,10.19,10.29,0.07,+0.68%,0
"2024-03-07 10:53",10.28,10.3,10.28,10.28,-0.01,-0.10%,0
"2024-03-07 10:54",10.29,10.32,10.29,10.29,0.01,+0.10%,0
"2024-03-07 10:55",10.29,10.29,10.25,10.25,-0.04,-0.39%,0
"2024-03-07 10:56",10.26,10.3,10.26,10.28,0.03,+0.29%,0
"2024-03-07 10:57",10.29,10.3,10.28,10.3,0.02,+0.19%,0
"2024-03-07 10:58",10.3,10.3,10.29,10.29,-0.01,-0.10%,0
"2024-03-07 10:59",10.3,10.38,10.3,10.38,0.09,+0.87%,0
"2024-03-07 11:00",10.38,10.4,10.38,10.4,0.02,+0.19%,0
"2024-03-07 11:01",10.4,10.45,10.4,10.45,0.05,+0.48%,0
"2024-03-07 11:02",10.42,10.44,10.42,10.44,-0.01,-0.10%,0
"2024-03-07 11:03",10.43,10.44,10.43,10.43,-0.01,-0.10%,0
"2024-03-07 11:04",10.43,10.43,10.4,10.41,-0.02,-0.19%,0
"2024-03-07 11:05",10.42,10.44,10.42,10.44,0.03,+0.29%,0
"2024-03-07 11:06",10.44,10.47,10.44,10.47,0.03,+0.29%,0
"2024-03-07 11:07",10.47,10.49,10.47,10.47,0,0.00%,0
"2024-03-07 11:08",10.46,10.5,10.46,10.48,0.01,+0.10%,0
"2024-03-07 11:09",10.47,10.49,10.47,10.49,0.01,+0.10%,0
"2024-03-07 11:10",10.48,10.49,10.43,10.43,-0.06,-0.57%,0
"2024-03-07 11:11",10.45,10.51,10.45,10.51,0.08,+0.77%,0
"2024-03-07 11:12",10.5,10.52,10.5,10.51,0,0.00%,0
"2024-03-07 11:13",10.5,10.51,10.49,10.49,-0.02,-0.19%,0
"2024-03-07 11:14",10.48,10.5,10.48,10.5,0.01,+0.10%,0
"2024-03-07 11:15",10.5,10.53,10.5,10.51,0.01,+0.10%,0
"2024-03-07 11:16",10.51,10.54,10.51,10.52,0.01,+0.10%,0
"2024-03-07 11:17",10.52,10.57,10.52,10.57,0.05,+0.48%,0
"2024-03-07 11:18",10.58,10.6,10.57,10.59,0.02,+0.19%,0
"2024-03-07 11:19",10.58,10.62,10.58,10.61,0.02,+0.19%,0
"2024-03-07 11:20",10.58,10.59,10.58,10.59,-0.02,-0.19%,0
"2024-03-07 11:21",10.58,10.61,10.58,10.6,0.01,+0.09%,0
"2024-03-07 11:22",10.58,10.6,10.57,10.6,0,0.00%,0
"2024-03-07 11:23",10.61,10.65,10.61,10.65,0.05,+0.47%,0
"2024-03-07 11:24",10.64,10.65,10.62,10.62,-0.03,-0.28%,0
"2024-03-07 11:25",10.6,10.62,10.6,10.62,0,0.00%,0
"2024-03-07 11:26",10.61,10.63,10.61,10.61,-0.01,-0.09%,0
"2024-03-07 11:27",10.61,10.65,10.61,10.65,0.04,+0.38%,0
"2024-03-07 11:28",10.64,10.65,10.64,10.64,-0.01,-0.09%,0
"2024-03-07 11:29",10.64,10.65,10.64,10.65,0.01,+0.09%,0
"2024-03-07 11:30",10.61,10.76,10.61,10.73,0.08,+0.75%,0
"2024-03-07 11:31",10.66,10.8,10.66,10.8,0.07,+0.65%,0
"2024-03-07 11:32",10.79,10.85,10.79,10.85,0.05,+0.46%,0
"2024-03-07 11:33",10.85,10.89,10.85,10.89,0.04,+0.37%,0
"2024-03-07 11:34",10.88,10.88,10.86,10.87,-0.02,-0.18%,0
"2024-03-07 11:35",10.87,11,10.87,11,0.13,+1.20%,0
"2024-03-07 11:36",10.97,11,10.95,10.95,-0.05,-0.45%,0
"2024-03-07 11:37",10.95,10.95,10.87,10.87,-0.08,-0.73%,0
"2024-03-07 11:38",10.87,10.9,10.87,10.88,0.01,+0.09%,0
"2024-03-07 11:39",10.88,10.9,10.88,10.88,0,0.00%,0
"2024-03-07 11:40",10.87,10.9,10.87,10.87,-0.01,-0.09%,0
"2024-03-07 11:41",10.87,10.91,10.87,10.9,0.03,+0.28%,0
"2024-03-07 11:42",10.9,10.93,10.9,10.93,0.03,+0.28%,0
"2024-03-07 11:43",10.93,10.98,10.93,10.94,0.01,+0.09%,0
"2024-03-07 11:44",10.94,10.98,10.94,10.98,0.04,+0.37%,0
"2024-03-07 11:45",10.97,10.99,10.97,10.98,0,0.00%,0
"2024-03-07 11:46",11,11.04,11,11.04,0.06,+0.55%,0
"2024-03-07 11:47",11.07,11.08,11.06,11.07,0.03,+0.27%,0
"2024-03-07 11:48",11.07,11.09,11.05,11.05,-0.02,-0.18%,0
"2024-03-07 11:49",11.03,11.06,11.03,11.05,0,0.00%,0
"2024-03-07 11:50",11.06,11.07,11.06,11.07,0.02,+0.18%,0
"2024-03-07 11:51",11.07,11.09,11.07,11.07,0,0.00%,0
"2024-03-07 11:52",11.08,11.1,11.08,11.1,0.03,+0.27%,0
"2024-03-07 11:53",11.08,11.11,11.08,11.09,-0.01,-0.09%,0
"2024-03-07 11:54",11.09,11.13,11.09,11.13,0.04,+0.36%,0
"2024-03-07 11:55",11.12,11.14,11.1,11.1,-0.03,-0.27%,0
"2024-03-07 11:56",11.08,11.16,11.08,11.16,0.06,+0.54%,0
"2024-03-07 11:57",11.16,11.19,11.16,11.19,0.03,+0.27%,0
"2024-03-07 11:58",11.16,11.2,11.15,11.2,0.01,+0.09%,0
"2024-03-07 11:59",11.2,11.2,11.16,11.16,-0.04,-0.36%,0
"2024-03-07 12:00",11.2,11.26,11.2,11.26,0.1,+0.90%,0
"2024-03-07 12:01",11.25,11.27,11.25,11.26,0,0.00%,0
"2024-03-07 12:02",11.27,11.31,11.27,11.31,0.05,+0.44%,0
"2024-03-07 12:03",11.28,11.3,11.28,11.3,-0.01,-0.09%,0
"2024-03-07 12:04",11.29,11.29,11.28,11.28,-0.02,-0.18%,0
"2024-03-07 12:05",11.28,11.32,11.28,11.32,0.04,+0.35%,0
"2024-03-07 12:06",11.31,11.33,11.31,11.33,0.01,+0.09%,0
"2024-03-07 12:07",11.34,11.38,11.34,11.36,0.03,+0.26%,0
"2024-03-07 12:08",11.37,11.39,11.37,11.38,0.02,+0.18%,0
"2024-03-07 12:09",11.38,11.4,11.37,11.37,-0.01,-0.09%,0
"2024-03-07 12:10",11.37,11.38,11.37,11.38,0.01,+0.09%,0
"2024-03-07 12:11",11.37,11.38,11.36,11.38,0,0.00%,0
"2024-03-07 12:12",11.38,11.4,11.38,11.39,0.01,+0.09%,0
"2024-03-07 12:13",11.39,11.42,11.39,11.42,0.03,+0.26%,0
"2024-03-07 12:14",11.42,11.44,11.42,11.44,0.02,+0.18%,0
"2024-03-07 12:15",11.45,11.46,11.45,11.45,0.01,+0.09%,0
"2024-03-07 12:16",11.45,11.47,11.45,11.47,0.02,+0.17%,0
"2024-03-07 12:17",11.47,11.5,11.47,11.5,0.03,+0.26%,0
"2024-03-07 12:18",11.51,11.52,11.49,11.49,-0.01,-0.09%,0
"2024-03-07 12:19",11.48,11.51,11.48,11.51,0.02,+0.17%,0
"2024-03-07 12:20",11.51,11.57,11.51,11.57,0.06,+0.52%,0
"2024-03-07 12:21",11.52,11.58,11.52,11.56,-0.01,-0.09%,0
"2024-03-07 12:22",11.57,11.6,11.57,11.59,0.03,+0.26%,0
"2024-03-07 12:23",11.61,11.64,11.61,11.63,0.04,+0.35%,0
"2024-03-07 12:24",11.63,11.63,11.61,11.62,-0.01,-0.09%,0
"2024-03-07 12:25",11.61,11.65,11.61,11.64,0.02,+0.17%,0
"2024-03-07 12:26",11.65,11.67,11.65,11.67,0.03,+0.26%,0
"2024-03-07 12:27",11.66,11.69,11.66,11.69,0.02,+0.17%,0
"2024-03-07 12:28",11.71,11.73,11.71,11.72,0.03,+0.26%,0
"2024-03-07 12:29",11.71,11.73,11.71,11.72,0,0.00%,0
"2024-03-07 12:30",11.74,11.75,11.74,11.74,0.02,+0.17%,0
"2024-03-07 12:31",11.75,11.76,11.74,11.74,0,0.00%,0
"2024-03-07 12:32",11.74,11.75,11.71,11.71,-0.03,-0.26%,0
"2024-03-07 12:33",11.74,11.77,11.74,11.77,0.06,+0.51%,0
"2024-03-07 12:34",11.77,11.79,11.77,11.77,0,0.00%,0
"2024-03-07 12:35",11.77,11.8,11.77,11.78,0.01,+0.08%,0
"2024-03-07 12:36",11.77,11.78,11.77,11.78,0,0.00%,0
"2024-03-07 12:37",11.77,11.82,11.77,11.79,0.01,+0.08%,0
"2024-03-07 12:38",11.78,11.82,11.78,11.82,0.03,+0.25%,0
"2024-03-07 12:39",11.83,11.86,11.83,11.85,0.03,+0.25%,0
"2024-03-07 12:40",11.84,11.88,11.84,11.87,0.02,+0.17%,0
"2024-03-07 12:41",11.89,11.92,11.89,11.92,0.05,+0.42%,0
"2024-03-07 12:42",11.92,11.94,11.89,11.89,-0.03,-0.25%,0
"2024-03-07 12:43",11.86,11.88,11.86,11.88,-0.01,-0.08%,0
"2024-03-07 12:44",11.89,11.89,11.86,11.86,-0.02,-0.17%,0
"2024-03-07 12:45",11.85,11.88,11.85,11.88,0.02,+0.17%,0
"2024-03-07 12:46",11.91,11.96,11.91,11.95,0.07,+0.59%,0
"2024-03-07 12:47",11.94,11.97,11.94,11.97,0.02,+0.17%,0
"2024-03-07 12:48",11.97,11.99,11.97,11.98,0.01,+0.08%,0
"2024-03-07 12:49",11.98,12.02,11.98,11.99,0.01,+0.08%,0
"2024-03-07 12:50",11.99,12.03,11.99,12.03,0.04,+0.33%,0
"2024-03-07 12:51",12.02,12.04,12,12,-0.03,-0.25%,0
"2024-03-07 12:52",12.02,12.04,12.02,12.04,0.04,+0.33%,0
"2024-03-07 12:53",12.02,12.05,12.02,12.05,0.01,+0.08%,0
"2024-03-07 12:54",12.04,12.06,12.04,12.06,0.01,+0.08%,0
"2024-03-07 12:55",12.07,12.09,12.07,12.09,0.03,+0.25%,0
"2024-03-07 12:56",12.08,12.1,12.08,12.1,0.01,+0.08%,0
"2024-03-07 12:57",12.09,12.12,12.09,12.1,0,0.00%,0
"2024-03-07 12:58",12.08,12.09,12.08,12.09,-0.01,-0.08%,0
"2024-03-07 12:59",12.08,12.1,12.08,12.09,0,0.00%,0
"2024-03-07 13:00",12.09,12.1,12.09,12.09,0,0.00%,0
"2024-03-07 13:01",12.09,12.12,12.09,12.12,0.03,+0.25%,0
"2024-03-07 13:02",12.09,12.13,12.09,12.11,-0.01,-0.08%,0
"2024-03-07 13:03",12.11,12.13,12.11,12.12,0.01,+0.08%,0
"2024-03-07 13:04",12.12,12.15,12.12,12.15,0.03,+0.25%,0
"2024-03-07 13:05",12.15,12.18,12.15,12.18,0.03,+0.25%,0
"2024-03-07 13:06",12.19,12.24,12.19,12.2,0.02,+0.16%,0
"2024-03-07 13:07",12.19,12.22,12.19,12.2,0,0.00%,0
"2024-03-07 13:08",12.22,12.24,12.21,12.21,0.01,+0.08%,0
"2024-03-07 13:09",12.2,12.23,12.2,12.21,0,0.00%,0
"2024-03-07 13:10",12.2,12.22,12.2,12.21,0,0.00%,0
"2024-03-07 13:11",12.21,12.22,12.21,12.22,0.01,+0.08%,0
"2024-03-07 13:12",12.24,12.27,12.24,12.27,0.05,+0.41%,0
"2024-03-07 13:13",12.27,12.31,12.27,12.31,0.04,+0.33%,0
"2024-03-07 13:14",12.31,12.35,12.31,12.35,0.04,+0.32%,0
"2024-03-07 13:15",12.34,12.34,12.32,12.32,-0.03,-0.24%,0
"2024-03-07 13:16",12.35,12.38,12.35,12.37,0.05,+0.41%,0
"2024-03-07 13:17",12.35,12.37,12.35,12.36,-0.01,-0.08%,0
"2024-03-07 13:18",12.36,12.4,12.36,12.37,0.01,+0.08%,0
"2024-03-07 13:19",12.37,12.37,12.36,12.36,-0.01,-0.08%,0
"2024-03-07 13:20",12.36,12.37,12.36,12.36,0,0.00%,0
"2024-03-07 13:21",12.36,12.39,12.36,12.38,0.02,+0.16%,0
"2024-03-07 13:22",12.4,12.47,12.4,12.45,0.07,+0.57%,0
"2024-03-07 13:23",12.46,12.48,12.44,12.44,-0.01,-0.08%,0
"2024-03-07 13:24",12.44,12.46,12.44,12.45,0.01,+0.08%,0
"2024-03-07 13:25",12.44,12.48,12.44,12.48,0.03,+0.24%,0
"2024-03-07 13:26",12.49,12.53,12.49,12.49,0.01,+0.08%,0
"2024-03-07 13:27",12.48,12.5,12.48,12.5,0.01,+0.08%,0
"2024-03-07 13:28",12.5,12.52,12.5,12.51,0.01,+0.08%,0
"2024-03-07 13:29",12.52,12.53,12.51,12.51,0,0.00%,0
"2024-03-07 13:30",12.52,12.53,12.52,12.53,0.02,+0.16%,0
"2024-03-07 13:31",12.55,12.55,12.5,12.5,-0.03,-0.24%,0
"2024-03-07 13:32",12.49,12.55,12.49,12.51,0.01,+0.08%,0
"2024-03-07 13:33",12.5,12.55,12.5,12.51,0,0.00%,0
"2024-03-07 13:34",12.52,12.54,12.5,12.51,0,0.00%,0
"2024-03-07 13:35",12.5,12.56,12.5,12.54,0.03,+0.24%,0
"2024-03-07 13:36",12.54,12.58,12.54,12.56,0.02,+0.16%,0
"2024-03-07 13:37",12.56,12.6,12.56,12.6,0.04,+0.32%,0
"2024-03-07 13:38",12.6,12.62,12.6,12.6,0,0.00%,0
"2024-03-07 13:39",12.61,12.62,12.6,12.6,0,0.00%,0
"2024-03-07 13:40",12.6,12.7,12.6,12.7,0.1,+0.79%,0
"2024-03-07 13:41",12.7,12.7,12.69,12.69,-0.01,-0.08%,0
"2024-03-07 13:42",12.68,12.7,12.68,12.69,0,0.00%,0
"2024-03-07 13:43",12.68,12.68,12.65,12.66,-0.03,-0.24%,0
"2024-03-07 13:44",12.66,12.7,12.66,12.7,0.04,+0.32%,0
"2024-03-07 13:45",12.7,12.73,12.7,12.73,0.03,+0.24%,0
"2024-03-07 13:46",12.73,12.76,12.73,12.74,0.01,+0.08%,0
"2024-03-07 13:47",12.74,12.89,12.74,12.89,0.15,+1.18%,0
"2024-03-07 13:48",12.89,12.93,12.89,12.92,0.03,+0.23%,0
"2024-03-07 13:49",12.92,12.95,12.92,12.95,0.03,+0.23%,0
"2024-03-07 13:50",12.96,13,12.96,13,0.05,+0.39%,0
"2024-03-07 13:51",13,13.02,13,13.02,0.02,+0.15%,0
"2024-03-07 13:52",13.04,13.13,13.04,13.12,0.1,+0.77%,0
"2024-03-07 13:53",13.13,13.17,13.13,13.14,0.02,+0.15%,0
"2024-03-07 13:54",13.15,13.17,13.15,13.15,0.01,+0.08%,0
"2024-03-07 13:55",13.15,13.22,13.15,13.22,0.07,+0.53%,0
"2024-03-07 13:56",13.21,13.36,13.21,13.36,0.14,+1.06%,0
"2024-03-07 13:57",13.36,13.45,13.36,13.44,0.08,+0.60%,0
"2024-03-07 13:58",13.44,13.48,13.44,13.47,0.03,+0.22%,0
"2024-03-07 13:59",13.48,13.51,13.48,13.5,0.03,+0.22%,0
"2024-03-07 14:00",13.46,13.5,13.46,13.46,-0.04,-0.30%,0
"2024-03-07 14:01",13.43,13.47,13.43,13.45,-0.01,-0.07%,0
"2024-03-07 14:02",13.43,13.45,13.42,13.45,0,0.00%,0
"2024-03-07 14:03",13.48,13.57,13.48,13.57,0.12,+0.89%,0
"2024-03-07 14:04",13.56,13.58,13.56,13.58,0.01,+0.07%,0
"2024-03-07 14:05",13.57,13.59,13.57,13.59,0.01,+0.07%,0
"2024-03-07 14:06",13.58,13.62,13.58,13.62,0.03,+0.22%,0
"2024-03-07 14:07",13.6,13.64,13.6,13.64,0.02,+0.15%,0
"2024-03-07 14:08",13.63,13.67,13.63,13.67,0.03,+0.22%,0
"2024-03-07 14:09",13.65,13.72,13.65,13.72,0.05,+0.37%,0
"2024-03-07 14:10",13.75,13.75,13.72,13.73,0.01,+0.07%,0
"2024-03-07 14:11",13.73,13.76,13.73,13.75,0.02,+0.15%,0
"2024-03-07 14:12",13.74,13.74,13.74,13.74,-0.01,-0.07%,0
"2024-03-07 14:13",13.73,13.76,13.73,13.76,0.02,+0.15%,0
"2024-03-07 14:14",13.75,13.77,13.74,13.74,-0.02,-0.15%,0
"2024-03-07 14:15",13.72,13.74,13.72,13.73,-0.01,-0.07%,0
"2024-03-07 14:16",13.73,13.76,13.73,13.76,0.03,+0.22%,0
"2024-03-07 14:17",13.76,13.79,13.76,13.79,0.03,+0.22%,0
"2024-03-07 14:18",13.8,13.81,13.8,13.81,0.02,+0.15%,0
"2024-03-07 14:19",13.79,13.79,13.76,13.76,-0.05,-0.36%,0
"2024-03-07 14:20",13.75,13.83,13.75,13.83,0.07,+0.51%,0
"2024-03-07 14:21",13.84,13.86,13.84,13.86,0.03,+0.22%,0
"2024-03-07 14:22",13.86,13.89,13.86,13.89,0.03,+0.22%,0
"2024-03-07 14:23",13.89,13.92,13.89,13.92,0.03,+0.22%,0
"2024-03-07 14:24",13.92,13.95,13.92,13.93,0.01,+0.07%,0
"2024-03-07 14:25",13.91,13.93,13.91,13.91,-0.02,-0.14%,0
"2024-03-07 14:26",13.89,13.91,13.89,13.91,0,0.00%,0
"2024-03-07 14:27",13.9,13.9,13.89,13.9,-0.01,-0.07%,0
"2024-03-07 14:28",13.9,13.93,13.9,13.92,0.02,+0.14%,0
"2024-03-07 14:29",13.93,13.93,13.91,13.91,-0.01,-0.07%,0
"2024-03-07 14:30",13.9,13.92,13.9,13.91,0,0.00%,0
"2024-03-07 14:31",13.91,13.93,13.91,13.93,0.02,+0.14%,0
"2024-03-07 14:32",13.93,13.94,13.93,13.94,0.01,+0.07%,0
"2024-03-07 14:33",13.93,13.93,13.92,13.92,-0.02,-0.14%,0
"2024-03-07 14:34",13.92,13.93,13.91,13.91,-0.01,-0.07%,0
"2024-03-07 14:35",13.92,13.93,13.92,13.92,0.01,+0.07%,0
"2024-03-07 14:36",13.93,13.94,13.93,13.94,0.02,+0.14%,0
"2024-03-07 14:37",13.94,13.96,13.94,13.95,0.01,+0.07%,0
"2024-03-07 14:38",13.95,13.96,13.92,13.92,-0.03,-0.22%,0
"2024-03-07 14:39",13.93,13.97,13.93,13.97,0.05,+0.36%,0
"2024-03-07 14:40",13.99,14.02,13.99,14.02,0.05,+0.36%,0
"2024-03-07 14:41",14.06,14.08,14.06,14.08,0.06,+0.43%,0
"2024-03-07 14:42",14.08,14.1,14.08,14.1,0.02,+0.14%,0
"2024-03-07 14:43",14.1,14.1,14.07,14.09,-0.01,-0.07%,0
"2024-03-07 14:44",14.09,14.14,14.09,14.14,0.05,+0.35%,0
"2024-03-07 14:45",14.14,14.15,14.12,14.12,-0.02,-0.14%,0
"2024-03-07 14:46",14.11,14.13,14.11,14.12,0,0.00%,0
"2024-03-07 14:47",14.11,14.14,14.11,14.11,-0.01,-0.07%,0
"2024-03-07 14:48",14.13,14.14,14.13,14.14,0.03,+0.21%,0
"2024-03-07 14:49",14.13,14.14,14.13,14.13,-0.01,-0.07%,0
"2024-03-07 14:50",14.11,14.13,14.11,14.13,0,0.00%,0
"2024-03-07 14:51",14.12,14.13,14.12,14.13,0,0.00%,0
"2024-03-07 14:52",14.13,14.15,14.13,14.14,0.01,+0.07%,0
"2024-03-07 14:53",14.13,14.13,14.11,14.11,-0.03,-0.21%,0
"2024-03-07 14:54",14.1,14.12,14.09,14.09,-0.02,-0.14%,0
"2024-03-07 14:55",14.09,14.1,14.09,14.09,0,0.00%,0
"2024-03-07 14:56",14.07,14.14,14.07,14.14,0.05,+0.35%,0
"2024-03-07 14:57",14.16,14.21,14.16,14.2,0.06,+0.42%,0
"2024-03-07 14:58",14.25,14.33,14.25,14.32,0.12,+0.85%,0
"2024-03-07 14:59",14.37,14.38,14.31,14.31,-0.01,-0.07%,0
"2024-03-07 15:00",14.29,14.75,14.29,14.75,0.44,+3.07%,0
"2024-03-07 15:01",14.55,14.55,14.33,14.33,-0.42,-2.85%,0
"2024-03-07 15:02",14.35,14.35,14.12,14.12,-0.21,-1.47%,0
"2024-03-07 15:03",14.03,14.16,14.03,14.04,-0.08,-0.57%,0
"2024-03-07 15:04",14.03,14.03,13.98,13.98,-0.06,-0.43%,0
"2024-03-07 15:05",13.96,13.99,13.96,13.99,0.01,+0.07%,0
"2024-03-07 15:06",14.01,14.03,14.01,14.02,0.03,+0.21%,0
"2024-03-07 15:07",14.06,14.13,14.06,14.12,0.1,+0.71%,0
"2024-03-07 15:08",14.12,14.34,14.12,14.34,0.22,+1.56%,0
"2024-03-07 15:09",14.16,14.2,14.13,14.2,-0.14,-0.98%,0
"2024-03-07 15:10",14.18,14.2,14.18,14.18,-0.02,-0.14%,0
"2024-03-07 15:11",14.17,14.2,14.16,14.2,0.02,+0.14%,0
"2024-03-07 15:12",14.18,14.2,14.15,14.15,-0.05,-0.35%,0
"2024-03-07 15:13",14.14,14.17,14.14,14.16,0.01,+0.07%,0
"2024-03-07 15:14",14.08,14.09,14.04,14.04,-0.12,-0.85%,0
"2024-03-07 15:15",14.03,14.03,13.98,13.98,-0.06,-0.43%,0
"2024-03-07 15:16",13.96,14.02,13.96,14,0.02,+0.14%,0
"2024-03-07 15:17",14,14.01,14,14,0,0.00%,0
"2024-03-07 15:18",13.99,14.05,13.99,14.01,0.01,+0.07%,0
"2024-03-07 15:19",14.02,14.04,14.01,14.01,0,0.00%,0
"2024-03-07 15:20",14.04,14.13,14.04,14.13,0.12,+0.86%,0
"2024-03-07 15:21",14.1,14.13,14.09,14.13,0,0.00%,0
"2024-03-07 15:22",14.12,14.14,14.12,14.13,0,0.00%,0
"2024-03-07 15:23",14.11,14.12,14.11,14.12,-0.01,-0.07%,0
"2024-03-07 15:24",14.15,14.17,14.12,14.12,0,0.00%,0
"2024-03-07 15:25",14.12,14.14,14.08,14.08,-0.04,-0.28%,0
"2024-03-07 15:26",14.07,14.09,14.07,14.08,0,0.00%,0
"2024-03-07 15:27",14.09,14.11,14.06,14.06,-0.02,-0.14%,0
"2024-03-07 15:28",14.03,14.07,14.03,14.06,0,0.00%,0
"2024-03-07 15:29",14.03,14.04,14,14.04,-0.02,-0.14%,0
"2024-03-07 15:30",14.04,14.04,14,14.02,-0.02,-0.14%,0
"2024-03-07 15:31",14.05,14.08,14.04,14.08,0.06,+0.43%,0
"2024-03-07 15:32",14.02,14.07,14.02,14.03,-0.05,-0.36%,0
"2024-03-07 15:33",14.04,14.13,14.04,14.13,0.1,+0.71%,0
"2024-03-07 15:34",14.18,14.24,14.18,14.24,0.11,+0.78%,0
"2024-03-07 15:35",14.23,14.23,14.21,14.21,-0.03,-0.21%,0
"2024-03-07 15:36",14.21,14.28,14.21,14.27,0.06,+0.42%,0
"2024-03-07 15:37",14.26,14.31,14.26,14.31,0.04,+0.28%,0
"2024-03-07 15:38",14.3,14.3,14.3,14.3,-0.01,-0.07%,0
"2024-03-07 15:39",14.31,14.34,14.31,14.32,0.02,+0.14%,0
"2024-03-07 15:40",14.34,14.35,14.34,14.34,0.02,+0.14%,0
"2024-03-07 15:41",14.34,14.37,14.34,14.36,0.02,+0.14%,0
"2024-03-07 15:42",14.38,14.39,14.38,14.39,0.03,+0.21%,0
"2024-03-07 15:43",14.39,14.4,14.36,14.36,-0.03,-0.21%,0
"2024-03-07 15:44",14.35,14.4,14.35,14.4,0.04,+0.28%,0
"2024-03-07 15:45",14.4,14.4,14.33,14.33,-0.07,-0.49%,0
"2024-03-07 15:46",14.36,14.36,14.31,14.32,-0.01,-0.07%,0
"2024-03-07 15:47",14.3,14.37,14.3,14.37,0.05,+0.35%,0
"2024-03-07 15:48",14.36,14.42,14.36,14.41,0.04,+0.28%,0
"2024-03-07 15:49",14.43,14.45,14.39,14.39,-0.02,-0.14%,0
"2024-03-07 15:50",14.42,14.42,14.34,14.34,-0.05,-0.35%,0
"2024-03-07 15:51",14.28,14.29,14.18,14.18,-0.16,-1.12%,0
"2024-03-07 15:52",14.14,14.16,14.12,14.16,-0.02,-0.14%,0
"2024-03-07 15:53",14.14,14.22,14.14,14.22,0.06,+0.42%,0
"2024-03-07 15:54",14.28,14.34,14.28,14.34,0.12,+0.84%,0
"2024-03-07 15:55",14.32,14.38,14.32,14.38,0.04,+0.28%,0
"2024-03-07 15:56",14.37,14.39,14.36,14.36,-0.02,-0.14%,0
"2024-03-07 15:57",14.39,14.66,14.39,14.66,0.3,+2.09%,0
"2024-03-07 15:58",14.67,14.69,14.6,14.6,-0.06,-0.41%,0
"2024-03-07 15:59",14.61,14.68,14.6,14.6,0,0.00%,0
"2024-03-07 16:00",14.45,14.53,14.45,14.51,-0.09,-0.62%,0
"2024-03-07 16:01",14.47,14.5,14.42,14.42,-0.09,-0.62%,0
"2024-03-07 16:02",14.42,14.42,14.37,14.37,-0.05,-0.35%,0
"2024-03-07 16:03",14.36,14.38,14.28,14.28,-0.09,-0.63%,0
"2024-03-07 16:04",14.27,14.31,14.27,14.31,0.03,+0.21%,0
"2024-03-07 16:05",14.33,14.41,14.33,14.41,0.1,+0.70%,0
"2024-03-07 16:06",14.4,14.42,14.35,14.35,-0.06,-0.42%,0
"2024-03-07 16:07",14.38,14.4,14.37,14.4,0.05,+0.35%,0
"2024-03-07 16:08",14.4,14.46,14.39,14.39,-0.01,-0.07%,0
"2024-03-07 16:09",14.38,14.4,14.38,14.4,0.01,+0.07%,0
"2024-03-07 16:10",14.42,14.46,14.41,14.46,0.06,+0.42%,0
"2024-03-07 16:11",14.46,14.47,14.46,14.46,0,0.00%,0
"2024-03-07 16:12",14.49,14.49,14.49,14.49,0.03,+0.21%,0
"2024-03-07 16:13",14.52,14.57,14.52,14.56,0.07,+0.48%,0
"2024-03-07 16:14",14.53,14.61,14.53,14.61,0.05,+0.34%,0
"2024-03-07 16:15",14.65,14.65,14.65,14.65,0.04,+0.27%,0
"2024-03-08 09:31",9.72,9.72,9.57,9.59,-5.06,-34.54%,0
"2024-03-08 09:32",9.51,9.58,9.43,9.58,-0.01,-0.10%,0
"2024-03-08 09:33",9.57,9.59,9.57,9.59,0.01,+0.10%,0
"2024-03-08 09:34",9.72,9.79,9.72,9.77,0.18,+1.88%,0
"2024-03-08 09:35",9.77,9.78,9.73,9.73,-0.04,-0.41%,0
"2024-03-08 09:36",9.75,9.81,9.75,9.81,0.08,+0.82%,0
"2024-03-08 09:37",9.79,9.9,9.79,9.9,0.09,+0.92%,0
"2024-03-08 09:38",9.91,9.91,9.88,9.91,0.01,+0.10%,0
"2024-03-08 09:39",9.88,9.92,9.87,9.92,0.01,+0.10%,0
"2024-03-08 09:40",9.92,9.92,9.9,9.91,-0.01,-0.10%,0
"2024-03-08 09:41",9.88,9.92,9.87,9.87,-0.04,-0.40%,0
"2024-03-08 09:42",9.85,9.85,9.81,9.81,-0.06,-0.61%,0
"2024-03-08 09:43",9.83,9.85,9.83,9.83,0.02,+0.20%,0
"2024-03-08 09:44",9.77,9.77,9.74,9.74,-0.09,-0.92%,0
"2024-03-08 09:45",9.74,9.74,9.65,9.65,-0.09,-0.92%,0
"2024-03-08 09:46",9.68,9.71,9.63,9.71,0.06,+0.62%,0
"2024-03-08 09:47",9.75,9.78,9.74,9.78,0.07,+0.72%,0
"2024-03-08 09:48",9.82,9.85,9.82,9.85,0.07,+0.72%,0
"2024-03-08 09:49",9.85,9.86,9.79,9.79,-0.06,-0.61%,0
"2024-03-08 09:50",9.81,9.81,9.79,9.81,0.02,+0.20%,0
"2024-03-08 09:51",9.8,9.8,9.7,9.7,-0.11,-1.12%,0
"2024-03-08 09:52",9.71,9.71,9.7,9.7,0,0.00%,0
"2024-03-08 09:53",9.73,9.79,9.73,9.79,0.09,+0.93%,0
"2024-03-08 09:54",9.81,9.81,9.78,9.78,-0.01,-0.10%,0
"2024-03-08 09:55",9.78,9.79,9.77,9.77,-0.01,-0.10%,0
"2024-03-08 09:56",9.77,9.78,9.77,9.78,0.01,+0.10%,0
"2024-03-08 09:57",9.78,9.78,9.77,9.77,-0.01,-0.10%,0
"2024-03-08 09:58",9.76,9.77,9.75,9.75,-0.02,-0.20%,0
"2024-03-08 09:59",9.75,9.75,9.72,9.72,-0.03,-0.31%,0
"2024-03-08 10:00",9.72,9.72,9.71,9.71,-0.01,-0.10%,0
"2024-03-08 10:01",9.71,9.74,9.71,9.72,0.01,+0.10%,0
"2024-03-08 10:02",9.73,9.77,9.73,9.77,0.05,+0.51%,0
"2024-03-08 10:03",9.8,9.81,9.8,9.8,0.03,+0.31%,0
"2024-03-08 10:04",9.8,9.82,9.8,9.82,0.02,+0.20%,0
"2024-03-08 10:05",9.82,9.82,9.75,9.75,-0.07,-0.71%,0
"2024-03-08 10:06",9.75,9.75,9.73,9.73,-0.02,-0.21%,0
"2024-03-08 10:07",9.78,9.84,9.78,9.79,0.06,+0.62%,0
"2024-03-08 10:08",9.77,9.81,9.77,9.77,-0.02,-0.20%,0
"2024-03-08 10:09",9.75,9.78,9.74,9.74,-0.03,-0.31%,0
"2024-03-08 10:10",9.74,9.76,9.74,9.76,0.02,+0.21%,0
"2024-03-08 10:11",9.73,9.74,9.65,9.65,-0.11,-1.13%,0
"2024-03-08 10:12",9.61,9.67,9.61,9.62,-0.03,-0.31%,0
"2024-03-08 10:13",9.61,9.63,9.6,9.6,-0.02,-0.21%,0
"2024-03-08 10:14",9.63,9.63,9.57,9.62,0.02,+0.21%,0
"2024-03-08 10:15",9.62,9.62,9.55,9.55,-0.07,-0.73%,0
"2024-03-08 10:16",9.54,9.56,9.54,9.54,-0.01,-0.10%,0
"2024-03-08 10:17",9.54,9.55,9.54,9.54,0,0.00%,0
"2024-03-08 10:18",9.52,9.55,9.52,9.55,0.01,+0.10%,0
"2024-03-08 10:19",9.55,9.57,9.55,9.56,0.01,+0.10%,0
"2024-03-08 10:20",9.54,9.54,9.51,9.54,-0.02,-0.21%,0
"2024-03-08 10:21",9.53,9.54,9.53,9.54,0,0.00%,0
"2024-03-08 10:22",9.55,9.57,9.54,9.54,0,0.00%,0
"2024-03-08 10:23",9.52,9.52,9.48,9.48,-0.06,-0.63%,0
"2024-03-08 10:24",9.46,9.47,9.45,9.45,-0.03,-0.32%,0
"2024-03-08 10:25",9.44,9.44,9.38,9.38,-0.07,-0.74%,0
"2024-03-08 10:26",9.39,9.41,9.39,9.4,0.02,+0.21%,0
"2024-03-08 10:27",9.4,9.41,9.4,9.41,0.01,+0.11%,0
"2024-03-08 10:28",9.4,9.41,9.39,9.4,-0.01,-0.11%,0
"2024-03-08 10:29",9.38,9.38,9.36,9.36,-0.04,-0.43%,0
"2024-03-08 10:30",9.35,9.41,9.35,9.41,0.05,+0.53%,0
"2024-03-08 10:31",9.4,9.44,9.4,9.44,0.03,+0.32%,0
"2024-03-08 10:32",9.42,9.44,9.42,9.43,-0.01,-0.11%,0
"2024-03-08 10:33",9.42,9.44,9.42,9.44,0.01,+0.11%,0
"2024-03-08 10:34",9.44,9.47,9.44,9.44,0,0.00%,0
"2024-03-08 10:35",9.42,9.45,9.42,9.42,-0.02,-0.21%,0
"2024-03-08 10:36",9.42,9.63,9.42,9.63,0.21,+2.23%,0
"2024-03-08 10:37",9.62,9.62,9.42,9.45,-0.18,-1.87%,0
"2024-03-08 10:38",9.52,9.55,9.52,9.53,0.08,+0.85%,0
"2024-03-08 10:39",9.5,9.58,9.5,9.58,0.05,+0.52%,0
"2024-03-08 10:40",9.52,9.52,9.48,9.49,-0.09,-0.94%,0
"2024-03-08 10:41",9.47,9.53,9.47,9.47,-0.02,-0.21%,0
"2024-03-08 10:42",9.46,9.48,9.45,9.48,0.01,+0.11%,0
"2024-03-08 10:43",9.49,9.49,9.49,9.49,0.01,+0.11%,0
"2024-03-08 10:44",9.47,9.48,9.47,9.47,-0.02,-0.21%,0
"2024-03-08 10:45",9.46,9.55,9.41,9.55,0.08,+0.84%,0
"2024-03-08 10:46",9.63,9.64,9.58,9.58,0.03,+0.31%,0
"2024-03-08 10:47",9.58,9.61,9.58,9.59,0.01,+0.10%,0
"2024-03-08 10:48",9.6,9.63,9.49,9.49,-0.1,-1.04%,0
"2024-03-08 10:49",9.5,9.62,9.5,9.58,0.09,+0.95%,0
"2024-03-08 10:50",9.52,9.59,9.52,9.59,0.01,+0.10%,0
"2024-03-08 10:51",9.59,9.59,9.57,9.57,-0.02,-0.21%,0
"2024-03-08 10:52",9.58,9.58,9.52,9.52,-0.05,-0.52%,0
"2024-03-08 10:53",9.54,9.55,9.54,9.55,0.03,+0.32%,0
"2024-03-08 10:54",9.5,9.52,9.5,9.51,-0.04,-0.42%,0
"2024-03-08 10:55",9.52,9.52,9.48,9.48,-0.03,-0.32%,0
"2024-03-08 10:56",9.5,9.52,9.5,9.52,0.04,+0.42%,0
"2024-03-08 10:57",9.55,9.57,9.55,9.57,0.05,+0.53%,0
"2024-03-08 10:58",9.57,9.57,9.54,9.54,-0.03,-0.31%,0
"2024-03-08 10:59",9.53,9.59,9.53,9.59,0.05,+0.52%,0
"2024-03-08 11:00",9.59,9.63,9.59,9.63,0.04,+0.42%,0
"2024-03-08 11:01",9.57,9.73,9.57,9.73,0.1,+1.04%,0
"2024-03-08 11:02",9.67,9.83,9.67,9.78,0.05,+0.51%,0
"2024-03-08 11:03",9.75,10.04,9.75,9.91,0.13,+1.33%,0
"2024-03-08 11:04",9.79,9.94,9.78,9.94,0.03,+0.30%,0
"2024-03-08 11:05",9.98,10.11,9.89,10.11,0.17,+1.71%,0
"2024-03-08 11:06",10.15,10.15,9.89,9.95,-0.16,-1.58%,0
"2024-03-08 11:07",9.91,9.91,9.9,9.91,-0.04,-0.40%,0
"2024-03-08 11:08",9.92,10.06,9.92,10.06,0.15,+1.51%,0
"2024-03-08 11:09",10.22,10.38,10.12,10.12,0.06,+0.60%,0
"2024-03-08 11:10",10.27,10.43,10.27,10.43,0.31,+3.06%,0
"2024-03-08 11:11",10.38,10.41,10.36,10.36,-0.07,-0.67%,0
"2024-03-08 11:12",10.36,10.36,10.3,10.32,-0.04,-0.39%,0
"2024-03-08 11:13",10.35,10.35,10.04,10.04,-0.28,-2.71%,0
"2024-03-08 11:14",10.08,10.16,10.07,10.07,0.03,+0.30%,0
"2024-03-08 11:15",10.07,10.17,10.07,10.17,0.1,+0.99%,0
"2024-03-08 11:16",10.22,10.26,10.21,10.26,0.09,+0.88%,0
"2024-03-08 11:17",10.3,10.41,10.3,10.39,0.13,+1.27%,0
"2024-03-08 11:18",10.51,10.61,10.43,10.61,0.22,+2.12%,0
"2024-03-08 11:19",10.55,10.55,10.35,10.48,-0.13,-1.23%,0
"2024-03-08 11:20",10.46,10.46,10.18,10.18,-0.3,-2.86%,0
"2024-03-08 11:21",10.3,10.42,10.27,10.27,0.09,+0.88%,0
"2024-03-08 11:22",10.31,10.42,10.31,10.39,0.12,+1.17%,0
"2024-03-08 11:23",10.38,10.56,10.38,10.53,0.14,+1.35%,0
"2024-03-08 11:24",10.57,10.7,10.57,10.7,0.17,+1.61%,0
"2024-03-08 11:25",10.66,10.66,10.55,10.55,-0.15,-1.40%,0
"2024-03-08 11:26",10.54,10.71,10.54,10.71,0.16,+1.52%,0
"2024-03-08 11:27",10.64,10.64,10.52,10.52,-0.19,-1.77%,0
"2024-03-08 11:28",10.54,10.89,10.54,10.89,0.37,+3.52%,0
"2024-03-08 11:29",10.8,10.93,10.8,10.93,0.04,+0.37%,0
"2024-03-08 11:30",10.86,10.86,10.63,10.63,-0.3,-2.74%,0
"2024-03-08 11:31",10.78,11.14,10.78,11.14,0.51,+4.80%,0
"2024-03-08 11:32",11.06,11.38,11.06,11.38,0.24,+2.15%,0
"2024-03-08 11:33",11.1,11.17,11.07,11.17,-0.21,-1.85%,0
"2024-03-08 11:34",11.1,11.1,10.92,10.92,-0.25,-2.24%,0
"2024-03-08 11:35",10.93,10.93,10.91,10.92,0,0.00%,0
"2024-03-08 11:36",10.93,11.07,10.93,10.97,0.05,+0.46%,0
"2024-03-08 11:37",10.96,10.96,10.82,10.82,-0.15,-1.37%,0
"2024-03-08 11:38",10.79,11.2,10.79,11.2,0.38,+3.51%,0
"2024-03-08 11:39",11.24,11.24,11.08,11.08,-0.12,-1.07%,0
"2024-03-08 11:40",11.02,11.09,10.96,11.09,0.01,+0.09%,0
"2024-03-08 11:41",11.23,11.23,11.16,11.23,0.14,+1.26%,0
"2024-03-08 11:42",11.22,11.24,11.21,11.24,0.01,+0.09%,0
"2024-03-08 11:43",11.26,11.38,11.26,11.29,0.05,+0.44%,0
"2024-03-08 11:44",11.26,11.26,11.21,11.21,-0.08,-0.71%,0
"2024-03-08 11:45",11.24,11.47,11.24,11.43,0.22,+1.96%,0
"2024-03-08 11:46",11.48,11.48,11.3,11.3,-0.13,-1.14%,0
"2024-03-08 11:47",11.51,11.56,11.51,11.53,0.23,+2.04%,0
"2024-03-08 11:48",11.62,11.83,11.62,11.78,0.25,+2.17%,0
"2024-03-08 11:49",11.41,11.61,11.41,11.61,-0.17,-1.44%,0
"2024-03-08 11:50",11.67,11.67,11.42,11.42,-0.19,-1.64%,0
"2024-03-08 11:51",11.45,11.51,11.45,11.47,0.05,+0.44%,0
"2024-03-08 11:52",11.45,11.53,11.45,11.53,0.06,+0.52%,0
"2024-03-08 11:53",11.64,11.83,11.64,11.83,0.3,+2.60%,0
"2024-03-08 11:54",11.91,11.91,11.83,11.91,0.08,+0.68%,0
"2024-03-08 11:55",11.87,11.88,11.75,11.88,-0.03,-0.25%,0
"2024-03-08 11:56",11.93,11.94,11.9,11.94,0.06,+0.51%,0
"2024-03-08 11:57",11.9,11.96,11.9,11.93,-0.01,-0.08%,0
"2024-03-08 11:58",11.95,12.06,11.95,12.02,0.09,+0.75%,0
"2024-03-08 11:59",12.02,12.08,12,12.08,0.06,+0.50%,0
"2024-03-08 12:00",12.1,12.36,12.09,12.09,0.01,+0.08%,0
"2024-03-08 12:01",11.99,12.02,11.85,12.02,-0.07,-0.58%,0
"2024-03-08 12:02",12.06,12.08,12.01,12.01,-0.01,-0.08%,0
"2024-03-08 12:03",12.03,12.11,11.99,12.11,0.1,+0.83%,0
"2024-03-08 12:04",12.07,12.07,11.89,11.89,-0.22,-1.82%,0
"2024-03-08 12:05",11.9,11.98,11.87,11.96,0.07,+0.59%,0
"2024-03-08 12:06",11.97,11.97,11.9,11.9,-0.06,-0.50%,0
"2024-03-08 12:07",11.87,11.87,11.73,11.79,-0.11,-0.92%,0
"2024-03-08 12:08",11.79,11.87,11.79,11.87,0.08,+0.68%,0
"2024-03-08 12:09",11.97,12.34,11.97,12.34,0.47,+3.96%,0
"2024-03-08 12:10",12.1,12.29,12.1,12.29,-0.05,-0.41%,0
"2024-03-08 12:11",12.25,12.25,11.99,12.04,-0.25,-2.03%,0
"2024-03-08 12:12",12.02,12.15,12.02,12.13,0.09,+0.75%,0
"2024-03-08 12:13",12.19,12.19,12.02,12.02,-0.11,-0.91%,0
"2024-03-08 12:14",12.05,12.15,12.05,12.15,0.13,+1.08%,0
"2024-03-08 12:15",12.18,12.18,12.16,12.17,0.02,+0.16%,0
"2024-03-08 12:16",12.21,12.32,12.19,12.19,0.02,+0.16%,0
"2024-03-08 12:17",12.13,12.14,12.13,12.13,-0.06,-0.49%,0
"2024-03-08 12:18",12.18,12.26,12.17,12.26,0.13,+1.07%,0
"2024-03-08 12:19",12.22,12.22,12.19,12.2,-0.06,-0.49%,0
"2024-03-08 12:20",12.24,12.25,12.14,12.14,-0.06,-0.49%,0
"2024-03-08 12:21",12.16,12.23,12.16,12.22,0.08,+0.66%,0
"2024-03-08 12:22",12.2,12.27,12.19,12.24,0.02,+0.16%,0
"2024-03-08 12:23",12.26,12.28,12.25,12.25,0.01,+0.08%,0
"2024-03-08 12:24",12.25,12.27,12.23,12.27,0.02,+0.16%,0
"2024-03-08 12:25",12.27,12.27,12.14,12.14,-0.13,-1.06%,0
"2024-03-08 12:26",12.09,12.09,11.93,11.93,-0.21,-1.73%,0
"2024-03-08 12:27",11.93,11.96,11.89,11.96,0.03,+0.25%,0
"2024-03-08 12:28",11.91,11.91,11.89,11.9,-0.06,-0.50%,0
"2024-03-08 12:29",11.97,11.97,11.89,11.89,-0.01,-0.08%,0
"2024-03-08 12:30",11.85,11.9,11.85,11.9,0.01,+0.08%,0
"2024-03-08 12:31",11.89,11.93,11.85,11.93,0.03,+0.25%,0
"2024-03-08 12:32",11.88,11.88,11.85,11.86,-0.07,-0.59%,0
"2024-03-08 12:33",11.89,11.89,11.79,11.79,-0.07,-0.59%,0
"2024-03-08 12:34",11.77,11.8,11.77,11.79,0,0.00%,0
"2024-03-08 12:35",11.77,11.91,11.77,11.86,0.07,+0.59%,0
"2024-03-08 12:36",11.83,11.87,11.8,11.8,-0.06,-0.51%,0
"2024-03-08 12:37",11.79,11.9,11.79,11.85,0.05,+0.42%,0
"2024-03-08 12:38",11.79,11.79,11.71,11.72,-0.13,-1.10%,0
"2024-03-08 12:39",11.7,11.71,11.68,11.7,-0.02,-0.17%,0
"2024-03-08 12:40",11.67,11.68,11.61,11.66,-0.04,-0.34%,0
"2024-03-08 12:41",11.7,11.72,11.65,11.65,-0.01,-0.09%,0
"2024-03-08 12:42",11.68,11.69,11.68,11.69,0.04,+0.34%,0
"2024-03-08 12:43",11.66,11.74,11.66,11.74,0.05,+0.43%,0
"2024-03-08 12:44",11.8,11.89,11.8,11.86,0.12,+1.02%,0
"2024-03-08 12:45",11.79,12.01,11.79,12.01,0.15,+1.26%,0
"2024-03-08 12:46",11.98,12.08,11.98,12.07,0.06,+0.50%,0
"2024-03-08 12:47",12.09,12.09,11.92,12.04,-0.03,-0.25%,0
"2024-03-08 12:48",12.13,12.13,12.06,12.1,0.06,+0.50%,0
"2024-03-08 12:49",12.11,12.2,12.11,12.2,0.1,+0.83%,0
"2024-03-08 12:50",12.37,12.59,12.37,12.59,0.39,+3.20%,0
"2024-03-08 12:51",12.66,12.75,12.39,12.75,0.16,+1.27%,0
"2024-03-08 12:52",12.95,13.36,12.95,13.17,0.42,+3.29%,0
"2024-03-08 12:53",13.13,13.79,13.13,13.79,0.62,+4.71%,0
"2024-03-08 12:54",13.82,13.82,13.53,13.59,-0.2,-1.45%,0
"2024-03-08 12:55",13.73,13.81,13.69,13.69,0.1,+0.74%,0
"2024-03-08 12:56",13.68,13.68,13.56,13.58,-0.11,-0.80%,0
"2024-03-08 12:57",13.68,13.71,13.57,13.57,-0.01,-0.07%,0
"2024-03-08 12:58",13.6,13.67,13.59,13.67,0.1,+0.74%,0
"2024-03-08 12:59",13.71,13.79,13.41,13.41,-0.26,-1.90%,0
"2024-03-08 13:00",13.31,13.43,13.31,13.43,0.02,+0.15%,0
"2024-03-08 13:01",13.6,13.68,13.44,13.51,0.08,+0.60%,0
"2024-03-08 13:02",13.43,13.45,13.13,13.13,-0.38,-2.81%,0
"2024-03-08 13:03",13.04,13.27,13.04,13.19,0.06,+0.46%,0
"2024-03-08 13:04",13.22,13.22,13.19,13.22,0.03,+0.23%,0
"2024-03-08 13:05",13.09,13.27,13.09,13.27,0.05,+0.38%,0
"2024-03-08 13:06",13.3,13.33,13.26,13.26,-0.01,-0.08%,0
"2024-03-08 13:07",13.21,13.25,13.21,13.21,-0.05,-0.38%,0
"2024-03-08 13:08",13.23,13.24,13.1,13.1,-0.11,-0.83%,0
"2024-03-08 13:09",12.93,12.93,12.55,12.57,-0.53,-4.05%,0
"2024-03-08 13:10",12.59,12.63,12.59,12.63,0.06,+0.48%,0
"2024-03-08 13:11",12.63,12.65,12.63,12.64,0.01,+0.08%,0
"2024-03-08 13:12",12.62,12.7,12.62,12.65,0.01,+0.08%,0
"2024-03-08 13:13",12.69,12.75,12.66,12.74,0.09,+0.71%,0
"2024-03-08 13:14",12.78,13,12.78,13,0.26,+2.04%,0
"2024-03-08 13:15",13.07,13.1,13.07,13.1,0.1,+0.77%,0
"2024-03-08 13:16",12.99,13.01,12.94,12.94,-0.16,-1.22%,0
"2024-03-08 13:17",12.98,12.98,12.96,12.96,0.02,+0.15%,0
"2024-03-08 13:18",12.99,13.09,12.99,13,0.04,+0.31%,0
"2024-03-08 13:19",12.91,12.96,12.91,12.96,-0.04,-0.31%,0
"2024-03-08 13:20",13,13,12.97,13,0.04,+0.31%,0
"2024-03-08 13:21",13.06,13.12,13.05,13.12,0.12,+0.92%,0
"2024-03-08 13:22",13.12,13.21,13.08,13.12,0,0.00%,0
"2024-03-08 13:23",13.13,13.19,13.1,13.1,-0.02,-0.15%,0
"2024-03-08 13:24",13.15,13.25,13.15,13.25,0.15,+1.15%,0
"2024-03-08 13:25",13.28,13.3,13.19,13.19,-0.06,-0.45%,0
"2024-03-08 13:26",13.23,13.23,13.17,13.21,0.02,+0.15%,0
"2024-03-08 13:27",13.22,13.24,13.17,13.24,0.03,+0.23%,0
"2024-03-08 13:28",13.3,13.32,13.28,13.28,0.04,+0.30%,0
"2024-03-08 13:29",13.29,13.29,13.27,13.29,0.01,+0.08%,0
"2024-03-08 13:30",13.26,13.39,13.26,13.36,0.07,+0.53%,0
"2024-03-08 13:31",13.23,13.28,13.23,13.28,-0.08,-0.60%,0
"2024-03-08 13:32",13.35,13.44,13.35,13.42,0.14,+1.05%,0
"2024-03-08 13:33",13.43,13.43,13.38,13.38,-0.04,-0.30%,0
"2024-03-08 13:34",13.37,13.47,13.37,13.43,0.05,+0.37%,0
"2024-03-08 13:35",13.52,13.57,13.45,13.49,0.06,+0.45%,0
"2024-03-08 13:36",13.49,13.66,13.49,13.66,0.17,+1.26%,0
"2024-03-08 13:37",13.72,13.72,13.58,13.58,-0.08,-0.59%,0
"2024-03-08 13:38",13.54,13.54,13.42,13.44,-0.14,-1.03%,0
"2024-03-08 13:39",13.47,13.47,13.35,13.37,-0.07,-0.52%,0
"2024-03-08 13:40",13.44,13.57,13.44,13.54,0.17,+1.27%,0
"2024-03-08 13:41",13.53,13.62,13.53,13.61,0.07,+0.52%,0
"2024-03-08 13:42",13.61,13.7,13.61,13.63,0.02,+0.15%,0
"2024-03-08 13:43",13.62,13.65,13.62,13.65,0.02,+0.15%,0
"2024-03-08 13:44",13.64,13.64,13.54,13.54,-0.11,-0.81%,0
"2024-03-08 13:45",13.54,13.54,13.44,13.44,-0.1,-0.74%,0
"2024-03-08 13:46",13.44,13.48,13.44,13.48,0.04,+0.30%,0
"2024-03-08 13:47",13.48,13.48,13.37,13.37,-0.11,-0.82%,0
"2024-03-08 13:48",13.38,13.42,13.38,13.39,0.02,+0.15%,0
"2024-03-08 13:49",13.42,13.45,13.42,13.45,0.06,+0.45%,0
"2024-03-08 13:50",13.45,13.47,13.45,13.45,0,0.00%,0
"2024-03-08 13:51",13.42,13.42,13.34,13.34,-0.11,-0.82%,0
"2024-03-08 13:52",13.39,13.4,13.38,13.4,0.06,+0.45%,0
"2024-03-08 13:53",13.38,13.45,13.38,13.45,0.05,+0.37%,0
"2024-03-08 13:54",13.47,13.49,13.45,13.45,0,0.00%,0
"2024-03-08 13:55",13.4,13.43,13.4,13.4,-0.05,-0.37%,0
"2024-03-08 13:56",13.43,13.43,13.41,13.43,0.03,+0.22%,0
"2024-03-08 13:57",13.41,13.41,13.3,13.3,-0.13,-0.97%,0
"2024-03-08 13:58",13.31,13.37,13.31,13.36,0.06,+0.45%,0
"2024-03-08 13:59",13.29,13.29,13.25,13.26,-0.1,-0.75%,0
"2024-03-08 14:00",13.24,13.24,13.11,13.11,-0.15,-1.13%,0
"2024-03-08 14:01",13.07,13.07,12.88,12.88,-0.23,-1.75%,0
"2024-03-08 14:02",12.85,12.86,12.83,12.83,-0.05,-0.39%,0
"2024-03-08 14:03",12.8,12.82,12.68,12.68,-0.15,-1.17%,0
"2024-03-08 14:04",12.64,12.69,12.64,12.66,-0.02,-0.16%,0
"2024-03-08 14:05",12.61,12.62,12.61,12.61,-0.05,-0.39%,0
"2024-03-08 14:06",12.63,12.67,12.63,12.65,0.04,+0.32%,0
"2024-03-08 14:07",12.67,12.69,12.64,12.64,-0.01,-0.08%,0
"2024-03-08 14:08",12.65,12.69,12.65,12.65,0.01,+0.08%,0
"2024-03-08 14:09",12.64,12.67,12.62,12.63,-0.02,-0.16%,0
"2024-03-08 14:10",12.64,12.64,12.61,12.61,-0.02,-0.16%,0
"2024-03-08 14:11",12.57,12.61,12.57,12.61,0,0.00%,0
"2024-03-08 14:12",12.61,12.66,12.61,12.66,0.05,+0.40%,0
"2024-03-08 14:13",12.67,12.67,12.62,12.64,-0.02,-0.16%,0
"2024-03-08 14:14",12.63,12.65,12.63,12.65,0.01,+0.08%,0
"2024-03-08 14:15",12.63,12.63,12.51,12.52,-0.13,-1.03%,0
"2024-03-08 14:16",12.49,12.52,12.49,12.51,-0.01,-0.08%,0
"2024-03-08 14:17",12.52,12.54,12.51,12.51,0,0.00%,0
"2024-03-08 14:18",12.51,12.51,12.38,12.38,-0.13,-1.04%,0
"2024-03-08 14:19",12.38,12.38,12.36,12.38,0,0.00%,0
"2024-03-08 14:20",12.34,12.39,12.34,12.38,0,0.00%,0
"2024-03-08 14:21",12.32,12.32,12.2,12.2,-0.18,-1.45%,0
"2024-03-08 14:22",12.23,12.25,12.23,12.25,0.05,+0.41%,0
"2024-03-08 14:23",12.18,12.19,12.15,12.15,-0.1,-0.82%,0
"2024-03-08 14:24",12.15,12.19,12.13,12.13,-0.02,-0.16%,0
"2024-03-08 14:25",12.09,12.12,12.07,12.12,-0.01,-0.08%,0
"2024-03-08 14:26",12.16,12.16,12.1,12.1,-0.02,-0.17%,0
"2024-03-08 14:27",12.1,12.11,12.07,12.07,-0.03,-0.25%,0
"2024-03-08 14:28",12.06,12.08,12.06,12.06,-0.01,-0.08%,0
"2024-03-08 14:29",12.07,12.07,12.04,12.06,0,0.00%,0
"2024-03-08 14:30",12.06,12.06,12.04,12.06,0,0.00%,0
"2024-03-08 14:31",12.06,12.06,12.02,12.02,-0.04,-0.33%,0
"2024-03-08 14:32",11.99,12,11.97,12,-0.02,-0.17%,0
"2024-03-08 14:33",12.01,12.02,11.98,11.98,-0.02,-0.17%,0
"2024-03-08 14:34",11.92,11.94,11.92,11.94,-0.04,-0.33%,0
"2024-03-08 14:35",11.92,11.92,11.84,11.84,-0.1,-0.84%,0
"2024-03-08 14:36",11.85,11.85,11.81,11.82,-0.02,-0.17%,0
"2024-03-08 14:37",11.82,11.82,11.75,11.75,-0.07,-0.59%,0
"2024-03-08 14:38",11.73,11.73,11.66,11.66,-0.09,-0.77%,0
"2024-03-08 14:39",11.68,11.72,11.68,11.72,0.06,+0.51%,0
"2024-03-08 14:40",11.76,11.76,11.73,11.75,0.03,+0.26%,0
"2024-03-08 14:41",11.72,11.75,11.72,11.75,0,0.00%,0
"2024-03-08 14:42",11.76,11.76,11.68,11.68,-0.07,-0.60%,0
"2024-03-08 14:43",11.7,11.72,11.67,11.71,0.03,+0.26%,0
"2024-03-08 14:44",11.66,11.66,11.59,11.6,-0.11,-0.94%,0
"2024-03-08 14:45",11.56,11.56,11.5,11.5,-0.1,-0.86%,0
"2024-03-08 14:46",11.52,11.55,11.51,11.55,0.05,+0.43%,0
"2024-03-08 14:47",11.54,11.55,11.52,11.55,0,0.00%,0
"2024-03-08 14:48",11.53,11.58,11.53,11.58,0.03,+0.26%,0
"2024-03-08 14:49",11.6,11.6,11.57,11.57,-0.01,-0.09%,0
"2024-03-08 14:50",11.53,11.53,11.5,11.51,-0.06,-0.52%,0
"2024-03-08 14:51",11.48,11.48,11.41,11.43,-0.08,-0.70%,0
"2024-03-08 14:52",11.44,11.45,11.4,11.4,-0.03,-0.26%,0
"2024-03-08 14:53",11.46,11.48,11.45,11.45,0.05,+0.44%,0
"2024-03-08 14:54",11.46,11.67,11.46,11.67,0.22,+1.92%,0
"2024-03-08 14:55",11.75,11.75,11.67,11.68,0.01,+0.09%,0
"2024-03-08 14:56",11.68,11.74,11.68,11.74,0.06,+0.51%,0
"2024-03-08 14:57",11.72,11.83,11.72,11.83,0.09,+0.77%,0
"2024-03-08 14:58",11.84,11.9,11.81,11.83,0,0.00%,0
"2024-03-08 14:59",11.77,11.77,11.65,11.66,-0.17,-1.44%,0
"2024-03-08 15:00",11.69,11.69,11.59,11.59,-0.07,-0.60%,0
"2024-03-08 15:01",11.58,11.69,11.58,11.66,0.07,+0.60%,0
"2024-03-08 15:02",11.65,11.66,11.63,11.63,-0.03,-0.26%,0
"2024-03-08 15:03",11.57,11.57,11.5,11.5,-0.13,-1.12%,0
"2024-03-08 15:04",11.49,11.51,11.49,11.49,-0.01,-0.09%,0
"2024-03-08 15:05",11.52,11.75,11.52,11.68,0.19,+1.65%,0
"2024-03-08 15:06",11.71,11.92,11.71,11.92,0.24,+2.05%,0
"2024-03-08 15:07",11.95,11.95,11.84,11.85,-0.07,-0.59%,0
"2024-03-08 15:08",11.86,11.99,11.86,11.89,0.04,+0.34%,0
"2024-03-08 15:09",11.81,11.88,11.81,11.87,-0.02,-0.17%,0
"2024-03-08 15:10",11.98,12.8,11.98,12.8,0.93,+7.83%,0
"2024-03-08 15:11",12.53,12.53,12.08,12.11,-0.69,-5.39%,0
"2024-03-08 15:12",12.18,12.26,12.18,12.21,0.1,+0.83%,0
"2024-03-08 15:13",12.15,12.34,12.12,12.34,0.13,+1.06%,0
"2024-03-08 15:14",12.35,12.35,12.3,12.33,-0.01,-0.08%,0
"2024-03-08 15:15",12.33,12.33,12.15,12.15,-0.18,-1.46%,0
"2024-03-08 15:16",12.19,12.31,12.19,12.31,0.16,+1.32%,0
"2024-03-08 15:17",12.26,12.26,12.21,12.24,-0.07,-0.57%,0
"2024-03-08 15:18",12.33,12.34,12.29,12.34,0.1,+0.82%,0
"2024-03-08 15:19",12.32,12.32,12.31,12.31,-0.03,-0.24%,0
"2024-03-08 15:20",12.35,12.47,12.35,12.36,0.05,+0.41%,0
"2024-03-08 15:21",12.29,12.29,12.13,12.16,-0.2,-1.62%,0
"2024-03-08 15:22",12.18,12.32,12.18,12.32,0.16,+1.32%,0
"2024-03-08 15:23",12.28,12.29,12.26,12.29,-0.03,-0.24%,0
"2024-03-08 15:24",12.33,12.33,12.2,12.2,-0.09,-0.73%,0
"2024-03-08 15:25",12.26,12.26,12.16,12.26,0.06,+0.49%,0
"2024-03-08 15:26",12.25,12.32,12.18,12.18,-0.08,-0.65%,0
"2024-03-08 15:27",12.19,12.26,12.19,12.26,0.08,+0.66%,0
"2024-03-08 15:28",12.26,12.7,12.26,12.7,0.44,+3.59%,0
"2024-03-08 15:29",12.8,13.04,12.8,13.04,0.34,+2.68%,0
"2024-03-08 15:30",13.01,13.01,12.84,12.84,-0.2,-1.53%,0
"2024-03-08 15:31",12.75,12.79,12.75,12.78,-0.06,-0.47%,0
"2024-03-08 15:32",12.73,12.83,12.73,12.73,-0.05,-0.39%,0
"2024-03-08 15:33",12.7,12.7,12.47,12.53,-0.2,-1.57%,0
"2024-03-08 15:34",12.51,12.56,12.51,12.53,0,0.00%,0
"2024-03-08 15:35",12.59,12.62,12.57,12.62,0.09,+0.72%,0
"2024-03-08 15:36",12.67,12.85,12.67,12.81,0.19,+1.51%,0
"2024-03-08 15:37",12.8,12.8,12.66,12.69,-0.12,-0.94%,0
"2024-03-08 15:38",12.62,12.75,12.62,12.67,-0.02,-0.16%,0
"2024-03-08 15:39",12.72,12.94,12.72,12.94,0.27,+2.13%,0
"2024-03-08 15:40",13.01,13.01,12.81,12.81,-0.13,-1.00%,0
"2024-03-08 15:41",12.76,12.89,12.76,12.89,0.08,+0.62%,0
"2024-03-08 15:42",12.92,13,12.92,13,0.11,+0.85%,0
"2024-03-08 15:43",12.97,13.03,12.89,12.89,-0.11,-0.85%,0
"2024-03-08 15:44",12.89,12.96,12.89,12.96,0.07,+0.54%,0
"2024-03-08 15:45",13.02,13.02,12.78,12.78,-0.18,-1.39%,0
"2024-03-08 15:46",12.74,12.74,12.66,12.68,-0.1,-0.78%,0
"2024-03-08 15:47",12.62,12.62,12.52,12.61,-0.07,-0.55%,0
"2024-03-08 15:48",12.52,12.6,12.52,12.56,-0.05,-0.40%,0
"2024-03-08 15:49",12.6,12.6,12.46,12.46,-0.1,-0.80%,0
"2024-03-08 15:50",12.47,12.54,12.46,12.47,0.01,+0.08%,0
"2024-03-08 15:51",12.44,12.45,12.29,12.29,-0.18,-1.44%,0
"2024-03-08 15:52",12.26,12.26,12.07,12.2,-0.09,-0.73%,0
"2024-03-08 15:53",12.21,12.23,12.21,12.23,0.03,+0.25%,0
"2024-03-08 15:54",12.22,12.22,12.11,12.14,-0.09,-0.74%,0
"2024-03-08 15:55",12.11,12.28,12.11,12.28,0.14,+1.15%,0
"2024-03-08 15:56",12.18,12.18,12.13,12.15,-0.13,-1.06%,0
"2024-03-08 15:57",12.17,12.35,12.17,12.35,0.2,+1.65%,0
"2024-03-08 15:58",12.33,12.33,12.26,12.26,-0.09,-0.73%,0
"2024-03-08 15:59",12.28,12.3,12.16,12.16,-0.1,-0.82%,0
"2024-03-08 16:00",11.97,12.11,11.97,12.04,-0.12,-0.99%,0
"2024-03-08 16:01",11.93,11.99,11.77,11.77,-0.27,-2.24%,0
"2024-03-08 16:02",11.78,11.78,11.74,11.75,-0.02,-0.17%,0
"2024-03-08 16:03",11.76,11.82,11.75,11.82,0.07,+0.60%,0
"2024-03-08 16:04",11.81,11.81,11.78,11.78,-0.04,-0.34%,0
"2024-03-08 16:05",11.84,11.99,11.84,11.99,0.21,+1.78%,0
"2024-03-08 16:06",12.03,12.1,12.03,12.1,0.11,+0.92%,0
"2024-03-08 16:07",12.15,12.22,12.15,12.2,0.1,+0.83%,0
"2024-03-08 16:08",12.19,12.23,12.19,12.19,-0.01,-0.08%,0
"2024-03-08 16:09",12.17,12.19,12.16,12.16,-0.03,-0.25%,0
"2024-03-08 16:10",12.17,12.22,12.17,12.22,0.06,+0.49%,0
"2024-03-08 16:11",12.23,12.27,12.23,12.27,0.05,+0.41%,0
"2024-03-08 16:12",12.25,12.35,12.2,12.35,0.08,+0.65%,0
"2024-03-08 16:13",12.5,12.5,12.35,12.35,0,0.00%,0
"2024-03-08 16:14",12.4,12.56,12.4,12.56,0.21,+1.70%,0
"2024-03-08 16:15",12.51,12.51,12.51,12.51,-0.05,-0.40%,0
"2024-03-11 09:31",10.13,10.13,10.03,10.03,-2.48,-19.82%,0
"2024-03-11 09:32",10.13,10.29,10.13,10.29,0.26,+2.59%,0
"2024-03-11 09:33",10.26,10.27,10.21,10.22,-0.07,-0.68%,0
"2024-03-11 09:34",10.28,10.33,10.22,10.33,0.11,+1.08%,0
"2024-03-11 09:35",10.37,10.37,10.28,10.28,-0.05,-0.48%,0
"2024-03-11 09:36",10.28,10.28,10.22,10.22,-0.06,-0.58%,0
"2024-03-11 09:37",10.17,10.2,10.12,10.12,-0.1,-0.98%,0
"2024-03-11 09:38",10.14,10.15,10.13,10.15,0.03,+0.30%,0
"2024-03-11 09:39",10.18,10.28,10.18,10.27,0.12,+1.18%,0
"2024-03-11 09:40",10.29,10.35,10.27,10.29,0.02,+0.19%,0
"2024-03-11 09:41",10.34,10.34,10.24,10.24,-0.05,-0.49%,0
"2024-03-11 09:42",10.3,10.33,10.26,10.33,0.09,+0.88%,0
"2024-03-11 09:43",10.26,10.36,10.26,10.36,0.03,+0.29%,0
"2024-03-11 09:44",10.33,10.34,10.32,10.34,-0.02,-0.19%,0
"2024-03-11 09:45",10.32,10.33,10.26,10.26,-0.08,-0.77%,0
"2024-03-11 09:46",10.21,10.28,10.2,10.21,-0.05,-0.49%,0
"2024-03-11 09:47",10.3,10.37,10.3,10.3,0.09,+0.88%,0
"2024-03-11 09:48",10.36,10.39,10.32,10.39,0.09,+0.87%,0
"2024-03-11 09:49",10.4,10.42,10.39,10.42,0.03,+0.29%,0
"2024-03-11 09:50",10.41,10.41,10.28,10.28,-0.14,-1.34%,0
"2024-03-11 09:51",10.33,10.4,10.33,10.4,0.12,+1.17%,0
"2024-03-11 09:52",10.53,10.73,10.53,10.73,0.33,+3.17%,0
"2024-03-11 09:53",10.5,10.71,10.5,10.66,-0.07,-0.65%,0
"2024-03-11 09:54",10.66,10.76,10.66,10.76,0.1,+0.94%,0
"2024-03-11 09:55",10.88,10.88,10.8,10.81,0.05,+0.46%,0
"2024-03-11 09:56",10.91,10.91,10.75,10.81,0,0.00%,0
"2024-03-11 09:57",10.8,10.82,10.8,10.81,0,0.00%,0
"2024-03-11 09:58",10.78,10.92,10.78,10.92,0.11,+1.02%,0
"2024-03-11 09:59",10.89,11.31,10.89,10.99,0.07,+0.64%,0
"2024-03-11 10:00",11,11,10.94,10.95,-0.04,-0.36%,0
"2024-03-11 10:01",10.98,11.11,10.98,11.11,0.16,+1.46%,0
"2024-03-11 10:02",11.11,11.42,11.11,11.42,0.31,+2.79%,0
"2024-03-11 10:03",11.5,11.5,11.19,11.29,-0.13,-1.14%,0
"2024-03-11 10:04",11.33,11.44,11.33,11.33,0.04,+0.35%,0
"2024-03-11 10:05",11.27,11.29,11.23,11.29,-0.04,-0.35%,0
"2024-03-11 10:06",11.34,11.4,11.34,11.36,0.07,+0.62%,0
"2024-03-11 10:07",11.36,11.72,11.36,11.61,0.25,+2.20%,0
"2024-03-11 10:08",11.48,11.5,11.44,11.44,-0.17,-1.46%,0
"2024-03-11 10:09",11.28,11.47,11.28,11.47,0.03,+0.26%,0
"2024-03-11 10:10",11.47,11.47,11.43,11.43,-0.04,-0.35%,0
"2024-03-11 10:11",11.43,11.59,11.43,11.57,0.14,+1.22%,0
"2024-03-11 10:12",11.6,11.6,11.57,11.57,0,0.00%,0
"2024-03-11 10:13",11.6,11.69,11.6,11.69,0.12,+1.04%,0
"2024-03-11 10:14",11.69,11.69,11.66,11.67,-0.02,-0.17%,0
"2024-03-11 10:15",11.66,11.66,11.59,11.59,-0.08,-0.69%,0
"2024-03-11 10:16",11.55,11.55,11.44,11.44,-0.15,-1.29%,0
"2024-03-11 10:17",11.43,11.48,11.39,11.39,-0.05,-0.44%,0
"2024-03-11 10:18",11.33,11.46,11.31,11.46,0.07,+0.61%,0
"2024-03-11 10:19",11.42,11.42,11.33,11.33,-0.13,-1.13%,0
"2024-03-11 10:20",11.24,11.25,11.21,11.23,-0.1,-0.88%,0
"2024-03-11 10:21",11.37,11.59,11.37,11.59,0.36,+3.21%,0
"2024-03-11 10:22",11.65,11.65,11.58,11.58,-0.01,-0.09%,0
"2024-03-11 10:23",11.59,11.75,11.58,11.75,0.17,+1.47%,0
"2024-03-11 10:24",11.69,11.73,11.67,11.67,-0.08,-0.68%,0
"2024-03-11 10:25",11.7,11.7,11.64,11.65,-0.02,-0.17%,0
"2024-03-11 10:26",11.65,11.73,11.65,11.73,0.08,+0.69%,0
"2024-03-11 10:27",11.68,11.69,11.62,11.66,-0.07,-0.60%,0
"2024-03-11 10:28",11.69,11.78,11.69,11.78,0.12,+1.03%,0
"2024-03-11 10:29",11.74,11.74,11.61,11.61,-0.17,-1.44%,0
"2024-03-11 10:30",11.62,11.62,11.45,11.45,-0.16,-1.38%,0
"2024-03-11 10:31",11.47,11.58,11.47,11.51,0.06,+0.52%,0
"2024-03-11 10:32",11.51,11.55,11.5,11.5,-0.01,-0.09%,0
"2024-03-11 10:33",11.42,11.49,11.42,11.45,-0.05,-0.43%,0
"2024-03-11 10:34",11.47,11.54,11.46,11.46,0.01,+0.09%,0
"2024-03-11 10:35",11.46,11.56,11.46,11.53,0.07,+0.61%,0
"2024-03-11 10:36",11.61,11.61,11.49,11.49,-0.04,-0.35%,0
"2024-03-11 10:37",11.53,11.64,11.53,11.64,0.15,+1.31%,0
"2024-03-11 10:38",11.67,11.83,11.67,11.83,0.19,+1.63%,0
"2024-03-11 10:39",11.78,11.88,11.78,11.87,0.04,+0.34%,0
"2024-03-11 10:40",11.89,11.91,11.84,11.84,-0.03,-0.25%,0
"2024-03-11 10:41",11.81,11.89,11.78,11.78,-0.06,-0.51%,0
"2024-03-11 10:42",11.79,11.83,11.79,11.83,0.05,+0.42%,0
"2024-03-11 10:43",11.84,11.87,11.83,11.87,0.04,+0.34%,0
"2024-03-11 10:44",11.86,11.9,11.86,11.9,0.03,+0.25%,0
"2024-03-11 10:45",11.9,11.97,11.89,11.93,0.03,+0.25%,0
"2024-03-11 10:46",11.84,11.97,11.84,11.95,0.02,+0.17%,0
"2024-03-11 10:47",11.95,11.98,11.95,11.96,0.01,+0.08%,0
"2024-03-11 10:48",11.94,12,11.94,11.98,0.02,+0.17%,0
"2024-03-11 10:49",11.98,12.01,11.98,12,0.02,+0.17%,0
"2024-03-11 10:50",11.94,11.96,11.93,11.96,-0.04,-0.33%,0
"2024-03-11 10:51",11.93,12.01,11.93,12.01,0.05,+0.42%,0
"2024-03-11 10:52",11.93,11.98,11.93,11.98,-0.03,-0.25%,0
"2024-03-11 10:53",11.99,12.06,11.99,12.03,0.05,+0.42%,0
"2024-03-11 10:54",11.99,12.06,11.92,12.06,0.03,+0.25%,0
"2024-03-11 10:55",12.09,12.13,12.04,12.1,0.04,+0.33%,0
"2024-03-11 10:56",12.04,12.12,12.04,12.12,0.02,+0.17%,0
"2024-03-11 10:57",12.07,12.12,12.07,12.07,-0.05,-0.41%,0
"2024-03-11 10:58",12.08,12.1,12.07,12.08,0.01,+0.08%,0
"2024-03-11 10:59",12.07,12.12,12.07,12.12,0.04,+0.33%,0
"2024-03-11 11:00",12.08,12.15,12.08,12.11,-0.01,-0.08%,0
"2024-03-11 11:01",12.11,12.18,12.11,12.18,0.07,+0.58%,0
"2024-03-11 11:02",12.19,12.22,12.19,12.19,0.01,+0.08%,0
"2024-03-11 11:03",12.19,12.23,12.19,12.23,0.04,+0.33%,0
"2024-03-11 11:04",12.2,12.2,12.16,12.18,-0.05,-0.41%,0
"2024-03-11 11:05",12.19,12.25,12.19,12.23,0.05,+0.41%,0
"2024-03-11 11:06",12.24,12.28,12.24,12.27,0.04,+0.33%,0
"2024-03-11 11:07",12.27,12.35,12.27,12.35,0.08,+0.65%,0
"2024-03-11 11:08",12.37,12.4,12.37,12.39,0.04,+0.32%,0
"2024-03-11 11:09",12.35,12.37,12.33,12.33,-0.06,-0.48%,0
"2024-03-11 11:10",12.36,12.43,12.31,12.31,-0.02,-0.16%,0
"2024-03-11 11:11",12.37,12.47,12.37,12.43,0.12,+0.97%,0
"2024-03-11 11:12",12.7,12.78,12.46,12.46,0.03,+0.24%,0
"2024-03-11 11:13",12.57,12.79,12.57,12.61,0.15,+1.20%,0
"2024-03-11 11:14",12.54,12.56,12.51,12.51,-0.1,-0.79%,0
"2024-03-11 11:15",12.57,12.62,12.57,12.59,0.08,+0.64%,0
"2024-03-11 11:16",12.56,12.61,12.56,12.6,0.01,+0.08%,0
"2024-03-11 11:17",12.6,12.62,12.51,12.51,-0.09,-0.71%,0
"2024-03-11 11:18",12.51,12.58,12.51,12.56,0.05,+0.40%,0
"2024-03-11 11:19",12.56,12.57,12.56,12.57,0.01,+0.08%,0
"2024-03-11 11:20",12.55,12.6,12.55,12.59,0.02,+0.16%,0
"2024-03-11 11:21",12.58,12.69,12.58,12.66,0.07,+0.56%,0
"2024-03-11 11:22",12.68,12.72,12.68,12.7,0.04,+0.32%,0
"2024-03-11 11:23",12.7,12.73,12.68,12.68,-0.02,-0.16%,0
"2024-03-11 11:24",12.67,12.71,12.67,12.7,0.02,+0.16%,0
"2024-03-11 11:25",12.71,12.71,12.66,12.66,-0.04,-0.31%,0
"2024-03-11 11:26",12.68,12.74,12.68,12.7,0.04,+0.32%,0
"2024-03-11 11:27",12.71,12.78,12.71,12.78,0.08,+0.63%,0
"2024-03-11 11:28",12.77,12.82,12.77,12.81,0.03,+0.23%,0
"2024-03-11 11:29",12.81,12.91,12.81,12.91,0.1,+0.78%,0
"2024-03-11 11:30",12.88,12.97,12.88,12.95,0.04,+0.31%,0
"2024-03-11 11:31",12.95,12.95,12.9,12.9,-0.05,-0.39%,0
"2024-03-11 11:32",12.93,12.99,12.93,12.95,0.05,+0.39%,0
"2024-03-11 11:33",12.9,12.94,12.9,12.93,-0.02,-0.15%,0
"2024-03-11 11:34",12.94,13.02,12.94,13,0.07,+0.54%,0
"2024-03-11 11:35",12.97,12.97,12.89,12.89,-0.11,-0.85%,0
"2024-03-11 11:36",12.89,12.95,12.89,12.95,0.06,+0.47%,0
"2024-03-11 11:37",12.9,12.98,12.89,12.9,-0.05,-0.39%,0
"2024-03-11 11:38",12.9,12.93,12.9,12.91,0.01,+0.08%,0
"2024-03-11 11:39",12.92,12.96,12.92,12.94,0.03,+0.23%,0
"2024-03-11 11:40",12.96,13.04,12.96,13.04,0.1,+0.77%,0
"2024-03-11 11:41",13.05,13.05,12.98,12.98,-0.06,-0.46%,0
"2024-03-11 11:42",12.98,13.04,12.98,13.04,0.06,+0.46%,0
"2024-03-11 11:43",13.05,13.09,13.05,13.05,0.01,+0.08%,0
"2024-03-11 11:44",13.05,13.09,13.05,13.06,0.01,+0.08%,0
"2024-03-11 11:45",13.05,13.05,13.02,13.02,-0.04,-0.31%,0
"2024-03-11 11:46",13.02,13.05,13.02,13.04,0.02,+0.15%,0
"2024-03-11 11:47",12.99,13.1,12.99,13.09,0.05,+0.38%,0
"2024-03-11 11:48",13.09,13.1,13.09,13.09,0,0.00%,0
"2024-03-11 11:49",13.11,13.14,13.11,13.13,0.04,+0.31%,0
"2024-03-11 11:50",13.1,13.14,13.1,13.11,-0.02,-0.15%,0
"2024-03-11 11:51",13.13,13.14,13.13,13.13,0.02,+0.15%,0
"2024-03-11 11:52",13.14,13.19,13.14,13.18,0.05,+0.38%,0
"2024-03-11 11:53",13.19,13.25,13.19,13.25,0.07,+0.53%,0
"2024-03-11 11:54",13.21,13.28,13.21,13.28,0.03,+0.23%,0
"2024-03-11 11:55",13.28,13.29,13.26,13.26,-0.02,-0.15%,0
"2024-03-11 11:56",13.26,13.31,13.26,13.28,0.02,+0.15%,0
"2024-03-11 11:57",13.29,13.31,13.29,13.31,0.03,+0.23%,0
"2024-03-11 11:58",13.32,13.35,13.32,13.32,0.01,+0.08%,0
"2024-03-11 11:59",13.31,13.34,13.28,13.34,0.02,+0.15%,0
"2024-03-11 12:00",13.34,13.42,13.34,13.42,0.08,+0.60%,0
"2024-03-11 12:01",13.38,13.43,13.38,13.43,0.01,+0.07%,0
"2024-03-11 12:02",13.45,13.47,13.43,13.45,0.02,+0.15%,0
"2024-03-11 12:03",13.45,13.52,13.45,13.52,0.07,+0.52%,0
"2024-03-11 12:04",13.6,13.7,13.54,13.54,0.02,+0.15%,0
"2024-03-11 12:05",13.58,13.75,13.58,13.75,0.21,+1.55%,0
"2024-03-11 12:06",13.73,13.73,13.61,13.61,-0.14,-1.02%,0
"2024-03-11 12:07",13.66,13.75,13.66,13.73,0.12,+0.88%,0
"2024-03-11 12:08",13.71,13.77,13.71,13.74,0.01,+0.07%,0
"2024-03-11 12:09",13.71,13.73,13.71,13.73,-0.01,-0.07%,0
"2024-03-11 12:10",13.74,13.77,13.74,13.76,0.03,+0.22%,0
"2024-03-11 12:11",13.74,13.88,13.74,13.88,0.12,+0.87%,0
"2024-03-11 12:12",13.87,13.87,13.72,13.72,-0.16,-1.15%,0
"2024-03-11 12:13",13.72,13.79,13.72,13.78,0.06,+0.44%,0
"2024-03-11 12:14",13.77,13.79,13.76,13.79,0.01,+0.07%,0
"2024-03-11 12:15",13.79,13.83,13.79,13.8,0.01,+0.07%,0
"2024-03-11 12:16",13.81,13.84,13.81,13.83,0.03,+0.22%,0
"2024-03-11 12:17",13.85,13.86,13.83,13.83,0,0.00%,0
"2024-03-11 12:18",13.81,13.81,13.8,13.8,-0.03,-0.22%,0
"2024-03-11 12:19",13.81,13.83,13.81,13.81,0.01,+0.07%,0
"2024-03-11 12:20",13.82,13.88,13.82,13.87,0.06,+0.43%,0
"2024-03-11 12:21",13.86,13.91,13.86,13.91,0.04,+0.29%,0
"2024-03-11 12:22",13.92,13.93,13.92,13.92,0.01,+0.07%,0
"2024-03-11 12:23",13.9,13.94,13.9,13.94,0.02,+0.14%,0
"2024-03-11 12:24",13.92,13.97,13.92,13.97,0.03,+0.22%,0
"2024-03-11 12:25",13.97,14.02,13.97,14.02,0.05,+0.36%,0
"2024-03-11 12:26",14.02,14.05,14.02,14.05,0.03,+0.21%,0
"2024-03-11 12:27",14.02,14.14,14.02,14.14,0.09,+0.64%,0
"2024-03-11 12:28",14.15,14.18,14.12,14.12,-0.02,-0.14%,0
"2024-03-11 12:29",14.13,14.18,14.13,14.16,0.04,+0.28%,0
"2024-03-11 12:30",14.16,14.16,14.13,14.14,-0.02,-0.14%,0
"2024-03-11 12:31",14.13,14.15,14.13,14.15,0.01,+0.07%,0
"2024-03-11 12:32",14.15,14.18,14.15,14.18,0.03,+0.21%,0
"2024-03-11 12:33",14.19,14.24,14.19,14.24,0.06,+0.42%,0
"2024-03-11 12:34",14.25,14.28,14.25,14.27,0.03,+0.21%,0
"2024-03-11 12:35",14.26,14.28,14.25,14.28,0.01,+0.07%,0
"2024-03-11 12:36",14.28,14.33,14.28,14.33,0.05,+0.35%,0
"2024-03-11 12:37",14.33,14.34,14.33,14.34,0.01,+0.07%,0
"2024-03-11 12:38",14.34,14.39,14.34,14.39,0.05,+0.35%,0
"2024-03-11 12:39",14.39,14.5,14.39,14.5,0.11,+0.76%,0
"2024-03-11 12:40",14.48,14.48,14.45,14.45,-0.05,-0.34%,0
"2024-03-11 12:41",14.43,14.46,14.43,14.43,-0.02,-0.14%,0
"2024-03-11 12:42",14.42,14.51,14.42,14.51,0.08,+0.55%,0
"2024-03-11 12:43",14.5,14.54,14.5,14.54,0.03,+0.21%,0
"2024-03-11 12:44",14.55,14.57,14.55,14.56,0.02,+0.14%,0
"2024-03-11 12:45",14.57,14.58,14.54,14.58,0.02,+0.14%,0
"2024-03-11 12:46",14.58,14.62,14.58,14.62,0.04,+0.27%,0
"2024-03-11 12:47",14.63,14.69,14.63,14.66,0.04,+0.27%,0
"2024-03-11 12:48",14.67,14.68,14.66,14.67,0.01,+0.07%,0
"2024-03-11 12:49",14.67,14.71,14.67,14.71,0.04,+0.27%,0
"2024-03-11 12:50",14.71,14.76,14.71,14.76,0.05,+0.34%,0
"2024-03-11 12:51",14.76,14.8,14.76,14.8,0.04,+0.27%,0
"2024-03-11 12:52",14.77,14.8,14.77,14.8,0,0.00%,0
"2024-03-11 12:53",14.81,14.82,14.81,14.82,0.02,+0.14%,0
"2024-03-11 12:54",14.84,14.87,14.84,14.84,0.02,+0.13%,0
"2024-03-11 12:55",14.86,14.92,14.86,14.92,0.08,+0.54%,0
"2024-03-11 12:56",14.9,14.93,14.9,14.93,0.01,+0.07%,0
"2024-03-11 12:57",14.91,14.93,14.91,14.92,-0.01,-0.07%,0
"2024-03-11 12:58",14.92,14.92,14.88,14.88,-0.04,-0.27%,0
"2024-03-11 12:59",14.88,14.92,14.88,14.92,0.04,+0.27%,0
"2024-03-11 13:00",14.9,14.92,14.9,14.9,-0.02,-0.13%,0
"2024-03-11 13:01",14.91,14.93,14.91,14.92,0.02,+0.13%,0
"2024-03-11 13:02",14.91,15.01,14.91,15.01,0.09,+0.60%,0
"2024-03-11 13:03",15.02,15.03,15,15,-0.01,-0.07%,0
"2024-03-11 13:04",15,15.01,14.98,14.98,-0.02,-0.13%,0
"2024-03-11 13:05",14.98,15,14.98,14.99,0.01,+0.07%,0
"2024-03-11 13:06",14.98,15,14.98,15,0.01,+0.07%,0
"2024-03-11 13:07",15.01,15.11,15.01,15.06,0.06,+0.40%,0
"2024-03-11 13:08",15.02,15.08,15.02,15.03,-0.03,-0.20%,0
"2024-03-11 13:09",15.04,15.07,15.04,15.07,0.04,+0.27%,0
"2024-03-11 13:10",15.06,15.09,15.06,15.07,0,0.00%,0
"2024-03-11 13:11",15.07,15.1,15.06,15.06,-0.01,-0.07%,0
"2024-03-11 13:12",15.04,15.13,15.04,15.13,0.07,+0.46%,0
"2024-03-11 13:13",15.15,15.15,15.08,15.11,-0.02,-0.13%,0
"2024-03-11 13:14",15.11,15.15,15.11,15.14,0.03,+0.20%,0
"2024-03-11 13:15",15.15,15.19,15.15,15.19,0.05,+0.33%,0
"2024-03-11 13:16",15.18,15.2,15.14,15.14,-0.05,-0.33%,0
"2024-03-11 13:17",15.1,15.15,15.1,15.14,0,0.00%,0
"2024-03-11 13:18",15.15,15.16,15.14,15.16,0.02,+0.13%,0
"2024-03-11 13:19",15.15,15.17,15.12,15.12,-0.04,-0.26%,0
"2024-03-11 13:20",15.13,15.13,15.12,15.13,0.01,+0.07%,0
"2024-03-11 13:21",15.14,15.19,15.14,15.19,0.06,+0.40%,0
"2024-03-11 13:22",15.15,15.17,15.15,15.15,-0.04,-0.26%,0
"2024-03-11 13:23",15.16,15.16,15.16,15.16,0.01,+0.07%,0
"2024-03-11 13:24",15.19,15.21,15.17,15.17,0.01,+0.07%,0
"2024-03-11 13:25",15.18,15.23,15.18,15.23,0.06,+0.40%,0
"2024-03-11 13:26",15.22,15.26,15.22,15.26,0.03,+0.20%,0
"2024-03-11 13:27",15.24,15.29,15.24,15.27,0.01,+0.07%,0
"2024-03-11 13:28",15.28,15.31,15.28,15.31,0.04,+0.26%,0
"2024-03-11 13:29",15.31,15.34,15.31,15.34,0.03,+0.20%,0
"2024-03-11 13:30",15.32,15.32,15.28,15.28,-0.06,-0.39%,0
"2024-03-11 13:31",15.28,15.28,15.28,15.28,0,0.00%,0
"2024-03-11 13:32",15.27,15.31,15.27,15.31,0.03,+0.20%,0
"2024-03-11 13:33",15.29,15.33,15.29,15.31,0,0.00%,0
"2024-03-11 13:34",15.32,15.35,15.32,15.34,0.03,+0.20%,0
"2024-03-11 13:35",15.33,15.35,15.32,15.35,0.01,+0.07%,0
"2024-03-11 13:36",15.34,15.39,15.34,15.39,0.04,+0.26%,0
"2024-03-11 13:37",15.39,15.39,15.37,15.37,-0.02,-0.13%,0
"2024-03-11 13:38",15.39,15.41,15.38,15.38,0.01,+0.07%,0
"2024-03-11 13:39",15.41,15.5,15.41,15.48,0.1,+0.65%,0
"2024-03-11 13:40",15.49,15.5,15.47,15.47,-0.01,-0.06%,0
"2024-03-11 13:41",15.44,15.69,15.44,15.69,0.22,+1.42%,0
"2024-03-11 13:42",15.69,15.72,15.59,15.72,0.03,+0.19%,0
"2024-03-11 13:43",15.69,15.69,15.65,15.66,-0.06,-0.38%,0
"2024-03-11 13:44",15.66,15.72,15.66,15.72,0.06,+0.38%,0
"2024-03-11 13:45",15.7,15.75,15.65,15.65,-0.07,-0.45%,0
"2024-03-11 13:46",15.66,15.76,15.66,15.73,0.08,+0.51%,0
"2024-03-11 13:47",15.76,15.83,15.76,15.83,0.1,+0.64%,0
"2024-03-11 13:48",15.84,15.88,15.84,15.84,0.01,+0.06%,0
"2024-03-11 13:49",15.83,15.84,15.81,15.81,-0.03,-0.19%,0
"2024-03-11 13:50",15.8,15.82,15.77,15.77,-0.04,-0.25%,0
"2024-03-11 13:51",15.72,15.81,15.72,15.81,0.04,+0.25%,0
"2024-03-11 13:52",15.81,15.85,15.81,15.85,0.04,+0.25%,0
"2024-03-11 13:53",15.85,15.85,15.82,15.82,-0.03,-0.19%,0
"2024-03-11 13:54",15.84,15.87,15.84,15.86,0.04,+0.25%,0
"2024-03-11 13:55",15.86,15.87,15.85,15.86,0,0.00%,0
"2024-03-11 13:56",15.84,15.85,15.81,15.81,-0.05,-0.32%,0
"2024-03-11 13:57",15.82,15.84,15.82,15.84,0.03,+0.19%,0
"2024-03-11 13:58",15.85,15.86,15.84,15.84,0,0.00%,0
"2024-03-11 13:59",15.83,15.83,15.81,15.81,-0.03,-0.19%,0
"2024-03-11 14:00",15.8,15.83,15.8,15.81,0,0.00%,0
"2024-03-11 14:01",15.8,15.86,15.8,15.85,0.04,+0.25%,0
"2024-03-11 14:02",15.84,15.84,15.83,15.83,-0.02,-0.13%,0
"2024-03-11 14:03",15.85,15.87,15.85,15.86,0.03,+0.19%,0
"2024-03-11 14:04",15.87,15.89,15.87,15.89,0.03,+0.19%,0
"2024-03-11 14:05",15.88,15.92,15.88,15.92,0.03,+0.19%,0
"2024-03-11 14:06",15.91,15.95,15.91,15.93,0.01,+0.06%,0
"2024-03-11 14:07",15.94,15.97,15.94,15.96,0.03,+0.19%,0
"2024-03-11 14:08",15.96,15.99,15.96,15.98,0.02,+0.13%,0
"2024-03-11 14:09",15.99,16.02,15.99,16,0.02,+0.13%,0
"2024-03-11 14:10",15.99,16.04,15.99,16.02,0.02,+0.13%,0
"2024-03-11 14:11",16.02,16.04,16.02,16.04,0.02,+0.12%,0
"2024-03-11 14:12",16.07,16.14,16.07,16.14,0.1,+0.62%,0
"2024-03-11 14:13",16.11,16.12,16.11,16.12,-0.02,-0.12%,0
"2024-03-11 14:14",16.12,16.15,16.08,16.08,-0.04,-0.25%,0
"2024-03-11 14:15",16.06,16.06,16.04,16.05,-0.03,-0.19%,0
"2024-03-11 14:16",16.05,16.07,16.05,16.07,0.02,+0.12%,0
"2024-03-11 14:17",16.1,16.12,16.1,16.1,0.03,+0.19%,0
"2024-03-11 14:18",16.13,16.17,16.13,16.16,0.06,+0.37%,0
"2024-03-11 14:19",16.16,16.19,16.16,16.19,0.03,+0.19%,0
"2024-03-11 14:20",16.19,16.2,16.19,16.19,0,0.00%,0
"2024-03-11 14:21",16.19,16.24,16.19,16.23,0.04,+0.25%,0
"2024-03-11 14:22",16.21,16.23,16.21,16.23,0,0.00%,0
"2024-03-11 14:23",16.22,16.25,16.22,16.24,0.01,+0.06%,0
"2024-03-11 14:24",16.23,16.26,16.23,16.26,0.02,+0.12%,0
"2024-03-11 14:25",16.25,16.29,16.25,16.29,0.03,+0.18%,0
"2024-03-11 14:26",16.28,16.3,16.28,16.29,0,0.00%,0
"2024-03-11 14:27",16.29,16.42,16.29,16.42,0.13,+0.80%,0
"2024-03-11 14:28",16.42,16.48,16.42,16.46,0.04,+0.24%,0
"2024-03-11 14:29",16.44,16.48,16.44,16.48,0.02,+0.12%,0
"2024-03-11 14:30",16.48,16.5,16.48,16.5,0.02,+0.12%,0
"2024-03-11 14:31",16.49,16.52,16.49,16.5,0,0.00%,0
"2024-03-11 14:32",16.52,16.57,16.52,16.56,0.06,+0.36%,0
"2024-03-11 14:33",16.6,16.66,16.6,16.63,0.07,+0.42%,0
"2024-03-11 14:34",16.6,16.63,16.6,16.62,-0.01,-0.06%,0
"2024-03-11 14:35",16.62,16.63,16.61,16.61,-0.01,-0.06%,0
"2024-03-11 14:36",16.61,16.65,16.61,16.64,0.03,+0.18%,0
"2024-03-11 14:37",16.62,16.65,16.62,16.63,-0.01,-0.06%,0
"2024-03-11 14:38",16.62,16.68,16.62,16.68,0.05,+0.30%,0
"2024-03-11 14:39",16.67,16.71,16.67,16.69,0.01,+0.06%,0
"2024-03-11 14:40",16.68,16.7,16.68,16.68,-0.01,-0.06%,0
"2024-03-11 14:41",16.69,16.69,16.69,16.69,0.01,+0.06%,0
"2024-03-11 14:42",16.69,16.74,16.69,16.74,0.05,+0.30%,0
"2024-03-11 14:43",16.73,16.77,16.73,16.77,0.03,+0.18%,0
"2024-03-11 14:44",16.77,16.82,16.77,16.82,0.05,+0.30%,0
"2024-03-11 14:45",16.82,16.88,16.82,16.88,0.06,+0.36%,0
"2024-03-11 14:46",16.87,16.92,16.87,16.92,0.04,+0.24%,0
"2024-03-11 14:47",16.9,16.93,16.9,16.92,0,0.00%,0
"2024-03-11 14:48",16.91,16.93,16.91,16.92,0,0.00%,0
"2024-03-11 14:49",16.92,16.94,16.92,16.94,0.02,+0.12%,0
"2024-03-11 14:50",16.94,17.01,16.94,17.01,0.07,+0.41%,0
"2024-03-11 14:51",16.99,17.01,16.99,17.01,0,0.00%,0
"2024-03-11 14:52",17.01,17.06,17.01,17.06,0.05,+0.29%,0
"2024-03-11 14:53",17.07,17.12,17.07,17.12,0.06,+0.35%,0
"2024-03-11 14:54",17.13,17.15,17.13,17.13,0.01,+0.06%,0
"2024-03-11 14:55",17.13,17.13,17.13,17.13,0,0.00%,0
"2024-03-11 14:56",17.14,17.15,17.14,17.15,0.02,+0.12%,0
"2024-03-11 14:57",17.15,17.2,17.14,17.14,-0.01,-0.06%,0
"2024-03-11 14:58",17.15,17.18,17.15,17.18,0.04,+0.23%,0
"2024-03-11 14:59",17.19,17.22,17.19,17.21,0.03,+0.17%,0
"2024-03-11 15:00",17.22,17.25,17.22,17.25,0.04,+0.23%,0
"2024-03-11 15:01",17.25,17.3,17.25,17.29,0.04,+0.23%,0
"2024-03-11 15:02",17.29,17.31,17.29,17.3,0.01,+0.06%,0
"2024-03-11 15:03",17.31,17.32,17.28,17.28,-0.02,-0.12%,0
"2024-03-11 15:04",17.28,17.28,17.27,17.27,-0.01,-0.06%,0
"2024-03-11 15:05",17.28,17.31,17.28,17.31,0.04,+0.23%,0
"2024-03-11 15:06",17.32,17.35,17.32,17.35,0.04,+0.23%,0
"2024-03-11 15:07",17.26,17.28,17.26,17.26,-0.09,-0.52%,0
"2024-03-11 15:08",17.28,17.28,17.25,17.25,-0.01,-0.06%,0
"2024-03-11 15:09",17.26,17.3,17.26,17.29,0.04,+0.23%,0
"2024-03-11 15:10",17.31,17.33,17.31,17.33,0.04,+0.23%,0
"2024-03-11 15:11",17.33,17.35,17.33,17.35,0.02,+0.12%,0
"2024-03-11 15:12",17.36,17.39,17.36,17.39,0.04,+0.23%,0
"2024-03-11 15:13",17.4,17.44,17.4,17.44,0.05,+0.29%,0
"2024-03-11 15:14",17.42,17.45,17.42,17.45,0.01,+0.06%,0
"2024-03-11 15:15",17.45,17.45,17.41,17.42,-0.03,-0.17%,0
"2024-03-11 15:16",17.4,17.45,17.4,17.44,0.02,+0.11%,0
"2024-03-11 15:17",17.44,17.52,17.44,17.52,0.08,+0.46%,0
"2024-03-11 15:18",17.5,17.53,17.5,17.52,0,0.00%,0
"2024-03-11 15:19",17.5,17.58,17.5,17.58,0.06,+0.34%,0
"2024-03-11 15:20",17.56,17.58,17.55,17.55,-0.03,-0.17%,0
"2024-03-11 15:21",17.51,17.57,17.51,17.57,0.02,+0.11%,0
"2024-03-11 15:22",17.57,17.6,17.57,17.6,0.03,+0.17%,0
"2024-03-11 15:23",17.61,17.66,17.61,17.63,0.03,+0.17%,0
"2024-03-11 15:24",17.63,17.68,17.63,17.68,0.05,+0.28%,0
"2024-03-11 15:25",17.68,17.7,17.67,17.7,0.02,+0.11%,0
"2024-03-11 15:26",17.69,17.75,17.69,17.75,0.05,+0.28%,0
"2024-03-11 15:27",17.72,17.76,17.71,17.76,0.01,+0.06%,0
"2024-03-11 15:28",17.77,17.8,17.77,17.79,0.03,+0.17%,0
"2024-03-11 15:29",17.76,17.79,17.76,17.79,0,0.00%,0
"2024-03-11 15:30",17.81,17.81,17.76,17.76,-0.03,-0.17%,0
"2024-03-11 15:31",17.75,17.75,17.71,17.71,-0.05,-0.28%,0
"2024-03-11 15:32",17.71,17.74,17.71,17.72,0.01,+0.06%,0
"2024-03-11 15:33",17.71,17.74,17.71,17.71,-0.01,-0.06%,0
"2024-03-11 15:34",17.71,17.74,17.7,17.7,-0.01,-0.06%,0
"2024-03-11 15:35",17.72,17.75,17.71,17.75,0.05,+0.28%,0
"2024-03-11 15:36",17.76,17.8,17.76,17.8,0.05,+0.28%,0
"2024-03-11 15:37",17.82,17.87,17.82,17.87,0.07,+0.39%,0
"2024-03-11 15:38",17.88,17.94,17.88,17.94,0.07,+0.39%,0
"2024-03-11 15:39",17.93,17.96,17.92,17.96,0.02,+0.11%,0
"2024-03-11 15:40",17.94,17.99,17.94,17.99,0.03,+0.17%,0
"2024-03-11 15:41",18.01,18.09,18.01,18.08,0.09,+0.50%,0
"2024-03-11 15:42",18.1,18.27,18.1,18.27,0.19,+1.05%,0
"2024-03-11 15:43",18.26,18.27,18.26,18.27,0,0.00%,0
"2024-03-11 15:44",18.27,18.35,18.27,18.35,0.08,+0.44%,0
"2024-03-11 15:45",18.33,18.33,18.31,18.33,-0.02,-0.11%,0
"2024-03-11 15:46",18.34,18.42,18.34,18.42,0.09,+0.49%,0
"2024-03-11 15:47",18.43,18.49,18.43,18.49,0.07,+0.38%,0
"2024-03-11 15:48",18.5,18.5,18.45,18.45,-0.04,-0.22%,0
"2024-03-11 15:49",18.46,18.53,18.46,18.53,0.08,+0.43%,0
"2024-03-11 15:50",18.5,18.52,18.46,18.46,-0.07,-0.38%,0
"2024-03-11 15:51",18.51,18.62,18.51,18.62,0.16,+0.87%,0
"2024-03-11 15:52",18.75,18.81,18.74,18.81,0.19,+1.02%,0
"2024-03-11 15:53",18.74,18.8,18.74,18.79,-0.02,-0.11%,0
"2024-03-11 15:54",18.8,18.82,18.79,18.82,0.03,+0.16%,0
"2024-03-11 15:55",18.8,18.84,18.8,18.8,-0.02,-0.11%,0
"2024-03-11 15:56",18.79,18.8,18.78,18.8,0,0.00%,0
"2024-03-11 15:57",18.78,18.78,18.76,18.76,-0.04,-0.21%,0
"2024-03-11 15:58",18.71,18.71,18.54,18.54,-0.22,-1.17%,0
"2024-03-11 15:59",18.56,18.61,18.54,18.54,0,0.00%,0
"2024-03-11 16:00",18.46,18.46,18.32,18.32,-0.22,-1.19%,0
"2024-03-11 16:01",18.29,18.29,18.26,18.26,-0.06,-0.33%,0
"2024-03-11 16:02",18.28,18.31,18.28,18.3,0.04,+0.22%,0
"2024-03-11 16:03",18.34,18.36,18.33,18.33,0.03,+0.16%,0
"2024-03-11 16:04",18.32,18.42,18.32,18.42,0.09,+0.49%,0
"2024-03-11 16:05",18.41,18.52,18.41,18.52,0.1,+0.54%,0
"2024-03-11 16:06",18.57,18.6,18.57,18.6,0.08,+0.43%,0
"2024-03-11 16:07",18.61,18.67,18.61,18.65,0.05,+0.27%,0
"2024-03-11 16:08",18.66,18.73,18.66,18.73,0.08,+0.43%,0
"2024-03-11 16:09",18.77,18.87,18.77,18.87,0.14,+0.75%,0
"2024-03-11 16:10",18.88,18.97,18.88,18.97,0.1,+0.53%,0
"2024-03-11 16:11",19.02,19.11,19.02,19.11,0.14,+0.74%,0
"2024-03-11 16:12",19.12,19.2,19.12,19.16,0.05,+0.26%,0
"2024-03-11 16:13",19.2,19.22,19.2,19.22,0.06,+0.31%,0
"2024-03-11 16:14",19.16,19.16,19.14,19.16,-0.06,-0.31%,0
"2024-03-11 16:15",19.19,19.19,19.19,19.19,0.03,+0.16%,0
"2024-03-12 09:31",10.61,10.67,10.61,10.65,-8.54,-44.50%,0
"2024-03-12 09:32",10.61,10.66,10.59,10.64,-0.01,-0.09%,0
"2024-03-12 09:33",10.68,10.68,10.61,10.61,-0.03,-0.28%,0
"2024-03-12 09:34",10.62,10.87,10.62,10.87,0.26,+2.45%,0
"2024-03-12 09:35",10.96,11.46,10.96,11.46,0.59,+5.43%,0
"2024-03-12 09:36",11.76,12.15,11.76,12.11,0.65,+5.67%,0
"2024-03-12 09:37",12.11,12.44,12.11,12.44,0.33,+2.73%,0
"2024-03-12 09:38",12.59,12.59,12.24,12.24,-0.2,-1.61%,0
"2024-03-12 09:39",12.29,12.39,12.29,12.39,0.15,+1.23%,0
"2024-03-12 09:40",12.51,12.58,12.51,12.53,0.14,+1.13%,0
"2024-03-12 09:41",12.44,12.46,12.24,12.24,-0.29,-2.31%,0
"2024-03-12 09:42",12.16,12.18,12.15,12.18,-0.06,-0.49%,0
"2024-03-12 09:43",12.22,12.32,12.22,12.32,0.14,+1.15%,0
"2024-03-12 09:44",12.37,12.47,12.37,12.47,0.15,+1.22%,0
"2024-03-12 09:45",12.52,12.72,12.52,12.72,0.25,+2.00%,0
"2024-03-12 09:46",12.97,13.09,12.51,12.51,-0.21,-1.65%,0
"2024-03-12 09:47",12.45,12.49,12.38,12.49,-0.02,-0.16%,0
"2024-03-12 09:48",12.48,12.48,12.44,12.44,-0.05,-0.40%,0
"2024-03-12 09:49",12.45,12.45,12.26,12.26,-0.18,-1.45%,0
"2024-03-12 09:50",12.13,12.13,11.65,11.65,-0.61,-4.98%,0
"2024-03-12 09:51",11.53,11.71,11.5,11.71,0.06,+0.52%,0
"2024-03-12 09:52",11.79,11.84,11.76,11.76,0.05,+0.43%,0
"2024-03-12 09:53",11.73,11.73,11.67,11.72,-0.04,-0.34%,0
"2024-03-12 09:54",11.7,11.71,11.63,11.63,-0.09,-0.77%,0
"2024-03-12 09:55",11.56,11.56,11.14,11.14,-0.49,-4.21%,0
"2024-03-12 09:56",10.98,10.99,10.9,10.99,-0.15,-1.35%,0
"2024-03-12 09:57",11.01,11.08,11.01,11.05,0.06,+0.55%,0
"2024-03-12 09:58",11.1,11.17,11.07,11.07,0.02,+0.18%,0
"2024-03-12 09:59",11.05,11.09,11,11.09,0.02,+0.18%,0
"2024-03-12 10:00",11.04,11.06,11.03,11.03,-0.06,-0.54%,0
"2024-03-12 10:01",11.09,11.14,10.96,11.03,0,0.00%,0
"2024-03-12 10:02",10.99,11.14,10.99,11.08,0.05,+0.45%,0
"2024-03-12 10:03",11.1,11.28,10.98,10.98,-0.1,-0.90%,0
"2024-03-12 10:04",10.92,10.92,10.83,10.88,-0.1,-0.91%,0
"2024-03-12 10:05",11,11,10.99,11,0.12,+1.10%,0
"2024-03-12 10:06",10.92,10.92,10.77,10.9,-0.1,-0.91%,0
"2024-03-12 10:07",10.89,10.97,10.89,10.97,0.07,+0.64%,0
"2024-03-12 10:08",10.88,10.89,10.87,10.89,-0.08,-0.73%,0
"2024-03-12 10:09",10.86,10.99,10.86,10.98,0.09,+0.83%,0
"2024-03-12 10:10",10.99,10.99,10.95,10.95,-0.03,-0.27%,0
"2024-03-12 10:11",10.88,10.97,10.88,10.93,-0.02,-0.18%,0
"2024-03-12 10:12",10.94,10.94,10.86,10.86,-0.07,-0.64%,0
"2024-03-12 10:13",10.88,10.92,10.86,10.86,0,0.00%,0
"2024-03-12 10:14",10.84,10.86,10.84,10.84,-0.02,-0.18%,0
"2024-03-12 10:15",10.82,10.82,10.62,10.62,-0.22,-2.03%,0
"2024-03-12 10:16",10.58,10.68,10.58,10.64,0.02,+0.19%,0
"2024-03-12 10:17",10.64,10.7,10.6,10.7,0.06,+0.56%,0
"2024-03-12 10:18",10.69,10.78,10.69,10.78,0.08,+0.75%,0
"2024-03-12 10:19",10.7,10.7,10.68,10.69,-0.09,-0.83%,0
"2024-03-12 10:20",10.68,10.68,10.67,10.68,-0.01,-0.09%,0
"2024-03-12 10:21",10.71,10.71,10.66,10.67,-0.01,-0.09%,0
"2024-03-12 10:22",10.65,10.66,10.47,10.47,-0.2,-1.87%,0
"2024-03-12 10:23",10.46,10.46,10.38,10.38,-0.09,-0.86%,0
"2024-03-12 10:24",10.37,10.43,10.36,10.39,0.01,+0.10%,0
"2024-03-12 10:25",10.32,10.34,10.31,10.32,-0.07,-0.67%,0
"2024-03-12 10:26",10.32,10.32,10.24,10.24,-0.08,-0.78%,0
"2024-03-12 10:27",10.28,10.35,10.28,10.35,0.11,+1.07%,0
"2024-03-12 10:28",10.33,10.37,10.28,10.37,0.02,+0.19%,0
"2024-03-12 10:29",10.35,10.41,10.32,10.41,0.04,+0.39%,0
"2024-03-12 10:30",10.44,10.58,10.31,10.58,0.17,+1.63%,0
"2024-03-12 10:31",10.55,10.74,10.49,10.74,0.16,+1.51%,0
"2024-03-12 10:32",10.68,10.81,10.68,10.76,0.02,+0.19%,0
"2024-03-12 10:33",10.86,10.86,10.72,10.72,-0.04,-0.37%,0
"2024-03-12 10:34",10.66,10.66,10.6,10.6,-0.12,-1.12%,0
"2024-03-12 10:35",10.62,10.73,10.62,10.73,0.13,+1.23%,0
"2024-03-12 10:36",10.54,10.74,10.48,10.74,0.01,+0.09%,0
"2024-03-12 10:37",10.75,10.8,10.75,10.79,0.05,+0.47%,0
"2024-03-12 10:38",10.8,10.82,10.8,10.8,0.01,+0.09%,0
"2024-03-12 10:39",10.79,10.79,10.75,10.78,-0.02,-0.19%,0
"2024-03-12 10:40",10.75,10.75,10.71,10.71,-0.07,-0.65%,0
"2024-03-12 10:41",10.73,10.74,10.73,10.74,0.03,+0.28%,0
"2024-03-12 10:42",10.72,10.72,10.63,10.63,-0.11,-1.02%,0
"2024-03-12 10:43",10.64,10.64,10.6,10.6,-0.03,-0.28%,0
"2024-03-12 10:44",10.59,10.59,10.54,10.54,-0.06,-0.57%,0
"2024-03-12 10:45",10.55,10.56,10.51,10.51,-0.03,-0.28%,0
"2024-03-12 10:46",10.54,10.63,10.54,10.63,0.12,+1.14%,0
"2024-03-12 10:47",10.64,10.64,10.59,10.59,-0.04,-0.38%,0
"2024-03-12 10:48",10.54,10.72,10.54,10.72,0.13,+1.23%,0
"2024-03-12 10:49",10.75,10.75,10.73,10.73,0.01,+0.09%,0
"2024-03-12 10:50",10.71,10.79,10.71,10.79,0.06,+0.56%,0
"2024-03-12 10:51",10.76,10.8,10.74,10.8,0.01,+0.09%,0
"2024-03-12 10:52",10.8,10.86,10.77,10.77,-0.03,-0.28%,0
"2024-03-12 10:53",10.76,10.77,10.76,10.76,-0.01,-0.09%,0
"2024-03-12 10:54",10.77,10.82,10.77,10.78,0.02,+0.19%,0
"2024-03-12 10:55",10.78,10.79,10.63,10.63,-0.15,-1.39%,0
"2024-03-12 10:56",10.61,10.62,10.61,10.61,-0.02,-0.19%,0
"2024-03-12 10:57",10.59,10.59,10.57,10.57,-0.04,-0.38%,0
"2024-03-12 10:58",10.56,10.59,10.54,10.54,-0.03,-0.28%,0
"2024-03-12 10:59",10.51,10.53,10.51,10.53,-0.01,-0.09%,0
"2024-03-12 11:00",10.49,10.56,10.49,10.56,0.03,+0.28%,0
"2024-03-12 11:01",10.56,10.6,10.55,10.6,0.04,+0.38%,0
"2024-03-12 11:02",10.57,10.58,10.53,10.53,-0.07,-0.66%,0
"2024-03-12 11:03",10.57,10.59,10.57,10.57,0.04,+0.38%,0
"2024-03-12 11:04",10.6,10.66,10.6,10.66,0.09,+0.85%,0
"2024-03-12 11:05",10.67,10.71,10.67,10.67,0.01,+0.09%,0
"2024-03-12 11:06",10.66,10.7,10.66,10.7,0.03,+0.28%,0
"2024-03-12 11:07",10.69,10.69,10.56,10.56,-0.14,-1.31%,0
"2024-03-12 11:08",10.57,10.57,10.46,10.46,-0.1,-0.95%,0
"2024-03-12 11:09",10.46,10.46,10.44,10.45,-0.01,-0.10%,0
"2024-03-12 11:10",10.44,10.44,10.39,10.39,-0.06,-0.57%,0
"2024-03-12 11:11",10.38,10.38,10.37,10.37,-0.02,-0.19%,0
"2024-03-12 11:12",10.35,10.35,10.28,10.28,-0.09,-0.87%,0
"2024-03-12 11:13",10.27,10.3,10.27,10.3,0.02,+0.19%,0
"2024-03-12 11:14",10.3,10.32,10.3,10.32,0.02,+0.19%,0
"2024-03-12 11:15",10.31,10.31,10.23,10.23,-0.09,-0.87%,0
"2024-03-12 11:16",10.2,10.21,10.2,10.2,-0.03,-0.29%,0
"2024-03-12 11:17",10.19,10.19,10.18,10.19,-0.01,-0.10%,0
"2024-03-12 11:18",10.18,10.18,10.16,10.16,-0.03,-0.29%,0
"2024-03-12 11:19",10.17,10.2,10.17,10.2,0.04,+0.39%,0
"2024-03-12 11:20",10.2,10.25,10.2,10.25,0.05,+0.49%,0
"2024-03-12 11:21",10.32,10.35,10.3,10.3,0.05,+0.49%,0
"2024-03-12 11:22",10.33,10.33,10.29,10.33,0.03,+0.29%,0
"2024-03-12 11:23",10.33,10.38,10.31,10.31,-0.02,-0.19%,0
"2024-03-12 11:24",10.32,10.39,10.32,10.39,0.08,+0.78%,0
"2024-03-12 11:25",10.41,10.44,10.41,10.43,0.04,+0.38%,0
"2024-03-12 11:26",10.44,10.47,10.44,10.47,0.04,+0.38%,0
"2024-03-12 11:27",10.48,10.53,10.48,10.52,0.05,+0.48%,0
"2024-03-12 11:28",10.53,10.53,10.53,10.53,0.01,+0.10%,0
"2024-03-12 11:29",10.53,10.56,10.53,10.56,0.03,+0.28%,0
"2024-03-12 11:30",10.55,10.62,10.55,10.6,0.04,+0.38%,0
"2024-03-12 11:31",10.62,10.64,10.59,10.59,-0.01,-0.09%,0
"2024-03-12 11:32",10.6,10.8,10.6,10.8,0.21,+1.98%,0
"2024-03-12 11:33",10.65,10.65,10.63,10.63,-0.17,-1.57%,0
"2024-03-12 11:34",10.67,10.68,10.67,10.68,0.05,+0.47%,0
"2024-03-12 11:35",10.65,10.69,10.65,10.69,0.01,+0.09%,0
"2024-03-12 11:36",10.72,10.72,10.66,10.66,-0.03,-0.28%,0
"2024-03-12 11:37",10.65,10.65,10.63,10.63,-0.03,-0.28%,0
"2024-03-12 11:38",10.63,10.68,10.63,10.68,0.05,+0.47%,0
"2024-03-12 11:39",10.63,10.63,10.6,10.6,-0.08,-0.75%,0
"2024-03-12 11:40",10.62,10.77,10.62,10.77,0.17,+1.60%,0
"2024-03-12 11:41",10.84,10.9,10.84,10.85,0.08,+0.74%,0
"2024-03-12 11:42",10.84,10.87,10.79,10.8,-0.05,-0.46%,0
"2024-03-12 11:43",10.83,10.83,10.73,10.73,-0.07,-0.65%,0
"2024-03-12 11:44",10.78,10.78,10.77,10.78,0.05,+0.47%,0
"2024-03-12 11:45",10.85,10.99,10.85,10.99,0.21,+1.95%,0
"2024-03-12 11:46",10.9,10.98,10.9,10.98,-0.01,-0.09%,0
"2024-03-12 11:47",11.1,11.1,10.82,10.84,-0.14,-1.28%,0
"2024-03-12 11:48",11.04,11.07,11.02,11.07,0.23,+2.12%,0
"2024-03-12 11:49",11.02,11.02,10.91,10.91,-0.16,-1.45%,0
"2024-03-12 11:50",10.92,10.92,10.86,10.86,-0.05,-0.46%,0
"2024-03-12 11:51",10.8,10.8,10.74,10.75,-0.11,-1.01%,0
"2024-03-12 11:52",10.76,10.76,10.67,10.67,-0.08,-0.74%,0
"2024-03-12 11:53",10.7,10.71,10.61,10.61,-0.06,-0.56%,0
"2024-03-12 11:54",10.61,10.61,10.6,10.61,0,0.00%,0
"2024-03-12 11:55",10.62,10.67,10.62,10.64,0.03,+0.28%,0
"2024-03-12 11:56",10.64,10.64,10.62,10.63,-0.01,-0.09%,0
"2024-03-12 11:57",10.65,10.67,10.65,10.66,0.03,+0.28%,0
"2024-03-12 11:58",10.65,10.71,10.65,10.71,0.05,+0.47%,0
"2024-03-12 11:59",10.71,10.72,10.69,10.72,0.01,+0.09%,0
"2024-03-12 12:00",10.69,10.74,10.68,10.74,0.02,+0.19%,0
"2024-03-12 12:01",10.78,10.79,10.75,10.79,0.05,+0.47%,0
"2024-03-12 12:02",10.82,10.9,10.82,10.9,0.11,+1.02%,0
"2024-03-12 12:03",10.9,10.9,10.79,10.79,-0.11,-1.01%,0
"2024-03-12 12:04",10.79,10.85,10.78,10.84,0.05,+0.46%,0
"2024-03-12 12:05",10.88,10.89,10.83,10.83,-0.01,-0.09%,0
"2024-03-12 12:06",10.83,10.85,10.78,10.78,-0.05,-0.46%,0
"2024-03-12 12:07",10.79,10.81,10.74,10.81,0.03,+0.28%,0
"2024-03-12 12:08",10.81,10.81,10.72,10.72,-0.09,-0.83%,0
"2024-03-12 12:09",10.76,10.9,10.76,10.9,0.18,+1.68%,0
"2024-03-12 12:10",10.9,10.9,10.84,10.84,-0.06,-0.55%,0
"2024-03-12 12:11",10.85,10.86,10.84,10.84,0,0.00%,0
"2024-03-12 12:12",10.86,10.87,10.81,10.81,-0.03,-0.28%,0
"2024-03-12 12:13",10.82,10.85,10.82,10.85,0.04,+0.37%,0
"2024-03-12 12:14",10.85,10.89,10.85,10.89,0.04,+0.37%,0
"2024-03-12 12:15",10.88,10.89,10.87,10.88,-0.01,-0.09%,0
"2024-03-12 12:16",10.87,10.91,10.87,10.91,0.03,+0.28%,0
"2024-03-12 12:17",10.9,10.96,10.9,10.96,0.05,+0.46%,0
"2024-03-12 12:18",10.94,10.97,10.91,10.94,-0.02,-0.18%,0
"2024-03-12 12:19",10.96,11.01,10.96,11.01,0.07,+0.64%,0
"2024-03-12 12:20",11.03,11.07,11.03,11.07,0.06,+0.54%,0
"2024-03-12 12:21",11.07,11.07,11.06,11.07,0,0.00%,0
"2024-03-12 12:22",11.06,11.06,11,11,-0.07,-0.63%,0
"2024-03-12 12:23",11.04,11.1,11.04,11.08,0.08,+0.73%,0
"2024-03-12 12:24",11.11,11.18,11.11,11.16,0.08,+0.72%,0
"2024-03-12 12:25",11.1,11.15,11.09,11.15,-0.01,-0.09%,0
"2024-03-12 12:26",11.1,11.15,11.1,11.11,-0.04,-0.36%,0
"2024-03-12 12:27",11.14,11.16,11.14,11.16,0.05,+0.45%,0
"2024-03-12 12:28",11.16,11.16,11.15,11.15,-0.01,-0.09%,0
"2024-03-12 12:29",11.13,11.15,11.13,11.15,0,0.00%,0
"2024-03-12 12:30",11.13,11.14,11.11,11.14,-0.01,-0.09%,0
"2024-03-12 12:31",11.13,11.13,11.06,11.08,-0.06,-0.54%,0
"2024-03-12 12:32",11.09,11.14,11.09,11.11,0.03,+0.27%,0
"2024-03-12 12:33",11.08,11.12,11.08,11.1,-0.01,-0.09%,0
"2024-03-12 12:34",11.07,11.09,11.06,11.06,-0.04,-0.36%,0
"2024-03-12 12:35",11.02,11.03,11.01,11.02,-0.04,-0.36%,0
"2024-03-12 12:36",10.97,11.08,10.97,11.08,0.06,+0.54%,0
"2024-03-12 12:37",11.08,11.35,11.06,11.06,-0.02,-0.18%,0
"2024-03-12 12:38",11.02,11.45,11.02,11.14,0.08,+0.72%,0
"2024-03-12 12:39",10.94,11.24,10.94,11.24,0.1,+0.90%,0
"2024-03-12 12:40",11.26,11.27,11.23,11.23,-0.01,-0.09%,0
"2024-03-12 12:41",11.26,11.27,11.24,11.26,0.03,+0.27%,0
"2024-03-12 12:42",11.2,11.2,11.16,11.19,-0.07,-0.62%,0
"2024-03-12 12:43",11.21,11.32,11.21,11.32,0.13,+1.16%,0
"2024-03-12 12:44",11.33,11.33,11.29,11.3,-0.02,-0.18%,0
"2024-03-12 12:45",11.3,11.72,11.3,11.72,0.42,+3.72%,0
"2024-03-12 12:46",11.25,11.56,11.25,11.56,-0.16,-1.37%,0
"2024-03-12 12:47",11.66,11.68,11.29,11.29,-0.27,-2.34%,0
"2024-03-12 12:48",11.48,11.56,11.48,11.5,0.21,+1.86%,0
"2024-03-12 12:49",11.49,11.49,11.3,11.3,-0.2,-1.74%,0
"2024-03-12 12:50",11.36,11.42,11.36,11.42,0.12,+1.06%,0
"2024-03-12 12:51",11.39,11.39,11.1,11.3,-0.12,-1.05%,0
"2024-03-12 12:52",11.35,11.41,11.35,11.39,0.09,+0.80%,0
"2024-03-12 12:53",11.4,11.41,11.1,11.1,-0.29,-2.55%,0
"2024-03-12 12:54",11.12,11.2,11.12,11.2,0.1,+0.90%,0
"2024-03-12 12:55",11.21,11.24,11.21,11.23,0.03,+0.27%,0
"2024-03-12 12:56",11.22,11.3,11.22,11.3,0.07,+0.62%,0
"2024-03-12 12:57",11.37,11.43,11.37,11.38,0.08,+0.71%,0
"2024-03-12 12:58",11.23,11.29,11.23,11.29,-0.09,-0.79%,0
"2024-03-12 12:59",11.27,11.27,11.24,11.27,-0.02,-0.18%,0
"2024-03-12 13:00",11.28,11.28,11.2,11.2,-0.07,-0.62%,0
"2024-03-12 13:01",11.17,11.54,11.17,11.54,0.34,+3.04%,0
"2024-03-12 13:02",11.31,11.44,11.31,11.44,-0.1,-0.87%,0
"2024-03-12 13:03",11.57,11.57,11.5,11.52,0.08,+0.70%,0
"2024-03-12 13:04",11.52,11.55,11.52,11.52,0,0.00%,0
"2024-03-12 13:05",11.53,11.53,11.49,11.5,-0.02,-0.17%,0
"2024-03-12 13:06",11.52,11.54,11.5,11.5,0,0.00%,0
"2024-03-12 13:07",11.47,11.47,11.44,11.44,-0.06,-0.52%,0
"2024-03-12 13:08",11.49,11.61,11.49,11.61,0.17,+1.49%,0
"2024-03-12 13:09",11.61,11.61,11.49,11.49,-0.12,-1.03%,0
"2024-03-12 13:10",11.51,11.56,11.51,11.56,0.07,+0.61%,0
"2024-03-12 13:11",11.55,11.55,11.49,11.5,-0.06,-0.52%,0
"2024-03-12 13:12",11.49,11.49,11.41,11.41,-0.09,-0.78%,0
"2024-03-12 13:13",11.4,11.4,11.29,11.29,-0.12,-1.05%,0
"2024-03-12 13:14",11.25,11.3,11.25,11.3,0.01,+0.09%,0
"2024-03-12 13:15",11.28,11.29,11.27,11.28,-0.02,-0.18%,0
"2024-03-12 13:16",11.27,11.27,11.25,11.25,-0.03,-0.27%,0
"2024-03-12 13:17",11.18,11.24,11.18,11.22,-0.03,-0.27%,0
"2024-03-12 13:18",11.22,11.22,11.06,11.06,-0.16,-1.43%,0
"2024-03-12 13:19",11.06,11.07,11.04,11.04,-0.02,-0.18%,0
"2024-03-12 13:20",10.98,11.01,10.95,10.95,-0.09,-0.82%,0
"2024-03-12 13:21",10.92,10.98,10.92,10.98,0.03,+0.27%,0
"2024-03-12 13:22",10.95,10.99,10.95,10.98,0,0.00%,0
"2024-03-12 13:23",10.99,11.02,10.99,10.99,0.01,+0.09%,0
"2024-03-12 13:24",10.97,11.01,10.97,11.01,0.02,+0.18%,0
"2024-03-12 13:25",11.03,11.04,11.01,11.01,0,0.00%,0
"2024-03-12 13:26",11.04,11.12,11.04,11.11,0.1,+0.91%,0
"2024-03-12 13:27",11.13,11.13,11.09,11.1,-0.01,-0.09%,0
"2024-03-12 13:28",11.14,11.16,11.14,11.15,0.05,+0.45%,0
"2024-03-12 13:29",11.14,11.22,11.14,11.21,0.06,+0.54%,0
"2024-03-12 13:30",11.21,11.21,11.14,11.14,-0.07,-0.62%,0
"2024-03-12 13:31",11.13,11.16,11.13,11.15,0.01,+0.09%,0
"2024-03-12 13:32",11.15,11.15,11.13,11.14,-0.01,-0.09%,0
"2024-03-12 13:33",11.12,11.14,11.12,11.13,-0.01,-0.09%,0
"2024-03-12 13:34",11.13,11.14,11.11,11.11,-0.02,-0.18%,0
"2024-03-12 13:35",11.08,11.08,11.05,11.05,-0.06,-0.54%,0
"2024-03-12 13:36",11.08,11.12,11.08,11.12,0.07,+0.63%,0
"2024-03-12 13:37",11.14,11.17,11.13,11.13,0.01,+0.09%,0
"2024-03-12 13:38",11.13,11.14,11.07,11.07,-0.06,-0.54%,0
"2024-03-12 13:39",11.07,11.11,11.07,11.11,0.04,+0.36%,0
"2024-03-12 13:40",11.1,11.12,11.1,11.11,0,0.00%,0
"2024-03-12 13:41",11.11,11.14,11.11,11.14,0.03,+0.27%,0
"2024-03-12 13:42",11.14,11.14,11.1,11.1,-0.04,-0.36%,0
"2024-03-12 13:43",11.1,11.12,11.1,11.12,0.02,+0.18%,0
"2024-03-12 13:44",11.13,11.13,11.1,11.11,-0.01,-0.09%,0
"2024-03-12 13:45",11.11,11.12,11.09,11.12,0.01,+0.09%,0
"2024-03-12 13:46",11.14,11.15,11.12,11.15,0.03,+0.27%,0
"2024-03-12 13:47",11.17,11.17,11.14,11.15,0,0.00%,0
"2024-03-12 13:48",11.11,11.11,11.07,11.07,-0.08,-0.72%,0
"2024-03-12 13:49",11.05,11.05,11.04,11.04,-0.03,-0.27%,0
"2024-03-12 13:50",11.03,11.06,11.03,11.05,0.01,+0.09%,0
"2024-03-12 13:51",11.05,11.05,11.05,11.05,0,0.00%,0
"2024-03-12 13:52",11.03,11.04,11.03,11.03,-0.02,-0.18%,0
"2024-03-12 13:53",11.02,11.04,11.02,11.03,0,0.00%,0
"2024-03-12 13:54",11.06,11.06,11,11,-0.03,-0.27%,0
"2024-03-12 13:55",10.97,11,10.96,10.96,-0.04,-0.36%,0
"2024-03-12 13:56",10.95,10.99,10.95,10.99,0.03,+0.27%,0
"2024-03-12 13:57",10.99,11.01,10.99,10.99,0,0.00%,0
"2024-03-12 13:58",10.98,11.02,10.98,11.02,0.03,+0.27%,0
"2024-03-12 13:59",11.05,11.08,11.05,11.07,0.05,+0.45%,0
"2024-03-12 14:00",11.07,11.12,11.06,11.12,0.05,+0.45%,0
"2024-03-12 14:01",11.13,11.13,11.1,11.1,-0.02,-0.18%,0
"2024-03-12 14:02",11.1,11.11,11.1,11.1,0,0.00%,0
"2024-03-12 14:03",11.1,11.12,11.09,11.1,0,0.00%,0
"2024-03-12 14:04",11.11,11.13,11.11,11.11,0.01,+0.09%,0
"2024-03-12 14:05",11.12,11.12,11.1,11.11,0,0.00%,0
"2024-03-12 14:06",11.08,11.1,11.08,11.1,-0.01,-0.09%,0
"2024-03-12 14:07",11.1,11.13,11.1,11.1,0,0.00%,0
"2024-03-12 14:08",11.12,11.13,11.12,11.13,0.03,+0.27%,0
"2024-03-12 14:09",11.12,11.12,11.1,11.1,-0.03,-0.27%,0
"2024-03-12 14:10",11.11,11.11,11.07,11.07,-0.03,-0.27%,0
"2024-03-12 14:11",11.02,11.03,11.01,11.01,-0.06,-0.54%,0
"2024-03-12 14:12",11,11.02,10.99,11.02,0.01,+0.09%,0
"2024-03-12 14:13",11.03,11.03,11.01,11.03,0.01,+0.09%,0
"2024-03-12 14:14",11.03,11.03,11.02,11.03,0,0.00%,0
"2024-03-12 14:15",11.06,11.06,11.03,11.04,0.01,+0.09%,0
"2024-03-12 14:16",11.03,11.03,11,11.02,-0.02,-0.18%,0
"2024-03-12 14:17",11.01,11.07,11.01,11.07,0.05,+0.45%,0
"2024-03-12 14:18",11.06,11.08,11.06,11.06,-0.01,-0.09%,0
"2024-03-12 14:19",11.07,11.1,11.07,11.07,0.01,+0.09%,0
"2024-03-12 14:20",11.06,11.09,11.06,11.08,0.01,+0.09%,0
"2024-03-12 14:21",11.07,11.07,11.05,11.05,-0.03,-0.27%,0
"2024-03-12 14:22",11.06,11.07,11.06,11.07,0.02,+0.18%,0
"2024-03-12 14:23",11.08,11.11,11.08,11.1,0.03,+0.27%,0
"2024-03-12 14:24",11.14,11.16,11.14,11.16,0.06,+0.54%,0
"2024-03-12 14:25",11.15,11.17,11.14,11.14,-0.02,-0.18%,0
"2024-03-12 14:26",11.14,11.15,11.13,11.13,-0.01,-0.09%,0
"2024-03-12 14:27",11.12,11.17,11.12,11.16,0.03,+0.27%,0
"2024-03-12 14:28",11.16,11.18,11.16,11.17,0.01,+0.09%,0
"2024-03-12 14:29",11.14,11.14,11.12,11.12,-0.05,-0.45%,0
"2024-03-12 14:30",11.11,11.11,11.1,11.1,-0.02,-0.18%,0
"2024-03-12 14:31",11.12,11.13,11.1,11.1,0,0.00%,0
"2024-03-12 14:32",11.12,11.27,11.12,11.23,0.13,+1.17%,0
"2024-03-12 14:33",11.23,11.28,11.23,11.28,0.05,+0.45%,0
"2024-03-12 14:34",11.29,11.32,11.29,11.3,0.02,+0.18%,0
"2024-03-12 14:35",11.3,11.35,11.3,11.35,0.05,+0.44%,0
"2024-03-12 14:36",11.37,11.37,11.37,11.37,0.02,+0.18%,0
"2024-03-12 14:37",11.38,11.4,11.38,11.38,0.01,+0.09%,0
"2024-03-12 14:38",11.35,11.37,11.34,11.34,-0.04,-0.35%,0
"2024-03-12 14:39",11.34,11.36,11.34,11.36,0.02,+0.18%,0
"2024-03-12 14:40",11.33,11.39,11.33,11.39,0.03,+0.26%,0
"2024-03-12 14:41",11.38,11.46,11.38,11.46,0.07,+0.61%,0
"2024-03-12 14:42",11.46,11.48,11.46,11.46,0,0.00%,0
"2024-03-12 14:43",11.46,11.63,11.46,11.63,0.17,+1.48%,0
"2024-03-12 14:44",11.64,11.64,11.52,11.53,-0.1,-0.86%,0
"2024-03-12 14:45",11.52,11.52,11.37,11.37,-0.16,-1.39%,0
"2024-03-12 14:46",11.34,11.34,11.31,11.32,-0.05,-0.44%,0
"2024-03-12 14:47",11.33,11.33,11.25,11.26,-0.06,-0.53%,0
"2024-03-12 14:48",11.26,11.32,11.26,11.3,0.04,+0.36%,0
"2024-03-12 14:49",11.31,11.32,11.31,11.32,0.02,+0.18%,0
"2024-03-12 14:50",11.32,11.34,11.32,11.34,0.02,+0.18%,0
"2024-03-12 14:51",11.33,11.4,11.33,11.4,0.06,+0.53%,0
"2024-03-12 14:52",11.39,11.4,11.36,11.36,-0.04,-0.35%,0
"2024-03-12 14:53",11.39,11.44,11.39,11.42,0.06,+0.53%,0
"2024-03-12 14:54",11.41,11.43,11.4,11.4,-0.02,-0.18%,0
"2024-03-12 14:55",11.41,11.41,11.39,11.4,0,0.00%,0
"2024-03-12 14:56",11.41,11.43,11.41,11.43,0.03,+0.26%,0
"2024-03-12 14:57",11.45,11.49,11.45,11.49,0.06,+0.52%,0
"2024-03-12 14:58",11.51,11.51,11.5,11.51,0.02,+0.17%,0
"2024-03-12 14:59",11.44,11.52,11.44,11.51,0,0.00%,0
"2024-03-12 15:00",11.52,11.54,11.52,11.54,0.03,+0.26%,0
"2024-03-12 15:01",11.55,11.57,11.51,11.51,-0.03,-0.26%,0
"2024-03-12 15:02",11.52,11.55,11.49,11.49,-0.02,-0.17%,0
"2024-03-12 15:03",11.43,11.43,11.33,11.33,-0.16,-1.39%,0
"2024-03-12 15:04",11.3,11.31,11.3,11.31,-0.02,-0.18%,0
"2024-03-12 15:05",11.28,11.3,11.28,11.29,-0.02,-0.18%,0
"2024-03-12 15:06",11.29,11.29,11.26,11.26,-0.03,-0.27%,0
"2024-03-12 15:07",11.26,11.3,11.25,11.25,-0.01,-0.09%,0
"2024-03-12 15:08",11.25,11.26,11.24,11.24,-0.01,-0.09%,0
"2024-03-12 15:09",11.24,11.24,11.23,11.23,-0.01,-0.09%,0
"2024-03-12 15:10",11.23,11.24,11.22,11.23,0,0.00%,0
"2024-03-12 15:11",11.22,11.22,11.2,11.2,-0.03,-0.27%,0
"2024-03-12 15:12",11.23,11.23,11.22,11.22,0.02,+0.18%,0
"2024-03-12 15:13",11.22,11.22,11.2,11.21,-0.01,-0.09%,0
"2024-03-12 15:14",11.21,11.21,11.17,11.17,-0.04,-0.36%,0
"2024-03-12 15:15",11.16,11.18,11.16,11.18,0.01,+0.09%,0
"2024-03-12 15:16",11.17,11.2,11.17,11.2,0.02,+0.18%,0
"2024-03-12 15:17",11.22,11.26,11.22,11.25,0.05,+0.45%,0
"2024-03-12 15:18",11.27,11.27,11.24,11.25,0,0.00%,0
"2024-03-12 15:19",11.24,11.24,11.18,11.18,-0.07,-0.62%,0
"2024-03-12 15:20",11.2,11.2,11.16,11.16,-0.02,-0.18%,0
"2024-03-12 15:21",11.16,11.16,11.06,11.06,-0.1,-0.90%,0
"2024-03-12 15:22",11.03,11.03,10.95,10.95,-0.11,-0.99%,0
"2024-03-12 15:23",10.95,10.95,10.9,10.9,-0.05,-0.46%,0
"2024-03-12 15:24",10.88,10.89,10.87,10.88,-0.02,-0.18%,0
"2024-03-12 15:25",10.87,10.87,10.85,10.85,-0.03,-0.28%,0
"2024-03-12 15:26",10.84,10.85,10.84,10.85,0,0.00%,0
"2024-03-12 15:27",10.84,10.84,10.81,10.83,-0.02,-0.18%,0
"2024-03-12 15:28",10.86,10.89,10.86,10.86,0.03,+0.28%,0
"2024-03-12 15:29",10.85,10.85,10.83,10.83,-0.03,-0.28%,0
"2024-03-12 15:30",10.82,10.89,10.82,10.89,0.06,+0.55%,0
"2024-03-12 15:31",10.91,10.94,10.91,10.93,0.04,+0.37%,0
"2024-03-12 15:32",10.95,11.06,10.95,11.06,0.13,+1.19%,0
"2024-03-12 15:33",11.06,11.07,11.02,11.03,-0.03,-0.27%,0
"2024-03-12 15:34",11.04,11.05,11.03,11.05,0.02,+0.18%,0
"2024-03-12 15:35",11.08,11.1,11.07,11.1,0.05,+0.45%,0
"2024-03-12 15:36",11.08,11.08,11.02,11.03,-0.07,-0.63%,0
"2024-03-12 15:37",11.04,11.04,11.03,11.03,0,0.00%,0
"2024-03-12 15:38",10.98,10.98,10.95,10.95,-0.08,-0.73%,0
"2024-03-12 15:39",10.98,11.03,10.98,11,0.05,+0.46%,0
"2024-03-12 15:40",10.98,10.98,10.93,10.93,-0.07,-0.64%,0
"2024-03-12 15:41",10.92,10.92,10.88,10.88,-0.05,-0.46%,0
"2024-03-12 15:42",10.86,10.87,10.86,10.87,-0.01,-0.09%,0
"2024-03-12 15:43",10.85,10.87,10.85,10.87,0,0.00%,0
"2024-03-12 15:44",10.86,10.86,10.84,10.84,-0.03,-0.28%,0
"2024-03-12 15:45",10.86,10.86,10.81,10.81,-0.03,-0.28%,0
"2024-03-12 15:46",10.79,10.81,10.75,10.75,-0.06,-0.56%,0
"2024-03-12 15:47",10.75,10.75,10.73,10.73,-0.02,-0.19%,0
"2024-03-12 15:48",10.72,10.73,10.7,10.7,-0.03,-0.28%,0
"2024-03-12 15:49",10.68,10.68,10.68,10.68,-0.02,-0.19%,0
"2024-03-12 15:50",10.69,10.71,10.67,10.67,-0.01,-0.09%,0
"2024-03-12 15:51",10.62,10.63,10.6,10.6,-0.07,-0.66%,0
"2024-03-12 15:52",10.56,10.59,10.56,10.59,-0.01,-0.09%,0
"2024-03-12 15:53",10.66,10.66,10.66,10.66,0.07,+0.66%,0
"2024-03-12 15:54",10.69,10.71,10.68,10.68,0.02,+0.19%,0
"2024-03-12 15:55",10.7,10.7,10.66,10.66,-0.02,-0.19%,0
"2024-03-12 15:56",10.68,10.69,10.68,10.69,0.03,+0.28%,0
"2024-03-12 15:57",10.64,10.7,10.63,10.63,-0.06,-0.56%,0
"2024-03-12 15:58",10.6,10.6,10.53,10.53,-0.1,-0.94%,0
"2024-03-12 15:59",10.52,10.55,10.4,10.4,-0.13,-1.23%,0
"2024-03-12 16:00",10.3,10.41,10.29,10.29,-0.11,-1.06%,0
"2024-03-12 16:01",10.23,10.23,9.84,10.2,-0.09,-0.87%,0
"2024-03-12 16:02",9.87,10.16,9.86,10.16,-0.04,-0.39%,0
"2024-03-12 16:03",10.14,10.14,9.81,9.83,-0.33,-3.25%,0
"2024-03-12 16:04",9.91,10.16,9.91,10.15,0.32,+3.26%,0
"2024-03-12 16:05",9.9,10.21,9.9,10.21,0.06,+0.59%,0
"2024-03-12 16:06",10.24,10.24,9.98,10.01,-0.2,-1.96%,0
"2024-03-12 16:07",9.99,10.01,9.99,9.99,-0.02,-0.20%,0
"2024-03-12 16:08",10.03,10.05,10.02,10.05,0.06,+0.60%,0
"2024-03-12 16:09",10.06,10.07,10.06,10.06,0.01,+0.10%,0
"2024-03-12 16:10",10.06,10.07,10.06,10.07,0.01,+0.10%,0
"2024-03-12 16:11",10.06,10.06,10.04,10.04,-0.03,-0.30%,0
"2024-03-12 16:12",10.1,10.16,10.1,10.16,0.12,+1.20%,0
"2024-03-12 16:13",10.43,10.45,10.43,10.43,0.27,+2.66%,0
"2024-03-12 16:14",10.43,10.47,10.42,10.47,0.04,+0.38%,0
"2024-03-12 16:15",10.45,10.45,10.45,10.45,-0.02,-0.19%,0
"2024-03-13 09:31",7.99,7.99,7.76,7.76,-2.69,-25.74%,0
"2024-03-13 09:32",7.76,7.76,7.71,7.74,-0.02,-0.26%,0
"2024-03-13 09:33",7.77,7.77,7.72,7.72,-0.02,-0.26%,0
"2024-03-13 09:34",7.7,7.71,7.7,7.71,-0.01,-0.13%,0
"2024-03-13 09:35",7.7,7.7,7.6,7.6,-0.11,-1.43%,0
"2024-03-13 09:36",7.61,7.78,7.61,7.75,0.15,+1.97%,0
"2024-03-13 09:37",7.82,7.92,7.82,7.92,0.17,+2.19%,0
"2024-03-13 09:38",7.9,7.99,7.9,7.99,0.07,+0.88%,0
"2024-03-13 09:39",7.97,8.07,7.97,8.07,0.08,+1.00%,0
"2024-03-13 09:40",8.03,8.16,8.03,8.16,0.09,+1.12%,0
"2024-03-13 09:41",8.18,8.28,8,8,-0.16,-1.96%,0
"2024-03-13 09:42",8.07,8.23,8.07,8.23,0.23,+2.88%,0
"2024-03-13 09:43",8.08,8.16,8.08,8.16,-0.07,-0.85%,0
"2024-03-13 09:44",8.2,8.22,8.19,8.22,0.06,+0.74%,0
"2024-03-13 09:45",8.25,8.43,8.2,8.2,-0.02,-0.24%,0
"2024-03-13 09:46",8.14,8.38,8.14,8.38,0.18,+2.20%,0
"2024-03-13 09:47",8.38,8.38,8.16,8.16,-0.22,-2.63%,0
"2024-03-13 09:48",8.16,8.23,8.16,8.2,0.04,+0.49%,0
"2024-03-13 09:49",8.16,8.26,8.16,8.22,0.02,+0.24%,0
"2024-03-13 09:50",8.22,8.24,8.2,8.22,0,0.00%,0
"2024-03-13 09:51",8.22,8.26,8.22,8.26,0.04,+0.49%,0
"2024-03-13 09:52",8.26,8.28,8.25,8.25,-0.01,-0.12%,0
"2024-03-13 09:53",8.27,8.36,8.27,8.36,0.11,+1.33%,0
"2024-03-13 09:54",8.3,8.34,8.3,8.32,-0.04,-0.48%,0
"2024-03-13 09:55",8.34,8.35,8.34,8.34,0.02,+0.24%,0
"2024-03-13 09:56",8.34,8.39,8.34,8.36,0.02,+0.24%,0
"2024-03-13 09:57",8.39,8.4,8.38,8.38,0.02,+0.24%,0
"2024-03-13 09:58",8.37,8.43,8.37,8.43,0.05,+0.60%,0
"2024-03-13 09:59",8.44,8.46,8.44,8.46,0.03,+0.36%,0
"2024-03-13 10:00",8.46,8.56,8.46,8.56,0.1,+1.18%,0
"2024-03-13 10:01",8.55,8.61,8.55,8.55,-0.01,-0.12%,0
"2024-03-13 10:02",8.46,8.51,8.46,8.48,-0.07,-0.82%,0
"2024-03-13 10:03",8.47,8.51,8.47,8.48,0,0.00%,0
"2024-03-13 10:04",8.45,8.45,8.37,8.37,-0.11,-1.30%,0
"2024-03-13 10:05",8.36,8.4,8.36,8.4,0.03,+0.36%,0
"2024-03-13 10:06",8.38,8.38,8.22,8.22,-0.18,-2.14%,0
"2024-03-13 10:07",8.23,8.32,8.23,8.32,0.1,+1.22%,0
"2024-03-13 10:08",8.28,8.31,8.28,8.31,-0.01,-0.12%,0
"2024-03-13 10:09",8.32,8.32,8.29,8.29,-0.02,-0.24%,0
"2024-03-13 10:10",8.3,8.37,8.3,8.37,0.08,+0.97%,0
"2024-03-13 10:11",8.39,8.39,8.22,8.22,-0.15,-1.79%,0
"2024-03-13 10:12",8.19,8.27,8.19,8.25,0.03,+0.36%,0
"2024-03-13 10:13",8.24,8.28,8.24,8.28,0.03,+0.36%,0
"2024-03-13 10:14",8.28,8.32,8.28,8.31,0.03,+0.36%,0
"2024-03-13 10:15",8.33,8.34,8.28,8.28,-0.03,-0.36%,0
"2024-03-13 10:16",8.29,8.32,8.28,8.32,0.04,+0.48%,0
"2024-03-13 10:17",8.37,8.4,8.37,8.4,0.08,+0.96%,0
"2024-03-13 10:18",8.4,8.4,8.3,8.3,-0.1,-1.19%,0
"2024-03-13 10:19",8.29,8.34,8.29,8.34,0.04,+0.48%,0
"2024-03-13 10:20",8.37,8.4,8.37,8.39,0.05,+0.60%,0
"2024-03-13 10:21",8.38,8.42,8.38,8.42,0.03,+0.36%,0
"2024-03-13 10:22",8.43,8.44,8.43,8.44,0.02,+0.24%,0
"2024-03-13 10:23",8.45,8.49,8.45,8.45,0.01,+0.12%,0
"2024-03-13 10:24",8.46,8.48,8.46,8.47,0.02,+0.24%,0
"2024-03-13 10:25",8.45,8.46,8.45,8.46,-0.01,-0.12%,0
"2024-03-13 10:26",8.46,8.46,8.44,8.44,-0.02,-0.24%,0
"2024-03-13 10:27",8.45,8.49,8.45,8.46,0.02,+0.24%,0
"2024-03-13 10:28",8.44,8.46,8.44,8.45,-0.01,-0.12%,0
"2024-03-13 10:29",8.42,8.43,8.41,8.41,-0.04,-0.47%,0
"2024-03-13 10:30",8.42,8.43,8.4,8.41,0,0.00%,0
"2024-03-13 10:31",8.41,8.45,8.41,8.42,0.01,+0.12%,0
"2024-03-13 10:32",8.41,8.45,8.41,8.43,0.01,+0.12%,0
"2024-03-13 10:33",8.42,8.42,8.38,8.38,-0.05,-0.59%,0
"2024-03-13 10:34",8.38,8.4,8.38,8.39,0.01,+0.12%,0
"2024-03-13 10:35",8.41,8.45,8.41,8.45,0.06,+0.72%,0
"2024-03-13 10:36",8.47,8.5,8.47,8.49,0.04,+0.47%,0
"2024-03-13 10:37",8.53,8.65,8.53,8.65,0.16,+1.88%,0
"2024-03-13 10:38",8.59,8.6,8.57,8.6,-0.05,-0.58%,0
"2024-03-13 10:39",8.6,8.67,8.6,8.66,0.06,+0.70%,0
"2024-03-13 10:40",8.68,8.72,8.68,8.7,0.04,+0.46%,0
"2024-03-13 10:41",8.71,8.74,8.71,8.72,0.02,+0.23%,0
"2024-03-13 10:42",8.71,8.71,8.64,8.64,-0.08,-0.92%,0
"2024-03-13 10:43",8.6,8.6,8.57,8.57,-0.07,-0.81%,0
"2024-03-13 10:44",8.57,8.57,8.54,8.55,-0.02,-0.23%,0
"2024-03-13 10:45",8.52,8.54,8.52,8.54,-0.01,-0.12%,0
"2024-03-13 10:46",8.52,8.54,8.52,8.53,-0.01,-0.12%,0
"2024-03-13 10:47",8.54,8.67,8.54,8.66,0.13,+1.52%,0
"2024-03-13 10:48",8.67,8.75,8.67,8.75,0.09,+1.04%,0
"2024-03-13 10:49",8.76,8.77,8.76,8.77,0.02,+0.23%,0
"2024-03-13 10:50",8.77,8.82,8.77,8.8,0.03,+0.34%,0
"2024-03-13 10:51",8.83,8.83,8.81,8.83,0.03,+0.34%,0
"2024-03-13 10:52",8.87,8.87,8.81,8.82,-0.01,-0.11%,0
"2024-03-13 10:53",8.8,8.87,8.8,8.87,0.05,+0.57%,0
"2024-03-13 10:54",8.85,8.9,8.84,8.84,-0.03,-0.34%,0
"2024-03-13 10:55",8.79,8.91,8.79,8.91,0.07,+0.79%,0
"2024-03-13 10:56",8.89,8.93,8.89,8.93,0.02,+0.22%,0
"2024-03-13 10:57",8.96,8.96,8.87,8.87,-0.06,-0.67%,0
"2024-03-13 10:58",8.85,8.91,8.81,8.91,0.04,+0.45%,0
"2024-03-13 10:59",8.9,8.92,8.9,8.91,0,0.00%,0
"2024-03-13 11:00",8.88,8.93,8.88,8.93,0.02,+0.22%,0
"2024-03-13 11:01",8.93,8.95,8.93,8.95,0.02,+0.22%,0
"2024-03-13 11:02",8.96,8.96,8.93,8.93,-0.02,-0.22%,0
"2024-03-13 11:03",8.92,8.92,8.88,8.88,-0.05,-0.56%,0
"2024-03-13 11:04",8.87,8.87,8.84,8.84,-0.04,-0.45%,0
"2024-03-13 11:05",8.82,8.82,8.78,8.78,-0.06,-0.68%,0
"2024-03-13 11:06",8.81,8.81,8.8,8.81,0.03,+0.34%,0
"2024-03-13 11:07",8.78,8.8,8.78,8.8,-0.01,-0.11%,0
"2024-03-13 11:08",8.82,8.9,8.82,8.9,0.1,+1.14%,0
"2024-03-13 11:09",8.89,8.89,8.84,8.84,-0.06,-0.67%,0
"2024-03-13 11:10",8.82,8.86,8.82,8.86,0.02,+0.23%,0
"2024-03-13 11:11",8.86,8.87,8.86,8.87,0.01,+0.11%,0
"2024-03-13 11:12",8.89,8.9,8.88,8.88,0.01,+0.11%,0
"2024-03-13 11:13",8.87,8.87,8.85,8.85,-0.03,-0.34%,0
"2024-03-13 11:14",8.85,8.92,8.85,8.92,0.07,+0.79%,0
"2024-03-13 11:15",8.92,8.92,8.88,8.88,-0.04,-0.45%,0
"2024-03-13 11:16",8.88,8.88,8.86,8.86,-0.02,-0.23%,0
"2024-03-13 11:17",8.86,8.91,8.86,8.91,0.05,+0.56%,0
"2024-03-13 11:18",8.88,8.88,8.88,8.88,-0.03,-0.34%,0
"2024-03-13 11:19",8.88,8.9,8.88,8.88,0,0.00%,0
"2024-03-13 11:20",8.88,8.91,8.88,8.91,0.03,+0.34%,0
"2024-03-13 11:21",8.91,8.93,8.91,8.91,0,0.00%,0
"2024-03-13 11:22",8.91,8.93,8.91,8.91,0,0.00%,0
"2024-03-13 11:23",8.91,8.91,8.9,8.91,0,0.00%,0
"2024-03-13 11:24",8.93,8.96,8.93,8.96,0.05,+0.56%,0
"2024-03-13 11:25",8.96,8.98,8.96,8.97,0.01,+0.11%,0
"2024-03-13 11:26",8.97,9,8.97,8.99,0.02,+0.22%,0
"2024-03-13 11:27",9.01,9.04,9.01,9.04,0.05,+0.56%,0
"2024-03-13 11:28",9.08,9.14,9.08,9.11,0.07,+0.77%,0
"2024-03-13 11:29",9.09,9.15,9.09,9.12,0.01,+0.11%,0
"2024-03-13 11:30",9.1,9.14,9.1,9.12,0,0.00%,0
"2024-03-13 11:31",9.08,9.11,9.06,9.06,-0.06,-0.66%,0
"2024-03-13 11:32",9.05,9.05,9.04,9.05,-0.01,-0.11%,0
"2024-03-13 11:33",9.06,9.07,9.06,9.06,0.01,+0.11%,0
"2024-03-13 11:34",9.09,9.13,9.09,9.13,0.07,+0.77%,0
"2024-03-13 11:35",9.13,9.13,9.08,9.08,-0.05,-0.55%,0
"2024-03-13 11:36",9.09,9.11,9.09,9.09,0.01,+0.11%,0
"2024-03-13 11:37",9.07,9.08,9.07,9.08,-0.01,-0.11%,0
"2024-03-13 11:38",9.08,9.09,9.07,9.07,-0.01,-0.11%,0
"2024-03-13 11:39",9.07,9.11,9.07,9.11,0.04,+0.44%,0
"2024-03-13 11:40",9.12,9.15,9.11,9.12,0.01,+0.11%,0
"2024-03-13 11:41",9.12,9.17,9.12,9.17,0.05,+0.55%,0
"2024-03-13 11:42",9.2,9.22,9.2,9.22,0.05,+0.55%,0
"2024-03-13 11:43",9.23,9.32,9.23,9.32,0.1,+1.08%,0
"2024-03-13 11:44",9.28,9.28,9.23,9.25,-0.07,-0.75%,0
"2024-03-13 11:45",9.27,9.32,9.27,9.32,0.07,+0.76%,0
"2024-03-13 11:46",9.35,9.38,9.35,9.35,0.03,+0.32%,0
"2024-03-13 11:47",9.32,9.39,9.32,9.39,0.04,+0.43%,0
"2024-03-13 11:48",9.39,9.39,9.38,9.38,-0.01,-0.11%,0
"2024-03-13 11:49",9.38,9.41,9.35,9.35,-0.03,-0.32%,0
"2024-03-13 11:50",9.36,9.36,9.33,9.33,-0.02,-0.21%,0
"2024-03-13 11:51",9.34,9.35,9.31,9.31,-0.02,-0.21%,0
"2024-03-13 11:52",9.31,9.33,9.31,9.32,0.01,+0.11%,0
"2024-03-13 11:53",9.31,9.33,9.31,9.33,0.01,+0.11%,0
"2024-03-13 11:54",9.33,9.36,9.33,9.35,0.02,+0.21%,0
"2024-03-13 11:55",9.35,9.35,9.31,9.31,-0.04,-0.43%,0
"2024-03-13 11:56",9.31,9.33,9.31,9.33,0.02,+0.21%,0
"2024-03-13 11:57",9.32,9.36,9.32,9.36,0.03,+0.32%,0
"2024-03-13 11:58",9.35,9.35,9.35,9.35,-0.01,-0.11%,0
"2024-03-13 11:59",9.35,9.37,9.35,9.37,0.02,+0.21%,0
"2024-03-13 12:00",9.36,9.37,9.36,9.37,0,0.00%,0
"2024-03-13 12:01",9.36,9.41,9.36,9.41,0.04,+0.43%,0
"2024-03-13 12:02",9.41,9.46,9.41,9.46,0.05,+0.53%,0
"2024-03-13 12:03",9.44,9.46,9.41,9.41,-0.05,-0.53%,0
"2024-03-13 12:04",9.42,9.46,9.42,9.45,0.04,+0.43%,0
"2024-03-13 12:05",9.46,9.54,9.46,9.5,0.05,+0.53%,0
"2024-03-13 12:06",9.48,9.51,9.48,9.49,-0.01,-0.11%,0
"2024-03-13 12:07",9.5,9.5,9.49,9.5,0.01,+0.11%,0
"2024-03-13 12:08",9.51,9.55,9.51,9.55,0.05,+0.53%,0
"2024-03-13 12:09",9.53,9.57,9.53,9.57,0.02,+0.21%,0
"2024-03-13 12:10",9.56,9.58,9.56,9.58,0.01,+0.10%,0
"2024-03-13 12:11",9.58,9.58,9.55,9.55,-0.03,-0.31%,0
"2024-03-13 12:12",9.55,9.55,9.54,9.54,-0.01,-0.10%,0
"2024-03-13 12:13",9.54,9.59,9.54,9.57,0.03,+0.31%,0
"2024-03-13 12:14",9.56,9.58,9.56,9.58,0.01,+0.10%,0
"2024-03-13 12:15",9.58,9.59,9.58,9.59,0.01,+0.10%,0
"2024-03-13 12:16",9.58,9.59,9.58,9.59,0,0.00%,0
"2024-03-13 12:17",9.59,9.61,9.59,9.6,0.01,+0.10%,0
"2024-03-13 12:18",9.6,9.61,9.6,9.61,0.01,+0.10%,0
"2024-03-13 12:19",9.6,9.62,9.6,9.61,0,0.00%,0
"2024-03-13 12:20",9.6,9.61,9.6,9.6,-0.01,-0.10%,0
"2024-03-13 12:21",9.59,9.63,9.59,9.63,0.03,+0.31%,0
"2024-03-13 12:22",9.63,9.65,9.63,9.63,0,0.00%,0
"2024-03-13 12:23",9.63,9.65,9.63,9.65,0.02,+0.21%,0
"2024-03-13 12:24",9.66,9.69,9.66,9.69,0.04,+0.41%,0
"2024-03-13 12:25",9.65,9.67,9.65,9.67,-0.02,-0.21%,0
"2024-03-13 12:26",9.67,9.7,9.67,9.7,0.03,+0.31%,0
"2024-03-13 12:27",9.7,9.76,9.7,9.76,0.06,+0.62%,0
"2024-03-13 12:28",9.73,9.78,9.73,9.78,0.02,+0.20%,0
"2024-03-13 12:29",9.79,9.8,9.79,9.8,0.02,+0.20%,0
"2024-03-13 12:30",9.79,9.79,9.73,9.73,-0.07,-0.71%,0
"2024-03-13 12:31",9.74,9.81,9.74,9.81,0.08,+0.82%,0
"2024-03-13 12:32",9.81,9.84,9.81,9.84,0.03,+0.31%,0
"2024-03-13 12:33",9.84,9.85,9.84,9.84,0,0.00%,0
"2024-03-13 12:34",9.82,9.86,9.82,9.86,0.02,+0.20%,0
"2024-03-13 12:35",9.81,9.84,9.81,9.84,-0.02,-0.20%,0
"2024-03-13 12:36",9.84,9.85,9.84,9.85,0.01,+0.10%,0
"2024-03-13 12:37",9.84,9.86,9.83,9.83,-0.02,-0.20%,0
"2024-03-13 12:38",9.84,9.85,9.84,9.85,0.02,+0.20%,0
"2024-03-13 12:39",9.84,9.85,9.84,9.84,-0.01,-0.10%,0
"2024-03-13 12:40",9.81,9.85,9.81,9.85,0.01,+0.10%,0
"2024-03-13 12:41",9.86,9.87,9.85,9.85,0,0.00%,0
"2024-03-13 12:42",9.84,9.84,9.84,9.84,-0.01,-0.10%,0
"2024-03-13 12:43",9.84,9.85,9.84,9.85,0.01,+0.10%,0
"2024-03-13 12:44",9.85,9.88,9.85,9.88,0.03,+0.30%,0
"2024-03-13 12:45",9.87,9.9,9.87,9.9,0.02,+0.20%,0
"2024-03-13 12:46",9.89,9.92,9.89,9.91,0.01,+0.10%,0
"2024-03-13 12:47",9.93,9.93,9.93,9.93,0.02,+0.20%,0
"2024-03-13 12:48",9.93,9.97,9.93,9.97,0.04,+0.40%,0
"2024-03-13 12:49",9.97,10.01,9.97,10.01,0.04,+0.40%,0
"2024-03-13 12:50",10,10,9.98,9.98,-0.03,-0.30%,0
"2024-03-13 12:51",9.99,10.03,9.99,10.02,0.04,+0.40%,0
"2024-03-13 12:52",10.02,10.04,10.02,10.04,0.02,+0.20%,0
"2024-03-13 12:53",10.03,10.07,10.03,10.07,0.03,+0.30%,0
"2024-03-13 12:54",10.06,10.09,10.06,10.07,0,0.00%,0
"2024-03-13 12:55",10.07,10.07,10.06,10.07,0,0.00%,0
"2024-03-13 12:56",10.07,10.1,10.07,10.1,0.03,+0.30%,0
"2024-03-13 12:57",10.1,10.14,10.1,10.14,0.04,+0.40%,0
"2024-03-13 12:58",10.13,10.16,10.13,10.14,0,0.00%,0
"2024-03-13 12:59",10.13,10.15,10.13,10.15,0.01,+0.10%,0
"2024-03-13 13:00",10.15,10.17,10.13,10.13,-0.02,-0.20%,0
"2024-03-13 13:01",10.14,10.22,10.14,10.22,0.09,+0.89%,0
"2024-03-13 13:02",10.23,10.23,10.02,10.02,-0.2,-1.96%,0
"2024-03-13 13:03",10.02,10.02,10,10.02,0,0.00%,0
"2024-03-13 13:04",10.01,10.04,10.01,10.02,0,0.00%,0
"2024-03-13 13:05",10,10,9.99,9.99,-0.03,-0.30%,0
"2024-03-13 13:06",9.98,10,9.98,10,0.01,+0.10%,0
"2024-03-13 13:07",9.98,10,9.97,9.97,-0.03,-0.30%,0
"2024-03-13 13:08",9.96,9.96,9.91,9.91,-0.06,-0.60%,0
"2024-03-13 13:09",9.9,9.9,9.86,9.89,-0.02,-0.20%,0
"2024-03-13 13:10",9.91,9.97,9.91,9.97,0.08,+0.81%,0
"2024-03-13 13:11",9.98,9.99,9.98,9.99,0.02,+0.20%,0
"2024-03-13 13:12",9.99,10.03,9.99,10.01,0.02,+0.20%,0
"2024-03-13 13:13",10.02,10.03,10.02,10.03,0.02,+0.20%,0
"2024-03-13 13:14",10.03,10.07,10.03,10.07,0.04,+0.40%,0
"2024-03-13 13:15",10.06,10.07,10.06,10.07,0,0.00%,0
"2024-03-13 13:16",10.07,10.1,10.07,10.1,0.03,+0.30%,0
"2024-03-13 13:17",10.12,10.14,10.12,10.14,0.04,+0.40%,0
"2024-03-13 13:18",10.11,10.13,10.11,10.13,-0.01,-0.10%,0
"2024-03-13 13:19",10.13,10.13,10.13,10.13,0,0.00%,0
"2024-03-13 13:20",10.12,10.14,10.11,10.14,0.01,+0.10%,0
"2024-03-13 13:21",10.14,10.14,10.14,10.14,0,0.00%,0
"2024-03-13 13:22",10.14,10.16,10.14,10.15,0.01,+0.10%,0
"2024-03-13 13:23",10.13,10.16,10.13,10.16,0.01,+0.10%,0
"2024-03-13 13:24",10.15,10.16,10.15,10.16,0,0.00%,0
"2024-03-13 13:25",10.15,10.16,10.14,10.14,-0.02,-0.20%,0
"2024-03-13 13:26",10.15,10.16,10.15,10.15,0.01,+0.10%,0
"2024-03-13 13:27",10.16,10.17,10.15,10.15,0,0.00%,0
"2024-03-13 13:28",10.14,10.16,10.14,10.16,0.01,+0.10%,0
"2024-03-13 13:29",10.16,10.18,10.16,10.18,0.02,+0.20%,0
"2024-03-13 13:30",10.17,10.19,10.16,10.16,-0.02,-0.20%,0
"2024-03-13 13:31",10.15,10.17,10.14,10.14,-0.02,-0.20%,0
"2024-03-13 13:32",10.13,10.13,10.01,10.01,-0.13,-1.28%,0
"2024-03-13 13:33",10.02,10.12,10.02,10.12,0.11,+1.10%,0
"2024-03-13 13:34",10.13,10.21,10.13,10.21,0.09,+0.89%,0
"2024-03-13 13:35",10.21,10.21,10.19,10.19,-0.02,-0.20%,0
"2024-03-13 13:36",10.19,10.21,10.19,10.19,0,0.00%,0
"2024-03-13 13:37",10.18,10.2,10.17,10.17,-0.02,-0.20%,0
"2024-03-13 13:38",10.13,10.17,10.13,10.14,-0.03,-0.29%,0
"2024-03-13 13:39",10.15,10.17,10.15,10.16,0.02,+0.20%,0
"2024-03-13 13:40",10.13,10.14,10.1,10.1,-0.06,-0.59%,0
"2024-03-13 13:41",10.11,10.12,10.11,10.11,0.01,+0.10%,0
"2024-03-13 13:42",10.1,10.13,10.1,10.13,0.02,+0.20%,0
"2024-03-13 13:43",10.14,10.17,10.14,10.17,0.04,+0.39%,0
"2024-03-13 13:44",10.21,10.27,10.21,10.27,0.1,+0.98%,0
"2024-03-13 13:45",10.28,10.29,10.26,10.26,-0.01,-0.10%,0
"2024-03-13 13:46",10.26,10.32,10.26,10.32,0.06,+0.58%,0
"2024-03-13 13:47",10.32,10.36,10.31,10.31,-0.01,-0.10%,0
"2024-03-13 13:48",10.31,10.34,10.3,10.3,-0.01,-0.10%,0
"2024-03-13 13:49",10.28,10.28,10.22,10.28,-0.02,-0.19%,0
"2024-03-13 13:50",10.26,10.26,10.22,10.22,-0.06,-0.58%,0
"2024-03-13 13:51",10.22,10.26,10.22,10.26,0.04,+0.39%,0
"2024-03-13 13:52",10.26,10.28,10.26,10.28,0.02,+0.19%,0
"2024-03-13 13:53",10.28,10.28,10.27,10.27,-0.01,-0.10%,0
"2024-03-13 13:54",10.26,10.29,10.26,10.29,0.02,+0.19%,0
"2024-03-13 13:55",10.29,10.29,10.28,10.28,-0.01,-0.10%,0
"2024-03-13 13:56",10.28,10.29,10.28,10.29,0.01,+0.10%,0
"2024-03-13 13:57",10.27,10.28,10.26,10.27,-0.02,-0.19%,0
"2024-03-13 13:58",10.25,10.27,10.25,10.27,0,0.00%,0
"2024-03-13 13:59",10.26,10.26,10.25,10.25,-0.02,-0.19%,0
"2024-03-13 14:00",10.26,10.31,10.26,10.31,0.06,+0.59%,0
"2024-03-13 14:01",10.29,10.3,10.28,10.28,-0.03,-0.29%,0
"2024-03-13 14:02",10.27,10.3,10.27,10.3,0.02,+0.19%,0
"2024-03-13 14:03",10.29,10.35,10.29,10.35,0.05,+0.49%,0
"2024-03-13 14:04",10.36,10.39,10.35,10.39,0.04,+0.39%,0
"2024-03-13 14:05",10.41,10.41,10.39,10.4,0.01,+0.10%,0
"2024-03-13 14:06",10.39,10.39,10.38,10.38,-0.02,-0.19%,0
"2024-03-13 14:07",10.42,10.45,10.42,10.45,0.07,+0.67%,0
"2024-03-13 14:08",10.43,10.44,10.43,10.44,-0.01,-0.10%,0
"2024-03-13 14:09",10.46,10.49,10.46,10.48,0.04,+0.38%,0
"2024-03-13 14:10",10.44,10.46,10.42,10.42,-0.06,-0.57%,0
"2024-03-13 14:11",10.43,10.43,10.42,10.42,0,0.00%,0
"2024-03-13 14:12",10.4,10.41,10.38,10.41,-0.01,-0.10%,0
"2024-03-13 14:13",10.41,10.43,10.41,10.43,0.02,+0.19%,0
"2024-03-13 14:14",10.41,10.44,10.39,10.39,-0.04,-0.38%,0
"2024-03-13 14:15",10.4,10.41,10.38,10.38,-0.01,-0.10%,0
"2024-03-13 14:16",10.36,10.36,10.32,10.32,-0.06,-0.58%,0
"2024-03-13 14:17",10.28,10.31,10.28,10.31,-0.01,-0.10%,0
"2024-03-13 14:18",10.31,10.34,10.31,10.33,0.02,+0.19%,0
"2024-03-13 14:19",10.3,10.33,10.3,10.31,-0.02,-0.19%,0
"2024-03-13 14:20",10.31,10.34,10.31,10.32,0.01,+0.10%,0
"2024-03-13 14:21",10.31,10.35,10.31,10.32,0,0.00%,0
"2024-03-13 14:22",10.33,10.34,10.33,10.34,0.02,+0.19%,0
"2024-03-13 14:23",10.33,10.35,10.33,10.35,0.01,+0.10%,0
"2024-03-13 14:24",10.35,10.36,10.35,10.36,0.01,+0.10%,0
"2024-03-13 14:25",10.37,10.37,10.37,10.37,0.01,+0.10%,0
"2024-03-13 14:26",10.37,10.39,10.37,10.39,0.02,+0.19%,0
"2024-03-13 14:27",10.39,10.39,10.37,10.37,-0.02,-0.19%,0
"2024-03-13 14:28",10.38,10.4,10.38,10.4,0.03,+0.29%,0
"2024-03-13 14:29",10.41,10.44,10.41,10.42,0.02,+0.19%,0
"2024-03-13 14:30",10.43,10.43,10.39,10.39,-0.03,-0.29%,0
"2024-03-13 14:31",10.38,10.4,10.38,10.4,0.01,+0.10%,0
"2024-03-13 14:32",10.4,10.43,10.4,10.42,0.02,+0.19%,0
"2024-03-13 14:33",10.37,10.39,10.37,10.38,-0.04,-0.38%,0
"2024-03-13 14:34",10.37,10.38,10.37,10.38,0,0.00%,0
"2024-03-13 14:35",10.38,10.38,10.35,10.35,-0.03,-0.29%,0
"2024-03-13 14:36",10.34,10.38,10.34,10.36,0.01,+0.10%,0
"2024-03-13 14:37",10.36,10.39,10.36,10.39,0.03,+0.29%,0
"2024-03-13 14:38",10.39,10.39,10.36,10.36,-0.03,-0.29%,0
"2024-03-13 14:39",10.36,10.39,10.36,10.39,0.03,+0.29%,0
"2024-03-13 14:40",10.39,10.4,10.38,10.4,0.01,+0.10%,0
"2024-03-13 14:41",10.39,10.4,10.38,10.38,-0.02,-0.19%,0
"2024-03-13 14:42",10.38,10.39,10.37,10.37,-0.01,-0.10%,0
"2024-03-13 14:43",10.36,10.37,10.36,10.36,-0.01,-0.10%,0
"2024-03-13 14:44",10.36,10.39,10.36,10.38,0.02,+0.19%,0
"2024-03-13 14:45",10.36,10.37,10.35,10.37,-0.01,-0.10%,0
"2024-03-13 14:46",10.37,10.37,10.33,10.33,-0.04,-0.39%,0
"2024-03-13 14:47",10.35,10.35,10.33,10.34,0.01,+0.10%,0
"2024-03-13 14:48",10.31,10.32,10.31,10.32,-0.02,-0.19%,0
"2024-03-13 14:49",10.33,10.34,10.29,10.29,-0.03,-0.29%,0
"2024-03-13 14:50",10.3,10.3,10.29,10.3,0.01,+0.10%,0
"2024-03-13 14:51",10.29,10.33,10.29,10.33,0.03,+0.29%,0
"2024-03-13 14:52",10.33,10.33,10.31,10.32,-0.01,-0.10%,0
"2024-03-13 14:53",10.31,10.32,10.31,10.31,-0.01,-0.10%,0
"2024-03-13 14:54",10.32,10.34,10.32,10.34,0.03,+0.29%,0
"2024-03-13 14:55",10.39,10.42,10.38,10.39,0.05,+0.48%,0
"2024-03-13 14:56",10.41,10.43,10.41,10.43,0.04,+0.38%,0
"2024-03-13 14:57",10.44,10.46,10.44,10.45,0.02,+0.19%,0
"2024-03-13 14:58",10.46,10.52,10.46,10.52,0.07,+0.67%,0
"2024-03-13 14:59",10.56,10.59,10.53,10.53,0.01,+0.10%,0
"2024-03-13 15:00",10.52,10.54,10.48,10.48,-0.05,-0.47%,0
"2024-03-13 15:01",10.47,10.52,10.47,10.52,0.04,+0.38%,0
"2024-03-13 15:02",10.48,10.5,10.48,10.5,-0.02,-0.19%,0
"2024-03-13 15:03",10.48,10.51,10.46,10.46,-0.04,-0.38%,0
"2024-03-13 15:04",10.46,10.49,10.46,10.49,0.03,+0.29%,0
"2024-03-13 15:05",10.5,10.59,10.5,10.59,0.1,+0.95%,0
"2024-03-13 15:06",10.6,10.6,10.55,10.59,0,0.00%,0
"2024-03-13 15:07",10.62,10.7,10.62,10.69,0.1,+0.94%,0
"2024-03-13 15:08",10.69,10.72,10.69,10.69,0,0.00%,0
"2024-03-13 15:09",10.7,10.75,10.7,10.75,0.06,+0.56%,0
"2024-03-13 15:10",10.72,10.75,10.72,10.74,-0.01,-0.09%,0
"2024-03-13 15:11",10.73,10.81,10.73,10.81,0.07,+0.65%,0
"2024-03-13 15:12",10.81,10.82,10.75,10.75,-0.06,-0.56%,0
"2024-03-13 15:13",10.74,10.76,10.74,10.76,0.01,+0.09%,0
"2024-03-13 15:14",10.7,10.79,10.7,10.77,0.01,+0.09%,0
"2024-03-13 15:15",10.75,10.77,10.75,10.76,-0.01,-0.09%,0
"2024-03-13 15:16",10.73,10.73,10.66,10.66,-0.1,-0.93%,0
"2024-03-13 15:17",10.66,10.66,10.49,10.49,-0.17,-1.59%,0
"2024-03-13 15:18",10.43,10.43,10.37,10.37,-0.12,-1.14%,0
"2024-03-13 15:19",10.37,10.37,10.31,10.31,-0.06,-0.58%,0
"2024-03-13 15:20",10.31,10.33,10.31,10.32,0.01,+0.10%,0
"2024-03-13 15:21",10.37,10.41,10.37,10.41,0.09,+0.87%,0
"2024-03-13 15:22",10.4,10.4,10.39,10.4,-0.01,-0.10%,0
"2024-03-13 15:23",10.42,10.49,10.42,10.49,0.09,+0.87%,0
"2024-03-13 15:24",10.52,10.61,10.52,10.61,0.12,+1.14%,0
"2024-03-13 15:25",10.63,10.63,10.59,10.59,-0.02,-0.19%,0
"2024-03-13 15:26",10.57,10.58,10.57,10.58,-0.01,-0.09%,0
"2024-03-13 15:27",10.6,10.81,10.6,10.81,0.23,+2.17%,0
"2024-03-13 15:28",11.16,11.67,11.16,11.62,0.81,+7.49%,0
"2024-03-13 15:29",11.86,12.22,11.67,11.67,0.05,+0.43%,0
"2024-03-13 15:30",11.36,11.36,10.85,10.85,-0.82,-7.03%,0
"2024-03-13 15:31",10.77,11.09,10.77,11.09,0.24,+2.21%,0
"2024-03-13 15:32",11.12,11.63,11.12,11.63,0.54,+4.87%,0
"2024-03-13 15:33",11.72,11.74,11.7,11.74,0.11,+0.95%,0
"2024-03-13 15:34",11.63,11.64,11.6,11.64,-0.1,-0.85%,0
"2024-03-13 15:35",11.67,11.77,11.67,11.77,0.13,+1.12%,0
"2024-03-13 15:36",11.82,11.83,11.8,11.8,0.03,+0.25%,0
"2024-03-13 15:37",11.61,11.89,11.61,11.89,0.09,+0.76%,0
"2024-03-13 15:38",11.67,11.69,11.67,11.69,-0.2,-1.68%,0
"2024-03-13 15:39",11.65,11.65,11.55,11.55,-0.14,-1.20%,0
"2024-03-13 15:40",11.55,11.55,11.52,11.53,-0.02,-0.17%,0
"2024-03-13 15:41",11.52,11.53,11.45,11.46,-0.07,-0.61%,0
"2024-03-13 15:42",11.58,11.6,11.43,11.43,-0.03,-0.26%,0
"2024-03-13 15:43",11.46,11.51,11.46,11.5,0.07,+0.61%,0
"2024-03-13 15:44",11.51,11.51,11.25,11.25,-0.25,-2.17%,0
"2024-03-13 15:45",11.52,11.63,11.52,11.63,0.38,+3.38%,0
"2024-03-13 15:46",11.64,11.64,11.33,11.33,-0.3,-2.58%,0
"2024-03-13 15:47",11.27,11.28,11.27,11.27,-0.06,-0.53%,0
"2024-03-13 15:48",11.3,11.39,11.3,11.39,0.12,+1.06%,0
"2024-03-13 15:49",11.4,11.43,11.4,11.43,0.04,+0.35%,0
"2024-03-13 15:50",11.43,11.77,11.43,11.77,0.34,+2.97%,0
"2024-03-13 15:51",11.77,12.08,11.77,12.08,0.31,+2.63%,0
"2024-03-13 15:52",12.07,12.15,12.07,12.15,0.07,+0.58%,0
"2024-03-13 15:53",12.17,12.25,12.17,12.25,0.1,+0.82%,0
"2024-03-13 15:54",12.26,12.28,12.04,12.04,-0.21,-1.71%,0
"2024-03-13 15:55",11.97,12.16,11.97,12.16,0.12,+1.00%,0
"2024-03-13 15:56",12.15,12.15,11.91,11.91,-0.25,-2.06%,0
"2024-03-13 15:57",11.94,11.97,11.66,11.66,-0.25,-2.10%,0
"2024-03-13 15:58",11.66,11.66,11.6,11.6,-0.06,-0.51%,0
"2024-03-13 15:59",11.9,11.94,11.66,11.68,0.08,+0.69%,0
"2024-03-13 16:00",11.53,11.53,11.47,11.51,-0.17,-1.46%,0
"2024-03-13 16:01",11.53,11.6,11.53,11.6,0.09,+0.78%,0
"2024-03-13 16:02",11.63,11.71,11.63,11.7,0.1,+0.86%,0
"2024-03-13 16:03",11.71,11.73,11.7,11.73,0.03,+0.26%,0
"2024-03-13 16:04",12.06,12.06,11.75,11.75,0.02,+0.17%,0
"2024-03-13 16:05",11.74,11.74,11.71,11.71,-0.04,-0.34%,0
"2024-03-13 16:06",11.69,12.01,11.68,12.01,0.3,+2.56%,0
"2024-03-13 16:07",12,12,11.74,11.79,-0.22,-1.83%,0
"2024-03-13 16:08",12.13,12.16,12.11,12.11,0.32,+2.71%,0
"2024-03-13 16:09",11.81,12.21,11.81,12.21,0.1,+0.83%,0
"2024-03-13 16:10",12.16,12.19,12.16,12.16,-0.05,-0.41%,0
"2024-03-13 16:11",12.16,12.18,12.15,12.15,-0.01,-0.08%,0
"2024-03-13 16:12",12.17,12.23,12.16,12.23,0.08,+0.66%,0
"2024-03-13 16:13",12.14,12.14,11.85,12.11,-0.12,-0.98%,0
"2024-03-13 16:14",11.87,11.89,11.87,11.89,-0.22,-1.82%,0
"2024-03-13 16:15",11.88,11.88,11.88,11.88,-0.01,-0.08%,0
"2024-03-14 09:31",8.67,8.67,8.53,8.54,-3.34,-28.11%,0
"2024-03-14 09:32",8.54,8.63,8.54,8.63,0.09,+1.05%,0
"2024-03-14 09:33",8.67,8.78,8.67,8.78,0.15,+1.74%,0
"2024-03-14 09:34",8.86,8.91,8.75,8.75,-0.03,-0.34%,0
"2024-03-14 09:35",8.75,8.75,8.62,8.73,-0.02,-0.23%,0
"2024-03-14 09:36",8.72,8.74,8.69,8.69,-0.04,-0.46%,0
"2024-03-14 09:37",8.66,8.66,8.56,8.56,-0.13,-1.50%,0
"2024-03-14 09:38",8.6,8.69,8.6,8.68,0.12,+1.40%,0
"2024-03-14 09:39",8.71,8.77,8.71,8.77,0.09,+1.04%,0
"2024-03-14 09:40",8.78,8.85,8.76,8.76,-0.01,-0.11%,0
"2024-03-14 09:41",8.78,8.8,8.78,8.8,0.04,+0.46%,0
"2024-03-14 09:42",8.81,8.83,8.79,8.79,-0.01,-0.11%,0
"2024-03-14 09:43",8.81,8.88,8.81,8.88,0.09,+1.02%,0
"2024-03-14 09:44",8.97,8.97,8.81,8.83,-0.05,-0.56%,0
"2024-03-14 09:45",8.83,9.05,8.81,9.05,0.22,+2.49%,0
"2024-03-14 09:46",9.07,9.23,9.07,9.12,0.07,+0.77%,0
"2024-03-14 09:47",9.15,9.7,9.15,9.7,0.58,+6.36%,0
"2024-03-14 09:48",9.86,10.13,9.74,10.13,0.43,+4.43%,0
"2024-03-14 09:49",10.43,10.93,10.23,10.23,0.1,+0.99%,0
"2024-03-14 09:50",10.32,11.15,10.32,11.15,0.92,+8.99%,0
"2024-03-14 09:51",11.63,11.63,11.18,11.18,0.03,+0.27%,0
"2024-03-14 09:52",11.16,11.33,11.16,11.29,0.11,+0.98%,0
"2024-03-14 09:53",11.23,11.4,11.23,11.32,0.03,+0.27%,0
"2024-03-14 09:54",11.28,11.34,11.26,11.33,0.01,+0.09%,0
"2024-03-14 09:55",11.35,11.35,10.96,11.07,-0.26,-2.29%,0
"2024-03-14 09:56",11.15,11.24,11.14,11.14,0.07,+0.63%,0
"2024-03-14 09:57",10.92,11.25,10.92,11.25,0.11,+0.99%,0
"2024-03-14 09:58",11.17,11.42,11.17,11.34,0.09,+0.80%,0
"2024-03-14 09:59",11.4,11.58,11.4,11.58,0.24,+2.12%,0
"2024-03-14 10:00",11.66,12.52,11.66,12.4,0.82,+7.08%,0
"2024-03-14 10:01",12.36,12.65,12.36,12.5,0.1,+0.81%,0
"2024-03-14 10:02",12.28,12.41,11.85,11.85,-0.65,-5.20%,0
"2024-03-14 10:03",11.61,11.69,11.34,11.34,-0.51,-4.30%,0
"2024-03-14 10:04",11.38,11.44,11.29,11.29,-0.05,-0.44%,0
"2024-03-14 10:05",11.38,11.5,11.38,11.5,0.21,+1.86%,0
"2024-03-14 10:06",11.54,11.54,11.43,11.48,-0.02,-0.17%,0
"2024-03-14 10:07",11.47,11.51,11.47,11.5,0.02,+0.17%,0
"2024-03-14 10:08",11.41,11.41,11.32,11.33,-0.17,-1.48%,0
"2024-03-14 10:09",11.29,11.29,11.11,11.11,-0.22,-1.94%,0
"2024-03-14 10:10",11.12,11.14,11.08,11.08,-0.03,-0.27%,0
"2024-03-14 10:11",11.07,11.07,10.72,10.72,-0.36,-3.25%,0
"2024-03-14 10:12",10.56,10.56,10.39,10.39,-0.33,-3.08%,0
"2024-03-14 10:13",10.42,10.51,10.35,10.51,0.12,+1.15%,0
"2024-03-14 10:14",10.47,10.58,10.47,10.47,-0.04,-0.38%,0
"2024-03-14 10:15",10.41,10.53,10.41,10.53,0.06,+0.57%,0
"2024-03-14 10:16",10.52,10.72,10.51,10.72,0.19,+1.80%,0
"2024-03-14 10:17",10.65,10.65,10.59,10.65,-0.07,-0.65%,0
"2024-03-14 10:18",10.57,10.79,10.57,10.79,0.14,+1.31%,0
"2024-03-14 10:19",10.7,10.78,10.65,10.65,-0.14,-1.30%,0
"2024-03-14 10:20",10.8,10.83,10.78,10.83,0.18,+1.69%,0
"2024-03-14 10:21",10.93,10.93,10.68,10.73,-0.1,-0.92%,0
"2024-03-14 10:22",10.73,10.87,10.73,10.87,0.14,+1.30%,0
"2024-03-14 10:23",10.87,10.99,10.78,10.78,-0.09,-0.83%,0
"2024-03-14 10:24",10.65,10.76,10.65,10.69,-0.09,-0.83%,0
"2024-03-14 10:25",10.68,10.68,10.52,10.52,-0.17,-1.59%,0
"2024-03-14 10:26",10.51,10.62,10.51,10.57,0.05,+0.48%,0
"2024-03-14 10:27",10.59,10.71,10.59,10.69,0.12,+1.14%,0
"2024-03-14 10:28",10.78,10.81,10.64,10.64,-0.05,-0.47%,0
"2024-03-14 10:29",10.63,10.63,10.45,10.45,-0.19,-1.79%,0
"2024-03-14 10:30",10.33,10.33,10.21,10.24,-0.21,-2.01%,0
"2024-03-14 10:31",10.11,10.16,10.11,10.13,-0.11,-1.07%,0
"2024-03-14 10:32",10.09,10.15,10.08,10.15,0.02,+0.20%,0
"2024-03-14 10:33",10.21,10.22,10.2,10.2,0.05,+0.49%,0
"2024-03-14 10:34",10.24,10.24,10.18,10.18,-0.02,-0.20%,0
"2024-03-14 10:35",10.12,10.19,10.12,10.19,0.01,+0.10%,0
"2024-03-14 10:36",10.16,10.21,10.16,10.21,0.02,+0.20%,0
"2024-03-14 10:37",10.2,10.22,10.16,10.16,-0.05,-0.49%,0
"2024-03-14 10:38",10.15,10.39,10.15,10.39,0.23,+2.26%,0
"2024-03-14 10:39",10.32,10.41,10.29,10.36,-0.03,-0.29%,0
"2024-03-14 10:40",10.32,10.47,10.32,10.47,0.11,+1.06%,0
"2024-03-14 10:41",10.55,10.82,10.55,10.62,0.15,+1.43%,0
"2024-03-14 10:42",10.49,10.59,10.42,10.59,-0.03,-0.28%,0
"2024-03-14 10:43",10.66,10.75,10.66,10.67,0.08,+0.76%,0
"2024-03-14 10:44",10.62,10.74,10.62,10.74,0.07,+0.66%,0
"2024-03-14 10:45",10.8,10.8,10.59,10.63,-0.11,-1.02%,0
"2024-03-14 10:46",10.56,10.7,10.56,10.7,0.07,+0.66%,0
"2024-03-14 10:47",10.7,10.7,10.55,10.55,-0.15,-1.40%,0
"2024-03-14 10:48",10.4,10.55,10.4,10.55,0,0.00%,0
"2024-03-14 10:49",10.61,10.83,10.61,10.83,0.28,+2.65%,0
"2024-03-14 10:50",10.88,10.93,10.81,10.81,-0.02,-0.18%,0
"2024-03-14 10:51",10.74,10.74,10.61,10.64,-0.17,-1.57%,0
"2024-03-14 10:52",10.61,10.8,10.61,10.8,0.16,+1.50%,0
"2024-03-14 10:53",10.85,10.86,10.82,10.82,0.02,+0.19%,0
"2024-03-14 10:54",10.85,10.85,10.75,10.75,-0.07,-0.65%,0
"2024-03-14 10:55",10.89,10.9,10.81,10.86,0.11,+1.02%,0
"2024-03-14 10:56",10.92,10.96,10.92,10.96,0.1,+0.92%,0
"2024-03-14 10:57",10.96,11.1,10.93,11.1,0.14,+1.28%,0
"2024-03-14 10:58",11.12,11.28,10.88,10.88,-0.22,-1.98%,0
"2024-03-14 10:59",10.83,10.98,10.78,10.78,-0.1,-0.92%,0
"2024-03-14 11:00",10.82,10.82,10.69,10.73,-0.05,-0.46%,0
"2024-03-14 11:01",10.71,10.71,10.62,10.62,-0.11,-1.03%,0
"2024-03-14 11:02",10.63,10.63,10.52,10.58,-0.04,-0.38%,0
"2024-03-14 11:03",10.6,10.65,10.58,10.65,0.07,+0.66%,0
"2024-03-14 11:04",10.63,10.72,10.63,10.69,0.04,+0.38%,0
"2024-03-14 11:05",10.69,10.69,10.58,10.58,-0.11,-1.03%,0
"2024-03-14 11:06",10.57,10.66,10.57,10.64,0.06,+0.57%,0
"2024-03-14 11:07",10.75,10.85,10.75,10.85,0.21,+1.97%,0
"2024-03-14 11:08",10.97,11,10.77,10.77,-0.08,-0.74%,0
"2024-03-14 11:09",10.79,10.82,10.71,10.71,-0.06,-0.56%,0
"2024-03-14 11:10",10.71,10.71,10.63,10.63,-0.08,-0.75%,0
"2024-03-14 11:11",10.63,10.69,10.63,10.65,0.02,+0.19%,0
"2024-03-14 11:12",10.67,10.67,10.59,10.59,-0.06,-0.56%,0
"2024-03-14 11:13",10.59,10.63,10.59,10.63,0.04,+0.38%,0
"2024-03-14 11:14",10.66,10.75,10.66,10.75,0.12,+1.13%,0
"2024-03-14 11:15",10.76,10.76,10.7,10.76,0.01,+0.09%,0
"2024-03-14 11:16",10.7,10.75,10.68,10.75,-0.01,-0.09%,0
"2024-03-14 11:17",10.78,10.89,10.78,10.89,0.14,+1.30%,0
"2024-03-14 11:18",10.86,10.86,10.77,10.77,-0.12,-1.10%,0
"2024-03-14 11:19",10.72,10.78,10.72,10.78,0.01,+0.09%,0
"2024-03-14 11:20",10.82,10.99,10.82,10.99,0.21,+1.95%,0
"2024-03-14 11:21",10.95,11.06,10.95,10.97,-0.02,-0.18%,0
"2024-03-14 11:22",11.04,11.12,11.04,11.12,0.15,+1.37%,0
"2024-03-14 11:23",11.09,11.31,11.09,11.31,0.19,+1.71%,0
"2024-03-14 11:24",11.23,11.26,11.15,11.15,-0.16,-1.41%,0
"2024-03-14 11:25",11.24,11.36,11.24,11.3,0.15,+1.35%,0
"2024-03-14 11:26",11.28,11.28,11.2,11.25,-0.05,-0.44%,0
"2024-03-14 11:27",11.22,11.25,11.22,11.24,-0.01,-0.09%,0
"2024-03-14 11:28",11.25,11.26,11.25,11.25,0.01,+0.09%,0
"2024-03-14 11:29",11.23,11.23,11.12,11.14,-0.11,-0.98%,0
"2024-03-14 11:30",11.1,11.17,11.1,11.17,0.03,+0.27%,0
"2024-03-14 11:31",11.17,11.26,11.17,11.26,0.09,+0.81%,0
"2024-03-14 11:32",11.27,11.3,11.27,11.3,0.04,+0.36%,0
"2024-03-14 11:33",11.29,11.3,11.27,11.27,-0.03,-0.27%,0
"2024-03-14 11:34",11.26,11.27,11.25,11.26,-0.01,-0.09%,0
"2024-03-14 11:35",11.2,11.22,11.17,11.22,-0.04,-0.36%,0
"2024-03-14 11:36",11.2,11.2,11.16,11.16,-0.06,-0.53%,0
"2024-03-14 11:37",11.07,11.07,10.98,10.98,-0.18,-1.61%,0
"2024-03-14 11:38",10.94,11.01,10.94,10.96,-0.02,-0.18%,0
"2024-03-14 11:39",10.98,11.06,10.98,11.04,0.08,+0.73%,0
"2024-03-14 11:40",11.02,11.04,10.96,11.04,0,0.00%,0
"2024-03-14 11:41",11.12,11.18,11.07,11.07,0.03,+0.27%,0
"2024-03-14 11:42",11.05,11.09,11.05,11.09,0.02,+0.18%,0
"2024-03-14 11:43",11.06,11.06,11.04,11.04,-0.05,-0.45%,0
"2024-03-14 11:44",11.04,11.09,11.04,11.09,0.05,+0.45%,0
"2024-03-14 11:45",11.12,11.12,11.03,11.03,-0.06,-0.54%,0
"2024-03-14 11:46",11.01,11.06,10.99,11.06,0.03,+0.27%,0
"2024-03-14 11:47",11.05,11.16,11.05,11.16,0.1,+0.90%,0
"2024-03-14 11:48",11.13,11.21,11.13,11.21,0.05,+0.45%,0
"2024-03-14 11:49",11.22,11.22,11.2,11.2,-0.01,-0.09%,0
"2024-03-14 11:50",11.19,11.29,11.18,11.27,0.07,+0.63%,0
"2024-03-14 11:51",11.11,11.21,11.11,11.21,-0.06,-0.53%,0
"2024-03-14 11:52",11.24,11.29,11.23,11.23,0.02,+0.18%,0
"2024-03-14 11:53",11.19,11.2,11.15,11.15,-0.08,-0.71%,0
"2024-03-14 11:54",11.11,11.15,11.11,11.15,0,0.00%,0
"2024-03-14 11:55",11.16,11.2,11.16,11.17,0.02,+0.18%,0
"2024-03-14 11:56",11.15,11.2,11.12,11.12,-0.05,-0.45%,0
"2024-03-14 11:57",11.15,11.15,11.15,11.15,0.03,+0.27%,0
"2024-03-14 11:58",11.14,11.14,11.11,11.11,-0.04,-0.36%,0
"2024-03-14 11:59",11.11,11.11,11.09,11.1,-0.01,-0.09%,0
"2024-03-14 12:00",11.13,11.13,11.12,11.12,0.02,+0.18%,0
"2024-03-14 12:01",11.11,11.13,11.1,11.1,-0.02,-0.18%,0
"2024-03-14 12:02",11.1,11.28,11.1,11.28,0.18,+1.62%,0
"2024-03-14 12:03",11.3,11.36,11.3,11.34,0.06,+0.53%,0
"2024-03-14 12:04",11.36,11.42,11.34,11.39,0.05,+0.44%,0
"2024-03-14 12:05",11.41,11.66,11.41,11.66,0.27,+2.37%,0
"2024-03-14 12:06",11.7,11.94,11.7,11.94,0.28,+2.40%,0
"2024-03-14 12:07",11.77,11.77,11.7,11.75,-0.19,-1.59%,0
"2024-03-14 12:08",11.87,11.95,11.86,11.86,0.11,+0.94%,0
"2024-03-14 12:09",11.89,11.96,11.89,11.96,0.1,+0.84%,0
"2024-03-14 12:10",11.93,11.95,11.89,11.94,-0.02,-0.17%,0
"2024-03-14 12:11",11.89,11.95,11.89,11.95,0.01,+0.08%,0
"2024-03-14 12:12",12.02,12.06,11.98,11.98,0.03,+0.25%,0
"2024-03-14 12:13",11.96,12.06,11.96,12.06,0.08,+0.67%,0
"2024-03-14 12:14",12.09,12.1,12.09,12.1,0.04,+0.33%,0
"2024-03-14 12:15",12.07,12.11,12.07,12.11,0.01,+0.08%,0
"2024-03-14 12:16",12.06,12.11,12.04,12.11,0,0.00%,0
"2024-03-14 12:17",12.11,12.18,12.11,12.13,0.02,+0.17%,0
"2024-03-14 12:18",12.09,12.13,12.08,12.08,-0.05,-0.41%,0
"2024-03-14 12:19",12.01,12.06,12.01,12.06,-0.02,-0.17%,0
"2024-03-14 12:20",12.09,12.14,12.09,12.12,0.06,+0.50%,0
"2024-03-14 12:21",12.08,12.08,11.92,11.92,-0.2,-1.65%,0
"2024-03-14 12:22",11.88,11.88,11.81,11.86,-0.06,-0.50%,0
"2024-03-14 12:23",11.87,11.87,11.85,11.87,0.01,+0.08%,0
"2024-03-14 12:24",11.82,11.82,11.68,11.74,-0.13,-1.10%,0
"2024-03-14 12:25",11.75,11.9,11.75,11.88,0.14,+1.19%,0
"2024-03-14 12:26",11.9,11.91,11.87,11.87,-0.01,-0.08%,0
"2024-03-14 12:27",11.86,11.87,11.74,11.74,-0.13,-1.10%,0
"2024-03-14 12:28",11.76,11.76,11.73,11.73,-0.01,-0.09%,0
"2024-03-14 12:29",11.78,11.8,11.78,11.8,0.07,+0.60%,0
"2024-03-14 12:30",11.82,11.83,11.8,11.8,0,0.00%,0
"2024-03-14 12:31",11.84,11.9,11.82,11.82,0.02,+0.17%,0
"2024-03-14 12:32",11.79,11.99,11.79,11.98,0.16,+1.35%,0
"2024-03-14 12:33",11.87,11.88,11.79,11.79,-0.19,-1.59%,0
"2024-03-14 12:34",11.77,11.82,11.77,11.82,0.03,+0.25%,0
"2024-03-14 12:35",11.86,11.86,11.81,11.82,0,0.00%,0
"2024-03-14 12:36",11.78,11.83,11.78,11.83,0.01,+0.08%,0
"2024-03-14 12:37",11.81,11.88,11.81,11.88,0.05,+0.42%,0
"2024-03-14 12:38",11.87,11.91,11.87,11.9,0.02,+0.17%,0
"2024-03-14 12:39",11.91,11.93,11.9,11.92,0.02,+0.17%,0
"2024-03-14 12:40",11.92,12,11.92,11.99,0.07,+0.59%,0
"2024-03-14 12:41",11.98,11.99,11.94,11.99,0,0.00%,0
"2024-03-14 12:42",11.95,11.97,11.95,11.96,-0.03,-0.25%,0
"2024-03-14 12:43",11.97,12.01,11.93,11.98,0.02,+0.17%,0
"2024-03-14 12:44",11.97,12.05,11.97,12.05,0.07,+0.58%,0
"2024-03-14 12:45",12.03,12.03,11.98,12.02,-0.03,-0.25%,0
"2024-03-14 12:46",12.03,12.03,11.95,11.98,-0.04,-0.33%,0
"2024-03-14 12:47",11.99,12.13,11.99,12.13,0.15,+1.25%,0
"2024-03-14 12:48",12.19,12.19,12.09,12.1,-0.03,-0.25%,0
"2024-03-14 12:49",12.08,12.15,12.08,12.14,0.04,+0.33%,0
"2024-03-14 12:50",12.15,12.18,12.15,12.17,0.03,+0.25%,0
"2024-03-14 12:51",12.12,12.17,12.12,12.16,-0.01,-0.08%,0
"2024-03-14 12:52",12.13,12.16,12.12,12.16,0,0.00%,0
"2024-03-14 12:53",12.15,12.15,12.06,12.1,-0.06,-0.49%,0
"2024-03-14 12:54",12.16,12.24,12.16,12.18,0.08,+0.66%,0
"2024-03-14 12:55",12.19,12.29,12.19,12.29,0.11,+0.90%,0
"2024-03-14 12:56",12.37,12.41,12.37,12.41,0.12,+0.98%,0
"2024-03-14 12:57",12.41,12.57,12.41,12.57,0.16,+1.29%,0
"2024-03-14 12:58",12.59,12.59,12.56,12.58,0.01,+0.08%,0
"2024-03-14 12:59",12.52,12.59,12.52,12.59,0.01,+0.08%,0
"2024-03-14 13:00",12.56,12.58,12.54,12.58,-0.01,-0.08%,0
"2024-03-14 13:01",12.64,12.67,12.59,12.59,0.01,+0.08%,0
"2024-03-14 13:02",12.6,12.65,12.6,12.65,0.06,+0.48%,0
"2024-03-14 13:03",12.65,12.67,12.61,12.63,-0.02,-0.16%,0
"2024-03-14 13:04",12.63,12.69,12.63,12.63,0,0.00%,0
"2024-03-14 13:05",12.65,12.73,12.65,12.68,0.05,+0.40%,0
"2024-03-14 13:06",12.65,12.76,12.65,12.76,0.08,+0.63%,0
"2024-03-14 13:07",12.73,12.74,12.71,12.71,-0.05,-0.39%,0
"2024-03-14 13:08",12.67,12.67,12.63,12.63,-0.08,-0.63%,0
"2024-03-14 13:09",12.6,12.6,12.53,12.53,-0.1,-0.79%,0
"2024-03-14 13:10",12.5,12.61,12.5,12.61,0.08,+0.64%,0
"2024-03-14 13:11",12.66,12.73,12.66,12.73,0.12,+0.95%,0
"2024-03-14 13:12",12.72,12.74,12.71,12.74,0.01,+0.08%,0
"2024-03-14 13:13",12.73,12.73,12.67,12.7,-0.04,-0.31%,0
"2024-03-14 13:14",12.66,12.68,12.66,12.67,-0.03,-0.24%,0
"2024-03-14 13:15",12.69,12.72,12.69,12.72,0.05,+0.39%,0
"2024-03-14 13:16",12.73,12.8,12.73,12.8,0.08,+0.63%,0
"2024-03-14 13:17",12.78,12.9,12.78,12.9,0.1,+0.78%,0
"2024-03-14 13:18",12.98,13.15,12.98,13.15,0.25,+1.94%,0
"2024-03-14 13:19",13.19,13.31,13.19,13.24,0.09,+0.68%,0
"2024-03-14 13:20",13.32,13.32,13.21,13.21,-0.03,-0.23%,0
"2024-03-14 13:21",13.23,13.35,13.23,13.33,0.12,+0.91%,0
"2024-03-14 13:22",13.34,13.35,13.29,13.29,-0.04,-0.30%,0
"2024-03-14 13:23",13.3,13.3,13.16,13.16,-0.13,-0.98%,0
"2024-03-14 13:24",13.1,13.2,13.1,13.2,0.04,+0.30%,0
"2024-03-14 13:25",13.2,13.22,13.2,13.22,0.02,+0.15%,0
"2024-03-14 13:26",13.17,13.27,13.17,13.27,0.05,+0.38%,0
"2024-03-14 13:27",13.25,13.3,13.25,13.3,0.03,+0.23%,0
"2024-03-14 13:28",13.3,13.33,13.3,13.33,0.03,+0.23%,0
"2024-03-14 13:29",13.37,13.45,13.37,13.45,0.12,+0.90%,0
"2024-03-14 13:30",13.45,13.7,13.45,13.65,0.2,+1.49%,0
"2024-03-14 13:31",13.67,13.73,13.61,13.61,-0.04,-0.29%,0
"2024-03-14 13:32",13.6,13.71,13.6,13.64,0.03,+0.22%,0
"2024-03-14 13:33",13.64,13.65,13.52,13.52,-0.12,-0.88%,0
"2024-03-14 13:34",13.54,13.54,13.31,13.31,-0.21,-1.55%,0
"2024-03-14 13:35",13.32,13.37,13.32,13.37,0.06,+0.45%,0
"2024-03-14 13:36",13.35,13.36,13.33,13.34,-0.03,-0.22%,0
"2024-03-14 13:37",13.39,13.41,13.35,13.35,0.01,+0.07%,0
"2024-03-14 13:38",13.32,13.36,13.32,13.34,-0.01,-0.07%,0
"2024-03-14 13:39",13.27,13.34,13.27,13.32,-0.02,-0.15%,0
"2024-03-14 13:40",13.32,13.39,13.32,13.39,0.07,+0.53%,0
"2024-03-14 13:41",13.38,13.41,13.38,13.41,0.02,+0.15%,0
"2024-03-14 13:42",13.4,13.42,13.4,13.41,0,0.00%,0
"2024-03-14 13:43",13.44,13.45,13.43,13.44,0.03,+0.22%,0
"2024-03-14 13:44",13.44,13.44,13.37,13.37,-0.07,-0.52%,0
"2024-03-14 13:45",13.33,13.4,13.33,13.4,0.03,+0.22%,0
"2024-03-14 13:46",13.44,13.44,13.43,13.43,0.03,+0.22%,0
"2024-03-14 13:47",13.41,13.41,13.38,13.38,-0.05,-0.37%,0
"2024-03-14 13:48",13.38,13.38,13.37,13.37,-0.01,-0.07%,0
"2024-03-14 13:49",13.36,13.38,13.28,13.28,-0.09,-0.67%,0
"2024-03-14 13:50",13.19,13.19,13.14,13.16,-0.12,-0.90%,0
"2024-03-14 13:51",13.15,13.15,13.06,13.08,-0.08,-0.61%,0
"2024-03-14 13:52",13.07,13.07,13.03,13.04,-0.04,-0.31%,0
"2024-03-14 13:53",13.02,13.06,12.99,12.99,-0.05,-0.38%,0
"2024-03-14 13:54",12.95,12.95,12.8,12.8,-0.19,-1.46%,0
"2024-03-14 13:55",12.8,12.83,12.8,12.82,0.02,+0.16%,0
"2024-03-14 13:56",12.83,12.86,12.82,12.84,0.02,+0.16%,0
"2024-03-14 13:57",12.85,12.85,12.74,12.75,-0.09,-0.70%,0
"2024-03-14 13:58",12.73,12.75,12.68,12.68,-0.07,-0.55%,0
"2024-03-14 13:59",12.68,12.68,12.65,12.65,-0.03,-0.24%,0
"2024-03-14 14:00",12.62,12.62,12.59,12.6,-0.05,-0.40%,0
"2024-03-14 14:01",12.64,12.65,12.54,12.54,-0.06,-0.48%,0
"2024-03-14 14:02",12.54,12.58,12.51,12.51,-0.03,-0.24%,0
"2024-03-14 14:03",12.54,12.59,12.53,12.59,0.08,+0.64%,0
"2024-03-14 14:04",12.55,12.58,12.55,12.58,-0.01,-0.08%,0
"2024-03-14 14:05",12.6,12.6,12.57,12.57,-0.01,-0.08%,0
"2024-03-14 14:06",12.54,12.62,12.54,12.61,0.04,+0.32%,0
"2024-03-14 14:07",12.61,12.63,12.61,12.63,0.02,+0.16%,0
"2024-03-14 14:08",12.61,12.7,12.61,12.7,0.07,+0.55%,0
"2024-03-14 14:09",12.72,12.72,12.65,12.65,-0.05,-0.39%,0
"2024-03-14 14:10",12.67,12.72,12.67,12.7,0.05,+0.40%,0
"2024-03-14 14:11",12.69,12.74,12.69,12.71,0.01,+0.08%,0
"2024-03-14 14:12",12.68,12.68,12.61,12.64,-0.07,-0.55%,0
"2024-03-14 14:13",12.64,12.65,12.64,12.64,0,0.00%,0
"2024-03-14 14:14",12.6,12.62,12.6,12.62,-0.02,-0.16%,0
"2024-03-14 14:15",12.6,12.67,12.6,12.64,0.02,+0.16%,0
"2024-03-14 14:16",12.62,12.63,12.61,12.61,-0.03,-0.24%,0
"2024-03-14 14:17",12.56,12.67,12.56,12.67,0.06,+0.48%,0
"2024-03-14 14:18",12.69,12.69,12.62,12.62,-0.05,-0.39%,0
"2024-03-14 14:19",12.63,12.63,12.57,12.57,-0.05,-0.40%,0
"2024-03-14 14:20",12.54,12.65,12.54,12.65,0.08,+0.64%,0
"2024-03-14 14:21",12.66,12.78,12.66,12.75,0.1,+0.79%,0
"2024-03-14 14:22",12.72,12.75,12.71,12.71,-0.04,-0.31%,0
"2024-03-14 14:23",12.71,12.74,12.71,12.73,0.02,+0.16%,0
"2024-03-14 14:24",12.77,12.81,12.77,12.79,0.06,+0.47%,0
"2024-03-14 14:25",12.78,12.78,12.76,12.77,-0.02,-0.16%,0
"2024-03-14 14:26",12.76,12.79,12.76,12.76,-0.01,-0.08%,0
"2024-03-14 14:27",12.72,12.77,12.72,12.77,0.01,+0.08%,0
"2024-03-14 14:28",12.79,12.86,12.79,12.86,0.09,+0.70%,0
"2024-03-14 14:29",12.91,13.03,12.91,13.03,0.17,+1.32%,0
"2024-03-14 14:30",13.01,13.05,13.01,13.05,0.02,+0.15%,0
"2024-03-14 14:31",13.07,13.16,13.07,13.16,0.11,+0.84%,0
"2024-03-14 14:32",13.28,13.42,13.28,13.35,0.19,+1.44%,0
"2024-03-14 14:33",13.32,13.32,13.29,13.3,-0.05,-0.37%,0
"2024-03-14 14:34",13.26,13.26,13.17,13.17,-0.13,-0.98%,0
"2024-03-14 14:35",13.18,13.25,13.18,13.24,0.07,+0.53%,0
"2024-03-14 14:36",13.21,13.31,13.21,13.31,0.07,+0.53%,0
"2024-03-14 14:37",13.35,13.49,13.35,13.49,0.18,+1.35%,0
"2024-03-14 14:38",13.5,13.5,13.43,13.43,-0.06,-0.44%,0
"2024-03-14 14:39",13.45,13.54,13.45,13.49,0.06,+0.45%,0
"2024-03-14 14:40",13.5,13.58,13.5,13.58,0.09,+0.67%,0
"2024-03-14 14:41",13.58,13.58,13.52,13.53,-0.05,-0.37%,0
"2024-03-14 14:42",13.52,13.55,13.48,13.48,-0.05,-0.37%,0
"2024-03-14 14:43",13.42,13.45,13.33,13.33,-0.15,-1.11%,0
"2024-03-14 14:44",13.29,13.29,13.1,13.1,-0.23,-1.73%,0
"2024-03-14 14:45",13.1,13.13,13.09,13.13,0.03,+0.23%,0
"2024-03-14 14:46",13.07,13.1,13.07,13.1,-0.03,-0.23%,0
"2024-03-14 14:47",13.06,13.09,13.06,13.07,-0.03,-0.23%,0
"2024-03-14 14:48",13.07,13.07,13.06,13.06,-0.01,-0.08%,0
"2024-03-14 14:49",13.06,13.08,13.03,13.04,-0.02,-0.15%,0
"2024-03-14 14:50",13.07,13.14,13.07,13.1,0.06,+0.46%,0
"2024-03-14 14:51",13.12,13.23,13.12,13.23,0.13,+0.99%,0
"2024-03-14 14:52",13.26,13.3,13.26,13.3,0.07,+0.53%,0
"2024-03-14 14:53",13.34,13.35,13.33,13.34,0.04,+0.30%,0
"2024-03-14 14:54",13.32,13.36,13.32,13.36,0.02,+0.15%,0
"2024-03-14 14:55",13.53,13.53,13.43,13.43,0.07,+0.52%,0
"2024-03-14 14:56",13.5,13.78,13.5,13.78,0.35,+2.61%,0
"2024-03-14 14:57",13.77,13.77,13.54,13.55,-0.23,-1.67%,0
"2024-03-14 14:58",13.55,13.76,13.55,13.76,0.21,+1.55%,0
"2024-03-14 14:59",13.72,13.72,13.61,13.64,-0.12,-0.87%,0
"2024-03-14 15:00",13.66,14.1,13.66,14.1,0.46,+3.37%,0
"2024-03-14 15:01",14.08,14.26,14.08,14.17,0.07,+0.50%,0
"2024-03-14 15:02",14.12,14.14,14.01,14.01,-0.16,-1.13%,0
"2024-03-14 15:03",13.89,13.98,13.89,13.91,-0.1,-0.71%,0
"2024-03-14 15:04",13.9,13.95,13.9,13.95,0.04,+0.29%,0
"2024-03-14 15:05",14.1,14.24,14.1,14.24,0.29,+2.08%,0
"2024-03-14 15:06",14.3,14.38,14.3,14.36,0.12,+0.84%,0
"2024-03-14 15:07",14.41,14.52,14.41,14.51,0.15,+1.04%,0
"2024-03-14 15:08",14.64,14.9,14.64,14.9,0.39,+2.69%,0
"2024-03-14 15:09",15.04,15.43,15.04,15.21,0.31,+2.08%,0
"2024-03-14 15:10",15.22,15.29,15.15,15.23,0.02,+0.13%,0
"2024-03-14 15:11",15.18,15.23,15.18,15.19,-0.04,-0.26%,0
"2024-03-14 15:12",15.23,15.23,14.89,14.96,-0.23,-1.51%,0
"2024-03-14 15:13",14.91,15.21,14.91,15.21,0.25,+1.67%,0
"2024-03-14 15:14",15.21,15.27,15.2,15.27,0.06,+0.39%,0
"2024-03-14 15:15",15.35,15.39,15.29,15.37,0.1,+0.65%,0
"2024-03-14 15:16",15.42,15.47,15.4,15.4,0.03,+0.20%,0
"2024-03-14 15:17",15.43,15.48,15.38,15.48,0.08,+0.52%,0
"2024-03-14 15:18",15.47,15.89,15.47,15.89,0.41,+2.65%,0
"2024-03-14 15:19",15.88,16.03,15.88,16.03,0.14,+0.88%,0
"2024-03-14 15:20",16.04,16.08,16.01,16.01,-0.02,-0.12%,0
"2024-03-14 15:21",15.98,16.08,15.98,16.08,0.07,+0.44%,0
"2024-03-14 15:22",16.1,16.11,16.03,16.06,-0.02,-0.12%,0
"2024-03-14 15:23",16.1,16.23,16.1,16.23,0.17,+1.06%,0
"2024-03-14 15:24",16.27,16.37,16.27,16.34,0.11,+0.68%,0
"2024-03-14 15:25",16.33,16.69,16.33,16.69,0.35,+2.14%,0
"2024-03-14 15:26",16.63,16.96,16.63,16.96,0.27,+1.62%,0
"2024-03-14 15:27",16.94,16.94,16.63,16.63,-0.33,-1.95%,0
"2024-03-14 15:28",16.54,16.54,16.48,16.48,-0.15,-0.90%,0
"2024-03-14 15:29",16.52,16.65,16.52,16.61,0.13,+0.79%,0
"2024-03-14 15:30",16.58,16.65,16.58,16.62,0.01,+0.06%,0
"2024-03-14 15:31",16.67,17.01,16.67,17.01,0.39,+2.35%,0
"2024-03-14 15:32",17.06,17.43,17.06,17.43,0.42,+2.47%,0
"2024-03-14 15:33",17.5,17.5,17.42,17.5,0.07,+0.40%,0
"2024-03-14 15:34",17.54,17.7,17.54,17.66,0.16,+0.91%,0
"2024-03-14 15:35",17.7,17.93,17.68,17.93,0.27,+1.53%,0
"2024-03-14 15:36",17.89,17.89,17.73,17.83,-0.1,-0.56%,0
"2024-03-14 15:37",17.83,17.86,17.62,17.62,-0.21,-1.18%,0
"2024-03-14 15:38",17.51,17.51,17.25,17.25,-0.37,-2.10%,0
"2024-03-14 15:39",17.12,17.12,16.9,16.9,-0.35,-2.03%,0
"2024-03-14 15:40",16.79,16.79,16.72,16.79,-0.11,-0.65%,0
"2024-03-14 15:41",16.65,16.65,16.53,16.53,-0.26,-1.55%,0
"2024-03-14 15:42",16.4,16.53,16.3,16.3,-0.23,-1.39%,0
"2024-03-14 15:43",16.28,16.31,16.21,16.21,-0.09,-0.55%,0
"2024-03-14 15:44",16.11,16.15,16.11,16.11,-0.1,-0.62%,0
"2024-03-14 15:45",16.06,16.06,15.94,15.96,-0.15,-0.93%,0
"2024-03-14 15:46",15.91,16.21,15.91,16.21,0.25,+1.57%,0
"2024-03-14 15:47",16.11,16.11,15.9,15.98,-0.23,-1.42%,0
"2024-03-14 15:48",15.99,15.99,15.65,15.65,-0.33,-2.07%,0
"2024-03-14 15:49",15.63,15.63,15.56,15.56,-0.09,-0.58%,0
"2024-03-14 15:50",15.49,15.49,15.34,15.4,-0.16,-1.03%,0
"2024-03-14 15:51",15.27,15.27,14.71,14.71,-0.69,-4.48%,0
"2024-03-14 15:52",14.5,14.5,14.21,14.21,-0.5,-3.40%,0
"2024-03-14 15:53",14.28,14.31,14.21,14.23,0.02,+0.14%,0
"2024-03-14 15:54",14.15,14.15,14.02,14.09,-0.14,-0.98%,0
"2024-03-14 15:55",13.98,14.28,13.98,14.28,0.19,+1.35%,0
"2024-03-14 15:56",14.42,14.79,14.42,14.79,0.51,+3.57%,0
"2024-03-14 15:57",14.7,14.78,14.7,14.78,-0.01,-0.07%,0
"2024-03-14 15:58",14.83,14.88,14.82,14.82,0.04,+0.27%,0
"2024-03-14 15:59",14.7,14.72,14.67,14.67,-0.15,-1.01%,0
"2024-03-14 16:00",14.22,14.44,14.22,14.39,-0.28,-1.91%,0
"2024-03-14 16:01",14.25,14.25,13.98,13.98,-0.41,-2.85%,0
"2024-03-14 16:02",14.03,14.03,13.9,13.9,-0.08,-0.57%,0
"2024-03-14 16:03",13.76,13.76,13.72,13.73,-0.17,-1.22%,0
"2024-03-14 16:04",13.72,13.72,13.66,13.7,-0.03,-0.22%,0
"2024-03-14 16:05",13.65,13.72,13.65,13.72,0.02,+0.15%,0
"2024-03-14 16:06",13.69,13.88,13.69,13.88,0.16,+1.17%,0
"2024-03-14 16:07",13.97,14.05,13.97,14.05,0.17,+1.22%,0
"2024-03-14 16:08",14.05,14.06,14.03,14.03,-0.02,-0.14%,0
"2024-03-14 16:09",14.03,14.11,14.03,14.11,0.08,+0.57%,0
"2024-03-14 16:10",14.09,14.19,14.09,14.19,0.08,+0.57%,0
"2024-03-14 16:11",14.16,14.17,14.12,14.12,-0.07,-0.49%,0
"2024-03-14 16:12",14.13,14.21,14.13,14.21,0.09,+0.64%,0
"2024-03-14 16:13",14.15,14.21,14.15,14.2,-0.01,-0.07%,0
"2024-03-14 16:14",14.2,14.32,14.2,14.32,0.12,+0.85%,0
"2024-03-14 16:15",14.28,14.28,14.28,14.28,-0.04,-0.28%,0
"2024-03-15 09:31",11.57,11.65,11.46,11.48,-2.8,-19.61%,0
"2024-03-15 09:32",11.56,11.56,11.21,11.21,-0.27,-2.35%,0
"2024-03-15 09:33",11.31,11.49,11.31,11.49,0.28,+2.50%,0
"2024-03-15 09:34",11.55,11.66,11.47,11.47,-0.02,-0.17%,0
"2024-03-15 09:35",11.5,11.66,11.5,11.66,0.19,+1.66%,0
"2024-03-15 09:36",11.65,11.7,11.48,11.7,0.04,+0.34%,0
"2024-03-15 09:37",11.73,11.86,11.73,11.86,0.16,+1.37%,0
"2024-03-15 09:38",11.97,12.05,11.96,12.03,0.17,+1.43%,0
"2024-03-15 09:39",12.03,12.04,11.94,11.94,-0.09,-0.75%,0
"2024-03-15 09:40",11.8,11.82,11.51,11.51,-0.43,-3.60%,0
"2024-03-15 09:41",11.38,11.38,11.25,11.33,-0.18,-1.56%,0
"2024-03-15 09:42",11.37,11.59,11.37,11.56,0.23,+2.03%,0
"2024-03-15 09:43",11.6,11.6,11.54,11.54,-0.02,-0.17%,0
"2024-03-15 09:44",11.54,11.59,11.54,11.58,0.04,+0.35%,0
"2024-03-15 09:45",11.9,11.9,11.44,11.5,-0.08,-0.69%,0
"2024-03-15 09:46",11.54,11.68,11.44,11.68,0.18,+1.57%,0
"2024-03-15 09:47",11.77,11.82,11.66,11.66,-0.02,-0.17%,0
"2024-03-15 09:48",11.56,11.98,11.42,11.42,-0.24,-2.06%,0
"2024-03-15 09:49",12,12.22,11.55,11.81,0.39,+3.42%,0
"2024-03-15 09:50",11.49,11.72,11.43,11.72,-0.09,-0.76%,0
"2024-03-15 09:51",11.41,11.86,11.41,11.86,0.14,+1.19%,0
"2024-03-15 09:52",11.77,11.85,11.74,11.79,-0.07,-0.59%,0
"2024-03-15 09:53",11.81,11.84,11.64,11.64,-0.15,-1.27%,0
"2024-03-15 09:54",11.6,11.77,11.6,11.77,0.13,+1.12%,0
"2024-03-15 09:55",11.67,11.68,11.61,11.61,-0.16,-1.36%,0
"2024-03-15 09:56",11.53,11.61,11.53,11.61,0,0.00%,0
"2024-03-15 09:57",11.69,11.78,11.69,11.78,0.17,+1.46%,0
"2024-03-15 09:58",11.74,11.79,11.74,11.79,0.01,+0.08%,0
"2024-03-15 09:59",11.8,11.86,11.8,11.85,0.06,+0.51%,0
"2024-03-15 10:00",11.66,11.96,11.42,11.42,-0.43,-3.63%,0
"2024-03-15 10:01",11.43,11.85,11.43,11.85,0.43,+3.77%,0
"2024-03-15 10:02",11.42,11.51,11.42,11.44,-0.41,-3.46%,0
"2024-03-15 10:03",11.44,11.63,11.44,11.45,0.01,+0.09%,0
"2024-03-15 10:04",11.47,11.75,11.47,11.75,0.3,+2.62%,0
"2024-03-15 10:05",11.69,11.81,11.69,11.81,0.06,+0.51%,0
"2024-03-15 10:06",11.77,11.89,11.77,11.89,0.08,+0.68%,0
"2024-03-15 10:07",11.77,11.77,11.68,11.73,-0.16,-1.35%,0
"2024-03-15 10:08",11.69,11.85,11.69,11.85,0.12,+1.02%,0
"2024-03-15 10:09",11.83,11.83,11.77,11.79,-0.06,-0.51%,0
"2024-03-15 10:10",11.84,11.93,11.84,11.93,0.14,+1.19%,0
"2024-03-15 10:11",11.89,11.89,11.67,11.72,-0.21,-1.76%,0
"2024-03-15 10:12",11.81,11.84,11.8,11.84,0.12,+1.02%,0
"2024-03-15 10:13",11.87,11.87,11.73,11.73,-0.11,-0.93%,0
"2024-03-15 10:14",11.72,11.72,11.55,11.55,-0.18,-1.53%,0
"2024-03-15 10:15",11.57,11.57,11.46,11.46,-0.09,-0.78%,0
"2024-03-15 10:16",11.38,11.42,11.38,11.38,-0.08,-0.70%,0
"2024-03-15 10:17",11.37,11.39,11.33,11.33,-0.05,-0.44%,0
"2024-03-15 10:18",11.35,11.38,11.3,11.38,0.05,+0.44%,0
"2024-03-15 10:19",11.41,11.54,11.41,11.54,0.16,+1.41%,0
"2024-03-15 10:20",11.54,11.58,11.5,11.5,-0.04,-0.35%,0
"2024-03-15 10:21",11.5,11.53,11.49,11.49,-0.01,-0.09%,0
"2024-03-15 10:22",11.48,11.51,11.46,11.46,-0.03,-0.26%,0
"2024-03-15 10:23",11.46,11.82,11.46,11.82,0.36,+3.14%,0
"2024-03-15 10:24",11.78,11.78,11.37,11.37,-0.45,-3.81%,0
"2024-03-15 10:25",11.46,11.65,11.33,11.33,-0.04,-0.35%,0
"2024-03-15 10:26",11.38,11.41,11.37,11.41,0.08,+0.71%,0
"2024-03-15 10:27",11.42,11.46,11.42,11.45,0.04,+0.35%,0
"2024-03-15 10:28",11.44,11.45,11.41,11.45,0,0.00%,0
"2024-03-15 10:29",11.44,11.44,11.42,11.43,-0.02,-0.17%,0
"2024-03-15 10:30",11.41,11.44,11.41,11.41,-0.02,-0.17%,0
"2024-03-15 10:31",11.4,11.42,11.37,11.37,-0.04,-0.35%,0
"2024-03-15 10:32",11.39,11.44,11.39,11.44,0.07,+0.62%,0
"2024-03-15 10:33",11.42,11.47,11.42,11.46,0.02,+0.17%,0
"2024-03-15 10:34",11.43,11.43,11.39,11.39,-0.07,-0.61%,0
"2024-03-15 10:35",11.41,11.41,11.32,11.32,-0.07,-0.61%,0
"2024-03-15 10:36",11.32,11.32,11.15,11.15,-0.17,-1.50%,0
"2024-03-15 10:37",11.16,11.2,11.16,11.17,0.02,+0.18%,0
"2024-03-15 10:38",11.14,11.14,10.87,10.87,-0.3,-2.69%,0
"2024-03-15 10:39",10.93,10.98,10.93,10.95,0.08,+0.74%,0
"2024-03-15 10:40",10.97,10.99,10.97,10.98,0.03,+0.27%,0
"2024-03-15 10:41",10.89,11,10.89,10.99,0.01,+0.09%,0
"2024-03-15 10:42",11,11,10.95,10.95,-0.04,-0.36%,0
"2024-03-15 10:43",10.93,10.93,10.89,10.89,-0.06,-0.55%,0
"2024-03-15 10:44",10.91,10.92,10.91,10.91,0.02,+0.18%,0
"2024-03-15 10:45",10.92,10.92,10.81,10.81,-0.1,-0.92%,0
"2024-03-15 10:46",10.8,10.81,10.78,10.78,-0.03,-0.28%,0
"2024-03-15 10:47",10.76,10.77,10.76,10.77,-0.01,-0.09%,0
"2024-03-15 10:48",10.78,10.79,10.65,10.65,-0.12,-1.11%,0
"2024-03-15 10:49",10.61,10.67,10.53,10.64,-0.01,-0.09%,0
"2024-03-15 10:50",10.66,10.69,10.66,10.66,0.02,+0.19%,0
"2024-03-15 10:51",10.71,10.72,10.69,10.69,0.03,+0.28%,0
"2024-03-15 10:52",10.7,10.75,10.7,10.75,0.06,+0.56%,0
"2024-03-15 10:53",10.75,10.76,10.69,10.69,-0.06,-0.56%,0
"2024-03-15 10:54",10.71,10.77,10.71,10.77,0.08,+0.75%,0
"2024-03-15 10:55",10.79,10.82,10.7,10.7,-0.07,-0.65%,0
"2024-03-15 10:56",10.7,10.75,10.7,10.75,0.05,+0.47%,0
"2024-03-15 10:57",10.78,10.93,10.78,10.93,0.18,+1.67%,0
"2024-03-15 10:58",10.9,10.92,10.86,10.86,-0.07,-0.64%,0
"2024-03-15 10:59",10.82,10.96,10.82,10.96,0.1,+0.92%,0
"2024-03-15 11:00",10.92,10.95,10.92,10.92,-0.04,-0.36%,0
"2024-03-15 11:01",10.93,11.02,10.93,11.01,0.09,+0.82%,0
"2024-03-15 11:02",11.02,11.07,11.01,11.07,0.06,+0.54%,0
"2024-03-15 11:03",11.04,11.09,11.04,11.06,-0.01,-0.09%,0
"2024-03-15 11:04",11.05,11.08,11.01,11.01,-0.05,-0.45%,0
"2024-03-15 11:05",11.03,11.23,11.03,11.19,0.18,+1.63%,0
"2024-03-15 11:06",11,11.41,11,11.41,0.22,+1.97%,0
"2024-03-15 11:07",11.4,11.4,11.32,11.32,-0.09,-0.79%,0
"2024-03-15 11:08",11.33,11.45,11.29,11.45,0.13,+1.15%,0
"2024-03-15 11:09",11.51,11.51,11.32,11.32,-0.13,-1.14%,0
"2024-03-15 11:10",11.34,11.41,11.34,11.39,0.07,+0.62%,0
"2024-03-15 11:11",11.38,11.38,11.31,11.33,-0.06,-0.53%,0
"2024-03-15 11:12",11.33,11.36,11.33,11.36,0.03,+0.26%,0
"2024-03-15 11:13",11.37,11.4,11.35,11.35,-0.01,-0.09%,0
"2024-03-15 11:14",11.35,11.55,11.35,11.55,0.2,+1.76%,0
"2024-03-15 11:15",11.56,11.57,11.46,11.46,-0.09,-0.78%,0
"2024-03-15 11:16",11.44,11.44,11.37,11.37,-0.09,-0.79%,0
"2024-03-15 11:17",11.28,11.33,11.28,11.33,-0.04,-0.35%,0
"2024-03-15 11:18",11.34,11.42,11.34,11.42,0.09,+0.79%,0
"2024-03-15 11:19",11.41,11.49,11.41,11.48,0.06,+0.53%,0
"2024-03-15 11:20",11.4,11.42,11.36,11.36,-0.12,-1.05%,0
"2024-03-15 11:21",11.53,11.64,11.53,11.62,0.26,+2.29%,0
"2024-03-15 11:22",11.55,11.56,11.53,11.53,-0.09,-0.77%,0
"2024-03-15 11:23",11.52,11.52,11.47,11.47,-0.06,-0.52%,0
"2024-03-15 11:24",11.49,11.53,11.49,11.52,0.05,+0.44%,0
"2024-03-15 11:25",11.5,11.54,11.49,11.52,0,0.00%,0
"2024-03-15 11:26",11.46,11.46,11.42,11.44,-0.08,-0.69%,0
"2024-03-15 11:27",11.5,11.58,11.5,11.58,0.14,+1.22%,0
"2024-03-15 11:28",11.54,11.56,11.3,11.3,-0.28,-2.42%,0
"2024-03-15 11:29",11.29,11.4,11.29,11.4,0.1,+0.88%,0
"2024-03-15 11:30",11.41,11.41,11.33,11.35,-0.05,-0.44%,0
"2024-03-15 11:31",11.38,11.38,11.36,11.36,0.01,+0.09%,0
"2024-03-15 11:32",11.36,11.38,11.35,11.38,0.02,+0.18%,0
"2024-03-15 11:33",11.36,11.36,11.3,11.3,-0.08,-0.70%,0
"2024-03-15 11:34",11.3,11.36,11.3,11.35,0.05,+0.44%,0
"2024-03-15 11:35",11.4,11.42,11.36,11.36,0.01,+0.09%,0
"2024-03-15 11:36",11.35,11.39,11.35,11.39,0.03,+0.26%,0
"2024-03-15 11:37",11.46,11.47,11.42,11.44,0.05,+0.44%,0
"2024-03-15 11:38",11.49,11.57,11.49,11.57,0.13,+1.14%,0
"2024-03-15 11:39",11.55,11.61,11.55,11.56,-0.01,-0.09%,0
"2024-03-15 11:40",11.51,11.53,11.51,11.53,-0.03,-0.26%,0
"2024-03-15 11:41",11.54,11.61,11.54,11.6,0.07,+0.61%,0
"2024-03-15 11:42",11.6,11.62,11.6,11.61,0.01,+0.09%,0
"2024-03-15 11:43",11.61,11.71,11.61,11.71,0.1,+0.86%,0
"2024-03-15 11:44",11.76,11.78,11.7,11.7,-0.01,-0.09%,0
"2024-03-15 11:45",11.68,11.68,11.66,11.66,-0.04,-0.34%,0
"2024-03-15 11:46",11.7,11.75,11.7,11.74,0.08,+0.69%,0
"2024-03-15 11:47",11.76,11.79,11.74,11.74,0,0.00%,0
"2024-03-15 11:48",11.76,11.79,11.76,11.79,0.05,+0.43%,0
"2024-03-15 11:49",11.86,11.87,11.69,11.74,-0.05,-0.42%,0
"2024-03-15 11:50",11.78,11.78,11.6,11.6,-0.14,-1.19%,0
"2024-03-15 11:51",11.48,11.6,11.48,11.6,0,0.00%,0
"2024-03-15 11:52",11.57,11.59,11.56,11.56,-0.04,-0.34%,0
"2024-03-15 11:53",11.54,11.6,11.54,11.6,0.04,+0.35%,0
"2024-03-15 11:54",11.6,11.63,11.6,11.63,0.03,+0.26%,0
"2024-03-15 11:55",11.67,11.69,11.67,11.69,0.06,+0.52%,0
"2024-03-15 11:56",11.64,11.64,11.6,11.6,-0.09,-0.77%,0
"2024-03-15 11:57",11.61,11.61,11.6,11.61,0.01,+0.09%,0
"2024-03-15 11:58",11.64,11.76,11.64,11.76,0.15,+1.29%,0
"2024-03-15 11:59",11.77,11.77,11.73,11.73,-0.03,-0.26%,0
"2024-03-15 12:00",11.74,11.75,11.73,11.74,0.01,+0.09%,0
"2024-03-15 12:01",11.76,11.77,11.73,11.73,-0.01,-0.09%,0
"2024-03-15 12:02",11.72,11.76,11.72,11.76,0.03,+0.26%,0
"2024-03-15 12:03",11.74,11.78,11.74,11.77,0.01,+0.09%,0
"2024-03-15 12:04",11.76,11.82,11.76,11.82,0.05,+0.42%,0
"2024-03-15 12:05",11.8,11.92,11.8,11.92,0.1,+0.85%,0
"2024-03-15 12:06",11.96,12,11.96,11.98,0.06,+0.50%,0
"2024-03-15 12:07",12,12.04,12,12,0.02,+0.17%,0
"2024-03-15 12:08",12.01,12.04,11.98,11.98,-0.02,-0.17%,0
"2024-03-15 12:09",11.97,11.97,11.96,11.96,-0.02,-0.17%,0
"2024-03-15 12:10",11.96,11.98,11.96,11.97,0.01,+0.08%,0
"2024-03-15 12:11",11.97,12.06,11.97,12.05,0.08,+0.67%,0
"2024-03-15 12:12",12.03,12.06,12.03,12.05,0,0.00%,0
"2024-03-15 12:13",12.12,12.17,12.12,12.14,0.09,+0.75%,0
"2024-03-15 12:14",12.15,12.15,12.03,12.03,-0.11,-0.91%,0
"2024-03-15 12:15",12.07,12.08,12.02,12.04,0.01,+0.08%,0
"2024-03-15 12:16",12.06,12.14,12.06,12.14,0.1,+0.83%,0
"2024-03-15 12:17",12.15,12.36,12.15,12.36,0.22,+1.81%,0
"2024-03-15 12:18",12.32,12.32,12.25,12.25,-0.11,-0.89%,0
"2024-03-15 12:19",12.25,12.25,12.22,12.25,0,0.00%,0
"2024-03-15 12:20",12.25,12.25,12.24,12.24,-0.01,-0.08%,0
"2024-03-15 12:21",12.25,12.25,12.08,12.08,-0.16,-1.31%,0
"2024-03-15 12:22",12.13,12.2,12.13,12.2,0.12,+0.99%,0
"2024-03-15 12:23",12.21,12.27,12.21,12.27,0.07,+0.57%,0
"2024-03-15 12:24",12.3,12.3,12.21,12.26,-0.01,-0.08%,0
"2024-03-15 12:25",12.27,12.28,12.26,12.28,0.02,+0.16%,0
"2024-03-15 12:26",12.29,12.32,12.29,12.32,0.04,+0.33%,0
"2024-03-15 12:27",12.34,12.37,12.34,12.37,0.05,+0.41%,0
"2024-03-15 12:28",12.37,12.38,12.37,12.38,0.01,+0.08%,0
"2024-03-15 12:29",12.38,12.38,12.33,12.33,-0.05,-0.40%,0
"2024-03-15 12:30",12.36,12.4,12.36,12.37,0.04,+0.32%,0
"2024-03-15 12:31",12.36,12.37,12.36,12.37,0,0.00%,0
"2024-03-15 12:32",12.35,12.35,12.23,12.23,-0.14,-1.13%,0
"2024-03-15 12:33",12.21,12.25,12.21,12.25,0.02,+0.16%,0
"2024-03-15 12:34",12.28,12.36,12.28,12.36,0.11,+0.90%,0
"2024-03-15 12:35",12.49,12.6,12.49,12.57,0.21,+1.70%,0
"2024-03-15 12:36",12.57,12.57,12.53,12.56,-0.01,-0.08%,0
"2024-03-15 12:37",12.55,12.56,12.53,12.53,-0.03,-0.24%,0
"2024-03-15 12:38",12.49,12.49,12.46,12.46,-0.07,-0.56%,0
"2024-03-15 12:39",12.48,12.53,12.48,12.52,0.06,+0.48%,0
"2024-03-15 12:40",12.51,12.53,12.51,12.53,0.01,+0.08%,0
"2024-03-15 12:41",12.56,12.57,12.56,12.56,0.03,+0.24%,0
"2024-03-15 12:42",12.58,12.63,12.58,12.63,0.07,+0.56%,0
"2024-03-15 12:43",12.67,12.73,12.67,12.71,0.08,+0.63%,0
"2024-03-15 12:44",12.73,12.77,12.73,12.77,0.06,+0.47%,0
"2024-03-15 12:45",12.76,12.81,12.76,12.77,0,0.00%,0
"2024-03-15 12:46",12.77,12.9,12.77,12.9,0.13,+1.02%,0
"2024-03-15 12:47",12.9,12.9,12.85,12.85,-0.05,-0.39%,0
"2024-03-15 12:48",12.84,12.94,12.84,12.94,0.09,+0.70%,0
"2024-03-15 12:49",12.98,13.07,12.98,13.07,0.13,+1.00%,0
"2024-03-15 12:50",13.08,13.11,13.08,13.11,0.04,+0.31%,0
"2024-03-15 12:51",13.14,13.3,13.14,13.3,0.19,+1.45%,0
"2024-03-15 12:52",13.37,13.42,13.37,13.42,0.12,+0.90%,0
"2024-03-15 12:53",13.33,13.33,13.29,13.32,-0.1,-0.75%,0
"2024-03-15 12:54",13.28,13.34,13.28,13.32,0,0.00%,0
"2024-03-15 12:55",13.35,13.46,13.35,13.46,0.14,+1.05%,0
"2024-03-15 12:56",13.46,13.49,13.46,13.47,0.01,+0.07%,0
"2024-03-15 12:57",13.42,13.44,13.4,13.44,-0.03,-0.22%,0
"2024-03-15 12:58",13.46,13.52,13.46,13.52,0.08,+0.60%,0
"2024-03-15 12:59",13.51,13.54,13.51,13.51,-0.01,-0.07%,0
"2024-03-15 13:00",13.51,13.53,13.48,13.48,-0.03,-0.22%,0
"2024-03-15 13:01",13.49,13.57,13.49,13.55,0.07,+0.52%,0
"2024-03-15 13:02",13.46,13.46,13.41,13.41,-0.14,-1.03%,0
"2024-03-15 13:03",13.41,13.47,13.41,13.46,0.05,+0.37%,0
"2024-03-15 13:04",13.47,13.5,13.47,13.48,0.02,+0.15%,0
"2024-03-15 13:05",13.49,13.5,13.44,13.44,-0.04,-0.30%,0
"2024-03-15 13:06",13.39,13.39,13.03,13.03,-0.41,-3.05%,0
"2024-03-15 13:07",13.09,13.1,13.06,13.06,0.03,+0.23%,0
"2024-03-15 13:08",13.06,13.26,13.06,13.26,0.2,+1.53%,0
"2024-03-15 13:09",13.27,13.29,13.25,13.25,-0.01,-0.08%,0
"2024-03-15 13:10",13.25,13.29,13.22,13.22,-0.03,-0.23%,0
"2024-03-15 13:11",13.23,13.23,13.14,13.14,-0.08,-0.61%,0
"2024-03-15 13:12",13.09,13.11,13.05,13.05,-0.09,-0.68%,0
"2024-03-15 13:13",13.06,13.11,13.06,13.08,0.03,+0.23%,0
"2024-03-15 13:14",13.06,13.08,13.05,13.06,-0.02,-0.15%,0
"2024-03-15 13:15",13.07,13.07,13.07,13.07,0.01,+0.08%,0
"2024-03-15 13:16",13.04,13.08,13.04,13.05,-0.02,-0.15%,0
"2024-03-15 13:17",13.03,13.07,13.03,13.06,0.01,+0.08%,0
"2024-03-15 13:18",13.05,13.06,13.05,13.06,0,0.00%,0
"2024-03-15 13:19",13.05,13.14,13.05,13.14,0.08,+0.61%,0
"2024-03-15 13:20",13.1,13.1,13.04,13.04,-0.1,-0.76%,0
"2024-03-15 13:21",13.02,13.05,13.02,13.03,-0.01,-0.08%,0
"2024-03-15 13:22",12.98,12.99,12.95,12.95,-0.08,-0.61%,0
"2024-03-15 13:23",12.92,12.92,12.89,12.89,-0.06,-0.46%,0
"2024-03-15 13:24",12.88,12.88,12.86,12.86,-0.03,-0.23%,0
"2024-03-15 13:25",12.79,12.79,12.75,12.75,-0.11,-0.86%,0
"2024-03-15 13:26",12.76,12.86,12.76,12.86,0.11,+0.86%,0
"2024-03-15 13:27",12.84,12.97,12.84,12.96,0.1,+0.78%,0
"2024-03-15 13:28",12.97,12.97,12.93,12.95,-0.01,-0.08%,0
"2024-03-15 13:29",12.9,12.93,12.9,12.92,-0.03,-0.23%,0
"2024-03-15 13:30",12.94,12.94,12.88,12.88,-0.04,-0.31%,0
"2024-03-15 13:31",12.91,12.93,12.91,12.93,0.05,+0.39%,0
"2024-03-15 13:32",12.94,12.94,12.92,12.92,-0.01,-0.08%,0
"2024-03-15 13:33",12.92,12.93,12.86,12.86,-0.06,-0.46%,0
"2024-03-15 13:34",12.83,12.89,12.83,12.89,0.03,+0.23%,0
"2024-03-15 13:35",12.88,12.88,12.81,12.81,-0.08,-0.62%,0
"2024-03-15 13:36",12.82,12.86,12.82,12.82,0.01,+0.08%,0
"2024-03-15 13:37",12.82,12.85,12.82,12.85,0.03,+0.23%,0
"2024-03-15 13:38",12.83,12.85,12.82,12.82,-0.03,-0.23%,0
"2024-03-15 13:39",12.81,12.81,12.78,12.78,-0.04,-0.31%,0
"2024-03-15 13:40",12.75,12.75,12.73,12.75,-0.03,-0.23%,0
"2024-03-15 13:41",12.74,12.77,12.74,12.77,0.02,+0.16%,0
"2024-03-15 13:42",12.76,12.76,12.75,12.75,-0.02,-0.16%,0
"2024-03-15 13:43",12.76,12.76,12.73,12.73,-0.02,-0.16%,0
"2024-03-15 13:44",12.72,12.72,12.72,12.72,-0.01,-0.08%,0
"2024-03-15 13:45",12.74,12.8,12.74,12.8,0.08,+0.63%,0
"2024-03-15 13:46",12.83,12.87,12.83,12.85,0.05,+0.39%,0
"2024-03-15 13:47",12.87,12.89,12.87,12.89,0.04,+0.31%,0
"2024-03-15 13:48",12.93,12.96,12.93,12.96,0.07,+0.54%,0
"2024-03-15 13:49",12.99,13.07,12.99,13.07,0.11,+0.85%,0
"2024-03-15 13:50",13.05,13.07,13,13,-0.07,-0.54%,0
"2024-03-15 13:51",12.98,13.01,12.98,12.99,-0.01,-0.08%,0
"2024-03-15 13:52",13.01,13.03,13,13.01,0.02,+0.15%,0
"2024-03-15 13:53",13,13,12.91,12.91,-0.1,-0.77%,0
"2024-03-15 13:54",12.9,12.97,12.9,12.96,0.05,+0.39%,0
"2024-03-15 13:55",12.94,12.94,12.78,12.78,-0.18,-1.39%,0
"2024-03-15 13:56",12.68,12.74,12.68,12.72,-0.06,-0.47%,0
"2024-03-15 13:57",12.73,12.73,12.7,12.7,-0.02,-0.16%,0
"2024-03-15 13:58",12.68,12.72,12.68,12.68,-0.02,-0.16%,0
"2024-03-15 13:59",12.65,12.65,12.61,12.61,-0.07,-0.55%,0
"2024-03-15 14:00",12.58,12.59,12.5,12.5,-0.11,-0.87%,0
"2024-03-15 14:01",12.5,12.5,12.39,12.39,-0.11,-0.88%,0
"2024-03-15 14:02",12.45,12.45,12.41,12.41,0.02,+0.16%,0
"2024-03-15 14:03",12.41,12.45,12.41,12.45,0.04,+0.32%,0
"2024-03-15 14:04",12.46,12.46,12.43,12.44,-0.01,-0.08%,0
"2024-03-15 14:05",12.41,12.45,12.41,12.45,0.01,+0.08%,0
"2024-03-15 14:06",12.45,12.61,12.45,12.61,0.16,+1.29%,0
"2024-03-15 14:07",12.63,12.64,12.59,12.59,-0.02,-0.16%,0
"2024-03-15 14:08",12.6,12.6,12.55,12.59,0,0.00%,0
"2024-03-15 14:09",12.6,12.64,12.6,12.64,0.05,+0.40%,0
"2024-03-15 14:10",12.66,12.67,12.64,12.64,0,0.00%,0
"2024-03-15 14:11",12.65,12.68,12.65,12.67,0.03,+0.24%,0
"2024-03-15 14:12",12.68,12.71,12.68,12.69,0.02,+0.16%,0
"2024-03-15 14:13",12.71,12.72,12.68,12.68,-0.01,-0.08%,0
"2024-03-15 14:14",12.69,12.75,12.68,12.72,0.04,+0.32%,0
"2024-03-15 14:15",12.66,12.66,12.61,12.61,-0.11,-0.86%,0
"2024-03-15 14:16",12.59,12.6,12.55,12.55,-0.06,-0.48%,0
"2024-03-15 14:17",12.51,12.55,12.51,12.53,-0.02,-0.16%,0
"2024-03-15 14:18",12.49,12.49,12.44,12.44,-0.09,-0.72%,0
"2024-03-15 14:19",12.41,12.44,12.41,12.44,0,0.00%,0
"2024-03-15 14:20",12.43,12.43,12.4,12.41,-0.03,-0.24%,0
"2024-03-15 14:21",12.42,12.42,12.36,12.36,-0.05,-0.40%,0
"2024-03-15 14:22",12.38,12.39,12.38,12.38,0.02,+0.16%,0
"2024-03-15 14:23",12.38,12.4,12.33,12.33,-0.05,-0.40%,0
"2024-03-15 14:24",12.33,12.48,12.33,12.48,0.15,+1.22%,0
"2024-03-15 14:25",12.51,12.51,12.47,12.47,-0.01,-0.08%,0
"2024-03-15 14:26",12.49,12.57,12.49,12.56,0.09,+0.72%,0
"2024-03-15 14:27",12.58,12.6,12.58,12.58,0.02,+0.16%,0
"2024-03-15 14:28",12.6,12.66,12.6,12.63,0.05,+0.40%,0
"2024-03-15 14:29",12.61,12.61,12.53,12.53,-0.1,-0.79%,0
"2024-03-15 14:30",12.49,12.49,12.48,12.48,-0.05,-0.40%,0
"2024-03-15 14:31",12.44,12.46,12.36,12.36,-0.12,-0.96%,0
"2024-03-15 14:32",12.38,12.39,12.37,12.37,0.01,+0.08%,0
"2024-03-15 14:33",12.38,12.41,12.38,12.41,0.04,+0.32%,0
"2024-03-15 14:34",12.38,12.45,12.38,12.45,0.04,+0.32%,0
"2024-03-15 14:35",12.44,12.48,12.44,12.48,0.03,+0.24%,0
"2024-03-15 14:36",12.46,12.46,12.42,12.42,-0.06,-0.48%,0
"2024-03-15 14:37",12.42,12.42,12.37,12.37,-0.05,-0.40%,0
"2024-03-15 14:38",12.38,12.42,12.38,12.42,0.05,+0.40%,0
"2024-03-15 14:39",12.43,12.46,12.42,12.46,0.04,+0.32%,0
"2024-03-15 14:40",12.44,12.44,12.41,12.41,-0.05,-0.40%,0
"2024-03-15 14:41",12.4,12.42,12.37,12.42,0.01,+0.08%,0
"2024-03-15 14:42",12.41,12.41,12.27,12.27,-0.15,-1.21%,0
"2024-03-15 14:43",12.29,12.32,12.28,12.28,0.01,+0.08%,0
"2024-03-15 14:44",12.29,12.29,12.25,12.25,-0.03,-0.24%,0
"2024-03-15 14:45",12.26,12.29,12.26,12.29,0.04,+0.33%,0
"2024-03-15 14:46",12.26,12.28,12.26,12.27,-0.02,-0.16%,0
"2024-03-15 14:47",12.25,12.29,12.25,12.29,0.02,+0.16%,0
"2024-03-15 14:48",12.28,12.28,12.25,12.27,-0.02,-0.16%,0
"2024-03-15 14:49",12.31,12.38,12.31,12.38,0.11,+0.90%,0
"2024-03-15 14:50",12.38,12.38,12.3,12.3,-0.08,-0.65%,0
"2024-03-15 14:51",12.3,12.3,12.27,12.28,-0.02,-0.16%,0
"2024-03-15 14:52",12.24,12.27,12.24,12.25,-0.03,-0.24%,0
"2024-03-15 14:53",12.28,12.33,12.28,12.33,0.08,+0.65%,0
"2024-03-15 14:54",12.32,12.34,12.31,12.32,-0.01,-0.08%,0
"2024-03-15 14:55",12.33,12.33,12.19,12.19,-0.13,-1.06%,0
"2024-03-15 14:56",12.16,12.16,12.13,12.13,-0.06,-0.49%,0
"2024-03-15 14:57",12.14,12.16,12.14,12.14,0.01,+0.08%,0
"2024-03-15 14:58",12.14,12.17,12.14,12.17,0.03,+0.25%,0
"2024-03-15 14:59",12.16,12.17,12.16,12.17,0,0.00%,0
"2024-03-15 15:00",12.17,12.19,12.16,12.17,0,0.00%,0
"2024-03-15 15:01",12.17,12.17,12.16,12.16,-0.01,-0.08%,0
"2024-03-15 15:02",12.15,12.16,12.13,12.13,-0.03,-0.25%,0
"2024-03-15 15:03",12.17,12.17,12.13,12.13,0,0.00%,0
"2024-03-15 15:04",12.15,12.15,12.12,12.13,0,0.00%,0
"2024-03-15 15:05",12.14,12.14,12.12,12.13,0,0.00%,0
"2024-03-15 15:06",12.12,12.19,12.12,12.19,0.06,+0.49%,0
"2024-03-15 15:07",12.21,12.21,12.2,12.21,0.02,+0.16%,0
"2024-03-15 15:08",12.27,12.31,12.27,12.31,0.1,+0.82%,0
"2024-03-15 15:09",12.3,12.32,12.29,12.32,0.01,+0.08%,0
"2024-03-15 15:10",12.34,12.36,12.34,12.36,0.04,+0.32%,0
"2024-03-15 15:11",12.38,12.4,12.31,12.31,-0.05,-0.40%,0
"2024-03-15 15:12",12.29,12.29,12.27,12.27,-0.04,-0.32%,0
"2024-03-15 15:13",12.27,12.27,12.22,12.22,-0.05,-0.41%,0
"2024-03-15 15:14",12.23,12.25,12.22,12.22,0,0.00%,0
"2024-03-15 15:15",12.22,12.22,12.18,12.18,-0.04,-0.33%,0
"2024-03-15 15:16",12.17,12.17,12.01,12.04,-0.14,-1.15%,0
"2024-03-15 15:17",12.04,12.04,11.99,11.99,-0.05,-0.42%,0
"2024-03-15 15:18",11.99,11.99,11.97,11.99,0,0.00%,0
"2024-03-15 15:19",11.99,12,11.97,11.97,-0.02,-0.17%,0
"2024-03-15 15:20",11.96,11.96,11.91,11.91,-0.06,-0.50%,0
"2024-03-15 15:21",11.92,11.94,11.92,11.94,0.03,+0.25%,0
"2024-03-15 15:22",11.98,12,11.94,11.94,0,0.00%,0
"2024-03-15 15:23",11.89,11.92,11.88,11.89,-0.05,-0.42%,0
"2024-03-15 15:24",11.86,11.88,11.86,11.88,-0.01,-0.08%,0
"2024-03-15 15:25",11.9,11.9,11.86,11.86,-0.02,-0.17%,0
"2024-03-15 15:26",11.86,11.87,11.86,11.87,0.01,+0.08%,0
"2024-03-15 15:27",11.87,11.92,11.87,11.9,0.03,+0.25%,0
"2024-03-15 15:28",11.87,11.9,11.86,11.9,0,0.00%,0
"2024-03-15 15:29",11.89,11.97,11.89,11.97,0.07,+0.59%,0
"2024-03-15 15:30",11.92,11.99,11.92,11.92,-0.05,-0.42%,0
"2024-03-15 15:31",12.03,12.03,11.95,11.95,0.03,+0.25%,0
"2024-03-15 15:32",11.95,12.08,11.95,12.08,0.13,+1.09%,0
"2024-03-15 15:33",12.11,12.11,12.07,12.07,-0.01,-0.08%,0
"2024-03-15 15:34",12.09,12.12,12.09,12.09,0.02,+0.17%,0
"2024-03-15 15:35",12.08,12.16,12.08,12.16,0.07,+0.58%,0
"2024-03-15 15:36",12.15,12.17,12.15,12.17,0.01,+0.08%,0
"2024-03-15 15:37",12.17,12.21,12.17,12.21,0.04,+0.33%,0
"2024-03-15 15:38",12.24,12.37,12.24,12.37,0.16,+1.31%,0
"2024-03-15 15:39",12.4,12.44,12.4,12.44,0.07,+0.57%,0
"2024-03-15 15:40",12.45,12.55,12.45,12.55,0.11,+0.88%,0
"2024-03-15 15:41",12.58,12.58,12.54,12.55,0,0.00%,0
"2024-03-15 15:42",12.53,12.54,12.52,12.54,-0.01,-0.08%,0
"2024-03-15 15:43",12.54,12.58,12.54,12.54,0,0.00%,0
"2024-03-15 15:44",12.53,12.58,12.49,12.49,-0.05,-0.40%,0
"2024-03-15 15:45",12.43,12.43,12.39,12.4,-0.09,-0.72%,0
"2024-03-15 15:46",12.36,12.36,12.26,12.26,-0.14,-1.13%,0
"2024-03-15 15:47",12.23,12.25,12.23,12.24,-0.02,-0.16%,0
"2024-03-15 15:48",12.21,12.22,12.19,12.19,-0.05,-0.41%,0
"2024-03-15 15:49",12.19,12.19,12.13,12.13,-0.06,-0.49%,0
"2024-03-15 15:50",12.17,12.22,12.14,12.14,0.01,+0.08%,0
"2024-03-15 15:51",12.18,12.22,12.18,12.22,0.08,+0.66%,0
"2024-03-15 15:52",12.25,12.38,12.25,12.38,0.16,+1.31%,0
"2024-03-15 15:53",12.28,12.39,12.28,12.39,0.01,+0.08%,0
"2024-03-15 15:54",12.48,12.6,12.48,12.59,0.2,+1.61%,0
"2024-03-15 15:55",12.62,12.62,12.45,12.45,-0.14,-1.11%,0
"2024-03-15 15:56",12.43,12.44,12.33,12.33,-0.12,-0.96%,0
"2024-03-15 15:57",12.3,12.31,12.26,12.26,-0.07,-0.57%,0
"2024-03-15 15:58",12.2,12.21,12.12,12.12,-0.14,-1.14%,0
"2024-03-15 15:59",12.12,12.12,11.82,11.82,-0.3,-2.48%,0
"2024-03-15 16:00",11.62,11.72,11.41,11.41,-0.41,-3.47%,0
"2024-03-15 16:01",11.45,11.53,11.45,11.53,0.12,+1.05%,0
"2024-03-15 16:02",11.51,11.65,11.51,11.65,0.12,+1.04%,0
"2024-03-15 16:03",11.64,11.67,11.32,11.67,0.02,+0.17%,0
"2024-03-15 16:04",11.68,11.72,11.68,11.69,0.02,+0.17%,0
"2024-03-15 16:05",11.68,11.72,11.68,11.72,0.03,+0.26%,0
"2024-03-15 16:06",11.7,11.7,11.69,11.69,-0.03,-0.26%,0
"2024-03-15 16:07",11.68,11.68,11.65,11.66,-0.03,-0.26%,0
"2024-03-15 16:08",11.67,11.67,11.63,11.66,0,0.00%,0
"2024-03-15 16:09",11.73,11.76,11.73,11.74,0.08,+0.69%,0
"2024-03-15 16:10",11.73,11.75,11.69,11.75,0.01,+0.09%,0
"2024-03-15 16:11",11.73,11.77,11.73,11.75,0,0.00%,0
"2024-03-15 16:12",11.78,11.87,11.78,11.87,0.12,+1.02%,0
"2024-03-15 16:13",11.91,11.91,11.9,11.91,0.04,+0.34%,0
"2024-03-15 16:14",11.91,11.93,11.88,11.88,-0.03,-0.25%,0
"2024-03-15 16:15",11.88,11.88,11.88,11.88,0,0.00%,0
"2024-03-18 09:31",8.11,8.4,8.11,8.4,-3.48,-29.29%,0
"2024-03-18 09:32",8.42,8.6,8.42,8.54,0.14,+1.67%,0
"2024-03-18 09:33",8.53,8.53,8.5,8.53,-0.01,-0.12%,0
"2024-03-18 09:34",8.53,8.55,8.51,8.51,-0.02,-0.23%,0
"2024-03-18 09:35",8.49,8.54,8.49,8.5,-0.01,-0.12%,0
"2024-03-18 09:36",8.5,8.55,8.5,8.55,0.05,+0.59%,0
"2024-03-18 09:37",8.5,8.5,8.46,8.46,-0.09,-1.05%,0
"2024-03-18 09:38",8.42,8.47,8.4,8.47,0.01,+0.12%,0
"2024-03-18 09:39",8.46,8.54,8.46,8.54,0.07,+0.83%,0
"2024-03-18 09:40",8.56,8.56,8.47,8.47,-0.07,-0.82%,0
"2024-03-18 09:41",8.48,8.55,8.48,8.51,0.04,+0.47%,0
"2024-03-18 09:42",8.51,8.51,8.5,8.5,-0.01,-0.12%,0
"2024-03-18 09:43",8.47,8.51,8.46,8.46,-0.04,-0.47%,0
"2024-03-18 09:44",8.44,8.48,8.44,8.48,0.02,+0.24%,0
"2024-03-18 09:45",8.51,8.51,8.49,8.49,0.01,+0.12%,0
"2024-03-18 09:46",8.53,8.54,8.52,8.53,0.04,+0.47%,0
"2024-03-18 09:47",8.45,8.55,8.45,8.51,-0.02,-0.23%,0
"2024-03-18 09:48",8.49,8.56,8.49,8.54,0.03,+0.35%,0
"2024-03-18 09:49",8.54,8.54,8.51,8.52,-0.02,-0.23%,0
"2024-03-18 09:50",8.53,8.53,8.48,8.49,-0.03,-0.35%,0
"2024-03-18 09:51",8.5,8.54,8.48,8.48,-0.01,-0.12%,0
"2024-03-18 09:52",8.49,8.54,8.49,8.51,0.03,+0.35%,0
"2024-03-18 09:53",8.51,8.54,8.5,8.5,-0.01,-0.12%,0
"2024-03-18 09:54",8.51,8.53,8.5,8.5,0,0.00%,0
"2024-03-18 09:55",8.52,8.54,8.52,8.54,0.04,+0.47%,0
"2024-03-18 09:56",8.6,8.7,8.6,8.7,0.16,+1.87%,0
"2024-03-18 09:57",8.69,8.94,8.65,8.85,0.15,+1.72%,0
"2024-03-18 09:58",8.83,8.97,8.83,8.94,0.09,+1.02%,0
"2024-03-18 09:59",8.96,8.98,8.9,8.9,-0.04,-0.45%,0
"2024-03-18 10:00",8.92,8.92,8.89,8.91,0.01,+0.11%,0
"2024-03-18 10:01",8.9,8.9,8.87,8.87,-0.04,-0.45%,0
"2024-03-18 10:02",8.86,8.87,8.86,8.86,-0.01,-0.11%,0
"2024-03-18 10:03",8.87,8.89,8.76,8.76,-0.1,-1.13%,0
"2024-03-18 10:04",8.76,8.76,8.7,8.71,-0.05,-0.57%,0
"2024-03-18 10:05",8.71,8.75,8.7,8.7,-0.01,-0.11%,0
"2024-03-18 10:06",8.76,8.76,8.75,8.76,0.06,+0.69%,0
"2024-03-18 10:07",8.7,8.74,8.64,8.74,-0.02,-0.23%,0
"2024-03-18 10:08",8.73,8.73,8.64,8.64,-0.1,-1.14%,0
"2024-03-18 10:09",8.65,8.65,8.62,8.62,-0.02,-0.23%,0
"2024-03-18 10:10",8.61,8.63,8.43,8.43,-0.19,-2.20%,0
"2024-03-18 10:11",8.4,8.57,8.4,8.54,0.11,+1.30%,0
"2024-03-18 10:12",8.51,8.54,8.51,8.51,-0.03,-0.35%,0
"2024-03-18 10:13",8.49,8.6,8.49,8.58,0.07,+0.82%,0
"2024-03-18 10:14",8.59,8.59,8.45,8.52,-0.06,-0.70%,0
"2024-03-18 10:15",8.53,8.53,8.5,8.53,0.01,+0.12%,0
"2024-03-18 10:16",8.52,8.58,8.52,8.58,0.05,+0.59%,0
"2024-03-18 10:17",8.58,8.59,8.57,8.57,-0.01,-0.12%,0
"2024-03-18 10:18",8.57,8.62,8.57,8.59,0.02,+0.23%,0
"2024-03-18 10:19",8.58,8.6,8.54,8.56,-0.03,-0.35%,0
"2024-03-18 10:20",8.57,8.65,8.57,8.65,0.09,+1.05%,0
"2024-03-18 10:21",8.67,8.73,8.67,8.73,0.08,+0.92%,0
"2024-03-18 10:22",8.72,8.74,8.72,8.73,0,0.00%,0
"2024-03-18 10:23",8.73,8.77,8.73,8.73,0,0.00%,0
"2024-03-18 10:24",8.71,8.74,8.7,8.7,-0.03,-0.34%,0
"2024-03-18 10:25",8.62,8.62,8.6,8.62,-0.08,-0.92%,0
"2024-03-18 10:26",8.61,8.73,8.61,8.61,-0.01,-0.12%,0
"2024-03-18 10:27",8.63,8.66,8.63,8.66,0.05,+0.58%,0
"2024-03-18 10:28",8.66,8.7,8.66,8.7,0.04,+0.46%,0
"2024-03-18 10:29",8.68,8.75,8.68,8.75,0.05,+0.57%,0
"2024-03-18 10:30",8.74,8.76,8.74,8.76,0.01,+0.11%,0
"2024-03-18 10:31",8.78,8.86,8.78,8.84,0.08,+0.91%,0
"2024-03-18 10:32",8.85,8.88,8.83,8.83,-0.01,-0.11%,0
"2024-03-18 10:33",8.76,8.79,8.74,8.74,-0.09,-1.02%,0
"2024-03-18 10:34",8.7,8.8,8.7,8.8,0.06,+0.69%,0
"2024-03-18 10:35",8.8,8.84,8.8,8.82,0.02,+0.23%,0
"2024-03-18 10:36",8.82,8.86,8.82,8.84,0.02,+0.23%,0
"2024-03-18 10:37",8.8,8.8,8.78,8.8,-0.04,-0.45%,0
"2024-03-18 10:38",8.79,8.84,8.79,8.84,0.04,+0.45%,0
"2024-03-18 10:39",8.85,8.88,8.85,8.88,0.04,+0.45%,0
"2024-03-18 10:40",8.9,8.92,8.9,8.91,0.03,+0.34%,0
"2024-03-18 10:41",8.88,8.92,8.88,8.88,-0.03,-0.34%,0
"2024-03-18 10:42",8.88,8.92,8.88,8.88,0,0.00%,0
"2024-03-18 10:43",8.87,8.9,8.87,8.9,0.02,+0.23%,0
"2024-03-18 10:44",8.9,8.95,8.9,8.94,0.04,+0.45%,0
"2024-03-18 10:45",8.92,8.94,8.91,8.91,-0.03,-0.34%,0
"2024-03-18 10:46",8.89,8.94,8.89,8.93,0.02,+0.22%,0
"2024-03-18 10:47",8.94,8.96,8.93,8.93,0,0.00%,0
"2024-03-18 10:48",8.96,8.97,8.94,8.94,0.01,+0.11%,0
"2024-03-18 10:49",8.92,8.94,8.9,8.9,-0.04,-0.45%,0
"2024-03-18 10:50",8.89,8.91,8.88,8.9,0,0.00%,0
"2024-03-18 10:51",8.9,8.93,8.9,8.92,0.02,+0.22%,0
"2024-03-18 10:52",8.94,8.96,8.94,8.96,0.04,+0.45%,0
"2024-03-18 10:53",8.97,9.02,8.97,9.02,0.06,+0.67%,0
"2024-03-18 10:54",9.02,9.05,9.02,9.05,0.03,+0.33%,0
"2024-03-18 10:55",9.04,9.08,9.04,9.08,0.03,+0.33%,0
"2024-03-18 10:56",9.08,9.09,9.08,9.08,0,0.00%,0
"2024-03-18 10:57",9.1,9.1,9.08,9.08,0,0.00%,0
"2024-03-18 10:58",9.1,9.15,9.1,9.15,0.07,+0.77%,0
"2024-03-18 10:59",9.15,9.17,9.15,9.17,0.02,+0.22%,0
"2024-03-18 11:00",9.16,9.22,9.16,9.22,0.05,+0.55%,0
"2024-03-18 11:01",9.23,9.28,9.23,9.28,0.06,+0.65%,0
"2024-03-18 11:02",9.28,9.37,9.28,9.37,0.09,+0.97%,0
"2024-03-18 11:03",9.36,9.36,9.32,9.32,-0.05,-0.53%,0
"2024-03-18 11:04",9.33,9.37,9.29,9.29,-0.03,-0.32%,0
"2024-03-18 11:05",9.26,9.36,9.26,9.36,0.07,+0.75%,0
"2024-03-18 11:06",9.38,9.39,9.38,9.38,0.02,+0.21%,0
"2024-03-18 11:07",9.37,9.38,9.29,9.29,-0.09,-0.96%,0
"2024-03-18 11:08",9.3,9.34,9.3,9.34,0.05,+0.54%,0
"2024-03-18 11:09",9.34,9.36,9.34,9.35,0.01,+0.11%,0
"2024-03-18 11:10",9.35,9.37,9.35,9.36,0.01,+0.11%,0
"2024-03-18 11:11",9.38,9.4,9.38,9.4,0.04,+0.43%,0
"2024-03-18 11:12",9.4,9.53,9.4,9.53,0.13,+1.38%,0
"2024-03-18 11:13",9.55,9.55,9.52,9.52,-0.01,-0.10%,0
"2024-03-18 11:14",9.5,9.51,9.49,9.49,-0.03,-0.32%,0
"2024-03-18 11:15",9.48,9.56,9.48,9.55,0.06,+0.63%,0
"2024-03-18 11:16",9.53,9.53,9.48,9.53,-0.02,-0.21%,0
"2024-03-18 11:17",9.57,9.57,9.54,9.54,0.01,+0.10%,0
"2024-03-18 11:18",9.48,9.57,9.48,9.57,0.03,+0.31%,0
"2024-03-18 11:19",9.54,9.56,9.54,9.55,-0.02,-0.21%,0
"2024-03-18 11:20",9.56,9.56,9.55,9.55,0,0.00%,0
"2024-03-18 11:21",9.57,9.57,9.48,9.48,-0.07,-0.73%,0
"2024-03-18 11:22",9.47,9.5,9.47,9.49,0.01,+0.11%,0
"2024-03-18 11:23",9.5,9.52,9.5,9.52,0.03,+0.32%,0
"2024-03-18 11:24",9.52,9.54,9.52,9.53,0.01,+0.11%,0
"2024-03-18 11:25",9.54,9.6,9.54,9.6,0.07,+0.73%,0
"2024-03-18 11:26",9.58,9.63,9.58,9.63,0.03,+0.31%,0
"2024-03-18 11:27",9.66,9.69,9.66,9.69,0.06,+0.62%,0
"2024-03-18 11:28",9.69,9.71,9.69,9.71,0.02,+0.21%,0
"2024-03-18 11:29",9.71,9.71,9.67,9.68,-0.03,-0.31%,0
"2024-03-18 11:30",9.69,9.73,9.69,9.73,0.05,+0.52%,0
"2024-03-18 11:31",9.74,9.82,9.74,9.82,0.09,+0.92%,0
"2024-03-18 11:32",9.83,9.88,9.83,9.88,0.06,+0.61%,0
"2024-03-18 11:33",9.79,9.91,9.79,9.88,0,0.00%,0
"2024-03-18 11:34",9.88,9.91,9.88,9.9,0.02,+0.20%,0
"2024-03-18 11:35",9.86,9.92,9.86,9.89,-0.01,-0.10%,0
"2024-03-18 11:36",9.88,9.88,9.82,9.82,-0.07,-0.71%,0
"2024-03-18 11:37",9.81,9.88,9.81,9.88,0.06,+0.61%,0
"2024-03-18 11:38",9.85,9.85,9.8,9.8,-0.08,-0.81%,0
"2024-03-18 11:39",9.82,9.83,9.81,9.82,0.02,+0.20%,0
"2024-03-18 11:40",9.82,9.84,9.82,9.84,0.02,+0.20%,0
"2024-03-18 11:41",9.81,9.82,9.81,9.81,-0.03,-0.30%,0
"2024-03-18 11:42",9.81,9.83,9.81,9.81,0,0.00%,0
"2024-03-18 11:43",9.81,9.83,9.81,9.83,0.02,+0.20%,0
"2024-03-18 11:44",9.82,9.85,9.82,9.84,0.01,+0.10%,0
"2024-03-18 11:45",9.83,9.85,9.83,9.85,0.01,+0.10%,0
"2024-03-18 11:46",9.85,9.93,9.85,9.92,0.07,+0.71%,0
"2024-03-18 11:47",9.9,9.92,9.9,9.92,0,0.00%,0
"2024-03-18 11:48",9.93,9.96,9.93,9.96,0.04,+0.40%,0
"2024-03-18 11:49",9.97,9.98,9.96,9.98,0.02,+0.20%,0
"2024-03-18 11:50",9.99,9.99,9.98,9.98,0,0.00%,0
"2024-03-18 11:51",9.99,10.03,9.99,10,0.02,+0.20%,0
"2024-03-18 11:52",10.01,10.07,10.01,10.07,0.07,+0.70%,0
"2024-03-18 11:53",10.12,10.19,10.06,10.15,0.08,+0.79%,0
"2024-03-18 11:54",10.14,10.18,10.14,10.18,0.03,+0.30%,0
"2024-03-18 11:55",10.17,10.21,10.17,10.18,0,0.00%,0
"2024-03-18 11:56",10.15,10.15,10.13,10.14,-0.04,-0.39%,0
"2024-03-18 11:57",10.12,10.13,10.09,10.09,-0.05,-0.49%,0
"2024-03-18 11:58",10.07,10.12,10.07,10.12,0.03,+0.30%,0
"2024-03-18 11:59",10.13,10.14,10.12,10.13,0.01,+0.10%,0
"2024-03-18 12:00",10.13,10.18,10.13,10.18,0.05,+0.49%,0
"2024-03-18 12:01",10.2,10.21,10.19,10.2,0.02,+0.20%,0
"2024-03-18 12:02",10.19,10.25,10.19,10.25,0.05,+0.49%,0
"2024-03-18 12:03",10.25,10.32,10.25,10.25,0,0.00%,0
"2024-03-18 12:04",10.24,10.29,10.24,10.28,0.03,+0.29%,0
"2024-03-18 12:05",10.31,10.32,10.3,10.3,0.02,+0.19%,0
"2024-03-18 12:06",10.28,10.3,10.28,10.3,0,0.00%,0
"2024-03-18 12:07",10.29,10.3,10.28,10.28,-0.02,-0.19%,0
"2024-03-18 12:08",10.29,10.32,10.29,10.32,0.04,+0.39%,0
"2024-03-18 12:09",10.32,10.34,10.32,10.32,0,0.00%,0
"2024-03-18 12:10",10.33,10.35,10.33,10.33,0.01,+0.10%,0
"2024-03-18 12:11",10.34,10.36,10.34,10.36,0.03,+0.29%,0
"2024-03-18 12:12",10.35,10.35,10.29,10.3,-0.06,-0.58%,0
"2024-03-18 12:13",10.29,10.32,10.29,10.31,0.01,+0.10%,0
"2024-03-18 12:14",10.31,10.33,10.3,10.3,-0.01,-0.10%,0
"2024-03-18 12:15",10.29,10.32,10.29,10.3,0,0.00%,0
"2024-03-18 12:16",10.3,10.32,10.3,10.32,0.02,+0.19%,0
"2024-03-18 12:17",10.34,10.36,10.33,10.36,0.04,+0.39%,0
"2024-03-18 12:18",10.34,10.36,10.34,10.36,0,0.00%,0
"2024-03-18 12:19",10.34,10.37,10.34,10.36,0,0.00%,0
"2024-03-18 12:20",10.36,10.4,10.36,10.4,0.04,+0.39%,0
"2024-03-18 12:21",10.4,10.41,10.39,10.39,-0.01,-0.10%,0
"2024-03-18 12:22",10.38,10.41,10.38,10.4,0.01,+0.10%,0
"2024-03-18 12:23",10.4,10.45,10.4,10.45,0.05,+0.48%,0
"2024-03-18 12:24",10.44,10.44,10.44,10.44,-0.01,-0.10%,0
"2024-03-18 12:25",10.43,10.45,10.43,10.45,0.01,+0.10%,0
"2024-03-18 12:26",10.44,10.48,10.44,10.47,0.02,+0.19%,0
"2024-03-18 12:27",10.47,10.51,10.47,10.49,0.02,+0.19%,0
"2024-03-18 12:28",10.47,10.5,10.47,10.5,0.01,+0.10%,0
"2024-03-18 12:29",10.49,10.52,10.49,10.52,0.02,+0.19%,0
"2024-03-18 12:30",10.54,10.58,10.54,10.58,0.06,+0.57%,0
"2024-03-18 12:31",10.59,10.61,10.59,10.61,0.03,+0.28%,0
"2024-03-18 12:32",10.6,10.62,10.6,10.62,0.01,+0.09%,0
"2024-03-18 12:33",10.62,10.67,10.62,10.64,0.02,+0.19%,0
"2024-03-18 12:34",10.65,10.68,10.65,10.68,0.04,+0.38%,0
"2024-03-18 12:35",10.67,10.72,10.67,10.7,0.02,+0.19%,0
"2024-03-18 12:36",10.7,10.71,10.7,10.71,0.01,+0.09%,0
"2024-03-18 12:37",10.71,10.74,10.71,10.72,0.01,+0.09%,0
"2024-03-18 12:38",10.72,10.75,10.72,10.75,0.03,+0.28%,0
"2024-03-18 12:39",10.75,10.76,10.75,10.76,0.01,+0.09%,0
"2024-03-18 12:40",10.76,10.81,10.76,10.8,0.04,+0.37%,0
"2024-03-18 12:41",10.81,10.83,10.81,10.83,0.03,+0.28%,0
"2024-03-18 12:42",10.82,10.84,10.81,10.81,-0.02,-0.18%,0
"2024-03-18 12:43",10.8,10.84,10.8,10.82,0.01,+0.09%,0
"2024-03-18 12:44",10.82,10.86,10.82,10.84,0.02,+0.18%,0
"2024-03-18 12:45",10.85,10.87,10.85,10.87,0.03,+0.28%,0
"2024-03-18 12:46",10.87,10.89,10.87,10.88,0.01,+0.09%,0
"2024-03-18 12:47",10.89,10.9,10.89,10.89,0.01,+0.09%,0
"2024-03-18 12:48",10.88,10.91,10.88,10.9,0.01,+0.09%,0
"2024-03-18 12:49",10.9,10.96,10.9,10.96,0.06,+0.55%,0
"2024-03-18 12:50",10.96,11.04,10.96,11.04,0.08,+0.73%,0
"2024-03-18 12:51",11.05,11.12,11.03,11.12,0.08,+0.72%,0
"2024-03-18 12:52",11.25,11.25,11.11,11.11,-0.01,-0.09%,0
"2024-03-18 12:53",11.17,11.25,11.17,11.21,0.1,+0.90%,0
"2024-03-18 12:54",11.17,11.17,11.09,11.09,-0.12,-1.07%,0
"2024-03-18 12:55",11.2,11.24,11.2,11.24,0.15,+1.35%,0
"2024-03-18 12:56",11.22,11.24,11.21,11.21,-0.03,-0.27%,0
"2024-03-18 12:57",11.21,11.26,11.21,11.25,0.04,+0.36%,0
"2024-03-18 12:58",11.31,11.34,11.28,11.28,0.03,+0.27%,0
"2024-03-18 12:59",11.3,11.34,11.3,11.33,0.05,+0.44%,0
"2024-03-18 13:00",11.34,11.41,11.34,11.39,0.06,+0.53%,0
"2024-03-18 13:01",11.34,11.38,11.34,11.38,-0.01,-0.09%,0
"2024-03-18 13:02",11.39,11.42,11.39,11.39,0.01,+0.09%,0
"2024-03-18 13:03",11.38,11.39,11.29,11.39,0,0.00%,0
"2024-03-18 13:04",11.41,11.48,11.41,11.48,0.09,+0.79%,0
"2024-03-18 13:05",11.46,11.47,11.45,11.45,-0.03,-0.26%,0
"2024-03-18 13:06",11.43,11.43,11.42,11.43,-0.02,-0.17%,0
"2024-03-18 13:07",11.42,11.43,11.41,11.41,-0.02,-0.17%,0
"2024-03-18 13:08",11.41,11.41,11.35,11.36,-0.05,-0.44%,0
"2024-03-18 13:09",11.35,11.39,11.35,11.39,0.03,+0.26%,0
"2024-03-18 13:10",11.38,11.42,11.38,11.39,0,0.00%,0
"2024-03-18 13:11",11.38,11.41,11.38,11.41,0.02,+0.18%,0
"2024-03-18 13:12",11.41,11.45,11.41,11.45,0.04,+0.35%,0
"2024-03-18 13:13",11.43,11.47,11.43,11.47,0.02,+0.17%,0
"2024-03-18 13:14",11.48,11.49,11.45,11.45,-0.02,-0.17%,0
"2024-03-18 13:15",11.45,11.48,11.45,11.47,0.02,+0.17%,0
"2024-03-18 13:16",11.47,11.5,11.47,11.48,0.01,+0.09%,0
"2024-03-18 13:17",11.5,11.54,11.5,11.54,0.06,+0.52%,0
"2024-03-18 13:18",11.54,11.54,11.52,11.52,-0.02,-0.17%,0
"2024-03-18 13:19",11.53,11.54,11.53,11.54,0.02,+0.17%,0
"2024-03-18 13:20",11.49,11.5,11.47,11.47,-0.07,-0.61%,0
"2024-03-18 13:21",11.47,11.47,11.45,11.45,-0.02,-0.17%,0
"2024-03-18 13:22",11.44,11.48,11.44,11.46,0.01,+0.09%,0
"2024-03-18 13:23",11.45,11.52,11.45,11.52,0.06,+0.52%,0
"2024-03-18 13:24",11.53,11.55,11.53,11.55,0.03,+0.26%,0
"2024-03-18 13:25",11.54,11.55,11.53,11.53,-0.02,-0.17%,0
"2024-03-18 13:26",11.53,11.58,11.53,11.58,0.05,+0.43%,0
"2024-03-18 13:27",11.57,11.59,11.57,11.58,0,0.00%,0
"2024-03-18 13:28",11.58,11.61,11.58,11.6,0.02,+0.17%,0
"2024-03-18 13:29",11.6,11.6,11.53,11.53,-0.07,-0.60%,0
"2024-03-18 13:30",11.54,11.56,11.54,11.56,0.03,+0.26%,0
"2024-03-18 13:31",11.54,11.56,11.54,11.56,0,0.00%,0
"2024-03-18 13:32",11.56,11.57,11.56,11.57,0.01,+0.09%,0
"2024-03-18 13:33",11.56,11.63,11.56,11.63,0.06,+0.52%,0
"2024-03-18 13:34",11.62,11.66,11.62,11.65,0.02,+0.17%,0
"2024-03-18 13:35",11.65,11.69,11.65,11.69,0.04,+0.34%,0
"2024-03-18 13:36",11.69,11.75,11.69,11.74,0.05,+0.43%,0
"2024-03-18 13:37",11.73,11.77,11.73,11.76,0.02,+0.17%,0
"2024-03-18 13:38",11.76,11.88,11.76,11.87,0.11,+0.94%,0
"2024-03-18 13:39",11.89,11.92,11.85,11.89,0.02,+0.17%,0
"2024-03-18 13:40",11.94,11.97,11.94,11.97,0.08,+0.67%,0
"2024-03-18 13:41",12.03,12.06,12.03,12.06,0.09,+0.75%,0
"2024-03-18 13:42",12.03,12.03,12.01,12.02,-0.04,-0.33%,0
"2024-03-18 13:43",11.99,12.06,11.99,12.05,0.03,+0.25%,0
"2024-03-18 13:44",12.06,12.09,12.06,12.07,0.02,+0.17%,0
"2024-03-18 13:45",12.06,12.06,12.01,12.01,-0.06,-0.50%,0
"2024-03-18 13:46",12.01,12.04,12.01,12.04,0.03,+0.25%,0
"2024-03-18 13:47",12.05,12.09,12.05,12.09,0.05,+0.42%,0
"2024-03-18 13:48",12.07,12.1,12.07,12.08,-0.01,-0.08%,0
"2024-03-18 13:49",12.07,12.11,12.07,12.08,0,0.00%,0
"2024-03-18 13:50",12.03,12.03,12.01,12.01,-0.07,-0.58%,0
"2024-03-18 13:51",12.01,12.05,12.01,12.05,0.04,+0.33%,0
"2024-03-18 13:52",12.05,12.06,12.05,12.05,0,0.00%,0
"2024-03-18 13:53",12.05,12.08,12.05,12.07,0.02,+0.17%,0
"2024-03-18 13:54",12.08,12.12,12.07,12.07,0,0.00%,0
"2024-03-18 13:55",12.08,12.11,12.08,12.11,0.04,+0.33%,0
"2024-03-18 13:56",12.09,12.1,12.07,12.07,-0.04,-0.33%,0
"2024-03-18 13:57",12.06,12.08,12.05,12.08,0.01,+0.08%,0
"2024-03-18 13:58",12.06,12.07,12.04,12.04,-0.04,-0.33%,0
"2024-03-18 13:59",12.01,12.02,11.99,11.99,-0.05,-0.42%,0
"2024-03-18 14:00",11.97,11.99,11.97,11.99,0,0.00%,0
"2024-03-18 14:01",11.99,12.01,11.99,12,0.01,+0.08%,0
"2024-03-18 14:02",12.01,12.02,11.99,11.99,-0.01,-0.08%,0
"2024-03-18 14:03",11.98,12.01,11.95,11.95,-0.04,-0.33%,0
"2024-03-18 14:04",11.95,11.98,11.95,11.96,0.01,+0.08%,0
"2024-03-18 14:05",11.96,12.01,11.96,12.01,0.05,+0.42%,0
"2024-03-18 14:06",12,12.02,12,12.02,0.01,+0.08%,0
"2024-03-18 14:07",12,12.01,11.99,11.99,-0.03,-0.25%,0
"2024-03-18 14:08",11.98,12,11.98,11.98,-0.01,-0.08%,0
"2024-03-18 14:09",11.96,11.96,11.95,11.95,-0.03,-0.25%,0
"2024-03-18 14:10",11.95,11.97,11.93,11.93,-0.02,-0.17%,0
"2024-03-18 14:11",11.94,11.94,11.93,11.93,0,0.00%,0
"2024-03-18 14:12",11.94,11.97,11.94,11.95,0.02,+0.17%,0
"2024-03-18 14:13",11.95,12.01,11.95,12.01,0.06,+0.50%,0
"2024-03-18 14:14",11.99,12.03,11.99,12,-0.01,-0.08%,0
"2024-03-18 14:15",12,12,11.96,11.96,-0.04,-0.33%,0
"2024-03-18 14:16",11.95,11.96,11.94,11.94,-0.02,-0.17%,0
"2024-03-18 14:17",11.93,11.95,11.93,11.94,0,0.00%,0
"2024-03-18 14:18",11.94,11.94,11.93,11.93,-0.01,-0.08%,0
"2024-03-18 14:19",11.93,11.94,11.93,11.94,0.01,+0.08%,0
"2024-03-18 14:20",11.93,11.95,11.93,11.95,0.01,+0.08%,0
"2024-03-18 14:21",11.94,11.97,11.94,11.97,0.02,+0.17%,0
"2024-03-18 14:22",11.96,12.01,11.96,12.01,0.04,+0.33%,0
"2024-03-18 14:23",12.01,12.03,12.01,12.01,0,0.00%,0
"2024-03-18 14:24",12.03,12.03,12,12,-0.01,-0.08%,0
"2024-03-18 14:25",12.01,12.02,12,12,0,0.00%,0
"2024-03-18 14:26",12.01,12.03,11.98,11.98,-0.02,-0.17%,0
"2024-03-18 14:27",11.98,11.98,11.95,11.95,-0.03,-0.25%,0
"2024-03-18 14:28",11.95,11.98,11.95,11.97,0.02,+0.17%,0
"2024-03-18 14:29",11.97,11.99,11.97,11.99,0.02,+0.17%,0
"2024-03-18 14:30",11.97,11.99,11.97,11.98,-0.01,-0.08%,0
"2024-03-18 14:31",11.99,12.01,11.99,12,0.02,+0.17%,0
"2024-03-18 14:32",12,12.01,11.98,11.98,-0.02,-0.17%,0
"2024-03-18 14:33",11.99,11.99,11.95,11.95,-0.03,-0.25%,0
"2024-03-18 14:34",11.94,11.97,11.94,11.96,0.01,+0.08%,0
"2024-03-18 14:35",11.94,11.95,11.93,11.94,-0.02,-0.17%,0
"2024-03-18 14:36",11.93,11.94,11.93,11.94,0,0.00%,0
"2024-03-18 14:37",11.81,11.82,11.8,11.8,-0.14,-1.17%,0
"2024-03-18 14:38",11.79,11.83,11.79,11.82,0.02,+0.17%,0
"2024-03-18 14:39",11.81,11.85,11.81,11.85,0.03,+0.25%,0
"2024-03-18 14:40",11.83,11.87,11.83,11.87,0.02,+0.17%,0
"2024-03-18 14:41",11.92,11.95,11.92,11.95,0.08,+0.67%,0
"2024-03-18 14:42",12.03,12.3,12.03,12.3,0.35,+2.93%,0
"2024-03-18 14:43",12.39,12.39,12.25,12.33,0.03,+0.24%,0
"2024-03-18 14:44",12.32,12.35,12.32,12.34,0.01,+0.08%,0
"2024-03-18 14:45",12.34,12.39,12.29,12.29,-0.05,-0.41%,0
"2024-03-18 14:46",12.26,12.28,12.26,12.26,-0.03,-0.24%,0
"2024-03-18 14:47",12.25,12.31,12.25,12.29,0.03,+0.24%,0
"2024-03-18 14:48",12.32,12.32,12.23,12.23,-0.06,-0.49%,0
"2024-03-18 14:49",12.23,12.23,12.12,12.12,-0.11,-0.90%,0
"2024-03-18 14:50",12.08,12.1,12.07,12.07,-0.05,-0.41%,0
"2024-03-18 14:51",12.08,12.09,12.07,12.07,0,0.00%,0
"2024-03-18 14:52",12.08,12.09,12.08,12.09,0.02,+0.17%,0
"2024-03-18 14:53",12.07,12.07,12.03,12.03,-0.06,-0.50%,0
"2024-03-18 14:54",12.05,12.06,12.05,12.06,0.03,+0.25%,0
"2024-03-18 14:55",12.07,12.08,12.06,12.08,0.02,+0.17%,0
"2024-03-18 14:56",12.05,12.08,12.05,12.06,-0.02,-0.17%,0
"2024-03-18 14:57",12.07,12.1,12.06,12.06,0,0.00%,0
"2024-03-18 14:58",12.05,12.06,12.05,12.05,-0.01,-0.08%,0
"2024-03-18 14:59",12.04,12.04,12.02,12.02,-0.03,-0.25%,0
"2024-03-18 15:00",12.03,12.04,12.02,12.02,0,0.00%,0
"2024-03-18 15:01",12.05,12.05,12.01,12.01,-0.01,-0.08%,0
"2024-03-18 15:02",12.01,12.02,12.01,12.02,0.01,+0.08%,0
"2024-03-18 15:03",12.02,12.02,12,12,-0.02,-0.17%,0
"2024-03-18 15:04",12.02,12.02,12.01,12.01,0.01,+0.08%,0
"2024-03-18 15:05",12.01,12.08,12.01,12.08,0.07,+0.58%,0
"2024-03-18 15:06",12.07,12.07,12.02,12.02,-0.06,-0.50%,0
"2024-03-18 15:07",12.01,12.03,11.99,11.99,-0.03,-0.25%,0
"2024-03-18 15:08",11.98,12.08,11.97,12.08,0.09,+0.75%,0
"2024-03-18 15:09",12.08,12.12,12.08,12.11,0.03,+0.25%,0
"2024-03-18 15:10",12.11,12.15,12.11,12.14,0.03,+0.25%,0
"2024-03-18 15:11",12.14,12.2,12.14,12.19,0.05,+0.41%,0
"2024-03-18 15:12",12.21,12.23,12.21,12.22,0.03,+0.25%,0
"2024-03-18 15:13",12.22,12.24,12.22,12.24,0.02,+0.16%,0
"2024-03-18 15:14",12.24,12.27,12.24,12.26,0.02,+0.16%,0
"2024-03-18 15:15",12.27,12.27,12.23,12.23,-0.03,-0.24%,0
"2024-03-18 15:16",12.23,12.25,12.21,12.21,-0.02,-0.16%,0
"2024-03-18 15:17",12.21,12.28,12.21,12.28,0.07,+0.57%,0
"2024-03-18 15:18",12.26,12.27,12.26,12.27,-0.01,-0.08%,0
"2024-03-18 15:19",12.26,12.3,12.26,12.3,0.03,+0.24%,0
"2024-03-18 15:20",12.29,12.33,12.29,12.32,0.02,+0.16%,0
"2024-03-18 15:21",12.32,12.34,12.31,12.34,0.02,+0.16%,0
"2024-03-18 15:22",12.34,12.38,12.34,12.38,0.04,+0.32%,0
"2024-03-18 15:23",12.36,12.36,12.35,12.35,-0.03,-0.24%,0
"2024-03-18 15:24",12.34,12.41,12.34,12.41,0.06,+0.49%,0
"2024-03-18 15:25",12.39,12.49,12.39,12.49,0.08,+0.64%,0
"2024-03-18 15:26",12.5,12.57,12.5,12.57,0.08,+0.64%,0
"2024-03-18 15:27",12.67,12.76,12.67,12.75,0.18,+1.43%,0
"2024-03-18 15:28",12.77,12.77,12.72,12.72,-0.03,-0.24%,0
"2024-03-18 15:29",12.73,12.75,12.72,12.72,0,0.00%,0
"2024-03-18 15:30",12.73,12.76,12.71,12.71,-0.01,-0.08%,0
"2024-03-18 15:31",12.69,12.69,12.61,12.61,-0.1,-0.79%,0
"2024-03-18 15:32",12.61,12.61,12.6,12.6,-0.01,-0.08%,0
"2024-03-18 15:33",12.61,12.65,12.61,12.64,0.04,+0.32%,0
"2024-03-18 15:34",12.63,12.64,12.62,12.63,-0.01,-0.08%,0
"2024-03-18 15:35",12.62,12.69,12.62,12.69,0.06,+0.48%,0
"2024-03-18 15:36",12.68,12.74,12.68,12.73,0.04,+0.32%,0
"2024-03-18 15:37",12.77,12.79,12.76,12.76,0.03,+0.24%,0
"2024-03-18 15:38",12.75,12.76,12.74,12.74,-0.02,-0.16%,0
"2024-03-18 15:39",12.71,12.74,12.71,12.74,0,0.00%,0
"2024-03-18 15:40",12.77,12.78,12.75,12.75,0.01,+0.08%,0
"2024-03-18 15:41",12.75,12.76,12.73,12.73,-0.02,-0.16%,0
"2024-03-18 15:42",12.73,12.73,12.7,12.7,-0.03,-0.24%,0
"2024-03-18 15:43",12.69,12.69,12.63,12.63,-0.07,-0.55%,0
"2024-03-18 15:44",12.62,12.63,12.6,12.61,-0.02,-0.16%,0
"2024-03-18 15:45",12.57,12.57,12.53,12.53,-0.08,-0.63%,0
"2024-03-18 15:46",12.52,12.52,12.5,12.52,-0.01,-0.08%,0
"2024-03-18 15:47",12.52,12.54,12.51,12.51,-0.01,-0.08%,0
"2024-03-18 15:48",12.48,12.5,12.47,12.47,-0.04,-0.32%,0
"2024-03-18 15:49",12.49,12.5,12.49,12.49,0.02,+0.16%,0
"2024-03-18 15:50",12.51,12.85,12.51,12.85,0.36,+2.88%,0
"2024-03-18 15:51",12.83,12.83,12.8,12.8,-0.05,-0.39%,0
"2024-03-18 15:52",12.79,12.82,12.78,12.82,0.02,+0.16%,0
"2024-03-18 15:53",12.81,12.83,12.77,12.77,-0.05,-0.39%,0
"2024-03-18 15:54",12.72,12.72,12.65,12.65,-0.12,-0.94%,0
"2024-03-18 15:55",12.75,12.84,12.58,12.84,0.19,+1.50%,0
"2024-03-18 15:56",12.67,12.85,12.67,12.7,-0.14,-1.09%,0
"2024-03-18 15:57",12.7,12.75,12.7,12.75,0.05,+0.39%,0
"2024-03-18 15:58",12.74,12.76,12.73,12.73,-0.02,-0.16%,0
"2024-03-18 15:59",12.74,12.84,12.74,12.79,0.06,+0.47%,0
"2024-03-18 16:00",12.67,12.67,12.58,12.58,-0.21,-1.64%,0
"2024-03-18 16:01",12.5,12.5,12.12,12.12,-0.46,-3.66%,0
"2024-03-18 16:02",11.93,12.1,11.9,11.9,-0.22,-1.82%,0
"2024-03-18 16:03",11.9,12.14,11.9,12.14,0.24,+2.02%,0
"2024-03-18 16:04",12.14,12.36,12.14,12.36,0.22,+1.81%,0
"2024-03-18 16:05",12.41,12.49,12.4,12.49,0.13,+1.05%,0
"2024-03-18 16:06",12.45,12.58,12.45,12.55,0.06,+0.48%,0
"2024-03-18 16:07",12.55,12.55,12.38,12.4,-0.15,-1.20%,0
"2024-03-18 16:08",12.43,12.65,12.43,12.65,0.25,+2.02%,0
"2024-03-18 16:09",12.66,12.67,12.66,12.66,0.01,+0.08%,0
"2024-03-18 16:10",12.67,12.69,12.63,12.63,-0.03,-0.24%,0
"2024-03-18 16:11",12.65,12.65,12.46,12.46,-0.17,-1.35%,0
"2024-03-18 16:12",12.45,12.6,12.4,12.6,0.14,+1.12%,0
"2024-03-18 16:13",12.62,12.62,12.58,12.58,-0.02,-0.16%,0
"2024-03-18 16:14",12.58,12.58,12.4,12.41,-0.17,-1.35%,0
"2024-03-18 16:15",12.41,12.41,12.41,12.41,0,0.00%,0
"2024-03-19 09:31",9.65,9.92,9.65,9.92,-2.49,-20.06%,0
"2024-03-19 09:32",9.82,9.82,9.66,9.66,-0.26,-2.62%,0
"2024-03-19 09:33",9.64,9.64,9.53,9.53,-0.13,-1.35%,0
"2024-03-19 09:34",9.44,9.44,9.37,9.42,-0.11,-1.15%,0
"2024-03-19 09:35",9.41,9.48,9.41,9.45,0.03,+0.32%,0
"2024-03-19 09:36",9.41,9.48,9.41,9.42,-0.03,-0.32%,0
"2024-03-19 09:37",9.42,9.49,9.42,9.48,0.06,+0.64%,0
"2024-03-19 09:38",9.48,9.52,9.46,9.46,-0.02,-0.21%,0
"2024-03-19 09:39",9.47,9.55,9.47,9.53,0.07,+0.74%,0
"2024-03-19 09:40",9.55,9.62,9.51,9.51,-0.02,-0.21%,0
"2024-03-19 09:41",9.52,9.52,9.44,9.5,-0.01,-0.11%,0
"2024-03-19 09:42",9.53,9.65,9.53,9.65,0.15,+1.58%,0
"2024-03-19 09:43",9.61,9.65,9.61,9.64,-0.01,-0.10%,0
"2024-03-19 09:44",9.63,9.63,9.5,9.5,-0.14,-1.45%,0
"2024-03-19 09:45",9.51,9.51,9.36,9.36,-0.14,-1.47%,0
"2024-03-19 09:46",9.37,9.45,9.37,9.42,0.06,+0.64%,0
"2024-03-19 09:47",9.46,9.51,9.46,9.51,0.09,+0.96%,0
"2024-03-19 09:48",9.47,9.47,9.46,9.46,-0.05,-0.53%,0
"2024-03-19 09:49",9.43,9.48,9.43,9.45,-0.01,-0.11%,0
"2024-03-19 09:50",9.4,9.46,9.4,9.46,0.01,+0.11%,0
"2024-03-19 09:51",9.48,9.49,9.38,9.38,-0.08,-0.85%,0
"2024-03-19 09:52",9.36,9.36,9.27,9.27,-0.11,-1.17%,0
"2024-03-19 09:53",9.26,9.35,9.26,9.35,0.08,+0.86%,0
"2024-03-19 09:54",9.37,9.38,9.37,9.37,0.02,+0.21%,0
"2024-03-19 09:55",9.38,9.42,9.38,9.4,0.03,+0.32%,0
"2024-03-19 09:56",9.4,9.4,9.32,9.32,-0.08,-0.85%,0
"2024-03-19 09:57",9.43,9.45,9.3,9.3,-0.02,-0.21%,0
"2024-03-19 09:58",9.27,9.47,9.27,9.47,0.17,+1.83%,0
"2024-03-19 09:59",9.47,9.47,9.41,9.41,-0.06,-0.63%,0
"2024-03-19 10:00",9.43,9.45,9.39,9.39,-0.02,-0.21%,0
"2024-03-19 10:01",9.38,9.46,9.37,9.46,0.07,+0.75%,0
"2024-03-19 10:02",9.47,9.48,9.44,9.44,-0.02,-0.21%,0
"2024-03-19 10:03",9.46,9.46,9.36,9.46,0.02,+0.21%,0
"2024-03-19 10:04",9.51,9.56,9.51,9.56,0.1,+1.06%,0
"2024-03-19 10:05",9.5,9.5,9.36,9.43,-0.13,-1.36%,0
"2024-03-19 10:06",9.43,9.44,9.38,9.38,-0.05,-0.53%,0
"2024-03-19 10:07",9.41,9.44,9.41,9.41,0.03,+0.32%,0
"2024-03-19 10:08",9.46,9.51,9.46,9.51,0.1,+1.06%,0
"2024-03-19 10:09",9.6,9.65,9.56,9.57,0.06,+0.63%,0
"2024-03-19 10:10",9.55,9.55,9.48,9.48,-0.09,-0.94%,0
"2024-03-19 10:11",9.44,9.56,9.44,9.56,0.08,+0.84%,0
"2024-03-19 10:12",9.57,9.64,9.57,9.64,0.08,+0.84%,0
"2024-03-19 10:13",9.61,9.69,9.58,9.58,-0.06,-0.62%,0
"2024-03-19 10:14",9.6,9.6,9.58,9.58,0,0.00%,0
"2024-03-19 10:15",9.6,9.69,9.6,9.69,0.11,+1.15%,0
"2024-03-19 10:16",9.64,9.66,9.64,9.66,-0.03,-0.31%,0
"2024-03-19 10:17",9.69,9.74,9.67,9.67,0.01,+0.10%,0
"2024-03-19 10:18",9.65,9.72,9.65,9.72,0.05,+0.52%,0
"2024-03-19 10:19",9.72,9.76,9.72,9.74,0.02,+0.21%,0
"2024-03-19 10:20",9.73,9.78,9.73,9.76,0.02,+0.21%,0
"2024-03-19 10:21",9.75,9.75,9.57,9.73,-0.03,-0.31%,0
"2024-03-19 10:22",9.74,9.78,9.71,9.78,0.05,+0.51%,0
"2024-03-19 10:23",9.79,9.79,9.76,9.78,0,0.00%,0
"2024-03-19 10:24",9.75,9.81,9.75,9.79,0.01,+0.10%,0
"2024-03-19 10:25",9.75,9.75,9.63,9.63,-0.16,-1.63%,0
"2024-03-19 10:26",9.65,9.66,9.62,9.62,-0.01,-0.10%,0
"2024-03-19 10:27",9.65,9.71,9.65,9.69,0.07,+0.73%,0
"2024-03-19 10:28",9.72,9.78,9.72,9.78,0.09,+0.93%,0
"2024-03-19 10:29",9.87,9.98,9.87,9.98,0.2,+2.04%,0
"2024-03-19 10:30",9.78,9.94,9.78,9.88,-0.1,-1.00%,0
"2024-03-19 10:31",9.88,9.88,9.82,9.82,-0.06,-0.61%,0
"2024-03-19 10:32",9.83,9.86,9.83,9.85,0.03,+0.31%,0
"2024-03-19 10:33",9.93,9.95,9.83,9.83,-0.02,-0.20%,0
"2024-03-19 10:34",9.81,9.85,9.81,9.85,0.02,+0.20%,0
"2024-03-19 10:35",9.85,9.94,9.84,9.84,-0.01,-0.10%,0
"2024-03-19 10:36",9.85,9.91,9.85,9.91,0.07,+0.71%,0
"2024-03-19 10:37",9.9,9.92,9.89,9.9,-0.01,-0.10%,0
"2024-03-19 10:38",9.88,9.88,9.88,9.88,-0.02,-0.20%,0
"2024-03-19 10:39",9.88,9.91,9.77,9.77,-0.11,-1.11%,0
"2024-03-19 10:40",9.8,9.86,9.77,9.86,0.09,+0.92%,0
"2024-03-19 10:41",9.87,9.95,9.87,9.95,0.09,+0.91%,0
"2024-03-19 10:42",9.95,9.98,9.93,9.93,-0.02,-0.20%,0
"2024-03-19 10:43",9.95,9.96,9.93,9.95,0.02,+0.20%,0
"2024-03-19 10:44",9.97,9.99,9.97,9.99,0.04,+0.40%,0
"2024-03-19 10:45",9.97,9.98,9.94,9.98,-0.01,-0.10%,0
"2024-03-19 10:46",9.97,10.04,9.97,10.04,0.06,+0.60%,0
"2024-03-19 10:47",10.09,10.09,10.09,10.09,0.05,+0.50%,0
"2024-03-19 10:48",10.1,10.14,10.1,10.14,0.05,+0.50%,0
"2024-03-19 10:49",10.11,10.14,10.11,10.13,-0.01,-0.10%,0
"2024-03-19 10:50",10.12,10.17,10.12,10.17,0.04,+0.39%,0
"2024-03-19 10:51",10.2,10.2,10.19,10.2,0.03,+0.29%,0
"2024-03-19 10:52",10.19,10.23,10.12,10.12,-0.08,-0.78%,0
"2024-03-19 10:53",10.2,10.25,10.12,10.12,0,0.00%,0
"2024-03-19 10:54",10.1,10.1,10.01,10.05,-0.07,-0.69%,0
"2024-03-19 10:55",10.06,10.09,10.01,10.01,-0.04,-0.40%,0
"2024-03-19 10:56",10.03,10.09,10.03,10.09,0.08,+0.80%,0
"2024-03-19 10:57",10.08,10.16,10.08,10.16,0.07,+0.69%,0
"2024-03-19 10:58",10.27,10.29,10.17,10.17,0.01,+0.10%,0
"2024-03-19 10:59",10.16,10.31,10.16,10.31,0.14,+1.38%,0
"2024-03-19 11:00",10.25,10.3,10.25,10.25,-0.06,-0.58%,0
"2024-03-19 11:01",10.23,10.27,10.23,10.27,0.02,+0.20%,0
"2024-03-19 11:02",10.27,10.3,10.27,10.29,0.02,+0.19%,0
"2024-03-19 11:03",10.3,10.3,10.22,10.22,-0.07,-0.68%,0
"2024-03-19 11:04",10.2,10.2,10.15,10.15,-0.07,-0.68%,0
"2024-03-19 11:05",10.14,10.18,10.14,10.16,0.01,+0.10%,0
"2024-03-19 11:06",10.19,10.25,10.19,10.25,0.09,+0.89%,0
"2024-03-19 11:07",10.25,10.3,10.25,10.3,0.05,+0.49%,0
"2024-03-19 11:08",10.31,10.35,10.31,10.35,0.05,+0.49%,0
"2024-03-19 11:09",10.35,10.37,10.35,10.35,0,0.00%,0
"2024-03-19 11:10",10.35,10.49,10.35,10.49,0.14,+1.35%,0
"2024-03-19 11:11",10.51,10.53,10.51,10.53,0.04,+0.38%,0
"2024-03-19 11:12",10.56,10.57,10.56,10.57,0.04,+0.38%,0
"2024-03-19 11:13",10.55,10.6,10.55,10.55,-0.02,-0.19%,0
"2024-03-19 11:14",10.54,10.59,10.54,10.59,0.04,+0.38%,0
"2024-03-19 11:15",10.58,10.59,10.58,10.59,0,0.00%,0
"2024-03-19 11:16",10.58,10.61,10.58,10.61,0.02,+0.19%,0
"2024-03-19 11:17",10.6,10.64,10.6,10.64,0.03,+0.28%,0
"2024-03-19 11:18",10.63,10.66,10.63,10.66,0.02,+0.19%,0
"2024-03-19 11:19",10.66,10.68,10.66,10.68,0.02,+0.19%,0
"2024-03-19 11:20",10.67,10.74,10.67,10.72,0.04,+0.37%,0
"2024-03-19 11:21",10.7,10.71,10.7,10.71,-0.01,-0.09%,0
"2024-03-19 11:22",10.71,10.75,10.71,10.75,0.04,+0.37%,0
"2024-03-19 11:23",10.75,10.75,10.73,10.73,-0.02,-0.19%,0
"2024-03-19 11:24",10.72,10.77,10.72,10.76,0.03,+0.28%,0
"2024-03-19 11:25",10.77,10.78,10.76,10.76,0,0.00%,0
"2024-03-19 11:26",10.79,10.79,10.78,10.78,0.02,+0.19%,0
"2024-03-19 11:27",10.78,10.78,10.73,10.73,-0.05,-0.46%,0
"2024-03-19 11:28",10.74,10.85,10.74,10.85,0.12,+1.12%,0
"2024-03-19 11:29",10.85,10.89,10.85,10.89,0.04,+0.37%,0
"2024-03-19 11:30",10.89,10.89,10.86,10.86,-0.03,-0.28%,0
"2024-03-19 11:31",10.87,10.93,10.87,10.88,0.02,+0.18%,0
"2024-03-19 11:32",10.92,11,10.82,11,0.12,+1.10%,0
"2024-03-19 11:33",11.03,11.03,10.88,10.88,-0.12,-1.09%,0
"2024-03-19 11:34",10.89,10.96,10.89,10.96,0.08,+0.74%,0
"2024-03-19 11:35",10.87,11.04,10.87,11.04,0.08,+0.73%,0
"2024-03-19 11:36",11.03,11.05,11.03,11.05,0.01,+0.09%,0
"2024-03-19 11:37",11.05,11.21,10.97,10.97,-0.08,-0.72%,0
"2024-03-19 11:38",10.98,11.03,10.98,11.03,0.06,+0.55%,0
"2024-03-19 11:39",11.01,11.06,11.01,11.04,0.01,+0.09%,0
"2024-03-19 11:40",11.03,11.03,10.96,10.96,-0.08,-0.72%,0
"2024-03-19 11:41",10.96,10.99,10.96,10.97,0.01,+0.09%,0
"2024-03-19 11:42",10.97,10.98,10.97,10.97,0,0.00%,0
"2024-03-19 11:43",10.96,10.99,10.96,10.97,0,0.00%,0
"2024-03-19 11:44",10.98,10.98,10.93,10.95,-0.02,-0.18%,0
"2024-03-19 11:45",10.94,11.1,10.94,11.1,0.15,+1.37%,0
"2024-03-19 11:46",11.1,11.12,10.99,11,-0.1,-0.90%,0
"2024-03-19 11:47",11.01,11.06,11.01,11.06,0.06,+0.55%,0
"2024-03-19 11:48",11.05,11.09,11.05,11.09,0.03,+0.27%,0
"2024-03-19 11:49",11.08,11.11,11.08,11.11,0.02,+0.18%,0
"2024-03-19 11:50",11.12,11.14,11.12,11.14,0.03,+0.27%,0
"2024-03-19 11:51",11.14,11.17,11.14,11.17,0.03,+0.27%,0
"2024-03-19 11:52",11.16,11.19,11.16,11.19,0.02,+0.18%,0
"2024-03-19 11:53",11.19,11.2,11.18,11.18,-0.01,-0.09%,0
"2024-03-19 11:54",11.17,11.19,11.17,11.18,0,0.00%,0
"2024-03-19 11:55",11.18,11.22,11.18,11.21,0.03,+0.27%,0
"2024-03-19 11:56",11.2,11.23,11.2,11.23,0.02,+0.18%,0
"2024-03-19 11:57",11.24,11.26,11.24,11.25,0.02,+0.18%,0
"2024-03-19 11:58",11.25,11.29,11.25,11.29,0.04,+0.36%,0
"2024-03-19 11:59",11.28,11.34,11.28,11.34,0.05,+0.44%,0
"2024-03-19 12:00",11.32,11.38,11.32,11.38,0.04,+0.35%,0
"2024-03-19 12:01",11.38,11.38,11.37,11.37,-0.01,-0.09%,0
"2024-03-19 12:02",11.37,11.41,11.37,11.41,0.04,+0.35%,0
"2024-03-19 12:03",11.41,11.43,11.41,11.42,0.01,+0.09%,0
"2024-03-19 12:04",11.42,11.43,11.41,11.41,-0.01,-0.09%,0
"2024-03-19 12:05",11.42,11.43,11.42,11.43,0.02,+0.18%,0
"2024-03-19 12:06",11.41,11.45,11.41,11.45,0.02,+0.17%,0
"2024-03-19 12:07",11.45,11.49,11.45,11.49,0.04,+0.35%,0
"2024-03-19 12:08",11.49,11.55,11.49,11.51,0.02,+0.17%,0
"2024-03-19 12:09",11.51,11.53,11.51,11.52,0.01,+0.09%,0
"2024-03-19 12:10",11.54,11.56,11.54,11.55,0.03,+0.26%,0
"2024-03-19 12:11",11.55,11.57,11.55,11.55,0,0.00%,0
"2024-03-19 12:12",11.55,11.59,11.55,11.59,0.04,+0.35%,0
"2024-03-19 12:13",11.6,11.63,11.6,11.63,0.04,+0.35%,0
"2024-03-19 12:14",11.62,11.65,11.62,11.65,0.02,+0.17%,0
"2024-03-19 12:15",11.63,11.68,11.63,11.64,-0.01,-0.09%,0
"2024-03-19 12:16",11.64,11.69,11.64,11.69,0.05,+0.43%,0
"2024-03-19 12:17",11.68,11.75,11.68,11.73,0.04,+0.34%,0
"2024-03-19 12:18",11.72,11.78,11.72,11.78,0.05,+0.43%,0
"2024-03-19 12:19",11.73,11.79,11.73,11.79,0.01,+0.08%,0
"2024-03-19 12:20",11.79,11.82,11.79,11.82,0.03,+0.25%,0
"2024-03-19 12:21",11.84,11.87,11.84,11.87,0.05,+0.42%,0
"2024-03-19 12:22",11.85,11.92,11.85,11.92,0.05,+0.42%,0
"2024-03-19 12:23",11.91,12.01,11.9,11.9,-0.02,-0.17%,0
"2024-03-19 12:24",11.9,11.98,11.9,11.98,0.08,+0.67%,0
"2024-03-19 12:25",11.98,11.98,11.91,11.91,-0.07,-0.58%,0
"2024-03-19 12:26",11.89,11.91,11.89,11.91,0,0.00%,0
"2024-03-19 12:27",11.89,11.92,11.89,11.9,-0.01,-0.08%,0
"2024-03-19 12:28",11.88,11.9,11.88,11.9,0,0.00%,0
"2024-03-19 12:29",11.91,11.95,11.91,11.93,0.03,+0.25%,0
"2024-03-19 12:30",11.93,12,11.93,12,0.07,+0.59%,0
"2024-03-19 12:31",11.98,11.99,11.98,11.99,-0.01,-0.08%,0
"2024-03-19 12:32",12,12.04,12,12.03,0.04,+0.33%,0
"2024-03-19 12:33",12.05,12.07,12.04,12.04,0.01,+0.08%,0
"2024-03-19 12:34",12.03,12.06,12.03,12.06,0.02,+0.17%,0
"2024-03-19 12:35",12.05,12.09,12.05,12.09,0.03,+0.25%,0
"2024-03-19 12:36",12.11,12.14,12.11,12.14,0.05,+0.41%,0
"2024-03-19 12:37",12.14,12.15,12.14,12.14,0,0.00%,0
"2024-03-19 12:38",12.15,12.19,12.15,12.19,0.05,+0.41%,0
"2024-03-19 12:39",12.17,12.21,12.17,12.21,0.02,+0.16%,0
"2024-03-19 12:40",12.21,12.22,12.21,12.21,0,0.00%,0
"2024-03-19 12:41",12.19,12.21,12.19,12.2,-0.01,-0.08%,0
"2024-03-19 12:42",12.18,12.28,12.18,12.27,0.07,+0.57%,0
"2024-03-19 12:43",12.26,12.32,12.26,12.32,0.05,+0.41%,0
"2024-03-19 12:44",12.33,12.39,12.33,12.39,0.07,+0.57%,0
"2024-03-19 12:45",12.43,12.73,12.43,12.72,0.33,+2.66%,0
"2024-03-19 12:46",12.73,12.77,12.73,12.77,0.05,+0.39%,0
"2024-03-19 12:47",12.77,12.78,12.56,12.56,-0.21,-1.64%,0
"2024-03-19 12:48",12.61,12.7,12.61,12.67,0.11,+0.88%,0
"2024-03-19 12:49",12.64,12.71,12.64,12.71,0.04,+0.32%,0
"2024-03-19 12:50",12.69,12.74,12.69,12.73,0.02,+0.16%,0
"2024-03-19 12:51",12.72,12.8,12.72,12.8,0.07,+0.55%,0
"2024-03-19 12:52",12.84,12.95,12.84,12.95,0.15,+1.17%,0
"2024-03-19 12:53",12.94,12.96,12.94,12.95,0,0.00%,0
"2024-03-19 12:54",12.94,12.96,12.94,12.95,0,0.00%,0
"2024-03-19 12:55",12.94,12.96,12.94,12.94,-0.01,-0.08%,0
"2024-03-19 12:56",12.93,12.96,12.89,12.89,-0.05,-0.39%,0
"2024-03-19 12:57",12.88,12.9,12.82,12.82,-0.07,-0.54%,0
"2024-03-19 12:58",12.8,12.81,12.76,12.76,-0.06,-0.47%,0
"2024-03-19 12:59",12.76,12.82,12.76,12.82,0.06,+0.47%,0
"2024-03-19 13:00",12.82,12.84,12.82,12.84,0.02,+0.16%,0
"2024-03-19 13:01",12.85,12.93,12.85,12.93,0.09,+0.70%,0
"2024-03-19 13:02",12.97,12.98,12.94,12.96,0.03,+0.23%,0
"2024-03-19 13:03",12.96,13.01,12.96,13,0.04,+0.31%,0
"2024-03-19 13:04",13,13.07,13,13.07,0.07,+0.54%,0
"2024-03-19 13:05",13.07,13.09,13.07,13.07,0,0.00%,0
"2024-03-19 13:06",13.07,13.14,13.07,13.11,0.04,+0.31%,0
"2024-03-19 13:07",13.13,13.13,13.09,13.09,-0.02,-0.15%,0
"2024-03-19 13:08",13.08,13.12,13.08,13.1,0.01,+0.08%,0
"2024-03-19 13:09",13.1,13.13,13.1,13.13,0.03,+0.23%,0
"2024-03-19 13:10",13.13,13.14,13.12,13.12,-0.01,-0.08%,0
"2024-03-19 13:11",13.1,13.1,13.07,13.07,-0.05,-0.38%,0
"2024-03-19 13:12",13.08,13.09,13.08,13.09,0.02,+0.15%,0
"2024-03-19 13:13",13.06,13.09,13.06,13.08,-0.01,-0.08%,0
"2024-03-19 13:14",13.09,13.12,13.09,13.12,0.04,+0.31%,0
"2024-03-19 13:15",13.11,13.13,13.11,13.13,0.01,+0.08%,0
"2024-03-19 13:16",13.11,13.11,13.11,13.11,-0.02,-0.15%,0
"2024-03-19 13:17",13.11,13.14,13.11,13.12,0.01,+0.08%,0
"2024-03-19 13:18",13.13,13.15,13.13,13.15,0.03,+0.23%,0
"2024-03-19 13:19",13.14,13.17,13.14,13.17,0.02,+0.15%,0
"2024-03-19 13:20",13.17,13.18,13.17,13.17,0,0.00%,0
"2024-03-19 13:21",13.17,13.2,13.17,13.18,0.01,+0.08%,0
"2024-03-19 13:22",13.18,13.22,13.18,13.22,0.04,+0.30%,0
"2024-03-19 13:23",13.2,13.22,13.2,13.22,0,0.00%,0
"2024-03-19 13:24",13.22,13.23,13.22,13.22,0,0.00%,0
"2024-03-19 13:25",13.23,13.24,13.23,13.24,0.02,+0.15%,0
"2024-03-19 13:26",13.24,13.26,13.24,13.26,0.02,+0.15%,0
"2024-03-19 13:27",13.26,13.27,13.26,13.26,0,0.00%,0
"2024-03-19 13:28",13.26,13.29,13.26,13.27,0.01,+0.08%,0
"2024-03-19 13:29",13.26,13.28,13.26,13.27,0,0.00%,0
"2024-03-19 13:30",13.28,13.28,13.26,13.26,-0.01,-0.08%,0
"2024-03-19 13:31",13.32,13.34,13.32,13.32,0.06,+0.45%,0
"2024-03-19 13:32",13.31,13.34,13.31,13.34,0.02,+0.15%,0
"2024-03-19 13:33",13.35,13.37,13.35,13.36,0.02,+0.15%,0
"2024-03-19 13:34",13.36,13.38,13.36,13.38,0.02,+0.15%,0
"2024-03-19 13:35",13.37,13.41,13.35,13.35,-0.03,-0.22%,0
"2024-03-19 13:36",13.34,13.34,13.33,13.33,-0.02,-0.15%,0
"2024-03-19 13:37",13.33,13.35,13.33,13.34,0.01,+0.08%,0
"2024-03-19 13:38",13.32,13.35,13.32,13.35,0.01,+0.07%,0
"2024-03-19 13:39",13.36,13.38,13.36,13.37,0.02,+0.15%,0
"2024-03-19 13:40",13.37,13.38,13.37,13.38,0.01,+0.07%,0
"2024-03-19 13:41",13.37,13.4,13.37,13.4,0.02,+0.15%,0
"2024-03-19 13:42",13.4,13.42,13.4,13.42,0.02,+0.15%,0
"2024-03-19 13:43",13.42,13.44,13.41,13.44,0.02,+0.15%,0
"2024-03-19 13:44",13.45,13.46,13.45,13.45,0.01,+0.07%,0
"2024-03-19 13:45",13.45,13.46,13.44,13.44,-0.01,-0.07%,0
"2024-03-19 13:46",13.44,13.48,13.44,13.44,0,0.00%,0
"2024-03-19 13:47",13.44,13.48,13.44,13.48,0.04,+0.30%,0
"2024-03-19 13:48",13.49,13.6,13.49,13.6,0.12,+0.89%,0
"2024-03-19 13:49",13.59,13.62,13.59,13.61,0.01,+0.07%,0
"2024-03-19 13:50",13.61,13.7,13.61,13.69,0.08,+0.59%,0
"2024-03-19 13:51",13.71,13.71,13.7,13.7,0.01,+0.07%,0
"2024-03-19 13:52",13.72,13.75,13.72,13.75,0.05,+0.36%,0
"2024-03-19 13:53",13.74,13.77,13.74,13.75,0,0.00%,0
"2024-03-19 13:54",13.74,13.76,13.74,13.76,0.01,+0.07%,0
"2024-03-19 13:55",13.75,13.77,13.69,13.69,-0.07,-0.51%,0
"2024-03-19 13:56",13.69,13.7,13.68,13.68,-0.01,-0.07%,0
"2024-03-19 13:57",13.68,13.69,13.68,13.68,0,0.00%,0
"2024-03-19 13:58",13.68,13.7,13.68,13.68,0,0.00%,0
"2024-03-19 13:59",13.68,13.7,13.68,13.7,0.02,+0.15%,0
"2024-03-19 14:00",13.69,13.7,13.68,13.7,0,0.00%,0
"2024-03-19 14:01",13.7,13.75,13.7,13.74,0.04,+0.29%,0
"2024-03-19 14:02",13.77,13.77,13.77,13.77,0.03,+0.22%,0
"2024-03-19 14:03",13.77,13.8,13.77,13.79,0.02,+0.15%,0
"2024-03-19 14:04",13.77,13.77,13.75,13.76,-0.03,-0.22%,0
"2024-03-19 14:05",13.75,13.76,13.75,13.76,0,0.00%,0
"2024-03-19 14:06",13.77,13.79,13.77,13.79,0.03,+0.22%,0
"2024-03-19 14:07",13.78,13.81,13.78,13.81,0.02,+0.15%,0
"2024-03-19 14:08",13.81,13.85,13.81,13.85,0.04,+0.29%,0
"2024-03-19 14:09",13.82,13.84,13.82,13.83,-0.02,-0.14%,0
"2024-03-19 14:10",13.83,13.84,13.83,13.83,0,0.00%,0
"2024-03-19 14:11",13.85,13.87,13.85,13.86,0.03,+0.22%,0
"2024-03-19 14:12",13.85,13.88,13.85,13.88,0.02,+0.14%,0
"2024-03-19 14:13",13.86,13.88,13.86,13.88,0,0.00%,0
"2024-03-19 14:14",13.94,13.96,13.9,13.9,0.02,+0.14%,0
"2024-03-19 14:15",13.92,13.92,13.89,13.89,-0.01,-0.07%,0
"2024-03-19 14:16",13.88,14,13.88,14,0.11,+0.79%,0
"2024-03-19 14:17",14,14.02,14,14.02,0.02,+0.14%,0
"2024-03-19 14:18",14.03,14.11,14.03,14.11,0.09,+0.64%,0
"2024-03-19 14:19",14.11,14.15,14.11,14.14,0.03,+0.21%,0
"2024-03-19 14:20",14.12,14.15,14.12,14.15,0.01,+0.07%,0
"2024-03-19 14:21",14.15,14.18,14.15,14.17,0.02,+0.14%,0
"2024-03-19 14:22",14.17,14.19,14.17,14.19,0.02,+0.14%,0
"2024-03-19 14:23",14.2,14.23,14.19,14.19,0,0.00%,0
"2024-03-19 14:24",14.18,14.21,14.18,14.21,0.02,+0.14%,0
"2024-03-19 14:25",14.21,14.22,14.21,14.22,0.01,+0.07%,0
"2024-03-19 14:26",14.22,14.25,14.22,14.25,0.03,+0.21%,0
"2024-03-19 14:27",14.26,14.29,14.26,14.29,0.04,+0.28%,0
"2024-03-19 14:28",14.3,14.31,14.29,14.29,0,0.00%,0
"2024-03-19 14:29",14.28,14.29,14.28,14.28,-0.01,-0.07%,0
"2024-03-19 14:30",14.27,14.28,14.27,14.27,-0.01,-0.07%,0
"2024-03-19 14:31",14.26,14.28,14.26,14.27,0,0.00%,0
"2024-03-19 14:32",14.26,14.34,14.26,14.34,0.07,+0.49%,0
"2024-03-19 14:33",14.34,14.39,14.34,14.37,0.03,+0.21%,0
"2024-03-19 14:34",14.38,14.39,14.38,14.39,0.02,+0.14%,0
"2024-03-19 14:35",14.39,14.41,14.39,14.4,0.01,+0.07%,0
"2024-03-19 14:36",14.4,14.43,14.4,14.42,0.02,+0.14%,0
"2024-03-19 14:37",14.43,14.45,14.43,14.43,0.01,+0.07%,0
"2024-03-19 14:38",14.43,14.46,14.43,14.46,0.03,+0.21%,0
"2024-03-19 14:39",14.46,14.49,14.46,14.48,0.02,+0.14%,0
"2024-03-19 14:40",14.49,14.51,14.49,14.5,0.02,+0.14%,0
"2024-03-19 14:41",14.52,14.52,14.52,14.52,0.02,+0.14%,0
"2024-03-19 14:42",14.55,14.59,14.55,14.59,0.07,+0.48%,0
"2024-03-19 14:43",14.58,14.65,14.58,14.65,0.06,+0.41%,0
"2024-03-19 14:44",14.66,14.72,14.66,14.72,0.07,+0.48%,0
"2024-03-19 14:45",14.74,14.74,14.73,14.73,0.01,+0.07%,0
"2024-03-19 14:46",14.73,14.78,14.73,14.78,0.05,+0.34%,0
"2024-03-19 14:47",14.79,14.8,14.79,14.8,0.02,+0.14%,0
"2024-03-19 14:48",14.81,14.83,14.81,14.83,0.03,+0.20%,0
"2024-03-19 14:49",14.84,14.87,14.84,14.87,0.04,+0.27%,0
"2024-03-19 14:50",14.87,14.89,14.87,14.88,0.01,+0.07%,0
"2024-03-19 14:51",14.88,14.91,14.86,14.86,-0.02,-0.13%,0
"2024-03-19 14:52",14.85,14.92,14.85,14.91,0.05,+0.34%,0
"2024-03-19 14:53",14.9,14.93,14.9,14.93,0.02,+0.13%,0
"2024-03-19 14:54",14.94,14.97,14.94,14.97,0.04,+0.27%,0
"2024-03-19 14:55",14.96,15,14.96,15,0.03,+0.20%,0
"2024-03-19 14:56",15.09,15.1,15.06,15.06,0.06,+0.40%,0
"2024-03-19 14:57",14.98,14.98,14.94,14.94,-0.12,-0.80%,0
"2024-03-19 14:58",14.92,14.93,14.91,14.91,-0.03,-0.20%,0
"2024-03-19 14:59",14.89,14.94,14.89,14.94,0.03,+0.20%,0
"2024-03-19 15:00",14.93,14.94,14.93,14.94,0,0.00%,0
"2024-03-19 15:01",14.87,14.87,14.85,14.86,-0.08,-0.54%,0
"2024-03-19 15:02",14.85,14.86,14.84,14.84,-0.02,-0.13%,0
"2024-03-19 15:03",14.83,14.86,14.83,14.85,0.01,+0.07%,0
"2024-03-19 15:04",14.84,14.88,14.84,14.88,0.03,+0.20%,0
"2024-03-19 15:05",14.88,14.94,14.88,14.94,0.06,+0.40%,0
"2024-03-19 15:06",14.94,14.94,14.93,14.93,-0.01,-0.07%,0
"2024-03-19 15:07",14.94,14.97,14.94,14.95,0.02,+0.13%,0
"2024-03-19 15:08",14.98,15.01,14.97,14.99,0.04,+0.27%,0
"2024-03-19 15:09",14.97,15.04,14.97,15.04,0.05,+0.33%,0
"2024-03-19 15:10",15.04,15.04,14.99,14.99,-0.05,-0.33%,0
"2024-03-19 15:11",15.02,15.08,15.01,15.08,0.09,+0.60%,0
"2024-03-19 15:12",15.13,15.16,15.13,15.16,0.08,+0.53%,0
"2024-03-19 15:13",15.1,15.14,15.1,15.12,-0.04,-0.26%,0
"2024-03-19 15:14",15.12,15.14,15.08,15.08,-0.04,-0.26%,0
"2024-03-19 15:15",15.09,15.26,15.09,15.26,0.18,+1.19%,0
"2024-03-19 15:16",15.25,15.28,15.21,15.21,-0.05,-0.33%,0
"2024-03-19 15:17",15.2,15.2,15.17,15.17,-0.04,-0.26%,0
"2024-03-19 15:18",15.17,15.21,15.17,15.21,0.04,+0.26%,0
"2024-03-19 15:19",15.2,15.2,15.18,15.18,-0.03,-0.20%,0
"2024-03-19 15:20",15.16,15.28,15.16,15.27,0.09,+0.59%,0
"2024-03-19 15:21",15.25,15.25,15.15,15.15,-0.12,-0.79%,0
"2024-03-19 15:22",15.16,15.16,15.14,15.14,-0.01,-0.07%,0
"2024-03-19 15:23",15.14,15.16,15.12,15.12,-0.02,-0.13%,0
"2024-03-19 15:24",15.1,15.13,15.03,15.13,0.01,+0.07%,0
"2024-03-19 15:25",15.12,15.12,15.03,15.03,-0.1,-0.66%,0
"2024-03-19 15:26",15.12,15.15,15.12,15.15,0.12,+0.80%,0
"2024-03-19 15:27",15.15,15.18,15.15,15.17,0.02,+0.13%,0
"2024-03-19 15:28",15.17,15.2,15.17,15.17,0,0.00%,0
"2024-03-19 15:29",15.18,15.19,15.17,15.18,0.01,+0.07%,0
"2024-03-19 15:30",15.16,15.19,15.07,15.08,-0.1,-0.66%,0
"2024-03-19 15:31",15.07,15.07,15.05,15.05,-0.03,-0.20%,0
"2024-03-19 15:32",15.04,15.06,15.04,15.04,-0.01,-0.07%,0
"2024-03-19 15:33",15.03,15.05,14.99,14.99,-0.05,-0.33%,0
"2024-03-19 15:34",14.96,15,14.96,15,0.01,+0.07%,0
"2024-03-19 15:35",14.97,14.98,14.95,14.95,-0.05,-0.33%,0
"2024-03-19 15:36",14.94,14.95,14.93,14.94,-0.01,-0.07%,0
"2024-03-19 15:37",14.91,14.93,14.91,14.92,-0.02,-0.13%,0
"2024-03-19 15:38",14.92,14.93,14.89,14.89,-0.03,-0.20%,0
"2024-03-19 15:39",14.88,14.92,14.88,14.88,-0.01,-0.07%,0
"2024-03-19 15:40",14.86,14.87,14.85,14.85,-0.03,-0.20%,0
"2024-03-19 15:41",14.86,14.88,14.86,14.88,0.03,+0.20%,0
"2024-03-19 15:42",14.87,14.88,14.84,14.85,-0.03,-0.20%,0
"2024-03-19 15:43",14.83,14.93,14.83,14.93,0.08,+0.54%,0
"2024-03-19 15:44",14.95,14.95,14.84,14.84,-0.09,-0.60%,0
"2024-03-19 15:45",14.84,14.87,14.84,14.87,0.03,+0.20%,0
"2024-03-19 15:46",14.88,14.93,14.88,14.93,0.06,+0.40%,0
"2024-03-19 15:47",14.95,14.95,14.93,14.95,0.02,+0.13%,0
"2024-03-19 15:48",14.95,15.03,14.95,14.99,0.04,+0.27%,0
"2024-03-19 15:49",15.02,15.11,15.02,15.11,0.12,+0.80%,0
"2024-03-19 15:50",15.1,15.16,15.1,15.12,0.01,+0.07%,0
"2024-03-19 15:51",15.12,15.13,15.09,15.09,-0.03,-0.20%,0
"2024-03-19 15:52",15.04,15.06,15.02,15.02,-0.07,-0.46%,0
"2024-03-19 15:53",15,15,14.98,14.98,-0.04,-0.27%,0
"2024-03-19 15:54",14.97,14.97,14.95,14.97,-0.01,-0.07%,0
"2024-03-19 15:55",14.91,14.98,14.91,14.96,-0.01,-0.07%,0
"2024-03-19 15:56",14.89,14.99,14.89,14.97,0.01,+0.07%,0
"2024-03-19 15:57",14.93,14.95,14.93,14.95,-0.02,-0.13%,0
"2024-03-19 15:58",14.93,14.96,14.92,14.96,0.01,+0.07%,0
"2024-03-19 15:59",14.91,15.01,14.81,14.81,-0.15,-1.00%,0
"2024-03-19 16:00",14.73,14.73,14.61,14.61,-0.2,-1.35%,0
"2024-03-19 16:01",14.6,14.6,14.54,14.54,-0.07,-0.48%,0
"2024-03-19 16:02",14.53,14.84,14.53,14.84,0.3,+2.06%,0
"2024-03-19 16:03",14.82,14.83,14.81,14.81,-0.03,-0.20%,0
"2024-03-19 16:04",14.81,14.83,14.81,14.82,0.01,+0.07%,0
"2024-03-19 16:05",14.81,14.83,14.81,14.83,0.01,+0.07%,0
"2024-03-19 16:06",14.83,14.87,14.83,14.87,0.04,+0.27%,0
"2024-03-19 16:07",14.89,14.9,14.89,14.9,0.03,+0.20%,0
"2024-03-19 16:08",14.89,14.92,14.89,14.91,0.01,+0.07%,0
"2024-03-19 16:09",14.9,14.94,14.9,14.93,0.02,+0.13%,0
"2024-03-19 16:10",14.94,15,14.94,14.98,0.05,+0.33%,0
"2024-03-19 16:11",15,15.02,15,15,0.02,+0.13%,0
"2024-03-19 16:12",14.99,15.04,14.99,15.04,0.04,+0.27%,0
"2024-03-19 16:13",15.04,15.07,15.04,15.06,0.02,+0.13%,0
"2024-03-19 16:14",15.05,15.12,15.01,15.01,-0.05,-0.33%,0
"2024-03-19 16:15",15,15,15,15,-0.01,-0.07%,0
"2024-03-20 09:31",14.52,14.52,14.44,14.45,-0.55,-3.67%,0
"2024-03-20 09:32",14.39,14.39,14.18,14.18,-0.27,-1.87%,0
"2024-03-20 09:33",14.12,14.12,13.92,13.92,-0.26,-1.83%,0
"2024-03-20 09:34",13.86,13.96,13.86,13.96,0.04,+0.29%,0
"2024-03-20 09:35",13.98,14.18,13.97,14.18,0.22,+1.58%,0
"2024-03-20 09:36",14.18,14.19,14.18,14.18,0,0.00%,0
"2024-03-20 09:37",14.19,14.2,14.19,14.2,0.02,+0.14%,0
"2024-03-20 09:38",14.2,14.2,14.18,14.18,-0.02,-0.14%,0
"2024-03-20 09:39",14.19,14.19,14.18,14.18,0,0.00%,0
"2024-03-20 09:40",14.18,14.18,14.16,14.16,-0.02,-0.14%,0
"2024-03-20 09:41",14.16,14.16,14.1,14.1,-0.06,-0.42%,0
"2024-03-20 09:42",14.09,14.09,14.05,14.05,-0.05,-0.35%,0
"2024-03-20 09:43",14.03,14.03,14,14,-0.05,-0.36%,0
"2024-03-20 09:44",13.98,14,13.98,14,0,0.00%,0
"2024-03-20 09:45",13.98,14.01,13.98,14.01,0.01,+0.07%,0
"2024-03-20 09:46",13.99,14,13.98,13.98,-0.03,-0.21%,0
"2024-03-20 09:47",13.97,13.97,13.96,13.96,-0.02,-0.14%,0
"2024-03-20 09:48",13.96,14.05,13.96,14.05,0.09,+0.64%,0
"2024-03-20 09:49",14.05,14.07,14.05,14.06,0.01,+0.07%,0
"2024-03-20 09:50",14.08,14.11,14.08,14.11,0.05,+0.36%,0
"2024-03-20 09:51",14.11,14.13,14.11,14.11,0,0.00%,0
"2024-03-20 09:52",14.1,14.18,14.1,14.18,0.07,+0.50%,0
"2024-03-20 09:53",14.2,14.23,14.2,14.22,0.04,+0.28%,0
"2024-03-20 09:54",14.19,14.23,14.19,14.23,0.01,+0.07%,0
"2024-03-20 09:55",14.26,14.29,14.26,14.26,0.03,+0.21%,0
"2024-03-20 09:56",14.26,14.27,14.26,14.27,0.01,+0.07%,0
"2024-03-20 09:57",14.28,14.33,14.28,14.32,0.05,+0.35%,0
"2024-03-20 09:58",14.31,14.33,14.31,14.33,0.01,+0.07%,0
"2024-03-20 09:59",14.34,14.36,14.33,14.33,0,0.00%,0
"2024-03-20 10:00",14.32,14.33,14.3,14.33,0,0.00%,0
"2024-03-20 10:01",14.35,14.39,14.35,14.39,0.06,+0.42%,0
"2024-03-20 10:02",14.39,14.44,14.39,14.43,0.04,+0.28%,0
"2024-03-20 10:03",14.43,14.45,14.43,14.45,0.02,+0.14%,0
"2024-03-20 10:04",14.45,14.49,14.45,14.49,0.04,+0.28%,0
"2024-03-20 10:05",14.48,14.53,14.48,14.53,0.04,+0.28%,0
"2024-03-20 10:06",14.53,14.55,14.53,14.54,0.01,+0.07%,0
"2024-03-20 10:07",14.54,14.54,14.48,14.48,-0.06,-0.41%,0
"2024-03-20 10:08",14.48,14.48,14.47,14.47,-0.01,-0.07%,0
"2024-03-20 10:09",14.46,14.47,14.45,14.45,-0.02,-0.14%,0
"2024-03-20 10:10",14.45,14.47,14.45,14.46,0.01,+0.07%,0
"2024-03-20 10:11",14.47,14.48,14.47,14.48,0.02,+0.14%,0
"2024-03-20 10:12",14.48,14.52,14.48,14.52,0.04,+0.28%,0
"2024-03-20 10:13",14.52,14.57,14.52,14.57,0.05,+0.34%,0
"2024-03-20 10:14",14.56,14.57,14.56,14.57,0,0.00%,0
"2024-03-20 10:15",14.56,14.59,14.56,14.58,0.01,+0.07%,0
"2024-03-20 10:16",14.58,14.6,14.58,14.58,0,0.00%,0
"2024-03-20 10:17",14.6,14.6,14.59,14.6,0.02,+0.14%,0
"2024-03-20 10:18",14.6,14.62,14.6,14.62,0.02,+0.14%,0
"2024-03-20 10:19",14.61,14.63,14.61,14.63,0.01,+0.07%,0
"2024-03-20 10:20",14.65,14.68,14.65,14.68,0.05,+0.34%,0
"2024-03-20 10:21",14.67,14.7,14.66,14.7,0.02,+0.14%,0
"2024-03-20 10:22",14.7,14.71,14.68,14.68,-0.02,-0.14%,0
"2024-03-20 10:23",14.69,14.7,14.67,14.67,-0.01,-0.07%,0
"2024-03-20 10:24",14.66,14.67,14.65,14.65,-0.02,-0.14%,0
"2024-03-20 10:25",14.64,14.64,14.6,14.6,-0.05,-0.34%,0
"2024-03-20 10:26",14.6,14.64,14.6,14.63,0.03,+0.21%,0
"2024-03-20 10:27",14.63,14.69,14.63,14.69,0.06,+0.41%,0
"2024-03-20 10:28",14.72,14.82,14.72,14.81,0.12,+0.82%,0
"2024-03-20 10:29",14.83,14.85,14.82,14.83,0.02,+0.14%,0
"2024-03-20 10:30",14.83,14.89,14.83,14.89,0.06,+0.40%,0
"2024-03-20 10:31",14.9,14.93,14.9,14.93,0.04,+0.27%,0
"2024-03-20 10:32",14.89,14.95,14.89,14.95,0.02,+0.13%,0
"2024-03-20 10:33",14.98,15.02,14.98,15.02,0.07,+0.47%,0
"2024-03-20 10:34",15.04,15.05,15.01,15.01,-0.01,-0.07%,0
"2024-03-20 10:35",15.02,15.04,15.02,15.04,0.03,+0.20%,0
"2024-03-20 10:36",15.04,15.09,15.04,15.09,0.05,+0.33%,0
"2024-03-20 10:37",15.09,15.14,15.03,15.03,-0.06,-0.40%,0
"2024-03-20 10:38",15.04,15.04,15.02,15.02,-0.01,-0.07%,0
"2024-03-20 10:39",15.01,15.01,14.99,14.99,-0.03,-0.20%,0
"2024-03-20 10:40",14.98,15.01,14.98,15.01,0.02,+0.13%,0
"2024-03-20 10:41",15.02,15.1,15.02,15.1,0.09,+0.60%,0
"2024-03-20 10:42",15.11,15.14,15.11,15.14,0.04,+0.26%,0
"2024-03-20 10:43",15.13,15.16,15.13,15.16,0.02,+0.13%,0
"2024-03-20 10:44",15.17,15.22,15.17,15.22,0.06,+0.40%,0
"2024-03-20 10:45",15.21,15.26,15.21,15.26,0.04,+0.26%,0
"2024-03-20 10:46",15.26,15.3,15.26,15.3,0.04,+0.26%,0
"2024-03-20 10:47",15.31,15.35,15.31,15.34,0.04,+0.26%,0
"2024-03-20 10:48",15.32,15.35,15.32,15.35,0.01,+0.07%,0
"2024-03-20 10:49",15.36,15.36,15.35,15.36,0.01,+0.07%,0
"2024-03-20 10:50",15.36,15.38,15.36,15.38,0.02,+0.13%,0
"2024-03-20 10:51",15.39,15.4,15.39,15.4,0.02,+0.13%,0
"2024-03-20 10:52",15.41,15.43,15.41,15.42,0.02,+0.13%,0
"2024-03-20 10:53",15.43,15.44,15.42,15.42,0,0.00%,0
"2024-03-20 10:54",15.42,15.43,15.41,15.41,-0.01,-0.06%,0
"2024-03-20 10:55",15.4,15.44,15.4,15.44,0.03,+0.19%,0
"2024-03-20 10:56",15.43,15.46,15.43,15.46,0.02,+0.13%,0
"2024-03-20 10:57",15.46,15.48,15.46,15.48,0.02,+0.13%,0
"2024-03-20 10:58",15.49,15.51,15.49,15.51,0.03,+0.19%,0
"2024-03-20 10:59",15.52,15.55,15.52,15.55,0.04,+0.26%,0
"2024-03-20 11:00",15.55,15.55,15.53,15.53,-0.02,-0.13%,0
"2024-03-20 11:01",15.53,15.59,15.53,15.59,0.06,+0.39%,0
"2024-03-20 11:02",15.57,15.57,15.56,15.56,-0.03,-0.19%,0
"2024-03-20 11:03",15.56,15.57,15.56,15.57,0.01,+0.06%,0
"2024-03-20 11:04",15.57,15.58,15.57,15.58,0.01,+0.06%,0
"2024-03-20 11:05",15.59,15.6,15.58,15.6,0.02,+0.13%,0
"2024-03-20 11:06",15.61,15.64,15.61,15.64,0.04,+0.26%,0
"2024-03-20 11:07",15.64,15.66,15.64,15.66,0.02,+0.13%,0
"2024-03-20 11:08",15.65,15.67,15.65,15.67,0.01,+0.06%,0
"2024-03-20 11:09",15.67,15.68,15.67,15.67,0,0.00%,0
"2024-03-20 11:10",15.66,15.66,15.66,15.66,-0.01,-0.06%,0
"2024-03-20 11:11",15.65,15.66,15.65,15.66,0,0.00%,0
"2024-03-20 11:12",15.68,15.69,15.68,15.69,0.03,+0.19%,0
"2024-03-20 11:13",15.71,15.74,15.71,15.74,0.05,+0.32%,0
"2024-03-20 11:14",15.73,15.77,15.72,15.77,0.03,+0.19%,0
"2024-03-20 11:15",15.77,15.81,15.77,15.81,0.04,+0.25%,0
"2024-03-20 11:16",15.81,15.82,15.76,15.82,0.01,+0.06%,0
"2024-03-20 11:17",15.82,15.84,15.82,15.84,0.02,+0.13%,0
"2024-03-20 11:18",15.82,15.84,15.82,15.84,0,0.00%,0
"2024-03-20 11:19",15.84,15.85,15.84,15.85,0.01,+0.06%,0
"2024-03-20 11:20",15.86,15.88,15.86,15.88,0.03,+0.19%,0
"2024-03-20 11:21",15.87,15.89,15.87,15.88,0,0.00%,0
"2024-03-20 11:22",15.89,15.89,15.88,15.88,0,0.00%,0
"2024-03-20 11:23",15.87,15.88,15.87,15.87,-0.01,-0.06%,0
"2024-03-20 11:24",15.87,15.88,15.87,15.88,0.01,+0.06%,0
"2024-03-20 11:25",15.89,15.89,15.88,15.88,0,0.00%,0
"2024-03-20 11:26",15.87,15.88,15.86,15.86,-0.02,-0.13%,0
"2024-03-20 11:27",15.86,15.88,15.86,15.86,0,0.00%,0
"2024-03-20 11:28",15.86,15.9,15.86,15.9,0.04,+0.25%,0
"2024-03-20 11:29",15.91,15.94,15.91,15.93,0.03,+0.19%,0
"2024-03-20 11:30",15.93,15.97,15.93,15.97,0.04,+0.25%,0
"2024-03-20 11:31",15.97,15.97,15.97,15.97,0,0.00%,0
"2024-03-20 11:32",15.97,15.98,15.95,15.98,0.01,+0.06%,0
"2024-03-20 11:33",15.97,15.99,15.97,15.99,0.01,+0.06%,0
"2024-03-20 11:34",15.98,15.99,15.96,15.96,-0.03,-0.19%,0
"2024-03-20 11:35",15.95,15.97,15.95,15.97,0.01,+0.06%,0
"2024-03-20 11:36",15.95,15.98,15.95,15.98,0.01,+0.06%,0
"2024-03-20 11:37",15.99,16.01,15.99,16,0.02,+0.13%,0
"2024-03-20 11:38",16,16.04,16,16.04,0.04,+0.25%,0
"2024-03-20 11:39",16.05,16.08,16.05,16.08,0.04,+0.25%,0
"2024-03-20 11:40",16.09,16.11,16.09,16.11,0.03,+0.19%,0
"2024-03-20 11:41",16.11,16.14,16.11,16.13,0.02,+0.12%,0
"2024-03-20 11:42",16.13,16.16,16.13,16.16,0.03,+0.19%,0
"2024-03-20 11:43",16.17,16.18,16.17,16.18,0.02,+0.12%,0
"2024-03-20 11:44",16.19,16.19,16.18,16.18,0,0.00%,0
"2024-03-20 11:45",16.2,16.46,16.2,16.46,0.28,+1.73%,0
"2024-03-20 11:46",16.45,16.48,16.45,16.48,0.02,+0.12%,0
"2024-03-20 11:47",16.5,16.59,16.5,16.59,0.11,+0.67%,0
"2024-03-20 11:48",16.61,16.62,16.6,16.62,0.03,+0.18%,0
"2024-03-20 11:49",16.63,16.65,16.63,16.64,0.02,+0.12%,0
"2024-03-20 11:50",16.64,16.66,16.64,16.64,0,0.00%,0
"2024-03-20 11:51",16.64,16.65,16.6,16.6,-0.04,-0.24%,0
"2024-03-20 11:52",16.6,16.61,16.55,16.55,-0.05,-0.30%,0
"2024-03-20 11:53",16.48,16.49,16.39,16.39,-0.16,-0.97%,0
"2024-03-20 11:54",16.38,16.4,16.38,16.38,-0.01,-0.06%,0
"2024-03-20 11:55",16.38,16.4,16.38,16.38,0,0.00%,0
"2024-03-20 11:56",16.38,16.41,16.38,16.38,0,0.00%,0
"2024-03-20 11:57",16.38,16.42,16.38,16.41,0.03,+0.18%,0
"2024-03-20 11:58",16.42,16.42,16.4,16.4,-0.01,-0.06%,0
"2024-03-20 11:59",16.39,16.42,16.39,16.4,0,0.00%,0
"2024-03-20 12:00",16.41,16.43,16.41,16.43,0.03,+0.18%,0
"2024-03-20 12:01",16.42,16.46,16.42,16.44,0.01,+0.06%,0
"2024-03-20 12:02",16.44,16.45,16.44,16.45,0.01,+0.06%,0
"2024-03-20 12:03",16.48,16.51,16.48,16.51,0.06,+0.36%,0
"2024-03-20 12:04",16.5,16.53,16.5,16.52,0.01,+0.06%,0
"2024-03-20 12:05",16.53,16.55,16.53,16.54,0.02,+0.12%,0
"2024-03-20 12:06",16.55,16.55,16.54,16.55,0.01,+0.06%,0
"2024-03-20 12:07",16.55,16.58,16.55,16.58,0.03,+0.18%,0
"2024-03-20 12:08",16.63,16.72,16.63,16.72,0.14,+0.84%,0
"2024-03-20 12:09",16.72,16.72,16.64,16.64,-0.08,-0.48%,0
"2024-03-20 12:10",16.62,16.63,16.62,16.62,-0.02,-0.12%,0
"2024-03-20 12:11",16.62,16.63,16.62,16.63,0.01,+0.06%,0
"2024-03-20 12:12",16.63,16.69,16.63,16.69,0.06,+0.36%,0
"2024-03-20 12:13",16.7,16.72,16.7,16.72,0.03,+0.18%,0
"2024-03-20 12:14",16.72,16.75,16.72,16.75,0.03,+0.18%,0
"2024-03-20 12:15",16.71,16.76,16.71,16.76,0.01,+0.06%,0
"2024-03-20 12:16",16.75,16.77,16.72,16.72,-0.04,-0.24%,0
"2024-03-20 12:17",16.71,16.71,16.68,16.68,-0.04,-0.24%,0
"2024-03-20 12:18",16.66,16.66,16.65,16.65,-0.03,-0.18%,0
"2024-03-20 12:19",16.65,16.66,16.63,16.63,-0.02,-0.12%,0
"2024-03-20 12:20",16.62,16.62,16.62,16.62,-0.01,-0.06%,0
"2024-03-20 12:21",16.62,16.62,16.55,16.55,-0.07,-0.42%,0
"2024-03-20 12:22",16.64,16.64,16.55,16.55,0,0.00%,0
"2024-03-20 12:23",16.55,16.55,16.53,16.53,-0.02,-0.12%,0
"2024-03-20 12:24",16.54,16.57,16.54,16.57,0.04,+0.24%,0
"2024-03-20 12:25",16.58,16.6,16.58,16.6,0.03,+0.18%,0
"2024-03-20 12:26",16.6,16.61,16.59,16.59,-0.01,-0.06%,0
"2024-03-20 12:27",16.58,16.6,16.58,16.59,0,0.00%,0
"2024-03-20 12:28",16.6,16.63,16.6,16.63,0.04,+0.24%,0
"2024-03-20 12:29",16.63,16.65,16.63,16.65,0.02,+0.12%,0
"2024-03-20 12:30",16.65,16.7,16.65,16.7,0.05,+0.30%,0
"2024-03-20 12:31",16.71,16.85,16.71,16.85,0.15,+0.90%,0
"2024-03-20 12:32",16.84,16.93,16.84,16.92,0.07,+0.42%,0
"2024-03-20 12:33",16.92,16.93,16.91,16.91,-0.01,-0.06%,0
"2024-03-20 12:34",16.93,17.04,16.93,17.04,0.13,+0.77%,0
"2024-03-20 12:35",17.05,17.08,17.03,17.03,-0.01,-0.06%,0
"2024-03-20 12:36",17.02,17.03,17.02,17.03,0,0.00%,0
"2024-03-20 12:37",17.02,17.02,16.93,16.94,-0.09,-0.53%,0
"2024-03-20 12:38",16.93,16.94,16.87,16.87,-0.07,-0.41%,0
"2024-03-20 12:39",16.86,16.86,16.83,16.83,-0.04,-0.24%,0
"2024-03-20 12:40",16.84,16.86,16.83,16.83,0,0.00%,0
"2024-03-20 12:41",16.83,16.84,16.83,16.83,0,0.00%,0
"2024-03-20 12:42",16.83,16.86,16.83,16.85,0.02,+0.12%,0
"2024-03-20 12:43",16.86,16.91,16.86,16.91,0.06,+0.36%,0
"2024-03-20 12:44",16.91,16.93,16.82,16.82,-0.09,-0.53%,0
"2024-03-20 12:45",16.93,16.95,16.93,16.94,0.12,+0.71%,0
"2024-03-20 12:46",16.95,16.98,16.95,16.98,0.04,+0.24%,0
"2024-03-20 12:47",16.98,17.01,16.98,16.99,0.01,+0.06%,0
"2024-03-20 12:48",16.99,16.99,16.9,16.9,-0.09,-0.53%,0
"2024-03-20 12:49",16.9,16.93,16.9,16.93,0.03,+0.18%,0
"2024-03-20 12:50",16.95,16.98,16.95,16.97,0.04,+0.24%,0
"2024-03-20 12:51",16.96,17.1,16.96,17.1,0.13,+0.77%,0
"2024-03-20 12:52",17.09,17.12,17.02,17.02,-0.08,-0.47%,0
"2024-03-20 12:53",17.15,17.17,17.15,17.17,0.15,+0.88%,0
"2024-03-20 12:54",17.09,17.24,17.09,17.24,0.07,+0.41%,0
"2024-03-20 12:55",17.25,17.3,17.25,17.3,0.06,+0.35%,0
"2024-03-20 12:56",17.29,17.31,17.29,17.3,0,0.00%,0
"2024-03-20 12:57",17.3,17.32,17.3,17.32,0.02,+0.12%,0
"2024-03-20 12:58",17.3,17.3,17.28,17.28,-0.04,-0.23%,0
"2024-03-20 12:59",17.28,17.3,17.28,17.3,0.02,+0.12%,0
"2024-03-20 13:00",17.3,17.34,17.3,17.32,0.02,+0.12%,0
"2024-03-20 13:01",17.34,17.34,17.34,17.34,0.02,+0.12%,0
"2024-03-20 13:02",17.36,17.42,17.36,17.42,0.08,+0.46%,0
"2024-03-20 13:03",17.43,17.47,17.43,17.46,0.04,+0.23%,0
"2024-03-20 13:04",17.46,17.47,17.44,17.44,-0.02,-0.11%,0
"2024-03-20 13:05",17.45,17.46,17.45,17.46,0.02,+0.11%,0
"2024-03-20 13:06",17.47,17.5,17.47,17.5,0.04,+0.23%,0
"2024-03-20 13:07",17.5,17.57,17.5,17.57,0.07,+0.40%,0
"2024-03-20 13:08",17.57,17.61,17.57,17.61,0.04,+0.23%,0
"2024-03-20 13:09",17.61,17.64,17.61,17.62,0.01,+0.06%,0
"2024-03-20 13:10",17.63,17.65,17.63,17.63,0.01,+0.06%,0
"2024-03-20 13:11",17.63,17.66,17.63,17.66,0.03,+0.17%,0
"2024-03-20 13:12",17.57,17.6,17.57,17.57,-0.09,-0.51%,0
"2024-03-20 13:13",17.57,17.59,17.57,17.58,0.01,+0.06%,0
"2024-03-20 13:14",17.58,17.59,17.58,17.59,0.01,+0.06%,0
"2024-03-20 13:15",17.6,17.67,17.6,17.67,0.08,+0.45%,0
"2024-03-20 13:16",17.55,17.63,17.55,17.63,-0.04,-0.23%,0
"2024-03-20 13:17",17.63,17.63,17.61,17.61,-0.02,-0.11%,0
"2024-03-20 13:18",17.6,17.73,17.6,17.73,0.12,+0.68%,0
"2024-03-20 13:19",17.72,17.74,17.72,17.74,0.01,+0.06%,0
"2024-03-20 13:20",17.75,17.81,17.75,17.81,0.07,+0.39%,0
"2024-03-20 13:21",17.81,17.83,17.81,17.81,0,0.00%,0
"2024-03-20 13:22",17.81,17.85,17.81,17.85,0.04,+0.22%,0
"2024-03-20 13:23",17.84,17.9,17.84,17.9,0.05,+0.28%,0
"2024-03-20 13:24",17.9,17.93,17.9,17.93,0.03,+0.17%,0
"2024-03-20 13:25",17.92,17.93,17.91,17.93,0,0.00%,0
"2024-03-20 13:26",17.9,17.92,17.9,17.92,-0.01,-0.06%,0
"2024-03-20 13:27",17.93,17.95,17.93,17.95,0.03,+0.17%,0
"2024-03-20 13:28",17.96,17.98,17.96,17.97,0.02,+0.11%,0
"2024-03-20 13:29",17.96,18.02,17.96,18.01,0.04,+0.22%,0
"2024-03-20 13:30",18.01,18.03,17.97,17.97,-0.04,-0.22%,0
"2024-03-20 13:31",17.99,18.03,17.99,18.02,0.05,+0.28%,0
"2024-03-20 13:32",18.03,18.04,18.02,18.04,0.02,+0.11%,0
"2024-03-20 13:33",18.06,18.08,18.06,18.08,0.04,+0.22%,0
"2024-03-20 13:34",18.07,18.08,18.07,18.08,0,0.00%,0
"2024-03-20 13:35",18.09,18.12,18.09,18.12,0.04,+0.22%,0
"2024-03-20 13:36",18.1,18.12,18.1,18.12,0,0.00%,0
"2024-03-20 13:37",18.13,18.14,18.12,18.12,0,0.00%,0
"2024-03-20 13:38",18.11,18.16,18.11,18.16,0.04,+0.22%,0
"2024-03-20 13:39",18.2,18.26,18.2,18.26,0.1,+0.55%,0
"2024-03-20 13:40",18.27,18.3,18.27,18.3,0.04,+0.22%,0
"2024-03-20 13:41",18.31,18.32,18.3,18.31,0.01,+0.05%,0
"2024-03-20 13:42",18.27,18.31,18.27,18.3,-0.01,-0.05%,0
"2024-03-20 13:43",18.29,18.31,18.29,18.31,0.01,+0.05%,0
"2024-03-20 13:44",18.32,18.37,18.31,18.37,0.06,+0.33%,0
"2024-03-20 13:45",18.37,18.45,18.37,18.45,0.08,+0.44%,0
"2024-03-20 13:46",18.47,18.53,18.47,18.53,0.08,+0.43%,0
"2024-03-20 13:47",18.53,18.55,18.53,18.55,0.02,+0.11%,0
"2024-03-20 13:48",18.56,18.59,18.56,18.59,0.04,+0.22%,0
"2024-03-20 13:49",18.59,18.63,18.59,18.63,0.04,+0.22%,0
"2024-03-20 13:50",18.63,18.64,18.6,18.6,-0.03,-0.16%,0
"2024-03-20 13:51",18.57,18.63,18.57,18.61,0.01,+0.05%,0
"2024-03-20 13:52",18.62,18.64,18.6,18.64,0.03,+0.16%,0
"2024-03-20 13:53",18.65,18.65,18.62,18.62,-0.02,-0.11%,0
"2024-03-20 13:54",18.61,18.61,18.52,18.52,-0.1,-0.54%,0
"2024-03-20 13:55",18.5,18.51,18.48,18.49,-0.03,-0.16%,0
"2024-03-20 13:56",18.52,18.53,18.52,18.53,0.04,+0.22%,0
"2024-03-20 13:57",18.53,18.55,18.53,18.54,0.01,+0.05%,0
"2024-03-20 13:58",18.59,18.66,18.59,18.63,0.09,+0.49%,0
"2024-03-20 13:59",18.67,18.71,18.65,18.7,0.07,+0.38%,0
"2024-03-20 14:00",18.7,18.7,18.15,18.19,-0.51,-2.73%,0
"2024-03-20 14:01",18.06,18.06,17.62,17.62,-0.57,-3.13%,0
"2024-03-20 14:02",17.54,17.54,17.17,17.22,-0.4,-2.27%,0
"2024-03-20 14:03",17.19,17.19,16.98,16.98,-0.24,-1.39%,0
"2024-03-20 14:04",17.01,17.08,17.01,17.01,0.03,+0.18%,0
"2024-03-20 14:05",17.16,17.16,16.8,16.8,-0.21,-1.23%,0
"2024-03-20 14:06",17.03,17.03,16.58,16.58,-0.22,-1.31%,0
"2024-03-20 14:07",16.55,16.61,16.55,16.61,0.03,+0.18%,0
"2024-03-20 14:08",16.5,16.5,16.11,16.11,-0.5,-3.01%,0
"2024-03-20 14:09",15.99,16.15,15.99,16.1,-0.01,-0.06%,0
"2024-03-20 14:10",15.96,15.96,15.78,15.78,-0.32,-1.99%,0
"2024-03-20 14:11",15.71,15.91,15.71,15.91,0.13,+0.82%,0
"2024-03-20 14:12",15.97,16.14,15.97,16.14,0.23,+1.45%,0
"2024-03-20 14:13",16.15,16.44,16.15,16.44,0.3,+1.86%,0
"2024-03-20 14:14",16.53,16.72,16.53,16.72,0.28,+1.70%,0
"2024-03-20 14:15",16.57,16.67,16.47,16.47,-0.25,-1.50%,0
"2024-03-20 14:16",16.42,16.45,16.37,16.37,-0.1,-0.61%,0
"2024-03-20 14:17",16.37,16.43,16.37,16.37,0,0.00%,0
"2024-03-20 14:18",16.46,16.46,16.18,16.39,0.02,+0.12%,0
"2024-03-20 14:19",16.35,16.35,16.09,16.09,-0.3,-1.83%,0
"2024-03-20 14:20",16.07,16.07,15.98,15.98,-0.11,-0.68%,0
"2024-03-20 14:21",15.95,15.98,15.95,15.96,-0.02,-0.13%,0
"2024-03-20 14:22",15.99,16.07,15.99,16.07,0.11,+0.69%,0
"2024-03-20 14:23",16.13,16.25,16.13,16.25,0.18,+1.12%,0
"2024-03-20 14:24",16.26,16.26,16.22,16.24,-0.01,-0.06%,0
"2024-03-20 14:25",16.24,16.28,16.24,16.27,0.03,+0.18%,0
"2024-03-20 14:26",16.27,16.32,16.27,16.32,0.05,+0.31%,0
"2024-03-20 14:27",16.27,16.35,16.27,16.35,0.03,+0.18%,0
"2024-03-20 14:28",16.33,16.33,16.21,16.21,-0.14,-0.86%,0
"2024-03-20 14:29",16.24,16.24,16.18,16.18,-0.03,-0.19%,0
"2024-03-20 14:30",16.18,16.2,16.13,16.2,0.02,+0.12%,0
"2024-03-20 14:31",16.15,16.32,16.15,16.32,0.12,+0.74%,0
"2024-03-20 14:32",16.32,16.33,16.21,16.21,-0.11,-0.67%,0
"2024-03-20 14:33",16.23,16.26,16.21,16.26,0.05,+0.31%,0
"2024-03-20 14:34",16.26,16.37,16.26,16.27,0.01,+0.06%,0
"2024-03-20 14:35",16.3,16.3,16.17,16.17,-0.1,-0.61%,0
"2024-03-20 14:36",16.09,16.09,15.91,15.98,-0.19,-1.18%,0
"2024-03-20 14:37",16.05,16.05,15.75,15.75,-0.23,-1.44%,0
"2024-03-20 14:38",15.69,15.73,15.4,15.4,-0.35,-2.22%,0
"2024-03-20 14:39",15.31,15.34,15.31,15.34,-0.06,-0.39%,0
"2024-03-20 14:40",15.33,15.37,15.25,15.25,-0.09,-0.59%,0
"2024-03-20 14:41",15.3,15.3,15.09,15.1,-0.15,-0.98%,0
"2024-03-20 14:42",15.01,15.07,14.8,14.8,-0.3,-1.99%,0
"2024-03-20 14:43",14.83,14.91,14.83,14.91,0.11,+0.74%,0
"2024-03-20 14:44",14.91,14.99,14.87,14.87,-0.04,-0.27%,0
"2024-03-20 14:45",14.64,14.84,14.64,14.84,-0.03,-0.20%,0
"2024-03-20 14:46",14.75,14.85,14.75,14.82,-0.02,-0.13%,0
"2024-03-20 14:47",14.73,14.73,14.51,14.51,-0.31,-2.09%,0
"2024-03-20 14:48",14.59,14.59,14.48,14.48,-0.03,-0.21%,0
"2024-03-20 14:49",14.41,14.41,14.35,14.35,-0.13,-0.90%,0
"2024-03-20 14:50",14.35,14.4,14.35,14.35,0,0.00%,0
"2024-03-20 14:51",14.34,14.34,14.06,14.06,-0.29,-2.02%,0
"2024-03-20 14:52",14.04,14.04,14.01,14.02,-0.04,-0.28%,0
"2024-03-20 14:53",14.04,14.08,14.03,14.03,0.01,+0.07%,0
"2024-03-20 14:54",14.03,14.05,14,14.05,0.02,+0.14%,0
"2024-03-20 14:55",14.02,14.02,13.86,13.86,-0.19,-1.35%,0
"2024-03-20 14:56",13.88,13.91,13.83,13.91,0.05,+0.36%,0
"2024-03-20 14:57",13.93,13.93,13.76,13.82,-0.09,-0.65%,0
"2024-03-20 14:58",13.78,13.78,13.78,13.78,-0.04,-0.29%,0
"2024-03-20 14:59",13.76,13.82,13.75,13.75,-0.03,-0.22%,0
"2024-03-20 15:00",13.9,13.9,13.58,13.61,-0.14,-1.02%,0
"2024-03-20 15:01",13.62,13.62,13.49,13.49,-0.12,-0.88%,0
"2024-03-20 15:02",13.46,13.48,13.36,13.4,-0.09,-0.67%,0
"2024-03-20 15:03",13.33,13.33,13.27,13.28,-0.12,-0.90%,0
"2024-03-20 15:04",13.24,13.24,13.09,13.09,-0.19,-1.43%,0
"2024-03-20 15:05",13.06,13.06,12.97,12.97,-0.12,-0.92%,0
"2024-03-20 15:06",12.88,12.88,12.87,12.87,-0.1,-0.77%,0
"2024-03-20 15:07",12.88,12.91,12.88,12.89,0.02,+0.16%,0
"2024-03-20 15:08",12.9,12.94,12.89,12.94,0.05,+0.39%,0
"2024-03-20 15:09",12.96,12.97,12.95,12.95,0.01,+0.08%,0
"2024-03-20 15:10",13,13.08,13,13.07,0.12,+0.93%,0
"2024-03-20 15:11",13.09,13.11,13.05,13.1,0.03,+0.23%,0
"2024-03-20 15:12",13.09,13.09,12.96,13.06,-0.04,-0.31%,0
"2024-03-20 15:13",13.03,13.03,12.96,13.01,-0.05,-0.38%,0
"2024-03-20 15:14",13.02,13.02,12.94,12.94,-0.07,-0.54%,0
"2024-03-20 15:15",12.94,12.94,12.8,12.8,-0.14,-1.08%,0
"2024-03-20 15:16",12.75,12.75,12.71,12.72,-0.08,-0.63%,0
"2024-03-20 15:17",12.65,12.65,12.56,12.56,-0.16,-1.26%,0
"2024-03-20 15:18",12.56,12.59,12.55,12.55,-0.01,-0.08%,0
"2024-03-20 15:19",12.56,12.6,12.4,12.4,-0.15,-1.20%,0
"2024-03-20 15:20",12.39,12.42,12.38,12.42,0.02,+0.16%,0
"2024-03-20 15:21",12.26,12.26,12.14,12.14,-0.28,-2.25%,0
"2024-03-20 15:22",12.12,12.18,12.11,12.11,-0.03,-0.25%,0
"2024-03-20 15:23",12.16,12.16,12.14,12.16,0.05,+0.41%,0
"2024-03-20 15:24",12.15,12.17,12.08,12.08,-0.08,-0.66%,0
"2024-03-20 15:25",12.09,12.09,12.07,12.09,0.01,+0.08%,0
"2024-03-20 15:26",12.1,12.1,12.02,12.02,-0.07,-0.58%,0
"2024-03-20 15:27",12.02,12.02,11.95,11.95,-0.07,-0.58%,0
"2024-03-20 15:28",11.98,12.08,11.98,12.07,0.12,+1.00%,0
"2024-03-20 15:29",12.07,12.4,12.07,12.4,0.33,+2.73%,0
"2024-03-20 15:30",12.4,12.42,12.4,12.42,0.02,+0.16%,0
"2024-03-20 15:31",12.4,12.4,12.16,12.16,-0.26,-2.09%,0
"2024-03-20 15:32",12.11,12.11,12.04,12.07,-0.09,-0.74%,0
"2024-03-20 15:33",12.04,12.06,12.01,12.01,-0.06,-0.50%,0
"2024-03-20 15:34",12.02,12.1,12,12.1,0.09,+0.75%,0
"2024-03-20 15:35",12.12,12.17,12.12,12.17,0.07,+0.58%,0
"2024-03-20 15:36",12.06,12.11,12.06,12.11,-0.06,-0.49%,0
"2024-03-20 15:37",12.2,12.21,12.19,12.21,0.1,+0.83%,0
"2024-03-20 15:38",12.19,12.22,12.16,12.16,-0.05,-0.41%,0
"2024-03-20 15:39",12.11,12.11,11.94,11.94,-0.22,-1.81%,0
"2024-03-20 15:40",11.87,11.87,11.75,11.75,-0.19,-1.59%,0
"2024-03-20 15:41",11.71,11.71,11.65,11.67,-0.08,-0.68%,0
"2024-03-20 15:42",11.68,11.85,11.63,11.85,0.18,+1.54%,0
"2024-03-20 15:43",11.8,11.8,11.72,11.72,-0.13,-1.10%,0
"2024-03-20 15:44",11.72,11.81,11.7,11.81,0.09,+0.77%,0
"2024-03-20 15:45",11.97,11.99,11.96,11.96,0.15,+1.27%,0
"2024-03-20 15:46",11.9,11.93,11.89,11.93,-0.03,-0.25%,0
"2024-03-20 15:47",11.97,12.02,11.97,11.99,0.06,+0.50%,0
"2024-03-20 15:48",11.87,11.87,11.76,11.76,-0.23,-1.92%,0
"2024-03-20 15:49",11.74,11.74,11.67,11.67,-0.09,-0.77%,0
"2024-03-20 15:50",11.58,11.63,11.58,11.61,-0.06,-0.51%,0
"2024-03-20 15:51",11.56,11.56,11.39,11.39,-0.22,-1.89%,0
"2024-03-20 15:52",11.42,11.46,11.42,11.46,0.07,+0.61%,0
"2024-03-20 15:53",11.46,11.47,11.4,11.47,0.01,+0.09%,0
"2024-03-20 15:54",11.47,11.54,11.47,11.54,0.07,+0.61%,0
"2024-03-20 15:55",11.6,11.6,11.51,11.54,0,0.00%,0
"2024-03-20 15:56",11.54,11.54,11.41,11.41,-0.13,-1.13%,0
"2024-03-20 15:57",11.37,11.39,11.32,11.32,-0.09,-0.79%,0
"2024-03-20 15:58",11.29,11.29,11.21,11.21,-0.11,-0.97%,0
"2024-03-20 15:59",11.15,11.15,11.04,11.04,-0.17,-1.52%,0
"2024-03-20 16:00",10.89,10.89,10.66,10.66,-0.38,-3.44%,0
"2024-03-20 16:01",10.79,10.91,10.78,10.91,0.25,+2.35%,0
"2024-03-20 16:02",10.92,10.92,10.88,10.88,-0.03,-0.27%,0
"2024-03-20 16:03",10.88,10.98,10.88,10.98,0.1,+0.92%,0
"2024-03-20 16:04",11.01,11.05,11.01,11.05,0.07,+0.64%,0
"2024-03-20 16:05",11.06,11.07,11.05,11.05,0,0.00%,0
"2024-03-20 16:06",11.09,11.1,11.09,11.09,0.04,+0.36%,0
"2024-03-20 16:07",11.08,11.08,10.95,10.95,-0.14,-1.26%,0
"2024-03-20 16:08",11.02,11.03,11.02,11.02,0.07,+0.64%,0
"2024-03-20 16:09",11.08,11.08,11,11,-0.02,-0.18%,0
"2024-03-20 16:10",10.98,11,10.98,10.98,-0.02,-0.18%,0
"2024-03-20 16:11",10.95,10.96,10.94,10.94,-0.04,-0.36%,0
"2024-03-20 16:12",10.93,10.99,10.93,10.97,0.03,+0.27%,0
"2024-03-20 16:13",10.95,10.98,10.91,10.91,-0.06,-0.55%,0
"2024-03-20 16:14",10.89,10.89,10.85,10.85,-0.06,-0.55%,0
"2024-03-20 16:15",10.9,10.9,10.9,10.9,0.05,+0.46%,0
"2024-03-21 09:31",7.56,7.67,7.56,7.66,-3.24,-29.72%,0
"2024-03-21 09:32",7.64,7.69,7.64,7.69,0.03,+0.39%,0
"2024-03-21 09:33",7.73,7.74,7.69,7.69,0,0.00%,0
"2024-03-21 09:34",7.69,7.69,7.62,7.64,-0.05,-0.65%,0
"2024-03-21 09:35",7.63,7.64,7.63,7.63,-0.01,-0.13%,0
"2024-03-21 09:36",7.61,7.64,7.61,7.63,0,0.00%,0
"2024-03-21 09:37",7.57,7.58,7.51,7.51,-0.12,-1.57%,0
"2024-03-21 09:38",7.52,7.52,7.45,7.45,-0.06,-0.80%,0
"2024-03-21 09:39",7.49,7.54,7.49,7.54,0.09,+1.21%,0
"2024-03-21 09:40",7.58,7.6,7.56,7.56,0.02,+0.27%,0
"2024-03-21 09:41",7.53,7.77,7.52,7.77,0.21,+2.78%,0
"2024-03-21 09:42",7.57,7.68,7.57,7.68,-0.09,-1.16%,0
"2024-03-21 09:43",7.7,7.73,7.7,7.73,0.05,+0.65%,0
"2024-03-21 09:44",7.72,7.74,7.72,7.73,0,0.00%,0
"2024-03-21 09:45",7.82,7.82,7.71,7.71,-0.02,-0.26%,0
"2024-03-21 09:46",7.72,7.76,7.71,7.74,0.03,+0.39%,0
"2024-03-21 09:47",7.77,7.77,7.74,7.77,0.03,+0.39%,0
"2024-03-21 09:48",7.7,7.76,7.7,7.76,-0.01,-0.13%,0
"2024-03-21 09:49",7.74,7.79,7.74,7.77,0.01,+0.13%,0
"2024-03-21 09:50",7.79,7.79,7.75,7.77,0,0.00%,0
"2024-03-21 09:51",7.78,7.83,7.76,7.83,0.06,+0.77%,0
"2024-03-21 09:52",7.84,7.84,7.84,7.84,0.01,+0.13%,0
"2024-03-21 09:53",7.84,7.86,7.84,7.86,0.02,+0.26%,0
"2024-03-21 09:54",7.85,7.87,7.85,7.85,-0.01,-0.13%,0
"2024-03-21 09:55",7.74,7.75,7.74,7.75,-0.1,-1.27%,0
"2024-03-21 09:56",7.75,7.76,7.69,7.69,-0.06,-0.77%,0
"2024-03-21 09:57",7.69,7.7,7.67,7.67,-0.02,-0.26%,0
"2024-03-21 09:58",7.66,7.67,7.65,7.65,-0.02,-0.26%,0
"2024-03-21 09:59",7.58,7.62,7.58,7.59,-0.06,-0.78%,0
"2024-03-21 10:00",7.58,7.6,7.57,7.58,-0.01,-0.13%,0
"2024-03-21 10:01",7.6,7.66,7.6,7.66,0.08,+1.06%,0
"2024-03-21 10:02",7.65,7.65,7.64,7.65,-0.01,-0.13%,0
"2024-03-21 10:03",7.65,7.73,7.65,7.73,0.08,+1.05%,0
"2024-03-21 10:04",7.72,7.73,7.72,7.73,0,0.00%,0
"2024-03-21 10:05",7.72,7.77,7.72,7.76,0.03,+0.39%,0
"2024-03-21 10:06",7.74,7.76,7.73,7.73,-0.03,-0.39%,0
"2024-03-21 10:07",7.72,7.72,7.71,7.71,-0.02,-0.26%,0
"2024-03-21 10:08",7.7,7.7,7.62,7.62,-0.09,-1.17%,0
"2024-03-21 10:09",7.61,7.61,7.55,7.55,-0.07,-0.92%,0
"2024-03-21 10:10",7.58,7.73,7.58,7.73,0.18,+2.38%,0
"2024-03-21 10:11",7.72,7.74,7.72,7.73,0,0.00%,0
"2024-03-21 10:12",7.74,7.77,7.71,7.71,-0.02,-0.26%,0
"2024-03-21 10:13",7.67,7.73,7.67,7.73,0.02,+0.26%,0
"2024-03-21 10:14",7.75,7.76,7.75,7.75,0.02,+0.26%,0
"2024-03-21 10:15",7.73,7.73,7.68,7.68,-0.07,-0.90%,0
"2024-03-21 10:16",7.69,7.71,7.69,7.69,0.01,+0.13%,0
"2024-03-21 10:17",7.69,7.73,7.69,7.73,0.04,+0.52%,0
"2024-03-21 10:18",7.73,7.73,7.72,7.73,0,0.00%,0
"2024-03-21 10:19",7.73,7.77,7.73,7.76,0.03,+0.39%,0
"2024-03-21 10:20",7.74,7.75,7.68,7.68,-0.08,-1.03%,0
"2024-03-21 10:21",7.68,7.68,7.67,7.67,-0.01,-0.13%,0
"2024-03-21 10:22",7.67,7.69,7.67,7.67,0,0.00%,0
"2024-03-21 10:23",7.66,7.67,7.66,7.66,-0.01,-0.13%,0
"2024-03-21 10:24",7.64,7.68,7.64,7.68,0.02,+0.26%,0
"2024-03-21 10:25",7.66,7.67,7.63,7.63,-0.05,-0.65%,0
"2024-03-21 10:26",7.62,7.63,7.59,7.59,-0.04,-0.52%,0
"2024-03-21 10:27",7.58,7.62,7.58,7.61,0.02,+0.26%,0
"2024-03-21 10:28",7.61,7.7,7.61,7.67,0.06,+0.79%,0
"2024-03-21 10:29",7.67,7.72,7.67,7.72,0.05,+0.65%,0
"2024-03-21 10:30",7.72,7.99,7.72,7.99,0.27,+3.50%,0
"2024-03-21 10:31",7.79,7.92,7.79,7.83,-0.16,-2.00%,0
"2024-03-21 10:32",7.79,7.83,7.79,7.82,-0.01,-0.13%,0
"2024-03-21 10:33",7.81,7.87,7.81,7.83,0.01,+0.13%,0
"2024-03-21 10:34",7.84,7.9,7.84,7.9,0.07,+0.89%,0
"2024-03-21 10:35",7.91,7.94,7.91,7.93,0.03,+0.38%,0
"2024-03-21 10:36",7.9,7.9,7.8,7.8,-0.13,-1.64%,0
"2024-03-21 10:37",7.8,7.82,7.78,7.8,0,0.00%,0
"2024-03-21 10:38",7.81,7.83,7.81,7.82,0.02,+0.26%,0
"2024-03-21 10:39",7.83,7.88,7.83,7.88,0.06,+0.77%,0
"2024-03-21 10:40",7.87,7.92,7.84,7.84,-0.04,-0.51%,0
"2024-03-21 10:41",7.89,7.94,7.89,7.91,0.07,+0.89%,0
"2024-03-21 10:42",7.87,7.87,7.72,7.73,-0.18,-2.28%,0
"2024-03-21 10:43",7.76,7.77,7.75,7.77,0.04,+0.52%,0
"2024-03-21 10:44",7.75,7.8,7.75,7.8,0.03,+0.39%,0
"2024-03-21 10:45",7.81,7.82,7.8,7.82,0.02,+0.26%,0
"2024-03-21 10:46",7.86,7.86,7.8,7.8,-0.02,-0.26%,0
"2024-03-21 10:47",7.82,7.82,7.81,7.81,0.01,+0.13%,0
"2024-03-21 10:48",7.81,7.83,7.81,7.82,0.01,+0.13%,0
"2024-03-21 10:49",7.82,7.85,7.82,7.84,0.02,+0.26%,0
"2024-03-21 10:50",7.85,7.86,7.85,7.85,0.01,+0.13%,0
"2024-03-21 10:51",7.88,7.9,7.88,7.9,0.05,+0.64%,0
"2024-03-21 10:52",7.87,7.88,7.86,7.86,-0.04,-0.51%,0
"2024-03-21 10:53",7.8,7.83,7.8,7.8,-0.06,-0.76%,0
"2024-03-21 10:54",7.8,7.82,7.8,7.82,0.02,+0.26%,0
"2024-03-21 10:55",7.81,7.84,7.81,7.84,0.02,+0.26%,0
"2024-03-21 10:56",7.84,7.9,7.84,7.9,0.06,+0.77%,0
"2024-03-21 10:57",7.91,7.93,7.91,7.93,0.03,+0.38%,0
"2024-03-21 10:58",7.9,7.94,7.9,7.93,0,0.00%,0
"2024-03-21 10:59",7.93,7.97,7.93,7.97,0.04,+0.50%,0
"2024-03-21 11:00",7.96,7.98,7.95,7.98,0.01,+0.13%,0
"2024-03-21 11:01",7.98,7.98,7.93,7.93,-0.05,-0.63%,0
"2024-03-21 11:02",7.94,7.98,7.94,7.98,0.05,+0.63%,0
"2024-03-21 11:03",7.98,8.08,7.98,8.08,0.1,+1.25%,0
"2024-03-21 11:04",8.08,8.11,8.06,8.06,-0.02,-0.25%,0
"2024-03-21 11:05",8.06,8.13,8.06,8.13,0.07,+0.87%,0
"2024-03-21 11:06",8.1,8.15,8.1,8.15,0.02,+0.25%,0
"2024-03-21 11:07",8.16,8.26,8.16,8.23,0.08,+0.98%,0
"2024-03-21 11:08",8.24,8.24,8.22,8.23,0,0.00%,0
"2024-03-21 11:09",8.22,8.22,8.11,8.16,-0.07,-0.85%,0
"2024-03-21 11:10",8.16,8.16,8.1,8.1,-0.06,-0.74%,0
"2024-03-21 11:11",8.08,8.15,8.08,8.15,0.05,+0.62%,0
"2024-03-21 11:12",8.16,8.18,8.16,8.18,0.03,+0.37%,0
"2024-03-21 11:13",8.16,8.2,8.16,8.19,0.01,+0.12%,0
"2024-03-21 11:14",8.17,8.17,8.13,8.15,-0.04,-0.49%,0
"2024-03-21 11:15",8.15,8.15,8.12,8.12,-0.03,-0.37%,0
"2024-03-21 11:16",8.1,8.1,8.05,8.05,-0.07,-0.86%,0
"2024-03-21 11:17",8.03,8.1,8.03,8.1,0.05,+0.62%,0
"2024-03-21 11:18",8.13,8.2,8.13,8.2,0.1,+1.23%,0
"2024-03-21 11:19",8.19,8.2,8.16,8.16,-0.04,-0.49%,0
"2024-03-21 11:20",8.16,8.16,8.11,8.11,-0.05,-0.61%,0
"2024-03-21 11:21",8.1,8.1,8.07,8.07,-0.04,-0.49%,0
"2024-03-21 11:22",8.07,8.07,8.05,8.06,-0.01,-0.12%,0
"2024-03-21 11:23",8.06,8.08,8.06,8.07,0.01,+0.12%,0
"2024-03-21 11:24",8.06,8.08,8.05,8.05,-0.02,-0.25%,0
"2024-03-21 11:25",8.06,8.11,8.06,8.11,0.06,+0.75%,0
"2024-03-21 11:26",8.14,8.18,8.14,8.17,0.06,+0.74%,0
"2024-03-21 11:27",8.16,8.19,8.16,8.19,0.02,+0.24%,0
"2024-03-21 11:28",8.18,8.18,8.13,8.16,-0.03,-0.37%,0
"2024-03-21 11:29",8.15,8.17,8.15,8.17,0.01,+0.12%,0
"2024-03-21 11:30",8.16,8.22,8.16,8.2,0.03,+0.37%,0
"2024-03-21 11:31",8.15,8.17,8.15,8.17,-0.03,-0.37%,0
"2024-03-21 11:32",8.19,8.19,8.14,8.14,-0.03,-0.37%,0
"2024-03-21 11:33",8.15,8.16,8.15,8.15,0.01,+0.12%,0
"2024-03-21 11:34",8.14,8.15,8.14,8.15,0,0.00%,0
"2024-03-21 11:35",8.17,8.18,8.16,8.16,0.01,+0.12%,0
"2024-03-21 11:36",8.13,8.14,8.13,8.14,-0.02,-0.25%,0
"2024-03-21 11:37",8.14,8.14,8.13,8.14,0,0.00%,0
"2024-03-21 11:38",8.14,8.16,8.14,8.15,0.01,+0.12%,0
"2024-03-21 11:39",8.12,8.13,8.12,8.12,-0.03,-0.37%,0
"2024-03-21 11:40",8.13,8.14,8.12,8.12,0,0.00%,0
"2024-03-21 11:41",8.12,8.16,8.12,8.12,0,0.00%,0
"2024-03-21 11:42",8.13,8.17,8.13,8.17,0.05,+0.62%,0
"2024-03-21 11:43",8.18,8.19,8.18,8.18,0.01,+0.12%,0
"2024-03-21 11:44",8.19,8.19,8.19,8.19,0.01,+0.12%,0
"2024-03-21 11:45",8.17,8.23,8.17,8.2,0.01,+0.12%,0
"2024-03-21 11:46",8.2,8.2,8.18,8.18,-0.02,-0.24%,0
"2024-03-21 11:47",8.19,8.3,8.19,8.3,0.12,+1.47%,0
"2024-03-21 11:48",8.28,8.28,8.27,8.28,-0.02,-0.24%,0
"2024-03-21 11:49",8.28,8.31,8.28,8.31,0.03,+0.36%,0
"2024-03-21 11:50",8.31,8.31,8.27,8.27,-0.04,-0.48%,0
"2024-03-21 11:51",8.25,8.31,8.25,8.31,0.04,+0.48%,0
"2024-03-21 11:52",8.3,8.32,8.3,8.3,-0.01,-0.12%,0
"2024-03-21 11:53",8.28,8.34,8.28,8.33,0.03,+0.36%,0
"2024-03-21 11:54",8.32,8.36,8.32,8.36,0.03,+0.36%,0
"2024-03-21 11:55",8.36,8.37,8.34,8.34,-0.02,-0.24%,0
"2024-03-21 11:56",8.35,8.39,8.35,8.38,0.04,+0.48%,0
"2024-03-21 11:57",8.37,8.39,8.37,8.38,0,0.00%,0
"2024-03-21 11:58",8.37,8.38,8.37,8.37,-0.01,-0.12%,0
"2024-03-21 11:59",8.36,8.4,8.36,8.4,0.03,+0.36%,0
"2024-03-21 12:00",8.41,8.44,8.41,8.44,0.04,+0.48%,0
"2024-03-21 12:01",8.47,8.47,8.45,8.45,0.01,+0.12%,0
"2024-03-21 12:02",8.42,8.45,8.42,8.44,-0.01,-0.12%,0
"2024-03-21 12:03",8.44,8.46,8.44,8.46,0.02,+0.24%,0
"2024-03-21 12:04",8.44,8.46,8.44,8.45,-0.01,-0.12%,0
"2024-03-21 12:05",8.43,8.45,8.43,8.45,0,0.00%,0
"2024-03-21 12:06",8.48,8.49,8.47,8.48,0.03,+0.36%,0
"2024-03-21 12:07",8.48,8.49,8.47,8.47,-0.01,-0.12%,0
"2024-03-21 12:08",8.47,8.48,8.47,8.48,0.01,+0.12%,0
"2024-03-21 12:09",8.51,8.59,8.51,8.59,0.11,+1.30%,0
"2024-03-21 12:10",8.62,8.64,8.61,8.61,0.02,+0.23%,0
"2024-03-21 12:11",8.6,8.64,8.6,8.62,0.01,+0.12%,0
"2024-03-21 12:12",8.59,8.62,8.59,8.62,0,0.00%,0
"2024-03-21 12:13",8.62,8.65,8.62,8.65,0.03,+0.35%,0
"2024-03-21 12:14",8.66,8.67,8.65,8.65,0,0.00%,0
"2024-03-21 12:15",8.62,8.63,8.61,8.61,-0.04,-0.46%,0
"2024-03-21 12:16",8.61,8.64,8.61,8.64,0.03,+0.35%,0
"2024-03-21 12:17",8.65,8.66,8.65,8.65,0.01,+0.12%,0
"2024-03-21 12:18",8.66,8.68,8.66,8.66,0.01,+0.12%,0
"2024-03-21 12:19",8.66,8.7,8.66,8.69,0.03,+0.35%,0
"2024-03-21 12:20",8.68,8.71,8.68,8.7,0.01,+0.12%,0
"2024-03-21 12:21",8.71,8.76,8.71,8.72,0.02,+0.23%,0
"2024-03-21 12:22",8.71,8.73,8.71,8.73,0.01,+0.11%,0
"2024-03-21 12:23",8.74,8.78,8.74,8.77,0.04,+0.46%,0
"2024-03-21 12:24",8.76,8.78,8.76,8.77,0,0.00%,0
"2024-03-21 12:25",8.78,8.79,8.76,8.76,-0.01,-0.11%,0
"2024-03-21 12:26",8.74,8.77,8.74,8.75,-0.01,-0.11%,0
"2024-03-21 12:27",8.71,8.74,8.71,8.72,-0.03,-0.34%,0
"2024-03-21 12:28",8.71,8.77,8.71,8.77,0.05,+0.57%,0
"2024-03-21 12:29",8.76,8.77,8.76,8.77,0,0.00%,0
"2024-03-21 12:30",8.73,8.73,8.7,8.73,-0.04,-0.46%,0
"2024-03-21 12:31",8.72,8.72,8.71,8.71,-0.02,-0.23%,0
"2024-03-21 12:32",8.72,8.72,8.72,8.72,0.01,+0.11%,0
"2024-03-21 12:33",8.73,8.74,8.73,8.74,0.02,+0.23%,0
"2024-03-21 12:34",8.73,8.76,8.73,8.74,0,0.00%,0
"2024-03-21 12:35",8.75,8.77,8.73,8.73,-0.01,-0.11%,0
"2024-03-21 12:36",8.75,8.76,8.74,8.74,0.01,+0.11%,0
"2024-03-21 12:37",8.75,8.87,8.75,8.87,0.13,+1.49%,0
"2024-03-21 12:38",8.84,8.84,8.77,8.77,-0.1,-1.13%,0
"2024-03-21 12:39",8.78,8.82,8.78,8.8,0.03,+0.34%,0
"2024-03-21 12:40",8.8,8.84,8.8,8.84,0.04,+0.45%,0
"2024-03-21 12:41",8.85,8.86,8.84,8.85,0.01,+0.11%,0
"2024-03-21 12:42",8.87,8.9,8.87,8.9,0.05,+0.56%,0
"2024-03-21 12:43",8.9,9.01,8.9,9.01,0.11,+1.24%,0
"2024-03-21 12:44",9.01,9.07,9,9.07,0.06,+0.67%,0
"2024-03-21 12:45",9.05,9.05,8.97,9,-0.07,-0.77%,0
"2024-03-21 12:46",9.02,9.06,9.02,9.05,0.05,+0.56%,0
"2024-03-21 12:47",9.04,9.08,9.04,9.05,0,0.00%,0
"2024-03-21 12:48",9.03,9.06,8.99,8.99,-0.06,-0.66%,0
"2024-03-21 12:49",9,9.05,9,9.05,0.06,+0.67%,0
"2024-03-21 12:50",9.04,9.05,9.04,9.05,0,0.00%,0
"2024-03-21 12:51",9.04,9.05,9.04,9.05,0,0.00%,0
"2024-03-21 12:52",9.06,9.06,9.03,9.03,-0.02,-0.22%,0
"2024-03-21 12:53",9.03,9.05,9.02,9.02,-0.01,-0.11%,0
"2024-03-21 12:54",9.03,9.05,9.01,9.01,-0.01,-0.11%,0
"2024-03-21 12:55",8.99,9.01,8.99,8.99,-0.02,-0.22%,0
"2024-03-21 12:56",9.01,9.02,9.01,9.02,0.03,+0.33%,0
"2024-03-21 12:57",9.02,9.05,9.02,9.04,0.02,+0.22%,0
"2024-03-21 12:58",9.03,9.05,9.03,9.05,0.01,+0.11%,0
"2024-03-21 12:59",9.06,9.06,9.04,9.04,-0.01,-0.11%,0
"2024-03-21 13:00",9.04,9.06,9.04,9.06,0.02,+0.22%,0
"2024-03-21 13:01",9.05,9.09,9.05,9.09,0.03,+0.33%,0
"2024-03-21 13:02",9.13,9.31,9.05,9.05,-0.04,-0.44%,0
"2024-03-21 13:03",8.94,9.03,8.94,9.03,-0.02,-0.22%,0
"2024-03-21 13:04",9.01,9.02,8.99,9.02,-0.01,-0.11%,0
"2024-03-21 13:05",9,9.03,9,9.03,0.01,+0.11%,0
"2024-03-21 13:06",9.02,9.05,9.02,9.05,0.02,+0.22%,0
"2024-03-21 13:07",9.05,9.05,9.05,9.05,0,0.00%,0
"2024-03-21 13:08",9.06,9.14,9.06,9.14,0.09,+0.99%,0
"2024-03-21 13:09",9.15,9.15,9.05,9.05,-0.09,-0.98%,0
"2024-03-21 13:10",9.06,9.06,9.01,9.01,-0.04,-0.44%,0
"2024-03-21 13:11",9.01,9.01,9.01,9.01,0,0.00%,0
"2024-03-21 13:12",9,9.05,9,9.05,0.04,+0.44%,0
"2024-03-21 13:13",9.05,9.06,9.04,9.06,0.01,+0.11%,0
"2024-03-21 13:14",9.04,9.07,9.04,9.07,0.01,+0.11%,0
"2024-03-21 13:15",9.06,9.09,9.06,9.09,0.02,+0.22%,0
"2024-03-21 13:16",9.07,9.1,9.07,9.09,0,0.00%,0
"2024-03-21 13:17",9.06,9.06,9.05,9.06,-0.03,-0.33%,0
"2024-03-21 13:18",9.02,9.04,9.02,9.04,-0.02,-0.22%,0
"2024-03-21 13:19",9.05,9.13,9.05,9.13,0.09,+1.00%,0
"2024-03-21 13:20",9.1,9.15,9.1,9.14,0.01,+0.11%,0
"2024-03-21 13:21",9.15,9.16,9.09,9.09,-0.05,-0.55%,0
"2024-03-21 13:22",9.1,9.1,9.08,9.08,-0.01,-0.11%,0
"2024-03-21 13:23",9.08,9.12,9.08,9.12,0.04,+0.44%,0
"2024-03-21 13:24",9.13,9.2,9.13,9.2,0.08,+0.88%,0
"2024-03-21 13:25",9.2,9.23,9.2,9.23,0.03,+0.33%,0
"2024-03-21 13:26",9.22,9.22,9.18,9.18,-0.05,-0.54%,0
"2024-03-21 13:27",9.18,9.18,9.16,9.16,-0.02,-0.22%,0
"2024-03-21 13:28",9.18,9.18,9.16,9.16,0,0.00%,0
"2024-03-21 13:29",9.16,9.17,9.16,9.17,0.01,+0.11%,0
"2024-03-21 13:30",9.18,9.21,9.18,9.21,0.04,+0.44%,0
"2024-03-21 13:31",9.22,9.25,9.22,9.25,0.04,+0.43%,0
"2024-03-21 13:32",9.26,9.26,9.22,9.22,-0.03,-0.32%,0
"2024-03-21 13:33",9.2,9.24,9.2,9.24,0.02,+0.22%,0
"2024-03-21 13:34",9.24,9.29,9.24,9.29,0.05,+0.54%,0
"2024-03-21 13:35",9.31,9.33,9.3,9.32,0.03,+0.32%,0
"2024-03-21 13:36",9.3,9.31,9.3,9.31,-0.01,-0.11%,0
"2024-03-21 13:37",9.28,9.3,9.28,9.29,-0.02,-0.21%,0
"2024-03-21 13:38",9.28,9.29,9.27,9.29,0,0.00%,0
"2024-03-21 13:39",9.3,9.31,9.3,9.31,0.02,+0.22%,0
"2024-03-21 13:40",9.29,9.32,9.29,9.31,0,0.00%,0
"2024-03-21 13:41",9.29,9.3,9.28,9.28,-0.03,-0.32%,0
"2024-03-21 13:42",9.3,9.37,9.3,9.37,0.09,+0.97%,0
"2024-03-21 13:43",9.34,9.36,9.33,9.33,-0.04,-0.43%,0
"2024-03-21 13:44",9.32,9.33,9.31,9.31,-0.02,-0.21%,0
"2024-03-21 13:45",9.3,9.3,9.3,9.3,-0.01,-0.11%,0
"2024-03-21 13:46",9.31,9.35,9.31,9.35,0.05,+0.54%,0
"2024-03-21 13:47",9.39,9.43,9.39,9.43,0.08,+0.86%,0
"2024-03-21 13:48",9.44,9.5,9.44,9.5,0.07,+0.74%,0
"2024-03-21 13:49",9.58,9.58,9.55,9.57,0.07,+0.74%,0
"2024-03-21 13:50",9.58,9.62,9.57,9.57,0,0.00%,0
"2024-03-21 13:51",9.58,9.62,9.58,9.59,0.02,+0.21%,0
"2024-03-21 13:52",9.59,9.65,9.59,9.65,0.06,+0.63%,0
"2024-03-21 13:53",9.71,9.75,9.71,9.75,0.1,+1.04%,0
"2024-03-21 13:54",9.79,9.85,9.79,9.81,0.06,+0.62%,0
"2024-03-21 13:55",9.91,9.98,9.91,9.95,0.14,+1.43%,0
"2024-03-21 13:56",9.95,9.98,9.81,9.88,-0.07,-0.70%,0
"2024-03-21 13:57",9.97,9.97,9.77,9.88,0,0.00%,0
"2024-03-21 13:58",9.9,9.96,9.9,9.96,0.08,+0.81%,0
"2024-03-21 13:59",9.97,9.98,9.97,9.98,0.02,+0.20%,0
"2024-03-21 14:00",9.97,10.03,9.96,9.96,-0.02,-0.20%,0
"2024-03-21 14:01",9.88,9.99,9.88,9.99,0.03,+0.30%,0
"2024-03-21 14:02",10.03,10.06,10.03,10.04,0.05,+0.50%,0
"2024-03-21 14:03",10.01,10.01,9.93,9.93,-0.11,-1.10%,0
"2024-03-21 14:04",9.93,9.93,9.86,9.86,-0.07,-0.70%,0
"2024-03-21 14:05",9.86,9.86,9.84,9.86,0,0.00%,0
"2024-03-21 14:06",9.78,9.78,9.77,9.78,-0.08,-0.81%,0
"2024-03-21 14:07",9.78,9.81,9.78,9.81,0.03,+0.31%,0
"2024-03-21 14:08",9.82,9.95,9.82,9.95,0.14,+1.43%,0
"2024-03-21 14:09",9.98,10.03,9.98,10.02,0.07,+0.70%,0
"2024-03-21 14:10",10.11,10.16,10.02,10.06,0.04,+0.40%,0
"2024-03-21 14:11",10.05,10.07,10,10.02,-0.04,-0.40%,0
"2024-03-21 14:12",10.04,10.04,9.96,9.96,-0.06,-0.60%,0
"2024-03-21 14:13",9.91,9.96,9.91,9.96,0,0.00%,0
"2024-03-21 14:14",9.96,9.99,9.96,9.96,0,0.00%,0
"2024-03-21 14:15",9.97,9.99,9.93,9.93,-0.03,-0.30%,0
"2024-03-21 14:16",9.92,9.95,9.92,9.95,0.02,+0.20%,0
"2024-03-21 14:17",9.95,9.95,9.91,9.91,-0.04,-0.40%,0
"2024-03-21 14:18",9.9,9.9,9.87,9.87,-0.04,-0.40%,0
"2024-03-21 14:19",9.88,9.88,9.81,9.81,-0.06,-0.61%,0
"2024-03-21 14:20",9.8,9.8,9.73,9.73,-0.08,-0.82%,0
"2024-03-21 14:21",9.72,9.74,9.71,9.71,-0.02,-0.21%,0
"2024-03-21 14:22",9.67,9.71,9.67,9.71,0,0.00%,0
"2024-03-21 14:23",9.7,9.72,9.69,9.72,0.01,+0.10%,0
"2024-03-21 14:24",9.75,9.78,9.73,9.77,0.05,+0.51%,0
"2024-03-21 14:25",9.76,9.76,9.73,9.74,-0.03,-0.31%,0
"2024-03-21 14:26",9.73,9.75,9.71,9.71,-0.03,-0.31%,0
"2024-03-21 14:27",9.7,9.7,9.68,9.68,-0.03,-0.31%,0
"2024-03-21 14:28",9.69,9.69,9.67,9.68,0,0.00%,0
"2024-03-21 14:29",9.68,9.7,9.68,9.68,0,0.00%,0
"2024-03-21 14:30",9.66,9.68,9.65,9.65,-0.03,-0.31%,0
"2024-03-21 14:31",9.65,9.67,9.57,9.58,-0.07,-0.73%,0
"2024-03-21 14:32",9.62,9.63,9.59,9.59,0.01,+0.10%,0
"2024-03-21 14:33",9.6,9.61,9.6,9.6,0.01,+0.10%,0
"2024-03-21 14:34",9.61,9.65,9.61,9.63,0.03,+0.31%,0
"2024-03-21 14:35",9.66,9.88,9.66,9.85,0.22,+2.28%,0
"2024-03-21 14:36",9.94,10.2,9.94,10.01,0.16,+1.62%,0
"2024-03-21 14:37",9.89,9.9,9.81,9.81,-0.2,-2.00%,0
"2024-03-21 14:38",9.75,9.85,9.75,9.84,0.03,+0.31%,0
"2024-03-21 14:39",9.85,9.85,9.82,9.82,-0.02,-0.20%,0
"2024-03-21 14:40",9.83,9.85,9.82,9.82,0,0.00%,0
"2024-03-21 14:41",9.83,9.83,9.78,9.8,-0.02,-0.20%,0
"2024-03-21 14:42",9.82,9.94,9.82,9.94,0.14,+1.43%,0
"2024-03-21 14:43",10.04,10.15,10.04,10.05,0.11,+1.11%,0
"2024-03-21 14:44",9.98,9.98,9.9,9.9,-0.15,-1.49%,0
"2024-03-21 14:45",9.89,9.89,9.84,9.84,-0.06,-0.61%,0
"2024-03-21 14:46",9.84,9.86,9.82,9.82,-0.02,-0.20%,0
"2024-03-21 14:47",9.82,9.83,9.81,9.83,0.01,+0.10%,0
"2024-03-21 14:48",9.81,9.82,9.77,9.77,-0.06,-0.61%,0
"2024-03-21 14:49",9.79,9.86,9.79,9.84,0.07,+0.72%,0
"2024-03-21 14:50",9.88,9.88,9.83,9.86,0.02,+0.20%,0
"2024-03-21 14:51",9.88,9.88,9.86,9.86,0,0.00%,0
"2024-03-21 14:52",9.86,9.92,9.86,9.92,0.06,+0.61%,0
"2024-03-21 14:53",9.92,9.94,9.88,9.88,-0.04,-0.40%,0
"2024-03-21 14:54",9.88,9.91,9.88,9.9,0.02,+0.20%,0
"2024-03-21 14:55",9.94,10.03,9.94,10.03,0.13,+1.31%,0
"2024-03-21 14:56",10.05,10.06,9.97,9.97,-0.06,-0.60%,0
"2024-03-21 14:57",10.03,10.25,10.03,10.15,0.18,+1.81%,0
"2024-03-21 14:58",10.13,10.13,10.04,10.07,-0.08,-0.79%,0
"2024-03-21 14:59",10.08,10.08,9.99,10,-0.07,-0.70%,0
"2024-03-21 15:00",10.01,10.03,10.01,10.01,0.01,+0.10%,0
"2024-03-21 15:01",10.07,10.07,10.02,10.02,0.01,+0.10%,0
"2024-03-21 15:02",10.02,10.02,9.96,9.96,-0.06,-0.60%,0
"2024-03-21 15:03",9.99,10.08,9.99,10.06,0.1,+1.00%,0
"2024-03-21 15:04",10.02,10.02,9.98,9.99,-0.07,-0.70%,0
"2024-03-21 15:05",9.93,9.95,9.92,9.92,-0.07,-0.70%,0
"2024-03-21 15:06",9.88,9.91,9.86,9.86,-0.06,-0.60%,0
"2024-03-21 15:07",9.81,9.81,9.8,9.8,-0.06,-0.61%,0
"2024-03-21 15:08",9.83,9.83,9.73,9.73,-0.07,-0.71%,0
"2024-03-21 15:09",9.71,9.73,9.71,9.71,-0.02,-0.21%,0
"2024-03-21 15:10",9.68,9.69,9.67,9.69,-0.02,-0.21%,0
"2024-03-21 15:11",9.69,9.69,9.66,9.66,-0.03,-0.31%,0
"2024-03-21 15:12",9.66,9.68,9.65,9.65,-0.01,-0.10%,0
"2024-03-21 15:13",9.63,9.65,9.63,9.65,0,0.00%,0
"2024-03-21 15:14",9.66,9.67,9.64,9.65,0,0.00%,0
"2024-03-21 15:15",9.67,9.67,9.66,9.66,0.01,+0.10%,0
"2024-03-21 15:16",9.64,9.68,9.64,9.68,0.02,+0.21%,0
"2024-03-21 15:17",9.7,9.71,9.69,9.69,0.01,+0.10%,0
"2024-03-21 15:18",9.68,9.68,9.65,9.65,-0.04,-0.41%,0
"2024-03-21 15:19",9.65,9.67,9.65,9.65,0,0.00%,0
"2024-03-21 15:20",9.65,9.65,9.59,9.59,-0.06,-0.62%,0
"2024-03-21 15:21",9.59,9.65,9.59,9.63,0.04,+0.42%,0
"2024-03-21 15:22",9.57,9.6,9.57,9.6,-0.03,-0.31%,0
"2024-03-21 15:23",9.6,9.66,9.6,9.62,0.02,+0.21%,0
"2024-03-21 15:24",9.64,9.64,9.61,9.62,0,0.00%,0
"2024-03-21 15:25",9.62,9.62,9.55,9.55,-0.07,-0.73%,0
"2024-03-21 15:26",9.55,9.6,9.55,9.57,0.02,+0.21%,0
"2024-03-21 15:27",9.57,9.58,9.54,9.54,-0.03,-0.31%,0
"2024-03-21 15:28",9.55,9.55,9.49,9.49,-0.05,-0.52%,0
"2024-03-21 15:29",9.49,9.52,9.49,9.49,0,0.00%,0
"2024-03-21 15:30",9.49,9.49,9.42,9.42,-0.07,-0.74%,0
"2024-03-21 15:31",9.45,9.45,9.41,9.44,0.02,+0.21%,0
"2024-03-21 15:32",9.48,9.48,9.29,9.38,-0.06,-0.64%,0
"2024-03-21 15:33",9.41,9.42,9.4,9.42,0.04,+0.43%,0
"2024-03-21 15:34",9.47,9.63,9.47,9.63,0.21,+2.23%,0
"2024-03-21 15:35",9.66,9.8,9.66,9.76,0.13,+1.35%,0
"2024-03-21 15:36",9.79,9.92,9.79,9.92,0.16,+1.64%,0
"2024-03-21 15:37",9.92,10.03,9.92,10.03,0.11,+1.11%,0
"2024-03-21 15:38",10.06,10.08,9.96,9.96,-0.07,-0.70%,0
"2024-03-21 15:39",9.87,9.87,9.82,9.84,-0.12,-1.20%,0
"2024-03-21 15:40",9.86,9.86,9.66,9.66,-0.18,-1.83%,0
"2024-03-21 15:41",9.61,9.61,9.56,9.56,-0.1,-1.04%,0
"2024-03-21 15:42",9.54,9.55,9.51,9.51,-0.05,-0.52%,0
"2024-03-21 15:43",9.51,9.51,9.38,9.38,-0.13,-1.37%,0
"2024-03-21 15:44",9.39,9.42,9.39,9.41,0.03,+0.32%,0
"2024-03-21 15:45",9.41,9.43,9.39,9.39,-0.02,-0.21%,0
"2024-03-21 15:46",9.41,9.5,9.41,9.5,0.11,+1.17%,0
"2024-03-21 15:47",9.51,9.59,9.51,9.59,0.09,+0.95%,0
"2024-03-21 15:48",9.61,9.72,9.61,9.72,0.13,+1.36%,0
"2024-03-21 15:49",9.75,9.85,9.73,9.83,0.11,+1.13%,0
"2024-03-21 15:50",9.82,9.84,9.69,9.84,0.01,+0.10%,0
"2024-03-21 15:51",9.74,9.76,9.65,9.76,-0.08,-0.81%,0
"2024-03-21 15:52",9.7,9.85,9.68,9.68,-0.08,-0.82%,0
"2024-03-21 15:53",9.64,9.8,9.64,9.65,-0.03,-0.31%,0
"2024-03-21 15:54",9.68,9.69,9.65,9.69,0.04,+0.41%,0
"2024-03-21 15:55",9.69,9.78,9.69,9.77,0.08,+0.83%,0
"2024-03-21 15:56",9.68,9.68,9.64,9.64,-0.13,-1.33%,0
"2024-03-21 15:57",9.7,9.78,9.7,9.76,0.12,+1.24%,0
"2024-03-21 15:58",9.76,9.76,9.65,9.65,-0.11,-1.13%,0
"2024-03-21 15:59",9.65,9.65,9.46,9.46,-0.19,-1.97%,0
"2024-03-21 16:00",9.43,9.43,9.34,9.34,-0.12,-1.27%,0
"2024-03-21 16:01",9.36,9.36,9.24,9.24,-0.1,-1.07%,0
"2024-03-21 16:02",9.25,9.27,9.25,9.26,0.02,+0.22%,0
"2024-03-21 16:03",9.26,9.32,9.26,9.3,0.04,+0.43%,0
"2024-03-21 16:04",9.29,9.31,9.29,9.31,0.01,+0.11%,0
"2024-03-21 16:05",9.31,9.37,9.31,9.37,0.06,+0.64%,0
"2024-03-21 16:06",9.37,9.4,9.37,9.37,0,0.00%,0
"2024-03-21 16:07",9.35,9.36,9.35,9.35,-0.02,-0.21%,0
"2024-03-21 16:08",9.35,9.37,9.35,9.37,0.02,+0.21%,0
"2024-03-21 16:09",9.37,9.5,9.37,9.5,0.13,+1.39%,0
"2024-03-21 16:10",9.51,9.56,9.51,9.56,0.06,+0.63%,0
"2024-03-21 16:11",9.57,9.6,9.57,9.6,0.04,+0.42%,0
"2024-03-21 16:12",9.55,9.61,9.55,9.61,0.01,+0.10%,0
"2024-03-21 16:13",9.57,9.57,9.43,9.45,-0.16,-1.66%,0
"2024-03-21 16:14",9.43,9.49,9.43,9.49,0.04,+0.42%,0
"2024-03-21 16:15",9.44,9.44,9.44,9.44,-0.05,-0.53%,0
"2024-03-22 09:31",7.53,7.53,7.42,7.42,-2.02,-21.40%,0
"2024-03-22 09:32",7.4,7.5,7.4,7.47,0.05,+0.67%,0
"2024-03-22 09:33",7.41,7.45,7.41,7.45,-0.02,-0.27%,0
"2024-03-22 09:34",7.44,7.47,7.44,7.47,0.02,+0.27%,0
"2024-03-22 09:35",7.49,7.49,7.39,7.41,-0.06,-0.80%,0
"2024-03-22 09:36",7.36,7.36,7.28,7.28,-0.13,-1.75%,0
"2024-03-22 09:37",7.23,7.26,7.23,7.26,-0.02,-0.27%,0
"2024-03-22 09:38",7.28,7.32,7.28,7.32,0.06,+0.83%,0
"2024-03-22 09:39",7.34,7.38,7.34,7.36,0.04,+0.55%,0
"2024-03-22 09:40",7.35,7.35,7.32,7.32,-0.04,-0.54%,0
"2024-03-22 09:41",7.34,7.41,7.34,7.41,0.09,+1.23%,0
"2024-03-22 09:42",7.46,7.53,7.46,7.47,0.06,+0.81%,0
"2024-03-22 09:43",7.48,7.53,7.48,7.49,0.02,+0.27%,0
"2024-03-22 09:44",7.53,7.57,7.53,7.54,0.05,+0.67%,0
"2024-03-22 09:45",7.58,7.59,7.56,7.56,0.02,+0.27%,0
"2024-03-22 09:46",7.56,7.64,7.56,7.64,0.08,+1.06%,0
"2024-03-22 09:47",7.61,7.71,7.55,7.71,0.07,+0.92%,0
"2024-03-22 09:48",7.72,7.72,7.67,7.69,-0.02,-0.26%,0
"2024-03-22 09:49",7.69,7.7,7.67,7.67,-0.02,-0.26%,0
"2024-03-22 09:50",7.7,7.7,7.68,7.68,0.01,+0.13%,0
"2024-03-22 09:51",7.69,7.69,7.68,7.68,0,0.00%,0
"2024-03-22 09:52",7.68,7.68,7.48,7.48,-0.2,-2.60%,0
"2024-03-22 09:53",7.43,7.43,7.41,7.41,-0.07,-0.94%,0
"2024-03-22 09:54",7.42,7.42,7.37,7.37,-0.04,-0.54%,0
"2024-03-22 09:55",7.37,7.37,7.36,7.36,-0.01,-0.14%,0
"2024-03-22 09:56",7.36,7.38,7.36,7.38,0.02,+0.27%,0
"2024-03-22 09:57",7.38,7.44,7.38,7.43,0.05,+0.68%,0
"2024-03-22 09:58",7.45,7.48,7.44,7.44,0.01,+0.13%,0
"2024-03-22 09:59",7.42,7.53,7.42,7.53,0.09,+1.21%,0
"2024-03-22 10:00",7.51,7.51,7.38,7.38,-0.15,-1.99%,0
"2024-03-22 10:01",7.39,7.44,7.39,7.42,0.04,+0.54%,0
"2024-03-22 10:02",7.37,7.37,7.35,7.37,-0.05,-0.67%,0
"2024-03-22 10:03",7.42,7.44,7.42,7.42,0.05,+0.68%,0
"2024-03-22 10:04",7.43,7.43,7.42,7.42,0,0.00%,0
"2024-03-22 10:05",7.39,7.39,7.31,7.31,-0.11,-1.48%,0
"2024-03-22 10:06",7.26,7.26,7.26,7.26,-0.05,-0.68%,0
"2024-03-22 10:07",7.31,7.36,7.26,7.36,0.1,+1.38%,0
"2024-03-22 10:08",7.35,7.39,7.32,7.32,-0.04,-0.54%,0
"2024-03-22 10:09",7.4,7.47,7.4,7.44,0.12,+1.64%,0
"2024-03-22 10:10",7.38,7.39,7.37,7.39,-0.05,-0.67%,0
"2024-03-22 10:11",7.4,7.52,7.4,7.52,0.13,+1.76%,0
"2024-03-22 10:12",7.54,7.54,7.31,7.31,-0.21,-2.79%,0
"2024-03-22 10:13",7.35,7.48,7.35,7.48,0.17,+2.33%,0
"2024-03-22 10:14",7.56,7.6,7.55,7.6,0.12,+1.60%,0
"2024-03-22 10:15",7.62,7.62,7.38,7.38,-0.22,-2.89%,0
"2024-03-22 10:16",7.41,7.41,7.37,7.38,0,0.00%,0
"2024-03-22 10:17",7.38,7.44,7.38,7.44,0.06,+0.81%,0
"2024-03-22 10:18",7.43,7.43,7.35,7.35,-0.09,-1.21%,0
"2024-03-22 10:19",7.36,7.36,7.34,7.35,0,0.00%,0
"2024-03-22 10:20",7.34,7.37,7.33,7.37,0.02,+0.27%,0
"2024-03-22 10:21",7.36,7.4,7.36,7.39,0.02,+0.27%,0
"2024-03-22 10:22",7.38,7.39,7.38,7.39,0,0.00%,0
"2024-03-22 10:23",7.4,7.43,7.4,7.43,0.04,+0.54%,0
"2024-03-22 10:24",7.41,7.41,7.39,7.41,-0.02,-0.27%,0
"2024-03-22 10:25",7.42,7.43,7.4,7.43,0.02,+0.27%,0
"2024-03-22 10:26",7.45,7.51,7.44,7.51,0.08,+1.08%,0
"2024-03-22 10:27",7.53,7.55,7.52,7.55,0.04,+0.53%,0
"2024-03-22 10:28",7.5,7.54,7.45,7.54,-0.01,-0.13%,0
"2024-03-22 10:29",7.51,7.53,7.51,7.52,-0.02,-0.27%,0
"2024-03-22 10:30",7.39,7.42,7.39,7.41,-0.11,-1.46%,0
"2024-03-22 10:31",7.38,7.48,7.38,7.48,0.07,+0.94%,0
"2024-03-22 10:32",7.5,7.5,7.44,7.44,-0.04,-0.53%,0
"2024-03-22 10:33",7.43,7.47,7.43,7.46,0.02,+0.27%,0
"2024-03-22 10:34",7.47,7.53,7.47,7.53,0.07,+0.94%,0
"2024-03-22 10:35",7.42,7.56,7.42,7.56,0.03,+0.40%,0
"2024-03-22 10:36",7.58,7.6,7.58,7.6,0.04,+0.53%,0
"2024-03-22 10:37",7.62,7.66,7.62,7.66,0.06,+0.79%,0
"2024-03-22 10:38",7.67,7.69,7.64,7.64,-0.02,-0.26%,0
"2024-03-22 10:39",7.63,7.64,7.6,7.61,-0.03,-0.39%,0
"2024-03-22 10:40",7.61,7.68,7.61,7.68,0.07,+0.92%,0
"2024-03-22 10:41",7.72,7.77,7.72,7.75,0.07,+0.91%,0
"2024-03-22 10:42",7.73,7.76,7.73,7.73,-0.02,-0.26%,0
"2024-03-22 10:43",7.69,7.73,7.69,7.71,-0.02,-0.26%,0
"2024-03-22 10:44",7.73,7.79,7.73,7.79,0.08,+1.04%,0
"2024-03-22 10:45",7.85,7.85,7.76,7.76,-0.03,-0.39%,0
"2024-03-22 10:46",7.79,7.89,7.79,7.89,0.13,+1.68%,0
"2024-03-22 10:47",7.9,7.9,7.83,7.87,-0.02,-0.25%,0
"2024-03-22 10:48",7.84,7.87,7.84,7.87,0,0.00%,0
"2024-03-22 10:49",7.87,7.9,7.87,7.9,0.03,+0.38%,0
"2024-03-22 10:50",7.88,7.94,7.88,7.93,0.03,+0.38%,0
"2024-03-22 10:51",7.96,7.97,7.95,7.96,0.03,+0.38%,0
"2024-03-22 10:52",7.96,7.96,7.93,7.93,-0.03,-0.38%,0
"2024-03-22 10:53",7.93,7.94,7.93,7.94,0.01,+0.13%,0
"2024-03-22 10:54",7.94,7.95,7.93,7.95,0.01,+0.13%,0
"2024-03-22 10:55",7.95,7.98,7.95,7.98,0.03,+0.38%,0
"2024-03-22 10:56",7.98,7.99,7.97,7.98,0,0.00%,0
"2024-03-22 10:57",7.97,7.99,7.97,7.99,0.01,+0.13%,0
"2024-03-22 10:58",7.99,8,7.99,7.99,0,0.00%,0
"2024-03-22 10:59",7.99,8.01,7.99,7.99,0,0.00%,0
"2024-03-22 11:00",7.99,7.99,7.9,7.9,-0.09,-1.13%,0
"2024-03-22 11:01",7.91,7.93,7.91,7.92,0.02,+0.25%,0
"2024-03-22 11:02",7.9,7.9,7.77,7.77,-0.15,-1.89%,0
"2024-03-22 11:03",7.74,7.78,7.74,7.74,-0.03,-0.39%,0
"2024-03-22 11:04",7.75,7.77,7.74,7.76,0.02,+0.26%,0
"2024-03-22 11:05",7.77,7.81,7.76,7.76,0,0.00%,0
"2024-03-22 11:06",7.73,7.75,7.72,7.72,-0.04,-0.52%,0
"2024-03-22 11:07",7.72,7.8,7.72,7.8,0.08,+1.04%,0
"2024-03-22 11:08",7.8,7.83,7.8,7.83,0.03,+0.38%,0
"2024-03-22 11:09",7.81,7.88,7.81,7.87,0.04,+0.51%,0
"2024-03-22 11:10",7.88,7.88,7.68,7.68,-0.19,-2.41%,0
"2024-03-22 11:11",7.66,7.8,7.65,7.8,0.12,+1.56%,0
"2024-03-22 11:12",7.82,7.82,7.7,7.8,0,0.00%,0
"2024-03-22 11:13",7.8,7.85,7.72,7.85,0.05,+0.64%,0
"2024-03-22 11:14",7.85,7.87,7.85,7.85,0,0.00%,0
"2024-03-22 11:15",7.74,7.88,7.74,7.86,0.01,+0.13%,0
"2024-03-22 11:16",7.87,7.89,7.74,7.89,0.03,+0.38%,0
"2024-03-22 11:17",7.88,7.89,7.88,7.89,0,0.00%,0
"2024-03-22 11:18",7.89,7.91,7.86,7.86,-0.03,-0.38%,0
"2024-03-22 11:19",7.88,7.9,7.88,7.88,0.02,+0.25%,0
"2024-03-22 11:20",7.87,7.88,7.87,7.87,-0.01,-0.13%,0
"2024-03-22 11:21",7.87,7.9,7.87,7.87,0,0.00%,0
"2024-03-22 11:22",7.86,7.88,7.86,7.87,0,0.00%,0
"2024-03-22 11:23",7.87,7.92,7.8,7.92,0.05,+0.64%,0
"2024-03-22 11:24",7.81,7.81,7.81,7.81,-0.11,-1.39%,0
"2024-03-22 11:25",7.81,7.94,7.81,7.94,0.13,+1.66%,0
"2024-03-22 11:26",7.89,7.89,7.76,7.78,-0.16,-2.02%,0
"2024-03-22 11:27",7.78,7.81,7.78,7.81,0.03,+0.39%,0
"2024-03-22 11:28",7.82,7.84,7.82,7.83,0.02,+0.26%,0
"2024-03-22 11:29",7.84,7.84,7.82,7.82,-0.01,-0.13%,0
"2024-03-22 11:30",7.8,7.8,7.77,7.77,-0.05,-0.64%,0
"2024-03-22 11:31",7.76,7.89,7.76,7.88,0.11,+1.42%,0
"2024-03-22 11:32",7.9,7.91,7.78,7.8,-0.08,-1.02%,0
"2024-03-22 11:33",7.79,7.8,7.79,7.8,0,0.00%,0
"2024-03-22 11:34",7.92,7.93,7.88,7.88,0.08,+1.03%,0
"2024-03-22 11:35",7.9,7.9,7.75,7.75,-0.13,-1.65%,0
"2024-03-22 11:36",7.74,7.78,7.74,7.77,0.02,+0.26%,0
"2024-03-22 11:37",7.81,7.84,7.81,7.81,0.04,+0.51%,0
"2024-03-22 11:38",7.75,7.81,7.75,7.81,0,0.00%,0
"2024-03-22 11:39",7.78,7.79,7.78,7.79,-0.02,-0.26%,0
"2024-03-22 11:40",7.79,7.8,7.77,7.77,-0.02,-0.26%,0
"2024-03-22 11:41",7.78,7.8,7.77,7.8,0.03,+0.39%,0
"2024-03-22 11:42",7.78,7.82,7.78,7.79,-0.01,-0.13%,0
"2024-03-22 11:43",7.8,7.8,7.76,7.76,-0.03,-0.39%,0
"2024-03-22 11:44",7.75,7.77,7.75,7.77,0.01,+0.13%,0
"2024-03-22 11:45",7.75,7.81,7.75,7.81,0.04,+0.51%,0
"2024-03-22 11:46",7.8,7.8,7.78,7.78,-0.03,-0.38%,0
"2024-03-22 11:47",7.77,7.77,7.73,7.75,-0.03,-0.39%,0
"2024-03-22 11:48",7.74,7.78,7.74,7.78,0.03,+0.39%,0
"2024-03-22 11:49",7.76,7.76,7.75,7.75,-0.03,-0.39%,0
"2024-03-22 11:50",7.76,7.78,7.71,7.71,-0.04,-0.52%,0
"2024-03-22 11:51",7.7,7.76,7.7,7.76,0.05,+0.65%,0
"2024-03-22 11:52",7.76,7.77,7.75,7.75,-0.01,-0.13%,0
"2024-03-22 11:53",7.74,7.75,7.74,7.75,0,0.00%,0
"2024-03-22 11:54",7.75,7.79,7.75,7.78,0.03,+0.39%,0
"2024-03-22 11:55",7.78,7.78,7.77,7.77,-0.01,-0.13%,0
"2024-03-22 11:56",7.77,7.8,7.77,7.8,0.03,+0.39%,0
"2024-03-22 11:57",7.8,7.8,7.77,7.77,-0.03,-0.38%,0
"2024-03-22 11:58",7.78,7.81,7.78,7.79,0.02,+0.26%,0
"2024-03-22 11:59",7.78,7.78,7.78,7.78,-0.01,-0.13%,0
"2024-03-22 12:00",7.77,7.81,7.77,7.81,0.03,+0.39%,0
"2024-03-22 12:01",7.78,7.8,7.76,7.76,-0.05,-0.64%,0
"2024-03-22 12:02",7.75,7.76,7.66,7.66,-0.1,-1.29%,0
"2024-03-22 12:03",7.69,7.72,7.69,7.72,0.06,+0.78%,0
"2024-03-22 12:04",7.73,7.77,7.73,7.77,0.05,+0.65%,0
"2024-03-22 12:05",7.75,7.78,7.75,7.75,-0.02,-0.26%,0
"2024-03-22 12:06",7.77,7.78,7.74,7.74,-0.01,-0.13%,0
"2024-03-22 12:07",7.72,7.75,7.72,7.75,0.01,+0.13%,0
"2024-03-22 12:08",7.76,7.78,7.76,7.77,0.02,+0.26%,0
"2024-03-22 12:09",7.77,7.78,7.76,7.78,0.01,+0.13%,0
"2024-03-22 12:10",7.78,7.79,7.76,7.77,-0.01,-0.13%,0
"2024-03-22 12:11",7.75,7.8,7.75,7.8,0.03,+0.39%,0
"2024-03-22 12:12",7.8,7.83,7.8,7.83,0.03,+0.38%,0
"2024-03-22 12:13",7.83,7.87,7.83,7.87,0.04,+0.51%,0
"2024-03-22 12:14",7.85,7.87,7.85,7.86,-0.01,-0.13%,0
"2024-03-22 12:15",7.87,7.91,7.87,7.9,0.04,+0.51%,0
"2024-03-22 12:16",7.89,7.95,7.89,7.95,0.05,+0.63%,0
"2024-03-22 12:17",7.93,7.96,7.92,7.92,-0.03,-0.38%,0
"2024-03-22 12:18",7.9,7.9,7.89,7.89,-0.03,-0.38%,0
"2024-03-22 12:19",7.9,7.9,7.87,7.88,-0.01,-0.13%,0
"2024-03-22 12:20",7.86,7.88,7.85,7.87,-0.01,-0.13%,0
"2024-03-22 12:21",7.89,7.89,7.88,7.89,0.02,+0.25%,0
"2024-03-22 12:22",7.89,7.9,7.89,7.9,0.01,+0.13%,0
"2024-03-22 12:23",7.89,7.93,7.89,7.93,0.03,+0.38%,0
"2024-03-22 12:24",7.95,7.95,7.89,7.89,-0.04,-0.50%,0
"2024-03-22 12:25",7.89,7.93,7.89,7.92,0.03,+0.38%,0
"2024-03-22 12:26",7.92,7.94,7.91,7.91,-0.01,-0.13%,0
"2024-03-22 12:27",7.92,7.95,7.92,7.95,0.04,+0.51%,0
"2024-03-22 12:28",7.94,7.98,7.94,7.98,0.03,+0.38%,0
"2024-03-22 12:29",7.97,7.98,7.94,7.94,-0.04,-0.50%,0
"2024-03-22 12:30",7.95,8,7.95,8,0.06,+0.76%,0
"2024-03-22 12:31",8.02,8.04,8.02,8.04,0.04,+0.50%,0
"2024-03-22 12:32",8.02,8.02,8,8.01,-0.03,-0.37%,0
"2024-03-22 12:33",8.02,8.08,8.02,8.07,0.06,+0.75%,0
"2024-03-22 12:34",8.06,8.12,8.06,8.12,0.05,+0.62%,0
"2024-03-22 12:35",8.12,8.14,8.12,8.14,0.02,+0.25%,0
"2024-03-22 12:36",8.13,8.21,8.13,8.17,0.03,+0.37%,0
"2024-03-22 12:37",8.14,8.16,8.14,8.16,-0.01,-0.12%,0
"2024-03-22 12:38",8.17,8.19,8.16,8.17,0.01,+0.12%,0
"2024-03-22 12:39",8.18,8.19,8.18,8.18,0.01,+0.12%,0
"2024-03-22 12:40",8.18,8.18,8.15,8.16,-0.02,-0.24%,0
"2024-03-22 12:41",8.17,8.19,8.17,8.18,0.02,+0.25%,0
"2024-03-22 12:42",8.17,8.17,8.16,8.16,-0.02,-0.24%,0
"2024-03-22 12:43",8.17,8.18,8.16,8.16,0,0.00%,0
"2024-03-22 12:44",8.14,8.15,8.14,8.14,-0.02,-0.25%,0
"2024-03-22 12:45",8.12,8.12,8.09,8.09,-0.05,-0.61%,0
"2024-03-22 12:46",8.1,8.1,8.1,8.1,0.01,+0.12%,0
"2024-03-22 12:47",8.1,8.12,8.09,8.09,-0.01,-0.12%,0
"2024-03-22 12:48",8.11,8.18,8.11,8.13,0.04,+0.49%,0
"2024-03-22 12:49",8.18,8.19,8.18,8.18,0.05,+0.62%,0
"2024-03-22 12:50",8.18,8.2,8.18,8.18,0,0.00%,0
"2024-03-22 12:51",8.18,8.19,8.16,8.16,-0.02,-0.24%,0
"2024-03-22 12:52",8.14,8.17,8.14,8.17,0.01,+0.12%,0
"2024-03-22 12:53",8.17,8.22,8.17,8.22,0.05,+0.61%,0
"2024-03-22 12:54",8.2,8.2,8.17,8.18,-0.04,-0.49%,0
"2024-03-22 12:55",8.19,8.21,8.19,8.21,0.03,+0.37%,0
"2024-03-22 12:56",8.22,8.27,8.17,8.17,-0.04,-0.49%,0
"2024-03-22 12:57",8.18,8.19,8.17,8.18,0.01,+0.12%,0
"2024-03-22 12:58",8.17,8.18,8.17,8.18,0,0.00%,0
"2024-03-22 12:59",8.16,8.18,8.15,8.15,-0.03,-0.37%,0
"2024-03-22 13:00",8.15,8.15,8.12,8.12,-0.03,-0.37%,0
"2024-03-22 13:01",8.11,8.17,8.11,8.17,0.05,+0.62%,0
"2024-03-22 13:02",8.18,8.18,8.14,8.14,-0.03,-0.37%,0
"2024-03-22 13:03",8.15,8.19,8.15,8.19,0.05,+0.61%,0
"2024-03-22 13:04",8.2,8.21,8.18,8.18,-0.01,-0.12%,0
"2024-03-22 13:05",8.2,8.21,8.19,8.19,0.01,+0.12%,0
"2024-03-22 13:06",8.19,8.21,8.19,8.2,0.01,+0.12%,0
"2024-03-22 13:07",8.22,8.23,8.22,8.23,0.03,+0.37%,0
"2024-03-22 13:08",8.2,8.24,8.2,8.21,-0.02,-0.24%,0
"2024-03-22 13:09",8.22,8.26,8.22,8.26,0.05,+0.61%,0
"2024-03-22 13:10",8.22,8.28,8.22,8.28,0.02,+0.24%,0
"2024-03-22 13:11",8.27,8.29,8.27,8.27,-0.01,-0.12%,0
"2024-03-22 13:12",8.27,8.34,8.23,8.23,-0.04,-0.48%,0
"2024-03-22 13:13",8.23,8.3,8.23,8.3,0.07,+0.85%,0
"2024-03-22 13:14",8.3,8.31,8.26,8.26,-0.04,-0.48%,0
"2024-03-22 13:15",8.26,8.32,8.26,8.31,0.05,+0.61%,0
"2024-03-22 13:16",8.31,8.32,8.31,8.31,0,0.00%,0
"2024-03-22 13:17",8.31,8.31,8.28,8.28,-0.03,-0.36%,0
"2024-03-22 13:18",8.27,8.28,8.27,8.28,0,0.00%,0
"2024-03-22 13:19",8.24,8.29,8.24,8.29,0.01,+0.12%,0
"2024-03-22 13:20",8.34,8.36,8.33,8.33,0.04,+0.48%,0
"2024-03-22 13:21",8.33,8.35,8.33,8.35,0.02,+0.24%,0
"2024-03-22 13:22",8.35,8.41,8.35,8.41,0.06,+0.72%,0
"2024-03-22 13:23",8.41,8.41,8.36,8.36,-0.05,-0.59%,0
"2024-03-22 13:24",8.37,8.38,8.37,8.37,0.01,+0.12%,0
"2024-03-22 13:25",8.37,8.39,8.35,8.35,-0.02,-0.24%,0
"2024-03-22 13:26",8.34,8.37,8.34,8.37,0.02,+0.24%,0
"2024-03-22 13:27",8.36,8.37,8.36,8.36,-0.01,-0.12%,0
"2024-03-22 13:28",8.32,8.39,8.32,8.38,0.02,+0.24%,0
"2024-03-22 13:29",8.38,8.4,8.38,8.4,0.02,+0.24%,0
"2024-03-22 13:30",8.34,8.4,8.3,8.31,-0.09,-1.07%,0
"2024-03-22 13:31",8.3,8.37,8.3,8.32,0.01,+0.12%,0
"2024-03-22 13:32",8.33,8.33,8.31,8.32,0,0.00%,0
"2024-03-22 13:33",8.3,8.3,8.29,8.29,-0.03,-0.36%,0
"2024-03-22 13:34",8.3,8.38,8.3,8.37,0.08,+0.97%,0
"2024-03-22 13:35",8.34,8.35,8.34,8.35,-0.02,-0.24%,0
"2024-03-22 13:36",8.37,8.4,8.33,8.33,-0.02,-0.24%,0
"2024-03-22 13:37",8.39,8.4,8.33,8.33,0,0.00%,0
"2024-03-22 13:38",8.31,8.39,8.31,8.39,0.06,+0.72%,0
"2024-03-22 13:39",8.39,8.41,8.39,8.4,0.01,+0.12%,0
"2024-03-22 13:40",8.4,8.41,8.39,8.39,-0.01,-0.12%,0
"2024-03-22 13:41",8.38,8.4,8.38,8.39,0,0.00%,0
"2024-03-22 13:42",8.39,8.4,8.36,8.36,-0.03,-0.36%,0
"2024-03-22 13:43",8.36,8.36,8.29,8.34,-0.02,-0.24%,0
"2024-03-22 13:44",8.34,8.34,8.27,8.27,-0.07,-0.84%,0
"2024-03-22 13:45",8.25,8.29,8.23,8.23,-0.04,-0.48%,0
"2024-03-22 13:46",8.23,8.25,8.23,8.25,0.02,+0.24%,0
"2024-03-22 13:47",8.24,8.31,8.24,8.31,0.06,+0.73%,0
"2024-03-22 13:48",8.3,8.33,8.3,8.33,0.02,+0.24%,0
"2024-03-22 13:49",8.34,8.37,8.31,8.37,0.04,+0.48%,0
"2024-03-22 13:50",8.39,8.39,8.39,8.39,0.02,+0.24%,0
"2024-03-22 13:51",8.38,8.42,8.38,8.42,0.03,+0.36%,0
"2024-03-22 13:52",8.42,8.44,8.37,8.37,-0.05,-0.59%,0
"2024-03-22 13:53",8.36,8.4,8.36,8.39,0.02,+0.24%,0
"2024-03-22 13:54",8.4,8.41,8.39,8.4,0.01,+0.12%,0
"2024-03-22 13:55",8.38,8.4,8.38,8.39,-0.01,-0.12%,0
"2024-03-22 13:56",8.38,8.38,8.37,8.38,-0.01,-0.12%,0
"2024-03-22 13:57",8.36,8.39,8.36,8.39,0.01,+0.12%,0
"2024-03-22 13:58",8.38,8.38,8.36,8.38,-0.01,-0.12%,0
"2024-03-22 13:59",8.38,8.38,8.36,8.36,-0.02,-0.24%,0
"2024-03-22 14:00",8.36,8.36,8.35,8.35,-0.01,-0.12%,0
"2024-03-22 14:01",8.34,8.34,8.32,8.33,-0.02,-0.24%,0
"2024-03-22 14:02",8.32,8.33,8.31,8.32,-0.01,-0.12%,0
"2024-03-22 14:03",8.32,8.34,8.32,8.34,0.02,+0.24%,0
"2024-03-22 14:04",8.34,8.34,8.34,8.34,0,0.00%,0
"2024-03-22 14:05",8.33,8.35,8.32,8.32,-0.02,-0.24%,0
"2024-03-22 14:06",8.32,8.37,8.32,8.37,0.05,+0.60%,0
"2024-03-22 14:07",8.37,8.39,8.37,8.37,0,0.00%,0
"2024-03-22 14:08",8.36,8.44,8.36,8.44,0.07,+0.84%,0
"2024-03-22 14:09",8.43,8.46,8.43,8.46,0.02,+0.24%,0
"2024-03-22 14:10",8.46,8.48,8.45,8.48,0.02,+0.24%,0
"2024-03-22 14:11",8.48,8.49,8.48,8.49,0.01,+0.12%,0
"2024-03-22 14:12",8.48,8.5,8.48,8.49,0,0.00%,0
"2024-03-22 14:13",8.48,8.48,8.48,8.48,-0.01,-0.12%,0
"2024-03-22 14:14",8.48,8.48,8.47,8.47,-0.01,-0.12%,0
"2024-03-22 14:15",8.49,8.51,8.49,8.5,0.03,+0.35%,0
"2024-03-22 14:16",8.5,8.5,8.48,8.48,-0.02,-0.24%,0
"2024-03-22 14:17",8.48,8.49,8.43,8.43,-0.05,-0.59%,0
"2024-03-22 14:18",8.41,8.42,8.4,8.42,-0.01,-0.12%,0
"2024-03-22 14:19",8.41,8.43,8.41,8.43,0.01,+0.12%,0
"2024-03-22 14:20",8.42,8.44,8.42,8.44,0.01,+0.12%,0
"2024-03-22 14:21",8.43,8.47,8.43,8.47,0.03,+0.36%,0
"2024-03-22 14:22",8.44,8.45,8.44,8.45,-0.02,-0.24%,0
"2024-03-22 14:23",8.45,8.45,8.42,8.45,0,0.00%,0
"2024-03-22 14:24",8.47,8.47,8.41,8.41,-0.04,-0.47%,0
"2024-03-22 14:25",8.41,8.43,8.41,8.42,0.01,+0.12%,0
"2024-03-22 14:26",8.42,8.46,8.42,8.43,0.01,+0.12%,0
"2024-03-22 14:27",8.44,8.46,8.43,8.43,0,0.00%,0
"2024-03-22 14:28",8.43,8.45,8.43,8.45,0.02,+0.24%,0
"2024-03-22 14:29",8.46,8.46,8.45,8.45,0,0.00%,0
"2024-03-22 14:30",8.44,8.46,8.44,8.46,0.01,+0.12%,0
"2024-03-22 14:31",8.45,8.5,8.45,8.5,0.04,+0.47%,0
"2024-03-22 14:32",8.51,8.54,8.51,8.54,0.04,+0.47%,0
"2024-03-22 14:33",8.55,8.76,8.55,8.76,0.22,+2.58%,0
"2024-03-22 14:34",8.76,8.76,8.71,8.71,-0.05,-0.57%,0
"2024-03-22 14:35",8.7,8.7,8.67,8.67,-0.04,-0.46%,0
"2024-03-22 14:36",8.67,8.7,8.67,8.7,0.03,+0.35%,0
"2024-03-22 14:37",8.68,8.73,8.68,8.73,0.03,+0.34%,0
"2024-03-22 14:38",8.74,8.74,8.73,8.73,0,0.00%,0
"2024-03-22 14:39",8.73,8.76,8.73,8.76,0.03,+0.34%,0
"2024-03-22 14:40",8.8,8.91,8.8,8.91,0.15,+1.71%,0
"2024-03-22 14:41",8.95,8.98,8.95,8.98,0.07,+0.79%,0
"2024-03-22 14:42",8.98,9,8.98,9,0.02,+0.22%,0
"2024-03-22 14:43",8.99,9.04,8.99,9.04,0.04,+0.44%,0
"2024-03-22 14:44",9.05,9.06,9.05,9.06,0.02,+0.22%,0
"2024-03-22 14:45",9.06,9.1,9.06,9.09,0.03,+0.33%,0
"2024-03-22 14:46",9.08,9.08,9.06,9.08,-0.01,-0.11%,0
"2024-03-22 14:47",9.07,9.11,9.07,9.1,0.02,+0.22%,0
"2024-03-22 14:48",9.09,9.13,9.09,9.11,0.01,+0.11%,0
"2024-03-22 14:49",9.13,9.13,9.12,9.13,0.02,+0.22%,0
"2024-03-22 14:50",9.15,9.17,9.15,9.17,0.04,+0.44%,0
"2024-03-22 14:51",9.2,9.21,9.16,9.19,0.02,+0.22%,0
"2024-03-22 14:52",9.21,9.23,9.21,9.21,0.02,+0.22%,0
"2024-03-22 14:53",9.23,9.23,9.21,9.22,0.01,+0.11%,0
"2024-03-22 14:54",9.23,9.26,9.23,9.25,0.03,+0.33%,0
"2024-03-22 14:55",9.25,9.27,9.25,9.27,0.02,+0.22%,0
"2024-03-22 14:56",9.26,9.28,9.26,9.27,0,0.00%,0
"2024-03-22 14:57",9.24,9.27,9.24,9.26,-0.01,-0.11%,0
"2024-03-22 14:58",9.23,9.25,9.23,9.25,-0.01,-0.11%,0
"2024-03-22 14:59",9.25,9.26,9.23,9.23,-0.02,-0.22%,0
"2024-03-22 15:00",9.17,9.17,9.12,9.12,-0.11,-1.19%,0
"2024-03-22 15:01",9.12,9.13,9.07,9.07,-0.05,-0.55%,0
"2024-03-22 15:02",9.06,9.07,9.05,9.05,-0.02,-0.22%,0
"2024-03-22 15:03",9.1,9.12,9.1,9.12,0.07,+0.77%,0
"2024-03-22 15:04",9.13,9.13,9.1,9.1,-0.02,-0.22%,0
"2024-03-22 15:05",9.13,9.14,9.13,9.13,0.03,+0.33%,0
"2024-03-22 15:06",9.18,9.22,9.18,9.22,0.09,+0.99%,0
"2024-03-22 15:07",9.2,9.21,9.19,9.21,-0.01,-0.11%,0
"2024-03-22 15:08",9.2,9.2,9.16,9.16,-0.05,-0.54%,0
"2024-03-22 15:09",9.15,9.15,9.15,9.15,-0.01,-0.11%,0
"2024-03-22 15:10",9.15,9.17,9.15,9.17,0.02,+0.22%,0
"2024-03-22 15:11",9.16,9.19,9.16,9.19,0.02,+0.22%,0
"2024-03-22 15:12",9.24,9.79,9.24,9.7,0.51,+5.55%,0
"2024-03-22 15:13",9.49,9.55,9.49,9.55,-0.15,-1.55%,0
"2024-03-22 15:14",9.57,9.57,9.44,9.51,-0.04,-0.42%,0
"2024-03-22 15:15",9.47,9.47,9.39,9.39,-0.12,-1.26%,0
"2024-03-22 15:16",9.36,9.53,9.36,9.53,0.14,+1.49%,0
"2024-03-22 15:17",9.59,9.62,9.54,9.56,0.03,+0.31%,0
"2024-03-22 15:18",9.52,9.54,9.45,9.48,-0.08,-0.84%,0
"2024-03-22 15:19",9.49,9.51,9.49,9.49,0.01,+0.11%,0
"2024-03-22 15:20",9.5,9.56,9.5,9.56,0.07,+0.74%,0
"2024-03-22 15:21",9.54,9.7,9.54,9.7,0.14,+1.46%,0
"2024-03-22 15:22",9.69,9.72,9.69,9.72,0.02,+0.21%,0
"2024-03-22 15:23",9.67,9.72,9.67,9.7,-0.02,-0.21%,0
"2024-03-22 15:24",9.7,9.72,9.7,9.7,0,0.00%,0
"2024-03-22 15:25",9.7,9.7,9.59,9.59,-0.11,-1.13%,0
"2024-03-22 15:26",9.59,9.59,9.54,9.54,-0.05,-0.52%,0
"2024-03-22 15:27",9.48,9.5,9.48,9.48,-0.06,-0.63%,0
"2024-03-22 15:28",9.49,9.51,9.49,9.49,0.01,+0.11%,0
"2024-03-22 15:29",9.49,9.49,9.46,9.46,-0.03,-0.32%,0
"2024-03-22 15:30",9.41,9.41,9.21,9.21,-0.25,-2.64%,0
"2024-03-22 15:31",9.2,9.39,9.2,9.39,0.18,+1.95%,0
"2024-03-22 15:32",9.37,9.4,9.37,9.39,0,0.00%,0
"2024-03-22 15:33",9.38,9.47,9.38,9.47,0.08,+0.85%,0
"2024-03-22 15:34",9.5,9.5,9.45,9.45,-0.02,-0.21%,0
"2024-03-22 15:35",9.41,9.41,9.32,9.32,-0.13,-1.38%,0
"2024-03-22 15:36",9.29,9.29,9.19,9.19,-0.13,-1.39%,0
"2024-03-22 15:37",9.14,9.15,9.12,9.12,-0.07,-0.76%,0
"2024-03-22 15:38",9.12,9.14,9.12,9.13,0.01,+0.11%,0
"2024-03-22 15:39",9.14,9.18,9.12,9.12,-0.01,-0.11%,0
"2024-03-22 15:40",9.1,9.14,9.1,9.14,0.02,+0.22%,0
"2024-03-22 15:41",9.13,9.17,8.97,9.13,-0.01,-0.11%,0
"2024-03-22 15:42",9.17,9.21,9.17,9.21,0.08,+0.88%,0
"2024-03-22 15:43",9.19,9.2,9.19,9.19,-0.02,-0.22%,0
"2024-03-22 15:44",9.18,9.22,9.17,9.2,0.01,+0.11%,0
"2024-03-22 15:45",9.21,9.23,9.21,9.23,0.03,+0.33%,0
"2024-03-22 15:46",9.21,9.24,9.21,9.23,0,0.00%,0
"2024-03-22 15:47",9.2,9.21,9.19,9.19,-0.04,-0.43%,0
"2024-03-22 15:48",9.24,9.24,9.18,9.2,0.01,+0.11%,0
"2024-03-22 15:49",9.01,9.04,9.01,9.04,-0.16,-1.74%,0
"2024-03-22 15:50",9.03,9.31,9.03,9.31,0.27,+2.99%,0
"2024-03-22 15:51",9.25,9.26,9.23,9.26,-0.05,-0.54%,0
"2024-03-22 15:52",9.21,9.23,9.17,9.23,-0.03,-0.32%,0
"2024-03-22 15:53",9.02,9.03,9,9,-0.23,-2.49%,0
"2024-03-22 15:54",9.01,9.06,9.01,9.04,0.04,+0.44%,0
"2024-03-22 15:55",9.09,9.12,9.09,9.12,0.08,+0.88%,0
"2024-03-22 15:56",9.11,9.33,9.11,9.23,0.11,+1.21%,0
"2024-03-22 15:57",9.25,9.27,9.24,9.24,0.01,+0.11%,0
"2024-03-22 15:58",9.26,9.26,8.97,8.97,-0.27,-2.92%,0
"2024-03-22 15:59",9,9.06,8.92,9.06,0.09,+1.00%,0
"2024-03-22 16:00",9.26,9.26,9.13,9.13,0.07,+0.77%,0
"2024-03-22 16:01",9.13,9.3,9.13,9.23,0.1,+1.10%,0
"2024-03-22 16:02",9.28,9.38,9.28,9.35,0.12,+1.30%,0
"2024-03-22 16:03",9.37,9.51,9.37,9.51,0.16,+1.71%,0
"2024-03-22 16:04",9.56,9.58,9.45,9.45,-0.06,-0.63%,0
"2024-03-22 16:05",9.45,9.46,9.42,9.42,-0.03,-0.32%,0
"2024-03-22 16:06",9.41,9.54,9.41,9.54,0.12,+1.27%,0
"2024-03-22 16:07",9.46,9.53,9.42,9.42,-0.12,-1.26%,0
"2024-03-22 16:08",9.45,9.45,9.43,9.44,0.02,+0.21%,0
"2024-03-22 16:09",9.41,9.42,9.4,9.4,-0.04,-0.42%,0
"2024-03-22 16:10",9.4,9.41,9.38,9.38,-0.02,-0.21%,0
"2024-03-22 16:11",9.36,9.36,9.31,9.31,-0.07,-0.75%,0
"2024-03-22 16:12",9.27,9.28,9.25,9.25,-0.06,-0.64%,0
"2024-03-22 16:13",9.24,9.27,9.24,9.27,0.02,+0.22%,0
"2024-03-22 16:14",9.37,9.4,9.35,9.35,0.08,+0.86%,0
"2024-03-22 16:15",9.37,9.37,9.37,9.37,0.02,+0.21%,0
"2024-03-25 09:31",6.73,6.73,6.44,6.44,-2.93,-31.27%,0
"2024-03-25 09:32",6.36,6.36,6.3,6.33,-0.11,-1.71%,0
"2024-03-25 09:33",6.33,6.38,6.27,6.27,-0.06,-0.95%,0
"2024-03-25 09:34",6.26,6.26,6.19,6.2,-0.07,-1.12%,0
"2024-03-25 09:35",6.22,6.23,6.21,6.21,0.01,+0.16%,0
"2024-03-25 09:36",6.21,6.23,6.2,6.2,-0.01,-0.16%,0
"2024-03-25 09:37",6.22,6.24,6.22,6.24,0.04,+0.65%,0
"2024-03-25 09:38",6.23,6.27,6.23,6.23,-0.01,-0.16%,0
"2024-03-25 09:39",6.26,6.29,6.26,6.29,0.06,+0.96%,0
"2024-03-25 09:40",6.32,6.42,6.32,6.42,0.13,+2.07%,0
"2024-03-25 09:41",6.47,6.51,6.47,6.5,0.08,+1.25%,0
"2024-03-25 09:42",6.42,6.45,6.42,6.45,-0.05,-0.77%,0
"2024-03-25 09:43",6.45,6.51,6.45,6.51,0.06,+0.93%,0
"2024-03-25 09:44",6.49,6.5,6.44,6.44,-0.07,-1.08%,0
"2024-03-25 09:45",6.46,6.47,6.46,6.47,0.03,+0.47%,0
"2024-03-25 09:46",6.47,6.47,6.35,6.35,-0.12,-1.85%,0
"2024-03-25 09:47",6.39,6.41,6.39,6.41,0.06,+0.94%,0
"2024-03-25 09:48",6.39,6.41,6.39,6.41,0,0.00%,0
"2024-03-25 09:49",6.4,6.43,6.35,6.35,-0.06,-0.94%,0
"2024-03-25 09:50",6.34,6.35,6.32,6.32,-0.03,-0.47%,0
"2024-03-25 09:51",6.32,6.33,6.3,6.31,-0.01,-0.16%,0
"2024-03-25 09:52",6.33,6.36,6.33,6.36,0.05,+0.79%,0
"2024-03-25 09:53",6.4,6.43,6.4,6.42,0.06,+0.94%,0
"2024-03-25 09:54",6.42,6.42,6.41,6.42,0,0.00%,0
"2024-03-25 09:55",6.41,6.44,6.41,6.44,0.02,+0.31%,0
"2024-03-25 09:56",6.42,6.53,6.42,6.53,0.09,+1.40%,0
"2024-03-25 09:57",6.54,6.56,6.48,6.5,-0.03,-0.46%,0
"2024-03-25 09:58",6.48,6.53,6.48,6.53,0.03,+0.46%,0
"2024-03-25 09:59",6.53,6.55,6.49,6.49,-0.04,-0.61%,0
"2024-03-25 10:00",6.43,6.45,6.39,6.45,-0.04,-0.62%,0
"2024-03-25 10:01",6.48,6.52,6.48,6.51,0.06,+0.93%,0
"2024-03-25 10:02",6.53,6.58,6.53,6.54,0.03,+0.46%,0
"2024-03-25 10:03",6.49,6.53,6.49,6.53,-0.01,-0.15%,0
"2024-03-25 10:04",6.52,6.54,6.52,6.54,0.01,+0.15%,0
"2024-03-25 10:05",6.54,6.54,6.48,6.48,-0.06,-0.92%,0
"2024-03-25 10:06",6.46,6.52,6.46,6.5,0.02,+0.31%,0
"2024-03-25 10:07",6.53,6.53,6.48,6.49,-0.01,-0.15%,0
"2024-03-25 10:08",6.48,6.49,6.4,6.4,-0.09,-1.39%,0
"2024-03-25 10:09",6.4,6.43,6.4,6.43,0.03,+0.47%,0
"2024-03-25 10:10",6.46,6.46,6.41,6.44,0.01,+0.16%,0
"2024-03-25 10:11",6.4,6.46,6.37,6.46,0.02,+0.31%,0
"2024-03-25 10:12",6.44,6.47,6.43,6.43,-0.03,-0.46%,0
"2024-03-25 10:13",6.44,6.46,6.44,6.46,0.03,+0.47%,0
"2024-03-25 10:14",6.46,6.47,6.43,6.46,0,0.00%,0
"2024-03-25 10:15",6.46,6.46,6.4,6.43,-0.03,-0.46%,0
"2024-03-25 10:16",6.44,6.49,6.44,6.49,0.06,+0.93%,0
"2024-03-25 10:17",6.49,6.5,6.46,6.46,-0.03,-0.46%,0
"2024-03-25 10:18",6.47,6.51,6.47,6.47,0.01,+0.15%,0
"2024-03-25 10:19",6.47,6.48,6.47,6.47,0,0.00%,0
"2024-03-25 10:20",6.46,6.48,6.46,6.48,0.01,+0.15%,0
"2024-03-25 10:21",6.46,6.48,6.44,6.44,-0.04,-0.62%,0
"2024-03-25 10:22",6.42,6.49,6.42,6.48,0.04,+0.62%,0
"2024-03-25 10:23",6.5,6.5,6.47,6.47,-0.01,-0.15%,0
"2024-03-25 10:24",6.48,6.52,6.48,6.52,0.05,+0.77%,0
"2024-03-25 10:25",6.49,6.49,6.47,6.47,-0.05,-0.77%,0
"2024-03-25 10:26",6.5,6.55,6.5,6.55,0.08,+1.24%,0
"2024-03-25 10:27",6.54,6.58,6.54,6.58,0.03,+0.46%,0
"2024-03-25 10:28",6.58,6.59,6.56,6.56,-0.02,-0.30%,0
"2024-03-25 10:29",6.57,6.57,6.54,6.54,-0.02,-0.30%,0
"2024-03-25 10:30",6.6,6.61,6.57,6.57,0.03,+0.46%,0
"2024-03-25 10:31",6.59,6.61,6.59,6.61,0.04,+0.61%,0
"2024-03-25 10:32",6.58,6.6,6.52,6.52,-0.09,-1.36%,0
"2024-03-25 10:33",6.56,6.61,6.56,6.6,0.08,+1.23%,0
"2024-03-25 10:34",6.57,6.61,6.57,6.6,0,0.00%,0
"2024-03-25 10:35",6.58,6.63,6.58,6.63,0.03,+0.45%,0
"2024-03-25 10:36",6.62,6.66,6.62,6.66,0.03,+0.45%,0
"2024-03-25 10:37",6.65,6.67,6.65,6.65,-0.01,-0.15%,0
"2024-03-25 10:38",6.66,6.66,6.63,6.63,-0.02,-0.30%,0
"2024-03-25 10:39",6.62,6.63,6.61,6.61,-0.02,-0.30%,0
"2024-03-25 10:40",6.61,6.62,6.6,6.6,-0.01,-0.15%,0
"2024-03-25 10:41",6.6,6.62,6.6,6.61,0.01,+0.15%,0
"2024-03-25 10:42",6.62,6.64,6.62,6.63,0.02,+0.30%,0
"2024-03-25 10:43",6.64,6.68,6.64,6.67,0.04,+0.60%,0
"2024-03-25 10:44",6.66,6.66,6.63,6.63,-0.04,-0.60%,0
"2024-03-25 10:45",6.64,6.64,6.64,6.64,0.01,+0.15%,0
"2024-03-25 10:46",6.64,6.71,6.64,6.7,0.06,+0.90%,0
"2024-03-25 10:47",6.69,6.72,6.66,6.66,-0.04,-0.60%,0
"2024-03-25 10:48",6.71,6.73,6.69,6.69,0.03,+0.45%,0
"2024-03-25 10:49",6.71,6.73,6.71,6.71,0.02,+0.30%,0
"2024-03-25 10:50",6.69,6.69,6.67,6.68,-0.03,-0.45%,0
"2024-03-25 10:51",6.66,6.68,6.66,6.67,-0.01,-0.15%,0
"2024-03-25 10:52",6.7,6.72,6.69,6.69,0.02,+0.30%,0
"2024-03-25 10:53",6.7,6.74,6.7,6.74,0.05,+0.75%,0
"2024-03-25 10:54",6.74,6.76,6.74,6.75,0.01,+0.15%,0
"2024-03-25 10:55",6.74,6.75,6.69,6.69,-0.06,-0.89%,0
"2024-03-25 10:56",6.68,6.7,6.68,6.7,0.01,+0.15%,0
"2024-03-25 10:57",6.7,6.71,6.7,6.71,0.01,+0.15%,0
"2024-03-25 10:58",6.7,6.7,6.66,6.66,-0.05,-0.75%,0
"2024-03-25 10:59",6.65,6.66,6.63,6.63,-0.03,-0.45%,0
"2024-03-25 11:00",6.63,6.63,6.61,6.61,-0.02,-0.30%,0
"2024-03-25 11:01",6.61,6.65,6.61,6.65,0.04,+0.61%,0
"2024-03-25 11:02",6.64,6.64,6.6,6.61,-0.04,-0.60%,0
"2024-03-25 11:03",6.61,6.61,6.58,6.58,-0.03,-0.45%,0
"2024-03-25 11:04",6.58,6.59,6.58,6.58,0,0.00%,0
"2024-03-25 11:05",6.59,6.6,6.58,6.6,0.02,+0.30%,0
"2024-03-25 11:06",6.56,6.6,6.56,6.6,0,0.00%,0
"2024-03-25 11:07",6.61,6.62,6.61,6.61,0.01,+0.15%,0
"2024-03-25 11:08",6.6,6.64,6.6,6.63,0.02,+0.30%,0
"2024-03-25 11:09",6.63,6.69,6.63,6.69,0.06,+0.90%,0
"2024-03-25 11:10",6.68,6.7,6.68,6.68,-0.01,-0.15%,0
"2024-03-25 11:11",6.68,6.69,6.68,6.69,0.01,+0.15%,0
"2024-03-25 11:12",6.68,6.69,6.67,6.67,-0.02,-0.30%,0
"2024-03-25 11:13",6.67,6.68,6.67,6.68,0.01,+0.15%,0
"2024-03-25 11:14",6.68,6.72,6.68,6.72,0.04,+0.60%,0
"2024-03-25 11:15",6.71,6.71,6.66,6.66,-0.06,-0.89%,0
"2024-03-25 11:16",6.67,6.71,6.67,6.71,0.05,+0.75%,0
"2024-03-25 11:17",6.73,6.79,6.73,6.79,0.08,+1.19%,0
"2024-03-25 11:18",6.76,6.76,6.76,6.76,-0.03,-0.44%,0
"2024-03-25 11:19",6.77,6.78,6.74,6.74,-0.02,-0.30%,0
"2024-03-25 11:20",6.74,6.75,6.74,6.75,0.01,+0.15%,0
"2024-03-25 11:21",6.76,6.81,6.76,6.81,0.06,+0.89%,0
"2024-03-25 11:22",6.79,6.8,6.79,6.8,-0.01,-0.15%,0
"2024-03-25 11:23",6.82,6.84,6.81,6.81,0.01,+0.15%,0
"2024-03-25 11:24",6.8,6.84,6.8,6.83,0.02,+0.29%,0
"2024-03-25 11:25",6.82,6.83,6.82,6.83,0,0.00%,0
"2024-03-25 11:26",6.84,6.88,6.84,6.84,0.01,+0.15%,0
"2024-03-25 11:27",6.82,6.83,6.82,6.83,-0.01,-0.15%,0
"2024-03-25 11:28",6.83,6.84,6.8,6.81,-0.02,-0.29%,0
"2024-03-25 11:29",6.81,6.84,6.81,6.84,0.03,+0.44%,0
"2024-03-25 11:30",6.84,6.85,6.84,6.85,0.01,+0.15%,0
"2024-03-25 11:31",6.87,6.92,6.87,6.92,0.07,+1.02%,0
"2024-03-25 11:32",6.9,6.94,6.9,6.94,0.02,+0.29%,0
"2024-03-25 11:33",6.93,6.93,6.91,6.91,-0.03,-0.43%,0
"2024-03-25 11:34",6.92,6.92,6.92,6.92,0.01,+0.14%,0
"2024-03-25 11:35",6.91,6.94,6.91,6.93,0.01,+0.14%,0
"2024-03-25 11:36",6.93,6.95,6.93,6.94,0.01,+0.14%,0
"2024-03-25 11:37",6.92,6.92,6.89,6.89,-0.05,-0.72%,0
"2024-03-25 11:38",6.89,6.91,6.88,6.88,-0.01,-0.15%,0
"2024-03-25 11:39",6.88,6.88,6.86,6.86,-0.02,-0.29%,0
"2024-03-25 11:40",6.86,6.86,6.84,6.85,-0.01,-0.15%,0
"2024-03-25 11:41",6.85,6.85,6.82,6.82,-0.03,-0.44%,0
"2024-03-25 11:42",6.85,6.87,6.84,6.84,0.02,+0.29%,0
"2024-03-25 11:43",6.85,6.87,6.85,6.86,0.02,+0.29%,0
"2024-03-25 11:44",6.88,6.88,6.87,6.87,0.01,+0.15%,0
"2024-03-25 11:45",6.9,6.91,6.9,6.91,0.04,+0.58%,0
"2024-03-25 11:46",6.91,6.91,6.9,6.91,0,0.00%,0
"2024-03-25 11:47",6.92,6.96,6.92,6.96,0.05,+0.72%,0
"2024-03-25 11:48",6.94,6.96,6.92,6.96,0,0.00%,0
"2024-03-25 11:49",6.96,6.98,6.96,6.97,0.01,+0.14%,0
"2024-03-25 11:50",6.99,7.02,6.96,7.02,0.05,+0.72%,0
"2024-03-25 11:51",7.04,7.09,7.04,7.04,0.02,+0.28%,0
"2024-03-25 11:52",7.03,7.07,7.03,7.04,0,0.00%,0
"2024-03-25 11:53",7.01,7.03,7.01,7.02,-0.02,-0.28%,0
"2024-03-25 11:54",7.01,7.02,7.01,7.02,0,0.00%,0
"2024-03-25 11:55",7.01,7.02,7.01,7.02,0,0.00%,0
"2024-03-25 11:56",7.01,7.03,7.01,7.03,0.01,+0.14%,0
"2024-03-25 11:57",7.02,7.04,7.02,7.04,0.01,+0.14%,0
"2024-03-25 11:58",7.04,7.08,7.04,7.08,0.04,+0.57%,0
"2024-03-25 11:59",7.06,7.08,7.06,7.08,0,0.00%,0
"2024-03-25 12:00",7.09,7.14,7.09,7.14,0.06,+0.85%,0
"2024-03-25 12:01",7.14,7.16,7.12,7.12,-0.02,-0.28%,0
"2024-03-25 12:02",7.13,7.16,7.13,7.13,0.01,+0.14%,0
"2024-03-25 12:03",7.14,7.17,7.13,7.13,0,0.00%,0
"2024-03-25 12:04",7.17,7.2,7.16,7.16,0.03,+0.42%,0
"2024-03-25 12:05",7.17,7.18,7.15,7.15,-0.01,-0.14%,0
"2024-03-25 12:06",7.15,7.21,7.15,7.2,0.05,+0.70%,0
"2024-03-25 12:07",7.22,7.22,7.22,7.22,0.02,+0.28%,0
"2024-03-25 12:08",7.21,7.23,7.21,7.23,0.01,+0.14%,0
"2024-03-25 12:09",7.22,7.24,7.22,7.24,0.01,+0.14%,0
"2024-03-25 12:10",7.25,7.25,7.21,7.21,-0.03,-0.41%,0
"2024-03-25 12:11",7.2,7.23,7.2,7.2,-0.01,-0.14%,0
"2024-03-25 12:12",7.2,7.22,7.19,7.19,-0.01,-0.14%,0
"2024-03-25 12:13",7.2,7.22,7.2,7.2,0.01,+0.14%,0
"2024-03-25 12:14",7.19,7.23,7.19,7.22,0.02,+0.28%,0
"2024-03-25 12:15",7.2,7.22,7.2,7.22,0,0.00%,0
"2024-03-25 12:16",7.22,7.23,7.18,7.18,-0.04,-0.55%,0
"2024-03-25 12:17",7.18,7.18,7.18,7.18,0,0.00%,0
"2024-03-25 12:18",7.19,7.19,7.16,7.16,-0.02,-0.28%,0
"2024-03-25 12:19",7.16,7.18,7.16,7.18,0.02,+0.28%,0
"2024-03-25 12:20",7.17,7.2,7.17,7.2,0.02,+0.28%,0
"2024-03-25 12:21",7.21,7.22,7.18,7.18,-0.02,-0.28%,0
"2024-03-25 12:22",7.18,7.21,7.18,7.21,0.03,+0.42%,0
"2024-03-25 12:23",7.22,7.25,7.22,7.23,0.02,+0.28%,0
"2024-03-25 12:24",7.23,7.23,7.22,7.22,-0.01,-0.14%,0
"2024-03-25 12:25",7.22,7.22,7.2,7.22,0,0.00%,0
"2024-03-25 12:26",7.23,7.25,7.23,7.25,0.03,+0.42%,0
"2024-03-25 12:27",7.26,7.3,7.26,7.29,0.04,+0.55%,0
"2024-03-25 12:28",7.3,7.3,7.28,7.29,0,0.00%,0
"2024-03-25 12:29",7.28,7.32,7.28,7.32,0.03,+0.41%,0
"2024-03-25 12:30",7.31,7.36,7.31,7.36,0.04,+0.55%,0
"2024-03-25 12:31",7.34,7.35,7.34,7.34,-0.02,-0.27%,0
"2024-03-25 12:32",7.34,7.37,7.34,7.37,0.03,+0.41%,0
"2024-03-25 12:33",7.37,7.41,7.37,7.41,0.04,+0.54%,0
"2024-03-25 12:34",7.41,7.41,7.4,7.4,-0.01,-0.13%,0
"2024-03-25 12:35",7.41,7.41,7.41,7.41,0.01,+0.14%,0
"2024-03-25 12:36",7.42,7.44,7.41,7.43,0.02,+0.27%,0
"2024-03-25 12:37",7.43,7.46,7.43,7.46,0.03,+0.40%,0
"2024-03-25 12:38",7.46,7.47,7.45,7.45,-0.01,-0.13%,0
"2024-03-25 12:39",7.45,7.48,7.45,7.48,0.03,+0.40%,0
"2024-03-25 12:40",7.5,7.51,7.5,7.51,0.03,+0.40%,0
"2024-03-25 12:41",7.51,7.51,7.48,7.48,-0.03,-0.40%,0
"2024-03-25 12:42",7.47,7.49,7.33,7.33,-0.15,-2.01%,0
"2024-03-25 12:43",7.31,7.35,7.31,7.35,0.02,+0.27%,0
"2024-03-25 12:44",7.35,7.38,7.35,7.38,0.03,+0.41%,0
"2024-03-25 12:45",7.38,7.38,7.37,7.37,-0.01,-0.14%,0
"2024-03-25 12:46",7.36,7.38,7.36,7.37,0,0.00%,0
"2024-03-25 12:47",7.37,7.4,7.37,7.4,0.03,+0.41%,0
"2024-03-25 12:48",7.4,7.42,7.4,7.42,0.02,+0.27%,0
"2024-03-25 12:49",7.45,7.47,7.45,7.47,0.05,+0.67%,0
"2024-03-25 12:50",7.47,7.61,7.47,7.61,0.14,+1.87%,0
"2024-03-25 12:51",7.6,7.61,7.58,7.58,-0.03,-0.39%,0
"2024-03-25 12:52",7.58,7.58,7.46,7.46,-0.12,-1.58%,0
"2024-03-25 12:53",7.45,7.46,7.4,7.4,-0.06,-0.80%,0
"2024-03-25 12:54",7.47,7.47,7.45,7.45,0.05,+0.68%,0
"2024-03-25 12:55",7.45,7.46,7.45,7.45,0,0.00%,0
"2024-03-25 12:56",7.44,7.46,7.43,7.43,-0.02,-0.27%,0
"2024-03-25 12:57",7.45,7.45,7.42,7.43,0,0.00%,0
"2024-03-25 12:58",7.44,7.46,7.44,7.44,0.01,+0.13%,0
"2024-03-25 12:59",7.43,7.45,7.43,7.45,0.01,+0.13%,0
"2024-03-25 13:00",7.46,7.46,7.44,7.44,-0.01,-0.13%,0
"2024-03-25 13:01",7.47,7.49,7.47,7.49,0.05,+0.67%,0
"2024-03-25 13:02",7.57,7.6,7.57,7.6,0.11,+1.47%,0
"2024-03-25 13:03",7.61,7.62,7.57,7.57,-0.03,-0.39%,0
"2024-03-25 13:04",7.57,7.58,7.56,7.56,-0.01,-0.13%,0
"2024-03-25 13:05",7.56,7.58,7.56,7.58,0.02,+0.26%,0
"2024-03-25 13:06",7.59,7.63,7.59,7.63,0.05,+0.66%,0
"2024-03-25 13:07",7.63,7.66,7.63,7.66,0.03,+0.39%,0
"2024-03-25 13:08",7.64,7.67,7.64,7.65,-0.01,-0.13%,0
"2024-03-25 13:09",7.65,7.67,7.64,7.64,-0.01,-0.13%,0
"2024-03-25 13:10",7.65,7.65,7.55,7.55,-0.09,-1.18%,0
"2024-03-25 13:11",7.54,7.7,7.54,7.69,0.14,+1.85%,0
"2024-03-25 13:12",7.74,7.74,7.71,7.71,0.02,+0.26%,0
"2024-03-25 13:13",7.7,7.72,7.7,7.7,-0.01,-0.13%,0
"2024-03-25 13:14",7.68,7.68,7.56,7.66,-0.04,-0.52%,0
"2024-03-25 13:15",7.65,7.67,7.65,7.67,0.01,+0.13%,0
"2024-03-25 13:16",7.68,7.68,7.66,7.66,-0.01,-0.13%,0
"2024-03-25 13:17",7.66,7.69,7.66,7.69,0.03,+0.39%,0
"2024-03-25 13:18",7.7,7.7,7.69,7.7,0.01,+0.13%,0
"2024-03-25 13:19",7.69,7.69,7.69,7.69,-0.01,-0.13%,0
"2024-03-25 13:20",7.67,7.68,7.67,7.67,-0.02,-0.26%,0
"2024-03-25 13:21",7.7,7.73,7.7,7.73,0.06,+0.78%,0
"2024-03-25 13:22",7.74,7.78,7.74,7.77,0.04,+0.52%,0
"2024-03-25 13:23",7.76,7.78,7.76,7.78,0.01,+0.13%,0
"2024-03-25 13:24",7.76,7.79,7.76,7.79,0.01,+0.13%,0
"2024-03-25 13:25",7.78,7.78,7.76,7.77,-0.02,-0.26%,0
"2024-03-25 13:26",7.76,7.78,7.75,7.78,0.01,+0.13%,0
"2024-03-25 13:27",7.79,7.79,7.78,7.78,0,0.00%,0
"2024-03-25 13:28",7.75,7.78,7.75,7.78,0,0.00%,0
"2024-03-25 13:29",7.77,7.79,7.77,7.77,-0.01,-0.13%,0
"2024-03-25 13:30",7.78,7.78,7.76,7.76,-0.01,-0.13%,0
"2024-03-25 13:31",7.78,7.8,7.78,7.79,0.03,+0.39%,0
"2024-03-25 13:32",7.79,7.79,7.77,7.77,-0.02,-0.26%,0
"2024-03-25 13:33",7.77,7.79,7.77,7.79,0.02,+0.26%,0
"2024-03-25 13:34",7.79,7.8,7.79,7.79,0,0.00%,0
"2024-03-25 13:35",7.78,7.81,7.78,7.81,0.02,+0.26%,0
"2024-03-25 13:36",7.8,7.82,7.8,7.82,0.01,+0.13%,0
"2024-03-25 13:37",7.81,7.82,7.81,7.82,0,0.00%,0
"2024-03-25 13:38",7.81,7.84,7.81,7.84,0.02,+0.26%,0
"2024-03-25 13:39",7.83,7.85,7.83,7.85,0.01,+0.13%,0
"2024-03-25 13:40",7.85,7.86,7.82,7.82,-0.03,-0.38%,0
"2024-03-25 13:41",7.84,7.85,7.84,7.84,0.02,+0.26%,0
"2024-03-25 13:42",7.87,7.88,7.84,7.84,0,0.00%,0
"2024-03-25 13:43",7.85,7.85,7.84,7.84,0,0.00%,0
"2024-03-25 13:44",7.85,7.86,7.85,7.86,0.02,+0.26%,0
"2024-03-25 13:45",7.85,7.86,7.85,7.86,0,0.00%,0
"2024-03-25 13:46",7.87,7.89,7.87,7.89,0.03,+0.38%,0
"2024-03-25 13:47",7.87,7.89,7.87,7.88,-0.01,-0.13%,0
"2024-03-25 13:48",7.88,7.91,7.87,7.91,0.03,+0.38%,0
"2024-03-25 13:49",7.92,7.93,7.92,7.93,0.02,+0.25%,0
"2024-03-25 13:50",7.93,7.95,7.93,7.95,0.02,+0.25%,0
"2024-03-25 13:51",7.93,7.94,7.93,7.93,-0.02,-0.25%,0
"2024-03-25 13:52",7.93,7.99,7.93,7.99,0.06,+0.76%,0
"2024-03-25 13:53",7.99,8,7.97,7.97,-0.02,-0.25%,0
"2024-03-25 13:54",7.97,7.99,7.97,7.98,0.01,+0.13%,0
"2024-03-25 13:55",7.98,8,7.98,8,0.02,+0.25%,0
"2024-03-25 13:56",8.02,8.02,8,8,0,0.00%,0
"2024-03-25 13:57",8,8.01,8,8,0,0.00%,0
"2024-03-25 13:58",8.01,8.01,8.01,8.01,0.01,+0.13%,0
"2024-03-25 13:59",8,8.02,8,8.02,0.01,+0.12%,0
"2024-03-25 14:00",8.01,8.03,8.01,8.03,0.01,+0.12%,0
"2024-03-25 14:01",8.03,8.05,8.03,8.05,0.02,+0.25%,0
"2024-03-25 14:02",8.05,8.06,8.03,8.03,-0.02,-0.25%,0
"2024-03-25 14:03",8.03,8.06,8.03,8.06,0.03,+0.37%,0
"2024-03-25 14:04",8.05,8.07,8.03,8.05,-0.01,-0.12%,0
"2024-03-25 14:05",8.03,8.04,8.02,8.02,-0.03,-0.37%,0
"2024-03-25 14:06",8.02,8.04,8.01,8.02,0,0.00%,0
"2024-03-25 14:07",8.02,8.03,8.02,8.03,0.01,+0.12%,0
"2024-03-25 14:08",8.03,8.04,8.03,8.03,0,0.00%,0
"2024-03-25 14:09",8.04,8.05,8.04,8.05,0.02,+0.25%,0
"2024-03-25 14:10",8.07,8.07,8.06,8.07,0.02,+0.25%,0
"2024-03-25 14:11",8.07,8.08,8.07,8.08,0.01,+0.12%,0
"2024-03-25 14:12",8.08,8.1,8.08,8.09,0.01,+0.12%,0
"2024-03-25 14:13",8.1,8.12,8.09,8.09,0,0.00%,0
"2024-03-25 14:14",8.09,8.11,8.09,8.1,0.01,+0.12%,0
"2024-03-25 14:15",8.13,8.13,8.08,8.08,-0.02,-0.25%,0
"2024-03-25 14:16",7.94,8.08,7.92,7.92,-0.16,-1.98%,0
"2024-03-25 14:17",8.05,8.07,7.95,7.95,0.03,+0.38%,0
"2024-03-25 14:18",7.96,7.97,7.96,7.97,0.02,+0.25%,0
"2024-03-25 14:19",7.95,7.96,7.95,7.96,-0.01,-0.13%,0
"2024-03-25 14:20",7.95,7.97,7.95,7.97,0.01,+0.13%,0
"2024-03-25 14:21",7.96,7.97,7.95,7.95,-0.02,-0.25%,0
"2024-03-25 14:22",7.95,7.96,7.95,7.96,0.01,+0.13%,0
"2024-03-25 14:23",7.96,7.96,7.95,7.95,-0.01,-0.13%,0
"2024-03-25 14:24",7.9,7.92,7.9,7.92,-0.03,-0.38%,0
"2024-03-25 14:25",7.92,7.92,7.9,7.9,-0.02,-0.25%,0
"2024-03-25 14:26",7.91,7.92,7.91,7.91,0.01,+0.13%,0
"2024-03-25 14:27",7.91,8,7.91,8,0.09,+1.14%,0
"2024-03-25 14:28",8.12,8.12,8.11,8.11,0.11,+1.38%,0
"2024-03-25 14:29",8.1,8.1,7.98,8,-0.11,-1.36%,0
"2024-03-25 14:30",7.99,8,7.99,8,0,0.00%,0
"2024-03-25 14:31",8,8.02,8,8.02,0.02,+0.25%,0
"2024-03-25 14:32",8.02,8.02,8.01,8.02,0,0.00%,0
"2024-03-25 14:33",8.01,8.03,8.01,8.02,0,0.00%,0
"2024-03-25 14:34",8.01,8.03,8.01,8.03,0.01,+0.12%,0
"2024-03-25 14:35",8.03,8.04,8.03,8.03,0,0.00%,0
"2024-03-25 14:36",8.03,8.03,8.03,8.03,0,0.00%,0
"2024-03-25 14:37",8.02,8.02,8.01,8.02,-0.01,-0.12%,0
"2024-03-25 14:38",8.01,8.02,8.01,8.01,-0.01,-0.12%,0
"2024-03-25 14:39",8.01,8.03,8.01,8.03,0.02,+0.25%,0
"2024-03-25 14:40",8.02,8.03,7.97,8.03,0,0.00%,0
"2024-03-25 14:41",8.17,8.2,8.17,8.18,0.15,+1.87%,0
"2024-03-25 14:42",8.17,8.19,8.17,8.19,0.01,+0.12%,0
"2024-03-25 14:43",8.19,8.21,8.19,8.21,0.02,+0.24%,0
"2024-03-25 14:44",8.22,8.25,8.1,8.1,-0.11,-1.34%,0
"2024-03-25 14:45",8.1,8.1,8.09,8.1,0,0.00%,0
"2024-03-25 14:46",8.09,8.1,8.08,8.1,0,0.00%,0
"2024-03-25 14:47",8.1,8.1,8.08,8.08,-0.02,-0.25%,0
"2024-03-25 14:48",8.09,8.09,8.08,8.08,0,0.00%,0
"2024-03-25 14:49",8.09,8.27,8.09,8.27,0.19,+2.35%,0
"2024-03-25 14:50",8.28,8.31,8.28,8.3,0.03,+0.36%,0
"2024-03-25 14:51",8.31,8.31,8.14,8.14,-0.16,-1.93%,0
"2024-03-25 14:52",8.13,8.14,8.12,8.12,-0.02,-0.25%,0
"2024-03-25 14:53",8.12,8.29,8.12,8.28,0.16,+1.97%,0
"2024-03-25 14:54",8.29,8.3,8.29,8.3,0.02,+0.24%,0
"2024-03-25 14:55",8.28,8.31,8.28,8.31,0.01,+0.12%,0
"2024-03-25 14:56",8.31,8.31,8.31,8.31,0,0.00%,0
"2024-03-25 14:57",8.3,8.35,8.3,8.35,0.04,+0.48%,0
"2024-03-25 14:58",8.35,8.35,8.33,8.33,-0.02,-0.24%,0
"2024-03-25 14:59",8.28,8.28,8.11,8.27,-0.06,-0.72%,0
"2024-03-25 15:00",8.27,8.28,8.26,8.28,0.01,+0.12%,0
"2024-03-25 15:01",8.24,8.24,8.07,8.07,-0.21,-2.54%,0
"2024-03-25 15:02",8.26,8.26,8.06,8.06,-0.01,-0.12%,0
"2024-03-25 15:03",8.07,8.08,8.07,8.08,0.02,+0.25%,0
"2024-03-25 15:04",8.07,8.08,8.07,8.08,0,0.00%,0
"2024-03-25 15:05",8.1,8.1,8.09,8.09,0.01,+0.12%,0
"2024-03-25 15:06",8.06,8.09,8.06,8.07,-0.02,-0.25%,0
"2024-03-25 15:07",8.08,8.08,8.03,8.05,-0.02,-0.25%,0
"2024-03-25 15:08",8.05,8.07,8.04,8.07,0.02,+0.25%,0
"2024-03-25 15:09",8.08,8.27,8.08,8.27,0.2,+2.48%,0
"2024-03-25 15:10",8.27,8.3,8.27,8.3,0.03,+0.36%,0
"2024-03-25 15:11",8.31,8.4,8.31,8.35,0.05,+0.60%,0
"2024-03-25 15:12",8.38,8.44,8.38,8.44,0.09,+1.08%,0
"2024-03-25 15:13",8.44,8.46,8.44,8.45,0.01,+0.12%,0
"2024-03-25 15:14",8.25,8.45,8.25,8.44,-0.01,-0.12%,0
"2024-03-25 15:15",8.44,8.45,8.42,8.42,-0.02,-0.24%,0
"2024-03-25 15:16",8.25,8.28,8.25,8.28,-0.14,-1.66%,0
"2024-03-25 15:17",8.26,8.28,8.24,8.24,-0.04,-0.48%,0
"2024-03-25 15:18",8.25,8.4,8.24,8.25,0.01,+0.12%,0
"2024-03-25 15:19",8.26,8.29,8.26,8.29,0.04,+0.48%,0
"2024-03-25 15:20",8.28,8.31,8.28,8.31,0.02,+0.24%,0
"2024-03-25 15:21",8.31,8.35,8.31,8.35,0.04,+0.48%,0
"2024-03-25 15:22",8.34,8.37,8.34,8.36,0.01,+0.12%,0
"2024-03-25 15:23",8.37,8.4,8.37,8.4,0.04,+0.48%,0
"2024-03-25 15:24",8.36,8.36,8.33,8.33,-0.07,-0.83%,0
"2024-03-25 15:25",8.32,8.34,8.32,8.32,-0.01,-0.12%,0
"2024-03-25 15:26",8.35,8.35,8.32,8.33,0.01,+0.12%,0
"2024-03-25 15:27",8.34,8.37,8.31,8.31,-0.02,-0.24%,0
"2024-03-25 15:28",8.3,8.3,8.26,8.29,-0.02,-0.24%,0
"2024-03-25 15:29",8.27,8.27,8.23,8.23,-0.06,-0.72%,0
"2024-03-25 15:30",8.24,8.32,8.24,8.28,0.05,+0.61%,0
"2024-03-25 15:31",8.27,8.27,8.24,8.24,-0.04,-0.48%,0
"2024-03-25 15:32",8.2,8.24,8.2,8.2,-0.04,-0.49%,0
"2024-03-25 15:33",8.19,8.22,8.19,8.19,-0.01,-0.12%,0
"2024-03-25 15:34",8.17,8.17,8.16,8.17,-0.02,-0.24%,0
"2024-03-25 15:35",8.14,8.18,8.14,8.15,-0.02,-0.24%,0
"2024-03-25 15:36",8.15,8.16,8.13,8.16,0.01,+0.12%,0
"2024-03-25 15:37",8.15,8.2,8.15,8.17,0.01,+0.12%,0
"2024-03-25 15:38",8.17,8.17,8.07,8.07,-0.1,-1.22%,0
"2024-03-25 15:39",8.06,8.06,8.04,8.04,-0.03,-0.37%,0
"2024-03-25 15:40",8.03,8.03,7.98,7.98,-0.06,-0.75%,0
"2024-03-25 15:41",7.98,8,7.96,7.96,-0.02,-0.25%,0
"2024-03-25 15:42",7.95,8.01,7.95,8.01,0.05,+0.63%,0
"2024-03-25 15:43",7.96,8.05,7.96,8.04,0.03,+0.37%,0
"2024-03-25 15:44",7.99,8.02,7.99,8.01,-0.03,-0.37%,0
"2024-03-25 15:45",8.02,8.04,8,8.04,0.03,+0.37%,0
"2024-03-25 15:46",8.02,8.03,8,8,-0.04,-0.50%,0
"2024-03-25 15:47",8,8.02,8,8.02,0.02,+0.25%,0
"2024-03-25 15:48",8.08,8.12,8.06,8.12,0.1,+1.25%,0
"2024-03-25 15:49",8.12,8.14,8.12,8.14,0.02,+0.25%,0
"2024-03-25 15:50",8.12,8.21,8.12,8.18,0.04,+0.49%,0
"2024-03-25 15:51",8.2,8.27,8.2,8.27,0.09,+1.10%,0
"2024-03-25 15:52",8.23,8.25,8.19,8.19,-0.08,-0.97%,0
"2024-03-25 15:53",8.15,8.19,8.14,8.14,-0.05,-0.61%,0
"2024-03-25 15:54",8.16,8.16,8.12,8.16,0.02,+0.25%,0
"2024-03-25 15:55",8.19,8.2,8.18,8.18,0.02,+0.25%,0
"2024-03-25 15:56",8.15,8.15,8.11,8.11,-0.07,-0.86%,0
"2024-03-25 15:57",8.08,8.1,8.04,8.04,-0.07,-0.86%,0
"2024-03-25 15:58",8.16,8.18,8.11,8.11,0.07,+0.87%,0
"2024-03-25 15:59",8.07,8.17,8.05,8.05,-0.06,-0.74%,0
"2024-03-25 16:00",7.98,7.98,7.89,7.89,-0.16,-1.99%,0
"2024-03-25 16:01",7.88,7.96,7.88,7.95,0.06,+0.76%,0
"2024-03-25 16:02",7.98,8.06,7.98,8.03,0.08,+1.01%,0
"2024-03-25 16:03",8.02,8.05,8.02,8.05,0.02,+0.25%,0
"2024-03-25 16:04",8.07,8.13,8.07,8.08,0.03,+0.37%,0
"2024-03-25 16:05",8.07,8.12,8.07,8.12,0.04,+0.50%,0
"2024-03-25 16:06",8.13,8.14,8.09,8.09,-0.03,-0.37%,0
"2024-03-25 16:07",8.1,8.12,8.1,8.11,0.02,+0.25%,0
"2024-03-25 16:08",8.12,8.12,8.1,8.1,-0.01,-0.12%,0
"2024-03-25 16:09",8.17,8.17,8.12,8.13,0.03,+0.37%,0
"2024-03-25 16:10",8.12,8.18,8.12,8.18,0.05,+0.62%,0
"2024-03-25 16:11",8.18,8.18,8.1,8.1,-0.08,-0.98%,0
"2024-03-25 16:12",8.09,8.1,8.09,8.09,-0.01,-0.12%,0
"2024-03-25 16:13",8.08,8.1,8.08,8.08,-0.01,-0.12%,0
"2024-03-25 16:14",8.07,8.08,8.07,8.07,-0.01,-0.12%,0
"2024-03-25 16:15",8.06,8.06,8.06,8.06,-0.01,-0.12%,0
"2024-03-26 09:31",6.46,6.46,6.37,6.37,-1.69,-20.97%,0
"2024-03-26 09:32",6.32,6.32,6.12,6.12,-0.25,-3.92%,0
"2024-03-26 09:33",6.15,6.17,6.11,6.11,-0.01,-0.16%,0
"2024-03-26 09:34",6.13,6.2,6.13,6.2,0.09,+1.47%,0
"2024-03-26 09:35",6.2,6.32,6.2,6.32,0.12,+1.94%,0
"2024-03-26 09:36",6.36,6.38,6.36,6.37,0.05,+0.79%,0
"2024-03-26 09:37",6.36,6.36,6.32,6.32,-0.05,-0.78%,0
"2024-03-26 09:38",6.25,6.32,6.25,6.32,0,0.00%,0
"2024-03-26 09:39",6.32,6.33,6.31,6.31,-0.01,-0.16%,0
"2024-03-26 09:40",6.33,6.37,6.3,6.36,0.05,+0.79%,0
"2024-03-26 09:41",6.35,6.36,6.32,6.36,0,0.00%,0
"2024-03-26 09:42",6.38,6.38,6.35,6.35,-0.01,-0.16%,0
"2024-03-26 09:43",6.38,6.41,6.36,6.36,0.01,+0.16%,0
"2024-03-26 09:44",6.34,6.34,6.31,6.31,-0.05,-0.79%,0
"2024-03-26 09:45",6.29,6.37,6.26,6.37,0.06,+0.95%,0
"2024-03-26 09:46",6.4,6.4,6.29,6.29,-0.08,-1.26%,0
"2024-03-26 09:47",6.3,6.3,6.27,6.28,-0.01,-0.16%,0
"2024-03-26 09:48",6.25,6.26,6.25,6.25,-0.03,-0.48%,0
"2024-03-26 09:49",6.23,6.26,6.23,6.26,0.01,+0.16%,0
"2024-03-26 09:50",6.25,6.25,6.23,6.25,-0.01,-0.16%,0
"2024-03-26 09:51",6.22,6.28,6.22,6.28,0.03,+0.48%,0
"2024-03-26 09:52",6.29,6.29,6.25,6.25,-0.03,-0.48%,0
"2024-03-26 09:53",6.25,6.28,6.25,6.28,0.03,+0.48%,0
"2024-03-26 09:54",6.28,6.28,6.25,6.27,-0.01,-0.16%,0
"2024-03-26 09:55",6.26,6.3,6.26,6.3,0.03,+0.48%,0
"2024-03-26 09:56",6.29,6.31,6.25,6.25,-0.05,-0.79%,0
"2024-03-26 09:57",6.26,6.28,6.25,6.25,0,0.00%,0
"2024-03-26 09:58",6.26,6.26,6.25,6.25,0,0.00%,0
"2024-03-26 09:59",6.25,6.25,6.23,6.23,-0.02,-0.32%,0
"2024-03-26 10:00",6.25,6.25,6.14,6.14,-0.09,-1.44%,0
"2024-03-26 10:01",6.13,6.15,6.13,6.15,0.01,+0.16%,0
"2024-03-26 10:02",6.21,6.24,6.21,6.23,0.08,+1.30%,0
"2024-03-26 10:03",6.22,6.26,6.22,6.26,0.03,+0.48%,0
"2024-03-26 10:04",6.26,6.26,6.19,6.19,-0.07,-1.12%,0
"2024-03-26 10:05",6.19,6.21,6.18,6.18,-0.01,-0.16%,0
"2024-03-26 10:06",6.19,6.21,6.19,6.21,0.03,+0.49%,0
"2024-03-26 10:07",6.21,6.21,6.15,6.15,-0.06,-0.97%,0
"2024-03-26 10:08",6.11,6.15,6.1,6.15,0,0.00%,0
"2024-03-26 10:09",6.15,6.19,6.15,6.18,0.03,+0.49%,0
"2024-03-26 10:10",6.18,6.21,6.16,6.2,0.02,+0.32%,0
"2024-03-26 10:11",6.25,6.34,6.22,6.22,0.02,+0.32%,0
"2024-03-26 10:12",6.2,6.2,6.13,6.16,-0.06,-0.96%,0
"2024-03-26 10:13",6.15,6.19,6.15,6.18,0.02,+0.32%,0
"2024-03-26 10:14",6.19,6.19,6.18,6.18,0,0.00%,0
"2024-03-26 10:15",6.18,6.18,6.16,6.16,-0.02,-0.32%,0
"2024-03-26 10:16",6.15,6.15,6.11,6.11,-0.05,-0.81%,0
"2024-03-26 10:17",6.12,6.13,6.09,6.09,-0.02,-0.33%,0
"2024-03-26 10:18",6.1,6.11,6.08,6.11,0.02,+0.33%,0
"2024-03-26 10:19",6.05,6.13,6.05,6.11,0,0.00%,0
"2024-03-26 10:20",6.1,6.11,6.09,6.09,-0.02,-0.33%,0
"2024-03-26 10:21",6.13,6.13,6.12,6.12,0.03,+0.49%,0
"2024-03-26 10:22",6.12,6.13,6.12,6.12,0,0.00%,0
"2024-03-26 10:23",6.11,6.12,6.1,6.1,-0.02,-0.33%,0
"2024-03-26 10:24",6.1,6.11,6.1,6.11,0.01,+0.16%,0
"2024-03-26 10:25",6.09,6.11,6.09,6.11,0,0.00%,0
"2024-03-26 10:26",6.1,6.12,6.1,6.12,0.01,+0.16%,0
"2024-03-26 10:27",6.13,6.2,6.13,6.18,0.06,+0.98%,0
"2024-03-26 10:28",6.17,6.17,6.12,6.12,-0.06,-0.97%,0
"2024-03-26 10:29",6.15,6.21,6.15,6.17,0.05,+0.82%,0
"2024-03-26 10:30",6.19,6.25,6.19,6.23,0.06,+0.97%,0
"2024-03-26 10:31",6.24,6.35,6.24,6.35,0.12,+1.93%,0
"2024-03-26 10:32",6.38,6.38,6.32,6.32,-0.03,-0.47%,0
"2024-03-26 10:33",6.31,6.36,6.31,6.36,0.04,+0.63%,0
"2024-03-26 10:34",6.36,6.36,6.28,6.28,-0.08,-1.26%,0
"2024-03-26 10:35",6.29,6.32,6.29,6.32,0.04,+0.64%,0
"2024-03-26 10:36",6.31,6.35,6.31,6.35,0.03,+0.47%,0
"2024-03-26 10:37",6.34,6.34,6.3,6.3,-0.05,-0.79%,0
"2024-03-26 10:38",6.26,6.26,6.2,6.21,-0.09,-1.43%,0
"2024-03-26 10:39",6.19,6.22,6.19,6.22,0.01,+0.16%,0
"2024-03-26 10:40",6.21,6.23,6.19,6.23,0.01,+0.16%,0
"2024-03-26 10:41",6.26,6.28,6.25,6.25,0.02,+0.32%,0
"2024-03-26 10:42",6.26,6.32,6.26,6.29,0.04,+0.64%,0
"2024-03-26 10:43",6.27,6.27,6.22,6.23,-0.06,-0.95%,0
"2024-03-26 10:44",6.23,6.26,6.23,6.26,0.03,+0.48%,0
"2024-03-26 10:45",6.26,6.26,6.26,6.26,0,0.00%,0
"2024-03-26 10:46",6.26,6.26,6.23,6.24,-0.02,-0.32%,0
"2024-03-26 10:47",6.24,6.24,6.22,6.22,-0.02,-0.32%,0
"2024-03-26 10:48",6.23,6.31,6.23,6.31,0.09,+1.45%,0
"2024-03-26 10:49",6.32,6.34,6.31,6.32,0.01,+0.16%,0
"2024-03-26 10:50",6.34,6.34,6.29,6.3,-0.02,-0.32%,0
"2024-03-26 10:51",6.3,6.3,6.26,6.27,-0.03,-0.48%,0
"2024-03-26 10:52",6.26,6.28,6.26,6.26,-0.01,-0.16%,0
"2024-03-26 10:53",6.27,6.27,6.23,6.23,-0.03,-0.48%,0
"2024-03-26 10:54",6.24,6.24,6.24,6.24,0.01,+0.16%,0
"2024-03-26 10:55",6.23,6.23,6.16,6.17,-0.07,-1.12%,0
"2024-03-26 10:56",6.18,6.2,6.18,6.19,0.02,+0.32%,0
"2024-03-26 10:57",6.2,6.23,6.2,6.22,0.03,+0.48%,0
"2024-03-26 10:58",6.21,6.21,6.2,6.2,-0.02,-0.32%,0
"2024-03-26 10:59",6.19,6.19,6.16,6.17,-0.03,-0.48%,0
"2024-03-26 11:00",6.18,6.18,6.17,6.18,0.01,+0.16%,0
"2024-03-26 11:01",6.18,6.2,6.18,6.19,0.01,+0.16%,0
"2024-03-26 11:02",6.18,6.19,6.18,6.19,0,0.00%,0
"2024-03-26 11:03",6.18,6.23,6.18,6.22,0.03,+0.48%,0
"2024-03-26 11:04",6.21,6.23,6.21,6.21,-0.01,-0.16%,0
"2024-03-26 11:05",6.21,6.22,6.13,6.13,-0.08,-1.29%,0
"2024-03-26 11:06",6.14,6.15,6.13,6.13,0,0.00%,0
"2024-03-26 11:07",6.15,6.16,6.14,6.14,0.01,+0.16%,0
"2024-03-26 11:08",6.16,6.16,6.14,6.14,0,0.00%,0
"2024-03-26 11:09",6.15,6.16,6.15,6.15,0.01,+0.16%,0
"2024-03-26 11:10",6.11,6.14,6.11,6.11,-0.04,-0.65%,0
"2024-03-26 11:11",6.08,6.1,6.08,6.1,-0.01,-0.16%,0
"2024-03-26 11:12",6.1,6.23,6.1,6.22,0.12,+1.97%,0
"2024-03-26 11:13",6.23,6.23,6.22,6.23,0.01,+0.16%,0
"2024-03-26 11:14",6.22,6.23,6.22,6.22,-0.01,-0.16%,0
"2024-03-26 11:15",6.23,6.23,6.22,6.23,0.01,+0.16%,0
"2024-03-26 11:16",6.24,6.24,6.23,6.23,0,0.00%,0
"2024-03-26 11:17",6.25,6.26,6.24,6.24,0.01,+0.16%,0
"2024-03-26 11:18",6.24,6.26,6.23,6.23,-0.01,-0.16%,0
"2024-03-26 11:19",6.24,6.28,6.24,6.27,0.04,+0.64%,0
"2024-03-26 11:20",6.28,6.31,6.28,6.29,0.02,+0.32%,0
"2024-03-26 11:21",6.29,6.31,6.29,6.29,0,0.00%,0
"2024-03-26 11:22",6.27,6.28,6.27,6.28,-0.01,-0.16%,0
"2024-03-26 11:23",6.28,6.29,6.27,6.29,0.01,+0.16%,0
"2024-03-26 11:24",6.28,6.3,6.28,6.3,0.01,+0.16%,0
"2024-03-26 11:25",6.29,6.29,6.28,6.28,-0.02,-0.32%,0
"2024-03-26 11:26",6.29,6.31,6.29,6.3,0.02,+0.32%,0
"2024-03-26 11:27",6.3,6.32,6.3,6.31,0.01,+0.16%,0
"2024-03-26 11:28",6.31,6.34,6.31,6.34,0.03,+0.48%,0
"2024-03-26 11:29",6.32,6.35,6.32,6.34,0,0.00%,0
"2024-03-26 11:30",6.34,6.36,6.34,6.34,0,0.00%,0
"2024-03-26 11:31",6.34,6.38,6.34,6.36,0.02,+0.32%,0
"2024-03-26 11:32",6.37,6.38,6.36,6.36,0,0.00%,0
"2024-03-26 11:33",6.36,6.36,6.35,6.35,-0.01,-0.16%,0
"2024-03-26 11:34",6.36,6.38,6.36,6.38,0.03,+0.47%,0
"2024-03-26 11:35",6.38,6.4,6.38,6.39,0.01,+0.16%,0
"2024-03-26 11:36",6.38,6.4,6.38,6.4,0.01,+0.16%,0
"2024-03-26 11:37",6.4,6.41,6.4,6.4,0,0.00%,0
"2024-03-26 11:38",6.4,6.45,6.4,6.43,0.03,+0.47%,0
"2024-03-26 11:39",6.42,6.44,6.42,6.44,0.01,+0.16%,0
"2024-03-26 11:40",6.41,6.46,6.41,6.46,0.02,+0.31%,0
"2024-03-26 11:41",6.46,6.46,6.44,6.45,-0.01,-0.15%,0
"2024-03-26 11:42",6.42,6.44,6.42,6.43,-0.02,-0.31%,0
"2024-03-26 11:43",6.44,6.49,6.44,6.49,0.06,+0.93%,0
"2024-03-26 11:44",6.48,6.49,6.47,6.47,-0.02,-0.31%,0
"2024-03-26 11:45",6.47,6.5,6.47,6.48,0.01,+0.15%,0
"2024-03-26 11:46",6.49,6.5,6.49,6.5,0.02,+0.31%,0
"2024-03-26 11:47",6.5,6.53,6.5,6.53,0.03,+0.46%,0
"2024-03-26 11:48",6.53,6.54,6.53,6.53,0,0.00%,0
"2024-03-26 11:49",6.53,6.55,6.53,6.55,0.02,+0.31%,0
"2024-03-26 11:50",6.55,6.55,6.5,6.5,-0.05,-0.76%,0
"2024-03-26 11:51",6.49,6.49,6.46,6.47,-0.03,-0.46%,0
"2024-03-26 11:52",6.48,6.52,6.42,6.52,0.05,+0.77%,0
"2024-03-26 11:53",6.53,6.55,6.53,6.54,0.02,+0.31%,0
"2024-03-26 11:54",6.56,6.57,6.55,6.55,0.01,+0.15%,0
"2024-03-26 11:55",6.54,6.56,6.54,6.55,0,0.00%,0
"2024-03-26 11:56",6.56,6.59,6.56,6.57,0.02,+0.31%,0
"2024-03-26 11:57",6.58,6.6,6.58,6.59,0.02,+0.30%,0
"2024-03-26 11:58",6.58,6.59,6.58,6.59,0,0.00%,0
"2024-03-26 11:59",6.6,6.62,6.6,6.62,0.03,+0.46%,0
"2024-03-26 12:00",6.61,6.61,6.6,6.6,-0.02,-0.30%,0
"2024-03-26 12:01",6.6,6.61,6.6,6.61,0.01,+0.15%,0
"2024-03-26 12:02",6.6,6.61,6.59,6.59,-0.02,-0.30%,0
"2024-03-26 12:03",6.59,6.6,6.59,6.6,0.01,+0.15%,0
"2024-03-26 12:04",6.59,6.64,6.59,6.63,0.03,+0.45%,0
"2024-03-26 12:05",6.66,6.66,6.65,6.65,0.02,+0.30%,0
"2024-03-26 12:06",6.65,6.67,6.65,6.66,0.01,+0.15%,0
"2024-03-26 12:07",6.66,6.68,6.66,6.67,0.01,+0.15%,0
"2024-03-26 12:08",6.66,6.69,6.65,6.69,0.02,+0.30%,0
"2024-03-26 12:09",6.69,6.69,6.68,6.68,-0.01,-0.15%,0
"2024-03-26 12:10",6.69,6.7,6.69,6.69,0.01,+0.15%,0
"2024-03-26 12:11",6.69,6.71,6.69,6.7,0.01,+0.15%,0
"2024-03-26 12:12",6.7,6.72,6.7,6.72,0.02,+0.30%,0
"2024-03-26 12:13",6.73,6.76,6.73,6.76,0.04,+0.60%,0
"2024-03-26 12:14",6.75,6.75,6.74,6.74,-0.02,-0.30%,0
"2024-03-26 12:15",6.71,6.73,6.7,6.73,-0.01,-0.15%,0
"2024-03-26 12:16",6.73,6.76,6.73,6.76,0.03,+0.45%,0
"2024-03-26 12:17",6.75,6.76,6.75,6.75,-0.01,-0.15%,0
"2024-03-26 12:18",6.74,6.74,6.73,6.74,-0.01,-0.15%,0
"2024-03-26 12:19",6.74,6.78,6.74,6.78,0.04,+0.59%,0
"2024-03-26 12:20",6.79,6.84,6.79,6.84,0.06,+0.88%,0
"2024-03-26 12:21",6.87,6.88,6.87,6.88,0.04,+0.58%,0
"2024-03-26 12:22",6.9,6.9,6.89,6.89,0.01,+0.15%,0
"2024-03-26 12:23",6.91,6.95,6.91,6.92,0.03,+0.44%,0
"2024-03-26 12:24",6.91,6.93,6.91,6.91,-0.01,-0.14%,0
"2024-03-26 12:25",6.92,6.95,6.92,6.95,0.04,+0.58%,0
"2024-03-26 12:26",6.94,6.97,6.94,6.97,0.02,+0.29%,0
"2024-03-26 12:27",6.96,6.98,6.96,6.96,-0.01,-0.14%,0
"2024-03-26 12:28",6.97,6.97,6.95,6.95,-0.01,-0.14%,0
"2024-03-26 12:29",6.94,6.95,6.94,6.94,-0.01,-0.14%,0
"2024-03-26 12:30",6.93,6.95,6.93,6.93,-0.01,-0.14%,0
"2024-03-26 12:31",6.93,6.93,6.9,6.91,-0.02,-0.29%,0
"2024-03-26 12:32",6.89,6.89,6.81,6.83,-0.08,-1.16%,0
"2024-03-26 12:33",6.83,6.85,6.82,6.85,0.02,+0.29%,0
"2024-03-26 12:34",6.84,6.89,6.84,6.89,0.04,+0.58%,0
"2024-03-26 12:35",6.89,6.89,6.85,6.85,-0.04,-0.58%,0
"2024-03-26 12:36",6.84,6.87,6.84,6.87,0.02,+0.29%,0
"2024-03-26 12:37",6.87,6.9,6.87,6.89,0.02,+0.29%,0
"2024-03-26 12:38",6.9,6.92,6.9,6.92,0.03,+0.44%,0
"2024-03-26 12:39",6.93,6.95,6.93,6.94,0.02,+0.29%,0
"2024-03-26 12:40",6.93,6.97,6.93,6.97,0.03,+0.43%,0
"2024-03-26 12:41",6.97,7.11,6.97,7.11,0.14,+2.01%,0
"2024-03-26 12:42",7.1,7.1,7.08,7.08,-0.03,-0.42%,0
"2024-03-26 12:43",7.08,7.1,7.08,7.08,0,0.00%,0
"2024-03-26 12:44",6.98,7.01,6.98,7.01,-0.07,-0.99%,0
"2024-03-26 12:45",7,7.02,7,7,-0.01,-0.14%,0
"2024-03-26 12:46",7,7.03,6.99,7.03,0.03,+0.43%,0
"2024-03-26 12:47",7.14,7.16,7.13,7.13,0.1,+1.42%,0
"2024-03-26 12:48",7.14,7.14,7.1,7.1,-0.03,-0.42%,0
"2024-03-26 12:49",7.09,7.13,7.09,7.13,0.03,+0.42%,0
"2024-03-26 12:50",7.14,7.14,7.12,7.13,0,0.00%,0
"2024-03-26 12:51",7.13,7.17,7.13,7.17,0.04,+0.56%,0
"2024-03-26 12:52",7.16,7.19,7.16,7.17,0,0.00%,0
"2024-03-26 12:53",7.21,7.21,7.21,7.21,0.04,+0.56%,0
"2024-03-26 12:54",7.22,7.28,7.22,7.28,0.07,+0.97%,0
"2024-03-26 12:55",7.27,7.28,7.27,7.28,0,0.00%,0
"2024-03-26 12:56",7.28,7.31,7.28,7.3,0.02,+0.27%,0
"2024-03-26 12:57",7.3,7.31,7.3,7.3,0,0.00%,0
"2024-03-26 12:58",7.29,7.32,7.29,7.32,0.02,+0.27%,0
"2024-03-26 12:59",7.32,7.34,7.3,7.3,-0.02,-0.27%,0
"2024-03-26 13:00",7.31,7.42,7.31,7.42,0.12,+1.64%,0
"2024-03-26 13:01",7.41,7.44,7.41,7.44,0.02,+0.27%,0
"2024-03-26 13:02",7.43,7.43,7.34,7.34,-0.1,-1.34%,0
"2024-03-26 13:03",7.32,7.32,7.28,7.28,-0.06,-0.82%,0
"2024-03-26 13:04",7.29,7.29,7.28,7.29,0.01,+0.14%,0
"2024-03-26 13:05",7.31,7.31,7.28,7.28,-0.01,-0.14%,0
"2024-03-26 13:06",7.29,7.29,7.29,7.29,0.01,+0.14%,0
"2024-03-26 13:07",7.27,7.29,7.27,7.27,-0.02,-0.27%,0
"2024-03-26 13:08",7.27,7.28,7.17,7.17,-0.1,-1.38%,0
"2024-03-26 13:09",7.16,7.3,7.16,7.18,0.01,+0.14%,0
"2024-03-26 13:10",7.18,7.18,7.17,7.18,0,0.00%,0
"2024-03-26 13:11",7.31,7.31,7.31,7.31,0.13,+1.81%,0
"2024-03-26 13:12",7.31,7.32,7.3,7.3,-0.01,-0.14%,0
"2024-03-26 13:13",7.31,7.32,7.19,7.19,-0.11,-1.51%,0
"2024-03-26 13:14",7.19,7.19,7.16,7.16,-0.03,-0.42%,0
"2024-03-26 13:15",7.16,7.18,7.16,7.17,0.01,+0.14%,0
"2024-03-26 13:16",7.16,7.17,7.16,7.16,-0.01,-0.14%,0
"2024-03-26 13:17",7.17,7.2,7.17,7.2,0.04,+0.56%,0
"2024-03-26 13:18",7.2,7.21,7.19,7.21,0.01,+0.14%,0
"2024-03-26 13:19",7.2,7.21,7.2,7.21,0,0.00%,0
"2024-03-26 13:20",7.2,7.21,7.2,7.21,0,0.00%,0
"2024-03-26 13:21",7.2,7.2,7.2,7.2,-0.01,-0.14%,0
"2024-03-26 13:22",7.2,7.21,7.2,7.21,0.01,+0.14%,0
"2024-03-26 13:23",7.21,7.22,7.21,7.22,0.01,+0.14%,0
"2024-03-26 13:24",7.23,7.24,7.23,7.23,0.01,+0.14%,0
"2024-03-26 13:25",7.23,7.26,7.23,7.25,0.02,+0.28%,0
"2024-03-26 13:26",7.25,7.25,7.23,7.24,-0.01,-0.14%,0
"2024-03-26 13:27",7.24,7.25,7.24,7.25,0.01,+0.14%,0
"2024-03-26 13:28",7.26,7.26,7.26,7.26,0.01,+0.14%,0
"2024-03-26 13:29",7.25,7.36,7.25,7.36,0.1,+1.38%,0
"2024-03-26 13:30",7.36,7.36,7.36,7.36,0,0.00%,0
"2024-03-26 13:31",7.35,7.36,7.34,7.35,-0.01,-0.14%,0
"2024-03-26 13:32",7.35,7.35,7.23,7.23,-0.12,-1.63%,0
"2024-03-26 13:33",7.23,7.24,7.23,7.23,0,0.00%,0
"2024-03-26 13:34",7.23,7.24,7.23,7.24,0.01,+0.14%,0
"2024-03-26 13:35",7.23,7.24,7.23,7.23,-0.01,-0.14%,0
"2024-03-26 13:36",7.23,7.36,7.23,7.36,0.13,+1.80%,0
"2024-03-26 13:37",7.36,7.4,7.26,7.4,0.04,+0.54%,0
"2024-03-26 13:38",7.39,7.4,7.26,7.4,0,0.00%,0
"2024-03-26 13:39",7.4,7.43,7.4,7.4,0,0.00%,0
"2024-03-26 13:40",7.38,7.4,7.38,7.4,0,0.00%,0
"2024-03-26 13:41",7.4,7.41,7.38,7.38,-0.02,-0.27%,0
"2024-03-26 13:42",7.39,7.4,7.37,7.37,-0.01,-0.14%,0
"2024-03-26 13:43",7.34,7.36,7.34,7.35,-0.02,-0.27%,0
"2024-03-26 13:44",7.35,7.44,7.35,7.44,0.09,+1.22%,0
"2024-03-26 13:45",7.44,7.48,7.44,7.48,0.04,+0.54%,0
"2024-03-26 13:46",7.58,7.58,7.53,7.53,0.05,+0.67%,0
"2024-03-26 13:47",7.49,7.49,7.48,7.48,-0.05,-0.66%,0
"2024-03-26 13:48",7.49,7.52,7.49,7.52,0.04,+0.53%,0
"2024-03-26 13:49",7.54,7.57,7.52,7.52,0,0.00%,0
"2024-03-26 13:50",7.53,7.55,7.52,7.52,0,0.00%,0
"2024-03-26 13:51",7.52,7.54,7.52,7.54,0.02,+0.27%,0
"2024-03-26 13:52",7.53,7.57,7.53,7.57,0.03,+0.40%,0
"2024-03-26 13:53",7.57,7.57,7.56,7.56,-0.01,-0.13%,0
"2024-03-26 13:54",7.57,7.58,7.49,7.49,-0.07,-0.93%,0
"2024-03-26 13:55",7.49,7.49,7.44,7.45,-0.04,-0.53%,0
"2024-03-26 13:56",7.44,7.45,7.44,7.45,0,0.00%,0
"2024-03-26 13:57",7.46,7.48,7.46,7.48,0.03,+0.40%,0
"2024-03-26 13:58",7.48,7.48,7.47,7.47,-0.01,-0.13%,0
"2024-03-26 13:59",7.48,7.53,7.48,7.53,0.06,+0.80%,0
"2024-03-26 14:00",7.53,7.55,7.52,7.53,0,0.00%,0
"2024-03-26 14:01",7.53,7.54,7.52,7.52,-0.01,-0.13%,0
"2024-03-26 14:02",7.51,7.52,7.48,7.48,-0.04,-0.53%,0
"2024-03-26 14:03",7.49,7.5,7.49,7.5,0.02,+0.27%,0
"2024-03-26 14:04",7.5,7.51,7.5,7.51,0.01,+0.13%,0
"2024-03-26 14:05",7.51,7.53,7.51,7.53,0.02,+0.27%,0
"2024-03-26 14:06",7.53,7.54,7.53,7.54,0.01,+0.13%,0
"2024-03-26 14:07",7.53,7.54,7.52,7.52,-0.02,-0.27%,0
"2024-03-26 14:08",7.52,7.53,7.51,7.51,-0.01,-0.13%,0
"2024-03-26 14:09",7.52,7.53,7.52,7.53,0.02,+0.27%,0
"2024-03-26 14:10",7.55,7.58,7.55,7.58,0.05,+0.66%,0
"2024-03-26 14:11",7.58,7.6,7.58,7.6,0.02,+0.26%,0
"2024-03-26 14:12",7.58,7.58,7.57,7.58,-0.02,-0.26%,0
"2024-03-26 14:13",7.61,7.61,7.57,7.57,-0.01,-0.13%,0
"2024-03-26 14:14",7.56,7.58,7.55,7.55,-0.02,-0.26%,0
"2024-03-26 14:15",7.55,7.55,7.54,7.54,-0.01,-0.13%,0
"2024-03-26 14:16",7.53,7.54,7.53,7.53,-0.01,-0.13%,0
"2024-03-26 14:17",7.53,7.54,7.51,7.54,0.01,+0.13%,0
"2024-03-26 14:18",7.54,7.54,7.52,7.53,-0.01,-0.13%,0
"2024-03-26 14:19",7.54,7.58,7.54,7.58,0.05,+0.66%,0
"2024-03-26 14:20",7.58,7.59,7.58,7.59,0.01,+0.13%,0
"2024-03-26 14:21",7.62,7.63,7.62,7.62,0.03,+0.40%,0
"2024-03-26 14:22",7.61,7.61,7.6,7.6,-0.02,-0.26%,0
"2024-03-26 14:23",7.61,7.61,7.6,7.6,0,0.00%,0
"2024-03-26 14:24",7.61,7.61,7.6,7.6,0,0.00%,0
"2024-03-26 14:25",7.58,7.59,7.58,7.59,-0.01,-0.13%,0
"2024-03-26 14:26",7.58,7.6,7.58,7.59,0,0.00%,0
"2024-03-26 14:27",7.58,7.59,7.57,7.57,-0.02,-0.26%,0
"2024-03-26 14:28",7.57,7.59,7.57,7.59,0.02,+0.26%,0
"2024-03-26 14:29",7.59,7.61,7.59,7.6,0.01,+0.13%,0
"2024-03-26 14:30",7.59,7.61,7.59,7.6,0,0.00%,0
"2024-03-26 14:31",7.59,7.6,7.59,7.6,0,0.00%,0
"2024-03-26 14:32",7.59,7.6,7.59,7.6,0,0.00%,0
"2024-03-26 14:33",7.59,7.61,7.59,7.59,-0.01,-0.13%,0
"2024-03-26 14:34",7.59,7.61,7.58,7.58,-0.01,-0.13%,0
"2024-03-26 14:35",7.59,7.59,7.59,7.59,0.01,+0.13%,0
"2024-03-26 14:36",7.6,7.61,7.6,7.61,0.02,+0.26%,0
"2024-03-26 14:37",7.64,7.64,7.62,7.62,0.01,+0.13%,0
"2024-03-26 14:38",7.63,7.66,7.63,7.66,0.04,+0.52%,0
"2024-03-26 14:39",7.65,7.69,7.65,7.69,0.03,+0.39%,0
"2024-03-26 14:40",7.71,7.78,7.71,7.73,0.04,+0.52%,0
"2024-03-26 14:41",7.72,7.76,7.72,7.74,0.01,+0.13%,0
"2024-03-26 14:42",7.76,7.78,7.76,7.78,0.04,+0.52%,0
"2024-03-26 14:43",7.77,7.78,7.76,7.76,-0.02,-0.26%,0
"2024-03-26 14:44",7.75,7.77,7.75,7.77,0.01,+0.13%,0
"2024-03-26 14:45",7.8,7.8,7.79,7.8,0.03,+0.39%,0
"2024-03-26 14:46",7.8,7.81,7.78,7.78,-0.02,-0.26%,0
"2024-03-26 14:47",7.74,7.76,7.74,7.74,-0.04,-0.51%,0
"2024-03-26 14:48",7.72,7.8,7.72,7.79,0.05,+0.65%,0
"2024-03-26 14:49",7.8,7.85,7.8,7.85,0.06,+0.77%,0
"2024-03-26 14:50",7.84,7.84,7.78,7.78,-0.07,-0.89%,0
"2024-03-26 14:51",7.79,7.79,7.77,7.77,-0.01,-0.13%,0
"2024-03-26 14:52",7.78,7.78,7.77,7.77,0,0.00%,0
"2024-03-26 14:53",7.76,7.76,7.75,7.76,-0.01,-0.13%,0
"2024-03-26 14:54",7.78,7.8,7.78,7.8,0.04,+0.52%,0
"2024-03-26 14:55",7.8,7.81,7.78,7.78,-0.02,-0.26%,0
"2024-03-26 14:56",7.77,7.78,7.76,7.76,-0.02,-0.26%,0
"2024-03-26 14:57",7.76,7.76,7.75,7.75,-0.01,-0.13%,0
"2024-03-26 14:58",7.72,7.72,7.66,7.66,-0.09,-1.16%,0
"2024-03-26 14:59",7.68,7.69,7.68,7.69,0.03,+0.39%,0
"2024-03-26 15:00",7.68,7.71,7.68,7.7,0.01,+0.13%,0
"2024-03-26 15:01",7.72,7.72,7.69,7.69,-0.01,-0.13%,0
"2024-03-26 15:02",7.69,7.7,7.68,7.68,-0.01,-0.13%,0
"2024-03-26 15:03",7.71,7.73,7.71,7.71,0.03,+0.39%,0
"2024-03-26 15:04",7.72,7.73,7.72,7.72,0.01,+0.13%,0
"2024-03-26 15:05",7.72,7.73,7.71,7.71,-0.01,-0.13%,0
"2024-03-26 15:06",7.69,7.71,7.69,7.7,-0.01,-0.13%,0
"2024-03-26 15:07",7.7,7.71,7.69,7.71,0.01,+0.13%,0
"2024-03-26 15:08",7.7,7.76,7.7,7.74,0.03,+0.39%,0
"2024-03-26 15:09",7.75,7.75,7.72,7.74,0,0.00%,0
"2024-03-26 15:10",7.73,7.73,7.73,7.73,-0.01,-0.13%,0
"2024-03-26 15:11",7.73,7.76,7.73,7.76,0.03,+0.39%,0
"2024-03-26 15:12",7.8,7.82,7.8,7.82,0.06,+0.77%,0
"2024-03-26 15:13",7.83,7.86,7.83,7.86,0.04,+0.51%,0
"2024-03-26 15:14",7.85,7.85,7.64,7.69,-0.17,-2.16%,0
"2024-03-26 15:15",7.89,7.9,7.89,7.89,0.2,+2.60%,0
"2024-03-26 15:16",7.87,7.87,7.63,7.63,-0.26,-3.30%,0
"2024-03-26 15:17",7.62,7.64,7.62,7.64,0.01,+0.13%,0
"2024-03-26 15:18",7.63,7.67,7.63,7.67,0.03,+0.39%,0
"2024-03-26 15:19",7.67,7.7,7.67,7.7,0.03,+0.39%,0
"2024-03-26 15:20",7.76,8.01,7.76,8,0.3,+3.90%,0
"2024-03-26 15:21",8,8.02,7.99,8.02,0.02,+0.25%,0
"2024-03-26 15:22",8.01,8.01,7.98,7.98,-0.04,-0.50%,0
"2024-03-26 15:23",7.96,7.99,7.96,7.98,0,0.00%,0
"2024-03-26 15:24",7.97,7.99,7.97,7.98,0,0.00%,0
"2024-03-26 15:25",7.98,8,7.98,8,0.02,+0.25%,0
"2024-03-26 15:26",8.01,8.02,8,8.01,0.01,+0.13%,0
"2024-03-26 15:27",8,8.02,8,8.01,0,0.00%,0
"2024-03-26 15:28",7.97,8.03,7.97,8.03,0.02,+0.25%,0
"2024-03-26 15:29",8.04,8.7,8.04,8.53,0.5,+6.23%,0
"2024-03-26 15:30",8.45,8.45,8.3,8.3,-0.23,-2.70%,0
"2024-03-26 15:31",8.3,8.3,8.27,8.28,-0.02,-0.24%,0
"2024-03-26 15:32",8.36,8.52,8.36,8.52,0.24,+2.90%,0
"2024-03-26 15:33",8.51,8.62,8.39,8.39,-0.13,-1.53%,0
"2024-03-26 15:34",8.74,8.83,8.74,8.77,0.38,+4.53%,0
"2024-03-26 15:35",8.7,8.71,8.69,8.71,-0.06,-0.68%,0
"2024-03-26 15:36",8.72,8.72,8.65,8.65,-0.06,-0.69%,0
"2024-03-26 15:37",8.69,8.69,8.65,8.65,0,0.00%,0
"2024-03-26 15:38",8.67,8.78,8.67,8.78,0.13,+1.50%,0
"2024-03-26 15:39",8.77,8.82,8.77,8.8,0.02,+0.23%,0
"2024-03-26 15:40",8.91,9,8.89,8.89,0.09,+1.02%,0
"2024-03-26 15:41",8.88,9.09,8.88,9.09,0.2,+2.25%,0
"2024-03-26 15:42",9.11,9.16,9.11,9.13,0.04,+0.44%,0
"2024-03-26 15:43",9.18,9.33,9.18,9.33,0.2,+2.19%,0
"2024-03-26 15:44",9.39,9.55,9.39,9.54,0.21,+2.25%,0
"2024-03-26 15:45",9.66,9.66,9.53,9.57,0.03,+0.31%,0
"2024-03-26 15:46",9.51,9.55,9.48,9.55,-0.02,-0.21%,0
"2024-03-26 15:47",9.54,9.57,9.52,9.52,-0.03,-0.31%,0
"2024-03-26 15:48",9.54,9.74,9.54,9.74,0.22,+2.31%,0
"2024-03-26 15:49",9.84,9.85,9.83,9.85,0.11,+1.13%,0
"2024-03-26 15:50",9.85,9.92,9.81,9.81,-0.04,-0.41%,0
"2024-03-26 15:51",9.76,9.83,9.76,9.79,-0.02,-0.20%,0
"2024-03-26 15:52",9.82,9.82,9.71,9.71,-0.08,-0.82%,0
"2024-03-26 15:53",9.69,9.73,9.64,9.69,-0.02,-0.21%,0
"2024-03-26 15:54",9.68,9.68,9.6,9.6,-0.09,-0.93%,0
"2024-03-26 15:55",9.47,9.49,9.39,9.39,-0.21,-2.19%,0
"2024-03-26 15:56",9.44,9.68,9.43,9.68,0.29,+3.09%,0
"2024-03-26 15:57",9.8,9.85,9.75,9.85,0.17,+1.76%,0
"2024-03-26 15:58",9.83,9.83,9.67,9.67,-0.18,-1.83%,0
"2024-03-26 15:59",9.64,9.64,9.41,9.41,-0.26,-2.69%,0
"2024-03-26 16:00",9.29,9.29,8.91,8.91,-0.5,-5.31%,0
"2024-03-26 16:01",8.87,8.95,8.87,8.95,0.04,+0.45%,0
"2024-03-26 16:02",8.87,8.94,8.87,8.94,-0.01,-0.11%,0
"2024-03-26 16:03",8.96,9.01,8.96,9.01,0.07,+0.78%,0
"2024-03-26 16:04",8.99,9.02,8.99,9.02,0.01,+0.11%,0
"2024-03-26 16:05",9.03,9.15,9.03,9.15,0.13,+1.44%,0
"2024-03-26 16:06",9.16,9.18,9.14,9.14,-0.01,-0.11%,0
"2024-03-26 16:07",9.14,9.14,9.06,9.07,-0.07,-0.77%,0
"2024-03-26 16:08",9.08,9.12,9.08,9.12,0.05,+0.55%,0
"2024-03-26 16:09",9.08,9.15,9.08,9.13,0.01,+0.11%,0
"2024-03-26 16:10",9.1,9.14,9.1,9.14,0.01,+0.11%,0
"2024-03-26 16:11",9.13,9.17,9.13,9.17,0.03,+0.33%,0
"2024-03-26 16:12",9.18,9.2,9.18,9.18,0.01,+0.11%,0
"2024-03-26 16:13",9.24,9.24,9.23,9.24,0.06,+0.65%,0
"2024-03-26 16:14",9.23,9.23,9.21,9.21,-0.03,-0.32%,0
"2024-03-26 16:15",9.19,9.19,9.19,9.19,-0.02,-0.22%,0
"2024-03-27 09:31",6.4,6.4,6.29,6.29,-2.9,-31.56%,0
"2024-03-27 09:32",6.28,6.31,6.28,6.28,-0.01,-0.16%,0
"2024-03-27 09:33",6.38,6.41,6.35,6.35,0.07,+1.11%,0
"2024-03-27 09:34",6.35,6.35,6.28,6.32,-0.03,-0.47%,0
"2024-03-27 09:35",6.36,6.36,6.33,6.36,0.04,+0.63%,0
"2024-03-27 09:36",6.36,6.52,6.36,6.49,0.13,+2.04%,0
"2024-03-27 09:37",6.41,6.41,6.37,6.4,-0.09,-1.39%,0
"2024-03-27 09:38",6.37,6.37,6.34,6.34,-0.06,-0.94%,0
"2024-03-27 09:39",6.34,6.42,6.34,6.4,0.06,+0.95%,0
"2024-03-27 09:40",6.41,6.41,6.36,6.36,-0.04,-0.63%,0
"2024-03-27 09:41",6.42,6.43,6.4,6.43,0.07,+1.10%,0
"2024-03-27 09:42",6.42,6.48,6.42,6.48,0.05,+0.78%,0
"2024-03-27 09:43",6.49,6.54,6.49,6.54,0.06,+0.93%,0
"2024-03-27 09:44",6.51,6.54,6.5,6.5,-0.04,-0.61%,0
"2024-03-27 09:45",6.48,6.51,6.48,6.51,0.01,+0.15%,0
"2024-03-27 09:46",6.51,6.52,6.45,6.45,-0.06,-0.92%,0
"2024-03-27 09:47",6.48,6.5,6.46,6.46,0.01,+0.16%,0
"2024-03-27 09:48",6.45,6.47,6.45,6.47,0.01,+0.15%,0
"2024-03-27 09:49",6.46,6.49,6.4,6.4,-0.07,-1.08%,0
"2024-03-27 09:50",6.42,6.46,6.41,6.41,0.01,+0.16%,0
"2024-03-27 09:51",6.41,6.46,6.41,6.46,0.05,+0.78%,0
"2024-03-27 09:52",6.47,6.5,6.47,6.5,0.04,+0.62%,0
"2024-03-27 09:53",6.5,6.56,6.5,6.5,0,0.00%,0
"2024-03-27 09:54",6.54,6.89,6.54,6.89,0.39,+6.00%,0
"2024-03-27 09:55",6.66,6.78,6.64,6.77,-0.12,-1.74%,0
"2024-03-27 09:56",6.78,6.89,6.78,6.89,0.12,+1.77%,0
"2024-03-27 09:57",6.84,6.92,6.84,6.89,0,0.00%,0
"2024-03-27 09:58",6.86,6.91,6.86,6.86,-0.03,-0.44%,0
"2024-03-27 09:59",6.82,6.9,6.82,6.9,0.04,+0.58%,0
"2024-03-27 10:00",6.91,6.98,6.91,6.92,0.02,+0.29%,0
"2024-03-27 10:01",6.93,7.32,6.93,7.32,0.4,+5.78%,0
"2024-03-27 10:02",7.38,7.95,7.38,7.95,0.63,+8.61%,0
"2024-03-27 10:03",8.13,8.13,7.62,7.78,-0.17,-2.14%,0
"2024-03-27 10:04",7.94,7.94,7.63,7.67,-0.11,-1.41%,0
"2024-03-27 10:05",7.65,7.65,7.4,7.42,-0.25,-3.26%,0
"2024-03-27 10:06",7.49,7.57,7.49,7.57,0.15,+2.02%,0
"2024-03-27 10:07",7.56,7.56,7.54,7.54,-0.03,-0.40%,0
"2024-03-27 10:08",7.53,7.53,7.41,7.49,-0.05,-0.66%,0
"2024-03-27 10:09",7.45,7.48,7.45,7.48,-0.01,-0.13%,0
"2024-03-27 10:10",7.51,7.51,7.44,7.45,-0.03,-0.40%,0
"2024-03-27 10:11",7.48,7.64,7.48,7.64,0.19,+2.55%,0
"2024-03-27 10:12",7.57,7.62,7.57,7.62,-0.02,-0.26%,0
"2024-03-27 10:13",7.9,7.9,7.72,7.77,0.15,+1.97%,0
"2024-03-27 10:14",7.76,7.76,7.62,7.64,-0.13,-1.67%,0
"2024-03-27 10:15",7.67,7.67,7.57,7.57,-0.07,-0.92%,0
"2024-03-27 10:16",7.5,7.55,7.49,7.49,-0.08,-1.06%,0
"2024-03-27 10:17",7.5,7.53,7.48,7.53,0.04,+0.53%,0
"2024-03-27 10:18",7.49,7.55,7.49,7.55,0.02,+0.27%,0
"2024-03-27 10:19",7.5,7.5,7.39,7.4,-0.15,-1.99%,0
"2024-03-27 10:20",7.41,7.69,7.41,7.63,0.23,+3.11%,0
"2024-03-27 10:21",7.63,7.71,7.63,7.71,0.08,+1.05%,0
"2024-03-27 10:22",7.92,7.92,7.77,7.91,0.2,+2.59%,0
"2024-03-27 10:23",7.92,7.92,7.85,7.85,-0.06,-0.76%,0
"2024-03-27 10:24",7.85,7.85,7.81,7.84,-0.01,-0.13%,0
"2024-03-27 10:25",7.87,7.91,7.87,7.91,0.07,+0.89%,0
"2024-03-27 10:26",7.95,7.95,7.86,7.91,0,0.00%,0
"2024-03-27 10:27",7.93,8,7.93,7.98,0.07,+0.88%,0
"2024-03-27 10:28",7.97,8.02,7.97,8.01,0.03,+0.38%,0
"2024-03-27 10:29",7.98,7.98,7.93,7.93,-0.08,-1.00%,0
"2024-03-27 10:30",7.93,7.93,7.85,7.85,-0.08,-1.01%,0
"2024-03-27 10:31",7.79,7.79,7.65,7.68,-0.17,-2.17%,0
"2024-03-27 10:32",7.93,8.07,7.93,8.05,0.37,+4.82%,0
"2024-03-27 10:33",7.82,7.82,7.77,7.8,-0.25,-3.11%,0
"2024-03-27 10:34",7.79,7.81,7.76,7.76,-0.04,-0.51%,0
"2024-03-27 10:35",7.78,7.81,7.78,7.79,0.03,+0.39%,0
"2024-03-27 10:36",7.81,7.81,7.8,7.8,0.01,+0.13%,0
"2024-03-27 10:37",7.78,7.78,7.77,7.77,-0.03,-0.38%,0
"2024-03-27 10:38",7.73,7.73,7.68,7.69,-0.08,-1.03%,0
"2024-03-27 10:39",7.71,7.76,7.71,7.76,0.07,+0.91%,0
"2024-03-27 10:40",7.75,7.77,7.72,7.72,-0.04,-0.52%,0
"2024-03-27 10:41",7.74,7.74,7.64,7.64,-0.08,-1.04%,0
"2024-03-27 10:42",7.63,7.69,7.63,7.69,0.05,+0.65%,0
"2024-03-27 10:43",7.95,7.98,7.83,7.98,0.29,+3.77%,0
"2024-03-27 10:44",8.07,8.07,7.94,7.94,-0.04,-0.50%,0
"2024-03-27 10:45",7.99,7.99,7.92,7.92,-0.02,-0.25%,0
"2024-03-27 10:46",7.92,7.96,7.92,7.96,0.04,+0.51%,0
"2024-03-27 10:47",7.93,7.94,7.93,7.94,-0.02,-0.25%,0
"2024-03-27 10:48",7.98,7.99,7.97,7.99,0.05,+0.63%,0
"2024-03-27 10:49",7.99,8.08,7.99,8.08,0.09,+1.13%,0
"2024-03-27 10:50",8.1,8.12,8.09,8.12,0.04,+0.50%,0
"2024-03-27 10:51",8.06,8.08,8.06,8.07,-0.05,-0.62%,0
"2024-03-27 10:52",8.07,8.12,8.07,8.11,0.04,+0.50%,0
"2024-03-27 10:53",8.1,8.1,8.04,8.05,-0.06,-0.74%,0
"2024-03-27 10:54",8.05,8.05,7.94,7.94,-0.11,-1.37%,0
"2024-03-27 10:55",7.94,7.99,7.94,7.99,0.05,+0.63%,0
"2024-03-27 10:56",8,8.02,7.99,7.99,0,0.00%,0
"2024-03-27 10:57",8,8,7.98,7.98,-0.01,-0.13%,0
"2024-03-27 10:58",7.98,7.99,7.98,7.99,0.01,+0.13%,0
"2024-03-27 10:59",7.98,8.06,7.94,8.06,0.07,+0.88%,0
"2024-03-27 11:00",8.04,8.09,8.02,8.02,-0.04,-0.50%,0
"2024-03-27 11:01",8.02,8.04,8,8.04,0.02,+0.25%,0
"2024-03-27 11:02",8.03,8.06,8.03,8.06,0.02,+0.25%,0
"2024-03-27 11:03",8.1,8.1,8.09,8.09,0.03,+0.37%,0
"2024-03-27 11:04",8.09,8.15,8.08,8.08,-0.01,-0.12%,0
"2024-03-27 11:05",8.07,8.07,8.05,8.05,-0.03,-0.37%,0
"2024-03-27 11:06",8.06,8.1,8.06,8.08,0.03,+0.37%,0
"2024-03-27 11:07",8.1,8.1,8.02,8.02,-0.06,-0.74%,0
"2024-03-27 11:08",8.03,8.03,8.01,8.03,0.01,+0.12%,0
"2024-03-27 11:09",8.02,8.02,7.95,7.95,-0.08,-1.00%,0
"2024-03-27 11:10",7.96,7.99,7.96,7.99,0.04,+0.50%,0
"2024-03-27 11:11",8,8.06,8,8.06,0.07,+0.88%,0
"2024-03-27 11:12",8.07,8.09,8.05,8.07,0.01,+0.12%,0
"2024-03-27 11:13",8.07,8.07,7.98,7.98,-0.09,-1.12%,0
"2024-03-27 11:14",7.98,7.98,7.95,7.95,-0.03,-0.38%,0
"2024-03-27 11:15",7.94,7.96,7.94,7.96,0.01,+0.13%,0
"2024-03-27 11:16",7.97,7.99,7.95,7.95,-0.01,-0.13%,0
"2024-03-27 11:17",7.92,7.92,7.86,7.86,-0.09,-1.13%,0
"2024-03-27 11:18",7.88,7.92,7.88,7.92,0.06,+0.76%,0
"2024-03-27 11:19",7.9,7.93,7.9,7.93,0.01,+0.13%,0
"2024-03-27 11:20",7.91,7.98,7.91,7.98,0.05,+0.63%,0
"2024-03-27 11:21",7.95,7.98,7.95,7.98,0,0.00%,0
"2024-03-27 11:22",7.99,7.99,7.95,7.95,-0.03,-0.38%,0
"2024-03-27 11:23",7.92,7.96,7.92,7.96,0.01,+0.13%,0
"2024-03-27 11:24",7.95,8.01,7.95,8.01,0.05,+0.63%,0
"2024-03-27 11:25",8.01,8.01,8,8,-0.01,-0.12%,0
"2024-03-27 11:26",8,8,7.94,7.95,-0.05,-0.63%,0
"2024-03-27 11:27",7.95,7.96,7.95,7.95,0,0.00%,0
"2024-03-27 11:28",7.95,8,7.95,8,0.05,+0.63%,0
"2024-03-27 11:29",8,8.09,8,8.09,0.09,+1.13%,0
"2024-03-27 11:30",8.11,8.15,8.11,8.13,0.04,+0.49%,0
"2024-03-27 11:31",8.1,8.25,8.1,8.25,0.12,+1.48%,0
"2024-03-27 11:32",8.25,8.25,8.21,8.23,-0.02,-0.24%,0
"2024-03-27 11:33",8.24,8.26,8.2,8.2,-0.03,-0.36%,0
"2024-03-27 11:34",8.18,8.18,8.16,8.16,-0.04,-0.49%,0
"2024-03-27 11:35",8.14,8.16,8.14,8.16,0,0.00%,0
"2024-03-27 11:36",8.14,8.15,8.1,8.15,-0.01,-0.12%,0
"2024-03-27 11:37",8.15,8.15,8.1,8.1,-0.05,-0.61%,0
"2024-03-27 11:38",8.07,8.07,8.03,8.03,-0.07,-0.86%,0
"2024-03-27 11:39",8.06,8.07,8.05,8.05,0.02,+0.25%,0
"2024-03-27 11:40",8.09,8.15,8.09,8.15,0.1,+1.24%,0
"2024-03-27 11:41",8.13,8.16,8.09,8.09,-0.06,-0.74%,0
"2024-03-27 11:42",8.08,8.08,8.07,8.07,-0.02,-0.25%,0
"2024-03-27 11:43",8.07,8.1,8.04,8.04,-0.03,-0.37%,0
"2024-03-27 11:44",8.04,8.07,8.04,8.07,0.03,+0.37%,0
"2024-03-27 11:45",8.07,8.11,8.07,8.11,0.04,+0.50%,0
"2024-03-27 11:46",8.15,8.16,8.12,8.12,0.01,+0.12%,0
"2024-03-27 11:47",8.16,8.16,8.12,8.12,0,0.00%,0
"2024-03-27 11:48",8.09,8.11,8.08,8.08,-0.04,-0.49%,0
"2024-03-27 11:49",8.07,8.12,8.07,8.11,0.03,+0.37%,0
"2024-03-27 11:50",8.12,8.13,8.1,8.1,-0.01,-0.12%,0
"2024-03-27 11:51",8.08,8.12,8.08,8.12,0.02,+0.25%,0
"2024-03-27 11:52",8.15,8.16,8.15,8.16,0.04,+0.49%,0
"2024-03-27 11:53",8.15,8.17,8.14,8.16,0,0.00%,0
"2024-03-27 11:54",8.14,8.16,8.14,8.16,0,0.00%,0
"2024-03-27 11:55",8.15,8.16,8.1,8.1,-0.06,-0.74%,0
"2024-03-27 11:56",8.09,8.1,8.09,8.09,-0.01,-0.12%,0
"2024-03-27 11:57",8.09,8.15,8.09,8.15,0.06,+0.74%,0
"2024-03-27 11:58",8.18,8.23,8.18,8.23,0.08,+0.98%,0
"2024-03-27 11:59",8.24,8.28,8.24,8.28,0.05,+0.61%,0
"2024-03-27 12:00",8.32,8.36,8.32,8.34,0.06,+0.72%,0
"2024-03-27 12:01",8.25,8.27,8.25,8.27,-0.07,-0.84%,0
"2024-03-27 12:02",8.27,8.28,8.27,8.27,0,0.00%,0
"2024-03-27 12:03",8.28,8.3,8.27,8.3,0.03,+0.36%,0
"2024-03-27 12:04",8.31,8.31,8.29,8.29,-0.01,-0.12%,0
"2024-03-27 12:05",8.29,8.33,8.29,8.33,0.04,+0.48%,0
"2024-03-27 12:06",8.31,8.31,8.27,8.27,-0.06,-0.72%,0
"2024-03-27 12:07",8.23,8.25,8.23,8.25,-0.02,-0.24%,0
"2024-03-27 12:08",8.25,8.28,8.25,8.28,0.03,+0.36%,0
"2024-03-27 12:09",8.28,8.29,8.28,8.29,0.01,+0.12%,0
"2024-03-27 12:10",8.29,8.3,8.29,8.29,0,0.00%,0
"2024-03-27 12:11",8.28,8.32,8.28,8.3,0.01,+0.12%,0
"2024-03-27 12:12",8.3,8.32,8.3,8.32,0.02,+0.24%,0
"2024-03-27 12:13",8.33,8.34,8.31,8.34,0.02,+0.24%,0
"2024-03-27 12:14",8.35,8.36,8.3,8.3,-0.04,-0.48%,0
"2024-03-27 12:15",8.29,8.29,8.28,8.29,-0.01,-0.12%,0
"2024-03-27 12:16",8.31,8.35,8.31,8.35,0.06,+0.72%,0
"2024-03-27 12:17",8.34,8.34,8.32,8.34,-0.01,-0.12%,0
"2024-03-27 12:18",8.36,8.36,8.34,8.34,0,0.00%,0
"2024-03-27 12:19",8.32,8.34,8.32,8.34,0,0.00%,0
"2024-03-27 12:20",8.33,8.35,8.33,8.35,0.01,+0.12%,0
"2024-03-27 12:21",8.35,8.35,8.29,8.31,-0.04,-0.48%,0
"2024-03-27 12:22",8.32,8.32,8.3,8.3,-0.01,-0.12%,0
"2024-03-27 12:23",8.31,8.32,8.31,8.31,0.01,+0.12%,0
"2024-03-27 12:24",8.3,8.3,8.27,8.27,-0.04,-0.48%,0
"2024-03-27 12:25",8.24,8.33,8.24,8.33,0.06,+0.73%,0
"2024-03-27 12:26",8.32,8.34,8.31,8.34,0.01,+0.12%,0
"2024-03-27 12:27",8.34,8.36,8.34,8.35,0.01,+0.12%,0
"2024-03-27 12:28",8.33,8.36,8.33,8.35,0,0.00%,0
"2024-03-27 12:29",8.33,8.33,8.31,8.33,-0.02,-0.24%,0
"2024-03-27 12:30",8.32,8.32,8.23,8.25,-0.08,-0.96%,0
"2024-03-27 12:31",8.27,8.27,8.25,8.27,0.02,+0.24%,0
"2024-03-27 12:32",8.3,8.3,8.25,8.27,0,0.00%,0
"2024-03-27 12:33",8.29,8.33,8.29,8.33,0.06,+0.73%,0
"2024-03-27 12:34",8.34,8.35,8.34,8.34,0.01,+0.12%,0
"2024-03-27 12:35",8.33,8.36,8.33,8.35,0.01,+0.12%,0
"2024-03-27 12:36",8.36,8.37,8.34,8.37,0.02,+0.24%,0
"2024-03-27 12:37",8.38,8.38,8.37,8.37,0,0.00%,0
"2024-03-27 12:38",8.36,8.38,8.36,8.38,0.01,+0.12%,0
"2024-03-27 12:39",8.4,8.43,8.4,8.41,0.03,+0.36%,0
"2024-03-27 12:40",8.4,8.4,8.37,8.37,-0.04,-0.48%,0
"2024-03-27 12:41",8.36,8.43,8.36,8.43,0.06,+0.72%,0
"2024-03-27 12:42",8.43,8.44,8.43,8.43,0,0.00%,0
"2024-03-27 12:43",8.42,8.43,8.41,8.41,-0.02,-0.24%,0
"2024-03-27 12:44",8.42,8.46,8.42,8.46,0.05,+0.59%,0
"2024-03-27 12:45",8.45,8.45,8.41,8.41,-0.05,-0.59%,0
"2024-03-27 12:46",8.41,8.44,8.41,8.44,0.03,+0.36%,0
"2024-03-27 12:47",8.43,8.44,8.42,8.44,0,0.00%,0
"2024-03-27 12:48",8.43,8.49,8.43,8.49,0.05,+0.59%,0
"2024-03-27 12:49",8.47,8.48,8.47,8.48,-0.01,-0.12%,0
"2024-03-27 12:50",8.49,8.51,8.48,8.48,0,0.00%,0
"2024-03-27 12:51",8.46,8.49,8.45,8.45,-0.03,-0.35%,0
"2024-03-27 12:52",8.44,8.46,8.44,8.46,0.01,+0.12%,0
"2024-03-27 12:53",8.47,8.49,8.46,8.46,0,0.00%,0
"2024-03-27 12:54",8.45,8.46,8.45,8.45,-0.01,-0.12%,0
"2024-03-27 12:55",8.47,8.51,8.47,8.51,0.06,+0.71%,0
"2024-03-27 12:56",8.5,8.52,8.5,8.5,-0.01,-0.12%,0
"2024-03-27 12:57",8.48,8.49,8.48,8.48,-0.02,-0.24%,0
"2024-03-27 12:58",8.47,8.51,8.47,8.51,0.03,+0.35%,0
"2024-03-27 12:59",8.52,8.52,8.51,8.52,0.01,+0.12%,0
"2024-03-27 13:00",8.54,8.57,8.51,8.57,0.05,+0.59%,0
"2024-03-27 13:01",8.55,8.56,8.51,8.51,-0.06,-0.70%,0
"2024-03-27 13:02",8.49,8.49,8.43,8.43,-0.08,-0.94%,0
"2024-03-27 13:03",8.36,8.4,8.36,8.4,-0.03,-0.36%,0
"2024-03-27 13:04",8.39,8.42,8.39,8.42,0.02,+0.24%,0
"2024-03-27 13:05",8.41,8.46,8.41,8.46,0.04,+0.48%,0
"2024-03-27 13:06",8.47,8.51,8.47,8.49,0.03,+0.35%,0
"2024-03-27 13:07",8.47,8.51,8.47,8.51,0.02,+0.24%,0
"2024-03-27 13:08",8.56,8.56,8.5,8.52,0.01,+0.12%,0
"2024-03-27 13:09",8.51,8.56,8.51,8.54,0.02,+0.23%,0
"2024-03-27 13:10",8.52,8.67,8.52,8.67,0.13,+1.52%,0
"2024-03-27 13:11",8.67,8.67,8.51,8.54,-0.13,-1.50%,0
"2024-03-27 13:12",8.54,8.59,8.54,8.54,0,0.00%,0
"2024-03-27 13:13",8.47,8.47,8.44,8.44,-0.1,-1.17%,0
"2024-03-27 13:14",8.44,8.46,8.44,8.44,0,0.00%,0
"2024-03-27 13:15",8.43,8.46,8.43,8.45,0.01,+0.12%,0
"2024-03-27 13:16",8.46,8.46,8.42,8.42,-0.03,-0.36%,0
"2024-03-27 13:17",8.41,8.44,8.39,8.39,-0.03,-0.36%,0
"2024-03-27 13:18",8.35,8.39,8.34,8.39,0,0.00%,0
"2024-03-27 13:19",8.38,8.38,8.35,8.37,-0.02,-0.24%,0
"2024-03-27 13:20",8.34,8.37,8.34,8.36,-0.01,-0.12%,0
"2024-03-27 13:21",8.39,8.41,8.39,8.41,0.05,+0.60%,0
"2024-03-27 13:22",8.51,8.51,8.48,8.5,0.09,+1.07%,0
"2024-03-27 13:23",8.5,8.58,8.5,8.57,0.07,+0.82%,0
"2024-03-27 13:24",8.56,8.59,8.56,8.58,0.01,+0.12%,0
"2024-03-27 13:25",8.58,8.59,8.58,8.59,0.01,+0.12%,0
"2024-03-27 13:26",8.57,8.57,8.55,8.56,-0.03,-0.35%,0
"2024-03-27 13:27",8.59,8.61,8.59,8.6,0.04,+0.47%,0
"2024-03-27 13:28",8.59,8.59,8.59,8.59,-0.01,-0.12%,0
"2024-03-27 13:29",8.61,8.61,8.56,8.56,-0.03,-0.35%,0
"2024-03-27 13:30",8.59,8.62,8.59,8.62,0.06,+0.70%,0
"2024-03-27 13:31",8.59,8.63,8.57,8.57,-0.05,-0.58%,0
"2024-03-27 13:32",8.58,8.6,8.58,8.6,0.03,+0.35%,0
"2024-03-27 13:33",8.6,8.62,8.6,8.61,0.01,+0.12%,0
"2024-03-27 13:34",8.6,8.62,8.6,8.62,0.01,+0.12%,0
"2024-03-27 13:35",8.62,8.66,8.62,8.66,0.04,+0.46%,0
"2024-03-27 13:36",8.63,8.64,8.62,8.63,-0.03,-0.35%,0
"2024-03-27 13:37",8.63,8.7,8.63,8.7,0.07,+0.81%,0
"2024-03-27 13:38",8.71,8.71,8.7,8.7,0,0.00%,0
"2024-03-27 13:39",8.71,8.75,8.71,8.75,0.05,+0.57%,0
"2024-03-27 13:40",8.74,8.74,8.73,8.73,-0.02,-0.23%,0
"2024-03-27 13:41",8.74,8.77,8.74,8.75,0.02,+0.23%,0
"2024-03-27 13:42",8.73,8.77,8.72,8.76,0.01,+0.11%,0
"2024-03-27 13:43",8.73,8.77,8.73,8.77,0.01,+0.11%,0
"2024-03-27 13:44",8.78,8.83,8.78,8.79,0.02,+0.23%,0
"2024-03-27 13:45",8.78,8.81,8.78,8.81,0.02,+0.23%,0
"2024-03-27 13:46",8.84,8.86,8.82,8.86,0.05,+0.57%,0
"2024-03-27 13:47",8.88,8.9,8.85,8.86,0,0.00%,0
"2024-03-27 13:48",8.87,8.88,8.87,8.87,0.01,+0.11%,0
"2024-03-27 13:49",8.86,8.86,8.84,8.85,-0.02,-0.23%,0
"2024-03-27 13:50",8.86,8.89,8.86,8.89,0.04,+0.45%,0
"2024-03-27 13:51",8.89,8.92,8.89,8.91,0.02,+0.22%,0
"2024-03-27 13:52",8.91,8.93,8.91,8.92,0.01,+0.11%,0
"2024-03-27 13:53",8.89,8.93,8.89,8.92,0,0.00%,0
"2024-03-27 13:54",8.91,8.94,8.91,8.94,0.02,+0.22%,0
"2024-03-27 13:55",8.95,8.97,8.94,8.94,0,0.00%,0
"2024-03-27 13:56",8.92,9.03,8.92,9.03,0.09,+1.01%,0
"2024-03-27 13:57",9.02,9.02,9.02,9.02,-0.01,-0.11%,0
"2024-03-27 13:58",9.02,9.02,9.01,9.01,-0.01,-0.11%,0
"2024-03-27 13:59",9.01,9.02,9.01,9.02,0.01,+0.11%,0
"2024-03-27 14:00",9,9.04,8.99,9.04,0.02,+0.22%,0
"2024-03-27 14:01",9.03,9.03,8.98,8.98,-0.06,-0.66%,0
"2024-03-27 14:02",8.99,9.03,8.99,9.02,0.04,+0.45%,0
"2024-03-27 14:03",9.04,9.11,9.04,9.11,0.09,+1.00%,0
"2024-03-27 14:04",9.08,9.08,9.06,9.06,-0.05,-0.55%,0
"2024-03-27 14:05",9.09,9.09,9.07,9.08,0.02,+0.22%,0
"2024-03-27 14:06",9.06,9.11,9.06,9.11,0.03,+0.33%,0
"2024-03-27 14:07",9.12,9.14,9.12,9.13,0.02,+0.22%,0
"2024-03-27 14:08",9.15,9.15,9.14,9.15,0.02,+0.22%,0
"2024-03-27 14:09",9.14,9.14,9.09,9.11,-0.04,-0.44%,0
"2024-03-27 14:10",9.13,9.16,9.13,9.16,0.05,+0.55%,0
"2024-03-27 14:11",9.16,9.18,9.15,9.15,-0.01,-0.11%,0
"2024-03-27 14:12",9.12,9.15,9.12,9.15,0,0.00%,0
"2024-03-27 14:13",9.14,9.14,9.1,9.1,-0.05,-0.55%,0
"2024-03-27 14:14",9.06,9.06,9.04,9.05,-0.05,-0.55%,0
"2024-03-27 14:15",9.02,9.03,9.02,9.03,-0.02,-0.22%,0
"2024-03-27 14:16",9.03,9.03,8.98,8.99,-0.04,-0.44%,0
"2024-03-27 14:17",8.93,8.93,8.88,8.88,-0.11,-1.22%,0
"2024-03-27 14:18",8.86,8.91,8.86,8.86,-0.02,-0.23%,0
"2024-03-27 14:19",8.88,8.94,8.88,8.94,0.08,+0.90%,0
"2024-03-27 14:20",8.93,8.95,8.93,8.94,0,0.00%,0
"2024-03-27 14:21",8.96,8.97,8.95,8.96,0.02,+0.22%,0
"2024-03-27 14:22",8.97,8.98,8.96,8.96,0,0.00%,0
"2024-03-27 14:23",8.97,8.97,8.97,8.97,0.01,+0.11%,0
"2024-03-27 14:24",8.97,8.99,8.97,8.99,0.02,+0.22%,0
"2024-03-27 14:25",9.01,9.02,9.01,9.01,0.02,+0.22%,0
"2024-03-27 14:26",8.99,9.01,8.99,9.01,0,0.00%,0
"2024-03-27 14:27",9.03,9.13,9.03,9.13,0.12,+1.33%,0
"2024-03-27 14:28",9.14,9.14,9.01,9.01,-0.12,-1.31%,0
"2024-03-27 14:29",8.99,9,8.98,8.98,-0.03,-0.33%,0
"2024-03-27 14:30",8.95,8.95,8.91,8.92,-0.06,-0.67%,0
"2024-03-27 14:31",8.9,8.91,8.89,8.89,-0.03,-0.34%,0
"2024-03-27 14:32",8.9,8.92,8.9,8.92,0.03,+0.34%,0
"2024-03-27 14:33",8.93,8.95,8.92,8.93,0.01,+0.11%,0
"2024-03-27 14:34",8.95,9.01,8.95,8.98,0.05,+0.56%,0
"2024-03-27 14:35",8.98,8.99,8.97,8.97,-0.01,-0.11%,0
"2024-03-27 14:36",8.97,8.99,8.97,8.98,0.01,+0.11%,0
"2024-03-27 14:37",8.98,9,8.98,9,0.02,+0.22%,0
"2024-03-27 14:38",8.98,8.98,8.95,8.95,-0.05,-0.56%,0
"2024-03-27 14:39",8.93,8.94,8.92,8.92,-0.03,-0.34%,0
"2024-03-27 14:40",8.91,8.91,8.89,8.89,-0.03,-0.34%,0
"2024-03-27 14:41",8.87,8.87,8.86,8.86,-0.03,-0.34%,0
"2024-03-27 14:42",8.83,8.86,8.83,8.84,-0.02,-0.23%,0
"2024-03-27 14:43",8.84,8.84,8.79,8.79,-0.05,-0.57%,0
"2024-03-27 14:44",8.78,8.8,8.77,8.79,0,0.00%,0
"2024-03-27 14:45",8.82,8.82,8.82,8.82,0.03,+0.34%,0
"2024-03-27 14:46",8.83,8.84,8.81,8.82,0,0.00%,0
"2024-03-27 14:47",8.82,8.82,8.8,8.8,-0.02,-0.23%,0
"2024-03-27 14:48",8.79,8.82,8.79,8.81,0.01,+0.11%,0
"2024-03-27 14:49",8.82,8.95,8.82,8.95,0.14,+1.59%,0
"2024-03-27 14:50",8.93,8.95,8.93,8.95,0,0.00%,0
"2024-03-27 14:51",8.95,8.95,8.92,8.92,-0.03,-0.34%,0
"2024-03-27 14:52",8.92,8.95,8.92,8.95,0.03,+0.34%,0
"2024-03-27 14:53",8.96,8.98,8.96,8.97,0.02,+0.22%,0
"2024-03-27 14:54",8.94,8.99,8.94,8.99,0.02,+0.22%,0
"2024-03-27 14:55",8.99,9.02,8.99,9.02,0.03,+0.33%,0
"2024-03-27 14:56",9.03,9.03,9.01,9.01,-0.01,-0.11%,0
"2024-03-27 14:57",9.02,9.02,8.98,8.98,-0.03,-0.33%,0
"2024-03-27 14:58",9.01,9.05,9.01,9.03,0.05,+0.56%,0
"2024-03-27 14:59",9.03,9.04,9,9,-0.03,-0.33%,0
"2024-03-27 15:00",9,9,8.93,8.93,-0.07,-0.78%,0
"2024-03-27 15:01",8.94,8.98,8.94,8.98,0.05,+0.56%,0
"2024-03-27 15:02",8.94,9,8.94,9,0.02,+0.22%,0
"2024-03-27 15:03",9.03,9.05,9.03,9.05,0.05,+0.56%,0
"2024-03-27 15:04",9.05,9.06,9.03,9.06,0.01,+0.11%,0
"2024-03-27 15:05",9.08,9.1,9.08,9.09,0.03,+0.33%,0
"2024-03-27 15:06",9.09,9.1,9.06,9.06,-0.03,-0.33%,0
"2024-03-27 15:07",9.05,9.06,9.05,9.05,-0.01,-0.11%,0
"2024-03-27 15:08",9.02,9.03,9.01,9.01,-0.04,-0.44%,0
"2024-03-27 15:09",9.03,9.18,9.03,9.18,0.17,+1.89%,0
"2024-03-27 15:10",9.2,9.35,9.2,9.35,0.17,+1.85%,0
"2024-03-27 15:11",9.6,9.6,9.55,9.55,0.2,+2.14%,0
"2024-03-27 15:12",9.57,9.58,9.49,9.51,-0.04,-0.42%,0
"2024-03-27 15:13",9.49,9.49,9.32,9.32,-0.19,-2.00%,0
"2024-03-27 15:14",9.31,9.31,9.25,9.25,-0.07,-0.75%,0
"2024-03-27 15:15",9.28,9.33,9.28,9.31,0.06,+0.65%,0
"2024-03-27 15:16",9.32,9.35,9.29,9.29,-0.02,-0.21%,0
"2024-03-27 15:17",9.34,9.37,9.34,9.37,0.08,+0.86%,0
"2024-03-27 15:18",9.37,9.49,9.37,9.49,0.12,+1.28%,0
"2024-03-27 15:19",9.52,9.52,9.47,9.48,-0.01,-0.11%,0
"2024-03-27 15:20",9.45,9.47,9.42,9.42,-0.06,-0.63%,0
"2024-03-27 15:21",9.42,9.46,9.36,9.36,-0.06,-0.64%,0
"2024-03-27 15:22",9.36,9.37,9.34,9.37,0.01,+0.11%,0
"2024-03-27 15:23",9.41,9.42,9.39,9.39,0.02,+0.21%,0
"2024-03-27 15:24",9.4,9.42,9.4,9.42,0.03,+0.32%,0
"2024-03-27 15:25",9.38,9.41,9.37,9.39,-0.03,-0.32%,0
"2024-03-27 15:26",9.38,9.4,9.37,9.37,-0.02,-0.21%,0
"2024-03-27 15:27",9.38,9.42,9.34,9.34,-0.03,-0.32%,0
"2024-03-27 15:28",9.32,9.32,9.26,9.29,-0.05,-0.54%,0
"2024-03-27 15:29",9.33,9.36,9.31,9.36,0.07,+0.75%,0
"2024-03-27 15:30",9.39,9.39,9.36,9.36,0,0.00%,0
"2024-03-27 15:31",9.36,9.4,9.33,9.4,0.04,+0.43%,0
"2024-03-27 15:32",9.37,9.37,9.34,9.34,-0.06,-0.64%,0
"2024-03-27 15:33",9.35,9.37,9.34,9.37,0.03,+0.32%,0
"2024-03-27 15:34",9.37,9.43,9.37,9.43,0.06,+0.64%,0
"2024-03-27 15:35",9.43,9.43,9.4,9.43,0,0.00%,0
"2024-03-27 15:36",9.43,9.44,9.38,9.38,-0.05,-0.53%,0
"2024-03-27 15:37",9.36,9.42,9.36,9.41,0.03,+0.32%,0
"2024-03-27 15:38",9.42,9.43,9.37,9.37,-0.04,-0.43%,0
"2024-03-27 15:39",9.33,9.45,9.31,9.45,0.08,+0.85%,0
"2024-03-27 15:40",9.47,9.47,9.4,9.4,-0.05,-0.53%,0
"2024-03-27 15:41",9.38,9.39,9.28,9.28,-0.12,-1.28%,0
"2024-03-27 15:42",9.29,9.29,9.2,9.21,-0.07,-0.75%,0
"2024-03-27 15:43",9.26,9.32,9.26,9.32,0.11,+1.19%,0
"2024-03-27 15:44",9.27,9.27,9.22,9.22,-0.1,-1.07%,0
"2024-03-27 15:45",9.24,9.24,9.2,9.2,-0.02,-0.22%,0
"2024-03-27 15:46",9.21,9.25,9.16,9.16,-0.04,-0.43%,0
"2024-03-27 15:47",9.16,9.18,9.15,9.18,0.02,+0.22%,0
"2024-03-27 15:48",9.19,9.26,9.19,9.21,0.03,+0.33%,0
"2024-03-27 15:49",9.2,9.22,9.18,9.18,-0.03,-0.33%,0
"2024-03-27 15:50",9.2,9.2,9.06,9.06,-0.12,-1.31%,0
"2024-03-27 15:51",9.07,9.15,9.07,9.15,0.09,+0.99%,0
"2024-03-27 15:52",9.13,9.23,9.13,9.15,0,0.00%,0
"2024-03-27 15:53",9.13,9.17,9.13,9.17,0.02,+0.22%,0
"2024-03-27 15:54",9.17,9.17,9.16,9.17,0,0.00%,0
"2024-03-27 15:55",9.16,9.22,9.12,9.12,-0.05,-0.55%,0
"2024-03-27 15:56",9.09,9.12,9.09,9.1,-0.02,-0.22%,0
"2024-03-27 15:57",9.07,9.24,9.03,9.24,0.14,+1.54%,0
"2024-03-27 15:58",9.25,9.29,9.23,9.23,-0.01,-0.11%,0
"2024-03-27 15:59",9.2,9.23,9.2,9.2,-0.03,-0.33%,0
"2024-03-27 16:00",8.96,8.96,8.82,8.82,-0.38,-4.13%,0
"2024-03-27 16:01",8.96,9.1,8.93,9.1,0.28,+3.17%,0
"2024-03-27 16:02",9.03,9.17,9.03,9.17,0.07,+0.77%,0
"2024-03-27 16:03",9.21,9.29,9.21,9.29,0.12,+1.31%,0
"2024-03-27 16:04",9.26,9.31,9.26,9.26,-0.03,-0.32%,0
"2024-03-27 16:05",9.24,9.32,9.24,9.32,0.06,+0.65%,0
"2024-03-27 16:06",9.26,9.26,9.23,9.25,-0.07,-0.75%,0
"2024-03-27 16:07",9.35,9.35,9.16,9.16,-0.09,-0.97%,0
"2024-03-27 16:08",9.17,9.19,9.13,9.19,0.03,+0.33%,0
"2024-03-27 16:09",9.2,9.25,9.2,9.25,0.06,+0.65%,0
"2024-03-27 16:10",9.24,9.28,9.24,9.28,0.03,+0.32%,0
"2024-03-27 16:11",9.3,9.37,9.3,9.36,0.08,+0.86%,0
"2024-03-27 16:12",9.37,9.4,9.37,9.39,0.03,+0.32%,0
"2024-03-27 16:13",9.38,9.38,9.38,9.38,-0.01,-0.11%,0
"2024-03-27 16:14",9.41,9.42,9.37,9.37,-0.01,-0.11%,0
"2024-03-27 16:15",9.41,9.41,9.41,9.41,0.04,+0.43%,0
"2024-03-28 09:31",7.53,7.53,7.42,7.42,-1.99,-21.15%,0
"2024-03-28 09:32",7.4,7.4,7.34,7.34,-0.08,-1.08%,0
"2024-03-28 09:33",7.3,7.38,7.3,7.38,0.04,+0.54%,0
"2024-03-28 09:34",7.35,7.35,7.34,7.34,-0.04,-0.54%,0
"2024-03-28 09:35",7.37,7.44,7.37,7.39,0.05,+0.68%,0
"2024-03-28 09:36",7.41,7.44,7.38,7.38,-0.01,-0.14%,0
"2024-03-28 09:37",7.35,7.38,7.31,7.31,-0.07,-0.95%,0
"2024-03-28 09:38",7.29,7.29,7.25,7.25,-0.06,-0.82%,0
"2024-03-28 09:39",7.25,7.3,7.25,7.3,0.05,+0.69%,0
"2024-03-28 09:40",7.32,7.34,7.3,7.3,0,0.00%,0
"2024-03-28 09:41",7.3,7.33,7.3,7.33,0.03,+0.41%,0
"2024-03-28 09:42",7.34,7.34,7.32,7.34,0.01,+0.14%,0
"2024-03-28 09:43",7.35,7.45,7.35,7.45,0.11,+1.50%,0
"2024-03-28 09:44",7.46,7.49,7.46,7.49,0.04,+0.54%,0
"2024-03-28 09:45",7.47,7.47,7.43,7.43,-0.06,-0.80%,0
"2024-03-28 09:46",7.42,7.46,7.42,7.45,0.02,+0.27%,0
"2024-03-28 09:47",7.48,7.52,7.48,7.52,0.07,+0.94%,0
"2024-03-28 09:48",7.57,7.61,7.57,7.59,0.07,+0.93%,0
"2024-03-28 09:49",7.58,7.61,7.58,7.58,-0.01,-0.13%,0
"2024-03-28 09:50",7.55,7.59,7.55,7.58,0,0.00%,0
"2024-03-28 09:51",7.58,7.6,7.58,7.6,0.02,+0.26%,0
"2024-03-28 09:52",7.6,7.61,7.59,7.59,-0.01,-0.13%,0
"2024-03-28 09:53",7.59,7.62,7.59,7.62,0.03,+0.40%,0
"2024-03-28 09:54",7.62,7.64,7.62,7.63,0.01,+0.13%,0
"2024-03-28 09:55",7.63,7.63,7.62,7.62,-0.01,-0.13%,0
"2024-03-28 09:56",7.63,7.64,7.61,7.61,-0.01,-0.13%,0
"2024-03-28 09:57",7.61,7.63,7.59,7.59,-0.02,-0.26%,0
"2024-03-28 09:58",7.59,7.61,7.56,7.56,-0.03,-0.40%,0
"2024-03-28 09:59",7.54,7.55,7.52,7.54,-0.02,-0.26%,0
"2024-03-28 10:00",7.54,7.54,7.42,7.42,-0.12,-1.59%,0
"2024-03-28 10:01",7.37,7.43,7.26,7.43,0.01,+0.13%,0
"2024-03-28 10:02",7.47,7.5,7.47,7.5,0.07,+0.94%,0
"2024-03-28 10:03",7.5,7.53,7.5,7.53,0.03,+0.40%,0
"2024-03-28 10:04",7.54,7.61,7.54,7.56,0.03,+0.40%,0
"2024-03-28 10:05",7.53,7.53,7.49,7.49,-0.07,-0.93%,0
"2024-03-28 10:06",7.47,7.51,7.47,7.47,-0.02,-0.27%,0
"2024-03-28 10:07",7.47,7.5,7.47,7.5,0.03,+0.40%,0
"2024-03-28 10:08",7.49,7.6,7.49,7.6,0.1,+1.33%,0
"2024-03-28 10:09",7.6,7.62,7.58,7.58,-0.02,-0.26%,0
"2024-03-28 10:10",7.56,7.65,7.56,7.61,0.03,+0.40%,0
"2024-03-28 10:11",7.62,7.63,7.59,7.6,-0.01,-0.13%,0
"2024-03-28 10:12",7.61,7.64,7.61,7.63,0.03,+0.39%,0
"2024-03-28 10:13",7.6,7.65,7.6,7.64,0.01,+0.13%,0
"2024-03-28 10:14",7.65,7.69,7.63,7.63,-0.01,-0.13%,0
"2024-03-28 10:15",7.62,7.68,7.62,7.68,0.05,+0.66%,0
"2024-03-28 10:16",7.67,7.69,7.66,7.69,0.01,+0.13%,0
"2024-03-28 10:17",7.71,7.74,7.71,7.74,0.05,+0.65%,0
"2024-03-28 10:18",7.72,7.76,7.72,7.76,0.02,+0.26%,0
"2024-03-28 10:19",7.76,7.76,7.75,7.76,0,0.00%,0
"2024-03-28 10:20",7.75,7.8,7.75,7.8,0.04,+0.52%,0
"2024-03-28 10:21",7.8,7.8,7.75,7.78,-0.02,-0.26%,0
"2024-03-28 10:22",7.78,7.78,7.74,7.74,-0.04,-0.51%,0
"2024-03-28 10:23",7.75,7.76,7.75,7.75,0.01,+0.13%,0
"2024-03-28 10:24",7.76,7.77,7.74,7.76,0.01,+0.13%,0
"2024-03-28 10:25",7.75,7.75,7.72,7.73,-0.03,-0.39%,0
"2024-03-28 10:26",7.72,7.75,7.72,7.75,0.02,+0.26%,0
"2024-03-28 10:27",7.75,7.76,7.73,7.73,-0.02,-0.26%,0
"2024-03-28 10:28",7.72,7.72,7.64,7.66,-0.07,-0.91%,0
"2024-03-28 10:29",7.66,7.7,7.66,7.7,0.04,+0.52%,0
"2024-03-28 10:30",7.69,7.71,7.69,7.7,0,0.00%,0
"2024-03-28 10:31",7.69,7.71,7.69,7.71,0.01,+0.13%,0
"2024-03-28 10:32",7.71,7.73,7.71,7.71,0,0.00%,0
"2024-03-28 10:33",7.68,7.71,7.68,7.71,0,0.00%,0
"2024-03-28 10:34",7.72,7.74,7.72,7.74,0.03,+0.39%,0
"2024-03-28 10:35",7.74,7.74,7.73,7.73,-0.01,-0.13%,0
"2024-03-28 10:36",7.72,7.77,7.72,7.72,-0.01,-0.13%,0
"2024-03-28 10:37",7.69,7.72,7.69,7.72,0,0.00%,0
"2024-03-28 10:38",7.72,7.75,7.7,7.7,-0.02,-0.26%,0
"2024-03-28 10:39",7.68,7.73,7.68,7.73,0.03,+0.39%,0
"2024-03-28 10:40",7.73,7.76,7.73,7.76,0.03,+0.39%,0
"2024-03-28 10:41",7.77,7.8,7.77,7.8,0.04,+0.52%,0
"2024-03-28 10:42",7.77,7.8,7.77,7.77,-0.03,-0.38%,0
"2024-03-28 10:43",7.78,7.78,7.75,7.76,-0.01,-0.13%,0
"2024-03-28 10:44",7.75,7.76,7.75,7.75,-0.01,-0.13%,0
"2024-03-28 10:45",7.75,7.77,7.75,7.77,0.02,+0.26%,0
"2024-03-28 10:46",7.77,7.81,7.77,7.8,0.03,+0.39%,0
"2024-03-28 10:47",7.79,7.85,7.79,7.85,0.05,+0.64%,0
"2024-03-28 10:48",7.84,7.87,7.84,7.86,0.01,+0.13%,0
"2024-03-28 10:49",7.84,7.86,7.84,7.85,-0.01,-0.13%,0
"2024-03-28 10:50",7.85,7.87,7.85,7.85,0,0.00%,0
"2024-03-28 10:51",7.85,7.85,7.82,7.83,-0.02,-0.25%,0
"2024-03-28 10:52",7.84,7.85,7.84,7.85,0.02,+0.26%,0
"2024-03-28 10:53",7.84,7.89,7.84,7.88,0.03,+0.38%,0
"2024-03-28 10:54",7.87,7.89,7.87,7.89,0.01,+0.13%,0
"2024-03-28 10:55",7.89,7.92,7.88,7.88,-0.01,-0.13%,0
"2024-03-28 10:56",7.89,7.92,7.89,7.91,0.03,+0.38%,0
"2024-03-28 10:57",7.91,7.92,7.91,7.91,0,0.00%,0
"2024-03-28 10:58",7.92,7.96,7.92,7.95,0.04,+0.51%,0
"2024-03-28 10:59",7.95,7.99,7.95,7.97,0.02,+0.25%,0
"2024-03-28 11:00",7.99,7.99,7.95,7.95,-0.02,-0.25%,0
"2024-03-28 11:01",7.93,7.97,7.93,7.97,0.02,+0.25%,0
"2024-03-28 11:02",7.96,8,7.96,8,0.03,+0.38%,0
"2024-03-28 11:03",8.02,8.05,8.02,8.02,0.02,+0.25%,0
"2024-03-28 11:04",7.99,8,7.98,7.98,-0.04,-0.50%,0
"2024-03-28 11:05",7.97,7.99,7.97,7.97,-0.01,-0.13%,0
"2024-03-28 11:06",7.96,7.99,7.96,7.97,0,0.00%,0
"2024-03-28 11:07",8.01,8.11,8.01,8.11,0.14,+1.76%,0
"2024-03-28 11:08",8.11,8.16,8.11,8.12,0.01,+0.12%,0
"2024-03-28 11:09",8.12,8.12,8.09,8.09,-0.03,-0.37%,0
"2024-03-28 11:10",8.08,8.12,8.08,8.11,0.02,+0.25%,0
"2024-03-28 11:11",8.12,8.12,8.1,8.11,0,0.00%,0
"2024-03-28 11:12",8.12,8.12,8.11,8.12,0.01,+0.12%,0
"2024-03-28 11:13",8.11,8.11,8.1,8.1,-0.02,-0.25%,0
"2024-03-28 11:14",8.08,8.11,8.08,8.09,-0.01,-0.12%,0
"2024-03-28 11:15",8.09,8.09,8.08,8.09,0,0.00%,0
"2024-03-28 11:16",8.09,8.14,8.09,8.13,0.04,+0.49%,0
"2024-03-28 11:17",8.11,8.13,8.11,8.13,0,0.00%,0
"2024-03-28 11:18",8.13,8.18,8.13,8.18,0.05,+0.62%,0
"2024-03-28 11:19",8.17,8.17,8.13,8.14,-0.04,-0.49%,0
"2024-03-28 11:20",8.17,8.2,8.17,8.19,0.05,+0.61%,0
"2024-03-28 11:21",8.19,8.21,8.19,8.2,0.01,+0.12%,0
"2024-03-28 11:22",8.21,8.23,8.18,8.18,-0.02,-0.24%,0
"2024-03-28 11:23",8.18,8.2,8.18,8.2,0.02,+0.24%,0
"2024-03-28 11:24",8.19,8.2,8.19,8.2,0,0.00%,0
"2024-03-28 11:25",8.2,8.22,8.19,8.19,-0.01,-0.12%,0
"2024-03-28 11:26",8.19,8.2,8.17,8.17,-0.02,-0.24%,0
"2024-03-28 11:27",8.13,8.16,8.13,8.16,-0.01,-0.12%,0
"2024-03-28 11:28",8.15,8.17,8.14,8.14,-0.02,-0.25%,0
"2024-03-28 11:29",8.14,8.16,8.14,8.16,0.02,+0.25%,0
"2024-03-28 11:30",8.17,8.17,8.15,8.15,-0.01,-0.12%,0
"2024-03-28 11:31",8.12,8.14,8.12,8.12,-0.03,-0.37%,0
"2024-03-28 11:32",8.13,8.16,8.13,8.13,0.01,+0.12%,0
"2024-03-28 11:33",8.14,8.19,8.13,8.13,0,0.00%,0
"2024-03-28 11:34",8.11,8.15,8.11,8.13,0,0.00%,0
"2024-03-28 11:35",8.11,8.13,8.11,8.12,-0.01,-0.12%,0
"2024-03-28 11:36",8.12,8.13,8.11,8.11,-0.01,-0.12%,0
"2024-03-28 11:37",8.09,8.09,8.06,8.08,-0.03,-0.37%,0
"2024-03-28 11:38",8.07,8.09,8.07,8.08,0,0.00%,0
"2024-03-28 11:39",8.09,8.12,8.09,8.12,0.04,+0.50%,0
"2024-03-28 11:40",8.08,8.09,8.07,8.07,-0.05,-0.62%,0
"2024-03-28 11:41",8.07,8.1,8.07,8.08,0.01,+0.12%,0
"2024-03-28 11:42",8.07,8.08,8.06,8.06,-0.02,-0.25%,0
"2024-03-28 11:43",8.07,8.12,8.07,8.12,0.06,+0.74%,0
"2024-03-28 11:44",8.13,8.16,8.13,8.16,0.04,+0.49%,0
"2024-03-28 11:45",8.15,8.16,8.15,8.15,-0.01,-0.12%,0
"2024-03-28 11:46",8.13,8.14,8.13,8.13,-0.02,-0.25%,0
"2024-03-28 11:47",8.12,8.15,8.12,8.14,0.01,+0.12%,0
"2024-03-28 11:48",8.13,8.13,8.07,8.07,-0.07,-0.86%,0
"2024-03-28 11:49",8.06,8.07,8.04,8.04,-0.03,-0.37%,0
"2024-03-28 11:50",8.04,8.06,8.04,8.05,0.01,+0.12%,0
"2024-03-28 11:51",8.06,8.07,8.06,8.06,0.01,+0.12%,0
"2024-03-28 11:52",8.06,8.07,8.06,8.07,0.01,+0.12%,0
"2024-03-28 11:53",8.08,8.1,8.08,8.1,0.03,+0.37%,0
"2024-03-28 11:54",8.11,8.14,8.11,8.14,0.04,+0.49%,0
"2024-03-28 11:55",8.14,8.16,8.14,8.15,0.01,+0.12%,0
"2024-03-28 11:56",8.15,8.17,8.15,8.15,0,0.00%,0
"2024-03-28 11:57",8.16,8.17,8.16,8.16,0.01,+0.12%,0
"2024-03-28 11:58",8.15,8.16,8.15,8.16,0,0.00%,0
"2024-03-28 11:59",8.15,8.19,8.15,8.19,0.03,+0.37%,0
"2024-03-28 12:00",8.19,8.22,8.19,8.22,0.03,+0.37%,0
"2024-03-28 12:01",8.21,8.23,8.21,8.23,0.01,+0.12%,0
"2024-03-28 12:02",8.24,8.28,8.24,8.28,0.05,+0.61%,0
"2024-03-28 12:03",8.27,8.29,8.27,8.28,0,0.00%,0
"2024-03-28 12:04",8.29,8.29,8.29,8.29,0.01,+0.12%,0
"2024-03-28 12:05",8.29,8.31,8.29,8.3,0.01,+0.12%,0
"2024-03-28 12:06",8.31,8.36,8.31,8.36,0.06,+0.72%,0
"2024-03-28 12:07",8.42,8.45,8.42,8.44,0.08,+0.96%,0
"2024-03-28 12:08",8.39,8.43,8.39,8.41,-0.03,-0.36%,0
"2024-03-28 12:09",8.41,8.43,8.34,8.43,0.02,+0.24%,0
"2024-03-28 12:10",8.43,8.45,8.43,8.45,0.02,+0.24%,0
"2024-03-28 12:11",8.46,8.46,8.46,8.46,0.01,+0.12%,0
"2024-03-28 12:12",8.47,8.48,8.47,8.48,0.02,+0.24%,0
"2024-03-28 12:13",8.48,8.52,8.48,8.52,0.04,+0.47%,0
"2024-03-28 12:14",8.53,8.53,8.52,8.53,0.01,+0.12%,0
"2024-03-28 12:15",8.54,8.61,8.54,8.61,0.08,+0.94%,0
"2024-03-28 12:16",8.58,8.63,8.58,8.62,0.01,+0.12%,0
"2024-03-28 12:17",8.61,8.61,8.61,8.61,-0.01,-0.12%,0
"2024-03-28 12:18",8.6,8.66,8.6,8.65,0.04,+0.46%,0
"2024-03-28 12:19",8.66,8.68,8.66,8.68,0.03,+0.35%,0
"2024-03-28 12:20",8.68,8.68,8.67,8.67,-0.01,-0.12%,0
"2024-03-28 12:21",8.67,8.69,8.67,8.69,0.02,+0.23%,0
"2024-03-28 12:22",8.68,8.71,8.68,8.71,0.02,+0.23%,0
"2024-03-28 12:23",8.72,8.73,8.72,8.73,0.02,+0.23%,0
"2024-03-28 12:24",8.75,8.76,8.75,8.76,0.03,+0.34%,0
"2024-03-28 12:25",8.76,8.79,8.76,8.77,0.01,+0.11%,0
"2024-03-28 12:26",8.77,8.79,8.73,8.73,-0.04,-0.46%,0
"2024-03-28 12:27",8.72,8.74,8.66,8.74,0.01,+0.11%,0
"2024-03-28 12:28",8.76,8.8,8.76,8.8,0.06,+0.69%,0
"2024-03-28 12:29",8.78,8.79,8.75,8.75,-0.05,-0.57%,0
"2024-03-28 12:30",8.75,8.79,8.75,8.79,0.04,+0.46%,0
"2024-03-28 12:31",8.79,8.83,8.79,8.83,0.04,+0.46%,0
"2024-03-28 12:32",8.83,8.88,8.83,8.88,0.05,+0.57%,0
"2024-03-28 12:33",8.85,8.85,8.84,8.84,-0.04,-0.45%,0
"2024-03-28 12:34",8.86,8.91,8.86,8.89,0.05,+0.57%,0
"2024-03-28 12:35",8.89,8.92,8.89,8.92,0.03,+0.34%,0
"2024-03-28 12:36",8.92,8.95,8.92,8.95,0.03,+0.34%,0
"2024-03-28 12:37",8.95,8.97,8.94,8.95,0,0.00%,0
"2024-03-28 12:38",8.92,9,8.92,9,0.05,+0.56%,0
"2024-03-28 12:39",9.05,9.09,9.05,9.08,0.08,+0.89%,0
"2024-03-28 12:40",9.06,9.1,9.06,9.1,0.02,+0.22%,0
"2024-03-28 12:41",9.1,9.1,9.03,9.05,-0.05,-0.55%,0
"2024-03-28 12:42",9.06,9.07,9.05,9.05,0,0.00%,0
"2024-03-28 12:43",9.01,9.04,9.01,9.04,-0.01,-0.11%,0
"2024-03-28 12:44",9.05,9.05,9.04,9.04,0,0.00%,0
"2024-03-28 12:45",9.07,9.08,9.05,9.08,0.04,+0.44%,0
"2024-03-28 12:46",9.09,9.11,9.09,9.09,0.01,+0.11%,0
"2024-03-28 12:47",9.08,9.11,9.08,9.1,0.01,+0.11%,0
"2024-03-28 12:48",9.09,9.13,9.09,9.11,0.01,+0.11%,0
"2024-03-28 12:49",9.11,9.18,9.11,9.18,0.07,+0.77%,0
"2024-03-28 12:50",9.17,9.17,9.16,9.17,-0.01,-0.11%,0
"2024-03-28 12:51",9.15,9.19,9.15,9.18,0.01,+0.11%,0
"2024-03-28 12:52",9.16,9.19,9.16,9.19,0.01,+0.11%,0
"2024-03-28 12:53",9.18,9.19,9.16,9.18,-0.01,-0.11%,0
"2024-03-28 12:54",9.17,9.18,9.17,9.18,0,0.00%,0
"2024-03-28 12:55",9.18,9.2,9.18,9.2,0.02,+0.22%,0
"2024-03-28 12:56",9.21,9.24,9.21,9.21,0.01,+0.11%,0
"2024-03-28 12:57",9.21,9.23,9.21,9.23,0.02,+0.22%,0
"2024-03-28 12:58",9.23,9.31,9.23,9.31,0.08,+0.87%,0
"2024-03-28 12:59",9.29,9.3,9.28,9.29,-0.02,-0.21%,0
"2024-03-28 13:00",9.25,9.28,9.25,9.28,-0.01,-0.11%,0
"2024-03-28 13:01",9.3,9.33,9.3,9.33,0.05,+0.54%,0
"2024-03-28 13:02",9.33,9.35,9.3,9.3,-0.03,-0.32%,0
"2024-03-28 13:03",9.28,9.31,9.28,9.29,-0.01,-0.11%,0
"2024-03-28 13:04",9.26,9.31,9.26,9.31,0.02,+0.22%,0
"2024-03-28 13:05",9.32,9.32,9.26,9.26,-0.05,-0.54%,0
"2024-03-28 13:06",9.26,9.28,9.26,9.26,0,0.00%,0
"2024-03-28 13:07",9.25,9.28,9.25,9.27,0.01,+0.11%,0
"2024-03-28 13:08",9.26,9.29,9.26,9.29,0.02,+0.22%,0
"2024-03-28 13:09",9.28,9.29,9.28,9.29,0,0.00%,0
"2024-03-28 13:10",9.31,9.32,9.31,9.32,0.03,+0.32%,0
"2024-03-28 13:11",9.32,9.38,9.32,9.38,0.06,+0.64%,0
"2024-03-28 13:12",9.39,9.43,9.39,9.43,0.05,+0.53%,0
"2024-03-28 13:13",9.47,9.47,9.44,9.44,0.01,+0.11%,0
"2024-03-28 13:14",9.43,9.48,9.43,9.48,0.04,+0.42%,0
"2024-03-28 13:15",9.49,9.51,9.49,9.51,0.03,+0.32%,0
"2024-03-28 13:16",9.51,9.55,9.51,9.55,0.04,+0.42%,0
"2024-03-28 13:17",9.56,9.59,9.56,9.59,0.04,+0.42%,0
"2024-03-28 13:18",9.6,9.6,9.57,9.58,-0.01,-0.10%,0
"2024-03-28 13:19",9.56,9.58,9.56,9.56,-0.02,-0.21%,0
"2024-03-28 13:20",9.54,9.55,9.53,9.55,-0.01,-0.10%,0
"2024-03-28 13:21",9.56,9.6,9.56,9.59,0.04,+0.42%,0
"2024-03-28 13:22",9.59,9.63,9.59,9.63,0.04,+0.42%,0
"2024-03-28 13:23",9.64,9.67,9.64,9.66,0.03,+0.31%,0
"2024-03-28 13:24",9.67,9.68,9.67,9.68,0.02,+0.21%,0
"2024-03-28 13:25",9.75,9.8,9.75,9.78,0.1,+1.03%,0
"2024-03-28 13:26",9.79,9.8,9.79,9.8,0.02,+0.20%,0
"2024-03-28 13:27",9.8,9.8,9.79,9.8,0,0.00%,0
"2024-03-28 13:28",9.79,9.84,9.79,9.84,0.04,+0.41%,0
"2024-03-28 13:29",9.84,9.87,9.83,9.87,0.03,+0.30%,0
"2024-03-28 13:30",9.92,9.95,9.92,9.95,0.08,+0.81%,0
"2024-03-28 13:31",9.96,9.97,9.89,9.89,-0.06,-0.60%,0
"2024-03-28 13:32",9.94,9.94,9.92,9.92,0.03,+0.30%,0
"2024-03-28 13:33",9.93,9.94,9.91,9.91,-0.01,-0.10%,0
"2024-03-28 13:34",9.92,9.95,9.92,9.95,0.04,+0.40%,0
"2024-03-28 13:35",9.95,9.95,9.92,9.94,-0.01,-0.10%,0
"2024-03-28 13:36",9.94,9.94,9.91,9.91,-0.03,-0.30%,0
"2024-03-28 13:37",9.91,9.93,9.91,9.93,0.02,+0.20%,0
"2024-03-28 13:38",9.92,9.93,9.92,9.93,0,0.00%,0
"2024-03-28 13:39",9.92,9.96,9.9,9.96,0.03,+0.30%,0
"2024-03-28 13:40",9.96,10,9.96,9.97,0.01,+0.10%,0
"2024-03-28 13:41",9.99,10,9.97,10,0.03,+0.30%,0
"2024-03-28 13:42",10,10.04,10,10,0,0.00%,0
"2024-03-28 13:43",9.98,10.04,9.98,9.99,-0.01,-0.10%,0
"2024-03-28 13:44",9.98,10.01,9.98,10,0.01,+0.10%,0
"2024-03-28 13:45",9.99,10.02,9.99,10.02,0.02,+0.20%,0
"2024-03-28 13:46",10.02,10.02,9.98,9.98,-0.04,-0.40%,0
"2024-03-28 13:47",9.99,10.02,9.99,10.01,0.03,+0.30%,0
"2024-03-28 13:48",10.01,10.03,10.01,10.02,0.01,+0.10%,0
"2024-03-28 13:49",10.02,10.07,10.02,10.05,0.03,+0.30%,0
"2024-03-28 13:50",10.04,10.07,10.04,10.05,0,0.00%,0
"2024-03-28 13:51",10.05,10.12,10.04,10.12,0.07,+0.70%,0
"2024-03-28 13:52",10.1,10.11,10.08,10.08,-0.04,-0.40%,0
"2024-03-28 13:53",10.06,10.15,10.06,10.15,0.07,+0.69%,0
"2024-03-28 13:54",10.16,10.16,10.16,10.16,0.01,+0.10%,0
"2024-03-28 13:55",10.15,10.17,10.15,10.17,0.01,+0.10%,0
"2024-03-28 13:56",10.14,10.17,10.14,10.14,-0.03,-0.29%,0
"2024-03-28 13:57",10.13,10.17,10.13,10.17,0.03,+0.30%,0
"2024-03-28 13:58",10.16,10.18,10.16,10.18,0.01,+0.10%,0
"2024-03-28 13:59",10.16,10.21,10.16,10.21,0.03,+0.29%,0
"2024-03-28 14:00",10.21,10.22,10.21,10.22,0.01,+0.10%,0
"2024-03-28 14:01",10.22,10.29,10.22,10.29,0.07,+0.68%,0
"2024-03-28 14:02",10.28,10.28,10.25,10.26,-0.03,-0.29%,0
"2024-03-28 14:03",10.27,10.27,10.27,10.27,0.01,+0.10%,0
"2024-03-28 14:04",10.25,10.25,10.24,10.24,-0.03,-0.29%,0
"2024-03-28 14:05",10.22,10.24,10.17,10.18,-0.06,-0.59%,0
"2024-03-28 14:06",10.14,10.14,10.09,10.1,-0.08,-0.79%,0
"2024-03-28 14:07",10.08,10.1,10.08,10.09,-0.01,-0.10%,0
"2024-03-28 14:08",10.11,10.13,10.09,10.13,0.04,+0.40%,0
"2024-03-28 14:09",10.12,10.14,10.12,10.14,0.01,+0.10%,0
"2024-03-28 14:10",10.13,10.15,10.13,10.13,-0.01,-0.10%,0
"2024-03-28 14:11",10.11,10.14,10.11,10.14,0.01,+0.10%,0
"2024-03-28 14:12",10.15,10.16,10.15,10.16,0.02,+0.20%,0
"2024-03-28 14:13",10.2,10.25,10.2,10.24,0.08,+0.79%,0
"2024-03-28 14:14",10.26,10.29,10.26,10.27,0.03,+0.29%,0
"2024-03-28 14:15",10.28,10.29,10.28,10.29,0.02,+0.19%,0
"2024-03-28 14:16",10.29,10.33,10.29,10.33,0.04,+0.39%,0
"2024-03-28 14:17",10.32,10.34,10.32,10.32,-0.01,-0.10%,0
"2024-03-28 14:18",10.32,10.33,10.32,10.33,0.01,+0.10%,0
"2024-03-28 14:19",10.33,10.36,10.33,10.36,0.03,+0.29%,0
"2024-03-28 14:20",10.37,10.39,10.36,10.37,0.01,+0.10%,0
"2024-03-28 14:21",10.42,10.46,10.42,10.46,0.09,+0.87%,0
"2024-03-28 14:22",10.43,10.47,10.43,10.46,0,0.00%,0
"2024-03-28 14:23",10.46,10.48,10.46,10.48,0.02,+0.19%,0
"2024-03-28 14:24",10.5,10.51,10.5,10.51,0.03,+0.29%,0
"2024-03-28 14:25",10.51,10.53,10.51,10.51,0,0.00%,0
"2024-03-28 14:26",10.5,10.53,10.5,10.53,0.02,+0.19%,0
"2024-03-28 14:27",10.53,10.54,10.52,10.52,-0.01,-0.09%,0
"2024-03-28 14:28",10.5,10.51,10.5,10.51,-0.01,-0.10%,0
"2024-03-28 14:29",10.51,10.53,10.51,10.53,0.02,+0.19%,0
"2024-03-28 14:30",10.51,10.55,10.51,10.55,0.02,+0.19%,0
"2024-03-28 14:31",10.57,10.57,10.57,10.57,0.02,+0.19%,0
"2024-03-28 14:32",10.57,10.59,10.57,10.57,0,0.00%,0
"2024-03-28 14:33",10.57,10.58,10.57,10.57,0,0.00%,0
"2024-03-28 14:34",10.59,10.65,10.59,10.65,0.08,+0.76%,0
"2024-03-28 14:35",10.65,10.65,10.62,10.62,-0.03,-0.28%,0
"2024-03-28 14:36",10.66,10.69,10.66,10.66,0.04,+0.38%,0
"2024-03-28 14:37",10.67,10.72,10.67,10.68,0.02,+0.19%,0
"2024-03-28 14:38",10.68,10.71,10.67,10.67,-0.01,-0.09%,0
"2024-03-28 14:39",10.69,10.73,10.69,10.71,0.04,+0.37%,0
"2024-03-28 14:40",10.69,10.76,10.69,10.76,0.05,+0.47%,0
"2024-03-28 14:41",10.75,10.75,10.74,10.74,-0.02,-0.19%,0
"2024-03-28 14:42",10.74,10.77,10.74,10.76,0.02,+0.19%,0
"2024-03-28 14:43",10.76,10.85,10.76,10.85,0.09,+0.84%,0
"2024-03-28 14:44",10.87,10.87,10.82,10.84,-0.01,-0.09%,0
"2024-03-28 14:45",10.85,10.86,10.81,10.81,-0.03,-0.28%,0
"2024-03-28 14:46",10.78,10.8,10.75,10.75,-0.06,-0.56%,0
"2024-03-28 14:47",10.74,10.76,10.71,10.71,-0.04,-0.37%,0
"2024-03-28 14:48",10.69,10.7,10.66,10.66,-0.05,-0.47%,0
"2024-03-28 14:49",10.65,10.65,10.65,10.65,-0.01,-0.09%,0
"2024-03-28 14:50",10.64,10.66,10.64,10.66,0.01,+0.09%,0
"2024-03-28 14:51",10.65,10.68,10.65,10.68,0.02,+0.19%,0
"2024-03-28 14:52",10.68,10.69,10.65,10.65,-0.03,-0.28%,0
"2024-03-28 14:53",10.65,10.65,10.53,10.53,-0.12,-1.13%,0
"2024-03-28 14:54",10.52,10.53,10.52,10.53,0,0.00%,0
"2024-03-28 14:55",10.53,10.59,10.53,10.59,0.06,+0.57%,0
"2024-03-28 14:56",10.59,10.59,10.53,10.53,-0.06,-0.57%,0
"2024-03-28 14:57",10.52,10.62,10.52,10.62,0.09,+0.85%,0
"2024-03-28 14:58",10.81,10.81,10.67,10.67,0.05,+0.47%,0
"2024-03-28 14:59",10.57,10.58,10.57,10.58,-0.09,-0.84%,0
"2024-03-28 15:00",10.5,10.5,10.42,10.42,-0.16,-1.51%,0
"2024-03-28 15:01",10.42,10.51,10.42,10.51,0.09,+0.86%,0
"2024-03-28 15:02",10.53,10.53,10.49,10.52,0.01,+0.10%,0
"2024-03-28 15:03",10.53,10.53,10.47,10.47,-0.05,-0.48%,0
"2024-03-28 15:04",10.45,10.45,10.42,10.43,-0.04,-0.38%,0
"2024-03-28 15:05",10.39,10.47,10.37,10.47,0.04,+0.38%,0
"2024-03-28 15:06",10.45,10.47,10.45,10.47,0,0.00%,0
"2024-03-28 15:07",10.46,10.49,10.44,10.44,-0.03,-0.29%,0
"2024-03-28 15:08",10.42,10.43,10.4,10.4,-0.04,-0.38%,0
"2024-03-28 15:09",10.39,10.44,10.39,10.44,0.04,+0.38%,0
"2024-03-28 15:10",10.44,10.45,10.43,10.43,-0.01,-0.10%,0
"2024-03-28 15:11",10.42,10.44,10.42,10.44,0.01,+0.10%,0
"2024-03-28 15:12",10.44,10.44,10.4,10.4,-0.04,-0.38%,0
"2024-03-28 15:13",10.41,10.41,10.38,10.38,-0.02,-0.19%,0
"2024-03-28 15:14",10.37,10.4,10.37,10.37,-0.01,-0.10%,0
"2024-03-28 15:15",10.38,10.38,10.35,10.35,-0.02,-0.19%,0
"2024-03-28 15:16",10.33,10.36,10.31,10.31,-0.04,-0.39%,0
"2024-03-28 15:17",10.33,10.35,10.33,10.35,0.04,+0.39%,0
"2024-03-28 15:18",10.35,10.36,10.35,10.35,0,0.00%,0
"2024-03-28 15:19",10.34,10.36,10.34,10.36,0.01,+0.10%,0
"2024-03-28 15:20",10.35,10.36,10.33,10.35,-0.01,-0.10%,0
"2024-03-28 15:21",10.36,10.36,10.36,10.36,0.01,+0.10%,0
"2024-03-28 15:22",10.37,10.37,10.35,10.35,-0.01,-0.10%,0
"2024-03-28 15:23",10.39,10.45,10.39,10.43,0.08,+0.77%,0
"2024-03-28 15:24",10.44,10.44,10.37,10.37,-0.06,-0.58%,0
"2024-03-28 15:25",10.36,10.4,10.36,10.39,0.02,+0.19%,0
"2024-03-28 15:26",10.38,10.48,10.38,10.48,0.09,+0.87%,0
"2024-03-28 15:27",10.49,10.5,10.49,10.49,0.01,+0.10%,0
"2024-03-28 15:28",10.5,10.51,10.48,10.51,0.02,+0.19%,0
"2024-03-28 15:29",10.49,10.51,10.49,10.5,-0.01,-0.10%,0
"2024-03-28 15:30",10.48,10.48,10.46,10.48,-0.02,-0.19%,0
"2024-03-28 15:31",10.47,10.48,10.47,10.48,0,0.00%,0
"2024-03-28 15:32",10.47,10.54,10.47,10.54,0.06,+0.57%,0
"2024-03-28 15:33",10.59,10.62,10.59,10.62,0.08,+0.76%,0
"2024-03-28 15:34",10.61,10.61,10.59,10.59,-0.03,-0.28%,0
"2024-03-28 15:35",10.62,10.69,10.62,10.69,0.1,+0.94%,0
"2024-03-28 15:36",10.69,10.7,10.67,10.68,-0.01,-0.09%,0
"2024-03-28 15:37",10.68,10.76,10.68,10.76,0.08,+0.75%,0
"2024-03-28 15:38",10.76,10.8,10.76,10.79,0.03,+0.28%,0
"2024-03-28 15:39",10.83,10.83,10.76,10.76,-0.03,-0.28%,0
"2024-03-28 15:40",10.77,10.78,10.75,10.75,-0.01,-0.09%,0
"2024-03-28 15:41",10.74,10.77,10.74,10.76,0.01,+0.09%,0
"2024-03-28 15:42",10.76,10.84,10.76,10.84,0.08,+0.74%,0
"2024-03-28 15:43",10.83,10.84,10.7,10.7,-0.14,-1.29%,0
"2024-03-28 15:44",10.69,10.69,10.61,10.61,-0.09,-0.84%,0
"2024-03-28 15:45",10.74,10.76,10.74,10.76,0.15,+1.41%,0
"2024-03-28 15:46",10.76,10.78,10.76,10.76,0,0.00%,0
"2024-03-28 15:47",10.76,10.76,10.75,10.75,-0.01,-0.09%,0
"2024-03-28 15:48",10.77,10.78,10.72,10.72,-0.03,-0.28%,0
"2024-03-28 15:49",10.71,10.71,10.67,10.67,-0.05,-0.47%,0
"2024-03-28 15:50",10.69,10.69,10.61,10.61,-0.06,-0.56%,0
"2024-03-28 15:51",10.58,10.58,10.48,10.48,-0.13,-1.23%,0
"2024-03-28 15:52",10.46,10.46,10.45,10.45,-0.03,-0.29%,0
"2024-03-28 15:53",10.42,10.42,10.4,10.4,-0.05,-0.48%,0
"2024-03-28 15:54",10.37,10.43,10.37,10.43,0.03,+0.29%,0
"2024-03-28 15:55",10.43,10.43,10.36,10.39,-0.04,-0.38%,0
"2024-03-28 15:56",10.43,10.51,10.43,10.48,0.09,+0.87%,0
"2024-03-28 15:57",10.4,10.46,10.26,10.26,-0.22,-2.10%,0
"2024-03-28 15:58",10.21,10.23,10.14,10.14,-0.12,-1.17%,0
"2024-03-28 15:59",10.13,10.17,10.07,10.07,-0.07,-0.69%,0
"2024-03-28 16:00",9.96,10.16,9.96,10.08,0.01,+0.10%,0
"2024-03-28 16:01",10.04,10.04,9.92,9.92,-0.16,-1.59%,0
"2024-03-28 16:02",9.92,9.97,9.87,9.97,0.05,+0.50%,0
"2024-03-28 16:03",10.02,10.09,10.02,10.09,0.12,+1.20%,0
"2024-03-28 16:04",10.09,10.09,10.05,10.05,-0.04,-0.40%,0
"2024-03-28 16:05",10.05,10.05,10,10.05,0,0.00%,0
"2024-03-28 16:06",10.04,10.07,10.04,10.06,0.01,+0.10%,0
"2024-03-28 16:07",10.05,10.06,10.01,10.06,0,0.00%,0
"2024-03-28 16:08",10.02,10.06,10.02,10.06,0,0.00%,0
"2024-03-28 16:09",10.09,10.12,10.09,10.1,0.04,+0.40%,0
"2024-03-28 16:10",10.07,10.1,10.07,10.1,0,0.00%,0
"2024-03-28 16:11",10.11,10.2,10.11,10.2,0.1,+0.99%,0
"2024-03-28 16:12",10.21,10.22,10.19,10.19,-0.01,-0.10%,0
"2024-03-28 16:13",10.23,10.25,10.22,10.22,0.03,+0.29%,0
"2024-03-28 16:14",10.22,10.26,10.22,10.26,0.04,+0.39%,0
"2024-03-28 16:15",10.33,10.33,10.33,10.33,0.07,+0.68%,0
"Downloaded from Barchart.com as of 09-03-2026 09:02am CDT"
