Time,Open,High,Low,Latest,Change,%Change,Volume
"2024-09-03 09:31",10.27,10.29,10.15,10.15,-1.18,-10.41%,0
"2024-09-03 09:32",10.12,10.33,10.12,10.33,0.18,+1.77%,0
"2024-09-03 09:33",10.27,10.38,10.27,10.38,0.05,+0.48%,0
"2024-09-03 09:34",10.42,10.48,10.42,10.48,0.1,+0.96%,0
"2024-09-03 09:35",10.49,10.7,10.49,10.7,0.22,+2.10%,0
"2024-09-03 09:36",10.69,10.81,10.69,10.81,0.11,+1.03%,0
"2024-09-03 09:37",10.79,10.8,10.76,10.78,-0.03,-0.28%,0
"2024-09-03 09:38",10.8,10.98,10.8,10.98,0.2,+1.86%,0
"2024-09-03 09:39",10.93,11.01,10.93,11,0.02,+0.18%,0
"2024-09-03 09:40",10.99,11.11,10.97,11.11,0.11,+1.00%,0
"2024-09-03 09:41",11.12,11.26,11.12,11.21,0.1,+0.90%,0
"2024-09-03 09:42",11.18,11.25,11.18,11.25,0.04,+0.36%,0
"2024-09-03 09:43",11.22,11.22,11.06,11.09,-0.16,-1.42%,0
"2024-09-03 09:44",11.07,11.07,10.97,10.97,-0.12,-1.08%,0
"2024-09-03 09:45",10.99,10.99,10.89,10.9,-0.07,-0.64%,0
"2024-09-03 09:46",10.86,10.92,10.86,10.9,0,0.00%,0
"2024-09-03 09:47",10.88,10.9,10.8,10.8,-0.1,-0.92%,0
"2024-09-03 09:48",10.88,10.97,10.88,10.97,0.17,+1.57%,0
"2024-09-03 09:49",11.02,11.05,11.01,11.01,0.04,+0.36%,0
"2024-09-03 09:50",11.01,11.34,11.01,11.34,0.33,+3.00%,0
"2024-09-03 09:51",11.34,11.35,11.27,11.35,0.01,+0.09%,0
"2024-09-03 09:52",11.5,11.52,11.45,11.45,0.1,+0.88%,0
"2024-09-03 09:53",11.42,11.42,11.2,11.38,-0.07,-0.61%,0
"2024-09-03 09:54",11.47,11.65,11.47,11.61,0.23,+2.02%,0
"2024-09-03 09:55",11.55,11.58,11.55,11.58,-0.03,-0.26%,0
"2024-09-03 09:56",11.57,11.57,11.47,11.53,-0.05,-0.43%,0
"2024-09-03 09:57",11.55,11.61,11.55,11.56,0.03,+0.26%,0
"2024-09-03 09:58",11.49,11.52,11.43,11.45,-0.11,-0.95%,0
"2024-09-03 09:59",11.41,11.41,11.37,11.38,-0.07,-0.61%,0
"2024-09-03 10:00",11.38,11.38,11.2,11.2,-0.18,-1.58%,0
"2024-09-03 10:01",11.13,11.24,11.13,11.24,0.04,+0.36%,0
"2024-09-03 10:02",11.23,11.32,11.23,11.31,0.07,+0.62%,0
"2024-09-03 10:03",11.25,11.33,11.25,11.33,0.02,+0.18%,0
"2024-09-03 10:04",11.36,11.58,11.36,11.52,0.19,+1.68%,0
"2024-09-03 10:05",11.54,11.54,11.45,11.53,0.01,+0.09%,0
"2024-09-03 10:06",11.55,11.6,11.51,11.51,-0.02,-0.17%,0
"2024-09-03 10:07",11.5,11.58,11.5,11.53,0.02,+0.17%,0
"2024-09-03 10:08",11.55,11.59,11.55,11.57,0.04,+0.35%,0
"2024-09-03 10:09",11.58,11.58,11.49,11.49,-0.08,-0.69%,0
"2024-09-03 10:10",11.53,11.53,11.49,11.49,0,0.00%,0
"2024-09-03 10:11",11.43,11.44,11.31,11.33,-0.16,-1.39%,0
"2024-09-03 10:12",11.31,11.36,11.31,11.36,0.03,+0.26%,0
"2024-09-03 10:13",11.37,11.4,11.33,11.4,0.04,+0.35%,0
"2024-09-03 10:14",11.41,11.57,11.41,11.57,0.17,+1.49%,0
"2024-09-03 10:15",11.58,11.59,11.54,11.55,-0.02,-0.17%,0
"2024-09-03 10:16",11.52,11.56,11.52,11.52,-0.03,-0.26%,0
"2024-09-03 10:17",11.5,11.5,11.48,11.48,-0.04,-0.35%,0
"2024-09-03 10:18",11.48,11.48,11.2,11.3,-0.18,-1.57%,0
"2024-09-03 10:19",11.34,11.34,11.22,11.22,-0.08,-0.71%,0
"2024-09-03 10:20",11.22,11.27,11.22,11.27,0.05,+0.45%,0
"2024-09-03 10:21",11.25,11.25,11.2,11.21,-0.06,-0.53%,0
"2024-09-03 10:22",11.23,11.29,11.23,11.29,0.08,+0.71%,0
"2024-09-03 10:23",11.3,11.32,11.27,11.32,0.03,+0.27%,0
"2024-09-03 10:24",11.32,11.4,11.32,11.39,0.07,+0.62%,0
"2024-09-03 10:25",11.39,11.42,11.37,11.37,-0.02,-0.18%,0
"2024-09-03 10:26",11.29,11.31,11.25,11.27,-0.1,-0.88%,0
"2024-09-03 10:27",11.25,11.29,11.25,11.29,0.02,+0.18%,0
"2024-09-03 10:28",11.32,11.35,11.32,11.33,0.04,+0.35%,0
"2024-09-03 10:29",11.35,11.35,11.3,11.32,-0.01,-0.09%,0
"2024-09-03 10:30",11.29,11.42,11.29,11.41,0.09,+0.80%,0
"2024-09-03 10:31",11.46,11.69,11.46,11.69,0.28,+2.45%,0
"2024-09-03 10:32",11.73,11.73,11.66,11.7,0.01,+0.09%,0
"2024-09-03 10:33",11.64,11.67,11.57,11.57,-0.13,-1.11%,0
"2024-09-03 10:34",11.56,11.63,11.56,11.63,0.06,+0.52%,0
"2024-09-03 10:35",11.62,11.71,11.62,11.7,0.07,+0.60%,0
"2024-09-03 10:36",11.71,11.71,11.67,11.67,-0.03,-0.26%,0
"2024-09-03 10:37",11.69,11.69,11.67,11.67,0,0.00%,0
"2024-09-03 10:38",11.69,11.7,11.67,11.67,0,0.00%,0
"2024-09-03 10:39",11.7,11.71,11.7,11.71,0.04,+0.34%,0
"2024-09-03 10:40",11.68,11.74,11.68,11.73,0.02,+0.17%,0
"2024-09-03 10:41",11.72,11.84,11.72,11.84,0.11,+0.94%,0
"2024-09-03 10:42",11.87,11.98,11.87,11.98,0.14,+1.18%,0
"2024-09-03 10:43",11.97,11.99,11.96,11.99,0.01,+0.08%,0
"2024-09-03 10:44",12.01,12.1,12.01,12.1,0.11,+0.92%,0
"2024-09-03 10:45",12.1,12.12,12.08,12.12,0.02,+0.17%,0
"2024-09-03 10:46",12.11,12.37,12.11,12.37,0.25,+2.06%,0
"2024-09-03 10:47",12.37,12.37,12.25,12.25,-0.12,-0.97%,0
"2024-09-03 10:48",12.18,12.22,12.14,12.22,-0.03,-0.24%,0
"2024-09-03 10:49",12.21,12.21,12.18,12.18,-0.04,-0.33%,0
"2024-09-03 10:50",12.26,12.26,12.2,12.2,0.02,+0.16%,0
"2024-09-03 10:51",12.22,12.22,12.21,12.21,0.01,+0.08%,0
"2024-09-03 10:52",12.2,12.25,12.2,12.25,0.04,+0.33%,0
"2024-09-03 10:53",12.22,12.23,12.22,12.23,-0.02,-0.16%,0
"2024-09-03 10:54",12.24,12.34,12.24,12.34,0.11,+0.90%,0
"2024-09-03 10:55",12.34,12.34,12.24,12.24,-0.1,-0.81%,0
"2024-09-03 10:56",12.24,12.27,12.19,12.19,-0.05,-0.41%,0
"2024-09-03 10:57",12.22,12.27,12.22,12.24,0.05,+0.41%,0
"2024-09-03 10:58",12.22,12.22,12.15,12.15,-0.09,-0.74%,0
"2024-09-03 10:59",12.15,12.17,12.12,12.12,-0.03,-0.25%,0
"2024-09-03 11:00",12.13,12.13,12.12,12.12,0,0.00%,0
"2024-09-03 11:01",12.12,12.12,12.04,12.04,-0.08,-0.66%,0
"2024-09-03 11:02",12.07,12.09,12.07,12.07,0.03,+0.25%,0
"2024-09-03 11:03",12.05,12.06,12.01,12.01,-0.06,-0.50%,0
"2024-09-03 11:04",12.01,12.01,11.96,11.96,-0.05,-0.42%,0
"2024-09-03 11:05",11.95,11.95,11.91,11.91,-0.05,-0.42%,0
"2024-09-03 11:06",11.91,11.94,11.91,11.91,0,0.00%,0
"2024-09-03 11:07",11.85,11.88,11.84,11.84,-0.07,-0.59%,0
"2024-09-03 11:08",11.82,11.82,11.77,11.77,-0.07,-0.59%,0
"2024-09-03 11:09",11.76,11.78,11.76,11.76,-0.01,-0.08%,0
"2024-09-03 11:10",11.8,11.82,11.8,11.81,0.05,+0.43%,0
"2024-09-03 11:11",11.76,11.8,11.76,11.8,-0.01,-0.08%,0
"2024-09-03 11:12",11.79,11.79,11.75,11.78,-0.02,-0.17%,0
"2024-09-03 11:13",11.79,11.81,11.79,11.79,0.01,+0.08%,0
"2024-09-03 11:14",11.79,11.83,11.79,11.83,0.04,+0.34%,0
"2024-09-03 11:15",11.83,11.85,11.83,11.85,0.02,+0.17%,0
"2024-09-03 11:16",11.87,11.92,11.87,11.9,0.05,+0.42%,0
"2024-09-03 11:17",11.91,11.96,11.91,11.96,0.06,+0.50%,0
"2024-09-03 11:18",11.97,12.01,11.97,12.01,0.05,+0.42%,0
"2024-09-03 11:19",12.02,12.04,12.02,12.03,0.02,+0.17%,0
"2024-09-03 11:20",12.03,12.03,11.99,11.99,-0.04,-0.33%,0
"2024-09-03 11:21",12,12.01,11.98,11.98,-0.01,-0.08%,0
"2024-09-03 11:22",11.99,12.05,11.99,12.04,0.06,+0.50%,0
"2024-09-03 11:23",12.04,12.07,12.04,12.06,0.02,+0.17%,0
"2024-09-03 11:24",12.03,12.04,12.03,12.03,-0.03,-0.25%,0
"2024-09-03 11:25",12.04,12.06,12.04,12.04,0.01,+0.08%,0
"2024-09-03 11:26",12.05,12.06,12.01,12.01,-0.03,-0.25%,0
"2024-09-03 11:27",12.01,12.06,12.01,12.05,0.04,+0.33%,0
"2024-09-03 11:28",12.06,12.07,12.05,12.05,0,0.00%,0
"2024-09-03 11:29",12.06,12.11,12.06,12.11,0.06,+0.50%,0
"2024-09-03 11:30",12.11,12.11,12.07,12.07,-0.04,-0.33%,0
"2024-09-03 11:31",12.08,12.21,12.08,12.21,0.14,+1.16%,0
"2024-09-03 11:32",12.23,12.24,12.23,12.24,0.03,+0.25%,0
"2024-09-03 11:33",12.21,12.22,12.16,12.16,-0.08,-0.65%,0
"2024-09-03 11:34",12.15,12.18,12.15,12.15,-0.01,-0.08%,0
"2024-09-03 11:35",12.17,12.18,12.17,12.17,0.02,+0.16%,0
"2024-09-03 11:36",12.14,12.17,12.14,12.16,-0.01,-0.08%,0
"2024-09-03 11:37",12.15,12.16,12.14,12.14,-0.02,-0.16%,0
"2024-09-03 11:38",12.1,12.16,12.1,12.13,-0.01,-0.08%,0
"2024-09-03 11:39",12.12,12.13,12.12,12.12,-0.01,-0.08%,0
"2024-09-03 11:40",12.12,12.21,12.12,12.21,0.09,+0.74%,0
"2024-09-03 11:41",12.21,12.26,12.21,12.26,0.05,+0.41%,0
"2024-09-03 11:42",12.25,12.33,12.25,12.31,0.05,+0.41%,0
"2024-09-03 11:43",12.31,12.34,12.31,12.33,0.02,+0.16%,0
"2024-09-03 11:44",12.3,12.36,12.3,12.36,0.03,+0.24%,0
"2024-09-03 11:45",12.34,12.34,12.22,12.22,-0.14,-1.13%,0
"2024-09-03 11:46",12.23,12.23,12.22,12.22,0,0.00%,0
"2024-09-03 11:47",12.23,12.27,12.23,12.26,0.04,+0.33%,0
"2024-09-03 11:48",12.25,12.27,12.23,12.23,-0.03,-0.24%,0
"2024-09-03 11:49",12.24,12.26,12.24,12.25,0.02,+0.16%,0
"2024-09-03 11:50",12.25,12.28,12.25,12.28,0.03,+0.24%,0
"2024-09-03 11:51",12.26,12.29,12.26,12.28,0,0.00%,0
"2024-09-03 11:52",12.28,12.31,12.28,12.29,0.01,+0.08%,0
"2024-09-03 11:53",12.3,12.3,12.28,12.28,-0.01,-0.08%,0
"2024-09-03 11:54",12.27,12.27,12.21,12.21,-0.07,-0.57%,0
"2024-09-03 11:55",12.23,12.25,12.22,12.22,0.01,+0.08%,0
"2024-09-03 11:56",12.22,12.27,12.22,12.26,0.04,+0.33%,0
"2024-09-03 11:57",12.28,12.32,12.28,12.31,0.05,+0.41%,0
"2024-09-03 11:58",12.3,12.34,12.3,12.34,0.03,+0.24%,0
"2024-09-03 11:59",12.33,12.35,12.33,12.34,0,0.00%,0
"2024-09-03 12:00",12.33,12.33,12.25,12.25,-0.09,-0.73%,0
"2024-09-03 12:01",12.26,12.27,12.26,12.27,0.02,+0.16%,0
"2024-09-03 12:02",12.25,12.25,12.19,12.19,-0.08,-0.65%,0
"2024-09-03 12:03",12.2,12.25,12.2,12.23,0.04,+0.33%,0
"2024-09-03 12:04",12.22,12.25,12.22,12.25,0.02,+0.16%,0
"2024-09-03 12:05",12.26,12.28,12.26,12.27,0.02,+0.16%,0
"2024-09-03 12:06",12.24,12.25,12.24,12.25,-0.02,-0.16%,0
"2024-09-03 12:07",12.3,12.38,12.3,12.34,0.09,+0.73%,0
"2024-09-03 12:08",12.33,12.4,12.33,12.39,0.05,+0.41%,0
"2024-09-03 12:09",12.36,12.36,12.33,12.35,-0.04,-0.32%,0
"2024-09-03 12:10",12.35,12.39,12.35,12.37,0.02,+0.16%,0
"2024-09-03 12:11",12.36,12.37,12.33,12.33,-0.04,-0.32%,0
"2024-09-03 12:12",12.32,12.44,12.32,12.43,0.1,+0.81%,0
"2024-09-03 12:13",12.4,12.41,12.4,12.41,-0.02,-0.16%,0
"2024-09-03 12:14",12.41,12.42,12.37,12.37,-0.04,-0.32%,0
"2024-09-03 12:15",12.37,12.41,12.37,12.41,0.04,+0.32%,0
"2024-09-03 12:16",12.41,12.42,12.34,12.34,-0.07,-0.56%,0
"2024-09-03 12:17",12.31,12.32,12.31,12.32,-0.02,-0.16%,0
"2024-09-03 12:18",12.31,12.32,12.31,12.31,-0.01,-0.08%,0
"2024-09-03 12:19",12.31,12.33,12.31,12.32,0.01,+0.08%,0
"2024-09-03 12:20",12.34,12.38,12.34,12.38,0.06,+0.49%,0
"2024-09-03 12:21",12.37,12.39,12.31,12.31,-0.07,-0.57%,0
"2024-09-03 12:22",12.3,12.34,12.3,12.34,0.03,+0.24%,0
"2024-09-03 12:23",12.33,12.36,12.33,12.36,0.02,+0.16%,0
"2024-09-03 12:24",12.38,12.4,12.38,12.38,0.02,+0.16%,0
"2024-09-03 12:25",12.38,12.42,12.38,12.41,0.03,+0.24%,0
"2024-09-03 12:26",12.4,12.44,12.4,12.43,0.02,+0.16%,0
"2024-09-03 12:27",12.43,12.45,12.43,12.43,0,0.00%,0
"2024-09-03 12:28",12.45,12.47,12.43,12.43,0,0.00%,0
"2024-09-03 12:29",12.43,12.46,12.41,12.41,-0.02,-0.16%,0
"2024-09-03 12:30",12.41,12.45,12.41,12.45,0.04,+0.32%,0
"2024-09-03 12:31",12.45,12.49,12.45,12.49,0.04,+0.32%,0
"2024-09-03 12:32",12.5,12.52,12.5,12.52,0.03,+0.24%,0
"2024-09-03 12:33",12.52,12.53,12.51,12.51,-0.01,-0.08%,0
"2024-09-03 12:34",12.52,12.54,12.52,12.54,0.03,+0.24%,0
"2024-09-03 12:35",12.54,12.62,12.54,12.62,0.08,+0.64%,0
"2024-09-03 12:36",12.65,12.67,12.63,12.63,0.01,+0.08%,0
"2024-09-03 12:37",12.65,12.7,12.65,12.7,0.07,+0.55%,0
"2024-09-03 12:38",12.69,12.69,12.57,12.57,-0.13,-1.02%,0
"2024-09-03 12:39",12.59,12.67,12.59,12.67,0.1,+0.80%,0
"2024-09-03 12:40",12.67,12.72,12.67,12.72,0.05,+0.39%,0
"2024-09-03 12:41",12.68,12.74,12.68,12.74,0.02,+0.16%,0
"2024-09-03 12:42",12.75,12.75,12.75,12.75,0.01,+0.08%,0
"2024-09-03 12:43",12.75,12.85,12.75,12.85,0.1,+0.78%,0
"2024-09-03 12:44",12.87,12.89,12.83,12.86,0.01,+0.08%,0
"2024-09-03 12:45",12.9,12.93,12.9,12.93,0.07,+0.54%,0
"2024-09-03 12:46",12.93,13.03,12.93,13.03,0.1,+0.77%,0
"2024-09-03 12:47",13.02,13.02,13.01,13.02,-0.01,-0.08%,0
"2024-09-03 12:48",13.01,13.07,13.01,13.07,0.05,+0.38%,0
"2024-09-03 12:49",13.07,13.1,13.07,13.1,0.03,+0.23%,0
"2024-09-03 12:50",13.06,13.07,13.03,13.07,-0.03,-0.23%,0
"2024-09-03 12:51",13.08,13.12,13.08,13.11,0.04,+0.31%,0
"2024-09-03 12:52",13.12,13.13,13.11,13.13,0.02,+0.15%,0
"2024-09-03 12:53",13.11,13.2,13.11,13.2,0.07,+0.53%,0
"2024-09-03 12:54",13.18,13.21,13.18,13.21,0.01,+0.08%,0
"2024-09-03 12:55",13.19,13.19,13.17,13.17,-0.04,-0.30%,0
"2024-09-03 12:56",13.18,13.2,13.18,13.2,0.03,+0.23%,0
"2024-09-03 12:57",13.21,13.25,13.21,13.25,0.05,+0.38%,0
"2024-09-03 12:58",13.24,13.24,13.23,13.24,-0.01,-0.08%,0
"2024-09-03 12:59",13.24,13.28,13.24,13.28,0.04,+0.30%,0
"2024-09-03 13:00",13.32,13.33,13.32,13.33,0.05,+0.38%,0
"2024-09-03 13:01",13.3,13.3,13.25,13.26,-0.07,-0.53%,0
"2024-09-03 13:02",13.26,13.29,13.26,13.28,0.02,+0.15%,0
"2024-09-03 13:03",13.28,13.29,13.28,13.29,0.01,+0.08%,0
"2024-09-03 13:04",13.28,13.3,13.28,13.28,-0.01,-0.08%,0
"2024-09-03 13:05",13.3,13.33,13.3,13.33,0.05,+0.38%,0
"2024-09-03 13:06",13.32,13.32,13.2,13.2,-0.13,-0.98%,0
"2024-09-03 13:07",13.19,13.22,13.19,13.2,0,0.00%,0
"2024-09-03 13:08",13.17,13.17,13.07,13.07,-0.13,-0.98%,0
"2024-09-03 13:09",13.07,13.09,13.07,13.07,0,0.00%,0
"2024-09-03 13:10",13.07,13.09,13.07,13.07,0,0.00%,0
"2024-09-03 13:11",13.06,13.08,13.06,13.08,0.01,+0.08%,0
"2024-09-03 13:12",13.09,13.15,13.09,13.15,0.07,+0.54%,0
"2024-09-03 13:13",13.18,13.31,13.18,13.31,0.16,+1.22%,0
"2024-09-03 13:14",13.32,13.36,13.32,13.36,0.05,+0.38%,0
"2024-09-03 13:15",13.37,13.38,13.3,13.3,-0.06,-0.45%,0
"2024-09-03 13:16",13.31,13.33,13.28,13.29,-0.01,-0.08%,0
"2024-09-03 13:17",13.28,13.36,13.28,13.36,0.07,+0.53%,0
"2024-09-03 13:18",13.35,13.39,13.35,13.39,0.03,+0.22%,0
"2024-09-03 13:19",13.36,13.37,13.36,13.36,-0.03,-0.22%,0
"2024-09-03 13:20",13.37,13.4,13.37,13.4,0.04,+0.30%,0
"2024-09-03 13:21",13.4,13.43,13.4,13.41,0.01,+0.07%,0
"2024-09-03 13:22",13.39,13.43,13.39,13.39,-0.02,-0.15%,0
"2024-09-03 13:23",13.42,13.43,13.42,13.42,0.03,+0.22%,0
"2024-09-03 13:24",13.43,13.43,13.41,13.41,-0.01,-0.07%,0
"2024-09-03 13:25",13.4,13.42,13.4,13.41,0,0.00%,0
"2024-09-03 13:26",13.38,13.4,13.38,13.4,-0.01,-0.07%,0
"2024-09-03 13:27",13.4,13.4,13.35,13.35,-0.05,-0.37%,0
"2024-09-03 13:28",13.35,13.36,13.35,13.36,0.01,+0.07%,0
"2024-09-03 13:29",13.36,13.37,13.35,13.35,-0.01,-0.07%,0
"2024-09-03 13:30",13.35,13.36,13.29,13.29,-0.06,-0.45%,0
"2024-09-03 13:31",13.28,13.29,13.28,13.28,-0.01,-0.08%,0
"2024-09-03 13:32",13.29,13.44,13.29,13.44,0.16,+1.20%,0
"2024-09-03 13:33",13.47,13.61,13.47,13.56,0.12,+0.89%,0
"2024-09-03 13:34",13.57,13.57,13.51,13.57,0.01,+0.07%,0
"2024-09-03 13:35",13.55,13.55,13.54,13.54,-0.03,-0.22%,0
"2024-09-03 13:36",13.55,13.57,13.55,13.57,0.03,+0.22%,0
"2024-09-03 13:37",13.58,13.58,13.54,13.54,-0.03,-0.22%,0
"2024-09-03 13:38",13.55,13.55,13.5,13.5,-0.04,-0.30%,0
"2024-09-03 13:39",13.51,13.55,13.51,13.55,0.05,+0.37%,0
"2024-09-03 13:40",13.53,13.58,13.53,13.58,0.03,+0.22%,0
"2024-09-03 13:41",13.58,13.66,13.58,13.66,0.08,+0.59%,0
"2024-09-03 13:42",13.66,13.69,13.66,13.69,0.03,+0.22%,0
"2024-09-03 13:43",13.69,13.78,13.69,13.75,0.06,+0.44%,0
"2024-09-03 13:44",13.78,13.79,13.78,13.79,0.04,+0.29%,0
"2024-09-03 13:45",13.78,13.8,13.78,13.8,0.01,+0.07%,0
"2024-09-03 13:46",13.77,13.79,13.77,13.79,-0.01,-0.07%,0
"2024-09-03 13:47",13.78,13.85,13.78,13.83,0.04,+0.29%,0
"2024-09-03 13:48",13.83,13.84,13.83,13.83,0,0.00%,0
"2024-09-03 13:49",13.82,13.84,13.82,13.84,0.01,+0.07%,0
"2024-09-03 13:50",13.84,13.86,13.84,13.86,0.02,+0.14%,0
"2024-09-03 13:51",13.86,13.87,13.85,13.85,-0.01,-0.07%,0
"2024-09-03 13:52",13.85,13.87,13.85,13.87,0.02,+0.14%,0
"2024-09-03 13:53",13.89,13.92,13.89,13.92,0.05,+0.36%,0
"2024-09-03 13:54",13.92,13.93,13.91,13.92,0,0.00%,0
"2024-09-03 13:55",13.92,13.93,13.92,13.92,0,0.00%,0
"2024-09-03 13:56",13.92,13.98,13.92,13.98,0.06,+0.43%,0
"2024-09-03 13:57",13.99,14.01,13.99,14.01,0.03,+0.21%,0
"2024-09-03 13:58",14.01,14.09,14.01,14.09,0.08,+0.57%,0
"2024-09-03 13:59",14.08,14.15,14.08,14.15,0.06,+0.43%,0
"2024-09-03 14:00",14.13,14.13,14.1,14.13,-0.02,-0.14%,0
"2024-09-03 14:01",14.14,14.2,14.14,14.2,0.07,+0.50%,0
"2024-09-03 14:02",14.26,14.6,14.26,14.5,0.3,+2.11%,0
"2024-09-03 14:03",14.53,14.65,14.53,14.65,0.15,+1.03%,0
"2024-09-03 14:04",14.66,14.78,14.66,14.77,0.12,+0.82%,0
"2024-09-03 14:05",14.75,14.87,14.75,14.83,0.06,+0.41%,0
"2024-09-03 14:06",14.84,14.88,14.84,14.87,0.04,+0.27%,0
"2024-09-03 14:07",14.86,14.86,14.79,14.82,-0.05,-0.34%,0
"2024-09-03 14:08",14.8,14.88,14.8,14.87,0.05,+0.34%,0
"2024-09-03 14:09",14.88,14.92,14.88,14.89,0.02,+0.13%,0
"2024-09-03 14:10",14.9,14.91,14.84,14.84,-0.05,-0.34%,0
"2024-09-03 14:11",14.98,14.99,14.98,14.99,0.15,+1.01%,0
"2024-09-03 14:12",15,15.07,14.98,14.98,-0.01,-0.07%,0
"2024-09-03 14:13",14.97,14.99,14.97,14.98,0,0.00%,0
"2024-09-03 14:14",14.98,15.04,14.98,15.02,0.04,+0.27%,0
"2024-09-03 14:15",15.02,15.03,14.95,14.95,-0.07,-0.47%,0
"2024-09-03 14:16",14.98,15.03,14.98,15,0.05,+0.33%,0
"2024-09-03 14:17",15,15.04,15,15.04,0.04,+0.27%,0
"2024-09-03 14:18",15.04,15.08,15.04,15.08,0.04,+0.27%,0
"2024-09-03 14:19",15.11,15.15,15.11,15.15,0.07,+0.46%,0
"2024-09-03 14:20",15.15,15.15,15.07,15.07,-0.08,-0.53%,0
"2024-09-03 14:21",15.05,15.13,15.05,15.13,0.06,+0.40%,0
"2024-09-03 14:22",15.12,15.13,15.12,15.12,-0.01,-0.07%,0
"2024-09-03 14:23",15.14,15.27,15.14,15.27,0.15,+0.99%,0
"2024-09-03 14:24",15.31,15.38,15.31,15.37,0.1,+0.65%,0
"2024-09-03 14:25",15.33,15.34,15.29,15.29,-0.08,-0.52%,0
"2024-09-03 14:26",15.2,15.23,15.2,15.23,-0.06,-0.39%,0
"2024-09-03 14:27",15.23,15.24,15.19,15.21,-0.02,-0.13%,0
"2024-09-03 14:28",15.22,15.23,15.22,15.22,0.01,+0.07%,0
"2024-09-03 14:29",15.23,15.29,15.23,15.29,0.07,+0.46%,0
"2024-09-03 14:30",15.29,15.29,15.22,15.23,-0.06,-0.39%,0
"2024-09-03 14:31",15.24,15.34,15.24,15.34,0.11,+0.72%,0
"2024-09-03 14:32",15.33,15.35,15.3,15.3,-0.04,-0.26%,0
"2024-09-03 14:33",15.31,15.33,15.27,15.27,-0.03,-0.20%,0
"2024-09-03 14:34",15.18,15.2,15.15,15.15,-0.12,-0.79%,0
"2024-09-03 14:35",15.15,15.15,15.11,15.11,-0.04,-0.26%,0
"2024-09-03 14:36",15.13,15.19,15.13,15.18,0.07,+0.46%,0
"2024-09-03 14:37",15.17,15.18,15.14,15.14,-0.04,-0.26%,0
"2024-09-03 14:38",15.17,15.17,15.16,15.17,0.03,+0.20%,0
"2024-09-03 14:39",15.15,15.17,15.1,15.1,-0.07,-0.46%,0
"2024-09-03 14:40",15.11,15.13,15.11,15.11,0.01,+0.07%,0
"2024-09-03 14:41",15.11,15.14,15.11,15.14,0.03,+0.20%,0
"2024-09-03 14:42",15.17,15.22,15.17,15.22,0.08,+0.53%,0
"2024-09-03 14:43",15.21,15.24,15.21,15.23,0.01,+0.07%,0
"2024-09-03 14:44",15.23,15.27,15.23,15.27,0.04,+0.26%,0
"2024-09-03 14:45",15.27,15.3,15.27,15.3,0.03,+0.20%,0
"2024-09-03 14:46",15.28,15.31,15.28,15.3,0,0.00%,0
"2024-09-03 14:47",15.31,15.32,15.31,15.31,0.01,+0.07%,0
"2024-09-03 14:48",15.33,15.35,15.33,15.33,0.02,+0.13%,0
"2024-09-03 14:49",15.34,15.35,15.34,15.35,0.02,+0.13%,0
"2024-09-03 14:50",15.35,15.36,15.35,15.36,0.01,+0.07%,0
"2024-09-03 14:51",15.39,15.47,15.39,15.44,0.08,+0.52%,0
"2024-09-03 14:52",15.45,15.48,15.45,15.48,0.04,+0.26%,0
"2024-09-03 14:53",15.48,15.49,15.48,15.48,0,0.00%,0
"2024-09-03 14:54",15.46,15.51,15.44,15.51,0.03,+0.19%,0
"2024-09-03 14:55",15.54,15.54,15.53,15.54,0.03,+0.19%,0
"2024-09-03 14:56",15.53,15.54,15.52,15.54,0,0.00%,0
"2024-09-03 14:57",15.59,15.59,15.52,15.52,-0.02,-0.13%,0
"2024-09-03 14:58",15.52,15.56,15.52,15.52,0,0.00%,0
"2024-09-03 14:59",15.53,15.6,15.53,15.6,0.08,+0.52%,0
"2024-09-03 15:00",15.6,15.6,15.55,15.55,-0.05,-0.32%,0
"2024-09-03 15:01",15.55,15.57,15.55,15.56,0.01,+0.06%,0
"2024-09-03 15:02",15.54,15.58,15.54,15.57,0.01,+0.06%,0
"2024-09-03 15:03",15.57,15.59,15.57,15.58,0.01,+0.06%,0
"2024-09-03 15:04",15.58,15.58,15.52,15.52,-0.06,-0.39%,0
"2024-09-03 15:05",15.52,15.52,15.29,15.29,-0.23,-1.48%,0
"2024-09-03 15:06",15.27,15.3,15.27,15.29,0,0.00%,0
"2024-09-03 15:07",15.28,15.31,15.28,15.3,0.01,+0.07%,0
"2024-09-03 15:08",15.28,15.3,15.28,15.29,-0.01,-0.07%,0
"2024-09-03 15:09",15.28,15.31,15.28,15.31,0.02,+0.13%,0
"2024-09-03 15:10",15.33,15.33,15.31,15.31,0,0.00%,0
"2024-09-03 15:11",15.29,15.3,15.28,15.28,-0.03,-0.20%,0
"2024-09-03 15:12",15.29,15.29,15.24,15.24,-0.04,-0.26%,0
"2024-09-03 15:13",15.24,15.25,15.18,15.19,-0.05,-0.33%,0
"2024-09-03 15:14",15.18,15.18,15.17,15.17,-0.02,-0.13%,0
"2024-09-03 15:15",15.17,15.18,15.17,15.18,0.01,+0.07%,0
"2024-09-03 15:16",15.19,15.23,15.19,15.19,0.01,+0.07%,0
"2024-09-03 15:17",15.18,15.21,15.18,15.21,0.02,+0.13%,0
"2024-09-03 15:18",15.21,15.23,15.21,15.23,0.02,+0.13%,0
"2024-09-03 15:19",15.23,15.23,15.22,15.22,-0.01,-0.07%,0
"2024-09-03 15:20",15.23,15.23,15.2,15.23,0.01,+0.07%,0
"2024-09-03 15:21",15.2,15.2,15.18,15.18,-0.05,-0.33%,0
"2024-09-03 15:22",15.18,15.22,15.18,15.22,0.04,+0.26%,0
"2024-09-03 15:23",15.24,15.24,15.19,15.19,-0.03,-0.20%,0
"2024-09-03 15:24",15.18,15.19,15.15,15.15,-0.04,-0.26%,0
"2024-09-03 15:25",15.16,15.19,15.16,15.18,0.03,+0.20%,0
"2024-09-03 15:26",15.17,15.21,15.17,15.2,0.02,+0.13%,0
"2024-09-03 15:27",15.19,15.25,15.19,15.25,0.05,+0.33%,0
"2024-09-03 15:28",15.24,15.29,15.23,15.23,-0.02,-0.13%,0
"2024-09-03 15:29",15.25,15.28,15.25,15.28,0.05,+0.33%,0
"2024-09-03 15:30",15.3,15.3,15.29,15.3,0.02,+0.13%,0
"2024-09-03 15:31",15.3,15.44,15.3,15.44,0.14,+0.92%,0
"2024-09-03 15:32",15.47,15.47,15.45,15.45,0.01,+0.06%,0
"2024-09-03 15:33",15.45,15.49,15.43,15.46,0.01,+0.06%,0
"2024-09-03 15:34",15.46,15.53,15.46,15.53,0.07,+0.45%,0
"2024-09-03 15:35",15.55,15.85,15.55,15.85,0.32,+2.06%,0
"2024-09-03 15:36",15.91,15.97,15.91,15.97,0.12,+0.76%,0
"2024-09-03 15:37",15.97,16.03,15.94,16.03,0.06,+0.38%,0
"2024-09-03 15:38",16.12,16.39,16.12,16.39,0.36,+2.25%,0
"2024-09-03 15:39",16.42,16.47,16.39,16.47,0.08,+0.49%,0
"2024-09-03 15:40",16.5,16.76,16.5,16.76,0.29,+1.76%,0
"2024-09-03 15:41",16.83,17.14,16.83,17.14,0.38,+2.27%,0
"2024-09-03 15:42",17.14,17.14,16.96,16.98,-0.16,-0.93%,0
"2024-09-03 15:43",17.11,17.24,17,17,0.02,+0.12%,0
"2024-09-03 15:44",16.92,16.99,16.89,16.99,-0.01,-0.06%,0
"2024-09-03 15:45",16.97,17.08,16.97,17.06,0.07,+0.41%,0
"2024-09-03 15:46",17.08,17.26,17.08,17.26,0.2,+1.17%,0
"2024-09-03 15:47",17.35,17.61,17.35,17.52,0.26,+1.51%,0
"2024-09-03 15:48",17.5,17.53,17.4,17.4,-0.12,-0.68%,0
"2024-09-03 15:49",17.38,17.38,17.27,17.27,-0.13,-0.75%,0
"2024-09-03 15:50",17.14,17.14,16.96,17.05,-0.22,-1.27%,0
"2024-09-03 15:51",16.95,17.04,16.65,16.65,-0.4,-2.35%,0
"2024-09-03 15:52",16.49,16.49,16.2,16.2,-0.45,-2.70%,0
"2024-09-03 15:53",16.22,16.34,16.22,16.25,0.05,+0.31%,0
"2024-09-03 15:54",16.25,16.32,16.2,16.32,0.07,+0.43%,0
"2024-09-03 15:55",16.28,16.28,16,16,-0.32,-1.96%,0
"2024-09-03 15:56",15.98,15.98,15.9,15.9,-0.1,-0.63%,0
"2024-09-03 15:57",15.95,15.95,15.81,15.81,-0.09,-0.57%,0
"2024-09-03 15:58",15.78,15.79,15.72,15.73,-0.08,-0.51%,0
"2024-09-03 15:59",15.79,15.8,15.54,15.54,-0.19,-1.21%,0
"2024-09-03 16:00",15.32,15.32,15.13,15.14,-0.4,-2.57%,0
"2024-09-03 16:01",15.16,15.16,15.07,15.07,-0.07,-0.46%,0
"2024-09-03 16:02",15.08,15.14,15.08,15.09,0.02,+0.13%,0
"2024-09-03 16:03",15.01,15.01,14.92,14.92,-0.17,-1.13%,0
"2024-09-03 16:04",14.9,14.9,14.84,14.84,-0.08,-0.54%,0
"2024-09-03 16:05",14.9,14.93,14.9,14.93,0.09,+0.61%,0
"2024-09-03 16:06",15.14,15.14,15.03,15.08,0.15,+1.00%,0
"2024-09-03 16:07",15.05,15.1,15.05,15.1,0.02,+0.13%,0
"2024-09-03 16:08",15.12,15.12,15.07,15.07,-0.03,-0.20%,0
"2024-09-03 16:09",15.08,15.09,15.07,15.07,0,0.00%,0
"2024-09-03 16:10",15.04,15.08,15.04,15.08,0.01,+0.07%,0
"2024-09-03 16:11",15.1,15.14,15.1,15.14,0.06,+0.40%,0
"2024-09-03 16:12",15.17,15.25,15.17,15.25,0.11,+0.73%,0
"2024-09-03 16:13",15.29,15.35,15.19,15.22,-0.03,-0.20%,0
"2024-09-03 16:14",15.17,15.32,15.17,15.32,0.1,+0.66%,0
"2024-09-03 16:15",15.31,15.31,15.31,15.31,-0.01,-0.07%,0
"2024-09-04 09:31",14.38,14.38,14.25,14.25,-1.06,-6.92%,0
"2024-09-04 09:32",14.24,14.28,14.23,14.23,-0.02,-0.14%,0
"2024-09-04 09:33",14.26,14.31,14.26,14.31,0.08,+0.56%,0
"2024-09-04 09:34",14.26,14.27,14.14,14.14,-0.17,-1.19%,0
"2024-09-04 09:35",14.1,14.12,14,14,-0.14,-0.99%,0
"2024-09-04 09:36",14.02,14.08,14.02,14.04,0.04,+0.29%,0
"2024-09-04 09:37",14.02,14.07,13.98,14.05,0.01,+0.07%,0
"2024-09-04 09:38",14.03,14.03,13.98,13.98,-0.07,-0.50%,0
"2024-09-04 09:39",14.04,14.14,14.04,14.14,0.16,+1.14%,0
"2024-09-04 09:40",14.16,14.18,14.15,14.16,0.02,+0.14%,0
"2024-09-04 09:41",14.17,14.38,14.17,14.38,0.22,+1.55%,0
"2024-09-04 09:42",14.34,14.39,14.34,14.35,-0.03,-0.21%,0
"2024-09-04 09:43",14.27,14.29,14.24,14.29,-0.06,-0.42%,0
"2024-09-04 09:44",14.28,14.34,14.28,14.33,0.04,+0.28%,0
"2024-09-04 09:45",14.36,14.38,14.29,14.32,-0.01,-0.07%,0
"2024-09-04 09:46",14.3,14.4,14.3,14.4,0.08,+0.56%,0
"2024-09-04 09:47",14.43,14.52,14.43,14.48,0.08,+0.56%,0
"2024-09-04 09:48",14.45,14.52,14.45,14.52,0.04,+0.28%,0
"2024-09-04 09:49",14.5,14.5,14.49,14.49,-0.03,-0.21%,0
"2024-09-04 09:50",14.42,14.51,14.42,14.48,-0.01,-0.07%,0
"2024-09-04 09:51",14.41,14.41,14.23,14.23,-0.25,-1.73%,0
"2024-09-04 09:52",14.21,14.24,14.18,14.18,-0.05,-0.35%,0
"2024-09-04 09:53",14.17,14.17,14.07,14.07,-0.11,-0.78%,0
"2024-09-04 09:54",14.04,14.27,14.04,14.24,0.17,+1.21%,0
"2024-09-04 09:55",14.25,14.32,14.25,14.3,0.06,+0.42%,0
"2024-09-04 09:56",14.28,14.33,14.27,14.27,-0.03,-0.21%,0
"2024-09-04 09:57",14.27,14.34,14.27,14.31,0.04,+0.28%,0
"2024-09-04 09:58",14.3,14.37,14.3,14.37,0.06,+0.42%,0
"2024-09-04 09:59",14.35,14.35,14.33,14.33,-0.04,-0.28%,0
"2024-09-04 10:00",14.31,14.58,14.31,14.5,0.17,+1.19%,0
"2024-09-04 10:01",14.47,14.47,14.29,14.33,-0.17,-1.17%,0
"2024-09-04 10:02",14.17,14.45,14.17,14.45,0.12,+0.84%,0
"2024-09-04 10:03",14.49,14.49,14.27,14.27,-0.18,-1.25%,0
"2024-09-04 10:04",14.29,14.36,14.29,14.32,0.05,+0.35%,0
"2024-09-04 10:05",14.29,14.44,14.29,14.44,0.12,+0.84%,0
"2024-09-04 10:06",14.42,14.49,14.34,14.34,-0.1,-0.69%,0
"2024-09-04 10:07",14.38,14.42,14.24,14.24,-0.1,-0.70%,0
"2024-09-04 10:08",14.1,14.1,14,14,-0.24,-1.69%,0
"2024-09-04 10:09",13.92,13.92,13.82,13.82,-0.18,-1.29%,0
"2024-09-04 10:10",13.76,13.76,13.56,13.56,-0.26,-1.88%,0
"2024-09-04 10:11",13.51,13.51,13.44,13.46,-0.1,-0.74%,0
"2024-09-04 10:12",13.43,13.52,13.43,13.52,0.06,+0.45%,0
"2024-09-04 10:13",13.57,13.75,13.57,13.72,0.2,+1.48%,0
"2024-09-04 10:14",13.69,13.73,13.69,13.7,-0.02,-0.15%,0
"2024-09-04 10:15",13.65,13.75,13.65,13.75,0.05,+0.36%,0
"2024-09-04 10:16",13.73,13.73,13.68,13.7,-0.05,-0.36%,0
"2024-09-04 10:17",13.71,14.13,13.71,14.13,0.43,+3.14%,0
"2024-09-04 10:18",14.26,14.3,14.15,14.3,0.17,+1.20%,0
"2024-09-04 10:19",14.24,14.24,14.14,14.15,-0.15,-1.05%,0
"2024-09-04 10:20",14.11,14.13,14,14.06,-0.09,-0.64%,0
"2024-09-04 10:21",14.04,14.06,14.02,14.02,-0.04,-0.28%,0
"2024-09-04 10:22",13.97,13.97,13.89,13.89,-0.13,-0.93%,0
"2024-09-04 10:23",13.81,13.81,13.75,13.79,-0.1,-0.72%,0
"2024-09-04 10:24",13.77,13.79,13.71,13.72,-0.07,-0.51%,0
"2024-09-04 10:25",13.66,13.74,13.66,13.74,0.02,+0.15%,0
"2024-09-04 10:26",13.71,13.71,13.65,13.65,-0.09,-0.66%,0
"2024-09-04 10:27",13.57,13.72,13.51,13.51,-0.14,-1.03%,0
"2024-09-04 10:28",13.49,13.49,13.37,13.37,-0.14,-1.04%,0
"2024-09-04 10:29",13.38,13.38,13.25,13.25,-0.12,-0.90%,0
"2024-09-04 10:30",13.13,13.25,13.11,13.25,0,0.00%,0
"2024-09-04 10:31",13.18,13.21,13.16,13.16,-0.09,-0.68%,0
"2024-09-04 10:32",13.16,13.19,13.14,13.14,-0.02,-0.15%,0
"2024-09-04 10:33",13.11,13.11,13.05,13.05,-0.09,-0.68%,0
"2024-09-04 10:34",13.03,13.06,13.03,13.04,-0.01,-0.08%,0
"2024-09-04 10:35",13,13.14,13,13.14,0.1,+0.77%,0
"2024-09-04 10:36",13.16,13.17,13.14,13.14,0,0.00%,0
"2024-09-04 10:37",13.15,13.17,13.15,13.17,0.03,+0.23%,0
"2024-09-04 10:38",13.2,13.2,13.15,13.15,-0.02,-0.15%,0
"2024-09-04 10:39",13.11,13.11,13.04,13.04,-0.11,-0.84%,0
"2024-09-04 10:40",13.07,13.12,13.07,13.12,0.08,+0.61%,0
"2024-09-04 10:41",13.08,13.13,13.08,13.13,0.01,+0.08%,0
"2024-09-04 10:42",13.12,13.22,13.12,13.22,0.09,+0.69%,0
"2024-09-04 10:43",13.2,13.2,13.08,13.08,-0.14,-1.06%,0
"2024-09-04 10:44",13.08,13.08,13,13,-0.08,-0.61%,0
"2024-09-04 10:45",12.98,12.98,12.96,12.96,-0.04,-0.31%,0
"2024-09-04 10:46",12.99,13.03,12.99,13.03,0.07,+0.54%,0
"2024-09-04 10:47",13.08,13.13,13.08,13.13,0.1,+0.77%,0
"2024-09-04 10:48",13.1,13.24,13.1,13.24,0.11,+0.84%,0
"2024-09-04 10:49",13.28,13.28,13.24,13.24,0,0.00%,0
"2024-09-04 10:50",13.23,13.26,13.23,13.25,0.01,+0.08%,0
"2024-09-04 10:51",13.24,13.24,13.23,13.23,-0.02,-0.15%,0
"2024-09-04 10:52",13.21,13.25,13.21,13.23,0,0.00%,0
"2024-09-04 10:53",13.24,13.26,13.19,13.19,-0.04,-0.30%,0
"2024-09-04 10:54",13.16,13.2,13.16,13.17,-0.02,-0.15%,0
"2024-09-04 10:55",13.14,13.14,13.1,13.11,-0.06,-0.46%,0
"2024-09-04 10:56",13.09,13.09,13.03,13.03,-0.08,-0.61%,0
"2024-09-04 10:57",12.96,12.96,12.93,12.93,-0.1,-0.77%,0
"2024-09-04 10:58",12.92,12.95,12.89,12.89,-0.04,-0.31%,0
"2024-09-04 10:59",12.86,12.89,12.86,12.87,-0.02,-0.16%,0
"2024-09-04 11:00",12.89,12.9,12.86,12.86,-0.01,-0.08%,0
"2024-09-04 11:01",12.82,12.86,12.82,12.86,0,0.00%,0
"2024-09-04 11:02",12.84,12.86,12.82,12.82,-0.04,-0.31%,0
"2024-09-04 11:03",12.84,12.85,12.8,12.8,-0.02,-0.16%,0
"2024-09-04 11:04",12.78,12.78,12.73,12.73,-0.07,-0.55%,0
"2024-09-04 11:05",12.71,12.74,12.71,12.72,-0.01,-0.08%,0
"2024-09-04 11:06",12.73,12.73,12.7,12.7,-0.02,-0.16%,0
"2024-09-04 11:07",12.72,12.75,12.72,12.74,0.04,+0.31%,0
"2024-09-04 11:08",12.76,12.8,12.74,12.77,0.03,+0.24%,0
"2024-09-04 11:09",12.8,12.91,12.8,12.91,0.14,+1.10%,0
"2024-09-04 11:10",13.04,13.04,12.98,12.98,0.07,+0.54%,0
"2024-09-04 11:11",12.96,13.03,12.96,12.97,-0.01,-0.08%,0
"2024-09-04 11:12",12.99,13.06,12.99,13.04,0.07,+0.54%,0
"2024-09-04 11:13",13.05,13.12,13.05,13.12,0.08,+0.61%,0
"2024-09-04 11:14",13.12,13.26,13.12,13.26,0.14,+1.07%,0
"2024-09-04 11:15",13.24,13.32,13.24,13.32,0.06,+0.45%,0
"2024-09-04 11:16",13.3,13.36,13.28,13.28,-0.04,-0.30%,0
"2024-09-04 11:17",13.26,13.27,13.25,13.27,-0.01,-0.08%,0
"2024-09-04 11:18",13.36,13.45,13.36,13.43,0.16,+1.21%,0
"2024-09-04 11:19",13.38,13.38,13.12,13.12,-0.31,-2.31%,0
"2024-09-04 11:20",13.17,13.2,13.16,13.2,0.08,+0.61%,0
"2024-09-04 11:21",13.27,13.54,13.27,13.48,0.28,+2.12%,0
"2024-09-04 11:22",13.47,13.51,13.46,13.51,0.03,+0.22%,0
"2024-09-04 11:23",13.53,13.53,13.42,13.42,-0.09,-0.67%,0
"2024-09-04 11:24",13.46,13.46,13.43,13.43,0.01,+0.07%,0
"2024-09-04 11:25",13.41,13.52,13.41,13.45,0.02,+0.15%,0
"2024-09-04 11:26",13.36,13.49,13.36,13.46,0.01,+0.07%,0
"2024-09-04 11:27",13.46,13.51,13.46,13.47,0.01,+0.07%,0
"2024-09-04 11:28",13.48,13.67,13.48,13.67,0.2,+1.48%,0
"2024-09-04 11:29",13.61,13.61,13.56,13.59,-0.08,-0.59%,0
"2024-09-04 11:30",13.64,13.91,13.64,13.91,0.32,+2.35%,0
"2024-09-04 11:31",14.21,14.21,13.96,13.96,0.05,+0.36%,0
"2024-09-04 11:32",13.99,14.05,13.99,14.04,0.08,+0.57%,0
"2024-09-04 11:33",14.03,14.05,13.93,13.93,-0.11,-0.78%,0
"2024-09-04 11:34",13.76,13.81,13.76,13.81,-0.12,-0.86%,0
"2024-09-04 11:35",13.84,13.91,13.84,13.91,0.1,+0.72%,0
"2024-09-04 11:36",13.85,13.9,13.83,13.83,-0.08,-0.58%,0
"2024-09-04 11:37",13.9,13.98,13.9,13.91,0.08,+0.58%,0
"2024-09-04 11:38",13.89,14,13.89,14,0.09,+0.65%,0
"2024-09-04 11:39",14,14.17,14,14.11,0.11,+0.79%,0
"2024-09-04 11:40",14.13,14.23,14.13,14.19,0.08,+0.57%,0
"2024-09-04 11:41",14.21,14.21,14.13,14.16,-0.03,-0.21%,0
"2024-09-04 11:42",14.11,14.22,14.11,14.14,-0.02,-0.14%,0
"2024-09-04 11:43",14.18,14.18,14.13,14.14,0,0.00%,0
"2024-09-04 11:44",14.13,14.13,13.95,13.96,-0.18,-1.27%,0
"2024-09-04 11:45",14.08,14.08,13.94,13.94,-0.02,-0.14%,0
"2024-09-04 11:46",13.95,13.99,13.95,13.95,0.01,+0.07%,0
"2024-09-04 11:47",13.96,14,13.86,13.86,-0.09,-0.65%,0
"2024-09-04 11:48",13.87,13.95,13.87,13.92,0.06,+0.43%,0
"2024-09-04 11:49",13.91,13.93,13.91,13.92,0,0.00%,0
"2024-09-04 11:50",13.92,13.92,13.77,13.77,-0.15,-1.08%,0
"2024-09-04 11:51",13.78,13.84,13.75,13.84,0.07,+0.51%,0
"2024-09-04 11:52",13.85,13.87,13.85,13.87,0.03,+0.22%,0
"2024-09-04 11:53",13.83,13.85,13.79,13.79,-0.08,-0.58%,0
"2024-09-04 11:54",13.78,13.78,13.73,13.73,-0.06,-0.44%,0
"2024-09-04 11:55",13.71,13.8,13.71,13.77,0.04,+0.29%,0
"2024-09-04 11:56",13.81,14.1,13.81,14.1,0.33,+2.40%,0
"2024-09-04 11:57",14.22,14.22,14.14,14.16,0.06,+0.43%,0
"2024-09-04 11:58",14.16,14.16,13.91,13.91,-0.25,-1.77%,0
"2024-09-04 11:59",13.89,13.99,13.89,13.98,0.07,+0.50%,0
"2024-09-04 12:00",13.98,14.05,13.98,14.04,0.06,+0.43%,0
"2024-09-04 12:01",14.05,14.05,14.03,14.04,0,0.00%,0
"2024-09-04 12:02",14.07,14.17,14.07,14.17,0.13,+0.93%,0
"2024-09-04 12:03",14.19,14.22,14.18,14.18,0.01,+0.07%,0
"2024-09-04 12:04",14.18,14.33,14.18,14.33,0.15,+1.06%,0
"2024-09-04 12:05",14.39,14.4,14.38,14.38,0.05,+0.35%,0
"2024-09-04 12:06",14.29,14.33,14.26,14.26,-0.12,-0.83%,0
"2024-09-04 12:07",14.27,14.28,14.21,14.21,-0.05,-0.35%,0
"2024-09-04 12:08",14.28,14.37,14.28,14.37,0.16,+1.13%,0
"2024-09-04 12:09",14.36,14.36,14.16,14.16,-0.21,-1.46%,0
"2024-09-04 12:10",14.14,14.14,14.09,14.09,-0.07,-0.49%,0
"2024-09-04 12:11",14.1,14.15,14.09,14.15,0.06,+0.43%,0
"2024-09-04 12:12",14.17,14.27,14.17,14.25,0.1,+0.71%,0
"2024-09-04 12:13",14.23,14.29,14.23,14.29,0.04,+0.28%,0
"2024-09-04 12:14",14.28,14.32,14.28,14.31,0.02,+0.14%,0
"2024-09-04 12:15",14.34,14.34,14.22,14.22,-0.09,-0.63%,0
"2024-09-04 12:16",14.19,14.22,14.16,14.16,-0.06,-0.42%,0
"2024-09-04 12:17",14.05,14.05,14.02,14.02,-0.14,-0.99%,0
"2024-09-04 12:18",14.02,14.04,14.01,14.04,0.02,+0.14%,0
"2024-09-04 12:19",14.03,14.09,14.03,14.09,0.05,+0.36%,0
"2024-09-04 12:20",14.15,14.17,14.08,14.08,-0.01,-0.07%,0
"2024-09-04 12:21",14.08,14.09,14.07,14.08,0,0.00%,0
"2024-09-04 12:22",14.07,14.1,14.01,14.1,0.02,+0.14%,0
"2024-09-04 12:23",14.1,14.13,14.1,14.11,0.01,+0.07%,0
"2024-09-04 12:24",14.11,14.11,14,14,-0.11,-0.78%,0
"2024-09-04 12:25",13.95,14.02,13.95,14,0,0.00%,0
"2024-09-04 12:26",14,14.01,13.96,14.01,0.01,+0.07%,0
"2024-09-04 12:27",14.06,14.06,14,14.03,0.02,+0.14%,0
"2024-09-04 12:28",14.03,14.11,14.03,14.11,0.08,+0.57%,0
"2024-09-04 12:29",14.1,14.17,14.1,14.1,-0.01,-0.07%,0
"2024-09-04 12:30",14.09,14.09,13.97,13.97,-0.13,-0.92%,0
"2024-09-04 12:31",13.96,13.99,13.96,13.96,-0.01,-0.07%,0
"2024-09-04 12:32",13.95,13.97,13.87,13.87,-0.09,-0.64%,0
"2024-09-04 12:33",13.83,13.87,13.81,13.81,-0.06,-0.43%,0
"2024-09-04 12:34",13.81,13.83,13.81,13.82,0.01,+0.07%,0
"2024-09-04 12:35",13.8,13.84,13.8,13.84,0.02,+0.14%,0
"2024-09-04 12:36",13.85,13.88,13.85,13.88,0.04,+0.29%,0
"2024-09-04 12:37",13.88,13.89,13.88,13.88,0,0.00%,0
"2024-09-04 12:38",13.89,13.9,13.86,13.89,0.01,+0.07%,0
"2024-09-04 12:39",13.88,13.95,13.88,13.95,0.06,+0.43%,0
"2024-09-04 12:40",13.96,13.98,13.96,13.97,0.02,+0.14%,0
"2024-09-04 12:41",13.98,14.15,13.98,14.15,0.18,+1.29%,0
"2024-09-04 12:42",14.13,14.23,14.13,14.23,0.08,+0.57%,0
"2024-09-04 12:43",14.16,14.21,14.14,14.21,-0.02,-0.14%,0
"2024-09-04 12:44",14.28,14.56,14.28,14.55,0.34,+2.39%,0
"2024-09-04 12:45",14.59,14.59,14.41,14.41,-0.14,-0.96%,0
"2024-09-04 12:46",14.42,14.63,14.42,14.57,0.16,+1.11%,0
"2024-09-04 12:47",14.49,14.49,14.45,14.45,-0.12,-0.82%,0
"2024-09-04 12:48",14.35,14.39,14.35,14.38,-0.07,-0.48%,0
"2024-09-04 12:49",14.51,14.56,14.51,14.54,0.16,+1.11%,0
"2024-09-04 12:50",14.48,14.52,14.48,14.5,-0.04,-0.28%,0
"2024-09-04 12:51",14.55,14.55,14.39,14.39,-0.11,-0.76%,0
"2024-09-04 12:52",14.4,14.41,14.35,14.35,-0.04,-0.28%,0
"2024-09-04 12:53",14.27,14.32,14.26,14.29,-0.06,-0.42%,0
"2024-09-04 12:54",14.32,14.33,14.32,14.32,0.03,+0.21%,0
"2024-09-04 12:55",14.31,14.35,14.3,14.3,-0.02,-0.14%,0
"2024-09-04 12:56",14.32,14.37,14.32,14.36,0.06,+0.42%,0
"2024-09-04 12:57",14.39,14.46,14.39,14.43,0.07,+0.49%,0
"2024-09-04 12:58",14.4,14.41,14.38,14.38,-0.05,-0.35%,0
"2024-09-04 12:59",14.38,14.41,14.38,14.4,0.02,+0.14%,0
"2024-09-04 13:00",14.38,14.41,14.38,14.41,0.01,+0.07%,0
"2024-09-04 13:01",14.42,14.44,14.41,14.42,0.01,+0.07%,0
"2024-09-04 13:02",14.39,14.48,14.39,14.47,0.05,+0.35%,0
"2024-09-04 13:03",14.44,14.6,14.44,14.6,0.13,+0.90%,0
"2024-09-04 13:04",14.59,14.67,14.59,14.61,0.01,+0.07%,0
"2024-09-04 13:05",14.64,14.64,14.52,14.57,-0.04,-0.27%,0
"2024-09-04 13:06",14.55,14.55,14.46,14.46,-0.11,-0.75%,0
"2024-09-04 13:07",14.5,14.63,14.5,14.63,0.17,+1.18%,0
"2024-09-04 13:08",14.63,14.63,14.58,14.58,-0.05,-0.34%,0
"2024-09-04 13:09",14.57,14.59,14.53,14.53,-0.05,-0.34%,0
"2024-09-04 13:10",14.51,14.51,14.42,14.42,-0.11,-0.76%,0
"2024-09-04 13:11",14.4,14.4,14.37,14.37,-0.05,-0.35%,0
"2024-09-04 13:12",14.39,14.41,14.39,14.41,0.04,+0.28%,0
"2024-09-04 13:13",14.4,14.45,14.4,14.45,0.04,+0.28%,0
"2024-09-04 13:14",14.49,14.62,14.49,14.57,0.12,+0.83%,0
"2024-09-04 13:15",14.6,14.6,14.55,14.55,-0.02,-0.14%,0
"2024-09-04 13:16",14.52,14.73,14.52,14.73,0.18,+1.24%,0
"2024-09-04 13:17",14.74,14.77,14.67,14.67,-0.06,-0.41%,0
"2024-09-04 13:18",14.63,14.72,14.63,14.69,0.02,+0.14%,0
"2024-09-04 13:19",14.67,14.72,14.65,14.72,0.03,+0.20%,0
"2024-09-04 13:20",14.74,14.74,14.66,14.66,-0.06,-0.41%,0
"2024-09-04 13:21",14.67,14.78,14.67,14.78,0.12,+0.82%,0
"2024-09-04 13:22",14.74,14.74,14.66,14.67,-0.11,-0.74%,0
"2024-09-04 13:23",14.71,14.84,14.71,14.84,0.17,+1.16%,0
"2024-09-04 13:24",14.82,15,14.82,15,0.16,+1.08%,0
"2024-09-04 13:25",14.95,15.01,14.95,15.01,0.01,+0.07%,0
"2024-09-04 13:26",15,15.08,15,15.08,0.07,+0.47%,0
"2024-09-04 13:27",15,15.09,15,15.09,0.01,+0.07%,0
"2024-09-04 13:28",15.15,15.16,15.14,15.14,0.05,+0.33%,0
"2024-09-04 13:29",15.15,15.15,15.11,15.12,-0.02,-0.13%,0
"2024-09-04 13:30",15.11,15.14,15.11,15.13,0.01,+0.07%,0
"2024-09-04 13:31",15.09,15.21,15.09,15.21,0.08,+0.53%,0
"2024-09-04 13:32",15.23,15.26,15.2,15.2,-0.01,-0.07%,0
"2024-09-04 13:33",15.2,15.22,15.17,15.22,0.02,+0.13%,0
"2024-09-04 13:34",15.25,15.26,15.23,15.26,0.04,+0.26%,0
"2024-09-04 13:35",15.24,15.27,15.24,15.26,0,0.00%,0
"2024-09-04 13:36",15.25,15.32,15.25,15.25,-0.01,-0.07%,0
"2024-09-04 13:37",15.25,15.25,15.18,15.18,-0.07,-0.46%,0
"2024-09-04 13:38",15.17,15.33,15.17,15.33,0.15,+0.99%,0
"2024-09-04 13:39",15.33,15.33,15.26,15.26,-0.07,-0.46%,0
"2024-09-04 13:40",15.29,15.29,15.22,15.22,-0.04,-0.26%,0
"2024-09-04 13:41",15.22,15.22,15.17,15.17,-0.05,-0.33%,0
"2024-09-04 13:42",15.2,15.35,15.2,15.35,0.18,+1.19%,0
"2024-09-04 13:43",15.33,15.41,15.33,15.41,0.06,+0.39%,0
"2024-09-04 13:44",15.4,15.54,15.4,15.51,0.1,+0.65%,0
"2024-09-04 13:45",15.51,15.51,15.41,15.41,-0.1,-0.64%,0
"2024-09-04 13:46",15.41,15.41,15.34,15.34,-0.07,-0.45%,0
"2024-09-04 13:47",15.31,15.31,15.18,15.18,-0.16,-1.04%,0
"2024-09-04 13:48",15.21,15.37,15.21,15.37,0.19,+1.25%,0
"2024-09-04 13:49",15.33,15.43,15.33,15.43,0.06,+0.39%,0
"2024-09-04 13:50",15.43,15.44,15.43,15.44,0.01,+0.06%,0
"2024-09-04 13:51",15.46,15.58,15.46,15.58,0.14,+0.91%,0
"2024-09-04 13:52",15.62,15.62,15.59,15.62,0.04,+0.26%,0
"2024-09-04 13:53",15.65,15.73,15.65,15.72,0.1,+0.64%,0
"2024-09-04 13:54",15.69,15.69,15.65,15.65,-0.07,-0.45%,0
"2024-09-04 13:55",15.6,15.69,15.6,15.67,0.02,+0.13%,0
"2024-09-04 13:56",15.72,15.72,15.6,15.6,-0.07,-0.45%,0
"2024-09-04 13:57",15.55,15.66,15.55,15.66,0.06,+0.38%,0
"2024-09-04 13:58",15.66,15.77,15.66,15.72,0.06,+0.38%,0
"2024-09-04 13:59",15.72,15.76,15.72,15.76,0.04,+0.25%,0
"2024-09-04 14:00",15.74,15.79,15.74,15.77,0.01,+0.06%,0
"2024-09-04 14:01",15.74,15.76,15.74,15.76,-0.01,-0.06%,0
"2024-09-04 14:02",15.77,15.8,15.75,15.75,-0.01,-0.06%,0
"2024-09-04 14:03",15.75,15.84,15.75,15.81,0.06,+0.38%,0
"2024-09-04 14:04",15.8,15.82,15.76,15.82,0.01,+0.06%,0
"2024-09-04 14:05",15.86,15.97,15.86,15.97,0.15,+0.95%,0
"2024-09-04 14:06",15.97,15.97,15.91,15.92,-0.05,-0.31%,0
"2024-09-04 14:07",15.89,15.89,15.82,15.86,-0.06,-0.38%,0
"2024-09-04 14:08",15.89,15.89,15.87,15.87,0.01,+0.06%,0
"2024-09-04 14:09",15.87,15.9,15.85,15.9,0.03,+0.19%,0
"2024-09-04 14:10",15.9,15.9,15.73,15.73,-0.17,-1.07%,0
"2024-09-04 14:11",15.79,15.88,15.79,15.83,0.1,+0.64%,0
"2024-09-04 14:12",15.81,15.89,15.81,15.87,0.04,+0.25%,0
"2024-09-04 14:13",15.86,15.86,15.75,15.75,-0.12,-0.76%,0
"2024-09-04 14:14",15.73,15.73,15.72,15.72,-0.03,-0.19%,0
"2024-09-04 14:15",15.67,15.67,15.55,15.55,-0.17,-1.08%,0
"2024-09-04 14:16",15.51,15.56,15.51,15.53,-0.02,-0.13%,0
"2024-09-04 14:17",15.53,15.61,15.53,15.58,0.05,+0.32%,0
"2024-09-04 14:18",15.56,15.65,15.56,15.6,0.02,+0.13%,0
"2024-09-04 14:19",15.65,15.73,15.65,15.71,0.11,+0.71%,0
"2024-09-04 14:20",15.71,15.76,15.71,15.75,0.04,+0.25%,0
"2024-09-04 14:21",15.74,15.84,15.74,15.74,-0.01,-0.06%,0
"2024-09-04 14:22",15.76,15.76,15.74,15.74,0,0.00%,0
"2024-09-04 14:23",15.84,15.84,15.75,15.75,0.01,+0.06%,0
"2024-09-04 14:24",15.69,15.69,15.65,15.66,-0.09,-0.57%,0
"2024-09-04 14:25",15.66,15.66,15.62,15.62,-0.04,-0.26%,0
"2024-09-04 14:26",15.54,15.54,15.51,15.52,-0.1,-0.64%,0
"2024-09-04 14:27",15.49,15.55,15.49,15.54,0.02,+0.13%,0
"2024-09-04 14:28",15.54,15.64,15.54,15.64,0.1,+0.64%,0
"2024-09-04 14:29",15.63,15.65,15.61,15.65,0.01,+0.06%,0
"2024-09-04 14:30",15.59,15.64,15.57,15.57,-0.08,-0.51%,0
"2024-09-04 14:31",15.49,15.49,15.47,15.47,-0.1,-0.64%,0
"2024-09-04 14:32",15.45,15.48,15.43,15.47,0,0.00%,0
"2024-09-04 14:33",15.51,15.71,15.51,15.71,0.24,+1.55%,0
"2024-09-04 14:34",15.72,15.83,15.72,15.81,0.1,+0.64%,0
"2024-09-04 14:35",15.85,16.1,15.85,16.02,0.21,+1.33%,0
"2024-09-04 14:36",15.96,16.02,15.96,16.01,-0.01,-0.06%,0
"2024-09-04 14:37",16.11,16.22,16.11,16.18,0.17,+1.06%,0
"2024-09-04 14:38",16.27,16.43,16.27,16.37,0.19,+1.17%,0
"2024-09-04 14:39",16.36,16.46,16.36,16.44,0.07,+0.43%,0
"2024-09-04 14:40",16.41,16.41,16.31,16.31,-0.13,-0.79%,0
"2024-09-04 14:41",16.26,16.29,16.21,16.25,-0.06,-0.37%,0
"2024-09-04 14:42",16.23,16.3,16.19,16.25,0,0.00%,0
"2024-09-04 14:43",16.21,16.29,16.21,16.29,0.04,+0.25%,0
"2024-09-04 14:44",16.3,16.36,16.3,16.35,0.06,+0.37%,0
"2024-09-04 14:45",16.35,16.4,16.35,16.4,0.05,+0.31%,0
"2024-09-04 14:46",16.35,16.38,16.35,16.36,-0.04,-0.24%,0
"2024-09-04 14:47",16.38,16.46,16.35,16.35,-0.01,-0.06%,0
"2024-09-04 14:48",16.33,16.35,16.26,16.26,-0.09,-0.55%,0
"2024-09-04 14:49",16.19,16.27,16.19,16.27,0.01,+0.06%,0
"2024-09-04 14:50",16.28,16.3,16.24,16.24,-0.03,-0.18%,0
"2024-09-04 14:51",16.13,16.35,16.13,16.35,0.11,+0.68%,0
"2024-09-04 14:52",16.35,16.44,16.35,16.43,0.08,+0.49%,0
"2024-09-04 14:53",16.47,16.47,16.35,16.35,-0.08,-0.49%,0
"2024-09-04 14:54",16.37,16.37,16.21,16.21,-0.14,-0.86%,0
"2024-09-04 14:55",16.25,16.33,16.23,16.23,0.02,+0.12%,0
"2024-09-04 14:56",16.24,16.26,16.24,16.26,0.03,+0.18%,0
"2024-09-04 14:57",16.33,16.41,16.33,16.41,0.15,+0.92%,0
"2024-09-04 14:58",16.43,16.47,16.4,16.4,-0.01,-0.06%,0
"2024-09-04 14:59",16.41,16.47,16.41,16.47,0.07,+0.43%,0
"2024-09-04 15:00",16.47,16.71,16.47,16.52,0.05,+0.30%,0
"2024-09-04 15:01",16.51,16.51,16.37,16.42,-0.1,-0.61%,0
"2024-09-04 15:02",16.34,16.43,16.34,16.42,0,0.00%,0
"2024-09-04 15:03",16.41,16.48,16.41,16.48,0.06,+0.37%,0
"2024-09-04 15:04",16.45,16.45,16.38,16.41,-0.07,-0.42%,0
"2024-09-04 15:05",16.39,16.39,16.31,16.33,-0.08,-0.49%,0
"2024-09-04 15:06",16.33,16.36,16.33,16.33,0,0.00%,0
"2024-09-04 15:07",16.29,16.29,16.22,16.22,-0.11,-0.67%,0
"2024-09-04 15:08",16.18,16.31,16.18,16.31,0.09,+0.55%,0
"2024-09-04 15:09",16.33,16.38,16.33,16.38,0.07,+0.43%,0
"2024-09-04 15:10",16.33,16.45,16.33,16.45,0.07,+0.43%,0
"2024-09-04 15:11",16.4,16.44,16.17,16.17,-0.28,-1.70%,0
"2024-09-04 15:12",16.42,16.48,16.42,16.48,0.31,+1.92%,0
"2024-09-04 15:13",16.41,16.48,16.41,16.47,-0.01,-0.06%,0
"2024-09-04 15:14",16.49,16.5,16.45,16.46,-0.01,-0.06%,0
"2024-09-04 15:15",16.5,16.5,16.31,16.31,-0.15,-0.91%,0
"2024-09-04 15:16",16.37,16.37,16.26,16.26,-0.05,-0.31%,0
"2024-09-04 15:17",16.28,16.41,16.28,16.41,0.15,+0.92%,0
"2024-09-04 15:18",16.39,16.44,16.39,16.43,0.02,+0.12%,0
"2024-09-04 15:19",16.44,16.45,16.4,16.4,-0.03,-0.18%,0
"2024-09-04 15:20",16.42,16.42,16.33,16.33,-0.07,-0.43%,0
"2024-09-04 15:21",16.34,16.34,16.3,16.3,-0.03,-0.18%,0
"2024-09-04 15:22",16.26,16.26,16.13,16.2,-0.1,-0.61%,0
"2024-09-04 15:23",16.15,16.24,16.15,16.18,-0.02,-0.12%,0
"2024-09-04 15:24",16.22,16.22,16.14,16.14,-0.04,-0.25%,0
"2024-09-04 15:25",16.08,16.18,16.08,16.18,0.04,+0.25%,0
"2024-09-04 15:26",16.2,16.2,16.15,16.15,-0.03,-0.19%,0
"2024-09-04 15:27",16.07,16.1,16.04,16.04,-0.11,-0.68%,0
"2024-09-04 15:28",16.07,16.14,16.07,16.13,0.09,+0.56%,0
"2024-09-04 15:29",16.1,16.1,15.95,15.95,-0.18,-1.12%,0
"2024-09-04 15:30",15.96,16.04,15.96,15.98,0.03,+0.19%,0
"2024-09-04 15:31",15.97,16.01,15.97,15.97,-0.01,-0.06%,0
"2024-09-04 15:32",15.95,16.07,15.95,16.07,0.1,+0.63%,0
"2024-09-04 15:33",16.11,16.15,16.11,16.15,0.08,+0.50%,0
"2024-09-04 15:34",16.15,16.29,16.15,16.27,0.12,+0.74%,0
"2024-09-04 15:35",16.25,16.36,16.25,16.36,0.09,+0.55%,0
"2024-09-04 15:36",16.33,16.47,16.33,16.45,0.09,+0.55%,0
"2024-09-04 15:37",16.39,16.41,16.34,16.34,-0.11,-0.67%,0
"2024-09-04 15:38",16.39,16.39,16.29,16.29,-0.05,-0.31%,0
"2024-09-04 15:39",16.29,16.34,16.29,16.32,0.03,+0.18%,0
"2024-09-04 15:40",16.34,16.36,16.29,16.29,-0.03,-0.18%,0
"2024-09-04 15:41",16.29,16.29,16.26,16.26,-0.03,-0.18%,0
"2024-09-04 15:42",16.27,16.41,16.27,16.4,0.14,+0.86%,0
"2024-09-04 15:43",16.39,16.41,16.33,16.33,-0.07,-0.43%,0
"2024-09-04 15:44",16.27,16.31,16.27,16.28,-0.05,-0.31%,0
"2024-09-04 15:45",16.25,16.27,16.23,16.23,-0.05,-0.31%,0
"2024-09-04 15:46",16.27,16.3,16.22,16.22,-0.01,-0.06%,0
"2024-09-04 15:47",16.17,16.17,16.13,16.16,-0.06,-0.37%,0
"2024-09-04 15:48",16.18,16.18,16.12,16.12,-0.04,-0.25%,0
"2024-09-04 15:49",16.13,16.15,16.08,16.08,-0.04,-0.25%,0
"2024-09-04 15:50",16.11,16.15,15.98,15.98,-0.1,-0.62%,0
"2024-09-04 15:51",15.97,15.97,15.79,15.81,-0.17,-1.06%,0
"2024-09-04 15:52",15.84,15.97,15.84,15.97,0.16,+1.01%,0
"2024-09-04 15:53",15.98,16.01,15.98,16,0.03,+0.19%,0
"2024-09-04 15:54",15.96,16.1,15.96,16.03,0.03,+0.19%,0
"2024-09-04 15:55",16.03,16.16,16.03,16.03,0,0.00%,0
"2024-09-04 15:56",15.94,16.02,15.94,15.99,-0.04,-0.25%,0
"2024-09-04 15:57",15.93,15.93,15.79,15.79,-0.2,-1.25%,0
"2024-09-04 15:58",15.73,15.74,15.71,15.74,-0.05,-0.32%,0
"2024-09-04 15:59",15.59,15.73,15.59,15.73,-0.01,-0.06%,0
"2024-09-04 16:00",15.56,15.77,15.56,15.61,-0.12,-0.76%,0
"2024-09-04 16:01",15.78,15.91,15.78,15.91,0.3,+1.92%,0
"2024-09-04 16:02",15.89,15.92,15.88,15.92,0.01,+0.06%,0
"2024-09-04 16:03",15.92,15.92,15.71,15.87,-0.05,-0.31%,0
"2024-09-04 16:04",15.85,15.93,15.85,15.93,0.06,+0.38%,0
"2024-09-04 16:05",15.93,15.98,15.93,15.97,0.04,+0.25%,0
"2024-09-04 16:06",15.99,16,15.98,16,0.03,+0.19%,0
"2024-09-04 16:07",16,16.03,16,16.03,0.03,+0.19%,0
"2024-09-04 16:08",16.05,16.05,15.95,15.98,-0.05,-0.31%,0
"2024-09-04 16:09",15.98,16,15.97,16,0.02,+0.13%,0
"2024-09-04 16:10",15.98,15.99,15.83,15.99,-0.01,-0.06%,0
"2024-09-04 16:11",15.86,15.9,15.86,15.9,-0.09,-0.56%,0
"2024-09-04 16:12",15.91,16.18,15.91,16.06,0.16,+1.01%,0
"2024-09-04 16:13",16.07,16.13,16.07,16.13,0.07,+0.44%,0
"2024-09-04 16:14",16.16,16.2,16.15,16.2,0.07,+0.43%,0
"2024-09-04 16:15",16.2,16.2,16.2,16.2,0,0.00%,0
"2024-09-05 09:31",14.25,14.29,14.25,14.27,-1.93,-11.91%,0
"2024-09-05 09:32",14.43,14.46,14.43,14.46,0.19,+1.33%,0
"2024-09-05 09:33",14.46,14.46,14.41,14.42,-0.04,-0.28%,0
"2024-09-05 09:34",14.48,14.67,14.48,14.67,0.25,+1.73%,0
"2024-09-05 09:35",14.74,14.74,14.57,14.57,-0.1,-0.68%,0
"2024-09-05 09:36",14.6,14.69,14.6,14.62,0.05,+0.34%,0
"2024-09-05 09:37",14.6,14.61,14.55,14.55,-0.07,-0.48%,0
"2024-09-05 09:38",14.55,14.59,14.55,14.58,0.03,+0.21%,0
"2024-09-05 09:39",14.6,14.6,14.53,14.6,0.02,+0.14%,0
"2024-09-05 09:40",14.76,14.76,14.68,14.71,0.11,+0.75%,0
"2024-09-05 09:41",14.64,14.68,14.64,14.68,-0.03,-0.20%,0
"2024-09-05 09:42",14.64,14.69,14.58,14.62,-0.06,-0.41%,0
"2024-09-05 09:43",14.55,14.62,14.55,14.58,-0.04,-0.27%,0
"2024-09-05 09:44",14.54,14.56,14.45,14.45,-0.13,-0.89%,0
"2024-09-05 09:45",14.36,14.36,14.14,14.19,-0.26,-1.80%,0
"2024-09-05 09:46",14.24,14.6,14.24,14.6,0.41,+2.89%,0
"2024-09-05 09:47",14.51,14.61,14.51,14.61,0.01,+0.07%,0
"2024-09-05 09:48",14.55,14.64,14.55,14.59,-0.02,-0.14%,0
"2024-09-05 09:49",14.64,14.77,14.6,14.6,0.01,+0.07%,0
"2024-09-05 09:50",14.62,14.7,14.62,14.7,0.1,+0.68%,0
"2024-09-05 09:51",14.61,14.66,14.61,14.63,-0.07,-0.48%,0
"2024-09-05 09:52",14.63,14.63,14.49,14.49,-0.14,-0.96%,0
"2024-09-05 09:53",14.47,14.47,14.33,14.35,-0.14,-0.97%,0
"2024-09-05 09:54",14.36,14.36,14.29,14.29,-0.06,-0.42%,0
"2024-09-05 09:55",14.26,14.34,14.21,14.34,0.05,+0.35%,0
"2024-09-05 09:56",14.31,14.31,14.25,14.25,-0.09,-0.63%,0
"2024-09-05 09:57",14.21,14.23,14.19,14.23,-0.02,-0.14%,0
"2024-09-05 09:58",14.23,14.24,14.23,14.23,0,0.00%,0
"2024-09-05 09:59",14.21,14.3,14.21,14.3,0.07,+0.49%,0
"2024-09-05 10:00",14.23,14.23,13.62,13.62,-0.68,-4.76%,0
"2024-09-05 10:01",13.52,13.52,13.14,13.14,-0.48,-3.52%,0
"2024-09-05 10:02",13.06,13.06,12.89,12.89,-0.25,-1.90%,0
"2024-09-05 10:03",12.83,12.92,12.83,12.83,-0.06,-0.47%,0
"2024-09-05 10:04",12.88,12.95,12.88,12.95,0.12,+0.94%,0
"2024-09-05 10:05",13.03,13.09,13.03,13.09,0.14,+1.08%,0
"2024-09-05 10:06",13.11,13.25,13.11,13.2,0.11,+0.84%,0
"2024-09-05 10:07",13.12,13.29,13.12,13.29,0.09,+0.68%,0
"2024-09-05 10:08",13.33,13.38,13.3,13.3,0.01,+0.08%,0
"2024-09-05 10:09",13.24,13.52,13.24,13.52,0.22,+1.65%,0
"2024-09-05 10:10",13.39,13.53,13.39,13.53,0.01,+0.07%,0
"2024-09-05 10:11",13.58,13.79,13.58,13.79,0.26,+1.92%,0
"2024-09-05 10:12",13.79,14.05,13.79,13.89,0.1,+0.73%,0
"2024-09-05 10:13",13.94,13.94,13.86,13.86,-0.03,-0.22%,0
"2024-09-05 10:14",13.73,13.96,13.73,13.96,0.1,+0.72%,0
"2024-09-05 10:15",13.9,13.98,13.9,13.94,-0.02,-0.14%,0
"2024-09-05 10:16",13.98,13.98,13.72,13.75,-0.19,-1.36%,0
"2024-09-05 10:17",13.71,13.74,13.61,13.61,-0.14,-1.02%,0
"2024-09-05 10:18",13.53,13.53,13.48,13.49,-0.12,-0.88%,0
"2024-09-05 10:19",13.42,13.55,13.42,13.45,-0.04,-0.30%,0
"2024-09-05 10:20",13.44,13.44,13.33,13.33,-0.12,-0.89%,0
"2024-09-05 10:21",13.21,13.27,13.18,13.18,-0.15,-1.13%,0
"2024-09-05 10:22",13.1,13.19,13.1,13.14,-0.04,-0.30%,0
"2024-09-05 10:23",13.13,13.19,13.13,13.15,0.01,+0.08%,0
"2024-09-05 10:24",13.16,13.16,13,13.01,-0.14,-1.06%,0
"2024-09-05 10:25",13.07,13.16,13.07,13.16,0.15,+1.15%,0
"2024-09-05 10:26",13.15,13.19,13.15,13.15,-0.01,-0.08%,0
"2024-09-05 10:27",13.12,13.15,13.12,13.14,-0.01,-0.08%,0
"2024-09-05 10:28",13.18,13.22,13.04,13.04,-0.1,-0.76%,0
"2024-09-05 10:29",13.06,13.32,13.06,13.32,0.28,+2.15%,0
"2024-09-05 10:30",13.25,13.25,13.08,13.08,-0.24,-1.80%,0
"2024-09-05 10:31",13.11,13.17,13.11,13.17,0.09,+0.69%,0
"2024-09-05 10:32",13.24,13.36,13.24,13.32,0.15,+1.14%,0
"2024-09-05 10:33",13.28,13.33,13.28,13.32,0,0.00%,0
"2024-09-05 10:34",13.33,13.41,13.32,13.32,0,0.00%,0
"2024-09-05 10:35",13.31,13.4,13.31,13.37,0.05,+0.38%,0
"2024-09-05 10:36",13.36,13.46,13.36,13.43,0.06,+0.45%,0
"2024-09-05 10:37",13.41,13.44,13.39,13.44,0.01,+0.07%,0
"2024-09-05 10:38",13.45,13.47,13.44,13.46,0.02,+0.15%,0
"2024-09-05 10:39",13.47,13.49,13.46,13.48,0.02,+0.15%,0
"2024-09-05 10:40",13.47,13.7,13.47,13.61,0.13,+0.96%,0
"2024-09-05 10:41",13.55,13.63,13.55,13.55,-0.06,-0.44%,0
"2024-09-05 10:42",13.56,13.57,13.45,13.45,-0.1,-0.74%,0
"2024-09-05 10:43",13.46,13.5,13.46,13.49,0.04,+0.30%,0
"2024-09-05 10:44",13.52,13.58,13.52,13.58,0.09,+0.67%,0
"2024-09-05 10:45",13.77,13.92,13.77,13.82,0.24,+1.77%,0
"2024-09-05 10:46",14.04,14.13,13.98,13.98,0.16,+1.16%,0
"2024-09-05 10:47",14.06,14.32,14.06,14.32,0.34,+2.43%,0
"2024-09-05 10:48",14.18,14.5,14.18,14.29,-0.03,-0.21%,0
"2024-09-05 10:49",14.29,14.42,14.29,14.39,0.1,+0.70%,0
"2024-09-05 10:50",14.39,14.67,14.39,14.55,0.16,+1.11%,0
"2024-09-05 10:51",14.6,14.6,14.52,14.59,0.04,+0.27%,0
"2024-09-05 10:52",14.52,14.58,14.48,14.58,-0.01,-0.07%,0
"2024-09-05 10:53",14.6,14.66,14.59,14.66,0.08,+0.55%,0
"2024-09-05 10:54",14.64,14.66,14.55,14.55,-0.11,-0.75%,0
"2024-09-05 10:55",14.47,14.47,14.39,14.47,-0.08,-0.55%,0
"2024-09-05 10:56",14.41,14.46,14.29,14.29,-0.18,-1.24%,0
"2024-09-05 10:57",14.29,14.32,14.22,14.22,-0.07,-0.49%,0
"2024-09-05 10:58",14.29,14.4,14.29,14.38,0.16,+1.13%,0
"2024-09-05 10:59",14.42,14.74,14.42,14.74,0.36,+2.50%,0
"2024-09-05 11:00",14.73,15.01,14.72,15.01,0.27,+1.83%,0
"2024-09-05 11:01",15,15.54,15,15.54,0.53,+3.53%,0
"2024-09-05 11:02",15.68,15.68,15.14,15.14,-0.4,-2.57%,0
"2024-09-05 11:03",15.09,15.3,14.94,14.94,-0.2,-1.32%,0
"2024-09-05 11:04",14.89,14.98,14.89,14.93,-0.01,-0.07%,0
"2024-09-05 11:05",15,15.03,14.97,15.02,0.09,+0.60%,0
"2024-09-05 11:06",14.96,14.96,14.66,14.66,-0.36,-2.40%,0
"2024-09-05 11:07",14.73,14.96,14.73,14.96,0.3,+2.05%,0
"2024-09-05 11:08",14.95,15.06,14.84,14.84,-0.12,-0.80%,0
"2024-09-05 11:09",14.88,14.91,14.87,14.87,0.03,+0.20%,0
"2024-09-05 11:10",14.88,14.98,14.85,14.93,0.06,+0.40%,0
"2024-09-05 11:11",15.08,15.17,15.08,15.16,0.23,+1.54%,0
"2024-09-05 11:12",15.18,15.23,15.18,15.19,0.03,+0.20%,0
"2024-09-05 11:13",15.2,15.56,15.2,15.56,0.37,+2.44%,0
"2024-09-05 11:14",15.52,15.86,15.52,15.66,0.1,+0.64%,0
"2024-09-05 11:15",15.63,15.75,15.62,15.75,0.09,+0.57%,0
"2024-09-05 11:16",15.78,15.78,15.48,15.51,-0.24,-1.52%,0
"2024-09-05 11:17",15.48,15.53,15.48,15.48,-0.03,-0.19%,0
"2024-09-05 11:18",15.49,15.61,15.49,15.61,0.13,+0.84%,0
"2024-09-05 11:19",15.63,15.84,15.63,15.75,0.14,+0.90%,0
"2024-09-05 11:20",15.7,15.75,15.66,15.75,0,0.00%,0
"2024-09-05 11:21",15.79,15.79,15.73,15.76,0.01,+0.06%,0
"2024-09-05 11:22",15.87,15.87,15.75,15.77,0.01,+0.06%,0
"2024-09-05 11:23",15.72,15.82,15.72,15.77,0,0.00%,0
"2024-09-05 11:24",15.86,16.29,15.86,16.29,0.52,+3.30%,0
"2024-09-05 11:25",16.11,16.25,16.11,16.25,-0.04,-0.25%,0
"2024-09-05 11:26",16.58,16.58,16.39,16.39,0.14,+0.86%,0
"2024-09-05 11:27",16.48,16.6,16.34,16.34,-0.05,-0.31%,0
"2024-09-05 11:28",16.26,16.35,16.26,16.33,-0.01,-0.06%,0
"2024-09-05 11:29",16.32,16.38,16.32,16.35,0.02,+0.12%,0
"2024-09-05 11:30",16.37,16.37,16.23,16.23,-0.12,-0.73%,0
"2024-09-05 11:31",16.2,16.35,16.2,16.35,0.12,+0.74%,0
"2024-09-05 11:32",16.27,16.37,16.27,16.37,0.02,+0.12%,0
"2024-09-05 11:33",16.47,16.61,16.47,16.59,0.22,+1.34%,0
"2024-09-05 11:34",16.77,16.77,16.59,16.6,0.01,+0.06%,0
"2024-09-05 11:35",16.6,16.6,16.39,16.39,-0.21,-1.27%,0
"2024-09-05 11:36",16.36,16.38,16.17,16.17,-0.22,-1.34%,0
"2024-09-05 11:37",16.12,16.29,16.12,16.29,0.12,+0.74%,0
"2024-09-05 11:38",16.35,16.42,16.35,16.37,0.08,+0.49%,0
"2024-09-05 11:39",16.41,16.5,16.41,16.5,0.13,+0.79%,0
"2024-09-05 11:40",16.48,16.48,16.42,16.42,-0.08,-0.48%,0
"2024-09-05 11:41",16.42,16.53,16.42,16.51,0.09,+0.55%,0
"2024-09-05 11:42",16.5,16.56,16.46,16.46,-0.05,-0.30%,0
"2024-09-05 11:43",16.49,16.49,16.48,16.48,0.02,+0.12%,0
"2024-09-05 11:44",16.49,16.66,16.49,16.66,0.18,+1.09%,0
"2024-09-05 11:45",16.68,16.7,16.68,16.69,0.03,+0.18%,0
"2024-09-05 11:46",16.76,16.76,16.61,16.61,-0.08,-0.48%,0
"2024-09-05 11:47",16.64,16.64,16.61,16.63,0.02,+0.12%,0
"2024-09-05 11:48",16.66,16.7,16.66,16.66,0.03,+0.18%,0
"2024-09-05 11:49",16.66,16.73,16.66,16.73,0.07,+0.42%,0
"2024-09-05 11:50",16.7,16.79,16.7,16.79,0.06,+0.36%,0
"2024-09-05 11:51",16.79,16.79,16.65,16.67,-0.12,-0.71%,0
"2024-09-05 11:52",16.68,16.77,16.68,16.77,0.1,+0.60%,0
"2024-09-05 11:53",16.82,16.94,16.82,16.94,0.17,+1.01%,0
"2024-09-05 11:54",16.96,17.01,16.96,17.01,0.07,+0.41%,0
"2024-09-05 11:55",17.02,17.02,16.96,16.96,-0.05,-0.29%,0
"2024-09-05 11:56",16.98,17,16.96,16.96,0,0.00%,0
"2024-09-05 11:57",16.95,17.05,16.95,17.04,0.08,+0.47%,0
"2024-09-05 11:58",17.05,17.2,17.05,17.19,0.15,+0.88%,0
"2024-09-05 11:59",17.18,17.27,17.18,17.25,0.06,+0.35%,0
"2024-09-05 12:00",17.25,17.32,17.11,17.11,-0.14,-0.81%,0
"2024-09-05 12:01",17.13,17.13,17.05,17.05,-0.06,-0.35%,0
"2024-09-05 12:02",16.98,16.98,16.89,16.89,-0.16,-0.94%,0
"2024-09-05 12:03",16.87,16.9,16.87,16.9,0.01,+0.06%,0
"2024-09-05 12:04",16.83,16.86,16.83,16.85,-0.05,-0.30%,0
"2024-09-05 12:05",16.89,16.9,16.89,16.89,0.04,+0.24%,0
"2024-09-05 12:06",16.89,16.96,16.89,16.96,0.07,+0.41%,0
"2024-09-05 12:07",16.95,17,16.95,16.97,0.01,+0.06%,0
"2024-09-05 12:08",16.93,16.98,16.93,16.96,-0.01,-0.06%,0
"2024-09-05 12:09",16.98,17.01,16.88,16.88,-0.08,-0.47%,0
"2024-09-05 12:10",16.88,17,16.88,17,0.12,+0.71%,0
"2024-09-05 12:11",17.05,17.13,17.05,17.13,0.13,+0.76%,0
"2024-09-05 12:12",17.13,17.28,17.13,17.28,0.15,+0.88%,0
"2024-09-05 12:13",17.28,17.4,17.28,17.38,0.1,+0.58%,0
"2024-09-05 12:14",17.28,17.31,17.27,17.31,-0.07,-0.40%,0
"2024-09-05 12:15",17.29,17.29,17.27,17.27,-0.04,-0.23%,0
"2024-09-05 12:16",17.33,17.57,17.33,17.57,0.3,+1.74%,0
"2024-09-05 12:17",17.57,17.6,17.57,17.6,0.03,+0.17%,0
"2024-09-05 12:18",17.58,17.59,17.51,17.57,-0.03,-0.17%,0
"2024-09-05 12:19",17.56,17.59,17.56,17.56,-0.01,-0.06%,0
"2024-09-05 12:20",17.48,17.54,17.48,17.51,-0.05,-0.28%,0
"2024-09-05 12:21",17.5,17.54,17.5,17.54,0.03,+0.17%,0
"2024-09-05 12:22",17.5,17.5,17.43,17.43,-0.11,-0.63%,0
"2024-09-05 12:23",17.47,17.47,17.37,17.37,-0.06,-0.34%,0
"2024-09-05 12:24",17.36,17.39,17.36,17.39,0.02,+0.12%,0
"2024-09-05 12:25",17.35,17.35,17.26,17.26,-0.13,-0.75%,0
"2024-09-05 12:26",17.27,17.29,17.24,17.24,-0.02,-0.12%,0
"2024-09-05 12:27",17.24,17.24,17.21,17.21,-0.03,-0.17%,0
"2024-09-05 12:28",17.23,17.24,17.18,17.22,0.01,+0.06%,0
"2024-09-05 12:29",17.24,17.26,17.24,17.24,0.02,+0.12%,0
"2024-09-05 12:30",17.23,17.26,17.23,17.25,0.01,+0.06%,0
"2024-09-05 12:31",17.24,17.3,17.24,17.3,0.05,+0.29%,0
"2024-09-05 12:32",17.28,17.29,17.26,17.29,-0.01,-0.06%,0
"2024-09-05 12:33",17.32,17.32,17.29,17.3,0.01,+0.06%,0
"2024-09-05 12:34",17.33,17.34,17.32,17.34,0.04,+0.23%,0
"2024-09-05 12:35",17.32,17.35,17.32,17.33,-0.01,-0.06%,0
"2024-09-05 12:36",17.35,17.41,17.35,17.41,0.08,+0.46%,0
"2024-09-05 12:37",17.42,17.46,17.41,17.41,0,0.00%,0
"2024-09-05 12:38",17.41,17.41,17.36,17.36,-0.05,-0.29%,0
"2024-09-05 12:39",17.36,17.4,17.34,17.4,0.04,+0.23%,0
"2024-09-05 12:40",17.38,17.38,17.33,17.33,-0.07,-0.40%,0
"2024-09-05 12:41",17.31,17.35,17.3,17.3,-0.03,-0.17%,0
"2024-09-05 12:42",17.26,17.26,17.2,17.21,-0.09,-0.52%,0
"2024-09-05 12:43",17.23,17.27,17.23,17.27,0.06,+0.35%,0
"2024-09-05 12:44",17.25,17.29,17.25,17.29,0.02,+0.12%,0
"2024-09-05 12:45",17.3,17.41,17.3,17.41,0.12,+0.69%,0
"2024-09-05 12:46",17.38,17.38,17.37,17.37,-0.04,-0.23%,0
"2024-09-05 12:47",17.38,17.43,17.38,17.41,0.04,+0.23%,0
"2024-09-05 12:48",17.42,17.44,17.42,17.42,0.01,+0.06%,0
"2024-09-05 12:49",17.44,17.48,17.44,17.46,0.04,+0.23%,0
"2024-09-05 12:50",17.46,17.49,17.45,17.45,-0.01,-0.06%,0
"2024-09-05 12:51",17.46,17.5,17.46,17.46,0.01,+0.06%,0
"2024-09-05 12:52",17.47,17.52,17.47,17.52,0.06,+0.34%,0
"2024-09-05 12:53",17.47,17.54,17.47,17.54,0.02,+0.11%,0
"2024-09-05 12:54",17.54,17.57,17.54,17.57,0.03,+0.17%,0
"2024-09-05 12:55",17.54,17.57,17.53,17.53,-0.04,-0.23%,0
"2024-09-05 12:56",17.47,17.5,17.46,17.47,-0.06,-0.34%,0
"2024-09-05 12:57",17.47,17.47,17.39,17.39,-0.08,-0.46%,0
"2024-09-05 12:58",17.38,17.41,17.34,17.34,-0.05,-0.29%,0
"2024-09-05 12:59",17.34,17.4,17.3,17.4,0.06,+0.35%,0
"2024-09-05 13:00",17.41,17.43,17.41,17.41,0.01,+0.06%,0
"2024-09-05 13:01",17.38,17.41,17.38,17.39,-0.02,-0.11%,0
"2024-09-05 13:02",17.42,17.45,17.42,17.45,0.06,+0.35%,0
"2024-09-05 13:03",17.45,17.54,17.45,17.54,0.09,+0.52%,0
"2024-09-05 13:04",17.55,17.62,17.55,17.58,0.04,+0.23%,0
"2024-09-05 13:05",17.58,17.66,17.58,17.64,0.06,+0.34%,0
"2024-09-05 13:06",17.67,17.93,17.67,17.92,0.28,+1.59%,0
"2024-09-05 13:07",17.92,18.03,17.92,17.99,0.07,+0.39%,0
"2024-09-05 13:08",17.99,17.99,17.93,17.94,-0.05,-0.28%,0
"2024-09-05 13:09",17.94,17.96,17.93,17.96,0.02,+0.11%,0
"2024-09-05 13:10",18,18.03,18,18.03,0.07,+0.39%,0
"2024-09-05 13:11",18,18.02,17.99,17.99,-0.04,-0.22%,0
"2024-09-05 13:12",17.99,18.03,17.99,18.03,0.04,+0.22%,0
"2024-09-05 13:13",18.03,18.1,18.03,18.1,0.07,+0.39%,0
"2024-09-05 13:14",18.08,18.12,18.08,18.12,0.02,+0.11%,0
"2024-09-05 13:15",18.13,18.21,18.13,18.21,0.09,+0.50%,0
"2024-09-05 13:16",18.23,18.3,18.23,18.3,0.09,+0.49%,0
"2024-09-05 13:17",18.27,18.4,18.27,18.36,0.06,+0.33%,0
"2024-09-05 13:18",18.35,18.38,18.24,18.24,-0.12,-0.65%,0
"2024-09-05 13:19",18.19,18.2,18.16,18.16,-0.08,-0.44%,0
"2024-09-05 13:20",18.16,18.21,18.16,18.21,0.05,+0.28%,0
"2024-09-05 13:21",18.22,18.27,18.22,18.24,0.03,+0.16%,0
"2024-09-05 13:22",18.19,18.27,18.19,18.22,-0.02,-0.11%,0
"2024-09-05 13:23",18.21,18.21,18.17,18.17,-0.05,-0.27%,0
"2024-09-05 13:24",18.19,18.21,18.18,18.18,0.01,+0.06%,0
"2024-09-05 13:25",18.14,18.18,18.14,18.18,0,0.00%,0
"2024-09-05 13:26",18.21,18.21,18.19,18.21,0.03,+0.17%,0
"2024-09-05 13:27",18.2,18.27,18.2,18.27,0.06,+0.33%,0
"2024-09-05 13:28",18.28,18.4,18.28,18.4,0.13,+0.71%,0
"2024-09-05 13:29",18.41,18.47,18.41,18.45,0.05,+0.27%,0
"2024-09-05 13:30",18.49,18.49,18.42,18.42,-0.03,-0.16%,0
"2024-09-05 13:31",18.4,18.46,18.4,18.42,0,0.00%,0
"2024-09-05 13:32",18.4,18.42,18.36,18.41,-0.01,-0.05%,0
"2024-09-05 13:33",18.42,18.49,18.42,18.48,0.07,+0.38%,0
"2024-09-05 13:34",18.47,18.48,18.46,18.46,-0.02,-0.11%,0
"2024-09-05 13:35",18.4,18.4,18.38,18.38,-0.08,-0.43%,0
"2024-09-05 13:36",18.39,18.41,18.35,18.35,-0.03,-0.16%,0
"2024-09-05 13:37",18.33,18.33,18.3,18.3,-0.05,-0.27%,0
"2024-09-05 13:38",18.32,18.36,18.32,18.36,0.06,+0.33%,0
"2024-09-05 13:39",18.37,18.45,18.37,18.45,0.09,+0.49%,0
"2024-09-05 13:40",18.44,18.44,18.37,18.37,-0.08,-0.43%,0
"2024-09-05 13:41",18.37,18.39,18.37,18.37,0,0.00%,0
"2024-09-05 13:42",18.36,18.39,18.36,18.37,0,0.00%,0
"2024-09-05 13:43",18.36,18.37,18.34,18.34,-0.03,-0.16%,0
"2024-09-05 13:44",18.28,18.34,18.28,18.28,-0.06,-0.33%,0
"2024-09-05 13:45",18.29,18.29,18.23,18.24,-0.04,-0.22%,0
"2024-09-05 13:46",18.22,18.29,18.2,18.29,0.05,+0.27%,0
"2024-09-05 13:47",18.28,18.3,18.13,18.13,-0.16,-0.87%,0
"2024-09-05 13:48",18.13,18.14,18.12,18.12,-0.01,-0.06%,0
"2024-09-05 13:49",18.12,18.12,18.11,18.11,-0.01,-0.06%,0
"2024-09-05 13:50",18.1,18.13,18.1,18.13,0.02,+0.11%,0
"2024-09-05 13:51",18.13,18.15,18.12,18.15,0.02,+0.11%,0
"2024-09-05 13:52",18.13,18.14,18.12,18.12,-0.03,-0.17%,0
"2024-09-05 13:53",18.13,18.18,18.13,18.16,0.04,+0.22%,0
"2024-09-05 13:54",18.18,18.24,18.18,18.24,0.08,+0.44%,0
"2024-09-05 13:55",18.23,18.47,18.23,18.46,0.22,+1.21%,0
"2024-09-05 13:56",18.47,18.53,18.47,18.53,0.07,+0.38%,0
"2024-09-05 13:57",18.51,18.58,18.51,18.53,0,0.00%,0
"2024-09-05 13:58",18.52,18.54,18.52,18.52,-0.01,-0.05%,0
"2024-09-05 13:59",18.51,18.53,18.5,18.5,-0.02,-0.11%,0
"2024-09-05 14:00",18.48,18.53,18.46,18.51,0.01,+0.05%,0
"2024-09-05 14:01",18.49,18.51,18.48,18.5,-0.01,-0.05%,0
"2024-09-05 14:02",18.45,18.47,18.45,18.46,-0.04,-0.22%,0
"2024-09-05 14:03",18.46,18.5,18.46,18.49,0.03,+0.16%,0
"2024-09-05 14:04",18.47,18.51,18.47,18.49,0,0.00%,0
"2024-09-05 14:05",18.48,18.48,18.46,18.46,-0.03,-0.16%,0
"2024-09-05 14:06",18.46,18.54,18.46,18.54,0.08,+0.43%,0
"2024-09-05 14:07",18.54,18.56,18.54,18.56,0.02,+0.11%,0
"2024-09-05 14:08",18.55,18.57,18.53,18.55,-0.01,-0.05%,0
"2024-09-05 14:09",18.55,18.62,18.55,18.62,0.07,+0.38%,0
"2024-09-05 14:10",18.61,18.66,18.61,18.66,0.04,+0.21%,0
"2024-09-05 14:11",18.66,18.69,18.66,18.69,0.03,+0.16%,0
"2024-09-05 14:12",18.65,18.65,18.57,18.57,-0.12,-0.64%,0
"2024-09-05 14:13",18.58,18.6,18.57,18.6,0.03,+0.16%,0
"2024-09-05 14:14",18.6,18.68,18.6,18.66,0.06,+0.32%,0
"2024-09-05 14:15",18.66,18.7,18.66,18.66,0,0.00%,0
"2024-09-05 14:16",18.66,18.67,18.63,18.63,-0.03,-0.16%,0
"2024-09-05 14:17",18.62,18.62,18.61,18.62,-0.01,-0.05%,0
"2024-09-05 14:18",18.62,18.66,18.62,18.66,0.04,+0.21%,0
"2024-09-05 14:19",18.66,18.68,18.66,18.67,0.01,+0.05%,0
"2024-09-05 14:20",18.67,18.7,18.67,18.69,0.02,+0.11%,0
"2024-09-05 14:21",18.71,18.77,18.71,18.77,0.08,+0.43%,0
"2024-09-05 14:22",18.75,18.8,18.75,18.8,0.03,+0.16%,0
"2024-09-05 14:23",18.79,18.85,18.79,18.83,0.03,+0.16%,0
"2024-09-05 14:24",18.84,18.89,18.84,18.87,0.04,+0.21%,0
"2024-09-05 14:25",18.88,18.92,18.88,18.92,0.05,+0.26%,0
"2024-09-05 14:26",18.91,18.95,18.91,18.95,0.03,+0.16%,0
"2024-09-05 14:27",18.94,18.97,18.94,18.95,0,0.00%,0
"2024-09-05 14:28",18.97,19.05,18.97,19.03,0.08,+0.42%,0
"2024-09-05 14:29",19.04,19.05,18.96,18.96,-0.07,-0.37%,0
"2024-09-05 14:30",19,19,18.97,18.97,0.01,+0.05%,0
"2024-09-05 14:31",18.94,18.96,18.94,18.96,-0.01,-0.05%,0
"2024-09-05 14:32",18.97,18.97,18.91,18.91,-0.05,-0.26%,0
"2024-09-05 14:33",18.96,19.03,18.96,19.02,0.11,+0.58%,0
"2024-09-05 14:34",19.01,19.06,19.01,19.05,0.03,+0.16%,0
"2024-09-05 14:35",19.05,19.08,19.05,19.05,0,0.00%,0
"2024-09-05 14:36",19.05,19.05,18.99,18.99,-0.06,-0.31%,0
"2024-09-05 14:37",18.99,19.05,18.99,19.04,0.05,+0.26%,0
"2024-09-05 14:38",19.05,19.12,19.05,19.11,0.07,+0.37%,0
"2024-09-05 14:39",19.11,19.16,19.11,19.15,0.04,+0.21%,0
"2024-09-05 14:40",19.08,19.1,19.06,19.08,-0.07,-0.37%,0
"2024-09-05 14:41",19.08,19.1,19.08,19.1,0.02,+0.10%,0
"2024-09-05 14:42",19.13,19.18,19.13,19.16,0.06,+0.31%,0
"2024-09-05 14:43",19.2,19.22,19.2,19.21,0.05,+0.26%,0
"2024-09-05 14:44",19.19,19.23,19.18,19.18,-0.03,-0.16%,0
"2024-09-05 14:45",19.2,19.2,19.16,19.18,0,0.00%,0
"2024-09-05 14:46",19.16,19.2,19.16,19.2,0.02,+0.10%,0
"2024-09-05 14:47",19.2,19.2,19.11,19.11,-0.09,-0.47%,0
"2024-09-05 14:48",19.13,19.17,19.13,19.14,0.03,+0.16%,0
"2024-09-05 14:49",19.14,19.18,19.14,19.17,0.03,+0.16%,0
"2024-09-05 14:50",19.16,19.16,19,19,-0.17,-0.89%,0
"2024-09-05 14:51",18.95,19,18.95,18.97,-0.03,-0.16%,0
"2024-09-05 14:52",18.96,19.05,18.96,19.02,0.05,+0.26%,0
"2024-09-05 14:53",19.05,19.06,19.05,19.06,0.04,+0.21%,0
"2024-09-05 14:54",19.05,19.06,19.04,19.04,-0.02,-0.10%,0
"2024-09-05 14:55",19.04,19.05,19.01,19.01,-0.03,-0.16%,0
"2024-09-05 14:56",19.05,19.07,19.05,19.07,0.06,+0.32%,0
"2024-09-05 14:57",19.08,19.11,19.08,19.09,0.02,+0.10%,0
"2024-09-05 14:58",19.1,19.17,19.1,19.17,0.08,+0.42%,0
"2024-09-05 14:59",19.19,19.27,19.19,19.27,0.1,+0.52%,0
"2024-09-05 15:00",19.3,19.47,19.3,19.47,0.2,+1.04%,0
"2024-09-05 15:01",19.53,19.56,19.53,19.56,0.09,+0.46%,0
"2024-09-05 15:02",19.57,19.6,19.55,19.6,0.04,+0.20%,0
"2024-09-05 15:03",19.66,19.67,19.65,19.67,0.07,+0.36%,0
"2024-09-05 15:04",19.68,19.68,19.64,19.66,-0.01,-0.05%,0
"2024-09-05 15:05",19.65,19.72,19.65,19.72,0.06,+0.31%,0
"2024-09-05 15:06",19.72,19.75,19.72,19.74,0.02,+0.10%,0
"2024-09-05 15:07",19.78,19.84,19.78,19.84,0.1,+0.51%,0
"2024-09-05 15:08",19.83,19.87,19.83,19.87,0.03,+0.15%,0
"2024-09-05 15:09",19.87,19.9,19.87,19.89,0.02,+0.10%,0
"2024-09-05 15:10",19.84,19.89,19.84,19.85,-0.04,-0.20%,0
"2024-09-05 15:11",19.85,19.9,19.85,19.9,0.05,+0.25%,0
"2024-09-05 15:12",19.88,19.89,19.87,19.87,-0.03,-0.15%,0
"2024-09-05 15:13",19.88,19.94,19.88,19.93,0.06,+0.30%,0
"2024-09-05 15:14",19.94,19.99,19.94,19.97,0.04,+0.20%,0
"2024-09-05 15:15",19.98,20.71,19.98,20.71,0.74,+3.71%,0
"2024-09-05 15:16",20.46,20.55,20.46,20.52,-0.19,-0.92%,0
"2024-09-05 15:17",20.53,20.62,20.52,20.58,0.06,+0.29%,0
"2024-09-05 15:18",20.51,20.55,20.5,20.5,-0.08,-0.39%,0
"2024-09-05 15:19",20.5,20.57,20.5,20.56,0.06,+0.29%,0
"2024-09-05 15:20",20.56,20.63,20.56,20.63,0.07,+0.34%,0
"2024-09-05 15:21",20.63,20.68,20.63,20.68,0.05,+0.24%,0
"2024-09-05 15:22",20.69,20.69,20.6,20.6,-0.08,-0.39%,0
"2024-09-05 15:23",20.53,20.57,20.48,20.48,-0.12,-0.58%,0
"2024-09-05 15:24",20.49,20.53,20.49,20.5,0.02,+0.10%,0
"2024-09-05 15:25",20.51,20.51,20.35,20.35,-0.15,-0.73%,0
"2024-09-05 15:26",20.35,20.5,20.35,20.5,0.15,+0.74%,0
"2024-09-05 15:27",20.49,20.53,20.49,20.52,0.02,+0.10%,0
"2024-09-05 15:28",20.58,20.6,20.54,20.56,0.04,+0.19%,0
"2024-09-05 15:29",20.58,20.62,20.53,20.53,-0.03,-0.15%,0
"2024-09-05 15:30",20.58,20.58,20.51,20.51,-0.02,-0.10%,0
"2024-09-05 15:31",20.48,20.48,20.39,20.39,-0.12,-0.59%,0
"2024-09-05 15:32",20.4,20.4,20.37,20.37,-0.02,-0.10%,0
"2024-09-05 15:33",20.35,20.36,20.34,20.36,-0.01,-0.05%,0
"2024-09-05 15:34",20.35,20.43,20.35,20.43,0.07,+0.34%,0
"2024-09-05 15:35",20.41,20.5,20.41,20.5,0.07,+0.34%,0
"2024-09-05 15:36",20.49,20.55,20.49,20.55,0.05,+0.24%,0
"2024-09-05 15:37",20.52,20.61,20.52,20.61,0.06,+0.29%,0
"2024-09-05 15:38",20.62,20.71,20.62,20.71,0.1,+0.49%,0
"2024-09-05 15:39",20.77,20.82,20.77,20.8,0.09,+0.43%,0
"2024-09-05 15:40",20.79,20.91,20.79,20.91,0.11,+0.53%,0
"2024-09-05 15:41",20.94,21.12,20.94,21.12,0.21,+1.00%,0
"2024-09-05 15:42",21.29,21.42,21.29,21.42,0.3,+1.42%,0
"2024-09-05 15:43",21.45,21.8,21.45,21.8,0.38,+1.77%,0
"2024-09-05 15:44",21.81,21.93,21.81,21.9,0.1,+0.46%,0
"2024-09-05 15:45",21.88,21.88,21.78,21.78,-0.12,-0.55%,0
"2024-09-05 15:46",21.76,21.77,21.62,21.77,-0.01,-0.05%,0
"2024-09-05 15:47",21.78,21.84,21.78,21.84,0.07,+0.32%,0
"2024-09-05 15:48",21.99,22.07,21.88,21.88,0.04,+0.18%,0
"2024-09-05 15:49",21.91,21.91,21.62,21.62,-0.26,-1.19%,0
"2024-09-05 15:50",21.62,21.75,21.62,21.75,0.13,+0.60%,0
"2024-09-05 15:51",21.73,21.79,21.73,21.78,0.03,+0.14%,0
"2024-09-05 15:52",21.81,21.82,21.76,21.78,0,0.00%,0
"2024-09-05 15:53",21.74,21.77,21.73,21.73,-0.05,-0.23%,0
"2024-09-05 15:54",21.66,21.7,21.66,21.7,-0.03,-0.14%,0
"2024-09-05 15:55",21.56,21.66,21.43,21.47,-0.23,-1.06%,0
"2024-09-05 15:56",21.56,21.58,21.5,21.5,0.03,+0.14%,0
"2024-09-05 15:57",21.53,21.61,21.49,21.57,0.07,+0.33%,0
"2024-09-05 15:58",21.57,21.66,21.56,21.66,0.09,+0.42%,0
"2024-09-05 15:59",21.81,21.81,21.69,21.69,0.03,+0.14%,0
"2024-09-05 16:00",21.4,21.4,21.22,21.31,-0.38,-1.75%,0
"2024-09-05 16:01",21.37,21.43,21.37,21.37,0.06,+0.28%,0
"2024-09-05 16:02",21.34,21.38,21.28,21.28,-0.09,-0.42%,0
"2024-09-05 16:03",21.4,21.4,21.29,21.31,0.03,+0.14%,0
"2024-09-05 16:04",21.3,21.38,21.29,21.29,-0.02,-0.09%,0
"2024-09-05 16:05",21.23,21.25,21.2,21.2,-0.09,-0.42%,0
"2024-09-05 16:06",21.21,21.3,21.21,21.3,0.1,+0.47%,0
"2024-09-05 16:07",21.31,21.4,21.31,21.4,0.1,+0.47%,0
"2024-09-05 16:08",21.35,21.44,21.35,21.44,0.04,+0.19%,0
"2024-09-05 16:09",21.45,21.52,21.45,21.52,0.08,+0.37%,0
"2024-09-05 16:10",21.54,21.61,21.54,21.61,0.09,+0.42%,0
"2024-09-05 16:11",21.59,21.59,21.54,21.54,-0.07,-0.32%,0
"2024-09-05 16:12",21.54,21.57,21.54,21.57,0.03,+0.14%,0
"2024-09-05 16:13",21.58,21.78,21.58,21.78,0.21,+0.97%,0
"2024-09-05 16:14",21.76,21.85,21.75,21.85,0.07,+0.32%,0
"2024-09-05 16:15",21.69,21.69,21.69,21.69,-0.16,-0.73%,0
"2024-09-06 09:31",15.27,15.61,15.27,15.61,-6.08,-28.03%,0
"2024-09-06 09:32",15.75,15.91,15.75,15.91,0.3,+1.92%,0
"2024-09-06 09:33",16.05,16.11,16.05,16.11,0.2,+1.26%,0
"2024-09-06 09:34",16.17,16.2,16.05,16.05,-0.06,-0.37%,0
"2024-09-06 09:35",16.06,16.06,15.96,15.96,-0.09,-0.56%,0
"2024-09-06 09:36",15.68,15.93,15.65,15.93,-0.03,-0.19%,0
"2024-09-06 09:37",15.99,16.19,15.99,16.19,0.26,+1.63%,0
"2024-09-06 09:38",16.29,16.51,16.29,16.51,0.32,+1.98%,0
"2024-09-06 09:39",16.61,16.88,16.57,16.88,0.37,+2.24%,0
"2024-09-06 09:40",17.04,17.36,17.01,17.36,0.48,+2.84%,0
"2024-09-06 09:41",17.52,17.76,17.31,17.31,-0.05,-0.29%,0
"2024-09-06 09:42",17.14,17.34,17.14,17.22,-0.09,-0.52%,0
"2024-09-06 09:43",17.1,17.1,16.61,16.69,-0.53,-3.08%,0
"2024-09-06 09:44",16.68,16.69,16.5,16.69,0,0.00%,0
"2024-09-06 09:45",16.59,16.64,16.49,16.64,-0.05,-0.30%,0
"2024-09-06 09:46",16.34,16.73,16.34,16.37,-0.27,-1.62%,0
"2024-09-06 09:47",16.35,16.35,16.1,16.12,-0.25,-1.53%,0
"2024-09-06 09:48",16.17,16.17,16,16.01,-0.11,-0.68%,0
"2024-09-06 09:49",16.08,16.21,16.07,16.12,0.11,+0.69%,0
"2024-09-06 09:50",15.96,16.12,15.94,16.1,-0.02,-0.12%,0
"2024-09-06 09:51",16.13,16.21,16,16,-0.1,-0.62%,0
"2024-09-06 09:52",16.1,16.16,16.04,16.04,0.04,+0.25%,0
"2024-09-06 09:53",16.03,16.18,16.03,16.18,0.14,+0.87%,0
"2024-09-06 09:54",16.39,16.5,16.39,16.43,0.25,+1.55%,0
"2024-09-06 09:55",16.6,16.6,16.38,16.43,0,0.00%,0
"2024-09-06 09:56",16.41,16.41,16.34,16.38,-0.05,-0.30%,0
"2024-09-06 09:57",16.5,16.57,16.38,16.38,0,0.00%,0
"2024-09-06 09:58",16.47,16.6,16.47,16.59,0.21,+1.28%,0
"2024-09-06 09:59",16.52,16.73,16.52,16.73,0.14,+0.84%,0
"2024-09-06 10:00",16.68,16.99,16.68,16.92,0.19,+1.14%,0
"2024-09-06 10:01",16.77,16.77,16.17,16.17,-0.75,-4.43%,0
"2024-09-06 10:02",16.06,16.09,15.85,15.85,-0.32,-1.98%,0
"2024-09-06 10:03",15.95,16.05,15.95,15.96,0.11,+0.69%,0
"2024-09-06 10:04",16.09,16.27,16.01,16.27,0.31,+1.94%,0
"2024-09-06 10:05",16.22,16.22,15.94,16.02,-0.25,-1.54%,0
"2024-09-06 10:06",16.17,16.17,16.03,16.03,0.01,+0.06%,0
"2024-09-06 10:07",16.15,16.19,16.07,16.07,0.04,+0.25%,0
"2024-09-06 10:08",16.04,16.04,15.85,15.88,-0.19,-1.18%,0
"2024-09-06 10:09",15.9,16.02,15.9,16.02,0.14,+0.88%,0
"2024-09-06 10:10",16.02,16.02,15.89,15.89,-0.13,-0.81%,0
"2024-09-06 10:11",15.94,16.1,15.94,16.09,0.2,+1.26%,0
"2024-09-06 10:12",16.08,16.09,16.08,16.08,-0.01,-0.06%,0
"2024-09-06 10:13",16.11,16.11,16.06,16.06,-0.02,-0.12%,0
"2024-09-06 10:14",15.92,15.92,15.8,15.84,-0.22,-1.37%,0
"2024-09-06 10:15",15.77,15.85,15.69,15.85,0.01,+0.06%,0
"2024-09-06 10:16",15.9,15.94,15.85,15.94,0.09,+0.57%,0
"2024-09-06 10:17",15.87,16.01,15.83,15.83,-0.11,-0.69%,0
"2024-09-06 10:18",15.86,15.92,15.81,15.81,-0.02,-0.13%,0
"2024-09-06 10:19",15.8,15.8,15.62,15.69,-0.12,-0.76%,0
"2024-09-06 10:20",15.71,15.84,15.71,15.84,0.15,+0.96%,0
"2024-09-06 10:21",15.93,15.99,15.93,15.99,0.15,+0.95%,0
"2024-09-06 10:22",16,16,15.96,15.96,-0.03,-0.19%,0
"2024-09-06 10:23",15.99,16.2,15.99,16.2,0.24,+1.50%,0
"2024-09-06 10:24",16.2,16.62,16.2,16.62,0.42,+2.59%,0
"2024-09-06 10:25",16.57,16.78,16.57,16.78,0.16,+0.96%,0
"2024-09-06 10:26",16.81,17,16.79,17,0.22,+1.31%,0
"2024-09-06 10:27",17.05,17.05,16.71,16.71,-0.29,-1.71%,0
"2024-09-06 10:28",16.76,16.79,16.75,16.75,0.04,+0.24%,0
"2024-09-06 10:29",16.8,16.84,16.8,16.82,0.07,+0.42%,0
"2024-09-06 10:30",16.78,16.79,16.76,16.78,-0.04,-0.24%,0
"2024-09-06 10:31",16.72,16.73,16.62,16.62,-0.16,-0.95%,0
"2024-09-06 10:32",16.65,16.82,16.65,16.82,0.2,+1.20%,0
"2024-09-06 10:33",16.87,17,16.87,17,0.18,+1.07%,0
"2024-09-06 10:34",16.95,17.38,16.95,17.38,0.38,+2.24%,0
"2024-09-06 10:35",17.33,17.61,17.33,17.59,0.21,+1.21%,0
"2024-09-06 10:36",17.58,17.6,17.5,17.6,0.01,+0.06%,0
"2024-09-06 10:37",17.56,17.64,17.55,17.55,-0.05,-0.28%,0
"2024-09-06 10:38",17.49,17.49,17.13,17.23,-0.32,-1.82%,0
"2024-09-06 10:39",17.28,17.44,17.28,17.44,0.21,+1.22%,0
"2024-09-06 10:40",17.36,17.62,17.32,17.62,0.18,+1.03%,0
"2024-09-06 10:41",17.68,17.68,17.59,17.59,-0.03,-0.17%,0
"2024-09-06 10:42",17.61,18.09,17.61,18.09,0.5,+2.84%,0
"2024-09-06 10:43",18.26,18.4,18.26,18.31,0.22,+1.22%,0
"2024-09-06 10:44",18.2,18.51,18.2,18.51,0.2,+1.09%,0
"2024-09-06 10:45",18.6,18.63,18.17,18.17,-0.34,-1.84%,0
"2024-09-06 10:46",18.26,18.26,18,18,-0.17,-0.94%,0
"2024-09-06 10:47",17.98,18.31,17.98,18.17,0.17,+0.94%,0
"2024-09-06 10:48",18.13,18.13,17.85,17.94,-0.23,-1.27%,0
"2024-09-06 10:49",17.99,18.06,17.99,18.06,0.12,+0.67%,0
"2024-09-06 10:50",18.03,18.03,17.88,17.88,-0.18,-1.00%,0
"2024-09-06 10:51",17.96,18.15,17.96,18.12,0.24,+1.34%,0
"2024-09-06 10:52",18.16,18.31,18.16,18.23,0.11,+0.61%,0
"2024-09-06 10:53",18.12,18.37,18.12,18.37,0.14,+0.77%,0
"2024-09-06 10:54",18.31,18.38,18.31,18.38,0.01,+0.05%,0
"2024-09-06 10:55",18.4,18.49,18.4,18.48,0.1,+0.54%,0
"2024-09-06 10:56",18.58,18.59,18.57,18.58,0.1,+0.54%,0
"2024-09-06 10:57",18.6,18.72,18.6,18.72,0.14,+0.75%,0
"2024-09-06 10:58",18.66,18.66,18.54,18.6,-0.12,-0.64%,0
"2024-09-06 10:59",18.62,18.64,18.6,18.64,0.04,+0.22%,0
"2024-09-06 11:00",18.59,18.59,18.08,18.08,-0.56,-3.00%,0
"2024-09-06 11:01",17.85,17.85,17.37,17.37,-0.71,-3.93%,0
"2024-09-06 11:02",17.21,17.21,17,17,-0.37,-2.13%,0
"2024-09-06 11:03",17.24,17.35,17.23,17.35,0.35,+2.06%,0
"2024-09-06 11:04",17.35,17.71,17.35,17.71,0.36,+2.07%,0
"2024-09-06 11:05",17.84,18.06,17.84,18.06,0.35,+1.98%,0
"2024-09-06 11:06",18.04,18.04,17.88,18,-0.06,-0.33%,0
"2024-09-06 11:07",18.07,18.29,18.07,18.29,0.29,+1.61%,0
"2024-09-06 11:08",18.3,18.48,18.3,18.48,0.19,+1.04%,0
"2024-09-06 11:09",18.53,18.58,18.47,18.5,0.02,+0.11%,0
"2024-09-06 11:10",18.51,18.51,18.21,18.26,-0.24,-1.30%,0
"2024-09-06 11:11",18.37,18.37,18.29,18.29,0.03,+0.16%,0
"2024-09-06 11:12",18.23,18.23,18.08,18.17,-0.12,-0.66%,0
"2024-09-06 11:13",18.22,18.22,18.02,18.02,-0.15,-0.83%,0
"2024-09-06 11:14",18.06,18.15,18.04,18.15,0.13,+0.72%,0
"2024-09-06 11:15",18.1,18.24,18.1,18.24,0.09,+0.50%,0
"2024-09-06 11:16",18.24,18.31,18.24,18.26,0.02,+0.11%,0
"2024-09-06 11:17",18.27,18.59,18.27,18.52,0.26,+1.42%,0
"2024-09-06 11:18",18.54,18.54,18.52,18.53,0.01,+0.05%,0
"2024-09-06 11:19",18.63,18.75,18.63,18.75,0.22,+1.19%,0
"2024-09-06 11:20",18.65,18.81,18.65,18.81,0.06,+0.32%,0
"2024-09-06 11:21",18.79,18.79,18.65,18.77,-0.04,-0.21%,0
"2024-09-06 11:22",18.71,18.83,18.71,18.82,0.05,+0.27%,0
"2024-09-06 11:23",18.83,18.91,18.83,18.83,0.01,+0.05%,0
"2024-09-06 11:24",18.72,18.72,18.54,18.57,-0.26,-1.38%,0
"2024-09-06 11:25",18.6,18.6,18.54,18.55,-0.02,-0.11%,0
"2024-09-06 11:26",18.52,18.57,18.51,18.57,0.02,+0.11%,0
"2024-09-06 11:27",18.55,18.61,18.53,18.54,-0.03,-0.16%,0
"2024-09-06 11:28",18.51,18.54,18.49,18.49,-0.05,-0.27%,0
"2024-09-06 11:29",18.55,18.59,18.48,18.48,-0.01,-0.05%,0
"2024-09-06 11:30",18.47,18.47,18.31,18.31,-0.17,-0.92%,0
"2024-09-06 11:31",18.3,18.3,17.9,17.9,-0.41,-2.24%,0
"2024-09-06 11:32",18.03,18.1,17.9,17.9,0,0.00%,0
"2024-09-06 11:33",17.71,17.9,17.71,17.85,-0.05,-0.28%,0
"2024-09-06 11:34",17.79,17.89,17.79,17.81,-0.04,-0.22%,0
"2024-09-06 11:35",17.82,17.98,17.82,17.98,0.17,+0.95%,0
"2024-09-06 11:36",17.93,18.01,17.93,18,0.02,+0.11%,0
"2024-09-06 11:37",17.95,17.95,17.79,17.82,-0.18,-1.00%,0
"2024-09-06 11:38",17.8,17.92,17.8,17.89,0.07,+0.39%,0
"2024-09-06 11:39",17.88,18,17.88,17.97,0.08,+0.45%,0
"2024-09-06 11:40",17.86,17.94,17.85,17.94,-0.03,-0.17%,0
"2024-09-06 11:41",17.94,18.05,17.89,17.89,-0.05,-0.28%,0
"2024-09-06 11:42",17.94,17.98,17.94,17.98,0.09,+0.50%,0
"2024-09-06 11:43",17.93,17.93,17.87,17.88,-0.1,-0.56%,0
"2024-09-06 11:44",17.94,17.97,17.9,17.97,0.09,+0.50%,0
"2024-09-06 11:45",18.05,18.22,18.05,18.22,0.25,+1.39%,0
"2024-09-06 11:46",18.33,18.33,18.24,18.24,0.02,+0.11%,0
"2024-09-06 11:47",18.21,18.21,18.04,18.07,-0.17,-0.93%,0
"2024-09-06 11:48",18.1,18.15,18.1,18.14,0.07,+0.39%,0
"2024-09-06 11:49",18.19,18.19,18.09,18.17,0.03,+0.17%,0
"2024-09-06 11:50",18.11,18.28,18.11,18.28,0.11,+0.61%,0
"2024-09-06 11:51",18.29,18.36,18.29,18.36,0.08,+0.44%,0
"2024-09-06 11:52",18.39,18.42,18.33,18.33,-0.03,-0.16%,0
"2024-09-06 11:53",18.34,18.37,18.33,18.33,0,0.00%,0
"2024-09-06 11:54",18.33,18.33,18.04,18.04,-0.29,-1.58%,0
"2024-09-06 11:55",18.08,18.09,17.97,18.01,-0.03,-0.17%,0
"2024-09-06 11:56",17.95,17.97,17.89,17.89,-0.12,-0.67%,0
"2024-09-06 11:57",17.86,17.91,17.86,17.91,0.02,+0.11%,0
"2024-09-06 11:58",18,18.04,17.92,18.04,0.13,+0.73%,0
"2024-09-06 11:59",18.03,18.09,18.03,18.09,0.05,+0.28%,0
"2024-09-06 12:00",18.14,18.15,18.13,18.13,0.04,+0.22%,0
"2024-09-06 12:01",18.08,18.08,17.91,17.91,-0.22,-1.21%,0
"2024-09-06 12:02",17.84,18.05,17.84,18.05,0.14,+0.78%,0
"2024-09-06 12:03",18.04,18.12,18.04,18.08,0.03,+0.17%,0
"2024-09-06 12:04",18.07,18.11,18.07,18.11,0.03,+0.17%,0
"2024-09-06 12:05",18.12,18.13,18.09,18.09,-0.02,-0.11%,0
"2024-09-06 12:06",18.13,18.2,18.12,18.14,0.05,+0.28%,0
"2024-09-06 12:07",18.18,18.19,18.06,18.06,-0.08,-0.44%,0
"2024-09-06 12:08",18.07,18.2,18.07,18.2,0.14,+0.78%,0
"2024-09-06 12:09",18.19,18.23,18.19,18.22,0.02,+0.11%,0
"2024-09-06 12:10",18.14,18.22,18.14,18.22,0,0.00%,0
"2024-09-06 12:11",18.19,18.23,18.17,18.18,-0.04,-0.22%,0
"2024-09-06 12:12",18.19,18.2,18.17,18.17,-0.01,-0.06%,0
"2024-09-06 12:13",18.1,18.15,18.1,18.13,-0.04,-0.22%,0
"2024-09-06 12:14",18.12,18.12,18.05,18.09,-0.04,-0.22%,0
"2024-09-06 12:15",18.13,18.2,18.13,18.2,0.11,+0.61%,0
"2024-09-06 12:16",18.23,18.41,18.23,18.41,0.21,+1.15%,0
"2024-09-06 12:17",18.35,18.36,18.29,18.29,-0.12,-0.65%,0
"2024-09-06 12:18",18.29,18.33,18.27,18.27,-0.02,-0.11%,0
"2024-09-06 12:19",18.29,18.29,18.25,18.25,-0.02,-0.11%,0
"2024-09-06 12:20",18.32,18.38,18.32,18.36,0.11,+0.60%,0
"2024-09-06 12:21",18.33,18.36,18.33,18.36,0,0.00%,0
"2024-09-06 12:22",18.37,18.42,18.24,18.24,-0.12,-0.65%,0
"2024-09-06 12:23",18.24,18.3,18.24,18.3,0.06,+0.33%,0
"2024-09-06 12:24",18.3,18.32,18.2,18.2,-0.1,-0.55%,0
"2024-09-06 12:25",18.2,18.24,18.2,18.21,0.01,+0.05%,0
"2024-09-06 12:26",18.16,18.2,18.16,18.18,-0.03,-0.16%,0
"2024-09-06 12:27",18.18,18.25,18.18,18.22,0.04,+0.22%,0
"2024-09-06 12:28",18.28,18.51,18.28,18.51,0.29,+1.59%,0
"2024-09-06 12:29",18.54,18.57,18.53,18.55,0.04,+0.22%,0
"2024-09-06 12:30",18.51,18.51,18.42,18.51,-0.04,-0.22%,0
"2024-09-06 12:31",18.44,18.48,18.44,18.46,-0.05,-0.27%,0
"2024-09-06 12:32",18.46,18.55,18.46,18.54,0.08,+0.43%,0
"2024-09-06 12:33",18.52,18.52,18.28,18.28,-0.26,-1.40%,0
"2024-09-06 12:34",18.32,18.39,18.32,18.35,0.07,+0.38%,0
"2024-09-06 12:35",18.29,18.29,18.23,18.29,-0.06,-0.33%,0
"2024-09-06 12:36",18.28,18.31,18.28,18.31,0.02,+0.11%,0
"2024-09-06 12:37",18.31,18.41,18.31,18.31,0,0.00%,0
"2024-09-06 12:38",18.3,18.35,18.3,18.34,0.03,+0.16%,0
"2024-09-06 12:39",18.37,18.45,18.37,18.45,0.11,+0.60%,0
"2024-09-06 12:40",18.45,18.46,18.45,18.45,0,0.00%,0
"2024-09-06 12:41",18.48,18.49,18.47,18.47,0.02,+0.11%,0
"2024-09-06 12:42",18.47,18.47,18.41,18.41,-0.06,-0.32%,0
"2024-09-06 12:43",18.38,18.38,18.35,18.38,-0.03,-0.16%,0
"2024-09-06 12:44",18.38,18.44,18.37,18.41,0.03,+0.16%,0
"2024-09-06 12:45",18.42,18.47,18.42,18.45,0.04,+0.22%,0
"2024-09-06 12:46",18.52,18.6,18.52,18.55,0.1,+0.54%,0
"2024-09-06 12:47",18.52,18.54,18.5,18.5,-0.05,-0.27%,0
"2024-09-06 12:48",18.51,18.6,18.51,18.59,0.09,+0.49%,0
"2024-09-06 12:49",18.59,18.67,18.59,18.64,0.05,+0.27%,0
"2024-09-06 12:50",18.64,18.71,18.64,18.71,0.07,+0.38%,0
"2024-09-06 12:51",18.71,18.76,18.71,18.76,0.05,+0.27%,0
"2024-09-06 12:52",18.75,18.76,18.75,18.75,-0.01,-0.05%,0
"2024-09-06 12:53",18.76,18.85,18.76,18.77,0.02,+0.11%,0
"2024-09-06 12:54",18.78,18.81,18.77,18.77,0,0.00%,0
"2024-09-06 12:55",18.77,18.8,18.77,18.78,0.01,+0.05%,0
"2024-09-06 12:56",18.79,18.85,18.79,18.81,0.03,+0.16%,0
"2024-09-06 12:57",18.82,18.85,18.82,18.83,0.02,+0.11%,0
"2024-09-06 12:58",18.84,18.89,18.83,18.89,0.06,+0.32%,0
"2024-09-06 12:59",18.91,18.91,18.9,18.91,0.02,+0.11%,0
"2024-09-06 13:00",18.89,18.89,18.77,18.77,-0.14,-0.74%,0
"2024-09-06 13:01",18.76,18.76,18.73,18.73,-0.04,-0.21%,0
"2024-09-06 13:02",18.71,18.71,18.69,18.71,-0.02,-0.11%,0
"2024-09-06 13:03",18.69,18.72,18.65,18.65,-0.06,-0.32%,0
"2024-09-06 13:04",18.62,18.64,18.6,18.6,-0.05,-0.27%,0
"2024-09-06 13:05",18.61,18.64,18.58,18.64,0.04,+0.22%,0
"2024-09-06 13:06",18.62,18.64,18.55,18.55,-0.09,-0.48%,0
"2024-09-06 13:07",18.53,18.57,18.53,18.56,0.01,+0.05%,0
"2024-09-06 13:08",18.62,18.7,18.62,18.64,0.08,+0.43%,0
"2024-09-06 13:09",18.61,18.61,18.57,18.58,-0.06,-0.32%,0
"2024-09-06 13:10",18.57,18.57,18.51,18.51,-0.07,-0.38%,0
"2024-09-06 13:11",18.47,18.47,18.47,18.47,-0.04,-0.22%,0
"2024-09-06 13:12",18.44,18.46,18.41,18.45,-0.02,-0.11%,0
"2024-09-06 13:13",18.45,18.46,18.42,18.42,-0.03,-0.16%,0
"2024-09-06 13:14",18.4,18.41,18.38,18.38,-0.04,-0.22%,0
"2024-09-06 13:15",18.39,18.4,18.39,18.39,0.01,+0.05%,0
"2024-09-06 13:16",18.39,18.45,18.39,18.45,0.06,+0.33%,0
"2024-09-06 13:17",18.47,18.51,18.47,18.51,0.06,+0.33%,0
"2024-09-06 13:18",18.49,18.53,18.49,18.53,0.02,+0.11%,0
"2024-09-06 13:19",18.51,18.55,18.51,18.51,-0.02,-0.11%,0
"2024-09-06 13:20",18.54,18.56,18.48,18.48,-0.03,-0.16%,0
"2024-09-06 13:21",18.51,18.51,18.44,18.44,-0.04,-0.22%,0
"2024-09-06 13:22",18.48,18.51,18.48,18.5,0.06,+0.33%,0
"2024-09-06 13:23",18.48,18.48,18.37,18.37,-0.13,-0.70%,0
"2024-09-06 13:24",18.39,18.43,18.39,18.43,0.06,+0.33%,0
"2024-09-06 13:25",18.42,18.42,18.4,18.4,-0.03,-0.16%,0
"2024-09-06 13:26",18.39,18.42,18.32,18.32,-0.08,-0.43%,0
"2024-09-06 13:27",18.36,18.61,18.36,18.56,0.24,+1.31%,0
"2024-09-06 13:28",18.57,18.62,18.56,18.56,0,0.00%,0
"2024-09-06 13:29",18.54,18.6,18.54,18.6,0.04,+0.22%,0
"2024-09-06 13:30",18.69,18.77,18.69,18.76,0.16,+0.86%,0
"2024-09-06 13:31",18.74,18.76,18.73,18.73,-0.03,-0.16%,0
"2024-09-06 13:32",18.73,18.78,18.73,18.78,0.05,+0.27%,0
"2024-09-06 13:33",18.75,18.79,18.75,18.77,-0.01,-0.05%,0
"2024-09-06 13:34",18.77,18.77,18.75,18.75,-0.02,-0.11%,0
"2024-09-06 13:35",18.71,18.89,18.71,18.89,0.14,+0.75%,0
"2024-09-06 13:36",18.89,18.94,18.88,18.94,0.05,+0.26%,0
"2024-09-06 13:37",18.92,19.01,18.92,18.99,0.05,+0.26%,0
"2024-09-06 13:38",19.01,19.06,19.01,19.06,0.07,+0.37%,0
"2024-09-06 13:39",19.06,19.13,19.06,19.13,0.07,+0.37%,0
"2024-09-06 13:40",19.11,19.13,19.11,19.13,0,0.00%,0
"2024-09-06 13:41",19.11,19.14,19.1,19.1,-0.03,-0.16%,0
"2024-09-06 13:42",19.11,19.17,19.11,19.14,0.04,+0.21%,0
"2024-09-06 13:43",19.11,19.17,19.11,19.16,0.02,+0.10%,0
"2024-09-06 13:44",19.11,19.13,19.1,19.1,-0.06,-0.31%,0
"2024-09-06 13:45",19.03,19.04,18.96,18.96,-0.14,-0.73%,0
"2024-09-06 13:46",18.97,19.07,18.97,19.06,0.1,+0.53%,0
"2024-09-06 13:47",19.05,19.05,18.86,18.86,-0.2,-1.05%,0
"2024-09-06 13:48",18.85,18.92,18.85,18.92,0.06,+0.32%,0
"2024-09-06 13:49",18.94,19,18.94,18.96,0.04,+0.21%,0
"2024-09-06 13:50",18.97,19.06,18.97,19.06,0.1,+0.53%,0
"2024-09-06 13:51",19.12,19.12,19.07,19.07,0.01,+0.05%,0
"2024-09-06 13:52",19.07,19.1,19.07,19.07,0,0.00%,0
"2024-09-06 13:53",19.02,19.02,19.01,19.01,-0.06,-0.31%,0
"2024-09-06 13:54",18.97,18.97,18.89,18.89,-0.12,-0.63%,0
"2024-09-06 13:55",18.88,18.89,18.71,18.71,-0.18,-0.95%,0
"2024-09-06 13:56",18.69,18.7,18.67,18.67,-0.04,-0.21%,0
"2024-09-06 13:57",18.66,18.72,18.66,18.72,0.05,+0.27%,0
"2024-09-06 13:58",18.73,18.75,18.73,18.75,0.03,+0.16%,0
"2024-09-06 13:59",18.74,18.74,18.68,18.68,-0.07,-0.37%,0
"2024-09-06 14:00",18.65,18.65,18.59,18.59,-0.09,-0.48%,0
"2024-09-06 14:01",18.57,18.72,18.57,18.72,0.13,+0.70%,0
"2024-09-06 14:02",18.73,18.83,18.73,18.8,0.08,+0.43%,0
"2024-09-06 14:03",18.8,18.82,18.79,18.79,-0.01,-0.05%,0
"2024-09-06 14:04",18.77,18.77,18.74,18.74,-0.05,-0.27%,0
"2024-09-06 14:05",18.78,18.79,18.78,18.78,0.04,+0.21%,0
"2024-09-06 14:06",18.77,18.78,18.77,18.77,-0.01,-0.05%,0
"2024-09-06 14:07",18.8,18.87,18.8,18.83,0.06,+0.32%,0
"2024-09-06 14:08",18.84,18.86,18.84,18.84,0.01,+0.05%,0
"2024-09-06 14:09",18.84,18.85,18.8,18.81,-0.03,-0.16%,0
"2024-09-06 14:10",18.77,18.81,18.76,18.76,-0.05,-0.27%,0
"2024-09-06 14:11",18.76,18.76,18.74,18.74,-0.02,-0.11%,0
"2024-09-06 14:12",18.72,18.77,18.72,18.77,0.03,+0.16%,0
"2024-09-06 14:13",18.77,18.82,18.77,18.82,0.05,+0.27%,0
"2024-09-06 14:14",18.82,18.82,18.81,18.81,-0.01,-0.05%,0
"2024-09-06 14:15",18.72,18.72,18.58,18.58,-0.23,-1.22%,0
"2024-09-06 14:16",18.54,18.56,18.52,18.54,-0.04,-0.22%,0
"2024-09-06 14:17",18.54,18.58,18.54,18.56,0.02,+0.11%,0
"2024-09-06 14:18",18.6,18.68,18.6,18.68,0.12,+0.65%,0
"2024-09-06 14:19",18.68,18.78,18.68,18.78,0.1,+0.54%,0
"2024-09-06 14:20",18.75,18.75,18.71,18.71,-0.07,-0.37%,0
"2024-09-06 14:21",18.73,18.82,18.73,18.82,0.11,+0.59%,0
"2024-09-06 14:22",18.85,18.89,18.84,18.84,0.02,+0.11%,0
"2024-09-06 14:23",18.81,18.86,18.81,18.86,0.02,+0.11%,0
"2024-09-06 14:24",18.88,18.96,18.88,18.96,0.1,+0.53%,0
"2024-09-06 14:25",18.94,18.94,18.88,18.88,-0.08,-0.42%,0
"2024-09-06 14:26",18.89,19.13,18.89,19.13,0.25,+1.32%,0
"2024-09-06 14:27",19.06,19.07,19.05,19.07,-0.06,-0.31%,0
"2024-09-06 14:28",19.04,19.12,19.03,19.12,0.05,+0.26%,0
"2024-09-06 14:29",19.17,19.17,19.15,19.15,0.03,+0.16%,0
"2024-09-06 14:30",19.17,19.33,19.17,19.33,0.18,+0.94%,0
"2024-09-06 14:31",19.33,19.37,19.32,19.37,0.04,+0.21%,0
"2024-09-06 14:32",19.45,19.52,19.45,19.51,0.14,+0.72%,0
"2024-09-06 14:33",19.57,19.64,19.57,19.64,0.13,+0.67%,0
"2024-09-06 14:34",19.64,19.67,19.64,19.66,0.02,+0.10%,0
"2024-09-06 14:35",19.63,19.65,19.63,19.63,-0.03,-0.15%,0
"2024-09-06 14:36",19.62,19.62,19.61,19.61,-0.02,-0.10%,0
"2024-09-06 14:37",19.62,19.65,19.62,19.65,0.04,+0.20%,0
"2024-09-06 14:38",19.65,19.69,19.65,19.66,0.01,+0.05%,0
"2024-09-06 14:39",19.65,19.65,19.61,19.61,-0.05,-0.25%,0
"2024-09-06 14:40",19.6,19.63,19.6,19.63,0.02,+0.10%,0
"2024-09-06 14:41",19.64,19.68,19.64,19.68,0.05,+0.25%,0
"2024-09-06 14:42",19.73,19.75,19.73,19.74,0.06,+0.30%,0
"2024-09-06 14:43",19.74,19.75,19.74,19.75,0.01,+0.05%,0
"2024-09-06 14:44",19.76,19.76,19.65,19.65,-0.1,-0.51%,0
"2024-09-06 14:45",19.65,19.65,19.63,19.65,0,0.00%,0
"2024-09-06 14:46",19.67,19.7,19.67,19.68,0.03,+0.15%,0
"2024-09-06 14:47",19.69,19.71,19.69,19.7,0.02,+0.10%,0
"2024-09-06 14:48",19.72,19.76,19.72,19.73,0.03,+0.15%,0
"2024-09-06 14:49",19.72,19.74,19.69,19.69,-0.04,-0.20%,0
"2024-09-06 14:50",19.69,19.73,19.69,19.73,0.04,+0.20%,0
"2024-09-06 14:51",19.73,19.75,19.69,19.69,-0.04,-0.20%,0
"2024-09-06 14:52",19.69,19.75,19.69,19.73,0.04,+0.20%,0
"2024-09-06 14:53",19.71,19.72,19.71,19.71,-0.02,-0.10%,0
"2024-09-06 14:54",19.7,19.73,19.68,19.68,-0.03,-0.15%,0
"2024-09-06 14:55",19.65,19.67,19.62,19.62,-0.06,-0.30%,0
"2024-09-06 14:56",19.66,19.66,19.56,19.56,-0.06,-0.31%,0
"2024-09-06 14:57",19.54,19.54,19.47,19.47,-0.09,-0.46%,0
"2024-09-06 14:58",19.47,19.47,19.35,19.35,-0.12,-0.62%,0
"2024-09-06 14:59",19.36,19.39,19.36,19.36,0.01,+0.05%,0
"2024-09-06 15:00",19.35,19.37,19.12,19.12,-0.24,-1.24%,0
"2024-09-06 15:01",19.13,19.16,19.13,19.14,0.02,+0.10%,0
"2024-09-06 15:02",19.19,19.27,19.19,19.27,0.13,+0.68%,0
"2024-09-06 15:03",19.28,19.34,19.28,19.34,0.07,+0.36%,0
"2024-09-06 15:04",19.33,19.33,19.28,19.28,-0.06,-0.31%,0
"2024-09-06 15:05",19.28,19.44,19.28,19.44,0.16,+0.83%,0
"2024-09-06 15:06",19.46,19.46,19.34,19.34,-0.1,-0.51%,0
"2024-09-06 15:07",19.32,19.41,19.32,19.39,0.05,+0.26%,0
"2024-09-06 15:08",19.38,19.42,19.38,19.4,0.01,+0.05%,0
"2024-09-06 15:09",19.39,19.44,19.39,19.4,0,0.00%,0
"2024-09-06 15:10",19.39,19.41,19.36,19.36,-0.04,-0.21%,0
"2024-09-06 15:11",19.36,19.36,19.32,19.32,-0.04,-0.21%,0
"2024-09-06 15:12",19.3,19.33,19.27,19.27,-0.05,-0.26%,0
"2024-09-06 15:13",19.25,19.27,19.25,19.27,0,0.00%,0
"2024-09-06 15:14",19.26,19.42,19.26,19.42,0.15,+0.78%,0
"2024-09-06 15:15",19.43,19.43,19.33,19.33,-0.09,-0.46%,0
"2024-09-06 15:16",19.29,19.33,19.29,19.33,0,0.00%,0
"2024-09-06 15:17",19.32,19.35,19.32,19.35,0.02,+0.10%,0
"2024-09-06 15:18",19.34,19.37,19.34,19.37,0.02,+0.10%,0
"2024-09-06 15:19",19.36,19.39,19.36,19.39,0.02,+0.10%,0
"2024-09-06 15:20",19.37,19.38,19.36,19.36,-0.03,-0.15%,0
"2024-09-06 15:21",19.37,19.4,19.37,19.4,0.04,+0.21%,0
"2024-09-06 15:22",19.39,19.43,19.39,19.43,0.03,+0.15%,0
"2024-09-06 15:23",19.43,19.47,19.43,19.47,0.04,+0.21%,0
"2024-09-06 15:24",19.47,19.52,19.47,19.52,0.05,+0.26%,0
"2024-09-06 15:25",19.55,19.61,19.55,19.59,0.07,+0.36%,0
"2024-09-06 15:26",19.6,19.62,19.6,19.6,0.01,+0.05%,0
"2024-09-06 15:27",19.54,19.54,19.46,19.46,-0.14,-0.71%,0
"2024-09-06 15:28",19.44,19.49,19.44,19.46,0,0.00%,0
"2024-09-06 15:29",19.48,19.48,19.48,19.48,0.02,+0.10%,0
"2024-09-06 15:30",19.51,19.57,19.51,19.57,0.09,+0.46%,0
"2024-09-06 15:31",19.61,19.63,19.61,19.62,0.05,+0.26%,0
"2024-09-06 15:32",19.63,19.64,19.61,19.61,-0.01,-0.05%,0
"2024-09-06 15:33",19.6,19.77,19.6,19.77,0.16,+0.82%,0
"2024-09-06 15:34",19.75,19.82,19.75,19.81,0.04,+0.20%,0
"2024-09-06 15:35",19.82,19.86,19.82,19.85,0.04,+0.20%,0
"2024-09-06 15:36",19.93,19.97,19.92,19.97,0.12,+0.60%,0
"2024-09-06 15:37",20.02,20.15,20.02,20.15,0.18,+0.90%,0
"2024-09-06 15:38",20.18,20.19,20.15,20.19,0.04,+0.20%,0
"2024-09-06 15:39",20.19,20.25,20.19,20.25,0.06,+0.30%,0
"2024-09-06 15:40",20.3,20.36,20.3,20.33,0.08,+0.40%,0
"2024-09-06 15:41",20.3,20.36,20.27,20.36,0.03,+0.15%,0
"2024-09-06 15:42",20.34,20.43,20.34,20.43,0.07,+0.34%,0
"2024-09-06 15:43",20.44,20.51,20.44,20.5,0.07,+0.34%,0
"2024-09-06 15:44",20.57,20.69,20.57,20.68,0.18,+0.88%,0
"2024-09-06 15:45",20.76,20.76,20.63,20.63,-0.05,-0.24%,0
"2024-09-06 15:46",20.62,20.65,20.58,20.58,-0.05,-0.24%,0
"2024-09-06 15:47",20.59,20.59,20.52,20.56,-0.02,-0.10%,0
"2024-09-06 15:48",20.45,20.45,20.4,20.4,-0.16,-0.78%,0
"2024-09-06 15:49",20.35,20.35,20.17,20.17,-0.23,-1.13%,0
"2024-09-06 15:50",20.13,20.21,20.13,20.15,-0.02,-0.10%,0
"2024-09-06 15:51",20.17,20.27,20.17,20.27,0.12,+0.60%,0
"2024-09-06 15:52",20.29,20.51,20.29,20.51,0.24,+1.18%,0
"2024-09-06 15:53",20.51,20.61,20.51,20.59,0.08,+0.39%,0
"2024-09-06 15:54",20.7,20.83,20.7,20.8,0.21,+1.02%,0
"2024-09-06 15:55",20.79,20.9,20.66,20.66,-0.14,-0.67%,0
"2024-09-06 15:56",20.56,20.59,20.53,20.56,-0.1,-0.48%,0
"2024-09-06 15:57",20.51,20.51,20.38,20.39,-0.17,-0.83%,0
"2024-09-06 15:58",20.33,20.33,20.16,20.16,-0.23,-1.13%,0
"2024-09-06 15:59",20.1,20.29,20.07,20.07,-0.09,-0.45%,0
"2024-09-06 16:00",19.85,20.51,19.85,20.51,0.44,+2.19%,0
"2024-09-06 16:01",20.56,20.85,20.56,20.85,0.34,+1.66%,0
"2024-09-06 16:02",20.77,20.81,20.73,20.73,-0.12,-0.58%,0
"2024-09-06 16:03",20.68,20.72,20.56,20.58,-0.15,-0.72%,0
"2024-09-06 16:04",20.48,20.48,20.44,20.44,-0.14,-0.68%,0
"2024-09-06 16:05",20.37,20.37,20.35,20.35,-0.09,-0.44%,0
"2024-09-06 16:06",20.29,20.33,20.28,20.28,-0.07,-0.34%,0
"2024-09-06 16:07",20.25,20.29,20.18,20.18,-0.1,-0.49%,0
"2024-09-06 16:08",20.14,20.14,20.11,20.11,-0.07,-0.35%,0
"2024-09-06 16:09",20.12,20.18,20.12,20.16,0.05,+0.25%,0
"2024-09-06 16:10",20.16,20.18,20.16,20.18,0.02,+0.10%,0
"2024-09-06 16:11",20.15,20.19,20.15,20.15,-0.03,-0.15%,0
"2024-09-06 16:12",20.22,20.39,20.22,20.39,0.24,+1.19%,0
"2024-09-06 16:13",20.37,20.43,20.37,20.43,0.04,+0.20%,0
"2024-09-06 16:14",20.51,20.51,20.38,20.38,-0.05,-0.24%,0
"2024-09-06 16:15",20.44,20.44,20.44,20.44,0.06,+0.29%,0
"2024-09-09 09:31",14.13,14.13,14.01,14.09,-6.35,-31.07%,0
"2024-09-09 09:32",14.04,14.04,13.99,13.99,-0.1,-0.71%,0
"2024-09-09 09:33",13.95,13.95,13.85,13.94,-0.05,-0.36%,0
"2024-09-09 09:34",13.95,13.95,13.88,13.9,-0.04,-0.29%,0
"2024-09-09 09:35",13.87,13.95,13.87,13.89,-0.01,-0.07%,0
"2024-09-09 09:36",13.87,13.87,13.86,13.86,-0.03,-0.22%,0
"2024-09-09 09:37",13.85,13.85,13.75,13.82,-0.04,-0.29%,0
"2024-09-09 09:38",13.86,13.99,13.86,13.86,0.04,+0.29%,0
"2024-09-09 09:39",13.85,13.85,13.58,13.58,-0.28,-2.02%,0
"2024-09-09 09:40",13.68,13.81,13.68,13.81,0.23,+1.69%,0
"2024-09-09 09:41",13.83,13.95,13.83,13.85,0.04,+0.29%,0
"2024-09-09 09:42",13.85,13.96,13.85,13.96,0.11,+0.79%,0
"2024-09-09 09:43",13.91,13.91,13.81,13.81,-0.15,-1.07%,0
"2024-09-09 09:44",13.8,13.81,13.72,13.74,-0.07,-0.51%,0
"2024-09-09 09:45",13.78,13.87,13.72,13.87,0.13,+0.95%,0
"2024-09-09 09:46",13.89,13.89,13.82,13.83,-0.04,-0.29%,0
"2024-09-09 09:47",13.82,13.82,13.52,13.58,-0.25,-1.81%,0
"2024-09-09 09:48",13.6,13.62,13.59,13.62,0.04,+0.29%,0
"2024-09-09 09:49",13.69,13.69,13.56,13.56,-0.06,-0.44%,0
"2024-09-09 09:50",13.64,13.66,13.46,13.46,-0.1,-0.74%,0
"2024-09-09 09:51",13.39,13.63,13.39,13.54,0.08,+0.59%,0
"2024-09-09 09:52",13.52,13.52,13.4,13.49,-0.05,-0.37%,0
"2024-09-09 09:53",13.49,13.56,13.47,13.47,-0.02,-0.15%,0
"2024-09-09 09:54",13.49,13.52,13.49,13.5,0.03,+0.22%,0
"2024-09-09 09:55",13.42,13.42,13.3,13.32,-0.18,-1.33%,0
"2024-09-09 09:56",13.35,13.35,13.28,13.28,-0.04,-0.30%,0
"2024-09-09 09:57",13.29,13.39,13.29,13.39,0.11,+0.83%,0
"2024-09-09 09:58",13.37,13.37,13.22,13.22,-0.17,-1.27%,0
"2024-09-09 09:59",13.25,13.32,13.22,13.24,0.02,+0.15%,0
"2024-09-09 10:00",13.28,13.34,13.28,13.33,0.09,+0.68%,0
"2024-09-09 10:01",13.32,13.34,13.32,13.34,0.01,+0.08%,0
"2024-09-09 10:02",13.36,13.38,13.31,13.38,0.04,+0.30%,0
"2024-09-09 10:03",13.36,13.39,13.36,13.36,-0.02,-0.15%,0
"2024-09-09 10:04",13.36,13.42,13.36,13.42,0.06,+0.45%,0
"2024-09-09 10:05",13.42,13.49,13.42,13.46,0.04,+0.30%,0
"2024-09-09 10:06",13.42,13.44,13.36,13.36,-0.1,-0.74%,0
"2024-09-09 10:07",13.42,13.49,13.42,13.47,0.11,+0.82%,0
"2024-09-09 10:08",13.43,13.43,13.34,13.34,-0.13,-0.97%,0
"2024-09-09 10:09",13.35,13.35,13.3,13.35,0.01,+0.07%,0
"2024-09-09 10:10",13.34,13.34,13.06,13.06,-0.29,-2.17%,0
"2024-09-09 10:11",12.95,13.06,12.95,13,-0.06,-0.46%,0
"2024-09-09 10:12",12.98,13.02,12.98,12.98,-0.02,-0.15%,0
"2024-09-09 10:13",12.89,12.92,12.86,12.86,-0.12,-0.92%,0
"2024-09-09 10:14",12.8,12.8,12.76,12.76,-0.1,-0.78%,0
"2024-09-09 10:15",12.76,12.78,12.71,12.71,-0.05,-0.39%,0
"2024-09-09 10:16",12.69,12.69,12.67,12.67,-0.04,-0.31%,0
"2024-09-09 10:17",12.68,12.71,12.67,12.67,0,0.00%,0
"2024-09-09 10:18",12.68,12.77,12.68,12.77,0.1,+0.79%,0
"2024-09-09 10:19",12.93,13.2,12.93,13.12,0.35,+2.74%,0
"2024-09-09 10:20",13.17,13.27,13.13,13.14,0.02,+0.15%,0
"2024-09-09 10:21",13.13,13.38,13.02,13.38,0.24,+1.83%,0
"2024-09-09 10:22",13.18,13.29,13.18,13.24,-0.14,-1.05%,0
"2024-09-09 10:23",13.17,13.35,13.17,13.17,-0.07,-0.53%,0
"2024-09-09 10:24",13.24,13.51,13.24,13.51,0.34,+2.58%,0
"2024-09-09 10:25",13.36,13.56,13.35,13.56,0.05,+0.37%,0
"2024-09-09 10:26",13.45,13.5,13.32,13.5,-0.06,-0.44%,0
"2024-09-09 10:27",13.5,13.64,13.48,13.55,0.05,+0.37%,0
"2024-09-09 10:28",13.56,13.63,13.41,13.41,-0.14,-1.03%,0
"2024-09-09 10:29",13.44,13.58,13.44,13.58,0.17,+1.27%,0
"2024-09-09 10:30",13.63,14.04,13.63,14.04,0.46,+3.39%,0
"2024-09-09 10:31",14.04,14.04,13.77,13.77,-0.27,-1.92%,0
"2024-09-09 10:32",13.72,13.72,13.61,13.69,-0.08,-0.58%,0
"2024-09-09 10:33",13.73,13.95,13.66,13.95,0.26,+1.90%,0
"2024-09-09 10:34",13.9,13.9,13.74,13.74,-0.21,-1.51%,0
"2024-09-09 10:35",13.73,13.76,13.66,13.76,0.02,+0.15%,0
"2024-09-09 10:36",13.78,13.82,13.64,13.64,-0.12,-0.87%,0
"2024-09-09 10:37",13.53,13.56,13.43,13.43,-0.21,-1.54%,0
"2024-09-09 10:38",13.52,13.77,13.52,13.77,0.34,+2.53%,0
"2024-09-09 10:39",13.66,13.68,13.58,13.66,-0.11,-0.80%,0
"2024-09-09 10:40",13.6,13.62,13.56,13.62,-0.04,-0.29%,0
"2024-09-09 10:41",13.83,13.84,13.79,13.84,0.22,+1.62%,0
"2024-09-09 10:42",13.85,13.95,13.76,13.95,0.11,+0.79%,0
"2024-09-09 10:43",13.99,14.12,13.99,14,0.05,+0.36%,0
"2024-09-09 10:44",13.93,13.97,13.93,13.96,-0.04,-0.29%,0
"2024-09-09 10:45",14.18,14.28,14.05,14.05,0.09,+0.64%,0
"2024-09-09 10:46",13.98,14.05,13.97,14.05,0,0.00%,0
"2024-09-09 10:47",14.11,14.21,14.11,14.2,0.15,+1.07%,0
"2024-09-09 10:48",14.21,14.28,14.2,14.2,0,0.00%,0
"2024-09-09 10:49",13.99,14.03,13.9,14.01,-0.19,-1.34%,0
"2024-09-09 10:50",13.84,13.89,13.77,13.77,-0.24,-1.71%,0
"2024-09-09 10:51",13.82,13.82,13.61,13.61,-0.16,-1.16%,0
"2024-09-09 10:52",13.72,13.83,13.72,13.79,0.18,+1.32%,0
"2024-09-09 10:53",13.83,13.84,13.8,13.84,0.05,+0.36%,0
"2024-09-09 10:54",13.82,13.82,13.77,13.77,-0.07,-0.51%,0
"2024-09-09 10:55",13.68,13.72,13.62,13.62,-0.15,-1.09%,0
"2024-09-09 10:56",13.62,13.68,13.62,13.65,0.03,+0.22%,0
"2024-09-09 10:57",13.67,13.71,13.67,13.69,0.04,+0.29%,0
"2024-09-09 10:58",13.69,14.11,13.69,14.05,0.36,+2.63%,0
"2024-09-09 10:59",13.96,14.11,13.96,14.11,0.06,+0.43%,0
"2024-09-09 11:00",14.23,14.32,14.1,14.1,-0.01,-0.07%,0
"2024-09-09 11:01",14.08,14.14,14.08,14.14,0.04,+0.28%,0
"2024-09-09 11:02",14.23,14.23,14.04,14.04,-0.1,-0.71%,0
"2024-09-09 11:03",13.9,13.92,13.81,13.92,-0.12,-0.85%,0
"2024-09-09 11:04",13.95,14.04,13.95,14.03,0.11,+0.79%,0
"2024-09-09 11:05",14.02,14.08,14.01,14.06,0.03,+0.21%,0
"2024-09-09 11:06",14.03,14.07,14.03,14.05,-0.01,-0.07%,0
"2024-09-09 11:07",14,14,13.7,13.7,-0.35,-2.49%,0
"2024-09-09 11:08",13.72,13.75,13.67,13.7,0,0.00%,0
"2024-09-09 11:09",13.78,13.83,13.72,13.83,0.13,+0.95%,0
"2024-09-09 11:10",13.9,14.04,13.9,14.04,0.21,+1.52%,0
"2024-09-09 11:11",14.04,14.1,14.04,14.1,0.06,+0.43%,0
"2024-09-09 11:12",14.04,14.13,14.04,14.09,-0.01,-0.07%,0
"2024-09-09 11:13",14.05,14.32,14.05,14.32,0.23,+1.63%,0
"2024-09-09 11:14",14.26,14.26,14.09,14.13,-0.19,-1.33%,0
"2024-09-09 11:15",14.22,14.42,14.22,14.42,0.29,+2.05%,0
"2024-09-09 11:16",14.41,14.41,14.26,14.26,-0.16,-1.11%,0
"2024-09-09 11:17",14.25,14.29,14.21,14.21,-0.05,-0.35%,0
"2024-09-09 11:18",14.22,14.27,14.18,14.18,-0.03,-0.21%,0
"2024-09-09 11:19",14.09,14.14,14.08,14.13,-0.05,-0.35%,0
"2024-09-09 11:20",14.1,14.1,14.06,14.07,-0.06,-0.42%,0
"2024-09-09 11:21",14.11,14.11,14,14,-0.07,-0.50%,0
"2024-09-09 11:22",13.95,13.95,13.82,13.86,-0.14,-1.00%,0
"2024-09-09 11:23",13.79,13.79,13.67,13.67,-0.19,-1.37%,0
"2024-09-09 11:24",13.65,13.7,13.65,13.7,0.03,+0.22%,0
"2024-09-09 11:25",13.64,13.69,13.64,13.69,-0.01,-0.07%,0
"2024-09-09 11:26",13.78,13.78,13.69,13.69,0,0.00%,0
"2024-09-09 11:27",13.65,13.66,13.63,13.66,-0.03,-0.22%,0
"2024-09-09 11:28",13.66,13.66,13.47,13.47,-0.19,-1.39%,0
"2024-09-09 11:29",13.45,13.59,13.45,13.57,0.1,+0.74%,0
"2024-09-09 11:30",13.56,13.72,13.53,13.72,0.15,+1.11%,0
"2024-09-09 11:31",13.59,13.61,13.56,13.59,-0.13,-0.95%,0
"2024-09-09 11:32",13.54,13.56,13.49,13.56,-0.03,-0.22%,0
"2024-09-09 11:33",13.54,13.57,13.49,13.55,-0.01,-0.07%,0
"2024-09-09 11:34",13.55,13.59,13.53,13.53,-0.02,-0.15%,0
"2024-09-09 11:35",13.53,13.54,13.51,13.54,0.01,+0.07%,0
"2024-09-09 11:36",13.49,13.51,13.49,13.49,-0.05,-0.37%,0
"2024-09-09 11:37",13.46,13.49,13.42,13.42,-0.07,-0.52%,0
"2024-09-09 11:38",13.42,13.48,13.42,13.48,0.06,+0.45%,0
"2024-09-09 11:39",13.43,13.43,13.41,13.41,-0.07,-0.52%,0
"2024-09-09 11:40",13.36,13.37,13.36,13.36,-0.05,-0.37%,0
"2024-09-09 11:41",13.37,13.39,13.34,13.34,-0.02,-0.15%,0
"2024-09-09 11:42",13.38,13.42,13.38,13.41,0.07,+0.52%,0
"2024-09-09 11:43",13.4,13.45,13.4,13.4,-0.01,-0.07%,0
"2024-09-09 11:44",13.38,13.41,13.38,13.38,-0.02,-0.15%,0
"2024-09-09 11:45",13.38,13.38,13.36,13.36,-0.02,-0.15%,0
"2024-09-09 11:46",13.33,13.33,13.27,13.27,-0.09,-0.67%,0
"2024-09-09 11:47",13.26,13.26,13.22,13.23,-0.04,-0.30%,0
"2024-09-09 11:48",13.18,13.18,13.15,13.15,-0.08,-0.60%,0
"2024-09-09 11:49",13.14,13.19,13.14,13.14,-0.01,-0.08%,0
"2024-09-09 11:50",13.13,13.15,13.13,13.14,0,0.00%,0
"2024-09-09 11:51",13.13,13.15,13.11,13.11,-0.03,-0.23%,0
"2024-09-09 11:52",13.1,13.21,13.1,13.13,0.02,+0.15%,0
"2024-09-09 11:53",13.16,13.17,13.15,13.15,0.02,+0.15%,0
"2024-09-09 11:54",13.13,13.15,13.11,13.15,0,0.00%,0
"2024-09-09 11:55",13.12,13.15,13.12,13.15,0,0.00%,0
"2024-09-09 11:56",13.16,13.16,13.13,13.14,-0.01,-0.08%,0
"2024-09-09 11:57",13.08,13.14,13.08,13.12,-0.02,-0.15%,0
"2024-09-09 11:58",13.15,13.19,13.15,13.19,0.07,+0.53%,0
"2024-09-09 11:59",13.2,13.23,13.2,13.21,0.02,+0.15%,0
"2024-09-09 12:00",13.16,13.29,13.16,13.29,0.08,+0.61%,0
"2024-09-09 12:01",13.23,13.27,13.23,13.24,-0.05,-0.38%,0
"2024-09-09 12:02",13.28,13.28,13.24,13.26,0.02,+0.15%,0
"2024-09-09 12:03",13.28,13.36,13.28,13.36,0.1,+0.75%,0
"2024-09-09 12:04",13.32,13.44,13.31,13.43,0.07,+0.52%,0
"2024-09-09 12:05",13.41,13.41,13.39,13.41,-0.02,-0.15%,0
"2024-09-09 12:06",13.43,13.45,13.43,13.45,0.04,+0.30%,0
"2024-09-09 12:07",13.45,13.45,13.41,13.45,0,0.00%,0
"2024-09-09 12:08",13.36,13.44,13.36,13.44,-0.01,-0.07%,0
"2024-09-09 12:09",13.38,13.38,13.37,13.38,-0.06,-0.45%,0
"2024-09-09 12:10",13.36,13.36,13.33,13.33,-0.05,-0.37%,0
"2024-09-09 12:11",13.33,13.37,13.33,13.34,0.01,+0.08%,0
"2024-09-09 12:12",13.35,13.42,13.35,13.39,0.05,+0.37%,0
"2024-09-09 12:13",13.4,13.48,13.4,13.41,0.02,+0.15%,0
"2024-09-09 12:14",13.41,13.43,13.4,13.43,0.02,+0.15%,0
"2024-09-09 12:15",13.46,13.46,13.44,13.44,0.01,+0.07%,0
"2024-09-09 12:16",13.39,13.46,13.39,13.46,0.02,+0.15%,0
"2024-09-09 12:17",13.46,13.46,13.41,13.41,-0.05,-0.37%,0
"2024-09-09 12:18",13.4,13.43,13.4,13.41,0,0.00%,0
"2024-09-09 12:19",13.38,13.38,13.36,13.36,-0.05,-0.37%,0
"2024-09-09 12:20",13.34,13.39,13.34,13.39,0.03,+0.22%,0
"2024-09-09 12:21",13.37,13.4,13.36,13.36,-0.03,-0.22%,0
"2024-09-09 12:22",13.32,13.35,13.32,13.34,-0.02,-0.15%,0
"2024-09-09 12:23",13.34,13.36,13.34,13.35,0.01,+0.07%,0
"2024-09-09 12:24",13.33,13.38,13.33,13.35,0,0.00%,0
"2024-09-09 12:25",13.32,13.35,13.32,13.32,-0.03,-0.22%,0
"2024-09-09 12:26",13.3,13.32,13.29,13.29,-0.03,-0.23%,0
"2024-09-09 12:27",13.28,13.28,13.26,13.27,-0.02,-0.15%,0
"2024-09-09 12:28",13.27,13.28,13.25,13.25,-0.02,-0.15%,0
"2024-09-09 12:29",13.26,13.26,13.25,13.25,0,0.00%,0
"2024-09-09 12:30",13.25,13.25,13.16,13.16,-0.09,-0.68%,0
"2024-09-09 12:31",13.15,13.15,13.13,13.13,-0.03,-0.23%,0
"2024-09-09 12:32",13.13,13.17,13.13,13.14,0.01,+0.08%,0
"2024-09-09 12:33",13.14,13.14,13.09,13.09,-0.05,-0.38%,0
"2024-09-09 12:34",13.06,13.1,13.06,13.06,-0.03,-0.23%,0
"2024-09-09 12:35",13.07,13.08,13.07,13.08,0.02,+0.15%,0
"2024-09-09 12:36",13.09,13.12,13.09,13.12,0.04,+0.31%,0
"2024-09-09 12:37",13.12,13.2,13.12,13.2,0.08,+0.61%,0
"2024-09-09 12:38",13.22,13.25,13.22,13.25,0.05,+0.38%,0
"2024-09-09 12:39",13.26,13.26,13.18,13.18,-0.07,-0.53%,0
"2024-09-09 12:40",13.16,13.16,13.15,13.16,-0.02,-0.15%,0
"2024-09-09 12:41",13.15,13.19,13.15,13.19,0.03,+0.23%,0
"2024-09-09 12:42",13.13,13.16,13.13,13.14,-0.05,-0.38%,0
"2024-09-09 12:43",13.1,13.14,13.1,13.14,0,0.00%,0
"2024-09-09 12:44",13.16,13.18,13.16,13.16,0.02,+0.15%,0
"2024-09-09 12:45",13.14,13.14,13.12,13.12,-0.04,-0.30%,0
"2024-09-09 12:46",13.08,13.11,13.08,13.08,-0.04,-0.30%,0
"2024-09-09 12:47",13.07,13.1,13.07,13.07,-0.01,-0.08%,0
"2024-09-09 12:48",13.08,13.12,13.08,13.12,0.05,+0.38%,0
"2024-09-09 12:49",13.09,13.13,13.09,13.13,0.01,+0.08%,0
"2024-09-09 12:50",13.12,13.15,13.1,13.15,0.02,+0.15%,0
"2024-09-09 12:51",13.07,13.07,13.05,13.05,-0.1,-0.76%,0
"2024-09-09 12:52",13.06,13.17,13.06,13.17,0.12,+0.92%,0
"2024-09-09 12:53",13.14,13.17,13.14,13.15,-0.02,-0.15%,0
"2024-09-09 12:54",13.17,13.2,13.17,13.2,0.05,+0.38%,0
"2024-09-09 12:55",13.23,13.23,13.18,13.18,-0.02,-0.15%,0
"2024-09-09 12:56",13.17,13.19,13.17,13.19,0.01,+0.08%,0
"2024-09-09 12:57",13.21,13.27,13.21,13.27,0.08,+0.61%,0
"2024-09-09 12:58",13.24,13.25,13.23,13.23,-0.04,-0.30%,0
"2024-09-09 12:59",13.23,13.29,13.23,13.29,0.06,+0.45%,0
"2024-09-09 13:00",13.36,13.36,13.31,13.34,0.05,+0.38%,0
"2024-09-09 13:01",13.31,13.38,13.31,13.37,0.03,+0.22%,0
"2024-09-09 13:02",13.37,13.38,13.34,13.34,-0.03,-0.22%,0
"2024-09-09 13:03",13.36,13.51,13.36,13.51,0.17,+1.27%,0
"2024-09-09 13:04",13.44,13.46,13.44,13.46,-0.05,-0.37%,0
"2024-09-09 13:05",13.44,13.44,13.41,13.41,-0.05,-0.37%,0
"2024-09-09 13:06",13.38,13.38,13.33,13.37,-0.04,-0.30%,0
"2024-09-09 13:07",13.36,13.36,13.28,13.28,-0.09,-0.67%,0
"2024-09-09 13:08",13.26,13.29,13.26,13.29,0.01,+0.08%,0
"2024-09-09 13:09",13.26,13.3,13.26,13.28,-0.01,-0.08%,0
"2024-09-09 13:10",13.27,13.3,13.27,13.27,-0.01,-0.08%,0
"2024-09-09 13:11",13.26,13.31,13.26,13.31,0.04,+0.30%,0
"2024-09-09 13:12",13.3,13.3,13.28,13.28,-0.03,-0.23%,0
"2024-09-09 13:13",13.27,13.31,13.27,13.31,0.03,+0.23%,0
"2024-09-09 13:14",13.3,13.36,13.3,13.35,0.04,+0.30%,0
"2024-09-09 13:15",13.36,13.45,13.36,13.44,0.09,+0.67%,0
"2024-09-09 13:16",13.43,13.43,13.37,13.4,-0.04,-0.30%,0
"2024-09-09 13:17",13.36,13.38,13.35,13.37,-0.03,-0.22%,0
"2024-09-09 13:18",13.38,13.4,13.35,13.35,-0.02,-0.15%,0
"2024-09-09 13:19",13.36,13.43,13.36,13.43,0.08,+0.60%,0
"2024-09-09 13:20",13.43,13.48,13.41,13.48,0.05,+0.37%,0
"2024-09-09 13:21",13.47,13.53,13.47,13.53,0.05,+0.37%,0
"2024-09-09 13:22",13.58,13.58,13.53,13.53,0,0.00%,0
"2024-09-09 13:23",13.54,13.54,13.52,13.52,-0.01,-0.07%,0
"2024-09-09 13:24",13.53,13.61,13.53,13.61,0.09,+0.67%,0
"2024-09-09 13:25",13.61,13.61,13.59,13.6,-0.01,-0.07%,0
"2024-09-09 13:26",13.6,13.6,13.56,13.57,-0.03,-0.22%,0
"2024-09-09 13:27",13.52,13.62,13.52,13.62,0.05,+0.37%,0
"2024-09-09 13:28",13.6,13.6,13.57,13.57,-0.05,-0.37%,0
"2024-09-09 13:29",13.58,13.59,13.58,13.58,0.01,+0.07%,0
"2024-09-09 13:30",13.56,13.61,13.56,13.57,-0.01,-0.07%,0
"2024-09-09 13:31",13.67,13.85,13.67,13.82,0.25,+1.84%,0
"2024-09-09 13:32",13.82,13.89,13.8,13.8,-0.02,-0.14%,0
"2024-09-09 13:33",13.75,13.85,13.71,13.85,0.05,+0.36%,0
"2024-09-09 13:34",13.85,13.85,13.81,13.81,-0.04,-0.29%,0
"2024-09-09 13:35",13.77,13.83,13.77,13.81,0,0.00%,0
"2024-09-09 13:36",13.79,13.8,13.7,13.7,-0.11,-0.80%,0
"2024-09-09 13:37",13.64,13.64,13.51,13.51,-0.19,-1.39%,0
"2024-09-09 13:38",13.54,13.54,13.5,13.5,-0.01,-0.07%,0
"2024-09-09 13:39",13.49,13.57,13.49,13.57,0.07,+0.52%,0
"2024-09-09 13:40",13.55,13.55,13.52,13.52,-0.05,-0.37%,0
"2024-09-09 13:41",13.57,13.73,13.57,13.73,0.21,+1.55%,0
"2024-09-09 13:42",13.71,13.89,13.71,13.89,0.16,+1.17%,0
"2024-09-09 13:43",14.09,14.09,13.96,14,0.11,+0.79%,0
"2024-09-09 13:44",14.15,14.15,14.11,14.11,0.11,+0.79%,0
"2024-09-09 13:45",14.28,14.28,14.08,14.08,-0.03,-0.21%,0
"2024-09-09 13:46",13.98,13.98,13.83,13.83,-0.25,-1.78%,0
"2024-09-09 13:47",13.8,13.88,13.8,13.83,0,0.00%,0
"2024-09-09 13:48",13.82,13.82,13.74,13.76,-0.07,-0.51%,0
"2024-09-09 13:49",13.71,13.75,13.71,13.73,-0.03,-0.22%,0
"2024-09-09 13:50",13.72,13.82,13.72,13.82,0.09,+0.66%,0
"2024-09-09 13:51",13.83,13.89,13.83,13.87,0.05,+0.36%,0
"2024-09-09 13:52",13.84,13.89,13.8,13.8,-0.07,-0.50%,0
"2024-09-09 13:53",13.8,13.86,13.8,13.8,0,0.00%,0
"2024-09-09 13:54",13.8,13.82,13.79,13.82,0.02,+0.14%,0
"2024-09-09 13:55",13.9,13.96,13.89,13.96,0.14,+1.01%,0
"2024-09-09 13:56",13.97,14.06,13.97,14.01,0.05,+0.36%,0
"2024-09-09 13:57",13.97,14.01,13.94,13.94,-0.07,-0.50%,0
"2024-09-09 13:58",13.97,14.16,13.97,13.98,0.04,+0.29%,0
"2024-09-09 13:59",14.04,14.18,14,14.18,0.2,+1.43%,0
"2024-09-09 14:00",14.17,14.17,14.1,14.1,-0.08,-0.56%,0
"2024-09-09 14:01",14.07,14.07,14.04,14.07,-0.03,-0.21%,0
"2024-09-09 14:02",14.04,14.04,13.99,14.03,-0.04,-0.28%,0
"2024-09-09 14:03",14.07,14.31,14.07,14.25,0.22,+1.57%,0
"2024-09-09 14:04",14.24,14.24,14.2,14.2,-0.05,-0.35%,0
"2024-09-09 14:05",14.25,14.34,14.23,14.34,0.14,+0.99%,0
"2024-09-09 14:06",14.33,14.33,14.17,14.23,-0.11,-0.77%,0
"2024-09-09 14:07",14.32,14.32,14.2,14.2,-0.03,-0.21%,0
"2024-09-09 14:08",14.16,14.26,14.16,14.26,0.06,+0.42%,0
"2024-09-09 14:09",14.26,14.3,14.26,14.3,0.04,+0.28%,0
"2024-09-09 14:10",14.23,14.25,14.2,14.2,-0.1,-0.70%,0
"2024-09-09 14:11",14.2,14.27,14.2,14.23,0.03,+0.21%,0
"2024-09-09 14:12",14.18,14.2,14.18,14.19,-0.04,-0.28%,0
"2024-09-09 14:13",14.16,14.27,14.16,14.27,0.08,+0.56%,0
"2024-09-09 14:14",14.23,14.23,14.2,14.21,-0.06,-0.42%,0
"2024-09-09 14:15",14.22,14.24,14.18,14.18,-0.03,-0.21%,0
"2024-09-09 14:16",14.18,14.21,14.15,14.16,-0.02,-0.14%,0
"2024-09-09 14:17",14.11,14.11,14.01,14.01,-0.15,-1.06%,0
"2024-09-09 14:18",14.03,14.09,14.03,14.09,0.08,+0.57%,0
"2024-09-09 14:19",14.06,14.06,13.72,13.72,-0.37,-2.63%,0
"2024-09-09 14:20",13.87,13.94,13.87,13.94,0.22,+1.60%,0
"2024-09-09 14:21",13.93,13.98,13.93,13.98,0.04,+0.29%,0
"2024-09-09 14:22",14.03,14.07,14.03,14.04,0.06,+0.43%,0
"2024-09-09 14:23",14,14.01,13.94,13.94,-0.1,-0.71%,0
"2024-09-09 14:24",13.93,13.95,13.92,13.92,-0.02,-0.14%,0
"2024-09-09 14:25",13.91,13.95,13.91,13.93,0.01,+0.07%,0
"2024-09-09 14:26",13.91,13.91,13.76,13.76,-0.17,-1.22%,0
"2024-09-09 14:27",13.7,13.7,13.68,13.7,-0.06,-0.44%,0
"2024-09-09 14:28",13.81,13.94,13.81,13.93,0.23,+1.68%,0
"2024-09-09 14:29",13.97,13.99,13.95,13.99,0.06,+0.43%,0
"2024-09-09 14:30",14.01,14.14,14,14.09,0.1,+0.71%,0
"2024-09-09 14:31",14.07,14.08,13.95,13.95,-0.14,-0.99%,0
"2024-09-09 14:32",14.02,14.06,13.96,13.96,0.01,+0.07%,0
"2024-09-09 14:33",13.97,14.01,13.97,14.01,0.05,+0.36%,0
"2024-09-09 14:34",14,14.01,13.99,14.01,0,0.00%,0
"2024-09-09 14:35",13.95,13.95,13.91,13.95,-0.06,-0.43%,0
"2024-09-09 14:36",13.98,14.07,13.98,14.03,0.08,+0.57%,0
"2024-09-09 14:37",14.02,14.12,14.02,14.12,0.09,+0.64%,0
"2024-09-09 14:38",14.12,14.13,14.12,14.13,0.01,+0.07%,0
"2024-09-09 14:39",14.25,14.56,14.25,14.56,0.43,+3.04%,0
"2024-09-09 14:40",14.49,14.49,14.44,14.45,-0.11,-0.76%,0
"2024-09-09 14:41",14.4,14.41,14.36,14.36,-0.09,-0.62%,0
"2024-09-09 14:42",14.34,14.34,14.16,14.16,-0.2,-1.39%,0
"2024-09-09 14:43",14.19,14.19,14.04,14.07,-0.09,-0.64%,0
"2024-09-09 14:44",14.1,14.1,14.06,14.06,-0.01,-0.07%,0
"2024-09-09 14:45",14,14.01,13.98,13.98,-0.08,-0.57%,0
"2024-09-09 14:46",13.97,14.04,13.97,14.01,0.03,+0.21%,0
"2024-09-09 14:47",13.97,14.04,13.97,14.03,0.02,+0.14%,0
"2024-09-09 14:48",14.05,14.05,13.97,14.02,-0.01,-0.07%,0
"2024-09-09 14:49",13.99,14.03,13.96,13.96,-0.06,-0.43%,0
"2024-09-09 14:50",14.01,14.01,13.93,13.93,-0.03,-0.21%,0
"2024-09-09 14:51",13.89,14.02,13.89,14.02,0.09,+0.65%,0
"2024-09-09 14:52",13.99,14,13.97,14,-0.02,-0.14%,0
"2024-09-09 14:53",14,14,13.97,14,0,0.00%,0
"2024-09-09 14:54",13.97,14.12,13.97,14.1,0.1,+0.71%,0
"2024-09-09 14:55",14.09,14.1,14.06,14.06,-0.04,-0.28%,0
"2024-09-09 14:56",14.07,14.14,14.07,14.12,0.06,+0.43%,0
"2024-09-09 14:57",14.12,14.13,14.08,14.09,-0.03,-0.21%,0
"2024-09-09 14:58",14.08,14.09,14.08,14.09,0,0.00%,0
"2024-09-09 14:59",14.12,14.12,14.05,14.06,-0.03,-0.21%,0
"2024-09-09 15:00",14.06,14.14,14.06,14.14,0.08,+0.57%,0
"2024-09-09 15:01",14.12,14.2,14.12,14.16,0.02,+0.14%,0
"2024-09-09 15:02",13.99,14.08,13.99,13.99,-0.17,-1.20%,0
"2024-09-09 15:03",14.01,14.03,13.96,13.96,-0.03,-0.21%,0
"2024-09-09 15:04",13.99,14.15,13.99,14.15,0.19,+1.36%,0
"2024-09-09 15:05",14.13,14.13,14,14,-0.15,-1.06%,0
"2024-09-09 15:06",13.95,14,13.95,14,0,0.00%,0
"2024-09-09 15:07",13.98,14.04,13.96,13.96,-0.04,-0.29%,0
"2024-09-09 15:08",13.95,13.96,13.91,13.91,-0.05,-0.36%,0
"2024-09-09 15:09",13.94,13.94,13.84,13.89,-0.02,-0.14%,0
"2024-09-09 15:10",13.87,13.92,13.87,13.92,0.03,+0.22%,0
"2024-09-09 15:11",13.92,14,13.92,14,0.08,+0.57%,0
"2024-09-09 15:12",14.04,14.08,14.04,14.04,0.04,+0.29%,0
"2024-09-09 15:13",14.02,14.04,14.02,14.02,-0.02,-0.14%,0
"2024-09-09 15:14",13.98,14.07,13.98,14.06,0.04,+0.29%,0
"2024-09-09 15:15",14.07,14.07,13.9,13.9,-0.16,-1.14%,0
"2024-09-09 15:16",13.9,13.93,13.86,13.86,-0.04,-0.29%,0
"2024-09-09 15:17",13.73,13.82,13.73,13.82,-0.04,-0.29%,0
"2024-09-09 15:18",13.83,13.93,13.83,13.93,0.11,+0.80%,0
"2024-09-09 15:19",13.94,13.99,13.94,13.96,0.03,+0.22%,0
"2024-09-09 15:20",14.01,14.09,14.01,14.09,0.13,+0.93%,0
"2024-09-09 15:21",14.1,14.27,14.1,14.2,0.11,+0.78%,0
"2024-09-09 15:22",14.19,14.19,14.17,14.17,-0.03,-0.21%,0
"2024-09-09 15:23",14.2,14.27,14.2,14.25,0.08,+0.56%,0
"2024-09-09 15:24",14.15,14.15,14.1,14.1,-0.15,-1.05%,0
"2024-09-09 15:25",14.09,14.16,14.09,14.11,0.01,+0.07%,0
"2024-09-09 15:26",14.1,14.1,14.01,14.01,-0.1,-0.71%,0
"2024-09-09 15:27",14.02,14.02,13.88,13.93,-0.08,-0.57%,0
"2024-09-09 15:28",13.95,13.96,13.91,13.91,-0.02,-0.14%,0
"2024-09-09 15:29",13.76,13.79,13.71,13.71,-0.2,-1.44%,0
"2024-09-09 15:30",13.79,13.8,13.75,13.75,0.04,+0.29%,0
"2024-09-09 15:31",13.74,13.74,13.66,13.66,-0.09,-0.65%,0
"2024-09-09 15:32",13.67,13.67,13.62,13.62,-0.04,-0.29%,0
"2024-09-09 15:33",13.64,13.7,13.64,13.69,0.07,+0.51%,0
"2024-09-09 15:34",13.7,13.79,13.7,13.78,0.09,+0.66%,0
"2024-09-09 15:35",13.76,13.82,13.73,13.73,-0.05,-0.36%,0
"2024-09-09 15:36",13.7,13.7,13.66,13.66,-0.07,-0.51%,0
"2024-09-09 15:37",13.71,13.72,13.71,13.72,0.06,+0.44%,0
"2024-09-09 15:38",13.77,13.89,13.77,13.89,0.17,+1.24%,0
"2024-09-09 15:39",13.85,13.85,13.81,13.81,-0.08,-0.58%,0
"2024-09-09 15:40",13.9,13.9,13.75,13.81,0,0.00%,0
"2024-09-09 15:41",13.78,13.83,13.78,13.8,-0.01,-0.07%,0
"2024-09-09 15:42",13.79,13.84,13.79,13.81,0.01,+0.07%,0
"2024-09-09 15:43",13.85,13.86,13.82,13.82,0.01,+0.07%,0
"2024-09-09 15:44",13.83,13.84,13.76,13.76,-0.06,-0.43%,0
"2024-09-09 15:45",13.82,13.91,13.81,13.91,0.15,+1.09%,0
"2024-09-09 15:46",13.98,14.01,13.98,13.99,0.08,+0.58%,0
"2024-09-09 15:47",13.96,13.99,13.91,13.91,-0.08,-0.57%,0
"2024-09-09 15:48",13.91,13.92,13.89,13.89,-0.02,-0.14%,0
"2024-09-09 15:49",13.91,13.91,13.87,13.87,-0.02,-0.14%,0
"2024-09-09 15:50",13.92,13.95,13.82,13.95,0.08,+0.58%,0
"2024-09-09 15:51",13.97,14.09,13.96,14.09,0.14,+1.00%,0
"2024-09-09 15:52",14.05,14.24,14.05,14.07,-0.02,-0.14%,0
"2024-09-09 15:53",14.04,14.21,14.04,14.21,0.14,+1.00%,0
"2024-09-09 15:54",14.26,14.26,14.06,14.06,-0.15,-1.06%,0
"2024-09-09 15:55",14.05,14.05,13.89,13.89,-0.17,-1.21%,0
"2024-09-09 15:56",13.87,13.91,13.83,13.89,0,0.00%,0
"2024-09-09 15:57",13.86,13.91,13.84,13.84,-0.05,-0.36%,0
"2024-09-09 15:58",13.8,13.8,13.78,13.79,-0.05,-0.36%,0
"2024-09-09 15:59",13.78,13.78,13.75,13.75,-0.04,-0.29%,0
"2024-09-09 16:00",13.67,13.67,13.54,13.54,-0.21,-1.53%,0
"2024-09-09 16:01",13.62,13.77,13.62,13.73,0.19,+1.40%,0
"2024-09-09 16:02",13.76,13.76,13.69,13.69,-0.04,-0.29%,0
"2024-09-09 16:03",13.7,13.8,13.7,13.78,0.09,+0.66%,0
"2024-09-09 16:04",13.77,13.81,13.73,13.81,0.03,+0.22%,0
"2024-09-09 16:05",13.81,13.83,13.78,13.78,-0.03,-0.22%,0
"2024-09-09 16:06",13.77,13.77,13.74,13.74,-0.04,-0.29%,0
"2024-09-09 16:07",13.78,13.82,13.78,13.81,0.07,+0.51%,0
"2024-09-09 16:08",13.83,13.91,13.83,13.91,0.1,+0.72%,0
"2024-09-09 16:09",13.92,13.93,13.88,13.93,0.02,+0.14%,0
"2024-09-09 16:10",13.87,13.94,13.87,13.94,0.01,+0.07%,0
"2024-09-09 16:11",13.9,13.92,13.9,13.91,-0.03,-0.22%,0
"2024-09-09 16:12",13.92,13.92,13.9,13.9,-0.01,-0.07%,0
"2024-09-09 16:13",13.87,13.92,13.87,13.9,0,0.00%,0
"2024-09-09 16:14",13.89,13.89,13.85,13.86,-0.04,-0.29%,0
"2024-09-09 16:15",13.84,13.84,13.84,13.84,-0.02,-0.14%,0
"2024-09-10 09:31",12.06,12.06,12.01,12.01,-1.83,-13.22%,0
"2024-09-10 09:32",12.01,12.01,11.88,11.88,-0.13,-1.08%,0
"2024-09-10 09:33",11.88,11.92,11.88,11.92,0.04,+0.34%,0
"2024-09-10 09:34",12.02,12.12,12.02,12.12,0.2,+1.68%,0
"2024-09-10 09:35",12.03,12.16,12.03,12.16,0.04,+0.33%,0
"2024-09-10 09:36",12.13,12.18,12.13,12.16,0,0.00%,0
"2024-09-10 09:37",12.15,12.19,12.15,12.16,0,0.00%,0
"2024-09-10 09:38",12.22,12.27,12.21,12.22,0.06,+0.49%,0
"2024-09-10 09:39",12.22,12.26,12.22,12.25,0.03,+0.25%,0
"2024-09-10 09:40",12.27,12.31,12.16,12.16,-0.09,-0.73%,0
"2024-09-10 09:41",12.09,12.14,12.08,12.11,-0.05,-0.41%,0
"2024-09-10 09:42",12.04,12.04,11.86,11.86,-0.25,-2.06%,0
"2024-09-10 09:43",11.86,12.06,11.86,12,0.14,+1.18%,0
"2024-09-10 09:44",11.92,11.96,11.91,11.91,-0.09,-0.75%,0
"2024-09-10 09:45",11.74,11.86,11.74,11.86,-0.05,-0.42%,0
"2024-09-10 09:46",11.91,11.96,11.89,11.89,0.03,+0.25%,0
"2024-09-10 09:47",11.86,11.94,11.86,11.89,0,0.00%,0
"2024-09-10 09:48",11.95,12,11.95,12,0.11,+0.93%,0
"2024-09-10 09:49",12.03,12.18,12.03,12.17,0.17,+1.42%,0
"2024-09-10 09:50",12.13,12.36,12.13,12.36,0.19,+1.56%,0
"2024-09-10 09:51",12.26,12.26,12.18,12.22,-0.14,-1.13%,0
"2024-09-10 09:52",12.19,12.19,12.05,12.05,-0.17,-1.39%,0
"2024-09-10 09:53",12.02,12.08,12.02,12.08,0.03,+0.25%,0
"2024-09-10 09:54",12,12.06,12,12.01,-0.07,-0.58%,0
"2024-09-10 09:55",12.04,12.09,11.92,11.92,-0.09,-0.75%,0
"2024-09-10 09:56",11.89,12.01,11.89,12.01,0.09,+0.76%,0
"2024-09-10 09:57",12.06,12.14,12.06,12.14,0.13,+1.08%,0
"2024-09-10 09:58",12.17,12.26,12.17,12.19,0.05,+0.41%,0
"2024-09-10 09:59",12.14,12.27,12.14,12.27,0.08,+0.66%,0
"2024-09-10 10:00",12.2,12.23,12.2,12.2,-0.07,-0.57%,0
"2024-09-10 10:01",12.2,12.23,12.2,12.2,0,0.00%,0
"2024-09-10 10:02",12.22,12.26,12.22,12.25,0.05,+0.41%,0
"2024-09-10 10:03",12.29,12.39,12.26,12.26,0.01,+0.08%,0
"2024-09-10 10:04",12.32,12.37,12.28,12.34,0.08,+0.65%,0
"2024-09-10 10:05",12.31,12.38,12.31,12.36,0.02,+0.16%,0
"2024-09-10 10:06",12.49,12.65,12.49,12.65,0.29,+2.35%,0
"2024-09-10 10:07",12.53,12.63,12.47,12.47,-0.18,-1.42%,0
"2024-09-10 10:08",12.34,12.34,12.16,12.25,-0.22,-1.76%,0
"2024-09-10 10:09",12.26,12.34,12.24,12.34,0.09,+0.73%,0
"2024-09-10 10:10",12.37,12.46,12.37,12.46,0.12,+0.97%,0
"2024-09-10 10:11",12.48,13.07,12.48,13.07,0.61,+4.90%,0
"2024-09-10 10:12",12.92,13.09,12.92,13.02,-0.05,-0.38%,0
"2024-09-10 10:13",12.97,13.24,12.96,13.24,0.22,+1.69%,0
"2024-09-10 10:14",13.22,13.4,13.22,13.4,0.16,+1.21%,0
"2024-09-10 10:15",13.26,13.41,13.26,13.41,0.01,+0.07%,0
"2024-09-10 10:16",13.37,13.4,13.3,13.4,-0.01,-0.07%,0
"2024-09-10 10:17",13.3,13.3,12.94,12.94,-0.46,-3.43%,0
"2024-09-10 10:18",13.09,13.28,13.08,13.08,0.14,+1.08%,0
"2024-09-10 10:19",13.11,13.18,13.08,13.18,0.1,+0.76%,0
"2024-09-10 10:20",13.2,13.23,13.2,13.23,0.05,+0.38%,0
"2024-09-10 10:21",13.27,13.37,13.27,13.34,0.11,+0.83%,0
"2024-09-10 10:22",13.34,13.48,13.34,13.48,0.14,+1.05%,0
"2024-09-10 10:23",13.58,13.58,13.4,13.4,-0.08,-0.59%,0
"2024-09-10 10:24",13.43,13.49,13.43,13.43,0.03,+0.22%,0
"2024-09-10 10:25",13.43,13.43,13.24,13.24,-0.19,-1.41%,0
"2024-09-10 10:26",13.19,13.19,13.15,13.15,-0.09,-0.68%,0
"2024-09-10 10:27",12.97,13.19,12.97,13.19,0.04,+0.30%,0
"2024-09-10 10:28",13.15,13.21,13.15,13.21,0.02,+0.15%,0
"2024-09-10 10:29",13.16,13.16,12.91,12.93,-0.28,-2.12%,0
"2024-09-10 10:30",13,13,12.93,12.93,0,0.00%,0
"2024-09-10 10:31",13.03,13.03,12.97,13,0.07,+0.54%,0
"2024-09-10 10:32",13.05,13.35,13.05,13.33,0.33,+2.54%,0
"2024-09-10 10:33",13.26,13.37,13.23,13.37,0.04,+0.30%,0
"2024-09-10 10:34",13.35,13.39,13.29,13.39,0.02,+0.15%,0
"2024-09-10 10:35",13.39,13.39,13.32,13.36,-0.03,-0.22%,0
"2024-09-10 10:36",13.39,13.4,13.33,13.4,0.04,+0.30%,0
"2024-09-10 10:37",13.36,13.37,13.28,13.28,-0.12,-0.90%,0
"2024-09-10 10:38",13.38,13.38,13.24,13.24,-0.04,-0.30%,0
"2024-09-10 10:39",13.21,13.23,13.1,13.23,-0.01,-0.08%,0
"2024-09-10 10:40",13.18,13.18,13.12,13.17,-0.06,-0.45%,0
"2024-09-10 10:41",13.19,13.24,13.16,13.24,0.07,+0.53%,0
"2024-09-10 10:42",13.26,13.43,13.26,13.35,0.11,+0.83%,0
"2024-09-10 10:43",13.32,13.41,13.32,13.41,0.06,+0.45%,0
"2024-09-10 10:44",13.35,13.43,13.31,13.31,-0.1,-0.75%,0
"2024-09-10 10:45",13.44,13.44,13.41,13.41,0.1,+0.75%,0
"2024-09-10 10:46",13.38,13.43,13.33,13.42,0.01,+0.07%,0
"2024-09-10 10:47",13.39,13.55,13.39,13.41,-0.01,-0.07%,0
"2024-09-10 10:48",13.41,13.46,13.32,13.32,-0.09,-0.67%,0
"2024-09-10 10:49",13.37,13.38,13.32,13.36,0.04,+0.30%,0
"2024-09-10 10:50",13.35,13.58,13.35,13.58,0.22,+1.65%,0
"2024-09-10 10:51",13.62,13.86,13.62,13.65,0.07,+0.52%,0
"2024-09-10 10:52",13.6,13.64,13.56,13.56,-0.09,-0.66%,0
"2024-09-10 10:53",13.63,13.63,13.57,13.57,0.01,+0.07%,0
"2024-09-10 10:54",13.55,13.61,13.53,13.53,-0.04,-0.29%,0
"2024-09-10 10:55",13.56,13.61,13.53,13.6,0.07,+0.52%,0
"2024-09-10 10:56",13.6,13.62,13.52,13.52,-0.08,-0.59%,0
"2024-09-10 10:57",13.51,13.59,13.51,13.54,0.02,+0.15%,0
"2024-09-10 10:58",13.55,13.55,13.51,13.51,-0.03,-0.22%,0
"2024-09-10 10:59",13.51,13.52,13.5,13.5,-0.01,-0.07%,0
"2024-09-10 11:00",13.45,13.54,13.45,13.54,0.04,+0.30%,0
"2024-09-10 11:01",13.41,13.53,13.41,13.49,-0.05,-0.37%,0
"2024-09-10 11:02",13.55,13.56,13.47,13.47,-0.02,-0.15%,0
"2024-09-10 11:03",13.49,13.57,13.49,13.54,0.07,+0.52%,0
"2024-09-10 11:04",13.54,13.61,13.52,13.52,-0.02,-0.15%,0
"2024-09-10 11:05",13.53,13.67,13.53,13.66,0.14,+1.04%,0
"2024-09-10 11:06",13.54,13.66,13.54,13.66,0,0.00%,0
"2024-09-10 11:07",13.75,13.75,13.66,13.66,0,0.00%,0
"2024-09-10 11:08",13.61,13.72,13.61,13.71,0.05,+0.37%,0
"2024-09-10 11:09",13.7,13.7,13.52,13.52,-0.19,-1.39%,0
"2024-09-10 11:10",13.5,13.5,13.42,13.43,-0.09,-0.67%,0
"2024-09-10 11:11",13.44,13.47,13.42,13.42,-0.01,-0.07%,0
"2024-09-10 11:12",13.39,13.54,13.39,13.48,0.06,+0.45%,0
"2024-09-10 11:13",13.48,13.51,13.48,13.5,0.02,+0.15%,0
"2024-09-10 11:14",13.51,13.51,13.49,13.51,0.01,+0.07%,0
"2024-09-10 11:15",13.47,13.47,13.35,13.35,-0.16,-1.18%,0
"2024-09-10 11:16",13.43,13.53,13.43,13.48,0.13,+0.97%,0
"2024-09-10 11:17",13.48,13.55,13.48,13.54,0.06,+0.45%,0
"2024-09-10 11:18",13.55,13.57,13.52,13.52,-0.02,-0.15%,0
"2024-09-10 11:19",13.52,13.54,13.5,13.5,-0.02,-0.15%,0
"2024-09-10 11:20",13.53,13.6,13.53,13.6,0.1,+0.74%,0
"2024-09-10 11:21",13.62,13.67,13.62,13.67,0.07,+0.51%,0
"2024-09-10 11:22",13.68,13.7,13.6,13.6,-0.07,-0.51%,0
"2024-09-10 11:23",13.61,13.7,13.61,13.7,0.1,+0.74%,0
"2024-09-10 11:24",13.67,13.69,13.65,13.65,-0.05,-0.36%,0
"2024-09-10 11:25",13.63,13.63,13.53,13.53,-0.12,-0.88%,0
"2024-09-10 11:26",13.53,13.54,13.49,13.49,-0.04,-0.30%,0
"2024-09-10 11:27",13.52,13.54,13.52,13.54,0.05,+0.37%,0
"2024-09-10 11:28",13.54,13.54,13.51,13.51,-0.03,-0.22%,0
"2024-09-10 11:29",13.5,13.57,13.5,13.56,0.05,+0.37%,0
"2024-09-10 11:30",13.57,13.57,13.5,13.52,-0.04,-0.29%,0
"2024-09-10 11:31",13.52,13.63,13.52,13.6,0.08,+0.59%,0
"2024-09-10 11:32",13.63,13.67,13.61,13.62,0.02,+0.15%,0
"2024-09-10 11:33",13.58,13.67,13.58,13.66,0.04,+0.29%,0
"2024-09-10 11:34",13.68,13.81,13.68,13.81,0.15,+1.10%,0
"2024-09-10 11:35",13.8,13.86,13.8,13.86,0.05,+0.36%,0
"2024-09-10 11:36",13.82,13.99,13.82,13.99,0.13,+0.94%,0
"2024-09-10 11:37",14.01,14.19,14.01,14.14,0.15,+1.07%,0
"2024-09-10 11:38",14.09,14.12,14.09,14.11,-0.03,-0.21%,0
"2024-09-10 11:39",14.17,14.19,14.13,14.16,0.05,+0.35%,0
"2024-09-10 11:40",14.28,14.32,14.28,14.31,0.15,+1.06%,0
"2024-09-10 11:41",14.23,14.25,14.21,14.25,-0.06,-0.42%,0
"2024-09-10 11:42",14.24,14.35,14.24,14.3,0.05,+0.35%,0
"2024-09-10 11:43",14.29,14.29,14.21,14.22,-0.08,-0.56%,0
"2024-09-10 11:44",14.15,14.42,14.15,14.4,0.18,+1.27%,0
"2024-09-10 11:45",14.42,14.55,14.42,14.47,0.07,+0.49%,0
"2024-09-10 11:46",14.42,14.59,14.35,14.59,0.12,+0.83%,0
"2024-09-10 11:47",14.49,14.5,14.41,14.46,-0.13,-0.89%,0
"2024-09-10 11:48",14.44,14.55,14.43,14.55,0.09,+0.62%,0
"2024-09-10 11:49",14.57,14.63,14.54,14.54,-0.01,-0.07%,0
"2024-09-10 11:50",14.57,15.11,14.57,15.03,0.49,+3.37%,0
"2024-09-10 11:51",15.04,15.11,15.03,15.03,0,0.00%,0
"2024-09-10 11:52",15.06,15.14,15.06,15.11,0.08,+0.53%,0
"2024-09-10 11:53",15.16,15.25,15.13,15.13,0.02,+0.13%,0
"2024-09-10 11:54",15.17,15.21,15.17,15.21,0.08,+0.53%,0
"2024-09-10 11:55",15.19,15.25,15.19,15.22,0.01,+0.07%,0
"2024-09-10 11:56",15.25,15.25,15.03,15.03,-0.19,-1.25%,0
"2024-09-10 11:57",15.06,15.11,15.03,15.11,0.08,+0.53%,0
"2024-09-10 11:58",15.2,15.42,15.2,15.42,0.31,+2.05%,0
"2024-09-10 11:59",15.39,15.64,15.39,15.63,0.21,+1.36%,0
"2024-09-10 12:00",15.66,15.89,15.66,15.87,0.24,+1.54%,0
"2024-09-10 12:01",15.65,15.81,15.65,15.69,-0.18,-1.13%,0
"2024-09-10 12:02",15.66,15.83,15.66,15.83,0.14,+0.89%,0
"2024-09-10 12:03",15.84,16.26,15.84,16.22,0.39,+2.46%,0
"2024-09-10 12:04",16.22,16.22,16.17,16.18,-0.04,-0.25%,0
"2024-09-10 12:05",16.12,16.12,16.02,16.02,-0.16,-0.99%,0
"2024-09-10 12:06",15.99,16.06,15.94,15.94,-0.08,-0.50%,0
"2024-09-10 12:07",15.94,16.02,15.86,16.02,0.08,+0.50%,0
"2024-09-10 12:08",15.94,15.98,15.94,15.97,-0.05,-0.31%,0
"2024-09-10 12:09",15.96,15.99,15.92,15.99,0.02,+0.13%,0
"2024-09-10 12:10",15.98,16,15.92,15.92,-0.07,-0.44%,0
"2024-09-10 12:11",15.91,15.98,15.91,15.94,0.02,+0.13%,0
"2024-09-10 12:12",15.94,16.21,15.94,16.16,0.22,+1.38%,0
"2024-09-10 12:13",16.22,16.22,16.17,16.18,0.02,+0.12%,0
"2024-09-10 12:14",16.21,16.29,16.21,16.29,0.11,+0.68%,0
"2024-09-10 12:15",16.31,16.38,16.29,16.38,0.09,+0.55%,0
"2024-09-10 12:16",16.3,16.32,16.27,16.3,-0.08,-0.49%,0
"2024-09-10 12:17",16.26,16.26,16.22,16.22,-0.08,-0.49%,0
"2024-09-10 12:18",16.23,16.26,16.21,16.23,0.01,+0.06%,0
"2024-09-10 12:19",16.23,16.28,16.17,16.17,-0.06,-0.37%,0
"2024-09-10 12:20",16.15,16.16,16.12,16.16,-0.01,-0.06%,0
"2024-09-10 12:21",16.13,16.16,16.13,16.13,-0.03,-0.19%,0
"2024-09-10 12:22",16.16,16.25,16.16,16.25,0.12,+0.74%,0
"2024-09-10 12:23",16.25,16.26,16.2,16.2,-0.05,-0.31%,0
"2024-09-10 12:24",16.21,16.25,16.18,16.18,-0.02,-0.12%,0
"2024-09-10 12:25",16.16,16.16,16.13,16.16,-0.02,-0.12%,0
"2024-09-10 12:26",16.15,16.28,16.15,16.28,0.12,+0.74%,0
"2024-09-10 12:27",16.28,16.31,16.28,16.28,0,0.00%,0
"2024-09-10 12:28",16.28,16.32,16.28,16.31,0.03,+0.18%,0
"2024-09-10 12:29",16.3,16.31,16.27,16.27,-0.04,-0.25%,0
"2024-09-10 12:30",16.3,16.34,16.3,16.32,0.05,+0.31%,0
"2024-09-10 12:31",16.31,16.31,16.26,16.26,-0.06,-0.37%,0
"2024-09-10 12:32",16.25,16.33,16.25,16.33,0.07,+0.43%,0
"2024-09-10 12:33",16.32,16.33,16.3,16.33,0,0.00%,0
"2024-09-10 12:34",16.34,16.36,16.33,16.33,0,0.00%,0
"2024-09-10 12:35",16.29,16.32,16.29,16.32,-0.01,-0.06%,0
"2024-09-10 12:36",16.37,16.41,16.34,16.34,0.02,+0.12%,0
"2024-09-10 12:37",16.34,16.37,16.34,16.35,0.01,+0.06%,0
"2024-09-10 12:38",16.31,16.32,16.31,16.32,-0.03,-0.18%,0
"2024-09-10 12:39",16.27,16.34,16.27,16.34,0.02,+0.12%,0
"2024-09-10 12:40",16.32,16.32,16.21,16.21,-0.13,-0.80%,0
"2024-09-10 12:41",16.21,16.21,16.18,16.18,-0.03,-0.19%,0
"2024-09-10 12:42",16.18,16.22,16.18,16.18,0,0.00%,0
"2024-09-10 12:43",16.22,16.35,16.22,16.35,0.17,+1.05%,0
"2024-09-10 12:44",16.35,16.35,16.3,16.31,-0.04,-0.24%,0
"2024-09-10 12:45",16.28,16.33,16.28,16.33,0.02,+0.12%,0
"2024-09-10 12:46",16.33,16.41,16.33,16.41,0.08,+0.49%,0
"2024-09-10 12:47",16.4,16.42,16.38,16.39,-0.02,-0.12%,0
"2024-09-10 12:48",16.38,16.43,16.35,16.35,-0.04,-0.24%,0
"2024-09-10 12:49",16.38,16.41,16.38,16.4,0.05,+0.31%,0
"2024-09-10 12:50",16.39,16.43,16.39,16.4,0,0.00%,0
"2024-09-10 12:51",16.37,16.43,16.37,16.43,0.03,+0.18%,0
"2024-09-10 12:52",16.41,16.43,16.39,16.39,-0.04,-0.24%,0
"2024-09-10 12:53",16.4,16.4,16.3,16.3,-0.09,-0.55%,0
"2024-09-10 12:54",16.32,16.39,16.32,16.39,0.09,+0.55%,0
"2024-09-10 12:55",16.37,16.45,16.37,16.45,0.06,+0.37%,0
"2024-09-10 12:56",16.45,16.53,16.45,16.51,0.06,+0.36%,0
"2024-09-10 12:57",16.5,16.51,16.5,16.5,-0.01,-0.06%,0
"2024-09-10 12:58",16.5,16.54,16.5,16.52,0.02,+0.12%,0
"2024-09-10 12:59",16.5,16.6,16.5,16.6,0.08,+0.48%,0
"2024-09-10 13:00",16.61,16.62,16.6,16.6,0,0.00%,0
"2024-09-10 13:01",16.59,16.63,16.59,16.59,-0.01,-0.06%,0
"2024-09-10 13:02",16.55,16.57,16.54,16.54,-0.05,-0.30%,0
"2024-09-10 13:03",16.51,16.55,16.51,16.52,-0.02,-0.12%,0
"2024-09-10 13:04",16.54,16.57,16.52,16.57,0.05,+0.30%,0
"2024-09-10 13:05",16.55,16.58,16.52,16.52,-0.05,-0.30%,0
"2024-09-10 13:06",16.54,16.58,16.54,16.55,0.03,+0.18%,0
"2024-09-10 13:07",16.55,16.6,16.55,16.6,0.05,+0.30%,0
"2024-09-10 13:08",16.63,16.64,16.61,16.64,0.04,+0.24%,0
"2024-09-10 13:09",16.63,16.63,16.6,16.6,-0.04,-0.24%,0
"2024-09-10 13:10",16.57,16.57,16.52,16.52,-0.08,-0.48%,0
"2024-09-10 13:11",16.5,16.52,16.5,16.52,0,0.00%,0
"2024-09-10 13:12",16.51,16.55,16.51,16.54,0.02,+0.12%,0
"2024-09-10 13:13",16.55,16.57,16.55,16.57,0.03,+0.18%,0
"2024-09-10 13:14",16.58,16.6,16.57,16.57,0,0.00%,0
"2024-09-10 13:15",16.56,16.58,16.56,16.58,0.01,+0.06%,0
"2024-09-10 13:16",16.56,16.56,16.5,16.5,-0.08,-0.48%,0
"2024-09-10 13:17",16.47,16.49,16.47,16.49,-0.01,-0.06%,0
"2024-09-10 13:18",16.5,16.52,16.5,16.52,0.03,+0.18%,0
"2024-09-10 13:19",16.51,16.6,16.51,16.58,0.06,+0.36%,0
"2024-09-10 13:20",16.57,16.57,16.55,16.57,-0.01,-0.06%,0
"2024-09-10 13:21",16.59,16.66,16.59,16.66,0.09,+0.54%,0
"2024-09-10 13:22",16.61,16.69,16.61,16.69,0.03,+0.18%,0
"2024-09-10 13:23",16.7,16.75,16.7,16.72,0.03,+0.18%,0
"2024-09-10 13:24",16.72,16.75,16.55,16.68,-0.04,-0.24%,0
"2024-09-10 13:25",16.67,16.76,16.67,16.76,0.08,+0.48%,0
"2024-09-10 13:26",16.76,16.83,16.76,16.81,0.05,+0.30%,0
"2024-09-10 13:27",16.84,16.87,16.84,16.84,0.03,+0.18%,0
"2024-09-10 13:28",16.85,16.85,16.85,16.85,0.01,+0.06%,0
"2024-09-10 13:29",16.87,16.99,16.87,16.99,0.14,+0.83%,0
"2024-09-10 13:30",16.96,16.98,16.92,16.92,-0.07,-0.41%,0
"2024-09-10 13:31",16.92,16.96,16.92,16.92,0,0.00%,0
"2024-09-10 13:32",16.91,16.94,16.89,16.89,-0.03,-0.18%,0
"2024-09-10 13:33",16.9,16.93,16.9,16.92,0.03,+0.18%,0
"2024-09-10 13:34",16.92,16.95,16.92,16.92,0,0.00%,0
"2024-09-10 13:35",16.92,16.95,16.92,16.92,0,0.00%,0
"2024-09-10 13:36",16.93,16.96,16.92,16.92,0,0.00%,0
"2024-09-10 13:37",16.92,16.98,16.92,16.98,0.06,+0.35%,0
"2024-09-10 13:38",17,17.04,17,17.04,0.06,+0.35%,0
"2024-09-10 13:39",17.04,17.06,17.04,17.04,0,0.00%,0
"2024-09-10 13:40",16.99,16.99,16.96,16.96,-0.08,-0.47%,0
"2024-09-10 13:41",16.94,16.98,16.94,16.98,0.02,+0.12%,0
"2024-09-10 13:42",16.97,17.01,16.97,17,0.02,+0.12%,0
"2024-09-10 13:43",17,17.01,17,17,0,0.00%,0
"2024-09-10 13:44",17.03,17.04,17.01,17.02,0.02,+0.12%,0
"2024-09-10 13:45",16.99,17,16.97,17,-0.02,-0.12%,0
"2024-09-10 13:46",17.02,17.02,17,17,0,0.00%,0
"2024-09-10 13:47",17.01,17.05,17.01,17.05,0.05,+0.29%,0
"2024-09-10 13:48",17.06,17.06,17.04,17.05,0,0.00%,0
"2024-09-10 13:49",17.04,17.07,17.04,17.07,0.02,+0.12%,0
"2024-09-10 13:50",17.06,17.07,17.03,17.03,-0.04,-0.23%,0
"2024-09-10 13:51",17.01,17.05,17.01,17.03,0,0.00%,0
"2024-09-10 13:52",17.01,17.01,16.97,16.97,-0.06,-0.35%,0
"2024-09-10 13:53",16.95,17,16.95,16.98,0.01,+0.06%,0
"2024-09-10 13:54",16.99,17.03,16.99,17.03,0.05,+0.29%,0
"2024-09-10 13:55",17.04,17.04,17.02,17.02,-0.01,-0.06%,0
"2024-09-10 13:56",17.01,17.08,17.01,17.07,0.05,+0.29%,0
"2024-09-10 13:57",17.04,17.11,17.04,17.08,0.01,+0.06%,0
"2024-09-10 13:58",17.07,17.11,17.07,17.09,0.01,+0.06%,0
"2024-09-10 13:59",17.07,17.09,17.07,17.09,0,0.00%,0
"2024-09-10 14:00",17.06,17.06,16.99,16.99,-0.1,-0.59%,0
"2024-09-10 14:01",16.97,17,16.97,16.98,-0.01,-0.06%,0
"2024-09-10 14:02",16.91,16.92,16.88,16.88,-0.1,-0.59%,0
"2024-09-10 14:03",16.88,16.88,16.84,16.84,-0.04,-0.24%,0
"2024-09-10 14:04",16.85,16.87,16.85,16.86,0.02,+0.12%,0
"2024-09-10 14:05",16.9,16.94,16.89,16.89,0.03,+0.18%,0
"2024-09-10 14:06",16.91,16.98,16.91,16.97,0.08,+0.47%,0
"2024-09-10 14:07",16.96,16.99,16.96,16.98,0.01,+0.06%,0
"2024-09-10 14:08",16.97,16.98,16.97,16.98,0,0.00%,0
"2024-09-10 14:09",16.98,17.02,16.98,16.99,0.01,+0.06%,0
"2024-09-10 14:10",16.99,16.99,16.96,16.99,0,0.00%,0
"2024-09-10 14:11",17,17.07,17,17.07,0.08,+0.47%,0
"2024-09-10 14:12",17.05,17.07,17.05,17.06,-0.01,-0.06%,0
"2024-09-10 14:13",17.07,17.12,17.07,17.09,0.03,+0.18%,0
"2024-09-10 14:14",17.08,17.09,17.07,17.07,-0.02,-0.12%,0
"2024-09-10 14:15",17.06,17.06,16.96,16.97,-0.1,-0.59%,0
"2024-09-10 14:16",16.96,16.97,16.95,16.95,-0.02,-0.12%,0
"2024-09-10 14:17",16.96,16.97,16.96,16.97,0.02,+0.12%,0
"2024-09-10 14:18",16.96,16.97,16.93,16.93,-0.04,-0.24%,0
"2024-09-10 14:19",16.92,16.93,16.91,16.92,-0.01,-0.06%,0
"2024-09-10 14:20",16.93,16.94,16.89,16.89,-0.03,-0.18%,0
"2024-09-10 14:21",16.91,16.94,16.91,16.94,0.05,+0.30%,0
"2024-09-10 14:22",16.96,17.12,16.96,17.12,0.18,+1.06%,0
"2024-09-10 14:23",17.13,17.13,17.04,17.04,-0.08,-0.47%,0
"2024-09-10 14:24",17.04,17.06,17,17.06,0.02,+0.12%,0
"2024-09-10 14:25",17.07,17.09,17.06,17.07,0.01,+0.06%,0
"2024-09-10 14:26",17.07,17.14,17.07,17.14,0.07,+0.41%,0
"2024-09-10 14:27",17.12,17.14,17.1,17.11,-0.03,-0.18%,0
"2024-09-10 14:28",17.12,17.12,17.07,17.07,-0.04,-0.23%,0
"2024-09-10 14:29",17.06,17.06,17.04,17.04,-0.03,-0.18%,0
"2024-09-10 14:30",17.03,17.05,17.02,17.04,0,0.00%,0
"2024-09-10 14:31",17.02,17.04,16.97,16.97,-0.07,-0.41%,0
"2024-09-10 14:32",16.99,17.02,16.99,17.02,0.05,+0.29%,0
"2024-09-10 14:33",17.02,17.04,17.02,17.04,0.02,+0.12%,0
"2024-09-10 14:34",17.02,17.07,17.02,17.07,0.03,+0.18%,0
"2024-09-10 14:35",17.04,17.07,17.04,17.06,-0.01,-0.06%,0
"2024-09-10 14:36",17.07,17.12,17.07,17.11,0.05,+0.29%,0
"2024-09-10 14:37",17.1,17.1,17.06,17.06,-0.05,-0.29%,0
"2024-09-10 14:38",17.07,17.12,17.07,17.11,0.05,+0.29%,0
"2024-09-10 14:39",17.1,17.11,17.09,17.09,-0.02,-0.12%,0
"2024-09-10 14:40",17.1,17.12,17.09,17.09,0,0.00%,0
"2024-09-10 14:41",17.08,17.17,17.08,17.17,0.08,+0.47%,0
"2024-09-10 14:42",17.18,17.21,17.18,17.2,0.03,+0.17%,0
"2024-09-10 14:43",17.2,17.23,17.2,17.22,0.02,+0.12%,0
"2024-09-10 14:44",17.21,17.28,17.21,17.28,0.06,+0.35%,0
"2024-09-10 14:45",17.27,17.3,17.27,17.3,0.02,+0.12%,0
"2024-09-10 14:46",17.31,17.34,17.31,17.32,0.02,+0.12%,0
"2024-09-10 14:47",17.31,17.33,17.31,17.33,0.01,+0.06%,0
"2024-09-10 14:48",17.33,17.36,17.33,17.36,0.03,+0.17%,0
"2024-09-10 14:49",17.35,17.4,17.35,17.38,0.02,+0.12%,0
"2024-09-10 14:50",17.37,17.4,17.37,17.38,0,0.00%,0
"2024-09-10 14:51",17.35,17.46,17.35,17.46,0.08,+0.46%,0
"2024-09-10 14:52",17.47,17.49,17.45,17.45,-0.01,-0.06%,0
"2024-09-10 14:53",17.46,17.46,17.44,17.44,-0.01,-0.06%,0
"2024-09-10 14:54",17.4,17.43,17.4,17.41,-0.03,-0.17%,0
"2024-09-10 14:55",17.41,17.42,17.39,17.39,-0.02,-0.11%,0
"2024-09-10 14:56",17.37,17.4,17.37,17.39,0,0.00%,0
"2024-09-10 14:57",17.4,17.44,17.4,17.44,0.05,+0.29%,0
"2024-09-10 14:58",17.45,17.5,17.45,17.5,0.06,+0.34%,0
"2024-09-10 14:59",17.49,17.52,17.49,17.5,0,0.00%,0
"2024-09-10 15:00",17.45,17.49,17.44,17.44,-0.06,-0.34%,0
"2024-09-10 15:01",17.43,17.52,17.43,17.52,0.08,+0.46%,0
"2024-09-10 15:02",17.55,17.57,17.55,17.56,0.04,+0.23%,0
"2024-09-10 15:03",17.55,17.57,17.55,17.57,0.01,+0.06%,0
"2024-09-10 15:04",17.57,17.59,17.57,17.59,0.02,+0.11%,0
"2024-09-10 15:05",17.59,17.6,17.59,17.59,0,0.00%,0
"2024-09-10 15:06",17.6,17.64,17.6,17.64,0.05,+0.28%,0
"2024-09-10 15:07",17.65,17.72,17.65,17.72,0.08,+0.45%,0
"2024-09-10 15:08",17.68,17.68,17.65,17.68,-0.04,-0.23%,0
"2024-09-10 15:09",17.68,17.71,17.68,17.71,0.03,+0.17%,0
"2024-09-10 15:10",17.72,17.77,17.72,17.76,0.05,+0.28%,0
"2024-09-10 15:11",17.75,17.87,17.75,17.86,0.1,+0.56%,0
"2024-09-10 15:12",17.89,17.93,17.89,17.93,0.07,+0.39%,0
"2024-09-10 15:13",17.94,17.96,17.94,17.96,0.03,+0.17%,0
"2024-09-10 15:14",17.97,18.01,17.97,18.01,0.05,+0.28%,0
"2024-09-10 15:15",18,18.01,18,18.01,0,0.00%,0
"2024-09-10 15:16",18,18.09,18,18.09,0.08,+0.44%,0
"2024-09-10 15:17",18.08,18.1,18.08,18.09,0,0.00%,0
"2024-09-10 15:18",18.09,18.13,18.09,18.13,0.04,+0.22%,0
"2024-09-10 15:19",18.12,18.15,18.12,18.14,0.01,+0.06%,0
"2024-09-10 15:20",18.14,18.17,18.13,18.13,-0.01,-0.06%,0
"2024-09-10 15:21",18.12,18.15,18.12,18.15,0.02,+0.11%,0
"2024-09-10 15:22",18.14,18.18,18.14,18.17,0.02,+0.11%,0
"2024-09-10 15:23",18.19,18.23,18.19,18.23,0.06,+0.33%,0
"2024-09-10 15:24",18.24,18.34,18.24,18.34,0.11,+0.60%,0
"2024-09-10 15:25",18.35,18.38,18.34,18.34,0,0.00%,0
"2024-09-10 15:26",18.36,18.4,18.36,18.39,0.05,+0.27%,0
"2024-09-10 15:27",18.39,18.41,18.39,18.4,0.01,+0.05%,0
"2024-09-10 15:28",18.41,18.43,18.41,18.41,0.01,+0.05%,0
"2024-09-10 15:29",18.4,18.44,18.4,18.43,0.02,+0.11%,0
"2024-09-10 15:30",18.43,18.47,18.43,18.45,0.02,+0.11%,0
"2024-09-10 15:31",18.44,18.5,18.44,18.47,0.02,+0.11%,0
"2024-09-10 15:32",18.49,18.57,18.49,18.56,0.09,+0.49%,0
"2024-09-10 15:33",18.57,18.63,18.57,18.63,0.07,+0.38%,0
"2024-09-10 15:34",18.64,18.68,18.64,18.68,0.05,+0.27%,0
"2024-09-10 15:35",18.7,18.77,18.7,18.74,0.06,+0.32%,0
"2024-09-10 15:36",18.73,18.8,18.73,18.8,0.06,+0.32%,0
"2024-09-10 15:37",18.8,18.86,18.8,18.86,0.06,+0.32%,0
"2024-09-10 15:38",18.87,19,18.87,19,0.14,+0.74%,0
"2024-09-10 15:39",19.03,19.06,19.03,19.06,0.06,+0.32%,0
"2024-09-10 15:40",19.07,19.07,19.02,19.02,-0.04,-0.21%,0
"2024-09-10 15:41",19.02,19.11,19.02,19.08,0.06,+0.32%,0
"2024-09-10 15:42",19.1,19.12,19.04,19.04,-0.04,-0.21%,0
"2024-09-10 15:43",19.02,19.03,19.01,19.01,-0.03,-0.16%,0
"2024-09-10 15:44",18.99,19.05,18.91,18.91,-0.1,-0.53%,0
"2024-09-10 15:45",19,19.01,18.98,19.01,0.1,+0.53%,0
"2024-09-10 15:46",18.97,18.97,18.94,18.95,-0.06,-0.32%,0
"2024-09-10 15:47",18.86,18.86,18.83,18.85,-0.1,-0.53%,0
"2024-09-10 15:48",18.84,18.86,18.83,18.83,-0.02,-0.11%,0
"2024-09-10 15:49",18.79,18.79,18.66,18.66,-0.17,-0.90%,0
"2024-09-10 15:50",18.74,18.8,18.74,18.8,0.14,+0.75%,0
"2024-09-10 15:51",18.81,18.81,18.75,18.77,-0.03,-0.16%,0
"2024-09-10 15:52",18.73,18.79,18.73,18.79,0.02,+0.11%,0
"2024-09-10 15:53",18.78,18.78,18.73,18.73,-0.06,-0.32%,0
"2024-09-10 15:54",18.72,18.74,18.67,18.69,-0.04,-0.21%,0
"2024-09-10 15:55",18.72,18.73,18.68,18.68,-0.01,-0.05%,0
"2024-09-10 15:56",18.72,18.73,18.68,18.68,0,0.00%,0
"2024-09-10 15:57",18.69,18.78,18.69,18.78,0.1,+0.54%,0
"2024-09-10 15:58",18.79,18.9,18.79,18.9,0.12,+0.64%,0
"2024-09-10 15:59",18.86,18.87,18.77,18.77,-0.13,-0.69%,0
"2024-09-10 16:00",18.76,18.82,18.76,18.82,0.05,+0.27%,0
"2024-09-10 16:01",18.97,19.07,18.97,19.07,0.25,+1.33%,0
"2024-09-10 16:02",19.06,19.08,19.06,19.06,-0.01,-0.05%,0
"2024-09-10 16:03",19.05,19.08,19.05,19.07,0.01,+0.05%,0
"2024-09-10 16:04",19.1,19.16,19.1,19.16,0.09,+0.47%,0
"2024-09-10 16:05",19.17,19.2,19.17,19.2,0.04,+0.21%,0
"2024-09-10 16:06",19.21,19.26,19.21,19.26,0.06,+0.31%,0
"2024-09-10 16:07",19.25,19.29,19.25,19.26,0,0.00%,0
"2024-09-10 16:08",19.26,19.29,19.24,19.27,0.01,+0.05%,0
"2024-09-10 16:09",19.26,19.29,19.26,19.26,-0.01,-0.05%,0
"2024-09-10 16:10",19.25,19.25,19.23,19.24,-0.02,-0.10%,0
"2024-09-10 16:11",19.24,19.27,19.24,19.27,0.03,+0.16%,0
"2024-09-10 16:12",19.25,19.29,19.25,19.28,0.01,+0.05%,0
"2024-09-10 16:13",19.27,19.28,19.24,19.24,-0.04,-0.21%,0
"2024-09-10 16:14",19.24,19.24,19.2,19.2,-0.04,-0.21%,0
"2024-09-10 16:15",19.18,19.18,19.18,19.18,-0.02,-0.10%,0
"2024-09-11 09:31",13.91,13.91,13.76,13.76,-5.42,-28.26%,0
"2024-09-11 09:32",13.86,14.01,13.86,14.01,0.25,+1.82%,0
"2024-09-11 09:33",14.09,14.26,14.01,14.26,0.25,+1.78%,0
"2024-09-11 09:34",14.33,14.72,14.33,14.72,0.46,+3.23%,0
"2024-09-11 09:35",14.91,14.99,14.91,14.99,0.27,+1.83%,0
"2024-09-11 09:36",15.15,15.28,15.15,15.24,0.25,+1.67%,0
"2024-09-11 09:37",15.23,15.23,15.06,15.06,-0.18,-1.18%,0
"2024-09-11 09:38",15.06,15.06,14.81,14.81,-0.25,-1.66%,0
"2024-09-11 09:39",14.62,14.96,14.62,14.96,0.15,+1.01%,0
"2024-09-11 09:40",15.07,15.2,14.98,14.98,0.02,+0.13%,0
"2024-09-11 09:41",15.06,15.06,14.97,14.97,-0.01,-0.07%,0
"2024-09-11 09:42",14.9,14.9,14.8,14.8,-0.17,-1.14%,0
"2024-09-11 09:43",14.75,14.79,14.75,14.79,-0.01,-0.07%,0
"2024-09-11 09:44",14.95,14.95,14.84,14.9,0.11,+0.74%,0
"2024-09-11 09:45",14.86,14.91,14.85,14.87,-0.03,-0.20%,0
"2024-09-11 09:46",14.86,15.07,14.86,15.07,0.2,+1.34%,0
"2024-09-11 09:47",15.1,15.1,14.94,14.94,-0.13,-0.86%,0
"2024-09-11 09:48",14.92,14.98,14.84,14.84,-0.1,-0.67%,0
"2024-09-11 09:49",14.88,15.01,14.88,14.95,0.11,+0.74%,0
"2024-09-11 09:50",14.99,15.07,14.91,14.91,-0.04,-0.27%,0
"2024-09-11 09:51",14.91,15.06,14.91,15.05,0.14,+0.94%,0
"2024-09-11 09:52",15.02,15.02,14.93,15.02,-0.03,-0.20%,0
"2024-09-11 09:53",15.04,15.06,14.97,15.06,0.04,+0.27%,0
"2024-09-11 09:54",14.96,14.96,14.86,14.86,-0.2,-1.33%,0
"2024-09-11 09:55",14.83,14.83,14.65,14.65,-0.21,-1.41%,0
"2024-09-11 09:56",14.68,14.69,14.65,14.65,0,0.00%,0
"2024-09-11 09:57",14.62,14.81,14.62,14.81,0.16,+1.09%,0
"2024-09-11 09:58",14.7,14.7,14.6,14.6,-0.21,-1.42%,0
"2024-09-11 09:59",14.7,14.74,14.68,14.68,0.08,+0.55%,0
"2024-09-11 10:00",14.68,15.25,14.68,15.25,0.57,+3.88%,0
"2024-09-11 10:01",15.1,15.1,14.91,15.02,-0.23,-1.51%,0
"2024-09-11 10:02",14.81,15.02,14.81,15.02,0,0.00%,0
"2024-09-11 10:03",15.02,15.03,14.85,14.85,-0.17,-1.13%,0
"2024-09-11 10:04",14.87,14.97,14.83,14.83,-0.02,-0.13%,0
"2024-09-11 10:05",14.96,14.96,14.94,14.95,0.12,+0.81%,0
"2024-09-11 10:06",14.94,15.01,14.94,14.96,0.01,+0.07%,0
"2024-09-11 10:07",14.95,14.99,14.95,14.98,0.02,+0.13%,0
"2024-09-11 10:08",14.91,14.97,14.91,14.91,-0.07,-0.47%,0
"2024-09-11 10:09",14.95,15,14.95,15,0.09,+0.60%,0
"2024-09-11 10:10",15,15.24,14.98,15.24,0.24,+1.60%,0
"2024-09-11 10:11",15.28,15.28,15.13,15.2,-0.04,-0.26%,0
"2024-09-11 10:12",15.19,15.27,15.13,15.27,0.07,+0.46%,0
"2024-09-11 10:13",15.29,15.29,15.23,15.23,-0.04,-0.26%,0
"2024-09-11 10:14",15.21,15.4,15.21,15.4,0.17,+1.12%,0
"2024-09-11 10:15",15.68,16.14,15.68,16.14,0.74,+4.81%,0
"2024-09-11 10:16",16.1,16.14,16.03,16.14,0,0.00%,0
"2024-09-11 10:17",16.18,16.32,16.13,16.21,0.07,+0.43%,0
"2024-09-11 10:18",16.25,16.26,15.98,15.98,-0.23,-1.42%,0
"2024-09-11 10:19",16.03,16.06,15.95,15.95,-0.03,-0.19%,0
"2024-09-11 10:20",15.91,16.05,15.91,16.05,0.1,+0.63%,0
"2024-09-11 10:21",15.96,16.01,15.94,15.94,-0.11,-0.69%,0
"2024-09-11 10:22",16.03,16.06,15.8,15.8,-0.14,-0.88%,0
"2024-09-11 10:23",15.75,15.75,15.53,15.53,-0.27,-1.71%,0
"2024-09-11 10:24",15.54,15.71,15.54,15.69,0.16,+1.03%,0
"2024-09-11 10:25",15.7,15.71,15.68,15.68,-0.01,-0.06%,0
"2024-09-11 10:26",15.68,15.68,15.58,15.58,-0.1,-0.64%,0
"2024-09-11 10:27",15.56,15.56,15.43,15.43,-0.15,-0.96%,0
"2024-09-11 10:28",15.46,15.49,15.46,15.48,0.05,+0.32%,0
"2024-09-11 10:29",15.48,15.56,15.48,15.52,0.04,+0.26%,0
"2024-09-11 10:30",15.54,15.95,15.54,15.95,0.43,+2.77%,0
"2024-09-11 10:31",15.81,15.81,15.6,15.6,-0.35,-2.19%,0
"2024-09-11 10:32",15.63,15.67,15.63,15.64,0.04,+0.26%,0
"2024-09-11 10:33",15.61,15.61,15.53,15.53,-0.11,-0.70%,0
"2024-09-11 10:34",15.56,15.66,15.56,15.63,0.1,+0.64%,0
"2024-09-11 10:35",15.6,15.6,15.56,15.56,-0.07,-0.45%,0
"2024-09-11 10:36",15.51,15.51,15.45,15.45,-0.11,-0.71%,0
"2024-09-11 10:37",15.52,15.62,15.52,15.62,0.17,+1.10%,0
"2024-09-11 10:38",15.6,15.7,15.6,15.7,0.08,+0.51%,0
"2024-09-11 10:39",15.68,15.72,15.68,15.71,0.01,+0.06%,0
"2024-09-11 10:40",15.7,15.79,15.7,15.77,0.06,+0.38%,0
"2024-09-11 10:41",15.78,15.81,15.78,15.81,0.04,+0.25%,0
"2024-09-11 10:42",15.81,15.85,15.81,15.85,0.04,+0.25%,0
"2024-09-11 10:43",15.92,16.07,15.92,16.01,0.16,+1.01%,0
"2024-09-11 10:44",15.98,15.98,15.82,15.82,-0.19,-1.19%,0
"2024-09-11 10:45",15.8,15.85,15.79,15.85,0.03,+0.19%,0
"2024-09-11 10:46",15.84,15.91,15.84,15.9,0.05,+0.32%,0
"2024-09-11 10:47",15.86,15.89,15.79,15.82,-0.08,-0.50%,0
"2024-09-11 10:48",15.79,15.81,15.79,15.79,-0.03,-0.19%,0
"2024-09-11 10:49",15.83,15.88,15.83,15.88,0.09,+0.57%,0
"2024-09-11 10:50",15.8,15.8,15.76,15.76,-0.12,-0.76%,0
"2024-09-11 10:51",15.74,15.86,15.74,15.86,0.1,+0.63%,0
"2024-09-11 10:52",15.84,15.89,15.84,15.89,0.03,+0.19%,0
"2024-09-11 10:53",15.89,15.9,15.88,15.89,0,0.00%,0
"2024-09-11 10:54",15.9,15.91,15.84,15.84,-0.05,-0.31%,0
"2024-09-11 10:55",15.84,15.88,15.84,15.86,0.02,+0.13%,0
"2024-09-11 10:56",15.86,15.86,15.74,15.74,-0.12,-0.76%,0
"2024-09-11 10:57",15.72,15.76,15.72,15.73,-0.01,-0.06%,0
"2024-09-11 10:58",15.74,15.77,15.74,15.76,0.03,+0.19%,0
"2024-09-11 10:59",15.78,15.78,15.66,15.66,-0.1,-0.63%,0
"2024-09-11 11:00",15.61,15.65,15.61,15.63,-0.03,-0.19%,0
"2024-09-11 11:01",15.65,15.69,15.64,15.69,0.06,+0.38%,0
"2024-09-11 11:02",15.68,15.68,15.66,15.66,-0.03,-0.19%,0
"2024-09-11 11:03",15.63,15.64,15.61,15.61,-0.05,-0.32%,0
"2024-09-11 11:04",15.62,15.66,15.62,15.65,0.04,+0.26%,0
"2024-09-11 11:05",15.62,15.7,15.62,15.7,0.05,+0.32%,0
"2024-09-11 11:06",15.66,15.66,15.61,15.63,-0.07,-0.45%,0
"2024-09-11 11:07",15.57,15.58,15.51,15.51,-0.12,-0.77%,0
"2024-09-11 11:08",15.5,15.51,15.42,15.42,-0.09,-0.58%,0
"2024-09-11 11:09",15.37,15.38,15.33,15.33,-0.09,-0.58%,0
"2024-09-11 11:10",15.34,15.46,15.34,15.46,0.13,+0.85%,0
"2024-09-11 11:11",15.48,15.57,15.48,15.57,0.11,+0.71%,0
"2024-09-11 11:12",15.5,15.52,15.5,15.52,-0.05,-0.32%,0
"2024-09-11 11:13",15.51,15.53,15.49,15.49,-0.03,-0.19%,0
"2024-09-11 11:14",15.47,15.48,15.44,15.44,-0.05,-0.32%,0
"2024-09-11 11:15",15.42,15.42,15.38,15.38,-0.06,-0.39%,0
"2024-09-11 11:16",15.29,15.31,15.27,15.27,-0.11,-0.72%,0
"2024-09-11 11:17",15.23,15.32,15.23,15.32,0.05,+0.33%,0
"2024-09-11 11:18",15.32,15.33,15.27,15.27,-0.05,-0.33%,0
"2024-09-11 11:19",15.29,15.37,15.29,15.37,0.1,+0.65%,0
"2024-09-11 11:20",15.36,15.41,15.36,15.37,0,0.00%,0
"2024-09-11 11:21",15.36,15.41,15.36,15.41,0.04,+0.26%,0
"2024-09-11 11:22",15.4,15.47,15.4,15.47,0.06,+0.39%,0
"2024-09-11 11:23",15.46,15.46,15.39,15.39,-0.08,-0.52%,0
"2024-09-11 11:24",15.43,15.47,15.43,15.46,0.07,+0.45%,0
"2024-09-11 11:25",15.4,15.49,15.4,15.45,-0.01,-0.06%,0
"2024-09-11 11:26",15.43,15.46,15.39,15.39,-0.06,-0.39%,0
"2024-09-11 11:27",15.41,15.56,15.41,15.56,0.17,+1.10%,0
"2024-09-11 11:28",15.59,15.59,15.54,15.54,-0.02,-0.13%,0
"2024-09-11 11:29",15.54,15.56,15.53,15.53,-0.01,-0.06%,0
"2024-09-11 11:30",15.53,15.55,15.53,15.55,0.02,+0.13%,0
"2024-09-11 11:31",15.56,15.56,15.52,15.53,-0.02,-0.13%,0
"2024-09-11 11:32",15.54,15.54,15.5,15.5,-0.03,-0.19%,0
"2024-09-11 11:33",15.49,15.52,15.49,15.52,0.02,+0.13%,0
"2024-09-11 11:34",15.51,15.54,15.5,15.5,-0.02,-0.13%,0
"2024-09-11 11:35",15.49,15.49,15.47,15.47,-0.03,-0.19%,0
"2024-09-11 11:36",15.45,15.46,15.42,15.42,-0.05,-0.32%,0
"2024-09-11 11:37",15.43,15.47,15.41,15.41,-0.01,-0.06%,0
"2024-09-11 11:38",15.38,15.38,15.33,15.33,-0.08,-0.52%,0
"2024-09-11 11:39",15.34,15.43,15.34,15.4,0.07,+0.46%,0
"2024-09-11 11:40",15.46,15.46,15.33,15.33,-0.07,-0.45%,0
"2024-09-11 11:41",15.31,15.31,15.26,15.26,-0.07,-0.46%,0
"2024-09-11 11:42",15.25,15.25,15.16,15.16,-0.1,-0.66%,0
"2024-09-11 11:43",15.14,15.17,15.02,15.02,-0.14,-0.92%,0
"2024-09-11 11:44",15,15.01,14.99,14.99,-0.03,-0.20%,0
"2024-09-11 11:45",14.88,14.88,14.82,14.82,-0.17,-1.13%,0
"2024-09-11 11:46",14.8,14.9,14.8,14.9,0.08,+0.54%,0
"2024-09-11 11:47",14.87,14.94,14.87,14.94,0.04,+0.27%,0
"2024-09-11 11:48",14.84,14.87,14.83,14.85,-0.09,-0.60%,0
"2024-09-11 11:49",14.83,14.84,14.82,14.82,-0.03,-0.20%,0
"2024-09-11 11:50",14.81,14.9,14.81,14.9,0.08,+0.54%,0
"2024-09-11 11:51",14.93,14.95,14.85,14.85,-0.05,-0.34%,0
"2024-09-11 11:52",14.81,14.82,14.78,14.82,-0.03,-0.20%,0
"2024-09-11 11:53",14.85,14.94,14.85,14.93,0.11,+0.74%,0
"2024-09-11 11:54",14.9,14.95,14.9,14.91,-0.02,-0.13%,0
"2024-09-11 11:55",14.89,15.06,14.89,15.04,0.13,+0.87%,0
"2024-09-11 11:56",15.11,15.7,15.11,15.7,0.66,+4.39%,0
"2024-09-11 11:57",15.62,15.62,15.35,15.35,-0.35,-2.23%,0
"2024-09-11 11:58",15.21,15.21,15.04,15.04,-0.31,-2.02%,0
"2024-09-11 11:59",15.14,15.14,15.03,15.03,-0.01,-0.07%,0
"2024-09-11 12:00",15.04,15.13,15.04,15.11,0.08,+0.53%,0
"2024-09-11 12:01",15.12,15.17,15.07,15.07,-0.04,-0.26%,0
"2024-09-11 12:02",15.08,15.09,15.06,15.06,-0.01,-0.07%,0
"2024-09-11 12:03",15.07,15.07,14.93,14.93,-0.13,-0.86%,0
"2024-09-11 12:04",14.93,15.02,14.92,14.92,-0.01,-0.07%,0
"2024-09-11 12:05",14.99,14.99,14.89,14.89,-0.03,-0.20%,0
"2024-09-11 12:06",14.9,14.93,14.9,14.93,0.04,+0.27%,0
"2024-09-11 12:07",14.91,14.92,14.88,14.88,-0.05,-0.33%,0
"2024-09-11 12:08",14.85,14.87,14.83,14.85,-0.03,-0.20%,0
"2024-09-11 12:09",14.81,14.98,14.81,14.98,0.13,+0.88%,0
"2024-09-11 12:10",14.96,14.96,14.89,14.91,-0.07,-0.47%,0
"2024-09-11 12:11",14.93,14.97,14.88,14.88,-0.03,-0.20%,0
"2024-09-11 12:12",14.89,14.97,14.89,14.94,0.06,+0.40%,0
"2024-09-11 12:13",14.91,15.13,14.91,15.13,0.19,+1.27%,0
"2024-09-11 12:14",15.16,15.16,15.04,15.04,-0.09,-0.59%,0
"2024-09-11 12:15",14.99,15.04,14.99,15.04,0,0.00%,0
"2024-09-11 12:16",15.02,15.1,15.02,15.07,0.03,+0.20%,0
"2024-09-11 12:17",15.08,15.08,15.07,15.07,0,0.00%,0
"2024-09-11 12:18",15.06,15.06,15.02,15.02,-0.05,-0.33%,0
"2024-09-11 12:19",15,15,14.9,14.9,-0.12,-0.80%,0
"2024-09-11 12:20",14.84,14.88,14.84,14.84,-0.06,-0.40%,0
"2024-09-11 12:21",14.9,14.9,14.83,14.85,0.01,+0.07%,0
"2024-09-11 12:22",14.87,14.87,14.85,14.85,0,0.00%,0
"2024-09-11 12:23",14.94,15.11,14.94,15.11,0.26,+1.75%,0
"2024-09-11 12:24",15.04,15.04,14.94,14.94,-0.17,-1.13%,0
"2024-09-11 12:25",14.89,14.93,14.84,14.84,-0.1,-0.67%,0
"2024-09-11 12:26",14.85,14.85,14.82,14.82,-0.02,-0.13%,0
"2024-09-11 12:27",14.88,14.88,14.84,14.84,0.02,+0.13%,0
"2024-09-11 12:28",14.82,14.83,14.8,14.8,-0.04,-0.27%,0
"2024-09-11 12:29",14.8,14.8,14.79,14.8,0,0.00%,0
"2024-09-11 12:30",14.73,14.73,14.7,14.7,-0.1,-0.68%,0
"2024-09-11 12:31",14.69,14.77,14.69,14.77,0.07,+0.48%,0
"2024-09-11 12:32",14.79,14.82,14.73,14.76,-0.01,-0.07%,0
"2024-09-11 12:33",14.74,14.74,14.66,14.66,-0.1,-0.68%,0
"2024-09-11 12:34",14.7,14.84,14.7,14.84,0.18,+1.23%,0
"2024-09-11 12:35",14.79,14.81,14.79,14.8,-0.04,-0.27%,0
"2024-09-11 12:36",14.82,14.82,14.79,14.8,0,0.00%,0
"2024-09-11 12:37",14.9,14.9,14.75,14.75,-0.05,-0.34%,0
"2024-09-11 12:38",14.76,14.82,14.76,14.82,0.07,+0.47%,0
"2024-09-11 12:39",14.8,14.8,14.74,14.74,-0.08,-0.54%,0
"2024-09-11 12:40",14.72,14.86,14.71,14.86,0.12,+0.81%,0
"2024-09-11 12:41",14.82,14.94,14.82,14.94,0.08,+0.54%,0
"2024-09-11 12:42",14.92,14.92,14.87,14.89,-0.05,-0.33%,0
"2024-09-11 12:43",14.92,14.96,14.9,14.92,0.03,+0.20%,0
"2024-09-11 12:44",14.93,15.05,14.93,15.04,0.12,+0.80%,0
"2024-09-11 12:45",15.02,15.02,14.93,14.93,-0.11,-0.73%,0
"2024-09-11 12:46",14.91,14.91,14.87,14.87,-0.06,-0.40%,0
"2024-09-11 12:47",14.97,15.08,14.97,15.07,0.2,+1.34%,0
"2024-09-11 12:48",15.08,15.12,15.08,15.12,0.05,+0.33%,0
"2024-09-11 12:49",15.15,15.19,15.12,15.19,0.07,+0.46%,0
"2024-09-11 12:50",15.16,15.16,15.11,15.13,-0.06,-0.39%,0
"2024-09-11 12:51",15.16,15.18,15.16,15.17,0.04,+0.26%,0
"2024-09-11 12:52",15.08,15.08,15,15,-0.17,-1.12%,0
"2024-09-11 12:53",14.91,15,14.91,14.99,-0.01,-0.07%,0
"2024-09-11 12:54",14.92,14.93,14.89,14.91,-0.08,-0.53%,0
"2024-09-11 12:55",14.92,14.98,14.92,14.96,0.05,+0.34%,0
"2024-09-11 12:56",14.96,14.98,14.94,14.94,-0.02,-0.13%,0
"2024-09-11 12:57",15.05,15.23,15.05,15.2,0.26,+1.74%,0
"2024-09-11 12:58",15.16,15.16,15.08,15.12,-0.08,-0.53%,0
"2024-09-11 12:59",15.12,15.12,15.06,15.06,-0.06,-0.40%,0
"2024-09-11 13:00",15.05,15.05,14.98,15,-0.06,-0.40%,0
"2024-09-11 13:01",14.96,15.02,14.94,14.94,-0.06,-0.40%,0
"2024-09-11 13:02",14.9,14.9,14.78,14.81,-0.13,-0.87%,0
"2024-09-11 13:03",14.74,14.74,14.61,14.61,-0.2,-1.35%,0
"2024-09-11 13:04",14.6,14.63,14.6,14.62,0.01,+0.07%,0
"2024-09-11 13:05",14.64,14.64,14.62,14.62,0,0.00%,0
"2024-09-11 13:06",14.63,14.63,14.48,14.48,-0.14,-0.96%,0
"2024-09-11 13:07",14.46,14.52,14.4,14.52,0.04,+0.28%,0
"2024-09-11 13:08",14.56,14.68,14.56,14.66,0.14,+0.96%,0
"2024-09-11 13:09",14.69,14.72,14.66,14.72,0.06,+0.41%,0
"2024-09-11 13:10",14.76,14.76,14.65,14.65,-0.07,-0.48%,0
"2024-09-11 13:11",14.69,14.7,14.65,14.65,0,0.00%,0
"2024-09-11 13:12",14.64,14.66,14.64,14.65,0,0.00%,0
"2024-09-11 13:13",14.67,14.78,14.67,14.78,0.13,+0.89%,0
"2024-09-11 13:14",14.82,14.87,14.82,14.87,0.09,+0.61%,0
"2024-09-11 13:15",14.84,14.93,14.84,14.93,0.06,+0.40%,0
"2024-09-11 13:16",14.9,14.96,14.87,14.96,0.03,+0.20%,0
"2024-09-11 13:17",14.92,14.97,14.92,14.97,0.01,+0.07%,0
"2024-09-11 13:18",14.99,14.99,14.92,14.99,0.02,+0.13%,0
"2024-09-11 13:19",14.99,15.05,14.99,15.03,0.04,+0.27%,0
"2024-09-11 13:20",15.02,15.2,15.02,15.09,0.06,+0.40%,0
"2024-09-11 13:21",15.09,15.11,15.08,15.11,0.02,+0.13%,0
"2024-09-11 13:22",15.1,15.12,15.08,15.08,-0.03,-0.20%,0
"2024-09-11 13:23",15.08,15.13,15.08,15.13,0.05,+0.33%,0
"2024-09-11 13:24",15.25,15.35,15.25,15.35,0.22,+1.45%,0
"2024-09-11 13:25",15.3,15.3,15.08,15.08,-0.27,-1.76%,0
"2024-09-11 13:26",15.08,15.17,15.08,15.13,0.05,+0.33%,0
"2024-09-11 13:27",15.13,15.13,15.09,15.09,-0.04,-0.26%,0
"2024-09-11 13:28",15.08,15.11,15.07,15.07,-0.02,-0.13%,0
"2024-09-11 13:29",14.98,15,14.94,15,-0.07,-0.46%,0
"2024-09-11 13:30",15.04,15.04,14.94,14.98,-0.02,-0.13%,0
"2024-09-11 13:31",14.98,15.11,14.98,15.11,0.13,+0.87%,0
"2024-09-11 13:32",15.1,15.1,15.04,15.04,-0.07,-0.46%,0
"2024-09-11 13:33",15.05,15.11,15.05,15.07,0.03,+0.20%,0
"2024-09-11 13:34",15.01,15.07,14.99,14.99,-0.08,-0.53%,0
"2024-09-11 13:35",14.98,15,14.97,14.97,-0.02,-0.13%,0
"2024-09-11 13:36",14.94,15.03,14.93,15.03,0.06,+0.40%,0
"2024-09-11 13:37",15.04,15.1,15.04,15.08,0.05,+0.33%,0
"2024-09-11 13:38",15.09,15.09,15.05,15.05,-0.03,-0.20%,0
"2024-09-11 13:39",15.07,15.07,15.03,15.03,-0.02,-0.13%,0
"2024-09-11 13:40",15.04,15.05,15.01,15.02,-0.01,-0.07%,0
"2024-09-11 13:41",15.05,15.08,15.01,15.01,-0.01,-0.07%,0
"2024-09-11 13:42",15.02,15.03,15.02,15.03,0.02,+0.13%,0
"2024-09-11 13:43",15.04,15.11,15.04,15.11,0.08,+0.53%,0
"2024-09-11 13:44",15.14,15.14,15.07,15.07,-0.04,-0.26%,0
"2024-09-11 13:45",15.04,15.04,15.02,15.04,-0.03,-0.20%,0
"2024-09-11 13:46",15.05,15.07,15.03,15.03,-0.01,-0.07%,0
"2024-09-11 13:47",15.02,15.07,15.02,15.07,0.04,+0.27%,0
"2024-09-11 13:48",15.13,15.26,15.13,15.26,0.19,+1.26%,0
"2024-09-11 13:49",15.24,15.29,15.24,15.24,-0.02,-0.13%,0
"2024-09-11 13:50",15.23,15.27,15.23,15.27,0.03,+0.20%,0
"2024-09-11 13:51",15.28,15.34,15.28,15.33,0.06,+0.39%,0
"2024-09-11 13:52",15.31,15.33,15.31,15.33,0,0.00%,0
"2024-09-11 13:53",15.36,15.37,15.35,15.35,0.02,+0.13%,0
"2024-09-11 13:54",15.39,15.39,15.36,15.37,0.02,+0.13%,0
"2024-09-11 13:55",15.37,15.38,15.35,15.35,-0.02,-0.13%,0
"2024-09-11 13:56",15.38,15.43,15.38,15.4,0.05,+0.33%,0
"2024-09-11 13:57",15.4,15.54,15.4,15.54,0.14,+0.91%,0
"2024-09-11 13:58",15.45,15.46,15.44,15.44,-0.1,-0.64%,0
"2024-09-11 13:59",15.42,15.44,15.42,15.43,-0.01,-0.06%,0
"2024-09-11 14:00",15.42,15.45,15.42,15.44,0.01,+0.06%,0
"2024-09-11 14:01",15.43,15.48,15.43,15.47,0.03,+0.19%,0
"2024-09-11 14:02",15.45,15.45,15.42,15.42,-0.05,-0.32%,0
"2024-09-11 14:03",15.43,15.43,15.4,15.42,0,0.00%,0
"2024-09-11 14:04",15.42,15.45,15.42,15.44,0.02,+0.13%,0
"2024-09-11 14:05",15.46,15.47,15.44,15.44,0,0.00%,0
"2024-09-11 14:06",15.47,15.47,15.45,15.47,0.03,+0.19%,0
"2024-09-11 14:07",15.47,15.49,15.45,15.45,-0.02,-0.13%,0
"2024-09-11 14:08",15.44,15.44,15.4,15.4,-0.05,-0.32%,0
"2024-09-11 14:09",15.41,15.44,15.41,15.43,0.03,+0.19%,0
"2024-09-11 14:10",15.4,15.4,15.37,15.37,-0.06,-0.39%,0
"2024-09-11 14:11",15.33,15.35,15.33,15.35,-0.02,-0.13%,0
"2024-09-11 14:12",15.38,15.39,15.38,15.39,0.04,+0.26%,0
"2024-09-11 14:13",15.38,15.39,15.32,15.32,-0.07,-0.45%,0
"2024-09-11 14:14",15.33,15.33,15.24,15.28,-0.04,-0.26%,0
"2024-09-11 14:15",15.24,15.24,15.23,15.23,-0.05,-0.33%,0
"2024-09-11 14:16",15.22,15.22,15.17,15.18,-0.05,-0.33%,0
"2024-09-11 14:17",15.16,15.21,15.16,15.19,0.01,+0.07%,0
"2024-09-11 14:18",15.24,15.31,15.24,15.31,0.12,+0.79%,0
"2024-09-11 14:19",15.33,15.36,15.28,15.28,-0.03,-0.20%,0
"2024-09-11 14:20",15.29,15.32,15.29,15.31,0.03,+0.20%,0
"2024-09-11 14:21",15.29,15.31,15.29,15.31,0,0.00%,0
"2024-09-11 14:22",15.29,15.31,15.29,15.31,0,0.00%,0
"2024-09-11 14:23",15.26,15.3,15.26,15.27,-0.04,-0.26%,0
"2024-09-11 14:24",15.27,15.27,15.23,15.25,-0.02,-0.13%,0
"2024-09-11 14:25",15.24,15.29,15.24,15.27,0.02,+0.13%,0
"2024-09-11 14:26",15.28,15.29,15.28,15.29,0.02,+0.13%,0
"2024-09-11 14:27",15.29,15.32,15.29,15.29,0,0.00%,0
"2024-09-11 14:28",15.33,15.39,15.33,15.39,0.1,+0.65%,0
"2024-09-11 14:29",15.33,15.36,15.33,15.36,-0.03,-0.19%,0
"2024-09-11 14:30",15.34,15.34,15.29,15.29,-0.07,-0.46%,0
"2024-09-11 14:31",15.29,15.3,15.27,15.27,-0.02,-0.13%,0
"2024-09-11 14:32",15.28,15.29,15.27,15.27,0,0.00%,0
"2024-09-11 14:33",15.25,15.29,15.25,15.27,0,0.00%,0
"2024-09-11 14:34",15.41,15.46,15.41,15.46,0.19,+1.24%,0
"2024-09-11 14:35",15.45,15.52,15.45,15.51,0.05,+0.32%,0
"2024-09-11 14:36",15.51,15.55,15.51,15.53,0.02,+0.13%,0
"2024-09-11 14:37",15.51,15.52,15.49,15.49,-0.04,-0.26%,0
"2024-09-11 14:38",15.49,15.56,15.49,15.56,0.07,+0.45%,0
"2024-09-11 14:39",15.58,15.58,15.48,15.48,-0.08,-0.51%,0
"2024-09-11 14:40",15.48,15.57,15.48,15.57,0.09,+0.58%,0
"2024-09-11 14:41",15.57,15.62,15.57,15.62,0.05,+0.32%,0
"2024-09-11 14:42",15.7,15.87,15.69,15.69,0.07,+0.45%,0
"2024-09-11 14:43",15.74,15.83,15.74,15.79,0.1,+0.64%,0
"2024-09-11 14:44",15.81,15.84,15.81,15.83,0.04,+0.25%,0
"2024-09-11 14:45",15.83,15.86,15.83,15.85,0.02,+0.13%,0
"2024-09-11 14:46",15.89,15.94,15.89,15.91,0.06,+0.38%,0
"2024-09-11 14:47",15.91,15.93,15.87,15.87,-0.04,-0.25%,0
"2024-09-11 14:48",15.84,15.84,15.79,15.79,-0.08,-0.50%,0
"2024-09-11 14:49",15.79,15.83,15.79,15.82,0.03,+0.19%,0
"2024-09-11 14:50",15.8,15.87,15.8,15.85,0.03,+0.19%,0
"2024-09-11 14:51",15.85,15.9,15.85,15.9,0.05,+0.32%,0
"2024-09-11 14:52",15.89,15.9,15.88,15.89,-0.01,-0.06%,0
"2024-09-11 14:53",15.89,15.95,15.89,15.95,0.06,+0.38%,0
"2024-09-11 14:54",15.98,15.98,15.91,15.94,-0.01,-0.06%,0
"2024-09-11 14:55",16.01,16.01,15.88,15.88,-0.06,-0.38%,0
"2024-09-11 14:56",15.85,15.85,15.7,15.7,-0.18,-1.13%,0
"2024-09-11 14:57",15.66,15.7,15.62,15.7,0,0.00%,0
"2024-09-11 14:58",15.68,15.68,15.63,15.66,-0.04,-0.25%,0
"2024-09-11 14:59",15.67,15.71,15.67,15.69,0.03,+0.19%,0
"2024-09-11 15:00",15.65,15.69,15.64,15.64,-0.05,-0.32%,0
"2024-09-11 15:01",15.63,15.69,15.63,15.69,0.05,+0.32%,0
"2024-09-11 15:02",15.68,15.72,15.68,15.72,0.03,+0.19%,0
"2024-09-11 15:03",15.71,15.74,15.69,15.72,0,0.00%,0
"2024-09-11 15:04",15.73,15.77,15.73,15.74,0.02,+0.13%,0
"2024-09-11 15:05",15.73,15.73,15.7,15.7,-0.04,-0.25%,0
"2024-09-11 15:06",15.7,15.7,15.62,15.62,-0.08,-0.51%,0
"2024-09-11 15:07",15.64,15.65,15.64,15.65,0.03,+0.19%,0
"2024-09-11 15:08",15.66,15.66,15.65,15.66,0.01,+0.06%,0
"2024-09-11 15:09",15.67,15.69,15.64,15.67,0.01,+0.06%,0
"2024-09-11 15:10",15.65,15.66,15.64,15.65,-0.02,-0.13%,0
"2024-09-11 15:11",15.63,15.65,15.63,15.65,0,0.00%,0
"2024-09-11 15:12",15.65,15.67,15.62,15.62,-0.03,-0.19%,0
"2024-09-11 15:13",15.6,15.6,15.49,15.49,-0.13,-0.83%,0
"2024-09-11 15:14",15.44,15.49,15.44,15.45,-0.04,-0.26%,0
"2024-09-11 15:15",15.42,15.42,15.37,15.37,-0.08,-0.52%,0
"2024-09-11 15:16",15.36,15.39,15.36,15.37,0,0.00%,0
"2024-09-11 15:17",15.45,15.52,15.45,15.46,0.09,+0.59%,0
"2024-09-11 15:18",15.46,15.46,15.41,15.41,-0.05,-0.32%,0
"2024-09-11 15:19",15.38,15.39,15.37,15.37,-0.04,-0.26%,0
"2024-09-11 15:20",15.38,15.39,15.32,15.32,-0.05,-0.33%,0
"2024-09-11 15:21",15.33,15.38,15.33,15.38,0.06,+0.39%,0
"2024-09-11 15:22",15.4,15.44,15.4,15.41,0.03,+0.20%,0
"2024-09-11 15:23",15.39,15.41,15.39,15.39,-0.02,-0.13%,0
"2024-09-11 15:24",15.39,15.39,15.35,15.36,-0.03,-0.19%,0
"2024-09-11 15:25",15.32,15.37,15.31,15.37,0.01,+0.07%,0
"2024-09-11 15:26",15.32,15.4,15.32,15.4,0.03,+0.20%,0
"2024-09-11 15:27",15.38,15.4,15.37,15.4,0,0.00%,0
"2024-09-11 15:28",15.4,15.41,15.4,15.4,0,0.00%,0
"2024-09-11 15:29",15.37,15.4,15.34,15.34,-0.06,-0.39%,0
"2024-09-11 15:30",15.32,15.37,15.32,15.37,0.03,+0.20%,0
"2024-09-11 15:31",15.36,15.4,15.35,15.36,-0.01,-0.07%,0
"2024-09-11 15:32",15.34,15.41,15.34,15.37,0.01,+0.07%,0
"2024-09-11 15:33",15.41,15.45,15.38,15.38,0.01,+0.07%,0
"2024-09-11 15:34",15.38,15.38,15.35,15.36,-0.02,-0.13%,0
"2024-09-11 15:35",15.34,15.41,15.34,15.4,0.04,+0.26%,0
"2024-09-11 15:36",15.42,15.42,15.41,15.42,0.02,+0.13%,0
"2024-09-11 15:37",15.43,15.47,15.43,15.46,0.04,+0.26%,0
"2024-09-11 15:38",15.46,15.49,15.46,15.48,0.02,+0.13%,0
"2024-09-11 15:39",15.45,15.55,15.45,15.55,0.07,+0.45%,0
"2024-09-11 15:40",15.54,15.54,15.41,15.41,-0.14,-0.90%,0
"2024-09-11 15:41",15.36,15.47,15.36,15.47,0.06,+0.39%,0
"2024-09-11 15:42",15.49,15.52,15.42,15.42,-0.05,-0.32%,0
"2024-09-11 15:43",15.45,15.56,15.45,15.56,0.14,+0.91%,0
"2024-09-11 15:44",15.48,15.52,15.42,15.42,-0.14,-0.90%,0
"2024-09-11 15:45",15.44,15.48,15.44,15.47,0.05,+0.32%,0
"2024-09-11 15:46",15.48,15.49,15.4,15.4,-0.07,-0.45%,0
"2024-09-11 15:47",15.46,15.5,15.46,15.49,0.09,+0.58%,0
"2024-09-11 15:48",15.46,15.46,15.33,15.41,-0.08,-0.52%,0
"2024-09-11 15:49",15.37,15.39,15.24,15.24,-0.17,-1.10%,0
"2024-09-11 15:50",15.27,15.35,15.27,15.3,0.06,+0.39%,0
"2024-09-11 15:51",15.27,15.34,15.24,15.32,0.02,+0.13%,0
"2024-09-11 15:52",15.32,15.32,15.24,15.24,-0.08,-0.52%,0
"2024-09-11 15:53",15.23,15.23,15.18,15.19,-0.05,-0.33%,0
"2024-09-11 15:54",15.12,15.12,14.97,14.97,-0.22,-1.45%,0
"2024-09-11 15:55",14.91,14.91,14.78,14.87,-0.1,-0.67%,0
"2024-09-11 15:56",14.85,14.92,14.85,14.92,0.05,+0.34%,0
"2024-09-11 15:57",14.93,14.93,14.84,14.84,-0.08,-0.54%,0
"2024-09-11 15:58",14.81,14.85,14.81,14.84,0,0.00%,0
"2024-09-11 15:59",14.93,14.93,14.82,14.82,-0.02,-0.13%,0
"2024-09-11 16:00",14.96,14.96,14.71,14.71,-0.11,-0.74%,0
"2024-09-11 16:01",14.7,14.71,14.63,14.71,0,0.00%,0
"2024-09-11 16:02",14.62,14.79,14.62,14.79,0.08,+0.54%,0
"2024-09-11 16:03",14.83,14.93,14.83,14.93,0.14,+0.95%,0
"2024-09-11 16:04",14.89,14.97,14.89,14.94,0.01,+0.07%,0
"2024-09-11 16:05",14.96,14.96,14.78,14.78,-0.16,-1.07%,0
"2024-09-11 16:06",14.8,14.8,14.75,14.75,-0.03,-0.20%,0
"2024-09-11 16:07",14.75,14.75,14.73,14.73,-0.02,-0.14%,0
"2024-09-11 16:08",14.78,14.78,14.74,14.77,0.04,+0.27%,0
"2024-09-11 16:09",14.79,14.84,14.76,14.76,-0.01,-0.07%,0
"2024-09-11 16:10",14.77,14.79,14.7,14.74,-0.02,-0.14%,0
"2024-09-11 16:11",14.72,14.76,14.65,14.65,-0.09,-0.61%,0
"2024-09-11 16:12",14.7,14.75,14.7,14.74,0.09,+0.61%,0
"2024-09-11 16:13",14.78,14.87,14.78,14.87,0.13,+0.88%,0
"2024-09-11 16:14",14.84,14.98,14.84,14.98,0.11,+0.74%,0
"2024-09-11 16:15",14.98,14.98,14.98,14.98,0,0.00%,0
"2024-09-12 09:31",13.57,13.57,13.45,13.53,-1.45,-9.68%,0
"2024-09-12 09:32",13.59,13.75,13.56,13.75,0.22,+1.63%,0
"2024-09-12 09:33",13.72,13.85,13.72,13.73,-0.02,-0.15%,0
"2024-09-12 09:34",13.67,13.69,13.67,13.69,-0.04,-0.29%,0
"2024-09-12 09:35",13.8,14.05,13.8,13.92,0.23,+1.68%,0
"2024-09-12 09:36",13.83,13.97,13.83,13.86,-0.06,-0.43%,0
"2024-09-12 09:37",13.99,14.06,13.88,13.88,0.02,+0.14%,0
"2024-09-12 09:38",13.84,13.98,13.84,13.98,0.1,+0.72%,0
"2024-09-12 09:39",14.08,14.3,14.08,14.19,0.21,+1.50%,0
"2024-09-12 09:40",14.07,14.07,13.83,13.83,-0.36,-2.54%,0
"2024-09-12 09:41",13.95,14.14,13.95,14.14,0.31,+2.24%,0
"2024-09-12 09:42",14.05,14.05,13.73,13.78,-0.36,-2.55%,0
"2024-09-12 09:43",13.84,13.92,13.83,13.87,0.09,+0.65%,0
"2024-09-12 09:44",13.9,13.9,13.81,13.81,-0.06,-0.43%,0
"2024-09-12 09:45",13.85,13.85,13.74,13.74,-0.07,-0.51%,0
"2024-09-12 09:46",13.82,13.94,13.82,13.94,0.2,+1.46%,0
"2024-09-12 09:47",14.16,14.51,14.16,14.44,0.5,+3.59%,0
"2024-09-12 09:48",14.54,14.54,14.47,14.5,0.06,+0.42%,0
"2024-09-12 09:49",14.66,14.88,14.63,14.63,0.13,+0.90%,0
"2024-09-12 09:50",14.71,15.1,14.71,15.1,0.47,+3.21%,0
"2024-09-12 09:51",15.09,15.09,14.75,14.75,-0.35,-2.32%,0
"2024-09-12 09:52",14.81,14.81,14.21,14.21,-0.54,-3.66%,0
"2024-09-12 09:53",14.24,14.36,14.24,14.24,0.03,+0.21%,0
"2024-09-12 09:54",14.31,14.38,14.19,14.19,-0.05,-0.35%,0
"2024-09-12 09:55",14.22,14.35,14.22,14.27,0.08,+0.56%,0
"2024-09-12 09:56",14.36,14.41,14.36,14.39,0.12,+0.84%,0
"2024-09-12 09:57",14.39,14.56,14.39,14.49,0.1,+0.69%,0
"2024-09-12 09:58",14.39,14.43,14.39,14.43,-0.06,-0.41%,0
"2024-09-12 09:59",14.4,14.45,14.4,14.45,0.02,+0.14%,0
"2024-09-12 10:00",14.32,14.59,14.32,14.52,0.07,+0.48%,0
"2024-09-12 10:01",14.45,14.52,14.4,14.52,0,0.00%,0
"2024-09-12 10:02",14.42,14.45,14.33,14.33,-0.19,-1.31%,0
"2024-09-12 10:03",14.27,14.27,14.07,14.07,-0.26,-1.81%,0
"2024-09-12 10:04",14.1,14.34,14.1,14.29,0.22,+1.56%,0
"2024-09-12 10:05",14.49,14.49,14.42,14.46,0.17,+1.19%,0
"2024-09-12 10:06",14.33,14.38,14.31,14.37,-0.09,-0.62%,0
"2024-09-12 10:07",14.47,14.5,14.44,14.5,0.13,+0.90%,0
"2024-09-12 10:08",14.42,14.58,14.42,14.45,-0.05,-0.34%,0
"2024-09-12 10:09",14.47,14.47,14.42,14.46,0.01,+0.07%,0
"2024-09-12 10:10",14.34,14.34,14.27,14.27,-0.19,-1.31%,0
"2024-09-12 10:11",14.24,14.24,13.96,13.96,-0.31,-2.17%,0
"2024-09-12 10:12",14,14,13.6,13.63,-0.33,-2.36%,0
"2024-09-12 10:13",13.62,13.64,13.45,13.45,-0.18,-1.32%,0
"2024-09-12 10:14",13.34,13.44,13.34,13.4,-0.05,-0.37%,0
"2024-09-12 10:15",13.45,13.55,13.45,13.46,0.06,+0.45%,0
"2024-09-12 10:16",13.54,13.58,13.5,13.5,0.04,+0.30%,0
"2024-09-12 10:17",13.46,13.46,13.36,13.36,-0.14,-1.04%,0
"2024-09-12 10:18",13.37,13.37,13.31,13.32,-0.04,-0.30%,0
"2024-09-12 10:19",13.28,13.28,13.18,13.18,-0.14,-1.05%,0
"2024-09-12 10:20",13.2,13.2,13.07,13.07,-0.11,-0.83%,0
"2024-09-12 10:21",13.05,13.15,13.05,13.06,-0.01,-0.08%,0
"2024-09-12 10:22",13.04,13.04,13.02,13.02,-0.04,-0.31%,0
"2024-09-12 10:23",13.03,13.08,13.03,13.06,0.04,+0.31%,0
"2024-09-12 10:24",13.02,13.17,13.02,13.17,0.11,+0.84%,0
"2024-09-12 10:25",13.11,13.16,13.11,13.12,-0.05,-0.38%,0
"2024-09-12 10:26",13.11,13.12,13.08,13.11,-0.01,-0.08%,0
"2024-09-12 10:27",13.11,13.14,13.11,13.13,0.02,+0.15%,0
"2024-09-12 10:28",13.16,13.16,13.11,13.16,0.03,+0.23%,0
"2024-09-12 10:29",13.17,13.21,13.11,13.11,-0.05,-0.38%,0
"2024-09-12 10:30",13.11,13.13,13.1,13.1,-0.01,-0.08%,0
"2024-09-12 10:31",13.1,13.13,13.08,13.13,0.03,+0.23%,0
"2024-09-12 10:32",13.1,13.14,13.1,13.14,0.01,+0.08%,0
"2024-09-12 10:33",13.12,13.13,13.1,13.1,-0.04,-0.30%,0
"2024-09-12 10:34",13.11,13.12,13.04,13.1,0,0.00%,0
"2024-09-12 10:35",13.12,13.96,13.12,13.96,0.86,+6.56%,0
"2024-09-12 10:36",13.63,13.89,13.63,13.88,-0.08,-0.57%,0
"2024-09-12 10:37",13.71,13.71,13.6,13.66,-0.22,-1.59%,0
"2024-09-12 10:38",13.6,13.65,13.56,13.65,-0.01,-0.07%,0
"2024-09-12 10:39",13.61,13.77,13.61,13.77,0.12,+0.88%,0
"2024-09-12 10:40",13.77,13.91,13.77,13.79,0.02,+0.15%,0
"2024-09-12 10:41",13.74,13.86,13.74,13.86,0.07,+0.51%,0
"2024-09-12 10:42",13.87,13.87,13.74,13.74,-0.12,-0.87%,0
"2024-09-12 10:43",13.76,13.83,13.71,13.71,-0.03,-0.22%,0
"2024-09-12 10:44",13.7,13.7,13.61,13.61,-0.1,-0.73%,0
"2024-09-12 10:45",13.58,13.63,13.57,13.63,0.02,+0.15%,0
"2024-09-12 10:46",13.55,13.62,13.55,13.62,-0.01,-0.07%,0
"2024-09-12 10:47",13.66,13.79,13.66,13.78,0.16,+1.17%,0
"2024-09-12 10:48",13.73,13.78,13.73,13.74,-0.04,-0.29%,0
"2024-09-12 10:49",13.73,13.73,13.62,13.66,-0.08,-0.58%,0
"2024-09-12 10:50",13.6,13.67,13.6,13.64,-0.02,-0.15%,0
"2024-09-12 10:51",13.63,13.71,13.62,13.71,0.07,+0.51%,0
"2024-09-12 10:52",13.67,13.79,13.67,13.71,0,0.00%,0
"2024-09-12 10:53",13.62,13.71,13.61,13.65,-0.06,-0.44%,0
"2024-09-12 10:54",13.72,13.73,13.69,13.69,0.04,+0.29%,0
"2024-09-12 10:55",13.69,13.69,13.5,13.5,-0.19,-1.39%,0
"2024-09-12 10:56",13.47,13.51,13.47,13.47,-0.03,-0.22%,0
"2024-09-12 10:57",13.47,13.95,13.47,13.95,0.48,+3.56%,0
"2024-09-12 10:58",13.92,13.96,13.88,13.94,-0.01,-0.07%,0
"2024-09-12 10:59",13.99,14.13,13.96,14.13,0.19,+1.36%,0
"2024-09-12 11:00",14.28,14.4,14.23,14.4,0.27,+1.91%,0
"2024-09-12 11:01",14.49,14.49,14.13,14.13,-0.27,-1.88%,0
"2024-09-12 11:02",14.01,14.05,14.01,14.03,-0.1,-0.71%,0
"2024-09-12 11:03",13.99,14.03,13.96,13.96,-0.07,-0.50%,0
"2024-09-12 11:04",13.95,13.95,13.89,13.89,-0.07,-0.50%,0
"2024-09-12 11:05",13.79,13.79,13.73,13.76,-0.13,-0.94%,0
"2024-09-12 11:06",13.74,13.8,13.74,13.8,0.04,+0.29%,0
"2024-09-12 11:07",13.74,13.74,13.7,13.7,-0.1,-0.72%,0
"2024-09-12 11:08",13.78,13.82,13.77,13.77,0.07,+0.51%,0
"2024-09-12 11:09",13.72,13.73,13.71,13.72,-0.05,-0.36%,0
"2024-09-12 11:10",13.76,13.84,13.73,13.76,0.04,+0.29%,0
"2024-09-12 11:11",13.71,13.73,13.67,13.67,-0.09,-0.65%,0
"2024-09-12 11:12",13.59,13.59,13.49,13.49,-0.18,-1.32%,0
"2024-09-12 11:13",13.49,13.53,13.44,13.51,0.02,+0.15%,0
"2024-09-12 11:14",13.47,13.5,13.47,13.48,-0.03,-0.22%,0
"2024-09-12 11:15",13.5,13.62,13.5,13.62,0.14,+1.04%,0
"2024-09-12 11:16",13.94,13.94,13.9,13.93,0.31,+2.28%,0
"2024-09-12 11:17",13.91,13.97,13.9,13.9,-0.03,-0.22%,0
"2024-09-12 11:18",13.92,13.99,13.92,13.95,0.05,+0.36%,0
"2024-09-12 11:19",13.96,13.96,13.87,13.88,-0.07,-0.50%,0
"2024-09-12 11:20",13.9,13.91,13.89,13.89,0.01,+0.07%,0
"2024-09-12 11:21",13.95,13.95,13.89,13.89,0,0.00%,0
"2024-09-12 11:22",13.91,14.08,13.88,14.08,0.19,+1.37%,0
"2024-09-12 11:23",14.05,14.05,13.96,13.96,-0.12,-0.85%,0
"2024-09-12 11:24",14.09,14.15,14.09,14.1,0.14,+1.00%,0
"2024-09-12 11:25",14.02,14.17,14.02,14.17,0.07,+0.50%,0
"2024-09-12 11:26",14.12,14.44,14.12,14.32,0.15,+1.06%,0
"2024-09-12 11:27",14.3,14.31,14.15,14.15,-0.17,-1.19%,0
"2024-09-12 11:28",14.07,14.15,14.07,14.15,0,0.00%,0
"2024-09-12 11:29",14.16,14.33,14.16,14.32,0.17,+1.20%,0
"2024-09-12 11:30",14.43,14.48,14.42,14.47,0.15,+1.05%,0
"2024-09-12 11:31",14.41,14.43,14.24,14.24,-0.23,-1.59%,0
"2024-09-12 11:32",14.29,14.32,14.25,14.26,0.02,+0.14%,0
"2024-09-12 11:33",14.29,14.33,14.29,14.33,0.07,+0.49%,0
"2024-09-12 11:34",14.35,14.39,14.35,14.36,0.03,+0.21%,0
"2024-09-12 11:35",14.39,14.39,14.31,14.31,-0.05,-0.35%,0
"2024-09-12 11:36",14.35,14.35,14.29,14.3,-0.01,-0.07%,0
"2024-09-12 11:37",14.29,14.3,14.11,14.11,-0.19,-1.33%,0
"2024-09-12 11:38",14.14,14.27,14.14,14.27,0.16,+1.13%,0
"2024-09-12 11:39",14.27,14.37,14.27,14.33,0.06,+0.42%,0
"2024-09-12 11:40",14.34,14.34,14.28,14.28,-0.05,-0.35%,0
"2024-09-12 11:41",14.24,14.24,14.1,14.1,-0.18,-1.26%,0
"2024-09-12 11:42",14.04,14.16,14.04,14.12,0.02,+0.14%,0
"2024-09-12 11:43",14.19,14.27,14.19,14.26,0.14,+0.99%,0
"2024-09-12 11:44",14.41,14.58,14.41,14.51,0.25,+1.75%,0
"2024-09-12 11:45",14.49,14.55,14.48,14.48,-0.03,-0.21%,0
"2024-09-12 11:46",14.49,14.69,14.49,14.69,0.21,+1.45%,0
"2024-09-12 11:47",14.6,14.6,14.46,14.46,-0.23,-1.57%,0
"2024-09-12 11:48",14.48,14.54,14.48,14.54,0.08,+0.55%,0
"2024-09-12 11:49",14.46,14.53,14.46,14.53,-0.01,-0.07%,0
"2024-09-12 11:50",14.5,14.52,14.5,14.51,-0.02,-0.14%,0
"2024-09-12 11:51",14.49,14.49,14.37,14.37,-0.14,-0.96%,0
"2024-09-12 11:52",14.4,14.4,14.31,14.31,-0.06,-0.42%,0
"2024-09-12 11:53",14.28,14.41,14.28,14.41,0.1,+0.70%,0
"2024-09-12 11:54",14.45,14.72,14.45,14.67,0.26,+1.80%,0
"2024-09-12 11:55",14.55,14.55,14.54,14.54,-0.13,-0.89%,0
"2024-09-12 11:56",14.62,14.62,14.54,14.6,0.06,+0.41%,0
"2024-09-12 11:57",14.62,14.66,14.62,14.66,0.06,+0.41%,0
"2024-09-12 11:58",14.7,14.79,14.7,14.7,0.04,+0.27%,0
"2024-09-12 11:59",14.67,14.78,14.65,14.65,-0.05,-0.34%,0
"2024-09-12 12:00",14.61,14.67,14.61,14.66,0.01,+0.07%,0
"2024-09-12 12:01",14.66,14.66,14.54,14.54,-0.12,-0.82%,0
"2024-09-12 12:02",14.56,14.56,14.46,14.46,-0.08,-0.55%,0
"2024-09-12 12:03",14.42,14.44,14.39,14.4,-0.06,-0.41%,0
"2024-09-12 12:04",14.4,14.4,14.31,14.33,-0.07,-0.49%,0
"2024-09-12 12:05",14.3,14.35,14.29,14.35,0.02,+0.14%,0
"2024-09-12 12:06",14.37,14.37,14.31,14.31,-0.04,-0.28%,0
"2024-09-12 12:07",14.28,14.4,14.28,14.39,0.08,+0.56%,0
"2024-09-12 12:08",14.43,14.5,14.43,14.45,0.06,+0.42%,0
"2024-09-12 12:09",14.41,14.41,14.33,14.33,-0.12,-0.83%,0
"2024-09-12 12:10",14.3,14.3,14.26,14.29,-0.04,-0.28%,0
"2024-09-12 12:11",14.28,14.33,14.25,14.25,-0.04,-0.28%,0
"2024-09-12 12:12",14.24,14.29,14.23,14.23,-0.02,-0.14%,0
"2024-09-12 12:13",14.21,14.32,14.21,14.32,0.09,+0.63%,0
"2024-09-12 12:14",14.32,14.33,14.23,14.23,-0.09,-0.63%,0
"2024-09-12 12:15",14.21,14.21,14.17,14.19,-0.04,-0.28%,0
"2024-09-12 12:16",14.19,14.19,14.13,14.13,-0.06,-0.42%,0
"2024-09-12 12:17",14.15,14.19,14.15,14.19,0.06,+0.42%,0
"2024-09-12 12:18",14.2,14.2,14.16,14.16,-0.03,-0.21%,0
"2024-09-12 12:19",14.14,14.14,14.11,14.11,-0.05,-0.35%,0
"2024-09-12 12:20",14.09,14.13,14.06,14.06,-0.05,-0.35%,0
"2024-09-12 12:21",14.08,14.08,13.97,13.97,-0.09,-0.64%,0
"2024-09-12 12:22",13.94,13.96,13.94,13.96,-0.01,-0.07%,0
"2024-09-12 12:23",13.95,14.13,13.95,14.13,0.17,+1.22%,0
"2024-09-12 12:24",14.22,14.22,14.21,14.21,0.08,+0.57%,0
"2024-09-12 12:25",14.19,14.19,14.13,14.13,-0.08,-0.56%,0
"2024-09-12 12:26",14.11,14.11,14,14.02,-0.11,-0.78%,0
"2024-09-12 12:27",14.02,14.15,14.02,14.15,0.13,+0.93%,0
"2024-09-12 12:28",14.15,14.21,14.15,14.17,0.02,+0.14%,0
"2024-09-12 12:29",14.15,14.17,14.11,14.15,-0.02,-0.14%,0
"2024-09-12 12:30",14.16,14.16,14.14,14.14,-0.01,-0.07%,0
"2024-09-12 12:31",14.16,14.16,14.12,14.15,0.01,+0.07%,0
"2024-09-12 12:32",14.19,14.21,14.19,14.21,0.06,+0.42%,0
"2024-09-12 12:33",14.24,14.24,14.16,14.16,-0.05,-0.35%,0
"2024-09-12 12:34",14.14,14.17,14.14,14.15,-0.01,-0.07%,0
"2024-09-12 12:35",14.14,14.16,14.13,14.16,0.01,+0.07%,0
"2024-09-12 12:36",14.17,14.27,14.17,14.27,0.11,+0.78%,0
"2024-09-12 12:37",14.27,14.31,14.27,14.3,0.03,+0.21%,0
"2024-09-12 12:38",14.21,14.22,14.21,14.22,-0.08,-0.56%,0
"2024-09-12 12:39",14.2,14.43,14.2,14.43,0.21,+1.48%,0
"2024-09-12 12:40",14.42,14.46,14.41,14.44,0.01,+0.07%,0
"2024-09-12 12:41",14.5,14.5,14.38,14.38,-0.06,-0.42%,0
"2024-09-12 12:42",14.31,14.31,14.18,14.28,-0.1,-0.70%,0
"2024-09-12 12:43",14.24,14.25,14.23,14.23,-0.05,-0.35%,0
"2024-09-12 12:44",14.24,14.28,14.24,14.25,0.02,+0.14%,0
"2024-09-12 12:45",14.23,14.25,14.21,14.21,-0.04,-0.28%,0
"2024-09-12 12:46",14.19,14.22,14.19,14.21,0,0.00%,0
"2024-09-12 12:47",14.19,14.21,14.19,14.2,-0.01,-0.07%,0
"2024-09-12 12:48",14.18,14.18,14.08,14.08,-0.12,-0.85%,0
"2024-09-12 12:49",14.02,14.08,14.02,14.05,-0.03,-0.21%,0
"2024-09-12 12:50",14.04,14.04,13.92,13.92,-0.13,-0.93%,0
"2024-09-12 12:51",13.92,13.92,13.84,13.84,-0.08,-0.57%,0
"2024-09-12 12:52",13.82,13.82,13.74,13.74,-0.1,-0.72%,0
"2024-09-12 12:53",13.77,13.89,13.77,13.88,0.14,+1.02%,0
"2024-09-12 12:54",13.85,13.89,13.84,13.84,-0.04,-0.29%,0
"2024-09-12 12:55",13.85,13.9,13.85,13.87,0.03,+0.22%,0
"2024-09-12 12:56",13.91,14.03,13.91,14.03,0.16,+1.15%,0
"2024-09-12 12:57",14.01,14.09,13.96,14.09,0.06,+0.43%,0
"2024-09-12 12:58",14.09,14.09,14,14,-0.09,-0.64%,0
"2024-09-12 12:59",14,14.07,14,14.03,0.03,+0.21%,0
"2024-09-12 13:00",14.05,14.05,14.03,14.03,0,0.00%,0
"2024-09-12 13:01",14.02,14.02,13.97,13.97,-0.06,-0.43%,0
"2024-09-12 13:02",13.99,14.01,13.97,13.97,0,0.00%,0
"2024-09-12 13:03",13.97,14,13.96,13.99,0.02,+0.14%,0
"2024-09-12 13:04",14.01,14.01,14,14,0.01,+0.07%,0
"2024-09-12 13:05",14,14.06,14,14.01,0.01,+0.07%,0
"2024-09-12 13:06",14.01,14.02,13.97,13.97,-0.04,-0.29%,0
"2024-09-12 13:07",13.99,14.02,13.98,13.98,0.01,+0.07%,0
"2024-09-12 13:08",13.99,14.01,13.99,14,0.02,+0.14%,0
"2024-09-12 13:09",14.01,14.04,14.01,14.04,0.04,+0.29%,0
"2024-09-12 13:10",14.04,14.04,14.02,14.02,-0.02,-0.14%,0
"2024-09-12 13:11",13.99,14.07,13.99,14.07,0.05,+0.36%,0
"2024-09-12 13:12",14.06,14.06,14.01,14.01,-0.06,-0.43%,0
"2024-09-12 13:13",14,14.03,14,14.03,0.02,+0.14%,0
"2024-09-12 13:14",14.02,14.02,14,14,-0.03,-0.21%,0
"2024-09-12 13:15",14.02,14.02,13.98,13.98,-0.02,-0.14%,0
"2024-09-12 13:16",13.99,13.99,13.96,13.99,0.01,+0.07%,0
"2024-09-12 13:17",13.97,13.97,13.95,13.95,-0.04,-0.29%,0
"2024-09-12 13:18",13.94,14,13.94,13.98,0.03,+0.22%,0
"2024-09-12 13:19",13.99,14.05,13.99,14.05,0.07,+0.50%,0
"2024-09-12 13:20",14.06,14.16,14.06,14.16,0.11,+0.78%,0
"2024-09-12 13:21",14.11,14.11,14.1,14.1,-0.06,-0.42%,0
"2024-09-12 13:22",14.1,14.11,14.07,14.07,-0.03,-0.21%,0
"2024-09-12 13:23",14.05,14.06,14.04,14.04,-0.03,-0.21%,0
"2024-09-12 13:24",14.02,14.16,14.02,14.13,0.09,+0.64%,0
"2024-09-12 13:25",14.11,14.13,14.11,14.13,0,0.00%,0
"2024-09-12 13:26",14.12,14.14,14.11,14.11,-0.02,-0.14%,0
"2024-09-12 13:27",14.12,14.15,14.12,14.15,0.04,+0.28%,0
"2024-09-12 13:28",14.14,14.15,14.14,14.14,-0.01,-0.07%,0
"2024-09-12 13:29",14.14,14.23,14.14,14.18,0.04,+0.28%,0
"2024-09-12 13:30",14.2,14.2,14.19,14.2,0.02,+0.14%,0
"2024-09-12 13:31",14.2,14.24,14.2,14.24,0.04,+0.28%,0
"2024-09-12 13:32",14.21,14.27,14.21,14.24,0,0.00%,0
"2024-09-12 13:33",14.22,14.27,14.22,14.26,0.02,+0.14%,0
"2024-09-12 13:34",14.24,14.24,14.23,14.23,-0.03,-0.21%,0
"2024-09-12 13:35",14.22,14.22,14.2,14.2,-0.03,-0.21%,0
"2024-09-12 13:36",14.2,14.21,14.16,14.19,-0.01,-0.07%,0
"2024-09-12 13:37",14.18,14.18,14.16,14.16,-0.03,-0.21%,0
"2024-09-12 13:38",14.15,14.18,14.11,14.11,-0.05,-0.35%,0
"2024-09-12 13:39",14.1,14.12,14.09,14.09,-0.02,-0.14%,0
"2024-09-12 13:40",14.04,14.14,14.04,14.08,-0.01,-0.07%,0
"2024-09-12 13:41",14.12,14.12,14.02,14.02,-0.06,-0.43%,0
"2024-09-12 13:42",14.02,14.02,14.01,14.02,0,0.00%,0
"2024-09-12 13:43",14.05,14.08,14.05,14.08,0.06,+0.43%,0
"2024-09-12 13:44",14.06,14.12,14.06,14.11,0.03,+0.21%,0
"2024-09-12 13:45",14.09,14.09,14,14,-0.11,-0.78%,0
"2024-09-12 13:46",14,14.08,14,14.04,0.04,+0.29%,0
"2024-09-12 13:47",14.05,14.05,14.02,14.02,-0.02,-0.14%,0
"2024-09-12 13:48",14.02,14.05,14.02,14.03,0.01,+0.07%,0
"2024-09-12 13:49",14.03,14.04,14.01,14.01,-0.02,-0.14%,0
"2024-09-12 13:50",14.01,14.03,14,14,-0.01,-0.07%,0
"2024-09-12 13:51",13.98,13.99,13.98,13.98,-0.02,-0.14%,0
"2024-09-12 13:52",13.98,14,13.97,13.97,-0.01,-0.07%,0
"2024-09-12 13:53",13.99,14.01,13.97,13.97,0,0.00%,0
"2024-09-12 13:54",13.98,13.99,13.88,13.88,-0.09,-0.64%,0
"2024-09-12 13:55",13.87,13.91,13.87,13.91,0.03,+0.22%,0
"2024-09-12 13:56",13.91,13.92,13.9,13.9,-0.01,-0.07%,0
"2024-09-12 13:57",13.93,13.93,13.89,13.89,-0.01,-0.07%,0
"2024-09-12 13:58",13.86,13.92,13.86,13.9,0.01,+0.07%,0
"2024-09-12 13:59",13.89,13.89,13.86,13.86,-0.04,-0.29%,0
"2024-09-12 14:00",13.82,13.82,13.78,13.79,-0.07,-0.51%,0
"2024-09-12 14:01",13.81,13.81,13.8,13.8,0.01,+0.07%,0
"2024-09-12 14:02",13.79,13.8,13.77,13.77,-0.03,-0.22%,0
"2024-09-12 14:03",13.81,13.85,13.81,13.85,0.08,+0.58%,0
"2024-09-12 14:04",13.86,13.91,13.86,13.91,0.06,+0.43%,0
"2024-09-12 14:05",13.93,13.95,13.93,13.95,0.04,+0.29%,0
"2024-09-12 14:06",13.93,13.97,13.93,13.96,0.01,+0.07%,0
"2024-09-12 14:07",13.96,14,13.96,14,0.04,+0.29%,0
"2024-09-12 14:08",14,14.04,14,14.04,0.04,+0.29%,0
"2024-09-12 14:09",14.04,14.07,14.03,14.07,0.03,+0.21%,0
"2024-09-12 14:10",14.04,14.07,14.02,14.07,0,0.00%,0
"2024-09-12 14:11",14.07,14.09,14.04,14.09,0.02,+0.14%,0
"2024-09-12 14:12",14.1,14.14,14.1,14.11,0.02,+0.14%,0
"2024-09-12 14:13",14.11,14.11,14.06,14.06,-0.05,-0.35%,0
"2024-09-12 14:14",14.04,14.04,13.98,13.98,-0.08,-0.57%,0
"2024-09-12 14:15",13.96,13.96,13.87,13.88,-0.1,-0.72%,0
"2024-09-12 14:16",13.84,13.84,13.82,13.82,-0.06,-0.43%,0
"2024-09-12 14:17",13.82,13.83,13.82,13.82,0,0.00%,0
"2024-09-12 14:18",13.79,13.81,13.78,13.78,-0.04,-0.29%,0
"2024-09-12 14:19",13.78,13.81,13.78,13.81,0.03,+0.22%,0
"2024-09-12 14:20",13.79,13.79,13.7,13.7,-0.11,-0.80%,0
"2024-09-12 14:21",13.71,13.73,13.66,13.66,-0.04,-0.29%,0
"2024-09-12 14:22",13.62,13.63,13.62,13.63,-0.03,-0.22%,0
"2024-09-12 14:23",13.6,13.66,13.6,13.66,0.03,+0.22%,0
"2024-09-12 14:24",13.68,13.68,13.59,13.59,-0.07,-0.51%,0
"2024-09-12 14:25",13.59,13.59,13.57,13.58,-0.01,-0.07%,0
"2024-09-12 14:26",13.59,13.61,13.59,13.61,0.03,+0.22%,0
"2024-09-12 14:27",13.61,13.62,13.61,13.62,0.01,+0.07%,0
"2024-09-12 14:28",13.61,13.61,13.58,13.59,-0.03,-0.22%,0
"2024-09-12 14:29",13.58,13.62,13.58,13.61,0.02,+0.15%,0
"2024-09-12 14:30",13.59,13.59,13.52,13.52,-0.09,-0.66%,0
"2024-09-12 14:31",13.52,13.66,13.52,13.66,0.14,+1.04%,0
"2024-09-12 14:32",13.68,13.73,13.67,13.73,0.07,+0.51%,0
"2024-09-12 14:33",13.71,13.71,13.64,13.67,-0.06,-0.44%,0
"2024-09-12 14:34",13.65,13.65,13.64,13.64,-0.03,-0.22%,0
"2024-09-12 14:35",13.6,13.6,13.54,13.54,-0.1,-0.73%,0
"2024-09-12 14:36",13.54,13.57,13.54,13.57,0.03,+0.22%,0
"2024-09-12 14:37",13.57,13.58,13.53,13.55,-0.02,-0.15%,0
"2024-09-12 14:38",13.55,13.55,13.53,13.54,-0.01,-0.07%,0
"2024-09-12 14:39",13.55,13.58,13.55,13.56,0.02,+0.15%,0
"2024-09-12 14:40",13.55,13.57,13.54,13.55,-0.01,-0.07%,0
"2024-09-12 14:41",13.55,13.57,13.55,13.56,0.01,+0.07%,0
"2024-09-12 14:42",13.56,13.6,13.56,13.6,0.04,+0.29%,0
"2024-09-12 14:43",13.57,13.58,13.57,13.58,-0.02,-0.15%,0
"2024-09-12 14:44",13.57,13.6,13.57,13.6,0.02,+0.15%,0
"2024-09-12 14:45",13.59,13.59,13.58,13.58,-0.02,-0.15%,0
"2024-09-12 14:46",13.62,13.62,13.56,13.56,-0.02,-0.15%,0
"2024-09-12 14:47",13.57,13.59,13.57,13.57,0.01,+0.07%,0
"2024-09-12 14:48",13.53,13.57,13.53,13.57,0,0.00%,0
"2024-09-12 14:49",13.59,13.68,13.57,13.57,0,0.00%,0
"2024-09-12 14:50",13.58,13.66,13.58,13.66,0.09,+0.66%,0
"2024-09-12 14:51",13.69,14.89,13.69,14.89,1.23,+9.00%,0
"2024-09-12 14:52",14.92,15.24,14.67,14.67,-0.22,-1.48%,0
"2024-09-12 14:53",14.65,14.65,14.39,14.51,-0.16,-1.09%,0
"2024-09-12 14:54",14.53,14.53,14.42,14.42,-0.09,-0.62%,0
"2024-09-12 14:55",14.18,14.18,14,14,-0.42,-2.91%,0
"2024-09-12 14:56",13.9,14.2,13.9,14.2,0.2,+1.43%,0
"2024-09-12 14:57",14.19,14.31,14.02,14.02,-0.18,-1.27%,0
"2024-09-12 14:58",14.07,14.1,14.04,14.04,0.02,+0.14%,0
"2024-09-12 14:59",13.93,13.96,13.93,13.94,-0.1,-0.71%,0
"2024-09-12 15:00",13.96,13.98,13.92,13.98,0.04,+0.29%,0
"2024-09-12 15:01",13.98,14.02,13.97,14.02,0.04,+0.29%,0
"2024-09-12 15:02",13.99,14.01,13.93,13.93,-0.09,-0.64%,0
"2024-09-12 15:03",13.93,14.08,13.93,14.08,0.15,+1.08%,0
"2024-09-12 15:04",14.09,14.12,14.04,14.12,0.04,+0.28%,0
"2024-09-12 15:05",14.13,14.13,13.96,13.96,-0.16,-1.13%,0
"2024-09-12 15:06",13.97,13.99,13.97,13.97,0.01,+0.07%,0
"2024-09-12 15:07",14.04,14.04,13.91,13.91,-0.06,-0.43%,0
"2024-09-12 15:08",13.94,13.94,13.85,13.85,-0.06,-0.43%,0
"2024-09-12 15:09",13.89,13.91,13.89,13.9,0.05,+0.36%,0
"2024-09-12 15:10",13.89,13.89,13.77,13.77,-0.13,-0.94%,0
"2024-09-12 15:11",13.76,13.76,13.7,13.7,-0.07,-0.51%,0
"2024-09-12 15:12",13.76,13.77,13.74,13.74,0.04,+0.29%,0
"2024-09-12 15:13",13.73,13.8,13.73,13.76,0.02,+0.15%,0
"2024-09-12 15:14",13.72,13.75,13.7,13.7,-0.06,-0.44%,0
"2024-09-12 15:15",13.68,13.7,13.61,13.61,-0.09,-0.66%,0
"2024-09-12 15:16",13.56,13.56,13.52,13.52,-0.09,-0.66%,0
"2024-09-12 15:17",13.51,13.56,13.51,13.53,0.01,+0.07%,0
"2024-09-12 15:18",13.49,13.49,13.43,13.49,-0.04,-0.30%,0
"2024-09-12 15:19",13.49,13.52,13.47,13.47,-0.02,-0.15%,0
"2024-09-12 15:20",13.4,13.5,13.4,13.49,0.02,+0.15%,0
"2024-09-12 15:21",13.5,13.59,13.5,13.59,0.1,+0.74%,0
"2024-09-12 15:22",13.57,13.57,13.52,13.53,-0.06,-0.44%,0
"2024-09-12 15:23",13.52,13.54,13.52,13.52,-0.01,-0.07%,0
"2024-09-12 15:24",13.48,13.51,13.45,13.51,-0.01,-0.07%,0
"2024-09-12 15:25",13.49,13.49,13.45,13.46,-0.05,-0.37%,0
"2024-09-12 15:26",13.48,13.49,13.48,13.49,0.03,+0.22%,0
"2024-09-12 15:27",13.49,13.58,13.47,13.58,0.09,+0.67%,0
"2024-09-12 15:28",13.55,13.67,13.55,13.63,0.05,+0.37%,0
"2024-09-12 15:29",13.58,13.58,13.48,13.49,-0.14,-1.03%,0
"2024-09-12 15:30",13.47,13.54,13.41,13.41,-0.08,-0.59%,0
"2024-09-12 15:31",13.35,13.37,13.35,13.35,-0.06,-0.45%,0
"2024-09-12 15:32",13.34,13.34,13.24,13.27,-0.08,-0.60%,0
"2024-09-12 15:33",13.25,13.25,13.23,13.23,-0.04,-0.30%,0
"2024-09-12 15:34",13.22,13.22,13.16,13.16,-0.07,-0.53%,0
"2024-09-12 15:35",13.18,13.18,13.05,13.06,-0.1,-0.76%,0
"2024-09-12 15:36",13.13,13.19,13.09,13.09,0.03,+0.23%,0
"2024-09-12 15:37",13.13,13.21,13.13,13.19,0.1,+0.76%,0
"2024-09-12 15:38",13.19,13.19,13.17,13.17,-0.02,-0.15%,0
"2024-09-12 15:39",13.19,13.23,13.19,13.23,0.06,+0.46%,0
"2024-09-12 15:40",13.25,13.31,13.25,13.31,0.08,+0.60%,0
"2024-09-12 15:41",13.28,13.28,13.26,13.27,-0.04,-0.30%,0
"2024-09-12 15:42",13.28,13.31,13.27,13.28,0.01,+0.08%,0
"2024-09-12 15:43",13.28,13.28,13.21,13.21,-0.07,-0.53%,0
"2024-09-12 15:44",13.24,13.27,13.22,13.22,0.01,+0.08%,0
"2024-09-12 15:45",13.25,13.25,13.15,13.21,-0.01,-0.08%,0
"2024-09-12 15:46",13.2,13.2,13.16,13.18,-0.03,-0.23%,0
"2024-09-12 15:47",13.09,13.24,13.09,13.24,0.06,+0.46%,0
"2024-09-12 15:48",13.21,13.21,13.18,13.2,-0.04,-0.30%,0
"2024-09-12 15:49",13.21,13.4,13.21,13.4,0.2,+1.52%,0
"2024-09-12 15:50",13.48,13.52,13.48,13.52,0.12,+0.90%,0
"2024-09-12 15:51",13.46,13.48,13.34,13.34,-0.18,-1.33%,0
"2024-09-12 15:52",13.4,13.4,13.35,13.35,0.01,+0.07%,0
"2024-09-12 15:53",13.39,13.43,13.39,13.41,0.06,+0.45%,0
"2024-09-12 15:54",13.36,13.36,13.24,13.24,-0.17,-1.27%,0
"2024-09-12 15:55",13.2,13.2,13.05,13.05,-0.19,-1.44%,0
"2024-09-12 15:56",13.03,13.04,12.99,13.04,-0.01,-0.08%,0
"2024-09-12 15:57",13.05,13.17,13.05,13.17,0.13,+1.00%,0
"2024-09-12 15:58",13.14,13.14,12.95,12.95,-0.22,-1.67%,0
"2024-09-12 15:59",12.95,12.95,12.79,12.79,-0.16,-1.24%,0
"2024-09-12 16:00",12.62,12.81,12.62,12.66,-0.13,-1.02%,0
"2024-09-12 16:01",12.84,13.05,12.84,13.05,0.39,+3.08%,0
"2024-09-12 16:02",13.05,13.16,13.05,13.14,0.09,+0.69%,0
"2024-09-12 16:03",13.13,13.13,13.11,13.11,-0.03,-0.23%,0
"2024-09-12 16:04",13.22,13.23,13.19,13.19,0.08,+0.61%,0
"2024-09-12 16:05",13.1,13.22,13.1,13.22,0.03,+0.23%,0
"2024-09-12 16:06",13.21,13.21,13.18,13.18,-0.04,-0.30%,0
"2024-09-12 16:07",13.12,13.14,13.08,13.08,-0.1,-0.76%,0
"2024-09-12 16:08",13.11,13.15,13.11,13.14,0.06,+0.46%,0
"2024-09-12 16:09",13.12,13.12,13.11,13.11,-0.03,-0.23%,0
"2024-09-12 16:10",13.09,13.1,13.08,13.08,-0.03,-0.23%,0
"2024-09-12 16:11",13.1,13.15,13.1,13.15,0.07,+0.54%,0
"2024-09-12 16:12",13.14,13.16,13.14,13.15,0,0.00%,0
"2024-09-12 16:13",13.1,13.1,13,13,-0.15,-1.14%,0
"2024-09-12 16:14",13.04,13.04,12.98,12.98,-0.02,-0.15%,0
"2024-09-12 16:15",12.99,12.99,12.99,12.99,0.01,+0.08%,0
"2024-09-13 09:31",12.7,12.77,12.7,12.77,-0.22,-1.69%,0
"2024-09-13 09:32",12.84,12.84,12.59,12.59,-0.18,-1.41%,0
"2024-09-13 09:33",12.68,12.68,12.59,12.59,0,0.00%,0
"2024-09-13 09:34",12.54,12.62,12.54,12.62,0.03,+0.24%,0
"2024-09-13 09:35",12.61,12.71,12.61,12.71,0.09,+0.71%,0
"2024-09-13 09:36",12.65,12.71,12.65,12.71,0,0.00%,0
"2024-09-13 09:37",12.74,12.75,12.66,12.67,-0.04,-0.31%,0
"2024-09-13 09:38",12.66,12.75,12.66,12.75,0.08,+0.63%,0
"2024-09-13 09:39",12.75,12.75,12.69,12.73,-0.02,-0.16%,0
"2024-09-13 09:40",12.77,12.77,12.72,12.73,0,0.00%,0
"2024-09-13 09:41",12.69,12.79,12.65,12.65,-0.08,-0.63%,0
"2024-09-13 09:42",12.44,12.46,12.44,12.46,-0.19,-1.50%,0
"2024-09-13 09:43",12.42,12.42,12.28,12.29,-0.17,-1.36%,0
"2024-09-13 09:44",12.28,12.28,12.23,12.26,-0.03,-0.24%,0
"2024-09-13 09:45",12.24,12.35,12.24,12.35,0.09,+0.73%,0
"2024-09-13 09:46",12.33,12.35,12.3,12.31,-0.04,-0.32%,0
"2024-09-13 09:47",12.32,12.38,12.32,12.36,0.05,+0.41%,0
"2024-09-13 09:48",12.31,12.4,12.31,12.36,0,0.00%,0
"2024-09-13 09:49",12.39,12.45,12.39,12.45,0.09,+0.73%,0
"2024-09-13 09:50",12.45,12.46,12.41,12.42,-0.03,-0.24%,0
"2024-09-13 09:51",12.43,12.46,12.42,12.42,0,0.00%,0
"2024-09-13 09:52",12.42,12.45,12.35,12.35,-0.07,-0.56%,0
"2024-09-13 09:53",12.4,12.44,12.37,12.44,0.09,+0.73%,0
"2024-09-13 09:54",12.41,12.43,12.4,12.43,-0.01,-0.08%,0
"2024-09-13 09:55",12.44,12.5,12.44,12.45,0.02,+0.16%,0
"2024-09-13 09:56",12.42,12.48,12.4,12.4,-0.05,-0.40%,0
"2024-09-13 09:57",12.37,12.51,12.37,12.5,0.1,+0.81%,0
"2024-09-13 09:58",12.47,12.52,12.47,12.49,-0.01,-0.08%,0
"2024-09-13 09:59",12.47,12.61,12.47,12.59,0.1,+0.80%,0
"2024-09-13 10:00",12.59,12.59,12.29,12.29,-0.3,-2.38%,0
"2024-09-13 10:01",12.31,12.35,12.29,12.29,0,0.00%,0
"2024-09-13 10:02",12.29,12.38,12.29,12.38,0.09,+0.73%,0
"2024-09-13 10:03",12.31,12.33,12.27,12.27,-0.11,-0.89%,0
"2024-09-13 10:04",12.37,12.43,12.31,12.38,0.11,+0.90%,0
"2024-09-13 10:05",12.28,12.35,12.28,12.35,-0.03,-0.24%,0
"2024-09-13 10:06",12.39,12.39,12.36,12.36,0.01,+0.08%,0
"2024-09-13 10:07",12.26,12.27,12.18,12.18,-0.18,-1.46%,0
"2024-09-13 10:08",12.07,12.12,12.06,12.12,-0.06,-0.49%,0
"2024-09-13 10:09",12.09,12.11,12.08,12.08,-0.04,-0.33%,0
"2024-09-13 10:10",12.05,12.1,12.05,12.09,0.01,+0.08%,0
"2024-09-13 10:11",11.98,11.98,11.91,11.92,-0.17,-1.41%,0
"2024-09-13 10:12",11.84,11.84,11.7,11.7,-0.22,-1.85%,0
"2024-09-13 10:13",11.69,11.96,11.69,11.95,0.25,+2.14%,0
"2024-09-13 10:14",11.93,11.93,11.91,11.93,-0.02,-0.17%,0
"2024-09-13 10:15",11.88,11.88,11.75,11.75,-0.18,-1.51%,0
"2024-09-13 10:16",11.76,11.82,11.76,11.8,0.05,+0.43%,0
"2024-09-13 10:17",11.73,11.8,11.73,11.78,-0.02,-0.17%,0
"2024-09-13 10:18",11.74,11.77,11.74,11.75,-0.03,-0.25%,0
"2024-09-13 10:19",11.74,11.85,11.74,11.85,0.1,+0.85%,0
"2024-09-13 10:20",11.83,11.83,11.8,11.8,-0.05,-0.42%,0
"2024-09-13 10:21",11.78,11.86,11.78,11.86,0.06,+0.51%,0
"2024-09-13 10:22",11.83,11.83,11.76,11.76,-0.1,-0.84%,0
"2024-09-13 10:23",11.73,11.73,11.62,11.62,-0.14,-1.19%,0
"2024-09-13 10:24",11.6,11.62,11.57,11.57,-0.05,-0.43%,0
"2024-09-13 10:25",11.55,11.61,11.55,11.61,0.04,+0.35%,0
"2024-09-13 10:26",11.61,11.87,11.61,11.87,0.26,+2.24%,0
"2024-09-13 10:27",11.97,12,11.93,12,0.13,+1.10%,0
"2024-09-13 10:28",11.98,12.16,11.98,12.07,0.07,+0.58%,0
"2024-09-13 10:29",12.02,12.21,12.02,12.21,0.14,+1.16%,0
"2024-09-13 10:30",12.25,12.5,12.25,12.41,0.2,+1.64%,0
"2024-09-13 10:31",12.53,12.74,12.53,12.53,0.12,+0.97%,0
"2024-09-13 10:32",12.48,12.48,12.26,12.26,-0.27,-2.15%,0
"2024-09-13 10:33",12.21,12.38,12.21,12.38,0.12,+0.98%,0
"2024-09-13 10:34",12.26,12.33,12.25,12.25,-0.13,-1.05%,0
"2024-09-13 10:35",12.24,12.41,12.24,12.41,0.16,+1.31%,0
"2024-09-13 10:36",12.3,12.3,12.04,12.04,-0.37,-2.98%,0
"2024-09-13 10:37",12.01,12.06,12.01,12.03,-0.01,-0.08%,0
"2024-09-13 10:38",11.99,11.99,11.93,11.93,-0.1,-0.83%,0
"2024-09-13 10:39",11.92,11.92,11.72,11.72,-0.21,-1.76%,0
"2024-09-13 10:40",11.68,11.68,11.51,11.53,-0.19,-1.62%,0
"2024-09-13 10:41",11.52,11.52,11.43,11.43,-0.1,-0.87%,0
"2024-09-13 10:42",11.39,11.47,11.39,11.42,-0.01,-0.09%,0
"2024-09-13 10:43",11.41,11.41,11.24,11.24,-0.18,-1.58%,0
"2024-09-13 10:44",11.22,11.22,11.17,11.22,-0.02,-0.18%,0
"2024-09-13 10:45",11.19,11.19,11.13,11.16,-0.06,-0.53%,0
"2024-09-13 10:46",11.15,11.15,11.12,11.12,-0.04,-0.36%,0
"2024-09-13 10:47",11.17,11.22,11.15,11.15,0.03,+0.27%,0
"2024-09-13 10:48",11.15,11.23,11.15,11.18,0.03,+0.27%,0
"2024-09-13 10:49",11.14,11.21,11.12,11.12,-0.06,-0.54%,0
"2024-09-13 10:50",11.16,11.23,11.16,11.23,0.11,+0.99%,0
"2024-09-13 10:51",11.21,11.55,11.21,11.53,0.3,+2.67%,0
"2024-09-13 10:52",11.47,11.62,11.47,11.51,-0.02,-0.17%,0
"2024-09-13 10:53",11.54,11.54,11.43,11.45,-0.06,-0.52%,0
"2024-09-13 10:54",11.49,11.5,11.41,11.47,0.02,+0.17%,0
"2024-09-13 10:55",11.5,11.5,11.4,11.4,-0.07,-0.61%,0
"2024-09-13 10:56",11.4,11.41,11.37,11.38,-0.02,-0.18%,0
"2024-09-13 10:57",11.36,11.39,11.34,11.39,0.01,+0.09%,0
"2024-09-13 10:58",11.59,11.71,11.52,11.71,0.32,+2.81%,0
"2024-09-13 10:59",11.69,11.69,11.48,11.48,-0.23,-1.96%,0
"2024-09-13 11:00",11.4,11.47,11.4,11.45,-0.03,-0.26%,0
"2024-09-13 11:01",11.38,11.45,11.37,11.45,0,0.00%,0
"2024-09-13 11:02",11.45,11.48,11.45,11.46,0.01,+0.09%,0
"2024-09-13 11:03",11.44,11.44,11.33,11.33,-0.13,-1.13%,0
"2024-09-13 11:04",11.28,11.39,11.28,11.33,0,0.00%,0
"2024-09-13 11:05",11.33,11.33,11.26,11.26,-0.07,-0.62%,0
"2024-09-13 11:06",11.26,11.29,11.21,11.21,-0.05,-0.44%,0
"2024-09-13 11:07",11.22,11.4,11.22,11.36,0.15,+1.34%,0
"2024-09-13 11:08",11.37,11.38,11.27,11.38,0.02,+0.18%,0
"2024-09-13 11:09",11.34,11.41,11.34,11.41,0.03,+0.26%,0
"2024-09-13 11:10",11.43,11.44,11.37,11.37,-0.04,-0.35%,0
"2024-09-13 11:11",11.36,11.41,11.36,11.41,0.04,+0.35%,0
"2024-09-13 11:12",11.4,11.4,11.33,11.33,-0.08,-0.70%,0
"2024-09-13 11:13",11.33,11.33,11.29,11.29,-0.04,-0.35%,0
"2024-09-13 11:14",11.32,11.46,11.32,11.44,0.15,+1.33%,0
"2024-09-13 11:15",11.44,11.44,11.42,11.43,-0.01,-0.09%,0
"2024-09-13 11:16",11.44,11.45,11.41,11.42,-0.01,-0.09%,0
"2024-09-13 11:17",11.42,11.44,11.42,11.43,0.01,+0.09%,0
"2024-09-13 11:18",11.44,11.47,11.37,11.37,-0.06,-0.52%,0
"2024-09-13 11:19",11.37,11.43,11.37,11.43,0.06,+0.53%,0
"2024-09-13 11:20",11.44,11.51,11.44,11.45,0.02,+0.17%,0
"2024-09-13 11:21",11.44,11.44,11.3,11.3,-0.15,-1.31%,0
"2024-09-13 11:22",11.25,11.28,11.25,11.28,-0.02,-0.18%,0
"2024-09-13 11:23",11.29,11.51,11.29,11.51,0.23,+2.04%,0
"2024-09-13 11:24",11.54,11.54,11.42,11.42,-0.09,-0.78%,0
"2024-09-13 11:25",11.36,11.38,11.32,11.32,-0.1,-0.88%,0
"2024-09-13 11:26",11.35,11.36,11.33,11.34,0.02,+0.18%,0
"2024-09-13 11:27",11.32,11.35,11.26,11.26,-0.08,-0.71%,0
"2024-09-13 11:28",11.27,11.27,11.24,11.26,0,0.00%,0
"2024-09-13 11:29",11.25,11.31,11.25,11.31,0.05,+0.44%,0
"2024-09-13 11:30",11.31,11.35,11.31,11.32,0.01,+0.09%,0
"2024-09-13 11:31",11.24,11.24,11.18,11.18,-0.14,-1.24%,0
"2024-09-13 11:32",11.17,11.2,11.16,11.16,-0.02,-0.18%,0
"2024-09-13 11:33",11.12,11.17,11.12,11.14,-0.02,-0.18%,0
"2024-09-13 11:34",11.14,11.14,11.1,11.1,-0.04,-0.36%,0
"2024-09-13 11:35",11.09,11.11,11.09,11.09,-0.01,-0.09%,0
"2024-09-13 11:36",11.06,11.09,11.06,11.07,-0.02,-0.18%,0
"2024-09-13 11:37",11.05,11.11,11.05,11.11,0.04,+0.36%,0
"2024-09-13 11:38",11.17,11.25,11.17,11.25,0.14,+1.26%,0
"2024-09-13 11:39",11.16,11.16,11.13,11.16,-0.09,-0.80%,0
"2024-09-13 11:40",11.14,11.14,11,11,-0.16,-1.43%,0
"2024-09-13 11:41",10.99,11.03,10.99,11.03,0.03,+0.27%,0
"2024-09-13 11:42",11.01,11.03,11,11,-0.03,-0.27%,0
"2024-09-13 11:43",10.86,10.9,10.86,10.88,-0.12,-1.09%,0
"2024-09-13 11:44",10.86,10.95,10.86,10.94,0.06,+0.55%,0
"2024-09-13 11:45",10.93,10.93,10.87,10.87,-0.07,-0.64%,0
"2024-09-13 11:46",10.84,10.88,10.84,10.88,0.01,+0.09%,0
"2024-09-13 11:47",10.89,10.9,10.86,10.86,-0.02,-0.18%,0
"2024-09-13 11:48",10.83,10.83,10.82,10.83,-0.03,-0.28%,0
"2024-09-13 11:49",10.8,10.81,10.8,10.8,-0.03,-0.28%,0
"2024-09-13 11:50",10.83,10.85,10.83,10.85,0.05,+0.46%,0
"2024-09-13 11:51",10.83,10.87,10.83,10.85,0,0.00%,0
"2024-09-13 11:52",10.86,10.9,10.86,10.9,0.05,+0.46%,0
"2024-09-13 11:53",10.89,10.9,10.89,10.9,0,0.00%,0
"2024-09-13 11:54",10.9,10.91,10.9,10.91,0.01,+0.09%,0
"2024-09-13 11:55",10.9,10.93,10.9,10.9,-0.01,-0.09%,0
"2024-09-13 11:56",10.9,10.92,10.9,10.92,0.02,+0.18%,0
"2024-09-13 11:57",10.92,10.96,10.92,10.96,0.04,+0.37%,0
"2024-09-13 11:58",10.94,10.98,10.94,10.95,-0.01,-0.09%,0
"2024-09-13 11:59",10.94,11.01,10.94,11,0.05,+0.46%,0
"2024-09-13 12:00",10.98,11,10.94,10.94,-0.06,-0.55%,0
"2024-09-13 12:01",10.9,10.91,10.88,10.9,-0.04,-0.37%,0
"2024-09-13 12:02",10.87,10.95,10.87,10.95,0.05,+0.46%,0
"2024-09-13 12:03",10.95,11.02,10.95,10.98,0.03,+0.27%,0
"2024-09-13 12:04",10.98,11.05,10.98,11.05,0.07,+0.64%,0
"2024-09-13 12:05",11.05,11.07,11.05,11.05,0,0.00%,0
"2024-09-13 12:06",11.1,11.22,11.1,11.22,0.17,+1.54%,0
"2024-09-13 12:07",11.33,11.33,11.2,11.2,-0.02,-0.18%,0
"2024-09-13 12:08",11.18,11.28,11.18,11.24,0.04,+0.36%,0
"2024-09-13 12:09",11.23,11.26,11.23,11.26,0.02,+0.18%,0
"2024-09-13 12:10",11.26,11.33,11.26,11.33,0.07,+0.62%,0
"2024-09-13 12:11",11.31,11.35,11.29,11.32,-0.01,-0.09%,0
"2024-09-13 12:12",11.34,11.36,11.33,11.34,0.02,+0.18%,0
"2024-09-13 12:13",11.32,11.52,11.32,11.52,0.18,+1.59%,0
"2024-09-13 12:14",11.65,11.71,11.65,11.69,0.17,+1.48%,0
"2024-09-13 12:15",11.64,11.83,11.64,11.73,0.04,+0.34%,0
"2024-09-13 12:16",11.8,11.86,11.8,11.82,0.09,+0.77%,0
"2024-09-13 12:17",11.87,11.87,11.75,11.75,-0.07,-0.59%,0
"2024-09-13 12:18",11.77,11.77,11.53,11.58,-0.17,-1.45%,0
"2024-09-13 12:19",11.6,11.64,11.58,11.58,0,0.00%,0
"2024-09-13 12:20",11.61,11.69,11.61,11.67,0.09,+0.78%,0
"2024-09-13 12:21",11.6,11.7,11.6,11.69,0.02,+0.17%,0
"2024-09-13 12:22",11.7,11.76,11.65,11.76,0.07,+0.60%,0
"2024-09-13 12:23",11.76,11.79,11.75,11.79,0.03,+0.26%,0
"2024-09-13 12:24",11.75,11.77,11.75,11.77,-0.02,-0.17%,0
"2024-09-13 12:25",11.78,11.79,11.77,11.77,0,0.00%,0
"2024-09-13 12:26",11.76,11.82,11.69,11.69,-0.08,-0.68%,0
"2024-09-13 12:27",11.68,11.77,11.68,11.74,0.05,+0.43%,0
"2024-09-13 12:28",11.76,11.8,11.76,11.77,0.03,+0.26%,0
"2024-09-13 12:29",11.75,11.81,11.75,11.81,0.04,+0.34%,0
"2024-09-13 12:30",11.8,11.82,11.78,11.78,-0.03,-0.25%,0
"2024-09-13 12:31",11.74,11.74,11.72,11.73,-0.05,-0.42%,0
"2024-09-13 12:32",11.73,11.79,11.73,11.77,0.04,+0.34%,0
"2024-09-13 12:33",11.76,11.78,11.75,11.78,0.01,+0.08%,0
"2024-09-13 12:34",11.72,11.75,11.7,11.75,-0.03,-0.25%,0
"2024-09-13 12:35",11.74,11.82,11.74,11.82,0.07,+0.60%,0
"2024-09-13 12:36",11.81,11.91,11.81,11.9,0.08,+0.68%,0
"2024-09-13 12:37",11.95,11.96,11.83,11.84,-0.06,-0.50%,0
"2024-09-13 12:38",11.85,11.92,11.85,11.92,0.08,+0.68%,0
"2024-09-13 12:39",11.95,11.97,11.9,11.9,-0.02,-0.17%,0
"2024-09-13 12:40",11.93,11.93,11.77,11.89,-0.01,-0.08%,0
"2024-09-13 12:41",11.87,11.87,11.78,11.78,-0.11,-0.93%,0
"2024-09-13 12:42",11.87,11.88,11.87,11.87,0.09,+0.76%,0
"2024-09-13 12:43",11.87,11.9,11.87,11.89,0.02,+0.17%,0
"2024-09-13 12:44",11.89,11.89,11.81,11.81,-0.08,-0.67%,0
"2024-09-13 12:45",11.79,11.83,11.79,11.82,0.01,+0.08%,0
"2024-09-13 12:46",11.82,11.92,11.82,11.89,0.07,+0.59%,0
"2024-09-13 12:47",11.9,11.97,11.9,11.97,0.08,+0.67%,0
"2024-09-13 12:48",11.97,11.97,11.88,11.88,-0.09,-0.75%,0
"2024-09-13 12:49",11.89,11.93,11.86,11.86,-0.02,-0.17%,0
"2024-09-13 12:50",11.93,11.94,11.83,11.83,-0.03,-0.25%,0
"2024-09-13 12:51",11.81,11.82,11.69,11.69,-0.14,-1.18%,0
"2024-09-13 12:52",11.59,11.61,11.59,11.6,-0.09,-0.77%,0
"2024-09-13 12:53",11.57,11.61,11.57,11.61,0.01,+0.09%,0
"2024-09-13 12:54",11.63,11.64,11.6,11.6,-0.01,-0.09%,0
"2024-09-13 12:55",11.58,11.64,11.58,11.64,0.04,+0.34%,0
"2024-09-13 12:56",11.62,11.68,11.62,11.68,0.04,+0.34%,0
"2024-09-13 12:57",11.68,11.69,11.66,11.69,0.01,+0.09%,0
"2024-09-13 12:58",11.68,11.7,11.68,11.69,0,0.00%,0
"2024-09-13 12:59",11.67,11.7,11.67,11.68,-0.01,-0.09%,0
"2024-09-13 13:00",11.68,11.69,11.66,11.66,-0.02,-0.17%,0
"2024-09-13 13:01",11.65,11.66,11.65,11.66,0,0.00%,0
"2024-09-13 13:02",11.63,11.67,11.63,11.63,-0.03,-0.26%,0
"2024-09-13 13:03",11.62,11.7,11.62,11.7,0.07,+0.60%,0
"2024-09-13 13:04",11.71,11.73,11.71,11.71,0.01,+0.09%,0
"2024-09-13 13:05",11.71,11.71,11.71,11.71,0,0.00%,0
"2024-09-13 13:06",11.71,11.74,11.71,11.73,0.02,+0.17%,0
"2024-09-13 13:07",11.72,11.82,11.72,11.79,0.06,+0.51%,0
"2024-09-13 13:08",11.8,11.84,11.79,11.81,0.02,+0.17%,0
"2024-09-13 13:09",11.81,11.84,11.81,11.84,0.03,+0.25%,0
"2024-09-13 13:10",11.83,11.83,11.77,11.78,-0.06,-0.51%,0
"2024-09-13 13:11",11.78,11.81,11.78,11.81,0.03,+0.25%,0
"2024-09-13 13:12",11.78,11.79,11.78,11.78,-0.03,-0.25%,0
"2024-09-13 13:13",11.76,11.79,11.76,11.78,0,0.00%,0
"2024-09-13 13:14",11.76,11.76,11.73,11.74,-0.04,-0.34%,0
"2024-09-13 13:15",11.74,11.76,11.69,11.69,-0.05,-0.43%,0
"2024-09-13 13:16",11.7,11.73,11.7,11.73,0.04,+0.34%,0
"2024-09-13 13:17",11.74,11.75,11.74,11.74,0.01,+0.09%,0
"2024-09-13 13:18",11.75,11.75,11.73,11.74,0,0.00%,0
"2024-09-13 13:19",11.74,11.77,11.74,11.77,0.03,+0.26%,0
"2024-09-13 13:20",11.77,11.79,11.75,11.75,-0.02,-0.17%,0
"2024-09-13 13:21",11.74,11.77,11.74,11.77,0.02,+0.17%,0
"2024-09-13 13:22",11.78,11.78,11.74,11.78,0.01,+0.08%,0
"2024-09-13 13:23",11.78,11.81,11.78,11.8,0.02,+0.17%,0
"2024-09-13 13:24",11.8,11.95,11.8,11.93,0.13,+1.10%,0
"2024-09-13 13:25",11.91,11.92,11.88,11.89,-0.04,-0.34%,0
"2024-09-13 13:26",11.84,11.85,11.83,11.85,-0.04,-0.34%,0
"2024-09-13 13:27",11.85,11.93,11.85,11.93,0.08,+0.68%,0
"2024-09-13 13:28",11.91,11.91,11.81,11.81,-0.12,-1.01%,0
"2024-09-13 13:29",11.81,11.83,11.81,11.83,0.02,+0.17%,0
"2024-09-13 13:30",11.82,11.82,11.77,11.8,-0.03,-0.25%,0
"2024-09-13 13:31",11.78,11.79,11.78,11.79,-0.01,-0.08%,0
"2024-09-13 13:32",11.77,11.8,11.77,11.78,-0.01,-0.08%,0
"2024-09-13 13:33",11.81,11.88,11.8,11.88,0.1,+0.85%,0
"2024-09-13 13:34",11.89,11.96,11.89,11.96,0.08,+0.67%,0
"2024-09-13 13:35",11.95,11.96,11.92,11.96,0,0.00%,0
"2024-09-13 13:36",11.93,11.95,11.92,11.95,-0.01,-0.08%,0
"2024-09-13 13:37",11.93,12.05,11.93,12.05,0.1,+0.84%,0
"2024-09-13 13:38",11.93,11.93,11.87,11.87,-0.18,-1.49%,0
"2024-09-13 13:39",11.9,11.94,11.9,11.9,0.03,+0.25%,0
"2024-09-13 13:40",11.93,11.96,11.93,11.94,0.04,+0.34%,0
"2024-09-13 13:41",11.92,11.94,11.91,11.94,0,0.00%,0
"2024-09-13 13:42",11.95,12.01,11.95,12.01,0.07,+0.59%,0
"2024-09-13 13:43",11.99,11.99,11.94,11.96,-0.05,-0.42%,0
"2024-09-13 13:44",11.95,11.98,11.95,11.96,0,0.00%,0
"2024-09-13 13:45",11.98,11.98,11.95,11.96,0,0.00%,0
"2024-09-13 13:46",11.96,11.96,11.93,11.93,-0.03,-0.25%,0
"2024-09-13 13:47",11.94,11.95,11.93,11.95,0.02,+0.17%,0
"2024-09-13 13:48",11.95,11.95,11.91,11.91,-0.04,-0.33%,0
"2024-09-13 13:49",11.92,11.94,11.92,11.94,0.03,+0.25%,0
"2024-09-13 13:50",11.94,11.94,11.92,11.92,-0.02,-0.17%,0
"2024-09-13 13:51",11.92,11.94,11.87,11.87,-0.05,-0.42%,0
"2024-09-13 13:52",11.93,11.95,11.93,11.93,0.06,+0.51%,0
"2024-09-13 13:53",11.91,11.92,11.91,11.92,-0.01,-0.08%,0
"2024-09-13 13:54",11.91,11.98,11.91,11.97,0.05,+0.42%,0
"2024-09-13 13:55",11.97,12,11.97,12,0.03,+0.25%,0
"2024-09-13 13:56",11.99,12.01,11.99,12,0,0.00%,0
"2024-09-13 13:57",12,12.06,12,12.06,0.06,+0.50%,0
"2024-09-13 13:58",12.04,12.13,12.04,12.13,0.07,+0.58%,0
"2024-09-13 13:59",12.17,12.26,12.17,12.26,0.13,+1.07%,0
"2024-09-13 14:00",12.22,13.08,12.2,13.08,0.82,+6.69%,0
"2024-09-13 14:01",13.12,13.12,12.63,12.67,-0.41,-3.13%,0
"2024-09-13 14:02",12.58,12.59,12.57,12.57,-0.1,-0.79%,0
"2024-09-13 14:03",12.61,12.68,12.6,12.6,0.03,+0.24%,0
"2024-09-13 14:04",12.62,12.62,12.52,12.52,-0.08,-0.63%,0
"2024-09-13 14:05",12.52,12.52,12.39,12.39,-0.13,-1.04%,0
"2024-09-13 14:06",12.41,12.42,12.32,12.32,-0.07,-0.56%,0
"2024-09-13 14:07",12.29,12.31,12.23,12.23,-0.09,-0.73%,0
"2024-09-13 14:08",12.22,12.24,12.22,12.22,-0.01,-0.08%,0
"2024-09-13 14:09",12.28,12.33,12.28,12.32,0.1,+0.82%,0
"2024-09-13 14:10",12.33,12.4,12.33,12.4,0.08,+0.65%,0
"2024-09-13 14:11",12.47,12.61,12.47,12.61,0.21,+1.69%,0
"2024-09-13 14:12",12.62,12.74,12.62,12.73,0.12,+0.95%,0
"2024-09-13 14:13",12.77,12.83,12.77,12.78,0.05,+0.39%,0
"2024-09-13 14:14",12.73,12.76,12.73,12.76,-0.02,-0.16%,0
"2024-09-13 14:15",12.75,12.75,12.6,12.65,-0.11,-0.86%,0
"2024-09-13 14:16",12.61,12.62,12.61,12.62,-0.03,-0.24%,0
"2024-09-13 14:17",12.59,12.62,12.59,12.62,0,0.00%,0
"2024-09-13 14:18",12.64,12.7,12.59,12.59,-0.03,-0.24%,0
"2024-09-13 14:19",12.59,12.62,12.59,12.6,0.01,+0.08%,0
"2024-09-13 14:20",12.62,12.63,12.57,12.57,-0.03,-0.24%,0
"2024-09-13 14:21",12.55,12.64,12.55,12.61,0.04,+0.32%,0
"2024-09-13 14:22",12.6,12.72,12.6,12.7,0.09,+0.71%,0
"2024-09-13 14:23",12.76,12.95,12.76,12.9,0.2,+1.57%,0
"2024-09-13 14:24",12.81,12.93,12.67,12.93,0.03,+0.23%,0
"2024-09-13 14:25",13.11,13.34,13.11,13.34,0.41,+3.17%,0
"2024-09-13 14:26",13.4,13.4,13,13,-0.34,-2.55%,0
"2024-09-13 14:27",13.06,13.19,13.04,13.19,0.19,+1.46%,0
"2024-09-13 14:28",13.22,13.22,13.14,13.15,-0.04,-0.30%,0
"2024-09-13 14:29",13.1,13.12,12.97,13.05,-0.1,-0.76%,0
"2024-09-13 14:30",13.06,13.15,13.06,13.11,0.06,+0.46%,0
"2024-09-13 14:31",13.02,13.16,13.02,13.16,0.05,+0.38%,0
"2024-09-13 14:32",13.1,13.11,13.05,13.05,-0.11,-0.84%,0
"2024-09-13 14:33",13.03,13.08,13.03,13.03,-0.02,-0.15%,0
"2024-09-13 14:34",12.96,12.99,12.91,12.91,-0.12,-0.92%,0
"2024-09-13 14:35",12.9,12.9,12.88,12.89,-0.02,-0.15%,0
"2024-09-13 14:36",12.9,12.9,12.82,12.83,-0.06,-0.47%,0
"2024-09-13 14:37",12.83,12.86,12.83,12.83,0,0.00%,0
"2024-09-13 14:38",12.84,12.84,12.75,12.75,-0.08,-0.62%,0
"2024-09-13 14:39",12.73,12.76,12.71,12.76,0.01,+0.08%,0
"2024-09-13 14:40",12.73,12.75,12.7,12.7,-0.06,-0.47%,0
"2024-09-13 14:41",12.69,12.71,12.58,12.58,-0.12,-0.94%,0
"2024-09-13 14:42",12.51,12.51,12.41,12.42,-0.16,-1.27%,0
"2024-09-13 14:43",12.42,12.82,12.42,12.82,0.4,+3.22%,0
"2024-09-13 14:44",12.82,12.82,12.75,12.75,-0.07,-0.55%,0
"2024-09-13 14:45",12.64,12.64,12.52,12.56,-0.19,-1.49%,0
"2024-09-13 14:46",12.44,12.5,12.44,12.46,-0.1,-0.80%,0
"2024-09-13 14:47",12.43,12.5,12.43,12.5,0.04,+0.32%,0
"2024-09-13 14:48",12.48,12.51,12.48,12.49,-0.01,-0.08%,0
"2024-09-13 14:49",12.52,12.56,12.52,12.55,0.06,+0.48%,0
"2024-09-13 14:50",12.56,12.9,12.56,12.9,0.35,+2.79%,0
"2024-09-13 14:51",12.9,12.9,12.76,12.78,-0.12,-0.93%,0
"2024-09-13 14:52",12.78,12.85,12.78,12.85,0.07,+0.55%,0
"2024-09-13 14:53",12.84,12.84,12.78,12.79,-0.06,-0.47%,0
"2024-09-13 14:54",12.8,12.81,12.65,12.65,-0.14,-1.09%,0
"2024-09-13 14:55",12.61,12.66,12.61,12.66,0.01,+0.08%,0
"2024-09-13 14:56",12.66,12.66,12.55,12.55,-0.11,-0.87%,0
"2024-09-13 14:57",12.54,12.54,12.52,12.53,-0.02,-0.16%,0
"2024-09-13 14:58",12.55,12.59,12.54,12.54,0.01,+0.08%,0
"2024-09-13 14:59",12.56,12.56,12.44,12.44,-0.1,-0.80%,0
"2024-09-13 15:00",12.44,12.52,12.34,12.39,-0.05,-0.40%,0
"2024-09-13 15:01",12.41,12.51,12.41,12.47,0.08,+0.65%,0
"2024-09-13 15:02",12.53,12.53,12.46,12.46,-0.01,-0.08%,0
"2024-09-13 15:03",12.43,12.49,12.43,12.49,0.03,+0.24%,0
"2024-09-13 15:04",12.46,12.5,12.31,12.44,-0.05,-0.40%,0
"2024-09-13 15:05",12.46,12.46,12.34,12.34,-0.1,-0.80%,0
"2024-09-13 15:06",12.33,12.43,12.33,12.37,0.03,+0.24%,0
"2024-09-13 15:07",12.32,12.32,12.29,12.3,-0.07,-0.57%,0
"2024-09-13 15:08",12.26,12.3,12.26,12.3,0,0.00%,0
"2024-09-13 15:09",12.29,12.3,12.26,12.3,0,0.00%,0
"2024-09-13 15:10",12.3,12.31,12.28,12.29,-0.01,-0.08%,0
"2024-09-13 15:11",12.29,12.31,12.29,12.31,0.02,+0.16%,0
"2024-09-13 15:12",12.26,12.28,12.23,12.24,-0.07,-0.57%,0
"2024-09-13 15:13",12.23,12.35,12.23,12.35,0.11,+0.90%,0
"2024-09-13 15:14",12.4,12.4,12.31,12.31,-0.04,-0.32%,0
"2024-09-13 15:15",12.3,12.37,12.3,12.3,-0.01,-0.08%,0
"2024-09-13 15:16",12.29,12.31,12.29,12.31,0.01,+0.08%,0
"2024-09-13 15:17",12.31,12.31,12.28,12.3,-0.01,-0.08%,0
"2024-09-13 15:18",12.31,12.32,12.2,12.2,-0.1,-0.81%,0
"2024-09-13 15:19",12.24,12.28,12.24,12.25,0.05,+0.41%,0
"2024-09-13 15:20",12.23,12.23,12.21,12.21,-0.04,-0.33%,0
"2024-09-13 15:21",12.22,12.33,12.22,12.31,0.1,+0.82%,0
"2024-09-13 15:22",12.3,12.3,12.27,12.27,-0.04,-0.32%,0
"2024-09-13 15:23",12.28,12.28,12.22,12.22,-0.05,-0.41%,0
"2024-09-13 15:24",12.24,12.24,12.21,12.21,-0.01,-0.08%,0
"2024-09-13 15:25",12.22,12.24,12.15,12.15,-0.06,-0.49%,0
"2024-09-13 15:26",12.16,12.22,12.16,12.2,0.05,+0.41%,0
"2024-09-13 15:27",12.22,12.26,12.22,12.26,0.06,+0.49%,0
"2024-09-13 15:28",12.27,12.27,12.23,12.25,-0.01,-0.08%,0
"2024-09-13 15:29",12.23,12.24,12.21,12.21,-0.04,-0.33%,0
"2024-09-13 15:30",12.23,12.26,12.19,12.19,-0.02,-0.16%,0
"2024-09-13 15:31",12.19,12.2,12.17,12.2,0.01,+0.08%,0
"2024-09-13 15:32",12.15,12.15,12.13,12.13,-0.07,-0.57%,0
"2024-09-13 15:33",12.13,12.13,12.07,12.09,-0.04,-0.33%,0
"2024-09-13 15:34",12.08,12.1,12.08,12.1,0.01,+0.08%,0
"2024-09-13 15:35",12.09,12.1,12.09,12.09,-0.01,-0.08%,0
"2024-09-13 15:36",12.15,12.17,12.13,12.17,0.08,+0.66%,0
"2024-09-13 15:37",12.16,12.16,12.14,12.15,-0.02,-0.16%,0
"2024-09-13 15:38",12.16,12.19,12.15,12.19,0.04,+0.33%,0
"2024-09-13 15:39",12.21,12.28,12.17,12.17,-0.02,-0.16%,0
"2024-09-13 15:40",12.15,12.15,12.13,12.15,-0.02,-0.16%,0
"2024-09-13 15:41",12.13,12.18,12.13,12.13,-0.02,-0.16%,0
"2024-09-13 15:42",12.13,12.15,12.13,12.14,0.01,+0.08%,0
"2024-09-13 15:43",12.15,12.15,12.15,12.15,0.01,+0.08%,0
"2024-09-13 15:44",12.17,12.19,12.17,12.18,0.03,+0.25%,0
"2024-09-13 15:45",12.12,12.12,12.08,12.08,-0.1,-0.82%,0
"2024-09-13 15:46",12.08,12.09,12.05,12.07,-0.01,-0.08%,0
"2024-09-13 15:47",12.06,12.1,12.06,12.1,0.03,+0.25%,0
"2024-09-13 15:48",12.06,12.17,12.06,12.06,-0.04,-0.33%,0
"2024-09-13 15:49",12.06,12.09,12,12.09,0.03,+0.25%,0
"2024-09-13 15:50",12.1,12.1,12.03,12.04,-0.05,-0.41%,0
"2024-09-13 15:51",12,12.06,12,12.06,0.02,+0.17%,0
"2024-09-13 15:52",12.03,12.03,11.95,11.95,-0.11,-0.91%,0
"2024-09-13 15:53",11.99,11.99,11.97,11.99,0.04,+0.33%,0
"2024-09-13 15:54",11.96,12,11.94,11.96,-0.03,-0.25%,0
"2024-09-13 15:55",11.91,11.91,11.87,11.87,-0.09,-0.75%,0
"2024-09-13 15:56",11.82,12,11.82,11.98,0.11,+0.93%,0
"2024-09-13 15:57",11.96,12.13,11.96,12.07,0.09,+0.75%,0
"2024-09-13 15:58",12.06,12.14,12.06,12.12,0.05,+0.41%,0
"2024-09-13 15:59",12.21,12.47,12.21,12.47,0.35,+2.89%,0
"2024-09-13 16:00",12.42,12.59,12.42,12.53,0.06,+0.48%,0
"2024-09-13 16:01",12.46,12.46,12.36,12.36,-0.17,-1.36%,0
"2024-09-13 16:02",12.41,12.5,12.41,12.49,0.13,+1.05%,0
"2024-09-13 16:03",12.5,12.6,12.5,12.6,0.11,+0.88%,0
"2024-09-13 16:04",12.55,12.63,12.55,12.6,0,0.00%,0
"2024-09-13 16:05",12.76,12.77,12.61,12.61,0.01,+0.08%,0
"2024-09-13 16:06",12.76,12.76,12.7,12.72,0.11,+0.87%,0
"2024-09-13 16:07",12.66,12.69,12.66,12.69,-0.03,-0.24%,0
"2024-09-13 16:08",12.66,12.72,12.66,12.66,-0.03,-0.24%,0
"2024-09-13 16:09",12.68,12.73,12.68,12.73,0.07,+0.55%,0
"2024-09-13 16:10",12.69,12.88,12.69,12.88,0.15,+1.18%,0
"2024-09-13 16:11",12.84,12.9,12.84,12.9,0.02,+0.16%,0
"2024-09-13 16:12",12.92,13.02,12.83,12.83,-0.07,-0.54%,0
"2024-09-13 16:13",13.01,13.07,13.01,13.02,0.19,+1.48%,0
"2024-09-13 16:14",12.93,12.95,12.86,12.9,-0.12,-0.92%,0
"2024-09-13 16:15",12.85,12.85,12.85,12.85,-0.05,-0.39%,0
"2024-09-16 09:31",10.6,10.6,10.48,10.48,-2.37,-18.44%,0
"2024-09-16 09:32",10.55,10.55,10.46,10.47,-0.01,-0.10%,0
"2024-09-16 09:33",10.45,10.67,10.45,10.67,0.2,+1.91%,0
"2024-09-16 09:34",10.75,10.98,10.75,10.98,0.31,+2.91%,0
"2024-09-16 09:35",11.01,11.1,11.01,11.08,0.1,+0.91%,0
"2024-09-16 09:36",11.07,11.13,11.07,11.13,0.05,+0.45%,0
"2024-09-16 09:37",11.14,11.16,11.13,11.16,0.03,+0.27%,0
"2024-09-16 09:38",11.13,11.13,10.86,10.91,-0.25,-2.24%,0
"2024-09-16 09:39",10.92,10.92,10.86,10.86,-0.05,-0.46%,0
"2024-09-16 09:40",10.94,10.94,10.86,10.87,0.01,+0.09%,0
"2024-09-16 09:41",10.9,10.95,10.9,10.95,0.08,+0.74%,0
"2024-09-16 09:42",10.9,10.93,10.9,10.91,-0.04,-0.37%,0
"2024-09-16 09:43",10.92,10.92,10.63,10.63,-0.28,-2.57%,0
"2024-09-16 09:44",10.71,10.76,10.69,10.72,0.09,+0.85%,0
"2024-09-16 09:45",10.71,10.71,10.59,10.59,-0.13,-1.21%,0
"2024-09-16 09:46",10.71,10.71,10.65,10.65,0.06,+0.57%,0
"2024-09-16 09:47",10.66,10.66,10.53,10.53,-0.12,-1.13%,0
"2024-09-16 09:48",10.53,10.64,10.45,10.45,-0.08,-0.76%,0
"2024-09-16 09:49",10.46,10.46,10.37,10.37,-0.08,-0.77%,0
"2024-09-16 09:50",10.28,10.3,10.17,10.17,-0.2,-1.93%,0
"2024-09-16 09:51",10.25,10.26,10.24,10.24,0.07,+0.69%,0
"2024-09-16 09:52",10.2,10.2,10.09,10.09,-0.15,-1.46%,0
"2024-09-16 09:53",10.11,10.17,10.11,10.16,0.07,+0.69%,0
"2024-09-16 09:54",10.15,10.15,10.08,10.1,-0.06,-0.59%,0
"2024-09-16 09:55",10.14,10.2,10.14,10.18,0.08,+0.79%,0
"2024-09-16 09:56",10.14,10.18,10.1,10.1,-0.08,-0.79%,0
"2024-09-16 09:57",10.19,10.26,10.19,10.24,0.14,+1.39%,0
"2024-09-16 09:58",10.12,10.2,10.12,10.2,-0.04,-0.39%,0
"2024-09-16 09:59",10.16,10.17,10.12,10.17,-0.03,-0.29%,0
"2024-09-16 10:00",10.14,10.14,10.05,10.09,-0.08,-0.79%,0
"2024-09-16 10:01",10.11,10.18,10.11,10.18,0.09,+0.89%,0
"2024-09-16 10:02",10.19,10.27,10.19,10.26,0.08,+0.79%,0
"2024-09-16 10:03",10.29,10.57,10.29,10.38,0.12,+1.17%,0
"2024-09-16 10:04",10.28,10.31,10.25,10.25,-0.13,-1.25%,0
"2024-09-16 10:05",10.21,10.27,10.21,10.26,0.01,+0.10%,0
"2024-09-16 10:06",10.25,10.26,10.22,10.22,-0.04,-0.39%,0
"2024-09-16 10:07",10.19,10.2,10.16,10.16,-0.06,-0.59%,0
"2024-09-16 10:08",10.11,10.11,10.08,10.08,-0.08,-0.79%,0
"2024-09-16 10:09",10.09,10.14,10.09,10.13,0.05,+0.50%,0
"2024-09-16 10:10",10.16,10.2,10.15,10.15,0.02,+0.20%,0
"2024-09-16 10:11",10.14,10.2,10.14,10.2,0.05,+0.49%,0
"2024-09-16 10:12",10.22,10.23,10.22,10.22,0.02,+0.20%,0
"2024-09-16 10:13",10.19,10.2,10.13,10.13,-0.09,-0.88%,0
"2024-09-16 10:14",10.1,10.12,10.1,10.1,-0.03,-0.30%,0
"2024-09-16 10:15",10.1,10.1,10.05,10.05,-0.05,-0.50%,0
"2024-09-16 10:16",10.02,10.03,10.02,10.02,-0.03,-0.30%,0
"2024-09-16 10:17",10.03,10.11,10.03,10.05,0.03,+0.30%,0
"2024-09-16 10:18",10.05,10.08,10.04,10.04,-0.01,-0.10%,0
"2024-09-16 10:19",10.04,10.06,10.01,10.04,0,0.00%,0
"2024-09-16 10:20",10.02,10.06,10.02,10.02,-0.02,-0.20%,0
"2024-09-16 10:21",10.14,10.14,10.09,10.12,0.1,+1.00%,0
"2024-09-16 10:22",10.11,10.13,10.09,10.09,-0.03,-0.30%,0
"2024-09-16 10:23",10.1,10.2,10.1,10.2,0.11,+1.09%,0
"2024-09-16 10:24",10.26,10.43,10.26,10.43,0.23,+2.25%,0
"2024-09-16 10:25",10.4,10.51,10.4,10.47,0.04,+0.38%,0
"2024-09-16 10:26",10.47,10.72,10.47,10.72,0.25,+2.39%,0
"2024-09-16 10:27",10.63,10.81,10.63,10.81,0.09,+0.84%,0
"2024-09-16 10:28",10.81,10.86,10.75,10.75,-0.06,-0.56%,0
"2024-09-16 10:29",10.71,10.71,10.51,10.51,-0.24,-2.23%,0
"2024-09-16 10:30",10.44,10.79,10.44,10.79,0.28,+2.66%,0
"2024-09-16 10:31",10.94,11.12,10.91,11.12,0.33,+3.06%,0
"2024-09-16 10:32",11.03,11.04,11.02,11.03,-0.09,-0.81%,0
"2024-09-16 10:33",11.13,11.13,11.03,11.03,0,0.00%,0
"2024-09-16 10:34",11.05,11.52,11.05,11.42,0.39,+3.54%,0
"2024-09-16 10:35",11.35,11.35,11.09,11.09,-0.33,-2.89%,0
"2024-09-16 10:36",11.1,11.11,10.9,10.9,-0.19,-1.71%,0
"2024-09-16 10:37",10.93,10.93,10.79,10.9,0,0.00%,0
"2024-09-16 10:38",10.92,10.93,10.91,10.92,0.02,+0.18%,0
"2024-09-16 10:39",10.93,10.93,10.88,10.88,-0.04,-0.37%,0
"2024-09-16 10:40",10.87,10.87,10.81,10.83,-0.05,-0.46%,0
"2024-09-16 10:41",10.8,10.8,10.64,10.64,-0.19,-1.75%,0
"2024-09-16 10:42",10.75,10.86,10.75,10.85,0.21,+1.97%,0
"2024-09-16 10:43",10.86,10.87,10.85,10.85,0,0.00%,0
"2024-09-16 10:44",10.89,10.89,10.82,10.82,-0.03,-0.28%,0
"2024-09-16 10:45",10.79,10.81,10.79,10.8,-0.02,-0.18%,0
"2024-09-16 10:46",10.85,10.9,10.85,10.9,0.1,+0.93%,0
"2024-09-16 10:47",10.93,11,10.93,11,0.1,+0.92%,0
"2024-09-16 10:48",10.96,11.19,10.96,11.19,0.19,+1.73%,0
"2024-09-16 10:49",11.25,11.25,10.91,10.91,-0.28,-2.50%,0
"2024-09-16 10:50",10.93,10.93,10.79,10.79,-0.12,-1.10%,0
"2024-09-16 10:51",10.77,10.89,10.77,10.89,0.1,+0.93%,0
"2024-09-16 10:52",10.88,11.08,10.88,11.08,0.19,+1.74%,0
"2024-09-16 10:53",11.11,11.11,10.94,10.94,-0.14,-1.26%,0
"2024-09-16 10:54",10.94,11.21,10.94,11.21,0.27,+2.47%,0
"2024-09-16 10:55",11.11,11.16,11.09,11.09,-0.12,-1.07%,0
"2024-09-16 10:56",11.12,11.15,11.09,11.09,0,0.00%,0
"2024-09-16 10:57",11.04,11.07,10.98,10.98,-0.11,-0.99%,0
"2024-09-16 10:58",10.99,11.11,10.99,11.07,0.09,+0.82%,0
"2024-09-16 10:59",11.1,11.11,11.09,11.11,0.04,+0.36%,0
"2024-09-16 11:00",11.06,11.14,11.06,11.14,0.03,+0.27%,0
"2024-09-16 11:01",11.19,11.22,11.12,11.13,-0.01,-0.09%,0
"2024-09-16 11:02",11.12,11.17,11.1,11.1,-0.03,-0.27%,0
"2024-09-16 11:03",11.15,11.26,11.12,11.26,0.16,+1.44%,0
"2024-09-16 11:04",11.26,11.26,11.15,11.15,-0.11,-0.98%,0
"2024-09-16 11:05",11.17,11.2,11.1,11.1,-0.05,-0.45%,0
"2024-09-16 11:06",11.11,11.17,11.11,11.17,0.07,+0.63%,0
"2024-09-16 11:07",11.14,11.14,11,11,-0.17,-1.52%,0
"2024-09-16 11:08",10.99,10.99,10.95,10.98,-0.02,-0.18%,0
"2024-09-16 11:09",11.01,11.03,10.99,10.99,0.01,+0.09%,0
"2024-09-16 11:10",10.99,11.02,10.98,10.98,-0.01,-0.09%,0
"2024-09-16 11:11",10.96,10.96,10.86,10.86,-0.12,-1.09%,0
"2024-09-16 11:12",10.85,10.85,10.78,10.78,-0.08,-0.74%,0
"2024-09-16 11:13",10.75,10.78,10.75,10.76,-0.02,-0.19%,0
"2024-09-16 11:14",10.81,10.83,10.81,10.82,0.06,+0.56%,0
"2024-09-16 11:15",10.82,10.82,10.81,10.81,-0.01,-0.09%,0
"2024-09-16 11:16",10.83,10.83,10.81,10.81,0,0.00%,0
"2024-09-16 11:17",10.81,10.81,10.79,10.8,-0.01,-0.09%,0
"2024-09-16 11:18",10.81,10.82,10.77,10.77,-0.03,-0.28%,0
"2024-09-16 11:19",10.79,10.83,10.75,10.75,-0.02,-0.19%,0
"2024-09-16 11:20",10.75,10.78,10.75,10.78,0.03,+0.28%,0
"2024-09-16 11:21",10.78,10.81,10.78,10.78,0,0.00%,0
"2024-09-16 11:22",10.79,10.85,10.79,10.85,0.07,+0.65%,0
"2024-09-16 11:23",10.83,10.83,10.8,10.8,-0.05,-0.46%,0
"2024-09-16 11:24",10.79,10.79,10.73,10.73,-0.07,-0.65%,0
"2024-09-16 11:25",10.64,10.67,10.64,10.67,-0.06,-0.56%,0
"2024-09-16 11:26",10.68,10.7,10.67,10.7,0.03,+0.28%,0
"2024-09-16 11:27",10.73,10.82,10.73,10.82,0.12,+1.12%,0
"2024-09-16 11:28",10.8,10.89,10.8,10.89,0.07,+0.65%,0
"2024-09-16 11:29",10.89,10.94,10.89,10.94,0.05,+0.46%,0
"2024-09-16 11:30",10.95,10.95,10.83,10.85,-0.09,-0.82%,0
"2024-09-16 11:31",10.84,10.84,10.75,10.75,-0.1,-0.92%,0
"2024-09-16 11:32",10.76,10.79,10.74,10.77,0.02,+0.19%,0
"2024-09-16 11:33",10.82,10.82,10.77,10.77,0,0.00%,0
"2024-09-16 11:34",10.78,10.8,10.75,10.75,-0.02,-0.19%,0
"2024-09-16 11:35",10.69,10.78,10.69,10.78,0.03,+0.28%,0
"2024-09-16 11:36",10.8,10.86,10.8,10.84,0.06,+0.56%,0
"2024-09-16 11:37",10.88,10.93,10.88,10.93,0.09,+0.83%,0
"2024-09-16 11:38",10.94,10.95,10.94,10.94,0.01,+0.09%,0
"2024-09-16 11:39",10.95,10.95,10.86,10.86,-0.08,-0.73%,0
"2024-09-16 11:40",10.89,10.94,10.86,10.94,0.08,+0.74%,0
"2024-09-16 11:41",10.92,10.95,10.91,10.95,0.01,+0.09%,0
"2024-09-16 11:42",10.96,10.97,10.93,10.97,0.02,+0.18%,0
"2024-09-16 11:43",10.95,10.99,10.9,10.9,-0.07,-0.64%,0
"2024-09-16 11:44",10.92,11.01,10.92,11.01,0.11,+1.01%,0
"2024-09-16 11:45",11,11.06,11,11.05,0.04,+0.36%,0
"2024-09-16 11:46",11.07,11.09,11.06,11.06,0.01,+0.09%,0
"2024-09-16 11:47",11.05,11.06,11.02,11.03,-0.03,-0.27%,0
"2024-09-16 11:48",11.02,11.02,10.98,10.98,-0.05,-0.45%,0
"2024-09-16 11:49",10.91,10.99,10.91,10.99,0.01,+0.09%,0
"2024-09-16 11:50",10.93,10.98,10.93,10.98,-0.01,-0.09%,0
"2024-09-16 11:51",10.98,11.01,10.93,10.93,-0.05,-0.46%,0
"2024-09-16 11:52",10.9,10.97,10.9,10.95,0.02,+0.18%,0
"2024-09-16 11:53",10.94,10.94,10.9,10.9,-0.05,-0.46%,0
"2024-09-16 11:54",10.92,10.93,10.83,10.83,-0.07,-0.64%,0
"2024-09-16 11:55",10.79,10.85,10.79,10.85,0.02,+0.18%,0
"2024-09-16 11:56",10.88,10.92,10.88,10.9,0.05,+0.46%,0
"2024-09-16 11:57",10.9,10.92,10.89,10.89,-0.01,-0.09%,0
"2024-09-16 11:58",10.88,10.9,10.88,10.9,0.01,+0.09%,0
"2024-09-16 11:59",10.9,10.91,10.9,10.9,0,0.00%,0
"2024-09-16 12:00",10.9,10.9,10.89,10.9,0,0.00%,0
"2024-09-16 12:01",10.89,10.91,10.89,10.9,0,0.00%,0
"2024-09-16 12:02",10.9,10.91,10.89,10.91,0.01,+0.09%,0
"2024-09-16 12:03",10.91,10.98,10.91,10.96,0.05,+0.46%,0
"2024-09-16 12:04",10.96,11.02,10.96,11.02,0.06,+0.55%,0
"2024-09-16 12:05",11.04,11.09,11.04,11.04,0.02,+0.18%,0
"2024-09-16 12:06",10.98,11.01,10.98,10.98,-0.06,-0.54%,0
"2024-09-16 12:07",10.94,10.97,10.94,10.97,-0.01,-0.09%,0
"2024-09-16 12:08",10.97,10.97,10.96,10.96,-0.01,-0.09%,0
"2024-09-16 12:09",10.94,10.96,10.94,10.96,0,0.00%,0
"2024-09-16 12:10",10.96,10.96,10.92,10.93,-0.03,-0.27%,0
"2024-09-16 12:11",10.91,10.96,10.91,10.96,0.03,+0.27%,0
"2024-09-16 12:12",10.97,11.06,10.97,11.06,0.1,+0.91%,0
"2024-09-16 12:13",11.09,11.12,11.09,11.12,0.06,+0.54%,0
"2024-09-16 12:14",11.11,11.17,11.11,11.14,0.02,+0.18%,0
"2024-09-16 12:15",11.14,11.14,11.09,11.09,-0.05,-0.45%,0
"2024-09-16 12:16",11.09,11.19,11.09,11.19,0.1,+0.90%,0
"2024-09-16 12:17",11.18,11.27,11.18,11.27,0.08,+0.71%,0
"2024-09-16 12:18",11.32,11.41,11.32,11.41,0.14,+1.24%,0
"2024-09-16 12:19",11.41,11.42,11.39,11.41,0,0.00%,0
"2024-09-16 12:20",11.4,11.46,11.4,11.42,0.01,+0.09%,0
"2024-09-16 12:21",11.44,11.55,11.44,11.53,0.11,+0.96%,0
"2024-09-16 12:22",11.53,11.53,11.49,11.49,-0.04,-0.35%,0
"2024-09-16 12:23",11.48,11.5,11.44,11.44,-0.05,-0.44%,0
"2024-09-16 12:24",11.48,11.49,11.48,11.48,0.04,+0.35%,0
"2024-09-16 12:25",11.46,11.46,11.36,11.36,-0.12,-1.05%,0
"2024-09-16 12:26",11.34,11.34,11.26,11.27,-0.09,-0.79%,0
"2024-09-16 12:27",11.26,11.28,11.25,11.25,-0.02,-0.18%,0
"2024-09-16 12:28",11.24,11.26,11.24,11.25,0,0.00%,0
"2024-09-16 12:29",11.24,11.28,11.24,11.27,0.02,+0.18%,0
"2024-09-16 12:30",11.26,11.26,11.23,11.23,-0.04,-0.35%,0
"2024-09-16 12:31",11.25,11.34,11.25,11.34,0.11,+0.98%,0
"2024-09-16 12:32",11.33,11.48,11.33,11.48,0.14,+1.23%,0
"2024-09-16 12:33",11.46,11.51,11.46,11.49,0.01,+0.09%,0
"2024-09-16 12:34",11.45,11.45,11.38,11.38,-0.11,-0.96%,0
"2024-09-16 12:35",11.37,11.37,11.32,11.32,-0.06,-0.53%,0
"2024-09-16 12:36",11.32,11.36,11.32,11.36,0.04,+0.35%,0
"2024-09-16 12:37",11.35,11.4,11.35,11.4,0.04,+0.35%,0
"2024-09-16 12:38",11.37,11.41,11.37,11.37,-0.03,-0.26%,0
"2024-09-16 12:39",11.39,11.39,11.35,11.36,-0.01,-0.09%,0
"2024-09-16 12:40",11.34,11.34,11.31,11.32,-0.04,-0.35%,0
"2024-09-16 12:41",11.32,11.35,11.32,11.35,0.03,+0.27%,0
"2024-09-16 12:42",11.31,11.36,11.31,11.31,-0.04,-0.35%,0
"2024-09-16 12:43",11.31,11.33,11.31,11.31,0,0.00%,0
"2024-09-16 12:44",11.31,11.33,11.29,11.33,0.02,+0.18%,0
"2024-09-16 12:45",11.32,11.33,11.32,11.32,-0.01,-0.09%,0
"2024-09-16 12:46",11.29,11.3,11.28,11.29,-0.03,-0.27%,0
"2024-09-16 12:47",11.25,11.34,11.25,11.33,0.04,+0.35%,0
"2024-09-16 12:48",11.32,11.34,11.32,11.32,-0.01,-0.09%,0
"2024-09-16 12:49",11.32,11.32,11.27,11.28,-0.04,-0.35%,0
"2024-09-16 12:50",11.25,11.3,11.25,11.3,0.02,+0.18%,0
"2024-09-16 12:51",11.27,11.27,11.26,11.26,-0.04,-0.35%,0
"2024-09-16 12:52",11.26,11.27,11.24,11.25,-0.01,-0.09%,0
"2024-09-16 12:53",11.25,11.28,11.25,11.28,0.03,+0.27%,0
"2024-09-16 12:54",11.3,11.3,11.28,11.29,0.01,+0.09%,0
"2024-09-16 12:55",11.28,11.31,11.27,11.27,-0.02,-0.18%,0
"2024-09-16 12:56",11.24,11.29,11.24,11.28,0.01,+0.09%,0
"2024-09-16 12:57",11.26,11.31,11.26,11.31,0.03,+0.27%,0
"2024-09-16 12:58",11.29,11.29,11.28,11.29,-0.02,-0.18%,0
"2024-09-16 12:59",11.28,11.32,11.28,11.32,0.03,+0.27%,0
"2024-09-16 13:00",11.28,11.28,11.25,11.26,-0.06,-0.53%,0
"2024-09-16 13:01",11.25,11.26,11.25,11.25,-0.01,-0.09%,0
"2024-09-16 13:02",11.25,11.28,11.25,11.26,0.01,+0.09%,0
"2024-09-16 13:03",11.27,11.29,11.26,11.26,0,0.00%,0
"2024-09-16 13:04",11.26,11.28,11.26,11.27,0.01,+0.09%,0
"2024-09-16 13:05",11.27,11.27,11.24,11.24,-0.03,-0.27%,0
"2024-09-16 13:06",11.24,11.28,11.24,11.25,0.01,+0.09%,0
"2024-09-16 13:07",11.24,11.26,11.24,11.25,0,0.00%,0
"2024-09-16 13:08",11.25,11.28,11.24,11.25,0,0.00%,0
"2024-09-16 13:09",11.25,11.25,11.2,11.2,-0.05,-0.44%,0
"2024-09-16 13:10",11.21,11.23,11.19,11.19,-0.01,-0.09%,0
"2024-09-16 13:11",11.2,11.23,11.2,11.22,0.03,+0.27%,0
"2024-09-16 13:12",11.21,11.21,11.2,11.2,-0.02,-0.18%,0
"2024-09-16 13:13",11.19,11.23,11.19,11.23,0.03,+0.27%,0
"2024-09-16 13:14",11.23,11.26,11.23,11.25,0.02,+0.18%,0
"2024-09-16 13:15",11.25,11.25,11.24,11.24,-0.01,-0.09%,0
"2024-09-16 13:16",11.24,11.24,11.23,11.23,-0.01,-0.09%,0
"2024-09-16 13:17",11.25,11.25,11.24,11.25,0.02,+0.18%,0
"2024-09-16 13:18",11.24,11.31,11.24,11.31,0.06,+0.53%,0
"2024-09-16 13:19",11.3,11.3,11.28,11.28,-0.03,-0.27%,0
"2024-09-16 13:20",11.28,11.3,11.28,11.3,0.02,+0.18%,0
"2024-09-16 13:21",11.3,11.3,11.28,11.3,0,0.00%,0
"2024-09-16 13:22",11.28,11.29,11.28,11.29,-0.01,-0.09%,0
"2024-09-16 13:23",11.3,11.3,11.27,11.27,-0.02,-0.18%,0
"2024-09-16 13:24",11.26,11.26,11.24,11.24,-0.03,-0.27%,0
"2024-09-16 13:25",11.19,11.21,11.19,11.21,-0.03,-0.27%,0
"2024-09-16 13:26",11.17,11.19,11.17,11.19,-0.02,-0.18%,0
"2024-09-16 13:27",11.2,11.26,11.2,11.26,0.07,+0.63%,0
"2024-09-16 13:28",11.25,11.39,11.25,11.39,0.13,+1.15%,0
"2024-09-16 13:29",11.38,11.39,11.29,11.29,-0.1,-0.88%,0
"2024-09-16 13:30",11.27,11.27,11.24,11.24,-0.05,-0.44%,0
"2024-09-16 13:31",11.24,11.27,11.24,11.25,0.01,+0.09%,0
"2024-09-16 13:32",11.27,11.27,11.25,11.25,0,0.00%,0
"2024-09-16 13:33",11.28,11.29,11.27,11.27,0.02,+0.18%,0
"2024-09-16 13:34",11.26,11.32,11.26,11.31,0.04,+0.35%,0
"2024-09-16 13:35",11.28,11.3,11.28,11.3,-0.01,-0.09%,0
"2024-09-16 13:36",11.29,11.3,11.27,11.27,-0.03,-0.27%,0
"2024-09-16 13:37",11.27,11.27,11.25,11.25,-0.02,-0.18%,0
"2024-09-16 13:38",11.24,11.25,11.24,11.25,0,0.00%,0
"2024-09-16 13:39",11.23,11.23,11.2,11.2,-0.05,-0.44%,0
"2024-09-16 13:40",11.21,11.22,11.2,11.2,0,0.00%,0
"2024-09-16 13:41",11.22,11.26,11.22,11.26,0.06,+0.54%,0
"2024-09-16 13:42",11.26,11.26,11.24,11.25,-0.01,-0.09%,0
"2024-09-16 13:43",11.24,11.25,11.23,11.25,0,0.00%,0
"2024-09-16 13:44",11.3,11.33,11.3,11.31,0.06,+0.53%,0
"2024-09-16 13:45",11.32,11.32,11.28,11.29,-0.02,-0.18%,0
"2024-09-16 13:46",11.29,11.34,11.29,11.32,0.03,+0.27%,0
"2024-09-16 13:47",11.32,11.35,11.32,11.35,0.03,+0.27%,0
"2024-09-16 13:48",11.35,11.37,11.35,11.37,0.02,+0.18%,0
"2024-09-16 13:49",11.39,11.41,11.39,11.4,0.03,+0.26%,0
"2024-09-16 13:50",11.4,11.41,11.39,11.39,-0.01,-0.09%,0
"2024-09-16 13:51",11.39,11.39,11.38,11.39,0,0.00%,0
"2024-09-16 13:52",11.37,11.38,11.35,11.35,-0.04,-0.35%,0
"2024-09-16 13:53",11.37,11.39,11.37,11.38,0.03,+0.26%,0
"2024-09-16 13:54",11.38,11.42,11.38,11.4,0.02,+0.18%,0
"2024-09-16 13:55",11.39,11.42,11.39,11.39,-0.01,-0.09%,0
"2024-09-16 13:56",11.39,11.4,11.38,11.38,-0.01,-0.09%,0
"2024-09-16 13:57",11.38,11.41,11.38,11.39,0.01,+0.09%,0
"2024-09-16 13:58",11.4,11.4,11.38,11.38,-0.01,-0.09%,0
"2024-09-16 13:59",11.39,11.39,11.38,11.38,0,0.00%,0
"2024-09-16 14:00",11.39,11.39,11.33,11.33,-0.05,-0.44%,0
"2024-09-16 14:01",11.31,11.32,11.31,11.31,-0.02,-0.18%,0
"2024-09-16 14:02",11.32,11.33,11.32,11.33,0.02,+0.18%,0
"2024-09-16 14:03",11.32,11.38,11.32,11.38,0.05,+0.44%,0
"2024-09-16 14:04",11.35,11.43,11.35,11.39,0.01,+0.09%,0
"2024-09-16 14:05",11.43,11.5,11.43,11.44,0.05,+0.44%,0
"2024-09-16 14:06",11.43,11.45,11.43,11.43,-0.01,-0.09%,0
"2024-09-16 14:07",11.43,11.49,11.42,11.49,0.06,+0.52%,0
"2024-09-16 14:08",11.5,11.5,11.49,11.49,0,0.00%,0
"2024-09-16 14:09",11.48,11.49,11.45,11.45,-0.04,-0.35%,0
"2024-09-16 14:10",11.36,11.36,11.34,11.34,-0.11,-0.96%,0
"2024-09-16 14:11",11.32,11.33,11.3,11.3,-0.04,-0.35%,0
"2024-09-16 14:12",11.3,11.34,11.3,11.34,0.04,+0.35%,0
"2024-09-16 14:13",11.34,11.36,11.34,11.35,0.01,+0.09%,0
"2024-09-16 14:14",11.35,11.36,11.35,11.35,0,0.00%,0
"2024-09-16 14:15",11.32,11.32,11.29,11.3,-0.05,-0.44%,0
"2024-09-16 14:16",11.31,11.32,11.31,11.32,0.02,+0.18%,0
"2024-09-16 14:17",11.34,11.37,11.34,11.37,0.05,+0.44%,0
"2024-09-16 14:18",11.36,11.38,11.36,11.38,0.01,+0.09%,0
"2024-09-16 14:19",11.39,11.41,11.39,11.4,0.02,+0.18%,0
"2024-09-16 14:20",11.4,11.43,11.39,11.39,-0.01,-0.09%,0
"2024-09-16 14:21",11.39,11.39,11.37,11.37,-0.02,-0.18%,0
"2024-09-16 14:22",11.37,11.37,11.36,11.36,-0.01,-0.09%,0
"2024-09-16 14:23",11.35,11.35,11.34,11.34,-0.02,-0.18%,0
"2024-09-16 14:24",11.34,11.36,11.34,11.36,0.02,+0.18%,0
"2024-09-16 14:25",11.37,11.38,11.36,11.37,0.01,+0.09%,0
"2024-09-16 14:26",11.38,11.38,11.37,11.37,0,0.00%,0
"2024-09-16 14:27",11.37,11.38,11.36,11.36,-0.01,-0.09%,0
"2024-09-16 14:28",11.35,11.37,11.35,11.36,0,0.00%,0
"2024-09-16 14:29",11.36,11.38,11.36,11.38,0.02,+0.18%,0
"2024-09-16 14:30",11.38,11.39,11.35,11.35,-0.03,-0.26%,0
"2024-09-16 14:31",11.35,11.39,11.34,11.35,0,0.00%,0
"2024-09-16 14:32",11.33,11.35,11.33,11.34,-0.01,-0.09%,0
"2024-09-16 14:33",11.34,11.36,11.34,11.36,0.02,+0.18%,0
"2024-09-16 14:34",11.38,11.38,11.37,11.37,0.01,+0.09%,0
"2024-09-16 14:35",11.37,11.38,11.35,11.36,-0.01,-0.09%,0
"2024-09-16 14:36",11.34,11.38,11.34,11.38,0.02,+0.18%,0
"2024-09-16 14:37",11.39,11.41,11.38,11.38,0,0.00%,0
"2024-09-16 14:38",11.4,11.43,11.4,11.42,0.04,+0.35%,0
"2024-09-16 14:39",11.42,11.42,11.41,11.41,-0.01,-0.09%,0
"2024-09-16 14:40",11.4,11.48,11.4,11.48,0.07,+0.61%,0
"2024-09-16 14:41",11.51,11.51,11.48,11.5,0.02,+0.17%,0
"2024-09-16 14:42",11.51,11.7,11.51,11.67,0.17,+1.48%,0
"2024-09-16 14:43",11.62,11.7,11.62,11.7,0.03,+0.26%,0
"2024-09-16 14:44",11.68,11.68,11.66,11.67,-0.03,-0.26%,0
"2024-09-16 14:45",11.67,11.82,11.67,11.75,0.08,+0.69%,0
"2024-09-16 14:46",11.72,11.78,11.72,11.73,-0.02,-0.17%,0
"2024-09-16 14:47",11.72,11.72,11.65,11.65,-0.08,-0.68%,0
"2024-09-16 14:48",11.65,11.65,11.59,11.59,-0.06,-0.52%,0
"2024-09-16 14:49",11.59,11.6,11.57,11.57,-0.02,-0.17%,0
"2024-09-16 14:50",11.58,11.6,11.58,11.58,0.01,+0.09%,0
"2024-09-16 14:51",11.57,11.62,11.57,11.62,0.04,+0.35%,0
"2024-09-16 14:52",11.64,11.7,11.64,11.69,0.07,+0.60%,0
"2024-09-16 14:53",11.7,11.73,11.7,11.73,0.04,+0.34%,0
"2024-09-16 14:54",11.7,11.76,11.7,11.75,0.02,+0.17%,0
"2024-09-16 14:55",11.74,11.77,11.67,11.67,-0.08,-0.68%,0
"2024-09-16 14:56",11.65,11.65,11.61,11.61,-0.06,-0.51%,0
"2024-09-16 14:57",11.61,11.62,11.6,11.62,0.01,+0.09%,0
"2024-09-16 14:58",11.6,11.62,11.59,11.59,-0.03,-0.26%,0
"2024-09-16 14:59",11.61,11.61,11.5,11.5,-0.09,-0.78%,0
"2024-09-16 15:00",11.51,11.56,11.51,11.56,0.06,+0.52%,0
"2024-09-16 15:01",11.56,11.61,11.56,11.6,0.04,+0.35%,0
"2024-09-16 15:02",11.65,11.65,11.57,11.57,-0.03,-0.26%,0
"2024-09-16 15:03",11.57,11.61,11.57,11.61,0.04,+0.35%,0
"2024-09-16 15:04",11.61,11.63,11.61,11.61,0,0.00%,0
"2024-09-16 15:05",11.61,11.63,11.6,11.6,-0.01,-0.09%,0
"2024-09-16 15:06",11.59,11.6,11.58,11.58,-0.02,-0.17%,0
"2024-09-16 15:07",11.57,11.59,11.57,11.59,0.01,+0.09%,0
"2024-09-16 15:08",11.58,11.59,11.57,11.57,-0.02,-0.17%,0
"2024-09-16 15:09",11.55,11.58,11.55,11.58,0.01,+0.09%,0
"2024-09-16 15:10",11.6,11.6,11.58,11.58,0,0.00%,0
"2024-09-16 15:11",11.58,11.59,11.58,11.58,0,0.00%,0
"2024-09-16 15:12",11.58,11.61,11.58,11.61,0.03,+0.26%,0
"2024-09-16 15:13",11.62,11.68,11.62,11.68,0.07,+0.60%,0
"2024-09-16 15:14",11.68,11.75,11.68,11.75,0.07,+0.60%,0
"2024-09-16 15:15",11.74,11.79,11.74,11.76,0.01,+0.09%,0
"2024-09-16 15:16",11.75,11.78,11.75,11.76,0,0.00%,0
"2024-09-16 15:17",11.76,11.76,11.69,11.72,-0.04,-0.34%,0
"2024-09-16 15:18",11.72,11.76,11.72,11.73,0.01,+0.09%,0
"2024-09-16 15:19",11.74,11.75,11.71,11.71,-0.02,-0.17%,0
"2024-09-16 15:20",11.74,11.78,11.74,11.78,0.07,+0.60%,0
"2024-09-16 15:21",11.8,11.82,11.76,11.76,-0.02,-0.17%,0
"2024-09-16 15:22",11.76,11.79,11.76,11.79,0.03,+0.26%,0
"2024-09-16 15:23",11.77,11.78,11.76,11.76,-0.03,-0.25%,0
"2024-09-16 15:24",11.79,11.8,11.77,11.77,0.01,+0.09%,0
"2024-09-16 15:25",11.79,11.79,11.77,11.78,0.01,+0.08%,0
"2024-09-16 15:26",11.77,11.77,11.75,11.75,-0.03,-0.25%,0
"2024-09-16 15:27",11.74,11.76,11.74,11.76,0.01,+0.09%,0
"2024-09-16 15:28",11.77,11.8,11.77,11.8,0.04,+0.34%,0
"2024-09-16 15:29",11.76,11.81,11.76,11.8,0,0.00%,0
"2024-09-16 15:30",11.79,11.81,11.77,11.81,0.01,+0.08%,0
"2024-09-16 15:31",11.8,11.82,11.8,11.82,0.01,+0.08%,0
"2024-09-16 15:32",11.82,11.85,11.81,11.81,-0.01,-0.08%,0
"2024-09-16 15:33",11.79,11.83,11.79,11.83,0.02,+0.17%,0
"2024-09-16 15:34",11.81,11.93,11.81,11.93,0.1,+0.85%,0
"2024-09-16 15:35",11.91,11.93,11.91,11.91,-0.02,-0.17%,0
"2024-09-16 15:36",11.91,11.91,11.89,11.9,-0.01,-0.08%,0
"2024-09-16 15:37",11.89,11.99,11.89,11.99,0.09,+0.76%,0
"2024-09-16 15:38",11.96,11.96,11.84,11.84,-0.15,-1.25%,0
"2024-09-16 15:39",11.83,11.83,11.81,11.82,-0.02,-0.17%,0
"2024-09-16 15:40",11.82,11.84,11.8,11.8,-0.02,-0.17%,0
"2024-09-16 15:41",11.78,11.79,11.76,11.76,-0.04,-0.34%,0
"2024-09-16 15:42",11.76,11.78,11.62,11.63,-0.13,-1.11%,0
"2024-09-16 15:43",11.66,11.66,11.65,11.66,0.03,+0.26%,0
"2024-09-16 15:44",11.8,11.8,11.67,11.67,0.01,+0.09%,0
"2024-09-16 15:45",11.66,11.67,11.64,11.67,0,0.00%,0
"2024-09-16 15:46",11.68,11.69,11.65,11.65,-0.02,-0.17%,0
"2024-09-16 15:47",11.65,11.67,11.64,11.66,0.01,+0.09%,0
"2024-09-16 15:48",11.64,11.67,11.64,11.64,-0.02,-0.17%,0
"2024-09-16 15:49",11.65,11.67,11.65,11.67,0.03,+0.26%,0
"2024-09-16 15:50",11.65,11.7,11.62,11.62,-0.05,-0.43%,0
"2024-09-16 15:51",11.59,11.73,11.58,11.71,0.09,+0.77%,0
"2024-09-16 15:52",11.8,11.8,11.76,11.76,0.05,+0.43%,0
"2024-09-16 15:53",11.77,11.77,11.73,11.74,-0.02,-0.17%,0
"2024-09-16 15:54",11.72,11.72,11.67,11.71,-0.03,-0.26%,0
"2024-09-16 15:55",11.69,11.69,11.63,11.63,-0.08,-0.68%,0
"2024-09-16 15:56",11.63,11.69,11.63,11.64,0.01,+0.09%,0
"2024-09-16 15:57",11.63,11.63,11.42,11.51,-0.13,-1.12%,0
"2024-09-16 15:58",11.51,11.67,11.51,11.66,0.15,+1.30%,0
"2024-09-16 15:59",11.67,11.85,11.67,11.85,0.19,+1.63%,0
"2024-09-16 16:00",11.56,11.89,11.56,11.89,0.04,+0.34%,0
"2024-09-16 16:01",11.85,11.96,11.85,11.96,0.07,+0.59%,0
"2024-09-16 16:02",12,12.03,11.97,11.97,0.01,+0.08%,0
"2024-09-16 16:03",12.02,12.02,11.94,12,0.03,+0.25%,0
"2024-09-16 16:04",12.01,12.06,12.01,12.06,0.06,+0.50%,0
"2024-09-16 16:05",12.02,12.07,12.02,12.06,0,0.00%,0
"2024-09-16 16:06",12.07,12.1,12.07,12.1,0.04,+0.33%,0
"2024-09-16 16:07",12.08,12.09,12.08,12.08,-0.02,-0.17%,0
"2024-09-16 16:08",12.08,12.08,12.02,12.02,-0.06,-0.50%,0
"2024-09-16 16:09",12.01,12.03,12,12,-0.02,-0.17%,0
"2024-09-16 16:10",12.04,12.16,12.04,12.16,0.16,+1.33%,0
"2024-09-16 16:11",12.18,12.27,12.18,12.27,0.11,+0.90%,0
"2024-09-16 16:12",12.23,12.26,12.23,12.26,-0.01,-0.08%,0
"2024-09-16 16:13",12.25,12.26,12.17,12.17,-0.09,-0.73%,0
"2024-09-16 16:14",12.15,12.17,12.15,12.15,-0.02,-0.16%,0
"2024-09-16 16:15",12.13,12.13,12.13,12.13,-0.02,-0.16%,0
"2024-09-17 09:31",11.12,11.15,11.06,11.15,-0.98,-8.08%,0
"2024-09-17 09:32",11.24,11.24,11.08,11.08,-0.07,-0.63%,0
"2024-09-17 09:33",11.14,11.35,11.14,11.35,0.27,+2.44%,0
"2024-09-17 09:34",11.35,11.49,11.35,11.48,0.13,+1.15%,0
"2024-09-17 09:35",11.48,11.52,11.43,11.52,0.04,+0.35%,0
"2024-09-17 09:36",11.53,11.53,11.26,11.26,-0.26,-2.26%,0
"2024-09-17 09:37",11.24,11.42,11.24,11.42,0.16,+1.42%,0
"2024-09-17 09:38",11.39,11.45,11.39,11.45,0.03,+0.26%,0
"2024-09-17 09:39",11.36,11.43,11.36,11.43,-0.02,-0.17%,0
"2024-09-17 09:40",11.48,11.5,11.47,11.47,0.04,+0.35%,0
"2024-09-17 09:41",11.46,11.52,11.46,11.52,0.05,+0.44%,0
"2024-09-17 09:42",11.51,11.53,11.36,11.36,-0.16,-1.39%,0
"2024-09-17 09:43",11.36,11.38,11.3,11.3,-0.06,-0.53%,0
"2024-09-17 09:44",11.2,11.36,11.2,11.36,0.06,+0.53%,0
"2024-09-17 09:45",11.29,11.29,11.23,11.23,-0.13,-1.14%,0
"2024-09-17 09:46",11.25,11.25,11.16,11.16,-0.07,-0.62%,0
"2024-09-17 09:47",11.14,11.24,11.14,11.24,0.08,+0.72%,0
"2024-09-17 09:48",11.26,11.36,11.26,11.36,0.12,+1.07%,0
"2024-09-17 09:49",11.41,11.45,11.39,11.41,0.05,+0.44%,0
"2024-09-17 09:50",11.55,11.67,11.55,11.57,0.16,+1.40%,0
"2024-09-17 09:51",11.53,11.6,11.53,11.53,-0.04,-0.35%,0
"2024-09-17 09:52",11.47,11.5,11.46,11.46,-0.07,-0.61%,0
"2024-09-17 09:53",11.44,11.61,11.44,11.61,0.15,+1.31%,0
"2024-09-17 09:54",11.74,11.9,11.7,11.8,0.19,+1.64%,0
"2024-09-17 09:55",11.76,11.76,11.66,11.66,-0.14,-1.19%,0
"2024-09-17 09:56",11.63,11.63,11.55,11.57,-0.09,-0.77%,0
"2024-09-17 09:57",11.64,11.64,11.62,11.64,0.07,+0.61%,0
"2024-09-17 09:58",11.56,11.56,11.48,11.51,-0.13,-1.12%,0
"2024-09-17 09:59",11.55,11.62,11.55,11.62,0.11,+0.96%,0
"2024-09-17 10:00",11.63,11.67,11.62,11.67,0.05,+0.43%,0
"2024-09-17 10:01",11.71,11.79,11.71,11.74,0.07,+0.60%,0
"2024-09-17 10:02",11.76,11.76,11.74,11.74,0,0.00%,0
"2024-09-17 10:03",11.68,11.73,11.68,11.71,-0.03,-0.26%,0
"2024-09-17 10:04",11.69,11.71,11.58,11.58,-0.13,-1.11%,0
"2024-09-17 10:05",11.59,11.64,11.59,11.6,0.02,+0.17%,0
"2024-09-17 10:06",11.59,11.61,11.58,11.58,-0.02,-0.17%,0
"2024-09-17 10:07",11.58,11.66,11.58,11.61,0.03,+0.26%,0
"2024-09-17 10:08",11.6,11.66,11.6,11.66,0.05,+0.43%,0
"2024-09-17 10:09",11.65,11.72,11.65,11.72,0.06,+0.51%,0
"2024-09-17 10:10",11.72,11.79,11.72,11.79,0.07,+0.60%,0
"2024-09-17 10:11",11.82,11.84,11.82,11.83,0.04,+0.34%,0
"2024-09-17 10:12",11.81,11.87,11.78,11.78,-0.05,-0.42%,0
"2024-09-17 10:13",11.83,11.94,11.83,11.86,0.08,+0.68%,0
"2024-09-17 10:14",11.82,11.84,11.79,11.84,-0.02,-0.17%,0
"2024-09-17 10:15",11.82,11.83,11.79,11.79,-0.05,-0.42%,0
"2024-09-17 10:16",11.77,11.8,11.76,11.76,-0.03,-0.25%,0
"2024-09-17 10:17",11.76,11.82,11.76,11.79,0.03,+0.26%,0
"2024-09-17 10:18",11.77,11.84,11.77,11.84,0.05,+0.42%,0
"2024-09-17 10:19",11.84,11.89,11.84,11.85,0.01,+0.08%,0
"2024-09-17 10:20",11.84,11.93,11.84,11.92,0.07,+0.59%,0
"2024-09-17 10:21",11.9,12,11.9,11.98,0.06,+0.50%,0
"2024-09-17 10:22",11.95,12.05,11.95,12.05,0.07,+0.58%,0
"2024-09-17 10:23",12.03,12.1,12.03,12.09,0.04,+0.33%,0
"2024-09-17 10:24",12.1,12.13,12.08,12.08,-0.01,-0.08%,0
"2024-09-17 10:25",12.08,12.08,12.08,12.08,0,0.00%,0
"2024-09-17 10:26",12.1,12.14,12.1,12.12,0.04,+0.33%,0
"2024-09-17 10:27",12.13,12.18,12.11,12.11,-0.01,-0.08%,0
"2024-09-17 10:28",12.13,12.18,12.13,12.17,0.06,+0.50%,0
"2024-09-17 10:29",12.14,12.21,12.14,12.21,0.04,+0.33%,0
"2024-09-17 10:30",12.21,12.21,12.14,12.17,-0.04,-0.33%,0
"2024-09-17 10:31",12.17,12.23,12.17,12.23,0.06,+0.49%,0
"2024-09-17 10:32",12.2,12.24,12.2,12.22,-0.01,-0.08%,0
"2024-09-17 10:33",12.26,12.46,12.26,12.46,0.24,+1.96%,0
"2024-09-17 10:34",12.34,12.36,12.3,12.35,-0.11,-0.88%,0
"2024-09-17 10:35",12.35,12.43,12.35,12.43,0.08,+0.65%,0
"2024-09-17 10:36",12.47,12.55,12.47,12.5,0.07,+0.56%,0
"2024-09-17 10:37",12.47,12.49,12.43,12.46,-0.04,-0.32%,0
"2024-09-17 10:38",12.45,12.46,12.37,12.37,-0.09,-0.72%,0
"2024-09-17 10:39",12.35,12.39,12.35,12.36,-0.01,-0.08%,0
"2024-09-17 10:40",12.37,12.41,12.35,12.37,0.01,+0.08%,0
"2024-09-17 10:41",12.35,12.39,12.35,12.38,0.01,+0.08%,0
"2024-09-17 10:42",12.37,12.44,12.37,12.42,0.04,+0.32%,0
"2024-09-17 10:43",12.42,12.46,12.42,12.43,0.01,+0.08%,0
"2024-09-17 10:44",12.42,12.47,12.42,12.43,0,0.00%,0
"2024-09-17 10:45",12.41,12.5,12.41,12.5,0.07,+0.56%,0
"2024-09-17 10:46",12.45,12.47,12.44,12.44,-0.06,-0.48%,0
"2024-09-17 10:47",12.43,12.49,12.43,12.45,0.01,+0.08%,0
"2024-09-17 10:48",12.43,12.45,12.43,12.43,-0.02,-0.16%,0
"2024-09-17 10:49",12.42,12.46,12.42,12.43,0,0.00%,0
"2024-09-17 10:50",12.43,12.49,12.43,12.46,0.03,+0.24%,0
"2024-09-17 10:51",12.47,12.57,12.47,12.57,0.11,+0.88%,0
"2024-09-17 10:52",12.57,12.63,12.57,12.6,0.03,+0.24%,0
"2024-09-17 10:53",12.6,12.64,12.6,12.64,0.04,+0.32%,0
"2024-09-17 10:54",12.64,12.72,12.64,12.72,0.08,+0.63%,0
"2024-09-17 10:55",12.77,12.81,12.77,12.81,0.09,+0.71%,0
"2024-09-17 10:56",12.77,12.86,12.77,12.84,0.03,+0.23%,0
"2024-09-17 10:57",12.85,12.94,12.85,12.9,0.06,+0.47%,0
"2024-09-17 10:58",12.88,13.04,12.88,13.04,0.14,+1.09%,0
"2024-09-17 10:59",13.09,13.46,13.09,13.26,0.22,+1.69%,0
"2024-09-17 11:00",13.2,13.27,13.2,13.27,0.01,+0.08%,0
"2024-09-17 11:01",13.19,13.23,13.18,13.19,-0.08,-0.60%,0
"2024-09-17 11:02",13.19,13.2,13.11,13.11,-0.08,-0.61%,0
"2024-09-17 11:03",13.1,13.15,13.09,13.15,0.04,+0.31%,0
"2024-09-17 11:04",13.15,13.33,13.15,13.33,0.18,+1.37%,0
"2024-09-17 11:05",13.36,13.36,13.27,13.27,-0.06,-0.45%,0
"2024-09-17 11:06",13.27,13.33,13.27,13.27,0,0.00%,0
"2024-09-17 11:07",13.29,13.3,13.26,13.26,-0.01,-0.08%,0
"2024-09-17 11:08",13.28,13.33,13.28,13.31,0.05,+0.38%,0
"2024-09-17 11:09",13.31,13.33,13.31,13.32,0.01,+0.08%,0
"2024-09-17 11:10",13.33,13.4,13.33,13.34,0.02,+0.15%,0
"2024-09-17 11:11",13.34,13.42,13.34,13.37,0.03,+0.22%,0
"2024-09-17 11:12",13.36,13.45,13.36,13.41,0.04,+0.30%,0
"2024-09-17 11:13",13.44,13.45,13.42,13.45,0.04,+0.30%,0
"2024-09-17 11:14",13.44,13.48,13.44,13.46,0.01,+0.07%,0
"2024-09-17 11:15",13.46,13.54,13.46,13.54,0.08,+0.59%,0
"2024-09-17 11:16",13.52,13.53,13.48,13.48,-0.06,-0.44%,0
"2024-09-17 11:17",13.49,13.55,13.49,13.54,0.06,+0.45%,0
"2024-09-17 11:18",13.54,13.66,13.54,13.66,0.12,+0.89%,0
"2024-09-17 11:19",13.64,13.7,13.64,13.7,0.04,+0.29%,0
"2024-09-17 11:20",13.73,13.83,13.73,13.83,0.13,+0.95%,0
"2024-09-17 11:21",13.81,14.07,13.81,14.02,0.19,+1.37%,0
"2024-09-17 11:22",13.95,14.05,13.95,14.05,0.03,+0.21%,0
"2024-09-17 11:23",14.06,14.06,14.01,14.01,-0.04,-0.28%,0
"2024-09-17 11:24",13.98,14.04,13.98,14,-0.01,-0.07%,0
"2024-09-17 11:25",14.01,14.04,14.01,14.04,0.04,+0.29%,0
"2024-09-17 11:26",14.09,14.25,14.09,14.25,0.21,+1.50%,0
"2024-09-17 11:27",14.23,14.29,14.23,14.29,0.04,+0.28%,0
"2024-09-17 11:28",14.23,14.36,14.23,14.36,0.07,+0.49%,0
"2024-09-17 11:29",14.31,14.35,14.3,14.35,-0.01,-0.07%,0
"2024-09-17 11:30",14.4,14.44,14.4,14.44,0.09,+0.63%,0
"2024-09-17 11:31",14.45,14.46,14.42,14.42,-0.02,-0.14%,0
"2024-09-17 11:32",14.42,14.47,14.42,14.45,0.03,+0.21%,0
"2024-09-17 11:33",14.48,14.54,14.48,14.53,0.08,+0.55%,0
"2024-09-17 11:34",14.52,14.56,14.52,14.56,0.03,+0.21%,0
"2024-09-17 11:35",14.55,14.59,14.55,14.58,0.02,+0.14%,0
"2024-09-17 11:36",14.51,14.52,14.51,14.51,-0.07,-0.48%,0
"2024-09-17 11:37",14.52,14.62,14.52,14.62,0.11,+0.76%,0
"2024-09-17 11:38",14.61,14.69,14.61,14.67,0.05,+0.34%,0
"2024-09-17 11:39",14.67,14.68,14.64,14.68,0.01,+0.07%,0
"2024-09-17 11:40",14.68,14.77,14.68,14.77,0.09,+0.61%,0
"2024-09-17 11:41",14.78,14.87,14.78,14.85,0.08,+0.54%,0
"2024-09-17 11:42",14.91,14.91,14.85,14.85,0,0.00%,0
"2024-09-17 11:43",14.85,14.89,14.85,14.89,0.04,+0.27%,0
"2024-09-17 11:44",14.88,14.93,14.88,14.9,0.01,+0.07%,0
"2024-09-17 11:45",14.91,14.96,14.91,14.94,0.04,+0.27%,0
"2024-09-17 11:46",14.89,14.94,14.85,14.85,-0.09,-0.60%,0
"2024-09-17 11:47",14.77,14.92,14.77,14.9,0.05,+0.34%,0
"2024-09-17 11:48",14.89,14.98,14.89,14.98,0.08,+0.54%,0
"2024-09-17 11:49",14.98,15.05,14.98,15.05,0.07,+0.47%,0
"2024-09-17 11:50",15.07,15.07,15.06,15.06,0.01,+0.07%,0
"2024-09-17 11:51",15.01,15.03,15,15.01,-0.05,-0.33%,0
"2024-09-17 11:52",14.99,15.03,14.99,15.03,0.02,+0.13%,0
"2024-09-17 11:53",15.03,15.11,15.03,15.06,0.03,+0.20%,0
"2024-09-17 11:54",15.07,15.17,15.07,15.17,0.11,+0.73%,0
"2024-09-17 11:55",15.18,15.24,15.18,15.22,0.05,+0.33%,0
"2024-09-17 11:56",15.24,15.24,15.22,15.22,0,0.00%,0
"2024-09-17 11:57",15.2,15.2,15.16,15.2,-0.02,-0.13%,0
"2024-09-17 11:58",15.22,15.26,15.22,15.24,0.04,+0.26%,0
"2024-09-17 11:59",15.21,15.23,15.17,15.17,-0.07,-0.46%,0
"2024-09-17 12:00",15.18,15.26,15.18,15.24,0.07,+0.46%,0
"2024-09-17 12:01",15.24,15.25,15.24,15.24,0,0.00%,0
"2024-09-17 12:02",15.24,15.26,15.24,15.26,0.02,+0.13%,0
"2024-09-17 12:03",15.25,15.27,15.21,15.21,-0.05,-0.33%,0
"2024-09-17 12:04",15.26,15.37,15.26,15.37,0.16,+1.05%,0
"2024-09-17 12:05",15.4,15.4,15.36,15.36,-0.01,-0.07%,0
"2024-09-17 12:06",15.38,15.44,15.38,15.44,0.08,+0.52%,0
"2024-09-17 12:07",15.44,15.46,15.44,15.46,0.02,+0.13%,0
"2024-09-17 12:08",15.49,15.56,15.49,15.51,0.05,+0.32%,0
"2024-09-17 12:09",15.54,15.6,15.54,15.57,0.06,+0.39%,0
"2024-09-17 12:10",15.6,15.66,15.6,15.66,0.09,+0.58%,0
"2024-09-17 12:11",15.65,15.68,15.65,15.67,0.01,+0.06%,0
"2024-09-17 12:12",15.68,15.74,15.68,15.74,0.07,+0.45%,0
"2024-09-17 12:13",15.72,15.81,15.72,15.81,0.07,+0.44%,0
"2024-09-17 12:14",15.81,15.81,15.81,15.81,0,0.00%,0
"2024-09-17 12:15",15.84,15.95,15.84,15.95,0.14,+0.89%,0
"2024-09-17 12:16",15.96,16.04,15.96,16.04,0.09,+0.56%,0
"2024-09-17 12:17",16,16.03,15.96,16.03,-0.01,-0.06%,0
"2024-09-17 12:18",16.03,16.31,16.03,16.29,0.26,+1.62%,0
"2024-09-17 12:19",16.35,16.35,16.26,16.34,0.05,+0.31%,0
"2024-09-17 12:20",16.33,16.45,16.33,16.44,0.1,+0.61%,0
"2024-09-17 12:21",16.46,16.51,16.43,16.51,0.07,+0.43%,0
"2024-09-17 12:22",16.5,16.75,16.5,16.74,0.23,+1.39%,0
"2024-09-17 12:23",16.77,17.07,16.77,17.06,0.32,+1.91%,0
"2024-09-17 12:24",17.08,17.11,16.84,16.84,-0.22,-1.29%,0
"2024-09-17 12:25",16.79,16.79,16.67,16.78,-0.06,-0.36%,0
"2024-09-17 12:26",16.88,17.19,16.88,17.19,0.41,+2.44%,0
"2024-09-17 12:27",17.19,17.29,17.11,17.11,-0.08,-0.47%,0
"2024-09-17 12:28",17.02,17.05,17.02,17.03,-0.08,-0.47%,0
"2024-09-17 12:29",17,17.07,17,17.03,0,0.00%,0
"2024-09-17 12:30",17.06,17.27,17.06,17.25,0.22,+1.29%,0
"2024-09-17 12:31",17.27,17.35,17.27,17.34,0.09,+0.52%,0
"2024-09-17 12:32",17.25,17.28,17.25,17.28,-0.06,-0.35%,0
"2024-09-17 12:33",17.28,17.34,17.28,17.32,0.04,+0.23%,0
"2024-09-17 12:34",17.32,17.4,17.32,17.39,0.07,+0.40%,0
"2024-09-17 12:35",17.45,17.45,17.35,17.35,-0.04,-0.23%,0
"2024-09-17 12:36",17.4,17.49,17.4,17.44,0.09,+0.52%,0
"2024-09-17 12:37",17.45,17.53,17.45,17.53,0.09,+0.52%,0
"2024-09-17 12:38",17.54,17.61,17.54,17.57,0.04,+0.23%,0
"2024-09-17 12:39",17.56,17.64,17.56,17.62,0.05,+0.28%,0
"2024-09-17 12:40",17.58,17.59,17.55,17.57,-0.05,-0.28%,0
"2024-09-17 12:41",17.64,17.77,17.64,17.77,0.2,+1.14%,0
"2024-09-17 12:42",17.75,17.89,17.75,17.89,0.12,+0.68%,0
"2024-09-17 12:43",17.92,18.08,17.92,18.08,0.19,+1.06%,0
"2024-09-17 12:44",18.24,18.24,18.16,18.16,0.08,+0.44%,0
"2024-09-17 12:45",18.17,18.25,18.17,18.2,0.04,+0.22%,0
"2024-09-17 12:46",18.1,18.23,18.1,18.21,0.01,+0.05%,0
"2024-09-17 12:47",18.21,18.53,18.21,18.53,0.32,+1.76%,0
"2024-09-17 12:48",18.76,18.76,18.63,18.68,0.15,+0.81%,0
"2024-09-17 12:49",18.9,19.13,18.9,18.94,0.26,+1.39%,0
"2024-09-17 12:50",19.05,19.33,19.05,19.33,0.39,+2.06%,0
"2024-09-17 12:51",19.35,19.35,19.17,19.33,0,0.00%,0
"2024-09-17 12:52",19.27,19.35,19.27,19.35,0.02,+0.10%,0
"2024-09-17 12:53",19.31,19.31,19.02,19.02,-0.33,-1.71%,0
"2024-09-17 12:54",19.03,19.03,18.91,18.91,-0.11,-0.58%,0
"2024-09-17 12:55",18.95,19,18.89,18.89,-0.02,-0.11%,0
"2024-09-17 12:56",18.8,18.82,18.74,18.74,-0.15,-0.79%,0
"2024-09-17 12:57",18.7,18.75,18.67,18.67,-0.07,-0.37%,0
"2024-09-17 12:58",18.66,18.66,18.64,18.64,-0.03,-0.16%,0
"2024-09-17 12:59",18.68,19.03,18.68,18.81,0.17,+0.91%,0
"2024-09-17 13:00",18.88,18.88,18.83,18.88,0.07,+0.37%,0
"2024-09-17 13:01",18.9,18.96,18.89,18.89,0.01,+0.05%,0
"2024-09-17 13:02",18.82,18.95,18.82,18.93,0.04,+0.21%,0
"2024-09-17 13:03",18.95,19,18.95,19,0.07,+0.37%,0
"2024-09-17 13:04",18.99,19.06,18.99,19.06,0.06,+0.32%,0
"2024-09-17 13:05",19.08,19.1,19.03,19.03,-0.03,-0.16%,0
"2024-09-17 13:06",19.02,19.07,19.02,19.06,0.03,+0.16%,0
"2024-09-17 13:07",19.04,19.09,19.04,19.09,0.03,+0.16%,0
"2024-09-17 13:08",19.02,19.07,19.02,19.06,-0.03,-0.16%,0
"2024-09-17 13:09",19.04,19.07,19.03,19.03,-0.03,-0.16%,0
"2024-09-17 13:10",19.03,19.04,18.99,19.04,0.01,+0.05%,0
"2024-09-17 13:11",19.09,19.19,19.09,19.17,0.13,+0.68%,0
"2024-09-17 13:12",19.21,19.24,19.13,19.13,-0.04,-0.21%,0
"2024-09-17 13:13",19.13,19.22,19.1,19.1,-0.03,-0.16%,0
"2024-09-17 13:14",19.04,19.16,19.04,19.16,0.06,+0.31%,0
"2024-09-17 13:15",19.11,19.18,19.11,19.18,0.02,+0.10%,0
"2024-09-17 13:16",19.19,19.26,19.16,19.16,-0.02,-0.10%,0
"2024-09-17 13:17",19.18,19.22,19.18,19.22,0.06,+0.31%,0
"2024-09-17 13:18",19.2,19.24,19.19,19.22,0,0.00%,0
"2024-09-17 13:19",19.22,19.22,19.12,19.16,-0.06,-0.31%,0
"2024-09-17 13:20",19.14,19.14,19.09,19.09,-0.07,-0.37%,0
"2024-09-17 13:21",19.12,19.13,19.12,19.12,0.03,+0.16%,0
"2024-09-17 13:22",19.13,19.13,19.08,19.08,-0.04,-0.21%,0
"2024-09-17 13:23",19.06,19.07,19.02,19.02,-0.06,-0.31%,0
"2024-09-17 13:24",18.99,18.99,18.92,18.93,-0.09,-0.47%,0
"2024-09-17 13:25",18.97,19.03,18.97,19.03,0.1,+0.53%,0
"2024-09-17 13:26",19.04,19.04,18.9,18.9,-0.13,-0.68%,0
"2024-09-17 13:27",18.92,18.96,18.92,18.95,0.05,+0.26%,0
"2024-09-17 13:28",18.95,18.98,18.95,18.97,0.02,+0.11%,0
"2024-09-17 13:29",18.96,19,18.96,19,0.03,+0.16%,0
"2024-09-17 13:30",18.98,19.01,18.92,18.92,-0.08,-0.42%,0
"2024-09-17 13:31",18.88,18.96,18.88,18.94,0.02,+0.11%,0
"2024-09-17 13:32",18.97,19.1,18.97,19.1,0.16,+0.84%,0
"2024-09-17 13:33",19.14,19.19,19.14,19.19,0.09,+0.47%,0
"2024-09-17 13:34",19.23,19.25,19.2,19.25,0.06,+0.31%,0
"2024-09-17 13:35",19.3,19.3,19.26,19.26,0.01,+0.05%,0
"2024-09-17 13:36",19.26,19.27,19.25,19.27,0.01,+0.05%,0
"2024-09-17 13:37",19.23,19.29,19.23,19.28,0.01,+0.05%,0
"2024-09-17 13:38",19.27,19.32,19.27,19.32,0.04,+0.21%,0
"2024-09-17 13:39",19.31,19.39,19.31,19.39,0.07,+0.36%,0
"2024-09-17 13:40",19.39,19.56,19.39,19.56,0.17,+0.88%,0
"2024-09-17 13:41",19.57,19.73,19.57,19.61,0.05,+0.26%,0
"2024-09-17 13:42",19.6,19.69,19.6,19.69,0.08,+0.41%,0
"2024-09-17 13:43",19.75,19.95,19.75,19.9,0.21,+1.07%,0
"2024-09-17 13:44",19.89,19.97,19.89,19.97,0.07,+0.35%,0
"2024-09-17 13:45",19.96,20.3,19.96,20.3,0.33,+1.65%,0
"2024-09-17 13:46",20.23,20.23,20.15,20.18,-0.12,-0.59%,0
"2024-09-17 13:47",20.06,20.07,20.03,20.07,-0.11,-0.55%,0
"2024-09-17 13:48",20.05,20.05,19.91,19.91,-0.16,-0.80%,0
"2024-09-17 13:49",19.95,19.97,19.93,19.93,0.02,+0.10%,0
"2024-09-17 13:50",19.87,19.92,19.85,19.85,-0.08,-0.40%,0
"2024-09-17 13:51",19.83,19.83,19.79,19.79,-0.06,-0.30%,0
"2024-09-17 13:52",19.8,19.8,19.77,19.79,0,0.00%,0
"2024-09-17 13:53",19.78,19.78,19.77,19.77,-0.02,-0.10%,0
"2024-09-17 13:54",19.74,19.78,19.74,19.75,-0.02,-0.10%,0
"2024-09-17 13:55",19.74,19.8,19.74,19.76,0.01,+0.05%,0
"2024-09-17 13:56",19.75,19.81,19.75,19.79,0.03,+0.15%,0
"2024-09-17 13:57",19.77,19.81,19.77,19.8,0.01,+0.05%,0
"2024-09-17 13:58",19.79,19.82,19.78,19.78,-0.02,-0.10%,0
"2024-09-17 13:59",19.77,19.81,19.77,19.81,0.03,+0.15%,0
"2024-09-17 14:00",19.8,19.82,19.75,19.75,-0.06,-0.30%,0
"2024-09-17 14:01",19.7,19.73,19.7,19.7,-0.05,-0.25%,0
"2024-09-17 14:02",19.68,19.71,19.68,19.7,0,0.00%,0
"2024-09-17 14:03",19.7,19.7,19.64,19.64,-0.06,-0.30%,0
"2024-09-17 14:04",19.64,19.67,19.64,19.65,0.01,+0.05%,0
"2024-09-17 14:05",19.64,19.68,19.64,19.66,0.01,+0.05%,0
"2024-09-17 14:06",19.66,19.67,19.64,19.65,-0.01,-0.05%,0
"2024-09-17 14:07",19.64,19.69,19.64,19.64,-0.01,-0.05%,0
"2024-09-17 14:08",19.66,19.67,19.63,19.63,-0.01,-0.05%,0
"2024-09-17 14:09",19.64,19.64,19.56,19.58,-0.05,-0.25%,0
"2024-09-17 14:10",19.58,19.6,19.58,19.58,0,0.00%,0
"2024-09-17 14:11",19.59,19.61,19.54,19.54,-0.04,-0.20%,0
"2024-09-17 14:12",19.52,19.56,19.52,19.56,0.02,+0.10%,0
"2024-09-17 14:13",19.59,19.62,19.59,19.62,0.06,+0.31%,0
"2024-09-17 14:14",19.65,19.68,19.65,19.67,0.05,+0.25%,0
"2024-09-17 14:15",19.66,19.68,19.62,19.62,-0.05,-0.25%,0
"2024-09-17 14:16",19.59,19.59,19.55,19.55,-0.07,-0.36%,0
"2024-09-17 14:17",19.53,19.55,19.52,19.53,-0.02,-0.10%,0
"2024-09-17 14:18",19.54,19.57,19.54,19.57,0.04,+0.20%,0
"2024-09-17 14:19",19.59,19.68,19.59,19.65,0.08,+0.41%,0
"2024-09-17 14:20",19.64,19.7,19.64,19.7,0.05,+0.25%,0
"2024-09-17 14:21",19.72,19.72,19.65,19.65,-0.05,-0.25%,0
"2024-09-17 14:22",19.66,19.69,19.66,19.67,0.02,+0.10%,0
"2024-09-17 14:23",19.66,19.7,19.66,19.7,0.03,+0.15%,0
"2024-09-17 14:24",19.68,19.7,19.68,19.7,0,0.00%,0
"2024-09-17 14:25",19.69,19.71,19.67,19.67,-0.03,-0.15%,0
"2024-09-17 14:26",19.69,19.69,19.68,19.68,0.01,+0.05%,0
"2024-09-17 14:27",19.68,19.71,19.67,19.71,0.03,+0.15%,0
"2024-09-17 14:28",19.74,19.85,19.74,19.78,0.07,+0.36%,0
"2024-09-17 14:29",19.79,19.82,19.79,19.8,0.02,+0.10%,0
"2024-09-17 14:30",19.79,19.87,19.79,19.87,0.07,+0.35%,0
"2024-09-17 14:31",19.86,19.94,19.86,19.94,0.07,+0.35%,0
"2024-09-17 14:32",19.88,19.89,19.84,19.84,-0.1,-0.50%,0
"2024-09-17 14:33",19.85,19.88,19.84,19.88,0.04,+0.20%,0
"2024-09-17 14:34",19.89,19.91,19.89,19.89,0.01,+0.05%,0
"2024-09-17 14:35",19.91,19.91,19.91,19.91,0.02,+0.10%,0
"2024-09-17 14:36",19.92,19.94,19.92,19.94,0.03,+0.15%,0
"2024-09-17 14:37",19.92,19.96,19.92,19.96,0.02,+0.10%,0
"2024-09-17 14:38",19.98,20.01,19.98,20.01,0.05,+0.25%,0
"2024-09-17 14:39",20.01,20.09,20.01,20.09,0.08,+0.40%,0
"2024-09-17 14:40",20.1,20.13,20.1,20.13,0.04,+0.20%,0
"2024-09-17 14:41",20.15,20.29,20.15,20.29,0.16,+0.79%,0
"2024-09-17 14:42",20.32,20.36,20.32,20.34,0.05,+0.25%,0
"2024-09-17 14:43",20.35,20.41,20.35,20.41,0.07,+0.34%,0
"2024-09-17 14:44",20.41,20.55,20.41,20.54,0.13,+0.64%,0
"2024-09-17 14:45",20.54,20.59,20.54,20.55,0.01,+0.05%,0
"2024-09-17 14:46",20.55,20.64,20.55,20.64,0.09,+0.44%,0
"2024-09-17 14:47",20.66,20.73,20.66,20.69,0.05,+0.24%,0
"2024-09-17 14:48",20.69,21.23,20.69,21.23,0.54,+2.61%,0
"2024-09-17 14:49",21.4,21.4,21.1,21.1,-0.13,-0.61%,0
"2024-09-17 14:50",21.11,21.25,21.11,21.23,0.13,+0.62%,0
"2024-09-17 14:51",21.16,21.32,21.16,21.32,0.09,+0.42%,0
"2024-09-17 14:52",21.26,21.29,21.24,21.29,-0.03,-0.14%,0
"2024-09-17 14:53",21.28,21.4,21.28,21.4,0.11,+0.52%,0
"2024-09-17 14:54",21.43,21.43,21.31,21.31,-0.09,-0.42%,0
"2024-09-17 14:55",21.27,21.28,21.25,21.27,-0.04,-0.19%,0
"2024-09-17 14:56",21.23,21.33,21.23,21.29,0.02,+0.09%,0
"2024-09-17 14:57",21.29,21.37,21.29,21.37,0.08,+0.38%,0
"2024-09-17 14:58",21.34,21.34,21.3,21.3,-0.07,-0.33%,0
"2024-09-17 14:59",21.3,21.31,21.27,21.27,-0.03,-0.14%,0
"2024-09-17 15:00",21.32,21.35,21.32,21.35,0.08,+0.38%,0
"2024-09-17 15:01",21.36,21.37,21.33,21.35,0,0.00%,0
"2024-09-17 15:02",21.34,21.35,21.28,21.28,-0.07,-0.33%,0
"2024-09-17 15:03",21.2,21.23,21.2,21.22,-0.06,-0.28%,0
"2024-09-17 15:04",21.23,21.3,21.23,21.26,0.04,+0.19%,0
"2024-09-17 15:05",21.28,21.29,21.26,21.26,0,0.00%,0
"2024-09-17 15:06",21.24,21.33,21.24,21.3,0.04,+0.19%,0
"2024-09-17 15:07",21.3,21.33,21.28,21.28,-0.02,-0.09%,0
"2024-09-17 15:08",21.27,21.38,21.27,21.38,0.1,+0.47%,0
"2024-09-17 15:09",21.33,21.4,21.33,21.38,0,0.00%,0
"2024-09-17 15:10",21.37,21.4,21.35,21.35,-0.03,-0.14%,0
"2024-09-17 15:11",21.33,21.33,21.3,21.3,-0.05,-0.23%,0
"2024-09-17 15:12",21.31,21.31,21.29,21.31,0.01,+0.05%,0
"2024-09-17 15:13",21.33,21.36,21.33,21.35,0.04,+0.19%,0
"2024-09-17 15:14",21.38,21.41,21.37,21.41,0.06,+0.28%,0
"2024-09-17 15:15",21.38,21.41,21.38,21.38,-0.03,-0.14%,0
"2024-09-17 15:16",21.36,21.44,21.36,21.44,0.06,+0.28%,0
"2024-09-17 15:17",21.41,21.44,21.41,21.41,-0.03,-0.14%,0
"2024-09-17 15:18",21.35,21.43,21.35,21.36,-0.05,-0.23%,0
"2024-09-17 15:19",21.36,21.42,21.36,21.41,0.05,+0.23%,0
"2024-09-17 15:20",21.4,21.52,21.4,21.47,0.06,+0.28%,0
"2024-09-17 15:21",21.45,21.55,21.45,21.55,0.08,+0.37%,0
"2024-09-17 15:22",21.55,21.59,21.55,21.59,0.04,+0.19%,0
"2024-09-17 15:23",21.58,21.78,21.58,21.74,0.15,+0.69%,0
"2024-09-17 15:24",21.74,21.78,21.74,21.78,0.04,+0.18%,0
"2024-09-17 15:25",21.76,21.76,21.61,21.61,-0.17,-0.78%,0
"2024-09-17 15:26",21.6,21.66,21.6,21.66,0.05,+0.23%,0
"2024-09-17 15:27",21.63,21.63,21.55,21.62,-0.04,-0.18%,0
"2024-09-17 15:28",21.62,21.71,21.62,21.68,0.06,+0.28%,0
"2024-09-17 15:29",21.68,21.68,21.66,21.66,-0.02,-0.09%,0
"2024-09-17 15:30",21.61,21.68,21.61,21.68,0.02,+0.09%,0
"2024-09-17 15:31",21.68,21.69,21.67,21.67,-0.01,-0.05%,0
"2024-09-17 15:32",21.66,21.79,21.66,21.7,0.03,+0.14%,0
"2024-09-17 15:33",21.71,21.83,21.71,21.81,0.11,+0.51%,0
"2024-09-17 15:34",21.82,21.83,21.64,21.64,-0.17,-0.78%,0
"2024-09-17 15:35",21.66,21.78,21.66,21.74,0.1,+0.46%,0
"2024-09-17 15:36",21.74,21.76,21.68,21.74,0,0.00%,0
"2024-09-17 15:37",21.67,21.71,21.67,21.69,-0.05,-0.23%,0
"2024-09-17 15:38",21.7,21.73,21.7,21.72,0.03,+0.14%,0
"2024-09-17 15:39",21.68,21.72,21.68,21.72,0,0.00%,0
"2024-09-17 15:40",21.72,21.83,21.72,21.83,0.11,+0.51%,0
"2024-09-17 15:41",21.87,21.98,21.87,21.98,0.15,+0.69%,0
"2024-09-17 15:42",21.95,21.96,21.9,21.9,-0.08,-0.36%,0
"2024-09-17 15:43",21.9,22.1,21.9,22.1,0.2,+0.91%,0
"2024-09-17 15:44",22.11,22.2,22.11,22.2,0.1,+0.45%,0
"2024-09-17 15:45",22.22,22.22,22.19,22.19,-0.01,-0.05%,0
"2024-09-17 15:46",22.17,22.17,22.13,22.17,-0.02,-0.09%,0
"2024-09-17 15:47",22.19,22.23,22.18,22.18,0.01,+0.05%,0
"2024-09-17 15:48",22.16,22.17,22.12,22.12,-0.06,-0.27%,0
"2024-09-17 15:49",22.06,22.07,22.02,22.02,-0.1,-0.45%,0
"2024-09-17 15:50",21.97,22.05,21.97,22.02,0,0.00%,0
"2024-09-17 15:51",21.94,21.97,21.89,21.89,-0.13,-0.59%,0
"2024-09-17 15:52",21.81,21.88,21.81,21.88,-0.01,-0.05%,0
"2024-09-17 15:53",21.87,21.88,21.85,21.85,-0.03,-0.14%,0
"2024-09-17 15:54",21.86,21.87,21.83,21.87,0.02,+0.09%,0
"2024-09-17 15:55",21.88,21.95,21.85,21.85,-0.02,-0.09%,0
"2024-09-17 15:56",21.83,21.83,21.71,21.72,-0.13,-0.59%,0
"2024-09-17 15:57",21.74,21.77,21.73,21.77,0.05,+0.23%,0
"2024-09-17 15:58",21.81,21.87,21.72,21.72,-0.05,-0.23%,0
"2024-09-17 15:59",21.73,21.8,21.71,21.71,-0.01,-0.05%,0
"2024-09-17 16:00",21.45,21.48,21.42,21.42,-0.29,-1.34%,0
"2024-09-17 16:01",21.37,21.41,21.37,21.41,-0.01,-0.05%,0
"2024-09-17 16:02",21.42,21.42,21.34,21.34,-0.07,-0.33%,0
"2024-09-17 16:03",21.28,21.36,21.28,21.36,0.02,+0.09%,0
"2024-09-17 16:04",21.41,21.45,21.41,21.45,0.09,+0.42%,0
"2024-09-17 16:05",21.46,21.49,21.46,21.47,0.02,+0.09%,0
"2024-09-17 16:06",21.46,21.53,21.46,21.51,0.04,+0.19%,0
"2024-09-17 16:07",21.5,21.51,21.48,21.48,-0.03,-0.14%,0
"2024-09-17 16:08",21.48,21.51,21.48,21.51,0.03,+0.14%,0
"2024-09-17 16:09",21.52,21.54,21.51,21.51,0,0.00%,0
"2024-09-17 16:10",21.49,21.56,21.45,21.52,0.01,+0.05%,0
"2024-09-17 16:11",21.5,21.51,21.4,21.4,-0.12,-0.56%,0
"2024-09-17 16:12",21.37,21.41,21.37,21.4,0,0.00%,0
"2024-09-17 16:13",21.38,21.43,21.38,21.4,0,0.00%,0
"2024-09-17 16:14",21.35,21.36,21.35,21.36,-0.04,-0.19%,0
"2024-09-17 16:15",21.32,21.32,21.32,21.32,-0.04,-0.19%,0
"2024-09-18 09:31",21.51,21.74,21.51,21.74,0.42,+1.97%,0
"2024-09-18 09:32",21.82,21.82,21.71,21.71,-0.03,-0.14%,0
"2024-09-18 09:33",21.77,21.81,21.72,21.72,0.01,+0.05%,0
"2024-09-18 09:34",21.75,21.89,21.75,21.87,0.15,+0.69%,0
"2024-09-18 09:35",21.87,21.91,21.87,21.89,0.02,+0.09%,0
"2024-09-18 09:36",21.87,21.87,21.57,21.57,-0.32,-1.46%,0
"2024-09-18 09:37",21.58,21.61,21.51,21.51,-0.06,-0.28%,0
"2024-09-18 09:38",21.53,21.53,21.2,21.2,-0.31,-1.44%,0
"2024-09-18 09:39",21.17,21.18,21.07,21.07,-0.13,-0.61%,0
"2024-09-18 09:40",20.97,20.97,20.83,20.84,-0.23,-1.09%,0
"2024-09-18 09:41",20.86,20.87,20.7,20.7,-0.14,-0.67%,0
"2024-09-18 09:42",20.71,20.82,20.71,20.82,0.12,+0.58%,0
"2024-09-18 09:43",20.75,20.77,20.72,20.72,-0.1,-0.48%,0
"2024-09-18 09:44",20.73,20.8,20.72,20.8,0.08,+0.39%,0
"2024-09-18 09:45",20.79,20.8,20.79,20.79,-0.01,-0.05%,0
"2024-09-18 09:46",20.79,20.84,20.79,20.84,0.05,+0.24%,0
"2024-09-18 09:47",20.83,20.87,20.83,20.85,0.01,+0.05%,0
"2024-09-18 09:48",20.84,20.91,20.84,20.91,0.06,+0.29%,0
"2024-09-18 09:49",20.94,20.94,20.87,20.92,0.01,+0.05%,0
"2024-09-18 09:50",20.91,21.11,20.91,21.11,0.19,+0.91%,0
"2024-09-18 09:51",21.07,21.09,21.07,21.07,-0.04,-0.19%,0
"2024-09-18 09:52",21.07,21.11,21.05,21.06,-0.01,-0.05%,0
"2024-09-18 09:53",21.07,21.16,21.07,21.16,0.1,+0.47%,0
"2024-09-18 09:54",21.17,21.17,21.13,21.16,0,0.00%,0
"2024-09-18 09:55",21.19,21.19,21.19,21.19,0.03,+0.14%,0
"2024-09-18 09:56",21.22,21.25,21.22,21.25,0.06,+0.28%,0
"2024-09-18 09:57",21.25,21.25,21.21,21.25,0,0.00%,0
"2024-09-18 09:58",21.23,21.32,21.23,21.32,0.07,+0.33%,0
"2024-09-18 09:59",21.3,21.32,21.28,21.28,-0.04,-0.19%,0
"2024-09-18 10:00",21.25,21.35,21.25,21.33,0.05,+0.23%,0
"2024-09-18 10:01",21.32,21.32,21.27,21.27,-0.06,-0.28%,0
"2024-09-18 10:02",21.23,21.29,21.23,21.25,-0.02,-0.09%,0
"2024-09-18 10:03",21.34,21.38,21.3,21.3,0.05,+0.24%,0
"2024-09-18 10:04",21.29,21.34,21.29,21.34,0.04,+0.19%,0
"2024-09-18 10:05",21.32,21.37,21.31,21.36,0.02,+0.09%,0
"2024-09-18 10:06",21.37,21.45,21.37,21.38,0.02,+0.09%,0
"2024-09-18 10:07",21.36,21.41,21.3,21.41,0.03,+0.14%,0
"2024-09-18 10:08",21.4,21.51,21.4,21.45,0.04,+0.19%,0
"2024-09-18 10:09",21.38,21.42,21.38,21.42,-0.03,-0.14%,0
"2024-09-18 10:10",21.42,21.51,21.42,21.48,0.06,+0.28%,0
"2024-09-18 10:11",21.46,21.71,21.46,21.71,0.23,+1.07%,0
"2024-09-18 10:12",21.79,21.79,21.61,21.61,-0.1,-0.46%,0
"2024-09-18 10:13",21.56,21.69,21.56,21.69,0.08,+0.37%,0
"2024-09-18 10:14",21.75,21.82,21.75,21.75,0.06,+0.28%,0
"2024-09-18 10:15",21.69,21.7,21.61,21.61,-0.14,-0.64%,0
"2024-09-18 10:16",21.6,21.8,21.6,21.8,0.19,+0.88%,0
"2024-09-18 10:17",21.85,21.85,21.83,21.83,0.03,+0.14%,0
"2024-09-18 10:18",21.81,21.84,21.81,21.83,0,0.00%,0
"2024-09-18 10:19",21.85,21.93,21.85,21.93,0.1,+0.46%,0
"2024-09-18 10:20",21.92,22.04,21.92,22.04,0.11,+0.50%,0
"2024-09-18 10:21",22.05,22.05,22.02,22.02,-0.02,-0.09%,0
"2024-09-18 10:22",22.06,22.1,22.06,22.1,0.08,+0.36%,0
"2024-09-18 10:23",22.16,22.18,22.11,22.11,0.01,+0.05%,0
"2024-09-18 10:24",22.12,22.13,22.11,22.11,0,0.00%,0
"2024-09-18 10:25",22.1,22.15,22.1,22.13,0.02,+0.09%,0
"2024-09-18 10:26",22.14,22.2,22.14,22.17,0.04,+0.18%,0
"2024-09-18 10:27",22.21,22.23,22.19,22.19,0.02,+0.09%,0
"2024-09-18 10:28",22.23,22.23,22.17,22.23,0.04,+0.18%,0
"2024-09-18 10:29",22.25,22.3,22.25,22.28,0.05,+0.22%,0
"2024-09-18 10:30",22.27,22.39,22.27,22.39,0.11,+0.49%,0
"2024-09-18 10:31",22.46,22.61,22.46,22.56,0.17,+0.76%,0
"2024-09-18 10:32",22.47,22.55,22.47,22.53,-0.03,-0.13%,0
"2024-09-18 10:33",22.47,22.52,22.43,22.43,-0.1,-0.44%,0
"2024-09-18 10:34",22.44,22.52,22.44,22.52,0.09,+0.40%,0
"2024-09-18 10:35",22.54,22.54,22.48,22.51,-0.01,-0.04%,0
"2024-09-18 10:36",22.5,22.53,22.47,22.53,0.02,+0.09%,0
"2024-09-18 10:37",22.53,22.57,22.52,22.52,-0.01,-0.04%,0
"2024-09-18 10:38",22.53,22.57,22.48,22.48,-0.04,-0.18%,0
"2024-09-18 10:39",22.45,22.45,22.39,22.39,-0.09,-0.40%,0
"2024-09-18 10:40",22.36,22.36,22.24,22.24,-0.15,-0.67%,0
"2024-09-18 10:41",22.25,22.31,22.25,22.31,0.07,+0.31%,0
"2024-09-18 10:42",22.29,22.29,22.24,22.24,-0.07,-0.31%,0
"2024-09-18 10:43",22.21,22.27,22.2,22.2,-0.04,-0.18%,0
"2024-09-18 10:44",22.19,22.34,22.19,22.34,0.14,+0.63%,0
"2024-09-18 10:45",22.33,22.38,22.33,22.38,0.04,+0.18%,0
"2024-09-18 10:46",22.36,22.41,22.36,22.38,0,0.00%,0
"2024-09-18 10:47",22.39,22.39,22.34,22.35,-0.03,-0.13%,0
"2024-09-18 10:48",22.37,22.42,22.37,22.42,0.07,+0.31%,0
"2024-09-18 10:49",22.43,22.51,22.43,22.43,0.01,+0.04%,0
"2024-09-18 10:50",22.47,22.51,22.47,22.51,0.08,+0.36%,0
"2024-09-18 10:51",22.52,22.59,22.5,22.5,-0.01,-0.04%,0
"2024-09-18 10:52",22.5,22.54,22.5,22.53,0.03,+0.13%,0
"2024-09-18 10:53",22.58,22.6,22.54,22.54,0.01,+0.04%,0
"2024-09-18 10:54",22.6,22.64,22.57,22.57,0.03,+0.13%,0
"2024-09-18 10:55",22.58,22.58,22.54,22.54,-0.03,-0.13%,0
"2024-09-18 10:56",22.58,22.67,22.58,22.66,0.12,+0.53%,0
"2024-09-18 10:57",22.69,22.69,22.67,22.69,0.03,+0.13%,0
"2024-09-18 10:58",22.71,22.73,22.65,22.65,-0.04,-0.18%,0
"2024-09-18 10:59",22.65,22.7,22.65,22.69,0.04,+0.18%,0
"2024-09-18 11:00",22.68,22.7,22.6,22.6,-0.09,-0.40%,0
"2024-09-18 11:01",22.59,22.59,22.54,22.54,-0.06,-0.27%,0
"2024-09-18 11:02",22.55,22.55,22.5,22.55,0.01,+0.04%,0
"2024-09-18 11:03",22.56,22.59,22.56,22.57,0.02,+0.09%,0
"2024-09-18 11:04",22.54,22.63,22.54,22.63,0.06,+0.27%,0
"2024-09-18 11:05",22.63,22.63,22.6,22.6,-0.03,-0.13%,0
"2024-09-18 11:06",22.67,22.73,22.67,22.73,0.13,+0.58%,0
"2024-09-18 11:07",22.72,22.79,22.72,22.79,0.06,+0.26%,0
"2024-09-18 11:08",22.76,22.8,22.73,22.73,-0.06,-0.26%,0
"2024-09-18 11:09",22.7,22.74,22.7,22.7,-0.03,-0.13%,0
"2024-09-18 11:10",22.74,22.89,22.74,22.86,0.16,+0.70%,0
"2024-09-18 11:11",22.85,22.86,22.85,22.85,-0.01,-0.04%,0
"2024-09-18 11:12",22.87,22.91,22.87,22.87,0.02,+0.09%,0
"2024-09-18 11:13",22.89,22.93,22.89,22.92,0.05,+0.22%,0
"2024-09-18 11:14",22.92,22.92,22.78,22.78,-0.14,-0.61%,0
"2024-09-18 11:15",22.8,22.89,22.8,22.89,0.11,+0.48%,0
"2024-09-18 11:16",22.89,22.92,22.89,22.92,0.03,+0.13%,0
"2024-09-18 11:17",22.93,23.09,22.93,23.09,0.17,+0.74%,0
"2024-09-18 11:18",23.06,23.09,23.05,23.08,-0.01,-0.04%,0
"2024-09-18 11:19",23.08,23.1,23.08,23.1,0.02,+0.09%,0
"2024-09-18 11:20",23.1,23.17,23.1,23.17,0.07,+0.30%,0
"2024-09-18 11:21",23.14,23.17,23.14,23.17,0,0.00%,0
"2024-09-18 11:22",23.16,23.29,23.16,23.29,0.12,+0.52%,0
"2024-09-18 11:23",23.25,23.34,23.25,23.33,0.04,+0.17%,0
"2024-09-18 11:24",23.33,23.33,23.31,23.31,-0.02,-0.09%,0
"2024-09-18 11:25",23.34,23.39,23.34,23.39,0.08,+0.34%,0
"2024-09-18 11:26",23.41,23.41,23.34,23.4,0.01,+0.04%,0
"2024-09-18 11:27",23.36,23.42,23.36,23.37,-0.03,-0.13%,0
"2024-09-18 11:28",23.34,23.35,23.16,23.16,-0.21,-0.90%,0
"2024-09-18 11:29",23.1,23.12,23.1,23.11,-0.05,-0.22%,0
"2024-09-18 11:30",23.08,23.24,23.08,23.24,0.13,+0.56%,0
"2024-09-18 11:31",23.28,23.28,23.23,23.23,-0.01,-0.04%,0
"2024-09-18 11:32",23.24,23.36,23.24,23.36,0.13,+0.56%,0
"2024-09-18 11:33",23.32,23.37,23.32,23.37,0.01,+0.04%,0
"2024-09-18 11:34",23.37,23.37,23.33,23.37,0,0.00%,0
"2024-09-18 11:35",23.33,23.38,23.33,23.38,0.01,+0.04%,0
"2024-09-18 11:36",23.34,23.37,23.34,23.36,-0.02,-0.09%,0
"2024-09-18 11:37",23.36,23.39,23.35,23.39,0.03,+0.13%,0
"2024-09-18 11:38",23.38,23.4,23.38,23.38,-0.01,-0.04%,0
"2024-09-18 11:39",23.39,23.45,23.39,23.45,0.07,+0.30%,0
"2024-09-18 11:40",23.46,23.51,23.46,23.49,0.04,+0.17%,0
"2024-09-18 11:41",23.5,23.55,23.5,23.55,0.06,+0.26%,0
"2024-09-18 11:42",23.56,23.63,23.56,23.63,0.08,+0.34%,0
"2024-09-18 11:43",23.67,23.69,23.67,23.69,0.06,+0.25%,0
"2024-09-18 11:44",23.7,23.75,23.7,23.75,0.06,+0.25%,0
"2024-09-18 11:45",23.73,23.78,23.73,23.77,0.02,+0.08%,0
"2024-09-18 11:46",23.82,24.02,23.82,24.02,0.25,+1.05%,0
"2024-09-18 11:47",24.06,24.11,24.06,24.11,0.09,+0.37%,0
"2024-09-18 11:48",24.1,24.1,23.93,23.99,-0.12,-0.50%,0
"2024-09-18 11:49",23.97,24.05,23.97,24.05,0.06,+0.25%,0
"2024-09-18 11:50",24.02,24.03,23.98,24.03,-0.02,-0.08%,0
"2024-09-18 11:51",23.99,24.15,23.99,24.15,0.12,+0.50%,0
"2024-09-18 11:52",24.2,24.2,24.19,24.19,0.04,+0.17%,0
"2024-09-18 11:53",24.2,24.2,24.18,24.2,0.01,+0.04%,0
"2024-09-18 11:54",24.19,24.24,24.19,24.24,0.04,+0.17%,0
"2024-09-18 11:55",24.25,24.26,24.19,24.19,-0.05,-0.21%,0
"2024-09-18 11:56",24.22,24.27,24.15,24.15,-0.04,-0.17%,0
"2024-09-18 11:57",24.15,24.19,24.15,24.19,0.04,+0.17%,0
"2024-09-18 11:58",24.19,24.22,24.19,24.21,0.02,+0.08%,0
"2024-09-18 11:59",24.21,24.38,24.21,24.37,0.16,+0.66%,0
"2024-09-18 12:00",24.37,24.42,24.36,24.36,-0.01,-0.04%,0
"2024-09-18 12:01",24.31,24.32,24.3,24.31,-0.05,-0.21%,0
"2024-09-18 12:02",24.33,24.43,24.33,24.42,0.11,+0.45%,0
"2024-09-18 12:03",24.45,24.48,24.45,24.48,0.06,+0.25%,0
"2024-09-18 12:04",24.52,24.56,24.51,24.56,0.08,+0.33%,0
"2024-09-18 12:05",24.54,24.56,24.53,24.56,0,0.00%,0
"2024-09-18 12:06",24.55,24.55,24.5,24.5,-0.06,-0.24%,0
"2024-09-18 12:07",24.46,24.46,24.39,24.42,-0.08,-0.33%,0
"2024-09-18 12:08",24.37,24.42,24.37,24.42,0,0.00%,0
"2024-09-18 12:09",24.43,24.43,24.41,24.41,-0.01,-0.04%,0
"2024-09-18 12:10",24.41,24.41,24.32,24.34,-0.07,-0.29%,0
"2024-09-18 12:11",24.28,24.28,24.22,24.25,-0.09,-0.37%,0
"2024-09-18 12:12",24.28,24.3,24.25,24.25,0,0.00%,0
"2024-09-18 12:13",24.23,24.23,24.15,24.15,-0.1,-0.41%,0
"2024-09-18 12:14",24.15,24.19,24.14,24.14,-0.01,-0.04%,0
"2024-09-18 12:15",24.12,24.14,24.11,24.11,-0.03,-0.12%,0
"2024-09-18 12:16",24.09,24.09,24.02,24.02,-0.09,-0.37%,0
"2024-09-18 12:17",24.04,24.06,24.02,24.02,0,0.00%,0
"2024-09-18 12:18",24.01,24.02,23.97,24,-0.02,-0.08%,0
"2024-09-18 12:19",23.99,24,23.97,23.97,-0.03,-0.13%,0
"2024-09-18 12:20",23.98,24,23.94,23.94,-0.03,-0.13%,0
"2024-09-18 12:21",23.93,23.95,23.92,23.92,-0.02,-0.08%,0
"2024-09-18 12:22",23.92,23.95,23.92,23.92,0,0.00%,0
"2024-09-18 12:23",23.89,23.91,23.87,23.87,-0.05,-0.21%,0
"2024-09-18 12:24",23.85,23.89,23.85,23.89,0.02,+0.08%,0
"2024-09-18 12:25",23.9,23.93,23.89,23.89,0,0.00%,0
"2024-09-18 12:26",23.87,23.87,23.82,23.82,-0.07,-0.29%,0
"2024-09-18 12:27",23.81,23.82,23.8,23.8,-0.02,-0.08%,0
"2024-09-18 12:28",23.8,23.81,23.78,23.78,-0.02,-0.08%,0
"2024-09-18 12:29",23.75,23.81,23.75,23.77,-0.01,-0.04%,0
"2024-09-18 12:30",23.77,23.79,23.77,23.79,0.02,+0.08%,0
"2024-09-18 12:31",23.8,23.83,23.8,23.83,0.04,+0.17%,0
"2024-09-18 12:32",23.81,23.83,23.81,23.81,-0.02,-0.08%,0
"2024-09-18 12:33",23.79,23.83,23.79,23.82,0.01,+0.04%,0
"2024-09-18 12:34",23.82,23.84,23.82,23.83,0.01,+0.04%,0
"2024-09-18 12:35",23.84,23.87,23.84,23.87,0.04,+0.17%,0
"2024-09-18 12:36",23.84,23.84,23.78,23.78,-0.09,-0.38%,0
"2024-09-18 12:37",23.78,23.82,23.78,23.81,0.03,+0.13%,0
"2024-09-18 12:38",23.8,23.8,23.78,23.78,-0.03,-0.13%,0
"2024-09-18 12:39",23.77,23.79,23.77,23.79,0.01,+0.04%,0
"2024-09-18 12:40",23.8,23.86,23.8,23.86,0.07,+0.29%,0
"2024-09-18 12:41",23.89,23.89,23.81,23.81,-0.05,-0.21%,0
"2024-09-18 12:42",23.81,23.81,23.79,23.79,-0.02,-0.08%,0
"2024-09-18 12:43",23.8,23.8,23.74,23.74,-0.05,-0.21%,0
"2024-09-18 12:44",23.7,23.73,23.7,23.73,-0.01,-0.04%,0
"2024-09-18 12:45",23.74,23.76,23.74,23.76,0.03,+0.13%,0
"2024-09-18 12:46",23.76,23.77,23.75,23.77,0.01,+0.04%,0
"2024-09-18 12:47",23.75,23.77,23.69,23.69,-0.08,-0.34%,0
"2024-09-18 12:48",23.66,23.67,23.66,23.66,-0.03,-0.13%,0
"2024-09-18 12:49",23.69,23.71,23.69,23.69,0.03,+0.13%,0
"2024-09-18 12:50",23.69,23.69,23.65,23.68,-0.01,-0.04%,0
"2024-09-18 12:51",23.63,23.68,23.63,23.68,0,0.00%,0
"2024-09-18 12:52",23.66,23.66,23.64,23.64,-0.04,-0.17%,0
"2024-09-18 12:53",23.64,23.65,23.64,23.64,0,0.00%,0
"2024-09-18 12:54",23.64,23.64,23.59,23.59,-0.05,-0.21%,0
"2024-09-18 12:55",23.61,23.61,23.59,23.59,0,0.00%,0
"2024-09-18 12:56",23.58,23.58,23.56,23.56,-0.03,-0.13%,0
"2024-09-18 12:57",23.53,23.54,23.53,23.54,-0.02,-0.08%,0
"2024-09-18 12:58",23.57,23.61,23.57,23.61,0.07,+0.30%,0
"2024-09-18 12:59",23.59,23.59,23.55,23.55,-0.06,-0.25%,0
"2024-09-18 13:00",23.55,23.57,23.54,23.54,-0.01,-0.04%,0
"2024-09-18 13:01",23.54,23.6,23.54,23.6,0.06,+0.25%,0
"2024-09-18 13:02",23.6,23.61,23.59,23.59,-0.01,-0.04%,0
"2024-09-18 13:03",23.57,23.57,23.57,23.57,-0.02,-0.08%,0
"2024-09-18 13:04",23.58,23.6,23.58,23.6,0.03,+0.13%,0
"2024-09-18 13:05",23.57,23.6,23.57,23.57,-0.03,-0.13%,0
"2024-09-18 13:06",23.58,23.62,23.56,23.56,-0.01,-0.04%,0
"2024-09-18 13:07",23.57,23.59,23.53,23.53,-0.03,-0.13%,0
"2024-09-18 13:08",23.52,23.52,23.48,23.5,-0.03,-0.13%,0
"2024-09-18 13:09",23.49,23.53,23.49,23.53,0.03,+0.13%,0
"2024-09-18 13:10",23.52,23.54,23.51,23.51,-0.02,-0.08%,0
"2024-09-18 13:11",23.52,23.56,23.52,23.55,0.04,+0.17%,0
"2024-09-18 13:12",23.55,23.56,23.54,23.56,0.01,+0.04%,0
"2024-09-18 13:13",23.61,23.61,23.58,23.59,0.03,+0.13%,0
"2024-09-18 13:14",23.62,23.65,23.62,23.62,0.03,+0.13%,0
"2024-09-18 13:15",23.62,23.66,23.61,23.64,0.02,+0.08%,0
"2024-09-18 13:16",23.65,23.7,23.65,23.7,0.06,+0.25%,0
"2024-09-18 13:17",23.69,23.76,23.69,23.76,0.06,+0.25%,0
"2024-09-18 13:18",23.71,23.74,23.71,23.73,-0.03,-0.13%,0
"2024-09-18 13:19",23.71,23.75,23.7,23.72,-0.01,-0.04%,0
"2024-09-18 13:20",23.73,23.8,23.73,23.8,0.08,+0.34%,0
"2024-09-18 13:21",23.85,23.88,23.84,23.86,0.06,+0.25%,0
"2024-09-18 13:22",23.88,24.05,23.88,24.05,0.19,+0.80%,0
"2024-09-18 13:23",24.02,24.06,24.01,24.04,-0.01,-0.04%,0
"2024-09-18 13:24",24.04,24.07,24.04,24.04,0,0.00%,0
"2024-09-18 13:25",24.02,24.02,23.93,23.93,-0.11,-0.46%,0
"2024-09-18 13:26",23.89,23.89,23.86,23.88,-0.05,-0.21%,0
"2024-09-18 13:27",23.88,23.91,23.88,23.91,0.03,+0.13%,0
"2024-09-18 13:28",23.93,23.93,23.91,23.91,0,0.00%,0
"2024-09-18 13:29",23.92,23.92,23.88,23.88,-0.03,-0.13%,0
"2024-09-18 13:30",23.87,23.9,23.86,23.86,-0.02,-0.08%,0
"2024-09-18 13:31",23.88,23.88,23.85,23.85,-0.01,-0.04%,0
"2024-09-18 13:32",23.8,23.8,23.78,23.78,-0.07,-0.29%,0
"2024-09-18 13:33",23.81,23.89,23.81,23.89,0.11,+0.46%,0
"2024-09-18 13:34",23.85,23.88,23.84,23.84,-0.05,-0.21%,0
"2024-09-18 13:35",23.83,23.84,23.82,23.82,-0.02,-0.08%,0
"2024-09-18 13:36",23.81,23.89,23.81,23.89,0.07,+0.29%,0
"2024-09-18 13:37",23.89,24.24,23.89,24.05,0.16,+0.67%,0
"2024-09-18 13:38",24.05,24.15,24.05,24.14,0.09,+0.37%,0
"2024-09-18 13:39",24.14,24.22,24.14,24.22,0.08,+0.33%,0
"2024-09-18 13:40",24.22,24.27,24.22,24.27,0.05,+0.21%,0
"2024-09-18 13:41",24.28,24.33,24.28,24.33,0.06,+0.25%,0
"2024-09-18 13:42",24.35,24.46,24.35,24.46,0.13,+0.53%,0
"2024-09-18 13:43",24.51,24.54,24.51,24.54,0.08,+0.33%,0
"2024-09-18 13:44",24.55,24.59,24.55,24.59,0.05,+0.20%,0
"2024-09-18 13:45",24.55,24.55,24.52,24.55,-0.04,-0.16%,0
"2024-09-18 13:46",24.5,24.58,24.5,24.56,0.01,+0.04%,0
"2024-09-18 13:47",24.58,24.7,24.58,24.7,0.14,+0.57%,0
"2024-09-18 13:48",24.7,24.71,24.68,24.68,-0.02,-0.08%,0
"2024-09-18 13:49",24.67,24.82,24.67,24.82,0.14,+0.57%,0
"2024-09-18 13:50",24.85,24.95,24.85,24.95,0.13,+0.52%,0
"2024-09-18 13:51",24.93,24.97,24.89,24.91,-0.04,-0.16%,0
"2024-09-18 13:52",24.9,25.04,24.9,25.04,0.13,+0.52%,0
"2024-09-18 13:53",24.97,25.02,24.97,25,-0.04,-0.16%,0
"2024-09-18 13:54",25.03,25.03,24.91,24.91,-0.09,-0.36%,0
"2024-09-18 13:55",24.93,25.04,24.93,25.04,0.13,+0.52%,0
"2024-09-18 13:56",25.03,25.09,25.03,25.09,0.05,+0.20%,0
"2024-09-18 13:57",25.04,25.04,24.98,24.98,-0.11,-0.44%,0
"2024-09-18 13:58",24.93,25.02,24.89,24.89,-0.09,-0.36%,0
"2024-09-18 13:59",24.96,24.96,24.87,24.96,0.07,+0.28%,0
"2024-09-18 14:00",24.54,24.54,24.54,24.54,-0.42,-1.68%,0
"2024-09-18 14:01",22.65,22.65,20.92,20.92,-3.62,-14.75%,0
"2024-09-18 14:02",20.75,21.04,20.75,21.04,0.12,+0.57%,0
"2024-09-18 14:03",21.01,21.32,21.01,21.32,0.28,+1.33%,0
"2024-09-18 14:04",21.82,21.91,21.82,21.9,0.58,+2.72%,0
"2024-09-18 14:05",21.89,21.89,21.52,21.73,-0.17,-0.78%,0
"2024-09-18 14:06",21.86,21.86,21.73,21.8,0.07,+0.32%,0
"2024-09-18 14:07",21.66,21.78,21.56,21.78,-0.02,-0.09%,0
"2024-09-18 14:08",21.93,22.4,21.93,22.4,0.62,+2.85%,0
"2024-09-18 14:09",21.99,22.05,21.9,21.97,-0.43,-1.92%,0
"2024-09-18 14:10",21.91,22.09,21.86,21.89,-0.08,-0.36%,0
"2024-09-18 14:11",21.8,21.91,21.79,21.8,-0.09,-0.41%,0
"2024-09-18 14:12",22.16,22.17,21.93,22.15,0.35,+1.61%,0
"2024-09-18 14:13",22.35,22.35,22.02,22.02,-0.13,-0.59%,0
"2024-09-18 14:14",22.02,22.18,21.65,21.65,-0.37,-1.68%,0
"2024-09-18 14:15",21.56,21.56,21.23,21.23,-0.42,-1.94%,0
"2024-09-18 14:16",21.28,21.28,21.14,21.15,-0.08,-0.38%,0
"2024-09-18 14:17",21.02,21.02,20.88,20.88,-0.27,-1.28%,0
"2024-09-18 14:18",20.73,20.73,20.52,20.62,-0.26,-1.25%,0
"2024-09-18 14:19",20.41,20.51,20.41,20.5,-0.12,-0.58%,0
"2024-09-18 14:20",20.42,20.42,20.11,20.11,-0.39,-1.90%,0
"2024-09-18 14:21",20,20.12,20,20.11,0,0.00%,0
"2024-09-18 14:22",20.17,20.28,20.11,20.2,0.09,+0.45%,0
"2024-09-18 14:23",20.03,20.14,20.03,20.07,-0.13,-0.64%,0
"2024-09-18 14:24",20.06,20.11,20.06,20.06,-0.01,-0.05%,0
"2024-09-18 14:25",20.05,20.05,19.84,19.84,-0.22,-1.10%,0
"2024-09-18 14:26",19.81,20.02,19.81,20.02,0.18,+0.91%,0
"2024-09-18 14:27",20.06,20.24,20.06,20.22,0.2,+1.00%,0
"2024-09-18 14:28",20.19,20.19,19.93,19.93,-0.29,-1.43%,0
"2024-09-18 14:29",19.93,19.99,19.81,19.81,-0.12,-0.60%,0
"2024-09-18 14:30",19.82,19.84,19.7,19.78,-0.03,-0.15%,0
"2024-09-18 14:31",19.84,19.9,19.82,19.82,0.04,+0.20%,0
"2024-09-18 14:32",19.83,19.94,19.7,19.7,-0.12,-0.61%,0
"2024-09-18 14:33",19.6,19.6,19.44,19.44,-0.26,-1.32%,0
"2024-09-18 14:34",19.45,19.5,19.44,19.44,0,0.00%,0
"2024-09-18 14:35",19.46,19.52,19.46,19.5,0.06,+0.31%,0
"2024-09-18 14:36",20.08,20.08,19.88,19.88,0.38,+1.95%,0
"2024-09-18 14:37",20.23,20.23,20,20.05,0.17,+0.86%,0
"2024-09-18 14:38",20.01,20.01,19.94,19.94,-0.11,-0.55%,0
"2024-09-18 14:39",19.93,20.05,19.93,19.99,0.05,+0.25%,0
"2024-09-18 14:40",20.18,20.32,20.1,20.26,0.27,+1.35%,0
"2024-09-18 14:41",20.2,20.41,20.2,20.36,0.1,+0.49%,0
"2024-09-18 14:42",20.36,20.5,20.36,20.5,0.14,+0.69%,0
"2024-09-18 14:43",20.48,20.68,20.43,20.43,-0.07,-0.34%,0
"2024-09-18 14:44",20.54,20.66,20.42,20.63,0.2,+0.98%,0
"2024-09-18 14:45",20.62,20.62,20.48,20.48,-0.15,-0.73%,0
"2024-09-18 14:46",20.44,20.44,20.06,20.06,-0.42,-2.05%,0
"2024-09-18 14:47",19.92,19.92,19.71,19.79,-0.27,-1.35%,0
"2024-09-18 14:48",20.11,20.11,19.71,19.89,0.1,+0.51%,0
"2024-09-18 14:49",19.85,19.85,19.64,19.66,-0.23,-1.16%,0
"2024-09-18 14:50",19.75,19.75,19.59,19.59,-0.07,-0.36%,0
"2024-09-18 14:51",19.59,19.59,19.33,19.33,-0.26,-1.33%,0
"2024-09-18 14:52",19.33,19.33,19.11,19.11,-0.22,-1.14%,0
"2024-09-18 14:53",19.06,19.15,19.06,19.15,0.04,+0.21%,0
"2024-09-18 14:54",18.99,19.1,18.99,19.1,-0.05,-0.26%,0
"2024-09-18 14:55",19.08,19.08,18.97,18.97,-0.13,-0.68%,0
"2024-09-18 14:56",18.98,19.2,18.98,19.2,0.23,+1.21%,0
"2024-09-18 14:57",19.24,19.24,19.1,19.16,-0.04,-0.21%,0
"2024-09-18 14:58",19.14,19.43,19.14,19.43,0.27,+1.41%,0
"2024-09-18 14:59",19.43,19.61,19.43,19.61,0.18,+0.93%,0
"2024-09-18 15:00",19.71,19.89,19.71,19.82,0.21,+1.07%,0
"2024-09-18 15:01",19.98,20.06,19.89,20.02,0.2,+1.01%,0
"2024-09-18 15:02",20.1,20.1,19.92,19.92,-0.1,-0.50%,0
"2024-09-18 15:03",19.73,19.73,19.61,19.66,-0.26,-1.31%,0
"2024-09-18 15:04",19.65,19.65,19.38,19.4,-0.26,-1.32%,0
"2024-09-18 15:05",19.25,19.75,19.25,19.61,0.21,+1.08%,0
"2024-09-18 15:06",19.63,19.63,19.53,19.59,-0.02,-0.10%,0
"2024-09-18 15:07",19.5,19.5,19.39,19.39,-0.2,-1.02%,0
"2024-09-18 15:08",19.38,19.38,19.32,19.33,-0.06,-0.31%,0
"2024-09-18 15:09",19.34,19.49,19.34,19.49,0.16,+0.83%,0
"2024-09-18 15:10",19.54,19.7,19.47,19.47,-0.02,-0.10%,0
"2024-09-18 15:11",19.42,19.44,18.89,18.89,-0.58,-2.98%,0
"2024-09-18 15:12",19.03,19.03,18.86,18.86,-0.03,-0.16%,0
"2024-09-18 15:13",18.74,18.74,18.37,18.37,-0.49,-2.60%,0
"2024-09-18 15:14",18.47,18.47,18.24,18.24,-0.13,-0.71%,0
"2024-09-18 15:15",18.2,18.2,17.98,17.98,-0.26,-1.43%,0
"2024-09-18 15:16",18.15,18.33,18.15,18.33,0.35,+1.95%,0
"2024-09-18 15:17",18.33,18.48,18.33,18.48,0.15,+0.82%,0
"2024-09-18 15:18",18.4,18.67,18.4,18.6,0.12,+0.65%,0
"2024-09-18 15:19",18.62,18.62,18.49,18.52,-0.08,-0.43%,0
"2024-09-18 15:20",18.46,18.72,18.46,18.72,0.2,+1.08%,0
"2024-09-18 15:21",18.97,19.3,18.97,19.18,0.46,+2.46%,0
"2024-09-18 15:22",18.76,19.2,18.76,19.2,0.02,+0.10%,0
"2024-09-18 15:23",19.22,19.22,18.91,18.91,-0.29,-1.51%,0
"2024-09-18 15:24",18.7,18.83,18.69,18.83,-0.08,-0.42%,0
"2024-09-18 15:25",18.61,18.61,18.52,18.58,-0.25,-1.33%,0
"2024-09-18 15:26",18.31,18.31,18.03,18.03,-0.55,-2.96%,0
"2024-09-18 15:27",17.94,17.94,17.76,17.76,-0.27,-1.50%,0
"2024-09-18 15:28",17.82,17.98,17.73,17.98,0.22,+1.24%,0
"2024-09-18 15:29",18.1,18.39,18.1,18.22,0.24,+1.33%,0
"2024-09-18 15:30",18.19,18.19,17.96,17.96,-0.26,-1.43%,0
"2024-09-18 15:31",17.95,18.09,17.95,17.96,0,0.00%,0
"2024-09-18 15:32",18.1,18.61,18.1,18.61,0.65,+3.62%,0
"2024-09-18 15:33",18.5,18.81,18.5,18.81,0.2,+1.07%,0
"2024-09-18 15:34",18.81,19.01,18.81,18.92,0.11,+0.58%,0
"2024-09-18 15:35",19,19.17,19,19.17,0.25,+1.32%,0
"2024-09-18 15:36",19.41,19.41,19.26,19.37,0.2,+1.04%,0
"2024-09-18 15:37",19.53,19.6,19.49,19.6,0.23,+1.19%,0
"2024-09-18 15:38",19.38,19.38,18.86,18.86,-0.74,-3.78%,0
"2024-09-18 15:39",18.76,19.01,18.57,18.9,0.04,+0.21%,0
"2024-09-18 15:40",18.66,18.95,18.66,18.95,0.05,+0.26%,0
"2024-09-18 15:41",18.84,19.15,18.84,19.15,0.2,+1.06%,0
"2024-09-18 15:42",19.14,19.22,19.1,19.1,-0.05,-0.26%,0
"2024-09-18 15:43",19.08,19.18,18.94,18.94,-0.16,-0.84%,0
"2024-09-18 15:44",18.95,19.07,18.95,19.07,0.13,+0.69%,0
"2024-09-18 15:45",19.39,19.42,19.14,19.14,0.07,+0.37%,0
"2024-09-18 15:46",19.09,19.31,19.04,19.31,0.17,+0.89%,0
"2024-09-18 15:47",19.22,19.22,19.18,19.18,-0.13,-0.67%,0
"2024-09-18 15:48",19.36,19.7,19.36,19.7,0.52,+2.71%,0
"2024-09-18 15:49",19.7,19.7,19.59,19.59,-0.11,-0.56%,0
"2024-09-18 15:50",19.61,19.8,19.47,19.8,0.21,+1.07%,0
"2024-09-18 15:51",19.71,19.71,19.57,19.57,-0.23,-1.16%,0
"2024-09-18 15:52",19.64,19.69,19.55,19.55,-0.02,-0.10%,0
"2024-09-18 15:53",19.47,19.47,19.27,19.35,-0.2,-1.02%,0
"2024-09-18 15:54",19.29,19.29,19.2,19.25,-0.1,-0.52%,0
"2024-09-18 15:55",19.21,19.21,18.89,18.89,-0.36,-1.87%,0
"2024-09-18 15:56",18.87,18.9,18.52,18.52,-0.37,-1.96%,0
"2024-09-18 15:57",18.45,18.51,18.42,18.42,-0.1,-0.54%,0
"2024-09-18 15:58",18.43,18.43,18.22,18.24,-0.18,-0.98%,0
"2024-09-18 15:59",18.36,18.36,18,18.03,-0.21,-1.15%,0
"2024-09-18 16:00",17.93,18.15,17.93,18.1,0.07,+0.39%,0
"2024-09-18 16:01",18.09,18.1,17.95,17.95,-0.15,-0.83%,0
"2024-09-18 16:02",17.91,18.1,17.91,18.08,0.13,+0.72%,0
"2024-09-18 16:03",18.13,18.13,17.97,17.97,-0.11,-0.61%,0
"2024-09-18 16:04",18.03,18.14,18.03,18.09,0.12,+0.67%,0
"2024-09-18 16:05",18.07,18.07,17.94,17.94,-0.15,-0.83%,0
"2024-09-18 16:06",18.11,18.32,18.11,18.32,0.38,+2.12%,0
"2024-09-18 16:07",18.36,18.36,18.33,18.34,0.02,+0.11%,0
"2024-09-18 16:08",18.4,18.42,18.38,18.38,0.04,+0.22%,0
"2024-09-18 16:09",18.33,18.39,18.32,18.32,-0.06,-0.33%,0
"2024-09-18 16:10",18.34,18.39,18.34,18.39,0.07,+0.38%,0
"2024-09-18 16:11",18.39,18.43,18.39,18.42,0.03,+0.16%,0
"2024-09-18 16:12",18.4,18.4,18.29,18.29,-0.13,-0.71%,0
"2024-09-18 16:13",18.3,18.43,18.3,18.43,0.14,+0.77%,0
"2024-09-18 16:14",18.48,18.55,18.48,18.51,0.08,+0.43%,0
"2024-09-18 16:15",18.44,18.44,18.44,18.44,-0.07,-0.38%,0
"2024-09-19 09:31",12.18,12.18,12,12.08,-6.36,-34.49%,0
"2024-09-19 09:32",12.13,12.26,12.13,12.25,0.17,+1.41%,0
"2024-09-19 09:33",12.23,12.34,12.23,12.34,0.09,+0.73%,0
"2024-09-19 09:34",12.36,12.36,12.2,12.2,-0.14,-1.13%,0
"2024-09-19 09:35",12.2,12.3,12.19,12.3,0.1,+0.82%,0
"2024-09-19 09:36",12.33,12.51,12.33,12.51,0.21,+1.71%,0
"2024-09-19 09:37",12.47,12.52,12.41,12.41,-0.1,-0.80%,0
"2024-09-19 09:38",12.27,12.27,12.12,12.17,-0.24,-1.93%,0
"2024-09-19 09:39",12.19,12.33,12.19,12.33,0.16,+1.31%,0
"2024-09-19 09:40",12.32,12.39,12.32,12.38,0.05,+0.41%,0
"2024-09-19 09:41",12.4,12.49,12.4,12.48,0.1,+0.81%,0
"2024-09-19 09:42",12.48,12.57,12.48,12.54,0.06,+0.48%,0
"2024-09-19 09:43",12.58,12.71,12.58,12.71,0.17,+1.36%,0
"2024-09-19 09:44",12.76,12.85,12.76,12.85,0.14,+1.10%,0
"2024-09-19 09:45",12.83,12.83,12.77,12.77,-0.08,-0.62%,0
"2024-09-19 09:46",12.8,13.07,12.8,13.07,0.3,+2.35%,0
"2024-09-19 09:47",13.02,13.02,12.56,12.56,-0.51,-3.90%,0
"2024-09-19 09:48",12.6,12.68,12.6,12.62,0.06,+0.48%,0
"2024-09-19 09:49",12.61,12.7,12.61,12.7,0.08,+0.63%,0
"2024-09-19 09:50",12.71,13.06,12.71,13.06,0.36,+2.83%,0
"2024-09-19 09:51",13.03,13.34,13.03,13.24,0.18,+1.38%,0
"2024-09-19 09:52",13.26,13.29,13.26,13.26,0.02,+0.15%,0
"2024-09-19 09:53",13.25,13.25,13.11,13.11,-0.15,-1.13%,0
"2024-09-19 09:54",13.05,13.14,13.05,13.1,-0.01,-0.08%,0
"2024-09-19 09:55",13.04,13.04,12.81,12.81,-0.29,-2.21%,0
"2024-09-19 09:56",12.83,12.94,12.83,12.87,0.06,+0.47%,0
"2024-09-19 09:57",12.88,12.92,12.88,12.89,0.02,+0.16%,0
"2024-09-19 09:58",12.89,12.89,12.77,12.77,-0.12,-0.93%,0
"2024-09-19 09:59",12.81,12.95,12.81,12.89,0.12,+0.94%,0
"2024-09-19 10:00",12.92,12.93,12.86,12.93,0.04,+0.31%,0
"2024-09-19 10:01",12.9,13.04,12.9,13.04,0.11,+0.85%,0
"2024-09-19 10:02",13.04,13.04,13.01,13.03,-0.01,-0.08%,0
"2024-09-19 10:03",13.11,13.11,12.99,12.99,-0.04,-0.31%,0
"2024-09-19 10:04",12.91,12.93,12.86,12.86,-0.13,-1.00%,0
"2024-09-19 10:05",12.89,12.91,12.88,12.88,0.02,+0.16%,0
"2024-09-19 10:06",12.92,13.04,12.89,13.04,0.16,+1.24%,0
"2024-09-19 10:07",12.97,12.97,12.91,12.91,-0.13,-1.00%,0
"2024-09-19 10:08",12.91,12.94,12.9,12.94,0.03,+0.23%,0
"2024-09-19 10:09",12.93,13.15,12.93,13.14,0.2,+1.55%,0
"2024-09-19 10:10",13.17,13.31,13.17,13.25,0.11,+0.84%,0
"2024-09-19 10:11",13.13,13.23,13.13,13.16,-0.09,-0.68%,0
"2024-09-19 10:12",13.11,13.11,13.05,13.07,-0.09,-0.68%,0
"2024-09-19 10:13",13.06,13.07,13.05,13.05,-0.02,-0.15%,0
"2024-09-19 10:14",13.04,13.08,13.04,13.04,-0.01,-0.08%,0
"2024-09-19 10:15",13,13.05,13,13.04,0,0.00%,0
"2024-09-19 10:16",13.08,13.2,13.08,13.13,0.09,+0.69%,0
"2024-09-19 10:17",13.16,13.16,13.07,13.07,-0.06,-0.46%,0
"2024-09-19 10:18",13.02,13.02,12.95,12.95,-0.12,-0.92%,0
"2024-09-19 10:19",12.92,12.96,12.82,12.82,-0.13,-1.00%,0
"2024-09-19 10:20",12.79,12.85,12.79,12.83,0.01,+0.08%,0
"2024-09-19 10:21",12.82,12.82,12.77,12.78,-0.05,-0.39%,0
"2024-09-19 10:22",12.91,12.93,12.9,12.93,0.15,+1.17%,0
"2024-09-19 10:23",12.89,12.93,12.89,12.9,-0.03,-0.23%,0
"2024-09-19 10:24",12.92,12.92,12.84,12.84,-0.06,-0.47%,0
"2024-09-19 10:25",12.82,12.93,12.81,12.81,-0.03,-0.23%,0
"2024-09-19 10:26",12.81,12.81,12.67,12.67,-0.14,-1.09%,0
"2024-09-19 10:27",12.65,12.82,12.53,12.82,0.15,+1.18%,0
"2024-09-19 10:28",12.73,12.73,12.64,12.65,-0.17,-1.33%,0
"2024-09-19 10:29",12.56,12.64,12.56,12.58,-0.07,-0.55%,0
"2024-09-19 10:30",12.54,12.54,12.45,12.45,-0.13,-1.03%,0
"2024-09-19 10:31",12.42,12.42,12.38,12.39,-0.06,-0.48%,0
"2024-09-19 10:32",12.33,12.33,12.31,12.32,-0.07,-0.56%,0
"2024-09-19 10:33",12.32,12.42,12.32,12.32,0,0.00%,0
"2024-09-19 10:34",12.32,12.42,12.32,12.4,0.08,+0.65%,0
"2024-09-19 10:35",12.34,12.37,12.31,12.33,-0.07,-0.56%,0
"2024-09-19 10:36",12.21,12.28,12.21,12.28,-0.05,-0.41%,0
"2024-09-19 10:37",12.36,12.42,12.36,12.4,0.12,+0.98%,0
"2024-09-19 10:38",12.36,12.39,12.31,12.39,-0.01,-0.08%,0
"2024-09-19 10:39",12.33,12.39,12.32,12.32,-0.07,-0.56%,0
"2024-09-19 10:40",12.24,12.4,12.24,12.4,0.08,+0.65%,0
"2024-09-19 10:41",12.52,12.68,12.52,12.68,0.28,+2.26%,0
"2024-09-19 10:42",12.66,12.78,12.66,12.78,0.1,+0.79%,0
"2024-09-19 10:43",12.69,12.86,12.69,12.83,0.05,+0.39%,0
"2024-09-19 10:44",12.66,12.83,12.66,12.77,-0.06,-0.47%,0
"2024-09-19 10:45",12.7,13.21,12.7,13.21,0.44,+3.45%,0
"2024-09-19 10:46",13.07,13.2,13.07,13.16,-0.05,-0.38%,0
"2024-09-19 10:47",13.06,13.2,13.06,13.18,0.02,+0.15%,0
"2024-09-19 10:48",13.2,13.34,13.13,13.13,-0.05,-0.38%,0
"2024-09-19 10:49",13.12,13.12,12.97,13.07,-0.06,-0.46%,0
"2024-09-19 10:50",12.91,13,12.86,12.99,-0.08,-0.61%,0
"2024-09-19 10:51",13.02,13.02,12.95,12.97,-0.02,-0.15%,0
"2024-09-19 10:52",13.01,13.12,13.01,13.12,0.15,+1.16%,0
"2024-09-19 10:53",13.25,13.33,13.25,13.28,0.16,+1.22%,0
"2024-09-19 10:54",13.31,13.34,13.23,13.34,0.06,+0.45%,0
"2024-09-19 10:55",13.42,13.45,13.33,13.33,-0.01,-0.07%,0
"2024-09-19 10:56",13.33,13.5,13.33,13.5,0.17,+1.28%,0
"2024-09-19 10:57",13.48,13.51,13.36,13.36,-0.14,-1.04%,0
"2024-09-19 10:58",13.28,13.39,13.28,13.36,0,0.00%,0
"2024-09-19 10:59",13.37,13.48,13.37,13.41,0.05,+0.37%,0
"2024-09-19 11:00",13.43,13.53,13.43,13.53,0.12,+0.89%,0
"2024-09-19 11:01",13.57,13.57,13.53,13.57,0.04,+0.30%,0
"2024-09-19 11:02",13.48,13.49,13.39,13.39,-0.18,-1.33%,0
"2024-09-19 11:03",13.3,13.38,13.17,13.17,-0.22,-1.64%,0
"2024-09-19 11:04",13.17,13.17,13.04,13.04,-0.13,-0.99%,0
"2024-09-19 11:05",13.04,13.17,13.04,13.15,0.11,+0.84%,0
"2024-09-19 11:06",13.23,13.26,13.21,13.21,0.06,+0.46%,0
"2024-09-19 11:07",13.16,13.23,13.16,13.23,0.02,+0.15%,0
"2024-09-19 11:08",13.26,13.79,13.26,13.79,0.56,+4.23%,0
"2024-09-19 11:09",13.74,13.74,13.55,13.55,-0.24,-1.74%,0
"2024-09-19 11:10",13.6,13.7,13.55,13.7,0.15,+1.11%,0
"2024-09-19 11:11",13.69,13.69,13.55,13.55,-0.15,-1.09%,0
"2024-09-19 11:12",13.52,13.53,13.49,13.53,-0.02,-0.15%,0
"2024-09-19 11:13",13.52,13.62,13.52,13.62,0.09,+0.67%,0
"2024-09-19 11:14",13.63,13.63,13.56,13.56,-0.06,-0.44%,0
"2024-09-19 11:15",13.64,13.64,13.51,13.51,-0.05,-0.37%,0
"2024-09-19 11:16",13.5,13.5,13.35,13.35,-0.16,-1.18%,0
"2024-09-19 11:17",13.32,13.32,13.23,13.24,-0.11,-0.82%,0
"2024-09-19 11:18",13.21,13.28,13.21,13.28,0.04,+0.30%,0
"2024-09-19 11:19",13.22,13.22,13.17,13.17,-0.11,-0.83%,0
"2024-09-19 11:20",13.17,13.17,12.98,12.98,-0.19,-1.44%,0
"2024-09-19 11:21",12.96,13.01,12.96,12.99,0.01,+0.08%,0
"2024-09-19 11:22",12.98,12.98,12.91,12.91,-0.08,-0.62%,0
"2024-09-19 11:23",12.89,12.94,12.82,12.82,-0.09,-0.70%,0
"2024-09-19 11:24",12.81,12.84,12.74,12.74,-0.08,-0.62%,0
"2024-09-19 11:25",12.72,12.76,12.72,12.76,0.02,+0.16%,0
"2024-09-19 11:26",12.76,12.83,12.76,12.81,0.05,+0.39%,0
"2024-09-19 11:27",12.76,12.85,12.76,12.85,0.04,+0.31%,0
"2024-09-19 11:28",12.91,12.96,12.91,12.95,0.1,+0.78%,0
"2024-09-19 11:29",12.95,12.97,12.91,12.97,0.02,+0.15%,0
"2024-09-19 11:30",13,13,12.94,12.99,0.02,+0.15%,0
"2024-09-19 11:31",12.97,13.08,12.97,13.08,0.09,+0.69%,0
"2024-09-19 11:32",13.1,13.14,13.1,13.12,0.04,+0.31%,0
"2024-09-19 11:33",13.12,13.2,13.12,13.16,0.04,+0.30%,0
"2024-09-19 11:34",13.14,13.16,13.14,13.16,0,0.00%,0
"2024-09-19 11:35",13.14,13.14,13.06,13.06,-0.1,-0.76%,0
"2024-09-19 11:36",12.93,13.04,12.93,13.02,-0.04,-0.31%,0
"2024-09-19 11:37",12.98,13.04,12.98,13,-0.02,-0.15%,0
"2024-09-19 11:38",13.01,13.04,13.01,13.02,0.02,+0.15%,0
"2024-09-19 11:39",13.02,13.02,12.89,12.94,-0.08,-0.61%,0
"2024-09-19 11:40",12.91,12.91,12.82,12.82,-0.12,-0.93%,0
"2024-09-19 11:41",12.8,12.91,12.8,12.85,0.03,+0.23%,0
"2024-09-19 11:42",12.87,13.02,12.87,13.02,0.17,+1.32%,0
"2024-09-19 11:43",13,13.03,13,13.01,-0.01,-0.08%,0
"2024-09-19 11:44",13.04,13.13,13.04,13.13,0.12,+0.92%,0
"2024-09-19 11:45",13.11,13.11,13.04,13.05,-0.08,-0.61%,0
"2024-09-19 11:46",13.02,13.05,13.01,13.01,-0.04,-0.31%,0
"2024-09-19 11:47",13.03,13.11,13.01,13.01,0,0.00%,0
"2024-09-19 11:48",13.01,13.02,12.98,12.98,-0.03,-0.23%,0
"2024-09-19 11:49",12.97,13.04,12.97,13,0.02,+0.15%,0
"2024-09-19 11:50",13.02,13.24,13.02,13.24,0.24,+1.85%,0
"2024-09-19 11:51",13.18,13.57,13.18,13.57,0.33,+2.49%,0
"2024-09-19 11:52",13.54,13.74,13.54,13.62,0.05,+0.37%,0
"2024-09-19 11:53",13.6,13.84,13.6,13.74,0.12,+0.88%,0
"2024-09-19 11:54",13.65,13.65,13.54,13.54,-0.2,-1.46%,0
"2024-09-19 11:55",13.55,13.56,13.53,13.53,-0.01,-0.07%,0
"2024-09-19 11:56",13.51,13.69,13.51,13.67,0.14,+1.03%,0
"2024-09-19 11:57",13.66,13.77,13.66,13.73,0.06,+0.44%,0
"2024-09-19 11:58",13.68,13.72,13.64,13.66,-0.07,-0.51%,0
"2024-09-19 11:59",13.64,13.71,13.62,13.71,0.05,+0.37%,0
"2024-09-19 12:00",13.67,13.69,13.65,13.66,-0.05,-0.36%,0
"2024-09-19 12:01",13.65,13.65,13.54,13.54,-0.12,-0.88%,0
"2024-09-19 12:02",13.52,13.52,13.35,13.38,-0.16,-1.18%,0
"2024-09-19 12:03",13.35,13.35,13.32,13.34,-0.04,-0.30%,0
"2024-09-19 12:04",13.31,13.38,13.31,13.33,-0.01,-0.07%,0
"2024-09-19 12:05",13.35,13.42,13.34,13.34,0.01,+0.08%,0
"2024-09-19 12:06",13.37,13.4,13.37,13.38,0.04,+0.30%,0
"2024-09-19 12:07",13.37,13.41,13.37,13.4,0.02,+0.15%,0
"2024-09-19 12:08",13.42,13.42,13.39,13.4,0,0.00%,0
"2024-09-19 12:09",13.4,13.4,13.38,13.38,-0.02,-0.15%,0
"2024-09-19 12:10",13.36,13.41,13.36,13.41,0.03,+0.22%,0
"2024-09-19 12:11",13.4,13.51,13.4,13.51,0.1,+0.75%,0
"2024-09-19 12:12",13.56,13.7,13.56,13.63,0.12,+0.89%,0
"2024-09-19 12:13",13.62,13.68,13.61,13.61,-0.02,-0.15%,0
"2024-09-19 12:14",13.61,13.79,13.61,13.79,0.18,+1.32%,0
"2024-09-19 12:15",13.73,13.78,13.66,13.66,-0.13,-0.94%,0
"2024-09-19 12:16",13.61,13.62,13.56,13.56,-0.1,-0.73%,0
"2024-09-19 12:17",13.55,13.55,13.52,13.52,-0.04,-0.29%,0
"2024-09-19 12:18",13.49,13.51,13.48,13.51,-0.01,-0.07%,0
"2024-09-19 12:19",13.46,13.46,13.39,13.39,-0.12,-0.89%,0
"2024-09-19 12:20",13.4,13.44,13.4,13.44,0.05,+0.37%,0
"2024-09-19 12:21",13.44,13.44,13.34,13.34,-0.1,-0.74%,0
"2024-09-19 12:22",13.35,13.39,13.32,13.32,-0.02,-0.15%,0
"2024-09-19 12:23",13.35,13.41,13.35,13.38,0.06,+0.45%,0
"2024-09-19 12:24",13.4,13.64,13.4,13.55,0.17,+1.27%,0
"2024-09-19 12:25",13.58,13.64,13.56,13.56,0.01,+0.07%,0
"2024-09-19 12:26",13.53,13.57,13.46,13.5,-0.06,-0.44%,0
"2024-09-19 12:27",13.52,13.53,13.52,13.53,0.03,+0.22%,0
"2024-09-19 12:28",13.55,13.6,13.55,13.58,0.05,+0.37%,0
"2024-09-19 12:29",13.56,13.61,13.56,13.61,0.03,+0.22%,0
"2024-09-19 12:30",13.59,13.59,13.44,13.44,-0.17,-1.25%,0
"2024-09-19 12:31",13.59,13.63,13.59,13.62,0.18,+1.34%,0
"2024-09-19 12:32",13.66,13.7,13.66,13.69,0.07,+0.51%,0
"2024-09-19 12:33",13.65,13.73,13.65,13.73,0.04,+0.29%,0
"2024-09-19 12:34",13.72,13.8,13.72,13.78,0.05,+0.36%,0
"2024-09-19 12:35",13.76,13.81,13.76,13.79,0.01,+0.07%,0
"2024-09-19 12:36",13.81,13.88,13.81,13.88,0.09,+0.65%,0
"2024-09-19 12:37",13.88,13.88,13.8,13.8,-0.08,-0.58%,0
"2024-09-19 12:38",13.77,13.87,13.76,13.76,-0.04,-0.29%,0
"2024-09-19 12:39",13.69,13.69,13.67,13.69,-0.07,-0.51%,0
"2024-09-19 12:40",13.77,13.89,13.76,13.89,0.2,+1.46%,0
"2024-09-19 12:41",13.91,14.06,13.91,14.06,0.17,+1.22%,0
"2024-09-19 12:42",14.04,14.04,13.98,13.98,-0.08,-0.57%,0
"2024-09-19 12:43",14.02,14.06,14.02,14.06,0.08,+0.57%,0
"2024-09-19 12:44",14.06,14.06,14.01,14.01,-0.05,-0.36%,0
"2024-09-19 12:45",14.04,14.12,14.03,14.03,0.02,+0.14%,0
"2024-09-19 12:46",14.01,14.08,14.01,14.08,0.05,+0.36%,0
"2024-09-19 12:47",14.07,14.11,14.07,14.07,-0.01,-0.07%,0
"2024-09-19 12:48",14.1,14.27,14.1,14.25,0.18,+1.28%,0
"2024-09-19 12:49",14.25,14.31,14.25,14.31,0.06,+0.42%,0
"2024-09-19 12:50",14.32,14.36,14.31,14.31,0,0.00%,0
"2024-09-19 12:51",14.32,14.33,14.31,14.33,0.02,+0.14%,0
"2024-09-19 12:52",14.39,14.43,14.39,14.41,0.08,+0.56%,0
"2024-09-19 12:53",14.38,14.41,14.38,14.4,-0.01,-0.07%,0
"2024-09-19 12:54",14.43,14.46,14.41,14.41,0.01,+0.07%,0
"2024-09-19 12:55",14.43,14.52,14.43,14.51,0.1,+0.69%,0
"2024-09-19 12:56",14.52,14.59,14.52,14.57,0.06,+0.41%,0
"2024-09-19 12:57",14.59,14.71,14.59,14.66,0.09,+0.62%,0
"2024-09-19 12:58",14.66,14.79,14.66,14.72,0.06,+0.41%,0
"2024-09-19 12:59",14.59,14.59,14.55,14.55,-0.17,-1.15%,0
"2024-09-19 13:00",14.59,14.59,14.53,14.53,-0.02,-0.14%,0
"2024-09-19 13:01",14.52,14.62,14.52,14.58,0.05,+0.34%,0
"2024-09-19 13:02",14.57,14.6,14.57,14.59,0.01,+0.07%,0
"2024-09-19 13:03",14.6,14.6,14.41,14.41,-0.18,-1.23%,0
"2024-09-19 13:04",14.42,14.46,14.41,14.41,0,0.00%,0
"2024-09-19 13:05",14.42,14.42,14.36,14.39,-0.02,-0.14%,0
"2024-09-19 13:06",14.38,14.5,14.38,14.5,0.11,+0.76%,0
"2024-09-19 13:07",14.51,14.51,14.48,14.51,0.01,+0.07%,0
"2024-09-19 13:08",14.48,14.58,14.48,14.58,0.07,+0.48%,0
"2024-09-19 13:09",14.54,14.59,14.54,14.57,-0.01,-0.07%,0
"2024-09-19 13:10",14.55,14.68,14.55,14.62,0.05,+0.34%,0
"2024-09-19 13:11",14.62,14.67,14.62,14.67,0.05,+0.34%,0
"2024-09-19 13:12",14.64,14.75,14.64,14.75,0.08,+0.55%,0
"2024-09-19 13:13",14.74,14.88,14.74,14.82,0.07,+0.47%,0
"2024-09-19 13:14",14.77,14.81,14.76,14.78,-0.04,-0.27%,0
"2024-09-19 13:15",14.87,14.98,14.87,14.9,0.12,+0.81%,0
"2024-09-19 13:16",14.91,14.92,14.8,14.8,-0.1,-0.67%,0
"2024-09-19 13:17",14.71,14.81,14.71,14.79,-0.01,-0.07%,0
"2024-09-19 13:18",14.8,14.9,14.8,14.9,0.11,+0.74%,0
"2024-09-19 13:19",14.94,14.96,14.92,14.94,0.04,+0.27%,0
"2024-09-19 13:20",14.93,14.97,14.9,14.9,-0.04,-0.27%,0
"2024-09-19 13:21",15.02,15.13,15,15.13,0.23,+1.54%,0
"2024-09-19 13:22",15.11,15.22,15.11,15.19,0.06,+0.40%,0
"2024-09-19 13:23",15.15,15.25,15.15,15.22,0.03,+0.20%,0
"2024-09-19 13:24",15.24,15.32,15.24,15.32,0.1,+0.66%,0
"2024-09-19 13:25",15.22,15.22,15.01,15.01,-0.31,-2.02%,0
"2024-09-19 13:26",15.08,15.16,15.08,15.14,0.13,+0.87%,0
"2024-09-19 13:27",15.13,15.14,15.11,15.11,-0.03,-0.20%,0
"2024-09-19 13:28",15.11,15.13,15.06,15.06,-0.05,-0.33%,0
"2024-09-19 13:29",15.03,15.05,15.03,15.04,-0.02,-0.13%,0
"2024-09-19 13:30",14.99,14.99,14.9,14.9,-0.14,-0.93%,0
"2024-09-19 13:31",14.92,14.97,14.92,14.93,0.03,+0.20%,0
"2024-09-19 13:32",14.94,14.98,14.94,14.98,0.05,+0.33%,0
"2024-09-19 13:33",14.95,15.01,14.95,15.01,0.03,+0.20%,0
"2024-09-19 13:34",15.05,15.1,14.99,14.99,-0.02,-0.13%,0
"2024-09-19 13:35",14.97,15.04,14.97,15.04,0.05,+0.33%,0
"2024-09-19 13:36",15,15.07,14.98,15.07,0.03,+0.20%,0
"2024-09-19 13:37",15.03,15.04,15.03,15.04,-0.03,-0.20%,0
"2024-09-19 13:38",15.02,15.1,15.02,15.09,0.05,+0.33%,0
"2024-09-19 13:39",15.1,15.16,15.1,15.14,0.05,+0.33%,0
"2024-09-19 13:40",15.1,15.13,15.1,15.13,-0.01,-0.07%,0
"2024-09-19 13:41",15.12,15.13,15.11,15.11,-0.02,-0.13%,0
"2024-09-19 13:42",15.08,15.08,15.07,15.07,-0.04,-0.26%,0
"2024-09-19 13:43",15.01,15.12,15.01,15.12,0.05,+0.33%,0
"2024-09-19 13:44",15.11,15.14,15.09,15.11,-0.01,-0.07%,0
"2024-09-19 13:45",15.14,15.2,15.14,15.2,0.09,+0.60%,0
"2024-09-19 13:46",15.21,15.35,15.21,15.35,0.15,+0.99%,0
"2024-09-19 13:47",15.41,15.43,15.41,15.41,0.06,+0.39%,0
"2024-09-19 13:48",15.39,15.39,15.38,15.38,-0.03,-0.19%,0
"2024-09-19 13:49",15.4,15.45,15.4,15.45,0.07,+0.46%,0
"2024-09-19 13:50",15.46,15.53,15.46,15.48,0.03,+0.19%,0
"2024-09-19 13:51",15.47,15.51,15.47,15.5,0.02,+0.13%,0
"2024-09-19 13:52",15.5,15.56,15.5,15.56,0.06,+0.39%,0
"2024-09-19 13:53",15.51,15.54,15.51,15.53,-0.03,-0.19%,0
"2024-09-19 13:54",15.54,15.58,15.47,15.47,-0.06,-0.39%,0
"2024-09-19 13:55",15.52,15.56,15.52,15.55,0.08,+0.52%,0
"2024-09-19 13:56",15.56,15.63,15.56,15.63,0.08,+0.51%,0
"2024-09-19 13:57",15.62,15.67,15.62,15.66,0.03,+0.19%,0
"2024-09-19 13:58",15.64,15.65,15.64,15.65,-0.01,-0.06%,0
"2024-09-19 13:59",15.63,15.69,15.63,15.66,0.01,+0.06%,0
"2024-09-19 14:00",15.66,15.66,15.6,15.6,-0.06,-0.38%,0
"2024-09-19 14:01",15.58,15.62,15.58,15.62,0.02,+0.13%,0
"2024-09-19 14:02",15.62,15.66,15.62,15.66,0.04,+0.26%,0
"2024-09-19 14:03",15.63,15.68,15.61,15.61,-0.05,-0.32%,0
"2024-09-19 14:04",15.62,15.64,15.6,15.6,-0.01,-0.06%,0
"2024-09-19 14:05",15.57,15.65,15.57,15.62,0.02,+0.13%,0
"2024-09-19 14:06",15.63,15.72,15.63,15.7,0.08,+0.51%,0
"2024-09-19 14:07",15.71,15.78,15.71,15.77,0.07,+0.45%,0
"2024-09-19 14:08",15.78,15.78,15.68,15.69,-0.08,-0.51%,0
"2024-09-19 14:09",15.7,15.81,15.7,15.81,0.12,+0.76%,0
"2024-09-19 14:10",15.78,15.9,15.78,15.89,0.08,+0.51%,0
"2024-09-19 14:11",15.88,15.96,15.88,15.92,0.03,+0.19%,0
"2024-09-19 14:12",15.92,15.92,15.82,15.82,-0.1,-0.63%,0
"2024-09-19 14:13",15.75,15.8,15.75,15.78,-0.04,-0.25%,0
"2024-09-19 14:14",15.74,15.78,15.74,15.76,-0.02,-0.13%,0
"2024-09-19 14:15",15.8,15.91,15.8,15.91,0.15,+0.95%,0
"2024-09-19 14:16",16.23,16.23,16.04,16.04,0.13,+0.82%,0
"2024-09-19 14:17",16.11,16.23,16.11,16.23,0.19,+1.18%,0
"2024-09-19 14:18",16.11,16.18,16.11,16.18,-0.05,-0.31%,0
"2024-09-19 14:19",16.34,16.34,16.11,16.11,-0.07,-0.43%,0
"2024-09-19 14:20",16.02,16.02,15.86,15.97,-0.14,-0.87%,0
"2024-09-19 14:21",15.95,15.95,15.87,15.88,-0.09,-0.56%,0
"2024-09-19 14:22",15.87,15.91,15.58,15.58,-0.3,-1.89%,0
"2024-09-19 14:23",15.52,15.52,15.45,15.45,-0.13,-0.83%,0
"2024-09-19 14:24",15.43,15.45,15.41,15.41,-0.04,-0.26%,0
"2024-09-19 14:25",15.41,15.52,15.41,15.47,0.06,+0.39%,0
"2024-09-19 14:26",15.45,15.46,15.35,15.35,-0.12,-0.78%,0
"2024-09-19 14:27",15.35,15.37,15.35,15.35,0,0.00%,0
"2024-09-19 14:28",15.31,15.34,15.13,15.13,-0.22,-1.43%,0
"2024-09-19 14:29",15.04,15.04,14.99,15.04,-0.09,-0.59%,0
"2024-09-19 14:30",14.99,15.03,14.99,15,-0.04,-0.27%,0
"2024-09-19 14:31",14.98,15,14.94,14.94,-0.06,-0.40%,0
"2024-09-19 14:32",14.96,15.04,14.95,14.95,0.01,+0.07%,0
"2024-09-19 14:33",14.96,15.03,14.96,15.03,0.08,+0.54%,0
"2024-09-19 14:34",15.11,15.13,15.01,15.01,-0.02,-0.13%,0
"2024-09-19 14:35",15.04,15.04,14.97,14.97,-0.04,-0.27%,0
"2024-09-19 14:36",14.93,14.96,14.93,14.93,-0.04,-0.27%,0
"2024-09-19 14:37",14.92,14.92,14.85,14.85,-0.08,-0.54%,0
"2024-09-19 14:38",14.88,14.88,14.79,14.79,-0.06,-0.40%,0
"2024-09-19 14:39",14.8,14.8,14.72,14.72,-0.07,-0.47%,0
"2024-09-19 14:40",14.65,14.66,14.62,14.66,-0.06,-0.41%,0
"2024-09-19 14:41",14.66,14.7,14.66,14.7,0.04,+0.27%,0
"2024-09-19 14:42",14.68,14.69,14.68,14.68,-0.02,-0.14%,0
"2024-09-19 14:43",14.71,14.71,14.64,14.66,-0.02,-0.14%,0
"2024-09-19 14:44",14.65,14.69,14.65,14.65,-0.01,-0.07%,0
"2024-09-19 14:45",14.64,14.72,14.64,14.7,0.05,+0.34%,0
"2024-09-19 14:46",14.71,14.71,14.69,14.69,-0.01,-0.07%,0
"2024-09-19 14:47",14.69,14.69,14.67,14.69,0,0.00%,0
"2024-09-19 14:48",14.73,14.88,14.73,14.88,0.19,+1.29%,0
"2024-09-19 14:49",14.83,15.01,14.83,15.01,0.13,+0.87%,0
"2024-09-19 14:50",15.03,15.05,15,15.04,0.03,+0.20%,0
"2024-09-19 14:51",15.02,15.35,15.02,15.18,0.14,+0.93%,0
"2024-09-19 14:52",15.16,15.16,15.1,15.1,-0.08,-0.53%,0
"2024-09-19 14:53",15.05,15.09,15.04,15.04,-0.06,-0.40%,0
"2024-09-19 14:54",15.05,15.05,14.99,14.99,-0.05,-0.33%,0
"2024-09-19 14:55",14.99,15.03,14.99,15.01,0.02,+0.13%,0
"2024-09-19 14:56",15.02,15.05,14.98,14.98,-0.03,-0.20%,0
"2024-09-19 14:57",14.97,14.98,14.94,14.95,-0.03,-0.20%,0
"2024-09-19 14:58",14.86,14.86,14.62,14.62,-0.33,-2.21%,0
"2024-09-19 14:59",14.54,14.54,14.48,14.48,-0.14,-0.96%,0
"2024-09-19 15:00",14.48,14.48,14.41,14.45,-0.03,-0.21%,0
"2024-09-19 15:01",14.41,14.54,14.41,14.54,0.09,+0.62%,0
"2024-09-19 15:02",14.6,14.65,14.6,14.65,0.11,+0.76%,0
"2024-09-19 15:03",14.65,14.65,14.58,14.59,-0.06,-0.41%,0
"2024-09-19 15:04",14.57,14.61,14.56,14.56,-0.03,-0.21%,0
"2024-09-19 15:05",14.57,14.68,14.57,14.64,0.08,+0.55%,0
"2024-09-19 15:06",14.63,14.68,14.63,14.65,0.01,+0.07%,0
"2024-09-19 15:07",14.66,14.66,14.49,14.49,-0.16,-1.09%,0
"2024-09-19 15:08",14.52,14.56,14.51,14.51,0.02,+0.14%,0
"2024-09-19 15:09",14.56,14.66,14.56,14.64,0.13,+0.90%,0
"2024-09-19 15:10",14.58,14.58,14.52,14.54,-0.1,-0.68%,0
"2024-09-19 15:11",14.55,14.58,14.52,14.52,-0.02,-0.14%,0
"2024-09-19 15:12",14.55,14.61,14.55,14.61,0.09,+0.62%,0
"2024-09-19 15:13",14.59,14.82,14.59,14.77,0.16,+1.10%,0
"2024-09-19 15:14",14.78,15.02,14.78,15.02,0.25,+1.69%,0
"2024-09-19 15:15",15.13,15.19,15.12,15.12,0.1,+0.67%,0
"2024-09-19 15:16",15.15,15.15,15.05,15.05,-0.07,-0.46%,0
"2024-09-19 15:17",15.02,15.07,15.01,15.07,0.02,+0.13%,0
"2024-09-19 15:18",15.1,15.19,15.1,15.19,0.12,+0.80%,0
"2024-09-19 15:19",15.2,15.23,15.16,15.2,0.01,+0.07%,0
"2024-09-19 15:20",15.21,15.52,15.21,15.52,0.32,+2.11%,0
"2024-09-19 15:21",15.51,15.51,15.31,15.31,-0.21,-1.35%,0
"2024-09-19 15:22",15.26,15.26,15.18,15.18,-0.13,-0.85%,0
"2024-09-19 15:23",15.05,15.05,14.99,14.99,-0.19,-1.25%,0
"2024-09-19 15:24",14.96,15.05,14.96,14.96,-0.03,-0.20%,0
"2024-09-19 15:25",14.97,15.12,14.97,15.12,0.16,+1.07%,0
"2024-09-19 15:26",15.09,15.25,15.09,15.25,0.13,+0.86%,0
"2024-09-19 15:27",15.27,15.39,15.27,15.39,0.14,+0.92%,0
"2024-09-19 15:28",15.39,15.39,15.3,15.3,-0.09,-0.58%,0
"2024-09-19 15:29",15.34,15.34,15.31,15.31,0.01,+0.07%,0
"2024-09-19 15:30",15.35,15.42,15.35,15.42,0.11,+0.72%,0
"2024-09-19 15:31",15.45,15.51,15.41,15.51,0.09,+0.58%,0
"2024-09-19 15:32",15.52,15.66,15.52,15.66,0.15,+0.97%,0
"2024-09-19 15:33",15.62,15.62,15.52,15.52,-0.14,-0.89%,0
"2024-09-19 15:34",15.55,15.55,15.49,15.49,-0.03,-0.19%,0
"2024-09-19 15:35",15.5,15.5,15.4,15.43,-0.06,-0.39%,0
"2024-09-19 15:36",15.46,15.46,15.17,15.17,-0.26,-1.69%,0
"2024-09-19 15:37",15.21,15.29,15.21,15.27,0.1,+0.66%,0
"2024-09-19 15:38",15.32,15.41,15.32,15.41,0.14,+0.92%,0
"2024-09-19 15:39",15.38,15.4,15.37,15.38,-0.03,-0.19%,0
"2024-09-19 15:40",15.42,15.42,15.21,15.22,-0.16,-1.04%,0
"2024-09-19 15:41",15.19,15.19,14.91,14.91,-0.31,-2.04%,0
"2024-09-19 15:42",14.87,14.91,14.87,14.91,0,0.00%,0
"2024-09-19 15:43",14.87,14.95,14.87,14.87,-0.04,-0.27%,0
"2024-09-19 15:44",14.91,14.91,14.86,14.86,-0.01,-0.07%,0
"2024-09-19 15:45",14.9,14.9,14.8,14.8,-0.06,-0.40%,0
"2024-09-19 15:46",14.8,14.8,14.73,14.73,-0.07,-0.47%,0
"2024-09-19 15:47",14.69,14.69,14.62,14.62,-0.11,-0.75%,0
"2024-09-19 15:48",14.58,14.58,14.5,14.5,-0.12,-0.82%,0
"2024-09-19 15:49",14.48,14.48,14.35,14.35,-0.15,-1.03%,0
"2024-09-19 15:50",14.39,14.69,14.39,14.68,0.33,+2.30%,0
"2024-09-19 15:51",14.81,14.92,14.81,14.92,0.24,+1.63%,0
"2024-09-19 15:52",14.98,15.17,14.98,15.17,0.25,+1.68%,0
"2024-09-19 15:53",15.2,15.27,15.2,15.27,0.1,+0.66%,0
"2024-09-19 15:54",15.26,15.29,15.19,15.19,-0.08,-0.52%,0
"2024-09-19 15:55",15.32,15.47,15.29,15.37,0.18,+1.18%,0
"2024-09-19 15:56",15.25,15.25,15.21,15.22,-0.15,-0.98%,0
"2024-09-19 15:57",15.21,15.21,15.08,15.11,-0.11,-0.72%,0
"2024-09-19 15:58",15.15,15.18,15.13,15.13,0.02,+0.13%,0
"2024-09-19 15:59",14.98,14.98,14.61,14.61,-0.52,-3.44%,0
"2024-09-19 16:00",14.49,14.49,14.27,14.46,-0.15,-1.03%,0
"2024-09-19 16:01",14.43,14.45,14.17,14.17,-0.29,-2.01%,0
"2024-09-19 16:02",14.16,14.19,14.16,14.17,0,0.00%,0
"2024-09-19 16:03",14.3,14.32,14.3,14.31,0.14,+0.99%,0
"2024-09-19 16:04",14.34,14.36,14.31,14.31,0,0.00%,0
"2024-09-19 16:05",14.34,14.34,14.31,14.33,0.02,+0.14%,0
"2024-09-19 16:06",14.31,14.39,14.31,14.39,0.06,+0.42%,0
"2024-09-19 16:07",14.5,14.56,14.5,14.56,0.17,+1.18%,0
"2024-09-19 16:08",14.56,14.66,14.56,14.65,0.09,+0.62%,0
"2024-09-19 16:09",14.78,14.83,14.78,14.79,0.14,+0.96%,0
"2024-09-19 16:10",14.79,14.84,14.79,14.83,0.04,+0.27%,0
"2024-09-19 16:11",14.81,14.92,14.81,14.92,0.09,+0.61%,0
"2024-09-19 16:12",14.93,14.97,14.93,14.97,0.05,+0.34%,0
"2024-09-19 16:13",15.01,15.01,14.95,15.01,0.04,+0.27%,0
"2024-09-19 16:14",14.92,14.94,14.87,14.94,-0.07,-0.47%,0
"2024-09-19 16:15",14.86,14.86,14.86,14.86,-0.08,-0.54%,0
"2024-09-20 09:31",12.34,12.38,12.32,12.32,-2.54,-17.09%,0
"2024-09-20 09:32",12.26,12.3,12.15,12.3,-0.02,-0.16%,0
"2024-09-20 09:33",12.29,12.48,12.29,12.48,0.18,+1.46%,0
"2024-09-20 09:34",12.36,12.36,12.03,12.08,-0.4,-3.21%,0
"2024-09-20 09:35",12.1,12.1,12.01,12.01,-0.07,-0.58%,0
"2024-09-20 09:36",11.96,12.12,11.96,12.12,0.11,+0.92%,0
"2024-09-20 09:37",12.17,12.17,12.1,12.12,0,0.00%,0
"2024-09-20 09:38",12.14,12.14,11.91,11.91,-0.21,-1.73%,0
"2024-09-20 09:39",11.93,11.98,11.93,11.98,0.07,+0.59%,0
"2024-09-20 09:40",11.93,11.95,11.76,11.76,-0.22,-1.84%,0
"2024-09-20 09:41",11.77,11.77,11.74,11.75,-0.01,-0.09%,0
"2024-09-20 09:42",11.71,11.71,11.64,11.66,-0.09,-0.77%,0
"2024-09-20 09:43",11.63,11.7,11.63,11.66,0,0.00%,0
"2024-09-20 09:44",11.65,11.79,11.65,11.78,0.12,+1.03%,0
"2024-09-20 09:45",11.75,11.87,11.75,11.77,-0.01,-0.08%,0
"2024-09-20 09:46",11.78,11.78,11.77,11.77,0,0.00%,0
"2024-09-20 09:47",11.8,11.81,11.78,11.78,0.01,+0.08%,0
"2024-09-20 09:48",11.64,11.67,11.59,11.67,-0.11,-0.93%,0
"2024-09-20 09:49",11.6,11.6,11.59,11.6,-0.07,-0.60%,0
"2024-09-20 09:50",11.59,11.59,11.46,11.46,-0.14,-1.21%,0
"2024-09-20 09:51",11.41,11.5,11.41,11.5,0.04,+0.35%,0
"2024-09-20 09:52",11.49,11.55,11.47,11.48,-0.02,-0.17%,0
"2024-09-20 09:53",11.51,11.58,11.51,11.56,0.08,+0.70%,0
"2024-09-20 09:54",11.59,11.66,11.59,11.65,0.09,+0.78%,0
"2024-09-20 09:55",11.64,11.67,11.62,11.64,-0.01,-0.09%,0
"2024-09-20 09:56",11.63,11.69,11.57,11.61,-0.03,-0.26%,0
"2024-09-20 09:57",11.65,11.76,11.65,11.74,0.13,+1.12%,0
"2024-09-20 09:58",11.76,11.96,11.76,11.78,0.04,+0.34%,0
"2024-09-20 09:59",11.79,11.92,11.77,11.86,0.08,+0.68%,0
"2024-09-20 10:00",11.75,11.89,11.7,11.89,0.03,+0.25%,0
"2024-09-20 10:01",11.87,11.87,11.64,11.64,-0.25,-2.10%,0
"2024-09-20 10:02",11.68,11.77,11.68,11.74,0.1,+0.86%,0
"2024-09-20 10:03",11.79,11.79,11.68,11.68,-0.06,-0.51%,0
"2024-09-20 10:04",11.65,11.76,11.65,11.76,0.08,+0.68%,0
"2024-09-20 10:05",11.74,11.74,11.68,11.69,-0.07,-0.60%,0
"2024-09-20 10:06",11.66,11.66,11.63,11.64,-0.05,-0.43%,0
"2024-09-20 10:07",11.59,11.61,11.55,11.61,-0.03,-0.26%,0
"2024-09-20 10:08",11.57,11.6,11.56,11.56,-0.05,-0.43%,0
"2024-09-20 10:09",11.53,11.6,11.53,11.6,0.04,+0.35%,0
"2024-09-20 10:10",11.59,11.59,11.53,11.56,-0.04,-0.34%,0
"2024-09-20 10:11",11.61,11.61,11.55,11.61,0.05,+0.43%,0
"2024-09-20 10:12",11.63,11.68,11.6,11.68,0.07,+0.60%,0
"2024-09-20 10:13",11.62,11.64,11.54,11.55,-0.13,-1.11%,0
"2024-09-20 10:14",11.56,11.56,11.44,11.52,-0.03,-0.26%,0
"2024-09-20 10:15",11.5,11.52,11.49,11.52,0,0.00%,0
"2024-09-20 10:16",11.52,11.52,11.44,11.44,-0.08,-0.69%,0
"2024-09-20 10:17",11.45,11.45,11.24,11.27,-0.17,-1.49%,0
"2024-09-20 10:18",11.28,11.28,11.07,11.07,-0.2,-1.77%,0
"2024-09-20 10:19",11.08,11.08,11.07,11.08,0.01,+0.09%,0
"2024-09-20 10:20",11.06,11.07,11.01,11.01,-0.07,-0.63%,0
"2024-09-20 10:21",11.05,11.09,11.05,11.07,0.06,+0.54%,0
"2024-09-20 10:22",11.1,11.11,11.1,11.1,0.03,+0.27%,0
"2024-09-20 10:23",11.15,11.15,11.06,11.1,0,0.00%,0
"2024-09-20 10:24",11.06,11.07,11.05,11.07,-0.03,-0.27%,0
"2024-09-20 10:25",11.03,11.03,10.97,10.97,-0.1,-0.90%,0
"2024-09-20 10:26",10.98,10.98,10.92,10.92,-0.05,-0.46%,0
"2024-09-20 10:27",10.95,11.03,10.95,11.03,0.11,+1.01%,0
"2024-09-20 10:28",11.02,11.09,11.02,11.06,0.03,+0.27%,0
"2024-09-20 10:29",11.06,11.08,11.06,11.08,0.02,+0.18%,0
"2024-09-20 10:30",11.08,11.08,10.98,10.98,-0.1,-0.90%,0
"2024-09-20 10:31",11.04,11.08,11.04,11.06,0.08,+0.73%,0
"2024-09-20 10:32",11.08,11.09,11.07,11.09,0.03,+0.27%,0
"2024-09-20 10:33",11.08,11.12,10.99,10.99,-0.1,-0.90%,0
"2024-09-20 10:34",10.89,10.89,10.8,10.8,-0.19,-1.73%,0
"2024-09-20 10:35",10.89,10.94,10.89,10.94,0.14,+1.30%,0
"2024-09-20 10:36",10.98,10.99,10.92,10.92,-0.02,-0.18%,0
"2024-09-20 10:37",10.96,10.96,10.86,10.86,-0.06,-0.55%,0
"2024-09-20 10:38",10.87,10.88,10.87,10.87,0.01,+0.09%,0
"2024-09-20 10:39",10.85,10.85,10.78,10.8,-0.07,-0.64%,0
"2024-09-20 10:40",10.79,10.8,10.76,10.78,-0.02,-0.19%,0
"2024-09-20 10:41",10.8,10.83,10.8,10.83,0.05,+0.46%,0
"2024-09-20 10:42",10.83,10.83,10.81,10.81,-0.02,-0.18%,0
"2024-09-20 10:43",10.8,10.83,10.8,10.81,0,0.00%,0
"2024-09-20 10:44",10.8,10.84,10.8,10.81,0,0.00%,0
"2024-09-20 10:45",10.79,10.79,10.73,10.73,-0.08,-0.74%,0
"2024-09-20 10:46",10.73,10.75,10.7,10.7,-0.03,-0.28%,0
"2024-09-20 10:47",10.72,10.75,10.72,10.75,0.05,+0.47%,0
"2024-09-20 10:48",10.78,10.82,10.74,10.74,-0.01,-0.09%,0
"2024-09-20 10:49",10.73,10.79,10.73,10.77,0.03,+0.28%,0
"2024-09-20 10:50",10.8,10.8,10.74,10.74,-0.03,-0.28%,0
"2024-09-20 10:51",10.75,10.75,10.73,10.73,-0.01,-0.09%,0
"2024-09-20 10:52",10.7,10.83,10.7,10.83,0.1,+0.93%,0
"2024-09-20 10:53",10.76,10.79,10.76,10.76,-0.07,-0.65%,0
"2024-09-20 10:54",10.75,10.82,10.75,10.75,-0.01,-0.09%,0
"2024-09-20 10:55",10.76,10.77,10.75,10.77,0.02,+0.19%,0
"2024-09-20 10:56",10.8,10.8,10.74,10.79,0.02,+0.19%,0
"2024-09-20 10:57",10.79,10.81,10.75,10.75,-0.04,-0.37%,0
"2024-09-20 10:58",10.73,10.82,10.73,10.81,0.06,+0.56%,0
"2024-09-20 10:59",10.81,10.89,10.81,10.88,0.07,+0.65%,0
"2024-09-20 11:00",10.87,10.98,10.87,10.98,0.1,+0.92%,0
"2024-09-20 11:01",11,11.01,10.95,10.95,-0.03,-0.27%,0
"2024-09-20 11:02",10.95,11.01,10.94,10.94,-0.01,-0.09%,0
"2024-09-20 11:03",10.99,10.99,10.91,10.91,-0.03,-0.27%,0
"2024-09-20 11:04",10.93,10.97,10.93,10.93,0.02,+0.18%,0
"2024-09-20 11:05",10.95,10.95,10.92,10.92,-0.01,-0.09%,0
"2024-09-20 11:06",10.88,10.89,10.78,10.79,-0.13,-1.19%,0
"2024-09-20 11:07",10.78,10.84,10.78,10.82,0.03,+0.28%,0
"2024-09-20 11:08",10.81,10.86,10.81,10.84,0.02,+0.18%,0
"2024-09-20 11:09",10.87,10.87,10.84,10.86,0.02,+0.18%,0
"2024-09-20 11:10",10.85,10.85,10.81,10.81,-0.05,-0.46%,0
"2024-09-20 11:11",10.79,10.87,10.79,10.87,0.06,+0.56%,0
"2024-09-20 11:12",10.92,10.92,10.87,10.9,0.03,+0.28%,0
"2024-09-20 11:13",10.95,11.04,10.95,10.97,0.07,+0.64%,0
"2024-09-20 11:14",10.98,11.01,10.98,10.98,0.01,+0.09%,0
"2024-09-20 11:15",10.92,11.23,10.92,11.23,0.25,+2.28%,0
"2024-09-20 11:16",11.16,11.21,11.16,11.21,-0.02,-0.18%,0
"2024-09-20 11:17",11.21,11.21,11.08,11.12,-0.09,-0.80%,0
"2024-09-20 11:18",11.12,11.12,10.91,10.91,-0.21,-1.89%,0
"2024-09-20 11:19",10.9,10.96,10.9,10.95,0.04,+0.37%,0
"2024-09-20 11:20",10.94,11,10.93,11,0.05,+0.46%,0
"2024-09-20 11:21",10.92,11,10.92,11,0,0.00%,0
"2024-09-20 11:22",10.98,11,10.98,11,0,0.00%,0
"2024-09-20 11:23",10.99,11,10.97,10.97,-0.03,-0.27%,0
"2024-09-20 11:24",10.97,11.03,10.97,11.03,0.06,+0.55%,0
"2024-09-20 11:25",11.01,11.01,11,11.01,-0.02,-0.18%,0
"2024-09-20 11:26",11.05,11.05,11.02,11.02,0.01,+0.09%,0
"2024-09-20 11:27",11.06,11.08,11.06,11.08,0.06,+0.54%,0
"2024-09-20 11:28",11.07,11.1,11.07,11.08,0,0.00%,0
"2024-09-20 11:29",11.11,11.11,11.1,11.1,0.02,+0.18%,0
"2024-09-20 11:30",11.12,11.13,11.12,11.12,0.02,+0.18%,0
"2024-09-20 11:31",11.13,11.17,11.13,11.17,0.05,+0.45%,0
"2024-09-20 11:32",11.22,11.22,11.16,11.16,-0.01,-0.09%,0
"2024-09-20 11:33",11.16,11.18,11.13,11.13,-0.03,-0.27%,0
"2024-09-20 11:34",11.12,11.12,11.05,11.05,-0.08,-0.72%,0
"2024-09-20 11:35",11.06,11.08,11.03,11.03,-0.02,-0.18%,0
"2024-09-20 11:36",11.05,11.12,11.05,11.08,0.05,+0.45%,0
"2024-09-20 11:37",11.08,11.15,11.08,11.15,0.07,+0.63%,0
"2024-09-20 11:38",11.14,11.16,11.14,11.16,0.01,+0.09%,0
"2024-09-20 11:39",11.13,11.14,11.12,11.14,-0.02,-0.18%,0
"2024-09-20 11:40",11.12,11.16,11.12,11.16,0.02,+0.18%,0
"2024-09-20 11:41",11.12,11.12,10.9,10.9,-0.26,-2.33%,0
"2024-09-20 11:42",10.9,10.9,10.84,10.84,-0.06,-0.55%,0
"2024-09-20 11:43",10.84,10.84,10.8,10.8,-0.04,-0.37%,0
"2024-09-20 11:44",10.8,10.8,10.78,10.8,0,0.00%,0
"2024-09-20 11:45",10.77,10.84,10.76,10.84,0.04,+0.37%,0
"2024-09-20 11:46",10.8,10.83,10.74,10.74,-0.1,-0.92%,0
"2024-09-20 11:47",10.76,10.76,10.7,10.7,-0.04,-0.37%,0
"2024-09-20 11:48",10.72,10.73,10.72,10.73,0.03,+0.28%,0
"2024-09-20 11:49",10.73,10.75,10.7,10.7,-0.03,-0.28%,0
"2024-09-20 11:50",10.7,10.73,10.69,10.73,0.03,+0.28%,0
"2024-09-20 11:51",10.75,10.79,10.75,10.76,0.03,+0.28%,0
"2024-09-20 11:52",10.78,10.89,10.78,10.89,0.13,+1.21%,0
"2024-09-20 11:53",10.89,10.89,10.86,10.87,-0.02,-0.18%,0
"2024-09-20 11:54",10.88,10.88,10.85,10.87,0,0.00%,0
"2024-09-20 11:55",10.89,10.89,10.75,10.75,-0.12,-1.10%,0
"2024-09-20 11:56",10.76,10.79,10.75,10.75,0,0.00%,0
"2024-09-20 11:57",10.7,10.74,10.7,10.72,-0.03,-0.28%,0
"2024-09-20 11:58",10.74,10.75,10.72,10.72,0,0.00%,0
"2024-09-20 11:59",10.72,10.76,10.72,10.76,0.04,+0.37%,0
"2024-09-20 12:00",10.74,10.76,10.72,10.74,-0.02,-0.19%,0
"2024-09-20 12:01",10.73,10.78,10.73,10.75,0.01,+0.09%,0
"2024-09-20 12:02",10.73,10.76,10.64,10.64,-0.11,-1.02%,0
"2024-09-20 12:03",10.66,10.69,10.66,10.68,0.04,+0.38%,0
"2024-09-20 12:04",10.66,10.73,10.66,10.7,0.02,+0.19%,0
"2024-09-20 12:05",10.69,10.72,10.69,10.7,0,0.00%,0
"2024-09-20 12:06",10.77,10.8,10.75,10.75,0.05,+0.47%,0
"2024-09-20 12:07",10.76,10.77,10.75,10.75,0,0.00%,0
"2024-09-20 12:08",10.7,10.71,10.65,10.65,-0.1,-0.93%,0
"2024-09-20 12:09",10.61,10.63,10.58,10.63,-0.02,-0.19%,0
"2024-09-20 12:10",10.63,10.63,10.61,10.63,0,0.00%,0
"2024-09-20 12:11",10.64,10.69,10.64,10.69,0.06,+0.56%,0
"2024-09-20 12:12",10.7,10.7,10.65,10.68,-0.01,-0.09%,0
"2024-09-20 12:13",10.69,10.69,10.61,10.61,-0.07,-0.66%,0
"2024-09-20 12:14",10.62,10.65,10.61,10.61,0,0.00%,0
"2024-09-20 12:15",10.64,10.67,10.58,10.58,-0.03,-0.28%,0
"2024-09-20 12:16",10.56,10.57,10.56,10.57,-0.01,-0.09%,0
"2024-09-20 12:17",10.56,10.58,10.56,10.56,-0.01,-0.09%,0
"2024-09-20 12:18",10.56,10.56,10.55,10.55,-0.01,-0.09%,0
"2024-09-20 12:19",10.53,10.53,10.47,10.47,-0.08,-0.76%,0
"2024-09-20 12:20",10.48,10.49,10.47,10.47,0,0.00%,0
"2024-09-20 12:21",10.49,10.5,10.49,10.49,0.02,+0.19%,0
"2024-09-20 12:22",10.48,10.5,10.4,10.4,-0.09,-0.86%,0
"2024-09-20 12:23",10.4,10.4,10.39,10.4,0,0.00%,0
"2024-09-20 12:24",10.38,10.38,10.34,10.34,-0.06,-0.58%,0
"2024-09-20 12:25",10.34,10.36,10.34,10.36,0.02,+0.19%,0
"2024-09-20 12:26",10.35,10.36,10.34,10.34,-0.02,-0.19%,0
"2024-09-20 12:27",10.32,10.36,10.31,10.31,-0.03,-0.29%,0
"2024-09-20 12:28",10.31,10.33,10.28,10.29,-0.02,-0.19%,0
"2024-09-20 12:29",10.29,10.32,10.29,10.3,0.01,+0.10%,0
"2024-09-20 12:30",10.3,10.31,10.29,10.29,-0.01,-0.10%,0
"2024-09-20 12:31",10.28,10.32,10.28,10.28,-0.01,-0.10%,0
"2024-09-20 12:32",10.31,10.31,10.3,10.3,0.02,+0.19%,0
"2024-09-20 12:33",10.3,10.32,10.29,10.29,-0.01,-0.10%,0
"2024-09-20 12:34",10.32,10.33,10.31,10.32,0.03,+0.29%,0
"2024-09-20 12:35",10.31,10.31,10.28,10.28,-0.04,-0.39%,0
"2024-09-20 12:36",10.28,10.29,10.28,10.28,0,0.00%,0
"2024-09-20 12:37",10.27,10.29,10.22,10.22,-0.06,-0.58%,0
"2024-09-20 12:38",10.22,10.23,10.21,10.21,-0.01,-0.10%,0
"2024-09-20 12:39",10.2,10.21,10.16,10.16,-0.05,-0.49%,0
"2024-09-20 12:40",10.18,10.18,10.16,10.17,0.01,+0.10%,0
"2024-09-20 12:41",10.16,10.17,10.16,10.17,0,0.00%,0
"2024-09-20 12:42",10.17,10.17,10.13,10.13,-0.04,-0.39%,0
"2024-09-20 12:43",10.13,10.14,10.13,10.13,0,0.00%,0
"2024-09-20 12:44",10.12,10.12,10.11,10.12,-0.01,-0.10%,0
"2024-09-20 12:45",10.11,10.11,10.09,10.1,-0.02,-0.20%,0
"2024-09-20 12:46",10.1,10.14,10.08,10.09,-0.01,-0.10%,0
"2024-09-20 12:47",10.12,10.12,10.12,10.12,0.03,+0.30%,0
"2024-09-20 12:48",10.13,10.13,10.12,10.12,0,0.00%,0
"2024-09-20 12:49",10.12,10.13,10.12,10.12,0,0.00%,0
"2024-09-20 12:50",10.11,10.11,10.09,10.11,-0.01,-0.10%,0
"2024-09-20 12:51",10.12,10.15,10.12,10.13,0.02,+0.20%,0
"2024-09-20 12:52",10.15,10.17,10.15,10.16,0.03,+0.30%,0
"2024-09-20 12:53",10.15,10.17,10.15,10.17,0.01,+0.10%,0
"2024-09-20 12:54",10.17,10.21,10.17,10.18,0.01,+0.10%,0
"2024-09-20 12:55",10.16,10.16,10.16,10.16,-0.02,-0.20%,0
"2024-09-20 12:56",10.16,10.18,10.15,10.15,-0.01,-0.10%,0
"2024-09-20 12:57",10.13,10.16,10.13,10.16,0.01,+0.10%,0
"2024-09-20 12:58",10.15,10.18,10.15,10.18,0.02,+0.20%,0
"2024-09-20 12:59",10.19,10.23,10.17,10.17,-0.01,-0.10%,0
"2024-09-20 13:00",10.2,10.2,10.13,10.13,-0.04,-0.39%,0
"2024-09-20 13:01",10.13,10.13,10.13,10.13,0,0.00%,0
"2024-09-20 13:02",10.1,10.19,10.1,10.19,0.06,+0.59%,0
"2024-09-20 13:03",10.17,10.17,10.15,10.16,-0.03,-0.29%,0
"2024-09-20 13:04",10.16,10.24,10.16,10.24,0.08,+0.79%,0
"2024-09-20 13:05",10.2,10.22,10.2,10.22,-0.02,-0.20%,0
"2024-09-20 13:06",10.24,10.26,10.16,10.16,-0.06,-0.59%,0
"2024-09-20 13:07",10.16,10.17,10.15,10.15,-0.01,-0.10%,0
"2024-09-20 13:08",10.16,10.23,10.16,10.23,0.08,+0.79%,0
"2024-09-20 13:09",10.24,10.28,10.24,10.28,0.05,+0.49%,0
"2024-09-20 13:10",10.29,10.29,10.27,10.27,-0.01,-0.10%,0
"2024-09-20 13:11",10.27,10.31,10.27,10.28,0.01,+0.10%,0
"2024-09-20 13:12",10.28,10.28,10.24,10.24,-0.04,-0.39%,0
"2024-09-20 13:13",10.24,10.3,10.24,10.3,0.06,+0.59%,0
"2024-09-20 13:14",10.25,10.27,10.23,10.27,-0.03,-0.29%,0
"2024-09-20 13:15",10.26,10.28,10.26,10.26,-0.01,-0.10%,0
"2024-09-20 13:16",10.22,10.29,10.22,10.29,0.03,+0.29%,0
"2024-09-20 13:17",10.29,10.31,10.29,10.31,0.02,+0.19%,0
"2024-09-20 13:18",10.29,10.29,10.27,10.27,-0.04,-0.39%,0
"2024-09-20 13:19",10.27,10.31,10.27,10.31,0.04,+0.39%,0
"2024-09-20 13:20",10.29,10.32,10.28,10.32,0.01,+0.10%,0
"2024-09-20 13:21",10.31,10.31,10.28,10.28,-0.04,-0.39%,0
"2024-09-20 13:22",10.29,10.32,10.29,10.32,0.04,+0.39%,0
"2024-09-20 13:23",10.32,10.32,10.3,10.3,-0.02,-0.19%,0
"2024-09-20 13:24",10.3,10.42,10.3,10.42,0.12,+1.17%,0
"2024-09-20 13:25",10.44,10.44,10.36,10.36,-0.06,-0.58%,0
"2024-09-20 13:26",10.32,10.39,10.31,10.39,0.03,+0.29%,0
"2024-09-20 13:27",10.4,10.5,10.4,10.5,0.11,+1.06%,0
"2024-09-20 13:28",10.46,10.46,10.37,10.37,-0.13,-1.24%,0
"2024-09-20 13:29",10.37,10.39,10.37,10.38,0.01,+0.10%,0
"2024-09-20 13:30",10.37,10.37,10.29,10.29,-0.09,-0.87%,0
"2024-09-20 13:31",10.27,10.28,10.22,10.22,-0.07,-0.68%,0
"2024-09-20 13:32",10.23,10.23,10.17,10.17,-0.05,-0.49%,0
"2024-09-20 13:33",10.16,10.17,10.04,10.04,-0.13,-1.28%,0
"2024-09-20 13:34",10.13,10.14,10.1,10.1,0.06,+0.60%,0
"2024-09-20 13:35",9.99,10.1,9.99,10.09,-0.01,-0.10%,0
"2024-09-20 13:36",10.08,10.08,10.05,10.05,-0.04,-0.40%,0
"2024-09-20 13:37",10.05,10.07,9.94,9.94,-0.11,-1.09%,0
"2024-09-20 13:38",9.95,10.07,9.95,10.06,0.12,+1.21%,0
"2024-09-20 13:39",10.07,10.1,10.07,10.07,0.01,+0.10%,0
"2024-09-20 13:40",10.07,10.09,10.06,10.06,-0.01,-0.10%,0
"2024-09-20 13:41",10.06,10.06,10.05,10.06,0,0.00%,0
"2024-09-20 13:42",10.07,10.08,10.05,10.07,0.01,+0.10%,0
"2024-09-20 13:43",10.07,10.09,10.04,10.04,-0.03,-0.30%,0
"2024-09-20 13:44",10.05,10.15,10.05,10.15,0.11,+1.10%,0
"2024-09-20 13:45",10.2,10.2,10.14,10.14,-0.01,-0.10%,0
"2024-09-20 13:46",10.16,10.22,10.15,10.15,0.01,+0.10%,0
"2024-09-20 13:47",10.11,10.15,10.11,10.11,-0.04,-0.39%,0
"2024-09-20 13:48",10.16,10.22,10.16,10.22,0.11,+1.09%,0
"2024-09-20 13:49",10.24,10.26,10.24,10.25,0.03,+0.29%,0
"2024-09-20 13:50",10.24,10.32,10.24,10.32,0.07,+0.68%,0
"2024-09-20 13:51",10.32,10.38,10.32,10.34,0.02,+0.19%,0
"2024-09-20 13:52",10.32,10.32,10.29,10.29,-0.05,-0.48%,0
"2024-09-20 13:53",10.31,10.44,10.31,10.39,0.1,+0.97%,0
"2024-09-20 13:54",10.41,10.42,10.39,10.41,0.02,+0.19%,0
"2024-09-20 13:55",10.42,10.44,10.42,10.43,0.02,+0.19%,0
"2024-09-20 13:56",10.44,10.44,10.4,10.42,-0.01,-0.10%,0
"2024-09-20 13:57",10.42,10.47,10.42,10.47,0.05,+0.48%,0
"2024-09-20 13:58",10.46,10.46,10.38,10.41,-0.06,-0.57%,0
"2024-09-20 13:59",10.39,10.43,10.39,10.42,0.01,+0.10%,0
"2024-09-20 14:00",10.42,10.47,10.42,10.47,0.05,+0.48%,0
"2024-09-20 14:01",10.44,10.5,10.44,10.5,0.03,+0.29%,0
"2024-09-20 14:02",10.53,10.53,10.47,10.5,0,0.00%,0
"2024-09-20 14:03",10.53,10.55,10.45,10.45,-0.05,-0.48%,0
"2024-09-20 14:04",10.69,10.82,10.68,10.68,0.23,+2.20%,0
"2024-09-20 14:05",10.74,10.86,10.74,10.83,0.15,+1.40%,0
"2024-09-20 14:06",10.77,10.85,10.77,10.82,-0.01,-0.09%,0
"2024-09-20 14:07",10.76,10.83,10.76,10.81,-0.01,-0.09%,0
"2024-09-20 14:08",10.81,10.92,10.81,10.92,0.11,+1.02%,0
"2024-09-20 14:09",10.93,11.14,10.93,11.14,0.22,+2.01%,0
"2024-09-20 14:10",11.16,11.29,11.16,11.29,0.15,+1.35%,0
"2024-09-20 14:11",11.3,11.45,11.3,11.4,0.11,+0.97%,0
"2024-09-20 14:12",11.4,11.4,11.28,11.28,-0.12,-1.05%,0
"2024-09-20 14:13",11.11,11.2,11.11,11.15,-0.13,-1.15%,0
"2024-09-20 14:14",11.19,11.22,11.19,11.21,0.06,+0.54%,0
"2024-09-20 14:15",11.23,11.23,11.16,11.16,-0.05,-0.45%,0
"2024-09-20 14:16",11.15,11.15,10.94,10.99,-0.17,-1.52%,0
"2024-09-20 14:17",11.04,11.04,10.97,10.99,0,0.00%,0
"2024-09-20 14:18",11.01,11.02,10.93,10.97,-0.02,-0.18%,0
"2024-09-20 14:19",10.97,11.01,10.96,11,0.03,+0.27%,0
"2024-09-20 14:20",11.01,11.09,11.01,11.09,0.09,+0.82%,0
"2024-09-20 14:21",11.05,11.1,11.04,11.09,0,0.00%,0
"2024-09-20 14:22",11.09,11.16,11.09,11.16,0.07,+0.63%,0
"2024-09-20 14:23",11.18,11.25,11.18,11.25,0.09,+0.81%,0
"2024-09-20 14:24",11.26,11.29,11.24,11.24,-0.01,-0.09%,0
"2024-09-20 14:25",11.25,11.32,11.25,11.3,0.06,+0.53%,0
"2024-09-20 14:26",11.32,11.32,11.27,11.27,-0.03,-0.27%,0
"2024-09-20 14:27",11.26,11.26,11.23,11.25,-0.02,-0.18%,0
"2024-09-20 14:28",11.24,11.3,11.24,11.3,0.05,+0.44%,0
"2024-09-20 14:29",11.29,11.29,11.26,11.26,-0.04,-0.35%,0
"2024-09-20 14:30",11.29,11.38,11.29,11.35,0.09,+0.80%,0
"2024-09-20 14:31",11.45,11.45,11.36,11.36,0.01,+0.09%,0
"2024-09-20 14:32",11.36,11.44,11.36,11.39,0.03,+0.26%,0
"2024-09-20 14:33",11.38,11.44,11.38,11.39,0,0.00%,0
"2024-09-20 14:34",11.37,11.41,11.36,11.41,0.02,+0.18%,0
"2024-09-20 14:35",11.48,11.48,11.42,11.42,0.01,+0.09%,0
"2024-09-20 14:36",11.42,11.43,11.41,11.41,-0.01,-0.09%,0
"2024-09-20 14:37",11.43,11.47,11.43,11.47,0.06,+0.53%,0
"2024-09-20 14:38",11.48,11.6,11.48,11.56,0.09,+0.78%,0
"2024-09-20 14:39",11.51,11.51,11.46,11.47,-0.09,-0.78%,0
"2024-09-20 14:40",11.49,11.56,11.49,11.5,0.03,+0.26%,0
"2024-09-20 14:41",11.55,11.57,11.55,11.57,0.07,+0.61%,0
"2024-09-20 14:42",11.6,11.61,11.52,11.52,-0.05,-0.43%,0
"2024-09-20 14:43",11.54,11.54,11.51,11.52,0,0.00%,0
"2024-09-20 14:44",11.49,11.49,11.23,11.36,-0.16,-1.39%,0
"2024-09-20 14:45",11.38,11.38,11.34,11.35,-0.01,-0.09%,0
"2024-09-20 14:46",11.35,11.35,11.29,11.29,-0.06,-0.53%,0
"2024-09-20 14:47",11.29,11.29,11.13,11.13,-0.16,-1.42%,0
"2024-09-20 14:48",11.15,11.26,11.15,11.26,0.13,+1.17%,0
"2024-09-20 14:49",11.22,11.27,11.17,11.17,-0.09,-0.80%,0
"2024-09-20 14:50",11.23,11.23,11.15,11.23,0.06,+0.54%,0
"2024-09-20 14:51",11.22,11.22,11.07,11.1,-0.13,-1.16%,0
"2024-09-20 14:52",11.05,11.05,11.02,11.02,-0.08,-0.72%,0
"2024-09-20 14:53",11.01,11.01,10.92,10.93,-0.09,-0.82%,0
"2024-09-20 14:54",10.92,10.92,10.86,10.87,-0.06,-0.55%,0
"2024-09-20 14:55",10.88,10.88,10.85,10.85,-0.02,-0.18%,0
"2024-09-20 14:56",10.81,10.82,10.68,10.69,-0.16,-1.47%,0
"2024-09-20 14:57",10.74,10.79,10.74,10.78,0.09,+0.84%,0
"2024-09-20 14:58",10.81,10.81,10.72,10.77,-0.01,-0.09%,0
"2024-09-20 14:59",10.73,10.75,10.73,10.75,-0.02,-0.19%,0
"2024-09-20 15:00",10.75,10.75,10.56,10.65,-0.1,-0.93%,0
"2024-09-20 15:01",10.58,10.62,10.55,10.62,-0.03,-0.28%,0
"2024-09-20 15:02",10.69,10.69,10.65,10.65,0.03,+0.28%,0
"2024-09-20 15:03",10.71,10.79,10.71,10.79,0.14,+1.31%,0
"2024-09-20 15:04",10.76,10.89,10.76,10.89,0.1,+0.93%,0
"2024-09-20 15:05",10.85,10.9,10.85,10.9,0.01,+0.09%,0
"2024-09-20 15:06",10.89,10.91,10.89,10.91,0.01,+0.09%,0
"2024-09-20 15:07",10.9,10.94,10.9,10.94,0.03,+0.27%,0
"2024-09-20 15:08",10.99,11.02,10.95,11.02,0.08,+0.73%,0
"2024-09-20 15:09",11.02,11.03,10.91,10.91,-0.11,-1.00%,0
"2024-09-20 15:10",10.89,10.97,10.89,10.97,0.06,+0.55%,0
"2024-09-20 15:11",10.97,11.01,10.91,11.01,0.04,+0.36%,0
"2024-09-20 15:12",11,11.03,11,11.02,0.01,+0.09%,0
"2024-09-20 15:13",11.02,11.08,11.02,11.05,0.03,+0.27%,0
"2024-09-20 15:14",11.07,11.07,10.86,10.86,-0.19,-1.72%,0
"2024-09-20 15:15",10.83,10.84,10.76,10.76,-0.1,-0.92%,0
"2024-09-20 15:16",10.78,10.78,10.7,10.72,-0.04,-0.37%,0
"2024-09-20 15:17",10.73,10.83,10.7,10.82,0.1,+0.93%,0
"2024-09-20 15:18",10.83,10.83,10.6,10.6,-0.22,-2.03%,0
"2024-09-20 15:19",10.65,10.69,10.65,10.69,0.09,+0.85%,0
"2024-09-20 15:20",10.7,10.78,10.7,10.78,0.09,+0.84%,0
"2024-09-20 15:21",10.67,10.74,10.6,10.74,-0.04,-0.37%,0
"2024-09-20 15:22",10.75,10.93,10.75,10.93,0.19,+1.77%,0
"2024-09-20 15:23",10.96,11.07,10.96,11.02,0.09,+0.82%,0
"2024-09-20 15:24",11.05,11.09,11.05,11.06,0.04,+0.36%,0
"2024-09-20 15:25",11.05,11.06,11.03,11.05,-0.01,-0.09%,0
"2024-09-20 15:26",11.05,11.11,11.05,11.11,0.06,+0.54%,0
"2024-09-20 15:27",11.1,11.1,11.09,11.09,-0.02,-0.18%,0
"2024-09-20 15:28",11.09,11.17,11.09,11.12,0.03,+0.27%,0
"2024-09-20 15:29",11.12,11.12,11.07,11.07,-0.05,-0.45%,0
"2024-09-20 15:30",10.91,11.07,10.91,11.06,-0.01,-0.09%,0
"2024-09-20 15:31",11.1,11.23,11.1,11.23,0.17,+1.54%,0
"2024-09-20 15:32",11.24,11.26,11.24,11.25,0.02,+0.18%,0
"2024-09-20 15:33",11.26,11.29,11.25,11.29,0.04,+0.36%,0
"2024-09-20 15:34",11.27,11.27,11.26,11.27,-0.02,-0.18%,0
"2024-09-20 15:35",11.25,11.31,11.25,11.29,0.02,+0.18%,0
"2024-09-20 15:36",11.3,11.32,11.21,11.3,0.01,+0.09%,0
"2024-09-20 15:37",11.24,11.35,11.22,11.23,-0.07,-0.62%,0
"2024-09-20 15:38",11.23,11.23,11.18,11.18,-0.05,-0.45%,0
"2024-09-20 15:39",11.15,11.24,11.15,11.24,0.06,+0.54%,0
"2024-09-20 15:40",11.24,11.33,11.24,11.32,0.08,+0.71%,0
"2024-09-20 15:41",11.42,11.42,11.36,11.42,0.1,+0.88%,0
"2024-09-20 15:42",11.44,11.46,11.41,11.41,-0.01,-0.09%,0
"2024-09-20 15:43",11.44,11.47,11.43,11.45,0.04,+0.35%,0
"2024-09-20 15:44",11.43,11.43,11.32,11.32,-0.13,-1.14%,0
"2024-09-20 15:45",11.28,11.33,11.25,11.33,0.01,+0.09%,0
"2024-09-20 15:46",11.37,11.39,11.37,11.39,0.06,+0.53%,0
"2024-09-20 15:47",11.4,11.55,11.4,11.55,0.16,+1.40%,0
"2024-09-20 15:48",11.47,11.5,11.4,11.5,-0.05,-0.43%,0
"2024-09-20 15:49",11.5,11.53,11.5,11.53,0.03,+0.26%,0
"2024-09-20 15:50",11.5,11.5,11.41,11.41,-0.12,-1.04%,0
"2024-09-20 15:51",11.56,11.56,11.33,11.51,0.1,+0.88%,0
"2024-09-20 15:52",11.48,11.53,11.48,11.51,0,0.00%,0
"2024-09-20 15:53",11.51,11.51,11.28,11.28,-0.23,-2.00%,0
"2024-09-20 15:54",11.38,11.38,11.13,11.31,0.03,+0.27%,0
"2024-09-20 15:55",11.19,11.24,11.16,11.24,-0.07,-0.62%,0
"2024-09-20 15:56",11.26,11.26,11.2,11.2,-0.04,-0.36%,0
"2024-09-20 15:57",11.21,11.21,11.12,11.12,-0.08,-0.71%,0
"2024-09-20 15:58",11.1,11.14,11.03,11.03,-0.09,-0.81%,0
"2024-09-20 15:59",10.87,10.95,10.76,10.76,-0.27,-2.45%,0
"2024-09-20 16:00",10.75,10.8,10.62,10.8,0.04,+0.37%,0
"2024-09-20 16:01",10.84,10.84,10.81,10.83,0.03,+0.28%,0
"2024-09-20 16:02",10.77,11,10.77,11,0.17,+1.57%,0
"2024-09-20 16:03",10.92,10.94,10.92,10.94,-0.06,-0.55%,0
"2024-09-20 16:04",11.02,11.02,10.93,10.93,-0.01,-0.09%,0
"2024-09-20 16:05",10.94,10.98,10.9,10.9,-0.03,-0.27%,0
"2024-09-20 16:06",10.93,11.01,10.93,11.01,0.11,+1.01%,0
"2024-09-20 16:07",10.98,11.06,10.98,11.06,0.05,+0.45%,0
"2024-09-20 16:08",11.08,11.15,11.04,11.15,0.09,+0.81%,0
"2024-09-20 16:09",11.17,11.21,11.17,11.21,0.06,+0.54%,0
"2024-09-20 16:10",11.2,11.25,11.2,11.25,0.04,+0.36%,0
"2024-09-20 16:11",11.24,11.29,11.24,11.29,0.04,+0.36%,0
"2024-09-20 16:12",11.35,11.37,11.35,11.35,0.06,+0.53%,0
"2024-09-20 16:13",11.37,11.43,11.37,11.43,0.08,+0.70%,0
"2024-09-20 16:14",11.44,11.51,11.44,11.51,0.08,+0.70%,0
"2024-09-20 16:15",11.51,11.51,11.51,11.51,0,0.00%,0
"2024-09-23 09:31",10,10.13,10,10.08,-1.43,-12.42%,0
"2024-09-23 09:32",10.04,10.04,9.99,9.99,-0.09,-0.89%,0
"2024-09-23 09:33",10,10,9.62,9.62,-0.37,-3.70%,0
"2024-09-23 09:34",9.55,9.72,9.55,9.72,0.1,+1.04%,0
"2024-09-23 09:35",9.77,9.87,9.77,9.87,0.15,+1.54%,0
"2024-09-23 09:36",9.89,9.89,9.71,9.71,-0.16,-1.62%,0
"2024-09-23 09:37",9.66,9.66,9.59,9.59,-0.12,-1.24%,0
"2024-09-23 09:38",9.66,9.69,9.63,9.63,0.04,+0.42%,0
"2024-09-23 09:39",9.68,9.68,9.58,9.58,-0.05,-0.52%,0
"2024-09-23 09:40",9.58,9.58,9.46,9.46,-0.12,-1.25%,0
"2024-09-23 09:41",9.5,9.52,9.48,9.48,0.02,+0.21%,0
"2024-09-23 09:42",9.47,9.54,9.47,9.51,0.03,+0.32%,0
"2024-09-23 09:43",9.52,9.52,9.41,9.41,-0.1,-1.05%,0
"2024-09-23 09:44",9.45,9.53,9.45,9.47,0.06,+0.64%,0
"2024-09-23 09:45",9.43,9.43,9.22,9.23,-0.24,-2.53%,0
"2024-09-23 09:46",9.26,9.33,9.26,9.3,0.07,+0.76%,0
"2024-09-23 09:47",9.3,9.33,9.07,9.07,-0.23,-2.47%,0
"2024-09-23 09:48",9.03,9.03,8.87,8.87,-0.2,-2.21%,0
"2024-09-23 09:49",8.91,8.95,8.91,8.93,0.06,+0.68%,0
"2024-09-23 09:50",8.82,8.88,8.82,8.88,-0.05,-0.56%,0
"2024-09-23 09:51",8.82,8.96,8.82,8.96,0.08,+0.90%,0
"2024-09-23 09:52",9,9,8.86,8.86,-0.1,-1.12%,0
"2024-09-23 09:53",8.88,9.03,8.88,9.03,0.17,+1.92%,0
"2024-09-23 09:54",8.94,8.95,8.94,8.94,-0.09,-1.00%,0
"2024-09-23 09:55",8.96,8.96,8.84,8.9,-0.04,-0.45%,0
"2024-09-23 09:56",8.91,8.96,8.89,8.89,-0.01,-0.11%,0
"2024-09-23 09:57",8.94,8.95,8.88,8.88,-0.01,-0.11%,0
"2024-09-23 09:58",8.87,8.87,8.78,8.78,-0.1,-1.13%,0
"2024-09-23 09:59",8.8,8.91,8.8,8.9,0.12,+1.37%,0
"2024-09-23 10:00",8.93,9.03,8.92,8.95,0.05,+0.56%,0
"2024-09-23 10:01",8.79,8.79,8.73,8.73,-0.22,-2.46%,0
"2024-09-23 10:02",8.73,8.75,8.64,8.64,-0.09,-1.03%,0
"2024-09-23 10:03",8.63,8.7,8.63,8.66,0.02,+0.23%,0
"2024-09-23 10:04",8.67,8.71,8.67,8.71,0.05,+0.58%,0
"2024-09-23 10:05",8.68,8.72,8.68,8.72,0.01,+0.11%,0
"2024-09-23 10:06",8.66,8.7,8.65,8.7,-0.02,-0.23%,0
"2024-09-23 10:07",8.67,8.72,8.55,8.55,-0.15,-1.72%,0
"2024-09-23 10:08",8.58,8.63,8.53,8.53,-0.02,-0.23%,0
"2024-09-23 10:09",8.49,8.57,8.46,8.57,0.04,+0.47%,0
"2024-09-23 10:10",8.58,8.67,8.58,8.67,0.1,+1.17%,0
"2024-09-23 10:11",8.67,8.67,8.56,8.56,-0.11,-1.27%,0
"2024-09-23 10:12",8.49,8.5,8.45,8.48,-0.08,-0.93%,0
"2024-09-23 10:13",8.51,8.6,8.48,8.6,0.12,+1.42%,0
"2024-09-23 10:14",8.56,8.65,8.55,8.65,0.05,+0.58%,0
"2024-09-23 10:15",8.66,8.66,8.59,8.59,-0.06,-0.69%,0
"2024-09-23 10:16",8.51,8.63,8.51,8.63,0.04,+0.47%,0
"2024-09-23 10:17",8.55,8.61,8.53,8.53,-0.1,-1.16%,0
"2024-09-23 10:18",8.59,8.59,8.49,8.49,-0.04,-0.47%,0
"2024-09-23 10:19",8.4,8.44,8.4,8.41,-0.08,-0.94%,0
"2024-09-23 10:20",8.42,8.42,8.32,8.36,-0.05,-0.59%,0
"2024-09-23 10:21",8.37,8.37,8.36,8.37,0.01,+0.12%,0
"2024-09-23 10:22",8.38,8.38,8.3,8.33,-0.04,-0.48%,0
"2024-09-23 10:23",8.3,8.36,8.28,8.34,0.01,+0.12%,0
"2024-09-23 10:24",8.33,8.37,8.33,8.36,0.02,+0.24%,0
"2024-09-23 10:25",8.37,8.43,8.37,8.39,0.03,+0.36%,0
"2024-09-23 10:26",8.4,8.49,8.4,8.47,0.08,+0.95%,0
"2024-09-23 10:27",8.47,8.5,8.47,8.5,0.03,+0.35%,0
"2024-09-23 10:28",8.49,8.53,8.48,8.48,-0.02,-0.24%,0
"2024-09-23 10:29",8.48,8.55,8.48,8.53,0.05,+0.59%,0
"2024-09-23 10:30",8.51,8.53,8.51,8.53,0,0.00%,0
"2024-09-23 10:31",8.51,8.57,8.51,8.57,0.04,+0.47%,0
"2024-09-23 10:32",8.56,8.57,8.51,8.53,-0.04,-0.47%,0
"2024-09-23 10:33",8.53,8.6,8.53,8.6,0.07,+0.82%,0
"2024-09-23 10:34",8.63,8.69,8.58,8.58,-0.02,-0.23%,0
"2024-09-23 10:35",8.57,8.65,8.57,8.65,0.07,+0.82%,0
"2024-09-23 10:36",8.67,8.71,8.62,8.62,-0.03,-0.35%,0
"2024-09-23 10:37",8.59,8.59,8.49,8.49,-0.13,-1.51%,0
"2024-09-23 10:38",8.58,8.72,8.58,8.72,0.23,+2.71%,0
"2024-09-23 10:39",8.74,8.85,8.69,8.78,0.06,+0.69%,0
"2024-09-23 10:40",8.77,8.77,8.63,8.63,-0.15,-1.71%,0
"2024-09-23 10:41",8.64,8.64,8.48,8.48,-0.15,-1.74%,0
"2024-09-23 10:42",8.49,8.57,8.49,8.57,0.09,+1.06%,0
"2024-09-23 10:43",8.48,8.48,8.39,8.39,-0.18,-2.10%,0
"2024-09-23 10:44",8.35,8.37,8.35,8.35,-0.04,-0.48%,0
"2024-09-23 10:45",8.28,8.3,8.28,8.3,-0.05,-0.60%,0
"2024-09-23 10:46",8.27,8.3,8.25,8.25,-0.05,-0.60%,0
"2024-09-23 10:47",8.25,8.26,8.16,8.16,-0.09,-1.09%,0
"2024-09-23 10:48",8.15,8.18,8.15,8.17,0.01,+0.12%,0
"2024-09-23 10:49",8.19,8.3,8.19,8.27,0.1,+1.22%,0
"2024-09-23 10:50",8.28,8.31,8.28,8.31,0.04,+0.48%,0
"2024-09-23 10:51",8.31,8.31,8.26,8.26,-0.05,-0.60%,0
"2024-09-23 10:52",8.21,8.28,8.21,8.28,0.02,+0.24%,0
"2024-09-23 10:53",8.26,8.26,8.23,8.23,-0.05,-0.60%,0
"2024-09-23 10:54",8.19,8.27,8.19,8.26,0.03,+0.36%,0
"2024-09-23 10:55",8.27,8.33,8.27,8.33,0.07,+0.85%,0
"2024-09-23 10:56",8.31,8.37,8.31,8.36,0.03,+0.36%,0
"2024-09-23 10:57",8.36,8.36,8.25,8.25,-0.11,-1.32%,0
"2024-09-23 10:58",8.23,8.23,8.18,8.18,-0.07,-0.85%,0
"2024-09-23 10:59",8.21,8.22,8.19,8.2,0.02,+0.24%,0
"2024-09-23 11:00",8.15,8.23,8.15,8.23,0.03,+0.37%,0
"2024-09-23 11:01",8.23,8.33,8.23,8.33,0.1,+1.22%,0
"2024-09-23 11:02",8.32,8.36,8.32,8.36,0.03,+0.36%,0
"2024-09-23 11:03",8.33,8.5,8.33,8.5,0.14,+1.67%,0
"2024-09-23 11:04",8.34,8.39,8.34,8.38,-0.12,-1.41%,0
"2024-09-23 11:05",8.42,8.61,8.42,8.56,0.18,+2.15%,0
"2024-09-23 11:06",8.62,8.74,8.62,8.65,0.09,+1.05%,0
"2024-09-23 11:07",8.62,8.67,8.59,8.59,-0.06,-0.69%,0
"2024-09-23 11:08",8.54,8.6,8.54,8.6,0.01,+0.12%,0
"2024-09-23 11:09",8.57,8.62,8.57,8.6,0,0.00%,0
"2024-09-23 11:10",8.45,8.49,8.42,8.42,-0.18,-2.09%,0
"2024-09-23 11:11",8.44,8.5,8.44,8.5,0.08,+0.95%,0
"2024-09-23 11:12",8.49,8.53,8.49,8.5,0,0.00%,0
"2024-09-23 11:13",8.49,8.53,8.43,8.43,-0.07,-0.82%,0
"2024-09-23 11:14",8.4,8.42,8.4,8.42,-0.01,-0.12%,0
"2024-09-23 11:15",8.47,8.52,8.47,8.51,0.09,+1.07%,0
"2024-09-23 11:16",8.49,8.49,8.46,8.47,-0.04,-0.47%,0
"2024-09-23 11:17",8.55,8.63,8.55,8.63,0.16,+1.89%,0
"2024-09-23 11:18",8.59,8.64,8.59,8.62,-0.01,-0.12%,0
"2024-09-23 11:19",8.57,8.57,8.56,8.57,-0.05,-0.58%,0
"2024-09-23 11:20",8.56,8.56,8.46,8.46,-0.11,-1.28%,0
"2024-09-23 11:21",8.45,8.45,8.37,8.37,-0.09,-1.06%,0
"2024-09-23 11:22",8.37,8.4,8.37,8.39,0.02,+0.24%,0
"2024-09-23 11:23",8.39,8.42,8.39,8.42,0.03,+0.36%,0
"2024-09-23 11:24",8.38,8.38,8.28,8.28,-0.14,-1.66%,0
"2024-09-23 11:25",8.26,8.27,8.24,8.26,-0.02,-0.24%,0
"2024-09-23 11:26",8.24,8.29,8.24,8.25,-0.01,-0.12%,0
"2024-09-23 11:27",8.26,8.33,8.26,8.33,0.08,+0.97%,0
"2024-09-23 11:28",8.31,8.31,8.19,8.19,-0.14,-1.68%,0
"2024-09-23 11:29",8.2,8.21,8.2,8.21,0.02,+0.24%,0
"2024-09-23 11:30",8.2,8.21,8.19,8.19,-0.02,-0.24%,0
"2024-09-23 11:31",8.14,8.18,8.14,8.18,-0.01,-0.12%,0
"2024-09-23 11:32",8.19,8.19,8.17,8.19,0.01,+0.12%,0
"2024-09-23 11:33",8.19,8.19,8.15,8.18,-0.01,-0.12%,0
"2024-09-23 11:34",8.17,8.21,8.17,8.21,0.03,+0.37%,0
"2024-09-23 11:35",8.17,8.2,8.17,8.19,-0.02,-0.24%,0
"2024-09-23 11:36",8.14,8.22,8.14,8.22,0.03,+0.37%,0
"2024-09-23 11:37",8.22,8.23,8.19,8.23,0.01,+0.12%,0
"2024-09-23 11:38",8.21,8.23,8.2,8.2,-0.03,-0.36%,0
"2024-09-23 11:39",8.2,8.25,8.2,8.25,0.05,+0.61%,0
"2024-09-23 11:40",8.22,8.32,8.22,8.32,0.07,+0.85%,0
"2024-09-23 11:41",8.33,8.33,8.3,8.3,-0.02,-0.24%,0
"2024-09-23 11:42",8.27,8.33,8.27,8.33,0.03,+0.36%,0
"2024-09-23 11:43",8.31,8.31,8.29,8.31,-0.02,-0.24%,0
"2024-09-23 11:44",8.32,8.4,8.32,8.39,0.08,+0.96%,0
"2024-09-23 11:45",8.37,8.37,8.33,8.33,-0.06,-0.72%,0
"2024-09-23 11:46",8.34,8.35,8.27,8.28,-0.05,-0.60%,0
"2024-09-23 11:47",8.28,8.31,8.28,8.31,0.03,+0.36%,0
"2024-09-23 11:48",8.33,8.37,8.33,8.37,0.06,+0.72%,0
"2024-09-23 11:49",8.37,8.41,8.37,8.41,0.04,+0.48%,0
"2024-09-23 11:50",8.4,8.41,8.39,8.41,0,0.00%,0
"2024-09-23 11:51",8.4,8.4,8.23,8.32,-0.09,-1.07%,0
"2024-09-23 11:52",8.33,8.38,8.33,8.37,0.05,+0.60%,0
"2024-09-23 11:53",8.38,8.4,8.38,8.4,0.03,+0.36%,0
"2024-09-23 11:54",8.4,8.43,8.4,8.43,0.03,+0.36%,0
"2024-09-23 11:55",8.46,8.52,8.46,8.52,0.09,+1.07%,0
"2024-09-23 11:56",8.52,8.55,8.52,8.55,0.03,+0.35%,0
"2024-09-23 11:57",8.58,8.6,8.58,8.6,0.05,+0.58%,0
"2024-09-23 11:58",8.63,8.73,8.63,8.67,0.07,+0.81%,0
"2024-09-23 11:59",8.71,8.77,8.71,8.71,0.04,+0.46%,0
"2024-09-23 12:00",8.72,8.87,8.72,8.76,0.05,+0.57%,0
"2024-09-23 12:01",8.73,8.77,8.67,8.7,-0.06,-0.68%,0
"2024-09-23 12:02",8.7,8.78,8.7,8.76,0.06,+0.69%,0
"2024-09-23 12:03",8.75,8.79,8.74,8.79,0.03,+0.34%,0
"2024-09-23 12:04",8.79,8.82,8.77,8.77,-0.02,-0.23%,0
"2024-09-23 12:05",8.79,8.83,8.79,8.8,0.03,+0.34%,0
"2024-09-23 12:06",8.79,8.79,8.77,8.79,-0.01,-0.11%,0
"2024-09-23 12:07",8.78,8.8,8.76,8.79,0,0.00%,0
"2024-09-23 12:08",8.78,8.81,8.76,8.81,0.02,+0.23%,0
"2024-09-23 12:09",8.84,8.88,8.84,8.86,0.05,+0.57%,0
"2024-09-23 12:10",8.89,8.96,8.89,8.96,0.1,+1.13%,0
"2024-09-23 12:11",8.92,8.93,8.92,8.93,-0.03,-0.33%,0
"2024-09-23 12:12",8.92,9.05,8.87,9.05,0.12,+1.34%,0
"2024-09-23 12:13",9.13,9.2,9.1,9.1,0.05,+0.55%,0
"2024-09-23 12:14",9.09,9.15,9.09,9.14,0.04,+0.44%,0
"2024-09-23 12:15",9.11,9.36,9.11,9.36,0.22,+2.41%,0
"2024-09-23 12:16",9.34,9.34,9.08,9.08,-0.28,-2.99%,0
"2024-09-23 12:17",9.09,9.11,9,9,-0.08,-0.88%,0
"2024-09-23 12:18",8.94,9.12,8.94,9.12,0.12,+1.33%,0
"2024-09-23 12:19",9.12,9.2,9.12,9.2,0.08,+0.88%,0
"2024-09-23 12:20",9.18,9.26,9.18,9.26,0.06,+0.65%,0
"2024-09-23 12:21",9.14,9.15,9.07,9.15,-0.11,-1.19%,0
"2024-09-23 12:22",9.13,9.16,9.13,9.15,0,0.00%,0
"2024-09-23 12:23",9.09,9.09,8.99,8.99,-0.16,-1.75%,0
"2024-09-23 12:24",9.03,9.08,9.03,9.06,0.07,+0.78%,0
"2024-09-23 12:25",9.03,9.06,9.03,9.04,-0.02,-0.22%,0
"2024-09-23 12:26",9.03,9.05,9,9,-0.04,-0.44%,0
"2024-09-23 12:27",9,9,8.98,8.99,-0.01,-0.11%,0
"2024-09-23 12:28",9.01,9.02,9.01,9.02,0.03,+0.33%,0
"2024-09-23 12:29",9.03,9.08,9.03,9.07,0.05,+0.55%,0
"2024-09-23 12:30",9.06,9.07,8.97,8.97,-0.1,-1.10%,0
"2024-09-23 12:31",9.01,9.05,9.01,9.02,0.05,+0.56%,0
"2024-09-23 12:32",9.03,9.19,9.03,9.19,0.17,+1.88%,0
"2024-09-23 12:33",9.24,9.24,9.11,9.11,-0.08,-0.87%,0
"2024-09-23 12:34",9.07,9.09,9,9.02,-0.09,-0.99%,0
"2024-09-23 12:35",9.02,9.04,9.02,9.03,0.01,+0.11%,0
"2024-09-23 12:36",9.05,9.05,9.02,9.05,0.02,+0.22%,0
"2024-09-23 12:37",9.15,9.25,9.15,9.23,0.18,+1.99%,0
"2024-09-23 12:38",9.25,9.35,9.25,9.32,0.09,+0.98%,0
"2024-09-23 12:39",9.22,9.24,9.2,9.24,-0.08,-0.86%,0
"2024-09-23 12:40",9.26,9.28,9.24,9.24,0,0.00%,0
"2024-09-23 12:41",9.23,9.24,9.21,9.21,-0.03,-0.32%,0
"2024-09-23 12:42",9.21,9.21,9.16,9.16,-0.05,-0.54%,0
"2024-09-23 12:43",9.19,9.23,9.19,9.22,0.06,+0.66%,0
"2024-09-23 12:44",9.21,9.24,9.21,9.24,0.02,+0.22%,0
"2024-09-23 12:45",9.24,9.37,9.24,9.32,0.08,+0.87%,0
"2024-09-23 12:46",9.31,9.41,9.31,9.41,0.09,+0.97%,0
"2024-09-23 12:47",9.38,9.5,9.38,9.49,0.08,+0.85%,0
"2024-09-23 12:48",9.47,9.47,9.34,9.34,-0.15,-1.58%,0
"2024-09-23 12:49",9.31,9.31,9.21,9.21,-0.13,-1.39%,0
"2024-09-23 12:50",9.2,9.2,9.16,9.19,-0.02,-0.22%,0
"2024-09-23 12:51",9.22,9.29,9.22,9.29,0.1,+1.09%,0
"2024-09-23 12:52",9.3,9.35,9.3,9.35,0.06,+0.65%,0
"2024-09-23 12:53",9.35,9.37,9.34,9.34,-0.01,-0.11%,0
"2024-09-23 12:54",9.34,9.34,9.31,9.31,-0.03,-0.32%,0
"2024-09-23 12:55",9.29,9.39,9.29,9.39,0.08,+0.86%,0
"2024-09-23 12:56",9.38,9.4,9.37,9.37,-0.02,-0.21%,0
"2024-09-23 12:57",9.37,9.4,9.37,9.37,0,0.00%,0
"2024-09-23 12:58",9.38,9.43,9.38,9.41,0.04,+0.43%,0
"2024-09-23 12:59",9.36,9.37,9.36,9.37,-0.04,-0.43%,0
"2024-09-23 13:00",9.39,9.46,9.39,9.46,0.09,+0.96%,0
"2024-09-23 13:01",9.46,9.61,9.46,9.61,0.15,+1.59%,0
"2024-09-23 13:02",9.57,9.59,9.52,9.56,-0.05,-0.52%,0
"2024-09-23 13:03",9.55,9.56,9.51,9.51,-0.05,-0.52%,0
"2024-09-23 13:04",9.48,9.48,9.46,9.48,-0.03,-0.32%,0
"2024-09-23 13:05",9.48,9.51,9.48,9.51,0.03,+0.32%,0
"2024-09-23 13:06",9.5,9.55,9.5,9.55,0.04,+0.42%,0
"2024-09-23 13:07",9.58,9.58,9.57,9.57,0.02,+0.21%,0
"2024-09-23 13:08",9.51,9.57,9.51,9.56,-0.01,-0.10%,0
"2024-09-23 13:09",9.53,9.58,9.52,9.52,-0.04,-0.42%,0
"2024-09-23 13:10",9.46,9.51,9.46,9.51,-0.01,-0.11%,0
"2024-09-23 13:11",9.48,9.53,9.48,9.53,0.02,+0.21%,0
"2024-09-23 13:12",9.48,9.48,9.42,9.42,-0.11,-1.15%,0
"2024-09-23 13:13",9.42,9.44,9.35,9.37,-0.05,-0.53%,0
"2024-09-23 13:14",9.41,9.43,9.38,9.43,0.06,+0.64%,0
"2024-09-23 13:15",9.43,9.45,9.39,9.39,-0.04,-0.42%,0
"2024-09-23 13:16",9.4,9.46,9.4,9.46,0.07,+0.75%,0
"2024-09-23 13:17",9.44,9.44,9.34,9.36,-0.1,-1.06%,0
"2024-09-23 13:18",9.36,9.38,9.36,9.37,0.01,+0.11%,0
"2024-09-23 13:19",9.36,9.37,9.28,9.28,-0.09,-0.96%,0
"2024-09-23 13:20",9.28,9.28,9.2,9.2,-0.08,-0.86%,0
"2024-09-23 13:21",9.2,9.25,9.2,9.25,0.05,+0.54%,0
"2024-09-23 13:22",9.25,9.3,9.25,9.3,0.05,+0.54%,0
"2024-09-23 13:23",9.27,9.37,9.27,9.37,0.07,+0.75%,0
"2024-09-23 13:24",9.36,9.4,9.36,9.36,-0.01,-0.11%,0
"2024-09-23 13:25",9.36,9.37,9.32,9.32,-0.04,-0.43%,0
"2024-09-23 13:26",9.33,9.37,9.32,9.32,0,0.00%,0
"2024-09-23 13:27",9.3,9.31,9.24,9.24,-0.08,-0.86%,0
"2024-09-23 13:28",9.27,9.3,9.26,9.26,0.02,+0.22%,0
"2024-09-23 13:29",9.29,9.3,9.27,9.27,0.01,+0.11%,0
"2024-09-23 13:30",9.27,9.27,9.14,9.14,-0.13,-1.40%,0
"2024-09-23 13:31",9.17,9.18,9.16,9.17,0.03,+0.33%,0
"2024-09-23 13:32",9.17,9.17,9.12,9.12,-0.05,-0.55%,0
"2024-09-23 13:33",9.1,9.1,9.04,9.04,-0.08,-0.88%,0
"2024-09-23 13:34",9.03,9.03,8.99,8.99,-0.05,-0.55%,0
"2024-09-23 13:35",8.97,8.97,8.96,8.97,-0.02,-0.22%,0
"2024-09-23 13:36",8.97,9.04,8.97,9.03,0.06,+0.67%,0
"2024-09-23 13:37",9.12,9.21,9.12,9.17,0.14,+1.55%,0
"2024-09-23 13:38",9.16,9.16,9.12,9.12,-0.05,-0.55%,0
"2024-09-23 13:39",9.13,9.17,9.13,9.17,0.05,+0.55%,0
"2024-09-23 13:40",9.16,9.16,9.08,9.08,-0.09,-0.98%,0
"2024-09-23 13:41",9.05,9.06,9.04,9.06,-0.02,-0.22%,0
"2024-09-23 13:42",9.06,9.07,9.06,9.07,0.01,+0.11%,0
"2024-09-23 13:43",9.04,9.08,9.04,9.08,0.01,+0.11%,0
"2024-09-23 13:44",9.09,9.11,9.09,9.1,0.02,+0.22%,0
"2024-09-23 13:45",9.03,9.03,8.93,8.93,-0.17,-1.87%,0
"2024-09-23 13:46",8.94,8.96,8.94,8.94,0.01,+0.11%,0
"2024-09-23 13:47",8.89,8.91,8.88,8.91,-0.03,-0.34%,0
"2024-09-23 13:48",8.93,8.94,8.93,8.93,0.02,+0.22%,0
"2024-09-23 13:49",8.92,8.96,8.92,8.93,0,0.00%,0
"2024-09-23 13:50",8.94,8.94,8.88,8.88,-0.05,-0.56%,0
"2024-09-23 13:51",8.85,8.86,8.83,8.83,-0.05,-0.56%,0
"2024-09-23 13:52",8.85,8.87,8.85,8.87,0.04,+0.45%,0
"2024-09-23 13:53",8.87,8.87,8.86,8.86,-0.01,-0.11%,0
"2024-09-23 13:54",8.85,8.86,8.84,8.84,-0.02,-0.23%,0
"2024-09-23 13:55",8.84,8.89,8.84,8.87,0.03,+0.34%,0
"2024-09-23 13:56",8.87,8.88,8.87,8.87,0,0.00%,0
"2024-09-23 13:57",8.89,8.89,8.87,8.87,0,0.00%,0
"2024-09-23 13:58",8.88,8.88,8.87,8.87,0,0.00%,0
"2024-09-23 13:59",8.88,8.88,8.85,8.85,-0.02,-0.23%,0
"2024-09-23 14:00",8.83,8.83,8.79,8.79,-0.06,-0.68%,0
"2024-09-23 14:01",8.83,8.84,8.82,8.82,0.03,+0.34%,0
"2024-09-23 14:02",8.84,8.89,8.84,8.89,0.07,+0.79%,0
"2024-09-23 14:03",8.85,8.85,8.82,8.84,-0.05,-0.56%,0
"2024-09-23 14:04",8.84,8.87,8.84,8.86,0.02,+0.23%,0
"2024-09-23 14:05",8.87,8.91,8.86,8.86,0,0.00%,0
"2024-09-23 14:06",8.86,8.86,8.82,8.82,-0.04,-0.45%,0
"2024-09-23 14:07",8.81,8.84,8.81,8.84,0.02,+0.23%,0
"2024-09-23 14:08",8.81,8.81,8.77,8.77,-0.07,-0.79%,0
"2024-09-23 14:09",8.8,8.86,8.8,8.86,0.09,+1.03%,0
"2024-09-23 14:10",8.84,8.84,8.82,8.82,-0.04,-0.45%,0
"2024-09-23 14:11",8.83,8.89,8.82,8.89,0.07,+0.79%,0
"2024-09-23 14:12",8.9,8.93,8.9,8.93,0.04,+0.45%,0
"2024-09-23 14:13",8.93,8.96,8.93,8.96,0.03,+0.34%,0
"2024-09-23 14:14",8.96,8.96,8.95,8.95,-0.01,-0.11%,0
"2024-09-23 14:15",8.94,8.94,8.88,8.88,-0.07,-0.78%,0
"2024-09-23 14:16",8.88,8.89,8.87,8.88,0,0.00%,0
"2024-09-23 14:17",8.87,8.88,8.84,8.84,-0.04,-0.45%,0
"2024-09-23 14:18",8.85,8.85,8.84,8.84,0,0.00%,0
"2024-09-23 14:19",8.83,8.83,8.81,8.81,-0.03,-0.34%,0
"2024-09-23 14:20",8.82,8.84,8.82,8.84,0.03,+0.34%,0
"2024-09-23 14:21",8.84,8.85,8.8,8.8,-0.04,-0.45%,0
"2024-09-23 14:22",8.81,8.81,8.78,8.79,-0.01,-0.11%,0
"2024-09-23 14:23",8.78,8.83,8.78,8.83,0.04,+0.46%,0
"2024-09-23 14:24",8.85,8.85,8.8,8.85,0.02,+0.23%,0
"2024-09-23 14:25",8.85,8.86,8.8,8.84,-0.01,-0.11%,0
"2024-09-23 14:26",8.88,8.98,8.88,8.91,0.07,+0.79%,0
"2024-09-23 14:27",8.92,8.92,8.91,8.91,0,0.00%,0
"2024-09-23 14:28",8.92,8.92,8.89,8.89,-0.02,-0.22%,0
"2024-09-23 14:29",8.87,8.87,8.85,8.86,-0.03,-0.34%,0
"2024-09-23 14:30",8.86,8.86,8.83,8.83,-0.03,-0.34%,0
"2024-09-23 14:31",8.79,8.8,8.79,8.79,-0.04,-0.45%,0
"2024-09-23 14:32",8.81,8.83,8.81,8.81,0.02,+0.23%,0
"2024-09-23 14:33",8.8,8.81,8.8,8.8,-0.01,-0.11%,0
"2024-09-23 14:34",8.79,8.83,8.79,8.83,0.03,+0.34%,0
"2024-09-23 14:35",8.83,8.84,8.83,8.84,0.01,+0.11%,0
"2024-09-23 14:36",8.82,8.86,8.82,8.86,0.02,+0.23%,0
"2024-09-23 14:37",8.89,8.9,8.89,8.89,0.03,+0.34%,0
"2024-09-23 14:38",8.89,8.89,8.85,8.85,-0.04,-0.45%,0
"2024-09-23 14:39",8.86,8.88,8.86,8.88,0.03,+0.34%,0
"2024-09-23 14:40",8.91,8.91,8.9,8.9,0.02,+0.23%,0
"2024-09-23 14:41",8.89,8.9,8.88,8.9,0,0.00%,0
"2024-09-23 14:42",8.92,8.92,8.9,8.9,0,0.00%,0
"2024-09-23 14:43",8.9,8.94,8.9,8.94,0.04,+0.45%,0
"2024-09-23 14:44",8.93,8.93,8.93,8.93,-0.01,-0.11%,0
"2024-09-23 14:45",8.93,8.94,8.93,8.94,0.01,+0.11%,0
"2024-09-23 14:46",8.95,8.95,8.91,8.93,-0.01,-0.11%,0
"2024-09-23 14:47",8.93,8.95,8.93,8.95,0.02,+0.22%,0
"2024-09-23 14:48",8.96,8.98,8.96,8.97,0.02,+0.22%,0
"2024-09-23 14:49",8.96,8.96,8.94,8.94,-0.03,-0.33%,0
"2024-09-23 14:50",8.94,8.94,8.92,8.94,0,0.00%,0
"2024-09-23 14:51",8.92,8.92,8.91,8.92,-0.02,-0.22%,0
"2024-09-23 14:52",8.91,8.92,8.89,8.89,-0.03,-0.34%,0
"2024-09-23 14:53",8.9,8.91,8.9,8.91,0.02,+0.22%,0
"2024-09-23 14:54",8.9,8.92,8.9,8.92,0.01,+0.11%,0
"2024-09-23 14:55",8.92,8.92,8.86,8.86,-0.06,-0.67%,0
"2024-09-23 14:56",8.88,8.88,8.84,8.84,-0.02,-0.23%,0
"2024-09-23 14:57",8.84,8.86,8.84,8.86,0.02,+0.23%,0
"2024-09-23 14:58",8.88,8.91,8.85,8.85,-0.01,-0.11%,0
"2024-09-23 14:59",8.88,8.91,8.84,8.84,-0.01,-0.11%,0
"2024-09-23 15:00",8.84,8.84,8.82,8.84,0,0.00%,0
"2024-09-23 15:01",8.87,8.89,8.84,8.85,0.01,+0.11%,0
"2024-09-23 15:02",8.84,8.85,8.82,8.82,-0.03,-0.34%,0
"2024-09-23 15:03",8.8,8.8,8.75,8.75,-0.07,-0.79%,0
"2024-09-23 15:04",8.75,8.77,8.75,8.76,0.01,+0.11%,0
"2024-09-23 15:05",8.78,8.78,8.72,8.72,-0.04,-0.46%,0
"2024-09-23 15:06",8.74,8.76,8.74,8.75,0.03,+0.34%,0
"2024-09-23 15:07",8.75,8.81,8.75,8.81,0.06,+0.69%,0
"2024-09-23 15:08",8.83,8.87,8.83,8.85,0.04,+0.45%,0
"2024-09-23 15:09",8.85,8.93,8.85,8.93,0.08,+0.90%,0
"2024-09-23 15:10",8.91,8.91,8.9,8.9,-0.03,-0.34%,0
"2024-09-23 15:11",8.88,8.91,8.88,8.91,0.01,+0.11%,0
"2024-09-23 15:12",8.93,8.97,8.91,8.91,0,0.00%,0
"2024-09-23 15:13",8.9,8.92,8.9,8.92,0.01,+0.11%,0
"2024-09-23 15:14",8.93,9.04,8.93,9.04,0.12,+1.35%,0
"2024-09-23 15:15",9.05,9.05,8.98,8.98,-0.06,-0.66%,0
"2024-09-23 15:16",8.97,8.97,8.92,8.92,-0.06,-0.67%,0
"2024-09-23 15:17",8.93,8.98,8.93,8.96,0.04,+0.45%,0
"2024-09-23 15:18",8.93,8.93,8.86,8.86,-0.1,-1.12%,0
"2024-09-23 15:19",8.87,8.89,8.87,8.89,0.03,+0.34%,0
"2024-09-23 15:20",8.91,8.94,8.89,8.94,0.05,+0.56%,0
"2024-09-23 15:21",8.95,8.98,8.95,8.95,0.01,+0.11%,0
"2024-09-23 15:22",8.97,8.97,8.97,8.97,0.02,+0.22%,0
"2024-09-23 15:23",8.97,9.02,8.97,9.02,0.05,+0.56%,0
"2024-09-23 15:24",9.04,9.05,9.03,9.03,0.01,+0.11%,0
"2024-09-23 15:25",9.05,9.05,9.03,9.03,0,0.00%,0
"2024-09-23 15:26",9.01,9.07,9.01,9.07,0.04,+0.44%,0
"2024-09-23 15:27",9.07,9.07,9.05,9.05,-0.02,-0.22%,0
"2024-09-23 15:28",9.07,9.14,9.07,9.14,0.09,+0.99%,0
"2024-09-23 15:29",9.18,9.18,9.13,9.14,0,0.00%,0
"2024-09-23 15:30",9.16,9.19,9.16,9.19,0.05,+0.55%,0
"2024-09-23 15:31",9.14,9.15,9.13,9.13,-0.06,-0.65%,0
"2024-09-23 15:32",9.14,9.15,9.12,9.12,-0.01,-0.11%,0
"2024-09-23 15:33",9.15,9.17,9.15,9.17,0.05,+0.55%,0
"2024-09-23 15:34",9.15,9.15,9.13,9.13,-0.04,-0.44%,0
"2024-09-23 15:35",9.1,9.1,9.03,9.03,-0.1,-1.10%,0
"2024-09-23 15:36",9.01,9.03,9,9,-0.03,-0.33%,0
"2024-09-23 15:37",8.99,8.99,8.92,8.92,-0.08,-0.89%,0
"2024-09-23 15:38",8.95,8.98,8.94,8.95,0.03,+0.34%,0
"2024-09-23 15:39",8.96,8.97,8.93,8.93,-0.02,-0.22%,0
"2024-09-23 15:40",8.95,8.99,8.92,8.92,-0.01,-0.11%,0
"2024-09-23 15:41",8.92,8.94,8.91,8.94,0.02,+0.22%,0
"2024-09-23 15:42",8.98,9,8.98,9,0.06,+0.67%,0
"2024-09-23 15:43",9,9.03,9,9.02,0.02,+0.22%,0
"2024-09-23 15:44",9.03,9.12,9.03,9.08,0.06,+0.67%,0
"2024-09-23 15:45",9.1,9.13,9.09,9.09,0.01,+0.11%,0
"2024-09-23 15:46",9.07,9.07,8.99,9.02,-0.07,-0.77%,0
"2024-09-23 15:47",9.06,9.06,9,9.02,0,0.00%,0
"2024-09-23 15:48",9.02,9.06,9.02,9.05,0.03,+0.33%,0
"2024-09-23 15:49",9.03,9.08,9.02,9.08,0.03,+0.33%,0
"2024-09-23 15:50",9.14,9.2,9.14,9.16,0.08,+0.88%,0
"2024-09-23 15:51",9.14,9.15,9.12,9.14,-0.02,-0.22%,0
"2024-09-23 15:52",9.13,9.14,9.13,9.14,0,0.00%,0
"2024-09-23 15:53",9.15,9.17,9.13,9.17,0.03,+0.33%,0
"2024-09-23 15:54",9.19,9.19,9.14,9.14,-0.03,-0.33%,0
"2024-09-23 15:55",9.13,9.16,9.13,9.16,0.02,+0.22%,0
"2024-09-23 15:56",9.17,9.18,9.09,9.09,-0.07,-0.76%,0
"2024-09-23 15:57",9.06,9.13,9.06,9.12,0.03,+0.33%,0
"2024-09-23 15:58",9.09,9.14,9.09,9.12,0,0.00%,0
"2024-09-23 15:59",9.14,9.17,9.03,9.03,-0.09,-0.99%,0
"2024-09-23 16:00",8.99,8.99,8.82,8.82,-0.21,-2.33%,0
"2024-09-23 16:01",8.82,8.88,8.82,8.88,0.06,+0.68%,0
"2024-09-23 16:02",8.85,8.88,8.85,8.87,-0.01,-0.11%,0
"2024-09-23 16:03",8.87,8.98,8.87,8.98,0.11,+1.24%,0
"2024-09-23 16:04",8.98,9,8.98,8.98,0,0.00%,0
"2024-09-23 16:05",8.94,8.97,8.92,8.92,-0.06,-0.67%,0
"2024-09-23 16:06",8.95,8.95,8.93,8.93,0.01,+0.11%,0
"2024-09-23 16:07",8.92,8.96,8.92,8.95,0.02,+0.22%,0
"2024-09-23 16:08",8.94,8.96,8.94,8.94,-0.01,-0.11%,0
"2024-09-23 16:09",8.94,8.97,8.94,8.96,0.02,+0.22%,0
"2024-09-23 16:10",8.96,8.97,8.96,8.96,0,0.00%,0
"2024-09-23 16:11",8.96,8.99,8.96,8.98,0.02,+0.22%,0
"2024-09-23 16:12",8.97,9,8.97,9,0.02,+0.22%,0
"2024-09-23 16:13",8.98,8.98,8.93,8.93,-0.07,-0.78%,0
"2024-09-23 16:14",8.93,8.97,8.93,8.97,0.04,+0.45%,0
"2024-09-23 16:15",8.95,8.95,8.95,8.95,-0.02,-0.22%,0
"2024-09-24 09:31",8.38,8.42,8.23,8.23,-0.72,-8.04%,0
"2024-09-24 09:32",8.23,8.23,8.14,8.14,-0.09,-1.09%,0
"2024-09-24 09:33",8.04,8.13,8.04,8.13,-0.01,-0.12%,0
"2024-09-24 09:34",8.2,8.27,8.18,8.18,0.05,+0.62%,0
"2024-09-24 09:35",8.08,8.13,8.07,8.13,-0.05,-0.61%,0
"2024-09-24 09:36",8.08,8.09,8.08,8.09,-0.04,-0.49%,0
"2024-09-24 09:37",8.1,8.1,8.06,8.06,-0.03,-0.37%,0
"2024-09-24 09:38",8.05,8.1,8.05,8.09,0.03,+0.37%,0
"2024-09-24 09:39",8.1,8.14,8.07,8.14,0.05,+0.62%,0
"2024-09-24 09:40",8.12,8.12,8.1,8.11,-0.03,-0.37%,0
"2024-09-24 09:41",8.13,8.16,8.11,8.11,0,0.00%,0
"2024-09-24 09:42",8.17,8.21,8.13,8.13,0.02,+0.25%,0
"2024-09-24 09:43",8.11,8.11,8.1,8.1,-0.03,-0.37%,0
"2024-09-24 09:44",8.1,8.1,8.09,8.09,-0.01,-0.12%,0
"2024-09-24 09:45",8.05,8.1,8.05,8.08,-0.01,-0.12%,0
"2024-09-24 09:46",8.06,8.06,7.94,7.94,-0.14,-1.73%,0
"2024-09-24 09:47",7.93,8.01,7.93,8.01,0.07,+0.88%,0
"2024-09-24 09:48",7.99,8.02,7.96,7.96,-0.05,-0.62%,0
"2024-09-24 09:49",7.97,8.11,7.97,8.03,0.07,+0.88%,0
"2024-09-24 09:50",8.04,8.13,8.04,8.12,0.09,+1.12%,0
"2024-09-24 09:51",8.13,8.17,8.13,8.15,0.03,+0.37%,0
"2024-09-24 09:52",8.11,8.11,8.01,8.06,-0.09,-1.10%,0
"2024-09-24 09:53",8.11,8.16,8.11,8.16,0.1,+1.24%,0
"2024-09-24 09:54",8.18,8.18,8.09,8.12,-0.04,-0.49%,0
"2024-09-24 09:55",8.12,8.12,8.01,8.01,-0.11,-1.35%,0
"2024-09-24 09:56",8.06,8.1,8.06,8.1,0.09,+1.12%,0
"2024-09-24 09:57",8.11,8.13,8.1,8.11,0.01,+0.12%,0
"2024-09-24 09:58",8.11,8.12,8.08,8.08,-0.03,-0.37%,0
"2024-09-24 09:59",8.12,8.21,8.12,8.21,0.13,+1.61%,0
"2024-09-24 10:00",8.15,8.33,8.15,8.28,0.07,+0.85%,0
"2024-09-24 10:01",8.43,8.43,8.25,8.25,-0.03,-0.36%,0
"2024-09-24 10:02",8.23,8.4,8.23,8.4,0.15,+1.82%,0
"2024-09-24 10:03",8.43,8.94,8.43,8.94,0.54,+6.43%,0
"2024-09-24 10:04",8.85,8.86,8.73,8.73,-0.21,-2.35%,0
"2024-09-24 10:05",8.78,8.78,8.75,8.75,0.02,+0.23%,0
"2024-09-24 10:06",8.85,9.02,8.85,8.97,0.22,+2.51%,0
"2024-09-24 10:07",8.88,8.89,8.74,8.74,-0.23,-2.56%,0
"2024-09-24 10:08",8.67,8.72,8.65,8.72,-0.02,-0.23%,0
"2024-09-24 10:09",8.72,8.73,8.49,8.49,-0.23,-2.64%,0
"2024-09-24 10:10",8.51,8.51,8.42,8.42,-0.07,-0.82%,0
"2024-09-24 10:11",8.32,8.36,8.29,8.36,-0.06,-0.71%,0
"2024-09-24 10:12",8.37,8.42,8.35,8.35,-0.01,-0.12%,0
"2024-09-24 10:13",8.36,8.47,8.36,8.47,0.12,+1.44%,0
"2024-09-24 10:14",8.54,8.54,8.47,8.53,0.06,+0.71%,0
"2024-09-24 10:15",8.59,8.59,8.42,8.42,-0.11,-1.29%,0
"2024-09-24 10:16",8.44,8.59,8.44,8.59,0.17,+2.02%,0
"2024-09-24 10:17",8.59,8.59,8.41,8.41,-0.18,-2.10%,0
"2024-09-24 10:18",8.47,8.54,8.47,8.49,0.08,+0.95%,0
"2024-09-24 10:19",8.47,8.58,8.47,8.58,0.09,+1.06%,0
"2024-09-24 10:20",8.54,8.54,8.47,8.47,-0.11,-1.28%,0
"2024-09-24 10:21",8.48,8.5,8.44,8.44,-0.03,-0.35%,0
"2024-09-24 10:22",8.45,8.57,8.45,8.57,0.13,+1.54%,0
"2024-09-24 10:23",8.63,8.76,8.57,8.57,0,0.00%,0
"2024-09-24 10:24",8.59,8.59,8.5,8.53,-0.04,-0.47%,0
"2024-09-24 10:25",8.53,8.62,8.53,8.62,0.09,+1.06%,0
"2024-09-24 10:26",8.65,8.66,8.63,8.65,0.03,+0.35%,0
"2024-09-24 10:27",8.67,8.67,8.65,8.67,0.02,+0.23%,0
"2024-09-24 10:28",8.68,8.68,8.66,8.66,-0.01,-0.12%,0
"2024-09-24 10:29",8.67,8.68,8.65,8.67,0.01,+0.12%,0
"2024-09-24 10:30",8.67,8.67,8.62,8.67,0,0.00%,0
"2024-09-24 10:31",8.68,8.68,8.48,8.48,-0.19,-2.19%,0
"2024-09-24 10:32",8.51,8.67,8.51,8.67,0.19,+2.24%,0
"2024-09-24 10:33",8.66,8.66,8.63,8.64,-0.03,-0.35%,0
"2024-09-24 10:34",8.66,8.72,8.64,8.72,0.08,+0.93%,0
"2024-09-24 10:35",8.71,8.75,8.69,8.75,0.03,+0.34%,0
"2024-09-24 10:36",8.81,9,8.81,9,0.25,+2.86%,0
"2024-09-24 10:37",8.96,9.01,8.96,9.01,0.01,+0.11%,0
"2024-09-24 10:38",9.05,9.05,8.94,8.98,-0.03,-0.33%,0
"2024-09-24 10:39",8.93,9.05,8.93,9.05,0.07,+0.78%,0
"2024-09-24 10:40",9.15,9.22,9.11,9.17,0.12,+1.33%,0
"2024-09-24 10:41",9.26,9.26,9.19,9.22,0.05,+0.55%,0
"2024-09-24 10:42",9.24,9.31,9.18,9.18,-0.04,-0.43%,0
"2024-09-24 10:43",9.04,9.04,8.95,8.96,-0.22,-2.40%,0
"2024-09-24 10:44",8.92,8.94,8.86,8.93,-0.03,-0.33%,0
"2024-09-24 10:45",8.94,8.94,8.76,8.78,-0.15,-1.68%,0
"2024-09-24 10:46",8.8,8.8,8.62,8.62,-0.16,-1.82%,0
"2024-09-24 10:47",8.52,8.54,8.52,8.52,-0.1,-1.16%,0
"2024-09-24 10:48",8.56,8.56,8.55,8.56,0.04,+0.47%,0
"2024-09-24 10:49",8.55,8.61,8.52,8.52,-0.04,-0.47%,0
"2024-09-24 10:50",8.51,8.51,8.32,8.32,-0.2,-2.35%,0
"2024-09-24 10:51",8.31,8.34,8.31,8.34,0.02,+0.24%,0
"2024-09-24 10:52",8.33,8.33,8.24,8.24,-0.1,-1.20%,0
"2024-09-24 10:53",8.2,8.23,8.12,8.12,-0.12,-1.46%,0
"2024-09-24 10:54",8.11,8.11,8.06,8.1,-0.02,-0.25%,0
"2024-09-24 10:55",8.07,8.07,7.99,7.99,-0.11,-1.36%,0
"2024-09-24 10:56",8.05,8.05,7.91,7.91,-0.08,-1.00%,0
"2024-09-24 10:57",7.91,7.91,7.82,7.88,-0.03,-0.38%,0
"2024-09-24 10:58",7.86,7.88,7.82,7.88,0,0.00%,0
"2024-09-24 10:59",7.89,7.89,7.78,7.78,-0.1,-1.27%,0
"2024-09-24 11:00",7.8,7.8,7.7,7.7,-0.08,-1.03%,0
"2024-09-24 11:01",7.79,7.85,7.79,7.85,0.15,+1.95%,0
"2024-09-24 11:02",7.87,7.88,7.86,7.86,0.01,+0.13%,0
"2024-09-24 11:03",7.91,7.91,7.82,7.82,-0.04,-0.51%,0
"2024-09-24 11:04",7.88,7.88,7.81,7.81,-0.01,-0.13%,0
"2024-09-24 11:05",7.84,7.85,7.83,7.83,0.02,+0.26%,0
"2024-09-24 11:06",7.91,7.91,7.85,7.87,0.04,+0.51%,0
"2024-09-24 11:07",7.85,7.88,7.81,7.88,0.01,+0.13%,0
"2024-09-24 11:08",7.88,7.89,7.88,7.89,0.01,+0.13%,0
"2024-09-24 11:09",7.87,7.87,7.83,7.86,-0.03,-0.38%,0
"2024-09-24 11:10",7.8,7.8,7.73,7.74,-0.12,-1.53%,0
"2024-09-24 11:11",7.76,7.76,7.66,7.66,-0.08,-1.03%,0
"2024-09-24 11:12",7.71,7.71,7.62,7.62,-0.04,-0.52%,0
"2024-09-24 11:13",7.59,7.62,7.59,7.62,0,0.00%,0
"2024-09-24 11:14",7.6,7.72,7.6,7.66,0.04,+0.52%,0
"2024-09-24 11:15",7.6,7.65,7.59,7.59,-0.07,-0.91%,0
"2024-09-24 11:16",7.63,7.64,7.61,7.61,0.02,+0.26%,0
"2024-09-24 11:17",7.55,7.66,7.55,7.66,0.05,+0.66%,0
"2024-09-24 11:18",7.66,7.69,7.66,7.66,0,0.00%,0
"2024-09-24 11:19",7.64,7.64,7.64,7.64,-0.02,-0.26%,0
"2024-09-24 11:20",7.63,7.64,7.62,7.62,-0.02,-0.26%,0
"2024-09-24 11:21",7.64,7.64,7.63,7.63,0.01,+0.13%,0
"2024-09-24 11:22",7.65,7.7,7.63,7.65,0.02,+0.26%,0
"2024-09-24 11:23",7.67,7.73,7.66,7.73,0.08,+1.05%,0
"2024-09-24 11:24",7.68,7.68,7.62,7.62,-0.11,-1.42%,0
"2024-09-24 11:25",7.65,7.68,7.58,7.58,-0.04,-0.52%,0
"2024-09-24 11:26",7.57,7.63,7.57,7.63,0.05,+0.66%,0
"2024-09-24 11:27",7.69,7.77,7.69,7.77,0.14,+1.83%,0
"2024-09-24 11:28",7.82,7.85,7.82,7.85,0.08,+1.03%,0
"2024-09-24 11:29",7.86,7.86,7.77,7.77,-0.08,-1.02%,0
"2024-09-24 11:30",7.77,7.77,7.73,7.74,-0.03,-0.39%,0
"2024-09-24 11:31",7.78,7.78,7.77,7.78,0.04,+0.52%,0
"2024-09-24 11:32",7.79,7.79,7.74,7.74,-0.04,-0.51%,0
"2024-09-24 11:33",7.76,7.83,7.76,7.83,0.09,+1.16%,0
"2024-09-24 11:34",7.84,7.86,7.84,7.84,0.01,+0.13%,0
"2024-09-24 11:35",7.84,7.86,7.84,7.84,0,0.00%,0
"2024-09-24 11:36",7.85,7.91,7.85,7.91,0.07,+0.89%,0
"2024-09-24 11:37",7.89,7.93,7.89,7.93,0.02,+0.25%,0
"2024-09-24 11:38",7.95,7.95,7.92,7.93,0,0.00%,0
"2024-09-24 11:39",7.93,7.93,7.84,7.84,-0.09,-1.13%,0
"2024-09-24 11:40",7.87,7.87,7.84,7.84,0,0.00%,0
"2024-09-24 11:41",7.88,7.92,7.88,7.89,0.05,+0.64%,0
"2024-09-24 11:42",7.9,7.95,7.9,7.92,0.03,+0.38%,0
"2024-09-24 11:43",7.9,7.91,7.87,7.91,-0.01,-0.13%,0
"2024-09-24 11:44",7.92,7.95,7.91,7.95,0.04,+0.51%,0
"2024-09-24 11:45",7.92,7.95,7.9,7.95,0,0.00%,0
"2024-09-24 11:46",7.95,7.96,7.94,7.95,0,0.00%,0
"2024-09-24 11:47",7.93,7.98,7.93,7.95,0,0.00%,0
"2024-09-24 11:48",8.05,8.06,8.03,8.03,0.08,+1.01%,0
"2024-09-24 11:49",8,8,7.94,7.95,-0.08,-1.00%,0
"2024-09-24 11:50",7.93,7.95,7.93,7.95,0,0.00%,0
"2024-09-24 11:51",7.96,7.96,7.91,7.91,-0.04,-0.50%,0
"2024-09-24 11:52",7.87,7.87,7.79,7.79,-0.12,-1.52%,0
"2024-09-24 11:53",7.83,7.83,7.81,7.83,0.04,+0.51%,0
"2024-09-24 11:54",7.86,7.97,7.86,7.97,0.14,+1.79%,0
"2024-09-24 11:55",7.97,8.03,7.97,8.03,0.06,+0.75%,0
"2024-09-24 11:56",8.04,8.06,8.04,8.05,0.02,+0.25%,0
"2024-09-24 11:57",8.09,8.1,8.07,8.07,0.02,+0.25%,0
"2024-09-24 11:58",8.07,8.07,8,8,-0.07,-0.87%,0
"2024-09-24 11:59",8,8.05,8,8.05,0.05,+0.63%,0
"2024-09-24 12:00",8.03,8.1,8.03,8.1,0.05,+0.62%,0
"2024-09-24 12:01",8.13,8.16,8.12,8.15,0.05,+0.62%,0
"2024-09-24 12:02",8.13,8.17,8.13,8.17,0.02,+0.25%,0
"2024-09-24 12:03",8.18,8.22,8.18,8.22,0.05,+0.61%,0
"2024-09-24 12:04",8.21,8.21,8.18,8.18,-0.04,-0.49%,0
"2024-09-24 12:05",8.17,8.2,8.15,8.15,-0.03,-0.37%,0
"2024-09-24 12:06",8.17,8.24,8.17,8.24,0.09,+1.10%,0
"2024-09-24 12:07",8.22,8.25,8.22,8.25,0.01,+0.12%,0
"2024-09-24 12:08",8.26,8.28,8.25,8.25,0,0.00%,0
"2024-09-24 12:09",8.23,8.26,8.23,8.26,0.01,+0.12%,0
"2024-09-24 12:10",8.23,8.28,8.19,8.19,-0.07,-0.85%,0
"2024-09-24 12:11",8.19,8.25,8.19,8.23,0.04,+0.49%,0
"2024-09-24 12:12",8.22,8.22,8.18,8.18,-0.05,-0.61%,0
"2024-09-24 12:13",8.17,8.22,8.17,8.22,0.04,+0.49%,0
"2024-09-24 12:14",8.21,8.21,8.17,8.17,-0.05,-0.61%,0
"2024-09-24 12:15",8.15,8.18,8.15,8.15,-0.02,-0.24%,0
"2024-09-24 12:16",8.16,8.19,8.16,8.18,0.03,+0.37%,0
"2024-09-24 12:17",8.19,8.22,8.19,8.19,0.01,+0.12%,0
"2024-09-24 12:18",8.17,8.2,8.17,8.2,0.01,+0.12%,0
"2024-09-24 12:19",8.22,8.22,8.21,8.22,0.02,+0.24%,0
"2024-09-24 12:20",8.2,8.21,8.19,8.19,-0.03,-0.36%,0
"2024-09-24 12:21",8.19,8.22,8.19,8.22,0.03,+0.37%,0
"2024-09-24 12:22",8.22,8.24,8.22,8.22,0,0.00%,0
"2024-09-24 12:23",8.22,8.25,8.22,8.25,0.03,+0.36%,0
"2024-09-24 12:24",8.25,8.29,8.25,8.25,0,0.00%,0
"2024-09-24 12:25",8.26,8.32,8.26,8.3,0.05,+0.61%,0
"2024-09-24 12:26",8.32,8.34,8.31,8.34,0.04,+0.48%,0
"2024-09-24 12:27",8.44,8.44,8.32,8.32,-0.02,-0.24%,0
"2024-09-24 12:28",8.31,8.38,8.31,8.34,0.02,+0.24%,0
"2024-09-24 12:29",8.31,8.32,8.3,8.31,-0.03,-0.36%,0
"2024-09-24 12:30",8.33,8.37,8.31,8.31,0,0.00%,0
"2024-09-24 12:31",8.31,8.36,8.31,8.35,0.04,+0.48%,0
"2024-09-24 12:32",8.36,8.36,8.33,8.33,-0.02,-0.24%,0
"2024-09-24 12:33",8.34,8.35,8.31,8.31,-0.02,-0.24%,0
"2024-09-24 12:34",8.29,8.3,8.29,8.29,-0.02,-0.24%,0
"2024-09-24 12:35",8.28,8.29,8.24,8.24,-0.05,-0.60%,0
"2024-09-24 12:36",8.24,8.24,8.21,8.21,-0.03,-0.36%,0
"2024-09-24 12:37",8.2,8.21,8.2,8.21,0,0.00%,0
"2024-09-24 12:38",8.19,8.22,8.19,8.21,0,0.00%,0
"2024-09-24 12:39",8.21,8.21,8.2,8.21,0,0.00%,0
"2024-09-24 12:40",8.21,8.21,8.17,8.18,-0.03,-0.37%,0
"2024-09-24 12:41",8.2,8.22,8.18,8.18,0,0.00%,0
"2024-09-24 12:42",8.15,8.15,8.14,8.14,-0.04,-0.49%,0
"2024-09-24 12:43",8.14,8.19,8.14,8.17,0.03,+0.37%,0
"2024-09-24 12:44",8.17,8.2,8.17,8.19,0.02,+0.24%,0
"2024-09-24 12:45",8.19,8.24,8.19,8.23,0.04,+0.49%,0
"2024-09-24 12:46",8.24,8.26,8.19,8.19,-0.04,-0.49%,0
"2024-09-24 12:47",8.22,8.25,8.22,8.25,0.06,+0.73%,0
"2024-09-24 12:48",8.31,8.35,8.29,8.29,0.04,+0.48%,0
"2024-09-24 12:49",8.29,8.3,8.28,8.3,0.01,+0.12%,0
"2024-09-24 12:50",8.32,8.36,8.32,8.35,0.05,+0.60%,0
"2024-09-24 12:51",8.33,8.33,8.31,8.31,-0.04,-0.48%,0
"2024-09-24 12:52",8.32,8.33,8.31,8.31,0,0.00%,0
"2024-09-24 12:53",8.32,8.35,8.32,8.34,0.03,+0.36%,0
"2024-09-24 12:54",8.35,8.39,8.35,8.38,0.04,+0.48%,0
"2024-09-24 12:55",8.43,8.46,8.43,8.46,0.08,+0.95%,0
"2024-09-24 12:56",8.46,8.5,8.46,8.5,0.04,+0.47%,0
"2024-09-24 12:57",8.48,8.53,8.48,8.53,0.03,+0.35%,0
"2024-09-24 12:58",8.5,8.53,8.5,8.51,-0.02,-0.23%,0
"2024-09-24 12:59",8.52,8.55,8.52,8.55,0.04,+0.47%,0
"2024-09-24 13:00",8.54,8.6,8.48,8.48,-0.07,-0.82%,0
"2024-09-24 13:01",8.46,8.47,8.42,8.44,-0.04,-0.47%,0
"2024-09-24 13:02",8.46,8.5,8.46,8.49,0.05,+0.59%,0
"2024-09-24 13:03",8.46,8.49,8.46,8.46,-0.03,-0.35%,0
"2024-09-24 13:04",8.41,8.45,8.4,8.42,-0.04,-0.47%,0
"2024-09-24 13:05",8.47,8.49,8.43,8.49,0.07,+0.83%,0
"2024-09-24 13:06",8.5,8.5,8.45,8.45,-0.04,-0.47%,0
"2024-09-24 13:07",8.42,8.42,8.34,8.34,-0.11,-1.30%,0
"2024-09-24 13:08",8.34,8.4,8.34,8.4,0.06,+0.72%,0
"2024-09-24 13:09",8.42,8.47,8.41,8.46,0.06,+0.71%,0
"2024-09-24 13:10",8.48,8.52,8.48,8.49,0.03,+0.35%,0
"2024-09-24 13:11",8.46,8.49,8.44,8.44,-0.05,-0.59%,0
"2024-09-24 13:12",8.42,8.44,8.42,8.42,-0.02,-0.24%,0
"2024-09-24 13:13",8.43,8.46,8.43,8.46,0.04,+0.48%,0
"2024-09-24 13:14",8.48,8.48,8.39,8.39,-0.07,-0.83%,0
"2024-09-24 13:15",8.4,8.44,8.4,8.41,0.02,+0.24%,0
"2024-09-24 13:16",8.4,8.43,8.4,8.42,0.01,+0.12%,0
"2024-09-24 13:17",8.41,8.43,8.41,8.42,0,0.00%,0
"2024-09-24 13:18",8.41,8.46,8.41,8.46,0.04,+0.48%,0
"2024-09-24 13:19",8.45,8.46,8.45,8.45,-0.01,-0.12%,0
"2024-09-24 13:20",8.47,8.49,8.47,8.48,0.03,+0.36%,0
"2024-09-24 13:21",8.48,8.5,8.48,8.5,0.02,+0.24%,0
"2024-09-24 13:22",8.5,8.52,8.5,8.52,0.02,+0.24%,0
"2024-09-24 13:23",8.52,8.57,8.52,8.55,0.03,+0.35%,0
"2024-09-24 13:24",8.55,8.56,8.52,8.56,0.01,+0.12%,0
"2024-09-24 13:25",8.55,8.57,8.53,8.53,-0.03,-0.35%,0
"2024-09-24 13:26",8.54,8.59,8.54,8.55,0.02,+0.23%,0
"2024-09-24 13:27",8.55,8.58,8.55,8.58,0.03,+0.35%,0
"2024-09-24 13:28",8.58,8.62,8.58,8.6,0.02,+0.23%,0
"2024-09-24 13:29",8.63,8.63,8.57,8.59,-0.01,-0.12%,0
"2024-09-24 13:30",8.63,8.63,8.55,8.55,-0.04,-0.47%,0
"2024-09-24 13:31",8.52,8.62,8.52,8.59,0.04,+0.47%,0
"2024-09-24 13:32",8.58,8.67,8.58,8.67,0.08,+0.93%,0
"2024-09-24 13:33",8.67,8.67,8.58,8.58,-0.09,-1.04%,0
"2024-09-24 13:34",8.55,8.55,8.53,8.55,-0.03,-0.35%,0
"2024-09-24 13:35",8.53,8.58,8.53,8.58,0.03,+0.35%,0
"2024-09-24 13:36",8.59,8.68,8.59,8.67,0.09,+1.05%,0
"2024-09-24 13:37",8.69,8.73,8.69,8.73,0.06,+0.69%,0
"2024-09-24 13:38",8.71,8.75,8.71,8.74,0.01,+0.11%,0
"2024-09-24 13:39",8.75,8.75,8.69,8.69,-0.05,-0.57%,0
"2024-09-24 13:40",8.67,8.71,8.67,8.7,0.01,+0.12%,0
"2024-09-24 13:41",8.71,8.78,8.71,8.76,0.06,+0.69%,0
"2024-09-24 13:42",8.75,8.76,8.74,8.74,-0.02,-0.23%,0
"2024-09-24 13:43",8.69,8.7,8.66,8.68,-0.06,-0.69%,0
"2024-09-24 13:44",8.7,8.7,8.68,8.68,0,0.00%,0
"2024-09-24 13:45",8.7,8.71,8.7,8.71,0.03,+0.35%,0
"2024-09-24 13:46",8.72,8.74,8.71,8.74,0.03,+0.34%,0
"2024-09-24 13:47",8.76,8.76,8.74,8.74,0,0.00%,0
"2024-09-24 13:48",8.71,8.71,8.71,8.71,-0.03,-0.34%,0
"2024-09-24 13:49",8.71,8.74,8.71,8.73,0.02,+0.23%,0
"2024-09-24 13:50",8.77,8.79,8.76,8.76,0.03,+0.34%,0
"2024-09-24 13:51",8.78,8.78,8.73,8.73,-0.03,-0.34%,0
"2024-09-24 13:52",8.69,8.69,8.66,8.66,-0.07,-0.80%,0
"2024-09-24 13:53",8.67,8.74,8.67,8.72,0.06,+0.69%,0
"2024-09-24 13:54",8.65,8.65,8.57,8.59,-0.13,-1.49%,0
"2024-09-24 13:55",8.6,8.69,8.6,8.69,0.1,+1.16%,0
"2024-09-24 13:56",8.64,8.67,8.64,8.64,-0.05,-0.58%,0
"2024-09-24 13:57",8.63,8.69,8.63,8.69,0.05,+0.58%,0
"2024-09-24 13:58",8.68,8.7,8.68,8.69,0,0.00%,0
"2024-09-24 13:59",8.67,8.68,8.67,8.67,-0.02,-0.23%,0
"2024-09-24 14:00",8.69,8.71,8.67,8.71,0.04,+0.46%,0
"2024-09-24 14:01",8.72,8.72,8.66,8.66,-0.05,-0.57%,0
"2024-09-24 14:02",8.67,8.67,8.64,8.64,-0.02,-0.23%,0
"2024-09-24 14:03",8.59,8.59,8.55,8.59,-0.05,-0.58%,0
"2024-09-24 14:04",8.61,8.64,8.58,8.64,0.05,+0.58%,0
"2024-09-24 14:05",8.64,8.64,8.61,8.64,0,0.00%,0
"2024-09-24 14:06",8.6,8.63,8.6,8.61,-0.03,-0.35%,0
"2024-09-24 14:07",8.6,8.61,8.56,8.56,-0.05,-0.58%,0
"2024-09-24 14:08",8.61,8.65,8.61,8.64,0.08,+0.93%,0
"2024-09-24 14:09",8.65,8.65,8.62,8.62,-0.02,-0.23%,0
"2024-09-24 14:10",8.66,8.7,8.66,8.68,0.06,+0.70%,0
"2024-09-24 14:11",8.67,8.71,8.67,8.68,0,0.00%,0
"2024-09-24 14:12",8.68,8.7,8.68,8.68,0,0.00%,0
"2024-09-24 14:13",8.71,8.71,8.69,8.71,0.03,+0.35%,0
"2024-09-24 14:14",8.76,8.76,8.69,8.69,-0.02,-0.23%,0
"2024-09-24 14:15",8.67,8.7,8.64,8.68,-0.01,-0.12%,0
"2024-09-24 14:16",8.71,8.72,8.69,8.71,0.03,+0.35%,0
"2024-09-24 14:17",8.71,8.84,8.71,8.83,0.12,+1.38%,0
"2024-09-24 14:18",8.83,8.85,8.83,8.84,0.01,+0.11%,0
"2024-09-24 14:19",8.81,8.81,8.77,8.77,-0.07,-0.79%,0
"2024-09-24 14:20",8.77,8.82,8.77,8.82,0.05,+0.57%,0
"2024-09-24 14:21",8.82,8.83,8.82,8.83,0.01,+0.11%,0
"2024-09-24 14:22",8.82,8.82,8.77,8.77,-0.06,-0.68%,0
"2024-09-24 14:23",8.79,8.8,8.78,8.78,0.01,+0.11%,0
"2024-09-24 14:24",8.78,8.79,8.78,8.79,0.01,+0.11%,0
"2024-09-24 14:25",8.79,8.8,8.79,8.8,0.01,+0.11%,0
"2024-09-24 14:26",8.81,8.83,8.81,8.82,0.02,+0.23%,0
"2024-09-24 14:27",8.81,8.86,8.81,8.84,0.02,+0.23%,0
"2024-09-24 14:28",8.83,8.87,8.83,8.87,0.03,+0.34%,0
"2024-09-24 14:29",8.89,8.92,8.87,8.89,0.02,+0.23%,0
"2024-09-24 14:30",8.88,9.52,8.88,9.2,0.31,+3.49%,0
"2024-09-24 14:31",9.01,9.01,8.92,8.92,-0.28,-3.04%,0
"2024-09-24 14:32",8.94,9.07,8.94,9.05,0.13,+1.46%,0
"2024-09-24 14:33",9.08,9.1,8.98,8.98,-0.07,-0.77%,0
"2024-09-24 14:34",8.94,8.94,8.76,8.8,-0.18,-2.00%,0
"2024-09-24 14:35",8.8,8.8,8.73,8.73,-0.07,-0.80%,0
"2024-09-24 14:36",8.76,8.79,8.74,8.74,0.01,+0.11%,0
"2024-09-24 14:37",8.73,8.85,8.73,8.84,0.1,+1.14%,0
"2024-09-24 14:38",8.84,8.84,8.78,8.78,-0.06,-0.68%,0
"2024-09-24 14:39",8.76,8.77,8.72,8.72,-0.06,-0.68%,0
"2024-09-24 14:40",8.65,8.7,8.64,8.7,-0.02,-0.23%,0
"2024-09-24 14:41",8.73,8.73,8.68,8.68,-0.02,-0.23%,0
"2024-09-24 14:42",8.71,8.76,8.71,8.75,0.07,+0.81%,0
"2024-09-24 14:43",8.8,8.82,8.79,8.8,0.05,+0.57%,0
"2024-09-24 14:44",8.79,8.79,8.75,8.75,-0.05,-0.57%,0
"2024-09-24 14:45",8.73,8.75,8.73,8.74,-0.01,-0.11%,0
"2024-09-24 14:46",8.75,8.76,8.74,8.76,0.02,+0.23%,0
"2024-09-24 14:47",8.81,8.84,8.79,8.8,0.04,+0.46%,0
"2024-09-24 14:48",8.76,8.81,8.76,8.81,0.01,+0.11%,0
"2024-09-24 14:49",8.81,8.85,8.81,8.85,0.04,+0.45%,0
"2024-09-24 14:50",8.85,8.85,8.74,8.74,-0.11,-1.24%,0
"2024-09-24 14:51",8.71,8.72,8.71,8.71,-0.03,-0.34%,0
"2024-09-24 14:52",8.71,8.71,8.69,8.69,-0.02,-0.23%,0
"2024-09-24 14:53",8.71,8.71,8.68,8.68,-0.01,-0.12%,0
"2024-09-24 14:54",8.68,8.71,8.68,8.7,0.02,+0.23%,0
"2024-09-24 14:55",8.67,8.69,8.67,8.67,-0.03,-0.34%,0
"2024-09-24 14:56",8.73,8.73,8.67,8.67,0,0.00%,0
"2024-09-24 14:57",8.62,8.66,8.62,8.63,-0.04,-0.46%,0
"2024-09-24 14:58",8.62,8.67,8.62,8.67,0.04,+0.46%,0
"2024-09-24 14:59",8.67,8.68,8.63,8.63,-0.04,-0.46%,0
"2024-09-24 15:00",8.57,8.61,8.57,8.6,-0.03,-0.35%,0
"2024-09-24 15:01",8.59,8.6,8.58,8.6,0,0.00%,0
"2024-09-24 15:02",8.61,8.61,8.58,8.58,-0.02,-0.23%,0
"2024-09-24 15:03",8.54,8.59,8.54,8.59,0.01,+0.12%,0
"2024-09-24 15:04",8.56,8.56,8.5,8.5,-0.09,-1.05%,0
"2024-09-24 15:05",8.47,8.49,8.47,8.47,-0.03,-0.35%,0
"2024-09-24 15:06",8.47,8.47,8.42,8.43,-0.04,-0.47%,0
"2024-09-24 15:07",8.37,8.48,8.37,8.47,0.04,+0.47%,0
"2024-09-24 15:08",8.44,8.45,8.39,8.39,-0.08,-0.94%,0
"2024-09-24 15:09",8.37,8.41,8.37,8.41,0.02,+0.24%,0
"2024-09-24 15:10",8.43,8.44,8.4,8.4,-0.01,-0.12%,0
"2024-09-24 15:11",8.39,8.45,8.39,8.45,0.05,+0.60%,0
"2024-09-24 15:12",8.44,8.51,8.44,8.51,0.06,+0.71%,0
"2024-09-24 15:13",8.48,8.51,8.48,8.51,0,0.00%,0
"2024-09-24 15:14",8.51,8.53,8.49,8.49,-0.02,-0.24%,0
"2024-09-24 15:15",8.5,8.5,8.41,8.41,-0.08,-0.94%,0
"2024-09-24 15:16",8.42,8.48,8.42,8.45,0.04,+0.48%,0
"2024-09-24 15:17",8.44,8.54,8.44,8.54,0.09,+1.07%,0
"2024-09-24 15:18",8.5,8.55,8.5,8.52,-0.02,-0.23%,0
"2024-09-24 15:19",8.54,8.56,8.54,8.55,0.03,+0.35%,0
"2024-09-24 15:20",8.53,8.53,8.52,8.52,-0.03,-0.35%,0
"2024-09-24 15:21",8.51,8.52,8.51,8.51,-0.01,-0.12%,0
"2024-09-24 15:22",8.52,8.56,8.52,8.55,0.04,+0.47%,0
"2024-09-24 15:23",8.54,8.58,8.54,8.58,0.03,+0.35%,0
"2024-09-24 15:24",8.57,8.57,8.52,8.52,-0.06,-0.70%,0
"2024-09-24 15:25",8.52,8.54,8.52,8.54,0.02,+0.23%,0
"2024-09-24 15:26",8.56,8.59,8.54,8.54,0,0.00%,0
"2024-09-24 15:27",8.58,8.59,8.58,8.59,0.05,+0.59%,0
"2024-09-24 15:28",8.58,8.61,8.58,8.58,-0.01,-0.12%,0
"2024-09-24 15:29",8.56,8.59,8.56,8.59,0.01,+0.12%,0
"2024-09-24 15:30",8.59,8.59,8.56,8.58,-0.01,-0.12%,0
"2024-09-24 15:31",8.54,8.54,8.48,8.48,-0.1,-1.17%,0
"2024-09-24 15:32",8.51,8.51,8.47,8.47,-0.01,-0.12%,0
"2024-09-24 15:33",8.49,8.55,8.49,8.55,0.08,+0.94%,0
"2024-09-24 15:34",8.56,8.67,8.56,8.67,0.12,+1.40%,0
"2024-09-24 15:35",8.7,8.73,8.7,8.73,0.06,+0.69%,0
"2024-09-24 15:36",8.71,8.77,8.71,8.77,0.04,+0.46%,0
"2024-09-24 15:37",8.78,8.78,8.76,8.76,-0.01,-0.11%,0
"2024-09-24 15:38",8.75,8.77,8.72,8.77,0.01,+0.11%,0
"2024-09-24 15:39",8.78,8.79,8.74,8.74,-0.03,-0.34%,0
"2024-09-24 15:40",8.74,8.74,8.71,8.71,-0.03,-0.34%,0
"2024-09-24 15:41",8.7,8.7,8.63,8.64,-0.07,-0.80%,0
"2024-09-24 15:42",8.63,8.68,8.63,8.66,0.02,+0.23%,0
"2024-09-24 15:43",8.67,8.73,8.67,8.73,0.07,+0.81%,0
"2024-09-24 15:44",8.73,8.79,8.73,8.79,0.06,+0.69%,0
"2024-09-24 15:45",8.78,8.78,8.71,8.76,-0.03,-0.34%,0
"2024-09-24 15:46",8.74,8.75,8.72,8.72,-0.04,-0.46%,0
"2024-09-24 15:47",8.74,8.78,8.74,8.74,0.02,+0.23%,0
"2024-09-24 15:48",8.71,8.71,8.65,8.65,-0.09,-1.03%,0
"2024-09-24 15:49",8.66,8.66,8.64,8.65,0,0.00%,0
"2024-09-24 15:50",8.66,8.66,8.62,8.62,-0.03,-0.35%,0
"2024-09-24 15:51",8.61,8.61,8.56,8.56,-0.06,-0.70%,0
"2024-09-24 15:52",8.57,8.67,8.56,8.67,0.11,+1.29%,0
"2024-09-24 15:53",8.62,8.65,8.58,8.61,-0.06,-0.69%,0
"2024-09-24 15:54",8.58,8.62,8.56,8.62,0.01,+0.12%,0
"2024-09-24 15:55",8.73,8.79,8.73,8.73,0.11,+1.28%,0
"2024-09-24 15:56",8.65,8.67,8.55,8.56,-0.17,-1.95%,0
"2024-09-24 15:57",8.57,8.61,8.57,8.59,0.03,+0.35%,0
"2024-09-24 15:58",8.58,8.58,8.5,8.51,-0.08,-0.93%,0
"2024-09-24 15:59",8.52,8.52,8.23,8.23,-0.28,-3.29%,0
"2024-09-24 16:00",8.15,8.38,8.15,8.33,0.1,+1.22%,0
"2024-09-24 16:01",8.34,8.48,8.34,8.48,0.15,+1.80%,0
"2024-09-24 16:02",8.63,8.63,8.56,8.57,0.09,+1.06%,0
"2024-09-24 16:03",8.58,8.58,8.55,8.57,0,0.00%,0
"2024-09-24 16:04",8.56,8.7,8.56,8.67,0.1,+1.17%,0
"2024-09-24 16:05",8.67,8.67,8.64,8.64,-0.03,-0.35%,0
"2024-09-24 16:06",8.64,8.66,8.64,8.66,0.02,+0.23%,0
"2024-09-24 16:07",8.66,8.67,8.64,8.64,-0.02,-0.23%,0
"2024-09-24 16:08",8.61,8.65,8.61,8.65,0.01,+0.12%,0
"2024-09-24 16:09",8.65,8.67,8.65,8.66,0.01,+0.12%,0
"2024-09-24 16:10",8.66,8.66,8.66,8.66,0,0.00%,0
"2024-09-24 16:11",8.69,8.69,8.6,8.6,-0.06,-0.69%,0
"2024-09-24 16:12",8.61,8.61,8.57,8.57,-0.03,-0.35%,0
"2024-09-24 16:13",8.54,8.56,8.54,8.55,-0.02,-0.23%,0
"2024-09-24 16:14",8.56,8.58,8.56,8.57,0.02,+0.23%,0
"2024-09-24 16:15",8.6,8.6,8.6,8.6,0.03,+0.35%,0
"2024-09-25 09:31",7.75,7.88,7.75,7.87,-0.73,-8.49%,0
"2024-09-25 09:32",7.67,7.7,7.67,7.67,-0.2,-2.54%,0
"2024-09-25 09:33",7.64,7.72,7.64,7.68,0.01,+0.13%,0
"2024-09-25 09:34",7.68,7.72,7.68,7.7,0.02,+0.26%,0
"2024-09-25 09:35",7.75,7.75,7.7,7.7,0,0.00%,0
"2024-09-25 09:36",7.59,7.59,7.54,7.54,-0.16,-2.08%,0
"2024-09-25 09:37",7.55,7.55,7.51,7.51,-0.03,-0.40%,0
"2024-09-25 09:38",7.45,7.55,7.45,7.55,0.04,+0.53%,0
"2024-09-25 09:39",7.57,7.58,7.57,7.58,0.03,+0.40%,0
"2024-09-25 09:40",7.59,7.59,7.52,7.52,-0.06,-0.79%,0
"2024-09-25 09:41",7.52,7.57,7.52,7.55,0.03,+0.40%,0
"2024-09-25 09:42",7.59,7.77,7.59,7.77,0.22,+2.91%,0
"2024-09-25 09:43",7.7,7.74,7.7,7.73,-0.04,-0.51%,0
"2024-09-25 09:44",7.72,7.72,7.54,7.54,-0.19,-2.46%,0
"2024-09-25 09:45",7.56,7.59,7.52,7.59,0.05,+0.66%,0
"2024-09-25 09:46",7.58,7.65,7.58,7.65,0.06,+0.79%,0
"2024-09-25 09:47",7.64,7.67,7.64,7.65,0,0.00%,0
"2024-09-25 09:48",7.64,7.67,7.62,7.62,-0.03,-0.39%,0
"2024-09-25 09:49",7.62,7.65,7.59,7.65,0.03,+0.39%,0
"2024-09-25 09:50",7.59,7.59,7.55,7.58,-0.07,-0.92%,0
"2024-09-25 09:51",7.61,7.71,7.61,7.68,0.1,+1.32%,0
"2024-09-25 09:52",7.72,7.72,7.69,7.7,0.02,+0.26%,0
"2024-09-25 09:53",7.7,7.7,7.66,7.67,-0.03,-0.39%,0
"2024-09-25 09:54",7.67,7.68,7.66,7.66,-0.01,-0.13%,0
"2024-09-25 09:55",7.67,7.71,7.67,7.68,0.02,+0.26%,0
"2024-09-25 09:56",7.66,7.66,7.64,7.65,-0.03,-0.39%,0
"2024-09-25 09:57",7.6,7.68,7.6,7.68,0.03,+0.39%,0
"2024-09-25 09:58",7.68,7.69,7.66,7.66,-0.02,-0.26%,0
"2024-09-25 09:59",7.58,7.62,7.58,7.59,-0.07,-0.91%,0
"2024-09-25 10:00",7.57,7.57,7.49,7.53,-0.06,-0.79%,0
"2024-09-25 10:01",7.56,7.6,7.56,7.6,0.07,+0.93%,0
"2024-09-25 10:02",7.58,7.58,7.54,7.54,-0.06,-0.79%,0
"2024-09-25 10:03",7.54,7.54,7.51,7.54,0,0.00%,0
"2024-09-25 10:04",7.57,7.59,7.53,7.53,-0.01,-0.13%,0
"2024-09-25 10:05",7.56,7.57,7.56,7.56,0.03,+0.40%,0
"2024-09-25 10:06",7.56,7.56,7.53,7.54,-0.02,-0.26%,0
"2024-09-25 10:07",7.55,7.56,7.52,7.52,-0.02,-0.27%,0
"2024-09-25 10:08",7.55,7.56,7.53,7.53,0.01,+0.13%,0
"2024-09-25 10:09",7.56,7.59,7.52,7.56,0.03,+0.40%,0
"2024-09-25 10:10",7.57,7.57,7.55,7.56,0,0.00%,0
"2024-09-25 10:11",7.56,7.63,7.56,7.62,0.06,+0.79%,0
"2024-09-25 10:12",7.63,7.63,7.6,7.61,-0.01,-0.13%,0
"2024-09-25 10:13",7.62,7.65,7.62,7.65,0.04,+0.53%,0
"2024-09-25 10:14",7.64,7.72,7.64,7.65,0,0.00%,0
"2024-09-25 10:15",7.62,7.66,7.62,7.66,0.01,+0.13%,0
"2024-09-25 10:16",7.68,7.68,7.61,7.61,-0.05,-0.65%,0
"2024-09-25 10:17",7.58,7.6,7.57,7.6,-0.01,-0.13%,0
"2024-09-25 10:18",7.59,7.64,7.59,7.64,0.04,+0.53%,0
"2024-09-25 10:19",7.64,7.67,7.63,7.63,-0.01,-0.13%,0
"2024-09-25 10:20",7.67,7.75,7.67,7.75,0.12,+1.57%,0
"2024-09-25 10:21",7.79,7.82,7.78,7.82,0.07,+0.90%,0
"2024-09-25 10:22",7.81,7.85,7.77,7.77,-0.05,-0.64%,0
"2024-09-25 10:23",7.76,7.78,7.72,7.78,0.01,+0.13%,0
"2024-09-25 10:24",7.78,7.78,7.73,7.73,-0.05,-0.64%,0
"2024-09-25 10:25",7.72,7.75,7.72,7.75,0.02,+0.26%,0
"2024-09-25 10:26",7.76,7.93,7.76,7.87,0.12,+1.55%,0
"2024-09-25 10:27",7.85,7.85,7.71,7.71,-0.16,-2.03%,0
"2024-09-25 10:28",7.73,7.75,7.72,7.72,0.01,+0.13%,0
"2024-09-25 10:29",7.72,7.82,7.72,7.82,0.1,+1.30%,0
"2024-09-25 10:30",7.85,8.02,7.84,7.84,0.02,+0.26%,0
"2024-09-25 10:31",7.81,7.86,7.81,7.82,-0.02,-0.26%,0
"2024-09-25 10:32",7.8,7.8,7.77,7.77,-0.05,-0.64%,0
"2024-09-25 10:33",7.75,7.8,7.75,7.8,0.03,+0.39%,0
"2024-09-25 10:34",7.81,7.82,7.73,7.73,-0.07,-0.90%,0
"2024-09-25 10:35",7.73,7.77,7.73,7.77,0.04,+0.52%,0
"2024-09-25 10:36",7.76,7.81,7.72,7.72,-0.05,-0.64%,0
"2024-09-25 10:37",7.68,7.68,7.65,7.65,-0.07,-0.91%,0
"2024-09-25 10:38",7.66,7.66,7.6,7.6,-0.05,-0.65%,0
"2024-09-25 10:39",7.64,7.65,7.64,7.64,0.04,+0.53%,0
"2024-09-25 10:40",7.6,7.6,7.56,7.56,-0.08,-1.05%,0
"2024-09-25 10:41",7.55,7.61,7.55,7.55,-0.01,-0.13%,0
"2024-09-25 10:42",7.53,7.58,7.53,7.55,0,0.00%,0
"2024-09-25 10:43",7.54,7.62,7.54,7.62,0.07,+0.93%,0
"2024-09-25 10:44",7.62,7.63,7.58,7.59,-0.03,-0.39%,0
"2024-09-25 10:45",7.61,7.61,7.57,7.6,0.01,+0.13%,0
"2024-09-25 10:46",7.66,7.7,7.61,7.61,0.01,+0.13%,0
"2024-09-25 10:47",7.6,7.7,7.6,7.7,0.09,+1.18%,0
"2024-09-25 10:48",7.7,7.75,7.7,7.73,0.03,+0.39%,0
"2024-09-25 10:49",7.75,7.82,7.75,7.81,0.08,+1.03%,0
"2024-09-25 10:50",7.82,7.92,7.74,7.74,-0.07,-0.90%,0
"2024-09-25 10:51",7.71,7.73,7.71,7.71,-0.03,-0.39%,0
"2024-09-25 10:52",7.74,7.82,7.74,7.77,0.06,+0.78%,0
"2024-09-25 10:53",7.71,7.74,7.7,7.7,-0.07,-0.90%,0
"2024-09-25 10:54",7.74,7.74,7.7,7.7,0,0.00%,0
"2024-09-25 10:55",7.73,7.74,7.68,7.7,0,0.00%,0
"2024-09-25 10:56",7.67,7.67,7.64,7.65,-0.05,-0.65%,0
"2024-09-25 10:57",7.63,7.66,7.63,7.65,0,0.00%,0
"2024-09-25 10:58",7.68,7.72,7.67,7.72,0.07,+0.92%,0
"2024-09-25 10:59",7.67,7.68,7.66,7.66,-0.06,-0.78%,0
"2024-09-25 11:00",7.67,7.68,7.65,7.65,-0.01,-0.13%,0
"2024-09-25 11:01",7.64,7.73,7.64,7.73,0.08,+1.05%,0
"2024-09-25 11:02",7.72,7.74,7.72,7.72,-0.01,-0.13%,0
"2024-09-25 11:03",7.66,7.66,7.63,7.65,-0.07,-0.91%,0
"2024-09-25 11:04",7.66,7.7,7.63,7.63,-0.02,-0.26%,0
"2024-09-25 11:05",7.62,7.65,7.62,7.62,-0.01,-0.13%,0
"2024-09-25 11:06",7.65,7.67,7.63,7.63,0.01,+0.13%,0
"2024-09-25 11:07",7.61,7.67,7.61,7.67,0.04,+0.52%,0
"2024-09-25 11:08",7.65,7.66,7.61,7.61,-0.06,-0.78%,0
"2024-09-25 11:09",7.57,7.58,7.55,7.55,-0.06,-0.79%,0
"2024-09-25 11:10",7.55,7.6,7.55,7.6,0.05,+0.66%,0
"2024-09-25 11:11",7.7,7.7,7.66,7.67,0.07,+0.92%,0
"2024-09-25 11:12",7.69,7.73,7.69,7.71,0.04,+0.52%,0
"2024-09-25 11:13",7.69,7.76,7.69,7.7,-0.01,-0.13%,0
"2024-09-25 11:14",7.69,7.76,7.69,7.69,-0.01,-0.13%,0
"2024-09-25 11:15",7.69,7.79,7.69,7.79,0.1,+1.30%,0
"2024-09-25 11:16",7.83,7.83,7.76,7.83,0.04,+0.51%,0
"2024-09-25 11:17",7.82,7.82,7.72,7.72,-0.11,-1.40%,0
"2024-09-25 11:18",7.71,7.71,7.66,7.66,-0.06,-0.78%,0
"2024-09-25 11:19",7.68,7.7,7.65,7.65,-0.01,-0.13%,0
"2024-09-25 11:20",7.63,7.67,7.63,7.66,0.01,+0.13%,0
"2024-09-25 11:21",7.7,7.7,7.69,7.69,0.03,+0.39%,0
"2024-09-25 11:22",7.66,7.66,7.62,7.62,-0.07,-0.91%,0
"2024-09-25 11:23",7.6,7.62,7.59,7.62,0,0.00%,0
"2024-09-25 11:24",7.57,7.6,7.57,7.6,-0.02,-0.26%,0
"2024-09-25 11:25",7.63,7.64,7.62,7.62,0.02,+0.26%,0
"2024-09-25 11:26",7.65,7.65,7.63,7.64,0.02,+0.26%,0
"2024-09-25 11:27",7.64,7.64,7.63,7.63,-0.01,-0.13%,0
"2024-09-25 11:28",7.64,7.7,7.62,7.7,0.07,+0.92%,0
"2024-09-25 11:29",7.74,7.77,7.74,7.76,0.06,+0.78%,0
"2024-09-25 11:30",7.78,7.82,7.77,7.77,0.01,+0.13%,0
"2024-09-25 11:31",7.75,7.77,7.74,7.74,-0.03,-0.39%,0
"2024-09-25 11:32",7.78,7.78,7.73,7.78,0.04,+0.52%,0
"2024-09-25 11:33",7.8,7.81,7.8,7.8,0.02,+0.26%,0
"2024-09-25 11:34",7.81,7.83,7.8,7.8,0,0.00%,0
"2024-09-25 11:35",7.8,7.8,7.73,7.73,-0.07,-0.90%,0
"2024-09-25 11:36",7.74,7.75,7.73,7.75,0.02,+0.26%,0
"2024-09-25 11:37",7.72,7.72,7.7,7.7,-0.05,-0.65%,0
"2024-09-25 11:38",7.66,7.66,7.63,7.65,-0.05,-0.65%,0
"2024-09-25 11:39",7.63,7.68,7.63,7.66,0.01,+0.13%,0
"2024-09-25 11:40",7.67,7.67,7.63,7.63,-0.03,-0.39%,0
"2024-09-25 11:41",7.64,7.66,7.64,7.66,0.03,+0.39%,0
"2024-09-25 11:42",7.67,7.68,7.64,7.68,0.02,+0.26%,0
"2024-09-25 11:43",7.71,7.74,7.71,7.73,0.05,+0.65%,0
"2024-09-25 11:44",7.75,7.79,7.75,7.79,0.06,+0.78%,0
"2024-09-25 11:45",7.76,7.76,7.71,7.75,-0.04,-0.51%,0
"2024-09-25 11:46",7.74,7.8,7.74,7.77,0.02,+0.26%,0
"2024-09-25 11:47",7.8,7.81,7.8,7.81,0.04,+0.51%,0
"2024-09-25 11:48",7.82,7.83,7.82,7.82,0.01,+0.13%,0
"2024-09-25 11:49",7.83,7.83,7.78,7.78,-0.04,-0.51%,0
"2024-09-25 11:50",7.79,7.87,7.79,7.87,0.09,+1.16%,0
"2024-09-25 11:51",7.9,7.9,7.86,7.86,-0.01,-0.13%,0
"2024-09-25 11:52",7.89,7.99,7.89,7.99,0.13,+1.65%,0
"2024-09-25 11:53",7.92,7.92,7.85,7.87,-0.12,-1.50%,0
"2024-09-25 11:54",7.9,7.99,7.9,7.99,0.12,+1.52%,0
"2024-09-25 11:55",7.92,7.97,7.92,7.97,-0.02,-0.25%,0
"2024-09-25 11:56",7.99,8.09,7.99,8.02,0.05,+0.63%,0
"2024-09-25 11:57",7.98,8.07,7.98,8.04,0.02,+0.25%,0
"2024-09-25 11:58",8.02,8.02,7.97,7.98,-0.06,-0.75%,0
"2024-09-25 11:59",7.9,7.9,7.82,7.82,-0.16,-2.01%,0
"2024-09-25 12:00",7.83,7.94,7.83,7.94,0.12,+1.53%,0
"2024-09-25 12:01",7.94,7.99,7.94,7.99,0.05,+0.63%,0
"2024-09-25 12:02",7.98,8,7.98,8,0.01,+0.13%,0
"2024-09-25 12:03",7.99,7.99,7.93,7.93,-0.07,-0.88%,0
"2024-09-25 12:04",7.92,7.93,7.92,7.92,-0.01,-0.13%,0
"2024-09-25 12:05",7.89,7.99,7.89,7.99,0.07,+0.88%,0
"2024-09-25 12:06",8,8.1,8,8.1,0.11,+1.38%,0
"2024-09-25 12:07",8.01,8.01,7.96,7.99,-0.11,-1.36%,0
"2024-09-25 12:08",8.03,8.03,7.94,7.96,-0.03,-0.38%,0
"2024-09-25 12:09",7.96,8,7.96,7.99,0.03,+0.38%,0
"2024-09-25 12:10",7.97,7.97,7.91,7.91,-0.08,-1.00%,0
"2024-09-25 12:11",7.92,7.95,7.92,7.95,0.04,+0.51%,0
"2024-09-25 12:12",7.95,7.99,7.95,7.96,0.01,+0.13%,0
"2024-09-25 12:13",7.97,8.01,7.97,8,0.04,+0.50%,0
"2024-09-25 12:14",7.98,8,7.95,7.95,-0.05,-0.63%,0
"2024-09-25 12:15",7.98,7.98,7.98,7.98,0.03,+0.38%,0
"2024-09-25 12:16",7.99,8.02,7.99,8.01,0.03,+0.38%,0
"2024-09-25 12:17",8.02,8.03,8.01,8.03,0.02,+0.25%,0
"2024-09-25 12:18",7.99,8.02,7.99,7.99,-0.04,-0.50%,0
"2024-09-25 12:19",7.99,8.06,7.99,8.06,0.07,+0.88%,0
"2024-09-25 12:20",8.05,8.05,8,8,-0.06,-0.74%,0
"2024-09-25 12:21",7.97,7.97,7.95,7.96,-0.04,-0.50%,0
"2024-09-25 12:22",7.98,8.03,7.98,8.03,0.07,+0.88%,0
"2024-09-25 12:23",8.04,8.08,8.04,8.07,0.04,+0.50%,0
"2024-09-25 12:24",8.04,8.04,7.95,7.95,-0.12,-1.49%,0
"2024-09-25 12:25",7.95,7.96,7.88,7.88,-0.07,-0.88%,0
"2024-09-25 12:26",7.89,7.92,7.89,7.91,0.03,+0.38%,0
"2024-09-25 12:27",7.88,7.91,7.88,7.89,-0.02,-0.25%,0
"2024-09-25 12:28",7.9,7.91,7.89,7.89,0,0.00%,0
"2024-09-25 12:29",7.9,7.91,7.9,7.91,0.02,+0.25%,0
"2024-09-25 12:30",7.91,7.94,7.91,7.94,0.03,+0.38%,0
"2024-09-25 12:31",7.96,7.96,7.94,7.95,0.01,+0.13%,0
"2024-09-25 12:32",7.96,8.02,7.96,8.02,0.07,+0.88%,0
"2024-09-25 12:33",8.02,8.08,8.02,8.08,0.06,+0.75%,0
"2024-09-25 12:34",8.05,8.05,7.97,7.97,-0.11,-1.36%,0
"2024-09-25 12:35",7.97,8.06,7.97,8.06,0.09,+1.13%,0
"2024-09-25 12:36",8.05,8.06,8.05,8.06,0,0.00%,0
"2024-09-25 12:37",8.07,8.09,8.04,8.04,-0.02,-0.25%,0
"2024-09-25 12:38",8.07,8.09,8.07,8.07,0.03,+0.37%,0
"2024-09-25 12:39",8.08,8.14,8.08,8.14,0.07,+0.87%,0
"2024-09-25 12:40",8.15,8.16,8.12,8.16,0.02,+0.25%,0
"2024-09-25 12:41",8.16,8.22,8.16,8.22,0.06,+0.74%,0
"2024-09-25 12:42",8.22,8.27,8.22,8.27,0.05,+0.61%,0
"2024-09-25 12:43",8.31,8.31,8.28,8.3,0.03,+0.36%,0
"2024-09-25 12:44",8.31,8.31,8.27,8.27,-0.03,-0.36%,0
"2024-09-25 12:45",8.28,8.3,8.28,8.29,0.02,+0.24%,0
"2024-09-25 12:46",8.28,8.38,8.26,8.38,0.09,+1.09%,0
"2024-09-25 12:47",8.37,8.42,8.37,8.38,0,0.00%,0
"2024-09-25 12:48",8.38,8.44,8.38,8.44,0.06,+0.72%,0
"2024-09-25 12:49",8.42,8.49,8.42,8.49,0.05,+0.59%,0
"2024-09-25 12:50",8.49,8.49,8.44,8.44,-0.05,-0.59%,0
"2024-09-25 12:51",8.42,8.42,8.39,8.39,-0.05,-0.59%,0
"2024-09-25 12:52",8.38,8.38,8.34,8.38,-0.01,-0.12%,0
"2024-09-25 12:53",8.35,8.35,8.31,8.31,-0.07,-0.84%,0
"2024-09-25 12:54",8.29,8.35,8.29,8.34,0.03,+0.36%,0
"2024-09-25 12:55",8.35,8.39,8.35,8.39,0.05,+0.60%,0
"2024-09-25 12:56",8.47,8.49,8.46,8.49,0.1,+1.19%,0
"2024-09-25 12:57",8.51,8.54,8.51,8.54,0.05,+0.59%,0
"2024-09-25 12:58",8.56,8.57,8.56,8.56,0.02,+0.23%,0
"2024-09-25 12:59",8.58,8.65,8.58,8.65,0.09,+1.05%,0
"2024-09-25 13:00",8.67,9.14,8.67,9.14,0.49,+5.66%,0
"2024-09-25 13:01",8.91,8.91,8.82,8.82,-0.32,-3.50%,0
"2024-09-25 13:02",8.79,8.79,8.72,8.74,-0.08,-0.91%,0
"2024-09-25 13:03",8.72,8.76,8.72,8.75,0.01,+0.11%,0
"2024-09-25 13:04",8.78,8.78,8.76,8.76,0.01,+0.11%,0
"2024-09-25 13:05",8.77,8.78,8.75,8.75,-0.01,-0.11%,0
"2024-09-25 13:06",8.74,8.77,8.69,8.69,-0.06,-0.69%,0
"2024-09-25 13:07",8.64,8.64,8.61,8.61,-0.08,-0.92%,0
"2024-09-25 13:08",8.61,8.65,8.61,8.65,0.04,+0.46%,0
"2024-09-25 13:09",8.67,8.8,8.67,8.8,0.15,+1.73%,0
"2024-09-25 13:10",8.76,8.83,8.76,8.83,0.03,+0.34%,0
"2024-09-25 13:11",8.86,8.9,8.86,8.88,0.05,+0.57%,0
"2024-09-25 13:12",8.83,8.9,8.83,8.87,-0.01,-0.11%,0
"2024-09-25 13:13",8.89,8.89,8.84,8.85,-0.02,-0.23%,0
"2024-09-25 13:14",8.82,8.9,8.82,8.9,0.05,+0.56%,0
"2024-09-25 13:15",8.93,8.98,8.92,8.98,0.08,+0.90%,0
"2024-09-25 13:16",8.97,9.04,8.97,9.01,0.03,+0.33%,0
"2024-09-25 13:17",8.95,8.95,8.93,8.93,-0.08,-0.89%,0
"2024-09-25 13:18",8.91,8.99,8.91,8.99,0.06,+0.67%,0
"2024-09-25 13:19",8.98,9.03,8.98,9.02,0.03,+0.33%,0
"2024-09-25 13:20",9.02,9.04,8.99,8.99,-0.03,-0.33%,0
"2024-09-25 13:21",9.01,9.02,9.01,9.01,0.02,+0.22%,0
"2024-09-25 13:22",9.01,9.01,9,9.01,0,0.00%,0
"2024-09-25 13:23",9.03,9.04,9.01,9.02,0.01,+0.11%,0
"2024-09-25 13:24",9.02,9.05,8.99,9.05,0.03,+0.33%,0
"2024-09-25 13:25",9.04,9.04,9,9,-0.05,-0.55%,0
"2024-09-25 13:26",9,9.04,9,9.01,0.01,+0.11%,0
"2024-09-25 13:27",9.01,9.02,8.98,8.98,-0.03,-0.33%,0
"2024-09-25 13:28",9,9.05,9,9.03,0.05,+0.56%,0
"2024-09-25 13:29",9.02,9.06,9.02,9.06,0.03,+0.33%,0
"2024-09-25 13:30",9.05,9.05,8.97,8.97,-0.09,-0.99%,0
"2024-09-25 13:31",8.97,9,8.97,9,0.03,+0.33%,0
"2024-09-25 13:32",9,9.05,9,9.05,0.05,+0.56%,0
"2024-09-25 13:33",9.06,9.07,9.06,9.07,0.02,+0.22%,0
"2024-09-25 13:34",9.05,9.15,9.05,9.15,0.08,+0.88%,0
"2024-09-25 13:35",9.18,9.28,9.18,9.28,0.13,+1.42%,0
"2024-09-25 13:36",9.33,9.33,9.19,9.19,-0.09,-0.97%,0
"2024-09-25 13:37",9.21,9.23,9.11,9.11,-0.08,-0.87%,0
"2024-09-25 13:38",9.11,9.16,9.11,9.16,0.05,+0.55%,0
"2024-09-25 13:39",9.19,9.22,9.19,9.22,0.06,+0.66%,0
"2024-09-25 13:40",9.23,9.32,9.23,9.32,0.1,+1.08%,0
"2024-09-25 13:41",9.34,9.46,9.34,9.46,0.14,+1.50%,0
"2024-09-25 13:42",9.48,9.53,9.47,9.52,0.06,+0.63%,0
"2024-09-25 13:43",9.53,9.53,9.46,9.48,-0.04,-0.42%,0
"2024-09-25 13:44",9.48,9.48,9.45,9.46,-0.02,-0.21%,0
"2024-09-25 13:45",9.5,9.53,9.5,9.53,0.07,+0.74%,0
"2024-09-25 13:46",9.55,9.65,9.55,9.65,0.12,+1.26%,0
"2024-09-25 13:47",9.73,9.81,9.73,9.78,0.13,+1.35%,0
"2024-09-25 13:48",9.79,9.79,9.69,9.69,-0.09,-0.92%,0
"2024-09-25 13:49",9.71,9.79,9.71,9.77,0.08,+0.83%,0
"2024-09-25 13:50",9.76,9.76,9.64,9.64,-0.13,-1.33%,0
"2024-09-25 13:51",9.59,9.65,9.59,9.61,-0.03,-0.31%,0
"2024-09-25 13:52",9.59,9.61,9.55,9.55,-0.06,-0.62%,0
"2024-09-25 13:53",9.54,9.54,9.48,9.48,-0.07,-0.73%,0
"2024-09-25 13:54",9.46,9.46,9.41,9.41,-0.07,-0.74%,0
"2024-09-25 13:55",9.38,9.41,9.38,9.38,-0.03,-0.32%,0
"2024-09-25 13:56",9.38,9.38,9.32,9.32,-0.06,-0.64%,0
"2024-09-25 13:57",9.33,9.35,9.33,9.35,0.03,+0.32%,0
"2024-09-25 13:58",9.33,9.33,9.3,9.3,-0.05,-0.53%,0
"2024-09-25 13:59",9.31,9.31,9.2,9.2,-0.1,-1.08%,0
"2024-09-25 14:00",9.18,9.18,9.13,9.13,-0.07,-0.76%,0
"2024-09-25 14:01",9.13,9.15,9.13,9.15,0.02,+0.22%,0
"2024-09-25 14:02",9.14,9.2,9.14,9.2,0.05,+0.55%,0
"2024-09-25 14:03",9.17,9.22,9.17,9.19,-0.01,-0.11%,0
"2024-09-25 14:04",9.19,9.19,9.14,9.16,-0.03,-0.33%,0
"2024-09-25 14:05",9.16,9.2,9.16,9.2,0.04,+0.44%,0
"2024-09-25 14:06",9.17,9.18,9.17,9.17,-0.03,-0.33%,0
"2024-09-25 14:07",9.18,9.26,9.18,9.25,0.08,+0.87%,0
"2024-09-25 14:08",9.25,9.38,9.25,9.38,0.13,+1.41%,0
"2024-09-25 14:09",9.4,9.4,9.37,9.37,-0.01,-0.11%,0
"2024-09-25 14:10",9.38,9.39,9.37,9.39,0.02,+0.21%,0
"2024-09-25 14:11",9.39,9.44,9.39,9.44,0.05,+0.53%,0
"2024-09-25 14:12",9.43,9.46,9.43,9.43,-0.01,-0.11%,0
"2024-09-25 14:13",9.45,9.5,9.45,9.5,0.07,+0.74%,0
"2024-09-25 14:14",9.52,9.6,9.52,9.59,0.09,+0.95%,0
"2024-09-25 14:15",9.71,9.94,9.69,9.69,0.1,+1.04%,0
"2024-09-25 14:16",9.65,9.71,9.6,9.71,0.02,+0.21%,0
"2024-09-25 14:17",9.67,9.67,9.61,9.61,-0.1,-1.03%,0
"2024-09-25 14:18",9.61,9.64,9.61,9.62,0.01,+0.10%,0
"2024-09-25 14:19",9.6,9.61,9.6,9.6,-0.02,-0.21%,0
"2024-09-25 14:20",9.6,9.7,9.6,9.7,0.1,+1.04%,0
"2024-09-25 14:21",9.67,9.69,9.66,9.66,-0.04,-0.41%,0
"2024-09-25 14:22",9.63,9.7,9.63,9.7,0.04,+0.41%,0
"2024-09-25 14:23",9.7,9.7,9.69,9.69,-0.01,-0.10%,0
"2024-09-25 14:24",9.67,9.7,9.67,9.68,-0.01,-0.10%,0
"2024-09-25 14:25",9.68,9.68,9.6,9.6,-0.08,-0.83%,0
"2024-09-25 14:26",9.59,9.59,9.56,9.56,-0.04,-0.42%,0
"2024-09-25 14:27",9.56,9.59,9.56,9.56,0,0.00%,0
"2024-09-25 14:28",9.53,9.53,9.48,9.48,-0.08,-0.84%,0
"2024-09-25 14:29",9.47,9.5,9.46,9.46,-0.02,-0.21%,0
"2024-09-25 14:30",9.4,9.44,9.4,9.42,-0.04,-0.42%,0
"2024-09-25 14:31",9.41,9.46,9.41,9.44,0.02,+0.21%,0
"2024-09-25 14:32",9.45,9.49,9.45,9.46,0.02,+0.21%,0
"2024-09-25 14:33",9.46,9.48,9.45,9.45,-0.01,-0.11%,0
"2024-09-25 14:34",9.44,9.46,9.4,9.4,-0.05,-0.53%,0
"2024-09-25 14:35",9.39,9.39,9.35,9.38,-0.02,-0.21%,0
"2024-09-25 14:36",9.37,9.37,9.33,9.33,-0.05,-0.53%,0
"2024-09-25 14:37",9.33,9.33,9.28,9.28,-0.05,-0.54%,0
"2024-09-25 14:38",9.26,9.29,9.26,9.29,0.01,+0.11%,0
"2024-09-25 14:39",9.29,9.31,9.28,9.28,-0.01,-0.11%,0
"2024-09-25 14:40",9.28,9.29,9.28,9.28,0,0.00%,0
"2024-09-25 14:41",9.27,9.27,9.25,9.25,-0.03,-0.32%,0
"2024-09-25 14:42",9.23,9.26,9.23,9.25,0,0.00%,0
"2024-09-25 14:43",9.24,9.24,9.22,9.24,-0.01,-0.11%,0
"2024-09-25 14:44",9.26,9.31,9.26,9.31,0.07,+0.76%,0
"2024-09-25 14:45",9.31,9.31,9.22,9.22,-0.09,-0.97%,0
"2024-09-25 14:46",9.22,9.24,9.2,9.24,0.02,+0.22%,0
"2024-09-25 14:47",9.25,9.27,9.25,9.25,0.01,+0.11%,0
"2024-09-25 14:48",9.25,9.25,9.21,9.24,-0.01,-0.11%,0
"2024-09-25 14:49",9.23,9.24,9.2,9.2,-0.04,-0.43%,0
"2024-09-25 14:50",9.19,9.19,9.18,9.18,-0.02,-0.22%,0
"2024-09-25 14:51",9.17,9.22,9.17,9.22,0.04,+0.44%,0
"2024-09-25 14:52",9.22,9.23,9.17,9.17,-0.05,-0.54%,0
"2024-09-25 14:53",9.17,9.18,9.15,9.15,-0.02,-0.22%,0
"2024-09-25 14:54",9.14,9.15,9.14,9.15,0,0.00%,0
"2024-09-25 14:55",9.15,9.17,9.15,9.16,0.01,+0.11%,0
"2024-09-25 14:56",9.21,9.21,9.2,9.21,0.05,+0.55%,0
"2024-09-25 14:57",9.23,9.28,9.23,9.28,0.07,+0.76%,0
"2024-09-25 14:58",9.27,9.27,9.19,9.19,-0.09,-0.97%,0
"2024-09-25 14:59",9.21,9.21,9.18,9.18,-0.01,-0.11%,0
"2024-09-25 15:00",9.17,9.2,9.16,9.16,-0.02,-0.22%,0
"2024-09-25 15:01",9.12,9.19,9.12,9.19,0.03,+0.33%,0
"2024-09-25 15:02",9.16,9.16,9.13,9.15,-0.04,-0.44%,0
"2024-09-25 15:03",9.16,9.16,9.11,9.11,-0.04,-0.44%,0
"2024-09-25 15:04",9.11,9.13,9.1,9.1,-0.01,-0.11%,0
"2024-09-25 15:05",9.1,9.13,9.1,9.13,0.03,+0.33%,0
"2024-09-25 15:06",9.14,9.17,9.14,9.17,0.04,+0.44%,0
"2024-09-25 15:07",9.17,9.17,9.14,9.14,-0.03,-0.33%,0
"2024-09-25 15:08",9.12,9.14,9.1,9.12,-0.02,-0.22%,0
"2024-09-25 15:09",9.13,9.13,9.12,9.12,0,0.00%,0
"2024-09-25 15:10",9.14,9.15,9.13,9.15,0.03,+0.33%,0
"2024-09-25 15:11",9.16,9.26,9.16,9.24,0.09,+0.98%,0
"2024-09-25 15:12",9.26,9.26,9.24,9.26,0.02,+0.22%,0
"2024-09-25 15:13",9.33,9.34,9.29,9.29,0.03,+0.32%,0
"2024-09-25 15:14",9.3,9.37,9.3,9.37,0.08,+0.86%,0
"2024-09-25 15:15",9.38,9.4,9.38,9.4,0.03,+0.32%,0
"2024-09-25 15:16",9.38,9.42,9.37,9.42,0.02,+0.21%,0
"2024-09-25 15:17",9.45,9.45,9.4,9.45,0.03,+0.32%,0
"2024-09-25 15:18",9.47,9.49,9.46,9.46,0.01,+0.11%,0
"2024-09-25 15:19",9.45,9.52,9.45,9.52,0.06,+0.63%,0
"2024-09-25 15:20",9.52,9.56,9.52,9.54,0.02,+0.21%,0
"2024-09-25 15:21",9.56,9.58,9.53,9.55,0.01,+0.10%,0
"2024-09-25 15:22",9.55,9.55,9.52,9.53,-0.02,-0.21%,0
"2024-09-25 15:23",9.53,9.56,9.53,9.54,0.01,+0.10%,0
"2024-09-25 15:24",9.5,9.56,9.5,9.56,0.02,+0.21%,0
"2024-09-25 15:25",9.55,9.56,9.54,9.54,-0.02,-0.21%,0
"2024-09-25 15:26",9.54,9.57,9.54,9.55,0.01,+0.10%,0
"2024-09-25 15:27",9.56,9.58,9.56,9.56,0.01,+0.10%,0
"2024-09-25 15:28",9.56,9.56,9.55,9.55,-0.01,-0.10%,0
"2024-09-25 15:29",9.56,9.56,9.52,9.52,-0.03,-0.31%,0
"2024-09-25 15:30",9.5,9.51,9.44,9.5,-0.02,-0.21%,0
"2024-09-25 15:31",9.5,9.53,9.5,9.52,0.02,+0.21%,0
"2024-09-25 15:32",9.5,9.53,9.5,9.53,0.01,+0.11%,0
"2024-09-25 15:33",9.5,9.5,9.44,9.44,-0.09,-0.94%,0
"2024-09-25 15:34",9.41,9.41,9.38,9.38,-0.06,-0.64%,0
"2024-09-25 15:35",9.4,9.41,9.37,9.37,-0.01,-0.11%,0
"2024-09-25 15:36",9.33,9.36,9.33,9.34,-0.03,-0.32%,0
"2024-09-25 15:37",9.32,9.32,9.29,9.3,-0.04,-0.43%,0
"2024-09-25 15:38",9.28,9.33,9.28,9.33,0.03,+0.32%,0
"2024-09-25 15:39",9.32,9.44,9.32,9.44,0.11,+1.18%,0
"2024-09-25 15:40",9.41,9.43,9.41,9.41,-0.03,-0.32%,0
"2024-09-25 15:41",9.42,9.42,9.38,9.38,-0.03,-0.32%,0
"2024-09-25 15:42",9.39,9.43,9.39,9.42,0.04,+0.43%,0
"2024-09-25 15:43",9.43,9.43,9.39,9.41,-0.01,-0.11%,0
"2024-09-25 15:44",9.39,9.47,9.39,9.46,0.05,+0.53%,0
"2024-09-25 15:45",9.43,9.43,9.37,9.38,-0.08,-0.85%,0
"2024-09-25 15:46",9.38,9.42,9.38,9.42,0.04,+0.43%,0
"2024-09-25 15:47",9.43,9.44,9.42,9.42,0,0.00%,0
"2024-09-25 15:48",9.42,9.42,9.35,9.37,-0.05,-0.53%,0
"2024-09-25 15:49",9.34,9.4,9.34,9.4,0.03,+0.32%,0
"2024-09-25 15:50",9.38,9.39,9.37,9.37,-0.03,-0.32%,0
"2024-09-25 15:51",9.44,9.44,9.37,9.38,0.01,+0.11%,0
"2024-09-25 15:52",9.36,9.4,9.36,9.38,0,0.00%,0
"2024-09-25 15:53",9.39,9.41,9.39,9.4,0.02,+0.21%,0
"2024-09-25 15:54",9.55,9.55,9.44,9.44,0.04,+0.43%,0
"2024-09-25 15:55",9.39,9.46,9.39,9.46,0.02,+0.21%,0
"2024-09-25 15:56",9.45,9.46,9.43,9.43,-0.03,-0.32%,0
"2024-09-25 15:57",9.42,9.42,9.36,9.4,-0.03,-0.32%,0
"2024-09-25 15:58",9.35,9.41,9.35,9.41,0.01,+0.11%,0
"2024-09-25 15:59",9.43,9.43,9.32,9.32,-0.09,-0.96%,0
"2024-09-25 16:00",9.12,9.23,9.11,9.23,-0.09,-0.97%,0
"2024-09-25 16:01",9.18,9.18,9.01,9.01,-0.22,-2.38%,0
"2024-09-25 16:02",8.98,9.02,8.97,9.02,0.01,+0.11%,0
"2024-09-25 16:03",8.95,8.99,8.95,8.99,-0.03,-0.33%,0
"2024-09-25 16:04",8.99,9.06,8.99,9.05,0.06,+0.67%,0
"2024-09-25 16:05",9.05,9.06,9.04,9.04,-0.01,-0.11%,0
"2024-09-25 16:06",9.05,9.1,9.04,9.1,0.06,+0.66%,0
"2024-09-25 16:07",9.11,9.12,9.11,9.12,0.02,+0.22%,0
"2024-09-25 16:08",9.12,9.15,9.12,9.14,0.02,+0.22%,0
"2024-09-25 16:09",9.13,9.15,9.12,9.12,-0.02,-0.22%,0
"2024-09-25 16:10",9.14,9.14,9.13,9.14,0.02,+0.22%,0
"2024-09-25 16:11",9.13,9.16,9.13,9.14,0,0.00%,0
"2024-09-25 16:12",9.12,9.13,9.11,9.13,-0.01,-0.11%,0
"2024-09-25 16:13",9.12,9.14,9.12,9.14,0.01,+0.11%,0
"2024-09-25 16:14",9.15,9.15,9.13,9.13,-0.01,-0.11%,0
"2024-09-25 16:15",9.1,9.1,9.1,9.1,-0.03,-0.33%,0
"2024-09-26 09:31",8.41,8.41,8.27,8.27,-0.83,-9.12%,0
"2024-09-26 09:32",8.24,8.28,8.24,8.28,0.01,+0.12%,0
"2024-09-26 09:33",8.27,8.27,8.16,8.16,-0.12,-1.45%,0
"2024-09-26 09:34",8.16,8.2,8.16,8.19,0.03,+0.37%,0
"2024-09-26 09:35",8.25,8.31,8.23,8.31,0.12,+1.47%,0
"2024-09-26 09:36",8.29,8.29,8.24,8.25,-0.06,-0.72%,0
"2024-09-26 09:37",8.25,8.25,7.96,7.96,-0.29,-3.52%,0
"2024-09-26 09:38",7.93,7.93,7.89,7.91,-0.05,-0.63%,0
"2024-09-26 09:39",7.95,8.05,7.95,8.05,0.14,+1.77%,0
"2024-09-26 09:40",8.11,8.21,8.11,8.21,0.16,+1.99%,0
"2024-09-26 09:41",8.22,8.23,8.22,8.22,0.01,+0.12%,0
"2024-09-26 09:42",8.22,8.24,8.19,8.19,-0.03,-0.36%,0
"2024-09-26 09:43",8.2,8.23,8.2,8.23,0.04,+0.49%,0
"2024-09-26 09:44",8.24,8.26,8.24,8.25,0.02,+0.24%,0
"2024-09-26 09:45",8.18,8.18,8.04,8.04,-0.21,-2.55%,0
"2024-09-26 09:46",8.01,8.01,8,8,-0.04,-0.50%,0
"2024-09-26 09:47",7.97,7.98,7.97,7.98,-0.02,-0.25%,0
"2024-09-26 09:48",7.99,8.07,7.99,8.07,0.09,+1.13%,0
"2024-09-26 09:49",8.1,8.1,8.01,8.01,-0.06,-0.74%,0
"2024-09-26 09:50",8.03,8.14,8.03,8.14,0.13,+1.62%,0
"2024-09-26 09:51",8.09,8.13,8.09,8.13,-0.01,-0.12%,0
"2024-09-26 09:52",8.14,8.16,8.11,8.11,-0.02,-0.25%,0
"2024-09-26 09:53",8.09,8.09,8,8.02,-0.09,-1.11%,0
"2024-09-26 09:54",8,8.05,8,8.04,0.02,+0.25%,0
"2024-09-26 09:55",8.02,8.08,8,8.08,0.04,+0.50%,0
"2024-09-26 09:56",8.09,8.09,8.06,8.08,0,0.00%,0
"2024-09-26 09:57",8.04,8.06,8.02,8.02,-0.06,-0.74%,0
"2024-09-26 09:58",7.98,8,7.93,7.93,-0.09,-1.12%,0
"2024-09-26 09:59",7.9,7.97,7.9,7.96,0.03,+0.38%,0
"2024-09-26 10:00",7.94,7.94,7.81,7.86,-0.1,-1.26%,0
"2024-09-26 10:01",7.87,7.93,7.87,7.93,0.07,+0.89%,0
"2024-09-26 10:02",7.94,8.02,7.94,8.02,0.09,+1.13%,0
"2024-09-26 10:03",8.01,8.03,8.01,8.02,0,0.00%,0
"2024-09-26 10:04",8.02,8.09,8.02,8.09,0.07,+0.87%,0
"2024-09-26 10:05",8.11,8.28,8.11,8.11,0.02,+0.25%,0
"2024-09-26 10:06",8.18,8.29,8.18,8.26,0.15,+1.85%,0
"2024-09-26 10:07",8.26,8.28,8.23,8.28,0.02,+0.24%,0
"2024-09-26 10:08",8.3,8.3,8.28,8.28,0,0.00%,0
"2024-09-26 10:09",8.27,8.29,8.26,8.26,-0.02,-0.24%,0
"2024-09-26 10:10",8.27,8.27,8.2,8.2,-0.06,-0.73%,0
"2024-09-26 10:11",8.11,8.12,8.09,8.12,-0.08,-0.98%,0
"2024-09-26 10:12",8.13,8.18,8.13,8.15,0.03,+0.37%,0
"2024-09-26 10:13",8.17,8.21,8.17,8.21,0.06,+0.74%,0
"2024-09-26 10:14",8.23,8.23,8.18,8.18,-0.03,-0.37%,0
"2024-09-26 10:15",8.18,8.22,8.18,8.19,0.01,+0.12%,0
"2024-09-26 10:16",8.16,8.18,8.16,8.18,-0.01,-0.12%,0
"2024-09-26 10:17",8.2,8.25,8.2,8.24,0.06,+0.73%,0
"2024-09-26 10:18",8.23,8.26,8.22,8.26,0.02,+0.24%,0
"2024-09-26 10:19",8.24,8.28,8.24,8.27,0.01,+0.12%,0
"2024-09-26 10:20",8.32,8.35,8.32,8.32,0.05,+0.60%,0
"2024-09-26 10:21",8.33,8.38,8.33,8.36,0.04,+0.48%,0
"2024-09-26 10:22",8.33,8.42,8.33,8.42,0.06,+0.72%,0
"2024-09-26 10:23",8.46,8.49,8.45,8.49,0.07,+0.83%,0
"2024-09-26 10:24",8.48,8.56,8.48,8.55,0.06,+0.71%,0
"2024-09-26 10:25",8.53,8.64,8.5,8.5,-0.05,-0.58%,0
"2024-09-26 10:26",8.51,8.56,8.51,8.55,0.05,+0.59%,0
"2024-09-26 10:27",8.44,8.49,8.44,8.49,-0.06,-0.70%,0
"2024-09-26 10:28",8.5,8.57,8.5,8.56,0.07,+0.82%,0
"2024-09-26 10:29",8.55,8.55,8.47,8.51,-0.05,-0.58%,0
"2024-09-26 10:30",8.48,8.48,8.39,8.41,-0.1,-1.18%,0
"2024-09-26 10:31",8.42,8.54,8.42,8.5,0.09,+1.07%,0
"2024-09-26 10:32",8.48,8.48,8.37,8.37,-0.13,-1.53%,0
"2024-09-26 10:33",8.41,8.47,8.41,8.47,0.1,+1.19%,0
"2024-09-26 10:34",8.49,8.5,8.44,8.44,-0.03,-0.35%,0
"2024-09-26 10:35",8.43,8.48,8.39,8.39,-0.05,-0.59%,0
"2024-09-26 10:36",8.36,8.36,8.33,8.33,-0.06,-0.72%,0
"2024-09-26 10:37",8.28,8.28,8.19,8.19,-0.14,-1.68%,0
"2024-09-26 10:38",8.19,8.19,8.16,8.16,-0.03,-0.37%,0
"2024-09-26 10:39",8.12,8.2,8.12,8.2,0.04,+0.49%,0
"2024-09-26 10:40",8.18,8.3,8.18,8.3,0.1,+1.22%,0
"2024-09-26 10:41",8.31,8.51,8.31,8.51,0.21,+2.53%,0
"2024-09-26 10:42",8.45,8.45,8.43,8.45,-0.06,-0.71%,0
"2024-09-26 10:43",8.43,8.45,8.4,8.45,0,0.00%,0
"2024-09-26 10:44",8.46,8.52,8.46,8.52,0.07,+0.83%,0
"2024-09-26 10:45",8.49,8.49,8.39,8.39,-0.13,-1.53%,0
"2024-09-26 10:46",8.37,8.4,8.34,8.38,-0.01,-0.12%,0
"2024-09-26 10:47",8.36,8.5,8.36,8.5,0.12,+1.43%,0
"2024-09-26 10:48",8.55,8.66,8.52,8.52,0.02,+0.24%,0
"2024-09-26 10:49",8.53,8.55,8.46,8.55,0.03,+0.35%,0
"2024-09-26 10:50",8.54,8.58,8.54,8.56,0.01,+0.12%,0
"2024-09-26 10:51",8.56,8.74,8.56,8.74,0.18,+2.10%,0
"2024-09-26 10:52",8.75,8.8,8.75,8.77,0.03,+0.34%,0
"2024-09-26 10:53",8.83,8.87,8.82,8.87,0.1,+1.14%,0
"2024-09-26 10:54",8.88,8.88,8.79,8.79,-0.08,-0.90%,0
"2024-09-26 10:55",8.77,9.13,8.77,9.13,0.34,+3.87%,0
"2024-09-26 10:56",9.32,9.32,9.1,9.12,-0.01,-0.11%,0
"2024-09-26 10:57",9.14,9.26,9.14,9.26,0.14,+1.54%,0
"2024-09-26 10:58",9.29,9.3,9.26,9.26,0,0.00%,0
"2024-09-26 10:59",9.23,9.3,9.23,9.27,0.01,+0.11%,0
"2024-09-26 11:00",9.29,9.52,9.29,9.49,0.22,+2.37%,0
"2024-09-26 11:01",9.54,9.59,9.54,9.59,0.1,+1.05%,0
"2024-09-26 11:02",9.46,9.48,9.27,9.27,-0.32,-3.34%,0
"2024-09-26 11:03",9.24,9.3,9.24,9.29,0.02,+0.22%,0
"2024-09-26 11:04",9.24,9.24,9.13,9.13,-0.16,-1.72%,0
"2024-09-26 11:05",9.04,9.04,8.89,8.95,-0.18,-1.97%,0
"2024-09-26 11:06",8.94,8.97,8.94,8.95,0,0.00%,0
"2024-09-26 11:07",8.93,8.93,8.87,8.87,-0.08,-0.89%,0
"2024-09-26 11:08",8.82,8.84,8.8,8.8,-0.07,-0.79%,0
"2024-09-26 11:09",8.74,8.77,8.72,8.72,-0.08,-0.91%,0
"2024-09-26 11:10",8.73,8.87,8.73,8.87,0.15,+1.72%,0
"2024-09-26 11:11",8.97,9.06,8.97,9.06,0.19,+2.14%,0
"2024-09-26 11:12",9.1,9.1,9.08,9.08,0.02,+0.22%,0
"2024-09-26 11:13",9.14,9.16,9.14,9.16,0.08,+0.88%,0
"2024-09-26 11:14",9.21,9.21,9.14,9.14,-0.02,-0.22%,0
"2024-09-26 11:15",9.11,9.11,9.08,9.09,-0.05,-0.55%,0
"2024-09-26 11:16",9.15,9.15,9.09,9.09,0,0.00%,0
"2024-09-26 11:17",9.07,9.11,9.07,9.1,0.01,+0.11%,0
"2024-09-26 11:18",9.06,9.15,9.06,9.13,0.03,+0.33%,0
"2024-09-26 11:19",9.15,9.16,9.13,9.16,0.03,+0.33%,0
"2024-09-26 11:20",9.2,9.27,9.14,9.15,-0.01,-0.11%,0
"2024-09-26 11:21",9.1,9.14,9.1,9.12,-0.03,-0.33%,0
"2024-09-26 11:22",9.12,9.12,9.04,9.09,-0.03,-0.33%,0
"2024-09-26 11:23",9.06,9.06,9.03,9.03,-0.06,-0.66%,0
"2024-09-26 11:24",9.03,9.05,9.03,9.03,0,0.00%,0
"2024-09-26 11:25",9.02,9.07,9.02,9.06,0.03,+0.33%,0
"2024-09-26 11:26",9.04,9.04,9.03,9.04,-0.02,-0.22%,0
"2024-09-26 11:27",8.99,9.05,8.99,9.05,0.01,+0.11%,0
"2024-09-26 11:28",9.01,9.08,9.01,9.04,-0.01,-0.11%,0
"2024-09-26 11:29",9.05,9.05,8.95,8.97,-0.07,-0.77%,0
"2024-09-26 11:30",8.97,9.08,8.97,9.08,0.11,+1.23%,0
"2024-09-26 11:31",9.12,9.12,9.11,9.11,0.03,+0.33%,0
"2024-09-26 11:32",9.13,9.13,9.03,9.03,-0.08,-0.88%,0
"2024-09-26 11:33",9,9.1,9,9.1,0.07,+0.78%,0
"2024-09-26 11:34",9.07,9.12,9.07,9.12,0.02,+0.22%,0
"2024-09-26 11:35",9.12,9.13,9.09,9.09,-0.03,-0.33%,0
"2024-09-26 11:36",9.09,9.14,9.09,9.12,0.03,+0.33%,0
"2024-09-26 11:37",9.12,9.12,9.09,9.11,-0.01,-0.11%,0
"2024-09-26 11:38",9.07,9.07,9.02,9.02,-0.09,-0.99%,0
"2024-09-26 11:39",8.99,8.99,8.89,8.94,-0.08,-0.89%,0
"2024-09-26 11:40",8.89,8.89,8.86,8.87,-0.07,-0.78%,0
"2024-09-26 11:41",8.91,8.91,8.89,8.89,0.02,+0.23%,0
"2024-09-26 11:42",8.94,8.99,8.94,8.95,0.06,+0.67%,0
"2024-09-26 11:43",8.96,8.97,8.95,8.95,0,0.00%,0
"2024-09-26 11:44",8.97,9,8.96,8.96,0.01,+0.11%,0
"2024-09-26 11:45",8.93,8.93,8.84,8.84,-0.12,-1.34%,0
"2024-09-26 11:46",8.81,8.88,8.81,8.88,0.04,+0.45%,0
"2024-09-26 11:47",8.87,8.89,8.87,8.87,-0.01,-0.11%,0
"2024-09-26 11:48",8.85,8.87,8.84,8.84,-0.03,-0.34%,0
"2024-09-26 11:49",8.85,8.91,8.85,8.91,0.07,+0.79%,0
"2024-09-26 11:50",8.9,8.9,8.87,8.88,-0.03,-0.34%,0
"2024-09-26 11:51",8.88,8.91,8.86,8.86,-0.02,-0.23%,0
"2024-09-26 11:52",8.82,8.87,8.82,8.87,0.01,+0.11%,0
"2024-09-26 11:53",8.85,8.85,8.76,8.76,-0.11,-1.24%,0
"2024-09-26 11:54",8.74,8.74,8.67,8.7,-0.06,-0.68%,0
"2024-09-26 11:55",8.67,8.67,8.6,8.6,-0.1,-1.15%,0
"2024-09-26 11:56",8.6,8.6,8.52,8.52,-0.08,-0.93%,0
"2024-09-26 11:57",8.52,8.52,8.49,8.5,-0.02,-0.23%,0
"2024-09-26 11:58",8.49,8.5,8.48,8.48,-0.02,-0.24%,0
"2024-09-26 11:59",8.45,8.49,8.45,8.47,-0.01,-0.12%,0
"2024-09-26 12:00",8.46,8.53,8.46,8.53,0.06,+0.71%,0
"2024-09-26 12:01",8.61,8.69,8.61,8.69,0.16,+1.88%,0
"2024-09-26 12:02",8.74,8.86,8.74,8.86,0.17,+1.96%,0
"2024-09-26 12:03",8.89,8.89,8.86,8.86,0,0.00%,0
"2024-09-26 12:04",8.89,9.03,8.89,9.03,0.17,+1.92%,0
"2024-09-26 12:05",9.01,9.06,8.95,8.95,-0.08,-0.89%,0
"2024-09-26 12:06",8.91,8.94,8.91,8.94,-0.01,-0.11%,0
"2024-09-26 12:07",8.94,8.94,8.86,8.86,-0.08,-0.89%,0
"2024-09-26 12:08",8.87,8.92,8.87,8.91,0.05,+0.56%,0
"2024-09-26 12:09",8.84,8.89,8.84,8.88,-0.03,-0.34%,0
"2024-09-26 12:10",8.9,8.9,8.86,8.89,0.01,+0.11%,0
"2024-09-26 12:11",8.89,8.91,8.89,8.9,0.01,+0.11%,0
"2024-09-26 12:12",8.9,8.93,8.9,8.91,0.01,+0.11%,0
"2024-09-26 12:13",8.92,8.97,8.92,8.96,0.05,+0.56%,0
"2024-09-26 12:14",9,9.03,9,9.03,0.07,+0.78%,0
"2024-09-26 12:15",9,9,8.95,8.97,-0.06,-0.66%,0
"2024-09-26 12:16",8.97,9.02,8.97,8.98,0.01,+0.11%,0
"2024-09-26 12:17",8.96,9.01,8.96,8.98,0,0.00%,0
"2024-09-26 12:18",8.99,9.03,8.99,9.03,0.05,+0.56%,0
"2024-09-26 12:19",9.05,9.09,9.05,9.06,0.03,+0.33%,0
"2024-09-26 12:20",9.07,9.07,9.05,9.05,-0.01,-0.11%,0
"2024-09-26 12:21",9.05,9.11,9.05,9.11,0.06,+0.66%,0
"2024-09-26 12:22",9.1,9.12,9.1,9.12,0.01,+0.11%,0
"2024-09-26 12:23",9.09,9.17,9.09,9.17,0.05,+0.55%,0
"2024-09-26 12:24",9.21,9.21,9.13,9.14,-0.03,-0.33%,0
"2024-09-26 12:25",9.16,9.16,9.01,9.01,-0.13,-1.42%,0
"2024-09-26 12:26",9,9.05,8.98,9.05,0.04,+0.44%,0
"2024-09-26 12:27",9.03,9.03,8.98,9.01,-0.04,-0.44%,0
"2024-09-26 12:28",9.08,9.18,9.08,9.18,0.17,+1.89%,0
"2024-09-26 12:29",9.22,9.29,9.22,9.29,0.11,+1.20%,0
"2024-09-26 12:30",9.27,9.32,9.27,9.32,0.03,+0.32%,0
"2024-09-26 12:31",9.34,9.34,9.33,9.33,0.01,+0.11%,0
"2024-09-26 12:32",9.31,9.31,9.26,9.26,-0.07,-0.75%,0
"2024-09-26 12:33",9.3,9.33,9.3,9.33,0.07,+0.76%,0
"2024-09-26 12:34",9.39,9.45,9.39,9.45,0.12,+1.29%,0
"2024-09-26 12:35",9.5,9.53,9.43,9.44,-0.01,-0.11%,0
"2024-09-26 12:36",9.45,9.46,9.44,9.44,0,0.00%,0
"2024-09-26 12:37",9.48,9.49,9.45,9.45,0.01,+0.11%,0
"2024-09-26 12:38",9.41,9.43,9.39,9.39,-0.06,-0.63%,0
"2024-09-26 12:39",9.38,9.38,9.3,9.3,-0.09,-0.96%,0
"2024-09-26 12:40",9.27,9.39,9.27,9.39,0.09,+0.97%,0
"2024-09-26 12:41",9.4,9.49,9.4,9.46,0.07,+0.75%,0
"2024-09-26 12:42",9.46,9.46,9.39,9.39,-0.07,-0.74%,0
"2024-09-26 12:43",9.41,9.46,9.41,9.44,0.05,+0.53%,0
"2024-09-26 12:44",9.46,9.46,9.38,9.39,-0.05,-0.53%,0
"2024-09-26 12:45",9.39,9.43,9.39,9.4,0.01,+0.11%,0
"2024-09-26 12:46",9.41,9.41,9.39,9.4,0,0.00%,0
"2024-09-26 12:47",9.43,9.43,9.42,9.42,0.02,+0.21%,0
"2024-09-26 12:48",9.42,9.42,9.4,9.4,-0.02,-0.21%,0
"2024-09-26 12:49",9.4,9.45,9.4,9.45,0.05,+0.53%,0
"2024-09-26 12:50",9.46,9.49,9.46,9.47,0.02,+0.21%,0
"2024-09-26 12:51",9.46,9.46,9.43,9.45,-0.02,-0.21%,0
"2024-09-26 12:52",9.44,9.5,9.44,9.5,0.05,+0.53%,0
"2024-09-26 12:53",9.5,9.56,9.5,9.56,0.06,+0.63%,0
"2024-09-26 12:54",9.53,9.58,9.53,9.57,0.01,+0.10%,0
"2024-09-26 12:55",9.58,9.61,9.58,9.6,0.03,+0.31%,0
"2024-09-26 12:56",9.61,9.62,9.61,9.61,0.01,+0.10%,0
"2024-09-26 12:57",9.64,9.67,9.64,9.67,0.06,+0.62%,0
"2024-09-26 12:58",9.68,9.68,9.66,9.67,0,0.00%,0
"2024-09-26 12:59",9.67,9.7,9.67,9.69,0.02,+0.21%,0
"2024-09-26 13:00",9.71,9.77,9.71,9.73,0.04,+0.41%,0
"2024-09-26 13:01",9.68,9.71,9.66,9.71,-0.02,-0.21%,0
"2024-09-26 13:02",9.75,9.75,9.64,9.64,-0.07,-0.72%,0
"2024-09-26 13:03",9.63,9.66,9.63,9.66,0.02,+0.21%,0
"2024-09-26 13:04",9.66,9.66,9.57,9.57,-0.09,-0.93%,0
"2024-09-26 13:05",9.54,9.54,9.51,9.51,-0.06,-0.63%,0
"2024-09-26 13:06",9.53,9.58,9.53,9.55,0.04,+0.42%,0
"2024-09-26 13:07",9.57,9.58,9.56,9.58,0.03,+0.31%,0
"2024-09-26 13:08",9.57,9.57,9.53,9.53,-0.05,-0.52%,0
"2024-09-26 13:09",9.55,9.67,9.55,9.67,0.14,+1.47%,0
"2024-09-26 13:10",9.66,9.66,9.62,9.66,-0.01,-0.10%,0
"2024-09-26 13:11",9.68,9.71,9.66,9.66,0,0.00%,0
"2024-09-26 13:12",9.63,9.68,9.62,9.68,0.02,+0.21%,0
"2024-09-26 13:13",9.71,9.78,9.71,9.78,0.1,+1.03%,0
"2024-09-26 13:14",9.75,9.78,9.75,9.78,0,0.00%,0
"2024-09-26 13:15",9.78,9.86,9.78,9.86,0.08,+0.82%,0
"2024-09-26 13:16",9.86,9.96,9.86,9.87,0.01,+0.10%,0
"2024-09-26 13:17",9.84,9.9,9.78,9.78,-0.09,-0.91%,0
"2024-09-26 13:18",9.76,9.97,9.76,9.97,0.19,+1.94%,0
"2024-09-26 13:19",10.02,10.49,10.02,10.49,0.52,+5.22%,0
"2024-09-26 13:20",10.3,10.3,10.22,10.22,-0.27,-2.57%,0
"2024-09-26 13:21",10.13,10.17,10.13,10.17,-0.05,-0.49%,0
"2024-09-26 13:22",10.16,10.16,9.98,9.98,-0.19,-1.87%,0
"2024-09-26 13:23",10.03,10.16,10.03,10.12,0.14,+1.40%,0
"2024-09-26 13:24",10.15,10.18,10.15,10.18,0.06,+0.59%,0
"2024-09-26 13:25",10.18,10.18,10.1,10.18,0,0.00%,0
"2024-09-26 13:26",10.16,10.16,10.1,10.1,-0.08,-0.79%,0
"2024-09-26 13:27",10.1,10.1,9.93,9.93,-0.17,-1.68%,0
"2024-09-26 13:28",9.91,9.91,9.84,9.84,-0.09,-0.91%,0
"2024-09-26 13:29",9.82,9.82,9.74,9.74,-0.1,-1.02%,0
"2024-09-26 13:30",9.68,9.68,9.66,9.66,-0.08,-0.82%,0
"2024-09-26 13:31",9.57,9.58,9.54,9.54,-0.12,-1.24%,0
"2024-09-26 13:32",9.49,9.52,9.49,9.49,-0.05,-0.52%,0
"2024-09-26 13:33",9.47,9.47,9.45,9.47,-0.02,-0.21%,0
"2024-09-26 13:34",9.46,9.48,9.45,9.45,-0.02,-0.21%,0
"2024-09-26 13:35",9.47,9.51,9.47,9.51,0.06,+0.63%,0
"2024-09-26 13:36",9.5,9.51,9.5,9.5,-0.01,-0.11%,0
"2024-09-26 13:37",9.52,9.55,9.52,9.55,0.05,+0.53%,0
"2024-09-26 13:38",9.53,9.54,9.52,9.52,-0.03,-0.31%,0
"2024-09-26 13:39",9.51,9.54,9.51,9.53,0.01,+0.11%,0
"2024-09-26 13:40",9.55,9.55,9.52,9.55,0.02,+0.21%,0
"2024-09-26 13:41",9.56,9.56,9.54,9.55,0,0.00%,0
"2024-09-26 13:42",9.55,9.58,9.52,9.52,-0.03,-0.31%,0
"2024-09-26 13:43",9.53,9.54,9.53,9.54,0.02,+0.21%,0
"2024-09-26 13:44",9.54,9.54,9.52,9.52,-0.02,-0.21%,0
"2024-09-26 13:45",9.53,9.53,9.47,9.47,-0.05,-0.53%,0
"2024-09-26 13:46",9.51,9.51,9.45,9.45,-0.02,-0.21%,0
"2024-09-26 13:47",9.43,9.46,9.42,9.46,0.01,+0.11%,0
"2024-09-26 13:48",9.45,9.48,9.45,9.48,0.02,+0.21%,0
"2024-09-26 13:49",9.45,9.48,9.45,9.47,-0.01,-0.11%,0
"2024-09-26 13:50",9.44,9.44,9.43,9.44,-0.03,-0.32%,0
"2024-09-26 13:51",9.45,9.47,9.45,9.47,0.03,+0.32%,0
"2024-09-26 13:52",9.5,9.5,9.46,9.46,-0.01,-0.11%,0
"2024-09-26 13:53",9.47,9.5,9.47,9.48,0.02,+0.21%,0
"2024-09-26 13:54",9.47,9.5,9.47,9.47,-0.01,-0.11%,0
"2024-09-26 13:55",9.44,9.45,9.43,9.44,-0.03,-0.32%,0
"2024-09-26 13:56",9.43,9.44,9.43,9.44,0,0.00%,0
"2024-09-26 13:57",9.46,9.52,9.46,9.52,0.08,+0.85%,0
"2024-09-26 13:58",9.52,9.52,9.49,9.51,-0.01,-0.11%,0
"2024-09-26 13:59",9.5,9.53,9.5,9.53,0.02,+0.21%,0
"2024-09-26 14:00",9.51,9.51,9.44,9.44,-0.09,-0.94%,0
"2024-09-26 14:01",9.4,9.4,9.37,9.39,-0.05,-0.53%,0
"2024-09-26 14:02",9.4,9.42,9.4,9.41,0.02,+0.21%,0
"2024-09-26 14:03",9.4,9.41,9.38,9.38,-0.03,-0.32%,0
"2024-09-26 14:04",9.41,9.44,9.41,9.43,0.05,+0.53%,0
"2024-09-26 14:05",9.42,9.44,9.42,9.44,0.01,+0.11%,0
"2024-09-26 14:06",9.43,9.44,9.4,9.44,0,0.00%,0
"2024-09-26 14:07",9.44,9.46,9.43,9.43,-0.01,-0.11%,0
"2024-09-26 14:08",9.42,9.48,9.42,9.46,0.03,+0.32%,0
"2024-09-26 14:09",9.45,9.48,9.45,9.46,0,0.00%,0
"2024-09-26 14:10",9.48,9.54,9.48,9.54,0.08,+0.85%,0
"2024-09-26 14:11",9.54,9.54,9.54,9.54,0,0.00%,0
"2024-09-26 14:12",9.48,9.51,9.47,9.47,-0.07,-0.73%,0
"2024-09-26 14:13",9.61,9.61,9.54,9.54,0.07,+0.74%,0
"2024-09-26 14:14",9.56,9.59,9.52,9.52,-0.02,-0.21%,0
"2024-09-26 14:15",9.48,9.56,9.46,9.53,0.01,+0.11%,0
"2024-09-26 14:16",9.54,9.61,9.54,9.59,0.06,+0.63%,0
"2024-09-26 14:17",9.57,9.59,9.57,9.58,-0.01,-0.10%,0
"2024-09-26 14:18",9.57,9.57,9.51,9.53,-0.05,-0.52%,0
"2024-09-26 14:19",9.53,9.55,9.53,9.55,0.02,+0.21%,0
"2024-09-26 14:20",9.57,9.58,9.56,9.57,0.02,+0.21%,0
"2024-09-26 14:21",9.57,9.6,9.57,9.59,0.02,+0.21%,0
"2024-09-26 14:22",9.6,9.61,9.58,9.58,-0.01,-0.10%,0
"2024-09-26 14:23",9.58,9.62,9.58,9.61,0.03,+0.31%,0
"2024-09-26 14:24",9.61,9.61,9.59,9.59,-0.02,-0.21%,0
"2024-09-26 14:25",9.59,9.62,9.59,9.61,0.02,+0.21%,0
"2024-09-26 14:26",9.58,9.59,9.56,9.56,-0.05,-0.52%,0
"2024-09-26 14:27",9.56,9.58,9.56,9.56,0,0.00%,0
"2024-09-26 14:28",9.57,9.57,9.51,9.51,-0.05,-0.52%,0
"2024-09-26 14:29",9.51,9.51,9.5,9.5,-0.01,-0.11%,0
"2024-09-26 14:30",9.5,9.5,9.48,9.48,-0.02,-0.21%,0
"2024-09-26 14:31",9.48,9.55,9.48,9.55,0.07,+0.74%,0
"2024-09-26 14:32",9.55,9.55,9.52,9.52,-0.03,-0.31%,0
"2024-09-26 14:33",9.53,9.53,9.48,9.48,-0.04,-0.42%,0
"2024-09-26 14:34",9.5,9.53,9.5,9.53,0.05,+0.53%,0
"2024-09-26 14:35",9.53,9.55,9.52,9.55,0.02,+0.21%,0
"2024-09-26 14:36",9.54,9.55,9.46,9.46,-0.09,-0.94%,0
"2024-09-26 14:37",9.46,9.46,9.44,9.44,-0.02,-0.21%,0
"2024-09-26 14:38",9.44,9.44,9.42,9.43,-0.01,-0.11%,0
"2024-09-26 14:39",9.43,9.44,9.4,9.4,-0.03,-0.32%,0
"2024-09-26 14:40",9.4,9.44,9.4,9.42,0.02,+0.21%,0
"2024-09-26 14:41",9.4,9.42,9.4,9.41,-0.01,-0.11%,0
"2024-09-26 14:42",9.42,9.45,9.42,9.45,0.04,+0.43%,0
"2024-09-26 14:43",9.46,9.5,9.46,9.5,0.05,+0.53%,0
"2024-09-26 14:44",9.51,9.55,9.51,9.55,0.05,+0.53%,0
"2024-09-26 14:45",9.56,9.57,9.54,9.54,-0.01,-0.10%,0
"2024-09-26 14:46",9.55,9.57,9.53,9.53,-0.01,-0.10%,0
"2024-09-26 14:47",9.52,9.57,9.52,9.57,0.04,+0.42%,0
"2024-09-26 14:48",9.55,9.57,9.55,9.57,0,0.00%,0
"2024-09-26 14:49",9.58,9.62,9.58,9.61,0.04,+0.42%,0
"2024-09-26 14:50",9.6,9.6,9.57,9.57,-0.04,-0.42%,0
"2024-09-26 14:51",9.57,9.57,9.55,9.55,-0.02,-0.21%,0
"2024-09-26 14:52",9.52,9.53,9.51,9.51,-0.04,-0.42%,0
"2024-09-26 14:53",9.52,9.54,9.52,9.54,0.03,+0.32%,0
"2024-09-26 14:54",9.55,9.57,9.54,9.54,0,0.00%,0
"2024-09-26 14:55",9.55,9.55,9.53,9.54,0,0.00%,0
"2024-09-26 14:56",9.57,9.57,9.57,9.57,0.03,+0.31%,0
"2024-09-26 14:57",9.57,9.59,9.57,9.58,0.01,+0.10%,0
"2024-09-26 14:58",9.62,9.62,9.61,9.61,0.03,+0.31%,0
"2024-09-26 14:59",9.54,9.59,9.54,9.59,-0.02,-0.21%,0
"2024-09-26 15:00",9.59,9.62,9.59,9.62,0.03,+0.31%,0
"2024-09-26 15:01",9.62,9.65,9.62,9.65,0.03,+0.31%,0
"2024-09-26 15:02",9.69,9.7,9.68,9.7,0.05,+0.52%,0
"2024-09-26 15:03",9.72,9.73,9.67,9.67,-0.03,-0.31%,0
"2024-09-26 15:04",9.69,9.74,9.68,9.74,0.07,+0.72%,0
"2024-09-26 15:05",9.75,9.79,9.75,9.79,0.05,+0.51%,0
"2024-09-26 15:06",9.77,9.82,9.77,9.81,0.02,+0.20%,0
"2024-09-26 15:07",9.79,9.8,9.78,9.79,-0.02,-0.20%,0
"2024-09-26 15:08",9.79,9.79,9.73,9.73,-0.06,-0.61%,0
"2024-09-26 15:09",9.76,9.77,9.76,9.77,0.04,+0.41%,0
"2024-09-26 15:10",9.78,9.79,9.77,9.78,0.01,+0.10%,0
"2024-09-26 15:11",9.78,9.81,9.78,9.8,0.02,+0.20%,0
"2024-09-26 15:12",9.77,9.82,9.77,9.82,0.02,+0.20%,0
"2024-09-26 15:13",9.81,9.82,9.77,9.77,-0.05,-0.51%,0
"2024-09-26 15:14",9.79,9.87,9.79,9.87,0.1,+1.02%,0
"2024-09-26 15:15",9.82,9.86,9.82,9.85,-0.02,-0.20%,0
"2024-09-26 15:16",9.85,9.86,9.84,9.84,-0.01,-0.10%,0
"2024-09-26 15:17",9.85,9.88,9.85,9.88,0.04,+0.41%,0
"2024-09-26 15:18",9.89,9.9,9.86,9.86,-0.02,-0.20%,0
"2024-09-26 15:19",9.87,9.91,9.87,9.91,0.05,+0.51%,0
"2024-09-26 15:20",9.91,9.95,9.91,9.95,0.04,+0.40%,0
"2024-09-26 15:21",9.9,9.97,9.9,9.96,0.01,+0.10%,0
"2024-09-26 15:22",9.92,9.98,9.92,9.97,0.01,+0.10%,0
"2024-09-26 15:23",9.95,9.95,9.9,9.9,-0.07,-0.70%,0
"2024-09-26 15:24",9.91,9.97,9.91,9.97,0.07,+0.71%,0
"2024-09-26 15:25",9.96,9.97,9.95,9.95,-0.02,-0.20%,0
"2024-09-26 15:26",9.94,9.94,9.93,9.94,-0.01,-0.10%,0
"2024-09-26 15:27",9.94,9.94,9.9,9.92,-0.02,-0.20%,0
"2024-09-26 15:28",9.92,10,9.92,10,0.08,+0.81%,0
"2024-09-26 15:29",9.98,9.98,9.95,9.95,-0.05,-0.50%,0
"2024-09-26 15:30",9.92,9.93,9.91,9.91,-0.04,-0.40%,0
"2024-09-26 15:31",9.89,9.89,9.87,9.87,-0.04,-0.40%,0
"2024-09-26 15:32",9.86,9.87,9.81,9.81,-0.06,-0.61%,0
"2024-09-26 15:33",9.8,9.87,9.8,9.86,0.05,+0.51%,0
"2024-09-26 15:34",9.9,9.92,9.89,9.89,0.03,+0.30%,0
"2024-09-26 15:35",9.9,9.92,9.9,9.92,0.03,+0.30%,0
"2024-09-26 15:36",9.91,9.98,9.91,9.97,0.05,+0.50%,0
"2024-09-26 15:37",9.98,10.02,9.97,10.02,0.05,+0.50%,0
"2024-09-26 15:38",9.99,10.02,9.99,10.02,0,0.00%,0
"2024-09-26 15:39",10.03,10.03,9.99,10.01,-0.01,-0.10%,0
"2024-09-26 15:40",10.01,10.03,10,10.03,0.02,+0.20%,0
"2024-09-26 15:41",10.05,10.09,10.05,10.08,0.05,+0.50%,0
"2024-09-26 15:42",10.1,10.13,10.1,10.13,0.05,+0.50%,0
"2024-09-26 15:43",10.17,10.26,10.17,10.24,0.11,+1.09%,0
"2024-09-26 15:44",10.19,10.23,10.19,10.23,-0.01,-0.10%,0
"2024-09-26 15:45",10.23,10.3,10.23,10.3,0.07,+0.68%,0
"2024-09-26 15:46",10.3,10.31,10.28,10.28,-0.02,-0.19%,0
"2024-09-26 15:47",10.29,10.33,10.29,10.31,0.03,+0.29%,0
"2024-09-26 15:48",10.34,10.36,10.34,10.34,0.03,+0.29%,0
"2024-09-26 15:49",10.32,10.32,10.27,10.27,-0.07,-0.68%,0
"2024-09-26 15:50",10.27,10.32,10.27,10.29,0.02,+0.19%,0
"2024-09-26 15:51",10.34,10.42,10.33,10.42,0.13,+1.26%,0
"2024-09-26 15:52",10.44,10.47,10.37,10.47,0.05,+0.48%,0
"2024-09-26 15:53",10.55,10.55,10.48,10.54,0.07,+0.67%,0
"2024-09-26 15:54",10.57,10.57,10.33,10.33,-0.21,-1.99%,0
"2024-09-26 15:55",10.26,10.31,10.23,10.23,-0.1,-0.97%,0
"2024-09-26 15:56",10.26,10.26,10.1,10.1,-0.13,-1.27%,0
"2024-09-26 15:57",10.17,10.17,10.04,10.09,-0.01,-0.10%,0
"2024-09-26 15:58",10.18,10.19,10.16,10.17,0.08,+0.79%,0
"2024-09-26 15:59",10.17,10.17,10.09,10.09,-0.08,-0.79%,0
"2024-09-26 16:00",10.17,10.23,10.17,10.2,0.11,+1.09%,0
"2024-09-26 16:01",10.11,10.17,10.07,10.17,-0.03,-0.29%,0
"2024-09-26 16:02",10.21,10.25,10.18,10.2,0.03,+0.29%,0
"2024-09-26 16:03",10.21,10.32,10.19,10.32,0.12,+1.18%,0
"2024-09-26 16:04",10.26,10.35,10.26,10.34,0.02,+0.19%,0
"2024-09-26 16:05",10.32,10.42,10.32,10.34,0,0.00%,0
"2024-09-26 16:06",10.42,10.42,10.34,10.35,0.01,+0.10%,0
"2024-09-26 16:07",10.35,10.39,10.35,10.39,0.04,+0.39%,0
"2024-09-26 16:08",10.39,10.4,10.38,10.38,-0.01,-0.10%,0
"2024-09-26 16:09",10.35,10.42,10.34,10.42,0.04,+0.39%,0
"2024-09-26 16:10",10.42,10.47,10.42,10.46,0.04,+0.38%,0
"2024-09-26 16:11",10.45,10.49,10.45,10.48,0.02,+0.19%,0
"2024-09-26 16:12",10.49,10.51,10.49,10.51,0.03,+0.29%,0
"2024-09-26 16:13",10.51,10.52,10.51,10.52,0.01,+0.10%,0
"2024-09-26 16:14",10.51,10.57,10.51,10.57,0.05,+0.48%,0
"2024-09-26 16:15",10.57,10.57,10.57,10.57,0,0.00%,0
"2024-09-27 09:31",8.57,8.57,8.44,8.45,-2.12,-20.06%,0
"2024-09-27 09:32",8.5,8.5,8.47,8.47,0.02,+0.24%,0
"2024-09-27 09:33",8.44,8.49,8.4,8.43,-0.04,-0.47%,0
"2024-09-27 09:34",8.42,8.49,8.42,8.47,0.04,+0.47%,0
"2024-09-27 09:35",8.56,8.63,8.56,8.63,0.16,+1.89%,0
"2024-09-27 09:36",8.57,8.58,8.56,8.57,-0.06,-0.70%,0
"2024-09-27 09:37",8.59,8.59,8.5,8.5,-0.07,-0.82%,0
"2024-09-27 09:38",8.44,8.47,8.42,8.42,-0.08,-0.94%,0
"2024-09-27 09:39",8.39,8.56,8.39,8.56,0.14,+1.66%,0
"2024-09-27 09:40",8.56,8.56,8.46,8.46,-0.1,-1.17%,0
"2024-09-27 09:41",8.46,8.54,8.46,8.5,0.04,+0.47%,0
"2024-09-27 09:42",8.45,8.45,8.41,8.45,-0.05,-0.59%,0
"2024-09-27 09:43",8.47,8.47,8.41,8.41,-0.04,-0.47%,0
"2024-09-27 09:44",8.41,8.48,8.41,8.45,0.04,+0.48%,0
"2024-09-27 09:45",8.44,8.44,8.37,8.37,-0.08,-0.95%,0
"2024-09-27 09:46",8.39,8.4,8.39,8.4,0.03,+0.36%,0
"2024-09-27 09:47",8.4,8.46,8.4,8.44,0.04,+0.48%,0
"2024-09-27 09:48",8.41,8.41,8.33,8.39,-0.05,-0.59%,0
"2024-09-27 09:49",8.37,8.39,8.36,8.39,0,0.00%,0
"2024-09-27 09:50",8.39,8.46,8.39,8.44,0.05,+0.60%,0
"2024-09-27 09:51",8.38,8.46,8.38,8.46,0.02,+0.24%,0
"2024-09-27 09:52",8.46,8.54,8.46,8.49,0.03,+0.35%,0
"2024-09-27 09:53",8.49,8.49,8.45,8.45,-0.04,-0.47%,0
"2024-09-27 09:54",8.45,8.51,8.45,8.51,0.06,+0.71%,0
"2024-09-27 09:55",8.48,8.5,8.48,8.48,-0.03,-0.35%,0
"2024-09-27 09:56",8.47,8.5,8.47,8.47,-0.01,-0.12%,0
"2024-09-27 09:57",8.5,8.52,8.45,8.45,-0.02,-0.24%,0
"2024-09-27 09:58",8.48,8.53,8.48,8.53,0.08,+0.95%,0
"2024-09-27 09:59",8.54,8.57,8.52,8.52,-0.01,-0.12%,0
"2024-09-27 10:00",8.58,8.58,8.42,8.43,-0.09,-1.06%,0
"2024-09-27 10:01",8.29,8.29,8.19,8.23,-0.2,-2.37%,0
"2024-09-27 10:02",8.28,8.41,8.28,8.41,0.18,+2.19%,0
"2024-09-27 10:03",8.39,8.4,8.29,8.29,-0.12,-1.43%,0
"2024-09-27 10:04",8.24,8.37,8.24,8.37,0.08,+0.97%,0
"2024-09-27 10:05",8.35,8.42,8.35,8.39,0.02,+0.24%,0
"2024-09-27 10:06",8.4,8.43,8.36,8.36,-0.03,-0.36%,0
"2024-09-27 10:07",8.37,8.41,8.31,8.34,-0.02,-0.24%,0
"2024-09-27 10:08",8.36,8.4,8.35,8.35,0.01,+0.12%,0
"2024-09-27 10:09",8.32,8.34,8.26,8.29,-0.06,-0.72%,0
"2024-09-27 10:10",8.27,8.31,8.27,8.3,0.01,+0.12%,0
"2024-09-27 10:11",8.25,8.25,8.23,8.23,-0.07,-0.84%,0
"2024-09-27 10:12",8.24,8.28,8.23,8.25,0.02,+0.24%,0
"2024-09-27 10:13",8.35,8.44,8.33,8.33,0.08,+0.97%,0
"2024-09-27 10:14",8.31,8.31,8.27,8.28,-0.05,-0.60%,0
"2024-09-27 10:15",8.24,8.26,8.23,8.23,-0.05,-0.60%,0
"2024-09-27 10:16",8.21,8.29,8.21,8.29,0.06,+0.73%,0
"2024-09-27 10:17",8.23,8.24,8.21,8.22,-0.07,-0.84%,0
"2024-09-27 10:18",8.26,8.31,8.26,8.27,0.05,+0.61%,0
"2024-09-27 10:19",8.25,8.33,8.25,8.33,0.06,+0.73%,0
"2024-09-27 10:20",8.36,8.36,8.3,8.3,-0.03,-0.36%,0
"2024-09-27 10:21",8.26,8.29,8.25,8.29,-0.01,-0.12%,0
"2024-09-27 10:22",8.3,8.4,8.3,8.34,0.05,+0.60%,0
"2024-09-27 10:23",8.34,8.38,8.34,8.38,0.04,+0.48%,0
"2024-09-27 10:24",8.36,8.42,8.36,8.42,0.04,+0.48%,0
"2024-09-27 10:25",8.42,8.48,8.42,8.48,0.06,+0.71%,0
"2024-09-27 10:26",8.52,8.63,8.52,8.63,0.15,+1.77%,0
"2024-09-27 10:27",8.64,8.68,8.64,8.65,0.02,+0.23%,0
"2024-09-27 10:28",8.68,8.68,8.67,8.68,0.03,+0.35%,0
"2024-09-27 10:29",8.74,8.75,8.73,8.75,0.07,+0.81%,0
"2024-09-27 10:30",8.72,8.72,8.7,8.72,-0.03,-0.34%,0
"2024-09-27 10:31",8.73,8.73,8.67,8.72,0,0.00%,0
"2024-09-27 10:32",8.7,8.73,8.7,8.73,0.01,+0.11%,0
"2024-09-27 10:33",8.71,8.73,8.69,8.69,-0.04,-0.46%,0
"2024-09-27 10:34",8.69,8.75,8.69,8.75,0.06,+0.69%,0
"2024-09-27 10:35",8.73,8.73,8.6,8.61,-0.14,-1.60%,0
"2024-09-27 10:36",8.58,8.66,8.58,8.63,0.02,+0.23%,0
"2024-09-27 10:37",8.63,8.65,8.61,8.64,0.01,+0.12%,0
"2024-09-27 10:38",8.65,8.67,8.62,8.62,-0.02,-0.23%,0
"2024-09-27 10:39",8.63,8.7,8.63,8.67,0.05,+0.58%,0
"2024-09-27 10:40",8.67,8.7,8.67,8.7,0.03,+0.35%,0
"2024-09-27 10:41",8.72,8.73,8.71,8.71,0.01,+0.11%,0
"2024-09-27 10:42",8.71,8.71,8.69,8.69,-0.02,-0.23%,0
"2024-09-27 10:43",8.71,8.71,8.67,8.68,-0.01,-0.12%,0
"2024-09-27 10:44",8.67,8.67,8.59,8.61,-0.07,-0.81%,0
"2024-09-27 10:45",8.63,8.63,8.59,8.59,-0.02,-0.23%,0
"2024-09-27 10:46",8.62,8.66,8.59,8.59,0,0.00%,0
"2024-09-27 10:47",8.56,8.57,8.56,8.57,-0.02,-0.23%,0
"2024-09-27 10:48",8.58,8.62,8.58,8.61,0.04,+0.47%,0
"2024-09-27 10:49",8.63,8.66,8.63,8.66,0.05,+0.58%,0
"2024-09-27 10:50",8.65,8.69,8.63,8.69,0.03,+0.35%,0
"2024-09-27 10:51",8.67,8.68,8.62,8.62,-0.07,-0.81%,0
"2024-09-27 10:52",8.64,8.67,8.64,8.67,0.05,+0.58%,0
"2024-09-27 10:53",8.68,8.7,8.68,8.68,0.01,+0.12%,0
"2024-09-27 10:54",8.67,8.69,8.66,8.66,-0.02,-0.23%,0
"2024-09-27 10:55",8.64,8.69,8.64,8.65,-0.01,-0.12%,0
"2024-09-27 10:56",8.67,8.68,8.67,8.67,0.02,+0.23%,0
"2024-09-27 10:57",8.64,8.66,8.64,8.66,-0.01,-0.12%,0
"2024-09-27 10:58",8.65,8.68,8.65,8.67,0.01,+0.12%,0
"2024-09-27 10:59",8.67,8.7,8.67,8.7,0.03,+0.35%,0
"2024-09-27 11:00",8.72,8.74,8.7,8.74,0.04,+0.46%,0
"2024-09-27 11:01",8.71,8.73,8.71,8.73,-0.01,-0.11%,0
"2024-09-27 11:02",8.73,8.76,8.71,8.73,0,0.00%,0
"2024-09-27 11:03",8.73,8.73,8.69,8.69,-0.04,-0.46%,0
"2024-09-27 11:04",8.71,8.73,8.7,8.73,0.04,+0.46%,0
"2024-09-27 11:05",8.74,8.76,8.71,8.76,0.03,+0.34%,0
"2024-09-27 11:06",8.74,8.8,8.74,8.78,0.02,+0.23%,0
"2024-09-27 11:07",8.8,8.84,8.8,8.82,0.04,+0.46%,0
"2024-09-27 11:08",8.83,8.86,8.83,8.85,0.03,+0.34%,0
"2024-09-27 11:09",8.83,8.87,8.83,8.87,0.02,+0.23%,0
"2024-09-27 11:10",8.87,8.89,8.87,8.89,0.02,+0.23%,0
"2024-09-27 11:11",8.83,8.86,8.79,8.86,-0.03,-0.34%,0
"2024-09-27 11:12",8.82,8.83,8.78,8.78,-0.08,-0.90%,0
"2024-09-27 11:13",8.82,8.86,8.82,8.86,0.08,+0.91%,0
"2024-09-27 11:14",8.85,8.88,8.85,8.85,-0.01,-0.11%,0
"2024-09-27 11:15",8.87,8.91,8.87,8.91,0.06,+0.68%,0
"2024-09-27 11:16",8.93,8.95,8.93,8.94,0.03,+0.34%,0
"2024-09-27 11:17",8.91,8.97,8.91,8.93,-0.01,-0.11%,0
"2024-09-27 11:18",8.91,8.97,8.91,8.97,0.04,+0.45%,0
"2024-09-27 11:19",8.95,9.02,8.95,9.02,0.05,+0.56%,0
"2024-09-27 11:20",8.97,8.97,8.92,8.92,-0.1,-1.11%,0
"2024-09-27 11:21",8.91,8.91,8.88,8.88,-0.04,-0.45%,0
"2024-09-27 11:22",8.9,8.95,8.9,8.95,0.07,+0.79%,0
"2024-09-27 11:23",8.93,8.97,8.93,8.97,0.02,+0.22%,0
"2024-09-27 11:24",8.97,9.02,8.97,9.02,0.05,+0.56%,0
"2024-09-27 11:25",9.01,9.03,9.01,9.01,-0.01,-0.11%,0
"2024-09-27 11:26",8.99,9.04,8.99,9.04,0.03,+0.33%,0
"2024-09-27 11:27",9,9.02,9,9,-0.04,-0.44%,0
"2024-09-27 11:28",8.99,9.01,8.99,8.99,-0.01,-0.11%,0
"2024-09-27 11:29",8.92,8.96,8.9,8.9,-0.09,-1.00%,0
"2024-09-27 11:30",8.91,9.02,8.91,9.02,0.12,+1.35%,0
"2024-09-27 11:31",9.06,9.08,9.06,9.08,0.06,+0.67%,0
"2024-09-27 11:32",9.08,9.1,9.08,9.1,0.02,+0.22%,0
"2024-09-27 11:33",9.09,9.1,9.08,9.08,-0.02,-0.22%,0
"2024-09-27 11:34",9.11,9.16,9.11,9.16,0.08,+0.88%,0
"2024-09-27 11:35",9.15,9.2,9.15,9.16,0,0.00%,0
"2024-09-27 11:36",9.11,9.11,9.06,9.11,-0.05,-0.55%,0
"2024-09-27 11:37",9.16,9.19,9.16,9.17,0.06,+0.66%,0
"2024-09-27 11:38",9.18,9.18,9.12,9.12,-0.05,-0.55%,0
"2024-09-27 11:39",9.1,9.11,9.1,9.11,-0.01,-0.11%,0
"2024-09-27 11:40",9.11,9.13,9.11,9.12,0.01,+0.11%,0
"2024-09-27 11:41",9.13,9.13,9.09,9.09,-0.03,-0.33%,0
"2024-09-27 11:42",9.1,9.11,9.06,9.09,0,0.00%,0
"2024-09-27 11:43",9.09,9.09,9.06,9.06,-0.03,-0.33%,0
"2024-09-27 11:44",9.08,9.09,9.08,9.08,0.02,+0.22%,0
"2024-09-27 11:45",9.07,9.11,9.07,9.11,0.03,+0.33%,0
"2024-09-27 11:46",9.13,9.13,9.11,9.11,0,0.00%,0
"2024-09-27 11:47",9.11,9.15,9.11,9.13,0.02,+0.22%,0
"2024-09-27 11:48",9.14,9.16,9.14,9.14,0.01,+0.11%,0
"2024-09-27 11:49",9.16,9.22,9.16,9.19,0.05,+0.55%,0
"2024-09-27 11:50",9.23,9.38,9.23,9.31,0.12,+1.31%,0
"2024-09-27 11:51",9.32,9.35,9.32,9.35,0.04,+0.43%,0
"2024-09-27 11:52",9.38,9.46,9.38,9.45,0.1,+1.07%,0
"2024-09-27 11:53",9.45,9.5,9.45,9.5,0.05,+0.53%,0
"2024-09-27 11:54",9.44,9.47,9.38,9.39,-0.11,-1.16%,0
"2024-09-27 11:55",9.4,9.47,9.4,9.47,0.08,+0.85%,0
"2024-09-27 11:56",9.52,9.58,9.52,9.55,0.08,+0.84%,0
"2024-09-27 11:57",9.54,9.61,9.54,9.6,0.05,+0.52%,0
"2024-09-27 11:58",9.59,9.59,9.56,9.59,-0.01,-0.10%,0
"2024-09-27 11:59",9.6,9.67,9.6,9.67,0.08,+0.83%,0
"2024-09-27 12:00",9.67,9.71,9.67,9.71,0.04,+0.41%,0
"2024-09-27 12:01",9.7,9.75,9.7,9.71,0,0.00%,0
"2024-09-27 12:02",9.72,9.72,9.67,9.7,-0.01,-0.10%,0
"2024-09-27 12:03",9.71,9.79,9.71,9.79,0.09,+0.93%,0
"2024-09-27 12:04",9.81,9.81,9.74,9.77,-0.02,-0.20%,0
"2024-09-27 12:05",9.78,9.8,9.78,9.79,0.02,+0.20%,0
"2024-09-27 12:06",9.79,9.82,9.79,9.8,0.01,+0.10%,0
"2024-09-27 12:07",9.74,9.75,9.69,9.69,-0.11,-1.12%,0
"2024-09-27 12:08",9.75,9.97,9.75,9.97,0.28,+2.89%,0
"2024-09-27 12:09",10.06,10.09,10.06,10.09,0.12,+1.20%,0
"2024-09-27 12:10",10.09,10.17,10.09,10.16,0.07,+0.69%,0
"2024-09-27 12:11",10.16,10.16,10.15,10.15,-0.01,-0.10%,0
"2024-09-27 12:12",10.17,10.17,10.16,10.17,0.02,+0.20%,0
"2024-09-27 12:13",10.19,10.44,10.19,10.44,0.27,+2.65%,0
"2024-09-27 12:14",10.42,10.42,10.39,10.41,-0.03,-0.29%,0
"2024-09-27 12:15",10.42,10.48,10.31,10.31,-0.1,-0.96%,0
"2024-09-27 12:16",10.28,10.29,10.28,10.28,-0.03,-0.29%,0
"2024-09-27 12:17",10.24,10.29,10.21,10.21,-0.07,-0.68%,0
"2024-09-27 12:18",10.26,10.37,10.26,10.37,0.16,+1.57%,0
"2024-09-27 12:19",10.35,10.43,10.35,10.43,0.06,+0.58%,0
"2024-09-27 12:20",10.5,10.51,10.48,10.51,0.08,+0.77%,0
"2024-09-27 12:21",10.49,10.56,10.49,10.56,0.05,+0.48%,0
"2024-09-27 12:22",10.59,10.69,10.59,10.65,0.09,+0.85%,0
"2024-09-27 12:23",10.63,10.63,10.62,10.62,-0.03,-0.28%,0
"2024-09-27 12:24",10.64,10.66,10.64,10.64,0.02,+0.19%,0
"2024-09-27 12:25",10.65,10.69,10.63,10.69,0.05,+0.47%,0
"2024-09-27 12:26",10.72,10.75,10.72,10.75,0.06,+0.56%,0
"2024-09-27 12:27",10.74,10.74,10.68,10.68,-0.07,-0.65%,0
"2024-09-27 12:28",10.66,10.66,10.61,10.64,-0.04,-0.37%,0
"2024-09-27 12:29",10.64,10.72,10.64,10.72,0.08,+0.75%,0
"2024-09-27 12:30",10.72,10.72,10.7,10.72,0,0.00%,0
"2024-09-27 12:31",10.74,10.74,10.6,10.6,-0.12,-1.12%,0
"2024-09-27 12:32",10.62,10.71,10.62,10.71,0.11,+1.04%,0
"2024-09-27 12:33",10.75,10.75,10.72,10.73,0.02,+0.19%,0
"2024-09-27 12:34",10.69,10.75,10.69,10.73,0,0.00%,0
"2024-09-27 12:35",10.74,10.74,10.67,10.68,-0.05,-0.47%,0
"2024-09-27 12:36",10.63,10.67,10.63,10.67,-0.01,-0.09%,0
"2024-09-27 12:37",10.64,10.66,10.64,10.65,-0.02,-0.19%,0
"2024-09-27 12:38",10.56,10.65,10.56,10.65,0,0.00%,0
"2024-09-27 12:39",10.68,10.69,10.66,10.66,0.01,+0.09%,0
"2024-09-27 12:40",10.65,10.65,10.6,10.6,-0.06,-0.56%,0
"2024-09-27 12:41",10.61,10.65,10.61,10.65,0.05,+0.47%,0
"2024-09-27 12:42",10.66,10.66,10.62,10.65,0,0.00%,0
"2024-09-27 12:43",10.68,10.68,10.66,10.66,0.01,+0.09%,0
"2024-09-27 12:44",10.69,10.7,10.66,10.66,0,0.00%,0
"2024-09-27 12:45",10.68,10.7,10.68,10.69,0.03,+0.28%,0
"2024-09-27 12:46",10.7,10.7,10.66,10.66,-0.03,-0.28%,0
"2024-09-27 12:47",10.67,10.73,10.67,10.71,0.05,+0.47%,0
"2024-09-27 12:48",10.74,10.76,10.74,10.75,0.04,+0.37%,0
"2024-09-27 12:49",10.75,10.79,10.75,10.79,0.04,+0.37%,0
"2024-09-27 12:50",10.8,10.8,10.76,10.76,-0.03,-0.28%,0
"2024-09-27 12:51",10.77,10.85,10.77,10.85,0.09,+0.84%,0
"2024-09-27 12:52",10.86,10.86,10.79,10.81,-0.04,-0.37%,0
"2024-09-27 12:53",10.86,10.87,10.81,10.81,0,0.00%,0
"2024-09-27 12:54",10.82,10.86,10.82,10.84,0.03,+0.28%,0
"2024-09-27 12:55",10.86,10.86,10.78,10.78,-0.06,-0.55%,0
"2024-09-27 12:56",10.77,10.8,10.77,10.8,0.02,+0.19%,0
"2024-09-27 12:57",10.77,10.83,10.77,10.83,0.03,+0.28%,0
"2024-09-27 12:58",10.82,10.84,10.82,10.82,-0.01,-0.09%,0
"2024-09-27 12:59",10.8,10.82,10.8,10.81,-0.01,-0.09%,0
"2024-09-27 13:00",10.81,10.81,10.7,10.7,-0.11,-1.02%,0
"2024-09-27 13:01",10.65,10.68,10.65,10.68,-0.02,-0.19%,0
"2024-09-27 13:02",10.63,10.67,10.63,10.64,-0.04,-0.37%,0
"2024-09-27 13:03",10.62,10.66,10.62,10.66,0.02,+0.19%,0
"2024-09-27 13:04",10.62,10.63,10.6,10.63,-0.03,-0.28%,0
"2024-09-27 13:05",10.65,10.7,10.65,10.7,0.07,+0.66%,0
"2024-09-27 13:06",10.77,10.91,10.77,10.89,0.19,+1.78%,0
"2024-09-27 13:07",10.91,10.99,10.91,10.93,0.04,+0.37%,0
"2024-09-27 13:08",10.95,11.13,10.95,11.13,0.2,+1.83%,0
"2024-09-27 13:09",11.18,11.37,11.18,11.37,0.24,+2.16%,0
"2024-09-27 13:10",11.34,11.35,11.32,11.32,-0.05,-0.44%,0
"2024-09-27 13:11",11.35,11.39,11.35,11.39,0.07,+0.62%,0
"2024-09-27 13:12",11.43,11.43,11.35,11.36,-0.03,-0.26%,0
"2024-09-27 13:13",11.28,11.28,11.24,11.26,-0.1,-0.88%,0
"2024-09-27 13:14",11.26,11.3,11.26,11.3,0.04,+0.36%,0
"2024-09-27 13:15",11.33,11.33,11.32,11.33,0.03,+0.27%,0
"2024-09-27 13:16",11.32,11.32,11.3,11.3,-0.03,-0.26%,0
"2024-09-27 13:17",11.32,11.36,11.32,11.35,0.05,+0.44%,0
"2024-09-27 13:18",11.34,11.38,11.34,11.38,0.03,+0.26%,0
"2024-09-27 13:19",11.39,11.42,11.39,11.42,0.04,+0.35%,0
"2024-09-27 13:20",11.44,11.48,11.39,11.39,-0.03,-0.26%,0
"2024-09-27 13:21",11.42,11.49,11.42,11.49,0.1,+0.88%,0
"2024-09-27 13:22",11.5,11.53,11.5,11.52,0.03,+0.26%,0
"2024-09-27 13:23",11.49,11.49,11.45,11.46,-0.06,-0.52%,0
"2024-09-27 13:24",11.46,11.46,11.4,11.41,-0.05,-0.44%,0
"2024-09-27 13:25",11.42,11.5,11.42,11.5,0.09,+0.79%,0
"2024-09-27 13:26",11.51,11.56,11.51,11.56,0.06,+0.52%,0
"2024-09-27 13:27",11.54,11.55,11.54,11.54,-0.02,-0.17%,0
"2024-09-27 13:28",11.54,11.57,11.52,11.53,-0.01,-0.09%,0
"2024-09-27 13:29",11.54,11.61,11.54,11.59,0.06,+0.52%,0
"2024-09-27 13:30",11.59,11.63,11.54,11.54,-0.05,-0.43%,0
"2024-09-27 13:31",11.53,11.59,11.53,11.59,0.05,+0.43%,0
"2024-09-27 13:32",11.61,11.64,11.61,11.64,0.05,+0.43%,0
"2024-09-27 13:33",11.64,11.68,11.64,11.68,0.04,+0.34%,0
"2024-09-27 13:34",11.68,11.68,11.56,11.56,-0.12,-1.03%,0
"2024-09-27 13:35",11.6,11.62,11.59,11.62,0.06,+0.52%,0
"2024-09-27 13:36",11.69,11.75,11.69,11.75,0.13,+1.12%,0
"2024-09-27 13:37",11.73,11.79,11.73,11.76,0.01,+0.09%,0
"2024-09-27 13:38",11.74,11.78,11.74,11.77,0.01,+0.09%,0
"2024-09-27 13:39",11.78,11.83,11.78,11.83,0.06,+0.51%,0
"2024-09-27 13:40",11.82,11.85,11.78,11.81,-0.02,-0.17%,0
"2024-09-27 13:41",11.83,11.83,11.8,11.8,-0.01,-0.08%,0
"2024-09-27 13:42",11.78,11.78,11.77,11.77,-0.03,-0.25%,0
"2024-09-27 13:43",11.75,11.75,11.7,11.7,-0.07,-0.59%,0
"2024-09-27 13:44",11.71,11.74,11.7,11.7,0,0.00%,0
"2024-09-27 13:45",11.68,11.68,11.64,11.64,-0.06,-0.51%,0
"2024-09-27 13:46",11.68,11.72,11.64,11.64,0,0.00%,0
"2024-09-27 13:47",11.61,11.63,11.55,11.55,-0.09,-0.77%,0
"2024-09-27 13:48",11.52,11.55,11.52,11.52,-0.03,-0.26%,0
"2024-09-27 13:49",11.56,11.56,11.56,11.56,0.04,+0.35%,0
"2024-09-27 13:50",11.57,11.57,11.42,11.49,-0.07,-0.61%,0
"2024-09-27 13:51",11.49,11.56,11.49,11.56,0.07,+0.61%,0
"2024-09-27 13:52",11.51,11.51,11.49,11.49,-0.07,-0.61%,0
"2024-09-27 13:53",11.46,11.52,11.46,11.52,0.03,+0.26%,0
"2024-09-27 13:54",11.51,11.51,11.47,11.47,-0.05,-0.43%,0
"2024-09-27 13:55",11.48,11.49,11.48,11.49,0.02,+0.17%,0
"2024-09-27 13:56",11.51,11.51,11.49,11.5,0.01,+0.09%,0
"2024-09-27 13:57",11.48,11.49,11.47,11.49,-0.01,-0.09%,0
"2024-09-27 13:58",11.5,11.54,11.5,11.53,0.04,+0.35%,0
"2024-09-27 13:59",11.5,11.5,11.37,11.37,-0.16,-1.39%,0
"2024-09-27 14:00",11.38,11.38,11.35,11.35,-0.02,-0.18%,0
"2024-09-27 14:01",11.32,11.35,11.29,11.34,-0.01,-0.09%,0
"2024-09-27 14:02",11.35,11.38,11.35,11.38,0.04,+0.35%,0
"2024-09-27 14:03",11.44,11.51,11.44,11.51,0.13,+1.14%,0
"2024-09-27 14:04",11.53,11.56,11.53,11.56,0.05,+0.43%,0
"2024-09-27 14:05",11.57,11.58,11.55,11.56,0,0.00%,0
"2024-09-27 14:06",11.57,11.63,11.57,11.63,0.07,+0.61%,0
"2024-09-27 14:07",11.63,11.66,11.63,11.66,0.03,+0.26%,0
"2024-09-27 14:08",11.68,11.79,11.68,11.71,0.05,+0.43%,0
"2024-09-27 14:09",11.7,11.72,11.69,11.69,-0.02,-0.17%,0
"2024-09-27 14:10",11.72,11.74,11.7,11.7,0.01,+0.09%,0
"2024-09-27 14:11",11.71,11.74,11.71,11.72,0.02,+0.17%,0
"2024-09-27 14:12",11.7,11.73,11.7,11.73,0.01,+0.09%,0
"2024-09-27 14:13",11.7,11.76,11.7,11.76,0.03,+0.26%,0
"2024-09-27 14:14",11.75,11.75,11.66,11.7,-0.06,-0.51%,0
"2024-09-27 14:15",11.69,11.69,11.62,11.62,-0.08,-0.68%,0
"2024-09-27 14:16",11.55,11.55,11.48,11.52,-0.1,-0.86%,0
"2024-09-27 14:17",11.56,11.62,11.56,11.58,0.06,+0.52%,0
"2024-09-27 14:18",11.6,11.69,11.6,11.69,0.11,+0.95%,0
"2024-09-27 14:19",11.7,11.76,11.7,11.75,0.06,+0.51%,0
"2024-09-27 14:20",11.75,11.75,11.7,11.7,-0.05,-0.43%,0
"2024-09-27 14:21",11.71,11.76,11.71,11.76,0.06,+0.51%,0
"2024-09-27 14:22",11.77,11.8,11.77,11.78,0.02,+0.17%,0
"2024-09-27 14:23",11.76,11.85,11.76,11.85,0.07,+0.59%,0
"2024-09-27 14:24",11.85,11.89,11.85,11.89,0.04,+0.34%,0
"2024-09-27 14:25",11.88,11.88,11.86,11.87,-0.02,-0.17%,0
"2024-09-27 14:26",11.86,12.35,11.86,12.35,0.48,+4.04%,0
"2024-09-27 14:27",12.35,12.5,12.35,12.38,0.03,+0.24%,0
"2024-09-27 14:28",12.35,12.55,12.35,12.55,0.17,+1.37%,0
"2024-09-27 14:29",12.56,12.78,12.56,12.78,0.23,+1.83%,0
"2024-09-27 14:30",12.84,12.96,12.81,12.96,0.18,+1.41%,0
"2024-09-27 14:31",12.98,13.5,12.98,13.39,0.43,+3.32%,0
"2024-09-27 14:32",13.24,13.24,13.09,13.09,-0.3,-2.24%,0
"2024-09-27 14:33",12.92,13.12,12.92,13.12,0.03,+0.23%,0
"2024-09-27 14:34",13.18,13.34,13.18,13.3,0.18,+1.37%,0
"2024-09-27 14:35",13.29,13.54,13.29,13.54,0.24,+1.80%,0
"2024-09-27 14:36",13.59,13.64,13.57,13.63,0.09,+0.66%,0
"2024-09-27 14:37",13.69,13.88,13.65,13.65,0.02,+0.15%,0
"2024-09-27 14:38",13.52,13.64,13.52,13.64,-0.01,-0.07%,0
"2024-09-27 14:39",13.65,13.7,13.65,13.68,0.04,+0.29%,0
"2024-09-27 14:40",13.71,13.75,13.71,13.73,0.05,+0.37%,0
"2024-09-27 14:41",13.75,13.75,13.59,13.59,-0.14,-1.02%,0
"2024-09-27 14:42",13.58,13.6,13.3,13.3,-0.29,-2.13%,0
"2024-09-27 14:43",13.33,13.33,13.23,13.25,-0.05,-0.38%,0
"2024-09-27 14:44",13.2,13.2,13.15,13.15,-0.1,-0.75%,0
"2024-09-27 14:45",13.1,13.1,12.64,12.64,-0.51,-3.88%,0
"2024-09-27 14:46",12.72,12.73,12.55,12.55,-0.09,-0.71%,0
"2024-09-27 14:47",12.59,12.59,12.56,12.59,0.04,+0.32%,0
"2024-09-27 14:48",12.61,12.61,12.54,12.54,-0.05,-0.40%,0
"2024-09-27 14:49",12.55,12.55,12.47,12.47,-0.07,-0.56%,0
"2024-09-27 14:50",12.48,12.48,12.44,12.44,-0.03,-0.24%,0
"2024-09-27 14:51",12.44,12.5,12.44,12.44,0,0.00%,0
"2024-09-27 14:52",12.43,12.52,12.43,12.49,0.05,+0.40%,0
"2024-09-27 14:53",12.54,12.69,12.54,12.6,0.11,+0.88%,0
"2024-09-27 14:54",12.6,12.6,12.49,12.49,-0.11,-0.87%,0
"2024-09-27 14:55",12.52,12.52,12.42,12.43,-0.06,-0.48%,0
"2024-09-27 14:56",12.44,12.46,12.29,12.29,-0.14,-1.13%,0
"2024-09-27 14:57",12.23,12.24,12.18,12.23,-0.06,-0.49%,0
"2024-09-27 14:58",12.25,12.28,12.25,12.25,0.02,+0.16%,0
"2024-09-27 14:59",12.24,12.24,12.15,12.15,-0.1,-0.82%,0
"2024-09-27 15:00",12.15,12.18,12.14,12.14,-0.01,-0.08%,0
"2024-09-27 15:01",12.13,12.18,12.13,12.18,0.04,+0.33%,0
"2024-09-27 15:02",12.19,12.26,12.18,12.26,0.08,+0.66%,0
"2024-09-27 15:03",12.2,12.29,12.2,12.29,0.03,+0.24%,0
"2024-09-27 15:04",12.32,12.32,12.12,12.13,-0.16,-1.30%,0
"2024-09-27 15:05",12.12,12.16,12.09,12.09,-0.04,-0.33%,0
"2024-09-27 15:06",12.11,12.18,12.11,12.18,0.09,+0.74%,0
"2024-09-27 15:07",12.23,12.25,12.21,12.21,0.03,+0.25%,0
"2024-09-27 15:08",12.24,12.28,12.24,12.27,0.06,+0.49%,0
"2024-09-27 15:09",12.29,12.34,12.29,12.34,0.07,+0.57%,0
"2024-09-27 15:10",12.28,12.33,12.27,12.33,-0.01,-0.08%,0
"2024-09-27 15:11",12.32,12.34,12.3,12.31,-0.02,-0.16%,0
"2024-09-27 15:12",12.28,12.36,12.28,12.32,0.01,+0.08%,0
"2024-09-27 15:13",12.29,12.3,12.25,12.25,-0.07,-0.57%,0
"2024-09-27 15:14",12.14,12.21,12.13,12.21,-0.04,-0.33%,0
"2024-09-27 15:15",12.18,12.18,12.05,12.05,-0.16,-1.31%,0
"2024-09-27 15:16",12.01,12.01,11.88,11.89,-0.16,-1.33%,0
"2024-09-27 15:17",11.88,11.89,11.88,11.89,0,0.00%,0
"2024-09-27 15:18",11.9,11.9,11.87,11.88,-0.01,-0.08%,0
"2024-09-27 15:19",11.89,11.96,11.89,11.96,0.08,+0.67%,0
"2024-09-27 15:20",11.96,11.96,11.95,11.96,0,0.00%,0
"2024-09-27 15:21",11.98,11.98,11.95,11.97,0.01,+0.08%,0
"2024-09-27 15:22",11.95,12.02,11.95,12,0.03,+0.25%,0
"2024-09-27 15:23",12.04,12.22,12.03,12.22,0.22,+1.83%,0
"2024-09-27 15:24",12.27,12.39,12.27,12.39,0.17,+1.39%,0
"2024-09-27 15:25",12.33,12.49,12.33,12.49,0.1,+0.81%,0
"2024-09-27 15:26",12.43,12.56,12.43,12.56,0.07,+0.56%,0
"2024-09-27 15:27",12.51,12.52,12.41,12.42,-0.14,-1.11%,0
"2024-09-27 15:28",12.43,12.47,12.41,12.47,0.05,+0.40%,0
"2024-09-27 15:29",12.46,12.46,12.4,12.43,-0.04,-0.32%,0
"2024-09-27 15:30",12.46,12.49,12.42,12.42,-0.01,-0.08%,0
"2024-09-27 15:31",12.42,12.42,12.36,12.36,-0.06,-0.48%,0
"2024-09-27 15:32",12.33,12.37,12.33,12.36,0,0.00%,0
"2024-09-27 15:33",12.37,12.38,12.36,12.36,0,0.00%,0
"2024-09-27 15:34",12.37,12.42,12.37,12.39,0.03,+0.24%,0
"2024-09-27 15:35",12.41,12.49,12.41,12.49,0.1,+0.81%,0
"2024-09-27 15:36",12.55,12.56,12.51,12.56,0.07,+0.56%,0
"2024-09-27 15:37",12.47,12.51,12.44,12.44,-0.12,-0.96%,0
"2024-09-27 15:38",12.4,12.4,12.35,12.35,-0.09,-0.72%,0
"2024-09-27 15:39",12.33,12.4,12.33,12.4,0.05,+0.40%,0
"2024-09-27 15:40",12.44,12.53,12.44,12.52,0.12,+0.97%,0
"2024-09-27 15:41",12.56,12.74,12.56,12.66,0.14,+1.12%,0
"2024-09-27 15:42",12.67,12.74,12.67,12.71,0.05,+0.39%,0
"2024-09-27 15:43",12.91,12.92,12.87,12.87,0.16,+1.26%,0
"2024-09-27 15:44",12.93,12.98,12.93,12.97,0.1,+0.78%,0
"2024-09-27 15:45",12.96,12.96,12.88,12.96,-0.01,-0.08%,0
"2024-09-27 15:46",13.03,13.11,13.03,13.04,0.08,+0.62%,0
"2024-09-27 15:47",13.12,13.12,13.08,13.09,0.05,+0.38%,0
"2024-09-27 15:48",13.09,13.11,13.09,13.09,0,0.00%,0
"2024-09-27 15:49",13.09,13.09,13.05,13.07,-0.02,-0.15%,0
"2024-09-27 15:50",13.14,13.14,12.93,12.93,-0.14,-1.07%,0
"2024-09-27 15:51",12.86,12.86,12.72,12.72,-0.21,-1.62%,0
"2024-09-27 15:52",12.65,12.81,12.65,12.81,0.09,+0.71%,0
"2024-09-27 15:53",12.8,12.9,12.8,12.9,0.09,+0.70%,0
"2024-09-27 15:54",12.89,12.92,12.86,12.86,-0.04,-0.31%,0
"2024-09-27 15:55",12.83,12.83,12.68,12.72,-0.14,-1.09%,0
"2024-09-27 15:56",12.69,12.69,12.67,12.67,-0.05,-0.39%,0
"2024-09-27 15:57",12.67,12.76,12.67,12.71,0.04,+0.32%,0
"2024-09-27 15:58",12.64,12.66,12.64,12.66,-0.05,-0.39%,0
"2024-09-27 15:59",12.78,13.1,12.78,13.1,0.44,+3.48%,0
"2024-09-27 16:00",12.88,12.97,12.88,12.96,-0.14,-1.07%,0
"2024-09-27 16:01",13.06,13.14,13.06,13.14,0.18,+1.39%,0
"2024-09-27 16:02",13.04,13.18,13.04,13.18,0.04,+0.30%,0
"2024-09-27 16:03",13.14,13.14,13.1,13.11,-0.07,-0.53%,0
"2024-09-27 16:04",13.13,13.15,13.11,13.11,0,0.00%,0
"2024-09-27 16:05",13.03,13.04,13.02,13.04,-0.07,-0.53%,0
"2024-09-27 16:06",13.03,13.09,13.03,13.09,0.05,+0.38%,0
"2024-09-27 16:07",13.06,13.15,13.06,13.11,0.02,+0.15%,0
"2024-09-27 16:08",13.11,13.15,13.11,13.12,0.01,+0.08%,0
"2024-09-27 16:09",13.11,13.15,13.11,13.12,0,0.00%,0
"2024-09-27 16:10",13.13,13.16,13.12,13.16,0.04,+0.30%,0
"2024-09-27 16:11",13.17,13.26,13.17,13.23,0.07,+0.53%,0
"2024-09-27 16:12",13.23,13.24,13.2,13.2,-0.03,-0.23%,0
"2024-09-27 16:13",13.24,13.27,13.24,13.25,0.05,+0.38%,0
"2024-09-27 16:14",13.26,13.26,13.23,13.24,-0.01,-0.08%,0
"2024-09-27 16:15",13.22,13.22,13.22,13.22,-0.02,-0.15%,0
"2024-09-30 09:31",10.58,10.58,10.24,10.24,-2.98,-22.54%,0
"2024-09-30 09:32",10.14,10.2,10.11,10.11,-0.13,-1.27%,0
"2024-09-30 09:33",10.11,10.11,9.98,9.98,-0.13,-1.29%,0
"2024-09-30 09:34",10.03,10.13,10.02,10.03,0.05,+0.50%,0
"2024-09-30 09:35",10.03,10.03,9.95,9.95,-0.08,-0.80%,0
"2024-09-30 09:36",9.98,9.98,9.87,9.87,-0.08,-0.80%,0
"2024-09-30 09:37",9.81,9.81,9.78,9.81,-0.06,-0.61%,0
"2024-09-30 09:38",9.8,9.99,9.8,9.99,0.18,+1.83%,0
"2024-09-30 09:39",10.01,10.01,9.97,9.97,-0.02,-0.20%,0
"2024-09-30 09:40",9.96,9.96,9.9,9.9,-0.07,-0.70%,0
"2024-09-30 09:41",9.9,10,9.9,10,0.1,+1.01%,0
"2024-09-30 09:42",9.91,9.92,9.81,9.86,-0.14,-1.40%,0
"2024-09-30 09:43",9.97,9.99,9.97,9.97,0.11,+1.12%,0
"2024-09-30 09:44",9.95,9.95,9.87,9.87,-0.1,-1.00%,0
"2024-09-30 09:45",9.81,9.81,9.69,9.79,-0.08,-0.81%,0
"2024-09-30 09:46",9.85,9.85,9.78,9.83,0.04,+0.41%,0
"2024-09-30 09:47",9.73,9.73,9.69,9.7,-0.13,-1.32%,0
"2024-09-30 09:48",9.74,9.75,9.68,9.68,-0.02,-0.21%,0
"2024-09-30 09:49",9.71,9.71,9.61,9.62,-0.06,-0.62%,0
"2024-09-30 09:50",9.66,9.66,9.63,9.64,0.02,+0.21%,0
"2024-09-30 09:51",9.79,9.88,9.79,9.82,0.18,+1.87%,0
"2024-09-30 09:52",9.83,9.83,9.69,9.69,-0.13,-1.32%,0
"2024-09-30 09:53",9.72,9.85,9.72,9.8,0.11,+1.14%,0
"2024-09-30 09:54",9.73,9.96,9.73,9.96,0.16,+1.63%,0
"2024-09-30 09:55",9.96,9.99,9.95,9.99,0.03,+0.30%,0
"2024-09-30 09:56",9.97,10.04,9.89,10.04,0.05,+0.50%,0
"2024-09-30 09:57",10.03,10.04,10.03,10.03,-0.01,-0.10%,0
"2024-09-30 09:58",10.04,10.1,9.92,9.92,-0.11,-1.10%,0
"2024-09-30 09:59",10.01,10.06,9.98,10.06,0.14,+1.41%,0
"2024-09-30 10:00",10.13,10.22,10.13,10.19,0.13,+1.29%,0
"2024-09-30 10:01",9.97,9.97,9.91,9.91,-0.28,-2.75%,0
"2024-09-30 10:02",9.88,9.88,9.84,9.84,-0.07,-0.71%,0
"2024-09-30 10:03",9.78,9.86,9.78,9.86,0.02,+0.20%,0
"2024-09-30 10:04",9.85,9.91,9.85,9.91,0.05,+0.51%,0
"2024-09-30 10:05",9.97,9.97,9.78,9.78,-0.13,-1.31%,0
"2024-09-30 10:06",9.74,9.91,9.74,9.81,0.03,+0.31%,0
"2024-09-30 10:07",9.78,9.87,9.78,9.84,0.03,+0.31%,0
"2024-09-30 10:08",9.87,9.88,9.86,9.86,0.02,+0.20%,0
"2024-09-30 10:09",9.89,9.98,9.84,9.84,-0.02,-0.20%,0
"2024-09-30 10:10",9.8,9.91,9.8,9.85,0.01,+0.10%,0
"2024-09-30 10:11",9.84,9.84,9.8,9.83,-0.02,-0.20%,0
"2024-09-30 10:12",9.84,9.91,9.84,9.91,0.08,+0.81%,0
"2024-09-30 10:13",9.95,9.96,9.94,9.94,0.03,+0.30%,0
"2024-09-30 10:14",9.96,9.97,9.94,9.94,0,0.00%,0
"2024-09-30 10:15",10.01,10.1,9.92,10.1,0.16,+1.61%,0
"2024-09-30 10:16",10.09,10.13,10.01,10.09,-0.01,-0.10%,0
"2024-09-30 10:17",10.04,10.12,10.04,10.1,0.01,+0.10%,0
"2024-09-30 10:18",10.12,10.13,10.05,10.13,0.03,+0.30%,0
"2024-09-30 10:19",10.08,10.14,10.08,10.14,0.01,+0.10%,0
"2024-09-30 10:20",10.17,10.17,9.99,10.02,-0.12,-1.18%,0
"2024-09-30 10:21",10.13,10.13,10.09,10.09,0.07,+0.70%,0
"2024-09-30 10:22",10.09,10.17,10.09,10.16,0.07,+0.69%,0
"2024-09-30 10:23",10.17,10.17,10.16,10.17,0.01,+0.10%,0
"2024-09-30 10:24",10.2,10.29,10.2,10.29,0.12,+1.18%,0
"2024-09-30 10:25",10.3,10.34,10.3,10.34,0.05,+0.49%,0
"2024-09-30 10:26",10.41,10.41,10.19,10.19,-0.15,-1.45%,0
"2024-09-30 10:27",10.16,10.24,10.16,10.17,-0.02,-0.20%,0
"2024-09-30 10:28",10.13,10.29,10.13,10.26,0.09,+0.88%,0
"2024-09-30 10:29",10.18,10.19,10.1,10.1,-0.16,-1.56%,0
"2024-09-30 10:30",10.03,10.03,9.97,10.01,-0.09,-0.89%,0
"2024-09-30 10:31",9.99,10,9.94,9.97,-0.04,-0.40%,0
"2024-09-30 10:32",9.89,9.96,9.86,9.86,-0.11,-1.10%,0
"2024-09-30 10:33",9.79,9.84,9.79,9.8,-0.06,-0.61%,0
"2024-09-30 10:34",9.67,9.69,9.64,9.69,-0.11,-1.12%,0
"2024-09-30 10:35",9.66,9.66,9.62,9.66,-0.03,-0.31%,0
"2024-09-30 10:36",9.59,9.62,9.55,9.62,-0.04,-0.41%,0
"2024-09-30 10:37",9.61,9.73,9.61,9.73,0.11,+1.14%,0
"2024-09-30 10:38",9.79,9.96,9.72,9.72,-0.01,-0.10%,0
"2024-09-30 10:39",9.72,9.75,9.68,9.68,-0.04,-0.41%,0
"2024-09-30 10:40",9.64,9.65,9.62,9.62,-0.06,-0.62%,0
"2024-09-30 10:41",9.63,9.66,9.63,9.65,0.03,+0.31%,0
"2024-09-30 10:42",9.69,9.74,9.69,9.74,0.09,+0.93%,0
"2024-09-30 10:43",9.74,9.76,9.72,9.72,-0.02,-0.21%,0
"2024-09-30 10:44",9.73,9.73,9.7,9.73,0.01,+0.10%,0
"2024-09-30 10:45",9.69,9.69,9.58,9.58,-0.15,-1.54%,0
"2024-09-30 10:46",9.57,9.65,9.57,9.64,0.06,+0.63%,0
"2024-09-30 10:47",9.66,9.66,9.64,9.64,0,0.00%,0
"2024-09-30 10:48",9.72,9.72,9.67,9.67,0.03,+0.31%,0
"2024-09-30 10:49",9.54,9.6,9.53,9.6,-0.07,-0.72%,0
"2024-09-30 10:50",9.62,9.69,9.61,9.61,0.01,+0.10%,0
"2024-09-30 10:51",9.63,9.71,9.63,9.71,0.1,+1.04%,0
"2024-09-30 10:52",9.7,9.76,9.69,9.71,0,0.00%,0
"2024-09-30 10:53",9.74,9.74,9.63,9.63,-0.08,-0.82%,0
"2024-09-30 10:54",9.61,9.68,9.61,9.68,0.05,+0.52%,0
"2024-09-30 10:55",9.69,9.69,9.65,9.65,-0.03,-0.31%,0
"2024-09-30 10:56",9.67,9.74,9.67,9.73,0.08,+0.83%,0
"2024-09-30 10:57",9.72,9.72,9.65,9.66,-0.07,-0.72%,0
"2024-09-30 10:58",9.71,9.8,9.71,9.8,0.14,+1.45%,0
"2024-09-30 10:59",9.78,9.85,9.78,9.79,-0.01,-0.10%,0
"2024-09-30 11:00",9.78,9.78,9.71,9.71,-0.08,-0.82%,0
"2024-09-30 11:01",9.7,9.78,9.7,9.78,0.07,+0.72%,0
"2024-09-30 11:02",9.76,9.76,9.74,9.75,-0.03,-0.31%,0
"2024-09-30 11:03",9.76,9.76,9.72,9.72,-0.03,-0.31%,0
"2024-09-30 11:04",9.7,9.71,9.56,9.56,-0.16,-1.65%,0
"2024-09-30 11:05",9.58,9.72,9.58,9.72,0.16,+1.67%,0
"2024-09-30 11:06",9.75,9.8,9.7,9.7,-0.02,-0.21%,0
"2024-09-30 11:07",9.73,9.76,9.69,9.76,0.06,+0.62%,0
"2024-09-30 11:08",9.82,9.84,9.82,9.84,0.08,+0.82%,0
"2024-09-30 11:09",9.88,9.97,9.88,9.96,0.12,+1.22%,0
"2024-09-30 11:10",9.94,9.97,9.87,9.87,-0.09,-0.90%,0
"2024-09-30 11:11",9.93,9.93,9.84,9.84,-0.03,-0.30%,0
"2024-09-30 11:12",9.83,9.93,9.83,9.86,0.02,+0.20%,0
"2024-09-30 11:13",9.88,9.88,9.8,9.8,-0.06,-0.61%,0
"2024-09-30 11:14",9.74,9.77,9.74,9.75,-0.05,-0.51%,0
"2024-09-30 11:15",9.77,9.84,9.77,9.84,0.09,+0.92%,0
"2024-09-30 11:16",9.8,9.85,9.8,9.83,-0.01,-0.10%,0
"2024-09-30 11:17",9.81,9.89,9.81,9.82,-0.01,-0.10%,0
"2024-09-30 11:18",9.71,9.89,9.71,9.89,0.07,+0.71%,0
"2024-09-30 11:19",9.95,9.97,9.92,9.92,0.03,+0.30%,0
"2024-09-30 11:20",9.93,9.93,9.86,9.87,-0.05,-0.50%,0
"2024-09-30 11:21",9.88,9.89,9.83,9.83,-0.04,-0.41%,0
"2024-09-30 11:22",9.84,9.92,9.84,9.9,0.07,+0.71%,0
"2024-09-30 11:23",9.86,9.94,9.86,9.94,0.04,+0.40%,0
"2024-09-30 11:24",9.97,9.97,9.91,9.94,0,0.00%,0
"2024-09-30 11:25",9.94,9.95,9.94,9.94,0,0.00%,0
"2024-09-30 11:26",9.95,9.96,9.94,9.94,0,0.00%,0
"2024-09-30 11:27",9.92,9.97,9.91,9.96,0.02,+0.20%,0
"2024-09-30 11:28",10.04,10.09,9.98,9.98,0.02,+0.20%,0
"2024-09-30 11:29",9.93,9.95,9.93,9.94,-0.04,-0.40%,0
"2024-09-30 11:30",9.9,9.93,9.81,9.81,-0.13,-1.31%,0
"2024-09-30 11:31",9.79,9.87,9.79,9.87,0.06,+0.61%,0
"2024-09-30 11:32",9.9,9.96,9.9,9.96,0.09,+0.91%,0
"2024-09-30 11:33",9.94,9.99,9.94,9.97,0.01,+0.10%,0
"2024-09-30 11:34",9.99,10.05,9.99,10.05,0.08,+0.80%,0
"2024-09-30 11:35",10.05,10.08,10.04,10.04,-0.01,-0.10%,0
"2024-09-30 11:36",10.05,10.25,10.05,10.21,0.17,+1.69%,0
"2024-09-30 11:37",10.22,10.26,10.22,10.25,0.04,+0.39%,0
"2024-09-30 11:38",10.29,10.33,10.23,10.25,0,0.00%,0
"2024-09-30 11:39",10.26,10.28,10.24,10.28,0.03,+0.29%,0
"2024-09-30 11:40",10.27,10.36,10.27,10.35,0.07,+0.68%,0
"2024-09-30 11:41",10.32,10.38,10.31,10.37,0.02,+0.19%,0
"2024-09-30 11:42",10.31,10.31,10.19,10.19,-0.18,-1.74%,0
"2024-09-30 11:43",10.17,10.17,9.99,9.99,-0.2,-1.96%,0
"2024-09-30 11:44",10.01,10.04,10.01,10.04,0.05,+0.50%,0
"2024-09-30 11:45",10.05,10.07,10.03,10.03,-0.01,-0.10%,0
"2024-09-30 11:46",10.02,10.07,10,10,-0.03,-0.30%,0
"2024-09-30 11:47",9.92,9.93,9.88,9.93,-0.07,-0.70%,0
"2024-09-30 11:48",9.92,9.99,9.92,9.97,0.04,+0.40%,0
"2024-09-30 11:49",9.93,9.93,9.87,9.87,-0.1,-1.00%,0
"2024-09-30 11:50",9.87,9.89,9.81,9.81,-0.06,-0.61%,0
"2024-09-30 11:51",9.88,9.92,9.88,9.9,0.09,+0.92%,0
"2024-09-30 11:52",9.9,9.92,9.89,9.89,-0.01,-0.10%,0
"2024-09-30 11:53",9.86,9.9,9.86,9.9,0.01,+0.10%,0
"2024-09-30 11:54",9.92,9.95,9.89,9.89,-0.01,-0.10%,0
"2024-09-30 11:55",9.91,9.92,9.88,9.89,0,0.00%,0
"2024-09-30 11:56",9.89,9.92,9.89,9.92,0.03,+0.30%,0
"2024-09-30 11:57",9.86,9.91,9.86,9.87,-0.05,-0.50%,0
"2024-09-30 11:58",9.87,9.91,9.87,9.9,0.03,+0.30%,0
"2024-09-30 11:59",9.89,9.93,9.89,9.91,0.01,+0.10%,0
"2024-09-30 12:00",9.91,9.92,9.87,9.87,-0.04,-0.40%,0
"2024-09-30 12:01",9.85,9.87,9.85,9.86,-0.01,-0.10%,0
"2024-09-30 12:02",9.9,9.92,9.89,9.9,0.04,+0.41%,0
"2024-09-30 12:03",9.85,9.9,9.85,9.9,0,0.00%,0
"2024-09-30 12:04",9.86,9.92,9.86,9.87,-0.03,-0.30%,0
"2024-09-30 12:05",9.87,9.9,9.87,9.9,0.03,+0.30%,0
"2024-09-30 12:06",9.86,9.88,9.84,9.85,-0.05,-0.51%,0
"2024-09-30 12:07",9.84,9.84,9.78,9.78,-0.07,-0.71%,0
"2024-09-30 12:08",9.8,9.8,9.76,9.8,0.02,+0.20%,0
"2024-09-30 12:09",9.79,9.88,9.79,9.88,0.08,+0.82%,0
"2024-09-30 12:10",9.85,9.85,9.75,9.75,-0.13,-1.32%,0
"2024-09-30 12:11",9.79,9.93,9.79,9.93,0.18,+1.85%,0
"2024-09-30 12:12",9.96,9.99,9.95,9.98,0.05,+0.50%,0
"2024-09-30 12:13",9.92,9.93,9.92,9.93,-0.05,-0.50%,0
"2024-09-30 12:14",9.86,9.86,9.84,9.84,-0.09,-0.91%,0
"2024-09-30 12:15",9.83,9.83,9.81,9.81,-0.03,-0.30%,0
"2024-09-30 12:16",9.8,9.85,9.8,9.84,0.03,+0.31%,0
"2024-09-30 12:17",9.83,9.86,9.83,9.85,0.01,+0.10%,0
"2024-09-30 12:18",9.87,9.88,9.86,9.86,0.01,+0.10%,0
"2024-09-30 12:19",9.87,9.94,9.87,9.91,0.05,+0.51%,0
"2024-09-30 12:20",9.91,9.94,9.91,9.94,0.03,+0.30%,0
"2024-09-30 12:21",9.92,9.94,9.92,9.93,-0.01,-0.10%,0
"2024-09-30 12:22",9.92,9.99,9.92,9.98,0.05,+0.50%,0
"2024-09-30 12:23",9.97,10.03,9.97,10.02,0.04,+0.40%,0
"2024-09-30 12:24",10.02,10.05,10.02,10.05,0.03,+0.30%,0
"2024-09-30 12:25",10.05,10.1,10.05,10.06,0.01,+0.10%,0
"2024-09-30 12:26",10.07,10.09,10.07,10.08,0.02,+0.20%,0
"2024-09-30 12:27",10.09,10.09,10.04,10.05,-0.03,-0.30%,0
"2024-09-30 12:28",10.04,10.07,10.04,10.05,0,0.00%,0
"2024-09-30 12:29",10.07,10.12,10.07,10.12,0.07,+0.70%,0
"2024-09-30 12:30",10.14,10.2,10.1,10.1,-0.02,-0.20%,0
"2024-09-30 12:31",10.11,10.15,10.11,10.15,0.05,+0.50%,0
"2024-09-30 12:32",10.22,10.23,10.21,10.23,0.08,+0.79%,0
"2024-09-30 12:33",10.23,10.23,10.18,10.18,-0.05,-0.49%,0
"2024-09-30 12:34",10.18,10.21,10.18,10.21,0.03,+0.29%,0
"2024-09-30 12:35",10.19,10.19,10.07,10.07,-0.14,-1.37%,0
"2024-09-30 12:36",10.05,10.1,10.05,10.08,0.01,+0.10%,0
"2024-09-30 12:37",10.09,10.19,10.09,10.19,0.11,+1.09%,0
"2024-09-30 12:38",10.19,10.21,10.18,10.21,0.02,+0.20%,0
"2024-09-30 12:39",10.2,10.22,10.2,10.21,0,0.00%,0
"2024-09-30 12:40",10.23,10.28,10.23,10.28,0.07,+0.69%,0
"2024-09-30 12:41",10.25,10.27,10.25,10.27,-0.01,-0.10%,0
"2024-09-30 12:42",10.26,10.31,10.26,10.31,0.04,+0.39%,0
"2024-09-30 12:43",10.31,10.31,10.28,10.29,-0.02,-0.19%,0
"2024-09-30 12:44",10.31,10.35,10.31,10.34,0.05,+0.49%,0
"2024-09-30 12:45",10.35,10.37,10.34,10.35,0.01,+0.10%,0
"2024-09-30 12:46",10.32,10.32,10.31,10.32,-0.03,-0.29%,0
"2024-09-30 12:47",10.3,10.34,10.3,10.31,-0.01,-0.10%,0
"2024-09-30 12:48",10.33,10.41,10.33,10.38,0.07,+0.68%,0
"2024-09-30 12:49",10.38,10.43,10.37,10.37,-0.01,-0.10%,0
"2024-09-30 12:50",10.37,10.37,10.31,10.31,-0.06,-0.58%,0
"2024-09-30 12:51",10.33,10.39,10.33,10.36,0.05,+0.48%,0
"2024-09-30 12:52",10.38,10.45,10.38,10.45,0.09,+0.87%,0
"2024-09-30 12:53",10.45,10.45,10.43,10.44,-0.01,-0.10%,0
"2024-09-30 12:54",10.43,10.47,10.43,10.46,0.02,+0.19%,0
"2024-09-30 12:55",10.47,10.47,10.43,10.43,-0.03,-0.29%,0
"2024-09-30 12:56",10.45,10.48,10.45,10.48,0.05,+0.48%,0
"2024-09-30 12:57",10.48,10.48,10.48,10.48,0,0.00%,0
"2024-09-30 12:58",10.5,10.5,10.49,10.5,0.02,+0.19%,0
"2024-09-30 12:59",10.49,10.52,10.49,10.51,0.01,+0.10%,0
"2024-09-30 13:00",10.53,10.6,10.53,10.56,0.05,+0.48%,0
"2024-09-30 13:01",10.59,10.63,10.59,10.63,0.07,+0.66%,0
"2024-09-30 13:02",10.66,10.67,10.64,10.67,0.04,+0.38%,0
"2024-09-30 13:03",10.63,10.63,10.6,10.63,-0.04,-0.37%,0
"2024-09-30 13:04",10.65,10.71,10.65,10.69,0.06,+0.56%,0
"2024-09-30 13:05",10.71,10.71,10.68,10.68,-0.01,-0.09%,0
"2024-09-30 13:06",10.67,10.7,10.67,10.68,0,0.00%,0
"2024-09-30 13:07",10.67,10.74,10.67,10.74,0.06,+0.56%,0
"2024-09-30 13:08",10.74,10.79,10.74,10.77,0.03,+0.28%,0
"2024-09-30 13:09",10.81,10.82,10.8,10.82,0.05,+0.46%,0
"2024-09-30 13:10",10.82,10.87,10.78,10.78,-0.04,-0.37%,0
"2024-09-30 13:11",10.8,11.12,10.79,11.12,0.34,+3.15%,0
"2024-09-30 13:12",11.02,11.02,10.98,11.02,-0.1,-0.90%,0
"2024-09-30 13:13",11.02,11.1,11.02,11.1,0.08,+0.73%,0
"2024-09-30 13:14",11.13,11.15,11.11,11.15,0.05,+0.45%,0
"2024-09-30 13:15",11.18,11.2,11.16,11.2,0.05,+0.45%,0
"2024-09-30 13:16",11.22,11.24,11.19,11.19,-0.01,-0.09%,0
"2024-09-30 13:17",11.1,11.1,11.03,11.03,-0.16,-1.43%,0
"2024-09-30 13:18",11.01,11.04,11.01,11.04,0.01,+0.09%,0
"2024-09-30 13:19",11.04,11.06,11.04,11.06,0.02,+0.18%,0
"2024-09-30 13:20",11.06,11.08,11.06,11.07,0.01,+0.09%,0
"2024-09-30 13:21",11.05,11.05,10.96,10.96,-0.11,-0.99%,0
"2024-09-30 13:22",10.99,11,10.99,11,0.04,+0.36%,0
"2024-09-30 13:23",10.99,10.99,10.96,10.96,-0.04,-0.36%,0
"2024-09-30 13:24",10.96,10.99,10.96,10.98,0.02,+0.18%,0
"2024-09-30 13:25",11.01,11.01,10.97,10.97,-0.01,-0.09%,0
"2024-09-30 13:26",10.96,10.98,10.96,10.98,0.01,+0.09%,0
"2024-09-30 13:27",11,11.05,11,11.05,0.07,+0.64%,0
"2024-09-30 13:28",11.04,11.13,11.04,11.13,0.08,+0.72%,0
"2024-09-30 13:29",11.12,11.19,11.12,11.19,0.06,+0.54%,0
"2024-09-30 13:30",11.2,11.22,11.08,11.08,-0.11,-0.98%,0
"2024-09-30 13:31",11.1,11.18,11.1,11.17,0.09,+0.81%,0
"2024-09-30 13:32",11.16,11.17,11.15,11.15,-0.02,-0.18%,0
"2024-09-30 13:33",11.15,11.18,11.14,11.14,-0.01,-0.09%,0
"2024-09-30 13:34",11.13,11.16,11.13,11.15,0.01,+0.09%,0
"2024-09-30 13:35",11.15,11.18,11.15,11.17,0.02,+0.18%,0
"2024-09-30 13:36",11.14,11.14,11.05,11.05,-0.12,-1.07%,0
"2024-09-30 13:37",11.06,11.11,11.06,11.11,0.06,+0.54%,0
"2024-09-30 13:38",11.11,11.12,11.08,11.08,-0.03,-0.27%,0
"2024-09-30 13:39",11.09,11.15,11.09,11.15,0.07,+0.63%,0
"2024-09-30 13:40",11.15,11.16,11.13,11.13,-0.02,-0.18%,0
"2024-09-30 13:41",11.14,11.14,11.08,11.08,-0.05,-0.45%,0
"2024-09-30 13:42",11.07,11.11,11.07,11.11,0.03,+0.27%,0
"2024-09-30 13:43",11.11,11.15,11.11,11.13,0.02,+0.18%,0
"2024-09-30 13:44",11.13,11.15,11.11,11.11,-0.02,-0.18%,0
"2024-09-30 13:45",11.08,11.14,11.08,11.1,-0.01,-0.09%,0
"2024-09-30 13:46",11.11,11.13,11.11,11.13,0.03,+0.27%,0
"2024-09-30 13:47",11.13,11.14,11.12,11.12,-0.01,-0.09%,0
"2024-09-30 13:48",11.11,11.17,11.11,11.17,0.05,+0.45%,0
"2024-09-30 13:49",11.14,11.14,11.1,11.1,-0.07,-0.63%,0
"2024-09-30 13:50",11.1,11.13,11.1,11.13,0.03,+0.27%,0
"2024-09-30 13:51",11.14,11.15,11.11,11.11,-0.02,-0.18%,0
"2024-09-30 13:52",11.12,11.15,11.12,11.12,0.01,+0.09%,0
"2024-09-30 13:53",11.13,11.14,11.13,11.14,0.02,+0.18%,0
"2024-09-30 13:54",11.12,11.13,11.12,11.13,-0.01,-0.09%,0
"2024-09-30 13:55",11.15,11.15,11.01,11.01,-0.12,-1.08%,0
"2024-09-30 13:56",11.13,11.15,11.12,11.15,0.14,+1.27%,0
"2024-09-30 13:57",11.07,11.08,11.02,11.02,-0.13,-1.17%,0
"2024-09-30 13:58",11,11,10.89,10.89,-0.13,-1.18%,0
"2024-09-30 13:59",10.88,10.91,10.87,10.89,0,0.00%,0
"2024-09-30 14:00",10.89,10.89,10.81,10.81,-0.08,-0.73%,0
"2024-09-30 14:01",10.83,10.86,10.83,10.86,0.05,+0.46%,0
"2024-09-30 14:02",10.85,10.85,10.84,10.84,-0.02,-0.18%,0
"2024-09-30 14:03",10.82,10.84,10.82,10.84,0,0.00%,0
"2024-09-30 14:04",10.84,10.84,10.82,10.83,-0.01,-0.09%,0
"2024-09-30 14:05",10.82,10.87,10.82,10.87,0.04,+0.37%,0
"2024-09-30 14:06",10.87,10.9,10.87,10.9,0.03,+0.28%,0
"2024-09-30 14:07",10.94,11.08,10.94,11.08,0.18,+1.65%,0
"2024-09-30 14:08",11.04,11.04,11.02,11.02,-0.06,-0.54%,0
"2024-09-30 14:09",11.01,11.05,11.01,11.05,0.03,+0.27%,0
"2024-09-30 14:10",11.04,11.12,11.04,11.12,0.07,+0.63%,0
"2024-09-30 14:11",11.13,11.3,11.13,11.3,0.18,+1.62%,0
"2024-09-30 14:12",11.3,11.36,11.3,11.35,0.05,+0.44%,0
"2024-09-30 14:13",11.4,11.61,11.4,11.61,0.26,+2.29%,0
"2024-09-30 14:14",11.63,11.92,11.63,11.88,0.27,+2.33%,0
"2024-09-30 14:15",11.89,12.1,11.89,11.92,0.04,+0.34%,0
"2024-09-30 14:16",12.14,12.14,11.99,12.02,0.1,+0.84%,0
"2024-09-30 14:17",12.03,12.28,12.03,12.28,0.26,+2.16%,0
"2024-09-30 14:18",12.19,12.19,12.03,12.19,-0.09,-0.73%,0
"2024-09-30 14:19",12.17,12.34,12.17,12.25,0.06,+0.49%,0
"2024-09-30 14:20",12.69,12.83,12.67,12.83,0.58,+4.73%,0
"2024-09-30 14:21",12.8,13.02,12.8,13,0.17,+1.33%,0
"2024-09-30 14:22",13.06,13.53,13.05,13.4,0.4,+3.08%,0
"2024-09-30 14:23",13.52,13.72,13.52,13.65,0.25,+1.87%,0
"2024-09-30 14:24",13.77,14.01,13.69,13.95,0.3,+2.20%,0
"2024-09-30 14:25",13.88,13.88,13.82,13.82,-0.13,-0.93%,0
"2024-09-30 14:26",13.87,14.08,13.87,14.08,0.26,+1.88%,0
"2024-09-30 14:27",14.21,14.21,13.8,13.8,-0.28,-1.99%,0
"2024-09-30 14:28",13.84,13.84,13.61,13.61,-0.19,-1.38%,0
"2024-09-30 14:29",13.49,13.49,13.19,13.23,-0.38,-2.79%,0
"2024-09-30 14:30",13.13,13.26,13.13,13.26,0.03,+0.23%,0
"2024-09-30 14:31",13.27,13.32,13.25,13.32,0.06,+0.45%,0
"2024-09-30 14:32",13.28,13.28,13.18,13.18,-0.14,-1.05%,0
"2024-09-30 14:33",13.12,13.12,12.82,12.82,-0.36,-2.73%,0
"2024-09-30 14:34",12.78,12.79,12.75,12.75,-0.07,-0.55%,0
"2024-09-30 14:35",12.78,12.78,12.64,12.64,-0.11,-0.86%,0
"2024-09-30 14:36",12.53,12.53,12.47,12.47,-0.17,-1.34%,0
"2024-09-30 14:37",12.47,12.47,12.41,12.41,-0.06,-0.48%,0
"2024-09-30 14:38",12.39,12.39,12.32,12.38,-0.03,-0.24%,0
"2024-09-30 14:39",12.4,12.4,12.32,12.36,-0.02,-0.16%,0
"2024-09-30 14:40",12.32,12.39,12.3,12.37,0.01,+0.08%,0
"2024-09-30 14:41",12.25,12.29,12.2,12.2,-0.17,-1.37%,0
"2024-09-30 14:42",12.2,12.28,12.19,12.19,-0.01,-0.08%,0
"2024-09-30 14:43",12.13,12.14,12.13,12.14,-0.05,-0.41%,0
"2024-09-30 14:44",12.15,12.15,12.1,12.13,-0.01,-0.08%,0
"2024-09-30 14:45",12.03,12.03,11.87,11.87,-0.26,-2.14%,0
"2024-09-30 14:46",11.85,11.88,11.81,11.81,-0.06,-0.51%,0
"2024-09-30 14:47",11.85,11.86,11.84,11.84,0.03,+0.25%,0
"2024-09-30 14:48",11.84,11.84,11.82,11.84,0,0.00%,0
"2024-09-30 14:49",11.79,11.83,11.79,11.81,-0.03,-0.25%,0
"2024-09-30 14:50",11.81,11.81,11.7,11.7,-0.11,-0.93%,0
"2024-09-30 14:51",11.64,11.69,11.53,11.53,-0.17,-1.45%,0
"2024-09-30 14:52",11.58,11.61,11.54,11.54,0.01,+0.09%,0
"2024-09-30 14:53",11.48,11.5,11.4,11.4,-0.14,-1.21%,0
"2024-09-30 14:54",11.41,11.41,11.32,11.32,-0.08,-0.70%,0
"2024-09-30 14:55",11.32,11.37,11.32,11.34,0.02,+0.18%,0
"2024-09-30 14:56",11.37,11.43,11.37,11.43,0.09,+0.79%,0
"2024-09-30 14:57",11.44,11.46,11.44,11.45,0.02,+0.17%,0
"2024-09-30 14:58",11.49,11.58,11.49,11.57,0.12,+1.05%,0
"2024-09-30 14:59",11.57,11.63,11.57,11.63,0.06,+0.52%,0
"2024-09-30 15:00",11.56,11.9,11.56,11.63,0,0.00%,0
"2024-09-30 15:01",11.56,11.56,11.49,11.55,-0.08,-0.69%,0
"2024-09-30 15:02",11.6,11.69,11.58,11.58,0.03,+0.26%,0
"2024-09-30 15:03",11.57,11.59,11.56,11.59,0.01,+0.09%,0
"2024-09-30 15:04",11.54,11.64,11.54,11.62,0.03,+0.26%,0
"2024-09-30 15:05",11.61,11.66,11.6,11.66,0.04,+0.34%,0
"2024-09-30 15:06",11.63,11.77,11.63,11.77,0.11,+0.94%,0
"2024-09-30 15:07",11.7,11.73,11.58,11.58,-0.19,-1.61%,0
"2024-09-30 15:08",11.53,11.65,11.53,11.65,0.07,+0.60%,0
"2024-09-30 15:09",11.63,11.67,11.63,11.65,0,0.00%,0
"2024-09-30 15:10",11.64,11.69,11.64,11.69,0.04,+0.34%,0
"2024-09-30 15:11",11.68,11.73,11.65,11.73,0.04,+0.34%,0
"2024-09-30 15:12",11.74,11.87,11.74,11.87,0.14,+1.19%,0
"2024-09-30 15:13",11.87,11.87,11.76,11.76,-0.11,-0.93%,0
"2024-09-30 15:14",11.74,11.76,11.73,11.73,-0.03,-0.26%,0
"2024-09-30 15:15",11.81,11.83,11.79,11.8,0.07,+0.60%,0
"2024-09-30 15:16",11.82,11.83,11.82,11.83,0.03,+0.25%,0
"2024-09-30 15:17",11.82,11.82,11.74,11.74,-0.09,-0.76%,0
"2024-09-30 15:18",11.76,11.76,11.67,11.67,-0.07,-0.60%,0
"2024-09-30 15:19",11.71,11.75,11.66,11.75,0.08,+0.69%,0
"2024-09-30 15:20",11.75,11.85,11.75,11.85,0.1,+0.85%,0
"2024-09-30 15:21",11.85,11.91,11.85,11.88,0.03,+0.25%,0
"2024-09-30 15:22",11.84,11.87,11.84,11.85,-0.03,-0.25%,0
"2024-09-30 15:23",11.83,11.88,11.82,11.88,0.03,+0.25%,0
"2024-09-30 15:24",11.89,11.97,11.89,11.97,0.09,+0.76%,0
"2024-09-30 15:25",11.98,12,11.95,12,0.03,+0.25%,0
"2024-09-30 15:26",12.03,12.03,11.96,11.96,-0.04,-0.33%,0
"2024-09-30 15:27",11.93,11.95,11.93,11.93,-0.03,-0.25%,0
"2024-09-30 15:28",12,12.04,11.95,11.95,0.02,+0.17%,0
"2024-09-30 15:29",12.03,12.03,11.96,11.96,0.01,+0.08%,0
"2024-09-30 15:30",11.95,11.95,11.91,11.91,-0.05,-0.42%,0
"2024-09-30 15:31",11.92,11.93,11.85,11.85,-0.06,-0.50%,0
"2024-09-30 15:32",11.97,12,11.97,11.97,0.12,+1.01%,0
"2024-09-30 15:33",11.97,12,11.96,12,0.03,+0.25%,0
"2024-09-30 15:34",12.04,12.11,12.04,12.1,0.1,+0.83%,0
"2024-09-30 15:35",12.15,12.18,12.14,12.18,0.08,+0.66%,0
"2024-09-30 15:36",12.17,12.24,12.17,12.21,0.03,+0.25%,0
"2024-09-30 15:37",12.21,12.27,12.21,12.25,0.04,+0.33%,0
"2024-09-30 15:38",12.23,12.34,12.23,12.34,0.09,+0.73%,0
"2024-09-30 15:39",12.16,12.21,12.16,12.21,-0.13,-1.05%,0
"2024-09-30 15:40",12.21,12.27,12.21,12.27,0.06,+0.49%,0
"2024-09-30 15:41",12.28,12.33,12.24,12.24,-0.03,-0.24%,0
"2024-09-30 15:42",12.23,12.47,12.21,12.39,0.15,+1.23%,0
"2024-09-30 15:43",12.39,12.42,12.21,12.21,-0.18,-1.45%,0
"2024-09-30 15:44",12.18,12.21,12.17,12.19,-0.02,-0.16%,0
"2024-09-30 15:45",12.15,12.15,12.02,12.06,-0.13,-1.07%,0
"2024-09-30 15:46",12.04,12.09,12.02,12.08,0.02,+0.17%,0
"2024-09-30 15:47",12.12,12.12,12.01,12.01,-0.07,-0.58%,0
"2024-09-30 15:48",12.02,12.12,12.02,12.12,0.11,+0.92%,0
"2024-09-30 15:49",12.08,12.15,12.07,12.15,0.03,+0.25%,0
"2024-09-30 15:50",12.23,12.23,11.98,12.02,-0.13,-1.07%,0
"2024-09-30 15:51",12,12.03,11.99,11.99,-0.03,-0.25%,0
"2024-09-30 15:52",11.98,12,11.98,11.98,-0.01,-0.08%,0
"2024-09-30 15:53",11.99,12.03,11.99,12.01,0.03,+0.25%,0
"2024-09-30 15:54",11.87,11.87,11.67,11.69,-0.32,-2.66%,0
"2024-09-30 15:55",11.62,11.62,11.42,11.42,-0.27,-2.31%,0
"2024-09-30 15:56",11.41,11.41,11.29,11.31,-0.11,-0.96%,0
"2024-09-30 15:57",11.29,11.38,11.15,11.15,-0.16,-1.41%,0
"2024-09-30 15:58",11.28,11.48,11.28,11.4,0.25,+2.24%,0
"2024-09-30 15:59",11.46,11.51,11.42,11.51,0.11,+0.96%,0
"2024-09-30 16:00",11.28,11.6,11.28,11.54,0.03,+0.26%,0
"2024-09-30 16:01",11.4,11.52,11.4,11.52,-0.02,-0.17%,0
"2024-09-30 16:02",11.49,11.54,11.47,11.47,-0.05,-0.43%,0
"2024-09-30 16:03",11.46,11.6,11.46,11.47,0,0.00%,0
"2024-09-30 16:04",11.5,11.62,11.5,11.62,0.15,+1.31%,0
"2024-09-30 16:05",11.62,11.72,11.62,11.68,0.06,+0.52%,0
"2024-09-30 16:06",11.75,11.77,11.71,11.77,0.09,+0.77%,0
"2024-09-30 16:07",11.77,11.81,11.77,11.78,0.01,+0.08%,0
"2024-09-30 16:08",11.78,11.82,11.78,11.82,0.04,+0.34%,0
"2024-09-30 16:09",11.89,11.91,11.87,11.91,0.09,+0.76%,0
"2024-09-30 16:10",11.89,11.89,11.85,11.86,-0.05,-0.42%,0
"2024-09-30 16:11",11.83,11.83,11.69,11.69,-0.17,-1.43%,0
"2024-09-30 16:12",11.72,11.8,11.72,11.8,0.11,+0.94%,0
"2024-09-30 16:13",11.8,11.93,11.8,11.93,0.13,+1.10%,0
"2024-09-30 16:14",11.93,11.96,11.93,11.96,0.03,+0.25%,0
"2024-09-30 16:15",11.97,11.97,11.97,11.97,0.01,+0.08%,0
"Downloaded from Barchart.com as of 09-03-2026 09:04am CDT"
