Time,Open,High,Low,Latest,Change,%Change,Volume
"2023-06-01 09:31",10.52,10.72,10.52,10.72,-4.38,-29.01%,0
"2023-06-01 09:32",10.86,10.98,10.86,10.96,0.24,+2.24%,0
"2023-06-01 09:33",10.66,10.66,10.37,10.37,-0.59,-5.38%,0
"2023-06-01 09:34",10.35,10.53,10.35,10.5,0.13,+1.25%,0
"2023-06-01 09:35",10.52,10.55,10.52,10.54,0.04,+0.38%,0
"2023-06-01 09:36",10.52,10.56,10.51,10.51,-0.03,-0.28%,0
"2023-06-01 09:37",10.38,10.38,10.37,10.38,-0.13,-1.24%,0
"2023-06-01 09:38",10.38,10.41,10.38,10.4,0.02,+0.19%,0
"2023-06-01 09:39",10.4,10.4,10.31,10.31,-0.09,-0.87%,0
"2023-06-01 09:40",10.26,10.31,10.26,10.31,0,0.00%,0
"2023-06-01 09:41",10.29,10.29,10.23,10.23,-0.08,-0.78%,0
"2023-06-01 09:42",10.27,10.29,10.27,10.28,0.05,+0.49%,0
"2023-06-01 09:43",10.28,10.36,10.28,10.36,0.08,+0.78%,0
"2023-06-01 09:44",10.35,10.45,10.35,10.45,0.09,+0.87%,0
"2023-06-01 09:45",10.46,10.46,10.37,10.39,-0.06,-0.57%,0
"2023-06-01 09:46",10.36,10.36,10.32,10.32,-0.07,-0.67%,0
"2023-06-01 09:47",10.35,10.35,10.3,10.3,-0.02,-0.19%,0
"2023-06-01 09:48",10.29,10.39,10.29,10.39,0.09,+0.87%,0
"2023-06-01 09:49",10.37,10.42,10.35,10.35,-0.04,-0.38%,0
"2023-06-01 09:50",10.31,10.4,10.31,10.4,0.05,+0.48%,0
"2023-06-01 09:51",10.38,10.41,10.38,10.39,-0.01,-0.10%,0
"2023-06-01 09:52",10.35,10.35,10.23,10.27,-0.12,-1.15%,0
"2023-06-01 09:53",10.29,10.36,10.29,10.36,0.09,+0.88%,0
"2023-06-01 09:54",10.32,10.36,10.32,10.36,0,0.00%,0
"2023-06-01 09:55",10.34,10.4,10.34,10.4,0.04,+0.39%,0
"2023-06-01 09:56",10.41,10.41,10.31,10.31,-0.09,-0.87%,0
"2023-06-01 09:57",10.27,10.33,10.27,10.3,-0.01,-0.10%,0
"2023-06-01 09:58",10.25,10.29,10.25,10.29,-0.01,-0.10%,0
"2023-06-01 09:59",10.27,10.32,10.27,10.31,0.02,+0.19%,0
"2023-06-01 10:00",10.28,10.28,9.93,9.93,-0.38,-3.69%,0
"2023-06-01 10:01",9.99,10.1,9.99,10.09,0.16,+1.61%,0
"2023-06-01 10:02",10.09,10.15,10.09,10.15,0.06,+0.59%,0
"2023-06-01 10:03",10.15,10.23,10.1,10.1,-0.05,-0.49%,0
"2023-06-01 10:04",10.1,10.22,10.08,10.08,-0.02,-0.20%,0
"2023-06-01 10:05",10.13,10.14,10.13,10.14,0.06,+0.60%,0
"2023-06-01 10:06",10.09,10.12,10.06,10.06,-0.08,-0.79%,0
"2023-06-01 10:07",10.06,10.07,9.93,9.93,-0.13,-1.29%,0
"2023-06-01 10:08",9.97,9.99,9.97,9.99,0.06,+0.60%,0
"2023-06-01 10:09",9.94,9.99,9.94,9.97,-0.02,-0.20%,0
"2023-06-01 10:10",9.99,10.04,9.99,10,0.03,+0.30%,0
"2023-06-01 10:11",10,10.05,10,10.05,0.05,+0.50%,0
"2023-06-01 10:12",10.03,10.05,9.92,9.92,-0.13,-1.29%,0
"2023-06-01 10:13",9.92,10,9.92,9.98,0.06,+0.60%,0
"2023-06-01 10:14",9.99,10.03,9.98,10.03,0.05,+0.50%,0
"2023-06-01 10:15",9.96,10.03,9.96,10.03,0,0.00%,0
"2023-06-01 10:16",10.03,10.05,10.02,10.04,0.01,+0.10%,0
"2023-06-01 10:17",10,10.16,10,10.14,0.1,+1.00%,0
"2023-06-01 10:18",10.17,10.34,10.17,10.34,0.2,+1.97%,0
"2023-06-01 10:19",10.32,10.32,10.28,10.31,-0.03,-0.29%,0
"2023-06-01 10:20",10.29,10.31,10.29,10.3,-0.01,-0.10%,0
"2023-06-01 10:21",10.28,10.31,10.28,10.29,-0.01,-0.10%,0
"2023-06-01 10:22",10.3,10.32,10.18,10.18,-0.11,-1.07%,0
"2023-06-01 10:23",10.18,10.28,10.18,10.28,0.1,+0.98%,0
"2023-06-01 10:24",10.26,10.3,10.26,10.27,-0.01,-0.10%,0
"2023-06-01 10:25",10.26,10.3,10.26,10.28,0.01,+0.10%,0
"2023-06-01 10:26",10.3,10.35,10.3,10.33,0.05,+0.49%,0
"2023-06-01 10:27",10.27,10.31,10.27,10.29,-0.04,-0.39%,0
"2023-06-01 10:28",10.28,10.28,10.18,10.19,-0.1,-0.97%,0
"2023-06-01 10:29",10.2,10.23,10.2,10.22,0.03,+0.29%,0
"2023-06-01 10:30",10.22,10.24,10.21,10.21,-0.01,-0.10%,0
"2023-06-01 10:31",10.18,10.24,10.18,10.24,0.03,+0.29%,0
"2023-06-01 10:32",10.22,10.26,10.21,10.21,-0.03,-0.29%,0
"2023-06-01 10:33",10.21,10.24,10.21,10.22,0.01,+0.10%,0
"2023-06-01 10:34",10.2,10.24,10.18,10.18,-0.04,-0.39%,0
"2023-06-01 10:35",10.16,10.21,10.16,10.16,-0.02,-0.20%,0
"2023-06-01 10:36",10.12,10.17,10.12,10.16,0,0.00%,0
"2023-06-01 10:37",10.16,10.19,10.15,10.16,0,0.00%,0
"2023-06-01 10:38",10.13,10.15,10.13,10.13,-0.03,-0.30%,0
"2023-06-01 10:39",10.14,10.17,10.09,10.09,-0.04,-0.39%,0
"2023-06-01 10:40",10.07,10.07,10.05,10.06,-0.03,-0.30%,0
"2023-06-01 10:41",10.05,10.11,10.05,10.06,0,0.00%,0
"2023-06-01 10:42",10.06,10.13,10.04,10.11,0.05,+0.50%,0
"2023-06-01 10:43",10,10.13,10,10.13,0.02,+0.20%,0
"2023-06-01 10:44",10.17,10.17,10.11,10.12,-0.01,-0.10%,0
"2023-06-01 10:45",10.1,10.14,10.1,10.1,-0.02,-0.20%,0
"2023-06-01 10:46",10.14,10.31,10.14,10.3,0.2,+1.98%,0
"2023-06-01 10:47",10.37,10.44,10.36,10.36,0.06,+0.58%,0
"2023-06-01 10:48",10.26,10.4,10.26,10.36,0,0.00%,0
"2023-06-01 10:49",10.34,10.44,10.34,10.37,0.01,+0.10%,0
"2023-06-01 10:50",10.39,10.41,10.39,10.39,0.02,+0.19%,0
"2023-06-01 10:51",10.43,10.45,10.43,10.44,0.05,+0.48%,0
"2023-06-01 10:52",10.46,10.48,10.46,10.46,0.02,+0.19%,0
"2023-06-01 10:53",10.45,10.47,10.45,10.47,0.01,+0.10%,0
"2023-06-01 10:54",10.46,10.53,10.46,10.53,0.06,+0.57%,0
"2023-06-01 10:55",10.51,10.58,10.51,10.56,0.03,+0.28%,0
"2023-06-01 10:56",10.56,10.6,10.56,10.6,0.04,+0.38%,0
"2023-06-01 10:57",10.56,10.56,10.46,10.48,-0.12,-1.13%,0
"2023-06-01 10:58",10.47,10.52,10.47,10.52,0.04,+0.38%,0
"2023-06-01 10:59",10.49,10.5,10.49,10.5,-0.02,-0.19%,0
"2023-06-01 11:00",10.5,10.53,10.5,10.53,0.03,+0.29%,0
"2023-06-01 11:01",10.54,10.59,10.54,10.56,0.03,+0.28%,0
"2023-06-01 11:02",10.55,10.55,10.47,10.49,-0.07,-0.66%,0
"2023-06-01 11:03",10.5,10.53,10.5,10.52,0.03,+0.29%,0
"2023-06-01 11:04",10.49,10.52,10.49,10.49,-0.03,-0.29%,0
"2023-06-01 11:05",10.51,10.52,10.48,10.48,-0.01,-0.10%,0
"2023-06-01 11:06",10.41,10.45,10.41,10.41,-0.07,-0.67%,0
"2023-06-01 11:07",10.4,10.48,10.4,10.48,0.07,+0.67%,0
"2023-06-01 11:08",10.46,10.47,10.46,10.47,-0.01,-0.10%,0
"2023-06-01 11:09",10.49,10.51,10.47,10.47,0,0.00%,0
"2023-06-01 11:10",10.46,10.48,10.46,10.46,-0.01,-0.10%,0
"2023-06-01 11:11",10.44,10.45,10.42,10.42,-0.04,-0.38%,0
"2023-06-01 11:12",10.41,10.47,10.41,10.45,0.03,+0.29%,0
"2023-06-01 11:13",10.46,10.49,10.46,10.48,0.03,+0.29%,0
"2023-06-01 11:14",10.49,10.53,10.47,10.53,0.05,+0.48%,0
"2023-06-01 11:15",10.5,10.54,10.47,10.54,0.01,+0.09%,0
"2023-06-01 11:16",10.53,10.53,10.46,10.46,-0.08,-0.76%,0
"2023-06-01 11:17",10.41,10.43,10.41,10.42,-0.04,-0.38%,0
"2023-06-01 11:18",10.38,10.41,10.32,10.32,-0.1,-0.96%,0
"2023-06-01 11:19",10.35,10.37,10.33,10.33,0.01,+0.10%,0
"2023-06-01 11:20",10.36,10.36,10.32,10.32,-0.01,-0.10%,0
"2023-06-01 11:21",10.32,10.32,10.28,10.28,-0.04,-0.39%,0
"2023-06-01 11:22",10.29,10.35,10.29,10.34,0.06,+0.58%,0
"2023-06-01 11:23",10.32,10.4,10.32,10.4,0.06,+0.58%,0
"2023-06-01 11:24",10.41,10.48,10.41,10.47,0.07,+0.67%,0
"2023-06-01 11:25",10.45,10.49,10.45,10.49,0.02,+0.19%,0
"2023-06-01 11:26",10.49,10.51,10.48,10.5,0.01,+0.10%,0
"2023-06-01 11:27",10.5,10.54,10.5,10.54,0.04,+0.38%,0
"2023-06-01 11:28",10.51,10.51,10.46,10.46,-0.08,-0.76%,0
"2023-06-01 11:29",10.49,10.54,10.49,10.54,0.08,+0.76%,0
"2023-06-01 11:30",10.5,10.51,10.5,10.5,-0.04,-0.38%,0
"2023-06-01 11:31",10.49,10.52,10.49,10.52,0.02,+0.19%,0
"2023-06-01 11:32",10.5,10.53,10.5,10.53,0.01,+0.10%,0
"2023-06-01 11:33",10.52,10.53,10.5,10.5,-0.03,-0.28%,0
"2023-06-01 11:34",10.49,10.49,10.45,10.45,-0.05,-0.48%,0
"2023-06-01 11:35",10.45,10.51,10.45,10.51,0.06,+0.57%,0
"2023-06-01 11:36",10.49,10.5,10.49,10.49,-0.02,-0.19%,0
"2023-06-01 11:37",10.5,10.52,10.48,10.48,-0.01,-0.10%,0
"2023-06-01 11:38",10.49,10.49,10.47,10.48,0,0.00%,0
"2023-06-01 11:39",10.47,10.5,10.47,10.49,0.01,+0.10%,0
"2023-06-01 11:40",10.48,10.49,10.48,10.48,-0.01,-0.10%,0
"2023-06-01 11:41",10.49,10.51,10.49,10.51,0.03,+0.29%,0
"2023-06-01 11:42",10.49,10.52,10.49,10.49,-0.02,-0.19%,0
"2023-06-01 11:43",10.49,10.51,10.48,10.48,-0.01,-0.10%,0
"2023-06-01 11:44",10.49,10.55,10.49,10.55,0.07,+0.67%,0
"2023-06-01 11:45",10.55,10.55,10.51,10.54,-0.01,-0.09%,0
"2023-06-01 11:46",10.52,10.57,10.52,10.54,0,0.00%,0
"2023-06-01 11:47",10.53,10.57,10.53,10.56,0.02,+0.19%,0
"2023-06-01 11:48",10.59,10.59,10.58,10.59,0.03,+0.28%,0
"2023-06-01 11:49",10.58,10.63,10.58,10.6,0.01,+0.09%,0
"2023-06-01 11:50",10.6,10.62,10.58,10.58,-0.02,-0.19%,0
"2023-06-01 11:51",10.6,10.64,10.6,10.64,0.06,+0.57%,0
"2023-06-01 11:52",10.6,10.65,10.6,10.62,-0.02,-0.19%,0
"2023-06-01 11:53",10.63,10.65,10.63,10.64,0.02,+0.19%,0
"2023-06-01 11:54",10.64,10.74,10.64,10.74,0.1,+0.94%,0
"2023-06-01 11:55",10.74,10.75,10.74,10.74,0,0.00%,0
"2023-06-01 11:56",10.72,10.78,10.72,10.78,0.04,+0.37%,0
"2023-06-01 11:57",10.79,10.81,10.77,10.77,-0.01,-0.09%,0
"2023-06-01 11:58",10.78,10.8,10.78,10.8,0.03,+0.28%,0
"2023-06-01 11:59",10.78,10.8,10.78,10.78,-0.02,-0.19%,0
"2023-06-01 12:00",10.8,10.8,10.79,10.79,0.01,+0.09%,0
"2023-06-01 12:01",10.8,10.88,10.8,10.84,0.05,+0.46%,0
"2023-06-01 12:02",10.82,10.87,10.8,10.8,-0.04,-0.37%,0
"2023-06-01 12:03",10.92,10.92,10.84,10.84,0.04,+0.37%,0
"2023-06-01 12:04",10.87,10.88,10.86,10.86,0.02,+0.18%,0
"2023-06-01 12:05",10.85,10.89,10.81,10.81,-0.05,-0.46%,0
"2023-06-01 12:06",10.79,10.84,10.79,10.84,0.03,+0.28%,0
"2023-06-01 12:07",10.87,10.88,10.85,10.85,0.01,+0.09%,0
"2023-06-01 12:08",10.85,10.88,10.85,10.87,0.02,+0.18%,0
"2023-06-01 12:09",10.85,10.87,10.85,10.87,0,0.00%,0
"2023-06-01 12:10",10.87,10.89,10.85,10.85,-0.02,-0.18%,0
"2023-06-01 12:11",10.89,10.92,10.89,10.91,0.06,+0.55%,0
"2023-06-01 12:12",10.9,10.94,10.9,10.93,0.02,+0.18%,0
"2023-06-01 12:13",10.94,10.94,10.91,10.93,0,0.00%,0
"2023-06-01 12:14",10.92,10.95,10.92,10.95,0.02,+0.18%,0
"2023-06-01 12:15",10.95,10.95,10.94,10.94,-0.01,-0.09%,0
"2023-06-01 12:16",10.93,10.97,10.93,10.97,0.03,+0.27%,0
"2023-06-01 12:17",10.95,10.99,10.95,10.99,0.02,+0.18%,0
"2023-06-01 12:18",10.99,10.99,10.99,10.99,0,0.00%,0
"2023-06-01 12:19",10.98,11.01,10.98,10.99,0,0.00%,0
"2023-06-01 12:20",11,11.04,11,11.04,0.05,+0.45%,0
"2023-06-01 12:21",11.09,11.16,11.09,11.12,0.08,+0.72%,0
"2023-06-01 12:22",11.14,11.14,11.09,11.09,-0.03,-0.27%,0
"2023-06-01 12:23",11.06,11.08,11.06,11.07,-0.02,-0.18%,0
"2023-06-01 12:24",11.07,11.1,11.07,11.1,0.03,+0.27%,0
"2023-06-01 12:25",11.09,11.15,11.09,11.14,0.04,+0.36%,0
"2023-06-01 12:26",11.15,11.17,11.15,11.16,0.02,+0.18%,0
"2023-06-01 12:27",11.16,11.2,11.16,11.2,0.04,+0.36%,0
"2023-06-01 12:28",11.18,11.23,11.18,11.23,0.03,+0.27%,0
"2023-06-01 12:29",11.23,11.24,11.23,11.23,0,0.00%,0
"2023-06-01 12:30",11.23,11.25,11.23,11.24,0.01,+0.09%,0
"2023-06-01 12:31",11.23,11.3,11.23,11.3,0.06,+0.53%,0
"2023-06-01 12:32",11.28,11.3,11.28,11.3,0,0.00%,0
"2023-06-01 12:33",11.31,11.34,11.31,11.34,0.04,+0.35%,0
"2023-06-01 12:34",11.34,11.35,11.33,11.33,-0.01,-0.09%,0
"2023-06-01 12:35",11.33,11.33,11.31,11.31,-0.02,-0.18%,0
"2023-06-01 12:36",11.31,11.33,11.31,11.33,0.02,+0.18%,0
"2023-06-01 12:37",11.37,11.4,11.37,11.39,0.06,+0.53%,0
"2023-06-01 12:38",11.38,11.42,11.38,11.4,0.01,+0.09%,0
"2023-06-01 12:39",11.4,11.42,11.4,11.4,0,0.00%,0
"2023-06-01 12:40",11.39,11.42,11.39,11.42,0.02,+0.18%,0
"2023-06-01 12:41",11.44,11.47,11.44,11.47,0.05,+0.44%,0
"2023-06-01 12:42",11.47,11.49,11.46,11.46,-0.01,-0.09%,0
"2023-06-01 12:43",11.47,11.5,11.47,11.49,0.03,+0.26%,0
"2023-06-01 12:44",11.46,11.46,11.43,11.46,-0.03,-0.26%,0
"2023-06-01 12:45",11.47,11.48,11.46,11.46,0,0.00%,0
"2023-06-01 12:46",11.44,11.46,11.39,11.39,-0.07,-0.61%,0
"2023-06-01 12:47",11.36,11.36,11.34,11.35,-0.04,-0.35%,0
"2023-06-01 12:48",11.35,11.41,11.35,11.41,0.06,+0.53%,0
"2023-06-01 12:49",11.41,11.45,11.41,11.44,0.03,+0.26%,0
"2023-06-01 12:50",11.43,11.48,11.43,11.47,0.03,+0.26%,0
"2023-06-01 12:51",11.47,11.5,11.47,11.5,0.03,+0.26%,0
"2023-06-01 12:52",11.5,11.53,11.5,11.52,0.02,+0.17%,0
"2023-06-01 12:53",11.49,11.51,11.49,11.51,-0.01,-0.09%,0
"2023-06-01 12:54",11.5,11.52,11.5,11.52,0.01,+0.09%,0
"2023-06-01 12:55",11.53,11.54,11.53,11.54,0.02,+0.17%,0
"2023-06-01 12:56",11.5,11.53,11.5,11.53,-0.01,-0.09%,0
"2023-06-01 12:57",11.53,11.55,11.53,11.55,0.02,+0.17%,0
"2023-06-01 12:58",11.56,11.58,11.56,11.57,0.02,+0.17%,0
"2023-06-01 12:59",11.55,11.56,11.55,11.56,-0.01,-0.09%,0
"2023-06-01 13:00",11.55,11.58,11.55,11.56,0,0.00%,0
"2023-06-01 13:01",11.59,11.62,11.59,11.62,0.06,+0.52%,0
"2023-06-01 13:02",11.62,11.64,11.62,11.64,0.02,+0.17%,0
"2023-06-01 13:03",11.62,11.64,11.61,11.61,-0.03,-0.26%,0
"2023-06-01 13:04",11.62,11.65,11.62,11.65,0.04,+0.34%,0
"2023-06-01 13:05",11.63,11.65,11.63,11.64,-0.01,-0.09%,0
"2023-06-01 13:06",11.62,11.62,11.59,11.59,-0.05,-0.43%,0
"2023-06-01 13:07",11.6,11.62,11.6,11.6,0.01,+0.09%,0
"2023-06-01 13:08",11.6,11.62,11.6,11.62,0.02,+0.17%,0
"2023-06-01 13:09",11.62,11.64,11.62,11.64,0.02,+0.17%,0
"2023-06-01 13:10",11.63,11.63,11.62,11.62,-0.02,-0.17%,0
"2023-06-01 13:11",11.63,11.65,11.63,11.65,0.03,+0.26%,0
"2023-06-01 13:12",11.64,11.67,11.64,11.67,0.02,+0.17%,0
"2023-06-01 13:13",11.69,11.7,11.69,11.69,0.02,+0.17%,0
"2023-06-01 13:14",11.69,11.7,11.68,11.69,0,0.00%,0
"2023-06-01 13:15",11.68,11.7,11.68,11.7,0.01,+0.09%,0
"2023-06-01 13:16",11.7,11.73,11.7,11.72,0.02,+0.17%,0
"2023-06-01 13:17",11.74,11.75,11.73,11.73,0.01,+0.09%,0
"2023-06-01 13:18",11.72,11.75,11.72,11.73,0,0.00%,0
"2023-06-01 13:19",11.73,11.76,11.73,11.76,0.03,+0.26%,0
"2023-06-01 13:20",11.76,11.77,11.74,11.74,-0.02,-0.17%,0
"2023-06-01 13:21",11.74,11.74,11.73,11.73,-0.01,-0.09%,0
"2023-06-01 13:22",11.74,11.78,11.74,11.78,0.05,+0.43%,0
"2023-06-01 13:23",11.78,11.8,11.76,11.78,0,0.00%,0
"2023-06-01 13:24",11.79,11.89,11.79,11.89,0.11,+0.93%,0
"2023-06-01 13:25",11.93,11.95,11.93,11.95,0.06,+0.50%,0
"2023-06-01 13:26",11.96,11.97,11.95,11.97,0.02,+0.17%,0
"2023-06-01 13:27",11.97,12,11.97,11.99,0.02,+0.17%,0
"2023-06-01 13:28",11.99,12.03,11.99,12,0.01,+0.08%,0
"2023-06-01 13:29",11.98,12.07,11.98,12.07,0.07,+0.58%,0
"2023-06-01 13:30",12.06,12.08,12.06,12.08,0.01,+0.08%,0
"2023-06-01 13:31",12.1,12.11,12.1,12.11,0.03,+0.25%,0
"2023-06-01 13:32",12.09,12.12,12.09,12.12,0.01,+0.08%,0
"2023-06-01 13:33",12.12,12.14,12.12,12.13,0.01,+0.08%,0
"2023-06-01 13:34",12.14,12.16,12.14,12.14,0.01,+0.08%,0
"2023-06-01 13:35",12.16,12.18,12.15,12.15,0.01,+0.08%,0
"2023-06-01 13:36",12.15,12.17,12.15,12.17,0.02,+0.16%,0
"2023-06-01 13:37",12.18,12.21,12.18,12.2,0.03,+0.25%,0
"2023-06-01 13:38",12.21,12.23,12.21,12.22,0.02,+0.16%,0
"2023-06-01 13:39",12.23,12.26,12.23,12.26,0.04,+0.33%,0
"2023-06-01 13:40",12.26,12.29,12.26,12.29,0.03,+0.24%,0
"2023-06-01 13:41",12.29,12.3,12.29,12.29,0,0.00%,0
"2023-06-01 13:42",12.26,12.29,12.26,12.29,0,0.00%,0
"2023-06-01 13:43",12.28,12.3,12.28,12.28,-0.01,-0.08%,0
"2023-06-01 13:44",12.26,12.27,12.26,12.26,-0.02,-0.16%,0
"2023-06-01 13:45",12.27,12.27,12.23,12.23,-0.03,-0.24%,0
"2023-06-01 13:46",12.24,12.25,12.23,12.25,0.02,+0.16%,0
"2023-06-01 13:47",12.23,12.25,12.23,12.25,0,0.00%,0
"2023-06-01 13:48",12.25,12.29,12.25,12.28,0.03,+0.24%,0
"2023-06-01 13:49",12.28,12.28,12.27,12.28,0,0.00%,0
"2023-06-01 13:50",12.29,12.33,12.29,12.33,0.05,+0.41%,0
"2023-06-01 13:51",12.34,12.36,12.34,12.34,0.01,+0.08%,0
"2023-06-01 13:52",12.36,12.38,12.36,12.38,0.04,+0.32%,0
"2023-06-01 13:53",12.38,12.41,12.38,12.41,0.03,+0.24%,0
"2023-06-01 13:54",12.42,12.51,12.42,12.51,0.1,+0.81%,0
"2023-06-01 13:55",12.52,12.55,12.52,12.55,0.04,+0.32%,0
"2023-06-01 13:56",12.53,12.53,12.5,12.51,-0.04,-0.32%,0
"2023-06-01 13:57",12.5,12.51,12.49,12.49,-0.02,-0.16%,0
"2023-06-01 13:58",12.48,12.53,12.48,12.53,0.04,+0.32%,0
"2023-06-01 13:59",12.53,12.57,12.53,12.57,0.04,+0.32%,0
"2023-06-01 14:00",12.57,12.57,12.56,12.56,-0.01,-0.08%,0
"2023-06-01 14:01",12.56,12.57,12.55,12.56,0,0.00%,0
"2023-06-01 14:02",12.55,12.59,12.55,12.59,0.03,+0.24%,0
"2023-06-01 14:03",12.58,12.62,12.58,12.58,-0.01,-0.08%,0
"2023-06-01 14:04",12.57,12.59,12.57,12.58,0,0.00%,0
"2023-06-01 14:05",12.59,12.62,12.59,12.62,0.04,+0.32%,0
"2023-06-01 14:06",12.61,12.63,12.61,12.62,0,0.00%,0
"2023-06-01 14:07",12.62,12.65,12.62,12.65,0.03,+0.24%,0
"2023-06-01 14:08",12.64,12.65,12.64,12.64,-0.01,-0.08%,0
"2023-06-01 14:09",12.63,12.67,12.63,12.67,0.03,+0.24%,0
"2023-06-01 14:10",12.68,12.7,12.68,12.69,0.02,+0.16%,0
"2023-06-01 14:11",12.69,12.72,12.69,12.71,0.02,+0.16%,0
"2023-06-01 14:12",12.7,12.74,12.7,12.72,0.01,+0.08%,0
"2023-06-01 14:13",12.71,12.74,12.71,12.72,0,0.00%,0
"2023-06-01 14:14",12.71,12.74,12.71,12.73,0.01,+0.08%,0
"2023-06-01 14:15",12.74,12.82,12.74,12.82,0.09,+0.71%,0
"2023-06-01 14:16",12.82,12.83,12.82,12.83,0.01,+0.08%,0
"2023-06-01 14:17",12.84,12.86,12.84,12.86,0.03,+0.23%,0
"2023-06-01 14:18",12.85,12.88,12.85,12.88,0.02,+0.16%,0
"2023-06-01 14:19",12.87,12.95,12.87,12.93,0.05,+0.39%,0
"2023-06-01 14:20",12.93,12.93,12.86,12.9,-0.03,-0.23%,0
"2023-06-01 14:21",12.91,12.99,12.91,12.99,0.09,+0.70%,0
"2023-06-01 14:22",12.97,12.97,12.96,12.96,-0.03,-0.23%,0
"2023-06-01 14:23",12.95,13,12.95,13,0.04,+0.31%,0
"2023-06-01 14:24",12.99,13.02,12.99,13,0,0.00%,0
"2023-06-01 14:25",13,13.03,13,13.02,0.02,+0.15%,0
"2023-06-01 14:26",13.02,13.02,12.98,12.98,-0.04,-0.31%,0
"2023-06-01 14:27",12.98,13,12.98,12.98,0,0.00%,0
"2023-06-01 14:28",12.98,13,12.98,12.99,0.01,+0.08%,0
"2023-06-01 14:29",12.99,12.99,12.98,12.98,-0.01,-0.08%,0
"2023-06-01 14:30",12.99,13.01,12.99,13,0.02,+0.15%,0
"2023-06-01 14:31",13,13.03,13,13.03,0.03,+0.23%,0
"2023-06-01 14:32",13.02,13.04,13.02,13.04,0.01,+0.08%,0
"2023-06-01 14:33",13.05,13.06,13.05,13.06,0.02,+0.15%,0
"2023-06-01 14:34",13.07,13.09,13.07,13.07,0.01,+0.08%,0
"2023-06-01 14:35",13.1,13.13,13.1,13.1,0.03,+0.23%,0
"2023-06-01 14:36",13.1,13.14,13.1,13.14,0.04,+0.31%,0
"2023-06-01 14:37",13.14,13.16,13.12,13.12,-0.02,-0.15%,0
"2023-06-01 14:38",13.13,13.19,13.13,13.18,0.06,+0.46%,0
"2023-06-01 14:39",13.15,13.16,13.15,13.16,-0.02,-0.15%,0
"2023-06-01 14:40",13.17,13.18,13.14,13.14,-0.02,-0.15%,0
"2023-06-01 14:41",13.16,13.2,13.16,13.19,0.05,+0.38%,0
"2023-06-01 14:42",13.2,13.23,13.18,13.18,-0.01,-0.08%,0
"2023-06-01 14:43",13.2,13.24,13.2,13.24,0.06,+0.46%,0
"2023-06-01 14:44",13.23,13.26,13.23,13.26,0.02,+0.15%,0
"2023-06-01 14:45",13.25,13.28,13.25,13.26,0,0.00%,0
"2023-06-01 14:46",13.27,13.29,13.27,13.29,0.03,+0.23%,0
"2023-06-01 14:47",13.28,13.32,13.28,13.31,0.02,+0.15%,0
"2023-06-01 14:48",13.3,13.34,13.3,13.34,0.03,+0.23%,0
"2023-06-01 14:49",13.34,13.38,13.34,13.38,0.04,+0.30%,0
"2023-06-01 14:50",13.38,13.41,13.38,13.41,0.03,+0.22%,0
"2023-06-01 14:51",13.4,13.44,13.4,13.43,0.02,+0.15%,0
"2023-06-01 14:52",13.43,13.46,13.43,13.46,0.03,+0.22%,0
"2023-06-01 14:53",13.44,13.48,13.44,13.48,0.02,+0.15%,0
"2023-06-01 14:54",13.47,13.49,13.46,13.46,-0.02,-0.15%,0
"2023-06-01 14:55",13.48,13.49,13.48,13.49,0.03,+0.22%,0
"2023-06-01 14:56",13.48,13.48,13.45,13.45,-0.04,-0.30%,0
"2023-06-01 14:57",13.44,13.46,13.44,13.46,0.01,+0.07%,0
"2023-06-01 14:58",13.48,13.51,13.48,13.5,0.04,+0.30%,0
"2023-06-01 14:59",13.48,13.48,13.47,13.47,-0.03,-0.22%,0
"2023-06-01 15:00",13.46,13.46,13.43,13.43,-0.04,-0.30%,0
"2023-06-01 15:01",13.44,13.45,13.44,13.45,0.02,+0.15%,0
"2023-06-01 15:02",13.45,13.45,13.43,13.43,-0.02,-0.15%,0
"2023-06-01 15:03",13.45,13.47,13.45,13.47,0.04,+0.30%,0
"2023-06-01 15:04",13.48,13.51,13.48,13.51,0.04,+0.30%,0
"2023-06-01 15:05",13.58,13.64,13.54,13.54,0.03,+0.22%,0
"2023-06-01 15:06",13.48,13.5,13.48,13.48,-0.06,-0.44%,0
"2023-06-01 15:07",13.48,13.53,13.48,13.53,0.05,+0.37%,0
"2023-06-01 15:08",13.52,13.54,13.52,13.53,0,0.00%,0
"2023-06-01 15:09",13.53,13.55,13.51,13.54,0.01,+0.07%,0
"2023-06-01 15:10",13.54,13.59,13.54,13.58,0.04,+0.30%,0
"2023-06-01 15:11",13.56,13.62,13.56,13.62,0.04,+0.29%,0
"2023-06-01 15:12",13.61,13.62,13.61,13.62,0,0.00%,0
"2023-06-01 15:13",13.62,13.65,13.62,13.65,0.03,+0.22%,0
"2023-06-01 15:14",13.65,13.67,13.65,13.65,0,0.00%,0
"2023-06-01 15:15",13.63,13.66,13.63,13.64,-0.01,-0.07%,0
"2023-06-01 15:16",13.66,13.69,13.66,13.67,0.03,+0.22%,0
"2023-06-01 15:17",13.67,13.7,13.67,13.7,0.03,+0.22%,0
"2023-06-01 15:18",13.69,13.73,13.69,13.71,0.01,+0.07%,0
"2023-06-01 15:19",13.7,13.75,13.7,13.75,0.04,+0.29%,0
"2023-06-01 15:20",13.63,13.66,13.59,13.59,-0.16,-1.16%,0
"2023-06-01 15:21",13.58,13.6,13.58,13.59,0,0.00%,0
"2023-06-01 15:22",13.58,13.58,13.57,13.57,-0.02,-0.15%,0
"2023-06-01 15:23",13.57,13.59,13.57,13.58,0.01,+0.07%,0
"2023-06-01 15:24",13.55,13.55,13.55,13.55,-0.03,-0.22%,0
"2023-06-01 15:25",13.56,13.56,13.55,13.56,0.01,+0.07%,0
"2023-06-01 15:26",13.55,13.58,13.55,13.57,0.01,+0.07%,0
"2023-06-01 15:27",13.57,13.58,13.57,13.57,0,0.00%,0
"2023-06-01 15:28",13.58,13.6,13.58,13.58,0.01,+0.07%,0
"2023-06-01 15:29",13.61,13.64,13.6,13.64,0.06,+0.44%,0
"2023-06-01 15:30",13.65,13.65,13.56,13.59,-0.05,-0.37%,0
"2023-06-01 15:31",13.58,13.72,13.58,13.72,0.13,+0.96%,0
"2023-06-01 15:32",13.83,13.88,13.83,13.88,0.16,+1.17%,0
"2023-06-01 15:33",13.87,13.95,13.87,13.94,0.06,+0.43%,0
"2023-06-01 15:34",13.96,14.06,13.96,14.06,0.12,+0.86%,0
"2023-06-01 15:35",14.03,14.05,14.03,14.04,-0.02,-0.14%,0
"2023-06-01 15:36",14.08,14.13,14.08,14.12,0.08,+0.57%,0
"2023-06-01 15:37",14.09,14.2,14.09,14.2,0.08,+0.57%,0
"2023-06-01 15:38",14.22,14.46,14.22,14.46,0.26,+1.83%,0
"2023-06-01 15:39",14.43,14.44,14.41,14.41,-0.05,-0.35%,0
"2023-06-01 15:40",14.41,14.44,14.38,14.38,-0.03,-0.21%,0
"2023-06-01 15:41",14.4,14.43,14.4,14.42,0.04,+0.28%,0
"2023-06-01 15:42",14.38,14.42,14.38,14.38,-0.04,-0.28%,0
"2023-06-01 15:43",14.34,14.42,14.34,14.42,0.04,+0.28%,0
"2023-06-01 15:44",14.39,14.39,14.33,14.33,-0.09,-0.62%,0
"2023-06-01 15:45",14.31,14.31,14.18,14.18,-0.15,-1.05%,0
"2023-06-01 15:46",14.18,14.19,14.15,14.15,-0.03,-0.21%,0
"2023-06-01 15:47",14.1,14.14,14.1,14.14,-0.01,-0.07%,0
"2023-06-01 15:48",14.15,14.15,14.1,14.1,-0.04,-0.28%,0
"2023-06-01 15:49",14.04,14.06,13.99,13.99,-0.11,-0.78%,0
"2023-06-01 15:50",13.86,14.03,13.86,14.03,0.04,+0.29%,0
"2023-06-01 15:51",14.03,14.03,14.01,14.02,-0.01,-0.07%,0
"2023-06-01 15:52",13.99,14.01,13.96,13.96,-0.06,-0.43%,0
"2023-06-01 15:53",13.94,13.96,13.93,13.93,-0.03,-0.21%,0
"2023-06-01 15:54",13.91,13.93,13.91,13.92,-0.01,-0.07%,0
"2023-06-01 15:55",13.94,13.98,13.94,13.97,0.05,+0.36%,0
"2023-06-01 15:56",13.97,14,13.97,13.99,0.02,+0.14%,0
"2023-06-01 15:57",13.98,14.01,13.98,14,0.01,+0.07%,0
"2023-06-01 15:58",14,14,13.98,14,0,0.00%,0
"2023-06-01 15:59",14.1,14.1,14.04,14.04,0.04,+0.29%,0
"2023-06-01 16:00",13.92,14.05,13.92,14.04,0,0.00%,0
"2023-06-01 16:01",14.02,14.02,13.98,13.98,-0.06,-0.43%,0
"2023-06-01 16:02",14.04,14.06,14.03,14.03,0.05,+0.36%,0
"2023-06-01 16:03",13.97,13.97,13.93,13.93,-0.1,-0.71%,0
"2023-06-01 16:04",13.9,13.9,13.87,13.87,-0.06,-0.43%,0
"2023-06-01 16:05",13.85,13.85,13.82,13.83,-0.04,-0.29%,0
"2023-06-01 16:06",13.9,13.94,13.9,13.91,0.08,+0.58%,0
"2023-06-01 16:07",13.93,13.94,13.93,13.94,0.03,+0.22%,0
"2023-06-01 16:08",13.92,13.94,13.92,13.94,0,0.00%,0
"2023-06-01 16:09",13.93,13.96,13.93,13.95,0.01,+0.07%,0
"2023-06-01 16:10",13.94,13.96,13.94,13.95,0,0.00%,0
"2023-06-01 16:11",13.94,13.95,13.94,13.94,-0.01,-0.07%,0
"2023-06-01 16:12",13.94,13.96,13.94,13.95,0.01,+0.07%,0
"2023-06-01 16:13",13.95,13.98,13.95,13.96,0.01,+0.07%,0
"2023-06-01 16:14",13.96,13.98,13.93,13.93,-0.03,-0.21%,0
"2023-06-01 16:15",13.98,13.98,13.98,13.98,0.05,+0.36%,0
"2023-06-02 09:31",10.64,10.82,10.64,10.75,-3.23,-23.10%,0
"2023-06-02 09:32",10.66,10.99,10.66,10.99,0.24,+2.23%,0
"2023-06-02 09:33",10.94,11.05,10.94,11.05,0.06,+0.55%,0
"2023-06-02 09:34",11.14,11.29,11.14,11.2,0.15,+1.36%,0
"2023-06-02 09:35",11.22,11.35,11.22,11.33,0.13,+1.16%,0
"2023-06-02 09:36",11.42,11.49,11.42,11.42,0.09,+0.79%,0
"2023-06-02 09:37",11.42,11.45,11.39,11.44,0.02,+0.18%,0
"2023-06-02 09:38",11.42,11.44,11.36,11.36,-0.08,-0.70%,0
"2023-06-02 09:39",11.36,11.39,11.31,11.31,-0.05,-0.44%,0
"2023-06-02 09:40",11.13,11.16,11.03,11.03,-0.28,-2.48%,0
"2023-06-02 09:41",10.97,10.97,10.85,10.88,-0.15,-1.36%,0
"2023-06-02 09:42",10.92,10.93,10.91,10.91,0.03,+0.28%,0
"2023-06-02 09:43",10.93,11.01,10.92,10.98,0.07,+0.64%,0
"2023-06-02 09:44",11,11,10.89,10.96,-0.02,-0.18%,0
"2023-06-02 09:45",10.89,10.94,10.89,10.9,-0.06,-0.55%,0
"2023-06-02 09:46",10.83,10.83,10.73,10.73,-0.17,-1.56%,0
"2023-06-02 09:47",10.85,10.94,10.82,10.82,0.09,+0.84%,0
"2023-06-02 09:48",10.73,10.81,10.73,10.81,-0.01,-0.09%,0
"2023-06-02 09:49",10.82,10.97,10.82,10.95,0.14,+1.30%,0
"2023-06-02 09:50",11,11,10.92,10.92,-0.03,-0.27%,0
"2023-06-02 09:51",10.94,11.01,10.94,11.01,0.09,+0.82%,0
"2023-06-02 09:52",11.12,11.12,10.91,10.91,-0.1,-0.91%,0
"2023-06-02 09:53",10.8,10.88,10.8,10.88,-0.03,-0.27%,0
"2023-06-02 09:54",10.93,11.12,10.93,11.12,0.24,+2.21%,0
"2023-06-02 09:55",11.24,11.34,11.24,11.31,0.19,+1.71%,0
"2023-06-02 09:56",11.06,11.09,11.04,11.04,-0.27,-2.39%,0
"2023-06-02 09:57",11,11.24,11,11.24,0.2,+1.81%,0
"2023-06-02 09:58",11.27,11.42,11.27,11.27,0.03,+0.27%,0
"2023-06-02 09:59",11.23,11.27,11.17,11.18,-0.09,-0.80%,0
"2023-06-02 10:00",11.17,11.2,11.06,11.06,-0.12,-1.07%,0
"2023-06-02 10:01",11.07,11.32,11.06,11.32,0.26,+2.35%,0
"2023-06-02 10:02",11.12,11.12,10.96,10.96,-0.36,-3.18%,0
"2023-06-02 10:03",10.93,10.93,10.81,10.85,-0.11,-1.00%,0
"2023-06-02 10:04",10.84,10.94,10.84,10.94,0.09,+0.83%,0
"2023-06-02 10:05",10.93,10.96,10.91,10.91,-0.03,-0.27%,0
"2023-06-02 10:06",10.9,10.9,10.82,10.82,-0.09,-0.82%,0
"2023-06-02 10:07",10.82,10.86,10.82,10.86,0.04,+0.37%,0
"2023-06-02 10:08",10.88,10.88,10.86,10.87,0.01,+0.09%,0
"2023-06-02 10:09",10.86,10.96,10.86,10.92,0.05,+0.46%,0
"2023-06-02 10:10",10.92,10.93,10.83,10.83,-0.09,-0.82%,0
"2023-06-02 10:11",10.79,10.81,10.79,10.81,-0.02,-0.18%,0
"2023-06-02 10:12",10.83,10.83,10.62,10.62,-0.19,-1.76%,0
"2023-06-02 10:13",10.68,10.69,10.6,10.6,-0.02,-0.19%,0
"2023-06-02 10:14",10.7,10.73,10.69,10.69,0.09,+0.85%,0
"2023-06-02 10:15",10.69,10.69,10.64,10.67,-0.02,-0.19%,0
"2023-06-02 10:16",10.65,10.73,10.64,10.73,0.06,+0.56%,0
"2023-06-02 10:17",10.78,10.79,10.7,10.79,0.06,+0.56%,0
"2023-06-02 10:18",10.76,10.96,10.76,10.93,0.14,+1.30%,0
"2023-06-02 10:19",10.85,10.85,10.79,10.83,-0.1,-0.91%,0
"2023-06-02 10:20",10.83,10.83,10.75,10.75,-0.08,-0.74%,0
"2023-06-02 10:21",10.77,10.83,10.77,10.83,0.08,+0.74%,0
"2023-06-02 10:22",10.93,11.05,10.93,10.98,0.15,+1.39%,0
"2023-06-02 10:23",10.98,10.98,10.92,10.94,-0.04,-0.36%,0
"2023-06-02 10:24",10.95,10.96,10.91,10.91,-0.03,-0.27%,0
"2023-06-02 10:25",10.91,10.97,10.91,10.95,0.04,+0.37%,0
"2023-06-02 10:26",10.85,10.96,10.85,10.95,0,0.00%,0
"2023-06-02 10:27",10.93,10.93,10.86,10.86,-0.09,-0.82%,0
"2023-06-02 10:28",10.75,10.75,10.71,10.71,-0.15,-1.38%,0
"2023-06-02 10:29",10.7,10.73,10.68,10.68,-0.03,-0.28%,0
"2023-06-02 10:30",10.7,10.7,10.68,10.69,0.01,+0.09%,0
"2023-06-02 10:31",10.71,10.71,10.66,10.66,-0.03,-0.28%,0
"2023-06-02 10:32",10.67,10.75,10.63,10.75,0.09,+0.84%,0
"2023-06-02 10:33",10.73,10.81,10.73,10.74,-0.01,-0.09%,0
"2023-06-02 10:34",10.7,10.7,10.69,10.7,-0.04,-0.37%,0
"2023-06-02 10:35",10.64,10.64,10.61,10.61,-0.09,-0.84%,0
"2023-06-02 10:36",10.59,10.65,10.59,10.65,0.04,+0.38%,0
"2023-06-02 10:37",10.61,10.64,10.61,10.64,-0.01,-0.09%,0
"2023-06-02 10:38",10.6,10.63,10.57,10.57,-0.07,-0.66%,0
"2023-06-02 10:39",10.58,10.58,10.55,10.55,-0.02,-0.19%,0
"2023-06-02 10:40",10.59,10.61,10.56,10.61,0.06,+0.57%,0
"2023-06-02 10:41",10.61,10.68,10.61,10.62,0.01,+0.09%,0
"2023-06-02 10:42",10.62,10.62,10.6,10.62,0,0.00%,0
"2023-06-02 10:43",10.62,10.62,10.56,10.59,-0.03,-0.28%,0
"2023-06-02 10:44",10.56,10.56,10.54,10.55,-0.04,-0.38%,0
"2023-06-02 10:45",10.53,10.56,10.5,10.51,-0.04,-0.38%,0
"2023-06-02 10:46",10.52,10.55,10.52,10.55,0.04,+0.38%,0
"2023-06-02 10:47",10.47,10.59,10.47,10.57,0.02,+0.19%,0
"2023-06-02 10:48",10.56,10.59,10.53,10.57,0,0.00%,0
"2023-06-02 10:49",10.55,10.56,10.54,10.54,-0.03,-0.28%,0
"2023-06-02 10:50",10.51,10.54,10.5,10.53,-0.01,-0.09%,0
"2023-06-02 10:51",10.44,10.46,10.43,10.46,-0.07,-0.66%,0
"2023-06-02 10:52",10.49,10.49,10.46,10.48,0.02,+0.19%,0
"2023-06-02 10:53",10.51,10.53,10.51,10.53,0.05,+0.48%,0
"2023-06-02 10:54",10.5,10.54,10.5,10.54,0.01,+0.09%,0
"2023-06-02 10:55",10.5,10.52,10.49,10.49,-0.05,-0.47%,0
"2023-06-02 10:56",10.47,10.51,10.47,10.5,0.01,+0.10%,0
"2023-06-02 10:57",10.47,10.48,10.45,10.45,-0.05,-0.48%,0
"2023-06-02 10:58",10.46,10.46,10.44,10.44,-0.01,-0.10%,0
"2023-06-02 10:59",10.44,10.44,10.36,10.38,-0.06,-0.57%,0
"2023-06-02 11:00",10.36,10.4,10.36,10.38,0,0.00%,0
"2023-06-02 11:01",10.31,10.35,10.3,10.3,-0.08,-0.77%,0
"2023-06-02 11:02",10.4,10.59,10.4,10.57,0.27,+2.62%,0
"2023-06-02 11:03",10.47,10.5,10.47,10.48,-0.09,-0.85%,0
"2023-06-02 11:04",10.43,10.47,10.43,10.47,-0.01,-0.10%,0
"2023-06-02 11:05",10.45,10.45,10.39,10.43,-0.04,-0.38%,0
"2023-06-02 11:06",10.43,10.44,10.39,10.43,0,0.00%,0
"2023-06-02 11:07",10.43,10.49,10.43,10.43,0,0.00%,0
"2023-06-02 11:08",10.45,10.49,10.41,10.41,-0.02,-0.19%,0
"2023-06-02 11:09",10.43,10.48,10.43,10.47,0.06,+0.58%,0
"2023-06-02 11:10",10.45,10.48,10.45,10.48,0.01,+0.10%,0
"2023-06-02 11:11",10.45,10.47,10.44,10.44,-0.04,-0.38%,0
"2023-06-02 11:12",10.42,10.46,10.42,10.46,0.02,+0.19%,0
"2023-06-02 11:13",10.49,10.51,10.49,10.5,0.04,+0.38%,0
"2023-06-02 11:14",10.51,10.51,10.48,10.48,-0.02,-0.19%,0
"2023-06-02 11:15",10.5,10.5,10.46,10.47,-0.01,-0.10%,0
"2023-06-02 11:16",10.47,10.49,10.45,10.45,-0.02,-0.19%,0
"2023-06-02 11:17",10.45,10.46,10.44,10.44,-0.01,-0.10%,0
"2023-06-02 11:18",10.43,10.45,10.43,10.45,0.01,+0.10%,0
"2023-06-02 11:19",10.45,10.45,10.37,10.39,-0.06,-0.57%,0
"2023-06-02 11:20",10.4,10.41,10.39,10.41,0.02,+0.19%,0
"2023-06-02 11:21",10.37,10.37,10.32,10.32,-0.09,-0.86%,0
"2023-06-02 11:22",10.31,10.34,10.31,10.34,0.02,+0.19%,0
"2023-06-02 11:23",10.3,10.42,10.3,10.42,0.08,+0.77%,0
"2023-06-02 11:24",10.42,10.53,10.42,10.53,0.11,+1.06%,0
"2023-06-02 11:25",10.53,10.56,10.5,10.5,-0.03,-0.28%,0
"2023-06-02 11:26",10.52,10.57,10.52,10.54,0.04,+0.38%,0
"2023-06-02 11:27",10.56,10.6,10.56,10.57,0.03,+0.28%,0
"2023-06-02 11:28",10.52,10.56,10.52,10.53,-0.04,-0.38%,0
"2023-06-02 11:29",10.55,10.58,10.55,10.57,0.04,+0.38%,0
"2023-06-02 11:30",10.6,10.6,10.57,10.57,0,0.00%,0
"2023-06-02 11:31",10.56,10.6,10.56,10.56,-0.01,-0.09%,0
"2023-06-02 11:32",10.59,10.61,10.59,10.61,0.05,+0.47%,0
"2023-06-02 11:33",10.61,10.65,10.61,10.63,0.02,+0.19%,0
"2023-06-02 11:34",10.63,10.66,10.63,10.66,0.03,+0.28%,0
"2023-06-02 11:35",10.65,10.69,10.65,10.65,-0.01,-0.09%,0
"2023-06-02 11:36",10.67,10.71,10.66,10.71,0.06,+0.56%,0
"2023-06-02 11:37",10.69,10.69,10.67,10.67,-0.04,-0.37%,0
"2023-06-02 11:38",10.67,10.7,10.67,10.68,0.01,+0.09%,0
"2023-06-02 11:39",10.69,10.69,10.65,10.65,-0.03,-0.28%,0
"2023-06-02 11:40",10.68,10.69,10.64,10.64,-0.01,-0.09%,0
"2023-06-02 11:41",10.64,10.68,10.64,10.67,0.03,+0.28%,0
"2023-06-02 11:42",10.66,10.67,10.62,10.62,-0.05,-0.47%,0
"2023-06-02 11:43",10.62,10.67,10.62,10.65,0.03,+0.28%,0
"2023-06-02 11:44",10.72,10.75,10.71,10.71,0.06,+0.56%,0
"2023-06-02 11:45",10.7,10.73,10.69,10.69,-0.02,-0.19%,0
"2023-06-02 11:46",10.67,10.7,10.67,10.67,-0.02,-0.19%,0
"2023-06-02 11:47",10.67,10.7,10.67,10.69,0.02,+0.19%,0
"2023-06-02 11:48",10.66,10.66,10.57,10.57,-0.12,-1.12%,0
"2023-06-02 11:49",10.57,10.57,10.55,10.55,-0.02,-0.19%,0
"2023-06-02 11:50",10.49,10.51,10.49,10.51,-0.04,-0.38%,0
"2023-06-02 11:51",10.45,10.53,10.45,10.53,0.02,+0.19%,0
"2023-06-02 11:52",10.52,10.54,10.52,10.53,0,0.00%,0
"2023-06-02 11:53",10.54,10.56,10.54,10.55,0.02,+0.19%,0
"2023-06-02 11:54",10.52,10.53,10.51,10.51,-0.04,-0.38%,0
"2023-06-02 11:55",10.53,10.56,10.53,10.53,0.02,+0.19%,0
"2023-06-02 11:56",10.5,10.53,10.48,10.53,0,0.00%,0
"2023-06-02 11:57",10.5,10.52,10.49,10.49,-0.04,-0.38%,0
"2023-06-02 11:58",10.51,10.53,10.51,10.53,0.04,+0.38%,0
"2023-06-02 11:59",10.52,10.58,10.52,10.58,0.05,+0.47%,0
"2023-06-02 12:00",10.57,10.57,10.54,10.54,-0.04,-0.38%,0
"2023-06-02 12:01",10.54,10.6,10.54,10.6,0.06,+0.57%,0
"2023-06-02 12:02",10.57,10.6,10.57,10.6,0,0.00%,0
"2023-06-02 12:03",10.59,10.61,10.59,10.6,0,0.00%,0
"2023-06-02 12:04",10.6,10.6,10.59,10.59,-0.01,-0.09%,0
"2023-06-02 12:05",10.59,10.59,10.57,10.57,-0.02,-0.19%,0
"2023-06-02 12:06",10.52,10.57,10.52,10.56,-0.01,-0.09%,0
"2023-06-02 12:07",10.57,10.6,10.57,10.6,0.04,+0.38%,0
"2023-06-02 12:08",10.64,10.65,10.62,10.64,0.04,+0.38%,0
"2023-06-02 12:09",10.63,10.64,10.63,10.64,0,0.00%,0
"2023-06-02 12:10",10.64,10.67,10.64,10.67,0.03,+0.28%,0
"2023-06-02 12:11",10.69,10.73,10.69,10.69,0.02,+0.19%,0
"2023-06-02 12:12",10.72,10.74,10.72,10.74,0.05,+0.47%,0
"2023-06-02 12:13",10.75,10.8,10.75,10.75,0.01,+0.09%,0
"2023-06-02 12:14",10.71,10.71,10.68,10.68,-0.07,-0.65%,0
"2023-06-02 12:15",10.67,10.72,10.67,10.7,0.02,+0.19%,0
"2023-06-02 12:16",10.72,10.72,10.68,10.68,-0.02,-0.19%,0
"2023-06-02 12:17",10.67,10.73,10.67,10.73,0.05,+0.47%,0
"2023-06-02 12:18",10.76,10.76,10.75,10.76,0.03,+0.28%,0
"2023-06-02 12:19",10.75,10.79,10.75,10.76,0,0.00%,0
"2023-06-02 12:20",10.76,10.76,10.73,10.74,-0.02,-0.19%,0
"2023-06-02 12:21",10.74,10.79,10.74,10.79,0.05,+0.47%,0
"2023-06-02 12:22",10.77,10.8,10.77,10.8,0.01,+0.09%,0
"2023-06-02 12:23",10.8,10.84,10.8,10.83,0.03,+0.28%,0
"2023-06-02 12:24",10.85,10.85,10.81,10.81,-0.02,-0.18%,0
"2023-06-02 12:25",10.83,10.85,10.81,10.82,0.01,+0.09%,0
"2023-06-02 12:26",10.79,10.8,10.77,10.77,-0.05,-0.46%,0
"2023-06-02 12:27",10.78,10.82,10.78,10.81,0.04,+0.37%,0
"2023-06-02 12:28",10.82,10.84,10.82,10.83,0.02,+0.19%,0
"2023-06-02 12:29",10.86,10.86,10.81,10.81,-0.02,-0.18%,0
"2023-06-02 12:30",10.78,10.78,10.78,10.78,-0.03,-0.28%,0
"2023-06-02 12:31",10.78,10.81,10.78,10.81,0.03,+0.28%,0
"2023-06-02 12:32",10.82,10.85,10.82,10.84,0.03,+0.28%,0
"2023-06-02 12:33",10.84,10.87,10.84,10.85,0.01,+0.09%,0
"2023-06-02 12:34",10.86,10.88,10.86,10.88,0.03,+0.28%,0
"2023-06-02 12:35",10.87,10.9,10.87,10.9,0.02,+0.18%,0
"2023-06-02 12:36",10.92,10.94,10.92,10.92,0.02,+0.18%,0
"2023-06-02 12:37",10.94,10.96,10.94,10.96,0.04,+0.37%,0
"2023-06-02 12:38",10.97,10.98,10.96,10.98,0.02,+0.18%,0
"2023-06-02 12:39",11,11.05,11,11.05,0.07,+0.64%,0
"2023-06-02 12:40",11.07,11.09,11.06,11.09,0.04,+0.36%,0
"2023-06-02 12:41",11.08,11.11,11.08,11.09,0,0.00%,0
"2023-06-02 12:42",11.07,11.12,11.07,11.1,0.01,+0.09%,0
"2023-06-02 12:43",11.09,11.09,11.07,11.07,-0.03,-0.27%,0
"2023-06-02 12:44",11.08,11.08,11.05,11.06,-0.01,-0.09%,0
"2023-06-02 12:45",11.06,11.08,11.06,11.08,0.02,+0.18%,0
"2023-06-02 12:46",11.08,11.09,11.07,11.07,-0.01,-0.09%,0
"2023-06-02 12:47",11.08,11.08,11.05,11.07,0,0.00%,0
"2023-06-02 12:48",11.07,11.1,11.07,11.1,0.03,+0.27%,0
"2023-06-02 12:49",11.05,11.09,11.05,11.09,-0.01,-0.09%,0
"2023-06-02 12:50",11.07,11.07,11.02,11.02,-0.07,-0.63%,0
"2023-06-02 12:51",11.04,11.12,11.04,11.12,0.1,+0.91%,0
"2023-06-02 12:52",11.1,11.12,11.1,11.11,-0.01,-0.09%,0
"2023-06-02 12:53",11.11,11.11,11.08,11.08,-0.03,-0.27%,0
"2023-06-02 12:54",11.08,11.12,11.08,11.12,0.04,+0.36%,0
"2023-06-02 12:55",11.1,11.15,11.1,11.15,0.03,+0.27%,0
"2023-06-02 12:56",11.14,11.21,11.14,11.21,0.06,+0.54%,0
"2023-06-02 12:57",11.21,11.29,11.21,11.29,0.08,+0.71%,0
"2023-06-02 12:58",11.27,11.29,11.27,11.28,-0.01,-0.09%,0
"2023-06-02 12:59",11.29,11.31,11.29,11.3,0.02,+0.18%,0
"2023-06-02 13:00",11.3,11.33,11.3,11.32,0.02,+0.18%,0
"2023-06-02 13:01",11.33,11.34,11.31,11.34,0.02,+0.18%,0
"2023-06-02 13:02",11.33,11.36,11.33,11.36,0.02,+0.18%,0
"2023-06-02 13:03",11.35,11.36,11.33,11.36,0,0.00%,0
"2023-06-02 13:04",11.37,11.39,11.37,11.39,0.03,+0.26%,0
"2023-06-02 13:05",11.39,11.41,11.39,11.4,0.01,+0.09%,0
"2023-06-02 13:06",11.39,11.41,11.39,11.4,0,0.00%,0
"2023-06-02 13:07",11.4,11.4,11.35,11.35,-0.05,-0.44%,0
"2023-06-02 13:08",11.34,11.35,11.32,11.32,-0.03,-0.26%,0
"2023-06-02 13:09",11.34,11.34,11.33,11.33,0.01,+0.09%,0
"2023-06-02 13:10",11.33,11.36,11.33,11.35,0.02,+0.18%,0
"2023-06-02 13:11",11.35,11.4,11.35,11.4,0.05,+0.44%,0
"2023-06-02 13:12",11.38,11.41,11.38,11.4,0,0.00%,0
"2023-06-02 13:13",11.4,11.4,11.37,11.38,-0.02,-0.18%,0
"2023-06-02 13:14",11.36,11.38,11.36,11.37,-0.01,-0.09%,0
"2023-06-02 13:15",11.36,11.39,11.34,11.34,-0.03,-0.26%,0
"2023-06-02 13:16",11.36,11.37,11.36,11.37,0.03,+0.26%,0
"2023-06-02 13:17",11.36,11.39,11.36,11.39,0.02,+0.18%,0
"2023-06-02 13:18",11.39,11.41,11.39,11.41,0.02,+0.18%,0
"2023-06-02 13:19",11.41,11.45,11.41,11.45,0.04,+0.35%,0
"2023-06-02 13:20",11.45,11.45,11.44,11.44,-0.01,-0.09%,0
"2023-06-02 13:21",11.46,11.49,11.46,11.48,0.04,+0.35%,0
"2023-06-02 13:22",11.54,11.56,11.54,11.55,0.07,+0.61%,0
"2023-06-02 13:23",11.54,11.54,11.53,11.53,-0.02,-0.17%,0
"2023-06-02 13:24",11.54,11.58,11.54,11.58,0.05,+0.43%,0
"2023-06-02 13:25",11.57,11.59,11.57,11.58,0,0.00%,0
"2023-06-02 13:26",11.55,11.57,11.51,11.51,-0.07,-0.60%,0
"2023-06-02 13:27",11.49,11.54,11.49,11.54,0.03,+0.26%,0
"2023-06-02 13:28",11.54,11.56,11.54,11.55,0.01,+0.09%,0
"2023-06-02 13:29",11.54,11.56,11.54,11.56,0.01,+0.09%,0
"2023-06-02 13:30",11.57,11.59,11.57,11.59,0.03,+0.26%,0
"2023-06-02 13:31",11.58,11.63,11.58,11.62,0.03,+0.26%,0
"2023-06-02 13:32",11.61,11.65,11.61,11.64,0.02,+0.17%,0
"2023-06-02 13:33",11.64,11.66,11.64,11.64,0,0.00%,0
"2023-06-02 13:34",11.62,11.64,11.62,11.64,0,0.00%,0
"2023-06-02 13:35",11.64,11.65,11.64,11.65,0.01,+0.09%,0
"2023-06-02 13:36",11.67,11.69,11.67,11.67,0.02,+0.17%,0
"2023-06-02 13:37",11.68,11.7,11.68,11.69,0.02,+0.17%,0
"2023-06-02 13:38",11.7,11.71,11.7,11.71,0.02,+0.17%,0
"2023-06-02 13:39",11.69,11.72,11.69,11.72,0.01,+0.09%,0
"2023-06-02 13:40",11.73,11.76,11.73,11.74,0.02,+0.17%,0
"2023-06-02 13:41",11.73,11.76,11.73,11.76,0.02,+0.17%,0
"2023-06-02 13:42",11.75,11.76,11.68,11.68,-0.08,-0.68%,0
"2023-06-02 13:43",11.72,11.77,11.72,11.77,0.09,+0.77%,0
"2023-06-02 13:44",11.75,11.76,11.72,11.72,-0.05,-0.42%,0
"2023-06-02 13:45",11.72,11.73,11.72,11.73,0.01,+0.09%,0
"2023-06-02 13:46",11.71,11.77,11.71,11.74,0.01,+0.09%,0
"2023-06-02 13:47",11.72,11.73,11.72,11.73,-0.01,-0.09%,0
"2023-06-02 13:48",11.75,11.78,11.75,11.78,0.05,+0.43%,0
"2023-06-02 13:49",11.77,11.79,11.77,11.77,-0.01,-0.08%,0
"2023-06-02 13:50",11.76,11.8,11.76,11.8,0.03,+0.25%,0
"2023-06-02 13:51",11.81,11.81,11.78,11.78,-0.02,-0.17%,0
"2023-06-02 13:52",11.78,11.81,11.78,11.81,0.03,+0.25%,0
"2023-06-02 13:53",11.81,11.83,11.81,11.82,0.01,+0.08%,0
"2023-06-02 13:54",11.82,11.84,11.82,11.84,0.02,+0.17%,0
"2023-06-02 13:55",11.84,11.86,11.84,11.85,0.01,+0.08%,0
"2023-06-02 13:56",11.85,11.85,11.83,11.83,-0.02,-0.17%,0
"2023-06-02 13:57",11.83,11.85,11.83,11.85,0.02,+0.17%,0
"2023-06-02 13:58",11.82,11.85,11.82,11.83,-0.02,-0.17%,0
"2023-06-02 13:59",11.79,11.79,11.75,11.75,-0.08,-0.68%,0
"2023-06-02 14:00",11.73,11.76,11.73,11.76,0.01,+0.09%,0
"2023-06-02 14:01",11.74,11.76,11.66,11.69,-0.07,-0.60%,0
"2023-06-02 14:02",11.68,11.68,11.67,11.67,-0.02,-0.17%,0
"2023-06-02 14:03",11.67,11.68,11.64,11.64,-0.03,-0.26%,0
"2023-06-02 14:04",11.65,11.68,11.65,11.68,0.04,+0.34%,0
"2023-06-02 14:05",11.68,11.7,11.68,11.7,0.02,+0.17%,0
"2023-06-02 14:06",11.67,11.7,11.67,11.69,-0.01,-0.09%,0
"2023-06-02 14:07",11.67,11.76,11.67,11.74,0.05,+0.43%,0
"2023-06-02 14:08",11.76,11.8,11.75,11.75,0.01,+0.09%,0
"2023-06-02 14:09",11.74,11.76,11.72,11.72,-0.03,-0.26%,0
"2023-06-02 14:10",11.76,11.86,11.76,11.86,0.14,+1.19%,0
"2023-06-02 14:11",11.83,11.85,11.82,11.82,-0.04,-0.34%,0
"2023-06-02 14:12",11.81,11.81,11.78,11.81,-0.01,-0.08%,0
"2023-06-02 14:13",11.8,11.84,11.8,11.84,0.03,+0.25%,0
"2023-06-02 14:14",11.83,11.85,11.83,11.85,0.01,+0.08%,0
"2023-06-02 14:15",11.86,11.86,11.84,11.85,0,0.00%,0
"2023-06-02 14:16",11.85,11.86,11.84,11.84,-0.01,-0.08%,0
"2023-06-02 14:17",11.84,11.85,11.82,11.83,-0.01,-0.08%,0
"2023-06-02 14:18",11.83,11.85,11.83,11.85,0.02,+0.17%,0
"2023-06-02 14:19",11.85,11.87,11.83,11.83,-0.02,-0.17%,0
"2023-06-02 14:20",11.83,11.85,11.8,11.8,-0.03,-0.25%,0
"2023-06-02 14:21",11.8,11.82,11.75,11.75,-0.05,-0.42%,0
"2023-06-02 14:22",11.78,11.8,11.78,11.78,0.03,+0.26%,0
"2023-06-02 14:23",11.8,11.82,11.8,11.8,0.02,+0.17%,0
"2023-06-02 14:24",11.8,11.81,11.8,11.81,0.01,+0.08%,0
"2023-06-02 14:25",11.81,11.81,11.81,11.81,0,0.00%,0
"2023-06-02 14:26",11.82,11.83,11.82,11.82,0.01,+0.08%,0
"2023-06-02 14:27",11.82,11.86,11.82,11.84,0.02,+0.17%,0
"2023-06-02 14:28",11.85,11.86,11.85,11.86,0.02,+0.17%,0
"2023-06-02 14:29",11.87,11.9,11.87,11.87,0.01,+0.08%,0
"2023-06-02 14:30",11.87,11.89,11.87,11.87,0,0.00%,0
"2023-06-02 14:31",11.88,11.88,11.88,11.88,0.01,+0.08%,0
"2023-06-02 14:32",11.89,11.9,11.87,11.9,0.02,+0.17%,0
"2023-06-02 14:33",11.9,11.92,11.9,11.92,0.02,+0.17%,0
"2023-06-02 14:34",11.92,11.94,11.91,11.94,0.02,+0.17%,0
"2023-06-02 14:35",11.92,11.95,11.92,11.95,0.01,+0.08%,0
"2023-06-02 14:36",11.95,11.96,11.95,11.96,0.01,+0.08%,0
"2023-06-02 14:37",11.96,11.99,11.96,11.99,0.03,+0.25%,0
"2023-06-02 14:38",11.98,12.01,11.98,12.01,0.02,+0.17%,0
"2023-06-02 14:39",12.01,12.04,12.01,12.02,0.01,+0.08%,0
"2023-06-02 14:40",12,12.02,12,12.02,0,0.00%,0
"2023-06-02 14:41",12.02,12.04,12.02,12.04,0.02,+0.17%,0
"2023-06-02 14:42",12.04,12.07,12.04,12.06,0.02,+0.17%,0
"2023-06-02 14:43",12.05,12.07,12.05,12.07,0.01,+0.08%,0
"2023-06-02 14:44",12.09,12.11,12.08,12.08,0.01,+0.08%,0
"2023-06-02 14:45",12.09,12.1,12.09,12.1,0.02,+0.17%,0
"2023-06-02 14:46",12.1,12.1,12.09,12.1,0,0.00%,0
"2023-06-02 14:47",12.1,12.1,12.08,12.08,-0.02,-0.17%,0
"2023-06-02 14:48",12.09,12.11,12.09,12.09,0.01,+0.08%,0
"2023-06-02 14:49",12.08,12.15,12.08,12.15,0.06,+0.50%,0
"2023-06-02 14:50",12.15,12.16,12.14,12.15,0,0.00%,0
"2023-06-02 14:51",12.15,12.18,12.15,12.17,0.02,+0.16%,0
"2023-06-02 14:52",12.17,12.18,12.16,12.16,-0.01,-0.08%,0
"2023-06-02 14:53",12.17,12.17,12.15,12.15,-0.01,-0.08%,0
"2023-06-02 14:54",12.14,12.15,12.14,12.15,0,0.00%,0
"2023-06-02 14:55",12.14,12.19,12.14,12.18,0.03,+0.25%,0
"2023-06-02 14:56",12.18,12.19,12.18,12.19,0.01,+0.08%,0
"2023-06-02 14:57",12.1,12.13,12.1,12.11,-0.08,-0.66%,0
"2023-06-02 14:58",12.11,12.11,12.08,12.08,-0.03,-0.25%,0
"2023-06-02 14:59",12.06,12.11,12.06,12.11,0.03,+0.25%,0
"2023-06-02 15:00",12.09,12.1,12.05,12.05,-0.06,-0.50%,0
"2023-06-02 15:01",12.04,12.04,12.01,12.01,-0.04,-0.33%,0
"2023-06-02 15:02",12,12,11.96,11.96,-0.05,-0.42%,0
"2023-06-02 15:03",12,12.03,12,12.02,0.06,+0.50%,0
"2023-06-02 15:04",12.01,12.03,12.01,12.03,0.01,+0.08%,0
"2023-06-02 15:05",12.04,12.06,12.03,12.04,0.01,+0.08%,0
"2023-06-02 15:06",12.03,12.09,12.03,12.09,0.05,+0.42%,0
"2023-06-02 15:07",12.07,12.11,12.07,12.11,0.02,+0.17%,0
"2023-06-02 15:08",12.13,12.15,12.13,12.14,0.03,+0.25%,0
"2023-06-02 15:09",12.14,12.17,12.13,12.13,-0.01,-0.08%,0
"2023-06-02 15:10",12.1,12.12,12.1,12.12,-0.01,-0.08%,0
"2023-06-02 15:11",12.11,12.13,12.1,12.13,0.01,+0.08%,0
"2023-06-02 15:12",12.13,12.14,12.12,12.12,-0.01,-0.08%,0
"2023-06-02 15:13",12.1,12.1,12.08,12.09,-0.03,-0.25%,0
"2023-06-02 15:14",12.11,12.11,12.1,12.1,0.01,+0.08%,0
"2023-06-02 15:15",12.1,12.11,12.08,12.08,-0.02,-0.17%,0
"2023-06-02 15:16",12.05,12.05,12.04,12.04,-0.04,-0.33%,0
"2023-06-02 15:17",12.06,12.06,12.04,12.05,0.01,+0.08%,0
"2023-06-02 15:18",12.05,12.06,12.05,12.06,0.01,+0.08%,0
"2023-06-02 15:19",12.07,12.1,12.07,12.1,0.04,+0.33%,0
"2023-06-02 15:20",12.1,12.11,12.1,12.1,0,0.00%,0
"2023-06-02 15:21",12.08,12.13,12.08,12.13,0.03,+0.25%,0
"2023-06-02 15:22",12.13,12.14,12.1,12.1,-0.03,-0.25%,0
"2023-06-02 15:23",12.1,12.13,12.1,12.13,0.03,+0.25%,0
"2023-06-02 15:24",12.13,12.13,12.11,12.12,-0.01,-0.08%,0
"2023-06-02 15:25",12.12,12.14,12.11,12.11,-0.01,-0.08%,0
"2023-06-02 15:26",12.11,12.14,12.11,12.14,0.03,+0.25%,0
"2023-06-02 15:27",12.16,12.2,12.16,12.2,0.06,+0.49%,0
"2023-06-02 15:28",12.2,12.2,12.17,12.19,-0.01,-0.08%,0
"2023-06-02 15:29",12.15,12.16,12.11,12.11,-0.08,-0.66%,0
"2023-06-02 15:30",12.09,12.11,12.09,12.11,0,0.00%,0
"2023-06-02 15:31",12.1,12.1,12.07,12.07,-0.04,-0.33%,0
"2023-06-02 15:32",12.06,12.06,12.05,12.05,-0.02,-0.17%,0
"2023-06-02 15:33",12.05,12.08,12.05,12.07,0.02,+0.17%,0
"2023-06-02 15:34",12.08,12.12,12.08,12.12,0.05,+0.41%,0
"2023-06-02 15:35",12.12,12.15,12.12,12.15,0.03,+0.25%,0
"2023-06-02 15:36",12.13,12.14,12.13,12.13,-0.02,-0.16%,0
"2023-06-02 15:37",12.13,12.18,12.13,12.13,0,0.00%,0
"2023-06-02 15:38",12.11,12.12,12.08,12.08,-0.05,-0.41%,0
"2023-06-02 15:39",12.07,12.11,12.07,12.11,0.03,+0.25%,0
"2023-06-02 15:40",12.08,12.09,12.08,12.08,-0.03,-0.25%,0
"2023-06-02 15:41",12.07,12.08,12.06,12.06,-0.02,-0.17%,0
"2023-06-02 15:42",11.99,12.01,11.99,12.01,-0.05,-0.41%,0
"2023-06-02 15:43",12.02,12.04,11.98,11.98,-0.03,-0.25%,0
"2023-06-02 15:44",11.97,12.06,11.97,12.04,0.06,+0.50%,0
"2023-06-02 15:45",11.9,11.9,11.87,11.87,-0.17,-1.41%,0
"2023-06-02 15:46",11.86,11.88,11.85,11.85,-0.02,-0.17%,0
"2023-06-02 15:47",11.85,11.85,11.81,11.81,-0.04,-0.34%,0
"2023-06-02 15:48",11.71,11.71,11.7,11.7,-0.11,-0.93%,0
"2023-06-02 15:49",11.68,11.71,11.68,11.71,0.01,+0.09%,0
"2023-06-02 15:50",11.69,11.69,11.64,11.65,-0.06,-0.51%,0
"2023-06-02 15:51",11.66,11.66,11.61,11.61,-0.04,-0.34%,0
"2023-06-02 15:52",11.59,11.69,11.59,11.69,0.08,+0.69%,0
"2023-06-02 15:53",11.69,11.74,11.69,11.73,0.04,+0.34%,0
"2023-06-02 15:54",11.73,11.81,11.73,11.79,0.06,+0.51%,0
"2023-06-02 15:55",11.75,11.88,11.75,11.88,0.09,+0.76%,0
"2023-06-02 15:56",11.92,11.99,11.83,11.83,-0.05,-0.42%,0
"2023-06-02 15:57",11.84,11.84,11.8,11.8,-0.03,-0.25%,0
"2023-06-02 15:58",11.77,11.77,11.67,11.73,-0.07,-0.59%,0
"2023-06-02 15:59",11.71,11.77,11.54,11.75,0.02,+0.17%,0
"2023-06-02 16:00",11.7,11.7,11.48,11.5,-0.25,-2.13%,0
"2023-06-02 16:01",11.56,11.56,11.54,11.55,0.05,+0.43%,0
"2023-06-02 16:02",11.68,11.7,11.68,11.69,0.14,+1.21%,0
"2023-06-02 16:03",11.69,11.75,11.66,11.66,-0.03,-0.26%,0
"2023-06-02 16:04",11.71,11.72,11.66,11.66,0,0.00%,0
"2023-06-02 16:05",11.55,11.55,11.53,11.53,-0.13,-1.11%,0
"2023-06-02 16:06",11.53,11.53,11.36,11.36,-0.17,-1.47%,0
"2023-06-02 16:07",11.51,11.55,11.43,11.44,0.08,+0.70%,0
"2023-06-02 16:08",11.43,11.43,11.37,11.37,-0.07,-0.61%,0
"2023-06-02 16:09",11.45,11.48,11.45,11.47,0.1,+0.88%,0
"2023-06-02 16:10",11.52,11.68,11.52,11.58,0.11,+0.96%,0
"2023-06-02 16:11",11.58,11.58,11.55,11.55,-0.03,-0.26%,0
"2023-06-02 16:12",11.59,11.73,11.59,11.73,0.18,+1.56%,0
"2023-06-02 16:13",11.74,11.83,11.74,11.8,0.07,+0.60%,0
"2023-06-02 16:14",11.89,11.89,11.87,11.89,0.09,+0.76%,0
"2023-06-02 16:15",11.9,11.9,11.9,11.9,0.01,+0.08%,0
"2023-06-05 09:31",9.69,9.69,9.51,9.51,-2.39,-20.08%,0
"2023-06-05 09:32",9.5,9.51,9.49,9.49,-0.02,-0.21%,0
"2023-06-05 09:33",9.52,9.52,9.37,9.37,-0.12,-1.26%,0
"2023-06-05 09:34",9.37,9.41,9.37,9.38,0.01,+0.11%,0
"2023-06-05 09:35",9.38,9.41,9.38,9.39,0.01,+0.11%,0
"2023-06-05 09:36",9.37,9.48,9.37,9.48,0.09,+0.96%,0
"2023-06-05 09:37",9.52,9.57,9.47,9.47,-0.01,-0.11%,0
"2023-06-05 09:38",9.47,9.51,9.47,9.49,0.02,+0.21%,0
"2023-06-05 09:39",9.48,9.5,9.47,9.47,-0.02,-0.21%,0
"2023-06-05 09:40",9.49,9.49,9.45,9.45,-0.02,-0.21%,0
"2023-06-05 09:41",9.45,9.52,9.45,9.52,0.07,+0.74%,0
"2023-06-05 09:42",9.5,9.55,9.49,9.55,0.03,+0.32%,0
"2023-06-05 09:43",9.54,9.57,9.5,9.5,-0.05,-0.52%,0
"2023-06-05 09:44",9.48,9.52,9.39,9.39,-0.11,-1.16%,0
"2023-06-05 09:45",9.37,9.37,9.32,9.34,-0.05,-0.53%,0
"2023-06-05 09:46",9.3,9.33,9.3,9.33,-0.01,-0.11%,0
"2023-06-05 09:47",9.33,9.34,9.3,9.31,-0.02,-0.21%,0
"2023-06-05 09:48",9.32,9.32,9.27,9.28,-0.03,-0.32%,0
"2023-06-05 09:49",9.27,9.28,9.26,9.28,0,0.00%,0
"2023-06-05 09:50",9.24,9.24,9.17,9.17,-0.11,-1.19%,0
"2023-06-05 09:51",9.13,9.13,9.12,9.13,-0.04,-0.44%,0
"2023-06-05 09:52",9.15,9.22,9.15,9.22,0.09,+0.99%,0
"2023-06-05 09:53",9.19,9.2,9.18,9.18,-0.04,-0.43%,0
"2023-06-05 09:54",9.18,9.18,9.15,9.16,-0.02,-0.22%,0
"2023-06-05 09:55",9.13,9.13,9.11,9.13,-0.03,-0.33%,0
"2023-06-05 09:56",9.11,9.11,9.07,9.07,-0.06,-0.66%,0
"2023-06-05 09:57",9.08,9.16,9.08,9.15,0.08,+0.88%,0
"2023-06-05 09:58",9.15,9.15,9.11,9.12,-0.03,-0.33%,0
"2023-06-05 09:59",9.12,9.12,9.09,9.09,-0.03,-0.33%,0
"2023-06-05 10:00",9.13,9.13,8.87,8.87,-0.22,-2.42%,0
"2023-06-05 10:01",8.87,8.99,8.86,8.98,0.11,+1.24%,0
"2023-06-05 10:02",8.96,9.09,8.96,9.09,0.11,+1.22%,0
"2023-06-05 10:03",9.08,9.13,9.07,9.13,0.04,+0.44%,0
"2023-06-05 10:04",9.17,9.27,9.17,9.27,0.14,+1.53%,0
"2023-06-05 10:05",9.29,9.37,9.29,9.37,0.1,+1.08%,0
"2023-06-05 10:06",9.31,9.31,9.28,9.28,-0.09,-0.96%,0
"2023-06-05 10:07",9.29,9.34,9.29,9.34,0.06,+0.65%,0
"2023-06-05 10:08",9.35,9.38,9.35,9.38,0.04,+0.43%,0
"2023-06-05 10:09",9.39,9.48,9.39,9.45,0.07,+0.75%,0
"2023-06-05 10:10",9.43,9.44,9.43,9.44,-0.01,-0.11%,0
"2023-06-05 10:11",9.46,9.62,9.46,9.62,0.18,+1.91%,0
"2023-06-05 10:12",9.64,9.64,9.38,9.38,-0.24,-2.49%,0
"2023-06-05 10:13",9.42,9.52,9.42,9.52,0.14,+1.49%,0
"2023-06-05 10:14",9.53,9.57,9.53,9.56,0.04,+0.42%,0
"2023-06-05 10:15",9.45,9.53,9.45,9.53,-0.03,-0.31%,0
"2023-06-05 10:16",9.54,9.54,9.43,9.43,-0.1,-1.05%,0
"2023-06-05 10:17",9.4,9.43,9.38,9.43,0,0.00%,0
"2023-06-05 10:18",9.45,9.45,9.43,9.43,0,0.00%,0
"2023-06-05 10:19",9.43,9.5,9.43,9.5,0.07,+0.74%,0
"2023-06-05 10:20",9.48,9.51,9.48,9.51,0.01,+0.11%,0
"2023-06-05 10:21",9.55,9.55,9.46,9.46,-0.05,-0.53%,0
"2023-06-05 10:22",9.49,9.51,9.48,9.48,0.02,+0.21%,0
"2023-06-05 10:23",9.45,9.45,9.4,9.4,-0.08,-0.84%,0
"2023-06-05 10:24",9.39,9.39,9.36,9.36,-0.04,-0.43%,0
"2023-06-05 10:25",9.38,9.39,9.35,9.35,-0.01,-0.11%,0
"2023-06-05 10:26",9.31,9.39,9.3,9.39,0.04,+0.43%,0
"2023-06-05 10:27",9.39,9.43,9.39,9.43,0.04,+0.43%,0
"2023-06-05 10:28",9.35,9.35,9.33,9.35,-0.08,-0.85%,0
"2023-06-05 10:29",9.33,9.33,9.29,9.32,-0.03,-0.32%,0
"2023-06-05 10:30",9.32,9.32,9.31,9.32,0,0.00%,0
"2023-06-05 10:31",9.34,9.34,9.31,9.32,0,0.00%,0
"2023-06-05 10:32",9.21,9.21,9.18,9.19,-0.13,-1.39%,0
"2023-06-05 10:33",9.18,9.21,9.18,9.19,0,0.00%,0
"2023-06-05 10:34",9.17,9.19,9.16,9.19,0,0.00%,0
"2023-06-05 10:35",9.2,9.22,9.2,9.22,0.03,+0.33%,0
"2023-06-05 10:36",9.23,9.25,9.21,9.21,-0.01,-0.11%,0
"2023-06-05 10:37",9.2,9.2,9.15,9.15,-0.06,-0.65%,0
"2023-06-05 10:38",9.15,9.18,9.15,9.15,0,0.00%,0
"2023-06-05 10:39",9.14,9.19,9.14,9.19,0.04,+0.44%,0
"2023-06-05 10:40",9.18,9.2,9.16,9.16,-0.03,-0.33%,0
"2023-06-05 10:41",9.17,9.2,9.17,9.19,0.03,+0.33%,0
"2023-06-05 10:42",9.18,9.18,9.16,9.16,-0.03,-0.33%,0
"2023-06-05 10:43",9.17,9.17,9.13,9.13,-0.03,-0.33%,0
"2023-06-05 10:44",9.11,9.12,9.11,9.11,-0.02,-0.22%,0
"2023-06-05 10:45",9.09,9.09,9.08,9.09,-0.02,-0.22%,0
"2023-06-05 10:46",9.1,9.1,9.01,9.01,-0.08,-0.88%,0
"2023-06-05 10:47",9.07,9.07,9.02,9.02,0.01,+0.11%,0
"2023-06-05 10:48",8.99,9.01,8.98,8.98,-0.04,-0.44%,0
"2023-06-05 10:49",8.98,9,8.98,8.98,0,0.00%,0
"2023-06-05 10:50",8.97,9.01,8.97,9,0.02,+0.22%,0
"2023-06-05 10:51",8.99,9.06,8.99,9,0,0.00%,0
"2023-06-05 10:52",9,9.03,9,9.02,0.02,+0.22%,0
"2023-06-05 10:53",8.99,8.99,8.96,8.96,-0.06,-0.67%,0
"2023-06-05 10:54",8.96,8.96,8.94,8.94,-0.02,-0.22%,0
"2023-06-05 10:55",8.94,8.94,8.93,8.94,0,0.00%,0
"2023-06-05 10:56",8.92,8.94,8.92,8.94,0,0.00%,0
"2023-06-05 10:57",8.93,8.95,8.93,8.94,0,0.00%,0
"2023-06-05 10:58",8.95,8.95,8.91,8.92,-0.02,-0.22%,0
"2023-06-05 10:59",8.9,8.96,8.9,8.96,0.04,+0.45%,0
"2023-06-05 11:00",8.95,8.96,8.92,8.92,-0.04,-0.45%,0
"2023-06-05 11:01",8.91,8.93,8.87,8.87,-0.05,-0.56%,0
"2023-06-05 11:02",8.89,8.91,8.89,8.91,0.04,+0.45%,0
"2023-06-05 11:03",8.89,8.91,8.89,8.9,-0.01,-0.11%,0
"2023-06-05 11:04",8.92,8.94,8.92,8.94,0.04,+0.45%,0
"2023-06-05 11:05",8.93,8.94,8.93,8.93,-0.01,-0.11%,0
"2023-06-05 11:06",8.95,9,8.95,8.99,0.06,+0.67%,0
"2023-06-05 11:07",8.97,9,8.97,8.99,0,0.00%,0
"2023-06-05 11:08",8.98,8.98,8.97,8.97,-0.02,-0.22%,0
"2023-06-05 11:09",8.98,9,8.97,8.97,0,0.00%,0
"2023-06-05 11:10",8.97,8.99,8.97,8.99,0.02,+0.22%,0
"2023-06-05 11:11",8.98,9,8.97,8.97,-0.02,-0.22%,0
"2023-06-05 11:12",8.96,8.97,8.92,8.92,-0.05,-0.56%,0
"2023-06-05 11:13",8.94,8.98,8.93,8.93,0.01,+0.11%,0
"2023-06-05 11:14",8.94,8.96,8.94,8.96,0.03,+0.34%,0
"2023-06-05 11:15",8.96,8.96,8.92,8.94,-0.02,-0.22%,0
"2023-06-05 11:16",8.93,8.95,8.93,8.94,0,0.00%,0
"2023-06-05 11:17",8.93,8.94,8.93,8.94,0,0.00%,0
"2023-06-05 11:18",8.94,8.96,8.94,8.95,0.01,+0.11%,0
"2023-06-05 11:19",8.96,8.97,8.96,8.96,0.01,+0.11%,0
"2023-06-05 11:20",8.97,8.98,8.97,8.97,0.01,+0.11%,0
"2023-06-05 11:21",8.98,9.02,8.98,9.01,0.04,+0.45%,0
"2023-06-05 11:22",9.03,9.05,9.03,9.04,0.03,+0.33%,0
"2023-06-05 11:23",9.04,9.07,9.04,9.05,0.01,+0.11%,0
"2023-06-05 11:24",9.05,9.07,9.03,9.03,-0.02,-0.22%,0
"2023-06-05 11:25",9.05,9.08,9.02,9.03,0,0.00%,0
"2023-06-05 11:26",9.02,9.02,9.01,9.01,-0.02,-0.22%,0
"2023-06-05 11:27",9.01,9.05,9.01,9.05,0.04,+0.44%,0
"2023-06-05 11:28",9.05,9.06,9.04,9.04,-0.01,-0.11%,0
"2023-06-05 11:29",9.04,9.08,9.04,9.07,0.03,+0.33%,0
"2023-06-05 11:30",9.07,9.07,8.99,9.03,-0.04,-0.44%,0
"2023-06-05 11:31",9.02,9.03,9.02,9.03,0,0.00%,0
"2023-06-05 11:32",9.01,9.03,9.01,9.01,-0.02,-0.22%,0
"2023-06-05 11:33",9.01,9.01,8.99,8.99,-0.02,-0.22%,0
"2023-06-05 11:34",8.97,8.97,8.94,8.94,-0.05,-0.56%,0
"2023-06-05 11:35",8.92,8.93,8.92,8.93,-0.01,-0.11%,0
"2023-06-05 11:36",8.95,8.98,8.95,8.98,0.05,+0.56%,0
"2023-06-05 11:37",8.97,8.98,8.97,8.98,0,0.00%,0
"2023-06-05 11:38",8.99,9.02,8.99,9.02,0.04,+0.45%,0
"2023-06-05 11:39",9.01,9.03,9.01,9.03,0.01,+0.11%,0
"2023-06-05 11:40",9.03,9.04,9.03,9.03,0,0.00%,0
"2023-06-05 11:41",9.03,9.03,9.02,9.02,-0.01,-0.11%,0
"2023-06-05 11:42",9.02,9.05,9.02,9.04,0.02,+0.22%,0
"2023-06-05 11:43",9.03,9.03,9.02,9.02,-0.02,-0.22%,0
"2023-06-05 11:44",9.01,9.01,8.97,8.97,-0.05,-0.55%,0
"2023-06-05 11:45",8.97,9.01,8.97,9.01,0.04,+0.45%,0
"2023-06-05 11:46",8.99,8.99,8.99,8.99,-0.02,-0.22%,0
"2023-06-05 11:47",8.99,9,8.98,8.98,-0.01,-0.11%,0
"2023-06-05 11:48",8.97,8.98,8.97,8.97,-0.01,-0.11%,0
"2023-06-05 11:49",8.96,8.99,8.92,8.92,-0.05,-0.56%,0
"2023-06-05 11:50",8.9,8.93,8.9,8.93,0.01,+0.11%,0
"2023-06-05 11:51",8.93,8.94,8.92,8.92,-0.01,-0.11%,0
"2023-06-05 11:52",8.94,8.95,8.93,8.93,0.01,+0.11%,0
"2023-06-05 11:53",8.94,8.94,8.94,8.94,0.01,+0.11%,0
"2023-06-05 11:54",8.95,8.97,8.95,8.96,0.02,+0.22%,0
"2023-06-05 11:55",8.96,8.97,8.96,8.96,0,0.00%,0
"2023-06-05 11:56",8.95,8.97,8.95,8.97,0.01,+0.11%,0
"2023-06-05 11:57",8.97,9,8.97,9,0.03,+0.33%,0
"2023-06-05 11:58",8.99,9.03,8.99,9.03,0.03,+0.33%,0
"2023-06-05 11:59",9.02,9.03,9.02,9.02,-0.01,-0.11%,0
"2023-06-05 12:00",9.02,9.05,9.02,9.05,0.03,+0.33%,0
"2023-06-05 12:01",9.05,9.1,9.05,9.1,0.05,+0.55%,0
"2023-06-05 12:02",9.1,9.13,9.1,9.13,0.03,+0.33%,0
"2023-06-05 12:03",9.12,9.13,9.12,9.12,-0.01,-0.11%,0
"2023-06-05 12:04",9.14,9.15,9.14,9.15,0.03,+0.33%,0
"2023-06-05 12:05",9.12,9.15,9.12,9.14,-0.01,-0.11%,0
"2023-06-05 12:06",9.15,9.17,9.15,9.17,0.03,+0.33%,0
"2023-06-05 12:07",9.16,9.17,9.15,9.17,0,0.00%,0
"2023-06-05 12:08",9.15,9.18,9.15,9.18,0.01,+0.11%,0
"2023-06-05 12:09",9.18,9.19,9.14,9.14,-0.04,-0.44%,0
"2023-06-05 12:10",9.14,9.17,9.14,9.17,0.03,+0.33%,0
"2023-06-05 12:11",9.16,9.18,9.16,9.18,0.01,+0.11%,0
"2023-06-05 12:12",9.17,9.18,9.17,9.17,-0.01,-0.11%,0
"2023-06-05 12:13",9.13,9.2,9.13,9.16,-0.01,-0.11%,0
"2023-06-05 12:14",9.13,9.15,9.13,9.14,-0.02,-0.22%,0
"2023-06-05 12:15",9.16,9.16,9.15,9.16,0.02,+0.22%,0
"2023-06-05 12:16",9.15,9.17,9.15,9.17,0.01,+0.11%,0
"2023-06-05 12:17",9.17,9.18,9.17,9.18,0.01,+0.11%,0
"2023-06-05 12:18",9.2,9.21,9.2,9.21,0.03,+0.33%,0
"2023-06-05 12:19",9.19,9.21,9.19,9.2,-0.01,-0.11%,0
"2023-06-05 12:20",9.2,9.22,9.2,9.22,0.02,+0.22%,0
"2023-06-05 12:21",9.22,9.25,9.22,9.23,0.01,+0.11%,0
"2023-06-05 12:22",9.21,9.25,9.21,9.25,0.02,+0.22%,0
"2023-06-05 12:23",9.24,9.24,9.22,9.22,-0.03,-0.32%,0
"2023-06-05 12:24",9.19,9.24,9.19,9.22,0,0.00%,0
"2023-06-05 12:25",9.22,9.26,9.22,9.25,0.03,+0.33%,0
"2023-06-05 12:26",9.23,9.23,9.21,9.21,-0.04,-0.43%,0
"2023-06-05 12:27",9.22,9.22,9.2,9.2,-0.01,-0.11%,0
"2023-06-05 12:28",9.19,9.21,9.18,9.18,-0.02,-0.22%,0
"2023-06-05 12:29",9.19,9.19,9.16,9.16,-0.02,-0.22%,0
"2023-06-05 12:30",9.16,9.17,9.16,9.17,0.01,+0.11%,0
"2023-06-05 12:31",9.17,9.2,9.17,9.2,0.03,+0.33%,0
"2023-06-05 12:32",9.2,9.21,9.2,9.21,0.01,+0.11%,0
"2023-06-05 12:33",9.2,9.24,9.2,9.24,0.03,+0.33%,0
"2023-06-05 12:34",9.24,9.25,9.24,9.25,0.01,+0.11%,0
"2023-06-05 12:35",9.24,9.26,9.24,9.26,0.01,+0.11%,0
"2023-06-05 12:36",9.25,9.27,9.25,9.26,0,0.00%,0
"2023-06-05 12:37",9.27,9.3,9.27,9.3,0.04,+0.43%,0
"2023-06-05 12:38",9.3,9.31,9.3,9.3,0,0.00%,0
"2023-06-05 12:39",9.3,9.32,9.3,9.31,0.01,+0.11%,0
"2023-06-05 12:40",9.31,9.32,9.31,9.32,0.01,+0.11%,0
"2023-06-05 12:41",9.32,9.33,9.32,9.33,0.01,+0.11%,0
"2023-06-05 12:42",9.33,9.35,9.33,9.34,0.01,+0.11%,0
"2023-06-05 12:43",9.34,9.35,9.34,9.34,0,0.00%,0
"2023-06-05 12:44",9.33,9.35,9.33,9.33,-0.01,-0.11%,0
"2023-06-05 12:45",9.34,9.36,9.34,9.36,0.03,+0.32%,0
"2023-06-05 12:46",9.35,9.37,9.35,9.36,0,0.00%,0
"2023-06-05 12:47",9.36,9.37,9.36,9.37,0.01,+0.11%,0
"2023-06-05 12:48",9.35,9.36,9.35,9.35,-0.02,-0.21%,0
"2023-06-05 12:49",9.35,9.36,9.35,9.36,0.01,+0.11%,0
"2023-06-05 12:50",9.35,9.36,9.33,9.33,-0.03,-0.32%,0
"2023-06-05 12:51",9.35,9.39,9.35,9.37,0.04,+0.43%,0
"2023-06-05 12:52",9.36,9.37,9.35,9.35,-0.02,-0.21%,0
"2023-06-05 12:53",9.35,9.35,9.33,9.34,-0.01,-0.11%,0
"2023-06-05 12:54",9.34,9.37,9.34,9.37,0.03,+0.32%,0
"2023-06-05 12:55",9.36,9.39,9.36,9.37,0,0.00%,0
"2023-06-05 12:56",9.38,9.38,9.36,9.36,-0.01,-0.11%,0
"2023-06-05 12:57",9.36,9.39,9.36,9.39,0.03,+0.32%,0
"2023-06-05 12:58",9.38,9.41,9.38,9.41,0.02,+0.21%,0
"2023-06-05 12:59",9.4,9.42,9.4,9.42,0.01,+0.11%,0
"2023-06-05 13:00",9.42,9.46,9.42,9.46,0.04,+0.42%,0
"2023-06-05 13:01",9.46,9.48,9.45,9.45,-0.01,-0.11%,0
"2023-06-05 13:02",9.44,9.47,9.44,9.46,0.01,+0.11%,0
"2023-06-05 13:03",9.45,9.48,9.45,9.47,0.01,+0.11%,0
"2023-06-05 13:04",9.48,9.48,9.48,9.48,0.01,+0.11%,0
"2023-06-05 13:05",9.47,9.48,9.47,9.48,0,0.00%,0
"2023-06-05 13:06",9.49,9.5,9.49,9.49,0.01,+0.11%,0
"2023-06-05 13:07",9.49,9.52,9.49,9.52,0.03,+0.32%,0
"2023-06-05 13:08",9.52,9.52,9.51,9.52,0,0.00%,0
"2023-06-05 13:09",9.5,9.52,9.5,9.5,-0.02,-0.21%,0
"2023-06-05 13:10",9.51,9.52,9.51,9.51,0.01,+0.11%,0
"2023-06-05 13:11",9.52,9.53,9.52,9.53,0.02,+0.21%,0
"2023-06-05 13:12",9.55,9.61,9.55,9.61,0.08,+0.84%,0
"2023-06-05 13:13",9.63,9.63,9.58,9.58,-0.03,-0.31%,0
"2023-06-05 13:14",9.57,9.6,9.57,9.6,0.02,+0.21%,0
"2023-06-05 13:15",9.6,9.64,9.6,9.64,0.04,+0.42%,0
"2023-06-05 13:16",9.69,9.7,9.64,9.64,0,0.00%,0
"2023-06-05 13:17",9.65,9.67,9.6,9.6,-0.04,-0.41%,0
"2023-06-05 13:18",9.63,9.64,9.63,9.64,0.04,+0.42%,0
"2023-06-05 13:19",9.66,9.72,9.66,9.7,0.06,+0.62%,0
"2023-06-05 13:20",9.68,9.71,9.68,9.71,0.01,+0.10%,0
"2023-06-05 13:21",9.71,9.74,9.71,9.74,0.03,+0.31%,0
"2023-06-05 13:22",9.74,9.77,9.74,9.76,0.02,+0.21%,0
"2023-06-05 13:23",9.75,9.77,9.75,9.76,0,0.00%,0
"2023-06-05 13:24",9.75,9.78,9.75,9.78,0.02,+0.20%,0
"2023-06-05 13:25",9.78,9.8,9.78,9.79,0.01,+0.10%,0
"2023-06-05 13:26",9.79,9.82,9.79,9.81,0.02,+0.20%,0
"2023-06-05 13:27",9.81,9.83,9.81,9.83,0.02,+0.20%,0
"2023-06-05 13:28",9.87,10.15,9.87,10.15,0.32,+3.26%,0
"2023-06-05 13:29",10.14,10.14,9.92,9.92,-0.23,-2.27%,0
"2023-06-05 13:30",9.97,10.06,9.97,10.06,0.14,+1.41%,0
"2023-06-05 13:31",10.04,10.08,10.04,10.08,0.02,+0.20%,0
"2023-06-05 13:32",10.07,10.07,10.01,10.01,-0.07,-0.69%,0
"2023-06-05 13:33",10.01,10.11,10.01,10.11,0.1,+1.00%,0
"2023-06-05 13:34",10.11,10.12,10.11,10.11,0,0.00%,0
"2023-06-05 13:35",10.07,10.15,10.07,10.15,0.04,+0.40%,0
"2023-06-05 13:36",10.13,10.18,10.13,10.18,0.03,+0.30%,0
"2023-06-05 13:37",10.17,10.31,10.17,10.31,0.13,+1.28%,0
"2023-06-05 13:38",10.34,10.34,10.18,10.18,-0.13,-1.26%,0
"2023-06-05 13:39",10.19,10.22,10.19,10.22,0.04,+0.39%,0
"2023-06-05 13:40",10.26,10.3,10.26,10.27,0.05,+0.49%,0
"2023-06-05 13:41",10.28,10.28,10.27,10.28,0.01,+0.10%,0
"2023-06-05 13:42",10.28,10.28,10.27,10.27,-0.01,-0.10%,0
"2023-06-05 13:43",10.27,10.27,10.23,10.23,-0.04,-0.39%,0
"2023-06-05 13:44",10.23,10.27,10.23,10.24,0.01,+0.10%,0
"2023-06-05 13:45",10.26,10.26,10.25,10.26,0.02,+0.20%,0
"2023-06-05 13:46",10.27,10.3,10.25,10.25,-0.01,-0.10%,0
"2023-06-05 13:47",10.24,10.24,10.14,10.14,-0.11,-1.07%,0
"2023-06-05 13:48",10.13,10.16,10.13,10.16,0.02,+0.20%,0
"2023-06-05 13:49",10.16,10.22,10.16,10.22,0.06,+0.59%,0
"2023-06-05 13:50",10.23,10.26,10.23,10.26,0.04,+0.39%,0
"2023-06-05 13:51",10.26,10.28,10.26,10.28,0.02,+0.19%,0
"2023-06-05 13:52",10.29,10.33,10.29,10.32,0.04,+0.39%,0
"2023-06-05 13:53",10.31,10.32,10.31,10.31,-0.01,-0.10%,0
"2023-06-05 13:54",10.3,10.33,10.3,10.33,0.02,+0.19%,0
"2023-06-05 13:55",10.33,10.34,10.33,10.34,0.01,+0.10%,0
"2023-06-05 13:56",10.32,10.35,10.3,10.3,-0.04,-0.39%,0
"2023-06-05 13:57",10.3,10.3,10.28,10.28,-0.02,-0.19%,0
"2023-06-05 13:58",10.27,10.29,10.27,10.29,0.01,+0.10%,0
"2023-06-05 13:59",10.28,10.28,10.21,10.21,-0.08,-0.78%,0
"2023-06-05 14:00",10.18,10.2,10.18,10.19,-0.02,-0.20%,0
"2023-06-05 14:01",10.21,10.24,10.21,10.23,0.04,+0.39%,0
"2023-06-05 14:02",10.23,10.24,10.22,10.22,-0.01,-0.10%,0
"2023-06-05 14:03",10.21,10.25,10.21,10.25,0.03,+0.29%,0
"2023-06-05 14:04",10.25,10.28,10.25,10.28,0.03,+0.29%,0
"2023-06-05 14:05",10.27,10.27,10.26,10.26,-0.02,-0.19%,0
"2023-06-05 14:06",10.27,10.48,10.27,10.48,0.22,+2.14%,0
"2023-06-05 14:07",10.48,10.51,10.44,10.44,-0.04,-0.38%,0
"2023-06-05 14:08",10.47,10.54,10.42,10.42,-0.02,-0.19%,0
"2023-06-05 14:09",10.42,10.44,10.41,10.41,-0.01,-0.10%,0
"2023-06-05 14:10",10.37,10.38,10.36,10.36,-0.05,-0.48%,0
"2023-06-05 14:11",10.34,10.41,10.34,10.41,0.05,+0.48%,0
"2023-06-05 14:12",10.46,10.55,10.46,10.55,0.14,+1.34%,0
"2023-06-05 14:13",10.49,10.49,10.46,10.46,-0.09,-0.85%,0
"2023-06-05 14:14",10.48,10.54,10.45,10.45,-0.01,-0.10%,0
"2023-06-05 14:15",10.47,10.5,10.47,10.49,0.04,+0.38%,0
"2023-06-05 14:16",10.48,10.49,10.47,10.47,-0.02,-0.19%,0
"2023-06-05 14:17",10.47,10.48,10.32,10.32,-0.15,-1.43%,0
"2023-06-05 14:18",10.29,10.29,10.28,10.28,-0.04,-0.39%,0
"2023-06-05 14:19",10.24,10.24,10.21,10.24,-0.04,-0.39%,0
"2023-06-05 14:20",10.24,10.27,10.24,10.27,0.03,+0.29%,0
"2023-06-05 14:21",10.28,10.3,10.28,10.3,0.03,+0.29%,0
"2023-06-05 14:22",10.28,10.28,10.27,10.27,-0.03,-0.29%,0
"2023-06-05 14:23",10.26,10.3,10.26,10.27,0,0.00%,0
"2023-06-05 14:24",10.29,10.31,10.29,10.3,0.03,+0.29%,0
"2023-06-05 14:25",10.28,10.3,10.28,10.3,0,0.00%,0
"2023-06-05 14:26",10.28,10.42,10.28,10.42,0.12,+1.17%,0
"2023-06-05 14:27",10.46,10.46,10.42,10.45,0.03,+0.29%,0
"2023-06-05 14:28",10.46,10.47,10.45,10.45,0,0.00%,0
"2023-06-05 14:29",10.46,10.46,10.43,10.43,-0.02,-0.19%,0
"2023-06-05 14:30",10.43,10.46,10.42,10.46,0.03,+0.29%,0
"2023-06-05 14:31",10.49,10.69,10.49,10.69,0.23,+2.20%,0
"2023-06-05 14:32",10.59,10.79,10.59,10.79,0.1,+0.94%,0
"2023-06-05 14:33",10.74,10.76,10.71,10.71,-0.08,-0.74%,0
"2023-06-05 14:34",10.75,11.01,10.75,11.01,0.3,+2.80%,0
"2023-06-05 14:35",10.98,11,10.72,10.72,-0.29,-2.63%,0
"2023-06-05 14:36",10.64,10.64,10.56,10.57,-0.15,-1.40%,0
"2023-06-05 14:37",10.56,10.64,10.56,10.59,0.02,+0.19%,0
"2023-06-05 14:38",10.61,10.84,10.61,10.84,0.25,+2.36%,0
"2023-06-05 14:39",10.93,11.04,10.93,10.93,0.09,+0.83%,0
"2023-06-05 14:40",10.91,10.91,10.86,10.86,-0.07,-0.64%,0
"2023-06-05 14:41",10.82,10.82,10.76,10.76,-0.1,-0.92%,0
"2023-06-05 14:42",10.77,10.84,10.77,10.84,0.08,+0.74%,0
"2023-06-05 14:43",10.84,10.87,10.84,10.86,0.02,+0.18%,0
"2023-06-05 14:44",10.86,10.9,10.86,10.9,0.04,+0.37%,0
"2023-06-05 14:45",10.89,11.12,10.89,11.12,0.22,+2.02%,0
"2023-06-05 14:46",11.22,11.29,11.2,11.2,0.08,+0.72%,0
"2023-06-05 14:47",11.21,11.21,11.11,11.11,-0.09,-0.80%,0
"2023-06-05 14:48",11.07,11.09,11.07,11.07,-0.04,-0.36%,0
"2023-06-05 14:49",11.06,11.08,11.06,11.07,0,0.00%,0
"2023-06-05 14:50",11.09,11.18,11.09,11.18,0.11,+0.99%,0
"2023-06-05 14:51",11.16,11.19,11.15,11.15,-0.03,-0.27%,0
"2023-06-05 14:52",11.22,11.25,11.1,11.1,-0.05,-0.45%,0
"2023-06-05 14:53",11.11,11.11,11.02,11.02,-0.08,-0.72%,0
"2023-06-05 14:54",10.96,10.96,10.85,10.86,-0.16,-1.45%,0
"2023-06-05 14:55",10.83,10.83,10.79,10.79,-0.07,-0.64%,0
"2023-06-05 14:56",10.76,10.79,10.76,10.79,0,0.00%,0
"2023-06-05 14:57",10.75,10.77,10.75,10.75,-0.04,-0.37%,0
"2023-06-05 14:58",10.73,10.73,10.69,10.69,-0.06,-0.56%,0
"2023-06-05 14:59",10.66,10.66,10.59,10.59,-0.1,-0.94%,0
"2023-06-05 15:00",10.57,10.62,10.57,10.57,-0.02,-0.19%,0
"2023-06-05 15:01",10.52,10.59,10.52,10.59,0.02,+0.19%,0
"2023-06-05 15:02",10.55,10.75,10.55,10.75,0.16,+1.51%,0
"2023-06-05 15:03",10.86,10.91,10.86,10.91,0.16,+1.49%,0
"2023-06-05 15:04",10.86,11.08,10.86,11.08,0.17,+1.56%,0
"2023-06-05 15:05",11.04,11.09,10.99,10.99,-0.09,-0.81%,0
"2023-06-05 15:06",10.91,10.91,10.8,10.8,-0.19,-1.73%,0
"2023-06-05 15:07",10.74,10.74,10.7,10.7,-0.1,-0.93%,0
"2023-06-05 15:08",10.66,10.82,10.66,10.82,0.12,+1.12%,0
"2023-06-05 15:09",10.82,10.84,10.81,10.81,-0.01,-0.09%,0
"2023-06-05 15:10",10.85,10.85,10.79,10.8,-0.01,-0.09%,0
"2023-06-05 15:11",10.82,10.82,10.76,10.76,-0.04,-0.37%,0
"2023-06-05 15:12",10.72,10.72,10.63,10.63,-0.13,-1.21%,0
"2023-06-05 15:13",10.64,10.68,10.64,10.64,0.01,+0.09%,0
"2023-06-05 15:14",10.64,10.64,10.58,10.58,-0.06,-0.56%,0
"2023-06-05 15:15",10.57,10.57,10.54,10.54,-0.04,-0.38%,0
"2023-06-05 15:16",10.54,10.59,10.54,10.55,0.01,+0.09%,0
"2023-06-05 15:17",10.55,10.62,10.55,10.56,0.01,+0.09%,0
"2023-06-05 15:18",10.54,10.57,10.54,10.57,0.01,+0.09%,0
"2023-06-05 15:19",10.56,10.67,10.56,10.67,0.1,+0.95%,0
"2023-06-05 15:20",10.66,10.68,10.61,10.61,-0.06,-0.56%,0
"2023-06-05 15:21",10.59,10.59,10.47,10.47,-0.14,-1.32%,0
"2023-06-05 15:22",10.5,10.52,10.5,10.51,0.04,+0.38%,0
"2023-06-05 15:23",10.53,10.54,10.53,10.54,0.03,+0.29%,0
"2023-06-05 15:24",10.53,10.56,10.43,10.43,-0.11,-1.04%,0
"2023-06-05 15:25",10.42,10.51,10.42,10.51,0.08,+0.77%,0
"2023-06-05 15:26",10.52,10.59,10.52,10.59,0.08,+0.76%,0
"2023-06-05 15:27",10.59,10.59,10.57,10.57,-0.02,-0.19%,0
"2023-06-05 15:28",10.58,10.59,10.51,10.51,-0.06,-0.57%,0
"2023-06-05 15:29",10.46,10.46,10.41,10.41,-0.1,-0.95%,0
"2023-06-05 15:30",10.41,10.41,10.36,10.36,-0.05,-0.48%,0
"2023-06-05 15:31",10.36,10.42,10.36,10.42,0.06,+0.58%,0
"2023-06-05 15:32",10.4,10.44,10.4,10.41,-0.01,-0.10%,0
"2023-06-05 15:33",10.43,10.46,10.43,10.45,0.04,+0.38%,0
"2023-06-05 15:34",10.46,10.53,10.46,10.53,0.08,+0.77%,0
"2023-06-05 15:35",10.55,10.59,10.55,10.59,0.06,+0.57%,0
"2023-06-05 15:36",10.58,10.72,10.58,10.72,0.13,+1.23%,0
"2023-06-05 15:37",10.7,10.7,10.61,10.62,-0.1,-0.93%,0
"2023-06-05 15:38",10.6,10.6,10.53,10.53,-0.09,-0.85%,0
"2023-06-05 15:39",10.57,10.6,10.57,10.59,0.06,+0.57%,0
"2023-06-05 15:40",10.58,10.58,10.55,10.55,-0.04,-0.38%,0
"2023-06-05 15:41",10.58,10.62,10.58,10.62,0.07,+0.66%,0
"2023-06-05 15:42",10.58,10.62,10.58,10.61,-0.01,-0.09%,0
"2023-06-05 15:43",10.56,10.56,10.53,10.56,-0.05,-0.47%,0
"2023-06-05 15:44",10.59,10.72,10.59,10.69,0.13,+1.23%,0
"2023-06-05 15:45",10.66,10.73,10.66,10.73,0.04,+0.37%,0
"2023-06-05 15:46",10.76,10.77,10.76,10.77,0.04,+0.37%,0
"2023-06-05 15:47",10.8,10.81,10.76,10.76,-0.01,-0.09%,0
"2023-06-05 15:48",10.74,10.74,10.69,10.72,-0.04,-0.37%,0
"2023-06-05 15:49",10.69,10.71,10.67,10.68,-0.04,-0.37%,0
"2023-06-05 15:50",10.66,10.7,10.64,10.7,0.02,+0.19%,0
"2023-06-05 15:51",10.68,10.72,10.67,10.67,-0.03,-0.28%,0
"2023-06-05 15:52",10.78,10.78,10.71,10.71,0.04,+0.37%,0
"2023-06-05 15:53",10.71,10.71,10.65,10.65,-0.06,-0.56%,0
"2023-06-05 15:54",10.65,10.67,10.65,10.65,0,0.00%,0
"2023-06-05 15:55",10.7,10.72,10.68,10.68,0.03,+0.28%,0
"2023-06-05 15:56",10.67,10.78,10.67,10.78,0.1,+0.94%,0
"2023-06-05 15:57",10.76,10.83,10.76,10.83,0.05,+0.46%,0
"2023-06-05 15:58",10.8,10.87,10.8,10.84,0.01,+0.09%,0
"2023-06-05 15:59",10.84,10.86,10.76,10.76,-0.08,-0.74%,0
"2023-06-05 16:00",10.72,10.72,10.58,10.58,-0.18,-1.67%,0
"2023-06-05 16:01",10.63,10.63,10.58,10.58,0,0.00%,0
"2023-06-05 16:02",10.5,10.59,10.5,10.59,0.01,+0.09%,0
"2023-06-05 16:03",10.57,10.59,10.55,10.55,-0.04,-0.38%,0
"2023-06-05 16:04",10.55,10.55,10.54,10.55,0,0.00%,0
"2023-06-05 16:05",10.54,10.72,10.54,10.72,0.17,+1.61%,0
"2023-06-05 16:06",10.69,10.71,10.69,10.69,-0.03,-0.28%,0
"2023-06-05 16:07",10.69,10.71,10.62,10.62,-0.07,-0.65%,0
"2023-06-05 16:08",10.7,10.7,10.5,10.5,-0.12,-1.13%,0
"2023-06-05 16:09",10.49,10.51,10.48,10.48,-0.02,-0.19%,0
"2023-06-05 16:10",10.48,10.5,10.46,10.46,-0.02,-0.19%,0
"2023-06-05 16:11",10.47,10.49,10.46,10.49,0.03,+0.29%,0
"2023-06-05 16:12",10.5,10.51,10.5,10.5,0.01,+0.10%,0
"2023-06-05 16:13",10.52,10.59,10.52,10.59,0.09,+0.86%,0
"2023-06-05 16:14",10.61,10.61,10.58,10.59,0,0.00%,0
"2023-06-05 16:15",10.57,10.57,10.57,10.57,-0.02,-0.19%,0
"2023-06-06 09:31",9.53,9.53,9.21,9.23,-1.34,-12.68%,0
"2023-06-06 09:32",9.32,9.36,9.32,9.36,0.13,+1.41%,0
"2023-06-06 09:33",9.28,9.28,9.02,9.02,-0.34,-3.63%,0
"2023-06-06 09:34",9.06,9.11,9.06,9.09,0.07,+0.78%,0
"2023-06-06 09:35",9.09,9.09,9,9.04,-0.05,-0.55%,0
"2023-06-06 09:36",9.06,9.1,9.06,9.07,0.03,+0.33%,0
"2023-06-06 09:37",8.98,8.98,8.89,8.93,-0.14,-1.54%,0
"2023-06-06 09:38",8.95,9.01,8.95,9.01,0.08,+0.90%,0
"2023-06-06 09:39",9,9.04,9,9.04,0.03,+0.33%,0
"2023-06-06 09:40",9.04,9.05,9.03,9.03,-0.01,-0.11%,0
"2023-06-06 09:41",9.06,9.06,8.72,8.72,-0.31,-3.43%,0
"2023-06-06 09:42",8.84,8.91,8.84,8.91,0.19,+2.18%,0
"2023-06-06 09:43",8.9,9.02,8.9,9.02,0.11,+1.23%,0
"2023-06-06 09:44",9.01,9.02,8.94,8.94,-0.08,-0.89%,0
"2023-06-06 09:45",8.92,8.99,8.92,8.99,0.05,+0.56%,0
"2023-06-06 09:46",9,9.01,8.96,8.96,-0.03,-0.33%,0
"2023-06-06 09:47",8.95,8.96,8.93,8.93,-0.03,-0.33%,0
"2023-06-06 09:48",8.92,8.94,8.91,8.91,-0.02,-0.22%,0
"2023-06-06 09:49",8.86,8.86,8.71,8.72,-0.19,-2.13%,0
"2023-06-06 09:50",8.71,8.74,8.71,8.71,-0.01,-0.11%,0
"2023-06-06 09:51",8.74,8.81,8.74,8.81,0.1,+1.15%,0
"2023-06-06 09:52",8.79,8.83,8.79,8.83,0.02,+0.23%,0
"2023-06-06 09:53",8.83,8.84,8.8,8.8,-0.03,-0.34%,0
"2023-06-06 09:54",8.82,8.85,8.77,8.77,-0.03,-0.34%,0
"2023-06-06 09:55",8.8,8.8,8.78,8.79,0.02,+0.23%,0
"2023-06-06 09:56",8.8,8.85,8.8,8.85,0.06,+0.68%,0
"2023-06-06 09:57",8.85,8.86,8.83,8.83,-0.02,-0.23%,0
"2023-06-06 09:58",8.83,8.85,8.81,8.85,0.02,+0.23%,0
"2023-06-06 09:59",8.84,8.85,8.83,8.85,0,0.00%,0
"2023-06-06 10:00",8.79,8.79,8.75,8.75,-0.1,-1.13%,0
"2023-06-06 10:01",8.77,8.85,8.77,8.84,0.09,+1.03%,0
"2023-06-06 10:02",8.82,8.85,8.81,8.81,-0.03,-0.34%,0
"2023-06-06 10:03",8.75,8.76,8.66,8.66,-0.15,-1.70%,0
"2023-06-06 10:04",8.69,8.76,8.69,8.76,0.1,+1.15%,0
"2023-06-06 10:05",8.75,8.75,8.7,8.7,-0.06,-0.68%,0
"2023-06-06 10:06",8.69,8.71,8.69,8.69,-0.01,-0.11%,0
"2023-06-06 10:07",8.68,8.7,8.64,8.64,-0.05,-0.58%,0
"2023-06-06 10:08",8.61,8.68,8.61,8.68,0.04,+0.46%,0
"2023-06-06 10:09",8.66,8.69,8.63,8.63,-0.05,-0.58%,0
"2023-06-06 10:10",8.65,8.74,8.65,8.73,0.1,+1.16%,0
"2023-06-06 10:11",8.67,8.8,8.67,8.8,0.07,+0.80%,0
"2023-06-06 10:12",8.77,8.77,8.63,8.73,-0.07,-0.80%,0
"2023-06-06 10:13",8.72,8.73,8.7,8.72,-0.01,-0.11%,0
"2023-06-06 10:14",8.73,8.75,8.73,8.73,0.01,+0.11%,0
"2023-06-06 10:15",8.74,8.8,8.74,8.8,0.07,+0.80%,0
"2023-06-06 10:16",8.81,8.81,8.76,8.76,-0.04,-0.45%,0
"2023-06-06 10:17",8.76,8.81,8.76,8.81,0.05,+0.57%,0
"2023-06-06 10:18",8.8,8.82,8.8,8.8,-0.01,-0.11%,0
"2023-06-06 10:19",8.81,8.81,8.79,8.79,-0.01,-0.11%,0
"2023-06-06 10:20",8.79,8.82,8.79,8.82,0.03,+0.34%,0
"2023-06-06 10:21",8.83,8.83,8.8,8.83,0.01,+0.11%,0
"2023-06-06 10:22",8.83,8.86,8.83,8.86,0.03,+0.34%,0
"2023-06-06 10:23",8.86,8.9,8.86,8.9,0.04,+0.45%,0
"2023-06-06 10:24",8.9,8.91,8.87,8.87,-0.03,-0.34%,0
"2023-06-06 10:25",8.9,8.93,8.9,8.93,0.06,+0.68%,0
"2023-06-06 10:26",8.91,8.94,8.9,8.94,0.01,+0.11%,0
"2023-06-06 10:27",8.94,8.94,8.91,8.94,0,0.00%,0
"2023-06-06 10:28",8.94,8.95,8.91,8.94,0,0.00%,0
"2023-06-06 10:29",8.93,8.97,8.93,8.97,0.03,+0.34%,0
"2023-06-06 10:30",8.97,8.97,8.94,8.94,-0.03,-0.33%,0
"2023-06-06 10:31",8.94,8.97,8.94,8.95,0.01,+0.11%,0
"2023-06-06 10:32",8.92,8.92,8.85,8.89,-0.06,-0.67%,0
"2023-06-06 10:33",8.9,8.9,8.86,8.87,-0.02,-0.22%,0
"2023-06-06 10:34",8.84,8.86,8.84,8.86,-0.01,-0.11%,0
"2023-06-06 10:35",8.86,8.9,8.86,8.9,0.04,+0.45%,0
"2023-06-06 10:36",8.91,8.92,8.9,8.92,0.02,+0.22%,0
"2023-06-06 10:37",8.89,8.89,8.88,8.89,-0.03,-0.34%,0
"2023-06-06 10:38",8.84,8.84,8.81,8.82,-0.07,-0.79%,0
"2023-06-06 10:39",8.84,8.89,8.84,8.88,0.06,+0.68%,0
"2023-06-06 10:40",8.87,8.89,8.87,8.88,0,0.00%,0
"2023-06-06 10:41",8.86,8.89,8.86,8.89,0.01,+0.11%,0
"2023-06-06 10:42",8.87,8.89,8.86,8.86,-0.03,-0.34%,0
"2023-06-06 10:43",8.86,8.89,8.86,8.88,0.02,+0.23%,0
"2023-06-06 10:44",8.86,8.88,8.86,8.86,-0.02,-0.23%,0
"2023-06-06 10:45",8.85,8.85,8.76,8.83,-0.03,-0.34%,0
"2023-06-06 10:46",8.89,8.94,8.89,8.9,0.07,+0.79%,0
"2023-06-06 10:47",8.91,8.95,8.91,8.95,0.05,+0.56%,0
"2023-06-06 10:48",8.91,8.95,8.91,8.95,0,0.00%,0
"2023-06-06 10:49",8.95,8.95,8.94,8.94,-0.01,-0.11%,0
"2023-06-06 10:50",8.95,9.03,8.95,9,0.06,+0.67%,0
"2023-06-06 10:51",8.98,8.98,8.91,8.92,-0.08,-0.89%,0
"2023-06-06 10:52",8.91,8.94,8.91,8.93,0.01,+0.11%,0
"2023-06-06 10:53",8.9,8.9,8.84,8.84,-0.09,-1.01%,0
"2023-06-06 10:54",8.83,8.9,8.83,8.9,0.06,+0.68%,0
"2023-06-06 10:55",8.92,8.92,8.9,8.9,0,0.00%,0
"2023-06-06 10:56",8.89,8.95,8.89,8.91,0.01,+0.11%,0
"2023-06-06 10:57",8.92,8.92,8.9,8.92,0.01,+0.11%,0
"2023-06-06 10:58",8.93,8.95,8.92,8.92,0,0.00%,0
"2023-06-06 10:59",8.93,8.95,8.92,8.94,0.02,+0.22%,0
"2023-06-06 11:00",8.93,8.94,8.91,8.94,0,0.00%,0
"2023-06-06 11:01",8.94,8.94,8.9,8.92,-0.02,-0.22%,0
"2023-06-06 11:02",8.91,8.91,8.88,8.88,-0.04,-0.45%,0
"2023-06-06 11:03",8.85,8.86,8.84,8.84,-0.04,-0.45%,0
"2023-06-06 11:04",8.86,8.89,8.85,8.89,0.05,+0.57%,0
"2023-06-06 11:05",8.88,8.89,8.88,8.88,-0.01,-0.11%,0
"2023-06-06 11:06",8.86,8.86,8.84,8.84,-0.04,-0.45%,0
"2023-06-06 11:07",8.84,8.88,8.84,8.88,0.04,+0.45%,0
"2023-06-06 11:08",8.87,8.88,8.83,8.84,-0.04,-0.45%,0
"2023-06-06 11:09",8.84,8.86,8.83,8.86,0.02,+0.23%,0
"2023-06-06 11:10",8.85,8.86,8.85,8.85,-0.01,-0.11%,0
"2023-06-06 11:11",8.85,8.87,8.85,8.85,0,0.00%,0
"2023-06-06 11:12",8.88,8.91,8.88,8.89,0.04,+0.45%,0
"2023-06-06 11:13",8.9,8.92,8.9,8.92,0.03,+0.34%,0
"2023-06-06 11:14",8.92,8.94,8.92,8.93,0.01,+0.11%,0
"2023-06-06 11:15",8.9,8.9,8.88,8.88,-0.05,-0.56%,0
"2023-06-06 11:16",8.9,8.95,8.9,8.95,0.07,+0.79%,0
"2023-06-06 11:17",8.95,8.96,8.95,8.95,0,0.00%,0
"2023-06-06 11:18",8.97,8.98,8.97,8.97,0.02,+0.22%,0
"2023-06-06 11:19",8.97,9,8.97,8.99,0.02,+0.22%,0
"2023-06-06 11:20",8.95,9.01,8.95,9,0.01,+0.11%,0
"2023-06-06 11:21",9,9.04,9,9.04,0.04,+0.44%,0
"2023-06-06 11:22",9.04,9.08,9.04,9.08,0.04,+0.44%,0
"2023-06-06 11:23",9.08,9.1,9.08,9.09,0.01,+0.11%,0
"2023-06-06 11:24",9.11,9.15,9.11,9.15,0.06,+0.66%,0
"2023-06-06 11:25",9.14,9.3,9.14,9.3,0.15,+1.64%,0
"2023-06-06 11:26",9.35,9.41,9.11,9.12,-0.18,-1.94%,0
"2023-06-06 11:27",9.13,9.13,9,9,-0.12,-1.32%,0
"2023-06-06 11:28",9.02,9.05,9.02,9.05,0.05,+0.56%,0
"2023-06-06 11:29",9.06,9.06,9.02,9.04,-0.01,-0.11%,0
"2023-06-06 11:30",9.06,9.08,9.03,9.03,-0.01,-0.11%,0
"2023-06-06 11:31",9.04,9.06,9.04,9.04,0.01,+0.11%,0
"2023-06-06 11:32",9.05,9.08,9.05,9.08,0.04,+0.44%,0
"2023-06-06 11:33",9.07,9.1,9.07,9.09,0.01,+0.11%,0
"2023-06-06 11:34",9.07,9.1,9.07,9.1,0.01,+0.11%,0
"2023-06-06 11:35",9.1,9.11,9.08,9.09,-0.01,-0.11%,0
"2023-06-06 11:36",9.08,9.08,9,9,-0.09,-0.99%,0
"2023-06-06 11:37",8.98,9.06,8.98,9.06,0.06,+0.67%,0
"2023-06-06 11:38",9.05,9.06,9.02,9.02,-0.04,-0.44%,0
"2023-06-06 11:39",9.02,9.02,8.99,9.02,0,0.00%,0
"2023-06-06 11:40",9.03,9.03,9.01,9.01,-0.01,-0.11%,0
"2023-06-06 11:41",8.99,9.05,8.99,9.05,0.04,+0.44%,0
"2023-06-06 11:42",9,9.05,9,9.05,0,0.00%,0
"2023-06-06 11:43",9.02,9.08,9.02,9.08,0.03,+0.33%,0
"2023-06-06 11:44",9.09,9.09,9.05,9.06,-0.02,-0.22%,0
"2023-06-06 11:45",9.04,9.04,9.01,9.02,-0.04,-0.44%,0
"2023-06-06 11:46",9.02,9.03,9.02,9.03,0.01,+0.11%,0
"2023-06-06 11:47",9.03,9.03,9,9,-0.03,-0.33%,0
"2023-06-06 11:48",8.96,8.96,8.94,8.96,-0.04,-0.44%,0
"2023-06-06 11:49",8.96,8.99,8.96,8.97,0.01,+0.11%,0
"2023-06-06 11:50",8.96,9,8.96,9,0.03,+0.33%,0
"2023-06-06 11:51",9.01,9.02,9.01,9.02,0.02,+0.22%,0
"2023-06-06 11:52",9,9.02,8.99,8.99,-0.03,-0.33%,0
"2023-06-06 11:53",8.99,9.01,8.99,9,0.01,+0.11%,0
"2023-06-06 11:54",9,9.02,9,9.01,0.01,+0.11%,0
"2023-06-06 11:55",9.03,9.04,9.03,9.04,0.03,+0.33%,0
"2023-06-06 11:56",9.04,9.04,9.02,9.02,-0.02,-0.22%,0
"2023-06-06 11:57",9.01,9.05,9.01,9.03,0.01,+0.11%,0
"2023-06-06 11:58",9.01,9.05,9.01,9.05,0.02,+0.22%,0
"2023-06-06 11:59",9.05,9.06,9.02,9.02,-0.03,-0.33%,0
"2023-06-06 12:00",9.06,9.06,9.02,9.05,0.03,+0.33%,0
"2023-06-06 12:01",9.05,9.08,9.05,9.06,0.01,+0.11%,0
"2023-06-06 12:02",9.07,9.07,9.04,9.05,-0.01,-0.11%,0
"2023-06-06 12:03",9.06,9.08,9.06,9.06,0.01,+0.11%,0
"2023-06-06 12:04",9.03,9.07,9.03,9.06,0,0.00%,0
"2023-06-06 12:05",9.06,9.11,9.06,9.11,0.05,+0.55%,0
"2023-06-06 12:06",9.13,9.15,9.13,9.15,0.04,+0.44%,0
"2023-06-06 12:07",9.14,9.25,9.14,9.25,0.1,+1.09%,0
"2023-06-06 12:08",9.25,9.26,9.24,9.26,0.01,+0.11%,0
"2023-06-06 12:09",9.22,9.24,9.2,9.2,-0.06,-0.65%,0
"2023-06-06 12:10",9.19,9.23,9.19,9.22,0.02,+0.22%,0
"2023-06-06 12:11",9.22,9.23,9.22,9.23,0.01,+0.11%,0
"2023-06-06 12:12",9.22,9.22,9.2,9.2,-0.03,-0.33%,0
"2023-06-06 12:13",9.2,9.26,9.2,9.26,0.06,+0.65%,0
"2023-06-06 12:14",9.22,9.22,9.21,9.21,-0.05,-0.54%,0
"2023-06-06 12:15",9.24,9.26,9.22,9.22,0.01,+0.11%,0
"2023-06-06 12:16",9.23,9.29,9.23,9.28,0.06,+0.65%,0
"2023-06-06 12:17",9.29,9.33,9.29,9.33,0.05,+0.54%,0
"2023-06-06 12:18",9.32,9.33,9.32,9.33,0,0.00%,0
"2023-06-06 12:19",9.33,9.33,9.26,9.27,-0.06,-0.64%,0
"2023-06-06 12:20",9.27,9.27,9.27,9.27,0,0.00%,0
"2023-06-06 12:21",9.28,9.29,9.28,9.29,0.02,+0.22%,0
"2023-06-06 12:22",9.27,9.3,9.25,9.25,-0.04,-0.43%,0
"2023-06-06 12:23",9.26,9.28,9.26,9.27,0.02,+0.22%,0
"2023-06-06 12:24",9.29,9.29,9.27,9.28,0.01,+0.11%,0
"2023-06-06 12:25",9.28,9.28,9.24,9.25,-0.03,-0.32%,0
"2023-06-06 12:26",9.25,9.29,9.25,9.25,0,0.00%,0
"2023-06-06 12:27",9.25,9.28,9.25,9.28,0.03,+0.32%,0
"2023-06-06 12:28",9.3,9.33,9.3,9.32,0.04,+0.43%,0
"2023-06-06 12:29",9.3,9.33,9.3,9.33,0.01,+0.11%,0
"2023-06-06 12:30",9.32,9.32,9.27,9.28,-0.05,-0.54%,0
"2023-06-06 12:31",9.26,9.29,9.26,9.27,-0.01,-0.11%,0
"2023-06-06 12:32",9.28,9.31,9.28,9.31,0.04,+0.43%,0
"2023-06-06 12:33",9.31,9.32,9.31,9.31,0,0.00%,0
"2023-06-06 12:34",9.3,9.32,9.3,9.31,0,0.00%,0
"2023-06-06 12:35",9.29,9.32,9.29,9.31,0,0.00%,0
"2023-06-06 12:36",9.3,9.33,9.3,9.3,-0.01,-0.11%,0
"2023-06-06 12:37",9.3,9.33,9.3,9.32,0.02,+0.22%,0
"2023-06-06 12:38",9.39,9.41,9.35,9.35,0.03,+0.32%,0
"2023-06-06 12:39",9.36,9.42,9.36,9.42,0.07,+0.75%,0
"2023-06-06 12:40",9.37,9.44,9.37,9.44,0.02,+0.21%,0
"2023-06-06 12:41",9.44,9.57,9.44,9.56,0.12,+1.27%,0
"2023-06-06 12:42",9.53,9.54,9.45,9.45,-0.11,-1.15%,0
"2023-06-06 12:43",9.43,9.46,9.43,9.43,-0.02,-0.21%,0
"2023-06-06 12:44",9.37,9.42,9.37,9.42,-0.01,-0.11%,0
"2023-06-06 12:45",9.44,9.47,9.44,9.46,0.04,+0.42%,0
"2023-06-06 12:46",9.5,9.52,9.5,9.51,0.05,+0.53%,0
"2023-06-06 12:47",9.44,9.46,9.44,9.46,-0.05,-0.53%,0
"2023-06-06 12:48",9.44,9.49,9.44,9.49,0.03,+0.32%,0
"2023-06-06 12:49",9.5,9.54,9.5,9.53,0.04,+0.42%,0
"2023-06-06 12:50",9.52,9.57,9.52,9.53,0,0.00%,0
"2023-06-06 12:51",9.51,9.54,9.51,9.54,0.01,+0.10%,0
"2023-06-06 12:52",9.49,9.51,9.49,9.51,-0.03,-0.31%,0
"2023-06-06 12:53",9.5,9.52,9.48,9.52,0.01,+0.11%,0
"2023-06-06 12:54",9.53,9.58,9.53,9.57,0.05,+0.53%,0
"2023-06-06 12:55",9.57,9.59,9.57,9.58,0.01,+0.10%,0
"2023-06-06 12:56",9.56,9.58,9.56,9.57,-0.01,-0.10%,0
"2023-06-06 12:57",9.6,9.65,9.6,9.65,0.08,+0.84%,0
"2023-06-06 12:58",9.75,9.75,9.61,9.65,0,0.00%,0
"2023-06-06 12:59",9.66,9.69,9.63,9.69,0.04,+0.41%,0
"2023-06-06 13:00",9.69,9.69,9.66,9.66,-0.03,-0.31%,0
"2023-06-06 13:01",9.66,9.7,9.66,9.68,0.02,+0.21%,0
"2023-06-06 13:02",9.66,9.67,9.66,9.67,-0.01,-0.10%,0
"2023-06-06 13:03",9.68,9.7,9.68,9.7,0.03,+0.31%,0
"2023-06-06 13:04",9.69,9.7,9.69,9.69,-0.01,-0.10%,0
"2023-06-06 13:05",9.67,9.7,9.67,9.7,0.01,+0.10%,0
"2023-06-06 13:06",9.7,9.71,9.7,9.7,0,0.00%,0
"2023-06-06 13:07",9.66,9.66,9.61,9.61,-0.09,-0.93%,0
"2023-06-06 13:08",9.54,9.55,9.54,9.55,-0.06,-0.62%,0
"2023-06-06 13:09",9.54,9.55,9.52,9.52,-0.03,-0.31%,0
"2023-06-06 13:10",9.53,9.53,9.51,9.51,-0.01,-0.11%,0
"2023-06-06 13:11",9.51,9.53,9.51,9.52,0.01,+0.11%,0
"2023-06-06 13:12",9.49,9.52,9.49,9.5,-0.02,-0.21%,0
"2023-06-06 13:13",9.48,9.52,9.48,9.51,0.01,+0.11%,0
"2023-06-06 13:14",9.51,9.51,9.46,9.46,-0.05,-0.53%,0
"2023-06-06 13:15",9.46,9.49,9.46,9.48,0.02,+0.21%,0
"2023-06-06 13:16",9.47,9.48,9.46,9.48,0,0.00%,0
"2023-06-06 13:17",9.45,9.55,9.45,9.55,0.07,+0.74%,0
"2023-06-06 13:18",9.55,9.56,9.55,9.56,0.01,+0.10%,0
"2023-06-06 13:19",9.52,9.54,9.51,9.53,-0.03,-0.31%,0
"2023-06-06 13:20",9.56,9.66,9.56,9.65,0.12,+1.26%,0
"2023-06-06 13:21",9.61,9.61,9.58,9.58,-0.07,-0.73%,0
"2023-06-06 13:22",9.59,9.66,9.59,9.66,0.08,+0.84%,0
"2023-06-06 13:23",9.68,9.71,9.65,9.71,0.05,+0.52%,0
"2023-06-06 13:24",9.75,9.75,9.67,9.67,-0.04,-0.41%,0
"2023-06-06 13:25",9.66,9.77,9.66,9.77,0.1,+1.03%,0
"2023-06-06 13:26",9.91,9.91,9.85,9.85,0.08,+0.82%,0
"2023-06-06 13:27",9.79,9.79,9.74,9.74,-0.11,-1.12%,0
"2023-06-06 13:28",9.72,9.74,9.71,9.71,-0.03,-0.31%,0
"2023-06-06 13:29",9.72,9.74,9.71,9.74,0.03,+0.31%,0
"2023-06-06 13:30",9.75,9.75,9.71,9.71,-0.03,-0.31%,0
"2023-06-06 13:31",9.7,9.71,9.67,9.67,-0.04,-0.41%,0
"2023-06-06 13:32",9.75,9.87,9.75,9.87,0.2,+2.07%,0
"2023-06-06 13:33",9.84,9.85,9.82,9.82,-0.05,-0.51%,0
"2023-06-06 13:34",9.83,9.83,9.83,9.83,0.01,+0.10%,0
"2023-06-06 13:35",9.84,9.85,9.75,9.75,-0.08,-0.81%,0
"2023-06-06 13:36",9.74,9.74,9.7,9.7,-0.05,-0.51%,0
"2023-06-06 13:37",9.68,9.68,9.67,9.67,-0.03,-0.31%,0
"2023-06-06 13:38",9.69,9.71,9.69,9.71,0.04,+0.41%,0
"2023-06-06 13:39",9.69,9.74,9.69,9.74,0.03,+0.31%,0
"2023-06-06 13:40",9.73,9.73,9.73,9.73,-0.01,-0.10%,0
"2023-06-06 13:41",9.75,9.78,9.75,9.75,0.02,+0.21%,0
"2023-06-06 13:42",9.73,9.79,9.73,9.79,0.04,+0.41%,0
"2023-06-06 13:43",9.79,9.81,9.79,9.79,0,0.00%,0
"2023-06-06 13:44",9.79,9.81,9.79,9.81,0.02,+0.20%,0
"2023-06-06 13:45",9.81,9.81,9.8,9.8,-0.01,-0.10%,0
"2023-06-06 13:46",9.79,9.8,9.79,9.8,0,0.00%,0
"2023-06-06 13:47",9.78,9.8,9.77,9.78,-0.02,-0.20%,0
"2023-06-06 13:48",9.79,9.83,9.79,9.83,0.05,+0.51%,0
"2023-06-06 13:49",9.84,9.88,9.84,9.88,0.05,+0.51%,0
"2023-06-06 13:50",9.87,9.87,9.85,9.85,-0.03,-0.30%,0
"2023-06-06 13:51",9.82,9.84,9.82,9.84,-0.01,-0.10%,0
"2023-06-06 13:52",9.83,9.84,9.82,9.82,-0.02,-0.20%,0
"2023-06-06 13:53",9.8,9.86,9.8,9.86,0.04,+0.41%,0
"2023-06-06 13:54",9.9,9.94,9.88,9.88,0.02,+0.20%,0
"2023-06-06 13:55",9.88,10.1,9.88,10.08,0.2,+2.02%,0
"2023-06-06 13:56",10.04,10.04,10,10,-0.08,-0.79%,0
"2023-06-06 13:57",9.99,9.99,9.91,9.97,-0.03,-0.30%,0
"2023-06-06 13:58",9.96,9.96,9.91,9.91,-0.06,-0.60%,0
"2023-06-06 13:59",9.92,9.92,9.85,9.85,-0.06,-0.61%,0
"2023-06-06 14:00",9.82,9.88,9.82,9.88,0.03,+0.30%,0
"2023-06-06 14:01",9.89,9.93,9.89,9.89,0.01,+0.10%,0
"2023-06-06 14:02",9.87,9.89,9.81,9.87,-0.02,-0.20%,0
"2023-06-06 14:03",9.87,9.9,9.86,9.86,-0.01,-0.10%,0
"2023-06-06 14:04",9.85,9.85,9.82,9.82,-0.04,-0.41%,0
"2023-06-06 14:05",9.81,9.84,9.81,9.84,0.02,+0.20%,0
"2023-06-06 14:06",9.85,9.86,9.84,9.84,0,0.00%,0
"2023-06-06 14:07",9.85,9.9,9.85,9.89,0.05,+0.51%,0
"2023-06-06 14:08",9.88,9.89,9.88,9.89,0,0.00%,0
"2023-06-06 14:09",9.87,9.88,9.86,9.86,-0.03,-0.30%,0
"2023-06-06 14:10",9.82,9.86,9.82,9.85,-0.01,-0.10%,0
"2023-06-06 14:11",9.9,9.9,9.87,9.87,0.02,+0.20%,0
"2023-06-06 14:12",9.85,9.85,9.83,9.83,-0.04,-0.41%,0
"2023-06-06 14:13",9.8,9.8,9.75,9.76,-0.07,-0.71%,0
"2023-06-06 14:14",9.73,9.76,9.73,9.76,0,0.00%,0
"2023-06-06 14:15",9.75,9.77,9.75,9.77,0.01,+0.10%,0
"2023-06-06 14:16",9.78,9.78,9.78,9.78,0.01,+0.10%,0
"2023-06-06 14:17",9.75,9.8,9.75,9.8,0.02,+0.20%,0
"2023-06-06 14:18",9.8,9.81,9.8,9.8,0,0.00%,0
"2023-06-06 14:19",9.81,9.83,9.79,9.79,-0.01,-0.10%,0
"2023-06-06 14:20",9.78,9.81,9.78,9.81,0.02,+0.20%,0
"2023-06-06 14:21",9.8,9.83,9.8,9.83,0.02,+0.20%,0
"2023-06-06 14:22",9.8,9.87,9.8,9.87,0.04,+0.41%,0
"2023-06-06 14:23",9.88,9.88,9.85,9.85,-0.02,-0.20%,0
"2023-06-06 14:24",9.83,9.85,9.83,9.85,0,0.00%,0
"2023-06-06 14:25",9.86,9.86,9.84,9.84,-0.01,-0.10%,0
"2023-06-06 14:26",9.83,9.85,9.83,9.84,0,0.00%,0
"2023-06-06 14:27",9.83,9.86,9.8,9.8,-0.04,-0.41%,0
"2023-06-06 14:28",9.81,9.85,9.81,9.85,0.05,+0.51%,0
"2023-06-06 14:29",9.86,9.87,9.86,9.87,0.02,+0.20%,0
"2023-06-06 14:30",9.86,9.88,9.86,9.86,-0.01,-0.10%,0
"2023-06-06 14:31",9.87,9.88,9.87,9.87,0.01,+0.10%,0
"2023-06-06 14:32",9.86,9.88,9.86,9.86,-0.01,-0.10%,0
"2023-06-06 14:33",9.87,9.9,9.87,9.9,0.04,+0.41%,0
"2023-06-06 14:34",9.88,9.93,9.88,9.92,0.02,+0.20%,0
"2023-06-06 14:35",9.92,9.94,9.91,9.91,-0.01,-0.10%,0
"2023-06-06 14:36",9.89,9.92,9.89,9.92,0.01,+0.10%,0
"2023-06-06 14:37",9.92,9.93,9.92,9.92,0,0.00%,0
"2023-06-06 14:38",9.92,9.92,9.91,9.91,-0.01,-0.10%,0
"2023-06-06 14:39",9.92,9.94,9.92,9.93,0.02,+0.20%,0
"2023-06-06 14:40",9.95,9.95,9.94,9.94,0.01,+0.10%,0
"2023-06-06 14:41",9.95,9.96,9.95,9.95,0.01,+0.10%,0
"2023-06-06 14:42",9.94,9.95,9.94,9.94,-0.01,-0.10%,0
"2023-06-06 14:43",9.94,9.95,9.92,9.92,-0.02,-0.20%,0
"2023-06-06 14:44",9.91,9.92,9.88,9.88,-0.04,-0.40%,0
"2023-06-06 14:45",9.88,9.88,9.87,9.87,-0.01,-0.10%,0
"2023-06-06 14:46",9.87,9.89,9.87,9.88,0.01,+0.10%,0
"2023-06-06 14:47",9.88,9.89,9.88,9.89,0.01,+0.10%,0
"2023-06-06 14:48",9.89,9.9,9.88,9.88,-0.01,-0.10%,0
"2023-06-06 14:49",9.87,9.9,9.87,9.88,0,0.00%,0
"2023-06-06 14:50",9.85,9.85,9.79,9.79,-0.09,-0.91%,0
"2023-06-06 14:51",9.79,9.81,9.79,9.81,0.02,+0.20%,0
"2023-06-06 14:52",9.81,9.81,9.8,9.81,0,0.00%,0
"2023-06-06 14:53",9.81,9.83,9.81,9.81,0,0.00%,0
"2023-06-06 14:54",9.81,9.82,9.81,9.82,0.01,+0.10%,0
"2023-06-06 14:55",9.82,9.84,9.82,9.84,0.02,+0.20%,0
"2023-06-06 14:56",9.83,9.84,9.81,9.81,-0.03,-0.30%,0
"2023-06-06 14:57",9.81,9.84,9.81,9.82,0.01,+0.10%,0
"2023-06-06 14:58",9.8,9.82,9.8,9.81,-0.01,-0.10%,0
"2023-06-06 14:59",9.79,9.81,9.79,9.8,-0.01,-0.10%,0
"2023-06-06 15:00",9.77,9.78,9.77,9.78,-0.02,-0.20%,0
"2023-06-06 15:01",9.78,9.8,9.78,9.79,0.01,+0.10%,0
"2023-06-06 15:02",9.79,9.8,9.78,9.79,0,0.00%,0
"2023-06-06 15:03",9.78,9.79,9.69,9.69,-0.1,-1.02%,0
"2023-06-06 15:04",9.71,9.71,9.7,9.7,0.01,+0.10%,0
"2023-06-06 15:05",9.7,9.73,9.7,9.73,0.03,+0.31%,0
"2023-06-06 15:06",9.77,9.77,9.75,9.75,0.02,+0.21%,0
"2023-06-06 15:07",9.77,9.79,9.77,9.79,0.04,+0.41%,0
"2023-06-06 15:08",9.79,9.8,9.77,9.8,0.01,+0.10%,0
"2023-06-06 15:09",9.8,9.82,9.77,9.77,-0.03,-0.31%,0
"2023-06-06 15:10",9.77,9.79,9.77,9.79,0.02,+0.20%,0
"2023-06-06 15:11",9.81,9.82,9.81,9.81,0.02,+0.20%,0
"2023-06-06 15:12",9.82,9.84,9.82,9.83,0.02,+0.20%,0
"2023-06-06 15:13",9.83,9.87,9.83,9.87,0.04,+0.41%,0
"2023-06-06 15:14",9.86,9.89,9.86,9.89,0.02,+0.20%,0
"2023-06-06 15:15",9.89,9.89,9.86,9.86,-0.03,-0.30%,0
"2023-06-06 15:16",9.86,9.9,9.86,9.88,0.02,+0.20%,0
"2023-06-06 15:17",9.87,9.89,9.87,9.88,0,0.00%,0
"2023-06-06 15:18",9.87,9.87,9.85,9.86,-0.02,-0.20%,0
"2023-06-06 15:19",9.85,9.92,9.85,9.9,0.04,+0.41%,0
"2023-06-06 15:20",9.9,9.91,9.9,9.91,0.01,+0.10%,0
"2023-06-06 15:21",9.92,9.98,9.91,9.98,0.07,+0.71%,0
"2023-06-06 15:22",9.96,10.02,9.96,10.01,0.03,+0.30%,0
"2023-06-06 15:23",10.01,10.01,9.94,9.94,-0.07,-0.70%,0
"2023-06-06 15:24",10.02,10.04,10.02,10.04,0.1,+1.01%,0
"2023-06-06 15:25",10.05,10.07,10.05,10.05,0.01,+0.10%,0
"2023-06-06 15:26",10.06,10.06,10.05,10.05,0,0.00%,0
"2023-06-06 15:27",10.06,10.07,10.06,10.06,0.01,+0.10%,0
"2023-06-06 15:28",10.06,10.07,10.06,10.07,0.01,+0.10%,0
"2023-06-06 15:29",10.09,10.11,10.05,10.05,-0.02,-0.20%,0
"2023-06-06 15:30",10.03,10.03,9.94,9.95,-0.1,-1.00%,0
"2023-06-06 15:31",9.98,10.02,9.98,10.02,0.07,+0.70%,0
"2023-06-06 15:32",10.04,10.05,10.03,10.05,0.03,+0.30%,0
"2023-06-06 15:33",10.07,10.07,10,10.01,-0.04,-0.40%,0
"2023-06-06 15:34",10.02,10.05,10.02,10.05,0.04,+0.40%,0
"2023-06-06 15:35",10.05,10.12,10.05,10.1,0.05,+0.50%,0
"2023-06-06 15:36",10.11,10.15,10.11,10.15,0.05,+0.50%,0
"2023-06-06 15:37",10.16,10.17,10.16,10.17,0.02,+0.20%,0
"2023-06-06 15:38",10.16,10.16,10.15,10.15,-0.02,-0.20%,0
"2023-06-06 15:39",10.14,10.17,10.05,10.05,-0.1,-0.99%,0
"2023-06-06 15:40",10.12,10.13,10.05,10.05,0,0.00%,0
"2023-06-06 15:41",10.03,10.03,9.98,9.98,-0.07,-0.70%,0
"2023-06-06 15:42",9.97,10,9.97,10,0.02,+0.20%,0
"2023-06-06 15:43",10.01,10.08,10.01,10.08,0.08,+0.80%,0
"2023-06-06 15:44",10.05,10.08,10.04,10.04,-0.04,-0.40%,0
"2023-06-06 15:45",10.07,10.18,10.07,10.18,0.14,+1.39%,0
"2023-06-06 15:46",10.22,10.26,10.22,10.26,0.08,+0.79%,0
"2023-06-06 15:47",10.25,10.3,10.25,10.28,0.02,+0.19%,0
"2023-06-06 15:48",10.25,10.25,10.19,10.19,-0.09,-0.88%,0
"2023-06-06 15:49",10.14,10.21,10.14,10.21,0.02,+0.20%,0
"2023-06-06 15:50",10.16,10.19,10.16,10.19,-0.02,-0.20%,0
"2023-06-06 15:51",10.18,10.2,10.17,10.2,0.01,+0.10%,0
"2023-06-06 15:52",10.19,10.22,10.18,10.18,-0.02,-0.20%,0
"2023-06-06 15:53",10.17,10.17,10.15,10.15,-0.03,-0.29%,0
"2023-06-06 15:54",10.15,10.15,10.09,10.09,-0.06,-0.59%,0
"2023-06-06 15:55",10.07,10.14,10.07,10.1,0.01,+0.10%,0
"2023-06-06 15:56",10.06,10.06,10.03,10.03,-0.07,-0.69%,0
"2023-06-06 15:57",10.06,10.15,10.06,10.15,0.12,+1.20%,0
"2023-06-06 15:58",10.17,10.18,10.17,10.18,0.03,+0.30%,0
"2023-06-06 15:59",10.27,10.27,10.17,10.17,-0.01,-0.10%,0
"2023-06-06 16:00",10.17,10.17,9.97,9.97,-0.2,-1.97%,0
"2023-06-06 16:01",9.96,9.97,9.95,9.95,-0.02,-0.20%,0
"2023-06-06 16:02",10.02,10.04,10,10,0.05,+0.50%,0
"2023-06-06 16:03",9.96,9.97,9.94,9.94,-0.06,-0.60%,0
"2023-06-06 16:04",10.06,10.06,10.03,10.03,0.09,+0.91%,0
"2023-06-06 16:05",10.04,10.04,10.02,10.02,-0.01,-0.10%,0
"2023-06-06 16:06",10.04,10.04,10.01,10.01,-0.01,-0.10%,0
"2023-06-06 16:07",10.01,10.02,10,10,-0.01,-0.10%,0
"2023-06-06 16:08",10.01,10.13,10.01,10.13,0.13,+1.30%,0
"2023-06-06 16:09",10.1,10.12,10.1,10.1,-0.03,-0.30%,0
"2023-06-06 16:10",10.11,10.21,10.11,10.2,0.1,+0.99%,0
"2023-06-06 16:11",10.19,10.19,10.17,10.17,-0.03,-0.29%,0
"2023-06-06 16:12",10.18,10.26,10.18,10.26,0.09,+0.88%,0
"2023-06-06 16:13",10.26,10.28,10.23,10.28,0.02,+0.19%,0
"2023-06-06 16:14",10.25,10.29,10.25,10.28,0,0.00%,0
"2023-06-06 16:15",10.27,10.27,10.27,10.27,-0.01,-0.10%,0
"2023-06-07 09:31",8.9,8.9,8.82,8.82,-1.45,-14.12%,0
"2023-06-07 09:32",8.87,8.87,8.85,8.86,0.04,+0.45%,0
"2023-06-07 09:33",8.88,8.96,8.88,8.93,0.07,+0.79%,0
"2023-06-07 09:34",8.7,8.7,8.59,8.59,-0.34,-3.81%,0
"2023-06-07 09:35",8.58,8.58,8.53,8.54,-0.05,-0.58%,0
"2023-06-07 09:36",8.5,8.63,8.5,8.63,0.09,+1.05%,0
"2023-06-07 09:37",8.66,8.72,8.66,8.72,0.09,+1.04%,0
"2023-06-07 09:38",8.7,8.7,8.6,8.6,-0.12,-1.38%,0
"2023-06-07 09:39",8.62,8.62,8.62,8.62,0.02,+0.23%,0
"2023-06-07 09:40",8.6,8.63,8.6,8.61,-0.01,-0.12%,0
"2023-06-07 09:41",8.61,8.7,8.61,8.7,0.09,+1.05%,0
"2023-06-07 09:42",8.68,8.72,8.68,8.72,0.02,+0.23%,0
"2023-06-07 09:43",8.73,8.78,8.69,8.74,0.02,+0.23%,0
"2023-06-07 09:44",8.74,8.76,8.73,8.76,0.02,+0.23%,0
"2023-06-07 09:45",8.76,8.8,8.7,8.7,-0.06,-0.68%,0
"2023-06-07 09:46",8.73,8.74,8.66,8.7,0,0.00%,0
"2023-06-07 09:47",8.71,8.72,8.7,8.7,0,0.00%,0
"2023-06-07 09:48",8.69,8.74,8.69,8.71,0.01,+0.11%,0
"2023-06-07 09:49",8.7,8.75,8.7,8.72,0.01,+0.11%,0
"2023-06-07 09:50",8.71,8.73,8.69,8.73,0.01,+0.11%,0
"2023-06-07 09:51",8.74,8.74,8.69,8.71,-0.02,-0.23%,0
"2023-06-07 09:52",8.73,8.76,8.73,8.75,0.04,+0.46%,0
"2023-06-07 09:53",8.79,8.82,8.78,8.82,0.07,+0.80%,0
"2023-06-07 09:54",8.84,8.85,8.78,8.78,-0.04,-0.45%,0
"2023-06-07 09:55",8.74,8.77,8.74,8.77,-0.01,-0.11%,0
"2023-06-07 09:56",8.76,8.77,8.75,8.77,0,0.00%,0
"2023-06-07 09:57",8.74,8.78,8.74,8.74,-0.03,-0.34%,0
"2023-06-07 09:58",8.67,8.71,8.64,8.64,-0.1,-1.14%,0
"2023-06-07 09:59",8.62,8.69,8.62,8.67,0.03,+0.35%,0
"2023-06-07 10:00",8.65,8.7,8.65,8.65,-0.02,-0.23%,0
"2023-06-07 10:01",8.7,8.74,8.66,8.66,0.01,+0.12%,0
"2023-06-07 10:02",8.66,8.76,8.66,8.76,0.1,+1.15%,0
"2023-06-07 10:03",8.81,8.81,8.55,8.68,-0.08,-0.91%,0
"2023-06-07 10:04",8.71,8.72,8.66,8.67,-0.01,-0.12%,0
"2023-06-07 10:05",8.68,8.72,8.68,8.68,0.01,+0.12%,0
"2023-06-07 10:06",8.69,8.76,8.69,8.76,0.08,+0.92%,0
"2023-06-07 10:07",8.74,8.74,8.64,8.71,-0.05,-0.57%,0
"2023-06-07 10:08",8.71,8.79,8.71,8.75,0.04,+0.46%,0
"2023-06-07 10:09",8.72,8.74,8.72,8.73,-0.02,-0.23%,0
"2023-06-07 10:10",8.68,8.75,8.68,8.75,0.02,+0.23%,0
"2023-06-07 10:11",8.72,8.72,8.67,8.67,-0.08,-0.91%,0
"2023-06-07 10:12",8.68,8.74,8.68,8.72,0.05,+0.58%,0
"2023-06-07 10:13",8.7,8.7,8.66,8.66,-0.06,-0.69%,0
"2023-06-07 10:14",8.72,8.79,8.72,8.76,0.1,+1.15%,0
"2023-06-07 10:15",8.78,8.78,8.68,8.7,-0.06,-0.68%,0
"2023-06-07 10:16",8.71,8.71,8.65,8.65,-0.05,-0.57%,0
"2023-06-07 10:17",8.67,8.71,8.66,8.71,0.06,+0.69%,0
"2023-06-07 10:18",8.68,8.68,8.65,8.65,-0.06,-0.69%,0
"2023-06-07 10:19",8.66,8.7,8.66,8.7,0.05,+0.58%,0
"2023-06-07 10:20",8.69,8.72,8.69,8.71,0.01,+0.11%,0
"2023-06-07 10:21",8.69,8.69,8.68,8.68,-0.03,-0.34%,0
"2023-06-07 10:22",8.65,8.66,8.64,8.66,-0.02,-0.23%,0
"2023-06-07 10:23",8.66,8.69,8.66,8.67,0.01,+0.12%,0
"2023-06-07 10:24",8.65,8.68,8.65,8.67,0,0.00%,0
"2023-06-07 10:25",8.7,8.78,8.7,8.78,0.11,+1.27%,0
"2023-06-07 10:26",8.73,8.73,8.61,8.64,-0.14,-1.59%,0
"2023-06-07 10:27",8.68,8.72,8.68,8.72,0.08,+0.93%,0
"2023-06-07 10:28",8.72,8.74,8.71,8.74,0.02,+0.23%,0
"2023-06-07 10:29",8.7,8.71,8.69,8.69,-0.05,-0.57%,0
"2023-06-07 10:30",8.65,8.67,8.64,8.64,-0.05,-0.58%,0
"2023-06-07 10:31",8.62,8.62,8.62,8.62,-0.02,-0.23%,0
"2023-06-07 10:32",8.62,8.63,8.61,8.62,0,0.00%,0
"2023-06-07 10:33",8.62,8.63,8.59,8.61,-0.01,-0.12%,0
"2023-06-07 10:34",8.59,8.65,8.59,8.65,0.04,+0.46%,0
"2023-06-07 10:35",8.68,8.8,8.68,8.73,0.08,+0.92%,0
"2023-06-07 10:36",8.74,8.81,8.74,8.74,0.01,+0.11%,0
"2023-06-07 10:37",8.7,8.79,8.7,8.74,0,0.00%,0
"2023-06-07 10:38",8.75,8.75,8.7,8.74,0,0.00%,0
"2023-06-07 10:39",8.76,8.79,8.65,8.65,-0.09,-1.03%,0
"2023-06-07 10:40",8.63,8.74,8.63,8.73,0.08,+0.92%,0
"2023-06-07 10:41",8.73,8.77,8.72,8.72,-0.01,-0.11%,0
"2023-06-07 10:42",8.68,8.73,8.68,8.73,0.01,+0.11%,0
"2023-06-07 10:43",8.79,8.82,8.77,8.82,0.09,+1.03%,0
"2023-06-07 10:44",8.82,8.95,8.82,8.87,0.05,+0.57%,0
"2023-06-07 10:45",8.84,8.87,8.8,8.8,-0.07,-0.79%,0
"2023-06-07 10:46",8.79,8.86,8.79,8.86,0.06,+0.68%,0
"2023-06-07 10:47",8.86,8.95,8.83,8.83,-0.03,-0.34%,0
"2023-06-07 10:48",8.78,8.85,8.78,8.83,0,0.00%,0
"2023-06-07 10:49",8.84,8.86,8.84,8.85,0.02,+0.23%,0
"2023-06-07 10:50",8.87,8.93,8.87,8.93,0.08,+0.90%,0
"2023-06-07 10:51",8.92,8.93,8.92,8.93,0,0.00%,0
"2023-06-07 10:52",8.98,9.11,8.98,9.11,0.18,+2.02%,0
"2023-06-07 10:53",9.12,9.12,8.91,8.91,-0.2,-2.20%,0
"2023-06-07 10:54",8.94,9,8.94,9,0.09,+1.01%,0
"2023-06-07 10:55",8.99,9,8.99,9,0,0.00%,0
"2023-06-07 10:56",9,9.08,9,9.08,0.08,+0.89%,0
"2023-06-07 10:57",9.08,9.1,9.07,9.07,-0.01,-0.11%,0
"2023-06-07 10:58",9.06,9.1,9.06,9.07,0,0.00%,0
"2023-06-07 10:59",9.02,9.03,8.95,8.95,-0.12,-1.32%,0
"2023-06-07 11:00",8.98,9,8.98,9,0.05,+0.56%,0
"2023-06-07 11:01",8.97,8.98,8.97,8.98,-0.02,-0.22%,0
"2023-06-07 11:02",8.96,8.96,8.88,8.88,-0.1,-1.11%,0
"2023-06-07 11:03",8.88,8.89,8.83,8.85,-0.03,-0.34%,0
"2023-06-07 11:04",8.78,8.84,8.78,8.82,-0.03,-0.34%,0
"2023-06-07 11:05",8.78,8.78,8.75,8.75,-0.07,-0.79%,0
"2023-06-07 11:06",8.74,8.79,8.74,8.77,0.02,+0.23%,0
"2023-06-07 11:07",8.78,8.78,8.77,8.78,0.01,+0.11%,0
"2023-06-07 11:08",8.8,8.8,8.75,8.75,-0.03,-0.34%,0
"2023-06-07 11:09",8.75,8.76,8.74,8.74,-0.01,-0.11%,0
"2023-06-07 11:10",8.75,8.78,8.75,8.78,0.04,+0.46%,0
"2023-06-07 11:11",8.78,8.78,8.75,8.77,-0.01,-0.11%,0
"2023-06-07 11:12",8.8,8.8,8.78,8.78,0.01,+0.11%,0
"2023-06-07 11:13",8.8,8.81,8.8,8.81,0.03,+0.34%,0
"2023-06-07 11:14",8.81,8.81,8.79,8.79,-0.02,-0.23%,0
"2023-06-07 11:15",8.79,8.85,8.79,8.85,0.06,+0.68%,0
"2023-06-07 11:16",8.85,8.85,8.83,8.83,-0.02,-0.23%,0
"2023-06-07 11:17",8.84,8.84,8.82,8.82,-0.01,-0.11%,0
"2023-06-07 11:18",8.86,8.89,8.84,8.84,0.02,+0.23%,0
"2023-06-07 11:19",8.83,8.83,8.81,8.83,-0.01,-0.11%,0
"2023-06-07 11:20",8.81,8.85,8.81,8.82,-0.01,-0.11%,0
"2023-06-07 11:21",8.82,8.85,8.8,8.8,-0.02,-0.23%,0
"2023-06-07 11:22",8.8,8.82,8.8,8.81,0.01,+0.11%,0
"2023-06-07 11:23",8.82,8.88,8.82,8.86,0.05,+0.57%,0
"2023-06-07 11:24",8.86,8.87,8.85,8.85,-0.01,-0.11%,0
"2023-06-07 11:25",8.85,8.85,8.83,8.83,-0.02,-0.23%,0
"2023-06-07 11:26",8.73,8.77,8.73,8.77,-0.06,-0.68%,0
"2023-06-07 11:27",8.73,8.75,8.67,8.67,-0.1,-1.14%,0
"2023-06-07 11:28",8.67,8.71,8.66,8.66,-0.01,-0.12%,0
"2023-06-07 11:29",8.66,8.66,8.62,8.62,-0.04,-0.46%,0
"2023-06-07 11:30",8.61,8.62,8.57,8.57,-0.05,-0.58%,0
"2023-06-07 11:31",8.53,8.62,8.53,8.62,0.05,+0.58%,0
"2023-06-07 11:32",8.61,8.61,8.56,8.56,-0.06,-0.70%,0
"2023-06-07 11:33",8.55,8.56,8.53,8.53,-0.03,-0.35%,0
"2023-06-07 11:34",8.54,8.56,8.54,8.54,0.01,+0.12%,0
"2023-06-07 11:35",8.56,8.59,8.56,8.59,0.05,+0.59%,0
"2023-06-07 11:36",8.62,8.63,8.61,8.63,0.04,+0.47%,0
"2023-06-07 11:37",8.63,8.7,8.63,8.7,0.07,+0.81%,0
"2023-06-07 11:38",8.68,8.69,8.67,8.69,-0.01,-0.11%,0
"2023-06-07 11:39",8.71,8.79,8.71,8.75,0.06,+0.69%,0
"2023-06-07 11:40",8.74,8.77,8.74,8.76,0.01,+0.11%,0
"2023-06-07 11:41",8.76,8.81,8.76,8.78,0.02,+0.23%,0
"2023-06-07 11:42",8.79,8.81,8.79,8.79,0.01,+0.11%,0
"2023-06-07 11:43",8.78,8.83,8.78,8.83,0.04,+0.46%,0
"2023-06-07 11:44",8.85,8.86,8.85,8.86,0.03,+0.34%,0
"2023-06-07 11:45",8.88,8.88,8.82,8.82,-0.04,-0.45%,0
"2023-06-07 11:46",8.81,8.84,8.81,8.82,0,0.00%,0
"2023-06-07 11:47",8.83,8.85,8.83,8.84,0.02,+0.23%,0
"2023-06-07 11:48",8.85,8.89,8.83,8.83,-0.01,-0.11%,0
"2023-06-07 11:49",8.84,8.87,8.83,8.83,0,0.00%,0
"2023-06-07 11:50",8.84,8.86,8.84,8.85,0.02,+0.23%,0
"2023-06-07 11:51",8.9,9.01,8.9,9.01,0.16,+1.81%,0
"2023-06-07 11:52",9.06,9.11,9.02,9.02,0.01,+0.11%,0
"2023-06-07 11:53",8.98,9.02,8.98,8.98,-0.04,-0.44%,0
"2023-06-07 11:54",8.95,8.95,8.91,8.91,-0.07,-0.78%,0
"2023-06-07 11:55",8.92,9.05,8.92,9.05,0.14,+1.57%,0
"2023-06-07 11:56",9.02,9.08,9.02,9.08,0.03,+0.33%,0
"2023-06-07 11:57",9.07,9.07,9.04,9.05,-0.03,-0.33%,0
"2023-06-07 11:58",9.06,9.09,9.06,9.09,0.04,+0.44%,0
"2023-06-07 11:59",9.07,9.1,9.07,9.1,0.01,+0.11%,0
"2023-06-07 12:00",9.09,9.09,9.01,9.01,-0.09,-0.99%,0
"2023-06-07 12:01",9.03,9.03,9,9,-0.01,-0.11%,0
"2023-06-07 12:02",9,9.02,9,9.01,0.01,+0.11%,0
"2023-06-07 12:03",8.99,8.99,8.95,8.95,-0.06,-0.67%,0
"2023-06-07 12:04",8.95,8.98,8.95,8.95,0,0.00%,0
"2023-06-07 12:05",8.93,8.95,8.93,8.94,-0.01,-0.11%,0
"2023-06-07 12:06",8.97,8.99,8.97,8.99,0.05,+0.56%,0
"2023-06-07 12:07",8.98,9.01,8.96,8.97,-0.02,-0.22%,0
"2023-06-07 12:08",8.96,8.98,8.94,8.94,-0.03,-0.33%,0
"2023-06-07 12:09",8.93,8.95,8.91,8.91,-0.03,-0.34%,0
"2023-06-07 12:10",8.91,8.99,8.91,8.98,0.07,+0.79%,0
"2023-06-07 12:11",8.96,8.99,8.96,8.99,0.01,+0.11%,0
"2023-06-07 12:12",8.98,9.03,8.98,9.02,0.03,+0.33%,0
"2023-06-07 12:13",9.02,9.05,9.02,9.04,0.02,+0.22%,0
"2023-06-07 12:14",9.03,9.03,8.99,8.99,-0.05,-0.55%,0
"2023-06-07 12:15",8.98,9.01,8.96,9.01,0.02,+0.22%,0
"2023-06-07 12:16",9.03,9.07,9.03,9.07,0.06,+0.67%,0
"2023-06-07 12:17",9.06,9.11,9.06,9.11,0.04,+0.44%,0
"2023-06-07 12:18",9.11,9.13,9.11,9.13,0.02,+0.22%,0
"2023-06-07 12:19",9.14,9.15,9.12,9.12,-0.01,-0.11%,0
"2023-06-07 12:20",9.14,9.17,9.13,9.13,0.01,+0.11%,0
"2023-06-07 12:21",9.14,9.14,9.11,9.11,-0.02,-0.22%,0
"2023-06-07 12:22",9.12,9.17,9.12,9.17,0.06,+0.66%,0
"2023-06-07 12:23",9.2,9.2,9.16,9.19,0.02,+0.22%,0
"2023-06-07 12:24",9.17,9.18,9.17,9.17,-0.02,-0.22%,0
"2023-06-07 12:25",9.19,9.21,9.19,9.21,0.04,+0.44%,0
"2023-06-07 12:26",9.21,9.22,9.2,9.22,0.01,+0.11%,0
"2023-06-07 12:27",9.22,9.31,9.22,9.31,0.09,+0.98%,0
"2023-06-07 12:28",9.29,9.29,9.23,9.23,-0.08,-0.86%,0
"2023-06-07 12:29",9.22,9.22,9.21,9.21,-0.02,-0.22%,0
"2023-06-07 12:30",9.21,9.21,9.19,9.19,-0.02,-0.22%,0
"2023-06-07 12:31",9.21,9.21,9.17,9.17,-0.02,-0.22%,0
"2023-06-07 12:32",9.12,9.16,9.12,9.16,-0.01,-0.11%,0
"2023-06-07 12:33",9.15,9.16,9.13,9.13,-0.03,-0.33%,0
"2023-06-07 12:34",9.12,9.12,9.05,9.05,-0.08,-0.88%,0
"2023-06-07 12:35",9.08,9.11,9.08,9.11,0.06,+0.66%,0
"2023-06-07 12:36",9.1,9.13,9.1,9.13,0.02,+0.22%,0
"2023-06-07 12:37",9.12,9.14,9.12,9.12,-0.01,-0.11%,0
"2023-06-07 12:38",9.1,9.13,9.1,9.1,-0.02,-0.22%,0
"2023-06-07 12:39",9.1,9.11,9.09,9.09,-0.01,-0.11%,0
"2023-06-07 12:40",9.09,9.13,9.09,9.1,0.01,+0.11%,0
"2023-06-07 12:41",9.09,9.09,9.06,9.06,-0.04,-0.44%,0
"2023-06-07 12:42",9.04,9.11,9.04,9.11,0.05,+0.55%,0
"2023-06-07 12:43",9.14,9.15,9.11,9.11,0,0.00%,0
"2023-06-07 12:44",9.12,9.12,9.11,9.11,0,0.00%,0
"2023-06-07 12:45",9.11,9.11,9.09,9.1,-0.01,-0.11%,0
"2023-06-07 12:46",9.1,9.15,9.1,9.15,0.05,+0.55%,0
"2023-06-07 12:47",9.14,9.15,9.14,9.14,-0.01,-0.11%,0
"2023-06-07 12:48",9.15,9.17,9.15,9.17,0.03,+0.33%,0
"2023-06-07 12:49",9.18,9.21,9.18,9.21,0.04,+0.44%,0
"2023-06-07 12:50",9.2,9.24,9.19,9.19,-0.02,-0.22%,0
"2023-06-07 12:51",9.18,9.21,9.17,9.17,-0.02,-0.22%,0
"2023-06-07 12:52",9.19,9.28,9.19,9.28,0.11,+1.20%,0
"2023-06-07 12:53",9.31,9.32,9.3,9.3,0.02,+0.22%,0
"2023-06-07 12:54",9.3,9.51,9.3,9.51,0.21,+2.26%,0
"2023-06-07 12:55",9.49,9.49,9.44,9.44,-0.07,-0.74%,0
"2023-06-07 12:56",9.38,9.46,9.38,9.46,0.02,+0.21%,0
"2023-06-07 12:57",9.47,9.5,9.47,9.5,0.04,+0.42%,0
"2023-06-07 12:58",9.54,9.54,9.49,9.49,-0.01,-0.11%,0
"2023-06-07 12:59",9.45,9.45,9.41,9.44,-0.05,-0.53%,0
"2023-06-07 13:00",9.41,9.49,9.41,9.49,0.05,+0.53%,0
"2023-06-07 13:01",9.5,9.52,9.49,9.49,0,0.00%,0
"2023-06-07 13:02",9.5,9.52,9.49,9.52,0.03,+0.32%,0
"2023-06-07 13:03",9.51,9.53,9.51,9.51,-0.01,-0.11%,0
"2023-06-07 13:04",9.52,9.56,9.52,9.56,0.05,+0.53%,0
"2023-06-07 13:05",9.56,9.56,9.55,9.56,0,0.00%,0
"2023-06-07 13:06",9.55,9.56,9.53,9.54,-0.02,-0.21%,0
"2023-06-07 13:07",9.5,9.53,9.48,9.5,-0.04,-0.42%,0
"2023-06-07 13:08",9.53,9.53,9.51,9.51,0.01,+0.11%,0
"2023-06-07 13:09",9.48,9.48,9.44,9.44,-0.07,-0.74%,0
"2023-06-07 13:10",9.44,9.44,9.4,9.4,-0.04,-0.42%,0
"2023-06-07 13:11",9.38,9.4,9.37,9.37,-0.03,-0.32%,0
"2023-06-07 13:12",9.41,9.48,9.41,9.48,0.11,+1.17%,0
"2023-06-07 13:13",9.54,9.62,9.54,9.61,0.13,+1.37%,0
"2023-06-07 13:14",9.58,9.61,9.58,9.61,0,0.00%,0
"2023-06-07 13:15",9.61,9.63,9.61,9.63,0.02,+0.21%,0
"2023-06-07 13:16",9.62,9.62,9.58,9.58,-0.05,-0.52%,0
"2023-06-07 13:17",9.58,9.59,9.58,9.59,0.01,+0.10%,0
"2023-06-07 13:18",9.59,9.63,9.59,9.63,0.04,+0.42%,0
"2023-06-07 13:19",9.65,9.71,9.65,9.71,0.08,+0.83%,0
"2023-06-07 13:20",9.76,9.76,9.7,9.7,-0.01,-0.10%,0
"2023-06-07 13:21",9.76,9.9,9.76,9.9,0.2,+2.06%,0
"2023-06-07 13:22",9.92,9.92,9.75,9.75,-0.15,-1.52%,0
"2023-06-07 13:23",9.73,9.76,9.73,9.74,-0.01,-0.10%,0
"2023-06-07 13:24",9.74,9.75,9.73,9.75,0.01,+0.10%,0
"2023-06-07 13:25",9.75,9.8,9.75,9.8,0.05,+0.51%,0
"2023-06-07 13:26",9.77,9.78,9.76,9.76,-0.04,-0.41%,0
"2023-06-07 13:27",9.74,9.74,9.72,9.74,-0.02,-0.20%,0
"2023-06-07 13:28",9.74,9.78,9.74,9.74,0,0.00%,0
"2023-06-07 13:29",9.72,9.72,9.7,9.7,-0.04,-0.41%,0
"2023-06-07 13:30",9.72,9.86,9.72,9.86,0.16,+1.65%,0
"2023-06-07 13:31",9.88,9.93,9.88,9.92,0.06,+0.61%,0
"2023-06-07 13:32",9.95,9.95,9.91,9.93,0.01,+0.10%,0
"2023-06-07 13:33",9.93,9.93,9.84,9.84,-0.09,-0.91%,0
"2023-06-07 13:34",9.84,9.91,9.84,9.91,0.07,+0.71%,0
"2023-06-07 13:35",9.9,9.93,9.9,9.93,0.02,+0.20%,0
"2023-06-07 13:36",9.95,9.95,9.89,9.89,-0.04,-0.40%,0
"2023-06-07 13:37",9.9,9.97,9.9,9.97,0.08,+0.81%,0
"2023-06-07 13:38",9.98,9.98,9.97,9.98,0.01,+0.10%,0
"2023-06-07 13:39",9.99,10.03,9.99,10.03,0.05,+0.50%,0
"2023-06-07 13:40",9.98,10,9.97,9.97,-0.06,-0.60%,0
"2023-06-07 13:41",9.97,9.99,9.97,9.98,0.01,+0.10%,0
"2023-06-07 13:42",9.98,9.98,9.98,9.98,0,0.00%,0
"2023-06-07 13:43",9.99,10,9.98,9.98,0,0.00%,0
"2023-06-07 13:44",9.93,9.96,9.92,9.92,-0.06,-0.60%,0
"2023-06-07 13:45",9.9,9.9,9.88,9.9,-0.02,-0.20%,0
"2023-06-07 13:46",9.9,9.92,9.9,9.92,0.02,+0.20%,0
"2023-06-07 13:47",9.92,10,9.92,9.96,0.04,+0.40%,0
"2023-06-07 13:48",9.96,9.97,9.95,9.95,-0.01,-0.10%,0
"2023-06-07 13:49",9.97,9.98,9.97,9.98,0.03,+0.30%,0
"2023-06-07 13:50",9.97,10.05,9.97,10.05,0.07,+0.70%,0
"2023-06-07 13:51",10.04,10.04,10.02,10.02,-0.03,-0.30%,0
"2023-06-07 13:52",10.03,10.03,10.01,10.01,-0.01,-0.10%,0
"2023-06-07 13:53",9.99,10.01,9.99,10.01,0,0.00%,0
"2023-06-07 13:54",9.99,10,9.98,9.98,-0.03,-0.30%,0
"2023-06-07 13:55",9.99,9.99,9.96,9.96,-0.02,-0.20%,0
"2023-06-07 13:56",9.94,9.97,9.94,9.94,-0.02,-0.20%,0
"2023-06-07 13:57",9.94,9.95,9.89,9.89,-0.05,-0.50%,0
"2023-06-07 13:58",9.9,9.9,9.87,9.87,-0.02,-0.20%,0
"2023-06-07 13:59",9.84,9.84,9.84,9.84,-0.03,-0.30%,0
"2023-06-07 14:00",9.84,9.85,9.84,9.84,0,0.00%,0
"2023-06-07 14:01",9.83,9.85,9.83,9.85,0.01,+0.10%,0
"2023-06-07 14:02",9.84,9.86,9.84,9.84,-0.01,-0.10%,0
"2023-06-07 14:03",9.84,9.85,9.81,9.81,-0.03,-0.30%,0
"2023-06-07 14:04",9.81,9.82,9.81,9.81,0,0.00%,0
"2023-06-07 14:05",9.8,9.8,9.79,9.79,-0.02,-0.20%,0
"2023-06-07 14:06",9.72,9.79,9.72,9.78,-0.01,-0.10%,0
"2023-06-07 14:07",9.78,9.8,9.78,9.79,0.01,+0.10%,0
"2023-06-07 14:08",9.78,9.78,9.77,9.77,-0.02,-0.20%,0
"2023-06-07 14:09",9.76,9.78,9.75,9.75,-0.02,-0.20%,0
"2023-06-07 14:10",9.74,9.77,9.73,9.76,0.01,+0.10%,0
"2023-06-07 14:11",9.8,9.83,9.8,9.8,0.04,+0.41%,0
"2023-06-07 14:12",9.8,9.92,9.8,9.91,0.11,+1.12%,0
"2023-06-07 14:13",9.9,9.9,9.87,9.87,-0.04,-0.40%,0
"2023-06-07 14:14",9.87,9.87,9.85,9.85,-0.02,-0.20%,0
"2023-06-07 14:15",9.83,9.83,9.8,9.81,-0.04,-0.41%,0
"2023-06-07 14:16",9.81,9.85,9.81,9.85,0.04,+0.41%,0
"2023-06-07 14:17",9.81,9.81,9.77,9.77,-0.08,-0.81%,0
"2023-06-07 14:18",9.77,9.77,9.76,9.77,0,0.00%,0
"2023-06-07 14:19",9.76,9.78,9.76,9.76,-0.01,-0.10%,0
"2023-06-07 14:20",9.72,9.72,9.65,9.65,-0.11,-1.13%,0
"2023-06-07 14:21",9.63,9.67,9.63,9.67,0.02,+0.21%,0
"2023-06-07 14:22",9.67,9.72,9.67,9.72,0.05,+0.52%,0
"2023-06-07 14:23",9.71,9.72,9.68,9.68,-0.04,-0.41%,0
"2023-06-07 14:24",9.68,9.68,9.66,9.66,-0.02,-0.21%,0
"2023-06-07 14:25",9.65,9.65,9.63,9.63,-0.03,-0.31%,0
"2023-06-07 14:26",9.67,9.73,9.67,9.73,0.1,+1.04%,0
"2023-06-07 14:27",9.74,9.76,9.74,9.75,0.02,+0.21%,0
"2023-06-07 14:28",9.73,9.73,9.68,9.68,-0.07,-0.72%,0
"2023-06-07 14:29",9.68,9.72,9.68,9.72,0.04,+0.41%,0
"2023-06-07 14:30",9.71,9.72,9.71,9.71,-0.01,-0.10%,0
"2023-06-07 14:31",9.7,9.77,9.7,9.77,0.06,+0.62%,0
"2023-06-07 14:32",9.8,9.82,9.8,9.82,0.05,+0.51%,0
"2023-06-07 14:33",9.84,9.86,9.84,9.86,0.04,+0.41%,0
"2023-06-07 14:34",9.87,9.92,9.87,9.88,0.02,+0.20%,0
"2023-06-07 14:35",9.87,10.06,9.87,10.06,0.18,+1.82%,0
"2023-06-07 14:36",9.99,9.99,9.91,9.91,-0.15,-1.49%,0
"2023-06-07 14:37",9.88,9.92,9.88,9.92,0.01,+0.10%,0
"2023-06-07 14:38",9.93,9.96,9.93,9.95,0.03,+0.30%,0
"2023-06-07 14:39",9.96,9.96,9.95,9.95,0,0.00%,0
"2023-06-07 14:40",9.95,9.97,9.95,9.95,0,0.00%,0
"2023-06-07 14:41",9.95,9.99,9.95,9.99,0.04,+0.40%,0
"2023-06-07 14:42",10.02,10.02,9.99,9.99,0,0.00%,0
"2023-06-07 14:43",9.99,10.01,9.99,10,0.01,+0.10%,0
"2023-06-07 14:44",10,10.01,10,10,0,0.00%,0
"2023-06-07 14:45",10,10.04,10,10.04,0.04,+0.40%,0
"2023-06-07 14:46",10.02,10.02,10.01,10.01,-0.03,-0.30%,0
"2023-06-07 14:47",10,10.03,10,10.02,0.01,+0.10%,0
"2023-06-07 14:48",10,10.04,10,10.04,0.02,+0.20%,0
"2023-06-07 14:49",10.05,10.08,10.05,10.07,0.03,+0.30%,0
"2023-06-07 14:50",10.09,10.14,10.09,10.14,0.07,+0.70%,0
"2023-06-07 14:51",10.16,10.21,10.16,10.19,0.05,+0.49%,0
"2023-06-07 14:52",10.18,10.18,10.17,10.17,-0.02,-0.20%,0
"2023-06-07 14:53",10.14,10.14,10.12,10.12,-0.05,-0.49%,0
"2023-06-07 14:54",10.05,10.05,10.01,10.02,-0.1,-0.99%,0
"2023-06-07 14:55",10.02,10.03,10.01,10.01,-0.01,-0.10%,0
"2023-06-07 14:56",10.02,10.04,10.02,10.02,0.01,+0.10%,0
"2023-06-07 14:57",10.07,10.07,10.05,10.05,0.03,+0.30%,0
"2023-06-07 14:58",10.05,10.06,9.98,9.98,-0.07,-0.70%,0
"2023-06-07 14:59",9.97,10.03,9.97,10.03,0.05,+0.50%,0
"2023-06-07 15:00",10.04,10.05,9.96,9.96,-0.07,-0.70%,0
"2023-06-07 15:01",9.94,9.96,9.94,9.94,-0.02,-0.20%,0
"2023-06-07 15:02",9.93,9.94,9.92,9.92,-0.02,-0.20%,0
"2023-06-07 15:03",9.86,9.87,9.86,9.87,-0.05,-0.50%,0
"2023-06-07 15:04",9.87,9.9,9.87,9.9,0.03,+0.30%,0
"2023-06-07 15:05",9.9,9.91,9.9,9.9,0,0.00%,0
"2023-06-07 15:06",9.9,9.92,9.9,9.9,0,0.00%,0
"2023-06-07 15:07",9.9,9.91,9.9,9.91,0.01,+0.10%,0
"2023-06-07 15:08",9.93,9.97,9.93,9.96,0.05,+0.50%,0
"2023-06-07 15:09",9.98,9.99,9.98,9.99,0.03,+0.30%,0
"2023-06-07 15:10",9.98,10.12,9.98,10.12,0.13,+1.30%,0
"2023-06-07 15:11",10.11,10.11,10.08,10.08,-0.04,-0.40%,0
"2023-06-07 15:12",10.08,10.08,10.07,10.07,-0.01,-0.10%,0
"2023-06-07 15:13",10.06,10.06,10.04,10.06,-0.01,-0.10%,0
"2023-06-07 15:14",10.06,10.08,10.06,10.07,0.01,+0.10%,0
"2023-06-07 15:15",10.06,10.07,10.04,10.04,-0.03,-0.30%,0
"2023-06-07 15:16",10.03,10.03,9.93,9.93,-0.11,-1.10%,0
"2023-06-07 15:17",9.93,9.94,9.92,9.93,0,0.00%,0
"2023-06-07 15:18",9.93,9.94,9.93,9.94,0.01,+0.10%,0
"2023-06-07 15:19",9.89,9.9,9.88,9.9,-0.04,-0.40%,0
"2023-06-07 15:20",9.9,9.9,9.87,9.88,-0.02,-0.20%,0
"2023-06-07 15:21",9.87,9.89,9.87,9.89,0.01,+0.10%,0
"2023-06-07 15:22",9.9,9.9,9.88,9.9,0.01,+0.10%,0
"2023-06-07 15:23",9.91,9.93,9.91,9.93,0.03,+0.30%,0
"2023-06-07 15:24",9.96,9.97,9.94,9.94,0.01,+0.10%,0
"2023-06-07 15:25",9.94,9.97,9.94,9.95,0.01,+0.10%,0
"2023-06-07 15:26",9.95,9.98,9.95,9.97,0.02,+0.20%,0
"2023-06-07 15:27",9.96,9.98,9.94,9.95,-0.02,-0.20%,0
"2023-06-07 15:28",9.96,10,9.96,9.96,0.01,+0.10%,0
"2023-06-07 15:29",9.94,9.95,9.93,9.93,-0.03,-0.30%,0
"2023-06-07 15:30",9.96,9.96,9.93,9.94,0.01,+0.10%,0
"2023-06-07 15:31",9.94,9.95,9.92,9.92,-0.02,-0.20%,0
"2023-06-07 15:32",9.94,9.94,9.92,9.94,0.02,+0.20%,0
"2023-06-07 15:33",9.98,10.06,9.98,10.06,0.12,+1.21%,0
"2023-06-07 15:34",10.09,10.12,10.09,10.09,0.03,+0.30%,0
"2023-06-07 15:35",10.09,10.13,10.09,10.11,0.02,+0.20%,0
"2023-06-07 15:36",10.1,10.12,10.09,10.12,0.01,+0.10%,0
"2023-06-07 15:37",10.15,10.34,10.15,10.34,0.22,+2.17%,0
"2023-06-07 15:38",10.28,10.28,10.21,10.24,-0.1,-0.97%,0
"2023-06-07 15:39",10.22,10.31,10.22,10.31,0.07,+0.68%,0
"2023-06-07 15:40",10.3,10.48,10.3,10.48,0.17,+1.65%,0
"2023-06-07 15:41",10.44,10.44,10.4,10.41,-0.07,-0.67%,0
"2023-06-07 15:42",10.39,10.39,10.33,10.33,-0.08,-0.77%,0
"2023-06-07 15:43",10.31,10.36,10.31,10.33,0,0.00%,0
"2023-06-07 15:44",10.32,10.32,10.24,10.24,-0.09,-0.87%,0
"2023-06-07 15:45",10.24,10.24,10.23,10.24,0,0.00%,0
"2023-06-07 15:46",10.25,10.3,10.25,10.27,0.03,+0.29%,0
"2023-06-07 15:47",10.27,10.34,10.27,10.33,0.06,+0.58%,0
"2023-06-07 15:48",10.35,10.44,10.35,10.43,0.1,+0.97%,0
"2023-06-07 15:49",10.41,10.41,10.4,10.41,-0.02,-0.19%,0
"2023-06-07 15:50",10.28,10.35,10.23,10.23,-0.18,-1.73%,0
"2023-06-07 15:51",10.19,10.28,10.19,10.28,0.05,+0.49%,0
"2023-06-07 15:52",10.31,10.31,10.25,10.27,-0.01,-0.10%,0
"2023-06-07 15:53",10.25,10.25,10.21,10.21,-0.06,-0.58%,0
"2023-06-07 15:54",10.19,10.4,10.19,10.4,0.19,+1.86%,0
"2023-06-07 15:55",10.5,10.6,10.5,10.58,0.18,+1.73%,0
"2023-06-07 15:56",10.59,10.66,10.59,10.66,0.08,+0.76%,0
"2023-06-07 15:57",10.58,10.58,10.5,10.52,-0.14,-1.31%,0
"2023-06-07 15:58",10.52,10.59,10.52,10.59,0.07,+0.67%,0
"2023-06-07 15:59",10.58,10.58,10.48,10.48,-0.11,-1.04%,0
"2023-06-07 16:00",10.5,10.5,10.45,10.45,-0.03,-0.29%,0
"2023-06-07 16:01",10.42,10.57,10.35,10.57,0.12,+1.15%,0
"2023-06-07 16:02",10.52,10.52,10.5,10.51,-0.06,-0.57%,0
"2023-06-07 16:03",10.51,10.6,10.51,10.6,0.09,+0.86%,0
"2023-06-07 16:04",10.63,10.66,10.63,10.65,0.05,+0.47%,0
"2023-06-07 16:05",10.63,10.68,10.63,10.68,0.03,+0.28%,0
"2023-06-07 16:06",10.66,10.71,10.66,10.71,0.03,+0.28%,0
"2023-06-07 16:07",10.71,10.71,10.69,10.69,-0.02,-0.19%,0
"2023-06-07 16:08",10.72,10.78,10.72,10.78,0.09,+0.84%,0
"2023-06-07 16:09",10.78,10.8,10.77,10.78,0,0.00%,0
"2023-06-07 16:10",10.79,10.86,10.79,10.86,0.08,+0.74%,0
"2023-06-07 16:11",10.85,10.87,10.83,10.83,-0.03,-0.28%,0
"2023-06-07 16:12",10.84,10.88,10.84,10.88,0.05,+0.46%,0
"2023-06-07 16:13",10.88,10.91,10.88,10.89,0.01,+0.09%,0
"2023-06-07 16:14",10.88,10.97,10.88,10.96,0.07,+0.64%,0
"2023-06-07 16:15",11.04,11.04,11.04,11.04,0.08,+0.73%,0
"2023-06-08 09:31",9.24,9.24,9.01,9.05,-1.99,-18.03%,0
"2023-06-08 09:32",9.01,9.03,9,9,-0.05,-0.55%,0
"2023-06-08 09:33",9,9.01,9,9.01,0.01,+0.11%,0
"2023-06-08 09:34",8.98,9.03,8.98,9.02,0.01,+0.11%,0
"2023-06-08 09:35",9.01,9.01,8.96,8.98,-0.04,-0.44%,0
"2023-06-08 09:36",8.99,9.01,8.94,8.94,-0.04,-0.45%,0
"2023-06-08 09:37",8.95,8.95,8.88,8.88,-0.06,-0.67%,0
"2023-06-08 09:38",8.86,8.9,8.86,8.89,0.01,+0.11%,0
"2023-06-08 09:39",8.88,8.92,8.88,8.92,0.03,+0.34%,0
"2023-06-08 09:40",8.94,8.98,8.94,8.96,0.04,+0.45%,0
"2023-06-08 09:41",8.94,8.94,8.86,8.89,-0.07,-0.78%,0
"2023-06-08 09:42",8.88,8.91,8.88,8.9,0.01,+0.11%,0
"2023-06-08 09:43",8.89,8.89,8.85,8.85,-0.05,-0.56%,0
"2023-06-08 09:44",8.85,8.85,8.8,8.81,-0.04,-0.45%,0
"2023-06-08 09:45",8.83,8.96,8.83,8.96,0.15,+1.70%,0
"2023-06-08 09:46",8.94,8.97,8.91,8.97,0.01,+0.11%,0
"2023-06-08 09:47",9.07,9.07,8.97,9,0.03,+0.33%,0
"2023-06-08 09:48",9.01,9.02,8.99,8.99,-0.01,-0.11%,0
"2023-06-08 09:49",8.98,8.98,8.91,8.93,-0.06,-0.67%,0
"2023-06-08 09:50",8.93,8.96,8.93,8.95,0.02,+0.22%,0
"2023-06-08 09:51",8.92,8.97,8.92,8.94,-0.01,-0.11%,0
"2023-06-08 09:52",8.87,8.91,8.87,8.88,-0.06,-0.67%,0
"2023-06-08 09:53",8.88,8.99,8.88,8.99,0.11,+1.24%,0
"2023-06-08 09:54",8.96,9.04,8.96,9.04,0.05,+0.56%,0
"2023-06-08 09:55",9.03,9.11,9.03,9.06,0.02,+0.22%,0
"2023-06-08 09:56",8.99,8.99,8.95,8.95,-0.11,-1.21%,0
"2023-06-08 09:57",8.94,8.94,8.88,8.9,-0.05,-0.56%,0
"2023-06-08 09:58",8.89,8.92,8.85,8.92,0.02,+0.22%,0
"2023-06-08 09:59",8.91,8.97,8.91,8.93,0.01,+0.11%,0
"2023-06-08 10:00",8.91,8.97,8.91,8.95,0.02,+0.22%,0
"2023-06-08 10:01",8.93,8.94,8.91,8.91,-0.04,-0.45%,0
"2023-06-08 10:02",8.9,8.9,8.85,8.89,-0.02,-0.22%,0
"2023-06-08 10:03",8.91,8.92,8.89,8.89,0,0.00%,0
"2023-06-08 10:04",8.9,8.9,8.81,8.82,-0.07,-0.79%,0
"2023-06-08 10:05",8.81,8.81,8.69,8.69,-0.13,-1.47%,0
"2023-06-08 10:06",8.7,8.71,8.63,8.69,0,0.00%,0
"2023-06-08 10:07",8.72,8.8,8.72,8.75,0.06,+0.69%,0
"2023-06-08 10:08",8.71,8.76,8.71,8.74,-0.01,-0.11%,0
"2023-06-08 10:09",8.73,8.75,8.72,8.72,-0.02,-0.23%,0
"2023-06-08 10:10",8.65,8.68,8.65,8.66,-0.06,-0.69%,0
"2023-06-08 10:11",8.68,8.68,8.66,8.66,0,0.00%,0
"2023-06-08 10:12",8.66,8.68,8.66,8.67,0.01,+0.12%,0
"2023-06-08 10:13",8.67,8.69,8.67,8.68,0.01,+0.12%,0
"2023-06-08 10:14",8.67,8.71,8.64,8.64,-0.04,-0.46%,0
"2023-06-08 10:15",8.64,8.65,8.62,8.62,-0.02,-0.23%,0
"2023-06-08 10:16",8.55,8.59,8.55,8.59,-0.03,-0.35%,0
"2023-06-08 10:17",8.59,8.61,8.59,8.61,0.02,+0.23%,0
"2023-06-08 10:18",8.62,8.63,8.59,8.63,0.02,+0.23%,0
"2023-06-08 10:19",8.64,8.68,8.64,8.66,0.03,+0.35%,0
"2023-06-08 10:20",8.61,8.61,8.57,8.57,-0.09,-1.04%,0
"2023-06-08 10:21",8.6,8.66,8.6,8.66,0.09,+1.05%,0
"2023-06-08 10:22",8.63,8.66,8.63,8.64,-0.02,-0.23%,0
"2023-06-08 10:23",8.64,8.64,8.57,8.57,-0.07,-0.81%,0
"2023-06-08 10:24",8.54,8.56,8.52,8.52,-0.05,-0.58%,0
"2023-06-08 10:25",8.55,8.58,8.55,8.58,0.06,+0.70%,0
"2023-06-08 10:26",8.59,8.59,8.54,8.56,-0.02,-0.23%,0
"2023-06-08 10:27",8.58,8.63,8.57,8.57,0.01,+0.12%,0
"2023-06-08 10:28",8.54,8.54,8.52,8.53,-0.04,-0.47%,0
"2023-06-08 10:29",8.46,8.52,8.46,8.51,-0.02,-0.23%,0
"2023-06-08 10:30",8.54,8.54,8.47,8.48,-0.03,-0.35%,0
"2023-06-08 10:31",8.47,8.48,8.47,8.47,-0.01,-0.12%,0
"2023-06-08 10:32",8.46,8.5,8.46,8.46,-0.01,-0.12%,0
"2023-06-08 10:33",8.48,8.51,8.48,8.5,0.04,+0.47%,0
"2023-06-08 10:34",8.51,8.51,8.49,8.5,0,0.00%,0
"2023-06-08 10:35",8.49,8.51,8.49,8.5,0,0.00%,0
"2023-06-08 10:36",8.49,8.53,8.49,8.49,-0.01,-0.12%,0
"2023-06-08 10:37",8.48,8.5,8.48,8.5,0.01,+0.12%,0
"2023-06-08 10:38",8.49,8.53,8.49,8.5,0,0.00%,0
"2023-06-08 10:39",8.48,8.55,8.48,8.51,0.01,+0.12%,0
"2023-06-08 10:40",8.5,8.5,8.47,8.47,-0.04,-0.47%,0
"2023-06-08 10:41",8.44,8.47,8.44,8.45,-0.02,-0.24%,0
"2023-06-08 10:42",8.47,8.48,8.47,8.47,0.02,+0.24%,0
"2023-06-08 10:43",8.45,8.46,8.43,8.43,-0.04,-0.47%,0
"2023-06-08 10:44",8.41,8.45,8.41,8.45,0.02,+0.24%,0
"2023-06-08 10:45",8.42,8.42,8.37,8.37,-0.08,-0.95%,0
"2023-06-08 10:46",8.39,8.39,8.35,8.37,0,0.00%,0
"2023-06-08 10:47",8.36,8.44,8.36,8.39,0.02,+0.24%,0
"2023-06-08 10:48",8.38,8.42,8.38,8.4,0.01,+0.12%,0
"2023-06-08 10:49",8.38,8.43,8.38,8.43,0.03,+0.36%,0
"2023-06-08 10:50",8.42,8.43,8.42,8.43,0,0.00%,0
"2023-06-08 10:51",8.44,8.45,8.44,8.45,0.02,+0.24%,0
"2023-06-08 10:52",8.48,8.49,8.47,8.49,0.04,+0.47%,0
"2023-06-08 10:53",8.49,8.49,8.45,8.49,0,0.00%,0
"2023-06-08 10:54",8.49,8.49,8.45,8.45,-0.04,-0.47%,0
"2023-06-08 10:55",8.48,8.49,8.46,8.46,0.01,+0.12%,0
"2023-06-08 10:56",8.46,8.49,8.46,8.47,0.01,+0.12%,0
"2023-06-08 10:57",8.46,8.46,8.44,8.45,-0.02,-0.24%,0
"2023-06-08 10:58",8.43,8.45,8.42,8.42,-0.03,-0.36%,0
"2023-06-08 10:59",8.43,8.48,8.43,8.48,0.06,+0.71%,0
"2023-06-08 11:00",8.46,8.49,8.46,8.49,0.01,+0.12%,0
"2023-06-08 11:01",8.49,8.5,8.49,8.5,0.01,+0.12%,0
"2023-06-08 11:02",8.43,8.45,8.41,8.44,-0.06,-0.71%,0
"2023-06-08 11:03",8.43,8.45,8.41,8.41,-0.03,-0.36%,0
"2023-06-08 11:04",8.43,8.48,8.43,8.47,0.06,+0.71%,0
"2023-06-08 11:05",8.48,8.49,8.47,8.49,0.02,+0.24%,0
"2023-06-08 11:06",8.48,8.52,8.48,8.52,0.03,+0.35%,0
"2023-06-08 11:07",8.51,8.52,8.48,8.48,-0.04,-0.47%,0
"2023-06-08 11:08",8.48,8.48,8.47,8.47,-0.01,-0.12%,0
"2023-06-08 11:09",8.5,8.52,8.49,8.49,0.02,+0.24%,0
"2023-06-08 11:10",8.49,8.49,8.43,8.48,-0.01,-0.12%,0
"2023-06-08 11:11",8.49,8.53,8.49,8.53,0.05,+0.59%,0
"2023-06-08 11:12",8.52,8.55,8.52,8.55,0.02,+0.23%,0
"2023-06-08 11:13",8.54,8.55,8.54,8.55,0,0.00%,0
"2023-06-08 11:14",8.55,8.6,8.55,8.58,0.03,+0.35%,0
"2023-06-08 11:15",8.57,8.59,8.57,8.58,0,0.00%,0
"2023-06-08 11:16",8.61,8.63,8.6,8.63,0.05,+0.58%,0
"2023-06-08 11:17",8.63,8.65,8.61,8.61,-0.02,-0.23%,0
"2023-06-08 11:18",8.58,8.58,8.56,8.56,-0.05,-0.58%,0
"2023-06-08 11:19",8.58,8.6,8.57,8.57,0.01,+0.12%,0
"2023-06-08 11:20",8.57,8.58,8.55,8.56,-0.01,-0.12%,0
"2023-06-08 11:21",8.55,8.57,8.55,8.55,-0.01,-0.12%,0
"2023-06-08 11:22",8.55,8.56,8.54,8.54,-0.01,-0.12%,0
"2023-06-08 11:23",8.54,8.57,8.54,8.57,0.03,+0.35%,0
"2023-06-08 11:24",8.55,8.57,8.55,8.57,0,0.00%,0
"2023-06-08 11:25",8.56,8.59,8.56,8.58,0.01,+0.12%,0
"2023-06-08 11:26",8.59,8.6,8.59,8.59,0.01,+0.12%,0
"2023-06-08 11:27",8.58,8.61,8.58,8.61,0.02,+0.23%,0
"2023-06-08 11:28",8.62,8.64,8.62,8.64,0.03,+0.35%,0
"2023-06-08 11:29",8.62,8.64,8.6,8.6,-0.04,-0.46%,0
"2023-06-08 11:30",8.56,8.56,8.54,8.54,-0.06,-0.70%,0
"2023-06-08 11:31",8.56,8.56,8.55,8.55,0.01,+0.12%,0
"2023-06-08 11:32",8.55,8.57,8.55,8.55,0,0.00%,0
"2023-06-08 11:33",8.58,8.59,8.57,8.58,0.03,+0.35%,0
"2023-06-08 11:34",8.56,8.6,8.56,8.6,0.02,+0.23%,0
"2023-06-08 11:35",8.61,8.64,8.61,8.64,0.04,+0.47%,0
"2023-06-08 11:36",8.63,8.63,8.6,8.6,-0.04,-0.46%,0
"2023-06-08 11:37",8.58,8.63,8.58,8.63,0.03,+0.35%,0
"2023-06-08 11:38",8.63,8.67,8.63,8.67,0.04,+0.46%,0
"2023-06-08 11:39",8.66,8.67,8.66,8.66,-0.01,-0.12%,0
"2023-06-08 11:40",8.66,8.69,8.66,8.69,0.03,+0.35%,0
"2023-06-08 11:41",8.69,8.71,8.69,8.71,0.02,+0.23%,0
"2023-06-08 11:42",8.7,8.72,8.7,8.71,0,0.00%,0
"2023-06-08 11:43",8.68,8.7,8.68,8.7,-0.01,-0.11%,0
"2023-06-08 11:44",8.68,8.7,8.68,8.69,-0.01,-0.11%,0
"2023-06-08 11:45",8.69,8.71,8.69,8.7,0.01,+0.12%,0
"2023-06-08 11:46",8.71,8.75,8.71,8.74,0.04,+0.46%,0
"2023-06-08 11:47",8.76,8.79,8.76,8.79,0.05,+0.57%,0
"2023-06-08 11:48",8.81,8.81,8.78,8.78,-0.01,-0.11%,0
"2023-06-08 11:49",8.75,8.77,8.75,8.75,-0.03,-0.34%,0
"2023-06-08 11:50",8.76,8.8,8.76,8.76,0.01,+0.11%,0
"2023-06-08 11:51",8.75,8.78,8.74,8.74,-0.02,-0.23%,0
"2023-06-08 11:52",8.73,8.74,8.73,8.74,0,0.00%,0
"2023-06-08 11:53",8.75,8.76,8.75,8.75,0.01,+0.11%,0
"2023-06-08 11:54",8.76,8.76,8.74,8.75,0,0.00%,0
"2023-06-08 11:55",8.74,8.75,8.69,8.69,-0.06,-0.69%,0
"2023-06-08 11:56",8.74,8.74,8.68,8.71,0.02,+0.23%,0
"2023-06-08 11:57",8.7,8.76,8.7,8.76,0.05,+0.57%,0
"2023-06-08 11:58",8.74,8.76,8.73,8.73,-0.03,-0.34%,0
"2023-06-08 11:59",8.75,8.83,8.75,8.81,0.08,+0.92%,0
"2023-06-08 12:00",8.79,8.81,8.79,8.8,-0.01,-0.11%,0
"2023-06-08 12:01",8.81,8.84,8.81,8.84,0.04,+0.45%,0
"2023-06-08 12:02",8.86,8.86,8.8,8.8,-0.04,-0.45%,0
"2023-06-08 12:03",8.79,8.82,8.77,8.77,-0.03,-0.34%,0
"2023-06-08 12:04",8.79,8.82,8.78,8.78,0.01,+0.11%,0
"2023-06-08 12:05",8.79,8.79,8.77,8.77,-0.01,-0.11%,0
"2023-06-08 12:06",8.78,8.79,8.78,8.79,0.02,+0.23%,0
"2023-06-08 12:07",8.8,8.82,8.8,8.81,0.02,+0.23%,0
"2023-06-08 12:08",8.82,8.83,8.82,8.83,0.02,+0.23%,0
"2023-06-08 12:09",8.83,8.87,8.83,8.85,0.02,+0.23%,0
"2023-06-08 12:10",8.84,8.86,8.83,8.83,-0.02,-0.23%,0
"2023-06-08 12:11",8.83,8.87,8.83,8.86,0.03,+0.34%,0
"2023-06-08 12:12",8.85,8.85,8.84,8.84,-0.02,-0.23%,0
"2023-06-08 12:13",8.84,8.85,8.83,8.84,0,0.00%,0
"2023-06-08 12:14",8.84,8.85,8.84,8.84,0,0.00%,0
"2023-06-08 12:15",8.88,8.91,8.88,8.91,0.07,+0.79%,0
"2023-06-08 12:16",8.86,8.92,8.86,8.87,-0.04,-0.45%,0
"2023-06-08 12:17",8.85,8.88,8.85,8.88,0.01,+0.11%,0
"2023-06-08 12:18",8.88,8.91,8.88,8.88,0,0.00%,0
"2023-06-08 12:19",8.88,8.89,8.85,8.89,0.01,+0.11%,0
"2023-06-08 12:20",8.85,8.88,8.85,8.88,-0.01,-0.11%,0
"2023-06-08 12:21",8.87,8.96,8.79,8.96,0.08,+0.90%,0
"2023-06-08 12:22",8.98,8.98,8.9,8.91,-0.05,-0.56%,0
"2023-06-08 12:23",8.92,8.96,8.92,8.95,0.04,+0.45%,0
"2023-06-08 12:24",8.95,8.96,8.92,8.92,-0.03,-0.34%,0
"2023-06-08 12:25",8.92,8.95,8.92,8.94,0.02,+0.22%,0
"2023-06-08 12:26",8.95,8.97,8.95,8.97,0.03,+0.34%,0
"2023-06-08 12:27",8.97,8.98,8.96,8.96,-0.01,-0.11%,0
"2023-06-08 12:28",9,9.05,9,9.05,0.09,+1.00%,0
"2023-06-08 12:29",9.02,9.25,9.02,9.15,0.1,+1.10%,0
"2023-06-08 12:30",9.04,9.1,9.04,9.1,-0.05,-0.55%,0
"2023-06-08 12:31",9.13,9.15,9.12,9.14,0.04,+0.44%,0
"2023-06-08 12:32",9.09,9.15,9.09,9.15,0.01,+0.11%,0
"2023-06-08 12:33",9.13,9.18,9.13,9.18,0.03,+0.33%,0
"2023-06-08 12:34",9.16,9.17,9.16,9.16,-0.02,-0.22%,0
"2023-06-08 12:35",9.15,9.16,9.15,9.16,0,0.00%,0
"2023-06-08 12:36",9.18,9.19,9.18,9.19,0.03,+0.33%,0
"2023-06-08 12:37",9.18,9.2,9.17,9.17,-0.02,-0.22%,0
"2023-06-08 12:38",9.17,9.2,9.17,9.18,0.01,+0.11%,0
"2023-06-08 12:39",9.18,9.24,9.18,9.23,0.05,+0.54%,0
"2023-06-08 12:40",9.25,9.26,9.24,9.24,0.01,+0.11%,0
"2023-06-08 12:41",9.23,9.23,9.2,9.2,-0.04,-0.43%,0
"2023-06-08 12:42",9.21,9.26,9.21,9.26,0.06,+0.65%,0
"2023-06-08 12:43",9.27,9.28,9.25,9.28,0.02,+0.22%,0
"2023-06-08 12:44",9.29,9.31,9.29,9.3,0.02,+0.22%,0
"2023-06-08 12:45",9.3,9.33,9.28,9.28,-0.02,-0.22%,0
"2023-06-08 12:46",9.28,9.29,9.28,9.28,0,0.00%,0
"2023-06-08 12:47",9.29,9.3,9.29,9.3,0.02,+0.22%,0
"2023-06-08 12:48",9.3,9.34,9.29,9.29,-0.01,-0.11%,0
"2023-06-08 12:49",9.32,9.32,9.3,9.31,0.02,+0.22%,0
"2023-06-08 12:50",9.31,9.34,9.31,9.32,0.01,+0.11%,0
"2023-06-08 12:51",9.33,9.33,9.31,9.31,-0.01,-0.11%,0
"2023-06-08 12:52",9.27,9.33,9.27,9.33,0.02,+0.21%,0
"2023-06-08 12:53",9.33,9.33,9.32,9.32,-0.01,-0.11%,0
"2023-06-08 12:54",9.32,9.35,9.32,9.35,0.03,+0.32%,0
"2023-06-08 12:55",9.33,9.39,9.33,9.39,0.04,+0.43%,0
"2023-06-08 12:56",9.38,9.4,9.38,9.39,0,0.00%,0
"2023-06-08 12:57",9.39,9.41,9.39,9.41,0.02,+0.21%,0
"2023-06-08 12:58",9.41,9.42,9.41,9.42,0.01,+0.11%,0
"2023-06-08 12:59",9.42,9.44,9.42,9.42,0,0.00%,0
"2023-06-08 13:00",9.42,9.44,9.42,9.44,0.02,+0.21%,0
"2023-06-08 13:01",9.42,9.44,9.42,9.44,0,0.00%,0
"2023-06-08 13:02",9.43,9.46,9.43,9.46,0.02,+0.21%,0
"2023-06-08 13:03",9.46,9.48,9.46,9.48,0.02,+0.21%,0
"2023-06-08 13:04",9.46,9.49,9.46,9.49,0.01,+0.11%,0
"2023-06-08 13:05",9.48,9.5,9.48,9.49,0,0.00%,0
"2023-06-08 13:06",9.5,9.51,9.48,9.48,-0.01,-0.11%,0
"2023-06-08 13:07",9.48,9.51,9.48,9.5,0.02,+0.21%,0
"2023-06-08 13:08",9.51,9.52,9.51,9.51,0.01,+0.11%,0
"2023-06-08 13:09",9.5,9.52,9.49,9.49,-0.02,-0.21%,0
"2023-06-08 13:10",9.48,9.49,9.47,9.47,-0.02,-0.21%,0
"2023-06-08 13:11",9.49,9.52,9.49,9.51,0.04,+0.42%,0
"2023-06-08 13:12",9.51,9.51,9.49,9.49,-0.02,-0.21%,0
"2023-06-08 13:13",9.49,9.51,9.49,9.49,0,0.00%,0
"2023-06-08 13:14",9.47,9.48,9.47,9.47,-0.02,-0.21%,0
"2023-06-08 13:15",9.46,9.48,9.46,9.46,-0.01,-0.11%,0
"2023-06-08 13:16",9.48,9.51,9.48,9.51,0.05,+0.53%,0
"2023-06-08 13:17",9.51,9.52,9.51,9.52,0.01,+0.11%,0
"2023-06-08 13:18",9.52,9.57,9.52,9.57,0.05,+0.53%,0
"2023-06-08 13:19",9.55,9.57,9.55,9.55,-0.02,-0.21%,0
"2023-06-08 13:20",9.56,9.59,9.56,9.59,0.04,+0.42%,0
"2023-06-08 13:21",9.58,9.58,9.55,9.57,-0.02,-0.21%,0
"2023-06-08 13:22",9.57,9.6,9.57,9.58,0.01,+0.10%,0
"2023-06-08 13:23",9.57,9.57,9.56,9.56,-0.02,-0.21%,0
"2023-06-08 13:24",9.55,9.59,9.55,9.58,0.02,+0.21%,0
"2023-06-08 13:25",9.56,9.59,9.56,9.59,0.01,+0.10%,0
"2023-06-08 13:26",9.59,9.64,9.59,9.63,0.04,+0.42%,0
"2023-06-08 13:27",9.63,9.67,9.63,9.67,0.04,+0.42%,0
"2023-06-08 13:28",9.62,9.68,9.62,9.68,0.01,+0.10%,0
"2023-06-08 13:29",9.67,9.69,9.67,9.68,0,0.00%,0
"2023-06-08 13:30",9.69,9.7,9.68,9.69,0.01,+0.10%,0
"2023-06-08 13:31",9.69,9.72,9.69,9.72,0.03,+0.31%,0
"2023-06-08 13:32",9.7,9.72,9.7,9.72,0,0.00%,0
"2023-06-08 13:33",9.73,9.78,9.73,9.78,0.06,+0.62%,0
"2023-06-08 13:34",9.76,9.79,9.76,9.78,0,0.00%,0
"2023-06-08 13:35",9.79,9.84,9.79,9.84,0.06,+0.61%,0
"2023-06-08 13:36",9.83,9.83,9.81,9.81,-0.03,-0.30%,0
"2023-06-08 13:37",9.81,9.84,9.81,9.83,0.02,+0.20%,0
"2023-06-08 13:38",9.83,9.87,9.83,9.87,0.04,+0.41%,0
"2023-06-08 13:39",9.87,9.92,9.87,9.92,0.05,+0.51%,0
"2023-06-08 13:40",9.92,9.94,9.92,9.94,0.02,+0.20%,0
"2023-06-08 13:41",9.95,9.95,9.86,9.9,-0.04,-0.40%,0
"2023-06-08 13:42",9.92,9.97,9.92,9.97,0.07,+0.71%,0
"2023-06-08 13:43",9.97,10.01,9.97,9.99,0.02,+0.20%,0
"2023-06-08 13:44",9.99,10.03,9.99,10.02,0.03,+0.30%,0
"2023-06-08 13:45",10.04,10.12,10.04,10.12,0.1,+1.00%,0
"2023-06-08 13:46",10.12,10.15,10.12,10.12,0,0.00%,0
"2023-06-08 13:47",10.13,10.17,10.12,10.12,0,0.00%,0
"2023-06-08 13:48",10.13,10.19,10.13,10.19,0.07,+0.69%,0
"2023-06-08 13:49",10.19,10.22,10.19,10.22,0.03,+0.29%,0
"2023-06-08 13:50",10.19,10.22,10.19,10.22,0,0.00%,0
"2023-06-08 13:51",10.19,10.19,10.17,10.17,-0.05,-0.49%,0
"2023-06-08 13:52",10.16,10.18,10.13,10.13,-0.04,-0.39%,0
"2023-06-08 13:53",10.12,10.13,10.12,10.13,0,0.00%,0
"2023-06-08 13:54",10.12,10.12,10.09,10.1,-0.03,-0.30%,0
"2023-06-08 13:55",10.1,10.11,10.1,10.11,0.01,+0.10%,0
"2023-06-08 13:56",10.11,10.11,10.1,10.1,-0.01,-0.10%,0
"2023-06-08 13:57",10.12,10.14,10.12,10.14,0.04,+0.40%,0
"2023-06-08 13:58",10.11,10.14,10.11,10.14,0,0.00%,0
"2023-06-08 13:59",10.13,10.14,10.12,10.12,-0.02,-0.20%,0
"2023-06-08 14:00",10.11,10.13,10.11,10.13,0.01,+0.10%,0
"2023-06-08 14:01",10.14,10.15,10.1,10.1,-0.03,-0.30%,0
"2023-06-08 14:02",10.12,10.12,10.08,10.08,-0.02,-0.20%,0
"2023-06-08 14:03",10.08,10.1,10.08,10.09,0.01,+0.10%,0
"2023-06-08 14:04",10.09,10.11,10.09,10.11,0.02,+0.20%,0
"2023-06-08 14:05",10.1,10.13,10.1,10.13,0.02,+0.20%,0
"2023-06-08 14:06",10.11,10.13,10.11,10.11,-0.02,-0.20%,0
"2023-06-08 14:07",10.12,10.16,10.12,10.16,0.05,+0.49%,0
"2023-06-08 14:08",10.15,10.16,10.14,10.14,-0.02,-0.20%,0
"2023-06-08 14:09",10.14,10.16,10.14,10.16,0.02,+0.20%,0
"2023-06-08 14:10",10.16,10.19,10.16,10.19,0.03,+0.30%,0
"2023-06-08 14:11",10.21,10.21,10.19,10.19,0,0.00%,0
"2023-06-08 14:12",10.2,10.21,10.19,10.21,0.02,+0.20%,0
"2023-06-08 14:13",10.21,10.22,10.21,10.21,0,0.00%,0
"2023-06-08 14:14",10.2,10.21,10.16,10.16,-0.05,-0.49%,0
"2023-06-08 14:15",10.13,10.15,10.13,10.15,-0.01,-0.10%,0
"2023-06-08 14:16",10.15,10.15,10.13,10.15,0,0.00%,0
"2023-06-08 14:17",10.14,10.14,10.13,10.14,-0.01,-0.10%,0
"2023-06-08 14:18",10.14,10.17,10.11,10.11,-0.03,-0.30%,0
"2023-06-08 14:19",10.1,10.11,10.09,10.09,-0.02,-0.20%,0
"2023-06-08 14:20",10.1,10.11,10.1,10.11,0.02,+0.20%,0
"2023-06-08 14:21",10.14,10.14,10.11,10.11,0,0.00%,0
"2023-06-08 14:22",10.1,10.13,10.1,10.11,0,0.00%,0
"2023-06-08 14:23",10.11,10.14,10.11,10.14,0.03,+0.30%,0
"2023-06-08 14:24",10.13,10.16,10.13,10.16,0.02,+0.20%,0
"2023-06-08 14:25",10.15,10.16,10.15,10.16,0,0.00%,0
"2023-06-08 14:26",10.16,10.19,10.16,10.19,0.03,+0.30%,0
"2023-06-08 14:27",10.2,10.21,10.19,10.2,0.01,+0.10%,0
"2023-06-08 14:28",10.2,10.22,10.2,10.22,0.02,+0.20%,0
"2023-06-08 14:29",10.22,10.23,10.22,10.23,0.01,+0.10%,0
"2023-06-08 14:30",10.23,10.23,10.18,10.18,-0.05,-0.49%,0
"2023-06-08 14:31",10.2,10.2,10.18,10.18,0,0.00%,0
"2023-06-08 14:32",10.18,10.21,10.18,10.21,0.03,+0.29%,0
"2023-06-08 14:33",10.21,10.24,10.2,10.2,-0.01,-0.10%,0
"2023-06-08 14:34",10.2,10.22,10.18,10.18,-0.02,-0.20%,0
"2023-06-08 14:35",10.17,10.18,10.17,10.18,0,0.00%,0
"2023-06-08 14:36",10.2,10.21,10.19,10.19,0.01,+0.10%,0
"2023-06-08 14:37",10.19,10.21,10.19,10.2,0.01,+0.10%,0
"2023-06-08 14:38",10.2,10.2,10.19,10.2,0,0.00%,0
"2023-06-08 14:39",10.21,10.25,10.21,10.25,0.05,+0.49%,0
"2023-06-08 14:40",10.24,10.26,10.24,10.26,0.01,+0.10%,0
"2023-06-08 14:41",10.25,10.26,10.25,10.26,0,0.00%,0
"2023-06-08 14:42",10.24,10.27,10.24,10.27,0.01,+0.10%,0
"2023-06-08 14:43",10.32,10.36,10.32,10.33,0.06,+0.58%,0
"2023-06-08 14:44",10.34,10.36,10.34,10.36,0.03,+0.29%,0
"2023-06-08 14:45",10.36,10.37,10.36,10.37,0.01,+0.10%,0
"2023-06-08 14:46",10.37,10.39,10.37,10.39,0.02,+0.19%,0
"2023-06-08 14:47",10.39,10.4,10.39,10.4,0.01,+0.10%,0
"2023-06-08 14:48",10.4,10.42,10.4,10.42,0.02,+0.19%,0
"2023-06-08 14:49",10.42,10.45,10.42,10.44,0.02,+0.19%,0
"2023-06-08 14:50",10.42,10.42,10.4,10.4,-0.04,-0.38%,0
"2023-06-08 14:51",10.39,10.41,10.39,10.4,0,0.00%,0
"2023-06-08 14:52",10.39,10.42,10.39,10.41,0.01,+0.10%,0
"2023-06-08 14:53",10.42,10.43,10.42,10.42,0.01,+0.10%,0
"2023-06-08 14:54",10.42,10.45,10.42,10.45,0.03,+0.29%,0
"2023-06-08 14:55",10.45,10.47,10.45,10.47,0.02,+0.19%,0
"2023-06-08 14:56",10.45,10.49,10.45,10.49,0.02,+0.19%,0
"2023-06-08 14:57",10.49,10.51,10.49,10.51,0.02,+0.19%,0
"2023-06-08 14:58",10.51,10.52,10.51,10.52,0.01,+0.10%,0
"2023-06-08 14:59",10.51,10.53,10.51,10.52,0,0.00%,0
"2023-06-08 15:00",10.51,10.53,10.5,10.5,-0.02,-0.19%,0
"2023-06-08 15:01",10.51,10.51,10.48,10.48,-0.02,-0.19%,0
"2023-06-08 15:02",10.46,10.49,10.46,10.49,0.01,+0.10%,0
"2023-06-08 15:03",10.49,10.49,10.47,10.49,0,0.00%,0
"2023-06-08 15:04",10.48,10.5,10.48,10.5,0.01,+0.10%,0
"2023-06-08 15:05",10.5,10.52,10.5,10.52,0.02,+0.19%,0
"2023-06-08 15:06",10.53,10.53,10.53,10.53,0.01,+0.10%,0
"2023-06-08 15:07",10.53,10.55,10.53,10.54,0.01,+0.09%,0
"2023-06-08 15:08",10.54,10.59,10.54,10.58,0.04,+0.38%,0
"2023-06-08 15:09",10.57,10.59,10.56,10.57,-0.01,-0.09%,0
"2023-06-08 15:10",10.56,10.56,10.55,10.55,-0.02,-0.19%,0
"2023-06-08 15:11",10.55,10.56,10.54,10.56,0.01,+0.09%,0
"2023-06-08 15:12",10.56,10.56,10.56,10.56,0,0.00%,0
"2023-06-08 15:13",10.56,10.58,10.56,10.56,0,0.00%,0
"2023-06-08 15:14",10.57,10.59,10.57,10.59,0.03,+0.28%,0
"2023-06-08 15:15",10.58,10.59,10.58,10.59,0,0.00%,0
"2023-06-08 15:16",10.58,10.6,10.58,10.6,0.01,+0.09%,0
"2023-06-08 15:17",10.6,10.65,10.6,10.64,0.04,+0.38%,0
"2023-06-08 15:18",10.64,10.66,10.64,10.66,0.02,+0.19%,0
"2023-06-08 15:19",10.65,10.73,10.65,10.73,0.07,+0.66%,0
"2023-06-08 15:20",10.73,10.74,10.72,10.74,0.01,+0.09%,0
"2023-06-08 15:21",10.75,10.77,10.74,10.74,0,0.00%,0
"2023-06-08 15:22",10.74,10.76,10.74,10.74,0,0.00%,0
"2023-06-08 15:23",10.74,10.76,10.74,10.74,0,0.00%,0
"2023-06-08 15:24",10.75,10.76,10.75,10.76,0.02,+0.19%,0
"2023-06-08 15:25",10.74,10.78,10.74,10.78,0.02,+0.19%,0
"2023-06-08 15:26",10.77,10.79,10.75,10.75,-0.03,-0.28%,0
"2023-06-08 15:27",10.74,10.74,10.72,10.72,-0.03,-0.28%,0
"2023-06-08 15:28",10.73,10.73,10.68,10.68,-0.04,-0.37%,0
"2023-06-08 15:29",10.67,10.69,10.64,10.64,-0.04,-0.37%,0
"2023-06-08 15:30",10.63,10.63,10.59,10.63,-0.01,-0.09%,0
"2023-06-08 15:31",10.63,10.66,10.63,10.66,0.03,+0.28%,0
"2023-06-08 15:32",10.67,10.68,10.67,10.68,0.02,+0.19%,0
"2023-06-08 15:33",10.68,10.71,10.68,10.71,0.03,+0.28%,0
"2023-06-08 15:34",10.71,10.72,10.71,10.72,0.01,+0.09%,0
"2023-06-08 15:35",10.72,10.75,10.72,10.75,0.03,+0.28%,0
"2023-06-08 15:36",10.74,10.76,10.74,10.75,0,0.00%,0
"2023-06-08 15:37",10.75,10.77,10.75,10.77,0.02,+0.19%,0
"2023-06-08 15:38",10.78,10.78,10.77,10.77,0,0.00%,0
"2023-06-08 15:39",10.77,10.78,10.77,10.78,0.01,+0.09%,0
"2023-06-08 15:40",10.79,10.79,10.78,10.78,0,0.00%,0
"2023-06-08 15:41",10.78,10.78,10.76,10.76,-0.02,-0.19%,0
"2023-06-08 15:42",10.75,10.77,10.75,10.76,0,0.00%,0
"2023-06-08 15:43",10.77,10.77,10.76,10.76,0,0.00%,0
"2023-06-08 15:44",10.77,10.77,10.73,10.75,-0.01,-0.09%,0
"2023-06-08 15:45",10.74,10.77,10.73,10.73,-0.02,-0.19%,0
"2023-06-08 15:46",10.76,10.78,10.76,10.77,0.04,+0.37%,0
"2023-06-08 15:47",10.77,10.79,10.77,10.77,0,0.00%,0
"2023-06-08 15:48",10.77,10.77,10.67,10.67,-0.1,-0.93%,0
"2023-06-08 15:49",10.72,10.76,10.72,10.75,0.08,+0.75%,0
"2023-06-08 15:50",10.8,10.8,10.76,10.78,0.03,+0.28%,0
"2023-06-08 15:51",10.84,10.86,10.84,10.86,0.08,+0.74%,0
"2023-06-08 15:52",10.85,10.86,10.85,10.85,-0.01,-0.09%,0
"2023-06-08 15:53",10.84,10.86,10.84,10.86,0.01,+0.09%,0
"2023-06-08 15:54",10.85,10.97,10.85,10.97,0.11,+1.01%,0
"2023-06-08 15:55",10.98,10.99,10.95,10.99,0.02,+0.18%,0
"2023-06-08 15:56",11,11,10.89,10.89,-0.1,-0.91%,0
"2023-06-08 15:57",10.9,10.9,10.85,10.86,-0.03,-0.28%,0
"2023-06-08 15:58",10.87,10.87,10.83,10.83,-0.03,-0.28%,0
"2023-06-08 15:59",10.86,10.86,10.86,10.86,0.03,+0.28%,0
"2023-06-08 16:00",10.84,10.85,10.81,10.85,-0.01,-0.09%,0
"2023-06-08 16:01",10.84,10.84,10.8,10.8,-0.05,-0.46%,0
"2023-06-08 16:02",10.76,10.81,10.76,10.81,0.01,+0.09%,0
"2023-06-08 16:03",10.78,10.78,10.72,10.72,-0.09,-0.83%,0
"2023-06-08 16:04",10.71,10.78,10.71,10.78,0.06,+0.56%,0
"2023-06-08 16:05",10.79,10.79,10.74,10.76,-0.02,-0.19%,0
"2023-06-08 16:06",10.76,10.77,10.74,10.77,0.01,+0.09%,0
"2023-06-08 16:07",10.77,10.84,10.75,10.84,0.07,+0.65%,0
"2023-06-08 16:08",10.88,10.88,10.86,10.86,0.02,+0.18%,0
"2023-06-08 16:09",10.87,10.91,10.87,10.9,0.04,+0.37%,0
"2023-06-08 16:10",10.94,10.98,10.94,10.96,0.06,+0.55%,0
"2023-06-08 16:11",10.99,11.07,10.99,11.07,0.11,+1.00%,0
"2023-06-08 16:12",11.06,11.09,11.06,11.07,0,0.00%,0
"2023-06-08 16:13",11.07,11.12,11.07,11.1,0.03,+0.27%,0
"2023-06-08 16:14",10.97,11.02,10.97,11.02,-0.08,-0.72%,0
"2023-06-08 16:15",11.02,11.02,11.02,11.02,0,0.00%,0
"2023-06-09 09:31",9.26,9.26,9.17,9.2,-1.82,-16.52%,0
"2023-06-09 09:32",9.21,9.31,9.21,9.28,0.08,+0.87%,0
"2023-06-09 09:33",9.2,9.24,9.19,9.19,-0.09,-0.97%,0
"2023-06-09 09:34",9.2,9.27,9.2,9.27,0.08,+0.87%,0
"2023-06-09 09:35",9.23,9.23,9.17,9.17,-0.1,-1.08%,0
"2023-06-09 09:36",9.08,9.11,9.08,9.11,-0.06,-0.65%,0
"2023-06-09 09:37",9.09,9.1,9.09,9.09,-0.02,-0.22%,0
"2023-06-09 09:38",9.09,9.09,9.07,9.08,-0.01,-0.11%,0
"2023-06-09 09:39",9.05,9.11,9.05,9.08,0,0.00%,0
"2023-06-09 09:40",9.08,9.1,9.08,9.09,0.01,+0.11%,0
"2023-06-09 09:41",9.09,9.11,9.03,9.03,-0.06,-0.66%,0
"2023-06-09 09:42",8.96,8.99,8.96,8.99,-0.04,-0.44%,0
"2023-06-09 09:43",8.99,8.99,8.96,8.97,-0.02,-0.22%,0
"2023-06-09 09:44",8.98,8.98,8.88,8.88,-0.09,-1.00%,0
"2023-06-09 09:45",8.88,8.9,8.87,8.88,0,0.00%,0
"2023-06-09 09:46",8.89,8.94,8.89,8.94,0.06,+0.68%,0
"2023-06-09 09:47",8.94,8.94,8.85,8.85,-0.09,-1.01%,0
"2023-06-09 09:48",8.88,8.91,8.88,8.91,0.06,+0.68%,0
"2023-06-09 09:49",8.88,8.91,8.88,8.91,0,0.00%,0
"2023-06-09 09:50",8.92,8.95,8.92,8.95,0.04,+0.45%,0
"2023-06-09 09:51",8.95,8.97,8.95,8.95,0,0.00%,0
"2023-06-09 09:52",9.03,9.13,9.03,9.07,0.12,+1.34%,0
"2023-06-09 09:53",9.06,9.11,9.06,9.1,0.03,+0.33%,0
"2023-06-09 09:54",9.08,9.08,9.04,9.04,-0.06,-0.66%,0
"2023-06-09 09:55",9.04,9.07,9.03,9.07,0.03,+0.33%,0
"2023-06-09 09:56",9.04,9.08,9.03,9.03,-0.04,-0.44%,0
"2023-06-09 09:57",8.99,9.01,8.99,9.01,-0.02,-0.22%,0
"2023-06-09 09:58",8.97,9,8.97,9,-0.01,-0.11%,0
"2023-06-09 09:59",9,9.06,8.99,9.06,0.06,+0.67%,0
"2023-06-09 10:00",9.05,9.05,9.01,9.01,-0.05,-0.55%,0
"2023-06-09 10:01",9.03,9.05,9.03,9.05,0.04,+0.44%,0
"2023-06-09 10:02",9.03,9.06,9.03,9.06,0.01,+0.11%,0
"2023-06-09 10:03",9.07,9.1,9.07,9.09,0.03,+0.33%,0
"2023-06-09 10:04",9.1,9.14,9.1,9.11,0.02,+0.22%,0
"2023-06-09 10:05",9.13,9.13,9.06,9.06,-0.05,-0.55%,0
"2023-06-09 10:06",9.04,9.26,9.04,9.15,0.09,+0.99%,0
"2023-06-09 10:07",9.12,9.12,9.07,9.09,-0.06,-0.66%,0
"2023-06-09 10:08",9.07,9.1,8.99,8.99,-0.1,-1.10%,0
"2023-06-09 10:09",8.94,9.01,8.94,8.99,0,0.00%,0
"2023-06-09 10:10",8.98,9.02,8.98,9,0.01,+0.11%,0
"2023-06-09 10:11",9.01,9.04,9,9,0,0.00%,0
"2023-06-09 10:12",9.01,9.01,8.95,8.99,-0.01,-0.11%,0
"2023-06-09 10:13",8.94,8.96,8.94,8.94,-0.05,-0.56%,0
"2023-06-09 10:14",8.97,8.97,8.93,8.93,-0.01,-0.11%,0
"2023-06-09 10:15",8.91,8.92,8.87,8.88,-0.05,-0.56%,0
"2023-06-09 10:16",8.88,8.89,8.88,8.89,0.01,+0.11%,0
"2023-06-09 10:17",8.87,8.92,8.87,8.9,0.01,+0.11%,0
"2023-06-09 10:18",8.89,8.91,8.89,8.91,0.01,+0.11%,0
"2023-06-09 10:19",8.89,8.91,8.89,8.9,-0.01,-0.11%,0
"2023-06-09 10:20",8.9,8.92,8.88,8.88,-0.02,-0.22%,0
"2023-06-09 10:21",8.87,8.93,8.87,8.93,0.05,+0.56%,0
"2023-06-09 10:22",8.91,8.93,8.91,8.91,-0.02,-0.22%,0
"2023-06-09 10:23",8.93,8.95,8.93,8.94,0.03,+0.34%,0
"2023-06-09 10:24",8.92,8.97,8.92,8.93,-0.01,-0.11%,0
"2023-06-09 10:25",8.93,8.93,8.92,8.92,-0.01,-0.11%,0
"2023-06-09 10:26",8.92,8.95,8.88,8.88,-0.04,-0.45%,0
"2023-06-09 10:27",8.91,8.91,8.88,8.88,0,0.00%,0
"2023-06-09 10:28",8.9,8.9,8.84,8.84,-0.04,-0.45%,0
"2023-06-09 10:29",8.84,8.88,8.84,8.88,0.04,+0.45%,0
"2023-06-09 10:30",8.87,8.88,8.87,8.87,-0.01,-0.11%,0
"2023-06-09 10:31",8.87,8.9,8.87,8.89,0.02,+0.23%,0
"2023-06-09 10:32",8.9,8.91,8.89,8.89,0,0.00%,0
"2023-06-09 10:33",8.88,8.9,8.86,8.89,0,0.00%,0
"2023-06-09 10:34",8.88,8.9,8.88,8.9,0.01,+0.11%,0
"2023-06-09 10:35",8.89,8.93,8.89,8.91,0.01,+0.11%,0
"2023-06-09 10:36",8.9,8.93,8.9,8.93,0.02,+0.22%,0
"2023-06-09 10:37",8.9,8.92,8.87,8.88,-0.05,-0.56%,0
"2023-06-09 10:38",8.9,8.92,8.9,8.91,0.03,+0.34%,0
"2023-06-09 10:39",8.91,8.97,8.91,8.97,0.06,+0.67%,0
"2023-06-09 10:40",8.99,9.03,8.99,9.01,0.04,+0.45%,0
"2023-06-09 10:41",8.98,9.04,8.98,9.04,0.03,+0.33%,0
"2023-06-09 10:42",9.16,9.16,9.12,9.12,0.08,+0.88%,0
"2023-06-09 10:43",9.04,9.2,9.04,9.12,0,0.00%,0
"2023-06-09 10:44",9.08,9.11,9.08,9.11,-0.01,-0.11%,0
"2023-06-09 10:45",9.1,9.13,9.1,9.11,0,0.00%,0
"2023-06-09 10:46",9.11,9.11,9.05,9.06,-0.05,-0.55%,0
"2023-06-09 10:47",9.04,9.08,9.04,9.06,0,0.00%,0
"2023-06-09 10:48",9.02,9.04,9,9,-0.06,-0.66%,0
"2023-06-09 10:49",9.06,9.1,9.06,9.08,0.08,+0.89%,0
"2023-06-09 10:50",9.17,9.26,9.17,9.23,0.15,+1.65%,0
"2023-06-09 10:51",9.24,9.3,9.24,9.24,0.01,+0.11%,0
"2023-06-09 10:52",9.16,9.21,9.14,9.21,-0.03,-0.32%,0
"2023-06-09 10:53",9.2,9.21,9.16,9.16,-0.05,-0.54%,0
"2023-06-09 10:54",9.21,9.23,9.21,9.21,0.05,+0.55%,0
"2023-06-09 10:55",9.24,9.24,9.17,9.17,-0.04,-0.43%,0
"2023-06-09 10:56",9.18,9.2,9.18,9.18,0.01,+0.11%,0
"2023-06-09 10:57",9.17,9.18,9.17,9.18,0,0.00%,0
"2023-06-09 10:58",9.18,9.2,9.18,9.19,0.01,+0.11%,0
"2023-06-09 10:59",9.21,9.26,9.19,9.19,0,0.00%,0
"2023-06-09 11:00",9.16,9.2,9.15,9.15,-0.04,-0.44%,0
"2023-06-09 11:01",9.13,9.16,9.13,9.16,0.01,+0.11%,0
"2023-06-09 11:02",9.12,9.15,9.12,9.14,-0.02,-0.22%,0
"2023-06-09 11:03",9.12,9.15,9.09,9.09,-0.05,-0.55%,0
"2023-06-09 11:04",9.12,9.16,9.12,9.15,0.06,+0.66%,0
"2023-06-09 11:05",9.15,9.18,9.15,9.18,0.03,+0.33%,0
"2023-06-09 11:06",9.18,9.18,9.08,9.08,-0.1,-1.09%,0
"2023-06-09 11:07",9.06,9.09,9.06,9.08,0,0.00%,0
"2023-06-09 11:08",9.06,9.06,9.06,9.06,-0.02,-0.22%,0
"2023-06-09 11:09",9.04,9.08,9.04,9.07,0.01,+0.11%,0
"2023-06-09 11:10",9.06,9.09,9.04,9.04,-0.03,-0.33%,0
"2023-06-09 11:11",9.06,9.06,9.05,9.06,0.02,+0.22%,0
"2023-06-09 11:12",9.03,9.05,9.02,9.02,-0.04,-0.44%,0
"2023-06-09 11:13",9,9.03,8.99,8.99,-0.03,-0.33%,0
"2023-06-09 11:14",9,9.04,9,9.04,0.05,+0.56%,0
"2023-06-09 11:15",9.02,9.05,9.02,9.05,0.01,+0.11%,0
"2023-06-09 11:16",9.05,9.1,9.05,9.09,0.04,+0.44%,0
"2023-06-09 11:17",9.13,9.21,9.13,9.21,0.12,+1.32%,0
"2023-06-09 11:18",9.23,9.23,9.11,9.11,-0.1,-1.09%,0
"2023-06-09 11:19",9.17,9.18,9.16,9.17,0.06,+0.66%,0
"2023-06-09 11:20",9.16,9.21,9.16,9.2,0.03,+0.33%,0
"2023-06-09 11:21",9.19,9.38,9.19,9.38,0.18,+1.96%,0
"2023-06-09 11:22",9.36,9.45,9.33,9.33,-0.05,-0.53%,0
"2023-06-09 11:23",9.39,9.45,9.39,9.41,0.08,+0.86%,0
"2023-06-09 11:24",9.46,9.51,9.46,9.51,0.1,+1.06%,0
"2023-06-09 11:25",9.51,10.09,9.51,10.09,0.58,+6.10%,0
"2023-06-09 11:26",10.12,10.42,9.99,9.99,-0.1,-0.99%,0
"2023-06-09 11:27",9.87,10.01,9.87,9.92,-0.07,-0.70%,0
"2023-06-09 11:28",9.96,10.1,9.95,10.1,0.18,+1.81%,0
"2023-06-09 11:29",10.05,10.07,10.04,10.07,-0.03,-0.30%,0
"2023-06-09 11:30",10.09,10.2,10.09,10.19,0.12,+1.19%,0
"2023-06-09 11:31",10.16,10.34,10.14,10.34,0.15,+1.47%,0
"2023-06-09 11:32",10.37,10.4,10.31,10.31,-0.03,-0.29%,0
"2023-06-09 11:33",10.32,10.42,10.32,10.39,0.08,+0.78%,0
"2023-06-09 11:34",10.37,10.37,10.21,10.21,-0.18,-1.73%,0
"2023-06-09 11:35",10.16,10.16,10.07,10.07,-0.14,-1.37%,0
"2023-06-09 11:36",10.06,10.1,10.04,10.05,-0.02,-0.20%,0
"2023-06-09 11:37",9.98,10,9.92,9.92,-0.13,-1.29%,0
"2023-06-09 11:38",9.91,9.91,9.88,9.88,-0.04,-0.40%,0
"2023-06-09 11:39",9.86,9.96,9.86,9.95,0.07,+0.71%,0
"2023-06-09 11:40",9.93,9.93,9.9,9.9,-0.05,-0.50%,0
"2023-06-09 11:41",9.9,9.9,9.84,9.85,-0.05,-0.51%,0
"2023-06-09 11:42",9.85,9.86,9.83,9.83,-0.02,-0.20%,0
"2023-06-09 11:43",9.81,9.81,9.78,9.79,-0.04,-0.41%,0
"2023-06-09 11:44",9.77,9.82,9.77,9.79,0,0.00%,0
"2023-06-09 11:45",9.76,9.76,9.75,9.75,-0.04,-0.41%,0
"2023-06-09 11:46",9.7,9.71,9.69,9.7,-0.05,-0.51%,0
"2023-06-09 11:47",9.73,9.73,9.72,9.72,0.02,+0.21%,0
"2023-06-09 11:48",9.73,9.73,9.71,9.71,-0.01,-0.10%,0
"2023-06-09 11:49",9.71,9.72,9.7,9.72,0.01,+0.10%,0
"2023-06-09 11:50",9.73,9.76,9.73,9.76,0.04,+0.41%,0
"2023-06-09 11:51",9.76,9.8,9.76,9.79,0.03,+0.31%,0
"2023-06-09 11:52",9.81,9.83,9.8,9.83,0.04,+0.41%,0
"2023-06-09 11:53",9.8,9.82,9.79,9.8,-0.03,-0.31%,0
"2023-06-09 11:54",9.78,9.81,9.78,9.79,-0.01,-0.10%,0
"2023-06-09 11:55",9.8,9.87,9.8,9.87,0.08,+0.82%,0
"2023-06-09 11:56",9.89,9.97,9.89,9.97,0.1,+1.01%,0
"2023-06-09 11:57",9.99,10.13,9.99,10.13,0.16,+1.60%,0
"2023-06-09 11:58",10.11,10.11,10.02,10.02,-0.11,-1.09%,0
"2023-06-09 11:59",10.03,10.07,10.03,10.07,0.05,+0.50%,0
"2023-06-09 12:00",10.07,10.12,10.07,10.12,0.05,+0.50%,0
"2023-06-09 12:01",10.21,10.43,10.21,10.43,0.31,+3.06%,0
"2023-06-09 12:02",10.42,10.42,10.16,10.18,-0.25,-2.40%,0
"2023-06-09 12:03",10.19,10.19,10.11,10.11,-0.07,-0.69%,0
"2023-06-09 12:04",10.03,10.03,9.99,9.99,-0.12,-1.19%,0
"2023-06-09 12:05",10.02,10.03,9.97,10.03,0.04,+0.40%,0
"2023-06-09 12:06",10,10.03,10,10.01,-0.02,-0.20%,0
"2023-06-09 12:07",9.99,10.01,9.99,9.99,-0.02,-0.20%,0
"2023-06-09 12:08",9.99,10.02,9.99,10.02,0.03,+0.30%,0
"2023-06-09 12:09",10.02,10.02,9.99,9.99,-0.03,-0.30%,0
"2023-06-09 12:10",10,10,9.98,9.98,-0.01,-0.10%,0
"2023-06-09 12:11",9.99,9.99,9.95,9.96,-0.02,-0.20%,0
"2023-06-09 12:12",9.95,9.96,9.94,9.94,-0.02,-0.20%,0
"2023-06-09 12:13",9.95,9.95,9.9,9.9,-0.04,-0.40%,0
"2023-06-09 12:14",9.91,9.91,9.89,9.89,-0.01,-0.10%,0
"2023-06-09 12:15",9.87,9.88,9.84,9.84,-0.05,-0.51%,0
"2023-06-09 12:16",9.86,9.86,9.85,9.85,0.01,+0.10%,0
"2023-06-09 12:17",9.84,9.84,9.82,9.82,-0.03,-0.30%,0
"2023-06-09 12:18",9.8,9.84,9.8,9.84,0.02,+0.20%,0
"2023-06-09 12:19",9.84,9.85,9.81,9.81,-0.03,-0.30%,0
"2023-06-09 12:20",9.82,9.85,9.82,9.85,0.04,+0.41%,0
"2023-06-09 12:21",9.83,9.84,9.83,9.83,-0.02,-0.20%,0
"2023-06-09 12:22",9.81,9.88,9.81,9.88,0.05,+0.51%,0
"2023-06-09 12:23",9.9,9.94,9.89,9.94,0.06,+0.61%,0
"2023-06-09 12:24",9.96,9.99,9.96,9.98,0.04,+0.40%,0
"2023-06-09 12:25",9.97,9.99,9.97,9.97,-0.01,-0.10%,0
"2023-06-09 12:26",10.01,10.15,10.01,10.15,0.18,+1.81%,0
"2023-06-09 12:27",10.11,10.28,10.11,10.28,0.13,+1.28%,0
"2023-06-09 12:28",10.16,10.16,10.05,10.05,-0.23,-2.24%,0
"2023-06-09 12:29",10.04,10.04,10.03,10.04,-0.01,-0.10%,0
"2023-06-09 12:30",10.05,10.05,10.02,10.02,-0.02,-0.20%,0
"2023-06-09 12:31",10.03,10.03,10,10.02,0,0.00%,0
"2023-06-09 12:32",10,10.02,10,10,-0.02,-0.20%,0
"2023-06-09 12:33",10.02,10.03,10.01,10.03,0.03,+0.30%,0
"2023-06-09 12:34",10.02,10.02,10.02,10.02,-0.01,-0.10%,0
"2023-06-09 12:35",10.03,10.09,10.03,10.09,0.07,+0.70%,0
"2023-06-09 12:36",10.08,10.18,10.08,10.18,0.09,+0.89%,0
"2023-06-09 12:37",10.19,10.22,10.18,10.19,0.01,+0.10%,0
"2023-06-09 12:38",10.19,10.3,10.19,10.3,0.11,+1.08%,0
"2023-06-09 12:39",10.26,10.29,10.26,10.29,-0.01,-0.10%,0
"2023-06-09 12:40",10.27,10.38,10.27,10.38,0.09,+0.87%,0
"2023-06-09 12:41",10.33,10.33,10.3,10.33,-0.05,-0.48%,0
"2023-06-09 12:42",10.24,10.26,10.24,10.26,-0.07,-0.68%,0
"2023-06-09 12:43",10.26,10.26,10.25,10.26,0,0.00%,0
"2023-06-09 12:44",10.25,10.27,10.25,10.27,0.01,+0.10%,0
"2023-06-09 12:45",10.26,10.26,10.23,10.23,-0.04,-0.39%,0
"2023-06-09 12:46",10.21,10.28,10.21,10.28,0.05,+0.49%,0
"2023-06-09 12:47",10.28,10.3,10.28,10.29,0.01,+0.10%,0
"2023-06-09 12:48",10.29,10.3,10.27,10.27,-0.02,-0.19%,0
"2023-06-09 12:49",10.24,10.24,10.23,10.24,-0.03,-0.29%,0
"2023-06-09 12:50",10.2,10.21,10.18,10.18,-0.06,-0.59%,0
"2023-06-09 12:51",10.19,10.21,10.19,10.2,0.02,+0.20%,0
"2023-06-09 12:52",10.23,10.24,10.22,10.22,0.02,+0.20%,0
"2023-06-09 12:53",10.22,10.22,10.21,10.21,-0.01,-0.10%,0
"2023-06-09 12:54",10.21,10.21,10.2,10.2,-0.01,-0.10%,0
"2023-06-09 12:55",10.18,10.24,10.18,10.24,0.04,+0.39%,0
"2023-06-09 12:56",10.24,10.27,10.24,10.27,0.03,+0.29%,0
"2023-06-09 12:57",10.25,10.28,10.24,10.28,0.01,+0.10%,0
"2023-06-09 12:58",10.26,10.27,10.26,10.27,-0.01,-0.10%,0
"2023-06-09 12:59",10.28,10.29,10.28,10.28,0.01,+0.10%,0
"2023-06-09 13:00",10.25,10.29,10.25,10.27,-0.01,-0.10%,0
"2023-06-09 13:01",10.27,10.29,10.27,10.27,0,0.00%,0
"2023-06-09 13:02",10.26,10.3,10.26,10.3,0.03,+0.29%,0
"2023-06-09 13:03",10.18,10.18,10.17,10.18,-0.12,-1.17%,0
"2023-06-09 13:04",10.18,10.18,10.12,10.12,-0.06,-0.59%,0
"2023-06-09 13:05",10.14,10.14,10.08,10.08,-0.04,-0.40%,0
"2023-06-09 13:06",10.09,10.1,10.09,10.09,0.01,+0.10%,0
"2023-06-09 13:07",10.08,10.08,10.08,10.08,-0.01,-0.10%,0
"2023-06-09 13:08",10.08,10.09,10.08,10.09,0.01,+0.10%,0
"2023-06-09 13:09",10.09,10.11,10.09,10.1,0.01,+0.10%,0
"2023-06-09 13:10",10.1,10.12,10.1,10.1,0,0.00%,0
"2023-06-09 13:11",10.11,10.16,10.1,10.16,0.06,+0.59%,0
"2023-06-09 13:12",10.15,10.15,10.15,10.15,-0.01,-0.10%,0
"2023-06-09 13:13",10.14,10.18,10.14,10.17,0.02,+0.20%,0
"2023-06-09 13:14",10.16,10.16,10.14,10.14,-0.03,-0.29%,0
"2023-06-09 13:15",10.14,10.15,10.12,10.12,-0.02,-0.20%,0
"2023-06-09 13:16",10.11,10.13,10.11,10.11,-0.01,-0.10%,0
"2023-06-09 13:17",10.1,10.11,10.09,10.09,-0.02,-0.20%,0
"2023-06-09 13:18",10.09,10.09,10.07,10.07,-0.02,-0.20%,0
"2023-06-09 13:19",10.07,10.08,10.07,10.07,0,0.00%,0
"2023-06-09 13:20",10.07,10.07,10.05,10.07,0,0.00%,0
"2023-06-09 13:21",10.04,10.07,10.04,10.05,-0.02,-0.20%,0
"2023-06-09 13:22",10.07,10.08,10.06,10.06,0.01,+0.10%,0
"2023-06-09 13:23",10.03,10.03,9.99,9.99,-0.07,-0.70%,0
"2023-06-09 13:24",9.99,9.99,9.97,9.97,-0.02,-0.20%,0
"2023-06-09 13:25",9.97,9.99,9.97,9.99,0.02,+0.20%,0
"2023-06-09 13:26",10,10,10,10,0.01,+0.10%,0
"2023-06-09 13:27",9.99,10.01,9.99,10.01,0.01,+0.10%,0
"2023-06-09 13:28",10.01,10.03,10.01,10.02,0.01,+0.10%,0
"2023-06-09 13:29",9.91,9.92,9.9,9.9,-0.12,-1.20%,0
"2023-06-09 13:30",9.93,9.94,9.92,9.92,0.02,+0.20%,0
"2023-06-09 13:31",9.94,10,9.94,9.97,0.05,+0.50%,0
"2023-06-09 13:32",9.97,10,9.97,9.97,0,0.00%,0
"2023-06-09 13:33",9.96,10,9.96,9.98,0.01,+0.10%,0
"2023-06-09 13:34",9.99,10.03,9.99,10.03,0.05,+0.50%,0
"2023-06-09 13:35",10.01,10.03,10.01,10.03,0,0.00%,0
"2023-06-09 13:36",10.03,10.05,10.03,10.03,0,0.00%,0
"2023-06-09 13:37",10.05,10.06,10.04,10.04,0.01,+0.10%,0
"2023-06-09 13:38",10.06,10.06,10.04,10.04,0,0.00%,0
"2023-06-09 13:39",10.04,10.06,10.04,10.06,0.02,+0.20%,0
"2023-06-09 13:40",10.04,10.06,10.04,10.04,-0.02,-0.20%,0
"2023-06-09 13:41",10.05,10.05,10.03,10.03,-0.01,-0.10%,0
"2023-06-09 13:42",10.02,10.06,10.02,10.04,0.01,+0.10%,0
"2023-06-09 13:43",10.04,10.07,10.04,10.05,0.01,+0.10%,0
"2023-06-09 13:44",10.04,10.06,10.04,10.06,0.01,+0.10%,0
"2023-06-09 13:45",10.07,10.07,10.06,10.06,0,0.00%,0
"2023-06-09 13:46",10.06,10.07,10.05,10.07,0.01,+0.10%,0
"2023-06-09 13:47",10.08,10.08,10.07,10.08,0.01,+0.10%,0
"2023-06-09 13:48",10.08,10.1,10.08,10.09,0.01,+0.10%,0
"2023-06-09 13:49",10.09,10.21,10.09,10.21,0.12,+1.19%,0
"2023-06-09 13:50",10.2,10.21,10.18,10.21,0,0.00%,0
"2023-06-09 13:51",10.2,10.23,10.2,10.23,0.02,+0.20%,0
"2023-06-09 13:52",10.22,10.25,10.22,10.25,0.02,+0.20%,0
"2023-06-09 13:53",10.22,10.25,10.22,10.25,0,0.00%,0
"2023-06-09 13:54",10.24,10.24,10.22,10.22,-0.03,-0.29%,0
"2023-06-09 13:55",10.23,10.25,10.23,10.25,0.03,+0.29%,0
"2023-06-09 13:56",10.22,10.26,10.22,10.26,0.01,+0.10%,0
"2023-06-09 13:57",10.27,10.3,10.27,10.28,0.02,+0.19%,0
"2023-06-09 13:58",10.25,10.27,10.25,10.26,-0.02,-0.19%,0
"2023-06-09 13:59",10.27,10.27,10.25,10.25,-0.01,-0.10%,0
"2023-06-09 14:00",10.23,10.24,10.22,10.24,-0.01,-0.10%,0
"2023-06-09 14:01",10.24,10.27,10.24,10.25,0.01,+0.10%,0
"2023-06-09 14:02",10.24,10.28,10.24,10.27,0.02,+0.20%,0
"2023-06-09 14:03",10.26,10.33,10.26,10.26,-0.01,-0.10%,0
"2023-06-09 14:04",10.27,10.29,10.27,10.29,0.03,+0.29%,0
"2023-06-09 14:05",10.28,10.29,10.27,10.27,-0.02,-0.19%,0
"2023-06-09 14:06",10.27,10.3,10.27,10.3,0.03,+0.29%,0
"2023-06-09 14:07",10.3,10.31,10.29,10.29,-0.01,-0.10%,0
"2023-06-09 14:08",10.29,10.31,10.29,10.3,0.01,+0.10%,0
"2023-06-09 14:09",10.32,10.4,10.32,10.4,0.1,+0.97%,0
"2023-06-09 14:10",10.41,10.41,10.33,10.37,-0.03,-0.29%,0
"2023-06-09 14:11",10.35,10.45,10.35,10.44,0.07,+0.68%,0
"2023-06-09 14:12",10.44,10.48,10.44,10.47,0.03,+0.29%,0
"2023-06-09 14:13",10.47,10.51,10.47,10.51,0.04,+0.38%,0
"2023-06-09 14:14",10.51,10.52,10.51,10.52,0.01,+0.10%,0
"2023-06-09 14:15",10.5,10.52,10.49,10.49,-0.03,-0.29%,0
"2023-06-09 14:16",10.49,10.52,10.49,10.52,0.03,+0.29%,0
"2023-06-09 14:17",10.51,10.52,10.51,10.52,0,0.00%,0
"2023-06-09 14:18",10.53,10.53,10.5,10.51,-0.01,-0.10%,0
"2023-06-09 14:19",10.5,10.51,10.5,10.5,-0.01,-0.10%,0
"2023-06-09 14:20",10.5,10.5,10.46,10.47,-0.03,-0.29%,0
"2023-06-09 14:21",10.47,10.49,10.47,10.49,0.02,+0.19%,0
"2023-06-09 14:22",10.5,10.5,10.49,10.5,0.01,+0.10%,0
"2023-06-09 14:23",10.51,10.53,10.51,10.51,0.01,+0.10%,0
"2023-06-09 14:24",10.51,10.52,10.51,10.52,0.01,+0.10%,0
"2023-06-09 14:25",10.48,10.57,10.48,10.56,0.04,+0.38%,0
"2023-06-09 14:26",10.55,10.57,10.55,10.56,0,0.00%,0
"2023-06-09 14:27",10.56,10.61,10.56,10.6,0.04,+0.38%,0
"2023-06-09 14:28",10.59,10.67,10.59,10.67,0.07,+0.66%,0
"2023-06-09 14:29",10.7,10.7,10.66,10.67,0,0.00%,0
"2023-06-09 14:30",10.65,10.68,10.65,10.66,-0.01,-0.09%,0
"2023-06-09 14:31",10.65,10.72,10.65,10.72,0.06,+0.56%,0
"2023-06-09 14:32",10.69,10.7,10.69,10.7,-0.02,-0.19%,0
"2023-06-09 14:33",10.67,10.71,10.66,10.66,-0.04,-0.37%,0
"2023-06-09 14:34",10.66,10.69,10.66,10.69,0.03,+0.28%,0
"2023-06-09 14:35",10.68,10.7,10.68,10.7,0.01,+0.09%,0
"2023-06-09 14:36",10.74,10.79,10.74,10.79,0.09,+0.84%,0
"2023-06-09 14:37",10.78,10.85,10.78,10.85,0.06,+0.56%,0
"2023-06-09 14:38",10.84,10.87,10.84,10.87,0.02,+0.18%,0
"2023-06-09 14:39",10.84,10.88,10.84,10.88,0.01,+0.09%,0
"2023-06-09 14:40",10.9,10.91,10.89,10.9,0.02,+0.18%,0
"2023-06-09 14:41",10.91,10.92,10.89,10.89,-0.01,-0.09%,0
"2023-06-09 14:42",10.89,10.91,10.89,10.9,0.01,+0.09%,0
"2023-06-09 14:43",10.91,10.91,10.87,10.89,-0.01,-0.09%,0
"2023-06-09 14:44",10.88,10.89,10.88,10.89,0,0.00%,0
"2023-06-09 14:45",10.88,10.9,10.88,10.89,0,0.00%,0
"2023-06-09 14:46",10.87,10.89,10.86,10.86,-0.03,-0.28%,0
"2023-06-09 14:47",10.86,10.88,10.86,10.88,0.02,+0.18%,0
"2023-06-09 14:48",10.88,10.91,10.88,10.89,0.01,+0.09%,0
"2023-06-09 14:49",10.89,10.91,10.89,10.91,0.02,+0.18%,0
"2023-06-09 14:50",10.91,10.93,10.91,10.92,0.01,+0.09%,0
"2023-06-09 14:51",10.92,10.93,10.92,10.93,0.01,+0.09%,0
"2023-06-09 14:52",10.93,10.94,10.92,10.93,0,0.00%,0
"2023-06-09 14:53",10.91,10.93,10.91,10.93,0,0.00%,0
"2023-06-09 14:54",10.94,10.97,10.94,10.97,0.04,+0.37%,0
"2023-06-09 14:55",10.96,10.98,10.96,10.97,0,0.00%,0
"2023-06-09 14:56",10.97,10.97,10.91,10.91,-0.06,-0.55%,0
"2023-06-09 14:57",10.91,10.93,10.91,10.91,0,0.00%,0
"2023-06-09 14:58",10.93,10.99,10.93,10.98,0.07,+0.64%,0
"2023-06-09 14:59",10.99,11,10.99,11,0.02,+0.18%,0
"2023-06-09 15:00",10.99,10.99,10.97,10.98,-0.02,-0.18%,0
"2023-06-09 15:01",10.97,11.01,10.97,10.98,0,0.00%,0
"2023-06-09 15:02",10.99,11.02,10.99,11.02,0.04,+0.36%,0
"2023-06-09 15:03",11.01,11.1,11.01,11.02,0,0.00%,0
"2023-06-09 15:04",11,11.04,11,11.04,0.02,+0.18%,0
"2023-06-09 15:05",11.03,11.04,11.02,11.02,-0.02,-0.18%,0
"2023-06-09 15:06",11.02,11.07,11.02,11.07,0.05,+0.45%,0
"2023-06-09 15:07",11.1,11.19,11.1,11.19,0.12,+1.08%,0
"2023-06-09 15:08",11.19,11.2,11.19,11.19,0,0.00%,0
"2023-06-09 15:09",11.19,11.26,11.19,11.26,0.07,+0.63%,0
"2023-06-09 15:10",11.25,11.27,11.25,11.25,-0.01,-0.09%,0
"2023-06-09 15:11",11.25,11.26,11.25,11.26,0.01,+0.09%,0
"2023-06-09 15:12",11.26,11.28,11.25,11.28,0.02,+0.18%,0
"2023-06-09 15:13",11.28,11.28,11.23,11.23,-0.05,-0.44%,0
"2023-06-09 15:14",11.22,11.23,11.2,11.22,-0.01,-0.09%,0
"2023-06-09 15:15",11.22,11.25,11.22,11.23,0.01,+0.09%,0
"2023-06-09 15:16",11.21,11.24,11.21,11.21,-0.02,-0.18%,0
"2023-06-09 15:17",11.21,11.3,11.21,11.3,0.09,+0.80%,0
"2023-06-09 15:18",11.29,11.3,11.27,11.27,-0.03,-0.27%,0
"2023-06-09 15:19",11.27,11.27,11.27,11.27,0,0.00%,0
"2023-06-09 15:20",11.28,11.29,11.28,11.29,0.02,+0.18%,0
"2023-06-09 15:21",11.27,11.28,11.26,11.26,-0.03,-0.27%,0
"2023-06-09 15:22",11.26,11.28,11.26,11.27,0.01,+0.09%,0
"2023-06-09 15:23",11.28,11.29,11.28,11.28,0.01,+0.09%,0
"2023-06-09 15:24",11.26,11.37,11.26,11.37,0.09,+0.80%,0
"2023-06-09 15:25",11.39,11.39,11.33,11.33,-0.04,-0.35%,0
"2023-06-09 15:26",11.35,11.36,11.35,11.35,0.02,+0.18%,0
"2023-06-09 15:27",11.34,11.34,11.3,11.33,-0.02,-0.18%,0
"2023-06-09 15:28",11.29,11.32,11.29,11.3,-0.03,-0.26%,0
"2023-06-09 15:29",11.32,11.33,11.3,11.3,0,0.00%,0
"2023-06-09 15:30",11.32,11.33,11.29,11.29,-0.01,-0.09%,0
"2023-06-09 15:31",11.28,11.31,11.27,11.27,-0.02,-0.18%,0
"2023-06-09 15:32",11.25,11.25,11.25,11.25,-0.02,-0.18%,0
"2023-06-09 15:33",11.25,11.27,11.25,11.26,0.01,+0.09%,0
"2023-06-09 15:34",11.25,11.35,11.25,11.35,0.09,+0.80%,0
"2023-06-09 15:35",11.34,11.41,11.34,11.39,0.04,+0.35%,0
"2023-06-09 15:36",11.37,11.52,11.37,11.52,0.13,+1.14%,0
"2023-06-09 15:37",11.51,11.61,11.51,11.61,0.09,+0.78%,0
"2023-06-09 15:38",11.62,11.65,11.62,11.64,0.03,+0.26%,0
"2023-06-09 15:39",11.65,11.69,11.59,11.59,-0.05,-0.43%,0
"2023-06-09 15:40",11.57,11.58,11.56,11.56,-0.03,-0.26%,0
"2023-06-09 15:41",11.58,11.68,11.58,11.68,0.12,+1.04%,0
"2023-06-09 15:42",11.67,11.74,11.67,11.7,0.02,+0.17%,0
"2023-06-09 15:43",11.71,11.71,11.69,11.7,0,0.00%,0
"2023-06-09 15:44",11.71,11.74,11.71,11.71,0.01,+0.09%,0
"2023-06-09 15:45",11.71,11.75,11.68,11.68,-0.03,-0.26%,0
"2023-06-09 15:46",11.66,11.67,11.6,11.6,-0.08,-0.68%,0
"2023-06-09 15:47",11.63,11.64,11.61,11.63,0.03,+0.26%,0
"2023-06-09 15:48",11.62,11.62,11.56,11.62,-0.01,-0.09%,0
"2023-06-09 15:49",11.61,11.64,11.61,11.62,0,0.00%,0
"2023-06-09 15:50",11.6,11.62,11.59,11.59,-0.03,-0.26%,0
"2023-06-09 15:51",11.59,11.59,11.5,11.5,-0.09,-0.78%,0
"2023-06-09 15:52",11.51,11.53,11.51,11.51,0.01,+0.09%,0
"2023-06-09 15:53",11.52,11.61,11.52,11.6,0.09,+0.78%,0
"2023-06-09 15:54",11.64,11.67,11.63,11.67,0.07,+0.60%,0
"2023-06-09 15:55",11.65,11.69,11.65,11.69,0.02,+0.17%,0
"2023-06-09 15:56",11.68,11.68,11.67,11.68,-0.01,-0.09%,0
"2023-06-09 15:57",11.72,11.76,11.69,11.69,0.01,+0.09%,0
"2023-06-09 15:58",11.72,11.79,11.72,11.79,0.1,+0.86%,0
"2023-06-09 15:59",11.76,11.89,11.76,11.89,0.1,+0.85%,0
"2023-06-09 16:00",11.91,11.95,11.9,11.9,0.01,+0.08%,0
"2023-06-09 16:01",11.9,11.96,11.9,11.92,0.02,+0.17%,0
"2023-06-09 16:02",11.88,11.88,11.87,11.87,-0.05,-0.42%,0
"2023-06-09 16:03",11.86,11.86,11.79,11.84,-0.03,-0.25%,0
"2023-06-09 16:04",11.84,11.84,11.82,11.82,-0.02,-0.17%,0
"2023-06-09 16:05",11.72,11.79,11.72,11.72,-0.1,-0.85%,0
"2023-06-09 16:06",11.77,11.8,11.77,11.8,0.08,+0.68%,0
"2023-06-09 16:07",11.79,11.87,11.79,11.8,0,0.00%,0
"2023-06-09 16:08",11.79,11.79,11.77,11.78,-0.02,-0.17%,0
"2023-06-09 16:09",11.73,11.74,11.71,11.71,-0.07,-0.59%,0
"2023-06-09 16:10",11.73,11.73,11.69,11.69,-0.02,-0.17%,0
"2023-06-09 16:11",11.69,11.73,11.69,11.73,0.04,+0.34%,0
"2023-06-09 16:12",11.71,11.76,11.71,11.76,0.03,+0.26%,0
"2023-06-09 16:13",11.75,11.77,11.75,11.75,-0.01,-0.09%,0
"2023-06-09 16:14",11.75,11.83,11.59,11.59,-0.16,-1.36%,0
"2023-06-09 16:15",11.59,11.59,11.59,11.59,0,0.00%,0
"2023-06-12 09:31",9.29,9.29,9.16,9.17,-2.42,-20.88%,0
"2023-06-12 09:32",9.17,9.26,9.17,9.23,0.06,+0.65%,0
"2023-06-12 09:33",9.2,9.2,9.14,9.15,-0.08,-0.87%,0
"2023-06-12 09:34",9.15,9.18,9.15,9.18,0.03,+0.33%,0
"2023-06-12 09:35",9.15,9.15,9.1,9.14,-0.04,-0.44%,0
"2023-06-12 09:36",9.15,9.2,9.15,9.2,0.06,+0.66%,0
"2023-06-12 09:37",9.25,9.25,9.23,9.24,0.04,+0.43%,0
"2023-06-12 09:38",9.27,9.27,9.21,9.21,-0.03,-0.32%,0
"2023-06-12 09:39",9.11,9.19,9.11,9.12,-0.09,-0.98%,0
"2023-06-12 09:40",9.1,9.14,9.1,9.14,0.02,+0.22%,0
"2023-06-12 09:41",9.14,9.15,9.14,9.15,0.01,+0.11%,0
"2023-06-12 09:42",9.17,9.19,9.16,9.16,0.01,+0.11%,0
"2023-06-12 09:43",9.19,9.22,9.15,9.15,-0.01,-0.11%,0
"2023-06-12 09:44",9.19,9.26,9.19,9.26,0.11,+1.20%,0
"2023-06-12 09:45",9.25,9.26,9.21,9.25,-0.01,-0.11%,0
"2023-06-12 09:46",9.25,9.25,9.2,9.23,-0.02,-0.22%,0
"2023-06-12 09:47",9.19,9.26,9.19,9.21,-0.02,-0.22%,0
"2023-06-12 09:48",9.11,9.19,9.11,9.14,-0.07,-0.76%,0
"2023-06-12 09:49",9.19,9.24,9.15,9.15,0.01,+0.11%,0
"2023-06-12 09:50",9.15,9.15,9.07,9.07,-0.08,-0.87%,0
"2023-06-12 09:51",9.13,9.14,9.12,9.12,0.05,+0.55%,0
"2023-06-12 09:52",9.1,9.13,9.1,9.12,0,0.00%,0
"2023-06-12 09:53",9.08,9.1,9.05,9.07,-0.05,-0.55%,0
"2023-06-12 09:54",9.06,9.08,9.06,9.08,0.01,+0.11%,0
"2023-06-12 09:55",9.05,9.06,9.04,9.04,-0.04,-0.44%,0
"2023-06-12 09:56",9.09,9.11,9.08,9.08,0.04,+0.44%,0
"2023-06-12 09:57",9.07,9.14,9.07,9.11,0.03,+0.33%,0
"2023-06-12 09:58",9.1,9.13,9.1,9.13,0.02,+0.22%,0
"2023-06-12 09:59",9.12,9.14,9.12,9.14,0.01,+0.11%,0
"2023-06-12 10:00",9.12,9.16,9.12,9.16,0.02,+0.22%,0
"2023-06-12 10:01",9.16,9.18,9.11,9.14,-0.02,-0.22%,0
"2023-06-12 10:02",9.1,9.12,9.1,9.12,-0.02,-0.22%,0
"2023-06-12 10:03",9.12,9.16,9.12,9.13,0.01,+0.11%,0
"2023-06-12 10:04",9.09,9.13,9.07,9.08,-0.05,-0.55%,0
"2023-06-12 10:05",9.13,9.3,9.13,9.3,0.22,+2.42%,0
"2023-06-12 10:06",9.33,9.33,9.2,9.23,-0.07,-0.75%,0
"2023-06-12 10:07",9.17,9.21,9.17,9.21,-0.02,-0.22%,0
"2023-06-12 10:08",9.21,9.24,9.21,9.24,0.03,+0.33%,0
"2023-06-12 10:09",9.18,9.23,9.18,9.2,-0.04,-0.43%,0
"2023-06-12 10:10",9.2,9.22,9.2,9.22,0.02,+0.22%,0
"2023-06-12 10:11",9.2,9.23,9.2,9.23,0.01,+0.11%,0
"2023-06-12 10:12",9.22,9.28,9.22,9.28,0.05,+0.54%,0
"2023-06-12 10:13",9.3,9.3,9.2,9.2,-0.08,-0.86%,0
"2023-06-12 10:14",9.21,9.21,9.19,9.21,0.01,+0.11%,0
"2023-06-12 10:15",9.21,9.28,9.21,9.28,0.07,+0.76%,0
"2023-06-12 10:16",9.28,9.32,9.28,9.28,0,0.00%,0
"2023-06-12 10:17",9.3,9.35,9.3,9.33,0.05,+0.54%,0
"2023-06-12 10:18",9.32,9.42,9.32,9.4,0.07,+0.75%,0
"2023-06-12 10:19",9.37,9.41,9.34,9.34,-0.06,-0.64%,0
"2023-06-12 10:20",9.34,9.39,9.34,9.35,0.01,+0.11%,0
"2023-06-12 10:21",9.29,9.36,9.29,9.34,-0.01,-0.11%,0
"2023-06-12 10:22",9.35,9.4,9.35,9.4,0.06,+0.64%,0
"2023-06-12 10:23",9.38,9.45,9.38,9.39,-0.01,-0.11%,0
"2023-06-12 10:24",9.37,9.38,9.34,9.38,-0.01,-0.11%,0
"2023-06-12 10:25",9.38,9.4,9.37,9.37,-0.01,-0.11%,0
"2023-06-12 10:26",9.37,9.41,9.37,9.41,0.04,+0.43%,0
"2023-06-12 10:27",9.39,9.47,9.39,9.44,0.03,+0.32%,0
"2023-06-12 10:28",9.42,9.43,9.4,9.4,-0.04,-0.42%,0
"2023-06-12 10:29",9.4,9.43,9.39,9.39,-0.01,-0.11%,0
"2023-06-12 10:30",9.38,9.47,9.38,9.47,0.08,+0.85%,0
"2023-06-12 10:31",9.46,9.49,9.46,9.46,-0.01,-0.11%,0
"2023-06-12 10:32",9.45,9.47,9.45,9.46,0,0.00%,0
"2023-06-12 10:33",9.44,9.48,9.43,9.46,0,0.00%,0
"2023-06-12 10:34",9.45,9.53,9.44,9.53,0.07,+0.74%,0
"2023-06-12 10:35",9.55,9.59,9.55,9.59,0.06,+0.63%,0
"2023-06-12 10:36",9.56,9.63,9.56,9.59,0,0.00%,0
"2023-06-12 10:37",9.6,9.65,9.6,9.65,0.06,+0.63%,0
"2023-06-12 10:38",9.63,9.71,9.63,9.67,0.02,+0.21%,0
"2023-06-12 10:39",9.61,9.65,9.61,9.63,-0.04,-0.41%,0
"2023-06-12 10:40",9.62,9.65,9.6,9.6,-0.03,-0.31%,0
"2023-06-12 10:41",9.6,9.64,9.6,9.64,0.04,+0.42%,0
"2023-06-12 10:42",9.62,9.64,9.62,9.63,-0.01,-0.10%,0
"2023-06-12 10:43",9.62,9.64,9.6,9.6,-0.03,-0.31%,0
"2023-06-12 10:44",9.61,9.63,9.6,9.6,0,0.00%,0
"2023-06-12 10:45",9.58,9.6,9.58,9.59,-0.01,-0.10%,0
"2023-06-12 10:46",9.58,9.58,9.51,9.56,-0.03,-0.31%,0
"2023-06-12 10:47",9.58,9.58,9.53,9.53,-0.03,-0.31%,0
"2023-06-12 10:48",9.53,9.55,9.51,9.51,-0.02,-0.21%,0
"2023-06-12 10:49",9.53,9.56,9.53,9.56,0.05,+0.53%,0
"2023-06-12 10:50",9.55,9.6,9.55,9.6,0.04,+0.42%,0
"2023-06-12 10:51",9.59,9.62,9.59,9.62,0.02,+0.21%,0
"2023-06-12 10:52",9.64,9.67,9.62,9.62,0,0.00%,0
"2023-06-12 10:53",9.6,9.62,9.6,9.6,-0.02,-0.21%,0
"2023-06-12 10:54",9.6,9.63,9.6,9.63,0.03,+0.31%,0
"2023-06-12 10:55",9.63,9.67,9.63,9.66,0.03,+0.31%,0
"2023-06-12 10:56",9.65,9.66,9.63,9.63,-0.03,-0.31%,0
"2023-06-12 10:57",9.64,9.67,9.64,9.65,0.02,+0.21%,0
"2023-06-12 10:58",9.64,9.67,9.64,9.67,0.02,+0.21%,0
"2023-06-12 10:59",9.66,9.68,9.66,9.68,0.01,+0.10%,0
"2023-06-12 11:00",9.67,9.69,9.67,9.69,0.01,+0.10%,0
"2023-06-12 11:01",9.67,9.69,9.67,9.67,-0.02,-0.21%,0
"2023-06-12 11:02",9.64,9.68,9.64,9.68,0.01,+0.10%,0
"2023-06-12 11:03",9.67,9.68,9.67,9.67,-0.01,-0.10%,0
"2023-06-12 11:04",9.65,9.71,9.65,9.71,0.04,+0.41%,0
"2023-06-12 11:05",9.67,9.69,9.67,9.67,-0.04,-0.41%,0
"2023-06-12 11:06",9.63,9.69,9.63,9.69,0.02,+0.21%,0
"2023-06-12 11:07",9.72,9.75,9.7,9.7,0.01,+0.10%,0
"2023-06-12 11:08",9.68,9.7,9.68,9.7,0,0.00%,0
"2023-06-12 11:09",9.71,9.74,9.71,9.74,0.04,+0.41%,0
"2023-06-12 11:10",9.75,9.76,9.75,9.76,0.02,+0.21%,0
"2023-06-12 11:11",9.71,9.75,9.71,9.72,-0.04,-0.41%,0
"2023-06-12 11:12",9.74,9.76,9.73,9.73,0.01,+0.10%,0
"2023-06-12 11:13",9.71,9.75,9.71,9.74,0.01,+0.10%,0
"2023-06-12 11:14",9.71,9.73,9.71,9.72,-0.02,-0.21%,0
"2023-06-12 11:15",9.71,9.74,9.71,9.73,0.01,+0.10%,0
"2023-06-12 11:16",9.73,9.75,9.73,9.73,0,0.00%,0
"2023-06-12 11:17",9.73,9.78,9.73,9.74,0.01,+0.10%,0
"2023-06-12 11:18",9.74,9.84,9.74,9.84,0.1,+1.03%,0
"2023-06-12 11:19",9.84,9.87,9.84,9.87,0.03,+0.30%,0
"2023-06-12 11:20",9.84,9.86,9.84,9.86,-0.01,-0.10%,0
"2023-06-12 11:21",9.85,9.87,9.85,9.87,0.01,+0.10%,0
"2023-06-12 11:22",9.87,9.9,9.87,9.89,0.02,+0.20%,0
"2023-06-12 11:23",9.89,9.92,9.89,9.89,0,0.00%,0
"2023-06-12 11:24",9.91,9.93,9.91,9.93,0.04,+0.40%,0
"2023-06-12 11:25",9.91,9.93,9.91,9.92,-0.01,-0.10%,0
"2023-06-12 11:26",9.93,9.97,9.93,9.97,0.05,+0.50%,0
"2023-06-12 11:27",9.96,9.99,9.96,9.99,0.02,+0.20%,0
"2023-06-12 11:28",9.99,10.01,9.98,9.98,-0.01,-0.10%,0
"2023-06-12 11:29",9.98,10,9.98,10,0.02,+0.20%,0
"2023-06-12 11:30",10,10.02,9.98,10.02,0.02,+0.20%,0
"2023-06-12 11:31",10,10.05,10,10.02,0,0.00%,0
"2023-06-12 11:32",9.98,10.04,9.98,10.02,0,0.00%,0
"2023-06-12 11:33",10.02,10.08,10.02,10.08,0.06,+0.60%,0
"2023-06-12 11:34",10.07,10.07,10.06,10.06,-0.02,-0.20%,0
"2023-06-12 11:35",10.05,10.07,10.05,10.07,0.01,+0.10%,0
"2023-06-12 11:36",10.07,10.1,10.05,10.07,0,0.00%,0
"2023-06-12 11:37",10.07,10.08,10.07,10.08,0.01,+0.10%,0
"2023-06-12 11:38",10.09,10.14,10.09,10.14,0.06,+0.60%,0
"2023-06-12 11:39",10.1,10.13,10.1,10.13,-0.01,-0.10%,0
"2023-06-12 11:40",10.13,10.16,10.13,10.15,0.02,+0.20%,0
"2023-06-12 11:41",10.15,10.16,10.14,10.14,-0.01,-0.10%,0
"2023-06-12 11:42",10.16,10.19,10.16,10.18,0.04,+0.39%,0
"2023-06-12 11:43",10.18,10.22,10.18,10.18,0,0.00%,0
"2023-06-12 11:44",10.16,10.2,10.16,10.2,0.02,+0.20%,0
"2023-06-12 11:45",10.2,10.21,10.19,10.21,0.01,+0.10%,0
"2023-06-12 11:46",10.23,10.25,10.23,10.25,0.04,+0.39%,0
"2023-06-12 11:47",10.26,10.29,10.26,10.28,0.03,+0.29%,0
"2023-06-12 11:48",10.29,10.37,10.29,10.37,0.09,+0.88%,0
"2023-06-12 11:49",10.36,10.39,10.36,10.39,0.02,+0.19%,0
"2023-06-12 11:50",10.37,10.42,10.37,10.41,0.02,+0.19%,0
"2023-06-12 11:51",10.4,10.41,10.39,10.39,-0.02,-0.19%,0
"2023-06-12 11:52",10.4,10.44,10.4,10.44,0.05,+0.48%,0
"2023-06-12 11:53",10.46,10.49,10.46,10.49,0.05,+0.48%,0
"2023-06-12 11:54",10.48,10.51,10.48,10.5,0.01,+0.10%,0
"2023-06-12 11:55",10.5,10.51,10.5,10.51,0.01,+0.10%,0
"2023-06-12 11:56",10.51,10.54,10.51,10.54,0.03,+0.29%,0
"2023-06-12 11:57",10.54,10.56,10.54,10.56,0.02,+0.19%,0
"2023-06-12 11:58",10.54,10.58,10.54,10.57,0.01,+0.09%,0
"2023-06-12 11:59",10.53,10.55,10.53,10.54,-0.03,-0.28%,0
"2023-06-12 12:00",10.55,10.58,10.55,10.58,0.04,+0.38%,0
"2023-06-12 12:01",10.59,10.61,10.59,10.61,0.03,+0.28%,0
"2023-06-12 12:02",10.59,10.63,10.59,10.63,0.02,+0.19%,0
"2023-06-12 12:03",10.63,10.66,10.63,10.63,0,0.00%,0
"2023-06-12 12:04",10.65,10.67,10.65,10.67,0.04,+0.38%,0
"2023-06-12 12:05",10.68,10.72,10.68,10.69,0.02,+0.19%,0
"2023-06-12 12:06",10.68,10.71,10.68,10.71,0.02,+0.19%,0
"2023-06-12 12:07",10.71,10.75,10.71,10.74,0.03,+0.28%,0
"2023-06-12 12:08",10.75,10.77,10.74,10.74,0,0.00%,0
"2023-06-12 12:09",10.73,10.76,10.73,10.74,0,0.00%,0
"2023-06-12 12:10",10.74,10.77,10.74,10.77,0.03,+0.28%,0
"2023-06-12 12:11",10.77,10.8,10.77,10.8,0.03,+0.28%,0
"2023-06-12 12:12",10.8,10.84,10.8,10.83,0.03,+0.28%,0
"2023-06-12 12:13",10.83,10.85,10.83,10.85,0.02,+0.18%,0
"2023-06-12 12:14",10.84,10.87,10.84,10.87,0.02,+0.18%,0
"2023-06-12 12:15",10.88,10.91,10.88,10.91,0.04,+0.37%,0
"2023-06-12 12:16",10.91,10.94,10.91,10.94,0.03,+0.27%,0
"2023-06-12 12:17",10.93,10.95,10.93,10.94,0,0.00%,0
"2023-06-12 12:18",10.94,10.94,10.94,10.94,0,0.00%,0
"2023-06-12 12:19",10.94,10.95,10.92,10.92,-0.02,-0.18%,0
"2023-06-12 12:20",10.93,10.97,10.93,10.97,0.05,+0.46%,0
"2023-06-12 12:21",10.98,11,10.98,11,0.03,+0.27%,0
"2023-06-12 12:22",10.99,11.02,10.99,11.01,0.01,+0.09%,0
"2023-06-12 12:23",11.03,11.06,11.02,11.04,0.03,+0.27%,0
"2023-06-12 12:24",11.04,11.08,11.04,11.08,0.04,+0.36%,0
"2023-06-12 12:25",11.07,11.09,11.07,11.08,0,0.00%,0
"2023-06-12 12:26",11.08,11.1,11.08,11.09,0.01,+0.09%,0
"2023-06-12 12:27",11.06,11.09,11.06,11.07,-0.02,-0.18%,0
"2023-06-12 12:28",11.08,11.11,11.08,11.11,0.04,+0.36%,0
"2023-06-12 12:29",11.11,11.13,11.11,11.13,0.02,+0.18%,0
"2023-06-12 12:30",11.13,11.16,11.13,11.16,0.03,+0.27%,0
"2023-06-12 12:31",11.16,11.17,11.16,11.17,0.01,+0.09%,0
"2023-06-12 12:32",11.17,11.19,11.17,11.19,0.02,+0.18%,0
"2023-06-12 12:33",11.16,11.18,11.16,11.18,-0.01,-0.09%,0
"2023-06-12 12:34",11.17,11.2,11.17,11.2,0.02,+0.18%,0
"2023-06-12 12:35",11.18,11.22,11.18,11.2,0,0.00%,0
"2023-06-12 12:36",11.22,11.26,11.22,11.24,0.04,+0.36%,0
"2023-06-12 12:37",11.26,11.29,11.26,11.29,0.05,+0.44%,0
"2023-06-12 12:38",11.29,11.32,11.29,11.31,0.02,+0.18%,0
"2023-06-12 12:39",11.32,11.33,11.32,11.33,0.02,+0.18%,0
"2023-06-12 12:40",11.32,11.33,11.32,11.32,-0.01,-0.09%,0
"2023-06-12 12:41",11.35,11.38,11.35,11.37,0.05,+0.44%,0
"2023-06-12 12:42",11.37,11.39,11.37,11.38,0.01,+0.09%,0
"2023-06-12 12:43",11.37,11.4,11.37,11.4,0.02,+0.18%,0
"2023-06-12 12:44",11.41,11.44,11.41,11.44,0.04,+0.35%,0
"2023-06-12 12:45",11.44,11.47,11.44,11.47,0.03,+0.26%,0
"2023-06-12 12:46",11.46,11.47,11.46,11.46,-0.01,-0.09%,0
"2023-06-12 12:47",11.47,11.49,11.46,11.46,0,0.00%,0
"2023-06-12 12:48",11.46,11.47,11.46,11.47,0.01,+0.09%,0
"2023-06-12 12:49",11.47,11.5,11.47,11.48,0.01,+0.09%,0
"2023-06-12 12:50",11.47,11.51,11.47,11.5,0.02,+0.17%,0
"2023-06-12 12:51",11.49,11.51,11.49,11.51,0.01,+0.09%,0
"2023-06-12 12:52",11.51,11.52,11.51,11.51,0,0.00%,0
"2023-06-12 12:53",11.52,11.55,11.52,11.55,0.04,+0.35%,0
"2023-06-12 12:54",11.55,11.57,11.55,11.57,0.02,+0.17%,0
"2023-06-12 12:55",11.57,11.6,11.57,11.6,0.03,+0.26%,0
"2023-06-12 12:56",11.59,11.63,11.59,11.62,0.02,+0.17%,0
"2023-06-12 12:57",11.62,11.67,11.62,11.67,0.05,+0.43%,0
"2023-06-12 12:58",11.64,11.68,11.64,11.68,0.01,+0.09%,0
"2023-06-12 12:59",11.69,11.71,11.69,11.71,0.03,+0.26%,0
"2023-06-12 13:00",11.71,11.75,11.71,11.74,0.03,+0.26%,0
"2023-06-12 13:01",11.74,11.79,11.74,11.79,0.05,+0.43%,0
"2023-06-12 13:02",11.79,11.81,11.79,11.81,0.02,+0.17%,0
"2023-06-12 13:03",11.81,11.83,11.81,11.82,0.01,+0.08%,0
"2023-06-12 13:04",11.8,11.83,11.8,11.81,-0.01,-0.08%,0
"2023-06-12 13:05",11.81,11.84,11.81,11.84,0.03,+0.25%,0
"2023-06-12 13:06",11.83,11.87,11.83,11.85,0.01,+0.08%,0
"2023-06-12 13:07",11.85,11.89,11.85,11.89,0.04,+0.34%,0
"2023-06-12 13:08",11.87,11.89,11.87,11.88,-0.01,-0.08%,0
"2023-06-12 13:09",11.89,11.95,11.89,11.95,0.07,+0.59%,0
"2023-06-12 13:10",11.96,12,11.96,12,0.05,+0.42%,0
"2023-06-12 13:11",12,12,12,12,0,0.00%,0
"2023-06-12 13:12",11.99,12.01,11.99,12.01,0.01,+0.08%,0
"2023-06-12 13:13",12.01,12.06,12.01,12.06,0.05,+0.42%,0
"2023-06-12 13:14",12.06,12.08,12.06,12.08,0.02,+0.17%,0
"2023-06-12 13:15",12.09,12.11,12.09,12.1,0.02,+0.17%,0
"2023-06-12 13:16",12.09,12.12,12.09,12.12,0.02,+0.17%,0
"2023-06-12 13:17",12.13,12.17,12.13,12.17,0.05,+0.41%,0
"2023-06-12 13:18",12.16,12.2,12.16,12.2,0.03,+0.25%,0
"2023-06-12 13:19",12.2,12.22,12.2,12.2,0,0.00%,0
"2023-06-12 13:20",12.2,12.22,12.2,12.22,0.02,+0.16%,0
"2023-06-12 13:21",12.24,12.27,12.24,12.27,0.05,+0.41%,0
"2023-06-12 13:22",12.26,12.27,12.26,12.26,-0.01,-0.08%,0
"2023-06-12 13:23",12.25,12.27,12.25,12.26,0,0.00%,0
"2023-06-12 13:24",12.23,12.25,12.23,12.24,-0.02,-0.16%,0
"2023-06-12 13:25",12.24,12.27,12.24,12.27,0.03,+0.25%,0
"2023-06-12 13:26",12.27,12.29,12.27,12.28,0.01,+0.08%,0
"2023-06-12 13:27",12.28,12.3,12.28,12.29,0.01,+0.08%,0
"2023-06-12 13:28",12.29,12.31,12.29,12.31,0.02,+0.16%,0
"2023-06-12 13:29",12.31,12.32,12.31,12.31,0,0.00%,0
"2023-06-12 13:30",12.3,12.34,12.3,12.33,0.02,+0.16%,0
"2023-06-12 13:31",12.33,12.38,12.33,12.36,0.03,+0.24%,0
"2023-06-12 13:32",12.34,12.39,12.34,12.39,0.03,+0.24%,0
"2023-06-12 13:33",12.38,12.53,12.38,12.53,0.14,+1.13%,0
"2023-06-12 13:34",12.52,12.58,12.52,12.56,0.03,+0.24%,0
"2023-06-12 13:35",12.54,12.57,12.54,12.57,0.01,+0.08%,0
"2023-06-12 13:36",12.58,12.59,12.58,12.59,0.02,+0.16%,0
"2023-06-12 13:37",12.59,12.73,12.58,12.73,0.14,+1.11%,0
"2023-06-12 13:38",12.77,12.79,12.77,12.79,0.06,+0.47%,0
"2023-06-12 13:39",12.79,12.82,12.79,12.81,0.02,+0.16%,0
"2023-06-12 13:40",12.79,12.83,12.79,12.83,0.02,+0.16%,0
"2023-06-12 13:41",12.85,12.85,12.83,12.84,0.01,+0.08%,0
"2023-06-12 13:42",12.85,12.89,12.85,12.89,0.05,+0.39%,0
"2023-06-12 13:43",12.89,12.93,12.89,12.93,0.04,+0.31%,0
"2023-06-12 13:44",12.93,12.95,12.93,12.95,0.02,+0.15%,0
"2023-06-12 13:45",12.96,13.06,12.96,13.06,0.11,+0.85%,0
"2023-06-12 13:46",13.07,13.1,13.07,13.1,0.04,+0.31%,0
"2023-06-12 13:47",13.1,13.14,13.1,13.14,0.04,+0.31%,0
"2023-06-12 13:48",13.14,13.16,13.14,13.16,0.02,+0.15%,0
"2023-06-12 13:49",13.16,13.19,13.16,13.19,0.03,+0.23%,0
"2023-06-12 13:50",13.19,13.22,13.19,13.2,0.01,+0.08%,0
"2023-06-12 13:51",13.19,13.24,13.19,13.22,0.02,+0.15%,0
"2023-06-12 13:52",13.23,13.24,13.22,13.22,0,0.00%,0
"2023-06-12 13:53",13.23,13.27,13.23,13.27,0.05,+0.38%,0
"2023-06-12 13:54",13.27,13.3,13.27,13.29,0.02,+0.15%,0
"2023-06-12 13:55",13.29,13.31,13.29,13.31,0.02,+0.15%,0
"2023-06-12 13:56",13.3,13.34,13.3,13.34,0.03,+0.23%,0
"2023-06-12 13:57",13.35,13.37,13.35,13.37,0.03,+0.22%,0
"2023-06-12 13:58",13.37,13.42,13.37,13.41,0.04,+0.30%,0
"2023-06-12 13:59",13.43,13.47,13.43,13.47,0.06,+0.45%,0
"2023-06-12 14:00",13.46,13.47,13.46,13.47,0,0.00%,0
"2023-06-12 14:01",13.43,13.43,13.43,13.43,-0.04,-0.30%,0
"2023-06-12 14:02",13.43,13.46,13.43,13.44,0.01,+0.07%,0
"2023-06-12 14:03",13.43,13.46,13.43,13.46,0.02,+0.15%,0
"2023-06-12 14:04",13.47,13.5,13.47,13.49,0.03,+0.22%,0
"2023-06-12 14:05",13.5,13.54,13.5,13.52,0.03,+0.22%,0
"2023-06-12 14:06",13.52,13.55,13.52,13.55,0.03,+0.22%,0
"2023-06-12 14:07",13.55,13.57,13.55,13.57,0.02,+0.15%,0
"2023-06-12 14:08",13.56,13.6,13.56,13.6,0.03,+0.22%,0
"2023-06-12 14:09",13.61,13.62,13.59,13.6,0,0.00%,0
"2023-06-12 14:10",13.6,13.64,13.6,13.64,0.04,+0.29%,0
"2023-06-12 14:11",13.67,13.71,13.67,13.71,0.07,+0.51%,0
"2023-06-12 14:12",13.73,13.75,13.73,13.75,0.04,+0.29%,0
"2023-06-12 14:13",13.74,13.78,13.74,13.78,0.03,+0.22%,0
"2023-06-12 14:14",13.77,13.77,13.77,13.77,-0.01,-0.07%,0
"2023-06-12 14:15",13.78,13.82,13.78,13.8,0.03,+0.22%,0
"2023-06-12 14:16",13.81,13.83,13.81,13.82,0.02,+0.14%,0
"2023-06-12 14:17",13.82,13.83,13.82,13.83,0.01,+0.07%,0
"2023-06-12 14:18",13.86,13.88,13.86,13.88,0.05,+0.36%,0
"2023-06-12 14:19",13.89,13.9,13.89,13.9,0.02,+0.14%,0
"2023-06-12 14:20",13.89,13.93,13.89,13.92,0.02,+0.14%,0
"2023-06-12 14:21",13.92,13.95,13.92,13.95,0.03,+0.22%,0
"2023-06-12 14:22",13.95,13.98,13.95,13.98,0.03,+0.22%,0
"2023-06-12 14:23",13.98,14,13.95,13.95,-0.03,-0.21%,0
"2023-06-12 14:24",13.95,13.95,13.94,13.95,0,0.00%,0
"2023-06-12 14:25",13.94,13.96,13.94,13.95,0,0.00%,0
"2023-06-12 14:26",13.96,13.99,13.96,13.99,0.04,+0.29%,0
"2023-06-12 14:27",13.98,14.01,13.98,14.01,0.02,+0.14%,0
"2023-06-12 14:28",14.01,14.03,14.01,14.03,0.02,+0.14%,0
"2023-06-12 14:29",14.02,14.06,14.02,14.06,0.03,+0.21%,0
"2023-06-12 14:30",14.07,14.08,14.07,14.07,0.01,+0.07%,0
"2023-06-12 14:31",14.07,14.1,14.07,14.09,0.02,+0.14%,0
"2023-06-12 14:32",14.09,14.11,14.09,14.11,0.02,+0.14%,0
"2023-06-12 14:33",14.12,14.17,14.12,14.17,0.06,+0.43%,0
"2023-06-12 14:34",14.16,14.19,14.16,14.19,0.02,+0.14%,0
"2023-06-12 14:35",14.18,14.21,14.18,14.19,0,0.00%,0
"2023-06-12 14:36",14.23,14.26,14.23,14.24,0.05,+0.35%,0
"2023-06-12 14:37",14.24,14.25,14.24,14.24,0,0.00%,0
"2023-06-12 14:38",14.25,14.27,14.25,14.27,0.03,+0.21%,0
"2023-06-12 14:39",14.28,14.31,14.28,14.3,0.03,+0.21%,0
"2023-06-12 14:40",14.3,14.33,14.3,14.32,0.02,+0.14%,0
"2023-06-12 14:41",14.32,14.34,14.32,14.33,0.01,+0.07%,0
"2023-06-12 14:42",14.33,14.36,14.33,14.36,0.03,+0.21%,0
"2023-06-12 14:43",14.37,14.39,14.37,14.38,0.02,+0.14%,0
"2023-06-12 14:44",14.38,14.4,14.38,14.4,0.02,+0.14%,0
"2023-06-12 14:45",14.41,14.44,14.41,14.42,0.02,+0.14%,0
"2023-06-12 14:46",14.43,14.46,14.43,14.45,0.03,+0.21%,0
"2023-06-12 14:47",14.45,14.49,14.45,14.49,0.04,+0.28%,0
"2023-06-12 14:48",14.48,14.53,14.48,14.53,0.04,+0.28%,0
"2023-06-12 14:49",14.53,14.55,14.53,14.55,0.02,+0.14%,0
"2023-06-12 14:50",14.57,14.6,14.57,14.6,0.05,+0.34%,0
"2023-06-12 14:51",14.59,14.75,14.59,14.75,0.15,+1.03%,0
"2023-06-12 14:52",14.73,14.85,14.73,14.75,0,0.00%,0
"2023-06-12 14:53",14.74,14.8,14.74,14.8,0.05,+0.34%,0
"2023-06-12 14:54",14.82,14.88,14.82,14.88,0.08,+0.54%,0
"2023-06-12 14:55",14.89,14.93,14.89,14.93,0.05,+0.34%,0
"2023-06-12 14:56",14.93,14.96,14.93,14.96,0.03,+0.20%,0
"2023-06-12 14:57",14.96,15,14.96,15,0.04,+0.27%,0
"2023-06-12 14:58",15,15.18,15,15.18,0.18,+1.20%,0
"2023-06-12 14:59",15.26,15.48,15.26,15.48,0.3,+1.98%,0
"2023-06-12 15:00",15.46,15.48,15.45,15.45,-0.03,-0.19%,0
"2023-06-12 15:01",15.46,15.47,15.45,15.46,0.01,+0.06%,0
"2023-06-12 15:02",15.47,15.59,15.47,15.59,0.13,+0.84%,0
"2023-06-12 15:03",15.56,15.62,15.56,15.57,-0.02,-0.13%,0
"2023-06-12 15:04",15.57,15.64,15.57,15.64,0.07,+0.45%,0
"2023-06-12 15:05",15.63,15.63,15.62,15.62,-0.02,-0.13%,0
"2023-06-12 15:06",15.59,15.59,15.58,15.59,-0.03,-0.19%,0
"2023-06-12 15:07",15.56,15.57,15.55,15.57,-0.02,-0.13%,0
"2023-06-12 15:08",15.56,15.61,15.55,15.61,0.04,+0.26%,0
"2023-06-12 15:09",15.59,15.63,15.59,15.62,0.01,+0.06%,0
"2023-06-12 15:10",15.63,15.73,15.63,15.73,0.11,+0.70%,0
"2023-06-12 15:11",15.74,15.77,15.74,15.76,0.03,+0.19%,0
"2023-06-12 15:12",15.78,15.82,15.78,15.81,0.05,+0.32%,0
"2023-06-12 15:13",15.8,15.97,15.8,15.97,0.16,+1.01%,0
"2023-06-12 15:14",15.97,16.02,15.97,16.01,0.04,+0.25%,0
"2023-06-12 15:15",15.98,16.15,15.98,16.15,0.14,+0.87%,0
"2023-06-12 15:16",16.17,16.2,16.16,16.16,0.01,+0.06%,0
"2023-06-12 15:17",16.17,16.23,16.17,16.23,0.07,+0.43%,0
"2023-06-12 15:18",16.24,16.26,16.24,16.25,0.02,+0.12%,0
"2023-06-12 15:19",16.19,16.19,16.13,16.13,-0.12,-0.74%,0
"2023-06-12 15:20",16.12,16.12,16.1,16.1,-0.03,-0.19%,0
"2023-06-12 15:21",16.11,16.11,16.08,16.08,-0.02,-0.12%,0
"2023-06-12 15:22",16.02,16.05,16.02,16.05,-0.03,-0.19%,0
"2023-06-12 15:23",16.04,16.05,15.99,16,-0.05,-0.31%,0
"2023-06-12 15:24",15.99,16.06,15.99,16.03,0.03,+0.19%,0
"2023-06-12 15:25",16.02,16.04,16.01,16.01,-0.02,-0.12%,0
"2023-06-12 15:26",16.01,16.04,16.01,16.01,0,0.00%,0
"2023-06-12 15:27",16.03,16.05,16.03,16.03,0.02,+0.12%,0
"2023-06-12 15:28",16.02,16.06,16.02,16.06,0.03,+0.19%,0
"2023-06-12 15:29",16.08,16.08,16.06,16.06,0,0.00%,0
"2023-06-12 15:30",16.05,16.08,15.98,15.98,-0.08,-0.50%,0
"2023-06-12 15:31",15.99,15.99,15.96,15.96,-0.02,-0.13%,0
"2023-06-12 15:32",15.94,16.01,15.94,16.01,0.05,+0.31%,0
"2023-06-12 15:33",16,16.03,16,16.02,0.01,+0.06%,0
"2023-06-12 15:34",16.02,16.02,16,16,-0.02,-0.12%,0
"2023-06-12 15:35",15.99,16,15.99,16,0,0.00%,0
"2023-06-12 15:36",16,16.03,16,16.03,0.03,+0.19%,0
"2023-06-12 15:37",16.02,16.04,16.02,16.03,0,0.00%,0
"2023-06-12 15:38",16.02,16.04,16.02,16.04,0.01,+0.06%,0
"2023-06-12 15:39",15.97,16.03,15.97,16.03,-0.01,-0.06%,0
"2023-06-12 15:40",16.02,16.05,16.02,16.03,0,0.00%,0
"2023-06-12 15:41",16.05,16.06,16.05,16.06,0.03,+0.19%,0
"2023-06-12 15:42",16.08,16.11,16.08,16.1,0.04,+0.25%,0
"2023-06-12 15:43",16.1,16.16,16.1,16.16,0.06,+0.37%,0
"2023-06-12 15:44",16.15,16.16,16.15,16.16,0,0.00%,0
"2023-06-12 15:45",16.14,16.15,16.12,16.12,-0.04,-0.25%,0
"2023-06-12 15:46",16.12,16.12,16.07,16.07,-0.05,-0.31%,0
"2023-06-12 15:47",16.02,16.03,15.97,15.97,-0.1,-0.62%,0
"2023-06-12 15:48",15.95,15.99,15.95,15.99,0.02,+0.13%,0
"2023-06-12 15:49",16.01,16.02,16.01,16.02,0.03,+0.19%,0
"2023-06-12 15:50",16.02,16.02,16.01,16.02,0,0.00%,0
"2023-06-12 15:51",16,16.1,16,16.09,0.07,+0.44%,0
"2023-06-12 15:52",16.13,16.13,16.02,16.02,-0.07,-0.44%,0
"2023-06-12 15:53",16.03,16.05,15.96,15.96,-0.06,-0.37%,0
"2023-06-12 15:54",15.92,15.96,15.92,15.96,0,0.00%,0
"2023-06-12 15:55",15.85,16.02,15.85,15.98,0.02,+0.13%,0
"2023-06-12 15:56",15.95,15.99,15.95,15.99,0.01,+0.06%,0
"2023-06-12 15:57",16.04,16.11,16.04,16.11,0.12,+0.75%,0
"2023-06-12 15:58",16.1,16.11,16.1,16.11,0,0.00%,0
"2023-06-12 15:59",16.15,16.15,16.1,16.1,-0.01,-0.06%,0
"2023-06-12 16:00",16.21,16.33,16.21,16.33,0.23,+1.43%,0
"2023-06-12 16:01",16.28,16.37,16.28,16.37,0.04,+0.24%,0
"2023-06-12 16:02",16.4,16.4,16.32,16.32,-0.05,-0.31%,0
"2023-06-12 16:03",16.32,16.37,16.32,16.32,0,0.00%,0
"2023-06-12 16:04",16.33,16.36,16.33,16.34,0.02,+0.12%,0
"2023-06-12 16:05",16.38,16.39,16.35,16.35,0.01,+0.06%,0
"2023-06-12 16:06",16.35,16.37,16.35,16.36,0.01,+0.06%,0
"2023-06-12 16:07",16.38,16.43,16.38,16.42,0.06,+0.37%,0
"2023-06-12 16:08",16.41,16.42,16.41,16.42,0,0.00%,0
"2023-06-12 16:09",16.44,16.49,16.44,16.49,0.07,+0.43%,0
"2023-06-12 16:10",16.49,16.54,16.49,16.54,0.05,+0.30%,0
"2023-06-12 16:11",16.54,16.58,16.54,16.58,0.04,+0.24%,0
"2023-06-12 16:12",16.58,16.64,16.58,16.64,0.06,+0.36%,0
"2023-06-12 16:13",16.67,16.74,16.67,16.74,0.1,+0.60%,0
"2023-06-12 16:14",16.79,16.79,16.75,16.75,0.01,+0.06%,0
"2023-06-12 16:15",16.75,16.75,16.75,16.75,0,0.00%,0
"2023-06-13 09:31",11.78,11.89,11.78,11.83,-4.92,-29.37%,0
"2023-06-13 09:32",11.83,11.83,11.56,11.56,-0.27,-2.28%,0
"2023-06-13 09:33",11.51,11.53,11.46,11.48,-0.08,-0.69%,0
"2023-06-13 09:34",11.49,11.58,11.49,11.54,0.06,+0.52%,0
"2023-06-13 09:35",11.45,11.65,11.45,11.65,0.11,+0.95%,0
"2023-06-13 09:36",11.63,11.63,11.51,11.6,-0.05,-0.43%,0
"2023-06-13 09:37",11.56,11.68,11.56,11.62,0.02,+0.17%,0
"2023-06-13 09:38",11.63,11.69,11.63,11.68,0.06,+0.52%,0
"2023-06-13 09:39",11.56,11.64,11.56,11.62,-0.06,-0.51%,0
"2023-06-13 09:40",11.64,11.64,11.55,11.55,-0.07,-0.60%,0
"2023-06-13 09:41",11.63,11.71,11.63,11.7,0.15,+1.30%,0
"2023-06-13 09:42",11.7,11.76,11.7,11.76,0.06,+0.51%,0
"2023-06-13 09:43",11.77,11.8,11.71,11.71,-0.05,-0.43%,0
"2023-06-13 09:44",11.69,11.69,11.6,11.6,-0.11,-0.94%,0
"2023-06-13 09:45",11.58,11.66,11.58,11.66,0.06,+0.52%,0
"2023-06-13 09:46",11.64,11.66,11.62,11.62,-0.04,-0.34%,0
"2023-06-13 09:47",11.62,11.68,11.62,11.68,0.06,+0.52%,0
"2023-06-13 09:48",11.63,11.91,11.63,11.91,0.23,+1.97%,0
"2023-06-13 09:49",11.87,11.87,11.77,11.77,-0.14,-1.18%,0
"2023-06-13 09:50",11.75,11.85,11.75,11.85,0.08,+0.68%,0
"2023-06-13 09:51",11.86,11.88,11.85,11.85,0,0.00%,0
"2023-06-13 09:52",11.85,11.9,11.85,11.9,0.05,+0.42%,0
"2023-06-13 09:53",11.88,11.89,11.88,11.89,-0.01,-0.08%,0
"2023-06-13 09:54",11.89,11.96,11.89,11.94,0.05,+0.42%,0
"2023-06-13 09:55",11.87,11.92,11.87,11.88,-0.06,-0.50%,0
"2023-06-13 09:56",11.86,11.88,11.84,11.84,-0.04,-0.34%,0
"2023-06-13 09:57",11.83,11.86,11.83,11.83,-0.01,-0.08%,0
"2023-06-13 09:58",11.82,11.89,11.82,11.88,0.05,+0.42%,0
"2023-06-13 09:59",11.9,11.97,11.9,11.97,0.09,+0.76%,0
"2023-06-13 10:00",11.9,11.98,11.9,11.94,-0.03,-0.25%,0
"2023-06-13 10:01",11.93,11.96,11.86,11.86,-0.08,-0.67%,0
"2023-06-13 10:02",11.87,11.91,11.83,11.83,-0.03,-0.25%,0
"2023-06-13 10:03",11.83,11.87,11.83,11.84,0.01,+0.08%,0
"2023-06-13 10:04",11.86,11.89,11.83,11.83,-0.01,-0.08%,0
"2023-06-13 10:05",11.82,11.85,11.78,11.78,-0.05,-0.42%,0
"2023-06-13 10:06",11.78,11.82,11.76,11.77,-0.01,-0.08%,0
"2023-06-13 10:07",11.8,11.87,11.8,11.87,0.1,+0.85%,0
"2023-06-13 10:08",11.8,11.83,11.8,11.82,-0.05,-0.42%,0
"2023-06-13 10:09",11.82,11.88,11.77,11.77,-0.05,-0.42%,0
"2023-06-13 10:10",11.78,11.82,11.78,11.79,0.02,+0.17%,0
"2023-06-13 10:11",11.77,11.78,11.76,11.77,-0.02,-0.17%,0
"2023-06-13 10:12",11.81,11.81,11.74,11.74,-0.03,-0.25%,0
"2023-06-13 10:13",11.75,11.86,11.75,11.84,0.1,+0.85%,0
"2023-06-13 10:14",11.87,11.87,11.71,11.71,-0.13,-1.10%,0
"2023-06-13 10:15",11.71,11.72,11.7,11.7,-0.01,-0.09%,0
"2023-06-13 10:16",11.69,11.76,11.69,11.75,0.05,+0.43%,0
"2023-06-13 10:17",11.74,11.85,11.74,11.82,0.07,+0.60%,0
"2023-06-13 10:18",11.74,11.78,11.73,11.73,-0.09,-0.76%,0
"2023-06-13 10:19",11.72,11.72,11.71,11.72,-0.01,-0.09%,0
"2023-06-13 10:20",11.66,11.73,11.66,11.71,-0.01,-0.09%,0
"2023-06-13 10:21",11.7,11.73,11.7,11.7,-0.01,-0.09%,0
"2023-06-13 10:22",11.73,11.75,11.71,11.71,0.01,+0.09%,0
"2023-06-13 10:23",11.7,11.7,11.68,11.68,-0.03,-0.26%,0
"2023-06-13 10:24",11.68,11.69,11.67,11.69,0.01,+0.09%,0
"2023-06-13 10:25",11.69,11.71,11.69,11.71,0.02,+0.17%,0
"2023-06-13 10:26",11.71,11.73,11.71,11.73,0.02,+0.17%,0
"2023-06-13 10:27",11.71,11.74,11.7,11.7,-0.03,-0.26%,0
"2023-06-13 10:28",11.73,11.73,11.72,11.73,0.03,+0.26%,0
"2023-06-13 10:29",11.72,11.73,11.71,11.71,-0.02,-0.17%,0
"2023-06-13 10:30",11.7,11.73,11.7,11.7,-0.01,-0.09%,0
"2023-06-13 10:31",11.69,11.76,11.69,11.76,0.06,+0.51%,0
"2023-06-13 10:32",11.77,11.8,11.77,11.78,0.02,+0.17%,0
"2023-06-13 10:33",11.76,11.78,11.75,11.75,-0.03,-0.25%,0
"2023-06-13 10:34",11.73,11.79,11.73,11.73,-0.02,-0.17%,0
"2023-06-13 10:35",11.7,11.71,11.65,11.65,-0.08,-0.68%,0
"2023-06-13 10:36",11.63,11.65,11.59,11.59,-0.06,-0.52%,0
"2023-06-13 10:37",11.58,11.63,11.58,11.61,0.02,+0.17%,0
"2023-06-13 10:38",11.6,11.64,11.6,11.62,0.01,+0.09%,0
"2023-06-13 10:39",11.59,11.63,11.59,11.63,0.01,+0.09%,0
"2023-06-13 10:40",11.62,11.66,11.62,11.66,0.03,+0.26%,0
"2023-06-13 10:41",11.67,11.69,11.67,11.68,0.02,+0.17%,0
"2023-06-13 10:42",11.67,11.72,11.67,11.71,0.03,+0.26%,0
"2023-06-13 10:43",11.7,11.76,11.7,11.76,0.05,+0.43%,0
"2023-06-13 10:44",11.76,11.78,11.76,11.78,0.02,+0.17%,0
"2023-06-13 10:45",11.78,11.81,11.78,11.78,0,0.00%,0
"2023-06-13 10:46",11.79,11.83,11.79,11.83,0.05,+0.42%,0
"2023-06-13 10:47",11.74,11.8,11.74,11.8,-0.03,-0.25%,0
"2023-06-13 10:48",11.8,11.82,11.8,11.82,0.02,+0.17%,0
"2023-06-13 10:49",11.81,11.81,11.77,11.77,-0.05,-0.42%,0
"2023-06-13 10:50",11.77,11.8,11.73,11.73,-0.04,-0.34%,0
"2023-06-13 10:51",11.74,11.86,11.74,11.86,0.13,+1.11%,0
"2023-06-13 10:52",11.84,11.86,11.84,11.86,0,0.00%,0
"2023-06-13 10:53",11.87,11.91,11.87,11.91,0.05,+0.42%,0
"2023-06-13 10:54",11.9,11.95,11.9,11.95,0.04,+0.34%,0
"2023-06-13 10:55",11.94,11.97,11.94,11.96,0.01,+0.08%,0
"2023-06-13 10:56",11.96,11.99,11.96,11.98,0.02,+0.17%,0
"2023-06-13 10:57",11.98,12,11.98,11.99,0.01,+0.08%,0
"2023-06-13 10:58",12,12.02,12,12.02,0.03,+0.25%,0
"2023-06-13 10:59",12.01,12.04,12.01,12.04,0.02,+0.17%,0
"2023-06-13 11:00",12.03,12.04,12.03,12.03,-0.01,-0.08%,0
"2023-06-13 11:01",12.04,12.08,12.04,12.06,0.03,+0.25%,0
"2023-06-13 11:02",12.05,12.08,12.05,12.07,0.01,+0.08%,0
"2023-06-13 11:03",12.06,12.07,12.05,12.05,-0.02,-0.17%,0
"2023-06-13 11:04",12.04,12.05,12.03,12.03,-0.02,-0.17%,0
"2023-06-13 11:05",12.04,12.07,12.04,12.06,0.03,+0.25%,0
"2023-06-13 11:06",12.07,12.08,12.07,12.07,0.01,+0.08%,0
"2023-06-13 11:07",12.08,12.11,12.08,12.1,0.03,+0.25%,0
"2023-06-13 11:08",12.08,12.11,12.07,12.09,-0.01,-0.08%,0
"2023-06-13 11:09",12.09,12.1,12.09,12.1,0.01,+0.08%,0
"2023-06-13 11:10",12.11,12.13,12.07,12.07,-0.03,-0.25%,0
"2023-06-13 11:11",12.03,12.07,12.03,12.04,-0.03,-0.25%,0
"2023-06-13 11:12",12.04,12.04,12.03,12.03,-0.01,-0.08%,0
"2023-06-13 11:13",12,12.03,12,12.03,0,0.00%,0
"2023-06-13 11:14",12.03,12.04,11.99,11.99,-0.04,-0.33%,0
"2023-06-13 11:15",11.97,12.04,11.97,12.04,0.05,+0.42%,0
"2023-06-13 11:16",12.02,12.04,11.98,12.04,0,0.00%,0
"2023-06-13 11:17",12.05,12.08,12.04,12.05,0.01,+0.08%,0
"2023-06-13 11:18",12.03,12.05,12.03,12.05,0,0.00%,0
"2023-06-13 11:19",12.06,12.09,12.06,12.08,0.03,+0.25%,0
"2023-06-13 11:20",12.07,12.08,12.07,12.08,0,0.00%,0
"2023-06-13 11:21",12.08,12.11,12.08,12.11,0.03,+0.25%,0
"2023-06-13 11:22",12.12,12.14,12.11,12.11,0,0.00%,0
"2023-06-13 11:23",12.13,12.27,12.13,12.23,0.12,+0.99%,0
"2023-06-13 11:24",12.23,12.29,12.23,12.29,0.06,+0.49%,0
"2023-06-13 11:25",12.25,12.29,12.25,12.28,-0.01,-0.08%,0
"2023-06-13 11:26",12.27,12.3,12.27,12.3,0.02,+0.16%,0
"2023-06-13 11:27",12.29,12.31,12.29,12.29,-0.01,-0.08%,0
"2023-06-13 11:28",12.33,12.37,12.33,12.33,0.04,+0.33%,0
"2023-06-13 11:29",12.31,12.36,12.31,12.35,0.02,+0.16%,0
"2023-06-13 11:30",12.36,12.36,12.36,12.36,0.01,+0.08%,0
"2023-06-13 11:31",12.35,12.39,12.35,12.38,0.02,+0.16%,0
"2023-06-13 11:32",12.38,12.4,12.38,12.39,0.01,+0.08%,0
"2023-06-13 11:33",12.37,12.42,12.37,12.4,0.01,+0.08%,0
"2023-06-13 11:34",12.34,12.4,12.33,12.33,-0.07,-0.56%,0
"2023-06-13 11:35",12.33,12.4,12.33,12.4,0.07,+0.57%,0
"2023-06-13 11:36",12.36,12.42,12.36,12.4,0,0.00%,0
"2023-06-13 11:37",12.4,12.44,12.4,12.43,0.03,+0.24%,0
"2023-06-13 11:38",12.43,12.49,12.43,12.49,0.06,+0.48%,0
"2023-06-13 11:39",12.47,12.5,12.47,12.5,0.01,+0.08%,0
"2023-06-13 11:40",12.5,12.52,12.5,12.5,0,0.00%,0
"2023-06-13 11:41",12.47,12.49,12.47,12.49,-0.01,-0.08%,0
"2023-06-13 11:42",12.5,12.52,12.5,12.51,0.02,+0.16%,0
"2023-06-13 11:43",12.51,12.56,12.51,12.55,0.04,+0.32%,0
"2023-06-13 11:44",12.55,12.58,12.55,12.58,0.03,+0.24%,0
"2023-06-13 11:45",12.55,12.56,12.55,12.56,-0.02,-0.16%,0
"2023-06-13 11:46",12.54,12.57,12.54,12.57,0.01,+0.08%,0
"2023-06-13 11:47",12.57,12.6,12.57,12.6,0.03,+0.24%,0
"2023-06-13 11:48",12.58,12.61,12.58,12.6,0,0.00%,0
"2023-06-13 11:49",12.64,12.68,12.64,12.66,0.06,+0.48%,0
"2023-06-13 11:50",12.64,12.68,12.64,12.68,0.02,+0.16%,0
"2023-06-13 11:51",12.67,12.7,12.67,12.68,0,0.00%,0
"2023-06-13 11:52",12.67,12.67,12.65,12.66,-0.02,-0.16%,0
"2023-06-13 11:53",12.65,12.67,12.64,12.64,-0.02,-0.16%,0
"2023-06-13 11:54",12.63,12.64,12.62,12.62,-0.02,-0.16%,0
"2023-06-13 11:55",12.62,12.67,12.62,12.66,0.04,+0.32%,0
"2023-06-13 11:56",12.65,12.69,12.65,12.69,0.03,+0.24%,0
"2023-06-13 11:57",12.7,12.71,12.7,12.71,0.02,+0.16%,0
"2023-06-13 11:58",12.71,12.84,12.71,12.84,0.13,+1.02%,0
"2023-06-13 11:59",12.83,12.85,12.82,12.85,0.01,+0.08%,0
"2023-06-13 12:00",12.84,12.95,12.84,12.93,0.08,+0.62%,0
"2023-06-13 12:01",12.9,12.92,12.86,12.86,-0.07,-0.54%,0
"2023-06-13 12:02",12.88,12.88,12.87,12.87,0.01,+0.08%,0
"2023-06-13 12:03",12.87,12.91,12.87,12.91,0.04,+0.31%,0
"2023-06-13 12:04",12.89,12.92,12.89,12.91,0,0.00%,0
"2023-06-13 12:05",12.89,12.92,12.89,12.9,-0.01,-0.08%,0
"2023-06-13 12:06",12.91,12.94,12.91,12.93,0.03,+0.23%,0
"2023-06-13 12:07",12.93,12.96,12.93,12.93,0,0.00%,0
"2023-06-13 12:08",12.92,12.97,12.92,12.96,0.03,+0.23%,0
"2023-06-13 12:09",12.96,12.99,12.96,12.96,0,0.00%,0
"2023-06-13 12:10",12.96,12.96,12.95,12.95,-0.01,-0.08%,0
"2023-06-13 12:11",12.94,12.95,12.93,12.93,-0.02,-0.15%,0
"2023-06-13 12:12",12.94,12.94,12.93,12.93,0,0.00%,0
"2023-06-13 12:13",12.94,12.96,12.94,12.96,0.03,+0.23%,0
"2023-06-13 12:14",12.97,12.99,12.97,12.98,0.02,+0.15%,0
"2023-06-13 12:15",12.97,13,12.97,13,0.02,+0.15%,0
"2023-06-13 12:16",13,13.03,13,13.02,0.02,+0.15%,0
"2023-06-13 12:17",13.02,13.03,13.01,13.01,-0.01,-0.08%,0
"2023-06-13 12:18",13.02,13.03,13.02,13.02,0.01,+0.08%,0
"2023-06-13 12:19",13.03,13.05,13.03,13.04,0.02,+0.15%,0
"2023-06-13 12:20",13.04,13.06,13.04,13.06,0.02,+0.15%,0
"2023-06-13 12:21",13.07,13.11,13.07,13.11,0.05,+0.38%,0
"2023-06-13 12:22",13.1,13.12,13.1,13.12,0.01,+0.08%,0
"2023-06-13 12:23",13.12,13.14,13.12,13.14,0.02,+0.15%,0
"2023-06-13 12:24",13.13,13.17,13.13,13.17,0.03,+0.23%,0
"2023-06-13 12:25",13.15,13.18,13.15,13.18,0.01,+0.08%,0
"2023-06-13 12:26",13.2,13.24,13.2,13.23,0.05,+0.38%,0
"2023-06-13 12:27",13.2,13.22,13.17,13.17,-0.06,-0.45%,0
"2023-06-13 12:28",13.18,13.23,13.18,13.22,0.05,+0.38%,0
"2023-06-13 12:29",13.22,13.26,13.22,13.25,0.03,+0.23%,0
"2023-06-13 12:30",13.24,13.27,13.24,13.26,0.01,+0.08%,0
"2023-06-13 12:31",13.24,13.26,13.22,13.22,-0.04,-0.30%,0
"2023-06-13 12:32",13.22,13.26,13.22,13.26,0.04,+0.30%,0
"2023-06-13 12:33",13.25,13.28,13.25,13.27,0.01,+0.08%,0
"2023-06-13 12:34",13.27,13.31,13.27,13.3,0.03,+0.23%,0
"2023-06-13 12:35",13.3,13.33,13.3,13.33,0.03,+0.23%,0
"2023-06-13 12:36",13.33,13.35,13.33,13.35,0.02,+0.15%,0
"2023-06-13 12:37",13.34,13.38,13.34,13.38,0.03,+0.22%,0
"2023-06-13 12:38",13.38,13.43,13.38,13.43,0.05,+0.37%,0
"2023-06-13 12:39",13.42,13.46,13.42,13.46,0.03,+0.22%,0
"2023-06-13 12:40",13.44,13.46,13.44,13.45,-0.01,-0.07%,0
"2023-06-13 12:41",13.45,13.47,13.45,13.45,0,0.00%,0
"2023-06-13 12:42",13.45,13.45,13.44,13.45,0,0.00%,0
"2023-06-13 12:43",13.45,13.47,13.45,13.46,0.01,+0.07%,0
"2023-06-13 12:44",13.46,13.51,13.46,13.5,0.04,+0.30%,0
"2023-06-13 12:45",13.5,13.52,13.5,13.5,0,0.00%,0
"2023-06-13 12:46",13.5,13.51,13.5,13.5,0,0.00%,0
"2023-06-13 12:47",13.49,13.55,13.49,13.55,0.05,+0.37%,0
"2023-06-13 12:48",13.55,13.58,13.55,13.57,0.02,+0.15%,0
"2023-06-13 12:49",13.58,13.62,13.58,13.62,0.05,+0.37%,0
"2023-06-13 12:50",13.61,13.63,13.61,13.62,0,0.00%,0
"2023-06-13 12:51",13.62,13.64,13.62,13.63,0.01,+0.07%,0
"2023-06-13 12:52",13.62,13.66,13.62,13.66,0.03,+0.22%,0
"2023-06-13 12:53",13.63,13.65,13.63,13.64,-0.02,-0.15%,0
"2023-06-13 12:54",13.64,13.66,13.64,13.66,0.02,+0.15%,0
"2023-06-13 12:55",13.66,13.7,13.66,13.7,0.04,+0.29%,0
"2023-06-13 12:56",13.7,13.75,13.7,13.75,0.05,+0.36%,0
"2023-06-13 12:57",13.74,13.76,13.74,13.75,0,0.00%,0
"2023-06-13 12:58",13.76,13.79,13.76,13.79,0.04,+0.29%,0
"2023-06-13 12:59",13.83,13.85,13.83,13.85,0.06,+0.44%,0
"2023-06-13 13:00",13.86,13.88,13.86,13.87,0.02,+0.14%,0
"2023-06-13 13:01",13.87,13.89,13.87,13.89,0.02,+0.14%,0
"2023-06-13 13:02",13.88,13.91,13.88,13.9,0.01,+0.07%,0
"2023-06-13 13:03",13.91,13.93,13.91,13.93,0.03,+0.22%,0
"2023-06-13 13:04",13.93,13.96,13.93,13.94,0.01,+0.07%,0
"2023-06-13 13:05",13.93,13.97,13.93,13.97,0.03,+0.22%,0
"2023-06-13 13:06",13.99,14.03,13.99,14.03,0.06,+0.43%,0
"2023-06-13 13:07",14.03,14.07,14.03,14.05,0.02,+0.14%,0
"2023-06-13 13:08",14.04,14.16,14.04,14.16,0.11,+0.78%,0
"2023-06-13 13:09",14.18,14.21,14.18,14.2,0.04,+0.28%,0
"2023-06-13 13:10",14.18,14.25,14.18,14.25,0.05,+0.35%,0
"2023-06-13 13:11",14.26,14.26,14.22,14.23,-0.02,-0.14%,0
"2023-06-13 13:12",14.24,14.32,14.24,14.32,0.09,+0.63%,0
"2023-06-13 13:13",14.3,14.34,14.3,14.34,0.02,+0.14%,0
"2023-06-13 13:14",14.35,14.37,14.35,14.37,0.03,+0.21%,0
"2023-06-13 13:15",14.37,14.4,14.37,14.4,0.03,+0.21%,0
"2023-06-13 13:16",14.42,14.43,14.42,14.43,0.03,+0.21%,0
"2023-06-13 13:17",14.42,14.48,14.42,14.48,0.05,+0.35%,0
"2023-06-13 13:18",14.46,14.48,14.46,14.46,-0.02,-0.14%,0
"2023-06-13 13:19",14.48,14.52,14.48,14.52,0.06,+0.41%,0
"2023-06-13 13:20",14.52,14.56,14.52,14.55,0.03,+0.21%,0
"2023-06-13 13:21",14.54,14.56,14.54,14.55,0,0.00%,0
"2023-06-13 13:22",14.55,14.59,14.55,14.58,0.03,+0.21%,0
"2023-06-13 13:23",14.58,14.59,14.58,14.58,0,0.00%,0
"2023-06-13 13:24",14.57,14.6,14.51,14.52,-0.06,-0.41%,0
"2023-06-13 13:25",14.49,14.5,14.49,14.5,-0.02,-0.14%,0
"2023-06-13 13:26",14.49,14.51,14.49,14.51,0.01,+0.07%,0
"2023-06-13 13:27",14.52,14.54,14.52,14.54,0.03,+0.21%,0
"2023-06-13 13:28",14.53,14.57,14.53,14.57,0.03,+0.21%,0
"2023-06-13 13:29",14.56,14.6,14.56,14.6,0.03,+0.21%,0
"2023-06-13 13:30",14.54,14.57,14.54,14.57,-0.03,-0.21%,0
"2023-06-13 13:31",14.57,14.59,14.57,14.58,0.01,+0.07%,0
"2023-06-13 13:32",14.58,14.6,14.58,14.58,0,0.00%,0
"2023-06-13 13:33",14.59,14.64,14.59,14.64,0.06,+0.41%,0
"2023-06-13 13:34",14.65,14.68,14.65,14.68,0.04,+0.27%,0
"2023-06-13 13:35",14.69,14.71,14.69,14.7,0.02,+0.14%,0
"2023-06-13 13:36",14.7,14.72,14.7,14.72,0.02,+0.14%,0
"2023-06-13 13:37",14.71,14.74,14.71,14.74,0.02,+0.14%,0
"2023-06-13 13:38",14.75,14.77,14.75,14.77,0.03,+0.20%,0
"2023-06-13 13:39",14.76,14.81,14.76,14.81,0.04,+0.27%,0
"2023-06-13 13:40",14.81,14.84,14.81,14.84,0.03,+0.20%,0
"2023-06-13 13:41",14.83,14.85,14.83,14.85,0.01,+0.07%,0
"2023-06-13 13:42",14.85,14.88,14.85,14.87,0.02,+0.13%,0
"2023-06-13 13:43",14.88,14.92,14.88,14.92,0.05,+0.34%,0
"2023-06-13 13:44",14.91,14.94,14.91,14.93,0.01,+0.07%,0
"2023-06-13 13:45",14.92,14.95,14.92,14.95,0.02,+0.13%,0
"2023-06-13 13:46",14.94,14.97,14.94,14.96,0.01,+0.07%,0
"2023-06-13 13:47",14.95,14.98,14.95,14.97,0.01,+0.07%,0
"2023-06-13 13:48",14.96,15,14.96,15,0.03,+0.20%,0
"2023-06-13 13:49",15,15.03,15,15.02,0.02,+0.13%,0
"2023-06-13 13:50",15.02,15.04,15.02,15.04,0.02,+0.13%,0
"2023-06-13 13:51",15.03,15.08,15.03,15.08,0.04,+0.27%,0
"2023-06-13 13:52",15.08,15.13,15.08,15.13,0.05,+0.33%,0
"2023-06-13 13:53",15.12,15.15,15.12,15.14,0.01,+0.07%,0
"2023-06-13 13:54",15.14,15.17,15.14,15.15,0.01,+0.07%,0
"2023-06-13 13:55",15.17,15.17,15.07,15.07,-0.08,-0.53%,0
"2023-06-13 13:56",15.07,15.13,15.07,15.13,0.06,+0.40%,0
"2023-06-13 13:57",15.14,15.17,15.14,15.17,0.04,+0.26%,0
"2023-06-13 13:58",15.18,15.23,15.18,15.22,0.05,+0.33%,0
"2023-06-13 13:59",15.21,15.24,15.21,15.22,0,0.00%,0
"2023-06-13 14:00",15.23,15.24,15.23,15.24,0.02,+0.13%,0
"2023-06-13 14:01",15.23,15.26,15.23,15.25,0.01,+0.07%,0
"2023-06-13 14:02",15.24,15.28,15.24,15.28,0.03,+0.20%,0
"2023-06-13 14:03",15.27,15.3,15.27,15.29,0.01,+0.07%,0
"2023-06-13 14:04",15.29,15.33,15.29,15.32,0.03,+0.20%,0
"2023-06-13 14:05",15.32,15.32,15.27,15.27,-0.05,-0.33%,0
"2023-06-13 14:06",15.27,15.29,15.27,15.28,0.01,+0.07%,0
"2023-06-13 14:07",15.28,15.31,15.28,15.3,0.02,+0.13%,0
"2023-06-13 14:08",15.29,15.34,15.29,15.31,0.01,+0.07%,0
"2023-06-13 14:09",15.31,15.34,15.31,15.33,0.02,+0.13%,0
"2023-06-13 14:10",15.32,15.5,15.32,15.5,0.17,+1.11%,0
"2023-06-13 14:11",15.46,15.46,15.41,15.42,-0.08,-0.52%,0
"2023-06-13 14:12",15.42,15.45,15.38,15.38,-0.04,-0.26%,0
"2023-06-13 14:13",15.38,15.39,15.37,15.39,0.01,+0.07%,0
"2023-06-13 14:14",15.39,15.43,15.39,15.4,0.01,+0.06%,0
"2023-06-13 14:15",15.4,15.41,15.4,15.4,0,0.00%,0
"2023-06-13 14:16",15.39,15.41,15.39,15.4,0,0.00%,0
"2023-06-13 14:17",15.44,15.49,15.44,15.49,0.09,+0.58%,0
"2023-06-13 14:18",15.5,15.53,15.5,15.53,0.04,+0.26%,0
"2023-06-13 14:19",15.52,15.63,15.52,15.63,0.1,+0.64%,0
"2023-06-13 14:20",15.62,15.65,15.62,15.65,0.02,+0.13%,0
"2023-06-13 14:21",15.68,15.72,15.68,15.72,0.07,+0.45%,0
"2023-06-13 14:22",15.72,15.75,15.72,15.75,0.03,+0.19%,0
"2023-06-13 14:23",15.76,15.8,15.76,15.8,0.05,+0.32%,0
"2023-06-13 14:24",15.8,15.82,15.8,15.82,0.02,+0.13%,0
"2023-06-13 14:25",15.82,15.86,15.82,15.84,0.02,+0.13%,0
"2023-06-13 14:26",15.84,15.86,15.84,15.86,0.02,+0.13%,0
"2023-06-13 14:27",15.85,15.94,15.85,15.94,0.08,+0.50%,0
"2023-06-13 14:28",15.92,16,15.92,16,0.06,+0.38%,0
"2023-06-13 14:29",16.02,16.11,16.02,16.06,0.06,+0.38%,0
"2023-06-13 14:30",16.03,16.13,16.03,16.13,0.07,+0.44%,0
"2023-06-13 14:31",16.09,16.09,16.06,16.09,-0.04,-0.25%,0
"2023-06-13 14:32",16.09,16.13,16.08,16.08,-0.01,-0.06%,0
"2023-06-13 14:33",16.1,16.1,16.09,16.09,0.01,+0.06%,0
"2023-06-13 14:34",16.08,16.19,16.08,16.11,0.02,+0.12%,0
"2023-06-13 14:35",16.09,16.12,16.09,16.12,0.01,+0.06%,0
"2023-06-13 14:36",16.12,16.16,16.12,16.16,0.04,+0.25%,0
"2023-06-13 14:37",16.18,16.22,16.18,16.21,0.05,+0.31%,0
"2023-06-13 14:38",16.23,16.29,16.23,16.29,0.08,+0.49%,0
"2023-06-13 14:39",16.29,16.31,16.29,16.3,0.01,+0.06%,0
"2023-06-13 14:40",16.28,16.34,16.28,16.34,0.04,+0.25%,0
"2023-06-13 14:41",16.34,16.35,16.34,16.35,0.01,+0.06%,0
"2023-06-13 14:42",16.34,16.48,16.34,16.48,0.13,+0.80%,0
"2023-06-13 14:43",16.43,16.46,16.43,16.43,-0.05,-0.30%,0
"2023-06-13 14:44",16.4,16.43,16.4,16.42,-0.01,-0.06%,0
"2023-06-13 14:45",16.42,16.47,16.42,16.47,0.05,+0.30%,0
"2023-06-13 14:46",16.46,16.48,16.46,16.48,0.01,+0.06%,0
"2023-06-13 14:47",16.47,16.5,16.47,16.48,0,0.00%,0
"2023-06-13 14:48",16.47,16.49,16.47,16.48,0,0.00%,0
"2023-06-13 14:49",16.48,16.49,16.47,16.47,-0.01,-0.06%,0
"2023-06-13 14:50",16.46,16.49,16.46,16.47,0,0.00%,0
"2023-06-13 14:51",16.47,16.51,16.47,16.5,0.03,+0.18%,0
"2023-06-13 14:52",16.54,16.75,16.54,16.75,0.25,+1.52%,0
"2023-06-13 14:53",16.81,16.87,16.81,16.85,0.1,+0.60%,0
"2023-06-13 14:54",16.85,16.88,16.85,16.88,0.03,+0.18%,0
"2023-06-13 14:55",16.88,16.9,16.85,16.85,-0.03,-0.18%,0
"2023-06-13 14:56",16.85,16.88,16.85,16.88,0.03,+0.18%,0
"2023-06-13 14:57",16.88,16.91,16.88,16.91,0.03,+0.18%,0
"2023-06-13 14:58",16.91,16.94,16.91,16.94,0.03,+0.18%,0
"2023-06-13 14:59",16.94,16.99,16.94,16.97,0.03,+0.18%,0
"2023-06-13 15:00",16.97,16.99,16.97,16.97,0,0.00%,0
"2023-06-13 15:01",16.97,16.99,16.97,16.99,0.02,+0.12%,0
"2023-06-13 15:02",16.96,16.98,16.95,16.95,-0.04,-0.24%,0
"2023-06-13 15:03",16.92,16.97,16.92,16.97,0.02,+0.12%,0
"2023-06-13 15:04",16.98,17,16.98,16.99,0.02,+0.12%,0
"2023-06-13 15:05",16.98,17.02,16.98,17.02,0.03,+0.18%,0
"2023-06-13 15:06",17.02,17.07,17.02,17.05,0.03,+0.18%,0
"2023-06-13 15:07",17.04,17.08,17.04,17.07,0.02,+0.12%,0
"2023-06-13 15:08",17.07,17.1,17.07,17.1,0.03,+0.18%,0
"2023-06-13 15:09",17.11,17.12,17.1,17.1,0,0.00%,0
"2023-06-13 15:10",17.1,17.1,17.08,17.08,-0.02,-0.12%,0
"2023-06-13 15:11",17.07,17.07,17.04,17.04,-0.04,-0.23%,0
"2023-06-13 15:12",17.06,17.07,17.06,17.06,0.02,+0.12%,0
"2023-06-13 15:13",17.05,17.07,17.05,17.07,0.01,+0.06%,0
"2023-06-13 15:14",17.08,17.12,17.08,17.12,0.05,+0.29%,0
"2023-06-13 15:15",17.11,17.12,17.1,17.1,-0.02,-0.12%,0
"2023-06-13 15:16",17.1,17.12,17.08,17.08,-0.02,-0.12%,0
"2023-06-13 15:17",17.07,17.1,17.07,17.1,0.02,+0.12%,0
"2023-06-13 15:18",17.09,17.11,17.09,17.11,0.01,+0.06%,0
"2023-06-13 15:19",17.11,17.13,17.1,17.1,-0.01,-0.06%,0
"2023-06-13 15:20",17.11,17.11,17.06,17.06,-0.04,-0.23%,0
"2023-06-13 15:21",17.04,17.07,17.01,17.02,-0.04,-0.23%,0
"2023-06-13 15:22",17.01,17.02,17.01,17.01,-0.01,-0.06%,0
"2023-06-13 15:23",17.01,17.04,17.01,17.03,0.02,+0.12%,0
"2023-06-13 15:24",17.05,17.08,17.05,17.07,0.04,+0.23%,0
"2023-06-13 15:25",17.05,17.07,17.04,17.04,-0.03,-0.18%,0
"2023-06-13 15:26",17.03,17.04,17.02,17.02,-0.02,-0.12%,0
"2023-06-13 15:27",17.03,17.05,17.03,17.05,0.03,+0.18%,0
"2023-06-13 15:28",17.06,17.09,17.06,17.07,0.02,+0.12%,0
"2023-06-13 15:29",17.07,17.09,17.07,17.08,0.01,+0.06%,0
"2023-06-13 15:30",17.08,17.1,17.08,17.08,0,0.00%,0
"2023-06-13 15:31",17.08,17.12,17.08,17.12,0.04,+0.23%,0
"2023-06-13 15:32",17.1,17.12,17.1,17.11,-0.01,-0.06%,0
"2023-06-13 15:33",17.12,17.13,17.12,17.13,0.02,+0.12%,0
"2023-06-13 15:34",17.15,17.17,17.15,17.17,0.04,+0.23%,0
"2023-06-13 15:35",17.17,17.18,17.16,17.16,-0.01,-0.06%,0
"2023-06-13 15:36",17.15,17.17,17.15,17.16,0,0.00%,0
"2023-06-13 15:37",17.15,17.19,17.15,17.19,0.03,+0.17%,0
"2023-06-13 15:38",17.19,17.2,17.19,17.2,0.01,+0.06%,0
"2023-06-13 15:39",17.2,17.22,17.2,17.22,0.02,+0.12%,0
"2023-06-13 15:40",17.2,17.21,17.2,17.21,-0.01,-0.06%,0
"2023-06-13 15:41",17.21,17.23,17.21,17.22,0.01,+0.06%,0
"2023-06-13 15:42",17.2,17.23,17.2,17.22,0,0.00%,0
"2023-06-13 15:43",17.25,17.29,17.25,17.27,0.05,+0.29%,0
"2023-06-13 15:44",17.28,17.31,17.28,17.29,0.02,+0.12%,0
"2023-06-13 15:45",17.33,17.33,17.29,17.3,0.01,+0.06%,0
"2023-06-13 15:46",17.29,17.32,17.29,17.32,0.02,+0.12%,0
"2023-06-13 15:47",17.31,17.36,17.31,17.36,0.04,+0.23%,0
"2023-06-13 15:48",17.36,17.36,17.34,17.35,-0.01,-0.06%,0
"2023-06-13 15:49",17.35,17.36,17.28,17.28,-0.07,-0.40%,0
"2023-06-13 15:50",17.29,17.29,17.29,17.29,0.01,+0.06%,0
"2023-06-13 15:51",17.3,17.3,17.28,17.3,0.01,+0.06%,0
"2023-06-13 15:52",17.36,17.36,17.34,17.34,0.04,+0.23%,0
"2023-06-13 15:53",17.35,17.37,17.35,17.36,0.02,+0.12%,0
"2023-06-13 15:54",17.35,17.37,17.34,17.34,-0.02,-0.12%,0
"2023-06-13 15:55",17.33,17.33,17.31,17.31,-0.03,-0.17%,0
"2023-06-13 15:56",17.35,17.38,17.34,17.34,0.03,+0.17%,0
"2023-06-13 15:57",17.34,17.39,17.34,17.35,0.01,+0.06%,0
"2023-06-13 15:58",17.33,17.33,17.27,17.27,-0.08,-0.46%,0
"2023-06-13 15:59",17.26,17.26,17.1,17.1,-0.17,-0.98%,0
"2023-06-13 16:00",17.06,17.06,17.01,17.03,-0.07,-0.41%,0
"2023-06-13 16:01",17.01,17.07,17.01,17.06,0.03,+0.18%,0
"2023-06-13 16:02",17.06,17.06,16.97,17,-0.06,-0.35%,0
"2023-06-13 16:03",17.02,17.08,17,17.08,0.08,+0.47%,0
"2023-06-13 16:04",17.04,17.09,17.04,17.06,-0.02,-0.12%,0
"2023-06-13 16:05",17.05,17.06,17.05,17.05,-0.01,-0.06%,0
"2023-06-13 16:06",17.05,17.1,17.05,17.1,0.05,+0.29%,0
"2023-06-13 16:07",17.2,17.28,17.13,17.13,0.03,+0.18%,0
"2023-06-13 16:08",17.23,17.23,17.2,17.21,0.08,+0.47%,0
"2023-06-13 16:09",17.2,17.3,17.2,17.3,0.09,+0.52%,0
"2023-06-13 16:10",17.19,17.32,17.19,17.3,0,0.00%,0
"2023-06-13 16:11",17.32,17.33,17.3,17.3,0,0.00%,0
"2023-06-13 16:12",17.32,17.35,17.19,17.19,-0.11,-0.64%,0
"2023-06-13 16:13",17.2,17.25,17.2,17.22,0.03,+0.17%,0
"2023-06-13 16:14",17.21,17.27,17.21,17.27,0.05,+0.29%,0
"2023-06-13 16:15",17.26,17.26,17.26,17.26,-0.01,-0.06%,0
"2023-06-14 09:31",15.89,15.89,15.77,15.77,-1.49,-8.63%,0
"2023-06-14 09:32",15.77,15.77,15.67,15.67,-0.1,-0.63%,0
"2023-06-14 09:33",15.64,15.64,15.47,15.47,-0.2,-1.28%,0
"2023-06-14 09:34",15.49,15.51,15.42,15.42,-0.05,-0.32%,0
"2023-06-14 09:35",15.44,15.44,15.4,15.42,0,0.00%,0
"2023-06-14 09:36",15.47,15.52,15.43,15.43,0.01,+0.06%,0
"2023-06-14 09:37",15.42,15.42,15.38,15.38,-0.05,-0.32%,0
"2023-06-14 09:38",15.38,15.38,15.33,15.33,-0.05,-0.33%,0
"2023-06-14 09:39",15.32,15.33,15.31,15.31,-0.02,-0.13%,0
"2023-06-14 09:40",15.3,15.37,15.3,15.35,0.04,+0.26%,0
"2023-06-14 09:41",15.32,15.32,15.24,15.24,-0.11,-0.72%,0
"2023-06-14 09:42",15.24,15.27,15.23,15.25,0.01,+0.07%,0
"2023-06-14 09:43",15.24,15.27,15.24,15.25,0,0.00%,0
"2023-06-14 09:44",15.22,15.24,15.22,15.24,-0.01,-0.07%,0
"2023-06-14 09:45",15.24,15.24,15.2,15.2,-0.04,-0.26%,0
"2023-06-14 09:46",15.19,15.22,15.19,15.22,0.02,+0.13%,0
"2023-06-14 09:47",15.23,15.27,15.23,15.27,0.05,+0.33%,0
"2023-06-14 09:48",15.25,15.26,15.25,15.26,-0.01,-0.07%,0
"2023-06-14 09:49",15.27,15.29,15.27,15.27,0.01,+0.07%,0
"2023-06-14 09:50",15.29,15.33,15.29,15.33,0.06,+0.39%,0
"2023-06-14 09:51",15.32,15.37,15.32,15.37,0.04,+0.26%,0
"2023-06-14 09:52",15.36,15.38,15.31,15.31,-0.06,-0.39%,0
"2023-06-14 09:53",15.29,15.36,15.29,15.36,0.05,+0.33%,0
"2023-06-14 09:54",15.35,15.39,15.35,15.39,0.03,+0.20%,0
"2023-06-14 09:55",15.38,15.4,15.37,15.38,-0.01,-0.06%,0
"2023-06-14 09:56",15.34,15.36,15.34,15.35,-0.03,-0.20%,0
"2023-06-14 09:57",15.28,15.33,15.28,15.33,-0.02,-0.13%,0
"2023-06-14 09:58",15.37,15.37,15.34,15.34,0.01,+0.07%,0
"2023-06-14 09:59",15.37,15.45,15.37,15.45,0.11,+0.72%,0
"2023-06-14 10:00",15.48,15.52,15.46,15.46,0.01,+0.06%,0
"2023-06-14 10:01",15.44,15.48,15.44,15.48,0.02,+0.13%,0
"2023-06-14 10:02",15.5,15.51,15.48,15.49,0.01,+0.06%,0
"2023-06-14 10:03",15.5,15.54,15.5,15.54,0.05,+0.32%,0
"2023-06-14 10:04",15.54,15.54,15.51,15.51,-0.03,-0.19%,0
"2023-06-14 10:05",15.53,15.53,15.46,15.46,-0.05,-0.32%,0
"2023-06-14 10:06",15.46,15.52,15.45,15.46,0,0.00%,0
"2023-06-14 10:07",15.49,15.55,15.49,15.51,0.05,+0.32%,0
"2023-06-14 10:08",15.49,15.54,15.49,15.54,0.03,+0.19%,0
"2023-06-14 10:09",15.52,15.54,15.52,15.52,-0.02,-0.13%,0
"2023-06-14 10:10",15.51,15.57,15.51,15.57,0.05,+0.32%,0
"2023-06-14 10:11",15.57,15.6,15.57,15.6,0.03,+0.19%,0
"2023-06-14 10:12",15.61,15.64,15.61,15.63,0.03,+0.19%,0
"2023-06-14 10:13",15.62,15.64,15.62,15.62,-0.01,-0.06%,0
"2023-06-14 10:14",15.64,15.69,15.64,15.69,0.07,+0.45%,0
"2023-06-14 10:15",15.74,15.8,15.74,15.8,0.11,+0.70%,0
"2023-06-14 10:16",15.81,15.84,15.81,15.84,0.04,+0.25%,0
"2023-06-14 10:17",15.88,15.92,15.88,15.92,0.08,+0.51%,0
"2023-06-14 10:18",15.9,15.91,15.9,15.91,-0.01,-0.06%,0
"2023-06-14 10:19",15.88,15.91,15.88,15.88,-0.03,-0.19%,0
"2023-06-14 10:20",15.87,15.9,15.87,15.88,0,0.00%,0
"2023-06-14 10:21",15.89,16,15.89,16,0.12,+0.76%,0
"2023-06-14 10:22",16.04,16.04,16.03,16.04,0.04,+0.25%,0
"2023-06-14 10:23",16.05,16.1,16.05,16.09,0.05,+0.31%,0
"2023-06-14 10:24",16.04,16.04,16,16.01,-0.08,-0.50%,0
"2023-06-14 10:25",15.97,15.97,15.94,15.94,-0.07,-0.44%,0
"2023-06-14 10:26",15.95,15.95,15.94,15.94,0,0.00%,0
"2023-06-14 10:27",15.91,15.99,15.91,15.99,0.05,+0.31%,0
"2023-06-14 10:28",15.98,15.99,15.98,15.99,0,0.00%,0
"2023-06-14 10:29",16,16.03,16,16.02,0.03,+0.19%,0
"2023-06-14 10:30",16.02,16.03,16.02,16.02,0,0.00%,0
"2023-06-14 10:31",16.04,16.06,16.04,16.05,0.03,+0.19%,0
"2023-06-14 10:32",16.05,16.06,16.04,16.04,-0.01,-0.06%,0
"2023-06-14 10:33",16.04,16.06,16.03,16.03,-0.01,-0.06%,0
"2023-06-14 10:34",16.03,16.08,16.03,16.08,0.05,+0.31%,0
"2023-06-14 10:35",16.08,16.11,16.08,16.11,0.03,+0.19%,0
"2023-06-14 10:36",16.08,16.12,16.08,16.12,0.01,+0.06%,0
"2023-06-14 10:37",16.11,16.13,16.11,16.12,0,0.00%,0
"2023-06-14 10:38",16.11,16.13,16.11,16.12,0,0.00%,0
"2023-06-14 10:39",16.12,16.14,16.12,16.14,0.02,+0.12%,0
"2023-06-14 10:40",16.11,16.12,16.08,16.08,-0.06,-0.37%,0
"2023-06-14 10:41",16.15,16.16,16.13,16.16,0.08,+0.50%,0
"2023-06-14 10:42",16.16,16.19,16.16,16.18,0.02,+0.12%,0
"2023-06-14 10:43",16.16,16.2,16.16,16.2,0.02,+0.12%,0
"2023-06-14 10:44",16.22,16.26,16.22,16.26,0.06,+0.37%,0
"2023-06-14 10:45",16.25,16.27,16.25,16.27,0.01,+0.06%,0
"2023-06-14 10:46",16.3,16.32,16.3,16.32,0.05,+0.31%,0
"2023-06-14 10:47",16.31,16.34,16.31,16.34,0.02,+0.12%,0
"2023-06-14 10:48",16.38,16.42,16.38,16.42,0.08,+0.49%,0
"2023-06-14 10:49",16.44,16.47,16.44,16.47,0.05,+0.30%,0
"2023-06-14 10:50",16.46,16.48,16.46,16.48,0.01,+0.06%,0
"2023-06-14 10:51",16.48,16.51,16.48,16.5,0.02,+0.12%,0
"2023-06-14 10:52",16.5,16.52,16.5,16.52,0.02,+0.12%,0
"2023-06-14 10:53",16.51,16.56,16.51,16.56,0.04,+0.24%,0
"2023-06-14 10:54",16.53,16.53,16.48,16.48,-0.08,-0.48%,0
"2023-06-14 10:55",16.49,16.49,16.48,16.49,0.01,+0.06%,0
"2023-06-14 10:56",16.52,16.53,16.5,16.5,0.01,+0.06%,0
"2023-06-14 10:57",16.5,16.53,16.5,16.53,0.03,+0.18%,0
"2023-06-14 10:58",16.52,16.54,16.52,16.53,0,0.00%,0
"2023-06-14 10:59",16.51,16.55,16.51,16.55,0.02,+0.12%,0
"2023-06-14 11:00",16.55,16.62,16.55,16.62,0.07,+0.42%,0
"2023-06-14 11:01",16.62,16.71,16.62,16.71,0.09,+0.54%,0
"2023-06-14 11:02",16.69,16.72,16.63,16.63,-0.08,-0.48%,0
"2023-06-14 11:03",16.65,16.7,16.62,16.62,-0.01,-0.06%,0
"2023-06-14 11:04",16.62,16.67,16.62,16.67,0.05,+0.30%,0
"2023-06-14 11:05",16.68,16.75,16.68,16.73,0.06,+0.36%,0
"2023-06-14 11:06",16.72,16.75,16.72,16.73,0,0.00%,0
"2023-06-14 11:07",16.7,16.73,16.69,16.69,-0.04,-0.24%,0
"2023-06-14 11:08",16.67,16.67,16.6,16.6,-0.09,-0.54%,0
"2023-06-14 11:09",16.58,16.58,16.56,16.56,-0.04,-0.24%,0
"2023-06-14 11:10",16.55,16.57,16.55,16.56,0,0.00%,0
"2023-06-14 11:11",16.56,16.56,16.53,16.53,-0.03,-0.18%,0
"2023-06-14 11:12",16.5,16.5,16.48,16.48,-0.05,-0.30%,0
"2023-06-14 11:13",16.49,16.51,16.49,16.49,0.01,+0.06%,0
"2023-06-14 11:14",16.5,16.5,16.46,16.48,-0.01,-0.06%,0
"2023-06-14 11:15",16.47,16.48,16.45,16.45,-0.03,-0.18%,0
"2023-06-14 11:16",16.44,16.47,16.44,16.46,0.01,+0.06%,0
"2023-06-14 11:17",16.46,16.48,16.46,16.48,0.02,+0.12%,0
"2023-06-14 11:18",16.5,16.55,16.5,16.55,0.07,+0.42%,0
"2023-06-14 11:19",16.52,16.6,16.52,16.6,0.05,+0.30%,0
"2023-06-14 11:20",16.58,16.64,16.58,16.64,0.04,+0.24%,0
"2023-06-14 11:21",16.65,16.72,16.65,16.7,0.06,+0.36%,0
"2023-06-14 11:22",16.7,16.76,16.7,16.76,0.06,+0.36%,0
"2023-06-14 11:23",16.77,16.79,16.77,16.79,0.03,+0.18%,0
"2023-06-14 11:24",16.79,16.94,16.79,16.94,0.15,+0.89%,0
"2023-06-14 11:25",16.94,16.99,16.94,16.99,0.05,+0.30%,0
"2023-06-14 11:26",17.01,17.06,17.01,17.06,0.07,+0.41%,0
"2023-06-14 11:27",17.06,17.08,17.06,17.07,0.01,+0.06%,0
"2023-06-14 11:28",17.05,17.05,16.97,16.97,-0.1,-0.59%,0
"2023-06-14 11:29",16.89,16.89,16.88,16.88,-0.09,-0.53%,0
"2023-06-14 11:30",16.87,16.9,16.87,16.9,0.02,+0.12%,0
"2023-06-14 11:31",16.89,16.92,16.89,16.92,0.02,+0.12%,0
"2023-06-14 11:32",16.92,16.94,16.92,16.94,0.02,+0.12%,0
"2023-06-14 11:33",16.94,16.95,16.92,16.92,-0.02,-0.12%,0
"2023-06-14 11:34",16.91,16.93,16.91,16.92,0,0.00%,0
"2023-06-14 11:35",16.93,16.95,16.93,16.93,0.01,+0.06%,0
"2023-06-14 11:36",16.93,16.94,16.93,16.94,0.01,+0.06%,0
"2023-06-14 11:37",16.94,16.96,16.94,16.96,0.02,+0.12%,0
"2023-06-14 11:38",16.97,16.99,16.97,16.99,0.03,+0.18%,0
"2023-06-14 11:39",16.99,17.08,16.99,17.06,0.07,+0.41%,0
"2023-06-14 11:40",17.06,17.09,17.06,17.09,0.03,+0.18%,0
"2023-06-14 11:41",17.07,17.1,17.07,17.08,-0.01,-0.06%,0
"2023-06-14 11:42",17.08,17.1,17.08,17.1,0.02,+0.12%,0
"2023-06-14 11:43",17.1,17.12,17.1,17.12,0.02,+0.12%,0
"2023-06-14 11:44",17.11,17.14,17.11,17.14,0.02,+0.12%,0
"2023-06-14 11:45",17.13,17.16,17.13,17.13,-0.01,-0.06%,0
"2023-06-14 11:46",17.12,17.16,17.12,17.16,0.03,+0.18%,0
"2023-06-14 11:47",17.16,17.18,17.16,17.18,0.02,+0.12%,0
"2023-06-14 11:48",17.19,17.2,17.18,17.18,0,0.00%,0
"2023-06-14 11:49",17.16,17.17,17.15,17.17,-0.01,-0.06%,0
"2023-06-14 11:50",17.18,17.18,17.16,17.18,0.01,+0.06%,0
"2023-06-14 11:51",17.18,17.19,17.18,17.19,0.01,+0.06%,0
"2023-06-14 11:52",17.19,17.23,17.19,17.22,0.03,+0.17%,0
"2023-06-14 11:53",17.23,17.24,17.23,17.24,0.02,+0.12%,0
"2023-06-14 11:54",17.23,17.25,17.23,17.25,0.01,+0.06%,0
"2023-06-14 11:55",17.23,17.3,17.23,17.3,0.05,+0.29%,0
"2023-06-14 11:56",17.32,17.34,17.32,17.32,0.02,+0.12%,0
"2023-06-14 11:57",17.32,17.34,17.32,17.33,0.01,+0.06%,0
"2023-06-14 11:58",17.32,17.34,17.32,17.34,0.01,+0.06%,0
"2023-06-14 11:59",17.34,17.36,17.34,17.35,0.01,+0.06%,0
"2023-06-14 12:00",17.35,17.35,17.25,17.27,-0.08,-0.46%,0
"2023-06-14 12:01",17.27,17.27,17.23,17.23,-0.04,-0.23%,0
"2023-06-14 12:02",17.22,17.22,17.21,17.21,-0.02,-0.12%,0
"2023-06-14 12:03",17.17,17.2,17.17,17.2,-0.01,-0.06%,0
"2023-06-14 12:04",17.2,17.24,17.2,17.23,0.03,+0.17%,0
"2023-06-14 12:05",17.2,17.32,17.2,17.32,0.09,+0.52%,0
"2023-06-14 12:06",17.26,17.26,17.23,17.23,-0.09,-0.52%,0
"2023-06-14 12:07",17.17,17.18,17.14,17.14,-0.09,-0.52%,0
"2023-06-14 12:08",17.13,17.16,17.13,17.15,0.01,+0.06%,0
"2023-06-14 12:09",17.14,17.15,17.14,17.15,0,0.00%,0
"2023-06-14 12:10",17.15,17.17,17.15,17.15,0,0.00%,0
"2023-06-14 12:11",17.15,17.17,17.15,17.16,0.01,+0.06%,0
"2023-06-14 12:12",17.15,17.15,17.06,17.06,-0.1,-0.58%,0
"2023-06-14 12:13",17.05,17.05,17.04,17.04,-0.02,-0.12%,0
"2023-06-14 12:14",17.03,17.06,17.03,17.04,0,0.00%,0
"2023-06-14 12:15",17.01,17.04,17.01,17.02,-0.02,-0.12%,0
"2023-06-14 12:16",17,17,16.96,16.97,-0.05,-0.29%,0
"2023-06-14 12:17",16.96,16.96,16.94,16.95,-0.02,-0.12%,0
"2023-06-14 12:18",16.96,16.96,16.96,16.96,0.01,+0.06%,0
"2023-06-14 12:19",16.96,17.05,16.96,17.04,0.08,+0.47%,0
"2023-06-14 12:20",17.04,17.04,17.01,17.03,-0.01,-0.06%,0
"2023-06-14 12:21",17.05,17.08,17.05,17.07,0.04,+0.23%,0
"2023-06-14 12:22",17.06,17.06,17.04,17.05,-0.02,-0.12%,0
"2023-06-14 12:23",17.06,17.07,17.06,17.06,0.01,+0.06%,0
"2023-06-14 12:24",17.07,17.11,17.07,17.11,0.05,+0.29%,0
"2023-06-14 12:25",17.1,17.16,17.1,17.16,0.05,+0.29%,0
"2023-06-14 12:26",17.17,17.19,17.17,17.19,0.03,+0.17%,0
"2023-06-14 12:27",17.19,17.23,17.19,17.23,0.04,+0.23%,0
"2023-06-14 12:28",17.23,17.26,17.23,17.26,0.03,+0.17%,0
"2023-06-14 12:29",17.27,17.28,17.26,17.27,0.01,+0.06%,0
"2023-06-14 12:30",17.26,17.28,17.26,17.28,0.01,+0.06%,0
"2023-06-14 12:31",17.29,17.34,17.29,17.34,0.06,+0.35%,0
"2023-06-14 12:32",17.36,17.4,17.36,17.4,0.06,+0.35%,0
"2023-06-14 12:33",17.38,17.4,17.38,17.4,0,0.00%,0
"2023-06-14 12:34",17.39,17.42,17.39,17.42,0.02,+0.11%,0
"2023-06-14 12:35",17.44,17.44,17.43,17.44,0.02,+0.11%,0
"2023-06-14 12:36",17.44,17.49,17.44,17.49,0.05,+0.29%,0
"2023-06-14 12:37",17.5,17.53,17.5,17.53,0.04,+0.23%,0
"2023-06-14 12:38",17.54,17.56,17.54,17.56,0.03,+0.17%,0
"2023-06-14 12:39",17.56,17.58,17.56,17.58,0.02,+0.11%,0
"2023-06-14 12:40",17.58,17.66,17.58,17.66,0.08,+0.46%,0
"2023-06-14 12:41",17.67,17.71,17.67,17.71,0.05,+0.28%,0
"2023-06-14 12:42",17.72,17.76,17.72,17.76,0.05,+0.28%,0
"2023-06-14 12:43",17.74,17.76,17.74,17.76,0,0.00%,0
"2023-06-14 12:44",17.77,17.78,17.77,17.77,0.01,+0.06%,0
"2023-06-14 12:45",17.77,17.8,17.77,17.79,0.02,+0.11%,0
"2023-06-14 12:46",17.79,17.8,17.78,17.8,0.01,+0.06%,0
"2023-06-14 12:47",17.77,17.81,17.77,17.78,-0.02,-0.11%,0
"2023-06-14 12:48",17.8,17.81,17.79,17.79,0.01,+0.06%,0
"2023-06-14 12:49",17.79,17.79,17.78,17.78,-0.01,-0.06%,0
"2023-06-14 12:50",17.78,17.79,17.78,17.78,0,0.00%,0
"2023-06-14 12:51",17.78,17.8,17.73,17.73,-0.05,-0.28%,0
"2023-06-14 12:52",17.73,17.79,17.73,17.77,0.04,+0.23%,0
"2023-06-14 12:53",17.77,17.79,17.77,17.79,0.02,+0.11%,0
"2023-06-14 12:54",17.79,17.81,17.79,17.8,0.01,+0.06%,0
"2023-06-14 12:55",17.79,17.81,17.79,17.8,0,0.00%,0
"2023-06-14 12:56",17.8,17.82,17.79,17.79,-0.01,-0.06%,0
"2023-06-14 12:57",17.81,17.81,17.81,17.81,0.02,+0.11%,0
"2023-06-14 12:58",17.81,17.83,17.81,17.83,0.02,+0.11%,0
"2023-06-14 12:59",17.83,17.85,17.83,17.84,0.01,+0.06%,0
"2023-06-14 13:00",17.83,17.86,17.83,17.86,0.02,+0.11%,0
"2023-06-14 13:01",17.88,17.88,17.83,17.83,-0.03,-0.17%,0
"2023-06-14 13:02",17.83,17.87,17.83,17.87,0.04,+0.22%,0
"2023-06-14 13:03",17.86,17.87,17.86,17.87,0,0.00%,0
"2023-06-14 13:04",17.91,17.96,17.91,17.96,0.09,+0.50%,0
"2023-06-14 13:05",18.01,18.05,18.01,18.05,0.09,+0.50%,0
"2023-06-14 13:06",18.05,18.08,18.05,18.08,0.03,+0.17%,0
"2023-06-14 13:07",18.1,18.15,18.1,18.15,0.07,+0.39%,0
"2023-06-14 13:08",18.15,18.17,18.15,18.16,0.01,+0.06%,0
"2023-06-14 13:09",18.17,18.23,18.17,18.23,0.07,+0.39%,0
"2023-06-14 13:10",18.22,18.25,18.22,18.24,0.01,+0.05%,0
"2023-06-14 13:11",18.24,18.27,18.24,18.26,0.02,+0.11%,0
"2023-06-14 13:12",18.27,18.36,18.27,18.36,0.1,+0.55%,0
"2023-06-14 13:13",18.38,18.39,18.34,18.34,-0.02,-0.11%,0
"2023-06-14 13:14",18.32,18.34,18.32,18.34,0,0.00%,0
"2023-06-14 13:15",18.35,18.45,18.35,18.45,0.11,+0.60%,0
"2023-06-14 13:16",18.46,18.55,18.46,18.55,0.1,+0.54%,0
"2023-06-14 13:17",18.57,18.63,18.57,18.63,0.08,+0.43%,0
"2023-06-14 13:18",18.65,18.7,18.65,18.69,0.06,+0.32%,0
"2023-06-14 13:19",18.68,18.71,18.68,18.7,0.01,+0.05%,0
"2023-06-14 13:20",18.71,18.72,18.7,18.7,0,0.00%,0
"2023-06-14 13:21",18.7,18.7,18.69,18.69,-0.01,-0.05%,0
"2023-06-14 13:22",18.66,18.68,18.66,18.68,-0.01,-0.05%,0
"2023-06-14 13:23",18.68,18.68,18.66,18.66,-0.02,-0.11%,0
"2023-06-14 13:24",18.65,18.72,18.65,18.72,0.06,+0.32%,0
"2023-06-14 13:25",18.73,18.75,18.73,18.74,0.02,+0.11%,0
"2023-06-14 13:26",18.74,18.8,18.74,18.8,0.06,+0.32%,0
"2023-06-14 13:27",18.8,18.82,18.79,18.79,-0.01,-0.05%,0
"2023-06-14 13:28",18.8,18.82,18.79,18.79,0,0.00%,0
"2023-06-14 13:29",18.79,18.8,18.79,18.8,0.01,+0.05%,0
"2023-06-14 13:30",18.8,18.84,18.8,18.84,0.04,+0.21%,0
"2023-06-14 13:31",18.88,18.94,18.88,18.94,0.1,+0.53%,0
"2023-06-14 13:32",18.93,18.95,18.93,18.93,-0.01,-0.05%,0
"2023-06-14 13:33",18.89,18.89,18.83,18.83,-0.1,-0.53%,0
"2023-06-14 13:34",18.78,18.81,18.73,18.73,-0.1,-0.53%,0
"2023-06-14 13:35",18.74,18.74,18.71,18.71,-0.02,-0.11%,0
"2023-06-14 13:36",18.69,18.69,18.67,18.67,-0.04,-0.21%,0
"2023-06-14 13:37",18.69,18.69,18.69,18.69,0.02,+0.11%,0
"2023-06-14 13:38",18.72,18.76,18.72,18.76,0.07,+0.37%,0
"2023-06-14 13:39",18.88,18.91,18.88,18.91,0.15,+0.80%,0
"2023-06-14 13:40",18.91,18.95,18.91,18.93,0.02,+0.11%,0
"2023-06-14 13:41",18.96,18.99,18.93,18.93,0,0.00%,0
"2023-06-14 13:42",18.92,18.93,18.92,18.93,0,0.00%,0
"2023-06-14 13:43",18.91,18.93,18.91,18.93,0,0.00%,0
"2023-06-14 13:44",18.93,18.97,18.93,18.97,0.04,+0.21%,0
"2023-06-14 13:45",18.99,19.09,18.99,19.09,0.12,+0.63%,0
"2023-06-14 13:46",19.1,19.14,19.1,19.14,0.05,+0.26%,0
"2023-06-14 13:47",19.15,19.21,19.15,19.21,0.07,+0.37%,0
"2023-06-14 13:48",19.23,19.27,19.22,19.22,0.01,+0.05%,0
"2023-06-14 13:49",19.21,19.24,19.21,19.23,0.01,+0.05%,0
"2023-06-14 13:50",19.23,19.29,19.23,19.29,0.06,+0.31%,0
"2023-06-14 13:51",19.34,19.36,19.26,19.26,-0.03,-0.16%,0
"2023-06-14 13:52",19.22,19.22,19.19,19.19,-0.07,-0.36%,0
"2023-06-14 13:53",19.19,19.21,19.17,19.17,-0.02,-0.10%,0
"2023-06-14 13:54",19.15,19.19,19.15,19.19,0.02,+0.10%,0
"2023-06-14 13:55",19.17,19.18,19.13,19.13,-0.06,-0.31%,0
"2023-06-14 13:56",19.14,19.14,19.04,19.06,-0.07,-0.37%,0
"2023-06-14 13:57",19.05,19.07,19.02,19.02,-0.04,-0.21%,0
"2023-06-14 13:58",19.02,19.05,19.02,19.03,0.01,+0.05%,0
"2023-06-14 13:59",19.04,19.12,19.04,19.12,0.09,+0.47%,0
"2023-06-14 14:00",19.04,19.04,17.97,18.73,-0.39,-2.04%,0
"2023-06-14 14:01",18.54,18.64,18.51,18.51,-0.22,-1.17%,0
"2023-06-14 14:02",18.41,18.41,17.97,17.97,-0.54,-2.92%,0
"2023-06-14 14:03",18.06,18.3,18.06,18.3,0.33,+1.84%,0
"2023-06-14 14:04",18.34,18.46,18.34,18.46,0.16,+0.87%,0
"2023-06-14 14:05",18.46,18.48,18.34,18.34,-0.12,-0.65%,0
"2023-06-14 14:06",18.44,18.73,18.44,18.73,0.39,+2.13%,0
"2023-06-14 14:07",18.79,19.07,18.79,19.07,0.34,+1.82%,0
"2023-06-14 14:08",19.09,19.23,19.09,19.14,0.07,+0.37%,0
"2023-06-14 14:09",18.76,18.76,18.26,18.26,-0.88,-4.60%,0
"2023-06-14 14:10",18.24,18.43,18.24,18.43,0.17,+0.93%,0
"2023-06-14 14:11",18.36,18.5,18.36,18.5,0.07,+0.38%,0
"2023-06-14 14:12",18.53,18.74,18.53,18.74,0.24,+1.30%,0
"2023-06-14 14:13",18.81,18.95,18.81,18.95,0.21,+1.12%,0
"2023-06-14 14:14",18.8,18.81,18.8,18.8,-0.15,-0.79%,0
"2023-06-14 14:15",18.8,18.8,18.6,18.6,-0.2,-1.06%,0
"2023-06-14 14:16",18.64,18.65,18.54,18.54,-0.06,-0.32%,0
"2023-06-14 14:17",18.55,18.69,18.55,18.69,0.15,+0.81%,0
"2023-06-14 14:18",18.65,18.67,18.61,18.61,-0.08,-0.43%,0
"2023-06-14 14:19",18.61,18.61,18.39,18.39,-0.22,-1.18%,0
"2023-06-14 14:20",18.3,18.3,18.28,18.3,-0.09,-0.49%,0
"2023-06-14 14:21",18.34,18.34,18.19,18.19,-0.11,-0.60%,0
"2023-06-14 14:22",18.17,18.33,18.17,18.33,0.14,+0.77%,0
"2023-06-14 14:23",18.35,18.4,18.35,18.4,0.07,+0.38%,0
"2023-06-14 14:24",18.42,18.42,18.35,18.35,-0.05,-0.27%,0
"2023-06-14 14:25",18.4,18.44,18.4,18.44,0.09,+0.49%,0
"2023-06-14 14:26",18.46,18.46,18.33,18.33,-0.11,-0.60%,0
"2023-06-14 14:27",18.31,18.31,18.25,18.25,-0.08,-0.44%,0
"2023-06-14 14:28",18.2,18.3,18.2,18.3,0.05,+0.27%,0
"2023-06-14 14:29",18.35,18.44,18.35,18.42,0.12,+0.66%,0
"2023-06-14 14:30",18.26,18.41,18.26,18.31,-0.11,-0.60%,0
"2023-06-14 14:31",18.3,18.41,18.27,18.27,-0.04,-0.22%,0
"2023-06-14 14:32",18.35,18.46,18.35,18.39,0.12,+0.66%,0
"2023-06-14 14:33",18.38,18.38,18.23,18.23,-0.16,-0.87%,0
"2023-06-14 14:34",18.27,18.35,18.27,18.35,0.12,+0.66%,0
"2023-06-14 14:35",18.36,18.36,18.33,18.35,0,0.00%,0
"2023-06-14 14:36",18.25,18.25,17.96,17.96,-0.39,-2.13%,0
"2023-06-14 14:37",18.05,18.05,17.73,17.73,-0.23,-1.28%,0
"2023-06-14 14:38",17.67,17.67,17.5,17.5,-0.23,-1.30%,0
"2023-06-14 14:39",17.38,17.39,17.33,17.39,-0.11,-0.63%,0
"2023-06-14 14:40",17.43,17.46,17.35,17.35,-0.04,-0.23%,0
"2023-06-14 14:41",17.25,17.25,17.05,17.05,-0.3,-1.73%,0
"2023-06-14 14:42",17.05,17.08,17.05,17.05,0,0.00%,0
"2023-06-14 14:43",17.03,17.04,17,17,-0.05,-0.29%,0
"2023-06-14 14:44",16.97,16.97,16.39,16.39,-0.61,-3.59%,0
"2023-06-14 14:45",16.31,16.31,16.13,16.13,-0.26,-1.59%,0
"2023-06-14 14:46",16.16,16.24,16.16,16.17,0.04,+0.25%,0
"2023-06-14 14:47",16.16,16.22,16.16,16.2,0.03,+0.19%,0
"2023-06-14 14:48",16.22,16.24,16.04,16.04,-0.16,-0.99%,0
"2023-06-14 14:49",16.05,16.05,15.88,15.88,-0.16,-1.00%,0
"2023-06-14 14:50",15.66,15.73,15.66,15.71,-0.17,-1.07%,0
"2023-06-14 14:51",15.71,15.71,15.69,15.71,0,0.00%,0
"2023-06-14 14:52",15.73,15.76,15.73,15.74,0.03,+0.19%,0
"2023-06-14 14:53",15.72,15.72,15.68,15.69,-0.05,-0.32%,0
"2023-06-14 14:54",15.64,15.65,15.48,15.65,-0.04,-0.25%,0
"2023-06-14 14:55",15.62,15.73,15.62,15.7,0.05,+0.32%,0
"2023-06-14 14:56",15.67,15.71,15.67,15.71,0.01,+0.06%,0
"2023-06-14 14:57",15.77,15.83,15.75,15.78,0.07,+0.45%,0
"2023-06-14 14:58",15.84,15.94,15.84,15.94,0.16,+1.01%,0
"2023-06-14 14:59",15.93,16.02,15.93,16.02,0.08,+0.50%,0
"2023-06-14 15:00",16.02,16.02,15.86,15.86,-0.16,-1.00%,0
"2023-06-14 15:01",15.78,15.78,15.68,15.68,-0.18,-1.13%,0
"2023-06-14 15:02",15.64,15.64,15.51,15.51,-0.17,-1.08%,0
"2023-06-14 15:03",15.42,15.42,15.39,15.4,-0.11,-0.71%,0
"2023-06-14 15:04",15.39,15.39,15.25,15.25,-0.15,-0.97%,0
"2023-06-14 15:05",15.24,15.24,14.94,14.94,-0.31,-2.03%,0
"2023-06-14 15:06",14.94,14.94,14.83,14.83,-0.11,-0.74%,0
"2023-06-14 15:07",14.82,14.82,14.61,14.61,-0.22,-1.48%,0
"2023-06-14 15:08",14.48,14.48,14.45,14.45,-0.16,-1.10%,0
"2023-06-14 15:09",14.38,14.48,14.38,14.48,0.03,+0.21%,0
"2023-06-14 15:10",14.43,14.54,14.43,14.54,0.06,+0.41%,0
"2023-06-14 15:11",14.58,14.65,14.57,14.65,0.11,+0.76%,0
"2023-06-14 15:12",14.66,14.84,14.66,14.84,0.19,+1.30%,0
"2023-06-14 15:13",14.89,15.05,14.89,15,0.16,+1.08%,0
"2023-06-14 15:14",14.91,14.99,14.91,14.99,-0.01,-0.07%,0
"2023-06-14 15:15",15.01,15.04,15.01,15.04,0.05,+0.33%,0
"2023-06-14 15:16",15.07,15.09,15,15,-0.04,-0.27%,0
"2023-06-14 15:17",14.91,14.91,14.89,14.9,-0.1,-0.67%,0
"2023-06-14 15:18",14.9,15,14.9,15,0.1,+0.67%,0
"2023-06-14 15:19",14.93,14.93,14.76,14.76,-0.24,-1.60%,0
"2023-06-14 15:20",14.73,14.73,14.63,14.63,-0.13,-0.88%,0
"2023-06-14 15:21",14.65,14.65,14.61,14.61,-0.02,-0.14%,0
"2023-06-14 15:22",14.58,14.58,14.46,14.47,-0.14,-0.96%,0
"2023-06-14 15:23",14.48,14.52,14.48,14.52,0.05,+0.35%,0
"2023-06-14 15:24",14.49,14.49,14.48,14.49,-0.03,-0.21%,0
"2023-06-14 15:25",14.49,14.49,14.4,14.4,-0.09,-0.62%,0
"2023-06-14 15:26",14.36,14.36,14.26,14.26,-0.14,-0.97%,0
"2023-06-14 15:27",14.31,14.35,14.31,14.35,0.09,+0.63%,0
"2023-06-14 15:28",14.37,14.4,14.37,14.4,0.05,+0.35%,0
"2023-06-14 15:29",14.46,14.5,14.46,14.5,0.1,+0.69%,0
"2023-06-14 15:30",14.48,14.54,14.48,14.49,-0.01,-0.07%,0
"2023-06-14 15:31",14.47,14.56,14.47,14.51,0.02,+0.14%,0
"2023-06-14 15:32",14.48,14.48,14.42,14.42,-0.09,-0.62%,0
"2023-06-14 15:33",14.41,14.46,14.41,14.44,0.02,+0.14%,0
"2023-06-14 15:34",14.46,14.47,14.44,14.44,0,0.00%,0
"2023-06-14 15:35",14.43,14.44,14.41,14.41,-0.03,-0.21%,0
"2023-06-14 15:36",14.37,14.41,14.37,14.41,0,0.00%,0
"2023-06-14 15:37",14.41,14.45,14.41,14.44,0.03,+0.21%,0
"2023-06-14 15:38",14.42,14.43,14.4,14.4,-0.04,-0.28%,0
"2023-06-14 15:39",14.36,14.39,14.29,14.29,-0.11,-0.76%,0
"2023-06-14 15:40",14.29,14.33,14.29,14.32,0.03,+0.21%,0
"2023-06-14 15:41",14.31,14.32,14.28,14.28,-0.04,-0.28%,0
"2023-06-14 15:42",14.3,14.3,14.25,14.25,-0.03,-0.21%,0
"2023-06-14 15:43",14.26,14.26,14.16,14.16,-0.09,-0.63%,0
"2023-06-14 15:44",14.17,14.2,14.17,14.17,0.01,+0.07%,0
"2023-06-14 15:45",14.18,14.19,14.17,14.17,0,0.00%,0
"2023-06-14 15:46",14.21,14.23,14.21,14.21,0.04,+0.28%,0
"2023-06-14 15:47",14.27,14.36,14.27,14.36,0.15,+1.06%,0
"2023-06-14 15:48",14.37,14.37,14.24,14.25,-0.11,-0.77%,0
"2023-06-14 15:49",14.24,14.29,14.23,14.23,-0.02,-0.14%,0
"2023-06-14 15:50",14.15,14.2,14.09,14.2,-0.03,-0.21%,0
"2023-06-14 15:51",14.16,14.17,14.15,14.16,-0.04,-0.28%,0
"2023-06-14 15:52",14.25,14.29,14.2,14.2,0.04,+0.28%,0
"2023-06-14 15:53",14.18,14.33,14.18,14.33,0.13,+0.92%,0
"2023-06-14 15:54",14.31,14.41,14.31,14.41,0.08,+0.56%,0
"2023-06-14 15:55",14.43,14.43,14.21,14.21,-0.2,-1.39%,0
"2023-06-14 15:56",14.2,14.2,14.17,14.18,-0.03,-0.21%,0
"2023-06-14 15:57",14.15,14.17,14.07,14.07,-0.11,-0.78%,0
"2023-06-14 15:58",14.08,14.08,14.04,14.04,-0.03,-0.21%,0
"2023-06-14 15:59",14.07,14.07,14,14,-0.04,-0.28%,0
"2023-06-14 16:00",13.96,13.99,13.94,13.95,-0.05,-0.36%,0
"2023-06-14 16:01",13.87,13.93,13.87,13.93,-0.02,-0.14%,0
"2023-06-14 16:02",13.9,13.92,13.85,13.85,-0.08,-0.57%,0
"2023-06-14 16:03",13.86,13.86,13.85,13.85,0,0.00%,0
"2023-06-14 16:04",13.85,13.85,13.74,13.74,-0.11,-0.79%,0
"2023-06-14 16:05",13.71,13.75,13.71,13.74,0,0.00%,0
"2023-06-14 16:06",13.75,13.77,13.74,13.75,0.01,+0.07%,0
"2023-06-14 16:07",13.74,13.74,13.7,13.7,-0.05,-0.36%,0
"2023-06-14 16:08",13.68,13.74,13.68,13.74,0.04,+0.29%,0
"2023-06-14 16:09",13.69,13.75,13.69,13.75,0.01,+0.07%,0
"2023-06-14 16:10",13.72,13.78,13.72,13.78,0.03,+0.22%,0
"2023-06-14 16:11",13.79,13.84,13.79,13.84,0.06,+0.44%,0
"2023-06-14 16:12",13.92,13.98,13.92,13.97,0.13,+0.94%,0
"2023-06-14 16:13",13.94,13.94,13.87,13.88,-0.09,-0.64%,0
"2023-06-14 16:14",13.89,13.98,13.89,13.98,0.1,+0.72%,0
"2023-06-14 16:15",13.98,13.98,13.98,13.98,0,0.00%,0
"2023-06-15 09:31",11.08,11.08,11.05,11.05,-2.93,-20.96%,0
"2023-06-15 09:32",11.05,11.05,10.81,10.81,-0.24,-2.17%,0
"2023-06-15 09:33",10.73,10.73,10.61,10.61,-0.2,-1.85%,0
"2023-06-15 09:34",10.59,10.59,10.48,10.48,-0.13,-1.23%,0
"2023-06-15 09:35",10.51,10.51,10.45,10.45,-0.03,-0.29%,0
"2023-06-15 09:36",10.42,10.44,10.42,10.43,-0.02,-0.19%,0
"2023-06-15 09:37",10.39,10.44,10.38,10.38,-0.05,-0.48%,0
"2023-06-15 09:38",10.25,10.3,10.24,10.24,-0.14,-1.35%,0
"2023-06-15 09:39",10.26,10.26,10.19,10.25,0.01,+0.10%,0
"2023-06-15 09:40",10.2,10.21,10.15,10.15,-0.1,-0.98%,0
"2023-06-15 09:41",10.21,10.21,10.12,10.12,-0.03,-0.30%,0
"2023-06-15 09:42",10.12,10.15,10.12,10.12,0,0.00%,0
"2023-06-15 09:43",10.13,10.17,10.1,10.1,-0.02,-0.20%,0
"2023-06-15 09:44",10.1,10.11,10.1,10.1,0,0.00%,0
"2023-06-15 09:45",10.08,10.09,10.08,10.09,-0.01,-0.10%,0
"2023-06-15 09:46",10.06,10.1,10.06,10.06,-0.03,-0.30%,0
"2023-06-15 09:47",9.98,9.99,9.94,9.94,-0.12,-1.19%,0
"2023-06-15 09:48",9.91,9.94,9.82,9.89,-0.05,-0.50%,0
"2023-06-15 09:49",9.93,9.93,9.89,9.89,0,0.00%,0
"2023-06-15 09:50",9.9,9.93,9.86,9.93,0.04,+0.40%,0
"2023-06-15 09:51",9.89,9.89,9.84,9.86,-0.07,-0.70%,0
"2023-06-15 09:52",9.85,9.97,9.85,9.9,0.04,+0.41%,0
"2023-06-15 09:53",9.89,9.97,9.89,9.96,0.06,+0.61%,0
"2023-06-15 09:54",9.94,10.1,9.94,10.1,0.14,+1.41%,0
"2023-06-15 09:55",10.07,10.1,10.06,10.1,0,0.00%,0
"2023-06-15 09:56",10.1,10.12,10.08,10.08,-0.02,-0.20%,0
"2023-06-15 09:57",10.06,10.15,10.06,10.14,0.06,+0.60%,0
"2023-06-15 09:58",10.1,10.17,10.1,10.16,0.02,+0.20%,0
"2023-06-15 09:59",10.12,10.26,10.12,10.26,0.1,+0.98%,0
"2023-06-15 10:00",10.24,10.4,10.24,10.35,0.09,+0.88%,0
"2023-06-15 10:01",10.37,10.44,10.37,10.38,0.03,+0.29%,0
"2023-06-15 10:02",10.42,10.52,10.35,10.52,0.14,+1.35%,0
"2023-06-15 10:03",10.53,10.57,10.53,10.57,0.05,+0.48%,0
"2023-06-15 10:04",10.59,10.64,10.59,10.64,0.07,+0.66%,0
"2023-06-15 10:05",10.62,10.67,10.62,10.62,-0.02,-0.19%,0
"2023-06-15 10:06",10.62,10.65,10.61,10.62,0,0.00%,0
"2023-06-15 10:07",10.64,10.75,10.64,10.71,0.09,+0.85%,0
"2023-06-15 10:08",10.73,10.78,10.73,10.73,0.02,+0.19%,0
"2023-06-15 10:09",10.86,10.93,10.83,10.84,0.11,+1.03%,0
"2023-06-15 10:10",10.84,10.91,10.81,10.91,0.07,+0.65%,0
"2023-06-15 10:11",10.88,10.88,10.82,10.83,-0.08,-0.73%,0
"2023-06-15 10:12",10.79,10.8,10.72,10.72,-0.11,-1.02%,0
"2023-06-15 10:13",10.74,10.74,10.66,10.7,-0.02,-0.19%,0
"2023-06-15 10:14",10.69,10.71,10.69,10.71,0.01,+0.09%,0
"2023-06-15 10:15",10.7,10.7,10.7,10.7,-0.01,-0.09%,0
"2023-06-15 10:16",10.73,10.78,10.73,10.78,0.08,+0.75%,0
"2023-06-15 10:17",10.77,10.8,10.77,10.8,0.02,+0.19%,0
"2023-06-15 10:18",10.76,10.76,10.72,10.74,-0.06,-0.56%,0
"2023-06-15 10:19",10.75,10.75,10.68,10.68,-0.06,-0.56%,0
"2023-06-15 10:20",10.69,10.7,10.68,10.68,0,0.00%,0
"2023-06-15 10:21",10.67,10.75,10.67,10.75,0.07,+0.66%,0
"2023-06-15 10:22",10.73,10.76,10.73,10.76,0.01,+0.09%,0
"2023-06-15 10:23",10.79,10.79,10.77,10.78,0.02,+0.19%,0
"2023-06-15 10:24",10.79,10.82,10.79,10.82,0.04,+0.37%,0
"2023-06-15 10:25",10.8,10.88,10.8,10.88,0.06,+0.55%,0
"2023-06-15 10:26",10.85,10.88,10.85,10.87,-0.01,-0.09%,0
"2023-06-15 10:27",10.84,10.87,10.84,10.85,-0.02,-0.18%,0
"2023-06-15 10:28",10.87,10.87,10.82,10.82,-0.03,-0.28%,0
"2023-06-15 10:29",10.86,10.86,10.8,10.8,-0.02,-0.18%,0
"2023-06-15 10:30",10.82,10.85,10.82,10.83,0.03,+0.28%,0
"2023-06-15 10:31",10.81,10.82,10.8,10.81,-0.02,-0.18%,0
"2023-06-15 10:32",10.76,10.77,10.7,10.7,-0.11,-1.02%,0
"2023-06-15 10:33",10.67,10.67,10.66,10.67,-0.03,-0.28%,0
"2023-06-15 10:34",10.69,10.69,10.58,10.58,-0.09,-0.84%,0
"2023-06-15 10:35",10.52,10.6,10.52,10.59,0.01,+0.09%,0
"2023-06-15 10:36",10.58,10.58,10.57,10.58,-0.01,-0.09%,0
"2023-06-15 10:37",10.58,10.61,10.58,10.61,0.03,+0.28%,0
"2023-06-15 10:38",10.6,10.6,10.57,10.57,-0.04,-0.38%,0
"2023-06-15 10:39",10.57,10.58,10.56,10.58,0.01,+0.09%,0
"2023-06-15 10:40",10.56,10.59,10.55,10.56,-0.02,-0.19%,0
"2023-06-15 10:41",10.57,10.59,10.57,10.59,0.03,+0.28%,0
"2023-06-15 10:42",10.56,10.62,10.56,10.59,0,0.00%,0
"2023-06-15 10:43",10.58,10.63,10.58,10.63,0.04,+0.38%,0
"2023-06-15 10:44",10.57,10.58,10.55,10.56,-0.07,-0.66%,0
"2023-06-15 10:45",10.55,10.56,10.52,10.52,-0.04,-0.38%,0
"2023-06-15 10:46",10.5,10.51,10.48,10.5,-0.02,-0.19%,0
"2023-06-15 10:47",10.48,10.5,10.48,10.5,0,0.00%,0
"2023-06-15 10:48",10.49,10.5,10.44,10.44,-0.06,-0.57%,0
"2023-06-15 10:49",10.41,10.61,10.41,10.6,0.16,+1.53%,0
"2023-06-15 10:50",10.56,10.68,10.56,10.68,0.08,+0.75%,0
"2023-06-15 10:51",10.67,10.72,10.67,10.72,0.04,+0.37%,0
"2023-06-15 10:52",10.72,10.72,10.69,10.71,-0.01,-0.09%,0
"2023-06-15 10:53",10.68,10.71,10.68,10.69,-0.02,-0.19%,0
"2023-06-15 10:54",10.69,10.71,10.69,10.69,0,0.00%,0
"2023-06-15 10:55",10.67,10.73,10.67,10.72,0.03,+0.28%,0
"2023-06-15 10:56",10.7,10.72,10.7,10.71,-0.01,-0.09%,0
"2023-06-15 10:57",10.68,10.69,10.67,10.67,-0.04,-0.37%,0
"2023-06-15 10:58",10.68,10.72,10.68,10.72,0.05,+0.47%,0
"2023-06-15 10:59",10.71,10.71,10.71,10.71,-0.01,-0.09%,0
"2023-06-15 11:00",10.7,10.71,10.68,10.7,-0.01,-0.09%,0
"2023-06-15 11:01",10.7,10.72,10.7,10.71,0.01,+0.09%,0
"2023-06-15 11:02",10.72,10.75,10.72,10.73,0.02,+0.19%,0
"2023-06-15 11:03",10.74,10.8,10.74,10.78,0.05,+0.47%,0
"2023-06-15 11:04",10.79,10.82,10.78,10.78,0,0.00%,0
"2023-06-15 11:05",10.8,10.84,10.8,10.83,0.05,+0.46%,0
"2023-06-15 11:06",10.79,10.85,10.79,10.85,0.02,+0.18%,0
"2023-06-15 11:07",10.88,10.89,10.88,10.89,0.04,+0.37%,0
"2023-06-15 11:08",10.92,10.94,10.91,10.91,0.02,+0.18%,0
"2023-06-15 11:09",10.92,10.99,10.92,10.97,0.06,+0.55%,0
"2023-06-15 11:10",10.94,11.04,10.94,11.03,0.06,+0.55%,0
"2023-06-15 11:11",11.01,11.09,11.01,11.09,0.06,+0.54%,0
"2023-06-15 11:12",11.1,11.13,11.1,11.12,0.03,+0.27%,0
"2023-06-15 11:13",11.08,11.25,11.08,11.25,0.13,+1.17%,0
"2023-06-15 11:14",11.27,11.27,11.21,11.22,-0.03,-0.27%,0
"2023-06-15 11:15",11.21,11.32,11.21,11.32,0.1,+0.89%,0
"2023-06-15 11:16",11.36,11.41,11.36,11.41,0.09,+0.80%,0
"2023-06-15 11:17",11.42,11.47,11.42,11.43,0.02,+0.18%,0
"2023-06-15 11:18",11.4,11.4,11.33,11.35,-0.08,-0.70%,0
"2023-06-15 11:19",11.35,11.41,11.35,11.35,0,0.00%,0
"2023-06-15 11:20",11.36,11.41,11.36,11.4,0.05,+0.44%,0
"2023-06-15 11:21",11.4,11.43,11.4,11.43,0.03,+0.26%,0
"2023-06-15 11:22",11.42,11.45,11.42,11.43,0,0.00%,0
"2023-06-15 11:23",11.38,11.44,11.38,11.43,0,0.00%,0
"2023-06-15 11:24",11.42,11.46,11.42,11.44,0.01,+0.09%,0
"2023-06-15 11:25",11.43,11.44,11.43,11.44,0,0.00%,0
"2023-06-15 11:26",11.44,11.49,11.44,11.46,0.02,+0.17%,0
"2023-06-15 11:27",11.43,11.49,11.43,11.49,0.03,+0.26%,0
"2023-06-15 11:28",11.46,11.47,11.45,11.47,-0.02,-0.17%,0
"2023-06-15 11:29",11.44,11.47,11.43,11.43,-0.04,-0.35%,0
"2023-06-15 11:30",11.5,11.5,11.43,11.43,0,0.00%,0
"2023-06-15 11:31",11.44,11.47,11.44,11.45,0.02,+0.17%,0
"2023-06-15 11:32",11.43,11.47,11.43,11.46,0.01,+0.09%,0
"2023-06-15 11:33",11.45,11.49,11.45,11.48,0.02,+0.17%,0
"2023-06-15 11:34",11.47,11.47,11.46,11.47,-0.01,-0.09%,0
"2023-06-15 11:35",11.5,11.55,11.5,11.55,0.08,+0.70%,0
"2023-06-15 11:36",11.57,11.63,11.57,11.63,0.08,+0.69%,0
"2023-06-15 11:37",11.7,11.8,11.7,11.77,0.14,+1.20%,0
"2023-06-15 11:38",11.73,11.73,11.67,11.69,-0.08,-0.68%,0
"2023-06-15 11:39",11.75,11.77,11.75,11.77,0.08,+0.68%,0
"2023-06-15 11:40",11.77,11.81,11.77,11.81,0.04,+0.34%,0
"2023-06-15 11:41",11.8,11.88,11.8,11.85,0.04,+0.34%,0
"2023-06-15 11:42",11.86,11.88,11.86,11.88,0.03,+0.25%,0
"2023-06-15 11:43",11.9,11.94,11.9,11.9,0.02,+0.17%,0
"2023-06-15 11:44",11.89,11.92,11.89,11.9,0,0.00%,0
"2023-06-15 11:45",11.9,11.9,11.88,11.9,0,0.00%,0
"2023-06-15 11:46",11.86,11.9,11.86,11.9,0,0.00%,0
"2023-06-15 11:47",11.9,11.93,11.82,11.82,-0.08,-0.67%,0
"2023-06-15 11:48",11.76,11.95,11.76,11.8,-0.02,-0.17%,0
"2023-06-15 11:49",11.79,11.84,11.79,11.84,0.04,+0.34%,0
"2023-06-15 11:50",11.84,11.9,11.84,11.88,0.04,+0.34%,0
"2023-06-15 11:51",11.92,11.98,11.9,11.98,0.1,+0.84%,0
"2023-06-15 11:52",11.97,12.04,11.97,12.04,0.06,+0.50%,0
"2023-06-15 11:53",12.01,12.08,12.01,12.06,0.02,+0.17%,0
"2023-06-15 11:54",12.08,12.12,12.08,12.08,0.02,+0.17%,0
"2023-06-15 11:55",12.13,12.14,12.1,12.14,0.06,+0.50%,0
"2023-06-15 11:56",12.14,12.17,12.14,12.17,0.03,+0.25%,0
"2023-06-15 11:57",12.18,12.21,12.17,12.17,0,0.00%,0
"2023-06-15 11:58",12.19,12.22,12.19,12.22,0.05,+0.41%,0
"2023-06-15 11:59",12.21,12.23,12.21,12.23,0.01,+0.08%,0
"2023-06-15 12:00",12.21,12.26,12.21,12.26,0.03,+0.25%,0
"2023-06-15 12:01",12.22,12.26,12.22,12.25,-0.01,-0.08%,0
"2023-06-15 12:02",12.23,12.28,12.23,12.25,0,0.00%,0
"2023-06-15 12:03",12.24,12.27,12.24,12.27,0.02,+0.16%,0
"2023-06-15 12:04",12.23,12.27,12.23,12.26,-0.01,-0.08%,0
"2023-06-15 12:05",12.23,12.28,12.23,12.25,-0.01,-0.08%,0
"2023-06-15 12:06",12.23,12.27,12.23,12.24,-0.01,-0.08%,0
"2023-06-15 12:07",12.24,12.25,12.22,12.22,-0.02,-0.16%,0
"2023-06-15 12:08",12.18,12.22,12.18,12.21,-0.01,-0.08%,0
"2023-06-15 12:09",12.2,12.21,12.19,12.19,-0.02,-0.16%,0
"2023-06-15 12:10",12.2,12.21,12.19,12.19,0,0.00%,0
"2023-06-15 12:11",12.16,12.18,12.16,12.17,-0.02,-0.16%,0
"2023-06-15 12:12",12.15,12.15,12.14,12.15,-0.02,-0.16%,0
"2023-06-15 12:13",12.14,12.15,12.14,12.14,-0.01,-0.08%,0
"2023-06-15 12:14",12.1,12.14,12.1,12.12,-0.02,-0.16%,0
"2023-06-15 12:15",12.16,12.16,12.14,12.14,0.02,+0.17%,0
"2023-06-15 12:16",12.14,12.17,12.14,12.16,0.02,+0.16%,0
"2023-06-15 12:17",12.15,12.19,12.15,12.16,0,0.00%,0
"2023-06-15 12:18",12.14,12.19,12.14,12.16,0,0.00%,0
"2023-06-15 12:19",12.15,12.2,12.15,12.2,0.04,+0.33%,0
"2023-06-15 12:20",12.2,12.28,12.2,12.28,0.08,+0.66%,0
"2023-06-15 12:21",12.27,12.32,12.27,12.32,0.04,+0.33%,0
"2023-06-15 12:22",12.33,12.36,12.32,12.32,0,0.00%,0
"2023-06-15 12:23",12.32,12.35,12.32,12.35,0.03,+0.24%,0
"2023-06-15 12:24",12.33,12.34,12.32,12.34,-0.01,-0.08%,0
"2023-06-15 12:25",12.32,12.34,12.32,12.34,0,0.00%,0
"2023-06-15 12:26",12.35,12.42,12.35,12.42,0.08,+0.65%,0
"2023-06-15 12:27",12.41,12.43,12.41,12.43,0.01,+0.08%,0
"2023-06-15 12:28",12.43,12.45,12.43,12.45,0.02,+0.16%,0
"2023-06-15 12:29",12.45,12.45,12.44,12.44,-0.01,-0.08%,0
"2023-06-15 12:30",12.43,12.46,12.43,12.44,0,0.00%,0
"2023-06-15 12:31",12.44,12.45,12.44,12.45,0.01,+0.08%,0
"2023-06-15 12:32",12.44,12.46,12.44,12.46,0.01,+0.08%,0
"2023-06-15 12:33",12.43,12.46,12.39,12.39,-0.07,-0.56%,0
"2023-06-15 12:34",12.35,12.4,12.35,12.4,0.01,+0.08%,0
"2023-06-15 12:35",12.39,12.39,12.38,12.38,-0.02,-0.16%,0
"2023-06-15 12:36",12.39,12.42,12.39,12.41,0.03,+0.24%,0
"2023-06-15 12:37",12.4,12.45,12.4,12.45,0.04,+0.32%,0
"2023-06-15 12:38",12.44,12.47,12.44,12.46,0.01,+0.08%,0
"2023-06-15 12:39",12.47,12.51,12.47,12.51,0.05,+0.40%,0
"2023-06-15 12:40",12.51,12.52,12.48,12.48,-0.03,-0.24%,0
"2023-06-15 12:41",12.5,12.52,12.5,12.5,0.02,+0.16%,0
"2023-06-15 12:42",12.5,12.51,12.49,12.51,0.01,+0.08%,0
"2023-06-15 12:43",12.51,12.52,12.48,12.48,-0.03,-0.24%,0
"2023-06-15 12:44",12.49,12.5,12.46,12.46,-0.02,-0.16%,0
"2023-06-15 12:45",12.47,12.5,12.47,12.5,0.04,+0.32%,0
"2023-06-15 12:46",12.47,12.47,12.47,12.47,-0.03,-0.24%,0
"2023-06-15 12:47",12.47,12.48,12.47,12.47,0,0.00%,0
"2023-06-15 12:48",12.45,12.47,12.45,12.46,-0.01,-0.08%,0
"2023-06-15 12:49",12.46,12.49,12.46,12.47,0.01,+0.08%,0
"2023-06-15 12:50",12.47,12.5,12.47,12.5,0.03,+0.24%,0
"2023-06-15 12:51",12.5,12.51,12.46,12.46,-0.04,-0.32%,0
"2023-06-15 12:52",12.45,12.49,12.45,12.45,-0.01,-0.08%,0
"2023-06-15 12:53",12.45,12.46,12.45,12.45,0,0.00%,0
"2023-06-15 12:54",12.45,12.47,12.45,12.46,0.01,+0.08%,0
"2023-06-15 12:55",12.44,12.46,12.44,12.44,-0.02,-0.16%,0
"2023-06-15 12:56",12.44,12.44,12.43,12.44,0,0.00%,0
"2023-06-15 12:57",12.44,12.46,12.44,12.46,0.02,+0.16%,0
"2023-06-15 12:58",12.46,12.48,12.46,12.47,0.01,+0.08%,0
"2023-06-15 12:59",12.44,12.47,12.44,12.47,0,0.00%,0
"2023-06-15 13:00",12.47,12.49,12.47,12.48,0.01,+0.08%,0
"2023-06-15 13:01",12.48,12.48,12.48,12.48,0,0.00%,0
"2023-06-15 13:02",12.49,12.5,12.49,12.5,0.02,+0.16%,0
"2023-06-15 13:03",12.52,12.52,12.51,12.52,0.02,+0.16%,0
"2023-06-15 13:04",12.5,12.56,12.5,12.54,0.02,+0.16%,0
"2023-06-15 13:05",12.54,12.56,12.54,12.56,0.02,+0.16%,0
"2023-06-15 13:06",12.55,12.58,12.55,12.55,-0.01,-0.08%,0
"2023-06-15 13:07",12.55,12.55,12.53,12.53,-0.02,-0.16%,0
"2023-06-15 13:08",12.52,12.53,12.5,12.52,-0.01,-0.08%,0
"2023-06-15 13:09",12.49,12.51,12.49,12.49,-0.03,-0.24%,0
"2023-06-15 13:10",12.5,12.5,12.47,12.49,0,0.00%,0
"2023-06-15 13:11",12.51,12.54,12.5,12.5,0.01,+0.08%,0
"2023-06-15 13:12",12.5,12.54,12.5,12.52,0.02,+0.16%,0
"2023-06-15 13:13",12.51,12.57,12.51,12.57,0.05,+0.40%,0
"2023-06-15 13:14",12.58,12.63,12.58,12.63,0.06,+0.48%,0
"2023-06-15 13:15",12.62,12.76,12.62,12.76,0.13,+1.03%,0
"2023-06-15 13:16",12.76,12.8,12.76,12.79,0.03,+0.24%,0
"2023-06-15 13:17",12.81,12.85,12.81,12.85,0.06,+0.47%,0
"2023-06-15 13:18",12.87,12.91,12.87,12.9,0.05,+0.39%,0
"2023-06-15 13:19",12.88,12.89,12.87,12.88,-0.02,-0.16%,0
"2023-06-15 13:20",12.89,12.91,12.86,12.86,-0.02,-0.16%,0
"2023-06-15 13:21",12.88,12.89,12.86,12.86,0,0.00%,0
"2023-06-15 13:22",12.86,12.87,12.85,12.86,0,0.00%,0
"2023-06-15 13:23",12.85,12.86,12.85,12.86,0,0.00%,0
"2023-06-15 13:24",12.84,12.88,12.84,12.85,-0.01,-0.08%,0
"2023-06-15 13:25",12.87,12.87,12.85,12.87,0.02,+0.16%,0
"2023-06-15 13:26",12.88,12.92,12.88,12.9,0.03,+0.23%,0
"2023-06-15 13:27",12.91,12.94,12.91,12.94,0.04,+0.31%,0
"2023-06-15 13:28",12.94,12.97,12.94,12.96,0.02,+0.15%,0
"2023-06-15 13:29",12.96,12.98,12.96,12.97,0.01,+0.08%,0
"2023-06-15 13:30",12.98,12.98,12.96,12.97,0,0.00%,0
"2023-06-15 13:31",13,13.01,12.98,13.01,0.04,+0.31%,0
"2023-06-15 13:32",13.02,13.04,13.02,13.02,0.01,+0.08%,0
"2023-06-15 13:33",13.01,13.05,13.01,13.03,0.01,+0.08%,0
"2023-06-15 13:34",13.03,13.08,13.03,13.08,0.05,+0.38%,0
"2023-06-15 13:35",13.07,13.08,13.03,13.03,-0.05,-0.38%,0
"2023-06-15 13:36",13.04,13.04,12.96,12.96,-0.07,-0.54%,0
"2023-06-15 13:37",12.93,12.95,12.9,12.9,-0.06,-0.46%,0
"2023-06-15 13:38",12.91,12.91,12.85,12.86,-0.04,-0.31%,0
"2023-06-15 13:39",12.86,12.88,12.86,12.87,0.01,+0.08%,0
"2023-06-15 13:40",12.87,12.88,12.86,12.86,-0.01,-0.08%,0
"2023-06-15 13:41",12.85,12.87,12.85,12.86,0,0.00%,0
"2023-06-15 13:42",12.86,12.88,12.86,12.86,0,0.00%,0
"2023-06-15 13:43",12.85,12.88,12.85,12.88,0.02,+0.16%,0
"2023-06-15 13:44",12.88,12.92,12.88,12.88,0,0.00%,0
"2023-06-15 13:45",12.87,12.91,12.87,12.91,0.03,+0.23%,0
"2023-06-15 13:46",13,13.07,13,13.03,0.12,+0.93%,0
"2023-06-15 13:47",13.03,13.03,13.02,13.03,0,0.00%,0
"2023-06-15 13:48",13.06,13.08,13.06,13.08,0.05,+0.38%,0
"2023-06-15 13:49",13.07,13.13,13.07,13.13,0.05,+0.38%,0
"2023-06-15 13:50",13.12,13.12,13.07,13.07,-0.06,-0.46%,0
"2023-06-15 13:51",13.07,13.09,13.05,13.08,0.01,+0.08%,0
"2023-06-15 13:52",13.05,13.09,13.05,13.09,0.01,+0.08%,0
"2023-06-15 13:53",13.09,13.09,13.06,13.08,-0.01,-0.08%,0
"2023-06-15 13:54",13.1,13.16,13.1,13.16,0.08,+0.61%,0
"2023-06-15 13:55",13.15,13.25,13.15,13.24,0.08,+0.61%,0
"2023-06-15 13:56",13.23,13.33,13.23,13.26,0.02,+0.15%,0
"2023-06-15 13:57",13.22,13.27,13.22,13.27,0.01,+0.08%,0
"2023-06-15 13:58",13.27,13.34,13.27,13.32,0.05,+0.38%,0
"2023-06-15 13:59",13.35,13.36,13.32,13.32,0,0.00%,0
"2023-06-15 14:00",13.31,13.31,13.2,13.21,-0.11,-0.83%,0
"2023-06-15 14:01",13.23,13.33,13.23,13.33,0.12,+0.91%,0
"2023-06-15 14:02",13.31,13.33,13.29,13.33,0,0.00%,0
"2023-06-15 14:03",13.3,13.32,13.29,13.32,-0.01,-0.08%,0
"2023-06-15 14:04",13.32,13.36,13.32,13.34,0.02,+0.15%,0
"2023-06-15 14:05",13.33,13.37,13.26,13.26,-0.08,-0.60%,0
"2023-06-15 14:06",13.27,13.29,13.24,13.24,-0.02,-0.15%,0
"2023-06-15 14:07",13.23,13.23,13.19,13.19,-0.05,-0.38%,0
"2023-06-15 14:08",13.16,13.17,13.16,13.16,-0.03,-0.23%,0
"2023-06-15 14:09",13.16,13.2,13.16,13.2,0.04,+0.30%,0
"2023-06-15 14:10",13.2,13.23,13.2,13.22,0.02,+0.15%,0
"2023-06-15 14:11",13.19,13.26,13.19,13.26,0.04,+0.30%,0
"2023-06-15 14:12",13.26,13.31,13.26,13.31,0.05,+0.38%,0
"2023-06-15 14:13",13.29,13.3,13.29,13.3,-0.01,-0.08%,0
"2023-06-15 14:14",13.29,13.31,13.29,13.31,0.01,+0.08%,0
"2023-06-15 14:15",13.27,13.34,13.27,13.32,0.01,+0.08%,0
"2023-06-15 14:16",13.31,13.31,13.27,13.27,-0.05,-0.38%,0
"2023-06-15 14:17",13.26,13.28,13.26,13.27,0,0.00%,0
"2023-06-15 14:18",13.25,13.29,13.25,13.29,0.02,+0.15%,0
"2023-06-15 14:19",13.3,13.32,13.3,13.31,0.02,+0.15%,0
"2023-06-15 14:20",13.32,13.35,13.32,13.35,0.04,+0.30%,0
"2023-06-15 14:21",13.34,13.37,13.34,13.36,0.01,+0.07%,0
"2023-06-15 14:22",13.36,13.41,13.36,13.4,0.04,+0.30%,0
"2023-06-15 14:23",13.41,13.43,13.41,13.41,0.01,+0.07%,0
"2023-06-15 14:24",13.43,13.45,13.43,13.43,0.02,+0.15%,0
"2023-06-15 14:25",13.44,13.46,13.44,13.46,0.03,+0.22%,0
"2023-06-15 14:26",13.45,13.47,13.45,13.45,-0.01,-0.07%,0
"2023-06-15 14:27",13.45,13.48,13.45,13.47,0.02,+0.15%,0
"2023-06-15 14:28",13.46,13.57,13.46,13.57,0.1,+0.74%,0
"2023-06-15 14:29",13.58,13.67,13.58,13.66,0.09,+0.66%,0
"2023-06-15 14:30",13.66,13.72,13.66,13.72,0.06,+0.44%,0
"2023-06-15 14:31",13.72,13.74,13.71,13.74,0.02,+0.15%,0
"2023-06-15 14:32",13.77,13.84,13.77,13.83,0.09,+0.66%,0
"2023-06-15 14:33",13.85,13.85,13.8,13.81,-0.02,-0.14%,0
"2023-06-15 14:34",13.85,13.89,13.85,13.88,0.07,+0.51%,0
"2023-06-15 14:35",13.9,13.99,13.9,13.99,0.11,+0.79%,0
"2023-06-15 14:36",13.96,14,13.96,13.99,0,0.00%,0
"2023-06-15 14:37",13.99,14.02,13.99,14.01,0.02,+0.14%,0
"2023-06-15 14:38",14.14,14.19,14.14,14.18,0.17,+1.21%,0
"2023-06-15 14:39",14.17,14.21,14.17,14.2,0.02,+0.14%,0
"2023-06-15 14:40",14.18,14.3,14.18,14.3,0.1,+0.70%,0
"2023-06-15 14:41",14.3,14.32,14.29,14.32,0.02,+0.14%,0
"2023-06-15 14:42",14.32,14.36,14.32,14.36,0.04,+0.28%,0
"2023-06-15 14:43",14.34,14.49,14.34,14.49,0.13,+0.91%,0
"2023-06-15 14:44",14.49,14.66,14.49,14.66,0.17,+1.17%,0
"2023-06-15 14:45",14.66,14.68,14.65,14.68,0.02,+0.14%,0
"2023-06-15 14:46",14.74,14.76,14.72,14.72,0.04,+0.27%,0
"2023-06-15 14:47",14.54,14.59,14.54,14.59,-0.13,-0.88%,0
"2023-06-15 14:48",14.59,14.64,14.59,14.64,0.05,+0.34%,0
"2023-06-15 14:49",14.63,14.73,14.63,14.73,0.09,+0.61%,0
"2023-06-15 14:50",14.71,14.81,14.71,14.78,0.05,+0.34%,0
"2023-06-15 14:51",14.81,14.89,14.81,14.89,0.11,+0.74%,0
"2023-06-15 14:52",14.91,15.11,14.91,15,0.11,+0.74%,0
"2023-06-15 14:53",14.99,15,14.99,14.99,-0.01,-0.07%,0
"2023-06-15 14:54",15.01,15.11,15.01,15.11,0.12,+0.80%,0
"2023-06-15 14:55",15.18,15.26,15.18,15.22,0.11,+0.73%,0
"2023-06-15 14:56",15.21,15.27,15.21,15.27,0.05,+0.33%,0
"2023-06-15 14:57",15.32,15.44,15.32,15.44,0.17,+1.11%,0
"2023-06-15 14:58",15.45,15.77,15.45,15.77,0.33,+2.14%,0
"2023-06-15 14:59",15.78,15.85,15.78,15.8,0.03,+0.19%,0
"2023-06-15 15:00",15.81,15.88,15.81,15.85,0.05,+0.32%,0
"2023-06-15 15:01",15.85,15.85,15.64,15.64,-0.21,-1.32%,0
"2023-06-15 15:02",15.63,15.65,15.63,15.65,0.01,+0.06%,0
"2023-06-15 15:03",15.64,15.68,15.64,15.68,0.03,+0.19%,0
"2023-06-15 15:04",15.67,15.74,15.67,15.67,-0.01,-0.06%,0
"2023-06-15 15:05",15.61,15.62,15.61,15.62,-0.05,-0.32%,0
"2023-06-15 15:06",15.71,15.72,15.69,15.69,0.07,+0.45%,0
"2023-06-15 15:07",15.71,15.75,15.67,15.67,-0.02,-0.13%,0
"2023-06-15 15:08",15.65,15.7,15.65,15.7,0.03,+0.19%,0
"2023-06-15 15:09",15.73,15.79,15.73,15.74,0.04,+0.25%,0
"2023-06-15 15:10",15.76,15.86,15.76,15.86,0.12,+0.76%,0
"2023-06-15 15:11",15.89,15.93,15.87,15.87,0.01,+0.06%,0
"2023-06-15 15:12",15.89,15.91,15.86,15.88,0.01,+0.06%,0
"2023-06-15 15:13",15.87,15.92,15.87,15.92,0.04,+0.25%,0
"2023-06-15 15:14",15.97,16.09,15.97,16.09,0.17,+1.07%,0
"2023-06-15 15:15",16.1,16.21,16.1,16.21,0.12,+0.75%,0
"2023-06-15 15:16",16.22,16.22,16.12,16.13,-0.08,-0.49%,0
"2023-06-15 15:17",16.13,16.13,16.05,16.06,-0.07,-0.43%,0
"2023-06-15 15:18",16.03,16.03,15.98,16,-0.06,-0.37%,0
"2023-06-15 15:19",16.01,16.01,15.98,16.01,0.01,+0.06%,0
"2023-06-15 15:20",16.01,16.04,16.01,16.03,0.02,+0.12%,0
"2023-06-15 15:21",16.01,16.06,16.01,16.04,0.01,+0.06%,0
"2023-06-15 15:22",16.02,16.05,16.02,16.05,0.01,+0.06%,0
"2023-06-15 15:23",16.09,16.11,16.08,16.08,0.03,+0.19%,0
"2023-06-15 15:24",16.05,16.05,16.03,16.03,-0.05,-0.31%,0
"2023-06-15 15:25",16.05,16.05,16.03,16.03,0,0.00%,0
"2023-06-15 15:26",16.01,16.02,15.96,15.96,-0.07,-0.44%,0
"2023-06-15 15:27",15.99,16.05,15.99,15.99,0.03,+0.19%,0
"2023-06-15 15:28",16,16.06,16,16.06,0.07,+0.44%,0
"2023-06-15 15:29",16.03,16.03,16.01,16.02,-0.04,-0.25%,0
"2023-06-15 15:30",16,16.04,16,16,-0.02,-0.12%,0
"2023-06-15 15:31",16.01,16.13,16.01,16.13,0.13,+0.81%,0
"2023-06-15 15:32",16.15,16.22,16.15,16.22,0.09,+0.56%,0
"2023-06-15 15:33",16.23,16.26,16.23,16.23,0.01,+0.06%,0
"2023-06-15 15:34",16.2,16.23,16.2,16.23,0,0.00%,0
"2023-06-15 15:35",16.23,16.26,16.23,16.23,0,0.00%,0
"2023-06-15 15:36",16.24,16.25,16.2,16.22,-0.01,-0.06%,0
"2023-06-15 15:37",16.18,16.25,16.18,16.25,0.03,+0.18%,0
"2023-06-15 15:38",16.24,16.24,16.19,16.19,-0.06,-0.37%,0
"2023-06-15 15:39",16.21,16.21,16.14,16.14,-0.05,-0.31%,0
"2023-06-15 15:40",16.15,16.18,16.15,16.17,0.03,+0.19%,0
"2023-06-15 15:41",16.17,16.19,16.17,16.18,0.01,+0.06%,0
"2023-06-15 15:42",16.18,16.2,16.16,16.2,0.02,+0.12%,0
"2023-06-15 15:43",16.18,16.2,16.16,16.16,-0.04,-0.25%,0
"2023-06-15 15:44",16.21,16.27,16.21,16.25,0.09,+0.56%,0
"2023-06-15 15:45",16.21,16.29,16.21,16.27,0.02,+0.12%,0
"2023-06-15 15:46",16.21,16.24,16.19,16.19,-0.08,-0.49%,0
"2023-06-15 15:47",16.19,16.21,16.19,16.21,0.02,+0.12%,0
"2023-06-15 15:48",16.18,16.2,16.17,16.17,-0.04,-0.25%,0
"2023-06-15 15:49",16.19,16.23,16.17,16.17,0,0.00%,0
"2023-06-15 15:50",16.1,16.12,16.05,16.08,-0.09,-0.56%,0
"2023-06-15 15:51",16.02,16.02,15.99,15.99,-0.09,-0.56%,0
"2023-06-15 15:52",16.01,16.05,16.01,16.05,0.06,+0.38%,0
"2023-06-15 15:53",16.01,16.08,16.01,16.08,0.03,+0.19%,0
"2023-06-15 15:54",16.07,16.07,15.93,15.93,-0.15,-0.93%,0
"2023-06-15 15:55",16.01,16.1,15.89,15.89,-0.04,-0.25%,0
"2023-06-15 15:56",15.95,15.95,15.79,15.79,-0.1,-0.63%,0
"2023-06-15 15:57",15.76,15.76,15.53,15.54,-0.25,-1.58%,0
"2023-06-15 15:58",15.5,15.5,15.25,15.32,-0.22,-1.42%,0
"2023-06-15 15:59",15.33,15.36,15.31,15.31,-0.01,-0.07%,0
"2023-06-15 16:00",15.23,15.23,15.01,15.14,-0.17,-1.11%,0
"2023-06-15 16:01",15.17,15.23,15.17,15.21,0.07,+0.46%,0
"2023-06-15 16:02",15.24,15.24,15.11,15.11,-0.1,-0.66%,0
"2023-06-15 16:03",15.05,15.15,15.05,15.15,0.04,+0.26%,0
"2023-06-15 16:04",15.21,15.21,15.13,15.13,-0.02,-0.13%,0
"2023-06-15 16:05",15.19,15.22,15.17,15.17,0.04,+0.26%,0
"2023-06-15 16:06",15.17,15.17,15.12,15.12,-0.05,-0.33%,0
"2023-06-15 16:07",15.12,15.12,15.11,15.11,-0.01,-0.07%,0
"2023-06-15 16:08",15.11,15.11,15.02,15.04,-0.07,-0.46%,0
"2023-06-15 16:09",15,15.02,14.95,14.95,-0.09,-0.60%,0
"2023-06-15 16:10",14.98,15.01,14.98,15.01,0.06,+0.40%,0
"2023-06-15 16:11",15.03,15.05,15.03,15.04,0.03,+0.20%,0
"2023-06-15 16:12",15.01,15.01,14.96,14.97,-0.07,-0.47%,0
"2023-06-15 16:13",14.98,14.99,14.95,14.95,-0.02,-0.13%,0
"2023-06-15 16:14",14.94,14.96,14.82,14.93,-0.02,-0.13%,0
"2023-06-15 16:15",15,15,15,15,0.07,+0.47%,0
"2023-06-16 09:31",12.12,12.12,11.98,12.04,-2.96,-19.73%,0
"2023-06-16 09:32",12.1,12.1,12.02,12.02,-0.02,-0.17%,0
"2023-06-16 09:33",11.98,11.98,11.89,11.89,-0.13,-1.08%,0
"2023-06-16 09:34",11.89,11.89,11.65,11.65,-0.24,-2.02%,0
"2023-06-16 09:35",11.63,11.69,11.61,11.69,0.04,+0.34%,0
"2023-06-16 09:36",11.67,11.67,11.58,11.66,-0.03,-0.26%,0
"2023-06-16 09:37",11.67,11.72,11.65,11.71,0.05,+0.43%,0
"2023-06-16 09:38",11.88,11.88,11.69,11.74,0.03,+0.26%,0
"2023-06-16 09:39",11.79,11.88,11.79,11.88,0.14,+1.19%,0
"2023-06-16 09:40",11.88,11.99,11.88,11.99,0.11,+0.93%,0
"2023-06-16 09:41",12.07,12.1,12.01,12.01,0.02,+0.17%,0
"2023-06-16 09:42",11.94,11.96,11.94,11.96,-0.05,-0.42%,0
"2023-06-16 09:43",11.99,12.39,11.99,12.39,0.43,+3.60%,0
"2023-06-16 09:44",12.2,12.2,12.14,12.16,-0.23,-1.86%,0
"2023-06-16 09:45",12.2,12.47,12.2,12.47,0.31,+2.55%,0
"2023-06-16 09:46",12.53,12.53,12.4,12.5,0.03,+0.24%,0
"2023-06-16 09:47",12.44,12.59,12.44,12.51,0.01,+0.08%,0
"2023-06-16 09:48",12.52,12.52,12.28,12.28,-0.23,-1.84%,0
"2023-06-16 09:49",12.24,12.27,12.24,12.26,-0.02,-0.16%,0
"2023-06-16 09:50",12.28,12.28,12.22,12.22,-0.04,-0.33%,0
"2023-06-16 09:51",12.26,12.26,12.21,12.24,0.02,+0.16%,0
"2023-06-16 09:52",12.2,12.26,12.2,12.22,-0.02,-0.16%,0
"2023-06-16 09:53",12.2,12.29,12.2,12.27,0.05,+0.41%,0
"2023-06-16 09:54",12.26,12.32,12.26,12.32,0.05,+0.41%,0
"2023-06-16 09:55",12.3,12.35,12.28,12.28,-0.04,-0.32%,0
"2023-06-16 09:56",12.24,12.26,12.22,12.22,-0.06,-0.49%,0
"2023-06-16 09:57",12.19,12.22,12.19,12.22,0,0.00%,0
"2023-06-16 09:58",12.2,12.26,12.2,12.24,0.02,+0.16%,0
"2023-06-16 09:59",12.21,12.21,12.2,12.2,-0.04,-0.33%,0
"2023-06-16 10:00",12.2,12.2,11.87,11.87,-0.33,-2.70%,0
"2023-06-16 10:01",11.98,12.02,11.98,11.99,0.12,+1.01%,0
"2023-06-16 10:02",11.93,11.93,11.83,11.83,-0.16,-1.33%,0
"2023-06-16 10:03",11.83,11.84,11.77,11.77,-0.06,-0.51%,0
"2023-06-16 10:04",11.74,11.82,11.74,11.76,-0.01,-0.08%,0
"2023-06-16 10:05",11.78,11.78,11.74,11.77,0.01,+0.09%,0
"2023-06-16 10:06",11.76,11.79,11.73,11.73,-0.04,-0.34%,0
"2023-06-16 10:07",11.73,11.76,11.73,11.76,0.03,+0.26%,0
"2023-06-16 10:08",11.75,11.76,11.73,11.73,-0.03,-0.26%,0
"2023-06-16 10:09",11.76,11.79,11.73,11.73,0,0.00%,0
"2023-06-16 10:10",11.72,11.74,11.68,11.68,-0.05,-0.43%,0
"2023-06-16 10:11",11.66,11.71,11.66,11.71,0.03,+0.26%,0
"2023-06-16 10:12",11.7,11.7,11.61,11.61,-0.1,-0.85%,0
"2023-06-16 10:13",11.57,11.58,11.44,11.58,-0.03,-0.26%,0
"2023-06-16 10:14",11.64,11.65,11.62,11.64,0.06,+0.52%,0
"2023-06-16 10:15",11.63,11.66,11.62,11.66,0.02,+0.17%,0
"2023-06-16 10:16",11.63,11.64,11.61,11.61,-0.05,-0.43%,0
"2023-06-16 10:17",11.63,11.63,11.61,11.61,0,0.00%,0
"2023-06-16 10:18",11.61,11.61,11.55,11.55,-0.06,-0.52%,0
"2023-06-16 10:19",11.57,11.58,11.53,11.53,-0.02,-0.17%,0
"2023-06-16 10:20",11.52,11.52,11.48,11.52,-0.01,-0.09%,0
"2023-06-16 10:21",11.5,11.52,11.46,11.46,-0.06,-0.52%,0
"2023-06-16 10:22",11.4,11.44,11.4,11.44,-0.02,-0.17%,0
"2023-06-16 10:23",11.43,11.43,11.36,11.36,-0.08,-0.70%,0
"2023-06-16 10:24",11.35,11.39,11.35,11.35,-0.01,-0.09%,0
"2023-06-16 10:25",11.34,11.38,11.34,11.36,0.01,+0.09%,0
"2023-06-16 10:26",11.37,11.37,11.22,11.22,-0.14,-1.23%,0
"2023-06-16 10:27",11.19,11.22,11.19,11.22,0,0.00%,0
"2023-06-16 10:28",11.21,11.23,11.18,11.18,-0.04,-0.36%,0
"2023-06-16 10:29",11.15,11.15,11.04,11.04,-0.14,-1.25%,0
"2023-06-16 10:30",11,11,10.85,10.85,-0.19,-1.72%,0
"2023-06-16 10:31",10.87,10.92,10.87,10.9,0.05,+0.46%,0
"2023-06-16 10:32",10.92,10.94,10.87,10.87,-0.03,-0.28%,0
"2023-06-16 10:33",10.87,10.97,10.87,10.97,0.1,+0.92%,0
"2023-06-16 10:34",10.93,10.93,10.9,10.9,-0.07,-0.64%,0
"2023-06-16 10:35",10.89,10.89,10.86,10.86,-0.04,-0.37%,0
"2023-06-16 10:36",10.9,10.92,10.89,10.89,0.03,+0.28%,0
"2023-06-16 10:37",10.87,10.87,10.83,10.83,-0.06,-0.55%,0
"2023-06-16 10:38",10.84,10.85,10.82,10.82,-0.01,-0.09%,0
"2023-06-16 10:39",10.81,10.86,10.81,10.86,0.04,+0.37%,0
"2023-06-16 10:40",10.78,10.83,10.78,10.83,-0.03,-0.28%,0
"2023-06-16 10:41",10.83,11.02,10.81,11.02,0.19,+1.75%,0
"2023-06-16 10:42",10.98,11.03,10.98,11.03,0.01,+0.09%,0
"2023-06-16 10:43",11.05,11.09,11,11,-0.03,-0.27%,0
"2023-06-16 10:44",10.97,11.02,10.97,11.02,0.02,+0.18%,0
"2023-06-16 10:45",11.04,11.09,11.01,11.01,-0.01,-0.09%,0
"2023-06-16 10:46",11.04,11.08,11.04,11.08,0.07,+0.64%,0
"2023-06-16 10:47",11.06,11.1,10.99,10.99,-0.09,-0.81%,0
"2023-06-16 10:48",11,11,10.89,10.9,-0.09,-0.82%,0
"2023-06-16 10:49",10.96,10.99,10.96,10.97,0.07,+0.64%,0
"2023-06-16 10:50",10.97,10.98,10.94,10.94,-0.03,-0.27%,0
"2023-06-16 10:51",10.93,10.93,10.82,10.87,-0.07,-0.64%,0
"2023-06-16 10:52",10.89,10.92,10.89,10.9,0.03,+0.28%,0
"2023-06-16 10:53",10.89,10.89,10.85,10.85,-0.05,-0.46%,0
"2023-06-16 10:54",10.84,10.85,10.83,10.83,-0.02,-0.18%,0
"2023-06-16 10:55",10.81,10.83,10.81,10.83,0,0.00%,0
"2023-06-16 10:56",10.76,10.76,10.74,10.75,-0.08,-0.74%,0
"2023-06-16 10:57",10.74,10.77,10.72,10.72,-0.03,-0.28%,0
"2023-06-16 10:58",10.74,10.78,10.74,10.74,0.02,+0.19%,0
"2023-06-16 10:59",10.69,10.72,10.69,10.72,-0.02,-0.19%,0
"2023-06-16 11:00",10.71,10.78,10.71,10.73,0.01,+0.09%,0
"2023-06-16 11:01",10.78,10.85,10.75,10.75,0.02,+0.19%,0
"2023-06-16 11:02",10.77,10.85,10.77,10.79,0.04,+0.37%,0
"2023-06-16 11:03",10.78,10.79,10.74,10.74,-0.05,-0.46%,0
"2023-06-16 11:04",10.71,10.71,10.68,10.68,-0.06,-0.56%,0
"2023-06-16 11:05",10.66,10.66,10.65,10.66,-0.02,-0.19%,0
"2023-06-16 11:06",10.66,10.75,10.66,10.75,0.09,+0.84%,0
"2023-06-16 11:07",10.79,10.79,10.62,10.62,-0.13,-1.21%,0
"2023-06-16 11:08",10.61,10.65,10.61,10.65,0.03,+0.28%,0
"2023-06-16 11:09",10.61,10.63,10.6,10.6,-0.05,-0.47%,0
"2023-06-16 11:10",10.62,10.63,10.6,10.6,0,0.00%,0
"2023-06-16 11:11",10.6,10.63,10.6,10.62,0.02,+0.19%,0
"2023-06-16 11:12",10.62,10.64,10.62,10.63,0.01,+0.09%,0
"2023-06-16 11:13",10.61,10.61,10.58,10.58,-0.05,-0.47%,0
"2023-06-16 11:14",10.59,10.62,10.59,10.62,0.04,+0.38%,0
"2023-06-16 11:15",10.65,10.65,10.59,10.59,-0.03,-0.28%,0
"2023-06-16 11:16",10.59,10.64,10.59,10.64,0.05,+0.47%,0
"2023-06-16 11:17",10.61,10.68,10.61,10.67,0.03,+0.28%,0
"2023-06-16 11:18",10.67,10.7,10.67,10.7,0.03,+0.28%,0
"2023-06-16 11:19",10.69,10.73,10.69,10.73,0.03,+0.28%,0
"2023-06-16 11:20",10.73,10.75,10.72,10.72,-0.01,-0.09%,0
"2023-06-16 11:21",10.72,10.76,10.72,10.75,0.03,+0.28%,0
"2023-06-16 11:22",10.74,10.76,10.74,10.74,-0.01,-0.09%,0
"2023-06-16 11:23",10.76,10.97,10.76,10.97,0.23,+2.14%,0
"2023-06-16 11:24",10.92,10.94,10.86,10.92,-0.05,-0.46%,0
"2023-06-16 11:25",10.9,10.93,10.88,10.88,-0.04,-0.37%,0
"2023-06-16 11:26",10.9,11.1,10.9,11.1,0.22,+2.02%,0
"2023-06-16 11:27",11.1,11.33,11.1,11.33,0.23,+2.07%,0
"2023-06-16 11:28",11.26,11.26,11.13,11.17,-0.16,-1.41%,0
"2023-06-16 11:29",11.19,11.24,11.17,11.17,0,0.00%,0
"2023-06-16 11:30",11.07,11.08,11.04,11.07,-0.1,-0.90%,0
"2023-06-16 11:31",11.05,11.06,11.03,11.03,-0.04,-0.36%,0
"2023-06-16 11:32",11.04,11.08,11.04,11.07,0.04,+0.36%,0
"2023-06-16 11:33",11.04,11.06,11.02,11.06,-0.01,-0.09%,0
"2023-06-16 11:34",11.05,11.05,11.02,11.03,-0.03,-0.27%,0
"2023-06-16 11:35",11.01,11.1,11.01,11.07,0.04,+0.36%,0
"2023-06-16 11:36",11.05,11.06,11.05,11.05,-0.02,-0.18%,0
"2023-06-16 11:37",11.05,11.08,11.05,11.08,0.03,+0.27%,0
"2023-06-16 11:38",11.08,11.08,11.03,11.03,-0.05,-0.45%,0
"2023-06-16 11:39",11,11.03,11,11.03,0,0.00%,0
"2023-06-16 11:40",11.03,11.03,10.97,10.97,-0.06,-0.54%,0
"2023-06-16 11:41",10.96,11.03,10.96,11.03,0.06,+0.55%,0
"2023-06-16 11:42",11.03,11.03,10.96,10.96,-0.07,-0.63%,0
"2023-06-16 11:43",10.97,10.98,10.96,10.96,0,0.00%,0
"2023-06-16 11:44",10.94,10.94,10.89,10.89,-0.07,-0.64%,0
"2023-06-16 11:45",10.9,10.92,10.85,10.85,-0.04,-0.37%,0
"2023-06-16 11:46",10.83,10.84,10.82,10.84,-0.01,-0.09%,0
"2023-06-16 11:47",10.86,10.94,10.86,10.94,0.1,+0.92%,0
"2023-06-16 11:48",10.91,10.93,10.9,10.93,-0.01,-0.09%,0
"2023-06-16 11:49",10.91,10.92,10.91,10.91,-0.02,-0.18%,0
"2023-06-16 11:50",10.9,10.97,10.9,10.97,0.06,+0.55%,0
"2023-06-16 11:51",10.93,10.96,10.93,10.95,-0.02,-0.18%,0
"2023-06-16 11:52",10.95,10.96,10.94,10.96,0.01,+0.09%,0
"2023-06-16 11:53",10.96,10.96,10.87,10.87,-0.09,-0.82%,0
"2023-06-16 11:54",10.85,10.86,10.82,10.83,-0.04,-0.37%,0
"2023-06-16 11:55",10.81,10.81,10.73,10.73,-0.1,-0.92%,0
"2023-06-16 11:56",10.72,10.78,10.72,10.76,0.03,+0.28%,0
"2023-06-16 11:57",10.71,10.73,10.7,10.7,-0.06,-0.56%,0
"2023-06-16 11:58",10.68,10.7,10.68,10.68,-0.02,-0.19%,0
"2023-06-16 11:59",10.67,10.69,10.67,10.67,-0.01,-0.09%,0
"2023-06-16 12:00",10.66,10.66,10.63,10.64,-0.03,-0.28%,0
"2023-06-16 12:01",10.63,10.66,10.63,10.66,0.02,+0.19%,0
"2023-06-16 12:02",10.65,10.65,10.64,10.64,-0.02,-0.19%,0
"2023-06-16 12:03",10.65,10.65,10.61,10.61,-0.03,-0.28%,0
"2023-06-16 12:04",10.62,10.63,10.6,10.6,-0.01,-0.09%,0
"2023-06-16 12:05",10.62,10.63,10.61,10.61,0.01,+0.09%,0
"2023-06-16 12:06",10.6,10.66,10.6,10.66,0.05,+0.47%,0
"2023-06-16 12:07",10.66,10.7,10.66,10.68,0.02,+0.19%,0
"2023-06-16 12:08",10.64,10.66,10.64,10.65,-0.03,-0.28%,0
"2023-06-16 12:09",10.63,10.67,10.63,10.67,0.02,+0.19%,0
"2023-06-16 12:10",10.65,10.67,10.65,10.67,0,0.00%,0
"2023-06-16 12:11",10.64,10.65,10.61,10.61,-0.06,-0.56%,0
"2023-06-16 12:12",10.6,10.65,10.6,10.62,0.01,+0.09%,0
"2023-06-16 12:13",10.65,10.67,10.62,10.62,0,0.00%,0
"2023-06-16 12:14",10.64,10.66,10.64,10.64,0.02,+0.19%,0
"2023-06-16 12:15",10.64,10.64,10.62,10.62,-0.02,-0.19%,0
"2023-06-16 12:16",10.66,10.68,10.66,10.67,0.05,+0.47%,0
"2023-06-16 12:17",10.65,10.67,10.65,10.66,-0.01,-0.09%,0
"2023-06-16 12:18",10.62,10.64,10.62,10.63,-0.03,-0.28%,0
"2023-06-16 12:19",10.63,10.63,10.6,10.63,0,0.00%,0
"2023-06-16 12:20",10.66,10.76,10.66,10.76,0.13,+1.22%,0
"2023-06-16 12:21",10.73,10.75,10.73,10.73,-0.03,-0.28%,0
"2023-06-16 12:22",10.73,10.77,10.73,10.77,0.04,+0.37%,0
"2023-06-16 12:23",10.77,10.83,10.77,10.82,0.05,+0.46%,0
"2023-06-16 12:24",10.83,10.83,10.82,10.82,0,0.00%,0
"2023-06-16 12:25",10.81,10.83,10.81,10.83,0.01,+0.09%,0
"2023-06-16 12:26",10.8,10.87,10.8,10.87,0.04,+0.37%,0
"2023-06-16 12:27",10.86,10.9,10.85,10.9,0.03,+0.28%,0
"2023-06-16 12:28",10.89,10.91,10.89,10.9,0,0.00%,0
"2023-06-16 12:29",10.9,10.94,10.9,10.91,0.01,+0.09%,0
"2023-06-16 12:30",10.9,10.91,10.87,10.87,-0.04,-0.37%,0
"2023-06-16 12:31",10.89,10.91,10.88,10.88,0.01,+0.09%,0
"2023-06-16 12:32",10.89,10.91,10.88,10.89,0.01,+0.09%,0
"2023-06-16 12:33",10.86,10.88,10.86,10.88,-0.01,-0.09%,0
"2023-06-16 12:34",10.88,10.95,10.88,10.93,0.05,+0.46%,0
"2023-06-16 12:35",10.93,10.96,10.93,10.96,0.03,+0.27%,0
"2023-06-16 12:36",10.94,10.95,10.92,10.95,-0.01,-0.09%,0
"2023-06-16 12:37",10.94,10.99,10.94,10.99,0.04,+0.37%,0
"2023-06-16 12:38",11.01,11.02,10.98,10.98,-0.01,-0.09%,0
"2023-06-16 12:39",11.01,11.06,11.01,11.05,0.07,+0.64%,0
"2023-06-16 12:40",11.05,11.06,11.05,11.05,0,0.00%,0
"2023-06-16 12:41",11.03,11.03,11.03,11.03,-0.02,-0.18%,0
"2023-06-16 12:42",11.04,11.04,11,11,-0.03,-0.27%,0
"2023-06-16 12:43",11.02,11.02,11,11,0,0.00%,0
"2023-06-16 12:44",10.99,11.01,10.99,11,0,0.00%,0
"2023-06-16 12:45",11.01,11.02,11.01,11.01,0.01,+0.09%,0
"2023-06-16 12:46",11,11.02,11,11.02,0.01,+0.09%,0
"2023-06-16 12:47",11.02,11.04,11.02,11.03,0.01,+0.09%,0
"2023-06-16 12:48",11.05,11.1,11.05,11.1,0.07,+0.63%,0
"2023-06-16 12:49",11.1,11.11,11.1,11.1,0,0.00%,0
"2023-06-16 12:50",11.1,11.11,11.1,11.11,0.01,+0.09%,0
"2023-06-16 12:51",11.1,11.11,11.1,11.11,0,0.00%,0
"2023-06-16 12:52",11.13,11.17,11.13,11.17,0.06,+0.54%,0
"2023-06-16 12:53",11.17,11.23,11.14,11.14,-0.03,-0.27%,0
"2023-06-16 12:54",11.14,11.16,11.13,11.16,0.02,+0.18%,0
"2023-06-16 12:55",11.18,11.19,11.17,11.17,0.01,+0.09%,0
"2023-06-16 12:56",11.17,11.17,11.17,11.17,0,0.00%,0
"2023-06-16 12:57",11.16,11.19,11.16,11.16,-0.01,-0.09%,0
"2023-06-16 12:58",11.15,11.19,11.15,11.19,0.03,+0.27%,0
"2023-06-16 12:59",11.18,11.2,11.17,11.17,-0.02,-0.18%,0
"2023-06-16 13:00",11.18,11.19,11.18,11.18,0.01,+0.09%,0
"2023-06-16 13:01",11.16,11.25,11.16,11.25,0.07,+0.63%,0
"2023-06-16 13:02",11.25,11.27,11.25,11.26,0.01,+0.09%,0
"2023-06-16 13:03",11.27,11.29,11.23,11.23,-0.03,-0.27%,0
"2023-06-16 13:04",11.24,11.28,11.24,11.24,0.01,+0.09%,0
"2023-06-16 13:05",11.25,11.26,11.24,11.25,0.01,+0.09%,0
"2023-06-16 13:06",11.24,11.25,11.24,11.24,-0.01,-0.09%,0
"2023-06-16 13:07",11.22,11.24,11.22,11.24,0,0.00%,0
"2023-06-16 13:08",11.23,11.3,11.23,11.3,0.06,+0.53%,0
"2023-06-16 13:09",11.31,11.34,11.31,11.34,0.04,+0.35%,0
"2023-06-16 13:10",11.33,11.42,11.33,11.42,0.08,+0.71%,0
"2023-06-16 13:11",11.5,11.5,11.44,11.47,0.05,+0.44%,0
"2023-06-16 13:12",11.46,11.49,11.46,11.49,0.02,+0.17%,0
"2023-06-16 13:13",11.47,11.47,11.45,11.45,-0.04,-0.35%,0
"2023-06-16 13:14",11.46,11.48,11.46,11.47,0.02,+0.17%,0
"2023-06-16 13:15",11.47,11.47,11.47,11.47,0,0.00%,0
"2023-06-16 13:16",11.47,11.48,11.47,11.47,0,0.00%,0
"2023-06-16 13:17",11.47,11.49,11.47,11.49,0.02,+0.17%,0
"2023-06-16 13:18",11.48,11.49,11.47,11.47,-0.02,-0.17%,0
"2023-06-16 13:19",11.47,11.49,11.47,11.48,0.01,+0.09%,0
"2023-06-16 13:20",11.49,11.51,11.49,11.49,0.01,+0.09%,0
"2023-06-16 13:21",11.49,11.53,11.49,11.53,0.04,+0.35%,0
"2023-06-16 13:22",11.51,11.53,11.48,11.48,-0.05,-0.43%,0
"2023-06-16 13:23",11.46,11.49,11.46,11.49,0.01,+0.09%,0
"2023-06-16 13:24",11.49,11.54,11.49,11.54,0.05,+0.44%,0
"2023-06-16 13:25",11.56,11.57,11.53,11.53,-0.01,-0.09%,0
"2023-06-16 13:26",11.53,11.53,11.5,11.51,-0.02,-0.17%,0
"2023-06-16 13:27",11.51,11.51,11.51,11.51,0,0.00%,0
"2023-06-16 13:28",11.48,11.5,11.48,11.5,-0.01,-0.09%,0
"2023-06-16 13:29",11.51,11.55,11.51,11.55,0.05,+0.43%,0
"2023-06-16 13:30",11.53,11.59,11.53,11.59,0.04,+0.35%,0
"2023-06-16 13:31",11.6,11.68,11.6,11.64,0.05,+0.43%,0
"2023-06-16 13:32",11.64,11.66,11.64,11.65,0.01,+0.09%,0
"2023-06-16 13:33",11.61,11.62,11.61,11.61,-0.04,-0.34%,0
"2023-06-16 13:34",11.59,11.59,11.58,11.58,-0.03,-0.26%,0
"2023-06-16 13:35",11.58,11.58,11.56,11.56,-0.02,-0.17%,0
"2023-06-16 13:36",11.55,11.55,11.54,11.54,-0.02,-0.17%,0
"2023-06-16 13:37",11.52,11.53,11.51,11.51,-0.03,-0.26%,0
"2023-06-16 13:38",11.48,11.51,11.48,11.48,-0.03,-0.26%,0
"2023-06-16 13:39",11.46,11.48,11.46,11.48,0,0.00%,0
"2023-06-16 13:40",11.47,11.48,11.47,11.48,0,0.00%,0
"2023-06-16 13:41",11.46,11.48,11.46,11.47,-0.01,-0.09%,0
"2023-06-16 13:42",11.44,11.46,11.44,11.45,-0.02,-0.17%,0
"2023-06-16 13:43",11.47,11.49,11.46,11.46,0.01,+0.09%,0
"2023-06-16 13:44",11.46,11.46,11.36,11.36,-0.1,-0.87%,0
"2023-06-16 13:45",11.36,11.4,11.36,11.39,0.03,+0.26%,0
"2023-06-16 13:46",11.39,11.48,11.39,11.47,0.08,+0.70%,0
"2023-06-16 13:47",11.47,11.49,11.47,11.48,0.01,+0.09%,0
"2023-06-16 13:48",11.48,11.51,11.48,11.51,0.03,+0.26%,0
"2023-06-16 13:49",11.5,11.53,11.5,11.53,0.02,+0.17%,0
"2023-06-16 13:50",11.54,11.54,11.51,11.51,-0.02,-0.17%,0
"2023-06-16 13:51",11.52,11.54,11.51,11.51,0,0.00%,0
"2023-06-16 13:52",11.51,11.52,11.51,11.52,0.01,+0.09%,0
"2023-06-16 13:53",11.52,11.54,11.52,11.54,0.02,+0.17%,0
"2023-06-16 13:54",11.54,11.56,11.54,11.56,0.02,+0.17%,0
"2023-06-16 13:55",11.54,11.54,11.52,11.53,-0.03,-0.26%,0
"2023-06-16 13:56",11.51,11.53,11.5,11.5,-0.03,-0.26%,0
"2023-06-16 13:57",11.5,11.52,11.5,11.51,0.01,+0.09%,0
"2023-06-16 13:58",11.5,11.51,11.5,11.5,-0.01,-0.09%,0
"2023-06-16 13:59",11.5,11.51,11.49,11.5,0,0.00%,0
"2023-06-16 14:00",11.49,11.5,11.49,11.5,0,0.00%,0
"2023-06-16 14:01",11.52,11.59,11.52,11.55,0.05,+0.43%,0
"2023-06-16 14:02",11.56,11.87,11.56,11.87,0.32,+2.77%,0
"2023-06-16 14:03",11.85,11.88,11.85,11.85,-0.02,-0.17%,0
"2023-06-16 14:04",11.84,11.97,11.84,11.97,0.12,+1.01%,0
"2023-06-16 14:05",11.95,11.95,11.88,11.88,-0.09,-0.75%,0
"2023-06-16 14:06",11.88,11.9,11.88,11.89,0.01,+0.08%,0
"2023-06-16 14:07",11.88,11.88,11.85,11.86,-0.03,-0.25%,0
"2023-06-16 14:08",11.86,11.86,11.84,11.84,-0.02,-0.17%,0
"2023-06-16 14:09",11.84,11.84,11.84,11.84,0,0.00%,0
"2023-06-16 14:10",11.82,11.82,11.77,11.77,-0.07,-0.59%,0
"2023-06-16 14:11",11.77,11.79,11.77,11.78,0.01,+0.08%,0
"2023-06-16 14:12",11.81,11.81,11.72,11.74,-0.04,-0.34%,0
"2023-06-16 14:13",11.73,11.75,11.73,11.73,-0.01,-0.09%,0
"2023-06-16 14:14",11.72,11.73,11.71,11.71,-0.02,-0.17%,0
"2023-06-16 14:15",11.7,11.72,11.69,11.72,0.01,+0.09%,0
"2023-06-16 14:16",11.71,11.71,11.66,11.66,-0.06,-0.51%,0
"2023-06-16 14:17",11.65,11.67,11.65,11.66,0,0.00%,0
"2023-06-16 14:18",11.67,11.7,11.67,11.68,0.02,+0.17%,0
"2023-06-16 14:19",11.68,11.68,11.66,11.67,-0.01,-0.09%,0
"2023-06-16 14:20",11.66,11.67,11.66,11.66,-0.01,-0.09%,0
"2023-06-16 14:21",11.68,11.69,11.68,11.68,0.02,+0.17%,0
"2023-06-16 14:22",11.67,11.7,11.67,11.68,0,0.00%,0
"2023-06-16 14:23",11.67,11.7,11.67,11.68,0,0.00%,0
"2023-06-16 14:24",11.73,11.73,11.61,11.61,-0.07,-0.60%,0
"2023-06-16 14:25",11.61,11.65,11.61,11.65,0.04,+0.34%,0
"2023-06-16 14:26",11.66,11.68,11.66,11.68,0.03,+0.26%,0
"2023-06-16 14:27",11.69,11.71,11.68,11.68,0,0.00%,0
"2023-06-16 14:28",11.67,11.69,11.67,11.67,-0.01,-0.09%,0
"2023-06-16 14:29",11.67,11.69,11.67,11.69,0.02,+0.17%,0
"2023-06-16 14:30",11.69,11.69,11.66,11.67,-0.02,-0.17%,0
"2023-06-16 14:31",11.69,11.76,11.69,11.76,0.09,+0.77%,0
"2023-06-16 14:32",11.9,11.95,11.83,11.83,0.07,+0.60%,0
"2023-06-16 14:33",12.03,12.06,11.93,11.93,0.1,+0.85%,0
"2023-06-16 14:34",11.88,11.92,11.88,11.92,-0.01,-0.08%,0
"2023-06-16 14:35",11.92,11.95,11.92,11.95,0.03,+0.25%,0
"2023-06-16 14:36",11.93,11.97,11.93,11.96,0.01,+0.08%,0
"2023-06-16 14:37",11.97,11.98,11.94,11.98,0.02,+0.17%,0
"2023-06-16 14:38",11.95,11.98,11.95,11.98,0,0.00%,0
"2023-06-16 14:39",11.97,11.98,11.97,11.97,-0.01,-0.08%,0
"2023-06-16 14:40",11.93,11.96,11.93,11.96,-0.01,-0.08%,0
"2023-06-16 14:41",11.95,12,11.95,12,0.04,+0.33%,0
"2023-06-16 14:42",12,12.03,12,12.02,0.02,+0.17%,0
"2023-06-16 14:43",12.02,12.11,12.02,12.1,0.08,+0.67%,0
"2023-06-16 14:44",12.08,12.11,12.08,12.11,0.01,+0.08%,0
"2023-06-16 14:45",12.12,12.16,12.12,12.15,0.04,+0.33%,0
"2023-06-16 14:46",12.16,12.18,12.16,12.16,0.01,+0.08%,0
"2023-06-16 14:47",12.16,12.17,12.16,12.17,0.01,+0.08%,0
"2023-06-16 14:48",12.18,12.2,12.18,12.19,0.02,+0.16%,0
"2023-06-16 14:49",12.14,12.14,12.07,12.08,-0.11,-0.90%,0
"2023-06-16 14:50",12.06,12.17,12.06,12.17,0.09,+0.75%,0
"2023-06-16 14:51",12.13,12.14,12.09,12.1,-0.07,-0.58%,0
"2023-06-16 14:52",12.09,12.16,12.09,12.16,0.06,+0.50%,0
"2023-06-16 14:53",12.17,12.17,12.06,12.06,-0.1,-0.82%,0
"2023-06-16 14:54",12.04,12.09,12.04,12.06,0,0.00%,0
"2023-06-16 14:55",12.04,12.04,11.99,12.02,-0.04,-0.33%,0
"2023-06-16 14:56",12.11,12.17,12.11,12.14,0.12,+1.00%,0
"2023-06-16 14:57",12.13,12.18,12.12,12.12,-0.02,-0.16%,0
"2023-06-16 14:58",12.06,12.06,12.01,12.01,-0.11,-0.91%,0
"2023-06-16 14:59",12.01,12.12,12.01,12.12,0.11,+0.92%,0
"2023-06-16 15:00",12.06,12.14,12,12.14,0.02,+0.17%,0
"2023-06-16 15:01",12.22,12.34,12.22,12.33,0.19,+1.57%,0
"2023-06-16 15:02",12.33,12.33,12.19,12.29,-0.04,-0.32%,0
"2023-06-16 15:03",12.29,12.38,12.29,12.36,0.07,+0.57%,0
"2023-06-16 15:04",12.29,12.29,12.23,12.23,-0.13,-1.05%,0
"2023-06-16 15:05",12.26,12.32,12.26,12.31,0.08,+0.65%,0
"2023-06-16 15:06",12.22,12.38,12.22,12.38,0.07,+0.57%,0
"2023-06-16 15:07",12.38,12.62,12.38,12.62,0.24,+1.94%,0
"2023-06-16 15:08",12.51,12.51,12.49,12.5,-0.12,-0.95%,0
"2023-06-16 15:09",12.52,12.54,12.52,12.53,0.03,+0.24%,0
"2023-06-16 15:10",12.54,12.54,12.53,12.53,0,0.00%,0
"2023-06-16 15:11",12.53,12.54,12.53,12.54,0.01,+0.08%,0
"2023-06-16 15:12",12.55,12.61,12.55,12.58,0.04,+0.32%,0
"2023-06-16 15:13",12.58,12.65,12.58,12.64,0.06,+0.48%,0
"2023-06-16 15:14",12.65,12.68,12.65,12.66,0.02,+0.16%,0
"2023-06-16 15:15",12.71,12.71,12.63,12.65,-0.01,-0.08%,0
"2023-06-16 15:16",12.56,12.64,12.56,12.6,-0.05,-0.40%,0
"2023-06-16 15:17",12.57,12.57,12.52,12.52,-0.08,-0.63%,0
"2023-06-16 15:18",12.53,12.7,12.53,12.7,0.18,+1.44%,0
"2023-06-16 15:19",12.71,12.71,12.59,12.59,-0.11,-0.87%,0
"2023-06-16 15:20",12.59,12.66,12.55,12.64,0.05,+0.40%,0
"2023-06-16 15:21",12.61,12.61,12.48,12.48,-0.16,-1.27%,0
"2023-06-16 15:22",12.5,12.53,12.48,12.48,0,0.00%,0
"2023-06-16 15:23",12.49,12.49,12.48,12.48,0,0.00%,0
"2023-06-16 15:24",12.48,12.48,12.47,12.47,-0.01,-0.08%,0
"2023-06-16 15:25",12.47,12.53,12.47,12.53,0.06,+0.48%,0
"2023-06-16 15:26",12.56,12.59,12.56,12.57,0.04,+0.32%,0
"2023-06-16 15:27",12.57,12.64,12.57,12.64,0.07,+0.56%,0
"2023-06-16 15:28",12.59,12.6,12.52,12.52,-0.12,-0.95%,0
"2023-06-16 15:29",12.52,12.57,12.52,12.57,0.05,+0.40%,0
"2023-06-16 15:30",12.55,12.55,12.5,12.5,-0.07,-0.56%,0
"2023-06-16 15:31",12.49,12.51,12.49,12.51,0.01,+0.08%,0
"2023-06-16 15:32",12.53,12.53,12.5,12.5,-0.01,-0.08%,0
"2023-06-16 15:33",12.51,12.54,12.49,12.49,-0.01,-0.08%,0
"2023-06-16 15:34",12.46,12.46,12.41,12.41,-0.08,-0.64%,0
"2023-06-16 15:35",12.4,12.45,12.33,12.33,-0.08,-0.64%,0
"2023-06-16 15:36",12.34,12.41,12.34,12.39,0.06,+0.49%,0
"2023-06-16 15:37",12.39,12.45,12.39,12.42,0.03,+0.24%,0
"2023-06-16 15:38",12.44,12.46,12.44,12.44,0.02,+0.16%,0
"2023-06-16 15:39",12.45,12.5,12.44,12.5,0.06,+0.48%,0
"2023-06-16 15:40",12.49,12.53,12.49,12.53,0.03,+0.24%,0
"2023-06-16 15:41",12.53,12.56,12.52,12.52,-0.01,-0.08%,0
"2023-06-16 15:42",12.54,12.57,12.54,12.57,0.05,+0.40%,0
"2023-06-16 15:43",12.55,12.55,12.48,12.48,-0.09,-0.72%,0
"2023-06-16 15:44",12.48,12.56,12.48,12.56,0.08,+0.64%,0
"2023-06-16 15:45",12.61,12.62,12.57,12.57,0.01,+0.08%,0
"2023-06-16 15:46",12.53,12.53,12.47,12.47,-0.1,-0.80%,0
"2023-06-16 15:47",12.45,12.46,12.45,12.45,-0.02,-0.16%,0
"2023-06-16 15:48",12.44,12.5,12.44,12.49,0.04,+0.32%,0
"2023-06-16 15:49",12.47,12.5,12.47,12.49,0,0.00%,0
"2023-06-16 15:50",12.45,12.52,12.44,12.47,-0.02,-0.16%,0
"2023-06-16 15:51",12.43,12.43,12.32,12.32,-0.15,-1.20%,0
"2023-06-16 15:52",12.3,12.38,12.3,12.36,0.04,+0.32%,0
"2023-06-16 15:53",12.35,12.37,12.23,12.23,-0.13,-1.05%,0
"2023-06-16 15:54",12.32,12.34,12.3,12.3,0.07,+0.57%,0
"2023-06-16 15:55",12.3,12.3,12.26,12.26,-0.04,-0.33%,0
"2023-06-16 15:56",12.26,12.27,12.2,12.2,-0.06,-0.49%,0
"2023-06-16 15:57",12.22,12.27,12.22,12.27,0.07,+0.57%,0
"2023-06-16 15:58",12.25,12.25,12.2,12.25,-0.02,-0.16%,0
"2023-06-16 15:59",12.28,12.32,12.28,12.3,0.05,+0.41%,0
"2023-06-16 16:00",12.29,12.29,12.05,12.14,-0.16,-1.30%,0
"2023-06-16 16:01",12.07,12.17,12.07,12.16,0.02,+0.16%,0
"2023-06-16 16:02",12.15,12.22,12.11,12.11,-0.05,-0.41%,0
"2023-06-16 16:03",12.07,12.07,12.02,12.02,-0.09,-0.74%,0
"2023-06-16 16:04",12.05,12.15,12.02,12.15,0.13,+1.08%,0
"2023-06-16 16:05",12.15,12.15,12.14,12.14,-0.01,-0.08%,0
"2023-06-16 16:06",12.08,12.17,12.08,12.11,-0.03,-0.25%,0
"2023-06-16 16:07",12.11,12.15,12.11,12.15,0.04,+0.33%,0
"2023-06-16 16:08",12.13,12.15,12.12,12.15,0,0.00%,0
"2023-06-16 16:09",12.21,12.29,12.21,12.29,0.14,+1.15%,0
"2023-06-16 16:10",12.29,12.32,12.29,12.32,0.03,+0.24%,0
"2023-06-16 16:11",12.3,12.3,12.29,12.29,-0.03,-0.24%,0
"2023-06-16 16:12",12.29,12.32,12.28,12.3,0.01,+0.08%,0
"2023-06-16 16:13",12.33,12.45,12.33,12.44,0.14,+1.14%,0
"2023-06-16 16:14",12.46,12.48,12.37,12.47,0.03,+0.24%,0
"2023-06-16 16:15",12.43,12.43,12.43,12.43,-0.04,-0.32%,0
"2023-06-20 09:31",9.4,9.4,9.18,9.18,-3.25,-26.15%,0
"2023-06-20 09:32",9.24,9.24,9.22,9.22,0.04,+0.44%,0
"2023-06-20 09:33",9.19,9.19,9.14,9.14,-0.08,-0.87%,0
"2023-06-20 09:34",9.16,9.2,9.11,9.11,-0.03,-0.33%,0
"2023-06-20 09:35",9.08,9.08,9.03,9.03,-0.08,-0.88%,0
"2023-06-20 09:36",9.03,9.06,9.03,9.06,0.03,+0.33%,0
"2023-06-20 09:37",9.08,9.09,9.07,9.09,0.03,+0.33%,0
"2023-06-20 09:38",9.08,9.08,9.05,9.08,-0.01,-0.11%,0
"2023-06-20 09:39",9.09,9.09,8.91,8.92,-0.16,-1.76%,0
"2023-06-20 09:40",8.9,8.91,8.86,8.87,-0.05,-0.56%,0
"2023-06-20 09:41",8.85,8.91,8.85,8.91,0.04,+0.45%,0
"2023-06-20 09:42",8.87,8.88,8.84,8.88,-0.03,-0.34%,0
"2023-06-20 09:43",8.93,8.93,8.85,8.88,0,0.00%,0
"2023-06-20 09:44",8.88,8.88,8.84,8.84,-0.04,-0.45%,0
"2023-06-20 09:45",8.85,8.85,8.77,8.77,-0.07,-0.79%,0
"2023-06-20 09:46",8.77,8.78,8.76,8.76,-0.01,-0.11%,0
"2023-06-20 09:47",8.77,8.79,8.76,8.76,0,0.00%,0
"2023-06-20 09:48",8.76,8.76,8.63,8.63,-0.13,-1.48%,0
"2023-06-20 09:49",8.68,8.68,8.64,8.64,0.01,+0.12%,0
"2023-06-20 09:50",8.65,8.67,8.64,8.64,0,0.00%,0
"2023-06-20 09:51",8.64,8.66,8.64,8.66,0.02,+0.23%,0
"2023-06-20 09:52",8.63,8.64,8.63,8.64,-0.02,-0.23%,0
"2023-06-20 09:53",8.6,8.63,8.6,8.63,-0.01,-0.12%,0
"2023-06-20 09:54",8.63,8.63,8.55,8.58,-0.05,-0.58%,0
"2023-06-20 09:55",8.58,8.64,8.58,8.64,0.06,+0.70%,0
"2023-06-20 09:56",8.63,8.69,8.63,8.68,0.04,+0.46%,0
"2023-06-20 09:57",8.7,8.71,8.68,8.69,0.01,+0.12%,0
"2023-06-20 09:58",8.73,8.76,8.73,8.76,0.07,+0.81%,0
"2023-06-20 09:59",8.75,8.8,8.75,8.8,0.04,+0.46%,0
"2023-06-20 10:00",8.81,8.85,8.81,8.85,0.05,+0.57%,0
"2023-06-20 10:01",8.82,8.85,8.79,8.8,-0.05,-0.56%,0
"2023-06-20 10:02",8.79,8.79,8.73,8.76,-0.04,-0.45%,0
"2023-06-20 10:03",8.74,8.76,8.74,8.76,0,0.00%,0
"2023-06-20 10:04",8.75,8.75,8.72,8.72,-0.04,-0.46%,0
"2023-06-20 10:05",8.74,8.82,8.74,8.82,0.1,+1.15%,0
"2023-06-20 10:06",8.82,8.85,8.82,8.82,0,0.00%,0
"2023-06-20 10:07",8.83,8.83,8.82,8.82,0,0.00%,0
"2023-06-20 10:08",8.79,8.82,8.79,8.82,0,0.00%,0
"2023-06-20 10:09",8.81,8.82,8.77,8.77,-0.05,-0.57%,0
"2023-06-20 10:10",8.78,8.78,8.73,8.73,-0.04,-0.46%,0
"2023-06-20 10:11",8.61,8.68,8.61,8.68,-0.05,-0.57%,0
"2023-06-20 10:12",8.68,8.68,8.67,8.67,-0.01,-0.12%,0
"2023-06-20 10:13",8.63,8.65,8.63,8.65,-0.02,-0.23%,0
"2023-06-20 10:14",8.64,8.75,8.64,8.75,0.1,+1.16%,0
"2023-06-20 10:15",8.73,8.85,8.73,8.85,0.1,+1.14%,0
"2023-06-20 10:16",8.74,8.76,8.7,8.7,-0.15,-1.69%,0
"2023-06-20 10:17",8.74,8.78,8.74,8.78,0.08,+0.92%,0
"2023-06-20 10:18",8.76,8.76,8.74,8.76,-0.02,-0.23%,0
"2023-06-20 10:19",8.77,9,8.77,9,0.24,+2.74%,0
"2023-06-20 10:20",9.01,9.08,8.99,8.99,-0.01,-0.11%,0
"2023-06-20 10:21",9.04,9.31,9.04,9.28,0.29,+3.23%,0
"2023-06-20 10:22",9.35,9.61,9.35,9.5,0.22,+2.37%,0
"2023-06-20 10:23",9.47,9.47,9.25,9.25,-0.25,-2.63%,0
"2023-06-20 10:24",9.26,9.39,9.26,9.39,0.14,+1.51%,0
"2023-06-20 10:25",9.39,9.46,9.37,9.46,0.07,+0.75%,0
"2023-06-20 10:26",9.5,9.6,9.47,9.49,0.03,+0.32%,0
"2023-06-20 10:27",9.55,9.59,9.55,9.58,0.09,+0.95%,0
"2023-06-20 10:28",9.62,9.67,9.62,9.67,0.09,+0.94%,0
"2023-06-20 10:29",9.66,9.69,9.66,9.68,0.01,+0.10%,0
"2023-06-20 10:30",9.67,9.78,9.67,9.78,0.1,+1.03%,0
"2023-06-20 10:31",9.8,9.8,9.72,9.72,-0.06,-0.61%,0
"2023-06-20 10:32",9.66,9.66,9.56,9.56,-0.16,-1.65%,0
"2023-06-20 10:33",9.57,9.57,9.47,9.47,-0.09,-0.94%,0
"2023-06-20 10:34",9.45,9.5,9.45,9.5,0.03,+0.32%,0
"2023-06-20 10:35",9.5,9.55,9.5,9.53,0.03,+0.32%,0
"2023-06-20 10:36",9.53,9.54,9.51,9.51,-0.02,-0.21%,0
"2023-06-20 10:37",9.51,9.55,9.51,9.55,0.04,+0.42%,0
"2023-06-20 10:38",9.55,9.57,9.5,9.5,-0.05,-0.52%,0
"2023-06-20 10:39",9.51,9.52,9.5,9.5,0,0.00%,0
"2023-06-20 10:40",9.54,9.57,9.54,9.55,0.05,+0.53%,0
"2023-06-20 10:41",9.57,9.58,9.32,9.32,-0.23,-2.41%,0
"2023-06-20 10:42",9.28,9.33,9.28,9.31,-0.01,-0.11%,0
"2023-06-20 10:43",9.3,9.36,9.28,9.28,-0.03,-0.32%,0
"2023-06-20 10:44",9.28,9.29,9.25,9.25,-0.03,-0.32%,0
"2023-06-20 10:45",9.24,9.24,9.19,9.19,-0.06,-0.65%,0
"2023-06-20 10:46",9.18,9.24,9.18,9.19,0,0.00%,0
"2023-06-20 10:47",9.17,9.2,9.17,9.18,-0.01,-0.11%,0
"2023-06-20 10:48",9.16,9.17,9.16,9.17,-0.01,-0.11%,0
"2023-06-20 10:49",9.18,9.22,9.18,9.19,0.02,+0.22%,0
"2023-06-20 10:50",9.19,9.21,9.19,9.2,0.01,+0.11%,0
"2023-06-20 10:51",9.2,9.24,9.19,9.19,-0.01,-0.11%,0
"2023-06-20 10:52",9.14,9.21,9.14,9.21,0.02,+0.22%,0
"2023-06-20 10:53",9.21,9.28,9.21,9.24,0.03,+0.33%,0
"2023-06-20 10:54",9.22,9.32,9.22,9.28,0.04,+0.43%,0
"2023-06-20 10:55",9.28,9.34,9.28,9.33,0.05,+0.54%,0
"2023-06-20 10:56",9.31,9.31,9.29,9.29,-0.04,-0.43%,0
"2023-06-20 10:57",9.28,9.3,9.24,9.24,-0.05,-0.54%,0
"2023-06-20 10:58",9.26,9.27,9.26,9.26,0.02,+0.22%,0
"2023-06-20 10:59",9.28,9.32,9.28,9.32,0.06,+0.65%,0
"2023-06-20 11:00",9.31,9.33,9.31,9.33,0.01,+0.11%,0
"2023-06-20 11:01",9.3,9.33,9.3,9.33,0,0.00%,0
"2023-06-20 11:02",9.31,9.31,9.26,9.28,-0.05,-0.54%,0
"2023-06-20 11:03",9.28,9.29,9.18,9.18,-0.1,-1.08%,0
"2023-06-20 11:04",9.16,9.18,9.12,9.18,0,0.00%,0
"2023-06-20 11:05",9.17,9.19,9.16,9.16,-0.02,-0.22%,0
"2023-06-20 11:06",9.16,9.16,9.16,9.16,0,0.00%,0
"2023-06-20 11:07",9.15,9.19,9.15,9.19,0.03,+0.33%,0
"2023-06-20 11:08",9.18,9.18,9.16,9.16,-0.03,-0.33%,0
"2023-06-20 11:09",9.16,9.18,9.16,9.18,0.02,+0.22%,0
"2023-06-20 11:10",9.19,9.23,9.19,9.22,0.04,+0.44%,0
"2023-06-20 11:11",9.22,9.31,9.22,9.3,0.08,+0.87%,0
"2023-06-20 11:12",9.28,9.34,9.28,9.34,0.04,+0.43%,0
"2023-06-20 11:13",9.32,9.32,9.29,9.29,-0.05,-0.54%,0
"2023-06-20 11:14",9.3,9.31,9.3,9.31,0.02,+0.22%,0
"2023-06-20 11:15",9.29,9.31,9.29,9.31,0,0.00%,0
"2023-06-20 11:16",9.32,9.32,9.32,9.32,0.01,+0.11%,0
"2023-06-20 11:17",9.3,9.33,9.3,9.33,0.01,+0.11%,0
"2023-06-20 11:18",9.34,9.36,9.33,9.36,0.03,+0.32%,0
"2023-06-20 11:19",9.34,9.36,9.34,9.36,0,0.00%,0
"2023-06-20 11:20",9.36,9.38,9.34,9.34,-0.02,-0.21%,0
"2023-06-20 11:21",9.35,9.39,9.35,9.39,0.05,+0.54%,0
"2023-06-20 11:22",9.39,9.44,9.39,9.44,0.05,+0.53%,0
"2023-06-20 11:23",9.41,9.43,9.41,9.41,-0.03,-0.32%,0
"2023-06-20 11:24",9.38,9.43,9.38,9.43,0.02,+0.21%,0
"2023-06-20 11:25",9.44,9.47,9.44,9.47,0.04,+0.42%,0
"2023-06-20 11:26",9.46,9.46,9.44,9.44,-0.03,-0.32%,0
"2023-06-20 11:27",9.43,9.45,9.42,9.44,0,0.00%,0
"2023-06-20 11:28",9.45,9.46,9.45,9.45,0.01,+0.11%,0
"2023-06-20 11:29",9.47,9.48,9.43,9.43,-0.02,-0.21%,0
"2023-06-20 11:30",9.41,9.41,9.33,9.33,-0.1,-1.06%,0
"2023-06-20 11:31",9.32,9.32,9.27,9.27,-0.06,-0.64%,0
"2023-06-20 11:32",9.27,9.29,9.27,9.28,0.01,+0.11%,0
"2023-06-20 11:33",9.28,9.3,9.28,9.3,0.02,+0.22%,0
"2023-06-20 11:34",9.3,9.31,9.28,9.28,-0.02,-0.22%,0
"2023-06-20 11:35",9.27,9.27,9.24,9.24,-0.04,-0.43%,0
"2023-06-20 11:36",9.23,9.25,9.23,9.23,-0.01,-0.11%,0
"2023-06-20 11:37",9.21,9.24,9.19,9.19,-0.04,-0.43%,0
"2023-06-20 11:38",9.18,9.19,9.18,9.19,0,0.00%,0
"2023-06-20 11:39",9.17,9.2,9.16,9.16,-0.03,-0.33%,0
"2023-06-20 11:40",9.15,9.16,9.13,9.13,-0.03,-0.33%,0
"2023-06-20 11:41",9.12,9.17,9.12,9.16,0.03,+0.33%,0
"2023-06-20 11:42",9.21,9.21,9.16,9.17,0.01,+0.11%,0
"2023-06-20 11:43",9.16,9.18,9.16,9.18,0.01,+0.11%,0
"2023-06-20 11:44",9.17,9.2,9.17,9.2,0.02,+0.22%,0
"2023-06-20 11:45",9.21,9.26,9.21,9.24,0.04,+0.43%,0
"2023-06-20 11:46",9.22,9.25,9.21,9.21,-0.03,-0.32%,0
"2023-06-20 11:47",9.25,9.26,9.23,9.23,0.02,+0.22%,0
"2023-06-20 11:48",9.24,9.25,9.24,9.24,0.01,+0.11%,0
"2023-06-20 11:49",9.23,9.26,9.23,9.25,0.01,+0.11%,0
"2023-06-20 11:50",9.22,9.24,9.22,9.23,-0.02,-0.22%,0
"2023-06-20 11:51",9.21,9.23,9.21,9.21,-0.02,-0.22%,0
"2023-06-20 11:52",9.23,9.26,9.23,9.25,0.04,+0.43%,0
"2023-06-20 11:53",9.23,9.25,9.22,9.23,-0.02,-0.22%,0
"2023-06-20 11:54",9.22,9.23,9.22,9.22,-0.01,-0.11%,0
"2023-06-20 11:55",9.22,9.23,9.22,9.22,0,0.00%,0
"2023-06-20 11:56",9.21,9.23,9.2,9.2,-0.02,-0.22%,0
"2023-06-20 11:57",9.22,9.24,9.22,9.24,0.04,+0.43%,0
"2023-06-20 11:58",9.24,9.28,9.24,9.28,0.04,+0.43%,0
"2023-06-20 11:59",9.29,9.32,9.29,9.32,0.04,+0.43%,0
"2023-06-20 12:00",9.31,9.34,9.31,9.34,0.02,+0.21%,0
"2023-06-20 12:01",9.37,9.41,9.37,9.39,0.05,+0.54%,0
"2023-06-20 12:02",9.38,9.38,9.37,9.37,-0.02,-0.21%,0
"2023-06-20 12:03",9.33,9.36,9.32,9.35,-0.02,-0.21%,0
"2023-06-20 12:04",9.35,9.4,9.35,9.4,0.05,+0.53%,0
"2023-06-20 12:05",9.39,9.41,9.39,9.41,0.01,+0.11%,0
"2023-06-20 12:06",9.43,9.47,9.43,9.43,0.02,+0.21%,0
"2023-06-20 12:07",9.43,9.43,9.42,9.42,-0.01,-0.11%,0
"2023-06-20 12:08",9.44,9.51,9.44,9.51,0.09,+0.96%,0
"2023-06-20 12:09",9.49,9.49,9.45,9.45,-0.06,-0.63%,0
"2023-06-20 12:10",9.45,9.45,9.42,9.42,-0.03,-0.32%,0
"2023-06-20 12:11",9.43,9.45,9.43,9.45,0.03,+0.32%,0
"2023-06-20 12:12",9.45,9.45,9.43,9.43,-0.02,-0.21%,0
"2023-06-20 12:13",9.41,9.42,9.38,9.38,-0.05,-0.53%,0
"2023-06-20 12:14",9.39,9.44,9.36,9.4,0.02,+0.21%,0
"2023-06-20 12:15",9.39,9.41,9.39,9.41,0.01,+0.11%,0
"2023-06-20 12:16",9.4,9.41,9.39,9.41,0,0.00%,0
"2023-06-20 12:17",9.4,9.42,9.4,9.41,0,0.00%,0
"2023-06-20 12:18",9.43,9.45,9.43,9.45,0.04,+0.43%,0
"2023-06-20 12:19",9.45,9.45,9.44,9.45,0,0.00%,0
"2023-06-20 12:20",9.45,9.45,9.44,9.44,-0.01,-0.11%,0
"2023-06-20 12:21",9.43,9.44,9.43,9.44,0,0.00%,0
"2023-06-20 12:22",9.43,9.43,9.42,9.42,-0.02,-0.21%,0
"2023-06-20 12:23",9.41,9.42,9.4,9.42,0,0.00%,0
"2023-06-20 12:24",9.41,9.48,9.41,9.48,0.06,+0.64%,0
"2023-06-20 12:25",9.45,9.49,9.44,9.49,0.01,+0.11%,0
"2023-06-20 12:26",9.6,9.66,9.57,9.57,0.08,+0.84%,0
"2023-06-20 12:27",9.5,9.52,9.5,9.52,-0.05,-0.52%,0
"2023-06-20 12:28",9.54,9.56,9.53,9.53,0.01,+0.11%,0
"2023-06-20 12:29",9.53,9.55,9.53,9.54,0.01,+0.10%,0
"2023-06-20 12:30",9.53,9.54,9.53,9.54,0,0.00%,0
"2023-06-20 12:31",9.53,9.55,9.53,9.55,0.01,+0.10%,0
"2023-06-20 12:32",9.55,9.56,9.54,9.54,-0.01,-0.10%,0
"2023-06-20 12:33",9.56,9.59,9.56,9.59,0.05,+0.52%,0
"2023-06-20 12:34",9.6,9.63,9.58,9.6,0.01,+0.10%,0
"2023-06-20 12:35",9.6,9.72,9.6,9.68,0.08,+0.83%,0
"2023-06-20 12:36",9.68,9.73,9.67,9.67,-0.01,-0.10%,0
"2023-06-20 12:37",9.67,9.69,9.67,9.69,0.02,+0.21%,0
"2023-06-20 12:38",9.68,9.71,9.68,9.69,0,0.00%,0
"2023-06-20 12:39",9.59,9.75,9.59,9.69,0,0.00%,0
"2023-06-20 12:40",9.68,9.72,9.68,9.72,0.03,+0.31%,0
"2023-06-20 12:41",9.75,9.76,9.75,9.76,0.04,+0.41%,0
"2023-06-20 12:42",9.72,9.74,9.72,9.73,-0.03,-0.31%,0
"2023-06-20 12:43",9.74,9.74,9.72,9.72,-0.01,-0.10%,0
"2023-06-20 12:44",9.71,9.74,9.71,9.73,0.01,+0.10%,0
"2023-06-20 12:45",9.67,9.68,9.66,9.66,-0.07,-0.72%,0
"2023-06-20 12:46",9.7,9.72,9.69,9.69,0.03,+0.31%,0
"2023-06-20 12:47",9.66,9.67,9.66,9.67,-0.02,-0.21%,0
"2023-06-20 12:48",9.66,9.68,9.66,9.68,0.01,+0.10%,0
"2023-06-20 12:49",9.7,9.72,9.7,9.71,0.03,+0.31%,0
"2023-06-20 12:50",9.7,9.72,9.7,9.72,0.01,+0.10%,0
"2023-06-20 12:51",9.73,9.76,9.73,9.76,0.04,+0.41%,0
"2023-06-20 12:52",9.77,9.78,9.72,9.72,-0.04,-0.41%,0
"2023-06-20 12:53",9.72,9.74,9.72,9.73,0.01,+0.10%,0
"2023-06-20 12:54",9.73,9.74,9.73,9.74,0.01,+0.10%,0
"2023-06-20 12:55",9.74,9.77,9.74,9.74,0,0.00%,0
"2023-06-20 12:56",9.73,9.73,9.7,9.71,-0.03,-0.31%,0
"2023-06-20 12:57",9.7,9.73,9.7,9.73,0.02,+0.21%,0
"2023-06-20 12:58",9.74,9.76,9.74,9.74,0.01,+0.10%,0
"2023-06-20 12:59",9.74,9.76,9.74,9.76,0.02,+0.21%,0
"2023-06-20 13:00",9.75,9.77,9.75,9.75,-0.01,-0.10%,0
"2023-06-20 13:01",9.75,9.76,9.74,9.76,0.01,+0.10%,0
"2023-06-20 13:02",9.75,9.78,9.75,9.78,0.02,+0.20%,0
"2023-06-20 13:03",9.77,9.81,9.77,9.81,0.03,+0.31%,0
"2023-06-20 13:04",9.8,9.82,9.8,9.82,0.01,+0.10%,0
"2023-06-20 13:05",9.83,9.85,9.83,9.84,0.02,+0.20%,0
"2023-06-20 13:06",9.86,9.87,9.86,9.86,0.02,+0.20%,0
"2023-06-20 13:07",9.89,9.89,9.87,9.88,0.02,+0.20%,0
"2023-06-20 13:08",9.9,9.9,9.89,9.89,0.01,+0.10%,0
"2023-06-20 13:09",9.9,9.91,9.9,9.91,0.02,+0.20%,0
"2023-06-20 13:10",9.92,9.94,9.92,9.93,0.02,+0.20%,0
"2023-06-20 13:11",9.91,9.95,9.91,9.94,0.01,+0.10%,0
"2023-06-20 13:12",9.95,9.96,9.95,9.96,0.02,+0.20%,0
"2023-06-20 13:13",9.96,9.99,9.96,9.97,0.01,+0.10%,0
"2023-06-20 13:14",9.97,10,9.97,9.98,0.01,+0.10%,0
"2023-06-20 13:15",9.98,9.98,9.96,9.98,0,0.00%,0
"2023-06-20 13:16",9.96,9.97,9.96,9.97,-0.01,-0.10%,0
"2023-06-20 13:17",9.96,10,9.96,9.99,0.02,+0.20%,0
"2023-06-20 13:18",10,10.01,10,10.01,0.02,+0.20%,0
"2023-06-20 13:19",10.01,10.02,10.01,10.02,0.01,+0.10%,0
"2023-06-20 13:20",10.02,10.03,10.02,10.03,0.01,+0.10%,0
"2023-06-20 13:21",10.01,10.09,10.01,10.06,0.03,+0.30%,0
"2023-06-20 13:22",10.08,10.18,10.08,10.18,0.12,+1.19%,0
"2023-06-20 13:23",10.19,10.19,10.14,10.14,-0.04,-0.39%,0
"2023-06-20 13:24",10.11,10.13,10.11,10.12,-0.02,-0.20%,0
"2023-06-20 13:25",10.13,10.15,10.13,10.15,0.03,+0.30%,0
"2023-06-20 13:26",10.15,10.16,10.15,10.16,0.01,+0.10%,0
"2023-06-20 13:27",10.16,10.19,10.16,10.17,0.01,+0.10%,0
"2023-06-20 13:28",10.18,10.2,10.18,10.2,0.03,+0.29%,0
"2023-06-20 13:29",10.19,10.22,10.19,10.22,0.02,+0.20%,0
"2023-06-20 13:30",10.19,10.22,10.19,10.22,0,0.00%,0
"2023-06-20 13:31",10.22,10.22,10.21,10.22,0,0.00%,0
"2023-06-20 13:32",10.22,10.22,10.21,10.21,-0.01,-0.10%,0
"2023-06-20 13:33",10.22,10.23,10.22,10.23,0.02,+0.20%,0
"2023-06-20 13:34",10.23,10.24,10.23,10.23,0,0.00%,0
"2023-06-20 13:35",10.24,10.26,10.24,10.26,0.03,+0.29%,0
"2023-06-20 13:36",10.25,10.26,10.25,10.26,0,0.00%,0
"2023-06-20 13:37",10.26,10.27,10.23,10.23,-0.03,-0.29%,0
"2023-06-20 13:38",10.22,10.24,10.22,10.22,-0.01,-0.10%,0
"2023-06-20 13:39",10.22,10.24,10.22,10.23,0.01,+0.10%,0
"2023-06-20 13:40",10.22,10.23,10.22,10.23,0,0.00%,0
"2023-06-20 13:41",10.22,10.24,10.22,10.23,0,0.00%,0
"2023-06-20 13:42",10.21,10.22,10.21,10.22,-0.01,-0.10%,0
"2023-06-20 13:43",10.22,10.24,10.22,10.24,0.02,+0.20%,0
"2023-06-20 13:44",10.24,10.25,10.24,10.24,0,0.00%,0
"2023-06-20 13:45",10.25,10.25,10.25,10.25,0.01,+0.10%,0
"2023-06-20 13:46",10.25,10.27,10.25,10.25,0,0.00%,0
"2023-06-20 13:47",10.25,10.27,10.25,10.26,0.01,+0.10%,0
"2023-06-20 13:48",10.25,10.25,10.22,10.22,-0.04,-0.39%,0
"2023-06-20 13:49",10.22,10.23,10.21,10.21,-0.01,-0.10%,0
"2023-06-20 13:50",10.2,10.2,10.2,10.2,-0.01,-0.10%,0
"2023-06-20 13:51",10.22,10.24,10.21,10.24,0.04,+0.39%,0
"2023-06-20 13:52",10.25,10.25,10.24,10.24,0,0.00%,0
"2023-06-20 13:53",10.23,10.25,10.23,10.25,0.01,+0.10%,0
"2023-06-20 13:54",10.26,10.27,10.25,10.26,0.01,+0.10%,0
"2023-06-20 13:55",10.26,10.28,10.26,10.26,0,0.00%,0
"2023-06-20 13:56",10.26,10.3,10.26,10.28,0.02,+0.19%,0
"2023-06-20 13:57",10.28,10.28,10.24,10.25,-0.03,-0.29%,0
"2023-06-20 13:58",10.24,10.37,10.24,10.37,0.12,+1.17%,0
"2023-06-20 13:59",10.33,10.33,10.28,10.28,-0.09,-0.87%,0
"2023-06-20 14:00",10.27,10.3,10.27,10.3,0.02,+0.19%,0
"2023-06-20 14:01",10.29,10.32,10.29,10.3,0,0.00%,0
"2023-06-20 14:02",10.3,10.31,10.3,10.31,0.01,+0.10%,0
"2023-06-20 14:03",10.31,10.33,10.31,10.32,0.01,+0.10%,0
"2023-06-20 14:04",10.3,10.32,10.3,10.32,0,0.00%,0
"2023-06-20 14:05",10.31,10.34,10.31,10.31,-0.01,-0.10%,0
"2023-06-20 14:06",10.31,10.35,10.31,10.35,0.04,+0.39%,0
"2023-06-20 14:07",10.35,10.36,10.35,10.36,0.01,+0.10%,0
"2023-06-20 14:08",10.36,10.38,10.36,10.38,0.02,+0.19%,0
"2023-06-20 14:09",10.37,10.39,10.37,10.38,0,0.00%,0
"2023-06-20 14:10",10.39,10.39,10.38,10.39,0.01,+0.10%,0
"2023-06-20 14:11",10.38,10.39,10.37,10.38,-0.01,-0.10%,0
"2023-06-20 14:12",10.38,10.4,10.38,10.39,0.01,+0.10%,0
"2023-06-20 14:13",10.38,10.39,10.37,10.39,0,0.00%,0
"2023-06-20 14:14",10.38,10.39,10.38,10.39,0,0.00%,0
"2023-06-20 14:15",10.38,10.4,10.38,10.39,0,0.00%,0
"2023-06-20 14:16",10.36,10.38,10.36,10.38,-0.01,-0.10%,0
"2023-06-20 14:17",10.38,10.4,10.38,10.39,0.01,+0.10%,0
"2023-06-20 14:18",10.4,10.4,10.39,10.39,0,0.00%,0
"2023-06-20 14:19",10.4,10.4,10.39,10.39,0,0.00%,0
"2023-06-20 14:20",10.4,10.4,10.38,10.38,-0.01,-0.10%,0
"2023-06-20 14:21",10.4,10.4,10.38,10.38,0,0.00%,0
"2023-06-20 14:22",10.38,10.39,10.38,10.39,0.01,+0.10%,0
"2023-06-20 14:23",10.39,10.39,10.37,10.37,-0.02,-0.19%,0
"2023-06-20 14:24",10.37,10.39,10.37,10.39,0.02,+0.19%,0
"2023-06-20 14:25",10.39,10.4,10.39,10.4,0.01,+0.10%,0
"2023-06-20 14:26",10.41,10.42,10.41,10.41,0.01,+0.10%,0
"2023-06-20 14:27",10.41,10.44,10.41,10.44,0.03,+0.29%,0
"2023-06-20 14:28",10.44,10.45,10.44,10.45,0.01,+0.10%,0
"2023-06-20 14:29",10.46,10.48,10.46,10.48,0.03,+0.29%,0
"2023-06-20 14:30",10.48,10.52,10.48,10.52,0.04,+0.38%,0
"2023-06-20 14:31",10.52,10.53,10.52,10.53,0.01,+0.10%,0
"2023-06-20 14:32",10.52,10.56,10.52,10.56,0.03,+0.28%,0
"2023-06-20 14:33",10.56,10.59,10.56,10.59,0.03,+0.28%,0
"2023-06-20 14:34",10.58,10.66,10.58,10.66,0.07,+0.66%,0
"2023-06-20 14:35",10.63,10.65,10.63,10.65,-0.01,-0.09%,0
"2023-06-20 14:36",10.66,10.68,10.66,10.67,0.02,+0.19%,0
"2023-06-20 14:37",10.65,10.68,10.65,10.68,0.01,+0.09%,0
"2023-06-20 14:38",10.67,10.67,10.66,10.66,-0.02,-0.19%,0
"2023-06-20 14:39",10.64,10.65,10.64,10.64,-0.02,-0.19%,0
"2023-06-20 14:40",10.63,10.65,10.62,10.62,-0.02,-0.19%,0
"2023-06-20 14:41",10.62,10.62,10.6,10.61,-0.01,-0.09%,0
"2023-06-20 14:42",10.62,10.62,10.6,10.61,0,0.00%,0
"2023-06-20 14:43",10.6,10.62,10.6,10.62,0.01,+0.09%,0
"2023-06-20 14:44",10.61,10.62,10.61,10.61,-0.01,-0.09%,0
"2023-06-20 14:45",10.6,10.65,10.6,10.65,0.04,+0.38%,0
"2023-06-20 14:46",10.65,10.65,10.61,10.61,-0.04,-0.38%,0
"2023-06-20 14:47",10.62,10.64,10.6,10.6,-0.01,-0.09%,0
"2023-06-20 14:48",10.62,10.62,10.61,10.62,0.02,+0.19%,0
"2023-06-20 14:49",10.63,10.64,10.63,10.63,0.01,+0.09%,0
"2023-06-20 14:50",10.62,10.64,10.62,10.62,-0.01,-0.09%,0
"2023-06-20 14:51",10.62,10.63,10.61,10.61,-0.01,-0.09%,0
"2023-06-20 14:52",10.61,10.62,10.61,10.61,0,0.00%,0
"2023-06-20 14:53",10.62,10.62,10.6,10.6,-0.01,-0.09%,0
"2023-06-20 14:54",10.56,10.56,10.55,10.55,-0.05,-0.47%,0
"2023-06-20 14:55",10.55,10.6,10.55,10.6,0.05,+0.47%,0
"2023-06-20 14:56",10.6,10.61,10.6,10.61,0.01,+0.09%,0
"2023-06-20 14:57",10.62,10.64,10.62,10.64,0.03,+0.28%,0
"2023-06-20 14:58",10.63,10.64,10.62,10.62,-0.02,-0.19%,0
"2023-06-20 14:59",10.62,10.64,10.62,10.63,0.01,+0.09%,0
"2023-06-20 15:00",10.63,10.63,10.61,10.61,-0.02,-0.19%,0
"2023-06-20 15:01",10.62,10.62,10.61,10.61,0,0.00%,0
"2023-06-20 15:02",10.61,10.63,10.61,10.63,0.02,+0.19%,0
"2023-06-20 15:03",10.61,10.65,10.61,10.65,0.02,+0.19%,0
"2023-06-20 15:04",10.65,10.7,10.65,10.7,0.05,+0.47%,0
"2023-06-20 15:05",10.69,10.71,10.69,10.71,0.01,+0.09%,0
"2023-06-20 15:06",10.71,10.73,10.71,10.73,0.02,+0.19%,0
"2023-06-20 15:07",10.73,10.74,10.73,10.74,0.01,+0.09%,0
"2023-06-20 15:08",10.74,10.76,10.74,10.76,0.02,+0.19%,0
"2023-06-20 15:09",10.77,10.77,10.74,10.74,-0.02,-0.19%,0
"2023-06-20 15:10",10.74,10.75,10.74,10.75,0.01,+0.09%,0
"2023-06-20 15:11",10.77,10.79,10.77,10.77,0.02,+0.19%,0
"2023-06-20 15:12",10.76,10.78,10.76,10.77,0,0.00%,0
"2023-06-20 15:13",10.77,10.79,10.77,10.78,0.01,+0.09%,0
"2023-06-20 15:14",10.78,10.78,10.76,10.76,-0.02,-0.19%,0
"2023-06-20 15:15",10.75,10.75,10.73,10.73,-0.03,-0.28%,0
"2023-06-20 15:16",10.72,10.74,10.72,10.74,0.01,+0.09%,0
"2023-06-20 15:17",10.74,10.75,10.74,10.75,0.01,+0.09%,0
"2023-06-20 15:18",10.75,10.76,10.75,10.76,0.01,+0.09%,0
"2023-06-20 15:19",10.75,10.75,10.74,10.74,-0.02,-0.19%,0
"2023-06-20 15:20",10.74,10.74,10.73,10.73,-0.01,-0.09%,0
"2023-06-20 15:21",10.74,10.77,10.74,10.77,0.04,+0.37%,0
"2023-06-20 15:22",10.76,10.77,10.76,10.76,-0.01,-0.09%,0
"2023-06-20 15:23",10.74,10.76,10.69,10.69,-0.07,-0.65%,0
"2023-06-20 15:24",10.69,10.69,10.68,10.68,-0.01,-0.09%,0
"2023-06-20 15:25",10.68,10.68,10.67,10.67,-0.01,-0.09%,0
"2023-06-20 15:26",10.67,10.69,10.67,10.68,0.01,+0.09%,0
"2023-06-20 15:27",10.69,10.7,10.69,10.7,0.02,+0.19%,0
"2023-06-20 15:28",10.7,10.71,10.7,10.71,0.01,+0.09%,0
"2023-06-20 15:29",10.72,10.72,10.71,10.71,0,0.00%,0
"2023-06-20 15:30",10.69,10.7,10.66,10.66,-0.05,-0.47%,0
"2023-06-20 15:31",10.66,10.67,10.66,10.67,0.01,+0.09%,0
"2023-06-20 15:32",10.66,10.68,10.66,10.68,0.01,+0.09%,0
"2023-06-20 15:33",10.71,10.73,10.71,10.72,0.04,+0.37%,0
"2023-06-20 15:34",10.71,10.73,10.71,10.73,0.01,+0.09%,0
"2023-06-20 15:35",10.72,10.76,10.72,10.74,0.01,+0.09%,0
"2023-06-20 15:36",10.76,10.8,10.76,10.8,0.06,+0.56%,0
"2023-06-20 15:37",10.81,10.81,10.79,10.79,-0.01,-0.09%,0
"2023-06-20 15:38",10.78,10.81,10.78,10.81,0.02,+0.19%,0
"2023-06-20 15:39",10.8,10.8,10.78,10.78,-0.03,-0.28%,0
"2023-06-20 15:40",10.78,10.78,10.78,10.78,0,0.00%,0
"2023-06-20 15:41",10.78,10.79,10.78,10.78,0,0.00%,0
"2023-06-20 15:42",10.77,10.78,10.73,10.73,-0.05,-0.46%,0
"2023-06-20 15:43",10.73,10.73,10.68,10.68,-0.05,-0.47%,0
"2023-06-20 15:44",10.69,10.69,10.67,10.67,-0.01,-0.09%,0
"2023-06-20 15:45",10.66,10.67,10.66,10.67,0,0.00%,0
"2023-06-20 15:46",10.68,10.7,10.68,10.69,0.02,+0.19%,0
"2023-06-20 15:47",10.72,10.75,10.72,10.72,0.03,+0.28%,0
"2023-06-20 15:48",10.73,10.73,10.66,10.66,-0.06,-0.56%,0
"2023-06-20 15:49",10.63,10.65,10.62,10.62,-0.04,-0.38%,0
"2023-06-20 15:50",10.59,10.59,10.53,10.53,-0.09,-0.85%,0
"2023-06-20 15:51",10.55,10.6,10.55,10.6,0.07,+0.66%,0
"2023-06-20 15:52",10.6,10.62,10.6,10.62,0.02,+0.19%,0
"2023-06-20 15:53",10.61,10.62,10.61,10.62,0,0.00%,0
"2023-06-20 15:54",10.64,10.82,10.64,10.82,0.2,+1.88%,0
"2023-06-20 15:55",10.84,10.84,10.83,10.84,0.02,+0.18%,0
"2023-06-20 15:56",10.81,10.84,10.81,10.82,-0.02,-0.18%,0
"2023-06-20 15:57",10.81,10.83,10.81,10.82,0,0.00%,0
"2023-06-20 15:58",10.84,10.84,10.76,10.76,-0.06,-0.55%,0
"2023-06-20 15:59",10.76,10.76,10.74,10.75,-0.01,-0.09%,0
"2023-06-20 16:00",10.75,10.84,10.75,10.82,0.07,+0.65%,0
"2023-06-20 16:01",10.93,10.94,10.86,10.86,0.04,+0.37%,0
"2023-06-20 16:02",10.85,10.95,10.85,10.95,0.09,+0.83%,0
"2023-06-20 16:03",10.92,10.93,10.92,10.93,-0.02,-0.18%,0
"2023-06-20 16:04",10.88,10.89,10.88,10.89,-0.04,-0.37%,0
"2023-06-20 16:05",10.94,10.95,10.9,10.9,0.01,+0.09%,0
"2023-06-20 16:06",10.9,10.95,10.9,10.93,0.03,+0.28%,0
"2023-06-20 16:07",10.94,10.95,10.94,10.94,0.01,+0.09%,0
"2023-06-20 16:08",10.95,10.98,10.92,10.93,-0.01,-0.09%,0
"2023-06-20 16:09",10.92,10.94,10.9,10.9,-0.03,-0.27%,0
"2023-06-20 16:10",10.91,10.92,10.91,10.92,0.02,+0.18%,0
"2023-06-20 16:11",10.91,10.93,10.91,10.91,-0.01,-0.09%,0
"2023-06-20 16:12",10.93,10.95,10.93,10.94,0.03,+0.27%,0
"2023-06-20 16:13",10.92,11.04,10.92,11.04,0.1,+0.91%,0
"2023-06-20 16:14",11.03,11.05,11.02,11.05,0.01,+0.09%,0
"2023-06-20 16:15",11.04,11.04,11.04,11.04,-0.01,-0.09%,0
"2023-06-21 09:31",9.79,9.84,9.71,9.71,-1.33,-12.05%,0
"2023-06-21 09:32",9.69,9.69,9.53,9.53,-0.18,-1.85%,0
"2023-06-21 09:33",9.54,9.54,9.53,9.53,0,0.00%,0
"2023-06-21 09:34",9.51,9.51,9.49,9.49,-0.04,-0.42%,0
"2023-06-21 09:35",9.48,9.51,9.48,9.51,0.02,+0.21%,0
"2023-06-21 09:36",9.5,9.51,9.46,9.46,-0.05,-0.53%,0
"2023-06-21 09:37",9.47,9.48,9.47,9.47,0.01,+0.11%,0
"2023-06-21 09:38",9.49,9.56,9.49,9.53,0.06,+0.63%,0
"2023-06-21 09:39",9.53,9.53,9.5,9.51,-0.02,-0.21%,0
"2023-06-21 09:40",9.52,9.54,9.52,9.54,0.03,+0.32%,0
"2023-06-21 09:41",9.52,9.55,9.51,9.51,-0.03,-0.31%,0
"2023-06-21 09:42",9.5,9.52,9.5,9.52,0.01,+0.11%,0
"2023-06-21 09:43",9.53,9.57,9.53,9.55,0.03,+0.32%,0
"2023-06-21 09:44",9.53,9.53,9.5,9.5,-0.05,-0.52%,0
"2023-06-21 09:45",9.49,9.51,9.48,9.51,0.01,+0.11%,0
"2023-06-21 09:46",9.51,9.53,9.51,9.52,0.01,+0.11%,0
"2023-06-21 09:47",9.45,9.49,9.4,9.49,-0.03,-0.32%,0
"2023-06-21 09:48",9.47,9.51,9.47,9.5,0.01,+0.11%,0
"2023-06-21 09:49",9.51,9.55,9.51,9.55,0.05,+0.53%,0
"2023-06-21 09:50",9.54,9.57,9.51,9.51,-0.04,-0.42%,0
"2023-06-21 09:51",9.52,9.54,9.52,9.54,0.03,+0.32%,0
"2023-06-21 09:52",9.53,9.59,9.53,9.58,0.04,+0.42%,0
"2023-06-21 09:53",9.57,9.62,9.57,9.62,0.04,+0.42%,0
"2023-06-21 09:54",9.6,9.61,9.59,9.61,-0.01,-0.10%,0
"2023-06-21 09:55",9.61,9.64,9.61,9.63,0.02,+0.21%,0
"2023-06-21 09:56",9.62,9.68,9.62,9.68,0.05,+0.52%,0
"2023-06-21 09:57",9.71,9.78,9.71,9.78,0.1,+1.03%,0
"2023-06-21 09:58",9.76,9.77,9.73,9.73,-0.05,-0.51%,0
"2023-06-21 09:59",9.73,9.73,9.71,9.71,-0.02,-0.21%,0
"2023-06-21 10:00",9.68,9.68,9.61,9.61,-0.1,-1.03%,0
"2023-06-21 10:01",9.61,9.79,9.61,9.79,0.18,+1.87%,0
"2023-06-21 10:02",9.78,9.86,9.78,9.84,0.05,+0.51%,0
"2023-06-21 10:03",9.8,9.89,9.8,9.85,0.01,+0.10%,0
"2023-06-21 10:04",9.81,9.81,9.76,9.8,-0.05,-0.51%,0
"2023-06-21 10:05",9.8,9.83,9.75,9.75,-0.05,-0.51%,0
"2023-06-21 10:06",9.75,9.8,9.75,9.8,0.05,+0.51%,0
"2023-06-21 10:07",9.8,9.85,9.8,9.84,0.04,+0.41%,0
"2023-06-21 10:08",9.82,9.88,9.82,9.86,0.02,+0.20%,0
"2023-06-21 10:09",9.86,9.87,9.82,9.87,0.01,+0.10%,0
"2023-06-21 10:10",9.88,9.91,9.88,9.88,0.01,+0.10%,0
"2023-06-21 10:11",9.86,9.91,9.85,9.85,-0.03,-0.30%,0
"2023-06-21 10:12",9.79,9.79,9.74,9.76,-0.09,-0.91%,0
"2023-06-21 10:13",9.73,9.77,9.73,9.76,0,0.00%,0
"2023-06-21 10:14",9.76,9.77,9.76,9.76,0,0.00%,0
"2023-06-21 10:15",9.76,9.76,9.66,9.66,-0.1,-1.02%,0
"2023-06-21 10:16",9.62,9.67,9.57,9.57,-0.09,-0.93%,0
"2023-06-21 10:17",9.58,9.7,9.58,9.7,0.13,+1.36%,0
"2023-06-21 10:18",9.65,9.67,9.65,9.67,-0.03,-0.31%,0
"2023-06-21 10:19",9.66,9.69,9.66,9.68,0.01,+0.10%,0
"2023-06-21 10:20",9.67,9.67,9.63,9.65,-0.03,-0.31%,0
"2023-06-21 10:21",9.67,9.72,9.67,9.67,0.02,+0.21%,0
"2023-06-21 10:22",9.67,9.7,9.67,9.68,0.01,+0.10%,0
"2023-06-21 10:23",9.68,9.68,9.64,9.67,-0.01,-0.10%,0
"2023-06-21 10:24",9.64,9.68,9.64,9.68,0.01,+0.10%,0
"2023-06-21 10:25",9.68,9.73,9.68,9.72,0.04,+0.41%,0
"2023-06-21 10:26",9.69,9.71,9.69,9.71,-0.01,-0.10%,0
"2023-06-21 10:27",9.74,9.75,9.74,9.74,0.03,+0.31%,0
"2023-06-21 10:28",9.7,9.71,9.68,9.68,-0.06,-0.62%,0
"2023-06-21 10:29",9.66,9.69,9.66,9.68,0,0.00%,0
"2023-06-21 10:30",9.66,9.66,9.6,9.6,-0.08,-0.83%,0
"2023-06-21 10:31",9.57,9.61,9.56,9.61,0.01,+0.10%,0
"2023-06-21 10:32",9.6,9.64,9.6,9.63,0.02,+0.21%,0
"2023-06-21 10:33",9.62,9.64,9.62,9.64,0.01,+0.10%,0
"2023-06-21 10:34",9.63,9.63,9.61,9.62,-0.02,-0.21%,0
"2023-06-21 10:35",9.61,9.61,9.58,9.58,-0.04,-0.42%,0
"2023-06-21 10:36",9.57,9.62,9.57,9.62,0.04,+0.42%,0
"2023-06-21 10:37",9.6,9.65,9.6,9.65,0.03,+0.31%,0
"2023-06-21 10:38",9.66,9.66,9.62,9.62,-0.03,-0.31%,0
"2023-06-21 10:39",9.62,9.62,9.6,9.61,-0.01,-0.10%,0
"2023-06-21 10:40",9.63,9.63,9.62,9.63,0.02,+0.21%,0
"2023-06-21 10:41",9.62,9.63,9.62,9.63,0,0.00%,0
"2023-06-21 10:42",9.62,9.62,9.59,9.6,-0.03,-0.31%,0
"2023-06-21 10:43",9.6,9.6,9.59,9.59,-0.01,-0.10%,0
"2023-06-21 10:44",9.6,9.65,9.6,9.63,0.04,+0.42%,0
"2023-06-21 10:45",9.63,9.68,9.63,9.68,0.05,+0.52%,0
"2023-06-21 10:46",9.67,9.68,9.67,9.67,-0.01,-0.10%,0
"2023-06-21 10:47",9.67,9.68,9.66,9.66,-0.01,-0.10%,0
"2023-06-21 10:48",9.63,9.71,9.63,9.71,0.05,+0.52%,0
"2023-06-21 10:49",9.77,9.82,9.7,9.7,-0.01,-0.10%,0
"2023-06-21 10:50",9.72,9.79,9.72,9.77,0.07,+0.72%,0
"2023-06-21 10:51",9.77,9.77,9.69,9.69,-0.08,-0.82%,0
"2023-06-21 10:52",9.67,9.71,9.67,9.71,0.02,+0.21%,0
"2023-06-21 10:53",9.71,9.73,9.71,9.73,0.02,+0.21%,0
"2023-06-21 10:54",9.72,9.77,9.71,9.72,-0.01,-0.10%,0
"2023-06-21 10:55",9.7,9.7,9.62,9.62,-0.1,-1.03%,0
"2023-06-21 10:56",9.52,9.59,9.52,9.57,-0.05,-0.52%,0
"2023-06-21 10:57",9.56,9.57,9.56,9.56,-0.01,-0.10%,0
"2023-06-21 10:58",9.56,9.59,9.55,9.55,-0.01,-0.10%,0
"2023-06-21 10:59",9.56,9.56,9.49,9.49,-0.06,-0.63%,0
"2023-06-21 11:00",9.46,9.47,9.44,9.44,-0.05,-0.53%,0
"2023-06-21 11:01",9.42,9.44,9.41,9.42,-0.02,-0.21%,0
"2023-06-21 11:02",9.4,9.45,9.4,9.45,0.03,+0.32%,0
"2023-06-21 11:03",9.45,9.46,9.45,9.45,0,0.00%,0
"2023-06-21 11:04",9.46,9.51,9.46,9.51,0.06,+0.63%,0
"2023-06-21 11:05",9.52,9.52,9.48,9.48,-0.03,-0.32%,0
"2023-06-21 11:06",9.48,9.5,9.48,9.5,0.02,+0.21%,0
"2023-06-21 11:07",9.52,9.54,9.52,9.52,0.02,+0.21%,0
"2023-06-21 11:08",9.53,9.62,9.53,9.62,0.1,+1.05%,0
"2023-06-21 11:09",9.64,9.66,9.64,9.64,0.02,+0.21%,0
"2023-06-21 11:10",9.64,9.65,9.62,9.65,0.01,+0.10%,0
"2023-06-21 11:11",9.63,9.63,9.62,9.62,-0.03,-0.31%,0
"2023-06-21 11:12",9.63,9.64,9.6,9.6,-0.02,-0.21%,0
"2023-06-21 11:13",9.59,9.61,9.59,9.61,0.01,+0.10%,0
"2023-06-21 11:14",9.61,9.65,9.61,9.65,0.04,+0.42%,0
"2023-06-21 11:15",9.66,9.66,9.64,9.64,-0.01,-0.10%,0
"2023-06-21 11:16",9.65,9.68,9.65,9.68,0.04,+0.41%,0
"2023-06-21 11:17",9.7,9.72,9.7,9.72,0.04,+0.41%,0
"2023-06-21 11:18",9.72,9.73,9.72,9.72,0,0.00%,0
"2023-06-21 11:19",9.72,9.76,9.72,9.74,0.02,+0.21%,0
"2023-06-21 11:20",9.73,9.73,9.67,9.69,-0.05,-0.51%,0
"2023-06-21 11:21",9.71,9.71,9.68,9.68,-0.01,-0.10%,0
"2023-06-21 11:22",9.68,9.68,9.67,9.68,0,0.00%,0
"2023-06-21 11:23",9.66,9.67,9.66,9.67,-0.01,-0.10%,0
"2023-06-21 11:24",9.66,9.72,9.66,9.72,0.05,+0.52%,0
"2023-06-21 11:25",9.7,9.7,9.69,9.69,-0.03,-0.31%,0
"2023-06-21 11:26",9.64,9.64,9.59,9.59,-0.1,-1.03%,0
"2023-06-21 11:27",9.59,9.59,9.56,9.57,-0.02,-0.21%,0
"2023-06-21 11:28",9.57,9.57,9.51,9.51,-0.06,-0.63%,0
"2023-06-21 11:29",9.51,9.51,9.48,9.48,-0.03,-0.32%,0
"2023-06-21 11:30",9.47,9.48,9.45,9.48,0,0.00%,0
"2023-06-21 11:31",9.48,9.51,9.45,9.45,-0.03,-0.32%,0
"2023-06-21 11:32",9.44,9.45,9.42,9.42,-0.03,-0.32%,0
"2023-06-21 11:33",9.47,9.48,9.47,9.47,0.05,+0.53%,0
"2023-06-21 11:34",9.48,9.49,9.48,9.49,0.02,+0.21%,0
"2023-06-21 11:35",9.49,9.49,9.48,9.48,-0.01,-0.11%,0
"2023-06-21 11:36",9.46,9.49,9.46,9.47,-0.01,-0.11%,0
"2023-06-21 11:37",9.46,9.47,9.46,9.47,0,0.00%,0
"2023-06-21 11:38",9.41,9.42,9.39,9.4,-0.07,-0.74%,0
"2023-06-21 11:39",9.4,9.43,9.39,9.39,-0.01,-0.11%,0
"2023-06-21 11:40",9.39,9.42,9.37,9.37,-0.02,-0.21%,0
"2023-06-21 11:41",9.36,9.36,9.31,9.31,-0.06,-0.64%,0
"2023-06-21 11:42",9.29,9.34,9.29,9.34,0.03,+0.32%,0
"2023-06-21 11:43",9.31,9.32,9.29,9.32,-0.02,-0.21%,0
"2023-06-21 11:44",9.3,9.33,9.3,9.3,-0.02,-0.21%,0
"2023-06-21 11:45",9.32,9.38,9.32,9.38,0.08,+0.86%,0
"2023-06-21 11:46",9.35,9.35,9.31,9.32,-0.06,-0.64%,0
"2023-06-21 11:47",9.36,9.37,9.36,9.37,0.05,+0.54%,0
"2023-06-21 11:48",9.38,9.4,9.38,9.39,0.02,+0.21%,0
"2023-06-21 11:49",9.39,9.4,9.39,9.4,0.01,+0.11%,0
"2023-06-21 11:50",9.39,9.4,9.39,9.4,0,0.00%,0
"2023-06-21 11:51",9.4,9.41,9.4,9.4,0,0.00%,0
"2023-06-21 11:52",9.44,9.48,9.42,9.42,0.02,+0.21%,0
"2023-06-21 11:53",9.42,9.49,9.42,9.49,0.07,+0.74%,0
"2023-06-21 11:54",9.49,9.51,9.49,9.51,0.02,+0.21%,0
"2023-06-21 11:55",9.54,9.56,9.53,9.53,0.02,+0.21%,0
"2023-06-21 11:56",9.51,9.53,9.5,9.53,0,0.00%,0
"2023-06-21 11:57",9.54,9.55,9.53,9.53,0,0.00%,0
"2023-06-21 11:58",9.54,9.55,9.53,9.53,0,0.00%,0
"2023-06-21 11:59",9.53,9.56,9.53,9.56,0.03,+0.31%,0
"2023-06-21 12:00",9.57,9.59,9.57,9.58,0.02,+0.21%,0
"2023-06-21 12:01",9.55,9.55,9.51,9.51,-0.07,-0.73%,0
"2023-06-21 12:02",9.51,9.54,9.5,9.5,-0.01,-0.11%,0
"2023-06-21 12:03",9.48,9.5,9.45,9.45,-0.05,-0.53%,0
"2023-06-21 12:04",9.44,9.45,9.44,9.45,0,0.00%,0
"2023-06-21 12:05",9.42,9.43,9.39,9.39,-0.06,-0.63%,0
"2023-06-21 12:06",9.38,9.4,9.38,9.4,0.01,+0.11%,0
"2023-06-21 12:07",9.39,9.39,9.36,9.36,-0.04,-0.43%,0
"2023-06-21 12:08",9.36,9.38,9.36,9.37,0.01,+0.11%,0
"2023-06-21 12:09",9.38,9.42,9.38,9.41,0.04,+0.43%,0
"2023-06-21 12:10",9.4,9.4,9.39,9.39,-0.02,-0.21%,0
"2023-06-21 12:11",9.4,9.44,9.4,9.43,0.04,+0.43%,0
"2023-06-21 12:12",9.42,9.48,9.42,9.48,0.05,+0.53%,0
"2023-06-21 12:13",9.47,9.5,9.47,9.5,0.02,+0.21%,0
"2023-06-21 12:14",9.5,9.51,9.49,9.49,-0.01,-0.11%,0
"2023-06-21 12:15",9.49,9.51,9.48,9.48,-0.01,-0.11%,0
"2023-06-21 12:16",9.47,9.5,9.47,9.49,0.01,+0.11%,0
"2023-06-21 12:17",9.47,9.49,9.47,9.48,-0.01,-0.11%,0
"2023-06-21 12:18",9.46,9.48,9.44,9.45,-0.03,-0.32%,0
"2023-06-21 12:19",9.47,9.49,9.47,9.49,0.04,+0.42%,0
"2023-06-21 12:20",9.49,9.49,9.47,9.47,-0.02,-0.21%,0
"2023-06-21 12:21",9.45,9.5,9.45,9.5,0.03,+0.32%,0
"2023-06-21 12:22",9.51,9.52,9.48,9.48,-0.02,-0.21%,0
"2023-06-21 12:23",9.48,9.52,9.48,9.52,0.04,+0.42%,0
"2023-06-21 12:24",9.52,9.52,9.5,9.5,-0.02,-0.21%,0
"2023-06-21 12:25",9.49,9.49,9.48,9.49,-0.01,-0.11%,0
"2023-06-21 12:26",9.49,9.51,9.49,9.51,0.02,+0.21%,0
"2023-06-21 12:27",9.51,9.56,9.51,9.55,0.04,+0.42%,0
"2023-06-21 12:28",9.55,9.57,9.55,9.55,0,0.00%,0
"2023-06-21 12:29",9.54,9.54,9.51,9.51,-0.04,-0.42%,0
"2023-06-21 12:30",9.51,9.55,9.51,9.55,0.04,+0.42%,0
"2023-06-21 12:31",9.55,9.55,9.51,9.51,-0.04,-0.42%,0
"2023-06-21 12:32",9.53,9.54,9.52,9.52,0.01,+0.11%,0
"2023-06-21 12:33",9.53,9.55,9.53,9.54,0.02,+0.21%,0
"2023-06-21 12:34",9.56,9.56,9.52,9.52,-0.02,-0.21%,0
"2023-06-21 12:35",9.54,9.62,9.54,9.6,0.08,+0.84%,0
"2023-06-21 12:36",9.58,9.61,9.58,9.6,0,0.00%,0
"2023-06-21 12:37",9.59,9.6,9.57,9.57,-0.03,-0.31%,0
"2023-06-21 12:38",9.57,9.58,9.56,9.56,-0.01,-0.10%,0
"2023-06-21 12:39",9.56,9.58,9.56,9.57,0.01,+0.10%,0
"2023-06-21 12:40",9.56,9.57,9.56,9.57,0,0.00%,0
"2023-06-21 12:41",9.56,9.56,9.55,9.55,-0.02,-0.21%,0
"2023-06-21 12:42",9.52,9.56,9.52,9.55,0,0.00%,0
"2023-06-21 12:43",9.54,9.59,9.54,9.57,0.02,+0.21%,0
"2023-06-21 12:44",9.58,9.59,9.57,9.57,0,0.00%,0
"2023-06-21 12:45",9.54,9.63,9.54,9.63,0.06,+0.63%,0
"2023-06-21 12:46",9.66,9.69,9.66,9.68,0.05,+0.52%,0
"2023-06-21 12:47",9.66,9.66,9.66,9.66,-0.02,-0.21%,0
"2023-06-21 12:48",9.66,9.68,9.64,9.65,-0.01,-0.10%,0
"2023-06-21 12:49",9.65,9.67,9.64,9.64,-0.01,-0.10%,0
"2023-06-21 12:50",9.63,9.65,9.63,9.65,0.01,+0.10%,0
"2023-06-21 12:51",9.65,9.65,9.64,9.64,-0.01,-0.10%,0
"2023-06-21 12:52",9.66,9.66,9.65,9.65,0.01,+0.10%,0
"2023-06-21 12:53",9.68,9.68,9.65,9.65,0,0.00%,0
"2023-06-21 12:54",9.65,9.7,9.65,9.7,0.05,+0.52%,0
"2023-06-21 12:55",9.71,9.73,9.71,9.71,0.01,+0.10%,0
"2023-06-21 12:56",9.72,9.79,9.72,9.79,0.08,+0.82%,0
"2023-06-21 12:57",9.78,9.83,9.78,9.82,0.03,+0.31%,0
"2023-06-21 12:58",9.81,9.84,9.81,9.82,0,0.00%,0
"2023-06-21 12:59",9.83,9.85,9.81,9.83,0.01,+0.10%,0
"2023-06-21 13:00",9.82,9.89,9.82,9.89,0.06,+0.61%,0
"2023-06-21 13:01",9.9,10.03,9.9,10.01,0.12,+1.21%,0
"2023-06-21 13:02",9.96,9.98,9.96,9.97,-0.04,-0.40%,0
"2023-06-21 13:03",9.99,10.01,9.99,10.01,0.04,+0.40%,0
"2023-06-21 13:04",10.01,10.01,9.91,9.93,-0.08,-0.80%,0
"2023-06-21 13:05",9.93,9.94,9.92,9.94,0.01,+0.10%,0
"2023-06-21 13:06",9.95,9.96,9.94,9.94,0,0.00%,0
"2023-06-21 13:07",9.92,9.93,9.92,9.93,-0.01,-0.10%,0
"2023-06-21 13:08",9.94,9.94,9.92,9.94,0.01,+0.10%,0
"2023-06-21 13:09",9.92,9.92,9.9,9.9,-0.04,-0.40%,0
"2023-06-21 13:10",9.91,9.91,9.9,9.9,0,0.00%,0
"2023-06-21 13:11",9.89,9.91,9.89,9.91,0.01,+0.10%,0
"2023-06-21 13:12",9.92,9.92,9.86,9.86,-0.05,-0.50%,0
"2023-06-21 13:13",9.88,9.92,9.88,9.92,0.06,+0.61%,0
"2023-06-21 13:14",9.92,9.93,9.92,9.93,0.01,+0.10%,0
"2023-06-21 13:15",9.93,9.93,9.91,9.91,-0.02,-0.20%,0
"2023-06-21 13:16",9.9,9.91,9.87,9.87,-0.04,-0.40%,0
"2023-06-21 13:17",9.86,9.86,9.83,9.83,-0.04,-0.41%,0
"2023-06-21 13:18",9.81,9.83,9.81,9.81,-0.02,-0.20%,0
"2023-06-21 13:19",9.8,9.82,9.8,9.81,0,0.00%,0
"2023-06-21 13:20",9.81,9.83,9.81,9.82,0.01,+0.10%,0
"2023-06-21 13:21",9.82,9.9,9.82,9.9,0.08,+0.81%,0
"2023-06-21 13:22",9.9,9.92,9.9,9.92,0.02,+0.20%,0
"2023-06-21 13:23",9.92,9.94,9.92,9.94,0.02,+0.20%,0
"2023-06-21 13:24",9.92,9.93,9.91,9.93,-0.01,-0.10%,0
"2023-06-21 13:25",9.94,9.98,9.94,9.97,0.04,+0.40%,0
"2023-06-21 13:26",9.98,10,9.98,10,0.03,+0.30%,0
"2023-06-21 13:27",10,10,9.99,9.99,-0.01,-0.10%,0
"2023-06-21 13:28",9.99,10,9.99,9.99,0,0.00%,0
"2023-06-21 13:29",9.98,10.01,9.98,10.01,0.02,+0.20%,0
"2023-06-21 13:30",10.02,10.02,10,10,-0.01,-0.10%,0
"2023-06-21 13:31",10.01,10.02,10,10.02,0.02,+0.20%,0
"2023-06-21 13:32",10.05,10.05,10.03,10.03,0.01,+0.10%,0
"2023-06-21 13:33",10.03,10.04,10.03,10.03,0,0.00%,0
"2023-06-21 13:34",10.04,10.04,10.02,10.02,-0.01,-0.10%,0
"2023-06-21 13:35",10.02,10.04,10.02,10.03,0.01,+0.10%,0
"2023-06-21 13:36",10.04,10.05,10.04,10.04,0.01,+0.10%,0
"2023-06-21 13:37",10.06,10.07,10.06,10.06,0.02,+0.20%,0
"2023-06-21 13:38",10.04,10.06,10.04,10.04,-0.02,-0.20%,0
"2023-06-21 13:39",10.02,10.04,10.02,10.02,-0.02,-0.20%,0
"2023-06-21 13:40",10.02,10.05,10.02,10.02,0,0.00%,0
"2023-06-21 13:41",10.01,10.02,10.01,10.02,0,0.00%,0
"2023-06-21 13:42",10.01,10.05,10.01,10.05,0.03,+0.30%,0
"2023-06-21 13:43",10.04,10.04,9.92,9.92,-0.13,-1.29%,0
"2023-06-21 13:44",9.93,9.97,9.93,9.97,0.05,+0.50%,0
"2023-06-21 13:45",9.98,9.98,9.94,9.94,-0.03,-0.30%,0
"2023-06-21 13:46",9.91,9.94,9.91,9.94,0,0.00%,0
"2023-06-21 13:47",9.93,9.93,9.9,9.9,-0.04,-0.40%,0
"2023-06-21 13:48",9.9,9.92,9.9,9.91,0.01,+0.10%,0
"2023-06-21 13:49",9.9,9.91,9.9,9.9,-0.01,-0.10%,0
"2023-06-21 13:50",9.89,9.91,9.89,9.9,0,0.00%,0
"2023-06-21 13:51",9.91,9.92,9.89,9.89,-0.01,-0.10%,0
"2023-06-21 13:52",9.88,9.9,9.88,9.9,0.01,+0.10%,0
"2023-06-21 13:53",9.88,9.89,9.88,9.88,-0.02,-0.20%,0
"2023-06-21 13:54",9.87,9.9,9.87,9.89,0.01,+0.10%,0
"2023-06-21 13:55",9.89,9.91,9.89,9.91,0.02,+0.20%,0
"2023-06-21 13:56",9.91,9.95,9.91,9.94,0.03,+0.30%,0
"2023-06-21 13:57",9.93,9.97,9.93,9.97,0.03,+0.30%,0
"2023-06-21 13:58",9.99,10.01,9.99,10.01,0.04,+0.40%,0
"2023-06-21 13:59",10.02,10.02,10,10,-0.01,-0.10%,0
"2023-06-21 14:00",9.98,10,9.98,9.98,-0.02,-0.20%,0
"2023-06-21 14:01",9.99,10,9.99,9.99,0.01,+0.10%,0
"2023-06-21 14:02",10,10.02,10,10.02,0.03,+0.30%,0
"2023-06-21 14:03",10.02,10.03,10.02,10.02,0,0.00%,0
"2023-06-21 14:04",10.02,10.03,10.02,10.03,0.01,+0.10%,0
"2023-06-21 14:05",10.05,10.07,10.04,10.04,0.01,+0.10%,0
"2023-06-21 14:06",10.03,10.06,10.03,10.06,0.02,+0.20%,0
"2023-06-21 14:07",10.06,10.08,10.06,10.07,0.01,+0.10%,0
"2023-06-21 14:08",10.07,10.08,10.07,10.07,0,0.00%,0
"2023-06-21 14:09",10.07,10.09,10.07,10.09,0.02,+0.20%,0
"2023-06-21 14:10",10.09,10.09,10.09,10.09,0,0.00%,0
"2023-06-21 14:11",10.09,10.11,10.09,10.09,0,0.00%,0
"2023-06-21 14:12",10.08,10.1,10.08,10.09,0,0.00%,0
"2023-06-21 14:13",10.08,10.1,10.08,10.09,0,0.00%,0
"2023-06-21 14:14",10.08,10.09,10.08,10.08,-0.01,-0.10%,0
"2023-06-21 14:15",10.07,10.07,10.05,10.05,-0.03,-0.30%,0
"2023-06-21 14:16",10.05,10.06,10.05,10.05,0,0.00%,0
"2023-06-21 14:17",10.06,10.1,10.06,10.1,0.05,+0.50%,0
"2023-06-21 14:18",10.11,10.14,10.11,10.12,0.02,+0.20%,0
"2023-06-21 14:19",10.1,10.1,10.07,10.07,-0.05,-0.49%,0
"2023-06-21 14:20",10.09,10.12,10.08,10.1,0.03,+0.30%,0
"2023-06-21 14:21",10.1,10.13,10.1,10.13,0.03,+0.30%,0
"2023-06-21 14:22",10.14,10.17,10.14,10.17,0.04,+0.39%,0
"2023-06-21 14:23",10.18,10.18,10.15,10.15,-0.02,-0.20%,0
"2023-06-21 14:24",10.16,10.16,10.14,10.14,-0.01,-0.10%,0
"2023-06-21 14:25",10.14,10.14,10.12,10.12,-0.02,-0.20%,0
"2023-06-21 14:26",10.11,10.11,10.05,10.05,-0.07,-0.69%,0
"2023-06-21 14:27",10.04,10.05,10.03,10.05,0,0.00%,0
"2023-06-21 14:28",10.04,10.08,10.04,10.08,0.03,+0.30%,0
"2023-06-21 14:29",10.08,10.09,10.08,10.08,0,0.00%,0
"2023-06-21 14:30",10.08,10.1,10.08,10.09,0.01,+0.10%,0
"2023-06-21 14:31",10.07,10.1,10.07,10.09,0,0.00%,0
"2023-06-21 14:32",10.09,10.12,10.09,10.12,0.03,+0.30%,0
"2023-06-21 14:33",10.12,10.12,10.1,10.11,-0.01,-0.10%,0
"2023-06-21 14:34",10.1,10.15,10.1,10.15,0.04,+0.40%,0
"2023-06-21 14:35",10.17,10.18,10.17,10.17,0.02,+0.20%,0
"2023-06-21 14:36",10.17,10.2,10.17,10.18,0.01,+0.10%,0
"2023-06-21 14:37",10.17,10.19,10.17,10.17,-0.01,-0.10%,0
"2023-06-21 14:38",10.18,10.2,10.15,10.15,-0.02,-0.20%,0
"2023-06-21 14:39",10.16,10.16,10.15,10.16,0.01,+0.10%,0
"2023-06-21 14:40",10.16,10.16,10.16,10.16,0,0.00%,0
"2023-06-21 14:41",10.14,10.17,10.14,10.16,0,0.00%,0
"2023-06-21 14:42",10.16,10.19,10.16,10.19,0.03,+0.30%,0
"2023-06-21 14:43",10.19,10.19,10.17,10.17,-0.02,-0.20%,0
"2023-06-21 14:44",10.17,10.19,10.17,10.19,0.02,+0.20%,0
"2023-06-21 14:45",10.19,10.21,10.19,10.21,0.02,+0.20%,0
"2023-06-21 14:46",10.19,10.23,10.19,10.23,0.02,+0.20%,0
"2023-06-21 14:47",10.23,10.25,10.23,10.25,0.02,+0.20%,0
"2023-06-21 14:48",10.23,10.25,10.23,10.23,-0.02,-0.20%,0
"2023-06-21 14:49",10.24,10.3,10.24,10.3,0.07,+0.68%,0
"2023-06-21 14:50",10.29,10.29,10.27,10.28,-0.02,-0.19%,0
"2023-06-21 14:51",10.28,10.29,10.27,10.27,-0.01,-0.10%,0
"2023-06-21 14:52",10.27,10.27,10.23,10.23,-0.04,-0.39%,0
"2023-06-21 14:53",10.23,10.23,10.22,10.22,-0.01,-0.10%,0
"2023-06-21 14:54",10.2,10.2,10.17,10.17,-0.05,-0.49%,0
"2023-06-21 14:55",10.15,10.17,10.15,10.16,-0.01,-0.10%,0
"2023-06-21 14:56",10.16,10.21,10.16,10.2,0.04,+0.39%,0
"2023-06-21 14:57",10.2,10.22,10.19,10.19,-0.01,-0.10%,0
"2023-06-21 14:58",10.19,10.21,10.19,10.21,0.02,+0.20%,0
"2023-06-21 14:59",10.21,10.22,10.21,10.21,0,0.00%,0
"2023-06-21 15:00",10.21,10.21,10.2,10.21,0,0.00%,0
"2023-06-21 15:01",10.2,10.27,10.2,10.27,0.06,+0.59%,0
"2023-06-21 15:02",10.27,10.29,10.26,10.29,0.02,+0.19%,0
"2023-06-21 15:03",10.28,10.32,10.28,10.3,0.01,+0.10%,0
"2023-06-21 15:04",10.28,10.29,10.28,10.29,-0.01,-0.10%,0
"2023-06-21 15:05",10.31,10.4,10.31,10.38,0.09,+0.87%,0
"2023-06-21 15:06",10.35,10.35,10.3,10.32,-0.06,-0.58%,0
"2023-06-21 15:07",10.32,10.32,10.31,10.31,-0.01,-0.10%,0
"2023-06-21 15:08",10.32,10.34,10.32,10.32,0.01,+0.10%,0
"2023-06-21 15:09",10.33,10.33,10.32,10.32,0,0.00%,0
"2023-06-21 15:10",10.31,10.31,10.29,10.29,-0.03,-0.29%,0
"2023-06-21 15:11",10.26,10.26,10.22,10.22,-0.07,-0.68%,0
"2023-06-21 15:12",10.21,10.21,10.17,10.17,-0.05,-0.49%,0
"2023-06-21 15:13",10.16,10.17,10.15,10.15,-0.02,-0.20%,0
"2023-06-21 15:14",10.13,10.15,10.13,10.14,-0.01,-0.10%,0
"2023-06-21 15:15",10.13,10.13,10.09,10.09,-0.05,-0.49%,0
"2023-06-21 15:16",10.1,10.11,10.09,10.11,0.02,+0.20%,0
"2023-06-21 15:17",10.09,10.12,10.09,10.12,0.01,+0.10%,0
"2023-06-21 15:18",10.12,10.14,10.12,10.12,0,0.00%,0
"2023-06-21 15:19",10.12,10.12,10.12,10.12,0,0.00%,0
"2023-06-21 15:20",10.11,10.18,10.11,10.17,0.05,+0.49%,0
"2023-06-21 15:21",10.14,10.15,10.14,10.14,-0.03,-0.29%,0
"2023-06-21 15:22",10.15,10.17,10.15,10.17,0.03,+0.30%,0
"2023-06-21 15:23",10.17,10.17,10.16,10.16,-0.01,-0.10%,0
"2023-06-21 15:24",10.15,10.17,10.14,10.14,-0.02,-0.20%,0
"2023-06-21 15:25",10.13,10.16,10.13,10.16,0.02,+0.20%,0
"2023-06-21 15:26",10.16,10.18,10.14,10.14,-0.02,-0.20%,0
"2023-06-21 15:27",10.14,10.14,10.12,10.12,-0.02,-0.20%,0
"2023-06-21 15:28",10.12,10.13,10.09,10.09,-0.03,-0.30%,0
"2023-06-21 15:29",10.08,10.08,10.07,10.07,-0.02,-0.20%,0
"2023-06-21 15:30",10.06,10.07,10.06,10.07,0,0.00%,0
"2023-06-21 15:31",10.07,10.16,10.07,10.16,0.09,+0.89%,0
"2023-06-21 15:32",10.17,10.22,10.17,10.22,0.06,+0.59%,0
"2023-06-21 15:33",10.24,10.27,10.22,10.25,0.03,+0.29%,0
"2023-06-21 15:34",10.19,10.28,10.19,10.28,0.03,+0.29%,0
"2023-06-21 15:35",10.29,10.38,10.29,10.38,0.1,+0.97%,0
"2023-06-21 15:36",10.4,10.42,10.4,10.41,0.03,+0.29%,0
"2023-06-21 15:37",10.4,10.42,10.4,10.42,0.01,+0.10%,0
"2023-06-21 15:38",10.42,10.42,10.39,10.42,0,0.00%,0
"2023-06-21 15:39",10.43,10.5,10.43,10.48,0.06,+0.58%,0
"2023-06-21 15:40",10.4,10.41,10.38,10.38,-0.1,-0.95%,0
"2023-06-21 15:41",10.37,10.39,10.37,10.39,0.01,+0.10%,0
"2023-06-21 15:42",10.38,10.41,10.38,10.41,0.02,+0.19%,0
"2023-06-21 15:43",10.41,10.44,10.41,10.43,0.02,+0.19%,0
"2023-06-21 15:44",10.42,10.45,10.42,10.44,0.01,+0.10%,0
"2023-06-21 15:45",10.46,10.46,10.43,10.43,-0.01,-0.10%,0
"2023-06-21 15:46",10.43,10.43,10.43,10.43,0,0.00%,0
"2023-06-21 15:47",10.41,10.41,10.37,10.37,-0.06,-0.58%,0
"2023-06-21 15:48",10.32,10.36,10.32,10.35,-0.02,-0.19%,0
"2023-06-21 15:49",10.35,10.35,10.32,10.32,-0.03,-0.29%,0
"2023-06-21 15:50",10.33,10.33,10.31,10.31,-0.01,-0.10%,0
"2023-06-21 15:51",10.3,10.31,10.3,10.31,0,0.00%,0
"2023-06-21 15:52",10.3,10.34,10.3,10.32,0.01,+0.10%,0
"2023-06-21 15:53",10.33,10.38,10.33,10.38,0.06,+0.58%,0
"2023-06-21 15:54",10.38,10.38,10.33,10.33,-0.05,-0.48%,0
"2023-06-21 15:55",10.36,10.43,10.36,10.43,0.1,+0.97%,0
"2023-06-21 15:56",10.47,10.47,10.42,10.44,0.01,+0.10%,0
"2023-06-21 15:57",10.45,10.48,10.45,10.48,0.04,+0.38%,0
"2023-06-21 15:58",10.49,10.54,10.48,10.52,0.04,+0.38%,0
"2023-06-21 15:59",10.54,10.59,10.53,10.53,0.01,+0.10%,0
"2023-06-21 16:00",10.55,10.55,10.49,10.55,0.02,+0.19%,0
"2023-06-21 16:01",10.55,10.64,10.55,10.62,0.07,+0.66%,0
"2023-06-21 16:02",10.59,10.66,10.59,10.66,0.04,+0.38%,0
"2023-06-21 16:03",10.68,10.75,10.68,10.75,0.09,+0.84%,0
"2023-06-21 16:04",10.73,10.74,10.71,10.72,-0.03,-0.28%,0
"2023-06-21 16:05",10.7,10.71,10.69,10.71,-0.01,-0.09%,0
"2023-06-21 16:06",10.72,10.79,10.72,10.79,0.08,+0.75%,0
"2023-06-21 16:07",10.78,10.79,10.78,10.79,0,0.00%,0
"2023-06-21 16:08",10.79,10.79,10.65,10.65,-0.14,-1.30%,0
"2023-06-21 16:09",10.67,10.69,10.67,10.69,0.04,+0.38%,0
"2023-06-21 16:10",10.7,10.7,10.7,10.7,0.01,+0.09%,0
"2023-06-21 16:11",10.7,10.73,10.7,10.73,0.03,+0.28%,0
"2023-06-21 16:12",10.72,10.85,10.72,10.81,0.08,+0.75%,0
"2023-06-21 16:13",10.83,10.83,10.81,10.82,0.01,+0.09%,0
"2023-06-21 16:14",10.83,10.87,10.83,10.87,0.05,+0.46%,0
"2023-06-21 16:15",10.93,10.93,10.93,10.93,0.06,+0.55%,0
"2023-06-22 09:31",9.43,9.43,9.33,9.33,-1.6,-14.64%,0
"2023-06-22 09:32",9.32,9.32,9.24,9.24,-0.09,-0.96%,0
"2023-06-22 09:33",9.2,9.2,9.05,9.05,-0.19,-2.06%,0
"2023-06-22 09:34",9.06,9.08,9.05,9.08,0.03,+0.33%,0
"2023-06-22 09:35",9.05,9.05,8.95,8.95,-0.13,-1.43%,0
"2023-06-22 09:36",8.94,8.94,8.94,8.94,-0.01,-0.11%,0
"2023-06-22 09:37",8.85,8.94,8.85,8.94,0,0.00%,0
"2023-06-22 09:38",8.94,8.96,8.91,8.96,0.02,+0.22%,0
"2023-06-22 09:39",9.02,9.13,9.02,9.13,0.17,+1.90%,0
"2023-06-22 09:40",9.13,9.13,9.09,9.09,-0.04,-0.44%,0
"2023-06-22 09:41",9.11,9.15,9.11,9.13,0.04,+0.44%,0
"2023-06-22 09:42",9.13,9.15,9.05,9.05,-0.08,-0.88%,0
"2023-06-22 09:43",9.07,9.07,9.03,9.05,0,0.00%,0
"2023-06-22 09:44",9.07,9.07,9,9,-0.05,-0.55%,0
"2023-06-22 09:45",8.93,8.95,8.92,8.94,-0.06,-0.67%,0
"2023-06-22 09:46",8.94,8.96,8.91,8.91,-0.03,-0.34%,0
"2023-06-22 09:47",8.9,8.92,8.9,8.92,0.01,+0.11%,0
"2023-06-22 09:48",8.91,8.91,8.83,8.83,-0.09,-1.01%,0
"2023-06-22 09:49",8.83,8.84,8.82,8.82,-0.01,-0.11%,0
"2023-06-22 09:50",8.81,8.81,8.78,8.78,-0.04,-0.45%,0
"2023-06-22 09:51",8.78,8.79,8.68,8.68,-0.1,-1.14%,0
"2023-06-22 09:52",8.67,8.71,8.67,8.69,0.01,+0.12%,0
"2023-06-22 09:53",8.68,8.71,8.68,8.71,0.02,+0.23%,0
"2023-06-22 09:54",8.71,8.74,8.71,8.74,0.03,+0.34%,0
"2023-06-22 09:55",8.7,8.72,8.67,8.72,-0.02,-0.23%,0
"2023-06-22 09:56",8.73,8.76,8.73,8.76,0.04,+0.46%,0
"2023-06-22 09:57",8.77,8.79,8.76,8.79,0.03,+0.34%,0
"2023-06-22 09:58",8.8,8.83,8.8,8.81,0.02,+0.23%,0
"2023-06-22 09:59",8.82,8.88,8.75,8.75,-0.06,-0.68%,0
"2023-06-22 10:00",8.75,8.8,8.75,8.8,0.05,+0.57%,0
"2023-06-22 10:01",8.78,8.84,8.78,8.84,0.04,+0.45%,0
"2023-06-22 10:02",8.84,8.84,8.73,8.73,-0.11,-1.24%,0
"2023-06-22 10:03",8.74,8.74,8.71,8.71,-0.02,-0.23%,0
"2023-06-22 10:04",8.71,8.72,8.69,8.69,-0.02,-0.23%,0
"2023-06-22 10:05",8.69,8.73,8.69,8.73,0.04,+0.46%,0
"2023-06-22 10:06",8.75,8.77,8.74,8.74,0.01,+0.11%,0
"2023-06-22 10:07",8.77,8.81,8.77,8.81,0.07,+0.80%,0
"2023-06-22 10:08",8.81,8.83,8.8,8.83,0.02,+0.23%,0
"2023-06-22 10:09",8.85,8.85,8.77,8.77,-0.06,-0.68%,0
"2023-06-22 10:10",8.77,8.79,8.77,8.79,0.02,+0.23%,0
"2023-06-22 10:11",8.8,8.8,8.72,8.78,-0.01,-0.11%,0
"2023-06-22 10:12",8.73,8.77,8.73,8.75,-0.03,-0.34%,0
"2023-06-22 10:13",8.68,8.82,8.68,8.8,0.05,+0.57%,0
"2023-06-22 10:14",8.84,9.01,8.84,9.01,0.21,+2.39%,0
"2023-06-22 10:15",9.02,9.06,8.94,9.06,0.05,+0.55%,0
"2023-06-22 10:16",9.04,9.04,8.98,8.98,-0.08,-0.88%,0
"2023-06-22 10:17",9.01,9.01,8.94,8.94,-0.04,-0.45%,0
"2023-06-22 10:18",8.95,8.96,8.95,8.96,0.02,+0.22%,0
"2023-06-22 10:19",8.96,8.96,8.91,8.91,-0.05,-0.56%,0
"2023-06-22 10:20",8.9,8.94,8.9,8.94,0.03,+0.34%,0
"2023-06-22 10:21",8.92,8.92,8.9,8.9,-0.04,-0.45%,0
"2023-06-22 10:22",8.94,8.97,8.94,8.95,0.05,+0.56%,0
"2023-06-22 10:23",8.96,8.99,8.96,8.97,0.02,+0.22%,0
"2023-06-22 10:24",8.95,8.97,8.94,8.94,-0.03,-0.33%,0
"2023-06-22 10:25",8.94,8.94,8.93,8.94,0,0.00%,0
"2023-06-22 10:26",8.94,8.94,8.94,8.94,0,0.00%,0
"2023-06-22 10:27",8.95,8.97,8.95,8.97,0.03,+0.34%,0
"2023-06-22 10:28",8.96,9,8.96,9,0.03,+0.33%,0
"2023-06-22 10:29",9,9,8.97,8.97,-0.03,-0.33%,0
"2023-06-22 10:30",8.95,8.99,8.95,8.97,0,0.00%,0
"2023-06-22 10:31",8.96,8.97,8.95,8.95,-0.02,-0.22%,0
"2023-06-22 10:32",8.96,8.99,8.96,8.97,0.02,+0.22%,0
"2023-06-22 10:33",8.96,8.96,8.93,8.93,-0.04,-0.45%,0
"2023-06-22 10:34",8.9,8.95,8.9,8.95,0.02,+0.22%,0
"2023-06-22 10:35",8.95,8.98,8.95,8.97,0.02,+0.22%,0
"2023-06-22 10:36",8.97,9,8.97,9,0.03,+0.33%,0
"2023-06-22 10:37",8.97,8.98,8.95,8.95,-0.05,-0.56%,0
"2023-06-22 10:38",8.95,8.97,8.91,8.91,-0.04,-0.45%,0
"2023-06-22 10:39",8.94,8.94,8.93,8.94,0.03,+0.34%,0
"2023-06-22 10:40",8.9,8.9,8.84,8.86,-0.08,-0.89%,0
"2023-06-22 10:41",8.92,9.12,8.92,9.08,0.22,+2.48%,0
"2023-06-22 10:42",9.07,9.21,9.07,9.19,0.11,+1.21%,0
"2023-06-22 10:43",9.08,9.18,9.08,9.18,-0.01,-0.11%,0
"2023-06-22 10:44",9.17,9.19,9.15,9.15,-0.03,-0.33%,0
"2023-06-22 10:45",9.15,9.17,9.15,9.16,0.01,+0.11%,0
"2023-06-22 10:46",9.17,9.25,9.17,9.25,0.09,+0.98%,0
"2023-06-22 10:47",9.23,9.28,9.17,9.17,-0.08,-0.86%,0
"2023-06-22 10:48",9.16,9.17,9.12,9.12,-0.05,-0.55%,0
"2023-06-22 10:49",9.1,9.1,9.03,9.03,-0.09,-0.99%,0
"2023-06-22 10:50",9.01,9.01,8.92,8.92,-0.11,-1.22%,0
"2023-06-22 10:51",8.93,8.93,8.91,8.91,-0.01,-0.11%,0
"2023-06-22 10:52",8.91,8.92,8.91,8.92,0.01,+0.11%,0
"2023-06-22 10:53",8.9,8.97,8.9,8.97,0.05,+0.56%,0
"2023-06-22 10:54",9,9.01,8.99,9.01,0.04,+0.45%,0
"2023-06-22 10:55",9.07,9.13,9.07,9.07,0.06,+0.67%,0
"2023-06-22 10:56",9.07,9.1,9.07,9.1,0.03,+0.33%,0
"2023-06-22 10:57",9.08,9.1,9.07,9.07,-0.03,-0.33%,0
"2023-06-22 10:58",9.08,9.09,9.01,9.01,-0.06,-0.66%,0
"2023-06-22 10:59",9.01,9.01,8.97,8.97,-0.04,-0.44%,0
"2023-06-22 11:00",8.96,8.96,8.94,8.94,-0.03,-0.33%,0
"2023-06-22 11:01",8.93,8.95,8.93,8.95,0.01,+0.11%,0
"2023-06-22 11:02",8.94,8.95,8.94,8.94,-0.01,-0.11%,0
"2023-06-22 11:03",8.94,8.95,8.87,8.87,-0.07,-0.78%,0
"2023-06-22 11:04",8.87,8.88,8.87,8.88,0.01,+0.11%,0
"2023-06-22 11:05",8.88,8.88,8.84,8.87,-0.01,-0.11%,0
"2023-06-22 11:06",8.88,8.88,8.83,8.84,-0.03,-0.34%,0
"2023-06-22 11:07",8.9,8.91,8.89,8.89,0.05,+0.57%,0
"2023-06-22 11:08",8.91,8.93,8.91,8.93,0.04,+0.45%,0
"2023-06-22 11:09",8.94,8.94,8.91,8.91,-0.02,-0.22%,0
"2023-06-22 11:10",8.91,8.93,8.91,8.93,0.02,+0.22%,0
"2023-06-22 11:11",8.93,8.96,8.91,8.96,0.03,+0.34%,0
"2023-06-22 11:12",8.94,8.96,8.94,8.96,0,0.00%,0
"2023-06-22 11:13",8.95,8.96,8.95,8.95,-0.01,-0.11%,0
"2023-06-22 11:14",8.96,8.99,8.96,8.99,0.04,+0.45%,0
"2023-06-22 11:15",8.95,8.97,8.95,8.97,-0.02,-0.22%,0
"2023-06-22 11:16",8.97,8.98,8.95,8.95,-0.02,-0.22%,0
"2023-06-22 11:17",8.94,8.96,8.94,8.95,0,0.00%,0
"2023-06-22 11:18",8.93,8.94,8.92,8.94,-0.01,-0.11%,0
"2023-06-22 11:19",8.93,8.96,8.93,8.95,0.01,+0.11%,0
"2023-06-22 11:20",8.94,8.95,8.91,8.91,-0.04,-0.45%,0
"2023-06-22 11:21",8.91,8.95,8.91,8.95,0.04,+0.45%,0
"2023-06-22 11:22",8.95,9.03,8.95,9.03,0.08,+0.89%,0
"2023-06-22 11:23",9.03,9.03,9,9,-0.03,-0.33%,0
"2023-06-22 11:24",9,9,8.99,8.99,-0.01,-0.11%,0
"2023-06-22 11:25",8.98,9,8.98,9,0.01,+0.11%,0
"2023-06-22 11:26",9,9.04,9,9.04,0.04,+0.44%,0
"2023-06-22 11:27",9.03,9.03,9.02,9.02,-0.02,-0.22%,0
"2023-06-22 11:28",9.05,9.06,9.04,9.05,0.03,+0.33%,0
"2023-06-22 11:29",9.07,9.08,9.06,9.06,0.01,+0.11%,0
"2023-06-22 11:30",9.07,9.07,9.05,9.06,0,0.00%,0
"2023-06-22 11:31",9.06,9.07,9.06,9.06,0,0.00%,0
"2023-06-22 11:32",9.07,9.07,9.06,9.06,0,0.00%,0
"2023-06-22 11:33",9.04,9.05,9.03,9.03,-0.03,-0.33%,0
"2023-06-22 11:34",9.03,9.06,9.03,9.06,0.03,+0.33%,0
"2023-06-22 11:35",9.07,9.07,9.05,9.05,-0.01,-0.11%,0
"2023-06-22 11:36",9.05,9.08,9.05,9.07,0.02,+0.22%,0
"2023-06-22 11:37",9.07,9.07,9.04,9.04,-0.03,-0.33%,0
"2023-06-22 11:38",9.01,9.01,8.98,8.98,-0.06,-0.66%,0
"2023-06-22 11:39",9,9,9,9,0.02,+0.22%,0
"2023-06-22 11:40",9,9.04,9,9.04,0.04,+0.44%,0
"2023-06-22 11:41",9.03,9.03,8.97,8.97,-0.07,-0.77%,0
"2023-06-22 11:42",8.96,8.96,8.93,8.93,-0.04,-0.45%,0
"2023-06-22 11:43",8.92,8.92,8.91,8.91,-0.02,-0.22%,0
"2023-06-22 11:44",8.91,8.94,8.91,8.92,0.01,+0.11%,0
"2023-06-22 11:45",8.92,8.93,8.92,8.93,0.01,+0.11%,0
"2023-06-22 11:46",8.91,8.93,8.91,8.93,0,0.00%,0
"2023-06-22 11:47",8.92,8.93,8.86,8.86,-0.07,-0.78%,0
"2023-06-22 11:48",8.86,8.89,8.86,8.89,0.03,+0.34%,0
"2023-06-22 11:49",8.89,8.92,8.89,8.91,0.02,+0.22%,0
"2023-06-22 11:50",8.9,8.94,8.9,8.94,0.03,+0.34%,0
"2023-06-22 11:51",8.95,8.95,8.92,8.94,0,0.00%,0
"2023-06-22 11:52",8.97,9.01,8.97,9.01,0.07,+0.78%,0
"2023-06-22 11:53",8.97,8.99,8.97,8.99,-0.02,-0.22%,0
"2023-06-22 11:54",8.96,8.97,8.94,8.96,-0.03,-0.33%,0
"2023-06-22 11:55",8.96,8.97,8.96,8.97,0.01,+0.11%,0
"2023-06-22 11:56",8.95,8.97,8.95,8.96,-0.01,-0.11%,0
"2023-06-22 11:57",8.96,8.98,8.96,8.97,0.01,+0.11%,0
"2023-06-22 11:58",8.96,8.99,8.96,8.99,0.02,+0.22%,0
"2023-06-22 11:59",8.99,9,8.99,9,0.01,+0.11%,0
"2023-06-22 12:00",9.01,9.06,9.01,9.06,0.06,+0.67%,0
"2023-06-22 12:01",9.05,9.15,9.04,9.15,0.09,+0.99%,0
"2023-06-22 12:02",9.12,9.12,9.09,9.09,-0.06,-0.66%,0
"2023-06-22 12:03",9.1,9.11,9.1,9.11,0.02,+0.22%,0
"2023-06-22 12:04",9.12,9.12,9.02,9.02,-0.09,-0.99%,0
"2023-06-22 12:05",9,9.03,9,9.03,0.01,+0.11%,0
"2023-06-22 12:06",9.03,9.04,9.03,9.03,0,0.00%,0
"2023-06-22 12:07",9.01,9.03,9.01,9.01,-0.02,-0.22%,0
"2023-06-22 12:08",9.02,9.02,8.99,8.99,-0.02,-0.22%,0
"2023-06-22 12:09",9,9.01,8.98,8.98,-0.01,-0.11%,0
"2023-06-22 12:10",8.99,9.02,8.99,9.02,0.04,+0.45%,0
"2023-06-22 12:11",9.03,9.06,9.03,9.06,0.04,+0.44%,0
"2023-06-22 12:12",9.07,9.09,9.07,9.08,0.02,+0.22%,0
"2023-06-22 12:13",9.06,9.1,9.06,9.09,0.01,+0.11%,0
"2023-06-22 12:14",9.1,9.1,9.09,9.09,0,0.00%,0
"2023-06-22 12:15",9.1,9.11,9.09,9.09,0,0.00%,0
"2023-06-22 12:16",9.09,9.13,9.09,9.13,0.04,+0.44%,0
"2023-06-22 12:17",9.12,9.13,9.09,9.09,-0.04,-0.44%,0
"2023-06-22 12:18",9.11,9.12,9.11,9.12,0.03,+0.33%,0
"2023-06-22 12:19",9.13,9.14,9.12,9.12,0,0.00%,0
"2023-06-22 12:20",9.12,9.16,9.12,9.15,0.03,+0.33%,0
"2023-06-22 12:21",9.15,9.15,9.11,9.11,-0.04,-0.44%,0
"2023-06-22 12:22",9.12,9.14,9.12,9.14,0.03,+0.33%,0
"2023-06-22 12:23",9.12,9.15,9.12,9.15,0.01,+0.11%,0
"2023-06-22 12:24",9.12,9.16,9.12,9.15,0,0.00%,0
"2023-06-22 12:25",9.13,9.17,9.13,9.14,-0.01,-0.11%,0
"2023-06-22 12:26",9.13,9.17,9.13,9.17,0.03,+0.33%,0
"2023-06-22 12:27",9.18,9.25,9.18,9.25,0.08,+0.87%,0
"2023-06-22 12:28",9.22,9.24,9.19,9.19,-0.06,-0.65%,0
"2023-06-22 12:29",9.18,9.22,9.18,9.22,0.03,+0.33%,0
"2023-06-22 12:30",9.19,9.19,9.19,9.19,-0.03,-0.33%,0
"2023-06-22 12:31",9.18,9.18,9.14,9.14,-0.05,-0.54%,0
"2023-06-22 12:32",9.14,9.17,9.14,9.17,0.03,+0.33%,0
"2023-06-22 12:33",9.17,9.17,9.14,9.14,-0.03,-0.33%,0
"2023-06-22 12:34",9.14,9.16,9.14,9.14,0,0.00%,0
"2023-06-22 12:35",9.13,9.13,9.08,9.08,-0.06,-0.66%,0
"2023-06-22 12:36",9.05,9.08,9.05,9.07,-0.01,-0.11%,0
"2023-06-22 12:37",9.08,9.09,9.08,9.09,0.02,+0.22%,0
"2023-06-22 12:38",9.09,9.12,9.09,9.12,0.03,+0.33%,0
"2023-06-22 12:39",9.13,9.14,9.12,9.12,0,0.00%,0
"2023-06-22 12:40",9.12,9.15,9.12,9.15,0.03,+0.33%,0
"2023-06-22 12:41",9.14,9.14,9.14,9.14,-0.01,-0.11%,0
"2023-06-22 12:42",9.17,9.19,9.16,9.16,0.02,+0.22%,0
"2023-06-22 12:43",9.17,9.2,9.17,9.2,0.04,+0.44%,0
"2023-06-22 12:44",9.19,9.2,9.18,9.18,-0.02,-0.22%,0
"2023-06-22 12:45",9.17,9.19,9.17,9.18,0,0.00%,0
"2023-06-22 12:46",9.18,9.19,9.18,9.18,0,0.00%,0
"2023-06-22 12:47",9.17,9.18,9.17,9.17,-0.01,-0.11%,0
"2023-06-22 12:48",9.17,9.19,9.17,9.19,0.02,+0.22%,0
"2023-06-22 12:49",9.21,9.25,9.21,9.25,0.06,+0.65%,0
"2023-06-22 12:50",9.25,9.27,9.25,9.26,0.01,+0.11%,0
"2023-06-22 12:51",9.27,9.28,9.27,9.27,0.01,+0.11%,0
"2023-06-22 12:52",9.27,9.27,9.26,9.27,0,0.00%,0
"2023-06-22 12:53",9.26,9.28,9.26,9.27,0,0.00%,0
"2023-06-22 12:54",9.25,9.28,9.25,9.28,0.01,+0.11%,0
"2023-06-22 12:55",9.28,9.28,9.28,9.28,0,0.00%,0
"2023-06-22 12:56",9.28,9.29,9.28,9.29,0.01,+0.11%,0
"2023-06-22 12:57",9.3,9.31,9.3,9.3,0.01,+0.11%,0
"2023-06-22 12:58",9.3,9.3,9.21,9.22,-0.08,-0.86%,0
"2023-06-22 12:59",9.21,9.23,9.18,9.18,-0.04,-0.43%,0
"2023-06-22 13:00",9.19,9.21,9.19,9.21,0.03,+0.33%,0
"2023-06-22 13:01",9.2,9.2,9.16,9.16,-0.05,-0.54%,0
"2023-06-22 13:02",9.16,9.18,9.16,9.17,0.01,+0.11%,0
"2023-06-22 13:03",9.21,9.34,9.21,9.3,0.13,+1.42%,0
"2023-06-22 13:04",9.33,9.46,9.33,9.46,0.16,+1.72%,0
"2023-06-22 13:05",9.49,9.52,9.43,9.43,-0.03,-0.32%,0
"2023-06-22 13:06",9.42,9.42,9.38,9.38,-0.05,-0.53%,0
"2023-06-22 13:07",9.37,9.4,9.36,9.4,0.02,+0.21%,0
"2023-06-22 13:08",9.4,9.44,9.4,9.44,0.04,+0.43%,0
"2023-06-22 13:09",9.44,9.47,9.44,9.47,0.03,+0.32%,0
"2023-06-22 13:10",9.47,9.51,9.47,9.51,0.04,+0.42%,0
"2023-06-22 13:11",9.5,9.55,9.5,9.55,0.04,+0.42%,0
"2023-06-22 13:12",9.56,9.57,9.56,9.57,0.02,+0.21%,0
"2023-06-22 13:13",9.58,9.6,9.58,9.58,0.01,+0.10%,0
"2023-06-22 13:14",9.56,9.57,9.56,9.56,-0.02,-0.21%,0
"2023-06-22 13:15",9.55,9.67,9.55,9.65,0.09,+0.94%,0
"2023-06-22 13:16",9.64,9.66,9.62,9.63,-0.02,-0.21%,0
"2023-06-22 13:17",9.63,9.65,9.63,9.65,0.02,+0.21%,0
"2023-06-22 13:18",9.64,9.64,9.63,9.64,-0.01,-0.10%,0
"2023-06-22 13:19",9.64,9.64,9.6,9.6,-0.04,-0.41%,0
"2023-06-22 13:20",9.59,9.59,9.55,9.55,-0.05,-0.52%,0
"2023-06-22 13:21",9.54,9.55,9.54,9.55,0,0.00%,0
"2023-06-22 13:22",9.55,9.57,9.55,9.57,0.02,+0.21%,0
"2023-06-22 13:23",9.53,9.56,9.53,9.55,-0.02,-0.21%,0
"2023-06-22 13:24",9.56,9.57,9.55,9.55,0,0.00%,0
"2023-06-22 13:25",9.55,9.55,9.53,9.54,-0.01,-0.10%,0
"2023-06-22 13:26",9.52,9.55,9.52,9.54,0,0.00%,0
"2023-06-22 13:27",9.52,9.56,9.52,9.54,0,0.00%,0
"2023-06-22 13:28",9.53,9.55,9.53,9.54,0,0.00%,0
"2023-06-22 13:29",9.56,9.56,9.54,9.54,0,0.00%,0
"2023-06-22 13:30",9.54,9.56,9.54,9.55,0.01,+0.10%,0
"2023-06-22 13:31",9.55,9.55,9.47,9.47,-0.08,-0.84%,0
"2023-06-22 13:32",9.47,9.48,9.47,9.47,0,0.00%,0
"2023-06-22 13:33",9.47,9.52,9.47,9.5,0.03,+0.32%,0
"2023-06-22 13:34",9.48,9.49,9.48,9.49,-0.01,-0.11%,0
"2023-06-22 13:35",9.47,9.49,9.47,9.49,0,0.00%,0
"2023-06-22 13:36",9.45,9.49,9.45,9.48,-0.01,-0.11%,0
"2023-06-22 13:37",9.48,9.48,9.42,9.42,-0.06,-0.63%,0
"2023-06-22 13:38",9.43,9.48,9.43,9.48,0.06,+0.64%,0
"2023-06-22 13:39",9.46,9.47,9.46,9.47,-0.01,-0.11%,0
"2023-06-22 13:40",9.48,9.49,9.46,9.46,-0.01,-0.11%,0
"2023-06-22 13:41",9.43,9.47,9.42,9.42,-0.04,-0.42%,0
"2023-06-22 13:42",9.44,9.46,9.44,9.44,0.02,+0.21%,0
"2023-06-22 13:43",9.42,9.42,9.41,9.41,-0.03,-0.32%,0
"2023-06-22 13:44",9.4,9.42,9.4,9.4,-0.01,-0.11%,0
"2023-06-22 13:45",9.38,9.38,9.35,9.35,-0.05,-0.53%,0
"2023-06-22 13:46",9.33,9.35,9.33,9.34,-0.01,-0.11%,0
"2023-06-22 13:47",9.32,9.34,9.32,9.33,-0.01,-0.11%,0
"2023-06-22 13:48",9.32,9.34,9.32,9.34,0.01,+0.11%,0
"2023-06-22 13:49",9.35,9.37,9.35,9.37,0.03,+0.32%,0
"2023-06-22 13:50",9.36,9.37,9.36,9.36,-0.01,-0.11%,0
"2023-06-22 13:51",9.36,9.37,9.34,9.34,-0.02,-0.21%,0
"2023-06-22 13:52",9.35,9.37,9.34,9.34,0,0.00%,0
"2023-06-22 13:53",9.33,9.37,9.33,9.37,0.03,+0.32%,0
"2023-06-22 13:54",9.38,9.39,9.37,9.37,0,0.00%,0
"2023-06-22 13:55",9.38,9.39,9.38,9.38,0.01,+0.11%,0
"2023-06-22 13:56",9.38,9.38,9.36,9.36,-0.02,-0.21%,0
"2023-06-22 13:57",9.35,9.38,9.35,9.36,0,0.00%,0
"2023-06-22 13:58",9.35,9.37,9.35,9.36,0,0.00%,0
"2023-06-22 13:59",9.36,9.37,9.36,9.36,0,0.00%,0
"2023-06-22 14:00",9.35,9.38,9.35,9.36,0,0.00%,0
"2023-06-22 14:01",9.36,9.39,9.36,9.37,0.01,+0.11%,0
"2023-06-22 14:02",9.4,9.43,9.4,9.43,0.06,+0.64%,0
"2023-06-22 14:03",9.43,9.44,9.43,9.44,0.01,+0.11%,0
"2023-06-22 14:04",9.46,9.46,9.45,9.46,0.02,+0.21%,0
"2023-06-22 14:05",9.45,9.47,9.45,9.46,0,0.00%,0
"2023-06-22 14:06",9.47,9.5,9.47,9.5,0.04,+0.42%,0
"2023-06-22 14:07",9.51,9.53,9.5,9.53,0.03,+0.32%,0
"2023-06-22 14:08",9.53,9.53,9.52,9.53,0,0.00%,0
"2023-06-22 14:09",9.54,9.57,9.54,9.57,0.04,+0.42%,0
"2023-06-22 14:10",9.57,9.61,9.57,9.59,0.02,+0.21%,0
"2023-06-22 14:11",9.59,9.59,9.54,9.54,-0.05,-0.52%,0
"2023-06-22 14:12",9.54,9.56,9.54,9.55,0.01,+0.10%,0
"2023-06-22 14:13",9.54,9.56,9.54,9.55,0,0.00%,0
"2023-06-22 14:14",9.55,9.55,9.51,9.51,-0.04,-0.42%,0
"2023-06-22 14:15",9.53,9.55,9.53,9.55,0.04,+0.42%,0
"2023-06-22 14:16",9.54,9.55,9.54,9.55,0,0.00%,0
"2023-06-22 14:17",9.56,9.59,9.56,9.59,0.04,+0.42%,0
"2023-06-22 14:18",9.58,9.59,9.58,9.58,-0.01,-0.10%,0
"2023-06-22 14:19",9.58,9.6,9.58,9.59,0.01,+0.10%,0
"2023-06-22 14:20",9.58,9.59,9.58,9.58,-0.01,-0.10%,0
"2023-06-22 14:21",9.56,9.6,9.56,9.6,0.02,+0.21%,0
"2023-06-22 14:22",9.6,9.62,9.6,9.61,0.01,+0.10%,0
"2023-06-22 14:23",9.62,9.63,9.62,9.63,0.02,+0.21%,0
"2023-06-22 14:24",9.63,9.65,9.63,9.63,0,0.00%,0
"2023-06-22 14:25",9.63,9.63,9.62,9.62,-0.01,-0.10%,0
"2023-06-22 14:26",9.62,9.63,9.62,9.62,0,0.00%,0
"2023-06-22 14:27",9.62,9.64,9.62,9.64,0.02,+0.21%,0
"2023-06-22 14:28",9.62,9.68,9.62,9.67,0.03,+0.31%,0
"2023-06-22 14:29",9.67,9.67,9.67,9.67,0,0.00%,0
"2023-06-22 14:30",9.66,9.67,9.66,9.66,-0.01,-0.10%,0
"2023-06-22 14:31",9.68,9.68,9.66,9.66,0,0.00%,0
"2023-06-22 14:32",9.67,9.69,9.67,9.67,0.01,+0.10%,0
"2023-06-22 14:33",9.67,9.67,9.65,9.65,-0.02,-0.21%,0
"2023-06-22 14:34",9.65,9.68,9.65,9.68,0.03,+0.31%,0
"2023-06-22 14:35",9.65,9.67,9.65,9.66,-0.02,-0.21%,0
"2023-06-22 14:36",9.64,9.64,9.64,9.64,-0.02,-0.21%,0
"2023-06-22 14:37",9.61,9.62,9.61,9.61,-0.03,-0.31%,0
"2023-06-22 14:38",9.6,9.62,9.6,9.62,0.01,+0.10%,0
"2023-06-22 14:39",9.62,9.65,9.62,9.65,0.03,+0.31%,0
"2023-06-22 14:40",9.65,9.67,9.65,9.67,0.02,+0.21%,0
"2023-06-22 14:41",9.67,9.71,9.67,9.7,0.03,+0.31%,0
"2023-06-22 14:42",9.69,9.71,9.66,9.66,-0.04,-0.41%,0
"2023-06-22 14:43",9.68,9.68,9.66,9.66,0,0.00%,0
"2023-06-22 14:44",9.67,9.7,9.67,9.69,0.03,+0.31%,0
"2023-06-22 14:45",9.69,9.69,9.68,9.69,0,0.00%,0
"2023-06-22 14:46",9.65,9.7,9.65,9.7,0.01,+0.10%,0
"2023-06-22 14:47",9.71,9.74,9.71,9.73,0.03,+0.31%,0
"2023-06-22 14:48",9.72,9.73,9.72,9.73,0,0.00%,0
"2023-06-22 14:49",9.71,9.73,9.69,9.69,-0.04,-0.41%,0
"2023-06-22 14:50",9.69,9.7,9.68,9.68,-0.01,-0.10%,0
"2023-06-22 14:51",9.69,9.75,9.69,9.75,0.07,+0.72%,0
"2023-06-22 14:52",9.74,9.77,9.74,9.77,0.02,+0.21%,0
"2023-06-22 14:53",9.75,9.75,9.74,9.74,-0.03,-0.31%,0
"2023-06-22 14:54",9.74,9.74,9.74,9.74,0,0.00%,0
"2023-06-22 14:55",9.74,9.74,9.69,9.69,-0.05,-0.51%,0
"2023-06-22 14:56",9.68,9.71,9.68,9.7,0.01,+0.10%,0
"2023-06-22 14:57",9.7,9.71,9.68,9.68,-0.02,-0.21%,0
"2023-06-22 14:58",9.68,9.73,9.68,9.73,0.05,+0.52%,0
"2023-06-22 14:59",9.72,9.81,9.72,9.81,0.08,+0.82%,0
"2023-06-22 15:00",9.8,9.8,9.79,9.8,-0.01,-0.10%,0
"2023-06-22 15:01",9.8,9.8,9.78,9.78,-0.02,-0.20%,0
"2023-06-22 15:02",9.77,9.78,9.76,9.76,-0.02,-0.20%,0
"2023-06-22 15:03",9.76,9.78,9.76,9.78,0.02,+0.20%,0
"2023-06-22 15:04",9.79,9.82,9.79,9.82,0.04,+0.41%,0
"2023-06-22 15:05",9.85,9.87,9.85,9.86,0.04,+0.41%,0
"2023-06-22 15:06",9.87,9.88,9.87,9.88,0.02,+0.20%,0
"2023-06-22 15:07",9.88,9.89,9.88,9.89,0.01,+0.10%,0
"2023-06-22 15:08",9.89,9.91,9.89,9.91,0.02,+0.20%,0
"2023-06-22 15:09",9.92,9.92,9.9,9.91,0,0.00%,0
"2023-06-22 15:10",9.92,9.93,9.92,9.92,0.01,+0.10%,0
"2023-06-22 15:11",9.92,9.95,9.92,9.94,0.02,+0.20%,0
"2023-06-22 15:12",9.96,9.96,9.95,9.95,0.01,+0.10%,0
"2023-06-22 15:13",9.95,9.98,9.95,9.96,0.01,+0.10%,0
"2023-06-22 15:14",9.97,9.97,9.93,9.93,-0.03,-0.30%,0
"2023-06-22 15:15",9.93,9.94,9.93,9.93,0,0.00%,0
"2023-06-22 15:16",9.96,9.96,9.93,9.93,0,0.00%,0
"2023-06-22 15:17",9.94,9.94,9.92,9.92,-0.01,-0.10%,0
"2023-06-22 15:18",9.91,9.91,9.9,9.91,-0.01,-0.10%,0
"2023-06-22 15:19",9.9,9.9,9.89,9.89,-0.02,-0.20%,0
"2023-06-22 15:20",9.88,9.92,9.88,9.92,0.03,+0.30%,0
"2023-06-22 15:21",9.91,9.92,9.9,9.9,-0.02,-0.20%,0
"2023-06-22 15:22",9.9,9.93,9.9,9.9,0,0.00%,0
"2023-06-22 15:23",9.92,9.95,9.92,9.93,0.03,+0.30%,0
"2023-06-22 15:24",9.91,9.92,9.9,9.9,-0.03,-0.30%,0
"2023-06-22 15:25",9.9,9.91,9.9,9.9,0,0.00%,0
"2023-06-22 15:26",9.89,9.89,9.88,9.88,-0.02,-0.20%,0
"2023-06-22 15:27",9.88,9.91,9.88,9.91,0.03,+0.30%,0
"2023-06-22 15:28",9.89,9.93,9.89,9.92,0.01,+0.10%,0
"2023-06-22 15:29",9.92,9.96,9.92,9.96,0.04,+0.40%,0
"2023-06-22 15:30",9.99,10.08,9.99,10.05,0.09,+0.90%,0
"2023-06-22 15:31",9.98,10.03,9.98,10.03,-0.02,-0.20%,0
"2023-06-22 15:32",10.04,10.06,10.04,10.06,0.03,+0.30%,0
"2023-06-22 15:33",10.06,10.09,10.06,10.08,0.02,+0.20%,0
"2023-06-22 15:34",10.08,10.1,10.08,10.1,0.02,+0.20%,0
"2023-06-22 15:35",10.09,10.1,10.07,10.1,0,0.00%,0
"2023-06-22 15:36",10.09,10.13,10.09,10.13,0.03,+0.30%,0
"2023-06-22 15:37",10.13,10.13,10.09,10.09,-0.04,-0.39%,0
"2023-06-22 15:38",10.09,10.09,10.06,10.06,-0.03,-0.30%,0
"2023-06-22 15:39",10.09,10.1,10.09,10.09,0.03,+0.30%,0
"2023-06-22 15:40",10.08,10.15,10.08,10.15,0.06,+0.59%,0
"2023-06-22 15:41",10.14,10.16,10.14,10.16,0.01,+0.10%,0
"2023-06-22 15:42",10.15,10.18,10.15,10.17,0.01,+0.10%,0
"2023-06-22 15:43",10.16,10.19,10.16,10.19,0.02,+0.20%,0
"2023-06-22 15:44",10.2,10.2,10.18,10.18,-0.01,-0.10%,0
"2023-06-22 15:45",10.14,10.19,10.14,10.16,-0.02,-0.20%,0
"2023-06-22 15:46",10.16,10.19,10.16,10.18,0.02,+0.20%,0
"2023-06-22 15:47",10.2,10.24,10.2,10.24,0.06,+0.59%,0
"2023-06-22 15:48",10.24,10.24,10.22,10.22,-0.02,-0.20%,0
"2023-06-22 15:49",10.2,10.2,10.18,10.18,-0.04,-0.39%,0
"2023-06-22 15:50",10.13,10.22,10.13,10.22,0.04,+0.39%,0
"2023-06-22 15:51",10.19,10.2,10.19,10.19,-0.03,-0.29%,0
"2023-06-22 15:52",10.2,10.2,10.18,10.18,-0.01,-0.10%,0
"2023-06-22 15:53",10.17,10.17,10.14,10.14,-0.04,-0.39%,0
"2023-06-22 15:54",10.13,10.13,10.1,10.1,-0.04,-0.39%,0
"2023-06-22 15:55",10.07,10.15,10.07,10.15,0.05,+0.50%,0
"2023-06-22 15:56",10.24,10.28,10.24,10.26,0.11,+1.08%,0
"2023-06-22 15:57",10.27,10.27,10.23,10.24,-0.02,-0.19%,0
"2023-06-22 15:58",10.25,10.28,10.25,10.28,0.04,+0.39%,0
"2023-06-22 15:59",10.3,10.37,10.3,10.35,0.07,+0.68%,0
"2023-06-22 16:00",10.41,10.51,10.41,10.48,0.13,+1.26%,0
"2023-06-22 16:01",10.5,10.51,10.44,10.44,-0.04,-0.38%,0
"2023-06-22 16:02",10.43,10.46,10.42,10.46,0.02,+0.19%,0
"2023-06-22 16:03",10.46,10.47,10.45,10.45,-0.01,-0.10%,0
"2023-06-22 16:04",10.42,10.42,10.4,10.4,-0.05,-0.48%,0
"2023-06-22 16:05",10.4,10.4,10.4,10.4,0,0.00%,0
"2023-06-22 16:06",10.39,10.39,10.29,10.29,-0.11,-1.06%,0
"2023-06-22 16:07",10.27,10.27,10.23,10.23,-0.06,-0.58%,0
"2023-06-22 16:08",10.23,10.25,10.23,10.25,0.02,+0.20%,0
"2023-06-22 16:09",10.24,10.24,10.19,10.19,-0.06,-0.59%,0
"2023-06-22 16:10",10.18,10.21,10.18,10.21,0.02,+0.20%,0
"2023-06-22 16:11",10.22,10.32,10.22,10.32,0.11,+1.08%,0
"2023-06-22 16:12",10.32,10.36,10.32,10.36,0.04,+0.39%,0
"2023-06-22 16:13",10.37,10.38,10.35,10.35,-0.01,-0.10%,0
"2023-06-22 16:14",10.36,10.36,10.32,10.32,-0.03,-0.29%,0
"2023-06-22 16:15",10.34,10.34,10.34,10.34,0.02,+0.19%,0
"2023-06-23 09:31",9.6,9.82,9.6,9.8,-0.54,-5.22%,0
"2023-06-23 09:32",9.78,9.78,9.71,9.71,-0.09,-0.92%,0
"2023-06-23 09:33",9.72,9.72,9.63,9.63,-0.08,-0.82%,0
"2023-06-23 09:34",9.64,9.64,9.54,9.54,-0.09,-0.93%,0
"2023-06-23 09:35",9.51,9.52,9.5,9.5,-0.04,-0.42%,0
"2023-06-23 09:36",9.51,9.54,9.51,9.52,0.02,+0.21%,0
"2023-06-23 09:37",9.52,9.53,9.49,9.49,-0.03,-0.32%,0
"2023-06-23 09:38",9.5,9.65,9.5,9.65,0.16,+1.69%,0
"2023-06-23 09:39",9.64,9.64,9.6,9.6,-0.05,-0.52%,0
"2023-06-23 09:40",9.58,9.59,9.53,9.54,-0.06,-0.63%,0
"2023-06-23 09:41",9.56,9.57,9.55,9.57,0.03,+0.31%,0
"2023-06-23 09:42",9.52,9.59,9.52,9.59,0.02,+0.21%,0
"2023-06-23 09:43",9.58,9.61,9.58,9.58,-0.01,-0.10%,0
"2023-06-23 09:44",9.58,9.61,9.56,9.56,-0.02,-0.21%,0
"2023-06-23 09:45",9.59,9.59,9.39,9.39,-0.17,-1.78%,0
"2023-06-23 09:46",9.39,9.46,9.39,9.45,0.06,+0.64%,0
"2023-06-23 09:47",9.45,9.47,9.33,9.33,-0.12,-1.27%,0
"2023-06-23 09:48",9.35,9.35,9.3,9.3,-0.03,-0.32%,0
"2023-06-23 09:49",9.31,9.33,9.28,9.29,-0.01,-0.11%,0
"2023-06-23 09:50",9.32,9.33,9.31,9.31,0.02,+0.22%,0
"2023-06-23 09:51",9.28,9.28,9.26,9.27,-0.04,-0.43%,0
"2023-06-23 09:52",9.28,9.28,9.27,9.28,0.01,+0.11%,0
"2023-06-23 09:53",9.29,9.29,9.27,9.28,0,0.00%,0
"2023-06-23 09:54",9.31,9.32,9.28,9.28,0,0.00%,0
"2023-06-23 09:55",9.29,9.29,9.25,9.25,-0.03,-0.32%,0
"2023-06-23 09:56",9.25,9.25,9.21,9.22,-0.03,-0.32%,0
"2023-06-23 09:57",9.24,9.24,9.18,9.2,-0.02,-0.22%,0
"2023-06-23 09:58",9.2,9.21,9.19,9.19,-0.01,-0.11%,0
"2023-06-23 09:59",9.15,9.15,9.08,9.11,-0.08,-0.87%,0
"2023-06-23 10:00",9.13,9.13,8.99,8.99,-0.12,-1.32%,0
"2023-06-23 10:01",9.04,9.09,9.04,9.09,0.1,+1.11%,0
"2023-06-23 10:02",9.11,9.11,9.02,9.02,-0.07,-0.77%,0
"2023-06-23 10:03",9.04,9.04,8.98,9,-0.02,-0.22%,0
"2023-06-23 10:04",8.98,8.98,8.91,8.91,-0.09,-1.00%,0
"2023-06-23 10:05",8.89,8.89,8.81,8.81,-0.1,-1.12%,0
"2023-06-23 10:06",8.89,8.93,8.87,8.87,0.06,+0.68%,0
"2023-06-23 10:07",8.84,8.87,8.84,8.87,0,0.00%,0
"2023-06-23 10:08",8.87,8.9,8.87,8.9,0.03,+0.34%,0
"2023-06-23 10:09",8.9,8.9,8.86,8.86,-0.04,-0.45%,0
"2023-06-23 10:10",8.8,8.8,8.77,8.77,-0.09,-1.02%,0
"2023-06-23 10:11",8.77,8.77,8.75,8.75,-0.02,-0.23%,0
"2023-06-23 10:12",8.72,8.72,8.67,8.67,-0.08,-0.91%,0
"2023-06-23 10:13",8.72,8.78,8.72,8.78,0.11,+1.27%,0
"2023-06-23 10:14",8.77,8.82,8.77,8.8,0.02,+0.23%,0
"2023-06-23 10:15",8.77,8.79,8.77,8.79,-0.01,-0.11%,0
"2023-06-23 10:16",8.76,8.76,8.72,8.72,-0.07,-0.80%,0
"2023-06-23 10:17",8.71,8.74,8.7,8.7,-0.02,-0.23%,0
"2023-06-23 10:18",8.7,8.74,8.7,8.74,0.04,+0.46%,0
"2023-06-23 10:19",8.73,8.73,8.65,8.65,-0.09,-1.03%,0
"2023-06-23 10:20",8.64,8.66,8.64,8.66,0.01,+0.12%,0
"2023-06-23 10:21",8.66,8.67,8.65,8.65,-0.01,-0.12%,0
"2023-06-23 10:22",8.65,8.72,8.65,8.72,0.07,+0.81%,0
"2023-06-23 10:23",8.69,8.69,8.68,8.69,-0.03,-0.34%,0
"2023-06-23 10:24",8.67,8.67,8.6,8.6,-0.09,-1.04%,0
"2023-06-23 10:25",8.6,8.6,8.59,8.6,0,0.00%,0
"2023-06-23 10:26",8.6,8.68,8.6,8.68,0.08,+0.93%,0
"2023-06-23 10:27",8.68,8.68,8.67,8.68,0,0.00%,0
"2023-06-23 10:28",8.67,8.68,8.65,8.65,-0.03,-0.35%,0
"2023-06-23 10:29",8.65,8.65,8.62,8.62,-0.03,-0.35%,0
"2023-06-23 10:30",8.63,8.63,8.55,8.55,-0.07,-0.81%,0
"2023-06-23 10:31",8.55,8.57,8.55,8.55,0,0.00%,0
"2023-06-23 10:32",8.51,8.51,8.46,8.48,-0.07,-0.82%,0
"2023-06-23 10:33",8.47,8.49,8.46,8.46,-0.02,-0.24%,0
"2023-06-23 10:34",8.45,8.45,8.44,8.44,-0.02,-0.24%,0
"2023-06-23 10:35",8.44,8.44,8.43,8.43,-0.01,-0.12%,0
"2023-06-23 10:36",8.42,8.44,8.42,8.44,0.01,+0.12%,0
"2023-06-23 10:37",8.45,8.45,8.42,8.42,-0.02,-0.24%,0
"2023-06-23 10:38",8.42,8.45,8.39,8.39,-0.03,-0.36%,0
"2023-06-23 10:39",8.36,8.37,8.32,8.32,-0.07,-0.83%,0
"2023-06-23 10:40",8.22,8.26,8.19,8.19,-0.13,-1.56%,0
"2023-06-23 10:41",8.18,8.26,8.18,8.26,0.07,+0.85%,0
"2023-06-23 10:42",8.28,8.3,8.28,8.3,0.04,+0.48%,0
"2023-06-23 10:43",8.3,8.33,8.3,8.31,0.01,+0.12%,0
"2023-06-23 10:44",8.32,8.34,8.32,8.34,0.03,+0.36%,0
"2023-06-23 10:45",8.34,8.35,8.33,8.33,-0.01,-0.12%,0
"2023-06-23 10:46",8.33,8.33,8.29,8.3,-0.03,-0.36%,0
"2023-06-23 10:47",8.29,8.31,8.29,8.3,0,0.00%,0
"2023-06-23 10:48",8.31,8.34,8.28,8.28,-0.02,-0.24%,0
"2023-06-23 10:49",8.28,8.34,8.28,8.33,0.05,+0.60%,0
"2023-06-23 10:50",8.36,8.38,8.36,8.38,0.05,+0.60%,0
"2023-06-23 10:51",8.38,8.38,8.38,8.38,0,0.00%,0
"2023-06-23 10:52",8.37,8.53,8.37,8.53,0.15,+1.79%,0
"2023-06-23 10:53",8.43,8.45,8.43,8.45,-0.08,-0.94%,0
"2023-06-23 10:54",8.43,8.46,8.43,8.46,0.01,+0.12%,0
"2023-06-23 10:55",8.47,8.5,8.47,8.48,0.02,+0.24%,0
"2023-06-23 10:56",8.5,8.56,8.5,8.55,0.07,+0.83%,0
"2023-06-23 10:57",8.52,8.56,8.52,8.55,0,0.00%,0
"2023-06-23 10:58",8.54,8.54,8.49,8.51,-0.04,-0.47%,0
"2023-06-23 10:59",8.5,8.5,8.45,8.46,-0.05,-0.59%,0
"2023-06-23 11:00",8.43,8.43,8.42,8.42,-0.04,-0.47%,0
"2023-06-23 11:01",8.42,8.46,8.42,8.45,0.03,+0.36%,0
"2023-06-23 11:02",8.44,8.44,8.38,8.38,-0.07,-0.83%,0
"2023-06-23 11:03",8.4,8.4,8.38,8.38,0,0.00%,0
"2023-06-23 11:04",8.38,8.39,8.37,8.39,0.01,+0.12%,0
"2023-06-23 11:05",8.37,8.37,8.37,8.37,-0.02,-0.24%,0
"2023-06-23 11:06",8.35,8.35,8.3,8.34,-0.03,-0.36%,0
"2023-06-23 11:07",8.34,8.41,8.34,8.41,0.07,+0.84%,0
"2023-06-23 11:08",8.4,8.4,8.39,8.39,-0.02,-0.24%,0
"2023-06-23 11:09",8.39,8.41,8.38,8.41,0.02,+0.24%,0
"2023-06-23 11:10",8.41,8.43,8.4,8.4,-0.01,-0.12%,0
"2023-06-23 11:11",8.42,8.44,8.41,8.41,0.01,+0.12%,0
"2023-06-23 11:12",8.41,8.46,8.41,8.46,0.05,+0.59%,0
"2023-06-23 11:13",8.45,8.52,8.45,8.5,0.04,+0.47%,0
"2023-06-23 11:14",8.51,8.52,8.51,8.52,0.02,+0.24%,0
"2023-06-23 11:15",8.52,8.57,8.52,8.57,0.05,+0.59%,0
"2023-06-23 11:16",8.55,8.57,8.53,8.53,-0.04,-0.47%,0
"2023-06-23 11:17",8.53,8.57,8.53,8.57,0.04,+0.47%,0
"2023-06-23 11:18",8.61,8.66,8.61,8.66,0.09,+1.05%,0
"2023-06-23 11:19",8.68,8.68,8.66,8.67,0.01,+0.12%,0
"2023-06-23 11:20",8.66,8.7,8.66,8.7,0.03,+0.35%,0
"2023-06-23 11:21",8.71,8.79,8.71,8.79,0.09,+1.03%,0
"2023-06-23 11:22",8.77,8.77,8.75,8.75,-0.04,-0.46%,0
"2023-06-23 11:23",8.73,8.76,8.73,8.75,0,0.00%,0
"2023-06-23 11:24",8.78,8.81,8.78,8.81,0.06,+0.69%,0
"2023-06-23 11:25",8.83,8.85,8.83,8.84,0.03,+0.34%,0
"2023-06-23 11:26",8.83,8.84,8.81,8.81,-0.03,-0.34%,0
"2023-06-23 11:27",8.81,8.84,8.81,8.83,0.02,+0.23%,0
"2023-06-23 11:28",8.88,8.93,8.88,8.88,0.05,+0.57%,0
"2023-06-23 11:29",8.85,8.86,8.83,8.86,-0.02,-0.23%,0
"2023-06-23 11:30",8.87,8.96,8.87,8.96,0.1,+1.13%,0
"2023-06-23 11:31",8.95,8.95,8.92,8.92,-0.04,-0.45%,0
"2023-06-23 11:32",8.91,8.93,8.91,8.92,0,0.00%,0
"2023-06-23 11:33",8.92,8.92,8.9,8.9,-0.02,-0.22%,0
"2023-06-23 11:34",8.89,8.91,8.88,8.88,-0.02,-0.22%,0
"2023-06-23 11:35",8.89,8.92,8.89,8.92,0.04,+0.45%,0
"2023-06-23 11:36",8.9,8.9,8.85,8.85,-0.07,-0.78%,0
"2023-06-23 11:37",8.82,8.82,8.75,8.75,-0.1,-1.13%,0
"2023-06-23 11:38",8.75,8.76,8.72,8.72,-0.03,-0.34%,0
"2023-06-23 11:39",8.73,8.76,8.69,8.69,-0.03,-0.34%,0
"2023-06-23 11:40",8.71,8.73,8.69,8.69,0,0.00%,0
"2023-06-23 11:41",8.7,8.7,8.67,8.67,-0.02,-0.23%,0
"2023-06-23 11:42",8.66,8.66,8.6,8.61,-0.06,-0.69%,0
"2023-06-23 11:43",8.6,8.63,8.6,8.6,-0.01,-0.12%,0
"2023-06-23 11:44",8.57,8.57,8.55,8.55,-0.05,-0.58%,0
"2023-06-23 11:45",8.55,8.57,8.55,8.56,0.01,+0.12%,0
"2023-06-23 11:46",8.56,8.58,8.56,8.58,0.02,+0.23%,0
"2023-06-23 11:47",8.59,8.68,8.59,8.65,0.07,+0.82%,0
"2023-06-23 11:48",8.63,8.66,8.63,8.66,0.01,+0.12%,0
"2023-06-23 11:49",8.67,8.69,8.67,8.69,0.03,+0.35%,0
"2023-06-23 11:50",8.69,8.7,8.68,8.7,0.01,+0.12%,0
"2023-06-23 11:51",8.7,8.7,8.69,8.7,0,0.00%,0
"2023-06-23 11:52",8.71,8.71,8.7,8.71,0.01,+0.11%,0
"2023-06-23 11:53",8.7,8.7,8.68,8.69,-0.02,-0.23%,0
"2023-06-23 11:54",8.67,8.7,8.66,8.7,0.01,+0.12%,0
"2023-06-23 11:55",8.69,8.71,8.68,8.68,-0.02,-0.23%,0
"2023-06-23 11:56",8.68,8.7,8.67,8.67,-0.01,-0.12%,0
"2023-06-23 11:57",8.68,8.71,8.68,8.71,0.04,+0.46%,0
"2023-06-23 11:58",8.69,8.74,8.69,8.74,0.03,+0.34%,0
"2023-06-23 11:59",8.73,8.74,8.72,8.73,-0.01,-0.11%,0
"2023-06-23 12:00",8.72,8.74,8.72,8.74,0.01,+0.11%,0
"2023-06-23 12:01",8.7,8.73,8.7,8.73,-0.01,-0.11%,0
"2023-06-23 12:02",8.69,8.73,8.69,8.73,0,0.00%,0
"2023-06-23 12:03",8.71,8.73,8.71,8.73,0,0.00%,0
"2023-06-23 12:04",8.74,8.75,8.74,8.75,0.02,+0.23%,0
"2023-06-23 12:05",8.76,8.79,8.76,8.78,0.03,+0.34%,0
"2023-06-23 12:06",8.79,8.81,8.79,8.81,0.03,+0.34%,0
"2023-06-23 12:07",8.81,8.82,8.81,8.82,0.01,+0.11%,0
"2023-06-23 12:08",8.82,8.84,8.82,8.84,0.02,+0.23%,0
"2023-06-23 12:09",8.84,8.86,8.83,8.84,0,0.00%,0
"2023-06-23 12:10",8.83,8.84,8.83,8.84,0,0.00%,0
"2023-06-23 12:11",8.87,8.88,8.87,8.87,0.03,+0.34%,0
"2023-06-23 12:12",8.89,8.9,8.88,8.88,0.01,+0.11%,0
"2023-06-23 12:13",8.87,8.88,8.87,8.88,0,0.00%,0
"2023-06-23 12:14",8.87,8.89,8.84,8.84,-0.04,-0.45%,0
"2023-06-23 12:15",8.84,8.86,8.81,8.81,-0.03,-0.34%,0
"2023-06-23 12:16",8.79,8.8,8.74,8.74,-0.07,-0.79%,0
"2023-06-23 12:17",8.76,8.78,8.75,8.75,0.01,+0.11%,0
"2023-06-23 12:18",8.76,8.8,8.76,8.8,0.05,+0.57%,0
"2023-06-23 12:19",8.8,8.8,8.78,8.8,0,0.00%,0
"2023-06-23 12:20",8.8,8.83,8.8,8.83,0.03,+0.34%,0
"2023-06-23 12:21",8.82,8.86,8.82,8.86,0.03,+0.34%,0
"2023-06-23 12:22",8.85,8.87,8.85,8.86,0,0.00%,0
"2023-06-23 12:23",8.86,8.9,8.86,8.89,0.03,+0.34%,0
"2023-06-23 12:24",8.89,8.92,8.89,8.92,0.03,+0.34%,0
"2023-06-23 12:25",8.92,8.93,8.91,8.93,0.01,+0.11%,0
"2023-06-23 12:26",8.91,8.92,8.91,8.92,-0.01,-0.11%,0
"2023-06-23 12:27",8.91,8.94,8.91,8.92,0,0.00%,0
"2023-06-23 12:28",8.91,8.94,8.91,8.92,0,0.00%,0
"2023-06-23 12:29",8.91,8.94,8.91,8.91,-0.01,-0.11%,0
"2023-06-23 12:30",8.92,8.92,8.88,8.88,-0.03,-0.34%,0
"2023-06-23 12:31",8.88,8.93,8.88,8.93,0.05,+0.56%,0
"2023-06-23 12:32",8.93,8.94,8.92,8.92,-0.01,-0.11%,0
"2023-06-23 12:33",8.92,8.96,8.92,8.93,0.01,+0.11%,0
"2023-06-23 12:34",8.91,8.97,8.91,8.97,0.04,+0.45%,0
"2023-06-23 12:35",8.96,8.99,8.96,8.97,0,0.00%,0
"2023-06-23 12:36",8.97,9.05,8.97,9.05,0.08,+0.89%,0
"2023-06-23 12:37",9.05,9.06,9.03,9.03,-0.02,-0.22%,0
"2023-06-23 12:38",9.01,9.03,9,9,-0.03,-0.33%,0
"2023-06-23 12:39",8.99,9.01,8.99,9.01,0.01,+0.11%,0
"2023-06-23 12:40",9,9.03,9,9.03,0.02,+0.22%,0
"2023-06-23 12:41",9.03,9.09,9.03,9.09,0.06,+0.66%,0
"2023-06-23 12:42",9.08,9.11,9.08,9.11,0.02,+0.22%,0
"2023-06-23 12:43",9.12,9.13,9.12,9.13,0.02,+0.22%,0
"2023-06-23 12:44",9.12,9.12,9.1,9.1,-0.03,-0.33%,0
"2023-06-23 12:45",9.15,9.15,9.14,9.14,0.04,+0.44%,0
"2023-06-23 12:46",9.14,9.16,9.12,9.16,0.02,+0.22%,0
"2023-06-23 12:47",9.17,9.19,9.17,9.18,0.02,+0.22%,0
"2023-06-23 12:48",9.18,9.21,9.18,9.21,0.03,+0.33%,0
"2023-06-23 12:49",9.2,9.22,9.2,9.21,0,0.00%,0
"2023-06-23 12:50",9.21,9.23,9.21,9.23,0.02,+0.22%,0
"2023-06-23 12:51",9.23,9.25,9.23,9.24,0.01,+0.11%,0
"2023-06-23 12:52",9.24,9.27,9.24,9.25,0.01,+0.11%,0
"2023-06-23 12:53",9.26,9.28,9.26,9.28,0.03,+0.32%,0
"2023-06-23 12:54",9.29,9.32,9.29,9.32,0.04,+0.43%,0
"2023-06-23 12:55",9.31,9.32,9.3,9.3,-0.02,-0.21%,0
"2023-06-23 12:56",9.34,9.36,9.3,9.3,0,0.00%,0
"2023-06-23 12:57",9.28,9.3,9.28,9.3,0,0.00%,0
"2023-06-23 12:58",9.27,9.32,9.27,9.32,0.02,+0.22%,0
"2023-06-23 12:59",9.33,9.34,9.32,9.32,0,0.00%,0
"2023-06-23 13:00",9.31,9.33,9.31,9.33,0.01,+0.11%,0
"2023-06-23 13:01",9.33,9.37,9.33,9.36,0.03,+0.32%,0
"2023-06-23 13:02",9.37,9.45,9.37,9.45,0.09,+0.96%,0
"2023-06-23 13:03",9.45,9.49,9.45,9.48,0.03,+0.32%,0
"2023-06-23 13:04",9.47,9.48,9.46,9.47,-0.01,-0.11%,0
"2023-06-23 13:05",9.47,9.49,9.47,9.49,0.02,+0.21%,0
"2023-06-23 13:06",9.5,9.56,9.5,9.53,0.04,+0.42%,0
"2023-06-23 13:07",9.53,9.54,9.5,9.5,-0.03,-0.31%,0
"2023-06-23 13:08",9.48,9.5,9.48,9.48,-0.02,-0.21%,0
"2023-06-23 13:09",9.47,9.5,9.47,9.49,0.01,+0.11%,0
"2023-06-23 13:10",9.48,9.48,9.47,9.48,-0.01,-0.11%,0
"2023-06-23 13:11",9.48,9.52,9.48,9.51,0.03,+0.32%,0
"2023-06-23 13:12",9.51,9.52,9.51,9.52,0.01,+0.11%,0
"2023-06-23 13:13",9.5,9.5,9.49,9.49,-0.03,-0.32%,0
"2023-06-23 13:14",9.49,9.52,9.49,9.51,0.02,+0.21%,0
"2023-06-23 13:15",9.5,9.53,9.5,9.51,0,0.00%,0
"2023-06-23 13:16",9.51,9.51,9.48,9.48,-0.03,-0.32%,0
"2023-06-23 13:17",9.47,9.48,9.47,9.48,0,0.00%,0
"2023-06-23 13:18",9.48,9.54,9.48,9.54,0.06,+0.63%,0
"2023-06-23 13:19",9.54,9.59,9.54,9.59,0.05,+0.52%,0
"2023-06-23 13:20",9.6,9.6,9.59,9.59,0,0.00%,0
"2023-06-23 13:21",9.57,9.57,9.55,9.57,-0.02,-0.21%,0
"2023-06-23 13:22",9.56,9.71,9.56,9.57,0,0.00%,0
"2023-06-23 13:23",9.59,9.62,9.59,9.61,0.04,+0.42%,0
"2023-06-23 13:24",9.62,9.63,9.62,9.63,0.02,+0.21%,0
"2023-06-23 13:25",9.63,9.63,9.62,9.63,0,0.00%,0
"2023-06-23 13:26",9.66,9.67,9.66,9.67,0.04,+0.42%,0
"2023-06-23 13:27",9.68,9.71,9.68,9.71,0.04,+0.41%,0
"2023-06-23 13:28",9.69,9.71,9.69,9.7,-0.01,-0.10%,0
"2023-06-23 13:29",9.69,9.69,9.68,9.69,-0.01,-0.10%,0
"2023-06-23 13:30",9.67,9.67,9.65,9.65,-0.04,-0.41%,0
"2023-06-23 13:31",9.66,9.69,9.66,9.69,0.04,+0.41%,0
"2023-06-23 13:32",9.7,9.7,9.69,9.69,0,0.00%,0
"2023-06-23 13:33",9.71,9.74,9.71,9.74,0.05,+0.52%,0
"2023-06-23 13:34",9.72,9.77,9.72,9.77,0.03,+0.31%,0
"2023-06-23 13:35",9.76,9.76,9.75,9.75,-0.02,-0.20%,0
"2023-06-23 13:36",9.74,9.76,9.74,9.75,0,0.00%,0
"2023-06-23 13:37",9.75,9.78,9.75,9.78,0.03,+0.31%,0
"2023-06-23 13:38",9.78,9.8,9.75,9.75,-0.03,-0.31%,0
"2023-06-23 13:39",9.74,9.76,9.74,9.75,0,0.00%,0
"2023-06-23 13:40",9.72,9.77,9.72,9.75,0,0.00%,0
"2023-06-23 13:41",9.75,9.76,9.75,9.76,0.01,+0.10%,0
"2023-06-23 13:42",9.76,9.82,9.76,9.82,0.06,+0.61%,0
"2023-06-23 13:43",9.84,9.86,9.84,9.86,0.04,+0.41%,0
"2023-06-23 13:44",9.84,9.84,9.83,9.83,-0.03,-0.30%,0
"2023-06-23 13:45",9.84,9.86,9.84,9.86,0.03,+0.31%,0
"2023-06-23 13:46",9.84,9.87,9.84,9.85,-0.01,-0.10%,0
"2023-06-23 13:47",9.86,9.86,9.84,9.86,0.01,+0.10%,0
"2023-06-23 13:48",9.85,9.88,9.85,9.88,0.02,+0.20%,0
"2023-06-23 13:49",9.87,9.88,9.87,9.88,0,0.00%,0
"2023-06-23 13:50",9.88,9.9,9.88,9.89,0.01,+0.10%,0
"2023-06-23 13:51",9.89,9.91,9.89,9.9,0.01,+0.10%,0
"2023-06-23 13:52",9.89,9.9,9.87,9.87,-0.03,-0.30%,0
"2023-06-23 13:53",9.88,9.9,9.88,9.9,0.03,+0.30%,0
"2023-06-23 13:54",9.9,9.93,9.9,9.93,0.03,+0.30%,0
"2023-06-23 13:55",9.94,9.94,9.9,9.9,-0.03,-0.30%,0
"2023-06-23 13:56",9.9,9.92,9.9,9.92,0.02,+0.20%,0
"2023-06-23 13:57",9.91,9.92,9.91,9.92,0,0.00%,0
"2023-06-23 13:58",9.93,9.96,9.93,9.96,0.04,+0.40%,0
"2023-06-23 13:59",9.96,10,9.96,10,0.04,+0.40%,0
"2023-06-23 14:00",10,10.05,10,10.05,0.05,+0.50%,0
"2023-06-23 14:01",10.05,10.05,10.02,10.02,-0.03,-0.30%,0
"2023-06-23 14:02",10.03,10.06,10.03,10.06,0.04,+0.40%,0
"2023-06-23 14:03",10.04,10.08,10.04,10.05,-0.01,-0.10%,0
"2023-06-23 14:04",10.05,10.09,10.05,10.08,0.03,+0.30%,0
"2023-06-23 14:05",10.05,10.1,10.05,10.1,0.02,+0.20%,0
"2023-06-23 14:06",10.1,10.17,10.1,10.14,0.04,+0.40%,0
"2023-06-23 14:07",10.13,10.15,10.13,10.13,-0.01,-0.10%,0
"2023-06-23 14:08",10.13,10.17,10.13,10.16,0.03,+0.30%,0
"2023-06-23 14:09",10.17,10.21,10.17,10.21,0.05,+0.49%,0
"2023-06-23 14:10",10.2,10.29,10.2,10.29,0.08,+0.78%,0
"2023-06-23 14:11",10.22,10.24,10.22,10.24,-0.05,-0.49%,0
"2023-06-23 14:12",10.26,10.29,10.26,10.26,0.02,+0.20%,0
"2023-06-23 14:13",10.26,10.28,10.26,10.27,0.01,+0.10%,0
"2023-06-23 14:14",10.28,10.29,10.28,10.29,0.02,+0.19%,0
"2023-06-23 14:15",10.29,10.31,10.29,10.29,0,0.00%,0
"2023-06-23 14:16",10.29,10.31,10.29,10.29,0,0.00%,0
"2023-06-23 14:17",10.29,10.33,10.29,10.3,0.01,+0.10%,0
"2023-06-23 14:18",10.25,10.26,10.25,10.25,-0.05,-0.49%,0
"2023-06-23 14:19",10.24,10.26,10.24,10.25,0,0.00%,0
"2023-06-23 14:20",10.25,10.25,10.19,10.19,-0.06,-0.59%,0
"2023-06-23 14:21",10.19,10.19,10.18,10.18,-0.01,-0.10%,0
"2023-06-23 14:22",10.18,10.19,10.18,10.19,0.01,+0.10%,0
"2023-06-23 14:23",10.19,10.2,10.19,10.2,0.01,+0.10%,0
"2023-06-23 14:24",10.18,10.18,10.14,10.14,-0.06,-0.59%,0
"2023-06-23 14:25",10.15,10.16,10.15,10.16,0.02,+0.20%,0
"2023-06-23 14:26",10.17,10.22,10.17,10.2,0.04,+0.39%,0
"2023-06-23 14:27",10.23,10.3,10.23,10.27,0.07,+0.69%,0
"2023-06-23 14:28",10.29,10.29,10.28,10.28,0.01,+0.10%,0
"2023-06-23 14:29",10.27,10.28,10.27,10.27,-0.01,-0.10%,0
"2023-06-23 14:30",10.29,10.3,10.29,10.3,0.03,+0.29%,0
"2023-06-23 14:31",10.33,10.36,10.33,10.35,0.05,+0.49%,0
"2023-06-23 14:32",10.33,10.33,10.32,10.33,-0.02,-0.19%,0
"2023-06-23 14:33",10.3,10.3,10.28,10.28,-0.05,-0.48%,0
"2023-06-23 14:34",10.3,10.32,10.3,10.31,0.03,+0.29%,0
"2023-06-23 14:35",10.31,10.33,10.31,10.33,0.02,+0.19%,0
"2023-06-23 14:36",10.34,10.4,10.34,10.4,0.07,+0.68%,0
"2023-06-23 14:37",10.41,10.45,10.41,10.45,0.05,+0.48%,0
"2023-06-23 14:38",10.46,10.58,10.46,10.58,0.13,+1.24%,0
"2023-06-23 14:39",10.57,10.59,10.55,10.55,-0.03,-0.28%,0
"2023-06-23 14:40",10.55,10.58,10.55,10.56,0.01,+0.09%,0
"2023-06-23 14:41",10.56,10.58,10.54,10.54,-0.02,-0.19%,0
"2023-06-23 14:42",10.52,10.52,10.5,10.5,-0.04,-0.38%,0
"2023-06-23 14:43",10.52,10.64,10.52,10.64,0.14,+1.33%,0
"2023-06-23 14:44",10.62,10.73,10.62,10.73,0.09,+0.85%,0
"2023-06-23 14:45",10.73,10.76,10.7,10.76,0.03,+0.28%,0
"2023-06-23 14:46",10.89,10.89,10.78,10.78,0.02,+0.19%,0
"2023-06-23 14:47",10.71,10.73,10.7,10.73,-0.05,-0.46%,0
"2023-06-23 14:48",10.74,10.82,10.74,10.82,0.09,+0.84%,0
"2023-06-23 14:49",10.8,10.82,10.79,10.79,-0.03,-0.28%,0
"2023-06-23 14:50",10.78,10.82,10.78,10.82,0.03,+0.28%,0
"2023-06-23 14:51",10.83,10.89,10.83,10.89,0.07,+0.65%,0
"2023-06-23 14:52",10.89,10.91,10.87,10.87,-0.02,-0.18%,0
"2023-06-23 14:53",10.87,10.89,10.87,10.89,0.02,+0.18%,0
"2023-06-23 14:54",10.88,10.91,10.88,10.91,0.02,+0.18%,0
"2023-06-23 14:55",10.91,10.91,10.87,10.87,-0.04,-0.37%,0
"2023-06-23 14:56",10.87,10.88,10.85,10.85,-0.02,-0.18%,0
"2023-06-23 14:57",10.88,10.92,10.88,10.92,0.07,+0.65%,0
"2023-06-23 14:58",10.91,10.92,10.86,10.86,-0.06,-0.55%,0
"2023-06-23 14:59",10.86,10.86,10.85,10.85,-0.01,-0.09%,0
"2023-06-23 15:00",10.85,10.92,10.85,10.92,0.07,+0.65%,0
"2023-06-23 15:01",10.93,11.14,10.93,11.14,0.22,+2.01%,0
"2023-06-23 15:02",11.21,11.34,11.21,11.28,0.14,+1.26%,0
"2023-06-23 15:03",11.27,11.27,11.23,11.23,-0.05,-0.44%,0
"2023-06-23 15:04",11.21,11.25,11.21,11.25,0.02,+0.18%,0
"2023-06-23 15:05",11.27,11.28,11.25,11.25,0,0.00%,0
"2023-06-23 15:06",11.11,11.12,11.09,11.09,-0.16,-1.42%,0
"2023-06-23 15:07",11.1,11.1,11.08,11.09,0,0.00%,0
"2023-06-23 15:08",11.07,11.11,11.07,11.11,0.02,+0.18%,0
"2023-06-23 15:09",11.11,11.11,11.06,11.06,-0.05,-0.45%,0
"2023-06-23 15:10",11.04,11.04,10.98,10.98,-0.08,-0.72%,0
"2023-06-23 15:11",10.98,10.98,10.96,10.96,-0.02,-0.18%,0
"2023-06-23 15:12",10.97,10.97,10.93,10.94,-0.02,-0.18%,0
"2023-06-23 15:13",10.9,10.9,10.89,10.89,-0.05,-0.46%,0
"2023-06-23 15:14",10.89,10.89,10.86,10.87,-0.02,-0.18%,0
"2023-06-23 15:15",10.89,10.9,10.89,10.9,0.03,+0.28%,0
"2023-06-23 15:16",10.89,10.9,10.87,10.87,-0.03,-0.28%,0
"2023-06-23 15:17",10.82,10.86,10.82,10.86,-0.01,-0.09%,0
"2023-06-23 15:18",10.82,10.83,10.82,10.83,-0.03,-0.28%,0
"2023-06-23 15:19",10.81,10.81,10.73,10.73,-0.1,-0.92%,0
"2023-06-23 15:20",10.71,10.71,10.68,10.69,-0.04,-0.37%,0
"2023-06-23 15:21",10.71,10.77,10.71,10.77,0.08,+0.75%,0
"2023-06-23 15:22",10.77,10.78,10.77,10.78,0.01,+0.09%,0
"2023-06-23 15:23",10.79,10.86,10.79,10.86,0.08,+0.74%,0
"2023-06-23 15:24",10.85,10.87,10.85,10.86,0,0.00%,0
"2023-06-23 15:25",10.85,10.88,10.85,10.88,0.02,+0.18%,0
"2023-06-23 15:26",10.87,10.91,10.87,10.91,0.03,+0.28%,0
"2023-06-23 15:27",10.92,10.92,10.91,10.91,0,0.00%,0
"2023-06-23 15:28",10.89,10.92,10.89,10.9,-0.01,-0.09%,0
"2023-06-23 15:29",10.9,10.9,10.86,10.86,-0.04,-0.37%,0
"2023-06-23 15:30",10.85,10.85,10.85,10.85,-0.01,-0.09%,0
"2023-06-23 15:31",10.81,10.81,10.73,10.73,-0.12,-1.11%,0
"2023-06-23 15:32",10.7,10.7,10.68,10.7,-0.03,-0.28%,0
"2023-06-23 15:33",10.73,10.79,10.73,10.79,0.09,+0.84%,0
"2023-06-23 15:34",10.8,10.8,10.77,10.77,-0.02,-0.19%,0
"2023-06-23 15:35",10.74,10.75,10.72,10.75,-0.02,-0.19%,0
"2023-06-23 15:36",10.74,10.74,10.65,10.65,-0.1,-0.93%,0
"2023-06-23 15:37",10.66,10.69,10.66,10.69,0.04,+0.38%,0
"2023-06-23 15:38",10.69,10.7,10.66,10.67,-0.02,-0.19%,0
"2023-06-23 15:39",10.64,10.65,10.63,10.63,-0.04,-0.37%,0
"2023-06-23 15:40",10.63,10.66,10.63,10.66,0.03,+0.28%,0
"2023-06-23 15:41",10.66,10.71,10.66,10.71,0.05,+0.47%,0
"2023-06-23 15:42",10.73,10.74,10.7,10.7,-0.01,-0.09%,0
"2023-06-23 15:43",10.69,10.72,10.69,10.71,0.01,+0.09%,0
"2023-06-23 15:44",10.71,10.75,10.71,10.75,0.04,+0.37%,0
"2023-06-23 15:45",10.77,10.78,10.76,10.78,0.03,+0.28%,0
"2023-06-23 15:46",10.77,10.78,10.77,10.78,0,0.00%,0
"2023-06-23 15:47",10.78,10.83,10.78,10.83,0.05,+0.46%,0
"2023-06-23 15:48",10.81,10.82,10.81,10.82,-0.01,-0.09%,0
"2023-06-23 15:49",10.82,10.85,10.82,10.84,0.02,+0.18%,0
"2023-06-23 15:50",10.77,10.98,10.77,10.98,0.14,+1.29%,0
"2023-06-23 15:51",10.9,10.9,10.86,10.86,-0.12,-1.09%,0
"2023-06-23 15:52",10.7,10.75,10.7,10.71,-0.15,-1.38%,0
"2023-06-23 15:53",10.72,10.78,10.69,10.78,0.07,+0.65%,0
"2023-06-23 15:54",10.77,10.77,10.72,10.72,-0.06,-0.56%,0
"2023-06-23 15:55",10.84,10.84,10.77,10.8,0.08,+0.75%,0
"2023-06-23 15:56",10.83,10.83,10.79,10.79,-0.01,-0.09%,0
"2023-06-23 15:57",10.79,10.79,10.73,10.78,-0.01,-0.09%,0
"2023-06-23 15:58",10.79,10.88,10.79,10.88,0.1,+0.93%,0
"2023-06-23 15:59",10.85,10.97,10.82,10.97,0.09,+0.83%,0
"2023-06-23 16:00",10.99,11.02,10.86,10.86,-0.11,-1.00%,0
"2023-06-23 16:01",10.9,11.01,10.9,10.97,0.11,+1.01%,0
"2023-06-23 16:02",10.96,10.96,10.85,10.85,-0.12,-1.09%,0
"2023-06-23 16:03",10.86,10.96,10.86,10.96,0.11,+1.01%,0
"2023-06-23 16:04",10.93,10.93,10.92,10.92,-0.04,-0.36%,0
"2023-06-23 16:05",10.92,10.95,10.92,10.94,0.02,+0.18%,0
"2023-06-23 16:06",10.95,11,10.95,10.99,0.05,+0.46%,0
"2023-06-23 16:07",11.01,11.03,11.01,11.01,0.02,+0.18%,0
"2023-06-23 16:08",11.08,11.11,11.08,11.11,0.1,+0.91%,0
"2023-06-23 16:09",11.21,11.27,11.21,11.27,0.16,+1.44%,0
"2023-06-23 16:10",11.27,11.33,11.27,11.33,0.06,+0.53%,0
"2023-06-23 16:11",11.34,11.39,11.34,11.39,0.06,+0.53%,0
"2023-06-23 16:12",11.38,11.45,11.38,11.44,0.05,+0.44%,0
"2023-06-23 16:13",11.43,11.43,11.4,11.41,-0.03,-0.26%,0
"2023-06-23 16:14",11.42,11.42,11.27,11.28,-0.13,-1.14%,0
"2023-06-23 16:15",11.32,11.32,11.32,11.32,0.04,+0.35%,0
"2023-06-26 09:31",9.03,9.03,8.81,8.81,-2.51,-22.17%,0
"2023-06-26 09:32",8.77,8.77,8.61,8.61,-0.2,-2.27%,0
"2023-06-26 09:33",8.58,8.58,8.51,8.53,-0.08,-0.93%,0
"2023-06-26 09:34",8.55,8.55,8.46,8.46,-0.07,-0.82%,0
"2023-06-26 09:35",8.44,8.44,8.42,8.42,-0.04,-0.47%,0
"2023-06-26 09:36",8.41,8.46,8.41,8.45,0.03,+0.36%,0
"2023-06-26 09:37",8.44,8.47,8.44,8.47,0.02,+0.24%,0
"2023-06-26 09:38",8.48,8.48,8.45,8.46,-0.01,-0.12%,0
"2023-06-26 09:39",8.44,8.44,8.43,8.44,-0.02,-0.24%,0
"2023-06-26 09:40",8.43,8.43,8.39,8.39,-0.05,-0.59%,0
"2023-06-26 09:41",8.4,8.4,8.33,8.34,-0.05,-0.60%,0
"2023-06-26 09:42",8.36,8.4,8.36,8.37,0.03,+0.36%,0
"2023-06-26 09:43",8.37,8.38,8.36,8.36,-0.01,-0.12%,0
"2023-06-26 09:44",8.32,8.46,8.32,8.46,0.1,+1.20%,0
"2023-06-26 09:45",8.46,8.55,8.46,8.55,0.09,+1.06%,0
"2023-06-26 09:46",8.56,8.58,8.54,8.54,-0.01,-0.12%,0
"2023-06-26 09:47",8.55,8.65,8.55,8.63,0.09,+1.05%,0
"2023-06-26 09:48",8.62,8.64,8.62,8.64,0.01,+0.12%,0
"2023-06-26 09:49",8.59,8.61,8.56,8.56,-0.08,-0.93%,0
"2023-06-26 09:50",8.54,8.56,8.54,8.55,-0.01,-0.12%,0
"2023-06-26 09:51",8.56,8.57,8.56,8.57,0.02,+0.23%,0
"2023-06-26 09:52",8.56,8.57,8.55,8.57,0,0.00%,0
"2023-06-26 09:53",8.56,8.6,8.52,8.52,-0.05,-0.58%,0
"2023-06-26 09:54",8.52,8.54,8.52,8.54,0.02,+0.23%,0
"2023-06-26 09:55",8.62,8.62,8.6,8.6,0.06,+0.70%,0
"2023-06-26 09:56",8.59,8.61,8.59,8.59,-0.01,-0.12%,0
"2023-06-26 09:57",8.58,8.64,8.58,8.63,0.04,+0.47%,0
"2023-06-26 09:58",8.64,8.64,8.62,8.62,-0.01,-0.12%,0
"2023-06-26 09:59",8.62,8.62,8.62,8.62,0,0.00%,0
"2023-06-26 10:00",8.61,8.61,8.6,8.6,-0.02,-0.23%,0
"2023-06-26 10:01",8.6,8.62,8.6,8.62,0.02,+0.23%,0
"2023-06-26 10:02",8.62,8.64,8.62,8.64,0.02,+0.23%,0
"2023-06-26 10:03",8.64,8.65,8.61,8.65,0.01,+0.12%,0
"2023-06-26 10:04",8.66,8.66,8.63,8.63,-0.02,-0.23%,0
"2023-06-26 10:05",8.63,8.63,8.58,8.58,-0.05,-0.58%,0
"2023-06-26 10:06",8.58,8.65,8.58,8.65,0.07,+0.82%,0
"2023-06-26 10:07",8.62,8.62,8.55,8.56,-0.09,-1.04%,0
"2023-06-26 10:08",8.52,8.54,8.52,8.54,-0.02,-0.23%,0
"2023-06-26 10:09",8.52,8.54,8.52,8.53,-0.01,-0.12%,0
"2023-06-26 10:10",8.55,8.61,8.55,8.58,0.05,+0.59%,0
"2023-06-26 10:11",8.46,8.47,8.43,8.47,-0.11,-1.28%,0
"2023-06-26 10:12",8.49,8.54,8.49,8.54,0.07,+0.83%,0
"2023-06-26 10:13",8.52,8.55,8.5,8.5,-0.04,-0.47%,0
"2023-06-26 10:14",8.5,8.51,8.5,8.5,0,0.00%,0
"2023-06-26 10:15",8.48,8.48,8.44,8.44,-0.06,-0.71%,0
"2023-06-26 10:16",8.45,8.45,8.44,8.44,0,0.00%,0
"2023-06-26 10:17",8.46,8.47,8.46,8.46,0.02,+0.24%,0
"2023-06-26 10:18",8.47,8.47,8.43,8.43,-0.03,-0.35%,0
"2023-06-26 10:19",8.42,8.46,8.42,8.46,0.03,+0.36%,0
"2023-06-26 10:20",8.45,8.51,8.45,8.48,0.02,+0.24%,0
"2023-06-26 10:21",8.5,8.55,8.5,8.53,0.05,+0.59%,0
"2023-06-26 10:22",8.53,8.53,8.49,8.5,-0.03,-0.35%,0
"2023-06-26 10:23",8.51,8.55,8.51,8.55,0.05,+0.59%,0
"2023-06-26 10:24",8.5,8.55,8.49,8.55,0,0.00%,0
"2023-06-26 10:25",8.55,8.57,8.55,8.55,0,0.00%,0
"2023-06-26 10:26",8.56,8.64,8.56,8.64,0.09,+1.05%,0
"2023-06-26 10:27",8.61,8.61,8.58,8.61,-0.03,-0.35%,0
"2023-06-26 10:28",8.6,8.6,8.58,8.58,-0.03,-0.35%,0
"2023-06-26 10:29",8.58,8.6,8.58,8.6,0.02,+0.23%,0
"2023-06-26 10:30",8.6,8.61,8.6,8.61,0.01,+0.12%,0
"2023-06-26 10:31",8.61,8.61,8.51,8.51,-0.1,-1.16%,0
"2023-06-26 10:32",8.6,8.64,8.47,8.47,-0.04,-0.47%,0
"2023-06-26 10:33",8.55,8.58,8.53,8.58,0.11,+1.30%,0
"2023-06-26 10:34",8.52,8.52,8.51,8.51,-0.07,-0.82%,0
"2023-06-26 10:35",8.52,8.55,8.52,8.54,0.03,+0.35%,0
"2023-06-26 10:36",8.54,8.55,8.54,8.54,0,0.00%,0
"2023-06-26 10:37",8.55,8.64,8.55,8.63,0.09,+1.05%,0
"2023-06-26 10:38",8.63,8.67,8.63,8.67,0.04,+0.46%,0
"2023-06-26 10:39",8.66,8.73,8.66,8.7,0.03,+0.35%,0
"2023-06-26 10:40",8.68,9.11,8.68,9.01,0.31,+3.56%,0
"2023-06-26 10:41",8.93,8.93,8.79,8.79,-0.22,-2.44%,0
"2023-06-26 10:42",8.81,8.92,8.81,8.92,0.13,+1.48%,0
"2023-06-26 10:43",8.93,8.93,8.84,8.84,-0.08,-0.90%,0
"2023-06-26 10:44",8.84,8.84,8.78,8.78,-0.06,-0.68%,0
"2023-06-26 10:45",8.8,8.83,8.8,8.8,0.02,+0.23%,0
"2023-06-26 10:46",8.8,8.8,8.77,8.77,-0.03,-0.34%,0
"2023-06-26 10:47",8.75,8.75,8.67,8.67,-0.1,-1.14%,0
"2023-06-26 10:48",8.62,8.62,8.57,8.57,-0.1,-1.15%,0
"2023-06-26 10:49",8.54,8.54,8.45,8.45,-0.12,-1.40%,0
"2023-06-26 10:50",8.43,8.43,8.36,8.38,-0.07,-0.83%,0
"2023-06-26 10:51",8.35,8.35,8.3,8.3,-0.08,-0.95%,0
"2023-06-26 10:52",8.28,8.28,8.22,8.22,-0.08,-0.96%,0
"2023-06-26 10:53",8.17,8.3,8.17,8.27,0.05,+0.61%,0
"2023-06-26 10:54",8.27,8.3,8.27,8.29,0.02,+0.24%,0
"2023-06-26 10:55",8.29,8.32,8.29,8.32,0.03,+0.36%,0
"2023-06-26 10:56",8.33,8.38,8.33,8.35,0.03,+0.36%,0
"2023-06-26 10:57",8.35,8.42,8.35,8.42,0.07,+0.84%,0
"2023-06-26 10:58",8.42,8.44,8.42,8.43,0.01,+0.12%,0
"2023-06-26 10:59",8.44,8.45,8.44,8.45,0.02,+0.24%,0
"2023-06-26 11:00",8.43,8.46,8.43,8.46,0.01,+0.12%,0
"2023-06-26 11:01",8.46,8.47,8.46,8.46,0,0.00%,0
"2023-06-26 11:02",8.46,8.51,8.46,8.51,0.05,+0.59%,0
"2023-06-26 11:03",8.53,8.54,8.53,8.54,0.03,+0.35%,0
"2023-06-26 11:04",8.56,8.59,8.56,8.57,0.03,+0.35%,0
"2023-06-26 11:05",8.54,8.72,8.54,8.72,0.15,+1.75%,0
"2023-06-26 11:06",8.65,8.73,8.65,8.73,0.01,+0.11%,0
"2023-06-26 11:07",8.69,8.71,8.67,8.69,-0.04,-0.46%,0
"2023-06-26 11:08",8.66,8.71,8.66,8.71,0.02,+0.23%,0
"2023-06-26 11:09",8.73,8.83,8.73,8.79,0.08,+0.92%,0
"2023-06-26 11:10",8.76,8.76,8.71,8.73,-0.06,-0.68%,0
"2023-06-26 11:11",8.73,8.75,8.73,8.74,0.01,+0.11%,0
"2023-06-26 11:12",8.73,8.81,8.73,8.81,0.07,+0.80%,0
"2023-06-26 11:13",8.81,8.83,8.76,8.76,-0.05,-0.57%,0
"2023-06-26 11:14",8.77,8.77,8.75,8.77,0.01,+0.11%,0
"2023-06-26 11:15",8.77,8.77,8.74,8.74,-0.03,-0.34%,0
"2023-06-26 11:16",8.76,8.78,8.76,8.78,0.04,+0.46%,0
"2023-06-26 11:17",8.78,8.82,8.78,8.82,0.04,+0.46%,0
"2023-06-26 11:18",8.81,8.84,8.81,8.84,0.02,+0.23%,0
"2023-06-26 11:19",8.81,8.81,8.78,8.78,-0.06,-0.68%,0
"2023-06-26 11:20",8.77,8.81,8.77,8.81,0.03,+0.34%,0
"2023-06-26 11:21",8.83,8.83,8.8,8.81,0,0.00%,0
"2023-06-26 11:22",8.85,8.88,8.79,8.79,-0.02,-0.23%,0
"2023-06-26 11:23",8.77,8.82,8.76,8.81,0.02,+0.23%,0
"2023-06-26 11:24",8.8,8.85,8.8,8.85,0.04,+0.45%,0
"2023-06-26 11:25",8.86,8.88,8.86,8.86,0.01,+0.11%,0
"2023-06-26 11:26",8.84,8.86,8.84,8.85,-0.01,-0.11%,0
"2023-06-26 11:27",8.85,8.9,8.85,8.89,0.04,+0.45%,0
"2023-06-26 11:28",8.85,8.86,8.81,8.83,-0.06,-0.67%,0
"2023-06-26 11:29",8.84,8.9,8.84,8.9,0.07,+0.79%,0
"2023-06-26 11:30",8.9,8.94,8.89,8.89,-0.01,-0.11%,0
"2023-06-26 11:31",8.84,8.84,8.77,8.77,-0.12,-1.35%,0
"2023-06-26 11:32",8.77,8.8,8.77,8.8,0.03,+0.34%,0
"2023-06-26 11:33",8.79,8.79,8.77,8.77,-0.03,-0.34%,0
"2023-06-26 11:34",8.76,8.76,8.75,8.75,-0.02,-0.23%,0
"2023-06-26 11:35",8.74,8.75,8.74,8.75,0,0.00%,0
"2023-06-26 11:36",8.74,8.76,8.73,8.73,-0.02,-0.23%,0
"2023-06-26 11:37",8.71,8.74,8.71,8.72,-0.01,-0.11%,0
"2023-06-26 11:38",8.72,8.74,8.72,8.74,0.02,+0.23%,0
"2023-06-26 11:39",8.75,8.76,8.75,8.75,0.01,+0.11%,0
"2023-06-26 11:40",8.75,8.76,8.74,8.74,-0.01,-0.11%,0
"2023-06-26 11:41",8.73,8.78,8.73,8.78,0.04,+0.46%,0
"2023-06-26 11:42",8.78,8.79,8.76,8.77,-0.01,-0.11%,0
"2023-06-26 11:43",8.78,8.88,8.78,8.88,0.11,+1.25%,0
"2023-06-26 11:44",8.86,8.88,8.85,8.85,-0.03,-0.34%,0
"2023-06-26 11:45",8.85,8.85,8.84,8.84,-0.01,-0.11%,0
"2023-06-26 11:46",8.82,8.83,8.81,8.82,-0.02,-0.23%,0
"2023-06-26 11:47",8.81,8.81,8.79,8.79,-0.03,-0.34%,0
"2023-06-26 11:48",8.79,8.79,8.77,8.77,-0.02,-0.23%,0
"2023-06-26 11:49",8.77,8.79,8.77,8.79,0.02,+0.23%,0
"2023-06-26 11:50",8.79,8.79,8.76,8.76,-0.03,-0.34%,0
"2023-06-26 11:51",8.77,8.78,8.77,8.78,0.02,+0.23%,0
"2023-06-26 11:52",8.77,8.79,8.74,8.74,-0.04,-0.46%,0
"2023-06-26 11:53",8.73,8.75,8.73,8.75,0.01,+0.11%,0
"2023-06-26 11:54",8.74,8.75,8.74,8.75,0,0.00%,0
"2023-06-26 11:55",8.74,8.76,8.74,8.76,0.01,+0.11%,0
"2023-06-26 11:56",8.76,8.79,8.76,8.79,0.03,+0.34%,0
"2023-06-26 11:57",8.79,8.8,8.77,8.77,-0.02,-0.23%,0
"2023-06-26 11:58",8.77,8.77,8.74,8.74,-0.03,-0.34%,0
"2023-06-26 11:59",8.73,8.73,8.71,8.71,-0.03,-0.34%,0
"2023-06-26 12:00",8.7,8.71,8.68,8.68,-0.03,-0.34%,0
"2023-06-26 12:01",8.65,8.66,8.65,8.66,-0.02,-0.23%,0
"2023-06-26 12:02",8.65,8.72,8.65,8.72,0.06,+0.69%,0
"2023-06-26 12:03",8.71,8.8,8.71,8.8,0.08,+0.92%,0
"2023-06-26 12:04",8.8,8.8,8.73,8.75,-0.05,-0.57%,0
"2023-06-26 12:05",8.75,8.86,8.75,8.86,0.11,+1.26%,0
"2023-06-26 12:06",9.05,9.12,9.05,9.12,0.26,+2.93%,0
"2023-06-26 12:07",9.09,9.1,9.03,9.1,-0.02,-0.22%,0
"2023-06-26 12:08",9.16,9.32,9.16,9.29,0.19,+2.09%,0
"2023-06-26 12:09",9.21,9.21,9.19,9.19,-0.1,-1.08%,0
"2023-06-26 12:10",9.18,9.35,9.18,9.35,0.16,+1.74%,0
"2023-06-26 12:11",9.39,9.39,9.33,9.33,-0.02,-0.21%,0
"2023-06-26 12:12",9.34,9.34,9.3,9.31,-0.02,-0.21%,0
"2023-06-26 12:13",9.29,9.29,9.26,9.28,-0.03,-0.32%,0
"2023-06-26 12:14",9.29,9.3,9.28,9.28,0,0.00%,0
"2023-06-26 12:15",9.29,9.32,9.29,9.29,0.01,+0.11%,0
"2023-06-26 12:16",9.29,9.33,9.28,9.28,-0.01,-0.11%,0
"2023-06-26 12:17",9.28,9.28,9.14,9.14,-0.14,-1.51%,0
"2023-06-26 12:18",9.13,9.14,9.08,9.12,-0.02,-0.22%,0
"2023-06-26 12:19",9.13,9.16,9.13,9.16,0.04,+0.44%,0
"2023-06-26 12:20",9.15,9.19,9.15,9.19,0.03,+0.33%,0
"2023-06-26 12:21",9.17,9.24,9.17,9.21,0.02,+0.22%,0
"2023-06-26 12:22",9.19,9.19,9.14,9.14,-0.07,-0.76%,0
"2023-06-26 12:23",9.13,9.13,9.1,9.1,-0.04,-0.44%,0
"2023-06-26 12:24",9.07,9.09,9.07,9.09,-0.01,-0.11%,0
"2023-06-26 12:25",9.08,9.09,9.08,9.08,-0.01,-0.11%,0
"2023-06-26 12:26",9.09,9.12,9.09,9.1,0.02,+0.22%,0
"2023-06-26 12:27",9.11,9.13,9.11,9.12,0.02,+0.22%,0
"2023-06-26 12:28",9.14,9.19,9.14,9.19,0.07,+0.77%,0
"2023-06-26 12:29",9.2,9.22,9.2,9.22,0.03,+0.33%,0
"2023-06-26 12:30",9.22,9.27,9.22,9.23,0.01,+0.11%,0
"2023-06-26 12:31",9.23,9.24,9.22,9.22,-0.01,-0.11%,0
"2023-06-26 12:32",9.23,9.28,9.23,9.28,0.06,+0.65%,0
"2023-06-26 12:33",9.29,9.35,9.29,9.35,0.07,+0.75%,0
"2023-06-26 12:34",9.32,9.33,9.32,9.33,-0.02,-0.21%,0
"2023-06-26 12:35",9.33,9.33,9.29,9.29,-0.04,-0.43%,0
"2023-06-26 12:36",9.28,9.31,9.28,9.31,0.02,+0.22%,0
"2023-06-26 12:37",9.31,9.34,9.31,9.33,0.02,+0.21%,0
"2023-06-26 12:38",9.34,9.4,9.34,9.4,0.07,+0.75%,0
"2023-06-26 12:39",9.42,9.44,9.42,9.43,0.03,+0.32%,0
"2023-06-26 12:40",9.4,9.4,9.36,9.38,-0.05,-0.53%,0
"2023-06-26 12:41",9.41,9.48,9.41,9.48,0.1,+1.07%,0
"2023-06-26 12:42",9.46,9.46,9.44,9.45,-0.03,-0.32%,0
"2023-06-26 12:43",9.43,9.5,9.43,9.46,0.01,+0.11%,0
"2023-06-26 12:44",9.42,9.45,9.42,9.45,-0.01,-0.11%,0
"2023-06-26 12:45",9.44,9.45,9.4,9.4,-0.05,-0.53%,0
"2023-06-26 12:46",9.39,9.41,9.37,9.38,-0.02,-0.21%,0
"2023-06-26 12:47",9.4,9.48,9.4,9.48,0.1,+1.07%,0
"2023-06-26 12:48",9.51,9.51,9.51,9.51,0.03,+0.32%,0
"2023-06-26 12:49",9.56,9.63,9.56,9.62,0.11,+1.16%,0
"2023-06-26 12:50",9.58,9.58,9.56,9.57,-0.05,-0.52%,0
"2023-06-26 12:51",9.58,9.62,9.58,9.62,0.05,+0.52%,0
"2023-06-26 12:52",9.61,9.63,9.61,9.63,0.01,+0.10%,0
"2023-06-26 12:53",9.63,9.65,9.63,9.63,0,0.00%,0
"2023-06-26 12:54",9.6,9.63,9.6,9.61,-0.02,-0.21%,0
"2023-06-26 12:55",9.63,9.65,9.63,9.65,0.04,+0.42%,0
"2023-06-26 12:56",9.66,9.67,9.66,9.66,0.01,+0.10%,0
"2023-06-26 12:57",9.64,9.64,9.6,9.6,-0.06,-0.62%,0
"2023-06-26 12:58",9.59,9.61,9.57,9.57,-0.03,-0.31%,0
"2023-06-26 12:59",9.58,9.6,9.58,9.6,0.03,+0.31%,0
"2023-06-26 13:00",9.6,9.6,9.58,9.58,-0.02,-0.21%,0
"2023-06-26 13:01",9.55,9.57,9.55,9.56,-0.02,-0.21%,0
"2023-06-26 13:02",9.56,9.58,9.56,9.58,0.02,+0.21%,0
"2023-06-26 13:03",9.59,9.59,9.58,9.58,0,0.00%,0
"2023-06-26 13:04",9.57,9.6,9.57,9.6,0.02,+0.21%,0
"2023-06-26 13:05",9.6,9.62,9.6,9.61,0.01,+0.10%,0
"2023-06-26 13:06",9.6,9.63,9.6,9.61,0,0.00%,0
"2023-06-26 13:07",9.63,9.67,9.63,9.66,0.05,+0.52%,0
"2023-06-26 13:08",9.63,9.65,9.63,9.65,-0.01,-0.10%,0
"2023-06-26 13:09",9.65,9.67,9.65,9.66,0.01,+0.10%,0
"2023-06-26 13:10",9.67,9.7,9.67,9.7,0.04,+0.41%,0
"2023-06-26 13:11",9.7,9.71,9.69,9.7,0,0.00%,0
"2023-06-26 13:12",9.7,9.7,9.65,9.65,-0.05,-0.52%,0
"2023-06-26 13:13",9.64,9.69,9.64,9.69,0.04,+0.41%,0
"2023-06-26 13:14",9.67,9.7,9.67,9.69,0,0.00%,0
"2023-06-26 13:15",9.68,9.68,9.63,9.63,-0.06,-0.62%,0
"2023-06-26 13:16",9.62,9.65,9.62,9.64,0.01,+0.10%,0
"2023-06-26 13:17",9.64,9.64,9.63,9.63,-0.01,-0.10%,0
"2023-06-26 13:18",9.63,9.64,9.63,9.63,0,0.00%,0
"2023-06-26 13:19",9.63,9.64,9.63,9.63,0,0.00%,0
"2023-06-26 13:20",9.64,9.66,9.64,9.66,0.03,+0.31%,0
"2023-06-26 13:21",9.65,9.68,9.65,9.66,0,0.00%,0
"2023-06-26 13:22",9.65,9.67,9.65,9.66,0,0.00%,0
"2023-06-26 13:23",9.65,9.65,9.64,9.64,-0.02,-0.21%,0
"2023-06-26 13:24",9.64,9.66,9.64,9.64,0,0.00%,0
"2023-06-26 13:25",9.65,9.77,9.65,9.77,0.13,+1.35%,0
"2023-06-26 13:26",9.78,9.78,9.73,9.73,-0.04,-0.41%,0
"2023-06-26 13:27",9.73,9.74,9.73,9.74,0.01,+0.10%,0
"2023-06-26 13:28",9.73,9.73,9.7,9.7,-0.04,-0.41%,0
"2023-06-26 13:29",9.69,9.7,9.67,9.67,-0.03,-0.31%,0
"2023-06-26 13:30",9.67,9.68,9.67,9.67,0,0.00%,0
"2023-06-26 13:31",9.66,9.68,9.66,9.68,0.01,+0.10%,0
"2023-06-26 13:32",9.71,9.74,9.71,9.74,0.06,+0.62%,0
"2023-06-26 13:33",9.73,9.74,9.72,9.72,-0.02,-0.21%,0
"2023-06-26 13:34",9.72,9.73,9.7,9.7,-0.02,-0.21%,0
"2023-06-26 13:35",9.71,9.72,9.71,9.72,0.02,+0.21%,0
"2023-06-26 13:36",9.72,9.75,9.72,9.75,0.03,+0.31%,0
"2023-06-26 13:37",9.76,9.77,9.76,9.76,0.01,+0.10%,0
"2023-06-26 13:38",9.75,9.75,9.74,9.74,-0.02,-0.20%,0
"2023-06-26 13:39",9.75,9.75,9.71,9.71,-0.03,-0.31%,0
"2023-06-26 13:40",9.7,9.71,9.7,9.71,0,0.00%,0
"2023-06-26 13:41",9.69,9.74,9.69,9.74,0.03,+0.31%,0
"2023-06-26 13:42",9.74,9.78,9.74,9.78,0.04,+0.41%,0
"2023-06-26 13:43",9.78,9.79,9.76,9.76,-0.02,-0.20%,0
"2023-06-26 13:44",9.75,9.78,9.75,9.77,0.01,+0.10%,0
"2023-06-26 13:45",9.78,9.79,9.78,9.78,0.01,+0.10%,0
"2023-06-26 13:46",9.77,9.78,9.76,9.78,0,0.00%,0
"2023-06-26 13:47",9.77,9.8,9.77,9.79,0.01,+0.10%,0
"2023-06-26 13:48",9.79,9.93,9.79,9.89,0.1,+1.02%,0
"2023-06-26 13:49",9.88,9.89,9.87,9.87,-0.02,-0.20%,0
"2023-06-26 13:50",9.83,9.83,9.83,9.83,-0.04,-0.41%,0
"2023-06-26 13:51",9.81,9.86,9.81,9.86,0.03,+0.31%,0
"2023-06-26 13:52",9.86,9.88,9.86,9.87,0.01,+0.10%,0
"2023-06-26 13:53",9.87,9.88,9.81,9.81,-0.06,-0.61%,0
"2023-06-26 13:54",9.82,9.86,9.82,9.86,0.05,+0.51%,0
"2023-06-26 13:55",9.84,9.86,9.84,9.85,-0.01,-0.10%,0
"2023-06-26 13:56",9.86,9.86,9.84,9.86,0.01,+0.10%,0
"2023-06-26 13:57",9.86,9.87,9.85,9.85,-0.01,-0.10%,0
"2023-06-26 13:58",9.86,9.86,9.84,9.86,0.01,+0.10%,0
"2023-06-26 13:59",9.84,9.85,9.84,9.85,-0.01,-0.10%,0
"2023-06-26 14:00",9.84,9.85,9.76,9.76,-0.09,-0.91%,0
"2023-06-26 14:01",9.77,9.78,9.73,9.73,-0.03,-0.31%,0
"2023-06-26 14:02",9.71,9.71,9.7,9.71,-0.02,-0.21%,0
"2023-06-26 14:03",9.71,9.73,9.71,9.71,0,0.00%,0
"2023-06-26 14:04",9.7,9.71,9.7,9.7,-0.01,-0.10%,0
"2023-06-26 14:05",9.7,9.71,9.69,9.69,-0.01,-0.10%,0
"2023-06-26 14:06",9.69,9.74,9.69,9.74,0.05,+0.52%,0
"2023-06-26 14:07",9.74,9.76,9.73,9.73,-0.01,-0.10%,0
"2023-06-26 14:08",9.72,9.77,9.72,9.77,0.04,+0.41%,0
"2023-06-26 14:09",9.77,9.81,9.77,9.8,0.03,+0.31%,0
"2023-06-26 14:10",9.8,9.84,9.8,9.82,0.02,+0.20%,0
"2023-06-26 14:11",9.82,9.84,9.82,9.82,0,0.00%,0
"2023-06-26 14:12",9.81,9.82,9.81,9.81,-0.01,-0.10%,0
"2023-06-26 14:13",9.81,9.82,9.81,9.81,0,0.00%,0
"2023-06-26 14:14",9.81,9.81,9.81,9.81,0,0.00%,0
"2023-06-26 14:15",9.82,9.89,9.82,9.89,0.08,+0.82%,0
"2023-06-26 14:16",9.87,9.89,9.85,9.85,-0.04,-0.40%,0
"2023-06-26 14:17",9.85,9.85,9.78,9.78,-0.07,-0.71%,0
"2023-06-26 14:18",9.78,9.79,9.76,9.76,-0.02,-0.20%,0
"2023-06-26 14:19",9.76,9.78,9.76,9.78,0.02,+0.20%,0
"2023-06-26 14:20",9.81,9.82,9.81,9.82,0.04,+0.41%,0
"2023-06-26 14:21",9.8,9.81,9.8,9.8,-0.02,-0.20%,0
"2023-06-26 14:22",9.81,9.83,9.81,9.83,0.03,+0.31%,0
"2023-06-26 14:23",9.85,9.86,9.85,9.86,0.03,+0.31%,0
"2023-06-26 14:24",9.86,9.87,9.86,9.87,0.01,+0.10%,0
"2023-06-26 14:25",9.87,9.88,9.86,9.86,-0.01,-0.10%,0
"2023-06-26 14:26",9.85,9.88,9.85,9.87,0.01,+0.10%,0
"2023-06-26 14:27",9.87,9.88,9.87,9.87,0,0.00%,0
"2023-06-26 14:28",9.88,9.88,9.85,9.85,-0.02,-0.20%,0
"2023-06-26 14:29",9.84,9.86,9.84,9.86,0.01,+0.10%,0
"2023-06-26 14:30",9.86,9.86,9.82,9.82,-0.04,-0.41%,0
"2023-06-26 14:31",9.8,9.81,9.79,9.79,-0.03,-0.31%,0
"2023-06-26 14:32",9.8,9.8,9.78,9.78,-0.01,-0.10%,0
"2023-06-26 14:33",9.78,9.8,9.78,9.8,0.02,+0.20%,0
"2023-06-26 14:34",9.79,9.8,9.74,9.74,-0.06,-0.61%,0
"2023-06-26 14:35",9.73,9.74,9.73,9.73,-0.01,-0.10%,0
"2023-06-26 14:36",9.73,9.74,9.72,9.72,-0.01,-0.10%,0
"2023-06-26 14:37",9.72,9.76,9.72,9.75,0.03,+0.31%,0
"2023-06-26 14:38",9.75,9.77,9.75,9.77,0.02,+0.21%,0
"2023-06-26 14:39",9.76,9.76,9.7,9.7,-0.07,-0.72%,0
"2023-06-26 14:40",9.71,9.76,9.71,9.76,0.06,+0.62%,0
"2023-06-26 14:41",9.75,9.77,9.75,9.76,0,0.00%,0
"2023-06-26 14:42",9.77,9.78,9.69,9.69,-0.07,-0.72%,0
"2023-06-26 14:43",9.67,9.69,9.66,9.69,0,0.00%,0
"2023-06-26 14:44",9.7,9.71,9.7,9.71,0.02,+0.21%,0
"2023-06-26 14:45",9.71,9.74,9.71,9.74,0.03,+0.31%,0
"2023-06-26 14:46",9.73,9.74,9.73,9.73,-0.01,-0.10%,0
"2023-06-26 14:47",9.76,9.79,9.76,9.79,0.06,+0.62%,0
"2023-06-26 14:48",9.79,9.8,9.79,9.8,0.01,+0.10%,0
"2023-06-26 14:49",9.8,9.83,9.8,9.83,0.03,+0.31%,0
"2023-06-26 14:50",9.82,9.97,9.82,9.97,0.14,+1.42%,0
"2023-06-26 14:51",9.97,9.98,9.97,9.98,0.01,+0.10%,0
"2023-06-26 14:52",10.01,10.04,10.01,10.03,0.05,+0.50%,0
"2023-06-26 14:53",10.02,10.08,10.02,10.07,0.04,+0.40%,0
"2023-06-26 14:54",10.07,10.1,10.05,10.05,-0.02,-0.20%,0
"2023-06-26 14:55",10.06,10.08,10.06,10.08,0.03,+0.30%,0
"2023-06-26 14:56",10.11,10.14,10.11,10.12,0.04,+0.40%,0
"2023-06-26 14:57",10.13,10.14,10.13,10.13,0.01,+0.10%,0
"2023-06-26 14:58",10.13,10.15,10.13,10.14,0.01,+0.10%,0
"2023-06-26 14:59",10.14,10.14,10.13,10.13,-0.01,-0.10%,0
"2023-06-26 15:00",10.12,10.12,10.11,10.11,-0.02,-0.20%,0
"2023-06-26 15:01",10.09,10.09,10.05,10.05,-0.06,-0.59%,0
"2023-06-26 15:02",10.04,10.09,10.04,10.08,0.03,+0.30%,0
"2023-06-26 15:03",10.1,10.14,10.1,10.13,0.05,+0.50%,0
"2023-06-26 15:04",10.14,10.16,10.14,10.16,0.03,+0.30%,0
"2023-06-26 15:05",10.18,10.18,10.15,10.15,-0.01,-0.10%,0
"2023-06-26 15:06",10.16,10.17,10.16,10.17,0.02,+0.20%,0
"2023-06-26 15:07",10.16,10.19,10.16,10.19,0.02,+0.20%,0
"2023-06-26 15:08",10.19,10.19,10.18,10.18,-0.01,-0.10%,0
"2023-06-26 15:09",10.2,10.2,10.19,10.2,0.02,+0.20%,0
"2023-06-26 15:10",10.18,10.21,10.18,10.21,0.01,+0.10%,0
"2023-06-26 15:11",10.23,10.27,10.23,10.27,0.06,+0.59%,0
"2023-06-26 15:12",10.28,10.28,10.28,10.28,0.01,+0.10%,0
"2023-06-26 15:13",10.28,10.31,10.28,10.3,0.02,+0.19%,0
"2023-06-26 15:14",10.32,10.33,10.31,10.31,0.01,+0.10%,0
"2023-06-26 15:15",10.31,10.32,10.31,10.32,0.01,+0.10%,0
"2023-06-26 15:16",10.31,10.33,10.31,10.32,0,0.00%,0
"2023-06-26 15:17",10.32,10.34,10.32,10.33,0.01,+0.10%,0
"2023-06-26 15:18",10.3,10.3,10.29,10.3,-0.03,-0.29%,0
"2023-06-26 15:19",10.27,10.28,10.27,10.27,-0.03,-0.29%,0
"2023-06-26 15:20",10.27,10.27,10.25,10.27,0,0.00%,0
"2023-06-26 15:21",10.3,10.32,10.27,10.32,0.05,+0.49%,0
"2023-06-26 15:22",10.27,10.36,10.27,10.36,0.04,+0.39%,0
"2023-06-26 15:23",10.4,10.44,10.4,10.44,0.08,+0.77%,0
"2023-06-26 15:24",10.42,10.42,10.4,10.4,-0.04,-0.38%,0
"2023-06-26 15:25",10.39,10.43,10.39,10.43,0.03,+0.29%,0
"2023-06-26 15:26",10.34,10.39,10.34,10.38,-0.05,-0.48%,0
"2023-06-26 15:27",10.35,10.35,10.34,10.35,-0.03,-0.29%,0
"2023-06-26 15:28",10.35,10.36,10.34,10.34,-0.01,-0.10%,0
"2023-06-26 15:29",10.35,10.36,10.35,10.36,0.02,+0.19%,0
"2023-06-26 15:30",10.35,10.38,10.33,10.33,-0.03,-0.29%,0
"2023-06-26 15:31",10.34,10.34,10.28,10.28,-0.05,-0.48%,0
"2023-06-26 15:32",10.26,10.3,10.26,10.3,0.02,+0.19%,0
"2023-06-26 15:33",10.3,10.31,10.3,10.31,0.01,+0.10%,0
"2023-06-26 15:34",10.3,10.32,10.3,10.3,-0.01,-0.10%,0
"2023-06-26 15:35",10.31,10.4,10.31,10.4,0.1,+0.97%,0
"2023-06-26 15:36",10.41,10.41,10.39,10.39,-0.01,-0.10%,0
"2023-06-26 15:37",10.38,10.41,10.38,10.41,0.02,+0.19%,0
"2023-06-26 15:38",10.41,10.43,10.41,10.43,0.02,+0.19%,0
"2023-06-26 15:39",10.39,10.46,10.39,10.46,0.03,+0.29%,0
"2023-06-26 15:40",10.45,10.47,10.45,10.46,0,0.00%,0
"2023-06-26 15:41",10.47,10.48,10.47,10.48,0.02,+0.19%,0
"2023-06-26 15:42",10.45,10.48,10.45,10.48,0,0.00%,0
"2023-06-26 15:43",10.48,10.59,10.48,10.59,0.11,+1.05%,0
"2023-06-26 15:44",10.59,10.61,10.58,10.59,0,0.00%,0
"2023-06-26 15:45",10.64,10.85,10.64,10.85,0.26,+2.46%,0
"2023-06-26 15:46",10.88,10.97,10.88,10.97,0.12,+1.11%,0
"2023-06-26 15:47",11,11.15,11,11.15,0.18,+1.64%,0
"2023-06-26 15:48",11.18,11.32,11.18,11.32,0.17,+1.52%,0
"2023-06-26 15:49",11.31,11.33,11.2,11.2,-0.12,-1.06%,0
"2023-06-26 15:50",11.19,11.2,11.15,11.15,-0.05,-0.45%,0
"2023-06-26 15:51",11.18,11.22,11.18,11.21,0.06,+0.54%,0
"2023-06-26 15:52",11.18,11.18,11.16,11.17,-0.04,-0.36%,0
"2023-06-26 15:53",11.12,11.13,11.12,11.12,-0.05,-0.45%,0
"2023-06-26 15:54",11.11,11.13,11.11,11.13,0.01,+0.09%,0
"2023-06-26 15:55",11.09,11.1,11.03,11.03,-0.1,-0.90%,0
"2023-06-26 15:56",10.98,11.02,10.98,11.01,-0.02,-0.18%,0
"2023-06-26 15:57",11.03,11.12,11.03,11.05,0.04,+0.36%,0
"2023-06-26 15:58",11.04,11.06,11.03,11.06,0.01,+0.09%,0
"2023-06-26 15:59",11.07,11.11,11.07,11.11,0.05,+0.45%,0
"2023-06-26 16:00",11.09,11.09,11.01,11.01,-0.1,-0.90%,0
"2023-06-26 16:01",10.98,10.98,10.86,10.89,-0.12,-1.09%,0
"2023-06-26 16:02",10.81,10.81,10.77,10.77,-0.12,-1.10%,0
"2023-06-26 16:03",10.8,10.94,10.8,10.94,0.17,+1.58%,0
"2023-06-26 16:04",10.92,10.92,10.9,10.9,-0.04,-0.37%,0
"2023-06-26 16:05",10.87,10.88,10.87,10.88,-0.02,-0.18%,0
"2023-06-26 16:06",10.88,10.89,10.88,10.89,0.01,+0.09%,0
"2023-06-26 16:07",10.9,10.9,10.89,10.89,0,0.00%,0
"2023-06-26 16:08",10.9,10.9,10.86,10.88,-0.01,-0.09%,0
"2023-06-26 16:09",10.88,10.88,10.85,10.86,-0.02,-0.18%,0
"2023-06-26 16:10",10.82,10.85,10.82,10.83,-0.03,-0.28%,0
"2023-06-26 16:11",10.92,10.97,10.92,10.96,0.13,+1.20%,0
"2023-06-26 16:12",10.98,11.01,10.98,11.01,0.05,+0.46%,0
"2023-06-26 16:13",11,11.05,11,11.05,0.04,+0.36%,0
"2023-06-26 16:14",11.08,11.09,11.05,11.05,0,0.00%,0
"2023-06-26 16:15",11.09,11.09,11.09,11.09,0.04,+0.36%,0
"2023-06-27 09:31",8.87,8.87,8.79,8.79,-2.3,-20.74%,0
"2023-06-27 09:32",8.78,8.82,8.78,8.82,0.03,+0.34%,0
"2023-06-27 09:33",8.81,8.81,8.65,8.65,-0.17,-1.93%,0
"2023-06-27 09:34",8.62,8.67,8.62,8.65,0,0.00%,0
"2023-06-27 09:35",8.67,8.67,8.61,8.61,-0.04,-0.46%,0
"2023-06-27 09:36",8.63,8.63,8.56,8.57,-0.04,-0.46%,0
"2023-06-27 09:37",8.6,8.66,8.6,8.65,0.08,+0.93%,0
"2023-06-27 09:38",8.66,8.69,8.66,8.67,0.02,+0.23%,0
"2023-06-27 09:39",8.64,8.64,8.62,8.62,-0.05,-0.58%,0
"2023-06-27 09:40",8.62,8.68,8.62,8.67,0.05,+0.58%,0
"2023-06-27 09:41",8.68,8.69,8.64,8.68,0.01,+0.12%,0
"2023-06-27 09:42",8.7,8.7,8.68,8.68,0,0.00%,0
"2023-06-27 09:43",8.68,8.68,8.64,8.64,-0.04,-0.46%,0
"2023-06-27 09:44",8.65,8.69,8.64,8.69,0.05,+0.58%,0
"2023-06-27 09:45",8.69,8.69,8.57,8.58,-0.11,-1.27%,0
"2023-06-27 09:46",8.57,8.7,8.55,8.7,0.12,+1.40%,0
"2023-06-27 09:47",8.67,8.67,8.6,8.61,-0.09,-1.03%,0
"2023-06-27 09:48",8.62,8.69,8.55,8.55,-0.06,-0.70%,0
"2023-06-27 09:49",8.52,8.62,8.52,8.62,0.07,+0.82%,0
"2023-06-27 09:50",8.63,8.63,8.61,8.63,0.01,+0.12%,0
"2023-06-27 09:51",8.62,8.64,8.55,8.56,-0.07,-0.81%,0
"2023-06-27 09:52",8.55,8.55,8.49,8.49,-0.07,-0.82%,0
"2023-06-27 09:53",8.51,8.51,8.44,8.44,-0.05,-0.59%,0
"2023-06-27 09:54",8.42,8.47,8.42,8.47,0.03,+0.36%,0
"2023-06-27 09:55",8.49,8.51,8.49,8.49,0.02,+0.24%,0
"2023-06-27 09:56",8.48,8.53,8.48,8.52,0.03,+0.35%,0
"2023-06-27 09:57",8.53,8.54,8.52,8.53,0.01,+0.12%,0
"2023-06-27 09:58",8.52,8.54,8.47,8.47,-0.06,-0.70%,0
"2023-06-27 09:59",8.48,8.48,8.48,8.48,0.01,+0.12%,0
"2023-06-27 10:00",8.53,8.53,8.34,8.34,-0.14,-1.65%,0
"2023-06-27 10:01",8.35,8.41,8.33,8.41,0.07,+0.84%,0
"2023-06-27 10:02",8.4,8.47,8.4,8.47,0.06,+0.71%,0
"2023-06-27 10:03",8.48,8.48,8.46,8.46,-0.01,-0.12%,0
"2023-06-27 10:04",8.45,8.46,8.41,8.41,-0.05,-0.59%,0
"2023-06-27 10:05",8.44,8.45,8.39,8.4,-0.01,-0.12%,0
"2023-06-27 10:06",8.42,8.44,8.4,8.4,0,0.00%,0
"2023-06-27 10:07",8.38,8.4,8.37,8.39,-0.01,-0.12%,0
"2023-06-27 10:08",8.38,8.44,8.36,8.44,0.05,+0.60%,0
"2023-06-27 10:09",8.41,8.41,8.37,8.39,-0.05,-0.59%,0
"2023-06-27 10:10",8.41,8.49,8.39,8.49,0.1,+1.19%,0
"2023-06-27 10:11",8.42,8.42,8.3,8.34,-0.15,-1.77%,0
"2023-06-27 10:12",8.38,8.5,8.38,8.48,0.14,+1.68%,0
"2023-06-27 10:13",8.46,8.46,8.41,8.41,-0.07,-0.83%,0
"2023-06-27 10:14",8.39,8.39,8.3,8.3,-0.11,-1.31%,0
"2023-06-27 10:15",8.26,8.28,8.25,8.25,-0.05,-0.60%,0
"2023-06-27 10:16",8.23,8.26,8.23,8.23,-0.02,-0.24%,0
"2023-06-27 10:17",8.23,8.24,8.2,8.2,-0.03,-0.36%,0
"2023-06-27 10:18",8.2,8.2,8.15,8.15,-0.05,-0.61%,0
"2023-06-27 10:19",8.14,8.19,8.14,8.19,0.04,+0.49%,0
"2023-06-27 10:20",8.19,8.2,8.17,8.17,-0.02,-0.24%,0
"2023-06-27 10:21",8.18,8.21,8.18,8.2,0.03,+0.37%,0
"2023-06-27 10:22",8.2,8.23,8.2,8.22,0.02,+0.24%,0
"2023-06-27 10:23",8.19,8.19,8.17,8.17,-0.05,-0.61%,0
"2023-06-27 10:24",8.12,8.19,8.11,8.17,0,0.00%,0
"2023-06-27 10:25",8.18,8.2,8.18,8.2,0.03,+0.37%,0
"2023-06-27 10:26",8.19,8.19,8.18,8.18,-0.02,-0.24%,0
"2023-06-27 10:27",8.18,8.18,8.16,8.16,-0.02,-0.24%,0
"2023-06-27 10:28",8.14,8.14,8.05,8.05,-0.11,-1.35%,0
"2023-06-27 10:29",8.05,8.07,8.05,8.05,0,0.00%,0
"2023-06-27 10:30",8.07,8.1,8.05,8.05,0,0.00%,0
"2023-06-27 10:31",8.01,8.05,8.01,8.04,-0.01,-0.12%,0
"2023-06-27 10:32",8.04,8.06,8.03,8.06,0.02,+0.25%,0
"2023-06-27 10:33",8.08,8.1,8.03,8.03,-0.03,-0.37%,0
"2023-06-27 10:34",8.04,8.09,8.04,8.05,0.02,+0.25%,0
"2023-06-27 10:35",8.06,8.07,8.06,8.06,0.01,+0.12%,0
"2023-06-27 10:36",8.07,8.09,8.07,8.09,0.03,+0.37%,0
"2023-06-27 10:37",8.04,8.05,8.04,8.04,-0.05,-0.62%,0
"2023-06-27 10:38",8.03,8.07,8.03,8.04,0,0.00%,0
"2023-06-27 10:39",8.04,8.07,8.04,8.05,0.01,+0.12%,0
"2023-06-27 10:40",8.03,8.07,8.03,8.07,0.02,+0.25%,0
"2023-06-27 10:41",8.06,8.09,8.06,8.07,0,0.00%,0
"2023-06-27 10:42",8.05,8.06,8.02,8.06,-0.01,-0.12%,0
"2023-06-27 10:43",8.1,8.1,8.07,8.07,0.01,+0.12%,0
"2023-06-27 10:44",8.05,8.06,8.03,8.03,-0.04,-0.50%,0
"2023-06-27 10:45",8.02,8.02,8,8,-0.03,-0.37%,0
"2023-06-27 10:46",8,8,7.96,7.98,-0.02,-0.25%,0
"2023-06-27 10:47",7.98,8.02,7.98,8.02,0.04,+0.50%,0
"2023-06-27 10:48",8.04,8.04,7.96,7.97,-0.05,-0.62%,0
"2023-06-27 10:49",7.98,8,7.98,8,0.03,+0.38%,0
"2023-06-27 10:50",8,8.02,7.97,7.97,-0.03,-0.38%,0
"2023-06-27 10:51",7.94,7.96,7.93,7.96,-0.01,-0.13%,0
"2023-06-27 10:52",7.95,7.96,7.95,7.96,0,0.00%,0
"2023-06-27 10:53",7.96,7.98,7.95,7.98,0.02,+0.25%,0
"2023-06-27 10:54",7.95,7.95,7.95,7.95,-0.03,-0.38%,0
"2023-06-27 10:55",7.98,8.01,7.98,8.01,0.06,+0.75%,0
"2023-06-27 10:56",8,8.02,8,8,-0.01,-0.12%,0
"2023-06-27 10:57",8.01,8.01,8,8,0,0.00%,0
"2023-06-27 10:58",7.99,8.01,7.99,8,0,0.00%,0
"2023-06-27 10:59",8,8.01,7.99,8,0,0.00%,0
"2023-06-27 11:00",8.01,8.03,8.01,8.02,0.02,+0.25%,0
"2023-06-27 11:01",8.03,8.05,8.03,8.05,0.03,+0.37%,0
"2023-06-27 11:02",8.04,8.07,8.04,8.05,0,0.00%,0
"2023-06-27 11:03",8.05,8.09,8.05,8.09,0.04,+0.50%,0
"2023-06-27 11:04",8.11,8.16,8.11,8.11,0.02,+0.25%,0
"2023-06-27 11:05",8.15,8.19,8.15,8.17,0.06,+0.74%,0
"2023-06-27 11:06",8.15,8.16,8.14,8.14,-0.03,-0.37%,0
"2023-06-27 11:07",8.13,8.14,8.12,8.12,-0.02,-0.25%,0
"2023-06-27 11:08",8.12,8.18,8.12,8.18,0.06,+0.74%,0
"2023-06-27 11:09",8.17,8.19,8.15,8.16,-0.02,-0.24%,0
"2023-06-27 11:10",8.17,8.21,8.17,8.2,0.04,+0.49%,0
"2023-06-27 11:11",8.21,8.26,8.18,8.18,-0.02,-0.24%,0
"2023-06-27 11:12",8.17,8.21,8.17,8.2,0.02,+0.24%,0
"2023-06-27 11:13",8.21,8.26,8.21,8.24,0.04,+0.49%,0
"2023-06-27 11:14",8.23,8.23,8.18,8.19,-0.05,-0.61%,0
"2023-06-27 11:15",8.19,8.24,8.19,8.24,0.05,+0.61%,0
"2023-06-27 11:16",8.24,8.25,8.16,8.16,-0.08,-0.97%,0
"2023-06-27 11:17",8.16,8.16,8.13,8.13,-0.03,-0.37%,0
"2023-06-27 11:18",8.14,8.16,8.14,8.16,0.03,+0.37%,0
"2023-06-27 11:19",8.17,8.21,8.17,8.21,0.05,+0.61%,0
"2023-06-27 11:20",8.19,8.19,8.16,8.16,-0.05,-0.61%,0
"2023-06-27 11:21",8.19,8.2,8.16,8.16,0,0.00%,0
"2023-06-27 11:22",8.16,8.16,8.14,8.16,0,0.00%,0
"2023-06-27 11:23",8.14,8.16,8.14,8.16,0,0.00%,0
"2023-06-27 11:24",8.15,8.2,8.15,8.19,0.03,+0.37%,0
"2023-06-27 11:25",8.21,8.25,8.21,8.25,0.06,+0.73%,0
"2023-06-27 11:26",8.23,8.25,8.23,8.24,-0.01,-0.12%,0
"2023-06-27 11:27",8.25,8.26,8.23,8.23,-0.01,-0.12%,0
"2023-06-27 11:28",8.22,8.26,8.22,8.26,0.03,+0.36%,0
"2023-06-27 11:29",8.31,8.42,8.31,8.34,0.08,+0.97%,0
"2023-06-27 11:30",8.34,8.36,8.34,8.36,0.02,+0.24%,0
"2023-06-27 11:31",8.33,8.36,8.33,8.35,-0.01,-0.12%,0
"2023-06-27 11:32",8.36,8.44,8.36,8.41,0.06,+0.72%,0
"2023-06-27 11:33",8.41,8.43,8.4,8.4,-0.01,-0.12%,0
"2023-06-27 11:34",8.37,8.42,8.37,8.42,0.02,+0.24%,0
"2023-06-27 11:35",8.43,8.43,8.41,8.41,-0.01,-0.12%,0
"2023-06-27 11:36",8.4,8.47,8.4,8.47,0.06,+0.71%,0
"2023-06-27 11:37",8.51,8.52,8.5,8.5,0.03,+0.35%,0
"2023-06-27 11:38",8.47,8.49,8.47,8.48,-0.02,-0.24%,0
"2023-06-27 11:39",8.47,8.48,8.47,8.48,0,0.00%,0
"2023-06-27 11:40",8.47,8.47,8.45,8.45,-0.03,-0.35%,0
"2023-06-27 11:41",8.43,8.45,8.43,8.44,-0.01,-0.12%,0
"2023-06-27 11:42",8.45,8.49,8.45,8.46,0.02,+0.24%,0
"2023-06-27 11:43",8.46,8.48,8.46,8.47,0.01,+0.12%,0
"2023-06-27 11:44",8.48,8.49,8.48,8.49,0.02,+0.24%,0
"2023-06-27 11:45",8.49,8.5,8.49,8.5,0.01,+0.12%,0
"2023-06-27 11:46",8.51,8.54,8.51,8.54,0.04,+0.47%,0
"2023-06-27 11:47",8.54,8.57,8.52,8.52,-0.02,-0.23%,0
"2023-06-27 11:48",8.51,8.53,8.5,8.5,-0.02,-0.23%,0
"2023-06-27 11:49",8.51,8.54,8.51,8.54,0.04,+0.47%,0
"2023-06-27 11:50",8.53,8.57,8.53,8.53,-0.01,-0.12%,0
"2023-06-27 11:51",8.53,8.53,8.52,8.53,0,0.00%,0
"2023-06-27 11:52",8.53,8.58,8.53,8.57,0.04,+0.47%,0
"2023-06-27 11:53",8.57,8.59,8.57,8.58,0.01,+0.12%,0
"2023-06-27 11:54",8.57,8.58,8.56,8.57,-0.01,-0.12%,0
"2023-06-27 11:55",8.57,8.61,8.57,8.61,0.04,+0.47%,0
"2023-06-27 11:56",8.61,8.62,8.6,8.62,0.01,+0.12%,0
"2023-06-27 11:57",8.61,8.64,8.6,8.6,-0.02,-0.23%,0
"2023-06-27 11:58",8.59,8.62,8.59,8.61,0.01,+0.12%,0
"2023-06-27 11:59",8.61,8.63,8.61,8.62,0.01,+0.12%,0
"2023-06-27 12:00",8.62,8.63,8.59,8.59,-0.03,-0.35%,0
"2023-06-27 12:01",8.6,8.62,8.6,8.62,0.03,+0.35%,0
"2023-06-27 12:02",8.61,8.62,8.61,8.61,-0.01,-0.12%,0
"2023-06-27 12:03",8.61,8.62,8.61,8.61,0,0.00%,0
"2023-06-27 12:04",8.61,8.63,8.61,8.62,0.01,+0.12%,0
"2023-06-27 12:05",8.62,8.63,8.58,8.61,-0.01,-0.12%,0
"2023-06-27 12:06",8.59,8.62,8.59,8.62,0.01,+0.12%,0
"2023-06-27 12:07",8.61,8.63,8.61,8.62,0,0.00%,0
"2023-06-27 12:08",8.62,8.62,8.6,8.61,-0.01,-0.12%,0
"2023-06-27 12:09",8.61,8.61,8.6,8.6,-0.01,-0.12%,0
"2023-06-27 12:10",8.61,8.61,8.6,8.6,0,0.00%,0
"2023-06-27 12:11",8.6,8.62,8.6,8.61,0.01,+0.12%,0
"2023-06-27 12:12",8.63,8.65,8.63,8.65,0.04,+0.46%,0
"2023-06-27 12:13",8.64,8.66,8.64,8.64,-0.01,-0.12%,0
"2023-06-27 12:14",8.64,8.65,8.64,8.65,0.01,+0.12%,0
"2023-06-27 12:15",8.65,8.67,8.65,8.66,0.01,+0.12%,0
"2023-06-27 12:16",8.67,8.69,8.67,8.68,0.02,+0.23%,0
"2023-06-27 12:17",8.69,8.69,8.67,8.69,0.01,+0.12%,0
"2023-06-27 12:18",8.68,8.73,8.68,8.71,0.02,+0.23%,0
"2023-06-27 12:19",8.73,8.75,8.73,8.74,0.03,+0.34%,0
"2023-06-27 12:20",8.75,8.77,8.75,8.77,0.03,+0.34%,0
"2023-06-27 12:21",8.77,8.8,8.77,8.8,0.03,+0.34%,0
"2023-06-27 12:22",8.81,8.84,8.81,8.83,0.03,+0.34%,0
"2023-06-27 12:23",8.82,8.83,8.82,8.83,0,0.00%,0
"2023-06-27 12:24",8.82,8.85,8.82,8.85,0.02,+0.23%,0
"2023-06-27 12:25",8.85,8.91,8.85,8.91,0.06,+0.68%,0
"2023-06-27 12:26",8.95,9.09,8.95,8.96,0.05,+0.56%,0
"2023-06-27 12:27",8.93,8.95,8.93,8.95,-0.01,-0.11%,0
"2023-06-27 12:28",8.95,8.97,8.95,8.97,0.02,+0.22%,0
"2023-06-27 12:29",8.98,9.02,8.98,9.02,0.05,+0.56%,0
"2023-06-27 12:30",9.01,9.03,9.01,9.03,0.01,+0.11%,0
"2023-06-27 12:31",9.03,9.04,9.03,9.04,0.01,+0.11%,0
"2023-06-27 12:32",9.03,9.05,9.03,9.05,0.01,+0.11%,0
"2023-06-27 12:33",9.05,9.09,9.05,9.08,0.03,+0.33%,0
"2023-06-27 12:34",9.06,9.08,9.06,9.08,0,0.00%,0
"2023-06-27 12:35",9.09,9.11,9.09,9.11,0.03,+0.33%,0
"2023-06-27 12:36",9.11,9.12,9.11,9.12,0.01,+0.11%,0
"2023-06-27 12:37",9.14,9.16,9.14,9.16,0.04,+0.44%,0
"2023-06-27 12:38",9.16,9.32,9.16,9.3,0.14,+1.53%,0
"2023-06-27 12:39",9.34,9.4,9.34,9.39,0.09,+0.97%,0
"2023-06-27 12:40",9.4,9.4,9.35,9.35,-0.04,-0.43%,0
"2023-06-27 12:41",9.36,9.37,9.36,9.37,0.02,+0.21%,0
"2023-06-27 12:42",9.36,9.37,9.35,9.35,-0.02,-0.21%,0
"2023-06-27 12:43",9.34,9.36,9.34,9.36,0.01,+0.11%,0
"2023-06-27 12:44",9.37,9.4,9.37,9.38,0.02,+0.21%,0
"2023-06-27 12:45",9.38,9.43,9.38,9.42,0.04,+0.43%,0
"2023-06-27 12:46",9.42,9.45,9.42,9.42,0,0.00%,0
"2023-06-27 12:47",9.42,9.45,9.42,9.44,0.02,+0.21%,0
"2023-06-27 12:48",9.43,9.45,9.43,9.44,0,0.00%,0
"2023-06-27 12:49",9.43,9.45,9.41,9.41,-0.03,-0.32%,0
"2023-06-27 12:50",9.42,9.42,9.35,9.35,-0.06,-0.64%,0
"2023-06-27 12:51",9.34,9.36,9.34,9.36,0.01,+0.11%,0
"2023-06-27 12:52",9.35,9.36,9.35,9.36,0,0.00%,0
"2023-06-27 12:53",9.37,9.39,9.35,9.35,-0.01,-0.11%,0
"2023-06-27 12:54",9.36,9.38,9.36,9.38,0.03,+0.32%,0
"2023-06-27 12:55",9.37,9.38,9.32,9.34,-0.04,-0.43%,0
"2023-06-27 12:56",9.35,9.36,9.35,9.36,0.02,+0.21%,0
"2023-06-27 12:57",9.27,9.3,9.26,9.26,-0.1,-1.07%,0
"2023-06-27 12:58",9.26,9.27,9.24,9.24,-0.02,-0.22%,0
"2023-06-27 12:59",9.24,9.26,9.24,9.25,0.01,+0.11%,0
"2023-06-27 13:00",9.26,9.3,9.26,9.3,0.05,+0.54%,0
"2023-06-27 13:01",9.28,9.32,9.28,9.32,0.02,+0.22%,0
"2023-06-27 13:02",9.31,9.31,9.29,9.29,-0.03,-0.32%,0
"2023-06-27 13:03",9.29,9.29,9.29,9.29,0,0.00%,0
"2023-06-27 13:04",9.27,9.28,9.27,9.28,-0.01,-0.11%,0
"2023-06-27 13:05",9.27,9.29,9.27,9.29,0.01,+0.11%,0
"2023-06-27 13:06",9.29,9.3,9.29,9.29,0,0.00%,0
"2023-06-27 13:07",9.29,9.29,9.26,9.26,-0.03,-0.32%,0
"2023-06-27 13:08",9.24,9.28,9.24,9.27,0.01,+0.11%,0
"2023-06-27 13:09",9.28,9.3,9.28,9.3,0.03,+0.32%,0
"2023-06-27 13:10",9.28,9.31,9.28,9.31,0.01,+0.11%,0
"2023-06-27 13:11",9.32,9.33,9.32,9.33,0.02,+0.21%,0
"2023-06-27 13:12",9.36,9.41,9.36,9.39,0.06,+0.64%,0
"2023-06-27 13:13",9.39,9.41,9.39,9.41,0.02,+0.21%,0
"2023-06-27 13:14",9.41,9.44,9.41,9.44,0.03,+0.32%,0
"2023-06-27 13:15",9.43,9.46,9.43,9.46,0.02,+0.21%,0
"2023-06-27 13:16",9.46,9.47,9.46,9.47,0.01,+0.11%,0
"2023-06-27 13:17",9.48,9.51,9.48,9.51,0.04,+0.42%,0
"2023-06-27 13:18",9.51,9.53,9.51,9.53,0.02,+0.21%,0
"2023-06-27 13:19",9.55,9.58,9.55,9.58,0.05,+0.52%,0
"2023-06-27 13:20",9.59,9.62,9.59,9.6,0.02,+0.21%,0
"2023-06-27 13:21",9.58,9.59,9.57,9.57,-0.03,-0.31%,0
"2023-06-27 13:22",9.58,9.61,9.58,9.61,0.04,+0.42%,0
"2023-06-27 13:23",9.62,9.66,9.62,9.64,0.03,+0.31%,0
"2023-06-27 13:24",9.64,9.67,9.64,9.67,0.03,+0.31%,0
"2023-06-27 13:25",9.67,9.67,9.64,9.64,-0.03,-0.31%,0
"2023-06-27 13:26",9.64,9.67,9.64,9.66,0.02,+0.21%,0
"2023-06-27 13:27",9.65,9.68,9.65,9.67,0.01,+0.10%,0
"2023-06-27 13:28",9.66,9.68,9.64,9.64,-0.03,-0.31%,0
"2023-06-27 13:29",9.63,9.65,9.6,9.6,-0.04,-0.41%,0
"2023-06-27 13:30",9.58,9.58,9.57,9.58,-0.02,-0.21%,0
"2023-06-27 13:31",9.61,9.65,9.61,9.62,0.04,+0.42%,0
"2023-06-27 13:32",9.62,9.65,9.62,9.64,0.02,+0.21%,0
"2023-06-27 13:33",9.64,9.65,9.63,9.63,-0.01,-0.10%,0
"2023-06-27 13:34",9.63,9.65,9.63,9.65,0.02,+0.21%,0
"2023-06-27 13:35",9.64,9.66,9.64,9.65,0,0.00%,0
"2023-06-27 13:36",9.65,9.68,9.65,9.67,0.02,+0.21%,0
"2023-06-27 13:37",9.66,9.69,9.66,9.69,0.02,+0.21%,0
"2023-06-27 13:38",9.69,9.71,9.69,9.71,0.02,+0.21%,0
"2023-06-27 13:39",9.7,9.72,9.7,9.72,0.01,+0.10%,0
"2023-06-27 13:40",9.7,9.73,9.7,9.73,0.01,+0.10%,0
"2023-06-27 13:41",9.73,9.76,9.73,9.75,0.02,+0.21%,0
"2023-06-27 13:42",9.75,9.76,9.75,9.76,0.01,+0.10%,0
"2023-06-27 13:43",9.73,9.76,9.73,9.76,0,0.00%,0
"2023-06-27 13:44",9.76,9.76,9.72,9.72,-0.04,-0.41%,0
"2023-06-27 13:45",9.71,9.73,9.71,9.73,0.01,+0.10%,0
"2023-06-27 13:46",9.73,9.75,9.73,9.74,0.01,+0.10%,0
"2023-06-27 13:47",9.75,9.78,9.75,9.77,0.03,+0.31%,0
"2023-06-27 13:48",9.76,9.78,9.76,9.78,0.01,+0.10%,0
"2023-06-27 13:49",9.78,9.82,9.78,9.82,0.04,+0.41%,0
"2023-06-27 13:50",9.81,9.81,9.79,9.81,-0.01,-0.10%,0
"2023-06-27 13:51",9.81,9.85,9.81,9.85,0.04,+0.41%,0
"2023-06-27 13:52",9.84,9.85,9.83,9.84,-0.01,-0.10%,0
"2023-06-27 13:53",9.84,9.84,9.84,9.84,0,0.00%,0
"2023-06-27 13:54",9.85,9.87,9.84,9.84,0,0.00%,0
"2023-06-27 13:55",9.84,9.84,9.83,9.84,0,0.00%,0
"2023-06-27 13:56",9.83,9.83,9.78,9.78,-0.06,-0.61%,0
"2023-06-27 13:57",9.77,9.81,9.77,9.78,0,0.00%,0
"2023-06-27 13:58",9.78,9.8,9.78,9.8,0.02,+0.20%,0
"2023-06-27 13:59",9.79,9.82,9.79,9.81,0.01,+0.10%,0
"2023-06-27 14:00",9.81,9.82,9.81,9.82,0.01,+0.10%,0
"2023-06-27 14:01",9.81,9.81,9.8,9.8,-0.02,-0.20%,0
"2023-06-27 14:02",9.79,9.8,9.79,9.8,0,0.00%,0
"2023-06-27 14:03",9.81,9.82,9.81,9.81,0.01,+0.10%,0
"2023-06-27 14:04",9.83,9.85,9.83,9.85,0.04,+0.41%,0
"2023-06-27 14:05",9.85,9.85,9.84,9.85,0,0.00%,0
"2023-06-27 14:06",9.85,9.86,9.85,9.86,0.01,+0.10%,0
"2023-06-27 14:07",9.86,9.86,9.85,9.86,0,0.00%,0
"2023-06-27 14:08",9.85,9.87,9.85,9.87,0.01,+0.10%,0
"2023-06-27 14:09",9.86,9.88,9.85,9.86,-0.01,-0.10%,0
"2023-06-27 14:10",9.85,9.86,9.85,9.86,0,0.00%,0
"2023-06-27 14:11",9.84,9.87,9.84,9.85,-0.01,-0.10%,0
"2023-06-27 14:12",9.86,9.88,9.86,9.86,0.01,+0.10%,0
"2023-06-27 14:13",9.85,9.88,9.85,9.88,0.02,+0.20%,0
"2023-06-27 14:14",9.88,9.9,9.88,9.89,0.01,+0.10%,0
"2023-06-27 14:15",9.9,9.91,9.9,9.9,0.01,+0.10%,0
"2023-06-27 14:16",9.91,9.91,9.88,9.88,-0.02,-0.20%,0
"2023-06-27 14:17",9.87,9.89,9.86,9.86,-0.02,-0.20%,0
"2023-06-27 14:18",9.85,9.87,9.84,9.84,-0.02,-0.20%,0
"2023-06-27 14:19",9.84,9.86,9.84,9.86,0.02,+0.20%,0
"2023-06-27 14:20",9.86,9.87,9.86,9.87,0.01,+0.10%,0
"2023-06-27 14:21",9.87,9.89,9.87,9.88,0.01,+0.10%,0
"2023-06-27 14:22",9.86,9.87,9.86,9.87,-0.01,-0.10%,0
"2023-06-27 14:23",9.86,9.86,9.86,9.86,-0.01,-0.10%,0
"2023-06-27 14:24",9.87,9.88,9.86,9.87,0.01,+0.10%,0
"2023-06-27 14:25",9.87,9.89,9.87,9.89,0.02,+0.20%,0
"2023-06-27 14:26",9.87,9.9,9.87,9.89,0,0.00%,0
"2023-06-27 14:27",9.88,9.9,9.88,9.9,0.01,+0.10%,0
"2023-06-27 14:28",9.91,9.94,9.91,9.94,0.04,+0.40%,0
"2023-06-27 14:29",9.96,9.97,9.96,9.97,0.03,+0.30%,0
"2023-06-27 14:30",9.96,9.96,9.92,9.92,-0.05,-0.50%,0
"2023-06-27 14:31",9.93,9.95,9.93,9.95,0.03,+0.30%,0
"2023-06-27 14:32",9.94,9.96,9.94,9.96,0.01,+0.10%,0
"2023-06-27 14:33",9.97,9.97,9.97,9.97,0.01,+0.10%,0
"2023-06-27 14:34",9.98,10.04,9.98,10.04,0.07,+0.70%,0
"2023-06-27 14:35",10.04,10.08,10.04,10.08,0.04,+0.40%,0
"2023-06-27 14:36",10.08,10.1,10.08,10.09,0.01,+0.10%,0
"2023-06-27 14:37",10.09,10.12,10.09,10.1,0.01,+0.10%,0
"2023-06-27 14:38",10.12,10.13,10.11,10.12,0.02,+0.20%,0
"2023-06-27 14:39",10.12,10.15,10.12,10.14,0.02,+0.20%,0
"2023-06-27 14:40",10.12,10.13,10.06,10.06,-0.08,-0.79%,0
"2023-06-27 14:41",10.05,10.05,10,10.04,-0.02,-0.20%,0
"2023-06-27 14:42",10.03,10.04,10.03,10.03,-0.01,-0.10%,0
"2023-06-27 14:43",10.04,10.05,10.04,10.05,0.02,+0.20%,0
"2023-06-27 14:44",10.05,10.06,10.05,10.05,0,0.00%,0
"2023-06-27 14:45",10.05,10.07,10.05,10.07,0.02,+0.20%,0
"2023-06-27 14:46",10.07,10.08,10.06,10.08,0.01,+0.10%,0
"2023-06-27 14:47",10.06,10.07,10.06,10.06,-0.02,-0.20%,0
"2023-06-27 14:48",10.05,10.07,10.01,10.05,-0.01,-0.10%,0
"2023-06-27 14:49",10.04,10.06,10.04,10.05,0,0.00%,0
"2023-06-27 14:50",10.05,10.1,10.05,10.08,0.03,+0.30%,0
"2023-06-27 14:51",10.09,10.11,10.09,10.11,0.03,+0.30%,0
"2023-06-27 14:52",10.11,10.13,10.11,10.13,0.02,+0.20%,0
"2023-06-27 14:53",10.1,10.12,10.1,10.1,-0.03,-0.30%,0
"2023-06-27 14:54",10.09,10.1,10.07,10.07,-0.03,-0.30%,0
"2023-06-27 14:55",10.1,10.11,10.1,10.1,0.03,+0.30%,0
"2023-06-27 14:56",10.11,10.12,10.11,10.12,0.02,+0.20%,0
"2023-06-27 14:57",10.11,10.13,10.11,10.13,0.01,+0.10%,0
"2023-06-27 14:58",10.12,10.14,10.12,10.13,0,0.00%,0
"2023-06-27 14:59",10.14,10.16,10.14,10.15,0.02,+0.20%,0
"2023-06-27 15:00",10.16,10.16,10.14,10.15,0,0.00%,0
"2023-06-27 15:01",10.14,10.16,10.12,10.12,-0.03,-0.30%,0
"2023-06-27 15:02",10.16,10.2,10.16,10.16,0.04,+0.40%,0
"2023-06-27 15:03",10.15,10.15,10.13,10.13,-0.03,-0.30%,0
"2023-06-27 15:04",10.12,10.14,10.12,10.14,0.01,+0.10%,0
"2023-06-27 15:05",10.15,10.18,10.15,10.17,0.03,+0.30%,0
"2023-06-27 15:06",10.18,10.2,10.18,10.19,0.02,+0.20%,0
"2023-06-27 15:07",10.19,10.22,10.19,10.22,0.03,+0.29%,0
"2023-06-27 15:08",10.21,10.23,10.21,10.23,0.01,+0.10%,0
"2023-06-27 15:09",10.23,10.25,10.23,10.24,0.01,+0.10%,0
"2023-06-27 15:10",10.24,10.26,10.24,10.26,0.02,+0.20%,0
"2023-06-27 15:11",10.27,10.29,10.27,10.28,0.02,+0.19%,0
"2023-06-27 15:12",10.29,10.31,10.29,10.3,0.02,+0.19%,0
"2023-06-27 15:13",10.3,10.32,10.3,10.3,0,0.00%,0
"2023-06-27 15:14",10.29,10.3,10.28,10.28,-0.02,-0.19%,0
"2023-06-27 15:15",10.3,10.31,10.3,10.31,0.03,+0.29%,0
"2023-06-27 15:16",10.31,10.33,10.31,10.33,0.02,+0.19%,0
"2023-06-27 15:17",10.32,10.34,10.31,10.31,-0.02,-0.19%,0
"2023-06-27 15:18",10.31,10.31,10.29,10.29,-0.02,-0.19%,0
"2023-06-27 15:19",10.28,10.29,10.28,10.28,-0.01,-0.10%,0
"2023-06-27 15:20",10.29,10.3,10.27,10.29,0.01,+0.10%,0
"2023-06-27 15:21",10.28,10.28,10.27,10.27,-0.02,-0.19%,0
"2023-06-27 15:22",10.27,10.28,10.26,10.26,-0.01,-0.10%,0
"2023-06-27 15:23",10.26,10.32,10.26,10.32,0.06,+0.58%,0
"2023-06-27 15:24",10.33,10.34,10.33,10.33,0.01,+0.10%,0
"2023-06-27 15:25",10.32,10.32,10.31,10.32,-0.01,-0.10%,0
"2023-06-27 15:26",10.31,10.4,10.31,10.4,0.08,+0.78%,0
"2023-06-27 15:27",10.32,10.41,10.32,10.41,0.01,+0.10%,0
"2023-06-27 15:28",10.35,10.49,10.35,10.49,0.08,+0.77%,0
"2023-06-27 15:29",10.41,10.43,10.41,10.43,-0.06,-0.57%,0
"2023-06-27 15:30",10.43,10.43,10.39,10.39,-0.04,-0.38%,0
"2023-06-27 15:31",10.39,10.42,10.39,10.41,0.02,+0.19%,0
"2023-06-27 15:32",10.42,10.44,10.42,10.42,0.01,+0.10%,0
"2023-06-27 15:33",10.42,10.44,10.4,10.4,-0.02,-0.19%,0
"2023-06-27 15:34",10.4,10.4,10.38,10.38,-0.02,-0.19%,0
"2023-06-27 15:35",10.38,10.38,10.37,10.37,-0.01,-0.10%,0
"2023-06-27 15:36",10.37,10.39,10.37,10.37,0,0.00%,0
"2023-06-27 15:37",10.37,10.43,10.37,10.42,0.05,+0.48%,0
"2023-06-27 15:38",10.42,10.47,10.42,10.46,0.04,+0.38%,0
"2023-06-27 15:39",10.46,10.47,10.46,10.46,0,0.00%,0
"2023-06-27 15:40",10.47,10.49,10.46,10.46,0,0.00%,0
"2023-06-27 15:41",10.47,10.48,10.47,10.47,0.01,+0.10%,0
"2023-06-27 15:42",10.46,10.55,10.46,10.55,0.08,+0.76%,0
"2023-06-27 15:43",10.55,10.57,10.55,10.57,0.02,+0.19%,0
"2023-06-27 15:44",10.58,10.6,10.58,10.6,0.03,+0.28%,0
"2023-06-27 15:45",10.6,10.6,10.57,10.57,-0.03,-0.28%,0
"2023-06-27 15:46",10.56,10.56,10.55,10.56,-0.01,-0.09%,0
"2023-06-27 15:47",10.56,10.59,10.56,10.58,0.02,+0.19%,0
"2023-06-27 15:48",10.59,10.62,10.59,10.61,0.03,+0.28%,0
"2023-06-27 15:49",10.62,10.66,10.62,10.63,0.02,+0.19%,0
"2023-06-27 15:50",10.53,10.67,10.53,10.66,0.03,+0.28%,0
"2023-06-27 15:51",10.66,10.69,10.66,10.69,0.03,+0.28%,0
"2023-06-27 15:52",10.67,10.69,10.63,10.63,-0.06,-0.56%,0
"2023-06-27 15:53",10.62,10.63,10.61,10.61,-0.02,-0.19%,0
"2023-06-27 15:54",10.58,10.58,10.55,10.55,-0.06,-0.57%,0
"2023-06-27 15:55",10.62,10.62,10.62,10.62,0.07,+0.66%,0
"2023-06-27 15:56",10.61,10.61,10.48,10.6,-0.02,-0.19%,0
"2023-06-27 15:57",10.7,10.75,10.7,10.75,0.15,+1.42%,0
"2023-06-27 15:58",10.74,10.78,10.74,10.78,0.03,+0.28%,0
"2023-06-27 15:59",10.63,10.63,10.56,10.56,-0.22,-2.04%,0
"2023-06-27 16:00",10.61,10.61,10.4,10.4,-0.16,-1.52%,0
"2023-06-27 16:01",10.43,10.43,10.35,10.35,-0.05,-0.48%,0
"2023-06-27 16:02",10.48,10.48,10.36,10.36,0.01,+0.10%,0
"2023-06-27 16:03",10.37,10.37,10.36,10.36,0,0.00%,0
"2023-06-27 16:04",10.34,10.36,10.34,10.36,0,0.00%,0
"2023-06-27 16:05",10.36,10.47,10.36,10.47,0.11,+1.06%,0
"2023-06-27 16:06",10.44,10.49,10.44,10.49,0.02,+0.19%,0
"2023-06-27 16:07",10.47,10.56,10.47,10.55,0.06,+0.57%,0
"2023-06-27 16:08",10.54,10.54,10.52,10.52,-0.03,-0.28%,0
"2023-06-27 16:09",10.52,10.55,10.52,10.53,0.01,+0.10%,0
"2023-06-27 16:10",10.53,10.56,10.53,10.54,0.01,+0.09%,0
"2023-06-27 16:11",10.55,10.56,10.54,10.54,0,0.00%,0
"2023-06-27 16:12",10.54,10.55,10.53,10.53,-0.01,-0.09%,0
"2023-06-27 16:13",10.53,10.55,10.53,10.55,0.02,+0.19%,0
"2023-06-27 16:14",10.54,10.55,10.54,10.55,0,0.00%,0
"2023-06-27 16:15",10.54,10.54,10.54,10.54,-0.01,-0.09%,0
"2023-06-28 09:31",8.38,8.58,8.38,8.58,-1.96,-18.60%,0
"2023-06-28 09:32",8.52,8.56,8.44,8.44,-0.14,-1.63%,0
"2023-06-28 09:33",8.44,8.46,8.38,8.38,-0.06,-0.71%,0
"2023-06-28 09:34",8.36,8.42,8.36,8.42,0.04,+0.48%,0
"2023-06-28 09:35",8.41,8.41,8.34,8.36,-0.06,-0.71%,0
"2023-06-28 09:36",8.32,8.34,8.3,8.3,-0.06,-0.72%,0
"2023-06-28 09:37",8.3,8.31,8.29,8.29,-0.01,-0.12%,0
"2023-06-28 09:38",8.27,8.29,8.26,8.26,-0.03,-0.36%,0
"2023-06-28 09:39",8.25,8.29,8.25,8.28,0.02,+0.24%,0
"2023-06-28 09:40",8.25,8.26,8.23,8.23,-0.05,-0.60%,0
"2023-06-28 09:41",8.24,8.3,8.24,8.3,0.07,+0.85%,0
"2023-06-28 09:42",8.31,8.32,8.3,8.3,0,0.00%,0
"2023-06-28 09:43",8.29,8.33,8.27,8.31,0.01,+0.12%,0
"2023-06-28 09:44",8.29,8.32,8.29,8.32,0.01,+0.12%,0
"2023-06-28 09:45",8.31,8.35,8.31,8.33,0.01,+0.12%,0
"2023-06-28 09:46",8.34,8.34,8.27,8.34,0.01,+0.12%,0
"2023-06-28 09:47",8.44,8.44,8.29,8.29,-0.05,-0.60%,0
"2023-06-28 09:48",8.31,8.34,8.31,8.33,0.04,+0.48%,0
"2023-06-28 09:49",8.3,8.32,8.3,8.32,-0.01,-0.12%,0
"2023-06-28 09:50",8.32,8.37,8.32,8.37,0.05,+0.60%,0
"2023-06-28 09:51",8.38,8.44,8.33,8.33,-0.04,-0.48%,0
"2023-06-28 09:52",8.38,8.39,8.34,8.39,0.06,+0.72%,0
"2023-06-28 09:53",8.39,8.41,8.37,8.38,-0.01,-0.12%,0
"2023-06-28 09:54",8.37,8.39,8.37,8.38,0,0.00%,0
"2023-06-28 09:55",8.39,8.45,8.39,8.45,0.07,+0.84%,0
"2023-06-28 09:56",8.43,8.48,8.43,8.46,0.01,+0.12%,0
"2023-06-28 09:57",8.46,8.49,8.43,8.43,-0.03,-0.35%,0
"2023-06-28 09:58",8.39,8.45,8.39,8.41,-0.02,-0.24%,0
"2023-06-28 09:59",8.43,8.45,8.43,8.45,0.04,+0.48%,0
"2023-06-28 10:00",8.46,8.5,8.46,8.5,0.05,+0.59%,0
"2023-06-28 10:01",8.47,8.51,8.47,8.5,0,0.00%,0
"2023-06-28 10:02",8.5,8.51,8.49,8.51,0.01,+0.12%,0
"2023-06-28 10:03",8.5,8.5,8.46,8.46,-0.05,-0.59%,0
"2023-06-28 10:04",8.48,8.49,8.47,8.47,0.01,+0.12%,0
"2023-06-28 10:05",8.42,8.43,8.41,8.43,-0.04,-0.47%,0
"2023-06-28 10:06",8.43,8.46,8.43,8.45,0.02,+0.24%,0
"2023-06-28 10:07",8.44,8.46,8.44,8.44,-0.01,-0.12%,0
"2023-06-28 10:08",8.43,8.43,8.4,8.41,-0.03,-0.36%,0
"2023-06-28 10:09",8.41,8.44,8.41,8.44,0.03,+0.36%,0
"2023-06-28 10:10",8.44,8.47,8.44,8.47,0.03,+0.36%,0
"2023-06-28 10:11",8.48,8.49,8.47,8.48,0.01,+0.12%,0
"2023-06-28 10:12",8.48,8.48,8.44,8.44,-0.04,-0.47%,0
"2023-06-28 10:13",8.43,8.5,8.43,8.46,0.02,+0.24%,0
"2023-06-28 10:14",8.45,8.47,8.45,8.46,0,0.00%,0
"2023-06-28 10:15",8.4,8.4,8.37,8.37,-0.09,-1.06%,0
"2023-06-28 10:16",8.34,8.36,8.34,8.35,-0.02,-0.24%,0
"2023-06-28 10:17",8.33,8.37,8.33,8.37,0.02,+0.24%,0
"2023-06-28 10:18",8.36,8.36,8.29,8.29,-0.08,-0.96%,0
"2023-06-28 10:19",8.26,8.29,8.23,8.23,-0.06,-0.72%,0
"2023-06-28 10:20",8.22,8.35,8.22,8.27,0.04,+0.49%,0
"2023-06-28 10:21",8.24,8.26,8.24,8.25,-0.02,-0.24%,0
"2023-06-28 10:22",8.22,8.25,8.22,8.24,-0.01,-0.12%,0
"2023-06-28 10:23",8.23,8.24,8.2,8.2,-0.04,-0.49%,0
"2023-06-28 10:24",8.2,8.27,8.2,8.27,0.07,+0.85%,0
"2023-06-28 10:25",8.27,8.32,8.27,8.32,0.05,+0.60%,0
"2023-06-28 10:26",8.3,8.35,8.3,8.34,0.02,+0.24%,0
"2023-06-28 10:27",8.27,8.27,8.22,8.22,-0.12,-1.44%,0
"2023-06-28 10:28",8.23,8.23,8.16,8.16,-0.06,-0.73%,0
"2023-06-28 10:29",8.16,8.16,8.13,8.13,-0.03,-0.37%,0
"2023-06-28 10:30",8.13,8.15,8.13,8.13,0,0.00%,0
"2023-06-28 10:31",8.12,8.12,8.05,8.08,-0.05,-0.62%,0
"2023-06-28 10:32",8.07,8.08,8.07,8.07,-0.01,-0.12%,0
"2023-06-28 10:33",8.08,8.12,8.08,8.12,0.05,+0.62%,0
"2023-06-28 10:34",8.15,8.15,8.11,8.11,-0.01,-0.12%,0
"2023-06-28 10:35",8.12,8.14,8.09,8.14,0.03,+0.37%,0
"2023-06-28 10:36",8.11,8.11,8.06,8.06,-0.08,-0.98%,0
"2023-06-28 10:37",8.03,8.04,8.02,8.03,-0.03,-0.37%,0
"2023-06-28 10:38",8.05,8.06,8.03,8.06,0.03,+0.37%,0
"2023-06-28 10:39",8.07,8.31,8.07,8.31,0.25,+3.10%,0
"2023-06-28 10:40",8.21,8.21,8.18,8.2,-0.11,-1.32%,0
"2023-06-28 10:41",8.22,8.25,8.22,8.25,0.05,+0.61%,0
"2023-06-28 10:42",8.22,8.27,8.22,8.24,-0.01,-0.12%,0
"2023-06-28 10:43",8.24,8.25,8.24,8.24,0,0.00%,0
"2023-06-28 10:44",8.23,8.23,8.18,8.18,-0.06,-0.73%,0
"2023-06-28 10:45",8.17,8.21,8.17,8.2,0.02,+0.24%,0
"2023-06-28 10:46",8.19,8.2,8.19,8.2,0,0.00%,0
"2023-06-28 10:47",8.21,8.23,8.21,8.23,0.03,+0.37%,0
"2023-06-28 10:48",8.22,8.26,8.22,8.26,0.03,+0.36%,0
"2023-06-28 10:49",8.26,8.26,8.23,8.23,-0.03,-0.36%,0
"2023-06-28 10:50",8.23,8.27,8.23,8.27,0.04,+0.49%,0
"2023-06-28 10:51",8.3,8.31,8.27,8.27,0,0.00%,0
"2023-06-28 10:52",8.26,8.29,8.24,8.29,0.02,+0.24%,0
"2023-06-28 10:53",8.29,8.29,8.29,8.29,0,0.00%,0
"2023-06-28 10:54",8.3,8.32,8.3,8.32,0.03,+0.36%,0
"2023-06-28 10:55",8.33,8.33,8.3,8.3,-0.02,-0.24%,0
"2023-06-28 10:56",8.3,8.34,8.3,8.33,0.03,+0.36%,0
"2023-06-28 10:57",8.32,8.4,8.32,8.4,0.07,+0.84%,0
"2023-06-28 10:58",8.39,8.39,8.31,8.31,-0.09,-1.07%,0
"2023-06-28 10:59",8.32,8.36,8.32,8.34,0.03,+0.36%,0
"2023-06-28 11:00",8.3,8.33,8.3,8.33,-0.01,-0.12%,0
"2023-06-28 11:01",8.35,8.35,8.32,8.34,0.01,+0.12%,0
"2023-06-28 11:02",8.36,8.39,8.36,8.37,0.03,+0.36%,0
"2023-06-28 11:03",8.37,8.38,8.36,8.36,-0.01,-0.12%,0
"2023-06-28 11:04",8.37,8.38,8.36,8.37,0.01,+0.12%,0
"2023-06-28 11:05",8.37,8.41,8.37,8.41,0.04,+0.48%,0
"2023-06-28 11:06",8.36,8.4,8.36,8.39,-0.02,-0.24%,0
"2023-06-28 11:07",8.38,8.4,8.38,8.4,0.01,+0.12%,0
"2023-06-28 11:08",8.39,8.39,8.35,8.36,-0.04,-0.48%,0
"2023-06-28 11:09",8.36,8.36,8.34,8.34,-0.02,-0.24%,0
"2023-06-28 11:10",8.34,8.35,8.34,8.35,0.01,+0.12%,0
"2023-06-28 11:11",8.35,8.42,8.35,8.42,0.07,+0.84%,0
"2023-06-28 11:12",8.41,8.43,8.41,8.41,-0.01,-0.12%,0
"2023-06-28 11:13",8.4,8.4,8.32,8.32,-0.09,-1.07%,0
"2023-06-28 11:14",8.31,8.32,8.31,8.31,-0.01,-0.12%,0
"2023-06-28 11:15",8.3,8.31,8.3,8.31,0,0.00%,0
"2023-06-28 11:16",8.31,8.32,8.31,8.32,0.01,+0.12%,0
"2023-06-28 11:17",8.29,8.29,8.26,8.26,-0.06,-0.72%,0
"2023-06-28 11:18",8.26,8.3,8.26,8.3,0.04,+0.48%,0
"2023-06-28 11:19",8.33,8.37,8.33,8.35,0.05,+0.60%,0
"2023-06-28 11:20",8.28,8.31,8.28,8.31,-0.04,-0.48%,0
"2023-06-28 11:21",8.3,8.34,8.3,8.34,0.03,+0.36%,0
"2023-06-28 11:22",8.34,8.36,8.34,8.36,0.02,+0.24%,0
"2023-06-28 11:23",8.35,8.36,8.35,8.36,0,0.00%,0
"2023-06-28 11:24",8.37,8.4,8.37,8.4,0.04,+0.48%,0
"2023-06-28 11:25",8.4,8.53,8.4,8.5,0.1,+1.19%,0
"2023-06-28 11:26",8.41,8.42,8.4,8.42,-0.08,-0.94%,0
"2023-06-28 11:27",8.41,8.45,8.4,8.45,0.03,+0.36%,0
"2023-06-28 11:28",8.45,8.45,8.4,8.4,-0.05,-0.59%,0
"2023-06-28 11:29",8.38,8.38,8.37,8.37,-0.03,-0.36%,0
"2023-06-28 11:30",8.36,8.36,8.35,8.35,-0.02,-0.24%,0
"2023-06-28 11:31",8.33,8.34,8.32,8.34,-0.01,-0.12%,0
"2023-06-28 11:32",8.32,8.34,8.32,8.34,0,0.00%,0
"2023-06-28 11:33",8.3,8.35,8.3,8.35,0.01,+0.12%,0
"2023-06-28 11:34",8.35,8.39,8.35,8.38,0.03,+0.36%,0
"2023-06-28 11:35",8.38,8.42,8.37,8.42,0.04,+0.48%,0
"2023-06-28 11:36",8.41,8.43,8.4,8.4,-0.02,-0.24%,0
"2023-06-28 11:37",8.43,8.43,8.4,8.42,0.02,+0.24%,0
"2023-06-28 11:38",8.41,8.52,8.4,8.48,0.06,+0.71%,0
"2023-06-28 11:39",8.47,8.52,8.47,8.49,0.01,+0.12%,0
"2023-06-28 11:40",8.48,8.48,8.46,8.48,-0.01,-0.12%,0
"2023-06-28 11:41",8.46,8.5,8.46,8.49,0.01,+0.12%,0
"2023-06-28 11:42",8.51,8.54,8.51,8.52,0.03,+0.35%,0
"2023-06-28 11:43",8.53,8.55,8.52,8.52,0,0.00%,0
"2023-06-28 11:44",8.51,8.53,8.51,8.52,0,0.00%,0
"2023-06-28 11:45",8.52,8.52,8.49,8.49,-0.03,-0.35%,0
"2023-06-28 11:46",8.49,8.52,8.49,8.52,0.03,+0.35%,0
"2023-06-28 11:47",8.51,8.53,8.51,8.51,-0.01,-0.12%,0
"2023-06-28 11:48",8.45,8.47,8.45,8.46,-0.05,-0.59%,0
"2023-06-28 11:49",8.45,8.46,8.44,8.44,-0.02,-0.24%,0
"2023-06-28 11:50",8.45,8.53,8.45,8.52,0.08,+0.95%,0
"2023-06-28 11:51",8.52,8.52,8.51,8.51,-0.01,-0.12%,0
"2023-06-28 11:52",8.52,8.53,8.5,8.5,-0.01,-0.12%,0
"2023-06-28 11:53",8.5,8.54,8.5,8.54,0.04,+0.47%,0
"2023-06-28 11:54",8.55,8.58,8.55,8.58,0.04,+0.47%,0
"2023-06-28 11:55",8.57,8.6,8.57,8.59,0.01,+0.12%,0
"2023-06-28 11:56",8.6,8.61,8.6,8.6,0.01,+0.12%,0
"2023-06-28 11:57",8.59,8.61,8.59,8.59,-0.01,-0.12%,0
"2023-06-28 11:58",8.58,8.6,8.58,8.59,0,0.00%,0
"2023-06-28 11:59",8.59,8.6,8.59,8.59,0,0.00%,0
"2023-06-28 12:00",8.58,8.58,8.52,8.52,-0.07,-0.81%,0
"2023-06-28 12:01",8.53,8.56,8.53,8.55,0.03,+0.35%,0
"2023-06-28 12:02",8.56,8.59,8.56,8.58,0.03,+0.35%,0
"2023-06-28 12:03",8.59,8.61,8.59,8.61,0.03,+0.35%,0
"2023-06-28 12:04",8.6,8.62,8.6,8.62,0.01,+0.12%,0
"2023-06-28 12:05",8.64,8.68,8.64,8.67,0.05,+0.58%,0
"2023-06-28 12:06",8.65,8.68,8.65,8.68,0.01,+0.12%,0
"2023-06-28 12:07",8.69,8.71,8.66,8.66,-0.02,-0.23%,0
"2023-06-28 12:08",8.65,8.76,8.65,8.76,0.1,+1.15%,0
"2023-06-28 12:09",8.84,8.84,8.79,8.79,0.03,+0.34%,0
"2023-06-28 12:10",8.78,8.78,8.72,8.73,-0.06,-0.68%,0
"2023-06-28 12:11",8.77,8.91,8.77,8.91,0.18,+2.06%,0
"2023-06-28 12:12",8.89,8.89,8.83,8.83,-0.08,-0.90%,0
"2023-06-28 12:13",8.85,8.85,8.8,8.8,-0.03,-0.34%,0
"2023-06-28 12:14",8.78,8.85,8.78,8.85,0.05,+0.57%,0
"2023-06-28 12:15",8.87,8.89,8.86,8.86,0.01,+0.11%,0
"2023-06-28 12:16",8.91,8.98,8.91,8.96,0.1,+1.13%,0
"2023-06-28 12:17",8.95,8.99,8.95,8.99,0.03,+0.33%,0
"2023-06-28 12:18",9,9.01,8.95,8.95,-0.04,-0.44%,0
"2023-06-28 12:19",8.96,8.98,8.96,8.97,0.02,+0.22%,0
"2023-06-28 12:20",8.97,8.97,8.91,8.91,-0.06,-0.67%,0
"2023-06-28 12:21",8.95,9,8.95,8.99,0.08,+0.90%,0
"2023-06-28 12:22",9,9.03,9,9.03,0.04,+0.44%,0
"2023-06-28 12:23",9.04,9.1,9.04,9.1,0.07,+0.78%,0
"2023-06-28 12:24",9.11,9.12,9.1,9.1,0,0.00%,0
"2023-06-28 12:25",9.1,9.11,9.1,9.11,0.01,+0.11%,0
"2023-06-28 12:26",9.09,9.1,9.09,9.1,-0.01,-0.11%,0
"2023-06-28 12:27",9.08,9.1,9.08,9.1,0,0.00%,0
"2023-06-28 12:28",9.09,9.23,9.09,9.23,0.13,+1.43%,0
"2023-06-28 12:29",9.25,9.25,9.23,9.23,0,0.00%,0
"2023-06-28 12:30",9.23,9.28,9.23,9.28,0.05,+0.54%,0
"2023-06-28 12:31",9.26,9.31,9.26,9.31,0.03,+0.32%,0
"2023-06-28 12:32",9.36,9.43,9.36,9.39,0.08,+0.86%,0
"2023-06-28 12:33",9.41,9.46,9.41,9.45,0.06,+0.64%,0
"2023-06-28 12:34",9.45,9.45,9.38,9.39,-0.06,-0.63%,0
"2023-06-28 12:35",9.47,9.47,9.43,9.45,0.06,+0.64%,0
"2023-06-28 12:36",9.48,9.59,9.48,9.59,0.14,+1.48%,0
"2023-06-28 12:37",9.57,9.66,9.57,9.62,0.03,+0.31%,0
"2023-06-28 12:38",9.59,9.63,9.59,9.63,0.01,+0.10%,0
"2023-06-28 12:39",9.63,9.63,9.57,9.57,-0.06,-0.62%,0
"2023-06-28 12:40",9.58,9.59,9.57,9.59,0.02,+0.21%,0
"2023-06-28 12:41",9.6,9.61,9.57,9.57,-0.02,-0.21%,0
"2023-06-28 12:42",9.6,9.63,9.6,9.63,0.06,+0.63%,0
"2023-06-28 12:43",9.63,9.81,9.63,9.81,0.18,+1.87%,0
"2023-06-28 12:44",9.85,10.09,9.85,10.09,0.28,+2.85%,0
"2023-06-28 12:45",10.07,10.09,10.07,10.09,0,0.00%,0
"2023-06-28 12:46",10.07,10.07,9.88,9.88,-0.21,-2.08%,0
"2023-06-28 12:47",9.78,9.8,9.78,9.8,-0.08,-0.81%,0
"2023-06-28 12:48",9.83,9.91,9.83,9.9,0.1,+1.02%,0
"2023-06-28 12:49",9.9,9.94,9.9,9.94,0.04,+0.40%,0
"2023-06-28 12:50",9.98,10.07,9.98,10.07,0.13,+1.31%,0
"2023-06-28 12:51",10.16,10.22,10.1,10.1,0.03,+0.30%,0
"2023-06-28 12:52",10.1,10.11,10.06,10.06,-0.04,-0.40%,0
"2023-06-28 12:53",10.03,10.06,10.03,10.05,-0.01,-0.10%,0
"2023-06-28 12:54",10.41,10.61,10.41,10.53,0.48,+4.78%,0
"2023-06-28 12:55",10.56,10.63,10.56,10.58,0.05,+0.47%,0
"2023-06-28 12:56",10.51,10.54,10.5,10.5,-0.08,-0.76%,0
"2023-06-28 12:57",10.48,10.48,10.34,10.35,-0.15,-1.43%,0
"2023-06-28 12:58",10.34,10.38,10.32,10.32,-0.03,-0.29%,0
"2023-06-28 12:59",10.32,10.32,10.28,10.28,-0.04,-0.39%,0
"2023-06-28 13:00",10.3,10.3,10.27,10.27,-0.01,-0.10%,0
"2023-06-28 13:01",10.24,10.33,10.17,10.33,0.06,+0.58%,0
"2023-06-28 13:02",10.19,10.34,10.19,10.34,0.01,+0.10%,0
"2023-06-28 13:03",10.38,10.38,10.25,10.25,-0.09,-0.87%,0
"2023-06-28 13:04",10.25,10.27,10.25,10.27,0.02,+0.20%,0
"2023-06-28 13:05",10.26,10.28,10.26,10.26,-0.01,-0.10%,0
"2023-06-28 13:06",10.25,10.27,10.25,10.27,0.01,+0.10%,0
"2023-06-28 13:07",10.26,10.26,10.2,10.2,-0.07,-0.68%,0
"2023-06-28 13:08",10.18,10.22,10.18,10.22,0.02,+0.20%,0
"2023-06-28 13:09",10.22,10.26,10.22,10.26,0.04,+0.39%,0
"2023-06-28 13:10",10.26,10.37,10.26,10.37,0.11,+1.07%,0
"2023-06-28 13:11",10.36,10.36,10.35,10.35,-0.02,-0.19%,0
"2023-06-28 13:12",10.35,10.38,10.35,10.38,0.03,+0.29%,0
"2023-06-28 13:13",10.37,10.4,10.37,10.39,0.01,+0.10%,0
"2023-06-28 13:14",10.39,10.4,10.39,10.39,0,0.00%,0
"2023-06-28 13:15",10.38,10.41,10.38,10.41,0.02,+0.19%,0
"2023-06-28 13:16",10.42,10.43,10.42,10.42,0.01,+0.10%,0
"2023-06-28 13:17",10.42,10.42,10.4,10.4,-0.02,-0.19%,0
"2023-06-28 13:18",10.37,10.37,10.29,10.29,-0.11,-1.06%,0
"2023-06-28 13:19",10.27,10.27,10.2,10.2,-0.09,-0.87%,0
"2023-06-28 13:20",10.2,10.2,10.17,10.17,-0.03,-0.29%,0
"2023-06-28 13:21",10.18,10.18,10.09,10.09,-0.08,-0.79%,0
"2023-06-28 13:22",10.08,10.12,10.08,10.11,0.02,+0.20%,0
"2023-06-28 13:23",10.1,10.12,10.09,10.09,-0.02,-0.20%,0
"2023-06-28 13:24",10.07,10.11,10.07,10.11,0.02,+0.20%,0
"2023-06-28 13:25",10.1,10.12,10.1,10.12,0.01,+0.10%,0
"2023-06-28 13:26",10.13,10.17,10.13,10.17,0.05,+0.49%,0
"2023-06-28 13:27",10.18,10.18,10.17,10.17,0,0.00%,0
"2023-06-28 13:28",10.16,10.18,10.16,10.18,0.01,+0.10%,0
"2023-06-28 13:29",10.17,10.19,10.17,10.19,0.01,+0.10%,0
"2023-06-28 13:30",10.19,10.19,10.18,10.19,0,0.00%,0
"2023-06-28 13:31",10.16,10.19,10.16,10.18,-0.01,-0.10%,0
"2023-06-28 13:32",10.2,10.36,10.2,10.36,0.18,+1.77%,0
"2023-06-28 13:33",10.43,10.43,10.38,10.38,0.02,+0.19%,0
"2023-06-28 13:34",10.37,10.37,10.35,10.35,-0.03,-0.29%,0
"2023-06-28 13:35",10.34,10.35,10.34,10.34,-0.01,-0.10%,0
"2023-06-28 13:36",10.33,10.33,10.29,10.29,-0.05,-0.48%,0
"2023-06-28 13:37",10.28,10.29,10.27,10.27,-0.02,-0.19%,0
"2023-06-28 13:38",10.26,10.29,10.26,10.28,0.01,+0.10%,0
"2023-06-28 13:39",10.29,10.3,10.29,10.3,0.02,+0.19%,0
"2023-06-28 13:40",10.29,10.29,10.28,10.28,-0.02,-0.19%,0
"2023-06-28 13:41",10.28,10.29,10.28,10.29,0.01,+0.10%,0
"2023-06-28 13:42",10.29,10.36,10.29,10.36,0.07,+0.68%,0
"2023-06-28 13:43",10.37,10.37,10.35,10.35,-0.01,-0.10%,0
"2023-06-28 13:44",10.34,10.37,10.34,10.37,0.02,+0.19%,0
"2023-06-28 13:45",10.38,10.39,10.38,10.39,0.02,+0.19%,0
"2023-06-28 13:46",10.39,10.4,10.38,10.38,-0.01,-0.10%,0
"2023-06-28 13:47",10.4,10.42,10.4,10.4,0.02,+0.19%,0
"2023-06-28 13:48",10.39,10.42,10.39,10.42,0.02,+0.19%,0
"2023-06-28 13:49",10.41,10.42,10.41,10.42,0,0.00%,0
"2023-06-28 13:50",10.4,10.45,10.4,10.44,0.02,+0.19%,0
"2023-06-28 13:51",10.47,10.49,10.47,10.49,0.05,+0.48%,0
"2023-06-28 13:52",10.49,10.5,10.49,10.5,0.01,+0.10%,0
"2023-06-28 13:53",10.49,10.51,10.49,10.51,0.01,+0.10%,0
"2023-06-28 13:54",10.5,10.51,10.5,10.5,-0.01,-0.10%,0
"2023-06-28 13:55",10.5,10.5,10.43,10.43,-0.07,-0.67%,0
"2023-06-28 13:56",10.42,10.45,10.42,10.44,0.01,+0.10%,0
"2023-06-28 13:57",10.46,10.49,10.46,10.49,0.05,+0.48%,0
"2023-06-28 13:58",10.49,10.51,10.49,10.49,0,0.00%,0
"2023-06-28 13:59",10.48,10.49,10.47,10.47,-0.02,-0.19%,0
"2023-06-28 14:00",10.44,10.45,10.41,10.41,-0.06,-0.57%,0
"2023-06-28 14:01",10.41,10.44,10.41,10.44,0.03,+0.29%,0
"2023-06-28 14:02",10.42,10.42,10.38,10.38,-0.06,-0.57%,0
"2023-06-28 14:03",10.39,10.39,10.39,10.39,0.01,+0.10%,0
"2023-06-28 14:04",10.39,10.4,10.39,10.4,0.01,+0.10%,0
"2023-06-28 14:05",10.39,10.4,10.39,10.4,0,0.00%,0
"2023-06-28 14:06",10.39,10.41,10.39,10.39,-0.01,-0.10%,0
"2023-06-28 14:07",10.38,10.42,10.38,10.42,0.03,+0.29%,0
"2023-06-28 14:08",10.42,10.42,10.39,10.39,-0.03,-0.29%,0
"2023-06-28 14:09",10.39,10.39,10.37,10.37,-0.02,-0.19%,0
"2023-06-28 14:10",10.36,10.39,10.36,10.39,0.02,+0.19%,0
"2023-06-28 14:11",10.41,10.43,10.41,10.41,0.02,+0.19%,0
"2023-06-28 14:12",10.41,10.42,10.41,10.41,0,0.00%,0
"2023-06-28 14:13",10.43,10.43,10.43,10.43,0.02,+0.19%,0
"2023-06-28 14:14",10.43,10.46,10.43,10.46,0.03,+0.29%,0
"2023-06-28 14:15",10.46,10.48,10.46,10.47,0.01,+0.10%,0
"2023-06-28 14:16",10.47,10.49,10.47,10.47,0,0.00%,0
"2023-06-28 14:17",10.47,10.49,10.47,10.47,0,0.00%,0
"2023-06-28 14:18",10.45,10.46,10.45,10.45,-0.02,-0.19%,0
"2023-06-28 14:19",10.44,10.47,10.44,10.45,0,0.00%,0
"2023-06-28 14:20",10.44,10.46,10.44,10.45,0,0.00%,0
"2023-06-28 14:21",10.4,10.41,10.4,10.4,-0.05,-0.48%,0
"2023-06-28 14:22",10.4,10.4,10.37,10.37,-0.03,-0.29%,0
"2023-06-28 14:23",10.36,10.37,10.36,10.36,-0.01,-0.10%,0
"2023-06-28 14:24",10.36,10.4,10.36,10.4,0.04,+0.39%,0
"2023-06-28 14:25",10.4,10.4,10.4,10.4,0,0.00%,0
"2023-06-28 14:26",10.4,10.43,10.4,10.43,0.03,+0.29%,0
"2023-06-28 14:27",10.42,10.46,10.42,10.46,0.03,+0.29%,0
"2023-06-28 14:28",10.46,10.47,10.46,10.47,0.01,+0.10%,0
"2023-06-28 14:29",10.47,10.49,10.47,10.49,0.02,+0.19%,0
"2023-06-28 14:30",10.5,10.5,10.5,10.5,0.01,+0.10%,0
"2023-06-28 14:31",10.5,10.5,10.45,10.45,-0.05,-0.48%,0
"2023-06-28 14:32",10.45,10.47,10.45,10.47,0.02,+0.19%,0
"2023-06-28 14:33",10.48,10.49,10.46,10.46,-0.01,-0.10%,0
"2023-06-28 14:34",10.46,10.47,10.46,10.47,0.01,+0.10%,0
"2023-06-28 14:35",10.45,10.46,10.45,10.45,-0.02,-0.19%,0
"2023-06-28 14:36",10.44,10.46,10.44,10.45,0,0.00%,0
"2023-06-28 14:37",10.44,10.46,10.44,10.46,0.01,+0.10%,0
"2023-06-28 14:38",10.49,10.54,10.49,10.53,0.07,+0.67%,0
"2023-06-28 14:39",10.54,10.54,10.5,10.5,-0.03,-0.28%,0
"2023-06-28 14:40",10.53,10.55,10.53,10.55,0.05,+0.48%,0
"2023-06-28 14:41",10.55,10.55,10.52,10.52,-0.03,-0.28%,0
"2023-06-28 14:42",10.5,10.5,10.36,10.36,-0.16,-1.52%,0
"2023-06-28 14:43",10.35,10.37,10.35,10.36,0,0.00%,0
"2023-06-28 14:44",10.36,10.36,10.36,10.36,0,0.00%,0
"2023-06-28 14:45",10.36,10.37,10.33,10.33,-0.03,-0.29%,0
"2023-06-28 14:46",10.33,10.35,10.33,10.35,0.02,+0.19%,0
"2023-06-28 14:47",10.35,10.38,10.35,10.38,0.03,+0.29%,0
"2023-06-28 14:48",10.39,10.39,10.38,10.38,0,0.00%,0
"2023-06-28 14:49",10.35,10.37,10.35,10.37,-0.01,-0.10%,0
"2023-06-28 14:50",10.37,10.4,10.37,10.4,0.03,+0.29%,0
"2023-06-28 14:51",10.39,10.41,10.39,10.41,0.01,+0.10%,0
"2023-06-28 14:52",10.4,10.43,10.39,10.39,-0.02,-0.19%,0
"2023-06-28 14:53",10.39,10.39,10.39,10.39,0,0.00%,0
"2023-06-28 14:54",10.4,10.4,10.39,10.39,0,0.00%,0
"2023-06-28 14:55",10.39,10.44,10.39,10.44,0.05,+0.48%,0
"2023-06-28 14:56",10.44,10.45,10.44,10.45,0.01,+0.10%,0
"2023-06-28 14:57",10.44,10.46,10.44,10.45,0,0.00%,0
"2023-06-28 14:58",10.44,10.46,10.44,10.44,-0.01,-0.10%,0
"2023-06-28 14:59",10.46,10.46,10.42,10.42,-0.02,-0.19%,0
"2023-06-28 15:00",10.41,10.41,10.39,10.39,-0.03,-0.29%,0
"2023-06-28 15:01",10.38,10.4,10.34,10.4,0.01,+0.10%,0
"2023-06-28 15:02",10.4,10.41,10.4,10.41,0.01,+0.10%,0
"2023-06-28 15:03",10.46,10.47,10.45,10.47,0.06,+0.58%,0
"2023-06-28 15:04",10.47,10.5,10.46,10.46,-0.01,-0.10%,0
"2023-06-28 15:05",10.46,10.48,10.45,10.48,0.02,+0.19%,0
"2023-06-28 15:06",10.56,10.6,10.55,10.55,0.07,+0.67%,0
"2023-06-28 15:07",10.58,10.58,10.55,10.55,0,0.00%,0
"2023-06-28 15:08",10.5,10.5,10.45,10.47,-0.08,-0.76%,0
"2023-06-28 15:09",10.48,10.5,10.44,10.44,-0.03,-0.29%,0
"2023-06-28 15:10",10.4,10.41,10.4,10.41,-0.03,-0.29%,0
"2023-06-28 15:11",10.4,10.43,10.4,10.43,0.02,+0.19%,0
"2023-06-28 15:12",10.39,10.48,10.39,10.48,0.05,+0.48%,0
"2023-06-28 15:13",10.48,10.51,10.48,10.51,0.03,+0.29%,0
"2023-06-28 15:14",10.52,10.55,10.52,10.55,0.04,+0.38%,0
"2023-06-28 15:15",10.53,10.55,10.49,10.49,-0.06,-0.57%,0
"2023-06-28 15:16",10.41,10.42,10.4,10.4,-0.09,-0.86%,0
"2023-06-28 15:17",10.41,10.43,10.4,10.4,0,0.00%,0
"2023-06-28 15:18",10.39,10.42,10.39,10.42,0.02,+0.19%,0
"2023-06-28 15:19",10.41,10.42,10.41,10.42,0,0.00%,0
"2023-06-28 15:20",10.42,10.44,10.39,10.44,0.02,+0.19%,0
"2023-06-28 15:21",10.45,10.46,10.45,10.46,0.02,+0.19%,0
"2023-06-28 15:22",10.43,10.44,10.41,10.41,-0.05,-0.48%,0
"2023-06-28 15:23",10.42,10.45,10.42,10.44,0.03,+0.29%,0
"2023-06-28 15:24",10.45,10.45,10.43,10.45,0.01,+0.10%,0
"2023-06-28 15:25",10.44,10.45,10.44,10.44,-0.01,-0.10%,0
"2023-06-28 15:26",10.46,10.48,10.46,10.47,0.03,+0.29%,0
"2023-06-28 15:27",10.46,10.48,10.46,10.48,0.01,+0.10%,0
"2023-06-28 15:28",10.47,10.5,10.47,10.5,0.02,+0.19%,0
"2023-06-28 15:29",10.49,10.54,10.49,10.53,0.03,+0.29%,0
"2023-06-28 15:30",10.5,10.58,10.5,10.58,0.05,+0.47%,0
"2023-06-28 15:31",10.57,10.59,10.54,10.54,-0.04,-0.38%,0
"2023-06-28 15:32",10.54,10.57,10.54,10.57,0.03,+0.28%,0
"2023-06-28 15:33",10.58,10.61,10.58,10.61,0.04,+0.38%,0
"2023-06-28 15:34",10.61,10.63,10.61,10.63,0.02,+0.19%,0
"2023-06-28 15:35",10.64,10.64,10.61,10.61,-0.02,-0.19%,0
"2023-06-28 15:36",10.6,10.68,10.6,10.65,0.04,+0.38%,0
"2023-06-28 15:37",10.67,10.67,10.66,10.66,0.01,+0.09%,0
"2023-06-28 15:38",10.68,10.71,10.68,10.71,0.05,+0.47%,0
"2023-06-28 15:39",10.7,10.7,10.67,10.67,-0.04,-0.37%,0
"2023-06-28 15:40",10.66,10.7,10.66,10.7,0.03,+0.28%,0
"2023-06-28 15:41",10.7,10.74,10.7,10.71,0.01,+0.09%,0
"2023-06-28 15:42",10.72,10.73,10.72,10.73,0.02,+0.19%,0
"2023-06-28 15:43",10.72,10.72,10.69,10.69,-0.04,-0.37%,0
"2023-06-28 15:44",10.68,10.69,10.68,10.68,-0.01,-0.09%,0
"2023-06-28 15:45",10.66,10.66,10.64,10.64,-0.04,-0.37%,0
"2023-06-28 15:46",10.64,10.68,10.64,10.68,0.04,+0.38%,0
"2023-06-28 15:47",10.69,10.73,10.69,10.73,0.05,+0.47%,0
"2023-06-28 15:48",10.73,10.75,10.73,10.75,0.02,+0.19%,0
"2023-06-28 15:49",10.76,10.77,10.76,10.77,0.02,+0.19%,0
"2023-06-28 15:50",10.8,10.8,10.71,10.71,-0.06,-0.56%,0
"2023-06-28 15:51",10.7,10.74,10.69,10.71,0,0.00%,0
"2023-06-28 15:52",10.7,10.7,10.66,10.67,-0.04,-0.37%,0
"2023-06-28 15:53",10.65,10.65,10.63,10.63,-0.04,-0.37%,0
"2023-06-28 15:54",10.65,10.66,10.64,10.66,0.03,+0.28%,0
"2023-06-28 15:55",10.65,10.66,10.65,10.66,0,0.00%,0
"2023-06-28 15:56",10.64,10.66,10.62,10.62,-0.04,-0.38%,0
"2023-06-28 15:57",10.61,10.68,10.61,10.68,0.06,+0.56%,0
"2023-06-28 15:58",10.66,10.67,10.66,10.66,-0.02,-0.19%,0
"2023-06-28 15:59",10.63,10.66,10.63,10.65,-0.01,-0.09%,0
"2023-06-28 16:00",10.58,10.58,10.49,10.49,-0.16,-1.50%,0
"2023-06-28 16:01",10.46,10.49,10.46,10.48,-0.01,-0.10%,0
"2023-06-28 16:02",10.49,10.49,10.45,10.45,-0.03,-0.29%,0
"2023-06-28 16:03",10.44,10.53,10.44,10.53,0.08,+0.77%,0
"2023-06-28 16:04",10.56,10.68,10.56,10.68,0.15,+1.42%,0
"2023-06-28 16:05",10.8,10.81,10.79,10.79,0.11,+1.03%,0
"2023-06-28 16:06",10.79,10.87,10.77,10.87,0.08,+0.74%,0
"2023-06-28 16:07",10.86,10.91,10.86,10.9,0.03,+0.28%,0
"2023-06-28 16:08",10.91,11.14,10.91,11.1,0.2,+1.83%,0
"2023-06-28 16:09",11.1,11.17,11.1,11.13,0.03,+0.27%,0
"2023-06-28 16:10",11.14,11.16,11.14,11.16,0.03,+0.27%,0
"2023-06-28 16:11",11.13,11.18,11.13,11.18,0.02,+0.18%,0
"2023-06-28 16:12",11.18,11.24,11.18,11.22,0.04,+0.36%,0
"2023-06-28 16:13",11.21,11.27,11.21,11.27,0.05,+0.45%,0
"2023-06-28 16:14",11.29,11.37,11.29,11.35,0.08,+0.71%,0
"2023-06-28 16:15",11.36,11.36,11.36,11.36,0.01,+0.09%,0
"2023-06-29 09:31",9.21,9.21,9.1,9.15,-2.21,-19.45%,0
"2023-06-29 09:32",9.19,9.24,9.19,9.24,0.09,+0.98%,0
"2023-06-29 09:33",9.22,9.32,9.22,9.32,0.08,+0.87%,0
"2023-06-29 09:34",9.41,9.41,9.24,9.24,-0.08,-0.86%,0
"2023-06-29 09:35",9.36,9.41,9.36,9.41,0.17,+1.84%,0
"2023-06-29 09:36",9.42,9.43,9.38,9.38,-0.03,-0.32%,0
"2023-06-29 09:37",9.39,9.42,9.39,9.4,0.02,+0.21%,0
"2023-06-29 09:38",9.39,9.43,9.39,9.41,0.01,+0.11%,0
"2023-06-29 09:39",9.41,9.43,9.4,9.43,0.02,+0.21%,0
"2023-06-29 09:40",9.42,9.48,9.42,9.46,0.03,+0.32%,0
"2023-06-29 09:41",9.5,9.5,9.43,9.43,-0.03,-0.32%,0
"2023-06-29 09:42",9.43,9.52,9.43,9.49,0.06,+0.64%,0
"2023-06-29 09:43",9.52,9.52,9.5,9.5,0.01,+0.11%,0
"2023-06-29 09:44",9.52,9.56,9.51,9.51,0.01,+0.11%,0
"2023-06-29 09:45",9.59,9.61,9.57,9.58,0.07,+0.74%,0
"2023-06-29 09:46",9.59,9.6,9.56,9.56,-0.02,-0.21%,0
"2023-06-29 09:47",9.58,9.63,9.58,9.63,0.07,+0.73%,0
"2023-06-29 09:48",9.62,9.62,9.59,9.59,-0.04,-0.42%,0
"2023-06-29 09:49",9.59,9.61,9.59,9.59,0,0.00%,0
"2023-06-29 09:50",9.6,9.61,9.59,9.59,0,0.00%,0
"2023-06-29 09:51",9.57,9.57,9.46,9.46,-0.13,-1.36%,0
"2023-06-29 09:52",9.46,9.47,9.46,9.47,0.01,+0.11%,0
"2023-06-29 09:53",9.47,9.47,9.45,9.45,-0.02,-0.21%,0
"2023-06-29 09:54",9.46,9.48,9.45,9.45,0,0.00%,0
"2023-06-29 09:55",9.5,9.54,9.5,9.54,0.09,+0.95%,0
"2023-06-29 09:56",9.55,9.6,9.55,9.59,0.05,+0.52%,0
"2023-06-29 09:57",9.55,9.58,9.55,9.58,-0.01,-0.10%,0
"2023-06-29 09:58",9.56,9.58,9.56,9.57,-0.01,-0.10%,0
"2023-06-29 09:59",9.58,9.59,9.58,9.58,0.01,+0.10%,0
"2023-06-29 10:00",9.55,9.55,9.46,9.46,-0.12,-1.25%,0
"2023-06-29 10:01",9.45,9.5,9.45,9.5,0.04,+0.42%,0
"2023-06-29 10:02",9.46,9.47,9.44,9.47,-0.03,-0.32%,0
"2023-06-29 10:03",9.47,9.48,9.47,9.47,0,0.00%,0
"2023-06-29 10:04",9.48,9.5,9.46,9.46,-0.01,-0.11%,0
"2023-06-29 10:05",9.44,9.44,9.4,9.4,-0.06,-0.63%,0
"2023-06-29 10:06",9.38,9.38,9.33,9.33,-0.07,-0.74%,0
"2023-06-29 10:07",9.29,9.51,9.29,9.51,0.18,+1.93%,0
"2023-06-29 10:08",9.65,9.72,9.65,9.68,0.17,+1.79%,0
"2023-06-29 10:09",9.62,9.67,9.42,9.42,-0.26,-2.69%,0
"2023-06-29 10:10",9.42,9.57,9.42,9.56,0.14,+1.49%,0
"2023-06-29 10:11",9.57,9.6,9.57,9.59,0.03,+0.31%,0
"2023-06-29 10:12",9.58,9.58,9.55,9.56,-0.03,-0.31%,0
"2023-06-29 10:13",9.57,9.65,9.57,9.58,0.02,+0.21%,0
"2023-06-29 10:14",9.55,9.56,9.54,9.56,-0.02,-0.21%,0
"2023-06-29 10:15",9.46,9.46,9.43,9.45,-0.11,-1.15%,0
"2023-06-29 10:16",9.44,9.44,9.38,9.38,-0.07,-0.74%,0
"2023-06-29 10:17",9.4,9.44,9.38,9.38,0,0.00%,0
"2023-06-29 10:18",9.38,9.4,9.36,9.38,0,0.00%,0
"2023-06-29 10:19",9.36,9.36,9.35,9.35,-0.03,-0.32%,0
"2023-06-29 10:20",9.36,9.36,9.32,9.32,-0.03,-0.32%,0
"2023-06-29 10:21",9.32,9.32,9.25,9.25,-0.07,-0.75%,0
"2023-06-29 10:22",9.24,9.28,9.24,9.28,0.03,+0.32%,0
"2023-06-29 10:23",9.28,9.3,9.28,9.29,0.01,+0.11%,0
"2023-06-29 10:24",9.34,9.37,9.33,9.33,0.04,+0.43%,0
"2023-06-29 10:25",9.34,9.34,9.29,9.29,-0.04,-0.43%,0
"2023-06-29 10:26",9.3,9.31,9.29,9.29,0,0.00%,0
"2023-06-29 10:27",9.32,9.34,9.32,9.34,0.05,+0.54%,0
"2023-06-29 10:28",9.35,9.36,9.35,9.35,0.01,+0.11%,0
"2023-06-29 10:29",9.34,9.34,9.33,9.33,-0.02,-0.21%,0
"2023-06-29 10:30",9.32,9.35,9.32,9.35,0.02,+0.21%,0
"2023-06-29 10:31",9.37,9.43,9.33,9.33,-0.02,-0.21%,0
"2023-06-29 10:32",9.32,9.32,9.32,9.32,-0.01,-0.11%,0
"2023-06-29 10:33",9.31,9.34,9.31,9.33,0.01,+0.11%,0
"2023-06-29 10:34",9.31,9.32,9.31,9.32,-0.01,-0.11%,0
"2023-06-29 10:35",9.33,9.34,9.33,9.33,0.01,+0.11%,0
"2023-06-29 10:36",9.32,9.32,9.28,9.28,-0.05,-0.54%,0
"2023-06-29 10:37",9.29,9.36,9.29,9.36,0.08,+0.86%,0
"2023-06-29 10:38",9.37,9.41,9.37,9.37,0.01,+0.11%,0
"2023-06-29 10:39",9.32,9.32,9.31,9.31,-0.06,-0.64%,0
"2023-06-29 10:40",9.32,9.32,9.29,9.29,-0.02,-0.21%,0
"2023-06-29 10:41",9.29,9.33,9.29,9.31,0.02,+0.22%,0
"2023-06-29 10:42",9.33,9.34,9.31,9.31,0,0.00%,0
"2023-06-29 10:43",9.31,9.37,9.31,9.37,0.06,+0.64%,0
"2023-06-29 10:44",9.36,9.48,9.36,9.48,0.11,+1.17%,0
"2023-06-29 10:45",9.47,9.49,9.47,9.47,-0.01,-0.11%,0
"2023-06-29 10:46",9.51,9.65,9.51,9.6,0.13,+1.37%,0
"2023-06-29 10:47",9.59,9.63,9.59,9.62,0.02,+0.21%,0
"2023-06-29 10:48",9.62,9.65,9.62,9.65,0.03,+0.31%,0
"2023-06-29 10:49",9.65,9.65,9.64,9.64,-0.01,-0.10%,0
"2023-06-29 10:50",9.64,9.66,9.64,9.65,0.01,+0.10%,0
"2023-06-29 10:51",9.63,9.66,9.63,9.63,-0.02,-0.21%,0
"2023-06-29 10:52",9.63,9.65,9.63,9.64,0.01,+0.10%,0
"2023-06-29 10:53",9.63,9.65,9.61,9.61,-0.03,-0.31%,0
"2023-06-29 10:54",9.61,9.64,9.61,9.61,0,0.00%,0
"2023-06-29 10:55",9.59,9.61,9.59,9.6,-0.01,-0.10%,0
"2023-06-29 10:56",9.62,9.62,9.61,9.61,0.01,+0.10%,0
"2023-06-29 10:57",9.62,9.64,9.62,9.63,0.02,+0.21%,0
"2023-06-29 10:58",9.63,9.65,9.62,9.62,-0.01,-0.10%,0
"2023-06-29 10:59",9.6,9.61,9.59,9.59,-0.03,-0.31%,0
"2023-06-29 11:00",9.58,9.61,9.58,9.61,0.02,+0.21%,0
"2023-06-29 11:01",9.62,9.66,9.62,9.63,0.02,+0.21%,0
"2023-06-29 11:02",9.64,9.66,9.62,9.62,-0.01,-0.10%,0
"2023-06-29 11:03",9.63,9.64,9.62,9.62,0,0.00%,0
"2023-06-29 11:04",9.62,9.66,9.62,9.66,0.04,+0.42%,0
"2023-06-29 11:05",9.61,9.61,9.6,9.6,-0.06,-0.62%,0
"2023-06-29 11:06",9.59,9.61,9.59,9.6,0,0.00%,0
"2023-06-29 11:07",9.59,9.59,9.59,9.59,-0.01,-0.10%,0
"2023-06-29 11:08",9.57,9.57,9.56,9.56,-0.03,-0.31%,0
"2023-06-29 11:09",9.55,9.56,9.55,9.56,0,0.00%,0
"2023-06-29 11:10",9.56,9.6,9.56,9.59,0.03,+0.31%,0
"2023-06-29 11:11",9.6,9.63,9.6,9.63,0.04,+0.42%,0
"2023-06-29 11:12",9.62,9.63,9.62,9.62,-0.01,-0.10%,0
"2023-06-29 11:13",9.62,9.64,9.62,9.62,0,0.00%,0
"2023-06-29 11:14",9.63,9.63,9.61,9.61,-0.01,-0.10%,0
"2023-06-29 11:15",9.61,9.63,9.61,9.62,0.01,+0.10%,0
"2023-06-29 11:16",9.61,9.64,9.59,9.59,-0.03,-0.31%,0
"2023-06-29 11:17",9.57,9.64,9.57,9.64,0.05,+0.52%,0
"2023-06-29 11:18",9.62,9.64,9.62,9.63,-0.01,-0.10%,0
"2023-06-29 11:19",9.64,9.68,9.64,9.66,0.03,+0.31%,0
"2023-06-29 11:20",9.65,9.67,9.65,9.67,0.01,+0.10%,0
"2023-06-29 11:21",9.68,9.71,9.68,9.71,0.04,+0.41%,0
"2023-06-29 11:22",9.72,9.75,9.72,9.75,0.04,+0.41%,0
"2023-06-29 11:23",9.73,9.76,9.73,9.75,0,0.00%,0
"2023-06-29 11:24",9.75,9.77,9.73,9.73,-0.02,-0.21%,0
"2023-06-29 11:25",9.72,9.77,9.72,9.75,0.02,+0.21%,0
"2023-06-29 11:26",9.76,9.76,9.73,9.73,-0.02,-0.21%,0
"2023-06-29 11:27",9.72,9.76,9.72,9.75,0.02,+0.21%,0
"2023-06-29 11:28",9.75,9.81,9.75,9.8,0.05,+0.51%,0
"2023-06-29 11:29",9.77,9.8,9.77,9.79,-0.01,-0.10%,0
"2023-06-29 11:30",9.79,9.84,9.76,9.84,0.05,+0.51%,0
"2023-06-29 11:31",9.82,9.85,9.82,9.85,0.01,+0.10%,0
"2023-06-29 11:32",9.84,9.87,9.84,9.85,0,0.00%,0
"2023-06-29 11:33",9.85,9.89,9.85,9.89,0.04,+0.41%,0
"2023-06-29 11:34",9.89,9.92,9.89,9.92,0.03,+0.30%,0
"2023-06-29 11:35",9.92,9.92,9.84,9.84,-0.08,-0.81%,0
"2023-06-29 11:36",9.83,9.85,9.83,9.85,0.01,+0.10%,0
"2023-06-29 11:37",9.88,9.89,9.86,9.86,0.01,+0.10%,0
"2023-06-29 11:38",9.87,9.89,9.87,9.87,0.01,+0.10%,0
"2023-06-29 11:39",9.86,9.89,9.86,9.89,0.02,+0.20%,0
"2023-06-29 11:40",9.88,9.88,9.86,9.86,-0.03,-0.30%,0
"2023-06-29 11:41",9.88,9.89,9.87,9.87,0.01,+0.10%,0
"2023-06-29 11:42",9.87,9.87,9.86,9.86,-0.01,-0.10%,0
"2023-06-29 11:43",9.84,9.94,9.84,9.94,0.08,+0.81%,0
"2023-06-29 11:44",9.96,9.98,9.96,9.98,0.04,+0.40%,0
"2023-06-29 11:45",10.02,10.02,9.98,9.99,0.01,+0.10%,0
"2023-06-29 11:46",9.99,10.03,9.99,10.01,0.02,+0.20%,0
"2023-06-29 11:47",10,10.03,10,10.03,0.02,+0.20%,0
"2023-06-29 11:48",10.02,10.05,10.02,10.05,0.02,+0.20%,0
"2023-06-29 11:49",10.05,10.09,10.05,10.09,0.04,+0.40%,0
"2023-06-29 11:50",10.08,10.08,10.07,10.07,-0.02,-0.20%,0
"2023-06-29 11:51",10.06,10.06,10,10,-0.07,-0.70%,0
"2023-06-29 11:52",10,10,9.99,9.99,-0.01,-0.10%,0
"2023-06-29 11:53",9.99,10,9.98,10,0.01,+0.10%,0
"2023-06-29 11:54",10,10.06,10,10.05,0.05,+0.50%,0
"2023-06-29 11:55",10.05,10.06,10.05,10.05,0,0.00%,0
"2023-06-29 11:56",10.02,10.03,10.02,10.03,-0.02,-0.20%,0
"2023-06-29 11:57",10.03,10.09,10.03,10.09,0.06,+0.60%,0
"2023-06-29 11:58",10.09,10.1,10.09,10.09,0,0.00%,0
"2023-06-29 11:59",10.09,10.11,10.09,10.11,0.02,+0.20%,0
"2023-06-29 12:00",10.09,10.09,10.08,10.09,-0.02,-0.20%,0
"2023-06-29 12:01",10.09,10.13,10.09,10.13,0.04,+0.40%,0
"2023-06-29 12:02",10.12,10.14,10.12,10.14,0.01,+0.10%,0
"2023-06-29 12:03",10.11,10.13,10.11,10.13,-0.01,-0.10%,0
"2023-06-29 12:04",10.13,10.2,10.13,10.2,0.07,+0.69%,0
"2023-06-29 12:05",10.21,10.23,10.21,10.23,0.03,+0.29%,0
"2023-06-29 12:06",10.22,10.27,10.22,10.27,0.04,+0.39%,0
"2023-06-29 12:07",10.29,10.31,10.28,10.28,0.01,+0.10%,0
"2023-06-29 12:08",10.27,10.27,10.25,10.25,-0.03,-0.29%,0
"2023-06-29 12:09",10.26,10.28,10.26,10.28,0.03,+0.29%,0
"2023-06-29 12:10",10.26,10.29,10.26,10.28,0,0.00%,0
"2023-06-29 12:11",10.28,10.3,10.28,10.3,0.02,+0.19%,0
"2023-06-29 12:12",10.31,10.33,10.29,10.29,-0.01,-0.10%,0
"2023-06-29 12:13",10.29,10.37,10.29,10.37,0.08,+0.78%,0
"2023-06-29 12:14",10.4,10.44,10.4,10.43,0.06,+0.58%,0
"2023-06-29 12:15",10.43,10.45,10.43,10.45,0.02,+0.19%,0
"2023-06-29 12:16",10.44,10.48,10.44,10.48,0.03,+0.29%,0
"2023-06-29 12:17",10.45,10.47,10.45,10.46,-0.02,-0.19%,0
"2023-06-29 12:18",10.44,10.47,10.44,10.47,0.01,+0.10%,0
"2023-06-29 12:19",10.46,10.46,10.44,10.44,-0.03,-0.29%,0
"2023-06-29 12:20",10.41,10.43,10.41,10.41,-0.03,-0.29%,0
"2023-06-29 12:21",10.43,10.43,10.42,10.42,0.01,+0.10%,0
"2023-06-29 12:22",10.41,10.41,10.39,10.39,-0.03,-0.29%,0
"2023-06-29 12:23",10.39,10.44,10.39,10.42,0.03,+0.29%,0
"2023-06-29 12:24",10.42,10.45,10.42,10.43,0.01,+0.10%,0
"2023-06-29 12:25",10.43,10.46,10.43,10.46,0.03,+0.29%,0
"2023-06-29 12:26",10.45,10.48,10.45,10.48,0.02,+0.19%,0
"2023-06-29 12:27",10.49,10.49,10.47,10.47,-0.01,-0.10%,0
"2023-06-29 12:28",10.48,10.51,10.48,10.51,0.04,+0.38%,0
"2023-06-29 12:29",10.51,10.51,10.5,10.5,-0.01,-0.10%,0
"2023-06-29 12:30",10.5,10.52,10.5,10.52,0.02,+0.19%,0
"2023-06-29 12:31",10.53,10.55,10.53,10.55,0.03,+0.29%,0
"2023-06-29 12:32",10.56,10.58,10.56,10.58,0.03,+0.28%,0
"2023-06-29 12:33",10.57,10.6,10.57,10.6,0.02,+0.19%,0
"2023-06-29 12:34",10.61,10.64,10.61,10.63,0.03,+0.28%,0
"2023-06-29 12:35",10.64,10.65,10.64,10.64,0.01,+0.09%,0
"2023-06-29 12:36",10.62,10.64,10.62,10.64,0,0.00%,0
"2023-06-29 12:37",10.64,10.67,10.64,10.67,0.03,+0.28%,0
"2023-06-29 12:38",10.67,10.68,10.67,10.67,0,0.00%,0
"2023-06-29 12:39",10.65,10.67,10.65,10.66,-0.01,-0.09%,0
"2023-06-29 12:40",10.66,10.7,10.66,10.68,0.02,+0.19%,0
"2023-06-29 12:41",10.67,10.69,10.67,10.68,0,0.00%,0
"2023-06-29 12:42",10.68,10.7,10.68,10.69,0.01,+0.09%,0
"2023-06-29 12:43",10.69,10.71,10.69,10.71,0.02,+0.19%,0
"2023-06-29 12:44",10.7,10.73,10.7,10.73,0.02,+0.19%,0
"2023-06-29 12:45",10.73,10.74,10.73,10.73,0,0.00%,0
"2023-06-29 12:46",10.72,10.74,10.72,10.74,0.01,+0.09%,0
"2023-06-29 12:47",10.75,10.77,10.75,10.76,0.02,+0.19%,0
"2023-06-29 12:48",10.76,10.8,10.76,10.77,0.01,+0.09%,0
"2023-06-29 12:49",10.78,10.81,10.78,10.8,0.03,+0.28%,0
"2023-06-29 12:50",10.79,10.81,10.79,10.8,0,0.00%,0
"2023-06-29 12:51",10.8,10.82,10.8,10.8,0,0.00%,0
"2023-06-29 12:52",10.8,10.82,10.8,10.8,0,0.00%,0
"2023-06-29 12:53",10.8,10.83,10.8,10.81,0.01,+0.09%,0
"2023-06-29 12:54",10.81,10.83,10.81,10.82,0.01,+0.09%,0
"2023-06-29 12:55",10.82,10.84,10.82,10.84,0.02,+0.18%,0
"2023-06-29 12:56",10.84,10.85,10.84,10.84,0,0.00%,0
"2023-06-29 12:57",10.83,10.87,10.83,10.85,0.01,+0.09%,0
"2023-06-29 12:58",10.87,10.94,10.87,10.94,0.09,+0.83%,0
"2023-06-29 12:59",10.92,10.92,10.85,10.85,-0.09,-0.82%,0
"2023-06-29 13:00",10.85,10.9,10.85,10.9,0.05,+0.46%,0
"2023-06-29 13:01",10.92,10.95,10.92,10.95,0.05,+0.46%,0
"2023-06-29 13:02",10.94,11,10.94,11,0.05,+0.46%,0
"2023-06-29 13:03",11,11.03,11,11.02,0.02,+0.18%,0
"2023-06-29 13:04",11.04,11.04,11.03,11.04,0.02,+0.18%,0
"2023-06-29 13:05",11.04,11.18,11.04,11.17,0.13,+1.18%,0
"2023-06-29 13:06",11.18,11.18,11.08,11.08,-0.09,-0.81%,0
"2023-06-29 13:07",11.07,11.11,11.07,11.1,0.02,+0.18%,0
"2023-06-29 13:08",11.12,11.19,11.12,11.19,0.09,+0.81%,0
"2023-06-29 13:09",11.2,11.2,11.19,11.19,0,0.00%,0
"2023-06-29 13:10",11.19,11.2,11.18,11.2,0.01,+0.09%,0
"2023-06-29 13:11",11.21,11.26,11.21,11.26,0.06,+0.54%,0
"2023-06-29 13:12",11.29,11.32,11.29,11.31,0.05,+0.44%,0
"2023-06-29 13:13",11.29,11.32,11.29,11.31,0,0.00%,0
"2023-06-29 13:14",11.32,11.36,11.32,11.34,0.03,+0.27%,0
"2023-06-29 13:15",11.35,11.36,11.33,11.33,-0.01,-0.09%,0
"2023-06-29 13:16",11.32,11.32,11.32,11.32,-0.01,-0.09%,0
"2023-06-29 13:17",11.33,11.35,11.33,11.35,0.03,+0.27%,0
"2023-06-29 13:18",11.34,11.35,11.34,11.35,0,0.00%,0
"2023-06-29 13:19",11.34,11.37,11.34,11.37,0.02,+0.18%,0
"2023-06-29 13:20",11.36,11.38,11.36,11.36,-0.01,-0.09%,0
"2023-06-29 13:21",11.37,11.39,11.35,11.35,-0.01,-0.09%,0
"2023-06-29 13:22",11.33,11.36,11.33,11.35,0,0.00%,0
"2023-06-29 13:23",11.34,11.36,11.34,11.34,-0.01,-0.09%,0
"2023-06-29 13:24",11.33,11.37,11.33,11.37,0.03,+0.26%,0
"2023-06-29 13:25",11.36,11.38,11.36,11.38,0.01,+0.09%,0
"2023-06-29 13:26",11.37,11.38,11.36,11.36,-0.02,-0.18%,0
"2023-06-29 13:27",11.36,11.38,11.36,11.38,0.02,+0.18%,0
"2023-06-29 13:28",11.38,11.41,11.38,11.41,0.03,+0.26%,0
"2023-06-29 13:29",11.41,11.43,11.41,11.42,0.01,+0.09%,0
"2023-06-29 13:30",11.42,11.43,11.42,11.43,0.01,+0.09%,0
"2023-06-29 13:31",11.42,11.43,11.42,11.43,0,0.00%,0
"2023-06-29 13:32",11.44,11.47,11.44,11.46,0.03,+0.26%,0
"2023-06-29 13:33",11.47,11.5,11.47,11.5,0.04,+0.35%,0
"2023-06-29 13:34",11.48,11.51,11.48,11.51,0.01,+0.09%,0
"2023-06-29 13:35",11.49,11.51,11.49,11.51,0,0.00%,0
"2023-06-29 13:36",11.52,11.53,11.51,11.51,0,0.00%,0
"2023-06-29 13:37",11.52,11.53,11.51,11.51,0,0.00%,0
"2023-06-29 13:38",11.54,11.56,11.54,11.56,0.05,+0.43%,0
"2023-06-29 13:39",11.56,11.59,11.56,11.58,0.02,+0.17%,0
"2023-06-29 13:40",11.59,11.61,11.59,11.6,0.02,+0.17%,0
"2023-06-29 13:41",11.6,11.6,11.59,11.59,-0.01,-0.09%,0
"2023-06-29 13:42",11.6,11.62,11.6,11.62,0.03,+0.26%,0
"2023-06-29 13:43",11.61,11.63,11.61,11.62,0,0.00%,0
"2023-06-29 13:44",11.6,11.64,11.6,11.63,0.01,+0.09%,0
"2023-06-29 13:45",11.62,11.65,11.62,11.65,0.02,+0.17%,0
"2023-06-29 13:46",11.64,11.64,11.63,11.63,-0.02,-0.17%,0
"2023-06-29 13:47",11.62,11.66,11.62,11.64,0.01,+0.09%,0
"2023-06-29 13:48",11.65,11.67,11.65,11.65,0.01,+0.09%,0
"2023-06-29 13:49",11.65,11.67,11.65,11.67,0.02,+0.17%,0
"2023-06-29 13:50",11.67,11.67,11.67,11.67,0,0.00%,0
"2023-06-29 13:51",11.66,11.68,11.66,11.67,0,0.00%,0
"2023-06-29 13:52",11.67,11.69,11.67,11.68,0.01,+0.09%,0
"2023-06-29 13:53",11.68,11.7,11.68,11.69,0.01,+0.09%,0
"2023-06-29 13:54",11.69,11.71,11.69,11.71,0.02,+0.17%,0
"2023-06-29 13:55",11.7,11.7,11.7,11.7,-0.01,-0.09%,0
"2023-06-29 13:56",11.71,11.72,11.71,11.72,0.02,+0.17%,0
"2023-06-29 13:57",11.71,11.74,11.71,11.74,0.02,+0.17%,0
"2023-06-29 13:58",11.74,11.83,11.74,11.83,0.09,+0.77%,0
"2023-06-29 13:59",11.89,11.89,11.84,11.84,0.01,+0.08%,0
"2023-06-29 14:00",11.83,11.86,11.83,11.84,0,0.00%,0
"2023-06-29 14:01",11.85,11.92,11.85,11.9,0.06,+0.51%,0
"2023-06-29 14:02",11.89,11.9,11.88,11.89,-0.01,-0.08%,0
"2023-06-29 14:03",11.76,12.04,11.76,11.93,0.04,+0.34%,0
"2023-06-29 14:04",11.92,11.95,11.92,11.95,0.02,+0.17%,0
"2023-06-29 14:05",11.89,11.92,11.88,11.92,-0.03,-0.25%,0
"2023-06-29 14:06",11.92,11.94,11.92,11.93,0.01,+0.08%,0
"2023-06-29 14:07",11.93,11.96,11.93,11.96,0.03,+0.25%,0
"2023-06-29 14:08",11.94,12.02,11.94,12.02,0.06,+0.50%,0
"2023-06-29 14:09",12.01,12.01,11.99,11.99,-0.03,-0.25%,0
"2023-06-29 14:10",11.99,12,11.98,11.98,-0.01,-0.08%,0
"2023-06-29 14:11",11.96,12.01,11.96,12.01,0.03,+0.25%,0
"2023-06-29 14:12",12,12,11.99,11.99,-0.02,-0.17%,0
"2023-06-29 14:13",11.98,11.98,11.93,11.93,-0.06,-0.50%,0
"2023-06-29 14:14",11.9,11.93,11.9,11.91,-0.02,-0.17%,0
"2023-06-29 14:15",11.91,11.91,11.85,11.85,-0.06,-0.50%,0
"2023-06-29 14:16",11.83,11.85,11.83,11.83,-0.02,-0.17%,0
"2023-06-29 14:17",11.82,11.86,11.82,11.85,0.02,+0.17%,0
"2023-06-29 14:18",11.86,11.88,11.86,11.87,0.02,+0.17%,0
"2023-06-29 14:19",11.88,11.9,11.88,11.9,0.03,+0.25%,0
"2023-06-29 14:20",11.9,11.92,11.89,11.92,0.02,+0.17%,0
"2023-06-29 14:21",11.91,11.93,11.91,11.92,0,0.00%,0
"2023-06-29 14:22",11.92,11.97,11.92,11.96,0.04,+0.34%,0
"2023-06-29 14:23",11.97,11.99,11.97,11.99,0.03,+0.25%,0
"2023-06-29 14:24",11.99,11.99,11.98,11.98,-0.01,-0.08%,0
"2023-06-29 14:25",11.98,11.99,11.98,11.98,0,0.00%,0
"2023-06-29 14:26",11.96,11.98,11.96,11.97,-0.01,-0.08%,0
"2023-06-29 14:27",11.98,11.98,11.98,11.98,0.01,+0.08%,0
"2023-06-29 14:28",11.99,11.99,11.96,11.96,-0.02,-0.17%,0
"2023-06-29 14:29",11.97,12,11.97,11.99,0.03,+0.25%,0
"2023-06-29 14:30",12,12.01,11.99,11.99,0,0.00%,0
"2023-06-29 14:31",11.99,12.02,11.99,12.02,0.03,+0.25%,0
"2023-06-29 14:32",12.03,12.05,12.03,12.05,0.03,+0.25%,0
"2023-06-29 14:33",12.05,12.06,12.05,12.06,0.01,+0.08%,0
"2023-06-29 14:34",12.06,12.07,12.06,12.07,0.01,+0.08%,0
"2023-06-29 14:35",12.09,12.09,12.08,12.08,0.01,+0.08%,0
"2023-06-29 14:36",12.08,12.08,12.07,12.07,-0.01,-0.08%,0
"2023-06-29 14:37",12.06,12.08,12.06,12.08,0.01,+0.08%,0
"2023-06-29 14:38",12.05,12.08,12.04,12.07,-0.01,-0.08%,0
"2023-06-29 14:39",12.07,12.09,12.07,12.08,0.01,+0.08%,0
"2023-06-29 14:40",12.08,12.14,12.08,12.14,0.06,+0.50%,0
"2023-06-29 14:41",12.19,12.22,12.14,12.16,0.02,+0.16%,0
"2023-06-29 14:42",12.15,12.17,12.14,12.14,-0.02,-0.16%,0
"2023-06-29 14:43",12.14,12.15,12.13,12.15,0.01,+0.08%,0
"2023-06-29 14:44",12.14,12.16,12.14,12.14,-0.01,-0.08%,0
"2023-06-29 14:45",12.13,12.13,12.11,12.11,-0.03,-0.25%,0
"2023-06-29 14:46",12.1,12.1,12.09,12.1,-0.01,-0.08%,0
"2023-06-29 14:47",12.12,12.14,12.12,12.13,0.03,+0.25%,0
"2023-06-29 14:48",12.12,12.13,12.11,12.11,-0.02,-0.16%,0
"2023-06-29 14:49",12.1,12.16,12.1,12.16,0.05,+0.41%,0
"2023-06-29 14:50",12.16,12.21,12.16,12.21,0.05,+0.41%,0
"2023-06-29 14:51",12.24,12.26,12.24,12.26,0.05,+0.41%,0
"2023-06-29 14:52",12.23,12.24,12.23,12.24,-0.02,-0.16%,0
"2023-06-29 14:53",12.23,12.25,12.23,12.25,0.01,+0.08%,0
"2023-06-29 14:54",12.24,12.26,12.24,12.25,0,0.00%,0
"2023-06-29 14:55",12.25,12.28,12.25,12.27,0.02,+0.16%,0
"2023-06-29 14:56",12.27,12.27,12.24,12.24,-0.03,-0.24%,0
"2023-06-29 14:57",12.23,12.24,12.23,12.23,-0.01,-0.08%,0
"2023-06-29 14:58",12.24,12.24,12.23,12.23,0,0.00%,0
"2023-06-29 14:59",12.23,12.24,12.23,12.24,0.01,+0.08%,0
"2023-06-29 15:00",12.23,12.23,12.22,12.22,-0.02,-0.16%,0
"2023-06-29 15:01",12.2,12.23,12.2,12.23,0.01,+0.08%,0
"2023-06-29 15:02",12.21,12.22,12.21,12.22,-0.01,-0.08%,0
"2023-06-29 15:03",12.22,12.24,12.22,12.24,0.02,+0.16%,0
"2023-06-29 15:04",12.25,12.25,12.23,12.23,-0.01,-0.08%,0
"2023-06-29 15:05",12.24,12.25,12.22,12.22,-0.01,-0.08%,0
"2023-06-29 15:06",12.21,12.21,12.19,12.21,-0.01,-0.08%,0
"2023-06-29 15:07",12.21,12.21,12.19,12.21,0,0.00%,0
"2023-06-29 15:08",12.21,12.25,12.21,12.25,0.04,+0.33%,0
"2023-06-29 15:09",12.25,12.26,12.24,12.24,-0.01,-0.08%,0
"2023-06-29 15:10",12.25,12.27,12.25,12.27,0.03,+0.25%,0
"2023-06-29 15:11",12.27,12.32,12.27,12.31,0.04,+0.33%,0
"2023-06-29 15:12",12.31,12.32,12.31,12.32,0.01,+0.08%,0
"2023-06-29 15:13",12.32,12.34,12.32,12.33,0.01,+0.08%,0
"2023-06-29 15:14",12.33,12.34,12.33,12.34,0.01,+0.08%,0
"2023-06-29 15:15",12.35,12.35,12.27,12.27,-0.07,-0.57%,0
"2023-06-29 15:16",12.27,12.33,12.27,12.32,0.05,+0.41%,0
"2023-06-29 15:17",12.32,12.34,12.32,12.34,0.02,+0.16%,0
"2023-06-29 15:18",12.33,12.34,12.33,12.33,-0.01,-0.08%,0
"2023-06-29 15:19",12.31,12.34,12.31,12.32,-0.01,-0.08%,0
"2023-06-29 15:20",12.32,12.33,12.29,12.29,-0.03,-0.24%,0
"2023-06-29 15:21",12.29,12.3,12.29,12.29,0,0.00%,0
"2023-06-29 15:22",12.3,12.34,12.3,12.34,0.05,+0.41%,0
"2023-06-29 15:23",12.34,12.35,12.34,12.34,0,0.00%,0
"2023-06-29 15:24",12.33,12.34,12.33,12.33,-0.01,-0.08%,0
"2023-06-29 15:25",12.31,12.33,12.31,12.32,-0.01,-0.08%,0
"2023-06-29 15:26",12.32,12.33,12.31,12.31,-0.01,-0.08%,0
"2023-06-29 15:27",12.31,12.31,12.3,12.3,-0.01,-0.08%,0
"2023-06-29 15:28",12.32,12.33,12.32,12.32,0.02,+0.16%,0
"2023-06-29 15:29",12.32,12.34,12.32,12.34,0.02,+0.16%,0
"2023-06-29 15:30",12.32,12.34,12.32,12.32,-0.02,-0.16%,0
"2023-06-29 15:31",12.31,12.33,12.31,12.31,-0.01,-0.08%,0
"2023-06-29 15:32",12.3,12.3,12.24,12.24,-0.07,-0.57%,0
"2023-06-29 15:33",12.25,12.27,12.25,12.26,0.02,+0.16%,0
"2023-06-29 15:34",12.26,12.27,12.26,12.27,0.01,+0.08%,0
"2023-06-29 15:35",12.27,12.28,12.27,12.28,0.01,+0.08%,0
"2023-06-29 15:36",12.28,12.29,12.28,12.29,0.01,+0.08%,0
"2023-06-29 15:37",12.27,12.29,12.26,12.26,-0.03,-0.24%,0
"2023-06-29 15:38",12.27,12.32,12.27,12.3,0.04,+0.33%,0
"2023-06-29 15:39",12.3,12.34,12.3,12.34,0.04,+0.33%,0
"2023-06-29 15:40",12.33,12.34,12.33,12.33,-0.01,-0.08%,0
"2023-06-29 15:41",12.32,12.39,12.32,12.39,0.06,+0.49%,0
"2023-06-29 15:42",12.38,12.4,12.38,12.4,0.01,+0.08%,0
"2023-06-29 15:43",12.39,12.44,12.39,12.44,0.04,+0.32%,0
"2023-06-29 15:44",12.44,12.51,12.44,12.51,0.07,+0.56%,0
"2023-06-29 15:45",12.54,12.57,12.54,12.56,0.05,+0.40%,0
"2023-06-29 15:46",12.55,12.55,12.53,12.53,-0.03,-0.24%,0
"2023-06-29 15:47",12.52,12.53,12.5,12.5,-0.03,-0.24%,0
"2023-06-29 15:48",12.5,12.52,12.47,12.47,-0.03,-0.24%,0
"2023-06-29 15:49",12.47,12.52,12.47,12.51,0.04,+0.32%,0
"2023-06-29 15:50",12.52,12.54,12.5,12.54,0.03,+0.24%,0
"2023-06-29 15:51",12.54,12.58,12.53,12.56,0.02,+0.16%,0
"2023-06-29 15:52",12.56,12.71,12.56,12.71,0.15,+1.19%,0
"2023-06-29 15:53",12.7,12.72,12.7,12.7,-0.01,-0.08%,0
"2023-06-29 15:54",12.72,12.76,12.72,12.76,0.06,+0.47%,0
"2023-06-29 15:55",12.77,12.79,12.76,12.76,0,0.00%,0
"2023-06-29 15:56",12.76,12.76,12.76,12.76,0,0.00%,0
"2023-06-29 15:57",12.77,12.77,12.72,12.72,-0.04,-0.31%,0
"2023-06-29 15:58",12.72,12.91,12.72,12.87,0.15,+1.18%,0
"2023-06-29 15:59",12.88,12.96,12.88,12.96,0.09,+0.70%,0
"2023-06-29 16:00",12.96,12.96,12.91,12.92,-0.04,-0.31%,0
"2023-06-29 16:01",12.96,13.01,12.96,13.01,0.09,+0.70%,0
"2023-06-29 16:02",13.03,13.08,13.03,13.08,0.07,+0.54%,0
"2023-06-29 16:03",13.09,13.14,13.09,13.14,0.06,+0.46%,0
"2023-06-29 16:04",13.15,13.17,13.14,13.14,0,0.00%,0
"2023-06-29 16:05",13.13,13.16,13.13,13.14,0,0.00%,0
"2023-06-29 16:06",13.15,13.15,13.14,13.14,0,0.00%,0
"2023-06-29 16:07",13.12,13.14,13.12,13.13,-0.01,-0.08%,0
"2023-06-29 16:08",13.14,13.14,13.11,13.13,0,0.00%,0
"2023-06-29 16:09",13.1,13.1,13.05,13.05,-0.08,-0.61%,0
"2023-06-29 16:10",13.11,13.13,13.11,13.11,0.06,+0.46%,0
"2023-06-29 16:11",13.13,13.13,13.09,13.09,-0.02,-0.15%,0
"2023-06-29 16:12",13.12,13.14,13.12,13.12,0.03,+0.23%,0
"2023-06-29 16:13",13.12,13.15,13.12,13.14,0.02,+0.15%,0
"2023-06-29 16:14",13.13,13.15,13.12,13.12,-0.02,-0.15%,0
"2023-06-29 16:15",13.09,13.09,13.09,13.09,-0.03,-0.23%,0
"2023-06-30 09:31",9.51,9.55,9.47,9.55,-3.54,-27.04%,0
"2023-06-30 09:32",9.5,9.76,9.5,9.76,0.21,+2.20%,0
"2023-06-30 09:33",9.82,9.98,9.82,9.98,0.22,+2.25%,0
"2023-06-30 09:34",10.06,10.17,10.06,10.17,0.19,+1.90%,0
"2023-06-30 09:35",9.99,9.99,9.97,9.97,-0.2,-1.97%,0
"2023-06-30 09:36",9.98,9.98,9.95,9.98,0.01,+0.10%,0
"2023-06-30 09:37",9.99,10.03,9.99,10.03,0.05,+0.50%,0
"2023-06-30 09:38",10.02,10.07,10.02,10.07,0.04,+0.40%,0
"2023-06-30 09:39",10.08,10.08,10.03,10.03,-0.04,-0.40%,0
"2023-06-30 09:40",10.03,10.06,10.01,10.06,0.03,+0.30%,0
"2023-06-30 09:41",10.07,10.19,10.02,10.19,0.13,+1.29%,0
"2023-06-30 09:42",10.24,10.24,10.12,10.15,-0.04,-0.39%,0
"2023-06-30 09:43",10.19,10.25,10.19,10.25,0.1,+0.99%,0
"2023-06-30 09:44",10.28,10.28,10.21,10.21,-0.04,-0.39%,0
"2023-06-30 09:45",10.2,10.26,10.2,10.26,0.05,+0.49%,0
"2023-06-30 09:46",10.26,10.27,10.26,10.27,0.01,+0.10%,0
"2023-06-30 09:47",10.27,10.27,10.25,10.26,-0.01,-0.10%,0
"2023-06-30 09:48",10.24,10.26,10.23,10.26,0,0.00%,0
"2023-06-30 09:49",10.27,10.27,10.24,10.24,-0.02,-0.19%,0
"2023-06-30 09:50",10.25,10.3,10.25,10.29,0.05,+0.49%,0
"2023-06-30 09:51",10.3,10.34,10.3,10.34,0.05,+0.49%,0
"2023-06-30 09:52",10.35,10.38,10.35,10.38,0.04,+0.39%,0
"2023-06-30 09:53",10.43,10.43,10.38,10.38,0,0.00%,0
"2023-06-30 09:54",10.43,10.44,10.4,10.4,0.02,+0.19%,0
"2023-06-30 09:55",10.39,10.4,10.36,10.4,0,0.00%,0
"2023-06-30 09:56",10.36,10.42,10.36,10.42,0.02,+0.19%,0
"2023-06-30 09:57",10.38,10.42,10.38,10.41,-0.01,-0.10%,0
"2023-06-30 09:58",10.41,10.42,10.33,10.33,-0.08,-0.77%,0
"2023-06-30 09:59",10.35,10.37,10.35,10.36,0.03,+0.29%,0
"2023-06-30 10:00",10.17,10.29,10.17,10.29,-0.07,-0.68%,0
"2023-06-30 10:01",10.29,10.32,10.29,10.3,0.01,+0.10%,0
"2023-06-30 10:02",10.28,10.35,10.28,10.35,0.05,+0.49%,0
"2023-06-30 10:03",10.36,10.36,10.26,10.26,-0.09,-0.87%,0
"2023-06-30 10:04",10.21,10.23,10.21,10.23,-0.03,-0.29%,0
"2023-06-30 10:05",10.23,10.28,10.22,10.22,-0.01,-0.10%,0
"2023-06-30 10:06",10.2,10.26,10.2,10.26,0.04,+0.39%,0
"2023-06-30 10:07",10.25,10.26,10.21,10.21,-0.05,-0.49%,0
"2023-06-30 10:08",10.23,10.26,10.23,10.23,0.02,+0.20%,0
"2023-06-30 10:09",10.2,10.2,10.16,10.16,-0.07,-0.68%,0
"2023-06-30 10:10",10.16,10.17,10.14,10.17,0.01,+0.10%,0
"2023-06-30 10:11",10.19,10.22,10.19,10.22,0.05,+0.49%,0
"2023-06-30 10:12",10.21,10.23,10.21,10.21,-0.01,-0.10%,0
"2023-06-30 10:13",10.24,10.27,10.24,10.25,0.04,+0.39%,0
"2023-06-30 10:14",10.27,10.28,10.26,10.26,0.01,+0.10%,0
"2023-06-30 10:15",10.27,10.27,10.25,10.25,-0.01,-0.10%,0
"2023-06-30 10:16",10.23,10.31,10.23,10.31,0.06,+0.59%,0
"2023-06-30 10:17",10.31,10.35,10.31,10.35,0.04,+0.39%,0
"2023-06-30 10:18",10.36,10.38,10.36,10.37,0.02,+0.19%,0
"2023-06-30 10:19",10.38,10.44,10.38,10.44,0.07,+0.68%,0
"2023-06-30 10:20",10.43,10.43,10.38,10.38,-0.06,-0.57%,0
"2023-06-30 10:21",10.44,10.51,10.44,10.47,0.09,+0.87%,0
"2023-06-30 10:22",10.44,10.46,10.44,10.46,-0.01,-0.10%,0
"2023-06-30 10:23",10.47,10.48,10.42,10.42,-0.04,-0.38%,0
"2023-06-30 10:24",10.4,10.42,10.37,10.37,-0.05,-0.48%,0
"2023-06-30 10:25",10.34,10.36,10.32,10.36,-0.01,-0.10%,0
"2023-06-30 10:26",10.36,10.36,10.32,10.34,-0.02,-0.19%,0
"2023-06-30 10:27",10.37,10.39,10.37,10.39,0.05,+0.48%,0
"2023-06-30 10:28",10.42,10.48,10.42,10.48,0.09,+0.87%,0
"2023-06-30 10:29",10.48,10.52,10.48,10.51,0.03,+0.29%,0
"2023-06-30 10:30",10.51,10.51,10.5,10.5,-0.01,-0.10%,0
"2023-06-30 10:31",10.51,10.54,10.51,10.53,0.03,+0.29%,0
"2023-06-30 10:32",10.53,10.53,10.46,10.46,-0.07,-0.66%,0
"2023-06-30 10:33",10.43,10.45,10.43,10.45,-0.01,-0.10%,0
"2023-06-30 10:34",10.45,10.46,10.44,10.44,-0.01,-0.10%,0
"2023-06-30 10:35",10.45,10.48,10.45,10.46,0.02,+0.19%,0
"2023-06-30 10:36",10.47,10.57,10.47,10.57,0.11,+1.05%,0
"2023-06-30 10:37",10.61,10.61,10.58,10.59,0.02,+0.19%,0
"2023-06-30 10:38",10.65,10.7,10.65,10.68,0.09,+0.85%,0
"2023-06-30 10:39",10.63,10.63,10.6,10.6,-0.08,-0.75%,0
"2023-06-30 10:40",10.63,10.64,10.63,10.63,0.03,+0.28%,0
"2023-06-30 10:41",10.6,10.62,10.57,10.57,-0.06,-0.56%,0
"2023-06-30 10:42",10.53,10.65,10.53,10.65,0.08,+0.76%,0
"2023-06-30 10:43",10.63,10.69,10.63,10.69,0.04,+0.38%,0
"2023-06-30 10:44",10.66,10.67,10.65,10.65,-0.04,-0.37%,0
"2023-06-30 10:45",10.65,10.68,10.65,10.67,0.02,+0.19%,0
"2023-06-30 10:46",10.67,10.68,10.67,10.67,0,0.00%,0
"2023-06-30 10:47",10.68,10.7,10.68,10.7,0.03,+0.28%,0
"2023-06-30 10:48",10.7,10.7,10.67,10.7,0,0.00%,0
"2023-06-30 10:49",10.71,10.74,10.71,10.74,0.04,+0.37%,0
"2023-06-30 10:50",10.74,10.75,10.69,10.71,-0.03,-0.28%,0
"2023-06-30 10:51",10.62,10.62,10.54,10.54,-0.17,-1.59%,0
"2023-06-30 10:52",10.54,10.54,10.49,10.49,-0.05,-0.47%,0
"2023-06-30 10:53",10.49,10.51,10.49,10.51,0.02,+0.19%,0
"2023-06-30 10:54",10.48,10.48,10.45,10.45,-0.06,-0.57%,0
"2023-06-30 10:55",10.43,10.43,10.4,10.4,-0.05,-0.48%,0
"2023-06-30 10:56",10.39,10.42,10.39,10.39,-0.01,-0.10%,0
"2023-06-30 10:57",10.36,10.36,10.35,10.35,-0.04,-0.38%,0
"2023-06-30 10:58",10.34,10.36,10.33,10.36,0.01,+0.10%,0
"2023-06-30 10:59",10.34,10.4,10.34,10.4,0.04,+0.39%,0
"2023-06-30 11:00",10.38,10.4,10.38,10.4,0,0.00%,0
"2023-06-30 11:01",10.38,10.46,10.38,10.46,0.06,+0.58%,0
"2023-06-30 11:02",10.45,10.47,10.45,10.46,0,0.00%,0
"2023-06-30 11:03",10.44,10.5,10.44,10.5,0.04,+0.38%,0
"2023-06-30 11:04",10.51,10.53,10.51,10.53,0.03,+0.29%,0
"2023-06-30 11:05",10.53,10.56,10.53,10.54,0.01,+0.09%,0
"2023-06-30 11:06",10.56,10.58,10.56,10.58,0.04,+0.38%,0
"2023-06-30 11:07",10.54,10.58,10.54,10.57,-0.01,-0.09%,0
"2023-06-30 11:08",10.59,10.59,10.57,10.57,0,0.00%,0
"2023-06-30 11:09",10.55,10.55,10.54,10.55,-0.02,-0.19%,0
"2023-06-30 11:10",10.54,10.54,10.51,10.53,-0.02,-0.19%,0
"2023-06-30 11:11",10.5,10.53,10.5,10.51,-0.02,-0.19%,0
"2023-06-30 11:12",10.51,10.53,10.5,10.5,-0.01,-0.10%,0
"2023-06-30 11:13",10.48,10.48,10.44,10.44,-0.06,-0.57%,0
"2023-06-30 11:14",10.44,10.48,10.44,10.44,0,0.00%,0
"2023-06-30 11:15",10.44,10.44,10.42,10.42,-0.02,-0.19%,0
"2023-06-30 11:16",10.41,10.41,10.4,10.4,-0.02,-0.19%,0
"2023-06-30 11:17",10.39,10.41,10.39,10.4,0,0.00%,0
"2023-06-30 11:18",10.4,10.44,10.4,10.44,0.04,+0.38%,0
"2023-06-30 11:19",10.43,10.46,10.43,10.45,0.01,+0.10%,0
"2023-06-30 11:20",10.45,10.45,10.44,10.44,-0.01,-0.10%,0
"2023-06-30 11:21",10.45,10.47,10.45,10.47,0.03,+0.29%,0
"2023-06-30 11:22",10.45,10.48,10.45,10.48,0.01,+0.10%,0
"2023-06-30 11:23",10.48,10.51,10.48,10.51,0.03,+0.29%,0
"2023-06-30 11:24",10.51,10.53,10.51,10.53,0.02,+0.19%,0
"2023-06-30 11:25",10.54,10.56,10.54,10.56,0.03,+0.28%,0
"2023-06-30 11:26",10.56,10.6,10.56,10.6,0.04,+0.38%,0
"2023-06-30 11:27",10.59,10.63,10.59,10.62,0.02,+0.19%,0
"2023-06-30 11:28",10.58,10.63,10.58,10.63,0.01,+0.09%,0
"2023-06-30 11:29",10.62,10.63,10.61,10.61,-0.02,-0.19%,0
"2023-06-30 11:30",10.62,10.67,10.61,10.67,0.06,+0.57%,0
"2023-06-30 11:31",10.69,10.74,10.69,10.71,0.04,+0.37%,0
"2023-06-30 11:32",10.69,10.72,10.69,10.72,0.01,+0.09%,0
"2023-06-30 11:33",10.73,10.76,10.73,10.76,0.04,+0.37%,0
"2023-06-30 11:34",10.79,10.83,10.79,10.83,0.07,+0.65%,0
"2023-06-30 11:35",10.81,10.85,10.81,10.85,0.02,+0.18%,0
"2023-06-30 11:36",10.81,10.86,10.81,10.82,-0.03,-0.28%,0
"2023-06-30 11:37",10.84,10.86,10.81,10.81,-0.01,-0.09%,0
"2023-06-30 11:38",10.82,10.85,10.82,10.82,0.01,+0.09%,0
"2023-06-30 11:39",10.79,10.8,10.78,10.8,-0.02,-0.18%,0
"2023-06-30 11:40",10.8,10.87,10.77,10.87,0.07,+0.65%,0
"2023-06-30 11:41",10.97,10.97,10.9,10.9,0.03,+0.28%,0
"2023-06-30 11:42",10.92,10.95,10.92,10.94,0.04,+0.37%,0
"2023-06-30 11:43",10.93,10.95,10.93,10.94,0,0.00%,0
"2023-06-30 11:44",10.95,10.97,10.95,10.97,0.03,+0.27%,0
"2023-06-30 11:45",10.98,11,10.98,10.98,0.01,+0.09%,0
"2023-06-30 11:46",10.94,10.96,10.89,10.89,-0.09,-0.82%,0
"2023-06-30 11:47",10.83,10.87,10.83,10.87,-0.02,-0.18%,0
"2023-06-30 11:48",10.84,10.91,10.84,10.9,0.03,+0.28%,0
"2023-06-30 11:49",10.88,10.89,10.88,10.89,-0.01,-0.09%,0
"2023-06-30 11:50",10.9,10.92,10.87,10.87,-0.02,-0.18%,0
"2023-06-30 11:51",10.88,10.91,10.88,10.89,0.02,+0.18%,0
"2023-06-30 11:52",10.89,10.93,10.89,10.92,0.03,+0.28%,0
"2023-06-30 11:53",10.92,10.94,10.92,10.93,0.01,+0.09%,0
"2023-06-30 11:54",10.93,10.95,10.93,10.93,0,0.00%,0
"2023-06-30 11:55",10.92,10.97,10.92,10.96,0.03,+0.27%,0
"2023-06-30 11:56",10.95,10.96,10.95,10.96,0,0.00%,0
"2023-06-30 11:57",10.96,10.96,10.92,10.92,-0.04,-0.36%,0
"2023-06-30 11:58",10.89,10.93,10.89,10.93,0.01,+0.09%,0
"2023-06-30 11:59",10.95,10.95,10.92,10.92,-0.01,-0.09%,0
"2023-06-30 12:00",10.9,10.9,10.86,10.89,-0.03,-0.27%,0
"2023-06-30 12:01",10.84,10.86,10.84,10.85,-0.04,-0.37%,0
"2023-06-30 12:02",10.83,10.83,10.81,10.81,-0.04,-0.37%,0
"2023-06-30 12:03",10.8,10.83,10.8,10.8,-0.01,-0.09%,0
"2023-06-30 12:04",10.79,10.8,10.79,10.8,0,0.00%,0
"2023-06-30 12:05",10.78,10.81,10.78,10.8,0,0.00%,0
"2023-06-30 12:06",10.79,10.79,10.77,10.77,-0.03,-0.28%,0
"2023-06-30 12:07",10.77,10.78,10.77,10.78,0.01,+0.09%,0
"2023-06-30 12:08",10.78,10.82,10.78,10.82,0.04,+0.37%,0
"2023-06-30 12:09",10.84,10.87,10.84,10.85,0.03,+0.28%,0
"2023-06-30 12:10",10.84,10.86,10.84,10.84,-0.01,-0.09%,0
"2023-06-30 12:11",10.84,10.86,10.84,10.86,0.02,+0.18%,0
"2023-06-30 12:12",10.87,10.89,10.87,10.89,0.03,+0.28%,0
"2023-06-30 12:13",10.89,10.92,10.89,10.91,0.02,+0.18%,0
"2023-06-30 12:14",10.9,10.92,10.9,10.9,-0.01,-0.09%,0
"2023-06-30 12:15",10.94,10.95,10.93,10.93,0.03,+0.28%,0
"2023-06-30 12:16",10.93,10.96,10.93,10.95,0.02,+0.18%,0
"2023-06-30 12:17",10.94,10.97,10.94,10.96,0.01,+0.09%,0
"2023-06-30 12:18",10.95,10.96,10.95,10.95,-0.01,-0.09%,0
"2023-06-30 12:19",10.94,10.96,10.94,10.94,-0.01,-0.09%,0
"2023-06-30 12:20",10.94,10.95,10.93,10.94,0,0.00%,0
"2023-06-30 12:21",10.95,10.97,10.95,10.96,0.02,+0.18%,0
"2023-06-30 12:22",10.95,10.98,10.95,10.98,0.02,+0.18%,0
"2023-06-30 12:23",10.96,10.97,10.96,10.96,-0.02,-0.18%,0
"2023-06-30 12:24",10.93,10.93,10.91,10.93,-0.03,-0.27%,0
"2023-06-30 12:25",10.93,11.01,10.93,10.99,0.06,+0.55%,0
"2023-06-30 12:26",10.99,11.01,10.99,11,0.01,+0.09%,0
"2023-06-30 12:27",10.99,11.02,10.98,10.98,-0.02,-0.18%,0
"2023-06-30 12:28",10.98,10.98,10.94,10.94,-0.04,-0.36%,0
"2023-06-30 12:29",10.94,11,10.94,11,0.06,+0.55%,0
"2023-06-30 12:30",10.97,10.99,10.95,10.95,-0.05,-0.45%,0
"2023-06-30 12:31",10.96,10.98,10.96,10.98,0.03,+0.27%,0
"2023-06-30 12:32",10.99,11.02,10.99,11.02,0.04,+0.36%,0
"2023-06-30 12:33",11.01,11.01,10.99,10.99,-0.03,-0.27%,0
"2023-06-30 12:34",11.01,11.02,11,11,0.01,+0.09%,0
"2023-06-30 12:35",11,11.04,11,11.04,0.04,+0.36%,0
"2023-06-30 12:36",11.02,11.02,11.01,11.01,-0.03,-0.27%,0
"2023-06-30 12:37",11.04,11.06,11.04,11.06,0.05,+0.45%,0
"2023-06-30 12:38",11.07,11.1,11.07,11.09,0.03,+0.27%,0
"2023-06-30 12:39",11.08,11.14,11.08,11.14,0.05,+0.45%,0
"2023-06-30 12:40",11.13,11.17,11.13,11.17,0.03,+0.27%,0
"2023-06-30 12:41",11.16,11.21,11.16,11.21,0.04,+0.36%,0
"2023-06-30 12:42",11.2,11.24,11.2,11.23,0.02,+0.18%,0
"2023-06-30 12:43",11.23,11.25,11.23,11.25,0.02,+0.18%,0
"2023-06-30 12:44",11.25,11.28,11.25,11.28,0.03,+0.27%,0
"2023-06-30 12:45",11.28,11.29,11.28,11.28,0,0.00%,0
"2023-06-30 12:46",11.28,11.29,11.28,11.29,0.01,+0.09%,0
"2023-06-30 12:47",11.27,11.3,11.27,11.29,0,0.00%,0
"2023-06-30 12:48",11.27,11.29,11.27,11.28,-0.01,-0.09%,0
"2023-06-30 12:49",11.29,11.36,11.29,11.36,0.08,+0.71%,0
"2023-06-30 12:50",11.36,11.41,11.36,11.39,0.03,+0.26%,0
"2023-06-30 12:51",11.4,11.43,11.4,11.42,0.03,+0.26%,0
"2023-06-30 12:52",11.43,11.44,11.43,11.43,0.01,+0.09%,0
"2023-06-30 12:53",11.44,11.46,11.43,11.43,0,0.00%,0
"2023-06-30 12:54",11.44,11.44,11.42,11.42,-0.01,-0.09%,0
"2023-06-30 12:55",11.42,11.47,11.42,11.47,0.05,+0.44%,0
"2023-06-30 12:56",11.47,11.51,11.47,11.51,0.04,+0.35%,0
"2023-06-30 12:57",11.55,11.55,11.52,11.52,0.01,+0.09%,0
"2023-06-30 12:58",11.47,11.5,11.47,11.5,-0.02,-0.17%,0
"2023-06-30 12:59",11.5,11.51,11.48,11.48,-0.02,-0.17%,0
"2023-06-30 13:00",11.49,11.5,11.48,11.5,0.02,+0.17%,0
"2023-06-30 13:01",11.49,11.53,11.49,11.53,0.03,+0.26%,0
"2023-06-30 13:02",11.52,11.54,11.52,11.52,-0.01,-0.09%,0
"2023-06-30 13:03",11.51,11.55,11.51,11.55,0.03,+0.26%,0
"2023-06-30 13:04",11.53,11.54,11.49,11.49,-0.06,-0.52%,0
"2023-06-30 13:05",11.48,11.53,11.48,11.53,0.04,+0.35%,0
"2023-06-30 13:06",11.54,11.58,11.54,11.57,0.04,+0.35%,0
"2023-06-30 13:07",11.58,11.6,11.58,11.58,0.01,+0.09%,0
"2023-06-30 13:08",11.59,11.62,11.59,11.62,0.04,+0.35%,0
"2023-06-30 13:09",11.63,11.65,11.63,11.64,0.02,+0.17%,0
"2023-06-30 13:10",11.65,11.66,11.65,11.66,0.02,+0.17%,0
"2023-06-30 13:11",11.66,11.67,11.66,11.67,0.01,+0.09%,0
"2023-06-30 13:12",11.66,11.69,11.66,11.69,0.02,+0.17%,0
"2023-06-30 13:13",11.69,11.71,11.69,11.71,0.02,+0.17%,0
"2023-06-30 13:14",11.69,11.72,11.69,11.71,0,0.00%,0
"2023-06-30 13:15",11.71,11.72,11.71,11.71,0,0.00%,0
"2023-06-30 13:16",11.71,11.74,11.71,11.74,0.03,+0.26%,0
"2023-06-30 13:17",11.75,11.76,11.74,11.74,0,0.00%,0
"2023-06-30 13:18",11.76,11.79,11.76,11.77,0.03,+0.26%,0
"2023-06-30 13:19",11.76,11.77,11.76,11.77,0,0.00%,0
"2023-06-30 13:20",11.76,11.78,11.76,11.76,-0.01,-0.08%,0
"2023-06-30 13:21",11.77,11.79,11.77,11.78,0.02,+0.17%,0
"2023-06-30 13:22",11.77,11.77,11.76,11.76,-0.02,-0.17%,0
"2023-06-30 13:23",11.76,11.8,11.76,11.8,0.04,+0.34%,0
"2023-06-30 13:24",11.79,11.79,11.77,11.77,-0.03,-0.25%,0
"2023-06-30 13:25",11.78,11.81,11.78,11.8,0.03,+0.25%,0
"2023-06-30 13:26",11.8,11.8,11.79,11.79,-0.01,-0.08%,0
"2023-06-30 13:27",11.79,11.83,11.79,11.83,0.04,+0.34%,0
"2023-06-30 13:28",11.81,11.84,11.81,11.83,0,0.00%,0
"2023-06-30 13:29",11.83,11.86,11.83,11.86,0.03,+0.25%,0
"2023-06-30 13:30",11.85,11.89,11.85,11.89,0.03,+0.25%,0
"2023-06-30 13:31",11.89,11.9,11.89,11.89,0,0.00%,0
"2023-06-30 13:32",11.9,11.94,11.9,11.94,0.05,+0.42%,0
"2023-06-30 13:33",11.94,11.96,11.94,11.95,0.01,+0.08%,0
"2023-06-30 13:34",11.94,12.03,11.94,12.01,0.06,+0.50%,0
"2023-06-30 13:35",12.03,12.05,12.01,12.01,0,0.00%,0
"2023-06-30 13:36",11.99,12.02,11.99,12.02,0.01,+0.08%,0
"2023-06-30 13:37",12.02,12.04,12.02,12.04,0.02,+0.17%,0
"2023-06-30 13:38",12.05,12.08,12.05,12.08,0.04,+0.33%,0
"2023-06-30 13:39",12.07,12.07,12.01,12.01,-0.07,-0.58%,0
"2023-06-30 13:40",12.01,12.02,12,12,-0.01,-0.08%,0
"2023-06-30 13:41",11.99,12,11.99,12,0,0.00%,0
"2023-06-30 13:42",11.98,12.13,11.98,12.13,0.13,+1.08%,0
"2023-06-30 13:43",12.14,12.14,12.12,12.12,-0.01,-0.08%,0
"2023-06-30 13:44",12.13,12.15,12.13,12.15,0.03,+0.25%,0
"2023-06-30 13:45",12.15,12.15,12.13,12.13,-0.02,-0.16%,0
"2023-06-30 13:46",12.13,12.17,12.13,12.17,0.04,+0.33%,0
"2023-06-30 13:47",12.17,12.19,12.17,12.19,0.02,+0.16%,0
"2023-06-30 13:48",12.19,12.21,12.19,12.19,0,0.00%,0
"2023-06-30 13:49",12.21,12.22,12.2,12.2,0.01,+0.08%,0
"2023-06-30 13:50",12.2,12.21,12.2,12.21,0.01,+0.08%,0
"2023-06-30 13:51",12.18,12.21,12.18,12.21,0,0.00%,0
"2023-06-30 13:52",12.2,12.22,12.2,12.2,-0.01,-0.08%,0
"2023-06-30 13:53",12.23,12.25,12.23,12.25,0.05,+0.41%,0
"2023-06-30 13:54",12.24,12.28,12.24,12.28,0.03,+0.24%,0
"2023-06-30 13:55",12.27,12.29,12.27,12.28,0,0.00%,0
"2023-06-30 13:56",12.27,12.29,12.26,12.26,-0.02,-0.16%,0
"2023-06-30 13:57",12.32,12.34,12.32,12.34,0.08,+0.65%,0
"2023-06-30 13:58",12.35,12.39,12.35,12.38,0.04,+0.32%,0
"2023-06-30 13:59",12.32,12.37,12.32,12.37,-0.01,-0.08%,0
"2023-06-30 14:00",12.41,12.45,12.41,12.45,0.08,+0.65%,0
"2023-06-30 14:01",12.41,12.44,12.41,12.44,-0.01,-0.08%,0
"2023-06-30 14:02",12.44,12.46,12.44,12.45,0.01,+0.08%,0
"2023-06-30 14:03",12.46,12.49,12.45,12.45,0,0.00%,0
"2023-06-30 14:04",12.46,12.46,12.46,12.46,0.01,+0.08%,0
"2023-06-30 14:05",12.45,12.48,12.45,12.48,0.02,+0.16%,0
"2023-06-30 14:06",12.48,12.5,12.48,12.48,0,0.00%,0
"2023-06-30 14:07",12.47,12.55,12.47,12.55,0.07,+0.56%,0
"2023-06-30 14:08",12.51,12.56,12.51,12.56,0.01,+0.08%,0
"2023-06-30 14:09",12.56,12.57,12.56,12.57,0.01,+0.08%,0
"2023-06-30 14:10",12.57,12.6,12.57,12.6,0.03,+0.24%,0
"2023-06-30 14:11",12.6,12.61,12.59,12.59,-0.01,-0.08%,0
"2023-06-30 14:12",12.58,12.64,12.58,12.64,0.05,+0.40%,0
"2023-06-30 14:13",12.62,12.66,12.62,12.66,0.02,+0.16%,0
"2023-06-30 14:14",12.67,12.69,12.67,12.69,0.03,+0.24%,0
"2023-06-30 14:15",12.69,12.73,12.69,12.73,0.04,+0.32%,0
"2023-06-30 14:16",12.7,12.73,12.7,12.72,-0.01,-0.08%,0
"2023-06-30 14:17",12.73,12.78,12.73,12.78,0.06,+0.47%,0
"2023-06-30 14:18",12.79,12.8,12.78,12.78,0,0.00%,0
"2023-06-30 14:19",12.79,12.81,12.79,12.8,0.02,+0.16%,0
"2023-06-30 14:20",12.81,12.86,12.81,12.86,0.06,+0.47%,0
"2023-06-30 14:21",12.83,12.86,12.83,12.86,0,0.00%,0
"2023-06-30 14:22",12.86,12.91,12.86,12.91,0.05,+0.39%,0
"2023-06-30 14:23",12.89,12.91,12.89,12.9,-0.01,-0.08%,0
"2023-06-30 14:24",12.9,12.93,12.9,12.93,0.03,+0.23%,0
"2023-06-30 14:25",12.93,12.94,12.93,12.93,0,0.00%,0
"2023-06-30 14:26",12.92,12.94,12.9,12.9,-0.03,-0.23%,0
"2023-06-30 14:27",12.91,12.94,12.91,12.94,0.04,+0.31%,0
"2023-06-30 14:28",12.94,12.98,12.94,12.98,0.04,+0.31%,0
"2023-06-30 14:29",13.04,13.04,12.99,12.99,0.01,+0.08%,0
"2023-06-30 14:30",13.01,13.03,12.99,12.99,0,0.00%,0
"2023-06-30 14:31",13,13.01,12.98,12.98,-0.01,-0.08%,0
"2023-06-30 14:32",12.97,13.03,12.97,13.02,0.04,+0.31%,0
"2023-06-30 14:33",13.01,13.04,13.01,13.04,0.02,+0.15%,0
"2023-06-30 14:34",13.04,13.06,13.04,13.05,0.01,+0.08%,0
"2023-06-30 14:35",13.05,13.09,13.05,13.09,0.04,+0.31%,0
"2023-06-30 14:36",13.09,13.12,13.09,13.11,0.02,+0.15%,0
"2023-06-30 14:37",13.11,13.14,13.11,13.14,0.03,+0.23%,0
"2023-06-30 14:38",13.14,13.17,13.14,13.14,0,0.00%,0
"2023-06-30 14:39",13.13,13.18,13.13,13.16,0.02,+0.15%,0
"2023-06-30 14:40",13.17,13.2,13.17,13.19,0.03,+0.23%,0
"2023-06-30 14:41",13.18,13.18,13.17,13.17,-0.02,-0.15%,0
"2023-06-30 14:42",13.17,13.21,13.17,13.21,0.04,+0.30%,0
"2023-06-30 14:43",13.23,13.26,13.23,13.26,0.05,+0.38%,0
"2023-06-30 14:44",13.25,13.27,13.24,13.24,-0.02,-0.15%,0
"2023-06-30 14:45",13.23,13.26,13.23,13.23,-0.01,-0.08%,0
"2023-06-30 14:46",13.23,13.26,13.23,13.26,0.03,+0.23%,0
"2023-06-30 14:47",13.25,13.26,13.22,13.22,-0.04,-0.30%,0
"2023-06-30 14:48",13.28,13.29,13.27,13.27,0.05,+0.38%,0
"2023-06-30 14:49",13.26,13.28,13.24,13.24,-0.03,-0.23%,0
"2023-06-30 14:50",13.23,13.31,13.23,13.31,0.07,+0.53%,0
"2023-06-30 14:51",13.34,13.36,13.33,13.36,0.05,+0.38%,0
"2023-06-30 14:52",13.37,13.4,13.37,13.4,0.04,+0.30%,0
"2023-06-30 14:53",13.41,13.44,13.41,13.44,0.04,+0.30%,0
"2023-06-30 14:54",13.49,13.51,13.49,13.5,0.06,+0.45%,0
"2023-06-30 14:55",13.5,13.55,13.5,13.55,0.05,+0.37%,0
"2023-06-30 14:56",13.57,13.63,13.57,13.62,0.07,+0.52%,0
"2023-06-30 14:57",13.65,13.68,13.65,13.68,0.06,+0.44%,0
"2023-06-30 14:58",13.66,13.66,13.63,13.63,-0.05,-0.37%,0
"2023-06-30 14:59",13.63,13.63,13.54,13.54,-0.09,-0.66%,0
"2023-06-30 15:00",13.54,13.54,13.45,13.45,-0.09,-0.66%,0
"2023-06-30 15:01",13.45,13.5,13.45,13.5,0.05,+0.37%,0
"2023-06-30 15:02",13.5,13.52,13.5,13.5,0,0.00%,0
"2023-06-30 15:03",13.51,13.51,13.5,13.51,0.01,+0.07%,0
"2023-06-30 15:04",13.54,13.57,13.52,13.52,0.01,+0.07%,0
"2023-06-30 15:05",13.57,13.58,13.57,13.57,0.05,+0.37%,0
"2023-06-30 15:06",13.55,13.62,13.55,13.56,-0.01,-0.07%,0
"2023-06-30 15:07",13.58,13.61,13.58,13.6,0.04,+0.29%,0
"2023-06-30 15:08",13.58,13.68,13.58,13.68,0.08,+0.59%,0
"2023-06-30 15:09",13.66,13.68,13.64,13.64,-0.04,-0.29%,0
"2023-06-30 15:10",13.64,13.67,13.64,13.66,0.02,+0.15%,0
"2023-06-30 15:11",13.66,13.69,13.66,13.69,0.03,+0.22%,0
"2023-06-30 15:12",13.67,13.67,13.58,13.58,-0.11,-0.80%,0
"2023-06-30 15:13",13.57,13.6,13.55,13.55,-0.03,-0.22%,0
"2023-06-30 15:14",13.57,13.58,13.57,13.57,0.02,+0.15%,0
"2023-06-30 15:15",13.56,13.66,13.56,13.64,0.07,+0.52%,0
"2023-06-30 15:16",13.64,13.67,13.64,13.65,0.01,+0.07%,0
"2023-06-30 15:17",13.65,13.65,13.54,13.54,-0.11,-0.81%,0
"2023-06-30 15:18",13.53,13.57,13.53,13.55,0.01,+0.07%,0
"2023-06-30 15:19",13.56,13.72,13.56,13.72,0.17,+1.25%,0
"2023-06-30 15:20",13.7,13.74,13.7,13.73,0.01,+0.07%,0
"2023-06-30 15:21",13.74,13.81,13.69,13.81,0.08,+0.58%,0
"2023-06-30 15:22",13.74,13.8,13.74,13.79,-0.02,-0.14%,0
"2023-06-30 15:23",13.78,13.8,13.78,13.8,0.01,+0.07%,0
"2023-06-30 15:24",13.83,13.87,13.83,13.87,0.07,+0.51%,0
"2023-06-30 15:25",13.87,13.93,13.87,13.92,0.05,+0.36%,0
"2023-06-30 15:26",13.89,13.92,13.89,13.9,-0.02,-0.14%,0
"2023-06-30 15:27",13.9,13.93,13.87,13.87,-0.03,-0.22%,0
"2023-06-30 15:28",13.87,13.88,13.76,13.88,0.01,+0.07%,0
"2023-06-30 15:29",13.87,13.9,13.82,13.82,-0.06,-0.43%,0
"2023-06-30 15:30",13.91,13.91,13.86,13.86,0.04,+0.29%,0
"2023-06-30 15:31",13.83,13.89,13.83,13.83,-0.03,-0.22%,0
"2023-06-30 15:32",13.83,13.86,13.79,13.79,-0.04,-0.29%,0
"2023-06-30 15:33",13.82,13.85,13.82,13.84,0.05,+0.36%,0
"2023-06-30 15:34",13.85,14.06,13.85,13.9,0.06,+0.43%,0
"2023-06-30 15:35",13.89,13.97,13.89,13.97,0.07,+0.50%,0
"2023-06-30 15:36",13.92,13.93,13.92,13.93,-0.04,-0.29%,0
"2023-06-30 15:37",13.93,13.93,13.9,13.91,-0.02,-0.14%,0
"2023-06-30 15:38",13.89,13.95,13.89,13.93,0.02,+0.14%,0
"2023-06-30 15:39",14.03,14.1,14.03,14.1,0.17,+1.22%,0
"2023-06-30 15:40",14.09,14.11,14.07,14.07,-0.03,-0.21%,0
"2023-06-30 15:41",14.08,14.12,14.08,14.08,0.01,+0.07%,0
"2023-06-30 15:42",14.1,14.11,14.1,14.11,0.03,+0.21%,0
"2023-06-30 15:43",14.1,14.16,14.1,14.15,0.04,+0.28%,0
"2023-06-30 15:44",14.15,14.17,14.08,14.08,-0.07,-0.49%,0
"2023-06-30 15:45",13.85,14.15,13.85,14.14,0.06,+0.43%,0
"2023-06-30 15:46",14.13,14.2,14.13,14.19,0.05,+0.35%,0
"2023-06-30 15:47",14.2,14.27,14.2,14.27,0.08,+0.56%,0
"2023-06-30 15:48",14.28,14.34,14.28,14.33,0.06,+0.42%,0
"2023-06-30 15:49",14.32,14.34,14.19,14.19,-0.14,-0.98%,0
"2023-06-30 15:50",13.92,14.19,13.92,14.1,-0.09,-0.63%,0
"2023-06-30 15:51",14.05,14.11,14.05,14.06,-0.04,-0.28%,0
"2023-06-30 15:52",14.04,14.1,14.04,14.08,0.02,+0.14%,0
"2023-06-30 15:53",14.09,14.16,14.09,14.15,0.07,+0.50%,0
"2023-06-30 15:54",14.16,14.16,14.03,14.03,-0.12,-0.85%,0
"2023-06-30 15:55",14.05,14.07,13.91,13.91,-0.12,-0.86%,0
"2023-06-30 15:56",13.99,14.06,13.99,14.04,0.13,+0.93%,0
"2023-06-30 15:57",13.99,14.15,13.99,14.15,0.11,+0.78%,0
"2023-06-30 15:58",14.12,14.16,14.12,14.16,0.01,+0.07%,0
"2023-06-30 15:59",14.16,14.16,14.06,14.06,-0.1,-0.71%,0
"2023-06-30 16:00",14.04,14.04,13.95,14,-0.06,-0.43%,0
"2023-06-30 16:01",13.98,14.07,13.98,14.04,0.04,+0.29%,0
"2023-06-30 16:02",14.03,14.03,13.96,13.96,-0.08,-0.57%,0
"2023-06-30 16:03",13.95,13.95,13.79,13.88,-0.08,-0.57%,0
"2023-06-30 16:04",13.87,14.2,13.87,14.11,0.23,+1.66%,0
"2023-06-30 16:05",14.12,14.21,14.12,14.15,0.04,+0.28%,0
"2023-06-30 16:06",14.13,14.14,14.07,14.07,-0.08,-0.57%,0
"2023-06-30 16:07",14.07,14.07,13.97,13.98,-0.09,-0.64%,0
"2023-06-30 16:08",14,14.03,13.98,14.03,0.05,+0.36%,0
"2023-06-30 16:09",14.03,14.06,13.93,13.93,-0.1,-0.71%,0
"2023-06-30 16:10",13.94,13.99,13.91,13.99,0.06,+0.43%,0
"2023-06-30 16:11",14.06,14.26,14.03,14.26,0.27,+1.93%,0
"2023-06-30 16:12",14.29,14.38,14.26,14.26,0,0.00%,0
"2023-06-30 16:13",14.4,14.7,14.4,14.7,0.44,+3.09%,0
"2023-06-30 16:14",14.8,15.11,14.8,15.11,0.41,+2.79%,0
"2023-06-30 16:15",15.3,15.3,15.3,15.3,0.19,+1.26%,0
"Downloaded from Barchart.com as of 09-03-2026 08:59am CDT"
