Time,Open,High,Low,Latest,Change,%Change,Volume
"2026-08-03 09:30",7504.78,7525.09,7504.78,7518.66,28.94,+0.39%,0
"2026-08-03 09:31",7518.25,7524.01,7517.94,7524.01,5.35,+0.07%,0
"2026-08-03 09:32",7523.83,7528.01,7519.44,7525.19,1.18,+0.02%,0
"2026-08-03 09:33",7525.46,7532.56,7523.43,7531.12,5.93,+0.08%,0
"2026-08-03 09:34",7530.53,7537.37,7529.55,7531.59,0.47,+0.01%,0
"2026-08-03 09:35",7531.71,7539.19,7531.31,7536.34,4.75,+0.06%,0
"2026-08-03 09:36",7536.65,7541.07,7536.65,7541.07,4.73,+0.06%,0
"2026-08-03 09:37",7541.82,7544.06,7539,7539,-2.07,-0.03%,0
"2026-08-03 09:38",7539.82,7541.12,7537.5,7540.22,1.22,+0.02%,0
"2026-08-03 09:39",7540.31,7543.39,7539.36,7543.39,3.17,+0.04%,0
"2026-08-03 09:40",7542.23,7543.54,7535.66,7539.62,-3.77,-0.05%,0
"2026-08-03 09:41",7539.61,7542.12,7537.11,7539.56,-0.06,0.00%,0
"2026-08-03 09:42",7539.36,7540.47,7534.42,7535.51,-4.05,-0.05%,0
"2026-08-03 09:43",7535.64,7536.75,7533.82,7536,0.49,+0.01%,0
"2026-08-03 09:44",7536.33,7540.51,7535.55,7540.39,4.39,+0.06%,0
"2026-08-03 09:45",7539.89,7544,7539.63,7540.86,0.47,+0.01%,0
"2026-08-03 09:46",7540.23,7542.03,7537.08,7537.08,-3.78,-0.05%,0
"2026-08-03 09:47",7537.23,7544.28,7537.23,7543.61,6.53,+0.09%,0
"2026-08-03 09:48",7544.41,7547.84,7542.48,7542.5,-1.11,-0.01%,0
"2026-08-03 09:49",7542.53,7545.6,7541.59,7542.4,-0.1,0.00%,0
"2026-08-03 09:50",7542.59,7544.56,7540.11,7542.43,0.03,0.00%,0
"2026-08-03 09:51",7541.99,7548.18,7541.99,7548.16,5.73,+0.08%,0
"2026-08-03 09:52",7548.51,7549.94,7546.78,7549.49,1.33,+0.02%,0
"2026-08-03 09:53",7549.64,7553.86,7549.64,7553.86,4.37,+0.06%,0
"2026-08-03 09:54",7553.87,7554.01,7550.78,7551.92,-1.94,-0.03%,0
"2026-08-03 09:55",7552.61,7555.84,7551.3,7554.85,2.93,+0.04%,0
"2026-08-03 09:56",7555.2,7556.11,7553.84,7554.44,-0.41,-0.01%,0
"2026-08-03 09:57",7554.73,7558.2,7553.68,7557.71,3.27,+0.04%,0
"2026-08-03 09:58",7557.86,7559.79,7555.51,7559.08,1.37,+0.02%,0
"2026-08-03 09:59",7559.17,7561.14,7557.49,7561.14,2.06,+0.03%,0
"2026-08-03 10:00",7560.97,7560.97,7556.63,7558.75,-2.39,-0.03%,0
"2026-08-03 10:01",7558.9,7559.26,7557.27,7558.01,-0.74,-0.01%,0
"2026-08-03 10:02",7557.93,7561.82,7557.93,7561.56,3.55,+0.05%,0
"2026-08-03 10:03",7561.65,7563.44,7560.06,7560.44,-1.12,-0.01%,0
"2026-08-03 10:04",7560.38,7560.38,7555.17,7558.55,-1.89,-0.02%,0
"2026-08-03 10:05",7558.54,7559.57,7557.44,7559.49,0.94,+0.01%,0
"2026-08-03 10:06",7559.83,7561.49,7559.31,7559.31,-0.18,0.00%,0
"2026-08-03 10:07",7559.52,7560.27,7557.13,7557.13,-2.18,-0.03%,0
"2026-08-03 10:08",7556.97,7561.01,7555.75,7560.04,2.91,+0.04%,0
"2026-08-03 10:09",7559.64,7561.5,7559.35,7560.8,0.76,+0.01%,0
"2026-08-03 10:10",7560.81,7564.01,7560.29,7563.09,2.29,+0.03%,0
"2026-08-03 10:11",7563.15,7564.71,7561.67,7563.83,0.74,+0.01%,0
"2026-08-03 10:12",7563.99,7565.39,7562.65,7563.49,-0.34,0.00%,0
"2026-08-03 10:13",7563.21,7564.16,7561.66,7561.66,-1.83,-0.02%,0
"2026-08-03 10:14",7561.87,7563.66,7560.22,7563.66,2,+0.03%,0
"2026-08-03 10:15",7563.58,7565.24,7563.07,7564.71,1.05,+0.01%,0
"2026-08-03 10:16",7564.98,7568.26,7564.98,7567.56,2.85,+0.04%,0
"2026-08-03 10:17",7567.44,7568.96,7566.94,7568.66,1.1,+0.01%,0
"2026-08-03 10:18",7568.72,7569.95,7568.27,7569.3,0.64,+0.01%,0
"2026-08-03 10:19",7569.39,7569.39,7566.56,7566.56,-2.74,-0.04%,0
"2026-08-03 10:20",7566.55,7568.66,7565.96,7568.18,1.62,+0.02%,0
"2026-08-03 10:21",7568.11,7569.81,7567.71,7569.77,1.59,+0.02%,0
"2026-08-03 10:22",7569.57,7570.5,7568.34,7568.91,-0.86,-0.01%,0
"2026-08-03 10:23",7569.02,7571.35,7569.02,7571.14,2.23,+0.03%,0
"2026-08-03 10:24",7571.01,7572.32,7570.55,7570.71,-0.43,-0.01%,0
"2026-08-03 10:25",7570.64,7572.45,7570.12,7571.01,0.3,0.00%,0
"2026-08-03 10:26",7570.81,7570.95,7569.26,7570.64,-0.37,0.00%,0
"2026-08-03 10:27",7570.84,7571.13,7567.84,7570.15,-0.49,-0.01%,0
"2026-08-03 10:28",7569.88,7570.95,7568.83,7569.14,-1.01,-0.01%,0
"2026-08-03 10:29",7569.45,7570.69,7569.21,7569.76,0.62,+0.01%,0
"2026-08-03 10:30",7569.98,7570.41,7568.6,7569.86,0.1,0.00%,0
"2026-08-03 10:31",7569.48,7571.03,7569,7569.69,-0.17,0.00%,0
"2026-08-03 10:32",7569.33,7570.38,7568.64,7568.64,-1.05,-0.01%,0
"2026-08-03 10:33",7569.04,7570.37,7568.39,7568.93,0.29,0.00%,0
"2026-08-03 10:34",7569.06,7570.1,7568.08,7569.64,0.71,+0.01%,0
"2026-08-03 10:35",7570.15,7570.93,7569.52,7570.11,0.47,+0.01%,0
"2026-08-03 10:36",7570.31,7572.44,7569.67,7571.94,1.83,+0.02%,0
"2026-08-03 10:37",7572.11,7573.18,7571.66,7571.9,-0.04,0.00%,0
"2026-08-03 10:38",7572,7572.61,7571.62,7572,0.1,0.00%,0
"2026-08-03 10:39",7572.17,7574.29,7572.11,7573.01,1.01,+0.01%,0
"2026-08-03 10:40",7572.73,7574.92,7572.37,7574.58,1.57,+0.02%,0
"2026-08-03 10:41",7574.69,7576.46,7573.99,7574.2,-0.38,-0.01%,0
"2026-08-03 10:42",7574.21,7574.86,7573.07,7574.63,0.43,+0.01%,0
"2026-08-03 10:43",7574.53,7574.78,7572.77,7574.08,-0.55,-0.01%,0
"2026-08-03 10:44",7574.25,7574.71,7573.16,7573.16,-0.92,-0.01%,0
"2026-08-03 10:45",7573.06,7574.07,7571.72,7571.92,-1.24,-0.02%,0
"2026-08-03 10:46",7572.01,7574.35,7572.01,7573.46,1.54,+0.02%,0
"2026-08-03 10:47",7573.5,7574.11,7572.43,7573.06,-0.4,-0.01%,0
"2026-08-03 10:48",7573.11,7574.85,7572.42,7572.73,-0.33,0.00%,0
"2026-08-03 10:49",7572.91,7573.97,7572.59,7573.11,0.38,+0.01%,0
"2026-08-03 10:50",7572.9,7574.4,7572.25,7573.79,0.68,+0.01%,0
"2026-08-03 10:51",7574.01,7575.65,7573.94,7575.25,1.46,+0.02%,0
"2026-08-03 10:52",7575.2,7575.63,7573.84,7574.39,-0.86,-0.01%,0
"2026-08-03 10:53",7574.28,7575.09,7574.09,7574.62,0.23,0.00%,0
"2026-08-03 10:54",7575.27,7575.27,7573.4,7573.57,-1.05,-0.01%,0
"2026-08-03 10:55",7573.6,7576.18,7573.6,7575.22,1.65,+0.02%,0
"2026-08-03 10:56",7575,7578.44,7575,7577.39,2.17,+0.03%,0
"2026-08-03 10:57",7577.6,7577.74,7576.51,7577.2,-0.19,0.00%,0
"2026-08-03 10:58",7577.01,7577.82,7576.2,7577.82,0.62,+0.01%,0
"2026-08-03 10:59",7577.82,7578.79,7576.83,7578.7,0.88,+0.01%,0
"2026-08-03 11:00",7578.51,7578.62,7577.49,7577.91,-0.79,-0.01%,0
"2026-08-03 11:01",7577.8,7579.01,7577.08,7577.97,0.06,0.00%,0
"2026-08-03 11:02",7577.97,7578.36,7576.92,7577.72,-0.25,0.00%,0
"2026-08-03 11:03",7577.7,7578.08,7576.24,7577.16,-0.56,-0.01%,0
"2026-08-03 11:04",7576.8,7577.56,7575.81,7577.34,0.18,0.00%,0
"2026-08-03 11:05",7577.34,7577.57,7575.43,7575.47,-1.87,-0.02%,0
"2026-08-03 11:06",7575.25,7575.25,7572.54,7574.3,-1.17,-0.02%,0
"2026-08-03 11:07",7574.59,7577.09,7573.56,7575.78,1.48,+0.02%,0
"2026-08-03 11:08",7575.78,7575.96,7573.79,7574.43,-1.35,-0.02%,0
"2026-08-03 11:09",7574.61,7574.61,7572.96,7573.99,-0.44,-0.01%,0
"2026-08-03 11:10",7573.96,7574.18,7572.42,7574.01,0.02,0.00%,0
"2026-08-03 11:11",7574.16,7574.82,7572.85,7574.82,0.81,+0.01%,0
"2026-08-03 11:12",7574.65,7575.48,7572.81,7575.48,0.66,+0.01%,0
"2026-08-03 11:13",7575.93,7576.51,7574.72,7575.02,-0.46,-0.01%,0
"2026-08-03 11:14",7575.31,7575.55,7573.47,7574.5,-0.52,-0.01%,0
"2026-08-03 11:15",7574.65,7577.9,7574.65,7577.36,2.86,+0.04%,0
"2026-08-03 11:16",7577.3,7578,7576.81,7577.22,-0.14,0.00%,0
"2026-08-03 11:17",7577.11,7577.2,7575.54,7576.81,-0.41,-0.01%,0
"2026-08-03 11:18",7576.76,7577.78,7576.51,7577.48,0.67,+0.01%,0
"2026-08-03 11:19",7577.56,7578.67,7577.49,7578.25,0.77,+0.01%,0
"2026-08-03 11:20",7578.36,7580.12,7578.36,7579.99,1.74,+0.02%,0
"2026-08-03 11:21",7580.28,7580.32,7578.37,7579.23,-0.76,-0.01%,0
"2026-08-03 11:22",7579.09,7580.76,7578.1,7580.76,1.53,+0.02%,0
"2026-08-03 11:23",7580.95,7581,7580.11,7581,0.24,0.00%,0
"2026-08-03 11:24",7581.05,7581.74,7580.06,7580.6,-0.4,-0.01%,0
"2026-08-03 11:25",7580.49,7581.65,7577.15,7578.36,-2.24,-0.03%,0
"2026-08-03 11:26",7577.96,7579.57,7576.95,7577.86,-0.5,-0.01%,0
"2026-08-03 11:27",7577.92,7579.19,7577.92,7578.47,0.61,+0.01%,0
"2026-08-03 11:28",7578.54,7578.95,7574.53,7575.37,-3.1,-0.04%,0
"2026-08-03 11:29",7575.6,7576.65,7574.54,7575.39,0.02,0.00%,0
"2026-08-03 11:30",7575.11,7578.51,7575.06,7577.19,1.8,+0.02%,0
"2026-08-03 11:31",7577.08,7578.59,7577.02,7577.03,-0.16,0.00%,0
"2026-08-03 11:32",7577.24,7578.32,7576.74,7577.48,0.45,+0.01%,0
"2026-08-03 11:33",7577.56,7578.72,7576.52,7578.72,1.24,+0.02%,0
"2026-08-03 11:34",7578.82,7579.62,7577.36,7577.89,-0.83,-0.01%,0
"2026-08-03 11:35",7577.69,7578.64,7576.79,7578.62,0.73,+0.01%,0
"2026-08-03 11:36",7578.86,7579.02,7577.85,7578.39,-0.23,0.00%,0
"2026-08-03 11:37",7578.2,7579.16,7577.86,7578.48,0.09,0.00%,0
"2026-08-03 11:38",7578.38,7580.16,7577.64,7579.83,1.35,+0.02%,0
"2026-08-03 11:39",7579.71,7581.23,7579.24,7580.18,0.35,0.00%,0
"2026-08-03 11:40",7580.35,7582.12,7580.17,7581.48,1.3,+0.02%,0
"2026-08-03 11:41",7581.46,7582.8,7581.46,7582.34,0.86,+0.01%,0
"2026-08-03 11:42",7582.44,7582.49,7581.66,7581.71,-0.63,-0.01%,0
"2026-08-03 11:43",7581.64,7581.99,7580.87,7581.16,-0.55,-0.01%,0
"2026-08-03 11:44",7581.15,7581.58,7580.73,7581.22,0.06,0.00%,0
"2026-08-03 11:45",7581.06,7583.22,7581.06,7583.08,1.86,+0.02%,0
"2026-08-03 11:46",7583.09,7584.89,7583.09,7584.11,1.03,+0.01%,0
"2026-08-03 11:47",7584.18,7584.49,7583.47,7584.37,0.26,0.00%,0
"2026-08-03 11:48",7584.47,7584.58,7583.39,7583.76,-0.61,-0.01%,0
"2026-08-03 11:49",7583.38,7585.37,7583.32,7584.7,0.94,+0.01%,0
"2026-08-03 11:50",7584.85,7585.8,7584.8,7585.13,0.43,+0.01%,0
"2026-08-03 11:51",7585.08,7585.5,7583.91,7585.29,0.16,0.00%,0
"2026-08-03 11:52",7585.38,7586.1,7584.57,7584.99,-0.3,0.00%,0
"2026-08-03 11:53",7585.18,7586.6,7584.84,7586.4,1.41,+0.02%,0
"2026-08-03 11:54",7586.53,7586.71,7586.18,7586.68,0.28,0.00%,0
"2026-08-03 11:55",7586.64,7586.64,7584.41,7585.08,-1.6,-0.02%,0
"2026-08-03 11:56",7585.16,7585.97,7584.21,7584.21,-0.87,-0.01%,0
"2026-08-03 11:57",7584.13,7584.54,7582.91,7583.44,-0.77,-0.01%,0
"2026-08-03 11:58",7583.63,7584.29,7582.97,7583.95,0.51,+0.01%,0
"2026-08-03 11:59",7583.86,7584.92,7583.18,7584.4,0.45,+0.01%,0
"2026-08-03 12:00",7584.34,7585.97,7584.34,7584.64,0.24,0.00%,0
"2026-08-03 12:01",7584.89,7585.86,7583.89,7585.38,0.74,+0.01%,0
"2026-08-03 12:02",7585.35,7585.89,7584.7,7585.39,0.01,0.00%,0
"2026-08-03 12:03",7585.41,7585.41,7584.34,7585.24,-0.15,0.00%,0
"2026-08-03 12:04",7585.28,7585.89,7584.55,7584.7,-0.54,-0.01%,0
"2026-08-03 12:05",7584.65,7585.41,7584.34,7585.41,0.71,+0.01%,0
"2026-08-03 12:06",7585.22,7585.22,7583.81,7584.24,-1.17,-0.02%,0
"2026-08-03 12:07",7584.21,7585.11,7584.06,7584.48,0.24,0.00%,0
"2026-08-03 12:08",7584.35,7585.67,7583.26,7583.37,-1.11,-0.01%,0
"2026-08-03 12:09",7583.2,7584.98,7582.92,7584.73,1.36,+0.02%,0
"2026-08-03 12:10",7584.69,7585.01,7583.38,7583.38,-1.35,-0.02%,0
"2026-08-03 12:11",7583.34,7583.72,7582.57,7582.91,-0.47,-0.01%,0
"2026-08-03 12:12",7582.9,7583.89,7582.69,7583.84,0.93,+0.01%,0
"2026-08-03 12:13",7584.01,7584.01,7582.47,7583.42,-0.42,-0.01%,0
"2026-08-03 12:14",7583.44,7585.27,7582.76,7584.44,1.02,+0.01%,0
"2026-08-03 12:15",7584.42,7585.41,7584.14,7585.01,0.57,+0.01%,0
"2026-08-03 12:16",7585.18,7586.99,7585.18,7586.56,1.55,+0.02%,0
"2026-08-03 12:17",7586.44,7587.23,7586.19,7586.94,0.38,+0.01%,0
"2026-08-03 12:18",7587,7587.32,7586.51,7586.8,-0.14,0.00%,0
"2026-08-03 12:19",7586.76,7587.53,7586.75,7587.31,0.51,+0.01%,0
"2026-08-03 12:20",7587.31,7587.36,7585.67,7585.69,-1.62,-0.02%,0
"2026-08-03 12:21",7585.68,7586.66,7585.62,7586.37,0.68,+0.01%,0
"2026-08-03 12:22",7586.25,7587.28,7586.24,7587.28,0.91,+0.01%,0
"2026-08-03 12:23",7587.28,7587.71,7586.38,7586.58,-0.7,-0.01%,0
"2026-08-03 12:24",7586.45,7587.1,7586.41,7587.1,0.52,+0.01%,0
"2026-08-03 12:25",7587.11,7587.93,7587.08,7587.66,0.56,+0.01%,0
"2026-08-03 12:26",7587.65,7588,7586.84,7587.08,-0.58,-0.01%,0
"2026-08-03 12:27",7587.04,7588.97,7586.94,7588.75,1.67,+0.02%,0
"2026-08-03 12:28",7588.71,7589.54,7588.66,7589.34,0.59,+0.01%,0
"2026-08-03 12:29",7589.18,7590.37,7588.8,7590.32,0.98,+0.01%,0
"2026-08-03 12:30",7590.43,7590.44,7589.34,7589.5,-0.82,-0.01%,0
"2026-08-03 12:31",7589.72,7590.57,7589.58,7589.71,0.21,0.00%,0
"2026-08-03 12:32",7589.43,7590.55,7588.18,7589.36,-0.35,0.00%,0
"2026-08-03 12:33",7589.33,7589.62,7588.92,7589.12,-0.24,0.00%,0
"2026-08-03 12:34",7589.27,7589.96,7588.97,7589.03,-0.09,0.00%,0
"2026-08-03 12:35",7588.91,7588.93,7587.11,7588.15,-0.88,-0.01%,0
"2026-08-03 12:36",7588.17,7588.27,7586.89,7587.26,-0.89,-0.01%,0
"2026-08-03 12:37",7587.16,7588.54,7587.04,7588.22,0.96,+0.01%,0
"2026-08-03 12:38",7588.19,7588.68,7587.53,7588.36,0.14,0.00%,0
"2026-08-03 12:39",7588.37,7588.83,7587.01,7587.41,-0.95,-0.01%,0
"2026-08-03 12:40",7587.34,7588.82,7587.34,7588.46,1.05,+0.01%,0
"2026-08-03 12:41",7588.57,7588.57,7587.71,7588,-0.46,-0.01%,0
"2026-08-03 12:42",7588.02,7588.02,7586.57,7587.43,-0.57,-0.01%,0
"2026-08-03 12:43",7587.39,7588.8,7586.8,7588.51,1.08,+0.01%,0
"2026-08-03 12:44",7588.56,7589.71,7588.56,7589.4,0.89,+0.01%,0
"2026-08-03 12:45",7589.35,7589.6,7588.69,7588.81,-0.59,-0.01%,0
"2026-08-03 12:46",7588.72,7589.61,7588.54,7589.22,0.41,+0.01%,0
"2026-08-03 12:47",7589.16,7589.16,7587.96,7588.16,-1.06,-0.01%,0
"2026-08-03 12:48",7588.24,7588.78,7587.8,7588.04,-0.12,0.00%,0
"2026-08-03 12:49",7588.05,7588.39,7587.77,7588.11,0.07,0.00%,0
"2026-08-03 12:50",7587.8,7588.52,7587.45,7588.32,0.21,0.00%,0
"2026-08-03 12:51",7588.3,7588.3,7586.01,7586.29,-2.03,-0.03%,0
"2026-08-03 12:52",7586.16,7586.29,7585.02,7585.56,-0.73,-0.01%,0
"2026-08-03 12:53",7585.45,7586.36,7585.36,7586.26,0.7,+0.01%,0
"2026-08-03 12:54",7586.3,7586.94,7584.87,7585.05,-1.21,-0.02%,0
"2026-08-03 12:55",7585.08,7585.52,7584.42,7585.06,0.01,0.00%,0
"2026-08-03 12:56",7585.05,7585.87,7585.05,7585.87,0.81,+0.01%,0
"2026-08-03 12:57",7586.01,7587.77,7586.01,7587.68,1.81,+0.02%,0
"2026-08-03 12:58",7587.78,7588,7586.91,7586.91,-0.77,-0.01%,0
"2026-08-03 12:59",7586.75,7587.06,7586.31,7586.47,-0.44,-0.01%,0
"2026-08-03 13:00",7586.85,7587.39,7585.66,7585.66,-0.81,-0.01%,0
"2026-08-03 13:01",7585.67,7587.31,7585.55,7586.94,1.28,+0.02%,0
"2026-08-03 13:02",7586.83,7587.5,7586.24,7586.88,-0.06,0.00%,0
"2026-08-03 13:03",7586.73,7586.73,7584.96,7585.5,-1.38,-0.02%,0
"2026-08-03 13:04",7585.78,7586.63,7585.41,7586.63,1.13,+0.01%,0
"2026-08-03 13:05",7586.71,7587.73,7585.94,7586.23,-0.4,-0.01%,0
"2026-08-03 13:06",7586.31,7586.31,7585.04,7585.2,-1.03,-0.01%,0
"2026-08-03 13:07",7585.3,7585.56,7584.75,7585.13,-0.07,0.00%,0
"2026-08-03 13:08",7585.09,7585.81,7584.86,7585.55,0.42,+0.01%,0
"2026-08-03 13:09",7585.57,7587.47,7585.54,7586.86,1.31,+0.02%,0
"2026-08-03 13:10",7586.91,7588.75,7586.91,7588.74,1.88,+0.02%,0
"2026-08-03 13:11",7588.94,7590.63,7588.94,7590.17,1.43,+0.02%,0
"2026-08-03 13:12",7590.07,7590.3,7589.49,7589.77,-0.4,-0.01%,0
"2026-08-03 13:13",7589.85,7590.01,7589.09,7590.01,0.24,0.00%,0
"2026-08-03 13:14",7590.09,7590.14,7589.39,7589.68,-0.33,0.00%,0
"2026-08-03 13:15",7589.59,7591.06,7589.5,7589.86,0.18,0.00%,0
"2026-08-03 13:16",7589.81,7590.45,7589.7,7589.9,0.04,0.00%,0
"2026-08-03 13:17",7589.73,7590.8,7589.73,7590.74,0.84,+0.01%,0
"2026-08-03 13:18",7590.66,7591.54,7590.61,7591.31,0.57,+0.01%,0
"2026-08-03 13:19",7591.33,7592.38,7590.82,7592.2,0.89,+0.01%,0
"2026-08-03 13:20",7592.29,7592.48,7591.43,7591.68,-0.52,-0.01%,0
"2026-08-03 13:21",7591.69,7592.71,7591.29,7592.55,0.87,+0.01%,0
"2026-08-03 13:22",7592.51,7594.5,7592.49,7594.26,1.71,+0.02%,0
"2026-08-03 13:23",7594.38,7594.54,7593.76,7594.07,-0.19,0.00%,0
"2026-08-03 13:24",7594.02,7594.89,7593.91,7594.31,0.24,0.00%,0
"2026-08-03 13:25",7594.34,7594.78,7593.78,7593.82,-0.49,-0.01%,0
"2026-08-03 13:26",7593.78,7594.39,7593.24,7594.27,0.45,+0.01%,0
"2026-08-03 13:27",7594.32,7595.98,7594.24,7595.01,0.74,+0.01%,0
"2026-08-03 13:28",7595.01,7596.17,7594.91,7595.03,0.02,0.00%,0
"2026-08-03 13:29",7595.08,7595.52,7594.82,7595.14,0.11,0.00%,0
"2026-08-03 13:30",7595.14,7595.76,7595.08,7595.54,0.4,+0.01%,0
"2026-08-03 13:31",7595.59,7595.92,7594.5,7594.83,-0.71,-0.01%,0
"2026-08-03 13:32",7594.91,7595.54,7594.49,7594.82,-0.01,0.00%,0
"2026-08-03 13:33",7594.87,7596.44,7594.7,7596.1,1.28,+0.02%,0
"2026-08-03 13:34",7596.13,7597.99,7595.9,7597.87,1.77,+0.02%,0
"2026-08-03 13:35",7597.82,7598.31,7597.1,7597.98,0.11,0.00%,0
"2026-08-03 13:36",7597.84,7598.38,7597.24,7597.3,-0.68,-0.01%,0
"2026-08-03 13:37",7597.27,7597.89,7596.8,7596.83,-0.47,-0.01%,0
"2026-08-03 13:38",7596.9,7596.94,7595.77,7596.32,-0.51,-0.01%,0
"2026-08-03 13:39",7596.33,7596.66,7595.42,7596.33,0.01,0.00%,0
"2026-08-03 13:40",7596.33,7596.87,7595.98,7596.55,0.22,0.00%,0
"2026-08-03 13:41",7596.68,7597.01,7596.39,7596.65,0.1,0.00%,0
"2026-08-03 13:42",7596.41,7596.97,7596.3,7596.66,0.01,0.00%,0
"2026-08-03 13:43",7596.76,7597.28,7596.43,7596.79,0.13,0.00%,0
"2026-08-03 13:44",7596.83,7597.6,7596.75,7597.4,0.61,+0.01%,0
"2026-08-03 13:45",7597.57,7598.5,7597.35,7598.5,1.1,+0.01%,0
"2026-08-03 13:46",7598.49,7599.42,7598.46,7598.72,0.22,0.00%,0
"2026-08-03 13:47",7598.84,7599.43,7598.66,7598.94,0.22,0.00%,0
"2026-08-03 13:48",7598.82,7598.92,7598.22,7598.51,-0.43,-0.01%,0
"2026-08-03 13:49",7598.51,7598.82,7597.87,7598.75,0.24,0.00%,0
"2026-08-03 13:50",7598.64,7599.54,7598.41,7598.73,-0.02,0.00%,0
"2026-08-03 13:51",7598.62,7599.57,7598.46,7599.43,0.7,+0.01%,0
"2026-08-03 13:52",7599.51,7599.51,7599,7599.15,-0.28,0.00%,0
"2026-08-03 13:53",7599.22,7599.63,7598.97,7599.38,0.23,0.00%,0
"2026-08-03 13:54",7599.39,7600.1,7599.3,7600.07,0.69,+0.01%,0
"2026-08-03 13:55",7600.11,7601.81,7600.11,7601,0.93,+0.01%,0
"2026-08-03 13:56",7601.02,7601.47,7600.55,7600.83,-0.17,0.00%,0
"2026-08-03 13:57",7600.73,7602.2,7600.73,7602.04,1.21,+0.02%,0
"2026-08-03 13:58",7602.09,7602.43,7601.82,7602.09,0.05,0.00%,0
"2026-08-03 13:59",7602.19,7602.36,7601.19,7601.19,-0.9,-0.01%,0
"2026-08-03 14:00",7600.98,7602.5,7600.89,7601.99,0.8,+0.01%,0
"2026-08-03 14:01",7601.93,7602.93,7601.24,7601.35,-0.64,-0.01%,0
"2026-08-03 14:02",7601.31,7602.46,7601.31,7602.14,0.79,+0.01%,0
"2026-08-03 14:03",7602.31,7603.62,7602.01,7603.55,1.41,+0.02%,0
"2026-08-03 14:04",7603.61,7605.61,7603.61,7605.56,2.01,+0.03%,0
"2026-08-03 14:05",7605.66,7607.38,7605.63,7606.93,1.37,+0.02%,0
"2026-08-03 14:06",7606.99,7607.12,7606.07,7606.83,-0.1,0.00%,0
"2026-08-03 14:07",7606.93,7607.13,7605.97,7606.14,-0.69,-0.01%,0
"2026-08-03 14:08",7606.08,7606.61,7605.4,7606.61,0.47,+0.01%,0
"2026-08-03 14:09",7606.55,7607.44,7606.55,7607.43,0.82,+0.01%,0
"2026-08-03 14:10",7607.37,7607.99,7607.07,7607.85,0.42,+0.01%,0
"2026-08-03 14:11",7607.77,7607.77,7604.51,7604.51,-3.34,-0.04%,0
"2026-08-03 14:12",7604.45,7604.98,7603.39,7603.88,-0.63,-0.01%,0
"2026-08-03 14:13",7604.36,7605.83,7604.36,7605.12,1.24,+0.02%,0
"2026-08-03 14:14",7605.11,7605.38,7604.79,7604.87,-0.25,0.00%,0
"2026-08-03 14:15",7604.49,7606.73,7604.49,7606.37,1.5,+0.02%,0
"2026-08-03 14:16",7606.44,7606.93,7605.88,7606.56,0.19,0.00%,0
"2026-08-03 14:17",7606.61,7607.55,7605.24,7605.24,-1.32,-0.02%,0
"2026-08-03 14:18",7605.21,7605.55,7604.33,7604.67,-0.57,-0.01%,0
"2026-08-03 14:19",7604.66,7604.67,7603.46,7604.42,-0.25,0.00%,0
"2026-08-03 14:20",7604.1,7604.25,7602.44,7603.17,-1.25,-0.02%,0
"2026-08-03 14:21",7603.21,7604.68,7602.85,7604.58,1.41,+0.02%,0
"2026-08-03 14:22",7604.8,7605.97,7604.8,7605.91,1.33,+0.02%,0
"2026-08-03 14:23",7605.96,7606.07,7605.33,7605.72,-0.19,0.00%,0
"2026-08-03 14:24",7605.84,7605.86,7604.01,7604.01,-1.71,-0.02%,0
"2026-08-03 14:25",7604.1,7604.98,7603.08,7603.34,-0.67,-0.01%,0
"2026-08-03 14:26",7603.54,7603.54,7602.45,7602.52,-0.82,-0.01%,0
"2026-08-03 14:27",7602.63,7602.63,7600.93,7601.36,-1.16,-0.02%,0
"2026-08-03 14:28",7601.46,7601.71,7599.22,7599.33,-2.03,-0.03%,0
"2026-08-03 14:29",7599.34,7600.84,7599.34,7600.05,0.72,+0.01%,0
"2026-08-03 14:30",7600.14,7602.65,7600,7600,-0.05,0.00%,0
"2026-08-03 14:31",7599.9,7600.32,7599.32,7600.32,0.32,0.00%,0
"2026-08-03 14:32",7600.45,7601.38,7600.18,7601.14,0.82,+0.01%,0
"2026-08-03 14:33",7601.16,7601.32,7598.45,7598.62,-2.52,-0.03%,0
"2026-08-03 14:34",7598.58,7600.11,7598,7599.33,0.71,+0.01%,0
"2026-08-03 14:35",7599.41,7601.32,7599.4,7601.14,1.81,+0.02%,0
"2026-08-03 14:36",7601.11,7601.45,7599.56,7600.21,-0.93,-0.01%,0
"2026-08-03 14:37",7600.12,7600.79,7599.66,7600.79,0.58,+0.01%,0
"2026-08-03 14:38",7601.03,7602.2,7600.11,7602.2,1.41,+0.02%,0
"2026-08-03 14:39",7602.36,7602.6,7600.54,7600.86,-1.34,-0.02%,0
"2026-08-03 14:40",7601.04,7601.24,7600.33,7600.9,0.04,0.00%,0
"2026-08-03 14:41",7601.15,7602.88,7600.85,7602.84,1.94,+0.03%,0
"2026-08-03 14:42",7602.93,7603.97,7602.93,7603.28,0.44,+0.01%,0
"2026-08-03 14:43",7603.42,7604.21,7603.34,7604.02,0.74,+0.01%,0
"2026-08-03 14:44",7604.01,7605.64,7604.01,7605.45,1.43,+0.02%,0
"2026-08-03 14:45",7605.5,7606.56,7604.09,7604.3,-1.15,-0.02%,0
"2026-08-03 14:46",7604.35,7604.35,7601.84,7604,-0.3,0.00%,0
"2026-08-03 14:47",7604.08,7604.08,7602.6,7603.06,-0.94,-0.01%,0
"2026-08-03 14:48",7603.12,7604.29,7602.99,7604.14,1.08,+0.01%,0
"2026-08-03 14:49",7604.24,7605.49,7603.6,7605.43,1.29,+0.02%,0
"2026-08-03 14:50",7605.5,7605.67,7604.04,7604.11,-1.32,-0.02%,0
"2026-08-03 14:51",7604.2,7604.87,7603.66,7604.55,0.44,+0.01%,0
"2026-08-03 14:52",7604.63,7605.55,7604.43,7604.75,0.2,0.00%,0
"2026-08-03 14:53",7604.85,7606.56,7604.74,7605.99,1.24,+0.02%,0
"2026-08-03 14:54",7606.21,7607.03,7605.42,7605.42,-0.57,-0.01%,0
"2026-08-03 14:55",7605.48,7605.59,7605.07,7605.43,0.01,0.00%,0
"2026-08-03 14:56",7605.3,7605.6,7604.36,7604.61,-0.82,-0.01%,0
"2026-08-03 14:57",7604.51,7605.5,7604.22,7605.5,0.89,+0.01%,0
"2026-08-03 14:58",7605.76,7606.42,7605.45,7606.01,0.51,+0.01%,0
"2026-08-03 14:59",7605.91,7605.99,7603.6,7603.6,-2.41,-0.03%,0
"2026-08-03 15:00",7603.58,7607.21,7603.58,7606.48,2.88,+0.04%,0
"2026-08-03 15:01",7606.51,7609.08,7606.21,7608.43,1.95,+0.03%,0
"2026-08-03 15:02",7608.36,7610.04,7608.32,7609.69,1.26,+0.02%,0
"2026-08-03 15:03",7609.49,7609.58,7608.59,7609.3,-0.39,-0.01%,0
"2026-08-03 15:04",7609.19,7609.35,7608.7,7609.1,-0.2,0.00%,0
"2026-08-03 15:05",7609.19,7609.38,7606.91,7607.99,-1.11,-0.01%,0
"2026-08-03 15:06",7608.01,7608.46,7606.96,7608.14,0.15,0.00%,0
"2026-08-03 15:07",7608.32,7608.46,7606.98,7606.98,-1.16,-0.02%,0
"2026-08-03 15:08",7606.87,7606.87,7605.42,7606.53,-0.45,-0.01%,0
"2026-08-03 15:09",7606.52,7606.52,7605.84,7606.25,-0.28,0.00%,0
"2026-08-03 15:10",7606.06,7607.6,7605.92,7607.37,1.12,+0.01%,0
"2026-08-03 15:11",7607,7608.15,7606.95,7607.92,0.55,+0.01%,0
"2026-08-03 15:12",7607.9,7608.01,7606.96,7607.37,-0.55,-0.01%,0
"2026-08-03 15:13",7607.39,7607.39,7605.23,7605.96,-1.41,-0.02%,0
"2026-08-03 15:14",7606.04,7606.62,7605.75,7605.99,0.03,0.00%,0
"2026-08-03 15:15",7606.08,7607.08,7606.07,7606.92,0.93,+0.01%,0
"2026-08-03 15:16",7607.03,7608.11,7606.64,7607.65,0.73,+0.01%,0
"2026-08-03 15:17",7607.46,7608.45,7606.85,7608.34,0.69,+0.01%,0
"2026-08-03 15:18",7608.26,7608.6,7607.76,7607.8,-0.54,-0.01%,0
"2026-08-03 15:19",7607.72,7608.55,7607.49,7607.78,-0.02,0.00%,0
"2026-08-03 15:20",7607.78,7608.22,7606.93,7607.39,-0.39,-0.01%,0
"2026-08-03 15:21",7606.73,7607.67,7606.59,7607.67,0.28,0.00%,0
"2026-08-03 15:22",7607.63,7608.2,7606.86,7607.13,-0.54,-0.01%,0
"2026-08-03 15:23",7607.08,7607.67,7606.98,7607.56,0.43,+0.01%,0
"2026-08-03 15:24",7607.63,7608.66,7607.63,7608.39,0.83,+0.01%,0
"2026-08-03 15:25",7608.37,7608.96,7607.73,7608.56,0.17,0.00%,0
"2026-08-03 15:26",7608.54,7609.27,7608.08,7608.66,0.1,0.00%,0
"2026-08-03 15:27",7608.58,7609.3,7608.57,7609.3,0.64,+0.01%,0
"2026-08-03 15:28",7609.44,7609.47,7607.38,7607.69,-1.61,-0.02%,0
"2026-08-03 15:29",7607.43,7608.05,7607.12,7607.43,-0.26,0.00%,0
"2026-08-03 15:30",7607.48,7609.13,7607.42,7607.81,0.38,0.00%,0
"2026-08-03 15:31",7607.93,7608.99,7607.68,7608.51,0.7,+0.01%,0
"2026-08-03 15:32",7608.56,7609.09,7607.97,7607.97,-0.54,-0.01%,0
"2026-08-03 15:33",7607.97,7608.11,7606.97,7607,-0.97,-0.01%,0
"2026-08-03 15:34",7606.87,7607.89,7606.31,7607.53,0.53,+0.01%,0
"2026-08-03 15:35",7607.41,7608.46,7607.41,7608.31,0.78,+0.01%,0
"2026-08-03 15:36",7608.3,7608.91,7605.96,7605.97,-2.34,-0.03%,0
"2026-08-03 15:37",7605.77,7606,7604.15,7605.02,-0.95,-0.01%,0
"2026-08-03 15:38",7605.12,7605.48,7604.31,7604.31,-0.71,-0.01%,0
"2026-08-03 15:39",7604.29,7605.07,7603.75,7604.03,-0.28,0.00%,0
"2026-08-03 15:40",7604.02,7604.82,7603.14,7604.76,0.73,+0.01%,0
"2026-08-03 15:41",7604.7,7605.82,7603.42,7603.72,-1.04,-0.01%,0
"2026-08-03 15:42",7603.82,7604.36,7603.45,7603.93,0.21,0.00%,0
"2026-08-03 15:43",7603.96,7604.35,7603.26,7603.26,-0.67,-0.01%,0
"2026-08-03 15:44",7603.45,7605.45,7603.45,7604.97,1.71,+0.02%,0
"2026-08-03 15:45",7604.91,7605.73,7604.63,7604.7,-0.27,0.00%,0
"2026-08-03 15:46",7605,7605.47,7603.72,7604.26,-0.44,-0.01%,0
"2026-08-03 15:47",7604.19,7605.44,7603.46,7605.08,0.82,+0.01%,0
"2026-08-03 15:48",7605.16,7606.57,7605.09,7605.19,0.11,0.00%,0
"2026-08-03 15:49",7605.35,7606.1,7605.05,7605.96,0.77,+0.01%,0
"2026-08-03 15:50",7606,7607.69,7604.38,7604.59,-1.37,-0.02%,0
"2026-08-03 15:51",7604.7,7607.82,7604.62,7606.93,2.34,+0.03%,0
"2026-08-03 15:52",7606.75,7608.2,7606.75,7607.08,0.15,0.00%,0
"2026-08-03 15:53",7607.05,7607.66,7604.21,7604.27,-2.81,-0.04%,0
"2026-08-03 15:54",7604.06,7604.06,7600.57,7601.79,-2.48,-0.03%,0
"2026-08-03 15:55",7601.74,7602.53,7599.39,7600.15,-1.64,-0.02%,0
"2026-08-03 15:56",7600.43,7600.93,7598.72,7600.93,0.78,+0.01%,0
"2026-08-03 15:57",7601.12,7602.48,7601.05,7601.15,0.22,0.00%,0
"2026-08-03 15:58",7601,7602.08,7600.44,7601.16,0.01,0.00%,0
"2026-08-03 15:59",7601.21,7603.01,7598.78,7599.97,-1.19,-0.02%,0
"2026-08-03 16:00",7600.61,7600.65,7600.49,7600.49,0.52,+0.01%,0
"2026-08-03 16:01",7600.49,7600.49,7600.49,7600.49,0,0.00%,0
"2026-08-03 16:02",7600.49,7600.5,7600.49,7600.5,0.01,0.00%,0
"2026-08-03 16:03",7600.5,7600.51,7600.49,7600.49,-0.01,0.00%,0
"2026-08-03 16:04",7600.49,7600.52,7600.47,7600.5,0.01,0.00%,0
"2026-08-03 16:05",7600.5,7600.51,7600.5,7600.5,0,0.00%,0
"2026-08-03 16:06",7600.5,7600.5,7600.5,7600.5,0,0.00%,0
"2026-08-03 16:07",7600.5,7600.5,7600.5,7600.5,0,0.00%,0
"2026-08-03 16:08",7600.5,7600.5,7600.5,7600.5,0,0.00%,0
"2026-08-03 16:09",7600.5,7600.5,7600.5,7600.5,0,0.00%,0
"2026-08-03 16:10",7600.5,7600.5,7600.5,7600.5,0,0.00%,0
"2026-08-03 16:11",7600.5,7600.5,7600.5,7600.5,0,0.00%,0
"2026-08-03 16:12",7600.5,7600.5,7600.5,7600.5,0,0.00%,0
"2026-08-03 16:13",7600.5,7600.5,7600.5,7600.5,0,0.00%,0
"2026-08-03 16:14",7600.5,7600.5,7600.5,7600.5,0,0.00%,0
"2026-08-03 16:15",7600.5,7600.5,7600.5,7600.5,0,0.00%,0
"2026-08-03 16:16",7600.5,7600.5,7600.5,7600.5,0,0.00%,0
"2026-08-03 16:17",7600.5,7600.5,7600.5,7600.5,0,0.00%,0
"2026-08-03 16:18",7600.5,7600.5,7600.5,7600.5,0,0.00%,0
"2026-08-03 16:19",7600.5,7600.5,7600.5,7600.5,0,0.00%,0
"2026-08-03 16:20",7600.5,7600.5,7600.5,7600.5,0,0.00%,0
"2026-08-03 17:05",7600.5,7600.5,7600.5,7600.5,0,0.00%,0
"2026-08-04 09:30",7630.62,7640.87,7629.1,7639.69,39.19,+0.52%,0
"2026-08-04 09:31",7639.68,7642.05,7638.22,7640.31,0.62,+0.01%,0
"2026-08-04 09:32",7640.89,7644.83,7640.89,7644.58,4.27,+0.06%,0
"2026-08-04 09:33",7644.33,7644.7,7642.38,7643.88,-0.7,-0.01%,0
"2026-08-04 09:34",7643.7,7643.96,7641.45,7643.82,-0.06,0.00%,0
"2026-08-04 09:35",7644.26,7645.73,7643.36,7644.64,0.82,+0.01%,0
"2026-08-04 09:36",7644.65,7647.86,7643.82,7644.38,-0.26,0.00%,0
"2026-08-04 09:37",7643.95,7644.21,7640.44,7642.48,-1.9,-0.02%,0
"2026-08-04 09:38",7642.68,7645.69,7639.39,7640.12,-2.36,-0.03%,0
"2026-08-04 09:39",7640.28,7644.38,7639.8,7644.38,4.26,+0.06%,0
"2026-08-04 09:40",7644.58,7645.68,7641.68,7643.58,-0.8,-0.01%,0
"2026-08-04 09:41",7643.99,7646.49,7643.99,7644.6,1.02,+0.01%,0
"2026-08-04 09:42",7644.77,7645.78,7643.76,7644.85,0.25,0.00%,0
"2026-08-04 09:43",7644.87,7646.6,7644.05,7644.05,-0.8,-0.01%,0
"2026-08-04 09:44",7644.55,7645.26,7641.26,7642.78,-1.27,-0.02%,0
"2026-08-04 09:45",7642.86,7649.85,7642.86,7649.85,7.07,+0.09%,0
"2026-08-04 09:46",7649.99,7650.47,7646.78,7646.78,-3.07,-0.04%,0
"2026-08-04 09:47",7647.01,7647.93,7644.8,7645.14,-1.64,-0.02%,0
"2026-08-04 09:48",7645.09,7648.74,7644.87,7646.77,1.63,+0.02%,0
"2026-08-04 09:49",7647.1,7649.75,7646.16,7649.52,2.75,+0.04%,0
"2026-08-04 09:50",7650.14,7655.77,7649.07,7654,4.48,+0.06%,0
"2026-08-04 09:51",7653.85,7656,7653.85,7653.96,-0.04,0.00%,0
"2026-08-04 09:52",7654.14,7655.86,7653.31,7655.52,1.56,+0.02%,0
"2026-08-04 09:53",7655.3,7656.92,7654.21,7656.84,1.32,+0.02%,0
"2026-08-04 09:54",7657.18,7658.99,7656.31,7658.2,1.36,+0.02%,0
"2026-08-04 09:55",7658.39,7658.99,7653.82,7654.04,-4.16,-0.05%,0
"2026-08-04 09:56",7654.03,7654.08,7651.24,7654.07,0.03,0.00%,0
"2026-08-04 09:57",7653.54,7655.04,7652.27,7652.91,-1.16,-0.02%,0
"2026-08-04 09:58",7653.27,7657.22,7653.18,7656.96,4.05,+0.05%,0
"2026-08-04 09:59",7657.12,7658.71,7654.98,7658.22,1.26,+0.02%,0
"2026-08-04 10:00",7659.09,7659.09,7655.74,7658.99,0.77,+0.01%,0
"2026-08-04 10:01",7659.43,7662.55,7658.74,7661.96,2.97,+0.04%,0
"2026-08-04 10:02",7662.39,7665.4,7662.39,7665.02,3.06,+0.04%,0
"2026-08-04 10:03",7664.92,7665.46,7661.92,7664.96,-0.06,0.00%,0
"2026-08-04 10:04",7665.16,7666.08,7664.01,7664.01,-0.95,-0.01%,0
"2026-08-04 10:05",7663.61,7667.89,7663.61,7667.89,3.88,+0.05%,0
"2026-08-04 10:06",7667.83,7669.43,7667.18,7668.69,0.8,+0.01%,0
"2026-08-04 10:07",7668.64,7670.3,7667.79,7670.13,1.44,+0.02%,0
"2026-08-04 10:08",7669.91,7670.3,7668.47,7670,-0.13,0.00%,0
"2026-08-04 10:09",7670.08,7670.52,7667.75,7668.68,-1.32,-0.02%,0
"2026-08-04 10:10",7668.82,7669.59,7667.37,7669.41,0.73,+0.01%,0
"2026-08-04 10:11",7669.49,7669.66,7667.93,7669.42,0.01,0.00%,0
"2026-08-04 10:12",7669.18,7670.95,7669.05,7670.89,1.47,+0.02%,0
"2026-08-04 10:13",7670.87,7671.81,7670.74,7671.2,0.31,0.00%,0
"2026-08-04 10:14",7671.28,7672.72,7671.28,7672.72,1.52,+0.02%,0
"2026-08-04 10:15",7672.64,7674.53,7672.64,7674.27,1.55,+0.02%,0
"2026-08-04 10:16",7674.39,7674.6,7671.88,7673.41,-0.86,-0.01%,0
"2026-08-04 10:17",7673.77,7676.65,7672.99,7676.35,2.94,+0.04%,0
"2026-08-04 10:18",7676.54,7677.75,7675.68,7676.76,0.41,+0.01%,0
"2026-08-04 10:19",7676.83,7678.27,7675.47,7677.01,0.25,0.00%,0
"2026-08-04 10:20",7677.19,7677.19,7672.21,7673.35,-3.66,-0.05%,0
"2026-08-04 10:21",7673.37,7673.37,7669.85,7669.9,-3.45,-0.04%,0
"2026-08-04 10:22",7670.48,7672.53,7668.6,7669.72,-0.18,0.00%,0
"2026-08-04 10:23",7669.81,7670.29,7666.95,7670.29,0.57,+0.01%,0
"2026-08-04 10:24",7670.26,7670.59,7666.56,7667.98,-2.31,-0.03%,0
"2026-08-04 10:25",7668.15,7671.65,7667.91,7671.24,3.26,+0.04%,0
"2026-08-04 10:26",7671.82,7672.63,7670.95,7671.43,0.19,0.00%,0
"2026-08-04 10:27",7671.45,7672.66,7670.9,7671.97,0.54,+0.01%,0
"2026-08-04 10:28",7672,7672.72,7669.9,7670.16,-1.81,-0.02%,0
"2026-08-04 10:29",7670.19,7671.43,7668.69,7669.86,-0.3,0.00%,0
"2026-08-04 10:30",7669.91,7669.93,7666.22,7666.22,-3.64,-0.05%,0
"2026-08-04 10:31",7666.08,7669.44,7666.08,7668.5,2.28,+0.03%,0
"2026-08-04 10:32",7668.51,7672.46,7667.47,7672.32,3.82,+0.05%,0
"2026-08-04 10:33",7672.39,7674.16,7671.9,7673.24,0.92,+0.01%,0
"2026-08-04 10:34",7673.26,7674.58,7673.26,7674.15,0.91,+0.01%,0
"2026-08-04 10:35",7674.11,7675.71,7673.82,7675.02,0.87,+0.01%,0
"2026-08-04 10:36",7675.21,7675.87,7674.04,7674.26,-0.76,-0.01%,0
"2026-08-04 10:37",7673.85,7676.55,7672.48,7676.16,1.9,+0.02%,0
"2026-08-04 10:38",7676.03,7680.35,7674.81,7675.52,-0.64,-0.01%,0
"2026-08-04 10:39",7675.23,7675.92,7674.3,7675.67,0.15,0.00%,0
"2026-08-04 10:40",7676.16,7677.74,7675.6,7676.66,0.99,+0.01%,0
"2026-08-04 10:41",7676.79,7677.28,7676.23,7676.86,0.2,0.00%,0
"2026-08-04 10:42",7676.99,7679.68,7676.99,7678.81,1.95,+0.03%,0
"2026-08-04 10:43",7679.04,7681.3,7678.5,7681.07,2.26,+0.03%,0
"2026-08-04 10:44",7681.07,7682.32,7680.67,7682.29,1.22,+0.02%,0
"2026-08-04 10:45",7682.74,7682.74,7680.72,7681.58,-0.71,-0.01%,0
"2026-08-04 10:46",7681.57,7682.45,7681.2,7681.76,0.18,0.00%,0
"2026-08-04 10:47",7681.78,7682.48,7680.86,7682.48,0.72,+0.01%,0
"2026-08-04 10:48",7682.54,7682.54,7681.23,7682.02,-0.46,-0.01%,0
"2026-08-04 10:49",7682.33,7683.48,7682.02,7683.2,1.18,+0.02%,0
"2026-08-04 10:50",7683.23,7684.13,7681.23,7681.23,-1.97,-0.03%,0
"2026-08-04 10:51",7681.36,7682.3,7681,7681.61,0.38,0.00%,0
"2026-08-04 10:52",7681.6,7683.77,7681.41,7683.04,1.43,+0.02%,0
"2026-08-04 10:53",7683.14,7683.45,7682.3,7682.55,-0.49,-0.01%,0
"2026-08-04 10:54",7682.49,7684.06,7681.32,7682.74,0.19,0.00%,0
"2026-08-04 10:55",7683.35,7683.51,7682.27,7683.47,0.73,+0.01%,0
"2026-08-04 10:56",7683.51,7685.04,7683.46,7683.89,0.42,+0.01%,0
"2026-08-04 10:57",7683.76,7685.52,7682.92,7684.54,0.65,+0.01%,0
"2026-08-04 10:58",7684.06,7686.67,7684.06,7686.26,1.72,+0.02%,0
"2026-08-04 10:59",7686.12,7688.73,7686.12,7687.91,1.65,+0.02%,0
"2026-08-04 11:00",7687.97,7689,7686.75,7686.75,-1.16,-0.02%,0
"2026-08-04 11:01",7686.72,7690.9,7686.61,7690.18,3.43,+0.04%,0
"2026-08-04 11:02",7690.09,7691.32,7689.3,7691.16,0.98,+0.01%,0
"2026-08-04 11:03",7691.08,7692.73,7690.75,7691.64,0.48,+0.01%,0
"2026-08-04 11:04",7691.36,7693.17,7691.36,7692.99,1.35,+0.02%,0
"2026-08-04 11:05",7693.07,7693.38,7691.37,7691.8,-1.19,-0.02%,0
"2026-08-04 11:06",7691.39,7691.68,7690.21,7691.22,-0.58,-0.01%,0
"2026-08-04 11:07",7691.22,7692.28,7690.78,7690.78,-0.44,-0.01%,0
"2026-08-04 11:08",7691.01,7691.01,7689.15,7689.82,-0.96,-0.01%,0
"2026-08-04 11:09",7689.8,7692.59,7689.8,7692.51,2.69,+0.03%,0
"2026-08-04 11:10",7692.51,7693.11,7691.83,7692.12,-0.39,-0.01%,0
"2026-08-04 11:11",7692.32,7692.73,7691.73,7692.71,0.59,+0.01%,0
"2026-08-04 11:12",7692.82,7694.23,7692.61,7694.07,1.36,+0.02%,0
"2026-08-04 11:13",7694.08,7695.27,7693.88,7695.15,1.08,+0.01%,0
"2026-08-04 11:14",7695.06,7695.29,7693.36,7693.36,-1.79,-0.02%,0
"2026-08-04 11:15",7693.2,7695.99,7692.97,7695.98,2.62,+0.03%,0
"2026-08-04 11:16",7696.08,7696.96,7695.69,7696.77,0.79,+0.01%,0
"2026-08-04 11:17",7696.58,7696.74,7695.6,7695.65,-1.12,-0.01%,0
"2026-08-04 11:18",7695.71,7697.17,7695.71,7696.96,1.31,+0.02%,0
"2026-08-04 11:19",7697.07,7697.76,7696.7,7697.44,0.48,+0.01%,0
"2026-08-04 11:20",7697.45,7698.65,7697.35,7698.6,1.16,+0.02%,0
"2026-08-04 11:21",7698.55,7699.05,7698.13,7698.57,-0.03,0.00%,0
"2026-08-04 11:22",7698.6,7699.89,7697,7697.29,-1.28,-0.02%,0
"2026-08-04 11:23",7697.38,7700.54,7697.38,7700.51,3.22,+0.04%,0
"2026-08-04 11:24",7700.36,7701.96,7700.36,7701.96,1.45,+0.02%,0
"2026-08-04 11:25",7701.96,7702.87,7701.62,7702.07,0.11,0.00%,0
"2026-08-04 11:26",7702.23,7703.15,7701.74,7702.22,0.15,0.00%,0
"2026-08-04 11:27",7702.27,7702.61,7698.61,7698.89,-3.33,-0.04%,0
"2026-08-04 11:28",7698.92,7699.42,7697.75,7699.42,0.53,+0.01%,0
"2026-08-04 11:29",7699.09,7699.48,7697.86,7698.36,-1.06,-0.01%,0
"2026-08-04 11:30",7698.41,7699.38,7697.75,7699.1,0.74,+0.01%,0
"2026-08-04 11:31",7699.22,7699.88,7697.91,7699.88,0.78,+0.01%,0
"2026-08-04 11:32",7699.85,7699.85,7698.6,7698.6,-1.28,-0.02%,0
"2026-08-04 11:33",7698.74,7698.77,7696.69,7696.81,-1.79,-0.02%,0
"2026-08-04 11:34",7696.54,7696.86,7695.47,7696.64,-0.17,0.00%,0
"2026-08-04 11:35",7696.81,7699.43,7696.53,7697.89,1.25,+0.02%,0
"2026-08-04 11:36",7698.19,7698.97,7697.88,7698.48,0.59,+0.01%,0
"2026-08-04 11:37",7698.46,7699.1,7697.96,7698.94,0.46,+0.01%,0
"2026-08-04 11:38",7698.77,7703.93,7697.65,7703.33,4.39,+0.06%,0
"2026-08-04 11:39",7703.34,7704.62,7701.56,7701.56,-1.77,-0.02%,0
"2026-08-04 11:40",7701.96,7703.59,7701.61,7701.72,0.16,0.00%,0
"2026-08-04 11:41",7701.69,7703.61,7701.69,7703.11,1.39,+0.02%,0
"2026-08-04 11:42",7703.1,7704.1,7702.15,7703.93,0.82,+0.01%,0
"2026-08-04 11:43",7703.92,7705.52,7703.92,7705.44,1.51,+0.02%,0
"2026-08-04 11:44",7705.4,7707.33,7704.85,7706.6,1.16,+0.02%,0
"2026-08-04 11:45",7706.69,7709.07,7706.69,7708.8,2.2,+0.03%,0
"2026-08-04 11:46",7708.81,7709.59,7708.81,7709.58,0.78,+0.01%,0
"2026-08-04 11:47",7709.57,7710.27,7708.65,7710.08,0.5,+0.01%,0
"2026-08-04 11:48",7709.86,7710.94,7709.86,7710.94,0.86,+0.01%,0
"2026-08-04 11:49",7710.85,7711.32,7710.4,7710.83,-0.11,0.00%,0
"2026-08-04 11:50",7710.71,7712.68,7710.51,7712.37,1.54,+0.02%,0
"2026-08-04 11:51",7712.4,7712.76,7711.63,7712.04,-0.33,0.00%,0
"2026-08-04 11:52",7712.08,7713.23,7711.89,7712.69,0.65,+0.01%,0
"2026-08-04 11:53",7712.79,7712.79,7708.38,7708.43,-4.26,-0.06%,0
"2026-08-04 11:54",7708.14,7708.35,7706.86,7707.51,-0.92,-0.01%,0
"2026-08-04 11:55",7707.37,7709.55,7706.89,7709.31,1.8,+0.02%,0
"2026-08-04 11:56",7709.32,7710.01,7708.41,7708.77,-0.54,-0.01%,0
"2026-08-04 11:57",7708.86,7709.97,7708.45,7709.97,1.2,+0.02%,0
"2026-08-04 11:58",7710.08,7710.65,7709.89,7710.36,0.39,+0.01%,0
"2026-08-04 11:59",7710.18,7710.18,7708.6,7708.86,-1.5,-0.02%,0
"2026-08-04 12:00",7708.88,7711.47,7708.76,7711.47,2.61,+0.03%,0
"2026-08-04 12:01",7711.63,7712.76,7710.67,7712.76,1.29,+0.02%,0
"2026-08-04 12:02",7712.68,7713.16,7712.06,7712.41,-0.35,0.00%,0
"2026-08-04 12:03",7712.51,7712.78,7712.21,7712.54,0.13,0.00%,0
"2026-08-04 12:04",7712.45,7712.97,7711.86,7711.88,-0.66,-0.01%,0
"2026-08-04 12:05",7712.05,7713.62,7712.05,7712.58,0.7,+0.01%,0
"2026-08-04 12:06",7712.92,7712.92,7710.17,7710.37,-2.21,-0.03%,0
"2026-08-04 12:07",7710.36,7711.14,7710.15,7710.4,0.03,0.00%,0
"2026-08-04 12:08",7710.36,7711.12,7708.84,7709.23,-1.17,-0.02%,0
"2026-08-04 12:09",7709.33,7709.35,7708.15,7708.62,-0.61,-0.01%,0
"2026-08-04 12:10",7708.53,7709.51,7708.52,7709.46,0.84,+0.01%,0
"2026-08-04 12:11",7709.3,7709.36,7707.48,7707.48,-1.98,-0.03%,0
"2026-08-04 12:12",7707.27,7708.06,7706.46,7707.79,0.31,0.00%,0
"2026-08-04 12:13",7707.74,7709.39,7707.31,7709.12,1.33,+0.02%,0
"2026-08-04 12:14",7709.13,7709.19,7707.17,7707.23,-1.89,-0.02%,0
"2026-08-04 12:15",7707.3,7708.67,7707.3,7708.56,1.33,+0.02%,0
"2026-08-04 12:16",7708.68,7710.35,7708.68,7709.84,1.28,+0.02%,0
"2026-08-04 12:17",7709.94,7710.7,7709.84,7710.39,0.55,+0.01%,0
"2026-08-04 12:18",7710.36,7711.65,7710.27,7711.08,0.69,+0.01%,0
"2026-08-04 12:19",7711.14,7712.55,7710.65,7712.15,1.07,+0.01%,0
"2026-08-04 12:20",7712.22,7713.29,7711.79,7712.85,0.7,+0.01%,0
"2026-08-04 12:21",7712.83,7714.53,7712.69,7714.28,1.43,+0.02%,0
"2026-08-04 12:22",7714.37,7715.66,7714.36,7715.66,1.38,+0.02%,0
"2026-08-04 12:23",7715.46,7715.86,7715.06,7715.82,0.16,0.00%,0
"2026-08-04 12:24",7715.83,7717.01,7715.83,7716.73,0.91,+0.01%,0
"2026-08-04 12:25",7716.7,7716.7,7714.81,7716.56,-0.17,0.00%,0
"2026-08-04 12:26",7716.4,7716.8,7715.77,7716.58,0.02,0.00%,0
"2026-08-04 12:27",7716.57,7716.66,7715.7,7716.37,-0.21,0.00%,0
"2026-08-04 12:28",7716.51,7717.22,7716.11,7716.79,0.42,+0.01%,0
"2026-08-04 12:29",7716.92,7717.12,7716.09,7716.13,-0.66,-0.01%,0
"2026-08-04 12:30",7716.19,7716.59,7714.64,7715.94,-0.19,0.00%,0
"2026-08-04 12:31",7716.17,7717.25,7716.04,7717.25,1.31,+0.02%,0
"2026-08-04 12:32",7717.21,7718.76,7717.21,7718.41,1.16,+0.02%,0
"2026-08-04 12:33",7718.38,7719.67,7717.95,7719.67,1.26,+0.02%,0
"2026-08-04 12:34",7719.81,7720.04,7718.92,7718.92,-0.75,-0.01%,0
"2026-08-04 12:35",7718.97,7719.96,7718.72,7719.45,0.53,+0.01%,0
"2026-08-04 12:36",7719.31,7720.46,7718.59,7720.23,0.78,+0.01%,0
"2026-08-04 12:37",7720.27,7720.7,7719.76,7719.76,-0.47,-0.01%,0
"2026-08-04 12:38",7719.59,7719.59,7716.75,7717.4,-2.36,-0.03%,0
"2026-08-04 12:39",7717.41,7719.16,7717.41,7718.8,1.4,+0.02%,0
"2026-08-04 12:40",7718.73,7719.32,7718.53,7718.69,-0.11,0.00%,0
"2026-08-04 12:41",7718.65,7718.94,7717.97,7718.89,0.2,0.00%,0
"2026-08-04 12:42",7718.57,7720.07,7718.57,7719.88,0.99,+0.01%,0
"2026-08-04 12:43",7719.85,7721.01,7719.73,7720.79,0.91,+0.01%,0
"2026-08-04 12:44",7720.61,7723.88,7720.61,7723.51,2.72,+0.04%,0
"2026-08-04 12:45",7723.66,7725.45,7723.47,7724.77,1.26,+0.02%,0
"2026-08-04 12:46",7724.94,7725.6,7724.42,7724.49,-0.28,0.00%,0
"2026-08-04 12:47",7724.39,7725.08,7723.72,7725.07,0.58,+0.01%,0
"2026-08-04 12:48",7724.98,7725.19,7724.2,7724.2,-0.87,-0.01%,0
"2026-08-04 12:49",7724.07,7725.79,7723.94,7725.58,1.38,+0.02%,0
"2026-08-04 12:50",7725.55,7725.96,7724.82,7725.51,-0.07,0.00%,0
"2026-08-04 12:51",7725.45,7726.53,7725.35,7725.35,-0.16,0.00%,0
"2026-08-04 12:52",7725.44,7726.27,7725.05,7725.31,-0.04,0.00%,0
"2026-08-04 12:53",7725.34,7726.4,7724.88,7726.4,1.09,+0.01%,0
"2026-08-04 12:54",7726.42,7726.78,7725.8,7725.94,-0.46,-0.01%,0
"2026-08-04 12:55",7725.89,7726.23,7725.2,7725.32,-0.62,-0.01%,0
"2026-08-04 12:56",7725.2,7725.2,7724.65,7725.2,-0.12,0.00%,0
"2026-08-04 12:57",7725.32,7726.12,7725.14,7725.97,0.77,+0.01%,0
"2026-08-04 12:58",7725.89,7726.23,7724.99,7724.99,-0.98,-0.01%,0
"2026-08-04 12:59",7725.04,7726.09,7724.77,7726.04,1.05,+0.01%,0
"2026-08-04 13:00",7726.05,7729.16,7725.63,7728.88,2.84,+0.04%,0
"2026-08-04 13:01",7729.15,7732,7729.15,7731.47,2.59,+0.03%,0
"2026-08-04 13:02",7731.44,7732.11,7730.99,7731.51,0.04,0.00%,0
"2026-08-04 13:03",7731.25,7732.56,7730.94,7732.56,1.05,+0.01%,0
"2026-08-04 13:04",7732.63,7734.47,7732.56,7734.14,1.58,+0.02%,0
"2026-08-04 13:05",7734.28,7736.75,7733.28,7733.5,-0.64,-0.01%,0
"2026-08-04 13:06",7733.34,7733.34,7731.84,7732.49,-1.01,-0.01%,0
"2026-08-04 13:07",7732.51,7735.31,7732.51,7735.31,2.82,+0.04%,0
"2026-08-04 13:08",7735.31,7735.69,7734.47,7735.69,0.38,0.00%,0
"2026-08-04 13:09",7735.69,7735.75,7733.78,7734.14,-1.55,-0.02%,0
"2026-08-04 13:10",7734.15,7734.97,7733.81,7733.86,-0.28,0.00%,0
"2026-08-04 13:11",7733.98,7735.61,7733.39,7735.15,1.29,+0.02%,0
"2026-08-04 13:12",7735.15,7735.88,7734.73,7735.6,0.45,+0.01%,0
"2026-08-04 13:13",7735.68,7735.85,7733.91,7734.78,-0.82,-0.01%,0
"2026-08-04 13:14",7734.6,7735.95,7734.59,7735.9,1.12,+0.01%,0
"2026-08-04 13:15",7735.78,7737.44,7735.78,7737.3,1.4,+0.02%,0
"2026-08-04 13:16",7737.56,7737.56,7736.17,7736.44,-0.86,-0.01%,0
"2026-08-04 13:17",7736.56,7739.65,7736.53,7738.89,2.45,+0.03%,0
"2026-08-04 13:18",7738.84,7738.99,7736.89,7737.31,-1.58,-0.02%,0
"2026-08-04 13:19",7737.33,7737.91,7737.09,7737.18,-0.13,0.00%,0
"2026-08-04 13:20",7737.28,7737.85,7735.04,7735.04,-2.14,-0.03%,0
"2026-08-04 13:21",7735.08,7735.79,7734.86,7735.23,0.19,0.00%,0
"2026-08-04 13:22",7735.21,7735.29,7733.97,7734.19,-1.04,-0.01%,0
"2026-08-04 13:23",7734.2,7736.25,7733.88,7736.21,2.02,+0.03%,0
"2026-08-04 13:24",7736.19,7736.19,7735.22,7735.96,-0.25,0.00%,0
"2026-08-04 13:25",7735.88,7736.35,7735.25,7736.35,0.39,+0.01%,0
"2026-08-04 13:26",7736.24,7738.31,7736.24,7736.89,0.54,+0.01%,0
"2026-08-04 13:27",7736.95,7738.46,7736.55,7738.05,1.16,+0.01%,0
"2026-08-04 13:28",7737.95,7738.59,7737.33,7737.33,-0.72,-0.01%,0
"2026-08-04 13:29",7737.24,7737.29,7736.29,7736.62,-0.71,-0.01%,0
"2026-08-04 13:30",7736.68,7736.79,7734.34,7735.45,-1.17,-0.02%,0
"2026-08-04 13:31",7735.47,7735.47,7733.99,7735.39,-0.06,0.00%,0
"2026-08-04 13:32",7735.32,7737.32,7735.32,7737.15,1.76,+0.02%,0
"2026-08-04 13:33",7737.23,7737.44,7735.94,7736.11,-1.04,-0.01%,0
"2026-08-04 13:34",7736.24,7737.21,7735.57,7737.21,1.1,+0.01%,0
"2026-08-04 13:35",7737.2,7738.51,7737.2,7738.5,1.29,+0.02%,0
"2026-08-04 13:36",7738.44,7740.5,7738.3,7740.5,2,+0.03%,0
"2026-08-04 13:37",7740.62,7741.7,7740.62,7741.16,0.66,+0.01%,0
"2026-08-04 13:38",7741.11,7742.42,7741.09,7742.05,0.89,+0.01%,0
"2026-08-04 13:39",7741.99,7742.7,7741.41,7742.7,0.65,+0.01%,0
"2026-08-04 13:40",7742.61,7744.48,7742.56,7744.43,1.73,+0.02%,0
"2026-08-04 13:41",7744.54,7745.49,7744.15,7744.76,0.33,0.00%,0
"2026-08-04 13:42",7744.98,7745.93,7744.98,7745.52,0.76,+0.01%,0
"2026-08-04 13:43",7745.62,7745.65,7744.55,7744.87,-0.65,-0.01%,0
"2026-08-04 13:44",7745.06,7746.91,7744.95,7746.8,1.93,+0.02%,0
"2026-08-04 13:45",7746.92,7748.78,7746.92,7748.45,1.65,+0.02%,0
"2026-08-04 13:46",7748.45,7749.51,7747.86,7749.34,0.89,+0.01%,0
"2026-08-04 13:47",7749.42,7750.92,7749.11,7750.34,1,+0.01%,0
"2026-08-04 13:48",7750.81,7753.99,7750.79,7753.91,3.57,+0.05%,0
"2026-08-04 13:49",7754.02,7754.49,7750.93,7751.26,-2.65,-0.03%,0
"2026-08-04 13:50",7751.35,7751.35,7745.24,7745.24,-6.02,-0.08%,0
"2026-08-04 13:51",7745.18,7745.18,7741.35,7741.84,-3.4,-0.04%,0
"2026-08-04 13:52",7741.93,7743.48,7741.26,7743.21,1.37,+0.02%,0
"2026-08-04 13:53",7743.29,7745.23,7743.12,7745.18,1.97,+0.03%,0
"2026-08-04 13:54",7745.17,7745.17,7743.33,7743.37,-1.81,-0.02%,0
"2026-08-04 13:55",7743.26,7744.31,7741.69,7744.07,0.7,+0.01%,0
"2026-08-04 13:56",7744.18,7745.5,7743.53,7744.01,-0.06,0.00%,0
"2026-08-04 13:57",7744.05,7744.21,7743.31,7743.91,-0.1,0.00%,0
"2026-08-04 13:58",7744.21,7745.17,7743.84,7744.17,0.26,0.00%,0
"2026-08-04 13:59",7743.88,7743.88,7740.49,7740.6,-3.57,-0.05%,0
"2026-08-04 14:00",7740.35,7741.33,7735.62,7736.83,-3.77,-0.05%,0
"2026-08-04 14:01",7736.65,7741.46,7736.57,7741.03,4.2,+0.05%,0
"2026-08-04 14:02",7741.18,7743.63,7741.17,7741.94,0.91,+0.01%,0
"2026-08-04 14:03",7742.09,7742.41,7741.09,7741.82,-0.12,0.00%,0
"2026-08-04 14:04",7741.83,7741.83,7737.18,7737.55,-4.27,-0.06%,0
"2026-08-04 14:05",7737.64,7742.12,7736.88,7741.99,4.44,+0.06%,0
"2026-08-04 14:06",7742.07,7742.27,7739.02,7740.84,-1.15,-0.01%,0
"2026-08-04 14:07",7740.83,7743.32,7740.83,7742.04,1.2,+0.02%,0
"2026-08-04 14:08",7742.16,7742.32,7741,7741.27,-0.77,-0.01%,0
"2026-08-04 14:09",7741.61,7744.01,7741.24,7742.81,1.54,+0.02%,0
"2026-08-04 14:10",7742.9,7744.33,7742.61,7743.04,0.23,0.00%,0
"2026-08-04 14:11",7743.02,7743.94,7742.12,7742.48,-0.56,-0.01%,0
"2026-08-04 14:12",7742.41,7743.13,7741.64,7742.41,-0.07,0.00%,0
"2026-08-04 14:13",7742.47,7743.83,7741.7,7743.64,1.23,+0.02%,0
"2026-08-04 14:14",7743.72,7745.99,7743.15,7745.99,2.35,+0.03%,0
"2026-08-04 14:15",7746.05,7747.68,7746.05,7746.58,0.59,+0.01%,0
"2026-08-04 14:16",7746.73,7747.2,7745.25,7745.67,-0.91,-0.01%,0
"2026-08-04 14:17",7745.84,7746.15,7744.46,7744.46,-1.21,-0.02%,0
"2026-08-04 14:18",7744.37,7745.97,7744.05,7745.88,1.42,+0.02%,0
"2026-08-04 14:19",7745.96,7746.45,7745.01,7746.01,0.13,0.00%,0
"2026-08-04 14:20",7746.04,7746.99,7745.28,7746.99,0.98,+0.01%,0
"2026-08-04 14:21",7747.07,7747.32,7745.18,7745.56,-1.43,-0.02%,0
"2026-08-04 14:22",7745.67,7747.81,7745.62,7747.1,1.54,+0.02%,0
"2026-08-04 14:23",7747.09,7748.18,7747.08,7747.91,0.81,+0.01%,0
"2026-08-04 14:24",7747.59,7747.73,7745.69,7745.69,-2.22,-0.03%,0
"2026-08-04 14:25",7745.83,7747.16,7745.83,7746.47,0.78,+0.01%,0
"2026-08-04 14:26",7746.28,7746.58,7745.11,7745.63,-0.84,-0.01%,0
"2026-08-04 14:27",7745.66,7746.14,7744.57,7744.97,-0.66,-0.01%,0
"2026-08-04 14:28",7744.99,7746.68,7744.89,7746.48,1.51,+0.02%,0
"2026-08-04 14:29",7746.46,7747.93,7746.42,7747.63,1.15,+0.01%,0
"2026-08-04 14:30",7747.81,7748.69,7747.69,7748.69,1.06,+0.01%,0
"2026-08-04 14:31",7748.7,7748.82,7746.56,7746.57,-2.12,-0.03%,0
"2026-08-04 14:32",7746.58,7748.1,7746.58,7747.81,1.24,+0.02%,0
"2026-08-04 14:33",7747.84,7747.84,7746.23,7746.66,-1.15,-0.01%,0
"2026-08-04 14:34",7746.77,7747.47,7745.56,7745.81,-0.85,-0.01%,0
"2026-08-04 14:35",7746.02,7747.04,7745.56,7745.9,0.09,0.00%,0
"2026-08-04 14:36",7746.07,7747.12,7746.07,7746.78,0.88,+0.01%,0
"2026-08-04 14:37",7746.76,7746.79,7743.56,7743.95,-2.83,-0.04%,0
"2026-08-04 14:38",7744.1,7744.4,7742.92,7743.15,-0.8,-0.01%,0
"2026-08-04 14:39",7743.12,7743.52,7742.62,7743.08,-0.07,0.00%,0
"2026-08-04 14:40",7743.17,7743.17,7740.19,7740.89,-2.19,-0.03%,0
"2026-08-04 14:41",7740.84,7743.09,7740.74,7742.94,2.05,+0.03%,0
"2026-08-04 14:42",7743,7743,7740.07,7740.07,-2.87,-0.04%,0
"2026-08-04 14:43",7740.08,7740.38,7738.97,7740.08,0.01,0.00%,0
"2026-08-04 14:44",7740.2,7741.89,7740.2,7741.74,1.66,+0.02%,0
"2026-08-04 14:45",7741.74,7744.73,7741.74,7743.73,1.99,+0.03%,0
"2026-08-04 14:46",7743.65,7745.27,7743.54,7745.27,1.54,+0.02%,0
"2026-08-04 14:47",7745.22,7745.57,7744.55,7745.57,0.3,0.00%,0
"2026-08-04 14:48",7745.65,7746.59,7745.48,7745.91,0.34,0.00%,0
"2026-08-04 14:49",7746.08,7747.18,7745.2,7745.52,-0.39,-0.01%,0
"2026-08-04 14:50",7745.57,7747.02,7745.44,7747.02,1.5,+0.02%,0
"2026-08-04 14:51",7746.93,7747.22,7745.77,7746.53,-0.49,-0.01%,0
"2026-08-04 14:52",7746.56,7747.08,7745.7,7746.32,-0.21,0.00%,0
"2026-08-04 14:53",7746.14,7746.14,7744.95,7745.37,-0.95,-0.01%,0
"2026-08-04 14:54",7745.37,7745.9,7743.99,7744.59,-0.78,-0.01%,0
"2026-08-04 14:55",7744.7,7745.48,7744.09,7744.4,-0.19,0.00%,0
"2026-08-04 14:56",7744.33,7745.56,7744.33,7745.04,0.64,+0.01%,0
"2026-08-04 14:57",7745.09,7745.4,7744.51,7744.92,-0.12,0.00%,0
"2026-08-04 14:58",7745.07,7745.37,7744.83,7745.02,0.1,0.00%,0
"2026-08-04 14:59",7744.89,7744.98,7743.88,7744.9,-0.12,0.00%,0
"2026-08-04 15:00",7744.89,7748.99,7744.89,7748.99,4.09,+0.05%,0
"2026-08-04 15:01",7749.04,7752.08,7749.04,7751.4,2.41,+0.03%,0
"2026-08-04 15:02",7751.24,7752.13,7751.04,7751.67,0.27,0.00%,0
"2026-08-04 15:03",7751.88,7753.18,7751.82,7752.63,0.96,+0.01%,0
"2026-08-04 15:04",7753.37,7753.38,7751.55,7751.76,-0.87,-0.01%,0
"2026-08-04 15:05",7751.74,7753.5,7750.75,7750.81,-0.95,-0.01%,0
"2026-08-04 15:06",7750.76,7753.22,7750.26,7753.11,2.3,+0.03%,0
"2026-08-04 15:07",7752.85,7753.04,7751.67,7752.43,-0.68,-0.01%,0
"2026-08-04 15:08",7752.28,7753.19,7751.13,7753.09,0.66,+0.01%,0
"2026-08-04 15:09",7753.19,7754.67,7753.05,7754.62,1.53,+0.02%,0
"2026-08-04 15:10",7754.67,7754.9,7753.75,7754.06,-0.56,-0.01%,0
"2026-08-04 15:11",7754.09,7754.66,7753.91,7754.46,0.4,+0.01%,0
"2026-08-04 15:12",7754.34,7754.37,7752.39,7752.67,-1.79,-0.02%,0
"2026-08-04 15:13",7752.5,7753.64,7752.16,7753.19,0.52,+0.01%,0
"2026-08-04 15:14",7753.16,7753.95,7753.11,7753.35,0.16,0.00%,0
"2026-08-04 15:15",7753.39,7754.68,7752.82,7753.06,-0.29,0.00%,0
"2026-08-04 15:16",7752.98,7755.03,7752.53,7754.6,1.54,+0.02%,0
"2026-08-04 15:17",7754.72,7755.32,7754.08,7754.72,0.12,0.00%,0
"2026-08-04 15:18",7754.72,7754.97,7753.84,7754.18,-0.54,-0.01%,0
"2026-08-04 15:19",7754.14,7754.14,7753.15,7753.99,-0.19,0.00%,0
"2026-08-04 15:20",7754.33,7755.48,7754.21,7755.45,1.46,+0.02%,0
"2026-08-04 15:21",7755.46,7755.56,7753.94,7753.94,-1.51,-0.02%,0
"2026-08-04 15:22",7754.04,7754.83,7753.77,7753.8,-0.14,0.00%,0
"2026-08-04 15:23",7753.74,7754.41,7751.83,7752.85,-0.95,-0.01%,0
"2026-08-04 15:24",7752.74,7753.91,7752.7,7752.86,0.01,0.00%,0
"2026-08-04 15:25",7752.8,7753.75,7750.2,7750.86,-2.,-0.03%,0
"2026-08-04 15:26",7750.88,7750.88,7748.97,7749.43,-1.43,-0.02%,0
"2026-08-04 15:27",7749.31,7750.15,7749.04,7749.13,-0.3,0.00%,0
"2026-08-04 15:28",7749.11,7749.26,7747.31,7747.47,-1.66,-0.02%,0
"2026-08-04 15:29",7747.19,7747.33,7746.01,7747.29,-0.18,0.00%,0
"2026-08-04 15:30",7747.67,7748.65,7746.33,7748.65,1.36,+0.02%,0
"2026-08-04 15:31",7748.61,7750.7,7747.62,7750.42,1.77,+0.02%,0
"2026-08-04 15:32",7750.7,7750.93,7748.42,7749.72,-0.7,-0.01%,0
"2026-08-04 15:33",7749.57,7750.31,7749.22,7749.62,-0.1,0.00%,0
"2026-08-04 15:34",7749.54,7750.37,7748.86,7750.37,0.75,+0.01%,0
"2026-08-04 15:35",7750.48,7750.83,7748.18,7749.66,-0.71,-0.01%,0
"2026-08-04 15:36",7749.66,7750.38,7748.18,7750.32,0.66,+0.01%,0
"2026-08-04 15:37",7750.31,7753.02,7750.31,7752.49,2.17,+0.03%,0
"2026-08-04 15:38",7752.51,7753.33,7752.51,7752.53,0.04,0.00%,0
"2026-08-04 15:39",7752.55,7753.79,7751.91,7752.17,-0.36,0.00%,0
"2026-08-04 15:40",7752.36,7753.65,7752.36,7753.63,1.46,+0.02%,0
"2026-08-04 15:41",7753.77,7755.23,7753.77,7754.48,0.85,+0.01%,0
"2026-08-04 15:42",7754.54,7755.42,7754.01,7755.42,0.94,+0.01%,0
"2026-08-04 15:43",7755.42,7755.61,7753.37,7755.61,0.19,0.00%,0
"2026-08-04 15:44",7756.1,7757.73,7756.1,7757.14,1.53,+0.02%,0
"2026-08-04 15:45",7757.28,7757.28,7755.88,7756.8,-0.34,0.00%,0
"2026-08-04 15:46",7757.04,7758.21,7756.49,7756.67,-0.13,0.00%,0
"2026-08-04 15:47",7756.79,7756.81,7754.35,7754.47,-2.2,-0.03%,0
"2026-08-04 15:48",7754.54,7754.54,7752.62,7754.35,-0.12,0.00%,0
"2026-08-04 15:49",7754.42,7754.42,7752.78,7753.9,-0.45,-0.01%,0
"2026-08-04 15:50",7754.05,7754.05,7748.64,7748.66,-5.24,-0.07%,0
"2026-08-04 15:51",7748.79,7749.08,7747.47,7748.4,-0.26,0.00%,0
"2026-08-04 15:52",7747.97,7749.52,7746.87,7748.6,0.2,0.00%,0
"2026-08-04 15:53",7748.62,7749.18,7745.5,7746.16,-2.44,-0.03%,0
"2026-08-04 15:54",7746.31,7746.31,7742.31,7742.98,-3.18,-0.04%,0
"2026-08-04 15:55",7742.6,7742.6,7738.2,7738.57,-4.41,-0.06%,0
"2026-08-04 15:56",7739.22,7739.29,7736.31,7736.39,-2.18,-0.03%,0
"2026-08-04 15:57",7736.61,7738.56,7736.27,7738.22,1.83,+0.02%,0
"2026-08-04 15:58",7738.35,7740.24,7737.93,7740.24,2.02,+0.03%,0
"2026-08-04 15:59",7740.34,7746.55,7734.96,7735.6,-4.64,-0.06%,0
"2026-08-04 16:00",7737.36,7737.7,7736.32,7736.49,0.89,+0.01%,0
"2026-08-04 16:01",7736.49,7736.49,7736.49,7736.49,0,0.00%,0
"2026-08-04 16:02",7736.49,7736.53,7736.49,7736.53,0.04,0.00%,0
"2026-08-04 16:03",7736.53,7736.53,7736.51,7736.51,-0.02,0.00%,0
"2026-08-04 16:04",7736.51,7736.52,7736.51,7736.52,0.01,0.00%,0
"2026-08-04 16:05",7736.52,7736.53,7736.51,7736.52,0,0.00%,0
"2026-08-04 16:06",7736.52,7736.52,7736.52,7736.52,0,0.00%,0
"2026-08-04 16:07",7736.52,7736.52,7736.52,7736.52,0,0.00%,0
"2026-08-04 16:08",7736.52,7736.52,7736.52,7736.52,0,0.00%,0
"2026-08-04 16:09",7736.52,7736.52,7736.52,7736.52,0,0.00%,0
"2026-08-04 16:10",7736.52,7736.52,7736.52,7736.52,0,0.00%,0
"2026-08-04 16:11",7736.52,7736.52,7736.52,7736.52,0,0.00%,0
"2026-08-04 16:12",7736.52,7736.52,7736.52,7736.52,0,0.00%,0
"2026-08-04 16:13",7736.52,7736.52,7736.52,7736.52,0,0.00%,0
"2026-08-04 16:14",7736.52,7736.52,7736.52,7736.52,0,0.00%,0
"2026-08-04 16:15",7736.52,7736.52,7736.52,7736.52,0,0.00%,0
"2026-08-04 16:16",7736.52,7736.52,7736.52,7736.52,0,0.00%,0
"2026-08-04 16:17",7736.52,7736.52,7736.52,7736.52,0,0.00%,0
"2026-08-04 16:18",7736.52,7736.52,7736.52,7736.52,0,0.00%,0
"2026-08-04 16:19",7736.52,7736.52,7736.52,7736.52,0,0.00%,0
"2026-08-04 16:20",7736.52,7736.52,7736.52,7736.52,0,0.00%,0
"2026-08-04 16:42",7736.52,7736.52,7736.52,7736.52,0,0.00%,0
"2026-08-05 09:30",7771.62,7789.09,7771.62,7786.68,50.16,+0.65%,0
"2026-08-05 09:31",7786.97,7793.68,7786.97,7787.63,0.95,+0.01%,0
"2026-08-05 09:32",7787.52,7788.65,7778.22,7781.51,-6.12,-0.08%,0
"2026-08-05 09:33",7782.43,7786.16,7782.08,7783.7,2.19,+0.03%,0
"2026-08-05 09:34",7784.01,7786.68,7781.78,7786.68,2.98,+0.04%,0
"2026-08-05 09:35",7786.22,7787.95,7784.15,7786.57,-0.11,0.00%,0
"2026-08-05 09:36",7786.57,7787.18,7776.88,7779.6,-6.97,-0.09%,0
"2026-08-05 09:37",7779.69,7782.18,7777.5,7779.37,-0.23,0.00%,0
"2026-08-05 09:38",7779.24,7786.29,7779.12,7783.36,3.99,+0.05%,0
"2026-08-05 09:39",7783.9,7790.46,7780.47,7789.83,6.47,+0.08%,0
"2026-08-05 09:40",7789.27,7792.8,7786.44,7789.52,-0.31,0.00%,0
"2026-08-05 09:41",7788.82,7790.41,7786.78,7788.94,-0.58,-0.01%,0
"2026-08-05 09:42",7789.06,7789.79,7787.54,7787.75,-1.19,-0.02%,0
"2026-08-05 09:43",7788.08,7789.68,7785.03,7787.11,-0.64,-0.01%,0
"2026-08-05 09:44",7787.61,7789.76,7783.75,7789.76,2.65,+0.03%,0
"2026-08-05 09:45",7789.31,7790.48,7780,7780.11,-9.65,-0.12%,0
"2026-08-05 09:46",7780.44,7783.35,7779.24,7779.79,-0.32,0.00%,0
"2026-08-05 09:47",7779.93,7783.42,7779.4,7782.78,2.99,+0.04%,0
"2026-08-05 09:48",7783,7786.39,7782.28,7783.46,0.68,+0.01%,0
"2026-08-05 09:49",7783.42,7783.57,7779.11,7779.29,-4.17,-0.05%,0
"2026-08-05 09:50",7779.17,7779.53,7768.85,7771.84,-7.45,-0.10%,0
"2026-08-05 09:51",7772.03,7774.81,7769.97,7772.81,0.97,+0.01%,0
"2026-08-05 09:52",7773.14,7777.16,7773.12,7776.4,3.59,+0.05%,0
"2026-08-05 09:53",7776.25,7781.69,7774.83,7778.16,1.76,+0.02%,0
"2026-08-05 09:54",7778.31,7781.93,7774.52,7781.93,3.77,+0.05%,0
"2026-08-05 09:55",7782.37,7782.5,7778.87,7781.04,-0.89,-0.01%,0
"2026-08-05 09:56",7780.96,7781.75,7778.25,7779.99,-1.05,-0.01%,0
"2026-08-05 09:57",7779.91,7784.95,7779.91,7784.94,4.95,+0.06%,0
"2026-08-05 09:58",7785.24,7790.31,7785.24,7790.31,5.37,+0.07%,0
"2026-08-05 09:59",7790.46,7791.18,7788.57,7791.13,0.82,+0.01%,0
"2026-08-05 10:00",7791.01,7791.01,7781.7,7785.32,-5.81,-0.07%,0
"2026-08-05 10:01",7785.26,7785.26,7779.72,7779.72,-5.6,-0.07%,0
"2026-08-05 10:02",7780.04,7780.04,7774.67,7776.41,-3.31,-0.04%,0
"2026-08-05 10:03",7776.58,7783.33,7776.58,7782.92,6.51,+0.08%,0
"2026-08-05 10:04",7782.58,7783.95,7777.79,7781.37,-1.55,-0.02%,0
"2026-08-05 10:05",7781.82,7788.98,7781.82,7785.11,3.74,+0.05%,0
"2026-08-05 10:06",7784.78,7786.61,7781.53,7784.56,-0.55,-0.01%,0
"2026-08-05 10:07",7784.64,7786.37,7783.02,7784.21,-0.35,0.00%,0
"2026-08-05 10:08",7783.9,7786.65,7783.46,7784.06,-0.15,0.00%,0
"2026-08-05 10:09",7783.86,7787.91,7783.63,7784.85,0.79,+0.01%,0
"2026-08-05 10:10",7785.34,7787.54,7782.33,7787.54,2.69,+0.03%,0
"2026-08-05 10:11",7787.41,7787.99,7782.2,7783.04,-4.5,-0.06%,0
"2026-08-05 10:12",7783.19,7785.4,7782.06,7782.48,-0.56,-0.01%,0
"2026-08-05 10:13",7782.31,7785.86,7782.31,7784.63,2.15,+0.03%,0
"2026-08-05 10:14",7785.26,7788.87,7785.01,7786.19,1.56,+0.02%,0
"2026-08-05 10:15",7785.97,7789.07,7785.39,7786.77,0.58,+0.01%,0
"2026-08-05 10:16",7786.65,7787.53,7783.29,7783.71,-3.06,-0.04%,0
"2026-08-05 10:17",7783.62,7785.79,7783.62,7785.79,2.08,+0.03%,0
"2026-08-05 10:18",7785.85,7786.35,7784.11,7786.23,0.44,+0.01%,0
"2026-08-05 10:19",7786.44,7786.49,7781.86,7781.86,-4.37,-0.06%,0
"2026-08-05 10:20",7781.58,7781.61,7778.19,7780.15,-1.71,-0.02%,0
"2026-08-05 10:21",7780.82,7781.76,7777.1,7777.61,-2.54,-0.03%,0
"2026-08-05 10:22",7777.95,7778.26,7775.15,7776.89,-0.72,-0.01%,0
"2026-08-05 10:23",7776.45,7776.49,7772.71,7774.67,-2.22,-0.03%,0
"2026-08-05 10:24",7774.59,7781.66,7774.21,7781.26,6.59,+0.08%,0
"2026-08-05 10:25",7781.49,7785.81,7781.08,7781.08,-0.18,0.00%,0
"2026-08-05 10:26",7780.7,7782.02,7777.92,7778.12,-2.96,-0.04%,0
"2026-08-05 10:27",7778.2,7779.62,7777.43,7779.51,1.39,+0.02%,0
"2026-08-05 10:28",7779.78,7779.78,7774.6,7774.6,-4.91,-0.06%,0
"2026-08-05 10:29",7774.63,7775.93,7771.63,7772,-2.6,-0.03%,0
"2026-08-05 10:30",7772.05,7772.05,7767.86,7770.56,-1.44,-0.02%,0
"2026-08-05 10:31",7770.93,7772.5,7766.5,7766.6,-3.96,-0.05%,0
"2026-08-05 10:32",7766.7,7770.38,7766.59,7770.12,3.52,+0.05%,0
"2026-08-05 10:33",7770,7773.51,7769.32,7773.07,2.95,+0.04%,0
"2026-08-05 10:34",7772.93,7774.36,7769.42,7770.44,-2.63,-0.03%,0
"2026-08-05 10:35",7770.05,7772.74,7769.25,7770.32,-0.12,0.00%,0
"2026-08-05 10:36",7770.22,7770.22,7765.75,7767.46,-2.86,-0.04%,0
"2026-08-05 10:37",7767.6,7769.99,7763.22,7763.22,-4.24,-0.05%,0
"2026-08-05 10:38",7762.98,7767.18,7762.55,7766.41,3.19,+0.04%,0
"2026-08-05 10:39",7766.56,7768.68,7763.57,7763.82,-2.59,-0.03%,0
"2026-08-05 10:40",7763.35,7765.41,7761.81,7761.85,-1.97,-0.03%,0
"2026-08-05 10:41",7761.93,7764.91,7761.35,7764.91,3.06,+0.04%,0
"2026-08-05 10:42",7764.62,7768.15,7762.39,7767.88,2.97,+0.04%,0
"2026-08-05 10:43",7767.39,7767.95,7763.85,7766.27,-1.61,-0.02%,0
"2026-08-05 10:44",7766.09,7766.99,7761.5,7764.93,-1.34,-0.02%,0
"2026-08-05 10:45",7764.82,7766.36,7762.74,7764.47,-0.46,-0.01%,0
"2026-08-05 10:46",7764.57,7770.08,7764.4,7769.09,4.62,+0.06%,0
"2026-08-05 10:47",7768.96,7769.51,7768,7768.19,-0.9,-0.01%,0
"2026-08-05 10:48",7768.11,7768.44,7767.1,7767.48,-0.71,-0.01%,0
"2026-08-05 10:49",7767.58,7770.95,7767.11,7769.66,2.18,+0.03%,0
"2026-08-05 10:50",7769.49,7771.84,7767.11,7767.11,-2.55,-0.03%,0
"2026-08-05 10:51",7767.21,7767.91,7762.24,7763.54,-3.57,-0.05%,0
"2026-08-05 10:52",7763.58,7763.82,7758.78,7759.97,-3.57,-0.05%,0
"2026-08-05 10:53",7760.31,7760.65,7751.74,7752.68,-7.29,-0.09%,0
"2026-08-05 10:54",7752.89,7755.76,7751.97,7755.37,2.69,+0.03%,0
"2026-08-05 10:55",7755.8,7756.26,7751.73,7755.02,-0.35,0.00%,0
"2026-08-05 10:56",7754.81,7755.71,7752.59,7755.61,0.59,+0.01%,0
"2026-08-05 10:57",7755.66,7761.18,7755.31,7759.81,4.2,+0.05%,0
"2026-08-05 10:58",7759.65,7760.98,7755.48,7755.48,-4.33,-0.06%,0
"2026-08-05 10:59",7755.78,7760.86,7755.64,7758.74,3.26,+0.04%,0
"2026-08-05 11:00",7758.61,7763.29,7758.36,7762.77,4.03,+0.05%,0
"2026-08-05 11:01",7762.72,7763.08,7758.12,7758.65,-4.12,-0.05%,0
"2026-08-05 11:02",7758.96,7763.24,7758.96,7761.79,3.14,+0.04%,0
"2026-08-05 11:03",7761.36,7761.36,7758.01,7758.58,-3.21,-0.04%,0
"2026-08-05 11:04",7758.41,7759.56,7757.63,7759.5,0.92,+0.01%,0
"2026-08-05 11:05",7759.89,7761.39,7758.02,7758.02,-1.48,-0.02%,0
"2026-08-05 11:06",7757.79,7760.24,7756.27,7759.61,1.59,+0.02%,0
"2026-08-05 11:07",7759.65,7761.51,7759.37,7760.22,0.61,+0.01%,0
"2026-08-05 11:08",7760.38,7760.38,7757.71,7757.71,-2.51,-0.03%,0
"2026-08-05 11:09",7757.71,7762.8,7757.45,7760.83,3.12,+0.04%,0
"2026-08-05 11:10",7760.78,7761.21,7759.5,7761.21,0.38,0.00%,0
"2026-08-05 11:11",7761.43,7763.24,7758.7,7758.74,-2.47,-0.03%,0
"2026-08-05 11:12",7758.98,7761.65,7758.56,7759.19,0.45,+0.01%,0
"2026-08-05 11:13",7758.75,7758.82,7754.41,7754.41,-4.78,-0.06%,0
"2026-08-05 11:14",7754.23,7755.81,7754.11,7754.67,0.26,0.00%,0
"2026-08-05 11:15",7754.75,7756.12,7750.13,7750.13,-4.54,-0.06%,0
"2026-08-05 11:16",7750.08,7750.48,7747.55,7750.41,0.28,0.00%,0
"2026-08-05 11:17",7750.6,7750.75,7745.6,7745.6,-4.81,-0.06%,0
"2026-08-05 11:18",7745.62,7745.62,7735.9,7741.12,-4.48,-0.06%,0
"2026-08-05 11:19",7741.22,7746.9,7741.22,7746.83,5.71,+0.07%,0
"2026-08-05 11:20",7747.68,7747.91,7745.01,7747.89,1.06,+0.01%,0
"2026-08-05 11:21",7748.09,7750.52,7747.26,7750.52,2.63,+0.03%,0
"2026-08-05 11:22",7750.3,7750.46,7747.81,7747.81,-2.71,-0.03%,0
"2026-08-05 11:23",7747.75,7749.44,7747.03,7747.12,-0.69,-0.01%,0
"2026-08-05 11:24",7746.36,7749.74,7745.04,7746.95,-0.17,0.00%,0
"2026-08-05 11:25",7746.27,7746.44,7742.94,7743.15,-3.8,-0.05%,0
"2026-08-05 11:26",7743.17,7744.87,7742.96,7744.08,0.93,+0.01%,0
"2026-08-05 11:27",7743.92,7746.31,7743.58,7744.49,0.41,+0.01%,0
"2026-08-05 11:28",7744.69,7744.69,7739.97,7739.97,-4.52,-0.06%,0
"2026-08-05 11:29",7740.02,7742.71,7739.43,7741.37,1.4,+0.02%,0
"2026-08-05 11:30",7741.28,7744.59,7741.09,7744.59,3.22,+0.04%,0
"2026-08-05 11:31",7744.58,7749.37,7744.58,7747.47,2.88,+0.04%,0
"2026-08-05 11:32",7747.65,7748.64,7747.42,7747.49,0.02,0.00%,0
"2026-08-05 11:33",7747.71,7748.11,7745.81,7747.03,-0.46,-0.01%,0
"2026-08-05 11:34",7747.21,7747.84,7742.04,7742.19,-4.84,-0.06%,0
"2026-08-05 11:35",7742.45,7744.56,7742.45,7744.31,2.12,+0.03%,0
"2026-08-05 11:36",7744.49,7744.57,7742.64,7744.57,0.26,0.00%,0
"2026-08-05 11:37",7744.47,7746.22,7743.62,7745.55,0.98,+0.01%,0
"2026-08-05 11:38",7745.42,7745.42,7743.38,7743.38,-2.17,-0.03%,0
"2026-08-05 11:39",7743.42,7746.63,7742.57,7745.43,2.05,+0.03%,0
"2026-08-05 11:40",7745.43,7746.56,7743.73,7744.01,-1.42,-0.02%,0
"2026-08-05 11:41",7744.35,7744.35,7741.22,7743.39,-0.62,-0.01%,0
"2026-08-05 11:42",7743.66,7745.2,7742.9,7744.99,1.6,+0.02%,0
"2026-08-05 11:43",7745.23,7745.37,7742.88,7743.84,-1.15,-0.01%,0
"2026-08-05 11:44",7743.76,7744.02,7742.34,7743.47,-0.37,0.00%,0
"2026-08-05 11:45",7743.52,7743.58,7739.53,7741.72,-1.75,-0.02%,0
"2026-08-05 11:46",7741.78,7741.89,7740.01,7741.37,-0.35,0.00%,0
"2026-08-05 11:47",7741.66,7741.66,7739.65,7739.65,-1.72,-0.02%,0
"2026-08-05 11:48",7739.76,7741.11,7739.26,7740.87,1.22,+0.02%,0
"2026-08-05 11:49",7740.96,7741.71,7737.07,7737.65,-3.22,-0.04%,0
"2026-08-05 11:50",7737.48,7738.51,7736.52,7737.66,0.01,0.00%,0
"2026-08-05 11:51",7737.66,7737.73,7735.46,7735.99,-1.67,-0.02%,0
"2026-08-05 11:52",7735.72,7736.72,7735.09,7735.6,-0.39,-0.01%,0
"2026-08-05 11:53",7735.44,7738.97,7735.44,7738.33,2.73,+0.04%,0
"2026-08-05 11:54",7738.3,7738.79,7735.87,7736.18,-2.15,-0.03%,0
"2026-08-05 11:55",7736.17,7736.17,7734.26,7734.59,-1.59,-0.02%,0
"2026-08-05 11:56",7734.9,7734.9,7731.02,7731.85,-2.74,-0.04%,0
"2026-08-05 11:57",7732.09,7732.09,7727.08,7730.37,-1.48,-0.02%,0
"2026-08-05 11:58",7730.24,7734.04,7729.94,7733.34,2.97,+0.04%,0
"2026-08-05 11:59",7733.31,7734.78,7730.31,7730.31,-3.03,-0.04%,0
"2026-08-05 12:00",7730.09,7731.35,7728.81,7729.96,-0.35,0.00%,0
"2026-08-05 12:01",7730.3,7730.62,7728.35,7728.35,-1.61,-0.02%,0
"2026-08-05 12:02",7728.28,7728.71,7723.99,7725.85,-2.5,-0.03%,0
"2026-08-05 12:03",7725.84,7728.61,7724.5,7728.18,2.33,+0.03%,0
"2026-08-05 12:04",7728.15,7733.61,7728.15,7732.32,4.14,+0.05%,0
"2026-08-05 12:05",7732.33,7732.52,7729.18,7730.73,-1.59,-0.02%,0
"2026-08-05 12:06",7731.05,7731.98,7726.51,7727.42,-3.31,-0.04%,0
"2026-08-05 12:07",7727.46,7729.48,7726.98,7727.32,-0.1,0.00%,0
"2026-08-05 12:08",7727.39,7728.05,7723.59,7723.84,-3.48,-0.05%,0
"2026-08-05 12:09",7723.48,7725.92,7722.36,7725.34,1.5,+0.02%,0
"2026-08-05 12:10",7725.39,7726.81,7724.43,7724.88,-0.46,-0.01%,0
"2026-08-05 12:11",7724.77,7726.7,7724.36,7725.73,0.85,+0.01%,0
"2026-08-05 12:12",7725.75,7726.32,7722.53,7724.89,-0.84,-0.01%,0
"2026-08-05 12:13",7724.77,7726.48,7724.17,7725.13,0.24,0.00%,0
"2026-08-05 12:14",7725,7727.79,7723.55,7727.79,2.66,+0.03%,0
"2026-08-05 12:15",7727.64,7728.82,7726.36,7728.36,0.57,+0.01%,0
"2026-08-05 12:16",7728.19,7734.77,7728.19,7733.62,5.26,+0.07%,0
"2026-08-05 12:17",7733.59,7734.28,7731.56,7732.88,-0.74,-0.01%,0
"2026-08-05 12:18",7732.94,7733.07,7730.62,7730.97,-1.91,-0.02%,0
"2026-08-05 12:19",7730.96,7731.77,7728.85,7729.68,-1.29,-0.02%,0
"2026-08-05 12:20",7729.98,7737.2,7729.62,7737.2,7.52,+0.10%,0
"2026-08-05 12:21",7737.25,7740.67,7737.25,7740.67,3.47,+0.04%,0
"2026-08-05 12:22",7740.24,7740.24,7738.22,7739.5,-1.17,-0.02%,0
"2026-08-05 12:23",7739.65,7740.02,7736.7,7736.83,-2.67,-0.03%,0
"2026-08-05 12:24",7736.51,7737.23,7733.11,7734.52,-2.31,-0.03%,0
"2026-08-05 12:25",7734.69,7738.6,7734.69,7738.37,3.85,+0.05%,0
"2026-08-05 12:26",7738.31,7741.57,7738.13,7741.57,3.2,+0.04%,0
"2026-08-05 12:27",7741.58,7744.39,7741.58,7741.61,0.04,0.00%,0
"2026-08-05 12:28",7741.37,7742.29,7740.51,7742.19,0.58,+0.01%,0
"2026-08-05 12:29",7742.11,7744.9,7742.11,7744.72,2.53,+0.03%,0
"2026-08-05 12:30",7744.74,7745.94,7741.88,7741.88,-2.84,-0.04%,0
"2026-08-05 12:31",7741.85,7741.94,7739.83,7739.95,-1.93,-0.02%,0
"2026-08-05 12:32",7739.94,7742.41,7739.44,7741.69,1.74,+0.02%,0
"2026-08-05 12:33",7741.66,7741.85,7736.26,7737.09,-4.6,-0.06%,0
"2026-08-05 12:34",7736.94,7740.63,7736.94,7740.63,3.54,+0.05%,0
"2026-08-05 12:35",7740.7,7740.7,7737.58,7739.21,-1.42,-0.02%,0
"2026-08-05 12:36",7739.26,7739.39,7736.96,7739,-0.21,0.00%,0
"2026-08-05 12:37",7739.11,7739.87,7738.77,7739.83,0.83,+0.01%,0
"2026-08-05 12:38",7739.69,7741.32,7739.17,7741.32,1.49,+0.02%,0
"2026-08-05 12:39",7741.34,7741.87,7739,7739.11,-2.21,-0.03%,0
"2026-08-05 12:40",7739.24,7741.49,7738.85,7741.49,2.38,+0.03%,0
"2026-08-05 12:41",7741.55,7743.49,7741.55,7742.01,0.52,+0.01%,0
"2026-08-05 12:42",7741.73,7741.77,7738.59,7738.59,-3.42,-0.04%,0
"2026-08-05 12:43",7738.6,7740.81,7738.2,7740.51,1.92,+0.02%,0
"2026-08-05 12:44",7740.48,7741.78,7739.35,7739.5,-1.01,-0.01%,0
"2026-08-05 12:45",7739.54,7740.99,7737.64,7740.74,1.24,+0.02%,0
"2026-08-05 12:46",7740.56,7740.8,7738,7738.11,-2.63,-0.03%,0
"2026-08-05 12:47",7738.18,7739.71,7738.18,7738.37,0.26,0.00%,0
"2026-08-05 12:48",7738.27,7738.61,7737.16,7738.43,0.06,0.00%,0
"2026-08-05 12:49",7738.42,7738.63,7737.47,7738.01,-0.42,-0.01%,0
"2026-08-05 12:50",7737.95,7741.26,7737.78,7741.26,3.25,+0.04%,0
"2026-08-05 12:51",7741.76,7742.76,7740.75,7740.85,-0.41,-0.01%,0
"2026-08-05 12:52",7740.95,7743.27,7740.68,7742.02,1.17,+0.02%,0
"2026-08-05 12:53",7741.94,7743.84,7741.22,7743.7,1.68,+0.02%,0
"2026-08-05 12:54",7743.7,7744.23,7742.7,7743.82,0.12,0.00%,0
"2026-08-05 12:55",7743.62,7744.13,7742.71,7742.71,-1.11,-0.01%,0
"2026-08-05 12:56",7742.73,7744.33,7742.41,7742.83,0.12,0.00%,0
"2026-08-05 12:57",7742.76,7744.86,7742.7,7744.62,1.79,+0.02%,0
"2026-08-05 12:58",7744.6,7745.19,7742.07,7742.33,-2.29,-0.03%,0
"2026-08-05 12:59",7742.29,7742.78,7741.17,7742.09,-0.24,0.00%,0
"2026-08-05 13:00",7742.14,7744.1,7740.31,7742.38,0.29,0.00%,0
"2026-08-05 13:01",7742.43,7745.05,7742.27,7744.45,2.07,+0.03%,0
"2026-08-05 13:02",7744.51,7744.57,7739.07,7739.21,-5.24,-0.07%,0
"2026-08-05 13:03",7739.05,7740.2,7737.93,7739.7,0.49,+0.01%,0
"2026-08-05 13:04",7739.69,7739.98,7736.86,7737.29,-2.41,-0.03%,0
"2026-08-05 13:05",7737.37,7739.09,7736.66,7738.7,1.41,+0.02%,0
"2026-08-05 13:06",7738.92,7738.92,7734.82,7735.27,-3.43,-0.04%,0
"2026-08-05 13:07",7735.13,7738.36,7734.89,7736.95,1.68,+0.02%,0
"2026-08-05 13:08",7736.88,7738.12,7736.79,7737.83,0.88,+0.01%,0
"2026-08-05 13:09",7737.72,7738.06,7736.25,7736.81,-1.02,-0.01%,0
"2026-08-05 13:10",7736.87,7737.18,7735.15,7735.15,-1.66,-0.02%,0
"2026-08-05 13:11",7734.94,7739.39,7734.7,7739.39,4.24,+0.05%,0
"2026-08-05 13:12",7739.61,7741.15,7739.23,7740.63,1.24,+0.02%,0
"2026-08-05 13:13",7740.53,7740.53,7737.96,7739.04,-1.59,-0.02%,0
"2026-08-05 13:14",7738.78,7739.4,7738.04,7738.89,-0.15,0.00%,0
"2026-08-05 13:15",7738.7,7741.2,7736.32,7740.82,1.93,+0.02%,0
"2026-08-05 13:16",7740.82,7741.64,7738.91,7739.02,-1.8,-0.02%,0
"2026-08-05 13:17",7739,7739.04,7736.38,7737.58,-1.44,-0.02%,0
"2026-08-05 13:18",7737.49,7738.44,7736.94,7738.44,0.86,+0.01%,0
"2026-08-05 13:19",7738.59,7738.92,7737.39,7737.65,-0.79,-0.01%,0
"2026-08-05 13:20",7737.56,7737.81,7737.01,7737.64,-0.01,0.00%,0
"2026-08-05 13:21",7737.62,7737.79,7736.94,7737.4,-0.24,0.00%,0
"2026-08-05 13:22",7737.43,7737.6,7734.5,7734.51,-2.89,-0.04%,0
"2026-08-05 13:23",7734.47,7736.59,7734.35,7735.78,1.27,+0.02%,0
"2026-08-05 13:24",7735.75,7737.58,7735.58,7737.58,1.8,+0.02%,0
"2026-08-05 13:25",7737.59,7738.26,7736.85,7737.67,0.09,0.00%,0
"2026-08-05 13:26",7738.11,7740.82,7738.11,7740.81,3.14,+0.04%,0
"2026-08-05 13:27",7740.84,7741.7,7739.74,7739.74,-1.07,-0.01%,0
"2026-08-05 13:28",7739.81,7740.32,7738.81,7739,-0.74,-0.01%,0
"2026-08-05 13:29",7739.04,7739.04,7736.46,7736.98,-2.02,-0.03%,0
"2026-08-05 13:30",7737.01,7737.17,7735.25,7735.95,-1.03,-0.01%,0
"2026-08-05 13:31",7735.94,7736.37,7734.43,7736.37,0.42,+0.01%,0
"2026-08-05 13:32",7736.48,7738.42,7735.87,7738.26,1.89,+0.02%,0
"2026-08-05 13:33",7738.27,7739.26,7736.69,7739.06,0.8,+0.01%,0
"2026-08-05 13:34",7739.12,7740.81,7738.32,7738.89,-0.17,0.00%,0
"2026-08-05 13:35",7738.96,7741.27,7738.84,7740.5,1.61,+0.02%,0
"2026-08-05 13:36",7740.58,7740.93,7739.05,7739.7,-0.8,-0.01%,0
"2026-08-05 13:37",7739.55,7741.07,7738.56,7740.8,1.1,+0.01%,0
"2026-08-05 13:38",7740.38,7740.38,7739.25,7739.55,-1.25,-0.02%,0
"2026-08-05 13:39",7739.67,7740.28,7739.6,7740.1,0.55,+0.01%,0
"2026-08-05 13:40",7740.07,7743.49,7739.96,7742.81,2.71,+0.04%,0
"2026-08-05 13:41",7742.78,7742.93,7740.81,7740.99,-1.82,-0.02%,0
"2026-08-05 13:42",7740.98,7742.16,7740.59,7741.34,0.35,0.00%,0
"2026-08-05 13:43",7741.37,7742.15,7740.67,7742.15,0.81,+0.01%,0
"2026-08-05 13:44",7741.96,7742.04,7740.77,7740.77,-1.38,-0.02%,0
"2026-08-05 13:45",7740.71,7740.71,7737.23,7738.73,-2.04,-0.03%,0
"2026-08-05 13:46",7738.62,7739.57,7737.92,7739.33,0.6,+0.01%,0
"2026-08-05 13:47",7739.22,7740.84,7738.25,7740.84,1.51,+0.02%,0
"2026-08-05 13:48",7740.59,7741.21,7739.72,7741.17,0.33,0.00%,0
"2026-08-05 13:49",7741.22,7742.7,7741.14,7741.9,0.73,+0.01%,0
"2026-08-05 13:50",7741.84,7743.02,7740.99,7740.99,-0.91,-0.01%,0
"2026-08-05 13:51",7740.98,7743.37,7740.75,7743.14,2.15,+0.03%,0
"2026-08-05 13:52",7743.2,7743.2,7741.21,7742.07,-1.07,-0.01%,0
"2026-08-05 13:53",7741.96,7741.96,7740.38,7741.05,-1.02,-0.01%,0
"2026-08-05 13:54",7741.17,7741.38,7740.02,7740.28,-0.77,-0.01%,0
"2026-08-05 13:55",7740.16,7740.16,7738.6,7739.43,-0.85,-0.01%,0
"2026-08-05 13:56",7739.45,7741.41,7739.43,7741.41,1.98,+0.03%,0
"2026-08-05 13:57",7741.41,7741.41,7740.15,7740.99,-0.42,-0.01%,0
"2026-08-05 13:58",7741.09,7741.84,7740.61,7740.66,-0.33,0.00%,0
"2026-08-05 13:59",7740.6,7740.83,7739.14,7739.29,-1.37,-0.02%,0
"2026-08-05 14:00",7739.32,7740.97,7739.16,7739.92,0.63,+0.01%,0
"2026-08-05 14:01",7740.03,7740.83,7739.65,7739.77,-0.15,0.00%,0
"2026-08-05 14:02",7739.88,7742.2,7739.44,7741.6,1.83,+0.02%,0
"2026-08-05 14:03",7741.48,7743.27,7741.35,7743.2,1.6,+0.02%,0
"2026-08-05 14:04",7742.96,7745.4,7742.21,7745.37,2.17,+0.03%,0
"2026-08-05 14:05",7745.45,7745.6,7744.19,7745.47,0.1,0.00%,0
"2026-08-05 14:06",7745.46,7745.85,7741.9,7742.77,-2.7,-0.03%,0
"2026-08-05 14:07",7742.89,7743.1,7741.27,7742.38,-0.39,-0.01%,0
"2026-08-05 14:08",7742.32,7743.01,7741.46,7743.01,0.63,+0.01%,0
"2026-08-05 14:09",7743.11,7743.6,7741.67,7743.11,0.1,0.00%,0
"2026-08-05 14:10",7742.97,7743.83,7742.64,7742.71,-0.4,-0.01%,0
"2026-08-05 14:11",7742.68,7744.85,7742.33,7744.41,1.7,+0.02%,0
"2026-08-05 14:12",7744.37,7744.56,7743.5,7744.06,-0.35,0.00%,0
"2026-08-05 14:13",7743.92,7744.15,7742.78,7742.78,-1.28,-0.02%,0
"2026-08-05 14:14",7742.84,7743.4,7741.65,7741.65,-1.13,-0.01%,0
"2026-08-05 14:15",7741.64,7744.27,7740.93,7744.14,2.49,+0.03%,0
"2026-08-05 14:16",7744.25,7744.42,7743.54,7743.91,-0.23,0.00%,0
"2026-08-05 14:17",7743.74,7744.34,7742.01,7742.18,-1.73,-0.02%,0
"2026-08-05 14:18",7742.21,7743.23,7741.86,7743.2,1.02,+0.01%,0
"2026-08-05 14:19",7743.26,7744.7,7743.15,7744.24,1.04,+0.01%,0
"2026-08-05 14:20",7744.3,7744.33,7743.3,7743.69,-0.55,-0.01%,0
"2026-08-05 14:21",7743.88,7744.04,7742.9,7743.06,-0.63,-0.01%,0
"2026-08-05 14:22",7742.95,7743.25,7741.28,7741.93,-1.13,-0.01%,0
"2026-08-05 14:23",7742.09,7742.43,7741.56,7742.43,0.5,+0.01%,0
"2026-08-05 14:24",7742.57,7743.23,7742.19,7742.48,0.05,0.00%,0
"2026-08-05 14:25",7742.49,7744.36,7742.4,7744.19,1.71,+0.02%,0
"2026-08-05 14:26",7744.21,7744.81,7743.98,7743.98,-0.21,0.00%,0
"2026-08-05 14:27",7743.72,7743.94,7742.97,7742.97,-1.01,-0.01%,0
"2026-08-05 14:28",7743.11,7743.43,7742.02,7742.38,-0.59,-0.01%,0
"2026-08-05 14:29",7742.42,7743.3,7742.23,7742.72,0.34,0.00%,0
"2026-08-05 14:30",7742.87,7743.01,7739.28,7739.28,-3.44,-0.04%,0
"2026-08-05 14:31",7739.21,7739.22,7736.84,7736.84,-2.44,-0.03%,0
"2026-08-05 14:32",7736.81,7737.24,7735.78,7736.37,-0.47,-0.01%,0
"2026-08-05 14:33",7736.4,7737.64,7736.21,7737.06,0.69,+0.01%,0
"2026-08-05 14:34",7737.11,7738.23,7736.3,7737.14,0.08,0.00%,0
"2026-08-05 14:35",7737.1,7739.1,7737,7739.1,1.96,+0.03%,0
"2026-08-05 14:36",7739.01,7740.37,7738.87,7739.68,0.58,+0.01%,0
"2026-08-05 14:37",7739.56,7739.88,7738.43,7739.87,0.19,0.00%,0
"2026-08-05 14:38",7739.9,7740.29,7738.73,7739.89,0.02,0.00%,0
"2026-08-05 14:39",7739.87,7740.24,7738.48,7738.48,-1.41,-0.02%,0
"2026-08-05 14:40",7738.36,7740.03,7737.93,7738.94,0.46,+0.01%,0
"2026-08-05 14:41",7738.88,7739.01,7737.84,7738.96,0.02,0.00%,0
"2026-08-05 14:42",7738.93,7740.22,7738.34,7740.18,1.22,+0.02%,0
"2026-08-05 14:43",7740.18,7740.2,7738.66,7739.12,-1.06,-0.01%,0
"2026-08-05 14:44",7739.12,7739.74,7738.85,7739.56,0.44,+0.01%,0
"2026-08-05 14:45",7739.56,7741.56,7738.87,7741.41,1.85,+0.02%,0
"2026-08-05 14:46",7741.49,7741.68,7739.96,7741.09,-0.32,0.00%,0
"2026-08-05 14:47",7741.33,7742.09,7740.97,7741.25,0.16,0.00%,0
"2026-08-05 14:48",7741.23,7743.14,7741.23,7742.1,0.85,+0.01%,0
"2026-08-05 14:49",7742.08,7742.2,7741.15,7741.89,-0.21,0.00%,0
"2026-08-05 14:50",7741.85,7743.36,7741.27,7743.08,1.19,+0.02%,0
"2026-08-05 14:51",7742.98,7742.98,7740.62,7740.79,-2.29,-0.03%,0
"2026-08-05 14:52",7740.76,7741.17,7739.96,7740.76,-0.03,0.00%,0
"2026-08-05 14:53",7740.63,7741.35,7740.14,7740.55,-0.21,0.00%,0
"2026-08-05 14:54",7740.51,7741.82,7740.29,7740.65,0.1,0.00%,0
"2026-08-05 14:55",7740.67,7741.2,7739.31,7739.31,-1.34,-0.02%,0
"2026-08-05 14:56",7739.29,7739.29,7737.98,7738.32,-0.99,-0.01%,0
"2026-08-05 14:57",7738.26,7739.33,7737.55,7739.32,1,+0.01%,0
"2026-08-05 14:58",7739.31,7739.99,7738.77,7739.16,-0.16,0.00%,0
"2026-08-05 14:59",7739.14,7739.35,7737.45,7737.7,-1.46,-0.02%,0
"2026-08-05 15:00",7737.74,7738.94,7736.77,7738.31,0.61,+0.01%,0
"2026-08-05 15:01",7738.2,7739.87,7737.83,7739.77,1.46,+0.02%,0
"2026-08-05 15:02",7739.77,7739.86,7738.71,7738.71,-1.06,-0.01%,0
"2026-08-05 15:03",7738.71,7739.15,7737.47,7738.41,-0.3,0.00%,0
"2026-08-05 15:04",7738.48,7739.73,7738.48,7739.73,1.32,+0.02%,0
"2026-08-05 15:05",7739.91,7742.15,7739.76,7741.76,2.03,+0.03%,0
"2026-08-05 15:06",7741.59,7741.59,7739.45,7739.45,-2.31,-0.03%,0
"2026-08-05 15:07",7739.6,7742.34,7739.3,7742.21,2.76,+0.04%,0
"2026-08-05 15:08",7742.13,7742.29,7740.55,7741.94,-0.27,0.00%,0
"2026-08-05 15:09",7741.95,7741.95,7740.51,7741.04,-0.9,-0.01%,0
"2026-08-05 15:10",7741.03,7741.2,7739.9,7740.67,-0.37,0.00%,0
"2026-08-05 15:11",7740.66,7740.83,7739.76,7740.49,-0.18,0.00%,0
"2026-08-05 15:12",7740.41,7741.17,7740.34,7740.65,0.16,0.00%,0
"2026-08-05 15:13",7740.69,7741.85,7740.32,7741.32,0.67,+0.01%,0
"2026-08-05 15:14",7740.98,7741.77,7740.37,7741.39,0.07,0.00%,0
"2026-08-05 15:15",7741.47,7742.25,7740.93,7741.68,0.29,0.00%,0
"2026-08-05 15:16",7741.58,7742.55,7741.34,7741.92,0.24,0.00%,0
"2026-08-05 15:17",7741.95,7742.38,7741.55,7742.17,0.25,0.00%,0
"2026-08-05 15:18",7742.05,7742.7,7741.92,7742.7,0.53,+0.01%,0
"2026-08-05 15:19",7742.65,7743.17,7741.82,7742.12,-0.58,-0.01%,0
"2026-08-05 15:20",7742.34,7744.09,7742.34,7743.1,0.98,+0.01%,0
"2026-08-05 15:21",7743.02,7743.02,7740.59,7741.27,-1.83,-0.02%,0
"2026-08-05 15:22",7741.37,7742.27,7741.14,7741.27,0,0.00%,0
"2026-08-05 15:23",7741.38,7743.46,7741.33,7743.1,1.83,+0.02%,0
"2026-08-05 15:24",7743.13,7743.25,7742.16,7742.71,-0.39,-0.01%,0
"2026-08-05 15:25",7742.77,7743.24,7741.7,7742.08,-0.63,-0.01%,0
"2026-08-05 15:26",7742.03,7743.77,7741.98,7743.77,1.69,+0.02%,0
"2026-08-05 15:27",7743.76,7743.85,7742.93,7743.25,-0.52,-0.01%,0
"2026-08-05 15:28",7743.17,7743.29,7742.23,7742.55,-0.7,-0.01%,0
"2026-08-05 15:29",7742.5,7742.91,7741.58,7741.63,-0.92,-0.01%,0
"2026-08-05 15:30",7741.74,7742.68,7741.19,7741.82,0.19,0.00%,0
"2026-08-05 15:31",7741.9,7741.9,7739.72,7740.1,-1.72,-0.02%,0
"2026-08-05 15:32",7740.02,7741.09,7739.91,7740.66,0.56,+0.01%,0
"2026-08-05 15:33",7740.49,7740.49,7737.23,7738.63,-2.03,-0.03%,0
"2026-08-05 15:34",7738.67,7739.57,7738.5,7739.2,0.57,+0.01%,0
"2026-08-05 15:35",7739.26,7739.26,7736.53,7737.44,-1.76,-0.02%,0
"2026-08-05 15:36",7737.39,7738.42,7736.95,7737.92,0.48,+0.01%,0
"2026-08-05 15:37",7737.92,7739.02,7737.49,7737.96,0.04,0.00%,0
"2026-08-05 15:38",7737.96,7738.85,7737.06,7737.13,-0.83,-0.01%,0
"2026-08-05 15:39",7736.9,7737.41,7736.16,7736.69,-0.44,-0.01%,0
"2026-08-05 15:40",7736.77,7739.27,7736.77,7739.15,2.46,+0.03%,0
"2026-08-05 15:41",7739.24,7739.73,7738.25,7738.4,-0.75,-0.01%,0
"2026-08-05 15:42",7738.72,7740.09,7738.72,7739.3,0.9,+0.01%,0
"2026-08-05 15:43",7739.23,7739.61,7738.42,7738.84,-0.46,-0.01%,0
"2026-08-05 15:44",7738.79,7738.88,7737.66,7738.34,-0.5,-0.01%,0
"2026-08-05 15:45",7738.56,7739.96,7738.56,7739.26,0.92,+0.01%,0
"2026-08-05 15:46",7739.29,7739.32,7735.67,7735.83,-3.43,-0.04%,0
"2026-08-05 15:47",7735.97,7738.5,7735.97,7738.4,2.57,+0.03%,0
"2026-08-05 15:48",7738.38,7738.38,7736.39,7736.39,-2.01,-0.03%,0
"2026-08-05 15:49",7736.26,7738.47,7736.04,7738.47,2.08,+0.03%,0
"2026-08-05 15:50",7738.44,7740.13,7737.67,7737.67,-0.8,-0.01%,0
"2026-08-05 15:51",7738.03,7739.33,7737.81,7738.92,1.25,+0.02%,0
"2026-08-05 15:52",7738.84,7739.51,7737.58,7738.03,-0.89,-0.01%,0
"2026-08-05 15:53",7738.18,7739.39,7737.45,7739.29,1.26,+0.02%,0
"2026-08-05 15:54",7739.56,7739.56,7737.84,7738.94,-0.35,0.00%,0
"2026-08-05 15:55",7738.84,7739.41,7737.02,7737.2,-1.74,-0.02%,0
"2026-08-05 15:56",7737.09,7737.15,7734.89,7735.43,-1.77,-0.02%,0
"2026-08-05 15:57",7735.51,7735.88,7732.91,7734.44,-0.99,-0.01%,0
"2026-08-05 15:58",7734.87,7734.87,7732.61,7732.72,-1.72,-0.02%,0
"2026-08-05 15:59",7732.87,7732.87,7720.17,7722.12,-10.6,-0.14%,0
"2026-08-05 16:00",7723.11,7723.42,7723.11,7723.42,1.3,+0.02%,0
"2026-08-05 16:01",7723.42,7723.43,7723.42,7723.43,0.01,0.00%,0
"2026-08-05 16:02",7723.42,7723.53,7723.42,7723.53,0.1,0.00%,0
"2026-08-05 16:03",7723.53,7723.54,7723.5,7723.51,-0.02,0.00%,0
"2026-08-05 16:04",7723.51,7723.55,7723.51,7723.54,0.03,0.00%,0
"2026-08-05 16:05",7723.54,7723.55,7723.54,7723.55,0.01,0.00%,0
"2026-08-05 16:06",7723.55,7723.55,7723.55,7723.55,0,0.00%,0
"2026-08-05 16:07",7723.55,7723.55,7723.55,7723.55,0,0.00%,0
"2026-08-05 16:08",7723.55,7723.55,7723.55,7723.55,0,0.00%,0
"2026-08-05 16:09",7723.55,7723.55,7723.55,7723.55,0,0.00%,0
"2026-08-05 16:10",7723.55,7723.55,7723.55,7723.55,0,0.00%,0
"2026-08-05 16:11",7723.55,7723.55,7723.55,7723.55,0,0.00%,0
"2026-08-05 16:12",7723.55,7723.55,7723.55,7723.55,0,0.00%,0
"2026-08-05 16:13",7723.55,7723.55,7723.55,7723.55,0,0.00%,0
"2026-08-05 16:14",7723.55,7723.55,7723.55,7723.55,0,0.00%,0
"2026-08-05 16:15",7723.55,7723.55,7723.55,7723.55,0,0.00%,0
"2026-08-05 16:16",7723.55,7723.55,7723.55,7723.55,0,0.00%,0
"2026-08-05 16:17",7723.55,7723.55,7723.55,7723.55,0,0.00%,0
"2026-08-05 16:18",7723.55,7723.55,7723.55,7723.55,0,0.00%,0
"2026-08-05 16:19",7723.55,7723.55,7723.55,7723.55,0,0.00%,0
"2026-08-05 16:20",7723.55,7723.55,7723.55,7723.55,0,0.00%,0
"2026-08-05 16:41",7723.55,7723.55,7723.55,7723.55,0,0.00%,0
"2026-08-06 09:30",7713.79,7731.55,7713.79,7724.99,1.44,+0.02%,0
"2026-08-06 09:31",7724.93,7727.38,7723.27,7725.19,0.2,0.00%,0
"2026-08-06 09:32",7725.22,7725.22,7717.38,7718.39,-6.8,-0.09%,0
"2026-08-06 09:33",7717.87,7719.27,7714.81,7718.02,-0.37,0.00%,0
"2026-08-06 09:34",7718.09,7725.12,7716.16,7723.98,5.96,+0.08%,0
"2026-08-06 09:35",7723.9,7725.9,7720.54,7723.48,-0.5,-0.01%,0
"2026-08-06 09:36",7723.44,7730.29,7723.44,7729.18,5.7,+0.07%,0
"2026-08-06 09:37",7729.74,7733.53,7729.03,7730.42,1.24,+0.02%,0
"2026-08-06 09:38",7730.57,7732.06,7726.81,7726.81,-3.61,-0.05%,0
"2026-08-06 09:39",7726.54,7727.33,7721.88,7722.07,-4.74,-0.06%,0
"2026-08-06 09:40",7721.73,7726.75,7719.41,7725.41,3.34,+0.04%,0
"2026-08-06 09:41",7724.86,7728.63,7724.86,7728.45,3.04,+0.04%,0
"2026-08-06 09:42",7728.36,7728.89,7725.72,7725.98,-2.47,-0.03%,0
"2026-08-06 09:43",7725.74,7731.29,7725.74,7730.15,4.17,+0.05%,0
"2026-08-06 09:44",7730.68,7732.28,7727.9,7728.78,-1.37,-0.02%,0
"2026-08-06 09:45",7729.3,7732.79,7729.11,7730.93,2.15,+0.03%,0
"2026-08-06 09:46",7730.79,7733.48,7730.38,7733.48,2.55,+0.03%,0
"2026-08-06 09:47",7733.94,7737.35,7733.94,7737.35,3.87,+0.05%,0
"2026-08-06 09:48",7737.41,7738.98,7737.07,7737.94,0.59,+0.01%,0
"2026-08-06 09:49",7737.84,7738.76,7736.55,7737.68,-0.26,0.00%,0
"2026-08-06 09:50",7737.48,7738.85,7734.87,7737.03,-0.65,-0.01%,0
"2026-08-06 09:51",7737.08,7737.58,7734.21,7737.58,0.55,+0.01%,0
"2026-08-06 09:52",7737.84,7738.6,7736.11,7736.96,-0.62,-0.01%,0
"2026-08-06 09:53",7737,7738.54,7734.07,7734.51,-2.45,-0.03%,0
"2026-08-06 09:54",7734.42,7735.57,7732.13,7732.62,-1.89,-0.02%,0
"2026-08-06 09:55",7733.12,7735.35,7732.18,7734.29,1.67,+0.02%,0
"2026-08-06 09:56",7734.12,7736.51,7730.19,7731.44,-2.85,-0.04%,0
"2026-08-06 09:57",7731.34,7734.55,7731.26,7732.37,0.93,+0.01%,0
"2026-08-06 09:58",7732.28,7732.62,7731.11,7731.61,-0.76,-0.01%,0
"2026-08-06 09:59",7732.6,7734.5,7729.51,7732.01,0.4,+0.01%,0
"2026-08-06 10:00",7731.67,7735.46,7730.88,7732.91,0.9,+0.01%,0
"2026-08-06 10:01",7733.4,7734.56,7731.08,7734.56,1.65,+0.02%,0
"2026-08-06 10:02",7733.75,7736.89,7733.32,7736.78,2.22,+0.03%,0
"2026-08-06 10:03",7736.87,7737.03,7730.87,7731.26,-5.52,-0.07%,0
"2026-08-06 10:04",7731.01,7735.98,7731.01,7735.19,3.93,+0.05%,0
"2026-08-06 10:05",7735.36,7737.62,7733.65,7734.73,-0.46,-0.01%,0
"2026-08-06 10:06",7734.89,7736.94,7733.54,7736.93,2.2,+0.03%,0
"2026-08-06 10:07",7737.07,7739.52,7736.73,7737.35,0.42,+0.01%,0
"2026-08-06 10:08",7737.22,7737.88,7736.45,7737.88,0.53,+0.01%,0
"2026-08-06 10:09",7738.26,7739.37,7737.01,7738.51,0.63,+0.01%,0
"2026-08-06 10:10",7738.66,7740.18,7738.66,7739.57,1.06,+0.01%,0
"2026-08-06 10:11",7739.39,7742.26,7739.36,7741.63,2.06,+0.03%,0
"2026-08-06 10:12",7741.62,7741.82,7739.22,7739.22,-2.41,-0.03%,0
"2026-08-06 10:13",7738.92,7741.57,7738.92,7740.62,1.4,+0.02%,0
"2026-08-06 10:14",7740.88,7741.06,7739.07,7739.5,-1.12,-0.01%,0
"2026-08-06 10:15",7739.58,7740,7736.02,7738.3,-1.2,-0.02%,0
"2026-08-06 10:16",7738.06,7738.12,7736.38,7736.44,-1.86,-0.02%,0
"2026-08-06 10:17",7736.41,7741.46,7736.21,7740.49,4.05,+0.05%,0
"2026-08-06 10:18",7740.76,7742.79,7739.24,7742.79,2.3,+0.03%,0
"2026-08-06 10:19",7742.62,7742.81,7740.59,7741.35,-1.44,-0.02%,0
"2026-08-06 10:20",7741.28,7742.85,7739.77,7741.07,-0.28,0.00%,0
"2026-08-06 10:21",7741.02,7741.32,7739.14,7739.66,-1.41,-0.02%,0
"2026-08-06 10:22",7739.7,7742.44,7739.49,7740.75,1.09,+0.01%,0
"2026-08-06 10:23",7740.79,7741.08,7738.02,7738.36,-2.39,-0.03%,0
"2026-08-06 10:24",7737.87,7739.13,7736,7736.11,-2.25,-0.03%,0
"2026-08-06 10:25",7736.22,7736.87,7731.86,7734.47,-1.64,-0.02%,0
"2026-08-06 10:26",7734.43,7734.43,7727.74,7730.23,-4.24,-0.05%,0
"2026-08-06 10:27",7729.72,7729.72,7726.87,7728.56,-1.67,-0.02%,0
"2026-08-06 10:28",7728.11,7730.5,7726.96,7726.96,-1.6,-0.02%,0
"2026-08-06 10:29",7727.13,7727.51,7725.04,7727.41,0.45,+0.01%,0
"2026-08-06 10:30",7727.98,7732.16,7727.98,7729.9,2.49,+0.03%,0
"2026-08-06 10:31",7729.83,7730.18,7727.26,7727.33,-2.57,-0.03%,0
"2026-08-06 10:32",7728.62,7729.31,7726.47,7728.55,1.22,+0.02%,0
"2026-08-06 10:33",7728.63,7729.7,7727.3,7729.25,0.7,+0.01%,0
"2026-08-06 10:34",7729.42,7732.55,7728.79,7732.05,2.8,+0.04%,0
"2026-08-06 10:35",7731.99,7732.97,7731.11,7732.97,0.92,+0.01%,0
"2026-08-06 10:36",7733.49,7733.49,7728.11,7730.09,-2.88,-0.04%,0
"2026-08-06 10:37",7730.12,7730.2,7725.57,7727.43,-2.66,-0.03%,0
"2026-08-06 10:38",7727.45,7727.96,7724.84,7724.85,-2.58,-0.03%,0
"2026-08-06 10:39",7724.57,7725.07,7721.58,7721.58,-3.27,-0.04%,0
"2026-08-06 10:40",7721.49,7724.47,7720.94,7723.96,2.38,+0.03%,0
"2026-08-06 10:41",7724.08,7727.18,7723.11,7727.18,3.22,+0.04%,0
"2026-08-06 10:42",7727.37,7729.54,7726.99,7729.54,2.36,+0.03%,0
"2026-08-06 10:43",7729.83,7730.53,7728.35,7730.47,0.93,+0.01%,0
"2026-08-06 10:44",7730.61,7731.06,7725.83,7725.9,-4.57,-0.06%,0
"2026-08-06 10:45",7725.8,7725.89,7721.45,7724.34,-1.56,-0.02%,0
"2026-08-06 10:46",7724.47,7725.11,7721.1,7721.8,-2.54,-0.03%,0
"2026-08-06 10:47",7721.43,7723.65,7721.26,7723.28,1.48,+0.02%,0
"2026-08-06 10:48",7723.71,7723.85,7721.29,7721.75,-1.53,-0.02%,0
"2026-08-06 10:49",7721.81,7722.78,7720.19,7720.73,-1.02,-0.01%,0
"2026-08-06 10:50",7720.64,7723.87,7719.54,7723.5,2.77,+0.04%,0
"2026-08-06 10:51",7723.69,7723.91,7721.25,7721.83,-1.67,-0.02%,0
"2026-08-06 10:52",7722.07,7724.03,7721.59,7723.57,1.74,+0.02%,0
"2026-08-06 10:53",7723.51,7725.06,7722.56,7722.64,-0.93,-0.01%,0
"2026-08-06 10:54",7722.63,7728.75,7722.41,7728.75,6.11,+0.08%,0
"2026-08-06 10:55",7728.89,7729.3,7727.51,7728.93,0.18,0.00%,0
"2026-08-06 10:56",7729.32,7732.06,7728.58,7732.06,3.13,+0.04%,0
"2026-08-06 10:57",7731.93,7734.4,7730.87,7733.43,1.37,+0.02%,0
"2026-08-06 10:58",7733.26,7734.03,7731.29,7731.41,-2.02,-0.03%,0
"2026-08-06 10:59",7731.31,7733.7,7730.84,7733.52,2.11,+0.03%,0
"2026-08-06 11:00",7733.62,7735.65,7733.12,7733.32,-0.2,0.00%,0
"2026-08-06 11:01",7733.21,7733.66,7731.93,7733.29,-0.03,0.00%,0
"2026-08-06 11:02",7733,7733,7728.27,7728.27,-5.02,-0.06%,0
"2026-08-06 11:03",7728.44,7728.86,7724.79,7725.4,-2.87,-0.04%,0
"2026-08-06 11:04",7725.82,7726.89,7725.37,7726.49,1.09,+0.01%,0
"2026-08-06 11:05",7726.33,7728.7,7726.33,7728.69,2.2,+0.03%,0
"2026-08-06 11:06",7728.73,7729.59,7726.99,7729.46,0.77,+0.01%,0
"2026-08-06 11:07",7729.22,7731.03,7728.72,7730.91,1.45,+0.02%,0
"2026-08-06 11:08",7730.56,7731.95,7730.16,7730.4,-0.51,-0.01%,0
"2026-08-06 11:09",7730.29,7730.29,7728.11,7729.5,-0.9,-0.01%,0
"2026-08-06 11:10",7729.54,7730.63,7728.78,7729.95,0.45,+0.01%,0
"2026-08-06 11:11",7730.14,7730.96,7728.52,7728.86,-1.09,-0.01%,0
"2026-08-06 11:12",7729.06,7729.45,7726.95,7726.95,-1.91,-0.02%,0
"2026-08-06 11:13",7726.89,7727.64,7725.16,7725.16,-1.79,-0.02%,0
"2026-08-06 11:14",7725.15,7725.21,7723.08,7723.08,-2.08,-0.03%,0
"2026-08-06 11:15",7723.07,7724.64,7722.7,7724.46,1.38,+0.02%,0
"2026-08-06 11:16",7724.4,7724.6,7722.38,7724.6,0.14,0.00%,0
"2026-08-06 11:17",7724.68,7724.74,7719.76,7719.76,-4.84,-0.06%,0
"2026-08-06 11:18",7719.57,7719.93,7716.83,7717.74,-2.02,-0.03%,0
"2026-08-06 11:19",7717.59,7717.59,7713.86,7714.01,-3.73,-0.05%,0
"2026-08-06 11:20",7713.81,7715.94,7712.71,7715.65,1.64,+0.02%,0
"2026-08-06 11:21",7715.7,7715.7,7712.71,7714.63,-1.02,-0.01%,0
"2026-08-06 11:22",7714.52,7714.63,7711.96,7711.96,-2.67,-0.03%,0
"2026-08-06 11:23",7711.95,7714.82,7709.9,7714.82,2.86,+0.04%,0
"2026-08-06 11:24",7714.47,7715.46,7712.46,7713.47,-1.35,-0.02%,0
"2026-08-06 11:25",7713.13,7714.01,7711.02,7713.69,0.22,0.00%,0
"2026-08-06 11:26",7713.91,7716.04,7712.7,7712.7,-0.99,-0.01%,0
"2026-08-06 11:27",7712.77,7716.6,7712.77,7712.79,0.09,0.00%,0
"2026-08-06 11:28",7712.65,7714.81,7712.3,7714.81,2.02,+0.03%,0
"2026-08-06 11:29",7715.26,7715.86,7714.44,7715.63,0.82,+0.01%,0
"2026-08-06 11:30",7716.1,7717.49,7714.9,7716.65,1.02,+0.01%,0
"2026-08-06 11:31",7716.95,7718.21,7714.14,7714.14,-2.51,-0.03%,0
"2026-08-06 11:32",7713.86,7713.86,7711.42,7712.22,-1.92,-0.02%,0
"2026-08-06 11:33",7712.15,7712.15,7710.43,7711.16,-1.06,-0.01%,0
"2026-08-06 11:34",7711.59,7711.77,7709.38,7709.59,-1.57,-0.02%,0
"2026-08-06 11:35",7709.4,7710.88,7709.03,7710.88,1.29,+0.02%,0
"2026-08-06 11:36",7711.07,7711.28,7708.26,7708.26,-2.62,-0.03%,0
"2026-08-06 11:37",7708.09,7710.16,7706.92,7709.88,1.62,+0.02%,0
"2026-08-06 11:38",7709.99,7711.63,7708.95,7709.97,0.09,0.00%,0
"2026-08-06 11:39",7710.08,7712.89,7709.94,7711.24,1.27,+0.02%,0
"2026-08-06 11:40",7711,7712.64,7710.62,7712.05,0.81,+0.01%,0
"2026-08-06 11:41",7712.14,7712.87,7710.19,7710.19,-1.86,-0.02%,0
"2026-08-06 11:42",7710.28,7710.6,7708.66,7708.99,-1.2,-0.02%,0
"2026-08-06 11:43",7708.96,7708.96,7707.31,7707.75,-1.24,-0.02%,0
"2026-08-06 11:44",7707.78,7709.38,7706.72,7706.84,-0.91,-0.01%,0
"2026-08-06 11:45",7706.71,7709.19,7706.41,7708.34,1.5,+0.02%,0
"2026-08-06 11:46",7707.87,7714.76,7707.87,7714.52,6.18,+0.08%,0
"2026-08-06 11:47",7714.72,7715.83,7714.49,7714.67,0.15,0.00%,0
"2026-08-06 11:48",7714.62,7718.42,7714.1,7718.42,3.75,+0.05%,0
"2026-08-06 11:49",7718.7,7719.06,7715.83,7715.85,-2.57,-0.03%,0
"2026-08-06 11:50",7716.02,7721.11,7716.02,7719.38,3.53,+0.05%,0
"2026-08-06 11:51",7719.12,7719.14,7714.05,7714.94,-4.44,-0.06%,0
"2026-08-06 11:52",7714.91,7716.72,7712.67,7712.83,-2.11,-0.03%,0
"2026-08-06 11:53",7712.95,7713.33,7707.83,7709.06,-3.77,-0.05%,0
"2026-08-06 11:54",7708.94,7710.67,7705.11,7705.57,-3.49,-0.05%,0
"2026-08-06 11:55",7705.54,7705.68,7704.35,7705.68,0.11,0.00%,0
"2026-08-06 11:56",7705.88,7707.53,7705.86,7706.36,0.68,+0.01%,0
"2026-08-06 11:57",7706.35,7709.16,7705.42,7708.74,2.38,+0.03%,0
"2026-08-06 11:58",7708.51,7708.51,7706.22,7707.1,-1.64,-0.02%,0
"2026-08-06 11:59",7706.93,7706.95,7703.62,7704.63,-2.47,-0.03%,0
"2026-08-06 12:00",7704.79,7706.21,7703.12,7703.57,-1.06,-0.01%,0
"2026-08-06 12:01",7703.41,7703.51,7701.39,7703.01,-0.56,-0.01%,0
"2026-08-06 12:02",7703.25,7705.48,7703.1,7704.98,1.97,+0.03%,0
"2026-08-06 12:03",7704.99,7705.31,7703.57,7703.57,-1.41,-0.02%,0
"2026-08-06 12:04",7703.44,7703.68,7701.53,7703.68,0.11,0.00%,0
"2026-08-06 12:05",7703.73,7706.86,7703.5,7706.63,2.95,+0.04%,0
"2026-08-06 12:06",7706.41,7706.78,7703.23,7704.19,-2.44,-0.03%,0
"2026-08-06 12:07",7704.32,7706.31,7704.32,7705.17,0.98,+0.01%,0
"2026-08-06 12:08",7705.19,7708.54,7705.19,7707.04,1.87,+0.02%,0
"2026-08-06 12:09",7706.97,7707.38,7705.83,7707.38,0.34,0.00%,0
"2026-08-06 12:10",7707.48,7709.23,7707.48,7708.15,0.77,+0.01%,0
"2026-08-06 12:11",7708.15,7708.15,7703.8,7703.86,-4.29,-0.06%,0
"2026-08-06 12:12",7703.89,7704.42,7703.14,7704.36,0.5,+0.01%,0
"2026-08-06 12:13",7704.58,7704.65,7702.14,7702.14,-2.22,-0.03%,0
"2026-08-06 12:14",7701.84,7703.03,7701.64,7702.97,0.83,+0.01%,0
"2026-08-06 12:15",7702.91,7703.78,7702.07,7702.14,-0.83,-0.01%,0
"2026-08-06 12:16",7701.92,7702.18,7698.15,7702.18,0.04,0.00%,0
"2026-08-06 12:17",7702.18,7703.1,7701.6,7702.8,0.62,+0.01%,0
"2026-08-06 12:18",7702.71,7706.23,7702.25,7706.01,3.21,+0.04%,0
"2026-08-06 12:19",7706.02,7706.42,7704.9,7705.8,-0.21,0.00%,0
"2026-08-06 12:20",7705.73,7705.97,7702.62,7703.43,-2.37,-0.03%,0
"2026-08-06 12:21",7703.77,7705.86,7703.27,7705.29,1.86,+0.02%,0
"2026-08-06 12:22",7705.29,7706.37,7704.04,7704.04,-1.25,-0.02%,0
"2026-08-06 12:23",7704.12,7704.5,7703.49,7704,-0.04,0.00%,0
"2026-08-06 12:24",7704,7706.04,7702.2,7705.99,1.99,+0.03%,0
"2026-08-06 12:25",7706.38,7706.46,7704.06,7704.26,-1.73,-0.02%,0
"2026-08-06 12:26",7703.94,7704.66,7703.66,7704.46,0.2,0.00%,0
"2026-08-06 12:27",7704.55,7706.66,7704.07,7706.66,2.2,+0.03%,0
"2026-08-06 12:28",7706.57,7707.88,7705.86,7706.76,0.1,0.00%,0
"2026-08-06 12:29",7706.36,7707.29,7705.5,7705.75,-1.01,-0.01%,0
"2026-08-06 12:30",7705.73,7709.21,7705.73,7708.94,3.19,+0.04%,0
"2026-08-06 12:31",7709.61,7710.25,7709.09,7709.77,0.83,+0.01%,0
"2026-08-06 12:32",7709.67,7711.42,7707.95,7708,-1.77,-0.02%,0
"2026-08-06 12:33",7707.91,7707.91,7705.65,7706.14,-1.86,-0.02%,0
"2026-08-06 12:34",7706.07,7706.63,7705.31,7706.53,0.39,+0.01%,0
"2026-08-06 12:35",7706.56,7707.7,7705.53,7706.62,0.09,0.00%,0
"2026-08-06 12:36",7706.47,7708.54,7706.18,7708.38,1.76,+0.02%,0
"2026-08-06 12:37",7708.41,7709.87,7707.61,7709.21,0.83,+0.01%,0
"2026-08-06 12:38",7709.34,7711.58,7709.34,7711.51,2.3,+0.03%,0
"2026-08-06 12:39",7711.16,7712.15,7711.16,7712.04,0.53,+0.01%,0
"2026-08-06 12:40",7712.12,7712.51,7709.05,7709.26,-2.78,-0.04%,0
"2026-08-06 12:41",7709.64,7710.57,7705.16,7706.98,-2.28,-0.03%,0
"2026-08-06 12:42",7707.09,7708.33,7706.7,7707.57,0.59,+0.01%,0
"2026-08-06 12:43",7707.34,7708.19,7705.46,7705.46,-2.11,-0.03%,0
"2026-08-06 12:44",7705.46,7705.82,7704.19,7704.19,-1.27,-0.02%,0
"2026-08-06 12:45",7704.19,7706.62,7704.19,7706,1.81,+0.02%,0
"2026-08-06 12:46",7705.82,7705.82,7702.96,7703.1,-2.9,-0.04%,0
"2026-08-06 12:47",7703.15,7704.27,7702.75,7704.27,1.17,+0.02%,0
"2026-08-06 12:48",7704.57,7705.66,7704.02,7705.05,0.78,+0.01%,0
"2026-08-06 12:49",7704.91,7707.34,7704.45,7707.34,2.29,+0.03%,0
"2026-08-06 12:50",7707.41,7708.56,7706.69,7706.69,-0.65,-0.01%,0
"2026-08-06 12:51",7706.57,7709.04,7706.31,7707.99,1.3,+0.02%,0
"2026-08-06 12:52",7707.99,7708.98,7707.57,7708.89,0.9,+0.01%,0
"2026-08-06 12:53",7708.82,7709.94,7708.26,7708.54,-0.35,0.00%,0
"2026-08-06 12:54",7708.66,7708.75,7706.5,7707.23,-1.31,-0.02%,0
"2026-08-06 12:55",7707.2,7708.76,7706.98,7708.76,1.53,+0.02%,0
"2026-08-06 12:56",7708.86,7710.76,7708.86,7710.38,1.62,+0.02%,0
"2026-08-06 12:57",7710.24,7711.49,7709.76,7709.76,-0.62,-0.01%,0
"2026-08-06 12:58",7709.71,7712.16,7709.63,7712.16,2.4,+0.03%,0
"2026-08-06 12:59",7712.4,7713.83,7712.4,7713.37,1.21,+0.02%,0
"2026-08-06 13:00",7713.52,7715.13,7712.75,7715.13,1.76,+0.02%,0
"2026-08-06 13:01",7715.17,7715.66,7712.73,7712.73,-2.4,-0.03%,0
"2026-08-06 13:02",7713.14,7713.14,7711.37,7711.39,-1.34,-0.02%,0
"2026-08-06 13:03",7711.39,7711.92,7711.18,7711.18,-0.21,0.00%,0
"2026-08-06 13:04",7711.04,7712.41,7710.59,7711.14,-0.04,0.00%,0
"2026-08-06 13:05",7711.2,7713.58,7710.94,7713.58,2.44,+0.03%,0
"2026-08-06 13:06",7713.83,7714.96,7713.42,7713.47,-0.11,0.00%,0
"2026-08-06 13:07",7713.47,7713.47,7708.42,7709.3,-4.17,-0.05%,0
"2026-08-06 13:08",7709.26,7709.26,7707.01,7707.61,-1.69,-0.02%,0
"2026-08-06 13:09",7707.5,7708.77,7707.19,7707.61,0,0.00%,0
"2026-08-06 13:10",7707.51,7708.05,7706.83,7707.72,0.11,0.00%,0
"2026-08-06 13:11",7707.85,7708.15,7706.47,7707.09,-0.63,-0.01%,0
"2026-08-06 13:12",7707.02,7707.71,7706.58,7707.71,0.62,+0.01%,0
"2026-08-06 13:13",7707.78,7709.28,7707.68,7708.07,0.36,0.00%,0
"2026-08-06 13:14",7707.95,7708.27,7704.67,7705.39,-2.68,-0.03%,0
"2026-08-06 13:15",7705.09,7705.21,7703.87,7704.3,-1.09,-0.01%,0
"2026-08-06 13:16",7704.42,7705.9,7704.42,7705.18,0.88,+0.01%,0
"2026-08-06 13:17",7705.12,7705.92,7704.67,7705.4,0.22,0.00%,0
"2026-08-06 13:18",7705.52,7706.75,7705.07,7706.75,1.35,+0.02%,0
"2026-08-06 13:19",7707.06,7707.92,7706.21,7707.16,0.41,+0.01%,0
"2026-08-06 13:20",7707.2,7707.45,7706.1,7707.18,0.02,0.00%,0
"2026-08-06 13:21",7707.23,7707.28,7703.09,7703.83,-3.35,-0.04%,0
"2026-08-06 13:22",7703.91,7704.25,7703.25,7703.95,0.12,0.00%,0
"2026-08-06 13:23",7703.88,7705.05,7703.57,7704.16,0.21,0.00%,0
"2026-08-06 13:24",7704.1,7704.22,7702.97,7703.19,-0.97,-0.01%,0
"2026-08-06 13:25",7703.11,7705.83,7703.11,7705.74,2.55,+0.03%,0
"2026-08-06 13:26",7705.89,7706.38,7704.42,7705.57,-0.17,0.00%,0
"2026-08-06 13:27",7705.48,7705.58,7704.42,7705.26,-0.31,0.00%,0
"2026-08-06 13:28",7705.21,7705.5,7704.04,7704.46,-0.8,-0.01%,0
"2026-08-06 13:29",7704.69,7704.81,7701.51,7701.51,-2.95,-0.04%,0
"2026-08-06 13:30",7701.65,7704.31,7700.98,7703.16,1.65,+0.02%,0
"2026-08-06 13:31",7703.24,7704.62,7703.24,7703.37,0.21,0.00%,0
"2026-08-06 13:32",7703.25,7705.5,7703.25,7705.24,1.87,+0.02%,0
"2026-08-06 13:33",7705.18,7705.2,7703.37,7703.77,-1.47,-0.02%,0
"2026-08-06 13:34",7703.66,7705,7703.33,7704.57,0.8,+0.01%,0
"2026-08-06 13:35",7704.72,7706.07,7704.66,7704.91,0.34,0.00%,0
"2026-08-06 13:36",7704.75,7705.22,7703.83,7704.38,-0.53,-0.01%,0
"2026-08-06 13:37",7704.37,7705.01,7704.1,7704.93,0.55,+0.01%,0
"2026-08-06 13:38",7705.13,7705.89,7704.2,7704.37,-0.56,-0.01%,0
"2026-08-06 13:39",7704.3,7704.92,7703.5,7703.85,-0.52,-0.01%,0
"2026-08-06 13:40",7703.86,7704.7,7702.57,7702.57,-1.28,-0.02%,0
"2026-08-06 13:41",7702.58,7703.12,7701.84,7702.5,-0.07,0.00%,0
"2026-08-06 13:42",7702.42,7704.17,7702.4,7704.03,1.53,+0.02%,0
"2026-08-06 13:43",7704.03,7704.03,7702.62,7703.51,-0.52,-0.01%,0
"2026-08-06 13:44",7703.34,7704.77,7702.91,7704.77,1.26,+0.02%,0
"2026-08-06 13:45",7704.84,7706.46,7704.43,7706.33,1.56,+0.02%,0
"2026-08-06 13:46",7706.13,7707.02,7704.58,7706.82,0.49,+0.01%,0
"2026-08-06 13:47",7706.84,7707.06,7704.9,7705.29,-1.53,-0.02%,0
"2026-08-06 13:48",7705.27,7705.33,7704.38,7704.45,-0.84,-0.01%,0
"2026-08-06 13:49",7704.44,7705.08,7703.86,7703.91,-0.54,-0.01%,0
"2026-08-06 13:50",7703.59,7704.62,7703.41,7703.83,-0.08,0.00%,0
"2026-08-06 13:51",7703.82,7706.19,7703.71,7705.8,1.97,+0.03%,0
"2026-08-06 13:52",7705.81,7708.38,7705.61,7708.38,2.58,+0.03%,0
"2026-08-06 13:53",7708.37,7708.64,7707.17,7707.29,-1.09,-0.01%,0
"2026-08-06 13:54",7707.59,7708.3,7707.5,7707.88,0.59,+0.01%,0
"2026-08-06 13:55",7707.93,7708.67,7707.27,7707.34,-0.54,-0.01%,0
"2026-08-06 13:56",7707.21,7707.66,7706.38,7706.47,-0.87,-0.01%,0
"2026-08-06 13:57",7706.59,7709.51,7706.59,7709.51,3.04,+0.04%,0
"2026-08-06 13:58",7709.76,7709.98,7709.17,7709.52,0.01,0.00%,0
"2026-08-06 13:59",7709.51,7710.06,7709.3,7710.04,0.52,+0.01%,0
"2026-08-06 14:00",7710.11,7711.35,7708.8,7710.84,0.8,+0.01%,0
"2026-08-06 14:01",7710.75,7710.77,7709.62,7709.62,-1.22,-0.02%,0
"2026-08-06 14:02",7709.6,7710.32,7709.21,7709.93,0.31,0.00%,0
"2026-08-06 14:03",7709.98,7710.72,7709.54,7710.72,0.79,+0.01%,0
"2026-08-06 14:04",7711.02,7712.71,7711.02,7712.71,1.99,+0.03%,0
"2026-08-06 14:05",7712.65,7713.04,7711.9,7712.68,-0.03,0.00%,0
"2026-08-06 14:06",7712.18,7712.52,7711,7711.25,-1.43,-0.02%,0
"2026-08-06 14:07",7711.04,7713.2,7710.69,7713.18,1.93,+0.03%,0
"2026-08-06 14:08",7713.32,7713.38,7711.92,7712.12,-1.06,-0.01%,0
"2026-08-06 14:09",7712.18,7712.32,7710.66,7712.03,-0.09,0.00%,0
"2026-08-06 14:10",7711.98,7712.38,7710.78,7710.78,-1.25,-0.02%,0
"2026-08-06 14:11",7710.81,7711.82,7710.7,7711.65,0.87,+0.01%,0
"2026-08-06 14:12",7711.73,7712.56,7711.73,7711.8,0.15,0.00%,0
"2026-08-06 14:13",7711.74,7712.73,7711.3,7712.73,0.93,+0.01%,0
"2026-08-06 14:14",7712.78,7715.88,7712.68,7715.19,2.46,+0.03%,0
"2026-08-06 14:15",7715.28,7716.06,7715.02,7715.03,-0.16,0.00%,0
"2026-08-06 14:16",7714.98,7718.45,7709.44,7718.45,3.42,+0.04%,0
"2026-08-06 14:17",7719.03,7720.54,7716.57,7716.64,-1.81,-0.02%,0
"2026-08-06 14:18",7716.75,7717.96,7716.51,7716.94,0.3,0.00%,0
"2026-08-06 14:19",7717.21,7717.6,7716.58,7716.63,-0.31,0.00%,0
"2026-08-06 14:20",7716.55,7718.41,7716.55,7718.39,1.76,+0.02%,0
"2026-08-06 14:21",7718.46,7719.91,7718.46,7719.3,0.91,+0.01%,0
"2026-08-06 14:22",7719.27,7719.51,7718.72,7718.99,-0.31,0.00%,0
"2026-08-06 14:23",7719.08,7719.31,7718.26,7718.29,-0.7,-0.01%,0
"2026-08-06 14:24",7718.44,7719.12,7717.88,7719.12,0.83,+0.01%,0
"2026-08-06 14:25",7719.13,7719.62,7717.93,7717.93,-1.19,-0.02%,0
"2026-08-06 14:26",7717.82,7718.37,7715.96,7715.97,-1.96,-0.03%,0
"2026-08-06 14:27",7716.06,7717.45,7715.91,7717.45,1.48,+0.02%,0
"2026-08-06 14:28",7717.47,7718.53,7717.47,7718.53,1.08,+0.01%,0
"2026-08-06 14:29",7718.99,7718.99,7717.17,7717.78,-0.75,-0.01%,0
"2026-08-06 14:30",7717.72,7717.98,7716.54,7716.81,-0.97,-0.01%,0
"2026-08-06 14:31",7716.75,7717.7,7716.55,7716.75,-0.06,0.00%,0
"2026-08-06 14:32",7716.84,7718.05,7716.77,7717.48,0.73,+0.01%,0
"2026-08-06 14:33",7717.44,7717.44,7715.46,7715.6,-1.88,-0.02%,0
"2026-08-06 14:34",7715.71,7716.19,7714.29,7714.54,-1.06,-0.01%,0
"2026-08-06 14:35",7714.48,7716.38,7714.35,7715.24,0.7,+0.01%,0
"2026-08-06 14:36",7715.28,7715.52,7714.84,7715.23,-0.01,0.00%,0
"2026-08-06 14:37",7715.29,7715.57,7713.83,7714.11,-1.12,-0.01%,0
"2026-08-06 14:38",7714.03,7714.03,7711.79,7711.88,-2.23,-0.03%,0
"2026-08-06 14:39",7711.93,7712.6,7711.53,7711.65,-0.23,0.00%,0
"2026-08-06 14:40",7711.67,7712.95,7711.67,7712.61,0.96,+0.01%,0
"2026-08-06 14:41",7712.79,7712.98,7710.05,7710.05,-2.56,-0.03%,0
"2026-08-06 14:42",7710.09,7710.09,7709.28,7709.43,-0.62,-0.01%,0
"2026-08-06 14:43",7709.44,7711.54,7709.44,7711.17,1.74,+0.02%,0
"2026-08-06 14:44",7711.26,7711.45,7710.67,7711.27,0.1,0.00%,0
"2026-08-06 14:45",7711.28,7713.3,7710.84,7712.85,1.58,+0.02%,0
"2026-08-06 14:46",7712.78,7713.82,7712.78,7713.45,0.6,+0.01%,0
"2026-08-06 14:47",7713.37,7713.68,7712.86,7713.41,-0.04,0.00%,0
"2026-08-06 14:48",7713.55,7714.73,7713.26,7713.26,-0.15,0.00%,0
"2026-08-06 14:49",7713.2,7713.33,7712.16,7712.16,-1.1,-0.01%,0
"2026-08-06 14:50",7712.11,7713.22,7711.96,7713.11,0.95,+0.01%,0
"2026-08-06 14:51",7713.22,7713.5,7712.17,7712.6,-0.51,-0.01%,0
"2026-08-06 14:52",7712.54,7712.54,7711.53,7711.53,-1.07,-0.01%,0
"2026-08-06 14:53",7711.64,7711.8,7710.85,7711.58,0.05,0.00%,0
"2026-08-06 14:54",7711.52,7712.57,7711.42,7712.36,0.78,+0.01%,0
"2026-08-06 14:55",7712.32,7712.83,7711.87,7712.81,0.45,+0.01%,0
"2026-08-06 14:56",7712.82,7714.02,7712.82,7713.22,0.41,+0.01%,0
"2026-08-06 14:57",7713.22,7713.94,7712.9,7713.94,0.72,+0.01%,0
"2026-08-06 14:58",7713.88,7714.17,7713.49,7713.49,-0.45,-0.01%,0
"2026-08-06 14:59",7713.48,7713.61,7712.71,7712.94,-0.55,-0.01%,0
"2026-08-06 15:00",7713.03,7714.85,7713.03,7714.85,1.91,+0.02%,0
"2026-08-06 15:01",7714.86,7717.87,7714.51,7717.68,2.83,+0.04%,0
"2026-08-06 15:02",7717.86,7719.22,7717.53,7718.07,0.39,+0.01%,0
"2026-08-06 15:03",7717.97,7718.12,7716.86,7717.55,-0.52,-0.01%,0
"2026-08-06 15:04",7717.4,7719.37,7717.29,7719.2,1.65,+0.02%,0
"2026-08-06 15:05",7719.27,7719.27,7716.66,7717.4,-1.8,-0.02%,0
"2026-08-06 15:06",7717.31,7718.38,7717.27,7717.51,0.11,0.00%,0
"2026-08-06 15:07",7717.41,7717.66,7716.23,7717.45,-0.06,0.00%,0
"2026-08-06 15:08",7717.42,7719.62,7717.39,7719.17,1.72,+0.02%,0
"2026-08-06 15:09",7719.31,7720.54,7719.02,7720.27,1.1,+0.01%,0
"2026-08-06 15:10",7720.42,7721.28,7720.39,7721.12,0.85,+0.01%,0
"2026-08-06 15:11",7721.12,7721.29,7720.64,7721.14,0.02,0.00%,0
"2026-08-06 15:12",7721.18,7721.45,7719.24,7719.37,-1.77,-0.02%,0
"2026-08-06 15:13",7719.46,7719.46,7717.83,7717.91,-1.46,-0.02%,0
"2026-08-06 15:14",7717.9,7717.9,7716.6,7716.73,-1.18,-0.02%,0
"2026-08-06 15:15",7716.85,7716.95,7714.74,7714.94,-1.79,-0.02%,0
"2026-08-06 15:16",7715.02,7716.05,7714.62,7716.05,1.11,+0.01%,0
"2026-08-06 15:17",7716,7716,7715.11,7715.46,-0.59,-0.01%,0
"2026-08-06 15:18",7715.54,7715.66,7714.08,7714.79,-0.67,-0.01%,0
"2026-08-06 15:19",7714.94,7715.53,7714.74,7714.85,0.06,0.00%,0
"2026-08-06 15:20",7715.08,7718.11,7714.94,7718.03,3.18,+0.04%,0
"2026-08-06 15:21",7718.02,7718.27,7716.25,7716.28,-1.75,-0.02%,0
"2026-08-06 15:22",7716.31,7716.86,7715.82,7716.46,0.18,0.00%,0
"2026-08-06 15:23",7716.4,7716.44,7714.78,7714.95,-1.51,-0.02%,0
"2026-08-06 15:24",7715.12,7715.13,7712.14,7712.14,-2.81,-0.04%,0
"2026-08-06 15:25",7712.19,7712.19,7709.97,7712.09,-0.05,0.00%,0
"2026-08-06 15:26",7712.22,7713.28,7710.78,7710.86,-1.23,-0.02%,0
"2026-08-06 15:27",7710.73,7711.81,7710.51,7711.03,0.17,0.00%,0
"2026-08-06 15:28",7710.87,7712.35,7710.56,7712.35,1.32,+0.02%,0
"2026-08-06 15:29",7712.19,7712.19,7709.46,7709.86,-2.49,-0.03%,0
"2026-08-06 15:30",7710.14,7711.22,7707.87,7711.02,1.16,+0.02%,0
"2026-08-06 15:31",7710.9,7711.98,7710.37,7711.98,0.96,+0.01%,0
"2026-08-06 15:32",7711.98,7713.18,7711.48,7711.64,-0.34,0.00%,0
"2026-08-06 15:33",7711.87,7712.11,7710.49,7710.58,-1.06,-0.01%,0
"2026-08-06 15:34",7710.71,7713.01,7710.71,7712.97,2.39,+0.03%,0
"2026-08-06 15:35",7713.02,7713.17,7712.03,7713.16,0.19,0.00%,0
"2026-08-06 15:36",7712.85,7712.86,7711.02,7711.96,-1.2,-0.02%,0
"2026-08-06 15:37",7711.99,7711.99,7711.03,7711.1,-0.86,-0.01%,0
"2026-08-06 15:38",7711.18,7711.19,7709.57,7709.59,-1.51,-0.02%,0
"2026-08-06 15:39",7709.33,7710.08,7708.85,7708.96,-0.63,-0.01%,0
"2026-08-06 15:40",7708.89,7709.5,7708.22,7708.54,-0.42,-0.01%,0
"2026-08-06 15:41",7708.67,7708.67,7706.28,7706.42,-2.12,-0.03%,0
"2026-08-06 15:42",7706.22,7706.48,7704.73,7704.87,-1.55,-0.02%,0
"2026-08-06 15:43",7704.78,7706.02,7704.77,7705.12,0.25,0.00%,0
"2026-08-06 15:44",7705.11,7706.56,7704.82,7706.09,0.97,+0.01%,0
"2026-08-06 15:45",7706.6,7708.55,7706.08,7707.16,1.07,+0.01%,0
"2026-08-06 15:46",7707.34,7708.01,7704.33,7704.51,-2.65,-0.03%,0
"2026-08-06 15:47",7704.59,7705.76,7703.63,7703.63,-0.88,-0.01%,0
"2026-08-06 15:48",7703.38,7705.51,7703.13,7705.18,1.55,+0.02%,0
"2026-08-06 15:49",7704.99,7707.91,7704.99,7707.9,2.72,+0.04%,0
"2026-08-06 15:50",7707.88,7707.88,7700.87,7701.42,-6.48,-0.08%,0
"2026-08-06 15:51",7701.36,7702.57,7701.2,7702.11,0.69,+0.01%,0
"2026-08-06 15:52",7701.97,7702.27,7701.23,7702.06,-0.05,0.00%,0
"2026-08-06 15:53",7702.29,7708.79,7700.64,7708.05,5.99,+0.08%,0
"2026-08-06 15:54",7707.77,7710.9,7707.35,7709.88,1.83,+0.02%,0
"2026-08-06 15:55",7709.78,7710.21,7707.83,7708.43,-1.45,-0.02%,0
"2026-08-06 15:56",7708.72,7709.22,7707.86,7708.98,0.55,+0.01%,0
"2026-08-06 15:57",7709.21,7711.13,7709.21,7710.75,1.77,+0.02%,0
"2026-08-06 15:58",7710.44,7712.1,7709.36,7711.65,0.9,+0.01%,0
"2026-08-06 15:59",7711.61,7712.19,7705.87,7711.38,-0.27,0.00%,0
"2026-08-06 16:00",7709.99,7710.12,7709.97,7709.98,-1.4,-0.02%,0
"2026-08-06 16:01",7709.98,7710,7709.98,7710,0.02,0.00%,0
"2026-08-06 16:02",7710,7710,7710,7710,0,0.00%,0
"2026-08-06 16:03",7710,7710.03,7709.99,7710.03,0.03,0.00%,0
"2026-08-06 16:04",7710.03,7710.03,7709.94,7709.95,-0.08,0.00%,0
"2026-08-06 16:05",7709.95,7709.96,7709.95,7709.96,0.01,0.00%,0
"2026-08-06 16:06",7709.96,7709.96,7709.96,7709.96,0,0.00%,0
"2026-08-06 16:07",7709.96,7709.96,7709.96,7709.96,0,0.00%,0
"2026-08-06 16:08",7709.96,7709.96,7709.96,7709.96,0,0.00%,0
"2026-08-06 16:09",7709.96,7709.96,7709.96,7709.96,0,0.00%,0
"2026-08-06 16:10",7709.96,7709.96,7709.96,7709.96,0,0.00%,0
"2026-08-06 16:11",7709.96,7709.96,7709.96,7709.96,0,0.00%,0
"2026-08-06 16:12",7709.96,7709.96,7709.96,7709.96,0,0.00%,0
"2026-08-06 16:13",7709.96,7709.96,7709.96,7709.96,0,0.00%,0
"2026-08-06 16:14",7709.96,7709.96,7709.96,7709.96,0,0.00%,0
"2026-08-06 16:15",7709.96,7709.96,7709.96,7709.96,0,0.00%,0
"2026-08-06 16:16",7709.96,7709.96,7709.96,7709.96,0,0.00%,0
"2026-08-06 16:17",7709.96,7709.96,7709.96,7709.96,0,0.00%,0
"2026-08-06 16:18",7709.96,7709.96,7709.96,7709.96,0,0.00%,0
"2026-08-06 16:19",7709.96,7709.96,7709.96,7709.96,0,0.00%,0
"2026-08-06 16:20",7709.96,7709.96,7709.96,7709.96,0,0.00%,0
"2026-08-06 17:23",7709.96,7709.96,7709.96,7709.96,0,0.00%,0
"2026-08-06 18:32",7709.96,7709.96,7709.96,7709.96,0,0.00%,0
"2026-08-07 09:30",7735.18,7738.71,7734.08,7735.9,25.94,+0.34%,0
"2026-08-07 09:31",7734.6,7738.13,7733.42,7737.15,1.25,+0.02%,0
"2026-08-07 09:32",7738.29,7739.88,7737.73,7738.94,1.79,+0.02%,0
"2026-08-07 09:33",7739.42,7742.63,7737.59,7738.56,-0.38,0.00%,0
"2026-08-07 09:34",7738.7,7739.73,7736.48,7739.52,0.96,+0.01%,0
"2026-08-07 09:35",7739.52,7739.63,7735.01,7735.81,-3.71,-0.05%,0
"2026-08-07 09:36",7735.64,7736.64,7731.5,7732.86,-2.95,-0.04%,0
"2026-08-07 09:37",7733.01,7736.91,7731.61,7735.96,3.1,+0.04%,0
"2026-08-07 09:38",7736.16,7740.04,7736.16,7738.43,2.47,+0.03%,0
"2026-08-07 09:39",7738.49,7738.93,7734.81,7736.28,-2.15,-0.03%,0
"2026-08-07 09:40",7736.07,7738.41,7732.9,7737.97,1.69,+0.02%,0
"2026-08-07 09:41",7737.84,7740.61,7735.57,7736,-1.97,-0.03%,0
"2026-08-07 09:42",7736.8,7737.28,7734.18,7737.28,1.28,+0.02%,0
"2026-08-07 09:43",7737.83,7743.35,7737.83,7743.35,6.07,+0.08%,0
"2026-08-07 09:44",7743.43,7745.24,7742.82,7744.98,1.63,+0.02%,0
"2026-08-07 09:45",7744.63,7747.63,7740.63,7740.8,-4.18,-0.05%,0
"2026-08-07 09:46",7740.76,7741.07,7736.08,7738.02,-2.78,-0.04%,0
"2026-08-07 09:47",7738.15,7738.9,7736.72,7738.39,0.37,0.00%,0
"2026-08-07 09:48",7737.77,7740.28,7736.65,7736.65,-1.74,-0.02%,0
"2026-08-07 09:49",7736.47,7741.23,7736.25,7740.85,4.2,+0.05%,0
"2026-08-07 09:50",7741.13,7744.4,7740.05,7743.83,2.98,+0.04%,0
"2026-08-07 09:51",7743.55,7744.42,7740.61,7743.27,-0.56,-0.01%,0
"2026-08-07 09:52",7743.91,7745.87,7743.8,7745.06,1.79,+0.02%,0
"2026-08-07 09:53",7745.1,7746.21,7742.9,7744.88,-0.18,0.00%,0
"2026-08-07 09:54",7744.41,7745.06,7742.41,7743.7,-1.18,-0.02%,0
"2026-08-07 09:55",7743.75,7744.69,7741.09,7741.8,-1.9,-0.02%,0
"2026-08-07 09:56",7742.15,7742.42,7734.02,7734.06,-7.74,-0.10%,0
"2026-08-07 09:57",7734.09,7734.36,7728.99,7730.04,-4.02,-0.05%,0
"2026-08-07 09:58",7730.09,7732.58,7728.17,7729.26,-0.78,-0.01%,0
"2026-08-07 09:59",7730.11,7734.49,7729.79,7734.01,4.75,+0.06%,0
"2026-08-07 10:00",7733.53,7739.31,7731.46,7738.29,4.28,+0.06%,0
"2026-08-07 10:01",7738.53,7738.53,7732.65,7734.04,-4.25,-0.05%,0
"2026-08-07 10:02",7733.78,7735.99,7730.87,7735.83,1.79,+0.02%,0
"2026-08-07 10:03",7736.14,7736.29,7732.12,7732.84,-2.99,-0.04%,0
"2026-08-07 10:04",7732.6,7732.6,7728.15,7728.2,-4.64,-0.06%,0
"2026-08-07 10:05",7727.63,7731.55,7727.35,7730.55,2.35,+0.03%,0
"2026-08-07 10:06",7730.26,7733.24,7729.51,7733.24,2.69,+0.03%,0
"2026-08-07 10:07",7733.13,7733.32,7729.53,7731.96,-1.28,-0.02%,0
"2026-08-07 10:08",7732.5,7733.96,7728.77,7731.23,-0.73,-0.01%,0
"2026-08-07 10:09",7731.47,7731.47,7727.82,7728.13,-3.1,-0.04%,0
"2026-08-07 10:10",7728.27,7729.94,7727.5,7729.94,1.81,+0.02%,0
"2026-08-07 10:11",7730.04,7731.04,7724.3,7724.3,-5.64,-0.07%,0
"2026-08-07 10:12",7724.27,7724.27,7719.19,7722.56,-1.74,-0.02%,0
"2026-08-07 10:13",7722.83,7725.13,7721.2,7725.13,2.57,+0.03%,0
"2026-08-07 10:14",7724.68,7725.19,7721.45,7721.71,-3.42,-0.04%,0
"2026-08-07 10:15",7721.44,7726.94,7720.23,7726.73,5.02,+0.07%,0
"2026-08-07 10:16",7726.95,7731.55,7726.95,7730.79,4.06,+0.05%,0
"2026-08-07 10:17",7730.69,7733.69,7730.22,7731.99,1.2,+0.02%,0
"2026-08-07 10:18",7732.22,7737.35,7731.04,7737.35,5.36,+0.07%,0
"2026-08-07 10:19",7737.48,7741.55,7737.31,7741.55,4.2,+0.05%,0
"2026-08-07 10:20",7741.61,7743.22,7739.13,7741.35,-0.2,0.00%,0
"2026-08-07 10:21",7741.19,7743.07,7740.05,7742.53,1.18,+0.02%,0
"2026-08-07 10:22",7742.37,7742.37,7739.74,7739.88,-2.65,-0.03%,0
"2026-08-07 10:23",7739.89,7746.28,7739.89,7746.28,6.4,+0.08%,0
"2026-08-07 10:24",7746.66,7746.96,7743.54,7744.24,-2.04,-0.03%,0
"2026-08-07 10:25",7744.38,7750.63,7744.32,7750.54,6.3,+0.08%,0
"2026-08-07 10:26",7750.63,7752.27,7750.16,7750.16,-0.38,0.00%,0
"2026-08-07 10:27",7750.53,7753.03,7750.43,7752.26,2.1,+0.03%,0
"2026-08-07 10:28",7752.31,7756.08,7751.84,7755.55,3.29,+0.04%,0
"2026-08-07 10:29",7755.71,7755.89,7754.02,7754.54,-1.01,-0.01%,0
"2026-08-07 10:30",7755.11,7756.91,7749.88,7750.25,-4.29,-0.06%,0
"2026-08-07 10:31",7750.28,7751.59,7748.12,7750.82,0.57,+0.01%,0
"2026-08-07 10:32",7750.94,7751.8,7750.01,7751.07,0.25,0.00%,0
"2026-08-07 10:33",7750.74,7750.77,7747.86,7748.82,-2.25,-0.03%,0
"2026-08-07 10:34",7748.96,7749.29,7747.2,7749.16,0.34,0.00%,0
"2026-08-07 10:35",7749.36,7751.24,7745.55,7745.81,-3.35,-0.04%,0
"2026-08-07 10:36",7745.98,7747.38,7744.03,7744.64,-1.17,-0.02%,0
"2026-08-07 10:37",7744.95,7749.15,7744.95,7747.98,3.34,+0.04%,0
"2026-08-07 10:38",7747.69,7750.42,7747.36,7747.36,-0.62,-0.01%,0
"2026-08-07 10:39",7746.97,7746.97,7741.1,7742.38,-4.98,-0.06%,0
"2026-08-07 10:40",7742.27,7745.5,7741.84,7745.19,2.81,+0.04%,0
"2026-08-07 10:41",7745.46,7745.87,7743.63,7744.92,-0.27,0.00%,0
"2026-08-07 10:42",7745.08,7747.75,7743.85,7744.65,-0.27,0.00%,0
"2026-08-07 10:43",7744.56,7745.17,7742.27,7743.69,-0.96,-0.01%,0
"2026-08-07 10:44",7743.5,7743.93,7741.1,7741.67,-2.02,-0.03%,0
"2026-08-07 10:45",7743.15,7748.29,7742.88,7748,6.33,+0.08%,0
"2026-08-07 10:46",7747.87,7749.64,7746.16,7749.12,1.12,+0.01%,0
"2026-08-07 10:47",7748.91,7750.24,7748.31,7749.87,0.75,+0.01%,0
"2026-08-07 10:48",7750.13,7750.59,7746.95,7747.96,-1.91,-0.02%,0
"2026-08-07 10:49",7747.77,7748.41,7746.54,7747.77,-0.19,0.00%,0
"2026-08-07 10:50",7747.57,7749.1,7747.28,7747.44,-0.33,0.00%,0
"2026-08-07 10:51",7747.46,7748.16,7743.19,7744.04,-3.4,-0.04%,0
"2026-08-07 10:52",7744.3,7745.84,7742.27,7744.63,0.59,+0.01%,0
"2026-08-07 10:53",7744.84,7746.26,7744.56,7745.48,0.85,+0.01%,0
"2026-08-07 10:54",7745.41,7746.74,7744.85,7745.03,-0.45,-0.01%,0
"2026-08-07 10:55",7745.32,7748.68,7745.3,7748.33,3.3,+0.04%,0
"2026-08-07 10:56",7748.47,7749.9,7747.46,7747.92,-0.41,-0.01%,0
"2026-08-07 10:57",7747.93,7750.9,7747.67,7750.19,2.27,+0.03%,0
"2026-08-07 10:58",7750.05,7753.69,7750.05,7753.03,2.84,+0.04%,0
"2026-08-07 10:59",7752.94,7752.94,7749.74,7751.99,-1.04,-0.01%,0
"2026-08-07 11:00",7752.02,7752.17,7750.65,7751.36,-0.63,-0.01%,0
"2026-08-07 11:01",7751.37,7752.13,7749.02,7749.1,-2.26,-0.03%,0
"2026-08-07 11:02",7749.13,7750.08,7747.92,7749.51,0.41,+0.01%,0
"2026-08-07 11:03",7749.41,7751.77,7748.57,7751.74,2.23,+0.03%,0
"2026-08-07 11:04",7751.49,7752.14,7750.86,7751.42,-0.32,0.00%,0
"2026-08-07 11:05",7751.5,7752.97,7751.25,7752.39,0.97,+0.01%,0
"2026-08-07 11:06",7752.48,7753.41,7752.44,7753.35,0.96,+0.01%,0
"2026-08-07 11:07",7753.26,7753.75,7751.86,7751.86,-1.49,-0.02%,0
"2026-08-07 11:08",7751.95,7753.39,7751.23,7753.39,1.53,+0.02%,0
"2026-08-07 11:09",7753.4,7754,7752.37,7753.27,-0.12,0.00%,0
"2026-08-07 11:10",7753.17,7756.56,7753.17,7756.27,3,+0.04%,0
"2026-08-07 11:11",7756.15,7757.15,7753.48,7753.48,-2.79,-0.04%,0
"2026-08-07 11:12",7753.64,7754.86,7751.8,7751.8,-1.68,-0.02%,0
"2026-08-07 11:13",7751.48,7752.57,7750.44,7752.41,0.61,+0.01%,0
"2026-08-07 11:14",7752.45,7754.48,7752.44,7754.48,2.07,+0.03%,0
"2026-08-07 11:15",7754.32,7754.39,7753.1,7753.12,-1.36,-0.02%,0
"2026-08-07 11:16",7753.02,7755.46,7752.97,7754.59,1.47,+0.02%,0
"2026-08-07 11:17",7754.59,7754.59,7752.04,7752.56,-2.03,-0.03%,0
"2026-08-07 11:18",7752.23,7753.56,7751.9,7753.46,0.9,+0.01%,0
"2026-08-07 11:19",7753.46,7753.48,7752.13,7752.38,-1.08,-0.01%,0
"2026-08-07 11:20",7752.45,7754.14,7752.09,7754.08,1.7,+0.02%,0
"2026-08-07 11:21",7754.1,7754.44,7752.45,7754.36,0.28,0.00%,0
"2026-08-07 11:22",7754.43,7756.77,7754.43,7756.67,2.31,+0.03%,0
"2026-08-07 11:23",7756.73,7758.28,7756.19,7757.44,0.77,+0.01%,0
"2026-08-07 11:24",7757.3,7759.33,7757.3,7759.11,1.67,+0.02%,0
"2026-08-07 11:25",7759.02,7760.89,7758.5,7760.89,1.78,+0.02%,0
"2026-08-07 11:26",7760.89,7762.45,7760.89,7761.75,0.86,+0.01%,0
"2026-08-07 11:27",7761.82,7762,7761.23,7761.8,0.05,0.00%,0
"2026-08-07 11:28",7761.78,7761.85,7760.64,7761.43,-0.37,0.00%,0
"2026-08-07 11:29",7761.27,7761.27,7759.76,7760,-1.43,-0.02%,0
"2026-08-07 11:30",7760,7762.39,7760,7762.11,2.11,+0.03%,0
"2026-08-07 11:31",7762.03,7762.54,7761.41,7761.45,-0.66,-0.01%,0
"2026-08-07 11:32",7761.48,7762.97,7761.23,7762.97,1.52,+0.02%,0
"2026-08-07 11:33",7763.03,7763.08,7759.31,7759.31,-3.66,-0.05%,0
"2026-08-07 11:34",7759.49,7759.72,7758.53,7758.53,-0.78,-0.01%,0
"2026-08-07 11:35",7758.58,7758.92,7756.24,7757.33,-1.2,-0.02%,0
"2026-08-07 11:36",7757.19,7758.63,7756.26,7758.42,1.09,+0.01%,0
"2026-08-07 11:37",7758.49,7759.95,7757.84,7759.62,1.2,+0.02%,0
"2026-08-07 11:38",7759.81,7759.81,7758.09,7758.09,-1.53,-0.02%,0
"2026-08-07 11:39",7758.03,7759.11,7758.03,7758.39,0.3,0.00%,0
"2026-08-07 11:40",7758.3,7760.16,7758.3,7758.65,0.26,0.00%,0
"2026-08-07 11:41",7758.67,7758.67,7754.43,7754.45,-4.2,-0.05%,0
"2026-08-07 11:42",7754.47,7755.08,7753.82,7754.6,0.15,0.00%,0
"2026-08-07 11:43",7754.26,7755.32,7753.63,7754.73,0.13,0.00%,0
"2026-08-07 11:44",7754.71,7756.88,7754.68,7755.72,0.99,+0.01%,0
"2026-08-07 11:45",7755.89,7756.28,7754.76,7756.07,0.35,0.00%,0
"2026-08-07 11:46",7755.95,7757.43,7755.38,7756.8,0.73,+0.01%,0
"2026-08-07 11:47",7756.69,7756.99,7755.37,7756.3,-0.5,-0.01%,0
"2026-08-07 11:48",7756.16,7757.26,7756.16,7756.66,0.36,0.00%,0
"2026-08-07 11:49",7756.55,7759.84,7756.43,7759.81,3.15,+0.04%,0
"2026-08-07 11:50",7759.48,7759.93,7758.83,7759.78,-0.03,0.00%,0
"2026-08-07 11:51",7759.91,7760.51,7758.99,7758.99,-0.79,-0.01%,0
"2026-08-07 11:52",7759.18,7759.56,7757.81,7758.02,-0.97,-0.01%,0
"2026-08-07 11:53",7757.91,7757.91,7754.86,7755.74,-2.28,-0.03%,0
"2026-08-07 11:54",7755.75,7757.11,7755.42,7757.11,1.37,+0.02%,0
"2026-08-07 11:55",7757.19,7757.19,7756.23,7756.24,-0.87,-0.01%,0
"2026-08-07 11:56",7756.34,7756.51,7755.04,7756.08,-0.16,0.00%,0
"2026-08-07 11:57",7756.11,7756.11,7753.93,7754.13,-1.95,-0.03%,0
"2026-08-07 11:58",7754.09,7754.18,7752.99,7754.05,-0.08,0.00%,0
"2026-08-07 11:59",7754.01,7754.9,7753.7,7754.9,0.85,+0.01%,0
"2026-08-07 12:00",7755.03,7755.31,7752.72,7752.94,-1.96,-0.03%,0
"2026-08-07 12:01",7752.91,7753.1,7752.29,7753.01,0.07,0.00%,0
"2026-08-07 12:02",7752.93,7754.59,7752.93,7753.57,0.56,+0.01%,0
"2026-08-07 12:03",7753.44,7754.26,7752.93,7754.2,0.63,+0.01%,0
"2026-08-07 12:04",7753.92,7755.41,7753.04,7755.26,1.06,+0.01%,0
"2026-08-07 12:05",7755.32,7757.22,7755.01,7755.93,0.67,+0.01%,0
"2026-08-07 12:06",7755.97,7757.16,7755.97,7756.79,0.86,+0.01%,0
"2026-08-07 12:07",7756.86,7757.75,7756.42,7757.09,0.3,0.00%,0
"2026-08-07 12:08",7757.15,7757.42,7755.96,7756.17,-0.92,-0.01%,0
"2026-08-07 12:09",7756.21,7756.24,7754.59,7755.76,-0.41,-0.01%,0
"2026-08-07 12:10",7755.71,7756.62,7755.58,7756.49,0.73,+0.01%,0
"2026-08-07 12:11",7756.64,7757.41,7756.37,7757.27,0.78,+0.01%,0
"2026-08-07 12:12",7757.19,7757.25,7755.82,7756.17,-1.1,-0.01%,0
"2026-08-07 12:13",7756.31,7756.42,7755.26,7755.53,-0.64,-0.01%,0
"2026-08-07 12:14",7755.53,7756.08,7754.34,7754.34,-1.19,-0.02%,0
"2026-08-07 12:15",7754.09,7754.7,7753.83,7754.68,0.34,0.00%,0
"2026-08-07 12:16",7754.97,7756.11,7754.97,7755.3,0.62,+0.01%,0
"2026-08-07 12:17",7755.32,7756.04,7754.58,7754.81,-0.49,-0.01%,0
"2026-08-07 12:18",7754.71,7755.43,7754.19,7754.84,0.03,0.00%,0
"2026-08-07 12:19",7754.79,7755.04,7752.89,7753.21,-1.63,-0.02%,0
"2026-08-07 12:20",7753.2,7756.44,7752.92,7753.58,0.37,0.00%,0
"2026-08-07 12:21",7753.71,7753.95,7750.66,7751.22,-2.36,-0.03%,0
"2026-08-07 12:22",7751.15,7751.65,7750.34,7750.6,-0.62,-0.01%,0
"2026-08-07 12:23",7750.65,7751.31,7748.66,7748.81,-1.79,-0.02%,0
"2026-08-07 12:24",7748.81,7748.9,7746.94,7747,-1.81,-0.02%,0
"2026-08-07 12:25",7747.07,7747.07,7740.18,7741.15,-5.85,-0.08%,0
"2026-08-07 12:26",7741.23,7741.91,7737.83,7738.72,-2.43,-0.03%,0
"2026-08-07 12:27",7738.68,7740.7,7737.63,7740.42,1.7,+0.02%,0
"2026-08-07 12:28",7740.46,7741.19,7738.01,7740.26,-0.16,0.00%,0
"2026-08-07 12:29",7740.44,7740.93,7739.1,7740.67,0.41,+0.01%,0
"2026-08-07 12:30",7740.73,7741.65,7736.1,7736.2,-4.47,-0.06%,0
"2026-08-07 12:31",7736.16,7737.26,7735.01,7735.15,-1.05,-0.01%,0
"2026-08-07 12:32",7735.14,7738.24,7734.63,7738.24,3.09,+0.04%,0
"2026-08-07 12:33",7738.54,7739.48,7738.16,7739.48,1.24,+0.02%,0
"2026-08-07 12:34",7739.39,7743.53,7739.21,7743.35,3.87,+0.05%,0
"2026-08-07 12:35",7743.42,7743.52,7741.58,7742.27,-1.08,-0.01%,0
"2026-08-07 12:36",7742.26,7744.31,7742.26,7742.68,0.41,+0.01%,0
"2026-08-07 12:37",7742.79,7743.51,7742.54,7742.79,0.11,0.00%,0
"2026-08-07 12:38",7742.91,7743.26,7742.17,7742.49,-0.3,0.00%,0
"2026-08-07 12:39",7742.57,7747.1,7742.57,7746.92,4.43,+0.06%,0
"2026-08-07 12:40",7746.86,7748.06,7746.35,7747.71,0.79,+0.01%,0
"2026-08-07 12:41",7747.66,7748.91,7747.46,7748.8,1.09,+0.01%,0
"2026-08-07 12:42",7748.95,7748.95,7746.76,7746.82,-1.98,-0.03%,0
"2026-08-07 12:43",7746.72,7748.35,7746.69,7748.02,1.2,+0.02%,0
"2026-08-07 12:44",7748.04,7749.85,7747.94,7749.75,1.73,+0.02%,0
"2026-08-07 12:45",7749.73,7751.38,7749.73,7750.78,1.03,+0.01%,0
"2026-08-07 12:46",7750.77,7751.19,7749.59,7749.66,-1.12,-0.01%,0
"2026-08-07 12:47",7749.69,7750.18,7749.05,7749.75,0.09,0.00%,0
"2026-08-07 12:48",7749.77,7749.96,7748.75,7749.54,-0.21,0.00%,0
"2026-08-07 12:49",7749.35,7750.85,7749.22,7750.4,0.86,+0.01%,0
"2026-08-07 12:50",7750.45,7752.27,7750.36,7752.15,1.75,+0.02%,0
"2026-08-07 12:51",7752.15,7752.15,7748.63,7748.63,-3.52,-0.05%,0
"2026-08-07 12:52",7748.43,7748.55,7745.83,7745.83,-2.8,-0.04%,0
"2026-08-07 12:53",7745.81,7746.68,7745.02,7746.68,0.85,+0.01%,0
"2026-08-07 12:54",7746.95,7746.95,7745.9,7745.99,-0.69,-0.01%,0
"2026-08-07 12:55",7745.98,7746.51,7745.45,7746.15,0.16,0.00%,0
"2026-08-07 12:56",7746.22,7747.98,7745.9,7746.28,0.13,0.00%,0
"2026-08-07 12:57",7746.22,7746.61,7745.44,7745.49,-0.79,-0.01%,0
"2026-08-07 12:58",7745.46,7745.52,7744.84,7744.98,-0.51,-0.01%,0
"2026-08-07 12:59",7745.2,7745.41,7743.73,7743.73,-1.25,-0.02%,0
"2026-08-07 13:00",7743.59,7744.01,7742.24,7742.28,-1.45,-0.02%,0
"2026-08-07 13:01",7742.62,7744.73,7742.62,7744.32,2.04,+0.03%,0
"2026-08-07 13:02",7744.25,7745.63,7744.25,7745.06,0.74,+0.01%,0
"2026-08-07 13:03",7745.05,7746.3,7745.05,7745.22,0.16,0.00%,0
"2026-08-07 13:04",7745.27,7745.62,7744.18,7744.41,-0.81,-0.01%,0
"2026-08-07 13:05",7744.46,7746.43,7744.3,7745.92,1.51,+0.02%,0
"2026-08-07 13:06",7745.99,7746.93,7745.8,7746.51,0.59,+0.01%,0
"2026-08-07 13:07",7746.52,7746.7,7745.53,7746.43,-0.08,0.00%,0
"2026-08-07 13:08",7746.28,7746.91,7745.96,7746.37,-0.06,0.00%,0
"2026-08-07 13:09",7746.39,7746.82,7745.88,7746.67,0.3,0.00%,0
"2026-08-07 13:10",7746.79,7747.67,7745.88,7745.98,-0.69,-0.01%,0
"2026-08-07 13:11",7745.91,7746.92,7745.66,7746,0.02,0.00%,0
"2026-08-07 13:12",7745.92,7746.11,7744.49,7744.49,-1.51,-0.02%,0
"2026-08-07 13:13",7744.3,7744.85,7743.92,7744.73,0.24,0.00%,0
"2026-08-07 13:14",7744.72,7744.96,7744.13,7744.14,-0.59,-0.01%,0
"2026-08-07 13:15",7744.23,7745.34,7743.96,7744.39,0.25,0.00%,0
"2026-08-07 13:16",7744.37,7746.41,7743.79,7746.11,1.72,+0.02%,0
"2026-08-07 13:17",7745.95,7745.98,7745.14,7745.83,-0.28,0.00%,0
"2026-08-07 13:18",7745.8,7746.49,7745.43,7746.26,0.43,+0.01%,0
"2026-08-07 13:19",7746.23,7747.04,7746.08,7746.86,0.6,+0.01%,0
"2026-08-07 13:20",7746.77,7747.62,7746.68,7746.95,0.09,0.00%,0
"2026-08-07 13:21",7746.88,7746.88,7745.13,7745.47,-1.48,-0.02%,0
"2026-08-07 13:22",7745.47,7746.74,7745.43,7746.42,0.95,+0.01%,0
"2026-08-07 13:23",7746.5,7746.5,7744.22,7744.28,-2.14,-0.03%,0
"2026-08-07 13:24",7744.28,7744.78,7742.79,7742.83,-1.45,-0.02%,0
"2026-08-07 13:25",7742.8,7743.44,7741.74,7743.16,0.33,0.00%,0
"2026-08-07 13:26",7743.18,7743.89,7743.15,7743.47,0.31,0.00%,0
"2026-08-07 13:27",7743.52,7744.01,7743.33,7743.64,0.17,0.00%,0
"2026-08-07 13:28",7743.64,7744.81,7743.2,7744.72,1.08,+0.01%,0
"2026-08-07 13:29",7744.69,7746.29,7744.69,7745.29,0.57,+0.01%,0
"2026-08-07 13:30",7745.31,7746.48,7745.25,7745.97,0.68,+0.01%,0
"2026-08-07 13:31",7745.74,7745.82,7744.28,7744.81,-1.16,-0.01%,0
"2026-08-07 13:32",7744.73,7744.98,7743.89,7743.89,-0.92,-0.01%,0
"2026-08-07 13:33",7743.82,7745.25,7741.63,7743.85,-0.04,0.00%,0
"2026-08-07 13:34",7743.92,7744.43,7742.68,7742.83,-1.02,-0.01%,0
"2026-08-07 13:35",7743.03,7744.11,7742.91,7744.11,1.28,+0.02%,0
"2026-08-07 13:36",7744.12,7744.77,7743.76,7744.77,0.66,+0.01%,0
"2026-08-07 13:37",7744.79,7744.79,7743.6,7743.93,-0.84,-0.01%,0
"2026-08-07 13:38",7743.89,7745.06,7743.75,7745.06,1.13,+0.01%,0
"2026-08-07 13:39",7745,7747.54,7744.72,7747.45,2.39,+0.03%,0
"2026-08-07 13:40",7747.46,7747.76,7745.73,7745.82,-1.63,-0.02%,0
"2026-08-07 13:41",7745.68,7746.25,7745.66,7745.72,-0.1,0.00%,0
"2026-08-07 13:42",7745.86,7746.01,7745.38,7745.39,-0.33,0.00%,0
"2026-08-07 13:43",7745.44,7746.58,7745.39,7746.58,1.19,+0.02%,0
"2026-08-07 13:44",7746.53,7746.57,7745.27,7745.27,-1.31,-0.02%,0
"2026-08-07 13:45",7745.29,7746.39,7744.64,7746.3,1.03,+0.01%,0
"2026-08-07 13:46",7746.27,7747.71,7746.24,7747.56,1.26,+0.02%,0
"2026-08-07 13:47",7747.53,7747.79,7746.88,7747.28,-0.28,0.00%,0
"2026-08-07 13:48",7747.14,7747.32,7746.82,7747.06,-0.22,0.00%,0
"2026-08-07 13:49",7747.01,7747.21,7746.28,7746.55,-0.51,-0.01%,0
"2026-08-07 13:50",7746.47,7748.22,7746.3,7747.4,0.85,+0.01%,0
"2026-08-07 13:51",7747.36,7747.46,7745.25,7745.98,-1.42,-0.02%,0
"2026-08-07 13:52",7745.94,7746.01,7744.38,7744.68,-1.3,-0.02%,0
"2026-08-07 13:53",7744.66,7744.91,7744.05,7744.85,0.17,0.00%,0
"2026-08-07 13:54",7744.76,7746.95,7744.52,7746.79,1.94,+0.03%,0
"2026-08-07 13:55",7746.81,7747.12,7746.05,7746.17,-0.62,-0.01%,0
"2026-08-07 13:56",7746.19,7747.09,7745.89,7746.37,0.2,0.00%,0
"2026-08-07 13:57",7746.32,7747.34,7746.16,7747.34,0.97,+0.01%,0
"2026-08-07 13:58",7747.47,7747.7,7746.66,7746.81,-0.53,-0.01%,0
"2026-08-07 13:59",7746.79,7747,7745.35,7745.35,-1.46,-0.02%,0
"2026-08-07 14:00",7745.35,7746.17,7745.01,7745.82,0.47,+0.01%,0
"2026-08-07 14:01",7745.84,7746.23,7745.47,7746.09,0.27,0.00%,0
"2026-08-07 14:02",7746.16,7746.37,7745.31,7745.95,-0.14,0.00%,0
"2026-08-07 14:03",7745.92,7746.24,7745.58,7745.99,0.04,0.00%,0
"2026-08-07 14:04",7745.92,7746.01,7745.38,7745.63,-0.36,0.00%,0
"2026-08-07 14:05",7745.64,7745.83,7743.8,7744.38,-1.25,-0.02%,0
"2026-08-07 14:06",7744.33,7744.77,7743.74,7744.24,-0.14,0.00%,0
"2026-08-07 14:07",7744.23,7744.88,7742.96,7744.75,0.51,+0.01%,0
"2026-08-07 14:08",7744.72,7745.69,7744.72,7744.88,0.13,0.00%,0
"2026-08-07 14:09",7744.9,7745.08,7744.3,7744.61,-0.27,0.00%,0
"2026-08-07 14:10",7744.61,7745,7744.17,7744.88,0.27,0.00%,0
"2026-08-07 14:11",7744.81,7744.81,7743.59,7743.87,-1.01,-0.01%,0
"2026-08-07 14:12",7743.9,7743.95,7741.74,7742.05,-1.82,-0.02%,0
"2026-08-07 14:13",7742.17,7742.29,7740.89,7740.89,-1.16,-0.01%,0
"2026-08-07 14:14",7740.9,7740.92,7739.03,7739.21,-1.68,-0.02%,0
"2026-08-07 14:15",7739.78,7740.07,7738.77,7739.24,0.03,0.00%,0
"2026-08-07 14:16",7739.3,7740.23,7738.94,7739.94,0.7,+0.01%,0
"2026-08-07 14:17",7739.82,7740.14,7739.38,7739.76,-0.18,0.00%,0
"2026-08-07 14:18",7739.78,7741.77,7739.78,7741.67,1.91,+0.02%,0
"2026-08-07 14:19",7741.63,7741.63,7740.66,7741.03,-0.64,-0.01%,0
"2026-08-07 14:20",7740.99,7741.73,7740.55,7740.78,-0.25,0.00%,0
"2026-08-07 14:21",7740.63,7741.44,7740.39,7740.39,-0.39,-0.01%,0
"2026-08-07 14:22",7740.33,7741.28,7739.72,7740.73,0.34,0.00%,0
"2026-08-07 14:23",7740.82,7741.09,7740.31,7740.6,-0.13,0.00%,0
"2026-08-07 14:24",7740.55,7740.7,7739.24,7740.03,-0.57,-0.01%,0
"2026-08-07 14:25",7740.06,7740.7,7739.2,7739.2,-0.83,-0.01%,0
"2026-08-07 14:26",7739.01,7739.59,7739.01,7739.41,0.21,0.00%,0
"2026-08-07 14:27",7739.39,7741.06,7739.39,7740.6,1.19,+0.02%,0
"2026-08-07 14:28",7740.56,7740.56,7738.8,7738.96,-1.64,-0.02%,0
"2026-08-07 14:29",7738.84,7739.3,7738.23,7738.55,-0.41,-0.01%,0
"2026-08-07 14:30",7738.45,7738.51,7737.86,7737.99,-0.56,-0.01%,0
"2026-08-07 14:31",7737.93,7738.06,7736.99,7737.8,-0.19,0.00%,0
"2026-08-07 14:32",7737.81,7738.89,7737.47,7738.89,1.09,+0.01%,0
"2026-08-07 14:33",7738.97,7739.95,7738.42,7739.85,0.96,+0.01%,0
"2026-08-07 14:34",7739.92,7739.92,7737.24,7737.42,-2.43,-0.03%,0
"2026-08-07 14:35",7737.38,7738.33,7736.08,7736.08,-1.34,-0.02%,0
"2026-08-07 14:36",7735.97,7737.08,7735.92,7736.63,0.55,+0.01%,0
"2026-08-07 14:37",7736.49,7737.76,7736.49,7737.22,0.59,+0.01%,0
"2026-08-07 14:38",7737.22,7737.36,7736.4,7736.43,-0.79,-0.01%,0
"2026-08-07 14:39",7736.39,7736.99,7735.9,7736.6,0.17,0.00%,0
"2026-08-07 14:40",7736.56,7736.82,7736.27,7736.82,0.22,0.00%,0
"2026-08-07 14:41",7736.83,7737.09,7736.63,7736.94,0.12,0.00%,0
"2026-08-07 14:42",7736.9,7737.12,7736.51,7737.08,0.14,0.00%,0
"2026-08-07 14:43",7736.9,7736.93,7736.22,7736.62,-0.46,-0.01%,0
"2026-08-07 14:44",7736.5,7736.5,7732.94,7733,-3.62,-0.05%,0
"2026-08-07 14:45",7733.05,7734.33,7733.05,7734.28,1.28,+0.02%,0
"2026-08-07 14:46",7734.35,7734.64,7732.92,7732.97,-1.31,-0.02%,0
"2026-08-07 14:47",7733.08,7733.51,7732.99,7733.5,0.53,+0.01%,0
"2026-08-07 14:48",7733.41,7735.76,7733.41,7735.73,2.23,+0.03%,0
"2026-08-07 14:49",7735.75,7736.5,7735.54,7736.25,0.52,+0.01%,0
"2026-08-07 14:50",7736.25,7737.79,7736.14,7737.52,1.27,+0.02%,0
"2026-08-07 14:51",7737.55,7738.32,7737.2,7738.32,0.8,+0.01%,0
"2026-08-07 14:52",7738.27,7738.41,7737.41,7737.91,-0.41,-0.01%,0
"2026-08-07 14:53",7737.9,7737.93,7737.07,7737.84,-0.07,0.00%,0
"2026-08-07 14:54",7737.86,7738.01,7736.75,7736.84,-1.,-0.01%,0
"2026-08-07 14:55",7736.95,7737.41,7736.38,7736.41,-0.43,-0.01%,0
"2026-08-07 14:56",7736.32,7736.74,7735.65,7736.14,-0.27,0.00%,0
"2026-08-07 14:57",7736.19,7738.02,7736.11,7738.01,1.87,+0.02%,0
"2026-08-07 14:58",7738.01,7739.53,7738.01,7738.54,0.53,+0.01%,0
"2026-08-07 14:59",7738.69,7740.69,7738.61,7740.69,2.15,+0.03%,0
"2026-08-07 15:00",7740.77,7743.51,7740.77,7743.17,2.48,+0.03%,0
"2026-08-07 15:01",7743.16,7748.09,7743.16,7745.6,2.43,+0.03%,0
"2026-08-07 15:02",7745.5,7745.75,7744.53,7744.53,-1.07,-0.01%,0
"2026-08-07 15:03",7744.47,7744.54,7743.67,7743.85,-0.68,-0.01%,0
"2026-08-07 15:04",7743.85,7744.57,7743.71,7744.39,0.54,+0.01%,0
"2026-08-07 15:05",7744.33,7746.72,7744.3,7746.66,2.27,+0.03%,0
"2026-08-07 15:06",7746.85,7748.94,7746.73,7748.53,1.87,+0.02%,0
"2026-08-07 15:07",7748.65,7749.37,7748.26,7749.37,0.84,+0.01%,0
"2026-08-07 15:08",7749.47,7749.47,7748.72,7748.72,-0.65,-0.01%,0
"2026-08-07 15:09",7748.72,7750.36,7748.34,7750.36,1.64,+0.02%,0
"2026-08-07 15:10",7750.46,7754.14,7750.46,7754.09,3.73,+0.05%,0
"2026-08-07 15:11",7753.96,7754.14,7753.16,7753.62,-0.47,-0.01%,0
"2026-08-07 15:12",7753.58,7753.77,7752.79,7752.86,-0.76,-0.01%,0
"2026-08-07 15:13",7752.83,7753.52,7752.61,7752.77,-0.09,0.00%,0
"2026-08-07 15:14",7752.84,7753.39,7752.77,7753.04,0.27,0.00%,0
"2026-08-07 15:15",7753.15,7756.16,7753.15,7756.16,3.12,+0.04%,0
"2026-08-07 15:16",7756.35,7756.44,7754.46,7756.36,0.2,0.00%,0
"2026-08-07 15:17",7757.05,7757.69,7754.51,7754.68,-1.68,-0.02%,0
"2026-08-07 15:18",7754.87,7755.15,7753.44,7753.65,-1.03,-0.01%,0
"2026-08-07 15:19",7753.75,7754.02,7752.47,7752.72,-0.93,-0.01%,0
"2026-08-07 15:20",7752.72,7755.44,7752.72,7755.16,2.44,+0.03%,0
"2026-08-07 15:21",7755.03,7755.68,7754.56,7754.56,-0.6,-0.01%,0
"2026-08-07 15:22",7754.51,7754.94,7753.85,7754.55,-0.01,0.00%,0
"2026-08-07 15:23",7754.6,7755.77,7754.34,7755.68,1.13,+0.01%,0
"2026-08-07 15:24",7755.64,7755.87,7752.82,7752.82,-2.86,-0.04%,0
"2026-08-07 15:25",7752.97,7753.65,7752.82,7753.07,0.25,0.00%,0
"2026-08-07 15:26",7753.16,7754.79,7753.14,7754.7,1.63,+0.02%,0
"2026-08-07 15:27",7754.62,7754.67,7752.9,7753.63,-1.07,-0.01%,0
"2026-08-07 15:28",7753.7,7753.88,7753.23,7753.58,-0.05,0.00%,0
"2026-08-07 15:29",7753.52,7754.94,7752.98,7754.94,1.36,+0.02%,0
"2026-08-07 15:30",7754.94,7754.94,7750.99,7751.25,-3.69,-0.05%,0
"2026-08-07 15:31",7751.25,7752.69,7751.25,7752.34,1.09,+0.01%,0
"2026-08-07 15:32",7752.39,7752.77,7751.7,7752.18,-0.16,0.00%,0
"2026-08-07 15:33",7752.14,7752.65,7751.73,7752.18,0,0.00%,0
"2026-08-07 15:34",7752.02,7752.27,7750.9,7750.99,-1.19,-0.02%,0
"2026-08-07 15:35",7751.02,7751.23,7750.09,7750.62,-0.37,0.00%,0
"2026-08-07 15:36",7750.46,7752.08,7749.95,7752.08,1.46,+0.02%,0
"2026-08-07 15:37",7752.08,7752.29,7751.62,7751.95,-0.13,0.00%,0
"2026-08-07 15:38",7752.02,7754.51,7752.02,7753.25,1.3,+0.02%,0
"2026-08-07 15:39",7753.33,7753.33,7752.17,7752.6,-0.65,-0.01%,0
"2026-08-07 15:40",7752.55,7752.94,7750.1,7750.61,-1.99,-0.03%,0
"2026-08-07 15:41",7750.41,7750.41,7748.89,7749.82,-0.79,-0.01%,0
"2026-08-07 15:42",7749.83,7751.07,7749.77,7751.07,1.25,+0.02%,0
"2026-08-07 15:43",7751.4,7751.4,7749.96,7749.96,-1.11,-0.01%,0
"2026-08-07 15:44",7749.9,7751.2,7749.2,7749.35,-0.61,-0.01%,0
"2026-08-07 15:45",7749.41,7751.99,7749.31,7751.34,1.99,+0.03%,0
"2026-08-07 15:46",7751.47,7752.55,7751.09,7751.31,-0.03,0.00%,0
"2026-08-07 15:47",7751.5,7752,7750.24,7751.99,0.68,+0.01%,0
"2026-08-07 15:48",7751.95,7753.06,7751.55,7752.75,0.76,+0.01%,0
"2026-08-07 15:49",7752.69,7753.33,7752.06,7752.15,-0.6,-0.01%,0
"2026-08-07 15:50",7752.22,7753.23,7751.03,7752.64,0.49,+0.01%,0
"2026-08-07 15:51",7752.58,7752.96,7750.58,7750.58,-2.06,-0.03%,0
"2026-08-07 15:52",7750.53,7751.44,7750.29,7751.05,0.47,+0.01%,0
"2026-08-07 15:53",7751.01,7753.86,7751,7753.51,2.46,+0.03%,0
"2026-08-07 15:54",7753.7,7754.21,7752.59,7752.62,-0.89,-0.01%,0
"2026-08-07 15:55",7752.47,7757.02,7752.47,7753.22,0.6,+0.01%,0
"2026-08-07 15:56",7753.24,7753.84,7752.46,7753.78,0.56,+0.01%,0
"2026-08-07 15:57",7753.59,7756.55,7753.45,7755.12,1.34,+0.02%,0
"2026-08-07 15:58",7755.32,7759.01,7755.32,7758.54,3.42,+0.04%,0
"2026-08-07 15:59",7760.22,7761.88,7755.61,7755.61,-2.93,-0.04%,0
"2026-08-07 16:00",7756.44,7757.46,7756.44,7757.46,1.85,+0.02%,0
"2026-08-07 16:01",7757.46,7757.46,7757.45,7757.46,0,0.00%,0
"2026-08-07 16:02",7757.46,7757.54,7757.46,7757.54,0.08,0.00%,0
"2026-08-07 16:03",7757.54,7757.6,7757.54,7757.6,0.06,0.00%,0
"2026-08-07 16:04",7757.6,7757.64,7757.6,7757.64,0.04,0.00%,0
"2026-08-07 16:05",7757.64,7757.64,7757.64,7757.64,0,0.00%,0
"2026-08-07 16:06",7757.64,7757.64,7757.64,7757.64,0,0.00%,0
"2026-08-07 16:07",7757.64,7757.64,7757.64,7757.64,0,0.00%,0
"2026-08-07 16:08",7757.64,7757.64,7757.64,7757.64,0,0.00%,0
"2026-08-07 16:09",7757.64,7757.64,7757.64,7757.64,0,0.00%,0
"2026-08-07 16:10",7757.64,7757.64,7757.64,7757.64,0,0.00%,0
"2026-08-07 16:11",7757.64,7757.64,7757.64,7757.64,0,0.00%,0
"2026-08-07 16:12",7757.64,7757.64,7757.64,7757.64,0,0.00%,0
"2026-08-07 16:13",7757.64,7757.64,7757.64,7757.64,0,0.00%,0
"2026-08-07 16:14",7757.64,7757.64,7757.64,7757.64,0,0.00%,0
"2026-08-07 16:15",7757.64,7757.64,7757.64,7757.64,0,0.00%,0
"2026-08-07 16:16",7757.64,7757.64,7757.64,7757.64,0,0.00%,0
"2026-08-07 16:17",7757.64,7757.64,7757.64,7757.64,0,0.00%,0
"2026-08-07 16:18",7757.64,7757.64,7757.64,7757.64,0,0.00%,0
"2026-08-07 16:19",7757.64,7757.64,7757.64,7757.64,0,0.00%,0
"2026-08-07 16:20",7757.64,7757.64,7757.64,7757.64,0,0.00%,0
"2026-08-07 16:50",7757.64,7757.64,7757.64,7757.64,0,0.00%,0
"2026-08-10 09:30",7751.74,7756.32,7749.87,7756.1,-1.54,-0.02%,0
"2026-08-10 09:31",7755.46,7759.39,7754.34,7757.08,0.98,+0.01%,0
"2026-08-10 09:32",7757.21,7759.64,7756.48,7758.32,1.24,+0.02%,0
"2026-08-10 09:33",7757.79,7761.44,7756.18,7756.93,-1.39,-0.02%,0
"2026-08-10 09:34",7756.03,7756.17,7748.42,7748.74,-8.19,-0.11%,0
"2026-08-10 09:35",7749.48,7752.86,7748.67,7750.84,2.1,+0.03%,0
"2026-08-10 09:36",7751.49,7755.31,7751.48,7752.3,1.46,+0.02%,0
"2026-08-10 09:37",7751.98,7754.2,7750.09,7751.84,-0.46,-0.01%,0
"2026-08-10 09:38",7751.94,7752.48,7750.02,7750.94,-0.9,-0.01%,0
"2026-08-10 09:39",7751.15,7751.61,7749.22,7751.08,0.14,0.00%,0
"2026-08-10 09:40",7751.72,7752.37,7748.89,7750.49,-0.59,-0.01%,0
"2026-08-10 09:41",7750.7,7753.26,7749.48,7753.26,2.77,+0.04%,0
"2026-08-10 09:42",7753.47,7754.94,7752.53,7752.68,-0.58,-0.01%,0
"2026-08-10 09:43",7753.11,7754.35,7751.67,7753.66,0.98,+0.01%,0
"2026-08-10 09:44",7754.08,7754.08,7751.51,7751.66,-2.,-0.03%,0
"2026-08-10 09:45",7751.5,7754.87,7751.09,7752.85,1.19,+0.02%,0
"2026-08-10 09:46",7752.91,7753.85,7751.97,7753.51,0.66,+0.01%,0
"2026-08-10 09:47",7753.65,7754.31,7752.04,7754.28,0.77,+0.01%,0
"2026-08-10 09:48",7754.26,7754.38,7752.8,7753.91,-0.37,0.00%,0
"2026-08-10 09:49",7754.12,7756.28,7754.12,7755.57,1.66,+0.02%,0
"2026-08-10 09:50",7755.94,7757.73,7752.2,7753.77,-1.8,-0.02%,0
"2026-08-10 09:51",7753.89,7754.16,7751.15,7751.4,-2.37,-0.03%,0
"2026-08-10 09:52",7751.37,7753.26,7748.97,7752.98,1.58,+0.02%,0
"2026-08-10 09:53",7752.99,7754.66,7751.66,7754.66,1.68,+0.02%,0
"2026-08-10 09:54",7754.88,7756.04,7754.13,7754.89,0.23,0.00%,0
"2026-08-10 09:55",7754.95,7756.71,7753.57,7754.78,-0.11,0.00%,0
"2026-08-10 09:56",7754.26,7755.12,7753.27,7755.03,0.25,0.00%,0
"2026-08-10 09:57",7755.18,7757.63,7754.72,7756.85,1.82,+0.02%,0
"2026-08-10 09:58",7756.94,7758.36,7756.71,7757.55,0.7,+0.01%,0
"2026-08-10 09:59",7757.49,7759.2,7756.66,7758.03,0.48,+0.01%,0
"2026-08-10 10:00",7758.33,7761.23,7757.99,7758.54,0.51,+0.01%,0
"2026-08-10 10:01",7758.9,7761.57,7758,7761.55,3.01,+0.04%,0
"2026-08-10 10:02",7761.55,7761.89,7760.47,7760.78,-0.77,-0.01%,0
"2026-08-10 10:03",7760.81,7761.46,7759.7,7759.7,-1.08,-0.01%,0
"2026-08-10 10:04",7759.62,7762,7759.03,7761.05,1.35,+0.02%,0
"2026-08-10 10:05",7760.76,7761.96,7760.3,7760.97,-0.08,0.00%,0
"2026-08-10 10:06",7760.85,7762.66,7760.85,7761.57,0.6,+0.01%,0
"2026-08-10 10:07",7761.63,7762.48,7761.29,7762.07,0.5,+0.01%,0
"2026-08-10 10:08",7761.96,7762.96,7761.59,7762.75,0.68,+0.01%,0
"2026-08-10 10:09",7762.3,7764.08,7761.53,7763.84,1.09,+0.01%,0
"2026-08-10 10:10",7763.73,7765.76,7763.61,7765.61,1.77,+0.02%,0
"2026-08-10 10:11",7765.6,7765.99,7762.99,7763.27,-2.34,-0.03%,0
"2026-08-10 10:12",7763.21,7764.87,7762.84,7764.55,1.28,+0.02%,0
"2026-08-10 10:13",7764.63,7766.42,7764.25,7765.48,0.93,+0.01%,0
"2026-08-10 10:14",7765.68,7766.34,7764.91,7765.74,0.26,0.00%,0
"2026-08-10 10:15",7765.77,7767.01,7764.76,7764.98,-0.76,-0.01%,0
"2026-08-10 10:16",7765.58,7766.04,7764.82,7765.57,0.59,+0.01%,0
"2026-08-10 10:17",7765.44,7765.54,7764.79,7765.33,-0.24,0.00%,0
"2026-08-10 10:18",7765.26,7765.46,7763.3,7763.89,-1.44,-0.02%,0
"2026-08-10 10:19",7764.18,7767.32,7764.18,7766.76,2.87,+0.04%,0
"2026-08-10 10:20",7766.67,7767.67,7766.66,7767.33,0.57,+0.01%,0
"2026-08-10 10:21",7767.24,7767.3,7766.2,7766.76,-0.57,-0.01%,0
"2026-08-10 10:22",7766.8,7767.19,7765.06,7765.06,-1.7,-0.02%,0
"2026-08-10 10:23",7764.98,7765.94,7763.46,7763.81,-1.25,-0.02%,0
"2026-08-10 10:24",7763.61,7764.03,7762.03,7762.89,-0.92,-0.01%,0
"2026-08-10 10:25",7762.76,7766.29,7761.56,7766.29,3.4,+0.04%,0
"2026-08-10 10:26",7766.14,7767.15,7764.14,7764.93,-1.36,-0.02%,0
"2026-08-10 10:27",7764.84,7766.4,7764.69,7765.72,0.79,+0.01%,0
"2026-08-10 10:28",7765.56,7766.96,7765.19,7766.96,1.24,+0.02%,0
"2026-08-10 10:29",7766.91,7768.21,7765.76,7767.69,0.73,+0.01%,0
"2026-08-10 10:30",7767.64,7768.41,7766.69,7768.16,0.47,+0.01%,0
"2026-08-10 10:31",7767.9,7770.74,7767.85,7770.18,2.02,+0.03%,0
"2026-08-10 10:32",7769.92,7770.24,7769.42,7769.76,-0.42,-0.01%,0
"2026-08-10 10:33",7769.97,7770.12,7768.2,7769.15,-0.61,-0.01%,0
"2026-08-10 10:34",7768.88,7768.88,7766.69,7767.46,-1.69,-0.02%,0
"2026-08-10 10:35",7767.44,7770.15,7767.44,7769.12,1.66,+0.02%,0
"2026-08-10 10:36",7768.96,7769.45,7768.21,7768.22,-0.9,-0.01%,0
"2026-08-10 10:37",7768.09,7769.82,7767.98,7769.59,1.37,+0.02%,0
"2026-08-10 10:38",7769.74,7769.74,7767.13,7767.15,-2.44,-0.03%,0
"2026-08-10 10:39",7767.1,7767.55,7765.53,7767.55,0.4,+0.01%,0
"2026-08-10 10:40",7767.28,7769.27,7766.64,7767.5,-0.05,0.00%,0
"2026-08-10 10:41",7767.55,7769.27,7767.26,7767.87,0.37,0.00%,0
"2026-08-10 10:42",7768.01,7770.07,7767.17,7769.88,2.01,+0.03%,0
"2026-08-10 10:43",7769.77,7769.98,7768.6,7769.48,-0.4,-0.01%,0
"2026-08-10 10:44",7769.61,7770.03,7768.53,7769.69,0.21,0.00%,0
"2026-08-10 10:45",7769.51,7772.83,7769.51,7772.66,2.97,+0.04%,0
"2026-08-10 10:46",7772.95,7772.95,7771.3,7772.37,-0.29,0.00%,0
"2026-08-10 10:47",7772.21,7773.49,7772.17,7772.9,0.53,+0.01%,0
"2026-08-10 10:48",7772.93,7773.59,7772.56,7772.87,-0.03,0.00%,0
"2026-08-10 10:49",7772.9,7773.76,7772.26,7772.26,-0.61,-0.01%,0
"2026-08-10 10:50",7772.39,7773.21,7771.56,7772.34,0.08,0.00%,0
"2026-08-10 10:51",7772.07,7772.28,7769.65,7769.65,-2.69,-0.03%,0
"2026-08-10 10:52",7769.79,7769.86,7766.99,7767.16,-2.49,-0.03%,0
"2026-08-10 10:53",7767.11,7767.14,7762.12,7762.12,-5.04,-0.06%,0
"2026-08-10 10:54",7761.9,7763.29,7760.62,7761.89,-0.23,0.00%,0
"2026-08-10 10:55",7761.75,7762.71,7760.86,7761.29,-0.6,-0.01%,0
"2026-08-10 10:56",7761.51,7764.26,7761.51,7762.79,1.5,+0.02%,0
"2026-08-10 10:57",7763.12,7763.22,7761.02,7762.23,-0.56,-0.01%,0
"2026-08-10 10:58",7762.19,7762.78,7761.13,7761.48,-0.75,-0.01%,0
"2026-08-10 10:59",7761.47,7761.92,7758.66,7758.66,-2.82,-0.04%,0
"2026-08-10 11:00",7758.73,7759.73,7756.69,7756.88,-1.78,-0.02%,0
"2026-08-10 11:01",7756.4,7760.79,7756.29,7760.73,3.85,+0.05%,0
"2026-08-10 11:02",7760.53,7761.43,7759.27,7759.9,-0.83,-0.01%,0
"2026-08-10 11:03",7760.04,7762.23,7759.91,7762.05,2.15,+0.03%,0
"2026-08-10 11:04",7761.93,7763.47,7760.49,7760.64,-1.41,-0.02%,0
"2026-08-10 11:05",7760.57,7762.92,7760.27,7762.66,2.02,+0.03%,0
"2026-08-10 11:06",7762.87,7763.51,7761.33,7762.24,-0.42,-0.01%,0
"2026-08-10 11:07",7762.27,7764.2,7762.27,7763.21,0.97,+0.01%,0
"2026-08-10 11:08",7763.08,7763.75,7761.04,7761.12,-2.09,-0.03%,0
"2026-08-10 11:09",7760.63,7761.1,7759.53,7759.61,-1.51,-0.02%,0
"2026-08-10 11:10",7759.42,7759.86,7758.42,7759.86,0.25,0.00%,0
"2026-08-10 11:11",7759.76,7761.85,7759.6,7760.12,0.26,0.00%,0
"2026-08-10 11:12",7760.24,7761.24,7758.53,7758.67,-1.45,-0.02%,0
"2026-08-10 11:13",7758.6,7761.57,7758.6,7761.46,2.79,+0.04%,0
"2026-08-10 11:14",7761.4,7762.05,7760.91,7761.35,-0.11,0.00%,0
"2026-08-10 11:15",7761.54,7764.5,7761.21,7764.29,2.94,+0.04%,0
"2026-08-10 11:16",7764.36,7764.99,7763.1,7763.1,-1.19,-0.02%,0
"2026-08-10 11:17",7763.1,7763.6,7761.34,7762.12,-0.98,-0.01%,0
"2026-08-10 11:18",7762.21,7762.74,7761.54,7761.54,-0.58,-0.01%,0
"2026-08-10 11:19",7761.71,7763.62,7761.57,7763.07,1.53,+0.02%,0
"2026-08-10 11:20",7762.79,7764.56,7762.68,7763.64,0.57,+0.01%,0
"2026-08-10 11:21",7763.48,7764,7762.45,7762.71,-0.93,-0.01%,0
"2026-08-10 11:22",7762.9,7763.02,7761.68,7762.27,-0.44,-0.01%,0
"2026-08-10 11:23",7762.27,7763.62,7761.51,7762.87,0.6,+0.01%,0
"2026-08-10 11:24",7763.06,7763.06,7761.64,7762.67,-0.2,0.00%,0
"2026-08-10 11:25",7762.69,7762.76,7758.98,7758.98,-3.69,-0.05%,0
"2026-08-10 11:26",7759.17,7759.56,7757.53,7758.87,-0.11,0.00%,0
"2026-08-10 11:27",7758.81,7760.89,7758.47,7760.45,1.58,+0.02%,0
"2026-08-10 11:28",7760.59,7761.31,7759.85,7760.76,0.31,0.00%,0
"2026-08-10 11:29",7760.56,7761.31,7760.31,7760.43,-0.33,0.00%,0
"2026-08-10 11:30",7760.49,7761.43,7759.96,7760.19,-0.24,0.00%,0
"2026-08-10 11:31",7760.43,7760.6,7758.67,7759.53,-0.66,-0.01%,0
"2026-08-10 11:32",7759.43,7759.43,7757.66,7758.97,-0.56,-0.01%,0
"2026-08-10 11:33",7759.04,7759.56,7758.23,7758.8,-0.17,0.00%,0
"2026-08-10 11:34",7758.73,7758.97,7757.23,7757.3,-1.5,-0.02%,0
"2026-08-10 11:35",7757.27,7759.12,7756.1,7758.26,0.96,+0.01%,0
"2026-08-10 11:36",7758.05,7758.59,7756.43,7756.43,-1.83,-0.02%,0
"2026-08-10 11:37",7756.4,7756.93,7756.07,7756.9,0.47,+0.01%,0
"2026-08-10 11:38",7757,7757.14,7756.03,7757.05,0.15,0.00%,0
"2026-08-10 11:39",7757.23,7757.39,7756.13,7756.28,-0.77,-0.01%,0
"2026-08-10 11:40",7756.15,7758.72,7755.08,7758.31,2.03,+0.03%,0
"2026-08-10 11:41",7758.24,7758.9,7757.68,7758.9,0.59,+0.01%,0
"2026-08-10 11:42",7759.01,7759.34,7757.7,7758.19,-0.71,-0.01%,0
"2026-08-10 11:43",7757.72,7759.78,7757.11,7759.78,1.59,+0.02%,0
"2026-08-10 11:44",7760.13,7761.36,7759.8,7761.36,1.58,+0.02%,0
"2026-08-10 11:45",7761.23,7762.25,7760.83,7761.17,-0.19,0.00%,0
"2026-08-10 11:46",7761.04,7761.17,7759.74,7759.79,-1.38,-0.02%,0
"2026-08-10 11:47",7759.78,7760.96,7759.14,7759.14,-0.65,-0.01%,0
"2026-08-10 11:48",7759.39,7759.8,7758.42,7759.09,-0.05,0.00%,0
"2026-08-10 11:49",7759.01,7760.25,7758.56,7759.21,0.12,0.00%,0
"2026-08-10 11:50",7759.2,7760.92,7758.64,7760.73,1.52,+0.02%,0
"2026-08-10 11:51",7760.67,7763.28,7760.39,7763.28,2.55,+0.03%,0
"2026-08-10 11:52",7763.36,7764.81,7763.36,7764.78,1.5,+0.02%,0
"2026-08-10 11:53",7764.87,7765.27,7764.52,7764.83,0.05,0.00%,0
"2026-08-10 11:54",7764.84,7766.48,7764.84,7765.94,1.11,+0.01%,0
"2026-08-10 11:55",7765.9,7765.9,7764.5,7764.83,-1.11,-0.01%,0
"2026-08-10 11:56",7764.93,7765.39,7764.41,7765.22,0.39,+0.01%,0
"2026-08-10 11:57",7765.32,7766.45,7765.17,7766.05,0.83,+0.01%,0
"2026-08-10 11:58",7766,7766.76,7766,7766.44,0.39,+0.01%,0
"2026-08-10 11:59",7766.46,7767.25,7766.43,7766.67,0.23,0.00%,0
"2026-08-10 12:00",7766.81,7768.08,7766.47,7767.35,0.68,+0.01%,0
"2026-08-10 12:01",7767.46,7767.63,7765.98,7766.27,-1.08,-0.01%,0
"2026-08-10 12:02",7766.32,7767.07,7765.88,7766.02,-0.25,0.00%,0
"2026-08-10 12:03",7766.15,7766.15,7765.13,7765.68,-0.34,0.00%,0
"2026-08-10 12:04",7765.6,7765.64,7763.94,7765,-0.68,-0.01%,0
"2026-08-10 12:05",7765.08,7765.11,7763.94,7764.1,-0.9,-0.01%,0
"2026-08-10 12:06",7764.03,7764.19,7762.87,7763.26,-0.84,-0.01%,0
"2026-08-10 12:07",7763.15,7764.06,7762.98,7763.71,0.45,+0.01%,0
"2026-08-10 12:08",7763.59,7764.03,7762.5,7762.5,-1.21,-0.02%,0
"2026-08-10 12:09",7762.32,7763.62,7761.91,7763.11,0.61,+0.01%,0
"2026-08-10 12:10",7763.13,7763.58,7762.54,7763.12,0.01,0.00%,0
"2026-08-10 12:11",7763.03,7764.21,7762.68,7762.7,-0.42,-0.01%,0
"2026-08-10 12:12",7762.68,7762.76,7761.21,7761.43,-1.27,-0.02%,0
"2026-08-10 12:13",7761.57,7762.26,7761.56,7762.22,0.79,+0.01%,0
"2026-08-10 12:14",7762.33,7762.36,7761.32,7761.32,-0.9,-0.01%,0
"2026-08-10 12:15",7761.3,7761.3,7757.96,7758.41,-2.91,-0.04%,0
"2026-08-10 12:16",7758.41,7760.8,7758.38,7760.61,2.2,+0.03%,0
"2026-08-10 12:17",7760.59,7760.62,7760.1,7760.52,-0.09,0.00%,0
"2026-08-10 12:18",7760.28,7761.01,7759.83,7760.14,-0.38,0.00%,0
"2026-08-10 12:19",7760.19,7760.9,7759.81,7760.38,0.24,0.00%,0
"2026-08-10 12:20",7760.39,7762.14,7760.35,7761.09,0.71,+0.01%,0
"2026-08-10 12:21",7761.01,7761.02,7758.49,7758.53,-2.56,-0.03%,0
"2026-08-10 12:22",7758.56,7759.2,7758.39,7759.02,0.49,+0.01%,0
"2026-08-10 12:23",7759.05,7760.21,7759,7760.21,1.19,+0.02%,0
"2026-08-10 12:24",7760.24,7760.66,7759.08,7760.66,0.45,+0.01%,0
"2026-08-10 12:25",7760.49,7762.47,7759.9,7761.13,0.47,+0.01%,0
"2026-08-10 12:26",7761.17,7761.42,7759,7759.01,-2.12,-0.03%,0
"2026-08-10 12:27",7758.96,7759.31,7757.57,7757.57,-1.44,-0.02%,0
"2026-08-10 12:28",7757.09,7758.68,7756.69,7758.59,1.02,+0.01%,0
"2026-08-10 12:29",7758.58,7758.81,7756.54,7756.55,-2.04,-0.03%,0
"2026-08-10 12:30",7756.5,7757.71,7756.35,7756.61,0.06,0.00%,0
"2026-08-10 12:31",7756.57,7757.71,7754.54,7754.54,-2.07,-0.03%,0
"2026-08-10 12:32",7748.04,7751.61,7743.31,7751.42,-3.12,-0.04%,0
"2026-08-10 12:33",7751.56,7751.56,7749.57,7750.55,-0.87,-0.01%,0
"2026-08-10 12:34",7750.39,7750.98,7749.65,7749.71,-0.84,-0.01%,0
"2026-08-10 12:35",7749.84,7751.85,7749.82,7751.85,2.14,+0.03%,0
"2026-08-10 12:36",7751.58,7752.69,7751.08,7751.13,-0.72,-0.01%,0
"2026-08-10 12:37",7751.34,7751.65,7749.98,7750.34,-0.79,-0.01%,0
"2026-08-10 12:38",7750.3,7750.33,7748.61,7749.22,-1.12,-0.01%,0
"2026-08-10 12:39",7749.24,7749.84,7748.25,7748.34,-0.88,-0.01%,0
"2026-08-10 12:40",7748.46,7749.44,7748.12,7749.38,1.04,+0.01%,0
"2026-08-10 12:41",7749.22,7749.22,7745.45,7745.9,-3.48,-0.04%,0
"2026-08-10 12:42",7745.89,7747.57,7745.89,7746.38,0.48,+0.01%,0
"2026-08-10 12:43",7746.39,7746.44,7744.24,7744.24,-2.14,-0.03%,0
"2026-08-10 12:44",7744.13,7744.7,7743.11,7744.58,0.34,0.00%,0
"2026-08-10 12:45",7744.77,7744.82,7743.3,7744.38,-0.2,0.00%,0
"2026-08-10 12:46",7744.31,7746.47,7744.22,7746.4,2.02,+0.03%,0
"2026-08-10 12:47",7746.43,7747.67,7745.89,7747.67,1.27,+0.02%,0
"2026-08-10 12:48",7747.62,7747.71,7746.82,7746.82,-0.85,-0.01%,0
"2026-08-10 12:49",7746.76,7749.06,7746.76,7749.03,2.21,+0.03%,0
"2026-08-10 12:50",7748.94,7749.12,7747.15,7747.27,-1.76,-0.02%,0
"2026-08-10 12:51",7747.36,7747.73,7746.56,7746.79,-0.48,-0.01%,0
"2026-08-10 12:52",7746.76,7747.45,7746.43,7747.15,0.36,0.00%,0
"2026-08-10 12:53",7747.13,7747.33,7745.73,7746.32,-0.83,-0.01%,0
"2026-08-10 12:54",7746.28,7747.73,7746.28,7747.73,1.41,+0.02%,0
"2026-08-10 12:55",7747.8,7750.59,7747.8,7749.22,1.49,+0.02%,0
"2026-08-10 12:56",7749.1,7750.2,7748.64,7750.09,0.87,+0.01%,0
"2026-08-10 12:57",7750.14,7751.07,7749.76,7750.83,0.74,+0.01%,0
"2026-08-10 12:58",7750.75,7751.78,7750.1,7750.32,-0.51,-0.01%,0
"2026-08-10 12:59",7750.36,7752.95,7750.36,7752.95,2.63,+0.03%,0
"2026-08-10 13:00",7752.85,7753.23,7751.81,7753.07,0.12,0.00%,0
"2026-08-10 13:01",7753.08,7753.46,7750.82,7750.82,-2.25,-0.03%,0
"2026-08-10 13:02",7750.64,7751.19,7750.14,7750.34,-0.48,-0.01%,0
"2026-08-10 13:03",7750.38,7750.38,7748.31,7748.31,-2.03,-0.03%,0
"2026-08-10 13:04",7748.35,7749.75,7748.27,7749.56,1.25,+0.02%,0
"2026-08-10 13:05",7749.6,7750.05,7749.25,7749.49,-0.07,0.00%,0
"2026-08-10 13:06",7749.51,7750.71,7749.24,7749.92,0.43,+0.01%,0
"2026-08-10 13:07",7749.88,7751.04,7749.02,7751.04,1.12,+0.01%,0
"2026-08-10 13:08",7751.13,7752.84,7750.75,7752.39,1.35,+0.02%,0
"2026-08-10 13:09",7752.5,7753.93,7752.48,7753.52,1.13,+0.01%,0
"2026-08-10 13:10",7753.61,7755.17,7753.5,7753.87,0.35,0.00%,0
"2026-08-10 13:11",7753.59,7753.76,7752.46,7752.97,-0.9,-0.01%,0
"2026-08-10 13:12",7752.81,7752.97,7752.24,7752.68,-0.29,0.00%,0
"2026-08-10 13:13",7752.68,7753.72,7752.61,7753.66,0.98,+0.01%,0
"2026-08-10 13:14",7753.67,7754.11,7753.62,7754.08,0.42,+0.01%,0
"2026-08-10 13:15",7754.09,7755.04,7754.01,7754.46,0.38,0.00%,0
"2026-08-10 13:16",7754.46,7755.63,7754.31,7755.29,0.83,+0.01%,0
"2026-08-10 13:17",7755.19,7755.56,7754.73,7755.44,0.15,0.00%,0
"2026-08-10 13:18",7755.45,7755.57,7753.22,7753.28,-2.16,-0.03%,0
"2026-08-10 13:19",7753.34,7754.19,7753.26,7754.15,0.87,+0.01%,0
"2026-08-10 13:20",7754.28,7755.25,7754.28,7754.34,0.19,0.00%,0
"2026-08-10 13:21",7754.28,7754.36,7753.47,7753.65,-0.69,-0.01%,0
"2026-08-10 13:22",7753.58,7754.24,7753.23,7753.94,0.29,0.00%,0
"2026-08-10 13:23",7753.99,7754.61,7753.69,7754.26,0.32,0.00%,0
"2026-08-10 13:24",7754.22,7754.31,7753.73,7754.16,-0.1,0.00%,0
"2026-08-10 13:25",7754.18,7754.75,7753.68,7753.68,-0.48,-0.01%,0
"2026-08-10 13:26",7753.49,7753.8,7753.02,7753.08,-0.6,-0.01%,0
"2026-08-10 13:27",7753.1,7753.92,7752.57,7752.57,-0.51,-0.01%,0
"2026-08-10 13:28",7752.47,7753.33,7751.88,7753.17,0.6,+0.01%,0
"2026-08-10 13:29",7753.14,7754.52,7753.14,7754.18,1.01,+0.01%,0
"2026-08-10 13:30",7754.12,7755.23,7753.78,7755.09,0.91,+0.01%,0
"2026-08-10 13:31",7755.11,7755.69,7754.92,7755.34,0.25,0.00%,0
"2026-08-10 13:32",7755.37,7755.93,7755.15,7755.69,0.35,0.00%,0
"2026-08-10 13:33",7755.64,7755.7,7754.28,7754.31,-1.38,-0.02%,0
"2026-08-10 13:34",7754.21,7754.45,7753.77,7754.17,-0.14,0.00%,0
"2026-08-10 13:35",7754.11,7754.43,7753.26,7753.6,-0.57,-0.01%,0
"2026-08-10 13:36",7753.53,7754.05,7753.18,7753.41,-0.19,0.00%,0
"2026-08-10 13:37",7753.31,7753.31,7750.73,7750.73,-2.68,-0.03%,0
"2026-08-10 13:38",7750.76,7751.87,7750.67,7751.76,1.03,+0.01%,0
"2026-08-10 13:39",7751.58,7752.18,7751.51,7752.1,0.34,0.00%,0
"2026-08-10 13:40",7752.07,7752.27,7751.36,7751.66,-0.44,-0.01%,0
"2026-08-10 13:41",7751.65,7752.06,7751.48,7751.74,0.08,0.00%,0
"2026-08-10 13:42",7751.77,7752.83,7751.21,7751.28,-0.46,-0.01%,0
"2026-08-10 13:43",7751.25,7751.37,7750.6,7750.88,-0.4,-0.01%,0
"2026-08-10 13:44",7750.9,7751.44,7749.51,7749.72,-1.16,-0.01%,0
"2026-08-10 13:45",7749.72,7750,7749.02,7749.39,-0.33,0.00%,0
"2026-08-10 13:46",7749.52,7749.78,7748.88,7749.78,0.39,+0.01%,0
"2026-08-10 13:47",7749.82,7750.39,7749.46,7749.96,0.18,0.00%,0
"2026-08-10 13:48",7749.88,7750.4,7749.46,7750.4,0.44,+0.01%,0
"2026-08-10 13:49",7750.38,7750.49,7750.01,7750.01,-0.39,-0.01%,0
"2026-08-10 13:50",7750.05,7750.38,7748.87,7748.87,-1.14,-0.01%,0
"2026-08-10 13:51",7748.8,7748.82,7748.11,7748.26,-0.61,-0.01%,0
"2026-08-10 13:52",7748.41,7749.96,7748.26,7749.76,1.5,+0.02%,0
"2026-08-10 13:53",7749.86,7749.96,7748.68,7749.08,-0.68,-0.01%,0
"2026-08-10 13:54",7749.12,7749.26,7748.69,7749.13,0.05,0.00%,0
"2026-08-10 13:55",7749.15,7750.65,7748.67,7749.14,0.01,0.00%,0
"2026-08-10 13:56",7749.09,7749.11,7748.38,7748.83,-0.31,0.00%,0
"2026-08-10 13:57",7748.97,7749.96,7748.73,7749.96,1.13,+0.01%,0
"2026-08-10 13:58",7749.93,7751.13,7749.93,7751.04,1.08,+0.01%,0
"2026-08-10 13:59",7751.02,7751.12,7750.04,7750.14,-0.9,-0.01%,0
"2026-08-10 14:00",7750.2,7751.52,7750.11,7750.99,0.85,+0.01%,0
"2026-08-10 14:01",7751.08,7751.52,7749.76,7749.76,-1.23,-0.02%,0
"2026-08-10 14:02",7749.72,7750.49,7749.68,7750.21,0.45,+0.01%,0
"2026-08-10 14:03",7750.1,7750.51,7749.76,7750.03,-0.18,0.00%,0
"2026-08-10 14:04",7750.05,7750.45,7749.92,7750.17,0.14,0.00%,0
"2026-08-10 14:05",7750.21,7750.82,7749.62,7750.61,0.44,+0.01%,0
"2026-08-10 14:06",7750.6,7751.2,7750.11,7750.97,0.36,0.00%,0
"2026-08-10 14:07",7751,7751.53,7750.92,7751.38,0.41,+0.01%,0
"2026-08-10 14:08",7751.39,7753.17,7751.21,7752.35,0.97,+0.01%,0
"2026-08-10 14:09",7752.15,7752.37,7751.9,7752.3,-0.05,0.00%,0
"2026-08-10 14:10",7752.22,7753.43,7751.87,7752.98,0.68,+0.01%,0
"2026-08-10 14:11",7753.04,7753.26,7752.38,7752.6,-0.38,0.00%,0
"2026-08-10 14:12",7752.63,7752.88,7751.63,7751.74,-0.86,-0.01%,0
"2026-08-10 14:13",7751.63,7751.63,7750.23,7750.84,-0.9,-0.01%,0
"2026-08-10 14:14",7750.78,7750.87,7749.79,7750.08,-0.76,-0.01%,0
"2026-08-10 14:15",7750,7750.36,7749.3,7749.41,-0.67,-0.01%,0
"2026-08-10 14:16",7749.44,7750.12,7749.39,7750.12,0.71,+0.01%,0
"2026-08-10 14:17",7750.17,7750.76,7749.94,7750.51,0.39,+0.01%,0
"2026-08-10 14:18",7750.48,7750.77,7749.4,7749.4,-1.11,-0.01%,0
"2026-08-10 14:19",7749.36,7749.51,7748.92,7749.39,-0.01,0.00%,0
"2026-08-10 14:20",7749.36,7749.68,7748.58,7748.62,-0.77,-0.01%,0
"2026-08-10 14:21",7748.73,7749.47,7748.73,7749.47,0.85,+0.01%,0
"2026-08-10 14:22",7749.62,7750.61,7749.46,7749.91,0.44,+0.01%,0
"2026-08-10 14:23",7749.82,7749.88,7749.25,7749.55,-0.36,0.00%,0
"2026-08-10 14:24",7749.51,7749.65,7748.93,7749.03,-0.52,-0.01%,0
"2026-08-10 14:25",7748.97,7749.8,7748.93,7749.8,0.77,+0.01%,0
"2026-08-10 14:26",7749.82,7750.11,7748.98,7749.1,-0.7,-0.01%,0
"2026-08-10 14:27",7749.1,7749.36,7748.72,7749.25,0.15,0.00%,0
"2026-08-10 14:28",7749.19,7749.45,7749.02,7749.31,0.06,0.00%,0
"2026-08-10 14:29",7749.34,7749.46,7748.65,7748.65,-0.66,-0.01%,0
"2026-08-10 14:30",7748.75,7748.8,7747.12,7747.82,-0.83,-0.01%,0
"2026-08-10 14:31",7747.76,7749.22,7747.63,7749.22,1.4,+0.02%,0
"2026-08-10 14:32",7749.32,7749.93,7748.8,7749.85,0.63,+0.01%,0
"2026-08-10 14:33",7749.85,7749.85,7748.66,7749.07,-0.78,-0.01%,0
"2026-08-10 14:34",7749.08,7749.47,7748.9,7749.09,0.02,0.00%,0
"2026-08-10 14:35",7749.03,7750.5,7749.03,7749.6,0.51,+0.01%,0
"2026-08-10 14:36",7749.56,7749.65,7748.17,7748.29,-1.31,-0.02%,0
"2026-08-10 14:37",7748.31,7748.31,7746.78,7746.84,-1.45,-0.02%,0
"2026-08-10 14:38",7746.88,7747.51,7746.82,7747.45,0.61,+0.01%,0
"2026-08-10 14:39",7747.43,7748.46,7747.29,7748.46,1.01,+0.01%,0
"2026-08-10 14:40",7748.56,7750.05,7748.56,7749.78,1.32,+0.02%,0
"2026-08-10 14:41",7749.79,7750.63,7749.73,7750.61,0.83,+0.01%,0
"2026-08-10 14:42",7750.57,7752.3,7750.47,7752.3,1.69,+0.02%,0
"2026-08-10 14:43",7752.36,7752.38,7751.2,7751.21,-1.09,-0.01%,0
"2026-08-10 14:44",7751.15,7752.11,7751.02,7752.09,0.88,+0.01%,0
"2026-08-10 14:45",7752.09,7752.61,7751.64,7752.24,0.15,0.00%,0
"2026-08-10 14:46",7752.22,7752.5,7751.81,7751.96,-0.28,0.00%,0
"2026-08-10 14:47",7751.97,7752.56,7751.83,7752.39,0.43,+0.01%,0
"2026-08-10 14:48",7752.39,7752.64,7751.67,7752.5,0.11,0.00%,0
"2026-08-10 14:49",7752.49,7752.49,7751.19,7751.67,-0.83,-0.01%,0
"2026-08-10 14:50",7751.68,7752.78,7751.68,7752.7,1.03,+0.01%,0
"2026-08-10 14:51",7752.7,7753.75,7752.61,7752.69,-0.01,0.00%,0
"2026-08-10 14:52",7752.73,7753.53,7752.73,7753.41,0.72,+0.01%,0
"2026-08-10 14:53",7753.42,7753.92,7753.19,7753.85,0.44,+0.01%,0
"2026-08-10 14:54",7753.89,7754.34,7753.77,7753.87,0.02,0.00%,0
"2026-08-10 14:55",7753.87,7754,7753.35,7753.35,-0.52,-0.01%,0
"2026-08-10 14:56",7753.28,7754.29,7753.09,7754.29,0.94,+0.01%,0
"2026-08-10 14:57",7754.35,7755.6,7754.28,7755.56,1.27,+0.02%,0
"2026-08-10 14:58",7755.59,7755.95,7754.96,7755.12,-0.44,-0.01%,0
"2026-08-10 14:59",7755.08,7755.56,7754.86,7754.92,-0.2,0.00%,0
"2026-08-10 15:00",7754.77,7755.19,7753.93,7753.95,-0.97,-0.01%,0
"2026-08-10 15:01",7753.96,7755.36,7753.96,7754.82,0.87,+0.01%,0
"2026-08-10 15:02",7754.79,7755.44,7754.6,7754.87,0.05,0.00%,0
"2026-08-10 15:03",7754.83,7755.89,7754.48,7755.87,1,+0.01%,0
"2026-08-10 15:04",7755.84,7756.01,7755.15,7755.22,-0.65,-0.01%,0
"2026-08-10 15:05",7755.22,7755.85,7754.53,7754.91,-0.31,0.00%,0
"2026-08-10 15:06",7754.91,7756.12,7754.69,7755.34,0.43,+0.01%,0
"2026-08-10 15:07",7755.42,7756.09,7755.34,7756.08,0.74,+0.01%,0
"2026-08-10 15:08",7756.04,7756.74,7755.76,7756.69,0.61,+0.01%,0
"2026-08-10 15:09",7756.8,7756.83,7755.91,7756.58,-0.11,0.00%,0
"2026-08-10 15:10",7756.65,7756.79,7755.86,7755.96,-0.62,-0.01%,0
"2026-08-10 15:11",7755.93,7756.65,7755.56,7755.67,-0.29,0.00%,0
"2026-08-10 15:12",7755.68,7756,7755.27,7755.89,0.22,0.00%,0
"2026-08-10 15:13",7756.03,7756.77,7755.93,7756.44,0.55,+0.01%,0
"2026-08-10 15:14",7756.34,7756.43,7755.8,7755.9,-0.54,-0.01%,0
"2026-08-10 15:15",7755.85,7756.38,7755.62,7755.69,-0.21,0.00%,0
"2026-08-10 15:16",7755.65,7755.95,7754.87,7755,-0.69,-0.01%,0
"2026-08-10 15:17",7755.07,7756.39,7754.98,7756.28,1.28,+0.02%,0
"2026-08-10 15:18",7756.27,7757.02,7756.21,7756.65,0.37,0.00%,0
"2026-08-10 15:19",7756.63,7756.63,7755.38,7755.82,-0.83,-0.01%,0
"2026-08-10 15:20",7755.64,7756.33,7755.21,7755.34,-0.48,-0.01%,0
"2026-08-10 15:21",7755.3,7755.69,7755.01,7755.56,0.22,0.00%,0
"2026-08-10 15:22",7755.5,7755.88,7755.09,7755.12,-0.44,-0.01%,0
"2026-08-10 15:23",7755.04,7756.28,7754.91,7756.28,1.16,+0.01%,0
"2026-08-10 15:24",7756.1,7756.88,7755.13,7756.78,0.5,+0.01%,0
"2026-08-10 15:25",7756.85,7756.85,7755.11,7755.11,-1.67,-0.02%,0
"2026-08-10 15:26",7755.01,7755.84,7754.63,7754.81,-0.3,0.00%,0
"2026-08-10 15:27",7754.8,7754.8,7753.3,7753.36,-1.45,-0.02%,0
"2026-08-10 15:28",7753.3,7753.92,7752.98,7753.19,-0.17,0.00%,0
"2026-08-10 15:29",7753.21,7753.28,7751.95,7752.08,-1.11,-0.01%,0
"2026-08-10 15:30",7752.12,7752.73,7751.41,7751.69,-0.39,-0.01%,0
"2026-08-10 15:31",7751.64,7752.24,7751.6,7751.9,0.21,0.00%,0
"2026-08-10 15:32",7751.87,7752.23,7750.31,7750.44,-1.46,-0.02%,0
"2026-08-10 15:33",7750.47,7751.25,7750.32,7751.25,0.81,+0.01%,0
"2026-08-10 15:34",7751.04,7751.96,7750.65,7751.71,0.46,+0.01%,0
"2026-08-10 15:35",7751.69,7752.27,7750.71,7750.71,-1.,-0.01%,0
"2026-08-10 15:36",7750.79,7752.34,7750.79,7752.14,1.43,+0.02%,0
"2026-08-10 15:37",7752.18,7752.86,7752.16,7752.61,0.47,+0.01%,0
"2026-08-10 15:38",7752.53,7753.6,7752.39,7753.28,0.67,+0.01%,0
"2026-08-10 15:39",7753.53,7755.31,7753.51,7754.54,1.26,+0.02%,0
"2026-08-10 15:40",7754.42,7754.65,7753.64,7753.64,-0.9,-0.01%,0
"2026-08-10 15:41",7753.54,7753.89,7752.72,7752.72,-0.92,-0.01%,0
"2026-08-10 15:42",7752.71,7754.36,7752.32,7754.07,1.35,+0.02%,0
"2026-08-10 15:43",7754.11,7754.62,7753.52,7754.08,0.01,0.00%,0
"2026-08-10 15:44",7753.97,7754.17,7753.54,7753.78,-0.3,0.00%,0
"2026-08-10 15:45",7753.77,7754.72,7751.95,7751.95,-1.83,-0.02%,0
"2026-08-10 15:46",7751.98,7752.91,7751.89,7751.92,-0.03,0.00%,0
"2026-08-10 15:47",7751.86,7753.52,7751.85,7753.18,1.26,+0.02%,0
"2026-08-10 15:48",7753.22,7753.64,7752.43,7752.61,-0.57,-0.01%,0
"2026-08-10 15:49",7752.52,7755.05,7752.5,7754.63,2.02,+0.03%,0
"2026-08-10 15:50",7754.54,7754.54,7748.19,7748.19,-6.44,-0.08%,0
"2026-08-10 15:51",7748.11,7749.19,7746.95,7747.42,-0.77,-0.01%,0
"2026-08-10 15:52",7747.4,7748.39,7746.65,7746.9,-0.52,-0.01%,0
"2026-08-10 15:53",7746.78,7747.99,7746.06,7747.31,0.41,+0.01%,0
"2026-08-10 15:54",7747.22,7749.29,7746.66,7746.66,-0.65,-0.01%,0
"2026-08-10 15:55",7746.61,7752.23,7746.61,7748.94,2.28,+0.03%,0
"2026-08-10 15:56",7748.92,7748.92,7747.15,7747.39,-1.55,-0.02%,0
"2026-08-10 15:57",7747.46,7747.66,7746.01,7746.11,-1.28,-0.02%,0
"2026-08-10 15:58",7746.3,7748.59,7745.85,7748.59,2.48,+0.03%,0
"2026-08-10 15:59",7749.93,7753.64,7748.73,7753.15,4.56,+0.06%,0
"2026-08-10 16:00",7752.84,7753.02,7752.84,7753.02,-0.13,0.00%,0
"2026-08-10 16:01",7753.02,7753.02,7753.01,7753.02,0,0.00%,0
"2026-08-10 16:02",7753.02,7753.02,7753.02,7753.02,0,0.00%,0
"2026-08-10 16:03",7753.02,7753.12,7753,7753.12,0.1,0.00%,0
"2026-08-10 16:04",7753.12,7753.15,7753.11,7753.11,-0.01,0.00%,0
"2026-08-10 16:05",7753.11,7753.11,7753.11,7753.11,0,0.00%,0
"2026-08-10 16:06",7753.11,7753.11,7753.11,7753.11,0,0.00%,0
"2026-08-10 16:07",7753.11,7753.11,7753.11,7753.11,0,0.00%,0
"2026-08-10 16:08",7753.11,7753.11,7753.11,7753.11,0,0.00%,0
"2026-08-10 16:09",7753.11,7753.11,7753.11,7753.11,0,0.00%,0
"2026-08-10 16:10",7753.11,7753.11,7753.11,7753.11,0,0.00%,0
"2026-08-10 16:11",7753.11,7753.11,7753.11,7753.11,0,0.00%,0
"2026-08-10 16:12",7753.11,7753.11,7753.11,7753.11,0,0.00%,0
"2026-08-10 16:13",7753.11,7753.11,7753.11,7753.11,0,0.00%,0
"2026-08-10 16:14",7753.11,7753.11,7753.11,7753.11,0,0.00%,0
"2026-08-10 16:15",7753.11,7753.11,7753.11,7753.11,0,0.00%,0
"2026-08-10 16:16",7753.11,7753.11,7753.11,7753.11,0,0.00%,0
"2026-08-10 16:17",7753.11,7753.11,7753.11,7753.11,0,0.00%,0
"2026-08-10 16:18",7753.11,7753.11,7753.11,7753.11,0,0.00%,0
"2026-08-10 16:19",7753.11,7753.11,7753.11,7753.11,0,0.00%,0
"2026-08-10 16:20",7753.11,7753.11,7753.11,7753.11,0,0.00%,0
"2026-08-10 16:38",7753.11,7753.11,7753.11,7753.11,0,0.00%,0
"2026-08-11 09:30",7767.51,7767.51,7761.08,7763.56,10.45,+0.13%,0
"2026-08-11 09:31",7763.12,7764.03,7758.38,7759.36,-4.2,-0.05%,0
"2026-08-11 09:32",7759.19,7760.4,7756.63,7757.87,-1.49,-0.02%,0
"2026-08-11 09:33",7758.85,7760.36,7755.79,7755.82,-2.05,-0.03%,0
"2026-08-11 09:34",7755.89,7759.34,7755.89,7759.24,3.42,+0.04%,0
"2026-08-11 09:35",7758.92,7758.92,7753.27,7753.77,-5.47,-0.07%,0
"2026-08-11 09:36",7753.77,7757.34,7753.32,7754.98,1.21,+0.02%,0
"2026-08-11 09:37",7755.6,7759.07,7755.6,7757.36,2.38,+0.03%,0
"2026-08-11 09:38",7757.28,7757.28,7752.23,7754.85,-2.51,-0.03%,0
"2026-08-11 09:39",7754.35,7754.42,7752.57,7754.42,-0.43,-0.01%,0
"2026-08-11 09:40",7754.81,7757.98,7754.44,7757.86,3.44,+0.04%,0
"2026-08-11 09:41",7758.06,7760.38,7756.59,7759.68,1.82,+0.02%,0
"2026-08-11 09:42",7759.8,7760.88,7756.9,7759.33,-0.35,0.00%,0
"2026-08-11 09:43",7759.31,7759.91,7756.82,7757.08,-2.25,-0.03%,0
"2026-08-11 09:44",7757.2,7758.06,7755.32,7757.27,0.19,0.00%,0
"2026-08-11 09:45",7756.9,7757.73,7753.34,7753.34,-3.93,-0.05%,0
"2026-08-11 09:46",7753.27,7754.02,7749.25,7752.64,-0.7,-0.01%,0
"2026-08-11 09:47",7752.46,7753.08,7749.3,7751.05,-1.59,-0.02%,0
"2026-08-11 09:48",7750.88,7752.03,7749.11,7750.82,-0.23,0.00%,0
"2026-08-11 09:49",7751.08,7753.26,7749.61,7752.15,1.33,+0.02%,0
"2026-08-11 09:50",7751.59,7753.06,7748.84,7748.84,-3.31,-0.04%,0
"2026-08-11 09:51",7748.89,7750.81,7748.89,7750.81,1.97,+0.03%,0
"2026-08-11 09:52",7750.82,7753.55,7749.72,7753.55,2.74,+0.04%,0
"2026-08-11 09:53",7753.83,7754.15,7751.82,7753.94,0.39,+0.01%,0
"2026-08-11 09:54",7753.86,7753.86,7751.73,7752.75,-1.19,-0.02%,0
"2026-08-11 09:55",7752.78,7754.23,7751.34,7754.14,1.39,+0.02%,0
"2026-08-11 09:56",7753.74,7755.81,7753.43,7755.81,1.67,+0.02%,0
"2026-08-11 09:57",7756.45,7757.67,7755.66,7757.17,1.36,+0.02%,0
"2026-08-11 09:58",7756.8,7757.36,7754.63,7756.28,-0.89,-0.01%,0
"2026-08-11 09:59",7756.04,7759.56,7755.97,7759.56,3.28,+0.04%,0
"2026-08-11 10:00",7759.18,7763.44,7758.08,7763.37,3.81,+0.05%,0
"2026-08-11 10:01",7763.41,7763.97,7762.18,7763.37,0,0.00%,0
"2026-08-11 10:02",7763.44,7763.68,7761.34,7761.62,-1.75,-0.02%,0
"2026-08-11 10:03",7762.13,7762.87,7761.06,7762.51,0.89,+0.01%,0
"2026-08-11 10:04",7762.26,7762.71,7761.15,7761.91,-0.6,-0.01%,0
"2026-08-11 10:05",7761.97,7763.13,7760.43,7763.03,1.12,+0.01%,0
"2026-08-11 10:06",7762.97,7763.25,7761.44,7761.99,-1.04,-0.01%,0
"2026-08-11 10:07",7761.53,7761.54,7758.92,7760.45,-1.54,-0.02%,0
"2026-08-11 10:08",7760.49,7760.59,7758.64,7759.86,-0.59,-0.01%,0
"2026-08-11 10:09",7759.6,7760.97,7759.38,7760.72,0.86,+0.01%,0
"2026-08-11 10:10",7760.79,7763.02,7760.68,7761.24,0.52,+0.01%,0
"2026-08-11 10:11",7761.54,7761.6,7759.7,7760.27,-0.97,-0.01%,0
"2026-08-11 10:12",7759.9,7760.34,7759.29,7759.68,-0.59,-0.01%,0
"2026-08-11 10:13",7759.72,7760.72,7759.27,7759.54,-0.14,0.00%,0
"2026-08-11 10:14",7759.49,7760.69,7758.76,7760.13,0.59,+0.01%,0
"2026-08-11 10:15",7760.14,7761.57,7759.1,7761.33,1.2,+0.02%,0
"2026-08-11 10:16",7761.24,7762.51,7760.76,7760.99,-0.34,0.00%,0
"2026-08-11 10:17",7761,7761.24,7758.64,7758.76,-2.23,-0.03%,0
"2026-08-11 10:18",7758.39,7759.23,7756.84,7758.34,-0.42,-0.01%,0
"2026-08-11 10:19",7758.29,7760.01,7758.17,7758.94,0.6,+0.01%,0
"2026-08-11 10:20",7758.82,7761.59,7758.76,7761.01,2.07,+0.03%,0
"2026-08-11 10:21",7760.92,7760.92,7759.12,7759.47,-1.54,-0.02%,0
"2026-08-11 10:22",7759.73,7760.55,7758.06,7758.06,-1.41,-0.02%,0
"2026-08-11 10:23",7758.04,7759.4,7758.04,7758.62,0.56,+0.01%,0
"2026-08-11 10:24",7758.37,7758.94,7756.54,7756.74,-1.88,-0.02%,0
"2026-08-11 10:25",7756.9,7758.5,7755.99,7757.93,1.19,+0.02%,0
"2026-08-11 10:26",7758.01,7758.49,7756.57,7757.19,-0.74,-0.01%,0
"2026-08-11 10:27",7757.32,7759.51,7756.85,7757.32,0.13,0.00%,0
"2026-08-11 10:28",7757.31,7760.47,7757.31,7760.42,3.1,+0.04%,0
"2026-08-11 10:29",7760.54,7762.45,7760.03,7762.18,1.76,+0.02%,0
"2026-08-11 10:30",7762.08,7762.79,7758.23,7758.23,-3.95,-0.05%,0
"2026-08-11 10:31",7758.29,7759.56,7757.27,7758.21,-0.02,0.00%,0
"2026-08-11 10:32",7758.31,7759.49,7758.06,7758.61,0.4,+0.01%,0
"2026-08-11 10:33",7758.83,7760.03,7758.72,7759.45,0.84,+0.01%,0
"2026-08-11 10:34",7759.27,7759.61,7758.36,7759.19,-0.26,0.00%,0
"2026-08-11 10:35",7759.61,7761.08,7758.38,7760.46,1.27,+0.02%,0
"2026-08-11 10:36",7760.51,7760.7,7759.75,7760.05,-0.41,-0.01%,0
"2026-08-11 10:37",7760,7760.91,7757.23,7757.39,-2.66,-0.03%,0
"2026-08-11 10:38",7757.26,7757.54,7754.82,7756.48,-0.91,-0.01%,0
"2026-08-11 10:39",7756.49,7757.46,7756.49,7756.75,0.27,0.00%,0
"2026-08-11 10:40",7756.84,7758.11,7756.49,7757.23,0.48,+0.01%,0
"2026-08-11 10:41",7757.56,7758.56,7756.84,7758.42,1.19,+0.02%,0
"2026-08-11 10:42",7758.65,7758.93,7756.69,7758.02,-0.4,-0.01%,0
"2026-08-11 10:43",7758.16,7758.71,7756.95,7756.95,-1.07,-0.01%,0
"2026-08-11 10:44",7757.04,7757.25,7755.67,7756.25,-0.7,-0.01%,0
"2026-08-11 10:45",7756.34,7758.37,7756.34,7758.37,2.12,+0.03%,0
"2026-08-11 10:46",7758.27,7760.82,7758.27,7760.15,1.78,+0.02%,0
"2026-08-11 10:47",7760.26,7760.6,7759.28,7760.6,0.45,+0.01%,0
"2026-08-11 10:48",7760.56,7762.55,7760.56,7762.34,1.74,+0.02%,0
"2026-08-11 10:49",7762.21,7762.32,7761.19,7761.95,-0.39,-0.01%,0
"2026-08-11 10:50",7761.95,7762.05,7758.78,7758.78,-3.17,-0.04%,0
"2026-08-11 10:51",7758.73,7762.09,7758.26,7762.09,3.31,+0.04%,0
"2026-08-11 10:52",7761.93,7763.45,7761.34,7763.3,1.21,+0.02%,0
"2026-08-11 10:53",7763.25,7763.36,7760.28,7760.28,-3.02,-0.04%,0
"2026-08-11 10:54",7760.15,7762.69,7760.02,7762.13,1.85,+0.02%,0
"2026-08-11 10:55",7762.23,7763.59,7761.52,7761.52,-0.61,-0.01%,0
"2026-08-11 10:56",7761.39,7762.27,7760.62,7760.76,-0.76,-0.01%,0
"2026-08-11 10:57",7760.61,7760.93,7759.79,7760.33,-0.43,-0.01%,0
"2026-08-11 10:58",7760.43,7761.5,7760.15,7760.46,0.13,0.00%,0
"2026-08-11 10:59",7760.46,7760.75,7759.02,7759.33,-1.13,-0.01%,0
"2026-08-11 11:00",7759.35,7761.28,7759.35,7760.48,1.15,+0.01%,0
"2026-08-11 11:01",7760.64,7761.25,7760.47,7761.07,0.59,+0.01%,0
"2026-08-11 11:02",7761.08,7761.08,7758.54,7758.8,-2.27,-0.03%,0
"2026-08-11 11:03",7758.79,7759.19,7757.92,7758.33,-0.47,-0.01%,0
"2026-08-11 11:04",7758.23,7758.6,7757.04,7757.84,-0.49,-0.01%,0
"2026-08-11 11:05",7758.03,7758.2,7755.75,7756,-1.84,-0.02%,0
"2026-08-11 11:06",7756.06,7756.08,7753.28,7753.28,-2.72,-0.04%,0
"2026-08-11 11:07",7753.64,7754.36,7753.59,7753.67,0.39,+0.01%,0
"2026-08-11 11:08",7753.41,7753.93,7751.11,7752.09,-1.58,-0.02%,0
"2026-08-11 11:09",7752.08,7752.22,7750.49,7751.13,-0.96,-0.01%,0
"2026-08-11 11:10",7750.9,7751.13,7750.36,7750.74,-0.39,-0.01%,0
"2026-08-11 11:11",7750.75,7750.92,7748.62,7750.23,-0.51,-0.01%,0
"2026-08-11 11:12",7750.3,7751.96,7750,7750.98,0.75,+0.01%,0
"2026-08-11 11:13",7750.94,7751.81,7749.3,7749.3,-1.68,-0.02%,0
"2026-08-11 11:14",7749.12,7750.56,7748.94,7749.72,0.42,+0.01%,0
"2026-08-11 11:15",7749.72,7749.86,7748.48,7749.13,-0.59,-0.01%,0
"2026-08-11 11:16",7749.25,7749.59,7748.72,7748.89,-0.24,0.00%,0
"2026-08-11 11:17",7748.86,7749.52,7747.71,7748.17,-0.72,-0.01%,0
"2026-08-11 11:18",7748.07,7748.07,7745.59,7745.59,-2.58,-0.03%,0
"2026-08-11 11:19",7745.53,7748.3,7745.34,7747.55,1.96,+0.03%,0
"2026-08-11 11:20",7747.57,7748.75,7747.27,7748.75,1.2,+0.02%,0
"2026-08-11 11:21",7748.74,7750.67,7748.74,7750.67,1.92,+0.02%,0
"2026-08-11 11:22",7750.81,7751.67,7750.53,7751.04,0.37,0.00%,0
"2026-08-11 11:23",7750.86,7750.9,7749.87,7749.87,-1.17,-0.02%,0
"2026-08-11 11:24",7749.92,7749.92,7748.35,7748.52,-1.35,-0.02%,0
"2026-08-11 11:25",7748.61,7749.58,7747.81,7749.51,0.99,+0.01%,0
"2026-08-11 11:26",7749.57,7750.12,7749.29,7749.44,-0.07,0.00%,0
"2026-08-11 11:27",7749.5,7749.67,7747.92,7747.92,-1.52,-0.02%,0
"2026-08-11 11:28",7747.89,7748.54,7747.4,7747.96,0.04,0.00%,0
"2026-08-11 11:29",7747.91,7748.36,7747.5,7747.59,-0.37,0.00%,0
"2026-08-11 11:30",7747.55,7748.48,7747.55,7747.84,0.25,0.00%,0
"2026-08-11 11:31",7748.11,7748.88,7747.11,7747.15,-0.69,-0.01%,0
"2026-08-11 11:32",7747.04,7747.65,7746.22,7747.65,0.5,+0.01%,0
"2026-08-11 11:33",7747.64,7748.34,7746.63,7746.63,-1.02,-0.01%,0
"2026-08-11 11:34",7746.65,7746.84,7741.65,7742.16,-4.47,-0.06%,0
"2026-08-11 11:35",7742.32,7743.85,7742.08,7742.97,0.81,+0.01%,0
"2026-08-11 11:36",7743.21,7743.82,7742.78,7743.53,0.56,+0.01%,0
"2026-08-11 11:37",7743.56,7743.9,7742.17,7743.17,-0.36,0.00%,0
"2026-08-11 11:38",7743.14,7743.44,7742.32,7742.67,-0.5,-0.01%,0
"2026-08-11 11:39",7742.74,7743.89,7740.88,7741.66,-1.01,-0.01%,0
"2026-08-11 11:40",7741.63,7743.03,7741.05,7742.94,1.28,+0.02%,0
"2026-08-11 11:41",7742.94,7743.56,7742.02,7742.78,-0.16,0.00%,0
"2026-08-11 11:42",7742.9,7744.24,7742.31,7744.24,1.46,+0.02%,0
"2026-08-11 11:43",7744.27,7745.48,7744.24,7744.73,0.49,+0.01%,0
"2026-08-11 11:44",7744.91,7745.08,7743.92,7744.98,0.25,0.00%,0
"2026-08-11 11:45",7744.92,7744.93,7743.66,7744.37,-0.61,-0.01%,0
"2026-08-11 11:46",7744.46,7744.46,7743.36,7743.41,-0.96,-0.01%,0
"2026-08-11 11:47",7743.24,7743.59,7742.46,7742.47,-0.94,-0.01%,0
"2026-08-11 11:48",7742.42,7742.96,7741.96,7742.67,0.2,0.00%,0
"2026-08-11 11:49",7742.73,7744.28,7742.06,7743.39,0.72,+0.01%,0
"2026-08-11 11:50",7743.39,7745.32,7743.26,7745.31,1.92,+0.02%,0
"2026-08-11 11:51",7745.39,7745.61,7742.65,7742.84,-2.47,-0.03%,0
"2026-08-11 11:52",7742.69,7742.71,7741.64,7741.78,-1.06,-0.01%,0
"2026-08-11 11:53",7741.81,7742.2,7741.12,7741.12,-0.66,-0.01%,0
"2026-08-11 11:54",7741.11,7741.84,7741.05,7741.55,0.43,+0.01%,0
"2026-08-11 11:55",7741.6,7742.66,7741.11,7741.11,-0.44,-0.01%,0
"2026-08-11 11:56",7741.09,7741.82,7741.09,7741.67,0.56,+0.01%,0
"2026-08-11 11:57",7741.68,7742.07,7741.52,7741.62,-0.05,0.00%,0
"2026-08-11 11:58",7741.62,7743.07,7741.32,7743.04,1.42,+0.02%,0
"2026-08-11 11:59",7743,7744.17,7743,7743.39,0.35,0.00%,0
"2026-08-11 12:00",7743.32,7745.82,7743.32,7745.82,2.43,+0.03%,0
"2026-08-11 12:01",7745.75,7745.75,7743.49,7743.85,-1.97,-0.03%,0
"2026-08-11 12:02",7743.96,7744.62,7743.72,7744.12,0.27,0.00%,0
"2026-08-11 12:03",7744.11,7744.5,7743.26,7743.32,-0.8,-0.01%,0
"2026-08-11 12:04",7743.31,7744.18,7742.97,7743.27,-0.05,0.00%,0
"2026-08-11 12:05",7743.18,7746.11,7743,7746.11,2.84,+0.04%,0
"2026-08-11 12:06",7746.28,7747.14,7746.28,7746.54,0.43,+0.01%,0
"2026-08-11 12:07",7746.51,7746.94,7745.73,7745.73,-0.81,-0.01%,0
"2026-08-11 12:08",7745.75,7746.53,7745.17,7746.06,0.33,0.00%,0
"2026-08-11 12:09",7746.24,7746.24,7745.67,7746.2,0.14,0.00%,0
"2026-08-11 12:10",7746.39,7746.61,7745.61,7745.77,-0.43,-0.01%,0
"2026-08-11 12:11",7745.98,7746.1,7743.93,7744.09,-1.68,-0.02%,0
"2026-08-11 12:12",7744.1,7744.64,7743.68,7744.55,0.46,+0.01%,0
"2026-08-11 12:13",7744.47,7744.49,7743.99,7744.15,-0.4,-0.01%,0
"2026-08-11 12:14",7744.14,7745.04,7743.05,7743.15,-1.,-0.01%,0
"2026-08-11 12:15",7742.94,7744.55,7742.94,7744.49,1.34,+0.02%,0
"2026-08-11 12:16",7744.49,7746.3,7744.36,7746.3,1.81,+0.02%,0
"2026-08-11 12:17",7746.33,7747.03,7746.04,7746.57,0.27,0.00%,0
"2026-08-11 12:18",7746.57,7746.57,7745.14,7745.58,-0.99,-0.01%,0
"2026-08-11 12:19",7745.51,7745.51,7743.68,7743.75,-1.83,-0.02%,0
"2026-08-11 12:20",7743.77,7744.68,7743.28,7743.35,-0.4,-0.01%,0
"2026-08-11 12:21",7743.37,7744.29,7743.31,7744.18,0.83,+0.01%,0
"2026-08-11 12:22",7744.25,7745.2,7744.2,7745.15,0.97,+0.01%,0
"2026-08-11 12:23",7745.1,7745.1,7743.79,7743.79,-1.36,-0.02%,0
"2026-08-11 12:24",7743.68,7743.68,7740.18,7740.25,-3.54,-0.05%,0
"2026-08-11 12:25",7740.3,7740.3,7737.45,7738.87,-1.38,-0.02%,0
"2026-08-11 12:26",7738.94,7740.25,7738.36,7739.86,0.99,+0.01%,0
"2026-08-11 12:27",7739.76,7741.54,7739.5,7741.49,1.63,+0.02%,0
"2026-08-11 12:28",7741.43,7741.43,7739.18,7739.19,-2.3,-0.03%,0
"2026-08-11 12:29",7739.6,7741.14,7739.6,7741.14,1.95,+0.03%,0
"2026-08-11 12:30",7741.1,7741.79,7740.78,7741.49,0.35,0.00%,0
"2026-08-11 12:31",7741.47,7741.47,7738.7,7738.74,-2.75,-0.04%,0
"2026-08-11 12:32",7738.72,7739.32,7738.2,7738.21,-0.53,-0.01%,0
"2026-08-11 12:33",7738.23,7738.87,7738.1,7738.32,0.11,0.00%,0
"2026-08-11 12:34",7738.44,7739.15,7738.31,7738.66,0.34,0.00%,0
"2026-08-11 12:35",7738.54,7740.57,7738.12,7740.26,1.6,+0.02%,0
"2026-08-11 12:36",7740.29,7741.61,7740.24,7740.95,0.69,+0.01%,0
"2026-08-11 12:37",7740.98,7743.13,7740.98,7741.88,0.93,+0.01%,0
"2026-08-11 12:38",7742.05,7742.05,7741.11,7741.8,-0.08,0.00%,0
"2026-08-11 12:39",7741.69,7742.1,7741.45,7741.91,0.11,0.00%,0
"2026-08-11 12:40",7741.84,7741.85,7739.61,7740.15,-1.76,-0.02%,0
"2026-08-11 12:41",7740.18,7740.76,7740.12,7740.12,-0.03,0.00%,0
"2026-08-11 12:42",7740.14,7740.59,7740.09,7740.11,-0.01,0.00%,0
"2026-08-11 12:43",7740.11,7740.11,7738.55,7738.89,-1.22,-0.02%,0
"2026-08-11 12:44",7738.74,7738.94,7738.34,7738.57,-0.32,0.00%,0
"2026-08-11 12:45",7738.55,7738.69,7737.36,7737.55,-1.02,-0.01%,0
"2026-08-11 12:46",7737.58,7737.58,7735.87,7736,-1.55,-0.02%,0
"2026-08-11 12:47",7736.06,7736.66,7735.94,7736.28,0.28,0.00%,0
"2026-08-11 12:48",7736.25,7736.53,7735.58,7736.24,-0.04,0.00%,0
"2026-08-11 12:49",7736.3,7737.24,7735.99,7737.13,0.89,+0.01%,0
"2026-08-11 12:50",7737.18,7738.23,7736.58,7736.64,-0.49,-0.01%,0
"2026-08-11 12:51",7736.67,7737.77,7736.55,7737.77,1.13,+0.01%,0
"2026-08-11 12:52",7737.79,7737.84,7736.91,7736.91,-0.86,-0.01%,0
"2026-08-11 12:53",7736.89,7737.05,7736.05,7736.42,-0.49,-0.01%,0
"2026-08-11 12:54",7736.34,7737.02,7736.18,7736.76,0.34,0.00%,0
"2026-08-11 12:55",7736.78,7736.88,7735.88,7735.88,-0.88,-0.01%,0
"2026-08-11 12:56",7735.9,7735.9,7734.22,7734.58,-1.3,-0.02%,0
"2026-08-11 12:57",7734.63,7735,7734.49,7734.67,0.09,0.00%,0
"2026-08-11 12:58",7734.71,7735.29,7733.97,7734.04,-0.63,-0.01%,0
"2026-08-11 12:59",7733.95,7735.08,7733.85,7734.23,0.19,0.00%,0
"2026-08-11 13:00",7734.37,7735.38,7732.97,7733.29,-0.94,-0.01%,0
"2026-08-11 13:01",7733.24,7733.53,7733.06,7733.39,0.1,0.00%,0
"2026-08-11 13:02",7733.43,7733.54,7731.83,7731.85,-1.54,-0.02%,0
"2026-08-11 13:03",7731.94,7732.65,7731.68,7732.63,0.78,+0.01%,0
"2026-08-11 13:04",7732.65,7733.26,7731.21,7731.22,-1.41,-0.02%,0
"2026-08-11 13:05",7731.12,7732.25,7730.83,7731.43,0.21,0.00%,0
"2026-08-11 13:06",7731.58,7733.68,7731.58,7733.27,1.84,+0.02%,0
"2026-08-11 13:07",7733.11,7733.11,7732.44,7732.9,-0.37,0.00%,0
"2026-08-11 13:08",7732.67,7733.15,7732.12,7732.12,-0.78,-0.01%,0
"2026-08-11 13:09",7732.01,7732.06,7731.43,7731.85,-0.27,0.00%,0
"2026-08-11 13:10",7731.89,7731.89,7730.25,7730.42,-1.43,-0.02%,0
"2026-08-11 13:11",7730.38,7730.79,7728.51,7728.59,-1.83,-0.02%,0
"2026-08-11 13:12",7728.74,7728.74,7727.42,7727.55,-1.04,-0.01%,0
"2026-08-11 13:13",7727.6,7727.74,7726.98,7727.71,0.16,0.00%,0
"2026-08-11 13:14",7727.73,7728.3,7726.1,7726.17,-1.54,-0.02%,0
"2026-08-11 13:15",7726.27,7727.26,7725.8,7727.22,1.05,+0.01%,0
"2026-08-11 13:16",7726.99,7727.46,7726.37,7726.86,-0.36,0.00%,0
"2026-08-11 13:17",7726.9,7729.19,7726.89,7729.19,2.33,+0.03%,0
"2026-08-11 13:18",7729.22,7730.18,7729.12,7729.76,0.57,+0.01%,0
"2026-08-11 13:19",7729.7,7730.98,7729.34,7730.33,0.57,+0.01%,0
"2026-08-11 13:20",7730.39,7731,7729.97,7729.97,-0.36,0.00%,0
"2026-08-11 13:21",7729.94,7732.6,7729.14,7732.24,2.27,+0.03%,0
"2026-08-11 13:22",7732.34,7732.34,7730.06,7730.39,-1.85,-0.02%,0
"2026-08-11 13:23",7730.32,7731.34,7729.71,7730.2,-0.19,0.00%,0
"2026-08-11 13:24",7730.24,7731.09,7729.94,7731.09,0.89,+0.01%,0
"2026-08-11 13:25",7731.36,7732.86,7730.53,7730.56,-0.53,-0.01%,0
"2026-08-11 13:26",7730.66,7730.91,7730.22,7730.91,0.35,0.00%,0
"2026-08-11 13:27",7730.92,7731.01,7729.81,7730.24,-0.67,-0.01%,0
"2026-08-11 13:28",7730.22,7732.2,7730.15,7731.73,1.49,+0.02%,0
"2026-08-11 13:29",7731.6,7732.99,7731.56,7732.1,0.37,0.00%,0
"2026-08-11 13:30",7731.93,7732.08,7730.63,7730.88,-1.22,-0.02%,0
"2026-08-11 13:31",7731,7731.53,7730.65,7730.82,-0.06,0.00%,0
"2026-08-11 13:32",7730.86,7731.16,7730.48,7730.64,-0.18,0.00%,0
"2026-08-11 13:33",7730.52,7731.96,7730.52,7731.2,0.56,+0.01%,0
"2026-08-11 13:34",7731.19,7732.2,7730.58,7732.16,0.96,+0.01%,0
"2026-08-11 13:35",7732.28,7734.51,7732.28,7733.32,1.16,+0.02%,0
"2026-08-11 13:36",7733.38,7733.94,7733.16,7733.7,0.38,0.00%,0
"2026-08-11 13:37",7733.61,7733.61,7732.55,7732.59,-1.11,-0.01%,0
"2026-08-11 13:38",7732.5,7732.68,7731.18,7731.18,-1.41,-0.02%,0
"2026-08-11 13:39",7731.2,7732.09,7731.06,7731.97,0.79,+0.01%,0
"2026-08-11 13:40",7732,7732.98,7731.69,7732.84,0.87,+0.01%,0
"2026-08-11 13:41",7732.81,7734.47,7732.35,7734.29,1.45,+0.02%,0
"2026-08-11 13:42",7734.34,7736.02,7734.27,7735.83,1.54,+0.02%,0
"2026-08-11 13:43",7735.87,7736.04,7735.43,7735.48,-0.35,0.00%,0
"2026-08-11 13:44",7735.44,7735.8,7735.33,7735.55,0.07,0.00%,0
"2026-08-11 13:45",7735.64,7735.78,7734.67,7735.45,-0.1,0.00%,0
"2026-08-11 13:46",7735.26,7735.37,7734.47,7735.37,-0.08,0.00%,0
"2026-08-11 13:47",7735.31,7735.31,7734.52,7734.92,-0.45,-0.01%,0
"2026-08-11 13:48",7735.03,7736.58,7735.03,7735.89,0.97,+0.01%,0
"2026-08-11 13:49",7735.93,7736.15,7734.87,7735.08,-0.81,-0.01%,0
"2026-08-11 13:50",7735.08,7736.19,7735.08,7735.46,0.38,0.00%,0
"2026-08-11 13:51",7735.47,7735.97,7735,7735.31,-0.15,0.00%,0
"2026-08-11 13:52",7735.27,7735.68,7734.71,7735.58,0.27,0.00%,0
"2026-08-11 13:53",7735.59,7735.59,7734.98,7735.55,-0.03,0.00%,0
"2026-08-11 13:54",7735.68,7736.27,7735.61,7735.92,0.37,0.00%,0
"2026-08-11 13:55",7735.94,7736.06,7735.07,7735.29,-0.63,-0.01%,0
"2026-08-11 13:56",7735.37,7735.37,7734.37,7734.49,-0.8,-0.01%,0
"2026-08-11 13:57",7734.42,7735.4,7734.27,7734.55,0.06,0.00%,0
"2026-08-11 13:58",7734.43,7735.63,7734.26,7735.6,1.05,+0.01%,0
"2026-08-11 13:59",7735.56,7735.67,7734.9,7735.08,-0.52,-0.01%,0
"2026-08-11 14:00",7735.18,7735.23,7734.09,7734.89,-0.19,0.00%,0
"2026-08-11 14:01",7734.85,7734.85,7733.87,7733.87,-1.02,-0.01%,0
"2026-08-11 14:02",7733.89,7733.89,7732.43,7733.08,-0.79,-0.01%,0
"2026-08-11 14:03",7732.98,7734.18,7732.77,7734.18,1.1,+0.01%,0
"2026-08-11 14:04",7734.17,7734.27,7733.22,7733.79,-0.39,-0.01%,0
"2026-08-11 14:05",7733.74,7734.25,7732.79,7733.23,-0.56,-0.01%,0
"2026-08-11 14:06",7733.21,7733.25,7730.41,7730.61,-2.62,-0.03%,0
"2026-08-11 14:07",7730.62,7731.34,7730.09,7731.09,0.48,+0.01%,0
"2026-08-11 14:08",7731.07,7731.38,7730.1,7730.25,-0.84,-0.01%,0
"2026-08-11 14:09",7730.22,7731.3,7729.98,7730.11,-0.14,0.00%,0
"2026-08-11 14:10",7730.12,7730.94,7729.41,7730.47,0.36,0.00%,0
"2026-08-11 14:11",7730.5,7731.56,7730.31,7731.41,0.94,+0.01%,0
"2026-08-11 14:12",7731.43,7731.67,7730.49,7730.52,-0.89,-0.01%,0
"2026-08-11 14:13",7730.66,7731.74,7730.53,7730.58,0.06,0.00%,0
"2026-08-11 14:14",7730.65,7731.33,7730.65,7731.11,0.53,+0.01%,0
"2026-08-11 14:15",7731.13,7732.03,7730.86,7731.16,0.05,0.00%,0
"2026-08-11 14:16",7731.12,7731.16,7730.08,7730.08,-1.08,-0.01%,0
"2026-08-11 14:17",7730.17,7730.37,7729.5,7729.59,-0.49,-0.01%,0
"2026-08-11 14:18",7729.53,7730.57,7729.44,7730.24,0.65,+0.01%,0
"2026-08-11 14:19",7730.26,7731.13,7730.01,7730.27,0.03,0.00%,0
"2026-08-11 14:20",7730.32,7730.32,7727.78,7727.78,-2.49,-0.03%,0
"2026-08-11 14:21",7727.65,7727.88,7726.35,7726.97,-0.81,-0.01%,0
"2026-08-11 14:22",7726.74,7726.8,7726.16,7726.16,-0.81,-0.01%,0
"2026-08-11 14:23",7726.34,7726.8,7725.5,7725.74,-0.42,-0.01%,0
"2026-08-11 14:24",7725.75,7727.35,7725.71,7727.35,1.61,+0.02%,0
"2026-08-11 14:25",7727.31,7727.96,7727.15,7727.92,0.57,+0.01%,0
"2026-08-11 14:26",7727.99,7727.99,7726.34,7726.34,-1.58,-0.02%,0
"2026-08-11 14:27",7726.44,7726.71,7723.3,7723.79,-2.55,-0.03%,0
"2026-08-11 14:28",7723.7,7723.7,7721.85,7721.94,-1.85,-0.02%,0
"2026-08-11 14:29",7721.9,7722.18,7717.25,7717.68,-4.26,-0.06%,0
"2026-08-11 14:30",7717.72,7720.72,7717.72,7720.7,3.02,+0.04%,0
"2026-08-11 14:31",7720.55,7722.05,7720.44,7721.97,1.27,+0.02%,0
"2026-08-11 14:32",7721.88,7723,7721.43,7722.83,0.86,+0.01%,0
"2026-08-11 14:33",7722.77,7723.07,7721.69,7721.69,-1.14,-0.01%,0
"2026-08-11 14:34",7721.67,7722.81,7721.66,7722.53,0.84,+0.01%,0
"2026-08-11 14:35",7722.66,7724.02,7722.52,7723.57,1.04,+0.01%,0
"2026-08-11 14:36",7723.54,7724.04,7723.38,7723.67,0.1,0.00%,0
"2026-08-11 14:37",7723.64,7724.48,7722.7,7722.71,-0.96,-0.01%,0
"2026-08-11 14:38",7722.7,7723.07,7722.03,7722.37,-0.34,0.00%,0
"2026-08-11 14:39",7722.48,7722.7,7721.91,7722.53,0.16,0.00%,0
"2026-08-11 14:40",7722.47,7722.51,7721.15,7721.54,-0.99,-0.01%,0
"2026-08-11 14:41",7721.29,7721.65,7719.53,7719.53,-2.01,-0.03%,0
"2026-08-11 14:42",7719.54,7720.68,7719.49,7720.64,1.11,+0.01%,0
"2026-08-11 14:43",7720.79,7720.9,7720.01,7720.65,0.01,0.00%,0
"2026-08-11 14:44",7720.67,7721.53,7720.48,7720.66,0.01,0.00%,0
"2026-08-11 14:45",7720.59,7722.08,7720.59,7721.74,1.08,+0.01%,0
"2026-08-11 14:46",7721.66,7722.75,7721.61,7722.43,0.69,+0.01%,0
"2026-08-11 14:47",7722.46,7723.2,7721.99,7722.8,0.37,0.00%,0
"2026-08-11 14:48",7722.74,7724.34,7722.74,7724.07,1.27,+0.02%,0
"2026-08-11 14:49",7724.22,7725.98,7724.1,7725.76,1.69,+0.02%,0
"2026-08-11 14:50",7725.78,7726.13,7725.16,7725.18,-0.58,-0.01%,0
"2026-08-11 14:51",7725.07,7725.58,7724.56,7725.58,0.4,+0.01%,0
"2026-08-11 14:52",7725.54,7726.15,7725.34,7725.94,0.36,0.00%,0
"2026-08-11 14:53",7726.1,7727.14,7725.82,7726.1,0.16,0.00%,0
"2026-08-11 14:54",7726.11,7726.81,7726,7726.42,0.32,0.00%,0
"2026-08-11 14:55",7726.47,7726.53,7725.65,7725.74,-0.68,-0.01%,0
"2026-08-11 14:56",7725.6,7725.86,7724.85,7724.9,-0.84,-0.01%,0
"2026-08-11 14:57",7724.87,7726.11,7724.47,7725.99,1.09,+0.01%,0
"2026-08-11 14:58",7726.01,7726.01,7723.84,7723.97,-2.02,-0.03%,0
"2026-08-11 14:59",7723.96,7724.4,7723.57,7723.57,-0.4,-0.01%,0
"2026-08-11 15:00",7723.56,7724.71,7722.38,7722.64,-0.93,-0.01%,0
"2026-08-11 15:01",7722.66,7724.38,7722.66,7723.04,0.4,+0.01%,0
"2026-08-11 15:02",7722.81,7723.89,7722.81,7723.15,0.11,0.00%,0
"2026-08-11 15:03",7723.17,7724.02,7722.87,7723.6,0.45,+0.01%,0
"2026-08-11 15:04",7723.56,7723.99,7722.84,7723.82,0.22,0.00%,0
"2026-08-11 15:05",7723.79,7723.83,7722.73,7723.48,-0.34,0.00%,0
"2026-08-11 15:06",7723.58,7724.18,7722.82,7722.82,-0.66,-0.01%,0
"2026-08-11 15:07",7722.93,7722.93,7721.2,7721.45,-1.37,-0.02%,0
"2026-08-11 15:08",7721.32,7722.4,7721.17,7722.13,0.68,+0.01%,0
"2026-08-11 15:09",7722.14,7723.33,7721.61,7723.24,1.11,+0.01%,0
"2026-08-11 15:10",7723.31,7725.23,7722.84,7724.5,1.26,+0.02%,0
"2026-08-11 15:11",7724.54,7725.17,7724.47,7725.13,0.63,+0.01%,0
"2026-08-11 15:12",7725.17,7725.2,7724.61,7724.73,-0.4,-0.01%,0
"2026-08-11 15:13",7724.62,7726.75,7724.59,7726.75,2.02,+0.03%,0
"2026-08-11 15:14",7726.78,7726.78,7724.92,7725.55,-1.2,-0.02%,0
"2026-08-11 15:15",7725.57,7725.86,7725.22,7725.36,-0.19,0.00%,0
"2026-08-11 15:16",7725.42,7726.24,7724.97,7726.24,0.88,+0.01%,0
"2026-08-11 15:17",7726.12,7726.94,7725.58,7725.58,-0.66,-0.01%,0
"2026-08-11 15:18",7725.66,7726.98,7725.45,7726.98,1.4,+0.02%,0
"2026-08-11 15:19",7726.96,7727.42,7726.54,7726.94,-0.04,0.00%,0
"2026-08-11 15:20",7726.94,7727.34,7726.69,7727.09,0.15,0.00%,0
"2026-08-11 15:21",7727.06,7728.09,7726.97,7727.95,0.86,+0.01%,0
"2026-08-11 15:22",7727.94,7728.13,7727.09,7727.41,-0.54,-0.01%,0
"2026-08-11 15:23",7727.48,7728.76,7727.48,7728.43,1.02,+0.01%,0
"2026-08-11 15:24",7728.36,7729.59,7728.16,7729.21,0.78,+0.01%,0
"2026-08-11 15:25",7729.22,7729.35,7728.32,7729.1,-0.11,0.00%,0
"2026-08-11 15:26",7729.12,7729.56,7728.7,7728.99,-0.11,0.00%,0
"2026-08-11 15:27",7729.02,7729.02,7727.87,7728.28,-0.71,-0.01%,0
"2026-08-11 15:28",7728.34,7729.5,7727.75,7729.47,1.19,+0.02%,0
"2026-08-11 15:29",7729.54,7729.83,7728.85,7728.99,-0.48,-0.01%,0
"2026-08-11 15:30",7729.08,7730.94,7728.77,7730.29,1.3,+0.02%,0
"2026-08-11 15:31",7730.15,7731.34,7729.97,7730.38,0.09,0.00%,0
"2026-08-11 15:32",7730.5,7730.74,7729.17,7729.17,-1.21,-0.02%,0
"2026-08-11 15:33",7729.17,7729.99,7729.04,7729.44,0.27,0.00%,0
"2026-08-11 15:34",7729.89,7730.79,7729.89,7730.74,1.3,+0.02%,0
"2026-08-11 15:35",7730.74,7731.31,7730.33,7730.79,0.05,0.00%,0
"2026-08-11 15:36",7730.76,7732.2,7730.07,7732.2,1.41,+0.02%,0
"2026-08-11 15:37",7732.21,7733.3,7732.14,7732.34,0.14,0.00%,0
"2026-08-11 15:38",7732.29,7733.74,7732.29,7733.74,1.4,+0.02%,0
"2026-08-11 15:39",7733.79,7733.79,7732.68,7733.28,-0.46,-0.01%,0
"2026-08-11 15:40",7733.54,7733.61,7731.97,7732.33,-0.95,-0.01%,0
"2026-08-11 15:41",7732.39,7732.58,7731.46,7732.15,-0.18,0.00%,0
"2026-08-11 15:42",7732.1,7732.37,7731.08,7731.19,-0.96,-0.01%,0
"2026-08-11 15:43",7731.08,7731.93,7731.06,7731.26,0.07,0.00%,0
"2026-08-11 15:44",7731.26,7731.26,7730.13,7730.22,-1.04,-0.01%,0
"2026-08-11 15:45",7730.36,7730.36,7727.73,7727.82,-2.4,-0.03%,0
"2026-08-11 15:46",7727.8,7728.97,7727.58,7728.21,0.39,+0.01%,0
"2026-08-11 15:47",7728.34,7728.5,7727.42,7727.62,-0.59,-0.01%,0
"2026-08-11 15:48",7727.59,7727.67,7726.19,7726.46,-1.16,-0.02%,0
"2026-08-11 15:49",7726.37,7727.74,7726.01,7727.23,0.77,+0.01%,0
"2026-08-11 15:50",7727.12,7727.12,7722.38,7722.94,-4.29,-0.06%,0
"2026-08-11 15:51",7723.02,7724.91,7723.02,7724.07,1.13,+0.01%,0
"2026-08-11 15:52",7724.08,7724.19,7721.98,7721.98,-2.09,-0.03%,0
"2026-08-11 15:53",7721.87,7722.52,7720.71,7722.27,0.29,0.00%,0
"2026-08-11 15:54",7722.3,7727.52,7721.6,7727.45,5.18,+0.07%,0
"2026-08-11 15:55",7727.42,7727.55,7724.85,7725.38,-2.07,-0.03%,0
"2026-08-11 15:56",7725.43,7726.46,7723.92,7724.8,-0.58,-0.01%,0
"2026-08-11 15:57",7724.9,7725.15,7723.77,7724.33,-0.47,-0.01%,0
"2026-08-11 15:58",7724.23,7725.72,7723.11,7725.72,1.39,+0.02%,0
"2026-08-11 15:59",7726.64,7727.91,7722.22,7727.41,1.69,+0.02%,0
"2026-08-11 16:00",7727.79,7728.09,7727.79,7728.09,0.68,+0.01%,0
"2026-08-11 16:01",7728.09,7728.09,7728.09,7728.09,0,0.00%,0
"2026-08-11 16:02",7728.09,7728.11,7728.09,7728.11,0.02,0.00%,0
"2026-08-11 16:03",7728.11,7728.19,7728.11,7728.18,0.07,0.00%,0
"2026-08-11 16:04",7728.17,7728.19,7728.17,7728.19,0.01,0.00%,0
"2026-08-11 16:05",7728.19,7728.2,7728.19,7728.2,0.01,0.00%,0
"2026-08-11 16:06",7728.2,7728.2,7728.2,7728.2,0,0.00%,0
"2026-08-11 16:07",7728.2,7728.2,7728.2,7728.2,0,0.00%,0
"2026-08-11 16:08",7728.2,7728.2,7728.2,7728.2,0,0.00%,0
"2026-08-11 16:09",7728.2,7728.2,7728.2,7728.2,0,0.00%,0
"2026-08-11 16:10",7728.2,7728.2,7728.2,7728.2,0,0.00%,0
"2026-08-11 16:11",7728.2,7728.2,7728.2,7728.2,0,0.00%,0
"2026-08-11 16:12",7728.2,7728.2,7728.2,7728.2,0,0.00%,0
"2026-08-11 16:13",7728.2,7728.2,7728.2,7728.2,0,0.00%,0
"2026-08-11 16:14",7728.2,7728.2,7728.2,7728.2,0,0.00%,0
"2026-08-11 16:15",7728.2,7728.2,7728.2,7728.2,0,0.00%,0
"2026-08-11 16:16",7728.2,7728.2,7728.2,7728.2,0,0.00%,0
"2026-08-11 16:17",7728.2,7728.2,7728.2,7728.2,0,0.00%,0
"2026-08-11 16:18",7728.2,7728.2,7728.2,7728.2,0,0.00%,0
"2026-08-11 16:19",7728.2,7728.2,7728.2,7728.2,0,0.00%,0
"2026-08-11 16:20",7728.2,7728.2,7728.2,7728.2,0,0.00%,0
"2026-08-11 16:34",7728.2,7728.2,7728.2,7728.2,0,0.00%,0
"2026-08-12 09:30",7765.46,7766.01,7761.35,7763.16,34.96,+0.45%,0
"2026-08-12 09:31",7763.3,7763.58,7753.99,7755.51,-7.65,-0.10%,0
"2026-08-12 09:32",7755.96,7755.96,7752.31,7752.31,-3.2,-0.04%,0
"2026-08-12 09:33",7751.25,7754.97,7750.31,7752.6,0.29,0.00%,0
"2026-08-12 09:34",7752.57,7755.43,7751.2,7753.77,1.17,+0.02%,0
"2026-08-12 09:35",7752.85,7755.46,7751.41,7754.93,1.16,+0.01%,0
"2026-08-12 09:36",7755.1,7757.93,7753.84,7757.22,2.29,+0.03%,0
"2026-08-12 09:37",7757.33,7758.55,7754.1,7754.15,-3.07,-0.04%,0
"2026-08-12 09:38",7753.84,7756.34,7752.49,7753.79,-0.36,0.00%,0
"2026-08-12 09:39",7753.45,7753.82,7751.44,7752.44,-1.35,-0.02%,0
"2026-08-12 09:40",7752.4,7752.51,7748.37,7750.65,-1.79,-0.02%,0
"2026-08-12 09:41",7750.38,7753.62,7750.38,7753.59,2.94,+0.04%,0
"2026-08-12 09:42",7753.83,7754.63,7751.78,7752.36,-1.23,-0.02%,0
"2026-08-12 09:43",7752.7,7752.93,7751.25,7751.93,-0.43,-0.01%,0
"2026-08-12 09:44",7752.27,7752.87,7750.09,7751.73,-0.2,0.00%,0
"2026-08-12 09:45",7751.91,7753.91,7751.05,7751.23,-0.5,-0.01%,0
"2026-08-12 09:46",7751.28,7751.3,7747.6,7748.77,-2.46,-0.03%,0
"2026-08-12 09:47",7749.49,7751.52,7749.14,7750.58,1.81,+0.02%,0
"2026-08-12 09:48",7750.55,7758.56,7750.55,7758.49,7.91,+0.10%,0
"2026-08-12 09:49",7758.68,7759.22,7757.71,7758.67,0.18,0.00%,0
"2026-08-12 09:50",7758.75,7758.95,7756.05,7757.25,-1.42,-0.02%,0
"2026-08-12 09:51",7757.74,7757.95,7753.3,7754.61,-2.64,-0.03%,0
"2026-08-12 09:52",7754.78,7754.78,7750.37,7750.74,-3.87,-0.05%,0
"2026-08-12 09:53",7750.83,7752.09,7749.55,7752.09,1.35,+0.02%,0
"2026-08-12 09:54",7752.22,7753.56,7749.36,7749.36,-2.73,-0.04%,0
"2026-08-12 09:55",7749.48,7749.79,7748.03,7748.65,-0.71,-0.01%,0
"2026-08-12 09:56",7748.46,7749.43,7744.15,7744.25,-4.4,-0.06%,0
"2026-08-12 09:57",7744.65,7747.22,7744.03,7746.89,2.64,+0.03%,0
"2026-08-12 09:58",7747.04,7750.61,7746.81,7749.98,3.09,+0.04%,0
"2026-08-12 09:59",7749.84,7751.31,7749.23,7749.9,-0.08,0.00%,0
"2026-08-12 10:00",7749.64,7749.83,7745.93,7749.02,-0.88,-0.01%,0
"2026-08-12 10:01",7749.35,7751.11,7748,7748.82,-0.2,0.00%,0
"2026-08-12 10:02",7749.08,7749.08,7745.57,7745.7,-3.12,-0.04%,0
"2026-08-12 10:03",7745.78,7746.51,7744.83,7744.88,-0.82,-0.01%,0
"2026-08-12 10:04",7744.68,7745.04,7742.54,7742.54,-2.34,-0.03%,0
"2026-08-12 10:05",7742.31,7746.13,7741.72,7745.87,3.33,+0.04%,0
"2026-08-12 10:06",7745.5,7747.16,7744.98,7746.65,0.78,+0.01%,0
"2026-08-12 10:07",7746.69,7746.69,7745.05,7745.16,-1.49,-0.02%,0
"2026-08-12 10:08",7745.15,7746.99,7744.37,7746.99,1.83,+0.02%,0
"2026-08-12 10:09",7746.87,7748.25,7745.41,7745.92,-1.07,-0.01%,0
"2026-08-12 10:10",7747.14,7748.53,7746.45,7748.53,2.61,+0.03%,0
"2026-08-12 10:11",7748.79,7749.89,7747.72,7747.85,-0.68,-0.01%,0
"2026-08-12 10:12",7748.02,7748.02,7746.12,7746.31,-1.54,-0.02%,0
"2026-08-12 10:13",7746.28,7746.8,7744.11,7746.6,0.29,0.00%,0
"2026-08-12 10:14",7746.59,7747.96,7745.85,7746.44,-0.16,0.00%,0
"2026-08-12 10:15",7746.39,7748.04,7745.33,7747.72,1.28,+0.02%,0
"2026-08-12 10:16",7747.73,7749.16,7747.63,7747.63,-0.09,0.00%,0
"2026-08-12 10:17",7747.6,7749.33,7747.51,7749.27,1.64,+0.02%,0
"2026-08-12 10:18",7749.41,7752.64,7749.41,7752.48,3.21,+0.04%,0
"2026-08-12 10:19",7752.3,7752.8,7747.66,7747.66,-4.82,-0.06%,0
"2026-08-12 10:20",7747.55,7747.93,7745,7746.62,-1.04,-0.01%,0
"2026-08-12 10:21",7746.65,7748.3,7745.9,7747.92,1.3,+0.02%,0
"2026-08-12 10:22",7747.79,7750.69,7747.49,7749.26,1.34,+0.02%,0
"2026-08-12 10:23",7748.69,7750.91,7748.57,7750.91,1.65,+0.02%,0
"2026-08-12 10:24",7750.84,7752.92,7750.84,7752.66,1.75,+0.02%,0
"2026-08-12 10:25",7752.6,7752.6,7750.96,7751.24,-1.42,-0.02%,0
"2026-08-12 10:26",7751.43,7755.19,7751.13,7755.11,3.87,+0.05%,0
"2026-08-12 10:27",7755.22,7755.71,7754.41,7755.06,-0.05,0.00%,0
"2026-08-12 10:28",7754.92,7755.59,7753.02,7753.47,-1.59,-0.02%,0
"2026-08-12 10:29",7753.55,7754.14,7749.24,7750.47,-3.,-0.04%,0
"2026-08-12 10:30",7750.58,7752.1,7749.78,7750.82,0.35,0.00%,0
"2026-08-12 10:31",7750.73,7750.93,7737.95,7747.36,-3.46,-0.04%,0
"2026-08-12 10:32",7747.12,7747.98,7745.13,7745.27,-2.09,-0.03%,0
"2026-08-12 10:33",7745.3,7748.18,7745.3,7746.68,1.41,+0.02%,0
"2026-08-12 10:34",7746.77,7746.77,7742.83,7743.17,-3.51,-0.05%,0
"2026-08-12 10:35",7743.23,7746,7741.84,7745.46,2.29,+0.03%,0
"2026-08-12 10:36",7745.25,7747.25,7744.28,7747.1,1.64,+0.02%,0
"2026-08-12 10:37",7746.84,7749.46,7746.74,7749.29,2.19,+0.03%,0
"2026-08-12 10:38",7749.04,7750.49,7748.47,7748.47,-0.82,-0.01%,0
"2026-08-12 10:39",7748.71,7749.26,7747.72,7749.17,0.7,+0.01%,0
"2026-08-12 10:40",7749.6,7751.23,7749.6,7750.94,1.77,+0.02%,0
"2026-08-12 10:41",7750.97,7752.4,7750.63,7751.45,0.51,+0.01%,0
"2026-08-12 10:42",7751.42,7751.67,7749.56,7750.19,-1.26,-0.02%,0
"2026-08-12 10:43",7750.31,7752.62,7750.31,7752.3,2.11,+0.03%,0
"2026-08-12 10:44",7752.5,7753.28,7751.92,7752.6,0.3,0.00%,0
"2026-08-12 10:45",7752.75,7753.52,7752.3,7753.16,0.56,+0.01%,0
"2026-08-12 10:46",7753.2,7753.94,7752.27,7752.51,-0.65,-0.01%,0
"2026-08-12 10:47",7752.51,7752.61,7747.76,7748.22,-4.29,-0.06%,0
"2026-08-12 10:48",7748.19,7749,7747.08,7748.12,-0.1,0.00%,0
"2026-08-12 10:49",7748.09,7748.91,7746.96,7748.78,0.66,+0.01%,0
"2026-08-12 10:50",7749,7749.18,7745.2,7745.69,-3.09,-0.04%,0
"2026-08-12 10:51",7745.6,7746.29,7744.12,7745.64,-0.05,0.00%,0
"2026-08-12 10:52",7745.86,7747.14,7745.12,7747.14,1.5,+0.02%,0
"2026-08-12 10:53",7747.12,7747.73,7744.9,7747.11,-0.03,0.00%,0
"2026-08-12 10:54",7747.26,7748.27,7742.81,7743.33,-3.78,-0.05%,0
"2026-08-12 10:55",7743.27,7743.49,7740.96,7741.4,-1.93,-0.02%,0
"2026-08-12 10:56",7741.28,7744.74,7741.28,7743.46,2.06,+0.03%,0
"2026-08-12 10:57",7743.32,7745.25,7743.02,7744.62,1.16,+0.01%,0
"2026-08-12 10:58",7744.46,7745.54,7743.99,7745.36,0.74,+0.01%,0
"2026-08-12 10:59",7744.79,7745.52,7744.04,7744.93,-0.43,-0.01%,0
"2026-08-12 11:00",7744.79,7745.52,7742.64,7744.07,-0.86,-0.01%,0
"2026-08-12 11:01",7744.36,7744.63,7743.39,7744.63,0.56,+0.01%,0
"2026-08-12 11:02",7744.91,7745.15,7742.2,7743.51,-1.12,-0.01%,0
"2026-08-12 11:03",7743.36,7743.42,7740.27,7740.48,-3.03,-0.04%,0
"2026-08-12 11:04",7740.24,7741.77,7740.08,7741.18,0.7,+0.01%,0
"2026-08-12 11:05",7741.28,7741.36,7740.06,7741.17,-0.01,0.00%,0
"2026-08-12 11:06",7741.27,7744.05,7740,7744.05,2.88,+0.04%,0
"2026-08-12 11:07",7744,7744.12,7742.54,7743.63,-0.42,-0.01%,0
"2026-08-12 11:08",7743.63,7743.82,7742.35,7743.48,-0.15,0.00%,0
"2026-08-12 11:09",7743.32,7744.51,7742.83,7743.77,0.29,0.00%,0
"2026-08-12 11:10",7743.6,7743.69,7740.95,7740.95,-2.82,-0.04%,0
"2026-08-12 11:11",7741.06,7742.08,7740.66,7741.63,0.68,+0.01%,0
"2026-08-12 11:12",7741.96,7745.14,7741.91,7745.11,3.48,+0.04%,0
"2026-08-12 11:13",7745.19,7746.15,7744.81,7745.47,0.36,0.00%,0
"2026-08-12 11:14",7745.48,7745.72,7743.98,7744.28,-1.19,-0.02%,0
"2026-08-12 11:15",7744.2,7744.33,7742.83,7743.16,-1.12,-0.01%,0
"2026-08-12 11:16",7743.29,7745.47,7743.29,7744.55,1.39,+0.02%,0
"2026-08-12 11:17",7744.77,7745.28,7744.14,7744.91,0.36,0.00%,0
"2026-08-12 11:18",7744.99,7745.01,7743,7743.01,-1.9,-0.02%,0
"2026-08-12 11:19",7742.92,7743.58,7742.47,7743.36,0.35,0.00%,0
"2026-08-12 11:20",7743.56,7744.36,7743.1,7743.6,0.24,0.00%,0
"2026-08-12 11:21",7743.33,7743.97,7742.79,7743.45,-0.15,0.00%,0
"2026-08-12 11:22",7743.6,7743.67,7741.01,7741.6,-1.85,-0.02%,0
"2026-08-12 11:23",7741.34,7741.34,7740.08,7741.07,-0.53,-0.01%,0
"2026-08-12 11:24",7740.99,7742.1,7740.43,7741.86,0.79,+0.01%,0
"2026-08-12 11:25",7741.47,7742.22,7741.19,7741.96,0.1,0.00%,0
"2026-08-12 11:26",7741.79,7742.26,7740.98,7741.91,-0.05,0.00%,0
"2026-08-12 11:27",7741.85,7742.64,7741.24,7741.55,-0.36,0.00%,0
"2026-08-12 11:28",7742.07,7743.6,7741.28,7743.59,2.04,+0.03%,0
"2026-08-12 11:29",7743.57,7745.66,7743.48,7745.66,2.07,+0.03%,0
"2026-08-12 11:30",7745.81,7746.74,7744.83,7745.99,0.33,0.00%,0
"2026-08-12 11:31",7745.79,7745.9,7743.94,7744.21,-1.78,-0.02%,0
"2026-08-12 11:32",7744.2,7744.91,7741.54,7741.98,-2.23,-0.03%,0
"2026-08-12 11:33",7742.14,7742.67,7740.08,7740.08,-1.9,-0.02%,0
"2026-08-12 11:34",7740.29,7741.69,7739.5,7741.55,1.47,+0.02%,0
"2026-08-12 11:35",7741.53,7743.16,7741.5,7741.7,0.15,0.00%,0
"2026-08-12 11:36",7741.71,7744.45,7741.08,7743.93,2.23,+0.03%,0
"2026-08-12 11:37",7744,7744,7742.36,7742.61,-1.32,-0.02%,0
"2026-08-12 11:38",7742.6,7743.22,7741.97,7742.48,-0.13,0.00%,0
"2026-08-12 11:39",7742.53,7742.72,7739.58,7739.7,-2.78,-0.04%,0
"2026-08-12 11:40",7739.64,7739.82,7738.16,7738.16,-1.54,-0.02%,0
"2026-08-12 11:41",7738.2,7740.25,7738.08,7740.25,2.09,+0.03%,0
"2026-08-12 11:42",7740.52,7741.43,7740.42,7740.71,0.46,+0.01%,0
"2026-08-12 11:43",7740.85,7741.76,7740.85,7741.7,0.99,+0.01%,0
"2026-08-12 11:44",7741.65,7742.04,7740.68,7740.8,-0.9,-0.01%,0
"2026-08-12 11:45",7740.79,7741.83,7740.25,7741.19,0.39,+0.01%,0
"2026-08-12 11:46",7741.1,7741.72,7740.37,7741.72,0.53,+0.01%,0
"2026-08-12 11:47",7741.69,7742.97,7741.28,7742.97,1.25,+0.02%,0
"2026-08-12 11:48",7742.92,7742.92,7741.23,7741.39,-1.58,-0.02%,0
"2026-08-12 11:49",7741.44,7743.85,7741.44,7743.85,2.46,+0.03%,0
"2026-08-12 11:50",7744.05,7744.48,7741.06,7741.61,-2.24,-0.03%,0
"2026-08-12 11:51",7741.41,7741.94,7741.14,7741.65,0.04,0.00%,0
"2026-08-12 11:52",7741.54,7742.74,7741.34,7742.63,0.98,+0.01%,0
"2026-08-12 11:53",7742.63,7743.63,7742.62,7743.48,0.85,+0.01%,0
"2026-08-12 11:54",7743.49,7743.6,7742.49,7742.49,-0.99,-0.01%,0
"2026-08-12 11:55",7742.31,7742.71,7741.48,7741.58,-0.91,-0.01%,0
"2026-08-12 11:56",7741.49,7742.83,7741.24,7742.03,0.45,+0.01%,0
"2026-08-12 11:57",7741.96,7743.2,7741.96,7742.64,0.61,+0.01%,0
"2026-08-12 11:58",7742.55,7742.82,7742.28,7742.64,0,0.00%,0
"2026-08-12 11:59",7742.59,7743.04,7742.29,7742.61,-0.03,0.00%,0
"2026-08-12 12:00",7742.5,7745.2,7742.41,7745.2,2.59,+0.03%,0
"2026-08-12 12:01",7745.12,7746.46,7745.12,7746.21,1.01,+0.01%,0
"2026-08-12 12:02",7746.25,7746.52,7746.04,7746.3,0.09,0.00%,0
"2026-08-12 12:03",7746.37,7746.47,7744.28,7744.32,-1.98,-0.03%,0
"2026-08-12 12:04",7744.23,7745.45,7744.22,7744.57,0.25,0.00%,0
"2026-08-12 12:05",7744.53,7745.47,7744.45,7745.06,0.49,+0.01%,0
"2026-08-12 12:06",7745.24,7745.54,7744.08,7744.1,-0.96,-0.01%,0
"2026-08-12 12:07",7744.19,7744.73,7743.58,7743.58,-0.52,-0.01%,0
"2026-08-12 12:08",7743.48,7745.09,7743.16,7744.8,1.22,+0.02%,0
"2026-08-12 12:09",7744.83,7746.11,7744.74,7746.11,1.31,+0.02%,0
"2026-08-12 12:10",7746.1,7746.22,7744.31,7745.2,-0.91,-0.01%,0
"2026-08-12 12:11",7745.18,7746.79,7745.17,7746.59,1.39,+0.02%,0
"2026-08-12 12:12",7746.74,7746.99,7745.43,7746.37,-0.22,0.00%,0
"2026-08-12 12:13",7746.35,7747.81,7746.34,7747.69,1.32,+0.02%,0
"2026-08-12 12:14",7747.65,7748.44,7747.6,7747.82,0.13,0.00%,0
"2026-08-12 12:15",7747.74,7748.18,7746.98,7747.15,-0.67,-0.01%,0
"2026-08-12 12:16",7747.23,7748.44,7746.9,7747.96,0.81,+0.01%,0
"2026-08-12 12:17",7747.86,7748.09,7747.02,7747.45,-0.51,-0.01%,0
"2026-08-12 12:18",7747.49,7748.26,7747.45,7748.14,0.69,+0.01%,0
"2026-08-12 12:19",7747.96,7747.96,7746.47,7746.72,-1.42,-0.02%,0
"2026-08-12 12:20",7746.81,7747.31,7746.42,7746.61,-0.11,0.00%,0
"2026-08-12 12:21",7746.53,7747.61,7746.03,7747.35,0.74,+0.01%,0
"2026-08-12 12:22",7747.26,7748.31,7747.12,7748.31,0.96,+0.01%,0
"2026-08-12 12:23",7748.27,7748.83,7747.96,7748.05,-0.26,0.00%,0
"2026-08-12 12:24",7748.19,7748.24,7747.23,7747.84,-0.21,0.00%,0
"2026-08-12 12:25",7747.94,7749.12,7747.82,7748.94,1.1,+0.01%,0
"2026-08-12 12:26",7748.9,7748.93,7748.01,7748.12,-0.82,-0.01%,0
"2026-08-12 12:27",7747.92,7747.92,7746.84,7747.62,-0.5,-0.01%,0
"2026-08-12 12:28",7747.62,7748.04,7747.2,7747.43,-0.19,0.00%,0
"2026-08-12 12:29",7747.37,7747.45,7746.87,7747.32,-0.11,0.00%,0
"2026-08-12 12:30",7747.3,7748.11,7747.24,7747.24,-0.08,0.00%,0
"2026-08-12 12:31",7747.28,7747.28,7744.8,7745.12,-2.12,-0.03%,0
"2026-08-12 12:32",7745.11,7746.66,7745.11,7746.66,1.54,+0.02%,0
"2026-08-12 12:33",7746.75,7747.08,7745.78,7745.86,-0.8,-0.01%,0
"2026-08-12 12:34",7745.99,7746.18,7744.69,7744.71,-1.15,-0.01%,0
"2026-08-12 12:35",7744.72,7746.19,7744.72,7745.39,0.68,+0.01%,0
"2026-08-12 12:36",7745.43,7747.12,7745.41,7746.16,0.77,+0.01%,0
"2026-08-12 12:37",7746.21,7748.29,7746.16,7748.29,2.13,+0.03%,0
"2026-08-12 12:38",7748.41,7749.46,7748.41,7748.9,0.61,+0.01%,0
"2026-08-12 12:39",7748.8,7750.5,7748.8,7750.5,1.6,+0.02%,0
"2026-08-12 12:40",7750.52,7750.91,7749.94,7750.84,0.34,0.00%,0
"2026-08-12 12:41",7750.82,7751.37,7750.74,7751.01,0.17,0.00%,0
"2026-08-12 12:42",7751.02,7751.14,7750.63,7750.83,-0.18,0.00%,0
"2026-08-12 12:43",7750.8,7751.23,7749.74,7749.8,-1.03,-0.01%,0
"2026-08-12 12:44",7749.87,7750.38,7749.56,7749.92,0.12,0.00%,0
"2026-08-12 12:45",7750.05,7750.27,7749.42,7749.5,-0.42,-0.01%,0
"2026-08-12 12:46",7749.46,7749.77,7748.65,7749.6,0.1,0.00%,0
"2026-08-12 12:47",7749.56,7750.25,7749.42,7749.82,0.22,0.00%,0
"2026-08-12 12:48",7749.68,7750.73,7749.51,7750.6,0.78,+0.01%,0
"2026-08-12 12:49",7750.63,7751.36,7750.59,7751.16,0.56,+0.01%,0
"2026-08-12 12:50",7751.11,7753.36,7751.06,7753.29,2.13,+0.03%,0
"2026-08-12 12:51",7753.25,7754.13,7753.24,7753.89,0.6,+0.01%,0
"2026-08-12 12:52",7753.87,7754.55,7752.93,7754.55,0.66,+0.01%,0
"2026-08-12 12:53",7754.5,7754.86,7754.29,7754.29,-0.26,0.00%,0
"2026-08-12 12:54",7754.21,7754.51,7753.46,7753.46,-0.83,-0.01%,0
"2026-08-12 12:55",7753.45,7753.6,7752.64,7752.84,-0.62,-0.01%,0
"2026-08-12 12:56",7752.81,7753.29,7752.62,7752.87,0.03,0.00%,0
"2026-08-12 12:57",7752.87,7753.22,7752.42,7752.58,-0.29,0.00%,0
"2026-08-12 12:58",7752.56,7752.65,7751.48,7751.61,-0.97,-0.01%,0
"2026-08-12 12:59",7751.46,7752.41,7751.41,7752.34,0.73,+0.01%,0
"2026-08-12 13:00",7752.34,7752.79,7751.68,7752.63,0.29,0.00%,0
"2026-08-12 13:01",7752.44,7753.65,7752.44,7753.26,0.63,+0.01%,0
"2026-08-12 13:02",7753.24,7753.33,7752.6,7752.83,-0.43,-0.01%,0
"2026-08-12 13:03",7752.7,7753.08,7752.27,7753.08,0.25,0.00%,0
"2026-08-12 13:04",7753.09,7753.96,7752.94,7753.44,0.36,0.00%,0
"2026-08-12 13:05",7753.39,7753.93,7752.95,7753.93,0.49,+0.01%,0
"2026-08-12 13:06",7753.98,7754.29,7753.32,7754.26,0.33,0.00%,0
"2026-08-12 13:07",7754.26,7755.37,7754.26,7755.34,1.08,+0.01%,0
"2026-08-12 13:08",7755.29,7755.62,7754.86,7754.99,-0.35,0.00%,0
"2026-08-12 13:09",7754.92,7754.92,7753.16,7753.23,-1.76,-0.02%,0
"2026-08-12 13:10",7753.2,7753.73,7752.71,7753.3,0.07,0.00%,0
"2026-08-12 13:11",7753.35,7753.46,7752.11,7752.21,-1.09,-0.01%,0
"2026-08-12 13:12",7752.02,7752.33,7751.12,7752.03,-0.18,0.00%,0
"2026-08-12 13:13",7752.05,7752.82,7752.05,7752.37,0.34,0.00%,0
"2026-08-12 13:14",7752.51,7753.34,7752.47,7753.33,0.96,+0.01%,0
"2026-08-12 13:15",7753.32,7753.36,7750.71,7750.88,-2.45,-0.03%,0
"2026-08-12 13:16",7750.81,7750.92,7749.66,7750.15,-0.73,-0.01%,0
"2026-08-12 13:17",7750.3,7750.57,7749.9,7749.97,-0.18,0.00%,0
"2026-08-12 13:18",7750.08,7750.34,7749.53,7749.69,-0.28,0.00%,0
"2026-08-12 13:19",7749.77,7750.39,7749.12,7750.39,0.7,+0.01%,0
"2026-08-12 13:20",7750.51,7751.61,7750.49,7751.07,0.68,+0.01%,0
"2026-08-12 13:21",7751.18,7751.49,7750.35,7751.18,0.11,0.00%,0
"2026-08-12 13:22",7751.16,7751.33,7750.09,7750.09,-1.09,-0.01%,0
"2026-08-12 13:23",7750.17,7750.42,7749.61,7749.73,-0.36,0.00%,0
"2026-08-12 13:24",7749.61,7750.7,7749.61,7750.35,0.62,+0.01%,0
"2026-08-12 13:25",7750.42,7751.28,7750.26,7751.28,0.93,+0.01%,0
"2026-08-12 13:26",7751.32,7752.4,7751.32,7752.4,1.12,+0.01%,0
"2026-08-12 13:27",7752.42,7752.66,7751.77,7752.35,-0.05,0.00%,0
"2026-08-12 13:28",7752.33,7752.34,7751.38,7751.66,-0.69,-0.01%,0
"2026-08-12 13:29",7751.66,7751.71,7750.72,7751.08,-0.58,-0.01%,0
"2026-08-12 13:30",7751.21,7751.47,7750.42,7750.71,-0.37,0.00%,0
"2026-08-12 13:31",7750.84,7751.56,7750.71,7751.04,0.33,0.00%,0
"2026-08-12 13:32",7751.03,7752.32,7751.03,7751.91,0.87,+0.01%,0
"2026-08-12 13:33",7751.91,7753.03,7751.4,7752.23,0.32,0.00%,0
"2026-08-12 13:34",7752.35,7752.45,7751.52,7752.23,0,0.00%,0
"2026-08-12 13:35",7752.27,7752.27,7751.2,7751.29,-0.94,-0.01%,0
"2026-08-12 13:36",7751.33,7752.54,7751.28,7752.54,1.25,+0.02%,0
"2026-08-12 13:37",7752.72,7752.84,7752.32,7752.55,0.01,0.00%,0
"2026-08-12 13:38",7752.5,7752.56,7751.68,7751.68,-0.87,-0.01%,0
"2026-08-12 13:39",7751.69,7751.93,7750.67,7751.52,-0.16,0.00%,0
"2026-08-12 13:40",7751.62,7752.36,7750.65,7751.83,0.31,0.00%,0
"2026-08-12 13:41",7751.79,7752.27,7751.61,7752.2,0.37,0.00%,0
"2026-08-12 13:42",7752.15,7752.64,7752.03,7752.43,0.23,0.00%,0
"2026-08-12 13:43",7752.46,7752.6,7752.12,7752.47,0.04,0.00%,0
"2026-08-12 13:44",7752.45,7752.56,7751.39,7751.69,-0.78,-0.01%,0
"2026-08-12 13:45",7751.52,7752.05,7751.21,7751.21,-0.48,-0.01%,0
"2026-08-12 13:46",7751.3,7752.04,7751.11,7751.72,0.51,+0.01%,0
"2026-08-12 13:47",7751.8,7752.24,7751.69,7751.69,-0.03,0.00%,0
"2026-08-12 13:48",7751.81,7752.01,7750.38,7750.74,-0.95,-0.01%,0
"2026-08-12 13:49",7750.66,7751.1,7750.33,7750.34,-0.4,-0.01%,0
"2026-08-12 13:50",7750.38,7751.56,7749.95,7751.56,1.22,+0.02%,0
"2026-08-12 13:51",7751.57,7752.49,7751.35,7751.73,0.17,0.00%,0
"2026-08-12 13:52",7751.73,7752.31,7751.44,7752.09,0.36,0.00%,0
"2026-08-12 13:53",7752.05,7752.64,7751.71,7751.71,-0.38,0.00%,0
"2026-08-12 13:54",7751.48,7751.48,7750.16,7750.57,-1.14,-0.01%,0
"2026-08-12 13:55",7750.57,7750.78,7749.59,7749.75,-0.82,-0.01%,0
"2026-08-12 13:56",7749.74,7751.08,7749.74,7750.87,1.12,+0.01%,0
"2026-08-12 13:57",7750.89,7751.13,7750.73,7751.02,0.15,0.00%,0
"2026-08-12 13:58",7751.14,7751.73,7750.7,7751.72,0.7,+0.01%,0
"2026-08-12 13:59",7751.73,7751.75,7751.21,7751.28,-0.44,-0.01%,0
"2026-08-12 14:00",7751.21,7751.89,7750.67,7750.7,-0.58,-0.01%,0
"2026-08-12 14:01",7750.68,7751.36,7750.28,7750.96,0.26,0.00%,0
"2026-08-12 14:02",7751.1,7751.41,7750.69,7751.13,0.17,0.00%,0
"2026-08-12 14:03",7751.14,7751.67,7751.1,7751.35,0.22,0.00%,0
"2026-08-12 14:04",7751.38,7752.02,7751.38,7751.72,0.37,0.00%,0
"2026-08-12 14:05",7751.69,7752.14,7751.14,7752.1,0.38,0.00%,0
"2026-08-12 14:06",7752.04,7752.04,7750.96,7751.12,-0.98,-0.01%,0
"2026-08-12 14:07",7751.2,7751.5,7750.91,7751.18,0.06,0.00%,0
"2026-08-12 14:08",7751.17,7751.84,7751.12,7751.32,0.14,0.00%,0
"2026-08-12 14:09",7751.18,7751.55,7750.91,7751.32,0,0.00%,0
"2026-08-12 14:10",7751.33,7752.06,7751.33,7751.79,0.47,+0.01%,0
"2026-08-12 14:11",7751.84,7754.15,7751.84,7754.13,2.34,+0.03%,0
"2026-08-12 14:12",7754.24,7754.55,7753.65,7754.13,0,0.00%,0
"2026-08-12 14:13",7754.07,7754.37,7753.87,7754.3,0.17,0.00%,0
"2026-08-12 14:14",7754.41,7754.41,7753.81,7753.83,-0.47,-0.01%,0
"2026-08-12 14:15",7753.81,7753.84,7752.95,7753.65,-0.18,0.00%,0
"2026-08-12 14:16",7753.59,7754,7753.27,7753.54,-0.11,0.00%,0
"2026-08-12 14:17",7753.51,7753.51,7752.44,7752.56,-0.98,-0.01%,0
"2026-08-12 14:18",7752.57,7752.74,7752.22,7752.74,0.18,0.00%,0
"2026-08-12 14:19",7752.85,7753.85,7752.81,7753.78,1.04,+0.01%,0
"2026-08-12 14:20",7753.84,7754.05,7752.23,7752.36,-1.42,-0.02%,0
"2026-08-12 14:21",7752.43,7753.77,7752.27,7753.77,1.41,+0.02%,0
"2026-08-12 14:22",7753.83,7753.86,7753.44,7753.83,0.06,0.00%,0
"2026-08-12 14:23",7753.72,7753.72,7753.2,7753.35,-0.48,-0.01%,0
"2026-08-12 14:24",7753.46,7754.77,7753.46,7754.77,1.42,+0.02%,0
"2026-08-12 14:25",7754.74,7755.4,7753.91,7753.91,-0.86,-0.01%,0
"2026-08-12 14:26",7753.98,7754.53,7753.84,7754.53,0.62,+0.01%,0
"2026-08-12 14:27",7754.54,7754.66,7754.02,7754.36,-0.17,0.00%,0
"2026-08-12 14:28",7754.37,7754.48,7753.88,7754.33,-0.03,0.00%,0
"2026-08-12 14:29",7754.16,7754.45,7753.32,7753.42,-0.91,-0.01%,0
"2026-08-12 14:30",7753.45,7754.72,7753.34,7754.56,1.14,+0.01%,0
"2026-08-12 14:31",7754.73,7755.72,7754.02,7755.72,1.16,+0.01%,0
"2026-08-12 14:32",7755.72,7756.73,7755.71,7756.71,0.99,+0.01%,0
"2026-08-12 14:33",7756.64,7756.93,7756.23,7756.31,-0.4,-0.01%,0
"2026-08-12 14:34",7756.34,7756.53,7755.82,7756.03,-0.28,0.00%,0
"2026-08-12 14:35",7756.01,7756.67,7755.89,7756.59,0.56,+0.01%,0
"2026-08-12 14:36",7756.65,7757.26,7756.61,7756.97,0.38,0.00%,0
"2026-08-12 14:37",7757,7757.21,7756.75,7756.9,-0.07,0.00%,0
"2026-08-12 14:38",7756.94,7757.07,7756.72,7757,0.1,0.00%,0
"2026-08-12 14:39",7757.04,7757.22,7756.34,7756.59,-0.41,-0.01%,0
"2026-08-12 14:40",7756.64,7758.3,7756.61,7758.21,1.62,+0.02%,0
"2026-08-12 14:41",7758.39,7758.95,7758.19,7758.75,0.54,+0.01%,0
"2026-08-12 14:42",7758.78,7758.91,7758.06,7758.29,-0.46,-0.01%,0
"2026-08-12 14:43",7758.29,7758.76,7757.89,7758.34,0.05,0.00%,0
"2026-08-12 14:44",7758.25,7758.31,7757.9,7758.01,-0.33,0.00%,0
"2026-08-12 14:45",7758.04,7758.04,7756.78,7756.85,-1.16,-0.01%,0
"2026-08-12 14:46",7756.96,7757.91,7756.57,7757.7,0.85,+0.01%,0
"2026-08-12 14:47",7757.74,7757.79,7756.46,7757.08,-0.62,-0.01%,0
"2026-08-12 14:48",7757.19,7758.05,7757.19,7757.82,0.74,+0.01%,0
"2026-08-12 14:49",7757.94,7758.1,7757.57,7757.82,0,0.00%,0
"2026-08-12 14:50",7757.88,7758.53,7757.84,7757.95,0.13,0.00%,0
"2026-08-12 14:51",7757.96,7758.67,7757.81,7758.56,0.61,+0.01%,0
"2026-08-12 14:52",7758.52,7758.93,7757.88,7757.98,-0.58,-0.01%,0
"2026-08-12 14:53",7758.02,7758.02,7757.4,7757.47,-0.51,-0.01%,0
"2026-08-12 14:54",7757.43,7757.43,7756.97,7757.04,-0.43,-0.01%,0
"2026-08-12 14:55",7757.01,7757.01,7755.92,7756.28,-0.76,-0.01%,0
"2026-08-12 14:56",7756,7756.27,7755.53,7755.53,-0.75,-0.01%,0
"2026-08-12 14:57",7755.58,7755.63,7753.41,7753.43,-2.1,-0.03%,0
"2026-08-12 14:58",7753.53,7754.38,7753.53,7753.9,0.47,+0.01%,0
"2026-08-12 14:59",7753.9,7754.38,7753.43,7753.43,-0.47,-0.01%,0
"2026-08-12 15:00",7753.27,7755.45,7753.27,7755.45,2.02,+0.03%,0
"2026-08-12 15:01",7755.48,7755.58,7754.63,7755.55,0.1,0.00%,0
"2026-08-12 15:02",7755.6,7755.6,7754.47,7755.36,-0.19,0.00%,0
"2026-08-12 15:03",7755.23,7755.51,7754.66,7755.17,-0.19,0.00%,0
"2026-08-12 15:04",7755.07,7755.43,7754.85,7755.17,0,0.00%,0
"2026-08-12 15:05",7754.95,7756.03,7754.95,7755.99,0.82,+0.01%,0
"2026-08-12 15:06",7756.11,7756.44,7755.94,7756.03,0.04,0.00%,0
"2026-08-12 15:07",7755.86,7756.17,7755.41,7755.64,-0.39,-0.01%,0
"2026-08-12 15:08",7755.48,7755.64,7754.96,7755.52,-0.12,0.00%,0
"2026-08-12 15:09",7755.42,7755.53,7754.61,7754.66,-0.86,-0.01%,0
"2026-08-12 15:10",7754.72,7755.06,7754.21,7754.23,-0.43,-0.01%,0
"2026-08-12 15:11",7754.19,7754.91,7753.85,7754.28,0.05,0.00%,0
"2026-08-12 15:12",7754.07,7754.13,7753.31,7753.42,-0.86,-0.01%,0
"2026-08-12 15:13",7753.61,7754.32,7753.57,7754.13,0.71,+0.01%,0
"2026-08-12 15:14",7754.21,7754.21,7752.81,7753.38,-0.75,-0.01%,0
"2026-08-12 15:15",7753.3,7754.24,7752.97,7753.2,-0.18,0.00%,0
"2026-08-12 15:16",7753.18,7754.31,7753.18,7754.3,1.1,+0.01%,0
"2026-08-12 15:17",7754.23,7754.66,7754.05,7754.27,-0.03,0.00%,0
"2026-08-12 15:18",7754.27,7754.69,7753.97,7754.18,-0.09,0.00%,0
"2026-08-12 15:19",7754.15,7754.21,7753.68,7754.11,-0.07,0.00%,0
"2026-08-12 15:20",7754.06,7754.28,7752.23,7752.33,-1.78,-0.02%,0
"2026-08-12 15:21",7752.3,7752.4,7750.67,7751.14,-1.19,-0.02%,0
"2026-08-12 15:22",7751.01,7751.66,7750.91,7751.58,0.44,+0.01%,0
"2026-08-12 15:23",7751.6,7751.6,7750.99,7751.49,-0.09,0.00%,0
"2026-08-12 15:24",7751.42,7752.15,7751.17,7751.2,-0.29,0.00%,0
"2026-08-12 15:25",7751.12,7752.02,7750.98,7751.87,0.67,+0.01%,0
"2026-08-12 15:26",7751.83,7752.35,7751.56,7751.96,0.09,0.00%,0
"2026-08-12 15:27",7751.95,7752.17,7750.85,7751.03,-0.93,-0.01%,0
"2026-08-12 15:28",7751.04,7751.38,7750.72,7751.17,0.14,0.00%,0
"2026-08-12 15:29",7751.23,7752.16,7750.92,7752.06,0.89,+0.01%,0
"2026-08-12 15:30",7752.1,7752.1,7750.49,7751.3,-0.76,-0.01%,0
"2026-08-12 15:31",7751.25,7752.3,7751,7751.9,0.6,+0.01%,0
"2026-08-12 15:32",7752.02,7752.45,7751.76,7751.76,-0.14,0.00%,0
"2026-08-12 15:33",7751.73,7751.84,7750.55,7750.94,-0.82,-0.01%,0
"2026-08-12 15:34",7750.68,7751.39,7750.19,7751.07,0.13,0.00%,0
"2026-08-12 15:35",7751.14,7751.71,7750.93,7751.44,0.37,0.00%,0
"2026-08-12 15:36",7751.55,7752,7751.35,7751.76,0.32,0.00%,0
"2026-08-12 15:37",7751.89,7751.9,7751.13,7751.43,-0.33,0.00%,0
"2026-08-12 15:38",7751.42,7752.37,7751.33,7751.98,0.55,+0.01%,0
"2026-08-12 15:39",7751.96,7751.96,7750.76,7751.1,-0.88,-0.01%,0
"2026-08-12 15:40",7751.2,7751.42,7749.9,7750.42,-0.68,-0.01%,0
"2026-08-12 15:41",7750.72,7750.72,7749.56,7749.62,-0.8,-0.01%,0
"2026-08-12 15:42",7749.67,7749.79,7748.15,7748.34,-1.28,-0.02%,0
"2026-08-12 15:43",7748.28,7749.83,7747.98,7749.72,1.38,+0.02%,0
"2026-08-12 15:44",7749.71,7750.94,7749.55,7750.94,1.22,+0.02%,0
"2026-08-12 15:45",7750.93,7752.1,7750.29,7750.57,-0.37,0.00%,0
"2026-08-12 15:46",7750.49,7750.67,7749.41,7749.66,-0.91,-0.01%,0
"2026-08-12 15:47",7749.75,7751.85,7749.75,7751.84,2.18,+0.03%,0
"2026-08-12 15:48",7751.82,7752.4,7750.84,7752.28,0.44,+0.01%,0
"2026-08-12 15:49",7752.25,7752.69,7751.34,7751.5,-0.78,-0.01%,0
"2026-08-12 15:50",7751.69,7751.69,7747.2,7747.45,-4.05,-0.05%,0
"2026-08-12 15:51",7747.42,7747.48,7746.1,7746.65,-0.8,-0.01%,0
"2026-08-12 15:52",7746.52,7747.31,7746.46,7746.97,0.32,0.00%,0
"2026-08-12 15:53",7747.01,7747.42,7745.88,7747.18,0.21,0.00%,0
"2026-08-12 15:54",7747.21,7747.47,7745.11,7745.75,-1.43,-0.02%,0
"2026-08-12 15:55",7745.45,7745.45,7742.92,7743.55,-2.2,-0.03%,0
"2026-08-12 15:56",7743.56,7745.19,7743.26,7745.19,1.64,+0.02%,0
"2026-08-12 15:57",7745.43,7745.67,7743.66,7745.34,0.15,0.00%,0
"2026-08-12 15:58",7745.41,7746.44,7745.2,7746.37,1.03,+0.01%,0
"2026-08-12 15:59",7746.83,7749.44,7746.2,7748.71,2.34,+0.03%,0
"2026-08-12 16:00",7748.58,7748.58,7748.5,7748.53,-0.18,0.00%,0
"2026-08-12 16:01",7748.53,7748.53,7748.53,7748.53,0,0.00%,0
"2026-08-12 16:02",7748.53,7748.53,7748.51,7748.51,-0.02,0.00%,0
"2026-08-12 16:03",7748.51,7748.53,7748.5,7748.51,0,0.00%,0
"2026-08-12 16:04",7748.51,7748.53,7748.49,7748.5,-0.01,0.00%,0
"2026-08-12 16:05",7748.5,7748.5,7748.5,7748.5,0,0.00%,0
"2026-08-12 16:06",7748.5,7748.5,7748.5,7748.5,0,0.00%,0
"2026-08-12 16:07",7748.5,7748.5,7748.5,7748.5,0,0.00%,0
"2026-08-12 16:08",7748.5,7748.5,7748.5,7748.5,0,0.00%,0
"2026-08-12 16:09",7748.5,7748.5,7748.5,7748.5,0,0.00%,0
"2026-08-12 16:10",7748.5,7748.5,7748.5,7748.5,0,0.00%,0
"2026-08-12 16:11",7748.5,7748.5,7748.5,7748.5,0,0.00%,0
"2026-08-12 16:12",7748.5,7748.5,7748.5,7748.5,0,0.00%,0
"2026-08-12 16:13",7748.5,7748.5,7748.5,7748.5,0,0.00%,0
"2026-08-12 16:14",7748.5,7748.5,7748.5,7748.5,0,0.00%,0
"2026-08-12 16:15",7748.5,7748.5,7748.5,7748.5,0,0.00%,0
"2026-08-12 16:16",7748.5,7748.5,7748.5,7748.5,0,0.00%,0
"2026-08-12 16:17",7748.5,7748.5,7748.5,7748.5,0,0.00%,0
"2026-08-12 16:18",7748.5,7748.5,7748.5,7748.5,0,0.00%,0
"2026-08-12 16:19",7748.5,7748.5,7748.5,7748.5,0,0.00%,0
"2026-08-12 16:20",7748.5,7748.5,7748.5,7748.5,0,0.00%,0
"2026-08-12 16:36",7748.5,7748.5,7748.5,7748.5,0,0.00%,0
"2026-08-13 09:30",7763.18,7773.28,7763.18,7765.03,16.53,+0.21%,0
"2026-08-13 09:31",7764.39,7769.19,7764.36,7767.86,2.83,+0.04%,0
"2026-08-13 09:32",7767.66,7771.47,7767.32,7770.9,3.04,+0.04%,0
"2026-08-13 09:33",7770.4,7773.96,7770.4,7772.81,1.91,+0.02%,0
"2026-08-13 09:34",7773.32,7777.33,7773.04,7776.44,3.63,+0.05%,0
"2026-08-13 09:35",7776.54,7781.14,7776.41,7779.89,3.45,+0.04%,0
"2026-08-13 09:36",7780.09,7783.57,7780.09,7783.57,3.68,+0.05%,0
"2026-08-13 09:37",7783.67,7785.46,7783.39,7783.53,-0.04,0.00%,0
"2026-08-13 09:38",7783.9,7784.72,7782.24,7783.68,0.15,0.00%,0
"2026-08-13 09:39",7784.05,7787.16,7782.72,7786.89,3.21,+0.04%,0
"2026-08-13 09:40",7787.07,7787.14,7785.59,7785.62,-1.27,-0.02%,0
"2026-08-13 09:41",7785.74,7786.76,7783.95,7783.96,-1.66,-0.02%,0
"2026-08-13 09:42",7783.73,7784.47,7783.13,7783.78,-0.18,0.00%,0
"2026-08-13 09:43",7783.63,7783.95,7780.56,7780.82,-2.96,-0.04%,0
"2026-08-13 09:44",7780.54,7781.49,7779.15,7779.92,-0.9,-0.01%,0
"2026-08-13 09:45",7779.92,7786.44,7779.47,7786.31,6.39,+0.08%,0
"2026-08-13 09:46",7786.48,7789.13,7786.48,7788.94,2.63,+0.03%,0
"2026-08-13 09:47",7788.86,7791.14,7788.53,7790.88,1.94,+0.02%,0
"2026-08-13 09:48",7791,7793.07,7791,7791.72,0.84,+0.01%,0
"2026-08-13 09:49",7791.54,7793.19,7790.54,7793.1,1.38,+0.02%,0
"2026-08-13 09:50",7792.4,7792.65,7789.91,7792.44,-0.66,-0.01%,0
"2026-08-13 09:51",7792.42,7792.99,7790.97,7792.92,0.48,+0.01%,0
"2026-08-13 09:52",7793.02,7793.47,7791.11,7793.47,0.55,+0.01%,0
"2026-08-13 09:53",7792.99,7792.99,7791.58,7791.69,-1.78,-0.02%,0
"2026-08-13 09:54",7791.57,7794.82,7791.57,7794.61,2.92,+0.04%,0
"2026-08-13 09:55",7794.52,7794.88,7792.7,7793.22,-1.39,-0.02%,0
"2026-08-13 09:56",7793.3,7796.66,7792.4,7796.66,3.44,+0.04%,0
"2026-08-13 09:57",7796.63,7797.29,7795.91,7797.19,0.53,+0.01%,0
"2026-08-13 09:58",7797.14,7800.13,7796.91,7799.08,1.89,+0.02%,0
"2026-08-13 09:59",7799.26,7800.17,7798.78,7799.71,0.63,+0.01%,0
"2026-08-13 10:00",7799.48,7802.29,7797.62,7802.16,2.45,+0.03%,0
"2026-08-13 10:01",7802.18,7802.92,7801.4,7802.84,0.68,+0.01%,0
"2026-08-13 10:02",7802.85,7805.25,7802.85,7805.19,2.35,+0.03%,0
"2026-08-13 10:03",7805.36,7805.41,7802.39,7803.51,-1.68,-0.02%,0
"2026-08-13 10:04",7803.8,7805.38,7802.57,7805.38,1.87,+0.02%,0
"2026-08-13 10:05",7805.48,7806.86,7805.09,7805.6,0.22,0.00%,0
"2026-08-13 10:06",7805.7,7805.8,7804.13,7804.97,-0.63,-0.01%,0
"2026-08-13 10:07",7804.75,7805.17,7802.67,7803.62,-1.35,-0.02%,0
"2026-08-13 10:08",7803.76,7804.02,7802.88,7803.76,0.14,0.00%,0
"2026-08-13 10:09",7804.08,7805.67,7804,7804.52,0.76,+0.01%,0
"2026-08-13 10:10",7804.56,7805.61,7804.56,7805.18,0.66,+0.01%,0
"2026-08-13 10:11",7805.33,7807.89,7804.93,7807.65,2.47,+0.03%,0
"2026-08-13 10:12",7807.58,7808.5,7806.82,7808.08,0.43,+0.01%,0
"2026-08-13 10:13",7808.07,7809.32,7807.57,7808.42,0.34,0.00%,0
"2026-08-13 10:14",7808.56,7808.79,7807.29,7808.61,0.19,0.00%,0
"2026-08-13 10:15",7808.65,7808.84,7807.55,7808.44,-0.17,0.00%,0
"2026-08-13 10:16",7808.28,7808.32,7805.92,7806.41,-2.03,-0.03%,0
"2026-08-13 10:17",7806.42,7806.42,7803.7,7806.34,-0.07,0.00%,0
"2026-08-13 10:18",7806.44,7809.29,7806.32,7808.71,2.37,+0.03%,0
"2026-08-13 10:19",7808.59,7809.61,7808.52,7808.96,0.25,0.00%,0
"2026-08-13 10:20",7808.97,7809.1,7807.35,7808.87,-0.09,0.00%,0
"2026-08-13 10:21",7809.05,7811.6,7808.75,7811.45,2.58,+0.03%,0
"2026-08-13 10:22",7811.51,7813.05,7811.32,7812.75,1.3,+0.02%,0
"2026-08-13 10:23",7812.73,7814.51,7812.73,7813.87,1.12,+0.01%,0
"2026-08-13 10:24",7813.9,7814.15,7813.15,7813.15,-0.72,-0.01%,0
"2026-08-13 10:25",7813.06,7813.96,7812.26,7813.51,0.36,0.00%,0
"2026-08-13 10:26",7813.59,7813.79,7812.3,7812.77,-0.74,-0.01%,0
"2026-08-13 10:27",7812.77,7813.66,7812.48,7813.02,0.25,0.00%,0
"2026-08-13 10:28",7813.13,7815.46,7812.72,7815.08,2.06,+0.03%,0
"2026-08-13 10:29",7815.05,7815.54,7814.69,7815.09,0.01,0.00%,0
"2026-08-13 10:30",7814.88,7814.99,7813.37,7813.54,-1.55,-0.02%,0
"2026-08-13 10:31",7813.59,7815.71,7813.13,7815.71,2.17,+0.03%,0
"2026-08-13 10:32",7815.69,7816.7,7815.42,7815.55,-0.16,0.00%,0
"2026-08-13 10:33",7815.52,7815.73,7813.58,7813.93,-1.62,-0.02%,0
"2026-08-13 10:34",7813.9,7815.52,7813.86,7815.23,1.3,+0.02%,0
"2026-08-13 10:35",7815.38,7816.69,7814.1,7816.31,1.08,+0.01%,0
"2026-08-13 10:36",7816.24,7816.26,7815.05,7815.74,-0.57,-0.01%,0
"2026-08-13 10:37",7815.57,7815.57,7814.03,7814.27,-1.47,-0.02%,0
"2026-08-13 10:38",7814.34,7814.34,7811.55,7812.13,-2.14,-0.03%,0
"2026-08-13 10:39",7812.42,7814.55,7812.37,7813.86,1.73,+0.02%,0
"2026-08-13 10:40",7813.88,7814.36,7812.79,7812.8,-1.06,-0.01%,0
"2026-08-13 10:41",7812.93,7812.93,7811.09,7811.09,-1.71,-0.02%,0
"2026-08-13 10:42",7810.96,7811.88,7810.34,7811.53,0.44,+0.01%,0
"2026-08-13 10:43",7811.59,7811.59,7809.09,7810.19,-1.34,-0.02%,0
"2026-08-13 10:44",7810.03,7810.68,7808.87,7808.92,-1.27,-0.02%,0
"2026-08-13 10:45",7808.79,7808.79,7805.4,7805.4,-3.52,-0.05%,0
"2026-08-13 10:46",7805.45,7807.03,7804.97,7806.68,1.28,+0.02%,0
"2026-08-13 10:47",7806.63,7807.39,7804.14,7804.36,-2.32,-0.03%,0
"2026-08-13 10:48",7804.42,7805.16,7801.87,7801.97,-2.39,-0.03%,0
"2026-08-13 10:49",7802.02,7802.13,7799.33,7799.59,-2.38,-0.03%,0
"2026-08-13 10:50",7799.72,7801.83,7799.03,7799.1,-0.49,-0.01%,0
"2026-08-13 10:51",7799.08,7801.52,7799.06,7801.32,2.22,+0.03%,0
"2026-08-13 10:52",7801.36,7801.81,7800.28,7800.95,-0.37,0.00%,0
"2026-08-13 10:53",7800.98,7801.07,7799.77,7800.68,-0.27,0.00%,0
"2026-08-13 10:54",7800.73,7801.58,7799.97,7801.58,0.9,+0.01%,0
"2026-08-13 10:55",7801.77,7801.77,7797.37,7797.6,-3.98,-0.05%,0
"2026-08-13 10:56",7797.5,7799.56,7797.38,7798.89,1.29,+0.02%,0
"2026-08-13 10:57",7798.8,7801.14,7798.8,7801.14,2.25,+0.03%,0
"2026-08-13 10:58",7801.12,7802.36,7800.44,7802.24,1.1,+0.01%,0
"2026-08-13 10:59",7802.29,7802.29,7800.45,7800.91,-1.33,-0.02%,0
"2026-08-13 11:00",7800.9,7804.62,7800.24,7804.27,3.36,+0.04%,0
"2026-08-13 11:01",7804.16,7805.09,7804.03,7804.66,0.39,0.00%,0
"2026-08-13 11:02",7804.84,7805.08,7802.03,7802.03,-2.63,-0.03%,0
"2026-08-13 11:03",7802,7802.12,7798.83,7798.83,-3.2,-0.04%,0
"2026-08-13 11:04",7798.91,7799.07,7797.2,7797.39,-1.44,-0.02%,0
"2026-08-13 11:05",7797.34,7799.4,7797.34,7799.4,2.01,+0.03%,0
"2026-08-13 11:06",7799.4,7799.41,7796.81,7796.93,-2.47,-0.03%,0
"2026-08-13 11:07",7796.86,7797.27,7795.72,7795.96,-0.97,-0.01%,0
"2026-08-13 11:08",7794.89,7795.7,7793.55,7793.94,-2.02,-0.03%,0
"2026-08-13 11:09",7793.92,7795.89,7793.92,7795.79,1.85,+0.02%,0
"2026-08-13 11:10",7795.67,7796.49,7794.98,7796.02,0.23,0.00%,0
"2026-08-13 11:11",7795.96,7796.59,7795.74,7795.91,-0.11,0.00%,0
"2026-08-13 11:12",7795.81,7796.44,7794.05,7794.26,-1.65,-0.02%,0
"2026-08-13 11:13",7793.81,7795.26,7793.62,7795.12,0.86,+0.01%,0
"2026-08-13 11:14",7794.97,7795.19,7794.4,7794.53,-0.59,-0.01%,0
"2026-08-13 11:15",7794.85,7794.93,7793.62,7794.93,0.4,+0.01%,0
"2026-08-13 11:16",7794.9,7794.9,7793.45,7793.77,-1.16,-0.01%,0
"2026-08-13 11:17",7793.56,7795.27,7793.43,7793.81,0.04,0.00%,0
"2026-08-13 11:18",7794.05,7794.3,7790.45,7790.98,-2.83,-0.04%,0
"2026-08-13 11:19",7791.17,7794.93,7791.13,7794.82,3.84,+0.05%,0
"2026-08-13 11:20",7794.86,7795.38,7794.45,7794.75,-0.07,0.00%,0
"2026-08-13 11:21",7794.74,7795.63,7793.88,7794.83,0.08,0.00%,0
"2026-08-13 11:22",7794.75,7794.85,7792.06,7792.87,-1.96,-0.03%,0
"2026-08-13 11:23",7792.86,7792.86,7791.72,7792.26,-0.61,-0.01%,0
"2026-08-13 11:24",7792.73,7793.36,7792.4,7792.64,0.38,0.00%,0
"2026-08-13 11:25",7792.43,7792.56,7789.61,7789.61,-3.03,-0.04%,0
"2026-08-13 11:26",7789.56,7790.4,7788.47,7790.39,0.78,+0.01%,0
"2026-08-13 11:27",7790.25,7790.81,7786.4,7787.41,-2.98,-0.04%,0
"2026-08-13 11:28",7787.51,7787.59,7782.42,7782.9,-4.51,-0.06%,0
"2026-08-13 11:29",7782.73,7785.19,7782.35,7784.2,1.3,+0.02%,0
"2026-08-13 11:30",7784.18,7785.26,7783.5,7784.43,0.23,0.00%,0
"2026-08-13 11:31",7783.92,7785.75,7783.76,7784.58,0.15,0.00%,0
"2026-08-13 11:32",7784.26,7784.7,7783.04,7783.04,-1.54,-0.02%,0
"2026-08-13 11:33",7783.07,7784.13,7782.83,7783.45,0.41,+0.01%,0
"2026-08-13 11:34",7782.99,7783.13,7780.03,7780.06,-3.39,-0.04%,0
"2026-08-13 11:35",7780.1,7783.55,7780.1,7783.06,3,+0.04%,0
"2026-08-13 11:36",7782.99,7783.33,7780.35,7781.8,-1.26,-0.02%,0
"2026-08-13 11:37",7781.99,7782.15,7780.53,7781.24,-0.56,-0.01%,0
"2026-08-13 11:38",7781.27,7781.46,7779.15,7780.79,-0.45,-0.01%,0
"2026-08-13 11:39",7780.51,7782.39,7780.13,7782.23,1.44,+0.02%,0
"2026-08-13 11:40",7782.44,7782.44,7779.57,7780.19,-2.04,-0.03%,0
"2026-08-13 11:41",7780.45,7783.58,7780.45,7783.58,3.39,+0.04%,0
"2026-08-13 11:42",7783.57,7786.36,7783.57,7785.85,2.27,+0.03%,0
"2026-08-13 11:43",7786.09,7786.09,7784.6,7784.6,-1.25,-0.02%,0
"2026-08-13 11:44",7784.58,7785.02,7783.31,7783.31,-1.29,-0.02%,0
"2026-08-13 11:45",7783.19,7783.19,7781.62,7781.97,-1.34,-0.02%,0
"2026-08-13 11:46",7781.95,7783.75,7781.95,7783.43,1.46,+0.02%,0
"2026-08-13 11:47",7783.44,7783.87,7782.45,7782.78,-0.65,-0.01%,0
"2026-08-13 11:48",7782.76,7783.03,7781.93,7781.97,-0.81,-0.01%,0
"2026-08-13 11:49",7781.91,7782.42,7780.23,7782.34,0.37,0.00%,0
"2026-08-13 11:50",7782.4,7782.45,7781.22,7781.3,-1.04,-0.01%,0
"2026-08-13 11:51",7781.59,7781.66,7779.48,7779.56,-1.74,-0.02%,0
"2026-08-13 11:52",7779.92,7779.97,7778.48,7779.61,0.05,0.00%,0
"2026-08-13 11:53",7779.67,7780.49,7779.07,7780.34,0.73,+0.01%,0
"2026-08-13 11:54",7780.36,7780.66,7779,7779.12,-1.22,-0.02%,0
"2026-08-13 11:55",7779.25,7780.28,7778.8,7779.69,0.57,+0.01%,0
"2026-08-13 11:56",7779.6,7780.79,7779.55,7780.79,1.1,+0.01%,0
"2026-08-13 11:57",7780.76,7781.7,7779.25,7779.26,-1.53,-0.02%,0
"2026-08-13 11:58",7779.36,7779.43,7777.61,7778.02,-1.24,-0.02%,0
"2026-08-13 11:59",7777.93,7777.93,7776.92,7777.87,-0.15,0.00%,0
"2026-08-13 12:00",7777.86,7779.78,7777.72,7779.73,1.86,+0.02%,0
"2026-08-13 12:01",7779.78,7781.41,7779.41,7781.35,1.62,+0.02%,0
"2026-08-13 12:02",7781.37,7783.35,7781.14,7783.1,1.75,+0.02%,0
"2026-08-13 12:03",7783.05,7783.54,7781.7,7783.36,0.26,0.00%,0
"2026-08-13 12:04",7783.33,7783.43,7781.51,7781.51,-1.85,-0.02%,0
"2026-08-13 12:05",7781.57,7784.45,7781.57,7784.3,2.79,+0.04%,0
"2026-08-13 12:06",7784.29,7785.46,7784.1,7784.1,-0.2,0.00%,0
"2026-08-13 12:07",7784.03,7784.58,7783.3,7783.52,-0.58,-0.01%,0
"2026-08-13 12:08",7783.49,7783.92,7783.37,7783.81,0.29,0.00%,0
"2026-08-13 12:09",7783.77,7783.91,7782.3,7782.75,-1.06,-0.01%,0
"2026-08-13 12:10",7782.81,7783.46,7782.59,7782.95,0.2,0.00%,0
"2026-08-13 12:11",7782.85,7784.11,7782.85,7783,0.05,0.00%,0
"2026-08-13 12:12",7782.6,7783.33,7781.69,7781.81,-1.19,-0.02%,0
"2026-08-13 12:13",7781.76,7781.76,7780.27,7780.78,-1.03,-0.01%,0
"2026-08-13 12:14",7780.66,7780.74,7779.69,7779.95,-0.83,-0.01%,0
"2026-08-13 12:15",7780.05,7781.34,7780.05,7780.45,0.5,+0.01%,0
"2026-08-13 12:16",7780.43,7780.8,7779.65,7779.65,-0.8,-0.01%,0
"2026-08-13 12:17",7779.71,7780.71,7779.37,7780.35,0.7,+0.01%,0
"2026-08-13 12:18",7780.34,7781.13,7779.81,7780.08,-0.27,0.00%,0
"2026-08-13 12:19",7780.1,7781.33,7779.92,7781.33,1.25,+0.02%,0
"2026-08-13 12:20",7781.29,7782.24,7780.44,7782.24,0.91,+0.01%,0
"2026-08-13 12:21",7782.26,7782.49,7781.71,7782.2,-0.04,0.00%,0
"2026-08-13 12:22",7782.37,7783.4,7782.24,7783.12,0.92,+0.01%,0
"2026-08-13 12:23",7783.08,7783.15,7782.56,7782.62,-0.5,-0.01%,0
"2026-08-13 12:24",7782.75,7783.59,7782.67,7783.59,0.97,+0.01%,0
"2026-08-13 12:25",7783.52,7786.57,7783.3,7786.44,2.85,+0.04%,0
"2026-08-13 12:26",7786.41,7786.68,7786.03,7786.63,0.19,0.00%,0
"2026-08-13 12:27",7786.46,7787.62,7786.35,7786.83,0.2,0.00%,0
"2026-08-13 12:28",7786.69,7787.26,7786.22,7786.69,-0.14,0.00%,0
"2026-08-13 12:29",7786.82,7787.83,7786.74,7787.83,1.14,+0.01%,0
"2026-08-13 12:30",7787.8,7788.99,7787.8,7788.99,1.16,+0.01%,0
"2026-08-13 12:31",7789.02,7789.38,7787.32,7788.19,-0.8,-0.01%,0
"2026-08-13 12:32",7788.18,7788.36,7787.35,7787.68,-0.51,-0.01%,0
"2026-08-13 12:33",7787.49,7789.39,7787.49,7789.38,1.7,+0.02%,0
"2026-08-13 12:34",7789.4,7789.67,7789.05,7789.4,0.02,0.00%,0
"2026-08-13 12:35",7789.18,7789.53,7788.66,7789.28,-0.12,0.00%,0
"2026-08-13 12:36",7789.22,7789.28,7787.78,7787.94,-1.34,-0.02%,0
"2026-08-13 12:37",7788.1,7788.43,7787.66,7787.69,-0.25,0.00%,0
"2026-08-13 12:38",7787.75,7788.57,7787.41,7788.57,0.88,+0.01%,0
"2026-08-13 12:39",7788.57,7788.83,7785.27,7785.91,-2.66,-0.03%,0
"2026-08-13 12:40",7785.92,7785.92,7785.03,7785.45,-0.46,-0.01%,0
"2026-08-13 12:41",7785.4,7786.59,7785.15,7786.38,0.93,+0.01%,0
"2026-08-13 12:42",7786.58,7788.03,7786.15,7787.91,1.53,+0.02%,0
"2026-08-13 12:43",7787.87,7788.04,7787.16,7787.48,-0.43,-0.01%,0
"2026-08-13 12:44",7787.57,7787.77,7787.3,7787.74,0.26,0.00%,0
"2026-08-13 12:45",7787.63,7788.79,7787.44,7788.43,0.69,+0.01%,0
"2026-08-13 12:46",7788.4,7788.49,7787.77,7788.21,-0.22,0.00%,0
"2026-08-13 12:47",7788.19,7789.54,7788.19,7789.54,1.33,+0.02%,0
"2026-08-13 12:48",7789.45,7789.81,7789.41,7789.62,0.08,0.00%,0
"2026-08-13 12:49",7789.69,7789.85,7789.09,7789.3,-0.32,0.00%,0
"2026-08-13 12:50",7789.36,7790.12,7789.24,7790.12,0.82,+0.01%,0
"2026-08-13 12:51",7790.12,7790.8,7789.84,7790.07,-0.05,0.00%,0
"2026-08-13 12:52",7790.05,7790.33,7789.82,7790.03,-0.04,0.00%,0
"2026-08-13 12:53",7789.86,7790.29,7789.85,7790.23,0.2,0.00%,0
"2026-08-13 12:54",7789.92,7790.12,7789.25,7789.85,-0.38,0.00%,0
"2026-08-13 12:55",7789.63,7790.17,7788.78,7789.81,-0.04,0.00%,0
"2026-08-13 12:56",7789.84,7789.84,7789.06,7789.12,-0.69,-0.01%,0
"2026-08-13 12:57",7789.16,7789.9,7788.89,7789.65,0.53,+0.01%,0
"2026-08-13 12:58",7789.75,7790.18,7789.49,7789.96,0.31,0.00%,0
"2026-08-13 12:59",7789.98,7790.34,7789.57,7789.84,-0.12,0.00%,0
"2026-08-13 13:00",7789.9,7791.94,7789.9,7791.81,1.97,+0.03%,0
"2026-08-13 13:01",7791.82,7792.69,7791.62,7792.4,0.59,+0.01%,0
"2026-08-13 13:02",7792.34,7792.81,7792.12,7792.29,-0.11,0.00%,0
"2026-08-13 13:03",7792.18,7792.52,7791.62,7792.48,0.19,0.00%,0
"2026-08-13 13:04",7792.5,7792.77,7792.14,7792.68,0.2,0.00%,0
"2026-08-13 13:05",7792.74,7793.28,7792.09,7793.28,0.6,+0.01%,0
"2026-08-13 13:06",7793.59,7794.01,7793.05,7793.39,0.11,0.00%,0
"2026-08-13 13:07",7793.29,7794.4,7793.29,7794.05,0.66,+0.01%,0
"2026-08-13 13:08",7793.9,7796.41,7793.9,7795.09,1.04,+0.01%,0
"2026-08-13 13:09",7795.06,7795.06,7794.13,7794.97,-0.12,0.00%,0
"2026-08-13 13:10",7794.91,7795.49,7794.43,7795.43,0.46,+0.01%,0
"2026-08-13 13:11",7795.41,7795.79,7795.2,7795.55,0.12,0.00%,0
"2026-08-13 13:12",7795.5,7795.72,7794.46,7794.46,-1.09,-0.01%,0
"2026-08-13 13:13",7794.49,7794.49,7793.54,7794.15,-0.31,0.00%,0
"2026-08-13 13:14",7794.1,7794.53,7793.92,7794.41,0.26,0.00%,0
"2026-08-13 13:15",7794.28,7795.41,7794.28,7795.03,0.62,+0.01%,0
"2026-08-13 13:16",7795.04,7796.03,7795.04,7795.94,0.91,+0.01%,0
"2026-08-13 13:17",7795.97,7796.5,7795.53,7795.53,-0.41,-0.01%,0
"2026-08-13 13:18",7795.51,7796.32,7794.99,7795.73,0.2,0.00%,0
"2026-08-13 13:19",7795.69,7796.67,7795.56,7796.67,0.94,+0.01%,0
"2026-08-13 13:20",7796.69,7797.45,7796.01,7796.01,-0.66,-0.01%,0
"2026-08-13 13:21",7796.1,7796.5,7795.59,7796.41,0.4,+0.01%,0
"2026-08-13 13:22",7796.38,7796.39,7795.29,7795.29,-1.12,-0.01%,0
"2026-08-13 13:23",7795.38,7795.66,7794.6,7794.99,-0.3,0.00%,0
"2026-08-13 13:24",7794.85,7795.41,7794.67,7795.29,0.3,0.00%,0
"2026-08-13 13:25",7795.33,7795.7,7794.93,7795.31,0.02,0.00%,0
"2026-08-13 13:26",7795.39,7795.4,7794.5,7794.61,-0.7,-0.01%,0
"2026-08-13 13:27",7794.56,7795.4,7794.38,7795.09,0.48,+0.01%,0
"2026-08-13 13:28",7795.11,7795.68,7794.99,7795.22,0.13,0.00%,0
"2026-08-13 13:29",7795.09,7795.21,7793.92,7794.03,-1.19,-0.02%,0
"2026-08-13 13:30",7794.1,7795.27,7793.88,7795.27,1.24,+0.02%,0
"2026-08-13 13:31",7795.05,7795.05,7793.95,7794.13,-1.14,-0.01%,0
"2026-08-13 13:32",7794.13,7794.28,7793.66,7793.88,-0.25,0.00%,0
"2026-08-13 13:33",7793.92,7793.95,7791.95,7791.95,-1.93,-0.02%,0
"2026-08-13 13:34",7791.9,7792.54,7791.76,7792.43,0.48,+0.01%,0
"2026-08-13 13:35",7792.42,7792.46,7791.62,7792,-0.43,-0.01%,0
"2026-08-13 13:36",7792.01,7792.13,7791.5,7791.59,-0.41,-0.01%,0
"2026-08-13 13:37",7791.65,7791.65,7790.23,7790.3,-1.29,-0.02%,0
"2026-08-13 13:38",7790.13,7790.66,7789.84,7790.66,0.36,0.00%,0
"2026-08-13 13:39",7790.62,7790.78,7790.22,7790.71,0.05,0.00%,0
"2026-08-13 13:40",7790.77,7792.03,7790.48,7792.03,1.32,+0.02%,0
"2026-08-13 13:41",7792,7792,7790.8,7791.19,-0.84,-0.01%,0
"2026-08-13 13:42",7791.13,7791.13,7790.22,7791.08,-0.11,0.00%,0
"2026-08-13 13:43",7791.02,7791.08,7790.61,7790.87,-0.21,0.00%,0
"2026-08-13 13:44",7790.65,7790.81,7789.71,7789.75,-1.12,-0.01%,0
"2026-08-13 13:45",7789.61,7792.08,7789.61,7791.67,1.92,+0.02%,0
"2026-08-13 13:46",7791.59,7791.59,7791.17,7791.37,-0.3,0.00%,0
"2026-08-13 13:47",7791.25,7791.62,7791.05,7791.18,-0.19,0.00%,0
"2026-08-13 13:48",7791.28,7791.99,7791.13,7791.68,0.5,+0.01%,0
"2026-08-13 13:49",7791.83,7791.9,7791.07,7791.32,-0.36,0.00%,0
"2026-08-13 13:50",7791.36,7792.18,7791.33,7791.63,0.31,0.00%,0
"2026-08-13 13:51",7791.66,7792.1,7790.41,7790.78,-0.85,-0.01%,0
"2026-08-13 13:52",7790.8,7791.22,7790.55,7791.22,0.44,+0.01%,0
"2026-08-13 13:53",7791.24,7791.66,7790.61,7791.66,0.44,+0.01%,0
"2026-08-13 13:54",7791.66,7791.69,7790.37,7790.52,-1.14,-0.01%,0
"2026-08-13 13:55",7790.54,7791.02,7790.28,7790.5,-0.02,0.00%,0
"2026-08-13 13:56",7790.54,7790.73,7789.82,7789.87,-0.63,-0.01%,0
"2026-08-13 13:57",7789.73,7791.53,7789.73,7791.53,1.66,+0.02%,0
"2026-08-13 13:58",7791.62,7792.36,7791.38,7791.95,0.42,+0.01%,0
"2026-08-13 13:59",7791.97,7791.98,7790.15,7790.27,-1.68,-0.02%,0
"2026-08-13 14:00",7790.21,7791.75,7790.19,7791.3,1.03,+0.01%,0
"2026-08-13 14:01",7791.22,7791.43,7790.58,7790.69,-0.61,-0.01%,0
"2026-08-13 14:02",7790.63,7791.7,7790.47,7790.71,0.02,0.00%,0
"2026-08-13 14:03",7790.79,7791.66,7790.48,7791.6,0.89,+0.01%,0
"2026-08-13 14:04",7791.6,7792.01,7791.19,7791.71,0.11,0.00%,0
"2026-08-13 14:05",7791.67,7792.95,7791.67,7792.8,1.09,+0.01%,0
"2026-08-13 14:06",7792.79,7792.93,7791.35,7791.41,-1.39,-0.02%,0
"2026-08-13 14:07",7791.4,7792.03,7790.96,7791.28,-0.13,0.00%,0
"2026-08-13 14:08",7791.29,7791.46,7790.67,7791.29,0.01,0.00%,0
"2026-08-13 14:09",7791.08,7791.33,7790.8,7791.11,-0.18,0.00%,0
"2026-08-13 14:10",7791.07,7792.07,7789.99,7791.71,0.6,+0.01%,0
"2026-08-13 14:11",7791.8,7792.55,7791.7,7792.5,0.79,+0.01%,0
"2026-08-13 14:12",7792.49,7793.75,7792.39,7793.1,0.6,+0.01%,0
"2026-08-13 14:13",7793.07,7793.73,7792.95,7793.48,0.38,0.00%,0
"2026-08-13 14:14",7793.4,7793.73,7792.95,7793.56,0.08,0.00%,0
"2026-08-13 14:15",7793.59,7794.27,7793.59,7793.75,0.19,0.00%,0
"2026-08-13 14:16",7793.71,7793.78,7792.31,7792.43,-1.32,-0.02%,0
"2026-08-13 14:17",7792.43,7792.97,7792.27,7792.64,0.21,0.00%,0
"2026-08-13 14:18",7792.61,7792.74,7792.03,7792.03,-0.61,-0.01%,0
"2026-08-13 14:19",7791.9,7792.27,7791.69,7791.93,-0.1,0.00%,0
"2026-08-13 14:20",7791.98,7792.42,7791.41,7792.42,0.49,+0.01%,0
"2026-08-13 14:21",7792.37,7792.37,7791.45,7791.71,-0.71,-0.01%,0
"2026-08-13 14:22",7791.77,7792.08,7791.6,7792.04,0.33,0.00%,0
"2026-08-13 14:23",7792.11,7792.49,7790.69,7790.84,-1.2,-0.02%,0
"2026-08-13 14:24",7790.87,7790.87,7789.84,7789.98,-0.86,-0.01%,0
"2026-08-13 14:25",7790.02,7791.55,7790.02,7791.04,1.06,+0.01%,0
"2026-08-13 14:26",7790.89,7791.62,7790.62,7791.62,0.58,+0.01%,0
"2026-08-13 14:27",7791.64,7791.64,7790.87,7791.34,-0.28,0.00%,0
"2026-08-13 14:28",7791.49,7792.85,7791.19,7792.85,1.51,+0.02%,0
"2026-08-13 14:29",7792.83,7792.83,7792.3,7792.35,-0.5,-0.01%,0
"2026-08-13 14:30",7792.36,7794.27,7792.36,7793.84,1.49,+0.02%,0
"2026-08-13 14:31",7793.87,7794.53,7793.74,7794.18,0.34,0.00%,0
"2026-08-13 14:32",7794.11,7794.37,7793.49,7793.92,-0.26,0.00%,0
"2026-08-13 14:33",7793.87,7795.34,7793.67,7795.34,1.42,+0.02%,0
"2026-08-13 14:34",7795.4,7795.46,7794.68,7795.07,-0.27,0.00%,0
"2026-08-13 14:35",7795.17,7796.2,7794.95,7796.2,1.13,+0.01%,0
"2026-08-13 14:36",7796.12,7796.6,7795.52,7795.52,-0.68,-0.01%,0
"2026-08-13 14:37",7795.65,7796.61,7795.65,7796.05,0.53,+0.01%,0
"2026-08-13 14:38",7795.97,7796.77,7795.97,7796.43,0.38,0.00%,0
"2026-08-13 14:39",7796.48,7796.69,7795.86,7796.64,0.21,0.00%,0
"2026-08-13 14:40",7796.71,7797.35,7796.57,7797.05,0.41,+0.01%,0
"2026-08-13 14:41",7797.16,7799.46,7797,7799.46,2.41,+0.03%,0
"2026-08-13 14:42",7799.53,7800.28,7799.27,7799.53,0.07,0.00%,0
"2026-08-13 14:43",7799.54,7799.82,7799.11,7799.37,-0.16,0.00%,0
"2026-08-13 14:44",7799.36,7799.91,7799.1,7799.41,0.04,0.00%,0
"2026-08-13 14:45",7799.44,7800.53,7799.11,7800.02,0.61,+0.01%,0
"2026-08-13 14:46",7799.77,7800.46,7799.66,7800.39,0.37,0.00%,0
"2026-08-13 14:47",7800.61,7801.06,7800.31,7800.58,0.19,0.00%,0
"2026-08-13 14:48",7800.68,7800.94,7799.98,7799.98,-0.6,-0.01%,0
"2026-08-13 14:49",7800.04,7800.93,7799.97,7800.79,0.81,+0.01%,0
"2026-08-13 14:50",7800.76,7800.95,7799.95,7800.79,0,0.00%,0
"2026-08-13 14:51",7800.81,7801.28,7800.55,7800.69,-0.1,0.00%,0
"2026-08-13 14:52",7800.73,7800.87,7799.58,7800.73,0.04,0.00%,0
"2026-08-13 14:53",7800.8,7801.67,7800.8,7801.52,0.79,+0.01%,0
"2026-08-13 14:54",7801.55,7802.29,7801.55,7801.6,0.08,0.00%,0
"2026-08-13 14:55",7801.55,7802.08,7801.3,7801.89,0.29,0.00%,0
"2026-08-13 14:56",7801.67,7802.03,7801.41,7801.74,-0.15,0.00%,0
"2026-08-13 14:57",7801.43,7801.8,7800.68,7800.81,-0.93,-0.01%,0
"2026-08-13 14:58",7800.81,7801.08,7800.14,7800.63,-0.18,0.00%,0
"2026-08-13 14:59",7800.6,7800.86,7800.06,7800.43,-0.2,0.00%,0
"2026-08-13 15:00",7800.39,7801.72,7800.09,7801.72,1.29,+0.02%,0
"2026-08-13 15:01",7801.48,7801.89,7801.22,7801.83,0.11,0.00%,0
"2026-08-13 15:02",7801.85,7802.18,7801.49,7801.7,-0.13,0.00%,0
"2026-08-13 15:03",7801.66,7802.21,7801.52,7802.13,0.43,+0.01%,0
"2026-08-13 15:04",7802.14,7802.2,7801.47,7801.81,-0.32,0.00%,0
"2026-08-13 15:05",7801.93,7802.72,7801.15,7802.65,0.84,+0.01%,0
"2026-08-13 15:06",7802.66,7804.19,7802.66,7804.01,1.36,+0.02%,0
"2026-08-13 15:07",7803.99,7804.68,7803.99,7804.31,0.3,0.00%,0
"2026-08-13 15:08",7804.36,7806.07,7804.23,7805.87,1.56,+0.02%,0
"2026-08-13 15:09",7805.87,7806.92,7805.61,7806.02,0.15,0.00%,0
"2026-08-13 15:10",7806.1,7806.22,7805.4,7805.4,-0.62,-0.01%,0
"2026-08-13 15:11",7805.35,7805.53,7804.79,7805.23,-0.17,0.00%,0
"2026-08-13 15:12",7805.23,7805.23,7803.19,7803.21,-2.02,-0.03%,0
"2026-08-13 15:13",7803.24,7803.57,7801.36,7801.38,-1.83,-0.02%,0
"2026-08-13 15:14",7801.24,7802.11,7801.24,7801.86,0.48,+0.01%,0
"2026-08-13 15:15",7801.89,7802.36,7800.76,7802.31,0.45,+0.01%,0
"2026-08-13 15:16",7802.48,7802.66,7800.7,7801.11,-1.2,-0.02%,0
"2026-08-13 15:17",7801.18,7802.39,7800.87,7802.39,1.28,+0.02%,0
"2026-08-13 15:18",7802.27,7803.34,7801.86,7803.32,0.93,+0.01%,0
"2026-08-13 15:19",7803.2,7804.15,7802.84,7804.01,0.69,+0.01%,0
"2026-08-13 15:20",7804.17,7805.38,7804.04,7805.2,1.19,+0.02%,0
"2026-08-13 15:21",7805.16,7805.6,7804.26,7804.66,-0.54,-0.01%,0
"2026-08-13 15:22",7804.8,7805.63,7804.78,7805.4,0.74,+0.01%,0
"2026-08-13 15:23",7805.56,7805.82,7805.1,7805.27,-0.13,0.00%,0
"2026-08-13 15:24",7805.26,7805.77,7804.76,7805.47,0.2,0.00%,0
"2026-08-13 15:25",7805.41,7806.01,7804.1,7804.1,-1.37,-0.02%,0
"2026-08-13 15:26",7804.19,7804.28,7802.75,7803.3,-0.8,-0.01%,0
"2026-08-13 15:27",7803.41,7803.94,7802.61,7803.91,0.61,+0.01%,0
"2026-08-13 15:28",7803.85,7804.54,7803.85,7804.23,0.32,0.00%,0
"2026-08-13 15:29",7804.27,7804.27,7802.31,7802.57,-1.66,-0.02%,0
"2026-08-13 15:30",7802.7,7804.85,7801.76,7804.85,2.28,+0.03%,0
"2026-08-13 15:31",7804.74,7804.86,7803.71,7803.71,-1.14,-0.01%,0
"2026-08-13 15:32",7803.69,7804.51,7803.3,7803.3,-0.41,-0.01%,0
"2026-08-13 15:33",7803.34,7803.96,7802.74,7802.75,-0.55,-0.01%,0
"2026-08-13 15:34",7802.62,7803.15,7802.48,7802.53,-0.22,0.00%,0
"2026-08-13 15:35",7802.81,7803.3,7800.9,7800.9,-1.63,-0.02%,0
"2026-08-13 15:36",7800.72,7801.27,7800.38,7800.41,-0.49,-0.01%,0
"2026-08-13 15:37",7800.35,7801.13,7799.7,7800.87,0.46,+0.01%,0
"2026-08-13 15:38",7800.78,7801.66,7800.68,7800.85,-0.02,0.00%,0
"2026-08-13 15:39",7800.7,7801.66,7800.4,7801.66,0.81,+0.01%,0
"2026-08-13 15:40",7801.81,7802.52,7801.49,7801.72,0.06,0.00%,0
"2026-08-13 15:41",7801.71,7801.96,7800.71,7801.96,0.24,0.00%,0
"2026-08-13 15:42",7801.9,7802.42,7801.24,7801.24,-0.72,-0.01%,0
"2026-08-13 15:43",7801.27,7801.27,7800.56,7801.02,-0.22,0.00%,0
"2026-08-13 15:44",7800.95,7801.08,7799.52,7799.63,-1.39,-0.02%,0
"2026-08-13 15:45",7799.8,7800.3,7799.28,7799.52,-0.11,0.00%,0
"2026-08-13 15:46",7799.56,7800.54,7799.56,7800.49,0.97,+0.01%,0
"2026-08-13 15:47",7800.73,7800.82,7799.23,7799.23,-1.26,-0.02%,0
"2026-08-13 15:48",7799.1,7799.52,7798.71,7799.49,0.26,0.00%,0
"2026-08-13 15:49",7799.52,7800.66,7798.88,7800.13,0.64,+0.01%,0
"2026-08-13 15:50",7800.33,7800.33,7797.1,7797.2,-2.93,-0.04%,0
"2026-08-13 15:51",7797.11,7797.2,7796.3,7796.67,-0.53,-0.01%,0
"2026-08-13 15:52",7796.73,7797.81,7796.62,7796.94,0.27,0.00%,0
"2026-08-13 15:53",7796.86,7797.89,7796.3,7797.85,0.91,+0.01%,0
"2026-08-13 15:54",7797.78,7799.74,7797.78,7798.11,0.26,0.00%,0
"2026-08-13 15:55",7797.82,7798.29,7796.26,7797.47,-0.64,-0.01%,0
"2026-08-13 15:56",7797.52,7797.72,7796.96,7797.51,0.04,0.00%,0
"2026-08-13 15:57",7797.72,7799.58,7797.64,7799.08,1.57,+0.02%,0
"2026-08-13 15:58",7798.74,7799.02,7797.79,7798.68,-0.4,-0.01%,0
"2026-08-13 15:59",7799.22,7801.39,7797.62,7798.86,0.18,0.00%,0
"2026-08-13 16:00",7799.73,7799.73,7799.19,7799.19,0.33,0.00%,0
"2026-08-13 16:01",7799.19,7799.19,7799.18,7799.19,0,0.00%,0
"2026-08-13 16:02",7799.19,7799.19,7799.15,7799.15,-0.04,0.00%,0
"2026-08-13 16:03",7799.15,7799.15,7799.02,7799.03,-0.12,0.00%,0
"2026-08-13 16:04",7799.03,7799.03,7798.99,7798.99,-0.04,0.00%,0
"2026-08-13 16:05",7798.99,7798.99,7798.99,7798.99,0,0.00%,0
"2026-08-13 16:06",7798.99,7798.99,7798.99,7798.99,0,0.00%,0
"2026-08-13 16:07",7798.99,7798.99,7798.99,7798.99,0,0.00%,0
"2026-08-13 16:08",7798.99,7798.99,7798.99,7798.99,0,0.00%,0
"2026-08-13 16:09",7798.99,7798.99,7798.99,7798.99,0,0.00%,0
"2026-08-13 16:10",7798.99,7798.99,7798.99,7798.99,0,0.00%,0
"2026-08-13 16:11",7798.99,7798.99,7798.99,7798.99,0,0.00%,0
"2026-08-13 16:12",7798.99,7798.99,7798.99,7798.99,0,0.00%,0
"2026-08-13 16:13",7798.99,7798.99,7798.99,7798.99,0,0.00%,0
"2026-08-13 16:14",7798.99,7798.99,7798.99,7798.99,0,0.00%,0
"2026-08-13 16:15",7798.99,7798.99,7798.99,7798.99,0,0.00%,0
"2026-08-13 16:16",7798.99,7798.99,7798.99,7798.99,0,0.00%,0
"2026-08-13 16:17",7798.99,7798.99,7798.99,7798.99,0,0.00%,0
"2026-08-13 16:18",7798.99,7798.99,7798.99,7798.99,0,0.00%,0
"2026-08-13 16:19",7798.99,7798.99,7798.99,7798.99,0,0.00%,0
"2026-08-13 16:20",7798.99,7798.99,7798.99,7798.99,0,0.00%,0
"2026-08-13 16:35",7798.99,7798.99,7798.99,7798.99,0,0.00%,0
"2026-08-14 09:30",7806.6,7807.71,7801.76,7803.78,4.79,+0.06%,0
"2026-08-14 09:31",7803.64,7805.81,7801.69,7805.81,2.03,+0.03%,0
"2026-08-14 09:32",7805.91,7806.42,7803.35,7804.41,-1.4,-0.02%,0
"2026-08-14 09:33",7803.98,7803.98,7801.51,7803.53,-0.88,-0.01%,0
"2026-08-14 09:34",7803.1,7803.51,7801.46,7803.21,-0.32,0.00%,0
"2026-08-14 09:35",7802.88,7804.44,7802.33,7803.17,-0.04,0.00%,0
"2026-08-14 09:36",7802.94,7804.16,7798.27,7798.31,-4.86,-0.06%,0
"2026-08-14 09:37",7798.96,7800.25,7797.81,7800.15,1.84,+0.02%,0
"2026-08-14 09:38",7800.21,7801.72,7800,7800.67,0.52,+0.01%,0
"2026-08-14 09:39",7800.73,7803.05,7799.9,7803.05,2.38,+0.03%,0
"2026-08-14 09:40",7802.91,7803.13,7799.81,7800.38,-2.67,-0.03%,0
"2026-08-14 09:41",7800.61,7804.26,7799.79,7802.87,2.49,+0.03%,0
"2026-08-14 09:42",7802.75,7804.67,7802,7804.43,1.56,+0.02%,0
"2026-08-14 09:43",7804.69,7805.94,7804.69,7805.86,1.43,+0.02%,0
"2026-08-14 09:44",7805.37,7807.1,7805.33,7805.7,-0.16,0.00%,0
"2026-08-14 09:45",7805.79,7808.12,7805.25,7806.16,0.46,+0.01%,0
"2026-08-14 09:46",7806.27,7806.83,7801.26,7801.89,-4.27,-0.05%,0
"2026-08-14 09:47",7802.01,7802.58,7800.61,7802.15,0.26,0.00%,0
"2026-08-14 09:48",7802.22,7803.61,7801.22,7802.74,0.59,+0.01%,0
"2026-08-14 09:49",7802.73,7803,7800.84,7801.42,-1.32,-0.02%,0
"2026-08-14 09:50",7801.24,7801.85,7800.24,7801.85,0.43,+0.01%,0
"2026-08-14 09:51",7802.28,7806.82,7800.54,7806.47,4.62,+0.06%,0
"2026-08-14 09:52",7806.26,7808.44,7806.26,7806.48,0.01,0.00%,0
"2026-08-14 09:53",7806.89,7807.1,7805.13,7807.1,0.62,+0.01%,0
"2026-08-14 09:54",7806.62,7808.41,7806.62,7807.26,0.16,0.00%,0
"2026-08-14 09:55",7807.28,7807.28,7804.63,7805.65,-1.61,-0.02%,0
"2026-08-14 09:56",7805.79,7807.03,7805.2,7806.47,0.82,+0.01%,0
"2026-08-14 09:57",7806.33,7806.68,7803.93,7803.93,-2.54,-0.03%,0
"2026-08-14 09:58",7804.36,7805.82,7803.37,7805.65,1.72,+0.02%,0
"2026-08-14 09:59",7805.75,7806.81,7804.93,7806.28,0.63,+0.01%,0
"2026-08-14 10:00",7807.04,7807.53,7804.74,7806.79,0.51,+0.01%,0
"2026-08-14 10:01",7806.72,7807.02,7805.23,7805.39,-1.4,-0.02%,0
"2026-08-14 10:02",7805.68,7807.57,7805.19,7807.57,2.18,+0.03%,0
"2026-08-14 10:03",7807.36,7807.36,7805.66,7806.14,-1.43,-0.02%,0
"2026-08-14 10:04",7806.41,7808.23,7805.85,7808.15,2.01,+0.03%,0
"2026-08-14 10:05",7807.91,7809.79,7807.5,7809.67,1.52,+0.02%,0
"2026-08-14 10:06",7809.54,7809.85,7808.92,7809.15,-0.52,-0.01%,0
"2026-08-14 10:07",7808.99,7809.59,7808.43,7809.02,-0.13,0.00%,0
"2026-08-14 10:08",7809.16,7810.01,7808.28,7808.35,-0.67,-0.01%,0
"2026-08-14 10:09",7808.09,7809.69,7806.44,7807.09,-1.26,-0.02%,0
"2026-08-14 10:10",7807.01,7808.49,7806.22,7806.22,-0.87,-0.01%,0
"2026-08-14 10:11",7806.13,7806.84,7804.84,7806.76,0.54,+0.01%,0
"2026-08-14 10:12",7806.68,7808.05,7806.19,7807.76,1,+0.01%,0
"2026-08-14 10:13",7807.82,7808.43,7806.64,7807.69,-0.07,0.00%,0
"2026-08-14 10:14",7807.09,7807.58,7804.87,7804.87,-2.82,-0.04%,0
"2026-08-14 10:15",7804.53,7804.77,7802.78,7803.76,-1.11,-0.01%,0
"2026-08-14 10:16",7803.97,7804.12,7801.43,7802.84,-0.92,-0.01%,0
"2026-08-14 10:17",7802.85,7804.17,7802.32,7803.43,0.59,+0.01%,0
"2026-08-14 10:18",7803.46,7803.46,7801.05,7801.74,-1.69,-0.02%,0
"2026-08-14 10:19",7802.01,7802.27,7800.09,7800.14,-1.6,-0.02%,0
"2026-08-14 10:20",7799.68,7800.96,7799.2,7800.25,0.11,0.00%,0
"2026-08-14 10:21",7800.11,7800.17,7796.06,7798.34,-1.91,-0.02%,0
"2026-08-14 10:22",7798.11,7798.11,7796.09,7797.22,-1.12,-0.01%,0
"2026-08-14 10:23",7797.28,7798.38,7796.35,7796.88,-0.34,0.00%,0
"2026-08-14 10:24",7796.62,7797.8,7796.1,7796.73,-0.15,0.00%,0
"2026-08-14 10:25",7796.88,7797.66,7795.93,7796.39,-0.34,0.00%,0
"2026-08-14 10:26",7796.25,7796.61,7794.61,7794.86,-1.53,-0.02%,0
"2026-08-14 10:27",7794.82,7795.75,7794.1,7794.65,-0.21,0.00%,0
"2026-08-14 10:28",7794.11,7794.41,7792.84,7793.24,-1.41,-0.02%,0
"2026-08-14 10:29",7793.37,7795.42,7792.41,7795.33,2.09,+0.03%,0
"2026-08-14 10:30",7795.49,7796.09,7791.56,7791.56,-3.77,-0.05%,0
"2026-08-14 10:31",7791.2,7792.2,7790.53,7792.03,0.47,+0.01%,0
"2026-08-14 10:32",7792.17,7793.15,7790.22,7790.97,-1.06,-0.01%,0
"2026-08-14 10:33",7791.46,7791.46,7789.78,7790,-0.97,-0.01%,0
"2026-08-14 10:34",7790.3,7791.89,7789.87,7790.75,0.75,+0.01%,0
"2026-08-14 10:35",7790.56,7792.34,7790.41,7791.88,1.13,+0.01%,0
"2026-08-14 10:36",7791.88,7794.28,7791.66,7794.13,2.25,+0.03%,0
"2026-08-14 10:37",7794.19,7795.59,7793.29,7793.29,-0.84,-0.01%,0
"2026-08-14 10:38",7792.99,7794.34,7792.9,7793.64,0.35,0.00%,0
"2026-08-14 10:39",7793.43,7795.89,7793.43,7795.75,2.11,+0.03%,0
"2026-08-14 10:40",7795.38,7795.38,7792.22,7792.36,-3.39,-0.04%,0
"2026-08-14 10:41",7792.3,7792.82,7791.78,7792.57,0.21,0.00%,0
"2026-08-14 10:42",7792.83,7793.54,7792.09,7793,0.43,+0.01%,0
"2026-08-14 10:43",7793.08,7793.85,7792.23,7792.97,-0.03,0.00%,0
"2026-08-14 10:44",7792.71,7793.18,7791.91,7792.95,-0.02,0.00%,0
"2026-08-14 10:45",7792.78,7793.61,7791.8,7793.09,0.14,0.00%,0
"2026-08-14 10:46",7792.79,7794.96,7792.79,7794.8,1.71,+0.02%,0
"2026-08-14 10:47",7794.54,7795.39,7794.38,7794.67,-0.13,0.00%,0
"2026-08-14 10:48",7794.65,7795.62,7794.4,7795.3,0.63,+0.01%,0
"2026-08-14 10:49",7795.22,7795.22,7793.61,7793.99,-1.31,-0.02%,0
"2026-08-14 10:50",7793.83,7794.72,7793.43,7793.99,0,0.00%,0
"2026-08-14 10:51",7793.97,7794.78,7793.35,7794.14,0.15,0.00%,0
"2026-08-14 10:52",7794.1,7794.94,7793.56,7794.81,0.67,+0.01%,0
"2026-08-14 10:53",7794.76,7795.69,7792.56,7792.57,-2.24,-0.03%,0
"2026-08-14 10:54",7792.54,7793.31,7791.76,7791.82,-0.75,-0.01%,0
"2026-08-14 10:55",7791.64,7793.03,7791.18,7792.77,0.95,+0.01%,0
"2026-08-14 10:56",7792.5,7793.16,7791.11,7791.11,-1.66,-0.02%,0
"2026-08-14 10:57",7790.99,7792.11,7790.96,7791.24,0.13,0.00%,0
"2026-08-14 10:58",7791.38,7791.45,7790.35,7790.49,-0.75,-0.01%,0
"2026-08-14 10:59",7790.65,7790.67,7789.32,7789.32,-1.17,-0.02%,0
"2026-08-14 11:00",7789.18,7791.36,7788.77,7791.36,2.04,+0.03%,0
"2026-08-14 11:01",7791.79,7792.26,7790.06,7791.88,0.52,+0.01%,0
"2026-08-14 11:02",7791.93,7792.28,7789.8,7789.87,-2.01,-0.03%,0
"2026-08-14 11:03",7789.83,7790.74,7789.62,7790.15,0.28,0.00%,0
"2026-08-14 11:04",7790.37,7791.5,7789.94,7790.9,0.75,+0.01%,0
"2026-08-14 11:05",7791.11,7792.02,7790.76,7791.84,0.94,+0.01%,0
"2026-08-14 11:06",7791.63,7791.94,7790.37,7790.84,-1.,-0.01%,0
"2026-08-14 11:07",7790.7,7791.58,7790.04,7790.04,-0.8,-0.01%,0
"2026-08-14 11:08",7790.17,7790.24,7788.04,7788.19,-1.85,-0.02%,0
"2026-08-14 11:09",7788.1,7788.7,7787.69,7787.95,-0.24,0.00%,0
"2026-08-14 11:10",7787.88,7788.74,7787.47,7788.29,0.34,0.00%,0
"2026-08-14 11:11",7788.62,7789.02,7788.12,7788.13,-0.16,0.00%,0
"2026-08-14 11:12",7788.09,7788.96,7787.42,7788.54,0.41,+0.01%,0
"2026-08-14 11:13",7788.93,7789.07,7787.89,7788.06,-0.48,-0.01%,0
"2026-08-14 11:14",7788,7788.13,7786.04,7786.08,-1.98,-0.03%,0
"2026-08-14 11:15",7786.04,7787.43,7785.74,7786.82,0.74,+0.01%,0
"2026-08-14 11:16",7786.85,7786.94,7785.83,7786.35,-0.47,-0.01%,0
"2026-08-14 11:17",7786.4,7787.44,7786.3,7787.44,1.09,+0.01%,0
"2026-08-14 11:18",7787.36,7788.35,7787.11,7788.18,0.74,+0.01%,0
"2026-08-14 11:19",7787.98,7787.98,7786.79,7787.19,-0.99,-0.01%,0
"2026-08-14 11:20",7787.11,7788.14,7786.94,7787.01,-0.18,0.00%,0
"2026-08-14 11:21",7787.12,7787.19,7784.68,7784.88,-2.13,-0.03%,0
"2026-08-14 11:22",7784.9,7784.9,7783.08,7783.27,-1.61,-0.02%,0
"2026-08-14 11:23",7783.16,7783.62,7782.7,7783.37,0.1,0.00%,0
"2026-08-14 11:24",7783.29,7783.82,7781.36,7781.36,-2.01,-0.03%,0
"2026-08-14 11:25",7781.43,7782.76,7781.25,7781.94,0.58,+0.01%,0
"2026-08-14 11:26",7781.6,7782.03,7780.08,7781.38,-0.56,-0.01%,0
"2026-08-14 11:27",7781.48,7782.67,7781.2,7782.14,0.76,+0.01%,0
"2026-08-14 11:28",7782.08,7782.73,7781.54,7781.86,-0.28,0.00%,0
"2026-08-14 11:29",7781.88,7784.56,7781.88,7784.4,2.54,+0.03%,0
"2026-08-14 11:30",7784.3,7785.06,7783.42,7783.7,-0.7,-0.01%,0
"2026-08-14 11:31",7783.65,7783.86,7781.87,7782.32,-1.38,-0.02%,0
"2026-08-14 11:32",7782.09,7783.6,7781.75,7783.35,1.03,+0.01%,0
"2026-08-14 11:33",7783.06,7783.4,7782.17,7782.26,-1.09,-0.01%,0
"2026-08-14 11:34",7782.34,7783.07,7782.21,7783.01,0.75,+0.01%,0
"2026-08-14 11:35",7783.02,7784.34,7782.97,7783.78,0.77,+0.01%,0
"2026-08-14 11:36",7784.23,7786.33,7784.12,7784.12,0.34,0.00%,0
"2026-08-14 11:37",7784.12,7784.12,7782.25,7782.84,-1.28,-0.02%,0
"2026-08-14 11:38",7782.83,7784.2,7782.46,7783.92,1.08,+0.01%,0
"2026-08-14 11:39",7783.95,7784.8,7782.5,7782.5,-1.42,-0.02%,0
"2026-08-14 11:40",7782.6,7782.74,7781.05,7781.52,-0.98,-0.01%,0
"2026-08-14 11:41",7781.45,7781.81,7780.59,7781.06,-0.46,-0.01%,0
"2026-08-14 11:42",7781.07,7781.11,7779.99,7780.31,-0.75,-0.01%,0
"2026-08-14 11:43",7780.19,7780.82,7780.05,7780.43,0.12,0.00%,0
"2026-08-14 11:44",7780.36,7782.44,7780.36,7781.82,1.39,+0.02%,0
"2026-08-14 11:45",7781.99,7784.47,7781.91,7784.4,2.58,+0.03%,0
"2026-08-14 11:46",7784.34,7784.95,7784.34,7784.6,0.2,0.00%,0
"2026-08-14 11:47",7784.75,7784.92,7782.98,7783.07,-1.53,-0.02%,0
"2026-08-14 11:48",7782.58,7783.35,7780.43,7780.65,-2.42,-0.03%,0
"2026-08-14 11:49",7780.6,7781,7780.23,7780.53,-0.12,0.00%,0
"2026-08-14 11:50",7780.56,7780.99,7780.28,7780.85,0.32,0.00%,0
"2026-08-14 11:51",7780.8,7781.14,7779.9,7781.14,0.29,0.00%,0
"2026-08-14 11:52",7781.24,7782.9,7781.03,7782.9,1.76,+0.02%,0
"2026-08-14 11:53",7782.87,7783.07,7782.05,7782.76,-0.14,0.00%,0
"2026-08-14 11:54",7782.82,7783.64,7782.82,7783.14,0.38,0.00%,0
"2026-08-14 11:55",7783.05,7783.8,7782.88,7783.3,0.16,0.00%,0
"2026-08-14 11:56",7783.3,7783.34,7782.03,7782.74,-0.56,-0.01%,0
"2026-08-14 11:57",7782.72,7783.23,7781.45,7783.23,0.49,+0.01%,0
"2026-08-14 11:58",7783.47,7784.98,7783.47,7784.04,0.81,+0.01%,0
"2026-08-14 11:59",7783.68,7784.12,7783.57,7783.65,-0.39,-0.01%,0
"2026-08-14 12:00",7783.8,7786.69,7783.8,7786.69,3.04,+0.04%,0
"2026-08-14 12:01",7786.6,7786.75,7785.89,7785.89,-0.8,-0.01%,0
"2026-08-14 12:02",7785.83,7786.08,7784.84,7785.08,-0.81,-0.01%,0
"2026-08-14 12:03",7785.13,7786.14,7784.58,7786.14,1.06,+0.01%,0
"2026-08-14 12:04",7786.23,7787.09,7785.88,7785.94,-0.2,0.00%,0
"2026-08-14 12:05",7785.85,7786.38,7785.14,7785.77,-0.17,0.00%,0
"2026-08-14 12:06",7785.78,7785.84,7784.71,7785.11,-0.66,-0.01%,0
"2026-08-14 12:07",7785.09,7786.53,7785.09,7785.58,0.47,+0.01%,0
"2026-08-14 12:08",7785.45,7785.95,7784.54,7784.57,-1.01,-0.01%,0
"2026-08-14 12:09",7784.49,7784.71,7782.63,7783.67,-0.9,-0.01%,0
"2026-08-14 12:10",7783.72,7784.92,7783.28,7784.92,1.25,+0.02%,0
"2026-08-14 12:11",7784.95,7784.98,7783.9,7784.46,-0.46,-0.01%,0
"2026-08-14 12:12",7784.45,7785.26,7784,7785.18,0.72,+0.01%,0
"2026-08-14 12:13",7785.49,7786.17,7784.71,7786.01,0.83,+0.01%,0
"2026-08-14 12:14",7786.02,7787.16,7786.02,7787.16,1.15,+0.01%,0
"2026-08-14 12:15",7787.13,7788.16,7787.09,7787.52,0.36,0.00%,0
"2026-08-14 12:16",7787.6,7787.71,7787.13,7787.48,-0.04,0.00%,0
"2026-08-14 12:17",7787.55,7788.53,7786.92,7788.53,1.05,+0.01%,0
"2026-08-14 12:18",7788.58,7789.02,7788.25,7788.76,0.23,0.00%,0
"2026-08-14 12:19",7788.73,7788.78,7787.35,7787.52,-1.24,-0.02%,0
"2026-08-14 12:20",7787.56,7787.68,7786.29,7787.3,-0.22,0.00%,0
"2026-08-14 12:21",7787.16,7788.69,7787.01,7788.41,1.11,+0.01%,0
"2026-08-14 12:22",7788.27,7788.27,7787.66,7787.67,-0.74,-0.01%,0
"2026-08-14 12:23",7787.61,7787.94,7787.19,7787.56,-0.11,0.00%,0
"2026-08-14 12:24",7787.61,7788.26,7787.4,7788.08,0.52,+0.01%,0
"2026-08-14 12:25",7788.05,7788.28,7787.93,7788.28,0.2,0.00%,0
"2026-08-14 12:26",7788.34,7789.62,7788.34,7789.06,0.78,+0.01%,0
"2026-08-14 12:27",7789.13,7789.56,7788.63,7789.02,-0.04,0.00%,0
"2026-08-14 12:28",7788.97,7789.13,7788.14,7788.55,-0.47,-0.01%,0
"2026-08-14 12:29",7788.47,7789.47,7788.36,7788.63,0.08,0.00%,0
"2026-08-14 12:30",7788.64,7788.71,7787.54,7788.23,-0.4,-0.01%,0
"2026-08-14 12:31",7788.29,7788.31,7786.61,7786.78,-1.45,-0.02%,0
"2026-08-14 12:32",7786.75,7786.75,7784.99,7785.12,-1.66,-0.02%,0
"2026-08-14 12:33",7784.99,7785.33,7784.59,7785.14,0.02,0.00%,0
"2026-08-14 12:34",7785.41,7785.79,7784.74,7785.64,0.5,+0.01%,0
"2026-08-14 12:35",7785.57,7786.5,7785.29,7786.27,0.63,+0.01%,0
"2026-08-14 12:36",7786.29,7787,7785.7,7787,0.73,+0.01%,0
"2026-08-14 12:37",7787,7787.68,7787,7787.25,0.25,0.00%,0
"2026-08-14 12:38",7787.26,7787.41,7786.16,7786.86,-0.39,-0.01%,0
"2026-08-14 12:39",7786.78,7787.08,7785.79,7786.45,-0.41,-0.01%,0
"2026-08-14 12:40",7786.56,7786.56,7785.71,7785.91,-0.54,-0.01%,0
"2026-08-14 12:41",7785.91,7785.91,7783.77,7784.62,-1.29,-0.02%,0
"2026-08-14 12:42",7784.68,7784.92,7784.25,7784.7,0.08,0.00%,0
"2026-08-14 12:43",7784.68,7785.82,7784.68,7785.05,0.35,0.00%,0
"2026-08-14 12:44",7784.96,7785.08,7783.11,7783.11,-1.94,-0.02%,0
"2026-08-14 12:45",7783.19,7783.21,7782.09,7782.87,-0.24,0.00%,0
"2026-08-14 12:46",7782.68,7782.68,7781.58,7781.92,-0.95,-0.01%,0
"2026-08-14 12:47",7781.93,7782.55,7781.62,7781.73,-0.19,0.00%,0
"2026-08-14 12:48",7781.75,7782.74,7781.68,7782.57,0.84,+0.01%,0
"2026-08-14 12:49",7782.56,7783.47,7782.56,7782.92,0.35,0.00%,0
"2026-08-14 12:50",7782.89,7782.89,7780.58,7780.61,-2.31,-0.03%,0
"2026-08-14 12:51",7780.64,7780.95,7780.18,7780.49,-0.12,0.00%,0
"2026-08-14 12:52",7780.4,7780.9,7780.06,7780.15,-0.34,0.00%,0
"2026-08-14 12:53",7780.18,7781.6,7779.95,7780.54,0.39,+0.01%,0
"2026-08-14 12:54",7780.27,7780.67,7779.76,7780.63,0.09,0.00%,0
"2026-08-14 12:55",7780.58,7781.44,7780.58,7781.44,0.81,+0.01%,0
"2026-08-14 12:56",7781.42,7781.68,7780.51,7781.43,-0.01,0.00%,0
"2026-08-14 12:57",7781.29,7781.36,7780.31,7780.44,-0.99,-0.01%,0
"2026-08-14 12:58",7780.37,7780.45,7778.22,7778.3,-2.14,-0.03%,0
"2026-08-14 12:59",7778.3,7778.82,7778.1,7778.39,0.09,0.00%,0
"2026-08-14 13:00",7778.42,7779.81,7778.36,7779.6,1.21,+0.02%,0
"2026-08-14 13:01",7779.6,7780.05,7779.23,7779.63,0.03,0.00%,0
"2026-08-14 13:02",7779.58,7779.67,7778.37,7778.41,-1.22,-0.02%,0
"2026-08-14 13:03",7778.39,7779.6,7778.39,7779.4,0.99,+0.01%,0
"2026-08-14 13:04",7779.58,7780.08,7779.53,7779.58,0.18,0.00%,0
"2026-08-14 13:05",7779.57,7781.02,7779.5,7779.88,0.3,0.00%,0
"2026-08-14 13:06",7779.94,7780.55,7779.87,7779.88,0,0.00%,0
"2026-08-14 13:07",7779.86,7780.76,7779.86,7780.58,0.7,+0.01%,0
"2026-08-14 13:08",7780.6,7780.75,7779.77,7780.75,0.17,0.00%,0
"2026-08-14 13:09",7780.88,7780.89,7779.71,7780.12,-0.63,-0.01%,0
"2026-08-14 13:10",7780.15,7780.68,7779.85,7780.27,0.15,0.00%,0
"2026-08-14 13:11",7780.26,7782.26,7779.9,7781.98,1.71,+0.02%,0
"2026-08-14 13:12",7782.02,7782.02,7780.67,7781.82,-0.16,0.00%,0
"2026-08-14 13:13",7781.79,7782.08,7781.21,7781.31,-0.51,-0.01%,0
"2026-08-14 13:14",7781.41,7781.82,7781.25,7781.71,0.4,+0.01%,0
"2026-08-14 13:15",7781.7,7782.37,7781.7,7781.95,0.24,0.00%,0
"2026-08-14 13:16",7781.95,7781.98,7779.72,7779.72,-2.23,-0.03%,0
"2026-08-14 13:17",7779.72,7780.8,7779.58,7780.75,1.03,+0.01%,0
"2026-08-14 13:18",7780.8,7781.59,7780.67,7781.31,0.56,+0.01%,0
"2026-08-14 13:19",7781.3,7781.72,7780.58,7781.25,-0.06,0.00%,0
"2026-08-14 13:20",7781.31,7781.52,7780.56,7781.4,0.15,0.00%,0
"2026-08-14 13:21",7781.42,7781.74,7780.78,7781.24,-0.16,0.00%,0
"2026-08-14 13:22",7781.16,7782.56,7780.88,7781.95,0.71,+0.01%,0
"2026-08-14 13:23",7781.96,7782.11,7781.3,7781.5,-0.45,-0.01%,0
"2026-08-14 13:24",7781.55,7781.68,7779.26,7779.56,-1.94,-0.02%,0
"2026-08-14 13:25",7779.55,7779.55,7778.55,7778.94,-0.62,-0.01%,0
"2026-08-14 13:26",7779.05,7779.07,7778.03,7779.06,0.12,0.00%,0
"2026-08-14 13:27",7779,7779.52,7778.98,7779.52,0.46,+0.01%,0
"2026-08-14 13:28",7779.52,7779.74,7779.3,7779.53,0.01,0.00%,0
"2026-08-14 13:29",7779.41,7779.63,7778.93,7779.17,-0.36,0.00%,0
"2026-08-14 13:30",7779.12,7779.88,7779.12,7779.61,0.44,+0.01%,0
"2026-08-14 13:31",7779.61,7779.88,7779.04,7779.88,0.27,0.00%,0
"2026-08-14 13:32",7779.86,7781.13,7779.82,7780.83,0.95,+0.01%,0
"2026-08-14 13:33",7780.74,7780.74,7779.75,7779.88,-0.95,-0.01%,0
"2026-08-14 13:34",7779.81,7779.81,7779.13,7779.76,-0.12,0.00%,0
"2026-08-14 13:35",7779.76,7779.76,7779.12,7779.42,-0.34,0.00%,0
"2026-08-14 13:36",7779.47,7779.79,7778.59,7778.62,-0.8,-0.01%,0
"2026-08-14 13:37",7778.59,7778.71,7776.31,7776.66,-1.96,-0.03%,0
"2026-08-14 13:38",7776.86,7776.94,7776.34,7776.67,0.01,0.00%,0
"2026-08-14 13:39",7776.68,7777.71,7776.53,7777.44,0.77,+0.01%,0
"2026-08-14 13:40",7777.48,7778.26,7776.81,7777.99,0.55,+0.01%,0
"2026-08-14 13:41",7777.88,7777.89,7776.59,7777.48,-0.51,-0.01%,0
"2026-08-14 13:42",7777.4,7777.52,7776.62,7776.89,-0.59,-0.01%,0
"2026-08-14 13:43",7776.83,7777.19,7776.49,7776.89,0,0.00%,0
"2026-08-14 13:44",7776.91,7777.87,7776.86,7777.55,0.66,+0.01%,0
"2026-08-14 13:45",7777.67,7778.8,7777.67,7777.83,0.28,0.00%,0
"2026-08-14 13:46",7777.92,7778.66,7777.54,7778.66,0.83,+0.01%,0
"2026-08-14 13:47",7778.71,7778.83,7778.29,7778.65,-0.01,0.00%,0
"2026-08-14 13:48",7778.7,7778.79,7777.93,7778.07,-0.58,-0.01%,0
"2026-08-14 13:49",7778.07,7778.43,7777.42,7777.54,-0.53,-0.01%,0
"2026-08-14 13:50",7777.72,7777.72,7776.34,7776.34,-1.2,-0.02%,0
"2026-08-14 13:51",7776.49,7777.92,7776.49,7777.81,1.47,+0.02%,0
"2026-08-14 13:52",7777.8,7778.69,7777.65,7778.11,0.3,0.00%,0
"2026-08-14 13:53",7778.2,7779.68,7778.2,7779.4,1.29,+0.02%,0
"2026-08-14 13:54",7779.44,7779.59,7778.94,7779.27,-0.13,0.00%,0
"2026-08-14 13:55",7779.31,7779.31,7778.32,7778.59,-0.68,-0.01%,0
"2026-08-14 13:56",7778.52,7779.64,7778.52,7779.59,1,+0.01%,0
"2026-08-14 13:57",7779.6,7780.75,7779.51,7780.01,0.42,+0.01%,0
"2026-08-14 13:58",7779.96,7780.64,7779.89,7780.13,0.12,0.00%,0
"2026-08-14 13:59",7780.04,7780.42,7779.88,7779.95,-0.18,0.00%,0
"2026-08-14 14:00",7780.04,7780.36,7778.88,7779.31,-0.64,-0.01%,0
"2026-08-14 14:01",7779.27,7780.16,7779.27,7779.66,0.35,0.00%,0
"2026-08-14 14:02",7779.7,7782.16,7779.7,7782.16,2.5,+0.03%,0
"2026-08-14 14:03",7782.2,7782.4,7781.57,7781.68,-0.48,-0.01%,0
"2026-08-14 14:04",7781.71,7782.39,7781.46,7782.05,0.37,0.00%,0
"2026-08-14 14:05",7782.06,7782.06,7781.11,7781.8,-0.25,0.00%,0
"2026-08-14 14:06",7781.8,7782.53,7781.24,7781.24,-0.56,-0.01%,0
"2026-08-14 14:07",7781.27,7781.96,7781.19,7781.79,0.55,+0.01%,0
"2026-08-14 14:08",7781.75,7782.86,7781.72,7782.55,0.76,+0.01%,0
"2026-08-14 14:09",7782.46,7783,7781.95,7782.87,0.32,0.00%,0
"2026-08-14 14:10",7782.84,7783.63,7782.32,7783.15,0.28,0.00%,0
"2026-08-14 14:11",7783.14,7783.57,7782.67,7782.83,-0.32,0.00%,0
"2026-08-14 14:12",7782.88,7783.59,7782.83,7783.43,0.6,+0.01%,0
"2026-08-14 14:13",7783.46,7784.46,7783.41,7784.14,0.71,+0.01%,0
"2026-08-14 14:14",7784.06,7784.21,7783.35,7783.39,-0.75,-0.01%,0
"2026-08-14 14:15",7783.4,7784.26,7783.31,7784.15,0.76,+0.01%,0
"2026-08-14 14:16",7784.14,7784.67,7784.13,7784.43,0.28,0.00%,0
"2026-08-14 14:17",7784.5,7784.6,7783.87,7783.96,-0.47,-0.01%,0
"2026-08-14 14:18",7784.05,7784.62,7783.82,7784.11,0.15,0.00%,0
"2026-08-14 14:19",7784.12,7784.16,7782.99,7783.54,-0.57,-0.01%,0
"2026-08-14 14:20",7783.59,7783.64,7782.5,7782.91,-0.63,-0.01%,0
"2026-08-14 14:21",7782.98,7784.39,7782.98,7784.24,1.33,+0.02%,0
"2026-08-14 14:22",7784.35,7784.43,7783.84,7784.1,-0.14,0.00%,0
"2026-08-14 14:23",7784.15,7784.2,7783.46,7783.66,-0.44,-0.01%,0
"2026-08-14 14:24",7783.63,7783.98,7783.09,7783.09,-0.57,-0.01%,0
"2026-08-14 14:25",7783.21,7783.9,7783.18,7783.72,0.63,+0.01%,0
"2026-08-14 14:26",7783.74,7784.23,7782.89,7782.89,-0.83,-0.01%,0
"2026-08-14 14:27",7782.97,7783.37,7782.17,7782.3,-0.59,-0.01%,0
"2026-08-14 14:28",7782.29,7782.29,7780.52,7780.52,-1.78,-0.02%,0
"2026-08-14 14:29",7780.53,7781.57,7780.53,7780.88,0.36,0.00%,0
"2026-08-14 14:30",7780.88,7782.47,7780.69,7781.95,1.07,+0.01%,0
"2026-08-14 14:31",7781.83,7781.89,7781,7781,-0.95,-0.01%,0
"2026-08-14 14:32",7780.96,7780.96,7780.27,7780.66,-0.34,0.00%,0
"2026-08-14 14:33",7780.66,7780.89,7780.55,7780.74,0.08,0.00%,0
"2026-08-14 14:34",7780.77,7780.77,7779.98,7780.35,-0.39,-0.01%,0
"2026-08-14 14:35",7780.34,7780.87,7779.9,7780.17,-0.18,0.00%,0
"2026-08-14 14:36",7780.14,7780.68,7780.03,7780.46,0.29,0.00%,0
"2026-08-14 14:37",7780.32,7780.87,7780.03,7780.8,0.34,0.00%,0
"2026-08-14 14:38",7780.85,7781.81,7780.54,7781.61,0.81,+0.01%,0
"2026-08-14 14:39",7781.54,7781.88,7781.45,7781.56,-0.05,0.00%,0
"2026-08-14 14:40",7781.58,7782.41,7781.26,7782.38,0.82,+0.01%,0
"2026-08-14 14:41",7782.36,7783.24,7782.36,7783.11,0.73,+0.01%,0
"2026-08-14 14:42",7783.14,7783.35,7782.51,7783.34,0.23,0.00%,0
"2026-08-14 14:43",7783.36,7783.72,7783.29,7783.43,0.09,0.00%,0
"2026-08-14 14:44",7783.39,7784.06,7783.39,7783.62,0.19,0.00%,0
"2026-08-14 14:45",7783.63,7783.69,7782.86,7782.96,-0.66,-0.01%,0
"2026-08-14 14:46",7782.94,7782.94,7781.87,7782.22,-0.74,-0.01%,0
"2026-08-14 14:47",7782.28,7783.64,7782.27,7783.28,1.06,+0.01%,0
"2026-08-14 14:48",7783.28,7783.31,7783.03,7783.17,-0.11,0.00%,0
"2026-08-14 14:49",7783.13,7783.85,7782.96,7783.85,0.68,+0.01%,0
"2026-08-14 14:50",7783.89,7785.9,7783.89,7785.65,1.8,+0.02%,0
"2026-08-14 14:51",7785.77,7786.31,7785.64,7786.16,0.51,+0.01%,0
"2026-08-14 14:52",7786.11,7786.45,7785.24,7785.24,-0.92,-0.01%,0
"2026-08-14 14:53",7785.18,7785.37,7784.69,7785.27,0.03,0.00%,0
"2026-08-14 14:54",7785.26,7785.61,7784.98,7785.17,-0.1,0.00%,0
"2026-08-14 14:55",7785.19,7785.3,7784.12,7784.19,-0.98,-0.01%,0
"2026-08-14 14:56",7784.19,7784.33,7783.74,7784.19,0,0.00%,0
"2026-08-14 14:57",7784.1,7784.52,7783.98,7784.34,0.15,0.00%,0
"2026-08-14 14:58",7784.37,7784.37,7783.47,7783.47,-0.87,-0.01%,0
"2026-08-14 14:59",7783.46,7783.65,7783.15,7783.41,-0.06,0.00%,0
"2026-08-14 15:00",7783.42,7783.71,7781.7,7781.72,-1.69,-0.02%,0
"2026-08-14 15:01",7781.78,7783.56,7781.52,7783.55,1.83,+0.02%,0
"2026-08-14 15:02",7783.25,7783.7,7782.51,7782.51,-1.04,-0.01%,0
"2026-08-14 15:03",7782.59,7783.23,7782.51,7782.63,0.12,0.00%,0
"2026-08-14 15:04",7782.59,7782.59,7781.21,7781.42,-1.21,-0.02%,0
"2026-08-14 15:05",7781.41,7782.27,7781.38,7782.16,0.74,+0.01%,0
"2026-08-14 15:06",7782.15,7782.15,7781.16,7781.55,-0.61,-0.01%,0
"2026-08-14 15:07",7781.53,7781.86,7781.18,7781.58,0.03,0.00%,0
"2026-08-14 15:08",7781.55,7782.57,7781.36,7782.43,0.85,+0.01%,0
"2026-08-14 15:09",7782.48,7783.43,7782.33,7783.11,0.68,+0.01%,0
"2026-08-14 15:10",7783.04,7783.16,7782.31,7782.51,-0.6,-0.01%,0
"2026-08-14 15:11",7782.52,7782.77,7782.12,7782.13,-0.38,0.00%,0
"2026-08-14 15:12",7782.12,7782.64,7782.06,7782.61,0.48,+0.01%,0
"2026-08-14 15:13",7782.49,7783.19,7782.45,7782.53,-0.08,0.00%,0
"2026-08-14 15:14",7782.57,7783.04,7781.86,7781.99,-0.54,-0.01%,0
"2026-08-14 15:15",7781.98,7782.83,7781.71,7782.62,0.63,+0.01%,0
"2026-08-14 15:16",7782.55,7782.57,7781.33,7781.53,-1.09,-0.01%,0
"2026-08-14 15:17",7781.45,7781.58,7780.76,7781.31,-0.22,0.00%,0
"2026-08-14 15:18",7781.22,7782.57,7780.75,7782.57,1.26,+0.02%,0
"2026-08-14 15:19",7782.51,7782.51,7781.65,7781.74,-0.83,-0.01%,0
"2026-08-14 15:20",7781.83,7781.89,7781.16,7781.77,0.03,0.00%,0
"2026-08-14 15:21",7781.81,7781.96,7781.14,7781.14,-0.63,-0.01%,0
"2026-08-14 15:22",7781.03,7781.52,7780.89,7781.33,0.19,0.00%,0
"2026-08-14 15:23",7781.33,7782.29,7781.33,7782.25,0.92,+0.01%,0
"2026-08-14 15:24",7782.27,7782.97,7782.04,7782.86,0.61,+0.01%,0
"2026-08-14 15:25",7782.86,7784.16,7782.86,7784.06,1.2,+0.02%,0
"2026-08-14 15:26",7784.12,7784.33,7783.62,7784.28,0.22,0.00%,0
"2026-08-14 15:27",7784.26,7784.51,7783.77,7783.77,-0.51,-0.01%,0
"2026-08-14 15:28",7783.43,7785.18,7783.43,7785.02,1.25,+0.02%,0
"2026-08-14 15:29",7784.9,7784.9,7783.33,7783.33,-1.69,-0.02%,0
"2026-08-14 15:30",7783.36,7783.92,7783.11,7783.14,-0.19,0.00%,0
"2026-08-14 15:31",7783.19,7783.67,7782.93,7783.3,0.16,0.00%,0
"2026-08-14 15:32",7783.09,7783.87,7783.09,7783.52,0.22,0.00%,0
"2026-08-14 15:33",7783.66,7783.72,7783.23,7783.34,-0.18,0.00%,0
"2026-08-14 15:34",7783.25,7784.44,7783.06,7783.91,0.57,+0.01%,0
"2026-08-14 15:35",7784.07,7784.61,7783.71,7783.71,-0.2,0.00%,0
"2026-08-14 15:36",7783.63,7783.94,7782.97,7783.09,-0.62,-0.01%,0
"2026-08-14 15:37",7783,7783,7781.8,7781.96,-1.13,-0.01%,0
"2026-08-14 15:38",7781.82,7782.75,7781.5,7782.63,0.67,+0.01%,0
"2026-08-14 15:39",7782.7,7783.16,7782.62,7783.13,0.5,+0.01%,0
"2026-08-14 15:40",7783.1,7784.54,7783.1,7784.47,1.34,+0.02%,0
"2026-08-14 15:41",7784.46,7784.46,7783.25,7783.42,-1.05,-0.01%,0
"2026-08-14 15:42",7783.42,7783.99,7783.29,7783.78,0.36,0.00%,0
"2026-08-14 15:43",7783.7,7783.89,7783.29,7783.81,0.03,0.00%,0
"2026-08-14 15:44",7783.78,7783.92,7782.66,7783.54,-0.27,0.00%,0
"2026-08-14 15:45",7783.53,7783.53,7781.94,7782.03,-1.51,-0.02%,0
"2026-08-14 15:46",7782.09,7782.78,7781.26,7781.26,-0.77,-0.01%,0
"2026-08-14 15:47",7781.39,7782.23,7781.18,7782.15,0.89,+0.01%,0
"2026-08-14 15:48",7782.14,7782.91,7781.99,7782.34,0.19,0.00%,0
"2026-08-14 15:49",7782.46,7784,7782.22,7783.87,1.53,+0.02%,0
"2026-08-14 15:50",7783.9,7785.55,7783.9,7784.97,1.1,+0.01%,0
"2026-08-14 15:51",7784.96,7786.06,7784.95,7785.78,0.81,+0.01%,0
"2026-08-14 15:52",7785.73,7785.76,7783.58,7783.77,-2.01,-0.03%,0
"2026-08-14 15:53",7783.84,7785.01,7783.23,7783.73,-0.04,0.00%,0
"2026-08-14 15:54",7783.84,7784.82,7783.16,7784.2,0.47,+0.01%,0
"2026-08-14 15:55",7783.99,7783.99,7782.06,7782.29,-1.91,-0.02%,0
"2026-08-14 15:56",7782.32,7782.47,7781.06,7781.65,-0.64,-0.01%,0
"2026-08-14 15:57",7781.67,7782.11,7781.43,7781.99,0.34,0.00%,0
"2026-08-14 15:58",7781.97,7782.78,7781.49,7782.77,0.78,+0.01%,0
"2026-08-14 15:59",7782.48,7786.18,7781.99,7786.01,3.24,+0.04%,0
"2026-08-14 16:00",7786.04,7786.04,7785.58,7785.73,-0.28,0.00%,0
"2026-08-14 16:01",7785.73,7785.73,7785.72,7785.72,-0.01,0.00%,0
"2026-08-14 16:02",7785.72,7785.72,7785.68,7785.69,-0.03,0.00%,0
"2026-08-14 16:03",7785.69,7785.73,7785.69,7785.73,0.04,0.00%,0
"2026-08-14 16:04",7785.73,7785.76,7785.72,7785.76,0.03,0.00%,0
"2026-08-14 16:05",7785.76,7785.76,7785.76,7785.76,0,0.00%,0
"2026-08-14 16:06",7785.76,7785.76,7785.76,7785.76,0,0.00%,0
"2026-08-14 16:07",7785.76,7785.76,7785.76,7785.76,0,0.00%,0
"2026-08-14 16:08",7785.76,7785.76,7785.76,7785.76,0,0.00%,0
"2026-08-14 16:09",7785.76,7785.76,7785.76,7785.76,0,0.00%,0
"2026-08-14 16:10",7785.76,7785.76,7785.76,7785.76,0,0.00%,0
"2026-08-14 16:11",7785.76,7785.76,7785.76,7785.76,0,0.00%,0
"2026-08-14 16:12",7785.76,7785.76,7785.76,7785.76,0,0.00%,0
"2026-08-14 16:13",7785.76,7785.76,7785.76,7785.76,0,0.00%,0
"2026-08-14 16:14",7785.76,7785.76,7785.76,7785.76,0,0.00%,0
"2026-08-14 16:15",7785.76,7785.76,7785.76,7785.76,0,0.00%,0
"2026-08-14 16:16",7785.76,7785.76,7785.76,7785.76,0,0.00%,0
"2026-08-14 16:17",7785.76,7785.76,7785.76,7785.76,0,0.00%,0
"2026-08-14 16:18",7785.76,7785.76,7785.76,7785.76,0,0.00%,0
"2026-08-14 16:19",7785.76,7785.76,7785.76,7785.76,0,0.00%,0
"2026-08-14 16:20",7785.76,7785.76,7785.76,7785.76,0,0.00%,0
"2026-08-14 16:39",7785.76,7785.76,7785.76,7785.76,0,0.00%,0
"2026-08-17 09:30",7790.68,7790.68,7782.66,7788.07,2.31,+0.03%,0
"2026-08-17 09:31",7787.68,7789.47,7784.82,7785.44,-2.63,-0.03%,0
"2026-08-17 09:32",7785.51,7785.51,7779.56,7779.56,-5.88,-0.08%,0
"2026-08-17 09:33",7780.03,7781.35,7778.28,7779.86,0.3,0.00%,0
"2026-08-17 09:34",7779.58,7779.69,7775.17,7775.6,-4.26,-0.05%,0
"2026-08-17 09:35",7775.58,7778.82,7774.51,7778.58,2.98,+0.04%,0
"2026-08-17 09:36",7778.43,7779.88,7777.72,7778.34,-0.24,0.00%,0
"2026-08-17 09:37",7778.15,7779.22,7775.97,7775.98,-2.36,-0.03%,0
"2026-08-17 09:38",7776.5,7777.27,7775.77,7776.69,0.71,+0.01%,0
"2026-08-17 09:39",7776.78,7777.7,7774.27,7774.89,-1.8,-0.02%,0
"2026-08-17 09:40",7774.74,7776.32,7774.12,7775.84,0.95,+0.01%,0
"2026-08-17 09:41",7775.5,7777.72,7774.31,7776.86,1.02,+0.01%,0
"2026-08-17 09:42",7776.98,7777.9,7775.35,7777.51,0.65,+0.01%,0
"2026-08-17 09:43",7777.67,7777.85,7775.23,7775.23,-2.28,-0.03%,0
"2026-08-17 09:44",7774.62,7776.65,7774.46,7775.93,0.7,+0.01%,0
"2026-08-17 09:45",7775.88,7778.29,7774.54,7775.64,-0.29,0.00%,0
"2026-08-17 09:46",7775.18,7776.03,7772.78,7772.78,-2.86,-0.04%,0
"2026-08-17 09:47",7772.74,7776.7,7772.59,7776.35,3.57,+0.05%,0
"2026-08-17 09:48",7775.88,7779.02,7775.5,7778.98,2.63,+0.03%,0
"2026-08-17 09:49",7779,7781,7778.05,7780.61,1.63,+0.02%,0
"2026-08-17 09:50",7780.39,7781.04,7776.78,7776.78,-3.83,-0.05%,0
"2026-08-17 09:51",7776.94,7780.22,7776.49,7779.88,3.1,+0.04%,0
"2026-08-17 09:52",7779.96,7780.03,7776.51,7776.7,-3.18,-0.04%,0
"2026-08-17 09:53",7776.56,7777.69,7775.93,7777.19,0.49,+0.01%,0
"2026-08-17 09:54",7777.26,7779.61,7777.12,7779.49,2.3,+0.03%,0
"2026-08-17 09:55",7779.55,7779.57,7777.42,7777.43,-2.06,-0.03%,0
"2026-08-17 09:56",7777.51,7777.51,7775.02,7776.85,-0.58,-0.01%,0
"2026-08-17 09:57",7776.8,7776.83,7775.14,7775.53,-1.32,-0.02%,0
"2026-08-17 09:58",7775.58,7776.03,7773.6,7774.04,-1.49,-0.02%,0
"2026-08-17 09:59",7773.78,7774.46,7772.89,7774.05,0.01,0.00%,0
"2026-08-17 10:00",7775.33,7775.33,7772.15,7772.15,-1.9,-0.02%,0
"2026-08-17 10:01",7772.2,7773.44,7771.33,7773.38,1.23,+0.02%,0
"2026-08-17 10:02",7773.4,7776.55,7772.3,7772.31,-1.07,-0.01%,0
"2026-08-17 10:03",7772.45,7774.93,7771.42,7774.93,2.62,+0.03%,0
"2026-08-17 10:04",7775.05,7775.71,7774.51,7775.31,0.38,0.00%,0
"2026-08-17 10:05",7775.36,7776.12,7773.45,7774.46,-0.85,-0.01%,0
"2026-08-17 10:06",7774.4,7774.43,7773.12,7774.12,-0.34,0.00%,0
"2026-08-17 10:07",7773.81,7775.31,7773.72,7774.52,0.4,+0.01%,0
"2026-08-17 10:08",7773.55,7774.08,7772.04,7773.79,-0.73,-0.01%,0
"2026-08-17 10:09",7774.09,7775.64,7774.02,7775.6,1.81,+0.02%,0
"2026-08-17 10:10",7775.63,7777.8,7775.02,7776.86,1.26,+0.02%,0
"2026-08-17 10:11",7776.97,7777.35,7775.33,7775.34,-1.52,-0.02%,0
"2026-08-17 10:12",7775.2,7777.94,7775.02,7777.57,2.23,+0.03%,0
"2026-08-17 10:13",7777.5,7777.82,7777.04,7777.18,-0.39,-0.01%,0
"2026-08-17 10:14",7777.17,7778.66,7777.17,7777.86,0.68,+0.01%,0
"2026-08-17 10:15",7777.81,7777.85,7776.22,7776.9,-0.96,-0.01%,0
"2026-08-17 10:16",7776.69,7776.69,7773.97,7774.08,-2.82,-0.04%,0
"2026-08-17 10:17",7773.53,7774.45,7773.32,7774.07,-0.01,0.00%,0
"2026-08-17 10:18",7774.31,7774.41,7773.46,7773.48,-0.59,-0.01%,0
"2026-08-17 10:19",7773.5,7775.09,7773.14,7774.54,1.06,+0.01%,0
"2026-08-17 10:20",7774.09,7774.36,7772.07,7772.11,-2.43,-0.03%,0
"2026-08-17 10:21",7771.85,7772.83,7771.64,7772.53,0.42,+0.01%,0
"2026-08-17 10:22",7772.42,7773.27,7772.25,7772.49,-0.04,0.00%,0
"2026-08-17 10:23",7772.24,7773.5,7772.24,7772.79,0.3,0.00%,0
"2026-08-17 10:24",7772.61,7773.12,7771.14,7773.12,0.33,0.00%,0
"2026-08-17 10:25",7773.09,7773.5,7772.44,7772.54,-0.58,-0.01%,0
"2026-08-17 10:26",7772.2,7772.62,7771.43,7772.47,-0.07,0.00%,0
"2026-08-17 10:27",7772.64,7773.25,7771.82,7772.3,-0.17,0.00%,0
"2026-08-17 10:28",7772.38,7772.56,7771.01,7771.01,-1.29,-0.02%,0
"2026-08-17 10:29",7771.05,7774.48,7771.02,7774.48,3.47,+0.04%,0
"2026-08-17 10:30",7774.58,7775.74,7774.13,7775.42,0.94,+0.01%,0
"2026-08-17 10:31",7775.62,7776.7,7774.36,7776.26,0.84,+0.01%,0
"2026-08-17 10:32",7776.37,7776.71,7775.27,7775.38,-0.88,-0.01%,0
"2026-08-17 10:33",7775.38,7776.02,7774.87,7775.41,0.03,0.00%,0
"2026-08-17 10:34",7775.42,7776.36,7775.08,7776.36,0.95,+0.01%,0
"2026-08-17 10:35",7776.14,7776.17,7773.36,7773.78,-2.58,-0.03%,0
"2026-08-17 10:36",7773.78,7773.89,7772.85,7773.15,-0.63,-0.01%,0
"2026-08-17 10:37",7772.94,7773.03,7771.07,7771.61,-1.54,-0.02%,0
"2026-08-17 10:38",7771.61,7771.86,7770.22,7770.94,-0.67,-0.01%,0
"2026-08-17 10:39",7771.29,7771.88,7770.93,7771.33,0.39,+0.01%,0
"2026-08-17 10:40",7771.05,7772.33,7770.96,7771.14,-0.19,0.00%,0
"2026-08-17 10:41",7770.98,7772.88,7770.77,7772.66,1.52,+0.02%,0
"2026-08-17 10:42",7772.64,7773.38,7771.83,7771.97,-0.69,-0.01%,0
"2026-08-17 10:43",7772.05,7773.64,7771.85,7773.38,1.41,+0.02%,0
"2026-08-17 10:44",7772.76,7773.06,7771.94,7771.94,-1.44,-0.02%,0
"2026-08-17 10:45",7771.87,7773.64,7771.87,7772.93,0.99,+0.01%,0
"2026-08-17 10:46",7772.85,7773.5,7772.02,7773.01,0.08,0.00%,0
"2026-08-17 10:47",7772.98,7773.88,7772.7,7773.78,0.77,+0.01%,0
"2026-08-17 10:48",7773.88,7774.14,7772.98,7773.74,-0.04,0.00%,0
"2026-08-17 10:49",7773.64,7774.04,7773.15,7773.41,-0.33,0.00%,0
"2026-08-17 10:50",7773.29,7773.91,7772.92,7772.92,-0.49,-0.01%,0
"2026-08-17 10:51",7772.94,7774.85,7772.73,7774.48,1.56,+0.02%,0
"2026-08-17 10:52",7774.42,7774.53,7771.55,7771.55,-2.93,-0.04%,0
"2026-08-17 10:53",7771.57,7771.81,7770.17,7770.6,-0.95,-0.01%,0
"2026-08-17 10:54",7770.65,7771.43,7770.05,7770.19,-0.41,-0.01%,0
"2026-08-17 10:55",7770.38,7770.96,7769.75,7770.69,0.5,+0.01%,0
"2026-08-17 10:56",7770.33,7771.73,7770.13,7771.54,0.85,+0.01%,0
"2026-08-17 10:57",7771.47,7772.25,7771.07,7771.52,-0.02,0.00%,0
"2026-08-17 10:58",7771.52,7773.56,7771.29,7773.56,2.04,+0.03%,0
"2026-08-17 10:59",7773.5,7773.8,7772.49,7773.8,0.24,0.00%,0
"2026-08-17 11:00",7773.62,7773.96,7772.78,7773.31,-0.49,-0.01%,0
"2026-08-17 11:01",7773.41,7774.97,7773.01,7774.88,1.57,+0.02%,0
"2026-08-17 11:02",7775.01,7775.27,7774.15,7774.21,-0.67,-0.01%,0
"2026-08-17 11:03",7774.27,7774.8,7773.74,7774.8,0.59,+0.01%,0
"2026-08-17 11:04",7774.91,7776.35,7774.9,7775.69,0.89,+0.01%,0
"2026-08-17 11:05",7775.67,7775.75,7774.19,7774.61,-1.08,-0.01%,0
"2026-08-17 11:06",7774.96,7776.67,7774.8,7776.5,1.89,+0.02%,0
"2026-08-17 11:07",7776.69,7776.91,7775.81,7776.23,-0.27,0.00%,0
"2026-08-17 11:08",7776.4,7776.53,7774.14,7774.27,-1.96,-0.03%,0
"2026-08-17 11:09",7774.19,7774.45,7773.74,7774.16,-0.11,0.00%,0
"2026-08-17 11:10",7774.02,7775.28,7774.02,7775.23,1.07,+0.01%,0
"2026-08-17 11:11",7775.15,7775.98,7774.86,7775.96,0.73,+0.01%,0
"2026-08-17 11:12",7775.93,7776.19,7775.44,7775.71,-0.25,0.00%,0
"2026-08-17 11:13",7775.59,7776.61,7775.2,7776.54,0.83,+0.01%,0
"2026-08-17 11:14",7776.4,7776.4,7774.07,7774.17,-2.37,-0.03%,0
"2026-08-17 11:15",7774.3,7777.08,7774.16,7776.91,2.74,+0.04%,0
"2026-08-17 11:16",7776.95,7777.26,7776.57,7777.26,0.35,0.00%,0
"2026-08-17 11:17",7777.17,7777.48,7776.52,7776.75,-0.51,-0.01%,0
"2026-08-17 11:18",7776.57,7777.01,7776.21,7776.88,0.13,0.00%,0
"2026-08-17 11:19",7776.97,7778.29,7776.97,7777.93,1.05,+0.01%,0
"2026-08-17 11:20",7777.87,7779.19,7777.72,7778.64,0.71,+0.01%,0
"2026-08-17 11:21",7778.18,7779.28,7778.07,7779.05,0.41,+0.01%,0
"2026-08-17 11:22",7778.94,7779.02,7778.21,7778.27,-0.78,-0.01%,0
"2026-08-17 11:23",7778.13,7778.62,7777.48,7778.33,0.06,0.00%,0
"2026-08-17 11:24",7778.35,7778.38,7777.19,7777.71,-0.62,-0.01%,0
"2026-08-17 11:25",7777.77,7778,7776.4,7776.79,-0.92,-0.01%,0
"2026-08-17 11:26",7776.73,7777.68,7776.67,7777.51,0.72,+0.01%,0
"2026-08-17 11:27",7777.65,7778.51,7777.65,7778.11,0.6,+0.01%,0
"2026-08-17 11:28",7778.05,7778.63,7777.82,7778.17,0.06,0.00%,0
"2026-08-17 11:29",7778.25,7778.79,7777.9,7777.92,-0.25,0.00%,0
"2026-08-17 11:30",7777.98,7778.6,7777.23,7777.89,-0.03,0.00%,0
"2026-08-17 11:31",7777.94,7778.13,7777.24,7777.49,-0.4,-0.01%,0
"2026-08-17 11:32",7777.41,7777.41,7775.13,7775.23,-2.26,-0.03%,0
"2026-08-17 11:33",7775.06,7775.21,7773.78,7774,-1.23,-0.02%,0
"2026-08-17 11:34",7773.84,7774.13,7773.11,7773.14,-0.86,-0.01%,0
"2026-08-17 11:35",7773.12,7774.09,7772.37,7773.72,0.58,+0.01%,0
"2026-08-17 11:36",7773.77,7773.85,7772.13,7772.5,-1.22,-0.02%,0
"2026-08-17 11:37",7772.63,7772.93,7772.17,7772.52,0.02,0.00%,0
"2026-08-17 11:38",7772.48,7772.75,7771.22,7771.68,-0.84,-0.01%,0
"2026-08-17 11:39",7771.55,7771.75,7770.22,7770.37,-1.31,-0.02%,0
"2026-08-17 11:40",7770.42,7770.7,7769.3,7770.33,-0.04,0.00%,0
"2026-08-17 11:41",7770.33,7770.33,7768.23,7770.19,-0.14,0.00%,0
"2026-08-17 11:42",7770.09,7770.92,7769.77,7770.01,-0.18,0.00%,0
"2026-08-17 11:43",7770.08,7770.68,7769.4,7770.12,0.11,0.00%,0
"2026-08-17 11:44",7769.93,7771.82,7769.83,7771.69,1.57,+0.02%,0
"2026-08-17 11:45",7771.67,7772.74,7771.62,7772.37,0.68,+0.01%,0
"2026-08-17 11:46",7772.31,7772.6,7771.48,7771.48,-0.89,-0.01%,0
"2026-08-17 11:47",7771.41,7772.23,7771.17,7771.99,0.51,+0.01%,0
"2026-08-17 11:48",7772.1,7773.08,7771.86,7772.45,0.46,+0.01%,0
"2026-08-17 11:49",7772.44,7772.73,7771.38,7772.02,-0.43,-0.01%,0
"2026-08-17 11:50",7771.99,7773.41,7771.5,7773.31,1.29,+0.02%,0
"2026-08-17 11:51",7773.1,7774.04,7773.03,7774.04,0.73,+0.01%,0
"2026-08-17 11:52",7774.02,7774.04,7773.47,7773.85,-0.19,0.00%,0
"2026-08-17 11:53",7773.84,7774.99,7773.84,7774.97,1.12,+0.01%,0
"2026-08-17 11:54",7774.95,7775.22,7774.18,7774.18,-0.79,-0.01%,0
"2026-08-17 11:55",7774.13,7774.76,7773.77,7774.58,0.4,+0.01%,0
"2026-08-17 11:56",7774.59,7775.47,7774.43,7775.2,0.62,+0.01%,0
"2026-08-17 11:57",7775.18,7775.18,7774.63,7774.84,-0.36,0.00%,0
"2026-08-17 11:58",7774.87,7775.25,7774.29,7775.25,0.41,+0.01%,0
"2026-08-17 11:59",7775.47,7775.47,7774.23,7774.23,-1.02,-0.01%,0
"2026-08-17 12:00",7774.26,7774.67,7772.64,7772.83,-1.4,-0.02%,0
"2026-08-17 12:01",7772.79,7773.44,7772.6,7772.91,0.08,0.00%,0
"2026-08-17 12:02",7772.83,7773.42,7772.31,7772.75,-0.16,0.00%,0
"2026-08-17 12:03",7772.43,7773.48,7772.4,7773.19,0.44,+0.01%,0
"2026-08-17 12:04",7773.1,7773.27,7772.78,7773.09,-0.1,0.00%,0
"2026-08-17 12:05",7773.27,7773.55,7772.6,7772.6,-0.49,-0.01%,0
"2026-08-17 12:06",7772.67,7772.87,7771.41,7771.41,-1.19,-0.02%,0
"2026-08-17 12:07",7771.39,7772.33,7771.28,7772.22,0.81,+0.01%,0
"2026-08-17 12:08",7772.25,7772.99,7771.91,7772.15,-0.07,0.00%,0
"2026-08-17 12:09",7772.24,7773.51,7771.99,7772.2,0.05,0.00%,0
"2026-08-17 12:10",7772.03,7772.92,7772.03,7772.55,0.35,0.00%,0
"2026-08-17 12:11",7772.66,7772.74,7772.21,7772.69,0.14,0.00%,0
"2026-08-17 12:12",7772.86,7773.79,7772.44,7773.77,1.08,+0.01%,0
"2026-08-17 12:13",7773.93,7775.1,7773.93,7774.4,0.63,+0.01%,0
"2026-08-17 12:14",7774.42,7774.81,7774.03,7774.14,-0.26,0.00%,0
"2026-08-17 12:15",7774.15,7775.59,7774.07,7775.59,1.45,+0.02%,0
"2026-08-17 12:16",7775.65,7776,7775.32,7775.32,-0.27,0.00%,0
"2026-08-17 12:17",7775.21,7775.93,7775.11,7775.93,0.61,+0.01%,0
"2026-08-17 12:18",7775.83,7776.35,7775.35,7775.44,-0.49,-0.01%,0
"2026-08-17 12:19",7775.33,7776.02,7775.05,7775.93,0.49,+0.01%,0
"2026-08-17 12:20",7775.87,7776.04,7775.4,7775.62,-0.31,0.00%,0
"2026-08-17 12:21",7775.64,7776.49,7775.04,7776.27,0.65,+0.01%,0
"2026-08-17 12:22",7776.16,7776.53,7775.99,7776.08,-0.19,0.00%,0
"2026-08-17 12:23",7776.07,7776.25,7775.59,7775.59,-0.49,-0.01%,0
"2026-08-17 12:24",7775.55,7775.69,7774.21,7774.21,-1.38,-0.02%,0
"2026-08-17 12:25",7774.3,7775.01,7774.26,7774.65,0.44,+0.01%,0
"2026-08-17 12:26",7774.56,7774.67,7773.72,7774.17,-0.48,-0.01%,0
"2026-08-17 12:27",7774.12,7774.2,7772.95,7773.26,-0.91,-0.01%,0
"2026-08-17 12:28",7773.3,7773.37,7772.61,7772.9,-0.36,0.00%,0
"2026-08-17 12:29",7772.94,7773.79,7772.94,7773.56,0.66,+0.01%,0
"2026-08-17 12:30",7773.42,7774.4,7773.13,7773.41,-0.15,0.00%,0
"2026-08-17 12:31",7773.44,7773.76,7773.04,7773.04,-0.37,0.00%,0
"2026-08-17 12:32",7773.02,7773.16,7771.69,7771.69,-1.35,-0.02%,0
"2026-08-17 12:33",7771.65,7771.99,7771.26,7771.84,0.15,0.00%,0
"2026-08-17 12:34",7771.89,7771.89,7771.29,7771.32,-0.52,-0.01%,0
"2026-08-17 12:35",7771.42,7772.34,7771.39,7772.09,0.77,+0.01%,0
"2026-08-17 12:36",7772.07,7772.33,7771.71,7771.71,-0.38,0.00%,0
"2026-08-17 12:37",7771.63,7772.07,7771.59,7772.07,0.36,0.00%,0
"2026-08-17 12:38",7772.1,7772.93,7772.1,7772.37,0.3,0.00%,0
"2026-08-17 12:39",7772.3,7773.18,7772.28,7773.17,0.8,+0.01%,0
"2026-08-17 12:40",7773.07,7773.1,7771.92,7771.92,-1.25,-0.02%,0
"2026-08-17 12:41",7771.86,7771.86,7770.79,7770.85,-1.07,-0.01%,0
"2026-08-17 12:42",7770.78,7771.05,7770.62,7770.8,-0.05,0.00%,0
"2026-08-17 12:43",7770.74,7771.28,7770.59,7770.59,-0.21,0.00%,0
"2026-08-17 12:44",7770.55,7770.72,7769.91,7770.01,-0.58,-0.01%,0
"2026-08-17 12:45",7769.96,7770.27,7769.24,7769.45,-0.56,-0.01%,0
"2026-08-17 12:46",7769.49,7771.06,7769.34,7770.85,1.4,+0.02%,0
"2026-08-17 12:47",7770.82,7770.82,7769.85,7769.98,-0.87,-0.01%,0
"2026-08-17 12:48",7770.02,7770.02,7769.06,7769.65,-0.33,0.00%,0
"2026-08-17 12:49",7769.67,7771.02,7769.61,7770.99,1.34,+0.02%,0
"2026-08-17 12:50",7770.75,7770.75,7770.31,7770.52,-0.47,-0.01%,0
"2026-08-17 12:51",7770.48,7770.79,7770.18,7770.33,-0.19,0.00%,0
"2026-08-17 12:52",7770.29,7770.29,7769.55,7769.74,-0.59,-0.01%,0
"2026-08-17 12:53",7769.8,7769.88,7768.57,7768.57,-1.17,-0.02%,0
"2026-08-17 12:54",7768.58,7769.26,7767.65,7769.1,0.53,+0.01%,0
"2026-08-17 12:55",7769.12,7769.68,7768.92,7769.2,0.1,0.00%,0
"2026-08-17 12:56",7769.24,7769.55,7768.61,7768.61,-0.59,-0.01%,0
"2026-08-17 12:57",7768.66,7768.72,7767.18,7767.29,-1.32,-0.02%,0
"2026-08-17 12:58",7767.33,7768.01,7767,7768.01,0.72,+0.01%,0
"2026-08-17 12:59",7768.18,7768.31,7767.77,7767.77,-0.24,0.00%,0
"2026-08-17 13:00",7767.84,7767.84,7766.44,7767.45,-0.32,0.00%,0
"2026-08-17 13:01",7767.47,7767.99,7767.26,7767.69,0.24,0.00%,0
"2026-08-17 13:02",7767.76,7767.96,7767.16,7767.48,-0.21,0.00%,0
"2026-08-17 13:03",7767.49,7768.11,7767.28,7767.42,-0.06,0.00%,0
"2026-08-17 13:04",7767.54,7767.7,7766.85,7767.12,-0.3,0.00%,0
"2026-08-17 13:05",7767.2,7767.21,7765.59,7766.11,-1.01,-0.01%,0
"2026-08-17 13:06",7766.18,7766.72,7765.96,7766.21,0.1,0.00%,0
"2026-08-17 13:07",7766.13,7766.77,7765.89,7766.06,-0.15,0.00%,0
"2026-08-17 13:08",7765.7,7766.17,7765.54,7765.62,-0.44,-0.01%,0
"2026-08-17 13:09",7765.51,7766.63,7765.51,7766.39,0.77,+0.01%,0
"2026-08-17 13:10",7766.39,7766.41,7765.49,7765.7,-0.69,-0.01%,0
"2026-08-17 13:11",7765.64,7766.4,7765.05,7766.33,0.63,+0.01%,0
"2026-08-17 13:12",7766.39,7766.7,7764.97,7764.97,-1.36,-0.02%,0
"2026-08-17 13:13",7765.02,7765.62,7764.84,7765.38,0.41,+0.01%,0
"2026-08-17 13:14",7765.05,7765.56,7763.91,7763.91,-1.47,-0.02%,0
"2026-08-17 13:15",7763.65,7764.73,7763.26,7763.99,0.08,0.00%,0
"2026-08-17 13:16",7763.96,7764.2,7762.95,7763.36,-0.63,-0.01%,0
"2026-08-17 13:17",7763.29,7763.4,7761.57,7763.14,-0.22,0.00%,0
"2026-08-17 13:18",7763.24,7764.35,7762.79,7763.4,0.26,0.00%,0
"2026-08-17 13:19",7763.35,7763.62,7762.21,7762.69,-0.71,-0.01%,0
"2026-08-17 13:20",7762.68,7762.77,7761.99,7762.31,-0.38,0.00%,0
"2026-08-17 13:21",7762.3,7763.72,7761.55,7761.59,-0.72,-0.01%,0
"2026-08-17 13:22",7761.54,7762.33,7761.08,7761.45,-0.14,0.00%,0
"2026-08-17 13:23",7761.51,7761.51,7758.57,7758.61,-2.84,-0.04%,0
"2026-08-17 13:24",7758.76,7759.06,7757.78,7758.38,-0.23,0.00%,0
"2026-08-17 13:25",7758.5,7758.72,7757,7757.22,-1.16,-0.01%,0
"2026-08-17 13:26",7757.21,7757.55,7756.73,7757.43,0.21,0.00%,0
"2026-08-17 13:27",7757.51,7757.61,7755.62,7756.39,-1.04,-0.01%,0
"2026-08-17 13:28",7756.53,7757.08,7755.51,7756.17,-0.22,0.00%,0
"2026-08-17 13:29",7756.15,7756.4,7755.55,7756.4,0.23,0.00%,0
"2026-08-17 13:30",7756.28,7757.51,7755.45,7756.48,0.08,0.00%,0
"2026-08-17 13:31",7756.54,7756.78,7755.73,7756.67,0.19,0.00%,0
"2026-08-17 13:32",7756.78,7758.71,7756.3,7758.62,1.95,+0.03%,0
"2026-08-17 13:33",7758.59,7758.99,7757.56,7758.99,0.37,0.00%,0
"2026-08-17 13:34",7758.75,7758.75,7755.55,7755.56,-3.43,-0.04%,0
"2026-08-17 13:35",7755.28,7755.37,7754.58,7754.98,-0.58,-0.01%,0
"2026-08-17 13:36",7754.84,7755.6,7754.31,7755.6,0.62,+0.01%,0
"2026-08-17 13:37",7755.63,7755.78,7754.14,7754.14,-1.46,-0.02%,0
"2026-08-17 13:38",7754.16,7754.45,7753.6,7754.42,0.28,0.00%,0
"2026-08-17 13:39",7754.37,7754.37,7752.51,7752.51,-1.91,-0.02%,0
"2026-08-17 13:40",7752.25,7753.74,7751.83,7753.4,0.89,+0.01%,0
"2026-08-17 13:41",7753.28,7755.25,7753.2,7754.83,1.43,+0.02%,0
"2026-08-17 13:42",7754.74,7756.49,7754.74,7756.49,1.66,+0.02%,0
"2026-08-17 13:43",7756.44,7757.6,7756.44,7757.3,0.81,+0.01%,0
"2026-08-17 13:44",7757.26,7758.46,7757.08,7758.2,0.9,+0.01%,0
"2026-08-17 13:45",7758.22,7758.69,7757.91,7758.3,0.1,0.00%,0
"2026-08-17 13:46",7758.4,7758.55,7756.45,7756.91,-1.39,-0.02%,0
"2026-08-17 13:47",7756.93,7757.3,7756.34,7756.87,-0.04,0.00%,0
"2026-08-17 13:48",7756.86,7756.95,7755.92,7755.98,-0.89,-0.01%,0
"2026-08-17 13:49",7755.89,7756.24,7755.49,7755.49,-0.49,-0.01%,0
"2026-08-17 13:50",7755.65,7756.08,7755.35,7755.35,-0.14,0.00%,0
"2026-08-17 13:51",7755.4,7755.73,7754.64,7754.78,-0.57,-0.01%,0
"2026-08-17 13:52",7754.78,7755.19,7754.67,7754.88,0.1,0.00%,0
"2026-08-17 13:53",7754.81,7755.64,7754.63,7755.49,0.61,+0.01%,0
"2026-08-17 13:54",7755.53,7756.89,7755.53,7755.95,0.46,+0.01%,0
"2026-08-17 13:55",7756.07,7756.27,7755.14,7755.67,-0.28,0.00%,0
"2026-08-17 13:56",7755.75,7755.75,7753.93,7754.06,-1.61,-0.02%,0
"2026-08-17 13:57",7754.28,7754.82,7754.04,7754.6,0.54,+0.01%,0
"2026-08-17 13:58",7754.68,7755.75,7754.57,7755.62,1.02,+0.01%,0
"2026-08-17 13:59",7755.59,7755.68,7754.66,7754.71,-0.91,-0.01%,0
"2026-08-17 14:00",7754.59,7756.07,7754.26,7754.35,-0.36,0.00%,0
"2026-08-17 14:01",7754.38,7754.54,7753.99,7754.19,-0.16,0.00%,0
"2026-08-17 14:02",7754.23,7755.43,7754.11,7755.31,1.12,+0.01%,0
"2026-08-17 14:03",7755.28,7755.3,7753.63,7754.98,-0.33,0.00%,0
"2026-08-17 14:04",7754.99,7755.2,7754.26,7754.73,-0.25,0.00%,0
"2026-08-17 14:05",7754.82,7754.93,7753.71,7754.63,-0.1,0.00%,0
"2026-08-17 14:06",7754.55,7756.43,7754.52,7755.47,0.84,+0.01%,0
"2026-08-17 14:07",7755.56,7755.57,7754.56,7755.31,-0.16,0.00%,0
"2026-08-17 14:08",7755.13,7755.8,7754.58,7754.83,-0.48,-0.01%,0
"2026-08-17 14:09",7754.83,7754.83,7753.92,7753.99,-0.84,-0.01%,0
"2026-08-17 14:10",7754.12,7755.25,7753.94,7755.25,1.26,+0.02%,0
"2026-08-17 14:11",7755.6,7755.65,7754.66,7755.07,-0.18,0.00%,0
"2026-08-17 14:12",7755.18,7757.23,7755.18,7757.19,2.12,+0.03%,0
"2026-08-17 14:13",7757.2,7757.8,7756.49,7756.86,-0.33,0.00%,0
"2026-08-17 14:14",7756.85,7757.45,7756.68,7757.16,0.3,0.00%,0
"2026-08-17 14:15",7757.11,7757.86,7756.53,7756.79,-0.37,0.00%,0
"2026-08-17 14:16",7756.73,7757.52,7756.69,7757.5,0.71,+0.01%,0
"2026-08-17 14:17",7757.47,7758.18,7757.34,7757.85,0.35,0.00%,0
"2026-08-17 14:18",7757.69,7758,7756.18,7756.21,-1.64,-0.02%,0
"2026-08-17 14:19",7756.24,7756.77,7755.74,7756.44,0.23,0.00%,0
"2026-08-17 14:20",7756.38,7756.38,7754.7,7754.87,-1.57,-0.02%,0
"2026-08-17 14:21",7754.88,7756.2,7754.88,7756.13,1.26,+0.02%,0
"2026-08-17 14:22",7756.15,7756.78,7755.36,7756.78,0.65,+0.01%,0
"2026-08-17 14:23",7756.9,7757.73,7756.8,7757.53,0.75,+0.01%,0
"2026-08-17 14:24",7757.45,7757.85,7756.79,7757.41,-0.12,0.00%,0
"2026-08-17 14:25",7757.47,7758.55,7757.34,7758.17,0.76,+0.01%,0
"2026-08-17 14:26",7758.12,7758.12,7756.33,7756.33,-1.84,-0.02%,0
"2026-08-17 14:27",7756.45,7756.57,7754.73,7755.27,-1.06,-0.01%,0
"2026-08-17 14:28",7755.26,7756.08,7755.22,7755.41,0.14,0.00%,0
"2026-08-17 14:29",7755.38,7756.55,7755.38,7756.48,1.07,+0.01%,0
"2026-08-17 14:30",7756.47,7756.95,7755.46,7755.52,-0.96,-0.01%,0
"2026-08-17 14:31",7755.33,7755.42,7753.66,7753.69,-1.83,-0.02%,0
"2026-08-17 14:32",7753.62,7754.42,7753.17,7754.27,0.58,+0.01%,0
"2026-08-17 14:33",7754.13,7754.35,7753.15,7753.15,-1.12,-0.01%,0
"2026-08-17 14:34",7753.27,7754.07,7753.21,7753.31,0.16,0.00%,0
"2026-08-17 14:35",7753.32,7755.51,7753.32,7755.39,2.08,+0.03%,0
"2026-08-17 14:36",7755.37,7755.37,7754.64,7754.96,-0.43,-0.01%,0
"2026-08-17 14:37",7754.91,7755.2,7754.27,7755.1,0.14,0.00%,0
"2026-08-17 14:38",7755.05,7755.8,7754.97,7755.25,0.15,0.00%,0
"2026-08-17 14:39",7755.2,7755.76,7755.19,7755.76,0.51,+0.01%,0
"2026-08-17 14:40",7755.76,7756.11,7755.29,7755.86,0.1,0.00%,0
"2026-08-17 14:41",7755.9,7756.31,7755.49,7756.14,0.28,0.00%,0
"2026-08-17 14:42",7756.16,7756.62,7755.83,7756.56,0.42,+0.01%,0
"2026-08-17 14:43",7756.63,7757.63,7756.63,7757.13,0.57,+0.01%,0
"2026-08-17 14:44",7757.02,7757.22,7756.84,7757.16,0.03,0.00%,0
"2026-08-17 14:45",7757.16,7757.62,7756.8,7756.8,-0.36,0.00%,0
"2026-08-17 14:46",7756.7,7757.16,7756.3,7756.81,0.01,0.00%,0
"2026-08-17 14:47",7756.9,7757.36,7756.75,7757.36,0.55,+0.01%,0
"2026-08-17 14:48",7757.37,7758.31,7756.97,7758.31,0.95,+0.01%,0
"2026-08-17 14:49",7758.34,7758.38,7757.57,7757.86,-0.45,-0.01%,0
"2026-08-17 14:50",7757.84,7758.28,7757.58,7757.7,-0.16,0.00%,0
"2026-08-17 14:51",7757.77,7758.82,7757.72,7758.59,0.89,+0.01%,0
"2026-08-17 14:52",7758.55,7758.75,7757.38,7757.5,-1.09,-0.01%,0
"2026-08-17 14:53",7757.52,7757.52,7756.92,7756.92,-0.58,-0.01%,0
"2026-08-17 14:54",7756.87,7757.35,7756.46,7756.81,-0.11,0.00%,0
"2026-08-17 14:55",7756.8,7756.97,7755.91,7756.67,-0.14,0.00%,0
"2026-08-17 14:56",7756.72,7756.72,7756.16,7756.25,-0.42,-0.01%,0
"2026-08-17 14:57",7756.11,7756.4,7755.66,7755.73,-0.52,-0.01%,0
"2026-08-17 14:58",7755.73,7756.34,7755.57,7756.22,0.49,+0.01%,0
"2026-08-17 14:59",7756.21,7756.52,7755.78,7755.83,-0.39,-0.01%,0
"2026-08-17 15:00",7755.93,7756.24,7755.33,7755.82,-0.01,0.00%,0
"2026-08-17 15:01",7755.81,7755.81,7754.98,7755.32,-0.5,-0.01%,0
"2026-08-17 15:02",7755.28,7755.28,7753.91,7753.96,-1.36,-0.02%,0
"2026-08-17 15:03",7753.91,7754.14,7753.68,7753.87,-0.09,0.00%,0
"2026-08-17 15:04",7753.81,7754.29,7753.68,7753.83,-0.04,0.00%,0
"2026-08-17 15:05",7753.84,7754.82,7753.77,7754.6,0.77,+0.01%,0
"2026-08-17 15:06",7754.59,7754.59,7754.1,7754.44,-0.16,0.00%,0
"2026-08-17 15:07",7754.27,7754.27,7753.26,7753.38,-1.06,-0.01%,0
"2026-08-17 15:08",7753.34,7753.39,7752.94,7753.04,-0.34,0.00%,0
"2026-08-17 15:09",7753.08,7753.87,7752.96,7753.39,0.35,0.00%,0
"2026-08-17 15:10",7753.46,7753.83,7753.11,7753.49,0.1,0.00%,0
"2026-08-17 15:11",7753.4,7754.35,7753.32,7753.87,0.38,0.00%,0
"2026-08-17 15:12",7753.85,7754.36,7753.25,7753.25,-0.62,-0.01%,0
"2026-08-17 15:13",7753.17,7753.22,7752.22,7752.61,-0.64,-0.01%,0
"2026-08-17 15:14",7752.65,7753.06,7752.38,7752.6,-0.01,0.00%,0
"2026-08-17 15:15",7752.58,7753.49,7752.27,7753.49,0.89,+0.01%,0
"2026-08-17 15:16",7753.55,7754.41,7753.49,7754.07,0.58,+0.01%,0
"2026-08-17 15:17",7754.02,7754.9,7753.83,7754.9,0.83,+0.01%,0
"2026-08-17 15:18",7754.96,7755.3,7754.47,7755.1,0.2,0.00%,0
"2026-08-17 15:19",7755.42,7755.6,7754.22,7754.22,-0.88,-0.01%,0
"2026-08-17 15:20",7754.36,7754.87,7753.93,7754.52,0.3,0.00%,0
"2026-08-17 15:21",7754.47,7754.58,7753.24,7754.11,-0.41,-0.01%,0
"2026-08-17 15:22",7754.18,7754.43,7753.29,7753.64,-0.47,-0.01%,0
"2026-08-17 15:23",7753.76,7754.05,7753.66,7753.93,0.29,0.00%,0
"2026-08-17 15:24",7753.85,7753.94,7753.32,7753.41,-0.52,-0.01%,0
"2026-08-17 15:25",7753.23,7754.84,7753.12,7754.54,1.13,+0.01%,0
"2026-08-17 15:26",7754.51,7754.51,7752.7,7752.81,-1.73,-0.02%,0
"2026-08-17 15:27",7752.79,7752.82,7752.09,7752.44,-0.37,0.00%,0
"2026-08-17 15:28",7752.4,7753.25,7752.2,7753.05,0.61,+0.01%,0
"2026-08-17 15:29",7752.9,7753.04,7751.61,7751.73,-1.32,-0.02%,0
"2026-08-17 15:30",7751.61,7751.97,7749.76,7749.76,-1.97,-0.03%,0
"2026-08-17 15:31",7749.66,7750.37,7749.65,7749.89,0.13,0.00%,0
"2026-08-17 15:32",7749.67,7749.77,7748.02,7748.7,-1.19,-0.02%,0
"2026-08-17 15:33",7748.6,7749.32,7748.01,7749.13,0.43,+0.01%,0
"2026-08-17 15:34",7749.22,7750.61,7749.22,7749.86,0.73,+0.01%,0
"2026-08-17 15:35",7749.73,7750.99,7749.73,7750.39,0.53,+0.01%,0
"2026-08-17 15:36",7750.23,7750.34,7749.28,7749.7,-0.69,-0.01%,0
"2026-08-17 15:37",7749.66,7750.34,7749.6,7750.04,0.34,0.00%,0
"2026-08-17 15:38",7750.05,7751.08,7749.76,7750.82,0.78,+0.01%,0
"2026-08-17 15:39",7750.88,7751.23,7750.01,7750.34,-0.48,-0.01%,0
"2026-08-17 15:40",7750.41,7750.91,7750.04,7750.41,0.07,0.00%,0
"2026-08-17 15:41",7750.31,7750.34,7748.52,7748.92,-1.49,-0.02%,0
"2026-08-17 15:42",7748.77,7749.23,7748.31,7748.59,-0.33,0.00%,0
"2026-08-17 15:43",7748.66,7749.69,7748.25,7749.38,0.79,+0.01%,0
"2026-08-17 15:44",7749.56,7750.28,7749.51,7750.04,0.66,+0.01%,0
"2026-08-17 15:45",7749.89,7751.44,7749.89,7751.16,1.12,+0.01%,0
"2026-08-17 15:46",7751.15,7751.79,7751.06,7751.79,0.63,+0.01%,0
"2026-08-17 15:47",7751.79,7752.48,7751.65,7752.18,0.39,+0.01%,0
"2026-08-17 15:48",7752.09,7753.11,7751.78,7753.11,0.93,+0.01%,0
"2026-08-17 15:49",7753.07,7753.14,7752.23,7753.1,-0.01,0.00%,0
"2026-08-17 15:50",7753.14,7753.14,7749.54,7749.54,-3.56,-0.05%,0
"2026-08-17 15:51",7749.47,7750.19,7748.55,7748.96,-0.58,-0.01%,0
"2026-08-17 15:52",7749,7749.53,7747.94,7748,-0.96,-0.01%,0
"2026-08-17 15:53",7748.05,7749.06,7746.33,7748.66,0.66,+0.01%,0
"2026-08-17 15:54",7748.65,7749.51,7747.46,7747.46,-1.2,-0.02%,0
"2026-08-17 15:55",7747.58,7748.68,7745.88,7745.88,-1.58,-0.02%,0
"2026-08-17 15:56",7745.93,7745.93,7744.88,7745.77,-0.11,0.00%,0
"2026-08-17 15:57",7745.97,7747.36,7745.97,7746.69,0.92,+0.01%,0
"2026-08-17 15:58",7746.67,7748.37,7746.37,7748.37,1.68,+0.02%,0
"2026-08-17 15:59",7748.76,7749.34,7745.04,7746.14,-2.23,-0.03%,0
"2026-08-17 16:00",7746.21,7746.21,7745.39,7745.39,-0.75,-0.01%,0
"2026-08-17 16:01",7745.39,7745.39,7745.38,7745.38,-0.01,0.00%,0
"2026-08-17 16:02",7745.38,7745.38,7745.37,7745.37,-0.01,0.00%,0
"2026-08-17 16:03",7745.37,7745.37,7745.14,7745.14,-0.23,0.00%,0
"2026-08-17 16:04",7745.14,7745.14,7745.07,7745.07,-0.07,0.00%,0
"2026-08-17 16:05",7745.07,7745.07,7745.05,7745.06,-0.01,0.00%,0
"2026-08-17 16:06",7745.06,7745.06,7745.06,7745.06,0,0.00%,0
"2026-08-17 16:07",7745.06,7745.06,7745.06,7745.06,0,0.00%,0
"2026-08-17 16:08",7745.06,7745.06,7745.06,7745.06,0,0.00%,0
"2026-08-17 16:09",7745.06,7745.06,7745.06,7745.06,0,0.00%,0
"2026-08-17 16:10",7745.06,7745.06,7745.06,7745.06,0,0.00%,0
"2026-08-17 16:11",7745.06,7745.06,7745.06,7745.06,0,0.00%,0
"2026-08-17 16:12",7745.06,7745.06,7745.06,7745.06,0,0.00%,0
"2026-08-17 16:13",7745.06,7745.06,7745.06,7745.06,0,0.00%,0
"2026-08-17 16:14",7745.06,7745.06,7745.06,7745.06,0,0.00%,0
"2026-08-17 16:15",7745.06,7745.06,7745.06,7745.06,0,0.00%,0
"2026-08-17 16:16",7745.06,7745.06,7745.06,7745.06,0,0.00%,0
"2026-08-17 16:17",7745.06,7745.06,7745.06,7745.06,0,0.00%,0
"2026-08-17 16:18",7745.06,7745.06,7745.06,7745.06,0,0.00%,0
"2026-08-17 16:19",7745.06,7745.06,7745.06,7745.06,0,0.00%,0
"2026-08-17 16:20",7745.06,7745.06,7745.06,7745.06,0,0.00%,0
"2026-08-17 16:42",7745.06,7745.06,7745.06,7745.06,0,0.00%,0
"2026-08-18 09:30",7700.04,7706.64,7699.43,7704.16,-40.9,-0.53%,0
"2026-08-18 09:31",7705.13,7712.86,7705.13,7711.35,7.19,+0.09%,0
"2026-08-18 09:32",7710.74,7711.58,7702.77,7703.01,-8.34,-0.11%,0
"2026-08-18 09:33",7703.11,7703.51,7699.78,7700.39,-2.62,-0.03%,0
"2026-08-18 09:34",7700.22,7704.91,7698.76,7704.53,4.14,+0.05%,0
"2026-08-18 09:35",7704.12,7710.38,7703.85,7705.4,0.87,+0.01%,0
"2026-08-18 09:36",7705.18,7708.94,7705.06,7705.54,0.14,0.00%,0
"2026-08-18 09:37",7704.12,7707.88,7703.44,7704.35,-1.19,-0.02%,0
"2026-08-18 09:38",7704.4,7709.98,7704.26,7708.93,4.58,+0.06%,0
"2026-08-18 09:39",7708.88,7711.44,7706.62,7710.22,1.29,+0.02%,0
"2026-08-18 09:40",7710.26,7712.95,7709.27,7712.5,2.28,+0.03%,0
"2026-08-18 09:41",7712.56,7713.95,7710.51,7713.74,1.24,+0.02%,0
"2026-08-18 09:42",7713.5,7713.82,7711.64,7711.9,-1.84,-0.02%,0
"2026-08-18 09:43",7711.83,7712.28,7708.98,7710.1,-1.8,-0.02%,0
"2026-08-18 09:44",7709.74,7711.23,7706.39,7707.04,-3.06,-0.04%,0
"2026-08-18 09:45",7706.7,7708.54,7703.94,7708.08,1.04,+0.01%,0
"2026-08-18 09:46",7708.82,7709.25,7704.95,7705.59,-2.49,-0.03%,0
"2026-08-18 09:47",7705.45,7708.24,7705.31,7707.58,1.99,+0.03%,0
"2026-08-18 09:48",7707.11,7709.78,7706.52,7706.88,-0.7,-0.01%,0
"2026-08-18 09:49",7706.8,7706.8,7703.03,7704.54,-2.34,-0.03%,0
"2026-08-18 09:50",7704.31,7707.36,7703.19,7706.25,1.71,+0.02%,0
"2026-08-18 09:51",7705.7,7706.92,7702.26,7704.03,-2.22,-0.03%,0
"2026-08-18 09:52",7704.1,7704.57,7702.71,7702.71,-1.32,-0.02%,0
"2026-08-18 09:53",7702.56,7706.19,7702.56,7703.84,1.13,+0.01%,0
"2026-08-18 09:54",7703.6,7706.48,7703.17,7705.21,1.37,+0.02%,0
"2026-08-18 09:55",7705.4,7705.54,7701,7701.47,-3.74,-0.05%,0
"2026-08-18 09:56",7701.68,7708.1,7701.42,7707.48,6.01,+0.08%,0
"2026-08-18 09:57",7707.23,7707.5,7704.6,7705.77,-1.71,-0.02%,0
"2026-08-18 09:58",7705.53,7706.66,7705.3,7705.77,0,0.00%,0
"2026-08-18 09:59",7706.03,7707.07,7703.21,7704.8,-0.97,-0.01%,0
"2026-08-18 10:00",7704.04,7704.42,7701.13,7704.16,-0.64,-0.01%,0
"2026-08-18 10:01",7704.17,7705.18,7702.85,7705.04,0.88,+0.01%,0
"2026-08-18 10:02",7705.17,7709.8,7704.76,7709.64,4.6,+0.06%,0
"2026-08-18 10:03",7709.65,7712.33,7709.03,7709.03,-0.61,-0.01%,0
"2026-08-18 10:04",7708.79,7709.64,7708.32,7708.97,-0.06,0.00%,0
"2026-08-18 10:05",7709.25,7709.62,7706.45,7706.63,-2.34,-0.03%,0
"2026-08-18 10:06",7705.09,7707.72,7704.38,7707.47,0.84,+0.01%,0
"2026-08-18 10:07",7707.31,7711.33,7707.31,7710.75,3.28,+0.04%,0
"2026-08-18 10:08",7710.72,7710.72,7707.74,7708.58,-2.17,-0.03%,0
"2026-08-18 10:09",7708.36,7709.14,7705.79,7705.79,-2.79,-0.04%,0
"2026-08-18 10:10",7705.62,7705.62,7701.08,7702.38,-3.41,-0.04%,0
"2026-08-18 10:11",7702.2,7702.33,7698.52,7698.52,-3.86,-0.05%,0
"2026-08-18 10:12",7698.49,7699.46,7696.85,7696.95,-1.57,-0.02%,0
"2026-08-18 10:13",7696.63,7699.18,7696.16,7699.01,2.06,+0.03%,0
"2026-08-18 10:14",7699.29,7700.77,7697.63,7700.59,1.58,+0.02%,0
"2026-08-18 10:15",7700.43,7704.65,7699.41,7704.65,4.06,+0.05%,0
"2026-08-18 10:16",7704.68,7705.62,7703.66,7705.11,0.46,+0.01%,0
"2026-08-18 10:17",7705.27,7705.96,7701.51,7701.71,-3.4,-0.04%,0
"2026-08-18 10:18",7702.04,7707.88,7701.69,7707.81,6.1,+0.08%,0
"2026-08-18 10:19",7707.84,7707.84,7705.08,7705.78,-2.03,-0.03%,0
"2026-08-18 10:20",7705.36,7707.55,7704.96,7706.51,0.73,+0.01%,0
"2026-08-18 10:21",7706.47,7707.4,7702.15,7702.26,-4.25,-0.06%,0
"2026-08-18 10:22",7701.94,7703.47,7701.29,7702.19,-0.07,0.00%,0
"2026-08-18 10:23",7701.94,7704.47,7701.94,7704.38,2.19,+0.03%,0
"2026-08-18 10:24",7704.81,7709.03,7703.14,7707.9,3.52,+0.05%,0
"2026-08-18 10:25",7708,7709.74,7707.71,7709.74,1.84,+0.02%,0
"2026-08-18 10:26",7709.55,7711.09,7707.45,7710.36,0.62,+0.01%,0
"2026-08-18 10:27",7709.91,7710.52,7707.76,7709.15,-1.21,-0.02%,0
"2026-08-18 10:28",7709.25,7709.36,7706.92,7707.9,-1.25,-0.02%,0
"2026-08-18 10:29",7708.06,7708.16,7705.59,7706.97,-0.93,-0.01%,0
"2026-08-18 10:30",7706.66,7710.6,7706.13,7710.4,3.43,+0.04%,0
"2026-08-18 10:31",7709.97,7710.41,7707.79,7709.56,-0.84,-0.01%,0
"2026-08-18 10:32",7709.37,7712.1,7708.3,7711.75,2.19,+0.03%,0
"2026-08-18 10:33",7711.45,7711.58,7710.24,7710.96,-0.79,-0.01%,0
"2026-08-18 10:34",7711.01,7712.09,7708.19,7708.19,-2.77,-0.04%,0
"2026-08-18 10:35",7708.09,7710.57,7707.55,7709.77,1.58,+0.02%,0
"2026-08-18 10:36",7709.69,7710.6,7709.69,7709.89,0.12,0.00%,0
"2026-08-18 10:37",7710.05,7710.74,7708.97,7710.11,0.22,0.00%,0
"2026-08-18 10:38",7709.88,7711.12,7709.07,7709.36,-0.75,-0.01%,0
"2026-08-18 10:39",7709.48,7711.11,7708.79,7710.43,1.07,+0.01%,0
"2026-08-18 10:40",7710.42,7711.34,7708.46,7709.48,-0.95,-0.01%,0
"2026-08-18 10:41",7709.29,7710.04,7708.12,7708.75,-0.73,-0.01%,0
"2026-08-18 10:42",7708.49,7708.62,7705.35,7705.35,-3.4,-0.04%,0
"2026-08-18 10:43",7705.34,7706.46,7704.85,7705.68,0.33,0.00%,0
"2026-08-18 10:44",7705.7,7705.7,7703.62,7703.8,-1.88,-0.02%,0
"2026-08-18 10:45",7703.79,7704.9,7703.1,7703.1,-0.7,-0.01%,0
"2026-08-18 10:46",7702.7,7704.82,7701.64,7704.76,1.66,+0.02%,0
"2026-08-18 10:47",7704.93,7705.01,7702.88,7703.41,-1.35,-0.02%,0
"2026-08-18 10:48",7703.42,7704.75,7702.94,7704.75,1.34,+0.02%,0
"2026-08-18 10:49",7705.17,7705.17,7702.93,7704.26,-0.49,-0.01%,0
"2026-08-18 10:50",7704.34,7707,7703.5,7706.17,1.91,+0.02%,0
"2026-08-18 10:51",7706.21,7707.28,7705.57,7706.52,0.35,0.00%,0
"2026-08-18 10:52",7706.53,7707.48,7703.67,7703.78,-2.74,-0.04%,0
"2026-08-18 10:53",7703.59,7703.59,7699.06,7701.33,-2.45,-0.03%,0
"2026-08-18 10:54",7701.37,7701.59,7699.29,7699.42,-1.91,-0.02%,0
"2026-08-18 10:55",7699.33,7700.79,7698.93,7700.05,0.63,+0.01%,0
"2026-08-18 10:56",7700.02,7700.02,7697.77,7699.36,-0.69,-0.01%,0
"2026-08-18 10:57",7699.41,7700.28,7697.77,7698.17,-1.19,-0.02%,0
"2026-08-18 10:58",7698.6,7698.98,7696.96,7697.27,-0.9,-0.01%,0
"2026-08-18 10:59",7697.27,7698.95,7696.86,7698.95,1.68,+0.02%,0
"2026-08-18 11:00",7699.29,7700.29,7696.81,7696.81,-2.14,-0.03%,0
"2026-08-18 11:01",7696.65,7696.74,7694.18,7695.36,-1.45,-0.02%,0
"2026-08-18 11:02",7695.42,7697.15,7694.85,7697.08,1.72,+0.02%,0
"2026-08-18 11:03",7697.05,7700.42,7696.83,7699.95,2.87,+0.04%,0
"2026-08-18 11:04",7700.06,7702.5,7699.62,7702,2.05,+0.03%,0
"2026-08-18 11:05",7701.84,7703.24,7700.8,7702.24,0.24,0.00%,0
"2026-08-18 11:06",7702.03,7702.65,7700.84,7702.43,0.19,0.00%,0
"2026-08-18 11:07",7702.28,7702.51,7701.29,7702.26,-0.17,0.00%,0
"2026-08-18 11:08",7702.27,7702.27,7699.47,7700.09,-2.17,-0.03%,0
"2026-08-18 11:09",7699.97,7700.27,7696.99,7697.47,-2.62,-0.03%,0
"2026-08-18 11:10",7697.24,7697.79,7696.13,7697.61,0.14,0.00%,0
"2026-08-18 11:11",7697.62,7699.17,7696.94,7698.62,1.01,+0.01%,0
"2026-08-18 11:12",7698.58,7698.88,7697.52,7698.3,-0.32,0.00%,0
"2026-08-18 11:13",7698.34,7698.34,7696.25,7697.33,-0.97,-0.01%,0
"2026-08-18 11:14",7697.34,7697.45,7696.38,7696.78,-0.55,-0.01%,0
"2026-08-18 11:15",7697.22,7698.68,7696.74,7697.12,0.34,0.00%,0
"2026-08-18 11:16",7697.03,7698.6,7697.03,7697.85,0.73,+0.01%,0
"2026-08-18 11:17",7698.03,7698.42,7695.77,7695.84,-2.01,-0.03%,0
"2026-08-18 11:18",7695.5,7697.39,7695.5,7697.28,1.44,+0.02%,0
"2026-08-18 11:19",7697.3,7697.83,7694.8,7694.99,-2.29,-0.03%,0
"2026-08-18 11:20",7694.71,7694.9,7693.89,7694.67,-0.32,0.00%,0
"2026-08-18 11:21",7694.78,7695.93,7694.31,7694.96,0.29,0.00%,0
"2026-08-18 11:22",7695.16,7696.34,7694.17,7695.86,0.9,+0.01%,0
"2026-08-18 11:23",7695.91,7697.23,7695.77,7697.03,1.17,+0.02%,0
"2026-08-18 11:24",7697.17,7697.43,7696.26,7696.26,-0.77,-0.01%,0
"2026-08-18 11:25",7695.92,7696.3,7694.67,7695.36,-0.9,-0.01%,0
"2026-08-18 11:26",7695.37,7697.17,7695.13,7697.17,1.81,+0.02%,0
"2026-08-18 11:27",7696.72,7697.15,7695.91,7696.62,-0.55,-0.01%,0
"2026-08-18 11:28",7696.73,7699.6,7696.6,7699.54,2.92,+0.04%,0
"2026-08-18 11:29",7699.49,7700.28,7698.64,7698.93,-0.61,-0.01%,0
"2026-08-18 11:30",7698.78,7700.77,7698.19,7700.77,1.84,+0.02%,0
"2026-08-18 11:31",7701.26,7701.95,7699.66,7699.68,-1.09,-0.01%,0
"2026-08-18 11:32",7699.55,7700.67,7697.98,7698.06,-1.62,-0.02%,0
"2026-08-18 11:33",7698.18,7699.57,7697.86,7699.57,1.51,+0.02%,0
"2026-08-18 11:34",7699.38,7700.06,7698.05,7698.8,-0.77,-0.01%,0
"2026-08-18 11:35",7698.69,7698.76,7696.32,7697.03,-1.77,-0.02%,0
"2026-08-18 11:36",7696.91,7697.41,7695.91,7697.32,0.29,0.00%,0
"2026-08-18 11:37",7697.36,7698.13,7697.15,7697.58,0.26,0.00%,0
"2026-08-18 11:38",7697.68,7698.58,7697.48,7698.41,0.83,+0.01%,0
"2026-08-18 11:39",7698.55,7698.93,7697.63,7698.14,-0.27,0.00%,0
"2026-08-18 11:40",7698.19,7699.26,7697.08,7698.97,0.83,+0.01%,0
"2026-08-18 11:41",7699.39,7701.6,7698.89,7701.47,2.5,+0.03%,0
"2026-08-18 11:42",7701.34,7702.43,7699.77,7700.56,-0.91,-0.01%,0
"2026-08-18 11:43",7700.52,7701.13,7700.11,7700.2,-0.36,0.00%,0
"2026-08-18 11:44",7700.01,7701.1,7699.76,7700.71,0.51,+0.01%,0
"2026-08-18 11:45",7700.75,7702.89,7700.75,7702.76,2.05,+0.03%,0
"2026-08-18 11:46",7703.17,7704.29,7702.7,7704.24,1.48,+0.02%,0
"2026-08-18 11:47",7704.29,7705.3,7703.98,7704.43,0.19,0.00%,0
"2026-08-18 11:48",7704.4,7705.47,7703.16,7703.16,-1.27,-0.02%,0
"2026-08-18 11:49",7703.26,7704.91,7703.26,7703.97,0.81,+0.01%,0
"2026-08-18 11:50",7704,7704,7700.84,7701.12,-2.85,-0.04%,0
"2026-08-18 11:51",7701.16,7702.84,7700.97,7702.84,1.72,+0.02%,0
"2026-08-18 11:52",7702.56,7704.47,7702.17,7704.47,1.63,+0.02%,0
"2026-08-18 11:53",7704.56,7706.16,7704.43,7704.55,0.08,0.00%,0
"2026-08-18 11:54",7704.58,7705.82,7704.58,7705.37,0.82,+0.01%,0
"2026-08-18 11:55",7705.31,7705.43,7703.85,7703.85,-1.52,-0.02%,0
"2026-08-18 11:56",7704.06,7704.37,7702.71,7703.41,-0.44,-0.01%,0
"2026-08-18 11:57",7703.29,7703.31,7701.14,7701.34,-2.07,-0.03%,0
"2026-08-18 11:58",7701.33,7701.71,7700.99,7701.25,-0.09,0.00%,0
"2026-08-18 11:59",7701.33,7703.66,7700.97,7703.66,2.41,+0.03%,0
"2026-08-18 12:00",7703.71,7705.82,7703.12,7705.1,1.44,+0.02%,0
"2026-08-18 12:01",7705.23,7705.49,7704.19,7704.19,-0.91,-0.01%,0
"2026-08-18 12:02",7704.3,7705.64,7704.3,7705.39,1.2,+0.02%,0
"2026-08-18 12:03",7705.31,7706.11,7705.08,7705.53,0.14,0.00%,0
"2026-08-18 12:04",7705.46,7706.39,7705.31,7705.72,0.19,0.00%,0
"2026-08-18 12:05",7705.81,7706.74,7705.25,7706.31,0.59,+0.01%,0
"2026-08-18 12:06",7706.33,7706.33,7704.05,7704.06,-2.25,-0.03%,0
"2026-08-18 12:07",7704.02,7704.9,7702.46,7704.9,0.84,+0.01%,0
"2026-08-18 12:08",7705.23,7705.58,7704.23,7704.23,-0.67,-0.01%,0
"2026-08-18 12:09",7704.69,7704.69,7703.62,7703.93,-0.3,0.00%,0
"2026-08-18 12:10",7703.9,7705.81,7703.9,7705.69,1.76,+0.02%,0
"2026-08-18 12:11",7705.59,7707.01,7705.08,7707.01,1.32,+0.02%,0
"2026-08-18 12:12",7706.72,7706.79,7706.05,7706.55,-0.46,-0.01%,0
"2026-08-18 12:13",7706.55,7707.43,7706.05,7707.02,0.47,+0.01%,0
"2026-08-18 12:14",7707.03,7707.06,7705.45,7705.45,-1.57,-0.02%,0
"2026-08-18 12:15",7705.43,7706.31,7704.38,7704.38,-1.07,-0.01%,0
"2026-08-18 12:16",7704.38,7704.88,7703.64,7703.68,-0.7,-0.01%,0
"2026-08-18 12:17",7703.63,7704.45,7703.36,7704.23,0.55,+0.01%,0
"2026-08-18 12:18",7704.29,7704.74,7702.31,7702.82,-1.41,-0.02%,0
"2026-08-18 12:19",7702.63,7703.53,7702.63,7703.3,0.48,+0.01%,0
"2026-08-18 12:20",7703.23,7705.96,7703.23,7705.22,1.92,+0.02%,0
"2026-08-18 12:21",7705.01,7706.99,7704.8,7706.56,1.34,+0.02%,0
"2026-08-18 12:22",7706.44,7708.48,7706,7707.61,1.05,+0.01%,0
"2026-08-18 12:23",7707.59,7707.59,7705.49,7707.03,-0.58,-0.01%,0
"2026-08-18 12:24",7706.93,7706.93,7705.47,7706.75,-0.28,0.00%,0
"2026-08-18 12:25",7706.6,7706.96,7705.67,7706.86,0.11,0.00%,0
"2026-08-18 12:26",7706.58,7706.91,7705.31,7705.31,-1.55,-0.02%,0
"2026-08-18 12:27",7705.23,7705.23,7703.45,7703.45,-1.86,-0.02%,0
"2026-08-18 12:28",7703.44,7703.46,7701.95,7702.06,-1.39,-0.02%,0
"2026-08-18 12:29",7702.08,7702.39,7701.63,7702.23,0.17,0.00%,0
"2026-08-18 12:30",7702.2,7703.5,7701.96,7702.53,0.3,0.00%,0
"2026-08-18 12:31",7702.52,7702.76,7701.22,7701.82,-0.71,-0.01%,0
"2026-08-18 12:32",7701.84,7703.23,7701.61,7703.16,1.34,+0.02%,0
"2026-08-18 12:33",7703.44,7703.71,7702.98,7703.1,-0.06,0.00%,0
"2026-08-18 12:34",7703.08,7704.26,7702.71,7703.36,0.26,0.00%,0
"2026-08-18 12:35",7703.42,7703.68,7702.05,7702.72,-0.64,-0.01%,0
"2026-08-18 12:36",7702.65,7702.69,7701.89,7702.07,-0.65,-0.01%,0
"2026-08-18 12:37",7702.19,7703.63,7701.92,7703.25,1.18,+0.02%,0
"2026-08-18 12:38",7703.37,7705.38,7703.37,7704.92,1.67,+0.02%,0
"2026-08-18 12:39",7704.92,7705.75,7704.63,7705.16,0.24,0.00%,0
"2026-08-18 12:40",7705.11,7706.27,7704.34,7705.06,-0.1,0.00%,0
"2026-08-18 12:41",7705.15,7705.15,7704.23,7704.87,-0.19,0.00%,0
"2026-08-18 12:42",7704.85,7705.22,7703.84,7704.05,-0.82,-0.01%,0
"2026-08-18 12:43",7703.99,7704.01,7702.33,7702.77,-1.28,-0.02%,0
"2026-08-18 12:44",7702.92,7703.89,7702.52,7703.89,1.12,+0.01%,0
"2026-08-18 12:45",7704.07,7704.33,7702.24,7702.24,-1.65,-0.02%,0
"2026-08-18 12:46",7702.36,7706.41,7702.25,7706.22,3.98,+0.05%,0
"2026-08-18 12:47",7706.17,7706.48,7705.67,7706.19,-0.03,0.00%,0
"2026-08-18 12:48",7706.13,7708.42,7706.13,7708.38,2.19,+0.03%,0
"2026-08-18 12:49",7708.28,7708.56,7707.92,7708.38,0,0.00%,0
"2026-08-18 12:50",7708.4,7708.56,7707.34,7708.27,-0.11,0.00%,0
"2026-08-18 12:51",7708.23,7708.31,7707.64,7708.31,0.04,0.00%,0
"2026-08-18 12:52",7708.29,7708.31,7706.93,7707.17,-1.14,-0.01%,0
"2026-08-18 12:53",7707.32,7708.46,7707.27,7708.33,1.16,+0.02%,0
"2026-08-18 12:54",7708.23,7708.99,7707.93,7708.49,0.16,0.00%,0
"2026-08-18 12:55",7708.44,7708.54,7706.9,7706.9,-1.59,-0.02%,0
"2026-08-18 12:56",7706.85,7707.48,7706.85,7706.99,0.09,0.00%,0
"2026-08-18 12:57",7706.99,7707.15,7706.53,7706.86,-0.13,0.00%,0
"2026-08-18 12:58",7706.87,7707.11,7706.71,7706.94,0.08,0.00%,0
"2026-08-18 12:59",7706.94,7707.46,7706.4,7706.72,-0.22,0.00%,0
"2026-08-18 13:00",7706.54,7706.77,7705.31,7705.32,-1.4,-0.02%,0
"2026-08-18 13:01",7705.35,7706.27,7704.31,7704.49,-0.83,-0.01%,0
"2026-08-18 13:02",7704.36,7706.08,7704.1,7706.08,1.59,+0.02%,0
"2026-08-18 13:03",7706.06,7707.1,7705.94,7707.03,0.95,+0.01%,0
"2026-08-18 13:04",7706.98,7707.21,7706,7706.24,-0.79,-0.01%,0
"2026-08-18 13:05",7705.96,7706.19,7705.6,7705.86,-0.38,0.00%,0
"2026-08-18 13:06",7705.6,7706.27,7704.67,7705.59,-0.27,0.00%,0
"2026-08-18 13:07",7705.41,7705.5,7704.44,7704.68,-0.91,-0.01%,0
"2026-08-18 13:08",7704.62,7706.24,7704.58,7705.82,1.14,+0.01%,0
"2026-08-18 13:09",7705.83,7707.08,7705.66,7706.99,1.17,+0.02%,0
"2026-08-18 13:10",7707.46,7707.84,7706.46,7706.56,-0.43,-0.01%,0
"2026-08-18 13:11",7706.52,7706.64,7705.18,7705.18,-1.38,-0.02%,0
"2026-08-18 13:12",7705.12,7707.17,7704.96,7707.14,1.96,+0.03%,0
"2026-08-18 13:13",7707.1,7707.29,7705.76,7705.9,-1.24,-0.02%,0
"2026-08-18 13:14",7706.1,7706.62,7706,7706.07,0.17,0.00%,0
"2026-08-18 13:15",7706.38,7706.38,7704.44,7704.44,-1.63,-0.02%,0
"2026-08-18 13:16",7704.4,7704.4,7703.44,7703.88,-0.56,-0.01%,0
"2026-08-18 13:17",7703.86,7704.02,7703.66,7704.01,0.13,0.00%,0
"2026-08-18 13:18",7704.01,7704.01,7703,7703.66,-0.35,0.00%,0
"2026-08-18 13:19",7703.6,7703.88,7703.06,7703.2,-0.46,-0.01%,0
"2026-08-18 13:20",7703.05,7704.06,7702.74,7703.23,0.03,0.00%,0
"2026-08-18 13:21",7703.32,7705.29,7703.32,7704.79,1.56,+0.02%,0
"2026-08-18 13:22",7704.83,7704.83,7703.5,7703.96,-0.83,-0.01%,0
"2026-08-18 13:23",7703.88,7703.88,7702.95,7702.95,-1.01,-0.01%,0
"2026-08-18 13:24",7702.87,7703.21,7702.44,7702.59,-0.36,0.00%,0
"2026-08-18 13:25",7702.64,7702.9,7700.9,7700.97,-1.62,-0.02%,0
"2026-08-18 13:26",7700.92,7701.96,7700.77,7701.96,0.99,+0.01%,0
"2026-08-18 13:27",7701.88,7701.88,7701.35,7701.76,-0.2,0.00%,0
"2026-08-18 13:28",7701.42,7702.57,7701.18,7702.3,0.54,+0.01%,0
"2026-08-18 13:29",7702.23,7703.24,7701.97,7702.99,0.69,+0.01%,0
"2026-08-18 13:30",7703.11,7703.11,7701.57,7701.61,-1.38,-0.02%,0
"2026-08-18 13:31",7701.39,7703.12,7701.32,7702.91,1.3,+0.02%,0
"2026-08-18 13:32",7702.78,7703.84,7702.75,7703.22,0.31,0.00%,0
"2026-08-18 13:33",7703.28,7703.28,7702.21,7702.77,-0.45,-0.01%,0
"2026-08-18 13:34",7702.79,7703.03,7701.98,7701.98,-0.79,-0.01%,0
"2026-08-18 13:35",7701.92,7702.19,7701.06,7701.9,-0.08,0.00%,0
"2026-08-18 13:36",7701.88,7702.27,7700.25,7700.25,-1.65,-0.02%,0
"2026-08-18 13:37",7700.31,7700.87,7700.13,7700.87,0.62,+0.01%,0
"2026-08-18 13:38",7700.8,7703.74,7700.8,7703.58,2.71,+0.04%,0
"2026-08-18 13:39",7703.54,7703.7,7702.49,7702.49,-1.09,-0.01%,0
"2026-08-18 13:40",7702.51,7703.38,7701.58,7702.18,-0.31,0.00%,0
"2026-08-18 13:41",7702.03,7702.03,7700.8,7701.23,-0.95,-0.01%,0
"2026-08-18 13:42",7701.4,7701.81,7701.24,7701.41,0.18,0.00%,0
"2026-08-18 13:43",7701.46,7702.2,7701.19,7701.19,-0.22,0.00%,0
"2026-08-18 13:44",7701.17,7701.72,7700.98,7701.01,-0.18,0.00%,0
"2026-08-18 13:45",7700.93,7702.15,7700.62,7701.34,0.33,0.00%,0
"2026-08-18 13:46",7701.21,7701.49,7699.98,7699.98,-1.36,-0.02%,0
"2026-08-18 13:47",7700.02,7700.42,7699.97,7700.07,0.09,0.00%,0
"2026-08-18 13:48",7700.24,7700.63,7699.85,7700.61,0.54,+0.01%,0
"2026-08-18 13:49",7700.62,7700.82,7699.9,7700.09,-0.52,-0.01%,0
"2026-08-18 13:50",7700.06,7700.69,7699.63,7700.21,0.12,0.00%,0
"2026-08-18 13:51",7700.08,7700.44,7699.71,7700.31,0.1,0.00%,0
"2026-08-18 13:52",7700.45,7701.16,7700.14,7700.88,0.57,+0.01%,0
"2026-08-18 13:53",7700.88,7701.76,7700.88,7701.24,0.36,0.00%,0
"2026-08-18 13:54",7701.27,7701.56,7700.55,7700.64,-0.6,-0.01%,0
"2026-08-18 13:55",7700.62,7700.63,7699.26,7699.59,-1.05,-0.01%,0
"2026-08-18 13:56",7699.7,7699.71,7698.85,7698.85,-0.74,-0.01%,0
"2026-08-18 13:57",7698.79,7699.33,7697.91,7697.91,-0.94,-0.01%,0
"2026-08-18 13:58",7697.89,7698.06,7697.17,7697.17,-0.74,-0.01%,0
"2026-08-18 13:59",7697.17,7697.28,7695.99,7695.99,-1.18,-0.02%,0
"2026-08-18 14:00",7695.86,7696.18,7695.28,7695.77,-0.22,0.00%,0
"2026-08-18 14:01",7695.94,7696.3,7695.44,7696.15,0.38,0.00%,0
"2026-08-18 14:02",7696.13,7696.99,7695.89,7695.89,-0.26,0.00%,0
"2026-08-18 14:03",7695.86,7696.69,7695.45,7695.9,0.01,0.00%,0
"2026-08-18 14:04",7695.93,7696.49,7695.61,7696.1,0.2,0.00%,0
"2026-08-18 14:05",7696.09,7697.21,7695.44,7695.68,-0.42,-0.01%,0
"2026-08-18 14:06",7695.56,7696.05,7695.05,7695.46,-0.22,0.00%,0
"2026-08-18 14:07",7695.48,7696.13,7695.15,7695.98,0.52,+0.01%,0
"2026-08-18 14:08",7695.96,7696.39,7695.56,7695.7,-0.28,0.00%,0
"2026-08-18 14:09",7695.65,7695.65,7694.28,7694.59,-1.11,-0.01%,0
"2026-08-18 14:10",7694.74,7694.96,7694.49,7694.91,0.32,0.00%,0
"2026-08-18 14:11",7694.84,7696.09,7694.58,7695.46,0.55,+0.01%,0
"2026-08-18 14:12",7695.4,7696.56,7694.99,7696.56,1.1,+0.01%,0
"2026-08-18 14:13",7696.6,7700.11,7696.45,7699.86,3.3,+0.04%,0
"2026-08-18 14:14",7699.82,7700.58,7699.6,7700.38,0.52,+0.01%,0
"2026-08-18 14:15",7700.48,7701.92,7700.17,7701.38,1,+0.01%,0
"2026-08-18 14:16",7701.43,7701.6,7701.03,7701.03,-0.35,0.00%,0
"2026-08-18 14:17",7701.04,7701.97,7701.04,7701.94,0.91,+0.01%,0
"2026-08-18 14:18",7701.91,7703.6,7701.75,7702.96,1.02,+0.01%,0
"2026-08-18 14:19",7703.02,7704.11,7702.9,7704.11,1.15,+0.01%,0
"2026-08-18 14:20",7704.04,7704.04,7702.68,7702.95,-1.16,-0.02%,0
"2026-08-18 14:21",7703.21,7704.47,7702.66,7704.47,1.52,+0.02%,0
"2026-08-18 14:22",7704.52,7705.42,7702.98,7702.98,-1.49,-0.02%,0
"2026-08-18 14:23",7703.08,7703.28,7702.18,7702.19,-0.79,-0.01%,0
"2026-08-18 14:24",7702.32,7702.82,7702.03,7702.52,0.33,0.00%,0
"2026-08-18 14:25",7702.67,7702.67,7701.16,7701.33,-1.19,-0.02%,0
"2026-08-18 14:26",7701.19,7702.59,7700.86,7702.54,1.21,+0.02%,0
"2026-08-18 14:27",7702.5,7702.8,7701.68,7702.8,0.26,0.00%,0
"2026-08-18 14:28",7702.61,7703.74,7702.54,7703.2,0.4,+0.01%,0
"2026-08-18 14:29",7703.28,7704,7703.25,7703.73,0.53,+0.01%,0
"2026-08-18 14:30",7703.73,7703.89,7703.22,7703.28,-0.45,-0.01%,0
"2026-08-18 14:31",7703.23,7703.69,7703.17,7703.56,0.28,0.00%,0
"2026-08-18 14:32",7703.53,7703.53,7701.77,7701.77,-1.79,-0.02%,0
"2026-08-18 14:33",7701.66,7702.4,7701.64,7701.64,-0.13,0.00%,0
"2026-08-18 14:34",7701.61,7702.79,7701.29,7702.79,1.15,+0.01%,0
"2026-08-18 14:35",7702.94,7703.99,7702.94,7703.55,0.76,+0.01%,0
"2026-08-18 14:36",7703.49,7703.95,7702.96,7702.96,-0.59,-0.01%,0
"2026-08-18 14:37",7702.83,7704.06,7702.83,7703.41,0.45,+0.01%,0
"2026-08-18 14:38",7703.58,7703.99,7703.36,7703.55,0.14,0.00%,0
"2026-08-18 14:39",7703.52,7703.62,7702.91,7703.18,-0.37,0.00%,0
"2026-08-18 14:40",7703.13,7703.32,7701.82,7702,-1.18,-0.02%,0
"2026-08-18 14:41",7701.91,7702.09,7701.01,7701.22,-0.78,-0.01%,0
"2026-08-18 14:42",7701.16,7702.43,7701.16,7701.76,0.54,+0.01%,0
"2026-08-18 14:43",7701.6,7703.09,7701.6,7702.46,0.7,+0.01%,0
"2026-08-18 14:44",7702.07,7702.14,7700.68,7701.1,-1.36,-0.02%,0
"2026-08-18 14:45",7700.93,7701.33,7700.35,7700.89,-0.21,0.00%,0
"2026-08-18 14:46",7700.85,7701.36,7700.44,7700.77,-0.12,0.00%,0
"2026-08-18 14:47",7700.76,7701.49,7700.27,7701.49,0.72,+0.01%,0
"2026-08-18 14:48",7701.56,7701.63,7700.3,7700.57,-0.92,-0.01%,0
"2026-08-18 14:49",7700.58,7700.64,7700.09,7700.21,-0.36,0.00%,0
"2026-08-18 14:50",7700.27,7700.66,7699.75,7699.75,-0.46,-0.01%,0
"2026-08-18 14:51",7699.74,7700.11,7699.32,7699.86,0.11,0.00%,0
"2026-08-18 14:52",7699.86,7699.86,7698.38,7698.57,-1.29,-0.02%,0
"2026-08-18 14:53",7698.58,7699.24,7698.52,7698.59,0.02,0.00%,0
"2026-08-18 14:54",7698.58,7698.92,7697.89,7697.95,-0.64,-0.01%,0
"2026-08-18 14:55",7697.8,7697.96,7697.05,7697.8,-0.15,0.00%,0
"2026-08-18 14:56",7697.75,7698.8,7697.66,7697.96,0.16,0.00%,0
"2026-08-18 14:57",7698.02,7698.05,7697.37,7697.89,-0.07,0.00%,0
"2026-08-18 14:58",7697.93,7698,7697.35,7697.51,-0.38,0.00%,0
"2026-08-18 14:59",7697.43,7697.52,7696.97,7697,-0.51,-0.01%,0
"2026-08-18 15:00",7696.89,7697.97,7696.04,7696.98,-0.02,0.00%,0
"2026-08-18 15:01",7696.98,7697.83,7696.85,7697.78,0.8,+0.01%,0
"2026-08-18 15:02",7697.69,7698.39,7697.35,7697.81,0.03,0.00%,0
"2026-08-18 15:03",7697.77,7698.39,7697.14,7697.8,-0.01,0.00%,0
"2026-08-18 15:04",7697.77,7697.97,7697.14,7697.16,-0.64,-0.01%,0
"2026-08-18 15:05",7697.1,7697.12,7696.4,7697.01,-0.15,0.00%,0
"2026-08-18 15:06",7697.04,7697.28,7696.56,7697.25,0.24,0.00%,0
"2026-08-18 15:07",7697.2,7698.45,7696.98,7697.45,0.2,0.00%,0
"2026-08-18 15:08",7697.45,7698.88,7697.32,7698.73,1.28,+0.02%,0
"2026-08-18 15:09",7698.67,7699.11,7697.58,7697.78,-0.95,-0.01%,0
"2026-08-18 15:10",7697.92,7698.9,7697.88,7698.84,1.06,+0.01%,0
"2026-08-18 15:11",7698.8,7698.8,7696.97,7697.07,-1.77,-0.02%,0
"2026-08-18 15:12",7696.93,7697.17,7695.74,7696.24,-0.83,-0.01%,0
"2026-08-18 15:13",7696.25,7696.78,7695.79,7696.38,0.14,0.00%,0
"2026-08-18 15:14",7696.43,7696.68,7695.74,7696.13,-0.25,0.00%,0
"2026-08-18 15:15",7696.14,7697.14,7695.99,7696.57,0.44,+0.01%,0
"2026-08-18 15:16",7696.58,7697.73,7696.2,7696.99,0.42,+0.01%,0
"2026-08-18 15:17",7697.03,7697.75,7696.79,7696.79,-0.2,0.00%,0
"2026-08-18 15:18",7696.81,7697.83,7696.78,7697.76,0.97,+0.01%,0
"2026-08-18 15:19",7697.71,7698.42,7697.35,7698.28,0.52,+0.01%,0
"2026-08-18 15:20",7698.3,7698.6,7697.35,7698.18,-0.1,0.00%,0
"2026-08-18 15:21",7698.2,7698.41,7697.49,7697.99,-0.19,0.00%,0
"2026-08-18 15:22",7697.97,7700.11,7697.69,7699.9,1.91,+0.02%,0
"2026-08-18 15:23",7699.9,7700.09,7699.04,7699.63,-0.27,0.00%,0
"2026-08-18 15:24",7699.64,7701.38,7699.23,7701.38,1.75,+0.02%,0
"2026-08-18 15:25",7701.34,7701.34,7700.47,7700.81,-0.57,-0.01%,0
"2026-08-18 15:26",7700.79,7701.46,7700.33,7700.54,-0.27,0.00%,0
"2026-08-18 15:27",7700.68,7701.25,7700.51,7701.07,0.53,+0.01%,0
"2026-08-18 15:28",7701.01,7701.54,7700.22,7700.87,-0.2,0.00%,0
"2026-08-18 15:29",7700.86,7700.94,7699.92,7699.92,-0.95,-0.01%,0
"2026-08-18 15:30",7699.92,7701.01,7699.5,7700.53,0.61,+0.01%,0
"2026-08-18 15:31",7700.68,7701.74,7699.79,7699.81,-0.72,-0.01%,0
"2026-08-18 15:32",7700.14,7700.88,7699.99,7700.07,0.26,0.00%,0
"2026-08-18 15:33",7699.98,7700.08,7698.97,7699.25,-0.82,-0.01%,0
"2026-08-18 15:34",7699.26,7699.26,7698.19,7698.72,-0.53,-0.01%,0
"2026-08-18 15:35",7698.69,7699.1,7698.18,7698.44,-0.28,0.00%,0
"2026-08-18 15:36",7698.56,7699.73,7698.56,7698.59,0.15,0.00%,0
"2026-08-18 15:37",7698.63,7699.78,7698.43,7699.5,0.91,+0.01%,0
"2026-08-18 15:38",7699.55,7699.58,7698.64,7699.26,-0.24,0.00%,0
"2026-08-18 15:39",7699.19,7700.46,7699.16,7699.3,0.04,0.00%,0
"2026-08-18 15:40",7699.22,7699.45,7698.14,7698.14,-1.16,-0.02%,0
"2026-08-18 15:41",7698.14,7698.25,7697.35,7697.52,-0.62,-0.01%,0
"2026-08-18 15:42",7697.82,7698.21,7697.07,7698.21,0.69,+0.01%,0
"2026-08-18 15:43",7698.26,7698.97,7698.18,7698.58,0.37,0.00%,0
"2026-08-18 15:44",7698.42,7699.36,7698.42,7698.74,0.16,0.00%,0
"2026-08-18 15:45",7698.87,7699.42,7698.53,7698.87,0.13,0.00%,0
"2026-08-18 15:46",7698.9,7699.43,7698.42,7698.46,-0.41,-0.01%,0
"2026-08-18 15:47",7698.39,7698.44,7696.87,7697.13,-1.33,-0.02%,0
"2026-08-18 15:48",7696.96,7697.34,7696.36,7696.94,-0.19,0.00%,0
"2026-08-18 15:49",7697.18,7698.92,7696.76,7698.92,1.98,+0.03%,0
"2026-08-18 15:50",7698.87,7698.87,7696.62,7697.81,-1.11,-0.01%,0
"2026-08-18 15:51",7697.92,7698.36,7696.55,7696.64,-1.17,-0.02%,0
"2026-08-18 15:52",7696.54,7697.33,7696.23,7696.23,-0.41,-0.01%,0
"2026-08-18 15:53",7696.6,7696.6,7694.87,7695.28,-0.95,-0.01%,0
"2026-08-18 15:54",7695.74,7696,7692.73,7693.75,-1.53,-0.02%,0
"2026-08-18 15:55",7693.83,7694.72,7693.01,7693.89,0.14,0.00%,0
"2026-08-18 15:56",7694.13,7694.13,7692.65,7693.11,-0.78,-0.01%,0
"2026-08-18 15:57",7693.07,7693.09,7691.76,7692.2,-0.91,-0.01%,0
"2026-08-18 15:58",7692.06,7693.84,7690.99,7693.68,1.48,+0.02%,0
"2026-08-18 15:59",7693.93,7696.28,7688.63,7693.26,-0.42,-0.01%,0
"2026-08-18 16:00",7693.09,7693.09,7691.97,7691.97,-1.29,-0.02%,0
"2026-08-18 16:01",7691.97,7691.97,7691.92,7691.92,-0.05,0.00%,0
"2026-08-18 16:02",7691.92,7691.92,7691.91,7691.91,-0.01,0.00%,0
"2026-08-18 16:03",7691.91,7691.91,7691.9,7691.91,0,0.00%,0
"2026-08-18 16:04",7691.91,7691.91,7691.76,7691.77,-0.14,0.00%,0
"2026-08-18 16:05",7691.77,7691.77,7691.76,7691.76,-0.01,0.00%,0
"2026-08-18 16:06",7691.76,7691.76,7691.76,7691.76,0,0.00%,0
"2026-08-18 16:07",7691.76,7691.76,7691.76,7691.76,0,0.00%,0
"2026-08-18 16:08",7691.76,7691.76,7691.76,7691.76,0,0.00%,0
"2026-08-18 16:09",7691.76,7691.76,7691.76,7691.76,0,0.00%,0
"2026-08-18 16:10",7691.76,7691.76,7691.76,7691.76,0,0.00%,0
"2026-08-18 16:11",7691.76,7691.76,7691.76,7691.76,0,0.00%,0
"2026-08-18 16:12",7691.76,7691.76,7691.76,7691.76,0,0.00%,0
"2026-08-18 16:13",7691.76,7691.76,7691.76,7691.76,0,0.00%,0
"2026-08-18 16:14",7691.76,7691.76,7691.76,7691.76,0,0.00%,0
"2026-08-18 16:15",7691.76,7691.76,7691.76,7691.76,0,0.00%,0
"2026-08-18 16:16",7691.76,7691.76,7691.76,7691.76,0,0.00%,0
"2026-08-18 16:17",7691.76,7691.76,7691.76,7691.76,0,0.00%,0
"2026-08-18 16:18",7691.76,7691.76,7691.76,7691.76,0,0.00%,0
"2026-08-18 16:19",7691.76,7691.76,7691.76,7691.76,0,0.00%,0
"2026-08-18 16:20",7691.76,7691.76,7691.76,7691.76,0,0.00%,0
"2026-08-18 16:38",7691.76,7691.76,7691.76,7691.76,0,0.00%,0
"2026-08-19 09:30",7716.74,7726.29,7716.74,7723.13,31.37,+0.41%,0
"2026-08-19 09:31",7722.66,7726.06,7722.47,7723.19,0.06,0.00%,0
"2026-08-19 09:32",7723.76,7726.05,7722.45,7723.87,0.68,+0.01%,0
"2026-08-19 09:33",7724.3,7724.7,7719.08,7719.14,-4.73,-0.06%,0
"2026-08-19 09:34",7719.57,7722.6,7718.65,7720.11,0.97,+0.01%,0
"2026-08-19 09:35",7719.88,7722.8,7718.54,7721.91,1.8,+0.02%,0
"2026-08-19 09:36",7721.36,7721.36,7716,7719.12,-2.79,-0.04%,0
"2026-08-19 09:37",7718.93,7721.59,7718.07,7719.64,0.52,+0.01%,0
"2026-08-19 09:38",7719.44,7720.14,7716.69,7716.69,-2.95,-0.04%,0
"2026-08-19 09:39",7716.24,7717.58,7714.45,7715.15,-1.54,-0.02%,0
"2026-08-19 09:40",7714.82,7715.18,7712.77,7713.45,-1.7,-0.02%,0
"2026-08-19 09:41",7713.11,7715.37,7711.75,7711.95,-1.5,-0.02%,0
"2026-08-19 09:42",7711.93,7718.54,7711.62,7718.34,6.39,+0.08%,0
"2026-08-19 09:43",7718.78,7721.92,7718.68,7720.21,1.87,+0.02%,0
"2026-08-19 09:44",7720.56,7722.45,7719.72,7720.47,0.26,0.00%,0
"2026-08-19 09:45",7720.06,7724.47,7719.37,7722.16,1.69,+0.02%,0
"2026-08-19 09:46",7722.16,7725.15,7720.68,7720.68,-1.48,-0.02%,0
"2026-08-19 09:47",7720.47,7721.3,7717.76,7718.38,-2.3,-0.03%,0
"2026-08-19 09:48",7717.99,7719.45,7709.21,7709.22,-9.16,-0.12%,0
"2026-08-19 09:49",7708.87,7708.87,7703.06,7704.08,-5.14,-0.07%,0
"2026-08-19 09:50",7704.24,7708.01,7703.49,7706.24,2.16,+0.03%,0
"2026-08-19 09:51",7706.63,7706.79,7700.07,7701.61,-4.63,-0.06%,0
"2026-08-19 09:52",7702.13,7707.96,7701.84,7706.91,5.3,+0.07%,0
"2026-08-19 09:53",7706.91,7714.35,7706.91,7712.46,5.55,+0.07%,0
"2026-08-19 09:54",7712.92,7715.85,7711.73,7715.85,3.39,+0.04%,0
"2026-08-19 09:55",7716.16,7721.4,7714.03,7719.73,3.88,+0.05%,0
"2026-08-19 09:56",7719.78,7722.2,7717.37,7721.42,1.69,+0.02%,0
"2026-08-19 09:57",7721.13,7722.16,7719.16,7721.67,0.25,0.00%,0
"2026-08-19 09:58",7721.7,7722.75,7719.32,7722.29,0.62,+0.01%,0
"2026-08-19 09:59",7721.89,7721.89,7719.24,7719.78,-2.51,-0.03%,0
"2026-08-19 10:00",7719.55,7721.57,7715.5,7717.84,-1.94,-0.03%,0
"2026-08-19 10:01",7718.5,7720.37,7716.56,7718.08,0.24,0.00%,0
"2026-08-19 10:02",7718.13,7718.68,7716.33,7716.72,-1.36,-0.02%,0
"2026-08-19 10:03",7716.34,7718.11,7715.04,7715.2,-1.52,-0.02%,0
"2026-08-19 10:04",7715.08,7719.14,7714.92,7716.05,0.85,+0.01%,0
"2026-08-19 10:05",7715.89,7719.03,7715.3,7717.22,1.17,+0.02%,0
"2026-08-19 10:06",7716.69,7718.4,7714.76,7715.87,-1.35,-0.02%,0
"2026-08-19 10:07",7716.32,7717.01,7714.54,7715.73,-0.14,0.00%,0
"2026-08-19 10:08",7715.91,7717.95,7714.95,7715.59,-0.14,0.00%,0
"2026-08-19 10:09",7715.57,7717.13,7714.45,7717.13,1.54,+0.02%,0
"2026-08-19 10:10",7716.91,7718.5,7714.11,7714.11,-3.02,-0.04%,0
"2026-08-19 10:11",7713.58,7713.66,7710.14,7710.39,-3.72,-0.05%,0
"2026-08-19 10:12",7710.3,7712.09,7709.09,7711.82,1.43,+0.02%,0
"2026-08-19 10:13",7711.77,7714.32,7711.22,7713.94,2.12,+0.03%,0
"2026-08-19 10:14",7713.81,7713.81,7707.79,7707.91,-6.03,-0.08%,0
"2026-08-19 10:15",7707.29,7710.44,7706.45,7710.44,2.53,+0.03%,0
"2026-08-19 10:16",7711.44,7716.99,7710.43,7716.99,6.55,+0.08%,0
"2026-08-19 10:17",7716.79,7717.97,7714.38,7715.79,-1.2,-0.02%,0
"2026-08-19 10:18",7716.72,7719.92,7716.22,7719.48,3.69,+0.05%,0
"2026-08-19 10:19",7719.47,7720.37,7716.75,7716.81,-2.67,-0.03%,0
"2026-08-19 10:20",7716.78,7721.05,7716.25,7720.07,3.26,+0.04%,0
"2026-08-19 10:21",7719.85,7720.03,7714.1,7715.42,-4.65,-0.06%,0
"2026-08-19 10:22",7715.44,7716.59,7713.16,7714.18,-1.24,-0.02%,0
"2026-08-19 10:23",7714.28,7717.49,7713.66,7716.48,2.3,+0.03%,0
"2026-08-19 10:24",7716.42,7717.15,7714.69,7715.61,-0.87,-0.01%,0
"2026-08-19 10:25",7715.39,7715.99,7711.16,7712.24,-3.37,-0.04%,0
"2026-08-19 10:26",7712.35,7715.08,7711.82,7712.7,0.46,+0.01%,0
"2026-08-19 10:27",7713.42,7716.33,7712.47,7715.86,3.16,+0.04%,0
"2026-08-19 10:28",7715.74,7719.02,7715.74,7717.92,2.06,+0.03%,0
"2026-08-19 10:29",7717.56,7720.03,7717.35,7719.91,1.99,+0.03%,0
"2026-08-19 10:30",7719.98,7720.33,7718.17,7719.37,-0.54,-0.01%,0
"2026-08-19 10:31",7719.31,7722.13,7718.66,7722.06,2.69,+0.03%,0
"2026-08-19 10:32",7721.88,7722.55,7720.89,7721.85,-0.21,0.00%,0
"2026-08-19 10:33",7721.87,7723.66,7721.1,7722.31,0.46,+0.01%,0
"2026-08-19 10:34",7721.95,7722.32,7719.65,7720.85,-1.46,-0.02%,0
"2026-08-19 10:35",7720.98,7724.77,7720.74,7724.54,3.69,+0.05%,0
"2026-08-19 10:36",7724.77,7725.25,7723.51,7724.84,0.3,0.00%,0
"2026-08-19 10:37",7724.89,7727.76,7724.5,7727.42,2.58,+0.03%,0
"2026-08-19 10:38",7727.6,7730.83,7727.6,7730.8,3.38,+0.04%,0
"2026-08-19 10:39",7730.53,7732.26,7729.97,7730.33,-0.47,-0.01%,0
"2026-08-19 10:40",7730.44,7732.34,7730.44,7730.83,0.5,+0.01%,0
"2026-08-19 10:41",7730.75,7732,7729.49,7729.49,-1.34,-0.02%,0
"2026-08-19 10:42",7729.67,7730.51,7727.8,7730.51,1.02,+0.01%,0
"2026-08-19 10:43",7730.79,7731.22,7729.12,7729.5,-1.01,-0.01%,0
"2026-08-19 10:44",7729.44,7730.14,7728.98,7729.95,0.45,+0.01%,0
"2026-08-19 10:45",7729.9,7731.32,7729.33,7731.02,1.07,+0.01%,0
"2026-08-19 10:46",7731.09,7731.59,7729.91,7730.81,-0.21,0.00%,0
"2026-08-19 10:47",7730.96,7732.03,7730.03,7731.06,0.25,0.00%,0
"2026-08-19 10:48",7731.04,7731.54,7728.81,7728.81,-2.25,-0.03%,0
"2026-08-19 10:49",7728.96,7729.3,7726.47,7726.72,-2.09,-0.03%,0
"2026-08-19 10:50",7726.89,7728.7,7726.75,7728.7,1.98,+0.03%,0
"2026-08-19 10:51",7728.5,7731.36,7728.44,7729.93,1.23,+0.02%,0
"2026-08-19 10:52",7730.01,7730.32,7728.83,7729.91,-0.02,0.00%,0
"2026-08-19 10:53",7729.86,7733.81,7729.86,7733.5,3.59,+0.05%,0
"2026-08-19 10:54",7733.94,7734.15,7733.4,7733.79,0.29,0.00%,0
"2026-08-19 10:55",7733.78,7734.42,7733.11,7733.59,-0.2,0.00%,0
"2026-08-19 10:56",7733.62,7737.74,7733.62,7737.49,3.9,+0.05%,0
"2026-08-19 10:57",7737.65,7738.32,7736.48,7736.53,-0.96,-0.01%,0
"2026-08-19 10:58",7736.64,7739.61,7736.12,7739.56,3.03,+0.04%,0
"2026-08-19 10:59",7739.67,7741.83,7739.65,7741.5,1.94,+0.03%,0
"2026-08-19 11:00",7741.33,7741.99,7740.46,7741.44,-0.06,0.00%,0
"2026-08-19 11:01",7741.55,7743.93,7741.26,7742.13,0.69,+0.01%,0
"2026-08-19 11:02",7741.9,7742.08,7739.9,7740.67,-1.46,-0.02%,0
"2026-08-19 11:03",7740.47,7740.86,7740.1,7740.63,-0.04,0.00%,0
"2026-08-19 11:04",7740.67,7741.92,7740.67,7741.28,0.65,+0.01%,0
"2026-08-19 11:05",7741.28,7741.95,7739.97,7741.32,0.04,0.00%,0
"2026-08-19 11:06",7741.57,7741.96,7739.54,7739.54,-1.78,-0.02%,0
"2026-08-19 11:07",7739.61,7740.45,7738.59,7738.96,-0.58,-0.01%,0
"2026-08-19 11:08",7739.24,7739.35,7735.97,7735.97,-2.99,-0.04%,0
"2026-08-19 11:09",7735.93,7737.1,7734.89,7735.2,-0.77,-0.01%,0
"2026-08-19 11:10",7734.96,7736.27,7734.96,7735.79,0.59,+0.01%,0
"2026-08-19 11:11",7735.81,7736.41,7734.73,7735.7,-0.09,0.00%,0
"2026-08-19 11:12",7735.64,7738.66,7735.53,7738.61,2.91,+0.04%,0
"2026-08-19 11:13",7738.73,7739.41,7738.31,7738.38,-0.23,0.00%,0
"2026-08-19 11:14",7738.36,7738.61,7736.55,7738.02,-0.36,0.00%,0
"2026-08-19 11:15",7737.95,7738.44,7734.47,7734.53,-3.49,-0.05%,0
"2026-08-19 11:16",7734.45,7736.54,7734.35,7736.44,1.91,+0.02%,0
"2026-08-19 11:17",7736.28,7736.88,7735.63,7735.63,-0.81,-0.01%,0
"2026-08-19 11:18",7735.52,7735.91,7734.4,7734.76,-0.87,-0.01%,0
"2026-08-19 11:19",7734.91,7735.75,7734.39,7734.91,0.15,0.00%,0
"2026-08-19 11:20",7734.98,7734.98,7733.53,7733.59,-1.32,-0.02%,0
"2026-08-19 11:21",7733.4,7733.8,7732.36,7732.36,-1.23,-0.02%,0
"2026-08-19 11:22",7732.3,7735.08,7732.05,7734.77,2.41,+0.03%,0
"2026-08-19 11:23",7734.83,7735.55,7734.54,7734.79,0.02,0.00%,0
"2026-08-19 11:24",7734.73,7734.92,7731.9,7731.9,-2.89,-0.04%,0
"2026-08-19 11:25",7731.61,7731.61,7729.31,7730.89,-1.01,-0.01%,0
"2026-08-19 11:26",7730.59,7730.59,7729.2,7730.26,-0.63,-0.01%,0
"2026-08-19 11:27",7730.45,7731.56,7730.22,7730.43,0.17,0.00%,0
"2026-08-19 11:28",7730.56,7731.23,7730.29,7730.94,0.51,+0.01%,0
"2026-08-19 11:29",7730.98,7732.12,7729.39,7730.32,-0.62,-0.01%,0
"2026-08-19 11:30",7731.26,7731.37,7729.78,7729.9,-0.42,-0.01%,0
"2026-08-19 11:31",7729.93,7731.09,7729.2,7729.2,-0.7,-0.01%,0
"2026-08-19 11:32",7729.22,7729.61,7728.7,7729.01,-0.19,0.00%,0
"2026-08-19 11:33",7728.92,7730.02,7728.54,7728.64,-0.37,0.00%,0
"2026-08-19 11:34",7728.5,7728.5,7727.06,7727.55,-1.09,-0.01%,0
"2026-08-19 11:35",7727.68,7728.57,7727.07,7727.47,-0.08,0.00%,0
"2026-08-19 11:36",7727.49,7727.97,7725.52,7725.52,-1.95,-0.03%,0
"2026-08-19 11:37",7725.48,7727.73,7724.26,7727.49,1.97,+0.03%,0
"2026-08-19 11:38",7727.2,7727.23,7725.36,7725.77,-1.72,-0.02%,0
"2026-08-19 11:39",7725.92,7726.63,7725.36,7725.36,-0.41,-0.01%,0
"2026-08-19 11:40",7725.34,7725.34,7721.76,7721.82,-3.54,-0.05%,0
"2026-08-19 11:41",7721.61,7721.99,7720.9,7721.6,-0.22,0.00%,0
"2026-08-19 11:42",7721.66,7722.45,7721.3,7722.17,0.57,+0.01%,0
"2026-08-19 11:43",7722.22,7723.46,7721.26,7722.84,0.67,+0.01%,0
"2026-08-19 11:44",7722.85,7724.98,7722.52,7724.98,2.14,+0.03%,0
"2026-08-19 11:45",7724.92,7725.04,7724,7725.04,0.06,0.00%,0
"2026-08-19 11:46",7725.07,7727.04,7724.98,7726.6,1.56,+0.02%,0
"2026-08-19 11:47",7726.66,7726.8,7725.03,7725.32,-1.28,-0.02%,0
"2026-08-19 11:48",7725.34,7728.05,7725.01,7727.81,2.49,+0.03%,0
"2026-08-19 11:49",7727.83,7728.45,7724.82,7724.82,-2.99,-0.04%,0
"2026-08-19 11:50",7724.41,7725.23,7722.94,7725.12,0.3,0.00%,0
"2026-08-19 11:51",7724.83,7725.22,7723.82,7723.82,-1.3,-0.02%,0
"2026-08-19 11:52",7723.75,7724.39,7723.24,7724,0.18,0.00%,0
"2026-08-19 11:53",7724.1,7724.5,7723.1,7723.14,-0.86,-0.01%,0
"2026-08-19 11:54",7722.66,7723.4,7721.1,7721.48,-1.66,-0.02%,0
"2026-08-19 11:55",7721.56,7722.83,7720.81,7722.83,1.35,+0.02%,0
"2026-08-19 11:56",7722.77,7723.39,7721.75,7722.99,0.16,0.00%,0
"2026-08-19 11:57",7723.15,7723.45,7722.21,7722.21,-0.78,-0.01%,0
"2026-08-19 11:58",7722.21,7723.95,7722.16,7723.95,1.74,+0.02%,0
"2026-08-19 11:59",7724.2,7726.13,7724.2,7726.13,2.18,+0.03%,0
"2026-08-19 12:00",7726.07,7727.72,7724.41,7727.72,1.59,+0.02%,0
"2026-08-19 12:01",7727.84,7729.22,7726.65,7729.22,1.5,+0.02%,0
"2026-08-19 12:02",7729.22,7731.33,7729.15,7731.08,1.86,+0.02%,0
"2026-08-19 12:03",7731.02,7732.04,7731.02,7731.26,0.18,0.00%,0
"2026-08-19 12:04",7731.25,7732.75,7731.13,7732.74,1.48,+0.02%,0
"2026-08-19 12:05",7733,7733.44,7732.32,7733.44,0.7,+0.01%,0
"2026-08-19 12:06",7733.45,7734.01,7732.93,7733.33,-0.11,0.00%,0
"2026-08-19 12:07",7733.39,7735.18,7732.59,7735.18,1.85,+0.02%,0
"2026-08-19 12:08",7735.24,7735.69,7734.08,7734.08,-1.1,-0.01%,0
"2026-08-19 12:09",7734.09,7735.61,7733.93,7735.47,1.39,+0.02%,0
"2026-08-19 12:10",7735.43,7736.06,7734.89,7735.48,0.01,0.00%,0
"2026-08-19 12:11",7735.53,7736.25,7735.19,7735.84,0.36,0.00%,0
"2026-08-19 12:12",7735.94,7736.47,7735.29,7736.22,0.38,0.00%,0
"2026-08-19 12:13",7736.15,7736.47,7735.57,7735.7,-0.52,-0.01%,0
"2026-08-19 12:14",7735.77,7736.17,7735.56,7735.63,-0.07,0.00%,0
"2026-08-19 12:15",7735.35,7737.2,7734.55,7737.2,1.57,+0.02%,0
"2026-08-19 12:16",7737.02,7738.79,7736.68,7738.62,1.42,+0.02%,0
"2026-08-19 12:17",7738.62,7738.87,7737.67,7737.67,-0.95,-0.01%,0
"2026-08-19 12:18",7737.66,7739.28,7737.28,7739.28,1.61,+0.02%,0
"2026-08-19 12:19",7739.33,7739.36,7738.03,7738.16,-1.12,-0.01%,0
"2026-08-19 12:20",7738.05,7738.48,7737.29,7737.58,-0.58,-0.01%,0
"2026-08-19 12:21",7737.67,7738.27,7735.4,7735.65,-1.93,-0.02%,0
"2026-08-19 12:22",7735.88,7736.08,7734.92,7735.17,-0.48,-0.01%,0
"2026-08-19 12:23",7735.14,7735.45,7734.5,7734.75,-0.42,-0.01%,0
"2026-08-19 12:24",7734.71,7734.9,7733.28,7733.5,-1.25,-0.02%,0
"2026-08-19 12:25",7733.57,7733.72,7731.89,7731.89,-1.61,-0.02%,0
"2026-08-19 12:26",7731.76,7732.97,7731.57,7732.5,0.61,+0.01%,0
"2026-08-19 12:27",7732.27,7732.52,7730.43,7731.28,-1.22,-0.02%,0
"2026-08-19 12:28",7731.36,7731.58,7728.56,7728.64,-2.64,-0.03%,0
"2026-08-19 12:29",7728.48,7728.55,7727.29,7727.69,-0.95,-0.01%,0
"2026-08-19 12:30",7727.11,7727.11,7724.51,7726.14,-1.55,-0.02%,0
"2026-08-19 12:31",7726.06,7726.06,7724.82,7725.37,-0.77,-0.01%,0
"2026-08-19 12:32",7725.43,7726.43,7724.85,7725.01,-0.36,0.00%,0
"2026-08-19 12:33",7725.16,7726.87,7725.11,7726.67,1.66,+0.02%,0
"2026-08-19 12:34",7726.65,7726.97,7725.92,7726.92,0.25,0.00%,0
"2026-08-19 12:35",7726.87,7726.99,7723.37,7723.82,-3.1,-0.04%,0
"2026-08-19 12:36",7723.72,7723.87,7723.05,7723.56,-0.26,0.00%,0
"2026-08-19 12:37",7723.48,7725.03,7723.48,7724.39,0.83,+0.01%,0
"2026-08-19 12:38",7724.35,7725.63,7724.23,7725.28,0.89,+0.01%,0
"2026-08-19 12:39",7725.21,7726.57,7724.61,7724.68,-0.6,-0.01%,0
"2026-08-19 12:40",7724.8,7725.04,7723.79,7724.01,-0.67,-0.01%,0
"2026-08-19 12:41",7723.98,7724.76,7723.03,7724.76,0.75,+0.01%,0
"2026-08-19 12:42",7724.61,7724.76,7722.79,7723.15,-1.61,-0.02%,0
"2026-08-19 12:43",7723.11,7723.46,7722.33,7723.1,-0.05,0.00%,0
"2026-08-19 12:44",7723.08,7724.5,7723.05,7723.94,0.84,+0.01%,0
"2026-08-19 12:45",7723.88,7723.88,7722.14,7722.41,-1.53,-0.02%,0
"2026-08-19 12:46",7722.26,7723.4,7722.26,7722.81,0.4,+0.01%,0
"2026-08-19 12:47",7722.59,7723.72,7722.59,7723.25,0.44,+0.01%,0
"2026-08-19 12:48",7723.37,7723.86,7722.85,7723.24,-0.01,0.00%,0
"2026-08-19 12:49",7723.08,7723.08,7721.23,7721.65,-1.59,-0.02%,0
"2026-08-19 12:50",7721.73,7721.73,7719.55,7719.68,-1.97,-0.03%,0
"2026-08-19 12:51",7719.61,7719.85,7718.67,7719.61,-0.07,0.00%,0
"2026-08-19 12:52",7719.67,7719.93,7718.96,7719.76,0.15,0.00%,0
"2026-08-19 12:53",7719.89,7720.25,7717.69,7717.78,-1.98,-0.03%,0
"2026-08-19 12:54",7717.66,7718.7,7717.57,7718.52,0.74,+0.01%,0
"2026-08-19 12:55",7718.5,7718.5,7716.83,7717.67,-0.85,-0.01%,0
"2026-08-19 12:56",7717.7,7718.07,7716.73,7717.07,-0.6,-0.01%,0
"2026-08-19 12:57",7717.07,7717.37,7715.4,7715.4,-1.67,-0.02%,0
"2026-08-19 12:58",7715.34,7716.61,7715.2,7716.27,0.87,+0.01%,0
"2026-08-19 12:59",7716.36,7717.6,7716.03,7717.05,0.78,+0.01%,0
"2026-08-19 13:00",7716.88,7718.71,7715.74,7718.53,1.48,+0.02%,0
"2026-08-19 13:01",7718.62,7719.1,7717.85,7718.24,-0.29,0.00%,0
"2026-08-19 13:02",7718.38,7720.34,7718.38,7719.18,0.94,+0.01%,0
"2026-08-19 13:03",7719.03,7719.52,7717.18,7719.41,0.23,0.00%,0
"2026-08-19 13:04",7719.29,7719.29,7717.96,7718.42,-0.99,-0.01%,0
"2026-08-19 13:05",7718.51,7721.61,7718.51,7721.15,2.73,+0.04%,0
"2026-08-19 13:06",7721.2,7721.2,7718.92,7719.09,-2.06,-0.03%,0
"2026-08-19 13:07",7719.28,7719.52,7717.21,7717.36,-1.73,-0.02%,0
"2026-08-19 13:08",7717.4,7718.54,7715.94,7715.96,-1.4,-0.02%,0
"2026-08-19 13:09",7715.83,7716.15,7714.66,7714.66,-1.3,-0.02%,0
"2026-08-19 13:10",7714.8,7717.16,7714.8,7716.62,1.96,+0.03%,0
"2026-08-19 13:11",7716.54,7717.04,7715.96,7716,-0.62,-0.01%,0
"2026-08-19 13:12",7716.01,7719.32,7716.01,7719.32,3.32,+0.04%,0
"2026-08-19 13:13",7719.05,7719.97,7718.5,7718.77,-0.55,-0.01%,0
"2026-08-19 13:14",7718.55,7718.75,7717.72,7717.72,-1.05,-0.01%,0
"2026-08-19 13:15",7717.74,7718.36,7717.59,7717.88,0.16,0.00%,0
"2026-08-19 13:16",7717.76,7718.79,7717.26,7718.55,0.67,+0.01%,0
"2026-08-19 13:17",7718.42,7719.1,7718.02,7718.66,0.11,0.00%,0
"2026-08-19 13:18",7718.52,7718.63,7715.14,7715.16,-3.5,-0.05%,0
"2026-08-19 13:19",7715.2,7715.64,7714.44,7714.44,-0.72,-0.01%,0
"2026-08-19 13:20",7714.47,7714.82,7713.08,7713.61,-0.83,-0.01%,0
"2026-08-19 13:21",7713.55,7713.55,7711.19,7711.19,-2.42,-0.03%,0
"2026-08-19 13:22",7711.18,7711.56,7710.31,7711.28,0.09,0.00%,0
"2026-08-19 13:23",7711.32,7713.7,7711.32,7713.26,1.98,+0.03%,0
"2026-08-19 13:24",7713.25,7713.41,7712.23,7712.78,-0.48,-0.01%,0
"2026-08-19 13:25",7712.76,7713.44,7712.18,7712.59,-0.19,0.00%,0
"2026-08-19 13:26",7712.43,7714.67,7712.23,7714.33,1.74,+0.02%,0
"2026-08-19 13:27",7714.43,7714.51,7713.45,7713.71,-0.62,-0.01%,0
"2026-08-19 13:28",7713.86,7715.69,7713.86,7715.6,1.89,+0.02%,0
"2026-08-19 13:29",7715.9,7716.13,7715.17,7715.32,-0.28,0.00%,0
"2026-08-19 13:30",7715.34,7716.09,7714.78,7715.94,0.62,+0.01%,0
"2026-08-19 13:31",7715.86,7715.86,7713.71,7714.07,-1.87,-0.02%,0
"2026-08-19 13:32",7713.75,7713.75,7712.04,7712.04,-2.03,-0.03%,0
"2026-08-19 13:33",7712.14,7713.72,7711.98,7713.12,1.08,+0.01%,0
"2026-08-19 13:34",7712.93,7713.83,7712.42,7712.42,-0.7,-0.01%,0
"2026-08-19 13:35",7712.34,7713.02,7711.74,7712.99,0.57,+0.01%,0
"2026-08-19 13:36",7713.07,7714.47,7712.85,7714.47,1.48,+0.02%,0
"2026-08-19 13:37",7714.27,7714.4,7712.69,7712.69,-1.78,-0.02%,0
"2026-08-19 13:38",7712.68,7713.55,7712.52,7713.41,0.72,+0.01%,0
"2026-08-19 13:39",7713.33,7713.44,7712,7712.23,-1.18,-0.02%,0
"2026-08-19 13:40",7712.26,7713.79,7712.15,7713.36,1.13,+0.01%,0
"2026-08-19 13:41",7713.1,7714.16,7712.84,7714.13,0.77,+0.01%,0
"2026-08-19 13:42",7714.26,7717.15,7714.26,7716.48,2.35,+0.03%,0
"2026-08-19 13:43",7716.29,7716.29,7715.12,7716.23,-0.25,0.00%,0
"2026-08-19 13:44",7716.3,7716.3,7715.1,7715.39,-0.84,-0.01%,0
"2026-08-19 13:45",7715.38,7716.91,7715.32,7716.75,1.36,+0.02%,0
"2026-08-19 13:46",7716.75,7717.52,7716.23,7716.51,-0.24,0.00%,0
"2026-08-19 13:47",7716.5,7716.58,7715.63,7715.91,-0.6,-0.01%,0
"2026-08-19 13:48",7715.96,7716.8,7714.78,7716.65,0.74,+0.01%,0
"2026-08-19 13:49",7716.87,7716.96,7715.37,7715.64,-1.01,-0.01%,0
"2026-08-19 13:50",7715.51,7716.4,7715.14,7715.32,-0.32,0.00%,0
"2026-08-19 13:51",7715.3,7716.85,7715.3,7716.85,1.53,+0.02%,0
"2026-08-19 13:52",7716.85,7717.49,7716.41,7717.2,0.35,0.00%,0
"2026-08-19 13:53",7717.17,7718.39,7717.1,7718.32,1.12,+0.01%,0
"2026-08-19 13:54",7718.28,7718.33,7716.08,7716.21,-2.11,-0.03%,0
"2026-08-19 13:55",7716.18,7716.18,7715.39,7715.41,-0.8,-0.01%,0
"2026-08-19 13:56",7715.36,7716.11,7715.11,7715.72,0.31,0.00%,0
"2026-08-19 13:57",7715.71,7716.03,7714.58,7714.58,-1.14,-0.01%,0
"2026-08-19 13:58",7714.57,7715.62,7714.57,7714.93,0.35,0.00%,0
"2026-08-19 13:59",7714.82,7715.24,7714,7715.22,0.29,0.00%,0
"2026-08-19 14:00",7715.24,7718.16,7714.29,7718.11,2.89,+0.04%,0
"2026-08-19 14:01",7718.08,7720.97,7718.03,7720.52,2.41,+0.03%,0
"2026-08-19 14:02",7720.89,7724.5,7720.56,7723.75,3.23,+0.04%,0
"2026-08-19 14:03",7723.78,7724.01,7722.76,7723.27,-0.48,-0.01%,0
"2026-08-19 14:04",7723.19,7723.36,7720.48,7720.61,-2.66,-0.03%,0
"2026-08-19 14:05",7720.84,7722.04,7717.97,7717.97,-2.64,-0.03%,0
"2026-08-19 14:06",7717.98,7718.11,7715.45,7715.45,-2.52,-0.03%,0
"2026-08-19 14:07",7715.25,7715.25,7710.93,7712.39,-3.06,-0.04%,0
"2026-08-19 14:08",7712.53,7712.8,7710.18,7711.86,-0.53,-0.01%,0
"2026-08-19 14:09",7711.8,7711.8,7709.83,7709.87,-1.99,-0.03%,0
"2026-08-19 14:10",7709.67,7711.4,7709.54,7711.01,1.14,+0.01%,0
"2026-08-19 14:11",7710.74,7713.71,7710.18,7713.71,2.7,+0.04%,0
"2026-08-19 14:12",7713.58,7715.34,7713.15,7715.03,1.32,+0.02%,0
"2026-08-19 14:13",7714.91,7716.42,7714.35,7714.54,-0.49,-0.01%,0
"2026-08-19 14:14",7714.37,7715.32,7713.38,7713.83,-0.71,-0.01%,0
"2026-08-19 14:15",7713.92,7714.28,7712.47,7712.68,-1.15,-0.01%,0
"2026-08-19 14:16",7712.44,7713.12,7710.47,7710.85,-1.83,-0.02%,0
"2026-08-19 14:17",7710.84,7711.09,7710.42,7710.42,-0.43,-0.01%,0
"2026-08-19 14:18",7710.32,7713.82,7710.32,7712.68,2.26,+0.03%,0
"2026-08-19 14:19",7712.54,7713.89,7712.54,7712.93,0.25,0.00%,0
"2026-08-19 14:20",7712.58,7712.86,7711.82,7712.66,-0.27,0.00%,0
"2026-08-19 14:21",7712.68,7714.44,7712.59,7714.44,1.78,+0.02%,0
"2026-08-19 14:22",7714.24,7714.38,7712.37,7712.48,-1.96,-0.03%,0
"2026-08-19 14:23",7712.41,7713.61,7712.17,7713,0.52,+0.01%,0
"2026-08-19 14:24",7712.96,7713.76,7711.94,7712.47,-0.53,-0.01%,0
"2026-08-19 14:25",7712.52,7714.04,7712.23,7714.04,1.57,+0.02%,0
"2026-08-19 14:26",7714.18,7714.36,7713.38,7713.79,-0.25,0.00%,0
"2026-08-19 14:27",7713.77,7714.33,7713.11,7713.77,-0.02,0.00%,0
"2026-08-19 14:28",7713.76,7715.25,7713.76,7713.85,0.08,0.00%,0
"2026-08-19 14:29",7713.76,7715.79,7713.32,7715.4,1.55,+0.02%,0
"2026-08-19 14:30",7715.41,7719.38,7715.41,7718.66,3.26,+0.04%,0
"2026-08-19 14:31",7718.75,7719,7718.13,7718.4,-0.26,0.00%,0
"2026-08-19 14:32",7718.37,7718.73,7717.54,7717.54,-0.86,-0.01%,0
"2026-08-19 14:33",7717.55,7718.05,7717.14,7717.29,-0.25,0.00%,0
"2026-08-19 14:34",7717.27,7719.98,7717.02,7719.03,1.74,+0.02%,0
"2026-08-19 14:35",7719.15,7719.28,7717.69,7718.28,-0.75,-0.01%,0
"2026-08-19 14:36",7718.31,7718.43,7717.52,7717.76,-0.52,-0.01%,0
"2026-08-19 14:37",7717.64,7718.08,7717.08,7717.08,-0.68,-0.01%,0
"2026-08-19 14:38",7716.91,7717.57,7716.62,7716.84,-0.24,0.00%,0
"2026-08-19 14:39",7716.57,7718.06,7716.57,7717.57,0.73,+0.01%,0
"2026-08-19 14:40",7717.22,7719.14,7717.19,7718.65,1.08,+0.01%,0
"2026-08-19 14:41",7718.27,7720.23,7718,7719.47,0.82,+0.01%,0
"2026-08-19 14:42",7719.53,7719.53,7718.39,7718.82,-0.65,-0.01%,0
"2026-08-19 14:43",7718.97,7719.54,7718.35,7718.67,-0.15,0.00%,0
"2026-08-19 14:44",7718.78,7718.9,7716.95,7717.52,-1.15,-0.01%,0
"2026-08-19 14:45",7717.57,7718.15,7716.81,7717.52,0,0.00%,0
"2026-08-19 14:46",7717.21,7717.32,7715.64,7715.64,-1.88,-0.02%,0
"2026-08-19 14:47",7715.69,7716.69,7715.65,7716.6,0.96,+0.01%,0
"2026-08-19 14:48",7716.8,7717.47,7716.33,7716.42,-0.18,0.00%,0
"2026-08-19 14:49",7716.24,7717.65,7715.92,7717.65,1.23,+0.02%,0
"2026-08-19 14:50",7717.61,7717.95,7716.88,7717.45,-0.2,0.00%,0
"2026-08-19 14:51",7717.55,7717.79,7716.45,7716.54,-0.91,-0.01%,0
"2026-08-19 14:52",7716.55,7716.92,7715.24,7715.3,-1.24,-0.02%,0
"2026-08-19 14:53",7715.26,7715.98,7714.48,7715.95,0.65,+0.01%,0
"2026-08-19 14:54",7715.89,7716.83,7715.89,7716.45,0.5,+0.01%,0
"2026-08-19 14:55",7716.52,7716.89,7715.61,7716.39,-0.06,0.00%,0
"2026-08-19 14:56",7716.41,7716.53,7714.63,7714.68,-1.71,-0.02%,0
"2026-08-19 14:57",7714.75,7715.46,7714.51,7714.78,0.1,0.00%,0
"2026-08-19 14:58",7714.76,7716.17,7714.44,7716.17,1.39,+0.02%,0
"2026-08-19 14:59",7716.09,7716.09,7714.53,7714.57,-1.6,-0.02%,0
"2026-08-19 15:00",7714.65,7716.34,7713.93,7716.34,1.77,+0.02%,0
"2026-08-19 15:01",7716.61,7717.67,7716.27,7716.59,0.25,0.00%,0
"2026-08-19 15:02",7716.4,7716.59,7715.56,7715.56,-1.03,-0.01%,0
"2026-08-19 15:03",7715.57,7715.57,7714.61,7715.52,-0.04,0.00%,0
"2026-08-19 15:04",7715.41,7716.06,7715.16,7715.49,-0.03,0.00%,0
"2026-08-19 15:05",7715.65,7716.09,7714.87,7715.3,-0.19,0.00%,0
"2026-08-19 15:06",7715.43,7715.7,7715.01,7715.34,0.04,0.00%,0
"2026-08-19 15:07",7715.29,7716.34,7715.21,7716.34,1,+0.01%,0
"2026-08-19 15:08",7716.35,7718.08,7716.35,7717.83,1.49,+0.02%,0
"2026-08-19 15:09",7717.81,7719.13,7717.46,7718.67,0.84,+0.01%,0
"2026-08-19 15:10",7718.58,7718.95,7717.5,7718.15,-0.52,-0.01%,0
"2026-08-19 15:11",7718.07,7718.27,7717.64,7718.02,-0.13,0.00%,0
"2026-08-19 15:12",7718.12,7718.92,7717.42,7717.42,-0.6,-0.01%,0
"2026-08-19 15:13",7717.51,7717.91,7717.18,7717.72,0.3,0.00%,0
"2026-08-19 15:14",7717.59,7717.78,7716.52,7716.52,-1.2,-0.02%,0
"2026-08-19 15:15",7716.72,7717.75,7716.56,7717.08,0.56,+0.01%,0
"2026-08-19 15:16",7717.21,7717.93,7716.15,7716.29,-0.79,-0.01%,0
"2026-08-19 15:17",7716.34,7717.19,7716.26,7716.96,0.67,+0.01%,0
"2026-08-19 15:18",7716.88,7718.28,7716.71,7718.28,1.32,+0.02%,0
"2026-08-19 15:19",7718.29,7719.59,7718.12,7719.59,1.31,+0.02%,0
"2026-08-19 15:20",7719.71,7719.88,7719.07,7719.44,-0.15,0.00%,0
"2026-08-19 15:21",7719.54,7719.88,7716.78,7716.78,-2.66,-0.03%,0
"2026-08-19 15:22",7716.81,7718.27,7716.77,7718.08,1.3,+0.02%,0
"2026-08-19 15:23",7717.98,7718.55,7717.8,7718.13,0.05,0.00%,0
"2026-08-19 15:24",7718.35,7719.19,7718.13,7718.99,0.86,+0.01%,0
"2026-08-19 15:25",7718.92,7718.92,7718.28,7718.33,-0.66,-0.01%,0
"2026-08-19 15:26",7718.37,7719.73,7718.31,7718.57,0.24,0.00%,0
"2026-08-19 15:27",7718.56,7718.87,7718.13,7718.38,-0.19,0.00%,0
"2026-08-19 15:28",7718.26,7718.66,7717.47,7717.47,-0.91,-0.01%,0
"2026-08-19 15:29",7717.51,7717.93,7715.64,7716.14,-1.33,-0.02%,0
"2026-08-19 15:30",7716.03,7719.59,7715.69,7719.59,3.45,+0.04%,0
"2026-08-19 15:31",7719.39,7719.96,7719.2,7719.34,-0.25,0.00%,0
"2026-08-19 15:32",7719.45,7721.63,7719.36,7721.63,2.29,+0.03%,0
"2026-08-19 15:33",7721.66,7722.74,7720.86,7720.86,-0.77,-0.01%,0
"2026-08-19 15:34",7720.9,7721.9,7720.9,7721.28,0.42,+0.01%,0
"2026-08-19 15:35",7721.32,7721.32,7716.86,7717.45,-3.83,-0.05%,0
"2026-08-19 15:36",7717.37,7717.56,7715.03,7715.03,-2.42,-0.03%,0
"2026-08-19 15:37",7714.38,7714.48,7712.15,7712.23,-2.8,-0.04%,0
"2026-08-19 15:38",7712.19,7713.61,7711.85,7712.74,0.51,+0.01%,0
"2026-08-19 15:39",7712.72,7714.2,7711.21,7711.21,-1.53,-0.02%,0
"2026-08-19 15:40",7711.21,7713.05,7711.02,7711.94,0.73,+0.01%,0
"2026-08-19 15:41",7711.91,7712,7710.79,7711.81,-0.13,0.00%,0
"2026-08-19 15:42",7711.84,7712.01,7711.19,7711.54,-0.27,0.00%,0
"2026-08-19 15:43",7711.54,7711.54,7709.48,7710.57,-0.97,-0.01%,0
"2026-08-19 15:44",7710.5,7710.69,7709.42,7709.65,-0.92,-0.01%,0
"2026-08-19 15:45",7709.73,7710.42,7708.45,7708.45,-1.2,-0.02%,0
"2026-08-19 15:46",7708.1,7708.16,7706.67,7706.67,-1.78,-0.02%,0
"2026-08-19 15:47",7706.59,7707.06,7705.04,7707.06,0.39,+0.01%,0
"2026-08-19 15:48",7707.13,7708.95,7706.12,7706.2,-0.86,-0.01%,0
"2026-08-19 15:49",7706.48,7707.17,7706.09,7706.54,0.34,0.00%,0
"2026-08-19 15:50",7706.98,7706.98,7702.63,7703.81,-2.73,-0.04%,0
"2026-08-19 15:51",7703.7,7704.71,7703.32,7704.07,0.26,0.00%,0
"2026-08-19 15:52",7703.92,7704.47,7702.44,7703.97,-0.1,0.00%,0
"2026-08-19 15:53",7704.2,7706.36,7704.18,7705.15,1.18,+0.02%,0
"2026-08-19 15:54",7705.01,7707.62,7704.97,7706.63,1.48,+0.02%,0
"2026-08-19 15:55",7706.42,7706.42,7701.25,7701.75,-4.88,-0.06%,0
"2026-08-19 15:56",7701.98,7704.37,7701.61,7703.95,2.2,+0.03%,0
"2026-08-19 15:57",7703.81,7706.31,7703.81,7706.31,2.36,+0.03%,0
"2026-08-19 15:58",7706.48,7707.69,7705.7,7707.22,0.91,+0.01%,0
"2026-08-19 15:59",7707.42,7709.25,7704.45,7708.03,0.81,+0.01%,0
"2026-08-19 16:00",7709.91,7709.91,7708.35,7708.35,0.32,0.00%,0
"2026-08-19 16:01",7708.35,7708.35,7708.34,7708.34,-0.01,0.00%,0
"2026-08-19 16:02",7708.34,7708.34,7708.26,7708.26,-0.08,0.00%,0
"2026-08-19 16:03",7708.26,7708.26,7708.21,7708.21,-0.05,0.00%,0
"2026-08-19 16:04",7708.22,7708.22,7708.04,7708.04,-0.17,0.00%,0
"2026-08-19 16:05",7708.04,7708.04,7707.98,7707.98,-0.06,0.00%,0
"2026-08-19 16:06",7707.98,7707.98,7707.98,7707.98,0,0.00%,0
"2026-08-19 16:07",7707.98,7707.98,7707.98,7707.98,0,0.00%,0
"2026-08-19 16:08",7707.98,7707.98,7707.98,7707.98,0,0.00%,0
"2026-08-19 16:09",7707.98,7707.98,7707.98,7707.98,0,0.00%,0
"2026-08-19 16:10",7707.98,7707.98,7707.98,7707.98,0,0.00%,0
"2026-08-19 16:11",7707.98,7707.98,7707.98,7707.98,0,0.00%,0
"2026-08-19 16:12",7707.98,7707.98,7707.98,7707.98,0,0.00%,0
"2026-08-19 16:13",7707.98,7707.98,7707.98,7707.98,0,0.00%,0
"2026-08-19 16:14",7707.98,7707.98,7707.98,7707.98,0,0.00%,0
"2026-08-19 16:15",7707.98,7707.98,7707.98,7707.98,0,0.00%,0
"2026-08-19 16:16",7707.98,7707.98,7707.98,7707.98,0,0.00%,0
"2026-08-19 16:17",7707.98,7707.98,7707.98,7707.98,0,0.00%,0
"2026-08-19 16:18",7707.98,7707.98,7707.98,7707.98,0,0.00%,0
"2026-08-19 16:19",7707.98,7707.98,7707.98,7707.98,0,0.00%,0
"2026-08-19 16:20",7707.98,7707.98,7707.98,7707.98,0,0.00%,0
"2026-08-19 16:38",7707.98,7707.98,7707.98,7707.98,0,0.00%,0
"2026-08-20 09:30",7690.49,7690.49,7679.11,7679.11,-28.87,-0.37%,0
"2026-08-20 09:31",7679.18,7688.08,7679.18,7686.35,7.24,+0.09%,0
"2026-08-20 09:32",7686.48,7686.5,7683.47,7685.2,-1.15,-0.01%,0
"2026-08-20 09:33",7685.41,7687.34,7683.37,7687.34,2.14,+0.03%,0
"2026-08-20 09:34",7687.18,7690.9,7686.39,7690.07,2.73,+0.04%,0
"2026-08-20 09:35",7690.31,7697.1,7685.9,7695.46,5.39,+0.07%,0
"2026-08-20 09:36",7695.47,7697.2,7694.59,7695.36,-0.1,0.00%,0
"2026-08-20 09:37",7695.66,7695.93,7692.43,7692.43,-2.93,-0.04%,0
"2026-08-20 09:38",7692.21,7692.79,7689.67,7689.67,-2.76,-0.04%,0
"2026-08-20 09:39",7689.65,7694.59,7689.65,7692.42,2.75,+0.04%,0
"2026-08-20 09:40",7692.42,7692.42,7686.33,7688.33,-4.09,-0.05%,0
"2026-08-20 09:41",7688.38,7693.58,7687.71,7692.12,3.79,+0.05%,0
"2026-08-20 09:42",7692.08,7695.24,7690.8,7694.76,2.64,+0.03%,0
"2026-08-20 09:43",7695.12,7696.58,7694.53,7696.58,1.82,+0.02%,0
"2026-08-20 09:44",7696.76,7697.15,7694.31,7694.31,-2.27,-0.03%,0
"2026-08-20 09:45",7694.05,7694.87,7690.11,7690.72,-3.59,-0.05%,0
"2026-08-20 09:46",7691.11,7693.26,7690.17,7692.15,1.43,+0.02%,0
"2026-08-20 09:47",7692.08,7692.09,7688.72,7689.83,-2.32,-0.03%,0
"2026-08-20 09:48",7689.45,7691.04,7687.23,7687.77,-2.06,-0.03%,0
"2026-08-20 09:49",7687.58,7690.26,7685.72,7690.05,2.28,+0.03%,0
"2026-08-20 09:50",7690.2,7691.79,7688.29,7691.15,1.1,+0.01%,0
"2026-08-20 09:51",7690.95,7691.38,7686.06,7686.94,-4.21,-0.05%,0
"2026-08-20 09:52",7686.85,7687.78,7685.41,7685.75,-1.19,-0.02%,0
"2026-08-20 09:53",7685.49,7687,7683.89,7684.75,-1.,-0.01%,0
"2026-08-20 09:54",7684.68,7688.25,7684.2,7688.25,3.5,+0.05%,0
"2026-08-20 09:55",7688.87,7691.97,7687.56,7691.83,3.58,+0.05%,0
"2026-08-20 09:56",7692.01,7692.33,7684.78,7684.78,-7.05,-0.09%,0
"2026-08-20 09:57",7684.6,7685.51,7682.44,7682.44,-2.34,-0.03%,0
"2026-08-20 09:58",7682.31,7685.28,7681.92,7685.28,2.84,+0.04%,0
"2026-08-20 09:59",7685.23,7685.7,7683.09,7685.44,0.16,0.00%,0
"2026-08-20 10:00",7684.87,7688.47,7684.33,7685.53,0.09,0.00%,0
"2026-08-20 10:01",7685.33,7686.41,7684.48,7685.53,0,0.00%,0
"2026-08-20 10:02",7685.52,7686.25,7680.96,7680.96,-4.57,-0.06%,0
"2026-08-20 10:03",7680.36,7682.82,7679.72,7682.19,1.23,+0.02%,0
"2026-08-20 10:04",7681.97,7682.17,7679.98,7680.01,-2.18,-0.03%,0
"2026-08-20 10:05",7679.35,7680.5,7678.04,7680.5,0.49,+0.01%,0
"2026-08-20 10:06",7680.4,7684.41,7678.65,7682.19,1.69,+0.02%,0
"2026-08-20 10:07",7681.89,7682.84,7679.37,7682.46,0.27,0.00%,0
"2026-08-20 10:08",7682.6,7682.79,7677.86,7681.18,-1.28,-0.02%,0
"2026-08-20 10:09",7681.12,7685.44,7681,7685.32,4.14,+0.05%,0
"2026-08-20 10:10",7685.77,7686.76,7683.33,7684.94,-0.38,0.00%,0
"2026-08-20 10:11",7684.8,7685.49,7681.37,7681.47,-3.47,-0.05%,0
"2026-08-20 10:12",7681.3,7683.72,7680.09,7680.79,-0.68,-0.01%,0
"2026-08-20 10:13",7681.61,7683.55,7680.84,7680.84,0.05,0.00%,0
"2026-08-20 10:14",7680.9,7681.46,7678.56,7679.06,-1.78,-0.02%,0
"2026-08-20 10:15",7679,7680.05,7675.04,7675.24,-3.82,-0.05%,0
"2026-08-20 10:16",7675.58,7676.62,7673.71,7674.61,-0.63,-0.01%,0
"2026-08-20 10:17",7674.72,7675.28,7673.61,7674.56,-0.05,0.00%,0
"2026-08-20 10:18",7675.32,7677.11,7674.61,7674.76,0.2,0.00%,0
"2026-08-20 10:19",7675.03,7676.17,7673.3,7673.3,-1.46,-0.02%,0
"2026-08-20 10:20",7673.26,7682.46,7672.47,7681.05,7.75,+0.10%,0
"2026-08-20 10:21",7680.62,7681.84,7679.08,7679.85,-1.2,-0.02%,0
"2026-08-20 10:22",7679.7,7682.84,7677.67,7682.77,2.92,+0.04%,0
"2026-08-20 10:23",7683.26,7686.84,7682.32,7686.84,4.07,+0.05%,0
"2026-08-20 10:24",7686.87,7687.75,7685.39,7686.27,-0.57,-0.01%,0
"2026-08-20 10:25",7686.32,7686.78,7684.27,7684.49,-1.78,-0.02%,0
"2026-08-20 10:26",7684.52,7685.8,7681.84,7681.84,-2.65,-0.03%,0
"2026-08-20 10:27",7681.76,7683.28,7679.15,7680.6,-1.24,-0.02%,0
"2026-08-20 10:28",7680.54,7683.61,7679.8,7680.72,0.12,0.00%,0
"2026-08-20 10:29",7680.26,7681.65,7679,7681.13,0.41,+0.01%,0
"2026-08-20 10:30",7681.04,7682.34,7679.75,7681.72,0.59,+0.01%,0
"2026-08-20 10:31",7682.12,7683.92,7680.47,7683.41,1.69,+0.02%,0
"2026-08-20 10:32",7683.27,7684.61,7681.21,7682.48,-0.93,-0.01%,0
"2026-08-20 10:33",7682.95,7685.63,7682.86,7685.03,2.55,+0.03%,0
"2026-08-20 10:34",7685.33,7686.82,7680.57,7680.57,-4.46,-0.06%,0
"2026-08-20 10:35",7680.55,7681.57,7678.58,7681.51,0.94,+0.01%,0
"2026-08-20 10:36",7681.77,7684.81,7681.25,7684.36,2.85,+0.04%,0
"2026-08-20 10:37",7684.77,7687.05,7683.91,7685.55,1.19,+0.02%,0
"2026-08-20 10:38",7685.46,7686.6,7684.12,7686.11,0.56,+0.01%,0
"2026-08-20 10:39",7686.06,7690.12,7685.97,7688.62,2.51,+0.03%,0
"2026-08-20 10:40",7688.53,7689.33,7686.94,7688.08,-0.54,-0.01%,0
"2026-08-20 10:41",7687.9,7687.98,7685.15,7685.15,-2.93,-0.04%,0
"2026-08-20 10:42",7685.23,7689.97,7685.23,7689.97,4.82,+0.06%,0
"2026-08-20 10:43",7689.82,7691.56,7689.78,7690.28,0.31,0.00%,0
"2026-08-20 10:44",7690.18,7691.86,7690.18,7690.8,0.52,+0.01%,0
"2026-08-20 10:45",7690.75,7692.91,7690.62,7691.89,1.09,+0.01%,0
"2026-08-20 10:46",7692.02,7693.21,7690.43,7693.21,1.32,+0.02%,0
"2026-08-20 10:47",7693.32,7693.65,7688.65,7688.68,-4.53,-0.06%,0
"2026-08-20 10:48",7688.81,7689.56,7686.5,7687.06,-1.62,-0.02%,0
"2026-08-20 10:49",7687.09,7687.97,7685.53,7686.37,-0.69,-0.01%,0
"2026-08-20 10:50",7686.35,7687.41,7685.41,7686.32,-0.05,0.00%,0
"2026-08-20 10:51",7686.34,7688.05,7685.77,7688.05,1.73,+0.02%,0
"2026-08-20 10:52",7688.02,7689.7,7687.1,7689.7,1.65,+0.02%,0
"2026-08-20 10:53",7689.5,7691.37,7688.85,7689.92,0.22,0.00%,0
"2026-08-20 10:54",7689.77,7689.87,7686.05,7686.5,-3.42,-0.04%,0
"2026-08-20 10:55",7686.48,7688.22,7686.41,7687.92,1.42,+0.02%,0
"2026-08-20 10:56",7688.2,7688.2,7685.1,7686.78,-1.14,-0.01%,0
"2026-08-20 10:57",7686.67,7687.8,7684.72,7686,-0.78,-0.01%,0
"2026-08-20 10:58",7686.95,7687.35,7685.18,7686.87,0.87,+0.01%,0
"2026-08-20 10:59",7687.24,7691.35,7687.24,7691.04,4.17,+0.05%,0
"2026-08-20 11:00",7690.83,7692.66,7690.69,7692.43,1.39,+0.02%,0
"2026-08-20 11:01",7692.45,7698.82,7691.97,7697.94,5.51,+0.07%,0
"2026-08-20 11:02",7697.91,7699.41,7696.37,7696.52,-1.42,-0.02%,0
"2026-08-20 11:03",7696.47,7698.95,7694.8,7698.95,2.43,+0.03%,0
"2026-08-20 11:04",7699.37,7699.96,7697.8,7697.86,-1.09,-0.01%,0
"2026-08-20 11:05",7698.03,7698.03,7691.18,7691.25,-6.61,-0.09%,0
"2026-08-20 11:06",7690.9,7691.54,7689.79,7689.9,-1.35,-0.02%,0
"2026-08-20 11:07",7689.81,7691.3,7689.26,7689.26,-0.64,-0.01%,0
"2026-08-20 11:08",7689.09,7690.52,7684.35,7684.91,-4.35,-0.06%,0
"2026-08-20 11:09",7685.15,7685.34,7683.06,7684.87,-0.04,0.00%,0
"2026-08-20 11:10",7684.71,7685.34,7681.9,7682.32,-2.55,-0.03%,0
"2026-08-20 11:11",7682.2,7682.82,7679.84,7682.69,0.37,0.00%,0
"2026-08-20 11:12",7682.62,7683.91,7680.9,7683.91,1.22,+0.02%,0
"2026-08-20 11:13",7683.96,7687.25,7683.9,7687.25,3.34,+0.04%,0
"2026-08-20 11:14",7687.62,7688.54,7685.81,7686.07,-1.18,-0.02%,0
"2026-08-20 11:15",7686.27,7686.27,7684.35,7685.64,-0.43,-0.01%,0
"2026-08-20 11:16",7685.47,7685.55,7683.22,7684.77,-0.87,-0.01%,0
"2026-08-20 11:17",7684.77,7686.66,7683.71,7686.39,1.62,+0.02%,0
"2026-08-20 11:18",7686.21,7687.94,7685.15,7687.94,1.55,+0.02%,0
"2026-08-20 11:19",7688.2,7689.77,7687.37,7687.37,-0.57,-0.01%,0
"2026-08-20 11:20",7686.99,7687.07,7683.85,7684.04,-3.33,-0.04%,0
"2026-08-20 11:21",7684.3,7684.46,7681.72,7681.95,-2.09,-0.03%,0
"2026-08-20 11:22",7681.97,7682.79,7680.68,7681.45,-0.5,-0.01%,0
"2026-08-20 11:23",7681.33,7681.33,7679.82,7679.96,-1.49,-0.02%,0
"2026-08-20 11:24",7679.97,7682.54,7679.13,7681.85,1.89,+0.02%,0
"2026-08-20 11:25",7681.92,7681.92,7679.22,7679.95,-1.9,-0.02%,0
"2026-08-20 11:26",7680.14,7682.4,7680.14,7681.34,1.39,+0.02%,0
"2026-08-20 11:27",7681.41,7683.72,7681.35,7683.61,2.27,+0.03%,0
"2026-08-20 11:28",7683.73,7685.35,7683.49,7683.49,-0.12,0.00%,0
"2026-08-20 11:29",7683.67,7686.07,7683.67,7685.73,2.24,+0.03%,0
"2026-08-20 11:30",7686,7687.06,7684.81,7685.18,-0.55,-0.01%,0
"2026-08-20 11:31",7685.43,7686.15,7684.08,7684.58,-0.6,-0.01%,0
"2026-08-20 11:32",7684.47,7684.71,7682.54,7684.71,0.13,0.00%,0
"2026-08-20 11:33",7684.69,7684.69,7678.15,7678.86,-5.85,-0.08%,0
"2026-08-20 11:34",7679,7679.58,7677.64,7678.97,0.11,0.00%,0
"2026-08-20 11:35",7678.91,7679.16,7676.86,7676.86,-2.11,-0.03%,0
"2026-08-20 11:36",7676.89,7677.1,7675.98,7677.1,0.24,0.00%,0
"2026-08-20 11:37",7677.2,7679.48,7677.07,7678.7,1.6,+0.02%,0
"2026-08-20 11:38",7678.53,7678.53,7674.48,7674.48,-4.22,-0.05%,0
"2026-08-20 11:39",7674.55,7675.46,7674.42,7674.5,0.02,0.00%,0
"2026-08-20 11:40",7674.37,7675.13,7673.7,7674.15,-0.35,0.00%,0
"2026-08-20 11:41",7674.11,7675.03,7673.59,7674.15,0,0.00%,0
"2026-08-20 11:42",7674.17,7676.97,7674.17,7676.16,2.01,+0.03%,0
"2026-08-20 11:43",7675.88,7675.88,7673.35,7673.78,-2.38,-0.03%,0
"2026-08-20 11:44",7673.8,7674.26,7672.18,7672.18,-1.6,-0.02%,0
"2026-08-20 11:45",7672.2,7673.01,7672.14,7672.81,0.63,+0.01%,0
"2026-08-20 11:46",7672.75,7672.78,7671.14,7672.04,-0.77,-0.01%,0
"2026-08-20 11:47",7672.03,7675.18,7671.14,7675.18,3.14,+0.04%,0
"2026-08-20 11:48",7675.19,7675.66,7674.27,7674.98,-0.2,0.00%,0
"2026-08-20 11:49",7675.25,7675.51,7674.4,7674.93,-0.05,0.00%,0
"2026-08-20 11:50",7674.75,7675.34,7673.45,7674.85,-0.08,0.00%,0
"2026-08-20 11:51",7675.03,7677.47,7674.44,7677.47,2.62,+0.03%,0
"2026-08-20 11:52",7677.57,7679.03,7677.19,7677.26,-0.21,0.00%,0
"2026-08-20 11:53",7677.2,7677.54,7676.08,7676.08,-1.18,-0.02%,0
"2026-08-20 11:54",7676.07,7677.77,7676.07,7677.54,1.46,+0.02%,0
"2026-08-20 11:55",7677.64,7678.86,7676.75,7678.6,1.06,+0.01%,0
"2026-08-20 11:56",7678.59,7678.62,7677.21,7677.51,-1.09,-0.01%,0
"2026-08-20 11:57",7677.46,7678.2,7676.48,7676.6,-0.91,-0.01%,0
"2026-08-20 11:58",7676.66,7677.64,7675.9,7676.72,0.12,0.00%,0
"2026-08-20 11:59",7676.65,7677.42,7676,7677.42,0.7,+0.01%,0
"2026-08-20 12:00",7677.34,7678.27,7674.47,7675.6,-1.82,-0.02%,0
"2026-08-20 12:01",7675.91,7676.56,7674.9,7674.9,-0.7,-0.01%,0
"2026-08-20 12:02",7674.92,7679.02,7674.74,7678.97,4.07,+0.05%,0
"2026-08-20 12:03",7678.96,7679.56,7677.98,7678.02,-0.95,-0.01%,0
"2026-08-20 12:04",7677.8,7678.43,7674.85,7674.98,-3.04,-0.04%,0
"2026-08-20 12:05",7675.15,7677.66,7674.92,7674.96,-0.02,0.00%,0
"2026-08-20 12:06",7675.11,7675.89,7674.94,7675.68,0.72,+0.01%,0
"2026-08-20 12:07",7675.68,7675.86,7674.3,7674.61,-1.07,-0.01%,0
"2026-08-20 12:08",7674.71,7678.14,7674.61,7678.14,3.53,+0.05%,0
"2026-08-20 12:09",7677.98,7678.83,7677.68,7678.83,0.69,+0.01%,0
"2026-08-20 12:10",7678.85,7679.04,7676.69,7677.32,-1.51,-0.02%,0
"2026-08-20 12:11",7677.62,7679.56,7677.61,7678.98,1.66,+0.02%,0
"2026-08-20 12:12",7678.92,7678.92,7676.49,7676.49,-2.49,-0.03%,0
"2026-08-20 12:13",7676.48,7676.52,7673.86,7674.04,-2.45,-0.03%,0
"2026-08-20 12:14",7674.13,7674.13,7673.5,7673.75,-0.29,0.00%,0
"2026-08-20 12:15",7673.88,7674.67,7673.56,7673.85,0.1,0.00%,0
"2026-08-20 12:16",7673.99,7674.83,7673.25,7673.8,-0.05,0.00%,0
"2026-08-20 12:17",7673.77,7674.41,7673.51,7674.25,0.45,+0.01%,0
"2026-08-20 12:18",7674.23,7674.77,7673.66,7674.41,0.16,0.00%,0
"2026-08-20 12:19",7674.38,7674.99,7674.3,7674.72,0.31,0.00%,0
"2026-08-20 12:20",7674.83,7675.2,7673.46,7674.27,-0.45,-0.01%,0
"2026-08-20 12:21",7674.24,7675.13,7673.72,7674.84,0.57,+0.01%,0
"2026-08-20 12:22",7674.99,7675.55,7674.12,7674.12,-0.72,-0.01%,0
"2026-08-20 12:23",7674.26,7678.32,7674.26,7676.88,2.76,+0.04%,0
"2026-08-20 12:24",7676.91,7678.85,7676.91,7678.34,1.46,+0.02%,0
"2026-08-20 12:25",7678.29,7678.7,7677.21,7678.18,-0.16,0.00%,0
"2026-08-20 12:26",7678.23,7678.36,7677.27,7677.63,-0.55,-0.01%,0
"2026-08-20 12:27",7677.57,7678.12,7677.08,7677.08,-0.55,-0.01%,0
"2026-08-20 12:28",7676.95,7676.99,7675.79,7676.59,-0.49,-0.01%,0
"2026-08-20 12:29",7676.68,7677.48,7676.1,7676.4,-0.19,0.00%,0
"2026-08-20 12:30",7676.34,7676.34,7672.6,7673.14,-3.26,-0.04%,0
"2026-08-20 12:31",7673.21,7673.27,7672.39,7672.78,-0.36,0.00%,0
"2026-08-20 12:32",7672.92,7673.67,7672.66,7673.61,0.83,+0.01%,0
"2026-08-20 12:33",7673.47,7676.41,7673.34,7676.01,2.4,+0.03%,0
"2026-08-20 12:34",7676.07,7680.09,7675.93,7680.08,4.07,+0.05%,0
"2026-08-20 12:35",7680.08,7680.08,7679.02,7680.02,-0.06,0.00%,0
"2026-08-20 12:36",7680.08,7681.51,7679.6,7681.3,1.28,+0.02%,0
"2026-08-20 12:37",7681.35,7682.38,7680.81,7681.23,-0.07,0.00%,0
"2026-08-20 12:38",7681.3,7681.45,7680.59,7681.4,0.17,0.00%,0
"2026-08-20 12:39",7681.43,7682.43,7681.24,7681.93,0.53,+0.01%,0
"2026-08-20 12:40",7681.97,7683.63,7681.96,7683.35,1.42,+0.02%,0
"2026-08-20 12:41",7683.31,7683.71,7682.74,7682.74,-0.61,-0.01%,0
"2026-08-20 12:42",7682.71,7683.17,7682.19,7682.27,-0.47,-0.01%,0
"2026-08-20 12:43",7682.17,7682.76,7682.12,7682.51,0.24,0.00%,0
"2026-08-20 12:44",7682.2,7684.83,7682.1,7684.83,2.32,+0.03%,0
"2026-08-20 12:45",7684.85,7684.89,7682.36,7683.05,-1.78,-0.02%,0
"2026-08-20 12:46",7682.92,7684.23,7682.66,7684.23,1.18,+0.02%,0
"2026-08-20 12:47",7684.42,7684.87,7684.2,7684.37,0.14,0.00%,0
"2026-08-20 12:48",7684.35,7684.45,7682.79,7682.82,-1.55,-0.02%,0
"2026-08-20 12:49",7682.89,7683.38,7682.44,7682.82,0,0.00%,0
"2026-08-20 12:50",7682.69,7684.35,7682.53,7683.16,0.34,0.00%,0
"2026-08-20 12:51",7683.23,7683.5,7681.63,7681.82,-1.34,-0.02%,0
"2026-08-20 12:52",7681.71,7681.83,7680.15,7680.81,-1.01,-0.01%,0
"2026-08-20 12:53",7680.79,7681.52,7680.78,7681.04,0.23,0.00%,0
"2026-08-20 12:54",7680.97,7680.97,7680.16,7680.53,-0.51,-0.01%,0
"2026-08-20 12:55",7680.57,7680.79,7679.94,7680.05,-0.48,-0.01%,0
"2026-08-20 12:56",7679.98,7680.24,7679.07,7679.65,-0.4,-0.01%,0
"2026-08-20 12:57",7679.6,7682.56,7679.6,7680.46,0.81,+0.01%,0
"2026-08-20 12:58",7680.44,7681.29,7679.28,7681.07,0.61,+0.01%,0
"2026-08-20 12:59",7681.06,7683.51,7681.06,7683.03,1.96,+0.03%,0
"2026-08-20 13:00",7682.88,7682.98,7680.88,7681.24,-1.79,-0.02%,0
"2026-08-20 13:01",7681.19,7681.38,7679.09,7679.49,-1.75,-0.02%,0
"2026-08-20 13:02",7679.51,7680.13,7679.01,7679.01,-0.48,-0.01%,0
"2026-08-20 13:03",7678.94,7679.13,7678.3,7678.46,-0.55,-0.01%,0
"2026-08-20 13:04",7678.58,7679.39,7678.58,7678.96,0.5,+0.01%,0
"2026-08-20 13:05",7678.92,7679.01,7677.29,7678.74,-0.22,0.00%,0
"2026-08-20 13:06",7678.59,7678.59,7676.24,7676.85,-1.89,-0.02%,0
"2026-08-20 13:07",7676.86,7677.14,7676.09,7676.78,-0.07,0.00%,0
"2026-08-20 13:08",7676.71,7676.71,7675.19,7675.67,-1.11,-0.01%,0
"2026-08-20 13:09",7675.85,7676.48,7675.78,7675.97,0.3,0.00%,0
"2026-08-20 13:10",7675.88,7676.2,7675.55,7675.55,-0.42,-0.01%,0
"2026-08-20 13:11",7675.47,7676.3,7675.13,7676.2,0.65,+0.01%,0
"2026-08-20 13:12",7676.27,7676.67,7675.6,7676.04,-0.16,0.00%,0
"2026-08-20 13:13",7676.02,7676.76,7675.58,7675.58,-0.46,-0.01%,0
"2026-08-20 13:14",7675.38,7675.38,7673.73,7673.91,-1.67,-0.02%,0
"2026-08-20 13:15",7674.01,7674.25,7672.09,7672.09,-1.82,-0.02%,0
"2026-08-20 13:16",7671.96,7671.96,7669.86,7669.95,-2.14,-0.03%,0
"2026-08-20 13:17",7669.98,7669.98,7668.27,7668.9,-1.05,-0.01%,0
"2026-08-20 13:18",7668.84,7669.85,7668.52,7668.93,0.03,0.00%,0
"2026-08-20 13:19",7668.93,7669.27,7667.25,7667.25,-1.68,-0.02%,0
"2026-08-20 13:20",7667.3,7668.94,7666.53,7668.61,1.36,+0.02%,0
"2026-08-20 13:21",7668.7,7669.18,7668.36,7668.53,-0.08,0.00%,0
"2026-08-20 13:22",7668.39,7670.78,7668.39,7670.11,1.58,+0.02%,0
"2026-08-20 13:23",7669.99,7670.35,7669.73,7669.94,-0.17,0.00%,0
"2026-08-20 13:24",7669.99,7670.6,7669.29,7669.42,-0.52,-0.01%,0
"2026-08-20 13:25",7669.16,7669.25,7667.93,7668.03,-1.39,-0.02%,0
"2026-08-20 13:26",7668.14,7668.16,7667.35,7667.8,-0.23,0.00%,0
"2026-08-20 13:27",7667.87,7667.92,7665.88,7666.02,-1.78,-0.02%,0
"2026-08-20 13:28",7666.01,7666.59,7665.93,7666.5,0.48,+0.01%,0
"2026-08-20 13:29",7666.5,7667.01,7666.06,7666.07,-0.43,-0.01%,0
"2026-08-20 13:30",7666.09,7666.31,7665.3,7665.37,-0.7,-0.01%,0
"2026-08-20 13:31",7665.52,7667.43,7665.52,7667.23,1.86,+0.02%,0
"2026-08-20 13:32",7667.3,7667.49,7665.39,7665.64,-1.59,-0.02%,0
"2026-08-20 13:33",7665.73,7666.29,7665.39,7665.52,-0.12,0.00%,0
"2026-08-20 13:34",7665.39,7665.6,7664.44,7664.69,-0.83,-0.01%,0
"2026-08-20 13:35",7664.64,7666.06,7664.27,7665.23,0.54,+0.01%,0
"2026-08-20 13:36",7665.19,7665.54,7664.26,7664.64,-0.59,-0.01%,0
"2026-08-20 13:37",7664.49,7664.49,7662.46,7663.06,-1.58,-0.02%,0
"2026-08-20 13:38",7663.09,7663.33,7662.74,7663.31,0.25,0.00%,0
"2026-08-20 13:39",7663.54,7664.25,7663.4,7663.65,0.34,0.00%,0
"2026-08-20 13:40",7663.48,7663.97,7662.24,7662.35,-1.3,-0.02%,0
"2026-08-20 13:41",7662.53,7663.08,7661.97,7661.97,-0.38,0.00%,0
"2026-08-20 13:42",7661.83,7662.4,7661.54,7662.18,0.21,0.00%,0
"2026-08-20 13:43",7662.19,7662.19,7661.54,7661.64,-0.54,-0.01%,0
"2026-08-20 13:44",7661.71,7663.2,7661.69,7663.2,1.56,+0.02%,0
"2026-08-20 13:45",7663.07,7664.41,7662.87,7664.41,1.21,+0.02%,0
"2026-08-20 13:46",7664.26,7664.97,7664.08,7664.84,0.43,+0.01%,0
"2026-08-20 13:47",7664.82,7665.57,7664.35,7665.26,0.42,+0.01%,0
"2026-08-20 13:48",7665.32,7666.25,7665.32,7665.76,0.5,+0.01%,0
"2026-08-20 13:49",7665.8,7666.47,7665.5,7665.5,-0.26,0.00%,0
"2026-08-20 13:50",7665.59,7668,7665.35,7668,2.5,+0.03%,0
"2026-08-20 13:51",7668.08,7668.46,7667.47,7667.63,-0.37,0.00%,0
"2026-08-20 13:52",7667.55,7667.66,7666.87,7667.18,-0.45,-0.01%,0
"2026-08-20 13:53",7667.02,7667.09,7665.98,7666.94,-0.24,0.00%,0
"2026-08-20 13:54",7667.01,7667.04,7665.87,7666,-0.94,-0.01%,0
"2026-08-20 13:55",7665.97,7666.23,7665.08,7665.58,-0.42,-0.01%,0
"2026-08-20 13:56",7665.6,7666.38,7665.26,7666.37,0.79,+0.01%,0
"2026-08-20 13:57",7666.31,7666.49,7665.75,7666.49,0.12,0.00%,0
"2026-08-20 13:58",7666.56,7666.93,7664.6,7664.64,-1.85,-0.02%,0
"2026-08-20 13:59",7664.85,7664.93,7663.9,7664,-0.64,-0.01%,0
"2026-08-20 14:00",7664.07,7664.07,7661.2,7661.53,-2.47,-0.03%,0
"2026-08-20 14:01",7661.64,7662,7660.72,7660.8,-0.73,-0.01%,0
"2026-08-20 14:02",7660.73,7660.87,7658.91,7658.91,-1.89,-0.02%,0
"2026-08-20 14:03",7658.89,7659.89,7658.79,7659.09,0.18,0.00%,0
"2026-08-20 14:04",7659.11,7659.73,7658.71,7659.41,0.32,0.00%,0
"2026-08-20 14:05",7659.29,7659.55,7656.15,7657.02,-2.39,-0.03%,0
"2026-08-20 14:06",7657.01,7657.68,7656.32,7656.32,-0.7,-0.01%,0
"2026-08-20 14:07",7656.4,7656.54,7654.98,7655.41,-0.91,-0.01%,0
"2026-08-20 14:08",7655.31,7655.38,7654.23,7654.31,-1.1,-0.01%,0
"2026-08-20 14:09",7654.39,7655.63,7654.39,7655.19,0.88,+0.01%,0
"2026-08-20 14:10",7655.15,7655.15,7652.08,7652.6,-2.59,-0.03%,0
"2026-08-20 14:11",7652.49,7653.97,7652.08,7653.67,1.07,+0.01%,0
"2026-08-20 14:12",7653.57,7655.87,7653.57,7653.91,0.24,0.00%,0
"2026-08-20 14:13",7653.92,7654.29,7653.08,7654.13,0.22,0.00%,0
"2026-08-20 14:14",7654.12,7654.78,7652.94,7653.97,-0.16,0.00%,0
"2026-08-20 14:15",7653.99,7653.99,7652.03,7652.6,-1.37,-0.02%,0
"2026-08-20 14:16",7652.64,7652.64,7649.9,7650.12,-2.48,-0.03%,0
"2026-08-20 14:17",7650.14,7651.71,7650.14,7651.33,1.21,+0.02%,0
"2026-08-20 14:18",7652.02,7653.78,7651.84,7653.78,2.45,+0.03%,0
"2026-08-20 14:19",7653.75,7655.05,7653.67,7654.81,1.03,+0.01%,0
"2026-08-20 14:20",7654.86,7656.92,7654.86,7656.92,2.11,+0.03%,0
"2026-08-20 14:21",7656.98,7657.01,7655.52,7656.35,-0.57,-0.01%,0
"2026-08-20 14:22",7656.35,7657.44,7655.71,7655.77,-0.58,-0.01%,0
"2026-08-20 14:23",7655.83,7656.72,7655.75,7655.79,0.02,0.00%,0
"2026-08-20 14:24",7655.73,7656.4,7654.59,7654.6,-1.19,-0.02%,0
"2026-08-20 14:25",7654.65,7654.91,7653.28,7653.56,-1.04,-0.01%,0
"2026-08-20 14:26",7653.47,7654.19,7653.41,7653.59,0.03,0.00%,0
"2026-08-20 14:27",7653.59,7654.06,7652.84,7653.16,-0.43,-0.01%,0
"2026-08-20 14:28",7653.09,7654.27,7652.85,7653.99,0.83,+0.01%,0
"2026-08-20 14:29",7653.91,7655.14,7653.91,7654.02,0.03,0.00%,0
"2026-08-20 14:30",7653.97,7654.31,7652.92,7653.04,-0.98,-0.01%,0
"2026-08-20 14:31",7653.13,7654.33,7653.04,7653.35,0.31,0.00%,0
"2026-08-20 14:32",7653.49,7653.59,7652.7,7652.71,-0.64,-0.01%,0
"2026-08-20 14:33",7652.72,7652.81,7651.34,7651.34,-1.37,-0.02%,0
"2026-08-20 14:34",7651.27,7651.57,7650.91,7651.32,-0.02,0.00%,0
"2026-08-20 14:35",7651.36,7652.7,7651.28,7651.77,0.45,+0.01%,0
"2026-08-20 14:36",7651.81,7654.04,7651.58,7654.04,2.27,+0.03%,0
"2026-08-20 14:37",7654.07,7654.22,7652.83,7653.21,-0.83,-0.01%,0
"2026-08-20 14:38",7653.4,7653.86,7653.09,7653.72,0.51,+0.01%,0
"2026-08-20 14:39",7653.75,7654.02,7652.68,7652.68,-1.04,-0.01%,0
"2026-08-20 14:40",7652.56,7652.6,7650.57,7650.94,-1.74,-0.02%,0
"2026-08-20 14:41",7651.05,7651.84,7650.79,7651.82,0.88,+0.01%,0
"2026-08-20 14:42",7651.78,7653.68,7651.6,7653.3,1.48,+0.02%,0
"2026-08-20 14:43",7653.3,7653.98,7653.15,7653.48,0.18,0.00%,0
"2026-08-20 14:44",7653.51,7654.19,7653.23,7653.73,0.25,0.00%,0
"2026-08-20 14:45",7653.72,7654.02,7652.74,7653.42,-0.31,0.00%,0
"2026-08-20 14:46",7653.5,7653.5,7652.42,7652.65,-0.77,-0.01%,0
"2026-08-20 14:47",7652.7,7654.64,7652.38,7654.64,1.99,+0.03%,0
"2026-08-20 14:48",7654.84,7656.24,7654.52,7656.08,1.44,+0.02%,0
"2026-08-20 14:49",7656.08,7656.31,7655.37,7655.41,-0.67,-0.01%,0
"2026-08-20 14:50",7655.38,7655.68,7654.1,7654.18,-1.23,-0.02%,0
"2026-08-20 14:51",7653.96,7655.64,7653.96,7655.33,1.15,+0.02%,0
"2026-08-20 14:52",7655.14,7655.18,7654.53,7654.56,-0.77,-0.01%,0
"2026-08-20 14:53",7654.51,7655.07,7653.41,7653.49,-1.07,-0.01%,0
"2026-08-20 14:54",7653.56,7654.43,7653.49,7654.29,0.8,+0.01%,0
"2026-08-20 14:55",7654.15,7655.6,7653.97,7654.19,-0.1,0.00%,0
"2026-08-20 14:56",7654.28,7654.48,7653.8,7653.8,-0.39,-0.01%,0
"2026-08-20 14:57",7653.77,7653.88,7653.02,7653.31,-0.49,-0.01%,0
"2026-08-20 14:58",7653.28,7653.4,7652.02,7652.57,-0.74,-0.01%,0
"2026-08-20 14:59",7652.84,7653,7650.99,7650.99,-1.58,-0.02%,0
"2026-08-20 15:00",7650.82,7651.6,7650.47,7651.44,0.45,+0.01%,0
"2026-08-20 15:01",7651.29,7652.24,7650.71,7650.93,-0.51,-0.01%,0
"2026-08-20 15:02",7650.89,7652.01,7650.37,7652.01,1.08,+0.01%,0
"2026-08-20 15:03",7652.02,7652.27,7651.7,7651.82,-0.19,0.00%,0
"2026-08-20 15:04",7651.78,7652.37,7651.31,7652.24,0.42,+0.01%,0
"2026-08-20 15:05",7652.29,7653.6,7651.52,7653.59,1.35,+0.02%,0
"2026-08-20 15:06",7653.7,7655.09,7653.27,7653.71,0.12,0.00%,0
"2026-08-20 15:07",7653.78,7654.84,7653.78,7654.51,0.8,+0.01%,0
"2026-08-20 15:08",7654.56,7655.25,7654.39,7654.64,0.13,0.00%,0
"2026-08-20 15:09",7654.67,7655.07,7654.31,7654.42,-0.22,0.00%,0
"2026-08-20 15:10",7654.61,7654.83,7653.15,7653.15,-1.27,-0.02%,0
"2026-08-20 15:11",7653.31,7653.46,7652.4,7652.9,-0.25,0.00%,0
"2026-08-20 15:12",7652.97,7653.29,7652.72,7652.74,-0.16,0.00%,0
"2026-08-20 15:13",7652.8,7653.87,7652.7,7653.79,1.05,+0.01%,0
"2026-08-20 15:14",7653.84,7654.84,7653.34,7653.8,0.01,0.00%,0
"2026-08-20 15:15",7653.83,7656.05,7653.75,7655.81,2.01,+0.03%,0
"2026-08-20 15:16",7655.67,7656.18,7655.12,7655.12,-0.69,-0.01%,0
"2026-08-20 15:17",7655.04,7655.04,7652.92,7652.92,-2.2,-0.03%,0
"2026-08-20 15:18",7652.98,7653.83,7652.83,7653.05,0.13,0.00%,0
"2026-08-20 15:19",7653.1,7653.29,7651.25,7651.57,-1.48,-0.02%,0
"2026-08-20 15:20",7651.54,7652.13,7650.58,7650.58,-0.99,-0.01%,0
"2026-08-20 15:21",7650.6,7651.3,7650.6,7651.19,0.61,+0.01%,0
"2026-08-20 15:22",7651.38,7653.2,7651.38,7653.11,1.92,+0.03%,0
"2026-08-20 15:23",7653.25,7654.8,7653.25,7654.03,0.92,+0.01%,0
"2026-08-20 15:24",7653.98,7655.6,7653.64,7654.78,0.75,+0.01%,0
"2026-08-20 15:25",7654.95,7655.82,7654.72,7655.24,0.46,+0.01%,0
"2026-08-20 15:26",7655.03,7655.14,7654.11,7654.97,-0.27,0.00%,0
"2026-08-20 15:27",7655.05,7655.24,7654.19,7654.19,-0.78,-0.01%,0
"2026-08-20 15:28",7654.1,7654.1,7653.22,7653.7,-0.49,-0.01%,0
"2026-08-20 15:29",7653.82,7654.19,7652.99,7653.23,-0.47,-0.01%,0
"2026-08-20 15:30",7653.19,7653.38,7651.69,7651.69,-1.54,-0.02%,0
"2026-08-20 15:31",7651.63,7652.22,7650.85,7651.05,-0.64,-0.01%,0
"2026-08-20 15:32",7651.03,7651.82,7650.95,7651.51,0.46,+0.01%,0
"2026-08-20 15:33",7651.5,7651.96,7650.6,7650.6,-0.91,-0.01%,0
"2026-08-20 15:34",7650.56,7650.66,7649.1,7650.16,-0.44,-0.01%,0
"2026-08-20 15:35",7650.16,7650.72,7649.43,7650.72,0.56,+0.01%,0
"2026-08-20 15:36",7651.02,7653.15,7650.65,7653.15,2.43,+0.03%,0
"2026-08-20 15:37",7653.13,7653.58,7652.09,7652.09,-1.06,-0.01%,0
"2026-08-20 15:38",7652.12,7653.41,7651.98,7653.41,1.32,+0.02%,0
"2026-08-20 15:39",7653.5,7654.68,7653.34,7653.56,0.15,0.00%,0
"2026-08-20 15:40",7653.48,7653.87,7652.31,7652.35,-1.21,-0.02%,0
"2026-08-20 15:41",7652.37,7652.94,7652.14,7652.35,0,0.00%,0
"2026-08-20 15:42",7652.36,7652.42,7650.73,7650.98,-1.37,-0.02%,0
"2026-08-20 15:43",7650.84,7650.95,7649.8,7649.87,-1.11,-0.01%,0
"2026-08-20 15:44",7649.74,7649.74,7648.25,7649.48,-0.39,-0.01%,0
"2026-08-20 15:45",7649.5,7649.53,7646.82,7648.16,-1.32,-0.02%,0
"2026-08-20 15:46",7648.29,7648.29,7646.86,7647.05,-1.11,-0.01%,0
"2026-08-20 15:47",7646.86,7648.91,7646.86,7648.31,1.26,+0.02%,0
"2026-08-20 15:48",7648.24,7649.46,7648.11,7649.21,0.9,+0.01%,0
"2026-08-20 15:49",7649.28,7652.46,7649.28,7652.46,3.25,+0.04%,0
"2026-08-20 15:50",7652.2,7652.2,7649.09,7650.7,-1.76,-0.02%,0
"2026-08-20 15:51",7650.71,7652.18,7650.62,7651.68,0.98,+0.01%,0
"2026-08-20 15:52",7651.7,7652.33,7650.16,7652.11,0.43,+0.01%,0
"2026-08-20 15:53",7652.16,7652.28,7650.39,7651.1,-1.01,-0.01%,0
"2026-08-20 15:54",7650.89,7651.18,7646.14,7647.24,-3.86,-0.05%,0
"2026-08-20 15:55",7647.11,7647.11,7642.22,7643.03,-4.21,-0.06%,0
"2026-08-20 15:56",7643.11,7643.11,7641.49,7642.23,-0.8,-0.01%,0
"2026-08-20 15:57",7642.08,7642.12,7639.87,7640.6,-1.63,-0.02%,0
"2026-08-20 15:58",7640.67,7642.88,7640.1,7642.69,2.09,+0.03%,0
"2026-08-20 15:59",7643.04,7645.3,7639.01,7642.21,-0.48,-0.01%,0
"2026-08-20 16:00",7643.51,7643.51,7641.66,7641.66,-0.55,-0.01%,0
"2026-08-20 16:01",7641.66,7641.66,7641.64,7641.64,-0.02,0.00%,0
"2026-08-20 16:02",7641.64,7641.64,7641.63,7641.63,-0.01,0.00%,0
"2026-08-20 16:03",7641.63,7641.63,7641.35,7641.35,-0.28,0.00%,0
"2026-08-20 16:04",7641.32,7641.32,7641.16,7641.16,-0.19,0.00%,0
"2026-08-20 16:05",7641.16,7641.16,7641.16,7641.16,0,0.00%,0
"2026-08-20 16:06",7641.16,7641.16,7641.16,7641.16,0,0.00%,0
"2026-08-20 16:07",7641.16,7641.16,7641.16,7641.16,0,0.00%,0
"2026-08-20 16:08",7641.16,7641.16,7641.16,7641.16,0,0.00%,0
"2026-08-20 16:09",7641.16,7641.16,7641.16,7641.16,0,0.00%,0
"2026-08-20 16:10",7641.16,7641.16,7641.16,7641.16,0,0.00%,0
"2026-08-20 16:11",7641.16,7641.16,7641.16,7641.16,0,0.00%,0
"2026-08-20 16:12",7641.16,7641.16,7641.16,7641.16,0,0.00%,0
"2026-08-20 16:13",7641.16,7641.16,7641.16,7641.16,0,0.00%,0
"2026-08-20 16:14",7641.16,7641.16,7641.16,7641.16,0,0.00%,0
"2026-08-20 16:15",7641.16,7641.16,7641.16,7641.16,0,0.00%,0
"2026-08-20 16:16",7641.16,7641.16,7641.16,7641.16,0,0.00%,0
"2026-08-20 16:17",7641.16,7641.16,7641.16,7641.16,0,0.00%,0
"2026-08-20 16:18",7641.16,7641.16,7641.16,7641.16,0,0.00%,0
"2026-08-20 16:19",7641.16,7641.16,7641.16,7641.16,0,0.00%,0
"2026-08-20 16:20",7641.16,7641.16,7641.16,7641.16,0,0.00%,0
"2026-08-20 17:10",7641.16,7641.16,7641.16,7641.16,0,0.00%,0
"2026-08-21 09:30",7665.68,7678.16,7665.68,7673.38,32.22,+0.42%,0
"2026-08-21 09:31",7672.77,7673.8,7671.41,7672.64,-0.74,-0.01%,0
"2026-08-21 09:32",7672.16,7674.75,7670.24,7671.37,-1.27,-0.02%,0
"2026-08-21 09:33",7671.58,7672.03,7668.05,7669.11,-2.26,-0.03%,0
"2026-08-21 09:34",7669.24,7671.7,7667.93,7668.04,-1.07,-0.01%,0
"2026-08-21 09:35",7667.18,7667.96,7665.6,7667.62,-0.42,-0.01%,0
"2026-08-21 09:36",7667.91,7668.97,7665.69,7667.81,0.19,0.00%,0
"2026-08-21 09:37",7668.21,7670.9,7667.2,7670.9,3.09,+0.04%,0
"2026-08-21 09:38",7670.88,7670.97,7668.21,7669.44,-1.46,-0.02%,0
"2026-08-21 09:39",7669.69,7669.69,7666.17,7669.44,0,0.00%,0
"2026-08-21 09:40",7669.57,7671.73,7669.4,7669.95,0.51,+0.01%,0
"2026-08-21 09:41",7670.07,7671.96,7669.58,7669.58,-0.37,0.00%,0
"2026-08-21 09:42",7669.38,7671.93,7669.2,7669.87,0.29,0.00%,0
"2026-08-21 09:43",7669.87,7670.11,7666.31,7666.98,-2.89,-0.04%,0
"2026-08-21 09:44",7666.83,7671.02,7666.83,7670.21,3.23,+0.04%,0
"2026-08-21 09:45",7670.36,7672.81,7669.42,7671.05,0.84,+0.01%,0
"2026-08-21 09:46",7671.04,7672.23,7669.77,7671.02,-0.03,0.00%,0
"2026-08-21 09:47",7670.97,7671.66,7666.62,7667.77,-3.25,-0.04%,0
"2026-08-21 09:48",7668.04,7669.75,7666.24,7666.24,-1.53,-0.02%,0
"2026-08-21 09:49",7666.44,7668.31,7666.04,7668.31,2.07,+0.03%,0
"2026-08-21 09:50",7668.5,7671.26,7668.12,7669.7,1.39,+0.02%,0
"2026-08-21 09:51",7669.85,7670.62,7666.48,7666.78,-2.92,-0.04%,0
"2026-08-21 09:52",7666.72,7666.85,7664.63,7664.63,-2.15,-0.03%,0
"2026-08-21 09:53",7664.5,7666.72,7663.42,7663.42,-1.21,-0.02%,0
"2026-08-21 09:54",7663.13,7663.13,7660.83,7662.94,-0.48,-0.01%,0
"2026-08-21 09:55",7663.05,7664.84,7662.84,7662.84,-0.1,0.00%,0
"2026-08-21 09:56",7662.5,7666.57,7662.36,7666.13,3.29,+0.04%,0
"2026-08-21 09:57",7665.65,7665.66,7662.92,7664.14,-1.99,-0.03%,0
"2026-08-21 09:58",7664.04,7664.43,7661.47,7664.27,0.13,0.00%,0
"2026-08-21 09:59",7664,7666.5,7663.49,7664.24,-0.03,0.00%,0
"2026-08-21 10:00",7663.83,7667.85,7663.77,7666.85,2.61,+0.03%,0
"2026-08-21 10:01",7667.01,7667.68,7666.29,7666.6,-0.25,0.00%,0
"2026-08-21 10:02",7667.15,7667.15,7664.82,7664.82,-1.78,-0.02%,0
"2026-08-21 10:03",7664.86,7667.42,7664.41,7666.06,1.24,+0.02%,0
"2026-08-21 10:04",7665.83,7668.35,7665.53,7668.01,1.95,+0.03%,0
"2026-08-21 10:05",7668.33,7672.04,7668.28,7672.04,4.03,+0.05%,0
"2026-08-21 10:06",7672.18,7673.96,7671.39,7672.65,0.61,+0.01%,0
"2026-08-21 10:07",7672.27,7673.22,7670.59,7671.09,-1.56,-0.02%,0
"2026-08-21 10:08",7671,7673.28,7670.55,7673.1,2.01,+0.03%,0
"2026-08-21 10:09",7673.08,7673.08,7670.84,7671.5,-1.6,-0.02%,0
"2026-08-21 10:10",7671.39,7673.15,7670.05,7672.77,1.27,+0.02%,0
"2026-08-21 10:11",7672.59,7672.64,7669.97,7671.07,-1.7,-0.02%,0
"2026-08-21 10:12",7671.09,7671.09,7668.2,7668.32,-2.75,-0.04%,0
"2026-08-21 10:13",7668.45,7669.19,7665.72,7666.37,-1.95,-0.03%,0
"2026-08-21 10:14",7666.49,7666.74,7664.56,7665.64,-0.73,-0.01%,0
"2026-08-21 10:15",7665.43,7668.11,7665.08,7667.83,2.19,+0.03%,0
"2026-08-21 10:16",7668.17,7668.33,7665.12,7668.25,0.42,+0.01%,0
"2026-08-21 10:17",7668.43,7668.68,7665.3,7666.72,-1.53,-0.02%,0
"2026-08-21 10:18",7666.73,7667.18,7665.3,7665.39,-1.33,-0.02%,0
"2026-08-21 10:19",7665,7666.05,7664.17,7664.56,-0.83,-0.01%,0
"2026-08-21 10:20",7664.62,7665.7,7663.6,7665.24,0.68,+0.01%,0
"2026-08-21 10:21",7665.18,7665.2,7662.74,7664.57,-0.67,-0.01%,0
"2026-08-21 10:22",7664.48,7669.78,7664.46,7668.91,4.34,+0.06%,0
"2026-08-21 10:23",7668.89,7669.22,7666.95,7669,0.09,0.00%,0
"2026-08-21 10:24",7668.88,7670.59,7665.57,7666.07,-2.93,-0.04%,0
"2026-08-21 10:25",7665.99,7668.75,7665.64,7668.07,2,+0.03%,0
"2026-08-21 10:26",7667.86,7669.29,7667.57,7668.28,0.21,0.00%,0
"2026-08-21 10:27",7668.12,7669.41,7667.27,7668.16,-0.12,0.00%,0
"2026-08-21 10:28",7668.07,7669.24,7667.36,7668.14,-0.02,0.00%,0
"2026-08-21 10:29",7668.18,7668.39,7664.7,7665.1,-3.04,-0.04%,0
"2026-08-21 10:30",7665.04,7666.84,7664.83,7665.98,0.88,+0.01%,0
"2026-08-21 10:31",7665.81,7666.6,7665.46,7666.46,0.48,+0.01%,0
"2026-08-21 10:32",7666.18,7666.68,7664.47,7665.43,-1.03,-0.01%,0
"2026-08-21 10:33",7665.43,7666.7,7664.28,7664.28,-1.15,-0.02%,0
"2026-08-21 10:34",7663.92,7665.54,7663.22,7663.22,-1.06,-0.01%,0
"2026-08-21 10:35",7663.19,7663.5,7662.18,7662.18,-1.04,-0.01%,0
"2026-08-21 10:36",7662.25,7663.37,7661.23,7661.57,-0.61,-0.01%,0
"2026-08-21 10:37",7661.37,7662.04,7660.38,7661.34,-0.23,0.00%,0
"2026-08-21 10:38",7661.26,7663.19,7661.2,7663.17,1.83,+0.02%,0
"2026-08-21 10:39",7664.02,7664.5,7661.79,7661.89,-1.28,-0.02%,0
"2026-08-21 10:40",7661.95,7663.8,7661.93,7663.54,1.65,+0.02%,0
"2026-08-21 10:41",7663.28,7663.28,7660.36,7660.45,-3.09,-0.04%,0
"2026-08-21 10:42",7660.46,7662.31,7660.06,7661.62,1.17,+0.02%,0
"2026-08-21 10:43",7661.67,7666.67,7661.66,7666.26,4.64,+0.06%,0
"2026-08-21 10:44",7666.2,7666.21,7663.83,7664.8,-1.46,-0.02%,0
"2026-08-21 10:45",7664.75,7666.01,7664.13,7665.64,0.84,+0.01%,0
"2026-08-21 10:46",7665.67,7668.2,7665.35,7668.09,2.45,+0.03%,0
"2026-08-21 10:47",7667.97,7668.08,7664.63,7665.42,-2.67,-0.03%,0
"2026-08-21 10:48",7665.33,7667.45,7665.33,7667.11,1.69,+0.02%,0
"2026-08-21 10:49",7666.98,7668.61,7666.81,7668.39,1.28,+0.02%,0
"2026-08-21 10:50",7668.49,7669.55,7667.83,7669.05,0.66,+0.01%,0
"2026-08-21 10:51",7668.91,7669.13,7667.35,7668.18,-0.87,-0.01%,0
"2026-08-21 10:52",7668.02,7670.58,7667.23,7670,1.82,+0.02%,0
"2026-08-21 10:53",7669.97,7671.23,7669.39,7669.51,-0.49,-0.01%,0
"2026-08-21 10:54",7669.4,7669.66,7667.35,7668.49,-1.02,-0.01%,0
"2026-08-21 10:55",7668.57,7671.66,7668.08,7671.49,3,+0.04%,0
"2026-08-21 10:56",7671.56,7673.62,7671.56,7673.57,2.08,+0.03%,0
"2026-08-21 10:57",7673.45,7674.7,7672.95,7673.9,0.33,0.00%,0
"2026-08-21 10:58",7674.05,7675.13,7673.29,7674.92,1.02,+0.01%,0
"2026-08-21 10:59",7675.07,7676.7,7675.02,7676.69,1.77,+0.02%,0
"2026-08-21 11:00",7676.67,7679.23,7676.35,7678.92,2.23,+0.03%,0
"2026-08-21 11:01",7678.98,7679.38,7676.55,7676.55,-2.37,-0.03%,0
"2026-08-21 11:02",7676.93,7677.59,7676.35,7676.35,-0.2,0.00%,0
"2026-08-21 11:03",7676.32,7679.96,7675.98,7679.86,3.51,+0.05%,0
"2026-08-21 11:04",7679.9,7681.63,7679.55,7680.86,1,+0.01%,0
"2026-08-21 11:05",7680.82,7681.05,7678.93,7679.49,-1.37,-0.02%,0
"2026-08-21 11:06",7679.63,7682.07,7679.45,7680.17,0.68,+0.01%,0
"2026-08-21 11:07",7680.07,7681.23,7679.34,7679.69,-0.48,-0.01%,0
"2026-08-21 11:08",7679.73,7680.66,7679.23,7679.43,-0.26,0.00%,0
"2026-08-21 11:09",7679.37,7679.37,7676.3,7676.3,-3.13,-0.04%,0
"2026-08-21 11:10",7676.48,7676.9,7676.07,7676.12,-0.18,0.00%,0
"2026-08-21 11:11",7676.11,7678.43,7676.11,7677.61,1.49,+0.02%,0
"2026-08-21 11:12",7677.72,7678.31,7676.92,7677.7,0.09,0.00%,0
"2026-08-21 11:13",7677.67,7677.84,7676.6,7677.72,0.02,0.00%,0
"2026-08-21 11:14",7677.7,7677.7,7675.22,7675.24,-2.48,-0.03%,0
"2026-08-21 11:15",7675.21,7677.31,7675.06,7675.8,0.56,+0.01%,0
"2026-08-21 11:16",7675.71,7676.2,7674.88,7674.91,-0.89,-0.01%,0
"2026-08-21 11:17",7674.79,7675.41,7674.26,7674.91,0,0.00%,0
"2026-08-21 11:18",7674.91,7675.65,7674.36,7674.42,-0.49,-0.01%,0
"2026-08-21 11:19",7674.35,7674.87,7673.85,7674.37,-0.05,0.00%,0
"2026-08-21 11:20",7674.36,7675.06,7673.87,7674.21,-0.16,0.00%,0
"2026-08-21 11:21",7673.89,7675.52,7673.36,7675.03,0.82,+0.01%,0
"2026-08-21 11:22",7675.04,7676.92,7674.74,7676.53,1.5,+0.02%,0
"2026-08-21 11:23",7676.47,7676.92,7676.18,7676.45,-0.08,0.00%,0
"2026-08-21 11:24",7676.71,7677.28,7673.6,7673.86,-2.59,-0.03%,0
"2026-08-21 11:25",7673.91,7674.26,7673.36,7673.73,-0.13,0.00%,0
"2026-08-21 11:26",7673.54,7675.76,7673.49,7675.72,1.99,+0.03%,0
"2026-08-21 11:27",7675.96,7677.46,7675.96,7676.92,1.2,+0.02%,0
"2026-08-21 11:28",7676.99,7678.74,7676.55,7678.74,1.82,+0.02%,0
"2026-08-21 11:29",7678.42,7678.7,7677.71,7677.97,-0.77,-0.01%,0
"2026-08-21 11:30",7677.97,7678.53,7677.28,7677.67,-0.3,0.00%,0
"2026-08-21 11:31",7677.7,7678.68,7677.42,7677.43,-0.24,0.00%,0
"2026-08-21 11:32",7677.68,7680.59,7677.66,7680.59,3.16,+0.04%,0
"2026-08-21 11:33",7680.63,7681.53,7680.43,7681.37,0.78,+0.01%,0
"2026-08-21 11:34",7681.4,7683.67,7681.4,7683.67,2.3,+0.03%,0
"2026-08-21 11:35",7683.62,7684.31,7683.49,7684.16,0.49,+0.01%,0
"2026-08-21 11:36",7684.12,7686.32,7684.05,7686.12,1.96,+0.03%,0
"2026-08-21 11:37",7686.19,7687.63,7685.4,7685.57,-0.55,-0.01%,0
"2026-08-21 11:38",7685.54,7686.08,7685.07,7685.93,0.36,0.00%,0
"2026-08-21 11:39",7685.8,7689.07,7685.71,7689.01,3.08,+0.04%,0
"2026-08-21 11:40",7689,7690.89,7688.51,7690.82,1.81,+0.02%,0
"2026-08-21 11:41",7691,7692.75,7690.98,7692.33,1.51,+0.02%,0
"2026-08-21 11:42",7692.4,7692.75,7691.49,7691.67,-0.66,-0.01%,0
"2026-08-21 11:43",7691.27,7691.27,7689.92,7690.21,-1.46,-0.02%,0
"2026-08-21 11:44",7690.27,7691.91,7690.22,7691.54,1.33,+0.02%,0
"2026-08-21 11:45",7691.63,7693.06,7691.63,7691.86,0.32,0.00%,0
"2026-08-21 11:46",7691.87,7692.14,7691.19,7691.58,-0.28,0.00%,0
"2026-08-21 11:47",7691.6,7692.12,7690.9,7691.05,-0.53,-0.01%,0
"2026-08-21 11:48",7691.08,7691.48,7688.94,7689.33,-1.72,-0.02%,0
"2026-08-21 11:49",7689.21,7689.42,7688.31,7688.86,-0.47,-0.01%,0
"2026-08-21 11:50",7688.84,7693.04,7688.84,7692.85,3.99,+0.05%,0
"2026-08-21 11:51",7692.64,7694.39,7692.54,7694.26,1.41,+0.02%,0
"2026-08-21 11:52",7694.22,7696.05,7694.14,7695.53,1.27,+0.02%,0
"2026-08-21 11:53",7695.62,7696.88,7695.33,7696.56,1.03,+0.01%,0
"2026-08-21 11:54",7696.37,7697.11,7695.57,7695.65,-0.91,-0.01%,0
"2026-08-21 11:55",7695.64,7695.78,7693.51,7693.86,-1.79,-0.02%,0
"2026-08-21 11:56",7693.79,7694.05,7692.58,7692.78,-1.08,-0.01%,0
"2026-08-21 11:57",7692.8,7692.8,7691.14,7691.26,-1.52,-0.02%,0
"2026-08-21 11:58",7691.17,7691.27,7690.67,7691.15,-0.11,0.00%,0
"2026-08-21 11:59",7690.91,7691.18,7689.82,7690.71,-0.44,-0.01%,0
"2026-08-21 12:00",7690.59,7691.4,7689.05,7689.37,-1.34,-0.02%,0
"2026-08-21 12:01",7689.32,7689.93,7688.51,7688.54,-0.83,-0.01%,0
"2026-08-21 12:02",7688.65,7688.83,7686.87,7687.26,-1.28,-0.02%,0
"2026-08-21 12:03",7687.17,7688.01,7686.91,7687.24,-0.02,0.00%,0
"2026-08-21 12:04",7687.3,7687.78,7685.43,7685.91,-1.33,-0.02%,0
"2026-08-21 12:05",7685.74,7685.74,7684.55,7685.08,-0.83,-0.01%,0
"2026-08-21 12:06",7684.95,7685.54,7683.43,7683.64,-1.44,-0.02%,0
"2026-08-21 12:07",7683.74,7684.79,7683.55,7684.19,0.55,+0.01%,0
"2026-08-21 12:08",7684.3,7684.92,7683.94,7684.5,0.31,0.00%,0
"2026-08-21 12:09",7684.43,7684.44,7681.5,7681.55,-2.95,-0.04%,0
"2026-08-21 12:10",7681.55,7682.96,7681.49,7682.94,1.39,+0.02%,0
"2026-08-21 12:11",7683,7683.9,7682.63,7683.17,0.23,0.00%,0
"2026-08-21 12:12",7683.12,7683.2,7681.96,7682.89,-0.28,0.00%,0
"2026-08-21 12:13",7682.78,7683.75,7682.68,7683.21,0.32,0.00%,0
"2026-08-21 12:14",7683.21,7683.3,7681.55,7681.55,-1.66,-0.02%,0
"2026-08-21 12:15",7681.54,7682.17,7680.78,7682.14,0.59,+0.01%,0
"2026-08-21 12:16",7682.34,7683.98,7682.05,7683.36,1.22,+0.02%,0
"2026-08-21 12:17",7683.3,7683.94,7682.87,7682.95,-0.41,-0.01%,0
"2026-08-21 12:18",7683.05,7683.27,7680.5,7680.5,-2.45,-0.03%,0
"2026-08-21 12:19",7680.43,7680.55,7678.42,7679.18,-1.32,-0.02%,0
"2026-08-21 12:20",7679.22,7679.22,7677.73,7678.13,-1.05,-0.01%,0
"2026-08-21 12:21",7678.35,7687.38,7678.25,7681.8,3.67,+0.05%,0
"2026-08-21 12:22",7681.83,7682.54,7680.23,7680.99,-0.81,-0.01%,0
"2026-08-21 12:23",7681.03,7681.27,7680.11,7681.16,0.17,0.00%,0
"2026-08-21 12:24",7681.25,7681.67,7680.51,7680.61,-0.55,-0.01%,0
"2026-08-21 12:25",7680.61,7681.99,7680.61,7681.42,0.81,+0.01%,0
"2026-08-21 12:26",7681.45,7681.62,7680.15,7680.93,-0.49,-0.01%,0
"2026-08-21 12:27",7680.8,7682.67,7680.77,7682.48,1.55,+0.02%,0
"2026-08-21 12:28",7682.53,7684.11,7682.53,7683.13,0.65,+0.01%,0
"2026-08-21 12:29",7683.13,7683.65,7683.09,7683.41,0.28,0.00%,0
"2026-08-21 12:30",7683.51,7683.71,7682.17,7682.88,-0.53,-0.01%,0
"2026-08-21 12:31",7682.87,7682.91,7680.28,7680.28,-2.6,-0.03%,0
"2026-08-21 12:32",7680.43,7681.61,7680.43,7681.52,1.24,+0.02%,0
"2026-08-21 12:33",7681.62,7681.78,7681.26,7681.58,0.06,0.00%,0
"2026-08-21 12:34",7681.49,7681.49,7679.18,7679.18,-2.4,-0.03%,0
"2026-08-21 12:35",7679.05,7680.08,7678.93,7679.57,0.39,+0.01%,0
"2026-08-21 12:36",7679.58,7681.64,7679.58,7681.59,2.02,+0.03%,0
"2026-08-21 12:37",7681.57,7682.06,7680.88,7681.55,-0.04,0.00%,0
"2026-08-21 12:38",7681.46,7682.98,7681.22,7682.98,1.43,+0.02%,0
"2026-08-21 12:39",7683.02,7683.98,7682.81,7683.91,0.93,+0.01%,0
"2026-08-21 12:40",7683.96,7683.97,7683.1,7683.46,-0.45,-0.01%,0
"2026-08-21 12:41",7683.44,7684.1,7683.2,7683.3,-0.16,0.00%,0
"2026-08-21 12:42",7683.42,7684.13,7683.2,7683.87,0.57,+0.01%,0
"2026-08-21 12:43",7683.78,7683.81,7681.84,7682.23,-1.64,-0.02%,0
"2026-08-21 12:44",7682.49,7682.86,7681.94,7682.66,0.43,+0.01%,0
"2026-08-21 12:45",7682.63,7682.63,7680.05,7680.39,-2.27,-0.03%,0
"2026-08-21 12:46",7680.38,7681.64,7680.34,7680.7,0.31,0.00%,0
"2026-08-21 12:47",7680.59,7680.91,7680.41,7680.54,-0.16,0.00%,0
"2026-08-21 12:48",7680.6,7681.08,7680.47,7681.05,0.51,+0.01%,0
"2026-08-21 12:49",7681.02,7681.56,7680.85,7680.85,-0.2,0.00%,0
"2026-08-21 12:50",7680.88,7680.88,7676.91,7677.63,-3.22,-0.04%,0
"2026-08-21 12:51",7677.64,7678.24,7677.55,7677.84,0.21,0.00%,0
"2026-08-21 12:52",7677.76,7678.54,7677.66,7678.42,0.58,+0.01%,0
"2026-08-21 12:53",7678.32,7678.57,7678.07,7678.26,-0.16,0.00%,0
"2026-08-21 12:54",7678.28,7679.3,7678.2,7678.9,0.64,+0.01%,0
"2026-08-21 12:55",7678.88,7679.49,7678.51,7678.9,0,0.00%,0
"2026-08-21 12:56",7678.87,7679.63,7678.55,7679.3,0.4,+0.01%,0
"2026-08-21 12:57",7679.17,7681.41,7678.89,7681.41,2.11,+0.03%,0
"2026-08-21 12:58",7681.35,7683.12,7681.06,7683.12,1.71,+0.02%,0
"2026-08-21 12:59",7683.07,7683.28,7681.84,7682.53,-0.59,-0.01%,0
"2026-08-21 13:00",7682.66,7683.33,7682.59,7682.92,0.39,+0.01%,0
"2026-08-21 13:01",7682.78,7683.04,7682.12,7682.79,-0.13,0.00%,0
"2026-08-21 13:02",7682.73,7683.33,7681.63,7682.01,-0.78,-0.01%,0
"2026-08-21 13:03",7682.02,7682.15,7681.16,7682.07,0.06,0.00%,0
"2026-08-21 13:04",7681.98,7682.14,7681.44,7681.52,-0.55,-0.01%,0
"2026-08-21 13:05",7681.59,7681.76,7680.61,7681.75,0.23,0.00%,0
"2026-08-21 13:06",7681.64,7681.75,7680.54,7681.65,-0.1,0.00%,0
"2026-08-21 13:07",7681.67,7682.59,7681.55,7681.69,0.04,0.00%,0
"2026-08-21 13:08",7681.28,7682.75,7681.23,7682.75,1.06,+0.01%,0
"2026-08-21 13:09",7682.75,7683.65,7682.17,7682.41,-0.34,0.00%,0
"2026-08-21 13:10",7682.35,7682.35,7681.09,7681.09,-1.32,-0.02%,0
"2026-08-21 13:11",7681.03,7681.19,7680.11,7680.67,-0.42,-0.01%,0
"2026-08-21 13:12",7680.53,7681.05,7680.33,7680.69,0.02,0.00%,0
"2026-08-21 13:13",7680.63,7680.84,7680.33,7680.33,-0.36,0.00%,0
"2026-08-21 13:14",7680.28,7680.81,7680.04,7680.41,0.08,0.00%,0
"2026-08-21 13:15",7680.68,7681.27,7679.67,7681.27,0.86,+0.01%,0
"2026-08-21 13:16",7681.18,7681.18,7680.34,7681.09,-0.18,0.00%,0
"2026-08-21 13:17",7681.03,7681.5,7680.17,7680.2,-0.89,-0.01%,0
"2026-08-21 13:18",7680.22,7680.34,7679.88,7679.95,-0.25,0.00%,0
"2026-08-21 13:19",7680.12,7680.8,7679.8,7680.49,0.54,+0.01%,0
"2026-08-21 13:20",7680.5,7680.55,7678.71,7679.17,-1.32,-0.02%,0
"2026-08-21 13:21",7679.15,7679.45,7677.64,7677.81,-1.36,-0.02%,0
"2026-08-21 13:22",7677.83,7678.16,7676.05,7676.63,-1.18,-0.02%,0
"2026-08-21 13:23",7676.76,7676.97,7676.52,7676.88,0.25,0.00%,0
"2026-08-21 13:24",7676.9,7677.22,7676.23,7676.97,0.09,0.00%,0
"2026-08-21 13:25",7676.97,7677.04,7675.85,7676.22,-0.75,-0.01%,0
"2026-08-21 13:26",7676.18,7677.36,7675.64,7675.89,-0.33,0.00%,0
"2026-08-21 13:27",7675.95,7676.89,7675.8,7676.77,0.88,+0.01%,0
"2026-08-21 13:28",7676.92,7678.58,7676.82,7678.24,1.47,+0.02%,0
"2026-08-21 13:29",7678.31,7678.58,7676.97,7677.01,-1.23,-0.02%,0
"2026-08-21 13:30",7676.89,7677.22,7676.54,7676.64,-0.37,0.00%,0
"2026-08-21 13:31",7676.61,7676.98,7676.21,7676.4,-0.24,0.00%,0
"2026-08-21 13:32",7676.41,7676.67,7675.76,7675.94,-0.46,-0.01%,0
"2026-08-21 13:33",7676.02,7676.2,7675.39,7676.1,0.16,0.00%,0
"2026-08-21 13:34",7676.17,7676.46,7674.19,7674.22,-1.88,-0.02%,0
"2026-08-21 13:35",7674.3,7674.47,7673.66,7674.1,-0.12,0.00%,0
"2026-08-21 13:36",7674.11,7675.74,7673.79,7675.74,1.64,+0.02%,0
"2026-08-21 13:37",7675.82,7676.64,7675.08,7675.08,-0.66,-0.01%,0
"2026-08-21 13:38",7675.1,7675.1,7674.32,7674.36,-0.72,-0.01%,0
"2026-08-21 13:39",7674.41,7675.2,7674.23,7674.33,-0.03,0.00%,0
"2026-08-21 13:40",7674.62,7674.76,7673.44,7673.48,-0.85,-0.01%,0
"2026-08-21 13:41",7673.5,7675.35,7673.5,7674.96,1.48,+0.02%,0
"2026-08-21 13:42",7675.07,7675.23,7674.77,7674.86,-0.1,0.00%,0
"2026-08-21 13:43",7674.94,7675.13,7674.39,7674.51,-0.35,0.00%,0
"2026-08-21 13:44",7674.54,7675.01,7674.07,7674.9,0.39,+0.01%,0
"2026-08-21 13:45",7675.14,7676.12,7674.41,7674.73,-0.17,0.00%,0
"2026-08-21 13:46",7674.74,7675.79,7674.56,7675.76,1.03,+0.01%,0
"2026-08-21 13:47",7675.81,7676.39,7675.37,7676.04,0.28,0.00%,0
"2026-08-21 13:48",7676.12,7676.99,7676.08,7676.08,0.04,0.00%,0
"2026-08-21 13:49",7676.12,7676.12,7674.91,7675.49,-0.59,-0.01%,0
"2026-08-21 13:50",7675.57,7675.87,7674.88,7675.78,0.29,0.00%,0
"2026-08-21 13:51",7675.81,7675.97,7674.86,7675.12,-0.66,-0.01%,0
"2026-08-21 13:52",7675.03,7675.35,7673.94,7673.94,-1.18,-0.02%,0
"2026-08-21 13:53",7673.94,7675.7,7673.76,7675.53,1.59,+0.02%,0
"2026-08-21 13:54",7675.52,7675.58,7674.48,7674.62,-0.91,-0.01%,0
"2026-08-21 13:55",7674.53,7674.58,7673.45,7673.93,-0.69,-0.01%,0
"2026-08-21 13:56",7673.88,7674.05,7673.55,7674.05,0.12,0.00%,0
"2026-08-21 13:57",7674.1,7674.18,7673.28,7673.78,-0.27,0.00%,0
"2026-08-21 13:58",7673.86,7674.05,7673.49,7673.75,-0.03,0.00%,0
"2026-08-21 13:59",7673.65,7673.85,7673.01,7673.01,-0.74,-0.01%,0
"2026-08-21 14:00",7672.99,7674.35,7672.58,7674.35,1.34,+0.02%,0
"2026-08-21 14:01",7674.42,7674.65,7673.86,7673.86,-0.49,-0.01%,0
"2026-08-21 14:02",7673.68,7674.59,7673.32,7674.59,0.73,+0.01%,0
"2026-08-21 14:03",7674.5,7676.09,7674.5,7675.66,1.07,+0.01%,0
"2026-08-21 14:04",7675.72,7675.72,7675.04,7675.27,-0.39,-0.01%,0
"2026-08-21 14:05",7675.27,7675.4,7674.15,7674.15,-1.12,-0.01%,0
"2026-08-21 14:06",7674.24,7674.24,7672.96,7672.96,-1.19,-0.02%,0
"2026-08-21 14:07",7673.04,7673.1,7672.1,7672.79,-0.17,0.00%,0
"2026-08-21 14:08",7672.72,7673.26,7672.39,7673.17,0.38,0.00%,0
"2026-08-21 14:09",7673.17,7673.37,7672.26,7672.26,-0.91,-0.01%,0
"2026-08-21 14:10",7672.25,7672.8,7671.78,7672.29,0.03,0.00%,0
"2026-08-21 14:11",7672.21,7672.67,7672.17,7672.43,0.14,0.00%,0
"2026-08-21 14:12",7672.39,7674.06,7672.26,7673.89,1.46,+0.02%,0
"2026-08-21 14:13",7673.97,7674.03,7673,7673.03,-0.86,-0.01%,0
"2026-08-21 14:14",7673.21,7673.42,7672.16,7672.25,-0.78,-0.01%,0
"2026-08-21 14:15",7672.28,7673.03,7672.11,7672.11,-0.14,0.00%,0
"2026-08-21 14:16",7672.19,7672.4,7671.88,7672.07,-0.04,0.00%,0
"2026-08-21 14:17",7672.31,7672.57,7672.15,7672.34,0.27,0.00%,0
"2026-08-21 14:18",7672.33,7672.74,7672.07,7672.14,-0.2,0.00%,0
"2026-08-21 14:19",7672.3,7673.89,7672.3,7673.35,1.21,+0.02%,0
"2026-08-21 14:20",7673.35,7674.17,7673.14,7674.02,0.67,+0.01%,0
"2026-08-21 14:21",7674.03,7674.77,7673.31,7674.36,0.34,0.00%,0
"2026-08-21 14:22",7674.5,7674.55,7673.9,7674.49,0.13,0.00%,0
"2026-08-21 14:23",7674.44,7674.75,7673.88,7673.88,-0.61,-0.01%,0
"2026-08-21 14:24",7673.91,7673.95,7673.25,7673.72,-0.16,0.00%,0
"2026-08-21 14:25",7673.83,7674.16,7672.15,7672.16,-1.56,-0.02%,0
"2026-08-21 14:26",7672.12,7672.59,7671.9,7672.06,-0.1,0.00%,0
"2026-08-21 14:27",7672.18,7672.4,7672.04,7672.11,0.05,0.00%,0
"2026-08-21 14:28",7671.84,7672.17,7671.58,7671.72,-0.39,-0.01%,0
"2026-08-21 14:29",7671.63,7671.91,7671.44,7671.65,-0.07,0.00%,0
"2026-08-21 14:30",7671.64,7672.06,7670,7670.05,-1.6,-0.02%,0
"2026-08-21 14:31",7670.03,7670.83,7669.52,7670.79,0.74,+0.01%,0
"2026-08-21 14:32",7670.85,7670.85,7669.96,7669.96,-0.83,-0.01%,0
"2026-08-21 14:33",7669.98,7670.41,7669.52,7670.38,0.42,+0.01%,0
"2026-08-21 14:34",7670.4,7670.65,7669.56,7670.16,-0.22,0.00%,0
"2026-08-21 14:35",7670.18,7671.24,7670.06,7670.95,0.79,+0.01%,0
"2026-08-21 14:36",7671.05,7671.26,7670.56,7670.56,-0.39,-0.01%,0
"2026-08-21 14:37",7670.79,7671.49,7670.64,7671.11,0.55,+0.01%,0
"2026-08-21 14:38",7671.08,7671.31,7670.35,7670.57,-0.54,-0.01%,0
"2026-08-21 14:39",7670.49,7670.9,7670.26,7670.76,0.19,0.00%,0
"2026-08-21 14:40",7670.81,7671.97,7670.43,7671.73,0.97,+0.01%,0
"2026-08-21 14:41",7671.7,7671.88,7671.14,7671.52,-0.21,0.00%,0
"2026-08-21 14:42",7671.4,7672.14,7671.33,7672.14,0.62,+0.01%,0
"2026-08-21 14:43",7672.17,7672.84,7671.78,7672.76,0.62,+0.01%,0
"2026-08-21 14:44",7672.79,7673.41,7672.27,7672.3,-0.46,-0.01%,0
"2026-08-21 14:45",7672.39,7672.83,7671.72,7672.01,-0.29,0.00%,0
"2026-08-21 14:46",7671.98,7672.98,7671.58,7672.88,0.87,+0.01%,0
"2026-08-21 14:47",7672.97,7673.59,7672.67,7673.01,0.13,0.00%,0
"2026-08-21 14:48",7673,7673.83,7672.96,7673.54,0.53,+0.01%,0
"2026-08-21 14:49",7673.41,7675.05,7673.28,7675.05,1.51,+0.02%,0
"2026-08-21 14:50",7675.08,7676.83,7675.08,7676.1,1.05,+0.01%,0
"2026-08-21 14:51",7676.06,7676.89,7675.82,7675.82,-0.28,0.00%,0
"2026-08-21 14:52",7675.6,7676.91,7675.6,7676.91,1.09,+0.01%,0
"2026-08-21 14:53",7676.96,7676.96,7676.08,7676.42,-0.49,-0.01%,0
"2026-08-21 14:54",7676.53,7677.95,7676.53,7677.36,0.94,+0.01%,0
"2026-08-21 14:55",7677.43,7677.43,7676.51,7676.84,-0.52,-0.01%,0
"2026-08-21 14:56",7676.86,7677.35,7676.7,7677.35,0.51,+0.01%,0
"2026-08-21 14:57",7677.28,7677.7,7677.28,7677.7,0.35,0.00%,0
"2026-08-21 14:58",7677.94,7678.91,7677.82,7678.91,1.21,+0.02%,0
"2026-08-21 14:59",7678.87,7680.48,7678.36,7680.26,1.35,+0.02%,0
"2026-08-21 15:00",7680.16,7681.61,7680.15,7680.96,0.7,+0.01%,0
"2026-08-21 15:01",7681.07,7682.14,7680.8,7681.74,0.78,+0.01%,0
"2026-08-21 15:02",7681.73,7681.89,7679.83,7679.84,-1.9,-0.02%,0
"2026-08-21 15:03",7679.85,7680.34,7679.62,7679.86,0.02,0.00%,0
"2026-08-21 15:04",7679.91,7680.09,7678.5,7678.68,-1.18,-0.02%,0
"2026-08-21 15:05",7678.66,7679.41,7678.56,7678.58,-0.1,0.00%,0
"2026-08-21 15:06",7678.56,7679.23,7678.56,7678.77,0.19,0.00%,0
"2026-08-21 15:07",7678.79,7680.88,7678.79,7680.78,2.01,+0.03%,0
"2026-08-21 15:08",7680.79,7681.47,7680.3,7680.55,-0.23,0.00%,0
"2026-08-21 15:09",7680.47,7680.48,7679.61,7679.77,-0.78,-0.01%,0
"2026-08-21 15:10",7679.63,7679.63,7678.4,7678.85,-0.92,-0.01%,0
"2026-08-21 15:11",7678.9,7679.05,7678.37,7678.81,-0.04,0.00%,0
"2026-08-21 15:12",7678.87,7679.05,7677.26,7677.34,-1.47,-0.02%,0
"2026-08-21 15:13",7677.46,7678.4,7677.08,7678.4,1.06,+0.01%,0
"2026-08-21 15:14",7678.41,7679.03,7678.34,7678.63,0.23,0.00%,0
"2026-08-21 15:15",7678.61,7678.93,7677.87,7677.87,-0.76,-0.01%,0
"2026-08-21 15:16",7677.92,7677.99,7677.25,7677.81,-0.06,0.00%,0
"2026-08-21 15:17",7677.9,7678.82,7677.66,7678.62,0.81,+0.01%,0
"2026-08-21 15:18",7678.75,7679.7,7678.73,7679.7,1.08,+0.01%,0
"2026-08-21 15:19",7679.73,7679.88,7678.45,7678.52,-1.18,-0.02%,0
"2026-08-21 15:20",7678.56,7679.46,7677.76,7679.22,0.7,+0.01%,0
"2026-08-21 15:21",7679.44,7679.93,7679.38,7679.56,0.34,0.00%,0
"2026-08-21 15:22",7679.62,7679.9,7679.5,7679.69,0.13,0.00%,0
"2026-08-21 15:23",7679.69,7680.12,7679.6,7679.71,0.02,0.00%,0
"2026-08-21 15:24",7679.53,7680.82,7679.32,7680.82,1.11,+0.01%,0
"2026-08-21 15:25",7680.81,7680.84,7679.26,7679.45,-1.37,-0.02%,0
"2026-08-21 15:26",7679.55,7679.65,7678.64,7678.64,-0.81,-0.01%,0
"2026-08-21 15:27",7678.55,7679.54,7678.39,7679.54,0.9,+0.01%,0
"2026-08-21 15:28",7679.5,7680.45,7678.93,7680.45,0.91,+0.01%,0
"2026-08-21 15:29",7680.38,7680.43,7679.24,7679.24,-1.21,-0.02%,0
"2026-08-21 15:30",7679.03,7681.69,7679.03,7680.84,1.6,+0.02%,0
"2026-08-21 15:31",7680.9,7681.12,7679.66,7679.7,-1.14,-0.01%,0
"2026-08-21 15:32",7679.78,7680.57,7679.5,7680.57,0.87,+0.01%,0
"2026-08-21 15:33",7680.35,7680.35,7678.99,7679.4,-1.17,-0.02%,0
"2026-08-21 15:34",7679.38,7679.82,7679.14,7679.44,0.04,0.00%,0
"2026-08-21 15:35",7679.39,7680.39,7678.58,7679.91,0.47,+0.01%,0
"2026-08-21 15:36",7679.9,7680.57,7679.85,7680.19,0.28,0.00%,0
"2026-08-21 15:37",7680.28,7681.37,7680.01,7681.37,1.18,+0.02%,0
"2026-08-21 15:38",7681.32,7682.24,7681.32,7681.65,0.28,0.00%,0
"2026-08-21 15:39",7681.54,7681.54,7681.09,7681.29,-0.36,0.00%,0
"2026-08-21 15:40",7681.22,7681.6,7680.37,7680.56,-0.73,-0.01%,0
"2026-08-21 15:41",7680.64,7680.72,7679.71,7679.91,-0.65,-0.01%,0
"2026-08-21 15:42",7679.98,7681.42,7679.97,7681.21,1.3,+0.02%,0
"2026-08-21 15:43",7681.14,7681.95,7680.49,7681.94,0.73,+0.01%,0
"2026-08-21 15:44",7681.97,7683.25,7681.97,7683.09,1.15,+0.01%,0
"2026-08-21 15:45",7683.26,7684.58,7682.92,7683.45,0.36,0.00%,0
"2026-08-21 15:46",7683.67,7683.67,7682.66,7683.54,0.09,0.00%,0
"2026-08-21 15:47",7683.62,7685.26,7683.6,7685.14,1.6,+0.02%,0
"2026-08-21 15:48",7685.25,7686.15,7685.09,7685.12,-0.02,0.00%,0
"2026-08-21 15:49",7685.09,7686.28,7684.95,7685.32,0.2,0.00%,0
"2026-08-21 15:50",7685.32,7685.32,7680.89,7680.89,-4.43,-0.06%,0
"2026-08-21 15:51",7680.95,7682.36,7680.41,7680.41,-0.48,-0.01%,0
"2026-08-21 15:52",7680.3,7680.62,7678.7,7679.13,-1.28,-0.02%,0
"2026-08-21 15:53",7679.02,7679.02,7677.94,7677.95,-1.18,-0.02%,0
"2026-08-21 15:54",7678.02,7678.56,7676.84,7677.19,-0.76,-0.01%,0
"2026-08-21 15:55",7677.1,7677.1,7673.26,7676.23,-0.96,-0.01%,0
"2026-08-21 15:56",7676.2,7677.91,7675.68,7677.88,1.65,+0.02%,0
"2026-08-21 15:57",7678.02,7678.38,7676.77,7678.19,0.31,0.00%,0
"2026-08-21 15:58",7677.9,7679.58,7677.78,7679.33,1.14,+0.01%,0
"2026-08-21 15:59",7679.1,7680.14,7672.51,7674.1,-5.23,-0.07%,0
"2026-08-21 16:00",7674.9,7674.9,7674.3,7674.3,0.2,0.00%,0
"2026-08-21 16:01",7674.3,7674.3,7674.3,7674.3,0,0.00%,0
"2026-08-21 16:02",7674.3,7674.31,7674.3,7674.31,0.01,0.00%,0
"2026-08-21 16:03",7674.31,7674.36,7674.29,7674.36,0.05,0.00%,0
"2026-08-21 16:04",7674.36,7674.37,7674.36,7674.37,0.01,0.00%,0
"2026-08-21 16:05",7674.37,7674.37,7674.37,7674.37,0,0.00%,0
"2026-08-21 16:06",7674.37,7674.37,7674.37,7674.37,0,0.00%,0
"2026-08-21 16:07",7674.37,7674.37,7674.37,7674.37,0,0.00%,0
"2026-08-21 16:08",7674.37,7674.37,7674.37,7674.37,0,0.00%,0
"2026-08-21 16:09",7674.37,7674.37,7674.37,7674.37,0,0.00%,0
"2026-08-21 16:10",7674.37,7674.37,7674.37,7674.37,0,0.00%,0
"2026-08-21 16:11",7674.37,7674.37,7674.37,7674.37,0,0.00%,0
"2026-08-21 16:12",7674.37,7674.37,7674.37,7674.37,0,0.00%,0
"2026-08-21 16:13",7674.37,7674.37,7674.37,7674.37,0,0.00%,0
"2026-08-21 16:14",7674.37,7674.37,7674.37,7674.37,0,0.00%,0
"2026-08-21 16:15",7674.37,7674.37,7674.37,7674.37,0,0.00%,0
"2026-08-21 16:16",7674.37,7674.37,7674.37,7674.37,0,0.00%,0
"2026-08-21 16:17",7674.37,7674.37,7674.37,7674.37,0,0.00%,0
"2026-08-21 16:18",7674.37,7674.37,7674.37,7674.37,0,0.00%,0
"2026-08-21 16:19",7674.37,7674.37,7674.37,7674.37,0,0.00%,0
"2026-08-21 16:20",7674.37,7674.37,7674.37,7674.37,0,0.00%,0
"2026-08-21 16:41",7674.37,7674.37,7674.37,7674.37,0,0.00%,0
"2026-08-24 09:30",7663.38,7663.46,7653,7653.8,-20.57,-0.27%,0
"2026-08-24 09:31",7654.2,7659.29,7652.38,7658.62,4.82,+0.06%,0
"2026-08-24 09:32",7658.92,7659.3,7653.76,7654.23,-4.39,-0.06%,0
"2026-08-24 09:33",7654.4,7654.4,7649.7,7652.49,-1.74,-0.02%,0
"2026-08-24 09:34",7651.96,7653.68,7650.6,7652.18,-0.31,0.00%,0
"2026-08-24 09:35",7652.42,7655.43,7649.52,7655.37,3.19,+0.04%,0
"2026-08-24 09:36",7654.95,7655.67,7651.73,7655.67,0.3,0.00%,0
"2026-08-24 09:37",7655.47,7656.04,7652.71,7653.15,-2.52,-0.03%,0
"2026-08-24 09:38",7653.18,7654.21,7648.35,7650.08,-3.07,-0.04%,0
"2026-08-24 09:39",7649.75,7652.12,7649.08,7650.69,0.61,+0.01%,0
"2026-08-24 09:40",7650.66,7652.97,7648.65,7652.79,2.1,+0.03%,0
"2026-08-24 09:41",7652.69,7654.93,7652.09,7652.98,0.19,0.00%,0
"2026-08-24 09:42",7653.64,7653.64,7645.91,7645.91,-7.07,-0.09%,0
"2026-08-24 09:43",7645.96,7646.87,7644.55,7644.93,-0.98,-0.01%,0
"2026-08-24 09:44",7644.85,7645.36,7639.68,7639.68,-5.25,-0.07%,0
"2026-08-24 09:45",7639.2,7642.14,7638.17,7641.43,1.75,+0.02%,0
"2026-08-24 09:46",7640.85,7647.3,7640.85,7647.3,5.87,+0.08%,0
"2026-08-24 09:47",7647.11,7650.57,7647.11,7648.78,1.48,+0.02%,0
"2026-08-24 09:48",7648.36,7650.59,7647.72,7649.8,1.02,+0.01%,0
"2026-08-24 09:49",7650.39,7652.43,7647.76,7647.9,-1.9,-0.02%,0
"2026-08-24 09:50",7647.71,7648.71,7646.6,7646.6,-1.3,-0.02%,0
"2026-08-24 09:51",7646.9,7649.16,7646.65,7647.3,0.7,+0.01%,0
"2026-08-24 09:52",7646.9,7648.32,7644.9,7645.07,-2.23,-0.03%,0
"2026-08-24 09:53",7645.03,7649.18,7644.56,7648.6,3.53,+0.05%,0
"2026-08-24 09:54",7648.98,7652.98,7648.98,7652.35,3.75,+0.05%,0
"2026-08-24 09:55",7652.48,7652.79,7650.25,7651.43,-0.92,-0.01%,0
"2026-08-24 09:56",7651.33,7653.37,7651.04,7652.92,1.49,+0.02%,0
"2026-08-24 09:57",7652.63,7653.99,7650.96,7650.96,-1.96,-0.03%,0
"2026-08-24 09:58",7650.97,7654.37,7649.98,7654.34,3.38,+0.04%,0
"2026-08-24 09:59",7654.13,7654.25,7651.01,7651.76,-2.58,-0.03%,0
"2026-08-24 10:00",7652.37,7653.75,7651.09,7652.77,1.01,+0.01%,0
"2026-08-24 10:01",7652.93,7657.5,7652.63,7655.55,2.78,+0.04%,0
"2026-08-24 10:02",7655.58,7655.58,7648.11,7648.74,-6.81,-0.09%,0
"2026-08-24 10:03",7648.19,7649,7646.3,7647.45,-1.29,-0.02%,0
"2026-08-24 10:04",7647.43,7648.09,7645.27,7647,-0.45,-0.01%,0
"2026-08-24 10:05",7647.34,7649.69,7647.18,7649.23,2.23,+0.03%,0
"2026-08-24 10:06",7649.76,7649.79,7645.95,7646.92,-2.31,-0.03%,0
"2026-08-24 10:07",7647.04,7647.48,7646.17,7646.67,-0.25,0.00%,0
"2026-08-24 10:08",7646.84,7647.19,7644.68,7645.37,-1.3,-0.02%,0
"2026-08-24 10:09",7645.26,7646.84,7643.72,7646.71,1.34,+0.02%,0
"2026-08-24 10:10",7646.56,7647.08,7645.69,7646.63,-0.08,0.00%,0
"2026-08-24 10:11",7646.71,7647.28,7644.15,7644.36,-2.27,-0.03%,0
"2026-08-24 10:12",7644.51,7644.57,7642.93,7642.93,-1.43,-0.02%,0
"2026-08-24 10:13",7642.99,7645.83,7642.45,7645.18,2.25,+0.03%,0
"2026-08-24 10:14",7645.27,7647.95,7644.62,7647.76,2.58,+0.03%,0
"2026-08-24 10:15",7647.96,7648.21,7644.9,7646.83,-0.93,-0.01%,0
"2026-08-24 10:16",7646.96,7648.33,7646.9,7647.3,0.47,+0.01%,0
"2026-08-24 10:17",7647.38,7647.84,7645.48,7645.71,-1.59,-0.02%,0
"2026-08-24 10:18",7645.54,7646.35,7644.29,7646.33,0.62,+0.01%,0
"2026-08-24 10:19",7646.25,7647.6,7645.72,7646.36,0.03,0.00%,0
"2026-08-24 10:20",7646.46,7649.39,7646.34,7649.23,2.87,+0.04%,0
"2026-08-24 10:21",7649.36,7652.08,7649.23,7652.08,2.85,+0.04%,0
"2026-08-24 10:22",7652.25,7653.04,7650.8,7652.6,0.52,+0.01%,0
"2026-08-24 10:23",7652.59,7652.9,7648.62,7649.83,-2.77,-0.04%,0
"2026-08-24 10:24",7649.84,7649.84,7646.28,7646.81,-3.02,-0.04%,0
"2026-08-24 10:25",7646.75,7646.95,7645.57,7645.57,-1.24,-0.02%,0
"2026-08-24 10:26",7645.98,7646.62,7644.94,7646.23,0.66,+0.01%,0
"2026-08-24 10:27",7646.24,7646.89,7645.63,7645.94,-0.29,0.00%,0
"2026-08-24 10:28",7645.87,7649.3,7645.6,7648.96,3.02,+0.04%,0
"2026-08-24 10:29",7649.11,7649.11,7647.08,7647.67,-1.29,-0.02%,0
"2026-08-24 10:30",7647.55,7651.92,7646.22,7651.83,4.16,+0.05%,0
"2026-08-24 10:31",7651.72,7653.44,7651.49,7652.81,0.98,+0.01%,0
"2026-08-24 10:32",7652.8,7653.51,7652.03,7652.89,0.08,0.00%,0
"2026-08-24 10:33",7652.88,7655.54,7652.88,7654.63,1.74,+0.02%,0
"2026-08-24 10:34",7654.51,7655.19,7654.51,7654.58,-0.05,0.00%,0
"2026-08-24 10:35",7654.72,7655.69,7654.06,7654.19,-0.39,-0.01%,0
"2026-08-24 10:36",7654.35,7656.89,7654.15,7656.89,2.7,+0.04%,0
"2026-08-24 10:37",7656.97,7657.03,7654.96,7655.12,-1.77,-0.02%,0
"2026-08-24 10:38",7655.19,7656.87,7654.86,7656.29,1.17,+0.02%,0
"2026-08-24 10:39",7656.23,7656.23,7654.27,7655.1,-1.19,-0.02%,0
"2026-08-24 10:40",7655.16,7656,7654.33,7655.83,0.73,+0.01%,0
"2026-08-24 10:41",7655.85,7659.11,7655.33,7659.11,3.28,+0.04%,0
"2026-08-24 10:42",7659.02,7659.02,7656.28,7656.47,-2.64,-0.03%,0
"2026-08-24 10:43",7656.47,7656.98,7653.21,7653.3,-3.17,-0.04%,0
"2026-08-24 10:44",7653.23,7655.5,7652.89,7655.31,2.01,+0.03%,0
"2026-08-24 10:45",7655.27,7655.82,7653.77,7655.16,-0.15,0.00%,0
"2026-08-24 10:46",7655.19,7655.42,7653.37,7654.6,-0.56,-0.01%,0
"2026-08-24 10:47",7654.7,7655.63,7653.81,7655.48,0.88,+0.01%,0
"2026-08-24 10:48",7655.4,7656.15,7654.26,7655.01,-0.47,-0.01%,0
"2026-08-24 10:49",7655.25,7656.45,7654.73,7656.39,1.38,+0.02%,0
"2026-08-24 10:50",7656.44,7656.93,7653.6,7653.72,-2.67,-0.03%,0
"2026-08-24 10:51",7653.63,7653.7,7652.48,7653.3,-0.42,-0.01%,0
"2026-08-24 10:52",7653.45,7653.63,7652.28,7653.41,0.11,0.00%,0
"2026-08-24 10:53",7653.38,7654.09,7652.77,7653.54,0.13,0.00%,0
"2026-08-24 10:54",7653.57,7654.26,7653.18,7654.02,0.48,+0.01%,0
"2026-08-24 10:55",7654,7654.64,7653.28,7653.43,-0.59,-0.01%,0
"2026-08-24 10:56",7653.65,7655.02,7653.26,7654.91,1.48,+0.02%,0
"2026-08-24 10:57",7655.12,7657.03,7655.1,7655.75,0.84,+0.01%,0
"2026-08-24 10:58",7655.57,7655.58,7654.12,7654.43,-1.32,-0.02%,0
"2026-08-24 10:59",7654.53,7654.84,7653.6,7654.5,0.07,0.00%,0
"2026-08-24 11:00",7654.36,7656.62,7652.14,7652.7,-1.8,-0.02%,0
"2026-08-24 11:01",7652.94,7652.94,7651.07,7651.07,-1.63,-0.02%,0
"2026-08-24 11:02",7651.07,7651.07,7650.46,7651.06,-0.01,0.00%,0
"2026-08-24 11:03",7651.19,7651.46,7649.43,7649.43,-1.63,-0.02%,0
"2026-08-24 11:04",7649.53,7650.06,7648.47,7648.92,-0.51,-0.01%,0
"2026-08-24 11:05",7648.86,7648.91,7646.87,7647.14,-1.78,-0.02%,0
"2026-08-24 11:06",7647.13,7648.31,7646.46,7648.25,1.11,+0.01%,0
"2026-08-24 11:07",7648.16,7648.16,7646.76,7647.51,-0.74,-0.01%,0
"2026-08-24 11:08",7647.48,7647.5,7646.38,7647.41,-0.1,0.00%,0
"2026-08-24 11:09",7647.28,7649.5,7647.25,7648.51,1.1,+0.01%,0
"2026-08-24 11:10",7648.39,7648.39,7646.78,7647.8,-0.71,-0.01%,0
"2026-08-24 11:11",7647.59,7648.04,7646.77,7647.52,-0.28,0.00%,0
"2026-08-24 11:12",7647.48,7647.73,7646.68,7647.64,0.12,0.00%,0
"2026-08-24 11:13",7647.61,7649.77,7647.48,7647.48,-0.16,0.00%,0
"2026-08-24 11:14",7647.34,7647.34,7645.2,7645.72,-1.76,-0.02%,0
"2026-08-24 11:15",7645.32,7646.02,7645.06,7645.11,-0.61,-0.01%,0
"2026-08-24 11:16",7645.07,7645.78,7644.88,7644.88,-0.23,0.00%,0
"2026-08-24 11:17",7644.92,7646.12,7644.71,7645.42,0.54,+0.01%,0
"2026-08-24 11:18",7645.49,7646.19,7645.07,7645.89,0.47,+0.01%,0
"2026-08-24 11:19",7645.79,7646.42,7645.13,7645.13,-0.76,-0.01%,0
"2026-08-24 11:20",7645.19,7645.55,7642.82,7643.86,-1.27,-0.02%,0
"2026-08-24 11:21",7643.83,7644.57,7642.18,7644.57,0.71,+0.01%,0
"2026-08-24 11:22",7644.71,7644.71,7643.54,7643.79,-0.78,-0.01%,0
"2026-08-24 11:23",7643.76,7647.21,7643.68,7647.03,3.24,+0.04%,0
"2026-08-24 11:24",7647.09,7649.79,7646.76,7649.37,2.34,+0.03%,0
"2026-08-24 11:25",7649.35,7651.47,7649.35,7650.32,0.95,+0.01%,0
"2026-08-24 11:26",7650.39,7650.6,7649.42,7649.82,-0.5,-0.01%,0
"2026-08-24 11:27",7649.78,7650.68,7649.74,7650.02,0.2,0.00%,0
"2026-08-24 11:28",7650.05,7651.92,7649.28,7651.46,1.44,+0.02%,0
"2026-08-24 11:29",7651.81,7657.8,7651.81,7655.38,3.92,+0.05%,0
"2026-08-24 11:30",7655.35,7657.04,7652.81,7656.94,1.56,+0.02%,0
"2026-08-24 11:31",7656.9,7657.56,7655.36,7655.9,-1.04,-0.01%,0
"2026-08-24 11:32",7656.07,7656.45,7654.42,7654.83,-1.07,-0.01%,0
"2026-08-24 11:33",7654.66,7657.41,7654.45,7657.12,2.29,+0.03%,0
"2026-08-24 11:34",7657.23,7657.51,7656.26,7656.62,-0.5,-0.01%,0
"2026-08-24 11:35",7656.58,7657.38,7655.42,7655.85,-0.77,-0.01%,0
"2026-08-24 11:36",7655.85,7656.64,7655.39,7656.22,0.37,0.00%,0
"2026-08-24 11:37",7656.19,7658.06,7655.61,7657.68,1.46,+0.02%,0
"2026-08-24 11:38",7657.62,7658.04,7656.83,7657.04,-0.64,-0.01%,0
"2026-08-24 11:39",7657.05,7659.39,7657.02,7658.76,1.72,+0.02%,0
"2026-08-24 11:40",7658.74,7661.71,7658.7,7661.5,2.74,+0.04%,0
"2026-08-24 11:41",7661.36,7661.49,7660.11,7660.83,-0.67,-0.01%,0
"2026-08-24 11:42",7660.99,7661.11,7659.64,7661.04,0.21,0.00%,0
"2026-08-24 11:43",7661.14,7662.2,7660.06,7660.32,-0.72,-0.01%,0
"2026-08-24 11:44",7660.31,7661.25,7659.68,7661.07,0.75,+0.01%,0
"2026-08-24 11:45",7661.03,7662.98,7661,7662.98,1.91,+0.02%,0
"2026-08-24 11:46",7662.91,7663.8,7662.17,7663.8,0.82,+0.01%,0
"2026-08-24 11:47",7663.62,7664.56,7663.62,7664.35,0.55,+0.01%,0
"2026-08-24 11:48",7664.33,7665.21,7661.27,7661.38,-2.97,-0.04%,0
"2026-08-24 11:49",7661.31,7662.02,7660.94,7661.36,-0.02,0.00%,0
"2026-08-24 11:50",7661.51,7662.73,7661.51,7661.91,0.55,+0.01%,0
"2026-08-24 11:51",7661.76,7662.95,7661.31,7662.45,0.54,+0.01%,0
"2026-08-24 11:52",7662.44,7663.21,7661.7,7662.87,0.42,+0.01%,0
"2026-08-24 11:53",7662.93,7663.89,7662.54,7663.89,1.02,+0.01%,0
"2026-08-24 11:54",7663.8,7664.05,7661.4,7661.4,-2.49,-0.03%,0
"2026-08-24 11:55",7661.32,7661.32,7660.04,7661.2,-0.2,0.00%,0
"2026-08-24 11:56",7661.56,7661.56,7660.18,7660.83,-0.37,0.00%,0
"2026-08-24 11:57",7660.94,7661.44,7660.38,7660.64,-0.19,0.00%,0
"2026-08-24 11:58",7660.44,7661.26,7660.25,7660.76,0.12,0.00%,0
"2026-08-24 11:59",7660.84,7663.12,7660.53,7663.07,2.31,+0.03%,0
"2026-08-24 12:00",7663.19,7666.06,7663.19,7663.23,0.16,0.00%,0
"2026-08-24 12:01",7663.11,7667.33,7662.71,7666.17,2.94,+0.04%,0
"2026-08-24 12:02",7666.16,7668.42,7664.77,7667.91,1.74,+0.02%,0
"2026-08-24 12:03",7667.9,7669.14,7667.46,7668.37,0.46,+0.01%,0
"2026-08-24 12:04",7668.46,7669.12,7667.55,7667.59,-0.78,-0.01%,0
"2026-08-24 12:05",7667.6,7668.05,7665.41,7665.53,-2.06,-0.03%,0
"2026-08-24 12:06",7665.53,7665.59,7664.51,7665.17,-0.36,0.00%,0
"2026-08-24 12:07",7665.24,7665.77,7664.87,7665.14,-0.03,0.00%,0
"2026-08-24 12:08",7665.2,7665.21,7663.7,7664.61,-0.53,-0.01%,0
"2026-08-24 12:09",7664.39,7664.91,7663.22,7663.22,-1.39,-0.02%,0
"2026-08-24 12:10",7662.99,7664.2,7662.99,7663.32,0.1,0.00%,0
"2026-08-24 12:11",7663.37,7664.4,7663.11,7663.11,-0.21,0.00%,0
"2026-08-24 12:12",7663.14,7663.76,7663.14,7663.55,0.44,+0.01%,0
"2026-08-24 12:13",7663.47,7664.16,7662.97,7663.48,-0.07,0.00%,0
"2026-08-24 12:14",7663.37,7664.85,7663.37,7664.85,1.37,+0.02%,0
"2026-08-24 12:15",7664.87,7666.98,7664.59,7666.58,1.73,+0.02%,0
"2026-08-24 12:16",7666.68,7668.76,7666.53,7668.74,2.16,+0.03%,0
"2026-08-24 12:17",7668.83,7669.03,7667.59,7668.01,-0.73,-0.01%,0
"2026-08-24 12:18",7667.92,7669.31,7667.87,7668.53,0.52,+0.01%,0
"2026-08-24 12:19",7668.53,7669.22,7668.53,7668.61,0.08,0.00%,0
"2026-08-24 12:20",7668.64,7668.64,7667.69,7668.24,-0.37,0.00%,0
"2026-08-24 12:21",7668.04,7669.37,7667.82,7669.17,0.93,+0.01%,0
"2026-08-24 12:22",7669.11,7670.3,7668.47,7668.52,-0.65,-0.01%,0
"2026-08-24 12:23",7668.37,7668.43,7666.35,7667.27,-1.25,-0.02%,0
"2026-08-24 12:24",7667.24,7667.59,7666.57,7666.92,-0.35,0.00%,0
"2026-08-24 12:25",7666.93,7667.17,7666.41,7666.83,-0.09,0.00%,0
"2026-08-24 12:26",7666.78,7666.89,7666.26,7666.58,-0.25,0.00%,0
"2026-08-24 12:27",7666.62,7667.33,7666.54,7666.77,0.19,0.00%,0
"2026-08-24 12:28",7666.84,7667.64,7666.55,7667.37,0.6,+0.01%,0
"2026-08-24 12:29",7667.47,7667.99,7667.1,7667.1,-0.27,0.00%,0
"2026-08-24 12:30",7667.16,7667.92,7665.68,7665.78,-1.32,-0.02%,0
"2026-08-24 12:31",7665.9,7665.92,7664.19,7664.4,-1.38,-0.02%,0
"2026-08-24 12:32",7664.44,7664.44,7663.61,7663.93,-0.47,-0.01%,0
"2026-08-24 12:33",7663.94,7664.46,7663.74,7663.93,0,0.00%,0
"2026-08-24 12:34",7663.98,7664.16,7663.71,7664.04,0.11,0.00%,0
"2026-08-24 12:35",7664.06,7664.89,7663.74,7664.64,0.6,+0.01%,0
"2026-08-24 12:36",7664.6,7665.02,7664.19,7664.39,-0.25,0.00%,0
"2026-08-24 12:37",7664.23,7665.13,7664.23,7664.81,0.42,+0.01%,0
"2026-08-24 12:38",7665.16,7665.38,7662.06,7662.06,-2.75,-0.04%,0
"2026-08-24 12:39",7662.05,7662.59,7661.65,7661.65,-0.41,-0.01%,0
"2026-08-24 12:40",7661.71,7662.04,7661.08,7662.04,0.39,+0.01%,0
"2026-08-24 12:41",7662.04,7662.04,7661.15,7661.77,-0.27,0.00%,0
"2026-08-24 12:42",7661.78,7662.08,7660.5,7660.54,-1.23,-0.02%,0
"2026-08-24 12:43",7660.35,7661.2,7660.28,7660.9,0.36,0.00%,0
"2026-08-24 12:44",7660.83,7661.66,7660.83,7661.42,0.52,+0.01%,0
"2026-08-24 12:45",7661.24,7661.37,7659.62,7659.95,-1.47,-0.02%,0
"2026-08-24 12:46",7659.9,7660.72,7659.9,7660.11,0.16,0.00%,0
"2026-08-24 12:47",7660.09,7661.07,7659.9,7660.8,0.69,+0.01%,0
"2026-08-24 12:48",7660.85,7661.87,7660.75,7661.18,0.38,0.00%,0
"2026-08-24 12:49",7660.93,7662.13,7660.47,7661.93,0.75,+0.01%,0
"2026-08-24 12:50",7662.04,7662.65,7661.3,7661.33,-0.6,-0.01%,0
"2026-08-24 12:51",7661.3,7661.3,7659.68,7659.68,-1.65,-0.02%,0
"2026-08-24 12:52",7659.67,7660.95,7659.51,7660.51,0.83,+0.01%,0
"2026-08-24 12:53",7660.61,7660.87,7660.31,7660.77,0.26,0.00%,0
"2026-08-24 12:54",7660.7,7660.8,7659.74,7660.21,-0.56,-0.01%,0
"2026-08-24 12:55",7660.19,7660.36,7659.25,7659.42,-0.79,-0.01%,0
"2026-08-24 12:56",7659.44,7659.94,7659.24,7659.85,0.43,+0.01%,0
"2026-08-24 12:57",7659.92,7661.04,7659.8,7659.89,0.04,0.00%,0
"2026-08-24 12:58",7659.91,7659.91,7659.19,7659.8,-0.09,0.00%,0
"2026-08-24 12:59",7659.96,7660.05,7659.6,7659.74,-0.06,0.00%,0
"2026-08-24 13:00",7659.66,7659.89,7658.83,7658.83,-0.91,-0.01%,0
"2026-08-24 13:01",7658.83,7659.61,7658.71,7658.76,-0.07,0.00%,0
"2026-08-24 13:02",7658.87,7658.98,7657.57,7657.78,-0.98,-0.01%,0
"2026-08-24 13:03",7657.71,7658.14,7657.42,7657.94,0.16,0.00%,0
"2026-08-24 13:04",7657.79,7658.06,7657.11,7657.83,-0.11,0.00%,0
"2026-08-24 13:05",7657.86,7658.62,7657.55,7658.42,0.59,+0.01%,0
"2026-08-24 13:06",7658.4,7659.41,7658.4,7658.91,0.49,+0.01%,0
"2026-08-24 13:07",7658.9,7662.8,7658.73,7662.8,3.89,+0.05%,0
"2026-08-24 13:08",7662.78,7663.81,7661.78,7662.52,-0.28,0.00%,0
"2026-08-24 13:09",7662.63,7662.85,7662.1,7662.37,-0.15,0.00%,0
"2026-08-24 13:10",7662.38,7663.34,7661.74,7661.86,-0.51,-0.01%,0
"2026-08-24 13:11",7661.81,7665.13,7661.69,7665,3.14,+0.04%,0
"2026-08-24 13:12",7665.33,7665.45,7664.38,7664.72,-0.28,0.00%,0
"2026-08-24 13:13",7664.71,7665.22,7663.19,7663.19,-1.53,-0.02%,0
"2026-08-24 13:14",7663.01,7663.45,7661.92,7663.27,0.08,0.00%,0
"2026-08-24 13:15",7663.3,7663.35,7661.81,7662.19,-1.08,-0.01%,0
"2026-08-24 13:16",7662.23,7662.23,7659.07,7660.83,-1.36,-0.02%,0
"2026-08-24 13:17",7660.78,7663.33,7660.78,7663.24,2.41,+0.03%,0
"2026-08-24 13:18",7663.13,7663.15,7660.11,7660.17,-3.07,-0.04%,0
"2026-08-24 13:19",7660.13,7660.76,7659.55,7659.55,-0.62,-0.01%,0
"2026-08-24 13:20",7659.31,7659.31,7657.94,7657.94,-1.61,-0.02%,0
"2026-08-24 13:21",7657.82,7657.82,7654.74,7654.74,-3.2,-0.04%,0
"2026-08-24 13:22",7654.77,7655.07,7654.42,7654.75,0.01,0.00%,0
"2026-08-24 13:23",7654.88,7655.57,7653.52,7654.67,-0.08,0.00%,0
"2026-08-24 13:24",7654.59,7655.18,7653.79,7653.86,-0.81,-0.01%,0
"2026-08-24 13:25",7653.71,7653.71,7651.55,7652.81,-1.05,-0.01%,0
"2026-08-24 13:26",7652.68,7654.64,7652.68,7654.64,1.83,+0.02%,0
"2026-08-24 13:27",7654.66,7654.66,7653.62,7654.19,-0.45,-0.01%,0
"2026-08-24 13:28",7654.15,7654.97,7653.72,7653.95,-0.24,0.00%,0
"2026-08-24 13:29",7653.77,7654.23,7652.01,7652.03,-1.92,-0.03%,0
"2026-08-24 13:30",7652.11,7652.36,7651.26,7651.8,-0.23,0.00%,0
"2026-08-24 13:31",7651.79,7652.53,7651.48,7652.21,0.41,+0.01%,0
"2026-08-24 13:32",7652.17,7653.07,7652.16,7652.91,0.7,+0.01%,0
"2026-08-24 13:33",7652.88,7652.88,7652.1,7652.84,-0.07,0.00%,0
"2026-08-24 13:34",7652.86,7653.18,7651.65,7651.66,-1.18,-0.02%,0
"2026-08-24 13:35",7651.59,7651.72,7650.14,7650.33,-1.33,-0.02%,0
"2026-08-24 13:36",7650.37,7651.33,7650.17,7650.88,0.55,+0.01%,0
"2026-08-24 13:37",7650.86,7651.05,7649.97,7649.97,-0.91,-0.01%,0
"2026-08-24 13:38",7649.95,7650.54,7649.82,7650.39,0.42,+0.01%,0
"2026-08-24 13:39",7650.34,7651.94,7650.27,7651.94,1.55,+0.02%,0
"2026-08-24 13:40",7651.97,7652.66,7651.6,7651.88,-0.06,0.00%,0
"2026-08-24 13:41",7651.8,7651.8,7650.32,7651.53,-0.35,0.00%,0
"2026-08-24 13:42",7651.53,7652.4,7651.46,7651.66,0.13,0.00%,0
"2026-08-24 13:43",7651.61,7651.77,7650.75,7650.75,-0.91,-0.01%,0
"2026-08-24 13:44",7650.76,7650.83,7649.42,7649.42,-1.33,-0.02%,0
"2026-08-24 13:45",7649.42,7649.66,7648.84,7649.42,0,0.00%,0
"2026-08-24 13:46",7649.42,7650.19,7649.22,7649.36,-0.06,0.00%,0
"2026-08-24 13:47",7649.42,7650.11,7649.28,7649.53,0.17,0.00%,0
"2026-08-24 13:48",7649.48,7650.84,7649.48,7650.84,1.31,+0.02%,0
"2026-08-24 13:49",7650.84,7651.09,7649.98,7650.52,-0.32,0.00%,0
"2026-08-24 13:50",7650.75,7653.15,7650.4,7652.77,2.25,+0.03%,0
"2026-08-24 13:51",7652.63,7652.76,7650.74,7651.02,-1.75,-0.02%,0
"2026-08-24 13:52",7651.1,7651.39,7649.58,7649.58,-1.44,-0.02%,0
"2026-08-24 13:53",7649.6,7650.62,7649.32,7650.29,0.71,+0.01%,0
"2026-08-24 13:54",7650.29,7650.53,7649.79,7650.1,-0.19,0.00%,0
"2026-08-24 13:55",7650.11,7650.47,7649.44,7650.34,0.24,0.00%,0
"2026-08-24 13:56",7650.31,7651.51,7650.03,7651.1,0.76,+0.01%,0
"2026-08-24 13:57",7651.11,7651.54,7650.7,7650.7,-0.4,-0.01%,0
"2026-08-24 13:58",7650.72,7651.21,7650.65,7651.21,0.51,+0.01%,0
"2026-08-24 13:59",7651.26,7651.26,7650.7,7651.02,-0.19,0.00%,0
"2026-08-24 14:00",7650.93,7654.45,7650.89,7654.22,3.2,+0.04%,0
"2026-08-24 14:01",7654.24,7654.24,7652.64,7654.13,-0.09,0.00%,0
"2026-08-24 14:02",7654.26,7655,7653.62,7653.66,-0.47,-0.01%,0
"2026-08-24 14:03",7653.72,7654.42,7653.63,7654.01,0.35,0.00%,0
"2026-08-24 14:04",7654.02,7654.23,7653.73,7653.95,-0.06,0.00%,0
"2026-08-24 14:05",7653.89,7654.95,7653.66,7654.65,0.7,+0.01%,0
"2026-08-24 14:06",7654.67,7655.6,7654.65,7655.51,0.86,+0.01%,0
"2026-08-24 14:07",7655.55,7656.9,7655.32,7656.22,0.71,+0.01%,0
"2026-08-24 14:08",7656.15,7656.49,7655.53,7656.49,0.27,0.00%,0
"2026-08-24 14:09",7656.5,7658.16,7656.43,7657.62,1.13,+0.01%,0
"2026-08-24 14:10",7657.57,7657.78,7656.95,7657.22,-0.4,-0.01%,0
"2026-08-24 14:11",7657.22,7658.18,7657.13,7657.89,0.67,+0.01%,0
"2026-08-24 14:12",7657.89,7657.89,7656.78,7657.01,-0.88,-0.01%,0
"2026-08-24 14:13",7657.04,7658.63,7657.04,7658.58,1.57,+0.02%,0
"2026-08-24 14:14",7658.55,7660.64,7658.55,7660.53,1.95,+0.03%,0
"2026-08-24 14:15",7660.49,7661.69,7660.49,7661.08,0.55,+0.01%,0
"2026-08-24 14:16",7660.92,7662.48,7660.75,7661.39,0.31,0.00%,0
"2026-08-24 14:17",7661.4,7661.4,7660.28,7660.54,-0.85,-0.01%,0
"2026-08-24 14:18",7660.57,7660.75,7659.78,7660.15,-0.39,-0.01%,0
"2026-08-24 14:19",7660.23,7660.61,7659.92,7660.49,0.34,0.00%,0
"2026-08-24 14:20",7660.56,7662.16,7660.38,7661.95,1.46,+0.02%,0
"2026-08-24 14:21",7662,7663,7662,7663,1.05,+0.01%,0
"2026-08-24 14:22",7663.25,7665.18,7663.25,7663.98,0.98,+0.01%,0
"2026-08-24 14:23",7663.84,7664.12,7663.26,7664.12,0.14,0.00%,0
"2026-08-24 14:24",7664.24,7665.03,7664.24,7664.66,0.54,+0.01%,0
"2026-08-24 14:25",7664.65,7665.02,7664,7664.57,-0.09,0.00%,0
"2026-08-24 14:26",7664.39,7665.06,7664.3,7665.06,0.49,+0.01%,0
"2026-08-24 14:27",7664.98,7665.65,7664.79,7664.91,-0.15,0.00%,0
"2026-08-24 14:28",7664.79,7665.96,7664.73,7665.96,1.05,+0.01%,0
"2026-08-24 14:29",7666.02,7666.51,7665.64,7666.39,0.43,+0.01%,0
"2026-08-24 14:30",7666.23,7668.86,7666.23,7667.94,1.55,+0.02%,0
"2026-08-24 14:31",7667.72,7667.72,7665.86,7665.86,-2.08,-0.03%,0
"2026-08-24 14:32",7665.82,7666.5,7665.82,7666.43,0.57,+0.01%,0
"2026-08-24 14:33",7666.53,7666.78,7665.54,7665.86,-0.57,-0.01%,0
"2026-08-24 14:34",7665.83,7665.83,7664.98,7665.2,-0.66,-0.01%,0
"2026-08-24 14:35",7665.15,7665.8,7664.55,7664.55,-0.65,-0.01%,0
"2026-08-24 14:36",7664.62,7664.62,7662.31,7662.31,-2.24,-0.03%,0
"2026-08-24 14:37",7662.21,7662.63,7661.72,7661.87,-0.44,-0.01%,0
"2026-08-24 14:38",7661.94,7662.1,7660.58,7660.58,-1.29,-0.02%,0
"2026-08-24 14:39",7660.47,7660.47,7659.51,7660.26,-0.32,0.00%,0
"2026-08-24 14:40",7660.34,7661.05,7659.68,7661.01,0.75,+0.01%,0
"2026-08-24 14:41",7660.95,7661.36,7660.63,7661.36,0.35,0.00%,0
"2026-08-24 14:42",7661.28,7661.4,7660.34,7660.98,-0.38,0.00%,0
"2026-08-24 14:43",7660.92,7661.93,7660.79,7661.64,0.66,+0.01%,0
"2026-08-24 14:44",7661.62,7661.71,7660.79,7661.55,-0.09,0.00%,0
"2026-08-24 14:45",7661.51,7662.01,7660.55,7660.55,-1.,-0.01%,0
"2026-08-24 14:46",7660.39,7660.44,7659.35,7659.71,-0.84,-0.01%,0
"2026-08-24 14:47",7659.7,7660.6,7659.57,7660.47,0.76,+0.01%,0
"2026-08-24 14:48",7660.51,7660.51,7659.9,7660.33,-0.14,0.00%,0
"2026-08-24 14:49",7660.3,7661.8,7660.24,7661.52,1.19,+0.02%,0
"2026-08-24 14:50",7661.36,7662.2,7661.21,7661.91,0.39,+0.01%,0
"2026-08-24 14:51",7661.83,7661.9,7660.37,7660.37,-1.54,-0.02%,0
"2026-08-24 14:52",7660.47,7660.47,7659.22,7659.75,-0.62,-0.01%,0
"2026-08-24 14:53",7659.69,7660.2,7658.96,7659.09,-0.66,-0.01%,0
"2026-08-24 14:54",7659.09,7659.59,7658.9,7659.5,0.41,+0.01%,0
"2026-08-24 14:55",7659.51,7660.28,7658.92,7658.98,-0.52,-0.01%,0
"2026-08-24 14:56",7658.99,7659.41,7658.79,7658.97,-0.01,0.00%,0
"2026-08-24 14:57",7658.95,7659.76,7658.79,7659.12,0.15,0.00%,0
"2026-08-24 14:58",7659.13,7659.53,7659.06,7659.48,0.36,0.00%,0
"2026-08-24 14:59",7659.44,7659.63,7658.16,7658.21,-1.27,-0.02%,0
"2026-08-24 15:00",7658.14,7658.31,7657.44,7657.46,-0.75,-0.01%,0
"2026-08-24 15:01",7657.45,7658.36,7656.73,7658.31,0.85,+0.01%,0
"2026-08-24 15:02",7658.37,7658.54,7657.94,7658.09,-0.22,0.00%,0
"2026-08-24 15:03",7658.04,7658.07,7656.47,7656.68,-1.41,-0.02%,0
"2026-08-24 15:04",7656.71,7657.78,7656.71,7657.53,0.85,+0.01%,0
"2026-08-24 15:05",7657.55,7658.67,7657.53,7658.67,1.14,+0.01%,0
"2026-08-24 15:06",7658.76,7658.8,7657.79,7658.16,-0.51,-0.01%,0
"2026-08-24 15:07",7658.17,7658.92,7658.05,7658.08,-0.08,0.00%,0
"2026-08-24 15:08",7658.09,7658.09,7657.36,7657.85,-0.23,0.00%,0
"2026-08-24 15:09",7657.87,7658.13,7656.56,7656.56,-1.29,-0.02%,0
"2026-08-24 15:10",7656.9,7657.4,7656.61,7657.1,0.54,+0.01%,0
"2026-08-24 15:11",7657.13,7658.79,7656.72,7658.63,1.53,+0.02%,0
"2026-08-24 15:12",7658.63,7658.97,7658.06,7658.41,-0.22,0.00%,0
"2026-08-24 15:13",7658.43,7659.43,7658.43,7659.21,0.8,+0.01%,0
"2026-08-24 15:14",7659.36,7660.13,7658.74,7658.74,-0.47,-0.01%,0
"2026-08-24 15:15",7658.84,7658.91,7657.38,7657.81,-0.93,-0.01%,0
"2026-08-24 15:16",7657.79,7658.3,7657.71,7658.15,0.34,0.00%,0
"2026-08-24 15:17",7658.08,7658.78,7657.98,7658.63,0.48,+0.01%,0
"2026-08-24 15:18",7658.71,7660.12,7658.58,7660.04,1.41,+0.02%,0
"2026-08-24 15:19",7660.02,7660.2,7658.85,7659.2,-0.84,-0.01%,0
"2026-08-24 15:20",7659.1,7659.14,7657.71,7658.83,-0.37,0.00%,0
"2026-08-24 15:21",7658.82,7659.44,7658.82,7659.39,0.56,+0.01%,0
"2026-08-24 15:22",7659.42,7659.77,7658.36,7658.62,-0.77,-0.01%,0
"2026-08-24 15:23",7658.62,7659.75,7658.26,7658.67,0.05,0.00%,0
"2026-08-24 15:24",7658.61,7658.88,7658.16,7658.56,-0.11,0.00%,0
"2026-08-24 15:25",7658.62,7659.8,7658.49,7659.8,1.24,+0.02%,0
"2026-08-24 15:26",7659.75,7659.78,7658.3,7658.3,-1.5,-0.02%,0
"2026-08-24 15:27",7658.26,7658.31,7657.37,7658.26,-0.04,0.00%,0
"2026-08-24 15:28",7658.29,7658.53,7657.86,7658.07,-0.19,0.00%,0
"2026-08-24 15:29",7658.07,7658.3,7657.27,7657.92,-0.15,0.00%,0
"2026-08-24 15:30",7657.76,7660.36,7657.76,7660.32,2.4,+0.03%,0
"2026-08-24 15:31",7660.41,7660.65,7659.14,7659.4,-0.92,-0.01%,0
"2026-08-24 15:32",7659.39,7659.39,7657.65,7657.66,-1.74,-0.02%,0
"2026-08-24 15:33",7657.81,7658.09,7657.25,7657.67,0.01,0.00%,0
"2026-08-24 15:34",7657.6,7657.8,7656.15,7656.27,-1.4,-0.02%,0
"2026-08-24 15:35",7656.12,7656.12,7654.82,7655.76,-0.51,-0.01%,0
"2026-08-24 15:36",7655.78,7655.85,7655.05,7655.4,-0.36,0.00%,0
"2026-08-24 15:37",7655.29,7656.69,7655.29,7656.02,0.62,+0.01%,0
"2026-08-24 15:38",7655.97,7656.41,7655.44,7655.82,-0.2,0.00%,0
"2026-08-24 15:39",7655.83,7656.08,7654.79,7654.79,-1.03,-0.01%,0
"2026-08-24 15:40",7654.63,7655.35,7654.54,7654.96,0.17,0.00%,0
"2026-08-24 15:41",7654.97,7655,7653.92,7653.99,-0.97,-0.01%,0
"2026-08-24 15:42",7654.15,7654.55,7653.88,7653.88,-0.11,0.00%,0
"2026-08-24 15:43",7653.8,7655.52,7653.64,7655.04,1.16,+0.02%,0
"2026-08-24 15:44",7654.87,7655.31,7654.52,7654.87,-0.17,0.00%,0
"2026-08-24 15:45",7654.94,7654.98,7653.83,7654.24,-0.63,-0.01%,0
"2026-08-24 15:46",7654.07,7654.07,7653,7653.3,-0.94,-0.01%,0
"2026-08-24 15:47",7653.25,7654.87,7653.03,7654.66,1.36,+0.02%,0
"2026-08-24 15:48",7654.33,7654.85,7653.56,7654.35,-0.31,0.00%,0
"2026-08-24 15:49",7654.39,7655.98,7654.38,7655.86,1.51,+0.02%,0
"2026-08-24 15:50",7655.85,7657.54,7654.78,7654.78,-1.08,-0.01%,0
"2026-08-24 15:51",7654.68,7655.29,7653.62,7653.62,-1.16,-0.02%,0
"2026-08-24 15:52",7653.57,7653.57,7650.93,7652.64,-0.98,-0.01%,0
"2026-08-24 15:53",7652.5,7652.87,7651.8,7651.89,-0.75,-0.01%,0
"2026-08-24 15:54",7651.99,7655.09,7651.99,7655.09,3.2,+0.04%,0
"2026-08-24 15:55",7655.18,7655.18,7651.6,7653.76,-1.33,-0.02%,0
"2026-08-24 15:56",7653.78,7656.17,7653.59,7655.01,1.25,+0.02%,0
"2026-08-24 15:57",7654.89,7655.66,7654.18,7655.66,0.65,+0.01%,0
"2026-08-24 15:58",7655.53,7657.12,7655.53,7655.92,0.26,0.00%,0
"2026-08-24 15:59",7656.66,7656.66,7652.82,7652.82,-3.1,-0.04%,0
"2026-08-24 16:00",7653.01,7653.01,7652.93,7652.96,0.14,0.00%,0
"2026-08-24 16:01",7652.96,7652.96,7652.96,7652.96,0,0.00%,0
"2026-08-24 16:02",7652.96,7652.96,7652.96,7652.96,0,0.00%,0
"2026-08-24 16:03",7652.96,7652.97,7652.94,7652.95,-0.01,0.00%,0
"2026-08-24 16:04",7652.95,7652.95,7652.85,7652.86,-0.09,0.00%,0
"2026-08-24 16:05",7652.86,7652.86,7652.86,7652.86,0,0.00%,0
"2026-08-24 16:06",7652.86,7652.86,7652.86,7652.86,0,0.00%,0
"2026-08-24 16:07",7652.86,7652.86,7652.86,7652.86,0,0.00%,0
"2026-08-24 16:08",7652.86,7652.86,7652.86,7652.86,0,0.00%,0
"2026-08-24 16:09",7652.86,7652.86,7652.86,7652.86,0,0.00%,0
"2026-08-24 16:10",7652.86,7652.86,7652.86,7652.86,0,0.00%,0
"2026-08-24 16:11",7652.86,7652.86,7652.86,7652.86,0,0.00%,0
"2026-08-24 16:12",7652.86,7652.86,7652.86,7652.86,0,0.00%,0
"2026-08-24 16:13",7652.86,7652.86,7652.86,7652.86,0,0.00%,0
"2026-08-24 16:14",7652.86,7652.86,7652.86,7652.86,0,0.00%,0
"2026-08-24 16:15",7652.86,7652.86,7652.86,7652.86,0,0.00%,0
"2026-08-24 16:16",7652.86,7652.86,7652.86,7652.86,0,0.00%,0
"2026-08-24 16:17",7652.86,7652.86,7652.86,7652.86,0,0.00%,0
"2026-08-24 16:18",7652.86,7652.86,7652.86,7652.86,0,0.00%,0
"2026-08-24 16:19",7652.86,7652.86,7652.86,7652.86,0,0.00%,0
"2026-08-24 16:20",7652.86,7652.86,7652.86,7652.86,0,0.00%,0
"2026-08-24 16:36",7652.86,7652.86,7652.86,7652.86,0,0.00%,0
"2026-08-25 09:30",7676.66,7683.7,7676.66,7682.09,29.23,+0.38%,0
"2026-08-25 09:31",7681.8,7683.85,7677.88,7679.44,-2.65,-0.03%,0
"2026-08-25 09:32",7680.24,7685.41,7680.24,7683.63,4.19,+0.05%,0
"2026-08-25 09:33",7682.89,7685.36,7681.36,7685.29,1.66,+0.02%,0
"2026-08-25 09:34",7685.6,7686.11,7683.24,7686.03,0.74,+0.01%,0
"2026-08-25 09:35",7685.82,7685.95,7682.91,7683.48,-2.55,-0.03%,0
"2026-08-25 09:36",7682.92,7685.17,7680.97,7681.43,-2.05,-0.03%,0
"2026-08-25 09:37",7681.36,7684.82,7681.18,7684.58,3.15,+0.04%,0
"2026-08-25 09:38",7684.64,7685.68,7680.93,7680.93,-3.65,-0.05%,0
"2026-08-25 09:39",7680.78,7683.11,7679.6,7681.15,0.22,0.00%,0
"2026-08-25 09:40",7680.77,7682.98,7680.6,7682.45,1.3,+0.02%,0
"2026-08-25 09:41",7682.58,7685.2,7681.54,7682.54,0.09,0.00%,0
"2026-08-25 09:42",7682.29,7684.06,7680.44,7681.04,-1.5,-0.02%,0
"2026-08-25 09:43",7681.27,7681.44,7677.61,7679.66,-1.38,-0.02%,0
"2026-08-25 09:44",7679.98,7681.2,7679.1,7681.07,1.41,+0.02%,0
"2026-08-25 09:45",7681.05,7683.9,7681.05,7681.76,0.69,+0.01%,0
"2026-08-25 09:46",7681.73,7684.33,7680.77,7683.52,1.76,+0.02%,0
"2026-08-25 09:47",7683.61,7683.61,7680.78,7681.87,-1.65,-0.02%,0
"2026-08-25 09:48",7682.56,7685.25,7681.82,7684.92,3.05,+0.04%,0
"2026-08-25 09:49",7684.81,7685.93,7683.5,7683.83,-1.09,-0.01%,0
"2026-08-25 09:50",7683.65,7684.13,7680.91,7681.11,-2.72,-0.04%,0
"2026-08-25 09:51",7681.19,7681.96,7680.35,7681.16,0.05,0.00%,0
"2026-08-25 09:52",7681.27,7682.07,7678.48,7680.56,-0.6,-0.01%,0
"2026-08-25 09:53",7680.57,7681.27,7679.3,7681.06,0.5,+0.01%,0
"2026-08-25 09:54",7680.89,7681.51,7679.1,7679.12,-1.94,-0.03%,0
"2026-08-25 09:55",7678.98,7679.29,7675.83,7676.68,-2.44,-0.03%,0
"2026-08-25 09:56",7676.62,7676.94,7674.87,7676.64,-0.04,0.00%,0
"2026-08-25 09:57",7676.53,7677.46,7674.71,7674.96,-1.68,-0.02%,0
"2026-08-25 09:58",7674.95,7675.73,7673.86,7675.24,0.28,0.00%,0
"2026-08-25 09:59",7675.13,7676.47,7673.79,7676.47,1.23,+0.02%,0
"2026-08-25 10:00",7676.2,7676.68,7673.11,7675.07,-1.4,-0.02%,0
"2026-08-25 10:01",7675.02,7676.25,7673.33,7675.81,0.74,+0.01%,0
"2026-08-25 10:02",7675.68,7676.74,7672.05,7672.46,-3.35,-0.04%,0
"2026-08-25 10:03",7672.94,7675.4,7672.3,7672.3,-0.16,0.00%,0
"2026-08-25 10:04",7672.58,7672.66,7670.6,7672.66,0.36,0.00%,0
"2026-08-25 10:05",7672.76,7674.15,7672.33,7673.74,1.08,+0.01%,0
"2026-08-25 10:06",7673.14,7673.61,7670.42,7670.42,-3.32,-0.04%,0
"2026-08-25 10:07",7670.63,7672.14,7669.93,7670.53,0.11,0.00%,0
"2026-08-25 10:08",7670.27,7671.55,7669.83,7670.83,0.3,0.00%,0
"2026-08-25 10:09",7670.86,7672.12,7670.05,7672,1.17,+0.02%,0
"2026-08-25 10:10",7671.93,7673.82,7671.75,7672.65,0.65,+0.01%,0
"2026-08-25 10:11",7672.8,7673,7670.37,7670.55,-2.1,-0.03%,0
"2026-08-25 10:12",7670.79,7672.56,7670.79,7672.07,1.52,+0.02%,0
"2026-08-25 10:13",7672.02,7672.7,7670.03,7671.22,-0.85,-0.01%,0
"2026-08-25 10:14",7671.33,7671.89,7669.29,7670.07,-1.15,-0.01%,0
"2026-08-25 10:15",7670.22,7672.23,7669.21,7672.06,1.99,+0.03%,0
"2026-08-25 10:16",7671.81,7673.27,7671.4,7671.45,-0.61,-0.01%,0
"2026-08-25 10:17",7671.39,7671.5,7669.58,7671.02,-0.43,-0.01%,0
"2026-08-25 10:18",7671.11,7673.68,7670.95,7673.68,2.66,+0.03%,0
"2026-08-25 10:19",7673.66,7674.9,7671.88,7672.02,-1.66,-0.02%,0
"2026-08-25 10:20",7672.17,7673.66,7671.99,7672.31,0.29,0.00%,0
"2026-08-25 10:21",7672.53,7672.53,7669.82,7669.82,-2.49,-0.03%,0
"2026-08-25 10:22",7669.84,7670.25,7668.48,7668.48,-1.34,-0.02%,0
"2026-08-25 10:23",7668.22,7668.89,7667.34,7667.34,-1.14,-0.01%,0
"2026-08-25 10:24",7667.54,7669.78,7667,7669.65,2.31,+0.03%,0
"2026-08-25 10:25",7669.55,7670.34,7668.62,7668.62,-1.03,-0.01%,0
"2026-08-25 10:26",7668.78,7669.34,7667.91,7669.19,0.57,+0.01%,0
"2026-08-25 10:27",7669.12,7669.76,7668.11,7668.67,-0.52,-0.01%,0
"2026-08-25 10:28",7668.57,7668.79,7667.37,7667.37,-1.3,-0.02%,0
"2026-08-25 10:29",7667.33,7667.57,7664.96,7664.96,-2.41,-0.03%,0
"2026-08-25 10:30",7664.93,7665.14,7650.92,7661.36,-3.6,-0.05%,0
"2026-08-25 10:31",7661.53,7664.03,7661.33,7663.92,2.56,+0.03%,0
"2026-08-25 10:32",7663.71,7666.55,7663.71,7664.99,1.07,+0.01%,0
"2026-08-25 10:33",7665.09,7665.9,7664.18,7665.81,0.82,+0.01%,0
"2026-08-25 10:34",7665.59,7666.1,7661.98,7661.98,-3.83,-0.05%,0
"2026-08-25 10:35",7661.81,7663.85,7661.66,7662.91,0.93,+0.01%,0
"2026-08-25 10:36",7662.91,7666.13,7662.72,7666.13,3.22,+0.04%,0
"2026-08-25 10:37",7666.16,7666.27,7665.07,7665.99,-0.14,0.00%,0
"2026-08-25 10:38",7666.03,7666.96,7665.26,7666.6,0.61,+0.01%,0
"2026-08-25 10:39",7666.73,7668.84,7666.68,7668.28,1.68,+0.02%,0
"2026-08-25 10:40",7668.51,7668.7,7665.74,7665.75,-2.53,-0.03%,0
"2026-08-25 10:41",7665.81,7666.4,7663.84,7663.87,-1.88,-0.02%,0
"2026-08-25 10:42",7663.99,7664.13,7660.52,7660.91,-2.96,-0.04%,0
"2026-08-25 10:43",7661.01,7662.4,7660.55,7661.36,0.45,+0.01%,0
"2026-08-25 10:44",7661.27,7662.02,7660.79,7661.93,0.57,+0.01%,0
"2026-08-25 10:45",7662,7662,7660.55,7661.25,-0.68,-0.01%,0
"2026-08-25 10:46",7661.1,7663,7660.68,7661.28,0.03,0.00%,0
"2026-08-25 10:47",7661.35,7662.33,7661.03,7662,0.72,+0.01%,0
"2026-08-25 10:48",7662.07,7662.25,7661.02,7661.18,-0.82,-0.01%,0
"2026-08-25 10:49",7660.98,7661.3,7660.34,7660.62,-0.56,-0.01%,0
"2026-08-25 10:50",7660.62,7660.73,7658.89,7660.73,0.11,0.00%,0
"2026-08-25 10:51",7660.71,7663.03,7659.66,7662.63,1.9,+0.02%,0
"2026-08-25 10:52",7662.76,7663.97,7662.59,7663.89,1.26,+0.02%,0
"2026-08-25 10:53",7664,7665.87,7664,7665.62,1.73,+0.02%,0
"2026-08-25 10:54",7665.55,7666.06,7664.89,7664.92,-0.7,-0.01%,0
"2026-08-25 10:55",7664.75,7665.14,7663.88,7664.9,-0.02,0.00%,0
"2026-08-25 10:56",7664.82,7665.04,7662.75,7663.46,-1.44,-0.02%,0
"2026-08-25 10:57",7663.44,7665.39,7662.61,7665.39,1.93,+0.03%,0
"2026-08-25 10:58",7665.44,7665.92,7664.53,7665.47,0.08,0.00%,0
"2026-08-25 10:59",7665.46,7666.02,7664.69,7664.73,-0.74,-0.01%,0
"2026-08-25 11:00",7664.79,7665.49,7662.38,7663.17,-1.56,-0.02%,0
"2026-08-25 11:01",7663.33,7664.89,7663.02,7663.65,0.48,+0.01%,0
"2026-08-25 11:02",7663.45,7664,7662.39,7663.8,0.15,0.00%,0
"2026-08-25 11:03",7663.55,7663.81,7661.28,7661.31,-2.49,-0.03%,0
"2026-08-25 11:04",7661.87,7663.61,7661.19,7662.07,0.76,+0.01%,0
"2026-08-25 11:05",7662.38,7664.35,7662.35,7664.35,2.28,+0.03%,0
"2026-08-25 11:06",7664.55,7664.55,7662.52,7662.92,-1.43,-0.02%,0
"2026-08-25 11:07",7663.17,7665.71,7663.08,7664.07,1.15,+0.02%,0
"2026-08-25 11:08",7664.03,7664.66,7663.54,7664.43,0.36,0.00%,0
"2026-08-25 11:09",7664.35,7664.97,7663.84,7664.29,-0.14,0.00%,0
"2026-08-25 11:10",7664.28,7664.62,7663.08,7664.36,0.07,0.00%,0
"2026-08-25 11:11",7664.35,7665.96,7664.06,7665.95,1.59,+0.02%,0
"2026-08-25 11:12",7665.9,7665.95,7663.36,7663.93,-2.02,-0.03%,0
"2026-08-25 11:13",7663.82,7663.83,7662,7662,-1.93,-0.03%,0
"2026-08-25 11:14",7661.93,7664.42,7661.93,7664.22,2.22,+0.03%,0
"2026-08-25 11:15",7664.26,7665.39,7663.39,7665.28,1.06,+0.01%,0
"2026-08-25 11:16",7665.36,7666.25,7665.25,7665.79,0.51,+0.01%,0
"2026-08-25 11:17",7665.84,7666.7,7665.84,7666.22,0.43,+0.01%,0
"2026-08-25 11:18",7666.27,7666.54,7664.8,7664.85,-1.37,-0.02%,0
"2026-08-25 11:19",7665.04,7667.43,7664.82,7667.38,2.53,+0.03%,0
"2026-08-25 11:20",7667.32,7669.25,7667.32,7669.02,1.64,+0.02%,0
"2026-08-25 11:21",7669,7669.76,7668.87,7669.73,0.71,+0.01%,0
"2026-08-25 11:22",7669.63,7669.63,7668.88,7669.31,-0.42,-0.01%,0
"2026-08-25 11:23",7669.29,7669.29,7665.19,7665.96,-3.35,-0.04%,0
"2026-08-25 11:24",7666.14,7667.18,7665.94,7666.07,0.11,0.00%,0
"2026-08-25 11:25",7666.13,7666.78,7665.2,7666.4,0.33,0.00%,0
"2026-08-25 11:26",7666.27,7666.78,7666.16,7666.66,0.26,0.00%,0
"2026-08-25 11:27",7666.64,7669.15,7665.95,7669.15,2.49,+0.03%,0
"2026-08-25 11:28",7669.12,7671.34,7669.12,7671.04,1.89,+0.02%,0
"2026-08-25 11:29",7671.05,7671.95,7670.9,7671.75,0.71,+0.01%,0
"2026-08-25 11:30",7671.52,7671.9,7671.02,7671.19,-0.56,-0.01%,0
"2026-08-25 11:31",7671.21,7671.82,7671.13,7671.13,-0.06,0.00%,0
"2026-08-25 11:32",7671.21,7671.21,7670.02,7670.5,-0.63,-0.01%,0
"2026-08-25 11:33",7670.52,7675.14,7668.9,7673.91,3.41,+0.04%,0
"2026-08-25 11:34",7673.66,7673.75,7668.9,7669.05,-4.86,-0.06%,0
"2026-08-25 11:35",7669.12,7674.39,7669.01,7670.98,1.93,+0.03%,0
"2026-08-25 11:36",7671.08,7671.47,7670.43,7670.53,-0.45,-0.01%,0
"2026-08-25 11:37",7670.36,7670.81,7669.79,7670.4,-0.13,0.00%,0
"2026-08-25 11:38",7670.4,7671.22,7669.65,7671.22,0.82,+0.01%,0
"2026-08-25 11:39",7671.05,7671.06,7669.29,7669.36,-1.86,-0.02%,0
"2026-08-25 11:40",7669.42,7670.27,7668.92,7668.95,-0.41,-0.01%,0
"2026-08-25 11:41",7668.91,7669.14,7667.43,7667.84,-1.11,-0.01%,0
"2026-08-25 11:42",7667.91,7669.32,7667.4,7668.3,0.46,+0.01%,0
"2026-08-25 11:43",7668.25,7669.18,7668.23,7669.07,0.77,+0.01%,0
"2026-08-25 11:44",7669.02,7669.84,7668.78,7669.64,0.57,+0.01%,0
"2026-08-25 11:45",7669.76,7669.76,7667.66,7668.01,-1.63,-0.02%,0
"2026-08-25 11:46",7667.99,7668.11,7666.97,7667.05,-0.96,-0.01%,0
"2026-08-25 11:47",7667.07,7667.66,7665.29,7665.29,-1.76,-0.02%,0
"2026-08-25 11:48",7665.21,7665.57,7664.3,7664.45,-0.84,-0.01%,0
"2026-08-25 11:49",7664.44,7664.57,7663.83,7664.56,0.11,0.00%,0
"2026-08-25 11:50",7664.45,7666.27,7664.2,7666.03,1.47,+0.02%,0
"2026-08-25 11:51",7666.04,7667.21,7665.7,7666.96,0.93,+0.01%,0
"2026-08-25 11:52",7666.96,7667.76,7666.34,7666.85,-0.11,0.00%,0
"2026-08-25 11:53",7666.8,7669.57,7666.8,7669.49,2.64,+0.03%,0
"2026-08-25 11:54",7669.62,7670.96,7669.62,7670.53,1.04,+0.01%,0
"2026-08-25 11:55",7670.56,7671.43,7670.5,7671.07,0.54,+0.01%,0
"2026-08-25 11:56",7671.25,7672.51,7671.25,7672.19,1.12,+0.01%,0
"2026-08-25 11:57",7672.29,7672.84,7672.05,7672.52,0.33,0.00%,0
"2026-08-25 11:58",7672.61,7674.21,7672.61,7674.16,1.64,+0.02%,0
"2026-08-25 11:59",7674.32,7674.33,7672.47,7672.87,-1.29,-0.02%,0
"2026-08-25 12:00",7672.72,7673.85,7672.49,7673.67,0.8,+0.01%,0
"2026-08-25 12:01",7673.57,7674.03,7673.29,7673.41,-0.26,0.00%,0
"2026-08-25 12:02",7673.43,7675.19,7673.4,7674.88,1.47,+0.02%,0
"2026-08-25 12:03",7674.94,7676.35,7674.9,7676.35,1.47,+0.02%,0
"2026-08-25 12:04",7676.33,7676.33,7673.67,7673.76,-2.59,-0.03%,0
"2026-08-25 12:05",7673.73,7674.31,7673.29,7673.29,-0.47,-0.01%,0
"2026-08-25 12:06",7673.24,7674.36,7673.24,7673.45,0.16,0.00%,0
"2026-08-25 12:07",7673.49,7674.29,7673.25,7673.43,-0.02,0.00%,0
"2026-08-25 12:08",7673.52,7673.92,7672.94,7673.21,-0.22,0.00%,0
"2026-08-25 12:09",7673.07,7673.09,7671.72,7671.79,-1.42,-0.02%,0
"2026-08-25 12:10",7671.79,7673.14,7671.55,7673.07,1.28,+0.02%,0
"2026-08-25 12:11",7673.06,7673.51,7672.5,7672.72,-0.35,0.00%,0
"2026-08-25 12:12",7672.71,7672.71,7671.91,7672.16,-0.56,-0.01%,0
"2026-08-25 12:13",7672.16,7672.57,7671.43,7672.56,0.4,+0.01%,0
"2026-08-25 12:14",7672.62,7673.34,7672.31,7673.34,0.78,+0.01%,0
"2026-08-25 12:15",7673.42,7673.93,7672.67,7673.53,0.19,0.00%,0
"2026-08-25 12:16",7673.55,7674.06,7673.27,7673.69,0.16,0.00%,0
"2026-08-25 12:17",7673.74,7673.74,7672.7,7673.04,-0.65,-0.01%,0
"2026-08-25 12:18",7673.04,7674.08,7673.02,7673.86,0.82,+0.01%,0
"2026-08-25 12:19",7673.78,7673.92,7672.8,7672.92,-0.94,-0.01%,0
"2026-08-25 12:20",7673.06,7673.18,7672.06,7672.5,-0.42,-0.01%,0
"2026-08-25 12:21",7672.47,7673.11,7672.3,7673.07,0.57,+0.01%,0
"2026-08-25 12:22",7673.13,7674.01,7673.13,7673.92,0.85,+0.01%,0
"2026-08-25 12:23",7673.83,7674.56,7673.58,7674.43,0.51,+0.01%,0
"2026-08-25 12:24",7674.35,7674.51,7673.9,7674.42,-0.01,0.00%,0
"2026-08-25 12:25",7674.4,7675.09,7674.22,7674.88,0.46,+0.01%,0
"2026-08-25 12:26",7674.95,7675.09,7674.17,7674.18,-0.7,-0.01%,0
"2026-08-25 12:27",7674.11,7675.45,7673.96,7675.34,1.16,+0.02%,0
"2026-08-25 12:28",7675.38,7675.75,7674.9,7675.05,-0.29,0.00%,0
"2026-08-25 12:29",7674.99,7675.66,7674.75,7675.53,0.48,+0.01%,0
"2026-08-25 12:30",7675.48,7676.24,7675.34,7676.19,0.66,+0.01%,0
"2026-08-25 12:31",7676.24,7676.75,7676.07,7676.15,-0.04,0.00%,0
"2026-08-25 12:32",7676.16,7676.62,7675.81,7676.58,0.43,+0.01%,0
"2026-08-25 12:33",7676.63,7676.66,7676,7676.06,-0.52,-0.01%,0
"2026-08-25 12:34",7676.04,7676.05,7675.11,7675.21,-0.85,-0.01%,0
"2026-08-25 12:35",7675.27,7675.61,7674.31,7674.32,-0.89,-0.01%,0
"2026-08-25 12:36",7674.27,7674.59,7673.99,7674.07,-0.25,0.00%,0
"2026-08-25 12:37",7674.05,7675.4,7674.05,7675.16,1.09,+0.01%,0
"2026-08-25 12:38",7675.16,7677.26,7675.08,7677.24,2.08,+0.03%,0
"2026-08-25 12:39",7677.35,7677.7,7676.84,7677.35,0.11,0.00%,0
"2026-08-25 12:40",7677.25,7677.29,7676.36,7676.5,-0.85,-0.01%,0
"2026-08-25 12:41",7676.59,7676.94,7675.95,7676.23,-0.27,0.00%,0
"2026-08-25 12:42",7676.26,7676.65,7676.18,7676.44,0.21,0.00%,0
"2026-08-25 12:43",7676.39,7676.39,7673.83,7673.83,-2.61,-0.03%,0
"2026-08-25 12:44",7673.78,7673.93,7673.24,7673.83,0,0.00%,0
"2026-08-25 12:45",7673.89,7675.35,7673.89,7675.02,1.19,+0.02%,0
"2026-08-25 12:46",7674.99,7675.88,7674.9,7675.88,0.86,+0.01%,0
"2026-08-25 12:47",7675.85,7675.91,7673.67,7673.67,-2.21,-0.03%,0
"2026-08-25 12:48",7673.57,7674,7672.55,7673.29,-0.38,0.00%,0
"2026-08-25 12:49",7673.25,7674.18,7673.05,7673.99,0.7,+0.01%,0
"2026-08-25 12:50",7673.95,7674.01,7672.44,7672.44,-1.55,-0.02%,0
"2026-08-25 12:51",7672.34,7672.35,7671.42,7671.6,-0.84,-0.01%,0
"2026-08-25 12:52",7671.6,7672.8,7671.53,7672.75,1.15,+0.01%,0
"2026-08-25 12:53",7672.74,7673.11,7672.33,7672.43,-0.32,0.00%,0
"2026-08-25 12:54",7672.42,7672.64,7671.76,7672.34,-0.09,0.00%,0
"2026-08-25 12:55",7672.33,7672.65,7671.95,7671.95,-0.39,-0.01%,0
"2026-08-25 12:56",7671.97,7673.46,7671.97,7673.46,1.51,+0.02%,0
"2026-08-25 12:57",7673.55,7674.54,7673.24,7673.3,-0.16,0.00%,0
"2026-08-25 12:58",7673.25,7674.26,7672.99,7674.19,0.89,+0.01%,0
"2026-08-25 12:59",7674.21,7676.63,7674.02,7675.9,1.71,+0.02%,0
"2026-08-25 13:00",7675.88,7675.88,7674.34,7674.41,-1.49,-0.02%,0
"2026-08-25 13:01",7674.37,7676.25,7674.31,7674.38,-0.03,0.00%,0
"2026-08-25 13:02",7674.53,7675.01,7673.27,7673.27,-1.11,-0.01%,0
"2026-08-25 13:03",7673.1,7673.73,7672.69,7673.04,-0.23,0.00%,0
"2026-08-25 13:04",7673.01,7673.01,7671.59,7671.59,-1.45,-0.02%,0
"2026-08-25 13:05",7671.68,7671.83,7670.85,7671.08,-0.51,-0.01%,0
"2026-08-25 13:06",7671.07,7671.2,7670.35,7671.11,0.03,0.00%,0
"2026-08-25 13:07",7671.14,7671.2,7670.41,7670.43,-0.68,-0.01%,0
"2026-08-25 13:08",7670.42,7670.52,7667.67,7668.14,-2.29,-0.03%,0
"2026-08-25 13:09",7668.19,7668.74,7668.03,7668.74,0.6,+0.01%,0
"2026-08-25 13:10",7668.79,7668.94,7667.91,7667.94,-0.8,-0.01%,0
"2026-08-25 13:11",7667.99,7668.13,7667.57,7668.06,0.12,0.00%,0
"2026-08-25 13:12",7668.03,7669.42,7667.94,7669.32,1.26,+0.02%,0
"2026-08-25 13:13",7669.23,7670.06,7668.83,7669.73,0.41,+0.01%,0
"2026-08-25 13:14",7669.75,7671.13,7669.75,7670.37,0.64,+0.01%,0
"2026-08-25 13:15",7670.43,7670.71,7669.81,7670.54,0.17,0.00%,0
"2026-08-25 13:16",7670.45,7671.75,7670.36,7670.39,-0.15,0.00%,0
"2026-08-25 13:17",7670.24,7670.97,7669.76,7670.76,0.37,0.00%,0
"2026-08-25 13:18",7670.75,7670.93,7670.09,7670.2,-0.56,-0.01%,0
"2026-08-25 13:19",7670.04,7671.97,7669.78,7671.85,1.65,+0.02%,0
"2026-08-25 13:20",7671.85,7671.89,7669.81,7669.9,-1.95,-0.03%,0
"2026-08-25 13:21",7669.92,7669.97,7668.52,7668.71,-1.19,-0.02%,0
"2026-08-25 13:22",7668.83,7669.42,7668.75,7669.11,0.4,+0.01%,0
"2026-08-25 13:23",7669.14,7669.53,7668.71,7668.73,-0.38,0.00%,0
"2026-08-25 13:24",7668.66,7668.77,7668.14,7668.14,-0.59,-0.01%,0
"2026-08-25 13:25",7668.09,7668.09,7666.92,7666.92,-1.22,-0.02%,0
"2026-08-25 13:26",7666.57,7666.8,7665.66,7665.74,-1.18,-0.02%,0
"2026-08-25 13:27",7665.75,7666.43,7665.56,7665.75,0.01,0.00%,0
"2026-08-25 13:28",7665.63,7665.7,7664.5,7665.23,-0.52,-0.01%,0
"2026-08-25 13:29",7665.23,7665.91,7665.23,7665.8,0.57,+0.01%,0
"2026-08-25 13:30",7665.81,7666.34,7665.12,7665.38,-0.42,-0.01%,0
"2026-08-25 13:31",7665.39,7667.01,7665.36,7667.01,1.63,+0.02%,0
"2026-08-25 13:32",7666.91,7666.91,7666.17,7666.25,-0.76,-0.01%,0
"2026-08-25 13:33",7666.25,7667.04,7666.03,7666.91,0.66,+0.01%,0
"2026-08-25 13:34",7666.89,7666.95,7665.83,7666.14,-0.77,-0.01%,0
"2026-08-25 13:35",7666.09,7666.45,7665.67,7665.95,-0.19,0.00%,0
"2026-08-25 13:36",7665.99,7666.55,7665.67,7666.29,0.34,0.00%,0
"2026-08-25 13:37",7666.29,7667.01,7665.97,7666.88,0.59,+0.01%,0
"2026-08-25 13:38",7666.86,7667.69,7666.53,7667.62,0.74,+0.01%,0
"2026-08-25 13:39",7667.3,7667.75,7667.11,7667.17,-0.45,-0.01%,0
"2026-08-25 13:40",7667.02,7667.13,7666.43,7666.43,-0.74,-0.01%,0
"2026-08-25 13:41",7666.45,7667.75,7666.33,7667.75,1.32,+0.02%,0
"2026-08-25 13:42",7667.81,7667.81,7666.85,7667,-0.75,-0.01%,0
"2026-08-25 13:43",7666.9,7667.66,7666.9,7667.35,0.35,0.00%,0
"2026-08-25 13:44",7667.33,7667.33,7666.49,7666.83,-0.52,-0.01%,0
"2026-08-25 13:45",7666.77,7667.31,7666.37,7667.05,0.22,0.00%,0
"2026-08-25 13:46",7667.08,7667.4,7666.53,7667.21,0.16,0.00%,0
"2026-08-25 13:47",7667.2,7668.2,7666.65,7668.16,0.95,+0.01%,0
"2026-08-25 13:48",7668.04,7668.19,7666.88,7666.92,-1.24,-0.02%,0
"2026-08-25 13:49",7666.88,7667.28,7666.82,7667.09,0.17,0.00%,0
"2026-08-25 13:50",7667.09,7667.18,7666.36,7666.85,-0.24,0.00%,0
"2026-08-25 13:51",7666.8,7666.88,7666.36,7666.83,-0.02,0.00%,0
"2026-08-25 13:52",7666.94,7668.39,7666.94,7668.05,1.22,+0.02%,0
"2026-08-25 13:53",7668.09,7668.71,7668.02,7668.59,0.54,+0.01%,0
"2026-08-25 13:54",7668.53,7669.29,7668.5,7669.02,0.43,+0.01%,0
"2026-08-25 13:55",7669.06,7669.46,7668.89,7669.11,0.09,0.00%,0
"2026-08-25 13:56",7669.17,7669.17,7668.44,7668.55,-0.56,-0.01%,0
"2026-08-25 13:57",7668.51,7668.62,7667.45,7668.17,-0.38,0.00%,0
"2026-08-25 13:58",7668.24,7668.97,7668.19,7668.73,0.56,+0.01%,0
"2026-08-25 13:59",7668.68,7669.19,7668.25,7668.25,-0.48,-0.01%,0
"2026-08-25 14:00",7668.23,7668.3,7667.51,7667.75,-0.5,-0.01%,0
"2026-08-25 14:01",7667.76,7667.76,7666.56,7667.06,-0.69,-0.01%,0
"2026-08-25 14:02",7666.93,7667.51,7666.84,7667.33,0.27,0.00%,0
"2026-08-25 14:03",7667.36,7667.7,7666.33,7666.42,-0.91,-0.01%,0
"2026-08-25 14:04",7666.3,7666.58,7665.9,7666.35,-0.07,0.00%,0
"2026-08-25 14:05",7666.27,7666.49,7665.96,7666.44,0.09,0.00%,0
"2026-08-25 14:06",7666.48,7668.24,7666.48,7667.84,1.4,+0.02%,0
"2026-08-25 14:07",7668.28,7668.34,7666.61,7666.61,-1.23,-0.02%,0
"2026-08-25 14:08",7666.62,7666.81,7665.95,7666.06,-0.55,-0.01%,0
"2026-08-25 14:09",7666.1,7667.28,7666.1,7667.25,1.19,+0.02%,0
"2026-08-25 14:10",7667.22,7667.28,7666.66,7666.94,-0.31,0.00%,0
"2026-08-25 14:11",7666.92,7668.05,7666.92,7668.03,1.09,+0.01%,0
"2026-08-25 14:12",7668.05,7668.71,7667.89,7668.29,0.26,0.00%,0
"2026-08-25 14:13",7668.33,7668.34,7666.88,7666.94,-1.35,-0.02%,0
"2026-08-25 14:14",7666.97,7667.1,7666.18,7666.18,-0.76,-0.01%,0
"2026-08-25 14:15",7666.14,7666.73,7665.95,7666.19,0.01,0.00%,0
"2026-08-25 14:16",7666.23,7666.44,7665.58,7665.87,-0.32,0.00%,0
"2026-08-25 14:17",7665.88,7666.13,7665.19,7666.13,0.26,0.00%,0
"2026-08-25 14:18",7666.15,7666.58,7665.83,7665.97,-0.16,0.00%,0
"2026-08-25 14:19",7666.06,7666.74,7665.93,7666.7,0.73,+0.01%,0
"2026-08-25 14:20",7666.71,7667.38,7666.65,7667.38,0.68,+0.01%,0
"2026-08-25 14:21",7667.34,7667.61,7666.86,7667.5,0.12,0.00%,0
"2026-08-25 14:22",7667.58,7668.25,7667.5,7667.84,0.34,0.00%,0
"2026-08-25 14:23",7667.7,7667.87,7666.7,7666.97,-0.87,-0.01%,0
"2026-08-25 14:24",7666.99,7667.44,7666.61,7667.34,0.37,0.00%,0
"2026-08-25 14:25",7667.41,7667.42,7666.33,7666.33,-1.01,-0.01%,0
"2026-08-25 14:26",7666.44,7667.65,7666.29,7667.65,1.32,+0.02%,0
"2026-08-25 14:27",7667.69,7667.93,7667.2,7667.2,-0.45,-0.01%,0
"2026-08-25 14:28",7667.22,7667.56,7667.15,7667.5,0.3,0.00%,0
"2026-08-25 14:29",7667.61,7668.23,7667.61,7667.84,0.34,0.00%,0
"2026-08-25 14:30",7667.85,7670.04,7667.85,7669.93,2.09,+0.03%,0
"2026-08-25 14:31",7669.98,7670.5,7669.7,7670.03,0.1,0.00%,0
"2026-08-25 14:32",7669.98,7670.2,7669.68,7669.95,-0.08,0.00%,0
"2026-08-25 14:33",7670.02,7671.92,7670.02,7671.66,1.71,+0.02%,0
"2026-08-25 14:34",7671.58,7672.05,7671.39,7671.73,0.07,0.00%,0
"2026-08-25 14:35",7671.71,7672.09,7671.03,7671.41,-0.32,0.00%,0
"2026-08-25 14:36",7671.43,7671.79,7670.99,7671.19,-0.22,0.00%,0
"2026-08-25 14:37",7671.14,7672.01,7671.14,7671.96,0.77,+0.01%,0
"2026-08-25 14:38",7671.8,7671.96,7671.25,7671.48,-0.48,-0.01%,0
"2026-08-25 14:39",7671.53,7671.68,7671,7671.35,-0.13,0.00%,0
"2026-08-25 14:40",7671.28,7671.75,7671.13,7671.23,-0.12,0.00%,0
"2026-08-25 14:41",7671.23,7671.87,7671.23,7671.71,0.48,+0.01%,0
"2026-08-25 14:42",7671.7,7672.46,7671.23,7672.41,0.7,+0.01%,0
"2026-08-25 14:43",7672.38,7673.57,7672.35,7673.57,1.16,+0.02%,0
"2026-08-25 14:44",7673.57,7673.82,7673.36,7673.73,0.16,0.00%,0
"2026-08-25 14:45",7673.71,7675.75,7673.69,7675.74,2.01,+0.03%,0
"2026-08-25 14:46",7675.82,7676.63,7675.74,7676.38,0.64,+0.01%,0
"2026-08-25 14:47",7676.34,7676.37,7675.84,7676.09,-0.29,0.00%,0
"2026-08-25 14:48",7676.08,7676.61,7675.73,7675.73,-0.36,0.00%,0
"2026-08-25 14:49",7675.67,7676.31,7675.46,7676.24,0.51,+0.01%,0
"2026-08-25 14:50",7676.29,7676.6,7674.92,7674.92,-1.32,-0.02%,0
"2026-08-25 14:51",7674.9,7675.51,7674.77,7675.33,0.41,+0.01%,0
"2026-08-25 14:52",7675.42,7675.96,7675.19,7675.76,0.43,+0.01%,0
"2026-08-25 14:53",7675.76,7675.87,7675.25,7675.64,-0.12,0.00%,0
"2026-08-25 14:54",7675.57,7675.8,7675.27,7675.37,-0.27,0.00%,0
"2026-08-25 14:55",7675.41,7676.14,7675.1,7675.1,-0.27,0.00%,0
"2026-08-25 14:56",7675.09,7675.44,7674.2,7674.42,-0.68,-0.01%,0
"2026-08-25 14:57",7674.48,7674.5,7673.41,7673.53,-0.89,-0.01%,0
"2026-08-25 14:58",7673.57,7674.63,7673.45,7674.63,1.1,+0.01%,0
"2026-08-25 14:59",7674.62,7674.98,7674.13,7674.51,-0.12,0.00%,0
"2026-08-25 15:00",7674.45,7676.28,7674.42,7676.03,1.52,+0.02%,0
"2026-08-25 15:01",7675.98,7676.22,7674.04,7674.06,-1.97,-0.03%,0
"2026-08-25 15:02",7673.98,7674.06,7672.61,7672.71,-1.35,-0.02%,0
"2026-08-25 15:03",7672.71,7673.31,7672.49,7672.6,-0.11,0.00%,0
"2026-08-25 15:04",7672.6,7673.15,7672.47,7672.71,0.11,0.00%,0
"2026-08-25 15:05",7672.66,7673.16,7672.36,7672.81,0.1,0.00%,0
"2026-08-25 15:06",7672.82,7672.96,7671.86,7672.29,-0.52,-0.01%,0
"2026-08-25 15:07",7672.23,7672.98,7672.06,7672.09,-0.2,0.00%,0
"2026-08-25 15:08",7672.13,7672.17,7671.07,7671.83,-0.26,0.00%,0
"2026-08-25 15:09",7671.57,7672.07,7670.82,7671.89,0.06,0.00%,0
"2026-08-25 15:10",7671.78,7671.79,7670.73,7670.88,-1.01,-0.01%,0
"2026-08-25 15:11",7670.87,7671.03,7670.27,7670.27,-0.61,-0.01%,0
"2026-08-25 15:12",7670.12,7670.45,7669.67,7669.89,-0.38,0.00%,0
"2026-08-25 15:13",7669.86,7670.81,7669.76,7669.85,-0.04,0.00%,0
"2026-08-25 15:14",7669.75,7669.82,7668.69,7668.87,-0.98,-0.01%,0
"2026-08-25 15:15",7668.93,7669.56,7668.8,7669.21,0.34,0.00%,0
"2026-08-25 15:16",7669.32,7669.54,7668.51,7668.63,-0.58,-0.01%,0
"2026-08-25 15:17",7668.85,7668.85,7667.19,7668.13,-0.5,-0.01%,0
"2026-08-25 15:18",7668.14,7668.26,7667.31,7667.35,-0.78,-0.01%,0
"2026-08-25 15:19",7667.37,7668.7,7667.29,7668.2,0.85,+0.01%,0
"2026-08-25 15:20",7668.11,7668.21,7666.9,7667.31,-0.89,-0.01%,0
"2026-08-25 15:21",7667.5,7668.16,7667.36,7667.36,0.05,0.00%,0
"2026-08-25 15:22",7667.3,7668.05,7667.3,7667.85,0.49,+0.01%,0
"2026-08-25 15:23",7667.82,7668.32,7667.64,7668.31,0.46,+0.01%,0
"2026-08-25 15:24",7668.41,7668.51,7667.89,7668.51,0.2,0.00%,0
"2026-08-25 15:25",7668.59,7669.49,7668.04,7669.49,0.98,+0.01%,0
"2026-08-25 15:26",7669.51,7669.67,7668.86,7669.06,-0.43,-0.01%,0
"2026-08-25 15:27",7669.11,7669.16,7668.7,7668.98,-0.08,0.00%,0
"2026-08-25 15:28",7669.02,7669.78,7668.98,7669.71,0.73,+0.01%,0
"2026-08-25 15:29",7669.72,7670.14,7669.34,7670.04,0.33,0.00%,0
"2026-08-25 15:30",7669.99,7670.38,7669.63,7670.02,-0.02,0.00%,0
"2026-08-25 15:31",7670,7670.25,7669.6,7669.6,-0.42,-0.01%,0
"2026-08-25 15:32",7669.58,7669.87,7668.42,7668.42,-1.18,-0.02%,0
"2026-08-25 15:33",7668.2,7669.71,7668.2,7669.32,0.9,+0.01%,0
"2026-08-25 15:34",7669.47,7669.67,7668.92,7669.38,0.06,0.00%,0
"2026-08-25 15:35",7669.56,7670.87,7669.2,7670.78,1.4,+0.02%,0
"2026-08-25 15:36",7670.83,7671.1,7670.63,7670.87,0.09,0.00%,0
"2026-08-25 15:37",7670.82,7671.06,7670.31,7670.42,-0.45,-0.01%,0
"2026-08-25 15:38",7670.34,7671.42,7670.33,7670.53,0.11,0.00%,0
"2026-08-25 15:39",7670.57,7670.85,7670.17,7670.72,0.19,0.00%,0
"2026-08-25 15:40",7670.66,7672.07,7670.64,7671.98,1.26,+0.02%,0
"2026-08-25 15:41",7671.92,7673.31,7671.66,7673.3,1.32,+0.02%,0
"2026-08-25 15:42",7673.3,7673.93,7673.2,7673.77,0.47,+0.01%,0
"2026-08-25 15:43",7673.81,7674.29,7673.68,7673.75,-0.02,0.00%,0
"2026-08-25 15:44",7673.67,7673.84,7671.88,7672.03,-1.72,-0.02%,0
"2026-08-25 15:45",7671.99,7672.52,7671.14,7671.44,-0.59,-0.01%,0
"2026-08-25 15:46",7671.42,7671.6,7670.91,7671.22,-0.22,0.00%,0
"2026-08-25 15:47",7671.23,7672.01,7671.01,7671.01,-0.21,0.00%,0
"2026-08-25 15:48",7671.06,7672.49,7670.99,7672.16,1.15,+0.01%,0
"2026-08-25 15:49",7672.11,7673.49,7672.1,7673.13,0.97,+0.01%,0
"2026-08-25 15:50",7672.98,7672.98,7670.91,7671.83,-1.3,-0.02%,0
"2026-08-25 15:51",7671.98,7672.66,7671.47,7671.62,-0.21,0.00%,0
"2026-08-25 15:52",7671.58,7673.92,7671.58,7673.84,2.22,+0.03%,0
"2026-08-25 15:53",7673.94,7677.3,7673.94,7677.3,3.46,+0.05%,0
"2026-08-25 15:54",7677.38,7679.62,7677.38,7679.44,2.14,+0.03%,0
"2026-08-25 15:55",7679.42,7680.54,7677.36,7677.55,-1.89,-0.02%,0
"2026-08-25 15:56",7677.58,7678.4,7676.26,7677.96,0.41,+0.01%,0
"2026-08-25 15:57",7677.95,7679.8,7677.95,7678.61,0.65,+0.01%,0
"2026-08-25 15:58",7678.55,7679.19,7677.49,7678.42,-0.19,0.00%,0
"2026-08-25 15:59",7678.19,7679.43,7675.73,7675.73,-2.69,-0.04%,0
"2026-08-25 16:00",7676.62,7677.2,7676.62,7677.2,1.47,+0.02%,0
"2026-08-25 16:01",7677.2,7677.2,7677.2,7677.2,0,0.00%,0
"2026-08-25 16:02",7677.2,7677.21,7677.2,7677.21,0.01,0.00%,0
"2026-08-25 16:03",7677.21,7677.23,7677.21,7677.22,0.01,0.00%,0
"2026-08-25 16:04",7677.22,7677.28,7677.22,7677.28,0.06,0.00%,0
"2026-08-25 16:05",7677.28,7677.28,7677.28,7677.28,0,0.00%,0
"2026-08-25 16:06",7677.28,7677.28,7677.28,7677.28,0,0.00%,0
"2026-08-25 16:07",7677.28,7677.28,7677.28,7677.28,0,0.00%,0
"2026-08-25 16:08",7677.28,7677.28,7677.28,7677.28,0,0.00%,0
"2026-08-25 16:09",7677.28,7677.28,7677.28,7677.28,0,0.00%,0
"2026-08-25 16:10",7677.28,7677.28,7677.28,7677.28,0,0.00%,0
"2026-08-25 16:11",7677.28,7677.28,7677.28,7677.28,0,0.00%,0
"2026-08-25 16:12",7677.28,7677.28,7677.28,7677.28,0,0.00%,0
"2026-08-25 16:13",7677.28,7677.28,7677.28,7677.28,0,0.00%,0
"2026-08-25 16:14",7677.28,7677.28,7677.28,7677.28,0,0.00%,0
"2026-08-25 16:15",7677.28,7677.28,7677.28,7677.28,0,0.00%,0
"2026-08-25 16:16",7677.28,7677.28,7677.28,7677.28,0,0.00%,0
"2026-08-25 16:17",7677.28,7677.28,7677.28,7677.28,0,0.00%,0
"2026-08-25 16:18",7677.28,7677.28,7677.28,7677.28,0,0.00%,0
"2026-08-25 16:19",7677.28,7677.28,7677.28,7677.28,0,0.00%,0
"2026-08-25 16:20",7677.28,7677.28,7677.28,7677.28,0,0.00%,0
"2026-08-25 17:43",7677.28,7677.28,7677.28,7677.28,0,0.00%,0
"2026-08-26 09:30",7666.88,7668.74,7662.9,7667.2,-10.08,-0.13%,0
"2026-08-26 09:31",7667.73,7673.48,7665.94,7673.48,6.28,+0.08%,0
"2026-08-26 09:32",7673.56,7674.08,7670.27,7670.86,-2.62,-0.03%,0
"2026-08-26 09:33",7670.87,7672.45,7669.07,7671.95,1.09,+0.01%,0
"2026-08-26 09:34",7671.96,7676.04,7671.84,7675.08,3.13,+0.04%,0
"2026-08-26 09:35",7674.9,7674.9,7667.19,7669.72,-5.36,-0.07%,0
"2026-08-26 09:36",7669.46,7673.02,7666.66,7672.79,3.07,+0.04%,0
"2026-08-26 09:37",7672.19,7674.16,7671.15,7674.16,1.37,+0.02%,0
"2026-08-26 09:38",7675.21,7676.84,7674.43,7675.13,0.97,+0.01%,0
"2026-08-26 09:39",7674.94,7675.06,7672.63,7673.83,-1.3,-0.02%,0
"2026-08-26 09:40",7673.42,7676.1,7672.7,7675.21,1.38,+0.02%,0
"2026-08-26 09:41",7675.5,7676.16,7673.99,7675.39,0.18,0.00%,0
"2026-08-26 09:42",7675.22,7676.38,7672.83,7676.38,0.99,+0.01%,0
"2026-08-26 09:43",7676.31,7682.9,7676.2,7680.81,4.43,+0.06%,0
"2026-08-26 09:44",7680.67,7683.69,7680.67,7681.99,1.18,+0.02%,0
"2026-08-26 09:45",7682.12,7685.33,7681.38,7685.33,3.34,+0.04%,0
"2026-08-26 09:46",7685.61,7685.64,7680,7681.11,-4.22,-0.05%,0
"2026-08-26 09:47",7681.04,7681.25,7679.31,7680.68,-0.43,-0.01%,0
"2026-08-26 09:48",7680.89,7682.72,7680.48,7681.35,0.67,+0.01%,0
"2026-08-26 09:49",7681.19,7682.26,7678.2,7678.2,-3.15,-0.04%,0
"2026-08-26 09:50",7678.05,7678.29,7674.89,7675.61,-2.59,-0.03%,0
"2026-08-26 09:51",7675.66,7677.99,7675.41,7677.94,2.33,+0.03%,0
"2026-08-26 09:52",7678.07,7680.45,7678.07,7679.58,1.64,+0.02%,0
"2026-08-26 09:53",7679.65,7682.99,7679,7682.99,3.41,+0.04%,0
"2026-08-26 09:54",7682.71,7684.65,7681.96,7684.65,1.66,+0.02%,0
"2026-08-26 09:55",7685.01,7685.56,7683.38,7685.56,0.91,+0.01%,0
"2026-08-26 09:56",7685.57,7686.98,7684.34,7685.85,0.29,0.00%,0
"2026-08-26 09:57",7686.04,7686.41,7684.51,7685.29,-0.56,-0.01%,0
"2026-08-26 09:58",7685.42,7685.98,7684.92,7685.78,0.49,+0.01%,0
"2026-08-26 09:59",7685.74,7686.94,7684.05,7686.94,1.16,+0.02%,0
"2026-08-26 10:00",7688.36,7688.36,7685.43,7686.51,-0.43,-0.01%,0
"2026-08-26 10:01",7686.59,7686.59,7685.13,7685.85,-0.66,-0.01%,0
"2026-08-26 10:02",7685.73,7687.12,7685.73,7686.11,0.26,0.00%,0
"2026-08-26 10:03",7686.2,7687.77,7686.2,7687.36,1.25,+0.02%,0
"2026-08-26 10:04",7687.35,7688.21,7686.88,7687.56,0.2,0.00%,0
"2026-08-26 10:05",7687.5,7687.71,7685.32,7685.81,-1.75,-0.02%,0
"2026-08-26 10:06",7685.75,7687.41,7684.89,7687.41,1.6,+0.02%,0
"2026-08-26 10:07",7687.4,7687.44,7685.44,7685.55,-1.86,-0.02%,0
"2026-08-26 10:08",7685.51,7686.28,7684.67,7684.74,-0.81,-0.01%,0
"2026-08-26 10:09",7684.81,7685.29,7683.45,7684.41,-0.33,0.00%,0
"2026-08-26 10:10",7684.48,7684.72,7682.67,7683.63,-0.78,-0.01%,0
"2026-08-26 10:11",7683.31,7684.41,7683.15,7683.71,0.08,0.00%,0
"2026-08-26 10:12",7683.77,7683.77,7679.8,7680.96,-2.75,-0.04%,0
"2026-08-26 10:13",7680.88,7681.06,7679.63,7680.71,-0.25,0.00%,0
"2026-08-26 10:14",7680.73,7681.59,7679.77,7679.82,-0.89,-0.01%,0
"2026-08-26 10:15",7679.85,7680.39,7678.89,7678.94,-0.88,-0.01%,0
"2026-08-26 10:16",7678.76,7679.52,7677.39,7678.88,-0.06,0.00%,0
"2026-08-26 10:17",7678.84,7680.11,7678.68,7679.44,0.56,+0.01%,0
"2026-08-26 10:18",7679.56,7681.56,7679.01,7679.5,0.06,0.00%,0
"2026-08-26 10:19",7679.4,7680.61,7677.92,7677.97,-1.53,-0.02%,0
"2026-08-26 10:20",7678.09,7678.92,7677.94,7677.94,-0.03,0.00%,0
"2026-08-26 10:21",7677.84,7677.84,7676.01,7676.36,-1.58,-0.02%,0
"2026-08-26 10:22",7676.39,7676.53,7674.52,7674.79,-1.57,-0.02%,0
"2026-08-26 10:23",7674.68,7676.61,7674.44,7674.44,-0.35,0.00%,0
"2026-08-26 10:24",7674.39,7674.39,7672.53,7672.61,-1.83,-0.02%,0
"2026-08-26 10:25",7672.54,7672.85,7670.19,7670.19,-2.42,-0.03%,0
"2026-08-26 10:26",7670.07,7670.07,7667.8,7668.44,-1.75,-0.02%,0
"2026-08-26 10:27",7668.29,7668.29,7666.74,7666.83,-1.61,-0.02%,0
"2026-08-26 10:28",7666.99,7669.75,7666.32,7669.68,2.85,+0.04%,0
"2026-08-26 10:29",7669.51,7670.21,7668.85,7669.45,-0.23,0.00%,0
"2026-08-26 10:30",7669.12,7670.8,7668.81,7669.72,0.27,0.00%,0
"2026-08-26 10:31",7669.82,7669.82,7667.59,7668.38,-1.34,-0.02%,0
"2026-08-26 10:32",7668.51,7669.89,7667.87,7669.23,0.85,+0.01%,0
"2026-08-26 10:33",7669.35,7669.74,7668.57,7669.13,-0.1,0.00%,0
"2026-08-26 10:34",7669.34,7670.63,7668.72,7669.63,0.5,+0.01%,0
"2026-08-26 10:35",7669.58,7670.12,7668.72,7669.57,-0.06,0.00%,0
"2026-08-26 10:36",7669.52,7672.21,7669.37,7672.07,2.5,+0.03%,0
"2026-08-26 10:37",7672.21,7674.49,7672.14,7674.4,2.33,+0.03%,0
"2026-08-26 10:38",7674.56,7674.56,7671.32,7671.32,-3.08,-0.04%,0
"2026-08-26 10:39",7671.41,7671.75,7670.92,7671.03,-0.29,0.00%,0
"2026-08-26 10:40",7670.82,7673.47,7670.72,7673.47,2.44,+0.03%,0
"2026-08-26 10:41",7673.48,7673.48,7671.35,7672.28,-1.19,-0.02%,0
"2026-08-26 10:42",7672.05,7672.32,7670.09,7670.1,-2.18,-0.03%,0
"2026-08-26 10:43",7670.16,7671.28,7669.92,7670.54,0.44,+0.01%,0
"2026-08-26 10:44",7670.51,7672.57,7670.41,7672.26,1.72,+0.02%,0
"2026-08-26 10:45",7672.15,7672.39,7669.43,7669.55,-2.71,-0.04%,0
"2026-08-26 10:46",7669.48,7671.2,7669,7671.11,1.56,+0.02%,0
"2026-08-26 10:47",7671.06,7672,7671.02,7671.18,0.07,0.00%,0
"2026-08-26 10:48",7671.19,7672.46,7670.73,7672.43,1.25,+0.02%,0
"2026-08-26 10:49",7672.6,7673.32,7672.08,7673.3,0.87,+0.01%,0
"2026-08-26 10:50",7673.37,7675.73,7673.37,7675.6,2.3,+0.03%,0
"2026-08-26 10:51",7675.41,7675.7,7674.78,7675.38,-0.22,0.00%,0
"2026-08-26 10:52",7675.38,7677.08,7675.33,7677.05,1.67,+0.02%,0
"2026-08-26 10:53",7676.97,7677.47,7675.84,7675.84,-1.21,-0.02%,0
"2026-08-26 10:54",7675.74,7675.74,7674.3,7674.59,-1.25,-0.02%,0
"2026-08-26 10:55",7674.52,7675.5,7673.91,7675.39,0.8,+0.01%,0
"2026-08-26 10:56",7675.46,7676.95,7675.43,7675.67,0.28,0.00%,0
"2026-08-26 10:57",7675.61,7676.72,7675.61,7676.49,0.82,+0.01%,0
"2026-08-26 10:58",7676.6,7676.88,7676.03,7676.31,-0.18,0.00%,0
"2026-08-26 10:59",7676.14,7677,7675.37,7676.74,0.43,+0.01%,0
"2026-08-26 11:00",7676.64,7678.49,7676.42,7678.22,1.48,+0.02%,0
"2026-08-26 11:01",7677.96,7679.72,7677.9,7679.08,0.86,+0.01%,0
"2026-08-26 11:02",7679.18,7682.21,7679.18,7681.81,2.73,+0.04%,0
"2026-08-26 11:03",7681.63,7681.9,7679.25,7680.33,-1.48,-0.02%,0
"2026-08-26 11:04",7680.33,7680.49,7679.31,7679.61,-0.72,-0.01%,0
"2026-08-26 11:05",7679.74,7680.94,7679.74,7680.79,1.18,+0.02%,0
"2026-08-26 11:06",7680.89,7681.67,7680.79,7681.14,0.35,0.00%,0
"2026-08-26 11:07",7681.34,7682.41,7681.34,7681.81,0.67,+0.01%,0
"2026-08-26 11:08",7681.68,7682.55,7681.45,7682.29,0.48,+0.01%,0
"2026-08-26 11:09",7682.37,7682.46,7681.72,7681.73,-0.56,-0.01%,0
"2026-08-26 11:10",7681.82,7681.98,7679.81,7681.07,-0.66,-0.01%,0
"2026-08-26 11:11",7681.03,7682.12,7680.99,7681.73,0.66,+0.01%,0
"2026-08-26 11:12",7681.76,7682.33,7681.15,7681.36,-0.37,0.00%,0
"2026-08-26 11:13",7681.32,7681.32,7679.64,7679.64,-1.72,-0.02%,0
"2026-08-26 11:14",7679.57,7680.55,7679.17,7680.55,0.91,+0.01%,0
"2026-08-26 11:15",7680.53,7680.62,7678.24,7678.24,-2.31,-0.03%,0
"2026-08-26 11:16",7678.29,7678.29,7675.2,7675.42,-2.82,-0.04%,0
"2026-08-26 11:17",7675.43,7675.43,7673.4,7674.68,-0.74,-0.01%,0
"2026-08-26 11:18",7674.68,7675.77,7674.53,7675.77,1.09,+0.01%,0
"2026-08-26 11:19",7676.06,7676.06,7674.46,7675.13,-0.64,-0.01%,0
"2026-08-26 11:20",7675.13,7676.48,7675.13,7675.84,0.71,+0.01%,0
"2026-08-26 11:21",7676.08,7677.55,7676.04,7677.41,1.57,+0.02%,0
"2026-08-26 11:22",7677.44,7677.75,7675.3,7675.3,-2.11,-0.03%,0
"2026-08-26 11:23",7675.17,7676.1,7675.06,7676.08,0.78,+0.01%,0
"2026-08-26 11:24",7676,7676.02,7675.47,7675.69,-0.39,-0.01%,0
"2026-08-26 11:25",7675.55,7676.05,7675,7675,-0.69,-0.01%,0
"2026-08-26 11:26",7675.15,7676.51,7675.15,7675.75,0.75,+0.01%,0
"2026-08-26 11:27",7675.71,7677.16,7675.71,7676.52,0.77,+0.01%,0
"2026-08-26 11:28",7676.68,7677.45,7675.89,7677.45,0.93,+0.01%,0
"2026-08-26 11:29",7677.58,7678.3,7676.61,7676.61,-0.84,-0.01%,0
"2026-08-26 11:30",7676.52,7676.76,7675.05,7675.56,-1.05,-0.01%,0
"2026-08-26 11:31",7675.52,7675.89,7674.2,7675.29,-0.27,0.00%,0
"2026-08-26 11:32",7675.24,7675.37,7673.22,7673.22,-2.07,-0.03%,0
"2026-08-26 11:33",7673.22,7673.22,7671.37,7672,-1.22,-0.02%,0
"2026-08-26 11:34",7672.12,7672.12,7670.06,7670.37,-1.63,-0.02%,0
"2026-08-26 11:35",7670.39,7672.42,7670.39,7672.01,1.64,+0.02%,0
"2026-08-26 11:36",7671.79,7672.1,7671.25,7671.43,-0.58,-0.01%,0
"2026-08-26 11:37",7671.5,7672.81,7671.19,7672.51,1.08,+0.01%,0
"2026-08-26 11:38",7672.75,7672.75,7671.65,7671.97,-0.54,-0.01%,0
"2026-08-26 11:39",7671.74,7673.09,7671.49,7672.63,0.66,+0.01%,0
"2026-08-26 11:40",7672.62,7674.77,7672.47,7674.71,2.08,+0.03%,0
"2026-08-26 11:41",7674.74,7675.34,7674.41,7674.95,0.24,0.00%,0
"2026-08-26 11:42",7674.87,7676.66,7674.72,7676.55,1.6,+0.02%,0
"2026-08-26 11:43",7676.59,7678.53,7676.36,7678.4,1.85,+0.02%,0
"2026-08-26 11:44",7678.4,7679.02,7677.78,7678.46,0.06,0.00%,0
"2026-08-26 11:45",7678.38,7679.12,7678.08,7678.82,0.36,0.00%,0
"2026-08-26 11:46",7678.69,7678.95,7677.8,7678.8,-0.02,0.00%,0
"2026-08-26 11:47",7678.81,7679.59,7678.2,7679.52,0.72,+0.01%,0
"2026-08-26 11:48",7679.5,7680.31,7679.06,7679.88,0.36,0.00%,0
"2026-08-26 11:49",7679.85,7680.94,7679.79,7680.94,1.06,+0.01%,0
"2026-08-26 11:50",7680.91,7681.04,7679.13,7679.13,-1.81,-0.02%,0
"2026-08-26 11:51",7679.23,7679.23,7673.42,7673.59,-5.54,-0.07%,0
"2026-08-26 11:52",7673.39,7674.68,7672.98,7673.85,0.26,0.00%,0
"2026-08-26 11:53",7673.87,7674.27,7672.68,7673.01,-0.84,-0.01%,0
"2026-08-26 11:54",7673.1,7673.86,7671.63,7671.96,-1.05,-0.01%,0
"2026-08-26 11:55",7671.95,7673.1,7671.88,7672.45,0.49,+0.01%,0
"2026-08-26 11:56",7672.48,7674.93,7672.07,7674.88,2.43,+0.03%,0
"2026-08-26 11:57",7675,7675.42,7673.87,7673.87,-1.01,-0.01%,0
"2026-08-26 11:58",7673.74,7673.84,7672.26,7672.26,-1.61,-0.02%,0
"2026-08-26 11:59",7672.3,7672.34,7670.99,7671.07,-1.19,-0.02%,0
"2026-08-26 12:00",7671.29,7671.39,7669.06,7669.06,-2.01,-0.03%,0
"2026-08-26 12:01",7668.81,7668.98,7666.76,7667.37,-1.69,-0.02%,0
"2026-08-26 12:02",7667.46,7669.1,7667.27,7668.69,1.32,+0.02%,0
"2026-08-26 12:03",7668.57,7669.94,7667.71,7669.88,1.19,+0.02%,0
"2026-08-26 12:04",7669.96,7670.59,7669.37,7670.12,0.24,0.00%,0
"2026-08-26 12:05",7670.17,7670.17,7668.86,7669.74,-0.38,0.00%,0
"2026-08-26 12:06",7669.82,7671.23,7669.82,7670.33,0.59,+0.01%,0
"2026-08-26 12:07",7670.33,7670.7,7669.35,7670.46,0.13,0.00%,0
"2026-08-26 12:08",7670.52,7672.77,7670.52,7671.11,0.65,+0.01%,0
"2026-08-26 12:09",7671.26,7671.42,7670.04,7670.04,-1.07,-0.01%,0
"2026-08-26 12:10",7669.92,7670.04,7668.25,7668.91,-1.13,-0.01%,0
"2026-08-26 12:11",7669.09,7670.21,7668.87,7670.03,1.12,+0.01%,0
"2026-08-26 12:12",7670.11,7671.01,7670.07,7670.33,0.3,0.00%,0
"2026-08-26 12:13",7670.3,7670.75,7669.63,7669.94,-0.39,-0.01%,0
"2026-08-26 12:14",7669.97,7670.03,7668.04,7668.43,-1.51,-0.02%,0
"2026-08-26 12:15",7668.32,7669.03,7668.12,7668.87,0.44,+0.01%,0
"2026-08-26 12:16",7668.98,7668.98,7666.79,7667,-1.87,-0.02%,0
"2026-08-26 12:17",7667.02,7667.49,7666.5,7667.39,0.39,+0.01%,0
"2026-08-26 12:18",7667.4,7668.16,7667.26,7667.91,0.52,+0.01%,0
"2026-08-26 12:19",7667.82,7668.37,7667.5,7668.05,0.14,0.00%,0
"2026-08-26 12:20",7668.01,7668.89,7667.84,7668.79,0.74,+0.01%,0
"2026-08-26 12:21",7668.73,7668.73,7667.32,7668.31,-0.48,-0.01%,0
"2026-08-26 12:22",7668.61,7669.01,7668.03,7668.07,-0.24,0.00%,0
"2026-08-26 12:23",7668.19,7668.19,7666.86,7667.35,-0.72,-0.01%,0
"2026-08-26 12:24",7667.34,7667.99,7667.04,7667.54,0.19,0.00%,0
"2026-08-26 12:25",7667.55,7667.71,7667.19,7667.48,-0.06,0.00%,0
"2026-08-26 12:26",7667.51,7667.59,7665.84,7666.27,-1.21,-0.02%,0
"2026-08-26 12:27",7666.3,7666.59,7665.69,7665.76,-0.51,-0.01%,0
"2026-08-26 12:28",7665.68,7666.39,7665.68,7666.14,0.38,0.00%,0
"2026-08-26 12:29",7666.15,7666.42,7665.59,7665.64,-0.5,-0.01%,0
"2026-08-26 12:30",7665.76,7666.38,7665.41,7665.61,-0.03,0.00%,0
"2026-08-26 12:31",7665.58,7667.08,7665.58,7666.78,1.17,+0.02%,0
"2026-08-26 12:32",7666.79,7666.79,7665.56,7666.31,-0.47,-0.01%,0
"2026-08-26 12:33",7666.36,7667.03,7666.12,7666.18,-0.13,0.00%,0
"2026-08-26 12:34",7666.16,7666.91,7666.16,7666.7,0.52,+0.01%,0
"2026-08-26 12:35",7666.62,7666.62,7665.51,7666.47,-0.23,0.00%,0
"2026-08-26 12:36",7666.4,7666.43,7665.46,7665.55,-0.92,-0.01%,0
"2026-08-26 12:37",7665.55,7665.55,7662.82,7662.82,-2.73,-0.04%,0
"2026-08-26 12:38",7662.92,7663.62,7661.94,7663.32,0.5,+0.01%,0
"2026-08-26 12:39",7663.29,7663.29,7659.92,7660.05,-3.27,-0.04%,0
"2026-08-26 12:40",7659.85,7660.25,7658.57,7660.21,0.16,0.00%,0
"2026-08-26 12:41",7660.27,7661.68,7659.73,7661.59,1.38,+0.02%,0
"2026-08-26 12:42",7661.58,7661.98,7660.24,7660.26,-1.33,-0.02%,0
"2026-08-26 12:43",7660.15,7660.15,7657.61,7657.75,-2.51,-0.03%,0
"2026-08-26 12:44",7657.73,7658.14,7657.41,7657.94,0.19,0.00%,0
"2026-08-26 12:45",7657.99,7658.91,7657.98,7658.59,0.65,+0.01%,0
"2026-08-26 12:46",7658.61,7659.1,7657.63,7659.1,0.51,+0.01%,0
"2026-08-26 12:47",7659.24,7660.59,7659.04,7660.59,1.49,+0.02%,0
"2026-08-26 12:48",7660.65,7661.01,7660.07,7660.38,-0.21,0.00%,0
"2026-08-26 12:49",7660.3,7660.35,7658.3,7658.37,-2.01,-0.03%,0
"2026-08-26 12:50",7658.33,7660.57,7657.95,7660.56,2.19,+0.03%,0
"2026-08-26 12:51",7660.5,7660.5,7658.97,7659.24,-1.32,-0.02%,0
"2026-08-26 12:52",7659.26,7659.26,7658.27,7659.11,-0.13,0.00%,0
"2026-08-26 12:53",7659.22,7659.78,7659.11,7659.36,0.25,0.00%,0
"2026-08-26 12:54",7659.46,7659.77,7659.03,7659.5,0.14,0.00%,0
"2026-08-26 12:55",7659.48,7661.21,7659.42,7660.9,1.4,+0.02%,0
"2026-08-26 12:56",7660.92,7663.78,7660.85,7663.78,2.88,+0.04%,0
"2026-08-26 12:57",7663.82,7666.06,7663.73,7665.69,1.91,+0.02%,0
"2026-08-26 12:58",7665.72,7665.72,7664.53,7664.88,-0.81,-0.01%,0
"2026-08-26 12:59",7664.79,7665.18,7664.06,7665.1,0.22,0.00%,0
"2026-08-26 13:00",7665.09,7666.99,7664.15,7666.99,1.89,+0.02%,0
"2026-08-26 13:01",7666.81,7666.82,7665.9,7666.19,-0.8,-0.01%,0
"2026-08-26 13:02",7666.23,7666.34,7665.34,7665.89,-0.3,0.00%,0
"2026-08-26 13:03",7665.96,7666.08,7665.09,7666.08,0.19,0.00%,0
"2026-08-26 13:04",7666.09,7667.29,7666,7666.95,0.87,+0.01%,0
"2026-08-26 13:05",7666.92,7666.92,7665.44,7665.55,-1.4,-0.02%,0
"2026-08-26 13:06",7665.64,7666.3,7665.46,7666.18,0.63,+0.01%,0
"2026-08-26 13:07",7666.21,7667.42,7666.21,7667.41,1.23,+0.02%,0
"2026-08-26 13:08",7667.38,7668.43,7666.97,7668.43,1.02,+0.01%,0
"2026-08-26 13:09",7668.41,7668.9,7668.36,7668.36,-0.07,0.00%,0
"2026-08-26 13:10",7668.22,7668.41,7667.6,7668.37,0.01,0.00%,0
"2026-08-26 13:11",7668.35,7668.62,7668.21,7668.36,-0.01,0.00%,0
"2026-08-26 13:12",7668.31,7669.26,7668.19,7668.8,0.44,+0.01%,0
"2026-08-26 13:13",7668.89,7669.04,7668.44,7668.86,0.06,0.00%,0
"2026-08-26 13:14",7668.81,7669.24,7668.63,7669.06,0.2,0.00%,0
"2026-08-26 13:15",7668.97,7671.26,7668.97,7671.17,2.11,+0.03%,0
"2026-08-26 13:16",7671.05,7672.79,7671.05,7672.68,1.51,+0.02%,0
"2026-08-26 13:17",7672.62,7672.62,7671.35,7671.66,-1.02,-0.01%,0
"2026-08-26 13:18",7671.64,7671.88,7670.8,7671.05,-0.61,-0.01%,0
"2026-08-26 13:19",7671.07,7671.48,7670.77,7671.44,0.39,+0.01%,0
"2026-08-26 13:20",7671.39,7672.65,7671.29,7672.47,1.03,+0.01%,0
"2026-08-26 13:21",7672.54,7672.82,7671.64,7671.82,-0.65,-0.01%,0
"2026-08-26 13:22",7671.71,7672.72,7671.71,7672.72,0.9,+0.01%,0
"2026-08-26 13:23",7672.74,7673.92,7672.35,7673.62,0.9,+0.01%,0
"2026-08-26 13:24",7673.63,7674.18,7673.22,7673.96,0.34,0.00%,0
"2026-08-26 13:25",7674.04,7674.2,7672.8,7672.8,-1.16,-0.02%,0
"2026-08-26 13:26",7672.71,7673.03,7672.34,7672.99,0.19,0.00%,0
"2026-08-26 13:27",7673.02,7674.25,7672.96,7674.25,1.26,+0.02%,0
"2026-08-26 13:28",7674.26,7674.62,7674.14,7674.46,0.21,0.00%,0
"2026-08-26 13:29",7674.51,7674.6,7673.35,7673.95,-0.51,-0.01%,0
"2026-08-26 13:30",7673.94,7675.35,7673.85,7675.24,1.29,+0.02%,0
"2026-08-26 13:31",7675.31,7675.36,7673.95,7674.17,-1.07,-0.01%,0
"2026-08-26 13:32",7674.12,7674.58,7673.65,7673.65,-0.52,-0.01%,0
"2026-08-26 13:33",7673.68,7674.05,7673.4,7673.84,0.19,0.00%,0
"2026-08-26 13:34",7673.84,7675.36,7673.81,7675.28,1.44,+0.02%,0
"2026-08-26 13:35",7675.25,7675.8,7674.72,7675.8,0.52,+0.01%,0
"2026-08-26 13:36",7675.84,7676.01,7675.1,7675.1,-0.7,-0.01%,0
"2026-08-26 13:37",7675.15,7675.27,7674.59,7674.69,-0.41,-0.01%,0
"2026-08-26 13:38",7674.73,7675.79,7674.73,7675.12,0.43,+0.01%,0
"2026-08-26 13:39",7675.15,7675.15,7673.96,7674,-1.12,-0.01%,0
"2026-08-26 13:40",7674.02,7675.3,7674.02,7674.98,0.98,+0.01%,0
"2026-08-26 13:41",7675.02,7675.26,7674.45,7675.16,0.18,0.00%,0
"2026-08-26 13:42",7675.26,7675.32,7673.22,7673.81,-1.35,-0.02%,0
"2026-08-26 13:43",7673.84,7675.24,7673.84,7675.18,1.37,+0.02%,0
"2026-08-26 13:44",7675.21,7675.43,7674.76,7674.76,-0.42,-0.01%,0
"2026-08-26 13:45",7674.8,7675.21,7674.55,7674.82,0.06,0.00%,0
"2026-08-26 13:46",7674.69,7674.92,7673.48,7673.6,-1.22,-0.02%,0
"2026-08-26 13:47",7673.39,7673.66,7672.54,7673.27,-0.33,0.00%,0
"2026-08-26 13:48",7673.47,7673.69,7672.64,7672.64,-0.63,-0.01%,0
"2026-08-26 13:49",7672.75,7672.88,7672.36,7672.39,-0.25,0.00%,0
"2026-08-26 13:50",7672.3,7673.97,7672.3,7673.64,1.25,+0.02%,0
"2026-08-26 13:51",7673.72,7673.83,7673.11,7673.13,-0.51,-0.01%,0
"2026-08-26 13:52",7673.05,7673.65,7672.46,7673.13,0,0.00%,0
"2026-08-26 13:53",7673.17,7674.44,7673.17,7674.44,1.31,+0.02%,0
"2026-08-26 13:54",7674.43,7675.59,7674.43,7675.35,0.91,+0.01%,0
"2026-08-26 13:55",7675.39,7676.29,7675.28,7675.63,0.28,0.00%,0
"2026-08-26 13:56",7675.65,7675.8,7675.18,7675.25,-0.38,0.00%,0
"2026-08-26 13:57",7675.21,7675.31,7674.67,7675.31,0.06,0.00%,0
"2026-08-26 13:58",7675.32,7675.58,7674.97,7675.41,0.1,0.00%,0
"2026-08-26 13:59",7675.31,7675.31,7674.2,7674.24,-1.17,-0.02%,0
"2026-08-26 14:00",7674.25,7674.61,7673.57,7674.01,-0.23,0.00%,0
"2026-08-26 14:01",7674,7674.25,7673.12,7673.43,-0.58,-0.01%,0
"2026-08-26 14:02",7673.44,7673.99,7673.37,7673.76,0.33,0.00%,0
"2026-08-26 14:03",7673.8,7674.39,7673.59,7674.1,0.34,0.00%,0
"2026-08-26 14:04",7674.09,7674.33,7673.36,7673.39,-0.71,-0.01%,0
"2026-08-26 14:05",7673.31,7674.78,7673.16,7674.11,0.72,+0.01%,0
"2026-08-26 14:06",7674.11,7674.88,7674,7674.81,0.7,+0.01%,0
"2026-08-26 14:07",7674.86,7675.19,7674.53,7674.91,0.1,0.00%,0
"2026-08-26 14:08",7674.91,7676.01,7674.78,7675.95,1.04,+0.01%,0
"2026-08-26 14:09",7676.05,7676.3,7675.62,7675.74,-0.21,0.00%,0
"2026-08-26 14:10",7675.77,7675.89,7674.55,7674.55,-1.19,-0.02%,0
"2026-08-26 14:11",7674.5,7674.5,7673.49,7673.79,-0.76,-0.01%,0
"2026-08-26 14:12",7673.81,7673.81,7672.56,7672.88,-0.91,-0.01%,0
"2026-08-26 14:13",7672.91,7672.91,7672.44,7672.59,-0.29,0.00%,0
"2026-08-26 14:14",7672.61,7672.61,7671.95,7672.28,-0.31,0.00%,0
"2026-08-26 14:15",7672.31,7672.73,7671.61,7672.11,-0.17,0.00%,0
"2026-08-26 14:16",7672.07,7673.22,7671.98,7672.63,0.52,+0.01%,0
"2026-08-26 14:17",7672.59,7674.32,7672.58,7674.27,1.64,+0.02%,0
"2026-08-26 14:18",7674.34,7675.44,7674.26,7675.13,0.86,+0.01%,0
"2026-08-26 14:19",7675.15,7675.68,7675.15,7675.49,0.36,0.00%,0
"2026-08-26 14:20",7675.5,7677.73,7675.41,7677.48,1.99,+0.03%,0
"2026-08-26 14:21",7677.45,7677.61,7676.24,7676.34,-1.14,-0.01%,0
"2026-08-26 14:22",7676.13,7676.6,7675.74,7675.9,-0.44,-0.01%,0
"2026-08-26 14:23",7675.89,7675.97,7674.6,7674.8,-1.1,-0.01%,0
"2026-08-26 14:24",7674.75,7674.96,7673.86,7673.86,-0.94,-0.01%,0
"2026-08-26 14:25",7673.87,7674.6,7673.14,7674.6,0.74,+0.01%,0
"2026-08-26 14:26",7674.58,7674.7,7674.02,7674.02,-0.58,-0.01%,0
"2026-08-26 14:27",7674.05,7675.14,7673.86,7675.13,1.11,+0.01%,0
"2026-08-26 14:28",7675.16,7675.3,7674.71,7675.17,0.04,0.00%,0
"2026-08-26 14:29",7675.24,7675.69,7674.17,7674.37,-0.8,-0.01%,0
"2026-08-26 14:30",7674.44,7674.67,7673.67,7673.86,-0.51,-0.01%,0
"2026-08-26 14:31",7673.91,7674.32,7673.75,7674.28,0.42,+0.01%,0
"2026-08-26 14:32",7674.37,7675.08,7673.81,7675.07,0.79,+0.01%,0
"2026-08-26 14:33",7675.07,7677.11,7675.07,7676.95,1.88,+0.02%,0
"2026-08-26 14:34",7676.83,7676.95,7675.38,7675.92,-1.03,-0.01%,0
"2026-08-26 14:35",7675.87,7676.15,7675.59,7676.12,0.2,0.00%,0
"2026-08-26 14:36",7676.07,7676.29,7675.83,7676.29,0.17,0.00%,0
"2026-08-26 14:37",7676.29,7676.35,7674.99,7675.08,-1.21,-0.02%,0
"2026-08-26 14:38",7675.08,7675.45,7674.62,7675.45,0.37,0.00%,0
"2026-08-26 14:39",7675.47,7676.03,7675.18,7675.42,-0.03,0.00%,0
"2026-08-26 14:40",7675.31,7675.44,7674.57,7675.33,-0.09,0.00%,0
"2026-08-26 14:41",7675.32,7676.19,7675.31,7676.19,0.86,+0.01%,0
"2026-08-26 14:42",7676.2,7676.79,7675.86,7675.86,-0.33,0.00%,0
"2026-08-26 14:43",7675.79,7676.2,7675.74,7675.91,0.05,0.00%,0
"2026-08-26 14:44",7675.87,7676.72,7675.73,7676.55,0.64,+0.01%,0
"2026-08-26 14:45",7676.51,7679.64,7676.46,7679.35,2.8,+0.04%,0
"2026-08-26 14:46",7679.36,7680.67,7679.34,7680.67,1.32,+0.02%,0
"2026-08-26 14:47",7680.7,7682.24,7680.7,7682.18,1.51,+0.02%,0
"2026-08-26 14:48",7682.06,7682.33,7680.76,7680.82,-1.36,-0.02%,0
"2026-08-26 14:49",7680.78,7681.52,7680.46,7681.49,0.67,+0.01%,0
"2026-08-26 14:50",7681.23,7681.67,7680.36,7680.49,-1.,-0.01%,0
"2026-08-26 14:51",7680.46,7680.91,7680.42,7680.64,0.15,0.00%,0
"2026-08-26 14:52",7680.68,7682.17,7680.68,7682.16,1.52,+0.02%,0
"2026-08-26 14:53",7682.3,7683.37,7681.87,7683.32,1.16,+0.02%,0
"2026-08-26 14:54",7683.18,7683.18,7682.07,7682.3,-1.02,-0.01%,0
"2026-08-26 14:55",7682.27,7682.62,7681.47,7681.47,-0.83,-0.01%,0
"2026-08-26 14:56",7681.47,7682.01,7681.31,7681.94,0.47,+0.01%,0
"2026-08-26 14:57",7682.04,7683.09,7681.83,7682.63,0.69,+0.01%,0
"2026-08-26 14:58",7682.59,7683.79,7682.42,7683.69,1.06,+0.01%,0
"2026-08-26 14:59",7683.68,7683.68,7683.15,7683.15,-0.54,-0.01%,0
"2026-08-26 15:00",7683.13,7686.59,7682.53,7686.59,3.44,+0.04%,0
"2026-08-26 15:01",7687.04,7687.89,7686.23,7686.74,0.15,0.00%,0
"2026-08-26 15:02",7686.71,7689.77,7686.71,7688.65,1.91,+0.02%,0
"2026-08-26 15:03",7688.63,7688.99,7688.34,7688.64,-0.01,0.00%,0
"2026-08-26 15:04",7688.67,7690.72,7688.45,7690.56,1.92,+0.02%,0
"2026-08-26 15:05",7690.64,7690.73,7688.82,7688.88,-1.68,-0.02%,0
"2026-08-26 15:06",7688.86,7689.21,7688.59,7689.08,0.2,0.00%,0
"2026-08-26 15:07",7689.1,7689.15,7688.27,7688.57,-0.51,-0.01%,0
"2026-08-26 15:08",7688.57,7688.57,7687.08,7687.42,-1.15,-0.01%,0
"2026-08-26 15:09",7687.34,7687.85,7687.19,7687.22,-0.2,0.00%,0
"2026-08-26 15:10",7687.2,7687.95,7687.18,7687.62,0.4,+0.01%,0
"2026-08-26 15:11",7687.61,7688.32,7687.34,7688.22,0.6,+0.01%,0
"2026-08-26 15:12",7688.34,7688.65,7687.46,7687.97,-0.25,0.00%,0
"2026-08-26 15:13",7688.05,7688.05,7686.71,7686.91,-1.06,-0.01%,0
"2026-08-26 15:14",7686.94,7687.46,7686.46,7687.24,0.33,0.00%,0
"2026-08-26 15:15",7687.35,7688.44,7687.24,7688.25,1.01,+0.01%,0
"2026-08-26 15:16",7688.18,7689.12,7687.67,7689.03,0.78,+0.01%,0
"2026-08-26 15:17",7689.02,7689.35,7688.59,7688.95,-0.08,0.00%,0
"2026-08-26 15:18",7688.97,7689.38,7688.28,7689.25,0.3,0.00%,0
"2026-08-26 15:19",7689.24,7690.12,7689.08,7689.59,0.34,0.00%,0
"2026-08-26 15:20",7689.46,7689.47,7686.31,7686.39,-3.2,-0.04%,0
"2026-08-26 15:21",7686.44,7686.58,7686.02,7686.43,0.04,0.00%,0
"2026-08-26 15:22",7686.42,7687.77,7686.4,7687.24,0.81,+0.01%,0
"2026-08-26 15:23",7687.18,7687.39,7686.24,7687.31,0.07,0.00%,0
"2026-08-26 15:24",7687.47,7688.23,7687.43,7688.03,0.72,+0.01%,0
"2026-08-26 15:25",7687.9,7688.11,7687.51,7687.71,-0.32,0.00%,0
"2026-08-26 15:26",7687.86,7688.76,7687.69,7688.29,0.58,+0.01%,0
"2026-08-26 15:27",7688.32,7688.87,7688.16,7688.53,0.24,0.00%,0
"2026-08-26 15:28",7688.63,7688.63,7686.89,7686.96,-1.57,-0.02%,0
"2026-08-26 15:29",7686.81,7687.19,7686.22,7686.48,-0.48,-0.01%,0
"2026-08-26 15:30",7686.45,7686.53,7685.59,7685.7,-0.78,-0.01%,0
"2026-08-26 15:31",7685.65,7686.41,7685.44,7686.32,0.62,+0.01%,0
"2026-08-26 15:32",7686.3,7686.96,7685.81,7686.41,0.09,0.00%,0
"2026-08-26 15:33",7686.32,7686.63,7685.38,7685.73,-0.68,-0.01%,0
"2026-08-26 15:34",7685.7,7686.21,7685.46,7686.08,0.35,0.00%,0
"2026-08-26 15:35",7686.11,7686.35,7685.23,7685.85,-0.23,0.00%,0
"2026-08-26 15:36",7685.8,7685.87,7684.41,7684.41,-1.44,-0.02%,0
"2026-08-26 15:37",7684.34,7684.89,7683.92,7684.47,0.06,0.00%,0
"2026-08-26 15:38",7684.54,7684.82,7683.79,7683.79,-0.68,-0.01%,0
"2026-08-26 15:39",7683.87,7684.49,7683.38,7684.16,0.37,0.00%,0
"2026-08-26 15:40",7684.31,7685.89,7684.31,7685.55,1.39,+0.02%,0
"2026-08-26 15:41",7685.63,7685.63,7684.51,7684.88,-0.67,-0.01%,0
"2026-08-26 15:42",7684.86,7684.97,7684.35,7684.54,-0.34,0.00%,0
"2026-08-26 15:43",7684.88,7686.1,7684.58,7684.58,0.04,0.00%,0
"2026-08-26 15:44",7684.56,7684.96,7683.98,7684.63,0.05,0.00%,0
"2026-08-26 15:45",7684.64,7685.62,7684.19,7685.42,0.79,+0.01%,0
"2026-08-26 15:46",7685.42,7687.34,7685.41,7686.61,1.19,+0.02%,0
"2026-08-26 15:47",7686.59,7687.18,7685.82,7686.61,0,0.00%,0
"2026-08-26 15:48",7686.57,7687.6,7686.18,7687.6,0.99,+0.01%,0
"2026-08-26 15:49",7687.62,7688.79,7687.62,7688.79,1.19,+0.02%,0
"2026-08-26 15:50",7688.68,7688.73,7686.44,7687.56,-1.23,-0.02%,0
"2026-08-26 15:51",7687.51,7687.69,7686.22,7686.35,-1.21,-0.02%,0
"2026-08-26 15:52",7686.18,7686.95,7683.5,7683.5,-2.85,-0.04%,0
"2026-08-26 15:53",7683.68,7683.85,7681.33,7681.39,-2.11,-0.03%,0
"2026-08-26 15:54",7681.27,7682.64,7678.33,7679.86,-1.53,-0.02%,0
"2026-08-26 15:55",7679.77,7680.09,7677.45,7679.77,-0.09,0.00%,0
"2026-08-26 15:56",7679.77,7680.83,7679.69,7680.76,0.99,+0.01%,0
"2026-08-26 15:57",7680.72,7681.87,7679.74,7680.17,-0.59,-0.01%,0
"2026-08-26 15:58",7680.08,7680.08,7677.02,7677.59,-2.58,-0.03%,0
"2026-08-26 15:59",7677.71,7677.71,7672.82,7676.29,-1.3,-0.02%,0
"2026-08-26 16:00",7676.31,7676.31,7675.83,7675.83,-0.46,-0.01%,0
"2026-08-26 16:01",7675.83,7675.83,7675.82,7675.82,-0.01,0.00%,0
"2026-08-26 16:02",7675.82,7675.83,7675.82,7675.82,0,0.00%,0
"2026-08-26 16:03",7675.82,7675.82,7675.78,7675.8,-0.02,0.00%,0
"2026-08-26 16:04",7675.8,7675.8,7675.7,7675.7,-0.1,0.00%,0
"2026-08-26 16:05",7675.7,7675.7,7675.7,7675.7,0,0.00%,0
"2026-08-26 16:06",7675.7,7675.7,7675.7,7675.7,0,0.00%,0
"2026-08-26 16:07",7675.7,7675.7,7675.7,7675.7,0,0.00%,0
"2026-08-26 16:08",7675.7,7675.7,7675.7,7675.7,0,0.00%,0
"2026-08-26 16:09",7675.7,7675.7,7675.7,7675.7,0,0.00%,0
"2026-08-26 16:10",7675.7,7675.7,7675.7,7675.7,0,0.00%,0
"2026-08-26 16:11",7675.7,7675.7,7675.7,7675.7,0,0.00%,0
"2026-08-26 16:12",7675.7,7675.7,7675.7,7675.7,0,0.00%,0
"2026-08-26 16:13",7675.7,7675.7,7675.7,7675.7,0,0.00%,0
"2026-08-26 16:14",7675.7,7675.7,7675.7,7675.7,0,0.00%,0
"2026-08-26 16:15",7675.7,7675.7,7675.7,7675.7,0,0.00%,0
"2026-08-26 16:16",7675.7,7675.7,7675.7,7675.7,0,0.00%,0
"2026-08-26 16:17",7675.7,7675.7,7675.7,7675.7,0,0.00%,0
"2026-08-26 16:18",7675.7,7675.7,7675.7,7675.7,0,0.00%,0
"2026-08-26 16:19",7675.7,7675.7,7675.7,7675.7,0,0.00%,0
"2026-08-26 16:20",7675.7,7675.7,7675.7,7675.7,0,0.00%,0
"2026-08-26 16:39",7675.7,7675.7,7675.7,7675.7,0,0.00%,0
"2026-08-27 09:30",7710.34,7710.34,7698.17,7706.15,30.45,+0.40%,0
"2026-08-27 09:31",7705.8,7707.85,7694.91,7695.32,-10.83,-0.14%,0
"2026-08-27 09:32",7694.92,7697.4,7690.5,7696.78,1.46,+0.02%,0
"2026-08-27 09:33",7696.4,7701.6,7696.4,7697.53,0.75,+0.01%,0
"2026-08-27 09:34",7697.61,7697.99,7691.2,7693.01,-4.52,-0.06%,0
"2026-08-27 09:35",7693.08,7695.71,7689.89,7695.71,2.7,+0.04%,0
"2026-08-27 09:36",7695.2,7698.04,7694.28,7696.71,1,+0.01%,0
"2026-08-27 09:37",7696.45,7697.44,7692.53,7694.97,-1.74,-0.02%,0
"2026-08-27 09:38",7695.25,7696.07,7693.01,7695.13,0.16,0.00%,0
"2026-08-27 09:39",7694.76,7701.12,7694.37,7700.35,5.22,+0.07%,0
"2026-08-27 09:40",7700.55,7702.86,7700.55,7700.66,0.31,0.00%,0
"2026-08-27 09:41",7700.92,7706.12,7700.69,7701.62,0.96,+0.01%,0
"2026-08-27 09:42",7701.29,7704.22,7698.78,7704.09,2.47,+0.03%,0
"2026-08-27 09:43",7704,7705.45,7702.39,7704.89,0.8,+0.01%,0
"2026-08-27 09:44",7704.74,7710.57,7704.4,7710.57,5.68,+0.07%,0
"2026-08-27 09:45",7710.68,7714.54,7710.16,7714.14,3.57,+0.05%,0
"2026-08-27 09:46",7713.76,7715.07,7708.16,7708.29,-5.85,-0.08%,0
"2026-08-27 09:47",7708.12,7708.38,7698.82,7700.81,-7.48,-0.10%,0
"2026-08-27 09:48",7701.11,7702.31,7699.88,7700.31,-0.5,-0.01%,0
"2026-08-27 09:49",7700.51,7700.71,7695.37,7697.95,-2.36,-0.03%,0
"2026-08-27 09:50",7698.34,7706.23,7698.34,7706.23,8.28,+0.11%,0
"2026-08-27 09:51",7705.81,7707.53,7705.16,7707.53,1.3,+0.02%,0
"2026-08-27 09:52",7707.29,7709.87,7706.19,7709.4,1.87,+0.02%,0
"2026-08-27 09:53",7709.61,7710.97,7708.52,7710.97,1.57,+0.02%,0
"2026-08-27 09:54",7710.82,7711.89,7709.95,7710.34,-0.63,-0.01%,0
"2026-08-27 09:55",7710.39,7711.03,7703.82,7707.07,-3.27,-0.04%,0
"2026-08-27 09:56",7707.08,7707.08,7700.86,7700.86,-6.21,-0.08%,0
"2026-08-27 09:57",7700.38,7700.38,7695.11,7695.17,-5.69,-0.07%,0
"2026-08-27 09:58",7695.69,7699.58,7695.69,7699.58,4.41,+0.06%,0
"2026-08-27 09:59",7699.93,7703.14,7698.86,7702.46,2.88,+0.04%,0
"2026-08-27 10:00",7702.7,7704.68,7701.14,7703.83,1.37,+0.02%,0
"2026-08-27 10:01",7703.68,7706.37,7702.25,7705.27,1.44,+0.02%,0
"2026-08-27 10:02",7704.96,7706.04,7703.4,7704.34,-0.93,-0.01%,0
"2026-08-27 10:03",7704.66,7707.45,7703.2,7707.45,3.11,+0.04%,0
"2026-08-27 10:04",7707.89,7708.19,7705.19,7706.49,-0.96,-0.01%,0
"2026-08-27 10:05",7706.5,7709.46,7706.5,7708.04,1.55,+0.02%,0
"2026-08-27 10:06",7708,7708.7,7700.91,7700.91,-7.13,-0.09%,0
"2026-08-27 10:07",7700.59,7704.55,7699.01,7704.2,3.29,+0.04%,0
"2026-08-27 10:08",7704.14,7704.32,7700.62,7701.75,-2.45,-0.03%,0
"2026-08-27 10:09",7701.88,7704.02,7701.23,7702.6,0.85,+0.01%,0
"2026-08-27 10:10",7702.8,7708.05,7702.8,7707.75,5.15,+0.07%,0
"2026-08-27 10:11",7707.79,7707.91,7705.54,7706.09,-1.66,-0.02%,0
"2026-08-27 10:12",7705.82,7707.11,7705.11,7706.62,0.53,+0.01%,0
"2026-08-27 10:13",7706.6,7708.06,7704.94,7708.06,1.44,+0.02%,0
"2026-08-27 10:14",7708.3,7708.43,7704.11,7705.48,-2.58,-0.03%,0
"2026-08-27 10:15",7705.2,7708.8,7705.2,7708.7,3.22,+0.04%,0
"2026-08-27 10:16",7708.65,7709.24,7705.68,7705.68,-3.02,-0.04%,0
"2026-08-27 10:17",7705.64,7709.76,7705.64,7709.73,4.05,+0.05%,0
"2026-08-27 10:18",7709.75,7711.86,7708.95,7711.58,1.85,+0.02%,0
"2026-08-27 10:19",7711.42,7711.72,7709.53,7709.53,-2.05,-0.03%,0
"2026-08-27 10:20",7709.59,7712.41,7709.59,7712.41,2.88,+0.04%,0
"2026-08-27 10:21",7712.3,7713.43,7710.11,7710.11,-2.3,-0.03%,0
"2026-08-27 10:22",7709.73,7711.51,7709.37,7710.48,0.37,0.00%,0
"2026-08-27 10:23",7710.46,7713.33,7710.11,7710.11,-0.37,0.00%,0
"2026-08-27 10:24",7710.37,7712.64,7709.52,7712.61,2.5,+0.03%,0
"2026-08-27 10:25",7712.69,7712.88,7710.93,7712.62,0.01,0.00%,0
"2026-08-27 10:26",7712.7,7714.1,7712.21,7714.1,1.48,+0.02%,0
"2026-08-27 10:27",7714.36,7716.89,7714.15,7715.46,1.36,+0.02%,0
"2026-08-27 10:28",7715.35,7716.07,7712.96,7713.24,-2.22,-0.03%,0
"2026-08-27 10:29",7713.35,7714.88,7712.99,7714.15,0.91,+0.01%,0
"2026-08-27 10:30",7714.45,7715.07,7708.31,7709.75,-4.4,-0.06%,0
"2026-08-27 10:31",7709.67,7711.47,7709.53,7710.8,1.05,+0.01%,0
"2026-08-27 10:32",7710.72,7711.33,7709.64,7710.64,-0.16,0.00%,0
"2026-08-27 10:33",7710.06,7713.96,7709.28,7713.31,2.67,+0.03%,0
"2026-08-27 10:34",7713.41,7713.41,7711.17,7711.18,-2.13,-0.03%,0
"2026-08-27 10:35",7711.18,7714.84,7711.18,7714.42,3.24,+0.04%,0
"2026-08-27 10:36",7714.62,7716.03,7714.62,7716.03,1.61,+0.02%,0
"2026-08-27 10:37",7715.95,7717.98,7715.62,7715.75,-0.28,0.00%,0
"2026-08-27 10:38",7715.82,7716.41,7713.89,7714.69,-1.06,-0.01%,0
"2026-08-27 10:39",7714.69,7715.02,7711.1,7711.24,-3.45,-0.04%,0
"2026-08-27 10:40",7710.97,7713.74,7710.97,7712.59,1.35,+0.02%,0
"2026-08-27 10:41",7712.75,7713.89,7711.82,7713.13,0.54,+0.01%,0
"2026-08-27 10:42",7713.04,7714.33,7712.63,7714.21,1.08,+0.01%,0
"2026-08-27 10:43",7714.47,7714.65,7712.74,7713.15,-1.06,-0.01%,0
"2026-08-27 10:44",7713.26,7714.18,7712.23,7713.73,0.58,+0.01%,0
"2026-08-27 10:45",7713.91,7714.62,7712.76,7714.62,0.89,+0.01%,0
"2026-08-27 10:46",7714.46,7715.81,7714.24,7715.09,0.47,+0.01%,0
"2026-08-27 10:47",7715.48,7715.5,7711.69,7712.75,-2.34,-0.03%,0
"2026-08-27 10:48",7712.86,7717.18,7712.24,7717.18,4.43,+0.06%,0
"2026-08-27 10:49",7717.15,7721.03,7717.05,7720.62,3.44,+0.04%,0
"2026-08-27 10:50",7720.47,7721.3,7719.69,7720.14,-0.48,-0.01%,0
"2026-08-27 10:51",7720.17,7720.42,7718.75,7719.06,-1.08,-0.01%,0
"2026-08-27 10:52",7718.89,7722.22,7718.29,7721.09,2.03,+0.03%,0
"2026-08-27 10:53",7720.92,7721.09,7717.36,7719.16,-1.93,-0.02%,0
"2026-08-27 10:54",7718.92,7720.02,7717.66,7719.69,0.53,+0.01%,0
"2026-08-27 10:55",7719.57,7719.98,7715.9,7715.9,-3.79,-0.05%,0
"2026-08-27 10:56",7716,7717.61,7715.94,7716.53,0.63,+0.01%,0
"2026-08-27 10:57",7716.36,7719.32,7716.36,7717.56,1.03,+0.01%,0
"2026-08-27 10:58",7717.61,7719.69,7717.18,7719.69,2.13,+0.03%,0
"2026-08-27 10:59",7719.68,7721.47,7719.68,7721.34,1.65,+0.02%,0
"2026-08-27 11:00",7721.38,7723.01,7720.3,7722.81,1.47,+0.02%,0
"2026-08-27 11:01",7722.8,7724.24,7722.24,7723.52,0.71,+0.01%,0
"2026-08-27 11:02",7723.63,7723.87,7722.65,7722.65,-0.87,-0.01%,0
"2026-08-27 11:03",7722.77,7723.29,7720.21,7720.43,-2.22,-0.03%,0
"2026-08-27 11:04",7720.31,7724.18,7720.31,7724.09,3.66,+0.05%,0
"2026-08-27 11:05",7724.18,7724.54,7723.24,7723.34,-0.75,-0.01%,0
"2026-08-27 11:06",7723.53,7723.96,7722.33,7722.5,-0.84,-0.01%,0
"2026-08-27 11:07",7722.44,7723.33,7721.07,7722.22,-0.28,0.00%,0
"2026-08-27 11:08",7722.17,7722.28,7721.08,7721.93,-0.29,0.00%,0
"2026-08-27 11:09",7721.95,7723.45,7721.31,7723.45,1.52,+0.02%,0
"2026-08-27 11:10",7723.44,7724.5,7722.74,7722.74,-0.71,-0.01%,0
"2026-08-27 11:11",7723.02,7724.69,7722.93,7724.14,1.4,+0.02%,0
"2026-08-27 11:12",7724.31,7724.59,7723.45,7723.51,-0.63,-0.01%,0
"2026-08-27 11:13",7723.43,7724.6,7723.3,7724.17,0.66,+0.01%,0
"2026-08-27 11:14",7723.98,7726.39,7723.87,7726.33,2.16,+0.03%,0
"2026-08-27 11:15",7726.47,7727.86,7726.09,7727.77,1.44,+0.02%,0
"2026-08-27 11:16",7727.83,7728.59,7727.28,7727.78,0.01,0.00%,0
"2026-08-27 11:17",7728.09,7728.82,7727.92,7728,0.22,0.00%,0
"2026-08-27 11:18",7727.93,7728.6,7727.33,7728.58,0.58,+0.01%,0
"2026-08-27 11:19",7728.98,7728.98,7726.62,7727.24,-1.34,-0.02%,0
"2026-08-27 11:20",7727.2,7728.1,7726.6,7726.68,-0.56,-0.01%,0
"2026-08-27 11:21",7726.79,7728.38,7726.11,7726.43,-0.25,0.00%,0
"2026-08-27 11:22",7726.39,7727.18,7726.24,7726.9,0.47,+0.01%,0
"2026-08-27 11:23",7726.89,7726.89,7725.3,7726.56,-0.34,0.00%,0
"2026-08-27 11:24",7726.5,7727.19,7725.21,7725.55,-1.01,-0.01%,0
"2026-08-27 11:25",7725.6,7725.69,7723.08,7723.81,-1.74,-0.02%,0
"2026-08-27 11:26",7724.12,7724.86,7723.23,7724.7,0.89,+0.01%,0
"2026-08-27 11:27",7724.49,7724.75,7722.99,7723.19,-1.51,-0.02%,0
"2026-08-27 11:28",7722.94,7723.39,7722.51,7723.01,-0.18,0.00%,0
"2026-08-27 11:29",7722.84,7722.88,7720.25,7720.45,-2.56,-0.03%,0
"2026-08-27 11:30",7720.9,7721.07,7719.01,7719.58,-0.87,-0.01%,0
"2026-08-27 11:31",7719.49,7720.84,7718.97,7720.84,1.26,+0.02%,0
"2026-08-27 11:32",7720.92,7722.68,7719.57,7722.68,1.84,+0.02%,0
"2026-08-27 11:33",7722.76,7723.94,7721.85,7722.22,-0.46,-0.01%,0
"2026-08-27 11:34",7722.15,7722.15,7718.46,7719.91,-2.31,-0.03%,0
"2026-08-27 11:35",7720.14,7721.11,7719.01,7719.37,-0.54,-0.01%,0
"2026-08-27 11:36",7719.31,7719.68,7718.38,7718.51,-0.86,-0.01%,0
"2026-08-27 11:37",7718.59,7719.04,7717.42,7717.77,-0.74,-0.01%,0
"2026-08-27 11:38",7717.83,7718.69,7716.79,7717.95,0.18,0.00%,0
"2026-08-27 11:39",7717.89,7717.89,7716.71,7717.5,-0.45,-0.01%,0
"2026-08-27 11:40",7717.46,7718.22,7716.82,7717.97,0.47,+0.01%,0
"2026-08-27 11:41",7718.03,7721.36,7718.03,7721.36,3.39,+0.04%,0
"2026-08-27 11:42",7721.44,7721.44,7718.77,7719.26,-2.1,-0.03%,0
"2026-08-27 11:43",7719.15,7719.15,7715.87,7716.15,-3.11,-0.04%,0
"2026-08-27 11:44",7716.12,7716.12,7714.16,7714.38,-1.77,-0.02%,0
"2026-08-27 11:45",7714.36,7714.61,7712.03,7712.87,-1.51,-0.02%,0
"2026-08-27 11:46",7712.99,7713.43,7711.62,7713.23,0.36,0.00%,0
"2026-08-27 11:47",7713.27,7714.73,7713.27,7713.8,0.57,+0.01%,0
"2026-08-27 11:48",7713.84,7714.29,7712.99,7713.61,-0.19,0.00%,0
"2026-08-27 11:49",7713.73,7714.75,7713.36,7714.59,0.98,+0.01%,0
"2026-08-27 11:50",7714.56,7718.36,7714.56,7718.35,3.76,+0.05%,0
"2026-08-27 11:51",7718.33,7721.45,7717.55,7721.02,2.67,+0.03%,0
"2026-08-27 11:52",7721.06,7723.53,7720.38,7723.53,2.51,+0.03%,0
"2026-08-27 11:53",7723.47,7725.49,7723.29,7724.63,1.1,+0.01%,0
"2026-08-27 11:54",7724.54,7726.68,7724.22,7726.65,2.02,+0.03%,0
"2026-08-27 11:55",7726.6,7726.6,7724.15,7724.15,-2.5,-0.03%,0
"2026-08-27 11:56",7724.13,7724.27,7723.23,7723.52,-0.63,-0.01%,0
"2026-08-27 11:57",7723.44,7725.48,7723.23,7725.48,1.96,+0.03%,0
"2026-08-27 11:58",7725.66,7726.17,7724.86,7724.93,-0.55,-0.01%,0
"2026-08-27 11:59",7724.93,7725.59,7723.7,7723.91,-1.02,-0.01%,0
"2026-08-27 12:00",7723.95,7724.73,7723.87,7724.12,0.21,0.00%,0
"2026-08-27 12:01",7724.14,7725.28,7723.45,7725.07,0.95,+0.01%,0
"2026-08-27 12:02",7724.95,7725.91,7724.09,7725.44,0.37,0.00%,0
"2026-08-27 12:03",7725.54,7727,7725.32,7726.87,1.43,+0.02%,0
"2026-08-27 12:04",7726.9,7727.16,7726.06,7726.08,-0.79,-0.01%,0
"2026-08-27 12:05",7726.2,7726.33,7724.41,7724.46,-1.62,-0.02%,0
"2026-08-27 12:06",7724.46,7724.46,7723.33,7723.92,-0.54,-0.01%,0
"2026-08-27 12:07",7723.93,7724.86,7722.98,7723.03,-0.89,-0.01%,0
"2026-08-27 12:08",7723.19,7724.03,7722.86,7723.13,0.1,0.00%,0
"2026-08-27 12:09",7723.21,7723.26,7722.44,7723.14,0.01,0.00%,0
"2026-08-27 12:10",7723.14,7725.06,7723.08,7725.06,1.92,+0.02%,0
"2026-08-27 12:11",7725.09,7725.29,7722.1,7722.58,-2.48,-0.03%,0
"2026-08-27 12:12",7722.73,7723.38,7722.63,7723.25,0.67,+0.01%,0
"2026-08-27 12:13",7723.36,7724.19,7722.9,7723.63,0.38,0.00%,0
"2026-08-27 12:14",7723.57,7723.95,7722.43,7723.9,0.27,0.00%,0
"2026-08-27 12:15",7723.9,7724.61,7723.52,7724.61,0.71,+0.01%,0
"2026-08-27 12:16",7724.69,7725.68,7724.57,7724.75,0.14,0.00%,0
"2026-08-27 12:17",7724.64,7725.66,7724.04,7724.69,-0.06,0.00%,0
"2026-08-27 12:18",7724.69,7724.69,7723.71,7724.11,-0.58,-0.01%,0
"2026-08-27 12:19",7724.12,7724.91,7723.44,7724.64,0.53,+0.01%,0
"2026-08-27 12:20",7724.61,7724.61,7723.51,7723.51,-1.13,-0.01%,0
"2026-08-27 12:21",7723.79,7724.35,7721.49,7721.99,-1.52,-0.02%,0
"2026-08-27 12:22",7722.07,7723.09,7721.79,7722.55,0.56,+0.01%,0
"2026-08-27 12:23",7722.6,7724.14,7722.55,7723.77,1.22,+0.02%,0
"2026-08-27 12:24",7723.84,7724.03,7722.93,7723.57,-0.2,0.00%,0
"2026-08-27 12:25",7723.55,7724.1,7723.1,7723.67,0.1,0.00%,0
"2026-08-27 12:26",7723.55,7723.93,7722.5,7723.69,0.02,0.00%,0
"2026-08-27 12:27",7723.65,7726.57,7723.55,7726.57,2.88,+0.04%,0
"2026-08-27 12:28",7726.7,7727.02,7725.81,7726.69,0.12,0.00%,0
"2026-08-27 12:29",7726.69,7727.07,7726.34,7727.01,0.32,0.00%,0
"2026-08-27 12:30",7726.95,7727.22,7726.39,7726.87,-0.14,0.00%,0
"2026-08-27 12:31",7726.85,7728.56,7726.67,7728.25,1.38,+0.02%,0
"2026-08-27 12:32",7728.32,7728.37,7727.55,7728.31,0.06,0.00%,0
"2026-08-27 12:33",7728.52,7728.54,7727.08,7727.73,-0.58,-0.01%,0
"2026-08-27 12:34",7727.74,7729.35,7727.57,7729.19,1.46,+0.02%,0
"2026-08-27 12:35",7729.12,7730.18,7728.96,7729.84,0.65,+0.01%,0
"2026-08-27 12:36",7730.04,7730.42,7729.73,7730.3,0.46,+0.01%,0
"2026-08-27 12:37",7730.43,7732.49,7730.2,7732.29,1.99,+0.03%,0
"2026-08-27 12:38",7732.35,7732.49,7731.14,7732.09,-0.2,0.00%,0
"2026-08-27 12:39",7732.11,7733.06,7732.11,7733.04,0.95,+0.01%,0
"2026-08-27 12:40",7733.11,7734.36,7733,7733.89,0.85,+0.01%,0
"2026-08-27 12:41",7733.77,7734.4,7733.23,7734.2,0.31,0.00%,0
"2026-08-27 12:42",7734.22,7734.69,7733.93,7734.61,0.41,+0.01%,0
"2026-08-27 12:43",7734.66,7735.43,7734.14,7734.97,0.36,0.00%,0
"2026-08-27 12:44",7734.94,7735.26,7733.91,7734.65,-0.32,0.00%,0
"2026-08-27 12:45",7734.83,7736.99,7734.8,7736.61,1.96,+0.03%,0
"2026-08-27 12:46",7736.74,7736.79,7735.3,7735.37,-1.24,-0.02%,0
"2026-08-27 12:47",7735.46,7735.46,7734.4,7734.46,-0.91,-0.01%,0
"2026-08-27 12:48",7734.53,7736.14,7734.44,7736.05,1.59,+0.02%,0
"2026-08-27 12:49",7736.03,7736.13,7735.09,7735.1,-0.95,-0.01%,0
"2026-08-27 12:50",7735.16,7735.75,7734.12,7735.2,0.1,0.00%,0
"2026-08-27 12:51",7735.13,7735.94,7734.81,7735.68,0.48,+0.01%,0
"2026-08-27 12:52",7735.72,7736.59,7735.37,7736.24,0.56,+0.01%,0
"2026-08-27 12:53",7736.18,7736.87,7735.9,7736.85,0.61,+0.01%,0
"2026-08-27 12:54",7736.86,7737.96,7736.42,7737.05,0.2,0.00%,0
"2026-08-27 12:55",7737.18,7737.18,7735.71,7735.75,-1.3,-0.02%,0
"2026-08-27 12:56",7735.73,7736.62,7735.17,7736.36,0.61,+0.01%,0
"2026-08-27 12:57",7736.38,7736.99,7735.98,7736.3,-0.06,0.00%,0
"2026-08-27 12:58",7736.2,7736.73,7736.01,7736.15,-0.15,0.00%,0
"2026-08-27 12:59",7736.15,7738.31,7736.15,7737.97,1.82,+0.02%,0
"2026-08-27 13:00",7737.99,7738.74,7737.76,7738.18,0.21,0.00%,0
"2026-08-27 13:01",7738.05,7739.47,7737.62,7739.11,0.93,+0.01%,0
"2026-08-27 13:02",7738.97,7739.21,7738.37,7738.43,-0.68,-0.01%,0
"2026-08-27 13:03",7738.29,7738.83,7737.59,7738.64,0.21,0.00%,0
"2026-08-27 13:04",7738.85,7738.85,7738,7738.39,-0.25,0.00%,0
"2026-08-27 13:05",7738.32,7738.32,7736.97,7737.32,-1.07,-0.01%,0
"2026-08-27 13:06",7737.18,7737.45,7735.6,7735.72,-1.6,-0.02%,0
"2026-08-27 13:07",7735.78,7736.36,7735.68,7735.91,0.19,0.00%,0
"2026-08-27 13:08",7735.81,7739.86,7735.81,7739.35,3.44,+0.04%,0
"2026-08-27 13:09",7739.18,7740.33,7738.74,7740.16,0.81,+0.01%,0
"2026-08-27 13:10",7740.19,7741.27,7740.03,7740.68,0.52,+0.01%,0
"2026-08-27 13:11",7740.63,7740.63,7739.94,7740.36,-0.32,0.00%,0
"2026-08-27 13:12",7740.24,7740.87,7740.02,7740.69,0.33,0.00%,0
"2026-08-27 13:13",7740.67,7740.72,7739.61,7739.71,-0.98,-0.01%,0
"2026-08-27 13:14",7739.69,7739.7,7738.97,7739.44,-0.27,0.00%,0
"2026-08-27 13:15",7739.45,7740.24,7739.45,7739.99,0.55,+0.01%,0
"2026-08-27 13:16",7739.95,7740.17,7738.91,7739.25,-0.74,-0.01%,0
"2026-08-27 13:17",7739.2,7739.59,7738.65,7738.8,-0.45,-0.01%,0
"2026-08-27 13:18",7738.97,7739.11,7738.2,7739.01,0.21,0.00%,0
"2026-08-27 13:19",7738.97,7739.68,7738.86,7739.28,0.27,0.00%,0
"2026-08-27 13:20",7739.33,7739.51,7738.6,7738.96,-0.32,0.00%,0
"2026-08-27 13:21",7739,7739.76,7738.72,7739.61,0.65,+0.01%,0
"2026-08-27 13:22",7739.58,7739.75,7738.76,7738.8,-0.81,-0.01%,0
"2026-08-27 13:23",7738.76,7740.73,7738.71,7740.26,1.46,+0.02%,0
"2026-08-27 13:24",7740.16,7740.16,7739.35,7740.05,-0.21,0.00%,0
"2026-08-27 13:25",7739.97,7739.97,7737.97,7738.7,-1.35,-0.02%,0
"2026-08-27 13:26",7738.67,7738.67,7736.68,7737.16,-1.54,-0.02%,0
"2026-08-27 13:27",7737.37,7737.4,7735.75,7736.08,-1.08,-0.01%,0
"2026-08-27 13:28",7736.1,7736.79,7735.47,7736.41,0.33,0.00%,0
"2026-08-27 13:29",7736.49,7736.49,7734.88,7735.14,-1.27,-0.02%,0
"2026-08-27 13:30",7735.18,7736.4,7734.86,7736,0.86,+0.01%,0
"2026-08-27 13:31",7735.93,7736.25,7735.04,7735.65,-0.35,0.00%,0
"2026-08-27 13:32",7735.69,7738.12,7735.69,7737.98,2.33,+0.03%,0
"2026-08-27 13:33",7738.01,7738.49,7737.35,7737.66,-0.32,0.00%,0
"2026-08-27 13:34",7737.69,7737.81,7735.33,7735.4,-2.26,-0.03%,0
"2026-08-27 13:35",7735.45,7736.61,7734.99,7736.35,0.95,+0.01%,0
"2026-08-27 13:36",7736.35,7737.14,7736.35,7736.64,0.29,0.00%,0
"2026-08-27 13:37",7736.61,7736.85,7735.73,7736.2,-0.44,-0.01%,0
"2026-08-27 13:38",7736.19,7736.71,7735.69,7735.69,-0.51,-0.01%,0
"2026-08-27 13:39",7735.9,7736.07,7735.2,7735.2,-0.49,-0.01%,0
"2026-08-27 13:40",7735.19,7736.31,7735.02,7736.24,1.04,+0.01%,0
"2026-08-27 13:41",7736.17,7736.35,7735.47,7736.17,-0.07,0.00%,0
"2026-08-27 13:42",7736.08,7736.45,7735.68,7736.1,-0.07,0.00%,0
"2026-08-27 13:43",7736.09,7737.73,7736.09,7737.63,1.53,+0.02%,0
"2026-08-27 13:44",7737.58,7737.64,7734.45,7734.6,-3.03,-0.04%,0
"2026-08-27 13:45",7734.71,7734.85,7732.94,7733.01,-1.59,-0.02%,0
"2026-08-27 13:46",7732.62,7733.11,7732.24,7732.46,-0.55,-0.01%,0
"2026-08-27 13:47",7732.41,7733.8,7732.4,7732.4,-0.06,0.00%,0
"2026-08-27 13:48",7732.38,7732.48,7731.39,7731.39,-1.01,-0.01%,0
"2026-08-27 13:49",7731.34,7731.75,7730.94,7731.75,0.36,0.00%,0
"2026-08-27 13:50",7731.84,7732.2,7731.19,7731.51,-0.24,0.00%,0
"2026-08-27 13:51",7731.48,7731.48,7730.39,7730.95,-0.56,-0.01%,0
"2026-08-27 13:52",7730.92,7731.33,7730.28,7731.12,0.17,0.00%,0
"2026-08-27 13:53",7731.09,7731.42,7730.39,7730.41,-0.71,-0.01%,0
"2026-08-27 13:54",7730.4,7732.62,7730.36,7731.83,1.42,+0.02%,0
"2026-08-27 13:55",7731.84,7732.41,7731.46,7731.94,0.11,0.00%,0
"2026-08-27 13:56",7731.7,7732.79,7731.09,7732.79,0.85,+0.01%,0
"2026-08-27 13:57",7732.82,7732.86,7731.24,7731.24,-1.55,-0.02%,0
"2026-08-27 13:58",7731.2,7731.21,7729.89,7730.26,-0.98,-0.01%,0
"2026-08-27 13:59",7730.31,7731.13,7730.02,7730.61,0.35,0.00%,0
"2026-08-27 14:00",7730.58,7731.84,7730.57,7730.58,-0.03,0.00%,0
"2026-08-27 14:01",7730.37,7730.41,7725.05,7725.15,-5.43,-0.07%,0
"2026-08-27 14:02",7725.32,7725.87,7724.44,7725.87,0.72,+0.01%,0
"2026-08-27 14:03",7725.97,7726.66,7725.38,7726.55,0.68,+0.01%,0
"2026-08-27 14:04",7726.63,7726.63,7723.68,7723.72,-2.83,-0.04%,0
"2026-08-27 14:05",7723.67,7724.84,7723.49,7724.67,0.95,+0.01%,0
"2026-08-27 14:06",7724.66,7725.62,7724.22,7724.74,0.07,0.00%,0
"2026-08-27 14:07",7724.84,7724.87,7722.7,7723.8,-0.94,-0.01%,0
"2026-08-27 14:08",7723.76,7724,7723.28,7723.64,-0.16,0.00%,0
"2026-08-27 14:09",7723.74,7724.04,7722.2,7723.66,0.02,0.00%,0
"2026-08-27 14:10",7723.52,7723.91,7721.42,7721.76,-1.9,-0.02%,0
"2026-08-27 14:11",7721.78,7722.7,7721.33,7722.5,0.74,+0.01%,0
"2026-08-27 14:12",7722.63,7722.96,7720.96,7721.94,-0.56,-0.01%,0
"2026-08-27 14:13",7722.04,7722.62,7720.14,7720.14,-1.8,-0.02%,0
"2026-08-27 14:14",7720.16,7720.83,7718.57,7720.73,0.59,+0.01%,0
"2026-08-27 14:15",7720.84,7721.19,7720.39,7720.41,-0.32,0.00%,0
"2026-08-27 14:16",7720.64,7720.77,7719.25,7719.45,-0.96,-0.01%,0
"2026-08-27 14:17",7719.6,7720.73,7719.6,7720.64,1.19,+0.02%,0
"2026-08-27 14:18",7720.76,7722.2,7720.52,7722.2,1.56,+0.02%,0
"2026-08-27 14:19",7722.37,7722.89,7720.94,7721.09,-1.11,-0.01%,0
"2026-08-27 14:20",7721.15,7722.36,7720.79,7721.8,0.71,+0.01%,0
"2026-08-27 14:21",7721.89,7722.09,7721,7721.33,-0.47,-0.01%,0
"2026-08-27 14:22",7722.13,7722.22,7720.74,7721.24,-0.09,0.00%,0
"2026-08-27 14:23",7721.26,7721.29,7718.69,7718.69,-2.55,-0.03%,0
"2026-08-27 14:24",7718.74,7719.43,7718.4,7719.25,0.56,+0.01%,0
"2026-08-27 14:25",7719.25,7719.48,7717.32,7717.56,-1.69,-0.02%,0
"2026-08-27 14:26",7717.53,7718.02,7716.34,7716.42,-1.14,-0.01%,0
"2026-08-27 14:27",7716.43,7716.43,7713.3,7713.38,-3.04,-0.04%,0
"2026-08-27 14:28",7713.29,7714.02,7711.98,7713.4,0.02,0.00%,0
"2026-08-27 14:29",7713.41,7713.64,7711.38,7712.38,-1.02,-0.01%,0
"2026-08-27 14:30",7712.34,7714.33,7712.34,7714.14,1.76,+0.02%,0
"2026-08-27 14:31",7714.2,7716.14,7714.2,7715.85,1.71,+0.02%,0
"2026-08-27 14:32",7715.76,7717.24,7715.56,7716.85,1,+0.01%,0
"2026-08-27 14:33",7716.69,7716.69,7713.55,7713.62,-3.23,-0.04%,0
"2026-08-27 14:34",7713.4,7713.92,7712.82,7713.76,0.14,0.00%,0
"2026-08-27 14:35",7713.82,7714.68,7713.15,7714.08,0.32,0.00%,0
"2026-08-27 14:36",7714.12,7715.47,7713.74,7715.47,1.39,+0.02%,0
"2026-08-27 14:37",7715.41,7716.27,7715.07,7715.97,0.5,+0.01%,0
"2026-08-27 14:38",7715.92,7717.89,7715.55,7717.25,1.28,+0.02%,0
"2026-08-27 14:39",7717.05,7718.4,7716.5,7718.4,1.15,+0.01%,0
"2026-08-27 14:40",7718.42,7719.09,7717.59,7719.09,0.69,+0.01%,0
"2026-08-27 14:41",7719.03,7719.65,7717.46,7717.47,-1.62,-0.02%,0
"2026-08-27 14:42",7717.42,7718.3,7717.14,7717.31,-0.16,0.00%,0
"2026-08-27 14:43",7717.35,7718.14,7716.67,7717.46,0.15,0.00%,0
"2026-08-27 14:44",7717.49,7717.94,7717.01,7717.07,-0.39,-0.01%,0
"2026-08-27 14:45",7717.11,7717.77,7716.44,7716.66,-0.41,-0.01%,0
"2026-08-27 14:46",7716.72,7717.43,7715.82,7717.25,0.59,+0.01%,0
"2026-08-27 14:47",7716.96,7718.43,7716.96,7718.32,1.07,+0.01%,0
"2026-08-27 14:48",7718.4,7718.75,7717.03,7717.09,-1.23,-0.02%,0
"2026-08-27 14:49",7716.96,7717.11,7713.71,7713.71,-3.38,-0.04%,0
"2026-08-27 14:50",7713.48,7713.58,7712.25,7713.14,-0.57,-0.01%,0
"2026-08-27 14:51",7713.2,7714.09,7712.67,7714.04,0.9,+0.01%,0
"2026-08-27 14:52",7714.01,7714.36,7713.51,7713.78,-0.26,0.00%,0
"2026-08-27 14:53",7713.79,7714.42,7712.78,7712.78,-1.,-0.01%,0
"2026-08-27 14:54",7712.63,7712.67,7711.82,7711.99,-0.79,-0.01%,0
"2026-08-27 14:55",7712.01,7713.18,7710.17,7712.67,0.68,+0.01%,0
"2026-08-27 14:56",7712.55,7712.78,7711.9,7712.33,-0.34,0.00%,0
"2026-08-27 14:57",7712.34,7714.44,7712.34,7714.44,2.11,+0.03%,0
"2026-08-27 14:58",7714.45,7716.09,7714.13,7716.09,1.65,+0.02%,0
"2026-08-27 14:59",7715.95,7716.35,7715.4,7715.4,-0.69,-0.01%,0
"2026-08-27 15:00",7715.28,7716.96,7713.91,7716.93,1.53,+0.02%,0
"2026-08-27 15:01",7717,7717.35,7716.59,7716.69,-0.24,0.00%,0
"2026-08-27 15:02",7716.71,7716.99,7714.21,7714.22,-2.47,-0.03%,0
"2026-08-27 15:03",7714.16,7715.88,7714.06,7715.88,1.66,+0.02%,0
"2026-08-27 15:04",7716.14,7718.45,7715.94,7717.68,1.8,+0.02%,0
"2026-08-27 15:05",7717.7,7719.9,7716.76,7717,-0.68,-0.01%,0
"2026-08-27 15:06",7716.89,7718.61,7715.56,7718.54,1.54,+0.02%,0
"2026-08-27 15:07",7718.47,7719.8,7718.18,7718.62,0.08,0.00%,0
"2026-08-27 15:08",7718.6,7719.03,7716.46,7719.03,0.41,+0.01%,0
"2026-08-27 15:09",7719.08,7720.53,7719.08,7719.91,0.88,+0.01%,0
"2026-08-27 15:10",7719.91,7720.76,7719.64,7719.79,-0.12,0.00%,0
"2026-08-27 15:11",7719.84,7719.97,7719.17,7719.41,-0.38,0.00%,0
"2026-08-27 15:12",7719.45,7719.83,7718.85,7719.46,0.05,0.00%,0
"2026-08-27 15:13",7719.42,7720.33,7718.99,7720.14,0.68,+0.01%,0
"2026-08-27 15:14",7720.18,7720.95,7717.75,7717.93,-2.21,-0.03%,0
"2026-08-27 15:15",7717.66,7719.83,7717.66,7719.5,1.57,+0.02%,0
"2026-08-27 15:16",7719.62,7720.55,7719.62,7720.45,0.95,+0.01%,0
"2026-08-27 15:17",7720.34,7720.44,7718.73,7718.83,-1.62,-0.02%,0
"2026-08-27 15:18",7718.77,7719.53,7718.14,7719.36,0.53,+0.01%,0
"2026-08-27 15:19",7719.45,7720.55,7718.6,7720.51,1.15,+0.01%,0
"2026-08-27 15:20",7720.45,7720.46,7719.57,7719.89,-0.62,-0.01%,0
"2026-08-27 15:21",7719.92,7721.12,7719.56,7720.79,0.9,+0.01%,0
"2026-08-27 15:22",7720.21,7720.74,7719.72,7720.62,-0.17,0.00%,0
"2026-08-27 15:23",7720.49,7721.09,7720.16,7720.16,-0.46,-0.01%,0
"2026-08-27 15:24",7720.16,7720.34,7718.42,7718.57,-1.59,-0.02%,0
"2026-08-27 15:25",7718.57,7718.81,7716.94,7717.82,-0.75,-0.01%,0
"2026-08-27 15:26",7717.95,7719.3,7717.95,7718.79,0.97,+0.01%,0
"2026-08-27 15:27",7719.03,7719.03,7716.76,7716.78,-2.01,-0.03%,0
"2026-08-27 15:28",7716.76,7718.1,7716.54,7718.1,1.32,+0.02%,0
"2026-08-27 15:29",7718.01,7718.8,7717.28,7717.69,-0.41,-0.01%,0
"2026-08-27 15:30",7717.67,7719.09,7716.7,7719.01,1.32,+0.02%,0
"2026-08-27 15:31",7719.03,7721.53,7718.28,7721.53,2.52,+0.03%,0
"2026-08-27 15:32",7721.54,7721.69,7720.84,7721.16,-0.37,0.00%,0
"2026-08-27 15:33",7720.94,7722.18,7720.81,7721.65,0.49,+0.01%,0
"2026-08-27 15:34",7721.61,7723.28,7721.58,7722.72,1.07,+0.01%,0
"2026-08-27 15:35",7722.85,7724.06,7722.47,7723.89,1.17,+0.02%,0
"2026-08-27 15:36",7723.85,7723.98,7722.75,7723.32,-0.57,-0.01%,0
"2026-08-27 15:37",7723.32,7724.08,7723.07,7724.08,0.76,+0.01%,0
"2026-08-27 15:38",7723.97,7724.41,7723.3,7723.74,-0.34,0.00%,0
"2026-08-27 15:39",7723.69,7724.46,7723.38,7724.28,0.54,+0.01%,0
"2026-08-27 15:40",7724.34,7724.68,7723.9,7724.18,-0.1,0.00%,0
"2026-08-27 15:41",7724.13,7724.56,7723.56,7724.31,0.13,0.00%,0
"2026-08-27 15:42",7724.1,7724.53,7723.41,7723.41,-0.9,-0.01%,0
"2026-08-27 15:43",7723.36,7724.45,7722.56,7724.28,0.87,+0.01%,0
"2026-08-27 15:44",7724.18,7724.95,7723.92,7724.95,0.67,+0.01%,0
"2026-08-27 15:45",7724.95,7725.56,7724.2,7725.41,0.46,+0.01%,0
"2026-08-27 15:46",7725.46,7726.43,7725.1,7725.16,-0.25,0.00%,0
"2026-08-27 15:47",7725.18,7726.33,7725.16,7725.4,0.24,0.00%,0
"2026-08-27 15:48",7725.39,7726.61,7724.85,7726.2,0.8,+0.01%,0
"2026-08-27 15:49",7726.38,7726.81,7726.05,7726.67,0.47,+0.01%,0
"2026-08-27 15:50",7726.56,7726.56,7722.87,7724.01,-2.66,-0.03%,0
"2026-08-27 15:51",7724.18,7724.87,7722.87,7723.83,-0.18,0.00%,0
"2026-08-27 15:52",7723.75,7727.75,7723.75,7727.75,3.92,+0.05%,0
"2026-08-27 15:53",7727.73,7728.83,7727.28,7728.55,0.8,+0.01%,0
"2026-08-27 15:54",7728.69,7732.12,7727.79,7731.38,2.83,+0.04%,0
"2026-08-27 15:55",7731.34,7731.34,7728.57,7728.57,-2.81,-0.04%,0
"2026-08-27 15:56",7728.61,7729.52,7727.91,7728.68,0.11,0.00%,0
"2026-08-27 15:57",7728.74,7730.01,7728.14,7728.14,-0.54,-0.01%,0
"2026-08-27 15:58",7728.46,7730.84,7728.46,7729.34,1.2,+0.02%,0
"2026-08-27 15:59",7729.25,7732.14,7728.53,7730.11,0.77,+0.01%,0
"2026-08-27 16:00",7728.65,7730.79,7728.65,7730.79,0.68,+0.01%,0
"2026-08-27 16:01",7730.79,7730.79,7730.79,7730.79,0,0.00%,0
"2026-08-27 16:02",7730.79,7730.8,7730.79,7730.8,0.01,0.00%,0
"2026-08-27 16:03",7730.8,7730.85,7730.8,7730.85,0.05,0.00%,0
"2026-08-27 16:04",7730.85,7730.99,7730.85,7730.99,0.14,0.00%,0
"2026-08-27 16:05",7730.99,7730.99,7730.99,7730.99,0,0.00%,0
"2026-08-27 16:06",7730.99,7730.99,7730.99,7730.99,0,0.00%,0
"2026-08-27 16:07",7730.99,7730.99,7730.99,7730.99,0,0.00%,0
"2026-08-27 16:08",7730.99,7730.99,7730.99,7730.99,0,0.00%,0
"2026-08-27 16:09",7730.99,7730.99,7730.99,7730.99,0,0.00%,0
"2026-08-27 16:10",7730.99,7730.99,7730.99,7730.99,0,0.00%,0
"2026-08-27 16:11",7730.99,7730.99,7730.99,7730.99,0,0.00%,0
"2026-08-27 16:12",7730.99,7730.99,7730.99,7730.99,0,0.00%,0
"2026-08-27 16:13",7730.99,7730.99,7730.99,7730.99,0,0.00%,0
"2026-08-27 16:14",7730.99,7730.99,7730.99,7730.99,0,0.00%,0
"2026-08-27 16:15",7730.99,7730.99,7730.99,7730.99,0,0.00%,0
"2026-08-27 16:16",7730.99,7730.99,7730.99,7730.99,0,0.00%,0
"2026-08-27 16:17",7730.99,7730.99,7730.99,7730.99,0,0.00%,0
"2026-08-27 16:18",7730.99,7730.99,7730.99,7730.99,0,0.00%,0
"2026-08-27 16:19",7730.99,7730.99,7730.99,7730.99,0,0.00%,0
"2026-08-27 16:20",7730.99,7730.99,7730.99,7730.99,0,0.00%,0
"2026-08-27 16:58",7730.99,7730.99,7730.99,7730.99,0,0.00%,0
"2026-08-28 09:30",7735.17,7739.19,7734.16,7738.16,7.17,+0.09%,0
"2026-08-28 09:31",7736.88,7737.86,7733.99,7735.44,-2.72,-0.04%,0
"2026-08-28 09:32",7735.95,7738.32,7734.91,7737.02,1.58,+0.02%,0
"2026-08-28 09:33",7737.4,7737.76,7734.2,7736.83,-0.19,0.00%,0
"2026-08-28 09:34",7736.54,7739.18,7736.19,7738.98,2.15,+0.03%,0
"2026-08-28 09:35",7739.11,7740.1,7735.28,7737,-1.98,-0.03%,0
"2026-08-28 09:36",7737.06,7740.32,7737.06,7739.43,2.43,+0.03%,0
"2026-08-28 09:37",7739.16,7743.11,7739.16,7739.55,0.12,0.00%,0
"2026-08-28 09:38",7739.39,7741.39,7739.02,7739.71,0.16,0.00%,0
"2026-08-28 09:39",7739.63,7741.66,7738.75,7740.51,0.8,+0.01%,0
"2026-08-28 09:40",7740.41,7745.4,7740.23,7745.4,4.89,+0.06%,0
"2026-08-28 09:41",7745.52,7747.03,7744.92,7746.66,1.26,+0.02%,0
"2026-08-28 09:42",7747.04,7747.04,7743.83,7745.75,-0.91,-0.01%,0
"2026-08-28 09:43",7745.94,7745.94,7744.24,7745.36,-0.39,-0.01%,0
"2026-08-28 09:44",7745.75,7745.75,7743.85,7744.42,-0.94,-0.01%,0
"2026-08-28 09:45",7744.29,7745.01,7740.21,7742.17,-2.25,-0.03%,0
"2026-08-28 09:46",7742.14,7743.06,7741.56,7742.53,0.36,0.00%,0
"2026-08-28 09:47",7742.61,7743.77,7741.01,7743.71,1.18,+0.02%,0
"2026-08-28 09:48",7744.17,7747.37,7743.7,7746.88,3.17,+0.04%,0
"2026-08-28 09:49",7746.65,7746.8,7739.45,7740.04,-6.84,-0.09%,0
"2026-08-28 09:50",7739.4,7739.42,7737.09,7737.33,-2.71,-0.04%,0
"2026-08-28 09:51",7736.87,7737.8,7734.56,7736.69,-0.64,-0.01%,0
"2026-08-28 09:52",7736.81,7738.4,7735.99,7737.29,0.6,+0.01%,0
"2026-08-28 09:53",7737.39,7738.31,7736.65,7737.75,0.46,+0.01%,0
"2026-08-28 09:54",7737.8,7738.59,7736.42,7736.47,-1.28,-0.02%,0
"2026-08-28 09:55",7735.98,7736.93,7734.97,7735.94,-0.53,-0.01%,0
"2026-08-28 09:56",7735.99,7738.68,7735.99,7738.67,2.73,+0.04%,0
"2026-08-28 09:57",7738.11,7739.28,7736.79,7738.69,0.02,0.00%,0
"2026-08-28 09:58",7738.64,7739.45,7737.86,7739.2,0.51,+0.01%,0
"2026-08-28 09:59",7739.32,7741.82,7736.93,7736.93,-2.27,-0.03%,0
"2026-08-28 10:00",7738.36,7748.25,7734.43,7747.66,10.73,+0.14%,0
"2026-08-28 10:01",7747.49,7747.76,7738.98,7739.32,-8.34,-0.11%,0
"2026-08-28 10:02",7738.85,7741.52,7736.31,7740.38,1.06,+0.01%,0
"2026-08-28 10:03",7740.13,7740.48,7733.99,7733.99,-6.39,-0.08%,0
"2026-08-28 10:04",7733.43,7735.91,7731.55,7735.91,1.92,+0.02%,0
"2026-08-28 10:05",7735.82,7735.82,7729.32,7729.32,-6.59,-0.09%,0
"2026-08-28 10:06",7729.18,7730.01,7725.05,7727.61,-1.71,-0.02%,0
"2026-08-28 10:07",7727.64,7728.4,7725.14,7727.06,-0.55,-0.01%,0
"2026-08-28 10:08",7727.15,7730.73,7725.09,7730.73,3.67,+0.05%,0
"2026-08-28 10:09",7731.43,7733.44,7729.19,7729.19,-1.54,-0.02%,0
"2026-08-28 10:10",7728.82,7728.91,7724.89,7724.97,-4.22,-0.05%,0
"2026-08-28 10:11",7724.95,7725.69,7721.48,7723.68,-1.29,-0.02%,0
"2026-08-28 10:12",7723.69,7724.33,7720.91,7723.83,0.15,0.00%,0
"2026-08-28 10:13",7723.83,7723.83,7715.87,7717.62,-6.21,-0.08%,0
"2026-08-28 10:14",7717.66,7720.71,7717.05,7719.25,1.63,+0.02%,0
"2026-08-28 10:15",7720.05,7722.69,7719.64,7722.28,3.03,+0.04%,0
"2026-08-28 10:16",7722.11,7724.87,7720.84,7724.69,2.41,+0.03%,0
"2026-08-28 10:17",7724.55,7729.23,7724.41,7729.23,4.54,+0.06%,0
"2026-08-28 10:18",7729.15,7732.13,7728.9,7731.45,2.22,+0.03%,0
"2026-08-28 10:19",7731.25,7735.04,7731.25,7732.75,1.3,+0.02%,0
"2026-08-28 10:20",7732.4,7736.71,7732.4,7734.38,1.63,+0.02%,0
"2026-08-28 10:21",7734.1,7737.76,7734.1,7737,2.62,+0.03%,0
"2026-08-28 10:22",7736.98,7740.43,7735.79,7739.05,2.05,+0.03%,0
"2026-08-28 10:23",7739.32,7739.52,7733.63,7735.11,-3.94,-0.05%,0
"2026-08-28 10:24",7734.8,7734.8,7728.92,7733.13,-1.98,-0.03%,0
"2026-08-28 10:25",7733.25,7734.1,7730.7,7730.7,-2.43,-0.03%,0
"2026-08-28 10:26",7730.31,7730.94,7726.92,7730.94,0.24,0.00%,0
"2026-08-28 10:27",7730.73,7731.16,7724.93,7724.93,-6.01,-0.08%,0
"2026-08-28 10:28",7724.84,7727.67,7724.45,7726.74,1.81,+0.02%,0
"2026-08-28 10:29",7726.86,7730.37,7725.83,7730.37,3.63,+0.05%,0
"2026-08-28 10:30",7730.42,7731.64,7728.58,7729.66,-0.71,-0.01%,0
"2026-08-28 10:31",7729.51,7731.99,7728.17,7730.36,0.7,+0.01%,0
"2026-08-28 10:32",7730.25,7732.95,7729.85,7731.53,1.17,+0.02%,0
"2026-08-28 10:33",7731.74,7736.24,7731,7736.03,4.5,+0.06%,0
"2026-08-28 10:34",7736.19,7738.72,7736.19,7738.08,2.05,+0.03%,0
"2026-08-28 10:35",7738.49,7740.06,7737.67,7738.78,0.7,+0.01%,0
"2026-08-28 10:36",7739.58,7741.75,7739.23,7740.34,1.56,+0.02%,0
"2026-08-28 10:37",7740.76,7742.18,7740.37,7741.51,1.17,+0.02%,0
"2026-08-28 10:38",7741.54,7744.49,7741.06,7742.72,1.21,+0.02%,0
"2026-08-28 10:39",7743.04,7743.78,7741.75,7741.75,-0.97,-0.01%,0
"2026-08-28 10:40",7741.53,7745.67,7741.11,7745.34,3.59,+0.05%,0
"2026-08-28 10:41",7745.49,7746.34,7744.59,7744.79,-0.55,-0.01%,0
"2026-08-28 10:42",7744.64,7747.34,7744.64,7747.02,2.23,+0.03%,0
"2026-08-28 10:43",7747,7748.63,7746.41,7748.3,1.28,+0.02%,0
"2026-08-28 10:44",7748.44,7753.31,7748.44,7752.73,4.43,+0.06%,0
"2026-08-28 10:45",7752.69,7753.52,7750.51,7750.51,-2.22,-0.03%,0
"2026-08-28 10:46",7750.3,7754.32,7750.26,7753.82,3.31,+0.04%,0
"2026-08-28 10:47",7753.88,7755.14,7752.59,7752.66,-1.16,-0.01%,0
"2026-08-28 10:48",7752.85,7756.22,7752.85,7755.25,2.59,+0.03%,0
"2026-08-28 10:49",7755.19,7756.15,7754.48,7756.06,0.81,+0.01%,0
"2026-08-28 10:50",7756.17,7759.62,7755.63,7759.11,3.05,+0.04%,0
"2026-08-28 10:51",7758.77,7759.18,7757.03,7758.18,-0.93,-0.01%,0
"2026-08-28 10:52",7758.1,7760.64,7757.97,7760.63,2.45,+0.03%,0
"2026-08-28 10:53",7760.69,7763.45,7759.92,7763.01,2.38,+0.03%,0
"2026-08-28 10:54",7762.95,7765.03,7762.95,7763.7,0.69,+0.01%,0
"2026-08-28 10:55",7763.45,7765.36,7762.95,7765.26,1.56,+0.02%,0
"2026-08-28 10:56",7765.06,7766.47,7765.06,7766.26,1,+0.01%,0
"2026-08-28 10:57",7765.95,7767.15,7765.68,7766.72,0.46,+0.01%,0
"2026-08-28 10:58",7766.69,7767.23,7766.27,7766.81,0.09,0.00%,0
"2026-08-28 10:59",7767.19,7768.37,7766.44,7767.85,1.04,+0.01%,0
"2026-08-28 11:00",7768.36,7770.6,7767.36,7770.6,2.75,+0.04%,0
"2026-08-28 11:01",7770.44,7771.48,7769.21,7769.21,-1.39,-0.02%,0
"2026-08-28 11:02",7768.95,7769.79,7767.67,7768.39,-0.82,-0.01%,0
"2026-08-28 11:03",7768.39,7768.97,7766.71,7768.12,-0.27,0.00%,0
"2026-08-28 11:04",7768.44,7769.44,7766.97,7768.04,-0.08,0.00%,0
"2026-08-28 11:05",7767.99,7768.29,7766.48,7767.17,-0.87,-0.01%,0
"2026-08-28 11:06",7767.2,7768.05,7766.29,7766.58,-0.59,-0.01%,0
"2026-08-28 11:07",7766.8,7766.98,7765.06,7766.78,0.2,0.00%,0
"2026-08-28 11:08",7766.61,7766.61,7761.59,7761.83,-4.95,-0.06%,0
"2026-08-28 11:09",7762.01,7762.05,7759.43,7760.24,-1.59,-0.02%,0
"2026-08-28 11:10",7760.4,7761.89,7760.02,7761.69,1.45,+0.02%,0
"2026-08-28 11:11",7761.01,7761.01,7757.88,7759.76,-1.93,-0.02%,0
"2026-08-28 11:12",7759.74,7759.74,7756.55,7759.16,-0.6,-0.01%,0
"2026-08-28 11:13",7759.39,7759.85,7758.4,7759.7,0.54,+0.01%,0
"2026-08-28 11:14",7759.97,7762.02,7759.29,7759.83,0.13,0.00%,0
"2026-08-28 11:15",7759.89,7763.99,7759.87,7762.55,2.72,+0.04%,0
"2026-08-28 11:16",7762.41,7764.06,7761.9,7762.23,-0.32,0.00%,0
"2026-08-28 11:17",7762.35,7763.22,7761.15,7762.89,0.66,+0.01%,0
"2026-08-28 11:18",7762.91,7763.58,7760.63,7760.95,-1.94,-0.02%,0
"2026-08-28 11:19",7760.95,7762.37,7760.73,7760.86,-0.09,0.00%,0
"2026-08-28 11:20",7760.82,7765.2,7760.82,7765.2,4.34,+0.06%,0
"2026-08-28 11:21",7765.25,7765.25,7761.83,7762.37,-2.83,-0.04%,0
"2026-08-28 11:22",7762.39,7762.96,7761.57,7762.21,-0.16,0.00%,0
"2026-08-28 11:23",7762.26,7766.34,7762.15,7765.49,3.28,+0.04%,0
"2026-08-28 11:24",7765.74,7767.08,7765.74,7766.22,0.73,+0.01%,0
"2026-08-28 11:25",7766.17,7768.76,7765.97,7768.62,2.4,+0.03%,0
"2026-08-28 11:26",7768.66,7769.81,7768.19,7769.03,0.41,+0.01%,0
"2026-08-28 11:27",7768.87,7769.05,7766.93,7767.25,-1.78,-0.02%,0
"2026-08-28 11:28",7767.43,7768.25,7766.33,7768.11,0.86,+0.01%,0
"2026-08-28 11:29",7768.13,7768.21,7766.83,7767.92,-0.19,0.00%,0
"2026-08-28 11:30",7767.99,7768.18,7765.96,7766.68,-1.24,-0.02%,0
"2026-08-28 11:31",7766.65,7766.7,7764.67,7764.67,-2.01,-0.03%,0
"2026-08-28 11:32",7764.84,7766.19,7764.72,7765.98,1.31,+0.02%,0
"2026-08-28 11:33",7765.9,7766.78,7765.7,7765.9,-0.08,0.00%,0
"2026-08-28 11:34",7765.8,7765.92,7762.96,7762.99,-2.91,-0.04%,0
"2026-08-28 11:35",7762.89,7763.59,7762.12,7762.84,-0.15,0.00%,0
"2026-08-28 11:36",7762.59,7763.45,7761.67,7762.1,-0.74,-0.01%,0
"2026-08-28 11:37",7762.1,7762.1,7760.4,7760.4,-1.7,-0.02%,0
"2026-08-28 11:38",7760.29,7760.29,7756.96,7756.96,-3.44,-0.04%,0
"2026-08-28 11:39",7756.91,7756.91,7754.14,7754.56,-2.4,-0.03%,0
"2026-08-28 11:40",7754.59,7754.59,7747.07,7747.07,-7.49,-0.10%,0
"2026-08-28 11:41",7746.61,7750.24,7745.19,7749.88,2.81,+0.04%,0
"2026-08-28 11:42",7749.97,7750.39,7747.46,7747.46,-2.42,-0.03%,0
"2026-08-28 11:43",7747.65,7750.08,7746.77,7749.28,1.82,+0.02%,0
"2026-08-28 11:44",7749.13,7749.22,7745.18,7745.58,-3.7,-0.05%,0
"2026-08-28 11:45",7745.67,7747.47,7744.4,7746.51,0.93,+0.01%,0
"2026-08-28 11:46",7746.35,7746.89,7744.84,7745.35,-1.16,-0.01%,0
"2026-08-28 11:47",7745.43,7747.2,7743.19,7743.31,-2.04,-0.03%,0
"2026-08-28 11:48",7743.39,7743.39,7740.47,7742.01,-1.3,-0.02%,0
"2026-08-28 11:49",7742,7742,7739.52,7740.27,-1.74,-0.02%,0
"2026-08-28 11:50",7740.42,7742.39,7739.19,7739.54,-0.73,-0.01%,0
"2026-08-28 11:51",7739.24,7740.41,7735.94,7736.1,-3.44,-0.04%,0
"2026-08-28 11:52",7736,7736,7732.68,7733.07,-3.03,-0.04%,0
"2026-08-28 11:53",7733.24,7737.22,7733.08,7735.15,2.08,+0.03%,0
"2026-08-28 11:54",7734.65,7738.93,7733.51,7738.77,3.62,+0.05%,0
"2026-08-28 11:55",7738.78,7739.04,7733.57,7733.57,-5.2,-0.07%,0
"2026-08-28 11:56",7733.92,7733.92,7728.38,7728.6,-4.97,-0.06%,0
"2026-08-28 11:57",7728.55,7728.63,7726.42,7727.93,-0.67,-0.01%,0
"2026-08-28 11:58",7727.76,7730.37,7727.2,7729.43,1.5,+0.02%,0
"2026-08-28 11:59",7729.46,7729.57,7727.12,7728.82,-0.61,-0.01%,0
"2026-08-28 12:00",7728.49,7729.81,7727.92,7728.09,-0.73,-0.01%,0
"2026-08-28 12:01",7727.73,7727.73,7722.38,7725.05,-3.04,-0.04%,0
"2026-08-28 12:02",7725.05,7727.56,7724.13,7727.56,2.51,+0.03%,0
"2026-08-28 12:03",7727.75,7730.21,7726.98,7728.61,1.05,+0.01%,0
"2026-08-28 12:04",7728.78,7729.7,7725.07,7726.1,-2.51,-0.03%,0
"2026-08-28 12:05",7725.8,7728.71,7725.28,7728.71,2.61,+0.03%,0
"2026-08-28 12:06",7728.9,7729.7,7726.07,7728.41,-0.3,0.00%,0
"2026-08-28 12:07",7728.97,7732.4,7728.97,7732.15,3.74,+0.05%,0
"2026-08-28 12:08",7732.32,7732.81,7730.42,7732.55,0.4,+0.01%,0
"2026-08-28 12:09",7732.6,7734.31,7732.58,7733.5,0.95,+0.01%,0
"2026-08-28 12:10",7733.65,7733.69,7731.69,7733.64,0.14,0.00%,0
"2026-08-28 12:11",7733.99,7733.99,7729.47,7729.5,-4.14,-0.05%,0
"2026-08-28 12:12",7729.49,7730.97,7729.15,7730.17,0.67,+0.01%,0
"2026-08-28 12:13",7730.09,7730.38,7728.59,7729.77,-0.4,-0.01%,0
"2026-08-28 12:14",7729.6,7730.57,7728.25,7728.3,-1.47,-0.02%,0
"2026-08-28 12:15",7728.45,7730.26,7724.03,7724.03,-4.27,-0.06%,0
"2026-08-28 12:16",7723.96,7724.03,7722,7722.58,-1.45,-0.02%,0
"2026-08-28 12:17",7722.75,7723.77,7721.69,7721.81,-0.77,-0.01%,0
"2026-08-28 12:18",7722.02,7722.08,7716.3,7717.01,-4.8,-0.06%,0
"2026-08-28 12:19",7716.66,7720.22,7716.49,7720.02,3.01,+0.04%,0
"2026-08-28 12:20",7719.88,7721.09,7716.51,7716.68,-3.34,-0.04%,0
"2026-08-28 12:21",7716.9,7717.81,7714.12,7717.77,1.09,+0.01%,0
"2026-08-28 12:22",7718.15,7718.15,7714.48,7715.03,-2.74,-0.04%,0
"2026-08-28 12:23",7715.03,7715.46,7713.95,7715.13,0.1,0.00%,0
"2026-08-28 12:24",7714.87,7714.99,7709.79,7712.95,-2.18,-0.03%,0
"2026-08-28 12:25",7712.9,7713.51,7711.11,7713.31,0.36,0.00%,0
"2026-08-28 12:26",7713.29,7715.53,7712.67,7713.92,0.61,+0.01%,0
"2026-08-28 12:27",7713.8,7714.9,7713.27,7714.77,0.85,+0.01%,0
"2026-08-28 12:28",7714.98,7716.11,7713.7,7713.88,-0.89,-0.01%,0
"2026-08-28 12:29",7713.78,7714.59,7713.17,7714.12,0.24,0.00%,0
"2026-08-28 12:30",7713.79,7717.52,7713.67,7717.46,3.34,+0.04%,0
"2026-08-28 12:31",7717.45,7719.67,7717.09,7718.65,1.19,+0.02%,0
"2026-08-28 12:32",7718.84,7722.8,7718.15,7721.88,3.23,+0.04%,0
"2026-08-28 12:33",7721.82,7722.26,7718.54,7719.54,-2.34,-0.03%,0
"2026-08-28 12:34",7719.31,7719.36,7714.54,7714.61,-4.93,-0.06%,0
"2026-08-28 12:35",7714.56,7719.49,7714.39,7719.49,4.88,+0.06%,0
"2026-08-28 12:36",7719.59,7721.95,7719.3,7721.41,1.92,+0.02%,0
"2026-08-28 12:37",7721.21,7722.89,7719.8,7722.59,1.18,+0.02%,0
"2026-08-28 12:38",7722.61,7723.6,7721.59,7722.33,-0.26,0.00%,0
"2026-08-28 12:39",7722.28,7722.41,7719.02,7720.86,-1.47,-0.02%,0
"2026-08-28 12:40",7720.86,7721.02,7716.49,7716.78,-4.08,-0.05%,0
"2026-08-28 12:41",7716.76,7717.66,7715.28,7715.8,-0.98,-0.01%,0
"2026-08-28 12:42",7715.87,7717.01,7714.99,7715.31,-0.49,-0.01%,0
"2026-08-28 12:43",7715.56,7715.81,7713.77,7714.78,-0.53,-0.01%,0
"2026-08-28 12:44",7714.67,7714.67,7713.77,7714.56,-0.22,0.00%,0
"2026-08-28 12:45",7714.57,7721.47,7714.57,7721.47,6.91,+0.09%,0
"2026-08-28 12:46",7721.85,7723.37,7721.09,7721.83,0.36,0.00%,0
"2026-08-28 12:47",7721.84,7723.14,7721.32,7722.07,0.24,0.00%,0
"2026-08-28 12:48",7722.01,7723.17,7721.18,7722.67,0.6,+0.01%,0
"2026-08-28 12:49",7722.74,7723.77,7720.9,7721.56,-1.11,-0.01%,0
"2026-08-28 12:50",7721.75,7722.13,7719.04,7719.82,-1.74,-0.02%,0
"2026-08-28 12:51",7719.87,7723.11,7719.82,7722.42,2.6,+0.03%,0
"2026-08-28 12:52",7722.45,7724.32,7722.03,7724.32,1.9,+0.02%,0
"2026-08-28 12:53",7724.53,7724.53,7720.24,7720.34,-3.98,-0.05%,0
"2026-08-28 12:54",7720.36,7721.75,7716.98,7717.21,-3.13,-0.04%,0
"2026-08-28 12:55",7717.22,7717.97,7716.97,7717.74,0.53,+0.01%,0
"2026-08-28 12:56",7717.84,7717.84,7715.53,7715.96,-1.78,-0.02%,0
"2026-08-28 12:57",7716.21,7718.02,7715.92,7718.02,2.06,+0.03%,0
"2026-08-28 12:58",7718.28,7718.94,7717.22,7717.73,-0.29,0.00%,0
"2026-08-28 12:59",7717.63,7717.63,7715.1,7715.15,-2.58,-0.03%,0
"2026-08-28 13:00",7715.06,7715.06,7706.87,7706.96,-8.19,-0.11%,0
"2026-08-28 13:01",7706.85,7707.39,7706.01,7706.78,-0.18,0.00%,0
"2026-08-28 13:02",7706.58,7708.49,7704.97,7708.05,1.27,+0.02%,0
"2026-08-28 13:03",7708.03,7710.25,7707.57,7709.84,1.79,+0.02%,0
"2026-08-28 13:04",7709.95,7712.01,7708.26,7708.26,-1.58,-0.02%,0
"2026-08-28 13:05",7708.28,7708.28,7706.01,7706.36,-1.9,-0.02%,0
"2026-08-28 13:06",7706.46,7707.05,7703.59,7703.59,-2.77,-0.04%,0
"2026-08-28 13:07",7703.74,7705.08,7703.25,7704.66,1.07,+0.01%,0
"2026-08-28 13:08",7704.53,7705.93,7704.3,7705.93,1.27,+0.02%,0
"2026-08-28 13:09",7705.78,7705.87,7703.4,7703.43,-2.5,-0.03%,0
"2026-08-28 13:10",7703.05,7703.28,7701.35,7703.25,-0.18,0.00%,0
"2026-08-28 13:11",7703.27,7706.01,7703.27,7705.77,2.52,+0.03%,0
"2026-08-28 13:12",7705.95,7708.89,7705.95,7707.53,1.76,+0.02%,0
"2026-08-28 13:13",7707.63,7709.52,7707.24,7709.51,1.98,+0.03%,0
"2026-08-28 13:14",7709.49,7711.01,7708.99,7710.91,1.4,+0.02%,0
"2026-08-28 13:15",7711.13,7711.63,7708.08,7709.25,-1.66,-0.02%,0
"2026-08-28 13:16",7709.28,7709.36,7707.86,7708.83,-0.42,-0.01%,0
"2026-08-28 13:17",7708.79,7711.28,7708.15,7711.28,2.45,+0.03%,0
"2026-08-28 13:18",7711.23,7711.54,7708.87,7708.91,-2.37,-0.03%,0
"2026-08-28 13:19",7708.82,7710.87,7708.82,7709.81,0.9,+0.01%,0
"2026-08-28 13:20",7709.8,7710.22,7707.68,7707.68,-2.13,-0.03%,0
"2026-08-28 13:21",7707.57,7707.57,7705.42,7706.89,-0.79,-0.01%,0
"2026-08-28 13:22",7706.99,7707.56,7704.31,7704.38,-2.51,-0.03%,0
"2026-08-28 13:23",7704.51,7707.57,7704.4,7705.19,0.81,+0.01%,0
"2026-08-28 13:24",7704.6,7707.01,7704.6,7706.99,1.8,+0.02%,0
"2026-08-28 13:25",7707.28,7708.12,7705.78,7706.24,-0.75,-0.01%,0
"2026-08-28 13:26",7706.22,7708.12,7706.01,7706.98,0.74,+0.01%,0
"2026-08-28 13:27",7706.97,7708.45,7706.7,7708.33,1.35,+0.02%,0
"2026-08-28 13:28",7708.14,7711.33,7708.11,7710.59,2.26,+0.03%,0
"2026-08-28 13:29",7710.5,7710.64,7706.73,7707.09,-3.5,-0.05%,0
"2026-08-28 13:30",7706.8,7707.74,7705.81,7706.83,-0.26,0.00%,0
"2026-08-28 13:31",7706.96,7708.68,7706.42,7708.67,1.84,+0.02%,0
"2026-08-28 13:32",7708.83,7710.4,7708.09,7710.4,1.73,+0.02%,0
"2026-08-28 13:33",7710.36,7712.58,7710.36,7712.09,1.69,+0.02%,0
"2026-08-28 13:34",7712.17,7712.17,7711.34,7711.52,-0.57,-0.01%,0
"2026-08-28 13:35",7711.51,7712.82,7711.51,7712.49,0.97,+0.01%,0
"2026-08-28 13:36",7712.57,7712.88,7711.42,7712,-0.49,-0.01%,0
"2026-08-28 13:37",7712.13,7712.68,7709.38,7710.39,-1.61,-0.02%,0
"2026-08-28 13:38",7710.44,7710.97,7709.48,7709.56,-0.83,-0.01%,0
"2026-08-28 13:39",7709.7,7709.87,7704.76,7705,-4.56,-0.06%,0
"2026-08-28 13:40",7704.84,7707.2,7704.78,7706.53,1.53,+0.02%,0
"2026-08-28 13:41",7706.51,7707.46,7706.24,7706.93,0.4,+0.01%,0
"2026-08-28 13:42",7707.18,7709.08,7706.83,7708.92,1.99,+0.03%,0
"2026-08-28 13:43",7708.84,7709.22,7707.89,7708.04,-0.88,-0.01%,0
"2026-08-28 13:44",7708.11,7708.83,7706.69,7708.46,0.42,+0.01%,0
"2026-08-28 13:45",7708.53,7709.88,7707.3,7709.81,1.35,+0.02%,0
"2026-08-28 13:46",7709.79,7713.49,7709.59,7712.99,3.18,+0.04%,0
"2026-08-28 13:47",7712.94,7713.28,7712.11,7712.11,-0.88,-0.01%,0
"2026-08-28 13:48",7711.74,7713.75,7711.72,7713.44,1.33,+0.02%,0
"2026-08-28 13:49",7713.66,7714.88,7713.53,7714.43,0.99,+0.01%,0
"2026-08-28 13:50",7714.37,7714.38,7713.15,7713.15,-1.28,-0.02%,0
"2026-08-28 13:51",7713.12,7714.03,7712.65,7713.89,0.74,+0.01%,0
"2026-08-28 13:52",7713.87,7715.12,7713.84,7713.84,-0.05,0.00%,0
"2026-08-28 13:53",7713.7,7714.26,7713.51,7713.74,-0.1,0.00%,0
"2026-08-28 13:54",7713.83,7714.1,7712.9,7713.3,-0.44,-0.01%,0
"2026-08-28 13:55",7713.21,7713.23,7709.24,7709.53,-3.77,-0.05%,0
"2026-08-28 13:56",7709.52,7710.13,7709.15,7709.7,0.17,0.00%,0
"2026-08-28 13:57",7709.68,7711.58,7709.53,7710.68,0.98,+0.01%,0
"2026-08-28 13:58",7710.63,7712.84,7710.54,7712.84,2.16,+0.03%,0
"2026-08-28 13:59",7712.79,7713.52,7712.57,7713.32,0.48,+0.01%,0
"2026-08-28 14:00",7713.4,7714.17,7712.92,7712.92,-0.4,-0.01%,0
"2026-08-28 14:01",7712.94,7713.22,7711.27,7712.29,-0.63,-0.01%,0
"2026-08-28 14:02",7712.42,7714.77,7712.04,7714.7,2.41,+0.03%,0
"2026-08-28 14:03",7714.71,7715.1,7713.74,7714.74,0.04,0.00%,0
"2026-08-28 14:04",7714.84,7715.4,7713.01,7713.15,-1.59,-0.02%,0
"2026-08-28 14:05",7713.08,7714.93,7712.8,7713.13,-0.02,0.00%,0
"2026-08-28 14:06",7713.24,7713.85,7711.93,7711.99,-1.14,-0.01%,0
"2026-08-28 14:07",7712.12,7714.31,7712.12,7713.07,1.08,+0.01%,0
"2026-08-28 14:08",7712.89,7713.27,7711.81,7713.22,0.15,0.00%,0
"2026-08-28 14:09",7713.21,7714.63,7712.72,7713.17,-0.05,0.00%,0
"2026-08-28 14:10",7713.31,7714.57,7713.31,7714.45,1.28,+0.02%,0
"2026-08-28 14:11",7714.53,7715.31,7713.43,7714.87,0.42,+0.01%,0
"2026-08-28 14:12",7714.98,7715.23,7714.1,7714.83,-0.04,0.00%,0
"2026-08-28 14:13",7714.89,7714.98,7712.67,7712.74,-2.09,-0.03%,0
"2026-08-28 14:14",7712.71,7712.71,7710.22,7710.26,-2.48,-0.03%,0
"2026-08-28 14:15",7710.24,7712.22,7710.12,7712.22,1.96,+0.03%,0
"2026-08-28 14:16",7712.17,7712.58,7711.24,7711.24,-0.98,-0.01%,0
"2026-08-28 14:17",7711.04,7711.33,7710,7710.94,-0.3,0.00%,0
"2026-08-28 14:18",7710.83,7712.48,7710.83,7711.84,0.9,+0.01%,0
"2026-08-28 14:19",7711.82,7712.75,7711.61,7712.23,0.39,+0.01%,0
"2026-08-28 14:20",7712.18,7713.44,7711.95,7712.3,0.07,0.00%,0
"2026-08-28 14:21",7712.35,7712.83,7711.77,7712.61,0.31,0.00%,0
"2026-08-28 14:22",7712.66,7713.01,7711.48,7711.6,-1.01,-0.01%,0
"2026-08-28 14:23",7711.6,7711.6,7707.29,7707.38,-4.22,-0.05%,0
"2026-08-28 14:24",7707.47,7708.93,7707.47,7708.53,1.15,+0.01%,0
"2026-08-28 14:25",7708.63,7708.77,7707.15,7707.75,-0.78,-0.01%,0
"2026-08-28 14:26",7707.98,7709.27,7707.85,7709.13,1.38,+0.02%,0
"2026-08-28 14:27",7709.09,7710.72,7709.09,7709.5,0.37,0.00%,0
"2026-08-28 14:28",7709.54,7709.87,7709.03,7709.82,0.32,0.00%,0
"2026-08-28 14:29",7709.71,7710.02,7708.3,7708.36,-1.46,-0.02%,0
"2026-08-28 14:30",7708.41,7709,7708.04,7708.12,-0.24,0.00%,0
"2026-08-28 14:31",7708.09,7710,7707.76,7709.7,1.58,+0.02%,0
"2026-08-28 14:32",7709.69,7710.05,7708.71,7708.71,-0.99,-0.01%,0
"2026-08-28 14:33",7708.71,7709.23,7707.93,7709.13,0.42,+0.01%,0
"2026-08-28 14:34",7709.28,7712.25,7709.28,7711.45,2.32,+0.03%,0
"2026-08-28 14:35",7711.42,7713.05,7711.3,7712.03,0.58,+0.01%,0
"2026-08-28 14:36",7711.84,7711.98,7710.12,7710.29,-1.74,-0.02%,0
"2026-08-28 14:37",7710.34,7710.96,7709.5,7709.5,-0.79,-0.01%,0
"2026-08-28 14:38",7709.53,7709.72,7708.68,7709.57,0.07,0.00%,0
"2026-08-28 14:39",7709.57,7710.16,7708.69,7708.69,-0.88,-0.01%,0
"2026-08-28 14:40",7708.63,7711.29,7708.63,7711.13,2.44,+0.03%,0
"2026-08-28 14:41",7711.28,7711.3,7709.85,7709.87,-1.26,-0.02%,0
"2026-08-28 14:42",7709.83,7709.83,7707.97,7708.5,-1.37,-0.02%,0
"2026-08-28 14:43",7708.52,7709.16,7708.01,7708.71,0.21,0.00%,0
"2026-08-28 14:44",7708.72,7710.67,7708.72,7710.48,1.77,+0.02%,0
"2026-08-28 14:45",7710.53,7710.53,7708.93,7709.12,-1.36,-0.02%,0
"2026-08-28 14:46",7709.16,7709.29,7707.85,7708.01,-1.11,-0.01%,0
"2026-08-28 14:47",7708.02,7708.72,7707.73,7708.36,0.35,0.00%,0
"2026-08-28 14:48",7708.28,7708.28,7705.53,7705.58,-2.78,-0.04%,0
"2026-08-28 14:49",7705.47,7706.17,7704.9,7705.22,-0.36,0.00%,0
"2026-08-28 14:50",7705.17,7705.17,7701.74,7702.23,-2.99,-0.04%,0
"2026-08-28 14:51",7702.02,7703.1,7701.41,7702.89,0.66,+0.01%,0
"2026-08-28 14:52",7702.73,7702.95,7700.91,7701.11,-1.78,-0.02%,0
"2026-08-28 14:53",7701.12,7704.09,7701.01,7704.09,2.98,+0.04%,0
"2026-08-28 14:54",7704.04,7704.12,7702.7,7702.81,-1.28,-0.02%,0
"2026-08-28 14:55",7702.88,7702.88,7701.37,7702.49,-0.32,0.00%,0
"2026-08-28 14:56",7702.6,7704.24,7702.54,7704.24,1.75,+0.02%,0
"2026-08-28 14:57",7704.23,7704.79,7703.72,7704.21,-0.03,0.00%,0
"2026-08-28 14:58",7704.36,7704.62,7703.27,7704.52,0.31,0.00%,0
"2026-08-28 14:59",7704.85,7705.62,7704.32,7704.32,-0.2,0.00%,0
"2026-08-28 15:00",7704.57,7705.37,7702.49,7702.54,-1.78,-0.02%,0
"2026-08-28 15:01",7702.47,7706.28,7702.47,7706.28,3.74,+0.05%,0
"2026-08-28 15:02",7706.48,7706.94,7704.87,7705.37,-0.91,-0.01%,0
"2026-08-28 15:03",7705.23,7706.34,7704.97,7706.27,0.9,+0.01%,0
"2026-08-28 15:04",7706.14,7706.76,7705.01,7705.31,-0.96,-0.01%,0
"2026-08-28 15:05",7705.27,7707.61,7704.93,7707.22,1.91,+0.02%,0
"2026-08-28 15:06",7707.34,7707.62,7705.47,7705.54,-1.68,-0.02%,0
"2026-08-28 15:07",7705.34,7707.48,7705.18,7707.48,1.94,+0.03%,0
"2026-08-28 15:08",7707.5,7709.03,7706.98,7708.35,0.87,+0.01%,0
"2026-08-28 15:09",7708.25,7710.94,7708.05,7710.94,2.59,+0.03%,0
"2026-08-28 15:10",7710.86,7711.08,7708.2,7709.26,-1.68,-0.02%,0
"2026-08-28 15:11",7709.39,7710.3,7708.7,7709.18,-0.08,0.00%,0
"2026-08-28 15:12",7709.12,7709.73,7708.75,7709.62,0.44,+0.01%,0
"2026-08-28 15:13",7709.29,7709.29,7707.79,7708.72,-0.9,-0.01%,0
"2026-08-28 15:14",7708.65,7709.9,7707.29,7709.84,1.12,+0.01%,0
"2026-08-28 15:15",7709.87,7710.09,7708.92,7709.21,-0.63,-0.01%,0
"2026-08-28 15:16",7709.24,7709.55,7708.54,7708.76,-0.45,-0.01%,0
"2026-08-28 15:17",7708.66,7708.66,7707.99,7708.17,-0.59,-0.01%,0
"2026-08-28 15:18",7708.14,7708.56,7707.61,7708.1,-0.07,0.00%,0
"2026-08-28 15:19",7708.14,7710.12,7707.93,7709.97,1.87,+0.02%,0
"2026-08-28 15:20",7709.94,7711.61,7709.93,7711.48,1.51,+0.02%,0
"2026-08-28 15:21",7711.55,7712.5,7710.7,7711.11,-0.37,0.00%,0
"2026-08-28 15:22",7711.24,7712.01,7711.14,7711.33,0.22,0.00%,0
"2026-08-28 15:23",7711.28,7711.31,7709.6,7709.67,-1.66,-0.02%,0
"2026-08-28 15:24",7709.47,7710.67,7709.32,7710.43,0.76,+0.01%,0
"2026-08-28 15:25",7710.53,7712.08,7710.47,7712.08,1.65,+0.02%,0
"2026-08-28 15:26",7712.12,7712.46,7711.67,7712.26,0.18,0.00%,0
"2026-08-28 15:27",7712.33,7713.47,7712.28,7713.36,1.1,+0.01%,0
"2026-08-28 15:28",7713.36,7713.44,7712.19,7712.19,-1.17,-0.02%,0
"2026-08-28 15:29",7712.04,7712.93,7711.45,7712.56,0.37,0.00%,0
"2026-08-28 15:30",7712.7,7712.7,7710.13,7711.72,-0.84,-0.01%,0
"2026-08-28 15:31",7711.51,7711.91,7710.92,7710.92,-0.8,-0.01%,0
"2026-08-28 15:32",7710.85,7711.86,7710.65,7711.57,0.65,+0.01%,0
"2026-08-28 15:33",7711.64,7712.01,7710.7,7711.35,-0.22,0.00%,0
"2026-08-28 15:34",7711.33,7711.91,7710.82,7711.73,0.38,0.00%,0
"2026-08-28 15:35",7711.68,7711.68,7710.14,7710.59,-1.14,-0.01%,0
"2026-08-28 15:36",7710.58,7710.81,7709.42,7710.46,-0.13,0.00%,0
"2026-08-28 15:37",7710.49,7710.79,7709.96,7710.57,0.11,0.00%,0
"2026-08-28 15:38",7710.58,7711.9,7710.3,7711.67,1.1,+0.01%,0
"2026-08-28 15:39",7711.52,7713.2,7710.89,7712.9,1.23,+0.02%,0
"2026-08-28 15:40",7712.87,7714.94,7712.72,7713.79,0.89,+0.01%,0
"2026-08-28 15:41",7713.75,7714.33,7712.98,7714.08,0.29,0.00%,0
"2026-08-28 15:42",7714.11,7714.49,7713.38,7713.79,-0.29,0.00%,0
"2026-08-28 15:43",7713.9,7714.97,7713.65,7714.86,1.07,+0.01%,0
"2026-08-28 15:44",7715.06,7715.24,7713.65,7713.74,-1.12,-0.01%,0
"2026-08-28 15:45",7713.77,7714.64,7710.85,7711.22,-2.52,-0.03%,0
"2026-08-28 15:46",7711.39,7712.52,7709.95,7710.49,-0.73,-0.01%,0
"2026-08-28 15:47",7710.6,7710.86,7708.44,7708.64,-1.85,-0.02%,0
"2026-08-28 15:48",7708.59,7708.87,7707.74,7708.36,-0.28,0.00%,0
"2026-08-28 15:49",7708.25,7710.29,7707.93,7710.08,1.72,+0.02%,0
"2026-08-28 15:50",7709.94,7714.93,7709.94,7714.84,4.76,+0.06%,0
"2026-08-28 15:51",7714.82,7715.12,7709.1,7710.29,-4.55,-0.06%,0
"2026-08-28 15:52",7710.19,7711.31,7709.72,7710.22,-0.07,0.00%,0
"2026-08-28 15:53",7710.07,7710.34,7708.98,7709.07,-1.15,-0.01%,0
"2026-08-28 15:54",7709.13,7711.44,7709.13,7711.24,2.17,+0.03%,0
"2026-08-28 15:55",7711.02,7714.12,7711.02,7713.73,2.49,+0.03%,0
"2026-08-28 15:56",7713.79,7714.97,7713.79,7714.74,1.01,+0.01%,0
"2026-08-28 15:57",7714.91,7716.14,7714.65,7715.06,0.32,0.00%,0
"2026-08-28 15:58",7715.04,7715.62,7712.48,7713.81,-1.25,-0.02%,0
"2026-08-28 15:59",7714.51,7715.02,7709.82,7709.9,-3.91,-0.05%,0
"2026-08-28 16:00",7711.23,7711.49,7711.23,7711.48,1.58,+0.02%,0
"2026-08-28 16:01",7711.48,7711.48,7711.47,7711.48,0,0.00%,0
"2026-08-28 16:02",7711.48,7711.49,7711.47,7711.47,-0.01,0.00%,0
"2026-08-28 16:03",7711.47,7711.71,7711.47,7711.7,0.23,0.00%,0
"2026-08-28 16:04",7711.7,7711.76,7711.7,7711.76,0.06,0.00%,0
"2026-08-28 16:05",7711.76,7711.76,7711.76,7711.76,0,0.00%,0
"2026-08-28 16:06",7711.76,7711.76,7711.76,7711.76,0,0.00%,0
"2026-08-28 16:07",7711.76,7711.76,7711.76,7711.76,0,0.00%,0
"2026-08-28 16:08",7711.76,7711.76,7711.76,7711.76,0,0.00%,0
"2026-08-28 16:09",7711.76,7711.76,7711.76,7711.76,0,0.00%,0
"2026-08-28 16:10",7711.76,7711.76,7711.76,7711.76,0,0.00%,0
"2026-08-28 16:11",7711.76,7711.76,7711.76,7711.76,0,0.00%,0
"2026-08-28 16:12",7711.76,7711.76,7711.76,7711.76,0,0.00%,0
"2026-08-28 16:13",7711.76,7711.76,7711.76,7711.76,0,0.00%,0
"2026-08-28 16:14",7711.76,7711.76,7711.76,7711.76,0,0.00%,0
"2026-08-28 16:15",7711.76,7711.76,7711.76,7711.76,0,0.00%,0
"2026-08-28 16:16",7711.76,7711.76,7711.76,7711.76,0,0.00%,0
"2026-08-28 16:17",7711.76,7711.76,7711.76,7711.76,0,0.00%,0
"2026-08-28 16:18",7711.76,7711.76,7711.76,7711.76,0,0.00%,0
"2026-08-28 16:19",7711.76,7711.76,7711.76,7711.76,0,0.00%,0
"2026-08-28 16:20",7711.76,7711.76,7711.76,7711.76,0,0.00%,0
"2026-08-28 16:37",7711.76,7711.76,7711.76,7711.76,0,0.00%,0
"2026-08-31 09:30",7697.52,7697.52,7688.52,7691.13,-20.63,-0.27%,0
"2026-08-31 09:31",7691.32,7695.17,7690.83,7692.11,0.98,+0.01%,0
"2026-08-31 09:32",7692.05,7693.13,7686.73,7686.73,-5.38,-0.07%,0
"2026-08-31 09:33",7686.36,7687.91,7681,7683.56,-3.17,-0.04%,0
"2026-08-31 09:34",7683.78,7684.04,7681.64,7682.17,-1.39,-0.02%,0
"2026-08-31 09:35",7682.01,7682.01,7675.64,7677.07,-5.1,-0.07%,0
"2026-08-31 09:36",7676.32,7680.72,7675.55,7679.19,2.12,+0.03%,0
"2026-08-31 09:37",7679.84,7681.44,7678.29,7680.79,1.6,+0.02%,0
"2026-08-31 09:38",7681.28,7682.71,7679.53,7680.06,-0.73,-0.01%,0
"2026-08-31 09:39",7680.03,7681.2,7678.62,7680.88,0.82,+0.01%,0
"2026-08-31 09:40",7680.96,7684.32,7679.49,7679.93,-0.95,-0.01%,0
"2026-08-31 09:41",7679.7,7681.52,7678.84,7679.76,-0.17,0.00%,0
"2026-08-31 09:42",7680.04,7681.83,7678.76,7681.6,1.84,+0.02%,0
"2026-08-31 09:43",7681.44,7681.59,7676.92,7677.02,-4.58,-0.06%,0
"2026-08-31 09:44",7676.93,7677.96,7675.69,7675.69,-1.33,-0.02%,0
"2026-08-31 09:45",7676,7679.2,7675.35,7679.2,3.51,+0.05%,0
"2026-08-31 09:46",7679.13,7679.13,7675.38,7676.99,-2.21,-0.03%,0
"2026-08-31 09:47",7676.94,7683.42,7673.34,7682.83,5.84,+0.08%,0
"2026-08-31 09:48",7683.28,7683.67,7680.63,7681.32,-1.51,-0.02%,0
"2026-08-31 09:49",7681.05,7681.73,7677.25,7679.43,-1.89,-0.02%,0
"2026-08-31 09:50",7679.14,7679.98,7677.52,7677.66,-1.77,-0.02%,0
"2026-08-31 09:51",7677.93,7682.18,7676.45,7681.9,4.24,+0.06%,0
"2026-08-31 09:52",7682.06,7682.06,7676.7,7677.07,-4.83,-0.06%,0
"2026-08-31 09:53",7677.05,7680.56,7676.81,7680.52,3.45,+0.04%,0
"2026-08-31 09:54",7680.62,7682.17,7680.02,7682.17,1.65,+0.02%,0
"2026-08-31 09:55",7682.27,7683.95,7680.66,7682.47,0.3,0.00%,0
"2026-08-31 09:56",7682.02,7682.45,7681.15,7681.93,-0.54,-0.01%,0
"2026-08-31 09:57",7681.79,7682.53,7679.38,7680.98,-0.95,-0.01%,0
"2026-08-31 09:58",7681.35,7681.43,7678.36,7680.14,-0.84,-0.01%,0
"2026-08-31 09:59",7679.85,7680.22,7678.12,7679.31,-0.83,-0.01%,0
"2026-08-31 10:00",7679.52,7680.27,7678.11,7678.71,-0.6,-0.01%,0
"2026-08-31 10:01",7678.33,7678.8,7677.31,7677.35,-1.36,-0.02%,0
"2026-08-31 10:02",7677.64,7678.3,7675.47,7676.57,-0.78,-0.01%,0
"2026-08-31 10:03",7676.36,7677.95,7675.43,7675.95,-0.62,-0.01%,0
"2026-08-31 10:04",7675.61,7677.11,7675.33,7675.76,-0.19,0.00%,0
"2026-08-31 10:05",7675.77,7678.42,7674.27,7677.56,1.8,+0.02%,0
"2026-08-31 10:06",7677.33,7677.76,7672.65,7672.8,-4.76,-0.06%,0
"2026-08-31 10:07",7672.83,7675.01,7672.43,7673.53,0.73,+0.01%,0
"2026-08-31 10:08",7673.5,7675.55,7672.73,7675.16,1.63,+0.02%,0
"2026-08-31 10:09",7675.02,7675.71,7672.45,7672.48,-2.68,-0.03%,0
"2026-08-31 10:10",7672.42,7673.03,7671.67,7673.02,0.54,+0.01%,0
"2026-08-31 10:11",7673.24,7675.6,7672.54,7674.2,1.18,+0.02%,0
"2026-08-31 10:12",7673.78,7673.89,7671.82,7673.23,-0.97,-0.01%,0
"2026-08-31 10:13",7673.14,7673.98,7672.24,7673.98,0.75,+0.01%,0
"2026-08-31 10:14",7674.09,7676.67,7673.59,7676.19,2.21,+0.03%,0
"2026-08-31 10:15",7676.28,7676.96,7674.74,7675.36,-0.83,-0.01%,0
"2026-08-31 10:16",7675.31,7676.29,7673.81,7676.23,0.87,+0.01%,0
"2026-08-31 10:17",7676.23,7677.07,7675.05,7676.46,0.23,0.00%,0
"2026-08-31 10:18",7676.47,7678.35,7674.82,7675.13,-1.33,-0.02%,0
"2026-08-31 10:19",7675.38,7677.63,7675.38,7677.25,2.12,+0.03%,0
"2026-08-31 10:20",7677.25,7677.59,7674.75,7675.67,-1.58,-0.02%,0
"2026-08-31 10:21",7675.56,7677.53,7674.97,7676.91,1.24,+0.02%,0
"2026-08-31 10:22",7677.03,7677.33,7674.25,7674.25,-2.66,-0.03%,0
"2026-08-31 10:23",7673.54,7673.54,7670.36,7671.4,-2.85,-0.04%,0
"2026-08-31 10:24",7671.39,7671.41,7668.1,7668.1,-3.3,-0.04%,0
"2026-08-31 10:25",7667.59,7667.59,7665.32,7665.66,-2.44,-0.03%,0
"2026-08-31 10:26",7665.74,7667.09,7665.06,7665.2,-0.46,-0.01%,0
"2026-08-31 10:27",7665.29,7666.61,7665.08,7666.41,1.21,+0.02%,0
"2026-08-31 10:28",7666.32,7668.28,7666.11,7667.71,1.3,+0.02%,0
"2026-08-31 10:29",7667.75,7668.04,7665.86,7667.01,-0.7,-0.01%,0
"2026-08-31 10:30",7666.99,7668.62,7666.11,7668.62,1.61,+0.02%,0
"2026-08-31 10:31",7668.52,7669.12,7666.4,7666.96,-1.66,-0.02%,0
"2026-08-31 10:32",7667.42,7667.58,7666.39,7666.91,-0.05,0.00%,0
"2026-08-31 10:33",7666.99,7668.4,7666.37,7668.15,1.24,+0.02%,0
"2026-08-31 10:34",7668.05,7668.44,7665.81,7666.35,-1.8,-0.02%,0
"2026-08-31 10:35",7666.52,7670.45,7665.89,7670.45,4.1,+0.05%,0
"2026-08-31 10:36",7670.11,7672.98,7670.11,7672.84,2.39,+0.03%,0
"2026-08-31 10:37",7672.85,7675.6,7672.68,7673.2,0.36,0.00%,0
"2026-08-31 10:38",7673.11,7674.42,7672.67,7673.21,0.01,0.00%,0
"2026-08-31 10:39",7673.22,7673.54,7672.68,7673.54,0.33,0.00%,0
"2026-08-31 10:40",7673.51,7675.73,7672.79,7674.92,1.38,+0.02%,0
"2026-08-31 10:41",7674.98,7676.85,7674.07,7676.29,1.37,+0.02%,0
"2026-08-31 10:42",7676.21,7678,7675.87,7677.33,1.04,+0.01%,0
"2026-08-31 10:43",7677.19,7677.46,7676.27,7676.35,-0.98,-0.01%,0
"2026-08-31 10:44",7676.2,7676.33,7674.42,7674.66,-1.69,-0.02%,0
"2026-08-31 10:45",7674.97,7675.44,7673.45,7674.48,-0.18,0.00%,0
"2026-08-31 10:46",7674.31,7675.32,7673.8,7674.5,0.02,0.00%,0
"2026-08-31 10:47",7674.52,7674.59,7672.3,7673.69,-0.81,-0.01%,0
"2026-08-31 10:48",7674.13,7674.87,7673.24,7673.43,-0.26,0.00%,0
"2026-08-31 10:49",7673.4,7673.59,7671.48,7671.73,-1.7,-0.02%,0
"2026-08-31 10:50",7671.76,7673.47,7671.18,7673.32,1.59,+0.02%,0
"2026-08-31 10:51",7673.29,7673.76,7672.58,7673.37,0.05,0.00%,0
"2026-08-31 10:52",7673.4,7673.97,7672.78,7673.81,0.44,+0.01%,0
"2026-08-31 10:53",7673.68,7673.68,7671.96,7672.29,-1.52,-0.02%,0
"2026-08-31 10:54",7672.04,7675.88,7672.04,7675.75,3.46,+0.05%,0
"2026-08-31 10:55",7675.71,7676.2,7674.89,7675.89,0.14,0.00%,0
"2026-08-31 10:56",7675.87,7679.12,7675.76,7678.43,2.54,+0.03%,0
"2026-08-31 10:57",7678.42,7681.61,7678.41,7681.35,2.92,+0.04%,0
"2026-08-31 10:58",7681.45,7681.51,7679.24,7679.32,-2.03,-0.03%,0
"2026-08-31 10:59",7679.28,7679.7,7676.89,7677.51,-1.81,-0.02%,0
"2026-08-31 11:00",7677.62,7681.61,7677.17,7680.29,2.78,+0.04%,0
"2026-08-31 11:01",7680.23,7680.85,7678.57,7678.95,-1.34,-0.02%,0
"2026-08-31 11:02",7678.84,7679.75,7675.22,7675.65,-3.3,-0.04%,0
"2026-08-31 11:03",7675.68,7677.62,7674.87,7677.16,1.51,+0.02%,0
"2026-08-31 11:04",7677.09,7677.44,7674.99,7676.19,-0.97,-0.01%,0
"2026-08-31 11:05",7676.1,7676.64,7675.47,7676.64,0.45,+0.01%,0
"2026-08-31 11:06",7676.7,7679.78,7676.28,7679.71,3.07,+0.04%,0
"2026-08-31 11:07",7679.47,7679.53,7675.66,7675.8,-3.91,-0.05%,0
"2026-08-31 11:08",7675.57,7675.68,7674.18,7674.72,-1.08,-0.01%,0
"2026-08-31 11:09",7674.83,7675.57,7674.24,7674.53,-0.19,0.00%,0
"2026-08-31 11:10",7674.51,7676.72,7674.51,7676.04,1.51,+0.02%,0
"2026-08-31 11:11",7676.08,7676.15,7674.13,7674.17,-1.87,-0.02%,0
"2026-08-31 11:12",7674.04,7676.05,7674.04,7676.03,1.86,+0.02%,0
"2026-08-31 11:13",7676.12,7676.91,7674.56,7674.6,-1.43,-0.02%,0
"2026-08-31 11:14",7674.45,7674.84,7673.47,7674.84,0.24,0.00%,0
"2026-08-31 11:15",7674.99,7676.47,7674.66,7675.18,0.34,0.00%,0
"2026-08-31 11:16",7675.32,7675.32,7673.07,7673.07,-2.11,-0.03%,0
"2026-08-31 11:17",7673.02,7673.23,7671.92,7672.16,-0.91,-0.01%,0
"2026-08-31 11:18",7672.31,7673.23,7672.14,7673.01,0.85,+0.01%,0
"2026-08-31 11:19",7672.97,7675.13,7672.97,7675.11,2.1,+0.03%,0
"2026-08-31 11:20",7675.41,7675.63,7673.72,7675.59,0.48,+0.01%,0
"2026-08-31 11:21",7675.68,7677.83,7675.33,7677.8,2.21,+0.03%,0
"2026-08-31 11:22",7677.96,7678.39,7677.37,7677.52,-0.28,0.00%,0
"2026-08-31 11:23",7677.49,7678.28,7676.93,7677.12,-0.4,-0.01%,0
"2026-08-31 11:24",7677.01,7677.67,7675.46,7677.57,0.45,+0.01%,0
"2026-08-31 11:25",7677.68,7678.94,7676.85,7676.89,-0.68,-0.01%,0
"2026-08-31 11:26",7676.88,7677.48,7676.6,7677.07,0.18,0.00%,0
"2026-08-31 11:27",7677.11,7677.67,7676.19,7677.67,0.6,+0.01%,0
"2026-08-31 11:28",7677.69,7679.48,7677.63,7678.37,0.7,+0.01%,0
"2026-08-31 11:29",7678.49,7678.71,7676.81,7677.04,-1.33,-0.02%,0
"2026-08-31 11:30",7677.21,7677.24,7673.52,7673.87,-3.17,-0.04%,0
"2026-08-31 11:31",7673.69,7673.93,7671.78,7673.3,-0.57,-0.01%,0
"2026-08-31 11:32",7673.49,7675.12,7673.49,7673.74,0.44,+0.01%,0
"2026-08-31 11:33",7673.85,7674.26,7673.06,7674.05,0.31,0.00%,0
"2026-08-31 11:34",7673.64,7675.06,7673.3,7674.87,0.82,+0.01%,0
"2026-08-31 11:35",7674.87,7675.67,7674.56,7675.19,0.32,0.00%,0
"2026-08-31 11:36",7675.17,7675.98,7674.47,7675.65,0.46,+0.01%,0
"2026-08-31 11:37",7675.65,7675.91,7673.94,7674.71,-0.94,-0.01%,0
"2026-08-31 11:38",7674.57,7675.44,7673.13,7673.57,-1.14,-0.01%,0
"2026-08-31 11:39",7673.66,7673.78,7672.21,7673.43,-0.14,0.00%,0
"2026-08-31 11:40",7673.57,7673.64,7672.62,7673.19,-0.24,0.00%,0
"2026-08-31 11:41",7673.2,7673.92,7672.07,7673.92,0.73,+0.01%,0
"2026-08-31 11:42",7673.93,7674.77,7672.93,7674.77,0.85,+0.01%,0
"2026-08-31 11:43",7674.75,7676.24,7673.87,7674.12,-0.65,-0.01%,0
"2026-08-31 11:44",7674.21,7675.98,7673.91,7675.98,1.86,+0.02%,0
"2026-08-31 11:45",7676.11,7677.16,7674.81,7674.91,-1.07,-0.01%,0
"2026-08-31 11:46",7675.16,7677.21,7675.16,7677.11,2.2,+0.03%,0
"2026-08-31 11:47",7676.95,7677.53,7675.42,7675.46,-1.65,-0.02%,0
"2026-08-31 11:48",7675.33,7676.57,7675.33,7676.42,0.96,+0.01%,0
"2026-08-31 11:49",7676.25,7677.34,7675.94,7676.42,0,0.00%,0
"2026-08-31 11:50",7676.43,7678.51,7676.43,7678.48,2.06,+0.03%,0
"2026-08-31 11:51",7678.61,7679.75,7678.23,7679.02,0.54,+0.01%,0
"2026-08-31 11:52",7679.03,7679.17,7678.38,7678.94,-0.08,0.00%,0
"2026-08-31 11:53",7679.07,7680.59,7678.61,7679.25,0.31,0.00%,0
"2026-08-31 11:54",7679.28,7679.48,7678.63,7678.78,-0.47,-0.01%,0
"2026-08-31 11:55",7678.75,7678.99,7676.06,7676.66,-2.12,-0.03%,0
"2026-08-31 11:56",7676.62,7677.24,7675.17,7675.17,-1.49,-0.02%,0
"2026-08-31 11:57",7675.02,7675.39,7674.14,7674.94,-0.23,0.00%,0
"2026-08-31 11:58",7674.84,7674.84,7672.64,7673.58,-1.36,-0.02%,0
"2026-08-31 11:59",7673.59,7673.73,7671.24,7671.5,-2.08,-0.03%,0
"2026-08-31 12:00",7671.68,7671.87,7670.32,7670.65,-0.85,-0.01%,0
"2026-08-31 12:01",7670.53,7670.53,7668.79,7670.36,-0.29,0.00%,0
"2026-08-31 12:02",7670.41,7670.86,7669.7,7670.16,-0.2,0.00%,0
"2026-08-31 12:03",7670.16,7671.2,7670.13,7670.62,0.46,+0.01%,0
"2026-08-31 12:04",7670.53,7670.53,7668.76,7669.28,-1.34,-0.02%,0
"2026-08-31 12:05",7669.21,7669.64,7668.47,7668.52,-0.76,-0.01%,0
"2026-08-31 12:06",7668.59,7669.02,7668.04,7669,0.48,+0.01%,0
"2026-08-31 12:07",7669.09,7669.77,7668.77,7669.23,0.23,0.00%,0
"2026-08-31 12:08",7669.04,7669.55,7668.32,7669.19,-0.04,0.00%,0
"2026-08-31 12:09",7669.32,7669.82,7668.76,7669.56,0.37,0.00%,0
"2026-08-31 12:10",7669.4,7672.19,7668.69,7672.07,2.51,+0.03%,0
"2026-08-31 12:11",7672.15,7674.06,7671.64,7674.06,1.99,+0.03%,0
"2026-08-31 12:12",7673.98,7674.76,7673.64,7673.96,-0.1,0.00%,0
"2026-08-31 12:13",7673.87,7673.87,7672.96,7673.03,-0.93,-0.01%,0
"2026-08-31 12:14",7672.98,7675.12,7672.53,7674.79,1.76,+0.02%,0
"2026-08-31 12:15",7674.8,7675.08,7674.14,7674.21,-0.58,-0.01%,0
"2026-08-31 12:16",7674.09,7674.3,7672.7,7672.88,-1.33,-0.02%,0
"2026-08-31 12:17",7672.92,7672.94,7670.78,7670.95,-1.93,-0.03%,0
"2026-08-31 12:18",7671.09,7671.69,7671.01,7671.4,0.45,+0.01%,0
"2026-08-31 12:19",7671.39,7673.46,7671.13,7673.46,2.06,+0.03%,0
"2026-08-31 12:20",7673.4,7674.45,7673.37,7673.84,0.38,0.00%,0
"2026-08-31 12:21",7673.81,7673.94,7672.82,7673.31,-0.53,-0.01%,0
"2026-08-31 12:22",7673.27,7673.27,7670.82,7671.88,-1.43,-0.02%,0
"2026-08-31 12:23",7671.84,7671.93,7670.95,7671.46,-0.42,-0.01%,0
"2026-08-31 12:24",7671.28,7672.86,7671.22,7671.89,0.43,+0.01%,0
"2026-08-31 12:25",7671.88,7673.11,7671.88,7672.95,1.06,+0.01%,0
"2026-08-31 12:26",7672.9,7674.01,7672.24,7673.97,1.02,+0.01%,0
"2026-08-31 12:27",7674.14,7675.4,7674.05,7675.32,1.35,+0.02%,0
"2026-08-31 12:28",7675.37,7676.18,7674.92,7675.25,-0.07,0.00%,0
"2026-08-31 12:29",7675.38,7676.79,7675.38,7676.68,1.43,+0.02%,0
"2026-08-31 12:30",7676.75,7676.79,7674.01,7675.36,-1.32,-0.02%,0
"2026-08-31 12:31",7675.37,7676.31,7674.25,7674.59,-0.77,-0.01%,0
"2026-08-31 12:32",7674.62,7674.71,7673.77,7674.01,-0.58,-0.01%,0
"2026-08-31 12:33",7674.02,7675.1,7674.02,7674.79,0.78,+0.01%,0
"2026-08-31 12:34",7674.75,7675.9,7674.36,7675.43,0.64,+0.01%,0
"2026-08-31 12:35",7675.42,7676.26,7674.9,7675.15,-0.28,0.00%,0
"2026-08-31 12:36",7675.1,7675.35,7674.5,7675,-0.15,0.00%,0
"2026-08-31 12:37",7675.15,7675.15,7673.73,7673.87,-1.13,-0.01%,0
"2026-08-31 12:38",7673.7,7673.94,7671.52,7671.65,-2.22,-0.03%,0
"2026-08-31 12:39",7671.54,7672,7670.01,7670.01,-1.64,-0.02%,0
"2026-08-31 12:40",7669.91,7670.97,7669.58,7670.96,0.95,+0.01%,0
"2026-08-31 12:41",7671.03,7674.19,7671.03,7674.19,3.23,+0.04%,0
"2026-08-31 12:42",7674.3,7674.66,7673.74,7673.74,-0.45,-0.01%,0
"2026-08-31 12:43",7673.76,7675.08,7673.13,7675.08,1.34,+0.02%,0
"2026-08-31 12:44",7674.95,7675,7671.99,7672.04,-3.04,-0.04%,0
"2026-08-31 12:45",7672.02,7672.86,7671.9,7672.52,0.48,+0.01%,0
"2026-08-31 12:46",7672.38,7672.97,7672.23,7672.35,-0.17,0.00%,0
"2026-08-31 12:47",7672.45,7673.36,7672.39,7673.31,0.96,+0.01%,0
"2026-08-31 12:48",7673.34,7675.23,7673.3,7675.23,1.92,+0.03%,0
"2026-08-31 12:49",7675.29,7676.12,7675.28,7675.38,0.15,0.00%,0
"2026-08-31 12:50",7675.43,7675.99,7674.79,7675.99,0.61,+0.01%,0
"2026-08-31 12:51",7676,7676.63,7676,7676.24,0.25,0.00%,0
"2026-08-31 12:52",7676.42,7677,7676.27,7676.43,0.19,0.00%,0
"2026-08-31 12:53",7676.4,7677.25,7676.31,7676.51,0.08,0.00%,0
"2026-08-31 12:54",7676.43,7676.43,7675.22,7675.66,-0.85,-0.01%,0
"2026-08-31 12:55",7675.55,7676.66,7675.55,7676.53,0.87,+0.01%,0
"2026-08-31 12:56",7676.55,7676.94,7675.75,7676.4,-0.13,0.00%,0
"2026-08-31 12:57",7676.35,7677.2,7676.26,7677.09,0.69,+0.01%,0
"2026-08-31 12:58",7677.08,7677.38,7676.78,7676.89,-0.2,0.00%,0
"2026-08-31 12:59",7676.74,7676.78,7675.66,7676.73,-0.16,0.00%,0
"2026-08-31 13:00",7676.6,7676.6,7675.52,7675.69,-1.04,-0.01%,0
"2026-08-31 13:01",7675.65,7675.89,7674.53,7675.89,0.2,0.00%,0
"2026-08-31 13:02",7675.91,7676.06,7674.52,7675.11,-0.78,-0.01%,0
"2026-08-31 13:03",7675.21,7675.31,7674.43,7674.51,-0.6,-0.01%,0
"2026-08-31 13:04",7674.32,7674.44,7673.54,7674.12,-0.39,-0.01%,0
"2026-08-31 13:05",7674.3,7675.88,7674.3,7674.81,0.69,+0.01%,0
"2026-08-31 13:06",7674.69,7674.91,7673.66,7674.14,-0.67,-0.01%,0
"2026-08-31 13:07",7674.1,7674.58,7673.5,7674.56,0.42,+0.01%,0
"2026-08-31 13:08",7674.47,7675.11,7673.18,7673.34,-1.22,-0.02%,0
"2026-08-31 13:09",7673.39,7674.03,7673.39,7673.77,0.43,+0.01%,0
"2026-08-31 13:10",7673.65,7674.51,7673.58,7674.41,0.64,+0.01%,0
"2026-08-31 13:11",7674.38,7675.42,7674.3,7675.17,0.76,+0.01%,0
"2026-08-31 13:12",7675.25,7676.05,7675.11,7676.03,0.86,+0.01%,0
"2026-08-31 13:13",7676.06,7676.77,7675.9,7676.15,0.12,0.00%,0
"2026-08-31 13:14",7676.08,7676.94,7676.08,7676.94,0.79,+0.01%,0
"2026-08-31 13:15",7676.91,7677.37,7675.79,7677.31,0.37,0.00%,0
"2026-08-31 13:16",7677.28,7678.01,7677.18,7678.01,0.7,+0.01%,0
"2026-08-31 13:17",7677.94,7678.07,7676.91,7676.91,-1.1,-0.01%,0
"2026-08-31 13:18",7676.79,7677.01,7676.09,7676.09,-0.82,-0.01%,0
"2026-08-31 13:19",7676.03,7676.36,7674.9,7676.36,0.27,0.00%,0
"2026-08-31 13:20",7676.24,7676.24,7675.42,7675.58,-0.78,-0.01%,0
"2026-08-31 13:21",7675.7,7676.07,7675.21,7675.39,-0.19,0.00%,0
"2026-08-31 13:22",7675.28,7676.74,7675.22,7676.51,1.12,+0.01%,0
"2026-08-31 13:23",7676.53,7676.9,7676.43,7676.89,0.38,0.00%,0
"2026-08-31 13:24",7676.81,7676.81,7675.82,7675.86,-1.03,-0.01%,0
"2026-08-31 13:25",7675.81,7675.85,7673.3,7673.59,-2.27,-0.03%,0
"2026-08-31 13:26",7673.46,7673.46,7672.74,7672.75,-0.84,-0.01%,0
"2026-08-31 13:27",7672.68,7672.84,7672.27,7672.69,-0.06,0.00%,0
"2026-08-31 13:28",7672.7,7673.12,7672.34,7672.52,-0.17,0.00%,0
"2026-08-31 13:29",7672.46,7672.53,7671.78,7672.39,-0.13,0.00%,0
"2026-08-31 13:30",7672.35,7672.35,7670.34,7670.34,-2.05,-0.03%,0
"2026-08-31 13:31",7670.32,7670.81,7669.77,7670.81,0.47,+0.01%,0
"2026-08-31 13:32",7670.8,7672.08,7670.8,7672.08,1.27,+0.02%,0
"2026-08-31 13:33",7672.09,7672.76,7671.91,7672.76,0.68,+0.01%,0
"2026-08-31 13:34",7672.81,7673.04,7670.93,7670.93,-1.83,-0.02%,0
"2026-08-31 13:35",7670.9,7673.04,7670.9,7672.84,1.91,+0.02%,0
"2026-08-31 13:36",7672.83,7674.59,7672.37,7674.59,1.75,+0.02%,0
"2026-08-31 13:37",7674.61,7675.14,7674.28,7674.92,0.33,0.00%,0
"2026-08-31 13:38",7674.9,7674.9,7673.96,7674.12,-0.8,-0.01%,0
"2026-08-31 13:39",7674.14,7675.79,7674.04,7675.79,1.67,+0.02%,0
"2026-08-31 13:40",7675.82,7676.65,7675.66,7676.62,0.83,+0.01%,0
"2026-08-31 13:41",7676.64,7678.29,7676.64,7678.15,1.53,+0.02%,0
"2026-08-31 13:42",7678.36,7678.79,7677.5,7677.61,-0.54,-0.01%,0
"2026-08-31 13:43",7677.59,7679.42,7677.34,7679.06,1.45,+0.02%,0
"2026-08-31 13:44",7679.08,7679.92,7679,7679.79,0.73,+0.01%,0
"2026-08-31 13:45",7679.96,7680.89,7679.88,7680.06,0.27,0.00%,0
"2026-08-31 13:46",7680.11,7680.27,7679.44,7679.83,-0.23,0.00%,0
"2026-08-31 13:47",7679.93,7680.95,7679.93,7680.78,0.95,+0.01%,0
"2026-08-31 13:48",7680.84,7681.31,7680.65,7680.83,0.05,0.00%,0
"2026-08-31 13:49",7680.97,7681.83,7680.78,7680.78,-0.05,0.00%,0
"2026-08-31 13:50",7680.81,7684.2,7680.77,7683.72,2.94,+0.04%,0
"2026-08-31 13:51",7683.69,7684.62,7683.61,7684.42,0.7,+0.01%,0
"2026-08-31 13:52",7684.43,7684.96,7684.32,7684.33,-0.09,0.00%,0
"2026-08-31 13:53",7684.24,7684.85,7683.84,7684.71,0.38,0.00%,0
"2026-08-31 13:54",7684.72,7685.05,7684.44,7685.02,0.31,0.00%,0
"2026-08-31 13:55",7685.05,7685.34,7684.16,7684.53,-0.49,-0.01%,0
"2026-08-31 13:56",7684.67,7685,7684.18,7684.43,-0.1,0.00%,0
"2026-08-31 13:57",7684.38,7684.44,7681.8,7681.8,-2.63,-0.03%,0
"2026-08-31 13:58",7681.82,7682.01,7681.36,7681.74,-0.06,0.00%,0
"2026-08-31 13:59",7681.76,7682.63,7681.76,7682.57,0.83,+0.01%,0
"2026-08-31 14:00",7682.63,7682.63,7678.79,7679.94,-2.63,-0.03%,0
"2026-08-31 14:01",7679.48,7682.68,7679.48,7682.49,2.55,+0.03%,0
"2026-08-31 14:02",7682.49,7682.7,7681.45,7681.7,-0.79,-0.01%,0
"2026-08-31 14:03",7682.06,7684.2,7681.86,7684.13,2.43,+0.03%,0
"2026-08-31 14:04",7684.22,7684.29,7683.5,7683.8,-0.33,0.00%,0
"2026-08-31 14:05",7683.75,7683.88,7682.27,7682.27,-1.53,-0.02%,0
"2026-08-31 14:06",7681.97,7684.25,7681.97,7684.21,1.94,+0.03%,0
"2026-08-31 14:07",7684.16,7684.24,7683.3,7683.56,-0.65,-0.01%,0
"2026-08-31 14:08",7683.55,7684.55,7683.52,7684.51,0.95,+0.01%,0
"2026-08-31 14:09",7684.55,7684.9,7684.13,7684.16,-0.35,0.00%,0
"2026-08-31 14:10",7684.24,7684.42,7682.91,7683.33,-0.83,-0.01%,0
"2026-08-31 14:11",7683.29,7683.43,7682.32,7683.17,-0.16,0.00%,0
"2026-08-31 14:12",7683.2,7683.53,7682.63,7683.02,-0.15,0.00%,0
"2026-08-31 14:13",7683.06,7683.79,7682.76,7683.07,0.05,0.00%,0
"2026-08-31 14:14",7683.04,7684.72,7682.95,7684.54,1.47,+0.02%,0
"2026-08-31 14:15",7684.56,7685.07,7684.54,7684.65,0.11,0.00%,0
"2026-08-31 14:16",7684.73,7685.51,7683.56,7685.51,0.86,+0.01%,0
"2026-08-31 14:17",7685.34,7685.34,7683.89,7683.91,-1.6,-0.02%,0
"2026-08-31 14:18",7683.93,7684.64,7683.75,7684.57,0.66,+0.01%,0
"2026-08-31 14:19",7684.45,7684.64,7684.01,7684.53,-0.04,0.00%,0
"2026-08-31 14:20",7684.53,7685.73,7684.53,7685.2,0.67,+0.01%,0
"2026-08-31 14:21",7685.17,7685.17,7683.81,7683.81,-1.39,-0.02%,0
"2026-08-31 14:22",7683.79,7683.92,7682.93,7682.99,-0.82,-0.01%,0
"2026-08-31 14:23",7683.13,7684.77,7683.05,7684.61,1.62,+0.02%,0
"2026-08-31 14:24",7684.57,7685.19,7684.09,7684.09,-0.52,-0.01%,0
"2026-08-31 14:25",7684.11,7684.11,7681.94,7682.15,-1.94,-0.03%,0
"2026-08-31 14:26",7682.14,7682.21,7680.54,7680.96,-1.19,-0.02%,0
"2026-08-31 14:27",7681.04,7681.89,7681.04,7681.26,0.3,0.00%,0
"2026-08-31 14:28",7681.37,7682.26,7681.16,7681.71,0.45,+0.01%,0
"2026-08-31 14:29",7681.71,7681.74,7680.71,7680.8,-0.91,-0.01%,0
"2026-08-31 14:30",7680.86,7681.57,7680.34,7681.57,0.77,+0.01%,0
"2026-08-31 14:31",7681.5,7681.5,7679.72,7680.24,-1.33,-0.02%,0
"2026-08-31 14:32",7680.21,7680.25,7679.64,7680.21,-0.03,0.00%,0
"2026-08-31 14:33",7680.28,7680.39,7679.25,7679.25,-0.96,-0.01%,0
"2026-08-31 14:34",7679.2,7679.64,7677.42,7677.51,-1.74,-0.02%,0
"2026-08-31 14:35",7677.6,7678.08,7675.2,7675.2,-2.31,-0.03%,0
"2026-08-31 14:36",7674.97,7675.37,7674.21,7674.36,-0.84,-0.01%,0
"2026-08-31 14:37",7674.71,7675.04,7674.2,7674.2,-0.16,0.00%,0
"2026-08-31 14:38",7674.19,7674.48,7670.82,7671,-3.2,-0.04%,0
"2026-08-31 14:39",7670.96,7672.69,7670.96,7672.14,1.14,+0.01%,0
"2026-08-31 14:40",7672,7672.85,7671.39,7672.85,0.71,+0.01%,0
"2026-08-31 14:41",7672.92,7673.13,7670.53,7670.55,-2.3,-0.03%,0
"2026-08-31 14:42",7670.33,7671.85,7670.09,7671.16,0.61,+0.01%,0
"2026-08-31 14:43",7671.14,7671.14,7668.32,7668.67,-2.49,-0.03%,0
"2026-08-31 14:44",7668.92,7671.62,7668.91,7671.37,2.7,+0.04%,0
"2026-08-31 14:45",7671.43,7671.62,7670.24,7670.42,-0.95,-0.01%,0
"2026-08-31 14:46",7670.38,7670.5,7669.58,7670.5,0.08,0.00%,0
"2026-08-31 14:47",7670.48,7671.03,7670.14,7670.51,0.01,0.00%,0
"2026-08-31 14:48",7670.41,7671.96,7669.89,7671.75,1.24,+0.02%,0
"2026-08-31 14:49",7671.87,7672.15,7671.35,7671.91,0.16,0.00%,0
"2026-08-31 14:50",7671.92,7672.19,7670.25,7670.94,-0.97,-0.01%,0
"2026-08-31 14:51",7670.89,7671.94,7670.31,7671.91,0.97,+0.01%,0
"2026-08-31 14:52",7671.95,7673.01,7671.79,7672.93,1.02,+0.01%,0
"2026-08-31 14:53",7672.89,7674.27,7672.3,7674.02,1.09,+0.01%,0
"2026-08-31 14:54",7674,7674.38,7673.79,7674.27,0.25,0.00%,0
"2026-08-31 14:55",7674.32,7674.32,7673.11,7673.45,-0.82,-0.01%,0
"2026-08-31 14:56",7673.55,7674.87,7673.13,7674.67,1.22,+0.02%,0
"2026-08-31 14:57",7674.66,7675.34,7674.27,7674.56,-0.11,0.00%,0
"2026-08-31 14:58",7674.48,7675.37,7674.43,7675.37,0.81,+0.01%,0
"2026-08-31 14:59",7675.37,7675.98,7674,7674.11,-1.26,-0.02%,0
"2026-08-31 15:00",7674.07,7677.49,7674.07,7676.96,2.85,+0.04%,0
"2026-08-31 15:01",7676.94,7677.3,7675.82,7675.95,-1.01,-0.01%,0
"2026-08-31 15:02",7676.13,7677.23,7676.13,7676.78,0.83,+0.01%,0
"2026-08-31 15:03",7676.72,7676.87,7676.02,7676.3,-0.48,-0.01%,0
"2026-08-31 15:04",7676.33,7676.33,7675.35,7675.54,-0.76,-0.01%,0
"2026-08-31 15:05",7675.59,7676.17,7675.07,7675.61,0.07,0.00%,0
"2026-08-31 15:06",7675.51,7675.51,7674.36,7675.02,-0.59,-0.01%,0
"2026-08-31 15:07",7675.22,7675.97,7675.07,7675.85,0.83,+0.01%,0
"2026-08-31 15:08",7675.86,7676.78,7675.55,7676.62,0.77,+0.01%,0
"2026-08-31 15:09",7676.77,7677.54,7676.74,7677.37,0.75,+0.01%,0
"2026-08-31 15:10",7677.36,7678.56,7677.36,7677.77,0.4,+0.01%,0
"2026-08-31 15:11",7677.71,7678.38,7677.37,7677.57,-0.2,0.00%,0
"2026-08-31 15:12",7677.6,7678.27,7677.27,7677.61,0.04,0.00%,0
"2026-08-31 15:13",7677.55,7677.88,7676.78,7677.78,0.17,0.00%,0
"2026-08-31 15:14",7677.68,7679.42,7677.68,7679.11,1.33,+0.02%,0
"2026-08-31 15:15",7679.02,7679.29,7678.05,7678.18,-0.93,-0.01%,0
"2026-08-31 15:16",7678.25,7679.07,7678.1,7679,0.82,+0.01%,0
"2026-08-31 15:17",7678.92,7679.44,7678.35,7678.35,-0.65,-0.01%,0
"2026-08-31 15:18",7678.31,7678.5,7677.29,7678.23,-0.12,0.00%,0
"2026-08-31 15:19",7678.3,7678.49,7677.61,7677.61,-0.62,-0.01%,0
"2026-08-31 15:20",7677.51,7678.19,7677.42,7677.8,0.19,0.00%,0
"2026-08-31 15:21",7677.81,7678.33,7677.36,7677.44,-0.36,0.00%,0
"2026-08-31 15:22",7677.43,7679.49,7677.2,7679.44,2,+0.03%,0
"2026-08-31 15:23",7679.73,7681.8,7679.7,7680.5,1.06,+0.01%,0
"2026-08-31 15:24",7680.52,7681.61,7680.52,7681.24,0.74,+0.01%,0
"2026-08-31 15:25",7681.23,7681.43,7680.39,7680.7,-0.54,-0.01%,0
"2026-08-31 15:26",7680.56,7681.67,7680.29,7681.57,0.87,+0.01%,0
"2026-08-31 15:27",7681.63,7683.34,7681.26,7683.34,1.77,+0.02%,0
"2026-08-31 15:28",7683.48,7684.58,7683.2,7683.2,-0.14,0.00%,0
"2026-08-31 15:29",7683.2,7683.7,7682.7,7683.6,0.4,+0.01%,0
"2026-08-31 15:30",7683.38,7683.38,7680.93,7681.09,-2.51,-0.03%,0
"2026-08-31 15:31",7681.06,7681.69,7680.04,7680.14,-0.95,-0.01%,0
"2026-08-31 15:32",7680.23,7680.91,7680.19,7680.26,0.12,0.00%,0
"2026-08-31 15:33",7680.29,7680.36,7679.39,7680.36,0.1,0.00%,0
"2026-08-31 15:34",7680.36,7681.72,7679.83,7681.66,1.3,+0.02%,0
"2026-08-31 15:35",7681.77,7682.22,7681.02,7681.82,0.16,0.00%,0
"2026-08-31 15:36",7681.9,7683.33,7681.9,7682.62,0.8,+0.01%,0
"2026-08-31 15:37",7682.43,7683.79,7682.43,7683.47,0.85,+0.01%,0
"2026-08-31 15:38",7683.48,7684.06,7683.28,7683.33,-0.14,0.00%,0
"2026-08-31 15:39",7683.31,7683.89,7683.06,7683.28,-0.05,0.00%,0
"2026-08-31 15:40",7683.3,7684.13,7683.3,7683.43,0.15,0.00%,0
"2026-08-31 15:41",7683.58,7684.66,7683.58,7684.56,1.13,+0.01%,0
"2026-08-31 15:42",7684.64,7687.15,7684.54,7686.34,1.78,+0.02%,0
"2026-08-31 15:43",7686.28,7688.4,7685.96,7688.23,1.89,+0.02%,0
"2026-08-31 15:44",7688.22,7688.79,7687.19,7687.44,-0.79,-0.01%,0
"2026-08-31 15:45",7687.33,7687.77,7686.1,7687.72,0.28,0.00%,0
"2026-08-31 15:46",7687.76,7688.55,7686.42,7687.22,-0.5,-0.01%,0
"2026-08-31 15:47",7687.16,7687.34,7684.73,7684.73,-2.49,-0.03%,0
"2026-08-31 15:48",7684.82,7685.4,7684.02,7684.38,-0.35,0.00%,0
"2026-08-31 15:49",7684.2,7685.46,7683.18,7685.46,1.08,+0.01%,0
"2026-08-31 15:50",7685.44,7693.15,7685.44,7688.59,3.13,+0.04%,0
"2026-08-31 15:51",7688.74,7690.93,7687.18,7690.9,2.31,+0.03%,0
"2026-08-31 15:52",7690.92,7692.53,7690.07,7692.31,1.41,+0.02%,0
"2026-08-31 15:53",7692.37,7692.5,7689.15,7689.88,-2.43,-0.03%,0
"2026-08-31 15:54",7689.78,7691.64,7687.13,7691.26,1.38,+0.02%,0
"2026-08-31 15:55",7691.13,7691.13,7686.31,7687.7,-3.56,-0.05%,0
"2026-08-31 15:56",7687.65,7689.56,7687.65,7689.56,1.86,+0.02%,0
"2026-08-31 15:57",7689.64,7690.76,7688.77,7688.77,-0.79,-0.01%,0
"2026-08-31 15:58",7688.45,7690.72,7688.2,7689.49,0.72,+0.01%,0
"2026-08-31 15:59",7689.69,7696.33,7684.37,7684.37,-5.12,-0.07%,0
"2026-08-31 16:00",7685.43,7686.8,7685.43,7686.38,2.01,+0.03%,0
"2026-08-31 16:01",7686.38,7686.38,7686.38,7686.38,0,0.00%,0
"2026-08-31 16:02",7686.38,7686.38,7686.34,7686.34,-0.04,0.00%,0
"2026-08-31 16:03",7686.34,7686.35,7686.32,7686.32,-0.02,0.00%,0
"2026-08-31 16:04",7686.32,7686.32,7686.13,7686.14,-0.18,0.00%,0
"2026-08-31 16:05",7686.14,7686.14,7686.14,7686.14,0,0.00%,0
"2026-08-31 16:06",7686.14,7686.14,7686.14,7686.14,0,0.00%,0
"2026-08-31 16:07",7686.14,7686.14,7686.14,7686.14,0,0.00%,0
"2026-08-31 16:08",7686.14,7686.14,7686.14,7686.14,0,0.00%,0
"2026-08-31 16:09",7686.14,7686.14,7686.14,7686.14,0,0.00%,0
"2026-08-31 16:10",7686.14,7686.14,7686.14,7686.14,0,0.00%,0
"2026-08-31 16:11",7686.14,7686.14,7686.14,7686.14,0,0.00%,0
"2026-08-31 16:12",7686.14,7686.14,7686.14,7686.14,0,0.00%,0
"2026-08-31 16:13",7686.14,7686.14,7686.14,7686.14,0,0.00%,0
"2026-08-31 16:14",7686.14,7686.14,7686.14,7686.14,0,0.00%,0
"2026-08-31 16:15",7686.14,7686.14,7686.14,7686.14,0,0.00%,0
"2026-08-31 16:16",7686.14,7686.14,7686.14,7686.14,0,0.00%,0
"2026-08-31 16:17",7686.14,7686.14,7686.14,7686.14,0,0.00%,0
"2026-08-31 16:18",7686.14,7686.14,7686.14,7686.14,0,0.00%,0
"2026-08-31 16:19",7686.14,7686.14,7686.14,7686.14,0,0.00%,0
"2026-08-31 16:20",7686.14,7686.14,7686.14,7686.14,0,0.00%,0
"2026-08-31 17:09",7686.14,7686.14,7686.14,7686.14,0,0.00%,0
"Downloaded from Barchart.com as of 09-03-2026 03:23pm CDT"
